foodId,recipeId,recipeName,recipeBasis,ingredientText,ingredientName,amountGrams,nutrientFoodId,nutrientName,kcalPer100g,recipeUrl,nutrientUrl,recipeSha256,checkedAt,recipeComplete,foodReferenceKcal,foodReferenceAmount,foodReferenceUnit
kfind-d501-007000000-0001,RDA-DIET-89289-0,김밥,공식 원문에 제시된 전체 재료량 (인분 수 미확인),"쌀 80g, 김 1.5g, 쇠고기 16g, 깻잎 5g, 단무지 15g, 당근 15g, 오이 13g, 우엉 10g, 치즈 3g, 계란 30g, 식용유 5g (쇠고기양념) 간장 1.6g, 설탕 1g, 다진 마늘 0.5g, 참기름 0.3g, 후춧가루 약간 (밥 양념) 참기름 약간, 소금 약간",당근,15,fdc-reference-170393,"Carrots, raw",41,https://api.nongsaro.go.kr/sample/rest/recomendDiet/recomendDiet.jsp?cntntsNo=89289&tabNo=0,https://fdc.nal.usda.gov/food-details/170393/nutrients,bcc44f9b00b92ed4c4954098d38d1a714a34c57f343cdf48f12163e3d8010897,2026-10-04,false,185,100,ml
kfind-d501-007000000-0001,RDA-DIET-89289-0,김밥,공식 원문에 제시된 전체 재료량 (인분 수 미확인),"쌀 80g, 김 1.5g, 쇠고기 16g, 깻잎 5g, 단무지 15g, 당근 15g, 오이 13g, 우엉 10g, 치즈 3g, 계란 30g, 식용유 5g (쇠고기양념) 간장 1.6g, 설탕 1g, 다진 마늘 0.5g, 참기름 0.3g, 후춧가루 약간 (밥 양념) 참기름 약간, 소금 약간",오이,13,fdc-reference-168409,"Cucumber, with peel, raw",15,https://api.nongsaro.go.kr/sample/rest/recomendDiet/recomendDiet.jsp?cntntsNo=89289&tabNo=0,https://fdc.nal.usda.gov/food-details/168409/nutrients,bcc44f9b00b92ed4c4954098d38d1a714a34c57f343cdf48f12163e3d8010897,2026-10-04,false,185,100,ml
kfind-d501-007000000-0001,RDA-DIET-89289-0,김밥,공식 원문에 제시된 전체 재료량 (인분 수 미확인),"쌀 80g, 김 1.5g, 쇠고기 16g, 깻잎 5g, 단무지 15g, 당근 15g, 오이 13g, 우엉 10g, 치즈 3g, 계란 30g, 식용유 5g (쇠고기양념) 간장 1.6g, 설탕 1g, 다진 마늘 0.5g, 참기름 0.3g, 후춧가루 약간 (밥 양념) 참기름 약간, 소금 약간",설탕,1,fdc-reference-169655,"Sugars, granulated",387,https://api.nongsaro.go.kr/sample/rest/recomendDiet/recomendDiet.jsp?cntntsNo=89289&tabNo=0,https://fdc.nal.usda.gov/food-details/169655/nutrients,bcc44f9b00b92ed4c4954098d38d1a714a34c57f343cdf48f12163e3d8010897,2026-10-04,false,185,100,ml
kfind-d501-007000000-0001,RDA-DIET-89289-0,김밥,공식 원문에 제시된 전체 재료량 (인분 수 미확인),"쌀 80g, 김 1.5g, 쇠고기 16g, 깻잎 5g, 단무지 15g, 당근 15g, 오이 13g, 우엉 10g, 치즈 3g, 계란 30g, 식용유 5g (쇠고기양념) 간장 1.6g, 설탕 1g, 다진 마늘 0.5g, 참기름 0.3g, 후춧가루 약간 (밥 양념) 참기름 약간, 소금 약간",다진 마늘,0.5,fdc-reference-169230,"Garlic, raw",149,https://api.nongsaro.go.kr/sample/rest/recomendDiet/recomendDiet.jsp?cntntsNo=89289&tabNo=0,https://fdc.nal.usda.gov/food-details/169230/nutrients,bcc44f9b00b92ed4c4954098d38d1a714a34c57f343cdf48f12163e3d8010897,2026-10-04,false,185,100,ml
kfind-d701-007000000-0001,RDA-DIET-89289-0,김밥,공식 원문에 제시된 전체 재료량 (인분 수 미확인),"쌀 80g, 김 1.5g, 쇠고기 16g, 깻잎 5g, 단무지 15g, 당근 15g, 오이 13g, 우엉 10g, 치즈 3g, 계란 30g, 식용유 5g (쇠고기양념) 간장 1.6g, 설탕 1g, 다진 마늘 0.5g, 참기름 0.3g, 후춧가루 약간 (밥 양념) 참기름 약간, 소금 약간",당근,15,fdc-reference-170393,"Carrots, raw",41,https://api.nongsaro.go.kr/sample/rest/recomendDiet/recomendDiet.jsp?cntntsNo=89289&tabNo=0,https://fdc.nal.usda.gov/food-details/170393/nutrients,bcc44f9b00b92ed4c4954098d38d1a714a34c57f343cdf48f12163e3d8010897,2026-10-04,false,157,100,ml
kfind-d701-007000000-0001,RDA-DIET-89289-0,김밥,공식 원문에 제시된 전체 재료량 (인분 수 미확인),"쌀 80g, 김 1.5g, 쇠고기 16g, 깻잎 5g, 단무지 15g, 당근 15g, 오이 13g, 우엉 10g, 치즈 3g, 계란 30g, 식용유 5g (쇠고기양념) 간장 1.6g, 설탕 1g, 다진 마늘 0.5g, 참기름 0.3g, 후춧가루 약간 (밥 양념) 참기름 약간, 소금 약간",오이,13,fdc-reference-168409,"Cucumber, with peel, raw",15,https://api.nongsaro.go.kr/sample/rest/recomendDiet/recomendDiet.jsp?cntntsNo=89289&tabNo=0,https://fdc.nal.usda.gov/food-details/168409/nutrients,bcc44f9b00b92ed4c4954098d38d1a714a34c57f343cdf48f12163e3d8010897,2026-10-04,false,157,100,ml
kfind-d701-007000000-0001,RDA-DIET-89289-0,김밥,공식 원문에 제시된 전체 재료량 (인분 수 미확인),"쌀 80g, 김 1.5g, 쇠고기 16g, 깻잎 5g, 단무지 15g, 당근 15g, 오이 13g, 우엉 10g, 치즈 3g, 계란 30g, 식용유 5g (쇠고기양념) 간장 1.6g, 설탕 1g, 다진 마늘 0.5g, 참기름 0.3g, 후춧가루 약간 (밥 양념) 참기름 약간, 소금 약간",설탕,1,fdc-reference-169655,"Sugars, granulated",387,https://api.nongsaro.go.kr/sample/rest/recomendDiet/recomendDiet.jsp?cntntsNo=89289&tabNo=0,https://fdc.nal.usda.gov/food-details/169655/nutrients,bcc44f9b00b92ed4c4954098d38d1a714a34c57f343cdf48f12163e3d8010897,2026-10-04,false,157,100,ml
kfind-d701-007000000-0001,RDA-DIET-89289-0,김밥,공식 원문에 제시된 전체 재료량 (인분 수 미확인),"쌀 80g, 김 1.5g, 쇠고기 16g, 깻잎 5g, 단무지 15g, 당근 15g, 오이 13g, 우엉 10g, 치즈 3g, 계란 30g, 식용유 5g (쇠고기양념) 간장 1.6g, 설탕 1g, 다진 마늘 0.5g, 참기름 0.3g, 후춧가루 약간 (밥 양념) 참기름 약간, 소금 약간",다진 마늘,0.5,fdc-reference-169230,"Garlic, raw",149,https://api.nongsaro.go.kr/sample/rest/recomendDiet/recomendDiet.jsp?cntntsNo=89289&tabNo=0,https://fdc.nal.usda.gov/food-details/169230/nutrients,bcc44f9b00b92ed4c4954098d38d1a714a34c57f343cdf48f12163e3d8010897,2026-10-04,false,157,100,ml
kfind-d101-007000000-0001,RDA-DIET-89289-0,김밥,공식 원문에 제시된 전체 재료량 (인분 수 미확인),"쌀 80g, 김 1.5g, 쇠고기 16g, 깻잎 5g, 단무지 15g, 당근 15g, 오이 13g, 우엉 10g, 치즈 3g, 계란 30g, 식용유 5g (쇠고기양념) 간장 1.6g, 설탕 1g, 다진 마늘 0.5g, 참기름 0.3g, 후춧가루 약간 (밥 양념) 참기름 약간, 소금 약간",당근,15,fdc-reference-170393,"Carrots, raw",41,https://api.nongsaro.go.kr/sample/rest/recomendDiet/recomendDiet.jsp?cntntsNo=89289&tabNo=0,https://fdc.nal.usda.gov/food-details/170393/nutrients,bcc44f9b00b92ed4c4954098d38d1a714a34c57f343cdf48f12163e3d8010897,2026-10-04,false,140,100,g
kfind-d101-007000000-0001,RDA-DIET-89289-0,김밥,공식 원문에 제시된 전체 재료량 (인분 수 미확인),"쌀 80g, 김 1.5g, 쇠고기 16g, 깻잎 5g, 단무지 15g, 당근 15g, 오이 13g, 우엉 10g, 치즈 3g, 계란 30g, 식용유 5g (쇠고기양념) 간장 1.6g, 설탕 1g, 다진 마늘 0.5g, 참기름 0.3g, 후춧가루 약간 (밥 양념) 참기름 약간, 소금 약간",오이,13,fdc-reference-168409,"Cucumber, with peel, raw",15,https://api.nongsaro.go.kr/sample/rest/recomendDiet/recomendDiet.jsp?cntntsNo=89289&tabNo=0,https://fdc.nal.usda.gov/food-details/168409/nutrients,bcc44f9b00b92ed4c4954098d38d1a714a34c57f343cdf48f12163e3d8010897,2026-10-04,false,140,100,g
kfind-d101-007000000-0001,RDA-DIET-89289-0,김밥,공식 원문에 제시된 전체 재료량 (인분 수 미확인),"쌀 80g, 김 1.5g, 쇠고기 16g, 깻잎 5g, 단무지 15g, 당근 15g, 오이 13g, 우엉 10g, 치즈 3g, 계란 30g, 식용유 5g (쇠고기양념) 간장 1.6g, 설탕 1g, 다진 마늘 0.5g, 참기름 0.3g, 후춧가루 약간 (밥 양념) 참기름 약간, 소금 약간",설탕,1,fdc-reference-169655,"Sugars, granulated",387,https://api.nongsaro.go.kr/sample/rest/recomendDiet/recomendDiet.jsp?cntntsNo=89289&tabNo=0,https://fdc.nal.usda.gov/food-details/169655/nutrients,bcc44f9b00b92ed4c4954098d38d1a714a34c57f343cdf48f12163e3d8010897,2026-10-04,false,140,100,g
kfind-d101-007000000-0001,RDA-DIET-89289-0,김밥,공식 원문에 제시된 전체 재료량 (인분 수 미확인),"쌀 80g, 김 1.5g, 쇠고기 16g, 깻잎 5g, 단무지 15g, 당근 15g, 오이 13g, 우엉 10g, 치즈 3g, 계란 30g, 식용유 5g (쇠고기양념) 간장 1.6g, 설탕 1g, 다진 마늘 0.5g, 참기름 0.3g, 후춧가루 약간 (밥 양념) 참기름 약간, 소금 약간",다진 마늘,0.5,fdc-reference-169230,"Garlic, raw",149,https://api.nongsaro.go.kr/sample/rest/recomendDiet/recomendDiet.jsp?cntntsNo=89289&tabNo=0,https://fdc.nal.usda.gov/food-details/169230/nutrients,bcc44f9b00b92ed4c4954098d38d1a714a34c57f343cdf48f12163e3d8010897,2026-10-04,false,140,100,g
kfind-d301-002000000-0001,RDA-DIET-89332-3,곤드레나물밥,공식 원문에 제시된 전체 재료량 (인분 수 미확인),"곤드레나물(말린 것) 10g, 백미 60g, 현미 30g, 참기름 2g, 소금 1.5g",소금,1.5,fdc-reference-173468,"Salt, table",0,https://api.nongsaro.go.kr/sample/rest/recomendDiet/recomendDiet.jsp?cntntsNo=89332&tabNo=3,https://fdc.nal.usda.gov/food-details/173468/nutrients,4655bcc805eb3dbf6e7ba99bfa7542fffab1816cfd2963135e87e3ad86cc9a3b,2026-10-04,false,149,100,g
kfind-d408-352000000-0001,RDA-DIET-89386-0,가자미구이,공식 원문에 제시된 전체 재료량 (인분 수 미확인),"가자미 80g, 소금 약간, 후춧가루 약간, 올리브유 3g (간장소스) 간장 5g, 올리고당 4g, 생강즙 2g, 참기름 1g",올리브유,3,fdc-reference-171413,"Oil, olive, salad or cooking",884,https://api.nongsaro.go.kr/sample/rest/recomendDiet/recomendDiet.jsp?cntntsNo=89386&tabNo=0,https://fdc.nal.usda.gov/food-details/171413/nutrients,178b4ee080c778b2bfc32d0d040067a5b511e459af22574501fd7f45c18a77ad,2026-10-04,false,108,100,ml
kfind-d508-352000000-0001,RDA-DIET-89386-0,가자미구이,공식 원문에 제시된 전체 재료량 (인분 수 미확인),"가자미 80g, 소금 약간, 후춧가루 약간, 올리브유 3g (간장소스) 간장 5g, 올리고당 4g, 생강즙 2g, 참기름 1g",올리브유,3,fdc-reference-171413,"Oil, olive, salad or cooking",884,https://api.nongsaro.go.kr/sample/rest/recomendDiet/recomendDiet.jsp?cntntsNo=89386&tabNo=0,https://fdc.nal.usda.gov/food-details/171413/nutrients,178b4ee080c778b2bfc32d0d040067a5b511e459af22574501fd7f45c18a77ad,2026-10-04,false,222,100,ml
kfind-d708-352000000-0001,RDA-DIET-89386-0,가자미구이,공식 원문에 제시된 전체 재료량 (인분 수 미확인),"가자미 80g, 소금 약간, 후춧가루 약간, 올리브유 3g (간장소스) 간장 5g, 올리고당 4g, 생강즙 2g, 참기름 1g",올리브유,3,fdc-reference-171413,"Oil, olive, salad or cooking",884,https://api.nongsaro.go.kr/sample/rest/recomendDiet/recomendDiet.jsp?cntntsNo=89386&tabNo=0,https://fdc.nal.usda.gov/food-details/171413/nutrients,178b4ee080c778b2bfc32d0d040067a5b511e459af22574501fd7f45c18a77ad,2026-10-04,false,150,100,ml
kfind-d308-352000000-0001,RDA-DIET-89386-0,가자미구이,공식 원문에 제시된 전체 재료량 (인분 수 미확인),"가자미 80g, 소금 약간, 후춧가루 약간, 올리브유 3g (간장소스) 간장 5g, 올리고당 4g, 생강즙 2g, 참기름 1g",올리브유,3,fdc-reference-171413,"Oil, olive, salad or cooking",884,https://api.nongsaro.go.kr/sample/rest/recomendDiet/recomendDiet.jsp?cntntsNo=89386&tabNo=0,https://fdc.nal.usda.gov/food-details/171413/nutrients,178b4ee080c778b2bfc32d0d040067a5b511e459af22574501fd7f45c18a77ad,2026-10-04,false,151,100,g
kfind-d108-352000000-0001,RDA-DIET-89386-0,가자미구이,공식 원문에 제시된 전체 재료량 (인분 수 미확인),"가자미 80g, 소금 약간, 후춧가루 약간, 올리브유 3g (간장소스) 간장 5g, 올리고당 4g, 생강즙 2g, 참기름 1g",올리브유,3,fdc-reference-171413,"Oil, olive, salad or cooking",884,https://api.nongsaro.go.kr/sample/rest/recomendDiet/recomendDiet.jsp?cntntsNo=89386&tabNo=0,https://fdc.nal.usda.gov/food-details/171413/nutrients,178b4ee080c778b2bfc32d0d040067a5b511e459af22574501fd7f45c18a77ad,2026-10-04,false,123,100,g
kfind-d608-352000000-0001,RDA-DIET-89386-0,가자미구이,공식 원문에 제시된 전체 재료량 (인분 수 미확인),"가자미 80g, 소금 약간, 후춧가루 약간, 올리브유 3g (간장소스) 간장 5g, 올리고당 4g, 생강즙 2g, 참기름 1g",올리브유,3,fdc-reference-171413,"Oil, olive, salad or cooking",884,https://api.nongsaro.go.kr/sample/rest/recomendDiet/recomendDiet.jsp?cntntsNo=89386&tabNo=0,https://fdc.nal.usda.gov/food-details/171413/nutrients,178b4ee080c778b2bfc32d0d040067a5b511e459af22574501fd7f45c18a77ad,2026-10-04,false,127,100,ml
kfind-d301-015000000-0001,RDA-DIET-89406-0,묵밥,공식 원문에 제시된 전체 재료량 (인분 수 미확인),"<육수>다시마3(g), 멸치5(g), 양파15(g), 대파10(g), 통마늘8(g), 무25(g), 식초2(g), 설탕2(g), 다진마늘2(g), 연겨자약간, 소금약간",양파,15,fdc-reference-170000,"Onions, raw",40,https://api.nongsaro.go.kr/sample/rest/recomendDiet/recomendDiet.jsp?cntntsNo=89406&tabNo=0,https://fdc.nal.usda.gov/food-details/170000/nutrients,1e53855318da12ea8a9ffebd854864d0c941b114c5e4c6830df9dc35926d1b7f,2026-10-04,false,68,100,g
kfind-d301-015000000-0001,RDA-DIET-89406-0,묵밥,공식 원문에 제시된 전체 재료량 (인분 수 미확인),"<육수>다시마3(g), 멸치5(g), 양파15(g), 대파10(g), 통마늘8(g), 무25(g), 식초2(g), 설탕2(g), 다진마늘2(g), 연겨자약간, 소금약간",통마늘,10,fdc-reference-169230,"Garlic, raw",149,https://api.nongsaro.go.kr/sample/rest/recomendDiet/recomendDiet.jsp?cntntsNo=89406&tabNo=0,https://fdc.nal.usda.gov/food-details/169230/nutrients,1e53855318da12ea8a9ffebd854864d0c941b114c5e4c6830df9dc35926d1b7f,2026-10-04,false,68,100,g
kfind-d301-015000000-0001,RDA-DIET-89406-0,묵밥,공식 원문에 제시된 전체 재료량 (인분 수 미확인),"<육수>다시마3(g), 멸치5(g), 양파15(g), 대파10(g), 통마늘8(g), 무25(g), 식초2(g), 설탕2(g), 다진마늘2(g), 연겨자약간, 소금약간",설탕,2,fdc-reference-169655,"Sugars, granulated",387,https://api.nongsaro.go.kr/sample/rest/recomendDiet/recomendDiet.jsp?cntntsNo=89406&tabNo=0,https://fdc.nal.usda.gov/food-details/169655/nutrients,1e53855318da12ea8a9ffebd854864d0c941b114c5e4c6830df9dc35926d1b7f,2026-10-04,false,68,100,g
kfind-d501-015000000-0001,RDA-DIET-89406-0,묵밥,공식 원문에 제시된 전체 재료량 (인분 수 미확인),"<육수>다시마3(g), 멸치5(g), 양파15(g), 대파10(g), 통마늘8(g), 무25(g), 식초2(g), 설탕2(g), 다진마늘2(g), 연겨자약간, 소금약간",양파,15,fdc-reference-170000,"Onions, raw",40,https://api.nongsaro.go.kr/sample/rest/recomendDiet/recomendDiet.jsp?cntntsNo=89406&tabNo=0,https://fdc.nal.usda.gov/food-details/170000/nutrients,1e53855318da12ea8a9ffebd854864d0c941b114c5e4c6830df9dc35926d1b7f,2026-10-04,false,69,100,ml
kfind-d501-015000000-0001,RDA-DIET-89406-0,묵밥,공식 원문에 제시된 전체 재료량 (인분 수 미확인),"<육수>다시마3(g), 멸치5(g), 양파15(g), 대파10(g), 통마늘8(g), 무25(g), 식초2(g), 설탕2(g), 다진마늘2(g), 연겨자약간, 소금약간",통마늘,10,fdc-reference-169230,"Garlic, raw",149,https://api.nongsaro.go.kr/sample/rest/recomendDiet/recomendDiet.jsp?cntntsNo=89406&tabNo=0,https://fdc.nal.usda.gov/food-details/169230/nutrients,1e53855318da12ea8a9ffebd854864d0c941b114c5e4c6830df9dc35926d1b7f,2026-10-04,false,69,100,ml
kfind-d501-015000000-0001,RDA-DIET-89406-0,묵밥,공식 원문에 제시된 전체 재료량 (인분 수 미확인),"<육수>다시마3(g), 멸치5(g), 양파15(g), 대파10(g), 통마늘8(g), 무25(g), 식초2(g), 설탕2(g), 다진마늘2(g), 연겨자약간, 소금약간",설탕,2,fdc-reference-169655,"Sugars, granulated",387,https://api.nongsaro.go.kr/sample/rest/recomendDiet/recomendDiet.jsp?cntntsNo=89406&tabNo=0,https://fdc.nal.usda.gov/food-details/169655/nutrients,1e53855318da12ea8a9ffebd854864d0c941b114c5e4c6830df9dc35926d1b7f,2026-10-04,false,69,100,ml
kfind-d401-015000000-0001,RDA-DIET-89406-0,묵밥,공식 원문에 제시된 전체 재료량 (인분 수 미확인),"<육수>다시마3(g), 멸치5(g), 양파15(g), 대파10(g), 통마늘8(g), 무25(g), 식초2(g), 설탕2(g), 다진마늘2(g), 연겨자약간, 소금약간",양파,15,fdc-reference-170000,"Onions, raw",40,https://api.nongsaro.go.kr/sample/rest/recomendDiet/recomendDiet.jsp?cntntsNo=89406&tabNo=0,https://fdc.nal.usda.gov/food-details/170000/nutrients,1e53855318da12ea8a9ffebd854864d0c941b114c5e4c6830df9dc35926d1b7f,2026-10-04,false,70,100,ml
kfind-d401-015000000-0001,RDA-DIET-89406-0,묵밥,공식 원문에 제시된 전체 재료량 (인분 수 미확인),"<육수>다시마3(g), 멸치5(g), 양파15(g), 대파10(g), 통마늘8(g), 무25(g), 식초2(g), 설탕2(g), 다진마늘2(g), 연겨자약간, 소금약간",통마늘,10,fdc-reference-169230,"Garlic, raw",149,https://api.nongsaro.go.kr/sample/rest/recomendDiet/recomendDiet.jsp?cntntsNo=89406&tabNo=0,https://fdc.nal.usda.gov/food-details/169230/nutrients,1e53855318da12ea8a9ffebd854864d0c941b114c5e4c6830df9dc35926d1b7f,2026-10-04,false,70,100,ml
kfind-d401-015000000-0001,RDA-DIET-89406-0,묵밥,공식 원문에 제시된 전체 재료량 (인분 수 미확인),"<육수>다시마3(g), 멸치5(g), 양파15(g), 대파10(g), 통마늘8(g), 무25(g), 식초2(g), 설탕2(g), 다진마늘2(g), 연겨자약간, 소금약간",설탕,2,fdc-reference-169655,"Sugars, granulated",387,https://api.nongsaro.go.kr/sample/rest/recomendDiet/recomendDiet.jsp?cntntsNo=89406&tabNo=0,https://fdc.nal.usda.gov/food-details/169655/nutrients,1e53855318da12ea8a9ffebd854864d0c941b114c5e4c6830df9dc35926d1b7f,2026-10-04,false,70,100,ml
kfind-d701-015000000-0001,RDA-DIET-89406-0,묵밥,공식 원문에 제시된 전체 재료량 (인분 수 미확인),"<육수>다시마3(g), 멸치5(g), 양파15(g), 대파10(g), 통마늘8(g), 무25(g), 식초2(g), 설탕2(g), 다진마늘2(g), 연겨자약간, 소금약간",양파,15,fdc-reference-170000,"Onions, raw",40,https://api.nongsaro.go.kr/sample/rest/recomendDiet/recomendDiet.jsp?cntntsNo=89406&tabNo=0,https://fdc.nal.usda.gov/food-details/170000/nutrients,1e53855318da12ea8a9ffebd854864d0c941b114c5e4c6830df9dc35926d1b7f,2026-10-04,false,70,100,ml
kfind-d701-015000000-0001,RDA-DIET-89406-0,묵밥,공식 원문에 제시된 전체 재료량 (인분 수 미확인),"<육수>다시마3(g), 멸치5(g), 양파15(g), 대파10(g), 통마늘8(g), 무25(g), 식초2(g), 설탕2(g), 다진마늘2(g), 연겨자약간, 소금약간",통마늘,10,fdc-reference-169230,"Garlic, raw",149,https://api.nongsaro.go.kr/sample/rest/recomendDiet/recomendDiet.jsp?cntntsNo=89406&tabNo=0,https://fdc.nal.usda.gov/food-details/169230/nutrients,1e53855318da12ea8a9ffebd854864d0c941b114c5e4c6830df9dc35926d1b7f,2026-10-04,false,70,100,ml
kfind-d701-015000000-0001,RDA-DIET-89406-0,묵밥,공식 원문에 제시된 전체 재료량 (인분 수 미확인),"<육수>다시마3(g), 멸치5(g), 양파15(g), 대파10(g), 통마늘8(g), 무25(g), 식초2(g), 설탕2(g), 다진마늘2(g), 연겨자약간, 소금약간",설탕,2,fdc-reference-169655,"Sugars, granulated",387,https://api.nongsaro.go.kr/sample/rest/recomendDiet/recomendDiet.jsp?cntntsNo=89406&tabNo=0,https://fdc.nal.usda.gov/food-details/169655/nutrients,1e53855318da12ea8a9ffebd854864d0c941b114c5e4c6830df9dc35926d1b7f,2026-10-04,false,70,100,ml
kfind-d303-146000000-0001,RDA-DIET-89419-0,떡만두국,공식 원문에 제시된 전체 재료량 (인분 수 미확인),"가래떡 99.6(g), 냉동만두 91.7(g), 달걀 7.7(g), 쇠고기(양지) 5.5(g), 양파 5.3(g), 파 4.1(g), 간장 3.1(g), 마늘 1.7(g), 소금 0.9(g), 참기름 0.8(g), 분말조미료(멸치) 0.6(g), 김 0.2(g)",양파,5.3,fdc-reference-170000,"Onions, raw",40,https://api.nongsaro.go.kr/sample/rest/recomendDiet/recomendDiet.jsp?cntntsNo=89419&tabNo=0,https://fdc.nal.usda.gov/food-details/170000/nutrients,89f4a07f86c9edc2cd99f3088f3848e632d90fbd16c1693a6307938e69c0e021,2026-10-04,false,89,100,g
kfind-d303-146000000-0001,RDA-DIET-89419-0,떡만두국,공식 원문에 제시된 전체 재료량 (인분 수 미확인),"가래떡 99.6(g), 냉동만두 91.7(g), 달걀 7.7(g), 쇠고기(양지) 5.5(g), 양파 5.3(g), 파 4.1(g), 간장 3.1(g), 마늘 1.7(g), 소금 0.9(g), 참기름 0.8(g), 분말조미료(멸치) 0.6(g), 김 0.2(g)",마늘,1.7,fdc-reference-169230,"Garlic, raw",149,https://api.nongsaro.go.kr/sample/rest/recomendDiet/recomendDiet.jsp?cntntsNo=89419&tabNo=0,https://fdc.nal.usda.gov/food-details/169230/nutrients,89f4a07f86c9edc2cd99f3088f3848e632d90fbd16c1693a6307938e69c0e021,2026-10-04,false,89,100,g
kfind-d303-146000000-0001,RDA-DIET-89419-0,떡만두국,공식 원문에 제시된 전체 재료량 (인분 수 미확인),"가래떡 99.6(g), 냉동만두 91.7(g), 달걀 7.7(g), 쇠고기(양지) 5.5(g), 양파 5.3(g), 파 4.1(g), 간장 3.1(g), 마늘 1.7(g), 소금 0.9(g), 참기름 0.8(g), 분말조미료(멸치) 0.6(g), 김 0.2(g)",소금,0.9,fdc-reference-173468,"Salt, table",0,https://api.nongsaro.go.kr/sample/rest/recomendDiet/recomendDiet.jsp?cntntsNo=89419&tabNo=0,https://fdc.nal.usda.gov/food-details/173468/nutrients,89f4a07f86c9edc2cd99f3088f3848e632d90fbd16c1693a6307938e69c0e021,2026-10-04,false,89,100,g
kfind-d103-146000000-0001,RDA-DIET-89419-0,떡만두국,공식 원문에 제시된 전체 재료량 (인분 수 미확인),"가래떡 99.6(g), 냉동만두 91.7(g), 달걀 7.7(g), 쇠고기(양지) 5.5(g), 양파 5.3(g), 파 4.1(g), 간장 3.1(g), 마늘 1.7(g), 소금 0.9(g), 참기름 0.8(g), 분말조미료(멸치) 0.6(g), 김 0.2(g)",양파,5.3,fdc-reference-170000,"Onions, raw",40,https://api.nongsaro.go.kr/sample/rest/recomendDiet/recomendDiet.jsp?cntntsNo=89419&tabNo=0,https://fdc.nal.usda.gov/food-details/170000/nutrients,89f4a07f86c9edc2cd99f3088f3848e632d90fbd16c1693a6307938e69c0e021,2026-10-04,false,111,100,g
kfind-d103-146000000-0001,RDA-DIET-89419-0,떡만두국,공식 원문에 제시된 전체 재료량 (인분 수 미확인),"가래떡 99.6(g), 냉동만두 91.7(g), 달걀 7.7(g), 쇠고기(양지) 5.5(g), 양파 5.3(g), 파 4.1(g), 간장 3.1(g), 마늘 1.7(g), 소금 0.9(g), 참기름 0.8(g), 분말조미료(멸치) 0.6(g), 김 0.2(g)",마늘,1.7,fdc-reference-169230,"Garlic, raw",149,https://api.nongsaro.go.kr/sample/rest/recomendDiet/recomendDiet.jsp?cntntsNo=89419&tabNo=0,https://fdc.nal.usda.gov/food-details/169230/nutrients,89f4a07f86c9edc2cd99f3088f3848e632d90fbd16c1693a6307938e69c0e021,2026-10-04,false,111,100,g
kfind-d103-146000000-0001,RDA-DIET-89419-0,떡만두국,공식 원문에 제시된 전체 재료량 (인분 수 미확인),"가래떡 99.6(g), 냉동만두 91.7(g), 달걀 7.7(g), 쇠고기(양지) 5.5(g), 양파 5.3(g), 파 4.1(g), 간장 3.1(g), 마늘 1.7(g), 소금 0.9(g), 참기름 0.8(g), 분말조미료(멸치) 0.6(g), 김 0.2(g)",소금,0.9,fdc-reference-173468,"Salt, table",0,https://api.nongsaro.go.kr/sample/rest/recomendDiet/recomendDiet.jsp?cntntsNo=89419&tabNo=0,https://fdc.nal.usda.gov/food-details/173468/nutrients,89f4a07f86c9edc2cd99f3088f3848e632d90fbd16c1693a6307938e69c0e021,2026-10-04,false,111,100,g
kfind-d603-146000000-0001,RDA-DIET-89419-0,떡만두국,공식 원문에 제시된 전체 재료량 (인분 수 미확인),"가래떡 99.6(g), 냉동만두 91.7(g), 달걀 7.7(g), 쇠고기(양지) 5.5(g), 양파 5.3(g), 파 4.1(g), 간장 3.1(g), 마늘 1.7(g), 소금 0.9(g), 참기름 0.8(g), 분말조미료(멸치) 0.6(g), 김 0.2(g)",양파,5.3,fdc-reference-170000,"Onions, raw",40,https://api.nongsaro.go.kr/sample/rest/recomendDiet/recomendDiet.jsp?cntntsNo=89419&tabNo=0,https://fdc.nal.usda.gov/food-details/170000/nutrients,89f4a07f86c9edc2cd99f3088f3848e632d90fbd16c1693a6307938e69c0e021,2026-10-04,false,86,100,ml
kfind-d603-146000000-0001,RDA-DIET-89419-0,떡만두국,공식 원문에 제시된 전체 재료량 (인분 수 미확인),"가래떡 99.6(g), 냉동만두 91.7(g), 달걀 7.7(g), 쇠고기(양지) 5.5(g), 양파 5.3(g), 파 4.1(g), 간장 3.1(g), 마늘 1.7(g), 소금 0.9(g), 참기름 0.8(g), 분말조미료(멸치) 0.6(g), 김 0.2(g)",마늘,1.7,fdc-reference-169230,"Garlic, raw",149,https://api.nongsaro.go.kr/sample/rest/recomendDiet/recomendDiet.jsp?cntntsNo=89419&tabNo=0,https://fdc.nal.usda.gov/food-details/169230/nutrients,89f4a07f86c9edc2cd99f3088f3848e632d90fbd16c1693a6307938e69c0e021,2026-10-04,false,86,100,ml
kfind-d603-146000000-0001,RDA-DIET-89419-0,떡만두국,공식 원문에 제시된 전체 재료량 (인분 수 미확인),"가래떡 99.6(g), 냉동만두 91.7(g), 달걀 7.7(g), 쇠고기(양지) 5.5(g), 양파 5.3(g), 파 4.1(g), 간장 3.1(g), 마늘 1.7(g), 소금 0.9(g), 참기름 0.8(g), 분말조미료(멸치) 0.6(g), 김 0.2(g)",소금,0.9,fdc-reference-173468,"Salt, table",0,https://api.nongsaro.go.kr/sample/rest/recomendDiet/recomendDiet.jsp?cntntsNo=89419&tabNo=0,https://fdc.nal.usda.gov/food-details/173468/nutrients,89f4a07f86c9edc2cd99f3088f3848e632d90fbd16c1693a6307938e69c0e021,2026-10-04,false,86,100,ml
kfind-d703-146000000-0001,RDA-DIET-89419-0,떡만두국,공식 원문에 제시된 전체 재료량 (인분 수 미확인),"가래떡 99.6(g), 냉동만두 91.7(g), 달걀 7.7(g), 쇠고기(양지) 5.5(g), 양파 5.3(g), 파 4.1(g), 간장 3.1(g), 마늘 1.7(g), 소금 0.9(g), 참기름 0.8(g), 분말조미료(멸치) 0.6(g), 김 0.2(g)",양파,5.3,fdc-reference-170000,"Onions, raw",40,https://api.nongsaro.go.kr/sample/rest/recomendDiet/recomendDiet.jsp?cntntsNo=89419&tabNo=0,https://fdc.nal.usda.gov/food-details/170000/nutrients,89f4a07f86c9edc2cd99f3088f3848e632d90fbd16c1693a6307938e69c0e021,2026-10-04,false,49,100,ml
kfind-d703-146000000-0001,RDA-DIET-89419-0,떡만두국,공식 원문에 제시된 전체 재료량 (인분 수 미확인),"가래떡 99.6(g), 냉동만두 91.7(g), 달걀 7.7(g), 쇠고기(양지) 5.5(g), 양파 5.3(g), 파 4.1(g), 간장 3.1(g), 마늘 1.7(g), 소금 0.9(g), 참기름 0.8(g), 분말조미료(멸치) 0.6(g), 김 0.2(g)",마늘,1.7,fdc-reference-169230,"Garlic, raw",149,https://api.nongsaro.go.kr/sample/rest/recomendDiet/recomendDiet.jsp?cntntsNo=89419&tabNo=0,https://fdc.nal.usda.gov/food-details/169230/nutrients,89f4a07f86c9edc2cd99f3088f3848e632d90fbd16c1693a6307938e69c0e021,2026-10-04,false,49,100,ml
kfind-d703-146000000-0001,RDA-DIET-89419-0,떡만두국,공식 원문에 제시된 전체 재료량 (인분 수 미확인),"가래떡 99.6(g), 냉동만두 91.7(g), 달걀 7.7(g), 쇠고기(양지) 5.5(g), 양파 5.3(g), 파 4.1(g), 간장 3.1(g), 마늘 1.7(g), 소금 0.9(g), 참기름 0.8(g), 분말조미료(멸치) 0.6(g), 김 0.2(g)",소금,0.9,fdc-reference-173468,"Salt, table",0,https://api.nongsaro.go.kr/sample/rest/recomendDiet/recomendDiet.jsp?cntntsNo=89419&tabNo=0,https://fdc.nal.usda.gov/food-details/173468/nutrients,89f4a07f86c9edc2cd99f3088f3848e632d90fbd16c1693a6307938e69c0e021,2026-10-04,false,49,100,ml
kfind-d503-146000000-0001,RDA-DIET-89419-0,떡만두국,공식 원문에 제시된 전체 재료량 (인분 수 미확인),"가래떡 99.6(g), 냉동만두 91.7(g), 달걀 7.7(g), 쇠고기(양지) 5.5(g), 양파 5.3(g), 파 4.1(g), 간장 3.1(g), 마늘 1.7(g), 소금 0.9(g), 참기름 0.8(g), 분말조미료(멸치) 0.6(g), 김 0.2(g)",양파,5.3,fdc-reference-170000,"Onions, raw",40,https://api.nongsaro.go.kr/sample/rest/recomendDiet/recomendDiet.jsp?cntntsNo=89419&tabNo=0,https://fdc.nal.usda.gov/food-details/170000/nutrients,89f4a07f86c9edc2cd99f3088f3848e632d90fbd16c1693a6307938e69c0e021,2026-10-04,false,76,100,ml
kfind-d503-146000000-0001,RDA-DIET-89419-0,떡만두국,공식 원문에 제시된 전체 재료량 (인분 수 미확인),"가래떡 99.6(g), 냉동만두 91.7(g), 달걀 7.7(g), 쇠고기(양지) 5.5(g), 양파 5.3(g), 파 4.1(g), 간장 3.1(g), 마늘 1.7(g), 소금 0.9(g), 참기름 0.8(g), 분말조미료(멸치) 0.6(g), 김 0.2(g)",마늘,1.7,fdc-reference-169230,"Garlic, raw",149,https://api.nongsaro.go.kr/sample/rest/recomendDiet/recomendDiet.jsp?cntntsNo=89419&tabNo=0,https://fdc.nal.usda.gov/food-details/169230/nutrients,89f4a07f86c9edc2cd99f3088f3848e632d90fbd16c1693a6307938e69c0e021,2026-10-04,false,76,100,ml
kfind-d503-146000000-0001,RDA-DIET-89419-0,떡만두국,공식 원문에 제시된 전체 재료량 (인분 수 미확인),"가래떡 99.6(g), 냉동만두 91.7(g), 달걀 7.7(g), 쇠고기(양지) 5.5(g), 양파 5.3(g), 파 4.1(g), 간장 3.1(g), 마늘 1.7(g), 소금 0.9(g), 참기름 0.8(g), 분말조미료(멸치) 0.6(g), 김 0.2(g)",소금,0.9,fdc-reference-173468,"Salt, table",0,https://api.nongsaro.go.kr/sample/rest/recomendDiet/recomendDiet.jsp?cntntsNo=89419&tabNo=0,https://fdc.nal.usda.gov/food-details/173468/nutrients,89f4a07f86c9edc2cd99f3088f3848e632d90fbd16c1693a6307938e69c0e021,2026-10-04,false,76,100,ml
kfind-d310-466000000-0001,RDA-DIET-89421-0,두부김치,공식 원문에 제시된 전체 재료량 (인분 수 미확인),"두부 94.7(g), 배추김치 31.5(g), 돼지고기(등심) 12.8(g), 양파 5.3(g), 마늘 2.7(g), 풋고추 2.7(g), 참기름 2.6(g), 파 2.2(g), 붉은고추 1.3(g), 설탕 0.8(g), 깨소금 0.6(g), 고춧가루 0.3(g)",양파,5.3,fdc-reference-170000,"Onions, raw",40,https://api.nongsaro.go.kr/sample/rest/recomendDiet/recomendDiet.jsp?cntntsNo=89421&tabNo=0,https://fdc.nal.usda.gov/food-details/170000/nutrients,f9cbec28d18127967ac01cde02e8b460ac03b438794954336de66fbbfe0e005b,2026-10-04,false,115,100,g
kfind-d310-466000000-0001,RDA-DIET-89421-0,두부김치,공식 원문에 제시된 전체 재료량 (인분 수 미확인),"두부 94.7(g), 배추김치 31.5(g), 돼지고기(등심) 12.8(g), 양파 5.3(g), 마늘 2.7(g), 풋고추 2.7(g), 참기름 2.6(g), 파 2.2(g), 붉은고추 1.3(g), 설탕 0.8(g), 깨소금 0.6(g), 고춧가루 0.3(g)",마늘,2.7,fdc-reference-169230,"Garlic, raw",149,https://api.nongsaro.go.kr/sample/rest/recomendDiet/recomendDiet.jsp?cntntsNo=89421&tabNo=0,https://fdc.nal.usda.gov/food-details/169230/nutrients,f9cbec28d18127967ac01cde02e8b460ac03b438794954336de66fbbfe0e005b,2026-10-04,false,115,100,g
kfind-d310-466000000-0001,RDA-DIET-89421-0,두부김치,공식 원문에 제시된 전체 재료량 (인분 수 미확인),"두부 94.7(g), 배추김치 31.5(g), 돼지고기(등심) 12.8(g), 양파 5.3(g), 마늘 2.7(g), 풋고추 2.7(g), 참기름 2.6(g), 파 2.2(g), 붉은고추 1.3(g), 설탕 0.8(g), 깨소금 0.6(g), 고춧가루 0.3(g)",설탕,0.8,fdc-reference-169655,"Sugars, granulated",387,https://api.nongsaro.go.kr/sample/rest/recomendDiet/recomendDiet.jsp?cntntsNo=89421&tabNo=0,https://fdc.nal.usda.gov/food-details/169655/nutrients,f9cbec28d18127967ac01cde02e8b460ac03b438794954336de66fbbfe0e005b,2026-10-04,false,115,100,g
kfind-d510-466000000-0001,RDA-DIET-89421-0,두부김치,공식 원문에 제시된 전체 재료량 (인분 수 미확인),"두부 94.7(g), 배추김치 31.5(g), 돼지고기(등심) 12.8(g), 양파 5.3(g), 마늘 2.7(g), 풋고추 2.7(g), 참기름 2.6(g), 파 2.2(g), 붉은고추 1.3(g), 설탕 0.8(g), 깨소금 0.6(g), 고춧가루 0.3(g)",양파,5.3,fdc-reference-170000,"Onions, raw",40,https://api.nongsaro.go.kr/sample/rest/recomendDiet/recomendDiet.jsp?cntntsNo=89421&tabNo=0,https://fdc.nal.usda.gov/food-details/170000/nutrients,f9cbec28d18127967ac01cde02e8b460ac03b438794954336de66fbbfe0e005b,2026-10-04,false,108,100,ml
kfind-d510-466000000-0001,RDA-DIET-89421-0,두부김치,공식 원문에 제시된 전체 재료량 (인분 수 미확인),"두부 94.7(g), 배추김치 31.5(g), 돼지고기(등심) 12.8(g), 양파 5.3(g), 마늘 2.7(g), 풋고추 2.7(g), 참기름 2.6(g), 파 2.2(g), 붉은고추 1.3(g), 설탕 0.8(g), 깨소금 0.6(g), 고춧가루 0.3(g)",마늘,2.7,fdc-reference-169230,"Garlic, raw",149,https://api.nongsaro.go.kr/sample/rest/recomendDiet/recomendDiet.jsp?cntntsNo=89421&tabNo=0,https://fdc.nal.usda.gov/food-details/169230/nutrients,f9cbec28d18127967ac01cde02e8b460ac03b438794954336de66fbbfe0e005b,2026-10-04,false,108,100,ml
kfind-d510-466000000-0001,RDA-DIET-89421-0,두부김치,공식 원문에 제시된 전체 재료량 (인분 수 미확인),"두부 94.7(g), 배추김치 31.5(g), 돼지고기(등심) 12.8(g), 양파 5.3(g), 마늘 2.7(g), 풋고추 2.7(g), 참기름 2.6(g), 파 2.2(g), 붉은고추 1.3(g), 설탕 0.8(g), 깨소금 0.6(g), 고춧가루 0.3(g)",설탕,0.8,fdc-reference-169655,"Sugars, granulated",387,https://api.nongsaro.go.kr/sample/rest/recomendDiet/recomendDiet.jsp?cntntsNo=89421&tabNo=0,https://fdc.nal.usda.gov/food-details/169655/nutrients,f9cbec28d18127967ac01cde02e8b460ac03b438794954336de66fbbfe0e005b,2026-10-04,false,108,100,ml
kfind-d410-466000000-0001,RDA-DIET-89421-0,두부김치,공식 원문에 제시된 전체 재료량 (인분 수 미확인),"두부 94.7(g), 배추김치 31.5(g), 돼지고기(등심) 12.8(g), 양파 5.3(g), 마늘 2.7(g), 풋고추 2.7(g), 참기름 2.6(g), 파 2.2(g), 붉은고추 1.3(g), 설탕 0.8(g), 깨소금 0.6(g), 고춧가루 0.3(g)",양파,5.3,fdc-reference-170000,"Onions, raw",40,https://api.nongsaro.go.kr/sample/rest/recomendDiet/recomendDiet.jsp?cntntsNo=89421&tabNo=0,https://fdc.nal.usda.gov/food-details/170000/nutrients,f9cbec28d18127967ac01cde02e8b460ac03b438794954336de66fbbfe0e005b,2026-10-04,false,66,100,ml
kfind-d410-466000000-0001,RDA-DIET-89421-0,두부김치,공식 원문에 제시된 전체 재료량 (인분 수 미확인),"두부 94.7(g), 배추김치 31.5(g), 돼지고기(등심) 12.8(g), 양파 5.3(g), 마늘 2.7(g), 풋고추 2.7(g), 참기름 2.6(g), 파 2.2(g), 붉은고추 1.3(g), 설탕 0.8(g), 깨소금 0.6(g), 고춧가루 0.3(g)",마늘,2.7,fdc-reference-169230,"Garlic, raw",149,https://api.nongsaro.go.kr/sample/rest/recomendDiet/recomendDiet.jsp?cntntsNo=89421&tabNo=0,https://fdc.nal.usda.gov/food-details/169230/nutrients,f9cbec28d18127967ac01cde02e8b460ac03b438794954336de66fbbfe0e005b,2026-10-04,false,66,100,ml
kfind-d410-466000000-0001,RDA-DIET-89421-0,두부김치,공식 원문에 제시된 전체 재료량 (인분 수 미확인),"두부 94.7(g), 배추김치 31.5(g), 돼지고기(등심) 12.8(g), 양파 5.3(g), 마늘 2.7(g), 풋고추 2.7(g), 참기름 2.6(g), 파 2.2(g), 붉은고추 1.3(g), 설탕 0.8(g), 깨소금 0.6(g), 고춧가루 0.3(g)",설탕,0.8,fdc-reference-169655,"Sugars, granulated",387,https://api.nongsaro.go.kr/sample/rest/recomendDiet/recomendDiet.jsp?cntntsNo=89421&tabNo=0,https://fdc.nal.usda.gov/food-details/169655/nutrients,f9cbec28d18127967ac01cde02e8b460ac03b438794954336de66fbbfe0e005b,2026-10-04,false,66,100,ml
kfind-d710-466000000-0001,RDA-DIET-89421-0,두부김치,공식 원문에 제시된 전체 재료량 (인분 수 미확인),"두부 94.7(g), 배추김치 31.5(g), 돼지고기(등심) 12.8(g), 양파 5.3(g), 마늘 2.7(g), 풋고추 2.7(g), 참기름 2.6(g), 파 2.2(g), 붉은고추 1.3(g), 설탕 0.8(g), 깨소금 0.6(g), 고춧가루 0.3(g)",양파,5.3,fdc-reference-170000,"Onions, raw",40,https://api.nongsaro.go.kr/sample/rest/recomendDiet/recomendDiet.jsp?cntntsNo=89421&tabNo=0,https://fdc.nal.usda.gov/food-details/170000/nutrients,f9cbec28d18127967ac01cde02e8b460ac03b438794954336de66fbbfe0e005b,2026-10-04,false,108,100,ml
kfind-d710-466000000-0001,RDA-DIET-89421-0,두부김치,공식 원문에 제시된 전체 재료량 (인분 수 미확인),"두부 94.7(g), 배추김치 31.5(g), 돼지고기(등심) 12.8(g), 양파 5.3(g), 마늘 2.7(g), 풋고추 2.7(g), 참기름 2.6(g), 파 2.2(g), 붉은고추 1.3(g), 설탕 0.8(g), 깨소금 0.6(g), 고춧가루 0.3(g)",마늘,2.7,fdc-reference-169230,"Garlic, raw",149,https://api.nongsaro.go.kr/sample/rest/recomendDiet/recomendDiet.jsp?cntntsNo=89421&tabNo=0,https://fdc.nal.usda.gov/food-details/169230/nutrients,f9cbec28d18127967ac01cde02e8b460ac03b438794954336de66fbbfe0e005b,2026-10-04,false,108,100,ml
kfind-d710-466000000-0001,RDA-DIET-89421-0,두부김치,공식 원문에 제시된 전체 재료량 (인분 수 미확인),"두부 94.7(g), 배추김치 31.5(g), 돼지고기(등심) 12.8(g), 양파 5.3(g), 마늘 2.7(g), 풋고추 2.7(g), 참기름 2.6(g), 파 2.2(g), 붉은고추 1.3(g), 설탕 0.8(g), 깨소금 0.6(g), 고춧가루 0.3(g)",설탕,0.8,fdc-reference-169655,"Sugars, granulated",387,https://api.nongsaro.go.kr/sample/rest/recomendDiet/recomendDiet.jsp?cntntsNo=89421&tabNo=0,https://fdc.nal.usda.gov/food-details/169655/nutrients,f9cbec28d18127967ac01cde02e8b460ac03b438794954336de66fbbfe0e005b,2026-10-04,false,108,100,ml
kfind-d614-704000000-0001,MFDS-108,양상추샐러드,공식 레시피 4인분 전체 재료량,"재료량(4인분) - 양상추 120g, 상추 120g, 오이 120g, 마요네즈 20g",오이,120,fdc-reference-168409,"Cucumber, with peel, raw",15,https://www.foodsafetykorea.go.kr/popup/sensuousmenuView.do?rcp_menu_no=108,https://fdc.nal.usda.gov/food-details/168409/nutrients,1c26dcea3b0751cdb4bcd2890a3c0ed19a1cceee4fa0ae1e8426e51b4dd138c6,2026-10-04,false,79,100,ml
kfind-d414-704000000-0001,MFDS-108,양상추샐러드,공식 레시피 4인분 전체 재료량,"재료량(4인분) - 양상추 120g, 상추 120g, 오이 120g, 마요네즈 20g",오이,120,fdc-reference-168409,"Cucumber, with peel, raw",15,https://www.foodsafetykorea.go.kr/popup/sensuousmenuView.do?rcp_menu_no=108,https://fdc.nal.usda.gov/food-details/168409/nutrients,1c26dcea3b0751cdb4bcd2890a3c0ed19a1cceee4fa0ae1e8426e51b4dd138c6,2026-10-04,false,78,100,ml
kfind-d514-704000000-0001,MFDS-108,양상추샐러드,공식 레시피 4인분 전체 재료량,"재료량(4인분) - 양상추 120g, 상추 120g, 오이 120g, 마요네즈 20g",오이,120,fdc-reference-168409,"Cucumber, with peel, raw",15,https://www.foodsafetykorea.go.kr/popup/sensuousmenuView.do?rcp_menu_no=108,https://fdc.nal.usda.gov/food-details/168409/nutrients,1c26dcea3b0751cdb4bcd2890a3c0ed19a1cceee4fa0ae1e8426e51b4dd138c6,2026-10-04,false,79,100,ml
kfind-d714-704000000-0001,MFDS-108,양상추샐러드,공식 레시피 4인분 전체 재료량,"재료량(4인분) - 양상추 120g, 상추 120g, 오이 120g, 마요네즈 20g",오이,120,fdc-reference-168409,"Cucumber, with peel, raw",15,https://www.foodsafetykorea.go.kr/popup/sensuousmenuView.do?rcp_menu_no=108,https://fdc.nal.usda.gov/food-details/168409/nutrients,1c26dcea3b0751cdb4bcd2890a3c0ed19a1cceee4fa0ae1e8426e51b4dd138c6,2026-10-04,false,78,100,ml
kfind-d315-675000000-0001,MFDS-124,열무김치,공식 레시피 4인분 전체 재료량,"재료량(4인분) - 열무 160g, 오이 40g, 밀가루풀 40g, 홍고추 4g, 대파 4g, 다진 마늘 40g, 생강 40g, 소금 120g",오이,40,fdc-reference-168409,"Cucumber, with peel, raw",15,https://www.foodsafetykorea.go.kr/popup/sensuousmenuView.do?rcp_menu_no=124,https://fdc.nal.usda.gov/food-details/168409/nutrients,1d8a4624bcb4cdced8fe04b4e26762c54088b241af09ff4bb31988ec3b136f39,2026-10-04,false,36,100,g
kfind-d315-675000000-0001,MFDS-124,열무김치,공식 레시피 4인분 전체 재료량,"재료량(4인분) - 열무 160g, 오이 40g, 밀가루풀 40g, 홍고추 4g, 대파 4g, 다진 마늘 40g, 생강 40g, 소금 120g",다진 마늘,40,fdc-reference-169230,"Garlic, raw",149,https://www.foodsafetykorea.go.kr/popup/sensuousmenuView.do?rcp_menu_no=124,https://fdc.nal.usda.gov/food-details/169230/nutrients,1d8a4624bcb4cdced8fe04b4e26762c54088b241af09ff4bb31988ec3b136f39,2026-10-04,false,36,100,g
kfind-d315-675000000-0001,MFDS-124,열무김치,공식 레시피 4인분 전체 재료량,"재료량(4인분) - 열무 160g, 오이 40g, 밀가루풀 40g, 홍고추 4g, 대파 4g, 다진 마늘 40g, 생강 40g, 소금 120g",생강,40,fdc-reference-169231,"Ginger root, raw",80,https://www.foodsafetykorea.go.kr/popup/sensuousmenuView.do?rcp_menu_no=124,https://fdc.nal.usda.gov/food-details/169231/nutrients,1d8a4624bcb4cdced8fe04b4e26762c54088b241af09ff4bb31988ec3b136f39,2026-10-04,false,36,100,g
kfind-d315-675000000-0001,MFDS-124,열무김치,공식 레시피 4인분 전체 재료량,"재료량(4인분) - 열무 160g, 오이 40g, 밀가루풀 40g, 홍고추 4g, 대파 4g, 다진 마늘 40g, 생강 40g, 소금 120g",소금,120,fdc-reference-173468,"Salt, table",0,https://www.foodsafetykorea.go.kr/popup/sensuousmenuView.do?rcp_menu_no=124,https://fdc.nal.usda.gov/food-details/173468/nutrients,1d8a4624bcb4cdced8fe04b4e26762c54088b241af09ff4bb31988ec3b136f39,2026-10-04,false,36,100,g
kfind-d605-266000000-0001,MFDS-134,근대된장국,공식 레시피 4인분 전체 재료량,"재료량(4인분) - 근대 280g, 된장 60g, 다진 마늘 4g, 소파 24g",다진 마늘,4,fdc-reference-169230,"Garlic, raw",149,https://www.foodsafetykorea.go.kr/popup/sensuousmenuView.do?rcp_menu_no=134,https://fdc.nal.usda.gov/food-details/169230/nutrients,b2298ceaa032f1042d0d112daa79c27dc7483d3a18880c14e34a24546e0d2249,2026-10-04,false,14,100,ml
kfind-d705-266000000-0001,MFDS-134,근대된장국,공식 레시피 4인분 전체 재료량,"재료량(4인분) - 근대 280g, 된장 60g, 다진 마늘 4g, 소파 24g",다진 마늘,4,fdc-reference-169230,"Garlic, raw",149,https://www.foodsafetykorea.go.kr/popup/sensuousmenuView.do?rcp_menu_no=134,https://fdc.nal.usda.gov/food-details/169230/nutrients,b2298ceaa032f1042d0d112daa79c27dc7483d3a18880c14e34a24546e0d2249,2026-10-04,false,12,100,ml
kfind-d505-266000000-0001,MFDS-134,근대된장국,공식 레시피 4인분 전체 재료량,"재료량(4인분) - 근대 280g, 된장 60g, 다진 마늘 4g, 소파 24g",다진 마늘,4,fdc-reference-169230,"Garlic, raw",149,https://www.foodsafetykorea.go.kr/popup/sensuousmenuView.do?rcp_menu_no=134,https://fdc.nal.usda.gov/food-details/169230/nutrients,b2298ceaa032f1042d0d112daa79c27dc7483d3a18880c14e34a24546e0d2249,2026-10-04,false,12,100,ml
kfind-d405-266000000-0001,MFDS-134,근대된장국,공식 레시피 4인분 전체 재료량,"재료량(4인분) - 근대 280g, 된장 60g, 다진 마늘 4g, 소파 24g",다진 마늘,4,fdc-reference-169230,"Garlic, raw",149,https://www.foodsafetykorea.go.kr/popup/sensuousmenuView.do?rcp_menu_no=134,https://fdc.nal.usda.gov/food-details/169230/nutrients,b2298ceaa032f1042d0d112daa79c27dc7483d3a18880c14e34a24546e0d2249,2026-10-04,false,10,100,ml
kfind-d715-679000000-0001,MFDS-145,오이소박이,공식 레시피 4인분 전체 재료량,"재료량(4인분) - 오이 280g, 부추 40g, 고춧가루 12g, 다진마늘 4g, 멸치액젓 8g, 소금 4g, 파 8g",오이,280,fdc-reference-168409,"Cucumber, with peel, raw",15,https://www.foodsafetykorea.go.kr/popup/sensuousmenuView.do?rcp_menu_no=145,https://fdc.nal.usda.gov/food-details/168409/nutrients,6f741a8d62b026c5127ae5d9d31832823e74142ad8053c2cea43aac780e613d6,2026-10-04,false,39,100,ml
kfind-d715-679000000-0001,MFDS-145,오이소박이,공식 레시피 4인분 전체 재료량,"재료량(4인분) - 오이 280g, 부추 40g, 고춧가루 12g, 다진마늘 4g, 멸치액젓 8g, 소금 4g, 파 8g",다진마늘,4,fdc-reference-169230,"Garlic, raw",149,https://www.foodsafetykorea.go.kr/popup/sensuousmenuView.do?rcp_menu_no=145,https://fdc.nal.usda.gov/food-details/169230/nutrients,6f741a8d62b026c5127ae5d9d31832823e74142ad8053c2cea43aac780e613d6,2026-10-04,false,39,100,ml
kfind-d715-679000000-0001,MFDS-145,오이소박이,공식 레시피 4인분 전체 재료량,"재료량(4인분) - 오이 280g, 부추 40g, 고춧가루 12g, 다진마늘 4g, 멸치액젓 8g, 소금 4g, 파 8g",소금,4,fdc-reference-173468,"Salt, table",0,https://www.foodsafetykorea.go.kr/popup/sensuousmenuView.do?rcp_menu_no=145,https://fdc.nal.usda.gov/food-details/173468/nutrients,6f741a8d62b026c5127ae5d9d31832823e74142ad8053c2cea43aac780e613d6,2026-10-04,false,39,100,ml
kfind-d315-679000000-0002,MFDS-145,오이소박이,공식 레시피 4인분 전체 재료량,"재료량(4인분) - 오이 280g, 부추 40g, 고춧가루 12g, 다진마늘 4g, 멸치액젓 8g, 소금 4g, 파 8g",오이,280,fdc-reference-168409,"Cucumber, with peel, raw",15,https://www.foodsafetykorea.go.kr/popup/sensuousmenuView.do?rcp_menu_no=145,https://fdc.nal.usda.gov/food-details/168409/nutrients,6f741a8d62b026c5127ae5d9d31832823e74142ad8053c2cea43aac780e613d6,2026-10-04,false,37,100,g
kfind-d315-679000000-0002,MFDS-145,오이소박이,공식 레시피 4인분 전체 재료량,"재료량(4인분) - 오이 280g, 부추 40g, 고춧가루 12g, 다진마늘 4g, 멸치액젓 8g, 소금 4g, 파 8g",다진마늘,4,fdc-reference-169230,"Garlic, raw",149,https://www.foodsafetykorea.go.kr/popup/sensuousmenuView.do?rcp_menu_no=145,https://fdc.nal.usda.gov/food-details/169230/nutrients,6f741a8d62b026c5127ae5d9d31832823e74142ad8053c2cea43aac780e613d6,2026-10-04,false,37,100,g
kfind-d315-679000000-0002,MFDS-145,오이소박이,공식 레시피 4인분 전체 재료량,"재료량(4인분) - 오이 280g, 부추 40g, 고춧가루 12g, 다진마늘 4g, 멸치액젓 8g, 소금 4g, 파 8g",소금,4,fdc-reference-173468,"Salt, table",0,https://www.foodsafetykorea.go.kr/popup/sensuousmenuView.do?rcp_menu_no=145,https://fdc.nal.usda.gov/food-details/173468/nutrients,6f741a8d62b026c5127ae5d9d31832823e74142ad8053c2cea43aac780e613d6,2026-10-04,false,37,100,g
kfind-d315-679000000-0001,MFDS-145,오이소박이,공식 레시피 4인분 전체 재료량,"재료량(4인분) - 오이 280g, 부추 40g, 고춧가루 12g, 다진마늘 4g, 멸치액젓 8g, 소금 4g, 파 8g",오이,280,fdc-reference-168409,"Cucumber, with peel, raw",15,https://www.foodsafetykorea.go.kr/popup/sensuousmenuView.do?rcp_menu_no=145,https://fdc.nal.usda.gov/food-details/168409/nutrients,6f741a8d62b026c5127ae5d9d31832823e74142ad8053c2cea43aac780e613d6,2026-10-04,false,37,100,g
kfind-d315-679000000-0001,MFDS-145,오이소박이,공식 레시피 4인분 전체 재료량,"재료량(4인분) - 오이 280g, 부추 40g, 고춧가루 12g, 다진마늘 4g, 멸치액젓 8g, 소금 4g, 파 8g",다진마늘,4,fdc-reference-169230,"Garlic, raw",149,https://www.foodsafetykorea.go.kr/popup/sensuousmenuView.do?rcp_menu_no=145,https://fdc.nal.usda.gov/food-details/169230/nutrients,6f741a8d62b026c5127ae5d9d31832823e74142ad8053c2cea43aac780e613d6,2026-10-04,false,37,100,g
kfind-d315-679000000-0001,MFDS-145,오이소박이,공식 레시피 4인분 전체 재료량,"재료량(4인분) - 오이 280g, 부추 40g, 고춧가루 12g, 다진마늘 4g, 멸치액젓 8g, 소금 4g, 파 8g",소금,4,fdc-reference-173468,"Salt, table",0,https://www.foodsafetykorea.go.kr/popup/sensuousmenuView.do?rcp_menu_no=145,https://fdc.nal.usda.gov/food-details/173468/nutrients,6f741a8d62b026c5127ae5d9d31832823e74142ad8053c2cea43aac780e613d6,2026-10-04,false,37,100,g
kfind-d505-273000000-0001,MFDS-152,냉이된장국,공식 레시피 4인분 전체 재료량,"재료량(4인분) - 냉이 240g, 된장 48g, 다진마늘 4g",다진마늘,4,fdc-reference-169230,"Garlic, raw",149,https://www.foodsafetykorea.go.kr/popup/sensuousmenuView.do?rcp_menu_no=152,https://fdc.nal.usda.gov/food-details/169230/nutrients,b3559aacc81d0c5d43da41d3e01caec9ae32fc925fe0a36147760f45f8f1892d,2026-10-04,false,15,100,ml
kfind-d705-273000000-0001,MFDS-152,냉이된장국,공식 레시피 4인분 전체 재료량,"재료량(4인분) - 냉이 240g, 된장 48g, 다진마늘 4g",다진마늘,4,fdc-reference-169230,"Garlic, raw",149,https://www.foodsafetykorea.go.kr/popup/sensuousmenuView.do?rcp_menu_no=152,https://fdc.nal.usda.gov/food-details/169230/nutrients,b3559aacc81d0c5d43da41d3e01caec9ae32fc925fe0a36147760f45f8f1892d,2026-10-04,false,20,100,ml
kfind-d405-273000000-0001,MFDS-152,냉이된장국,공식 레시피 4인분 전체 재료량,"재료량(4인분) - 냉이 240g, 된장 48g, 다진마늘 4g",다진마늘,4,fdc-reference-169230,"Garlic, raw",149,https://www.foodsafetykorea.go.kr/popup/sensuousmenuView.do?rcp_menu_no=152,https://fdc.nal.usda.gov/food-details/169230/nutrients,b3559aacc81d0c5d43da41d3e01caec9ae32fc925fe0a36147760f45f8f1892d,2026-10-04,false,16,100,ml
kfind-d605-273000000-0001,MFDS-152,냉이된장국,공식 레시피 4인분 전체 재료량,"재료량(4인분) - 냉이 240g, 된장 48g, 다진마늘 4g",다진마늘,4,fdc-reference-169230,"Garlic, raw",149,https://www.foodsafetykorea.go.kr/popup/sensuousmenuView.do?rcp_menu_no=152,https://fdc.nal.usda.gov/food-details/169230/nutrients,b3559aacc81d0c5d43da41d3e01caec9ae32fc925fe0a36147760f45f8f1892d,2026-10-04,false,15,100,ml
kfind-d408-355000000-0001,MFDS-158,갈치구이,공식 레시피 4인분 전체 재료량,"재료량(4인분) - 갈치 280g, 소금 4g",소금,4,fdc-reference-173468,"Salt, table",0,https://www.foodsafetykorea.go.kr/popup/sensuousmenuView.do?rcp_menu_no=158,https://fdc.nal.usda.gov/food-details/173468/nutrients,66a86191611ee87e9817c63f8ae79197bb29af025063140a37e0eaadeaa63c54,2026-10-04,false,147,100,ml
kfind-d708-355000000-0001,MFDS-158,갈치구이,공식 레시피 4인분 전체 재료량,"재료량(4인분) - 갈치 280g, 소금 4g",소금,4,fdc-reference-173468,"Salt, table",0,https://www.foodsafetykorea.go.kr/popup/sensuousmenuView.do?rcp_menu_no=158,https://fdc.nal.usda.gov/food-details/173468/nutrients,66a86191611ee87e9817c63f8ae79197bb29af025063140a37e0eaadeaa63c54,2026-10-04,false,123,100,ml
kfind-d608-355000000-0001,MFDS-158,갈치구이,공식 레시피 4인분 전체 재료량,"재료량(4인분) - 갈치 280g, 소금 4g",소금,4,fdc-reference-173468,"Salt, table",0,https://www.foodsafetykorea.go.kr/popup/sensuousmenuView.do?rcp_menu_no=158,https://fdc.nal.usda.gov/food-details/173468/nutrients,66a86191611ee87e9817c63f8ae79197bb29af025063140a37e0eaadeaa63c54,2026-10-04,false,117,100,ml
kfind-d508-355000000-0001,MFDS-158,갈치구이,공식 레시피 4인분 전체 재료량,"재료량(4인분) - 갈치 280g, 소금 4g",소금,4,fdc-reference-173468,"Salt, table",0,https://www.foodsafetykorea.go.kr/popup/sensuousmenuView.do?rcp_menu_no=158,https://fdc.nal.usda.gov/food-details/173468/nutrients,66a86191611ee87e9817c63f8ae79197bb29af025063140a37e0eaadeaa63c54,2026-10-04,false,127,100,ml
kfind-d414-631000000-0001,MFDS-159,미나리무침,공식 레시피 4인분 전체 재료량,"재료량(4인분) - 미나리 280g, 파 8g, 참기름 8g, 간장 4g, 고춧가루 4g, 깨소금 1.2g, 다진마늘 8g, 소금 4g",다진마늘,8,fdc-reference-169230,"Garlic, raw",149,https://www.foodsafetykorea.go.kr/popup/sensuousmenuView.do?rcp_menu_no=159,https://fdc.nal.usda.gov/food-details/169230/nutrients,c1010f7cda7331804a7e0eb10fab594ca3a1953936c3398b416f7e0b53120289,2026-10-04,false,20,100,ml
kfind-d414-631000000-0001,MFDS-159,미나리무침,공식 레시피 4인분 전체 재료량,"재료량(4인분) - 미나리 280g, 파 8g, 참기름 8g, 간장 4g, 고춧가루 4g, 깨소금 1.2g, 다진마늘 8g, 소금 4g",소금,4,fdc-reference-173468,"Salt, table",0,https://www.foodsafetykorea.go.kr/popup/sensuousmenuView.do?rcp_menu_no=159,https://fdc.nal.usda.gov/food-details/173468/nutrients,c1010f7cda7331804a7e0eb10fab594ca3a1953936c3398b416f7e0b53120289,2026-10-04,false,20,100,ml
kfind-d714-631000000-0001,MFDS-159,미나리무침,공식 레시피 4인분 전체 재료량,"재료량(4인분) - 미나리 280g, 파 8g, 참기름 8g, 간장 4g, 고춧가루 4g, 깨소금 1.2g, 다진마늘 8g, 소금 4g",다진마늘,8,fdc-reference-169230,"Garlic, raw",149,https://www.foodsafetykorea.go.kr/popup/sensuousmenuView.do?rcp_menu_no=159,https://fdc.nal.usda.gov/food-details/169230/nutrients,c1010f7cda7331804a7e0eb10fab594ca3a1953936c3398b416f7e0b53120289,2026-10-04,false,20,100,ml
kfind-d714-631000000-0001,MFDS-159,미나리무침,공식 레시피 4인분 전체 재료량,"재료량(4인분) - 미나리 280g, 파 8g, 참기름 8g, 간장 4g, 고춧가루 4g, 깨소금 1.2g, 다진마늘 8g, 소금 4g",소금,4,fdc-reference-173468,"Salt, table",0,https://www.foodsafetykorea.go.kr/popup/sensuousmenuView.do?rcp_menu_no=159,https://fdc.nal.usda.gov/food-details/173468/nutrients,c1010f7cda7331804a7e0eb10fab594ca3a1953936c3398b416f7e0b53120289,2026-10-04,false,20,100,ml
kfind-d114-631000000-0001,MFDS-159,미나리무침,공식 레시피 4인분 전체 재료량,"재료량(4인분) - 미나리 280g, 파 8g, 참기름 8g, 간장 4g, 고춧가루 4g, 깨소금 1.2g, 다진마늘 8g, 소금 4g",다진마늘,8,fdc-reference-169230,"Garlic, raw",149,https://www.foodsafetykorea.go.kr/popup/sensuousmenuView.do?rcp_menu_no=159,https://fdc.nal.usda.gov/food-details/169230/nutrients,c1010f7cda7331804a7e0eb10fab594ca3a1953936c3398b416f7e0b53120289,2026-10-04,false,46,100,g
kfind-d114-631000000-0001,MFDS-159,미나리무침,공식 레시피 4인분 전체 재료량,"재료량(4인분) - 미나리 280g, 파 8g, 참기름 8g, 간장 4g, 고춧가루 4g, 깨소금 1.2g, 다진마늘 8g, 소금 4g",소금,4,fdc-reference-173468,"Salt, table",0,https://www.foodsafetykorea.go.kr/popup/sensuousmenuView.do?rcp_menu_no=159,https://fdc.nal.usda.gov/food-details/173468/nutrients,c1010f7cda7331804a7e0eb10fab594ca3a1953936c3398b416f7e0b53120289,2026-10-04,false,46,100,g
kfind-d414-655000000-0001,MFDS-172,파래무침,공식 레시피 4인분 전체 재료량,"재료량(4인분) - 파래 160g, 오이 80g, 간장 12g, 고춧가루 4g, 무 80g, 설탕 4g, 소금 4g, 식초 8g",오이,80,fdc-reference-168409,"Cucumber, with peel, raw",15,https://www.foodsafetykorea.go.kr/popup/sensuousmenuView.do?rcp_menu_no=172,https://fdc.nal.usda.gov/food-details/168409/nutrients,5f1bef616b88ce96a046795194a3c99767959efc3b838f8b4f51cdfe8201d576,2026-10-04,false,49,100,ml
kfind-d414-655000000-0001,MFDS-172,파래무침,공식 레시피 4인분 전체 재료량,"재료량(4인분) - 파래 160g, 오이 80g, 간장 12g, 고춧가루 4g, 무 80g, 설탕 4g, 소금 4g, 식초 8g",설탕,4,fdc-reference-169655,"Sugars, granulated",387,https://www.foodsafetykorea.go.kr/popup/sensuousmenuView.do?rcp_menu_no=172,https://fdc.nal.usda.gov/food-details/169655/nutrients,5f1bef616b88ce96a046795194a3c99767959efc3b838f8b4f51cdfe8201d576,2026-10-04,false,49,100,ml
kfind-d414-655000000-0001,MFDS-172,파래무침,공식 레시피 4인분 전체 재료량,"재료량(4인분) - 파래 160g, 오이 80g, 간장 12g, 고춧가루 4g, 무 80g, 설탕 4g, 소금 4g, 식초 8g",소금,4,fdc-reference-173468,"Salt, table",0,https://www.foodsafetykorea.go.kr/popup/sensuousmenuView.do?rcp_menu_no=172,https://fdc.nal.usda.gov/food-details/173468/nutrients,5f1bef616b88ce96a046795194a3c99767959efc3b838f8b4f51cdfe8201d576,2026-10-04,false,49,100,ml
kfind-d714-655000000-0001,MFDS-172,파래무침,공식 레시피 4인분 전체 재료량,"재료량(4인분) - 파래 160g, 오이 80g, 간장 12g, 고춧가루 4g, 무 80g, 설탕 4g, 소금 4g, 식초 8g",오이,80,fdc-reference-168409,"Cucumber, with peel, raw",15,https://www.foodsafetykorea.go.kr/popup/sensuousmenuView.do?rcp_menu_no=172,https://fdc.nal.usda.gov/food-details/168409/nutrients,5f1bef616b88ce96a046795194a3c99767959efc3b838f8b4f51cdfe8201d576,2026-10-04,false,49,100,ml
kfind-d714-655000000-0001,MFDS-172,파래무침,공식 레시피 4인분 전체 재료량,"재료량(4인분) - 파래 160g, 오이 80g, 간장 12g, 고춧가루 4g, 무 80g, 설탕 4g, 소금 4g, 식초 8g",설탕,4,fdc-reference-169655,"Sugars, granulated",387,https://www.foodsafetykorea.go.kr/popup/sensuousmenuView.do?rcp_menu_no=172,https://fdc.nal.usda.gov/food-details/169655/nutrients,5f1bef616b88ce96a046795194a3c99767959efc3b838f8b4f51cdfe8201d576,2026-10-04,false,49,100,ml
kfind-d714-655000000-0001,MFDS-172,파래무침,공식 레시피 4인분 전체 재료량,"재료량(4인분) - 파래 160g, 오이 80g, 간장 12g, 고춧가루 4g, 무 80g, 설탕 4g, 소금 4g, 식초 8g",소금,4,fdc-reference-173468,"Salt, table",0,https://www.foodsafetykorea.go.kr/popup/sensuousmenuView.do?rcp_menu_no=172,https://fdc.nal.usda.gov/food-details/173468/nutrients,5f1bef616b88ce96a046795194a3c99767959efc3b838f8b4f51cdfe8201d576,2026-10-04,false,49,100,ml
kfind-d114-655000000-0001,MFDS-172,파래무침,공식 레시피 4인분 전체 재료량,"재료량(4인분) - 파래 160g, 오이 80g, 간장 12g, 고춧가루 4g, 무 80g, 설탕 4g, 소금 4g, 식초 8g",오이,80,fdc-reference-168409,"Cucumber, with peel, raw",15,https://www.foodsafetykorea.go.kr/popup/sensuousmenuView.do?rcp_menu_no=172,https://fdc.nal.usda.gov/food-details/168409/nutrients,5f1bef616b88ce96a046795194a3c99767959efc3b838f8b4f51cdfe8201d576,2026-10-04,false,49,100,g
kfind-d114-655000000-0001,MFDS-172,파래무침,공식 레시피 4인분 전체 재료량,"재료량(4인분) - 파래 160g, 오이 80g, 간장 12g, 고춧가루 4g, 무 80g, 설탕 4g, 소금 4g, 식초 8g",설탕,4,fdc-reference-169655,"Sugars, granulated",387,https://www.foodsafetykorea.go.kr/popup/sensuousmenuView.do?rcp_menu_no=172,https://fdc.nal.usda.gov/food-details/169655/nutrients,5f1bef616b88ce96a046795194a3c99767959efc3b838f8b4f51cdfe8201d576,2026-10-04,false,49,100,g
kfind-d114-655000000-0001,MFDS-172,파래무침,공식 레시피 4인분 전체 재료량,"재료량(4인분) - 파래 160g, 오이 80g, 간장 12g, 고춧가루 4g, 무 80g, 설탕 4g, 소금 4g, 식초 8g",소금,4,fdc-reference-173468,"Salt, table",0,https://www.foodsafetykorea.go.kr/popup/sensuousmenuView.do?rcp_menu_no=172,https://fdc.nal.usda.gov/food-details/173468/nutrients,5f1bef616b88ce96a046795194a3c99767959efc3b838f8b4f51cdfe8201d576,2026-10-04,false,49,100,g
kfind-d505-310000000-0001,MFDS-173,어묵국,공식 레시피 4인분 전체 재료량,"재료량(4인분) - 어묵 280g, 대파 20g, 다진마늘 4g, 소금 8g",다진마늘,4,fdc-reference-169230,"Garlic, raw",149,https://www.foodsafetykorea.go.kr/popup/sensuousmenuView.do?rcp_menu_no=173,https://fdc.nal.usda.gov/food-details/169230/nutrients,7e6c261c9ad6cbdbbdc909ed6f0a6ecee55fa5c9b96ccba3e5c47274530cf22c,2026-10-04,false,21,100,ml
kfind-d505-310000000-0001,MFDS-173,어묵국,공식 레시피 4인분 전체 재료량,"재료량(4인분) - 어묵 280g, 대파 20g, 다진마늘 4g, 소금 8g",소금,8,fdc-reference-173468,"Salt, table",0,https://www.foodsafetykorea.go.kr/popup/sensuousmenuView.do?rcp_menu_no=173,https://fdc.nal.usda.gov/food-details/173468/nutrients,7e6c261c9ad6cbdbbdc909ed6f0a6ecee55fa5c9b96ccba3e5c47274530cf22c,2026-10-04,false,21,100,ml
kfind-d405-310000000-0001,MFDS-173,어묵국,공식 레시피 4인분 전체 재료량,"재료량(4인분) - 어묵 280g, 대파 20g, 다진마늘 4g, 소금 8g",다진마늘,4,fdc-reference-169230,"Garlic, raw",149,https://www.foodsafetykorea.go.kr/popup/sensuousmenuView.do?rcp_menu_no=173,https://fdc.nal.usda.gov/food-details/169230/nutrients,7e6c261c9ad6cbdbbdc909ed6f0a6ecee55fa5c9b96ccba3e5c47274530cf22c,2026-10-04,false,32,100,ml
kfind-d405-310000000-0001,MFDS-173,어묵국,공식 레시피 4인분 전체 재료량,"재료량(4인분) - 어묵 280g, 대파 20g, 다진마늘 4g, 소금 8g",소금,8,fdc-reference-173468,"Salt, table",0,https://www.foodsafetykorea.go.kr/popup/sensuousmenuView.do?rcp_menu_no=173,https://fdc.nal.usda.gov/food-details/173468/nutrients,7e6c261c9ad6cbdbbdc909ed6f0a6ecee55fa5c9b96ccba3e5c47274530cf22c,2026-10-04,false,32,100,ml
kfind-d705-310000000-0001,MFDS-173,어묵국,공식 레시피 4인분 전체 재료량,"재료량(4인분) - 어묵 280g, 대파 20g, 다진마늘 4g, 소금 8g",다진마늘,4,fdc-reference-169230,"Garlic, raw",149,https://www.foodsafetykorea.go.kr/popup/sensuousmenuView.do?rcp_menu_no=173,https://fdc.nal.usda.gov/food-details/169230/nutrients,7e6c261c9ad6cbdbbdc909ed6f0a6ecee55fa5c9b96ccba3e5c47274530cf22c,2026-10-04,false,50,100,ml
kfind-d705-310000000-0001,MFDS-173,어묵국,공식 레시피 4인분 전체 재료량,"재료량(4인분) - 어묵 280g, 대파 20g, 다진마늘 4g, 소금 8g",소금,8,fdc-reference-173468,"Salt, table",0,https://www.foodsafetykorea.go.kr/popup/sensuousmenuView.do?rcp_menu_no=173,https://fdc.nal.usda.gov/food-details/173468/nutrients,7e6c261c9ad6cbdbbdc909ed6f0a6ecee55fa5c9b96ccba3e5c47274530cf22c,2026-10-04,false,50,100,ml
kfind-d605-310000000-0001,MFDS-173,어묵국,공식 레시피 4인분 전체 재료량,"재료량(4인분) - 어묵 280g, 대파 20g, 다진마늘 4g, 소금 8g",다진마늘,4,fdc-reference-169230,"Garlic, raw",149,https://www.foodsafetykorea.go.kr/popup/sensuousmenuView.do?rcp_menu_no=173,https://fdc.nal.usda.gov/food-details/169230/nutrients,7e6c261c9ad6cbdbbdc909ed6f0a6ecee55fa5c9b96ccba3e5c47274530cf22c,2026-10-04,false,43,100,ml
kfind-d605-310000000-0001,MFDS-173,어묵국,공식 레시피 4인분 전체 재료량,"재료량(4인분) - 어묵 280g, 대파 20g, 다진마늘 4g, 소금 8g",소금,8,fdc-reference-173468,"Salt, table",0,https://www.foodsafetykorea.go.kr/popup/sensuousmenuView.do?rcp_menu_no=173,https://fdc.nal.usda.gov/food-details/173468/nutrients,7e6c261c9ad6cbdbbdc909ed6f0a6ecee55fa5c9b96ccba3e5c47274530cf22c,2026-10-04,false,43,100,ml
kfind-d314-645000000-0001,MFDS-174,오이생채,공식 레시피 4인분 전체 재료량,"재료량(4인분) - 오이 280g, 다진마늘 4g, 설탕 4g, &#44704;소금 2g, 참기름8g , 소파 12g, 소금 4g",오이,280,fdc-reference-168409,"Cucumber, with peel, raw",15,https://www.foodsafetykorea.go.kr/popup/sensuousmenuView.do?rcp_menu_no=174,https://fdc.nal.usda.gov/food-details/168409/nutrients,aa9e803c805165edbdf0113fca5d9afa814e27c252ba47ec17b81e4308faa32b,2026-10-04,false,50,100,g
kfind-d314-645000000-0001,MFDS-174,오이생채,공식 레시피 4인분 전체 재료량,"재료량(4인분) - 오이 280g, 다진마늘 4g, 설탕 4g, &#44704;소금 2g, 참기름8g , 소파 12g, 소금 4g",다진마늘,4,fdc-reference-169230,"Garlic, raw",149,https://www.foodsafetykorea.go.kr/popup/sensuousmenuView.do?rcp_menu_no=174,https://fdc.nal.usda.gov/food-details/169230/nutrients,aa9e803c805165edbdf0113fca5d9afa814e27c252ba47ec17b81e4308faa32b,2026-10-04,false,50,100,g
kfind-d314-645000000-0001,MFDS-174,오이생채,공식 레시피 4인분 전체 재료량,"재료량(4인분) - 오이 280g, 다진마늘 4g, 설탕 4g, &#44704;소금 2g, 참기름8g , 소파 12g, 소금 4g",설탕,4,fdc-reference-169655,"Sugars, granulated",387,https://www.foodsafetykorea.go.kr/popup/sensuousmenuView.do?rcp_menu_no=174,https://fdc.nal.usda.gov/food-details/169655/nutrients,aa9e803c805165edbdf0113fca5d9afa814e27c252ba47ec17b81e4308faa32b,2026-10-04,false,50,100,g
kfind-d314-645000000-0001,MFDS-174,오이생채,공식 레시피 4인분 전체 재료량,"재료량(4인분) - 오이 280g, 다진마늘 4g, 설탕 4g, &#44704;소금 2g, 참기름8g , 소파 12g, 소금 4g",소금,4,fdc-reference-173468,"Salt, table",0,https://www.foodsafetykorea.go.kr/popup/sensuousmenuView.do?rcp_menu_no=174,https://fdc.nal.usda.gov/food-details/173468/nutrients,aa9e803c805165edbdf0113fca5d9afa814e27c252ba47ec17b81e4308faa32b,2026-10-04,false,50,100,g
kfind-d114-645000000-0001,MFDS-174,오이생채,공식 레시피 4인분 전체 재료량,"재료량(4인분) - 오이 280g, 다진마늘 4g, 설탕 4g, &#44704;소금 2g, 참기름8g , 소파 12g, 소금 4g",오이,280,fdc-reference-168409,"Cucumber, with peel, raw",15,https://www.foodsafetykorea.go.kr/popup/sensuousmenuView.do?rcp_menu_no=174,https://fdc.nal.usda.gov/food-details/168409/nutrients,aa9e803c805165edbdf0113fca5d9afa814e27c252ba47ec17b81e4308faa32b,2026-10-04,false,69,100,g
kfind-d114-645000000-0001,MFDS-174,오이생채,공식 레시피 4인분 전체 재료량,"재료량(4인분) - 오이 280g, 다진마늘 4g, 설탕 4g, &#44704;소금 2g, 참기름8g , 소파 12g, 소금 4g",다진마늘,4,fdc-reference-169230,"Garlic, raw",149,https://www.foodsafetykorea.go.kr/popup/sensuousmenuView.do?rcp_menu_no=174,https://fdc.nal.usda.gov/food-details/169230/nutrients,aa9e803c805165edbdf0113fca5d9afa814e27c252ba47ec17b81e4308faa32b,2026-10-04,false,69,100,g
kfind-d114-645000000-0001,MFDS-174,오이생채,공식 레시피 4인분 전체 재료량,"재료량(4인분) - 오이 280g, 다진마늘 4g, 설탕 4g, &#44704;소금 2g, 참기름8g , 소파 12g, 소금 4g",설탕,4,fdc-reference-169655,"Sugars, granulated",387,https://www.foodsafetykorea.go.kr/popup/sensuousmenuView.do?rcp_menu_no=174,https://fdc.nal.usda.gov/food-details/169655/nutrients,aa9e803c805165edbdf0113fca5d9afa814e27c252ba47ec17b81e4308faa32b,2026-10-04,false,69,100,g
kfind-d114-645000000-0001,MFDS-174,오이생채,공식 레시피 4인분 전체 재료량,"재료량(4인분) - 오이 280g, 다진마늘 4g, 설탕 4g, &#44704;소금 2g, 참기름8g , 소파 12g, 소금 4g",소금,4,fdc-reference-173468,"Salt, table",0,https://www.foodsafetykorea.go.kr/popup/sensuousmenuView.do?rcp_menu_no=174,https://fdc.nal.usda.gov/food-details/173468/nutrients,aa9e803c805165edbdf0113fca5d9afa814e27c252ba47ec17b81e4308faa32b,2026-10-04,false,69,100,g
kfind-d315-665000000-0001,MFDS-177,깍두기,공식 레시피 4인분 전체 재료량,"재료량(4인분) - 무 160g, 고춧가루 40g, 액젓 40g, 다진 마늘 20g, 생강 20g",다진 마늘,20,fdc-reference-169230,"Garlic, raw",149,https://www.foodsafetykorea.go.kr/popup/sensuousmenuView.do?rcp_menu_no=177,https://fdc.nal.usda.gov/food-details/169230/nutrients,ec003f06c10a73b33b1b6a7463769d83f23b4481f2326c239a1c7eb0d54e7975,2026-10-04,false,40,100,g
kfind-d315-665000000-0001,MFDS-177,깍두기,공식 레시피 4인분 전체 재료량,"재료량(4인분) - 무 160g, 고춧가루 40g, 액젓 40g, 다진 마늘 20g, 생강 20g",생강,20,fdc-reference-169231,"Ginger root, raw",80,https://www.foodsafetykorea.go.kr/popup/sensuousmenuView.do?rcp_menu_no=177,https://fdc.nal.usda.gov/food-details/169231/nutrients,ec003f06c10a73b33b1b6a7463769d83f23b4481f2326c239a1c7eb0d54e7975,2026-10-04,false,40,100,g
kfind-d515-665000000-0001,MFDS-177,깍두기,공식 레시피 4인분 전체 재료량,"재료량(4인분) - 무 160g, 고춧가루 40g, 액젓 40g, 다진 마늘 20g, 생강 20g",다진 마늘,20,fdc-reference-169230,"Garlic, raw",149,https://www.foodsafetykorea.go.kr/popup/sensuousmenuView.do?rcp_menu_no=177,https://fdc.nal.usda.gov/food-details/169230/nutrients,ec003f06c10a73b33b1b6a7463769d83f23b4481f2326c239a1c7eb0d54e7975,2026-10-04,false,23,100,ml
kfind-d515-665000000-0001,MFDS-177,깍두기,공식 레시피 4인분 전체 재료량,"재료량(4인분) - 무 160g, 고춧가루 40g, 액젓 40g, 다진 마늘 20g, 생강 20g",생강,20,fdc-reference-169231,"Ginger root, raw",80,https://www.foodsafetykorea.go.kr/popup/sensuousmenuView.do?rcp_menu_no=177,https://fdc.nal.usda.gov/food-details/169231/nutrients,ec003f06c10a73b33b1b6a7463769d83f23b4481f2326c239a1c7eb0d54e7975,2026-10-04,false,23,100,ml
kfind-d115-665000000-0001,MFDS-177,깍두기,공식 레시피 4인분 전체 재료량,"재료량(4인분) - 무 160g, 고춧가루 40g, 액젓 40g, 다진 마늘 20g, 생강 20g",다진 마늘,20,fdc-reference-169230,"Garlic, raw",149,https://www.foodsafetykorea.go.kr/popup/sensuousmenuView.do?rcp_menu_no=177,https://fdc.nal.usda.gov/food-details/169230/nutrients,ec003f06c10a73b33b1b6a7463769d83f23b4481f2326c239a1c7eb0d54e7975,2026-10-04,false,33,100,g
kfind-d115-665000000-0001,MFDS-177,깍두기,공식 레시피 4인분 전체 재료량,"재료량(4인분) - 무 160g, 고춧가루 40g, 액젓 40g, 다진 마늘 20g, 생강 20g",생강,20,fdc-reference-169231,"Ginger root, raw",80,https://www.foodsafetykorea.go.kr/popup/sensuousmenuView.do?rcp_menu_no=177,https://fdc.nal.usda.gov/food-details/169231/nutrients,ec003f06c10a73b33b1b6a7463769d83f23b4481f2326c239a1c7eb0d54e7975,2026-10-04,false,33,100,g
kfind-d505-306000000-0001,MFDS-182,아욱된장국,공식 레시피 4인분 전체 재료량,"재료량(4인분) - 아욱 320g, 된장 48g, 다진마늘 4g, 대파 20g",다진마늘,4,fdc-reference-169230,"Garlic, raw",149,https://www.foodsafetykorea.go.kr/popup/sensuousmenuView.do?rcp_menu_no=182,https://fdc.nal.usda.gov/food-details/169230/nutrients,76bd4195124677f02dc4a4710d26c097d10c0aa43d86d55ec4bd073865b2be2c,2026-10-04,false,15,100,ml
kfind-d605-306000000-0001,MFDS-182,아욱된장국,공식 레시피 4인분 전체 재료량,"재료량(4인분) - 아욱 320g, 된장 48g, 다진마늘 4g, 대파 20g",다진마늘,4,fdc-reference-169230,"Garlic, raw",149,https://www.foodsafetykorea.go.kr/popup/sensuousmenuView.do?rcp_menu_no=182,https://fdc.nal.usda.gov/food-details/169230/nutrients,76bd4195124677f02dc4a4710d26c097d10c0aa43d86d55ec4bd073865b2be2c,2026-10-04,false,16,100,ml
kfind-d705-306000000-0001,MFDS-182,아욱된장국,공식 레시피 4인분 전체 재료량,"재료량(4인분) - 아욱 320g, 된장 48g, 다진마늘 4g, 대파 20g",다진마늘,4,fdc-reference-169230,"Garlic, raw",149,https://www.foodsafetykorea.go.kr/popup/sensuousmenuView.do?rcp_menu_no=182,https://fdc.nal.usda.gov/food-details/169230/nutrients,76bd4195124677f02dc4a4710d26c097d10c0aa43d86d55ec4bd073865b2be2c,2026-10-04,false,19,100,ml
kfind-d405-306000000-0001,MFDS-182,아욱된장국,공식 레시피 4인분 전체 재료량,"재료량(4인분) - 아욱 320g, 된장 48g, 다진마늘 4g, 대파 20g",다진마늘,4,fdc-reference-169230,"Garlic, raw",149,https://www.foodsafetykorea.go.kr/popup/sensuousmenuView.do?rcp_menu_no=182,https://fdc.nal.usda.gov/food-details/169230/nutrients,76bd4195124677f02dc4a4710d26c097d10c0aa43d86d55ec4bd073865b2be2c,2026-10-04,false,12,100,ml
kfind-d611-548000000-0001,MFDS-189,돼지고기장조림,공식 레시피 4인분 전체 재료량,"재료량(4인분) 돼지고기 190g, 메추리알 80g, 양파 30g, 간장 30g, 청고추 30g, 청주 16g,물엿 10g, 생강 4g",양파,30,fdc-reference-170000,"Onions, raw",40,https://www.foodsafetykorea.go.kr/popup/sensuousmenuView.do?rcp_menu_no=189,https://fdc.nal.usda.gov/food-details/170000/nutrients,a6253da1d87ead87327f63d97efe4f061b56016865086857c3a8ddfd58246f90,2026-10-04,false,133,100,ml
kfind-d611-548000000-0001,MFDS-189,돼지고기장조림,공식 레시피 4인분 전체 재료량,"재료량(4인분) 돼지고기 190g, 메추리알 80g, 양파 30g, 간장 30g, 청고추 30g, 청주 16g,물엿 10g, 생강 4g",생강,4,fdc-reference-169231,"Ginger root, raw",80,https://www.foodsafetykorea.go.kr/popup/sensuousmenuView.do?rcp_menu_no=189,https://fdc.nal.usda.gov/food-details/169231/nutrients,a6253da1d87ead87327f63d97efe4f061b56016865086857c3a8ddfd58246f90,2026-10-04,false,133,100,ml
kfind-d411-548000000-0001,MFDS-189,돼지고기장조림,공식 레시피 4인분 전체 재료량,"재료량(4인분) 돼지고기 190g, 메추리알 80g, 양파 30g, 간장 30g, 청고추 30g, 청주 16g,물엿 10g, 생강 4g",양파,30,fdc-reference-170000,"Onions, raw",40,https://www.foodsafetykorea.go.kr/popup/sensuousmenuView.do?rcp_menu_no=189,https://fdc.nal.usda.gov/food-details/170000/nutrients,a6253da1d87ead87327f63d97efe4f061b56016865086857c3a8ddfd58246f90,2026-10-04,false,150,100,ml
kfind-d411-548000000-0001,MFDS-189,돼지고기장조림,공식 레시피 4인분 전체 재료량,"재료량(4인분) 돼지고기 190g, 메추리알 80g, 양파 30g, 간장 30g, 청고추 30g, 청주 16g,물엿 10g, 생강 4g",생강,4,fdc-reference-169231,"Ginger root, raw",80,https://www.foodsafetykorea.go.kr/popup/sensuousmenuView.do?rcp_menu_no=189,https://fdc.nal.usda.gov/food-details/169231/nutrients,a6253da1d87ead87327f63d97efe4f061b56016865086857c3a8ddfd58246f90,2026-10-04,false,150,100,ml
kfind-d511-548000000-0001,MFDS-189,돼지고기장조림,공식 레시피 4인분 전체 재료량,"재료량(4인분) 돼지고기 190g, 메추리알 80g, 양파 30g, 간장 30g, 청고추 30g, 청주 16g,물엿 10g, 생강 4g",양파,30,fdc-reference-170000,"Onions, raw",40,https://www.foodsafetykorea.go.kr/popup/sensuousmenuView.do?rcp_menu_no=189,https://fdc.nal.usda.gov/food-details/170000/nutrients,a6253da1d87ead87327f63d97efe4f061b56016865086857c3a8ddfd58246f90,2026-10-04,false,133,100,ml
kfind-d511-548000000-0001,MFDS-189,돼지고기장조림,공식 레시피 4인분 전체 재료량,"재료량(4인분) 돼지고기 190g, 메추리알 80g, 양파 30g, 간장 30g, 청고추 30g, 청주 16g,물엿 10g, 생강 4g",생강,4,fdc-reference-169231,"Ginger root, raw",80,https://www.foodsafetykorea.go.kr/popup/sensuousmenuView.do?rcp_menu_no=189,https://fdc.nal.usda.gov/food-details/169231/nutrients,a6253da1d87ead87327f63d97efe4f061b56016865086857c3a8ddfd58246f90,2026-10-04,false,133,100,ml
kfind-d711-548000000-0001,MFDS-189,돼지고기장조림,공식 레시피 4인분 전체 재료량,"재료량(4인분) 돼지고기 190g, 메추리알 80g, 양파 30g, 간장 30g, 청고추 30g, 청주 16g,물엿 10g, 생강 4g",양파,30,fdc-reference-170000,"Onions, raw",40,https://www.foodsafetykorea.go.kr/popup/sensuousmenuView.do?rcp_menu_no=189,https://fdc.nal.usda.gov/food-details/170000/nutrients,a6253da1d87ead87327f63d97efe4f061b56016865086857c3a8ddfd58246f90,2026-10-04,false,150,100,ml
kfind-d711-548000000-0001,MFDS-189,돼지고기장조림,공식 레시피 4인분 전체 재료량,"재료량(4인분) 돼지고기 190g, 메추리알 80g, 양파 30g, 간장 30g, 청고추 30g, 청주 16g,물엿 10g, 생강 4g",생강,4,fdc-reference-169231,"Ginger root, raw",80,https://www.foodsafetykorea.go.kr/popup/sensuousmenuView.do?rcp_menu_no=189,https://fdc.nal.usda.gov/food-details/169231/nutrients,a6253da1d87ead87327f63d97efe4f061b56016865086857c3a8ddfd58246f90,2026-10-04,false,150,100,ml
kfind-d313-576000000-0001,MFDS-193,머위나물무침,공식 레시피 4인분 전체 재료량,"재료량(4인분) 머위나물 280g, 고추장 40g, 다진 마늘 8g, 설탕 8g, 파 20g, 참기름 12g",다진 마늘,8,fdc-reference-169230,"Garlic, raw",149,https://www.foodsafetykorea.go.kr/popup/sensuousmenuView.do?rcp_menu_no=193,https://fdc.nal.usda.gov/food-details/169230/nutrients,d38f083d10100038d9c64e1209c0ab02f094aa2288184bad351b772b2d9810fd,2026-10-04,false,85,100,g
kfind-d313-576000000-0001,MFDS-193,머위나물무침,공식 레시피 4인분 전체 재료량,"재료량(4인분) 머위나물 280g, 고추장 40g, 다진 마늘 8g, 설탕 8g, 파 20g, 참기름 12g",설탕,8,fdc-reference-169655,"Sugars, granulated",387,https://www.foodsafetykorea.go.kr/popup/sensuousmenuView.do?rcp_menu_no=193,https://fdc.nal.usda.gov/food-details/169655/nutrients,d38f083d10100038d9c64e1209c0ab02f094aa2288184bad351b772b2d9810fd,2026-10-04,false,85,100,g
kfind-d505-327000000-0001,MFDS-198,호박잎된장국,공식 레시피 4인분 전체 재료량,"재료량(4인분) - 호박잎 120g, 된장 40g, 국멸치 20g, 애호박 160g파 12g, 다진 마늘 8g, 고춧가루 6g",다진 마늘,8,fdc-reference-169230,"Garlic, raw",149,https://www.foodsafetykorea.go.kr/popup/sensuousmenuView.do?rcp_menu_no=198,https://fdc.nal.usda.gov/food-details/169230/nutrients,57fbcc5ca67b5279dd3ae7b1f8fb68587aaa925920880dab5fdeabaf334681d4,2026-10-04,false,17,100,ml
kfind-d714-652000000-0001,MFDS-199,탕평채,공식 레시피 4인분 전체 재료량,"재료량(4인분) 녹두묵 220g, 숙주나물 60g, 오이 60g, 쇠고기 30g, 미나리 15g, 당근 20g, 간장 18g, 파 10g, 다진 마늘 8g, 참기름 7g, 김 5g, 설탕 5g, 콩기름 4g, 소금 3g, 후춧가루 0.3g",오이,60,fdc-reference-168409,"Cucumber, with peel, raw",15,https://www.foodsafetykorea.go.kr/popup/sensuousmenuView.do?rcp_menu_no=199,https://fdc.nal.usda.gov/food-details/168409/nutrients,09b2c35fa6aaf63f5170055a34dd5fd9f51a6f97a3ea21d9bf02de799a17deae,2026-10-04,false,73,100,ml
kfind-d714-652000000-0001,MFDS-199,탕평채,공식 레시피 4인분 전체 재료량,"재료량(4인분) 녹두묵 220g, 숙주나물 60g, 오이 60g, 쇠고기 30g, 미나리 15g, 당근 20g, 간장 18g, 파 10g, 다진 마늘 8g, 참기름 7g, 김 5g, 설탕 5g, 콩기름 4g, 소금 3g, 후춧가루 0.3g",당근,20,fdc-reference-170393,"Carrots, raw",41,https://www.foodsafetykorea.go.kr/popup/sensuousmenuView.do?rcp_menu_no=199,https://fdc.nal.usda.gov/food-details/170393/nutrients,09b2c35fa6aaf63f5170055a34dd5fd9f51a6f97a3ea21d9bf02de799a17deae,2026-10-04,false,73,100,ml
kfind-d714-652000000-0001,MFDS-199,탕평채,공식 레시피 4인분 전체 재료량,"재료량(4인분) 녹두묵 220g, 숙주나물 60g, 오이 60g, 쇠고기 30g, 미나리 15g, 당근 20g, 간장 18g, 파 10g, 다진 마늘 8g, 참기름 7g, 김 5g, 설탕 5g, 콩기름 4g, 소금 3g, 후춧가루 0.3g",다진 마늘,8,fdc-reference-169230,"Garlic, raw",149,https://www.foodsafetykorea.go.kr/popup/sensuousmenuView.do?rcp_menu_no=199,https://fdc.nal.usda.gov/food-details/169230/nutrients,09b2c35fa6aaf63f5170055a34dd5fd9f51a6f97a3ea21d9bf02de799a17deae,2026-10-04,false,73,100,ml
kfind-d714-652000000-0001,MFDS-199,탕평채,공식 레시피 4인분 전체 재료량,"재료량(4인분) 녹두묵 220g, 숙주나물 60g, 오이 60g, 쇠고기 30g, 미나리 15g, 당근 20g, 간장 18g, 파 10g, 다진 마늘 8g, 참기름 7g, 김 5g, 설탕 5g, 콩기름 4g, 소금 3g, 후춧가루 0.3g",설탕,5,fdc-reference-169655,"Sugars, granulated",387,https://www.foodsafetykorea.go.kr/popup/sensuousmenuView.do?rcp_menu_no=199,https://fdc.nal.usda.gov/food-details/169655/nutrients,09b2c35fa6aaf63f5170055a34dd5fd9f51a6f97a3ea21d9bf02de799a17deae,2026-10-04,false,73,100,ml
kfind-d714-652000000-0001,MFDS-199,탕평채,공식 레시피 4인분 전체 재료량,"재료량(4인분) 녹두묵 220g, 숙주나물 60g, 오이 60g, 쇠고기 30g, 미나리 15g, 당근 20g, 간장 18g, 파 10g, 다진 마늘 8g, 참기름 7g, 김 5g, 설탕 5g, 콩기름 4g, 소금 3g, 후춧가루 0.3g",콩기름,4,fdc-reference-171411,"Oil, soybean, salad or cooking",884,https://www.foodsafetykorea.go.kr/popup/sensuousmenuView.do?rcp_menu_no=199,https://fdc.nal.usda.gov/food-details/171411/nutrients,09b2c35fa6aaf63f5170055a34dd5fd9f51a6f97a3ea21d9bf02de799a17deae,2026-10-04,false,73,100,ml
kfind-d714-652000000-0001,MFDS-199,탕평채,공식 레시피 4인분 전체 재료량,"재료량(4인분) 녹두묵 220g, 숙주나물 60g, 오이 60g, 쇠고기 30g, 미나리 15g, 당근 20g, 간장 18g, 파 10g, 다진 마늘 8g, 참기름 7g, 김 5g, 설탕 5g, 콩기름 4g, 소금 3g, 후춧가루 0.3g",소금,3,fdc-reference-173468,"Salt, table",0,https://www.foodsafetykorea.go.kr/popup/sensuousmenuView.do?rcp_menu_no=199,https://fdc.nal.usda.gov/food-details/173468/nutrients,09b2c35fa6aaf63f5170055a34dd5fd9f51a6f97a3ea21d9bf02de799a17deae,2026-10-04,false,73,100,ml
kfind-d614-652000000-0001,MFDS-199,탕평채,공식 레시피 4인분 전체 재료량,"재료량(4인분) 녹두묵 220g, 숙주나물 60g, 오이 60g, 쇠고기 30g, 미나리 15g, 당근 20g, 간장 18g, 파 10g, 다진 마늘 8g, 참기름 7g, 김 5g, 설탕 5g, 콩기름 4g, 소금 3g, 후춧가루 0.3g",오이,60,fdc-reference-168409,"Cucumber, with peel, raw",15,https://www.foodsafetykorea.go.kr/popup/sensuousmenuView.do?rcp_menu_no=199,https://fdc.nal.usda.gov/food-details/168409/nutrients,09b2c35fa6aaf63f5170055a34dd5fd9f51a6f97a3ea21d9bf02de799a17deae,2026-10-04,false,65,100,ml
kfind-d614-652000000-0001,MFDS-199,탕평채,공식 레시피 4인분 전체 재료량,"재료량(4인분) 녹두묵 220g, 숙주나물 60g, 오이 60g, 쇠고기 30g, 미나리 15g, 당근 20g, 간장 18g, 파 10g, 다진 마늘 8g, 참기름 7g, 김 5g, 설탕 5g, 콩기름 4g, 소금 3g, 후춧가루 0.3g",당근,20,fdc-reference-170393,"Carrots, raw",41,https://www.foodsafetykorea.go.kr/popup/sensuousmenuView.do?rcp_menu_no=199,https://fdc.nal.usda.gov/food-details/170393/nutrients,09b2c35fa6aaf63f5170055a34dd5fd9f51a6f97a3ea21d9bf02de799a17deae,2026-10-04,false,65,100,ml
kfind-d614-652000000-0001,MFDS-199,탕평채,공식 레시피 4인분 전체 재료량,"재료량(4인분) 녹두묵 220g, 숙주나물 60g, 오이 60g, 쇠고기 30g, 미나리 15g, 당근 20g, 간장 18g, 파 10g, 다진 마늘 8g, 참기름 7g, 김 5g, 설탕 5g, 콩기름 4g, 소금 3g, 후춧가루 0.3g",다진 마늘,8,fdc-reference-169230,"Garlic, raw",149,https://www.foodsafetykorea.go.kr/popup/sensuousmenuView.do?rcp_menu_no=199,https://fdc.nal.usda.gov/food-details/169230/nutrients,09b2c35fa6aaf63f5170055a34dd5fd9f51a6f97a3ea21d9bf02de799a17deae,2026-10-04,false,65,100,ml
kfind-d614-652000000-0001,MFDS-199,탕평채,공식 레시피 4인분 전체 재료량,"재료량(4인분) 녹두묵 220g, 숙주나물 60g, 오이 60g, 쇠고기 30g, 미나리 15g, 당근 20g, 간장 18g, 파 10g, 다진 마늘 8g, 참기름 7g, 김 5g, 설탕 5g, 콩기름 4g, 소금 3g, 후춧가루 0.3g",설탕,5,fdc-reference-169655,"Sugars, granulated",387,https://www.foodsafetykorea.go.kr/popup/sensuousmenuView.do?rcp_menu_no=199,https://fdc.nal.usda.gov/food-details/169655/nutrients,09b2c35fa6aaf63f5170055a34dd5fd9f51a6f97a3ea21d9bf02de799a17deae,2026-10-04,false,65,100,ml
kfind-d614-652000000-0001,MFDS-199,탕평채,공식 레시피 4인분 전체 재료량,"재료량(4인분) 녹두묵 220g, 숙주나물 60g, 오이 60g, 쇠고기 30g, 미나리 15g, 당근 20g, 간장 18g, 파 10g, 다진 마늘 8g, 참기름 7g, 김 5g, 설탕 5g, 콩기름 4g, 소금 3g, 후춧가루 0.3g",콩기름,4,fdc-reference-171411,"Oil, soybean, salad or cooking",884,https://www.foodsafetykorea.go.kr/popup/sensuousmenuView.do?rcp_menu_no=199,https://fdc.nal.usda.gov/food-details/171411/nutrients,09b2c35fa6aaf63f5170055a34dd5fd9f51a6f97a3ea21d9bf02de799a17deae,2026-10-04,false,65,100,ml
kfind-d614-652000000-0001,MFDS-199,탕평채,공식 레시피 4인분 전체 재료량,"재료량(4인분) 녹두묵 220g, 숙주나물 60g, 오이 60g, 쇠고기 30g, 미나리 15g, 당근 20g, 간장 18g, 파 10g, 다진 마늘 8g, 참기름 7g, 김 5g, 설탕 5g, 콩기름 4g, 소금 3g, 후춧가루 0.3g",소금,3,fdc-reference-173468,"Salt, table",0,https://www.foodsafetykorea.go.kr/popup/sensuousmenuView.do?rcp_menu_no=199,https://fdc.nal.usda.gov/food-details/173468/nutrients,09b2c35fa6aaf63f5170055a34dd5fd9f51a6f97a3ea21d9bf02de799a17deae,2026-10-04,false,65,100,ml
kfind-d414-652000000-0001,MFDS-199,탕평채,공식 레시피 4인분 전체 재료량,"재료량(4인분) 녹두묵 220g, 숙주나물 60g, 오이 60g, 쇠고기 30g, 미나리 15g, 당근 20g, 간장 18g, 파 10g, 다진 마늘 8g, 참기름 7g, 김 5g, 설탕 5g, 콩기름 4g, 소금 3g, 후춧가루 0.3g",오이,60,fdc-reference-168409,"Cucumber, with peel, raw",15,https://www.foodsafetykorea.go.kr/popup/sensuousmenuView.do?rcp_menu_no=199,https://fdc.nal.usda.gov/food-details/168409/nutrients,09b2c35fa6aaf63f5170055a34dd5fd9f51a6f97a3ea21d9bf02de799a17deae,2026-10-04,false,73,100,ml
kfind-d414-652000000-0001,MFDS-199,탕평채,공식 레시피 4인분 전체 재료량,"재료량(4인분) 녹두묵 220g, 숙주나물 60g, 오이 60g, 쇠고기 30g, 미나리 15g, 당근 20g, 간장 18g, 파 10g, 다진 마늘 8g, 참기름 7g, 김 5g, 설탕 5g, 콩기름 4g, 소금 3g, 후춧가루 0.3g",당근,20,fdc-reference-170393,"Carrots, raw",41,https://www.foodsafetykorea.go.kr/popup/sensuousmenuView.do?rcp_menu_no=199,https://fdc.nal.usda.gov/food-details/170393/nutrients,09b2c35fa6aaf63f5170055a34dd5fd9f51a6f97a3ea21d9bf02de799a17deae,2026-10-04,false,73,100,ml
kfind-d414-652000000-0001,MFDS-199,탕평채,공식 레시피 4인분 전체 재료량,"재료량(4인분) 녹두묵 220g, 숙주나물 60g, 오이 60g, 쇠고기 30g, 미나리 15g, 당근 20g, 간장 18g, 파 10g, 다진 마늘 8g, 참기름 7g, 김 5g, 설탕 5g, 콩기름 4g, 소금 3g, 후춧가루 0.3g",다진 마늘,8,fdc-reference-169230,"Garlic, raw",149,https://www.foodsafetykorea.go.kr/popup/sensuousmenuView.do?rcp_menu_no=199,https://fdc.nal.usda.gov/food-details/169230/nutrients,09b2c35fa6aaf63f5170055a34dd5fd9f51a6f97a3ea21d9bf02de799a17deae,2026-10-04,false,73,100,ml
kfind-d414-652000000-0001,MFDS-199,탕평채,공식 레시피 4인분 전체 재료량,"재료량(4인분) 녹두묵 220g, 숙주나물 60g, 오이 60g, 쇠고기 30g, 미나리 15g, 당근 20g, 간장 18g, 파 10g, 다진 마늘 8g, 참기름 7g, 김 5g, 설탕 5g, 콩기름 4g, 소금 3g, 후춧가루 0.3g",설탕,5,fdc-reference-169655,"Sugars, granulated",387,https://www.foodsafetykorea.go.kr/popup/sensuousmenuView.do?rcp_menu_no=199,https://fdc.nal.usda.gov/food-details/169655/nutrients,09b2c35fa6aaf63f5170055a34dd5fd9f51a6f97a3ea21d9bf02de799a17deae,2026-10-04,false,73,100,ml
kfind-d414-652000000-0001,MFDS-199,탕평채,공식 레시피 4인분 전체 재료량,"재료량(4인분) 녹두묵 220g, 숙주나물 60g, 오이 60g, 쇠고기 30g, 미나리 15g, 당근 20g, 간장 18g, 파 10g, 다진 마늘 8g, 참기름 7g, 김 5g, 설탕 5g, 콩기름 4g, 소금 3g, 후춧가루 0.3g",콩기름,4,fdc-reference-171411,"Oil, soybean, salad or cooking",884,https://www.foodsafetykorea.go.kr/popup/sensuousmenuView.do?rcp_menu_no=199,https://fdc.nal.usda.gov/food-details/171411/nutrients,09b2c35fa6aaf63f5170055a34dd5fd9f51a6f97a3ea21d9bf02de799a17deae,2026-10-04,false,73,100,ml
kfind-d414-652000000-0001,MFDS-199,탕평채,공식 레시피 4인분 전체 재료량,"재료량(4인분) 녹두묵 220g, 숙주나물 60g, 오이 60g, 쇠고기 30g, 미나리 15g, 당근 20g, 간장 18g, 파 10g, 다진 마늘 8g, 참기름 7g, 김 5g, 설탕 5g, 콩기름 4g, 소금 3g, 후춧가루 0.3g",소금,3,fdc-reference-173468,"Salt, table",0,https://www.foodsafetykorea.go.kr/popup/sensuousmenuView.do?rcp_menu_no=199,https://fdc.nal.usda.gov/food-details/173468/nutrients,09b2c35fa6aaf63f5170055a34dd5fd9f51a6f97a3ea21d9bf02de799a17deae,2026-10-04,false,73,100,ml
kfind-d514-652000000-0001,MFDS-199,탕평채,공식 레시피 4인분 전체 재료량,"재료량(4인분) 녹두묵 220g, 숙주나물 60g, 오이 60g, 쇠고기 30g, 미나리 15g, 당근 20g, 간장 18g, 파 10g, 다진 마늘 8g, 참기름 7g, 김 5g, 설탕 5g, 콩기름 4g, 소금 3g, 후춧가루 0.3g",오이,60,fdc-reference-168409,"Cucumber, with peel, raw",15,https://www.foodsafetykorea.go.kr/popup/sensuousmenuView.do?rcp_menu_no=199,https://fdc.nal.usda.gov/food-details/168409/nutrients,09b2c35fa6aaf63f5170055a34dd5fd9f51a6f97a3ea21d9bf02de799a17deae,2026-10-04,false,65,100,ml
kfind-d514-652000000-0001,MFDS-199,탕평채,공식 레시피 4인분 전체 재료량,"재료량(4인분) 녹두묵 220g, 숙주나물 60g, 오이 60g, 쇠고기 30g, 미나리 15g, 당근 20g, 간장 18g, 파 10g, 다진 마늘 8g, 참기름 7g, 김 5g, 설탕 5g, 콩기름 4g, 소금 3g, 후춧가루 0.3g",당근,20,fdc-reference-170393,"Carrots, raw",41,https://www.foodsafetykorea.go.kr/popup/sensuousmenuView.do?rcp_menu_no=199,https://fdc.nal.usda.gov/food-details/170393/nutrients,09b2c35fa6aaf63f5170055a34dd5fd9f51a6f97a3ea21d9bf02de799a17deae,2026-10-04,false,65,100,ml
kfind-d514-652000000-0001,MFDS-199,탕평채,공식 레시피 4인분 전체 재료량,"재료량(4인분) 녹두묵 220g, 숙주나물 60g, 오이 60g, 쇠고기 30g, 미나리 15g, 당근 20g, 간장 18g, 파 10g, 다진 마늘 8g, 참기름 7g, 김 5g, 설탕 5g, 콩기름 4g, 소금 3g, 후춧가루 0.3g",다진 마늘,8,fdc-reference-169230,"Garlic, raw",149,https://www.foodsafetykorea.go.kr/popup/sensuousmenuView.do?rcp_menu_no=199,https://fdc.nal.usda.gov/food-details/169230/nutrients,09b2c35fa6aaf63f5170055a34dd5fd9f51a6f97a3ea21d9bf02de799a17deae,2026-10-04,false,65,100,ml
kfind-d514-652000000-0001,MFDS-199,탕평채,공식 레시피 4인분 전체 재료량,"재료량(4인분) 녹두묵 220g, 숙주나물 60g, 오이 60g, 쇠고기 30g, 미나리 15g, 당근 20g, 간장 18g, 파 10g, 다진 마늘 8g, 참기름 7g, 김 5g, 설탕 5g, 콩기름 4g, 소금 3g, 후춧가루 0.3g",설탕,5,fdc-reference-169655,"Sugars, granulated",387,https://www.foodsafetykorea.go.kr/popup/sensuousmenuView.do?rcp_menu_no=199,https://fdc.nal.usda.gov/food-details/169655/nutrients,09b2c35fa6aaf63f5170055a34dd5fd9f51a6f97a3ea21d9bf02de799a17deae,2026-10-04,false,65,100,ml
kfind-d514-652000000-0001,MFDS-199,탕평채,공식 레시피 4인분 전체 재료량,"재료량(4인분) 녹두묵 220g, 숙주나물 60g, 오이 60g, 쇠고기 30g, 미나리 15g, 당근 20g, 간장 18g, 파 10g, 다진 마늘 8g, 참기름 7g, 김 5g, 설탕 5g, 콩기름 4g, 소금 3g, 후춧가루 0.3g",콩기름,4,fdc-reference-171411,"Oil, soybean, salad or cooking",884,https://www.foodsafetykorea.go.kr/popup/sensuousmenuView.do?rcp_menu_no=199,https://fdc.nal.usda.gov/food-details/171411/nutrients,09b2c35fa6aaf63f5170055a34dd5fd9f51a6f97a3ea21d9bf02de799a17deae,2026-10-04,false,65,100,ml
kfind-d514-652000000-0001,MFDS-199,탕평채,공식 레시피 4인분 전체 재료량,"재료량(4인분) 녹두묵 220g, 숙주나물 60g, 오이 60g, 쇠고기 30g, 미나리 15g, 당근 20g, 간장 18g, 파 10g, 다진 마늘 8g, 참기름 7g, 김 5g, 설탕 5g, 콩기름 4g, 소금 3g, 후춧가루 0.3g",소금,3,fdc-reference-173468,"Salt, table",0,https://www.foodsafetykorea.go.kr/popup/sensuousmenuView.do?rcp_menu_no=199,https://fdc.nal.usda.gov/food-details/173468/nutrients,09b2c35fa6aaf63f5170055a34dd5fd9f51a6f97a3ea21d9bf02de799a17deae,2026-10-04,false,65,100,ml
kfind-d314-652000000-0001,MFDS-199,탕평채,공식 레시피 4인분 전체 재료량,"재료량(4인분) 녹두묵 220g, 숙주나물 60g, 오이 60g, 쇠고기 30g, 미나리 15g, 당근 20g, 간장 18g, 파 10g, 다진 마늘 8g, 참기름 7g, 김 5g, 설탕 5g, 콩기름 4g, 소금 3g, 후춧가루 0.3g",오이,60,fdc-reference-168409,"Cucumber, with peel, raw",15,https://www.foodsafetykorea.go.kr/popup/sensuousmenuView.do?rcp_menu_no=199,https://fdc.nal.usda.gov/food-details/168409/nutrients,09b2c35fa6aaf63f5170055a34dd5fd9f51a6f97a3ea21d9bf02de799a17deae,2026-10-04,false,97,100,g
kfind-d314-652000000-0001,MFDS-199,탕평채,공식 레시피 4인분 전체 재료량,"재료량(4인분) 녹두묵 220g, 숙주나물 60g, 오이 60g, 쇠고기 30g, 미나리 15g, 당근 20g, 간장 18g, 파 10g, 다진 마늘 8g, 참기름 7g, 김 5g, 설탕 5g, 콩기름 4g, 소금 3g, 후춧가루 0.3g",당근,20,fdc-reference-170393,"Carrots, raw",41,https://www.foodsafetykorea.go.kr/popup/sensuousmenuView.do?rcp_menu_no=199,https://fdc.nal.usda.gov/food-details/170393/nutrients,09b2c35fa6aaf63f5170055a34dd5fd9f51a6f97a3ea21d9bf02de799a17deae,2026-10-04,false,97,100,g
kfind-d314-652000000-0001,MFDS-199,탕평채,공식 레시피 4인분 전체 재료량,"재료량(4인분) 녹두묵 220g, 숙주나물 60g, 오이 60g, 쇠고기 30g, 미나리 15g, 당근 20g, 간장 18g, 파 10g, 다진 마늘 8g, 참기름 7g, 김 5g, 설탕 5g, 콩기름 4g, 소금 3g, 후춧가루 0.3g",다진 마늘,8,fdc-reference-169230,"Garlic, raw",149,https://www.foodsafetykorea.go.kr/popup/sensuousmenuView.do?rcp_menu_no=199,https://fdc.nal.usda.gov/food-details/169230/nutrients,09b2c35fa6aaf63f5170055a34dd5fd9f51a6f97a3ea21d9bf02de799a17deae,2026-10-04,false,97,100,g
kfind-d314-652000000-0001,MFDS-199,탕평채,공식 레시피 4인분 전체 재료량,"재료량(4인분) 녹두묵 220g, 숙주나물 60g, 오이 60g, 쇠고기 30g, 미나리 15g, 당근 20g, 간장 18g, 파 10g, 다진 마늘 8g, 참기름 7g, 김 5g, 설탕 5g, 콩기름 4g, 소금 3g, 후춧가루 0.3g",설탕,5,fdc-reference-169655,"Sugars, granulated",387,https://www.foodsafetykorea.go.kr/popup/sensuousmenuView.do?rcp_menu_no=199,https://fdc.nal.usda.gov/food-details/169655/nutrients,09b2c35fa6aaf63f5170055a34dd5fd9f51a6f97a3ea21d9bf02de799a17deae,2026-10-04,false,97,100,g
kfind-d314-652000000-0001,MFDS-199,탕평채,공식 레시피 4인분 전체 재료량,"재료량(4인분) 녹두묵 220g, 숙주나물 60g, 오이 60g, 쇠고기 30g, 미나리 15g, 당근 20g, 간장 18g, 파 10g, 다진 마늘 8g, 참기름 7g, 김 5g, 설탕 5g, 콩기름 4g, 소금 3g, 후춧가루 0.3g",콩기름,4,fdc-reference-171411,"Oil, soybean, salad or cooking",884,https://www.foodsafetykorea.go.kr/popup/sensuousmenuView.do?rcp_menu_no=199,https://fdc.nal.usda.gov/food-details/171411/nutrients,09b2c35fa6aaf63f5170055a34dd5fd9f51a6f97a3ea21d9bf02de799a17deae,2026-10-04,false,97,100,g
kfind-d314-652000000-0001,MFDS-199,탕평채,공식 레시피 4인분 전체 재료량,"재료량(4인분) 녹두묵 220g, 숙주나물 60g, 오이 60g, 쇠고기 30g, 미나리 15g, 당근 20g, 간장 18g, 파 10g, 다진 마늘 8g, 참기름 7g, 김 5g, 설탕 5g, 콩기름 4g, 소금 3g, 후춧가루 0.3g",소금,3,fdc-reference-173468,"Salt, table",0,https://www.foodsafetykorea.go.kr/popup/sensuousmenuView.do?rcp_menu_no=199,https://fdc.nal.usda.gov/food-details/173468/nutrients,09b2c35fa6aaf63f5170055a34dd5fd9f51a6f97a3ea21d9bf02de799a17deae,2026-10-04,false,97,100,g
kfind-d610-493000000-0001,MFDS-200,주꾸미볶음,공식 레시피 4인분 전체 재료량,"재료량(4인분) - 주꾸미 200g, 당근 40g, 양배추 80g, 양파 80g, 다진마늘 8g, 생강 4g, 설탕 16g, 소금 4g, 고추 28g, 고추장 20g, 콩기름 20g, 소파 20g",당근,40,fdc-reference-170393,"Carrots, raw",41,https://www.foodsafetykorea.go.kr/popup/sensuousmenuView.do?rcp_menu_no=200,https://fdc.nal.usda.gov/food-details/170393/nutrients,0bc5fbb90bf43c50c56331297656caaa4a30b9c08d3aff64d8670fef222e5182,2026-10-04,false,74,100,ml
kfind-d610-493000000-0001,MFDS-200,주꾸미볶음,공식 레시피 4인분 전체 재료량,"재료량(4인분) - 주꾸미 200g, 당근 40g, 양배추 80g, 양파 80g, 다진마늘 8g, 생강 4g, 설탕 16g, 소금 4g, 고추 28g, 고추장 20g, 콩기름 20g, 소파 20g",양배추,80,fdc-reference-169975,"Cabbage, raw",25,https://www.foodsafetykorea.go.kr/popup/sensuousmenuView.do?rcp_menu_no=200,https://fdc.nal.usda.gov/food-details/169975/nutrients,0bc5fbb90bf43c50c56331297656caaa4a30b9c08d3aff64d8670fef222e5182,2026-10-04,false,74,100,ml
kfind-d610-493000000-0001,MFDS-200,주꾸미볶음,공식 레시피 4인분 전체 재료량,"재료량(4인분) - 주꾸미 200g, 당근 40g, 양배추 80g, 양파 80g, 다진마늘 8g, 생강 4g, 설탕 16g, 소금 4g, 고추 28g, 고추장 20g, 콩기름 20g, 소파 20g",양파,80,fdc-reference-170000,"Onions, raw",40,https://www.foodsafetykorea.go.kr/popup/sensuousmenuView.do?rcp_menu_no=200,https://fdc.nal.usda.gov/food-details/170000/nutrients,0bc5fbb90bf43c50c56331297656caaa4a30b9c08d3aff64d8670fef222e5182,2026-10-04,false,74,100,ml
kfind-d610-493000000-0001,MFDS-200,주꾸미볶음,공식 레시피 4인분 전체 재료량,"재료량(4인분) - 주꾸미 200g, 당근 40g, 양배추 80g, 양파 80g, 다진마늘 8g, 생강 4g, 설탕 16g, 소금 4g, 고추 28g, 고추장 20g, 콩기름 20g, 소파 20g",다진마늘,8,fdc-reference-169230,"Garlic, raw",149,https://www.foodsafetykorea.go.kr/popup/sensuousmenuView.do?rcp_menu_no=200,https://fdc.nal.usda.gov/food-details/169230/nutrients,0bc5fbb90bf43c50c56331297656caaa4a30b9c08d3aff64d8670fef222e5182,2026-10-04,false,74,100,ml
kfind-d610-493000000-0001,MFDS-200,주꾸미볶음,공식 레시피 4인분 전체 재료량,"재료량(4인분) - 주꾸미 200g, 당근 40g, 양배추 80g, 양파 80g, 다진마늘 8g, 생강 4g, 설탕 16g, 소금 4g, 고추 28g, 고추장 20g, 콩기름 20g, 소파 20g",생강,4,fdc-reference-169231,"Ginger root, raw",80,https://www.foodsafetykorea.go.kr/popup/sensuousmenuView.do?rcp_menu_no=200,https://fdc.nal.usda.gov/food-details/169231/nutrients,0bc5fbb90bf43c50c56331297656caaa4a30b9c08d3aff64d8670fef222e5182,2026-10-04,false,74,100,ml
kfind-d610-493000000-0001,MFDS-200,주꾸미볶음,공식 레시피 4인분 전체 재료량,"재료량(4인분) - 주꾸미 200g, 당근 40g, 양배추 80g, 양파 80g, 다진마늘 8g, 생강 4g, 설탕 16g, 소금 4g, 고추 28g, 고추장 20g, 콩기름 20g, 소파 20g",설탕,16,fdc-reference-169655,"Sugars, granulated",387,https://www.foodsafetykorea.go.kr/popup/sensuousmenuView.do?rcp_menu_no=200,https://fdc.nal.usda.gov/food-details/169655/nutrients,0bc5fbb90bf43c50c56331297656caaa4a30b9c08d3aff64d8670fef222e5182,2026-10-04,false,74,100,ml
kfind-d610-493000000-0001,MFDS-200,주꾸미볶음,공식 레시피 4인분 전체 재료량,"재료량(4인분) - 주꾸미 200g, 당근 40g, 양배추 80g, 양파 80g, 다진마늘 8g, 생강 4g, 설탕 16g, 소금 4g, 고추 28g, 고추장 20g, 콩기름 20g, 소파 20g",소금,4,fdc-reference-173468,"Salt, table",0,https://www.foodsafetykorea.go.kr/popup/sensuousmenuView.do?rcp_menu_no=200,https://fdc.nal.usda.gov/food-details/173468/nutrients,0bc5fbb90bf43c50c56331297656caaa4a30b9c08d3aff64d8670fef222e5182,2026-10-04,false,74,100,ml
kfind-d610-493000000-0001,MFDS-200,주꾸미볶음,공식 레시피 4인분 전체 재료량,"재료량(4인분) - 주꾸미 200g, 당근 40g, 양배추 80g, 양파 80g, 다진마늘 8g, 생강 4g, 설탕 16g, 소금 4g, 고추 28g, 고추장 20g, 콩기름 20g, 소파 20g",콩기름,20,fdc-reference-171411,"Oil, soybean, salad or cooking",884,https://www.foodsafetykorea.go.kr/popup/sensuousmenuView.do?rcp_menu_no=200,https://fdc.nal.usda.gov/food-details/171411/nutrients,0bc5fbb90bf43c50c56331297656caaa4a30b9c08d3aff64d8670fef222e5182,2026-10-04,false,74,100,ml
kfind-d410-493000000-0001,MFDS-200,주꾸미볶음,공식 레시피 4인분 전체 재료량,"재료량(4인분) - 주꾸미 200g, 당근 40g, 양배추 80g, 양파 80g, 다진마늘 8g, 생강 4g, 설탕 16g, 소금 4g, 고추 28g, 고추장 20g, 콩기름 20g, 소파 20g",당근,40,fdc-reference-170393,"Carrots, raw",41,https://www.foodsafetykorea.go.kr/popup/sensuousmenuView.do?rcp_menu_no=200,https://fdc.nal.usda.gov/food-details/170393/nutrients,0bc5fbb90bf43c50c56331297656caaa4a30b9c08d3aff64d8670fef222e5182,2026-10-04,false,74,100,ml
kfind-d410-493000000-0001,MFDS-200,주꾸미볶음,공식 레시피 4인분 전체 재료량,"재료량(4인분) - 주꾸미 200g, 당근 40g, 양배추 80g, 양파 80g, 다진마늘 8g, 생강 4g, 설탕 16g, 소금 4g, 고추 28g, 고추장 20g, 콩기름 20g, 소파 20g",양배추,80,fdc-reference-169975,"Cabbage, raw",25,https://www.foodsafetykorea.go.kr/popup/sensuousmenuView.do?rcp_menu_no=200,https://fdc.nal.usda.gov/food-details/169975/nutrients,0bc5fbb90bf43c50c56331297656caaa4a30b9c08d3aff64d8670fef222e5182,2026-10-04,false,74,100,ml
kfind-d410-493000000-0001,MFDS-200,주꾸미볶음,공식 레시피 4인분 전체 재료량,"재료량(4인분) - 주꾸미 200g, 당근 40g, 양배추 80g, 양파 80g, 다진마늘 8g, 생강 4g, 설탕 16g, 소금 4g, 고추 28g, 고추장 20g, 콩기름 20g, 소파 20g",양파,80,fdc-reference-170000,"Onions, raw",40,https://www.foodsafetykorea.go.kr/popup/sensuousmenuView.do?rcp_menu_no=200,https://fdc.nal.usda.gov/food-details/170000/nutrients,0bc5fbb90bf43c50c56331297656caaa4a30b9c08d3aff64d8670fef222e5182,2026-10-04,false,74,100,ml
kfind-d410-493000000-0001,MFDS-200,주꾸미볶음,공식 레시피 4인분 전체 재료량,"재료량(4인분) - 주꾸미 200g, 당근 40g, 양배추 80g, 양파 80g, 다진마늘 8g, 생강 4g, 설탕 16g, 소금 4g, 고추 28g, 고추장 20g, 콩기름 20g, 소파 20g",다진마늘,8,fdc-reference-169230,"Garlic, raw",149,https://www.foodsafetykorea.go.kr/popup/sensuousmenuView.do?rcp_menu_no=200,https://fdc.nal.usda.gov/food-details/169230/nutrients,0bc5fbb90bf43c50c56331297656caaa4a30b9c08d3aff64d8670fef222e5182,2026-10-04,false,74,100,ml
kfind-d410-493000000-0001,MFDS-200,주꾸미볶음,공식 레시피 4인분 전체 재료량,"재료량(4인분) - 주꾸미 200g, 당근 40g, 양배추 80g, 양파 80g, 다진마늘 8g, 생강 4g, 설탕 16g, 소금 4g, 고추 28g, 고추장 20g, 콩기름 20g, 소파 20g",생강,4,fdc-reference-169231,"Ginger root, raw",80,https://www.foodsafetykorea.go.kr/popup/sensuousmenuView.do?rcp_menu_no=200,https://fdc.nal.usda.gov/food-details/169231/nutrients,0bc5fbb90bf43c50c56331297656caaa4a30b9c08d3aff64d8670fef222e5182,2026-10-04,false,74,100,ml
kfind-d410-493000000-0001,MFDS-200,주꾸미볶음,공식 레시피 4인분 전체 재료량,"재료량(4인분) - 주꾸미 200g, 당근 40g, 양배추 80g, 양파 80g, 다진마늘 8g, 생강 4g, 설탕 16g, 소금 4g, 고추 28g, 고추장 20g, 콩기름 20g, 소파 20g",설탕,16,fdc-reference-169655,"Sugars, granulated",387,https://www.foodsafetykorea.go.kr/popup/sensuousmenuView.do?rcp_menu_no=200,https://fdc.nal.usda.gov/food-details/169655/nutrients,0bc5fbb90bf43c50c56331297656caaa4a30b9c08d3aff64d8670fef222e5182,2026-10-04,false,74,100,ml
kfind-d410-493000000-0001,MFDS-200,주꾸미볶음,공식 레시피 4인분 전체 재료량,"재료량(4인분) - 주꾸미 200g, 당근 40g, 양배추 80g, 양파 80g, 다진마늘 8g, 생강 4g, 설탕 16g, 소금 4g, 고추 28g, 고추장 20g, 콩기름 20g, 소파 20g",소금,4,fdc-reference-173468,"Salt, table",0,https://www.foodsafetykorea.go.kr/popup/sensuousmenuView.do?rcp_menu_no=200,https://fdc.nal.usda.gov/food-details/173468/nutrients,0bc5fbb90bf43c50c56331297656caaa4a30b9c08d3aff64d8670fef222e5182,2026-10-04,false,74,100,ml
kfind-d410-493000000-0001,MFDS-200,주꾸미볶음,공식 레시피 4인분 전체 재료량,"재료량(4인분) - 주꾸미 200g, 당근 40g, 양배추 80g, 양파 80g, 다진마늘 8g, 생강 4g, 설탕 16g, 소금 4g, 고추 28g, 고추장 20g, 콩기름 20g, 소파 20g",콩기름,20,fdc-reference-171411,"Oil, soybean, salad or cooking",884,https://www.foodsafetykorea.go.kr/popup/sensuousmenuView.do?rcp_menu_no=200,https://fdc.nal.usda.gov/food-details/171411/nutrients,0bc5fbb90bf43c50c56331297656caaa4a30b9c08d3aff64d8670fef222e5182,2026-10-04,false,74,100,ml
kfind-d310-493000000-0001,MFDS-200,주꾸미볶음,공식 레시피 4인분 전체 재료량,"재료량(4인분) - 주꾸미 200g, 당근 40g, 양배추 80g, 양파 80g, 다진마늘 8g, 생강 4g, 설탕 16g, 소금 4g, 고추 28g, 고추장 20g, 콩기름 20g, 소파 20g",당근,40,fdc-reference-170393,"Carrots, raw",41,https://www.foodsafetykorea.go.kr/popup/sensuousmenuView.do?rcp_menu_no=200,https://fdc.nal.usda.gov/food-details/170393/nutrients,0bc5fbb90bf43c50c56331297656caaa4a30b9c08d3aff64d8670fef222e5182,2026-10-04,false,106,100,g
kfind-d310-493000000-0001,MFDS-200,주꾸미볶음,공식 레시피 4인분 전체 재료량,"재료량(4인분) - 주꾸미 200g, 당근 40g, 양배추 80g, 양파 80g, 다진마늘 8g, 생강 4g, 설탕 16g, 소금 4g, 고추 28g, 고추장 20g, 콩기름 20g, 소파 20g",양배추,80,fdc-reference-169975,"Cabbage, raw",25,https://www.foodsafetykorea.go.kr/popup/sensuousmenuView.do?rcp_menu_no=200,https://fdc.nal.usda.gov/food-details/169975/nutrients,0bc5fbb90bf43c50c56331297656caaa4a30b9c08d3aff64d8670fef222e5182,2026-10-04,false,106,100,g
kfind-d310-493000000-0001,MFDS-200,주꾸미볶음,공식 레시피 4인분 전체 재료량,"재료량(4인분) - 주꾸미 200g, 당근 40g, 양배추 80g, 양파 80g, 다진마늘 8g, 생강 4g, 설탕 16g, 소금 4g, 고추 28g, 고추장 20g, 콩기름 20g, 소파 20g",양파,80,fdc-reference-170000,"Onions, raw",40,https://www.foodsafetykorea.go.kr/popup/sensuousmenuView.do?rcp_menu_no=200,https://fdc.nal.usda.gov/food-details/170000/nutrients,0bc5fbb90bf43c50c56331297656caaa4a30b9c08d3aff64d8670fef222e5182,2026-10-04,false,106,100,g
kfind-d310-493000000-0001,MFDS-200,주꾸미볶음,공식 레시피 4인분 전체 재료량,"재료량(4인분) - 주꾸미 200g, 당근 40g, 양배추 80g, 양파 80g, 다진마늘 8g, 생강 4g, 설탕 16g, 소금 4g, 고추 28g, 고추장 20g, 콩기름 20g, 소파 20g",다진마늘,8,fdc-reference-169230,"Garlic, raw",149,https://www.foodsafetykorea.go.kr/popup/sensuousmenuView.do?rcp_menu_no=200,https://fdc.nal.usda.gov/food-details/169230/nutrients,0bc5fbb90bf43c50c56331297656caaa4a30b9c08d3aff64d8670fef222e5182,2026-10-04,false,106,100,g
kfind-d310-493000000-0001,MFDS-200,주꾸미볶음,공식 레시피 4인분 전체 재료량,"재료량(4인분) - 주꾸미 200g, 당근 40g, 양배추 80g, 양파 80g, 다진마늘 8g, 생강 4g, 설탕 16g, 소금 4g, 고추 28g, 고추장 20g, 콩기름 20g, 소파 20g",생강,4,fdc-reference-169231,"Ginger root, raw",80,https://www.foodsafetykorea.go.kr/popup/sensuousmenuView.do?rcp_menu_no=200,https://fdc.nal.usda.gov/food-details/169231/nutrients,0bc5fbb90bf43c50c56331297656caaa4a30b9c08d3aff64d8670fef222e5182,2026-10-04,false,106,100,g
kfind-d310-493000000-0001,MFDS-200,주꾸미볶음,공식 레시피 4인분 전체 재료량,"재료량(4인분) - 주꾸미 200g, 당근 40g, 양배추 80g, 양파 80g, 다진마늘 8g, 생강 4g, 설탕 16g, 소금 4g, 고추 28g, 고추장 20g, 콩기름 20g, 소파 20g",설탕,16,fdc-reference-169655,"Sugars, granulated",387,https://www.foodsafetykorea.go.kr/popup/sensuousmenuView.do?rcp_menu_no=200,https://fdc.nal.usda.gov/food-details/169655/nutrients,0bc5fbb90bf43c50c56331297656caaa4a30b9c08d3aff64d8670fef222e5182,2026-10-04,false,106,100,g
kfind-d310-493000000-0001,MFDS-200,주꾸미볶음,공식 레시피 4인분 전체 재료량,"재료량(4인분) - 주꾸미 200g, 당근 40g, 양배추 80g, 양파 80g, 다진마늘 8g, 생강 4g, 설탕 16g, 소금 4g, 고추 28g, 고추장 20g, 콩기름 20g, 소파 20g",소금,4,fdc-reference-173468,"Salt, table",0,https://www.foodsafetykorea.go.kr/popup/sensuousmenuView.do?rcp_menu_no=200,https://fdc.nal.usda.gov/food-details/173468/nutrients,0bc5fbb90bf43c50c56331297656caaa4a30b9c08d3aff64d8670fef222e5182,2026-10-04,false,106,100,g
kfind-d310-493000000-0001,MFDS-200,주꾸미볶음,공식 레시피 4인분 전체 재료량,"재료량(4인분) - 주꾸미 200g, 당근 40g, 양배추 80g, 양파 80g, 다진마늘 8g, 생강 4g, 설탕 16g, 소금 4g, 고추 28g, 고추장 20g, 콩기름 20g, 소파 20g",콩기름,20,fdc-reference-171411,"Oil, soybean, salad or cooking",884,https://www.foodsafetykorea.go.kr/popup/sensuousmenuView.do?rcp_menu_no=200,https://fdc.nal.usda.gov/food-details/171411/nutrients,0bc5fbb90bf43c50c56331297656caaa4a30b9c08d3aff64d8670fef222e5182,2026-10-04,false,106,100,g
kfind-d505-253000000-0001,MFDS-202,콩나물국,공식 레시피 4인분 전체 재료량,"재료량(4인분) - 콩나물 160g, 국멸치 10g, 건다시마 5g, 파 10g, 다진 마늘 7g, 홍고추 5g, 소금 3g",다진 마늘,7,fdc-reference-169230,"Garlic, raw",149,https://www.foodsafetykorea.go.kr/popup/sensuousmenuView.do?rcp_menu_no=202,https://fdc.nal.usda.gov/food-details/169230/nutrients,c2129c2454e2f1a8a72d8815aab7c98f1c5d7aa9d12ddc4064389078cb3b3bd8,2026-10-04,false,7,100,ml
kfind-d505-253000000-0001,MFDS-202,콩나물국,공식 레시피 4인분 전체 재료량,"재료량(4인분) - 콩나물 160g, 국멸치 10g, 건다시마 5g, 파 10g, 다진 마늘 7g, 홍고추 5g, 소금 3g",소금,3,fdc-reference-173468,"Salt, table",0,https://www.foodsafetykorea.go.kr/popup/sensuousmenuView.do?rcp_menu_no=202,https://fdc.nal.usda.gov/food-details/173468/nutrients,c2129c2454e2f1a8a72d8815aab7c98f1c5d7aa9d12ddc4064389078cb3b3bd8,2026-10-04,false,7,100,ml
kfind-d405-253000000-0001,MFDS-202,콩나물국,공식 레시피 4인분 전체 재료량,"재료량(4인분) - 콩나물 160g, 국멸치 10g, 건다시마 5g, 파 10g, 다진 마늘 7g, 홍고추 5g, 소금 3g",다진 마늘,7,fdc-reference-169230,"Garlic, raw",149,https://www.foodsafetykorea.go.kr/popup/sensuousmenuView.do?rcp_menu_no=202,https://fdc.nal.usda.gov/food-details/169230/nutrients,c2129c2454e2f1a8a72d8815aab7c98f1c5d7aa9d12ddc4064389078cb3b3bd8,2026-10-04,false,5,100,ml
kfind-d405-253000000-0001,MFDS-202,콩나물국,공식 레시피 4인분 전체 재료량,"재료량(4인분) - 콩나물 160g, 국멸치 10g, 건다시마 5g, 파 10g, 다진 마늘 7g, 홍고추 5g, 소금 3g",소금,3,fdc-reference-173468,"Salt, table",0,https://www.foodsafetykorea.go.kr/popup/sensuousmenuView.do?rcp_menu_no=202,https://fdc.nal.usda.gov/food-details/173468/nutrients,c2129c2454e2f1a8a72d8815aab7c98f1c5d7aa9d12ddc4064389078cb3b3bd8,2026-10-04,false,5,100,ml
kfind-d105-253000000-0001,MFDS-202,콩나물국,공식 레시피 4인분 전체 재료량,"재료량(4인분) - 콩나물 160g, 국멸치 10g, 건다시마 5g, 파 10g, 다진 마늘 7g, 홍고추 5g, 소금 3g",다진 마늘,7,fdc-reference-169230,"Garlic, raw",149,https://www.foodsafetykorea.go.kr/popup/sensuousmenuView.do?rcp_menu_no=202,https://fdc.nal.usda.gov/food-details/169230/nutrients,c2129c2454e2f1a8a72d8815aab7c98f1c5d7aa9d12ddc4064389078cb3b3bd8,2026-10-04,false,6,100,g
kfind-d105-253000000-0001,MFDS-202,콩나물국,공식 레시피 4인분 전체 재료량,"재료량(4인분) - 콩나물 160g, 국멸치 10g, 건다시마 5g, 파 10g, 다진 마늘 7g, 홍고추 5g, 소금 3g",소금,3,fdc-reference-173468,"Salt, table",0,https://www.foodsafetykorea.go.kr/popup/sensuousmenuView.do?rcp_menu_no=202,https://fdc.nal.usda.gov/food-details/173468/nutrients,c2129c2454e2f1a8a72d8815aab7c98f1c5d7aa9d12ddc4064389078cb3b3bd8,2026-10-04,false,6,100,g
kfind-d115-667000000-0001,MFDS-208,나박김치,공식 레시피 4인분 전체 재료량,"재료량(4인분) - 배추 120g, 무 80g, 오이 80g, 미나리 120g, 고춧가루 40g",오이,80,fdc-reference-168409,"Cucumber, with peel, raw",15,https://www.foodsafetykorea.go.kr/popup/sensuousmenuView.do?rcp_menu_no=208,https://fdc.nal.usda.gov/food-details/168409/nutrients,6fc140225015cc10e7f8fe9af90a762dc0756eed3933894218e5b68e6c3ffc95,2026-10-04,false,10,100,g
kfind-d505-277000000-0001,MFDS-209,대합미역국,공식 레시피 4인분 전체 재료량,"재료량(4인분) 대합 130g, 건미역 20g, 다진 마늘 7g, 국간장 6g, 참기름 5g, 소금 3g",다진 마늘,7,fdc-reference-169230,"Garlic, raw",149,https://www.foodsafetykorea.go.kr/popup/sensuousmenuView.do?rcp_menu_no=209,https://fdc.nal.usda.gov/food-details/169230/nutrients,08bcb6df417e606a4995f613931f354e3e8282c00268f79da1ec00d18b6a3497,2026-10-04,false,7,100,ml
kfind-d505-277000000-0001,MFDS-209,대합미역국,공식 레시피 4인분 전체 재료량,"재료량(4인분) 대합 130g, 건미역 20g, 다진 마늘 7g, 국간장 6g, 참기름 5g, 소금 3g",소금,3,fdc-reference-173468,"Salt, table",0,https://www.foodsafetykorea.go.kr/popup/sensuousmenuView.do?rcp_menu_no=209,https://fdc.nal.usda.gov/food-details/173468/nutrients,08bcb6df417e606a4995f613931f354e3e8282c00268f79da1ec00d18b6a3497,2026-10-04,false,7,100,ml
kfind-d705-277000000-0001,MFDS-209,대합미역국,공식 레시피 4인분 전체 재료량,"재료량(4인분) 대합 130g, 건미역 20g, 다진 마늘 7g, 국간장 6g, 참기름 5g, 소금 3g",다진 마늘,7,fdc-reference-169230,"Garlic, raw",149,https://www.foodsafetykorea.go.kr/popup/sensuousmenuView.do?rcp_menu_no=209,https://fdc.nal.usda.gov/food-details/169230/nutrients,08bcb6df417e606a4995f613931f354e3e8282c00268f79da1ec00d18b6a3497,2026-10-04,false,7,100,ml
kfind-d705-277000000-0001,MFDS-209,대합미역국,공식 레시피 4인분 전체 재료량,"재료량(4인분) 대합 130g, 건미역 20g, 다진 마늘 7g, 국간장 6g, 참기름 5g, 소금 3g",소금,3,fdc-reference-173468,"Salt, table",0,https://www.foodsafetykorea.go.kr/popup/sensuousmenuView.do?rcp_menu_no=209,https://fdc.nal.usda.gov/food-details/173468/nutrients,08bcb6df417e606a4995f613931f354e3e8282c00268f79da1ec00d18b6a3497,2026-10-04,false,7,100,ml
kfind-d710-500000000-0001,MFDS-213,표고버섯볶음,공식 레시피 4인분 전체 재료량,"재료량(4인분) - 표고버섯 240g, 당근 40g, 양파 80g, 콩기름 12g",당근,40,fdc-reference-170393,"Carrots, raw",41,https://www.foodsafetykorea.go.kr/popup/sensuousmenuView.do?rcp_menu_no=213,https://fdc.nal.usda.gov/food-details/170393/nutrients,44dc0ca05e6ce6d0cde0662f8878ad951e39411b81cbe2767b7c26e47ff2f21f,2026-10-04,false,35,100,ml
kfind-d710-500000000-0001,MFDS-213,표고버섯볶음,공식 레시피 4인분 전체 재료량,"재료량(4인분) - 표고버섯 240g, 당근 40g, 양파 80g, 콩기름 12g",양파,80,fdc-reference-170000,"Onions, raw",40,https://www.foodsafetykorea.go.kr/popup/sensuousmenuView.do?rcp_menu_no=213,https://fdc.nal.usda.gov/food-details/170000/nutrients,44dc0ca05e6ce6d0cde0662f8878ad951e39411b81cbe2767b7c26e47ff2f21f,2026-10-04,false,35,100,ml
kfind-d710-500000000-0001,MFDS-213,표고버섯볶음,공식 레시피 4인분 전체 재료량,"재료량(4인분) - 표고버섯 240g, 당근 40g, 양파 80g, 콩기름 12g",콩기름,12,fdc-reference-171411,"Oil, soybean, salad or cooking",884,https://www.foodsafetykorea.go.kr/popup/sensuousmenuView.do?rcp_menu_no=213,https://fdc.nal.usda.gov/food-details/171411/nutrients,44dc0ca05e6ce6d0cde0662f8878ad951e39411b81cbe2767b7c26e47ff2f21f,2026-10-04,false,35,100,ml
kfind-d610-500000000-0001,MFDS-213,표고버섯볶음,공식 레시피 4인분 전체 재료량,"재료량(4인분) - 표고버섯 240g, 당근 40g, 양파 80g, 콩기름 12g",당근,40,fdc-reference-170393,"Carrots, raw",41,https://www.foodsafetykorea.go.kr/popup/sensuousmenuView.do?rcp_menu_no=213,https://fdc.nal.usda.gov/food-details/170393/nutrients,44dc0ca05e6ce6d0cde0662f8878ad951e39411b81cbe2767b7c26e47ff2f21f,2026-10-04,false,34,100,ml
kfind-d610-500000000-0001,MFDS-213,표고버섯볶음,공식 레시피 4인분 전체 재료량,"재료량(4인분) - 표고버섯 240g, 당근 40g, 양파 80g, 콩기름 12g",양파,80,fdc-reference-170000,"Onions, raw",40,https://www.foodsafetykorea.go.kr/popup/sensuousmenuView.do?rcp_menu_no=213,https://fdc.nal.usda.gov/food-details/170000/nutrients,44dc0ca05e6ce6d0cde0662f8878ad951e39411b81cbe2767b7c26e47ff2f21f,2026-10-04,false,34,100,ml
kfind-d610-500000000-0001,MFDS-213,표고버섯볶음,공식 레시피 4인분 전체 재료량,"재료량(4인분) - 표고버섯 240g, 당근 40g, 양파 80g, 콩기름 12g",콩기름,12,fdc-reference-171411,"Oil, soybean, salad or cooking",884,https://www.foodsafetykorea.go.kr/popup/sensuousmenuView.do?rcp_menu_no=213,https://fdc.nal.usda.gov/food-details/171411/nutrients,44dc0ca05e6ce6d0cde0662f8878ad951e39411b81cbe2767b7c26e47ff2f21f,2026-10-04,false,34,100,ml
kfind-d410-500000000-0001,MFDS-213,표고버섯볶음,공식 레시피 4인분 전체 재료량,"재료량(4인분) - 표고버섯 240g, 당근 40g, 양파 80g, 콩기름 12g",당근,40,fdc-reference-170393,"Carrots, raw",41,https://www.foodsafetykorea.go.kr/popup/sensuousmenuView.do?rcp_menu_no=213,https://fdc.nal.usda.gov/food-details/170393/nutrients,44dc0ca05e6ce6d0cde0662f8878ad951e39411b81cbe2767b7c26e47ff2f21f,2026-10-04,false,35,100,ml
kfind-d410-500000000-0001,MFDS-213,표고버섯볶음,공식 레시피 4인분 전체 재료량,"재료량(4인분) - 표고버섯 240g, 당근 40g, 양파 80g, 콩기름 12g",양파,80,fdc-reference-170000,"Onions, raw",40,https://www.foodsafetykorea.go.kr/popup/sensuousmenuView.do?rcp_menu_no=213,https://fdc.nal.usda.gov/food-details/170000/nutrients,44dc0ca05e6ce6d0cde0662f8878ad951e39411b81cbe2767b7c26e47ff2f21f,2026-10-04,false,35,100,ml
kfind-d410-500000000-0001,MFDS-213,표고버섯볶음,공식 레시피 4인분 전체 재료량,"재료량(4인분) - 표고버섯 240g, 당근 40g, 양파 80g, 콩기름 12g",콩기름,12,fdc-reference-171411,"Oil, soybean, salad or cooking",884,https://www.foodsafetykorea.go.kr/popup/sensuousmenuView.do?rcp_menu_no=213,https://fdc.nal.usda.gov/food-details/171411/nutrients,44dc0ca05e6ce6d0cde0662f8878ad951e39411b81cbe2767b7c26e47ff2f21f,2026-10-04,false,35,100,ml
kfind-d510-500000000-0001,MFDS-213,표고버섯볶음,공식 레시피 4인분 전체 재료량,"재료량(4인분) - 표고버섯 240g, 당근 40g, 양파 80g, 콩기름 12g",당근,40,fdc-reference-170393,"Carrots, raw",41,https://www.foodsafetykorea.go.kr/popup/sensuousmenuView.do?rcp_menu_no=213,https://fdc.nal.usda.gov/food-details/170393/nutrients,44dc0ca05e6ce6d0cde0662f8878ad951e39411b81cbe2767b7c26e47ff2f21f,2026-10-04,false,35,100,ml
kfind-d510-500000000-0001,MFDS-213,표고버섯볶음,공식 레시피 4인분 전체 재료량,"재료량(4인분) - 표고버섯 240g, 당근 40g, 양파 80g, 콩기름 12g",양파,80,fdc-reference-170000,"Onions, raw",40,https://www.foodsafetykorea.go.kr/popup/sensuousmenuView.do?rcp_menu_no=213,https://fdc.nal.usda.gov/food-details/170000/nutrients,44dc0ca05e6ce6d0cde0662f8878ad951e39411b81cbe2767b7c26e47ff2f21f,2026-10-04,false,35,100,ml
kfind-d510-500000000-0001,MFDS-213,표고버섯볶음,공식 레시피 4인분 전체 재료량,"재료량(4인분) - 표고버섯 240g, 당근 40g, 양파 80g, 콩기름 12g",콩기름,12,fdc-reference-171411,"Oil, soybean, salad or cooking",884,https://www.foodsafetykorea.go.kr/popup/sensuousmenuView.do?rcp_menu_no=213,https://fdc.nal.usda.gov/food-details/171411/nutrients,44dc0ca05e6ce6d0cde0662f8878ad951e39411b81cbe2767b7c26e47ff2f21f,2026-10-04,false,35,100,ml
kfind-d714-639000000-0001,MFDS-215,상추겉절이,공식 레시피 4인분 전체 재료량,"재료량(4인분) - 상추 120g, 쑥갓 40g, 양파 40g, 오이 80g, 고춧가루 20g, 진간장 20g, 식초 20g",양파,40,fdc-reference-170000,"Onions, raw",40,https://www.foodsafetykorea.go.kr/popup/sensuousmenuView.do?rcp_menu_no=215,https://fdc.nal.usda.gov/food-details/170000/nutrients,7a6ced663ba37c1478c97a6383546d2022c4e5f2c2356fc48d6fa77cb129155d,2026-10-04,false,21,100,ml
kfind-d714-639000000-0001,MFDS-215,상추겉절이,공식 레시피 4인분 전체 재료량,"재료량(4인분) - 상추 120g, 쑥갓 40g, 양파 40g, 오이 80g, 고춧가루 20g, 진간장 20g, 식초 20g",오이,80,fdc-reference-168409,"Cucumber, with peel, raw",15,https://www.foodsafetykorea.go.kr/popup/sensuousmenuView.do?rcp_menu_no=215,https://fdc.nal.usda.gov/food-details/168409/nutrients,7a6ced663ba37c1478c97a6383546d2022c4e5f2c2356fc48d6fa77cb129155d,2026-10-04,false,21,100,ml
kfind-d614-639000000-0001,MFDS-215,상추겉절이,공식 레시피 4인분 전체 재료량,"재료량(4인분) - 상추 120g, 쑥갓 40g, 양파 40g, 오이 80g, 고춧가루 20g, 진간장 20g, 식초 20g",양파,40,fdc-reference-170000,"Onions, raw",40,https://www.foodsafetykorea.go.kr/popup/sensuousmenuView.do?rcp_menu_no=215,https://fdc.nal.usda.gov/food-details/170000/nutrients,7a6ced663ba37c1478c97a6383546d2022c4e5f2c2356fc48d6fa77cb129155d,2026-10-04,false,24,100,ml
kfind-d614-639000000-0001,MFDS-215,상추겉절이,공식 레시피 4인분 전체 재료량,"재료량(4인분) - 상추 120g, 쑥갓 40g, 양파 40g, 오이 80g, 고춧가루 20g, 진간장 20g, 식초 20g",오이,80,fdc-reference-168409,"Cucumber, with peel, raw",15,https://www.foodsafetykorea.go.kr/popup/sensuousmenuView.do?rcp_menu_no=215,https://fdc.nal.usda.gov/food-details/168409/nutrients,7a6ced663ba37c1478c97a6383546d2022c4e5f2c2356fc48d6fa77cb129155d,2026-10-04,false,24,100,ml
kfind-d514-639000000-0001,MFDS-215,상추겉절이,공식 레시피 4인분 전체 재료량,"재료량(4인분) - 상추 120g, 쑥갓 40g, 양파 40g, 오이 80g, 고춧가루 20g, 진간장 20g, 식초 20g",양파,40,fdc-reference-170000,"Onions, raw",40,https://www.foodsafetykorea.go.kr/popup/sensuousmenuView.do?rcp_menu_no=215,https://fdc.nal.usda.gov/food-details/170000/nutrients,7a6ced663ba37c1478c97a6383546d2022c4e5f2c2356fc48d6fa77cb129155d,2026-10-04,false,29,100,ml
kfind-d514-639000000-0001,MFDS-215,상추겉절이,공식 레시피 4인분 전체 재료량,"재료량(4인분) - 상추 120g, 쑥갓 40g, 양파 40g, 오이 80g, 고춧가루 20g, 진간장 20g, 식초 20g",오이,80,fdc-reference-168409,"Cucumber, with peel, raw",15,https://www.foodsafetykorea.go.kr/popup/sensuousmenuView.do?rcp_menu_no=215,https://fdc.nal.usda.gov/food-details/168409/nutrients,7a6ced663ba37c1478c97a6383546d2022c4e5f2c2356fc48d6fa77cb129155d,2026-10-04,false,29,100,ml
kfind-d314-639000000-0001,MFDS-215,상추겉절이,공식 레시피 4인분 전체 재료량,"재료량(4인분) - 상추 120g, 쑥갓 40g, 양파 40g, 오이 80g, 고춧가루 20g, 진간장 20g, 식초 20g",양파,40,fdc-reference-170000,"Onions, raw",40,https://www.foodsafetykorea.go.kr/popup/sensuousmenuView.do?rcp_menu_no=215,https://fdc.nal.usda.gov/food-details/170000/nutrients,7a6ced663ba37c1478c97a6383546d2022c4e5f2c2356fc48d6fa77cb129155d,2026-10-04,false,64,100,g
kfind-d314-639000000-0001,MFDS-215,상추겉절이,공식 레시피 4인분 전체 재료량,"재료량(4인분) - 상추 120g, 쑥갓 40g, 양파 40g, 오이 80g, 고춧가루 20g, 진간장 20g, 식초 20g",오이,80,fdc-reference-168409,"Cucumber, with peel, raw",15,https://www.foodsafetykorea.go.kr/popup/sensuousmenuView.do?rcp_menu_no=215,https://fdc.nal.usda.gov/food-details/168409/nutrients,7a6ced663ba37c1478c97a6383546d2022c4e5f2c2356fc48d6fa77cb129155d,2026-10-04,false,64,100,g
kfind-d414-639000000-0001,MFDS-215,상추겉절이,공식 레시피 4인분 전체 재료량,"재료량(4인분) - 상추 120g, 쑥갓 40g, 양파 40g, 오이 80g, 고춧가루 20g, 진간장 20g, 식초 20g",양파,40,fdc-reference-170000,"Onions, raw",40,https://www.foodsafetykorea.go.kr/popup/sensuousmenuView.do?rcp_menu_no=215,https://fdc.nal.usda.gov/food-details/170000/nutrients,7a6ced663ba37c1478c97a6383546d2022c4e5f2c2356fc48d6fa77cb129155d,2026-10-04,false,21,100,ml
kfind-d414-639000000-0001,MFDS-215,상추겉절이,공식 레시피 4인분 전체 재료량,"재료량(4인분) - 상추 120g, 쑥갓 40g, 양파 40g, 오이 80g, 고춧가루 20g, 진간장 20g, 식초 20g",오이,80,fdc-reference-168409,"Cucumber, with peel, raw",15,https://www.foodsafetykorea.go.kr/popup/sensuousmenuView.do?rcp_menu_no=215,https://fdc.nal.usda.gov/food-details/168409/nutrients,7a6ced663ba37c1478c97a6383546d2022c4e5f2c2356fc48d6fa77cb129155d,2026-10-04,false,21,100,ml
kfind-d514-639000000-0002,MFDS-215,상추겉절이,공식 레시피 4인분 전체 재료량,"재료량(4인분) - 상추 120g, 쑥갓 40g, 양파 40g, 오이 80g, 고춧가루 20g, 진간장 20g, 식초 20g",양파,40,fdc-reference-170000,"Onions, raw",40,https://www.foodsafetykorea.go.kr/popup/sensuousmenuView.do?rcp_menu_no=215,https://fdc.nal.usda.gov/food-details/170000/nutrients,7a6ced663ba37c1478c97a6383546d2022c4e5f2c2356fc48d6fa77cb129155d,2026-10-04,false,29,100,ml
kfind-d514-639000000-0002,MFDS-215,상추겉절이,공식 레시피 4인분 전체 재료량,"재료량(4인분) - 상추 120g, 쑥갓 40g, 양파 40g, 오이 80g, 고춧가루 20g, 진간장 20g, 식초 20g",오이,80,fdc-reference-168409,"Cucumber, with peel, raw",15,https://www.foodsafetykorea.go.kr/popup/sensuousmenuView.do?rcp_menu_no=215,https://fdc.nal.usda.gov/food-details/168409/nutrients,7a6ced663ba37c1478c97a6383546d2022c4e5f2c2356fc48d6fa77cb129155d,2026-10-04,false,29,100,ml
kfind-d714-639000000-0002,MFDS-215,상추겉절이,공식 레시피 4인분 전체 재료량,"재료량(4인분) - 상추 120g, 쑥갓 40g, 양파 40g, 오이 80g, 고춧가루 20g, 진간장 20g, 식초 20g",양파,40,fdc-reference-170000,"Onions, raw",40,https://www.foodsafetykorea.go.kr/popup/sensuousmenuView.do?rcp_menu_no=215,https://fdc.nal.usda.gov/food-details/170000/nutrients,7a6ced663ba37c1478c97a6383546d2022c4e5f2c2356fc48d6fa77cb129155d,2026-10-04,false,21,100,ml
kfind-d714-639000000-0002,MFDS-215,상추겉절이,공식 레시피 4인분 전체 재료량,"재료량(4인분) - 상추 120g, 쑥갓 40g, 양파 40g, 오이 80g, 고춧가루 20g, 진간장 20g, 식초 20g",오이,80,fdc-reference-168409,"Cucumber, with peel, raw",15,https://www.foodsafetykorea.go.kr/popup/sensuousmenuView.do?rcp_menu_no=215,https://fdc.nal.usda.gov/food-details/168409/nutrients,7a6ced663ba37c1478c97a6383546d2022c4e5f2c2356fc48d6fa77cb129155d,2026-10-04,false,21,100,ml
kfind-d614-639000000-0002,MFDS-215,상추겉절이,공식 레시피 4인분 전체 재료량,"재료량(4인분) - 상추 120g, 쑥갓 40g, 양파 40g, 오이 80g, 고춧가루 20g, 진간장 20g, 식초 20g",양파,40,fdc-reference-170000,"Onions, raw",40,https://www.foodsafetykorea.go.kr/popup/sensuousmenuView.do?rcp_menu_no=215,https://fdc.nal.usda.gov/food-details/170000/nutrients,7a6ced663ba37c1478c97a6383546d2022c4e5f2c2356fc48d6fa77cb129155d,2026-10-04,false,24,100,ml
kfind-d614-639000000-0002,MFDS-215,상추겉절이,공식 레시피 4인분 전체 재료량,"재료량(4인분) - 상추 120g, 쑥갓 40g, 양파 40g, 오이 80g, 고춧가루 20g, 진간장 20g, 식초 20g",오이,80,fdc-reference-168409,"Cucumber, with peel, raw",15,https://www.foodsafetykorea.go.kr/popup/sensuousmenuView.do?rcp_menu_no=215,https://fdc.nal.usda.gov/food-details/168409/nutrients,7a6ced663ba37c1478c97a6383546d2022c4e5f2c2356fc48d6fa77cb129155d,2026-10-04,false,24,100,ml
kfind-d613-597000000-0001,MFDS-222,콩나물무침,공식 레시피 4인분 전체 재료량,"재료량(4인분) - 콩나물 220g, 파 10g, 다진 마늘 6g, 참기름 4g, 고춧가루 3g, 소금 3g, 통깨 2g",다진 마늘,6,fdc-reference-169230,"Garlic, raw",149,https://www.foodsafetykorea.go.kr/popup/sensuousmenuView.do?rcp_menu_no=222,https://fdc.nal.usda.gov/food-details/169230/nutrients,44a4bffcbc35c7a60208368c1c025371bb38ccc750fc6f80306ac29342d85b0a,2026-10-04,false,19,100,ml
kfind-d613-597000000-0001,MFDS-222,콩나물무침,공식 레시피 4인분 전체 재료량,"재료량(4인분) - 콩나물 220g, 파 10g, 다진 마늘 6g, 참기름 4g, 고춧가루 3g, 소금 3g, 통깨 2g",소금,3,fdc-reference-173468,"Salt, table",0,https://www.foodsafetykorea.go.kr/popup/sensuousmenuView.do?rcp_menu_no=222,https://fdc.nal.usda.gov/food-details/173468/nutrients,44a4bffcbc35c7a60208368c1c025371bb38ccc750fc6f80306ac29342d85b0a,2026-10-04,false,19,100,ml
kfind-d113-597000000-0001,MFDS-222,콩나물무침,공식 레시피 4인분 전체 재료량,"재료량(4인분) - 콩나물 220g, 파 10g, 다진 마늘 6g, 참기름 4g, 고춧가루 3g, 소금 3g, 통깨 2g",다진 마늘,6,fdc-reference-169230,"Garlic, raw",149,https://www.foodsafetykorea.go.kr/popup/sensuousmenuView.do?rcp_menu_no=222,https://fdc.nal.usda.gov/food-details/169230/nutrients,44a4bffcbc35c7a60208368c1c025371bb38ccc750fc6f80306ac29342d85b0a,2026-10-04,false,69,100,g
kfind-d113-597000000-0001,MFDS-222,콩나물무침,공식 레시피 4인분 전체 재료량,"재료량(4인분) - 콩나물 220g, 파 10g, 다진 마늘 6g, 참기름 4g, 고춧가루 3g, 소금 3g, 통깨 2g",소금,3,fdc-reference-173468,"Salt, table",0,https://www.foodsafetykorea.go.kr/popup/sensuousmenuView.do?rcp_menu_no=222,https://fdc.nal.usda.gov/food-details/173468/nutrients,44a4bffcbc35c7a60208368c1c025371bb38ccc750fc6f80306ac29342d85b0a,2026-10-04,false,69,100,g
kfind-d507-353000000-0001,MFDS-233,가지찜,공식 레시피 4인분 전체 재료량,"재료량(4인분) 가지 280g, 진간장 16g, 다진 마늘 8g",다진 마늘,8,fdc-reference-169230,"Garlic, raw",149,https://www.foodsafetykorea.go.kr/popup/sensuousmenuView.do?rcp_menu_no=233,https://fdc.nal.usda.gov/food-details/169230/nutrients,5f385ba5146dcac1acde7029a554470f8a2eb91427f74883fe4e772f513287ee,2026-10-04,false,120,100,ml
kfind-d407-353000000-0001,MFDS-233,가지찜,공식 레시피 4인분 전체 재료량,"재료량(4인분) 가지 280g, 진간장 16g, 다진 마늘 8g",다진 마늘,8,fdc-reference-169230,"Garlic, raw",149,https://www.foodsafetykorea.go.kr/popup/sensuousmenuView.do?rcp_menu_no=233,https://fdc.nal.usda.gov/food-details/169230/nutrients,5f385ba5146dcac1acde7029a554470f8a2eb91427f74883fe4e772f513287ee,2026-10-04,false,120,100,ml
kfind-d408-356000000-0001,MFDS-247,알감자구이,공식 레시피 4인분 전체 재료량,"재료량(4인분) 감자 520g, 소금 2g",감자,520,fdc-reference-170026,"Potatoes, flesh and skin, raw",77,https://www.foodsafetykorea.go.kr/popup/sensuousmenuView.do?rcp_menu_no=247,https://fdc.nal.usda.gov/food-details/170026/nutrients,cd76905fbb317b6b2c046ecf9b48350ca5e6f8e2f75cb3ce38185bda2022ffd6,2026-10-04,true,123,100,ml
kfind-d408-356000000-0001,MFDS-247,알감자구이,공식 레시피 4인분 전체 재료량,"재료량(4인분) 감자 520g, 소금 2g",소금,2,fdc-reference-173468,"Salt, table",0,https://www.foodsafetykorea.go.kr/popup/sensuousmenuView.do?rcp_menu_no=247,https://fdc.nal.usda.gov/food-details/173468/nutrients,cd76905fbb317b6b2c046ecf9b48350ca5e6f8e2f75cb3ce38185bda2022ffd6,2026-10-04,true,123,100,ml
kfind-d708-356000000-0001,MFDS-247,알감자구이,공식 레시피 4인분 전체 재료량,"재료량(4인분) 감자 520g, 소금 2g",감자,520,fdc-reference-170026,"Potatoes, flesh and skin, raw",77,https://www.foodsafetykorea.go.kr/popup/sensuousmenuView.do?rcp_menu_no=247,https://fdc.nal.usda.gov/food-details/170026/nutrients,cd76905fbb317b6b2c046ecf9b48350ca5e6f8e2f75cb3ce38185bda2022ffd6,2026-10-04,true,123,100,ml
kfind-d708-356000000-0001,MFDS-247,알감자구이,공식 레시피 4인분 전체 재료량,"재료량(4인분) 감자 520g, 소금 2g",소금,2,fdc-reference-173468,"Salt, table",0,https://www.foodsafetykorea.go.kr/popup/sensuousmenuView.do?rcp_menu_no=247,https://fdc.nal.usda.gov/food-details/173468/nutrients,cd76905fbb317b6b2c046ecf9b48350ca5e6f8e2f75cb3ce38185bda2022ffd6,2026-10-04,true,123,100,ml
kfind-d608-356000000-0001,MFDS-247,알감자구이,공식 레시피 4인분 전체 재료량,"재료량(4인분) 감자 520g, 소금 2g",감자,520,fdc-reference-170026,"Potatoes, flesh and skin, raw",77,https://www.foodsafetykorea.go.kr/popup/sensuousmenuView.do?rcp_menu_no=247,https://fdc.nal.usda.gov/food-details/170026/nutrients,cd76905fbb317b6b2c046ecf9b48350ca5e6f8e2f75cb3ce38185bda2022ffd6,2026-10-04,true,81,100,ml
kfind-d608-356000000-0001,MFDS-247,알감자구이,공식 레시피 4인분 전체 재료량,"재료량(4인분) 감자 520g, 소금 2g",소금,2,fdc-reference-173468,"Salt, table",0,https://www.foodsafetykorea.go.kr/popup/sensuousmenuView.do?rcp_menu_no=247,https://fdc.nal.usda.gov/food-details/173468/nutrients,cd76905fbb317b6b2c046ecf9b48350ca5e6f8e2f75cb3ce38185bda2022ffd6,2026-10-04,true,81,100,ml
kfind-d508-356000000-0001,MFDS-247,알감자구이,공식 레시피 4인분 전체 재료량,"재료량(4인분) 감자 520g, 소금 2g",감자,520,fdc-reference-170026,"Potatoes, flesh and skin, raw",77,https://www.foodsafetykorea.go.kr/popup/sensuousmenuView.do?rcp_menu_no=247,https://fdc.nal.usda.gov/food-details/170026/nutrients,cd76905fbb317b6b2c046ecf9b48350ca5e6f8e2f75cb3ce38185bda2022ffd6,2026-10-04,true,76,100,ml
kfind-d508-356000000-0001,MFDS-247,알감자구이,공식 레시피 4인분 전체 재료량,"재료량(4인분) 감자 520g, 소금 2g",소금,2,fdc-reference-173468,"Salt, table",0,https://www.foodsafetykorea.go.kr/popup/sensuousmenuView.do?rcp_menu_no=247,https://fdc.nal.usda.gov/food-details/173468/nutrients,cd76905fbb317b6b2c046ecf9b48350ca5e6f8e2f75cb3ce38185bda2022ffd6,2026-10-04,true,76,100,ml
kfind-d315-682000000-0001,MFDS-251,총각김치,공식 레시피 4인분 전체 재료량,"재료량(4인분) 총각무 200g, 대파 20g, 찹쌀가루 20g, 고춧가루 20g, 멸채액젓 20g ,새우젓 32g, 다진 마늘 20g",다진 마늘,20,fdc-reference-169230,"Garlic, raw",149,https://www.foodsafetykorea.go.kr/popup/sensuousmenuView.do?rcp_menu_no=251,https://fdc.nal.usda.gov/food-details/169230/nutrients,738ac20e72f90979178ae9291490227b0865bb50f694487a2241cf01f750ecde,2026-10-04,false,42,100,g
kfind-d111-515000000-0001,MFDS-252,닭조림,공식 레시피 4인분 전체 재료량,"재료량(4인분) - 닭고기 240g, 감자 80g, 당근 60g, 양파 80g, 고추장 20g, 진간장 8g, 마늘 8g, 물엿 20g, 토마토케찹 20g",당근,60,fdc-reference-170393,"Carrots, raw",41,https://www.foodsafetykorea.go.kr/popup/sensuousmenuView.do?rcp_menu_no=252,https://fdc.nal.usda.gov/food-details/170393/nutrients,fb26127ca56ee21ec689f05b6609cec4cd186a0d6303cf85f349fe31744cc4e6,2026-10-04,false,197,100,g
kfind-d111-515000000-0001,MFDS-252,닭조림,공식 레시피 4인분 전체 재료량,"재료량(4인분) - 닭고기 240g, 감자 80g, 당근 60g, 양파 80g, 고추장 20g, 진간장 8g, 마늘 8g, 물엿 20g, 토마토케찹 20g",양파,80,fdc-reference-170000,"Onions, raw",40,https://www.foodsafetykorea.go.kr/popup/sensuousmenuView.do?rcp_menu_no=252,https://fdc.nal.usda.gov/food-details/170000/nutrients,fb26127ca56ee21ec689f05b6609cec4cd186a0d6303cf85f349fe31744cc4e6,2026-10-04,false,197,100,g
kfind-d111-515000000-0001,MFDS-252,닭조림,공식 레시피 4인분 전체 재료량,"재료량(4인분) - 닭고기 240g, 감자 80g, 당근 60g, 양파 80g, 고추장 20g, 진간장 8g, 마늘 8g, 물엿 20g, 토마토케찹 20g",마늘,8,fdc-reference-169230,"Garlic, raw",149,https://www.foodsafetykorea.go.kr/popup/sensuousmenuView.do?rcp_menu_no=252,https://fdc.nal.usda.gov/food-details/169230/nutrients,fb26127ca56ee21ec689f05b6609cec4cd186a0d6303cf85f349fe31744cc4e6,2026-10-04,false,197,100,g
kfind-d511-515000000-0001,MFDS-252,닭조림,공식 레시피 4인분 전체 재료량,"재료량(4인분) - 닭고기 240g, 감자 80g, 당근 60g, 양파 80g, 고추장 20g, 진간장 8g, 마늘 8g, 물엿 20g, 토마토케찹 20g",당근,60,fdc-reference-170393,"Carrots, raw",41,https://www.foodsafetykorea.go.kr/popup/sensuousmenuView.do?rcp_menu_no=252,https://fdc.nal.usda.gov/food-details/170393/nutrients,fb26127ca56ee21ec689f05b6609cec4cd186a0d6303cf85f349fe31744cc4e6,2026-10-04,false,111,100,ml
kfind-d511-515000000-0001,MFDS-252,닭조림,공식 레시피 4인분 전체 재료량,"재료량(4인분) - 닭고기 240g, 감자 80g, 당근 60g, 양파 80g, 고추장 20g, 진간장 8g, 마늘 8g, 물엿 20g, 토마토케찹 20g",양파,80,fdc-reference-170000,"Onions, raw",40,https://www.foodsafetykorea.go.kr/popup/sensuousmenuView.do?rcp_menu_no=252,https://fdc.nal.usda.gov/food-details/170000/nutrients,fb26127ca56ee21ec689f05b6609cec4cd186a0d6303cf85f349fe31744cc4e6,2026-10-04,false,111,100,ml
kfind-d511-515000000-0001,MFDS-252,닭조림,공식 레시피 4인분 전체 재료량,"재료량(4인분) - 닭고기 240g, 감자 80g, 당근 60g, 양파 80g, 고추장 20g, 진간장 8g, 마늘 8g, 물엿 20g, 토마토케찹 20g",마늘,8,fdc-reference-169230,"Garlic, raw",149,https://www.foodsafetykorea.go.kr/popup/sensuousmenuView.do?rcp_menu_no=252,https://fdc.nal.usda.gov/food-details/169230/nutrients,fb26127ca56ee21ec689f05b6609cec4cd186a0d6303cf85f349fe31744cc4e6,2026-10-04,false,111,100,ml
kfind-d611-515000000-0001,MFDS-252,닭조림,공식 레시피 4인분 전체 재료량,"재료량(4인분) - 닭고기 240g, 감자 80g, 당근 60g, 양파 80g, 고추장 20g, 진간장 8g, 마늘 8g, 물엿 20g, 토마토케찹 20g",당근,60,fdc-reference-170393,"Carrots, raw",41,https://www.foodsafetykorea.go.kr/popup/sensuousmenuView.do?rcp_menu_no=252,https://fdc.nal.usda.gov/food-details/170393/nutrients,fb26127ca56ee21ec689f05b6609cec4cd186a0d6303cf85f349fe31744cc4e6,2026-10-04,false,121,100,ml
kfind-d611-515000000-0001,MFDS-252,닭조림,공식 레시피 4인분 전체 재료량,"재료량(4인분) - 닭고기 240g, 감자 80g, 당근 60g, 양파 80g, 고추장 20g, 진간장 8g, 마늘 8g, 물엿 20g, 토마토케찹 20g",양파,80,fdc-reference-170000,"Onions, raw",40,https://www.foodsafetykorea.go.kr/popup/sensuousmenuView.do?rcp_menu_no=252,https://fdc.nal.usda.gov/food-details/170000/nutrients,fb26127ca56ee21ec689f05b6609cec4cd186a0d6303cf85f349fe31744cc4e6,2026-10-04,false,121,100,ml
kfind-d611-515000000-0001,MFDS-252,닭조림,공식 레시피 4인분 전체 재료량,"재료량(4인분) - 닭고기 240g, 감자 80g, 당근 60g, 양파 80g, 고추장 20g, 진간장 8g, 마늘 8g, 물엿 20g, 토마토케찹 20g",마늘,8,fdc-reference-169230,"Garlic, raw",149,https://www.foodsafetykorea.go.kr/popup/sensuousmenuView.do?rcp_menu_no=252,https://fdc.nal.usda.gov/food-details/169230/nutrients,fb26127ca56ee21ec689f05b6609cec4cd186a0d6303cf85f349fe31744cc4e6,2026-10-04,false,121,100,ml
kfind-d411-515000000-0001,MFDS-252,닭조림,공식 레시피 4인분 전체 재료량,"재료량(4인분) - 닭고기 240g, 감자 80g, 당근 60g, 양파 80g, 고추장 20g, 진간장 8g, 마늘 8g, 물엿 20g, 토마토케찹 20g",당근,60,fdc-reference-170393,"Carrots, raw",41,https://www.foodsafetykorea.go.kr/popup/sensuousmenuView.do?rcp_menu_no=252,https://fdc.nal.usda.gov/food-details/170393/nutrients,fb26127ca56ee21ec689f05b6609cec4cd186a0d6303cf85f349fe31744cc4e6,2026-10-04,false,66,100,ml
kfind-d411-515000000-0001,MFDS-252,닭조림,공식 레시피 4인분 전체 재료량,"재료량(4인분) - 닭고기 240g, 감자 80g, 당근 60g, 양파 80g, 고추장 20g, 진간장 8g, 마늘 8g, 물엿 20g, 토마토케찹 20g",양파,80,fdc-reference-170000,"Onions, raw",40,https://www.foodsafetykorea.go.kr/popup/sensuousmenuView.do?rcp_menu_no=252,https://fdc.nal.usda.gov/food-details/170000/nutrients,fb26127ca56ee21ec689f05b6609cec4cd186a0d6303cf85f349fe31744cc4e6,2026-10-04,false,66,100,ml
kfind-d411-515000000-0001,MFDS-252,닭조림,공식 레시피 4인분 전체 재료량,"재료량(4인분) - 닭고기 240g, 감자 80g, 당근 60g, 양파 80g, 고추장 20g, 진간장 8g, 마늘 8g, 물엿 20g, 토마토케찹 20g",마늘,8,fdc-reference-169230,"Garlic, raw",149,https://www.foodsafetykorea.go.kr/popup/sensuousmenuView.do?rcp_menu_no=252,https://fdc.nal.usda.gov/food-details/169230/nutrients,fb26127ca56ee21ec689f05b6609cec4cd186a0d6303cf85f349fe31744cc4e6,2026-10-04,false,66,100,ml
kfind-d711-515000000-0001,MFDS-252,닭조림,공식 레시피 4인분 전체 재료량,"재료량(4인분) - 닭고기 240g, 감자 80g, 당근 60g, 양파 80g, 고추장 20g, 진간장 8g, 마늘 8g, 물엿 20g, 토마토케찹 20g",당근,60,fdc-reference-170393,"Carrots, raw",41,https://www.foodsafetykorea.go.kr/popup/sensuousmenuView.do?rcp_menu_no=252,https://fdc.nal.usda.gov/food-details/170393/nutrients,fb26127ca56ee21ec689f05b6609cec4cd186a0d6303cf85f349fe31744cc4e6,2026-10-04,false,117,100,ml
kfind-d711-515000000-0001,MFDS-252,닭조림,공식 레시피 4인분 전체 재료량,"재료량(4인분) - 닭고기 240g, 감자 80g, 당근 60g, 양파 80g, 고추장 20g, 진간장 8g, 마늘 8g, 물엿 20g, 토마토케찹 20g",양파,80,fdc-reference-170000,"Onions, raw",40,https://www.foodsafetykorea.go.kr/popup/sensuousmenuView.do?rcp_menu_no=252,https://fdc.nal.usda.gov/food-details/170000/nutrients,fb26127ca56ee21ec689f05b6609cec4cd186a0d6303cf85f349fe31744cc4e6,2026-10-04,false,117,100,ml
kfind-d711-515000000-0001,MFDS-252,닭조림,공식 레시피 4인분 전체 재료량,"재료량(4인분) - 닭고기 240g, 감자 80g, 당근 60g, 양파 80g, 고추장 20g, 진간장 8g, 마늘 8g, 물엿 20g, 토마토케찹 20g",마늘,8,fdc-reference-169230,"Garlic, raw",149,https://www.foodsafetykorea.go.kr/popup/sensuousmenuView.do?rcp_menu_no=252,https://fdc.nal.usda.gov/food-details/169230/nutrients,fb26127ca56ee21ec689f05b6609cec4cd186a0d6303cf85f349fe31744cc4e6,2026-10-04,false,117,100,ml
kfind-d410-515000000-0001,MFDS-260,버섯잡채,공식 레시피 4인분 전체 재료량,"재료량(4인분) - 당면 80g, 양파 50g, 쇠고기 50g, 느타리버섯 30g, 표고버섯 30g, 청피망 30g, 당근 30g, 파 10g, 간장 25g, 참기름 6g, 다진 마늘 7g, 설탕 6g, 통깨 2g, 소금 2g, 후춧가루 0.3g",양파,50,fdc-reference-170000,"Onions, raw",40,https://www.foodsafetykorea.go.kr/popup/sensuousmenuView.do?rcp_menu_no=260,https://fdc.nal.usda.gov/food-details/170000/nutrients,bd3de413238b2e98306edd94299370734f2dfb5f1238907719795a1190c2d953,2026-10-04,false,149,100,ml
kfind-d410-515000000-0001,MFDS-260,버섯잡채,공식 레시피 4인분 전체 재료량,"재료량(4인분) - 당면 80g, 양파 50g, 쇠고기 50g, 느타리버섯 30g, 표고버섯 30g, 청피망 30g, 당근 30g, 파 10g, 간장 25g, 참기름 6g, 다진 마늘 7g, 설탕 6g, 통깨 2g, 소금 2g, 후춧가루 0.3g",당근,30,fdc-reference-170393,"Carrots, raw",41,https://www.foodsafetykorea.go.kr/popup/sensuousmenuView.do?rcp_menu_no=260,https://fdc.nal.usda.gov/food-details/170393/nutrients,bd3de413238b2e98306edd94299370734f2dfb5f1238907719795a1190c2d953,2026-10-04,false,149,100,ml
kfind-d410-515000000-0001,MFDS-260,버섯잡채,공식 레시피 4인분 전체 재료량,"재료량(4인분) - 당면 80g, 양파 50g, 쇠고기 50g, 느타리버섯 30g, 표고버섯 30g, 청피망 30g, 당근 30g, 파 10g, 간장 25g, 참기름 6g, 다진 마늘 7g, 설탕 6g, 통깨 2g, 소금 2g, 후춧가루 0.3g",다진 마늘,7,fdc-reference-169230,"Garlic, raw",149,https://www.foodsafetykorea.go.kr/popup/sensuousmenuView.do?rcp_menu_no=260,https://fdc.nal.usda.gov/food-details/169230/nutrients,bd3de413238b2e98306edd94299370734f2dfb5f1238907719795a1190c2d953,2026-10-04,false,149,100,ml
kfind-d410-515000000-0001,MFDS-260,버섯잡채,공식 레시피 4인분 전체 재료량,"재료량(4인분) - 당면 80g, 양파 50g, 쇠고기 50g, 느타리버섯 30g, 표고버섯 30g, 청피망 30g, 당근 30g, 파 10g, 간장 25g, 참기름 6g, 다진 마늘 7g, 설탕 6g, 통깨 2g, 소금 2g, 후춧가루 0.3g",설탕,6,fdc-reference-169655,"Sugars, granulated",387,https://www.foodsafetykorea.go.kr/popup/sensuousmenuView.do?rcp_menu_no=260,https://fdc.nal.usda.gov/food-details/169655/nutrients,bd3de413238b2e98306edd94299370734f2dfb5f1238907719795a1190c2d953,2026-10-04,false,149,100,ml
kfind-d410-515000000-0001,MFDS-260,버섯잡채,공식 레시피 4인분 전체 재료량,"재료량(4인분) - 당면 80g, 양파 50g, 쇠고기 50g, 느타리버섯 30g, 표고버섯 30g, 청피망 30g, 당근 30g, 파 10g, 간장 25g, 참기름 6g, 다진 마늘 7g, 설탕 6g, 통깨 2g, 소금 2g, 후춧가루 0.3g",소금,2,fdc-reference-173468,"Salt, table",0,https://www.foodsafetykorea.go.kr/popup/sensuousmenuView.do?rcp_menu_no=260,https://fdc.nal.usda.gov/food-details/173468/nutrients,bd3de413238b2e98306edd94299370734f2dfb5f1238907719795a1190c2d953,2026-10-04,false,149,100,ml
kfind-d705-213000000-0001,MFDS-261,닭곰탕,공식 레시피 4인분 전체 재료량,"재료량(4인분) 닭고기 160g, 숙주 70g, 무 60g, 고사리 50g, 양파 40g, 파 20g, 다진 마늘 8g, 국간장 7g, 홍고추 5g, 고춧가루 5g, 생강 4g, 소금 3.5g, 후춧가루 0.4g",양파,40,fdc-reference-170000,"Onions, raw",40,https://www.foodsafetykorea.go.kr/popup/sensuousmenuView.do?rcp_menu_no=261,https://fdc.nal.usda.gov/food-details/170000/nutrients,510eeeb51082bf50e1ae6586d9ccce753df6a84e90fe08e3abff8b7b50f10353,2026-10-04,false,48,100,ml
kfind-d705-213000000-0001,MFDS-261,닭곰탕,공식 레시피 4인분 전체 재료량,"재료량(4인분) 닭고기 160g, 숙주 70g, 무 60g, 고사리 50g, 양파 40g, 파 20g, 다진 마늘 8g, 국간장 7g, 홍고추 5g, 고춧가루 5g, 생강 4g, 소금 3.5g, 후춧가루 0.4g",다진 마늘,8,fdc-reference-169230,"Garlic, raw",149,https://www.foodsafetykorea.go.kr/popup/sensuousmenuView.do?rcp_menu_no=261,https://fdc.nal.usda.gov/food-details/169230/nutrients,510eeeb51082bf50e1ae6586d9ccce753df6a84e90fe08e3abff8b7b50f10353,2026-10-04,false,48,100,ml
kfind-d705-213000000-0001,MFDS-261,닭곰탕,공식 레시피 4인분 전체 재료량,"재료량(4인분) 닭고기 160g, 숙주 70g, 무 60g, 고사리 50g, 양파 40g, 파 20g, 다진 마늘 8g, 국간장 7g, 홍고추 5g, 고춧가루 5g, 생강 4g, 소금 3.5g, 후춧가루 0.4g",생강,4,fdc-reference-169231,"Ginger root, raw",80,https://www.foodsafetykorea.go.kr/popup/sensuousmenuView.do?rcp_menu_no=261,https://fdc.nal.usda.gov/food-details/169231/nutrients,510eeeb51082bf50e1ae6586d9ccce753df6a84e90fe08e3abff8b7b50f10353,2026-10-04,false,48,100,ml
kfind-d705-213000000-0001,MFDS-261,닭곰탕,공식 레시피 4인분 전체 재료량,"재료량(4인분) 닭고기 160g, 숙주 70g, 무 60g, 고사리 50g, 양파 40g, 파 20g, 다진 마늘 8g, 국간장 7g, 홍고추 5g, 고춧가루 5g, 생강 4g, 소금 3.5g, 후춧가루 0.4g",소금,3.5,fdc-reference-173468,"Salt, table",0,https://www.foodsafetykorea.go.kr/popup/sensuousmenuView.do?rcp_menu_no=261,https://fdc.nal.usda.gov/food-details/173468/nutrients,510eeeb51082bf50e1ae6586d9ccce753df6a84e90fe08e3abff8b7b50f10353,2026-10-04,false,48,100,ml
kfind-d105-213000000-0001,MFDS-261,닭곰탕,공식 레시피 4인분 전체 재료량,"재료량(4인분) 닭고기 160g, 숙주 70g, 무 60g, 고사리 50g, 양파 40g, 파 20g, 다진 마늘 8g, 국간장 7g, 홍고추 5g, 고춧가루 5g, 생강 4g, 소금 3.5g, 후춧가루 0.4g",양파,40,fdc-reference-170000,"Onions, raw",40,https://www.foodsafetykorea.go.kr/popup/sensuousmenuView.do?rcp_menu_no=261,https://fdc.nal.usda.gov/food-details/170000/nutrients,510eeeb51082bf50e1ae6586d9ccce753df6a84e90fe08e3abff8b7b50f10353,2026-10-04,false,51,100,g
kfind-d105-213000000-0001,MFDS-261,닭곰탕,공식 레시피 4인분 전체 재료량,"재료량(4인분) 닭고기 160g, 숙주 70g, 무 60g, 고사리 50g, 양파 40g, 파 20g, 다진 마늘 8g, 국간장 7g, 홍고추 5g, 고춧가루 5g, 생강 4g, 소금 3.5g, 후춧가루 0.4g",다진 마늘,8,fdc-reference-169230,"Garlic, raw",149,https://www.foodsafetykorea.go.kr/popup/sensuousmenuView.do?rcp_menu_no=261,https://fdc.nal.usda.gov/food-details/169230/nutrients,510eeeb51082bf50e1ae6586d9ccce753df6a84e90fe08e3abff8b7b50f10353,2026-10-04,false,51,100,g
kfind-d105-213000000-0001,MFDS-261,닭곰탕,공식 레시피 4인분 전체 재료량,"재료량(4인분) 닭고기 160g, 숙주 70g, 무 60g, 고사리 50g, 양파 40g, 파 20g, 다진 마늘 8g, 국간장 7g, 홍고추 5g, 고춧가루 5g, 생강 4g, 소금 3.5g, 후춧가루 0.4g",생강,4,fdc-reference-169231,"Ginger root, raw",80,https://www.foodsafetykorea.go.kr/popup/sensuousmenuView.do?rcp_menu_no=261,https://fdc.nal.usda.gov/food-details/169231/nutrients,510eeeb51082bf50e1ae6586d9ccce753df6a84e90fe08e3abff8b7b50f10353,2026-10-04,false,51,100,g
kfind-d105-213000000-0001,MFDS-261,닭곰탕,공식 레시피 4인분 전체 재료량,"재료량(4인분) 닭고기 160g, 숙주 70g, 무 60g, 고사리 50g, 양파 40g, 파 20g, 다진 마늘 8g, 국간장 7g, 홍고추 5g, 고춧가루 5g, 생강 4g, 소금 3.5g, 후춧가루 0.4g",소금,3.5,fdc-reference-173468,"Salt, table",0,https://www.foodsafetykorea.go.kr/popup/sensuousmenuView.do?rcp_menu_no=261,https://fdc.nal.usda.gov/food-details/173468/nutrients,510eeeb51082bf50e1ae6586d9ccce753df6a84e90fe08e3abff8b7b50f10353,2026-10-04,false,51,100,g
kfind-d605-213000000-0001,MFDS-261,닭곰탕,공식 레시피 4인분 전체 재료량,"재료량(4인분) 닭고기 160g, 숙주 70g, 무 60g, 고사리 50g, 양파 40g, 파 20g, 다진 마늘 8g, 국간장 7g, 홍고추 5g, 고춧가루 5g, 생강 4g, 소금 3.5g, 후춧가루 0.4g",양파,40,fdc-reference-170000,"Onions, raw",40,https://www.foodsafetykorea.go.kr/popup/sensuousmenuView.do?rcp_menu_no=261,https://fdc.nal.usda.gov/food-details/170000/nutrients,510eeeb51082bf50e1ae6586d9ccce753df6a84e90fe08e3abff8b7b50f10353,2026-10-04,false,59,100,ml
kfind-d605-213000000-0001,MFDS-261,닭곰탕,공식 레시피 4인분 전체 재료량,"재료량(4인분) 닭고기 160g, 숙주 70g, 무 60g, 고사리 50g, 양파 40g, 파 20g, 다진 마늘 8g, 국간장 7g, 홍고추 5g, 고춧가루 5g, 생강 4g, 소금 3.5g, 후춧가루 0.4g",다진 마늘,8,fdc-reference-169230,"Garlic, raw",149,https://www.foodsafetykorea.go.kr/popup/sensuousmenuView.do?rcp_menu_no=261,https://fdc.nal.usda.gov/food-details/169230/nutrients,510eeeb51082bf50e1ae6586d9ccce753df6a84e90fe08e3abff8b7b50f10353,2026-10-04,false,59,100,ml
kfind-d605-213000000-0001,MFDS-261,닭곰탕,공식 레시피 4인분 전체 재료량,"재료량(4인분) 닭고기 160g, 숙주 70g, 무 60g, 고사리 50g, 양파 40g, 파 20g, 다진 마늘 8g, 국간장 7g, 홍고추 5g, 고춧가루 5g, 생강 4g, 소금 3.5g, 후춧가루 0.4g",생강,4,fdc-reference-169231,"Ginger root, raw",80,https://www.foodsafetykorea.go.kr/popup/sensuousmenuView.do?rcp_menu_no=261,https://fdc.nal.usda.gov/food-details/169231/nutrients,510eeeb51082bf50e1ae6586d9ccce753df6a84e90fe08e3abff8b7b50f10353,2026-10-04,false,59,100,ml
kfind-d605-213000000-0001,MFDS-261,닭곰탕,공식 레시피 4인분 전체 재료량,"재료량(4인분) 닭고기 160g, 숙주 70g, 무 60g, 고사리 50g, 양파 40g, 파 20g, 다진 마늘 8g, 국간장 7g, 홍고추 5g, 고춧가루 5g, 생강 4g, 소금 3.5g, 후춧가루 0.4g",소금,3.5,fdc-reference-173468,"Salt, table",0,https://www.foodsafetykorea.go.kr/popup/sensuousmenuView.do?rcp_menu_no=261,https://fdc.nal.usda.gov/food-details/173468/nutrients,510eeeb51082bf50e1ae6586d9ccce753df6a84e90fe08e3abff8b7b50f10353,2026-10-04,false,59,100,ml
kfind-d505-213000000-0001,MFDS-261,닭곰탕,공식 레시피 4인분 전체 재료량,"재료량(4인분) 닭고기 160g, 숙주 70g, 무 60g, 고사리 50g, 양파 40g, 파 20g, 다진 마늘 8g, 국간장 7g, 홍고추 5g, 고춧가루 5g, 생강 4g, 소금 3.5g, 후춧가루 0.4g",양파,40,fdc-reference-170000,"Onions, raw",40,https://www.foodsafetykorea.go.kr/popup/sensuousmenuView.do?rcp_menu_no=261,https://fdc.nal.usda.gov/food-details/170000/nutrients,510eeeb51082bf50e1ae6586d9ccce753df6a84e90fe08e3abff8b7b50f10353,2026-10-04,false,48,100,ml
kfind-d505-213000000-0001,MFDS-261,닭곰탕,공식 레시피 4인분 전체 재료량,"재료량(4인분) 닭고기 160g, 숙주 70g, 무 60g, 고사리 50g, 양파 40g, 파 20g, 다진 마늘 8g, 국간장 7g, 홍고추 5g, 고춧가루 5g, 생강 4g, 소금 3.5g, 후춧가루 0.4g",다진 마늘,8,fdc-reference-169230,"Garlic, raw",149,https://www.foodsafetykorea.go.kr/popup/sensuousmenuView.do?rcp_menu_no=261,https://fdc.nal.usda.gov/food-details/169230/nutrients,510eeeb51082bf50e1ae6586d9ccce753df6a84e90fe08e3abff8b7b50f10353,2026-10-04,false,48,100,ml
kfind-d505-213000000-0001,MFDS-261,닭곰탕,공식 레시피 4인분 전체 재료량,"재료량(4인분) 닭고기 160g, 숙주 70g, 무 60g, 고사리 50g, 양파 40g, 파 20g, 다진 마늘 8g, 국간장 7g, 홍고추 5g, 고춧가루 5g, 생강 4g, 소금 3.5g, 후춧가루 0.4g",생강,4,fdc-reference-169231,"Ginger root, raw",80,https://www.foodsafetykorea.go.kr/popup/sensuousmenuView.do?rcp_menu_no=261,https://fdc.nal.usda.gov/food-details/169231/nutrients,510eeeb51082bf50e1ae6586d9ccce753df6a84e90fe08e3abff8b7b50f10353,2026-10-04,false,48,100,ml
kfind-d505-213000000-0001,MFDS-261,닭곰탕,공식 레시피 4인분 전체 재료량,"재료량(4인분) 닭고기 160g, 숙주 70g, 무 60g, 고사리 50g, 양파 40g, 파 20g, 다진 마늘 8g, 국간장 7g, 홍고추 5g, 고춧가루 5g, 생강 4g, 소금 3.5g, 후춧가루 0.4g",소금,3.5,fdc-reference-173468,"Salt, table",0,https://www.foodsafetykorea.go.kr/popup/sensuousmenuView.do?rcp_menu_no=261,https://fdc.nal.usda.gov/food-details/173468/nutrients,510eeeb51082bf50e1ae6586d9ccce753df6a84e90fe08e3abff8b7b50f10353,2026-10-04,false,48,100,ml
kfind-d405-213000000-0001,MFDS-261,닭곰탕,공식 레시피 4인분 전체 재료량,"재료량(4인분) 닭고기 160g, 숙주 70g, 무 60g, 고사리 50g, 양파 40g, 파 20g, 다진 마늘 8g, 국간장 7g, 홍고추 5g, 고춧가루 5g, 생강 4g, 소금 3.5g, 후춧가루 0.4g",양파,40,fdc-reference-170000,"Onions, raw",40,https://www.foodsafetykorea.go.kr/popup/sensuousmenuView.do?rcp_menu_no=261,https://fdc.nal.usda.gov/food-details/170000/nutrients,510eeeb51082bf50e1ae6586d9ccce753df6a84e90fe08e3abff8b7b50f10353,2026-10-04,false,50,100,ml
kfind-d405-213000000-0001,MFDS-261,닭곰탕,공식 레시피 4인분 전체 재료량,"재료량(4인분) 닭고기 160g, 숙주 70g, 무 60g, 고사리 50g, 양파 40g, 파 20g, 다진 마늘 8g, 국간장 7g, 홍고추 5g, 고춧가루 5g, 생강 4g, 소금 3.5g, 후춧가루 0.4g",다진 마늘,8,fdc-reference-169230,"Garlic, raw",149,https://www.foodsafetykorea.go.kr/popup/sensuousmenuView.do?rcp_menu_no=261,https://fdc.nal.usda.gov/food-details/169230/nutrients,510eeeb51082bf50e1ae6586d9ccce753df6a84e90fe08e3abff8b7b50f10353,2026-10-04,false,50,100,ml
kfind-d405-213000000-0001,MFDS-261,닭곰탕,공식 레시피 4인분 전체 재료량,"재료량(4인분) 닭고기 160g, 숙주 70g, 무 60g, 고사리 50g, 양파 40g, 파 20g, 다진 마늘 8g, 국간장 7g, 홍고추 5g, 고춧가루 5g, 생강 4g, 소금 3.5g, 후춧가루 0.4g",생강,4,fdc-reference-169231,"Ginger root, raw",80,https://www.foodsafetykorea.go.kr/popup/sensuousmenuView.do?rcp_menu_no=261,https://fdc.nal.usda.gov/food-details/169231/nutrients,510eeeb51082bf50e1ae6586d9ccce753df6a84e90fe08e3abff8b7b50f10353,2026-10-04,false,50,100,ml
kfind-d405-213000000-0001,MFDS-261,닭곰탕,공식 레시피 4인분 전체 재료량,"재료량(4인분) 닭고기 160g, 숙주 70g, 무 60g, 고사리 50g, 양파 40g, 파 20g, 다진 마늘 8g, 국간장 7g, 홍고추 5g, 고춧가루 5g, 생강 4g, 소금 3.5g, 후춧가루 0.4g",소금,3.5,fdc-reference-173468,"Salt, table",0,https://www.foodsafetykorea.go.kr/popup/sensuousmenuView.do?rcp_menu_no=261,https://fdc.nal.usda.gov/food-details/173468/nutrients,510eeeb51082bf50e1ae6586d9ccce753df6a84e90fe08e3abff8b7b50f10353,2026-10-04,false,50,100,ml
kfind-d407-347000000-0001,MFDS-270,풋고추찜,공식 레시피 4인분 전체 재료량,"재료량(4인분) 풋고추 170g, 찹쌀가루 25g, 간장 17g, 파 15g, 다진 마늘 7g, 참기름 6g, 설탕 5g, 통깨 2g",다진 마늘,7,fdc-reference-169230,"Garlic, raw",149,https://www.foodsafetykorea.go.kr/popup/sensuousmenuView.do?rcp_menu_no=270,https://fdc.nal.usda.gov/food-details/169230/nutrients,4c04dd3d14405df77ff41e4f21714a67bd11395c27c4931641f70c764bc1a6b4,2026-10-04,false,55,100,ml
kfind-d407-347000000-0001,MFDS-270,풋고추찜,공식 레시피 4인분 전체 재료량,"재료량(4인분) 풋고추 170g, 찹쌀가루 25g, 간장 17g, 파 15g, 다진 마늘 7g, 참기름 6g, 설탕 5g, 통깨 2g",설탕,5,fdc-reference-169655,"Sugars, granulated",387,https://www.foodsafetykorea.go.kr/popup/sensuousmenuView.do?rcp_menu_no=270,https://fdc.nal.usda.gov/food-details/169655/nutrients,4c04dd3d14405df77ff41e4f21714a67bd11395c27c4931641f70c764bc1a6b4,2026-10-04,false,55,100,ml
kfind-d107-347000000-0001,MFDS-270,풋고추찜,공식 레시피 4인분 전체 재료량,"재료량(4인분) 풋고추 170g, 찹쌀가루 25g, 간장 17g, 파 15g, 다진 마늘 7g, 참기름 6g, 설탕 5g, 통깨 2g",다진 마늘,7,fdc-reference-169230,"Garlic, raw",149,https://www.foodsafetykorea.go.kr/popup/sensuousmenuView.do?rcp_menu_no=270,https://fdc.nal.usda.gov/food-details/169230/nutrients,4c04dd3d14405df77ff41e4f21714a67bd11395c27c4931641f70c764bc1a6b4,2026-10-04,false,51,100,g
kfind-d107-347000000-0001,MFDS-270,풋고추찜,공식 레시피 4인분 전체 재료량,"재료량(4인분) 풋고추 170g, 찹쌀가루 25g, 간장 17g, 파 15g, 다진 마늘 7g, 참기름 6g, 설탕 5g, 통깨 2g",설탕,5,fdc-reference-169655,"Sugars, granulated",387,https://www.foodsafetykorea.go.kr/popup/sensuousmenuView.do?rcp_menu_no=270,https://fdc.nal.usda.gov/food-details/169655/nutrients,4c04dd3d14405df77ff41e4f21714a67bd11395c27c4931641f70c764bc1a6b4,2026-10-04,false,51,100,g
kfind-d406-314000000-0001,MFDS-300,대구탕,공식 레시피 4인분 전체 재료량,"재료량(4인분) - 대구 280g, 대파 12g, 무 160g, 소금8g, 생강4g, 고춧가루8g",소금,8,fdc-reference-173468,"Salt, table",0,https://www.foodsafetykorea.go.kr/popup/sensuousmenuView.do?rcp_menu_no=300,https://fdc.nal.usda.gov/food-details/173468/nutrients,593a97f7f74e776c4e1111e5043072907b098476334d48e8de424d5aae2dac78,2026-10-04,false,45,100,ml
kfind-d406-314000000-0001,MFDS-300,대구탕,공식 레시피 4인분 전체 재료량,"재료량(4인분) - 대구 280g, 대파 12g, 무 160g, 소금8g, 생강4g, 고춧가루8g",생강,4,fdc-reference-169231,"Ginger root, raw",80,https://www.foodsafetykorea.go.kr/popup/sensuousmenuView.do?rcp_menu_no=300,https://fdc.nal.usda.gov/food-details/169231/nutrients,593a97f7f74e776c4e1111e5043072907b098476334d48e8de424d5aae2dac78,2026-10-04,false,45,100,ml
kfind-d411-528000000-0001,MFDS-311,연근조림,공식 레시피 4인분 전체 재료량,"재료량(4인분) - 연근 200g, 진간장 40g, 물엿 20g, 콩기름 4g",콩기름,4,fdc-reference-171411,"Oil, soybean, salad or cooking",884,https://www.foodsafetykorea.go.kr/popup/sensuousmenuView.do?rcp_menu_no=311,https://fdc.nal.usda.gov/food-details/171411/nutrients,d71580198305be38f606b9167751bc90d6aab19fd3a9b6834a9ce75eac124f43,2026-10-04,false,71,100,ml
kfind-d311-528000000-0001,MFDS-311,연근조림,공식 레시피 4인분 전체 재료량,"재료량(4인분) - 연근 200g, 진간장 40g, 물엿 20g, 콩기름 4g",콩기름,4,fdc-reference-171411,"Oil, soybean, salad or cooking",884,https://www.foodsafetykorea.go.kr/popup/sensuousmenuView.do?rcp_menu_no=311,https://fdc.nal.usda.gov/food-details/171411/nutrients,d71580198305be38f606b9167751bc90d6aab19fd3a9b6834a9ce75eac124f43,2026-10-04,false,261,100,g
kfind-d711-528000000-0001,MFDS-311,연근조림,공식 레시피 4인분 전체 재료량,"재료량(4인분) - 연근 200g, 진간장 40g, 물엿 20g, 콩기름 4g",콩기름,4,fdc-reference-171411,"Oil, soybean, salad or cooking",884,https://www.foodsafetykorea.go.kr/popup/sensuousmenuView.do?rcp_menu_no=311,https://fdc.nal.usda.gov/food-details/171411/nutrients,d71580198305be38f606b9167751bc90d6aab19fd3a9b6834a9ce75eac124f43,2026-10-04,false,76,100,ml
kfind-d611-528000000-0001,MFDS-311,연근조림,공식 레시피 4인분 전체 재료량,"재료량(4인분) - 연근 200g, 진간장 40g, 물엿 20g, 콩기름 4g",콩기름,4,fdc-reference-171411,"Oil, soybean, salad or cooking",884,https://www.foodsafetykorea.go.kr/popup/sensuousmenuView.do?rcp_menu_no=311,https://fdc.nal.usda.gov/food-details/171411/nutrients,d71580198305be38f606b9167751bc90d6aab19fd3a9b6834a9ce75eac124f43,2026-10-04,false,185,100,ml
kfind-d511-528000000-0001,MFDS-311,연근조림,공식 레시피 4인분 전체 재료량,"재료량(4인분) - 연근 200g, 진간장 40g, 물엿 20g, 콩기름 4g",콩기름,4,fdc-reference-171411,"Oil, soybean, salad or cooking",884,https://www.foodsafetykorea.go.kr/popup/sensuousmenuView.do?rcp_menu_no=311,https://fdc.nal.usda.gov/food-details/171411/nutrients,d71580198305be38f606b9167751bc90d6aab19fd3a9b6834a9ce75eac124f43,2026-10-04,false,76,100,ml
kfind-d111-528000000-0001,MFDS-311,연근조림,공식 레시피 4인분 전체 재료량,"재료량(4인분) - 연근 200g, 진간장 40g, 물엿 20g, 콩기름 4g",콩기름,4,fdc-reference-171411,"Oil, soybean, salad or cooking",884,https://www.foodsafetykorea.go.kr/popup/sensuousmenuView.do?rcp_menu_no=311,https://fdc.nal.usda.gov/food-details/171411/nutrients,d71580198305be38f606b9167751bc90d6aab19fd3a9b6834a9ce75eac124f43,2026-10-04,false,174,100,g
kfind-d613-586000000-0001,MFDS-332,시금치나물,공식 레시피 4인분 전체 재료량,"재료량(4인분) - 간장 8g, 깨소금 4g, 다진마늘 4g, 소금 4g, 시금치 280g, 참기름 4g, 깨소금 4g, 콩기름 4g, 파 28g",다진마늘,4,fdc-reference-169230,"Garlic, raw",149,https://www.foodsafetykorea.go.kr/popup/sensuousmenuView.do?rcp_menu_no=332,https://fdc.nal.usda.gov/food-details/169230/nutrients,2b97f79bc7db8d96f58c986a2dbe9470cb83012c87410192f46a521e2d66e86c,2026-10-04,false,27,100,ml
kfind-d613-586000000-0001,MFDS-332,시금치나물,공식 레시피 4인분 전체 재료량,"재료량(4인분) - 간장 8g, 깨소금 4g, 다진마늘 4g, 소금 4g, 시금치 280g, 참기름 4g, 깨소금 4g, 콩기름 4g, 파 28g",소금,4,fdc-reference-173468,"Salt, table",0,https://www.foodsafetykorea.go.kr/popup/sensuousmenuView.do?rcp_menu_no=332,https://fdc.nal.usda.gov/food-details/173468/nutrients,2b97f79bc7db8d96f58c986a2dbe9470cb83012c87410192f46a521e2d66e86c,2026-10-04,false,27,100,ml
kfind-d613-586000000-0001,MFDS-332,시금치나물,공식 레시피 4인분 전체 재료량,"재료량(4인분) - 간장 8g, 깨소금 4g, 다진마늘 4g, 소금 4g, 시금치 280g, 참기름 4g, 깨소금 4g, 콩기름 4g, 파 28g",콩기름,4,fdc-reference-171411,"Oil, soybean, salad or cooking",884,https://www.foodsafetykorea.go.kr/popup/sensuousmenuView.do?rcp_menu_no=332,https://fdc.nal.usda.gov/food-details/171411/nutrients,2b97f79bc7db8d96f58c986a2dbe9470cb83012c87410192f46a521e2d66e86c,2026-10-04,false,27,100,ml
kfind-d113-586000000-0001,MFDS-332,시금치나물,공식 레시피 4인분 전체 재료량,"재료량(4인분) - 간장 8g, 깨소금 4g, 다진마늘 4g, 소금 4g, 시금치 280g, 참기름 4g, 깨소금 4g, 콩기름 4g, 파 28g",다진마늘,4,fdc-reference-169230,"Garlic, raw",149,https://www.foodsafetykorea.go.kr/popup/sensuousmenuView.do?rcp_menu_no=332,https://fdc.nal.usda.gov/food-details/169230/nutrients,2b97f79bc7db8d96f58c986a2dbe9470cb83012c87410192f46a521e2d66e86c,2026-10-04,false,69,100,g
kfind-d113-586000000-0001,MFDS-332,시금치나물,공식 레시피 4인분 전체 재료량,"재료량(4인분) - 간장 8g, 깨소금 4g, 다진마늘 4g, 소금 4g, 시금치 280g, 참기름 4g, 깨소금 4g, 콩기름 4g, 파 28g",소금,4,fdc-reference-173468,"Salt, table",0,https://www.foodsafetykorea.go.kr/popup/sensuousmenuView.do?rcp_menu_no=332,https://fdc.nal.usda.gov/food-details/173468/nutrients,2b97f79bc7db8d96f58c986a2dbe9470cb83012c87410192f46a521e2d66e86c,2026-10-04,false,69,100,g
kfind-d113-586000000-0001,MFDS-332,시금치나물,공식 레시피 4인분 전체 재료량,"재료량(4인분) - 간장 8g, 깨소금 4g, 다진마늘 4g, 소금 4g, 시금치 280g, 참기름 4g, 깨소금 4g, 콩기름 4g, 파 28g",콩기름,4,fdc-reference-171411,"Oil, soybean, salad or cooking",884,https://www.foodsafetykorea.go.kr/popup/sensuousmenuView.do?rcp_menu_no=332,https://fdc.nal.usda.gov/food-details/171411/nutrients,2b97f79bc7db8d96f58c986a2dbe9470cb83012c87410192f46a521e2d66e86c,2026-10-04,false,69,100,g
kfind-d713-586000000-0001,MFDS-332,시금치나물,공식 레시피 4인분 전체 재료량,"재료량(4인분) - 간장 8g, 깨소금 4g, 다진마늘 4g, 소금 4g, 시금치 280g, 참기름 4g, 깨소금 4g, 콩기름 4g, 파 28g",다진마늘,4,fdc-reference-169230,"Garlic, raw",149,https://www.foodsafetykorea.go.kr/popup/sensuousmenuView.do?rcp_menu_no=332,https://fdc.nal.usda.gov/food-details/169230/nutrients,2b97f79bc7db8d96f58c986a2dbe9470cb83012c87410192f46a521e2d66e86c,2026-10-04,false,25,100,ml
kfind-d713-586000000-0001,MFDS-332,시금치나물,공식 레시피 4인분 전체 재료량,"재료량(4인분) - 간장 8g, 깨소금 4g, 다진마늘 4g, 소금 4g, 시금치 280g, 참기름 4g, 깨소금 4g, 콩기름 4g, 파 28g",소금,4,fdc-reference-173468,"Salt, table",0,https://www.foodsafetykorea.go.kr/popup/sensuousmenuView.do?rcp_menu_no=332,https://fdc.nal.usda.gov/food-details/173468/nutrients,2b97f79bc7db8d96f58c986a2dbe9470cb83012c87410192f46a521e2d66e86c,2026-10-04,false,25,100,ml
kfind-d713-586000000-0001,MFDS-332,시금치나물,공식 레시피 4인분 전체 재료량,"재료량(4인분) - 간장 8g, 깨소금 4g, 다진마늘 4g, 소금 4g, 시금치 280g, 참기름 4g, 깨소금 4g, 콩기름 4g, 파 28g",콩기름,4,fdc-reference-171411,"Oil, soybean, salad or cooking",884,https://www.foodsafetykorea.go.kr/popup/sensuousmenuView.do?rcp_menu_no=332,https://fdc.nal.usda.gov/food-details/171411/nutrients,2b97f79bc7db8d96f58c986a2dbe9470cb83012c87410192f46a521e2d66e86c,2026-10-04,false,25,100,ml
kfind-d513-586000000-0001,MFDS-332,시금치나물,공식 레시피 4인분 전체 재료량,"재료량(4인분) - 간장 8g, 깨소금 4g, 다진마늘 4g, 소금 4g, 시금치 280g, 참기름 4g, 깨소금 4g, 콩기름 4g, 파 28g",다진마늘,4,fdc-reference-169230,"Garlic, raw",149,https://www.foodsafetykorea.go.kr/popup/sensuousmenuView.do?rcp_menu_no=332,https://fdc.nal.usda.gov/food-details/169230/nutrients,2b97f79bc7db8d96f58c986a2dbe9470cb83012c87410192f46a521e2d66e86c,2026-10-04,false,27,100,ml
kfind-d513-586000000-0001,MFDS-332,시금치나물,공식 레시피 4인분 전체 재료량,"재료량(4인분) - 간장 8g, 깨소금 4g, 다진마늘 4g, 소금 4g, 시금치 280g, 참기름 4g, 깨소금 4g, 콩기름 4g, 파 28g",소금,4,fdc-reference-173468,"Salt, table",0,https://www.foodsafetykorea.go.kr/popup/sensuousmenuView.do?rcp_menu_no=332,https://fdc.nal.usda.gov/food-details/173468/nutrients,2b97f79bc7db8d96f58c986a2dbe9470cb83012c87410192f46a521e2d66e86c,2026-10-04,false,27,100,ml
kfind-d513-586000000-0001,MFDS-332,시금치나물,공식 레시피 4인분 전체 재료량,"재료량(4인분) - 간장 8g, 깨소금 4g, 다진마늘 4g, 소금 4g, 시금치 280g, 참기름 4g, 깨소금 4g, 콩기름 4g, 파 28g",콩기름,4,fdc-reference-171411,"Oil, soybean, salad or cooking",884,https://www.foodsafetykorea.go.kr/popup/sensuousmenuView.do?rcp_menu_no=332,https://fdc.nal.usda.gov/food-details/171411/nutrients,2b97f79bc7db8d96f58c986a2dbe9470cb83012c87410192f46a521e2d66e86c,2026-10-04,false,27,100,ml
kfind-d712-570000000-0001,MFDS-338,새우튀김,공식 레시피 4인분 전체 재료량,"재료량(4인분) - 새우 160g, 콩기름 20g, 밀가루 92g, 소금 8g",콩기름,20,fdc-reference-171411,"Oil, soybean, salad or cooking",884,https://www.foodsafetykorea.go.kr/popup/sensuousmenuView.do?rcp_menu_no=338,https://fdc.nal.usda.gov/food-details/171411/nutrients,99c5ee1dc4a143f4f8db2f4bcc04dd75d9e1076a44dfb3822245d8e0fa6e3918,2026-10-04,false,145,100,ml
kfind-d712-570000000-0001,MFDS-338,새우튀김,공식 레시피 4인분 전체 재료량,"재료량(4인분) - 새우 160g, 콩기름 20g, 밀가루 92g, 소금 8g",소금,8,fdc-reference-173468,"Salt, table",0,https://www.foodsafetykorea.go.kr/popup/sensuousmenuView.do?rcp_menu_no=338,https://fdc.nal.usda.gov/food-details/173468/nutrients,99c5ee1dc4a143f4f8db2f4bcc04dd75d9e1076a44dfb3822245d8e0fa6e3918,2026-10-04,false,145,100,ml
kfind-d612-570000000-0001,MFDS-338,새우튀김,공식 레시피 4인분 전체 재료량,"재료량(4인분) - 새우 160g, 콩기름 20g, 밀가루 92g, 소금 8g",콩기름,20,fdc-reference-171411,"Oil, soybean, salad or cooking",884,https://www.foodsafetykorea.go.kr/popup/sensuousmenuView.do?rcp_menu_no=338,https://fdc.nal.usda.gov/food-details/171411/nutrients,99c5ee1dc4a143f4f8db2f4bcc04dd75d9e1076a44dfb3822245d8e0fa6e3918,2026-10-04,false,145,100,ml
kfind-d612-570000000-0001,MFDS-338,새우튀김,공식 레시피 4인분 전체 재료량,"재료량(4인분) - 새우 160g, 콩기름 20g, 밀가루 92g, 소금 8g",소금,8,fdc-reference-173468,"Salt, table",0,https://www.foodsafetykorea.go.kr/popup/sensuousmenuView.do?rcp_menu_no=338,https://fdc.nal.usda.gov/food-details/173468/nutrients,99c5ee1dc4a143f4f8db2f4bcc04dd75d9e1076a44dfb3822245d8e0fa6e3918,2026-10-04,false,145,100,ml
kfind-d412-570000000-0001,MFDS-338,새우튀김,공식 레시피 4인분 전체 재료량,"재료량(4인분) - 새우 160g, 콩기름 20g, 밀가루 92g, 소금 8g",콩기름,20,fdc-reference-171411,"Oil, soybean, salad or cooking",884,https://www.foodsafetykorea.go.kr/popup/sensuousmenuView.do?rcp_menu_no=338,https://fdc.nal.usda.gov/food-details/171411/nutrients,99c5ee1dc4a143f4f8db2f4bcc04dd75d9e1076a44dfb3822245d8e0fa6e3918,2026-10-04,false,145,100,ml
kfind-d412-570000000-0001,MFDS-338,새우튀김,공식 레시피 4인분 전체 재료량,"재료량(4인분) - 새우 160g, 콩기름 20g, 밀가루 92g, 소금 8g",소금,8,fdc-reference-173468,"Salt, table",0,https://www.foodsafetykorea.go.kr/popup/sensuousmenuView.do?rcp_menu_no=338,https://fdc.nal.usda.gov/food-details/173468/nutrients,99c5ee1dc4a143f4f8db2f4bcc04dd75d9e1076a44dfb3822245d8e0fa6e3918,2026-10-04,false,145,100,ml
kfind-d512-570000000-0001,MFDS-338,새우튀김,공식 레시피 4인분 전체 재료량,"재료량(4인분) - 새우 160g, 콩기름 20g, 밀가루 92g, 소금 8g",콩기름,20,fdc-reference-171411,"Oil, soybean, salad or cooking",884,https://www.foodsafetykorea.go.kr/popup/sensuousmenuView.do?rcp_menu_no=338,https://fdc.nal.usda.gov/food-details/171411/nutrients,99c5ee1dc4a143f4f8db2f4bcc04dd75d9e1076a44dfb3822245d8e0fa6e3918,2026-10-04,false,145,100,ml
kfind-d512-570000000-0001,MFDS-338,새우튀김,공식 레시피 4인분 전체 재료량,"재료량(4인분) - 새우 160g, 콩기름 20g, 밀가루 92g, 소금 8g",소금,8,fdc-reference-173468,"Salt, table",0,https://www.foodsafetykorea.go.kr/popup/sensuousmenuView.do?rcp_menu_no=338,https://fdc.nal.usda.gov/food-details/173468/nutrients,99c5ee1dc4a143f4f8db2f4bcc04dd75d9e1076a44dfb3822245d8e0fa6e3918,2026-10-04,false,145,100,ml
kfind-d407-358000000-0001,MFDS-341,도미찜,공식 레시피 4인분 전체 재료량,"재료량(4인분) - 간장 40g, 고춧가루 12g, 깨소금 4g, 돔 280g, 다진마늘 8g, 무 120g, 미나리 40g, 생강 4g, 쑥갓 20g, 양파 40g, 참기름 4g, 콩나물 40g",다진마늘,8,fdc-reference-169230,"Garlic, raw",149,https://www.foodsafetykorea.go.kr/popup/sensuousmenuView.do?rcp_menu_no=341,https://fdc.nal.usda.gov/food-details/169230/nutrients,4074fc9962b1266c503fbe2dc572e45299d77099e97df077e8391a45e4523c47,2026-10-04,false,52,100,ml
kfind-d407-358000000-0001,MFDS-341,도미찜,공식 레시피 4인분 전체 재료량,"재료량(4인분) - 간장 40g, 고춧가루 12g, 깨소금 4g, 돔 280g, 다진마늘 8g, 무 120g, 미나리 40g, 생강 4g, 쑥갓 20g, 양파 40g, 참기름 4g, 콩나물 40g",생강,4,fdc-reference-169231,"Ginger root, raw",80,https://www.foodsafetykorea.go.kr/popup/sensuousmenuView.do?rcp_menu_no=341,https://fdc.nal.usda.gov/food-details/169231/nutrients,4074fc9962b1266c503fbe2dc572e45299d77099e97df077e8391a45e4523c47,2026-10-04,false,52,100,ml
kfind-d407-358000000-0001,MFDS-341,도미찜,공식 레시피 4인분 전체 재료량,"재료량(4인분) - 간장 40g, 고춧가루 12g, 깨소금 4g, 돔 280g, 다진마늘 8g, 무 120g, 미나리 40g, 생강 4g, 쑥갓 20g, 양파 40g, 참기름 4g, 콩나물 40g",양파,40,fdc-reference-170000,"Onions, raw",40,https://www.foodsafetykorea.go.kr/popup/sensuousmenuView.do?rcp_menu_no=341,https://fdc.nal.usda.gov/food-details/170000/nutrients,4074fc9962b1266c503fbe2dc572e45299d77099e97df077e8391a45e4523c47,2026-10-04,false,52,100,ml
kfind-d411-526000000-0001,MFDS-343,양미리조림,공식 레시피 4인분 전체 재료량,"재료량(4인분) - 양미리 160g, 무160g, 풋고추 8g, 간장 40g, 고춧가루4g, 마늘 8g, 양파 40g, 물엿 12g, 청주 20g",마늘,8,fdc-reference-169230,"Garlic, raw",149,https://www.foodsafetykorea.go.kr/popup/sensuousmenuView.do?rcp_menu_no=343,https://fdc.nal.usda.gov/food-details/169230/nutrients,ccb5afd15a1ffce76cd82dc134036b75410e6cb2f04c7528afd59793c63cd6dc,2026-10-04,false,143,100,ml
kfind-d411-526000000-0001,MFDS-343,양미리조림,공식 레시피 4인분 전체 재료량,"재료량(4인분) - 양미리 160g, 무160g, 풋고추 8g, 간장 40g, 고춧가루4g, 마늘 8g, 양파 40g, 물엿 12g, 청주 20g",양파,40,fdc-reference-170000,"Onions, raw",40,https://www.foodsafetykorea.go.kr/popup/sensuousmenuView.do?rcp_menu_no=343,https://fdc.nal.usda.gov/food-details/170000/nutrients,ccb5afd15a1ffce76cd82dc134036b75410e6cb2f04c7528afd59793c63cd6dc,2026-10-04,false,143,100,ml
kfind-d711-526000000-0001,MFDS-343,양미리조림,공식 레시피 4인분 전체 재료량,"재료량(4인분) - 양미리 160g, 무160g, 풋고추 8g, 간장 40g, 고춧가루4g, 마늘 8g, 양파 40g, 물엿 12g, 청주 20g",마늘,8,fdc-reference-169230,"Garlic, raw",149,https://www.foodsafetykorea.go.kr/popup/sensuousmenuView.do?rcp_menu_no=343,https://fdc.nal.usda.gov/food-details/169230/nutrients,ccb5afd15a1ffce76cd82dc134036b75410e6cb2f04c7528afd59793c63cd6dc,2026-10-04,false,143,100,ml
kfind-d711-526000000-0001,MFDS-343,양미리조림,공식 레시피 4인분 전체 재료량,"재료량(4인분) - 양미리 160g, 무160g, 풋고추 8g, 간장 40g, 고춧가루4g, 마늘 8g, 양파 40g, 물엿 12g, 청주 20g",양파,40,fdc-reference-170000,"Onions, raw",40,https://www.foodsafetykorea.go.kr/popup/sensuousmenuView.do?rcp_menu_no=343,https://fdc.nal.usda.gov/food-details/170000/nutrients,ccb5afd15a1ffce76cd82dc134036b75410e6cb2f04c7528afd59793c63cd6dc,2026-10-04,false,143,100,ml
kfind-d111-526000000-0001,MFDS-343,양미리조림,공식 레시피 4인분 전체 재료량,"재료량(4인분) - 양미리 160g, 무160g, 풋고추 8g, 간장 40g, 고춧가루4g, 마늘 8g, 양파 40g, 물엿 12g, 청주 20g",마늘,8,fdc-reference-169230,"Garlic, raw",149,https://www.foodsafetykorea.go.kr/popup/sensuousmenuView.do?rcp_menu_no=343,https://fdc.nal.usda.gov/food-details/169230/nutrients,ccb5afd15a1ffce76cd82dc134036b75410e6cb2f04c7528afd59793c63cd6dc,2026-10-04,false,65,100,g
kfind-d111-526000000-0001,MFDS-343,양미리조림,공식 레시피 4인분 전체 재료량,"재료량(4인분) - 양미리 160g, 무160g, 풋고추 8g, 간장 40g, 고춧가루4g, 마늘 8g, 양파 40g, 물엿 12g, 청주 20g",양파,40,fdc-reference-170000,"Onions, raw",40,https://www.foodsafetykorea.go.kr/popup/sensuousmenuView.do?rcp_menu_no=343,https://fdc.nal.usda.gov/food-details/170000/nutrients,ccb5afd15a1ffce76cd82dc134036b75410e6cb2f04c7528afd59793c63cd6dc,2026-10-04,false,65,100,g
kfind-d113-592000000-0001,MFDS-350,유채나물,공식 레시피 4인분 전체 재료량,"재료량(4인분) - 유채나물 280g, 소금 4g, 다진파 28g, 참기름 4g, 간장 8g",소금,4,fdc-reference-173468,"Salt, table",0,https://www.foodsafetykorea.go.kr/popup/sensuousmenuView.do?rcp_menu_no=350,https://fdc.nal.usda.gov/food-details/173468/nutrients,ecb9f3f115ce6b4e95904299bf480737c27a8a4bf354b249c312d912d8738348,2026-10-04,false,96,100,g
kfind-d713-592000000-0001,MFDS-350,유채나물,공식 레시피 4인분 전체 재료량,"재료량(4인분) - 유채나물 280g, 소금 4g, 다진파 28g, 참기름 4g, 간장 8g",소금,4,fdc-reference-173468,"Salt, table",0,https://www.foodsafetykorea.go.kr/popup/sensuousmenuView.do?rcp_menu_no=350,https://fdc.nal.usda.gov/food-details/173468/nutrients,ecb9f3f115ce6b4e95904299bf480737c27a8a4bf354b249c312d912d8738348,2026-10-04,false,36,100,ml
kfind-d513-592000000-0001,MFDS-350,유채나물,공식 레시피 4인분 전체 재료량,"재료량(4인분) - 유채나물 280g, 소금 4g, 다진파 28g, 참기름 4g, 간장 8g",소금,4,fdc-reference-173468,"Salt, table",0,https://www.foodsafetykorea.go.kr/popup/sensuousmenuView.do?rcp_menu_no=350,https://fdc.nal.usda.gov/food-details/173468/nutrients,ecb9f3f115ce6b4e95904299bf480737c27a8a4bf354b249c312d912d8738348,2026-10-04,false,50,100,ml
kfind-d413-592000000-0001,MFDS-350,유채나물,공식 레시피 4인분 전체 재료량,"재료량(4인분) - 유채나물 280g, 소금 4g, 다진파 28g, 참기름 4g, 간장 8g",소금,4,fdc-reference-173468,"Salt, table",0,https://www.foodsafetykorea.go.kr/popup/sensuousmenuView.do?rcp_menu_no=350,https://fdc.nal.usda.gov/food-details/173468/nutrients,ecb9f3f115ce6b4e95904299bf480737c27a8a4bf354b249c312d912d8738348,2026-10-04,false,36,100,ml
kfind-d613-592000000-0001,MFDS-350,유채나물,공식 레시피 4인분 전체 재료량,"재료량(4인분) - 유채나물 280g, 소금 4g, 다진파 28g, 참기름 4g, 간장 8g",소금,4,fdc-reference-173468,"Salt, table",0,https://www.foodsafetykorea.go.kr/popup/sensuousmenuView.do?rcp_menu_no=350,https://fdc.nal.usda.gov/food-details/173468/nutrients,ecb9f3f115ce6b4e95904299bf480737c27a8a4bf354b249c312d912d8738348,2026-10-04,false,50,100,ml
kfind-d706-295000000-0001,RDA-90430,오리탕,공식 원문에 제시된 전체 재료량 (인분 수 미확인),"감자 300g(2개), 무 100g, 당근 50g(1/3개), 건삼 2뿌리, 양파 50g(1/3개), 느타리버섯 50g(약 3개), 쑥갓 20g, 미나리 20g, 오리 1kg(1마리), 밤 50g(3개), 대추 10g(3개), 대파 35g(1뿌리), 들깨 (간것) 3큰술, 다진 양파 적량, 물 적량, <양념장> 고추장 3큰술, 고춧가루1큰술, 소금 1큰술, 청주 2큰술, 다진 마늘 1큰술, 적량 <오리고기 밑간용> 청주, 다진마늘 적량, 후춧가루 약간",당근,50,fdc-reference-170393,"Carrots, raw",41,https://www.nics.go.kr/food/kfi/tfSrch08/view?menuId=PS03520&tfcode=90430,https://fdc.nal.usda.gov/food-details/170393/nutrients,c1124b479aefdbea449ae9a982e3f6cdc7b3809fc523925ed750c9845afcccf3,2026-10-04,false,169,100,ml
kfind-d706-295000000-0001,RDA-90430,오리탕,공식 원문에 제시된 전체 재료량 (인분 수 미확인),"감자 300g(2개), 무 100g, 당근 50g(1/3개), 건삼 2뿌리, 양파 50g(1/3개), 느타리버섯 50g(약 3개), 쑥갓 20g, 미나리 20g, 오리 1kg(1마리), 밤 50g(3개), 대추 10g(3개), 대파 35g(1뿌리), 들깨 (간것) 3큰술, 다진 양파 적량, 물 적량, <양념장> 고추장 3큰술, 고춧가루1큰술, 소금 1큰술, 청주 2큰술, 다진 마늘 1큰술, 적량 <오리고기 밑간용> 청주, 다진마늘 적량, 후춧가루 약간",양파,50,fdc-reference-170000,"Onions, raw",40,https://www.nics.go.kr/food/kfi/tfSrch08/view?menuId=PS03520&tfcode=90430,https://fdc.nal.usda.gov/food-details/170000/nutrients,c1124b479aefdbea449ae9a982e3f6cdc7b3809fc523925ed750c9845afcccf3,2026-10-04,false,169,100,ml
kfind-d406-295000000-0001,RDA-90430,오리탕,공식 원문에 제시된 전체 재료량 (인분 수 미확인),"감자 300g(2개), 무 100g, 당근 50g(1/3개), 건삼 2뿌리, 양파 50g(1/3개), 느타리버섯 50g(약 3개), 쑥갓 20g, 미나리 20g, 오리 1kg(1마리), 밤 50g(3개), 대추 10g(3개), 대파 35g(1뿌리), 들깨 (간것) 3큰술, 다진 양파 적량, 물 적량, <양념장> 고추장 3큰술, 고춧가루1큰술, 소금 1큰술, 청주 2큰술, 다진 마늘 1큰술, 적량 <오리고기 밑간용> 청주, 다진마늘 적량, 후춧가루 약간",당근,50,fdc-reference-170393,"Carrots, raw",41,https://www.nics.go.kr/food/kfi/tfSrch08/view?menuId=PS03520&tfcode=90430,https://fdc.nal.usda.gov/food-details/170393/nutrients,c1124b479aefdbea449ae9a982e3f6cdc7b3809fc523925ed750c9845afcccf3,2026-10-04,false,104,100,ml
kfind-d406-295000000-0001,RDA-90430,오리탕,공식 원문에 제시된 전체 재료량 (인분 수 미확인),"감자 300g(2개), 무 100g, 당근 50g(1/3개), 건삼 2뿌리, 양파 50g(1/3개), 느타리버섯 50g(약 3개), 쑥갓 20g, 미나리 20g, 오리 1kg(1마리), 밤 50g(3개), 대추 10g(3개), 대파 35g(1뿌리), 들깨 (간것) 3큰술, 다진 양파 적량, 물 적량, <양념장> 고추장 3큰술, 고춧가루1큰술, 소금 1큰술, 청주 2큰술, 다진 마늘 1큰술, 적량 <오리고기 밑간용> 청주, 다진마늘 적량, 후춧가루 약간",양파,50,fdc-reference-170000,"Onions, raw",40,https://www.nics.go.kr/food/kfi/tfSrch08/view?menuId=PS03520&tfcode=90430,https://fdc.nal.usda.gov/food-details/170000/nutrients,c1124b479aefdbea449ae9a982e3f6cdc7b3809fc523925ed750c9845afcccf3,2026-10-04,false,104,100,ml
kfind-d606-295000000-0001,RDA-90430,오리탕,공식 원문에 제시된 전체 재료량 (인분 수 미확인),"감자 300g(2개), 무 100g, 당근 50g(1/3개), 건삼 2뿌리, 양파 50g(1/3개), 느타리버섯 50g(약 3개), 쑥갓 20g, 미나리 20g, 오리 1kg(1마리), 밤 50g(3개), 대추 10g(3개), 대파 35g(1뿌리), 들깨 (간것) 3큰술, 다진 양파 적량, 물 적량, <양념장> 고추장 3큰술, 고춧가루1큰술, 소금 1큰술, 청주 2큰술, 다진 마늘 1큰술, 적량 <오리고기 밑간용> 청주, 다진마늘 적량, 후춧가루 약간",당근,50,fdc-reference-170393,"Carrots, raw",41,https://www.nics.go.kr/food/kfi/tfSrch08/view?menuId=PS03520&tfcode=90430,https://fdc.nal.usda.gov/food-details/170393/nutrients,c1124b479aefdbea449ae9a982e3f6cdc7b3809fc523925ed750c9845afcccf3,2026-10-04,false,79,100,ml
kfind-d606-295000000-0001,RDA-90430,오리탕,공식 원문에 제시된 전체 재료량 (인분 수 미확인),"감자 300g(2개), 무 100g, 당근 50g(1/3개), 건삼 2뿌리, 양파 50g(1/3개), 느타리버섯 50g(약 3개), 쑥갓 20g, 미나리 20g, 오리 1kg(1마리), 밤 50g(3개), 대추 10g(3개), 대파 35g(1뿌리), 들깨 (간것) 3큰술, 다진 양파 적량, 물 적량, <양념장> 고추장 3큰술, 고춧가루1큰술, 소금 1큰술, 청주 2큰술, 다진 마늘 1큰술, 적량 <오리고기 밑간용> 청주, 다진마늘 적량, 후춧가루 약간",양파,50,fdc-reference-170000,"Onions, raw",40,https://www.nics.go.kr/food/kfi/tfSrch08/view?menuId=PS03520&tfcode=90430,https://fdc.nal.usda.gov/food-details/170000/nutrients,c1124b479aefdbea449ae9a982e3f6cdc7b3809fc523925ed750c9845afcccf3,2026-10-04,false,79,100,ml
kfind-d506-295000000-0001,RDA-90430,오리탕,공식 원문에 제시된 전체 재료량 (인분 수 미확인),"감자 300g(2개), 무 100g, 당근 50g(1/3개), 건삼 2뿌리, 양파 50g(1/3개), 느타리버섯 50g(약 3개), 쑥갓 20g, 미나리 20g, 오리 1kg(1마리), 밤 50g(3개), 대추 10g(3개), 대파 35g(1뿌리), 들깨 (간것) 3큰술, 다진 양파 적량, 물 적량, <양념장> 고추장 3큰술, 고춧가루1큰술, 소금 1큰술, 청주 2큰술, 다진 마늘 1큰술, 적량 <오리고기 밑간용> 청주, 다진마늘 적량, 후춧가루 약간",당근,50,fdc-reference-170393,"Carrots, raw",41,https://www.nics.go.kr/food/kfi/tfSrch08/view?menuId=PS03520&tfcode=90430,https://fdc.nal.usda.gov/food-details/170393/nutrients,c1124b479aefdbea449ae9a982e3f6cdc7b3809fc523925ed750c9845afcccf3,2026-10-04,false,79,100,ml
kfind-d506-295000000-0001,RDA-90430,오리탕,공식 원문에 제시된 전체 재료량 (인분 수 미확인),"감자 300g(2개), 무 100g, 당근 50g(1/3개), 건삼 2뿌리, 양파 50g(1/3개), 느타리버섯 50g(약 3개), 쑥갓 20g, 미나리 20g, 오리 1kg(1마리), 밤 50g(3개), 대추 10g(3개), 대파 35g(1뿌리), 들깨 (간것) 3큰술, 다진 양파 적량, 물 적량, <양념장> 고추장 3큰술, 고춧가루1큰술, 소금 1큰술, 청주 2큰술, 다진 마늘 1큰술, 적량 <오리고기 밑간용> 청주, 다진마늘 적량, 후춧가루 약간",양파,50,fdc-reference-170000,"Onions, raw",40,https://www.nics.go.kr/food/kfi/tfSrch08/view?menuId=PS03520&tfcode=90430,https://fdc.nal.usda.gov/food-details/170000/nutrients,c1124b479aefdbea449ae9a982e3f6cdc7b3809fc523925ed750c9845afcccf3,2026-10-04,false,79,100,ml
kfind-d106-295000000-0001,RDA-90430,오리탕,공식 원문에 제시된 전체 재료량 (인분 수 미확인),"감자 300g(2개), 무 100g, 당근 50g(1/3개), 건삼 2뿌리, 양파 50g(1/3개), 느타리버섯 50g(약 3개), 쑥갓 20g, 미나리 20g, 오리 1kg(1마리), 밤 50g(3개), 대추 10g(3개), 대파 35g(1뿌리), 들깨 (간것) 3큰술, 다진 양파 적량, 물 적량, <양념장> 고추장 3큰술, 고춧가루1큰술, 소금 1큰술, 청주 2큰술, 다진 마늘 1큰술, 적량 <오리고기 밑간용> 청주, 다진마늘 적량, 후춧가루 약간",당근,50,fdc-reference-170393,"Carrots, raw",41,https://www.nics.go.kr/food/kfi/tfSrch08/view?menuId=PS03520&tfcode=90430,https://fdc.nal.usda.gov/food-details/170393/nutrients,c1124b479aefdbea449ae9a982e3f6cdc7b3809fc523925ed750c9845afcccf3,2026-10-04,false,121,100,g
kfind-d106-295000000-0001,RDA-90430,오리탕,공식 원문에 제시된 전체 재료량 (인분 수 미확인),"감자 300g(2개), 무 100g, 당근 50g(1/3개), 건삼 2뿌리, 양파 50g(1/3개), 느타리버섯 50g(약 3개), 쑥갓 20g, 미나리 20g, 오리 1kg(1마리), 밤 50g(3개), 대추 10g(3개), 대파 35g(1뿌리), 들깨 (간것) 3큰술, 다진 양파 적량, 물 적량, <양념장> 고추장 3큰술, 고춧가루1큰술, 소금 1큰술, 청주 2큰술, 다진 마늘 1큰술, 적량 <오리고기 밑간용> 청주, 다진마늘 적량, 후춧가루 약간",양파,50,fdc-reference-170000,"Onions, raw",40,https://www.nics.go.kr/food/kfi/tfSrch08/view?menuId=PS03520&tfcode=90430,https://fdc.nal.usda.gov/food-details/170000/nutrients,c1124b479aefdbea449ae9a982e3f6cdc7b3809fc523925ed750c9845afcccf3,2026-10-04,false,121,100,g
kfind-d301-004000000-0001,RDA-90723,국밥,공식 원문에 제시된 전체 재료량 (인분 수 미확인),"쇠고기(등심) 160g, 물 1.6L(8컵), 배추 120g, 토란대 40g, 된장 40g(2 1/4큰술), 고추장 20g(1큰술), 대파 20g(1/2뿌리), 다진 마늘 8g(2/3큰술), 소금 3g(1작은술), 감자 전분 8g(1큰술), 쌀밥 840g(4공기)",다진 마늘,8,fdc-reference-169230,"Garlic, raw",149,https://www.nics.go.kr/food/kfi/tfSrch08/view?menuId=PS03520&tfcode=90723,https://fdc.nal.usda.gov/food-details/169230/nutrients,8db531e35349f73ea059da8e1a933b994502d3f073bccdd6e5dde74fd2ca2ae6,2026-10-04,false,52,100,g
kfind-d301-004000000-0001,RDA-90723,국밥,공식 원문에 제시된 전체 재료량 (인분 수 미확인),"쇠고기(등심) 160g, 물 1.6L(8컵), 배추 120g, 토란대 40g, 된장 40g(2 1/4큰술), 고추장 20g(1큰술), 대파 20g(1/2뿌리), 다진 마늘 8g(2/3큰술), 소금 3g(1작은술), 감자 전분 8g(1큰술), 쌀밥 840g(4공기)",소금,3,fdc-reference-173468,"Salt, table",0,https://www.nics.go.kr/food/kfi/tfSrch08/view?menuId=PS03520&tfcode=90723,https://fdc.nal.usda.gov/food-details/173468/nutrients,8db531e35349f73ea059da8e1a933b994502d3f073bccdd6e5dde74fd2ca2ae6,2026-10-04,false,52,100,g
kfind-d304-190000000-0001,RDA-90733,잣죽,공식 원문에 제시된 전체 재료량 (인분 수 미확인),"쌀 180g(1컵), 잣 70g(1/2컵), 소금 4g(1 작은술), 물 1.2L(6컵)",소금,4,fdc-reference-173468,"Salt, table",0,https://www.nics.go.kr/food/kfi/tfSrch08/view?menuId=PS03520&tfcode=90733,https://fdc.nal.usda.gov/food-details/173468/nutrients,a51e57d3a6adbb39115cf48764a36aa5549ae30f70a4d2d3459a5e8b3522c55f,2026-10-04,false,125,100,g
kfind-d404-190000000-0001,RDA-90733,잣죽,공식 원문에 제시된 전체 재료량 (인분 수 미확인),"쌀 180g(1컵), 잣 70g(1/2컵), 소금 4g(1 작은술), 물 1.2L(6컵)",소금,4,fdc-reference-173468,"Salt, table",0,https://www.nics.go.kr/food/kfi/tfSrch08/view?menuId=PS03520&tfcode=90733,https://fdc.nal.usda.gov/food-details/173468/nutrients,a51e57d3a6adbb39115cf48764a36aa5549ae30f70a4d2d3459a5e8b3522c55f,2026-10-04,false,121,100,ml
kfind-d504-190000000-0001,RDA-90733,잣죽,공식 원문에 제시된 전체 재료량 (인분 수 미확인),"쌀 180g(1컵), 잣 70g(1/2컵), 소금 4g(1 작은술), 물 1.2L(6컵)",소금,4,fdc-reference-173468,"Salt, table",0,https://www.nics.go.kr/food/kfi/tfSrch08/view?menuId=PS03520&tfcode=90733,https://fdc.nal.usda.gov/food-details/173468/nutrients,a51e57d3a6adbb39115cf48764a36aa5549ae30f70a4d2d3459a5e8b3522c55f,2026-10-04,false,151,100,ml
kfind-d403-192000000-0001,RDA-90738,비빔냉면,공식 원문에 제시된 전체 재료량 (인분 수 미확인),"냉면 400g, 무 160g, 오이 120g(3/4개), 배 80g, 쇠고기(사태) 100g, 달걀 100g(2개), <무 양념> 고춧가루 2g(1작은술), 설탕 4g(1작은술), 다진 마늘 2g(1/3작은술), 다진 생강 1g(1/3작은술), 식초 6g(1/2큰술), 소금 2g(1/2작은술) <비빔 양념> 고춧가루 15g(3큰술), 설탕 8g(2/3큰술), 통깨 3g(1작은술), 다진 마늘 4g(2/3작은술), 다진 생강 1g(1/3작은술), 다진 파 9g(1큰술), 참기름 4g(1큰술), 간장 12g(2/3큰술), 식초 14g(1큰술)",오이,120,fdc-reference-168409,"Cucumber, with peel, raw",15,https://www.nics.go.kr/food/kfi/tfSrch08/view?menuId=PS03520&tfcode=90738,https://fdc.nal.usda.gov/food-details/168409/nutrients,9dc4c7adb2cf2f9bb1b7a6ff857a8f8fad65bb040e324c86cec916086a9390c7,2026-10-04,false,90,100,ml
kfind-d403-192000000-0001,RDA-90738,비빔냉면,공식 원문에 제시된 전체 재료량 (인분 수 미확인),"냉면 400g, 무 160g, 오이 120g(3/4개), 배 80g, 쇠고기(사태) 100g, 달걀 100g(2개), <무 양념> 고춧가루 2g(1작은술), 설탕 4g(1작은술), 다진 마늘 2g(1/3작은술), 다진 생강 1g(1/3작은술), 식초 6g(1/2큰술), 소금 2g(1/2작은술) <비빔 양념> 고춧가루 15g(3큰술), 설탕 8g(2/3큰술), 통깨 3g(1작은술), 다진 마늘 4g(2/3작은술), 다진 생강 1g(1/3작은술), 다진 파 9g(1큰술), 참기름 4g(1큰술), 간장 12g(2/3큰술), 식초 14g(1큰술)",설탕,12,fdc-reference-169655,"Sugars, granulated",387,https://www.nics.go.kr/food/kfi/tfSrch08/view?menuId=PS03520&tfcode=90738,https://fdc.nal.usda.gov/food-details/169655/nutrients,9dc4c7adb2cf2f9bb1b7a6ff857a8f8fad65bb040e324c86cec916086a9390c7,2026-10-04,false,90,100,ml
kfind-d403-192000000-0001,RDA-90738,비빔냉면,공식 원문에 제시된 전체 재료량 (인분 수 미확인),"냉면 400g, 무 160g, 오이 120g(3/4개), 배 80g, 쇠고기(사태) 100g, 달걀 100g(2개), <무 양념> 고춧가루 2g(1작은술), 설탕 4g(1작은술), 다진 마늘 2g(1/3작은술), 다진 생강 1g(1/3작은술), 식초 6g(1/2큰술), 소금 2g(1/2작은술) <비빔 양념> 고춧가루 15g(3큰술), 설탕 8g(2/3큰술), 통깨 3g(1작은술), 다진 마늘 4g(2/3작은술), 다진 생강 1g(1/3작은술), 다진 파 9g(1큰술), 참기름 4g(1큰술), 간장 12g(2/3큰술), 식초 14g(1큰술)",다진 마늘,6,fdc-reference-169230,"Garlic, raw",149,https://www.nics.go.kr/food/kfi/tfSrch08/view?menuId=PS03520&tfcode=90738,https://fdc.nal.usda.gov/food-details/169230/nutrients,9dc4c7adb2cf2f9bb1b7a6ff857a8f8fad65bb040e324c86cec916086a9390c7,2026-10-04,false,90,100,ml
kfind-d403-192000000-0001,RDA-90738,비빔냉면,공식 원문에 제시된 전체 재료량 (인분 수 미확인),"냉면 400g, 무 160g, 오이 120g(3/4개), 배 80g, 쇠고기(사태) 100g, 달걀 100g(2개), <무 양념> 고춧가루 2g(1작은술), 설탕 4g(1작은술), 다진 마늘 2g(1/3작은술), 다진 생강 1g(1/3작은술), 식초 6g(1/2큰술), 소금 2g(1/2작은술) <비빔 양념> 고춧가루 15g(3큰술), 설탕 8g(2/3큰술), 통깨 3g(1작은술), 다진 마늘 4g(2/3작은술), 다진 생강 1g(1/3작은술), 다진 파 9g(1큰술), 참기름 4g(1큰술), 간장 12g(2/3큰술), 식초 14g(1큰술)",소금,2,fdc-reference-173468,"Salt, table",0,https://www.nics.go.kr/food/kfi/tfSrch08/view?menuId=PS03520&tfcode=90738,https://fdc.nal.usda.gov/food-details/173468/nutrients,9dc4c7adb2cf2f9bb1b7a6ff857a8f8fad65bb040e324c86cec916086a9390c7,2026-10-04,false,90,100,ml
kfind-d703-192000000-0001,RDA-90738,비빔냉면,공식 원문에 제시된 전체 재료량 (인분 수 미확인),"냉면 400g, 무 160g, 오이 120g(3/4개), 배 80g, 쇠고기(사태) 100g, 달걀 100g(2개), <무 양념> 고춧가루 2g(1작은술), 설탕 4g(1작은술), 다진 마늘 2g(1/3작은술), 다진 생강 1g(1/3작은술), 식초 6g(1/2큰술), 소금 2g(1/2작은술) <비빔 양념> 고춧가루 15g(3큰술), 설탕 8g(2/3큰술), 통깨 3g(1작은술), 다진 마늘 4g(2/3작은술), 다진 생강 1g(1/3작은술), 다진 파 9g(1큰술), 참기름 4g(1큰술), 간장 12g(2/3큰술), 식초 14g(1큰술)",오이,120,fdc-reference-168409,"Cucumber, with peel, raw",15,https://www.nics.go.kr/food/kfi/tfSrch08/view?menuId=PS03520&tfcode=90738,https://fdc.nal.usda.gov/food-details/168409/nutrients,9dc4c7adb2cf2f9bb1b7a6ff857a8f8fad65bb040e324c86cec916086a9390c7,2026-10-04,false,96,100,ml
kfind-d703-192000000-0001,RDA-90738,비빔냉면,공식 원문에 제시된 전체 재료량 (인분 수 미확인),"냉면 400g, 무 160g, 오이 120g(3/4개), 배 80g, 쇠고기(사태) 100g, 달걀 100g(2개), <무 양념> 고춧가루 2g(1작은술), 설탕 4g(1작은술), 다진 마늘 2g(1/3작은술), 다진 생강 1g(1/3작은술), 식초 6g(1/2큰술), 소금 2g(1/2작은술) <비빔 양념> 고춧가루 15g(3큰술), 설탕 8g(2/3큰술), 통깨 3g(1작은술), 다진 마늘 4g(2/3작은술), 다진 생강 1g(1/3작은술), 다진 파 9g(1큰술), 참기름 4g(1큰술), 간장 12g(2/3큰술), 식초 14g(1큰술)",설탕,12,fdc-reference-169655,"Sugars, granulated",387,https://www.nics.go.kr/food/kfi/tfSrch08/view?menuId=PS03520&tfcode=90738,https://fdc.nal.usda.gov/food-details/169655/nutrients,9dc4c7adb2cf2f9bb1b7a6ff857a8f8fad65bb040e324c86cec916086a9390c7,2026-10-04,false,96,100,ml
kfind-d703-192000000-0001,RDA-90738,비빔냉면,공식 원문에 제시된 전체 재료량 (인분 수 미확인),"냉면 400g, 무 160g, 오이 120g(3/4개), 배 80g, 쇠고기(사태) 100g, 달걀 100g(2개), <무 양념> 고춧가루 2g(1작은술), 설탕 4g(1작은술), 다진 마늘 2g(1/3작은술), 다진 생강 1g(1/3작은술), 식초 6g(1/2큰술), 소금 2g(1/2작은술) <비빔 양념> 고춧가루 15g(3큰술), 설탕 8g(2/3큰술), 통깨 3g(1작은술), 다진 마늘 4g(2/3작은술), 다진 생강 1g(1/3작은술), 다진 파 9g(1큰술), 참기름 4g(1큰술), 간장 12g(2/3큰술), 식초 14g(1큰술)",다진 마늘,6,fdc-reference-169230,"Garlic, raw",149,https://www.nics.go.kr/food/kfi/tfSrch08/view?menuId=PS03520&tfcode=90738,https://fdc.nal.usda.gov/food-details/169230/nutrients,9dc4c7adb2cf2f9bb1b7a6ff857a8f8fad65bb040e324c86cec916086a9390c7,2026-10-04,false,96,100,ml
kfind-d703-192000000-0001,RDA-90738,비빔냉면,공식 원문에 제시된 전체 재료량 (인분 수 미확인),"냉면 400g, 무 160g, 오이 120g(3/4개), 배 80g, 쇠고기(사태) 100g, 달걀 100g(2개), <무 양념> 고춧가루 2g(1작은술), 설탕 4g(1작은술), 다진 마늘 2g(1/3작은술), 다진 생강 1g(1/3작은술), 식초 6g(1/2큰술), 소금 2g(1/2작은술) <비빔 양념> 고춧가루 15g(3큰술), 설탕 8g(2/3큰술), 통깨 3g(1작은술), 다진 마늘 4g(2/3작은술), 다진 생강 1g(1/3작은술), 다진 파 9g(1큰술), 참기름 4g(1큰술), 간장 12g(2/3큰술), 식초 14g(1큰술)",소금,2,fdc-reference-173468,"Salt, table",0,https://www.nics.go.kr/food/kfi/tfSrch08/view?menuId=PS03520&tfcode=90738,https://fdc.nal.usda.gov/food-details/173468/nutrients,9dc4c7adb2cf2f9bb1b7a6ff857a8f8fad65bb040e324c86cec916086a9390c7,2026-10-04,false,96,100,ml
kfind-d103-174000000-0001,RDA-90740,칼국수,공식 원문에 제시된 전체 재료량 (인분 수 미확인),"밀가루 320g(3컵), 반죽물 100ml(1/2컵), 애호박 140g(1/3개), 멸치 10g(5마리), 달걀 100g(2개), 쇠고기(양지머리) 100g, 감자 150g(1개), 표고버섯 25g(2개), 통마늘 4g(1쪽), 대파 20g(1/2뿌리), 김 4g(2장), 물 2L(10컵), 국간장 28g(1 2/3큰술), 소금 2g(1/2작은술), 참기름 6g(1/2큰술)",통마늘,4,fdc-reference-169230,"Garlic, raw",149,https://www.nics.go.kr/food/kfi/tfSrch08/view?menuId=PS03520&tfcode=90740,https://fdc.nal.usda.gov/food-details/169230/nutrients,065ed5a086fdf414166b745d6897e07d813fc9400467827b2770c5ff38c2879e,2026-10-04,false,77,100,g
kfind-d103-174000000-0001,RDA-90740,칼국수,공식 원문에 제시된 전체 재료량 (인분 수 미확인),"밀가루 320g(3컵), 반죽물 100ml(1/2컵), 애호박 140g(1/3개), 멸치 10g(5마리), 달걀 100g(2개), 쇠고기(양지머리) 100g, 감자 150g(1개), 표고버섯 25g(2개), 통마늘 4g(1쪽), 대파 20g(1/2뿌리), 김 4g(2장), 물 2L(10컵), 국간장 28g(1 2/3큰술), 소금 2g(1/2작은술), 참기름 6g(1/2큰술)",소금,2,fdc-reference-173468,"Salt, table",0,https://www.nics.go.kr/food/kfi/tfSrch08/view?menuId=PS03520&tfcode=90740,https://fdc.nal.usda.gov/food-details/173468/nutrients,065ed5a086fdf414166b745d6897e07d813fc9400467827b2770c5ff38c2879e,2026-10-04,false,77,100,g
kfind-d703-174000000-0001,RDA-90740,칼국수,공식 원문에 제시된 전체 재료량 (인분 수 미확인),"밀가루 320g(3컵), 반죽물 100ml(1/2컵), 애호박 140g(1/3개), 멸치 10g(5마리), 달걀 100g(2개), 쇠고기(양지머리) 100g, 감자 150g(1개), 표고버섯 25g(2개), 통마늘 4g(1쪽), 대파 20g(1/2뿌리), 김 4g(2장), 물 2L(10컵), 국간장 28g(1 2/3큰술), 소금 2g(1/2작은술), 참기름 6g(1/2큰술)",통마늘,4,fdc-reference-169230,"Garlic, raw",149,https://www.nics.go.kr/food/kfi/tfSrch08/view?menuId=PS03520&tfcode=90740,https://fdc.nal.usda.gov/food-details/169230/nutrients,065ed5a086fdf414166b745d6897e07d813fc9400467827b2770c5ff38c2879e,2026-10-04,false,97,100,ml
kfind-d703-174000000-0001,RDA-90740,칼국수,공식 원문에 제시된 전체 재료량 (인분 수 미확인),"밀가루 320g(3컵), 반죽물 100ml(1/2컵), 애호박 140g(1/3개), 멸치 10g(5마리), 달걀 100g(2개), 쇠고기(양지머리) 100g, 감자 150g(1개), 표고버섯 25g(2개), 통마늘 4g(1쪽), 대파 20g(1/2뿌리), 김 4g(2장), 물 2L(10컵), 국간장 28g(1 2/3큰술), 소금 2g(1/2작은술), 참기름 6g(1/2큰술)",소금,2,fdc-reference-173468,"Salt, table",0,https://www.nics.go.kr/food/kfi/tfSrch08/view?menuId=PS03520&tfcode=90740,https://fdc.nal.usda.gov/food-details/173468/nutrients,065ed5a086fdf414166b745d6897e07d813fc9400467827b2770c5ff38c2879e,2026-10-04,false,97,100,ml
kfind-d503-174000000-0001,RDA-90740,칼국수,공식 원문에 제시된 전체 재료량 (인분 수 미확인),"밀가루 320g(3컵), 반죽물 100ml(1/2컵), 애호박 140g(1/3개), 멸치 10g(5마리), 달걀 100g(2개), 쇠고기(양지머리) 100g, 감자 150g(1개), 표고버섯 25g(2개), 통마늘 4g(1쪽), 대파 20g(1/2뿌리), 김 4g(2장), 물 2L(10컵), 국간장 28g(1 2/3큰술), 소금 2g(1/2작은술), 참기름 6g(1/2큰술)",통마늘,4,fdc-reference-169230,"Garlic, raw",149,https://www.nics.go.kr/food/kfi/tfSrch08/view?menuId=PS03520&tfcode=90740,https://fdc.nal.usda.gov/food-details/169230/nutrients,065ed5a086fdf414166b745d6897e07d813fc9400467827b2770c5ff38c2879e,2026-10-04,false,85,100,ml
kfind-d503-174000000-0001,RDA-90740,칼국수,공식 원문에 제시된 전체 재료량 (인분 수 미확인),"밀가루 320g(3컵), 반죽물 100ml(1/2컵), 애호박 140g(1/3개), 멸치 10g(5마리), 달걀 100g(2개), 쇠고기(양지머리) 100g, 감자 150g(1개), 표고버섯 25g(2개), 통마늘 4g(1쪽), 대파 20g(1/2뿌리), 김 4g(2장), 물 2L(10컵), 국간장 28g(1 2/3큰술), 소금 2g(1/2작은술), 참기름 6g(1/2큰술)",소금,2,fdc-reference-173468,"Salt, table",0,https://www.nics.go.kr/food/kfi/tfSrch08/view?menuId=PS03520&tfcode=90740,https://fdc.nal.usda.gov/food-details/173468/nutrients,065ed5a086fdf414166b745d6897e07d813fc9400467827b2770c5ff38c2879e,2026-10-04,false,85,100,ml
kfind-d403-174000000-0001,RDA-90740,칼국수,공식 원문에 제시된 전체 재료량 (인분 수 미확인),"밀가루 320g(3컵), 반죽물 100ml(1/2컵), 애호박 140g(1/3개), 멸치 10g(5마리), 달걀 100g(2개), 쇠고기(양지머리) 100g, 감자 150g(1개), 표고버섯 25g(2개), 통마늘 4g(1쪽), 대파 20g(1/2뿌리), 김 4g(2장), 물 2L(10컵), 국간장 28g(1 2/3큰술), 소금 2g(1/2작은술), 참기름 6g(1/2큰술)",통마늘,4,fdc-reference-169230,"Garlic, raw",149,https://www.nics.go.kr/food/kfi/tfSrch08/view?menuId=PS03520&tfcode=90740,https://fdc.nal.usda.gov/food-details/169230/nutrients,065ed5a086fdf414166b745d6897e07d813fc9400467827b2770c5ff38c2879e,2026-10-04,false,97,100,ml
kfind-d403-174000000-0001,RDA-90740,칼국수,공식 원문에 제시된 전체 재료량 (인분 수 미확인),"밀가루 320g(3컵), 반죽물 100ml(1/2컵), 애호박 140g(1/3개), 멸치 10g(5마리), 달걀 100g(2개), 쇠고기(양지머리) 100g, 감자 150g(1개), 표고버섯 25g(2개), 통마늘 4g(1쪽), 대파 20g(1/2뿌리), 김 4g(2장), 물 2L(10컵), 국간장 28g(1 2/3큰술), 소금 2g(1/2작은술), 참기름 6g(1/2큰술)",소금,2,fdc-reference-173468,"Salt, table",0,https://www.nics.go.kr/food/kfi/tfSrch08/view?menuId=PS03520&tfcode=90740,https://fdc.nal.usda.gov/food-details/173468/nutrients,065ed5a086fdf414166b745d6897e07d813fc9400467827b2770c5ff38c2879e,2026-10-04,false,97,100,ml
kfind-d603-174000000-0001,RDA-90740,칼국수,공식 원문에 제시된 전체 재료량 (인분 수 미확인),"밀가루 320g(3컵), 반죽물 100ml(1/2컵), 애호박 140g(1/3개), 멸치 10g(5마리), 달걀 100g(2개), 쇠고기(양지머리) 100g, 감자 150g(1개), 표고버섯 25g(2개), 통마늘 4g(1쪽), 대파 20g(1/2뿌리), 김 4g(2장), 물 2L(10컵), 국간장 28g(1 2/3큰술), 소금 2g(1/2작은술), 참기름 6g(1/2큰술)",통마늘,4,fdc-reference-169230,"Garlic, raw",149,https://www.nics.go.kr/food/kfi/tfSrch08/view?menuId=PS03520&tfcode=90740,https://fdc.nal.usda.gov/food-details/169230/nutrients,065ed5a086fdf414166b745d6897e07d813fc9400467827b2770c5ff38c2879e,2026-10-04,false,97,100,ml
kfind-d603-174000000-0001,RDA-90740,칼국수,공식 원문에 제시된 전체 재료량 (인분 수 미확인),"밀가루 320g(3컵), 반죽물 100ml(1/2컵), 애호박 140g(1/3개), 멸치 10g(5마리), 달걀 100g(2개), 쇠고기(양지머리) 100g, 감자 150g(1개), 표고버섯 25g(2개), 통마늘 4g(1쪽), 대파 20g(1/2뿌리), 김 4g(2장), 물 2L(10컵), 국간장 28g(1 2/3큰술), 소금 2g(1/2작은술), 참기름 6g(1/2큰술)",소금,2,fdc-reference-173468,"Salt, table",0,https://www.nics.go.kr/food/kfi/tfSrch08/view?menuId=PS03520&tfcode=90740,https://fdc.nal.usda.gov/food-details/173468/nutrients,065ed5a086fdf414166b745d6897e07d813fc9400467827b2770c5ff38c2879e,2026-10-04,false,97,100,ml
kfind-d605-210000000-0001,RDA-90749,달걀국,공식 원문에 제시된 전체 재료량 (인분 수 미확인),"달걀 100g(2개), 양파 20g, 물 1.2L(6컵), 대파 20g(1/2뿌리), 깨소금 3g(1작은술), 소금 6g(1 1/3큰술), 다진 마늘 6g(1작은술)",양파,20,fdc-reference-170000,"Onions, raw",40,https://www.nics.go.kr/food/kfi/tfSrch08/view?menuId=PS03520&tfcode=90749,https://fdc.nal.usda.gov/food-details/170000/nutrients,8585f70930e14da988e9600ec81706be455bcc98d920f36e24063f20d0bf4270,2026-10-04,false,22,100,ml
kfind-d605-210000000-0001,RDA-90749,달걀국,공식 원문에 제시된 전체 재료량 (인분 수 미확인),"달걀 100g(2개), 양파 20g, 물 1.2L(6컵), 대파 20g(1/2뿌리), 깨소금 3g(1작은술), 소금 6g(1 1/3큰술), 다진 마늘 6g(1작은술)",소금,6,fdc-reference-173468,"Salt, table",0,https://www.nics.go.kr/food/kfi/tfSrch08/view?menuId=PS03520&tfcode=90749,https://fdc.nal.usda.gov/food-details/173468/nutrients,8585f70930e14da988e9600ec81706be455bcc98d920f36e24063f20d0bf4270,2026-10-04,false,22,100,ml
kfind-d605-210000000-0001,RDA-90749,달걀국,공식 원문에 제시된 전체 재료량 (인분 수 미확인),"달걀 100g(2개), 양파 20g, 물 1.2L(6컵), 대파 20g(1/2뿌리), 깨소금 3g(1작은술), 소금 6g(1 1/3큰술), 다진 마늘 6g(1작은술)",다진 마늘,6,fdc-reference-169230,"Garlic, raw",149,https://www.nics.go.kr/food/kfi/tfSrch08/view?menuId=PS03520&tfcode=90749,https://fdc.nal.usda.gov/food-details/169230/nutrients,8585f70930e14da988e9600ec81706be455bcc98d920f36e24063f20d0bf4270,2026-10-04,false,22,100,ml
kfind-d305-210000000-0001,RDA-90749,달걀국,공식 원문에 제시된 전체 재료량 (인분 수 미확인),"달걀 100g(2개), 양파 20g, 물 1.2L(6컵), 대파 20g(1/2뿌리), 깨소금 3g(1작은술), 소금 6g(1 1/3큰술), 다진 마늘 6g(1작은술)",양파,20,fdc-reference-170000,"Onions, raw",40,https://www.nics.go.kr/food/kfi/tfSrch08/view?menuId=PS03520&tfcode=90749,https://fdc.nal.usda.gov/food-details/170000/nutrients,8585f70930e14da988e9600ec81706be455bcc98d920f36e24063f20d0bf4270,2026-10-04,false,39,100,g
kfind-d305-210000000-0001,RDA-90749,달걀국,공식 원문에 제시된 전체 재료량 (인분 수 미확인),"달걀 100g(2개), 양파 20g, 물 1.2L(6컵), 대파 20g(1/2뿌리), 깨소금 3g(1작은술), 소금 6g(1 1/3큰술), 다진 마늘 6g(1작은술)",소금,6,fdc-reference-173468,"Salt, table",0,https://www.nics.go.kr/food/kfi/tfSrch08/view?menuId=PS03520&tfcode=90749,https://fdc.nal.usda.gov/food-details/173468/nutrients,8585f70930e14da988e9600ec81706be455bcc98d920f36e24063f20d0bf4270,2026-10-04,false,39,100,g
kfind-d305-210000000-0001,RDA-90749,달걀국,공식 원문에 제시된 전체 재료량 (인분 수 미확인),"달걀 100g(2개), 양파 20g, 물 1.2L(6컵), 대파 20g(1/2뿌리), 깨소금 3g(1작은술), 소금 6g(1 1/3큰술), 다진 마늘 6g(1작은술)",다진 마늘,6,fdc-reference-169230,"Garlic, raw",149,https://www.nics.go.kr/food/kfi/tfSrch08/view?menuId=PS03520&tfcode=90749,https://fdc.nal.usda.gov/food-details/169230/nutrients,8585f70930e14da988e9600ec81706be455bcc98d920f36e24063f20d0bf4270,2026-10-04,false,39,100,g
kfind-d705-210000000-0001,RDA-90749,달걀국,공식 원문에 제시된 전체 재료량 (인분 수 미확인),"달걀 100g(2개), 양파 20g, 물 1.2L(6컵), 대파 20g(1/2뿌리), 깨소금 3g(1작은술), 소금 6g(1 1/3큰술), 다진 마늘 6g(1작은술)",양파,20,fdc-reference-170000,"Onions, raw",40,https://www.nics.go.kr/food/kfi/tfSrch08/view?menuId=PS03520&tfcode=90749,https://fdc.nal.usda.gov/food-details/170000/nutrients,8585f70930e14da988e9600ec81706be455bcc98d920f36e24063f20d0bf4270,2026-10-04,false,19,100,ml
kfind-d705-210000000-0001,RDA-90749,달걀국,공식 원문에 제시된 전체 재료량 (인분 수 미확인),"달걀 100g(2개), 양파 20g, 물 1.2L(6컵), 대파 20g(1/2뿌리), 깨소금 3g(1작은술), 소금 6g(1 1/3큰술), 다진 마늘 6g(1작은술)",소금,6,fdc-reference-173468,"Salt, table",0,https://www.nics.go.kr/food/kfi/tfSrch08/view?menuId=PS03520&tfcode=90749,https://fdc.nal.usda.gov/food-details/173468/nutrients,8585f70930e14da988e9600ec81706be455bcc98d920f36e24063f20d0bf4270,2026-10-04,false,19,100,ml
kfind-d705-210000000-0001,RDA-90749,달걀국,공식 원문에 제시된 전체 재료량 (인분 수 미확인),"달걀 100g(2개), 양파 20g, 물 1.2L(6컵), 대파 20g(1/2뿌리), 깨소금 3g(1작은술), 소금 6g(1 1/3큰술), 다진 마늘 6g(1작은술)",다진 마늘,6,fdc-reference-169230,"Garlic, raw",149,https://www.nics.go.kr/food/kfi/tfSrch08/view?menuId=PS03520&tfcode=90749,https://fdc.nal.usda.gov/food-details/169230/nutrients,8585f70930e14da988e9600ec81706be455bcc98d920f36e24063f20d0bf4270,2026-10-04,false,19,100,ml
kfind-d505-210000000-0001,RDA-90749,달걀국,공식 원문에 제시된 전체 재료량 (인분 수 미확인),"달걀 100g(2개), 양파 20g, 물 1.2L(6컵), 대파 20g(1/2뿌리), 깨소금 3g(1작은술), 소금 6g(1 1/3큰술), 다진 마늘 6g(1작은술)",양파,20,fdc-reference-170000,"Onions, raw",40,https://www.nics.go.kr/food/kfi/tfSrch08/view?menuId=PS03520&tfcode=90749,https://fdc.nal.usda.gov/food-details/170000/nutrients,8585f70930e14da988e9600ec81706be455bcc98d920f36e24063f20d0bf4270,2026-10-04,false,16,100,ml
kfind-d505-210000000-0001,RDA-90749,달걀국,공식 원문에 제시된 전체 재료량 (인분 수 미확인),"달걀 100g(2개), 양파 20g, 물 1.2L(6컵), 대파 20g(1/2뿌리), 깨소금 3g(1작은술), 소금 6g(1 1/3큰술), 다진 마늘 6g(1작은술)",소금,6,fdc-reference-173468,"Salt, table",0,https://www.nics.go.kr/food/kfi/tfSrch08/view?menuId=PS03520&tfcode=90749,https://fdc.nal.usda.gov/food-details/173468/nutrients,8585f70930e14da988e9600ec81706be455bcc98d920f36e24063f20d0bf4270,2026-10-04,false,16,100,ml
kfind-d505-210000000-0001,RDA-90749,달걀국,공식 원문에 제시된 전체 재료량 (인분 수 미확인),"달걀 100g(2개), 양파 20g, 물 1.2L(6컵), 대파 20g(1/2뿌리), 깨소금 3g(1작은술), 소금 6g(1 1/3큰술), 다진 마늘 6g(1작은술)",다진 마늘,6,fdc-reference-169230,"Garlic, raw",149,https://www.nics.go.kr/food/kfi/tfSrch08/view?menuId=PS03520&tfcode=90749,https://fdc.nal.usda.gov/food-details/169230/nutrients,8585f70930e14da988e9600ec81706be455bcc98d920f36e24063f20d0bf4270,2026-10-04,false,16,100,ml
kfind-d405-210000000-0001,RDA-90749,달걀국,공식 원문에 제시된 전체 재료량 (인분 수 미확인),"달걀 100g(2개), 양파 20g, 물 1.2L(6컵), 대파 20g(1/2뿌리), 깨소금 3g(1작은술), 소금 6g(1 1/3큰술), 다진 마늘 6g(1작은술)",양파,20,fdc-reference-170000,"Onions, raw",40,https://www.nics.go.kr/food/kfi/tfSrch08/view?menuId=PS03520&tfcode=90749,https://fdc.nal.usda.gov/food-details/170000/nutrients,8585f70930e14da988e9600ec81706be455bcc98d920f36e24063f20d0bf4270,2026-10-04,false,19,100,ml
kfind-d405-210000000-0001,RDA-90749,달걀국,공식 원문에 제시된 전체 재료량 (인분 수 미확인),"달걀 100g(2개), 양파 20g, 물 1.2L(6컵), 대파 20g(1/2뿌리), 깨소금 3g(1작은술), 소금 6g(1 1/3큰술), 다진 마늘 6g(1작은술)",소금,6,fdc-reference-173468,"Salt, table",0,https://www.nics.go.kr/food/kfi/tfSrch08/view?menuId=PS03520&tfcode=90749,https://fdc.nal.usda.gov/food-details/173468/nutrients,8585f70930e14da988e9600ec81706be455bcc98d920f36e24063f20d0bf4270,2026-10-04,false,19,100,ml
kfind-d405-210000000-0001,RDA-90749,달걀국,공식 원문에 제시된 전체 재료량 (인분 수 미확인),"달걀 100g(2개), 양파 20g, 물 1.2L(6컵), 대파 20g(1/2뿌리), 깨소금 3g(1작은술), 소금 6g(1 1/3큰술), 다진 마늘 6g(1작은술)",다진 마늘,6,fdc-reference-169230,"Garlic, raw",149,https://www.nics.go.kr/food/kfi/tfSrch08/view?menuId=PS03520&tfcode=90749,https://fdc.nal.usda.gov/food-details/169230/nutrients,8585f70930e14da988e9600ec81706be455bcc98d920f36e24063f20d0bf4270,2026-10-04,false,19,100,ml
kfind-d105-210000000-0001,RDA-90749,달걀국,공식 원문에 제시된 전체 재료량 (인분 수 미확인),"달걀 100g(2개), 양파 20g, 물 1.2L(6컵), 대파 20g(1/2뿌리), 깨소금 3g(1작은술), 소금 6g(1 1/3큰술), 다진 마늘 6g(1작은술)",양파,20,fdc-reference-170000,"Onions, raw",40,https://www.nics.go.kr/food/kfi/tfSrch08/view?menuId=PS03520&tfcode=90749,https://fdc.nal.usda.gov/food-details/170000/nutrients,8585f70930e14da988e9600ec81706be455bcc98d920f36e24063f20d0bf4270,2026-10-04,false,13,100,g
kfind-d105-210000000-0001,RDA-90749,달걀국,공식 원문에 제시된 전체 재료량 (인분 수 미확인),"달걀 100g(2개), 양파 20g, 물 1.2L(6컵), 대파 20g(1/2뿌리), 깨소금 3g(1작은술), 소금 6g(1 1/3큰술), 다진 마늘 6g(1작은술)",소금,6,fdc-reference-173468,"Salt, table",0,https://www.nics.go.kr/food/kfi/tfSrch08/view?menuId=PS03520&tfcode=90749,https://fdc.nal.usda.gov/food-details/173468/nutrients,8585f70930e14da988e9600ec81706be455bcc98d920f36e24063f20d0bf4270,2026-10-04,false,13,100,g
kfind-d105-210000000-0001,RDA-90749,달걀국,공식 원문에 제시된 전체 재료량 (인분 수 미확인),"달걀 100g(2개), 양파 20g, 물 1.2L(6컵), 대파 20g(1/2뿌리), 깨소금 3g(1작은술), 소금 6g(1 1/3큰술), 다진 마늘 6g(1작은술)",다진 마늘,6,fdc-reference-169230,"Garlic, raw",149,https://www.nics.go.kr/food/kfi/tfSrch08/view?menuId=PS03520&tfcode=90749,https://fdc.nal.usda.gov/food-details/169230/nutrients,8585f70930e14da988e9600ec81706be455bcc98d920f36e24063f20d0bf4270,2026-10-04,false,13,100,g
kfind-d405-272000000-0001,RDA-90752,동태국,공식 원문에 제시된 전체 재료량 (인분 수 미확인),"동태 240g(1/2마리), 무 200g, 양파 40g(1/4개), 대파 15g(1/3뿌리), 물 1.6L(8컵), 다진 마늘 6g(1작은술), 다진 생강 3g(1작은술), 고춧가루 5g(1큰술), 국간장 10g(2/3큰술), 소금 4g(1작은술), 후춧가루 1g(1/4작은술)",양파,40,fdc-reference-170000,"Onions, raw",40,https://www.nics.go.kr/food/kfi/tfSrch08/view?menuId=PS03520&tfcode=90752,https://fdc.nal.usda.gov/food-details/170000/nutrients,ca3ff1a31ae78f04cc3d739cb338a4afcb64d73c06146d8f73e480edd08a7203,2026-10-04,false,17,100,ml
kfind-d405-272000000-0001,RDA-90752,동태국,공식 원문에 제시된 전체 재료량 (인분 수 미확인),"동태 240g(1/2마리), 무 200g, 양파 40g(1/4개), 대파 15g(1/3뿌리), 물 1.6L(8컵), 다진 마늘 6g(1작은술), 다진 생강 3g(1작은술), 고춧가루 5g(1큰술), 국간장 10g(2/3큰술), 소금 4g(1작은술), 후춧가루 1g(1/4작은술)",다진 마늘,6,fdc-reference-169230,"Garlic, raw",149,https://www.nics.go.kr/food/kfi/tfSrch08/view?menuId=PS03520&tfcode=90752,https://fdc.nal.usda.gov/food-details/169230/nutrients,ca3ff1a31ae78f04cc3d739cb338a4afcb64d73c06146d8f73e480edd08a7203,2026-10-04,false,17,100,ml
kfind-d405-272000000-0001,RDA-90752,동태국,공식 원문에 제시된 전체 재료량 (인분 수 미확인),"동태 240g(1/2마리), 무 200g, 양파 40g(1/4개), 대파 15g(1/3뿌리), 물 1.6L(8컵), 다진 마늘 6g(1작은술), 다진 생강 3g(1작은술), 고춧가루 5g(1큰술), 국간장 10g(2/3큰술), 소금 4g(1작은술), 후춧가루 1g(1/4작은술)",소금,4,fdc-reference-173468,"Salt, table",0,https://www.nics.go.kr/food/kfi/tfSrch08/view?menuId=PS03520&tfcode=90752,https://fdc.nal.usda.gov/food-details/173468/nutrients,ca3ff1a31ae78f04cc3d739cb338a4afcb64d73c06146d8f73e480edd08a7203,2026-10-04,false,17,100,ml
kfind-d705-272000000-0001,RDA-90752,동태국,공식 원문에 제시된 전체 재료량 (인분 수 미확인),"동태 240g(1/2마리), 무 200g, 양파 40g(1/4개), 대파 15g(1/3뿌리), 물 1.6L(8컵), 다진 마늘 6g(1작은술), 다진 생강 3g(1작은술), 고춧가루 5g(1큰술), 국간장 10g(2/3큰술), 소금 4g(1작은술), 후춧가루 1g(1/4작은술)",양파,40,fdc-reference-170000,"Onions, raw",40,https://www.nics.go.kr/food/kfi/tfSrch08/view?menuId=PS03520&tfcode=90752,https://fdc.nal.usda.gov/food-details/170000/nutrients,ca3ff1a31ae78f04cc3d739cb338a4afcb64d73c06146d8f73e480edd08a7203,2026-10-04,false,29,100,ml
kfind-d705-272000000-0001,RDA-90752,동태국,공식 원문에 제시된 전체 재료량 (인분 수 미확인),"동태 240g(1/2마리), 무 200g, 양파 40g(1/4개), 대파 15g(1/3뿌리), 물 1.6L(8컵), 다진 마늘 6g(1작은술), 다진 생강 3g(1작은술), 고춧가루 5g(1큰술), 국간장 10g(2/3큰술), 소금 4g(1작은술), 후춧가루 1g(1/4작은술)",다진 마늘,6,fdc-reference-169230,"Garlic, raw",149,https://www.nics.go.kr/food/kfi/tfSrch08/view?menuId=PS03520&tfcode=90752,https://fdc.nal.usda.gov/food-details/169230/nutrients,ca3ff1a31ae78f04cc3d739cb338a4afcb64d73c06146d8f73e480edd08a7203,2026-10-04,false,29,100,ml
kfind-d705-272000000-0001,RDA-90752,동태국,공식 원문에 제시된 전체 재료량 (인분 수 미확인),"동태 240g(1/2마리), 무 200g, 양파 40g(1/4개), 대파 15g(1/3뿌리), 물 1.6L(8컵), 다진 마늘 6g(1작은술), 다진 생강 3g(1작은술), 고춧가루 5g(1큰술), 국간장 10g(2/3큰술), 소금 4g(1작은술), 후춧가루 1g(1/4작은술)",소금,4,fdc-reference-173468,"Salt, table",0,https://www.nics.go.kr/food/kfi/tfSrch08/view?menuId=PS03520&tfcode=90752,https://fdc.nal.usda.gov/food-details/173468/nutrients,ca3ff1a31ae78f04cc3d739cb338a4afcb64d73c06146d8f73e480edd08a7203,2026-10-04,false,29,100,ml
kfind-d105-272000000-0001,RDA-90752,동태국,공식 원문에 제시된 전체 재료량 (인분 수 미확인),"동태 240g(1/2마리), 무 200g, 양파 40g(1/4개), 대파 15g(1/3뿌리), 물 1.6L(8컵), 다진 마늘 6g(1작은술), 다진 생강 3g(1작은술), 고춧가루 5g(1큰술), 국간장 10g(2/3큰술), 소금 4g(1작은술), 후춧가루 1g(1/4작은술)",양파,40,fdc-reference-170000,"Onions, raw",40,https://www.nics.go.kr/food/kfi/tfSrch08/view?menuId=PS03520&tfcode=90752,https://fdc.nal.usda.gov/food-details/170000/nutrients,ca3ff1a31ae78f04cc3d739cb338a4afcb64d73c06146d8f73e480edd08a7203,2026-10-04,false,17,100,g
kfind-d105-272000000-0001,RDA-90752,동태국,공식 원문에 제시된 전체 재료량 (인분 수 미확인),"동태 240g(1/2마리), 무 200g, 양파 40g(1/4개), 대파 15g(1/3뿌리), 물 1.6L(8컵), 다진 마늘 6g(1작은술), 다진 생강 3g(1작은술), 고춧가루 5g(1큰술), 국간장 10g(2/3큰술), 소금 4g(1작은술), 후춧가루 1g(1/4작은술)",다진 마늘,6,fdc-reference-169230,"Garlic, raw",149,https://www.nics.go.kr/food/kfi/tfSrch08/view?menuId=PS03520&tfcode=90752,https://fdc.nal.usda.gov/food-details/169230/nutrients,ca3ff1a31ae78f04cc3d739cb338a4afcb64d73c06146d8f73e480edd08a7203,2026-10-04,false,17,100,g
kfind-d105-272000000-0001,RDA-90752,동태국,공식 원문에 제시된 전체 재료량 (인분 수 미확인),"동태 240g(1/2마리), 무 200g, 양파 40g(1/4개), 대파 15g(1/3뿌리), 물 1.6L(8컵), 다진 마늘 6g(1작은술), 다진 생강 3g(1작은술), 고춧가루 5g(1큰술), 국간장 10g(2/3큰술), 소금 4g(1작은술), 후춧가루 1g(1/4작은술)",소금,4,fdc-reference-173468,"Salt, table",0,https://www.nics.go.kr/food/kfi/tfSrch08/view?menuId=PS03520&tfcode=90752,https://fdc.nal.usda.gov/food-details/173468/nutrients,ca3ff1a31ae78f04cc3d739cb338a4afcb64d73c06146d8f73e480edd08a7203,2026-10-04,false,17,100,g
kfind-d605-272000000-0001,RDA-90752,동태국,공식 원문에 제시된 전체 재료량 (인분 수 미확인),"동태 240g(1/2마리), 무 200g, 양파 40g(1/4개), 대파 15g(1/3뿌리), 물 1.6L(8컵), 다진 마늘 6g(1작은술), 다진 생강 3g(1작은술), 고춧가루 5g(1큰술), 국간장 10g(2/3큰술), 소금 4g(1작은술), 후춧가루 1g(1/4작은술)",양파,40,fdc-reference-170000,"Onions, raw",40,https://www.nics.go.kr/food/kfi/tfSrch08/view?menuId=PS03520&tfcode=90752,https://fdc.nal.usda.gov/food-details/170000/nutrients,ca3ff1a31ae78f04cc3d739cb338a4afcb64d73c06146d8f73e480edd08a7203,2026-10-04,false,21,100,ml
kfind-d605-272000000-0001,RDA-90752,동태국,공식 원문에 제시된 전체 재료량 (인분 수 미확인),"동태 240g(1/2마리), 무 200g, 양파 40g(1/4개), 대파 15g(1/3뿌리), 물 1.6L(8컵), 다진 마늘 6g(1작은술), 다진 생강 3g(1작은술), 고춧가루 5g(1큰술), 국간장 10g(2/3큰술), 소금 4g(1작은술), 후춧가루 1g(1/4작은술)",다진 마늘,6,fdc-reference-169230,"Garlic, raw",149,https://www.nics.go.kr/food/kfi/tfSrch08/view?menuId=PS03520&tfcode=90752,https://fdc.nal.usda.gov/food-details/169230/nutrients,ca3ff1a31ae78f04cc3d739cb338a4afcb64d73c06146d8f73e480edd08a7203,2026-10-04,false,21,100,ml
kfind-d605-272000000-0001,RDA-90752,동태국,공식 원문에 제시된 전체 재료량 (인분 수 미확인),"동태 240g(1/2마리), 무 200g, 양파 40g(1/4개), 대파 15g(1/3뿌리), 물 1.6L(8컵), 다진 마늘 6g(1작은술), 다진 생강 3g(1작은술), 고춧가루 5g(1큰술), 국간장 10g(2/3큰술), 소금 4g(1작은술), 후춧가루 1g(1/4작은술)",소금,4,fdc-reference-173468,"Salt, table",0,https://www.nics.go.kr/food/kfi/tfSrch08/view?menuId=PS03520&tfcode=90752,https://fdc.nal.usda.gov/food-details/173468/nutrients,ca3ff1a31ae78f04cc3d739cb338a4afcb64d73c06146d8f73e480edd08a7203,2026-10-04,false,21,100,ml
kfind-d505-272000000-0001,RDA-90752,동태국,공식 원문에 제시된 전체 재료량 (인분 수 미확인),"동태 240g(1/2마리), 무 200g, 양파 40g(1/4개), 대파 15g(1/3뿌리), 물 1.6L(8컵), 다진 마늘 6g(1작은술), 다진 생강 3g(1작은술), 고춧가루 5g(1큰술), 국간장 10g(2/3큰술), 소금 4g(1작은술), 후춧가루 1g(1/4작은술)",양파,40,fdc-reference-170000,"Onions, raw",40,https://www.nics.go.kr/food/kfi/tfSrch08/view?menuId=PS03520&tfcode=90752,https://fdc.nal.usda.gov/food-details/170000/nutrients,ca3ff1a31ae78f04cc3d739cb338a4afcb64d73c06146d8f73e480edd08a7203,2026-10-04,false,26,100,ml
kfind-d505-272000000-0001,RDA-90752,동태국,공식 원문에 제시된 전체 재료량 (인분 수 미확인),"동태 240g(1/2마리), 무 200g, 양파 40g(1/4개), 대파 15g(1/3뿌리), 물 1.6L(8컵), 다진 마늘 6g(1작은술), 다진 생강 3g(1작은술), 고춧가루 5g(1큰술), 국간장 10g(2/3큰술), 소금 4g(1작은술), 후춧가루 1g(1/4작은술)",다진 마늘,6,fdc-reference-169230,"Garlic, raw",149,https://www.nics.go.kr/food/kfi/tfSrch08/view?menuId=PS03520&tfcode=90752,https://fdc.nal.usda.gov/food-details/169230/nutrients,ca3ff1a31ae78f04cc3d739cb338a4afcb64d73c06146d8f73e480edd08a7203,2026-10-04,false,26,100,ml
kfind-d505-272000000-0001,RDA-90752,동태국,공식 원문에 제시된 전체 재료량 (인분 수 미확인),"동태 240g(1/2마리), 무 200g, 양파 40g(1/4개), 대파 15g(1/3뿌리), 물 1.6L(8컵), 다진 마늘 6g(1작은술), 다진 생강 3g(1작은술), 고춧가루 5g(1큰술), 국간장 10g(2/3큰술), 소금 4g(1작은술), 후춧가루 1g(1/4작은술)",소금,4,fdc-reference-173468,"Salt, table",0,https://www.nics.go.kr/food/kfi/tfSrch08/view?menuId=PS03520&tfcode=90752,https://fdc.nal.usda.gov/food-details/173468/nutrients,ca3ff1a31ae78f04cc3d739cb338a4afcb64d73c06146d8f73e480edd08a7203,2026-10-04,false,26,100,ml
kfind-d405-228000000-0001,RDA-90757,삼계탕,공식 원문에 제시된 전체 재료량 (인분 수 미확인),"닭 1kg(1마리), 찹쌀 50g(1/3컵), 수삼 1뿌리, 대추 10g(5개), 마늘 10g(2쪽), 물 3L(15컵), 소금 적량, 후춧가루 적량",마늘,10,fdc-reference-169230,"Garlic, raw",149,https://www.nics.go.kr/food/kfi/tfSrch08/view?menuId=PS03520&tfcode=90757,https://fdc.nal.usda.gov/food-details/169230/nutrients,c3af2e565f886142a4e3cb57eaf1a5df67b0e35d61913c1d45ed669ac6042291,2026-10-04,false,88,100,ml
kfind-d505-228000000-0001,RDA-90757,삼계탕,공식 원문에 제시된 전체 재료량 (인분 수 미확인),"닭 1kg(1마리), 찹쌀 50g(1/3컵), 수삼 1뿌리, 대추 10g(5개), 마늘 10g(2쪽), 물 3L(15컵), 소금 적량, 후춧가루 적량",마늘,10,fdc-reference-169230,"Garlic, raw",149,https://www.nics.go.kr/food/kfi/tfSrch08/view?menuId=PS03520&tfcode=90757,https://fdc.nal.usda.gov/food-details/169230/nutrients,c3af2e565f886142a4e3cb57eaf1a5df67b0e35d61913c1d45ed669ac6042291,2026-10-04,false,77,100,ml
kfind-d605-228000000-0001,RDA-90757,삼계탕,공식 원문에 제시된 전체 재료량 (인분 수 미확인),"닭 1kg(1마리), 찹쌀 50g(1/3컵), 수삼 1뿌리, 대추 10g(5개), 마늘 10g(2쪽), 물 3L(15컵), 소금 적량, 후춧가루 적량",마늘,10,fdc-reference-169230,"Garlic, raw",149,https://www.nics.go.kr/food/kfi/tfSrch08/view?menuId=PS03520&tfcode=90757,https://fdc.nal.usda.gov/food-details/169230/nutrients,c3af2e565f886142a4e3cb57eaf1a5df67b0e35d61913c1d45ed669ac6042291,2026-10-04,false,80,100,ml
kfind-d705-228000000-0001,RDA-90757,삼계탕,공식 원문에 제시된 전체 재료량 (인분 수 미확인),"닭 1kg(1마리), 찹쌀 50g(1/3컵), 수삼 1뿌리, 대추 10g(5개), 마늘 10g(2쪽), 물 3L(15컵), 소금 적량, 후춧가루 적량",마늘,10,fdc-reference-169230,"Garlic, raw",149,https://www.nics.go.kr/food/kfi/tfSrch08/view?menuId=PS03520&tfcode=90757,https://fdc.nal.usda.gov/food-details/169230/nutrients,c3af2e565f886142a4e3cb57eaf1a5df67b0e35d61913c1d45ed669ac6042291,2026-10-04,false,46,100,ml
kfind-d105-228000000-0001,RDA-90757,삼계탕,공식 원문에 제시된 전체 재료량 (인분 수 미확인),"닭 1kg(1마리), 찹쌀 50g(1/3컵), 수삼 1뿌리, 대추 10g(5개), 마늘 10g(2쪽), 물 3L(15컵), 소금 적량, 후춧가루 적량",마늘,10,fdc-reference-169230,"Garlic, raw",149,https://www.nics.go.kr/food/kfi/tfSrch08/view?menuId=PS03520&tfcode=90757,https://fdc.nal.usda.gov/food-details/169230/nutrients,c3af2e565f886142a4e3cb57eaf1a5df67b0e35d61913c1d45ed669ac6042291,2026-10-04,false,101,100,g
kfind-d406-274000000-0001,RDA-90773,돼지고기찌개,공식 원문에 제시된 전체 재료량 (인분 수 미확인),"돼지고기(등심) 240g, 배추김치 120g, 두부 120g(1/4모), 무 200g(1/4개), 양파 20g, 물 800mL(4컵), 대파 15g(1/2뿌리), 고추장 32g(1 3/4큰술), 다진 생강 4g(1/2큰술) , 다진 마늘 23g(2큰술) , 고춧가루 8g(4작은술), 소금 4g(1작은술), 후춧가루 1g(1/2작은술)",양파,20,fdc-reference-170000,"Onions, raw",40,https://www.nics.go.kr/food/kfi/tfSrch08/view?menuId=PS03520&tfcode=90773,https://fdc.nal.usda.gov/food-details/170000/nutrients,9cd62164621763a28d70dfc16fa2cc78072868536b45104859fc5919d1e1b0c3,2026-10-04,false,56,100,ml
kfind-d406-274000000-0001,RDA-90773,돼지고기찌개,공식 원문에 제시된 전체 재료량 (인분 수 미확인),"돼지고기(등심) 240g, 배추김치 120g, 두부 120g(1/4모), 무 200g(1/4개), 양파 20g, 물 800mL(4컵), 대파 15g(1/2뿌리), 고추장 32g(1 3/4큰술), 다진 생강 4g(1/2큰술) , 다진 마늘 23g(2큰술) , 고춧가루 8g(4작은술), 소금 4g(1작은술), 후춧가루 1g(1/2작은술)",다진 마늘,23,fdc-reference-169230,"Garlic, raw",149,https://www.nics.go.kr/food/kfi/tfSrch08/view?menuId=PS03520&tfcode=90773,https://fdc.nal.usda.gov/food-details/169230/nutrients,9cd62164621763a28d70dfc16fa2cc78072868536b45104859fc5919d1e1b0c3,2026-10-04,false,56,100,ml
kfind-d406-274000000-0001,RDA-90773,돼지고기찌개,공식 원문에 제시된 전체 재료량 (인분 수 미확인),"돼지고기(등심) 240g, 배추김치 120g, 두부 120g(1/4모), 무 200g(1/4개), 양파 20g, 물 800mL(4컵), 대파 15g(1/2뿌리), 고추장 32g(1 3/4큰술), 다진 생강 4g(1/2큰술) , 다진 마늘 23g(2큰술) , 고춧가루 8g(4작은술), 소금 4g(1작은술), 후춧가루 1g(1/2작은술)",소금,4,fdc-reference-173468,"Salt, table",0,https://www.nics.go.kr/food/kfi/tfSrch08/view?menuId=PS03520&tfcode=90773,https://fdc.nal.usda.gov/food-details/173468/nutrients,9cd62164621763a28d70dfc16fa2cc78072868536b45104859fc5919d1e1b0c3,2026-10-04,false,56,100,ml
kfind-d106-274000000-0001,RDA-90773,돼지고기찌개,공식 원문에 제시된 전체 재료량 (인분 수 미확인),"돼지고기(등심) 240g, 배추김치 120g, 두부 120g(1/4모), 무 200g(1/4개), 양파 20g, 물 800mL(4컵), 대파 15g(1/2뿌리), 고추장 32g(1 3/4큰술), 다진 생강 4g(1/2큰술) , 다진 마늘 23g(2큰술) , 고춧가루 8g(4작은술), 소금 4g(1작은술), 후춧가루 1g(1/2작은술)",양파,20,fdc-reference-170000,"Onions, raw",40,https://www.nics.go.kr/food/kfi/tfSrch08/view?menuId=PS03520&tfcode=90773,https://fdc.nal.usda.gov/food-details/170000/nutrients,9cd62164621763a28d70dfc16fa2cc78072868536b45104859fc5919d1e1b0c3,2026-10-04,false,48,100,g
kfind-d106-274000000-0001,RDA-90773,돼지고기찌개,공식 원문에 제시된 전체 재료량 (인분 수 미확인),"돼지고기(등심) 240g, 배추김치 120g, 두부 120g(1/4모), 무 200g(1/4개), 양파 20g, 물 800mL(4컵), 대파 15g(1/2뿌리), 고추장 32g(1 3/4큰술), 다진 생강 4g(1/2큰술) , 다진 마늘 23g(2큰술) , 고춧가루 8g(4작은술), 소금 4g(1작은술), 후춧가루 1g(1/2작은술)",다진 마늘,23,fdc-reference-169230,"Garlic, raw",149,https://www.nics.go.kr/food/kfi/tfSrch08/view?menuId=PS03520&tfcode=90773,https://fdc.nal.usda.gov/food-details/169230/nutrients,9cd62164621763a28d70dfc16fa2cc78072868536b45104859fc5919d1e1b0c3,2026-10-04,false,48,100,g
kfind-d106-274000000-0001,RDA-90773,돼지고기찌개,공식 원문에 제시된 전체 재료량 (인분 수 미확인),"돼지고기(등심) 240g, 배추김치 120g, 두부 120g(1/4모), 무 200g(1/4개), 양파 20g, 물 800mL(4컵), 대파 15g(1/2뿌리), 고추장 32g(1 3/4큰술), 다진 생강 4g(1/2큰술) , 다진 마늘 23g(2큰술) , 고춧가루 8g(4작은술), 소금 4g(1작은술), 후춧가루 1g(1/2작은술)",소금,4,fdc-reference-173468,"Salt, table",0,https://www.nics.go.kr/food/kfi/tfSrch08/view?menuId=PS03520&tfcode=90773,https://fdc.nal.usda.gov/food-details/173468/nutrients,9cd62164621763a28d70dfc16fa2cc78072868536b45104859fc5919d1e1b0c3,2026-10-04,false,48,100,g
kfind-d706-274000000-0001,RDA-90773,돼지고기찌개,공식 원문에 제시된 전체 재료량 (인분 수 미확인),"돼지고기(등심) 240g, 배추김치 120g, 두부 120g(1/4모), 무 200g(1/4개), 양파 20g, 물 800mL(4컵), 대파 15g(1/2뿌리), 고추장 32g(1 3/4큰술), 다진 생강 4g(1/2큰술) , 다진 마늘 23g(2큰술) , 고춧가루 8g(4작은술), 소금 4g(1작은술), 후춧가루 1g(1/2작은술)",양파,20,fdc-reference-170000,"Onions, raw",40,https://www.nics.go.kr/food/kfi/tfSrch08/view?menuId=PS03520&tfcode=90773,https://fdc.nal.usda.gov/food-details/170000/nutrients,9cd62164621763a28d70dfc16fa2cc78072868536b45104859fc5919d1e1b0c3,2026-10-04,false,57,100,ml
kfind-d706-274000000-0001,RDA-90773,돼지고기찌개,공식 원문에 제시된 전체 재료량 (인분 수 미확인),"돼지고기(등심) 240g, 배추김치 120g, 두부 120g(1/4모), 무 200g(1/4개), 양파 20g, 물 800mL(4컵), 대파 15g(1/2뿌리), 고추장 32g(1 3/4큰술), 다진 생강 4g(1/2큰술) , 다진 마늘 23g(2큰술) , 고춧가루 8g(4작은술), 소금 4g(1작은술), 후춧가루 1g(1/2작은술)",다진 마늘,23,fdc-reference-169230,"Garlic, raw",149,https://www.nics.go.kr/food/kfi/tfSrch08/view?menuId=PS03520&tfcode=90773,https://fdc.nal.usda.gov/food-details/169230/nutrients,9cd62164621763a28d70dfc16fa2cc78072868536b45104859fc5919d1e1b0c3,2026-10-04,false,57,100,ml
kfind-d706-274000000-0001,RDA-90773,돼지고기찌개,공식 원문에 제시된 전체 재료량 (인분 수 미확인),"돼지고기(등심) 240g, 배추김치 120g, 두부 120g(1/4모), 무 200g(1/4개), 양파 20g, 물 800mL(4컵), 대파 15g(1/2뿌리), 고추장 32g(1 3/4큰술), 다진 생강 4g(1/2큰술) , 다진 마늘 23g(2큰술) , 고춧가루 8g(4작은술), 소금 4g(1작은술), 후춧가루 1g(1/2작은술)",소금,4,fdc-reference-173468,"Salt, table",0,https://www.nics.go.kr/food/kfi/tfSrch08/view?menuId=PS03520&tfcode=90773,https://fdc.nal.usda.gov/food-details/173468/nutrients,9cd62164621763a28d70dfc16fa2cc78072868536b45104859fc5919d1e1b0c3,2026-10-04,false,57,100,ml
kfind-d506-274000000-0001,RDA-90773,돼지고기찌개,공식 원문에 제시된 전체 재료량 (인분 수 미확인),"돼지고기(등심) 240g, 배추김치 120g, 두부 120g(1/4모), 무 200g(1/4개), 양파 20g, 물 800mL(4컵), 대파 15g(1/2뿌리), 고추장 32g(1 3/4큰술), 다진 생강 4g(1/2큰술) , 다진 마늘 23g(2큰술) , 고춧가루 8g(4작은술), 소금 4g(1작은술), 후춧가루 1g(1/2작은술)",양파,20,fdc-reference-170000,"Onions, raw",40,https://www.nics.go.kr/food/kfi/tfSrch08/view?menuId=PS03520&tfcode=90773,https://fdc.nal.usda.gov/food-details/170000/nutrients,9cd62164621763a28d70dfc16fa2cc78072868536b45104859fc5919d1e1b0c3,2026-10-04,false,56,100,ml
kfind-d506-274000000-0001,RDA-90773,돼지고기찌개,공식 원문에 제시된 전체 재료량 (인분 수 미확인),"돼지고기(등심) 240g, 배추김치 120g, 두부 120g(1/4모), 무 200g(1/4개), 양파 20g, 물 800mL(4컵), 대파 15g(1/2뿌리), 고추장 32g(1 3/4큰술), 다진 생강 4g(1/2큰술) , 다진 마늘 23g(2큰술) , 고춧가루 8g(4작은술), 소금 4g(1작은술), 후춧가루 1g(1/2작은술)",다진 마늘,23,fdc-reference-169230,"Garlic, raw",149,https://www.nics.go.kr/food/kfi/tfSrch08/view?menuId=PS03520&tfcode=90773,https://fdc.nal.usda.gov/food-details/169230/nutrients,9cd62164621763a28d70dfc16fa2cc78072868536b45104859fc5919d1e1b0c3,2026-10-04,false,56,100,ml
kfind-d506-274000000-0001,RDA-90773,돼지고기찌개,공식 원문에 제시된 전체 재료량 (인분 수 미확인),"돼지고기(등심) 240g, 배추김치 120g, 두부 120g(1/4모), 무 200g(1/4개), 양파 20g, 물 800mL(4컵), 대파 15g(1/2뿌리), 고추장 32g(1 3/4큰술), 다진 생강 4g(1/2큰술) , 다진 마늘 23g(2큰술) , 고춧가루 8g(4작은술), 소금 4g(1작은술), 후춧가루 1g(1/2작은술)",소금,4,fdc-reference-173468,"Salt, table",0,https://www.nics.go.kr/food/kfi/tfSrch08/view?menuId=PS03520&tfcode=90773,https://fdc.nal.usda.gov/food-details/173468/nutrients,9cd62164621763a28d70dfc16fa2cc78072868536b45104859fc5919d1e1b0c3,2026-10-04,false,56,100,ml
kfind-d511-511000000-0001,RDA-90842,꽁치조림,공식 원문에 제시된 전체 재료량 (인분 수 미확인),"꽁치 220g(3마리), 물 45mL(3큰술), 소금 4g(1작은술), <양념장> 간장 12g(2/3큰술), 고춧가루 3g(1/2큰술), 다진 마늘 7g(1/2큰술), 다진 파8g(1큰술), 설탕 약간",소금,4,fdc-reference-173468,"Salt, table",0,https://www.nics.go.kr/food/kfi/tfSrch08/view?menuId=PS03520&tfcode=90842,https://fdc.nal.usda.gov/food-details/173468/nutrients,7605ef31bc0022b33e5a689b867589825b0d917a998f0adab6c3b234f0efb337,2026-10-04,false,131,100,ml
kfind-d511-511000000-0001,RDA-90842,꽁치조림,공식 원문에 제시된 전체 재료량 (인분 수 미확인),"꽁치 220g(3마리), 물 45mL(3큰술), 소금 4g(1작은술), <양념장> 간장 12g(2/3큰술), 고춧가루 3g(1/2큰술), 다진 마늘 7g(1/2큰술), 다진 파8g(1큰술), 설탕 약간",다진 마늘,7,fdc-reference-169230,"Garlic, raw",149,https://www.nics.go.kr/food/kfi/tfSrch08/view?menuId=PS03520&tfcode=90842,https://fdc.nal.usda.gov/food-details/169230/nutrients,7605ef31bc0022b33e5a689b867589825b0d917a998f0adab6c3b234f0efb337,2026-10-04,false,131,100,ml
kfind-d611-511000000-0001,RDA-90842,꽁치조림,공식 원문에 제시된 전체 재료량 (인분 수 미확인),"꽁치 220g(3마리), 물 45mL(3큰술), 소금 4g(1작은술), <양념장> 간장 12g(2/3큰술), 고춧가루 3g(1/2큰술), 다진 마늘 7g(1/2큰술), 다진 파8g(1큰술), 설탕 약간",소금,4,fdc-reference-173468,"Salt, table",0,https://www.nics.go.kr/food/kfi/tfSrch08/view?menuId=PS03520&tfcode=90842,https://fdc.nal.usda.gov/food-details/173468/nutrients,7605ef31bc0022b33e5a689b867589825b0d917a998f0adab6c3b234f0efb337,2026-10-04,false,129,100,ml
kfind-d611-511000000-0001,RDA-90842,꽁치조림,공식 원문에 제시된 전체 재료량 (인분 수 미확인),"꽁치 220g(3마리), 물 45mL(3큰술), 소금 4g(1작은술), <양념장> 간장 12g(2/3큰술), 고춧가루 3g(1/2큰술), 다진 마늘 7g(1/2큰술), 다진 파8g(1큰술), 설탕 약간",다진 마늘,7,fdc-reference-169230,"Garlic, raw",149,https://www.nics.go.kr/food/kfi/tfSrch08/view?menuId=PS03520&tfcode=90842,https://fdc.nal.usda.gov/food-details/169230/nutrients,7605ef31bc0022b33e5a689b867589825b0d917a998f0adab6c3b234f0efb337,2026-10-04,false,129,100,ml
kfind-d111-511000000-0001,RDA-90842,꽁치조림,공식 원문에 제시된 전체 재료량 (인분 수 미확인),"꽁치 220g(3마리), 물 45mL(3큰술), 소금 4g(1작은술), <양념장> 간장 12g(2/3큰술), 고춧가루 3g(1/2큰술), 다진 마늘 7g(1/2큰술), 다진 파8g(1큰술), 설탕 약간",소금,4,fdc-reference-173468,"Salt, table",0,https://www.nics.go.kr/food/kfi/tfSrch08/view?menuId=PS03520&tfcode=90842,https://fdc.nal.usda.gov/food-details/173468/nutrients,7605ef31bc0022b33e5a689b867589825b0d917a998f0adab6c3b234f0efb337,2026-10-04,false,244,100,g
kfind-d111-511000000-0001,RDA-90842,꽁치조림,공식 원문에 제시된 전체 재료량 (인분 수 미확인),"꽁치 220g(3마리), 물 45mL(3큰술), 소금 4g(1작은술), <양념장> 간장 12g(2/3큰술), 고춧가루 3g(1/2큰술), 다진 마늘 7g(1/2큰술), 다진 파8g(1큰술), 설탕 약간",다진 마늘,7,fdc-reference-169230,"Garlic, raw",149,https://www.nics.go.kr/food/kfi/tfSrch08/view?menuId=PS03520&tfcode=90842,https://fdc.nal.usda.gov/food-details/169230/nutrients,7605ef31bc0022b33e5a689b867589825b0d917a998f0adab6c3b234f0efb337,2026-10-04,false,244,100,g
kfind-d311-516000000-0001,RDA-90845,동태조림,공식 원문에 제시된 전체 재료량 (인분 수 미확인),"동태 300g(2/3마리), 무 150g, 대파 10g(1/4뿌리), 실고추 약간, <양념장> 간장 50g(3큰술), 물 45mL(3큰술), 다진 마늘 6g(1작은술), 다진 생강 6g(2작은술), 설탕 6g(1/2큰술), 참기름 4g(1작은술), 깨소금 3g(1작은술)",다진 마늘,6,fdc-reference-169230,"Garlic, raw",149,https://www.nics.go.kr/food/kfi/tfSrch08/view?menuId=PS03520&tfcode=90845,https://fdc.nal.usda.gov/food-details/169230/nutrients,6b53d947e1d20e4da35714069ff2a330a32716cbf16f7b910567cf2933fade6d,2026-10-04,false,110,100,g
kfind-d311-516000000-0001,RDA-90845,동태조림,공식 원문에 제시된 전체 재료량 (인분 수 미확인),"동태 300g(2/3마리), 무 150g, 대파 10g(1/4뿌리), 실고추 약간, <양념장> 간장 50g(3큰술), 물 45mL(3큰술), 다진 마늘 6g(1작은술), 다진 생강 6g(2작은술), 설탕 6g(1/2큰술), 참기름 4g(1작은술), 깨소금 3g(1작은술)",설탕,6,fdc-reference-169655,"Sugars, granulated",387,https://www.nics.go.kr/food/kfi/tfSrch08/view?menuId=PS03520&tfcode=90845,https://fdc.nal.usda.gov/food-details/169655/nutrients,6b53d947e1d20e4da35714069ff2a330a32716cbf16f7b910567cf2933fade6d,2026-10-04,false,110,100,g
kfind-d511-516000000-0001,RDA-90845,동태조림,공식 원문에 제시된 전체 재료량 (인분 수 미확인),"동태 300g(2/3마리), 무 150g, 대파 10g(1/4뿌리), 실고추 약간, <양념장> 간장 50g(3큰술), 물 45mL(3큰술), 다진 마늘 6g(1작은술), 다진 생강 6g(2작은술), 설탕 6g(1/2큰술), 참기름 4g(1작은술), 깨소금 3g(1작은술)",다진 마늘,6,fdc-reference-169230,"Garlic, raw",149,https://www.nics.go.kr/food/kfi/tfSrch08/view?menuId=PS03520&tfcode=90845,https://fdc.nal.usda.gov/food-details/169230/nutrients,6b53d947e1d20e4da35714069ff2a330a32716cbf16f7b910567cf2933fade6d,2026-10-04,false,116,100,ml
kfind-d511-516000000-0001,RDA-90845,동태조림,공식 원문에 제시된 전체 재료량 (인분 수 미확인),"동태 300g(2/3마리), 무 150g, 대파 10g(1/4뿌리), 실고추 약간, <양념장> 간장 50g(3큰술), 물 45mL(3큰술), 다진 마늘 6g(1작은술), 다진 생강 6g(2작은술), 설탕 6g(1/2큰술), 참기름 4g(1작은술), 깨소금 3g(1작은술)",설탕,6,fdc-reference-169655,"Sugars, granulated",387,https://www.nics.go.kr/food/kfi/tfSrch08/view?menuId=PS03520&tfcode=90845,https://fdc.nal.usda.gov/food-details/169655/nutrients,6b53d947e1d20e4da35714069ff2a330a32716cbf16f7b910567cf2933fade6d,2026-10-04,false,116,100,ml
kfind-d711-516000000-0001,RDA-90845,동태조림,공식 원문에 제시된 전체 재료량 (인분 수 미확인),"동태 300g(2/3마리), 무 150g, 대파 10g(1/4뿌리), 실고추 약간, <양념장> 간장 50g(3큰술), 물 45mL(3큰술), 다진 마늘 6g(1작은술), 다진 생강 6g(2작은술), 설탕 6g(1/2큰술), 참기름 4g(1작은술), 깨소금 3g(1작은술)",다진 마늘,6,fdc-reference-169230,"Garlic, raw",149,https://www.nics.go.kr/food/kfi/tfSrch08/view?menuId=PS03520&tfcode=90845,https://fdc.nal.usda.gov/food-details/169230/nutrients,6b53d947e1d20e4da35714069ff2a330a32716cbf16f7b910567cf2933fade6d,2026-10-04,false,64,100,ml
kfind-d711-516000000-0001,RDA-90845,동태조림,공식 원문에 제시된 전체 재료량 (인분 수 미확인),"동태 300g(2/3마리), 무 150g, 대파 10g(1/4뿌리), 실고추 약간, <양념장> 간장 50g(3큰술), 물 45mL(3큰술), 다진 마늘 6g(1작은술), 다진 생강 6g(2작은술), 설탕 6g(1/2큰술), 참기름 4g(1작은술), 깨소금 3g(1작은술)",설탕,6,fdc-reference-169655,"Sugars, granulated",387,https://www.nics.go.kr/food/kfi/tfSrch08/view?menuId=PS03520&tfcode=90845,https://fdc.nal.usda.gov/food-details/169655/nutrients,6b53d947e1d20e4da35714069ff2a330a32716cbf16f7b910567cf2933fade6d,2026-10-04,false,64,100,ml
kfind-d510-450000000-0001,RDA-90854,감자볶음,공식 원문에 제시된 전체 재료량 (인분 수 미확인),"감자 200g(1 1/3개), 양파 30g, 대파 15g(1/3뿌리), 식용유 14g(1큰술), 간장 14g(3/4큰술), 다진 마늘 3g(1/2작은술), 설탕 3g(3/4작은술)",양파,30,fdc-reference-170000,"Onions, raw",40,https://www.nics.go.kr/food/kfi/tfSrch08/view?menuId=PS03520&tfcode=90854,https://fdc.nal.usda.gov/food-details/170000/nutrients,a75a3c61bc7f47346692ebe584ba6ba06819408416041e71ac73a78d89c2e041,2026-10-04,false,52,100,ml
kfind-d510-450000000-0001,RDA-90854,감자볶음,공식 원문에 제시된 전체 재료량 (인분 수 미확인),"감자 200g(1 1/3개), 양파 30g, 대파 15g(1/3뿌리), 식용유 14g(1큰술), 간장 14g(3/4큰술), 다진 마늘 3g(1/2작은술), 설탕 3g(3/4작은술)",다진 마늘,3,fdc-reference-169230,"Garlic, raw",149,https://www.nics.go.kr/food/kfi/tfSrch08/view?menuId=PS03520&tfcode=90854,https://fdc.nal.usda.gov/food-details/169230/nutrients,a75a3c61bc7f47346692ebe584ba6ba06819408416041e71ac73a78d89c2e041,2026-10-04,false,52,100,ml
kfind-d510-450000000-0001,RDA-90854,감자볶음,공식 원문에 제시된 전체 재료량 (인분 수 미확인),"감자 200g(1 1/3개), 양파 30g, 대파 15g(1/3뿌리), 식용유 14g(1큰술), 간장 14g(3/4큰술), 다진 마늘 3g(1/2작은술), 설탕 3g(3/4작은술)",설탕,3,fdc-reference-169655,"Sugars, granulated",387,https://www.nics.go.kr/food/kfi/tfSrch08/view?menuId=PS03520&tfcode=90854,https://fdc.nal.usda.gov/food-details/169655/nutrients,a75a3c61bc7f47346692ebe584ba6ba06819408416041e71ac73a78d89c2e041,2026-10-04,false,52,100,ml
kfind-d710-450000000-0001,RDA-90854,감자볶음,공식 원문에 제시된 전체 재료량 (인분 수 미확인),"감자 200g(1 1/3개), 양파 30g, 대파 15g(1/3뿌리), 식용유 14g(1큰술), 간장 14g(3/4큰술), 다진 마늘 3g(1/2작은술), 설탕 3g(3/4작은술)",양파,30,fdc-reference-170000,"Onions, raw",40,https://www.nics.go.kr/food/kfi/tfSrch08/view?menuId=PS03520&tfcode=90854,https://fdc.nal.usda.gov/food-details/170000/nutrients,a75a3c61bc7f47346692ebe584ba6ba06819408416041e71ac73a78d89c2e041,2026-10-04,false,52,100,ml
kfind-d710-450000000-0001,RDA-90854,감자볶음,공식 원문에 제시된 전체 재료량 (인분 수 미확인),"감자 200g(1 1/3개), 양파 30g, 대파 15g(1/3뿌리), 식용유 14g(1큰술), 간장 14g(3/4큰술), 다진 마늘 3g(1/2작은술), 설탕 3g(3/4작은술)",다진 마늘,3,fdc-reference-169230,"Garlic, raw",149,https://www.nics.go.kr/food/kfi/tfSrch08/view?menuId=PS03520&tfcode=90854,https://fdc.nal.usda.gov/food-details/169230/nutrients,a75a3c61bc7f47346692ebe584ba6ba06819408416041e71ac73a78d89c2e041,2026-10-04,false,52,100,ml
kfind-d710-450000000-0001,RDA-90854,감자볶음,공식 원문에 제시된 전체 재료량 (인분 수 미확인),"감자 200g(1 1/3개), 양파 30g, 대파 15g(1/3뿌리), 식용유 14g(1큰술), 간장 14g(3/4큰술), 다진 마늘 3g(1/2작은술), 설탕 3g(3/4작은술)",설탕,3,fdc-reference-169655,"Sugars, granulated",387,https://www.nics.go.kr/food/kfi/tfSrch08/view?menuId=PS03520&tfcode=90854,https://fdc.nal.usda.gov/food-details/169655/nutrients,a75a3c61bc7f47346692ebe584ba6ba06819408416041e71ac73a78d89c2e041,2026-10-04,false,52,100,ml
kfind-d110-450000000-0001,RDA-90854,감자볶음,공식 원문에 제시된 전체 재료량 (인분 수 미확인),"감자 200g(1 1/3개), 양파 30g, 대파 15g(1/3뿌리), 식용유 14g(1큰술), 간장 14g(3/4큰술), 다진 마늘 3g(1/2작은술), 설탕 3g(3/4작은술)",양파,30,fdc-reference-170000,"Onions, raw",40,https://www.nics.go.kr/food/kfi/tfSrch08/view?menuId=PS03520&tfcode=90854,https://fdc.nal.usda.gov/food-details/170000/nutrients,a75a3c61bc7f47346692ebe584ba6ba06819408416041e71ac73a78d89c2e041,2026-10-04,false,100,100,g
kfind-d110-450000000-0001,RDA-90854,감자볶음,공식 원문에 제시된 전체 재료량 (인분 수 미확인),"감자 200g(1 1/3개), 양파 30g, 대파 15g(1/3뿌리), 식용유 14g(1큰술), 간장 14g(3/4큰술), 다진 마늘 3g(1/2작은술), 설탕 3g(3/4작은술)",다진 마늘,3,fdc-reference-169230,"Garlic, raw",149,https://www.nics.go.kr/food/kfi/tfSrch08/view?menuId=PS03520&tfcode=90854,https://fdc.nal.usda.gov/food-details/169230/nutrients,a75a3c61bc7f47346692ebe584ba6ba06819408416041e71ac73a78d89c2e041,2026-10-04,false,100,100,g
kfind-d110-450000000-0001,RDA-90854,감자볶음,공식 원문에 제시된 전체 재료량 (인분 수 미확인),"감자 200g(1 1/3개), 양파 30g, 대파 15g(1/3뿌리), 식용유 14g(1큰술), 간장 14g(3/4큰술), 다진 마늘 3g(1/2작은술), 설탕 3g(3/4작은술)",설탕,3,fdc-reference-169655,"Sugars, granulated",387,https://www.nics.go.kr/food/kfi/tfSrch08/view?menuId=PS03520&tfcode=90854,https://fdc.nal.usda.gov/food-details/169655/nutrients,a75a3c61bc7f47346692ebe584ba6ba06819408416041e71ac73a78d89c2e041,2026-10-04,false,100,100,g
kfind-d410-450000000-0001,RDA-90854,감자볶음,공식 원문에 제시된 전체 재료량 (인분 수 미확인),"감자 200g(1 1/3개), 양파 30g, 대파 15g(1/3뿌리), 식용유 14g(1큰술), 간장 14g(3/4큰술), 다진 마늘 3g(1/2작은술), 설탕 3g(3/4작은술)",양파,30,fdc-reference-170000,"Onions, raw",40,https://www.nics.go.kr/food/kfi/tfSrch08/view?menuId=PS03520&tfcode=90854,https://fdc.nal.usda.gov/food-details/170000/nutrients,a75a3c61bc7f47346692ebe584ba6ba06819408416041e71ac73a78d89c2e041,2026-10-04,false,52,100,ml
kfind-d410-450000000-0001,RDA-90854,감자볶음,공식 원문에 제시된 전체 재료량 (인분 수 미확인),"감자 200g(1 1/3개), 양파 30g, 대파 15g(1/3뿌리), 식용유 14g(1큰술), 간장 14g(3/4큰술), 다진 마늘 3g(1/2작은술), 설탕 3g(3/4작은술)",다진 마늘,3,fdc-reference-169230,"Garlic, raw",149,https://www.nics.go.kr/food/kfi/tfSrch08/view?menuId=PS03520&tfcode=90854,https://fdc.nal.usda.gov/food-details/169230/nutrients,a75a3c61bc7f47346692ebe584ba6ba06819408416041e71ac73a78d89c2e041,2026-10-04,false,52,100,ml
kfind-d410-450000000-0001,RDA-90854,감자볶음,공식 원문에 제시된 전체 재료량 (인분 수 미확인),"감자 200g(1 1/3개), 양파 30g, 대파 15g(1/3뿌리), 식용유 14g(1큰술), 간장 14g(3/4큰술), 다진 마늘 3g(1/2작은술), 설탕 3g(3/4작은술)",설탕,3,fdc-reference-169655,"Sugars, granulated",387,https://www.nics.go.kr/food/kfi/tfSrch08/view?menuId=PS03520&tfcode=90854,https://fdc.nal.usda.gov/food-details/169655/nutrients,a75a3c61bc7f47346692ebe584ba6ba06819408416041e71ac73a78d89c2e041,2026-10-04,false,52,100,ml
kfind-d610-450000000-0001,RDA-90854,감자볶음,공식 원문에 제시된 전체 재료량 (인분 수 미확인),"감자 200g(1 1/3개), 양파 30g, 대파 15g(1/3뿌리), 식용유 14g(1큰술), 간장 14g(3/4큰술), 다진 마늘 3g(1/2작은술), 설탕 3g(3/4작은술)",양파,30,fdc-reference-170000,"Onions, raw",40,https://www.nics.go.kr/food/kfi/tfSrch08/view?menuId=PS03520&tfcode=90854,https://fdc.nal.usda.gov/food-details/170000/nutrients,a75a3c61bc7f47346692ebe584ba6ba06819408416041e71ac73a78d89c2e041,2026-10-04,false,52,100,ml
kfind-d610-450000000-0001,RDA-90854,감자볶음,공식 원문에 제시된 전체 재료량 (인분 수 미확인),"감자 200g(1 1/3개), 양파 30g, 대파 15g(1/3뿌리), 식용유 14g(1큰술), 간장 14g(3/4큰술), 다진 마늘 3g(1/2작은술), 설탕 3g(3/4작은술)",다진 마늘,3,fdc-reference-169230,"Garlic, raw",149,https://www.nics.go.kr/food/kfi/tfSrch08/view?menuId=PS03520&tfcode=90854,https://fdc.nal.usda.gov/food-details/169230/nutrients,a75a3c61bc7f47346692ebe584ba6ba06819408416041e71ac73a78d89c2e041,2026-10-04,false,52,100,ml
kfind-d610-450000000-0001,RDA-90854,감자볶음,공식 원문에 제시된 전체 재료량 (인분 수 미확인),"감자 200g(1 1/3개), 양파 30g, 대파 15g(1/3뿌리), 식용유 14g(1큰술), 간장 14g(3/4큰술), 다진 마늘 3g(1/2작은술), 설탕 3g(3/4작은술)",설탕,3,fdc-reference-169655,"Sugars, granulated",387,https://www.nics.go.kr/food/kfi/tfSrch08/view?menuId=PS03520&tfcode=90854,https://fdc.nal.usda.gov/food-details/169655/nutrients,a75a3c61bc7f47346692ebe584ba6ba06819408416041e71ac73a78d89c2e041,2026-10-04,false,52,100,ml
kfind-d410-456000000-0001,RDA-90855,김치볶음,공식 원문에 제시된 전체 재료량 (인분 수 미확인),"배추김치 200g, 대파 8g(1/4뿌리), 식용유 12g(1큰술), 다진 마늘 3g(1/2작은술), 참기름 2g(1/2작은술), 설탕 2g(1/2작은술)",다진 마늘,3,fdc-reference-169230,"Garlic, raw",149,https://www.nics.go.kr/food/kfi/tfSrch08/view?menuId=PS03520&tfcode=90855,https://fdc.nal.usda.gov/food-details/169230/nutrients,9f34dda3e2be2c6bfdd4389ed36bdd6a423183d7e0c840c54006d51a9bb32729,2026-10-04,false,38,100,ml
kfind-d410-456000000-0001,RDA-90855,김치볶음,공식 원문에 제시된 전체 재료량 (인분 수 미확인),"배추김치 200g, 대파 8g(1/4뿌리), 식용유 12g(1큰술), 다진 마늘 3g(1/2작은술), 참기름 2g(1/2작은술), 설탕 2g(1/2작은술)",설탕,2,fdc-reference-169655,"Sugars, granulated",387,https://www.nics.go.kr/food/kfi/tfSrch08/view?menuId=PS03520&tfcode=90855,https://fdc.nal.usda.gov/food-details/169655/nutrients,9f34dda3e2be2c6bfdd4389ed36bdd6a423183d7e0c840c54006d51a9bb32729,2026-10-04,false,38,100,ml
kfind-d610-456000000-0001,RDA-90855,김치볶음,공식 원문에 제시된 전체 재료량 (인분 수 미확인),"배추김치 200g, 대파 8g(1/4뿌리), 식용유 12g(1큰술), 다진 마늘 3g(1/2작은술), 참기름 2g(1/2작은술), 설탕 2g(1/2작은술)",다진 마늘,3,fdc-reference-169230,"Garlic, raw",149,https://www.nics.go.kr/food/kfi/tfSrch08/view?menuId=PS03520&tfcode=90855,https://fdc.nal.usda.gov/food-details/169230/nutrients,9f34dda3e2be2c6bfdd4389ed36bdd6a423183d7e0c840c54006d51a9bb32729,2026-10-04,false,60,100,ml
kfind-d610-456000000-0001,RDA-90855,김치볶음,공식 원문에 제시된 전체 재료량 (인분 수 미확인),"배추김치 200g, 대파 8g(1/4뿌리), 식용유 12g(1큰술), 다진 마늘 3g(1/2작은술), 참기름 2g(1/2작은술), 설탕 2g(1/2작은술)",설탕,2,fdc-reference-169655,"Sugars, granulated",387,https://www.nics.go.kr/food/kfi/tfSrch08/view?menuId=PS03520&tfcode=90855,https://fdc.nal.usda.gov/food-details/169655/nutrients,9f34dda3e2be2c6bfdd4389ed36bdd6a423183d7e0c840c54006d51a9bb32729,2026-10-04,false,60,100,ml
kfind-d110-456000000-0001,RDA-90855,김치볶음,공식 원문에 제시된 전체 재료량 (인분 수 미확인),"배추김치 200g, 대파 8g(1/4뿌리), 식용유 12g(1큰술), 다진 마늘 3g(1/2작은술), 참기름 2g(1/2작은술), 설탕 2g(1/2작은술)",다진 마늘,3,fdc-reference-169230,"Garlic, raw",149,https://www.nics.go.kr/food/kfi/tfSrch08/view?menuId=PS03520&tfcode=90855,https://fdc.nal.usda.gov/food-details/169230/nutrients,9f34dda3e2be2c6bfdd4389ed36bdd6a423183d7e0c840c54006d51a9bb32729,2026-10-04,false,106,100,g
kfind-d110-456000000-0001,RDA-90855,김치볶음,공식 원문에 제시된 전체 재료량 (인분 수 미확인),"배추김치 200g, 대파 8g(1/4뿌리), 식용유 12g(1큰술), 다진 마늘 3g(1/2작은술), 참기름 2g(1/2작은술), 설탕 2g(1/2작은술)",설탕,2,fdc-reference-169655,"Sugars, granulated",387,https://www.nics.go.kr/food/kfi/tfSrch08/view?menuId=PS03520&tfcode=90855,https://fdc.nal.usda.gov/food-details/169655/nutrients,9f34dda3e2be2c6bfdd4389ed36bdd6a423183d7e0c840c54006d51a9bb32729,2026-10-04,false,106,100,g
kfind-d510-456000000-0001,RDA-90855,김치볶음,공식 원문에 제시된 전체 재료량 (인분 수 미확인),"배추김치 200g, 대파 8g(1/4뿌리), 식용유 12g(1큰술), 다진 마늘 3g(1/2작은술), 참기름 2g(1/2작은술), 설탕 2g(1/2작은술)",다진 마늘,3,fdc-reference-169230,"Garlic, raw",149,https://www.nics.go.kr/food/kfi/tfSrch08/view?menuId=PS03520&tfcode=90855,https://fdc.nal.usda.gov/food-details/169230/nutrients,9f34dda3e2be2c6bfdd4389ed36bdd6a423183d7e0c840c54006d51a9bb32729,2026-10-04,false,38,100,ml
kfind-d510-456000000-0001,RDA-90855,김치볶음,공식 원문에 제시된 전체 재료량 (인분 수 미확인),"배추김치 200g, 대파 8g(1/4뿌리), 식용유 12g(1큰술), 다진 마늘 3g(1/2작은술), 참기름 2g(1/2작은술), 설탕 2g(1/2작은술)",설탕,2,fdc-reference-169655,"Sugars, granulated",387,https://www.nics.go.kr/food/kfi/tfSrch08/view?menuId=PS03520&tfcode=90855,https://fdc.nal.usda.gov/food-details/169655/nutrients,9f34dda3e2be2c6bfdd4389ed36bdd6a423183d7e0c840c54006d51a9bb32729,2026-10-04,false,38,100,ml
kfind-d710-456000000-0001,RDA-90855,김치볶음,공식 원문에 제시된 전체 재료량 (인분 수 미확인),"배추김치 200g, 대파 8g(1/4뿌리), 식용유 12g(1큰술), 다진 마늘 3g(1/2작은술), 참기름 2g(1/2작은술), 설탕 2g(1/2작은술)",다진 마늘,3,fdc-reference-169230,"Garlic, raw",149,https://www.nics.go.kr/food/kfi/tfSrch08/view?menuId=PS03520&tfcode=90855,https://fdc.nal.usda.gov/food-details/169230/nutrients,9f34dda3e2be2c6bfdd4389ed36bdd6a423183d7e0c840c54006d51a9bb32729,2026-10-04,false,38,100,ml
kfind-d710-456000000-0001,RDA-90855,김치볶음,공식 원문에 제시된 전체 재료량 (인분 수 미확인),"배추김치 200g, 대파 8g(1/4뿌리), 식용유 12g(1큰술), 다진 마늘 3g(1/2작은술), 참기름 2g(1/2작은술), 설탕 2g(1/2작은술)",설탕,2,fdc-reference-169655,"Sugars, granulated",387,https://www.nics.go.kr/food/kfi/tfSrch08/view?menuId=PS03520&tfcode=90855,https://fdc.nal.usda.gov/food-details/169655/nutrients,9f34dda3e2be2c6bfdd4389ed36bdd6a423183d7e0c840c54006d51a9bb32729,2026-10-04,false,38,100,ml
kfind-d310-464000000-0002,RDA-90859,돼지고기볶음,공식 원문에 제시된 전체 재료량 (인분 수 미확인),"돼지고기 240g, 양배추 60g(2장), 양파 40g(1/4개), 깻잎 8g(5장), 당근 20g, 풋고추 5g(1/3개), 식용유 4g(1작은술), 소금 약간, <양념> 간장 8g(1/2큰술), 고추장 18g(1큰술), 고춧가루 3g(1/2큰술), 다진 파 3g(1작은술), 다진 마늘 6g(1작은술), 다진 생강 1g(1/3작은술), 설탕 4g(2/3큰술), 참기름 1g(1/4작은술), 통깨 1g(1/3작은술)",양배추,60,fdc-reference-169975,"Cabbage, raw",25,https://www.nics.go.kr/food/kfi/tfSrch08/view?menuId=PS03520&tfcode=90859,https://fdc.nal.usda.gov/food-details/169975/nutrients,eefc185f9b424d469f08f274325448fbe022a2d661d67aec36c8540735e25761,2026-10-04,false,175,100,g
kfind-d310-464000000-0002,RDA-90859,돼지고기볶음,공식 원문에 제시된 전체 재료량 (인분 수 미확인),"돼지고기 240g, 양배추 60g(2장), 양파 40g(1/4개), 깻잎 8g(5장), 당근 20g, 풋고추 5g(1/3개), 식용유 4g(1작은술), 소금 약간, <양념> 간장 8g(1/2큰술), 고추장 18g(1큰술), 고춧가루 3g(1/2큰술), 다진 파 3g(1작은술), 다진 마늘 6g(1작은술), 다진 생강 1g(1/3작은술), 설탕 4g(2/3큰술), 참기름 1g(1/4작은술), 통깨 1g(1/3작은술)",양파,40,fdc-reference-170000,"Onions, raw",40,https://www.nics.go.kr/food/kfi/tfSrch08/view?menuId=PS03520&tfcode=90859,https://fdc.nal.usda.gov/food-details/170000/nutrients,eefc185f9b424d469f08f274325448fbe022a2d661d67aec36c8540735e25761,2026-10-04,false,175,100,g
kfind-d310-464000000-0002,RDA-90859,돼지고기볶음,공식 원문에 제시된 전체 재료량 (인분 수 미확인),"돼지고기 240g, 양배추 60g(2장), 양파 40g(1/4개), 깻잎 8g(5장), 당근 20g, 풋고추 5g(1/3개), 식용유 4g(1작은술), 소금 약간, <양념> 간장 8g(1/2큰술), 고추장 18g(1큰술), 고춧가루 3g(1/2큰술), 다진 파 3g(1작은술), 다진 마늘 6g(1작은술), 다진 생강 1g(1/3작은술), 설탕 4g(2/3큰술), 참기름 1g(1/4작은술), 통깨 1g(1/3작은술)",당근,20,fdc-reference-170393,"Carrots, raw",41,https://www.nics.go.kr/food/kfi/tfSrch08/view?menuId=PS03520&tfcode=90859,https://fdc.nal.usda.gov/food-details/170393/nutrients,eefc185f9b424d469f08f274325448fbe022a2d661d67aec36c8540735e25761,2026-10-04,false,175,100,g
kfind-d310-464000000-0002,RDA-90859,돼지고기볶음,공식 원문에 제시된 전체 재료량 (인분 수 미확인),"돼지고기 240g, 양배추 60g(2장), 양파 40g(1/4개), 깻잎 8g(5장), 당근 20g, 풋고추 5g(1/3개), 식용유 4g(1작은술), 소금 약간, <양념> 간장 8g(1/2큰술), 고추장 18g(1큰술), 고춧가루 3g(1/2큰술), 다진 파 3g(1작은술), 다진 마늘 6g(1작은술), 다진 생강 1g(1/3작은술), 설탕 4g(2/3큰술), 참기름 1g(1/4작은술), 통깨 1g(1/3작은술)",다진 마늘,6,fdc-reference-169230,"Garlic, raw",149,https://www.nics.go.kr/food/kfi/tfSrch08/view?menuId=PS03520&tfcode=90859,https://fdc.nal.usda.gov/food-details/169230/nutrients,eefc185f9b424d469f08f274325448fbe022a2d661d67aec36c8540735e25761,2026-10-04,false,175,100,g
kfind-d310-464000000-0002,RDA-90859,돼지고기볶음,공식 원문에 제시된 전체 재료량 (인분 수 미확인),"돼지고기 240g, 양배추 60g(2장), 양파 40g(1/4개), 깻잎 8g(5장), 당근 20g, 풋고추 5g(1/3개), 식용유 4g(1작은술), 소금 약간, <양념> 간장 8g(1/2큰술), 고추장 18g(1큰술), 고춧가루 3g(1/2큰술), 다진 파 3g(1작은술), 다진 마늘 6g(1작은술), 다진 생강 1g(1/3작은술), 설탕 4g(2/3큰술), 참기름 1g(1/4작은술), 통깨 1g(1/3작은술)",설탕,4,fdc-reference-169655,"Sugars, granulated",387,https://www.nics.go.kr/food/kfi/tfSrch08/view?menuId=PS03520&tfcode=90859,https://fdc.nal.usda.gov/food-details/169655/nutrients,eefc185f9b424d469f08f274325448fbe022a2d661d67aec36c8540735e25761,2026-10-04,false,175,100,g
kfind-d609-418000000-0001,RDA-90872,동태전,공식 원문에 제시된 전체 재료량 (인분 수 미확인),"동태살 200g, 밀가루 20g(2 1/4큰술), 달걀 50g(1개), 식용유 20g(1 2/3큰술), 다진 마늘 8g(2/3큰술), 소금 2g(1/2작은술), 후춧가루 약간",다진 마늘,8,fdc-reference-169230,"Garlic, raw",149,https://www.nics.go.kr/food/kfi/tfSrch08/view?menuId=PS03520&tfcode=90872,https://fdc.nal.usda.gov/food-details/169230/nutrients,f6b674e9de3f0e5960f64e64fae9c1e80358e912569af20bd0b971149255ded0,2026-10-04,false,239,100,ml
kfind-d609-418000000-0001,RDA-90872,동태전,공식 원문에 제시된 전체 재료량 (인분 수 미확인),"동태살 200g, 밀가루 20g(2 1/4큰술), 달걀 50g(1개), 식용유 20g(1 2/3큰술), 다진 마늘 8g(2/3큰술), 소금 2g(1/2작은술), 후춧가루 약간",소금,2,fdc-reference-173468,"Salt, table",0,https://www.nics.go.kr/food/kfi/tfSrch08/view?menuId=PS03520&tfcode=90872,https://fdc.nal.usda.gov/food-details/173468/nutrients,f6b674e9de3f0e5960f64e64fae9c1e80358e912569af20bd0b971149255ded0,2026-10-04,false,239,100,ml
kfind-d409-418000000-0001,RDA-90872,동태전,공식 원문에 제시된 전체 재료량 (인분 수 미확인),"동태살 200g, 밀가루 20g(2 1/4큰술), 달걀 50g(1개), 식용유 20g(1 2/3큰술), 다진 마늘 8g(2/3큰술), 소금 2g(1/2작은술), 후춧가루 약간",다진 마늘,8,fdc-reference-169230,"Garlic, raw",149,https://www.nics.go.kr/food/kfi/tfSrch08/view?menuId=PS03520&tfcode=90872,https://fdc.nal.usda.gov/food-details/169230/nutrients,f6b674e9de3f0e5960f64e64fae9c1e80358e912569af20bd0b971149255ded0,2026-10-04,false,109,100,ml
kfind-d409-418000000-0001,RDA-90872,동태전,공식 원문에 제시된 전체 재료량 (인분 수 미확인),"동태살 200g, 밀가루 20g(2 1/4큰술), 달걀 50g(1개), 식용유 20g(1 2/3큰술), 다진 마늘 8g(2/3큰술), 소금 2g(1/2작은술), 후춧가루 약간",소금,2,fdc-reference-173468,"Salt, table",0,https://www.nics.go.kr/food/kfi/tfSrch08/view?menuId=PS03520&tfcode=90872,https://fdc.nal.usda.gov/food-details/173468/nutrients,f6b674e9de3f0e5960f64e64fae9c1e80358e912569af20bd0b971149255ded0,2026-10-04,false,109,100,ml
kfind-d309-418000000-0001,RDA-90872,동태전,공식 원문에 제시된 전체 재료량 (인분 수 미확인),"동태살 200g, 밀가루 20g(2 1/4큰술), 달걀 50g(1개), 식용유 20g(1 2/3큰술), 다진 마늘 8g(2/3큰술), 소금 2g(1/2작은술), 후춧가루 약간",다진 마늘,8,fdc-reference-169230,"Garlic, raw",149,https://www.nics.go.kr/food/kfi/tfSrch08/view?menuId=PS03520&tfcode=90872,https://fdc.nal.usda.gov/food-details/169230/nutrients,f6b674e9de3f0e5960f64e64fae9c1e80358e912569af20bd0b971149255ded0,2026-10-04,false,195,100,g
kfind-d309-418000000-0001,RDA-90872,동태전,공식 원문에 제시된 전체 재료량 (인분 수 미확인),"동태살 200g, 밀가루 20g(2 1/4큰술), 달걀 50g(1개), 식용유 20g(1 2/3큰술), 다진 마늘 8g(2/3큰술), 소금 2g(1/2작은술), 후춧가루 약간",소금,2,fdc-reference-173468,"Salt, table",0,https://www.nics.go.kr/food/kfi/tfSrch08/view?menuId=PS03520&tfcode=90872,https://fdc.nal.usda.gov/food-details/173468/nutrients,f6b674e9de3f0e5960f64e64fae9c1e80358e912569af20bd0b971149255ded0,2026-10-04,false,195,100,g
kfind-d509-418000000-0001,RDA-90872,동태전,공식 원문에 제시된 전체 재료량 (인분 수 미확인),"동태살 200g, 밀가루 20g(2 1/4큰술), 달걀 50g(1개), 식용유 20g(1 2/3큰술), 다진 마늘 8g(2/3큰술), 소금 2g(1/2작은술), 후춧가루 약간",다진 마늘,8,fdc-reference-169230,"Garlic, raw",149,https://www.nics.go.kr/food/kfi/tfSrch08/view?menuId=PS03520&tfcode=90872,https://fdc.nal.usda.gov/food-details/169230/nutrients,f6b674e9de3f0e5960f64e64fae9c1e80358e912569af20bd0b971149255ded0,2026-10-04,false,236,100,ml
kfind-d509-418000000-0001,RDA-90872,동태전,공식 원문에 제시된 전체 재료량 (인분 수 미확인),"동태살 200g, 밀가루 20g(2 1/4큰술), 달걀 50g(1개), 식용유 20g(1 2/3큰술), 다진 마늘 8g(2/3큰술), 소금 2g(1/2작은술), 후춧가루 약간",소금,2,fdc-reference-173468,"Salt, table",0,https://www.nics.go.kr/food/kfi/tfSrch08/view?menuId=PS03520&tfcode=90872,https://fdc.nal.usda.gov/food-details/173468/nutrients,f6b674e9de3f0e5960f64e64fae9c1e80358e912569af20bd0b971149255ded0,2026-10-04,false,236,100,ml
kfind-d709-418000000-0001,RDA-90872,동태전,공식 원문에 제시된 전체 재료량 (인분 수 미확인),"동태살 200g, 밀가루 20g(2 1/4큰술), 달걀 50g(1개), 식용유 20g(1 2/3큰술), 다진 마늘 8g(2/3큰술), 소금 2g(1/2작은술), 후춧가루 약간",다진 마늘,8,fdc-reference-169230,"Garlic, raw",149,https://www.nics.go.kr/food/kfi/tfSrch08/view?menuId=PS03520&tfcode=90872,https://fdc.nal.usda.gov/food-details/169230/nutrients,f6b674e9de3f0e5960f64e64fae9c1e80358e912569af20bd0b971149255ded0,2026-10-04,false,115,100,ml
kfind-d709-418000000-0001,RDA-90872,동태전,공식 원문에 제시된 전체 재료량 (인분 수 미확인),"동태살 200g, 밀가루 20g(2 1/4큰술), 달걀 50g(1개), 식용유 20g(1 2/3큰술), 다진 마늘 8g(2/3큰술), 소금 2g(1/2작은술), 후춧가루 약간",소금,2,fdc-reference-173468,"Salt, table",0,https://www.nics.go.kr/food/kfi/tfSrch08/view?menuId=PS03520&tfcode=90872,https://fdc.nal.usda.gov/food-details/173468/nutrients,f6b674e9de3f0e5960f64e64fae9c1e80358e912569af20bd0b971149255ded0,2026-10-04,false,115,100,ml
kfind-d103-145000000-0001,RDA-92345,떡국,공식 원문에 제시된 전체 재료량 (인분 수 미확인),"가래떡 670g, 달걀 50g(1개), 쇠고기(양지머리) 100g, 물 2L(10컵), 대파 20g(1/2뿌리), 다진마늘 4g(2/3작은술), 국간장 8g(1/2큰술), 소금 8g(1/2큰술), 참기름 2g(1/2작은술)",다진마늘,4,fdc-reference-169230,"Garlic, raw",149,https://www.nics.go.kr/food/kfi/tfSrch08/view?menuId=PS03520&tfcode=92345,https://fdc.nal.usda.gov/food-details/169230/nutrients,c105ca0b93b9cf8020f94ae15ee7d1cc65c646c737234b79a54ee06bd2bd1757,2026-10-04,false,84,100,g
kfind-d103-145000000-0001,RDA-92345,떡국,공식 원문에 제시된 전체 재료량 (인분 수 미확인),"가래떡 670g, 달걀 50g(1개), 쇠고기(양지머리) 100g, 물 2L(10컵), 대파 20g(1/2뿌리), 다진마늘 4g(2/3작은술), 국간장 8g(1/2큰술), 소금 8g(1/2큰술), 참기름 2g(1/2작은술)",소금,8,fdc-reference-173468,"Salt, table",0,https://www.nics.go.kr/food/kfi/tfSrch08/view?menuId=PS03520&tfcode=92345,https://fdc.nal.usda.gov/food-details/173468/nutrients,c105ca0b93b9cf8020f94ae15ee7d1cc65c646c737234b79a54ee06bd2bd1757,2026-10-04,false,84,100,g
kfind-d106-270000000-0001,RDA-92627,낙지전골,공식 원문에 제시된 전체 재료량 (인분 수 미확인),"낙지 240g(1/2마리), 쇠고기(양지머리) 160g, 느타리버섯 40g(2개), 미나리 40g, 붉은 고추 10g(2/3개), 장국국물(또는 육수) 400mL(2컵), 국간장 17g(1큰술), 소금 약간, <낙지 양념> 고춧가루 2g(1작은술), 다진 마늘 8g(2/3큰술) <쇠고기 양념> 간장 12g(2작은술), 다진 파 8g(1큰술), 다진 마늘 8g(2/3큰술), 설탕 4g(1작은술), 참기름 2g(1/2작은술)",다진 마늘,16,fdc-reference-169230,"Garlic, raw",149,https://www.nics.go.kr/food/kfi/tfSrch08/view?menuId=PS03520&tfcode=92627,https://fdc.nal.usda.gov/food-details/169230/nutrients,192ecbe79c0c4acb27fa3714d0d1788f6c16473299e92c7d2c68211948009c33,2026-10-04,false,51,100,g
kfind-d106-270000000-0001,RDA-92627,낙지전골,공식 원문에 제시된 전체 재료량 (인분 수 미확인),"낙지 240g(1/2마리), 쇠고기(양지머리) 160g, 느타리버섯 40g(2개), 미나리 40g, 붉은 고추 10g(2/3개), 장국국물(또는 육수) 400mL(2컵), 국간장 17g(1큰술), 소금 약간, <낙지 양념> 고춧가루 2g(1작은술), 다진 마늘 8g(2/3큰술) <쇠고기 양념> 간장 12g(2작은술), 다진 파 8g(1큰술), 다진 마늘 8g(2/3큰술), 설탕 4g(1작은술), 참기름 2g(1/2작은술)",설탕,4,fdc-reference-169655,"Sugars, granulated",387,https://www.nics.go.kr/food/kfi/tfSrch08/view?menuId=PS03520&tfcode=92627,https://fdc.nal.usda.gov/food-details/169655/nutrients,192ecbe79c0c4acb27fa3714d0d1788f6c16473299e92c7d2c68211948009c33,2026-10-04,false,51,100,g
kfind-d406-270000000-0001,RDA-92627,낙지전골,공식 원문에 제시된 전체 재료량 (인분 수 미확인),"낙지 240g(1/2마리), 쇠고기(양지머리) 160g, 느타리버섯 40g(2개), 미나리 40g, 붉은 고추 10g(2/3개), 장국국물(또는 육수) 400mL(2컵), 국간장 17g(1큰술), 소금 약간, <낙지 양념> 고춧가루 2g(1작은술), 다진 마늘 8g(2/3큰술) <쇠고기 양념> 간장 12g(2작은술), 다진 파 8g(1큰술), 다진 마늘 8g(2/3큰술), 설탕 4g(1작은술), 참기름 2g(1/2작은술)",다진 마늘,16,fdc-reference-169230,"Garlic, raw",149,https://www.nics.go.kr/food/kfi/tfSrch08/view?menuId=PS03520&tfcode=92627,https://fdc.nal.usda.gov/food-details/169230/nutrients,192ecbe79c0c4acb27fa3714d0d1788f6c16473299e92c7d2c68211948009c33,2026-10-04,false,35,100,ml
kfind-d406-270000000-0001,RDA-92627,낙지전골,공식 원문에 제시된 전체 재료량 (인분 수 미확인),"낙지 240g(1/2마리), 쇠고기(양지머리) 160g, 느타리버섯 40g(2개), 미나리 40g, 붉은 고추 10g(2/3개), 장국국물(또는 육수) 400mL(2컵), 국간장 17g(1큰술), 소금 약간, <낙지 양념> 고춧가루 2g(1작은술), 다진 마늘 8g(2/3큰술) <쇠고기 양념> 간장 12g(2작은술), 다진 파 8g(1큰술), 다진 마늘 8g(2/3큰술), 설탕 4g(1작은술), 참기름 2g(1/2작은술)",설탕,4,fdc-reference-169655,"Sugars, granulated",387,https://www.nics.go.kr/food/kfi/tfSrch08/view?menuId=PS03520&tfcode=92627,https://fdc.nal.usda.gov/food-details/169655/nutrients,192ecbe79c0c4acb27fa3714d0d1788f6c16473299e92c7d2c68211948009c33,2026-10-04,false,35,100,ml
