id,brand,name,sourceFoodCode,sourceUrl,sourceDate,verifiedAt,saleState,energyKcal,servingAmount,servingUnit,sourceCategory,mappedCategory,sourcePageKey,sourceHash
official-menu-delivery-0e217913cc80780a,60계치킨,맛있는 다리만,DELIVERY-0E217913CC80780A,https://60chicken.com/bbs/content.php?co_id=menu,,2026-10-04,CURRENT_MENU_LISTED,,,,사이드,,60chicken-list,5A83D0F1736AA348419428EFDE6349028D045240738394CE567948FE94863F7F
official-menu-delivery-147a508665a4afb6,60계치킨,아이스화채,DELIVERY-147A508665A4AFB6,https://60chicken.com/bbs/content.php?co_id=menu,,2026-10-04,CURRENT_MENU_LISTED,,,,사이드,,60chicken-list,5A83D0F1736AA348419428EFDE6349028D045240738394CE567948FE94863F7F
official-menu-delivery-19a100692b61f2ee,60계치킨,미니쫀득볼,DELIVERY-19A100692B61F2EE,https://60chicken.com/bbs/content.php?co_id=menu,,2026-10-04,CURRENT_MENU_LISTED,,,,사이드,,60chicken-list,5A83D0F1736AA348419428EFDE6349028D045240738394CE567948FE94863F7F
official-menu-delivery-1ace4ef7ba7685b4,60계치킨,쫀도그,DELIVERY-1ACE4EF7BA7685B4,https://60chicken.com/bbs/content.php?co_id=menu,,2026-10-04,CURRENT_MENU_LISTED,,,,사이드,,60chicken-list,5A83D0F1736AA348419428EFDE6349028D045240738394CE567948FE94863F7F
official-menu-delivery-1d5d0f6a7218bdb9,60계치킨,호랑이치킨 (뼈/순살),DELIVERY-1D5D0F6A7218BDB9,https://60chicken.com/bbs/content.php?co_id=menu,,2026-10-04,CURRENT_MENU_LISTED,,,,치킨,치킨,60chicken-list,5A83D0F1736AA348419428EFDE6349028D045240738394CE567948FE94863F7F
official-menu-delivery-26170c9353f25645,60계치킨,양념치킨,DELIVERY-26170C9353F25645,https://60chicken.com/bbs/content.php?co_id=menu,,2026-10-04,CURRENT_MENU_LISTED,,,,치킨,치킨,60chicken-list,5A83D0F1736AA348419428EFDE6349028D045240738394CE567948FE94863F7F
official-menu-delivery-2827b43d35c191e0,60계치킨,차돌짬뽕,DELIVERY-2827B43D35C191E0,https://60chicken.com/bbs/content.php?co_id=menu,,2026-10-04,CURRENT_MENU_LISTED,,,,사이드,,60chicken-list,5A83D0F1736AA348419428EFDE6349028D045240738394CE567948FE94863F7F
official-menu-delivery-2a0018c26faa06f9,60계치킨,후라이드 치킨,DELIVERY-2A0018C26FAA06F9,https://60chicken.com/bbs/content.php?co_id=menu,,2026-10-04,CURRENT_MENU_LISTED,,,,치킨,치킨,60chicken-list,5A83D0F1736AA348419428EFDE6349028D045240738394CE567948FE94863F7F
official-menu-delivery-2ad70d0da6650638,60계치킨,쫀득치즈볼,DELIVERY-2AD70D0DA6650638,https://60chicken.com/bbs/content.php?co_id=menu,,2026-10-04,CURRENT_MENU_LISTED,,,,사이드,,60chicken-list,5A83D0F1736AA348419428EFDE6349028D045240738394CE567948FE94863F7F
official-menu-delivery-2f56562b14868a0a,60계치킨,사이드모듬 2인,DELIVERY-2F56562B14868A0A,https://60chicken.com/bbs/content.php?co_id=menu,,2026-10-04,CURRENT_MENU_LISTED,,,,사이드,,60chicken-list,5A83D0F1736AA348419428EFDE6349028D045240738394CE567948FE94863F7F
official-menu-delivery-31a31ca0a7f8b719,60계치킨,맛있는 윙만×15,DELIVERY-31A31CA0A7F8B719,https://60chicken.com/bbs/content.php?co_id=menu,,2026-10-04,CURRENT_MENU_LISTED,,,,치킨,치킨,60chicken-list,5A83D0F1736AA348419428EFDE6349028D045240738394CE567948FE94863F7F
official-menu-delivery-32670053a29b5095,60계치킨,감자치즈전,DELIVERY-32670053A29B5095,https://60chicken.com/bbs/content.php?co_id=menu,,2026-10-04,CURRENT_MENU_LISTED,,,,사이드,,60chicken-list,5A83D0F1736AA348419428EFDE6349028D045240738394CE567948FE94863F7F
official-menu-delivery-3573a4c9bd5da816,60계치킨,크랑이치킨 (뼈/순살),DELIVERY-3573A4C9BD5DA816,https://60chicken.com/bbs/content.php?co_id=menu,,2026-10-04,CURRENT_MENU_LISTED,,,,치킨,치킨,60chicken-list,5A83D0F1736AA348419428EFDE6349028D045240738394CE567948FE94863F7F
official-menu-delivery-36bb40e38efde237,60계치킨,나쵸칩,DELIVERY-36BB40E38EFDE237,https://60chicken.com/bbs/content.php?co_id=menu,,2026-10-04,CURRENT_MENU_LISTED,,,,사이드,,60chicken-list,5A83D0F1736AA348419428EFDE6349028D045240738394CE567948FE94863F7F
official-menu-delivery-376ae1e02c98834f,60계치킨,크크크치킨,DELIVERY-376AE1E02C98834F,https://60chicken.com/bbs/content.php?co_id=menu,,2026-10-04,CURRENT_MENU_LISTED,,,,치킨,치킨,60chicken-list,5A83D0F1736AA348419428EFDE6349028D045240738394CE567948FE94863F7F
official-menu-delivery-3b51b3fd12b8c206,60계치킨,망고 아이스크림,DELIVERY-3B51B3FD12B8C206,https://60chicken.com/bbs/content.php?co_id=menu,,2026-10-04,CURRENT_MENU_LISTED,,,,사이드,,60chicken-list,5A83D0F1736AA348419428EFDE6349028D045240738394CE567948FE94863F7F
official-menu-delivery-3ed84bf640bfbf00,60계치킨,호랑이치킨,DELIVERY-3ED84BF640BFBF00,https://60chicken.com/bbs/content.php?co_id=menu,,2026-10-04,CURRENT_MENU_LISTED,,,,치킨,치킨,60chicken-list,5A83D0F1736AA348419428EFDE6349028D045240738394CE567948FE94863F7F
official-menu-delivery-423627e3220b6e30,60계치킨,후라이드 치킨 (뼈/순살),DELIVERY-423627E3220B6E30,https://60chicken.com/bbs/content.php?co_id=menu,,2026-10-04,CURRENT_MENU_LISTED,,,,치킨,치킨,60chicken-list,5A83D0F1736AA348419428EFDE6349028D045240738394CE567948FE94863F7F
official-menu-delivery-429cea09d5a299c3,60계치킨,참지마라치킨 (뼈/순살),DELIVERY-429CEA09D5A299C3,https://60chicken.com/bbs/content.php?co_id=menu,,2026-10-04,CURRENT_MENU_LISTED,,,,치킨,치킨,60chicken-list,5A83D0F1736AA348419428EFDE6349028D045240738394CE567948FE94863F7F
official-menu-delivery-45f551ac7a11ff4d,60계치킨,더매운고추치킨,DELIVERY-45F551AC7A11FF4D,https://60chicken.com/bbs/content.php?co_id=menu,,2026-10-04,CURRENT_MENU_LISTED,,,,치킨,치킨,60chicken-list,5A83D0F1736AA348419428EFDE6349028D045240738394CE567948FE94863F7F
official-menu-delivery-48faa0d0c29d5dd6,60계치킨,맛있는 닭봉만×15,DELIVERY-48FAA0D0C29D5DD6,https://60chicken.com/bbs/content.php?co_id=menu,,2026-10-04,CURRENT_MENU_LISTED,,,,사이드,,60chicken-list,5A83D0F1736AA348419428EFDE6349028D045240738394CE567948FE94863F7F
official-menu-delivery-49fc1d4b1cf81570,60계치킨,참지마라치킨,DELIVERY-49FC1D4B1CF81570,https://60chicken.com/bbs/content.php?co_id=menu,,2026-10-04,CURRENT_MENU_LISTED,,,,치킨,치킨,60chicken-list,5A83D0F1736AA348419428EFDE6349028D045240738394CE567948FE94863F7F
official-menu-delivery-4b115aafeb55097c,60계치킨,떡볶이,DELIVERY-4B115AAFEB55097C,https://60chicken.com/bbs/content.php?co_id=menu,,2026-10-04,CURRENT_MENU_LISTED,,,,사이드,분식,60chicken-list,5A83D0F1736AA348419428EFDE6349028D045240738394CE567948FE94863F7F
official-menu-delivery-4e2b1a6d27ed0daa,60계치킨,쯔란콤보,DELIVERY-4E2B1A6D27ED0DAA,https://60chicken.com/bbs/content.php?co_id=menu,,2026-10-04,CURRENT_MENU_LISTED,,,,치킨,치킨,60chicken-list,5A83D0F1736AA348419428EFDE6349028D045240738394CE567948FE94863F7F
official-menu-delivery-4e4c892c4a568969,60계치킨,콤보,DELIVERY-4E4C892C4A568969,https://60chicken.com/bbs/content.php?co_id=menu,,2026-10-04,CURRENT_MENU_LISTED,,,,치킨,치킨,60chicken-list,5A83D0F1736AA348419428EFDE6349028D045240738394CE567948FE94863F7F
official-menu-delivery-5b31376114df51c9,60계치킨,튀밥 아이스크림,DELIVERY-5B31376114DF51C9,https://60chicken.com/bbs/content.php?co_id=menu,,2026-10-04,CURRENT_MENU_LISTED,,,,사이드,,60chicken-list,5A83D0F1736AA348419428EFDE6349028D045240738394CE567948FE94863F7F
official-menu-delivery-5fc2239fe4a99108,60계치킨,하하핫치킨 (뼈/순살),DELIVERY-5FC2239FE4A99108,https://60chicken.com/bbs/content.php?co_id=menu,,2026-10-04,CURRENT_MENU_LISTED,,,,치킨,치킨,60chicken-list,5A83D0F1736AA348419428EFDE6349028D045240738394CE567948FE94863F7F
official-menu-delivery-60043fc15f965d16,60계치킨,간지치킨,DELIVERY-60043FC15F965D16,https://60chicken.com/bbs/content.php?co_id=menu,,2026-10-04,CURRENT_MENU_LISTED,,,,치킨,치킨,60chicken-list,5A83D0F1736AA348419428EFDE6349028D045240738394CE567948FE94863F7F
official-menu-delivery-6d675a7a5acccf3f,60계치킨,계란말이,DELIVERY-6D675A7A5ACCCF3F,https://60chicken.com/bbs/content.php?co_id=menu,,2026-10-04,CURRENT_MENU_LISTED,,,,사이드,,60chicken-list,5A83D0F1736AA348419428EFDE6349028D045240738394CE567948FE94863F7F
official-menu-delivery-74b79aadc955c93b,60계치킨,사이드모듬 3인,DELIVERY-74B79AADC955C93B,https://60chicken.com/bbs/content.php?co_id=menu,,2026-10-04,CURRENT_MENU_LISTED,,,,사이드,,60chicken-list,5A83D0F1736AA348419428EFDE6349028D045240738394CE567948FE94863F7F
official-menu-delivery-77a0103bc5603cfa,60계치킨,파인애플 샤베트,DELIVERY-77A0103BC5603CFA,https://60chicken.com/bbs/content.php?co_id=menu,,2026-10-04,CURRENT_MENU_LISTED,,,,사이드,,60chicken-list,5A83D0F1736AA348419428EFDE6349028D045240738394CE567948FE94863F7F
official-menu-delivery-7be6fb10dc633a14,60계치킨,더매운고추치킨 (뼈/순살),DELIVERY-7BE6FB10DC633A14,https://60chicken.com/bbs/content.php?co_id=menu,,2026-10-04,CURRENT_MENU_LISTED,,,,치킨,치킨,60chicken-list,5A83D0F1736AA348419428EFDE6349028D045240738394CE567948FE94863F7F
official-menu-delivery-7d2c65e514cb56c0,60계치킨,쯔란콤보 (콤보/윙봉/순살),DELIVERY-7D2C65E514CB56C0,https://60chicken.com/bbs/content.php?co_id=menu,,2026-10-04,CURRENT_MENU_LISTED,,,,치킨,치킨,60chicken-list,5A83D0F1736AA348419428EFDE6349028D045240738394CE567948FE94863F7F
official-menu-delivery-86ab73c7da5bd1f8,60계치킨,고추치킨,DELIVERY-86AB73C7DA5BD1F8,https://60chicken.com/bbs/content.php?co_id=menu,,2026-10-04,CURRENT_MENU_LISTED,,,,치킨,치킨,60chicken-list,5A83D0F1736AA348419428EFDE6349028D045240738394CE567948FE94863F7F
official-menu-delivery-86f84c9f91186a9e,60계치킨,소시지&나초,DELIVERY-86F84C9F91186A9E,https://60chicken.com/bbs/content.php?co_id=menu,,2026-10-04,CURRENT_MENU_LISTED,,,,사이드,,60chicken-list,5A83D0F1736AA348419428EFDE6349028D045240738394CE567948FE94863F7F
official-menu-delivery-8990203ab53999b3,60계치킨,꼬치어묵탕,DELIVERY-8990203AB53999B3,https://60chicken.com/bbs/content.php?co_id=menu,,2026-10-04,CURRENT_MENU_LISTED,,,,사이드,,60chicken-list,5A83D0F1736AA348419428EFDE6349028D045240738394CE567948FE94863F7F
official-menu-delivery-8e0f947419543054,60계치킨,콘치즈,DELIVERY-8E0F947419543054,https://60chicken.com/bbs/content.php?co_id=menu,,2026-10-04,CURRENT_MENU_LISTED,,,,사이드,,60chicken-list,5A83D0F1736AA348419428EFDE6349028D045240738394CE567948FE94863F7F
official-menu-delivery-92a19d377f59729d,60계치킨,황금먹태,DELIVERY-92A19D377F59729D,https://60chicken.com/bbs/content.php?co_id=menu,,2026-10-04,CURRENT_MENU_LISTED,,,,사이드,,60chicken-list,5A83D0F1736AA348419428EFDE6349028D045240738394CE567948FE94863F7F
official-menu-delivery-98e33e6f8735a304,60계치킨,웨지감자,DELIVERY-98E33E6F8735A304,https://60chicken.com/bbs/content.php?co_id=menu,,2026-10-04,CURRENT_MENU_LISTED,,,,사이드,,60chicken-list,5A83D0F1736AA348419428EFDE6349028D045240738394CE567948FE94863F7F
official-menu-delivery-a40c92c4e2501ef2,60계치킨,멘보샤,DELIVERY-A40C92C4E2501EF2,https://60chicken.com/bbs/content.php?co_id=menu,,2026-10-04,CURRENT_MENU_LISTED,,,,사이드,,60chicken-list,5A83D0F1736AA348419428EFDE6349028D045240738394CE567948FE94863F7F
official-menu-delivery-ab5258f3d2fb1c5a,60계치킨,크랑이치킨,DELIVERY-AB5258F3D2FB1C5A,https://60chicken.com/bbs/content.php?co_id=menu,,2026-10-04,CURRENT_MENU_LISTED,,,,치킨,치킨,60chicken-list,5A83D0F1736AA348419428EFDE6349028D045240738394CE567948FE94863F7F
official-menu-delivery-acf12f533f755783,60계치킨,오돌뼈,DELIVERY-ACF12F533F755783,https://60chicken.com/bbs/content.php?co_id=menu,,2026-10-04,CURRENT_MENU_LISTED,,,,사이드,,60chicken-list,5A83D0F1736AA348419428EFDE6349028D045240738394CE567948FE94863F7F
official-menu-delivery-ad4a0ccb6c3600fb,60계치킨,하하핫치킨,DELIVERY-AD4A0CCB6C3600FB,https://60chicken.com/bbs/content.php?co_id=menu,,2026-10-04,CURRENT_MENU_LISTED,,,,치킨,치킨,60chicken-list,5A83D0F1736AA348419428EFDE6349028D045240738394CE567948FE94863F7F
official-menu-delivery-aeb53228b7a237b6,60계치킨,골뱅이무침,DELIVERY-AEB53228B7A237B6,https://60chicken.com/bbs/content.php?co_id=menu,,2026-10-04,CURRENT_MENU_LISTED,,,,사이드,,60chicken-list,5A83D0F1736AA348419428EFDE6349028D045240738394CE567948FE94863F7F
official-menu-delivery-af945f91912bbf5c,60계치킨,마늘 떡볶이,DELIVERY-AF945F91912BBF5C,https://60chicken.com/bbs/content.php?co_id=menu,,2026-10-04,CURRENT_MENU_LISTED,,,,사이드,분식,60chicken-list,5A83D0F1736AA348419428EFDE6349028D045240738394CE567948FE94863F7F
official-menu-delivery-b4e1d58f1fec78fb,60계치킨,마른안주세트,DELIVERY-B4E1D58F1FEC78FB,https://60chicken.com/bbs/content.php?co_id=menu,,2026-10-04,CURRENT_MENU_LISTED,,,,사이드,,60chicken-list,5A83D0F1736AA348419428EFDE6349028D045240738394CE567948FE94863F7F
official-menu-delivery-c6086e77dad0b232,60계치킨,윙봉세트,DELIVERY-C6086E77DAD0B232,https://60chicken.com/bbs/content.php?co_id=menu,,2026-10-04,CURRENT_MENU_LISTED,,,,치킨,치킨,60chicken-list,5A83D0F1736AA348419428EFDE6349028D045240738394CE567948FE94863F7F
official-menu-delivery-c6379c16fa61ea6e,60계치킨,크크크치킨 (뼈/순살),DELIVERY-C6379C16FA61EA6E,https://60chicken.com/bbs/content.php?co_id=menu,,2026-10-04,CURRENT_MENU_LISTED,,,,치킨,치킨,60chicken-list,5A83D0F1736AA348419428EFDE6349028D045240738394CE567948FE94863F7F
official-menu-delivery-d280779c19a1c30c,60계치킨,호랑이 치즈볼,DELIVERY-D280779C19A1C30C,https://60chicken.com/bbs/content.php?co_id=menu,,2026-10-04,CURRENT_MENU_LISTED,,,,사이드,,60chicken-list,5A83D0F1736AA348419428EFDE6349028D045240738394CE567948FE94863F7F
official-menu-delivery-d2fc27eb36fef8d9,60계치킨,푸하핫치킨,DELIVERY-D2FC27EB36FEF8D9,https://60chicken.com/bbs/content.php?co_id=menu,,2026-10-04,CURRENT_MENU_LISTED,,,,치킨,치킨,60chicken-list,5A83D0F1736AA348419428EFDE6349028D045240738394CE567948FE94863F7F
official-menu-delivery-d42fa1bb58ad4cc3,60계치킨,시원한 황도,DELIVERY-D42FA1BB58AD4CC3,https://60chicken.com/bbs/content.php?co_id=menu,,2026-10-04,CURRENT_MENU_LISTED,,,,사이드,,60chicken-list,5A83D0F1736AA348419428EFDE6349028D045240738394CE567948FE94863F7F
official-menu-delivery-d656a9f496adeb58,60계치킨,푸하핫치킨 (뼈/순살),DELIVERY-D656A9F496ADEB58,https://60chicken.com/bbs/content.php?co_id=menu,,2026-10-04,CURRENT_MENU_LISTED,,,,치킨,치킨,60chicken-list,5A83D0F1736AA348419428EFDE6349028D045240738394CE567948FE94863F7F
official-menu-delivery-d7e07c1200c462c3,60계치킨,고추치킨 (뼈/순살),DELIVERY-D7E07C1200C462C3,https://60chicken.com/bbs/content.php?co_id=menu,,2026-10-04,CURRENT_MENU_LISTED,,,,치킨,치킨,60chicken-list,5A83D0F1736AA348419428EFDE6349028D045240738394CE567948FE94863F7F
official-menu-delivery-da581f5b347560f7,60계치킨,호랑이 웨지감자,DELIVERY-DA581F5B347560F7,https://60chicken.com/bbs/content.php?co_id=menu,,2026-10-04,CURRENT_MENU_LISTED,,,,사이드,,60chicken-list,5A83D0F1736AA348419428EFDE6349028D045240738394CE567948FE94863F7F
official-menu-delivery-e7e42f4a1e3c3c52,60계치킨,호랑이 쫀도그,DELIVERY-E7E42F4A1E3C3C52,https://60chicken.com/bbs/content.php?co_id=menu,,2026-10-04,CURRENT_MENU_LISTED,,,,사이드,,60chicken-list,5A83D0F1736AA348419428EFDE6349028D045240738394CE567948FE94863F7F
official-menu-delivery-e947d619b242a986,60계치킨,근위튀김,DELIVERY-E947D619B242A986,https://60chicken.com/bbs/content.php?co_id=menu,,2026-10-04,CURRENT_MENU_LISTED,,,,사이드,,60chicken-list,5A83D0F1736AA348419428EFDE6349028D045240738394CE567948FE94863F7F
official-menu-delivery-eec7ebb77ad09b7a,60계치킨,포테이토 치즈스틱,DELIVERY-EEC7EBB77AD09B7A,https://60chicken.com/bbs/content.php?co_id=menu,,2026-10-04,CURRENT_MENU_LISTED,,,,사이드,,60chicken-list,5A83D0F1736AA348419428EFDE6349028D045240738394CE567948FE94863F7F
official-menu-delivery-f843c7f25fb39829,60계치킨,간지치킨 (뼈/순살),DELIVERY-F843C7F25FB39829,https://60chicken.com/bbs/content.php?co_id=menu,,2026-10-04,CURRENT_MENU_LISTED,,,,치킨,치킨,60chicken-list,5A83D0F1736AA348419428EFDE6349028D045240738394CE567948FE94863F7F
official-menu-delivery-f912d806b30cb23e,60계치킨,고구마스틱,DELIVERY-F912D806B30CB23E,https://60chicken.com/bbs/content.php?co_id=menu,,2026-10-04,CURRENT_MENU_LISTED,,,,사이드,,60chicken-list,5A83D0F1736AA348419428EFDE6349028D045240738394CE567948FE94863F7F
official-menu-delivery-fd060adbd1a8630f,60계치킨,양념치킨 (뼈/순살),DELIVERY-FD060ADBD1A8630F,https://60chicken.com/bbs/content.php?co_id=menu,,2026-10-04,CURRENT_MENU_LISTED,,,,치킨,치킨,60chicken-list,5A83D0F1736AA348419428EFDE6349028D045240738394CE567948FE94863F7F
official-menu-delivery-0322b006c5a86cf6,7번가피자,고르곤졸라,DELIVERY-0322B006C5A86CF6,https://www.7thpizza.com/sub/menu/list.php?menuCate=6,,2026-10-04,CURRENT_MENU_LISTED,,,,피자,피자,7th-cate6,2C2B9A310CFD2E8BC4C3808CD3F7FDECCF49781EBFEE67184B80358831908A46
official-menu-delivery-1595795e316b4db8,7번가피자,치킨바샤삭 (12PCS),DELIVERY-1595795E316B4DB8,https://www.7thpizza.com/sub/menu/list.php?menuCate=8,,2026-10-04,CURRENT_MENU_LISTED,,,,사이드,,7th-cate8,E77488C8D1E340042805D627A761BBA58197DC12C25CC3D758EE7B80C4D88A8D
official-menu-delivery-164711eaac2523c3,7번가피자,흥부박포테이토,DELIVERY-164711EAAC2523C3,https://www.7thpizza.com/sub/menu/list.php?menuCate=3,,2026-10-04,CURRENT_MENU_LISTED,,,,피자,피자,7th-cate3,B2557153925F80117F59B359724C8E351A5C4A93320F4493F2E615DF64DECB2F
official-menu-delivery-28808e727364f184,7번가피자,TOP,DELIVERY-28808E727364F184,https://www.7thpizza.com/sub/menu/list.php,,2026-10-04,CURRENT_MENU_LISTED,,,,피자,피자,7th-list,4C149F1CE3F8F433D03D68D413337CE47209F79DED25F66E4B4874D553752CAA
official-menu-delivery-29e0f88903768206,7번가피자,슈퍼콤비네이션,DELIVERY-29E0F88903768206,https://www.7thpizza.com/sub/menu/list.php?menuCate=4,,2026-10-04,CURRENT_MENU_LISTED,,,,피자,피자,7th-cate4,EB83EEC79B7831CFD85407211D2684EC214687FBC3BE52405EE6CB3BB1DB6930
official-menu-delivery-3ee9e9dcdfb7e213,7번가피자,포테이토,DELIVERY-3EE9E9DCDFB7E213,https://www.7thpizza.com/sub/menu/list.php?menuCate=4,,2026-10-04,CURRENT_MENU_LISTED,,,,피자,피자,7th-cate4,EB83EEC79B7831CFD85407211D2684EC214687FBC3BE52405EE6CB3BB1DB6930
official-menu-delivery-4c3b711c26d6fe5d,7번가피자,NEW쉬림프아라비아따 스파게티,DELIVERY-4C3B711C26D6FE5D,https://www.7thpizza.com/sub/menu/list.php,,2026-10-04,CURRENT_MENU_LISTED,,,,피자,파스타,7th-list,4C149F1CE3F8F433D03D68D413337CE47209F79DED25F66E4B4874D553752CAA
official-menu-delivery-4f143a2a6335b364,7번가피자,화이트쉬림프,DELIVERY-4F143A2A6335B364,https://www.7thpizza.com/sub/menu/list.php?menuCate=3,,2026-10-04,CURRENT_MENU_LISTED,,,,피자,피자,7th-cate3,B2557153925F80117F59B359724C8E351A5C4A93320F4493F2E615DF64DECB2F
official-menu-delivery-5270db305a47a472,7번가피자,더블치즈,DELIVERY-5270DB305A47A472,https://www.7thpizza.com/sub/menu/list.php?menuCate=6,,2026-10-04,CURRENT_MENU_LISTED,,,,피자,피자,7th-cate6,2C2B9A310CFD2E8BC4C3808CD3F7FDECCF49781EBFEE67184B80358831908A46
official-menu-delivery-545fb95ac8417d02,7번가피자,새우파티,DELIVERY-545FB95AC8417D02,https://www.7thpizza.com/sub/menu/list.php?menuCate=2,,2026-10-04,CURRENT_MENU_LISTED,,,,피자,피자,7th-cate2,6B874C6D70F398FCA10F547E099F33BE0EE246B81720E96BB94B59B9FB62B842
official-menu-delivery-60f9e37571994844,7번가피자,그릴닭다리살(3PCS),DELIVERY-60F9E37571994844,https://www.7thpizza.com/sub/menu/list.php?menuCate=8,,2026-10-04,CURRENT_MENU_LISTED,,,,사이드,,7th-cate8,E77488C8D1E340042805D627A761BBA58197DC12C25CC3D758EE7B80C4D88A8D
official-menu-delivery-6b31c271c0ed2511,7번가피자,고구마,DELIVERY-6B31C271C0ED2511,https://www.7thpizza.com/sub/menu/list.php?menuCate=3,,2026-10-04,CURRENT_MENU_LISTED,,,,피자,피자,7th-cate3,B2557153925F80117F59B359724C8E351A5C4A93320F4493F2E615DF64DECB2F
official-menu-delivery-6e671a3df57e9044,7번가피자,치킨바샤삭 (6PCS),DELIVERY-6E671A3DF57E9044,https://www.7thpizza.com/sub/menu/list.php?menuCate=8,,2026-10-04,CURRENT_MENU_LISTED,,,,사이드,,7th-cate8,E77488C8D1E340042805D627A761BBA58197DC12C25CC3D758EE7B80C4D88A8D
official-menu-delivery-6ee92bc8cf1ec410,7번가피자,하프앤하프,DELIVERY-6EE92BC8CF1EC410,https://www.7thpizza.com/sub/menu/list.php?menuCate=5,,2026-10-04,CURRENT_MENU_LISTED,,,,피자,피자,7th-cate5,BCDAF3237025F9E37FD96B708F29A609C2F9D8F8FCBCEF055DE4BAC4B2B9E3BE
official-menu-delivery-6fafb556a55b50ea,7번가피자,불고기,DELIVERY-6FAFB556A55B50EA,https://www.7thpizza.com/sub/menu/list.php?menuCate=4,,2026-10-04,CURRENT_MENU_LISTED,,,,피자,피자,7th-cate4,EB83EEC79B7831CFD85407211D2684EC214687FBC3BE52405EE6CB3BB1DB6930
official-menu-delivery-6ffc012c00388a33,7번가피자,NEW 패밀리박스 L,DELIVERY-6FFC012C00388A33,https://www.7thpizza.com/sub/menu/list.php,,2026-10-04,CURRENT_MENU_LISTED,,,,피자,피자,7th-list,4C149F1CE3F8F433D03D68D413337CE47209F79DED25F66E4B4874D553752CAA
official-menu-delivery-720fc09efddb93a0,7번가피자,페페로니,DELIVERY-720FC09EFDDB93A0,https://www.7thpizza.com/sub/menu/list.php?menuCate=6,,2026-10-04,CURRENT_MENU_LISTED,,,,피자,피자,7th-cate6,2C2B9A310CFD2E8BC4C3808CD3F7FDECCF49781EBFEE67184B80358831908A46
official-menu-delivery-82ebd6b843e8a732,7번가피자,샘스테이크,DELIVERY-82EBD6B843E8A732,https://www.7thpizza.com/sub/menu/list.php?menuCate=2,,2026-10-04,CURRENT_MENU_LISTED,,,,피자,피자,7th-cate2,6B874C6D70F398FCA10F547E099F33BE0EE246B81720E96BB94B59B9FB62B842
official-menu-delivery-9a63f0dce66efd7a,7번가피자,오븐스파게티,DELIVERY-9A63F0DCE66EFD7A,https://www.7thpizza.com/sub/menu/list.php?menuCate=8,,2026-10-04,CURRENT_MENU_LISTED,,,,사이드,파스타,7th-cate8,E77488C8D1E340042805D627A761BBA58197DC12C25CC3D758EE7B80C4D88A8D
official-menu-delivery-9de4121cf00f8192,7번가피자,7번가스페셜,DELIVERY-9DE4121CF00F8192,https://www.7thpizza.com/sub/menu/list.php?menuCate=2,,2026-10-04,CURRENT_MENU_LISTED,,,,피자,피자,7th-cate2,6B874C6D70F398FCA10F547E099F33BE0EE246B81720E96BB94B59B9FB62B842
official-menu-delivery-a816d5fac032c332,7번가피자,체다골드포테이토,DELIVERY-A816D5FAC032C332,https://www.7thpizza.com/sub/menu/list.php?menuCate=2,,2026-10-04,CURRENT_MENU_LISTED,,,,피자,피자,7th-cate2,6B874C6D70F398FCA10F547E099F33BE0EE246B81720E96BB94B59B9FB62B842
official-menu-delivery-b911813d78ab6ef4,7번가피자,오븐 치즈떡볶이,DELIVERY-B911813D78AB6EF4,https://www.7thpizza.com/sub/menu/list.php?menuCate=8,,2026-10-04,CURRENT_MENU_LISTED,,,,사이드,분식,7th-cate8,E77488C8D1E340042805D627A761BBA58197DC12C25CC3D758EE7B80C4D88A8D
official-menu-delivery-becbc95d6264280b,7번가피자,NEW 패밀리박스 R,DELIVERY-BECBC95D6264280B,https://www.7thpizza.com/sub/menu/list.php,,2026-10-04,CURRENT_MENU_LISTED,,,,피자,피자,7th-list,4C149F1CE3F8F433D03D68D413337CE47209F79DED25F66E4B4874D553752CAA
official-menu-delivery-c90e4324f6adb91a,7번가피자,하와이안,DELIVERY-C90E4324F6ADB91A,https://www.7thpizza.com/sub/menu/list.php?menuCate=6,,2026-10-04,CURRENT_MENU_LISTED,,,,피자,피자,7th-cate6,2C2B9A310CFD2E8BC4C3808CD3F7FDECCF49781EBFEE67184B80358831908A46
official-menu-delivery-dbce07846921a7ed,7번가피자,컨츄리치킨,DELIVERY-DBCE07846921A7ED,https://www.7thpizza.com/sub/menu/list.php?menuCate=4,,2026-10-04,CURRENT_MENU_LISTED,,,,피자,피자,7th-cate4,EB83EEC79B7831CFD85407211D2684EC214687FBC3BE52405EE6CB3BB1DB6930
official-menu-delivery-de00c818178f43ab,7번가피자,NEW까망베르더블치즈,DELIVERY-DE00C818178F43AB,https://www.7thpizza.com/sub/menu/list.php,,2026-10-04,CURRENT_MENU_LISTED,,,,피자,피자,7th-list,4C149F1CE3F8F433D03D68D413337CE47209F79DED25F66E4B4874D553752CAA
official-menu-delivery-e11a14bfcf102516,7번가피자,고추장불고기,DELIVERY-E11A14BFCF102516,https://www.7thpizza.com/sub/menu/list.php?menuCate=4,,2026-10-04,CURRENT_MENU_LISTED,,,,피자,피자,7th-cate4,EB83EEC79B7831CFD85407211D2684EC214687FBC3BE52405EE6CB3BB1DB6930
official-menu-delivery-0492941e27dfc623,공차,초코바른 딸기 스무디 with 쿠키,DELIVERY-0492941E27DFC623,https://www.gong-cha.co.kr/brand/menu/product_detail?category=001001&no=1143&scroll=y,,2026-10-04,CURRENT_MENU_LISTED,,,,음료,음료,gongcha-list,A6B497DAA21A039769CB1526C1579E146A5F067CDC3B0F76C8B9C97E615CDC27
official-menu-delivery-0a720c8394e49ffc,공차,초콜릿 시그니처 밀크티+펄,DELIVERY-0A720C8394E49FFC,https://www.gong-cha.co.kr/brand/menu/product_detail?category=001001&no=1144&scroll=y,,2026-10-04,CURRENT_MENU_LISTED,,,,음료,음료,gongcha-list,A6B497DAA21A039769CB1526C1579E146A5F067CDC3B0F76C8B9C97E615CDC27
official-menu-delivery-1afbe816ab4076c1,공차,저당 자스민 오리지널 티,DELIVERY-1AFBE816AB4076C1,https://www.gong-cha.co.kr/brand/menu/product_detail?category=001001&no=1105&scroll=y,,2026-10-04,CURRENT_MENU_LISTED,,,,음료,음료,gongcha-list,A6B497DAA21A039769CB1526C1579E146A5F067CDC3B0F76C8B9C97E615CDC27
official-menu-delivery-27d7c60fd76fc2b5,공차,핑크구아바 봉봉 아이스티,DELIVERY-27D7C60FD76FC2B5,https://www.gong-cha.co.kr/brand/menu/product_detail?category=001001&no=1136&scroll=y,,2026-10-04,CURRENT_MENU_LISTED,,,,음료,음료,gongcha-list,A6B497DAA21A039769CB1526C1579E146A5F067CDC3B0F76C8B9C97E615CDC27
official-menu-delivery-2bcd7f1f8d529d72,공차,더블 말차 밀크티,DELIVERY-2BCD7F1F8D529D72,https://www.gong-cha.co.kr/brand/menu/product_detail?category=001001&no=1075&scroll=y,,2026-10-04,CURRENT_MENU_LISTED,,,,음료,음료,gongcha-list,A6B497DAA21A039769CB1526C1579E146A5F067CDC3B0F76C8B9C97E615CDC27
official-menu-delivery-344885195cb4fb32,공차,밀크티 모찌 빙수 쉐이크,DELIVERY-344885195CB4FB32,https://www.gong-cha.co.kr/brand/menu/product_detail?category=001001&no=1096&scroll=y,,2026-10-04,CURRENT_MENU_LISTED,,,,음료,음료,gongcha-list,A6B497DAA21A039769CB1526C1579E146A5F067CDC3B0F76C8B9C97E615CDC27
official-menu-delivery-372e907420a268df,공차,납작복숭아 아이스티 블랙 + 미니펄,DELIVERY-372E907420A268DF,https://www.gong-cha.co.kr/brand/menu/product_detail?category=001001&no=1085&scroll=y,,2026-10-04,CURRENT_MENU_LISTED,,,,음료,음료,gongcha-list,A6B497DAA21A039769CB1526C1579E146A5F067CDC3B0F76C8B9C97E615CDC27
official-menu-delivery-469fea7e17d28327,공차,리얼 애플 오미자티,DELIVERY-469FEA7E17D28327,https://www.gong-cha.co.kr/brand/menu/product_detail?category=001001&no=1148&scroll=y,,2026-10-04,CURRENT_MENU_LISTED,,,,음료,음료,gongcha-list,A6B497DAA21A039769CB1526C1579E146A5F067CDC3B0F76C8B9C97E615CDC27
official-menu-delivery-4d03cebb212a98b6,공차,망고 가득 모찌 빙수 쉐이크,DELIVERY-4D03CEBB212A98B6,https://www.gong-cha.co.kr/brand/menu/product_detail?category=001001&no=1094&scroll=y,,2026-10-04,CURRENT_MENU_LISTED,,,,음료,음료,gongcha-list,A6B497DAA21A039769CB1526C1579E146A5F067CDC3B0F76C8B9C97E615CDC27
official-menu-delivery-4ea9d10492df6b71,공차,저당 우롱 밀크티,DELIVERY-4EA9D10492DF6B71,https://www.gong-cha.co.kr/brand/menu/product_detail?category=001001&no=1114&scroll=y,,2026-10-04,CURRENT_MENU_LISTED,,,,음료,음료,gongcha-list,A6B497DAA21A039769CB1526C1579E146A5F067CDC3B0F76C8B9C97E615CDC27
official-menu-delivery-5404f8464461dbee,공차,저당 초콜렛 밀크티 + 치즈폼,DELIVERY-5404F8464461DBEE,https://www.gong-cha.co.kr/brand/menu/product_detail?category=001001&no=1103&scroll=y,,2026-10-04,CURRENT_MENU_LISTED,,,,음료,음료,gongcha-list,A6B497DAA21A039769CB1526C1579E146A5F067CDC3B0F76C8B9C97E615CDC27
official-menu-delivery-55c48e8906b5c75a,공차,밤 크림 밀크티+펄,DELIVERY-55C48E8906B5C75A,https://www.gong-cha.co.kr/brand/menu/product_detail?category=001001&no=1145&scroll=y,,2026-10-04,CURRENT_MENU_LISTED,,,,음료,음료,gongcha-list,A6B497DAA21A039769CB1526C1579E146A5F067CDC3B0F76C8B9C97E615CDC27
official-menu-delivery-56d5a87425b33dd6,공차,망고 트로피컬 블러쉬 스무디,DELIVERY-56D5A87425B33DD6,https://www.gong-cha.co.kr/brand/menu/product_detail?category=001001&no=1131&scroll=y,,2026-10-04,CURRENT_MENU_LISTED,,,,음료,음료,gongcha-list,A6B497DAA21A039769CB1526C1579E146A5F067CDC3B0F76C8B9C97E615CDC27
official-menu-delivery-5706a25a25d93be3,공차,브라운슈가 시그니처 우롱 밀크티 + 펄,DELIVERY-5706A25A25D93BE3,https://www.gong-cha.co.kr/brand/menu/product_detail?category=001001&no=1088&scroll=y,,2026-10-04,CURRENT_MENU_LISTED,,,,음료,음료,gongcha-list,A6B497DAA21A039769CB1526C1579E146A5F067CDC3B0F76C8B9C97E615CDC27
official-menu-delivery-5b5e51bb565b3944,공차,핑크구아바 밀크티,DELIVERY-5B5E51BB565B3944,https://www.gong-cha.co.kr/brand/menu/product_detail?category=001001&no=1137&scroll=y,,2026-10-04,CURRENT_MENU_LISTED,,,,음료,음료,gongcha-list,A6B497DAA21A039769CB1526C1579E146A5F067CDC3B0F76C8B9C97E615CDC27
official-menu-delivery-62626d403f01e668,공차,리얼 참외 주스 BIG 컵,DELIVERY-62626D403F01E668,https://www.gong-cha.co.kr/brand/menu/product_detail?category=001001&no=1141&scroll=y,,2026-10-04,CURRENT_MENU_LISTED,,,,음료,음료,gongcha-list,A6B497DAA21A039769CB1526C1579E146A5F067CDC3B0F76C8B9C97E615CDC27
official-menu-delivery-6568d3209463260a,공차,망고 쥬얼리 시그니처 밀크티,DELIVERY-6568D3209463260A,https://www.gong-cha.co.kr/brand/menu/product_detail?category=001001&no=1090&scroll=y,,2026-10-04,CURRENT_MENU_LISTED,,,,음료,음료,gongcha-list,A6B497DAA21A039769CB1526C1579E146A5F067CDC3B0F76C8B9C97E615CDC27
official-menu-delivery-695aa02fb4509f29,공차,저당 블랙 밀크티 + 펄,DELIVERY-695AA02FB4509F29,https://www.gong-cha.co.kr/brand/menu/product_detail?category=001001&no=1112&scroll=y,,2026-10-04,CURRENT_MENU_LISTED,,,,음료,음료,gongcha-list,A6B497DAA21A039769CB1526C1579E146A5F067CDC3B0F76C8B9C97E615CDC27
official-menu-delivery-6bf52fe7c6b001a5,공차,대만식 수박 빙수 밀크,DELIVERY-6BF52FE7C6B001A5,https://www.gong-cha.co.kr/brand/menu/product_detail?category=001001&no=1119&scroll=y,,2026-10-04,CURRENT_MENU_LISTED,,,,음료,음료,gongcha-list,A6B497DAA21A039769CB1526C1579E146A5F067CDC3B0F76C8B9C97E615CDC27
official-menu-delivery-6c7be4d486687dc5,공차,참외 자스민티,DELIVERY-6C7BE4D486687DC5,https://www.gong-cha.co.kr/brand/menu/product_detail?category=001001&no=1142&scroll=y,,2026-10-04,CURRENT_MENU_LISTED,,,,음료,음료,gongcha-list,A6B497DAA21A039769CB1526C1579E146A5F067CDC3B0F76C8B9C97E615CDC27
official-menu-delivery-70e70a3d134809c1,공차,제로 피치 우롱 아이스티 + 알로에,DELIVERY-70E70A3D134809C1,https://www.gong-cha.co.kr/brand/menu/product_detail?category=001001&no=1117&scroll=y,,2026-10-04,CURRENT_MENU_LISTED,,,,음료,음료,gongcha-list,A6B497DAA21A039769CB1526C1579E146A5F067CDC3B0F76C8B9C97E615CDC27
official-menu-delivery-762a045c02182c72,공차,말차 쥬얼리 시그니처 밀크티,DELIVERY-762A045C02182C72,https://www.gong-cha.co.kr/brand/menu/product_detail?category=001001&no=1089&scroll=y,,2026-10-04,CURRENT_MENU_LISTED,,,,음료,음료,gongcha-list,A6B497DAA21A039769CB1526C1579E146A5F067CDC3B0F76C8B9C97E615CDC27
official-menu-delivery-79a842df4a99753b,공차,리얼 수박 주스 BIG 컵,DELIVERY-79A842DF4A99753B,https://www.gong-cha.co.kr/brand/menu/product_detail?category=001001&no=1120&scroll=y,,2026-10-04,CURRENT_MENU_LISTED,,,,음료,음료,gongcha-list,A6B497DAA21A039769CB1526C1579E146A5F067CDC3B0F76C8B9C97E615CDC27
official-menu-delivery-79fc3f366a9f02cf,공차,납작복숭아 아이스티 얼그레이 + 샷,DELIVERY-79FC3F366A9F02CF,https://www.gong-cha.co.kr/brand/menu/product_detail?category=001001&no=1084&scroll=y,,2026-10-04,CURRENT_MENU_LISTED,,,,음료,음료,gongcha-list,A6B497DAA21A039769CB1526C1579E146A5F067CDC3B0F76C8B9C97E615CDC27
official-menu-delivery-7e2c9092fab31627,공차,저당 우롱 오리지널 티,DELIVERY-7E2C9092FAB31627,https://www.gong-cha.co.kr/brand/menu/product_detail?category=001001&no=1106&scroll=y,,2026-10-04,CURRENT_MENU_LISTED,,,,음료,음료,gongcha-list,A6B497DAA21A039769CB1526C1579E146A5F067CDC3B0F76C8B9C97E615CDC27
official-menu-delivery-7fb1adbdf899dc05,공차,말차샷 타로 밀크티,DELIVERY-7FB1ADBDF899DC05,https://www.gong-cha.co.kr/brand/menu/product_detail?category=001001&no=1083&scroll=y,,2026-10-04,CURRENT_MENU_LISTED,,,,음료,음료,gongcha-list,A6B497DAA21A039769CB1526C1579E146A5F067CDC3B0F76C8B9C97E615CDC27
official-menu-delivery-874edd0cb04582ac,공차,저당 우롱 밀크티 + 펄,DELIVERY-874EDD0CB04582AC,https://www.gong-cha.co.kr/brand/menu/product_detail?category=001001&no=1110&scroll=y,,2026-10-04,CURRENT_MENU_LISTED,,,,음료,음료,gongcha-list,A6B497DAA21A039769CB1526C1579E146A5F067CDC3B0F76C8B9C97E615CDC27
official-menu-delivery-8c56f957a9b8a633,공차,수박 밀크티+펄,DELIVERY-8C56F957A9B8A633,https://www.gong-cha.co.kr/brand/menu/product_detail?category=001001&no=1121&scroll=y,,2026-10-04,CURRENT_MENU_LISTED,,,,음료,음료,gongcha-list,A6B497DAA21A039769CB1526C1579E146A5F067CDC3B0F76C8B9C97E615CDC27
official-menu-delivery-8cc4f23c771b8547,공차,저당 얼그레이 밀크티,DELIVERY-8CC4F23C771B8547,https://www.gong-cha.co.kr/brand/menu/product_detail?category=001001&no=1115&scroll=y,,2026-10-04,CURRENT_MENU_LISTED,,,,음료,음료,gongcha-list,A6B497DAA21A039769CB1526C1579E146A5F067CDC3B0F76C8B9C97E615CDC27
official-menu-delivery-8f9bb64df56c1e7a,공차,저당 얼그레이 오리지널 티,DELIVERY-8F9BB64DF56C1E7A,https://www.gong-cha.co.kr/brand/menu/product_detail?category=001001&no=1107&scroll=y,,2026-10-04,CURRENT_MENU_LISTED,,,,음료,음료,gongcha-list,A6B497DAA21A039769CB1526C1579E146A5F067CDC3B0F76C8B9C97E615CDC27
official-menu-delivery-930bd5b9e76af1a2,공차,완두말차 모찌 빙수 쉐이크,DELIVERY-930BD5B9E76AF1A2,https://www.gong-cha.co.kr/brand/menu/product_detail?category=001001&no=1095&scroll=y,,2026-10-04,CURRENT_MENU_LISTED,,,,음료,음료,gongcha-list,A6B497DAA21A039769CB1526C1579E146A5F067CDC3B0F76C8B9C97E615CDC27
official-menu-delivery-93db5aa133213d99,공차,브라운슈가 시그니처 얼그레이 밀크티 + 펄,DELIVERY-93DB5AA133213D99,https://www.gong-cha.co.kr/brand/menu/product_detail?category=001001&no=1087&scroll=y,,2026-10-04,CURRENT_MENU_LISTED,,,,음료,음료,gongcha-list,A6B497DAA21A039769CB1526C1579E146A5F067CDC3B0F76C8B9C97E615CDC27
official-menu-delivery-9443af3da1ec7888,공차,저당 블랙 오리지널 티,DELIVERY-9443AF3DA1EC7888,https://www.gong-cha.co.kr/brand/menu/product_detail?category=001001&no=1108&scroll=y,,2026-10-04,CURRENT_MENU_LISTED,,,,음료,음료,gongcha-list,A6B497DAA21A039769CB1526C1579E146A5F067CDC3B0F76C8B9C97E615CDC27
official-menu-delivery-9eed77ed3472be7f,공차,말차 초코 스무디,DELIVERY-9EED77ED3472BE7F,https://www.gong-cha.co.kr/brand/menu/product_detail?category=001001&no=1082&scroll=y,,2026-10-04,CURRENT_MENU_LISTED,,,,음료,음료,gongcha-list,A6B497DAA21A039769CB1526C1579E146A5F067CDC3B0F76C8B9C97E615CDC27
official-menu-delivery-9f6eb2c8d2ae785c,공차,저당 햅쌀 미숫가루 밀크티 + 펄,DELIVERY-9F6EB2C8D2AE785C,https://www.gong-cha.co.kr/brand/menu/product_detail?category=001001&no=1118&scroll=y,,2026-10-04,CURRENT_MENU_LISTED,,,,음료,음료,gongcha-list,A6B497DAA21A039769CB1526C1579E146A5F067CDC3B0F76C8B9C97E615CDC27
official-menu-delivery-a90c82de970a53ab,공차,저당 자스민 밀크티,DELIVERY-A90C82DE970A53AB,https://www.gong-cha.co.kr/brand/menu/product_detail?category=001001&no=1113&scroll=y,,2026-10-04,CURRENT_MENU_LISTED,,,,음료,음료,gongcha-list,A6B497DAA21A039769CB1526C1579E146A5F067CDC3B0F76C8B9C97E615CDC27
official-menu-delivery-ab28b8ff9934d658,공차,쑥 크림 밀크티+펄,DELIVERY-AB28B8FF9934D658,https://www.gong-cha.co.kr/brand/menu/product_detail?category=001001&no=1146&scroll=y,,2026-10-04,CURRENT_MENU_LISTED,,,,음료,음료,gongcha-list,A6B497DAA21A039769CB1526C1579E146A5F067CDC3B0F76C8B9C97E615CDC27
official-menu-delivery-ab65478314c820ec,공차,아삭 참외 스무디,DELIVERY-AB65478314C820EC,https://www.gong-cha.co.kr/brand/menu/product_detail?category=001001&no=1125&scroll=y,,2026-10-04,CURRENT_MENU_LISTED,,,,음료,음료,gongcha-list,A6B497DAA21A039769CB1526C1579E146A5F067CDC3B0F76C8B9C97E615CDC27
official-menu-delivery-abdbab4027fdac9d,공차,자스민 코코 with 말차폼,DELIVERY-ABDBAB4027FDAC9D,https://www.gong-cha.co.kr/brand/menu/product_detail?category=001001&no=1073&scroll=y,,2026-10-04,CURRENT_MENU_LISTED,,,,음료,음료,gongcha-list,A6B497DAA21A039769CB1526C1579E146A5F067CDC3B0F76C8B9C97E615CDC27
official-menu-delivery-af1cb07f17c94657,공차,포도 말랑 밀크티,DELIVERY-AF1CB07F17C94657,https://www.gong-cha.co.kr/brand/menu/product_detail?category=001001&no=1135&scroll=y,,2026-10-04,CURRENT_MENU_LISTED,,,,음료,음료,gongcha-list,A6B497DAA21A039769CB1526C1579E146A5F067CDC3B0F76C8B9C97E615CDC27
official-menu-delivery-b85b8a6d7452bfd8,공차,더블 말차 밀크티 + 펄,DELIVERY-B85B8A6D7452BFD8,https://www.gong-cha.co.kr/brand/menu/product_detail?category=001001&no=1138&scroll=y,,2026-10-04,CURRENT_MENU_LISTED,,,,음료,음료,gongcha-list,A6B497DAA21A039769CB1526C1579E146A5F067CDC3B0F76C8B9C97E615CDC27
official-menu-delivery-c1ac88e56e18267c,공차,저당 얼그레이 밀크티 + 펄,DELIVERY-C1AC88E56E18267C,https://www.gong-cha.co.kr/brand/menu/product_detail?category=001001&no=1111&scroll=y,,2026-10-04,CURRENT_MENU_LISTED,,,,음료,음료,gongcha-list,A6B497DAA21A039769CB1526C1579E146A5F067CDC3B0F76C8B9C97E615CDC27
official-menu-delivery-c1dd79d7f9af6351,공차,저당 자스민 밀크티 + 펄,DELIVERY-C1DD79D7F9AF6351,https://www.gong-cha.co.kr/brand/menu/product_detail?category=001001&no=1109&scroll=y,,2026-10-04,CURRENT_MENU_LISTED,,,,음료,음료,gongcha-list,A6B497DAA21A039769CB1526C1579E146A5F067CDC3B0F76C8B9C97E615CDC27
official-menu-delivery-c1e662b98122dc37,공차,얼그레이 말차 밀크티 + 펄,DELIVERY-C1E662B98122DC37,https://www.gong-cha.co.kr/brand/menu/product_detail?category=001001&no=1074&scroll=y,,2026-10-04,CURRENT_MENU_LISTED,,,,음료,음료,gongcha-list,A6B497DAA21A039769CB1526C1579E146A5F067CDC3B0F76C8B9C97E615CDC27
official-menu-delivery-c28ac19fc5213ff6,공차,저당 블랙 밀크티,DELIVERY-C28AC19FC5213FF6,https://www.gong-cha.co.kr/brand/menu/product_detail?category=001001&no=1116&scroll=y,,2026-10-04,CURRENT_MENU_LISTED,,,,음료,음료,gongcha-list,A6B497DAA21A039769CB1526C1579E146A5F067CDC3B0F76C8B9C97E615CDC27
official-menu-delivery-c54c3c34b964b685,공차,저당 초콜렛 밀크티,DELIVERY-C54C3C34B964B685,https://www.gong-cha.co.kr/brand/menu/product_detail?category=001001&no=1104&scroll=y,,2026-10-04,CURRENT_MENU_LISTED,,,,음료,음료,gongcha-list,A6B497DAA21A039769CB1526C1579E146A5F067CDC3B0F76C8B9C97E615CDC27
official-menu-delivery-cc9186adda7b4b56,공차,아삭 참외 밀크티,DELIVERY-CC9186ADDA7B4B56,https://www.gong-cha.co.kr/brand/menu/product_detail?category=001001&no=1126&scroll=y,,2026-10-04,CURRENT_MENU_LISTED,,,,음료,음료,gongcha-list,A6B497DAA21A039769CB1526C1579E146A5F067CDC3B0F76C8B9C97E615CDC27
official-menu-delivery-d5a052f7367aaa81,공차,리얼 애플 카라멜 밀크티,DELIVERY-D5A052F7367AAA81,https://www.gong-cha.co.kr/brand/menu/product_detail?category=001001&no=1149&scroll=y,,2026-10-04,CURRENT_MENU_LISTED,,,,음료,음료,gongcha-list,A6B497DAA21A039769CB1526C1579E146A5F067CDC3B0F76C8B9C97E615CDC27
official-menu-delivery-e0868911f0a4795b,공차,트로피컬 블러쉬 아이스티,DELIVERY-E0868911F0A4795B,https://www.gong-cha.co.kr/brand/menu/product_detail?category=001001&no=1133&scroll=y,,2026-10-04,CURRENT_MENU_LISTED,,,,음료,음료,gongcha-list,A6B497DAA21A039769CB1526C1579E146A5F067CDC3B0F76C8B9C97E615CDC27
official-menu-delivery-e384eb6f501c2ffc,공차,납작복숭아 아이스티 얼그레이 + 미니펄,DELIVERY-E384EB6F501C2FFC,https://www.gong-cha.co.kr/brand/menu/product_detail?category=001001&no=1086&scroll=y,,2026-10-04,CURRENT_MENU_LISTED,,,,음료,음료,gongcha-list,A6B497DAA21A039769CB1526C1579E146A5F067CDC3B0F76C8B9C97E615CDC27
official-menu-delivery-e7832acbbe23b2cb,공차,밀크티 모찌 빙수 쉐이크 + 소프트 아이스크림,DELIVERY-E7832ACBBE23B2CB,https://www.gong-cha.co.kr/brand/menu/product_detail?category=001001&no=1093&scroll=y,,2026-10-04,CURRENT_MENU_LISTED,,,,음료,음료,gongcha-list,A6B497DAA21A039769CB1526C1579E146A5F067CDC3B0F76C8B9C97E615CDC27
official-menu-delivery-fa04efd77995183b,공차,포도 말랑 크러쉬,DELIVERY-FA04EFD77995183B,https://www.gong-cha.co.kr/brand/menu/product_detail?category=001001&no=1134&scroll=y,,2026-10-04,CURRENT_MENU_LISTED,,,,음료,음료,gongcha-list,A6B497DAA21A039769CB1526C1579E146A5F067CDC3B0F76C8B9C97E615CDC27
official-menu-delivery-0c8431fbadf9d46e,노랑통닭,엄청 큰 반반 치킨,DELIVERY-0C8431FBADF9D46E,https://www.norangtongdak.co.kr/menu/chicken_view.html?mode=VIEW_FORM&p_no=15&p=1&s_p_type=A,,2026-10-04,CURRENT_MENU_LISTED,,,,치킨,치킨,norang-chicken-native,C9388292F2D6B9656A43A9886CF3B5085B8B94CF54D857B0FBF520225F601E1D
official-menu-delivery-10666d58be4db3d1,노랑통닭,바사삭 닭껍질 튀김,DELIVERY-10666D58BE4DB3D1,https://www.norangtongdak.co.kr/menu/side_view.html?mode=VIEW_FORM&p_no=61&p=1&s_p_type=F,,2026-10-04,CURRENT_MENU_LISTED,,,,사이드,,norang-side-native,B3562BC9CFDD34A5436966D5E2A225EEB4F0A8F0CDE0D9DD90242D4BC4C0E0CB
official-menu-delivery-146f04c8ea90a41c,노랑통닭,노랑칩스,DELIVERY-146F04C8EA90A41C,https://www.norangtongdak.co.kr/menu/side_view.html?mode=VIEW_FORM&p_no=39&p=1&s_p_type=F,,2026-10-04,CURRENT_MENU_LISTED,,,,사이드,,norang-side-native,B3562BC9CFDD34A5436966D5E2A225EEB4F0A8F0CDE0D9DD90242D4BC4C0E0CB
official-menu-delivery-146f6944f41357ab,노랑통닭,땅콩 크림 꽈배기,DELIVERY-146F6944F41357AB,https://www.norangtongdak.co.kr/menu/side_view.html?mode=VIEW_FORM&p_no=63&p=1&s_p_type=F,,2026-10-04,CURRENT_MENU_LISTED,,,,사이드,,norang-side-native,B3562BC9CFDD34A5436966D5E2A225EEB4F0A8F0CDE0D9DD90242D4BC4C0E0CB
official-menu-delivery-1775250c23b9158a,노랑통닭,대파올리브마요 소스,DELIVERY-1775250C23B9158A,https://www.norangtongdak.co.kr/menu/side_view.html?mode=VIEW_FORM&p_no=36&p=1&s_p_type=F,,2026-10-04,CURRENT_MENU_LISTED,,,,사이드,,norang-side-native,B3562BC9CFDD34A5436966D5E2A225EEB4F0A8F0CDE0D9DD90242D4BC4C0E0CB
official-menu-delivery-2647e20f0b65647e,노랑통닭,깐풍 똥집 감자튀김,DELIVERY-2647E20F0B65647E,https://www.norangtongdak.co.kr/menu/side_view.html?mode=VIEW_FORM&p_no=2&p=1&s_p_type=F,,2026-10-04,CURRENT_MENU_LISTED,,,,사이드,,norang-side-native,B3562BC9CFDD34A5436966D5E2A225EEB4F0A8F0CDE0D9DD90242D4BC4C0E0CB
official-menu-delivery-2c6d23a17db055d8,노랑통닭,웰빙 파닭 반반,DELIVERY-2C6D23A17DB055D8,https://www.norangtongdak.co.kr/menu/chicken_view.html?mode=VIEW_FORM&p_no=33&p=1&s_p_type=A,,2026-10-04,CURRENT_MENU_LISTED,,,,치킨,치킨,norang-chicken-native,C9388292F2D6B9656A43A9886CF3B5085B8B94CF54D857B0FBF520225F601E1D
official-menu-delivery-3112e56ffbc4f2bf,노랑통닭,맵싸한 특수부위 3종,DELIVERY-3112E56FFBC4F2BF,https://www.norangtongdak.co.kr/menu/side_view.html?mode=VIEW_FORM&p_no=42&p=1&s_p_type=F,,2026-10-04,CURRENT_MENU_LISTED,,,,사이드,,norang-side-native,B3562BC9CFDD34A5436966D5E2A225EEB4F0A8F0CDE0D9DD90242D4BC4C0E0CB
official-menu-delivery-3243c01390b809d5,노랑통닭,엄청 큰 깐풍 치킨,DELIVERY-3243C01390B809D5,https://www.norangtongdak.co.kr/menu/chicken_view.html?mode=VIEW_FORM&p_no=18&p=1&s_p_type=A,,2026-10-04,CURRENT_MENU_LISTED,,,,치킨,치킨,norang-chicken-native,C9388292F2D6B9656A43A9886CF3B5085B8B94CF54D857B0FBF520225F601E1D
official-menu-delivery-381f68f77e255af0,노랑통닭,엄청 큰 후라이드 치킨,DELIVERY-381F68F77E255AF0,https://www.norangtongdak.co.kr/menu/chicken_view.html?mode=VIEW_FORM&p_no=20&p=1&s_p_type=A,,2026-10-04,CURRENT_MENU_LISTED,,,,치킨,치킨,norang-chicken-native,C9388292F2D6B9656A43A9886CF3B5085B8B94CF54D857B0FBF520225F601E1D
official-menu-delivery-5012bd2e02beadf1,노랑통닭,맵싸한 반반 치킨,DELIVERY-5012BD2E02BEADF1,https://www.norangtongdak.co.kr/menu/chicken_view.html?mode=VIEW_FORM&p_no=35&p=1&s_p_type=A,,2026-10-04,CURRENT_MENU_LISTED,,,,치킨,치킨,norang-chicken-native,C9388292F2D6B9656A43A9886CF3B5085B8B94CF54D857B0FBF520225F601E1D
official-menu-delivery-54faf55c4b583703,노랑통닭,칼칼한 청양 치킨,DELIVERY-54FAF55C4B583703,https://www.norangtongdak.co.kr/menu/chicken_view.html?mode=VIEW_FORM&p_no=40&p=1&s_p_type=A,,2026-10-04,CURRENT_MENU_LISTED,,,,치킨,치킨,norang-chicken-native,C9388292F2D6B9656A43A9886CF3B5085B8B94CF54D857B0FBF520225F601E1D
official-menu-delivery-57ecc0997986e633,노랑통닭,맵싸한 똥집 감자튀김,DELIVERY-57ECC0997986E633,https://www.norangtongdak.co.kr/menu/side_view.html?mode=VIEW_FORM&p_no=73&p=1&s_p_type=F,,2026-10-04,CURRENT_MENU_LISTED,,,,사이드,,norang-side-native,B3562BC9CFDD34A5436966D5E2A225EEB4F0A8F0CDE0D9DD90242D4BC4C0E0CB
official-menu-delivery-5b3e0b448430955c,노랑통닭,알싸한 마늘 치킨,DELIVERY-5B3E0B448430955C,https://www.norangtongdak.co.kr/menu/chicken_view.html?mode=VIEW_FORM&p_no=24&p=1&s_p_type=A,,2026-10-04,CURRENT_MENU_LISTED,,,,치킨,치킨,norang-chicken-native,C9388292F2D6B9656A43A9886CF3B5085B8B94CF54D857B0FBF520225F601E1D
official-menu-delivery-65999d4e9f5356d7,노랑통닭,똥집 감자튀김,DELIVERY-65999D4E9F5356D7,https://www.norangtongdak.co.kr/menu/side_view.html?mode=VIEW_FORM&p_no=3&p=1&s_p_type=F,,2026-10-04,CURRENT_MENU_LISTED,,,,사이드,,norang-side-native,B3562BC9CFDD34A5436966D5E2A225EEB4F0A8F0CDE0D9DD90242D4BC4C0E0CB
official-menu-delivery-673ad079eb408f3f,노랑통닭,맵싸한 3종 치킨,DELIVERY-673AD079EB408F3F,https://www.norangtongdak.co.kr/menu/chicken_view.html?mode=VIEW_FORM&p_no=58&p=1&s_p_type=A,,2026-10-04,CURRENT_MENU_LISTED,,,,치킨,치킨,norang-chicken-native,C9388292F2D6B9656A43A9886CF3B5085B8B94CF54D857B0FBF520225F601E1D
official-menu-delivery-6b3109196d76719f,노랑통닭,통통 오징어 스틱,DELIVERY-6B3109196D76719F,https://www.norangtongdak.co.kr/menu/side_view.html?mode=VIEW_FORM&p_no=64&p=1&s_p_type=F,,2026-10-04,CURRENT_MENU_LISTED,,,,사이드,,norang-side-native,B3562BC9CFDD34A5436966D5E2A225EEB4F0A8F0CDE0D9DD90242D4BC4C0E0CB
official-menu-delivery-70ae2c7777886013,노랑통닭,대파 간장 치킨 반반,DELIVERY-70AE2C7777886013,https://www.norangtongdak.co.kr/menu/chicken_view.html?mode=VIEW_FORM&p_no=71&p=1&s_p_type=A,,2026-10-04,CURRENT_MENU_LISTED,,,,치킨,치킨,norang-chicken-native,C9388292F2D6B9656A43A9886CF3B5085B8B94CF54D857B0FBF520225F601E1D
official-menu-delivery-7376dfb9d5c45ce2,노랑통닭,갈릭 인 더 딥,DELIVERY-7376DFB9D5C45CE2,https://www.norangtongdak.co.kr/menu/chicken_view.html?mode=VIEW_FORM&p_no=51&p=1&s_p_type=A,,2026-10-04,CURRENT_MENU_LISTED,,,,치킨,치킨,norang-chicken-native,C9388292F2D6B9656A43A9886CF3B5085B8B94CF54D857B0FBF520225F601E1D
official-menu-delivery-74b8dd12427ac47f,노랑통닭,엄청 큰 양념 치킨,DELIVERY-74B8DD12427AC47F,https://www.norangtongdak.co.kr/menu/chicken_view.html?mode=VIEW_FORM&p_no=19&p=1&s_p_type=A,,2026-10-04,CURRENT_MENU_LISTED,,,,치킨,치킨,norang-chicken-native,C9388292F2D6B9656A43A9886CF3B5085B8B94CF54D857B0FBF520225F601E1D
official-menu-delivery-793037658e6365ba,노랑통닭,모짜 체다 치즈볼(5PCS),DELIVERY-793037658E6365BA,https://www.norangtongdak.co.kr/menu/side_view.html?mode=VIEW_FORM&p_no=74&p=1&s_p_type=F,,2026-10-04,CURRENT_MENU_LISTED,,,,사이드,,norang-side-native,B3562BC9CFDD34A5436966D5E2A225EEB4F0A8F0CDE0D9DD90242D4BC4C0E0CB
official-menu-delivery-7cb7c0a865097d66,노랑통닭,오리지널 치즈볼(5PCS),DELIVERY-7CB7C0A865097D66,https://www.norangtongdak.co.kr/menu/side_view.html?mode=VIEW_FORM&p_no=26&p=1&s_p_type=F,,2026-10-04,CURRENT_MENU_LISTED,,,,사이드,,norang-side-native,B3562BC9CFDD34A5436966D5E2A225EEB4F0A8F0CDE0D9DD90242D4BC4C0E0CB
official-menu-delivery-801bfc14b59e4816,노랑통닭,얼큰 짬뽕이닭,DELIVERY-801BFC14B59E4816,https://www.norangtongdak.co.kr/menu/side_view.html?mode=VIEW_FORM&p_no=56&p=1&s_p_type=F,,2026-10-04,CURRENT_MENU_LISTED,,,,사이드,,norang-side-native,B3562BC9CFDD34A5436966D5E2A225EEB4F0A8F0CDE0D9DD90242D4BC4C0E0CB
official-menu-delivery-874ac08d7cad7499,노랑통닭,토마토칠리 소스,DELIVERY-874AC08D7CAD7499,https://www.norangtongdak.co.kr/menu/side_view.html?mode=VIEW_FORM&p_no=37&p=1&s_p_type=F,,2026-10-04,CURRENT_MENU_LISTED,,,,사이드,,norang-side-native,B3562BC9CFDD34A5436966D5E2A225EEB4F0A8F0CDE0D9DD90242D4BC4C0E0CB
official-menu-delivery-88693865ed7c20e2,노랑통닭,맵싸한 디핑 소스,DELIVERY-88693865ED7C20E2,https://www.norangtongdak.co.kr/menu/side_view.html?mode=VIEW_FORM&p_no=38&p=1&s_p_type=F,,2026-10-04,CURRENT_MENU_LISTED,,,,사이드,,norang-side-native,B3562BC9CFDD34A5436966D5E2A225EEB4F0A8F0CDE0D9DD90242D4BC4C0E0CB
official-menu-delivery-94005e9859d7953e,노랑통닭,떡볶이 모둠 튀김 세트,DELIVERY-94005E9859D7953E,https://www.norangtongdak.co.kr/menu/side_view.html?mode=VIEW_FORM&p_no=66&p=1&s_p_type=F,,2026-10-04,CURRENT_MENU_LISTED,,,,사이드,분식,norang-side-native,B3562BC9CFDD34A5436966D5E2A225EEB4F0A8F0CDE0D9DD90242D4BC4C0E0CB
official-menu-delivery-97d1cf418881cbf8,노랑통닭,우도 땅콩 치킨,DELIVERY-97D1CF418881CBF8,https://www.norangtongdak.co.kr/menu/chicken_view.html?mode=VIEW_FORM&p_no=67&p=1&s_p_type=A,,2026-10-04,CURRENT_MENU_LISTED,,,,치킨,치킨,norang-chicken-native,C9388292F2D6B9656A43A9886CF3B5085B8B94CF54D857B0FBF520225F601E1D
official-menu-delivery-ae34a8b840715786,노랑통닭,노랑 3종 치킨,DELIVERY-AE34A8B840715786,https://www.norangtongdak.co.kr/menu/chicken_view.html?mode=VIEW_FORM&p_no=16&p=1&s_p_type=A,,2026-10-04,CURRENT_MENU_LISTED,,,,치킨,치킨,norang-chicken-native,C9388292F2D6B9656A43A9886CF3B5085B8B94CF54D857B0FBF520225F601E1D
official-menu-delivery-b12aa5a369d81c3b,노랑통닭,맵싸삭 닭껍질 튀김,DELIVERY-B12AA5A369D81C3B,https://www.norangtongdak.co.kr/menu/side_view.html?mode=VIEW_FORM&p_no=62&p=1&s_p_type=F,,2026-10-04,CURRENT_MENU_LISTED,,,,사이드,,norang-side-native,B3562BC9CFDD34A5436966D5E2A225EEB4F0A8F0CDE0D9DD90242D4BC4C0E0CB
official-menu-delivery-b1d9f5f19564bf3d,노랑통닭,뿌리노랑 치킨,DELIVERY-B1D9F5F19564BF3D,https://www.norangtongdak.co.kr/menu/chicken_view.html?mode=VIEW_FORM&p_no=31&p=1&s_p_type=A,,2026-10-04,CURRENT_MENU_LISTED,,,,치킨,치킨,norang-chicken-native,C9388292F2D6B9656A43A9886CF3B5085B8B94CF54D857B0FBF520225F601E1D
official-menu-delivery-b900704a3c244141,노랑통닭,골뱅이 무침,DELIVERY-B900704A3C244141,https://www.norangtongdak.co.kr/menu/side_view.html?mode=VIEW_FORM&p_no=4&p=1&s_p_type=F,,2026-10-04,CURRENT_MENU_LISTED,,,,사이드,,norang-side-native,B3562BC9CFDD34A5436966D5E2A225EEB4F0A8F0CDE0D9DD90242D4BC4C0E0CB
official-menu-delivery-bae61fe0953c3f7a,노랑통닭,노랑 복숭아,DELIVERY-BAE61FE0953C3F7A,https://www.norangtongdak.co.kr/menu/side_view.html?mode=VIEW_FORM&p_no=11&p=1&s_p_type=F,,2026-10-04,CURRENT_MENU_LISTED,,,,사이드,,norang-side-native,B3562BC9CFDD34A5436966D5E2A225EEB4F0A8F0CDE0D9DD90242D4BC4C0E0CB
official-menu-delivery-c42f07fea4c9b3d7,노랑통닭,맵싸한 깐풍 치킨,DELIVERY-C42F07FEA4C9B3D7,https://www.norangtongdak.co.kr/menu/chicken_view.html?mode=VIEW_FORM&p_no=69&p=1&s_p_type=A,,2026-10-04,CURRENT_MENU_LISTED,,,,치킨,치킨,norang-chicken-native,C9388292F2D6B9656A43A9886CF3B5085B8B94CF54D857B0FBF520225F601E1D
official-menu-delivery-c67968958822700d,노랑통닭,부산 어묵탕,DELIVERY-C67968958822700D,https://www.norangtongdak.co.kr/menu/side_view.html?mode=VIEW_FORM&p_no=8&p=1&s_p_type=F,,2026-10-04,CURRENT_MENU_LISTED,,,,사이드,,norang-side-native,B3562BC9CFDD34A5436966D5E2A225EEB4F0A8F0CDE0D9DD90242D4BC4C0E0CB
official-menu-delivery-c6ead49202334329,노랑통닭,대파 간장 치킨,DELIVERY-C6EAD49202334329,https://www.norangtongdak.co.kr/menu/chicken_view.html?mode=VIEW_FORM&p_no=72&p=1&s_p_type=A,,2026-10-04,CURRENT_MENU_LISTED,,,,치킨,치킨,norang-chicken-native,C9388292F2D6B9656A43A9886CF3B5085B8B94CF54D857B0FBF520225F601E1D
official-menu-delivery-cc69eadc15151475,노랑통닭,매콤 직화 무뼈닭발,DELIVERY-CC69EADC15151475,https://www.norangtongdak.co.kr/menu/side_view.html?mode=VIEW_FORM&p_no=60&p=1&s_p_type=F,,2026-10-04,CURRENT_MENU_LISTED,,,,사이드,,norang-side-native,B3562BC9CFDD34A5436966D5E2A225EEB4F0A8F0CDE0D9DD90242D4BC4C0E0CB
official-menu-delivery-ce8f6298da61ab54,노랑통닭,웰빙 파닭 후라이드,DELIVERY-CE8F6298DA61AB54,https://www.norangtongdak.co.kr/menu/chicken_view.html?mode=VIEW_FORM&p_no=12&p=1&s_p_type=A,,2026-10-04,CURRENT_MENU_LISTED,,,,치킨,치킨,norang-chicken-native,C9388292F2D6B9656A43A9886CF3B5085B8B94CF54D857B0FBF520225F601E1D
official-menu-delivery-d2cf262564bebdab,노랑통닭,우도 땅콩 치킨 반반,DELIVERY-D2CF262564BEBDAB,https://www.norangtongdak.co.kr/menu/chicken_view.html?mode=VIEW_FORM&p_no=70&p=1&s_p_type=A,,2026-10-04,CURRENT_MENU_LISTED,,,,치킨,치킨,norang-chicken-native,C9388292F2D6B9656A43A9886CF3B5085B8B94CF54D857B0FBF520225F601E1D
official-menu-delivery-d3c326fd896fa14e,노랑통닭,모둠 감자 튀김,DELIVERY-D3C326FD896FA14E,https://www.norangtongdak.co.kr/menu/side_view.html?mode=VIEW_FORM&p_no=7&p=1&s_p_type=F,,2026-10-04,CURRENT_MENU_LISTED,,,,사이드,,norang-side-native,B3562BC9CFDD34A5436966D5E2A225EEB4F0A8F0CDE0D9DD90242D4BC4C0E0CB
official-menu-delivery-d605a2829cb4621f,노랑통닭,김말이,DELIVERY-D605A2829CB4621F,https://www.norangtongdak.co.kr/menu/side_view.html?mode=VIEW_FORM&p_no=23&p=1&s_p_type=F,,2026-10-04,CURRENT_MENU_LISTED,,,,사이드,,norang-side-native,B3562BC9CFDD34A5436966D5E2A225EEB4F0A8F0CDE0D9DD90242D4BC4C0E0CB
official-menu-delivery-d7a8919b3691a674,노랑통닭,통살 새우튀김,DELIVERY-D7A8919B3691A674,https://www.norangtongdak.co.kr/menu/side_view.html?mode=VIEW_FORM&p_no=52&p=1&s_p_type=F,,2026-10-04,CURRENT_MENU_LISTED,,,,사이드,,norang-side-native,B3562BC9CFDD34A5436966D5E2A225EEB4F0A8F0CDE0D9DD90242D4BC4C0E0CB
official-menu-delivery-dab4174efeb359bd,노랑통닭,눈꽃 치즈 떡볶이,DELIVERY-DAB4174EFEB359BD,https://www.norangtongdak.co.kr/menu/side_view.html?mode=VIEW_FORM&p_no=1&p=1&s_p_type=F,,2026-10-04,CURRENT_MENU_LISTED,,,,사이드,분식,norang-side-native,B3562BC9CFDD34A5436966D5E2A225EEB4F0A8F0CDE0D9DD90242D4BC4C0E0CB
official-menu-delivery-dbf985997a10b7f8,노랑통닭,맵싸한 양념 치킨,DELIVERY-DBF985997A10B7F8,https://www.norangtongdak.co.kr/menu/chicken_view.html?mode=VIEW_FORM&p_no=68&p=1&s_p_type=A,,2026-10-04,CURRENT_MENU_LISTED,,,,치킨,치킨,norang-chicken-native,C9388292F2D6B9656A43A9886CF3B5085B8B94CF54D857B0FBF520225F601E1D
official-menu-delivery-dd60025c6c94cc14,노랑통닭,모둠 튀김,DELIVERY-DD60025C6C94CC14,https://www.norangtongdak.co.kr/menu/side_view.html?mode=VIEW_FORM&p_no=65&p=1&s_p_type=F,,2026-10-04,CURRENT_MENU_LISTED,,,,사이드,,norang-side-native,B3562BC9CFDD34A5436966D5E2A225EEB4F0A8F0CDE0D9DD90242D4BC4C0E0CB
official-menu-delivery-e284898caac125b1,노랑통닭,먹태,DELIVERY-E284898CAAC125B1,https://www.norangtongdak.co.kr/menu/side_view.html?mode=VIEW_FORM&p_no=6&p=1&s_p_type=F,,2026-10-04,CURRENT_MENU_LISTED,,,,사이드,,norang-side-native,B3562BC9CFDD34A5436966D5E2A225EEB4F0A8F0CDE0D9DD90242D4BC4C0E0CB
official-menu-delivery-f3e1b3f11967a8ac,노랑통닭,갈릭 라이스,DELIVERY-F3E1B3F11967A8AC,https://www.norangtongdak.co.kr/menu/side_view.html?mode=VIEW_FORM&p_no=54&p=1&s_p_type=F,,2026-10-04,CURRENT_MENU_LISTED,,,,사이드,,norang-side-native,B3562BC9CFDD34A5436966D5E2A225EEB4F0A8F0CDE0D9DD90242D4BC4C0E0CB
official-menu-delivery-ffebee7207f892c8,노랑통닭,맵싸한 후라이드 치킨,DELIVERY-FFEBEE7207F892C8,https://www.norangtongdak.co.kr/menu/chicken_view.html?mode=VIEW_FORM&p_no=17&p=1&s_p_type=A,,2026-10-04,CURRENT_MENU_LISTED,,,,치킨,치킨,norang-chicken-native,C9388292F2D6B9656A43A9886CF3B5085B8B94CF54D857B0FBF520225F601E1D
official-menu-delivery-03696917f5f594ce,노브랜드버거,그린 샐러드,DELIVERY-03696917F5F594CE,https://www.shinsegaefood.com/nobrandburger/index.sf,,2026-10-04,CURRENT_MENU_LISTED,,,,샐러드,샐러드·포케,nobrand-menu-native,EFD7FFBC1E6E377A8EC1615554F0A7F7053FD97829CC9B1FA9CBAB8390B61437
official-menu-delivery-0739cc4ab8affd28,노브랜드버거,크리스피 너겟,DELIVERY-0739CC4AB8AFFD28,https://www.shinsegaefood.com/nobrandburger/index.sf,,2026-10-04,CURRENT_MENU_LISTED,,,,사이드 & 디저트,,nobrand-menu-native,EFD7FFBC1E6E377A8EC1615554F0A7F7053FD97829CC9B1FA9CBAB8390B61437
official-menu-delivery-08bac84ed9202745,노브랜드버거,메가바이트,DELIVERY-08BAC84ED9202745,https://www.shinsegaefood.com/nobrandburger/index.sf,,2026-10-04,CURRENT_MENU_LISTED,,,,버거,햄버거,nobrand-menu-native,EFD7FFBC1E6E377A8EC1615554F0A7F7053FD97829CC9B1FA9CBAB8390B61437
official-menu-delivery-0ce1e794c0308685,노브랜드버거,인절미 치즈볼,DELIVERY-0CE1E794C0308685,https://www.shinsegaefood.com/nobrandburger/index.sf,,2026-10-04,CURRENT_MENU_LISTED,,,,사이드 & 디저트,,nobrand-menu-native,EFD7FFBC1E6E377A8EC1615554F0A7F7053FD97829CC9B1FA9CBAB8390B61437
official-menu-delivery-0f65137f322bc53b,노브랜드버거,슈크림 츄러스,DELIVERY-0F65137F322BC53B,https://www.shinsegaefood.com/nobrandburger/index.sf,,2026-10-04,CURRENT_MENU_LISTED,,,,사이드 & 디저트,,nobrand-menu-native,EFD7FFBC1E6E377A8EC1615554F0A7F7053FD97829CC9B1FA9CBAB8390B61437
official-menu-delivery-105644e6288af068,노브랜드버거,치폴레 치킨,DELIVERY-105644E6288AF068,https://www.shinsegaefood.com/nobrandburger/index.sf,,2026-10-04,CURRENT_MENU_LISTED,,,,버거,햄버거,nobrand-menu-native,EFD7FFBC1E6E377A8EC1615554F0A7F7053FD97829CC9B1FA9CBAB8390B61437
official-menu-delivery-1bfa1090cc9e1cc4,노브랜드버거,오리지널,DELIVERY-1BFA1090CC9E1CC4,https://www.shinsegaefood.com/nobrandburger/index.sf,,2026-10-04,CURRENT_MENU_LISTED,,,,버거,햄버거,nobrand-menu-native,EFD7FFBC1E6E377A8EC1615554F0A7F7053FD97829CC9B1FA9CBAB8390B61437
official-menu-delivery-1cbe70904ae17e1d,노브랜드버거,버크셔K 카츠 어니언,DELIVERY-1CBE70904AE17E1D,https://www.shinsegaefood.com/nobrandburger/index.sf,,2026-10-04,CURRENT_MENU_LISTED,,,,버거,햄버거,nobrand-menu-native,EFD7FFBC1E6E377A8EC1615554F0A7F7053FD97829CC9B1FA9CBAB8390B61437
official-menu-delivery-293a9bf62abc5bf3,노브랜드버거,NBB 어메이징 불고기,DELIVERY-293A9BF62ABC5BF3,https://www.shinsegaefood.com/nobrandburger/index.sf,,2026-10-04,CURRENT_MENU_LISTED,,,,NBB 어메이징,햄버거,nobrand-menu-native,EFD7FFBC1E6E377A8EC1615554F0A7F7053FD97829CC9B1FA9CBAB8390B61437
official-menu-delivery-2f1597b8834c79be,노브랜드버거,NBB 어메이징 더블 치즈,DELIVERY-2F1597B8834C79BE,https://www.shinsegaefood.com/nobrandburger/index.sf,,2026-10-04,CURRENT_MENU_LISTED,,,,NBB 어메이징,햄버거,nobrand-menu-native,EFD7FFBC1E6E377A8EC1615554F0A7F7053FD97829CC9B1FA9CBAB8390B61437
official-menu-delivery-30795b441dfb3380,노브랜드버거,크런치 새우볼,DELIVERY-30795B441DFB3380,https://www.shinsegaefood.com/nobrandburger/index.sf,,2026-10-04,CURRENT_MENU_LISTED,,,,사이드 & 디저트,,nobrand-menu-native,EFD7FFBC1E6E377A8EC1615554F0A7F7053FD97829CC9B1FA9CBAB8390B61437
official-menu-delivery-3385b153eaded553,노브랜드버거,치킨 시저 샐러드,DELIVERY-3385B153EADED553,https://www.shinsegaefood.com/nobrandburger/index.sf,,2026-10-04,CURRENT_MENU_LISTED,,,,샐러드,샐러드·포케,nobrand-menu-native,EFD7FFBC1E6E377A8EC1615554F0A7F7053FD97829CC9B1FA9CBAB8390B61437
official-menu-delivery-341c95eceb1e4fa9,노브랜드버거,감자튀김,DELIVERY-341C95ECEB1E4FA9,https://www.shinsegaefood.com/nobrandburger/index.sf,,2026-10-04,CURRENT_MENU_LISTED,,,,사이드 & 디저트,,nobrand-menu-native,EFD7FFBC1E6E377A8EC1615554F0A7F7053FD97829CC9B1FA9CBAB8390B61437
official-menu-delivery-3602496157275f24,노브랜드버거,슈가버터 프라이,DELIVERY-3602496157275F24,https://www.shinsegaefood.com/nobrandburger/index.sf,,2026-10-04,CURRENT_MENU_LISTED,,,,사이드 & 디저트,,nobrand-menu-native,EFD7FFBC1E6E377A8EC1615554F0A7F7053FD97829CC9B1FA9CBAB8390B61437
official-menu-delivery-38e935dbb22289b8,노브랜드버거,와플 치킨,DELIVERY-38E935DBB22289B8,https://www.shinsegaefood.com/nobrandburger/index.sf,,2026-10-04,CURRENT_MENU_LISTED,,,,사이드 & 디저트,,nobrand-menu-native,EFD7FFBC1E6E377A8EC1615554F0A7F7053FD97829CC9B1FA9CBAB8390B61437
official-menu-delivery-3e4e3e8fe4ea82a8,노브랜드버거,데일리 치킨,DELIVERY-3E4E3E8FE4EA82A8,https://www.shinsegaefood.com/nobrandburger/index.sf,,2026-10-04,CURRENT_MENU_LISTED,,,,버거,햄버거,nobrand-menu-native,EFD7FFBC1E6E377A8EC1615554F0A7F7053FD97829CC9B1FA9CBAB8390B61437
official-menu-delivery-49cf462668383ccc,노브랜드버거,탄산음료,DELIVERY-49CF462668383CCC,https://www.shinsegaefood.com/nobrandburger/index.sf,,2026-10-04,CURRENT_MENU_LISTED,,,,음료,음료,nobrand-menu-native,EFD7FFBC1E6E377A8EC1615554F0A7F7053FD97829CC9B1FA9CBAB8390B61437
official-menu-delivery-4aad0e9147c239d7,노브랜드버거,풀드포크 샐러드,DELIVERY-4AAD0E9147C239D7,https://www.shinsegaefood.com/nobrandburger/index.sf,,2026-10-04,CURRENT_MENU_LISTED,,,,샐러드,샐러드·포케,nobrand-menu-native,EFD7FFBC1E6E377A8EC1615554F0A7F7053FD97829CC9B1FA9CBAB8390B61437
official-menu-delivery-4c849c6a1d2f08ad,노브랜드버거,오렌지주스,DELIVERY-4C849C6A1D2F08AD,https://www.shinsegaefood.com/nobrandburger/index.sf,,2026-10-04,CURRENT_MENU_LISTED,,,,음료,음료,nobrand-menu-native,EFD7FFBC1E6E377A8EC1615554F0A7F7053FD97829CC9B1FA9CBAB8390B61437
official-menu-delivery-5b969f48c54b7f03,노브랜드버거,아보카도 타코,DELIVERY-5B969F48C54B7F03,https://www.shinsegaefood.com/nobrandburger/index.sf,,2026-10-04,CURRENT_MENU_LISTED,,,,버거,햄버거,nobrand-menu-native,EFD7FFBC1E6E377A8EC1615554F0A7F7053FD97829CC9B1FA9CBAB8390B61437
official-menu-delivery-5f8a87d325fa3b16,노브랜드버거,아메리카노,DELIVERY-5F8A87D325FA3B16,https://www.shinsegaefood.com/nobrandburger/index.sf,,2026-10-04,CURRENT_MENU_LISTED,,,,음료,카페,nobrand-menu-native,EFD7FFBC1E6E377A8EC1615554F0A7F7053FD97829CC9B1FA9CBAB8390B61437
official-menu-delivery-60a5350bf3243e9c,노브랜드버거,NBB 어메이징 더블 업,DELIVERY-60A5350BF3243E9C,https://www.shinsegaefood.com/nobrandburger/index.sf,,2026-10-04,CURRENT_MENU_LISTED,,,,NBB 어메이징,햄버거,nobrand-menu-native,EFD7FFBC1E6E377A8EC1615554F0A7F7053FD97829CC9B1FA9CBAB8390B61437
official-menu-delivery-6647ab39246db7d7,노브랜드버거,캐모마일 티,DELIVERY-6647AB39246DB7D7,https://www.shinsegaefood.com/nobrandburger/index.sf,,2026-10-04,CURRENT_MENU_LISTED,,,,음료,음료,nobrand-menu-native,EFD7FFBC1E6E377A8EC1615554F0A7F7053FD97829CC9B1FA9CBAB8390B61437
official-menu-delivery-6656c13ed9114268,노브랜드버거,허브순살치킨런,DELIVERY-6656C13ED9114268,https://www.shinsegaefood.com/nobrandburger/index.sf,,2026-10-04,CURRENT_MENU_LISTED,,,,사이드 & 디저트,,nobrand-menu-native,EFD7FFBC1E6E377A8EC1615554F0A7F7053FD97829CC9B1FA9CBAB8390B61437
official-menu-delivery-6fef60f004ba781b,노브랜드버거,버크셔K 카츠,DELIVERY-6FEF60F004BA781B,https://www.shinsegaefood.com/nobrandburger/index.sf,,2026-10-04,CURRENT_MENU_LISTED,,,,버거,햄버거,nobrand-menu-native,EFD7FFBC1E6E377A8EC1615554F0A7F7053FD97829CC9B1FA9CBAB8390B61437
official-menu-delivery-743f71e8751a032e,노브랜드버거,스모크 바비큐,DELIVERY-743F71E8751A032E,https://www.shinsegaefood.com/nobrandburger/index.sf,,2026-10-04,CURRENT_MENU_LISTED,,,,버거,햄버거,nobrand-menu-native,EFD7FFBC1E6E377A8EC1615554F0A7F7053FD97829CC9B1FA9CBAB8390B61437
official-menu-delivery-8171b998ec820bf0,노브랜드버거,갈릭앤갈릭,DELIVERY-8171B998EC820BF0,https://www.shinsegaefood.com/nobrandburger/index.sf,,2026-10-04,CURRENT_MENU_LISTED,,,,버거,햄버거,nobrand-menu-native,EFD7FFBC1E6E377A8EC1615554F0A7F7053FD97829CC9B1FA9CBAB8390B61437
official-menu-delivery-877d3b03083f2d95,노브랜드버거,더블 그릴드 불고기,DELIVERY-877D3B03083F2D95,https://www.shinsegaefood.com/nobrandburger/index.sf,,2026-10-04,CURRENT_MENU_LISTED,,,,버거,햄버거,nobrand-menu-native,EFD7FFBC1E6E377A8EC1615554F0A7F7053FD97829CC9B1FA9CBAB8390B61437
official-menu-delivery-87a4ea1634d15bdc,노브랜드버거,에그 치즈 불고기,DELIVERY-87A4EA1634D15BDC,https://www.shinsegaefood.com/nobrandburger/index.sf,,2026-10-04,CURRENT_MENU_LISTED,,,,버거,햄버거,nobrand-menu-native,EFD7FFBC1E6E377A8EC1615554F0A7F7053FD97829CC9B1FA9CBAB8390B61437
official-menu-delivery-8bbb1892c0667a75,노브랜드버거,치즈,DELIVERY-8BBB1892C0667A75,https://www.shinsegaefood.com/nobrandburger/index.sf,,2026-10-04,CURRENT_MENU_LISTED,,,,버거,햄버거,nobrand-menu-native,EFD7FFBC1E6E377A8EC1615554F0A7F7053FD97829CC9B1FA9CBAB8390B61437
official-menu-delivery-8ec29cc90ce06f4e,노브랜드버거,크런치 치킨,DELIVERY-8EC29CC90CE06F4E,https://www.shinsegaefood.com/nobrandburger/index.sf,,2026-10-04,CURRENT_MENU_LISTED,,,,버거,햄버거,nobrand-menu-native,EFD7FFBC1E6E377A8EC1615554F0A7F7053FD97829CC9B1FA9CBAB8390B61437
official-menu-delivery-91b7841b56c93f86,노브랜드버거,그린 샐러드 미니,DELIVERY-91B7841B56C93F86,https://www.shinsegaefood.com/nobrandburger/index.sf,,2026-10-04,CURRENT_MENU_LISTED,,,,샐러드,샐러드·포케,nobrand-menu-native,EFD7FFBC1E6E377A8EC1615554F0A7F7053FD97829CC9B1FA9CBAB8390B61437
official-menu-delivery-949d5480d800c296,노브랜드버거,NBB 어메이징 더블,DELIVERY-949D5480D800C296,https://www.shinsegaefood.com/nobrandburger/index.sf,,2026-10-04,CURRENT_MENU_LISTED,,,,NBB 어메이징,햄버거,nobrand-menu-native,EFD7FFBC1E6E377A8EC1615554F0A7F7053FD97829CC9B1FA9CBAB8390B61437
official-menu-delivery-9560bec3e3d58b8e,노브랜드버거,오리지널 새우,DELIVERY-9560BEC3E3D58B8E,https://www.shinsegaefood.com/nobrandburger/index.sf,,2026-10-04,CURRENT_MENU_LISTED,,,,버거,햄버거,nobrand-menu-native,EFD7FFBC1E6E377A8EC1615554F0A7F7053FD97829CC9B1FA9CBAB8390B61437
official-menu-delivery-9b535b3f8f5d73ca,노브랜드버거,치즈스틱,DELIVERY-9B535B3F8F5D73CA,https://www.shinsegaefood.com/nobrandburger/index.sf,,2026-10-04,CURRENT_MENU_LISTED,,,,사이드 & 디저트,,nobrand-menu-native,EFD7FFBC1E6E377A8EC1615554F0A7F7053FD97829CC9B1FA9CBAB8390B61437
official-menu-delivery-9c8df8e02c8c3fe2,노브랜드버거,핫초코,DELIVERY-9C8DF8E02C8C3FE2,https://www.shinsegaefood.com/nobrandburger/index.sf,,2026-10-04,CURRENT_MENU_LISTED,,,,음료,음료,nobrand-menu-native,EFD7FFBC1E6E377A8EC1615554F0A7F7053FD97829CC9B1FA9CBAB8390B61437
official-menu-delivery-a8961cd6e82d7246,노브랜드버거,트리플 베이컨,DELIVERY-A8961CD6E82D7246,https://www.shinsegaefood.com/nobrandburger/index.sf,,2026-10-04,CURRENT_MENU_LISTED,,,,버거,햄버거,nobrand-menu-native,EFD7FFBC1E6E377A8EC1615554F0A7F7053FD97829CC9B1FA9CBAB8390B61437
official-menu-delivery-a94e2a58ff526bec,노브랜드버거,메이플 고구마,DELIVERY-A94E2A58FF526BEC,https://www.shinsegaefood.com/nobrandburger/index.sf,,2026-10-04,CURRENT_MENU_LISTED,,,,사이드 & 디저트,,nobrand-menu-native,EFD7FFBC1E6E377A8EC1615554F0A7F7053FD97829CC9B1FA9CBAB8390B61437
official-menu-delivery-ad1a5642d35abd93,노브랜드버거,아이스 슈,DELIVERY-AD1A5642D35ABD93,https://www.shinsegaefood.com/nobrandburger/index.sf,,2026-10-04,CURRENT_MENU_LISTED,,,,사이드 & 디저트,,nobrand-menu-native,EFD7FFBC1E6E377A8EC1615554F0A7F7053FD97829CC9B1FA9CBAB8390B61437
official-menu-delivery-b13b233560efc592,노브랜드버거,생수,DELIVERY-B13B233560EFC592,https://www.shinsegaefood.com/nobrandburger/index.sf,,2026-10-04,CURRENT_MENU_LISTED,,,,음료,음료,nobrand-menu-native,EFD7FFBC1E6E377A8EC1615554F0A7F7053FD97829CC9B1FA9CBAB8390B61437
official-menu-delivery-b2835144eb24365a,노브랜드버거,아보카도 새우 샐러드,DELIVERY-B2835144EB24365A,https://www.shinsegaefood.com/nobrandburger/index.sf,,2026-10-04,CURRENT_MENU_LISTED,,,,샐러드,샐러드·포케,nobrand-menu-native,EFD7FFBC1E6E377A8EC1615554F0A7F7053FD97829CC9B1FA9CBAB8390B61437
official-menu-delivery-bb1e23866277e3c9,노브랜드버거,NBB 어메이징 감바스 새우,DELIVERY-BB1E23866277E3C9,https://www.shinsegaefood.com/nobrandburger/index.sf,,2026-10-04,CURRENT_MENU_LISTED,,,,NBB 어메이징,햄버거,nobrand-menu-native,EFD7FFBC1E6E377A8EC1615554F0A7F7053FD97829CC9B1FA9CBAB8390B61437
official-menu-delivery-bb543c1ba791a212,노브랜드버거,크리스피 상하이포크,DELIVERY-BB543C1BA791A212,https://www.shinsegaefood.com/nobrandburger/index.sf,,2026-10-04,CURRENT_MENU_LISTED,,,,사이드 & 디저트,,nobrand-menu-native,EFD7FFBC1E6E377A8EC1615554F0A7F7053FD97829CC9B1FA9CBAB8390B61437
official-menu-delivery-bb677590494b7ed4,노브랜드버거,주스,DELIVERY-BB677590494B7ED4,https://www.shinsegaefood.com/nobrandburger/index.sf,,2026-10-04,CURRENT_MENU_LISTED,,,,음료,음료,nobrand-menu-native,EFD7FFBC1E6E377A8EC1615554F0A7F7053FD97829CC9B1FA9CBAB8390B61437
official-menu-delivery-bbdd485e6304550d,노브랜드버거,레몬 크림 새우,DELIVERY-BBDD485E6304550D,https://www.shinsegaefood.com/nobrandburger/index.sf,,2026-10-04,CURRENT_MENU_LISTED,,,,사이드 & 디저트,,nobrand-menu-native,EFD7FFBC1E6E377A8EC1615554F0A7F7053FD97829CC9B1FA9CBAB8390B61437
official-menu-delivery-bcf030612570abeb,노브랜드버거,NBB 어메이징 더블 살사,DELIVERY-BCF030612570ABEB,https://www.shinsegaefood.com/nobrandburger/index.sf,,2026-10-04,CURRENT_MENU_LISTED,,,,NBB 어메이징,햄버거,nobrand-menu-native,EFD7FFBC1E6E377A8EC1615554F0A7F7053FD97829CC9B1FA9CBAB8390B61437
official-menu-delivery-be68b2cd948dd4a7,노브랜드버거,그릴드 불고기,DELIVERY-BE68B2CD948DD4A7,https://www.shinsegaefood.com/nobrandburger/index.sf,,2026-10-04,CURRENT_MENU_LISTED,,,,버거,햄버거,nobrand-menu-native,EFD7FFBC1E6E377A8EC1615554F0A7F7053FD97829CC9B1FA9CBAB8390B61437
official-menu-delivery-c68606a81cbb11b3,노브랜드버거,시그니처,DELIVERY-C68606A81CBB11B3,https://www.shinsegaefood.com/nobrandburger/index.sf,,2026-10-04,CURRENT_MENU_LISTED,,,,버거,햄버거,nobrand-menu-native,EFD7FFBC1E6E377A8EC1615554F0A7F7053FD97829CC9B1FA9CBAB8390B61437
official-menu-delivery-d2b630df4c628c31,노브랜드버거,크런치 윙,DELIVERY-D2B630DF4C628C31,https://www.shinsegaefood.com/nobrandburger/index.sf,,2026-10-04,CURRENT_MENU_LISTED,,,,사이드 & 디저트,,nobrand-menu-native,EFD7FFBC1E6E377A8EC1615554F0A7F7053FD97829CC9B1FA9CBAB8390B61437
official-menu-delivery-da7083f4a7bfb762,노브랜드버거,탄산음료(캔),DELIVERY-DA7083F4A7BFB762,https://www.shinsegaefood.com/nobrandburger/index.sf,,2026-10-04,CURRENT_MENU_LISTED,,,,음료,음료,nobrand-menu-native,EFD7FFBC1E6E377A8EC1615554F0A7F7053FD97829CC9B1FA9CBAB8390B61437
official-menu-delivery-e4e7044bcca1310c,노브랜드버거,미트 마니아,DELIVERY-E4E7044BCCA1310C,https://www.shinsegaefood.com/nobrandburger/index.sf,,2026-10-04,CURRENT_MENU_LISTED,,,,버거,햄버거,nobrand-menu-native,EFD7FFBC1E6E377A8EC1615554F0A7F7053FD97829CC9B1FA9CBAB8390B61437
official-menu-delivery-e64962c5091dd024,노브랜드버거,레모네이드,DELIVERY-E64962C5091DD024,https://www.shinsegaefood.com/nobrandburger/index.sf,,2026-10-04,CURRENT_MENU_LISTED,,,,음료,음료,nobrand-menu-native,EFD7FFBC1E6E377A8EC1615554F0A7F7053FD97829CC9B1FA9CBAB8390B61437
official-menu-delivery-e7531a989e976d1a,노브랜드버거,어니언 링,DELIVERY-E7531A989E976D1A,https://www.shinsegaefood.com/nobrandburger/index.sf,,2026-10-04,CURRENT_MENU_LISTED,,,,사이드 & 디저트,,nobrand-menu-native,EFD7FFBC1E6E377A8EC1615554F0A7F7053FD97829CC9B1FA9CBAB8390B61437
official-menu-delivery-f04f9354b2a78e39,노브랜드버거,모짜 치폴레 베이컨,DELIVERY-F04F9354B2A78E39,https://www.shinsegaefood.com/nobrandburger/index.sf,,2026-10-04,CURRENT_MENU_LISTED,,,,버거,햄버거,nobrand-menu-native,EFD7FFBC1E6E377A8EC1615554F0A7F7053FD97829CC9B1FA9CBAB8390B61437
official-menu-delivery-fee7056054342ea5,노브랜드버거,쉐킷 프라이,DELIVERY-FEE7056054342EA5,https://www.shinsegaefood.com/nobrandburger/index.sf,,2026-10-04,CURRENT_MENU_LISTED,,,,사이드 & 디저트,,nobrand-menu-native,EFD7FFBC1E6E377A8EC1615554F0A7F7053FD97829CC9B1FA9CBAB8390B61437
official-menu-delivery-058b38075a6685e2,던킨,비타슬러시 리치,DELIVERY-058B38075A6685E2,https://www.dunkindonuts.co.kr/menu/view?cat=3&sub=30&id=5958,,2026-10-04,CURRENT_MENU_LISTED,,,,음료,음료,dunkin-drink,2FF0070AFB51EF719BC1642B529446D9A6F8B73F15C7AA0DC4C173AF3D422809
official-menu-delivery-0e254202f769ddfe,던킨,아이스 아메리카노,DELIVERY-0E254202F769DDFE,https://www.dunkindonuts.co.kr/menu/viewProductCat?cat=6&sub=9&id=2,,2026-10-04,CURRENT_MENU_LISTED,,,,커피,카페,dunkin-list,D31138EC7FA34047CD4865B18949416D35FB471D78CA247EB4F4D8C3F3B4BB87
official-menu-delivery-162c8bf36066beeb,던킨,케냐,DELIVERY-162C8BF36066BEEB,https://www.dunkindonuts.co.kr/menu/viewProductCat?cat=6&sub=44&id=136,,2026-10-04,CURRENT_MENU_LISTED,,,,커피,카페,dunkin-coffee,4DE338847908828B04F9B726C3738E9906FE1B16E5CE85E07DA0A35F767EEFBC
official-menu-delivery-1e0337f3f8744682,던킨,카페모카,DELIVERY-1E0337F3F8744682,https://www.dunkindonuts.co.kr/menu/viewProductCat?cat=6&sub=9&id=10,,2026-10-04,CURRENT_MENU_LISTED,,,,커피,카페,dunkin-coffee,4DE338847908828B04F9B726C3738E9906FE1B16E5CE85E07DA0A35F767EEFBC
official-menu-delivery-1f2e4f764f50a46c,던킨,도넛아이스크림 (소금우유),DELIVERY-1F2E4F764F50A46C,https://www.dunkindonuts.co.kr/menu/view?cat=5&sub=48&id=5741,,2026-10-04,CURRENT_MENU_LISTED,,,,,,dunkin-snack,B78453265D52C580928FE487CD0272B51BC7A2A55095D505BED1540C2AECE876
official-menu-delivery-23088120da262355,던킨,던킨 오리지널 빈,DELIVERY-23088120DA262355,https://www.dunkindonuts.co.kr/menu/view?cat=5&sub=35&id=3597,,2026-10-04,CURRENT_MENU_LISTED,,,,,,dunkin-list,D31138EC7FA34047CD4865B18949416D35FB471D78CA247EB4F4D8C3F3B4BB87
official-menu-delivery-2c56c45bf5128011,던킨,아이스 바닐라라떼,DELIVERY-2C56C45BF5128011,https://www.dunkindonuts.co.kr/menu/viewProductCat?cat=6&sub=9&id=6,,2026-10-04,CURRENT_MENU_LISTED,,,,커피,카페,dunkin-coffee,4DE338847908828B04F9B726C3738E9906FE1B16E5CE85E07DA0A35F767EEFBC
official-menu-delivery-2c60a34f190ef23f,던킨,플레인 요거트 쿨라타,DELIVERY-2C60A34F190EF23F,https://www.dunkindonuts.co.kr/menu/view?cat=3&sub=28&id=3358,,2026-10-04,CURRENT_MENU_LISTED,,,,음료,음료,dunkin-list,D31138EC7FA34047CD4865B18949416D35FB471D78CA247EB4F4D8C3F3B4BB87
official-menu-delivery-2e864809bc875d8c,던킨,그릭슈바인 소시지로 만든 핫도그,DELIVERY-2E864809BC875D8C,https://www.dunkindonuts.co.kr/menu/view?cat=5&sub=40&id=2596,,2026-10-04,CURRENT_MENU_LISTED,,,,,,dunkin-list,D31138EC7FA34047CD4865B18949416D35FB471D78CA247EB4F4D8C3F3B4BB87
official-menu-delivery-4464b460367a2650,던킨,학화 호도 먼치킨 세트(5개입),DELIVERY-4464B460367A2650,https://www.dunkindonuts.co.kr/menu/view?cat=1&sub=1&id=6021,,2026-10-04,CURRENT_MENU_LISTED,,,,디저트,디저트,dunkin-list,D31138EC7FA34047CD4865B18949416D35FB471D78CA247EB4F4D8C3F3B4BB87
official-menu-delivery-4613bcdaec71088f,던킨,바닐라 피칸 크로스트,DELIVERY-4613BCDAEC71088F,https://www.dunkindonuts.co.kr/menu/view?cat=1&sub=43&id=5583,,2026-10-04,CURRENT_MENU_LISTED,,,,디저트,디저트,dunkin-donut,3FA359DFAD39342CE1DD5D7939BA9C78F6F59DF91D35D842EA208C0BDC7E66FA
official-menu-delivery-4714c1fe0f2e5174,던킨,아이스 유자 캐모마일티,DELIVERY-4714C1FE0F2E5174,https://www.dunkindonuts.co.kr/menu/view?cat=3&sub=14&id=5698,,2026-10-04,CURRENT_MENU_LISTED,,,,음료,음료,dunkin-drink,2FF0070AFB51EF719BC1642B529446D9A6F8B73F15C7AA0DC4C173AF3D422809
official-menu-delivery-47ad7a7a1a388ebb,던킨,허니 바이츠,DELIVERY-47AD7A7A1A388EBB,https://www.dunkindonuts.co.kr/menu/view?cat=1&sub=1&id=5355,,2026-10-04,CURRENT_MENU_LISTED,,,,디저트,디저트,dunkin-donut,3FA359DFAD39342CE1DD5D7939BA9C78F6F59DF91D35D842EA208C0BDC7E66FA
official-menu-delivery-4c62dea31c7cbf6c,던킨,케이준 치킨 샐러드,DELIVERY-4C62DEA31C7CBF6C,https://www.dunkindonuts.co.kr/menu/view?cat=2&sub=21&id=5422,,2026-10-04,CURRENT_MENU_LISTED,,,,,샐러드·포케,dunkin-list,D31138EC7FA34047CD4865B18949416D35FB471D78CA247EB4F4D8C3F3B4BB87
official-menu-delivery-50697c7b010b2e7a,던킨,서울역 11 곡물 쿨라타,DELIVERY-50697C7B010B2E7A,https://www.dunkindonuts.co.kr/menu/view?cat=3&sub=45&id=5893,,2026-10-04,CURRENT_MENU_LISTED,,,,음료,음료,dunkin-drink,2FF0070AFB51EF719BC1642B529446D9A6F8B73F15C7AA0DC4C173AF3D422809
official-menu-delivery-53df95acb8e305bd,던킨,망고쿨라타,DELIVERY-53DF95ACB8E305BD,https://www.dunkindonuts.co.kr/menu/view?cat=3&sub=28&id=5927,,2026-10-04,CURRENT_MENU_LISTED,,,,음료,음료,dunkin-drink,2FF0070AFB51EF719BC1642B529446D9A6F8B73F15C7AA0DC4C173AF3D422809
official-menu-delivery-54323e3e56268d83,던킨,서울역 11 곡물 라떼,DELIVERY-54323E3E56268D83,https://www.dunkindonuts.co.kr/menu/view?cat=3&sub=45&id=5891,,2026-10-04,CURRENT_MENU_LISTED,,,,음료,카페,dunkin-list,D31138EC7FA34047CD4865B18949416D35FB471D78CA247EB4F4D8C3F3B4BB87
official-menu-delivery-594fcc10ad4377f6,던킨,카푸치노,DELIVERY-594FCC10AD4377F6,https://www.dunkindonuts.co.kr/menu/viewProductCat?cat=6&sub=9&id=4,,2026-10-04,CURRENT_MENU_LISTED,,,,커피,카페,dunkin-coffee,4DE338847908828B04F9B726C3738E9906FE1B16E5CE85E07DA0A35F767EEFBC
official-menu-delivery-5e4424fd908dbdc2,던킨,오트 라떼,DELIVERY-5E4424FD908DBDC2,https://www.dunkindonuts.co.kr/menu/viewProductCat?cat=6&sub=44&id=135,,2026-10-04,CURRENT_MENU_LISTED,,,,커피,카페,dunkin-list,D31138EC7FA34047CD4865B18949416D35FB471D78CA247EB4F4D8C3F3B4BB87
official-menu-delivery-5e506a11a433d386,던킨,(앳홈) 햄에그잉글리쉬머핀,DELIVERY-5E506A11A433D386,https://www.dunkindonuts.co.kr/menu/view?cat=5&sub=40&id=5687,,2026-10-04,CURRENT_MENU_LISTED,,,,,,dunkin-snack,B78453265D52C580928FE487CD0272B51BC7A2A55095D505BED1540C2AECE876
official-menu-delivery-5f72380305619b74,던킨,허니 글레이즈드 약과,DELIVERY-5F72380305619B74,https://www.dunkindonuts.co.kr/menu/view?cat=5&sub=17&id=5026,,2026-10-04,CURRENT_MENU_LISTED,,,,,,dunkin-list,D31138EC7FA34047CD4865B18949416D35FB471D78CA247EB4F4D8C3F3B4BB87
official-menu-delivery-604297f3ced9d6dc,던킨,베이컨에그 잉글리쉬머핀,DELIVERY-604297F3CED9D6DC,https://www.dunkindonuts.co.kr/menu/view?cat=2&sub=6&id=5401,,2026-10-04,CURRENT_MENU_LISTED,,,,,,dunkin-list,D31138EC7FA34047CD4865B18949416D35FB471D78CA247EB4F4D8C3F3B4BB87
official-menu-delivery-6057bbdb0a4d7594,던킨,리코타&두부면 비빔볼,DELIVERY-6057BBDB0A4D7594,https://www.dunkindonuts.co.kr/menu/view?cat=2&sub=49&id=5792,,2026-10-04,CURRENT_MENU_LISTED,,,,,,dunkin-food,6774C9E3DA53C83D3C178A510256611A8A620D1E67EE1E5FAE49A1B5742F2A29
official-menu-delivery-6502e58e9839f11f,던킨,그릭슈바인 소시지로 만든 모짜렐라 핫도그,DELIVERY-6502E58E9839F11F,https://www.dunkindonuts.co.kr/menu/view?cat=5&sub=40&id=3695,,2026-10-04,CURRENT_MENU_LISTED,,,,,,dunkin-snack,B78453265D52C580928FE487CD0272B51BC7A2A55095D505BED1540C2AECE876
official-menu-delivery-66c81690c15729c7,던킨,에스프레소 블렌드 빈,DELIVERY-66C81690C15729C7,https://www.dunkindonuts.co.kr/menu/view?cat=5&sub=35&id=3596,,2026-10-04,CURRENT_MENU_LISTED,,,,,카페,dunkin-snack,B78453265D52C580928FE487CD0272B51BC7A2A55095D505BED1540C2AECE876
official-menu-delivery-766503806f3a8890,던킨,유자 캐모마일티,DELIVERY-766503806F3A8890,https://www.dunkindonuts.co.kr/menu/view?cat=3&sub=14&id=5697,,2026-10-04,CURRENT_MENU_LISTED,,,,음료,음료,dunkin-list,D31138EC7FA34047CD4865B18949416D35FB471D78CA247EB4F4D8C3F3B4BB87
official-menu-delivery-83802a3bf43372af,던킨,아이스 카페모카,DELIVERY-83802A3BF43372AF,https://www.dunkindonuts.co.kr/menu/viewProductCat?cat=6&sub=9&id=5,,2026-10-04,CURRENT_MENU_LISTED,,,,커피,카페,dunkin-coffee,4DE338847908828B04F9B726C3738E9906FE1B16E5CE85E07DA0A35F767EEFBC
official-menu-delivery-85a1bce3c651098d,던킨,쿠키 앤 화이트 크림,DELIVERY-85A1BCE3C651098D,https://www.dunkindonuts.co.kr/menu/view?cat=1&sub=3&id=5465,,2026-10-04,CURRENT_MENU_LISTED,,,,디저트,디저트,dunkin-list,D31138EC7FA34047CD4865B18949416D35FB471D78CA247EB4F4D8C3F3B4BB87
official-menu-delivery-8b6d4f90fef266b3,던킨,초코 (S),DELIVERY-8B6D4F90FEF266B3,https://www.dunkindonuts.co.kr/menu/view?cat=3&sub=15&id=4535,,2026-10-04,CURRENT_MENU_LISTED,,,,음료,음료,dunkin-drink,2FF0070AFB51EF719BC1642B529446D9A6F8B73F15C7AA0DC4C173AF3D422809
official-menu-delivery-92f6f6f3cd2e617b,던킨,허니 딸기 라떼,DELIVERY-92F6F6F3CD2E617B,https://www.dunkindonuts.co.kr/menu/view?cat=3&sub=15&id=1832,,2026-10-04,CURRENT_MENU_LISTED,,,,음료,카페,dunkin-list,D31138EC7FA34047CD4865B18949416D35FB471D78CA247EB4F4D8C3F3B4BB87
official-menu-delivery-96b0ce7ef676fa96,던킨,던킨 초코 머핀,DELIVERY-96B0CE7EF676FA96,https://www.dunkindonuts.co.kr/menu/view?cat=1&sub=36&id=4188,,2026-10-04,CURRENT_MENU_LISTED,,,,디저트,디저트,dunkin-list,D31138EC7FA34047CD4865B18949416D35FB471D78CA247EB4F4D8C3F3B4BB87
official-menu-delivery-9a5c813a99cda499,던킨,에티오피아,DELIVERY-9A5C813A99CDA499,https://www.dunkindonuts.co.kr/menu/viewProductCat?cat=6&sub=44&id=137,,2026-10-04,CURRENT_MENU_LISTED,,,,커피,카페,dunkin-list,D31138EC7FA34047CD4865B18949416D35FB471D78CA247EB4F4D8C3F3B4BB87
official-menu-delivery-a23d6e5e6f90e868,던킨,서울역 청양 불고기 핫도그,DELIVERY-A23D6E5E6F90E868,https://www.dunkindonuts.co.kr/menu/view?cat=2&sub=49&id=5948,,2026-10-04,CURRENT_MENU_LISTED,,,,,,dunkin-list,D31138EC7FA34047CD4865B18949416D35FB471D78CA247EB4F4D8C3F3B4BB87
official-menu-delivery-a3c7c868d2c84054,던킨,훈제목살&팬네샐러드,DELIVERY-A3C7C868D2C84054,https://www.dunkindonuts.co.kr/menu/view?cat=2&sub=21&id=5739,,2026-10-04,CURRENT_MENU_LISTED,,,,,샐러드·포케,dunkin-food,6774C9E3DA53C83D3C178A510256611A8A620D1E67EE1E5FAE49A1B5742F2A29
official-menu-delivery-a6262c514e81ba13,던킨,우유크림 카스텔라,DELIVERY-A6262C514E81BA13,https://www.dunkindonuts.co.kr/menu/view?cat=1&sub=36&id=6009,,2026-10-04,CURRENT_MENU_LISTED,,,,디저트,디저트,dunkin-donut,3FA359DFAD39342CE1DD5D7939BA9C78F6F59DF91D35D842EA208C0BDC7E66FA
official-menu-delivery-a7e57e8563057fbe,던킨,아메리카노,DELIVERY-A7E57E8563057FBE,https://www.dunkindonuts.co.kr/menu/viewProductCat?cat=6&sub=9&id=8,,2026-10-04,CURRENT_MENU_LISTED,,,,커피,카페,dunkin-list,D31138EC7FA34047CD4865B18949416D35FB471D78CA247EB4F4D8C3F3B4BB87
official-menu-delivery-afc2e03d03cb3216,던킨,아이스 카페라떼,DELIVERY-AFC2E03D03CB3216,https://www.dunkindonuts.co.kr/menu/viewProductCat?cat=6&sub=9&id=3,,2026-10-04,CURRENT_MENU_LISTED,,,,커피,카페,dunkin-coffee,4DE338847908828B04F9B726C3738E9906FE1B16E5CE85E07DA0A35F767EEFBC
official-menu-delivery-b05b193c7490d97a,던킨,에그타르트,DELIVERY-B05B193C7490D97A,https://www.dunkindonuts.co.kr/menu/view?cat=1&sub=36&id=5793,,2026-10-04,CURRENT_MENU_LISTED,,,,디저트,디저트,dunkin-donut,3FA359DFAD39342CE1DD5D7939BA9C78F6F59DF91D35D842EA208C0BDC7E66FA
official-menu-delivery-b0bd4dc90319910c,던킨,맛탕 츄이스티 약과,DELIVERY-B0BD4DC90319910C,https://www.dunkindonuts.co.kr/menu/view?cat=5&sub=17&id=5890,,2026-10-04,CURRENT_MENU_LISTED,,,,,,dunkin-snack,B78453265D52C580928FE487CD0272B51BC7A2A55095D505BED1540C2AECE876
official-menu-delivery-b2b17e577555a384,던킨,캡슐 에스프레소 블렌드,DELIVERY-B2B17E577555A384,https://www.dunkindonuts.co.kr/menu/view?cat=5&sub=35&id=4360,,2026-10-04,CURRENT_MENU_LISTED,,,,,카페,dunkin-snack,B78453265D52C580928FE487CD0272B51BC7A2A55095D505BED1540C2AECE876
official-menu-delivery-bfe4eee442bc84a5,던킨,페이머스 글레이즈드,DELIVERY-BFE4EEE442BC84A5,https://www.dunkindonuts.co.kr/menu/view?cat=1&sub=37&id=536,,2026-10-04,CURRENT_MENU_LISTED,,,,디저트,디저트,dunkin-list,D31138EC7FA34047CD4865B18949416D35FB471D78CA247EB4F4D8C3F3B4BB87
official-menu-delivery-c7bec3b61bb65490,던킨,딸기쿨라타,DELIVERY-C7BEC3B61BB65490,https://www.dunkindonuts.co.kr/menu/view?cat=3&sub=28&id=1356,,2026-10-04,CURRENT_MENU_LISTED,,,,음료,음료,dunkin-drink,2FF0070AFB51EF719BC1642B529446D9A6F8B73F15C7AA0DC4C173AF3D422809
official-menu-delivery-c7c2529d0ca8854f,던킨,비타슬러시 레몬,DELIVERY-C7C2529D0CA8854F,https://www.dunkindonuts.co.kr/menu/view?cat=3&sub=30&id=5957,,2026-10-04,CURRENT_MENU_LISTED,,,,음료,음료,dunkin-drink,2FF0070AFB51EF719BC1642B529446D9A6F8B73F15C7AA0DC4C173AF3D422809
official-menu-delivery-ca605158da98194e,던킨,그릴드치킨 단호박 샐러드,DELIVERY-CA605158DA98194E,https://www.dunkindonuts.co.kr/menu/view?cat=2&sub=21&id=5423,,2026-10-04,CURRENT_MENU_LISTED,,,,,샐러드·포케,dunkin-list,D31138EC7FA34047CD4865B18949416D35FB471D78CA247EB4F4D8C3F3B4BB87
official-menu-delivery-cb1b8c1590d68a79,던킨,에그듬뿍브리또,DELIVERY-CB1B8C1590D68A79,https://www.dunkindonuts.co.kr/menu/view?cat=2&sub=6&id=5872,,2026-10-04,CURRENT_MENU_LISTED,,,,,,dunkin-food,6774C9E3DA53C83D3C178A510256611A8A620D1E67EE1E5FAE49A1B5742F2A29
official-menu-delivery-cc2ea2ecc790e2cc,던킨,바닐라라떼,DELIVERY-CC2EA2ECC790E2CC,https://www.dunkindonuts.co.kr/menu/viewProductCat?cat=6&sub=9&id=11,,2026-10-04,CURRENT_MENU_LISTED,,,,커피,카페,dunkin-coffee,4DE338847908828B04F9B726C3738E9906FE1B16E5CE85E07DA0A35F767EEFBC
official-menu-delivery-cc2fae4753710ea2,던킨,카카오하니딥,DELIVERY-CC2FAE4753710EA2,https://www.dunkindonuts.co.kr/menu/view?cat=1&sub=37&id=746,,2026-10-04,CURRENT_MENU_LISTED,,,,디저트,디저트,dunkin-donut,3FA359DFAD39342CE1DD5D7939BA9C78F6F59DF91D35D842EA208C0BDC7E66FA
official-menu-delivery-cdc182b45abf3b49,던킨,베이컨에그 크라상,DELIVERY-CDC182B45ABF3B49,https://www.dunkindonuts.co.kr/menu/view?cat=2&sub=49&id=5832,,2026-10-04,CURRENT_MENU_LISTED,,,,,,dunkin-food,6774C9E3DA53C83D3C178A510256611A8A620D1E67EE1E5FAE49A1B5742F2A29
official-menu-delivery-d767d5da42e0a9d1,던킨,하이 카카오 도넛,DELIVERY-D767D5DA42E0A9D1,https://www.dunkindonuts.co.kr/menu/view?cat=1&sub=43&id=5579,,2026-10-04,CURRENT_MENU_LISTED,,,,디저트,디저트,dunkin-donut,3FA359DFAD39342CE1DD5D7939BA9C78F6F59DF91D35D842EA208C0BDC7E66FA
official-menu-delivery-d9df612edd46bac3,던킨,초코치노 아이스바,DELIVERY-D9DF612EDD46BAC3,https://www.dunkindonuts.co.kr/menu/view?cat=5&sub=48&id=6014,,2026-10-04,CURRENT_MENU_LISTED,,,,,,dunkin-list,D31138EC7FA34047CD4865B18949416D35FB471D78CA247EB4F4D8C3F3B4BB87
official-menu-delivery-dd3b485a81ffda92,던킨,풀드포크 타코 샐러드박스,DELIVERY-DD3B485A81FFDA92,https://www.dunkindonuts.co.kr/menu/view?cat=2&sub=21&id=6016,,2026-10-04,CURRENT_MENU_LISTED,,,,,샐러드·포케,dunkin-food,6774C9E3DA53C83D3C178A510256611A8A620D1E67EE1E5FAE49A1B5742F2A29
official-menu-delivery-df5c9af2b5f82e0b,던킨,헤이즐넛 로쉐,DELIVERY-DF5C9AF2B5F82E0B,https://www.dunkindonuts.co.kr/menu/view?cat=1&sub=3&id=5675,,2026-10-04,CURRENT_MENU_LISTED,,,,디저트,디저트,dunkin-donut,3FA359DFAD39342CE1DD5D7939BA9C78F6F59DF91D35D842EA208C0BDC7E66FA
official-menu-delivery-e47fc70a6be29547,던킨,올리브 츄이스티,DELIVERY-E47FC70A6BE29547,https://www.dunkindonuts.co.kr/menu/view?cat=1&sub=37&id=1026,,2026-10-04,CURRENT_MENU_LISTED,,,,디저트,디저트,dunkin-donut,3FA359DFAD39342CE1DD5D7939BA9C78F6F59DF91D35D842EA208C0BDC7E66FA
official-menu-delivery-e4b367257897f1e6,던킨,딸기요거트 아이스바,DELIVERY-E4B367257897F1E6,https://www.dunkindonuts.co.kr/menu/view?cat=5&sub=48&id=6015,,2026-10-04,CURRENT_MENU_LISTED,,,,,,dunkin-snack,B78453265D52C580928FE487CD0272B51BC7A2A55095D505BED1540C2AECE876
official-menu-delivery-ecd261a54bd43e9b,던킨,클래식 핫도그,DELIVERY-ECD261A54BD43E9B,https://www.dunkindonuts.co.kr/menu/view?cat=2&sub=6&id=4262,,2026-10-04,CURRENT_MENU_LISTED,,,,,,dunkin-food,6774C9E3DA53C83D3C178A510256611A8A620D1E67EE1E5FAE49A1B5742F2A29
official-menu-delivery-f276d6a932bb82a3,던킨,아이스 서울역 11 곡물 라떼,DELIVERY-F276D6A932BB82A3,https://www.dunkindonuts.co.kr/menu/view?cat=3&sub=45&id=5892,,2026-10-04,CURRENT_MENU_LISTED,,,,음료,카페,dunkin-drink,2FF0070AFB51EF719BC1642B529446D9A6F8B73F15C7AA0DC4C173AF3D422809
official-menu-delivery-f4c17e4aaa845240,던킨,카페라떼,DELIVERY-F4C17E4AAA845240,https://www.dunkindonuts.co.kr/menu/viewProductCat?cat=6&sub=9&id=9,,2026-10-04,CURRENT_MENU_LISTED,,,,커피,카페,dunkin-coffee,4DE338847908828B04F9B726C3738E9906FE1B16E5CE85E07DA0A35F767EEFBC
official-menu-delivery-f69024c4fe628be6,던킨,치킨찹찹 과카몰리 샐러드,DELIVERY-F69024C4FE628BE6,https://www.dunkindonuts.co.kr/menu/view?cat=2&sub=21&id=5954,,2026-10-04,CURRENT_MENU_LISTED,,,,,샐러드·포케,dunkin-food,6774C9E3DA53C83D3C178A510256611A8A620D1E67EE1E5FAE49A1B5742F2A29
official-menu-delivery-f9e242adb3d086e8,던킨,소불고기 비빔볼,DELIVERY-F9E242ADB3D086E8,https://www.dunkindonuts.co.kr/menu/view?cat=2&sub=49&id=5791,,2026-10-04,CURRENT_MENU_LISTED,,,,,,dunkin-food,6774C9E3DA53C83D3C178A510256611A8A620D1E67EE1E5FAE49A1B5742F2A29
official-menu-delivery-fb4c1da5c7c335c7,던킨,디카페인 블렌드 빈,DELIVERY-FB4C1DA5C7C335C7,https://www.dunkindonuts.co.kr/menu/view?cat=5&sub=35&id=5714,,2026-10-04,CURRENT_MENU_LISTED,,,,,,dunkin-snack,B78453265D52C580928FE487CD0272B51BC7A2A55095D505BED1540C2AECE876
official-menu-delivery-0927e181b0bdbb5e,동대문엽기떡볶이,꿔바로우(5개),DELIVERY-0927E181B0BDBB5E,https://www.yupdduk.com/sub/menu/yup-menu,,2026-10-04,CURRENT_MENU_LISTED,,,,사이드/음료,,yupdduk-list,4C8350DE849C03E88846D16C8453F583815B13AC26D397AE8549FB72BCFBBFD9
official-menu-delivery-176efd49677fb98d,동대문엽기떡볶이,베스트세트,DELIVERY-176EFD49677FB98D,https://www.yupdduk.com/sub/menu/yup-menu,,2026-10-04,CURRENT_MENU_LISTED,,,,세트메뉴,,yupdduk-list,4C8350DE849C03E88846D16C8453F583815B13AC26D397AE8549FB72BCFBBFD9
official-menu-delivery-177933ccb4d96038,동대문엽기떡볶이,엽도그,DELIVERY-177933CCB4D96038,https://www.yupdduk.com/sub/menu/yup-menu,,2026-10-04,CURRENT_MENU_LISTED,,,,사이드/음료,,yupdduk-list,4C8350DE849C03E88846D16C8453F583815B13AC26D397AE8549FB72BCFBBFD9
official-menu-delivery-180d6741e6e584ac,동대문엽기떡볶이,숯불닭발세트,DELIVERY-180D6741E6E584AC,https://www.yupdduk.com/sub/menu/yup-menu,,2026-10-04,CURRENT_MENU_LISTED,,,,세트메뉴,,yupdduk-list,4C8350DE849C03E88846D16C8453F583815B13AC26D397AE8549FB72BCFBBFD9
official-menu-delivery-1a467e97032e276f,동대문엽기떡볶이,국물무뼈닭발,DELIVERY-1A467E97032E276F,https://www.yupdduk.com/sub/menu/yup-menu,,2026-10-04,CURRENT_MENU_LISTED,,,,닭발메뉴,,yupdduk-list,4C8350DE849C03E88846D16C8453F583815B13AC26D397AE8549FB72BCFBBFD9
official-menu-delivery-24c13283328dcc6f,동대문엽기떡볶이,야채튀김(1개),DELIVERY-24C13283328DCC6F,https://www.yupdduk.com/sub/menu/yup-menu,,2026-10-04,CURRENT_MENU_LISTED,,,,사이드/음료,,yupdduk-list,4C8350DE849C03E88846D16C8453F583815B13AC26D397AE8549FB72BCFBBFD9
official-menu-delivery-2eaabb9245184261,동대문엽기떡볶이,우삼겹,DELIVERY-2EAABB9245184261,https://www.yupdduk.com/sub/menu/yup-menu,,2026-10-04,CURRENT_MENU_LISTED,,,,토핑,,yupdduk-list,4C8350DE849C03E88846D16C8453F583815B13AC26D397AE8549FB72BCFBBFD9
official-menu-delivery-2f7516926127f390,동대문엽기떡볶이,로제밀키트,DELIVERY-2F7516926127F390,https://www.yupdduk.com/sub/menu/yup-menu,,2026-10-04,CURRENT_MENU_LISTED,,,,밀키트,,yupdduk-list,4C8350DE849C03E88846D16C8453F583815B13AC26D397AE8549FB72BCFBBFD9
official-menu-delivery-305f7cfa687bb32b,동대문엽기떡볶이,오뎅추가,DELIVERY-305F7CFA687BB32B,https://www.yupdduk.com/sub/menu/yup-menu,,2026-10-04,CURRENT_MENU_LISTED,,,,토핑,,yupdduk-list,4C8350DE849C03E88846D16C8453F583815B13AC26D397AE8549FB72BCFBBFD9
official-menu-delivery-324a634fb88f7c8c,동대문엽기떡볶이,당면사리,DELIVERY-324A634FB88F7C8C,https://www.yupdduk.com/sub/menu/yup-menu,,2026-10-04,CURRENT_MENU_LISTED,,,,토핑,,yupdduk-list,4C8350DE849C03E88846D16C8453F583815B13AC26D397AE8549FB72BCFBBFD9
official-menu-delivery-370b620a6eaa8be9,동대문엽기떡볶이,모짜치즈,DELIVERY-370B620A6EAA8BE9,https://www.yupdduk.com/sub/menu/yup-menu,,2026-10-04,CURRENT_MENU_LISTED,,,,토핑,,yupdduk-list,4C8350DE849C03E88846D16C8453F583815B13AC26D397AE8549FB72BCFBBFD9
official-menu-delivery-3b64fd059fdafc8e,동대문엽기떡볶이,숯불통뼈닭발,DELIVERY-3B64FD059FDAFC8E,https://www.yupdduk.com/sub/menu/yup-menu,,2026-10-04,CURRENT_MENU_LISTED,,,,닭발메뉴,,yupdduk-list,4C8350DE849C03E88846D16C8453F583815B13AC26D397AE8549FB72BCFBBFD9
official-menu-delivery-40302038a512a08a,동대문엽기떡볶이,국물통뼈닭발,DELIVERY-40302038A512A08A,https://www.yupdduk.com/sub/menu/yup-menu,,2026-10-04,CURRENT_MENU_LISTED,,,,닭발메뉴,,yupdduk-list,4C8350DE849C03E88846D16C8453F583815B13AC26D397AE8549FB72BCFBBFD9
official-menu-delivery-410a9e735eddb366,동대문엽기떡볶이,모둠튀김,DELIVERY-410A9E735EDDB366,https://www.yupdduk.com/sub/menu/yup-menu,,2026-10-04,CURRENT_MENU_LISTED,,,,사이드/음료,,yupdduk-list,4C8350DE849C03E88846D16C8453F583815B13AC26D397AE8549FB72BCFBBFD9
official-menu-delivery-414e73beaee12ed7,동대문엽기떡볶이,음료(유산균),DELIVERY-414E73BEAEE12ED7,https://www.yupdduk.com/sub/menu/yup-menu,,2026-10-04,CURRENT_MENU_LISTED,,,,사이드/음료,,yupdduk-list,4C8350DE849C03E88846D16C8453F583815B13AC26D397AE8549FB72BCFBBFD9
official-menu-delivery-48b678f71d00b347,동대문엽기떡볶이,엽기메뉴,DELIVERY-48B678F71D00B347,https://www.yupdduk.com/sub/menu/yup-menu,,2026-10-04,CURRENT_MENU_LISTED,,,,메인메뉴,,yupdduk-list,4C8350DE849C03E88846D16C8453F583815B13AC26D397AE8549FB72BCFBBFD9
official-menu-delivery-4a8f07c3c0152b69,동대문엽기떡볶이,베이컨,DELIVERY-4A8F07C3C0152B69,https://www.yupdduk.com/sub/menu/yup-menu,,2026-10-04,CURRENT_MENU_LISTED,,,,토핑,,yupdduk-list,4C8350DE849C03E88846D16C8453F583815B13AC26D397AE8549FB72BCFBBFD9
official-menu-delivery-4e403aa13458ef6d,동대문엽기떡볶이,바삭치즈만두(7개),DELIVERY-4E403AA13458EF6D,https://www.yupdduk.com/sub/menu/yup-menu,,2026-10-04,CURRENT_MENU_LISTED,,,,사이드/음료,,yupdduk-list,4C8350DE849C03E88846D16C8453F583815B13AC26D397AE8549FB72BCFBBFD9
official-menu-delivery-5b5f13eb3a79fa6a,동대문엽기떡볶이,분모자,DELIVERY-5B5F13EB3A79FA6A,https://www.yupdduk.com/sub/menu/yup-menu,,2026-10-04,CURRENT_MENU_LISTED,,,,토핑,,yupdduk-list,4C8350DE849C03E88846D16C8453F583815B13AC26D397AE8549FB72BCFBBFD9
official-menu-delivery-60f2d4e0b4ce40a3,동대문엽기떡볶이,엽기밀키트,DELIVERY-60F2D4E0B4CE40A3,https://www.yupdduk.com/sub/menu/yup-menu,,2026-10-04,CURRENT_MENU_LISTED,,,,밀키트,,yupdduk-list,4C8350DE849C03E88846D16C8453F583815B13AC26D397AE8549FB72BCFBBFD9
official-menu-delivery-610ae28b866c053f,동대문엽기떡볶이,대파 추가,DELIVERY-610AE28B866C053F,https://www.yupdduk.com/sub/menu/yup-menu,,2026-10-04,CURRENT_MENU_LISTED,,,,토핑,,yupdduk-list,4C8350DE849C03E88846D16C8453F583815B13AC26D397AE8549FB72BCFBBFD9
official-menu-delivery-640cb84f005aa718,동대문엽기떡볶이,2인 엽기떡볶이,DELIVERY-640CB84F005AA718,https://www.yupdduk.com/sub/menu/yup-menu,,2026-10-04,CURRENT_MENU_LISTED,,,,메인메뉴,분식,yupdduk-list,4C8350DE849C03E88846D16C8453F583815B13AC26D397AE8549FB72BCFBBFD9
official-menu-delivery-659c78b1669891a3,동대문엽기떡볶이,양배추 추가,DELIVERY-659C78B1669891A3,https://www.yupdduk.com/sub/menu/yup-menu,,2026-10-04,CURRENT_MENU_LISTED,,,,토핑,,yupdduk-list,4C8350DE849C03E88846D16C8453F583815B13AC26D397AE8549FB72BCFBBFD9
official-menu-delivery-71aac7b7853c3769,동대문엽기떡볶이,계란찜,DELIVERY-71AAC7B7853C3769,https://www.yupdduk.com/sub/menu/yup-menu,,2026-10-04,CURRENT_MENU_LISTED,,,,사이드/음료,,yupdduk-list,4C8350DE849C03E88846D16C8453F583815B13AC26D397AE8549FB72BCFBBFD9
official-menu-delivery-730320c72b374b35,동대문엽기떡볶이,로제메뉴,DELIVERY-730320C72B374B35,https://www.yupdduk.com/sub/menu/yup-menu,,2026-10-04,CURRENT_MENU_LISTED,,,,메인메뉴,,yupdduk-list,4C8350DE849C03E88846D16C8453F583815B13AC26D397AE8549FB72BCFBBFD9
official-menu-delivery-846c1bcc27c7ac3a,동대문엽기떡볶이,숯불무뼈닭발,DELIVERY-846C1BCC27C7AC3A,https://www.yupdduk.com/sub/menu/yup-menu,,2026-10-04,CURRENT_MENU_LISTED,,,,닭발메뉴,,yupdduk-list,4C8350DE849C03E88846D16C8453F583815B13AC26D397AE8549FB72BCFBBFD9
official-menu-delivery-85d7b992d9664ba0,동대문엽기떡볶이,공깃밥,DELIVERY-85D7B992D9664BA0,https://www.yupdduk.com/sub/menu/yup-menu,,2026-10-04,CURRENT_MENU_LISTED,,,,사이드/음료,,yupdduk-list,4C8350DE849C03E88846D16C8453F583815B13AC26D397AE8549FB72BCFBBFD9
official-menu-delivery-88cdb79f2c2e3dc8,동대문엽기떡볶이,국물닭발세트,DELIVERY-88CDB79F2C2E3DC8,https://www.yupdduk.com/sub/menu/yup-menu,,2026-10-04,CURRENT_MENU_LISTED,,,,세트메뉴,,yupdduk-list,4C8350DE849C03E88846D16C8453F583815B13AC26D397AE8549FB72BCFBBFD9
official-menu-delivery-8c77c6ee58d33fca,동대문엽기떡볶이,우동사리,DELIVERY-8C77C6EE58D33FCA,https://www.yupdduk.com/sub/menu/yup-menu,,2026-10-04,CURRENT_MENU_LISTED,,,,토핑,국수·우동,yupdduk-list,4C8350DE849C03E88846D16C8453F583815B13AC26D397AE8549FB72BCFBBFD9
official-menu-delivery-910ccf5afb05d5c6,동대문엽기떡볶이,계란야채죽,DELIVERY-910CCF5AFB05D5C6,https://www.yupdduk.com/sub/menu/yup-menu,,2026-10-04,CURRENT_MENU_LISTED,,,,사이드/음료,죽,yupdduk-list,4C8350DE849C03E88846D16C8453F583815B13AC26D397AE8549FB72BCFBBFD9
official-menu-delivery-910e7a6341394bf2,동대문엽기떡볶이,중국당면,DELIVERY-910E7A6341394BF2,https://www.yupdduk.com/sub/menu/yup-menu,,2026-10-04,CURRENT_MENU_LISTED,,,,토핑,,yupdduk-list,4C8350DE849C03E88846D16C8453F583815B13AC26D397AE8549FB72BCFBBFD9
official-menu-delivery-96b72ca00b7c7df2,동대문엽기떡볶이,엽기핫불소스,DELIVERY-96B72CA00B7C7DF2,https://www.yupdduk.com/sub/menu/yup-menu,,2026-10-04,CURRENT_MENU_LISTED,,,,사이드/음료,,yupdduk-list,4C8350DE849C03E88846D16C8453F583815B13AC26D397AE8549FB72BCFBBFD9
official-menu-delivery-9c6911d813aecbb3,동대문엽기떡볶이,실속세트,DELIVERY-9C6911D813AECBB3,https://www.yupdduk.com/sub/menu/yup-menu,,2026-10-04,CURRENT_MENU_LISTED,,,,세트메뉴,,yupdduk-list,4C8350DE849C03E88846D16C8453F583815B13AC26D397AE8549FB72BCFBBFD9
official-menu-delivery-9ece9a79ab95de44,동대문엽기떡볶이,콘마요,DELIVERY-9ECE9A79AB95DE44,https://www.yupdduk.com/sub/menu/yup-menu,,2026-10-04,CURRENT_MENU_LISTED,,,,토핑,,yupdduk-list,4C8350DE849C03E88846D16C8453F583815B13AC26D397AE8549FB72BCFBBFD9
official-menu-delivery-9fb2c6ff00c3ae1c,동대문엽기떡볶이,주먹김밥(셀프),DELIVERY-9FB2C6FF00C3AE1C,https://www.yupdduk.com/sub/menu/yup-menu,,2026-10-04,CURRENT_MENU_LISTED,,,,사이드/음료,김밥,yupdduk-list,4C8350DE849C03E88846D16C8453F583815B13AC26D397AE8549FB72BCFBBFD9
official-menu-delivery-a04f4d615207c874,동대문엽기떡볶이,오뎅튀김(15개),DELIVERY-A04F4D615207C874,https://www.yupdduk.com/sub/menu/yup-menu,,2026-10-04,CURRENT_MENU_LISTED,,,,사이드/음료,,yupdduk-list,4C8350DE849C03E88846D16C8453F583815B13AC26D397AE8549FB72BCFBBFD9
official-menu-delivery-a17a0d5ae36e1376,동대문엽기떡볶이,감자채튀김,DELIVERY-A17A0D5AE36E1376,https://www.yupdduk.com/sub/menu/yup-menu,,2026-10-04,CURRENT_MENU_LISTED,,,,사이드/음료,,yupdduk-list,4C8350DE849C03E88846D16C8453F583815B13AC26D397AE8549FB72BCFBBFD9
official-menu-delivery-a2f40e722a71fd67,동대문엽기떡볶이,떡추가,DELIVERY-A2F40E722A71FD67,https://www.yupdduk.com/sub/menu/yup-menu,,2026-10-04,CURRENT_MENU_LISTED,,,,토핑,,yupdduk-list,4C8350DE849C03E88846D16C8453F583815B13AC26D397AE8549FB72BCFBBFD9
official-menu-delivery-adcb285dd1e8e67b,동대문엽기떡볶이,엽기시즈닝(버터갈릭맛),DELIVERY-ADCB285DD1E8E67B,https://www.yupdduk.com/sub/menu/yup-menu,,2026-10-04,CURRENT_MENU_LISTED,,,,사이드/음료,,yupdduk-list,4C8350DE849C03E88846D16C8453F583815B13AC26D397AE8549FB72BCFBBFD9
official-menu-delivery-b5dbcbac2fd414fc,동대문엽기떡볶이,마라떡볶이,DELIVERY-B5DBCBAC2FD414FC,https://www.yupdduk.com/sub/menu/yup-menu,,2026-10-04,CURRENT_MENU_LISTED,,,,메인메뉴,분식,yupdduk-list,4C8350DE849C03E88846D16C8453F583815B13AC26D397AE8549FB72BCFBBFD9
official-menu-delivery-b81abfe9b0e01b9e,동대문엽기떡볶이,스페셜세트,DELIVERY-B81ABFE9B0E01B9E,https://www.yupdduk.com/sub/menu/yup-menu,,2026-10-04,CURRENT_MENU_LISTED,,,,세트메뉴,,yupdduk-list,4C8350DE849C03E88846D16C8453F583815B13AC26D397AE8549FB72BCFBBFD9
official-menu-delivery-b9d9c641c5f1e210,동대문엽기떡볶이,메추리알(5개),DELIVERY-B9D9C641C5F1E210,https://www.yupdduk.com/sub/menu/yup-menu,,2026-10-04,CURRENT_MENU_LISTED,,,,토핑,,yupdduk-list,4C8350DE849C03E88846D16C8453F583815B13AC26D397AE8549FB72BCFBBFD9
official-menu-delivery-bdf0c66b04cd8093,동대문엽기떡볶이,통유부(4개),DELIVERY-BDF0C66B04CD8093,https://www.yupdduk.com/sub/menu/yup-menu,,2026-10-04,CURRENT_MENU_LISTED,,,,토핑,,yupdduk-list,4C8350DE849C03E88846D16C8453F583815B13AC26D397AE8549FB72BCFBBFD9
official-menu-delivery-c374962e63af46de,동대문엽기떡볶이,엽봉(5개),DELIVERY-C374962E63AF46DE,https://www.yupdduk.com/sub/menu/yup-menu,,2026-10-04,CURRENT_MENU_LISTED,,,,사이드/음료,,yupdduk-list,4C8350DE849C03E88846D16C8453F583815B13AC26D397AE8549FB72BCFBBFD9
official-menu-delivery-cbaa37813cd385a6,동대문엽기떡볶이,참치마요밥,DELIVERY-CBAA37813CD385A6,https://www.yupdduk.com/sub/menu/yup-menu,,2026-10-04,CURRENT_MENU_LISTED,,,,사이드/음료,덮밥,yupdduk-list,4C8350DE849C03E88846D16C8453F583815B13AC26D397AE8549FB72BCFBBFD9
official-menu-delivery-d037e1aec8e43ef1,동대문엽기떡볶이,엽기닭볶음탕,DELIVERY-D037E1AEC8E43EF1,https://www.yupdduk.com/sub/menu/yup-menu,,2026-10-04,CURRENT_MENU_LISTED,,,,메인메뉴,,yupdduk-list,4C8350DE849C03E88846D16C8453F583815B13AC26D397AE8549FB72BCFBBFD9
official-menu-delivery-d0dfe65b9df11525,동대문엽기떡볶이,퐁당치즈만두(7개),DELIVERY-D0DFE65B9DF11525,https://www.yupdduk.com/sub/menu/yup-menu,,2026-10-04,CURRENT_MENU_LISTED,,,,토핑,,yupdduk-list,4C8350DE849C03E88846D16C8453F583815B13AC26D397AE8549FB72BCFBBFD9
official-menu-delivery-d796ff15f8e84274,동대문엽기떡볶이,계란(2개),DELIVERY-D796FF15F8E84274,https://www.yupdduk.com/sub/menu/yup-menu,,2026-10-04,CURRENT_MENU_LISTED,,,,토핑,,yupdduk-list,4C8350DE849C03E88846D16C8453F583815B13AC26D397AE8549FB72BCFBBFD9
official-menu-delivery-de1c52e2feb1f8c8,동대문엽기떡볶이,만두(4개),DELIVERY-DE1C52E2FEB1F8C8,https://www.yupdduk.com/sub/menu/yup-menu,,2026-10-04,CURRENT_MENU_LISTED,,,,사이드/음료,,yupdduk-list,4C8350DE849C03E88846D16C8453F583815B13AC26D397AE8549FB72BCFBBFD9
official-menu-delivery-e4d9068cbb055c09,동대문엽기떡볶이,마라로제떡볶이,DELIVERY-E4D9068CBB055C09,https://www.yupdduk.com/sub/menu/yup-menu,,2026-10-04,CURRENT_MENU_LISTED,,,,메인메뉴,분식,yupdduk-list,4C8350DE849C03E88846D16C8453F583815B13AC26D397AE8549FB72BCFBBFD9
official-menu-delivery-e70b1cab49672649,동대문엽기떡볶이,순대,DELIVERY-E70B1CAB49672649,https://www.yupdduk.com/sub/menu/yup-menu,,2026-10-04,CURRENT_MENU_LISTED,,,,사이드/음료,,yupdduk-list,4C8350DE849C03E88846D16C8453F583815B13AC26D397AE8549FB72BCFBBFD9
official-menu-delivery-ee2dc8b00e94d4c4,동대문엽기떡볶이,햄(7개),DELIVERY-EE2DC8B00E94D4C4,https://www.yupdduk.com/sub/menu/yup-menu,,2026-10-04,CURRENT_MENU_LISTED,,,,토핑,,yupdduk-list,4C8350DE849C03E88846D16C8453F583815B13AC26D397AE8549FB72BCFBBFD9
official-menu-delivery-fba5fff3223af398,동대문엽기떡볶이,김말이(3개),DELIVERY-FBA5FFF3223AF398,https://www.yupdduk.com/sub/menu/yup-menu,,2026-10-04,CURRENT_MENU_LISTED,,,,사이드/음료,,yupdduk-list,4C8350DE849C03E88846D16C8453F583815B13AC26D397AE8549FB72BCFBBFD9
official-menu-delivery-06b252aad289d458,멕시카나,순살 허니벌꿀치킨,DELIVERY-06B252AAD289D458,https://www.mexicana.co.kr/menu/product.asp?page=3&CateCode=&searchstr=,,2026-10-04,CURRENT_MENU_LISTED,,,,치킨,치킨,mexicana-page3,84DC67C8FF16A2B7EBE47B27A235AB611ECC270639E3F517204C5C448B4C2E47
official-menu-delivery-075001dfcbb204fe,멕시카나,순살마늘간장치킨,DELIVERY-075001DFCBB204FE,https://www.mexicana.co.kr/menu/product.asp,,2026-10-04,CURRENT_MENU_LISTED,,,,치킨,치킨,mexicana-menu,A9A504628CC896968B10F547A83A2266C7A467D94C806AF6DF190A4987466962
official-menu-delivery-0ef381e281bd5edb,멕시카나,반반치킨,DELIVERY-0EF381E281BD5EDB,https://www.mexicana.co.kr/menu/product.asp?page=2&CateCode=&searchstr=,,2026-10-04,CURRENT_MENU_LISTED,,,,치킨,치킨,mexicana-page2,CBFE0B3A4617FB688C22104D1B5462252A31EC8F26CB475C51FB7C2D9FD08ADB
official-menu-delivery-197808ff899b535d,멕시카나,마늘간장치킨,DELIVERY-197808FF899B535D,https://www.mexicana.co.kr/menu/product.asp?page=2&CateCode=&searchstr=,,2026-10-04,CURRENT_MENU_LISTED,,,,치킨,치킨,mexicana-page2,CBFE0B3A4617FB688C22104D1B5462252A31EC8F26CB475C51FB7C2D9FD08ADB
official-menu-delivery-207fa626549c3fb5,멕시카나,멕시콤보,DELIVERY-207FA626549C3FB5,https://www.mexicana.co.kr/menu/product.asp?page=3&CateCode=&searchstr=,,2026-10-04,CURRENT_MENU_LISTED,,,,치킨,치킨,mexicana-page3,84DC67C8FF16A2B7EBE47B27A235AB611ECC270639E3F517204C5C448B4C2E47
official-menu-delivery-2f56426a64f755d0,멕시카나,땡초치킨,DELIVERY-2F56426A64F755D0,https://www.mexicana.co.kr/menu/product.asp?page=2&CateCode=&searchstr=,,2026-10-04,CURRENT_MENU_LISTED,,,,치킨,치킨,mexicana-page2,CBFE0B3A4617FB688C22104D1B5462252A31EC8F26CB475C51FB7C2D9FD08ADB
official-menu-delivery-2f69d0aacc75550e,멕시카나,멕시윙,DELIVERY-2F69D0AACC75550E,https://www.mexicana.co.kr/menu/product.asp?page=3&CateCode=&searchstr=,,2026-10-04,CURRENT_MENU_LISTED,,,,치킨,치킨,mexicana-page3,84DC67C8FF16A2B7EBE47B27A235AB611ECC270639E3F517204C5C448B4C2E47
official-menu-delivery-44151ff8e5705b1a,멕시카나,순살 강정치킨,DELIVERY-44151FF8E5705B1A,https://www.mexicana.co.kr/menu/product.asp?page=2&CateCode=&searchstr=,,2026-10-04,CURRENT_MENU_LISTED,,,,치킨,치킨,mexicana-page2,CBFE0B3A4617FB688C22104D1B5462252A31EC8F26CB475C51FB7C2D9FD08ADB
official-menu-delivery-51d79c2666781c44,멕시카나,치토스치킨,DELIVERY-51D79C2666781C44,https://www.mexicana.co.kr/menu/product.asp,,2026-10-04,CURRENT_MENU_LISTED,,,,치킨,치킨,mexicana-menu,A9A504628CC896968B10F547A83A2266C7A467D94C806AF6DF190A4987466962
official-menu-delivery-5c3d50cf9b8c4068,멕시카나,양념치킨,DELIVERY-5C3D50CF9B8C4068,https://www.mexicana.co.kr/menu/product.asp,,2026-10-04,CURRENT_MENU_LISTED,,,,치킨,치킨,mexicana-menu,A9A504628CC896968B10F547A83A2266C7A467D94C806AF6DF190A4987466962
official-menu-delivery-5cf1c4efec84faa6,멕시카나,치필링,DELIVERY-5CF1C4EFEC84FAA6,https://www.mexicana.co.kr/menu/product.asp,,2026-10-04,CURRENT_MENU_LISTED,,,,치킨,치킨,mexicana-menu,A9A504628CC896968B10F547A83A2266C7A467D94C806AF6DF190A4987466962
official-menu-delivery-686490ea11a97024,멕시카나,눈꽃치즈치킨,DELIVERY-686490EA11A97024,https://www.mexicana.co.kr/menu/product.asp?page=2&CateCode=&searchstr=,,2026-10-04,CURRENT_MENU_LISTED,,,,치킨,치킨,mexicana-page2,CBFE0B3A4617FB688C22104D1B5462252A31EC8F26CB475C51FB7C2D9FD08ADB
official-menu-delivery-6d56db5bbeea09ec,멕시카나,파닭치킨,DELIVERY-6D56DB5BBEEA09EC,https://www.mexicana.co.kr/menu/product.asp?page=2&CateCode=&searchstr=,,2026-10-04,CURRENT_MENU_LISTED,,,,치킨,치킨,mexicana-page2,CBFE0B3A4617FB688C22104D1B5462252A31EC8F26CB475C51FB7C2D9FD08ADB
official-menu-delivery-764f13fd209dc849,멕시카나,순살 반반 치킨,DELIVERY-764F13FD209DC849,https://www.mexicana.co.kr/menu/product.asp?page=3&CateCode=&searchstr=,,2026-10-04,CURRENT_MENU_LISTED,,,,치킨,치킨,mexicana-page3,84DC67C8FF16A2B7EBE47B27A235AB611ECC270639E3F517204C5C448B4C2E47
official-menu-delivery-78bd3c009ed8a6ea,멕시카나,와삭칸,DELIVERY-78BD3C009ED8A6EA,https://www.mexicana.co.kr/menu/product.asp,,2026-10-04,CURRENT_MENU_LISTED,,,,치킨,치킨,mexicana-menu,A9A504628CC896968B10F547A83A2266C7A467D94C806AF6DF190A4987466962
official-menu-delivery-7eff20434cdc8c0a,멕시카나,멕시핀,DELIVERY-7EFF20434CDC8C0A,https://www.mexicana.co.kr/menu/product.asp?page=3&CateCode=&searchstr=,,2026-10-04,CURRENT_MENU_LISTED,,,,치킨,치킨,mexicana-page3,84DC67C8FF16A2B7EBE47B27A235AB611ECC270639E3F517204C5C448B4C2E47
official-menu-delivery-7f42709a1f1d345d,멕시카나,고매치킨,DELIVERY-7F42709A1F1D345D,https://www.mexicana.co.kr/menu/product.asp?page=2&CateCode=&searchstr=,,2026-10-04,CURRENT_MENU_LISTED,,,,치킨,치킨,mexicana-page2,CBFE0B3A4617FB688C22104D1B5462252A31EC8F26CB475C51FB7C2D9FD08ADB
official-menu-delivery-8235c84c09c23617,멕시카나,순살 파닭,DELIVERY-8235C84C09C23617,https://www.mexicana.co.kr/menu/product.asp?page=3&CateCode=&searchstr=,,2026-10-04,CURRENT_MENU_LISTED,,,,치킨,치킨,mexicana-page3,84DC67C8FF16A2B7EBE47B27A235AB611ECC270639E3F517204C5C448B4C2E47
official-menu-delivery-8bd500fd4271bba7,멕시카나,순살고매치킨,DELIVERY-8BD500FD4271BBA7,https://www.mexicana.co.kr/menu/product.asp?page=2&CateCode=&searchstr=,,2026-10-04,CURRENT_MENU_LISTED,,,,치킨,치킨,mexicana-page2,CBFE0B3A4617FB688C22104D1B5462252A31EC8F26CB475C51FB7C2D9FD08ADB
official-menu-delivery-ab50c969195c4cbe,멕시카나,치필링HOT,DELIVERY-AB50C969195C4CBE,https://www.mexicana.co.kr/menu/product.asp,,2026-10-04,CURRENT_MENU_LISTED,,,,치킨,치킨,mexicana-menu,A9A504628CC896968B10F547A83A2266C7A467D94C806AF6DF190A4987466962
official-menu-delivery-b7441468d9299129,멕시카나,허니벌꿀치킨,DELIVERY-B7441468D9299129,https://www.mexicana.co.kr/menu/product.asp?page=2&CateCode=&searchstr=,,2026-10-04,CURRENT_MENU_LISTED,,,,치킨,치킨,mexicana-page2,CBFE0B3A4617FB688C22104D1B5462252A31EC8F26CB475C51FB7C2D9FD08ADB
official-menu-delivery-b86232c5b3c74915,멕시카나,치필링 반반,DELIVERY-B86232C5B3C74915,https://www.mexicana.co.kr/menu/product.asp,,2026-10-04,CURRENT_MENU_LISTED,,,,치킨,치킨,mexicana-menu,A9A504628CC896968B10F547A83A2266C7A467D94C806AF6DF190A4987466962
official-menu-delivery-b900c7d3b8e6ac7a,멕시카나,순살 와삭칸,DELIVERY-B900C7D3B8E6AC7A,https://www.mexicana.co.kr/menu/product.asp,,2026-10-04,CURRENT_MENU_LISTED,,,,치킨,치킨,mexicana-menu,A9A504628CC896968B10F547A83A2266C7A467D94C806AF6DF190A4987466962
official-menu-delivery-be4a37bcac6b1118,멕시카나,순살 눈꽃치즈치킨,DELIVERY-BE4A37BCAC6B1118,https://www.mexicana.co.kr/menu/product.asp?page=3&CateCode=&searchstr=,,2026-10-04,CURRENT_MENU_LISTED,,,,치킨,치킨,mexicana-page3,84DC67C8FF16A2B7EBE47B27A235AB611ECC270639E3F517204C5C448B4C2E47
official-menu-delivery-c5b28b721001e8db,멕시카나,1989 오리진 후라이드,DELIVERY-C5B28B721001E8DB,https://www.mexicana.co.kr/menu/product.asp,,2026-10-04,CURRENT_MENU_LISTED,,,,치킨,치킨,mexicana-menu,A9A504628CC896968B10F547A83A2266C7A467D94C806AF6DF190A4987466962
official-menu-delivery-c67c936b444edb2f,멕시카나,순살 치토스치킨,DELIVERY-C67C936B444EDB2F,https://www.mexicana.co.kr/menu/product.asp,,2026-10-04,CURRENT_MENU_LISTED,,,,치킨,치킨,mexicana-menu,A9A504628CC896968B10F547A83A2266C7A467D94C806AF6DF190A4987466962
official-menu-delivery-cb778974055fbc3a,멕시카나,후라이드치킨,DELIVERY-CB778974055FBC3A,https://www.mexicana.co.kr/menu/product.asp?page=2&CateCode=&searchstr=,,2026-10-04,CURRENT_MENU_LISTED,,,,치킨,치킨,mexicana-page2,CBFE0B3A4617FB688C22104D1B5462252A31EC8F26CB475C51FB7C2D9FD08ADB
official-menu-delivery-dca14643fe0fafa8,멕시카나,순살 고추화삭,DELIVERY-DCA14643FE0FAFA8,https://www.mexicana.co.kr/menu/product.asp,,2026-10-04,CURRENT_MENU_LISTED,,,,치킨,치킨,mexicana-menu,A9A504628CC896968B10F547A83A2266C7A467D94C806AF6DF190A4987466962
official-menu-delivery-ddca58d6fef6e445,멕시카나,순살 후라이드,DELIVERY-DDCA58D6FEF6E445,https://www.mexicana.co.kr/menu/product.asp?page=3&CateCode=&searchstr=,,2026-10-04,CURRENT_MENU_LISTED,,,,치킨,치킨,mexicana-page3,84DC67C8FF16A2B7EBE47B27A235AB611ECC270639E3F517204C5C448B4C2E47
official-menu-delivery-de3d6c8cf6db6413,멕시카나,순살 땡초치킨,DELIVERY-DE3D6C8CF6DB6413,https://www.mexicana.co.kr/menu/product.asp?page=2&CateCode=&searchstr=,,2026-10-04,CURRENT_MENU_LISTED,,,,치킨,치킨,mexicana-page2,CBFE0B3A4617FB688C22104D1B5462252A31EC8F26CB475C51FB7C2D9FD08ADB
official-menu-delivery-e5379510572576a6,멕시카나,강정치킨,DELIVERY-E5379510572576A6,https://www.mexicana.co.kr/menu/product.asp?page=2&CateCode=&searchstr=,,2026-10-04,CURRENT_MENU_LISTED,,,,치킨,치킨,mexicana-page2,CBFE0B3A4617FB688C22104D1B5462252A31EC8F26CB475C51FB7C2D9FD08ADB
official-menu-delivery-e96bc768042a8e9e,멕시카나,순살 양념,DELIVERY-E96BC768042A8E9E,https://www.mexicana.co.kr/menu/product.asp?page=3&CateCode=&searchstr=,,2026-10-04,CURRENT_MENU_LISTED,,,,치킨,치킨,mexicana-page3,84DC67C8FF16A2B7EBE47B27A235AB611ECC270639E3F517204C5C448B4C2E47
official-menu-delivery-fa914fb0f123db32,멕시카나,고추화삭,DELIVERY-FA914FB0F123DB32,https://www.mexicana.co.kr/menu/product.asp,,2026-10-04,CURRENT_MENU_LISTED,,,,치킨,치킨,mexicana-menu,A9A504628CC896968B10F547A83A2266C7A467D94C806AF6DF190A4987466962
official-menu-delivery-030f96f664304f20,미소야,알밥정식,DELIVERY-030F96F664304F20,https://www.misoya.co.kr/menu,,2026-10-04,CURRENT_MENU_LISTED,,,,,,misoya-menu,5516EB06998E9A5B3FA82C5A0212AA9E02732C15DF36054FE86AD0634ED94824
official-menu-delivery-06821144c6f0a3f6,미소야,돈카츠동,DELIVERY-06821144C6F0A3F6,https://www.misoya.co.kr/menu,,2026-10-04,CURRENT_MENU_LISTED,,,,,돈가스,misoya-menu,5516EB06998E9A5B3FA82C5A0212AA9E02732C15DF36054FE86AD0634ED94824
official-menu-delivery-08718745fa45901f,미소야,냉모밀,DELIVERY-08718745FA45901F,https://www.misoya.co.kr/menu,,2026-10-04,CURRENT_MENU_LISTED,,,,,국수·우동,misoya-menu,5516EB06998E9A5B3FA82C5A0212AA9E02732C15DF36054FE86AD0634ED94824
official-menu-delivery-101a470f9fd7bd3b,미소야,레드핫 낙지덮밥,DELIVERY-101A470F9FD7BD3B,https://www.misoya.co.kr/menu,,2026-10-04,CURRENT_MENU_LISTED,,,,,덮밥,misoya-menu,5516EB06998E9A5B3FA82C5A0212AA9E02732C15DF36054FE86AD0634ED94824
official-menu-delivery-107c14d9e544dd41,미소야,콜드냉멘,DELIVERY-107C14D9E544DD41,https://www.misoya.co.kr/menu,,2026-10-04,CURRENT_MENU_LISTED,,,,,,misoya-menu,5516EB06998E9A5B3FA82C5A0212AA9E02732C15DF36054FE86AD0634ED94824
official-menu-delivery-1a4c6ce7bb9593c9,미소야,로스카츠,DELIVERY-1A4C6CE7BB9593C9,https://www.misoya.co.kr/menu,,2026-10-04,CURRENT_MENU_LISTED,,,,,돈가스,misoya-menu,5516EB06998E9A5B3FA82C5A0212AA9E02732C15DF36054FE86AD0634ED94824
official-menu-delivery-2086d035d1427956,미소야,새우크레미롤,DELIVERY-2086D035D1427956,https://www.misoya.co.kr/menu,,2026-10-04,CURRENT_MENU_LISTED,,,,,,misoya-menu,5516EB06998E9A5B3FA82C5A0212AA9E02732C15DF36054FE86AD0634ED94824
official-menu-delivery-222712303f236d8b,미소야,치즈 돈카츠,DELIVERY-222712303F236D8B,https://www.misoya.co.kr/menu,,2026-10-04,CURRENT_MENU_LISTED,,,,,돈가스,misoya-menu,5516EB06998E9A5B3FA82C5A0212AA9E02732C15DF36054FE86AD0634ED94824
official-menu-delivery-2a384f5a0ebf5edb,미소야,새우튀김(1개),DELIVERY-2A384F5A0EBF5EDB,https://www.misoya.co.kr/menu,,2026-10-04,CURRENT_MENU_LISTED,,,,,,misoya-menu,5516EB06998E9A5B3FA82C5A0212AA9E02732C15DF36054FE86AD0634ED94824
official-menu-delivery-2bf50978d2a59c03,미소야,치킨가라아게카레,DELIVERY-2BF50978D2A59C03,https://www.misoya.co.kr/menu,,2026-10-04,CURRENT_MENU_LISTED,,,,,,misoya-menu,5516EB06998E9A5B3FA82C5A0212AA9E02732C15DF36054FE86AD0634ED94824
official-menu-delivery-2f01c607d0c34345,미소야,눈꽃치즈 매운철판돈카츠,DELIVERY-2F01C607D0C34345,https://www.misoya.co.kr/menu,,2026-10-04,CURRENT_MENU_LISTED,,,,,돈가스,misoya-menu,5516EB06998E9A5B3FA82C5A0212AA9E02732C15DF36054FE86AD0634ED94824
official-menu-delivery-358d89e2e7e68426,미소야,사누끼우동,DELIVERY-358D89E2E7E68426,https://www.misoya.co.kr/menu,,2026-10-04,CURRENT_MENU_LISTED,,,,,국수·우동,misoya-menu,5516EB06998E9A5B3FA82C5A0212AA9E02732C15DF36054FE86AD0634ED94824
official-menu-delivery-3db4d65e20a783b6,미소야,매콤 로스카츠,DELIVERY-3DB4D65E20A783B6,https://www.misoya.co.kr/menu,,2026-10-04,CURRENT_MENU_LISTED,,,,,돈가스,misoya-menu,5516EB06998E9A5B3FA82C5A0212AA9E02732C15DF36054FE86AD0634ED94824
official-menu-delivery-448bbddbcd45f3d8,미소야,회덮밥,DELIVERY-448BBDDBCD45F3D8,https://www.misoya.co.kr/menu,,2026-10-04,CURRENT_MENU_LISTED,,,,,덮밥,misoya-menu,5516EB06998E9A5B3FA82C5A0212AA9E02732C15DF36054FE86AD0634ED94824
official-menu-delivery-449674eeb17ea151,미소야,치킨가라아게,DELIVERY-449674EEB17EA151,https://www.misoya.co.kr/menu,,2026-10-04,CURRENT_MENU_LISTED,,,,,,misoya-menu,5516EB06998E9A5B3FA82C5A0212AA9E02732C15DF36054FE86AD0634ED94824
official-menu-delivery-4d7603c2d07fb993,미소야,히레카츠,DELIVERY-4D7603C2D07FB993,https://www.misoya.co.kr/menu,,2026-10-04,CURRENT_MENU_LISTED,,,,,돈가스,misoya-menu,5516EB06998E9A5B3FA82C5A0212AA9E02732C15DF36054FE86AD0634ED94824
official-menu-delivery-54e80cb84e5008e2,미소야,카츠모밀 알밥정식,DELIVERY-54E80CB84E5008E2,https://www.misoya.co.kr/menu,,2026-10-04,CURRENT_MENU_LISTED,,,,,국수·우동,misoya-menu,5516EB06998E9A5B3FA82C5A0212AA9E02732C15DF36054FE86AD0634ED94824
official-menu-delivery-56e14392123f21b5,미소야,옛날식 달콤한 로스카츠,DELIVERY-56E14392123F21B5,https://www.misoya.co.kr/menu,,2026-10-04,CURRENT_MENU_LISTED,,,,,돈가스,misoya-menu,5516EB06998E9A5B3FA82C5A0212AA9E02732C15DF36054FE86AD0634ED94824
official-menu-delivery-622b6a938569a57b,미소야,돈카츠명란특선,DELIVERY-622B6A938569A57B,https://www.misoya.co.kr/menu,,2026-10-04,CURRENT_MENU_LISTED,,,,,돈가스,misoya-menu,5516EB06998E9A5B3FA82C5A0212AA9E02732C15DF36054FE86AD0634ED94824
official-menu-delivery-6719d51a78d11365,미소야,대게다리튀김,DELIVERY-6719D51A78D11365,https://www.misoya.co.kr/menu,,2026-10-04,CURRENT_MENU_LISTED,,,,,,misoya-menu,5516EB06998E9A5B3FA82C5A0212AA9E02732C15DF36054FE86AD0634ED94824
official-menu-delivery-67361096bbf65236,미소야,우삼겹우동전골,DELIVERY-67361096BBF65236,https://www.misoya.co.kr/menu,,2026-10-04,CURRENT_MENU_LISTED,,,,,국수·우동,misoya-menu,5516EB06998E9A5B3FA82C5A0212AA9E02732C15DF36054FE86AD0634ED94824
official-menu-delivery-69e1be7041b40e91,미소야,소바 샐러드 로스카츠,DELIVERY-69E1BE7041B40E91,https://www.misoya.co.kr/menu,,2026-10-04,CURRENT_MENU_LISTED,,,,,샐러드·포케,misoya-menu,5516EB06998E9A5B3FA82C5A0212AA9E02732C15DF36054FE86AD0634ED94824
official-menu-delivery-69e23841e37cbae2,미소야,통 치즈카츠,DELIVERY-69E23841E37CBAE2,https://www.misoya.co.kr/menu,,2026-10-04,CURRENT_MENU_LISTED,,,,,,misoya-menu,5516EB06998E9A5B3FA82C5A0212AA9E02732C15DF36054FE86AD0634ED94824
official-menu-delivery-6c644618b8edd3c4,미소야,레드핫 챠슈덮밥,DELIVERY-6C644618B8EDD3C4,https://www.misoya.co.kr/menu,,2026-10-04,CURRENT_MENU_LISTED,,,,,덮밥,misoya-menu,5516EB06998E9A5B3FA82C5A0212AA9E02732C15DF36054FE86AD0634ED94824
official-menu-delivery-6d908f3990e4c023,미소야,우삼겹덮밥,DELIVERY-6D908F3990E4C023,https://www.misoya.co.kr/menu,,2026-10-04,CURRENT_MENU_LISTED,,,,,덮밥,misoya-menu,5516EB06998E9A5B3FA82C5A0212AA9E02732C15DF36054FE86AD0634ED94824
official-menu-delivery-70275d599a22cdf1,미소야,우삼겹 부대 라멘,DELIVERY-70275D599A22CDF1,https://www.misoya.co.kr/menu,,2026-10-04,CURRENT_MENU_LISTED,,,,,라멘,misoya-menu,5516EB06998E9A5B3FA82C5A0212AA9E02732C15DF36054FE86AD0634ED94824
official-menu-delivery-7c4ad94d21f9a218,미소야,돈카츠김치우동전골,DELIVERY-7C4AD94D21F9A218,https://www.misoya.co.kr/menu,,2026-10-04,CURRENT_MENU_LISTED,,,,,돈가스,misoya-menu,5516EB06998E9A5B3FA82C5A0212AA9E02732C15DF36054FE86AD0634ED94824
official-menu-delivery-83c3506f9752715f,미소야,매운 돈코츠 라멘,DELIVERY-83C3506F9752715F,https://www.misoya.co.kr/menu,,2026-10-04,CURRENT_MENU_LISTED,,,,,라멘,misoya-menu,5516EB06998E9A5B3FA82C5A0212AA9E02732C15DF36054FE86AD0634ED94824
official-menu-delivery-84cd3a83e31508b6,미소야,돈카츠김치나베,DELIVERY-84CD3A83E31508B6,https://www.misoya.co.kr/menu,,2026-10-04,CURRENT_MENU_LISTED,,,,,돈가스,misoya-menu,5516EB06998E9A5B3FA82C5A0212AA9E02732C15DF36054FE86AD0634ED94824
official-menu-delivery-8eccbb42a96315de,미소야,돈코츠 라멘,DELIVERY-8ECCBB42A96315DE,https://www.misoya.co.kr/menu,,2026-10-04,CURRENT_MENU_LISTED,,,,,라멘,misoya-menu,5516EB06998E9A5B3FA82C5A0212AA9E02732C15DF36054FE86AD0634ED94824
official-menu-delivery-8f0fb9af4fbfd831,미소야,비빔 모밀,DELIVERY-8F0FB9AF4FBFD831,https://www.misoya.co.kr/menu,,2026-10-04,CURRENT_MENU_LISTED,,,,,국수·우동,misoya-menu,5516EB06998E9A5B3FA82C5A0212AA9E02732C15DF36054FE86AD0634ED94824
official-menu-delivery-8f540eba9318e887,미소야,타코야끼(6개),DELIVERY-8F540EBA9318E887,https://www.misoya.co.kr/menu,,2026-10-04,CURRENT_MENU_LISTED,,,,,,misoya-menu,5516EB06998E9A5B3FA82C5A0212AA9E02732C15DF36054FE86AD0634ED94824
official-menu-delivery-9085fea4c9db4f31,미소야,돈카츠카레,DELIVERY-9085FEA4C9DB4F31,https://www.misoya.co.kr/menu,,2026-10-04,CURRENT_MENU_LISTED,,,,,돈가스,misoya-menu,5516EB06998E9A5B3FA82C5A0212AA9E02732C15DF36054FE86AD0634ED94824
official-menu-delivery-975706e2ca325971,미소야,치즈on카츠우동볶이,DELIVERY-975706E2CA325971,https://www.misoya.co.kr/menu,,2026-10-04,CURRENT_MENU_LISTED,,,,,국수·우동,misoya-menu,5516EB06998E9A5B3FA82C5A0212AA9E02732C15DF36054FE86AD0634ED94824
official-menu-delivery-983963b058eb6953,미소야,mini명란밥,DELIVERY-983963B058EB6953,https://www.misoya.co.kr/menu,,2026-10-04,CURRENT_MENU_LISTED,,,,,,misoya-menu,5516EB06998E9A5B3FA82C5A0212AA9E02732C15DF36054FE86AD0634ED94824
official-menu-delivery-a87e961714f943be,미소야,생선초밥(특),DELIVERY-A87E961714F943BE,https://www.misoya.co.kr/menu,,2026-10-04,CURRENT_MENU_LISTED,,,,,,misoya-menu,5516EB06998E9A5B3FA82C5A0212AA9E02732C15DF36054FE86AD0634ED94824
official-menu-delivery-a9d70c7ac6cead7c,미소야,부대 어묵 나베,DELIVERY-A9D70C7AC6CEAD7C,https://www.misoya.co.kr/menu,,2026-10-04,CURRENT_MENU_LISTED,,,,,,misoya-menu,5516EB06998E9A5B3FA82C5A0212AA9E02732C15DF36054FE86AD0634ED94824
official-menu-delivery-aa417283b7545280,미소야,고구마 치즈 돈카츠,DELIVERY-AA417283B7545280,https://www.misoya.co.kr/menu,,2026-10-04,CURRENT_MENU_LISTED,,,,,돈가스,misoya-menu,5516EB06998E9A5B3FA82C5A0212AA9E02732C15DF36054FE86AD0634ED94824
official-menu-delivery-abdfc24a79b2bea3,미소야,사누끼우동 돈카츠정식,DELIVERY-ABDFC24A79B2BEA3,https://www.misoya.co.kr/menu,,2026-10-04,CURRENT_MENU_LISTED,,,,,돈가스,misoya-menu,5516EB06998E9A5B3FA82C5A0212AA9E02732C15DF36054FE86AD0634ED94824
official-menu-delivery-ae5c4f3b6d85703b,미소야,치치치즈 알밥,DELIVERY-AE5C4F3B6D85703B,https://www.misoya.co.kr/menu,,2026-10-04,CURRENT_MENU_LISTED,,,,,,misoya-menu,5516EB06998E9A5B3FA82C5A0212AA9E02732C15DF36054FE86AD0634ED94824
official-menu-delivery-aea0bd74c8eede5f,미소야,통살생선카츠,DELIVERY-AEA0BD74C8EEDE5F,https://www.misoya.co.kr/menu,,2026-10-04,CURRENT_MENU_LISTED,,,,,,misoya-menu,5516EB06998E9A5B3FA82C5A0212AA9E02732C15DF36054FE86AD0634ED94824
official-menu-delivery-b2e72e2db8bb565b,미소야,트리플 치즈볼(4개),DELIVERY-B2E72E2DB8BB565B,https://www.misoya.co.kr/menu,,2026-10-04,CURRENT_MENU_LISTED,,,,,,misoya-menu,5516EB06998E9A5B3FA82C5A0212AA9E02732C15DF36054FE86AD0634ED94824
official-menu-delivery-b5014e478d1df62b,미소야,미소크림명란카츠,DELIVERY-B5014E478D1DF62B,https://www.misoya.co.kr/menu,,2026-10-04,CURRENT_MENU_LISTED,,,,,,misoya-menu,5516EB06998E9A5B3FA82C5A0212AA9E02732C15DF36054FE86AD0634ED94824
official-menu-delivery-c045006b83226489,미소야,매콤 치즈카츠,DELIVERY-C045006B83226489,https://www.misoya.co.kr/menu,,2026-10-04,CURRENT_MENU_LISTED,,,,,,misoya-menu,5516EB06998E9A5B3FA82C5A0212AA9E02732C15DF36054FE86AD0634ED94824
official-menu-delivery-c92c08b4a8f439f7,미소야,생선초밥커플SET,DELIVERY-C92C08B4A8F439F7,https://www.misoya.co.kr/menu,,2026-10-04,CURRENT_MENU_LISTED,,,,,,misoya-menu,5516EB06998E9A5B3FA82C5A0212AA9E02732C15DF36054FE86AD0634ED94824
official-menu-delivery-ca509b38459cb572,미소야,치킨가라아게동,DELIVERY-CA509B38459CB572,https://www.misoya.co.kr/menu,,2026-10-04,CURRENT_MENU_LISTED,,,,,,misoya-menu,5516EB06998E9A5B3FA82C5A0212AA9E02732C15DF36054FE86AD0634ED94824
official-menu-delivery-cae9cdfa4b1dce8f,미소야,점보믹스동,DELIVERY-CAE9CDFA4B1DCE8F,https://www.misoya.co.kr/menu,,2026-10-04,CURRENT_MENU_LISTED,,,,,,misoya-menu,5516EB06998E9A5B3FA82C5A0212AA9E02732C15DF36054FE86AD0634ED94824
official-menu-delivery-cc34dcc5224fa73d,미소야,로스카츠 모밀,DELIVERY-CC34DCC5224FA73D,https://www.misoya.co.kr/menu,,2026-10-04,CURRENT_MENU_LISTED,,,,,돈가스,misoya-menu,5516EB06998E9A5B3FA82C5A0212AA9E02732C15DF36054FE86AD0634ED94824
official-menu-delivery-cc9a436f8db1c79d,미소야,스페셜카츠,DELIVERY-CC9A436F8DB1C79D,https://www.misoya.co.kr/menu,,2026-10-04,CURRENT_MENU_LISTED,,,,,,misoya-menu,5516EB06998E9A5B3FA82C5A0212AA9E02732C15DF36054FE86AD0634ED94824
official-menu-delivery-de4fd154b5ca64d1,미소야,매운철판돈카츠,DELIVERY-DE4FD154B5CA64D1,https://www.misoya.co.kr/menu,,2026-10-04,CURRENT_MENU_LISTED,,,,,돈가스,misoya-menu,5516EB06998E9A5B3FA82C5A0212AA9E02732C15DF36054FE86AD0634ED94824
official-menu-delivery-e496acc55cbfe81d,미소야,돈카츠야끼우동,DELIVERY-E496ACC55CBFE81D,https://www.misoya.co.kr/menu,,2026-10-04,CURRENT_MENU_LISTED,,,,,돈가스,misoya-menu,5516EB06998E9A5B3FA82C5A0212AA9E02732C15DF36054FE86AD0634ED94824
official-menu-delivery-e66c6e6e161eff71,미소야,판모밀,DELIVERY-E66C6E6E161EFF71,https://www.misoya.co.kr/menu,,2026-10-04,CURRENT_MENU_LISTED,,,,,국수·우동,misoya-menu,5516EB06998E9A5B3FA82C5A0212AA9E02732C15DF36054FE86AD0634ED94824
official-menu-delivery-e8ce3f21e6b3953c,미소야,생선초밥,DELIVERY-E8CE3F21E6B3953C,https://www.misoya.co.kr/menu,,2026-10-04,CURRENT_MENU_LISTED,,,,,,misoya-menu,5516EB06998E9A5B3FA82C5A0212AA9E02732C15DF36054FE86AD0634ED94824
official-menu-delivery-f395619fa104ec15,미소야,mini우동,DELIVERY-F395619FA104EC15,https://www.misoya.co.kr/menu,,2026-10-04,CURRENT_MENU_LISTED,,,,,국수·우동,misoya-menu,5516EB06998E9A5B3FA82C5A0212AA9E02732C15DF36054FE86AD0634ED94824
official-menu-delivery-2e0370efb7e39093,반올림피자,버터베어 갈릭세트,DELIVERY-2E0370EFB7E39093,https://order.banolimpizza.com/menu/list?menuId=1,,2026-10-04,CURRENT_MENU_LISTED,,,,,,banolim-menu,65844FFC740ED2494D9C10A277C921326F60B70997E32E73D25E0B6C34036F68
official-menu-delivery-ae484cb4d57e52ea,반올림피자,버터갈릭 통마늘치킨,DELIVERY-AE484CB4D57E52EA,https://order.banolimpizza.com/menu/list?menuId=1,,2026-10-04,CURRENT_MENU_LISTED,,,,,,banolim-menu,65844FFC740ED2494D9C10A277C921326F60B70997E32E73D25E0B6C34036F68
official-menu-delivery-00b11c650b1c20ec,배스킨라빈스,바나나카페라떼,DELIVERY-00B11C650B1C20EC,https://www.baskinrobbins.co.kr/menu/view_subcategory.php?seq=76,,2026-10-04,CURRENT_MENU_LISTED,,,,커피,카페,baskin-coffee-sub,F3B4E825D242FE89029F26311036151280DED097E13F9D4BC4E37D963431887A
official-menu-delivery-0452f9442e5dc711,배스킨라빈스,밀크 쉐이크,DELIVERY-0452F9442E5DC711,https://www.baskinrobbins.co.kr/menu/view_subcategory.php?seq=4,,2026-10-04,CURRENT_MENU_LISTED,,,,음료,음료,baskin-drink-sub,1B2613D8BC27E4AD8E4FA2696005944E83C4A10E90A9C7362E07EB5A41283AF1
official-menu-delivery-05d3fda29bed38b4,배스킨라빈스,레디팩 (체리쥬빌레),DELIVERY-05D3FDA29BED38B4,https://www.baskinrobbins.co.kr/menu/view.php?seq=79,,2026-10-04,CURRENT_MENU_LISTED,,,,프리팩,아이스크림,baskin-coffee,490DE9F4582A28800E54DB40F4A3703D28E57721BF4AF4C87DD1D2F2DE5A8C8B
official-menu-delivery-06596a5671b1cba0,배스킨라빈스,아이스 모나카 쫀떡 인절미,DELIVERY-06596A5671B1CBA0,https://www.baskinrobbins.co.kr/menu/view.php?seq=380,,2026-10-04,CURRENT_MENU_LISTED,,,,디저트,디저트,baskin-drink,45F2A07F941496261887F1DD5613758D0B91695629FE84119D5C0A21F89DF27A
official-menu-delivery-0e31f34ed0a05aac,배스킨라빈스,곰돌이푸의 스윗 파티,DELIVERY-0E31F34ED0A05AAC,https://www.baskinrobbins.co.kr/menu/view.php?seq=1128,,2026-10-04,CURRENT_MENU_LISTED,,,,아이스크림 케이크,디저트,baskin-prepack,E7A9EC539C0BD68B595F3A229E13C0AE0EC5A02177D12604D5738342EF96EBBB
official-menu-delivery-0ea7dfae4a7ce9a8,배스킨라빈스,맥심 스틱바 모카골드 마일드,DELIVERY-0EA7DFAE4A7CE9A8,https://www.baskinrobbins.co.kr/menu/view.php?seq=211,,2026-10-04,CURRENT_MENU_LISTED,,,,디저트,디저트,baskin-drink,45F2A07F941496261887F1DD5613758D0B91695629FE84119D5C0A21F89DF27A
official-menu-delivery-0ec2f01dcafb768c,배스킨라빈스,몬가 귀여운 몬치치,DELIVERY-0EC2F01DCAFB768C,https://www.baskinrobbins.co.kr/menu/view.php?seq=1153,,2026-10-04,CURRENT_MENU_LISTED,,,,아이스크림 케이크,디저트,baskin-prepack,E7A9EC539C0BD68B595F3A229E13C0AE0EC5A02177D12604D5738342EF96EBBB
official-menu-delivery-0ef0eeb7670da1fa,배스킨라빈스,레디팩 (엄마는 외계인),DELIVERY-0EF0EEB7670DA1FA,https://www.baskinrobbins.co.kr/menu/view.php?seq=84,,2026-10-04,CURRENT_MENU_LISTED,,,,프리팩,아이스크림,baskin-coffee,490DE9F4582A28800E54DB40F4A3703D28E57721BF4AF4C87DD1D2F2DE5A8C8B
official-menu-delivery-124fab6de0681cb2,배스킨라빈스,두바이 크런치 모찌 초코 헤이즐넛,DELIVERY-124FAB6DE0681CB2,https://www.baskinrobbins.co.kr/menu/view.php?seq=973,,2026-10-04,CURRENT_MENU_LISTED,,,,디저트,디저트,baskin-drink,45F2A07F941496261887F1DD5613758D0B91695629FE84119D5C0A21F89DF27A
official-menu-delivery-19874099f75fb13b,배스킨라빈스,레디팩 (소금 우유),DELIVERY-19874099F75FB13B,https://www.baskinrobbins.co.kr/menu/view.php?seq=90,,2026-10-04,CURRENT_MENU_LISTED,,,,프리팩,아이스크림,baskin-coffee,490DE9F4582A28800E54DB40F4A3703D28E57721BF4AF4C87DD1D2F2DE5A8C8B
official-menu-delivery-1d22593e4af64027,배스킨라빈스,달콤함에 빠진 몬치치,DELIVERY-1D22593E4AF64027,https://www.baskinrobbins.co.kr/menu/view.php?seq=1152,,2026-10-04,CURRENT_MENU_LISTED,,,,아이스크림 케이크,디저트,baskin-prepack,E7A9EC539C0BD68B595F3A229E13C0AE0EC5A02177D12604D5738342EF96EBBB
official-menu-delivery-1faacf76721512e2,배스킨라빈스,버터 쿠키 샌드 바닐라 카라멜,DELIVERY-1FAACF76721512E2,https://www.baskinrobbins.co.kr/menu/view.php?seq=754,,2026-10-04,CURRENT_MENU_LISTED,,,,디저트,디저트,baskin-drink,45F2A07F941496261887F1DD5613758D0B91695629FE84119D5C0A21F89DF27A
official-menu-delivery-2218ed3c7c9383de,배스킨라빈스,아이스 마카롱 초콜릿 무스,DELIVERY-2218ED3C7C9383DE,https://www.baskinrobbins.co.kr/menu/view.php?seq=195,,2026-10-04,CURRENT_MENU_LISTED,,,,디저트,디저트,baskin-drink,45F2A07F941496261887F1DD5613758D0B91695629FE84119D5C0A21F89DF27A
official-menu-delivery-22875d9119568b25,배스킨라빈스,블록팩 이상한나라의솜사탕,DELIVERY-22875D9119568B25,https://www.baskinrobbins.co.kr/menu/view.php?seq=429,,2026-10-04,CURRENT_MENU_LISTED,,,,프리팩,아이스크림,baskin-coffee,490DE9F4582A28800E54DB40F4A3703D28E57721BF4AF4C87DD1D2F2DE5A8C8B
official-menu-delivery-25ec5d9113804ce0,배스킨라빈스,(Lessly Edition) 블록팩 엄마는 외계인,DELIVERY-25EC5D9113804CE0,https://www.baskinrobbins.co.kr/menu/view.php?seq=892,,2026-10-04,CURRENT_MENU_LISTED,,,,프리팩,아이스크림,baskin-coffee,490DE9F4582A28800E54DB40F4A3703D28E57721BF4AF4C87DD1D2F2DE5A8C8B
official-menu-delivery-2749a4df2158cb48,배스킨라빈스,블록팩 아몬드봉봉,DELIVERY-2749A4DF2158CB48,https://www.baskinrobbins.co.kr/menu/view.php?seq=229,,2026-10-04,CURRENT_MENU_LISTED,,,,프리팩,아이스크림,baskin-coffee,490DE9F4582A28800E54DB40F4A3703D28E57721BF4AF4C87DD1D2F2DE5A8C8B
official-menu-delivery-2a0ffe8db1e2cf71,배스킨라빈스,아이스 쿠키 샌드 바닐라,DELIVERY-2A0FFE8DB1E2CF71,https://www.baskinrobbins.co.kr/menu/view.php?seq=325,,2026-10-04,CURRENT_MENU_LISTED,,,,디저트,디저트,baskin-drink,45F2A07F941496261887F1DD5613758D0B91695629FE84119D5C0A21F89DF27A
official-menu-delivery-2e3d59167d8dc040,배스킨라빈스,바닐라빈 라떼,DELIVERY-2E3D59167D8DC040,https://www.baskinrobbins.co.kr/menu/view_subcategory.php?seq=22,,2026-10-04,CURRENT_MENU_LISTED,,,,커피,카페,baskin-coffee-sub,F3B4E825D242FE89029F26311036151280DED097E13F9D4BC4E37D963431887A
official-menu-delivery-3952abcbb53c7e8c,배스킨라빈스,바삭 쿠키 볼 와츄원,DELIVERY-3952ABCBB53C7E8C,https://www.baskinrobbins.co.kr/menu/view.php?seq=1016,,2026-10-04,CURRENT_MENU_LISTED,,,,아이스크림 케이크,디저트,baskin-prepack,E7A9EC539C0BD68B595F3A229E13C0AE0EC5A02177D12604D5738342EF96EBBB
official-menu-delivery-3c532172a48c550c,배스킨라빈스,초코별에서 온 엄마는 외계인,DELIVERY-3C532172A48C550C,https://www.baskinrobbins.co.kr/menu/view.php?seq=1025,,2026-10-04,CURRENT_MENU_LISTED,,,,아이스크림 케이크,디저트,baskin-prepack,E7A9EC539C0BD68B595F3A229E13C0AE0EC5A02177D12604D5738342EF96EBBB
official-menu-delivery-42e81834d01e82e6,배스킨라빈스,(Lessly Edition) 블록팩 아몬드 봉봉,DELIVERY-42E81834D01E82E6,https://www.baskinrobbins.co.kr/menu/view.php?seq=891,,2026-10-04,CURRENT_MENU_LISTED,,,,프리팩,아이스크림,baskin-coffee,490DE9F4582A28800E54DB40F4A3703D28E57721BF4AF4C87DD1D2F2DE5A8C8B
official-menu-delivery-456a5cd451042948,배스킨라빈스,우디의 후르츠 어드벤처 선데,DELIVERY-456A5CD451042948,https://www.baskinrobbins.co.kr/menu/view.php?seq=1044,,2026-10-04,CURRENT_MENU_LISTED,,,,디저트,디저트,baskin-drink,45F2A07F941496261887F1DD5613758D0B91695629FE84119D5C0A21F89DF27A
official-menu-delivery-487c8f9992dfdbb6,배스킨라빈스,비타 프로스티 3종,DELIVERY-487C8F9992DFDBB6,https://www.baskinrobbins.co.kr/menu/view_subcategory.php?seq=73,,2026-10-04,CURRENT_MENU_LISTED,,,,음료,음료,baskin-drink-sub,1B2613D8BC27E4AD8E4FA2696005944E83C4A10E90A9C7362E07EB5A41283AF1
official-menu-delivery-4c73706e569985fb,배스킨라빈스,레디팩 (민트 초콜릿 칩),DELIVERY-4C73706E569985FB,https://www.baskinrobbins.co.kr/menu/view.php?seq=95,,2026-10-04,CURRENT_MENU_LISTED,,,,프리팩,아이스크림,baskin-coffee,490DE9F4582A28800E54DB40F4A3703D28E57721BF4AF4C87DD1D2F2DE5A8C8B
official-menu-delivery-4e7fc9a4bfa732c4,배스킨라빈스,몬치치 아메리카노,DELIVERY-4E7FC9A4BFA732C4,https://www.baskinrobbins.co.kr/menu/view_subcategory.php?seq=82,,2026-10-04,CURRENT_MENU_LISTED,,,,커피,카페,baskin-coffee-sub,F3B4E825D242FE89029F26311036151280DED097E13F9D4BC4E37D963431887A
official-menu-delivery-52b93298690662e1,배스킨라빈스,블록팩 레인보우샤베트,DELIVERY-52B93298690662E1,https://www.baskinrobbins.co.kr/menu/view.php?seq=796,,2026-10-04,CURRENT_MENU_LISTED,,,,프리팩,아이스크림,baskin-coffee,490DE9F4582A28800E54DB40F4A3703D28E57721BF4AF4C87DD1D2F2DE5A8C8B
official-menu-delivery-5443ddb0a9aaef1f,배스킨라빈스,아이스 모나카 우유,DELIVERY-5443DDB0A9AAEF1F,https://www.baskinrobbins.co.kr/menu/view.php?seq=192,,2026-10-04,CURRENT_MENU_LISTED,,,,디저트,디저트,baskin-drink,45F2A07F941496261887F1DD5613758D0B91695629FE84119D5C0A21F89DF27A
official-menu-delivery-558576aef6cb27cc,배스킨라빈스,아이스 모찌 소금우유,DELIVERY-558576AEF6CB27CC,https://www.baskinrobbins.co.kr/menu/view.php?seq=187,,2026-10-04,CURRENT_MENU_LISTED,,,,디저트,디저트,baskin-drink,45F2A07F941496261887F1DD5613758D0B91695629FE84119D5C0A21F89DF27A
official-menu-delivery-5f2c02057395ab8f,배스킨라빈스,아포가토,DELIVERY-5F2C02057395AB8F,https://www.baskinrobbins.co.kr/menu/view_subcategory.php?seq=52,,2026-10-04,CURRENT_MENU_LISTED,,,,커피,카페,baskin-coffee-sub,F3B4E825D242FE89029F26311036151280DED097E13F9D4BC4E37D963431887A
official-menu-delivery-61627d2c808e7afe,배스킨라빈스,도쿄바나나 브륄레 랑그드샤 쿠키 샌드,DELIVERY-61627D2C808E7AFE,https://www.baskinrobbins.co.kr/menu/view.php?seq=1140,,2026-10-04,CURRENT_MENU_LISTED,,,,디저트,디저트,baskin-drink,45F2A07F941496261887F1DD5613758D0B91695629FE84119D5C0A21F89DF27A
official-menu-delivery-6483ef7e13b647ab,배스킨라빈스,아몬드봉봉모찌,DELIVERY-6483EF7E13B647AB,https://www.baskinrobbins.co.kr/menu/view.php?seq=590,,2026-10-04,CURRENT_MENU_LISTED,,,,디저트,디저트,baskin-drink,45F2A07F941496261887F1DD5613758D0B91695629FE84119D5C0A21F89DF27A
official-menu-delivery-67992de58203450e,배스킨라빈스,아이스 모찌 스트로베리,DELIVERY-67992DE58203450E,https://www.baskinrobbins.co.kr/menu/view.php?seq=183,,2026-10-04,CURRENT_MENU_LISTED,,,,디저트,디저트,baskin-drink,45F2A07F941496261887F1DD5613758D0B91695629FE84119D5C0A21F89DF27A
official-menu-delivery-687508b4f10d0ddb,배스킨라빈스,맥심 스틱바 슈프림골드,DELIVERY-687508B4F10D0DDB,https://www.baskinrobbins.co.kr/menu/view.php?seq=433,,2026-10-04,CURRENT_MENU_LISTED,,,,디저트,디저트,baskin-drink,45F2A07F941496261887F1DD5613758D0B91695629FE84119D5C0A21F89DF27A
official-menu-delivery-71a62ee71045f35b,배스킨라빈스,진정한 초콜릿 컬렉션,DELIVERY-71A62EE71045F35B,https://www.baskinrobbins.co.kr/menu/view.php?seq=731,,2026-10-04,CURRENT_MENU_LISTED,,,,아이스크림 케이크,디저트,baskin-prepack,E7A9EC539C0BD68B595F3A229E13C0AE0EC5A02177D12604D5738342EF96EBBB
official-menu-delivery-7281135447f537e9,배스킨라빈스,설향딸기 블라스트,DELIVERY-7281135447F537E9,https://www.baskinrobbins.co.kr/menu/view_subcategory.php?seq=7,,2026-10-04,CURRENT_MENU_LISTED,,,,음료,음료,baskin-drink-sub,1B2613D8BC27E4AD8E4FA2696005944E83C4A10E90A9C7362E07EB5A41283AF1
official-menu-delivery-7689b2b5311d6956,배스킨라빈스,몬치치 납작복숭아아이스티,DELIVERY-7689B2B5311D6956,https://www.baskinrobbins.co.kr/menu/view_subcategory.php?seq=83,,2026-10-04,CURRENT_MENU_LISTED,,,,음료,음료,baskin-drink-sub,1B2613D8BC27E4AD8E4FA2696005944E83C4A10E90A9C7362E07EB5A41283AF1
official-menu-delivery-7a0d4397d65fe194,배스킨라빈스,헬로키티의 스위티 데이,DELIVERY-7A0D4397D65FE194,https://www.baskinrobbins.co.kr/menu/view.php?seq=1013,,2026-10-04,CURRENT_MENU_LISTED,,,,아이스크림 케이크,디저트,baskin-prepack,E7A9EC539C0BD68B595F3A229E13C0AE0EC5A02177D12604D5738342EF96EBBB
official-menu-delivery-7fe688e10d013e38,배스킨라빈스,아이스 모찌 그린티,DELIVERY-7FE688E10D013E38,https://www.baskinrobbins.co.kr/menu/view.php?seq=184,,2026-10-04,CURRENT_MENU_LISTED,,,,디저트,디저트,baskin-drink,45F2A07F941496261887F1DD5613758D0B91695629FE84119D5C0A21F89DF27A
official-menu-delivery-85d3bc45776b8aaa,배스킨라빈스,레디팩 (레인보우 샤베트),DELIVERY-85D3BC45776B8AAA,https://www.baskinrobbins.co.kr/menu/view.php?seq=97,,2026-10-04,CURRENT_MENU_LISTED,,,,프리팩,아이스크림,baskin-coffee,490DE9F4582A28800E54DB40F4A3703D28E57721BF4AF4C87DD1D2F2DE5A8C8B
official-menu-delivery-87740ae70e97209f,배스킨라빈스,아이스 바움쿠헨 아몬드봉봉,DELIVERY-87740AE70E97209F,https://www.baskinrobbins.co.kr/menu/view.php?seq=782,,2026-10-04,CURRENT_MENU_LISTED,,,,디저트,디저트,baskin-drink,45F2A07F941496261887F1DD5613758D0B91695629FE84119D5C0A21F89DF27A
official-menu-delivery-89cf971a18c69d2b,배스킨라빈스,레디팩 (베리베리 스트로베리),DELIVERY-89CF971A18C69D2B,https://www.baskinrobbins.co.kr/menu/view.php?seq=91,,2026-10-04,CURRENT_MENU_LISTED,,,,프리팩,아이스크림,baskin-coffee,490DE9F4582A28800E54DB40F4A3703D28E57721BF4AF4C87DD1D2F2DE5A8C8B
official-menu-delivery-8a12b5e492291700,배스킨라빈스,와츄원 쉐이크,DELIVERY-8A12B5E492291700,https://www.baskinrobbins.co.kr/menu/view_subcategory.php?seq=5,,2026-10-04,CURRENT_MENU_LISTED,,,,음료,음료,baskin-drink-sub,1B2613D8BC27E4AD8E4FA2696005944E83C4A10E90A9C7362E07EB5A41283AF1
official-menu-delivery-8c296e6c9dfee50e,배스킨라빈스,아이스 모찌 초코바닐라,DELIVERY-8C296E6C9DFEE50E,https://www.baskinrobbins.co.kr/menu/view.php?seq=182,,2026-10-04,CURRENT_MENU_LISTED,,,,디저트,디저트,baskin-drink,45F2A07F941496261887F1DD5613758D0B91695629FE84119D5C0A21F89DF27A
official-menu-delivery-92e91eb3fa77893f,배스킨라빈스,레디팩 (오레오 쿠키 앤 크림),DELIVERY-92E91EB3FA77893F,https://www.baskinrobbins.co.kr/menu/view.php?seq=83,,2026-10-04,CURRENT_MENU_LISTED,,,,프리팩,아이스크림,baskin-coffee,490DE9F4582A28800E54DB40F4A3703D28E57721BF4AF4C87DD1D2F2DE5A8C8B
official-menu-delivery-94a6c2efce0a2395,배스킨라빈스,피카츄 스틱바 바나나우유,DELIVERY-94A6C2EFCE0A2395,https://www.baskinrobbins.co.kr/menu/view.php?seq=1035,,2026-10-04,CURRENT_MENU_LISTED,,,,디저트,디저트,baskin-drink,45F2A07F941496261887F1DD5613758D0B91695629FE84119D5C0A21F89DF27A
official-menu-delivery-997ba5b4c23d3283,배스킨라빈스,비스코프 에스프레소 앤 카라멜,DELIVERY-997BA5B4C23D3283,https://www.baskinrobbins.co.kr/menu/view.php?seq=1151,,2026-10-04,CURRENT_MENU_LISTED,,,,아이스크림 케이크,디저트,baskin-prepack,E7A9EC539C0BD68B595F3A229E13C0AE0EC5A02177D12604D5738342EF96EBBB
official-menu-delivery-99f5f18a36a20445,배스킨라빈스,블록팩 베리베리스트로베리,DELIVERY-99F5F18A36A20445,https://www.baskinrobbins.co.kr/menu/view.php?seq=795,,2026-10-04,CURRENT_MENU_LISTED,,,,프리팩,아이스크림,baskin-coffee,490DE9F4582A28800E54DB40F4A3703D28E57721BF4AF4C87DD1D2F2DE5A8C8B
official-menu-delivery-9f5c023006a8ed4e,배스킨라빈스,바닐라베리 마이원 케이크,DELIVERY-9F5C023006A8ED4E,https://www.baskinrobbins.co.kr/menu/view.php?seq=1027,,2026-10-04,CURRENT_MENU_LISTED,,,,아이스크림 케이크,디저트,baskin-prepack,E7A9EC539C0BD68B595F3A229E13C0AE0EC5A02177D12604D5738342EF96EBBB
official-menu-delivery-9fa22c176fe2ca18,배스킨라빈스,산딸기연유블라스트,DELIVERY-9FA22C176FE2CA18,https://www.baskinrobbins.co.kr/menu/view_subcategory.php?seq=79,,2026-10-04,CURRENT_MENU_LISTED,,,,음료,음료,baskin-drink-sub,1B2613D8BC27E4AD8E4FA2696005944E83C4A10E90A9C7362E07EB5A41283AF1
official-menu-delivery-a057026e5c4169d5,배스킨라빈스,블록팩 민트초코봉봉,DELIVERY-A057026E5C4169D5,https://www.baskinrobbins.co.kr/menu/view.php?seq=233,,2026-10-04,CURRENT_MENU_LISTED,,,,프리팩,아이스크림,baskin-coffee,490DE9F4582A28800E54DB40F4A3703D28E57721BF4AF4C87DD1D2F2DE5A8C8B
official-menu-delivery-a0eb7874a2578053,배스킨라빈스,블록팩 엄마는외계인,DELIVERY-A0EB7874A2578053,https://www.baskinrobbins.co.kr/menu/view.php?seq=230,,2026-10-04,CURRENT_MENU_LISTED,,,,프리팩,아이스크림,baskin-coffee,490DE9F4582A28800E54DB40F4A3703D28E57721BF4AF4C87DD1D2F2DE5A8C8B
official-menu-delivery-a21c9abf55c83492,배스킨라빈스,크림 라떼,DELIVERY-A21C9ABF55C83492,https://www.baskinrobbins.co.kr/menu/view_subcategory.php?seq=80,,2026-10-04,CURRENT_MENU_LISTED,,,,커피,카페,baskin-coffee-sub,F3B4E825D242FE89029F26311036151280DED097E13F9D4BC4E37D963431887A
official-menu-delivery-a369432153223745,배스킨라빈스,초코앤쿠키 마이원 케이크,DELIVERY-A369432153223745,https://www.baskinrobbins.co.kr/menu/view.php?seq=1028,,2026-10-04,CURRENT_MENU_LISTED,,,,아이스크림 케이크,디저트,baskin-prepack,E7A9EC539C0BD68B595F3A229E13C0AE0EC5A02177D12604D5738342EF96EBBB
official-menu-delivery-a3d1ece227d2536c,배스킨라빈스,납작복숭아아샷추,DELIVERY-A3D1ECE227D2536C,https://www.baskinrobbins.co.kr/menu/view_subcategory.php?seq=78,,2026-10-04,CURRENT_MENU_LISTED,,,,커피,카페,baskin-coffee-sub,F3B4E825D242FE89029F26311036151280DED097E13F9D4BC4E37D963431887A
official-menu-delivery-a3dc6e3a4f518206,배스킨라빈스,레디팩 (아몬드 봉봉),DELIVERY-A3DC6E3A4F518206,https://www.baskinrobbins.co.kr/menu/view.php?seq=86,,2026-10-04,CURRENT_MENU_LISTED,,,,프리팩,아이스크림,baskin-coffee,490DE9F4582A28800E54DB40F4A3703D28E57721BF4AF4C87DD1D2F2DE5A8C8B
official-menu-delivery-a6f7a1d7226caac5,배스킨라빈스,딸기 연유 라떼,DELIVERY-A6F7A1D7226CAAC5,https://www.baskinrobbins.co.kr/menu/view_subcategory.php?seq=1,,2026-10-04,CURRENT_MENU_LISTED,,,,음료,카페,baskin-drink-sub,1B2613D8BC27E4AD8E4FA2696005944E83C4A10E90A9C7362E07EB5A41283AF1
official-menu-delivery-ab8a13761a6f12a4,배스킨라빈스,미니 아이스 스틱바 바닐라,DELIVERY-AB8A13761A6F12A4,https://www.baskinrobbins.co.kr/menu/view.php?seq=209,,2026-10-04,CURRENT_MENU_LISTED,,,,디저트,디저트,baskin-drink,45F2A07F941496261887F1DD5613758D0B91695629FE84119D5C0A21F89DF27A
official-menu-delivery-ac5bd4bb8331c912,배스킨라빈스,아포가토 라떼,DELIVERY-AC5BD4BB8331C912,https://www.baskinrobbins.co.kr/menu/view_subcategory.php?seq=17,,2026-10-04,CURRENT_MENU_LISTED,,,,커피,카페,baskin-coffee-sub,F3B4E825D242FE89029F26311036151280DED097E13F9D4BC4E37D963431887A
official-menu-delivery-acf49cc4544bca71,배스킨라빈스,아이스 마카롱 크림브륄레,DELIVERY-ACF49CC4544BCA71,https://www.baskinrobbins.co.kr/menu/view.php?seq=725,,2026-10-04,CURRENT_MENU_LISTED,,,,디저트,디저트,baskin-drink,45F2A07F941496261887F1DD5613758D0B91695629FE84119D5C0A21F89DF27A
official-menu-delivery-b302f2c950dc45d3,배스킨라빈스,블록팩 바람과함께사라지다,DELIVERY-B302F2C950DC45D3,https://www.baskinrobbins.co.kr/menu/view.php?seq=430,,2026-10-04,CURRENT_MENU_LISTED,,,,프리팩,아이스크림,baskin-coffee,490DE9F4582A28800E54DB40F4A3703D28E57721BF4AF4C87DD1D2F2DE5A8C8B
official-menu-delivery-b3df277787c723e9,배스킨라빈스,과일 허브 티 2종 (ICED),DELIVERY-B3DF277787C723E9,https://www.baskinrobbins.co.kr/menu/view_subcategory.php?seq=61,,2026-10-04,CURRENT_MENU_LISTED,,,,음료,음료,baskin-drink-sub,1B2613D8BC27E4AD8E4FA2696005944E83C4A10E90A9C7362E07EB5A41283AF1
official-menu-delivery-b4bb7cc3efba66ec,배스킨라빈스,납작복숭아 아이스티,DELIVERY-B4BB7CC3EFBA66EC,https://www.baskinrobbins.co.kr/menu/view_subcategory.php?seq=2,,2026-10-04,CURRENT_MENU_LISTED,,,,음료,음료,baskin-drink-sub,1B2613D8BC27E4AD8E4FA2696005944E83C4A10E90A9C7362E07EB5A41283AF1
official-menu-delivery-b651b3b963f31baa,배스킨라빈스,사과 듬뿍 블라스트,DELIVERY-B651B3B963F31BAA,https://www.baskinrobbins.co.kr/menu/view_subcategory.php?seq=84,,2026-10-04,CURRENT_MENU_LISTED,,,,음료,음료,baskin-drink-sub,1B2613D8BC27E4AD8E4FA2696005944E83C4A10E90A9C7362E07EB5A41283AF1
official-menu-delivery-b952ed0f41a4d8c9,배스킨라빈스,블록팩 초콜릿,DELIVERY-B952ED0F41A4D8C9,https://www.baskinrobbins.co.kr/menu/view.php?seq=536,,2026-10-04,CURRENT_MENU_LISTED,,,,프리팩,아이스크림,baskin-coffee,490DE9F4582A28800E54DB40F4A3703D28E57721BF4AF4C87DD1D2F2DE5A8C8B
official-menu-delivery-ba5b7ebb83c2b4c9,배스킨라빈스,포키와 친구들의 파티 케이크!,DELIVERY-BA5B7EBB83C2B4C9,https://www.baskinrobbins.co.kr/menu/view.php?seq=1032,,2026-10-04,CURRENT_MENU_LISTED,,,,아이스크림 케이크,디저트,baskin-prepack,E7A9EC539C0BD68B595F3A229E13C0AE0EC5A02177D12604D5738342EF96EBBB
official-menu-delivery-be2d005d6e33ebc8,배스킨라빈스,미니 아이스 마카롱 세트 리미티드,DELIVERY-BE2D005D6E33EBC8,https://www.baskinrobbins.co.kr/menu/view.php?seq=1154,,2026-10-04,CURRENT_MENU_LISTED,,,,디저트,디저트,baskin-drink,45F2A07F941496261887F1DD5613758D0B91695629FE84119D5C0A21F89DF27A
official-menu-delivery-be94618b2b2ddf2f,배스킨라빈스,두쫀아 모찌 피스타치오,DELIVERY-BE94618B2B2DDF2F,https://www.baskinrobbins.co.kr/menu/view.php?seq=938,,2026-10-04,CURRENT_MENU_LISTED,,,,디저트,디저트,baskin-drink,45F2A07F941496261887F1DD5613758D0B91695629FE84119D5C0A21F89DF27A
official-menu-delivery-c002353c8f89443a,배스킨라빈스,도쿄바나나 바삭 브륄레,DELIVERY-C002353C8F89443A,https://www.baskinrobbins.co.kr/menu/view.php?seq=1138,,2026-10-04,CURRENT_MENU_LISTED,,,,아이스크림 케이크,디저트,baskin-prepack,E7A9EC539C0BD68B595F3A229E13C0AE0EC5A02177D12604D5738342EF96EBBB
official-menu-delivery-c09a4a2e5ae22597,배스킨라빈스,골든옐로우 폼폼푸린,DELIVERY-C09A4A2E5AE22597,https://www.baskinrobbins.co.kr/menu/view.php?seq=1001,,2026-10-04,CURRENT_MENU_LISTED,,,,아이스크림 케이크,디저트,baskin-prepack,E7A9EC539C0BD68B595F3A229E13C0AE0EC5A02177D12604D5738342EF96EBBB
official-menu-delivery-c46ec807fb83a817,배스킨라빈스,스카이블루 시나모롤,DELIVERY-C46EC807FB83A817,https://www.baskinrobbins.co.kr/menu/view.php?seq=1003,,2026-10-04,CURRENT_MENU_LISTED,,,,아이스크림 케이크,디저트,baskin-prepack,E7A9EC539C0BD68B595F3A229E13C0AE0EC5A02177D12604D5738342EF96EBBB
official-menu-delivery-c506779601567654,배스킨라빈스,골라먹는 27 큐브,DELIVERY-C506779601567654,https://www.baskinrobbins.co.kr/menu/view.php?seq=11,,2026-10-04,CURRENT_MENU_LISTED,,,,아이스크림 케이크,디저트,baskin-prepack,E7A9EC539C0BD68B595F3A229E13C0AE0EC5A02177D12604D5738342EF96EBBB
official-menu-delivery-cd0e4d5e4cf573cb,배스킨라빈스,미니 아이스 마카롱 세트 시그니처,DELIVERY-CD0E4D5E4CF573CB,https://www.baskinrobbins.co.kr/menu/view.php?seq=1155,,2026-10-04,CURRENT_MENU_LISTED,,,,디저트,디저트,baskin-drink,45F2A07F941496261887F1DD5613758D0B91695629FE84119D5C0A21F89DF27A
official-menu-delivery-cdf254de089d3c66,배스킨라빈스,골라먹는 미니 와츄원,DELIVERY-CDF254DE089D3C66,https://www.baskinrobbins.co.kr/menu/view.php?seq=1127,,2026-10-04,CURRENT_MENU_LISTED,,,,아이스크림 케이크,디저트,baskin-prepack,E7A9EC539C0BD68B595F3A229E13C0AE0EC5A02177D12604D5738342EF96EBBB
official-menu-delivery-d3388d4f8b26bed9,배스킨라빈스,카페라떼,DELIVERY-D3388D4F8B26BED9,https://www.baskinrobbins.co.kr/menu/view_subcategory.php?seq=23,,2026-10-04,CURRENT_MENU_LISTED,,,,커피,카페,baskin-coffee-sub,F3B4E825D242FE89029F26311036151280DED097E13F9D4BC4E37D963431887A
official-menu-delivery-d3a35c8a10b17d23,배스킨라빈스,에스프레소 쿠키 크런치 모찌,DELIVERY-D3A35C8A10B17D23,https://www.baskinrobbins.co.kr/menu/view.php?seq=1148,,2026-10-04,CURRENT_MENU_LISTED,,,,디저트,디저트,baskin-drink,45F2A07F941496261887F1DD5613758D0B91695629FE84119D5C0A21F89DF27A
official-menu-delivery-d53560fd879acc5a,배스킨라빈스,레디팩 (31 요거트),DELIVERY-D53560FD879ACC5A,https://www.baskinrobbins.co.kr/menu/view.php?seq=102,,2026-10-04,CURRENT_MENU_LISTED,,,,프리팩,아이스크림,baskin-coffee,490DE9F4582A28800E54DB40F4A3703D28E57721BF4AF4C87DD1D2F2DE5A8C8B
official-menu-delivery-d577e5067354fdc2,배스킨라빈스,블록팩 체리쥬빌레,DELIVERY-D577E5067354FDC2,https://www.baskinrobbins.co.kr/menu/view.php?seq=226,,2026-10-04,CURRENT_MENU_LISTED,,,,프리팩,아이스크림,baskin-coffee,490DE9F4582A28800E54DB40F4A3703D28E57721BF4AF4C87DD1D2F2DE5A8C8B
official-menu-delivery-d67cbcf1fc043b63,배스킨라빈스,두바이st 선데,DELIVERY-D67CBCF1FC043B63,https://www.baskinrobbins.co.kr/menu/view.php?seq=1049,,2026-10-04,CURRENT_MENU_LISTED,,,,디저트,디저트,baskin-drink,45F2A07F941496261887F1DD5613758D0B91695629FE84119D5C0A21F89DF27A
official-menu-delivery-d7d0a2e79a1a6092,배스킨라빈스,연유라떼,DELIVERY-D7D0A2E79A1A6092,https://www.baskinrobbins.co.kr/menu/view_subcategory.php?seq=19,,2026-10-04,CURRENT_MENU_LISTED,,,,커피,카페,baskin-coffee-sub,F3B4E825D242FE89029F26311036151280DED097E13F9D4BC4E37D963431887A
official-menu-delivery-d7d0c113d27a3b46,배스킨라빈스,아이스 모찌 크림치즈,DELIVERY-D7D0C113D27A3B46,https://www.baskinrobbins.co.kr/menu/view.php?seq=181,,2026-10-04,CURRENT_MENU_LISTED,,,,디저트,디저트,baskin-drink,45F2A07F941496261887F1DD5613758D0B91695629FE84119D5C0A21F89DF27A
official-menu-delivery-da4ffd0b8da13a96,배스킨라빈스,트로피컬 티 블라스트&밀키 소다 블라스트,DELIVERY-DA4FFD0B8DA13A96,https://www.baskinrobbins.co.kr/menu/view_subcategory.php?seq=77,,2026-10-04,CURRENT_MENU_LISTED,,,,음료,음료,baskin-drink-sub,1B2613D8BC27E4AD8E4FA2696005944E83C4A10E90A9C7362E07EB5A41283AF1
official-menu-delivery-db2fdbbd51800855,배스킨라빈스,카푸치노 블라스트,DELIVERY-DB2FDBBD51800855,https://www.baskinrobbins.co.kr/menu/view_subcategory.php?seq=9,,2026-10-04,CURRENT_MENU_LISTED,,,,커피,카페,baskin-coffee-sub,F3B4E825D242FE89029F26311036151280DED097E13F9D4BC4E37D963431887A
official-menu-delivery-db390ed12bda56e4,배스킨라빈스,엄마는외계인크림라떼,DELIVERY-DB390ED12BDA56E4,https://www.baskinrobbins.co.kr/menu/view_subcategory.php?seq=86,,2026-10-04,CURRENT_MENU_LISTED,,,,음료,카페,baskin-drink-sub,1B2613D8BC27E4AD8E4FA2696005944E83C4A10E90A9C7362E07EB5A41283AF1
official-menu-delivery-deb84e17e123eaec,배스킨라빈스,스트로베리말차크림라떼,DELIVERY-DEB84E17E123EAEC,https://www.baskinrobbins.co.kr/menu/view_subcategory.php?seq=85,,2026-10-04,CURRENT_MENU_LISTED,,,,음료,카페,baskin-drink-sub,1B2613D8BC27E4AD8E4FA2696005944E83C4A10E90A9C7362E07EB5A41283AF1
official-menu-delivery-df706981a2125eae,배스킨라빈스,블록팩 쿠키앤크림,DELIVERY-DF706981A2125EAE,https://www.baskinrobbins.co.kr/menu/view.php?seq=231,,2026-10-04,CURRENT_MENU_LISTED,,,,프리팩,아이스크림,baskin-coffee,490DE9F4582A28800E54DB40F4A3703D28E57721BF4AF4C87DD1D2F2DE5A8C8B
official-menu-delivery-e2077a2cec011387,배스킨라빈스,(Lessly Edition) 블록팩 민트 초콜릿 칩,DELIVERY-E2077A2CEC011387,https://www.baskinrobbins.co.kr/menu/view.php?seq=890,,2026-10-04,CURRENT_MENU_LISTED,,,,프리팩,아이스크림,baskin-coffee,490DE9F4582A28800E54DB40F4A3703D28E57721BF4AF4C87DD1D2F2DE5A8C8B
official-menu-delivery-e299f749194c4243,배스킨라빈스,카페31,DELIVERY-E299F749194C4243,https://www.baskinrobbins.co.kr/menu/view_subcategory.php?seq=68,,2026-10-04,CURRENT_MENU_LISTED,,,,커피,카페,baskin-coffee-sub,F3B4E825D242FE89029F26311036151280DED097E13F9D4BC4E37D963431887A
official-menu-delivery-e4f28e387f56553d,배스킨라빈스,스노우 볼 와츄원,DELIVERY-E4F28E387F56553D,https://www.baskinrobbins.co.kr/menu/view.php?seq=671,,2026-10-04,CURRENT_MENU_LISTED,,,,아이스크림 케이크,디저트,baskin-prepack,E7A9EC539C0BD68B595F3A229E13C0AE0EC5A02177D12604D5738342EF96EBBB
official-menu-delivery-e7a07103358c3cd1,배스킨라빈스,더 듬뿍 딸기 우유 케이크,DELIVERY-E7A07103358C3CD1,https://www.baskinrobbins.co.kr/menu/view.php?seq=905,,2026-10-04,CURRENT_MENU_LISTED,,,,아이스크림 케이크,디저트,baskin-prepack,E7A9EC539C0BD68B595F3A229E13C0AE0EC5A02177D12604D5738342EF96EBBB
official-menu-delivery-e82ab45b854b52f9,배스킨라빈스,카페31 디카페인,DELIVERY-E82AB45B854B52F9,https://www.baskinrobbins.co.kr/menu/view_subcategory.php?seq=69,,2026-10-04,CURRENT_MENU_LISTED,,,,커피,카페,baskin-coffee-sub,F3B4E825D242FE89029F26311036151280DED097E13F9D4BC4E37D963431887A
official-menu-delivery-e9b4feb7302cd6a0,배스킨라빈스,해피 버스데이닷,DELIVERY-E9B4FEB7302CD6A0,https://www.baskinrobbins.co.kr/menu/view.php?seq=1126,,2026-10-04,CURRENT_MENU_LISTED,,,,아이스크림 케이크,디저트,baskin-prepack,E7A9EC539C0BD68B595F3A229E13C0AE0EC5A02177D12604D5738342EF96EBBB
official-menu-delivery-ec03674f0905c318,배스킨라빈스,과일 허브 티 2종 (HOT),DELIVERY-EC03674F0905C318,https://www.baskinrobbins.co.kr/menu/view_subcategory.php?seq=60,,2026-10-04,CURRENT_MENU_LISTED,,,,음료,음료,baskin-drink-sub,1B2613D8BC27E4AD8E4FA2696005944E83C4A10E90A9C7362E07EB5A41283AF1
official-menu-delivery-ec3ca93c48293481,배스킨라빈스,톡톡 프루티 와츄원,DELIVERY-EC3CA93C48293481,https://www.baskinrobbins.co.kr/menu/view.php?seq=1006,,2026-10-04,CURRENT_MENU_LISTED,,,,아이스크림 케이크,디저트,baskin-prepack,E7A9EC539C0BD68B595F3A229E13C0AE0EC5A02177D12604D5738342EF96EBBB
official-menu-delivery-ee8c5362a8bf6527,배스킨라빈스,버즈의 인피니티 파워빔 선데,DELIVERY-EE8C5362A8BF6527,https://www.baskinrobbins.co.kr/menu/view.php?seq=1045,,2026-10-04,CURRENT_MENU_LISTED,,,,디저트,디저트,baskin-drink,45F2A07F941496261887F1DD5613758D0B91695629FE84119D5C0A21F89DF27A
official-menu-delivery-f043291a76deac35,배스킨라빈스,오레오 쉐이크,DELIVERY-F043291A76DEAC35,https://www.baskinrobbins.co.kr/menu/view_subcategory.php?seq=3,,2026-10-04,CURRENT_MENU_LISTED,,,,음료,음료,baskin-drink-sub,1B2613D8BC27E4AD8E4FA2696005944E83C4A10E90A9C7362E07EB5A41283AF1
official-menu-delivery-f10d4aaf78ff76a5,배스킨라빈스,리얼 초코 27 큐브,DELIVERY-F10D4AAF78FF76A5,https://www.baskinrobbins.co.kr/menu/view.php?seq=260,,2026-10-04,CURRENT_MENU_LISTED,,,,아이스크림 케이크,디저트,baskin-prepack,E7A9EC539C0BD68B595F3A229E13C0AE0EC5A02177D12604D5738342EF96EBBB
official-menu-delivery-f1ac056715dcbb1b,배스킨라빈스,아이스크림 블라스트,DELIVERY-F1AC056715DCBB1B,https://www.baskinrobbins.co.kr/menu/view_subcategory.php?seq=8,,2026-10-04,CURRENT_MENU_LISTED,,,,음료,음료,baskin-drink-sub,1B2613D8BC27E4AD8E4FA2696005944E83C4A10E90A9C7362E07EB5A41283AF1
official-menu-delivery-f492901a9f60b082,배스킨라빈스,아메리카노,DELIVERY-F492901A9F60B082,https://www.baskinrobbins.co.kr/menu/view_subcategory.php?seq=24,,2026-10-04,CURRENT_MENU_LISTED,,,,커피,카페,baskin-coffee-sub,F3B4E825D242FE89029F26311036151280DED097E13F9D4BC4E37D963431887A
official-menu-delivery-f80700f16eb297d9,배스킨라빈스,블록팩 뉴욕치즈케이크,DELIVERY-F80700F16EB297D9,https://www.baskinrobbins.co.kr/menu/view.php?seq=232,,2026-10-04,CURRENT_MENU_LISTED,,,,프리팩,아이스크림,baskin-coffee,490DE9F4582A28800E54DB40F4A3703D28E57721BF4AF4C87DD1D2F2DE5A8C8B
official-menu-delivery-fb4e55c21da5918b,배스킨라빈스,아이스 브라운 쿠키 밀크 샌드,DELIVERY-FB4E55C21DA5918B,https://www.baskinrobbins.co.kr/menu/view.php?seq=1147,,2026-10-04,CURRENT_MENU_LISTED,,,,디저트,디저트,baskin-drink,45F2A07F941496261887F1DD5613758D0B91695629FE84119D5C0A21F89DF27A
official-menu-delivery-fc34d6a95fa2b953,배스킨라빈스,더 듬뿍 프루티 케이크,DELIVERY-FC34D6A95FA2B953,https://www.baskinrobbins.co.kr/menu/view.php?seq=779,,2026-10-04,CURRENT_MENU_LISTED,,,,아이스크림 케이크,디저트,baskin-prepack,E7A9EC539C0BD68B595F3A229E13C0AE0EC5A02177D12604D5738342EF96EBBB
official-menu-delivery-fca27a3722a19b89,배스킨라빈스,아이스 마카롱 쿠키앤크림,DELIVERY-FCA27A3722A19B89,https://www.baskinrobbins.co.kr/menu/view.php?seq=193,,2026-10-04,CURRENT_MENU_LISTED,,,,디저트,디저트,baskin-drink,45F2A07F941496261887F1DD5613758D0B91695629FE84119D5C0A21F89DF27A
official-menu-delivery-fcdcca5812af86ff,배스킨라빈스,해-삐 잔망 루피,DELIVERY-FCDCCA5812AF86FF,https://www.baskinrobbins.co.kr/menu/view.php?seq=904,,2026-10-04,CURRENT_MENU_LISTED,,,,아이스크림 케이크,디저트,baskin-prepack,E7A9EC539C0BD68B595F3A229E13C0AE0EC5A02177D12604D5738342EF96EBBB
official-menu-delivery-fdba97d32040a68e,배스킨라빈스,블록팩 슈팅스타,DELIVERY-FDBA97D32040A68E,https://www.baskinrobbins.co.kr/menu/view.php?seq=227,,2026-10-04,CURRENT_MENU_LISTED,,,,프리팩,아이스크림,baskin-coffee,490DE9F4582A28800E54DB40F4A3703D28E57721BF4AF4C87DD1D2F2DE5A8C8B
official-menu-delivery-002ae6e3a7164d32,빽다방,딸기콕콕 소프트,DELIVERY-002AE6E3A7164D32,https://paikdabang.com/menu/menu_dessert/,,2026-10-04,CURRENT_MENU_LISTED,,,,디저트,디저트,paik-dessert,51421EA5754B384A23C79AF1023769A29D75618A9C9B56C0ABE45F2C9FDB73E1
official-menu-delivery-00c8f9a16c52a560,빽다방,복숭아주스,DELIVERY-00C8F9A16C52A560,https://paikdabang.com/menu/menu_drink/,,2026-10-04,CURRENT_MENU_LISTED,,,,음료,음료,paik-drink,93DB8C7B6BD4C485B374BB4D30AC7A43216F44A7C2E3F481EA6A7814C31B481B
official-menu-delivery-00e5262a39fbef12,빽다방,저당사과젤리 매실에이드,DELIVERY-00E5262A39FBEF12,https://paikdabang.com/menu/menu_drink/,,2026-10-04,CURRENT_MENU_LISTED,,,,음료,음료,paik-drink,93DB8C7B6BD4C485B374BB4D30AC7A43216F44A7C2E3F481EA6A7814C31B481B
official-menu-delivery-0455da03f7f3d31b,빽다방,사라다빵,DELIVERY-0455DA03F7F3D31B,https://paikdabang.com/menu/menu_dessert/,,2026-10-04,CURRENT_MENU_LISTED,,,,디저트,디저트,paik-dessert,51421EA5754B384A23C79AF1023769A29D75618A9C9B56C0ABE45F2C9FDB73E1
official-menu-delivery-049a3b2486a5d548,빽다방,사과당근주스,DELIVERY-049A3B2486A5D548,https://paikdabang.com/menu/menu_drink/,,2026-10-04,CURRENT_MENU_LISTED,,,,음료,음료,paik-drink,93DB8C7B6BD4C485B374BB4D30AC7A43216F44A7C2E3F481EA6A7814C31B481B
official-menu-delivery-057b5a9cde675083,빽다방,디카페인 빽사이즈 아메리카노(ICED),DELIVERY-057B5A9CDE675083,https://paikdabang.com/menu/menu_coffee/,,2026-10-04,CURRENT_MENU_LISTED,,,,커피,카페,paik-coffee,4A042C16887AFA5FA9867D1A6B5EA69C92371FB6E2B36D18B5CF4723543EFCE5
official-menu-delivery-05d432e9b6c1434d,빽다방,깔라만시에이드(ICED),DELIVERY-05D432E9B6C1434D,https://paikdabang.com/menu/menu_drink/,,2026-10-04,CURRENT_MENU_LISTED,,,,음료,음료,paik-drink,93DB8C7B6BD4C485B374BB4D30AC7A43216F44A7C2E3F481EA6A7814C31B481B
official-menu-delivery-0677d75e103d2b07,빽다방,디카페인 콜드브루라떼(HOT),DELIVERY-0677D75E103D2B07,https://paikdabang.com/menu/menu_coffee/,,2026-10-04,CURRENT_MENU_LISTED,,,,커피,카페,paik-coffee,4A042C16887AFA5FA9867D1A6B5EA69C92371FB6E2B36D18B5CF4723543EFCE5
official-menu-delivery-070848124d81d968,빽다방,말차라떼(HOT),DELIVERY-070848124D81D968,https://paikdabang.com/menu/menu_drink/,,2026-10-04,CURRENT_MENU_LISTED,,,,음료,카페,paik-drink,93DB8C7B6BD4C485B374BB4D30AC7A43216F44A7C2E3F481EA6A7814C31B481B
official-menu-delivery-07cc1325b8798f55,빽다방,복숭아에이드(ICED),DELIVERY-07CC1325B8798F55,https://paikdabang.com/menu/menu_drink/,,2026-10-04,CURRENT_MENU_LISTED,,,,음료,음료,paik-drink,93DB8C7B6BD4C485B374BB4D30AC7A43216F44A7C2E3F481EA6A7814C31B481B
official-menu-delivery-089d7592214f2d19,빽다방,디카페인 블랙 벨벳 자바칩빽스치노 소프트,DELIVERY-089D7592214F2D19,https://paikdabang.com/menu/menu_ccino/,,2026-10-04,CURRENT_MENU_LISTED,,,,빽스치노,음료,paik-ccino,62482074E444FD28A457E9E7A0C1FA03302A8414F49160AE144B61A0039452DC
official-menu-delivery-0b85f4e73f9020dc,빽다방,달달연유라떼(ICED),DELIVERY-0B85F4E73F9020DC,https://paikdabang.com/menu/menu_coffee/,,2026-10-04,CURRENT_MENU_LISTED,,,,커피,카페,paik-coffee,4A042C16887AFA5FA9867D1A6B5EA69C92371FB6E2B36D18B5CF4723543EFCE5
official-menu-delivery-0cc4b85afaa136e5,빽다방,콜드브루라떼(ICED),DELIVERY-0CC4B85AFAA136E5,https://paikdabang.com/menu/menu_coffee/,,2026-10-04,CURRENT_MENU_LISTED,,,,커피,카페,paik-coffee,4A042C16887AFA5FA9867D1A6B5EA69C92371FB6E2B36D18B5CF4723543EFCE5
official-menu-delivery-0dc6cf42423f771f,빽다방,디카페인 아메리카노(ICED),DELIVERY-0DC6CF42423F771F,https://paikdabang.com/menu/menu_coffee/,,2026-10-04,CURRENT_MENU_LISTED,,,,커피,카페,paik-coffee,4A042C16887AFA5FA9867D1A6B5EA69C92371FB6E2B36D18B5CF4723543EFCE5
official-menu-delivery-0de810c0b4a6e6f1,빽다방,저당 단팥소라빵,DELIVERY-0DE810C0B4A6E6F1,https://paikdabang.com/menu/menu_dessert/,,2026-10-04,CURRENT_MENU_LISTED,,,,디저트,디저트,paik-dessert,51421EA5754B384A23C79AF1023769A29D75618A9C9B56C0ABE45F2C9FDB73E1
official-menu-delivery-0e264afc6dea2ac2,빽다방,파인애플 주스(ICED),DELIVERY-0E264AFC6DEA2AC2,https://paikdabang.com/menu/menu_drink/,,2026-10-04,CURRENT_MENU_LISTED,,,,음료,음료,paik-drink,93DB8C7B6BD4C485B374BB4D30AC7A43216F44A7C2E3F481EA6A7814C31B481B
official-menu-delivery-0e87e9bc0500d641,빽다방,바닐라커피 빽스치노(BASIC),DELIVERY-0E87E9BC0500D641,https://paikdabang.com/menu/menu_ccino/,,2026-10-04,CURRENT_MENU_LISTED,,,,빽스치노,카페,paik-ccino,62482074E444FD28A457E9E7A0C1FA03302A8414F49160AE144B61A0039452DC
official-menu-delivery-1128a135fb44c859,빽다방,팥절미 소프트,DELIVERY-1128A135FB44C859,https://paikdabang.com/menu/menu_dessert/,,2026-10-04,CURRENT_MENU_LISTED,,,,디저트,디저트,paik-dessert,51421EA5754B384A23C79AF1023769A29D75618A9C9B56C0ABE45F2C9FDB73E1
official-menu-delivery-11eed5d4dccf9e6c,빽다방,초코바나나빽스치노(SOFT),DELIVERY-11EED5D4DCCF9E6C,https://paikdabang.com/menu/menu_ccino/,,2026-10-04,CURRENT_MENU_LISTED,,,,빽스치노,음료,paik-ccino,62482074E444FD28A457E9E7A0C1FA03302A8414F49160AE144B61A0039452DC
official-menu-delivery-125cbf96b9fe69c3,빽다방,아이스티샷 망고추가(아샷망추),DELIVERY-125CBF96B9FE69C3,https://paikdabang.com/menu/menu_coffee/,,2026-10-04,CURRENT_MENU_LISTED,,,,커피,카페,paik-coffee,4A042C16887AFA5FA9867D1A6B5EA69C92371FB6E2B36D18B5CF4723543EFCE5
official-menu-delivery-12e39cb5222629d5,빽다방,체리콕콕(ICED),DELIVERY-12E39CB5222629D5,https://paikdabang.com/menu/menu_drink/,,2026-10-04,CURRENT_MENU_LISTED,,,,음료,음료,paik-drink,93DB8C7B6BD4C485B374BB4D30AC7A43216F44A7C2E3F481EA6A7814C31B481B
official-menu-delivery-1603d2da0ff1c408,빽다방,코코넛커피스무디,DELIVERY-1603D2DA0FF1C408,https://paikdabang.com/menu/menu_coffee/,,2026-10-04,CURRENT_MENU_LISTED,,,,커피,카페,paik-coffee,4A042C16887AFA5FA9867D1A6B5EA69C92371FB6E2B36D18B5CF4723543EFCE5
official-menu-delivery-1664918535adcf06,빽다방,미숫가루,DELIVERY-1664918535ADCF06,https://paikdabang.com/menu/menu_drink/,,2026-10-04,CURRENT_MENU_LISTED,,,,음료,음료,paik-drink,93DB8C7B6BD4C485B374BB4D30AC7A43216F44A7C2E3F481EA6A7814C31B481B
official-menu-delivery-16d361c145098efb,빽다방,초콜릿 소프트,DELIVERY-16D361C145098EFB,https://paikdabang.com/menu/menu_dessert/,,2026-10-04,CURRENT_MENU_LISTED,,,,디저트,디저트,paik-dessert,51421EA5754B384A23C79AF1023769A29D75618A9C9B56C0ABE45F2C9FDB73E1
official-menu-delivery-1831f15d63c5662b,빽다방,빽사이즈 아이스티샷추가(ICED),DELIVERY-1831F15D63C5662B,https://paikdabang.com/menu/menu_coffee/,,2026-10-04,CURRENT_MENU_LISTED,,,,커피,카페,paik-coffee,4A042C16887AFA5FA9867D1A6B5EA69C92371FB6E2B36D18B5CF4723543EFCE5
official-menu-delivery-1956b7d8d07f6c16,빽다방,사과젤리 리치스무디,DELIVERY-1956B7D8D07F6C16,https://paikdabang.com/menu/menu_drink/,,2026-10-04,CURRENT_MENU_LISTED,,,,음료,음료,paik-drink,93DB8C7B6BD4C485B374BB4D30AC7A43216F44A7C2E3F481EA6A7814C31B481B
official-menu-delivery-1b568bb6c3d0c970,빽다방,디카페인 더블에스프레소,DELIVERY-1B568BB6C3D0C970,https://paikdabang.com/menu/menu_coffee/,,2026-10-04,CURRENT_MENU_LISTED,,,,커피,카페,paik-coffee,4A042C16887AFA5FA9867D1A6B5EA69C92371FB6E2B36D18B5CF4723543EFCE5
official-menu-delivery-1c31927273f6acb9,빽다방,레몬얼그레이티(ICED),DELIVERY-1C31927273F6ACB9,https://paikdabang.com/menu/menu_drink/,,2026-10-04,CURRENT_MENU_LISTED,,,,음료,음료,paik-drink,93DB8C7B6BD4C485B374BB4D30AC7A43216F44A7C2E3F481EA6A7814C31B481B
official-menu-delivery-1c56cfdf66c9133a,빽다방,디카페인 아이스티샷 망고추가(아샷망추),DELIVERY-1C56CFDF66C9133A,https://paikdabang.com/menu/menu_coffee/,,2026-10-04,CURRENT_MENU_LISTED,,,,커피,카페,paik-coffee,4A042C16887AFA5FA9867D1A6B5EA69C92371FB6E2B36D18B5CF4723543EFCE5
official-menu-delivery-1c6c30bafc4ffda0,빽다방,우베 요거트아이스크림,DELIVERY-1C6C30BAFC4FFDA0,https://paikdabang.com/menu/menu_dessert/,,2026-10-04,CURRENT_MENU_LISTED,,,,디저트,디저트,paik-dessert,51421EA5754B384A23C79AF1023769A29D75618A9C9B56C0ABE45F2C9FDB73E1
official-menu-delivery-1c714fa285b0bab3,빽다방,유자티(HOT),DELIVERY-1C714FA285B0BAB3,https://paikdabang.com/menu/menu_drink/,,2026-10-04,CURRENT_MENU_LISTED,,,,음료,음료,paik-drink,93DB8C7B6BD4C485B374BB4D30AC7A43216F44A7C2E3F481EA6A7814C31B481B
official-menu-delivery-1dda56c413913075,빽다방,두바이초코 요거트 아이스크림,DELIVERY-1DDA56C413913075,https://paikdabang.com/menu/menu_dessert/,,2026-10-04,CURRENT_MENU_LISTED,,,,디저트,디저트,paik-dessert,51421EA5754B384A23C79AF1023769A29D75618A9C9B56C0ABE45F2C9FDB73E1
official-menu-delivery-1f21754399ee0500,빽다방,플레인요거트스무디(ICED),DELIVERY-1F21754399EE0500,https://paikdabang.com/menu/menu_drink/,,2026-10-04,CURRENT_MENU_LISTED,,,,음료,음료,paik-drink,93DB8C7B6BD4C485B374BB4D30AC7A43216F44A7C2E3F481EA6A7814C31B481B
official-menu-delivery-202ebee643b58f46,빽다방,붕어빵(슈크림),DELIVERY-202EBEE643B58F46,https://paikdabang.com/menu/menu_dessert/,,2026-10-04,CURRENT_MENU_LISTED,,,,디저트,디저트,paik-dessert,51421EA5754B384A23C79AF1023769A29D75618A9C9B56C0ABE45F2C9FDB73E1
official-menu-delivery-2058ad72f2fabef8,빽다방,자두스무디,DELIVERY-2058AD72F2FABEF8,https://paikdabang.com/menu/menu_drink/,,2026-10-04,CURRENT_MENU_LISTED,,,,음료,음료,paik-drink,93DB8C7B6BD4C485B374BB4D30AC7A43216F44A7C2E3F481EA6A7814C31B481B
official-menu-delivery-2149c7955cf7bf67,빽다방,헤이즐넛아메리카노(HOT),DELIVERY-2149C7955CF7BF67,https://paikdabang.com/menu/menu_coffee/,,2026-10-04,CURRENT_MENU_LISTED,,,,커피,카페,paik-coffee,4A042C16887AFA5FA9867D1A6B5EA69C92371FB6E2B36D18B5CF4723543EFCE5
official-menu-delivery-21edeea653d1cc08,빽다방,초코쉘 소프트,DELIVERY-21EDEEA653D1CC08,https://paikdabang.com/menu/menu_dessert/,,2026-10-04,CURRENT_MENU_LISTED,,,,디저트,디저트,paik-dessert,51421EA5754B384A23C79AF1023769A29D75618A9C9B56C0ABE45F2C9FDB73E1
official-menu-delivery-221a122131b62302,빽다방,디카페인 헤이즐넛라떼(HOT),DELIVERY-221A122131B62302,https://paikdabang.com/menu/menu_coffee/,,2026-10-04,CURRENT_MENU_LISTED,,,,커피,카페,paik-coffee,4A042C16887AFA5FA9867D1A6B5EA69C92371FB6E2B36D18B5CF4723543EFCE5
official-menu-delivery-22ee255f0edc939b,빽다방,수정과(HOT),DELIVERY-22EE255F0EDC939B,https://paikdabang.com/menu/menu_drink/,,2026-10-04,CURRENT_MENU_LISTED,,,,음료,음료,paik-drink,93DB8C7B6BD4C485B374BB4D30AC7A43216F44A7C2E3F481EA6A7814C31B481B
official-menu-delivery-23744172a9690185,빽다방,끼리 스틱 치즈케익,DELIVERY-23744172A9690185,https://paikdabang.com/menu/menu_dessert/,,2026-10-04,CURRENT_MENU_LISTED,,,,디저트,디저트,paik-dessert,51421EA5754B384A23C79AF1023769A29D75618A9C9B56C0ABE45F2C9FDB73E1
official-menu-delivery-237c238090b6ffb5,빽다방,초코라떼(ICED),DELIVERY-237C238090B6FFB5,https://paikdabang.com/menu/menu_drink/,,2026-10-04,CURRENT_MENU_LISTED,,,,음료,카페,paik-drink,93DB8C7B6BD4C485B374BB4D30AC7A43216F44A7C2E3F481EA6A7814C31B481B
official-menu-delivery-23c3396d24a0c08f,빽다방,디카페인 헤이즐넛 아메리카노(HOT),DELIVERY-23C3396D24A0C08F,https://paikdabang.com/menu/menu_coffee/,,2026-10-04,CURRENT_MENU_LISTED,,,,커피,카페,paik-coffee,4A042C16887AFA5FA9867D1A6B5EA69C92371FB6E2B36D18B5CF4723543EFCE5
official-menu-delivery-2457b44187104685,빽다방,콜드브루(HOT),DELIVERY-2457B44187104685,https://paikdabang.com/menu/menu_coffee/,,2026-10-04,CURRENT_MENU_LISTED,,,,커피,카페,paik-coffee,4A042C16887AFA5FA9867D1A6B5EA69C92371FB6E2B36D18B5CF4723543EFCE5
official-menu-delivery-24972d8f34fc1817,빽다방,흑당버블 밀크티(ICED),DELIVERY-24972D8F34FC1817,https://paikdabang.com/menu/menu_drink/,,2026-10-04,CURRENT_MENU_LISTED,,,,음료,음료,paik-drink,93DB8C7B6BD4C485B374BB4D30AC7A43216F44A7C2E3F481EA6A7814C31B481B
official-menu-delivery-24d240473ad20568,빽다방,디카페인 카페모카(ICED),DELIVERY-24D240473AD20568,https://paikdabang.com/menu/menu_coffee/,,2026-10-04,CURRENT_MENU_LISTED,,,,커피,카페,paik-coffee,4A042C16887AFA5FA9867D1A6B5EA69C92371FB6E2B36D18B5CF4723543EFCE5
official-menu-delivery-258dc4fc02f0c6c5,빽다방,빽그램 핫도그,DELIVERY-258DC4FC02F0C6C5,https://paikdabang.com/menu/menu_dessert/,,2026-10-04,CURRENT_MENU_LISTED,,,,디저트,디저트,paik-dessert,51421EA5754B384A23C79AF1023769A29D75618A9C9B56C0ABE45F2C9FDB73E1
official-menu-delivery-2681cb247e6341d0,빽다방,딸기쿠키 소프트,DELIVERY-2681CB247E6341D0,https://paikdabang.com/menu/menu_dessert/,,2026-10-04,CURRENT_MENU_LISTED,,,,디저트,디저트,paik-dessert,51421EA5754B384A23C79AF1023769A29D75618A9C9B56C0ABE45F2C9FDB73E1
official-menu-delivery-268990a5d0a554f5,빽다방,패션후르츠스무디 (ICED),DELIVERY-268990A5D0A554F5,https://paikdabang.com/menu/menu_drink/,,2026-10-04,CURRENT_MENU_LISTED,,,,음료,음료,paik-drink,93DB8C7B6BD4C485B374BB4D30AC7A43216F44A7C2E3F481EA6A7814C31B481B
official-menu-delivery-270870d3bdcf598f,빽다방,꿀아메리카노(ICED),DELIVERY-270870D3BDCF598F,https://paikdabang.com/menu/menu_coffee/,,2026-10-04,CURRENT_MENU_LISTED,,,,커피,카페,paik-coffee,4A042C16887AFA5FA9867D1A6B5EA69C92371FB6E2B36D18B5CF4723543EFCE5
official-menu-delivery-28a6459d1ed82708,빽다방,디카페인 아이스크림 카페라떼,DELIVERY-28A6459D1ED82708,https://paikdabang.com/menu/menu_coffee/,,2026-10-04,CURRENT_MENU_LISTED,,,,커피,카페,paik-coffee,4A042C16887AFA5FA9867D1A6B5EA69C92371FB6E2B36D18B5CF4723543EFCE5
official-menu-delivery-294b40152004432c,빽다방,초코 컵빙수,DELIVERY-294B40152004432C,https://paikdabang.com/menu/menu_dessert/,,2026-10-04,CURRENT_MENU_LISTED,,,,디저트,디저트,paik-dessert,51421EA5754B384A23C79AF1023769A29D75618A9C9B56C0ABE45F2C9FDB73E1
official-menu-delivery-29d2e45f6445c06f,빽다방,프로틴클러스터(다크초코&넛츠),DELIVERY-29D2E45F6445C06F,https://paikdabang.com/menu/menu_dessert/,,2026-10-04,CURRENT_MENU_LISTED,,,,디저트,디저트,paik-dessert,51421EA5754B384A23C79AF1023769A29D75618A9C9B56C0ABE45F2C9FDB73E1
official-menu-delivery-29ea1141a343fd04,빽다방,밀크쉐이크(ICED),DELIVERY-29EA1141A343FD04,https://paikdabang.com/menu/menu_drink/,,2026-10-04,CURRENT_MENU_LISTED,,,,음료,음료,paik-drink,93DB8C7B6BD4C485B374BB4D30AC7A43216F44A7C2E3F481EA6A7814C31B481B
official-menu-delivery-29ed1d038a225fbf,빽다방,크리미 콜드브루 바닐라,DELIVERY-29ED1D038A225FBF,https://paikdabang.com/menu/menu_coffee/,,2026-10-04,CURRENT_MENU_LISTED,,,,커피,카페,paik-coffee,4A042C16887AFA5FA9867D1A6B5EA69C92371FB6E2B36D18B5CF4723543EFCE5
official-menu-delivery-2b0f15f2db4a932c,빽다방,콜드브루 흑당라떼(ICED),DELIVERY-2B0F15F2DB4A932C,https://paikdabang.com/menu/menu_coffee/,,2026-10-04,CURRENT_MENU_LISTED,,,,커피,카페,paik-coffee,4A042C16887AFA5FA9867D1A6B5EA69C92371FB6E2B36D18B5CF4723543EFCE5
official-menu-delivery-2b30c8602108d479,빽다방,콜드브루 연유라떼(ICED),DELIVERY-2B30C8602108D479,https://paikdabang.com/menu/menu_coffee/,,2026-10-04,CURRENT_MENU_LISTED,,,,커피,카페,paik-coffee,4A042C16887AFA5FA9867D1A6B5EA69C92371FB6E2B36D18B5CF4723543EFCE5
official-menu-delivery-2b3913fbfd54cd36,빽다방,우베 소프트,DELIVERY-2B3913FBFD54CD36,https://paikdabang.com/menu/menu_dessert/,,2026-10-04,CURRENT_MENU_LISTED,,,,디저트,디저트,paik-dessert,51421EA5754B384A23C79AF1023769A29D75618A9C9B56C0ABE45F2C9FDB73E1
official-menu-delivery-2b74c0ccccab6b90,빽다방,소세지빵,DELIVERY-2B74C0CCCCAB6B90,https://paikdabang.com/menu/menu_dessert/,,2026-10-04,CURRENT_MENU_LISTED,,,,디저트,디저트,paik-dessert,51421EA5754B384A23C79AF1023769A29D75618A9C9B56C0ABE45F2C9FDB73E1
official-menu-delivery-2c3169dd08f842f2,빽다방,민트초코빽스치노(BASIC),DELIVERY-2C3169DD08F842F2,https://paikdabang.com/menu/menu_ccino/,,2026-10-04,CURRENT_MENU_LISTED,,,,빽스치노,음료,paik-ccino,62482074E444FD28A457E9E7A0C1FA03302A8414F49160AE144B61A0039452DC
official-menu-delivery-2ccc6a3fb4312c77,빽다방,대추차(ICED),DELIVERY-2CCC6A3FB4312C77,https://paikdabang.com/menu/menu_drink/,,2026-10-04,CURRENT_MENU_LISTED,,,,음료,음료,paik-drink,93DB8C7B6BD4C485B374BB4D30AC7A43216F44A7C2E3F481EA6A7814C31B481B
official-menu-delivery-2ded16344f6e16d1,빽다방,아이스크러시 포도,DELIVERY-2DED16344F6E16D1,https://paikdabang.com/menu/menu_drink/,,2026-10-04,CURRENT_MENU_LISTED,,,,음료,음료,paik-drink,93DB8C7B6BD4C485B374BB4D30AC7A43216F44A7C2E3F481EA6A7814C31B481B
official-menu-delivery-2eab379433bc0c71,빽다방,디카페인 블랙 벨벳 자바칩빽스치노,DELIVERY-2EAB379433BC0C71,https://paikdabang.com/menu/menu_ccino/,,2026-10-04,CURRENT_MENU_LISTED,,,,빽스치노,음료,paik-ccino,62482074E444FD28A457E9E7A0C1FA03302A8414F49160AE144B61A0039452DC
official-menu-delivery-2f30bfcc432946fd,빽다방,쌍화차(HOT),DELIVERY-2F30BFCC432946FD,https://paikdabang.com/menu/menu_drink/,,2026-10-04,CURRENT_MENU_LISTED,,,,음료,음료,paik-drink,93DB8C7B6BD4C485B374BB4D30AC7A43216F44A7C2E3F481EA6A7814C31B481B
official-menu-delivery-2f57616392828b78,빽다방,디카페인 카페모카(HOT),DELIVERY-2F57616392828B78,https://paikdabang.com/menu/menu_coffee/,,2026-10-04,CURRENT_MENU_LISTED,,,,커피,카페,paik-coffee,4A042C16887AFA5FA9867D1A6B5EA69C92371FB6E2B36D18B5CF4723543EFCE5
official-menu-delivery-300626100f7df601,빽다방,디카페인 달달연유라떼(HOT),DELIVERY-300626100F7DF601,https://paikdabang.com/menu/menu_coffee/,,2026-10-04,CURRENT_MENU_LISTED,,,,커피,카페,paik-coffee,4A042C16887AFA5FA9867D1A6B5EA69C92371FB6E2B36D18B5CF4723543EFCE5
official-menu-delivery-30a1abb647fe8b2c,빽다방,망고스무디(ICED),DELIVERY-30A1ABB647FE8B2C,https://paikdabang.com/menu/menu_drink/,,2026-10-04,CURRENT_MENU_LISTED,,,,음료,음료,paik-drink,93DB8C7B6BD4C485B374BB4D30AC7A43216F44A7C2E3F481EA6A7814C31B481B
official-menu-delivery-30ae2c073b2589f2,빽다방,레드핫 소세지빵,DELIVERY-30AE2C073B2589F2,https://paikdabang.com/menu/menu_dessert/,,2026-10-04,CURRENT_MENU_LISTED,,,,디저트,디저트,paik-dessert,51421EA5754B384A23C79AF1023769A29D75618A9C9B56C0ABE45F2C9FDB73E1
official-menu-delivery-34f0b13537406db2,빽다방,콤부차 샤인머스캣(ICED),DELIVERY-34F0B13537406DB2,https://paikdabang.com/menu/menu_drink/,,2026-10-04,CURRENT_MENU_LISTED,,,,음료,음료,paik-drink,93DB8C7B6BD4C485B374BB4D30AC7A43216F44A7C2E3F481EA6A7814C31B481B
official-menu-delivery-354fc1cfb431f42f,빽다방,디카페인 콜드브루 연유라떼(ICED),DELIVERY-354FC1CFB431F42F,https://paikdabang.com/menu/menu_coffee/,,2026-10-04,CURRENT_MENU_LISTED,,,,커피,카페,paik-coffee,4A042C16887AFA5FA9867D1A6B5EA69C92371FB6E2B36D18B5CF4723543EFCE5
official-menu-delivery-38c75a62c0a171ee,빽다방,피스타치오 빽스치노(BASIC),DELIVERY-38C75A62C0A171EE,https://paikdabang.com/menu/menu_ccino/,,2026-10-04,CURRENT_MENU_LISTED,,,,빽스치노,음료,paik-ccino,62482074E444FD28A457E9E7A0C1FA03302A8414F49160AE144B61A0039452DC
official-menu-delivery-39eb87ba8b221dce,빽다방,제로슈거 레몬티(ICED),DELIVERY-39EB87BA8B221DCE,https://paikdabang.com/menu/menu_drink/,,2026-10-04,CURRENT_MENU_LISTED,,,,음료,음료,paik-drink,93DB8C7B6BD4C485B374BB4D30AC7A43216F44A7C2E3F481EA6A7814C31B481B
official-menu-delivery-3a0429a94c951f7c,빽다방,헤이즐넛아메리카노(ICED),DELIVERY-3A0429A94C951F7C,https://paikdabang.com/menu/menu_coffee/,,2026-10-04,CURRENT_MENU_LISTED,,,,커피,카페,paik-coffee,4A042C16887AFA5FA9867D1A6B5EA69C92371FB6E2B36D18B5CF4723543EFCE5
official-menu-delivery-3b731dfcca8086ac,빽다방,말차크림라떼(ICED),DELIVERY-3B731DFCCA8086AC,https://paikdabang.com/menu/menu_drink/,,2026-10-04,CURRENT_MENU_LISTED,,,,음료,카페,paik-drink,93DB8C7B6BD4C485B374BB4D30AC7A43216F44A7C2E3F481EA6A7814C31B481B
official-menu-delivery-3ba0a7db61eec758,빽다방,아이스티샷추가(아샷추),DELIVERY-3BA0A7DB61EEC758,https://paikdabang.com/menu/menu_coffee/,,2026-10-04,CURRENT_MENU_LISTED,,,,커피,카페,paik-coffee,4A042C16887AFA5FA9867D1A6B5EA69C92371FB6E2B36D18B5CF4723543EFCE5
official-menu-delivery-3baf9bc44ad96603,빽다방,디카페인 콜드브루 연유라떼(HOT),DELIVERY-3BAF9BC44AD96603,https://paikdabang.com/menu/menu_coffee/,,2026-10-04,CURRENT_MENU_LISTED,,,,커피,카페,paik-coffee,4A042C16887AFA5FA9867D1A6B5EA69C92371FB6E2B36D18B5CF4723543EFCE5
official-menu-delivery-3c5fdba933fdb916,빽다방,초코쉘 요거트아이스크림,DELIVERY-3C5FDBA933FDB916,https://paikdabang.com/menu/menu_dessert/,,2026-10-04,CURRENT_MENU_LISTED,,,,디저트,디저트,paik-dessert,51421EA5754B384A23C79AF1023769A29D75618A9C9B56C0ABE45F2C9FDB73E1
official-menu-delivery-3c6813c8b49b1e17,빽다방,저당사과젤리 매실티 ICED,DELIVERY-3C6813C8B49B1E17,https://paikdabang.com/menu/menu_drink/,,2026-10-04,CURRENT_MENU_LISTED,,,,음료,음료,paik-drink,93DB8C7B6BD4C485B374BB4D30AC7A43216F44A7C2E3F481EA6A7814C31B481B
official-menu-delivery-3d05a05875fc31fe,빽다방,통단팥 율무쉐이크,DELIVERY-3D05A05875FC31FE,https://paikdabang.com/menu/menu_drink/,,2026-10-04,CURRENT_MENU_LISTED,,,,음료,음료,paik-drink,93DB8C7B6BD4C485B374BB4D30AC7A43216F44A7C2E3F481EA6A7814C31B481B
official-menu-delivery-3d71217cd3bc3638,빽다방,콤부차 자두(ICED),DELIVERY-3D71217CD3BC3638,https://paikdabang.com/menu/menu_drink/,,2026-10-04,CURRENT_MENU_LISTED,,,,음료,음료,paik-drink,93DB8C7B6BD4C485B374BB4D30AC7A43216F44A7C2E3F481EA6A7814C31B481B
official-menu-delivery-3df7636b8ceb31f5,빽다방,레모네이드(ICED),DELIVERY-3DF7636B8CEB31F5,https://paikdabang.com/menu/menu_drink/,,2026-10-04,CURRENT_MENU_LISTED,,,,음료,음료,paik-drink,93DB8C7B6BD4C485B374BB4D30AC7A43216F44A7C2E3F481EA6A7814C31B481B
official-menu-delivery-3dfcafcb39779572,빽다방,더블에스프레소,DELIVERY-3DFCAFCB39779572,https://paikdabang.com/menu/menu_coffee/,,2026-10-04,CURRENT_MENU_LISTED,,,,커피,카페,paik-coffee,4A042C16887AFA5FA9867D1A6B5EA69C92371FB6E2B36D18B5CF4723543EFCE5
official-menu-delivery-40fd3df7a987bab7,빽다방,사과젤리 복숭아스무디,DELIVERY-40FD3DF7A987BAB7,https://paikdabang.com/menu/menu_drink/,,2026-10-04,CURRENT_MENU_LISTED,,,,음료,음료,paik-drink,93DB8C7B6BD4C485B374BB4D30AC7A43216F44A7C2E3F481EA6A7814C31B481B
official-menu-delivery-419e435976527202,빽다방,오레오크런치 소프트,DELIVERY-419E435976527202,https://paikdabang.com/menu/menu_dessert/,,2026-10-04,CURRENT_MENU_LISTED,,,,디저트,디저트,paik-dessert,51421EA5754B384A23C79AF1023769A29D75618A9C9B56C0ABE45F2C9FDB73E1
official-menu-delivery-41a38a1740cf2f5e,빽다방,말차빽스치노(SOFT),DELIVERY-41A38A1740CF2F5E,https://paikdabang.com/menu/menu_ccino/,,2026-10-04,CURRENT_MENU_LISTED,,,,빽스치노,음료,paik-ccino,62482074E444FD28A457E9E7A0C1FA03302A8414F49160AE144B61A0039452DC
official-menu-delivery-42b714db3382f911,빽다방,디카페인 헤이즐넛 아메리카노(ICED),DELIVERY-42B714DB3382F911,https://paikdabang.com/menu/menu_coffee/,,2026-10-04,CURRENT_MENU_LISTED,,,,커피,카페,paik-coffee,4A042C16887AFA5FA9867D1A6B5EA69C92371FB6E2B36D18B5CF4723543EFCE5
official-menu-delivery-42b769880b26ed3d,빽다방,아망추 (아이스티 + 망고추가),DELIVERY-42B769880B26ED3D,https://paikdabang.com/menu/menu_drink/,,2026-10-04,CURRENT_MENU_LISTED,,,,음료,음료,paik-drink,93DB8C7B6BD4C485B374BB4D30AC7A43216F44A7C2E3F481EA6A7814C31B481B
official-menu-delivery-4384a65dbaf396ed,빽다방,깔라만시티(HOT),DELIVERY-4384A65DBAF396ED,https://paikdabang.com/menu/menu_drink/,,2026-10-04,CURRENT_MENU_LISTED,,,,음료,음료,paik-drink,93DB8C7B6BD4C485B374BB4D30AC7A43216F44A7C2E3F481EA6A7814C31B481B
official-menu-delivery-4497460224c4206e,빽다방,애플스무디,DELIVERY-4497460224C4206E,https://paikdabang.com/menu/menu_drink/,,2026-10-04,CURRENT_MENU_LISTED,,,,음료,음료,paik-drink,93DB8C7B6BD4C485B374BB4D30AC7A43216F44A7C2E3F481EA6A7814C31B481B
official-menu-delivery-4513c802425f1b6f,빽다방,바나나 밀크쉐이크,DELIVERY-4513C802425F1B6F,https://paikdabang.com/menu/menu_drink/,,2026-10-04,CURRENT_MENU_LISTED,,,,음료,음료,paik-drink,93DB8C7B6BD4C485B374BB4D30AC7A43216F44A7C2E3F481EA6A7814C31B481B
official-menu-delivery-4587001591dc4dfb,빽다방,크리미슈,DELIVERY-4587001591DC4DFB,https://paikdabang.com/menu/menu_dessert/,,2026-10-04,CURRENT_MENU_LISTED,,,,디저트,디저트,paik-dessert,51421EA5754B384A23C79AF1023769A29D75618A9C9B56C0ABE45F2C9FDB73E1
official-menu-delivery-45ff1bb6a07e83bd,빽다방,생크림 카페라떼(ICED),DELIVERY-45FF1BB6A07E83BD,https://paikdabang.com/menu/menu_coffee/,,2026-10-04,CURRENT_MENU_LISTED,,,,커피,카페,paik-coffee,4A042C16887AFA5FA9867D1A6B5EA69C92371FB6E2B36D18B5CF4723543EFCE5
official-menu-delivery-4732e2feacd6e9fc,빽다방,원조빽스치노(BASIC),DELIVERY-4732E2FEACD6E9FC,https://paikdabang.com/menu/menu_ccino/,,2026-10-04,CURRENT_MENU_LISTED,,,,빽스치노,음료,paik-ccino,62482074E444FD28A457E9E7A0C1FA03302A8414F49160AE144B61A0039452DC
official-menu-delivery-484d1bb6110fe6fb,빽다방,깔라만시티(ICED),DELIVERY-484D1BB6110FE6FB,https://paikdabang.com/menu/menu_drink/,,2026-10-04,CURRENT_MENU_LISTED,,,,음료,음료,paik-drink,93DB8C7B6BD4C485B374BB4D30AC7A43216F44A7C2E3F481EA6A7814C31B481B
official-menu-delivery-49044b0dba389e84,빽다방,블랙 벨벳 말차라떼 HOT,DELIVERY-49044B0DBA389E84,https://paikdabang.com/menu/menu_drink/,,2026-10-04,CURRENT_MENU_LISTED,,,,음료,카페,paik-drink,93DB8C7B6BD4C485B374BB4D30AC7A43216F44A7C2E3F481EA6A7814C31B481B
official-menu-delivery-497df550a704f70b,빽다방,크리미단팥빵,DELIVERY-497DF550A704F70B,https://paikdabang.com/menu/menu_dessert/,,2026-10-04,CURRENT_MENU_LISTED,,,,디저트,디저트,paik-dessert,51421EA5754B384A23C79AF1023769A29D75618A9C9B56C0ABE45F2C9FDB73E1
official-menu-delivery-4b30528cd40e73a3,빽다방,바나나 카페라떼(ICED),DELIVERY-4B30528CD40E73A3,https://paikdabang.com/menu/menu_coffee/,,2026-10-04,CURRENT_MENU_LISTED,,,,커피,카페,paik-coffee,4A042C16887AFA5FA9867D1A6B5EA69C92371FB6E2B36D18B5CF4723543EFCE5
official-menu-delivery-4b57c83e881f62e5,빽다방,디카페인 아이스크림카페모카(ICED),DELIVERY-4B57C83E881F62E5,https://paikdabang.com/menu/menu_coffee/,,2026-10-04,CURRENT_MENU_LISTED,,,,커피,카페,paik-coffee,4A042C16887AFA5FA9867D1A6B5EA69C92371FB6E2B36D18B5CF4723543EFCE5
official-menu-delivery-4b87804e7ec9e0cf,빽다방,망고치즈 요거트 아이스크림,DELIVERY-4B87804E7EC9E0CF,https://paikdabang.com/menu/menu_dessert/,,2026-10-04,CURRENT_MENU_LISTED,,,,디저트,디저트,paik-dessert,51421EA5754B384A23C79AF1023769A29D75618A9C9B56C0ABE45F2C9FDB73E1
official-menu-delivery-4bc85b3d864fbea9,빽다방,챔피언스 블랙 벨벳 라떼 ICED,DELIVERY-4BC85B3D864FBEA9,https://paikdabang.com/menu/menu_coffee/,,2026-10-04,CURRENT_MENU_LISTED,,,,커피,카페,paik-coffee,4A042C16887AFA5FA9867D1A6B5EA69C92371FB6E2B36D18B5CF4723543EFCE5
official-menu-delivery-4be4e693c5d39a2f,빽다방,디카페인 바닐라라떼(ICED),DELIVERY-4BE4E693C5D39A2F,https://paikdabang.com/menu/menu_coffee/,,2026-10-04,CURRENT_MENU_LISTED,,,,커피,카페,paik-coffee,4A042C16887AFA5FA9867D1A6B5EA69C92371FB6E2B36D18B5CF4723543EFCE5
official-menu-delivery-4cb04492de6cff03,빽다방,딸기치즈 소프트,DELIVERY-4CB04492DE6CFF03,https://paikdabang.com/menu/menu_dessert/,,2026-10-04,CURRENT_MENU_LISTED,,,,디저트,디저트,paik-dessert,51421EA5754B384A23C79AF1023769A29D75618A9C9B56C0ABE45F2C9FDB73E1
official-menu-delivery-4e1a892bcdb05fa4,빽다방,딸기 빽스치노(BASIC),DELIVERY-4E1A892BCDB05FA4,https://paikdabang.com/menu/menu_ccino/,,2026-10-04,CURRENT_MENU_LISTED,,,,빽스치노,음료,paik-ccino,62482074E444FD28A457E9E7A0C1FA03302A8414F49160AE144B61A0039452DC
official-menu-delivery-4e5751cb3b2530e6,빽다방,밀크티(ICED),DELIVERY-4E5751CB3B2530E6,https://paikdabang.com/menu/menu_drink/,,2026-10-04,CURRENT_MENU_LISTED,,,,음료,음료,paik-drink,93DB8C7B6BD4C485B374BB4D30AC7A43216F44A7C2E3F481EA6A7814C31B481B
official-menu-delivery-4f154d6f80921b73,빽다방,치즈홀릭 바움쿠헨,DELIVERY-4F154D6F80921B73,https://paikdabang.com/menu/menu_dessert/,,2026-10-04,CURRENT_MENU_LISTED,,,,디저트,디저트,paik-dessert,51421EA5754B384A23C79AF1023769A29D75618A9C9B56C0ABE45F2C9FDB73E1
official-menu-delivery-50a9c6cb0d3f146f,빽다방,디카페인 카라멜 마키아또(HOT),DELIVERY-50A9C6CB0D3F146F,https://paikdabang.com/menu/menu_coffee/,,2026-10-04,CURRENT_MENU_LISTED,,,,커피,카페,paik-coffee,4A042C16887AFA5FA9867D1A6B5EA69C92371FB6E2B36D18B5CF4723543EFCE5
official-menu-delivery-50f6223ac40c4511,빽다방,망고패션스무디 (ICED),DELIVERY-50F6223AC40C4511,https://paikdabang.com/menu/menu_drink/,,2026-10-04,CURRENT_MENU_LISTED,,,,음료,음료,paik-drink,93DB8C7B6BD4C485B374BB4D30AC7A43216F44A7C2E3F481EA6A7814C31B481B
official-menu-delivery-52cb78d96fe21e85,빽다방,고구마스무디,DELIVERY-52CB78D96FE21E85,https://paikdabang.com/menu/menu_drink/,,2026-10-04,CURRENT_MENU_LISTED,,,,음료,음료,paik-drink,93DB8C7B6BD4C485B374BB4D30AC7A43216F44A7C2E3F481EA6A7814C31B481B
official-menu-delivery-52f18cbda8d136b7,빽다방,딸기바나나빽스치노(SOFT),DELIVERY-52F18CBDA8D136B7,https://paikdabang.com/menu/menu_ccino/,,2026-10-04,CURRENT_MENU_LISTED,,,,빽스치노,음료,paik-ccino,62482074E444FD28A457E9E7A0C1FA03302A8414F49160AE144B61A0039452DC
official-menu-delivery-532a06af170f985e,빽다방,빽사이즈 아망추,DELIVERY-532A06AF170F985E,https://paikdabang.com/menu/menu_drink/,,2026-10-04,CURRENT_MENU_LISTED,,,,음료,음료,paik-drink,93DB8C7B6BD4C485B374BB4D30AC7A43216F44A7C2E3F481EA6A7814C31B481B
official-menu-delivery-535ea03d5c5e7f30,빽다방,제로슈거 매실티 ICED,DELIVERY-535EA03D5C5E7F30,https://paikdabang.com/menu/menu_drink/,,2026-10-04,CURRENT_MENU_LISTED,,,,음료,음료,paik-drink,93DB8C7B6BD4C485B374BB4D30AC7A43216F44A7C2E3F481EA6A7814C31B481B
official-menu-delivery-53f35115280373a1,빽다방,아임파인민트티(HOT),DELIVERY-53F35115280373A1,https://paikdabang.com/menu/menu_drink/,,2026-10-04,CURRENT_MENU_LISTED,,,,음료,음료,paik-drink,93DB8C7B6BD4C485B374BB4D30AC7A43216F44A7C2E3F481EA6A7814C31B481B
official-menu-delivery-5463ad332d3f3852,빽다방,팥절미 요거트아이스크림,DELIVERY-5463AD332D3F3852,https://paikdabang.com/menu/menu_dessert/,,2026-10-04,CURRENT_MENU_LISTED,,,,디저트,디저트,paik-dessert,51421EA5754B384A23C79AF1023769A29D75618A9C9B56C0ABE45F2C9FDB73E1
official-menu-delivery-54812b53a45b0060,빽다방,토피넛라떼(ICED),DELIVERY-54812B53A45B0060,https://paikdabang.com/menu/menu_drink/,,2026-10-04,CURRENT_MENU_LISTED,,,,음료,카페,paik-drink,93DB8C7B6BD4C485B374BB4D30AC7A43216F44A7C2E3F481EA6A7814C31B481B
official-menu-delivery-549e9d9b8d481d42,빽다방,원조 소프트,DELIVERY-549E9D9B8D481D42,https://paikdabang.com/menu/menu_dessert/,,2026-10-04,CURRENT_MENU_LISTED,,,,디저트,디저트,paik-dessert,51421EA5754B384A23C79AF1023769A29D75618A9C9B56C0ABE45F2C9FDB73E1
official-menu-delivery-555d4bb81c12eea9,빽다방,딸기바나나빽스치노(BASIC),DELIVERY-555D4BB81C12EEA9,https://paikdabang.com/menu/menu_ccino/,,2026-10-04,CURRENT_MENU_LISTED,,,,빽스치노,음료,paik-ccino,62482074E444FD28A457E9E7A0C1FA03302A8414F49160AE144B61A0039452DC
official-menu-delivery-559ea8ca746ae1d8,빽다방,카라멜마키아또(HOT),DELIVERY-559EA8CA746AE1D8,https://paikdabang.com/menu/menu_coffee/,,2026-10-04,CURRENT_MENU_LISTED,,,,커피,카페,paik-coffee,4A042C16887AFA5FA9867D1A6B5EA69C92371FB6E2B36D18B5CF4723543EFCE5
official-menu-delivery-564f435d1a0af2e9,빽다방,제로슈거 자몽티(HOT),DELIVERY-564F435D1A0AF2E9,https://paikdabang.com/menu/menu_drink/,,2026-10-04,CURRENT_MENU_LISTED,,,,음료,음료,paik-drink,93DB8C7B6BD4C485B374BB4D30AC7A43216F44A7C2E3F481EA6A7814C31B481B
official-menu-delivery-5665f31e256173b4,빽다방,바나나 커피쉐이크,DELIVERY-5665F31E256173B4,https://paikdabang.com/menu/menu_coffee/,,2026-10-04,CURRENT_MENU_LISTED,,,,커피,카페,paik-coffee,4A042C16887AFA5FA9867D1A6B5EA69C92371FB6E2B36D18B5CF4723543EFCE5
official-menu-delivery-569c140b395d6bc7,빽다방,빽사이즈 바닐라라떼(ICED),DELIVERY-569C140B395D6BC7,https://paikdabang.com/menu/menu_coffee/,,2026-10-04,CURRENT_MENU_LISTED,,,,커피,카페,paik-coffee,4A042C16887AFA5FA9867D1A6B5EA69C92371FB6E2B36D18B5CF4723543EFCE5
official-menu-delivery-56af534695d1b45b,빽다방,생크림 아메리카노(ICED),DELIVERY-56AF534695D1B45B,https://paikdabang.com/menu/menu_coffee/,,2026-10-04,CURRENT_MENU_LISTED,,,,커피,카페,paik-coffee,4A042C16887AFA5FA9867D1A6B5EA69C92371FB6E2B36D18B5CF4723543EFCE5
official-menu-delivery-56b7b8baa9594075,빽다방,바나나 라떼(HOT),DELIVERY-56B7B8BAA9594075,https://paikdabang.com/menu/menu_drink/,,2026-10-04,CURRENT_MENU_LISTED,,,,음료,카페,paik-drink,93DB8C7B6BD4C485B374BB4D30AC7A43216F44A7C2E3F481EA6A7814C31B481B
official-menu-delivery-577d6db7fe6f53ea,빽다방,초코라떼(HOT),DELIVERY-577D6DB7FE6F53EA,https://paikdabang.com/menu/menu_drink/,,2026-10-04,CURRENT_MENU_LISTED,,,,음료,카페,paik-drink,93DB8C7B6BD4C485B374BB4D30AC7A43216F44A7C2E3F481EA6A7814C31B481B
official-menu-delivery-58738bf26b28972d,빽다방,디카페인 콜드브루라떼(ICED),DELIVERY-58738BF26B28972D,https://paikdabang.com/menu/menu_coffee/,,2026-10-04,CURRENT_MENU_LISTED,,,,커피,카페,paik-coffee,4A042C16887AFA5FA9867D1A6B5EA69C92371FB6E2B36D18B5CF4723543EFCE5
official-menu-delivery-58c822608f990176,빽다방,우리수박주스,DELIVERY-58C822608F990176,https://paikdabang.com/menu/menu_drink/,,2026-10-04,CURRENT_MENU_LISTED,,,,음료,음료,paik-drink,93DB8C7B6BD4C485B374BB4D30AC7A43216F44A7C2E3F481EA6A7814C31B481B
official-menu-delivery-5942fb0fcc993e4d,빽다방,바나나 라떼(ICED),DELIVERY-5942FB0FCC993E4D,https://paikdabang.com/menu/menu_drink/,,2026-10-04,CURRENT_MENU_LISTED,,,,음료,카페,paik-drink,93DB8C7B6BD4C485B374BB4D30AC7A43216F44A7C2E3F481EA6A7814C31B481B
official-menu-delivery-5c357c8ce7df7e47,빽다방,디카페인 콜드브루 흑당라떼(HOT),DELIVERY-5C357C8CE7DF7E47,https://paikdabang.com/menu/menu_coffee/,,2026-10-04,CURRENT_MENU_LISTED,,,,커피,카페,paik-coffee,4A042C16887AFA5FA9867D1A6B5EA69C92371FB6E2B36D18B5CF4723543EFCE5
official-menu-delivery-5e928f32b80e2e42,빽다방,우리사과주스,DELIVERY-5E928F32B80E2E42,https://paikdabang.com/menu/menu_drink/,,2026-10-04,CURRENT_MENU_LISTED,,,,음료,음료,paik-drink,93DB8C7B6BD4C485B374BB4D30AC7A43216F44A7C2E3F481EA6A7814C31B481B
official-menu-delivery-5f16e31186f4298a,빽다방,딸기쿠키 요거트아이스크림,DELIVERY-5F16E31186F4298A,https://paikdabang.com/menu/menu_dessert/,,2026-10-04,CURRENT_MENU_LISTED,,,,디저트,디저트,paik-dessert,51421EA5754B384A23C79AF1023769A29D75618A9C9B56C0ABE45F2C9FDB73E1
official-menu-delivery-60566412a2c015be,빽다방,바나나 카페라떼(HOT),DELIVERY-60566412A2C015BE,https://paikdabang.com/menu/menu_coffee/,,2026-10-04,CURRENT_MENU_LISTED,,,,커피,카페,paik-coffee,4A042C16887AFA5FA9867D1A6B5EA69C92371FB6E2B36D18B5CF4723543EFCE5
official-menu-delivery-60b2acd3c21ddc50,빽다방,커스터드홀릭 바움쿠헨,DELIVERY-60B2ACD3C21DDC50,https://paikdabang.com/menu/menu_dessert/,,2026-10-04,CURRENT_MENU_LISTED,,,,디저트,디저트,paik-dessert,51421EA5754B384A23C79AF1023769A29D75618A9C9B56C0ABE45F2C9FDB73E1
official-menu-delivery-61595dd666532f9a,빽다방,카라멜마키아또(ICED),DELIVERY-61595DD666532F9A,https://paikdabang.com/menu/menu_coffee/,,2026-10-04,CURRENT_MENU_LISTED,,,,커피,카페,paik-coffee,4A042C16887AFA5FA9867D1A6B5EA69C92371FB6E2B36D18B5CF4723543EFCE5
official-menu-delivery-61b185d2718ce8c7,빽다방,유자에이드(ICED),DELIVERY-61B185D2718CE8C7,https://paikdabang.com/menu/menu_drink/,,2026-10-04,CURRENT_MENU_LISTED,,,,음료,음료,paik-drink,93DB8C7B6BD4C485B374BB4D30AC7A43216F44A7C2E3F481EA6A7814C31B481B
official-menu-delivery-62072c99b493001d,빽다방,디카페인 꿀아메리카노(ICED),DELIVERY-62072C99B493001D,https://paikdabang.com/menu/menu_coffee/,,2026-10-04,CURRENT_MENU_LISTED,,,,커피,카페,paik-coffee,4A042C16887AFA5FA9867D1A6B5EA69C92371FB6E2B36D18B5CF4723543EFCE5
official-menu-delivery-64ed93923a3f9d42,빽다방,디카페인 코코넛카페라떼(ICED),DELIVERY-64ED93923A3F9D42,https://paikdabang.com/menu/menu_coffee/,,2026-10-04,CURRENT_MENU_LISTED,,,,커피,카페,paik-coffee,4A042C16887AFA5FA9867D1A6B5EA69C92371FB6E2B36D18B5CF4723543EFCE5
official-menu-delivery-64ef3c466efdcf71,빽다방,레몬얼그레이티(HOT),DELIVERY-64EF3C466EFDCF71,https://paikdabang.com/menu/menu_drink/,,2026-10-04,CURRENT_MENU_LISTED,,,,음료,음료,paik-drink,93DB8C7B6BD4C485B374BB4D30AC7A43216F44A7C2E3F481EA6A7814C31B481B
official-menu-delivery-6530fe938eaca1a8,빽다방,블루레몬에이드(ICED),DELIVERY-6530FE938EACA1A8,https://paikdabang.com/menu/menu_drink/,,2026-10-04,CURRENT_MENU_LISTED,,,,음료,음료,paik-drink,93DB8C7B6BD4C485B374BB4D30AC7A43216F44A7C2E3F481EA6A7814C31B481B
official-menu-delivery-6534835407dc9462,빽다방,디카페인 빽사이즈 카페라떼(ICED),DELIVERY-6534835407DC9462,https://paikdabang.com/menu/menu_coffee/,,2026-10-04,CURRENT_MENU_LISTED,,,,커피,카페,paik-coffee,4A042C16887AFA5FA9867D1A6B5EA69C92371FB6E2B36D18B5CF4723543EFCE5
official-menu-delivery-65503343030834e3,빽다방,디카페인 달달연유라떼(ICED),DELIVERY-65503343030834E3,https://paikdabang.com/menu/menu_coffee/,,2026-10-04,CURRENT_MENU_LISTED,,,,커피,카페,paik-coffee,4A042C16887AFA5FA9867D1A6B5EA69C92371FB6E2B36D18B5CF4723543EFCE5
official-menu-delivery-65c629683cd7c682,빽다방,딸기치즈 요거트아이스크림,DELIVERY-65C629683CD7C682,https://paikdabang.com/menu/menu_dessert/,,2026-10-04,CURRENT_MENU_LISTED,,,,디저트,디저트,paik-dessert,51421EA5754B384A23C79AF1023769A29D75618A9C9B56C0ABE45F2C9FDB73E1
official-menu-delivery-66ec99694273345e,빽다방,콘앙금쫀득볼,DELIVERY-66EC99694273345E,https://paikdabang.com/menu/menu_dessert/,,2026-10-04,CURRENT_MENU_LISTED,,,,디저트,디저트,paik-dessert,51421EA5754B384A23C79AF1023769A29D75618A9C9B56C0ABE45F2C9FDB73E1
official-menu-delivery-6785d5fb2b666d8c,빽다방,프로틴쉐이크 바나나,DELIVERY-6785D5FB2B666D8C,https://paikdabang.com/menu/menu_drink/,,2026-10-04,CURRENT_MENU_LISTED,,,,음료,음료,paik-drink,93DB8C7B6BD4C485B374BB4D30AC7A43216F44A7C2E3F481EA6A7814C31B481B
official-menu-delivery-683b10b23163a40f,빽다방,딸기 빽스치노(SOFT),DELIVERY-683B10B23163A40F,https://paikdabang.com/menu/menu_ccino/,,2026-10-04,CURRENT_MENU_LISTED,,,,빽스치노,음료,paik-ccino,62482074E444FD28A457E9E7A0C1FA03302A8414F49160AE144B61A0039452DC
official-menu-delivery-6a4e32e1bf6625f2,빽다방,빽사이즈 초코라떼(ICED),DELIVERY-6A4E32E1BF6625F2,https://paikdabang.com/menu/menu_drink/,,2026-10-04,CURRENT_MENU_LISTED,,,,음료,카페,paik-drink,93DB8C7B6BD4C485B374BB4D30AC7A43216F44A7C2E3F481EA6A7814C31B481B
official-menu-delivery-6bbe43aaae9c6241,빽다방,바닐라 빽스치노(BASIC),DELIVERY-6BBE43AAAE9C6241,https://paikdabang.com/menu/menu_ccino/,,2026-10-04,CURRENT_MENU_LISTED,,,,빽스치노,음료,paik-ccino,62482074E444FD28A457E9E7A0C1FA03302A8414F49160AE144B61A0039452DC
official-menu-delivery-6c690a0944dc2efe,빽다방,소프트 아이스크림,DELIVERY-6C690A0944DC2EFE,https://paikdabang.com/menu/menu_dessert/,,2026-10-04,CURRENT_MENU_LISTED,,,,디저트,디저트,paik-dessert,51421EA5754B384A23C79AF1023769A29D75618A9C9B56C0ABE45F2C9FDB73E1
official-menu-delivery-6cbf1b04edee852f,빽다방,빽사이즈 원조커피(ICED),DELIVERY-6CBF1B04EDEE852F,https://paikdabang.com/menu/menu_coffee/,,2026-10-04,CURRENT_MENU_LISTED,,,,커피,카페,paik-coffee,4A042C16887AFA5FA9867D1A6B5EA69C92371FB6E2B36D18B5CF4723543EFCE5
official-menu-delivery-6d0a88690be6ea5f,빽다방,우롱티(HOT),DELIVERY-6D0A88690BE6EA5F,https://paikdabang.com/menu/menu_drink/,,2026-10-04,CURRENT_MENU_LISTED,,,,음료,음료,paik-drink,93DB8C7B6BD4C485B374BB4D30AC7A43216F44A7C2E3F481EA6A7814C31B481B
official-menu-delivery-6d4e6e1bad6fb27a,빽다방,망고망고 요거트아이스크림,DELIVERY-6D4E6E1BAD6FB27A,https://paikdabang.com/menu/menu_dessert/,,2026-10-04,CURRENT_MENU_LISTED,,,,디저트,디저트,paik-dessert,51421EA5754B384A23C79AF1023769A29D75618A9C9B56C0ABE45F2C9FDB73E1
official-menu-delivery-6ddb0f6817426daf,빽다방,아이스크러시 복숭아,DELIVERY-6DDB0F6817426DAF,https://paikdabang.com/menu/menu_drink/,,2026-10-04,CURRENT_MENU_LISTED,,,,음료,음료,paik-drink,93DB8C7B6BD4C485B374BB4D30AC7A43216F44A7C2E3F481EA6A7814C31B481B
official-menu-delivery-6f18b3599446471e,빽다방,디카페인 빽사이즈 아이스티샷 망고추가,DELIVERY-6F18B3599446471E,https://paikdabang.com/menu/menu_coffee/,,2026-10-04,CURRENT_MENU_LISTED,,,,커피,카페,paik-coffee,4A042C16887AFA5FA9867D1A6B5EA69C92371FB6E2B36D18B5CF4723543EFCE5
official-menu-delivery-6fdc7b5cdbfe0fd8,빽다방,망고 컵빙수,DELIVERY-6FDC7B5CDBFE0FD8,https://paikdabang.com/menu/menu_dessert/,,2026-10-04,CURRENT_MENU_LISTED,,,,디저트,디저트,paik-dessert,51421EA5754B384A23C79AF1023769A29D75618A9C9B56C0ABE45F2C9FDB73E1
official-menu-delivery-70a3128d2d1ad12a,빽다방,딸기젤라또 파르페,DELIVERY-70A3128D2D1AD12A,https://paikdabang.com/menu/menu_drink/,,2026-10-04,CURRENT_MENU_LISTED,,,,음료,음료,paik-drink,93DB8C7B6BD4C485B374BB4D30AC7A43216F44A7C2E3F481EA6A7814C31B481B
official-menu-delivery-70d1d12320bee28c,빽다방,디카페인 빽사이즈 아이스티샷추가(ICED),DELIVERY-70D1D12320BEE28C,https://paikdabang.com/menu/menu_coffee/,,2026-10-04,CURRENT_MENU_LISTED,,,,커피,카페,paik-coffee,4A042C16887AFA5FA9867D1A6B5EA69C92371FB6E2B36D18B5CF4723543EFCE5
official-menu-delivery-71123ed0dd13d970,빽다방,흑당버블 카페라떼(ICED),DELIVERY-71123ED0DD13D970,https://paikdabang.com/menu/menu_coffee/,,2026-10-04,CURRENT_MENU_LISTED,,,,커피,카페,paik-coffee,4A042C16887AFA5FA9867D1A6B5EA69C92371FB6E2B36D18B5CF4723543EFCE5
official-menu-delivery-719fea3a34e179fc,빽다방,토피넛라떼(HOT),DELIVERY-719FEA3A34E179FC,https://paikdabang.com/menu/menu_drink/,,2026-10-04,CURRENT_MENU_LISTED,,,,음료,카페,paik-drink,93DB8C7B6BD4C485B374BB4D30AC7A43216F44A7C2E3F481EA6A7814C31B481B
official-menu-delivery-72672e959fc878f4,빽다방,꿀밤스무디,DELIVERY-72672E959FC878F4,https://paikdabang.com/menu/menu_drink/,,2026-10-04,CURRENT_MENU_LISTED,,,,음료,음료,paik-drink,93DB8C7B6BD4C485B374BB4D30AC7A43216F44A7C2E3F481EA6A7814C31B481B
official-menu-delivery-72948e2e80b57231,빽다방,망고 주스(ICED),DELIVERY-72948E2E80B57231,https://paikdabang.com/menu/menu_drink/,,2026-10-04,CURRENT_MENU_LISTED,,,,음료,음료,paik-drink,93DB8C7B6BD4C485B374BB4D30AC7A43216F44A7C2E3F481EA6A7814C31B481B
official-menu-delivery-7493d600539da3da,빽다방,헤이즐넛라떼(HOT),DELIVERY-7493D600539DA3DA,https://paikdabang.com/menu/menu_coffee/,,2026-10-04,CURRENT_MENU_LISTED,,,,커피,카페,paik-coffee,4A042C16887AFA5FA9867D1A6B5EA69C92371FB6E2B36D18B5CF4723543EFCE5
official-menu-delivery-757f1972e79035bf,빽다방,민트초코빽스치노(SOFT),DELIVERY-757F1972E79035BF,https://paikdabang.com/menu/menu_ccino/,,2026-10-04,CURRENT_MENU_LISTED,,,,빽스치노,음료,paik-ccino,62482074E444FD28A457E9E7A0C1FA03302A8414F49160AE144B61A0039452DC
official-menu-delivery-75aafad04c626d57,빽다방,피스타치오 생크림 카페라떼(ICED),DELIVERY-75AAFAD04C626D57,https://paikdabang.com/menu/menu_coffee/,,2026-10-04,CURRENT_MENU_LISTED,,,,커피,카페,paik-coffee,4A042C16887AFA5FA9867D1A6B5EA69C92371FB6E2B36D18B5CF4723543EFCE5
official-menu-delivery-75b29e027067ad4e,빽다방,바닐라라떼(ICED),DELIVERY-75B29E027067AD4E,https://paikdabang.com/menu/menu_coffee/,,2026-10-04,CURRENT_MENU_LISTED,,,,커피,카페,paik-coffee,4A042C16887AFA5FA9867D1A6B5EA69C92371FB6E2B36D18B5CF4723543EFCE5
official-menu-delivery-7608260cf32e79de,빽다방,골든자바칩 스무디,DELIVERY-7608260CF32E79DE,https://paikdabang.com/menu/menu_drink/,,2026-10-04,CURRENT_MENU_LISTED,,,,음료,음료,paik-drink,93DB8C7B6BD4C485B374BB4D30AC7A43216F44A7C2E3F481EA6A7814C31B481B
official-menu-delivery-760c7095fc5adf51,빽다방,꿀아메리카노(HOT),DELIVERY-760C7095FC5ADF51,https://paikdabang.com/menu/menu_coffee/,,2026-10-04,CURRENT_MENU_LISTED,,,,커피,카페,paik-coffee,4A042C16887AFA5FA9867D1A6B5EA69C92371FB6E2B36D18B5CF4723543EFCE5
official-menu-delivery-761d309394e9bea6,빽다방,포도 소다,DELIVERY-761D309394E9BEA6,https://paikdabang.com/menu/menu_drink/,,2026-10-04,CURRENT_MENU_LISTED,,,,음료,음료,paik-drink,93DB8C7B6BD4C485B374BB4D30AC7A43216F44A7C2E3F481EA6A7814C31B481B
official-menu-delivery-76ca1188fcb3d9d9,빽다방,디카페인 콜드브루(ICED),DELIVERY-76CA1188FCB3D9D9,https://paikdabang.com/menu/menu_coffee/,,2026-10-04,CURRENT_MENU_LISTED,,,,커피,카페,paik-coffee,4A042C16887AFA5FA9867D1A6B5EA69C92371FB6E2B36D18B5CF4723543EFCE5
official-menu-delivery-76da28494886f3ac,빽다방,아이스미초(ICED),DELIVERY-76DA28494886F3AC,https://paikdabang.com/menu/menu_drink/,,2026-10-04,CURRENT_MENU_LISTED,,,,음료,음료,paik-drink,93DB8C7B6BD4C485B374BB4D30AC7A43216F44A7C2E3F481EA6A7814C31B481B
official-menu-delivery-77e2fe57e7371a43,빽다방,바닐라 빽스치노(SOFT),DELIVERY-77E2FE57E7371A43,https://paikdabang.com/menu/menu_ccino/,,2026-10-04,CURRENT_MENU_LISTED,,,,빽스치노,음료,paik-ccino,62482074E444FD28A457E9E7A0C1FA03302A8414F49160AE144B61A0039452DC
official-menu-delivery-783a68d71d1756ae,빽다방,카페모카(ICED),DELIVERY-783A68D71D1756AE,https://paikdabang.com/menu/menu_coffee/,,2026-10-04,CURRENT_MENU_LISTED,,,,커피,카페,paik-coffee,4A042C16887AFA5FA9867D1A6B5EA69C92371FB6E2B36D18B5CF4723543EFCE5
official-menu-delivery-78697a385da36d44,빽다방,자몽에이드(ICED),DELIVERY-78697A385DA36D44,https://paikdabang.com/menu/menu_drink/,,2026-10-04,CURRENT_MENU_LISTED,,,,음료,음료,paik-drink,93DB8C7B6BD4C485B374BB4D30AC7A43216F44A7C2E3F481EA6A7814C31B481B
official-menu-delivery-78fc759f7e4f0603,빽다방,초코브라우니 소프트,DELIVERY-78FC759F7E4F0603,https://paikdabang.com/menu/menu_dessert/,,2026-10-04,CURRENT_MENU_LISTED,,,,디저트,디저트,paik-dessert,51421EA5754B384A23C79AF1023769A29D75618A9C9B56C0ABE45F2C9FDB73E1
official-menu-delivery-7bdcabfa2e43f010,빽다방,아이스크림 우베라떼(ICED),DELIVERY-7BDCABFA2E43F010,https://paikdabang.com/menu/menu_drink/,,2026-10-04,CURRENT_MENU_LISTED,,,,음료,카페,paik-drink,93DB8C7B6BD4C485B374BB4D30AC7A43216F44A7C2E3F481EA6A7814C31B481B
official-menu-delivery-7c0c05dbc707655a,빽다방,블루베리 주스(ICED),DELIVERY-7C0C05DBC707655A,https://paikdabang.com/menu/menu_drink/,,2026-10-04,CURRENT_MENU_LISTED,,,,음료,음료,paik-drink,93DB8C7B6BD4C485B374BB4D30AC7A43216F44A7C2E3F481EA6A7814C31B481B
official-menu-delivery-7c46da3b0e00fa57,빽다방,바닐라라떼(HOT),DELIVERY-7C46DA3B0E00FA57,https://paikdabang.com/menu/menu_coffee/,,2026-10-04,CURRENT_MENU_LISTED,,,,커피,카페,paik-coffee,4A042C16887AFA5FA9867D1A6B5EA69C92371FB6E2B36D18B5CF4723543EFCE5
official-menu-delivery-7c4a70a34d37b7e6,빽다방,자몽티(HOT),DELIVERY-7C4A70A34D37B7E6,https://paikdabang.com/menu/menu_drink/,,2026-10-04,CURRENT_MENU_LISTED,,,,음료,음료,paik-drink,93DB8C7B6BD4C485B374BB4D30AC7A43216F44A7C2E3F481EA6A7814C31B481B
official-menu-delivery-7da8bdc6a2b470df,빽다방,통단팥 쉐이크,DELIVERY-7DA8BDC6A2B470DF,https://paikdabang.com/menu/menu_drink/,,2026-10-04,CURRENT_MENU_LISTED,,,,음료,음료,paik-drink,93DB8C7B6BD4C485B374BB4D30AC7A43216F44A7C2E3F481EA6A7814C31B481B
official-menu-delivery-7dc0679e17fe9a4a,빽다방,디카페인 빽사이즈 바닐라라떼(ICED),DELIVERY-7DC0679E17FE9A4A,https://paikdabang.com/menu/menu_coffee/,,2026-10-04,CURRENT_MENU_LISTED,,,,커피,카페,paik-coffee,4A042C16887AFA5FA9867D1A6B5EA69C92371FB6E2B36D18B5CF4723543EFCE5
official-menu-delivery-7ddf5d966c41d9de,빽다방,황금캐모마일티(HOT),DELIVERY-7DDF5D966C41D9DE,https://paikdabang.com/menu/menu_drink/,,2026-10-04,CURRENT_MENU_LISTED,,,,음료,음료,paik-drink,93DB8C7B6BD4C485B374BB4D30AC7A43216F44A7C2E3F481EA6A7814C31B481B
official-menu-delivery-7e9fa6b79700a877,빽다방,초코브라우니 요거트 아이스크림,DELIVERY-7E9FA6B79700A877,https://paikdabang.com/menu/menu_dessert/,,2026-10-04,CURRENT_MENU_LISTED,,,,디저트,디저트,paik-dessert,51421EA5754B384A23C79AF1023769A29D75618A9C9B56C0ABE45F2C9FDB73E1
official-menu-delivery-7eb874026a202c93,빽다방,디카페인 아이스티샷추가(아샷추),DELIVERY-7EB874026A202C93,https://paikdabang.com/menu/menu_coffee/,,2026-10-04,CURRENT_MENU_LISTED,,,,커피,카페,paik-coffee,4A042C16887AFA5FA9867D1A6B5EA69C92371FB6E2B36D18B5CF4723543EFCE5
official-menu-delivery-7f8ea655ed600a71,빽다방,피치우롱스위티(HOT),DELIVERY-7F8EA655ED600A71,https://paikdabang.com/menu/menu_drink/,,2026-10-04,CURRENT_MENU_LISTED,,,,음료,음료,paik-drink,93DB8C7B6BD4C485B374BB4D30AC7A43216F44A7C2E3F481EA6A7814C31B481B
official-menu-delivery-814201284cf381ab,빽다방,황금캐모마일티(ICED),DELIVERY-814201284CF381AB,https://paikdabang.com/menu/menu_drink/,,2026-10-04,CURRENT_MENU_LISTED,,,,음료,음료,paik-drink,93DB8C7B6BD4C485B374BB4D30AC7A43216F44A7C2E3F481EA6A7814C31B481B
official-menu-delivery-821a4124ae21bb2c,빽다방,초코빽스치노(SOFT),DELIVERY-821A4124AE21BB2C,https://paikdabang.com/menu/menu_ccino/,,2026-10-04,CURRENT_MENU_LISTED,,,,빽스치노,음료,paik-ccino,62482074E444FD28A457E9E7A0C1FA03302A8414F49160AE144B61A0039452DC
official-menu-delivery-828720298839741c,빽다방,미초(석류)에이드(ICED),DELIVERY-828720298839741C,https://paikdabang.com/menu/menu_drink/,,2026-10-04,CURRENT_MENU_LISTED,,,,음료,음료,paik-drink,93DB8C7B6BD4C485B374BB4D30AC7A43216F44A7C2E3F481EA6A7814C31B481B
official-menu-delivery-83481f19ebec2f7a,빽다방,제로슈거 매실티 HOT,DELIVERY-83481F19EBEC2F7A,https://paikdabang.com/menu/menu_drink/,,2026-10-04,CURRENT_MENU_LISTED,,,,음료,음료,paik-drink,93DB8C7B6BD4C485B374BB4D30AC7A43216F44A7C2E3F481EA6A7814C31B481B
official-menu-delivery-835ad272728dae6c,빽다방,율무라떼(ICED),DELIVERY-835AD272728DAE6C,https://paikdabang.com/menu/menu_drink/,,2026-10-04,CURRENT_MENU_LISTED,,,,음료,카페,paik-drink,93DB8C7B6BD4C485B374BB4D30AC7A43216F44A7C2E3F481EA6A7814C31B481B
official-menu-delivery-847bd702ca283a85,빽다방,디카페인 흑당버블 카페라떼,DELIVERY-847BD702CA283A85,https://paikdabang.com/menu/menu_coffee/,,2026-10-04,CURRENT_MENU_LISTED,,,,커피,카페,paik-coffee,4A042C16887AFA5FA9867D1A6B5EA69C92371FB6E2B36D18B5CF4723543EFCE5
official-menu-delivery-85b3a4aac9c2d9a0,빽다방,멜론 소다,DELIVERY-85B3A4AAC9C2D9A0,https://paikdabang.com/menu/menu_drink/,,2026-10-04,CURRENT_MENU_LISTED,,,,음료,음료,paik-drink,93DB8C7B6BD4C485B374BB4D30AC7A43216F44A7C2E3F481EA6A7814C31B481B
official-menu-delivery-892c61a6e2ac2530,빽다방,파인애플스무디(ICED),DELIVERY-892C61A6E2AC2530,https://paikdabang.com/menu/menu_drink/,,2026-10-04,CURRENT_MENU_LISTED,,,,음료,음료,paik-drink,93DB8C7B6BD4C485B374BB4D30AC7A43216F44A7C2E3F481EA6A7814C31B481B
official-menu-delivery-8a081a7dbb2eda5a,빽다방,베리크런치 소프트,DELIVERY-8A081A7DBB2EDA5A,https://paikdabang.com/menu/menu_dessert/,,2026-10-04,CURRENT_MENU_LISTED,,,,디저트,디저트,paik-dessert,51421EA5754B384A23C79AF1023769A29D75618A9C9B56C0ABE45F2C9FDB73E1
official-menu-delivery-8a268a5776721e8d,빽다방,말차 요거트 아이스크림,DELIVERY-8A268A5776721E8D,https://paikdabang.com/menu/menu_dessert/,,2026-10-04,CURRENT_MENU_LISTED,,,,디저트,디저트,paik-dessert,51421EA5754B384A23C79AF1023769A29D75618A9C9B56C0ABE45F2C9FDB73E1
official-menu-delivery-8ab321b2243cc22c,빽다방,제로슈거 납작복숭아 아.샷.추,DELIVERY-8AB321B2243CC22C,https://paikdabang.com/menu/menu_drink/,,2026-10-04,CURRENT_MENU_LISTED,,,,음료,음료,paik-drink,93DB8C7B6BD4C485B374BB4D30AC7A43216F44A7C2E3F481EA6A7814C31B481B
official-menu-delivery-8adc74da754b5301,빽다방,디카페인 콜드브루 흑당라떼(ICED),DELIVERY-8ADC74DA754B5301,https://paikdabang.com/menu/menu_coffee/,,2026-10-04,CURRENT_MENU_LISTED,,,,커피,카페,paik-coffee,4A042C16887AFA5FA9867D1A6B5EA69C92371FB6E2B36D18B5CF4723543EFCE5
official-menu-delivery-8af5f9f1d02e6bc7,빽다방,콜드브루 연유라떼(HOT),DELIVERY-8AF5F9F1D02E6BC7,https://paikdabang.com/menu/menu_coffee/,,2026-10-04,CURRENT_MENU_LISTED,,,,커피,카페,paik-coffee,4A042C16887AFA5FA9867D1A6B5EA69C92371FB6E2B36D18B5CF4723543EFCE5
official-menu-delivery-8d54059a09679ea0,빽다방,말차 소프트,DELIVERY-8D54059A09679EA0,https://paikdabang.com/menu/menu_dessert/,,2026-10-04,CURRENT_MENU_LISTED,,,,디저트,디저트,paik-dessert,51421EA5754B384A23C79AF1023769A29D75618A9C9B56C0ABE45F2C9FDB73E1
official-menu-delivery-8d5cf7512b4b0d89,빽다방,카페라떼(HOT),DELIVERY-8D5CF7512B4B0D89,https://paikdabang.com/menu/menu_coffee/,,2026-10-04,CURRENT_MENU_LISTED,,,,커피,카페,paik-coffee,4A042C16887AFA5FA9867D1A6B5EA69C92371FB6E2B36D18B5CF4723543EFCE5
official-menu-delivery-8ddac8abeb26b857,빽다방,콘치즈쫀득볼,DELIVERY-8DDAC8ABEB26B857,https://paikdabang.com/menu/menu_dessert/,,2026-10-04,CURRENT_MENU_LISTED,,,,디저트,디저트,paik-dessert,51421EA5754B384A23C79AF1023769A29D75618A9C9B56C0ABE45F2C9FDB73E1
official-menu-delivery-8eecd28a726a4ddb,빽다방,끼리 쿠키앤크림 스틱 치즈케익,DELIVERY-8EECD28A726A4DDB,https://paikdabang.com/menu/menu_dessert/,,2026-10-04,CURRENT_MENU_LISTED,,,,디저트,디저트,paik-dessert,51421EA5754B384A23C79AF1023769A29D75618A9C9B56C0ABE45F2C9FDB73E1
official-menu-delivery-8f2520a24673086c,빽다방,디카페인 에스프레소 소프트,DELIVERY-8F2520A24673086C,https://paikdabang.com/menu/menu_dessert/,,2026-10-04,CURRENT_MENU_LISTED,,,,디저트,디저트,paik-dessert,51421EA5754B384A23C79AF1023769A29D75618A9C9B56C0ABE45F2C9FDB73E1
official-menu-delivery-90f4a1eec03020bd,빽다방,디카페인 아메리카노(HOT),DELIVERY-90F4A1EEC03020BD,https://paikdabang.com/menu/menu_coffee/,,2026-10-04,CURRENT_MENU_LISTED,,,,커피,카페,paik-coffee,4A042C16887AFA5FA9867D1A6B5EA69C92371FB6E2B36D18B5CF4723543EFCE5
official-menu-delivery-91e056be90e0f15d,빽다방,디카페인 크리미 콜드브루 카라멜,DELIVERY-91E056BE90E0F15D,https://paikdabang.com/menu/menu_coffee/,,2026-10-04,CURRENT_MENU_LISTED,,,,커피,카페,paik-coffee,4A042C16887AFA5FA9867D1A6B5EA69C92371FB6E2B36D18B5CF4723543EFCE5
official-menu-delivery-922e16d9a38b2d1d,빽다방,레몬티(ICED),DELIVERY-922E16D9A38B2D1D,https://paikdabang.com/menu/menu_drink/,,2026-10-04,CURRENT_MENU_LISTED,,,,음료,음료,paik-drink,93DB8C7B6BD4C485B374BB4D30AC7A43216F44A7C2E3F481EA6A7814C31B481B
official-menu-delivery-9289061cbfb742e4,빽다방,아이스크림카페라떼(ICED),DELIVERY-9289061CBFB742E4,https://paikdabang.com/menu/menu_coffee/,,2026-10-04,CURRENT_MENU_LISTED,,,,커피,카페,paik-coffee,4A042C16887AFA5FA9867D1A6B5EA69C92371FB6E2B36D18B5CF4723543EFCE5
official-menu-delivery-9294642421050b65,빽다방,말차크림망고스무디(ICED),DELIVERY-9294642421050B65,https://paikdabang.com/menu/menu_drink/,,2026-10-04,CURRENT_MENU_LISTED,,,,음료,음료,paik-drink,93DB8C7B6BD4C485B374BB4D30AC7A43216F44A7C2E3F481EA6A7814C31B481B
official-menu-delivery-935d4fa5628d625a,빽다방,생강차(HOT),DELIVERY-935D4FA5628D625A,https://paikdabang.com/menu/menu_drink/,,2026-10-04,CURRENT_MENU_LISTED,,,,음료,음료,paik-drink,93DB8C7B6BD4C485B374BB4D30AC7A43216F44A7C2E3F481EA6A7814C31B481B
official-menu-delivery-93ac5876e3b9d88f,빽다방,레드핫 빽그램 핫도그,DELIVERY-93AC5876E3B9D88F,https://paikdabang.com/menu/menu_dessert/,,2026-10-04,CURRENT_MENU_LISTED,,,,디저트,디저트,paik-dessert,51421EA5754B384A23C79AF1023769A29D75618A9C9B56C0ABE45F2C9FDB73E1
official-menu-delivery-949f5ba0c4eab449,빽다방,쌍화차(ICED),DELIVERY-949F5BA0C4EAB449,https://paikdabang.com/menu/menu_drink/,,2026-10-04,CURRENT_MENU_LISTED,,,,음료,음료,paik-drink,93DB8C7B6BD4C485B374BB4D30AC7A43216F44A7C2E3F481EA6A7814C31B481B
official-menu-delivery-94f49bf405368722,빽다방,초코츄러스쫀득볼,DELIVERY-94F49BF405368722,https://paikdabang.com/menu/menu_dessert/,,2026-10-04,CURRENT_MENU_LISTED,,,,디저트,디저트,paik-dessert,51421EA5754B384A23C79AF1023769A29D75618A9C9B56C0ABE45F2C9FDB73E1
official-menu-delivery-95a8d318855b4db1,빽다방,쿨라임스무디,DELIVERY-95A8D318855B4DB1,https://paikdabang.com/menu/menu_drink/,,2026-10-04,CURRENT_MENU_LISTED,,,,음료,음료,paik-drink,93DB8C7B6BD4C485B374BB4D30AC7A43216F44A7C2E3F481EA6A7814C31B481B
official-menu-delivery-95c8db6abf6eacb9,빽다방,골드 키위 주스,DELIVERY-95C8DB6ABF6EACB9,https://paikdabang.com/menu/menu_drink/,,2026-10-04,CURRENT_MENU_LISTED,,,,음료,음료,paik-drink,93DB8C7B6BD4C485B374BB4D30AC7A43216F44A7C2E3F481EA6A7814C31B481B
official-menu-delivery-991e03f6e2001abf,빽다방,딸기요거트스무디(ICED),DELIVERY-991E03F6E2001ABF,https://paikdabang.com/menu/menu_drink/,,2026-10-04,CURRENT_MENU_LISTED,,,,음료,음료,paik-drink,93DB8C7B6BD4C485B374BB4D30AC7A43216F44A7C2E3F481EA6A7814C31B481B
official-menu-delivery-992dafbf3d946246,빽다방,퐁당치노(미숫가루),DELIVERY-992DAFBF3D946246,https://paikdabang.com/menu/menu_drink/,,2026-10-04,CURRENT_MENU_LISTED,,,,음료,음료,paik-drink,93DB8C7B6BD4C485B374BB4D30AC7A43216F44A7C2E3F481EA6A7814C31B481B
official-menu-delivery-9960c05a75125458,빽다방,빽사이즈 미숫가루(ICED),DELIVERY-9960C05A75125458,https://paikdabang.com/menu/menu_drink/,,2026-10-04,CURRENT_MENU_LISTED,,,,음료,음료,paik-drink,93DB8C7B6BD4C485B374BB4D30AC7A43216F44A7C2E3F481EA6A7814C31B481B
official-menu-delivery-9a99bf34a17b92fd,빽다방,디카페인 코코넛카페라떼(HOT),DELIVERY-9A99BF34A17B92FD,https://paikdabang.com/menu/menu_coffee/,,2026-10-04,CURRENT_MENU_LISTED,,,,커피,카페,paik-coffee,4A042C16887AFA5FA9867D1A6B5EA69C92371FB6E2B36D18B5CF4723543EFCE5
official-menu-delivery-9b54fe962d6ea09f,빽다방,딸기라떼(ICED),DELIVERY-9B54FE962D6EA09F,https://paikdabang.com/menu/menu_drink/,,2026-10-04,CURRENT_MENU_LISTED,,,,음료,카페,paik-drink,93DB8C7B6BD4C485B374BB4D30AC7A43216F44A7C2E3F481EA6A7814C31B481B
official-menu-delivery-9bf00e2d1259fa9a,빽다방,제로슈거 자몽티(ICED),DELIVERY-9BF00E2D1259FA9A,https://paikdabang.com/menu/menu_drink/,,2026-10-04,CURRENT_MENU_LISTED,,,,음료,음료,paik-drink,93DB8C7B6BD4C485B374BB4D30AC7A43216F44A7C2E3F481EA6A7814C31B481B
official-menu-delivery-9c63113a5de89eb5,빽다방,원조빽스치노(SOFT),DELIVERY-9C63113A5DE89EB5,https://paikdabang.com/menu/menu_ccino/,,2026-10-04,CURRENT_MENU_LISTED,,,,빽스치노,음료,paik-ccino,62482074E444FD28A457E9E7A0C1FA03302A8414F49160AE144B61A0039452DC
official-menu-delivery-9d399629be4f859e,빽다방,요거트 아이스크림,DELIVERY-9D399629BE4F859E,https://paikdabang.com/menu/menu_dessert/,,2026-10-04,CURRENT_MENU_LISTED,,,,디저트,디저트,paik-dessert,51421EA5754B384A23C79AF1023769A29D75618A9C9B56C0ABE45F2C9FDB73E1
official-menu-delivery-9de04b65c75c97ff,빽다방,아이스크림바닐라라떼(ICED),DELIVERY-9DE04B65C75C97FF,https://paikdabang.com/menu/menu_coffee/,,2026-10-04,CURRENT_MENU_LISTED,,,,커피,카페,paik-coffee,4A042C16887AFA5FA9867D1A6B5EA69C92371FB6E2B36D18B5CF4723543EFCE5
official-menu-delivery-9e2c3b11eb3f7bb5,빽다방,말차쿠키 소프트,DELIVERY-9E2C3B11EB3F7BB5,https://paikdabang.com/menu/menu_dessert/,,2026-10-04,CURRENT_MENU_LISTED,,,,디저트,디저트,paik-dessert,51421EA5754B384A23C79AF1023769A29D75618A9C9B56C0ABE45F2C9FDB73E1
official-menu-delivery-9e4bad1077534e5b,빽다방,대추차(HOT),DELIVERY-9E4BAD1077534E5B,https://paikdabang.com/menu/menu_drink/,,2026-10-04,CURRENT_MENU_LISTED,,,,음료,음료,paik-drink,93DB8C7B6BD4C485B374BB4D30AC7A43216F44A7C2E3F481EA6A7814C31B481B
official-menu-delivery-9e5478b5580054fa,빽다방,쿨라임에이드,DELIVERY-9E5478B5580054FA,https://paikdabang.com/menu/menu_drink/,,2026-10-04,CURRENT_MENU_LISTED,,,,음료,음료,paik-drink,93DB8C7B6BD4C485B374BB4D30AC7A43216F44A7C2E3F481EA6A7814C31B481B
official-menu-delivery-9ed30a4f9bde063b,빽다방,제로슈거 레모네이드,DELIVERY-9ED30A4F9BDE063B,https://paikdabang.com/menu/menu_drink/,,2026-10-04,CURRENT_MENU_LISTED,,,,음료,음료,paik-drink,93DB8C7B6BD4C485B374BB4D30AC7A43216F44A7C2E3F481EA6A7814C31B481B
official-menu-delivery-9fbc05c932f7f408,빽다방,애사비(ICED),DELIVERY-9FBC05C932F7F408,https://paikdabang.com/menu/menu_drink/,,2026-10-04,CURRENT_MENU_LISTED,,,,음료,음료,paik-drink,93DB8C7B6BD4C485B374BB4D30AC7A43216F44A7C2E3F481EA6A7814C31B481B
official-menu-delivery-a0491efc3eb49bb4,빽다방,통단팥컵빙수,DELIVERY-A0491EFC3EB49BB4,https://paikdabang.com/menu/menu_dessert/,,2026-10-04,CURRENT_MENU_LISTED,,,,디저트,디저트,paik-dessert,51421EA5754B384A23C79AF1023769A29D75618A9C9B56C0ABE45F2C9FDB73E1
official-menu-delivery-a0a6ae4abdce43df,빽다방,디카페인 바닐라커피 빽스치노(SOFT),DELIVERY-A0A6AE4ABDCE43DF,https://paikdabang.com/menu/menu_ccino/,,2026-10-04,CURRENT_MENU_LISTED,,,,빽스치노,카페,paik-ccino,62482074E444FD28A457E9E7A0C1FA03302A8414F49160AE144B61A0039452DC
official-menu-delivery-a1acb03a670125bf,빽다방,디카페인 바나나카페라떼(HOT),DELIVERY-A1ACB03A670125BF,https://paikdabang.com/menu/menu_coffee/,,2026-10-04,CURRENT_MENU_LISTED,,,,커피,카페,paik-coffee,4A042C16887AFA5FA9867D1A6B5EA69C92371FB6E2B36D18B5CF4723543EFCE5
official-menu-delivery-a3072b3f27f60889,빽다방,말차쿠키 요거트아이스크림,DELIVERY-A3072B3F27F60889,https://paikdabang.com/menu/menu_dessert/,,2026-10-04,CURRENT_MENU_LISTED,,,,디저트,디저트,paik-dessert,51421EA5754B384A23C79AF1023769A29D75618A9C9B56C0ABE45F2C9FDB73E1
official-menu-delivery-a4740645ed514a75,빽다방,우롱티(ICED),DELIVERY-A4740645ED514A75,https://paikdabang.com/menu/menu_drink/,,2026-10-04,CURRENT_MENU_LISTED,,,,음료,음료,paik-drink,93DB8C7B6BD4C485B374BB4D30AC7A43216F44A7C2E3F481EA6A7814C31B481B
official-menu-delivery-a4ed2cfc65d9c3b1,빽다방,디카페인 챔피언스 블랙 벨벳 라떼 ICED,DELIVERY-A4ED2CFC65D9C3B1,https://paikdabang.com/menu/menu_coffee/,,2026-10-04,CURRENT_MENU_LISTED,,,,커피,카페,paik-coffee,4A042C16887AFA5FA9867D1A6B5EA69C92371FB6E2B36D18B5CF4723543EFCE5
official-menu-delivery-a51fb8b7f48b5fc2,빽다방,원조커피(HOT),DELIVERY-A51FB8B7F48B5FC2,https://paikdabang.com/menu/menu_coffee/,,2026-10-04,CURRENT_MENU_LISTED,,,,커피,카페,paik-coffee,4A042C16887AFA5FA9867D1A6B5EA69C92371FB6E2B36D18B5CF4723543EFCE5
official-menu-delivery-a56b2f9a773917a6,빽다방,꿀초링 요거트 아이스크림,DELIVERY-A56B2F9A773917A6,https://paikdabang.com/menu/menu_dessert/,,2026-10-04,CURRENT_MENU_LISTED,,,,디저트,디저트,paik-dessert,51421EA5754B384A23C79AF1023769A29D75618A9C9B56C0ABE45F2C9FDB73E1
official-menu-delivery-a572970a8b5af8de,빽다방,카페라떼(ICED),DELIVERY-A572970A8B5AF8DE,https://paikdabang.com/menu/menu_coffee/,,2026-10-04,CURRENT_MENU_LISTED,,,,커피,카페,paik-coffee,4A042C16887AFA5FA9867D1A6B5EA69C92371FB6E2B36D18B5CF4723543EFCE5
official-menu-delivery-a62cb40479351221,빽다방,디카페인 챔피언스 블랙 벨벳 라떼 HOT,DELIVERY-A62CB40479351221,https://paikdabang.com/menu/menu_coffee/,,2026-10-04,CURRENT_MENU_LISTED,,,,커피,카페,paik-coffee,4A042C16887AFA5FA9867D1A6B5EA69C92371FB6E2B36D18B5CF4723543EFCE5
official-menu-delivery-a878d5f4c4f5c410,빽다방,딸기콕콕 요거트아이스크림,DELIVERY-A878D5F4C4F5C410,https://paikdabang.com/menu/menu_dessert/,,2026-10-04,CURRENT_MENU_LISTED,,,,디저트,디저트,paik-dessert,51421EA5754B384A23C79AF1023769A29D75618A9C9B56C0ABE45F2C9FDB73E1
official-menu-delivery-a8a4b6c1149125e6,빽다방,초코빽스치노(BASIC),DELIVERY-A8A4B6C1149125E6,https://paikdabang.com/menu/menu_ccino/,,2026-10-04,CURRENT_MENU_LISTED,,,,빽스치노,음료,paik-ccino,62482074E444FD28A457E9E7A0C1FA03302A8414F49160AE144B61A0039452DC
official-menu-delivery-a9f2374c559d4f08,빽다방,블루베리치즈 요거트 아이스크림,DELIVERY-A9F2374C559D4F08,https://paikdabang.com/menu/menu_dessert/,,2026-10-04,CURRENT_MENU_LISTED,,,,디저트,디저트,paik-dessert,51421EA5754B384A23C79AF1023769A29D75618A9C9B56C0ABE45F2C9FDB73E1
official-menu-delivery-aa15e98da75d5b60,빽다방,디카페인 생크림 카페라떼(ICED),DELIVERY-AA15E98DA75D5B60,https://paikdabang.com/menu/menu_coffee/,,2026-10-04,CURRENT_MENU_LISTED,,,,커피,카페,paik-coffee,4A042C16887AFA5FA9867D1A6B5EA69C92371FB6E2B36D18B5CF4723543EFCE5
official-menu-delivery-aa161dd6bdab8474,빽다방,포도주스,DELIVERY-AA161DD6BDAB8474,https://paikdabang.com/menu/menu_drink/,,2026-10-04,CURRENT_MENU_LISTED,,,,음료,음료,paik-drink,93DB8C7B6BD4C485B374BB4D30AC7A43216F44A7C2E3F481EA6A7814C31B481B
official-menu-delivery-aa3be376ad614c22,빽다방,토마토 주스(ICED),DELIVERY-AA3BE376AD614C22,https://paikdabang.com/menu/menu_drink/,,2026-10-04,CURRENT_MENU_LISTED,,,,음료,음료,paik-drink,93DB8C7B6BD4C485B374BB4D30AC7A43216F44A7C2E3F481EA6A7814C31B481B
official-menu-delivery-aabb25a837cca854,빽다방,오렌지자몽블랙티(ICED),DELIVERY-AABB25A837CCA854,https://paikdabang.com/menu/menu_drink/,,2026-10-04,CURRENT_MENU_LISTED,,,,음료,음료,paik-drink,93DB8C7B6BD4C485B374BB4D30AC7A43216F44A7C2E3F481EA6A7814C31B481B
official-menu-delivery-abd27a01117f64ee,빽다방,아이스크림카페모카(ICED),DELIVERY-ABD27A01117F64EE,https://paikdabang.com/menu/menu_coffee/,,2026-10-04,CURRENT_MENU_LISTED,,,,커피,카페,paik-coffee,4A042C16887AFA5FA9867D1A6B5EA69C92371FB6E2B36D18B5CF4723543EFCE5
official-menu-delivery-ac2ce4b70f57a000,빽다방,에어폼 아메리카노(ICED),DELIVERY-AC2CE4B70F57A000,https://paikdabang.com/menu/menu_coffee/,,2026-10-04,CURRENT_MENU_LISTED,,,,커피,카페,paik-coffee,4A042C16887AFA5FA9867D1A6B5EA69C92371FB6E2B36D18B5CF4723543EFCE5
official-menu-delivery-ac6b90b3ceeac539,빽다방,블랙 벨벳 자바칩빽스치노 소프트,DELIVERY-AC6B90B3CEEAC539,https://paikdabang.com/menu/menu_ccino/,,2026-10-04,CURRENT_MENU_LISTED,,,,빽스치노,음료,paik-ccino,62482074E444FD28A457E9E7A0C1FA03302A8414F49160AE144B61A0039452DC
official-menu-delivery-ad5b0761fbaab675,빽다방,딸기복숭아 루이보스티,DELIVERY-AD5B0761FBAAB675,https://paikdabang.com/menu/menu_drink/,,2026-10-04,CURRENT_MENU_LISTED,,,,음료,음료,paik-drink,93DB8C7B6BD4C485B374BB4D30AC7A43216F44A7C2E3F481EA6A7814C31B481B
official-menu-delivery-ae0ce4397e065a59,빽다방,디카페인 꿀아메리카노(HOT),DELIVERY-AE0CE4397E065A59,https://paikdabang.com/menu/menu_coffee/,,2026-10-04,CURRENT_MENU_LISTED,,,,커피,카페,paik-coffee,4A042C16887AFA5FA9867D1A6B5EA69C92371FB6E2B36D18B5CF4723543EFCE5
official-menu-delivery-ae25b22edde8e766,빽다방,퐁당치노(원조커피),DELIVERY-AE25B22EDDE8E766,https://paikdabang.com/menu/menu_drink/,,2026-10-04,CURRENT_MENU_LISTED,,,,음료,카페,paik-drink,93DB8C7B6BD4C485B374BB4D30AC7A43216F44A7C2E3F481EA6A7814C31B481B
official-menu-delivery-ae9acfdea65ffa7f,빽다방,쫀득 고구마빵,DELIVERY-AE9ACFDEA65FFA7F,https://paikdabang.com/menu/menu_dessert/,,2026-10-04,CURRENT_MENU_LISTED,,,,디저트,디저트,paik-dessert,51421EA5754B384A23C79AF1023769A29D75618A9C9B56C0ABE45F2C9FDB73E1
official-menu-delivery-aef53eb662e82712,빽다방,디카페인 바나나커피쉐이크,DELIVERY-AEF53EB662E82712,https://paikdabang.com/menu/menu_coffee/,,2026-10-04,CURRENT_MENU_LISTED,,,,커피,카페,paik-coffee,4A042C16887AFA5FA9867D1A6B5EA69C92371FB6E2B36D18B5CF4723543EFCE5
official-menu-delivery-af2adc2ba63bed94,빽다방,사과젤리 청포도스무디,DELIVERY-AF2ADC2BA63BED94,https://paikdabang.com/menu/menu_drink/,,2026-10-04,CURRENT_MENU_LISTED,,,,음료,음료,paik-drink,93DB8C7B6BD4C485B374BB4D30AC7A43216F44A7C2E3F481EA6A7814C31B481B
official-menu-delivery-b04551d6949765e3,빽다방,콜드브루(ICED),DELIVERY-B04551D6949765E3,https://paikdabang.com/menu/menu_coffee/,,2026-10-04,CURRENT_MENU_LISTED,,,,커피,카페,paik-coffee,4A042C16887AFA5FA9867D1A6B5EA69C92371FB6E2B36D18B5CF4723543EFCE5
official-menu-delivery-b0bf91f6910efceb,빽다방,고메버터소금빵,DELIVERY-B0BF91F6910EFCEB,https://paikdabang.com/menu/menu_dessert/,,2026-10-04,CURRENT_MENU_LISTED,,,,디저트,디저트,paik-dessert,51421EA5754B384A23C79AF1023769A29D75618A9C9B56C0ABE45F2C9FDB73E1
official-menu-delivery-b0c66c783b6d3675,빽다방,바닐라커피 빽스치노(SOFT),DELIVERY-B0C66C783B6D3675,https://paikdabang.com/menu/menu_ccino/,,2026-10-04,CURRENT_MENU_LISTED,,,,빽스치노,카페,paik-ccino,62482074E444FD28A457E9E7A0C1FA03302A8414F49160AE144B61A0039452DC
official-menu-delivery-b0f7364cf0a699ff,빽다방,페퍼민트티(HOT),DELIVERY-B0F7364CF0A699FF,https://paikdabang.com/menu/menu_drink/,,2026-10-04,CURRENT_MENU_LISTED,,,,음료,음료,paik-drink,93DB8C7B6BD4C485B374BB4D30AC7A43216F44A7C2E3F481EA6A7814C31B481B
official-menu-delivery-b19c1dcb8b4ac8fa,빽다방,피스타치오 생크림 초코라떼(ICED),DELIVERY-B19C1DCB8B4AC8FA,https://paikdabang.com/menu/menu_drink/,,2026-10-04,CURRENT_MENU_LISTED,,,,음료,카페,paik-drink,93DB8C7B6BD4C485B374BB4D30AC7A43216F44A7C2E3F481EA6A7814C31B481B
official-menu-delivery-b2320d6d4c10be3d,빽다방,식혜(ICED),DELIVERY-B2320D6D4C10BE3D,https://paikdabang.com/menu/menu_drink/,,2026-10-04,CURRENT_MENU_LISTED,,,,음료,음료,paik-drink,93DB8C7B6BD4C485B374BB4D30AC7A43216F44A7C2E3F481EA6A7814C31B481B
official-menu-delivery-b43b211bdc0e39b5,빽다방,디카페인 카페라떼(ICED),DELIVERY-B43B211BDC0E39B5,https://paikdabang.com/menu/menu_coffee/,,2026-10-04,CURRENT_MENU_LISTED,,,,커피,카페,paik-coffee,4A042C16887AFA5FA9867D1A6B5EA69C92371FB6E2B36D18B5CF4723543EFCE5
official-menu-delivery-b4fe9d7d47c36d5b,빽다방,호두카라멜 시나몬롤,DELIVERY-B4FE9D7D47C36D5B,https://paikdabang.com/menu/menu_dessert/,,2026-10-04,CURRENT_MENU_LISTED,,,,디저트,디저트,paik-dessert,51421EA5754B384A23C79AF1023769A29D75618A9C9B56C0ABE45F2C9FDB73E1
official-menu-delivery-b55a15f50f523ca8,빽다방,피스타치오쫀득초코 요거트아이스크림,DELIVERY-B55A15F50F523CA8,https://paikdabang.com/menu/menu_dessert/,,2026-10-04,CURRENT_MENU_LISTED,,,,디저트,디저트,paik-dessert,51421EA5754B384A23C79AF1023769A29D75618A9C9B56C0ABE45F2C9FDB73E1
official-menu-delivery-b65148da4d479249,빽다방,유자티(ICED),DELIVERY-B65148DA4D479249,https://paikdabang.com/menu/menu_drink/,,2026-10-04,CURRENT_MENU_LISTED,,,,음료,음료,paik-drink,93DB8C7B6BD4C485B374BB4D30AC7A43216F44A7C2E3F481EA6A7814C31B481B
official-menu-delivery-b7bec9534ccfd954,빽다방,빽사이즈 달콤아이스티(ICED),DELIVERY-B7BEC9534CCFD954,https://paikdabang.com/menu/menu_drink/,,2026-10-04,CURRENT_MENU_LISTED,,,,음료,음료,paik-drink,93DB8C7B6BD4C485B374BB4D30AC7A43216F44A7C2E3F481EA6A7814C31B481B
official-menu-delivery-b8dab7a640c4e170,빽다방,크리미 콜드브루 카라멜,DELIVERY-B8DAB7A640C4E170,https://paikdabang.com/menu/menu_coffee/,,2026-10-04,CURRENT_MENU_LISTED,,,,커피,카페,paik-coffee,4A042C16887AFA5FA9867D1A6B5EA69C92371FB6E2B36D18B5CF4723543EFCE5
official-menu-delivery-b900d8bc3e272383,빽다방,초코바나나빽스치노(BASIC),DELIVERY-B900D8BC3E272383,https://paikdabang.com/menu/menu_ccino/,,2026-10-04,CURRENT_MENU_LISTED,,,,빽스치노,음료,paik-ccino,62482074E444FD28A457E9E7A0C1FA03302A8414F49160AE144B61A0039452DC
official-menu-delivery-ba10989f385da8f2,빽다방,생크림 카스텔라,DELIVERY-BA10989F385DA8F2,https://paikdabang.com/menu/menu_dessert/,,2026-10-04,CURRENT_MENU_LISTED,,,,디저트,디저트,paik-dessert,51421EA5754B384A23C79AF1023769A29D75618A9C9B56C0ABE45F2C9FDB73E1
official-menu-delivery-ba1b6ebf512e28e8,빽다방,딸기 주스(ICED),DELIVERY-BA1B6EBF512E28E8,https://paikdabang.com/menu/menu_drink/,,2026-10-04,CURRENT_MENU_LISTED,,,,음료,음료,paik-drink,93DB8C7B6BD4C485B374BB4D30AC7A43216F44A7C2E3F481EA6A7814C31B481B
official-menu-delivery-ba4f551a20eb9bc2,빽다방,우베라떼(ICED),DELIVERY-BA4F551A20EB9BC2,https://paikdabang.com/menu/menu_drink/,,2026-10-04,CURRENT_MENU_LISTED,,,,음료,카페,paik-drink,93DB8C7B6BD4C485B374BB4D30AC7A43216F44A7C2E3F481EA6A7814C31B481B
official-menu-delivery-bba54a0877ad869a,빽다방,콜드브루 오리지널 커피원액,DELIVERY-BBA54A0877AD869A,https://paikdabang.com/menu/menu_coffee/,,2026-10-04,CURRENT_MENU_LISTED,,,,커피,카페,paik-coffee,4A042C16887AFA5FA9867D1A6B5EA69C92371FB6E2B36D18B5CF4723543EFCE5
official-menu-delivery-bea74d3da4e428a2,빽다방,아이스크러시 멜론,DELIVERY-BEA74D3DA4E428A2,https://paikdabang.com/menu/menu_drink/,,2026-10-04,CURRENT_MENU_LISTED,,,,음료,음료,paik-drink,93DB8C7B6BD4C485B374BB4D30AC7A43216F44A7C2E3F481EA6A7814C31B481B
official-menu-delivery-bfb4a62db71f33ef,빽다방,디카페인 생크림 아메리카노(ICED),DELIVERY-BFB4A62DB71F33EF,https://paikdabang.com/menu/menu_coffee/,,2026-10-04,CURRENT_MENU_LISTED,,,,커피,카페,paik-coffee,4A042C16887AFA5FA9867D1A6B5EA69C92371FB6E2B36D18B5CF4723543EFCE5
official-menu-delivery-bfe552773573be4c,빽다방,디카페인 챔피언스 유자 아메리카노,DELIVERY-BFE552773573BE4C,https://paikdabang.com/menu/menu_coffee/,,2026-10-04,CURRENT_MENU_LISTED,,,,커피,카페,paik-coffee,4A042C16887AFA5FA9867D1A6B5EA69C92371FB6E2B36D18B5CF4723543EFCE5
official-menu-delivery-c23ada4756c4ac11,빽다방,생크림 우베라떼(ICED),DELIVERY-C23ADA4756C4AC11,https://paikdabang.com/menu/menu_drink/,,2026-10-04,CURRENT_MENU_LISTED,,,,음료,카페,paik-drink,93DB8C7B6BD4C485B374BB4D30AC7A43216F44A7C2E3F481EA6A7814C31B481B
official-menu-delivery-c24660964802dcac,빽다방,햄치즈 샌드위치,DELIVERY-C24660964802DCAC,https://paikdabang.com/menu/menu_dessert/,,2026-10-04,CURRENT_MENU_LISTED,,,,디저트,샌드위치,paik-dessert,51421EA5754B384A23C79AF1023769A29D75618A9C9B56C0ABE45F2C9FDB73E1
official-menu-delivery-c356a6452bffb667,빽다방,프로틴쉐이크 초코,DELIVERY-C356A6452BFFB667,https://paikdabang.com/menu/menu_drink/,,2026-10-04,CURRENT_MENU_LISTED,,,,음료,음료,paik-drink,93DB8C7B6BD4C485B374BB4D30AC7A43216F44A7C2E3F481EA6A7814C31B481B
official-menu-delivery-c3804b56f829def6,빽다방,율무아몬드라떼(ICED),DELIVERY-C3804B56F829DEF6,https://paikdabang.com/menu/menu_drink/,,2026-10-04,CURRENT_MENU_LISTED,,,,음료,카페,paik-drink,93DB8C7B6BD4C485B374BB4D30AC7A43216F44A7C2E3F481EA6A7814C31B481B
official-menu-delivery-c3bab5a3d6beeb48,빽다방,빽사이즈 식혜(ICED),DELIVERY-C3BAB5A3D6BEEB48,https://paikdabang.com/menu/menu_drink/,,2026-10-04,CURRENT_MENU_LISTED,,,,음료,음료,paik-drink,93DB8C7B6BD4C485B374BB4D30AC7A43216F44A7C2E3F481EA6A7814C31B481B
official-menu-delivery-c42bf370004331f6,빽다방,카페모카(HOT),DELIVERY-C42BF370004331F6,https://paikdabang.com/menu/menu_coffee/,,2026-10-04,CURRENT_MENU_LISTED,,,,커피,카페,paik-coffee,4A042C16887AFA5FA9867D1A6B5EA69C92371FB6E2B36D18B5CF4723543EFCE5
official-menu-delivery-c5013f57c2cab46c,빽다방,디카페인 바나나카페라떼(ICED),DELIVERY-C5013F57C2CAB46C,https://paikdabang.com/menu/menu_coffee/,,2026-10-04,CURRENT_MENU_LISTED,,,,커피,카페,paik-coffee,4A042C16887AFA5FA9867D1A6B5EA69C92371FB6E2B36D18B5CF4723543EFCE5
official-menu-delivery-c58f2032a7516e7b,빽다방,고구마라떼(ICED),DELIVERY-C58F2032A7516E7B,https://paikdabang.com/menu/menu_drink/,,2026-10-04,CURRENT_MENU_LISTED,,,,음료,카페,paik-drink,93DB8C7B6BD4C485B374BB4D30AC7A43216F44A7C2E3F481EA6A7814C31B481B
official-menu-delivery-c64d034b4d3cf9ac,빽다방,피스타치오쫀득초코 소프트,DELIVERY-C64D034B4D3CF9AC,https://paikdabang.com/menu/menu_dessert/,,2026-10-04,CURRENT_MENU_LISTED,,,,디저트,디저트,paik-dessert,51421EA5754B384A23C79AF1023769A29D75618A9C9B56C0ABE45F2C9FDB73E1
official-menu-delivery-c6fcd39b25d0e187,빽다방,복숭아 소다,DELIVERY-C6FCD39B25D0E187,https://paikdabang.com/menu/menu_drink/,,2026-10-04,CURRENT_MENU_LISTED,,,,음료,음료,paik-drink,93DB8C7B6BD4C485B374BB4D30AC7A43216F44A7C2E3F481EA6A7814C31B481B
official-menu-delivery-c808fb52309be345,빽다방,딸기앤쿠키 쉐이크,DELIVERY-C808FB52309BE345,https://paikdabang.com/menu/menu_drink/,,2026-10-04,CURRENT_MENU_LISTED,,,,음료,음료,paik-drink,93DB8C7B6BD4C485B374BB4D30AC7A43216F44A7C2E3F481EA6A7814C31B481B
official-menu-delivery-c831d507ca1400bb,빽다방,블루베리요거트스무디(ICED),DELIVERY-C831D507CA1400BB,https://paikdabang.com/menu/menu_drink/,,2026-10-04,CURRENT_MENU_LISTED,,,,음료,음료,paik-drink,93DB8C7B6BD4C485B374BB4D30AC7A43216F44A7C2E3F481EA6A7814C31B481B
official-menu-delivery-c851480dc8750b86,빽다방,빽사이즈 카페라떼(ICED),DELIVERY-C851480DC8750B86,https://paikdabang.com/menu/menu_coffee/,,2026-10-04,CURRENT_MENU_LISTED,,,,커피,카페,paik-coffee,4A042C16887AFA5FA9867D1A6B5EA69C92371FB6E2B36D18B5CF4723543EFCE5
official-menu-delivery-c96db5c37d011251,빽다방,빽사이즈 아이스티샷 망고추가(ICED),DELIVERY-C96DB5C37D011251,https://paikdabang.com/menu/menu_coffee/,,2026-10-04,CURRENT_MENU_LISTED,,,,커피,카페,paik-coffee,4A042C16887AFA5FA9867D1A6B5EA69C92371FB6E2B36D18B5CF4723543EFCE5
official-menu-delivery-c9903f22267b99fb,빽다방,디카페인 바닐라라떼(HOT),DELIVERY-C9903F22267B99FB,https://paikdabang.com/menu/menu_coffee/,,2026-10-04,CURRENT_MENU_LISTED,,,,커피,카페,paik-coffee,4A042C16887AFA5FA9867D1A6B5EA69C92371FB6E2B36D18B5CF4723543EFCE5
official-menu-delivery-c9f9ae50ad96cae8,빽다방,블루베리 컵빙수,DELIVERY-C9F9AE50AD96CAE8,https://paikdabang.com/menu/menu_dessert/,,2026-10-04,CURRENT_MENU_LISTED,,,,디저트,디저트,paik-dessert,51421EA5754B384A23C79AF1023769A29D75618A9C9B56C0ABE45F2C9FDB73E1
official-menu-delivery-cbf122bfb7e8405e,빽다방,제로슈거 납작복숭아 아이스티,DELIVERY-CBF122BFB7E8405E,https://paikdabang.com/menu/menu_drink/,,2026-10-04,CURRENT_MENU_LISTED,,,,음료,음료,paik-drink,93DB8C7B6BD4C485B374BB4D30AC7A43216F44A7C2E3F481EA6A7814C31B481B
official-menu-delivery-cc0ca1bd26a4f0c6,빽다방,디카페인 아이스크림 바닐라라떼,DELIVERY-CC0CA1BD26A4F0C6,https://paikdabang.com/menu/menu_coffee/,,2026-10-04,CURRENT_MENU_LISTED,,,,커피,카페,paik-coffee,4A042C16887AFA5FA9867D1A6B5EA69C92371FB6E2B36D18B5CF4723543EFCE5
official-menu-delivery-cc557103bedbbdb6,빽다방,오렌지자몽블랙티(HOT),DELIVERY-CC557103BEDBBDB6,https://paikdabang.com/menu/menu_drink/,,2026-10-04,CURRENT_MENU_LISTED,,,,음료,음료,paik-drink,93DB8C7B6BD4C485B374BB4D30AC7A43216F44A7C2E3F481EA6A7814C31B481B
official-menu-delivery-cd4fab6def3fedd7,빽다방,말차라떼(ICED),DELIVERY-CD4FAB6DEF3FEDD7,https://paikdabang.com/menu/menu_drink/,,2026-10-04,CURRENT_MENU_LISTED,,,,음료,카페,paik-drink,93DB8C7B6BD4C485B374BB4D30AC7A43216F44A7C2E3F481EA6A7814C31B481B
official-menu-delivery-cf0b89271eccef38,빽다방,디카페인 헤이즐넛라떼(ICED),DELIVERY-CF0B89271ECCEF38,https://paikdabang.com/menu/menu_coffee/,,2026-10-04,CURRENT_MENU_LISTED,,,,커피,카페,paik-coffee,4A042C16887AFA5FA9867D1A6B5EA69C92371FB6E2B36D18B5CF4723543EFCE5
official-menu-delivery-cf4b16c0574b25bf,빽다방,콜드브루 흑당라떼(HOT),DELIVERY-CF4B16C0574B25BF,https://paikdabang.com/menu/menu_coffee/,,2026-10-04,CURRENT_MENU_LISTED,,,,커피,카페,paik-coffee,4A042C16887AFA5FA9867D1A6B5EA69C92371FB6E2B36D18B5CF4723543EFCE5
official-menu-delivery-cffdb571d99b9b62,빽다방,청포도에이드(ICED),DELIVERY-CFFDB571D99B9B62,https://paikdabang.com/menu/menu_drink/,,2026-10-04,CURRENT_MENU_LISTED,,,,음료,음료,paik-drink,93DB8C7B6BD4C485B374BB4D30AC7A43216F44A7C2E3F481EA6A7814C31B481B
official-menu-delivery-d047a36582e72591,빽다방,민트초코라떼(ICED),DELIVERY-D047A36582E72591,https://paikdabang.com/menu/menu_drink/,,2026-10-04,CURRENT_MENU_LISTED,,,,음료,카페,paik-drink,93DB8C7B6BD4C485B374BB4D30AC7A43216F44A7C2E3F481EA6A7814C31B481B
official-menu-delivery-d04dc4ddd9526059,빽다방,초코홀릭 바움쿠헨,DELIVERY-D04DC4DDD9526059,https://paikdabang.com/menu/menu_dessert/,,2026-10-04,CURRENT_MENU_LISTED,,,,디저트,디저트,paik-dessert,51421EA5754B384A23C79AF1023769A29D75618A9C9B56C0ABE45F2C9FDB73E1
official-menu-delivery-d128f58a4885c173,빽다방,말차빽스치노(BASIC),DELIVERY-D128F58A4885C173,https://paikdabang.com/menu/menu_ccino/,,2026-10-04,CURRENT_MENU_LISTED,,,,빽스치노,음료,paik-ccino,62482074E444FD28A457E9E7A0C1FA03302A8414F49160AE144B61A0039452DC
official-menu-delivery-d14bedc399c625f0,빽다방,페퍼민트티(ICED),DELIVERY-D14BEDC399C625F0,https://paikdabang.com/menu/menu_drink/,,2026-10-04,CURRENT_MENU_LISTED,,,,음료,음료,paik-drink,93DB8C7B6BD4C485B374BB4D30AC7A43216F44A7C2E3F481EA6A7814C31B481B
official-menu-delivery-d22e113cc33340ba,빽다방,망고망고 소프트,DELIVERY-D22E113CC33340BA,https://paikdabang.com/menu/menu_dessert/,,2026-10-04,CURRENT_MENU_LISTED,,,,디저트,디저트,paik-dessert,51421EA5754B384A23C79AF1023769A29D75618A9C9B56C0ABE45F2C9FDB73E1
official-menu-delivery-d25f81168da8a917,빽다방,디카페인 콜드브루(HOT),DELIVERY-D25F81168DA8A917,https://paikdabang.com/menu/menu_coffee/,,2026-10-04,CURRENT_MENU_LISTED,,,,커피,카페,paik-coffee,4A042C16887AFA5FA9867D1A6B5EA69C92371FB6E2B36D18B5CF4723543EFCE5
official-menu-delivery-d28ea66a5c3af80f,빽다방,쌍화라떼(HOT),DELIVERY-D28EA66A5C3AF80F,https://paikdabang.com/menu/menu_drink/,,2026-10-04,CURRENT_MENU_LISTED,,,,음료,카페,paik-drink,93DB8C7B6BD4C485B374BB4D30AC7A43216F44A7C2E3F481EA6A7814C31B481B
official-menu-delivery-d2c0840bce0d591e,빽다방,율무아몬드라떼(HOT),DELIVERY-D2C0840BCE0D591E,https://paikdabang.com/menu/menu_drink/,,2026-10-04,CURRENT_MENU_LISTED,,,,음료,카페,paik-drink,93DB8C7B6BD4C485B374BB4D30AC7A43216F44A7C2E3F481EA6A7814C31B481B
official-menu-delivery-d460c44e883e712a,빽다방,쌍화라떼(ICED),DELIVERY-D460C44E883E712A,https://paikdabang.com/menu/menu_drink/,,2026-10-04,CURRENT_MENU_LISTED,,,,음료,카페,paik-drink,93DB8C7B6BD4C485B374BB4D30AC7A43216F44A7C2E3F481EA6A7814C31B481B
official-menu-delivery-d56cb9080ca172cb,빽다방,디카페인 코코넛커피스무디,DELIVERY-D56CB9080CA172CB,https://paikdabang.com/menu/menu_coffee/,,2026-10-04,CURRENT_MENU_LISTED,,,,커피,카페,paik-coffee,4A042C16887AFA5FA9867D1A6B5EA69C92371FB6E2B36D18B5CF4723543EFCE5
official-menu-delivery-d62f6b635f7c0784,빽다방,디카페인 카페라떼(HOT),DELIVERY-D62F6B635F7C0784,https://paikdabang.com/menu/menu_coffee/,,2026-10-04,CURRENT_MENU_LISTED,,,,커피,카페,paik-coffee,4A042C16887AFA5FA9867D1A6B5EA69C92371FB6E2B36D18B5CF4723543EFCE5
official-menu-delivery-d6b683a01e804721,빽다방,딸기 소프트,DELIVERY-D6B683A01E804721,https://paikdabang.com/menu/menu_dessert/,,2026-10-04,CURRENT_MENU_LISTED,,,,디저트,디저트,paik-dessert,51421EA5754B384A23C79AF1023769A29D75618A9C9B56C0ABE45F2C9FDB73E1
official-menu-delivery-d7853fe877154233,빽다방,디카페인 카라멜 마키아또(ICED),DELIVERY-D7853FE877154233,https://paikdabang.com/menu/menu_coffee/,,2026-10-04,CURRENT_MENU_LISTED,,,,커피,카페,paik-coffee,4A042C16887AFA5FA9867D1A6B5EA69C92371FB6E2B36D18B5CF4723543EFCE5
official-menu-delivery-d7908641dc57e936,빽다방,블랙 벨벳 말차라떼 ICED,DELIVERY-D7908641DC57E936,https://paikdabang.com/menu/menu_drink/,,2026-10-04,CURRENT_MENU_LISTED,,,,음료,카페,paik-drink,93DB8C7B6BD4C485B374BB4D30AC7A43216F44A7C2E3F481EA6A7814C31B481B
official-menu-delivery-d840e7bba7377ec1,빽다방,블랙 벨벳 자바칩빽스치노,DELIVERY-D840E7BBA7377EC1,https://paikdabang.com/menu/menu_ccino/,,2026-10-04,CURRENT_MENU_LISTED,,,,빽스치노,음료,paik-ccino,62482074E444FD28A457E9E7A0C1FA03302A8414F49160AE144B61A0039452DC
official-menu-delivery-d87b874019f80f29,빽다방,밀크티(HOT),DELIVERY-D87B874019F80F29,https://paikdabang.com/menu/menu_drink/,,2026-10-04,CURRENT_MENU_LISTED,,,,음료,음료,paik-drink,93DB8C7B6BD4C485B374BB4D30AC7A43216F44A7C2E3F481EA6A7814C31B481B
official-menu-delivery-d946c1927251b74d,빽다방,쫀득 감자빵,DELIVERY-D946C1927251B74D,https://paikdabang.com/menu/menu_dessert/,,2026-10-04,CURRENT_MENU_LISTED,,,,디저트,디저트,paik-dessert,51421EA5754B384A23C79AF1023769A29D75618A9C9B56C0ABE45F2C9FDB73E1
official-menu-delivery-d98193a724dbfb54,빽다방,꿀밤라떼(HOT),DELIVERY-D98193A724DBFB54,https://paikdabang.com/menu/menu_drink/,,2026-10-04,CURRENT_MENU_LISTED,,,,음료,카페,paik-drink,93DB8C7B6BD4C485B374BB4D30AC7A43216F44A7C2E3F481EA6A7814C31B481B
official-menu-delivery-d9f08654f8da2957,빽다방,챔피언스 유자셔벗 아메리카노,DELIVERY-D9F08654F8DA2957,https://paikdabang.com/menu/menu_coffee/,,2026-10-04,CURRENT_MENU_LISTED,,,,커피,카페,paik-coffee,4A042C16887AFA5FA9867D1A6B5EA69C92371FB6E2B36D18B5CF4723543EFCE5
official-menu-delivery-dba9cfa9b6c4478a,빽다방,원조커피크림 미숫가루,DELIVERY-DBA9CFA9B6C4478A,https://paikdabang.com/menu/menu_coffee/,,2026-10-04,CURRENT_MENU_LISTED,,,,커피,카페,paik-coffee,4A042C16887AFA5FA9867D1A6B5EA69C92371FB6E2B36D18B5CF4723543EFCE5
official-menu-delivery-dbf5a8f188bd1fcc,빽다방,자몽티(ICED),DELIVERY-DBF5A8F188BD1FCC,https://paikdabang.com/menu/menu_drink/,,2026-10-04,CURRENT_MENU_LISTED,,,,음료,음료,paik-drink,93DB8C7B6BD4C485B374BB4D30AC7A43216F44A7C2E3F481EA6A7814C31B481B
official-menu-delivery-dc067a6fd9541f6d,빽다방,디카페인 바닐라커피 빽스치노(BASIC),DELIVERY-DC067A6FD9541F6D,https://paikdabang.com/menu/menu_ccino/,,2026-10-04,CURRENT_MENU_LISTED,,,,빽스치노,카페,paik-ccino,62482074E444FD28A457E9E7A0C1FA03302A8414F49160AE144B61A0039452DC
official-menu-delivery-dcb4072824d4a5cc,빽다방,아임파인민트티(ICED),DELIVERY-DCB4072824D4A5CC,https://paikdabang.com/menu/menu_drink/,,2026-10-04,CURRENT_MENU_LISTED,,,,음료,음료,paik-drink,93DB8C7B6BD4C485B374BB4D30AC7A43216F44A7C2E3F481EA6A7814C31B481B
official-menu-delivery-dcedaec0ee9414ba,빽다방,제로슈거 자몽에이드(ICED),DELIVERY-DCEDAEC0EE9414BA,https://paikdabang.com/menu/menu_drink/,,2026-10-04,CURRENT_MENU_LISTED,,,,음료,음료,paik-drink,93DB8C7B6BD4C485B374BB4D30AC7A43216F44A7C2E3F481EA6A7814C31B481B
official-menu-delivery-de4aff7771aa14c0,빽다방,대추라떼(ICED),DELIVERY-DE4AFF7771AA14C0,https://paikdabang.com/menu/menu_drink/,,2026-10-04,CURRENT_MENU_LISTED,,,,음료,카페,paik-drink,93DB8C7B6BD4C485B374BB4D30AC7A43216F44A7C2E3F481EA6A7814C31B481B
official-menu-delivery-df535437465862ef,빽다방,디카페인 크리미 콜드브루 바닐라,DELIVERY-DF535437465862EF,https://paikdabang.com/menu/menu_coffee/,,2026-10-04,CURRENT_MENU_LISTED,,,,커피,카페,paik-coffee,4A042C16887AFA5FA9867D1A6B5EA69C92371FB6E2B36D18B5CF4723543EFCE5
official-menu-delivery-e05c24bb2de5d58e,빽다방,원조커피크림 라떼,DELIVERY-E05C24BB2DE5D58E,https://paikdabang.com/menu/menu_coffee/,,2026-10-04,CURRENT_MENU_LISTED,,,,커피,카페,paik-coffee,4A042C16887AFA5FA9867D1A6B5EA69C92371FB6E2B36D18B5CF4723543EFCE5
official-menu-delivery-e094ce1b10ec9917,빽다방,김천 자두 주스,DELIVERY-E094CE1B10EC9917,https://paikdabang.com/menu/menu_drink/,,2026-10-04,CURRENT_MENU_LISTED,,,,음료,음료,paik-drink,93DB8C7B6BD4C485B374BB4D30AC7A43216F44A7C2E3F481EA6A7814C31B481B
official-menu-delivery-e0b9160156af26eb,빽다방,제로슈거 레몬티(HOT),DELIVERY-E0B9160156AF26EB,https://paikdabang.com/menu/menu_drink/,,2026-10-04,CURRENT_MENU_LISTED,,,,음료,음료,paik-drink,93DB8C7B6BD4C485B374BB4D30AC7A43216F44A7C2E3F481EA6A7814C31B481B
official-menu-delivery-e0c580eda9e31fa6,빽다방,콜드브루라떼(HOT),DELIVERY-E0C580EDA9E31FA6,https://paikdabang.com/menu/menu_coffee/,,2026-10-04,CURRENT_MENU_LISTED,,,,커피,카페,paik-coffee,4A042C16887AFA5FA9867D1A6B5EA69C92371FB6E2B36D18B5CF4723543EFCE5
official-menu-delivery-e1d9ecf6e2087e53,빽다방,율무라떼(HOT),DELIVERY-E1D9ECF6E2087E53,https://paikdabang.com/menu/menu_drink/,,2026-10-04,CURRENT_MENU_LISTED,,,,음료,카페,paik-drink,93DB8C7B6BD4C485B374BB4D30AC7A43216F44A7C2E3F481EA6A7814C31B481B
official-menu-delivery-e245e58ee1d30b09,빽다방,꿀밤라떼(ICED),DELIVERY-E245E58EE1D30B09,https://paikdabang.com/menu/menu_drink/,,2026-10-04,CURRENT_MENU_LISTED,,,,음료,카페,paik-drink,93DB8C7B6BD4C485B374BB4D30AC7A43216F44A7C2E3F481EA6A7814C31B481B
official-menu-delivery-e2b9271fde5dc65b,빽다방,디카페인 피스타치오 생크림 카페라떼(ICED),DELIVERY-E2B9271FDE5DC65B,https://paikdabang.com/menu/menu_coffee/,,2026-10-04,CURRENT_MENU_LISTED,,,,커피,카페,paik-coffee,4A042C16887AFA5FA9867D1A6B5EA69C92371FB6E2B36D18B5CF4723543EFCE5
official-menu-delivery-e2cb3f0e9afbe6a7,빽다방,딸기에이드(ICED),DELIVERY-E2CB3F0E9AFBE6A7,https://paikdabang.com/menu/menu_drink/,,2026-10-04,CURRENT_MENU_LISTED,,,,음료,음료,paik-drink,93DB8C7B6BD4C485B374BB4D30AC7A43216F44A7C2E3F481EA6A7814C31B481B
official-menu-delivery-e2d2f948514d3398,빽다방,코코넛카페라떼(ICED),DELIVERY-E2D2F948514D3398,https://paikdabang.com/menu/menu_coffee/,,2026-10-04,CURRENT_MENU_LISTED,,,,커피,카페,paik-coffee,4A042C16887AFA5FA9867D1A6B5EA69C92371FB6E2B36D18B5CF4723543EFCE5
official-menu-delivery-e501e93da2b2ff28,빽다방,쿠키크런치빽스치노(SOFT),DELIVERY-E501E93DA2B2FF28,https://paikdabang.com/menu/menu_ccino/,,2026-10-04,CURRENT_MENU_LISTED,,,,빽스치노,음료,paik-ccino,62482074E444FD28A457E9E7A0C1FA03302A8414F49160AE144B61A0039452DC
official-menu-delivery-e540637ac3498c53,빽다방,아메리카노(ICED),DELIVERY-E540637AC3498C53,https://paikdabang.com/menu/menu_coffee/,,2026-10-04,CURRENT_MENU_LISTED,,,,커피,카페,paik-coffee,4A042C16887AFA5FA9867D1A6B5EA69C92371FB6E2B36D18B5CF4723543EFCE5
official-menu-delivery-e66b02e878fe20e9,빽다방,레드불 에이드(ICED),DELIVERY-E66B02E878FE20E9,https://paikdabang.com/menu/menu_drink/,,2026-10-04,CURRENT_MENU_LISTED,,,,음료,음료,paik-drink,93DB8C7B6BD4C485B374BB4D30AC7A43216F44A7C2E3F481EA6A7814C31B481B
official-menu-delivery-e7e34915123270fb,빽다방,수정과(ICED),DELIVERY-E7E34915123270FB,https://paikdabang.com/menu/menu_drink/,,2026-10-04,CURRENT_MENU_LISTED,,,,음료,음료,paik-drink,93DB8C7B6BD4C485B374BB4D30AC7A43216F44A7C2E3F481EA6A7814C31B481B
official-menu-delivery-e804e6e1173c2141,빽다방,복숭아 아이스티,DELIVERY-E804E6E1173C2141,https://paikdabang.com/menu/menu_drink/,,2026-10-04,CURRENT_MENU_LISTED,,,,음료,음료,paik-drink,93DB8C7B6BD4C485B374BB4D30AC7A43216F44A7C2E3F481EA6A7814C31B481B
official-menu-delivery-e815e43a1f3dd27f,빽다방,제주감귤주스(ICED),DELIVERY-E815E43A1F3DD27F,https://paikdabang.com/menu/menu_drink/,,2026-10-04,CURRENT_MENU_LISTED,,,,음료,음료,paik-drink,93DB8C7B6BD4C485B374BB4D30AC7A43216F44A7C2E3F481EA6A7814C31B481B
official-menu-delivery-e8d4cd35015c3fb5,빽다방,퐁당치노(바닐라),DELIVERY-E8D4CD35015C3FB5,https://paikdabang.com/menu/menu_drink/,,2026-10-04,CURRENT_MENU_LISTED,,,,음료,음료,paik-drink,93DB8C7B6BD4C485B374BB4D30AC7A43216F44A7C2E3F481EA6A7814C31B481B
official-menu-delivery-e8dceb50fdeafbde,빽다방,고구마라떼(HOT),DELIVERY-E8DCEB50FDEAFBDE,https://paikdabang.com/menu/menu_drink/,,2026-10-04,CURRENT_MENU_LISTED,,,,음료,카페,paik-drink,93DB8C7B6BD4C485B374BB4D30AC7A43216F44A7C2E3F481EA6A7814C31B481B
official-menu-delivery-eb878b3d7f20f20f,빽다방,딸기젤라또 레몬스무디,DELIVERY-EB878B3D7F20F20F,https://paikdabang.com/menu/menu_drink/,,2026-10-04,CURRENT_MENU_LISTED,,,,음료,음료,paik-drink,93DB8C7B6BD4C485B374BB4D30AC7A43216F44A7C2E3F481EA6A7814C31B481B
official-menu-delivery-ebdd177d8d827567,빽다방,생강차(ICED),DELIVERY-EBDD177D8D827567,https://paikdabang.com/menu/menu_drink/,,2026-10-04,CURRENT_MENU_LISTED,,,,음료,음료,paik-drink,93DB8C7B6BD4C485B374BB4D30AC7A43216F44A7C2E3F481EA6A7814C31B481B
official-menu-delivery-ed1b7645423a370e,빽다방,데니쉬 몽블랑,DELIVERY-ED1B7645423A370E,https://paikdabang.com/menu/menu_dessert/,,2026-10-04,CURRENT_MENU_LISTED,,,,디저트,디저트,paik-dessert,51421EA5754B384A23C79AF1023769A29D75618A9C9B56C0ABE45F2C9FDB73E1
official-menu-delivery-ed9b343b880f3cea,빽다방,쿠키크런치빽스치노(BASIC),DELIVERY-ED9B343B880F3CEA,https://paikdabang.com/menu/menu_ccino/,,2026-10-04,CURRENT_MENU_LISTED,,,,빽스치노,음료,paik-ccino,62482074E444FD28A457E9E7A0C1FA03302A8414F49160AE144B61A0039452DC
official-menu-delivery-ee2ea6b9f4fbd311,빽다방,달달연유라떼(HOT),DELIVERY-EE2EA6B9F4FBD311,https://paikdabang.com/menu/menu_coffee/,,2026-10-04,CURRENT_MENU_LISTED,,,,커피,카페,paik-coffee,4A042C16887AFA5FA9867D1A6B5EA69C92371FB6E2B36D18B5CF4723543EFCE5
official-menu-delivery-eee704ad9b998cab,빽다방,디카페인 챔피언스 유자셔벗 아메리카노,DELIVERY-EEE704AD9B998CAB,https://paikdabang.com/menu/menu_coffee/,,2026-10-04,CURRENT_MENU_LISTED,,,,커피,카페,paik-coffee,4A042C16887AFA5FA9867D1A6B5EA69C92371FB6E2B36D18B5CF4723543EFCE5
official-menu-delivery-ef0348da1b821668,빽다방,아메리카노(HOT),DELIVERY-EF0348DA1B821668,https://paikdabang.com/menu/menu_coffee/,,2026-10-04,CURRENT_MENU_LISTED,,,,커피,카페,paik-coffee,4A042C16887AFA5FA9867D1A6B5EA69C92371FB6E2B36D18B5CF4723543EFCE5
official-menu-delivery-ef21cdbf871ca31b,빽다방,수박망고아이스티,DELIVERY-EF21CDBF871CA31B,https://paikdabang.com/menu/menu_drink/,,2026-10-04,CURRENT_MENU_LISTED,,,,음료,음료,paik-drink,93DB8C7B6BD4C485B374BB4D30AC7A43216F44A7C2E3F481EA6A7814C31B481B
official-menu-delivery-f0148af40ebf619d,빽다방,헤이즐넛라떼(ICED),DELIVERY-F0148AF40EBF619D,https://paikdabang.com/menu/menu_coffee/,,2026-10-04,CURRENT_MENU_LISTED,,,,커피,카페,paik-coffee,4A042C16887AFA5FA9867D1A6B5EA69C92371FB6E2B36D18B5CF4723543EFCE5
official-menu-delivery-f28977195952a369,빽다방,빽사이즈 딸기라떼(ICED),DELIVERY-F28977195952A369,https://paikdabang.com/menu/menu_drink/,,2026-10-04,CURRENT_MENU_LISTED,,,,음료,카페,paik-drink,93DB8C7B6BD4C485B374BB4D30AC7A43216F44A7C2E3F481EA6A7814C31B481B
official-menu-delivery-f613c6efa42da1c5,빽다방,민트초코라떼(HOT),DELIVERY-F613C6EFA42DA1C5,https://paikdabang.com/menu/menu_drink/,,2026-10-04,CURRENT_MENU_LISTED,,,,음료,카페,paik-drink,93DB8C7B6BD4C485B374BB4D30AC7A43216F44A7C2E3F481EA6A7814C31B481B
official-menu-delivery-f68a8ac3e40df473,빽다방,코코넛카페라떼(HOT),DELIVERY-F68A8AC3E40DF473,https://paikdabang.com/menu/menu_coffee/,,2026-10-04,CURRENT_MENU_LISTED,,,,커피,카페,paik-coffee,4A042C16887AFA5FA9867D1A6B5EA69C92371FB6E2B36D18B5CF4723543EFCE5
official-menu-delivery-f6f3270a140afa7f,빽다방,청포도플라워(ICED),DELIVERY-F6F3270A140AFA7F,https://paikdabang.com/menu/menu_drink/,,2026-10-04,CURRENT_MENU_LISTED,,,,음료,음료,paik-drink,93DB8C7B6BD4C485B374BB4D30AC7A43216F44A7C2E3F481EA6A7814C31B481B
official-menu-delivery-f752d1698473cbf1,빽다방,메리 더블넛츠 초코라떼(ICED),DELIVERY-F752D1698473CBF1,https://paikdabang.com/menu/menu_drink/,,2026-10-04,CURRENT_MENU_LISTED,,,,음료,카페,paik-drink,93DB8C7B6BD4C485B374BB4D30AC7A43216F44A7C2E3F481EA6A7814C31B481B
official-menu-delivery-f88f1274b64fc6b7,빽다방,레몬티(HOT),DELIVERY-F88F1274B64FC6B7,https://paikdabang.com/menu/menu_drink/,,2026-10-04,CURRENT_MENU_LISTED,,,,음료,음료,paik-drink,93DB8C7B6BD4C485B374BB4D30AC7A43216F44A7C2E3F481EA6A7814C31B481B
official-menu-delivery-f966357787d74372,빽다방,빽사이즈 아메리카노(ICED),DELIVERY-F966357787D74372,https://paikdabang.com/menu/menu_coffee/,,2026-10-04,CURRENT_MENU_LISTED,,,,커피,카페,paik-coffee,4A042C16887AFA5FA9867D1A6B5EA69C92371FB6E2B36D18B5CF4723543EFCE5
official-menu-delivery-f9d570208dfa114a,빽다방,원조커피(ICED),DELIVERY-F9D570208DFA114A,https://paikdabang.com/menu/menu_coffee/,,2026-10-04,CURRENT_MENU_LISTED,,,,커피,카페,paik-coffee,4A042C16887AFA5FA9867D1A6B5EA69C92371FB6E2B36D18B5CF4723543EFCE5
official-menu-delivery-fb1c5475f13cc8cf,빽다방,대추라떼(HOT),DELIVERY-FB1C5475F13CC8CF,https://paikdabang.com/menu/menu_drink/,,2026-10-04,CURRENT_MENU_LISTED,,,,음료,카페,paik-drink,93DB8C7B6BD4C485B374BB4D30AC7A43216F44A7C2E3F481EA6A7814C31B481B
official-menu-delivery-fb8f590ddbb1fdc6,빽다방,에스프레소 소프트,DELIVERY-FB8F590DDBB1FDC6,https://paikdabang.com/menu/menu_dessert/,,2026-10-04,CURRENT_MENU_LISTED,,,,디저트,디저트,paik-dessert,51421EA5754B384A23C79AF1023769A29D75618A9C9B56C0ABE45F2C9FDB73E1
official-menu-delivery-fb9e2b1f04318b13,빽다방,챔피언스 유자 아메리카노,DELIVERY-FB9E2B1F04318B13,https://paikdabang.com/menu/menu_coffee/,,2026-10-04,CURRENT_MENU_LISTED,,,,커피,카페,paik-coffee,4A042C16887AFA5FA9867D1A6B5EA69C92371FB6E2B36D18B5CF4723543EFCE5
official-menu-delivery-fbbf20d6c2ba42b0,빽다방,피치우롱스위티(ICED),DELIVERY-FBBF20D6C2BA42B0,https://paikdabang.com/menu/menu_drink/,,2026-10-04,CURRENT_MENU_LISTED,,,,음료,음료,paik-drink,93DB8C7B6BD4C485B374BB4D30AC7A43216F44A7C2E3F481EA6A7814C31B481B
official-menu-delivery-fc49ec4adb11fc07,빽다방,붕어빵(팥),DELIVERY-FC49EC4ADB11FC07,https://paikdabang.com/menu/menu_dessert/,,2026-10-04,CURRENT_MENU_LISTED,,,,디저트,디저트,paik-dessert,51421EA5754B384A23C79AF1023769A29D75618A9C9B56C0ABE45F2C9FDB73E1
official-menu-delivery-fcee38b2f51a05eb,빽다방,콜드브루 디카페인 커피원액,DELIVERY-FCEE38B2F51A05EB,https://paikdabang.com/menu/menu_coffee/,,2026-10-04,CURRENT_MENU_LISTED,,,,커피,카페,paik-coffee,4A042C16887AFA5FA9867D1A6B5EA69C92371FB6E2B36D18B5CF4723543EFCE5
official-menu-delivery-fdbf705ea9c908e4,빽다방,챔피언스 블랙 벨벳 라떼 HOT,DELIVERY-FDBF705EA9C908E4,https://paikdabang.com/menu/menu_coffee/,,2026-10-04,CURRENT_MENU_LISTED,,,,커피,카페,paik-coffee,4A042C16887AFA5FA9867D1A6B5EA69C92371FB6E2B36D18B5CF4723543EFCE5
official-menu-delivery-2a7f8bbdaa5bab56,새마을식당,항정살,DELIVERY-2A7F8BBDAA5BAB56,https://newmaul.com/sub/menu.php,,2026-10-04,CURRENT_MENU_LISTED,,,,고기류,한식,newmaul-list,FBC240C6560343F2F971B3554242016DC62456982F08F4DD9E769C93D9BAB3B9
official-menu-delivery-420232d0d3bc1e06,새마을식당,열탄대창불고기,DELIVERY-420232D0D3BC1E06,https://newmaul.com/sub/menu.php,,2026-10-04,CURRENT_MENU_LISTED,,,,고기류,한식,newmaul-list,FBC240C6560343F2F971B3554242016DC62456982F08F4DD9E769C93D9BAB3B9
official-menu-delivery-4d73ede0301831f8,새마을식당,새우 품은 열탄불고기,DELIVERY-4D73EDE0301831F8,https://newmaul.com/sub/menu.php,,2026-10-04,CURRENT_MENU_LISTED,,,,고기류,한식,newmaul-list,FBC240C6560343F2F971B3554242016DC62456982F08F4DD9E769C93D9BAB3B9
official-menu-delivery-622e30c180063526,새마을식당,한돈생삼겹살,DELIVERY-622E30C180063526,https://newmaul.com/sub/menu.php,,2026-10-04,CURRENT_MENU_LISTED,,,,고기류,한식,newmaul-list,FBC240C6560343F2F971B3554242016DC62456982F08F4DD9E769C93D9BAB3B9
official-menu-delivery-6cf32b3d7932a507,새마을식당,차돌박이,DELIVERY-6CF32B3D7932A507,https://newmaul.com/sub/menu.php,,2026-10-04,CURRENT_MENU_LISTED,,,,고기류,한식,newmaul-list,FBC240C6560343F2F971B3554242016DC62456982F08F4DD9E769C93D9BAB3B9
official-menu-delivery-7398c8cbca1415a5,새마을식당,한돈생목살,DELIVERY-7398C8CBCA1415A5,https://newmaul.com/sub/menu.php,,2026-10-04,CURRENT_MENU_LISTED,,,,고기류,한식,newmaul-list,FBC240C6560343F2F971B3554242016DC62456982F08F4DD9E769C93D9BAB3B9
official-menu-delivery-7ae5403c6223e94b,새마을식당,한돈수제양념구이,DELIVERY-7AE5403C6223E94B,https://newmaul.com/sub/menu.php,,2026-10-04,CURRENT_MENU_LISTED,,,,고기류,한식,newmaul-list,FBC240C6560343F2F971B3554242016DC62456982F08F4DD9E769C93D9BAB3B9
official-menu-delivery-9acf0bc46bcf0808,새마을식당,훈제막창,DELIVERY-9ACF0BC46BCF0808,https://newmaul.com/sub/menu.php,,2026-10-04,CURRENT_MENU_LISTED,,,,고기류,한식,newmaul-list,FBC240C6560343F2F971B3554242016DC62456982F08F4DD9E769C93D9BAB3B9
official-menu-delivery-9d71b52af2288815,새마을식당,껍데기,DELIVERY-9D71B52AF2288815,https://newmaul.com/sub/menu.php,,2026-10-04,CURRENT_MENU_LISTED,,,,고기류,한식,newmaul-list,FBC240C6560343F2F971B3554242016DC62456982F08F4DD9E769C93D9BAB3B9
official-menu-delivery-c12c56c8ce355317,새마을식당,열탄불고기(기본맛/간장맛/용암맛),DELIVERY-C12C56C8CE355317,https://newmaul.com/sub/menu.php,,2026-10-04,CURRENT_MENU_LISTED,,,,고기류,한식,newmaul-list,FBC240C6560343F2F971B3554242016DC62456982F08F4DD9E769C93D9BAB3B9
official-menu-delivery-fa08a5ee5f748bca,새마을식당,새마을모둠한판,DELIVERY-FA08A5EE5F748BCA,https://newmaul.com/sub/menu.php,,2026-10-04,CURRENT_MENU_LISTED,,,,고기류,한식,newmaul-list,FBC240C6560343F2F971B3554242016DC62456982F08F4DD9E769C93D9BAB3B9
official-menu-delivery-00127162f8c0a8a8,요아정,[요아정 시그니처] 망고초코쉘+내맘대로,DELIVERY-00127162F8C0A8A8,https://yoajung.co.kr/bbs/content.php?co_id=menustore,,2026-10-04,CURRENT_MENU_LISTED,,,,요거트 아이스크림/토핑,디저트,yoajung-list,CB7F5DAB679F11DE014FCC94174D0D5018EB63DAABB07812B835F712B0704454
official-menu-delivery-04b87c1e14a7ab93,요아정,달달자몽의 정석,DELIVERY-04B87C1E14A7AB93,https://yoajung.co.kr/bbs/content.php?co_id=menustore,,2026-10-04,CURRENT_MENU_LISTED,,,,요거트 아이스크림/토핑,디저트,yoajung-list,CB7F5DAB679F11DE014FCC94174D0D5018EB63DAABB07812B835F712B0704454
official-menu-delivery-05de4d914b86bbaa,요아정,[저당 복숭아]내맘대로 복숭아 요거트 아이스크림 + 초코쉘,DELIVERY-05DE4D914B86BBAA,https://yoajung.co.kr/bbs/content.php?co_id=menustore,,2026-10-04,CURRENT_MENU_LISTED,,,,요거트 아이스크림/토핑,디저트,yoajung-list,CB7F5DAB679F11DE014FCC94174D0D5018EB63DAABB07812B835F712B0704454
official-menu-delivery-0935d0cc46b8beaa,요아정,허니 샤인베리 망고,DELIVERY-0935D0CC46B8BEAA,https://yoajung.co.kr/bbs/content.php?co_id=menustore,,2026-10-04,CURRENT_MENU_LISTED,,,,요거트 아이스크림/토핑,디저트,yoajung-list,CB7F5DAB679F11DE014FCC94174D0D5018EB63DAABB07812B835F712B0704454
official-menu-delivery-0aedba801cf0f0ee,요아정,말차 인절미 팥빙수,DELIVERY-0AEDBA801CF0F0EE,https://yoajung.co.kr/bbs/content.php?co_id=menustore,,2026-10-04,CURRENT_MENU_LISTED,,,,요거트 아이스크림/토핑,디저트,yoajung-list,CB7F5DAB679F11DE014FCC94174D0D5018EB63DAABB07812B835F712B0704454
official-menu-delivery-0b94da40c4808721,요아정,자두 50g,DELIVERY-0B94DA40C4808721,https://yoajung.co.kr/bbs/content.php?co_id=menustore,,2026-10-04,CURRENT_MENU_LISTED,,,,요거트 아이스크림/토핑,디저트,yoajung-list,CB7F5DAB679F11DE014FCC94174D0D5018EB63DAABB07812B835F712B0704454
official-menu-delivery-0ce2a920a39a9d93,요아정,멜론 100g,DELIVERY-0CE2A920A39A9D93,https://yoajung.co.kr/bbs/content.php?co_id=menustore,,2026-10-04,CURRENT_MENU_LISTED,,,,요거트 아이스크림/토핑,디저트,yoajung-list,CB7F5DAB679F11DE014FCC94174D0D5018EB63DAABB07812B835F712B0704454
official-menu-delivery-0d08cdff82e816e9,요아정,달콤 샤인멜론볼의 정석,DELIVERY-0D08CDFF82E816E9,https://yoajung.co.kr/bbs/content.php?co_id=menustore,,2026-10-04,CURRENT_MENU_LISTED,,,,요거트 아이스크림/토핑,디저트,yoajung-list,CB7F5DAB679F11DE014FCC94174D0D5018EB63DAABB07812B835F712B0704454
official-menu-delivery-0e6c8b55e351a30e,요아정,해남 초당옥수수 브륄레 빙수,DELIVERY-0E6C8B55E351A30E,https://yoajung.co.kr/bbs/content.php?co_id=menustore,,2026-10-04,CURRENT_MENU_LISTED,,,,요거트 아이스크림/토핑,디저트,yoajung-list,CB7F5DAB679F11DE014FCC94174D0D5018EB63DAABB07812B835F712B0704454
official-menu-delivery-172f31b0b0ddbe91,요아정,무화과가 달콤하구마,DELIVERY-172F31B0B0DDBE91,https://yoajung.co.kr/bbs/content.php?co_id=menustore,,2026-10-04,CURRENT_MENU_LISTED,,,,요거트 아이스크림/토핑,디저트,yoajung-list,CB7F5DAB679F11DE014FCC94174D0D5018EB63DAABB07812B835F712B0704454
official-menu-delivery-1ccfa18bf34c4173,요아정,넛츠리 아사이,DELIVERY-1CCFA18BF34C4173,https://yoajung.co.kr/bbs/content.php?co_id=menustore,,2026-10-04,CURRENT_MENU_LISTED,,,,요거트 아이스크림/토핑,디저트,yoajung-list,CB7F5DAB679F11DE014FCC94174D0D5018EB63DAABB07812B835F712B0704454
official-menu-delivery-1d931741488b8ad6,요아정,요아정 휴닝카이 PICK,DELIVERY-1D931741488B8AD6,https://yoajung.co.kr/bbs/content.php?co_id=menustore,,2026-10-04,CURRENT_MENU_LISTED,,,,요거트 아이스크림/토핑,디저트,yoajung-list,CB7F5DAB679F11DE014FCC94174D0D5018EB63DAABB07812B835F712B0704454
official-menu-delivery-1df174669159ff83,요아정,해남 초당옥수수 브륄레 컵빙수,DELIVERY-1DF174669159FF83,https://yoajung.co.kr/bbs/content.php?co_id=menustore,,2026-10-04,CURRENT_MENU_LISTED,,,,요거트 아이스크림/토핑,디저트,yoajung-list,CB7F5DAB679F11DE014FCC94174D0D5018EB63DAABB07812B835F712B0704454
official-menu-delivery-1e1472791fe74c15,요아정,오렌지 100g,DELIVERY-1E1472791FE74C15,https://yoajung.co.kr/bbs/content.php?co_id=menustore,,2026-10-04,CURRENT_MENU_LISTED,,,,요거트 아이스크림/토핑,디저트,yoajung-list,CB7F5DAB679F11DE014FCC94174D0D5018EB63DAABB07812B835F712B0704454
official-menu-delivery-1f7ee469ed4ffdf7,요아정,그릭 꿀 복숭아 빙수,DELIVERY-1F7EE469ED4FFDF7,https://yoajung.co.kr/bbs/content.php?co_id=menustore,,2026-10-04,CURRENT_MENU_LISTED,,,,요거트 아이스크림/토핑,디저트,yoajung-list,CB7F5DAB679F11DE014FCC94174D0D5018EB63DAABB07812B835F712B0704454
official-menu-delivery-1f8e6c79f13a535d,요아정,망고샤인바나나의 정석,DELIVERY-1F8E6C79F13A535D,https://yoajung.co.kr/bbs/content.php?co_id=menustore,,2026-10-04,CURRENT_MENU_LISTED,,,,요거트 아이스크림/토핑,디저트,yoajung-list,CB7F5DAB679F11DE014FCC94174D0D5018EB63DAABB07812B835F712B0704454
official-menu-delivery-218a74c291758a43,요아정,프리미엄 생망고 빙수,DELIVERY-218A74C291758A43,https://yoajung.co.kr/bbs/content.php?co_id=menustore,,2026-10-04,CURRENT_MENU_LISTED,,,,요거트 아이스크림/토핑,디저트,yoajung-list,CB7F5DAB679F11DE014FCC94174D0D5018EB63DAABB07812B835F712B0704454
official-menu-delivery-24cb34702e16b825,요아정,요아정 연준 PICK,DELIVERY-24CB34702E16B825,https://yoajung.co.kr/bbs/content.php?co_id=menustore,,2026-10-04,CURRENT_MENU_LISTED,,,,요거트 아이스크림/토핑,디저트,yoajung-list,CB7F5DAB679F11DE014FCC94174D0D5018EB63DAABB07812B835F712B0704454
official-menu-delivery-292ec00ca6c742f9,요아정,흑백쿠키의 정석,DELIVERY-292EC00CA6C742F9,https://yoajung.co.kr/bbs/content.php?co_id=menustore,,2026-10-04,CURRENT_MENU_LISTED,,,,요거트 아이스크림/토핑,디저트,yoajung-list,CB7F5DAB679F11DE014FCC94174D0D5018EB63DAABB07812B835F712B0704454
official-menu-delivery-29706ac9e4fa3969,요아정,요아 팥빙의 정석,DELIVERY-29706AC9E4FA3969,https://yoajung.co.kr/bbs/content.php?co_id=menustore,,2026-10-04,CURRENT_MENU_LISTED,,,,요거트 아이스크림/토핑,디저트,yoajung-list,CB7F5DAB679F11DE014FCC94174D0D5018EB63DAABB07812B835F712B0704454
official-menu-delivery-2c5b485a52192119,요아정,행운 찰떡의 정석,DELIVERY-2C5B485A52192119,https://yoajung.co.kr/bbs/content.php?co_id=menustore,,2026-10-04,CURRENT_MENU_LISTED,,,,요거트 아이스크림/토핑,디저트,yoajung-list,CB7F5DAB679F11DE014FCC94174D0D5018EB63DAABB07812B835F712B0704454
official-menu-delivery-305538f29a066b07,요아정,청포도 100g,DELIVERY-305538F29A066B07,https://yoajung.co.kr/bbs/content.php?co_id=menustore,,2026-10-04,CURRENT_MENU_LISTED,,,,요거트 아이스크림/토핑,디저트,yoajung-list,CB7F5DAB679F11DE014FCC94174D0D5018EB63DAABB07812B835F712B0704454
official-menu-delivery-3af45a2792824d80,요아정,무화과 50g,DELIVERY-3AF45A2792824D80,https://yoajung.co.kr/bbs/content.php?co_id=menustore,,2026-10-04,CURRENT_MENU_LISTED,,,,요거트 아이스크림/토핑,디저트,yoajung-list,CB7F5DAB679F11DE014FCC94174D0D5018EB63DAABB07812B835F712B0704454
official-menu-delivery-3be3fbdc1c431f5d,요아정,말차오렌지링 아사이,DELIVERY-3BE3FBDC1C431F5D,https://yoajung.co.kr/bbs/content.php?co_id=menustore,,2026-10-04,CURRENT_MENU_LISTED,,,,요거트 아이스크림/토핑,디저트,yoajung-list,CB7F5DAB679F11DE014FCC94174D0D5018EB63DAABB07812B835F712B0704454
official-menu-delivery-3c7390d63fc16a05,요아정,와르르 리얼 수박 빙수,DELIVERY-3C7390D63FC16A05,https://yoajung.co.kr/bbs/content.php?co_id=menustore,,2026-10-04,CURRENT_MENU_LISTED,,,,요거트 아이스크림/토핑,디저트,yoajung-list,CB7F5DAB679F11DE014FCC94174D0D5018EB63DAABB07812B835F712B0704454
official-menu-delivery-3eab21548bb11a47,요아정,쫀득 인절미 팥 컵빙수,DELIVERY-3EAB21548BB11A47,https://yoajung.co.kr/bbs/content.php?co_id=menustore,,2026-10-04,CURRENT_MENU_LISTED,,,,요거트 아이스크림/토핑,디저트,yoajung-list,CB7F5DAB679F11DE014FCC94174D0D5018EB63DAABB07812B835F712B0704454
official-menu-delivery-3ead333f742bdf37,요아정,망고의 정석,DELIVERY-3EAD333F742BDF37,https://yoajung.co.kr/bbs/content.php?co_id=menustore,,2026-10-04,CURRENT_MENU_LISTED,,,,요거트 아이스크림/토핑,디저트,yoajung-list,CB7F5DAB679F11DE014FCC94174D0D5018EB63DAABB07812B835F712B0704454
official-menu-delivery-4065a2e03b70c914,요아정,빠삭말차 초코쉘의 정석,DELIVERY-4065A2E03B70C914,https://yoajung.co.kr/bbs/content.php?co_id=menustore,,2026-10-04,CURRENT_MENU_LISTED,,,,요거트 아이스크림/토핑,디저트,yoajung-list,CB7F5DAB679F11DE014FCC94174D0D5018EB63DAABB07812B835F712B0704454
official-menu-delivery-41ff02a1c727ab9e,요아정,프리미엄 생망고 컵빙수,DELIVERY-41FF02A1C727AB9E,https://yoajung.co.kr/bbs/content.php?co_id=menustore,,2026-10-04,CURRENT_MENU_LISTED,,,,요거트 아이스크림/토핑,디저트,yoajung-list,CB7F5DAB679F11DE014FCC94174D0D5018EB63DAABB07812B835F712B0704454
official-menu-delivery-45f2405313c9015f,요아정,그릭통통 복숭아,DELIVERY-45F2405313C9015F,https://yoajung.co.kr/bbs/content.php?co_id=menustore,,2026-10-04,CURRENT_MENU_LISTED,,,,요거트 아이스크림/토핑,디저트,yoajung-list,CB7F5DAB679F11DE014FCC94174D0D5018EB63DAABB07812B835F712B0704454
official-menu-delivery-4649fdae5e516b96,요아정,황치즈 미쯔 빙수,DELIVERY-4649FDAE5E516B96,https://yoajung.co.kr/bbs/content.php?co_id=menustore,,2026-10-04,CURRENT_MENU_LISTED,,,,요거트 아이스크림/토핑,디저트,yoajung-list,CB7F5DAB679F11DE014FCC94174D0D5018EB63DAABB07812B835F712B0704454
official-menu-delivery-4e9f84d166a4b7d3,요아정,새콤달콤의 정석,DELIVERY-4E9F84D166A4B7D3,https://yoajung.co.kr/bbs/content.php?co_id=menustore,,2026-10-04,CURRENT_MENU_LISTED,,,,요거트 아이스크림/토핑,디저트,yoajung-list,CB7F5DAB679F11DE014FCC94174D0D5018EB63DAABB07812B835F712B0704454
official-menu-delivery-4ff9abb121f2135f,요아정,민초의 정석,DELIVERY-4FF9ABB121F2135F,https://yoajung.co.kr/bbs/content.php?co_id=menustore,,2026-10-04,CURRENT_MENU_LISTED,,,,요거트 아이스크림/토핑,디저트,yoajung-list,CB7F5DAB679F11DE014FCC94174D0D5018EB63DAABB07812B835F712B0704454
official-menu-delivery-52a7bf16046d04fc,요아정,리얼 꿀 자몽 빙수,DELIVERY-52A7BF16046D04FC,https://yoajung.co.kr/bbs/content.php?co_id=menustore,,2026-10-04,CURRENT_MENU_LISTED,,,,요거트 아이스크림/토핑,디저트,yoajung-list,CB7F5DAB679F11DE014FCC94174D0D5018EB63DAABB07812B835F712B0704454
official-menu-delivery-557b9bc3f9c896ea,요아정,블랙사파이어포도 100g,DELIVERY-557B9BC3F9C896EA,https://yoajung.co.kr/bbs/content.php?co_id=menustore,,2026-10-04,CURRENT_MENU_LISTED,,,,요거트 아이스크림/토핑,디저트,yoajung-list,CB7F5DAB679F11DE014FCC94174D0D5018EB63DAABB07812B835F712B0704454
official-menu-delivery-563ac01d80fdaa7d,요아정,달콤모닝의 정석,DELIVERY-563AC01D80FDAA7D,https://yoajung.co.kr/bbs/content.php?co_id=menustore,,2026-10-04,CURRENT_MENU_LISTED,,,,요거트 아이스크림/토핑,디저트,yoajung-list,CB7F5DAB679F11DE014FCC94174D0D5018EB63DAABB07812B835F712B0704454
official-menu-delivery-5d9e3fcfb4167ec5,요아정,골드망고 (1/2)100g,DELIVERY-5D9E3FCFB4167EC5,https://yoajung.co.kr/bbs/content.php?co_id=menustore,,2026-10-04,CURRENT_MENU_LISTED,,,,요거트 아이스크림/토핑,디저트,yoajung-list,CB7F5DAB679F11DE014FCC94174D0D5018EB63DAABB07812B835F712B0704454
official-menu-delivery-612486637e453a28,요아정,클래식 아사이,DELIVERY-612486637E453A28,https://yoajung.co.kr/bbs/content.php?co_id=menustore,,2026-10-04,CURRENT_MENU_LISTED,,,,요거트 아이스크림/토핑,디저트,yoajung-list,CB7F5DAB679F11DE014FCC94174D0D5018EB63DAABB07812B835F712B0704454
official-menu-delivery-626f25d3390672cb,요아정,빠작 바나나 브륄레,DELIVERY-626F25D3390672CB,https://yoajung.co.kr/bbs/content.php?co_id=menustore,,2026-10-04,CURRENT_MENU_LISTED,,,,요거트 아이스크림/토핑,디저트,yoajung-list,CB7F5DAB679F11DE014FCC94174D0D5018EB63DAABB07812B835F712B0704454
official-menu-delivery-69263f3ece75fb8a,요아정,Individuality의 정석,DELIVERY-69263F3ECE75FB8A,https://yoajung.co.kr/bbs/content.php?co_id=menustore,,2026-10-04,CURRENT_MENU_LISTED,,,,요거트 아이스크림/토핑,디저트,yoajung-list,CB7F5DAB679F11DE014FCC94174D0D5018EB63DAABB07812B835F712B0704454
official-menu-delivery-6ab6ae3f271b0c60,요아정,애플망고 (1/2)100g,DELIVERY-6AB6AE3F271B0C60,https://yoajung.co.kr/bbs/content.php?co_id=menustore,,2026-10-04,CURRENT_MENU_LISTED,,,,요거트 아이스크림/토핑,디저트,yoajung-list,CB7F5DAB679F11DE014FCC94174D0D5018EB63DAABB07812B835F712B0704454
official-menu-delivery-6ad42ecfb810928f,요아정,멜론의 정석,DELIVERY-6AD42ECFB810928F,https://yoajung.co.kr/bbs/content.php?co_id=menustore,,2026-10-04,CURRENT_MENU_LISTED,,,,요거트 아이스크림/토핑,디저트,yoajung-list,CB7F5DAB679F11DE014FCC94174D0D5018EB63DAABB07812B835F712B0704454
official-menu-delivery-73d8e042c81bdd10,요아정,와르르 리얼 수박 컵빙수,DELIVERY-73D8E042C81BDD10,https://yoajung.co.kr/bbs/content.php?co_id=menustore,,2026-10-04,CURRENT_MENU_LISTED,,,,요거트 아이스크림/토핑,디저트,yoajung-list,CB7F5DAB679F11DE014FCC94174D0D5018EB63DAABB07812B835F712B0704454
official-menu-delivery-74cce772f346f7f6,요아정,트윈베리 아사이,DELIVERY-74CCE772F346F7F6,https://yoajung.co.kr/bbs/content.php?co_id=menustore,,2026-10-04,CURRENT_MENU_LISTED,,,,요거트 아이스크림/토핑,디저트,yoajung-list,CB7F5DAB679F11DE014FCC94174D0D5018EB63DAABB07812B835F712B0704454
official-menu-delivery-75f650966617e513,요아정,자몽 100g,DELIVERY-75F650966617E513,https://yoajung.co.kr/bbs/content.php?co_id=menustore,,2026-10-04,CURRENT_MENU_LISTED,,,,요거트 아이스크림/토핑,디저트,yoajung-list,CB7F5DAB679F11DE014FCC94174D0D5018EB63DAABB07812B835F712B0704454
official-menu-delivery-7b9f3d9e259c4591,요아정,황치즈 미쯔 요아정,DELIVERY-7B9F3D9E259C4591,https://yoajung.co.kr/bbs/content.php?co_id=menustore,,2026-10-04,CURRENT_MENU_LISTED,,,,요거트 아이스크림/토핑,디저트,yoajung-list,CB7F5DAB679F11DE014FCC94174D0D5018EB63DAABB07812B835F712B0704454
official-menu-delivery-7ce8706eadb34524,요아정,양즈깐루 복숭아,DELIVERY-7CE8706EADB34524,https://yoajung.co.kr/bbs/content.php?co_id=menustore,,2026-10-04,CURRENT_MENU_LISTED,,,,요거트 아이스크림/토핑,디저트,yoajung-list,CB7F5DAB679F11DE014FCC94174D0D5018EB63DAABB07812B835F712B0704454
official-menu-delivery-7ce9586c1200342f,요아정,초코자몽의 정석,DELIVERY-7CE9586C1200342F,https://yoajung.co.kr/bbs/content.php?co_id=menustore,,2026-10-04,CURRENT_MENU_LISTED,,,,요거트 아이스크림/토핑,디저트,yoajung-list,CB7F5DAB679F11DE014FCC94174D0D5018EB63DAABB07812B835F712B0704454
official-menu-delivery-7e5645d3017c6b0c,요아정,백용과 100g,DELIVERY-7E5645D3017C6B0C,https://yoajung.co.kr/bbs/content.php?co_id=menustore,,2026-10-04,CURRENT_MENU_LISTED,,,,요거트 아이스크림/토핑,디저트,yoajung-list,CB7F5DAB679F11DE014FCC94174D0D5018EB63DAABB07812B835F712B0704454
official-menu-delivery-7ed888cc9da78ef8,요아정,Health의 정석,DELIVERY-7ED888CC9DA78EF8,https://yoajung.co.kr/bbs/content.php?co_id=menustore,,2026-10-04,CURRENT_MENU_LISTED,,,,요거트 아이스크림/토핑,디저트,yoajung-list,CB7F5DAB679F11DE014FCC94174D0D5018EB63DAABB07812B835F712B0704454
official-menu-delivery-82f85fdf2c8613f9,요아정,시그니처 허니 그릭의 정석,DELIVERY-82F85FDF2C8613F9,https://yoajung.co.kr/bbs/content.php?co_id=menustore,,2026-10-04,CURRENT_MENU_LISTED,,,,요거트 아이스크림/토핑,디저트,yoajung-list,CB7F5DAB679F11DE014FCC94174D0D5018EB63DAABB07812B835F712B0704454
official-menu-delivery-876738c9db176c6a,요아정,[요아정 시그니처] 벌집꿀+그래놀라,DELIVERY-876738C9DB176C6A,https://yoajung.co.kr/bbs/content.php?co_id=menustore,,2026-10-04,CURRENT_MENU_LISTED,,,,요거트 아이스크림/토핑,디저트,yoajung-list,CB7F5DAB679F11DE014FCC94174D0D5018EB63DAABB07812B835F712B0704454
official-menu-delivery-88063d1624a43c34,요아정,허니 블루베리 그릭의 정석,DELIVERY-88063D1624A43C34,https://yoajung.co.kr/bbs/content.php?co_id=menustore,,2026-10-04,CURRENT_MENU_LISTED,,,,요거트 아이스크림/토핑,디저트,yoajung-list,CB7F5DAB679F11DE014FCC94174D0D5018EB63DAABB07812B835F712B0704454
official-menu-delivery-89caab9d26bdd580,요아정,[요아정 시그니처] 민트초코쉘+내맘대로,DELIVERY-89CAAB9D26BDD580,https://yoajung.co.kr/bbs/content.php?co_id=menustore,,2026-10-04,CURRENT_MENU_LISTED,,,,요거트 아이스크림/토핑,디저트,yoajung-list,CB7F5DAB679F11DE014FCC94174D0D5018EB63DAABB07812B835F712B0704454
official-menu-delivery-8c85edf6add14933,요아정,두바이 베리초코 아사이,DELIVERY-8C85EDF6ADD14933,https://yoajung.co.kr/bbs/content.php?co_id=menustore,,2026-10-04,CURRENT_MENU_LISTED,,,,요거트 아이스크림/토핑,디저트,yoajung-list,CB7F5DAB679F11DE014FCC94174D0D5018EB63DAABB07812B835F712B0704454
official-menu-delivery-8f810195295d9c20,요아정,쫀득 인절미 팥빙수,DELIVERY-8F810195295D9C20,https://yoajung.co.kr/bbs/content.php?co_id=menustore,,2026-10-04,CURRENT_MENU_LISTED,,,,요거트 아이스크림/토핑,디저트,yoajung-list,CB7F5DAB679F11DE014FCC94174D0D5018EB63DAABB07812B835F712B0704454
official-menu-delivery-8fc5a07d7d73cd0a,요아정,골드 오망고볼의 정석,DELIVERY-8FC5A07D7D73CD0A,https://yoajung.co.kr/bbs/content.php?co_id=menustore,,2026-10-04,CURRENT_MENU_LISTED,,,,요거트 아이스크림/토핑,디저트,yoajung-list,CB7F5DAB679F11DE014FCC94174D0D5018EB63DAABB07812B835F712B0704454
official-menu-delivery-92d654a8d102bc84,요아정,두바이 딥초코 컵빙수,DELIVERY-92D654A8D102BC84,https://yoajung.co.kr/bbs/content.php?co_id=menustore,,2026-10-04,CURRENT_MENU_LISTED,,,,요거트 아이스크림/토핑,디저트,yoajung-list,CB7F5DAB679F11DE014FCC94174D0D5018EB63DAABB07812B835F712B0704454
official-menu-delivery-94798d5b88a258f6,요아정,파인애플 100g,DELIVERY-94798D5B88A258F6,https://yoajung.co.kr/bbs/content.php?co_id=menustore,,2026-10-04,CURRENT_MENU_LISTED,,,,요거트 아이스크림/토핑,디저트,yoajung-list,CB7F5DAB679F11DE014FCC94174D0D5018EB63DAABB07812B835F712B0704454
official-menu-delivery-94eb42e8fee8ab75,요아정,감귤 1개(40g),DELIVERY-94EB42E8FEE8AB75,https://yoajung.co.kr/bbs/content.php?co_id=menustore,,2026-10-04,CURRENT_MENU_LISTED,,,,요거트 아이스크림/토핑,디저트,yoajung-list,CB7F5DAB679F11DE014FCC94174D0D5018EB63DAABB07812B835F712B0704454
official-menu-delivery-97215a8bbb5bc4e2,요아정,딸기 100g,DELIVERY-97215A8BBB5BC4E2,https://yoajung.co.kr/bbs/content.php?co_id=menustore,,2026-10-04,CURRENT_MENU_LISTED,,,,요거트 아이스크림/토핑,디저트,yoajung-list,CB7F5DAB679F11DE014FCC94174D0D5018EB63DAABB07812B835F712B0704454
official-menu-delivery-9cceb4d76cedf735,요아정,[요아정 시그니처] 초코쉘+내맘대로,DELIVERY-9CCEB4D76CEDF735,https://yoajung.co.kr/bbs/content.php?co_id=menustore,,2026-10-04,CURRENT_MENU_LISTED,,,,요거트 아이스크림/토핑,디저트,yoajung-list,CB7F5DAB679F11DE014FCC94174D0D5018EB63DAABB07812B835F712B0704454
official-menu-delivery-9d9c64c6eefb9c34,요아정,오몽코코 아사이,DELIVERY-9D9C64C6EEFB9C34,https://yoajung.co.kr/bbs/content.php?co_id=menustore,,2026-10-04,CURRENT_MENU_LISTED,,,,요거트 아이스크림/토핑,디저트,yoajung-list,CB7F5DAB679F11DE014FCC94174D0D5018EB63DAABB07812B835F712B0704454
official-menu-delivery-a1fd8023d65e37ce,요아정,그린키위 1개(93g),DELIVERY-A1FD8023D65E37CE,https://yoajung.co.kr/bbs/content.php?co_id=menustore,,2026-10-04,CURRENT_MENU_LISTED,,,,요거트 아이스크림/토핑,디저트,yoajung-list,CB7F5DAB679F11DE014FCC94174D0D5018EB63DAABB07812B835F712B0704454
official-menu-delivery-a87bbe377777ca9e,요아정,망고차차 아사이,DELIVERY-A87BBE377777CA9E,https://yoajung.co.kr/bbs/content.php?co_id=menustore,,2026-10-04,CURRENT_MENU_LISTED,,,,요거트 아이스크림/토핑,디저트,yoajung-list,CB7F5DAB679F11DE014FCC94174D0D5018EB63DAABB07812B835F712B0704454
official-menu-delivery-abd234d0577a5a89,요아정,순수 요거트 빙수,DELIVERY-ABD234D0577A5A89,https://yoajung.co.kr/bbs/content.php?co_id=menustore,,2026-10-04,CURRENT_MENU_LISTED,,,,요거트 아이스크림/토핑,디저트,yoajung-list,CB7F5DAB679F11DE014FCC94174D0D5018EB63DAABB07812B835F712B0704454
official-menu-delivery-ada870f75da9bc59,요아정,허니자몽링 아사이,DELIVERY-ADA870F75DA9BC59,https://yoajung.co.kr/bbs/content.php?co_id=menustore,,2026-10-04,CURRENT_MENU_LISTED,,,,요거트 아이스크림/토핑,디저트,yoajung-list,CB7F5DAB679F11DE014FCC94174D0D5018EB63DAABB07812B835F712B0704454
official-menu-delivery-b059a0373b76c050,요아정,[저당 복숭아] 리틀어피치 허니 그래 복숭아,DELIVERY-B059A0373B76C050,https://yoajung.co.kr/bbs/content.php?co_id=menustore,,2026-10-04,CURRENT_MENU_LISTED,,,,요거트 아이스크림/토핑,디저트,yoajung-list,CB7F5DAB679F11DE014FCC94174D0D5018EB63DAABB07812B835F712B0704454
official-menu-delivery-b490fb0c5aebc472,요아정,빠삭 두바이 초코쉘,DELIVERY-B490FB0C5AEBC472,https://yoajung.co.kr/bbs/content.php?co_id=menustore,,2026-10-04,CURRENT_MENU_LISTED,,,,요거트 아이스크림/토핑,디저트,yoajung-list,CB7F5DAB679F11DE014FCC94174D0D5018EB63DAABB07812B835F712B0704454
official-menu-delivery-b5ce03a15da48c80,요아정,호박인절미 빠작하구마,DELIVERY-B5CE03A15DA48C80,https://yoajung.co.kr/bbs/content.php?co_id=menustore,,2026-10-04,CURRENT_MENU_LISTED,,,,요거트 아이스크림/토핑,디저트,yoajung-list,CB7F5DAB679F11DE014FCC94174D0D5018EB63DAABB07812B835F712B0704454
official-menu-delivery-b6ad625519722f47,요아정,말차숲 오렌지의 정석,DELIVERY-B6AD625519722F47,https://yoajung.co.kr/bbs/content.php?co_id=menustore,,2026-10-04,CURRENT_MENU_LISTED,,,,요거트 아이스크림/토핑,디저트,yoajung-list,CB7F5DAB679F11DE014FCC94174D0D5018EB63DAABB07812B835F712B0704454
official-menu-delivery-b971169c6f9643d8,요아정,와르르 허니 멜론 빙수,DELIVERY-B971169C6F9643D8,https://yoajung.co.kr/bbs/content.php?co_id=menustore,,2026-10-04,CURRENT_MENU_LISTED,,,,요거트 아이스크림/토핑,디저트,yoajung-list,CB7F5DAB679F11DE014FCC94174D0D5018EB63DAABB07812B835F712B0704454
official-menu-delivery-bbdc2a2e1e65e707,요아정,Premium의 정석,DELIVERY-BBDC2A2E1E65E707,https://yoajung.co.kr/bbs/content.php?co_id=menustore,,2026-10-04,CURRENT_MENU_LISTED,,,,요거트 아이스크림/토핑,디저트,yoajung-list,CB7F5DAB679F11DE014FCC94174D0D5018EB63DAABB07812B835F712B0704454
official-menu-delivery-bfb30b4b49a37d44,요아정,[저당 복숭아] 리틀어피치 스윗 그릭보바 복숭아,DELIVERY-BFB30B4B49A37D44,https://yoajung.co.kr/bbs/content.php?co_id=menustore,,2026-10-04,CURRENT_MENU_LISTED,,,,요거트 아이스크림/토핑,디저트,yoajung-list,CB7F5DAB679F11DE014FCC94174D0D5018EB63DAABB07812B835F712B0704454
official-menu-delivery-c1d1221f5d87593c,요아정,무지개 요아정,DELIVERY-C1D1221F5D87593C,https://yoajung.co.kr/bbs/content.php?co_id=menustore,,2026-10-04,CURRENT_MENU_LISTED,,,,요거트 아이스크림/토핑,디저트,yoajung-list,CB7F5DAB679F11DE014FCC94174D0D5018EB63DAABB07812B835F712B0704454
official-menu-delivery-c51de5fc630b668a,요아정,요아정 수빈 PICK,DELIVERY-C51DE5FC630B668A,https://yoajung.co.kr/bbs/content.php?co_id=menustore,,2026-10-04,CURRENT_MENU_LISTED,,,,요거트 아이스크림/토핑,디저트,yoajung-list,CB7F5DAB679F11DE014FCC94174D0D5018EB63DAABB07812B835F712B0704454
official-menu-delivery-ce86db77683ec99c,요아정,블루베리의 정석,DELIVERY-CE86DB77683EC99C,https://yoajung.co.kr/bbs/content.php?co_id=menustore,,2026-10-04,CURRENT_MENU_LISTED,,,,요거트 아이스크림/토핑,디저트,yoajung-list,CB7F5DAB679F11DE014FCC94174D0D5018EB63DAABB07812B835F712B0704454
official-menu-delivery-d01d66d19dd8affb,요아정,오자몽의 정석,DELIVERY-D01D66D19DD8AFFB,https://yoajung.co.kr/bbs/content.php?co_id=menustore,,2026-10-04,CURRENT_MENU_LISTED,,,,요거트 아이스크림/토핑,디저트,yoajung-list,CB7F5DAB679F11DE014FCC94174D0D5018EB63DAABB07812B835F712B0704454
official-menu-delivery-d1f6f93ebef82c1d,요아정,요아정 태현 PICK,DELIVERY-D1F6F93EBEF82C1D,https://yoajung.co.kr/bbs/content.php?co_id=menustore,,2026-10-04,CURRENT_MENU_LISTED,,,,요거트 아이스크림/토핑,디저트,yoajung-list,CB7F5DAB679F11DE014FCC94174D0D5018EB63DAABB07812B835F712B0704454
official-menu-delivery-d246707efb687f46,요아정,바나나 100g,DELIVERY-D246707EFB687F46,https://yoajung.co.kr/bbs/content.php?co_id=menustore,,2026-10-04,CURRENT_MENU_LISTED,,,,요거트 아이스크림/토핑,디저트,yoajung-list,CB7F5DAB679F11DE014FCC94174D0D5018EB63DAABB07812B835F712B0704454
official-menu-delivery-d319c540baf5fa31,요아정,요아정 범규 PICK,DELIVERY-D319C540BAF5FA31,https://yoajung.co.kr/bbs/content.php?co_id=menustore,,2026-10-04,CURRENT_MENU_LISTED,,,,요거트 아이스크림/토핑,디저트,yoajung-list,CB7F5DAB679F11DE014FCC94174D0D5018EB63DAABB07812B835F712B0704454
official-menu-delivery-d9fb5e4cfb5dbc5b,요아정,그레이프베리 아사이,DELIVERY-D9FB5E4CFB5DBC5B,https://yoajung.co.kr/bbs/content.php?co_id=menustore,,2026-10-04,CURRENT_MENU_LISTED,,,,요거트 아이스크림/토핑,디저트,yoajung-list,CB7F5DAB679F11DE014FCC94174D0D5018EB63DAABB07812B835F712B0704454
official-menu-delivery-dbcb4562c1b300aa,요아정,[저당 복숭아] 리틀어피치 자몽 톡톡 복숭아,DELIVERY-DBCB4562C1B300AA,https://yoajung.co.kr/bbs/content.php?co_id=menustore,,2026-10-04,CURRENT_MENU_LISTED,,,,요거트 아이스크림/토핑,디저트,yoajung-list,CB7F5DAB679F11DE014FCC94174D0D5018EB63DAABB07812B835F712B0704454
official-menu-delivery-ddfef8d6a3766a86,요아정,트로피칼 아사이망고,DELIVERY-DDFEF8D6A3766A86,https://yoajung.co.kr/bbs/content.php?co_id=menustore,,2026-10-04,CURRENT_MENU_LISTED,,,,요거트 아이스크림/토핑,디저트,yoajung-list,CB7F5DAB679F11DE014FCC94174D0D5018EB63DAABB07812B835F712B0704454
official-menu-delivery-e30908584776106b,요아정,허니 무화과 몽땅,DELIVERY-E30908584776106B,https://yoajung.co.kr/bbs/content.php?co_id=menustore,,2026-10-04,CURRENT_MENU_LISTED,,,,요거트 아이스크림/토핑,디저트,yoajung-list,CB7F5DAB679F11DE014FCC94174D0D5018EB63DAABB07812B835F712B0704454
official-menu-delivery-e47c913f0bf28f28,요아정,샤인머스캣 100g,DELIVERY-E47C913F0BF28F28,https://yoajung.co.kr/bbs/content.php?co_id=menustore,,2026-10-04,CURRENT_MENU_LISTED,,,,요거트 아이스크림/토핑,디저트,yoajung-list,CB7F5DAB679F11DE014FCC94174D0D5018EB63DAABB07812B835F712B0704454
official-menu-delivery-e61825b0f23731ab,요아정,[요아정 시그니처] 멜론쉘+내맘대로,DELIVERY-E61825B0F23731AB,https://yoajung.co.kr/bbs/content.php?co_id=menustore,,2026-10-04,CURRENT_MENU_LISTED,,,,요거트 아이스크림/토핑,디저트,yoajung-list,CB7F5DAB679F11DE014FCC94174D0D5018EB63DAABB07812B835F712B0704454
official-menu-delivery-ec2d78416eaae216,요아정,허니 무화과 그릭의 정석,DELIVERY-EC2D78416EAAE216,https://yoajung.co.kr/bbs/content.php?co_id=menustore,,2026-10-04,CURRENT_MENU_LISTED,,,,요거트 아이스크림/토핑,디저트,yoajung-list,CB7F5DAB679F11DE014FCC94174D0D5018EB63DAABB07812B835F712B0704454
official-menu-delivery-f1803dc543b3559a,요아정,블루베리 50g,DELIVERY-F1803DC543B3559A,https://yoajung.co.kr/bbs/content.php?co_id=menustore,,2026-10-04,CURRENT_MENU_LISTED,,,,요거트 아이스크림/토핑,디저트,yoajung-list,CB7F5DAB679F11DE014FCC94174D0D5018EB63DAABB07812B835F712B0704454
official-menu-delivery-f2437269fa0f85f8,요아정,두바이 딥초코 빙수,DELIVERY-F2437269FA0F85F8,https://yoajung.co.kr/bbs/content.php?co_id=menustore,,2026-10-04,CURRENT_MENU_LISTED,,,,요거트 아이스크림/토핑,디저트,yoajung-list,CB7F5DAB679F11DE014FCC94174D0D5018EB63DAABB07812B835F712B0704454
official-menu-delivery-f6c900f275982aac,요아정,골든키위 1개(83g),DELIVERY-F6C900F275982AAC,https://yoajung.co.kr/bbs/content.php?co_id=menustore,,2026-10-04,CURRENT_MENU_LISTED,,,,요거트 아이스크림/토핑,디저트,yoajung-list,CB7F5DAB679F11DE014FCC94174D0D5018EB63DAABB07812B835F712B0704454
official-menu-delivery-f7aa2dc87d6a2cc7,요아정,[요아정 시그니처] 딸기우유초코쉘+내맘대로,DELIVERY-F7AA2DC87D6A2CC7,https://yoajung.co.kr/bbs/content.php?co_id=menustore,,2026-10-04,CURRENT_MENU_LISTED,,,,요거트 아이스크림/토핑,디저트,yoajung-list,CB7F5DAB679F11DE014FCC94174D0D5018EB63DAABB07812B835F712B0704454
official-menu-delivery-f88b907a9e6012f5,요아정,달콤청포도의 정석,DELIVERY-F88B907A9E6012F5,https://yoajung.co.kr/bbs/content.php?co_id=menustore,,2026-10-04,CURRENT_MENU_LISTED,,,,요거트 아이스크림/토핑,디저트,yoajung-list,CB7F5DAB679F11DE014FCC94174D0D5018EB63DAABB07812B835F712B0704454
official-menu-delivery-fafa7dc8d69986c3,요아정,카카오맘보 아사이,DELIVERY-FAFA7DC8D69986C3,https://yoajung.co.kr/bbs/content.php?co_id=menustore,,2026-10-04,CURRENT_MENU_LISTED,,,,요거트 아이스크림/토핑,디저트,yoajung-list,CB7F5DAB679F11DE014FCC94174D0D5018EB63DAABB07812B835F712B0704454
official-menu-delivery-ff29215a7c727fe0,요아정,요아정 스쿱볼의 정석,DELIVERY-FF29215A7C727FE0,https://yoajung.co.kr/bbs/content.php?co_id=menustore,,2026-10-04,CURRENT_MENU_LISTED,,,,요거트 아이스크림/토핑,디저트,yoajung-list,CB7F5DAB679F11DE014FCC94174D0D5018EB63DAABB07812B835F712B0704454
official-menu-delivery-09fa0b1567e9d430,족발야시장,마늘보쌈,DELIVERY-09FA0B1567E9D430,https://xn--ih3bm7ju8bi1cb3a.com/html/menu.html,,2026-10-04,CURRENT_MENU_LISTED,,,,,족발·보쌈,jokbal-menu-resolved,4F9C71761226C92676CC48DF7475FC2094C4CB0214F50D05406CC27895CB499D
official-menu-delivery-0d386ed27f49ce70,족발야시장,보쌈,DELIVERY-0D386ED27F49CE70,https://xn--ih3bm7ju8bi1cb3a.com/html/menu.html,,2026-10-04,CURRENT_MENU_LISTED,,,,,족발·보쌈,jokbal-menu-resolved,4F9C71761226C92676CC48DF7475FC2094C4CB0214F50D05406CC27895CB499D
official-menu-delivery-3cbb2fde96ebfb73,족발야시장,강릉식물회족발,DELIVERY-3CBB2FDE96EBFB73,https://xn--ih3bm7ju8bi1cb3a.com/html/menu.html,,2026-10-04,CURRENT_MENU_LISTED,,,,,족발·보쌈,jokbal-menu-resolved,4F9C71761226C92676CC48DF7475FC2094C4CB0214F50D05406CC27895CB499D
official-menu-delivery-596e866d8e73505b,족발야시장,냉채족발,DELIVERY-596E866D8E73505B,https://xn--ih3bm7ju8bi1cb3a.com/html/menu.html,,2026-10-04,CURRENT_MENU_LISTED,,,,,족발·보쌈,jokbal-menu-resolved,4F9C71761226C92676CC48DF7475FC2094C4CB0214F50D05406CC27895CB499D
official-menu-delivery-71d954cb57ae087c,족발야시장,반반족발,DELIVERY-71D954CB57AE087C,https://xn--ih3bm7ju8bi1cb3a.com/html/menu.html,,2026-10-04,CURRENT_MENU_LISTED,,,,,족발·보쌈,jokbal-menu-resolved,4F9C71761226C92676CC48DF7475FC2094C4CB0214F50D05406CC27895CB499D
official-menu-delivery-8768ac6580a9c532,족발야시장,가브리보쌈삼합,DELIVERY-8768AC6580A9C532,https://xn--ih3bm7ju8bi1cb3a.com/html/menu.html,,2026-10-04,CURRENT_MENU_LISTED,,,,,족발·보쌈,jokbal-menu-resolved,4F9C71761226C92676CC48DF7475FC2094C4CB0214F50D05406CC27895CB499D
official-menu-delivery-a9b90271f59d4a5a,족발야시장,족마호크,DELIVERY-A9B90271F59D4A5A,https://xn--ih3bm7ju8bi1cb3a.com/html/menu.html,,2026-10-04,CURRENT_MENU_LISTED,,,,,,jokbal-menu-resolved,4F9C71761226C92676CC48DF7475FC2094C4CB0214F50D05406CC27895CB499D
official-menu-delivery-bee77c773c0dc525,족발야시장,보양누룽지족발,DELIVERY-BEE77C773C0DC525,https://xn--ih3bm7ju8bi1cb3a.com/html/menu.html,,2026-10-04,CURRENT_MENU_LISTED,,,,,족발·보쌈,jokbal-menu-resolved,4F9C71761226C92676CC48DF7475FC2094C4CB0214F50D05406CC27895CB499D
official-menu-delivery-ccc173ef6e82137b,족발야시장,족발보쌈세트,DELIVERY-CCC173EF6E82137B,https://xn--ih3bm7ju8bi1cb3a.com/html/menu.html,,2026-10-04,CURRENT_MENU_LISTED,,,,,족발·보쌈,jokbal-menu-resolved,4F9C71761226C92676CC48DF7475FC2094C4CB0214F50D05406CC27895CB499D
official-menu-delivery-e1f7aa2653bcbf49,족발야시장,마늘족발,DELIVERY-E1F7AA2653BCBF49,https://xn--ih3bm7ju8bi1cb3a.com/html/menu.html,,2026-10-04,CURRENT_MENU_LISTED,,,,,족발·보쌈,jokbal-menu-resolved,4F9C71761226C92676CC48DF7475FC2094C4CB0214F50D05406CC27895CB499D
official-menu-delivery-ebfda7fbb57e7b4a,족발야시장,오리지널 족발,DELIVERY-EBFDA7FBB57E7B4A,https://xn--ih3bm7ju8bi1cb3a.com/html/menu.html,,2026-10-04,CURRENT_MENU_LISTED,,,,,족발·보쌈,jokbal-menu-resolved,4F9C71761226C92676CC48DF7475FC2094C4CB0214F50D05406CC27895CB499D
official-menu-delivery-fc1ad5aad21701a9,족발야시장,직화불족발,DELIVERY-FC1AD5AAD21701A9,https://xn--ih3bm7ju8bi1cb3a.com/html/menu.html,,2026-10-04,CURRENT_MENU_LISTED,,,,,족발·보쌈,jokbal-menu-resolved,4F9C71761226C92676CC48DF7475FC2094C4CB0214F50D05406CC27895CB499D
official-menu-delivery-435e0fc6400ab28b,지코바,스틱,DELIVERY-435E0FC6400AB28B,http://www.gcova.co.kr/sub_3_4.htm,,2026-10-04,CURRENT_MENU_LISTED,,,,치킨,치킨,gcova-chicken4,6D34D67766ECAD93BC0EE963EB11BEE1554589180B7B7BC85B980B9BBFA075CE
official-menu-delivery-c65c698d3d50b63c,지코바,윙,DELIVERY-C65C698D3D50B63C,http://www.gcova.co.kr/sub_3_3.htm,,2026-10-04,CURRENT_MENU_LISTED,,,,치킨,치킨,gcova-chicken3,334134CB9760A4452CDCA1C6336F61A90395528A268719B7977B3657368A9241
official-menu-delivery-edca6b04e26615dd,지코바,순살,DELIVERY-EDCA6B04E26615DD,http://www.gcova.co.kr/sub_3_6.htm,,2026-10-04,CURRENT_MENU_LISTED,,,,치킨,치킨,gcova-chicken6,7AAF43C0AD25B0404DC3B6D30EB672F97BAE152603F22361F5907C7254F5D1C9
official-menu-delivery-01a6cf201b3d581f,처갓집양념치킨,핫슈프림 양념치킨,DELIVERY-01A6CF201B3D581F,https://www.cheogajip.co.kr/bbs/board.php?bo_table=menu,,2026-10-04,CURRENT_MENU_LISTED,,,,치킨,치킨,cheogajip-menu,94EE6FB7FBAFC4B94FCDE21D7618490C6853EC70AE22107C09928B7DA7E36E43
official-menu-delivery-128fe825fdd94225,처갓집양념치킨,치즈슈프림 양념치킨,DELIVERY-128FE825FDD94225,https://www.cheogajip.co.kr/bbs/board.php?bo_table=menu,,2026-10-04,CURRENT_MENU_LISTED,,,,치킨,치킨,cheogajip-menu,94EE6FB7FBAFC4B94FCDE21D7618490C6853EC70AE22107C09928B7DA7E36E43
official-menu-delivery-31a7247ef3121fbd,처갓집양념치킨,후라이드치킨,DELIVERY-31A7247EF3121FBD,https://www.cheogajip.co.kr/bbs/board.php?bo_table=menu,,2026-10-04,CURRENT_MENU_LISTED,,,,치킨,치킨,cheogajip-menu,94EE6FB7FBAFC4B94FCDE21D7618490C6853EC70AE22107C09928B7DA7E36E43
official-menu-delivery-331beed6314bc2fe,처갓집양념치킨,THE.화이트치킨 골드치즈,DELIVERY-331BEED6314BC2FE,https://www.cheogajip.co.kr/bbs/board.php?bo_table=menu,,2026-10-04,CURRENT_MENU_LISTED,,,,치킨,치킨,cheogajip-menu,94EE6FB7FBAFC4B94FCDE21D7618490C6853EC70AE22107C09928B7DA7E36E43
official-menu-delivery-3600960c0cb44467,처갓집양념치킨,처갓집라이스,DELIVERY-3600960C0CB44467,https://www.cheogajip.co.kr/bbs/board.php?bo_table=menu,,2026-10-04,CURRENT_MENU_LISTED,,,,사이드,,cheogajip-menu,94EE6FB7FBAFC4B94FCDE21D7618490C6853EC70AE22107C09928B7DA7E36E43
official-menu-delivery-4bf76d2da79a2bc1,처갓집양념치킨,THE.화이트치킨 파인유자,DELIVERY-4BF76D2DA79A2BC1,https://www.cheogajip.co.kr/bbs/board.php?bo_table=menu,,2026-10-04,CURRENT_MENU_LISTED,,,,치킨,치킨,cheogajip-menu,94EE6FB7FBAFC4B94FCDE21D7618490C6853EC70AE22107C09928B7DA7E36E43
official-menu-delivery-53fbc04ac7ce7051,처갓집양념치킨,THE.화이트치킨 슈프림,DELIVERY-53FBC04AC7CE7051,https://www.cheogajip.co.kr/bbs/board.php?bo_table=menu,,2026-10-04,CURRENT_MENU_LISTED,,,,치킨,치킨,cheogajip-menu,94EE6FB7FBAFC4B94FCDE21D7618490C6853EC70AE22107C09928B7DA7E36E43
official-menu-delivery-56e8357f381529d1,처갓집양념치킨,매운불 양념치킨,DELIVERY-56E8357F381529D1,https://www.cheogajip.co.kr/bbs/board.php?bo_table=menu,,2026-10-04,CURRENT_MENU_LISTED,,,,치킨,치킨,cheogajip-menu,94EE6FB7FBAFC4B94FCDE21D7618490C6853EC70AE22107C09928B7DA7E36E43
official-menu-delivery-65ffcb02437dd58a,처갓집양념치킨,치폴레 양념치킨,DELIVERY-65FFCB02437DD58A,https://www.cheogajip.co.kr/bbs/board.php?bo_table=menu,,2026-10-04,CURRENT_MENU_LISTED,,,,치킨,치킨,cheogajip-menu,94EE6FB7FBAFC4B94FCDE21D7618490C6853EC70AE22107C09928B7DA7E36E43
official-menu-delivery-72cdbf947eb42bf4,처갓집양념치킨,반반치킨,DELIVERY-72CDBF947EB42BF4,https://www.cheogajip.co.kr/bbs/board.php?bo_table=menu,,2026-10-04,CURRENT_MENU_LISTED,,,,치킨,치킨,cheogajip-menu,94EE6FB7FBAFC4B94FCDE21D7618490C6853EC70AE22107C09928B7DA7E36E43
official-menu-delivery-9c941c07f9bfdbb7,처갓집양념치킨,허니올리고당야채 양념치킨,DELIVERY-9C941C07F9BFDBB7,https://www.cheogajip.co.kr/bbs/board.php?bo_table=menu,,2026-10-04,CURRENT_MENU_LISTED,,,,치킨,치킨,cheogajip-menu,94EE6FB7FBAFC4B94FCDE21D7618490C6853EC70AE22107C09928B7DA7E36E43
official-menu-delivery-b370d166ba0c7415,처갓집양념치킨,THE.화이트치킨 레몬파채,DELIVERY-B370D166BA0C7415,https://www.cheogajip.co.kr/bbs/board.php?bo_table=menu,,2026-10-04,CURRENT_MENU_LISTED,,,,치킨,치킨,cheogajip-menu,94EE6FB7FBAFC4B94FCDE21D7618490C6853EC70AE22107C09928B7DA7E36E43
official-menu-delivery-b4dd37bf90a91144,처갓집양념치킨,와락윙,DELIVERY-B4DD37BF90A91144,https://www.cheogajip.co.kr/bbs/board.php?bo_table=menu,,2026-10-04,CURRENT_MENU_LISTED,,,,치킨,치킨,cheogajip-menu,94EE6FB7FBAFC4B94FCDE21D7618490C6853EC70AE22107C09928B7DA7E36E43
official-menu-delivery-becf63ac60a514bc,처갓집양념치킨,트러플 슈프림 양념치킨,DELIVERY-BECF63AC60A514BC,https://www.cheogajip.co.kr/bbs/board.php?bo_table=menu,,2026-10-04,CURRENT_MENU_LISTED,,,,치킨,치킨,cheogajip-menu,94EE6FB7FBAFC4B94FCDE21D7618490C6853EC70AE22107C09928B7DA7E36E43
official-menu-delivery-c1324ef1b7cf21cf,처갓집양념치킨,닭강정,DELIVERY-C1324EF1B7CF21CF,https://www.cheogajip.co.kr/bbs/board.php?bo_table=menu,,2026-10-04,CURRENT_MENU_LISTED,,,,사이드,,cheogajip-menu,94EE6FB7FBAFC4B94FCDE21D7618490C6853EC70AE22107C09928B7DA7E36E43
official-menu-delivery-d0fe8c37b0a541b0,처갓집양념치킨,와락치킨,DELIVERY-D0FE8C37B0A541B0,https://www.cheogajip.co.kr/bbs/board.php?bo_table=menu,,2026-10-04,CURRENT_MENU_LISTED,,,,치킨,치킨,cheogajip-menu,94EE6FB7FBAFC4B94FCDE21D7618490C6853EC70AE22107C09928B7DA7E36E43
official-menu-delivery-d138168b750d4e4c,처갓집양념치킨,레몬파닭치킨,DELIVERY-D138168B750D4E4C,https://www.cheogajip.co.kr/bbs/board.php?bo_table=menu,,2026-10-04,CURRENT_MENU_LISTED,,,,치킨,치킨,cheogajip-menu,94EE6FB7FBAFC4B94FCDE21D7618490C6853EC70AE22107C09928B7DA7E36E43
official-menu-delivery-d88c363e8b8c43d1,처갓집양념치킨,슈프림 양념치킨,DELIVERY-D88C363E8B8C43D1,https://www.cheogajip.co.kr/bbs/board.php?bo_table=menu,,2026-10-04,CURRENT_MENU_LISTED,,,,치킨,치킨,cheogajip-menu,94EE6FB7FBAFC4B94FCDE21D7618490C6853EC70AE22107C09928B7DA7E36E43
official-menu-delivery-f9107912c5cf8b72,처갓집양념치킨,슈프림골드 양념치킨,DELIVERY-F9107912C5CF8B72,https://www.cheogajip.co.kr/bbs/board.php?bo_table=menu,,2026-10-04,CURRENT_MENU_LISTED,,,,치킨,치킨,cheogajip-menu,94EE6FB7FBAFC4B94FCDE21D7618490C6853EC70AE22107C09928B7DA7E36E43
official-menu-delivery-fc08b6368f288a12,처갓집양념치킨,훈제치킨,DELIVERY-FC08B6368F288A12,https://www.cheogajip.co.kr/bbs/board.php?bo_table=menu,,2026-10-04,CURRENT_MENU_LISTED,,,,치킨,치킨,cheogajip-menu,94EE6FB7FBAFC4B94FCDE21D7618490C6853EC70AE22107C09928B7DA7E36E43
official-menu-delivery-22a1a1e49865cc1d,청년피자,반반피자R 사이드 세트,DELIVERY-22A1A1E49865CC1D,https://youngmanpizza.co.kr/sub01/menu_detail_set.php?search_type=&search_text=&page_num=1&seq=44,,2026-10-04,CURRENT_MENU_LISTED,,,,세트 메뉴,피자,youngman-original,19C7AE3CBD291133CF81F1D5C7A93692D29AD0ADEEE7FAA4382B050B358BF1E6
official-menu-delivery-2d63a113a2f7bc9a,청년피자,메가쉬림프 갈릭크런치,DELIVERY-2D63A113A2F7BC9A,https://youngmanpizza.co.kr/sub01/menu_detail_pizza2.php?search_type=&search_text=&page_num=1&seq=25,,2026-10-04,CURRENT_MENU_LISTED,,,,프리미엄 피자,피자,youngman-menu,98C19D3B80D6E2CA421D59ABD165C32E21B26DD24419CAD4B4BD67E25CD4BE82
official-menu-delivery-45850bd8706a2500,청년피자,반반 프리미엄R,DELIVERY-45850BD8706A2500,https://youngmanpizza.co.kr/sub01/menu_detail_pizza2.php?search_type=&search_text=&page_num=1&seq=28,,2026-10-04,CURRENT_MENU_LISTED,,,,프리미엄 피자,피자,youngman-menu,98C19D3B80D6E2CA421D59ABD165C32E21B26DD24419CAD4B4BD67E25CD4BE82
official-menu-delivery-4593811ac06c109a,청년피자,반반 프리미엄L,DELIVERY-4593811AC06C109A,https://youngmanpizza.co.kr/sub01/menu_detail_pizza2.php?search_type=&search_text=&page_num=1&seq=22,,2026-10-04,CURRENT_MENU_LISTED,,,,프리미엄 피자,피자,youngman-menu,98C19D3B80D6E2CA421D59ABD165C32E21B26DD24419CAD4B4BD67E25CD4BE82
official-menu-delivery-4d8e0a8afeaaf681,청년피자,쫀득 모짜 치즈볼 6개,DELIVERY-4D8E0A8AFEAAF681,https://youngmanpizza.co.kr/sub01/menu_detail_side.php?search_type=&search_text=&page_num=1&seq=46,,2026-10-04,CURRENT_MENU_LISTED,,,,사이드,,youngman-side,46730FE189373888B55CA33D3AD19BE4C9944CBFDB0134DB792B490C64281E34
official-menu-delivery-560294361eb42418,청년피자,트리플 머쉬룸 크림뇨끼,DELIVERY-560294361EB42418,https://youngmanpizza.co.kr/sub01/menu_detail_side.php?search_type=&search_text=&page_num=1&seq=49,,2026-10-04,CURRENT_MENU_LISTED,,,,사이드,파스타,youngman-side,46730FE189373888B55CA33D3AD19BE4C9944CBFDB0134DB792B490C64281E34
official-menu-delivery-60a4eb249a08e1f9,청년피자,청년피자 세트(L),DELIVERY-60A4EB249A08E1F9,https://youngmanpizza.co.kr/sub01/menu_detail_set_2.php?search_type=&search_text=&page_num=1&seq=2,,2026-10-04,CURRENT_MENU_LISTED,,,,두 판 세트,피자,youngman-two,5047AAC2E9C25937A626BBC38EFD205DF83134FEBAB252ABF1F8D509B4AE0FFA
official-menu-delivery-61811871293e6e68,청년피자,그릴드 와일드 통다리 세트,DELIVERY-61811871293E6E68,https://youngmanpizza.co.kr/sub01/menu_detail_set.php?search_type=&search_text=&page_num=1&seq=43,,2026-10-04,CURRENT_MENU_LISTED,,,,세트 메뉴,피자,youngman-original,19C7AE3CBD291133CF81F1D5C7A93692D29AD0ADEEE7FAA4382B050B358BF1E6
official-menu-delivery-624ca38cd94721de,청년피자,오븐베이크치킨 세트,DELIVERY-624CA38CD94721DE,https://youngmanpizza.co.kr/sub01/menu_detail_set.php?search_type=&search_text=&page_num=1&seq=23,,2026-10-04,CURRENT_MENU_LISTED,,,,세트 메뉴,피자,youngman-original,19C7AE3CBD291133CF81F1D5C7A93692D29AD0ADEEE7FAA4382B050B358BF1E6
official-menu-delivery-67ea87e019e2a542,청년피자,청년피자 세트(R),DELIVERY-67EA87E019E2A542,https://youngmanpizza.co.kr/sub01/menu_detail_set_2.php?search_type=&search_text=&page_num=1&seq=3,,2026-10-04,CURRENT_MENU_LISTED,,,,두 판 세트,피자,youngman-two,5047AAC2E9C25937A626BBC38EFD205DF83134FEBAB252ABF1F8D509B4AE0FFA
official-menu-delivery-7534d3a69e05aa59,청년피자,사이드 세트,DELIVERY-7534D3A69E05AA59,https://youngmanpizza.co.kr/sub01/menu_detail_set.php?search_type=&search_text=&page_num=1&seq=20,,2026-10-04,CURRENT_MENU_LISTED,,,,세트 메뉴,피자,youngman-original,19C7AE3CBD291133CF81F1D5C7A93692D29AD0ADEEE7FAA4382B050B358BF1E6
official-menu-delivery-75e4c9a11adfda0d,청년피자,해피 치즈스틱 4개,DELIVERY-75E4C9A11ADFDA0D,https://youngmanpizza.co.kr/sub01/menu_detail_side.php?search_type=&search_text=&page_num=1&seq=47,,2026-10-04,CURRENT_MENU_LISTED,,,,사이드,,youngman-side,46730FE189373888B55CA33D3AD19BE4C9944CBFDB0134DB792B490C64281E34
official-menu-delivery-769af18fc11d627a,청년피자,메가모짜 치즈디쉬,DELIVERY-769AF18FC11D627A,https://youngmanpizza.co.kr/sub01/menu_detail_pizza2.php?search_type=&search_text=&page_num=1&seq=20,,2026-10-04,CURRENT_MENU_LISTED,,,,프리미엄 피자,피자,youngman-menu,98C19D3B80D6E2CA421D59ABD165C32E21B26DD24419CAD4B4BD67E25CD4BE82
official-menu-delivery-76c8b26d9cec36da,청년피자,뉴욕비프 갈릭크런치,DELIVERY-76C8B26D9CEC36DA,https://youngmanpizza.co.kr/sub01/menu_detail_pizza2.php?search_type=&search_text=&page_num=1&seq=17,,2026-10-04,CURRENT_MENU_LISTED,,,,프리미엄 피자,피자,youngman-menu,98C19D3B80D6E2CA421D59ABD165C32E21B26DD24419CAD4B4BD67E25CD4BE82
official-menu-delivery-7d4e7a26ac78365d,청년피자,치즈수플레미트파이,DELIVERY-7D4E7A26AC78365D,https://youngmanpizza.co.kr/sub01/menu_detail_pizza2.php?search_type=&search_text=&page_num=1&seq=27,,2026-10-04,CURRENT_MENU_LISTED,,,,프리미엄 피자,피자,youngman-menu,98C19D3B80D6E2CA421D59ABD165C32E21B26DD24419CAD4B4BD67E25CD4BE82
official-menu-delivery-8ad02ae731bcc901,청년피자,크리스피 직화 바베큐,DELIVERY-8AD02AE731BCC901,https://youngmanpizza.co.kr/sub01/menu_detail_pizza2.php?search_type=&search_text=&page_num=1&seq=19,,2026-10-04,CURRENT_MENU_LISTED,,,,프리미엄 피자,피자,youngman-menu,98C19D3B80D6E2CA421D59ABD165C32E21B26DD24419CAD4B4BD67E25CD4BE82
official-menu-delivery-b902fee6378f0850,청년피자,해피 안심텐더 4개,DELIVERY-B902FEE6378F0850,https://youngmanpizza.co.kr/sub01/menu_detail_side.php?search_type=&search_text=&page_num=1&seq=48,,2026-10-04,CURRENT_MENU_LISTED,,,,사이드,,youngman-side,46730FE189373888B55CA33D3AD19BE4C9944CBFDB0134DB792B490C64281E34
official-menu-delivery-b96fa1f4fe625e5e,청년피자,페퍼로니 치즈 김치볶음밥,DELIVERY-B96FA1F4FE625E5E,https://youngmanpizza.co.kr/sub01/menu_detail_side.php?search_type=&search_text=&page_num=1&seq=50,,2026-10-04,CURRENT_MENU_LISTED,,,,사이드,덮밥,youngman-side,46730FE189373888B55CA33D3AD19BE4C9944CBFDB0134DB792B490C64281E34
official-menu-delivery-df79f18fabf41426,청년피자,반반피자L 사이드 세트,DELIVERY-DF79F18FABF41426,https://youngmanpizza.co.kr/sub01/menu_detail_set.php?search_type=&search_text=&page_num=1&seq=6,,2026-10-04,CURRENT_MENU_LISTED,,,,세트 메뉴,피자,youngman-original,19C7AE3CBD291133CF81F1D5C7A93692D29AD0ADEEE7FAA4382B050B358BF1E6
official-menu-delivery-fa1b19881f662bfd,청년피자,메가쉬림프 갈릭크런치L + 뉴욕비프 갈릭크런치L 반반,DELIVERY-FA1B19881F662BFD,https://youngmanpizza.co.kr/sub01/menu_detail_pizza2.php?search_type=&search_text=&page_num=1&seq=26,,2026-10-04,CURRENT_MENU_LISTED,,,,프리미엄 피자,피자,youngman-menu,98C19D3B80D6E2CA421D59ABD165C32E21B26DD24419CAD4B4BD67E25CD4BE82
official-menu-delivery-02ef58d13a93b5d1,토마토도시락,치킨마요 육개장 정식,DELIVERY-02EF58D13A93B5D1,https://www.tomatodosirak.co.kr/board/index.php?board=menu_01&sca=all,,2026-10-04,CURRENT_MENU_LISTED,,,,도시락,도시락,tomato-list,BED14F2ED122EC8C48B51A2F9EF575AF2E2E8F75D64DB1CCB8E421B73C5F815A
official-menu-delivery-02f43b186dda1c0e,토마토도시락,칠리탕수반찬,DELIVERY-02F43B186DDA1C0E,https://www.tomatodosirak.co.kr/board/index.php?board=menu_01&sca=all,,2026-10-04,CURRENT_MENU_LISTED,,,,도시락,도시락,tomato-list,BED14F2ED122EC8C48B51A2F9EF575AF2E2E8F75D64DB1CCB8E421B73C5F815A
official-menu-delivery-05027579fe7e0742,토마토도시락,소불바싹돈까스,DELIVERY-05027579FE7E0742,https://www.tomatodosirak.co.kr/board/index.php?board=menu_01&sca=all,,2026-10-04,CURRENT_MENU_LISTED,,,,도시락,돈가스,tomato-list,BED14F2ED122EC8C48B51A2F9EF575AF2E2E8F75D64DB1CCB8E421B73C5F815A
official-menu-delivery-07dc123473c9b386,토마토도시락,진수한상,DELIVERY-07DC123473C9B386,https://www.tomatodosirak.co.kr/board/index.php?board=menu_01&sca=all,,2026-10-04,CURRENT_MENU_LISTED,,,,도시락,도시락,tomato-list,BED14F2ED122EC8C48B51A2F9EF575AF2E2E8F75D64DB1CCB8E421B73C5F815A
official-menu-delivery-09078e560e745645,토마토도시락,잡채어묵,DELIVERY-09078E560E745645,https://www.tomatodosirak.co.kr/board/index.php?board=menu_01&sca=all,,2026-10-04,CURRENT_MENU_LISTED,,,,도시락,도시락,tomato-list,BED14F2ED122EC8C48B51A2F9EF575AF2E2E8F75D64DB1CCB8E421B73C5F815A
official-menu-delivery-09a4a413a9b52092,토마토도시락,치킨콤보,DELIVERY-09A4A413A9B52092,https://www.tomatodosirak.co.kr/board/index.php?board=menu_01&sca=all,,2026-10-04,CURRENT_MENU_LISTED,,,,도시락,도시락,tomato-list,BED14F2ED122EC8C48B51A2F9EF575AF2E2E8F75D64DB1CCB8E421B73C5F815A
official-menu-delivery-0bc7a5363d34afd2,토마토도시락,핫불제육덮밥,DELIVERY-0BC7A5363D34AFD2,https://www.tomatodosirak.co.kr/board/index.php?board=menu_01&sca=all,,2026-10-04,CURRENT_MENU_LISTED,,,,도시락,덮밥,tomato-list,BED14F2ED122EC8C48B51A2F9EF575AF2E2E8F75D64DB1CCB8E421B73C5F815A
official-menu-delivery-0c16066e8794c438,토마토도시락,케이준감자+음료,DELIVERY-0C16066E8794C438,https://www.tomatodosirak.co.kr/board/index.php?board=menu_01&sca=all,,2026-10-04,CURRENT_MENU_LISTED,,,,도시락,도시락,tomato-list,BED14F2ED122EC8C48B51A2F9EF575AF2E2E8F75D64DB1CCB8E421B73C5F815A
official-menu-delivery-0e69dc5648bbc96a,토마토도시락,핫불소스,DELIVERY-0E69DC5648BBC96A,https://www.tomatodosirak.co.kr/board/index.php?board=menu_01&sca=all,,2026-10-04,CURRENT_MENU_LISTED,,,,도시락,도시락,tomato-list,BED14F2ED122EC8C48B51A2F9EF575AF2E2E8F75D64DB1CCB8E421B73C5F815A
official-menu-delivery-0e6a19d804fd432c,토마토도시락,소불단짠간장치킨,DELIVERY-0E6A19D804FD432C,https://www.tomatodosirak.co.kr/board/index.php?board=menu_01&sca=all,,2026-10-04,CURRENT_MENU_LISTED,,,,도시락,도시락,tomato-list,BED14F2ED122EC8C48B51A2F9EF575AF2E2E8F75D64DB1CCB8E421B73C5F815A
official-menu-delivery-138c047164e3d0ba,토마토도시락,김말이,DELIVERY-138C047164E3D0BA,https://www.tomatodosirak.co.kr/board/index.php?board=menu_01&sca=all,,2026-10-04,CURRENT_MENU_LISTED,,,,도시락,도시락,tomato-list,BED14F2ED122EC8C48B51A2F9EF575AF2E2E8F75D64DB1CCB8E421B73C5F815A
official-menu-delivery-144f46e22323c8da,토마토도시락,삼겹김치볶음밥,DELIVERY-144F46E22323C8DA,https://www.tomatodosirak.co.kr/board/index.php?board=menu_01&sca=all,,2026-10-04,CURRENT_MENU_LISTED,,,,도시락,덮밥,tomato-list,BED14F2ED122EC8C48B51A2F9EF575AF2E2E8F75D64DB1CCB8E421B73C5F815A
official-menu-delivery-184f29aac35f62a1,토마토도시락,콜라,DELIVERY-184F29AAC35F62A1,https://www.tomatodosirak.co.kr/board/index.php?board=menu_01&sca=all,,2026-10-04,CURRENT_MENU_LISTED,,,,도시락,도시락,tomato-list,BED14F2ED122EC8C48B51A2F9EF575AF2E2E8F75D64DB1CCB8E421B73C5F815A
official-menu-delivery-19868b632b7a6ae5,토마토도시락,제육숙주덮밥,DELIVERY-19868B632B7A6AE5,https://www.tomatodosirak.co.kr/board/index.php?board=menu_01&sca=all,,2026-10-04,CURRENT_MENU_LISTED,,,,도시락,덮밥,tomato-list,BED14F2ED122EC8C48B51A2F9EF575AF2E2E8F75D64DB1CCB8E421B73C5F815A
official-menu-delivery-1dbd6df405e60294,토마토도시락,고기가득제육소불,DELIVERY-1DBD6DF405E60294,https://www.tomatodosirak.co.kr/board/index.php?board=menu_01&sca=all,,2026-10-04,CURRENT_MENU_LISTED,,,,도시락,도시락,tomato-list,BED14F2ED122EC8C48B51A2F9EF575AF2E2E8F75D64DB1CCB8E421B73C5F815A
official-menu-delivery-1fe4b0851ce68cf1,토마토도시락,새우치킨샐러드,DELIVERY-1FE4B0851CE68CF1,https://www.tomatodosirak.co.kr/board/index.php?board=menu_01&sca=all,,2026-10-04,CURRENT_MENU_LISTED,,,,도시락,샐러드·포케,tomato-list,BED14F2ED122EC8C48B51A2F9EF575AF2E2E8F75D64DB1CCB8E421B73C5F815A
official-menu-delivery-2117f5723c1b751b,토마토도시락,현미밥,DELIVERY-2117F5723C1B751B,https://www.tomatodosirak.co.kr/board/index.php?board=menu_01&sca=all,,2026-10-04,CURRENT_MENU_LISTED,,,,도시락,도시락,tomato-list,BED14F2ED122EC8C48B51A2F9EF575AF2E2E8F75D64DB1CCB8E421B73C5F815A
official-menu-delivery-2753a323e8baea1d,토마토도시락,핫불치킨덮밥,DELIVERY-2753A323E8BAEA1D,https://www.tomatodosirak.co.kr/board/index.php?board=menu_01&sca=all,,2026-10-04,CURRENT_MENU_LISTED,,,,도시락,덮밥,tomato-list,BED14F2ED122EC8C48B51A2F9EF575AF2E2E8F75D64DB1CCB8E421B73C5F815A
official-menu-delivery-28a0dd3a6bd88e7e,토마토도시락,돈까스(토핑추가),DELIVERY-28A0DD3A6BD88E7E,https://www.tomatodosirak.co.kr/board/index.php?board=menu_01&sca=all,,2026-10-04,CURRENT_MENU_LISTED,,,,도시락,돈가스,tomato-list,BED14F2ED122EC8C48B51A2F9EF575AF2E2E8F75D64DB1CCB8E421B73C5F815A
official-menu-delivery-28f8aefb90f69c28,토마토도시락,명품한상,DELIVERY-28F8AEFB90F69C28,https://www.tomatodosirak.co.kr/board/index.php?board=menu_01&sca=all,,2026-10-04,CURRENT_MENU_LISTED,,,,도시락,도시락,tomato-list,BED14F2ED122EC8C48B51A2F9EF575AF2E2E8F75D64DB1CCB8E421B73C5F815A
official-menu-delivery-29d9e08f18dd652e,토마토도시락,데리와퍼치킨,DELIVERY-29D9E08F18DD652E,https://www.tomatodosirak.co.kr/board/index.php?board=menu_01&sca=all,,2026-10-04,CURRENT_MENU_LISTED,,,,도시락,도시락,tomato-list,BED14F2ED122EC8C48B51A2F9EF575AF2E2E8F75D64DB1CCB8E421B73C5F815A
official-menu-delivery-2c14b524a1f1aa41,토마토도시락,소불고기,DELIVERY-2C14B524A1F1AA41,https://www.tomatodosirak.co.kr/board/index.php?board=menu_01&sca=all,,2026-10-04,CURRENT_MENU_LISTED,,,,도시락,도시락,tomato-list,BED14F2ED122EC8C48B51A2F9EF575AF2E2E8F75D64DB1CCB8E421B73C5F815A
official-menu-delivery-2c7a2c9cce2aaf74,토마토도시락,고추장소불숙주비빔밥,DELIVERY-2C7A2C9CCE2AAF74,https://www.tomatodosirak.co.kr/board/index.php?board=menu_01&sca=all,,2026-10-04,CURRENT_MENU_LISTED,,,,도시락,도시락,tomato-list,BED14F2ED122EC8C48B51A2F9EF575AF2E2E8F75D64DB1CCB8E421B73C5F815A
official-menu-delivery-312553a1f26e69a3,토마토도시락,새우튀김(토핑추가),DELIVERY-312553A1F26E69A3,https://www.tomatodosirak.co.kr/board/index.php?board=menu_01&sca=all,,2026-10-04,CURRENT_MENU_LISTED,,,,도시락,도시락,tomato-list,BED14F2ED122EC8C48B51A2F9EF575AF2E2E8F75D64DB1CCB8E421B73C5F815A
official-menu-delivery-33a285404517f79d,토마토도시락,돈불와퍼,DELIVERY-33A285404517F79D,https://www.tomatodosirak.co.kr/board/index.php?board=menu_01&sca=all,,2026-10-04,CURRENT_MENU_LISTED,,,,도시락,도시락,tomato-list,BED14F2ED122EC8C48B51A2F9EF575AF2E2E8F75D64DB1CCB8E421B73C5F815A
official-menu-delivery-33bfa158f6a23320,토마토도시락,큐브텐동덮밥(돈까스+새우),DELIVERY-33BFA158F6A23320,https://www.tomatodosirak.co.kr/board/index.php?board=menu_01&sca=all,,2026-10-04,CURRENT_MENU_LISTED,,,,도시락,돈가스,tomato-list,BED14F2ED122EC8C48B51A2F9EF575AF2E2E8F75D64DB1CCB8E421B73C5F815A
official-menu-delivery-36d055af4040a351,토마토도시락,볶음김치(추가메뉴),DELIVERY-36D055AF4040A351,https://www.tomatodosirak.co.kr/board/index.php?board=menu_01&sca=all,,2026-10-04,CURRENT_MENU_LISTED,,,,도시락,도시락,tomato-list,BED14F2ED122EC8C48B51A2F9EF575AF2E2E8F75D64DB1CCB8E421B73C5F815A
official-menu-delivery-37c1e4598d3588db,토마토도시락,떡튀버무리,DELIVERY-37C1E4598D3588DB,https://www.tomatodosirak.co.kr/board/index.php?board=menu_01&sca=all,,2026-10-04,CURRENT_MENU_LISTED,,,,도시락,도시락,tomato-list,BED14F2ED122EC8C48B51A2F9EF575AF2E2E8F75D64DB1CCB8E421B73C5F815A
official-menu-delivery-40f3a97ce3cf750c,토마토도시락,토마토치즈제육덮밥,DELIVERY-40F3A97CE3CF750C,https://www.tomatodosirak.co.kr/board/index.php?board=menu_01&sca=all,,2026-10-04,CURRENT_MENU_LISTED,,,,도시락,덮밥,tomato-list,BED14F2ED122EC8C48B51A2F9EF575AF2E2E8F75D64DB1CCB8E421B73C5F815A
official-menu-delivery-442f040659724316,토마토도시락,데리와퍼치킨 김치찌개 정식,DELIVERY-442F040659724316,https://www.tomatodosirak.co.kr/board/index.php?board=menu_01&sca=all,,2026-10-04,CURRENT_MENU_LISTED,,,,도시락,도시락,tomato-list,BED14F2ED122EC8C48B51A2F9EF575AF2E2E8F75D64DB1CCB8E421B73C5F815A
official-menu-delivery-4433f4843fe098c1,토마토도시락,청양파치킨매콤마요,DELIVERY-4433F4843FE098C1,https://www.tomatodosirak.co.kr/board/index.php?board=menu_01&sca=all,,2026-10-04,CURRENT_MENU_LISTED,,,,도시락,도시락,tomato-list,BED14F2ED122EC8C48B51A2F9EF575AF2E2E8F75D64DB1CCB8E421B73C5F815A
official-menu-delivery-44c34986a530fd29,토마토도시락,소불치킨마요,DELIVERY-44C34986A530FD29,https://www.tomatodosirak.co.kr/board/index.php?board=menu_01&sca=all,,2026-10-04,CURRENT_MENU_LISTED,,,,도시락,도시락,tomato-list,BED14F2ED122EC8C48B51A2F9EF575AF2E2E8F75D64DB1CCB8E421B73C5F815A
official-menu-delivery-463cda6d4d4d4590,토마토도시락,치킨마요 김치찌개 정식,DELIVERY-463CDA6D4D4D4590,https://www.tomatodosirak.co.kr/board/index.php?board=menu_01&sca=all,,2026-10-04,CURRENT_MENU_LISTED,,,,도시락,도시락,tomato-list,BED14F2ED122EC8C48B51A2F9EF575AF2E2E8F75D64DB1CCB8E421B73C5F815A
official-menu-delivery-47fe23101cfc246b,토마토도시락,치킨가라아게(60g),DELIVERY-47FE23101CFC246B,https://www.tomatodosirak.co.kr/board/index.php?board=menu_01&sca=all,,2026-10-04,CURRENT_MENU_LISTED,,,,도시락,도시락,tomato-list,BED14F2ED122EC8C48B51A2F9EF575AF2E2E8F75D64DB1CCB8E421B73C5F815A
official-menu-delivery-4b252ac7ce9f8b46,토마토도시락,콤보반찬,DELIVERY-4B252AC7CE9F8B46,https://www.tomatodosirak.co.kr/board/index.php?board=menu_01&sca=all,,2026-10-04,CURRENT_MENU_LISTED,,,,도시락,도시락,tomato-list,BED14F2ED122EC8C48B51A2F9EF575AF2E2E8F75D64DB1CCB8E421B73C5F815A
official-menu-delivery-4bb3fe1bcd4baa05,토마토도시락,소불숙주덮밥,DELIVERY-4BB3FE1BCD4BAA05,https://www.tomatodosirak.co.kr/board/index.php?board=menu_01&sca=all,,2026-10-04,CURRENT_MENU_LISTED,,,,도시락,덮밥,tomato-list,BED14F2ED122EC8C48B51A2F9EF575AF2E2E8F75D64DB1CCB8E421B73C5F815A
official-menu-delivery-4bd27d98db833248,토마토도시락,육즙가득수제함박,DELIVERY-4BD27D98DB833248,https://www.tomatodosirak.co.kr/board/index.php?board=menu_01&sca=all,,2026-10-04,CURRENT_MENU_LISTED,,,,도시락,도시락,tomato-list,BED14F2ED122EC8C48B51A2F9EF575AF2E2E8F75D64DB1CCB8E421B73C5F815A
official-menu-delivery-513f9b5d398f7602,토마토도시락,정찬한상,DELIVERY-513F9B5D398F7602,https://www.tomatodosirak.co.kr/board/index.php?board=menu_01&sca=all,,2026-10-04,CURRENT_MENU_LISTED,,,,도시락,도시락,tomato-list,BED14F2ED122EC8C48B51A2F9EF575AF2E2E8F75D64DB1CCB8E421B73C5F815A
official-menu-delivery-533d01404e6ad704,토마토도시락,백반,DELIVERY-533D01404E6AD704,https://www.tomatodosirak.co.kr/board/index.php?board=menu_01&sca=all,,2026-10-04,CURRENT_MENU_LISTED,,,,도시락,도시락,tomato-list,BED14F2ED122EC8C48B51A2F9EF575AF2E2E8F75D64DB1CCB8E421B73C5F815A
official-menu-delivery-5395828a641a3f13,토마토도시락,돈불김치볶음밥,DELIVERY-5395828A641A3F13,https://www.tomatodosirak.co.kr/board/index.php?board=menu_01&sca=all,,2026-10-04,CURRENT_MENU_LISTED,,,,도시락,덮밥,tomato-list,BED14F2ED122EC8C48B51A2F9EF575AF2E2E8F75D64DB1CCB8E421B73C5F815A
official-menu-delivery-56cdb6d6b78d5a66,토마토도시락,케이준감자,DELIVERY-56CDB6D6B78D5A66,https://www.tomatodosirak.co.kr/board/index.php?board=menu_01&sca=all,,2026-10-04,CURRENT_MENU_LISTED,,,,도시락,도시락,tomato-list,BED14F2ED122EC8C48B51A2F9EF575AF2E2E8F75D64DB1CCB8E421B73C5F815A
official-menu-delivery-5a133f6bb37a4272,토마토도시락,눈꽃치즈닭갈비덮밥,DELIVERY-5A133F6BB37A4272,https://www.tomatodosirak.co.kr/board/index.php?board=menu_01&sca=all,,2026-10-04,CURRENT_MENU_LISTED,,,,도시락,덮밥,tomato-list,BED14F2ED122EC8C48B51A2F9EF575AF2E2E8F75D64DB1CCB8E421B73C5F815A
official-menu-delivery-5c16a5a902a48586,토마토도시락,김치찌개백반,DELIVERY-5C16A5A902A48586,https://www.tomatodosirak.co.kr/board/index.php?board=menu_01&sca=all,,2026-10-04,CURRENT_MENU_LISTED,,,,도시락,도시락,tomato-list,BED14F2ED122EC8C48B51A2F9EF575AF2E2E8F75D64DB1CCB8E421B73C5F815A
official-menu-delivery-5da97dfbd6ae305b,토마토도시락,핫불양념치킨,DELIVERY-5DA97DFBD6AE305B,https://www.tomatodosirak.co.kr/board/index.php?board=menu_01&sca=all,,2026-10-04,CURRENT_MENU_LISTED,,,,도시락,도시락,tomato-list,BED14F2ED122EC8C48B51A2F9EF575AF2E2E8F75D64DB1CCB8E421B73C5F815A
official-menu-delivery-5e8cdb3957486f35,토마토도시락,치킨스테이크덮밥,DELIVERY-5E8CDB3957486F35,https://www.tomatodosirak.co.kr/board/index.php?board=menu_01&sca=all,,2026-10-04,CURRENT_MENU_LISTED,,,,도시락,덮밥,tomato-list,BED14F2ED122EC8C48B51A2F9EF575AF2E2E8F75D64DB1CCB8E421B73C5F815A
official-menu-delivery-60945d38dbba435e,토마토도시락,간장소스,DELIVERY-60945D38DBBA435E,https://www.tomatodosirak.co.kr/board/index.php?board=menu_01&sca=all,,2026-10-04,CURRENT_MENU_LISTED,,,,도시락,도시락,tomato-list,BED14F2ED122EC8C48B51A2F9EF575AF2E2E8F75D64DB1CCB8E421B73C5F815A
official-menu-delivery-630a43b42aee8202,토마토도시락,삼겹살(토핑추가),DELIVERY-630A43B42AEE8202,https://www.tomatodosirak.co.kr/board/index.php?board=menu_01&sca=all,,2026-10-04,CURRENT_MENU_LISTED,,,,도시락,도시락,tomato-list,BED14F2ED122EC8C48B51A2F9EF575AF2E2E8F75D64DB1CCB8E421B73C5F815A
official-menu-delivery-66892b96151b45f3,토마토도시락,스팸치킨마요,DELIVERY-66892B96151B45F3,https://www.tomatodosirak.co.kr/board/index.php?board=menu_01&sca=all,,2026-10-04,CURRENT_MENU_LISTED,,,,도시락,도시락,tomato-list,BED14F2ED122EC8C48B51A2F9EF575AF2E2E8F75D64DB1CCB8E421B73C5F815A
official-menu-delivery-6a2ee09fb3f024b5,토마토도시락,탕수콤보,DELIVERY-6A2EE09FB3F024B5,https://www.tomatodosirak.co.kr/board/index.php?board=menu_01&sca=all,,2026-10-04,CURRENT_MENU_LISTED,,,,도시락,도시락,tomato-list,BED14F2ED122EC8C48B51A2F9EF575AF2E2E8F75D64DB1CCB8E421B73C5F815A
official-menu-delivery-6f17c112772749de,토마토도시락,제철국(추가메뉴),DELIVERY-6F17C112772749DE,https://www.tomatodosirak.co.kr/board/index.php?board=menu_01&sca=all,,2026-10-04,CURRENT_MENU_LISTED,,,,도시락,도시락,tomato-list,BED14F2ED122EC8C48B51A2F9EF575AF2E2E8F75D64DB1CCB8E421B73C5F815A
official-menu-delivery-72cdadb6de81fdf0,토마토도시락,김치제육와퍼,DELIVERY-72CDADB6DE81FDF0,https://www.tomatodosirak.co.kr/board/index.php?board=menu_01&sca=all,,2026-10-04,CURRENT_MENU_LISTED,,,,도시락,도시락,tomato-list,BED14F2ED122EC8C48B51A2F9EF575AF2E2E8F75D64DB1CCB8E421B73C5F815A
official-menu-delivery-73ab4b233b26a79a,토마토도시락,햄버그(토핑추가),DELIVERY-73AB4B233B26A79A,https://www.tomatodosirak.co.kr/board/index.php?board=menu_01&sca=all,,2026-10-04,CURRENT_MENU_LISTED,,,,도시락,도시락,tomato-list,BED14F2ED122EC8C48B51A2F9EF575AF2E2E8F75D64DB1CCB8E421B73C5F815A
official-menu-delivery-7748e1cf7fe810d5,토마토도시락,치떡세트,DELIVERY-7748E1CF7FE810D5,https://www.tomatodosirak.co.kr/board/index.php?board=menu_01&sca=all,,2026-10-04,CURRENT_MENU_LISTED,,,,도시락,도시락,tomato-list,BED14F2ED122EC8C48B51A2F9EF575AF2E2E8F75D64DB1CCB8E421B73C5F815A
official-menu-delivery-7b14eaf01322e913,토마토도시락,새우토마토스파게티,DELIVERY-7B14EAF01322E913,https://www.tomatodosirak.co.kr/board/index.php?board=menu_01&sca=all,,2026-10-04,CURRENT_MENU_LISTED,,,,도시락,파스타,tomato-list,BED14F2ED122EC8C48B51A2F9EF575AF2E2E8F75D64DB1CCB8E421B73C5F815A
official-menu-delivery-7c78cf262eb7b5f5,토마토도시락,든든한상,DELIVERY-7C78CF262EB7B5F5,https://www.tomatodosirak.co.kr/board/index.php?board=menu_01&sca=all,,2026-10-04,CURRENT_MENU_LISTED,,,,도시락,도시락,tomato-list,BED14F2ED122EC8C48B51A2F9EF575AF2E2E8F75D64DB1CCB8E421B73C5F815A
official-menu-delivery-7ed2b65e74008455,토마토도시락,진미한상,DELIVERY-7ED2B65E74008455,https://www.tomatodosirak.co.kr/board/index.php?board=menu_01&sca=all,,2026-10-04,CURRENT_MENU_LISTED,,,,도시락,도시락,tomato-list,BED14F2ED122EC8C48B51A2F9EF575AF2E2E8F75D64DB1CCB8E421B73C5F815A
official-menu-delivery-81839b594559748e,토마토도시락,푸짐한상,DELIVERY-81839B594559748E,https://www.tomatodosirak.co.kr/board/index.php?board=menu_01&sca=all,,2026-10-04,CURRENT_MENU_LISTED,,,,도시락,도시락,tomato-list,BED14F2ED122EC8C48B51A2F9EF575AF2E2E8F75D64DB1CCB8E421B73C5F815A
official-menu-delivery-8721c127ef5e7964,토마토도시락,치킨마요,DELIVERY-8721C127EF5E7964,https://www.tomatodosirak.co.kr/board/index.php?board=menu_01&sca=all,,2026-10-04,CURRENT_MENU_LISTED,,,,도시락,도시락,tomato-list,BED14F2ED122EC8C48B51A2F9EF575AF2E2E8F75D64DB1CCB8E421B73C5F815A
official-menu-delivery-890ac8680f620ddc,토마토도시락,치킨BOX(대),DELIVERY-890AC8680F620DDC,https://www.tomatodosirak.co.kr/board/index.php?board=menu_01&sca=all,,2026-10-04,CURRENT_MENU_LISTED,,,,도시락,도시락,tomato-list,BED14F2ED122EC8C48B51A2F9EF575AF2E2E8F75D64DB1CCB8E421B73C5F815A
official-menu-delivery-8b7d6d4d769e3639,토마토도시락,제육단짠간장치킨 김치찌개 정식,DELIVERY-8B7D6D4D769E3639,https://www.tomatodosirak.co.kr/board/index.php?board=menu_01&sca=all,,2026-10-04,CURRENT_MENU_LISTED,,,,도시락,도시락,tomato-list,BED14F2ED122EC8C48B51A2F9EF575AF2E2E8F75D64DB1CCB8E421B73C5F815A
official-menu-delivery-8f866f3dc9aeff0f,토마토도시락,스팸돈까스마요,DELIVERY-8F866F3DC9AEFF0F,https://www.tomatodosirak.co.kr/board/index.php?board=menu_01&sca=all,,2026-10-04,CURRENT_MENU_LISTED,,,,도시락,돈가스,tomato-list,BED14F2ED122EC8C48B51A2F9EF575AF2E2E8F75D64DB1CCB8E421B73C5F815A
official-menu-delivery-90de126628a7cf57,토마토도시락,치킨BOX(소),DELIVERY-90DE126628A7CF57,https://www.tomatodosirak.co.kr/board/index.php?board=menu_01&sca=all,,2026-10-04,CURRENT_MENU_LISTED,,,,도시락,도시락,tomato-list,BED14F2ED122EC8C48B51A2F9EF575AF2E2E8F75D64DB1CCB8E421B73C5F815A
official-menu-delivery-93e897d1a8c682ed,토마토도시락,돈불고기,DELIVERY-93E897D1A8C682ED,https://www.tomatodosirak.co.kr/board/index.php?board=menu_01&sca=all,,2026-10-04,CURRENT_MENU_LISTED,,,,도시락,도시락,tomato-list,BED14F2ED122EC8C48B51A2F9EF575AF2E2E8F75D64DB1CCB8E421B73C5F815A
official-menu-delivery-9798d9947c61ec3e,토마토도시락,돈불고기반찬,DELIVERY-9798D9947C61EC3E,https://www.tomatodosirak.co.kr/board/index.php?board=menu_01&sca=all,,2026-10-04,CURRENT_MENU_LISTED,,,,도시락,도시락,tomato-list,BED14F2ED122EC8C48B51A2F9EF575AF2E2E8F75D64DB1CCB8E421B73C5F815A
official-menu-delivery-97e5bb3f7af84937,토마토도시락,참치마요,DELIVERY-97E5BB3F7AF84937,https://www.tomatodosirak.co.kr/board/index.php?board=menu_01&sca=all,,2026-10-04,CURRENT_MENU_LISTED,,,,도시락,도시락,tomato-list,BED14F2ED122EC8C48B51A2F9EF575AF2E2E8F75D64DB1CCB8E421B73C5F815A
official-menu-delivery-9920f05ea6b69aed,토마토도시락,강된장제육숙주비빔밥,DELIVERY-9920F05EA6B69AED,https://www.tomatodosirak.co.kr/board/index.php?board=menu_01&sca=all,,2026-10-04,CURRENT_MENU_LISTED,,,,도시락,도시락,tomato-list,BED14F2ED122EC8C48B51A2F9EF575AF2E2E8F75D64DB1CCB8E421B73C5F815A
official-menu-delivery-9fded4ee065eb761,토마토도시락,큐브스테이크덮밥,DELIVERY-9FDED4EE065EB761,https://www.tomatodosirak.co.kr/board/index.php?board=menu_01&sca=all,,2026-10-04,CURRENT_MENU_LISTED,,,,도시락,덮밥,tomato-list,BED14F2ED122EC8C48B51A2F9EF575AF2E2E8F75D64DB1CCB8E421B73C5F815A
official-menu-delivery-a2f2b009613b46c4,토마토도시락,제육볶음,DELIVERY-A2F2B009613B46C4,https://www.tomatodosirak.co.kr/board/index.php?board=menu_01&sca=all,,2026-10-04,CURRENT_MENU_LISTED,,,,도시락,도시락,tomato-list,BED14F2ED122EC8C48B51A2F9EF575AF2E2E8F75D64DB1CCB8E421B73C5F815A
official-menu-delivery-a3a55c82b22fd19c,토마토도시락,제육와퍼,DELIVERY-A3A55C82B22FD19C,https://www.tomatodosirak.co.kr/board/index.php?board=menu_01&sca=all,,2026-10-04,CURRENT_MENU_LISTED,,,,도시락,도시락,tomato-list,BED14F2ED122EC8C48B51A2F9EF575AF2E2E8F75D64DB1CCB8E421B73C5F815A
official-menu-delivery-a519bd6448aa41f1,토마토도시락,돈까스반찬,DELIVERY-A519BD6448AA41F1,https://www.tomatodosirak.co.kr/board/index.php?board=menu_01&sca=all,,2026-10-04,CURRENT_MENU_LISTED,,,,도시락,돈가스,tomato-list,BED14F2ED122EC8C48B51A2F9EF575AF2E2E8F75D64DB1CCB8E421B73C5F815A
official-menu-delivery-a77a137c658befbc,토마토도시락,제육볶음반찬,DELIVERY-A77A137C658BEFBC,https://www.tomatodosirak.co.kr/board/index.php?board=menu_01&sca=all,,2026-10-04,CURRENT_MENU_LISTED,,,,도시락,도시락,tomato-list,BED14F2ED122EC8C48B51A2F9EF575AF2E2E8F75D64DB1CCB8E421B73C5F815A
official-menu-delivery-a81fab80a0894542,토마토도시락,삼겹매콤마요,DELIVERY-A81FAB80A0894542,https://www.tomatodosirak.co.kr/board/index.php?board=menu_01&sca=all,,2026-10-04,CURRENT_MENU_LISTED,,,,도시락,도시락,tomato-list,BED14F2ED122EC8C48B51A2F9EF575AF2E2E8F75D64DB1CCB8E421B73C5F815A
official-menu-delivery-aa51bc758369be96,토마토도시락,모둠튀김,DELIVERY-AA51BC758369BE96,https://www.tomatodosirak.co.kr/board/index.php?board=menu_01&sca=all,,2026-10-04,CURRENT_MENU_LISTED,,,,도시락,도시락,tomato-list,BED14F2ED122EC8C48B51A2F9EF575AF2E2E8F75D64DB1CCB8E421B73C5F815A
official-menu-delivery-ad068fec0407487e,토마토도시락,교자만두,DELIVERY-AD068FEC0407487E,https://www.tomatodosirak.co.kr/board/index.php?board=menu_01&sca=all,,2026-10-04,CURRENT_MENU_LISTED,,,,도시락,도시락,tomato-list,BED14F2ED122EC8C48B51A2F9EF575AF2E2E8F75D64DB1CCB8E421B73C5F815A
official-menu-delivery-ae1dfbfa7a4b952c,토마토도시락,제육바싹돈까스,DELIVERY-AE1DFBFA7A4B952C,https://www.tomatodosirak.co.kr/board/index.php?board=menu_01&sca=all,,2026-10-04,CURRENT_MENU_LISTED,,,,도시락,돈가스,tomato-list,BED14F2ED122EC8C48B51A2F9EF575AF2E2E8F75D64DB1CCB8E421B73C5F815A
official-menu-delivery-b0175ab55f520eba,토마토도시락,야채참치비빔밥,DELIVERY-B0175AB55F520EBA,https://www.tomatodosirak.co.kr/board/index.php?board=menu_01&sca=all,,2026-10-04,CURRENT_MENU_LISTED,,,,도시락,도시락,tomato-list,BED14F2ED122EC8C48B51A2F9EF575AF2E2E8F75D64DB1CCB8E421B73C5F815A
official-menu-delivery-b20a6f15fba5f550,토마토도시락,4종반찬,DELIVERY-B20A6F15FBA5F550,https://www.tomatodosirak.co.kr/board/index.php?board=menu_01&sca=all,,2026-10-04,CURRENT_MENU_LISTED,,,,도시락,도시락,tomato-list,BED14F2ED122EC8C48B51A2F9EF575AF2E2E8F75D64DB1CCB8E421B73C5F815A
official-menu-delivery-b56836c2df542a22,토마토도시락,데리와퍼참치,DELIVERY-B56836C2DF542A22,https://www.tomatodosirak.co.kr/board/index.php?board=menu_01&sca=all,,2026-10-04,CURRENT_MENU_LISTED,,,,도시락,도시락,tomato-list,BED14F2ED122EC8C48B51A2F9EF575AF2E2E8F75D64DB1CCB8E421B73C5F815A
official-menu-delivery-b85604bdee7b0d8a,토마토도시락,제육단짠간장치킨,DELIVERY-B85604BDEE7B0D8A,https://www.tomatodosirak.co.kr/board/index.php?board=menu_01&sca=all,,2026-10-04,CURRENT_MENU_LISTED,,,,도시락,도시락,tomato-list,BED14F2ED122EC8C48B51A2F9EF575AF2E2E8F75D64DB1CCB8E421B73C5F815A
official-menu-delivery-b99b2bf6dd79e310,토마토도시락,제육단짠간장치킨 육개장 정식,DELIVERY-B99B2BF6DD79E310,https://www.tomatodosirak.co.kr/board/index.php?board=menu_01&sca=all,,2026-10-04,CURRENT_MENU_LISTED,,,,도시락,도시락,tomato-list,BED14F2ED122EC8C48B51A2F9EF575AF2E2E8F75D64DB1CCB8E421B73C5F815A
official-menu-delivery-baa79f094433c734,토마토도시락,제육볶음 육개장 정식,DELIVERY-BAA79F094433C734,https://www.tomatodosirak.co.kr/board/index.php?board=menu_01&sca=all,,2026-10-04,CURRENT_MENU_LISTED,,,,도시락,도시락,tomato-list,BED14F2ED122EC8C48B51A2F9EF575AF2E2E8F75D64DB1CCB8E421B73C5F815A
official-menu-delivery-baae7e2c77c507be,토마토도시락,육개장백반,DELIVERY-BAAE7E2C77C507BE,https://www.tomatodosirak.co.kr/board/index.php?board=menu_01&sca=all,,2026-10-04,CURRENT_MENU_LISTED,,,,도시락,도시락,tomato-list,BED14F2ED122EC8C48B51A2F9EF575AF2E2E8F75D64DB1CCB8E421B73C5F815A
official-menu-delivery-baff17d75a762807,토마토도시락,데리와퍼치킨 육개장 정식,DELIVERY-BAFF17D75A762807,https://www.tomatodosirak.co.kr/board/index.php?board=menu_01&sca=all,,2026-10-04,CURRENT_MENU_LISTED,,,,도시락,도시락,tomato-list,BED14F2ED122EC8C48B51A2F9EF575AF2E2E8F75D64DB1CCB8E421B73C5F815A
official-menu-delivery-be7e789b39a1229e,토마토도시락,계란후라이(추가메뉴),DELIVERY-BE7E789B39A1229E,https://www.tomatodosirak.co.kr/board/index.php?board=menu_01&sca=all,,2026-10-04,CURRENT_MENU_LISTED,,,,도시락,도시락,tomato-list,BED14F2ED122EC8C48B51A2F9EF575AF2E2E8F75D64DB1CCB8E421B73C5F815A
official-menu-delivery-bfc4be900372ceba,토마토도시락,청양고추(추가메뉴),DELIVERY-BFC4BE900372CEBA,https://www.tomatodosirak.co.kr/board/index.php?board=menu_01&sca=all,,2026-10-04,CURRENT_MENU_LISTED,,,,도시락,도시락,tomato-list,BED14F2ED122EC8C48B51A2F9EF575AF2E2E8F75D64DB1CCB8E421B73C5F815A
official-menu-delivery-c6acf6bf027b5798,토마토도시락,돈까스치킨마요,DELIVERY-C6ACF6BF027B5798,https://www.tomatodosirak.co.kr/board/index.php?board=menu_01&sca=all,,2026-10-04,CURRENT_MENU_LISTED,,,,도시락,돈가스,tomato-list,BED14F2ED122EC8C48B51A2F9EF575AF2E2E8F75D64DB1CCB8E421B73C5F815A
official-menu-delivery-cb1478622481b90e,토마토도시락,스팸김치볶음밥,DELIVERY-CB1478622481B90E,https://www.tomatodosirak.co.kr/board/index.php?board=menu_01&sca=all,,2026-10-04,CURRENT_MENU_LISTED,,,,도시락,덮밥,tomato-list,BED14F2ED122EC8C48B51A2F9EF575AF2E2E8F75D64DB1CCB8E421B73C5F815A
official-menu-delivery-cd49c6b98787f651,토마토도시락,새우콤보,DELIVERY-CD49C6B98787F651,https://www.tomatodosirak.co.kr/board/index.php?board=menu_01&sca=all,,2026-10-04,CURRENT_MENU_LISTED,,,,도시락,도시락,tomato-list,BED14F2ED122EC8C48B51A2F9EF575AF2E2E8F75D64DB1CCB8E421B73C5F815A
official-menu-delivery-d7b2c1a49ed53659,토마토도시락,일미한상,DELIVERY-D7B2C1A49ED53659,https://www.tomatodosirak.co.kr/board/index.php?board=menu_01&sca=all,,2026-10-04,CURRENT_MENU_LISTED,,,,도시락,도시락,tomato-list,BED14F2ED122EC8C48B51A2F9EF575AF2E2E8F75D64DB1CCB8E421B73C5F815A
official-menu-delivery-d9a88da03b6b3869,토마토도시락,수라한상,DELIVERY-D9A88DA03B6B3869,https://www.tomatodosirak.co.kr/board/index.php?board=menu_01&sca=all,,2026-10-04,CURRENT_MENU_LISTED,,,,도시락,도시락,tomato-list,BED14F2ED122EC8C48B51A2F9EF575AF2E2E8F75D64DB1CCB8E421B73C5F815A
official-menu-delivery-db494a46f228e25c,토마토도시락,맵단반반치킨,DELIVERY-DB494A46F228E25C,https://www.tomatodosirak.co.kr/board/index.php?board=menu_01&sca=all,,2026-10-04,CURRENT_MENU_LISTED,,,,도시락,도시락,tomato-list,BED14F2ED122EC8C48B51A2F9EF575AF2E2E8F75D64DB1CCB8E421B73C5F815A
official-menu-delivery-e2934f92e7070b7f,토마토도시락,스팸(토핑추가),DELIVERY-E2934F92E7070B7F,https://www.tomatodosirak.co.kr/board/index.php?board=menu_01&sca=all,,2026-10-04,CURRENT_MENU_LISTED,,,,도시락,도시락,tomato-list,BED14F2ED122EC8C48B51A2F9EF575AF2E2E8F75D64DB1CCB8E421B73C5F815A
official-menu-delivery-e304bb8514746c91,토마토도시락,제육볶음(토핑추가),DELIVERY-E304BB8514746C91,https://www.tomatodosirak.co.kr/board/index.php?board=menu_01&sca=all,,2026-10-04,CURRENT_MENU_LISTED,,,,도시락,도시락,tomato-list,BED14F2ED122EC8C48B51A2F9EF575AF2E2E8F75D64DB1CCB8E421B73C5F815A
official-menu-delivery-e31c05e82508ef18,토마토도시락,치킨샐러드,DELIVERY-E31C05E82508EF18,https://www.tomatodosirak.co.kr/board/index.php?board=menu_01&sca=all,,2026-10-04,CURRENT_MENU_LISTED,,,,도시락,샐러드·포케,tomato-list,BED14F2ED122EC8C48B51A2F9EF575AF2E2E8F75D64DB1CCB8E421B73C5F815A
official-menu-delivery-e49248194eda07c5,토마토도시락,돈불튀김,DELIVERY-E49248194EDA07C5,https://www.tomatodosirak.co.kr/board/index.php?board=menu_01&sca=all,,2026-10-04,CURRENT_MENU_LISTED,,,,도시락,도시락,tomato-list,BED14F2ED122EC8C48B51A2F9EF575AF2E2E8F75D64DB1CCB8E421B73C5F815A
official-menu-delivery-e5e79421c4f914ee,토마토도시락,단짠간장치킨,DELIVERY-E5E79421C4F914EE,https://www.tomatodosirak.co.kr/board/index.php?board=menu_01&sca=all,,2026-10-04,CURRENT_MENU_LISTED,,,,도시락,도시락,tomato-list,BED14F2ED122EC8C48B51A2F9EF575AF2E2E8F75D64DB1CCB8E421B73C5F815A
official-menu-delivery-e78e2f0227786455,토마토도시락,삼겹매콤와퍼,DELIVERY-E78E2F0227786455,https://www.tomatodosirak.co.kr/board/index.php?board=menu_01&sca=all,,2026-10-04,CURRENT_MENU_LISTED,,,,도시락,도시락,tomato-list,BED14F2ED122EC8C48B51A2F9EF575AF2E2E8F75D64DB1CCB8E421B73C5F815A
official-menu-delivery-e8bae2dcce7cdc8b,토마토도시락,눈꽃치즈(추가메뉴),DELIVERY-E8BAE2DCCE7CDC8B,https://www.tomatodosirak.co.kr/board/index.php?board=menu_01&sca=all,,2026-10-04,CURRENT_MENU_LISTED,,,,도시락,도시락,tomato-list,BED14F2ED122EC8C48B51A2F9EF575AF2E2E8F75D64DB1CCB8E421B73C5F815A
official-menu-delivery-ea5efdd224d08e6c,토마토도시락,제육볶음 김치찌개 정식,DELIVERY-EA5EFDD224D08E6C,https://www.tomatodosirak.co.kr/board/index.php?board=menu_01&sca=all,,2026-10-04,CURRENT_MENU_LISTED,,,,도시락,도시락,tomato-list,BED14F2ED122EC8C48B51A2F9EF575AF2E2E8F75D64DB1CCB8E421B73C5F815A
official-menu-delivery-ea891a828a629076,토마토도시락,치킨가라아게반찬,DELIVERY-EA891A828A629076,https://www.tomatodosirak.co.kr/board/index.php?board=menu_01&sca=all,,2026-10-04,CURRENT_MENU_LISTED,,,,도시락,도시락,tomato-list,BED14F2ED122EC8C48B51A2F9EF575AF2E2E8F75D64DB1CCB8E421B73C5F815A
official-menu-delivery-eaa8c0e9bafb85ff,토마토도시락,국물떡볶이,DELIVERY-EAA8C0E9BAFB85FF,https://www.tomatodosirak.co.kr/board/index.php?board=menu_01&sca=all,,2026-10-04,CURRENT_MENU_LISTED,,,,도시락,분식,tomato-list,BED14F2ED122EC8C48B51A2F9EF575AF2E2E8F75D64DB1CCB8E421B73C5F815A
official-menu-delivery-efb9cee0dd5c7283,토마토도시락,햄버그토마토스파게티,DELIVERY-EFB9CEE0DD5C7283,https://www.tomatodosirak.co.kr/board/index.php?board=menu_01&sca=all,,2026-10-04,CURRENT_MENU_LISTED,,,,도시락,파스타,tomato-list,BED14F2ED122EC8C48B51A2F9EF575AF2E2E8F75D64DB1CCB8E421B73C5F815A
official-menu-delivery-f159a3d670175942,토마토도시락,춘천식불닭갈비,DELIVERY-F159A3D670175942,https://www.tomatodosirak.co.kr/board/index.php?board=menu_01&sca=all,,2026-10-04,CURRENT_MENU_LISTED,,,,도시락,도시락,tomato-list,BED14F2ED122EC8C48B51A2F9EF575AF2E2E8F75D64DB1CCB8E421B73C5F815A
official-menu-delivery-f53bfeb3aff76914,토마토도시락,큐브스테이크(토핑추가),DELIVERY-F53BFEB3AFF76914,https://www.tomatodosirak.co.kr/board/index.php?board=menu_01&sca=all,,2026-10-04,CURRENT_MENU_LISTED,,,,도시락,도시락,tomato-list,BED14F2ED122EC8C48B51A2F9EF575AF2E2E8F75D64DB1CCB8E421B73C5F815A
official-menu-delivery-f7c6765b74df8c20,토마토도시락,돈까스토마토스파게티,DELIVERY-F7C6765B74DF8C20,https://www.tomatodosirak.co.kr/board/index.php?board=menu_01&sca=all,,2026-10-04,CURRENT_MENU_LISTED,,,,도시락,파스타,tomato-list,BED14F2ED122EC8C48B51A2F9EF575AF2E2E8F75D64DB1CCB8E421B73C5F815A
official-menu-delivery-f8b1a839259ef8ab,토마토도시락,닭갈비숙주덮밥,DELIVERY-F8B1A839259EF8AB,https://www.tomatodosirak.co.kr/board/index.php?board=menu_01&sca=all,,2026-10-04,CURRENT_MENU_LISTED,,,,도시락,덮밥,tomato-list,BED14F2ED122EC8C48B51A2F9EF575AF2E2E8F75D64DB1CCB8E421B73C5F815A
official-menu-delivery-fbad7f0666f6e139,토마토도시락,사이다,DELIVERY-FBAD7F0666F6E139,https://www.tomatodosirak.co.kr/board/index.php?board=menu_01&sca=all,,2026-10-04,CURRENT_MENU_LISTED,,,,도시락,도시락,tomato-list,BED14F2ED122EC8C48B51A2F9EF575AF2E2E8F75D64DB1CCB8E421B73C5F815A
official-menu-delivery-fbbc71a210d3bd0a,토마토도시락,치킨스테이크(토핑추가),DELIVERY-FBBC71A210D3BD0A,https://www.tomatodosirak.co.kr/board/index.php?board=menu_01&sca=all,,2026-10-04,CURRENT_MENU_LISTED,,,,도시락,도시락,tomato-list,BED14F2ED122EC8C48B51A2F9EF575AF2E2E8F75D64DB1CCB8E421B73C5F815A
official-menu-delivery-ff4e903522eb10fb,토마토도시락,제육치킨마요,DELIVERY-FF4E903522EB10FB,https://www.tomatodosirak.co.kr/board/index.php?board=menu_01&sca=all,,2026-10-04,CURRENT_MENU_LISTED,,,,도시락,도시락,tomato-list,BED14F2ED122EC8C48B51A2F9EF575AF2E2E8F75D64DB1CCB8E421B73C5F815A
official-menu-delivery-042e5bf9313956e8,파리바게뜨,아이스 티트라 민트 유자티,DELIVERY-042E5BF9313956E8,https://www.paris.co.kr/product/teatra-mint-yuja-tea-iced/,,2026-10-04,CURRENT_MENU_LISTED,,,,커피/음료,음료,paris-menu,24404B7B82E7029B4D02F65A000A3A7C78E3D16B1B1CCF376A288B5C99EAD58B
official-menu-delivery-10c5b8c8ad90b848,파리바게뜨,파베블랑,DELIVERY-10C5B8C8AD90B848,https://www.paris.co.kr/product/pave-blanc/,,2026-10-04,CURRENT_MENU_LISTED,,,,디저트/스낵,디저트,paris-menu,24404B7B82E7029B4D02F65A000A3A7C78E3D16B1B1CCF376A288B5C99EAD58B
official-menu-delivery-3e93ef9b02d6471e,파리바게뜨,망고밤 케이크,DELIVERY-3E93EF9B02D6471E,https://www.paris.co.kr/product/manggo-bomb-cake/,,2026-10-04,CURRENT_MENU_LISTED,,,,케이크,디저트,paris-menu,24404B7B82E7029B4D02F65A000A3A7C78E3D16B1B1CCF376A288B5C99EAD58B
official-menu-delivery-5571a8bf3b290421,파리바게뜨,아워벌스데이 케이크,DELIVERY-5571A8BF3B290421,https://www.paris.co.kr/product/ourbirthday-cake/,,2026-10-04,CURRENT_MENU_LISTED,,,,케이크,디저트,paris-menu,24404B7B82E7029B4D02F65A000A3A7C78E3D16B1B1CCF376A288B5C99EAD58B
official-menu-delivery-6b7281384e31ed3b,파리바게뜨,1일1스틱 푸룬 젤리스틱,DELIVERY-6B7281384E31ED3B,https://www.paris.co.kr/product/daily-prune-jelly-stick/,,2026-10-04,CURRENT_MENU_LISTED,,,,디저트/스낵,디저트,paris-menu,24404B7B82E7029B4D02F65A000A3A7C78E3D16B1B1CCF376A288B5C99EAD58B
official-menu-delivery-82b3255701e9fc6f,파리바게뜨,구움과자 아뜰리에 (10개입),DELIVERY-82B3255701E9FC6F,https://www.paris.co.kr/product/financier-madeleine-gift-set-10pcs/,,2026-10-04,CURRENT_MENU_LISTED,,,,선물,베이커리,paris-menu,24404B7B82E7029B4D02F65A000A3A7C78E3D16B1B1CCF376A288B5C99EAD58B
official-menu-delivery-a25c66ea73dd4596,파리바게뜨,구움과자 아뜰리에 (15개입),DELIVERY-A25C66EA73DD4596,https://www.paris.co.kr/product/financier-madeleine-gift-set-15pcs/,,2026-10-04,CURRENT_MENU_LISTED,,,,선물,베이커리,paris-menu,24404B7B82E7029B4D02F65A000A3A7C78E3D16B1B1CCF376A288B5C99EAD58B
official-menu-delivery-a4c9927d59951b82,파리바게뜨,뽀로로와 놀이동산 가요,DELIVERY-A4C9927D59951B82,https://www.paris.co.kr/product/lets-go-to-the-pororo-amusement-park/,,2026-10-04,CURRENT_MENU_LISTED,,,,케이크,디저트,paris-menu,24404B7B82E7029B4D02F65A000A3A7C78E3D16B1B1CCF376A288B5C99EAD58B
official-menu-delivery-b14b1a861367a916,파리바게뜨,썸머 복숭아 에이드,DELIVERY-B14B1A861367A916,https://www.paris.co.kr/product/summer-peach-ade/,,2026-10-04,CURRENT_MENU_LISTED,,,,커피/음료,음료,paris-menu,24404B7B82E7029B4D02F65A000A3A7C78E3D16B1B1CCF376A288B5C99EAD58B
official-menu-delivery-bb90237c3644f70e,파리바게뜨,1일1스틱 애사비 젤리스틱,DELIVERY-BB90237C3644F70E,https://www.paris.co.kr/product/daily-apple-cider-vinegar-jelly-stick/,,2026-10-04,CURRENT_MENU_LISTED,,,,디저트/스낵,디저트,paris-menu,24404B7B82E7029B4D02F65A000A3A7C78E3D16B1B1CCF376A288B5C99EAD58B
official-menu-delivery-c3dda66e0221e4a0,파리바게뜨,티트라 민트 유자티,DELIVERY-C3DDA66E0221E4A0,https://www.paris.co.kr/product/teatra-mint-yuja-tea-hot/,,2026-10-04,CURRENT_MENU_LISTED,,,,커피/음료,음료,paris-menu,24404B7B82E7029B4D02F65A000A3A7C78E3D16B1B1CCF376A288B5C99EAD58B
official-menu-delivery-c804c435a610edc5,파리바게뜨,아이스 티트라 베르가못 밀크티,DELIVERY-C804C435A610EDC5,https://www.paris.co.kr/product/teatra-bergamot-milk-tea-iced/,,2026-10-04,CURRENT_MENU_LISTED,,,,커피/음료,음료,paris-menu,24404B7B82E7029B4D02F65A000A3A7C78E3D16B1B1CCF376A288B5C99EAD58B
official-menu-delivery-c81da652ed66ff59,파리바게뜨,하트 윙크 춘식이,DELIVERY-C81DA652ED66FF59,https://www.paris.co.kr/product/heart-wink-chunsik/,,2026-10-04,CURRENT_MENU_LISTED,,,,케이크,디저트,paris-menu,24404B7B82E7029B4D02F65A000A3A7C78E3D16B1B1CCF376A288B5C99EAD58B
official-menu-delivery-d923afd9a71344f2,파리바게뜨,1일1스틱 석류 젤리스틱,DELIVERY-D923AFD9A71344F2,https://www.paris.co.kr/product/daily-pomegranate-jelly-stick/,,2026-10-04,CURRENT_MENU_LISTED,,,,디저트/스낵,디저트,paris-menu,24404B7B82E7029B4D02F65A000A3A7C78E3D16B1B1CCF376A288B5C99EAD58B
official-menu-delivery-dbb321556392ca81,파리바게뜨,제주 천혜향 파운드 케익,DELIVERY-DBB321556392CA81,https://www.paris.co.kr/product/jeju-cheonhyehyang-pound-cake-2/,,2026-10-04,CURRENT_MENU_LISTED,,,,선물,베이커리,paris-menu,24404B7B82E7029B4D02F65A000A3A7C78E3D16B1B1CCF376A288B5C99EAD58B
official-menu-delivery-e4a09f24c721aae0,파리바게뜨,감자쫀떡(2개입),DELIVERY-E4A09F24C721AAE0,https://www.paris.co.kr/product/potato-chewy-rice-cake-2pcs/,,2026-10-04,CURRENT_MENU_LISTED,,,,브레드,베이커리,paris-menu,24404B7B82E7029B4D02F65A000A3A7C78E3D16B1B1CCF376A288B5C99EAD58B
official-menu-delivery-06c72364a9dea591,파파존스,파파 코울슬로,DELIVERY-06C72364A9DEA591,https://m.pji.co.kr/menu/other/side,,2026-10-04,CURRENT_MENU_LISTED,,,,사이드,,papajohns-other-side,54D0EDB7901B9793342CAAF9855B6E5873279F0D741443F94B6989FEC08CFB7A
official-menu-delivery-0984370f5639f0b2,파파존스,더블 치즈버거,DELIVERY-0984370F5639F0B2,https://m.pji.co.kr/menu/pizza/1917,,2026-10-04,CURRENT_MENU_LISTED,,,,피자,피자,papajohns-pizza,2B1F747CD6349828EAC2B39EDAEA3A16CAC7101A06F7F11059A4D25EE5E09A98
official-menu-delivery-0be9ccd18be47bba,파파존스,올미트,DELIVERY-0BE9CCD18BE47BBA,https://m.pji.co.kr/menu/pizza/1001,,2026-10-04,CURRENT_MENU_LISTED,,,,피자,피자,papajohns-pizza,2B1F747CD6349828EAC2B39EDAEA3A16CAC7101A06F7F11059A4D25EE5E09A98
official-menu-delivery-14c870772ba16090,파파존스,페퍼로니,DELIVERY-14C870772BA16090,https://m.pji.co.kr/menu/pizza/1011,,2026-10-04,CURRENT_MENU_LISTED,,,,피자,피자,papajohns-pizza,2B1F747CD6349828EAC2B39EDAEA3A16CAC7101A06F7F11059A4D25EE5E09A98
official-menu-delivery-1686ebfc9bab4f7a,파파존스,마가리타,DELIVERY-1686EBFC9BAB4F7A,https://m.pji.co.kr/menu/pizza/1012,,2026-10-04,CURRENT_MENU_LISTED,,,,피자,피자,papajohns-pizza,2B1F747CD6349828EAC2B39EDAEA3A16CAC7101A06F7F11059A4D25EE5E09A98
official-menu-delivery-2c7c382dab9ed745,파파존스,파파스 윙,DELIVERY-2C7C382DAB9ED745,https://m.pji.co.kr/menu/other/side,,2026-10-04,CURRENT_MENU_LISTED,,,,사이드,,papajohns-other-side,54D0EDB7901B9793342CAAF9855B6E5873279F0D741443F94B6989FEC08CFB7A
official-menu-delivery-37c88f7d515b1879,파파존스,더블 초코칩 브라우니,DELIVERY-37C88F7D515B1879,https://m.pji.co.kr/menu/other/side,,2026-10-04,CURRENT_MENU_LISTED,,,,사이드,,papajohns-other-side,54D0EDB7901B9793342CAAF9855B6E5873279F0D741443F94B6989FEC08CFB7A
official-menu-delivery-3b04b3a134a858d3,파파존스,슈림프 알프레도THIN,DELIVERY-3B04B3A134A858D3,https://m.pji.co.kr/menu/pizza/1018,,2026-10-04,CURRENT_MENU_LISTED,,,,피자,피자,papajohns-pizza,2B1F747CD6349828EAC2B39EDAEA3A16CAC7101A06F7F11059A4D25EE5E09A98
official-menu-delivery-3e287a2e7ef3f390,파파존스,치킨 스트립,DELIVERY-3E287A2E7EF3F390,https://m.pji.co.kr/menu/other/side,,2026-10-04,CURRENT_MENU_LISTED,,,,사이드,,papajohns-other-side,54D0EDB7901B9793342CAAF9855B6E5873279F0D741443F94B6989FEC08CFB7A
official-menu-delivery-415619be7e4bb47f,파파존스,아이리쉬 포테이토,DELIVERY-415619BE7E4BB47F,https://m.pji.co.kr/menu/pizza/1013,,2026-10-04,CURRENT_MENU_LISTED,,,,피자,피자,papajohns-pizza,2B1F747CD6349828EAC2B39EDAEA3A16CAC7101A06F7F11059A4D25EE5E09A98
official-menu-delivery-424b1269e235fd86,파파존스,골든 체다 페퍼NEW,DELIVERY-424B1269E235FD86,https://m.pji.co.kr/menu/pizza/3209,,2026-10-04,CURRENT_MENU_LISTED,,,,피자,피자,papajohns-pizza,2B1F747CD6349828EAC2B39EDAEA3A16CAC7101A06F7F11059A4D25EE5E09A98
official-menu-delivery-4395edc515285365,파파존스,파파스 파스타(화이트),DELIVERY-4395EDC515285365,https://m.pji.co.kr/menu/other/side,,2026-10-04,CURRENT_MENU_LISTED,,,,사이드,파스타,papajohns-other-side,54D0EDB7901B9793342CAAF9855B6E5873279F0D741443F94B6989FEC08CFB7A
official-menu-delivery-44703b19afa51142,파파존스,그린잇 식물성 마가리타,DELIVERY-44703B19AFA51142,https://m.pji.co.kr/menu/pizza/2861,,2026-10-04,CURRENT_MENU_LISTED,,,,피자,피자,papajohns-pizza,2B1F747CD6349828EAC2B39EDAEA3A16CAC7101A06F7F11059A4D25EE5E09A98
official-menu-delivery-4b265f5a4f4bead0,파파존스,더블 핫 앤 스파이시 멕시칸,DELIVERY-4B265F5A4F4BEAD0,https://m.pji.co.kr/menu/pizza/3021,,2026-10-04,CURRENT_MENU_LISTED,,,,피자,피자,papajohns-pizza,2B1F747CD6349828EAC2B39EDAEA3A16CAC7101A06F7F11059A4D25EE5E09A98
official-menu-delivery-565606ab554ee67e,파파존스,프리미엄 직화불고기,DELIVERY-565606AB554EE67E,https://m.pji.co.kr/menu/pizza/1791,,2026-10-04,CURRENT_MENU_LISTED,,,,피자,피자,papajohns-pizza,2B1F747CD6349828EAC2B39EDAEA3A16CAC7101A06F7F11059A4D25EE5E09A98
official-menu-delivery-6525c0b0660955f6,파파존스,스파이시 이탈리안,DELIVERY-6525C0B0660955F6,https://m.pji.co.kr/menu/pizza/1342,,2026-10-04,CURRENT_MENU_LISTED,,,,피자,피자,papajohns-pizza,2B1F747CD6349828EAC2B39EDAEA3A16CAC7101A06F7F11059A4D25EE5E09A98
official-menu-delivery-683a60728dc7170c,파파존스,바베큐립 콤보,DELIVERY-683A60728DC7170C,https://m.pji.co.kr/menu/other/side,,2026-10-04,CURRENT_MENU_LISTED,,,,사이드,,papajohns-other-side,54D0EDB7901B9793342CAAF9855B6E5873279F0D741443F94B6989FEC08CFB7A
official-menu-delivery-6c8a79f628457b4b,파파존스,가든 스페셜,DELIVERY-6C8A79F628457B4B,https://m.pji.co.kr/menu/pizza/1002,,2026-10-04,CURRENT_MENU_LISTED,,,,피자,피자,papajohns-pizza,2B1F747CD6349828EAC2B39EDAEA3A16CAC7101A06F7F11059A4D25EE5E09A98
official-menu-delivery-7302ba09f92b25ed,파파존스,스파이시 치킨랜치,DELIVERY-7302BA09F92B25ED,https://m.pji.co.kr/menu/pizza/1021,,2026-10-04,CURRENT_MENU_LISTED,,,,피자,피자,papajohns-pizza,2B1F747CD6349828EAC2B39EDAEA3A16CAC7101A06F7F11059A4D25EE5E09A98
official-menu-delivery-732e2c9dec5e9103,파파존스,존스 페이버릿,DELIVERY-732E2C9DEC5E9103,https://m.pji.co.kr/menu/pizza/1656,,2026-10-04,CURRENT_MENU_LISTED,,,,피자,피자,papajohns-pizza,2B1F747CD6349828EAC2B39EDAEA3A16CAC7101A06F7F11059A4D25EE5E09A98
official-menu-delivery-7cc4523230416d26,파파존스,수퍼 파파스,DELIVERY-7CC4523230416D26,https://m.pji.co.kr/menu/pizza/1000,,2026-10-04,CURRENT_MENU_LISTED,,,,피자,피자,papajohns-pizza,2B1F747CD6349828EAC2B39EDAEA3A16CAC7101A06F7F11059A4D25EE5E09A98
official-menu-delivery-83f481a54d803896,파파존스,파파 콘샐러드,DELIVERY-83F481A54D803896,https://m.pji.co.kr/menu/other/side,,2026-10-04,CURRENT_MENU_LISTED,,,,사이드,샐러드·포케,papajohns-other-side,54D0EDB7901B9793342CAAF9855B6E5873279F0D741443F94B6989FEC08CFB7A
official-menu-delivery-890b732c159bb8a6,파파존스,브래드 스틱,DELIVERY-890B732C159BB8A6,https://m.pji.co.kr/menu/other/side,,2026-10-04,CURRENT_MENU_LISTED,,,,사이드,,papajohns-other-side,54D0EDB7901B9793342CAAF9855B6E5873279F0D741443F94B6989FEC08CFB7A
official-menu-delivery-8f5443755239c980,파파존스,그린잇 식물성 가든스페셜,DELIVERY-8F5443755239C980,https://m.pji.co.kr/menu/pizza/2863,,2026-10-04,CURRENT_MENU_LISTED,,,,피자,피자,papajohns-pizza,2B1F747CD6349828EAC2B39EDAEA3A16CAC7101A06F7F11059A4D25EE5E09A98
official-menu-delivery-9ccea7de8ba04667,파파존스,햄 머쉬룸 식스 치즈,DELIVERY-9CCEA7DE8BA04667,https://m.pji.co.kr/menu/pizza/2773,,2026-10-04,CURRENT_MENU_LISTED,,,,피자,피자,papajohns-pizza,2B1F747CD6349828EAC2B39EDAEA3A16CAC7101A06F7F11059A4D25EE5E09A98
official-menu-delivery-b7f95efa127dbe68,파파존스,파파스 파스타(미트),DELIVERY-B7F95EFA127DBE68,https://m.pji.co.kr/menu/other/side,,2026-10-04,CURRENT_MENU_LISTED,,,,사이드,파스타,papajohns-other-side,54D0EDB7901B9793342CAAF9855B6E5873279F0D741443F94B6989FEC08CFB7A
official-menu-delivery-bdba9b592f85c261,파파존스,하와이안,DELIVERY-BDBA9B592F85C261,https://m.pji.co.kr/menu/pizza/1015,,2026-10-04,CURRENT_MENU_LISTED,,,,피자,피자,papajohns-pizza,2B1F747CD6349828EAC2B39EDAEA3A16CAC7101A06F7F11059A4D25EE5E09A98
official-menu-delivery-c85fa77323cb3522,파파존스,치즈 스틱,DELIVERY-C85FA77323CB3522,https://m.pji.co.kr/menu/other/side,,2026-10-04,CURRENT_MENU_LISTED,,,,사이드,,papajohns-other-side,54D0EDB7901B9793342CAAF9855B6E5873279F0D741443F94B6989FEC08CFB7A
official-menu-delivery-cf04296883697b29,파파존스,위스콘신 치즈 포테이토,DELIVERY-CF04296883697B29,https://m.pji.co.kr/menu/pizza/2609,,2026-10-04,CURRENT_MENU_LISTED,,,,피자,피자,papajohns-pizza,2B1F747CD6349828EAC2B39EDAEA3A16CAC7101A06F7F11059A4D25EE5E09A98
official-menu-delivery-d04b4cade8d1d9a6,파파존스,메가 초코칩 쿠키,DELIVERY-D04B4CADE8D1D9A6,https://m.pji.co.kr/menu/other/side,,2026-10-04,CURRENT_MENU_LISTED,,,,사이드,,papajohns-other-side,54D0EDB7901B9793342CAAF9855B6E5873279F0D741443F94B6989FEC08CFB7A
official-menu-delivery-d6213f2179bd8d70,파파존스,불닭 까르보 치킨NEW,DELIVERY-D6213F2179BD8D70,https://m.pji.co.kr/menu/pizza/3241,,2026-10-04,CURRENT_MENU_LISTED,,,,피자,피자,papajohns-pizza,2B1F747CD6349828EAC2B39EDAEA3A16CAC7101A06F7F11059A4D25EE5E09A98
official-menu-delivery-e3d38a20c2f2a968,파파존스,파파스 파스타(로제),DELIVERY-E3D38A20C2F2A968,https://m.pji.co.kr/menu/other/side,,2026-10-04,CURRENT_MENU_LISTED,,,,사이드,파스타,papajohns-other-side,54D0EDB7901B9793342CAAF9855B6E5873279F0D741443F94B6989FEC08CFB7A
official-menu-delivery-f1cb4f0564e947f3,파파존스,식스 치즈,DELIVERY-F1CB4F0564E947F3,https://m.pji.co.kr/menu/pizza/1655,,2026-10-04,CURRENT_MENU_LISTED,,,,피자,피자,papajohns-pizza,2B1F747CD6349828EAC2B39EDAEA3A16CAC7101A06F7F11059A4D25EE5E09A98
official-menu-delivery-f2a2dd251f4d3d68,파파존스,베이컨 치즈 스틱,DELIVERY-F2A2DD251F4D3D68,https://m.pji.co.kr/menu/other/side,,2026-10-04,CURRENT_MENU_LISTED,,,,사이드,,papajohns-other-side,54D0EDB7901B9793342CAAF9855B6E5873279F0D741443F94B6989FEC08CFB7A
official-menu-delivery-f3f0486f7b641d4e,파파존스,크리스피 치즈 페퍼로니 피자THIN,DELIVERY-F3F0486F7B641D4E,https://m.pji.co.kr/menu/pizza/2893,,2026-10-04,CURRENT_MENU_LISTED,,,,피자,피자,papajohns-pizza,2B1F747CD6349828EAC2B39EDAEA3A16CAC7101A06F7F11059A4D25EE5E09A98
official-menu-delivery-f463f67c92b6e620,파파존스,치킨 바베큐,DELIVERY-F463F67C92B6E620,https://m.pji.co.kr/menu/pizza/1028,,2026-10-04,CURRENT_MENU_LISTED,,,,피자,피자,papajohns-pizza,2B1F747CD6349828EAC2B39EDAEA3A16CAC7101A06F7F11059A4D25EE5E09A98
official-menu-delivery-f55cd19aebf0b759,파파존스,크리스피 치즈 트리플 피자THIN,DELIVERY-F55CD19AEBF0B759,https://m.pji.co.kr/menu/pizza/2892,,2026-10-04,CURRENT_MENU_LISTED,,,,피자,피자,papajohns-pizza,2B1F747CD6349828EAC2B39EDAEA3A16CAC7101A06F7F11059A4D25EE5E09A98
official-menu-delivery-1347eda5710032be,프랭크버거,프렌치 프라이,DELIVERY-1347EDA5710032BE,https://www.frankburger.co.kr/html/menu_1.html,,2026-10-04,CURRENT_MENU_LISTED,,,,사이드,,frank-menu,944B7EB4A5F0BD070EB7FF4BE49D40355D7BB66ECE2B220CFA2E59C45642F1F7
official-menu-delivery-1cfbf47930d22f11,프랭크버거,프랭크 버거,DELIVERY-1CFBF47930D22F11,https://www.frankburger.co.kr/html/menu_1.html,,2026-10-04,CURRENT_MENU_LISTED,,,,버거,햄버거,frank-menu,944B7EB4A5F0BD070EB7FF4BE49D40355D7BB66ECE2B220CFA2E59C45642F1F7
official-menu-delivery-2c31c3ef090d2f85,프랭크버거,순살치킨 청양마요 (200g),DELIVERY-2C31C3EF090D2F85,https://www.frankburger.co.kr/html/menu_1.html,,2026-10-04,CURRENT_MENU_LISTED,,,,사이드,,frank-menu,944B7EB4A5F0BD070EB7FF4BE49D40355D7BB66ECE2B220CFA2E59C45642F1F7
official-menu-delivery-3588e0a6fb6e293e,프랭크버거,청양마요 쉬림프 버거,DELIVERY-3588E0A6FB6E293E,https://www.frankburger.co.kr/html/menu_1.html,,2026-10-04,CURRENT_MENU_LISTED,,,,버거,햄버거,frank-menu,944B7EB4A5F0BD070EB7FF4BE49D40355D7BB66ECE2B220CFA2E59C45642F1F7
official-menu-delivery-3802eac798443117,프랭크버거,오징어링 (3개),DELIVERY-3802EAC798443117,https://www.frankburger.co.kr/html/menu_1.html,,2026-10-04,CURRENT_MENU_LISTED,,,,사이드,,frank-menu,944B7EB4A5F0BD070EB7FF4BE49D40355D7BB66ECE2B220CFA2E59C45642F1F7
official-menu-delivery-4dc2016067d8db87,프랭크버거,K 불고기 버거,DELIVERY-4DC2016067D8DB87,https://www.frankburger.co.kr/html/menu_1.html,,2026-10-04,CURRENT_MENU_LISTED,,,,버거,햄버거,frank-menu,944B7EB4A5F0BD070EB7FF4BE49D40355D7BB66ECE2B220CFA2E59C45642F1F7
official-menu-delivery-5529574ab0086972,프랭크버거,탄산음료,DELIVERY-5529574AB0086972,https://www.frankburger.co.kr/html/menu_1.html,,2026-10-04,CURRENT_MENU_LISTED,,,,사이드,,frank-menu,944B7EB4A5F0BD070EB7FF4BE49D40355D7BB66ECE2B220CFA2E59C45642F1F7
official-menu-delivery-5b8f805b37d67859,프랭크버거,치즈버거,DELIVERY-5B8F805B37D67859,https://www.frankburger.co.kr/html/menu_1.html,,2026-10-04,CURRENT_MENU_LISTED,,,,버거,햄버거,frank-menu,944B7EB4A5F0BD070EB7FF4BE49D40355D7BB66ECE2B220CFA2E59C45642F1F7
official-menu-delivery-5dee7cc9d57e4f60,프랭크버거,순살치킨 양념 (200g),DELIVERY-5DEE7CC9D57E4F60,https://www.frankburger.co.kr/html/menu_1.html,,2026-10-04,CURRENT_MENU_LISTED,,,,사이드,,frank-menu,944B7EB4A5F0BD070EB7FF4BE49D40355D7BB66ECE2B220CFA2E59C45642F1F7
official-menu-delivery-5e13445d0ffd6bea,프랭크버거,깐쇼새우 비프버거,DELIVERY-5E13445D0FFD6BEA,https://www.frankburger.co.kr/html/menu_1.html,,2026-10-04,CURRENT_MENU_LISTED,,,,버거,햄버거,frank-menu,944B7EB4A5F0BD070EB7FF4BE49D40355D7BB66ECE2B220CFA2E59C45642F1F7
official-menu-delivery-699fdc4b1d5591a0,프랭크버거,맥앤치즈 비프버거,DELIVERY-699FDC4B1D5591A0,https://www.frankburger.co.kr/html/menu_1.html,,2026-10-04,CURRENT_MENU_LISTED,,,,버거,햄버거,frank-menu,944B7EB4A5F0BD070EB7FF4BE49D40355D7BB66ECE2B220CFA2E59C45642F1F7
official-menu-delivery-6a286422b4e98705,프랭크버거,아메리카노,DELIVERY-6A286422B4E98705,https://www.frankburger.co.kr/html/menu_1.html,,2026-10-04,CURRENT_MENU_LISTED,,,,사이드,카페,frank-menu,944B7EB4A5F0BD070EB7FF4BE49D40355D7BB66ECE2B220CFA2E59C45642F1F7
official-menu-delivery-6dcc7c3b391809a9,프랭크버거,바닐라 밀크 쉐이크,DELIVERY-6DCC7C3B391809A9,https://www.frankburger.co.kr/html/menu_1.html,,2026-10-04,CURRENT_MENU_LISTED,,,,사이드,,frank-menu,944B7EB4A5F0BD070EB7FF4BE49D40355D7BB66ECE2B220CFA2E59C45642F1F7
official-menu-delivery-70f59f38c700669c,프랭크버거,K 핫불고기 버거,DELIVERY-70F59F38C700669C,https://www.frankburger.co.kr/html/menu_1.html,,2026-10-04,CURRENT_MENU_LISTED,,,,버거,햄버거,frank-menu,944B7EB4A5F0BD070EB7FF4BE49D40355D7BB66ECE2B220CFA2E59C45642F1F7
official-menu-delivery-7614d50b9563186c,프랭크버거,치킨텐더 (2개),DELIVERY-7614D50B9563186C,https://www.frankburger.co.kr/html/menu_1.html,,2026-10-04,CURRENT_MENU_LISTED,,,,사이드,,frank-menu,944B7EB4A5F0BD070EB7FF4BE49D40355D7BB66ECE2B220CFA2E59C45642F1F7
official-menu-delivery-86b79f941f9749be,프랭크버거,파닭파닭 치킨버거,DELIVERY-86B79F941F9749BE,https://www.frankburger.co.kr/html/menu_1.html,,2026-10-04,CURRENT_MENU_LISTED,,,,버거,햄버거,frank-menu,944B7EB4A5F0BD070EB7FF4BE49D40355D7BB66ECE2B220CFA2E59C45642F1F7
official-menu-delivery-9cda6b7772ad1ee9,프랭크버거,쉬림프 버거,DELIVERY-9CDA6B7772AD1EE9,https://www.frankburger.co.kr/html/menu_1.html,,2026-10-04,CURRENT_MENU_LISTED,,,,버거,햄버거,frank-menu,944B7EB4A5F0BD070EB7FF4BE49D40355D7BB66ECE2B220CFA2E59C45642F1F7
official-menu-delivery-9d21504881cc209e,프랭크버거,해쉬 포테이토,DELIVERY-9D21504881CC209E,https://www.frankburger.co.kr/html/menu_1.html,,2026-10-04,CURRENT_MENU_LISTED,,,,사이드,,frank-menu,944B7EB4A5F0BD070EB7FF4BE49D40355D7BB66ECE2B220CFA2E59C45642F1F7
official-menu-delivery-a668a23fec965c07,프랭크버거,자이언트 통닭다리,DELIVERY-A668A23FEC965C07,https://www.frankburger.co.kr/html/menu_1.html,,2026-10-04,CURRENT_MENU_LISTED,,,,사이드,,frank-menu,944B7EB4A5F0BD070EB7FF4BE49D40355D7BB66ECE2B220CFA2E59C45642F1F7
official-menu-delivery-b23444156b367904,프랭크버거,통가슴살 후라이드,DELIVERY-B23444156B367904,https://www.frankburger.co.kr/html/menu_1.html,,2026-10-04,CURRENT_MENU_LISTED,,,,사이드,,frank-menu,944B7EB4A5F0BD070EB7FF4BE49D40355D7BB66ECE2B220CFA2E59C45642F1F7
official-menu-delivery-caf5c2ab42bb8818,프랭크버거,버팔로윙봉 (4개),DELIVERY-CAF5C2AB42BB8818,https://www.frankburger.co.kr/html/menu_1.html,,2026-10-04,CURRENT_MENU_LISTED,,,,사이드,,frank-menu,944B7EB4A5F0BD070EB7FF4BE49D40355D7BB66ECE2B220CFA2E59C45642F1F7
official-menu-delivery-d3390f6f74dd51be,프랭크버거,100% 한우 버거,DELIVERY-D3390F6F74DD51BE,https://www.frankburger.co.kr/html/menu_1.html,,2026-10-04,CURRENT_MENU_LISTED,,,,버거,햄버거,frank-menu,944B7EB4A5F0BD070EB7FF4BE49D40355D7BB66ECE2B220CFA2E59C45642F1F7
official-menu-delivery-d35ae3d65806060f,프랭크버거,비프 앤 쉬림프 버거,DELIVERY-D35AE3D65806060F,https://www.frankburger.co.kr/html/menu_1.html,,2026-10-04,CURRENT_MENU_LISTED,,,,버거,햄버거,frank-menu,944B7EB4A5F0BD070EB7FF4BE49D40355D7BB66ECE2B220CFA2E59C45642F1F7
official-menu-delivery-d49f9617aa45035e,프랭크버거,치즈스틱 (3개),DELIVERY-D49F9617AA45035E,https://www.frankburger.co.kr/html/menu_1.html,,2026-10-04,CURRENT_MENU_LISTED,,,,사이드,,frank-menu,944B7EB4A5F0BD070EB7FF4BE49D40355D7BB66ECE2B220CFA2E59C45642F1F7
official-menu-delivery-d8abdd5f8af04a46,프랭크버거,치즈 프렌치 프라이,DELIVERY-D8ABDD5F8AF04A46,https://www.frankburger.co.kr/html/menu_1.html,,2026-10-04,CURRENT_MENU_LISTED,,,,사이드,,frank-menu,944B7EB4A5F0BD070EB7FF4BE49D40355D7BB66ECE2B220CFA2E59C45642F1F7
official-menu-delivery-db6e7d50a2130496,프랭크버거,더 치즈볼 (3개),DELIVERY-DB6E7D50A2130496,https://www.frankburger.co.kr/html/menu_1.html,,2026-10-04,CURRENT_MENU_LISTED,,,,사이드,,frank-menu,944B7EB4A5F0BD070EB7FF4BE49D40355D7BB66ECE2B220CFA2E59C45642F1F7
official-menu-delivery-dc4f20b6b7a9188f,프랭크버거,JG버거,DELIVERY-DC4F20B6B7A9188F,https://www.frankburger.co.kr/html/menu_1.html,,2026-10-04,CURRENT_MENU_LISTED,,,,버거,햄버거,frank-menu,944B7EB4A5F0BD070EB7FF4BE49D40355D7BB66ECE2B220CFA2E59C45642F1F7
official-menu-delivery-dcde634d3ecc17f5,프랭크버거,코울슬로 샐러드,DELIVERY-DCDE634D3ECC17F5,https://www.frankburger.co.kr/html/menu_1.html,,2026-10-04,CURRENT_MENU_LISTED,,,,사이드,샐러드·포케,frank-menu,944B7EB4A5F0BD070EB7FF4BE49D40355D7BB66ECE2B220CFA2E59C45642F1F7
official-menu-delivery-e229d8da04240fc6,프랭크버거,100% 한우 갈릭 버거,DELIVERY-E229D8DA04240FC6,https://www.frankburger.co.kr/html/menu_1.html,,2026-10-04,CURRENT_MENU_LISTED,,,,버거,햄버거,frank-menu,944B7EB4A5F0BD070EB7FF4BE49D40355D7BB66ECE2B220CFA2E59C45642F1F7
official-menu-delivery-e82d1702160f9c64,프랭크버거,순살치킨 후라이드 (200g),DELIVERY-E82D1702160F9C64,https://www.frankburger.co.kr/html/menu_1.html,,2026-10-04,CURRENT_MENU_LISTED,,,,사이드,,frank-menu,944B7EB4A5F0BD070EB7FF4BE49D40355D7BB66ECE2B220CFA2E59C45642F1F7
official-menu-delivery-eebc11ab3c856453,프랭크버거,더블 비프 치즈 버거,DELIVERY-EEBC11AB3C856453,https://www.frankburger.co.kr/html/menu_1.html,,2026-10-04,CURRENT_MENU_LISTED,,,,버거,햄버거,frank-menu,944B7EB4A5F0BD070EB7FF4BE49D40355D7BB66ECE2B220CFA2E59C45642F1F7
official-menu-delivery-eed656f22d8cb038,프랭크버거,베이컨 치즈버거,DELIVERY-EED656F22D8CB038,https://www.frankburger.co.kr/html/menu_1.html,,2026-10-04,CURRENT_MENU_LISTED,,,,버거,햄버거,frank-menu,944B7EB4A5F0BD070EB7FF4BE49D40355D7BB66ECE2B220CFA2E59C45642F1F7
official-menu-delivery-f49f1a644b739a84,프랭크버거,콘샐러드,DELIVERY-F49F1A644B739A84,https://www.frankburger.co.kr/html/menu_1.html,,2026-10-04,CURRENT_MENU_LISTED,,,,사이드,샐러드·포케,frank-menu,944B7EB4A5F0BD070EB7FF4BE49D40355D7BB66ECE2B220CFA2E59C45642F1F7
official-menu-delivery-f5bf83766f1d50ef,프랭크버거,바삭 어니언링,DELIVERY-F5BF83766F1D50EF,https://www.frankburger.co.kr/html/menu_1.html,,2026-10-04,CURRENT_MENU_LISTED,,,,사이드,,frank-menu,944B7EB4A5F0BD070EB7FF4BE49D40355D7BB66ECE2B220CFA2E59C45642F1F7
official-menu-delivery-064724d9643187e6,피자마루,스테이크불갈비,DELIVERY-064724D9643187E6,https://www.pizzamaru.kr/,,2026-10-04,CURRENT_MENU_LISTED,,,,피자,피자,pizzamaru-menu,DED6A1CEC82D9DE8462A8866EB75FE29D7CDE21FD292A6428D556AF1FCE881E9
official-menu-delivery-07b951bae39a1e70,피자마루,투움바 스파게티,DELIVERY-07B951BAE39A1E70,https://www.pizzamaru.kr/,,2026-10-04,CURRENT_MENU_LISTED,,,,사이드,파스타,pizzamaru-menu,DED6A1CEC82D9DE8462A8866EB75FE29D7CDE21FD292A6428D556AF1FCE881E9
official-menu-delivery-087d9a9a4fe62160,피자마루,페퍼로니,DELIVERY-087D9A9A4FE62160,https://www.pizzamaru.kr/,,2026-10-04,CURRENT_MENU_LISTED,,,,피자,피자,pizzamaru-menu,DED6A1CEC82D9DE8462A8866EB75FE29D7CDE21FD292A6428D556AF1FCE881E9
official-menu-delivery-1423b5b33ae2bec6,피자마루,크레이지 불새,DELIVERY-1423B5B33AE2BEC6,https://www.pizzamaru.kr/,,2026-10-04,CURRENT_MENU_LISTED,,,,피자,피자,pizzamaru-menu,DED6A1CEC82D9DE8462A8866EB75FE29D7CDE21FD292A6428D556AF1FCE881E9
official-menu-delivery-20af952f80d415d3,피자마루,로스트 치킨 윙&봉,DELIVERY-20AF952F80D415D3,https://www.pizzamaru.kr/,,2026-10-04,CURRENT_MENU_LISTED,,,,사이드,,pizzamaru-menu,DED6A1CEC82D9DE8462A8866EB75FE29D7CDE21FD292A6428D556AF1FCE881E9
official-menu-delivery-2669ec5e89d21920,피자마루,리얼시카고오리지널,DELIVERY-2669EC5E89D21920,https://www.pizzamaru.kr/,,2026-10-04,CURRENT_MENU_LISTED,,,,피자,피자,pizzamaru-menu,DED6A1CEC82D9DE8462A8866EB75FE29D7CDE21FD292A6428D556AF1FCE881E9
official-menu-delivery-2bf9165933669ed3,피자마루,바베큐치킨,DELIVERY-2BF9165933669ED3,https://www.pizzamaru.kr/,,2026-10-04,CURRENT_MENU_LISTED,,,,피자,피자,pizzamaru-menu,DED6A1CEC82D9DE8462A8866EB75FE29D7CDE21FD292A6428D556AF1FCE881E9
official-menu-delivery-374efe7336c56b4d,피자마루,돼지불백,DELIVERY-374EFE7336C56B4D,https://www.pizzamaru.kr/,,2026-10-04,CURRENT_MENU_LISTED,,,,피자,피자,pizzamaru-menu,DED6A1CEC82D9DE8462A8866EB75FE29D7CDE21FD292A6428D556AF1FCE881E9
official-menu-delivery-3859dbfd7581440d,피자마루,명란크림스파게티,DELIVERY-3859DBFD7581440D,https://www.pizzamaru.kr/,,2026-10-04,CURRENT_MENU_LISTED,,,,사이드,파스타,pizzamaru-menu,DED6A1CEC82D9DE8462A8866EB75FE29D7CDE21FD292A6428D556AF1FCE881E9
official-menu-delivery-436915e7084b7fc7,피자마루,불고기,DELIVERY-436915E7084B7FC7,https://www.pizzamaru.kr/,,2026-10-04,CURRENT_MENU_LISTED,,,,피자,피자,pizzamaru-menu,DED6A1CEC82D9DE8462A8866EB75FE29D7CDE21FD292A6428D556AF1FCE881E9
official-menu-delivery-440e14a6b774a41d,피자마루,레드콘,DELIVERY-440E14A6B774A41D,https://www.pizzamaru.kr/,,2026-10-04,CURRENT_MENU_LISTED,,,,피자,피자,pizzamaru-menu,DED6A1CEC82D9DE8462A8866EB75FE29D7CDE21FD292A6428D556AF1FCE881E9
official-menu-delivery-6b0d3806d60cbc2e,피자마루,마닭,DELIVERY-6B0D3806D60CBC2E,https://www.pizzamaru.kr/,,2026-10-04,CURRENT_MENU_LISTED,,,,사이드,,pizzamaru-menu,DED6A1CEC82D9DE8462A8866EB75FE29D7CDE21FD292A6428D556AF1FCE881E9
official-menu-delivery-820b10e0143d232d,피자마루,콤비네이션,DELIVERY-820B10E0143D232D,https://www.pizzamaru.kr/,,2026-10-04,CURRENT_MENU_LISTED,,,,피자,피자,pizzamaru-menu,DED6A1CEC82D9DE8462A8866EB75FE29D7CDE21FD292A6428D556AF1FCE881E9
official-menu-delivery-85155b1bafb38e09,피자마루,페퍼로니치즈폭탄,DELIVERY-85155B1BAFB38E09,https://www.pizzamaru.kr/,,2026-10-04,CURRENT_MENU_LISTED,,,,피자,피자,pizzamaru-menu,DED6A1CEC82D9DE8462A8866EB75FE29D7CDE21FD292A6428D556AF1FCE881E9
official-menu-delivery-8874556432851b23,피자마루,명란크림새우,DELIVERY-8874556432851B23,https://www.pizzamaru.kr/,,2026-10-04,CURRENT_MENU_LISTED,,,,피자,피자,pizzamaru-menu,DED6A1CEC82D9DE8462A8866EB75FE29D7CDE21FD292A6428D556AF1FCE881E9
official-menu-delivery-90511c6389f28798,피자마루,치즈 오븐 스파게티,DELIVERY-90511C6389F28798,https://www.pizzamaru.kr/,,2026-10-04,CURRENT_MENU_LISTED,,,,사이드,파스타,pizzamaru-menu,DED6A1CEC82D9DE8462A8866EB75FE29D7CDE21FD292A6428D556AF1FCE881E9
official-menu-delivery-997b490ef21ef2ba,피자마루,마떡,DELIVERY-997B490EF21EF2BA,https://www.pizzamaru.kr/,,2026-10-04,CURRENT_MENU_LISTED,,,,사이드,,pizzamaru-menu,DED6A1CEC82D9DE8462A8866EB75FE29D7CDE21FD292A6428D556AF1FCE881E9
official-menu-delivery-9a4f5bf618bcee3d,피자마루,고구마,DELIVERY-9A4F5BF618BCEE3D,https://www.pizzamaru.kr/,,2026-10-04,CURRENT_MENU_LISTED,,,,피자,피자,pizzamaru-menu,DED6A1CEC82D9DE8462A8866EB75FE29D7CDE21FD292A6428D556AF1FCE881E9
official-menu-delivery-a8d1b02b9b0429c9,피자마루,아메리칸체다,DELIVERY-A8D1B02B9B0429C9,https://www.pizzamaru.kr/,,2026-10-04,CURRENT_MENU_LISTED,,,,피자,피자,pizzamaru-menu,DED6A1CEC82D9DE8462A8866EB75FE29D7CDE21FD292A6428D556AF1FCE881E9
official-menu-delivery-aca5e38ab9de457e,피자마루,통새우링,DELIVERY-ACA5E38AB9DE457E,https://www.pizzamaru.kr/,,2026-10-04,CURRENT_MENU_LISTED,,,,사이드,,pizzamaru-menu,DED6A1CEC82D9DE8462A8866EB75FE29D7CDE21FD292A6428D556AF1FCE881E9
official-menu-delivery-bea4f55cbf09b7bc,피자마루,텐더 치킨,DELIVERY-BEA4F55CBF09B7BC,https://www.pizzamaru.kr/,,2026-10-04,CURRENT_MENU_LISTED,,,,사이드,,pizzamaru-menu,DED6A1CEC82D9DE8462A8866EB75FE29D7CDE21FD292A6428D556AF1FCE881E9
official-menu-delivery-bfa8cf5b199266c7,피자마루,포테이토,DELIVERY-BFA8CF5B199266C7,https://www.pizzamaru.kr/,,2026-10-04,CURRENT_MENU_LISTED,,,,피자,피자,pizzamaru-menu,DED6A1CEC82D9DE8462A8866EB75FE29D7CDE21FD292A6428D556AF1FCE881E9
official-menu-delivery-c376a0d9a832f02f,피자마루,치즈폭탄,DELIVERY-C376A0D9A832F02F,https://www.pizzamaru.kr/,,2026-10-04,CURRENT_MENU_LISTED,,,,피자,피자,pizzamaru-menu,DED6A1CEC82D9DE8462A8866EB75FE29D7CDE21FD292A6428D556AF1FCE881E9
official-menu-delivery-c673e906cf1f2f2a,피자마루,치즈,DELIVERY-C673E906CF1F2F2A,https://www.pizzamaru.kr/,,2026-10-04,CURRENT_MENU_LISTED,,,,피자,피자,pizzamaru-menu,DED6A1CEC82D9DE8462A8866EB75FE29D7CDE21FD292A6428D556AF1FCE881E9
official-menu-delivery-d7b641573a211e84,피자마루,이탈리안 치즈,DELIVERY-D7B641573A211E84,https://www.pizzamaru.kr/,,2026-10-04,CURRENT_MENU_LISTED,,,,피자,피자,pizzamaru-menu,DED6A1CEC82D9DE8462A8866EB75FE29D7CDE21FD292A6428D556AF1FCE881E9
official-menu-delivery-e05decd5a860e0b1,피자마루,고추마요치킨,DELIVERY-E05DECD5A860E0B1,https://www.pizzamaru.kr/,,2026-10-04,CURRENT_MENU_LISTED,,,,피자,피자,pizzamaru-menu,DED6A1CEC82D9DE8462A8866EB75FE29D7CDE21FD292A6428D556AF1FCE881E9
official-menu-delivery-e2b5a4edf48cd1e7,피자마루,하와이안쉬림프,DELIVERY-E2B5A4EDF48CD1E7,https://www.pizzamaru.kr/,,2026-10-04,CURRENT_MENU_LISTED,,,,피자,피자,pizzamaru-menu,DED6A1CEC82D9DE8462A8866EB75FE29D7CDE21FD292A6428D556AF1FCE881E9
official-menu-delivery-eae40db27f347cdb,피자마루,흑마늘불고기,DELIVERY-EAE40DB27F347CDB,https://www.pizzamaru.kr/,,2026-10-04,CURRENT_MENU_LISTED,,,,피자,피자,pizzamaru-menu,DED6A1CEC82D9DE8462A8866EB75FE29D7CDE21FD292A6428D556AF1FCE881E9
official-menu-delivery-eef17066d31c1c4d,피자마루,투움바,DELIVERY-EEF17066D31C1C4D,https://www.pizzamaru.kr/,,2026-10-04,CURRENT_MENU_LISTED,,,,피자,피자,pizzamaru-menu,DED6A1CEC82D9DE8462A8866EB75FE29D7CDE21FD292A6428D556AF1FCE881E9
official-menu-delivery-faea5d3f801f63a9,피자마루,로제떡볶이,DELIVERY-FAEA5D3F801F63A9,https://www.pizzamaru.kr/,,2026-10-04,CURRENT_MENU_LISTED,,,,사이드,분식,pizzamaru-menu,DED6A1CEC82D9DE8462A8866EB75FE29D7CDE21FD292A6428D556AF1FCE881E9
official-menu-delivery-fd23ae29a1a9152c,피자마루,꿀고구마,DELIVERY-FD23AE29A1A9152C,https://www.pizzamaru.kr/,,2026-10-04,CURRENT_MENU_LISTED,,,,피자,피자,pizzamaru-menu,DED6A1CEC82D9DE8462A8866EB75FE29D7CDE21FD292A6428D556AF1FCE881E9
official-menu-delivery-0087f69ddaec6787,피자스쿨,미트러버피자,DELIVERY-0087F69DDAEC6787,http://pizzaschool.net/menu/%eb%af%b8%ed%8a%b8%eb%9f%ac%eb%b2%84%ed%94%bc%ec%9e%90/,,2026-10-04,CURRENT_MENU_LISTED,,,,피자,피자,pizzaschool-menu,116C7EB071CC43009EF3B867DEFB277821CE1E2F813D4DA14D2141CA7B0A5352
official-menu-delivery-06468168bd5c8bd9,피자스쿨,포테이토피자,DELIVERY-06468168BD5C8BD9,http://pizzaschool.net/menu/%ed%8f%ac%ed%85%8c%ec%9d%b4%ed%86%a0%ed%94%bc%ec%9e%90/,,2026-10-04,CURRENT_MENU_LISTED,,,,피자,피자,pizzaschool-menu,116C7EB071CC43009EF3B867DEFB277821CE1E2F813D4DA14D2141CA7B0A5352
official-menu-delivery-1cc7f18e30200bd2,피자스쿨,나폴리피자,DELIVERY-1CC7F18E30200BD2,http://pizzaschool.net/menu/%eb%82%98%ed%8f%b4%eb%a6%ac%ed%94%bc%ec%9e%90/,,2026-10-04,CURRENT_MENU_LISTED,,,,피자,피자,pizzaschool-menu,116C7EB071CC43009EF3B867DEFB277821CE1E2F813D4DA14D2141CA7B0A5352
official-menu-delivery-253332a29070f3ae,피자스쿨,비프타코피자,DELIVERY-253332A29070F3AE,http://pizzaschool.net/menu/%eb%b9%84%ed%94%84%ed%83%80%ec%bd%94%ed%94%bc%ec%9e%90/,,2026-10-04,CURRENT_MENU_LISTED,,,,피자,피자,pizzaschool-menu,116C7EB071CC43009EF3B867DEFB277821CE1E2F813D4DA14D2141CA7B0A5352
official-menu-delivery-370f8a5151592dd6,피자스쿨,멕시칸바이트피자,DELIVERY-370F8A5151592DD6,http://pizzaschool.net/menu/%eb%a9%95%ec%8b%9c%ec%b9%b8%eb%b0%94%ec%9d%b4%ed%8a%b8%ed%94%bc%ec%9e%90/,,2026-10-04,CURRENT_MENU_LISTED,,,,피자,피자,pizzaschool-menu,116C7EB071CC43009EF3B867DEFB277821CE1E2F813D4DA14D2141CA7B0A5352
official-menu-delivery-41f0ea579c6d5777,피자스쿨,불닭고구마피자,DELIVERY-41F0EA579C6D5777,http://pizzaschool.net/menu/%eb%b6%88%eb%8b%ad%ea%b3%a0%ea%b5%ac%eb%a7%88%ed%94%bc%ec%9e%90/,,2026-10-04,CURRENT_MENU_LISTED,,,,피자,피자,pizzaschool-menu,116C7EB071CC43009EF3B867DEFB277821CE1E2F813D4DA14D2141CA7B0A5352
official-menu-delivery-4e66c74414746c1f,피자스쿨,트러플포테이토피자,DELIVERY-4E66C74414746C1F,http://pizzaschool.net/menu/%ed%8a%b8%eb%9f%ac%ed%94%8c%ed%8f%ac%ed%85%8c%ec%9d%b4%ed%86%a0%ed%94%bc%ec%9e%90/,,2026-10-04,CURRENT_MENU_LISTED,,,,피자,피자,pizzaschool-menu,116C7EB071CC43009EF3B867DEFB277821CE1E2F813D4DA14D2141CA7B0A5352
official-menu-delivery-4f5f42bb31c0c6b3,피자스쿨,치킨타코피자,DELIVERY-4F5F42BB31C0C6B3,http://pizzaschool.net/menu/%ec%b9%98%ed%82%a8%ed%83%80%ec%bd%94%ed%94%bc%ec%9e%90/,,2026-10-04,CURRENT_MENU_LISTED,,,,피자,피자,pizzaschool-menu,116C7EB071CC43009EF3B867DEFB277821CE1E2F813D4DA14D2141CA7B0A5352
official-menu-delivery-5efbade0b2fbee42,피자스쿨,새우링,DELIVERY-5EFBADE0B2FBEE42,http://pizzaschool.net/menu/%ec%83%88%ec%9a%b0%eb%a7%81/,,2026-10-04,CURRENT_MENU_LISTED,,,,사이드,,pizzaschool-menu,116C7EB071CC43009EF3B867DEFB277821CE1E2F813D4DA14D2141CA7B0A5352
official-menu-delivery-67c1dd6cae6bf104,피자스쿨,닭안심살피자,DELIVERY-67C1DD6CAE6BF104,http://pizzaschool.net/menu/%eb%8b%ad%ec%95%88%ec%8b%ac%ec%82%b4%ed%94%bc%ec%9e%90/,,2026-10-04,CURRENT_MENU_LISTED,,,,피자,피자,pizzaschool-menu,116C7EB071CC43009EF3B867DEFB277821CE1E2F813D4DA14D2141CA7B0A5352
official-menu-delivery-67e44d173ed707e4,피자스쿨,크림치즈볼,DELIVERY-67E44D173ED707E4,http://pizzaschool.net/menu/%ed%81%ac%eb%a6%bc%ec%b9%98%ec%a6%88%eb%b3%bc/,,2026-10-04,CURRENT_MENU_LISTED,,,,사이드,,pizzaschool-menu,116C7EB071CC43009EF3B867DEFB277821CE1E2F813D4DA14D2141CA7B0A5352
official-menu-delivery-6e85c2bf1270c96f,피자스쿨,야채퀘사디아피자,DELIVERY-6E85C2BF1270C96F,http://pizzaschool.net/menu/%ec%95%bc%ec%b1%84%ed%80%98%ec%82%ac%eb%94%94%ec%95%84%ed%94%bc%ec%9e%90/,,2026-10-04,CURRENT_MENU_LISTED,,,,피자,피자,pizzaschool-menu,116C7EB071CC43009EF3B867DEFB277821CE1E2F813D4DA14D2141CA7B0A5352
official-menu-delivery-719624f55d28d739,피자스쿨,더블갈릭바베큐피자,DELIVERY-719624F55D28D739,http://pizzaschool.net/menu/%eb%8d%94%eb%b8%94%ea%b0%88%eb%a6%ad%eb%b0%94%eb%b2%a0%ed%81%90%ed%94%bc%ec%9e%90/,,2026-10-04,CURRENT_MENU_LISTED,,,,피자,피자,pizzaschool-menu,116C7EB071CC43009EF3B867DEFB277821CE1E2F813D4DA14D2141CA7B0A5352
official-menu-delivery-73315aa6d906cd66,피자스쿨,치즈오븐크림스파게티,DELIVERY-73315AA6D906CD66,http://pizzaschool.net/menu/%ec%b9%98%ec%a6%88%ec%98%a4%eb%b8%90%ed%81%ac%eb%a6%bc%ec%8a%a4%ed%8c%8c%ea%b2%8c%ed%8b%b0/,,2026-10-04,CURRENT_MENU_LISTED,,,,사이드,파스타,pizzaschool-menu,116C7EB071CC43009EF3B867DEFB277821CE1E2F813D4DA14D2141CA7B0A5352
official-menu-delivery-743324c6c966c510,피자스쿨,콤비네이션피자,DELIVERY-743324C6C966C510,http://pizzaschool.net/menu/%ec%bd%a4%eb%b9%84%eb%84%a4%ec%9d%b4%ec%85%98%ed%94%bc%ec%9e%90/,,2026-10-04,CURRENT_MENU_LISTED,,,,피자,피자,pizzaschool-menu,116C7EB071CC43009EF3B867DEFB277821CE1E2F813D4DA14D2141CA7B0A5352
official-menu-delivery-758c0e516eff09ce,피자스쿨,까르보네피자,DELIVERY-758C0E516EFF09CE,http://pizzaschool.net/menu/%ea%b9%8c%eb%a5%b4%eb%b3%b4%eb%84%a4%ed%94%bc%ec%9e%90/,,2026-10-04,CURRENT_MENU_LISTED,,,,피자,피자,pizzaschool-menu,116C7EB071CC43009EF3B867DEFB277821CE1E2F813D4DA14D2141CA7B0A5352
official-menu-delivery-7b391aec867323c2,피자스쿨,오지치즈그라탕,DELIVERY-7B391AEC867323C2,http://pizzaschool.net/menu/%ec%98%a4%ec%a7%80%ec%b9%98%ec%a6%88%ea%b7%b8%eb%9d%bc%ed%83%95/,,2026-10-04,CURRENT_MENU_LISTED,,,,사이드,,pizzaschool-menu,116C7EB071CC43009EF3B867DEFB277821CE1E2F813D4DA14D2141CA7B0A5352
official-menu-delivery-8755090d65ff6e04,피자스쿨,깐쇼새우피자,DELIVERY-8755090D65FF6E04,http://pizzaschool.net/menu/461/,,2026-10-04,CURRENT_MENU_LISTED,,,,피자,피자,pizzaschool-menu,116C7EB071CC43009EF3B867DEFB277821CE1E2F813D4DA14D2141CA7B0A5352
official-menu-delivery-8a36fd3312b0849a,피자스쿨,치킨텐더,DELIVERY-8A36FD3312B0849A,http://pizzaschool.net/menu/%ec%b9%98%ed%82%a8%ed%85%90%eb%8d%94/,,2026-10-04,CURRENT_MENU_LISTED,,,,사이드,,pizzaschool-menu,116C7EB071CC43009EF3B867DEFB277821CE1E2F813D4DA14D2141CA7B0A5352
official-menu-delivery-917a6d7b0d243bbc,피자스쿨,콘치즈피자,DELIVERY-917A6D7B0D243BBC,http://pizzaschool.net/menu/%ec%bd%98%ec%b9%98%ec%a6%88%ed%94%bc%ec%9e%90/,,2026-10-04,CURRENT_MENU_LISTED,,,,피자,피자,pizzaschool-menu,116C7EB071CC43009EF3B867DEFB277821CE1E2F813D4DA14D2141CA7B0A5352
official-menu-delivery-92e68109cee2881c,피자스쿨,치즈피자,DELIVERY-92E68109CEE2881C,http://pizzaschool.net/menu/%ec%b9%98%ec%a6%88%ed%94%bc%ec%9e%90/,,2026-10-04,CURRENT_MENU_LISTED,,,,피자,피자,pizzaschool-menu,116C7EB071CC43009EF3B867DEFB277821CE1E2F813D4DA14D2141CA7B0A5352
official-menu-delivery-93b2e5c1f0ae7c99,피자스쿨,치즈오븐스파게티,DELIVERY-93B2E5C1F0AE7C99,http://pizzaschool.net/menu/%ec%b9%98%ec%a6%88%ec%98%a4%eb%b8%90%ec%8a%a4%ed%8c%8c%ea%b2%8c%ed%8b%b0/,,2026-10-04,CURRENT_MENU_LISTED,,,,사이드,파스타,pizzaschool-menu,116C7EB071CC43009EF3B867DEFB277821CE1E2F813D4DA14D2141CA7B0A5352
official-menu-delivery-958f663b8763d1ce,피자스쿨,고르곤졸라피자,DELIVERY-958F663B8763D1CE,http://pizzaschool.net/menu/%ea%b3%a0%eb%a5%b4%ea%b3%a4%ec%a1%b8%eb%9d%bc%ed%94%bc%ec%9e%90/,,2026-10-04,CURRENT_MENU_LISTED,,,,피자,피자,pizzaschool-menu,116C7EB071CC43009EF3B867DEFB277821CE1E2F813D4DA14D2141CA7B0A5352
official-menu-delivery-982c8676ed8526c4,피자스쿨,프리미엄스테이크피자,DELIVERY-982C8676ED8526C4,http://pizzaschool.net/menu/%ed%94%84%eb%a6%ac%eb%af%b8%ec%97%84%ec%8a%a4%ed%85%8c%ec%9d%b4%ed%81%ac%ed%94%bc%ec%9e%90/,,2026-10-04,CURRENT_MENU_LISTED,,,,피자,피자,pizzaschool-menu,116C7EB071CC43009EF3B867DEFB277821CE1E2F813D4DA14D2141CA7B0A5352
official-menu-delivery-9cc103133537df1b,피자스쿨,크림치즈꽈배기,DELIVERY-9CC103133537DF1B,http://pizzaschool.net/menu/%ed%81%ac%eb%a6%bc%ec%b9%98%ec%a6%88%ea%bd%88%eb%b0%b0%ea%b8%b0/,,2026-10-04,CURRENT_MENU_LISTED,,,,사이드,,pizzaschool-menu,116C7EB071CC43009EF3B867DEFB277821CE1E2F813D4DA14D2141CA7B0A5352
official-menu-delivery-9ddea372cf12b753,피자스쿨,치킨퀘사디아피자,DELIVERY-9DDEA372CF12B753,http://pizzaschool.net/menu/%ec%b9%98%ed%82%a8%ed%80%98%ec%82%ac%eb%94%94%ec%95%84%ed%94%bc%ec%9e%90/,,2026-10-04,CURRENT_MENU_LISTED,,,,피자,피자,pizzaschool-menu,116C7EB071CC43009EF3B867DEFB277821CE1E2F813D4DA14D2141CA7B0A5352
official-menu-delivery-9eb6579585ad72b0,피자스쿨,고구마피자,DELIVERY-9EB6579585AD72B0,http://pizzaschool.net/menu/%ea%b3%a0%ea%b5%ac%eb%a7%88%ed%94%bc%ec%9e%90/,,2026-10-04,CURRENT_MENU_LISTED,,,,피자,피자,pizzaschool-menu,116C7EB071CC43009EF3B867DEFB277821CE1E2F813D4DA14D2141CA7B0A5352
official-menu-delivery-be0f7c6bc237ad95,피자스쿨,트러플머쉬룸피자,DELIVERY-BE0F7C6BC237AD95,http://pizzaschool.net/menu/%ed%8a%b8%eb%9f%ac%ed%94%8c%eb%a8%b8%ec%89%ac%eb%a3%b8%ed%94%bc%ec%9e%90/,,2026-10-04,CURRENT_MENU_LISTED,,,,피자,피자,pizzaschool-menu,116C7EB071CC43009EF3B867DEFB277821CE1E2F813D4DA14D2141CA7B0A5352
official-menu-delivery-c3b03e6d2cfcb36c,피자스쿨,불고기피자,DELIVERY-C3B03E6D2CFCB36C,http://pizzaschool.net/menu/%eb%b6%88%ea%b3%a0%ea%b8%b0%ed%94%bc%ec%9e%90/,,2026-10-04,CURRENT_MENU_LISTED,,,,피자,피자,pizzaschool-menu,116C7EB071CC43009EF3B867DEFB277821CE1E2F813D4DA14D2141CA7B0A5352
official-menu-delivery-c41db47575c8f2e1,피자스쿨,핫치킨피자,DELIVERY-C41DB47575C8F2E1,http://pizzaschool.net/menu/%ed%95%ab%ec%b9%98%ed%82%a8%ed%94%bc%ec%9e%90/,,2026-10-04,CURRENT_MENU_LISTED,,,,피자,피자,pizzaschool-menu,116C7EB071CC43009EF3B867DEFB277821CE1E2F813D4DA14D2141CA7B0A5352
official-menu-delivery-d723100112492bc9,피자스쿨,비프퀘사디아피자,DELIVERY-D723100112492BC9,http://pizzaschool.net/menu/%eb%b9%84%ed%94%84%ed%80%98%ec%82%ac%eb%94%94%ec%95%84%ed%94%bc%ec%9e%90/,,2026-10-04,CURRENT_MENU_LISTED,,,,피자,피자,pizzaschool-menu,116C7EB071CC43009EF3B867DEFB277821CE1E2F813D4DA14D2141CA7B0A5352
official-menu-delivery-e00e70409430473e,피자스쿨,도이치바이트피자,DELIVERY-E00E70409430473E,http://pizzaschool.net/menu/%eb%8f%84%ec%9d%b4%ec%b9%98%eb%b0%94%ec%9d%b4%ed%8a%b8%ed%94%bc%ec%9e%90/,,2026-10-04,CURRENT_MENU_LISTED,,,,피자,피자,pizzaschool-menu,116C7EB071CC43009EF3B867DEFB277821CE1E2F813D4DA14D2141CA7B0A5352
official-menu-delivery-e1157c5edaa2bbf8,피자스쿨,아이리쉬포테이토피자,DELIVERY-E1157C5EDAA2BBF8,http://pizzaschool.net/menu/%ec%95%84%ec%9d%b4%eb%a6%ac%ec%89%ac%ed%8f%ac%ed%85%8c%ec%9d%b4%ed%86%a0%ed%94%bc%ec%9e%90/,,2026-10-04,CURRENT_MENU_LISTED,,,,피자,피자,pizzaschool-menu,116C7EB071CC43009EF3B867DEFB277821CE1E2F813D4DA14D2141CA7B0A5352
official-menu-delivery-e15912b25cd1a3f7,피자스쿨,직화홀릭바이트피자,DELIVERY-E15912B25CD1A3F7,http://pizzaschool.net/menu/%ec%a7%81%ed%99%94%ed%99%80%eb%a6%ad%eb%b0%94%ec%9d%b4%ed%8a%b8%ed%94%bc%ec%9e%90/,,2026-10-04,CURRENT_MENU_LISTED,,,,피자,피자,pizzaschool-menu,116C7EB071CC43009EF3B867DEFB277821CE1E2F813D4DA14D2141CA7B0A5352
official-menu-delivery-ee92c8ad0984fcc6,피자스쿨,오지치즈포테이토피자,DELIVERY-EE92C8AD0984FCC6,http://pizzaschool.net/menu/%ec%98%a4%ec%a7%80%ec%b9%98%ec%a6%88%ed%8f%ac%ed%85%8c%ec%9d%b4%ed%86%a0%ed%94%bc%ec%9e%90/,,2026-10-04,CURRENT_MENU_LISTED,,,,피자,피자,pizzaschool-menu,116C7EB071CC43009EF3B867DEFB277821CE1E2F813D4DA14D2141CA7B0A5352
official-menu-delivery-eedaa3b924ff0277,피자스쿨,치킨스틱&윙,DELIVERY-EEDAA3B924FF0277,http://pizzaschool.net/menu/%ec%b9%98%ed%82%a8%ec%8a%a4%ed%8b%b1%ec%9c%99/,,2026-10-04,CURRENT_MENU_LISTED,,,,사이드,,pizzaschool-menu,116C7EB071CC43009EF3B867DEFB277821CE1E2F813D4DA14D2141CA7B0A5352
official-menu-delivery-efe122670ca52a9f,피자스쿨,페퍼로니피자,DELIVERY-EFE122670CA52A9F,http://pizzaschool.net/menu/%ed%8e%98%ed%8d%bc%eb%a1%9c%eb%8b%88%ed%94%bc%ec%9e%90/,,2026-10-04,CURRENT_MENU_LISTED,,,,피자,피자,pizzaschool-menu,116C7EB071CC43009EF3B867DEFB277821CE1E2F813D4DA14D2141CA7B0A5352
official-menu-delivery-f51d834f85fc2103,피자스쿨,직화파인애플피자,DELIVERY-F51D834F85FC2103,http://pizzaschool.net/menu/%ec%a7%81%ed%99%94%ed%8c%8c%ec%9d%b8%ec%95%a0%ed%94%8c%ed%94%bc%ec%9e%90/,,2026-10-04,CURRENT_MENU_LISTED,,,,피자,피자,pizzaschool-menu,116C7EB071CC43009EF3B867DEFB277821CE1E2F813D4DA14D2141CA7B0A5352
official-menu-delivery-038556efcd9f43f7,할리스,할리스 데일리 커피 디카페인,DELIVERY-038556EFCD9F43F7,https://www.hollys.co.kr/menu/espresso.do,,2026-10-04,CURRENT_MENU_LISTED,,,,커피,카페,hollys-home,F79B711376931AFDDF3E5C60493D25674CB634A0071C91CFBA316ADD981CD640
official-menu-delivery-0a26fd203485d814,할리스,에스프레소,DELIVERY-0A26FD203485D814,https://www.hollys.co.kr/menu/espresso.do,,2026-10-04,CURRENT_MENU_LISTED,,,,커피,카페,hollys-home,F79B711376931AFDDF3E5C60493D25674CB634A0071C91CFBA316ADD981CD640
official-menu-delivery-179f860d4caa0cb8,할리스,아포가토,DELIVERY-179F860D4CAA0CB8,https://www.hollys.co.kr/menu/espresso.do,,2026-10-04,CURRENT_MENU_LISTED,,,,커피,카페,hollys-home,F79B711376931AFDDF3E5C60493D25674CB634A0071C91CFBA316ADD981CD640
official-menu-delivery-1a744c2b91b7793b,할리스,디카페인콜드브루 라떼,DELIVERY-1A744C2B91B7793B,https://www.hollys.co.kr/menu/espresso.do,,2026-10-04,CURRENT_MENU_LISTED,,,,커피,카페,hollys-home,F79B711376931AFDDF3E5C60493D25674CB634A0071C91CFBA316ADD981CD640
official-menu-delivery-3f73df965351cfc4,할리스,돌체 라떼,DELIVERY-3F73DF965351CFC4,https://www.hollys.co.kr/menu/espresso.do,,2026-10-04,CURRENT_MENU_LISTED,,,,커피,카페,hollys-home,F79B711376931AFDDF3E5C60493D25674CB634A0071C91CFBA316ADD981CD640
official-menu-delivery-3f8b0f6c347b86e0,할리스,카푸치노,DELIVERY-3F8B0F6C347B86E0,https://www.hollys.co.kr/menu/espresso.do,,2026-10-04,CURRENT_MENU_LISTED,,,,커피,카페,hollys-home,F79B711376931AFDDF3E5C60493D25674CB634A0071C91CFBA316ADD981CD640
official-menu-delivery-55a41dd816832566,할리스,아메리카노,DELIVERY-55A41DD816832566,https://www.hollys.co.kr/menu/espresso.do,,2026-10-04,CURRENT_MENU_LISTED,,,,커피,카페,hollys-home,F79B711376931AFDDF3E5C60493D25674CB634A0071C91CFBA316ADD981CD640
official-menu-delivery-71b3bea1ef6e281a,할리스,디카페인 콜드브루바닐라 딜라이트,DELIVERY-71B3BEA1EF6E281A,https://www.hollys.co.kr/menu/espresso.do,,2026-10-04,CURRENT_MENU_LISTED,,,,커피,카페,hollys-home,F79B711376931AFDDF3E5C60493D25674CB634A0071C91CFBA316ADD981CD640
official-menu-delivery-750b5396857e30fb,할리스,아샷추,DELIVERY-750B5396857E30FB,https://www.hollys.co.kr/menu/espresso.do,,2026-10-04,CURRENT_MENU_LISTED,,,,커피,카페,hollys-home,F79B711376931AFDDF3E5C60493D25674CB634A0071C91CFBA316ADD981CD640
official-menu-delivery-87c08c298b9c78ae,할리스,할리스 데일리 커피,DELIVERY-87C08C298B9C78AE,https://www.hollys.co.kr/menu/espresso.do,,2026-10-04,CURRENT_MENU_LISTED,,,,커피,카페,hollys-home,F79B711376931AFDDF3E5C60493D25674CB634A0071C91CFBA316ADD981CD640
official-menu-delivery-8d655e132b79ed00,할리스,눈표범 아인슈페너,DELIVERY-8D655E132B79ED00,https://www.hollys.co.kr/menu/espresso.do,,2026-10-04,CURRENT_MENU_LISTED,,,,커피,카페,hollys-home,F79B711376931AFDDF3E5C60493D25674CB634A0071C91CFBA316ADD981CD640
official-menu-delivery-9aa7bc98f2cd73f0,할리스,콜드브루,DELIVERY-9AA7BC98F2CD73F0,https://www.hollys.co.kr/menu/espresso.do,,2026-10-04,CURRENT_MENU_LISTED,,,,커피,카페,hollys-home,F79B711376931AFDDF3E5C60493D25674CB634A0071C91CFBA316ADD981CD640
official-menu-delivery-9b77bd53ac73518f,할리스,디카페인 콜드브루 아샷추,DELIVERY-9B77BD53AC73518F,https://www.hollys.co.kr/menu/espresso.do,,2026-10-04,CURRENT_MENU_LISTED,,,,커피,카페,hollys-home,F79B711376931AFDDF3E5C60493D25674CB634A0071C91CFBA316ADD981CD640
official-menu-delivery-a5d4c3476b3ff531,할리스,카페 라떼,DELIVERY-A5D4C3476B3FF531,https://www.hollys.co.kr/menu/espresso.do,,2026-10-04,CURRENT_MENU_LISTED,,,,커피,카페,hollys-home,F79B711376931AFDDF3E5C60493D25674CB634A0071C91CFBA316ADD981CD640
official-menu-delivery-ada5ca7517003d97,할리스,콜드브루 라떼,DELIVERY-ADA5CA7517003D97,https://www.hollys.co.kr/menu/espresso.do,,2026-10-04,CURRENT_MENU_LISTED,,,,커피,카페,hollys-home,F79B711376931AFDDF3E5C60493D25674CB634A0071C91CFBA316ADD981CD640
official-menu-delivery-b47d95c9a56da637,할리스,카페 모카,DELIVERY-B47D95C9A56DA637,https://www.hollys.co.kr/menu/espresso.do,,2026-10-04,CURRENT_MENU_LISTED,,,,커피,카페,hollys-home,F79B711376931AFDDF3E5C60493D25674CB634A0071C91CFBA316ADD981CD640
official-menu-delivery-b612a027d5fa0853,할리스,흑임자 버터크림 라떼,DELIVERY-B612A027D5FA0853,https://www.hollys.co.kr/menu/espresso.do,,2026-10-04,CURRENT_MENU_LISTED,,,,커피,카페,hollys-home,F79B711376931AFDDF3E5C60493D25674CB634A0071C91CFBA316ADD981CD640
official-menu-delivery-bf0c1d2700b76725,할리스,블랙아리아아메리카노,DELIVERY-BF0C1D2700B76725,https://www.hollys.co.kr/menu/espresso.do,,2026-10-04,CURRENT_MENU_LISTED,,,,커피,카페,hollys-home,F79B711376931AFDDF3E5C60493D25674CB634A0071C91CFBA316ADD981CD640
official-menu-delivery-bfefe94de2184395,할리스,블랙아리아딥라떼,DELIVERY-BFEFE94DE2184395,https://www.hollys.co.kr/menu/espresso.do,,2026-10-04,CURRENT_MENU_LISTED,,,,커피,카페,hollys-home,F79B711376931AFDDF3E5C60493D25674CB634A0071C91CFBA316ADD981CD640
official-menu-delivery-c5427138450bd3d1,할리스,바닐라 딜라이트,DELIVERY-C5427138450BD3D1,https://www.hollys.co.kr/menu/espresso.do,,2026-10-04,CURRENT_MENU_LISTED,,,,커피,카페,hollys-home,F79B711376931AFDDF3E5C60493D25674CB634A0071C91CFBA316ADD981CD640
official-menu-delivery-c9481df09ef4f6ed,할리스,카라멜 마키아또,DELIVERY-C9481DF09EF4F6ED,https://www.hollys.co.kr/menu/espresso.do,,2026-10-04,CURRENT_MENU_LISTED,,,,커피,카페,hollys-home,F79B711376931AFDDF3E5C60493D25674CB634A0071C91CFBA316ADD981CD640
official-menu-delivery-ebdf6ae82271903f,할리스,저당 바닐라 딜라이트,DELIVERY-EBDF6AE82271903F,https://www.hollys.co.kr/menu/espresso.do,,2026-10-04,CURRENT_MENU_LISTED,,,,커피,카페,hollys-home,F79B711376931AFDDF3E5C60493D25674CB634A0071C91CFBA316ADD981CD640
official-menu-delivery-ee0d500853a1aa5f,할리스,바닐라 딜라이트 아인슈페너,DELIVERY-EE0D500853A1AA5F,https://www.hollys.co.kr/menu/espresso.do,,2026-10-04,CURRENT_MENU_LISTED,,,,커피,카페,hollys-home,F79B711376931AFDDF3E5C60493D25674CB634A0071C91CFBA316ADD981CD640
official-menu-delivery-ef2074947a2a9459,할리스,몬스터 아메리카노,DELIVERY-EF2074947A2A9459,https://www.hollys.co.kr/menu/espresso.do,,2026-10-04,CURRENT_MENU_LISTED,,,,커피,카페,hollys-home,F79B711376931AFDDF3E5C60493D25674CB634A0071C91CFBA316ADD981CD640
official-menu-delivery-f47a8cfd735ee9b6,할리스,디카페인콜드브루,DELIVERY-F47A8CFD735EE9B6,https://www.hollys.co.kr/menu/espresso.do,,2026-10-04,CURRENT_MENU_LISTED,,,,커피,카페,hollys-home,F79B711376931AFDDF3E5C60493D25674CB634A0071C91CFBA316ADD981CD640
official-menu-delivery-fe7b6273e3a4b006,할리스,콜드브루 딜라이트,DELIVERY-FE7B6273E3A4B006,https://www.hollys.co.kr/menu/espresso.do,,2026-10-04,CURRENT_MENU_LISTED,,,,커피,카페,hollys-home,F79B711376931AFDDF3E5C60493D25674CB634A0071C91CFBA316ADD981CD640
official-menu-delivery-21afe5bc3958b8b0,호식이두마리치킨,플라윙 세트 (윙+봉),DELIVERY-21AFE5BC3958B8B0,https://www.9922.co.kr/menu,,2026-10-04,CURRENT_MENU_LISTED,,,,,,hosigi-list,B915E78BD8935D602AF6ED450E820D08B374D125BB72E92170A932A2D50FB842
official-menu-delivery-3223ab5b24e9ac92,호식이두마리치킨,매운 양념 치킨,DELIVERY-3223AB5B24E9AC92,https://www.9922.co.kr/menu,,2026-10-04,CURRENT_MENU_LISTED,,,,치킨,치킨,hosigi-list,B915E78BD8935D602AF6ED450E820D08B374D125BB72E92170A932A2D50FB842
official-menu-delivery-331041ec0cb86164,호식이두마리치킨,수라깐풍 치킨,DELIVERY-331041EC0CB86164,https://www.9922.co.kr/menu,,2026-10-04,CURRENT_MENU_LISTED,,,,치킨,치킨,hosigi-list,B915E78BD8935D602AF6ED450E820D08B374D125BB72E92170A932A2D50FB842
official-menu-delivery-34a9f032b20ff67f,호식이두마리치킨,매운 간장 치킨,DELIVERY-34A9F032B20FF67F,https://www.9922.co.kr/menu,,2026-10-04,CURRENT_MENU_LISTED,,,,치킨,치킨,hosigi-list,B915E78BD8935D602AF6ED450E820D08B374D125BB72E92170A932A2D50FB842
official-menu-delivery-36a84e8c85f82e87,호식이두마리치킨,크리스피 치킨넥,DELIVERY-36A84E8C85F82E87,https://www.9922.co.kr/menu,,2026-10-04,CURRENT_MENU_LISTED,,,,치킨,치킨,hosigi-list,B915E78BD8935D602AF6ED450E820D08B374D125BB72E92170A932A2D50FB842
official-menu-delivery-3c9b97d18f5b0798,호식이두마리치킨,요거치즈닝치킨(안심 순살),DELIVERY-3C9B97D18F5B0798,https://www.9922.co.kr/menu,,2026-10-04,CURRENT_MENU_LISTED,,,,치킨,치킨,hosigi-list,B915E78BD8935D602AF6ED450E820D08B374D125BB72E92170A932A2D50FB842
official-menu-delivery-3e6c22ae3cf117cf,호식이두마리치킨,허니갈릭치즈볼(6개),DELIVERY-3E6C22AE3CF117CF,https://www.9922.co.kr/menu,,2026-10-04,CURRENT_MENU_LISTED,,,,,,hosigi-list,B915E78BD8935D602AF6ED450E820D08B374D125BB72E92170A932A2D50FB842
official-menu-delivery-4fb1d9a1ae0b106c,호식이두마리치킨,호식이 안심텐더,DELIVERY-4FB1D9A1AE0B106C,https://www.9922.co.kr/menu,,2026-10-04,CURRENT_MENU_LISTED,,,,,,hosigi-list,B915E78BD8935D602AF6ED450E820D08B374D125BB72E92170A932A2D50FB842
official-menu-delivery-567cfbf037fc0432,호식이두마리치킨,타코마요 치킨,DELIVERY-567CFBF037FC0432,https://www.9922.co.kr/menu,,2026-10-04,CURRENT_MENU_LISTED,,,,치킨,치킨,hosigi-list,B915E78BD8935D602AF6ED450E820D08B374D125BB72E92170A932A2D50FB842
official-menu-delivery-5d5b4abf91c30369,호식이두마리치킨,깐쇼킹 치킨,DELIVERY-5D5B4ABF91C30369,https://www.9922.co.kr/menu,,2026-10-04,CURRENT_MENU_LISTED,,,,치킨,치킨,hosigi-list,B915E78BD8935D602AF6ED450E820D08B374D125BB72E92170A932A2D50FB842
official-menu-delivery-5e43022385db1355,호식이두마리치킨,후라이드 치킨,DELIVERY-5E43022385DB1355,https://www.9922.co.kr/menu,,2026-10-04,CURRENT_MENU_LISTED,,,,치킨,치킨,hosigi-list,B915E78BD8935D602AF6ED450E820D08B374D125BB72E92170A932A2D50FB842
official-menu-delivery-6a19eb37c93182cc,호식이두마리치킨,날개+다리,DELIVERY-6A19EB37C93182CC,https://www.9922.co.kr/menu,,2026-10-04,CURRENT_MENU_LISTED,,,,,,hosigi-list,B915E78BD8935D602AF6ED450E820D08B374D125BB72E92170A932A2D50FB842
official-menu-delivery-6d205f69d4275603,호식이두마리치킨,로제비엔나떡볶이,DELIVERY-6D205F69D4275603,https://www.9922.co.kr/menu,,2026-10-04,CURRENT_MENU_LISTED,,,,,분식,hosigi-list,B915E78BD8935D602AF6ED450E820D08B374D125BB72E92170A932A2D50FB842
official-menu-delivery-83aa5ffe97324c77,호식이두마리치킨,레몬크림탕슈(안심 순살),DELIVERY-83AA5FFE97324C77,https://www.9922.co.kr/menu,,2026-10-04,CURRENT_MENU_LISTED,,,,,,hosigi-list,B915E78BD8935D602AF6ED450E820D08B374D125BB72E92170A932A2D50FB842
official-menu-delivery-891fa5aa395a9927,호식이두마리치킨,체다마요 감자튀김,DELIVERY-891FA5AA395A9927,https://www.9922.co.kr/menu,,2026-10-04,CURRENT_MENU_LISTED,,,,,,hosigi-list,B915E78BD8935D602AF6ED450E820D08B374D125BB72E92170A932A2D50FB842
official-menu-delivery-8ae8aeb0595ad07f,호식이두마리치킨,다리 (스틱),DELIVERY-8AE8AEB0595AD07F,https://www.9922.co.kr/menu,,2026-10-04,CURRENT_MENU_LISTED,,,,,,hosigi-list,B915E78BD8935D602AF6ED450E820D08B374D125BB72E92170A932A2D50FB842
official-menu-delivery-92e10247cb87cb4f,호식이두마리치킨,닭발 튀김,DELIVERY-92E10247CB87CB4F,https://www.9922.co.kr/menu,,2026-10-04,CURRENT_MENU_LISTED,,,,,,hosigi-list,B915E78BD8935D602AF6ED450E820D08B374D125BB72E92170A932A2D50FB842
official-menu-delivery-92e5908c6f951ebb,호식이두마리치킨,감자튀김,DELIVERY-92E5908C6F951EBB,https://www.9922.co.kr/menu,,2026-10-04,CURRENT_MENU_LISTED,,,,,,hosigi-list,B915E78BD8935D602AF6ED450E820D08B374D125BB72E92170A932A2D50FB842
official-menu-delivery-987a6851570235df,호식이두마리치킨,똥집 튀김,DELIVERY-987A6851570235DF,https://www.9922.co.kr/menu,,2026-10-04,CURRENT_MENU_LISTED,,,,,,hosigi-list,B915E78BD8935D602AF6ED450E820D08B374D125BB72E92170A932A2D50FB842
official-menu-delivery-9bc7841e4ff08d5c,호식이두마리치킨,감자볼튀김,DELIVERY-9BC7841E4FF08D5C,https://www.9922.co.kr/menu,,2026-10-04,CURRENT_MENU_LISTED,,,,,,hosigi-list,B915E78BD8935D602AF6ED450E820D08B374D125BB72E92170A932A2D50FB842
official-menu-delivery-ac8a115ab6e5d9f6,호식이두마리치킨,치즈볼 2종세트,DELIVERY-AC8A115AB6E5D9F6,https://www.9922.co.kr/menu,,2026-10-04,CURRENT_MENU_LISTED,,,,,,hosigi-list,B915E78BD8935D602AF6ED450E820D08B374D125BB72E92170A932A2D50FB842
official-menu-delivery-aea6443dd8cfefdf,호식이두마리치킨,간장 치킨,DELIVERY-AEA6443DD8CFEFDF,https://www.9922.co.kr/menu,,2026-10-04,CURRENT_MENU_LISTED,,,,치킨,치킨,hosigi-list,B915E78BD8935D602AF6ED450E820D08B374D125BB72E92170A932A2D50FB842
official-menu-delivery-b06cecd7ffe2ee2a,호식이두마리치킨,트리플 치즈볼(6개),DELIVERY-B06CECD7FFE2EE2A,https://www.9922.co.kr/menu,,2026-10-04,CURRENT_MENU_LISTED,,,,,,hosigi-list,B915E78BD8935D602AF6ED450E820D08B374D125BB72E92170A932A2D50FB842
official-menu-delivery-b3c80770209c96f4,호식이두마리치킨,맵시크 치킨,DELIVERY-B3C80770209C96F4,https://www.9922.co.kr/menu,,2026-10-04,CURRENT_MENU_LISTED,,,,치킨,치킨,hosigi-list,B915E78BD8935D602AF6ED450E820D08B374D125BB72E92170A932A2D50FB842
official-menu-delivery-b6687064a9173039,호식이두마리치킨,크리스피골드,DELIVERY-B6687064A9173039,https://www.9922.co.kr/menu,,2026-10-04,CURRENT_MENU_LISTED,,,,,,hosigi-list,B915E78BD8935D602AF6ED450E820D08B374D125BB72E92170A932A2D50FB842
official-menu-delivery-b89a14645367d2a2,호식이두마리치킨,딥블랙갈릭 치킨,DELIVERY-B89A14645367D2A2,https://www.9922.co.kr/menu,,2026-10-04,CURRENT_MENU_LISTED,,,,치킨,치킨,hosigi-list,B915E78BD8935D602AF6ED450E820D08B374D125BB72E92170A932A2D50FB842
official-menu-delivery-c50191ed4ce32b7d,호식이두마리치킨,똥집미니튀김,DELIVERY-C50191ED4CE32B7D,https://www.9922.co.kr/menu,,2026-10-04,CURRENT_MENU_LISTED,,,,,,hosigi-list,B915E78BD8935D602AF6ED450E820D08B374D125BB72E92170A932A2D50FB842
official-menu-delivery-cd9ef4934600327c,호식이두마리치킨,청양고추마요 치킨,DELIVERY-CD9EF4934600327C,https://www.9922.co.kr/menu,,2026-10-04,CURRENT_MENU_LISTED,,,,치킨,치킨,hosigi-list,B915E78BD8935D602AF6ED450E820D08B374D125BB72E92170A932A2D50FB842
official-menu-delivery-df819b9d6186aaf4,호식이두마리치킨,통살가득 텐더킹,DELIVERY-DF819B9D6186AAF4,https://www.9922.co.kr/menu,,2026-10-04,CURRENT_MENU_LISTED,,,,,,hosigi-list,B915E78BD8935D602AF6ED450E820D08B374D125BB72E92170A932A2D50FB842
official-menu-delivery-e6754866f1de0fd0,호식이두마리치킨,양념 치킨,DELIVERY-E6754866F1DE0FD0,https://www.9922.co.kr/menu,,2026-10-04,CURRENT_MENU_LISTED,,,,치킨,치킨,hosigi-list,B915E78BD8935D602AF6ED450E820D08B374D125BB72E92170A932A2D50FB842
official-menu-delivery-e7b43671ecbb7d16,호식이두마리치킨,마늘떡볶이,DELIVERY-E7B43671ECBB7D16,https://www.9922.co.kr/menu,,2026-10-04,CURRENT_MENU_LISTED,,,,,분식,hosigi-list,B915E78BD8935D602AF6ED450E820D08B374D125BB72E92170A932A2D50FB842
official-menu-delivery-f759b34e4e4066af,호식이두마리치킨,치폴레 감자튀김,DELIVERY-F759B34E4E4066AF,https://www.9922.co.kr/menu,,2026-10-04,CURRENT_MENU_LISTED,,,,,,hosigi-list,B915E78BD8935D602AF6ED450E820D08B374D125BB72E92170A932A2D50FB842
