foodItemId,sourceFoodCode,brand,name,ingredientText,ingredients,allergenText,allergens,ingredientStatus,allergenStatus,sourceUrl,checkedAt,sourceDate,parserVersion,evidenceKind,mayContainAllergens,crossContactText,staleCandidate,sourceHash
kfind-d202-078000000-0015,D202-078000000-0015,뚜레쥬르,기타빵_달콩찹쌀브레드,"고소한 곡물빵과 달콤한 콩, 쫄깃한 찰떡이 조화롭게 어우러지는 든든한 제품",곡물빵|찰떡|콩,"계란, 우유, 대두, 밀, 호두, 땅콩 함유",견과류|달걀|대두|땅콩|밀|우유,PARTIAL_DESCRIPTION,CONFIRMED_LABEL,https://www.tlj.co.kr/product/detail.asp?gubun=result&prod_num=4049,2026-10-04,,coffee-bakery-2026-10-04-v2,EXACT_BRAND_CANONICAL_MENU_NAME|OFFICIAL_MENU_CODE:4049|CURRENT_OFFICIAL_MENU_RECIPE_VERSION_UNVERIFIED,,,true,ca92ee8a6e25359e262af90c30714637c8fc58ea86a11882a7d23150acd0d479
kfind-d202-078000000-0023,D202-078000000-0023,뚜레쥬르,기타빵_연유버터라우겐,담백한 라우겐 빵 속에 달콤한 연유와 AOP 버터가 샌드된 제품,버터|연유,"우유, 밀 함유",밀|우유,PARTIAL_DESCRIPTION,CONFIRMED_LABEL,https://www.tlj.co.kr/product/detail.asp?gubun=result&prod_num=3923,2026-10-04,,coffee-bakery-2026-10-04-v2,EXACT_BRAND_CANONICAL_MENU_NAME|OFFICIAL_MENU_CODE:3923|CURRENT_OFFICIAL_MENU_RECIPE_VERSION_UNVERIFIED,,,true,ff36b3ce14cc1bc430fb9a5dad3c686a63c86ebe93e873c5a0f1b905759bd5bb
kfind-d202-078000000-0028,D202-078000000-0028,뚜레쥬르,기타빵_코코넛로쉐(낱개),고소한 코코넛 슬라이스로 겉바속촉의 달콤한 코코넛 구움과자,코코넛,"계란, 아황산류 함유",달걀|아황산류,PARTIAL_DESCRIPTION,CONFIRMED_LABEL,https://www.tlj.co.kr/product/detail.asp?gubun=result&prod_num=4207,2026-10-04,,coffee-bakery-2026-10-04-v2,EXACT_BRAND_CANONICAL_MENU_NAME|OFFICIAL_MENU_CODE:4207|CURRENT_OFFICIAL_MENU_RECIPE_VERSION_UNVERIFIED,,,true,faf665592d45f2a06ab862f0021bc455fcffa14511e14f10c139e256b722ea33
kfind-d202-078000000-0029,D202-078000000-0029,뚜레쥬르,기타빵_콩팥담뿍브레드,"세 가지 콩과 팥, 고구마를 듬뿍! 맛있는 건강함을 담뿍 담고 깨를 더해 고소하고 달콤하게 즐기는 간식빵 *본 제품에 들어간 가루쌀은 물에 불리지 않고 빻을 수 있는 국산 쌀 품종으로 농가와 상생하는 착한 원료입니다.",가루쌀|고구마|깨|쌀|콩|팥,"계란,우유,밀 함유",달걀|밀|우유,PARTIAL_DESCRIPTION,CONFIRMED_LABEL,https://www.tlj.co.kr/product/detail.asp?gubun=result&prod_num=5246,2026-10-04,,coffee-bakery-2026-10-04-v2,EXACT_BRAND_CANONICAL_MENU_NAME|OFFICIAL_MENU_CODE:5246|CURRENT_OFFICIAL_MENU_RECIPE_VERSION_UNVERIFIED,,,true,b2ba9e31df6cf8dd7dd3c2795dc2916eca2b329c204db26990be469421dc6840
kfind-d202-078000000-0030,D202-078000000-0030,뚜레쥬르,기타빵_콩팥담뿍브레드(Half),"세 가지 콩과 팥, 고구마를 듬뿍! 맛있는 건강함을 담뿍 담고 깨를 더해 고소하고 달콤하게 즐기는 간식빵 *본 제품에 들어간 가루쌀은 물에 불리지 않고 빻을 수 있는 국산 쌀 품종으로 농가와 상생하는 착한 원료입니다.",가루쌀|고구마|깨|쌀|콩|팥,"계란,우유,밀 함유",달걀|밀|우유,PARTIAL_DESCRIPTION,CONFIRMED_LABEL,https://www.tlj.co.kr/product/detail.asp?gubun=result&prod_num=5247,2026-10-04,,coffee-bakery-2026-10-04-v2,EXACT_BRAND_CANONICAL_MENU_NAME|OFFICIAL_MENU_CODE:5247|CURRENT_OFFICIAL_MENU_RECIPE_VERSION_UNVERIFIED,,,true,9fbb06c127f9841861a5a6cf0f15955a44f800bb99fccf94948964672115aea9
kfind-d202-079000000-0007,D202-079000000-0007,뚜레쥬르,깨찰빵_깨찰빵,"겉은 바삭, 속은 쫄깃한 식감에 고소한 깨의 풍미를 가득 담아 씹을수록 매력적인 깨찰빵",,"계란,우유,대두,밀 함유",달걀|대두|밀|우유,PARTIAL_DESCRIPTION,CONFIRMED_LABEL,https://www.tlj.co.kr/product/detail.asp?gubun=result&prod_num=5606,2026-10-04,,coffee-bakery-2026-10-04-v2,EXACT_BRAND_CANONICAL_MENU_NAME|OFFICIAL_MENU_CODE:5606|CURRENT_OFFICIAL_MENU_RECIPE_VERSION_UNVERIFIED,,,true,a31eb864a1dd50f13367b19bd375d23bfafbc6c45610bb5f141b7e76dbaf7e0b
kfind-d202-082000000-0025,D202-082000000-0025,뚜레쥬르,도넛_딸기마카롱 도넛,화이트초코에 딸기마카롱 후레이크를 듬뿍 얹은 달콤한 도넛,화이트초코,"계란, 우유, 대두, 밀 함유",달걀|대두|밀|우유,PARTIAL_DESCRIPTION,CONFIRMED_LABEL,https://www.tlj.co.kr/product/detail.asp?gubun=result&prod_num=2692,2026-10-04,,coffee-bakery-2026-10-04-v2,EXACT_BRAND_CANONICAL_MENU_NAME|OFFICIAL_MENU_CODE:2692|CURRENT_OFFICIAL_MENU_RECIPE_VERSION_UNVERIFIED,,,true,207cbd8aade25a3d1876bd45affd59cdb64aeaa6bef14dd369cebb794ee1e42f
kfind-d202-082000000-0073,D202-082000000-0073,뚜레쥬르,도넛_쫄깃한찹쌀 도넛,국내산 쌀로 만든 쌀 탕종으로 더 부드럽고 쫄깃해진 도넛 속 씹을수록 고소하고 달콤한 팥 앙금이 가득!,쌀|팥,"대두,밀 함유",대두|밀,PARTIAL_DESCRIPTION,CONFIRMED_LABEL,https://www.tlj.co.kr/product/detail.asp?gubun=result&prod_num=5239,2026-10-04,,coffee-bakery-2026-10-04-v2,EXACT_BRAND_CANONICAL_MENU_NAME|OFFICIAL_MENU_CODE:5239|CURRENT_OFFICIAL_MENU_RECIPE_VERSION_UNVERIFIED,,,true,008fe44a6d35b28f77c6e529a93785671467d05b406508fb3abdf2f5cfd06088
kfind-d202-082000000-0082,D202-082000000-0082,뚜레쥬르,도넛_초코마카롱 도넛,초콜릿과 초코마카롱 후레이크를 듬뿍 얹은 달콤한 도넛,초콜릿,"계란, 우유, 대두 함유",달걀|대두|우유,PARTIAL_DESCRIPTION,CONFIRMED_LABEL,https://www.tlj.co.kr/product/detail.asp?gubun=result&prod_num=2691,2026-10-04,,coffee-bakery-2026-10-04-v2,EXACT_BRAND_CANONICAL_MENU_NAME|OFFICIAL_MENU_CODE:2691|CURRENT_OFFICIAL_MENU_RECIPE_VERSION_UNVERIFIED,,,true,fd61f0a08ce39ff2ff6698811aeb8a8fb306147abecc8d672047002a88c0702d
kfind-d202-082000000-0173,D202-082000000-0173,뚜레쥬르,도넛_더쫄깃해진그때그도나쓰(5개입),"국내산 쌀로 만든 쌀 탕종으로 더 부드럽고 쫄깃해진, 어릴 적 먹던 한입 쏙 미니 찹쌀 도나쓰",쌀|찹쌀,"대두,밀 함유",대두|밀,PARTIAL_DESCRIPTION,CONFIRMED_LABEL,https://www.tlj.co.kr/product/detail.asp?gubun=result&prod_num=5238,2026-10-04,,coffee-bakery-2026-10-04-v2,EXACT_BRAND_CANONICAL_MENU_NAME|OFFICIAL_MENU_CODE:5238|CURRENT_OFFICIAL_MENU_RECIPE_VERSION_UNVERIFIED,,,true,2064fa3eb2b679f4d3b8710b3e14a3d193fd5abd811e1f8276c658d594170f38
kfind-d202-082000000-0205,D202-082000000-0205,뚜레쥬르,도넛_슈거글레이즈도넛,부드러운 도넛에 달콤한 슈거글레이즈를 디핑한 제품,,"계란, 우유, 대두, 밀 함유",달걀|대두|밀|우유,PARTIAL_DESCRIPTION,CONFIRMED_LABEL,https://www.tlj.co.kr/product/detail.asp?gubun=result&prod_num=848,2026-10-04,,coffee-bakery-2026-10-04-v2,EXACT_BRAND_CANONICAL_MENU_NAME|OFFICIAL_MENU_CODE:848|CURRENT_OFFICIAL_MENU_RECIPE_VERSION_UNVERIFIED,,,true,e086f587f2ef161a637ef24e6b3913044f7e7a6be7d53b7d63334a489775c3e5
kfind-d202-082000000-0222,D202-082000000-0222,뚜레쥬르,도넛_옛날꽈배기도넛,부드럽고 폭신한 식감의 달콤한 추억의 꽈배기,,"계란, 우유, 대두, 밀 함유",달걀|대두|밀|우유,PARTIAL_DESCRIPTION,CONFIRMED_LABEL,https://www.tlj.co.kr/product/detail.asp?gubun=result&prod_num=4171,2026-10-04,,coffee-bakery-2026-10-04-v2,EXACT_BRAND_CANONICAL_MENU_NAME|OFFICIAL_MENU_CODE:4171|CURRENT_OFFICIAL_MENU_RECIPE_VERSION_UNVERIFIED,,,true,c8ec4d5c8e58f6ef03fea26b0a8ad6a32e427e58f78f55c421dfb537fed343b0
kfind-d202-082000000-0223,D202-082000000-0223,뚜레쥬르,도넛_옛날단팥도넛,부드럽고 폭신한 도넛 속 단팥 앙금이 듬뿍 들어있는 달콤한 추억의 도넛,,"계란, 우유, 대두, 밀 함유",달걀|대두|밀|우유,PARTIAL_DESCRIPTION,CONFIRMED_LABEL,https://www.tlj.co.kr/product/detail.asp?gubun=result&prod_num=4172,2026-10-04,,coffee-bakery-2026-10-04-v2,EXACT_BRAND_CANONICAL_MENU_NAME|OFFICIAL_MENU_CODE:4172|CURRENT_OFFICIAL_MENU_RECIPE_VERSION_UNVERIFIED,,,true,a1a071e43907983506bee8108facb3606c3883abfa15112ffd1f28717fa8d8c6
kfind-d202-082000000-0233,D202-082000000-0233,뚜레쥬르,도넛_조청왕꽈배기,"우리쌀을 더해 더 쫄깃하고, 조청으로 은은한 단맛과 쌀크런치 토핑으로 씹는 재미까지 더한 추억의 왕꽈배기 *본 제품에 들어간 가루쌀은 물에 불리지 않고 빻을 수 있는 국산 쌀 품종으로 농가와 상생하는 착한 원료입니다.",가루쌀|쌀,"계란,대두,밀 함유",달걀|대두|밀,PARTIAL_DESCRIPTION,CONFIRMED_LABEL,https://www.tlj.co.kr/product/detail.asp?gubun=result&prod_num=5248,2026-10-04,,coffee-bakery-2026-10-04-v2,EXACT_BRAND_CANONICAL_MENU_NAME|OFFICIAL_MENU_CODE:5248|CURRENT_OFFICIAL_MENU_RECIPE_VERSION_UNVERIFIED,,,true,ce3172623e9ec5f8c00358767c8a7c6a6ca7f1755812f7ffd4ae1b2a3b0dd923
kfind-d202-082000000-0236,D202-082000000-0236,뚜레쥬르,도넛_초코마카롱도넛,초콜릿과 초코마카롱 후레이크를 듬뿍 얹은 달콤한 도넛,초콜릿,"계란, 우유, 대두 함유",달걀|대두|우유,PARTIAL_DESCRIPTION,CONFIRMED_LABEL,https://www.tlj.co.kr/product/detail.asp?gubun=result&prod_num=2691,2026-10-04,,coffee-bakery-2026-10-04-v2,EXACT_BRAND_CANONICAL_MENU_NAME|OFFICIAL_MENU_CODE:2691|CURRENT_OFFICIAL_MENU_RECIPE_VERSION_UNVERIFIED,,,true,fd61f0a08ce39ff2ff6698811aeb8a8fb306147abecc8d672047002a88c0702d
kfind-d202-082290000-0013,D202-082290000-0013,뚜레쥬르,도넛_쫄깃한찹쌀도넛,국내산 쌀로 만든 쌀 탕종으로 더 부드럽고 쫄깃해진 도넛 속 씹을수록 고소하고 달콤한 팥 앙금이 가득!,쌀|팥,"대두,밀 함유",대두|밀,PARTIAL_DESCRIPTION,CONFIRMED_LABEL,https://www.tlj.co.kr/product/detail.asp?gubun=result&prod_num=5239,2026-10-04,,coffee-bakery-2026-10-04-v2,EXACT_BRAND_CANONICAL_MENU_NAME|OFFICIAL_MENU_CODE:5239|CURRENT_OFFICIAL_MENU_RECIPE_VERSION_UNVERIFIED,,,true,008fe44a6d35b28f77c6e529a93785671467d05b406508fb3abdf2f5cfd06088
kfind-d202-085000000-0005,D202-085000000-0005,뚜레쥬르,마늘빵_바삭마늘빵(5개입),마늘의 향긋함과 버터의 고소한 맛을 그대로 담은 바삭한 식감의 마늘 바게트,마늘|버터,"계란,우유,대두,밀 함유",달걀|대두|밀|우유,PARTIAL_DESCRIPTION,CONFIRMED_LABEL,https://www.tlj.co.kr/product/detail.asp?gubun=result&prod_num=5237,2026-10-04,,coffee-bakery-2026-10-04-v2,EXACT_BRAND_CANONICAL_MENU_NAME|OFFICIAL_MENU_CODE:5237|CURRENT_OFFICIAL_MENU_RECIPE_VERSION_UNVERIFIED,,,true,e3bf0c961671f4b260f42ab0834771b8d88c97417a8c2014fd0adbbe8106b57c
kfind-d202-086000000-0005,D202-086000000-0005,스타벅스,마카롱_다크 초콜릿 마카롱,겉은 바삭하고 속은 쫄깃한 초코 가나슈가 샌드된 진한 맛의 초콜릿 마카롱입니다.,초콜릿,"대두, 우유, 알류, 밀",달걀|대두|밀|우유,PARTIAL_DESCRIPTION,CONFIRMED_LABEL,https://www.starbucks.co.kr/menu/food_view.do?product_cd=9300000001924,2026-10-04,,coffee-bakery-2026-10-04-v2,EXACT_BRAND_CANONICAL_MENU_NAME|OFFICIAL_MENU_CODE:9300000001924|CURRENT_OFFICIAL_MENU_RECIPE_VERSION_UNVERIFIED,,,true,9b1432f8d98de64b40839eb9454fa3c74ed630805c46fbe3a542ec7ac0b89db6
kfind-d202-086000000-0132,D202-086000000-0132,뚜레쥬르,마카롱_딸기우유뚱카롱,풍성한 우유크림에 상큼한 딸기퓨레가 들어가 딸기 우유맛이 입안 가득 퍼지는 뚱카롱,딸기,"계란, 우유, 밀 함유",달걀|밀|우유,PARTIAL_DESCRIPTION,CONFIRMED_LABEL,https://www.tlj.co.kr/product/detail.asp?gubun=result&prod_num=4059,2026-10-04,,coffee-bakery-2026-10-04-v2,EXACT_BRAND_CANONICAL_MENU_NAME|OFFICIAL_MENU_CODE:4059|CURRENT_OFFICIAL_MENU_RECIPE_VERSION_UNVERIFIED,,,true,3735b63e89b7819be06d6fdfd703d8065df5ac2bedf4b649f56341e0acb90a18
kfind-d202-086000000-0133,D202-086000000-0133,뚜레쥬르,마카롱_라즈베리뚱카롱,달콤한 라즈베리 크림에 딸기 다이스와 베리잼이 어우러진 뚱카롱,딸기|라즈베리|크림,"계란,우유,대두,밀 함유",달걀|대두|밀|우유,PARTIAL_DESCRIPTION,CONFIRMED_LABEL,https://www.tlj.co.kr/product/detail.asp?gubun=result&prod_num=5346,2026-10-04,,coffee-bakery-2026-10-04-v2,EXACT_BRAND_CANONICAL_MENU_NAME|OFFICIAL_MENU_CODE:5346|CURRENT_OFFICIAL_MENU_RECIPE_VERSION_UNVERIFIED,,,true,e34b51189d1c115cd039369ab788ea69f63343f865ec0e52e7254d7741483ffb
kfind-d202-086000000-0135,D202-086000000-0135,뚜레쥬르,마카롱_바닐라뚱카롱,부드러운 바닐라 크림에 알록달록한 스프링클을 더한 바닐라 뚱카롱,바닐라|크림,"계란,우유,밀 함유",달걀|밀|우유,PARTIAL_DESCRIPTION,CONFIRMED_LABEL,https://www.tlj.co.kr/product/detail.asp?gubun=result&prod_num=5345,2026-10-04,,coffee-bakery-2026-10-04-v2,EXACT_BRAND_CANONICAL_MENU_NAME|OFFICIAL_MENU_CODE:5345|CURRENT_OFFICIAL_MENU_RECIPE_VERSION_UNVERIFIED,,,true,0cc394aad68c71d7c80b212f0dc4c6d4f2186e3cad003da48c064575d8afd586
kfind-d202-086000000-0137,D202-086000000-0137,뚜레쥬르,마카롱_쇼콜라뚱카롱,진한 초코 크림에 리얼 초코 가나슈를 더한 쇼콜라 뚱카롱,크림,"계란,우유,대두,밀 함유",달걀|대두|밀|우유,PARTIAL_DESCRIPTION,CONFIRMED_LABEL,https://www.tlj.co.kr/product/detail.asp?gubun=result&prod_num=5347,2026-10-04,,coffee-bakery-2026-10-04-v2,EXACT_BRAND_CANONICAL_MENU_NAME|OFFICIAL_MENU_CODE:5347|CURRENT_OFFICIAL_MENU_RECIPE_VERSION_UNVERIFIED,,,true,f2cb4c292b993cf07b810aa5c94f4365a80099a5f5aaa1afa0392472ab983ee9
kfind-d202-086000000-0148,D202-086000000-0148,뚜레쥬르,마카롱_피스타치오뚱카롱,향긋한 피스타치오 크림에 로스팅한 피스타치오 다이스를 더한 뚱카롱,크림|피스타치오,"계란,우유,밀 함유",달걀|밀|우유,PARTIAL_DESCRIPTION,CONFIRMED_LABEL,https://www.tlj.co.kr/product/detail.asp?gubun=result&prod_num=5348,2026-10-04,,coffee-bakery-2026-10-04-v2,EXACT_BRAND_CANONICAL_MENU_NAME|OFFICIAL_MENU_CODE:5348|CURRENT_OFFICIAL_MENU_RECIPE_VERSION_UNVERIFIED,,,true,b11dc121469955dd081ae0c6cd92a22fef297a51ac8088fa6dd62186f5ca4503
kfind-d202-087000000-0051,D202-087000000-0051,뚜레쥬르,머핀_밤이통통마들렌,은은한 밤과 우리 쌀을 더해 고소함을 느낄 수 있는 촉촉한 마들렌 *본 제품에 들어간 가루쌀은 물에 불리지 않고 빻을 수 있는 국산 쌀 품종으로 농가와 상생하는 착한 원료입니다.,가루쌀|쌀,"밀, 우유, 계란, 대두, 아황산류 함유",달걀|대두|밀|아황산류|우유,PARTIAL_DESCRIPTION,CONFIRMED_LABEL,https://www.tlj.co.kr/product/detail.asp?gubun=result&prod_num=5354,2026-10-04,,coffee-bakery-2026-10-04-v2,EXACT_BRAND_CANONICAL_MENU_NAME|OFFICIAL_MENU_CODE:5354|CURRENT_OFFICIAL_MENU_RECIPE_VERSION_UNVERIFIED,,,true,09eba4a65a344046dd355e96d681588f5bc9b69d37dafdd94319baebd89cd57e
kfind-d202-087000000-0054,D202-087000000-0054,뚜레쥬르,머핀_클래식휘낭시에,진한 버터향에 겉은 바삭하고 속은 촉촉한 클래식 휘낭시에,,"계란, 우유, 밀 함유",달걀|밀|우유,PARTIAL_DESCRIPTION,CONFIRMED_LABEL,https://www.tlj.co.kr/product/detail.asp?gubun=result&prod_num=4789,2026-10-04,,coffee-bakery-2026-10-04-v2,EXACT_BRAND_CANONICAL_MENU_NAME|OFFICIAL_MENU_CODE:4789|CURRENT_OFFICIAL_MENU_RECIPE_VERSION_UNVERIFIED,,,true,a80a6728609f0845d7820db7aab1b861d98fe3d09bc17abd49778d250e19ac46
kfind-d202-088000000-0003,D202-088000000-0003,뚜레쥬르,모닝빵_순수한맛순우유롤 (봉),보들하고 부드러운 빵 속에 순수하고 진한 우유의 맛을 그대로 담은 제품,,"계란, 우유, 대두, 밀 함유",달걀|대두|밀|우유,PARTIAL_DESCRIPTION,CONFIRMED_LABEL,https://www.tlj.co.kr/product/detail.asp?gubun=result&prod_num=1780,2026-10-04,,coffee-bakery-2026-10-04-v2,EXACT_BRAND_CANONICAL_MENU_NAME|OFFICIAL_MENU_CODE:1780|CURRENT_OFFICIAL_MENU_RECIPE_VERSION_UNVERIFIED,,,true,d64a0c3784cbc0b8873c04d66823ca2b7e2227eb9e71addef81164f2770a98e8
kfind-d202-088000000-0014,D202-088000000-0014,뚜레쥬르,모닝빵_폭신폭신우유 브레드,물 한방울도 넣지 않고 우유로만 반죽하여 구워내 폭신폭신하고 담백한 맛이 좋은 제품,,"우유, 밀 함유",밀|우유,PARTIAL_DESCRIPTION,CONFIRMED_LABEL,https://www.tlj.co.kr/product/detail.asp?gubun=result&prod_num=4347,2026-10-04,,coffee-bakery-2026-10-04-v2,EXACT_BRAND_CANONICAL_MENU_NAME|OFFICIAL_MENU_CODE:4347|CURRENT_OFFICIAL_MENU_RECIPE_VERSION_UNVERIFIED,,,true,f706bba39512a9d3378a5f275601e0f2040d6d5937605caa31e62530c4beb395
kfind-d202-088000000-0021,D202-088000000-0021,뚜레쥬르,모닝빵_순수한맛순우유롤(봉),보들하고 부드러운 빵 속에 순수하고 진한 우유의 맛을 그대로 담은 제품,,"계란, 우유, 대두, 밀 함유",달걀|대두|밀|우유,PARTIAL_DESCRIPTION,CONFIRMED_LABEL,https://www.tlj.co.kr/product/detail.asp?gubun=result&prod_num=1780,2026-10-04,,coffee-bakery-2026-10-04-v2,EXACT_BRAND_CANONICAL_MENU_NAME|OFFICIAL_MENU_CODE:1780|CURRENT_OFFICIAL_MENU_RECIPE_VERSION_UNVERIFIED,,,true,d64a0c3784cbc0b8873c04d66823ca2b7e2227eb9e71addef81164f2770a98e8
kfind-d202-088000000-0022,D202-088000000-0022,뚜레쥬르,모닝빵_슬로우오트모닝롤,"버터, 우유, 계란 없이 ""오트밀 페스토""를 더해 만들어 고소함은 기본! 촉촉하고 부드러운 모닝롤",계란|버터|우유,밀 함유,밀,PARTIAL_DESCRIPTION,CONFIRMED_LABEL,https://www.tlj.co.kr/product/detail.asp?gubun=result&prod_num=5321,2026-10-04,,coffee-bakery-2026-10-04-v2,EXACT_BRAND_CANONICAL_MENU_NAME|OFFICIAL_MENU_CODE:5321|CURRENT_OFFICIAL_MENU_RECIPE_VERSION_UNVERIFIED,,,true,45cbf79741aa6f460cd1f7c79cc5f294bd2d39715ed1bd86c48308079cd570dc
kfind-d202-088000000-0026,D202-088000000-0026,뚜레쥬르,모닝빵_폭신폭신우유브레드,물 한방울도 넣지 않고 우유로만 반죽하여 구워내 폭신폭신하고 담백한 맛이 좋은 제품,,"우유, 밀 함유",밀|우유,PARTIAL_DESCRIPTION,CONFIRMED_LABEL,https://www.tlj.co.kr/product/detail.asp?gubun=result&prod_num=4347,2026-10-04,,coffee-bakery-2026-10-04-v2,EXACT_BRAND_CANONICAL_MENU_NAME|OFFICIAL_MENU_CODE:4347|CURRENT_OFFICIAL_MENU_RECIPE_VERSION_UNVERIFIED,,,true,f706bba39512a9d3378a5f275601e0f2040d6d5937605caa31e62530c4beb395
kfind-d202-090000000-0051,D202-090000000-0051,뚜레쥬르,바게트_프랑스바게트,"프랑스산 밀가루가 들어가 겉은 더 바삭하고 속은 더 촉촉한, 구수한 맛의 정통 바게트",밀가루,밀 함유,밀,PARTIAL_DESCRIPTION,CONFIRMED_LABEL,https://www.tlj.co.kr/product/detail.asp?gubun=result&prod_num=5234,2026-10-04,,coffee-bakery-2026-10-04-v2,EXACT_BRAND_CANONICAL_MENU_NAME|OFFICIAL_MENU_CODE:5234|CURRENT_OFFICIAL_MENU_RECIPE_VERSION_UNVERIFIED,,,true,452882046cc6578c149361a7c1415fafc0ff86e744fe750077e4964c70432a7c
kfind-d202-090000000-0054,D202-090000000-0054,뚜레쥬르,바게트_호두바게트,고소한 호두를 더해 풍미와 씹는 식감이 더해진 호두 바게트,호두,"밀,호두 함유",견과류|밀,PARTIAL_DESCRIPTION,CONFIRMED_LABEL,https://www.tlj.co.kr/product/detail.asp?gubun=result&prod_num=5235,2026-10-04,,coffee-bakery-2026-10-04-v2,EXACT_BRAND_CANONICAL_MENU_NAME|OFFICIAL_MENU_CODE:5235|CURRENT_OFFICIAL_MENU_RECIPE_VERSION_UNVERIFIED,,,true,abfedebab07aa3da169d7d179e8d7b7aa16ddebbe059fa23e6409b281e79bf97
kfind-d202-090000000-0055,D202-090000000-0055,뚜레쥬르,바게트_호두연유바게트,고소한 풍미 가득 호두 바게트에 연유크림을 더해 달콤하게 즐기는 간식형 바게트,호두,"우유,대두,밀,호두 함유",견과류|대두|밀|우유,PARTIAL_DESCRIPTION,CONFIRMED_LABEL,https://www.tlj.co.kr/product/detail.asp?gubun=result&prod_num=5236,2026-10-04,,coffee-bakery-2026-10-04-v2,EXACT_BRAND_CANONICAL_MENU_NAME|OFFICIAL_MENU_CODE:5236|CURRENT_OFFICIAL_MENU_RECIPE_VERSION_UNVERIFIED,,,true,d59125831985220e3f67cf60633292258f797226ec119bb5a60a074fab48bc31
kfind-d202-092000000-0008,D202-092000000-0008,뚜레쥬르,버터빵_소금버터롤,버터의 고소함과 소금의 짭짤함이 어우러져 술술 들어가는 식사빵,버터,"우유, 대두, 밀 함유",대두|밀|우유,PARTIAL_DESCRIPTION,CONFIRMED_LABEL,https://www.tlj.co.kr/product/detail.asp?gubun=result&prod_num=4521,2026-10-04,,coffee-bakery-2026-10-04-v2,EXACT_BRAND_CANONICAL_MENU_NAME|OFFICIAL_MENU_CODE:4521|CURRENT_OFFICIAL_MENU_RECIPE_VERSION_UNVERIFIED,,,true,460595b5d3eb9b4f12fb9b604d4a81764b70bac623d5e4f91aedef2d8c0960c2
kfind-d202-092000000-0009,D202-092000000-0009,뚜레쥬르,버터빵_앙버터소금버터롤,부드러운 버터와 달콤한 팥앙금이 만난 소금버터롤 샌드,버터,"우유, 대두, 밀 함유",대두|밀|우유,PARTIAL_DESCRIPTION,CONFIRMED_LABEL,https://www.tlj.co.kr/product/detail.asp?gubun=result&prod_num=5131,2026-10-04,,coffee-bakery-2026-10-04-v2,EXACT_BRAND_CANONICAL_MENU_NAME|OFFICIAL_MENU_CODE:5131|CURRENT_OFFICIAL_MENU_RECIPE_VERSION_UNVERIFIED,,,true,eebfd064993f2609b4a6fb992b5a2de934f396116d467f0d31c2d41cecadfc38
kfind-d202-092000000-0010,D202-092000000-0010,뚜레쥬르,버터빵_에그마요소금버터롤,고소한 에그마요 필링에 체다치즈로 짭조름함을 더한 소금버터롤 샌드,,"계란, 우유, 대두, 밀, 쇠고기 함유",달걀|대두|밀|쇠고기|우유,PARTIAL_DESCRIPTION,CONFIRMED_LABEL,https://www.tlj.co.kr/product/detail.asp?gubun=result&prod_num=5129,2026-10-04,,coffee-bakery-2026-10-04-v2,EXACT_BRAND_CANONICAL_MENU_NAME|OFFICIAL_MENU_CODE:5129|CURRENT_OFFICIAL_MENU_RECIPE_VERSION_UNVERIFIED,,,true,d07f7bdf3ca3a1f4379945afa62ad8d061e60a0085ea26a040e43574847fff27
kfind-d202-094000000-0016,D202-094000000-0016,뚜레쥬르,번_카페모카빵 (대),"더욱 진해진 모카 풍미 가득! 우유, 커피와 함께 드시면 더욱 맛있는 제품",우유|커피,"계란, 우유, 대두, 밀 함유",달걀|대두|밀|우유,PARTIAL_DESCRIPTION,CONFIRMED_LABEL,https://www.tlj.co.kr/product/detail.asp?gubun=result&prod_num=941,2026-10-04,,coffee-bakery-2026-10-04-v2,EXACT_BRAND_CANONICAL_MENU_NAME|OFFICIAL_MENU_CODE:941|CURRENT_OFFICIAL_MENU_RECIPE_VERSION_UNVERIFIED,,,true,74caf1e40ccf86bc36ce1367518786a24472da81a6624f1c05aff7e0a5e48717
kfind-d202-094000000-0017,D202-094000000-0017,뚜레쥬르,번_카페모카빵 (소),진하고 부드러운 모카향 가득~ 우유나 커피와 함께하면 더욱 맛있는 뚜레쥬르 모카향 가득 모카빵,커피,"계란, 우유, 대두, 밀 함유",달걀|대두|밀|우유,PARTIAL_DESCRIPTION,CONFIRMED_LABEL,https://www.tlj.co.kr/product/detail.asp?gubun=result&prod_num=3569,2026-10-04,,coffee-bakery-2026-10-04-v2,EXACT_BRAND_CANONICAL_MENU_NAME|OFFICIAL_MENU_CODE:3569|CURRENT_OFFICIAL_MENU_RECIPE_VERSION_UNVERIFIED,,,true,ffdec3a388ca77356aed25fc6c20b1711911915bf987c36f043f561cf24c6140
kfind-d202-094000000-0036,D202-094000000-0036,뚜레쥬르,번_마담얼그레이크림번,부드러운 생크림과 얼그레이 토핑을 더한 빵이 은은하게 어우러져 향긋한 홍차향을 느낄 수 있는 크림번,생크림,"계란, 우유, 대두, 밀 함유",달걀|대두|밀|우유,PARTIAL_DESCRIPTION,CONFIRMED_LABEL,https://www.tlj.co.kr/product/detail.asp?gubun=result&prod_num=4241,2026-10-04,,coffee-bakery-2026-10-04-v2,EXACT_BRAND_CANONICAL_MENU_NAME|OFFICIAL_MENU_CODE:4241|CURRENT_OFFICIAL_MENU_RECIPE_VERSION_UNVERIFIED,,,true,8945d06ce7ea3278a8f0a320310ea63a72d67cbe9449067cdb92e1fae6790188
kfind-d202-094000000-0038,D202-094000000-0038,뚜레쥬르,번_오리지널커피번,진하고 깊은 커피향과 버터 커스터드 내용물을 더해 한 층 업그레이드한 커피번,버터,"계란, 우유, 대두, 밀 함유",달걀|대두|밀|우유,PARTIAL_DESCRIPTION,CONFIRMED_LABEL,https://www.tlj.co.kr/product/detail.asp?gubun=result&prod_num=4688,2026-10-04,,coffee-bakery-2026-10-04-v2,EXACT_BRAND_CANONICAL_MENU_NAME|OFFICIAL_MENU_CODE:4688|CURRENT_OFFICIAL_MENU_RECIPE_VERSION_UNVERIFIED,,,true,e6bd6ef2f8db90b9a2631e330ba04cb9e93fbbe794eb045a5edba6baaa0af615
kfind-d202-094000000-0040,D202-094000000-0040,뚜레쥬르,번_카페모카빵(대),"더욱 진해진 모카 풍미 가득! 우유, 커피와 함께 드시면 더욱 맛있는 제품",우유|커피,"계란, 우유, 대두, 밀 함유",달걀|대두|밀|우유,PARTIAL_DESCRIPTION,CONFIRMED_LABEL,https://www.tlj.co.kr/product/detail.asp?gubun=result&prod_num=941,2026-10-04,,coffee-bakery-2026-10-04-v2,EXACT_BRAND_CANONICAL_MENU_NAME|OFFICIAL_MENU_CODE:941|CURRENT_OFFICIAL_MENU_RECIPE_VERSION_UNVERIFIED,,,true,74caf1e40ccf86bc36ce1367518786a24472da81a6624f1c05aff7e0a5e48717
kfind-d202-094000000-0041,D202-094000000-0041,뚜레쥬르,번_카페모카빵(소),진하고 부드러운 모카향 가득~ 우유나 커피와 함께하면 더욱 맛있는 뚜레쥬르 모카향 가득 모카빵,커피,"계란, 우유, 대두, 밀 함유",달걀|대두|밀|우유,PARTIAL_DESCRIPTION,CONFIRMED_LABEL,https://www.tlj.co.kr/product/detail.asp?gubun=result&prod_num=3569,2026-10-04,,coffee-bakery-2026-10-04-v2,EXACT_BRAND_CANONICAL_MENU_NAME|OFFICIAL_MENU_CODE:3569|CURRENT_OFFICIAL_MENU_RECIPE_VERSION_UNVERIFIED,,,true,ffdec3a388ca77356aed25fc6c20b1711911915bf987c36f043f561cf24c6140
kfind-d202-094000000-0042,D202-094000000-0042,뚜레쥬르,번_크림가득모카번,진하고 깊은 커피향 가득 모카번에 부드러운 연유 생크림이 가득 들어간 간식형 제품,생크림|연유,"계란, 우유, 대두, 밀 함유",달걀|대두|밀|우유,PARTIAL_DESCRIPTION,CONFIRMED_LABEL,https://www.tlj.co.kr/product/detail.asp?gubun=result&prod_num=5074,2026-10-04,,coffee-bakery-2026-10-04-v2,EXACT_BRAND_CANONICAL_MENU_NAME|OFFICIAL_MENU_CODE:5074|CURRENT_OFFICIAL_MENU_RECIPE_VERSION_UNVERIFIED,,,true,bc8f0450ca3b2c2f7b68ba09e571435f16e3960261fe25f45f17bff95a18bb68
kfind-d202-095000000-0057,D202-095000000-0057,뚜레쥬르,베이글_데일리블루베리 베이글,폭신하고 쫄깃한 기지에 새콤달콤한 블루베리가 콕콕 박혀있는 블루베리 베이글,블루베리,"밀, 우유 함유",밀|우유,PARTIAL_DESCRIPTION,CONFIRMED_LABEL,https://www.tlj.co.kr/product/detail.asp?gubun=result&prod_num=4808,2026-10-04,,coffee-bakery-2026-10-04-v2,EXACT_BRAND_CANONICAL_MENU_NAME|OFFICIAL_MENU_CODE:4808|CURRENT_OFFICIAL_MENU_RECIPE_VERSION_UNVERIFIED,,,true,e9969a38ac1147c62550dbdda859039515b4de86cd100ffa2c87af1d2daa01dc
kfind-d202-095000000-0110,D202-095000000-0110,뚜레쥬르,베이글_기본좋은쌀베이글,국내산 쌀로 만든 쌀 탕종과 발효당으로 더 쫄깃하고 촉촉하게 구워낸 쌀 베이글 *본 제품에 들어간 가루쌀은 물에 불리지 않고 빻을 수 있는 국산 쌀 품종으로 농가와 상생하는 착한 원료입니다.,가루쌀|쌀,"우유, 밀 함유",밀|우유,PARTIAL_DESCRIPTION,CONFIRMED_LABEL,https://www.tlj.co.kr/product/detail.asp?gubun=result&prod_num=5123,2026-10-04,,coffee-bakery-2026-10-04-v2,EXACT_BRAND_CANONICAL_MENU_NAME|OFFICIAL_MENU_CODE:5123|CURRENT_OFFICIAL_MENU_RECIPE_VERSION_UNVERIFIED,,,true,1d9cface1428b9bf165922d6a7bf8e41229b0927811e446a6c1b7ad820bfd2b2
kfind-d202-095000000-0111,D202-095000000-0111,뚜레쥬르,베이글_기본좋은올리브베이글,국내산 쌀 탕종과 발효당을 더한 반죽에 올리브를 더해 감칠맛은 더 올리고 쫄깃한 식감을 살려 구워낸 쌀 베이글 *본 제품에 들어간 가루쌀은 물에 불리지 않고 빻을 수 있는 국산 쌀 품종으로 농가와 상생하는 착한 원료입니다.,가루쌀|쌀,"우유, 밀 함유",밀|우유,PARTIAL_DESCRIPTION,CONFIRMED_LABEL,https://www.tlj.co.kr/product/detail.asp?gubun=result&prod_num=5122,2026-10-04,,coffee-bakery-2026-10-04-v2,EXACT_BRAND_CANONICAL_MENU_NAME|OFFICIAL_MENU_CODE:5122|CURRENT_OFFICIAL_MENU_RECIPE_VERSION_UNVERIFIED,,,true,57feebcf3eeb1385963e31787c4a368f9aad88cb777f3028e4ed8f25da4fbf42
kfind-d202-095000000-0112,D202-095000000-0112,뚜레쥬르,베이글_데일리베이글,폭신하고 쫄깃한 기지에 담백한 플레인 베이글,,"밀, 우유 함유",밀|우유,PARTIAL_DESCRIPTION,CONFIRMED_LABEL,https://www.tlj.co.kr/product/detail.asp?gubun=result&prod_num=4807,2026-10-04,,coffee-bakery-2026-10-04-v2,EXACT_BRAND_CANONICAL_MENU_NAME|OFFICIAL_MENU_CODE:4807|CURRENT_OFFICIAL_MENU_RECIPE_VERSION_UNVERIFIED,,,true,1c6ec272b691c57a1ea6ddb74091e2e0d5a2a1d674c17fa11e689c0d0d1b3429
kfind-d202-095000000-0113,D202-095000000-0113,뚜레쥬르,베이글_데일리블루베리베이글,폭신하고 쫄깃한 기지에 새콤달콤한 블루베리가 콕콕 박혀있는 블루베리 베이글,블루베리,"밀, 우유 함유",밀|우유,PARTIAL_DESCRIPTION,CONFIRMED_LABEL,https://www.tlj.co.kr/product/detail.asp?gubun=result&prod_num=4808,2026-10-04,,coffee-bakery-2026-10-04-v2,EXACT_BRAND_CANONICAL_MENU_NAME|OFFICIAL_MENU_CODE:4808|CURRENT_OFFICIAL_MENU_RECIPE_VERSION_UNVERIFIED,,,true,e9969a38ac1147c62550dbdda859039515b4de86cd100ffa2c87af1d2daa01dc
kfind-d202-096000000-0093,D202-096000000-0093,뚜레쥬르,샌드위치_통밀후레쉬 샌드위치,"부드러운 통밀브레드에 스모크햄과 치즈, 신선한 야채가 어우러진 담백한 샌드위치",치즈,"계란, 우유, 대두, 밀, 토마토, 돼지고기, 쇠고기 함유",달걀|대두|돼지고기|밀|쇠고기|우유|토마토,PARTIAL_DESCRIPTION,CONFIRMED_LABEL,https://www.tlj.co.kr/product/detail.asp?gubun=result&prod_num=1876,2026-10-04,,coffee-bakery-2026-10-04-v2,EXACT_BRAND_CANONICAL_MENU_NAME|OFFICIAL_MENU_CODE:1876|CURRENT_OFFICIAL_MENU_RECIPE_VERSION_UNVERIFIED,,,true,b043f1058d2b86ea668f559ea15a546d845f96aa3b76fbcf5dc752204f5a4d8c
kfind-d202-096000000-0116,D202-096000000-0116,뚜레쥬르,샌드위치_BELT 샌드위치,"부드러운 우유식빵에 에그후라이와 베이컨, 아삭한 양상추, 토마토가 들어간 샌드위치",베이컨|양상추|토마토,"계란, 우유, 대두, 밀, 돼지고기, 토마토, 조개류(굴) 함유",달걀|대두|돼지고기|밀|우유|조개류|토마토,PARTIAL_DESCRIPTION,CONFIRMED_LABEL,https://www.tlj.co.kr/product/detail.asp?gubun=result&prod_num=1460,2026-10-04,,coffee-bakery-2026-10-04-v2,EXACT_BRAND_CANONICAL_MENU_NAME|OFFICIAL_MENU_CODE:1460|CURRENT_OFFICIAL_MENU_RECIPE_VERSION_UNVERIFIED,,,true,f5c7459e519ed085e7ad979b51c91c0c06e2e79249a7a8dda52f3bcca9392343
kfind-d202-096000000-0131,D202-096000000-0131,뚜레쥬르,샌드위치_에그쏙텐더 샌드위치,부드럽게 으깬 에그 샐러드 속에 치킨 텐더와 신선한 야채를 더한 콜드 샌드위치 (오이 포함),오이|치킨,"계란,우유,대두,밀,토마토,아황산류,닭고기,쇠고기 함유",달걀|닭고기|대두|밀|쇠고기|아황산류|우유|토마토,PARTIAL_DESCRIPTION,CONFIRMED_LABEL,https://www.tlj.co.kr/product/detail.asp?gubun=result&prod_num=4666,2026-10-04,,coffee-bakery-2026-10-04-v2,EXACT_BRAND_CANONICAL_MENU_NAME|OFFICIAL_MENU_CODE:4666|CURRENT_OFFICIAL_MENU_RECIPE_VERSION_UNVERIFIED,,,true,201999ca20dc2a6734608712637437d02dd7528e6c9ad0e27ad3d565be68088e
kfind-d202-096000000-0132,D202-096000000-0132,뚜레쥬르,샌드위치_에그튜나 샌드위치,"계란, 참치샐러드와 신선한 야채가 어우러진 단백질 가득 곡물 샌드위치",계란,"계란, 우유, 대두, 밀, 아황산류 함유",달걀|대두|밀|아황산류|우유,PARTIAL_DESCRIPTION,CONFIRMED_LABEL,https://www.tlj.co.kr/product/detail.asp?gubun=result&prod_num=4788,2026-10-04,,coffee-bakery-2026-10-04-v2,EXACT_BRAND_CANONICAL_MENU_NAME|OFFICIAL_MENU_CODE:4788|CURRENT_OFFICIAL_MENU_RECIPE_VERSION_UNVERIFIED,,,true,7b26332d7d0e5fc386753260834c99819534275c33781af6dfc03a514241ef5d
kfind-d202-096000000-0154,D202-096000000-0154,뚜레쥬르,샌드위치_B.E.L.T샌드위치,"부드러운 우유식빵에 에그후라이와 베이컨, 아삭한 양상추, 토마토가 들어간 샌드위치",베이컨|양상추|토마토,"계란, 우유, 대두, 밀, 돼지고기, 토마토, 조개류(굴) 함유",달걀|대두|돼지고기|밀|우유|조개류|토마토,PARTIAL_DESCRIPTION,CONFIRMED_LABEL,https://www.tlj.co.kr/product/detail.asp?gubun=result&prod_num=1460,2026-10-04,,coffee-bakery-2026-10-04-v2,EXACT_BRAND_CANONICAL_MENU_NAME|OFFICIAL_MENU_CODE:1460|CURRENT_OFFICIAL_MENU_RECIPE_VERSION_UNVERIFIED,,,true,f5c7459e519ed085e7ad979b51c91c0c06e2e79249a7a8dda52f3bcca9392343
kfind-d202-096000000-0156,D202-096000000-0156,뚜레쥬르,샌드위치_TLJ오리지널BELT샌드위치,"맛있게 구워진 베이컨과 싱싱하고 다양한 야채류, 그리고 담백한 계란을 넣어 만든 건강만점 뚜레쥬르 BELT 샌드위치",계란|베이컨,"우유, 계란, 대두, 밀, 토마토, 쇠고기, 돼지고기, 조개류(굴) 함유",달걀|대두|돼지고기|밀|쇠고기|우유|조개류|토마토,PARTIAL_DESCRIPTION,CONFIRMED_LABEL,https://www.tlj.co.kr/product/detail.asp?gubun=result&prod_num=2464,2026-10-04,,coffee-bakery-2026-10-04-v2,EXACT_BRAND_CANONICAL_MENU_NAME|OFFICIAL_MENU_CODE:2464|CURRENT_OFFICIAL_MENU_RECIPE_VERSION_UNVERIFIED,,,true,585dba3fedd1e1c6153cc0875b1cbf972a9319686b3d4d2b148746161c07cbfb
kfind-d202-096000000-0157,D202-096000000-0157,뚜레쥬르,샌드위치_V.E.L.T샌드위치,"담백하게 볶아낸 불고기(Vulgogi)에 아삭하고 신선한 토마토, 계란, 야채가 더해진 샌드위치",계란|토마토,"계란, 우유, 대두, 밀, 토마토, 쇠고기, 조개류(굴) 함유",달걀|대두|밀|쇠고기|우유|조개류|토마토,PARTIAL_DESCRIPTION,CONFIRMED_LABEL,https://www.tlj.co.kr/product/detail.asp?gubun=result&prod_num=4170,2026-10-04,,coffee-bakery-2026-10-04-v2,EXACT_BRAND_CANONICAL_MENU_NAME|OFFICIAL_MENU_CODE:4170|CURRENT_OFFICIAL_MENU_RECIPE_VERSION_UNVERIFIED,,,true,6ff27637f88dd514b77c743988736b28af3c5c514213456b37e94861c9e8e2bc
kfind-d202-096000000-0161,D202-096000000-0161,뚜레쥬르,샌드위치_레드타코치킨샌드위치,"매콤한 치폴레소스 치킨과 아삭한 야채, 부드러운 치즈가 어우러진 콜드 샌드위치",치즈|치킨,"계란, 우유, 대두, 밀, 토마토, 돼지고기, 닭고기, 쇠고기 함유",달걀|닭고기|대두|돼지고기|밀|쇠고기|우유|토마토,PARTIAL_DESCRIPTION,CONFIRMED_LABEL,https://www.tlj.co.kr/product/detail.asp?gubun=result&prod_num=4480,2026-10-04,,coffee-bakery-2026-10-04-v2,EXACT_BRAND_CANONICAL_MENU_NAME|OFFICIAL_MENU_CODE:4480|CURRENT_OFFICIAL_MENU_RECIPE_VERSION_UNVERIFIED,,,true,adef4aafcb1dd1faf768ad5eeaccf5cac7c22ddd8d1aabc46e561482cc45baad
kfind-d202-096000000-0163,D202-096000000-0163,뚜레쥬르,샌드위치_바질치킨통밀샌드위치,"담백한 통밀빵에 바질마요소스를 바르고 그릴치킨, 싱그러운 야채를 넣어 만든 샌드위치",통밀빵,"계란,우유,대두,밀,토마토, 닭고기 함유",달걀|닭고기|대두|밀|우유|토마토,PARTIAL_DESCRIPTION,CONFIRMED_LABEL,https://www.tlj.co.kr/product/detail.asp?gubun=result&prod_num=3505,2026-10-04,,coffee-bakery-2026-10-04-v2,EXACT_BRAND_CANONICAL_MENU_NAME|OFFICIAL_MENU_CODE:3505|CURRENT_OFFICIAL_MENU_RECIPE_VERSION_UNVERIFIED,,,true,eb499e496541680fffdd19c68f4326b17277fbc4c870df4c79f3ff2450389b95
kfind-d202-096000000-0167,D202-096000000-0167,뚜레쥬르,샌드위치_쉬림프아삭패스트리,잘 구워낸 패스트리속에 토마토칠리 새우와 바질마요를 더해 매콤함과 신선함을 담은 패스트리 샌드위치,새우,"계란, 우유, 대두, 밀, 새우, 토마토, 돼지고기, 쇠고기 함유",달걀|대두|돼지고기|밀|새우|쇠고기|우유|토마토,PARTIAL_DESCRIPTION,CONFIRMED_LABEL,https://www.tlj.co.kr/product/detail.asp?gubun=result&prod_num=5102,2026-10-04,,coffee-bakery-2026-10-04-v2,EXACT_BRAND_CANONICAL_MENU_NAME|OFFICIAL_MENU_CODE:5102|CURRENT_OFFICIAL_MENU_RECIPE_VERSION_UNVERIFIED,,,true,80673d8eca7f0165aff39e61e3f433ac4641538563b142ccc83bc01161de0843
kfind-d202-096000000-0168,D202-096000000-0168,뚜레쥬르,샌드위치_쉬림프에그마요샌드위치,감칠맛을 더한 토마토 새우와 고소한 계란샐러드가 어우러진 담백고소 새우&에그 샌드위치,새우|토마토,"계란,우유,대두,밀,새우,토마토,아황산류,쇠고기 함유",달걀|대두|밀|새우|쇠고기|아황산류|우유|토마토,PARTIAL_DESCRIPTION,CONFIRMED_LABEL,https://www.tlj.co.kr/product/detail.asp?gubun=result&prod_num=5101,2026-10-04,,coffee-bakery-2026-10-04-v2,EXACT_BRAND_CANONICAL_MENU_NAME|OFFICIAL_MENU_CODE:5101|CURRENT_OFFICIAL_MENU_RECIPE_VERSION_UNVERIFIED,,,true,736ccf4a7f0f041f688738b071c30d20ba7f7f38ba582f050c18afa32dd9b142
kfind-d202-096000000-0170,D202-096000000-0170,뚜레쥬르,샌드위치_에그쏙 텐더샌드위치,부드럽게 으깬 에그 샐러드 속에 치킨 텐더와 신선한 야채를 더한 콜드 샌드위치 (오이 포함),오이|치킨,"계란,우유,대두,밀,토마토,아황산류,닭고기,쇠고기 함유",달걀|닭고기|대두|밀|쇠고기|아황산류|우유|토마토,PARTIAL_DESCRIPTION,CONFIRMED_LABEL,https://www.tlj.co.kr/product/detail.asp?gubun=result&prod_num=4666,2026-10-04,,coffee-bakery-2026-10-04-v2,EXACT_BRAND_CANONICAL_MENU_NAME|OFFICIAL_MENU_CODE:4666|CURRENT_OFFICIAL_MENU_RECIPE_VERSION_UNVERIFIED,,,true,201999ca20dc2a6734608712637437d02dd7528e6c9ad0e27ad3d565be68088e
kfind-d202-096000000-0171,D202-096000000-0171,뚜레쥬르,샌드위치_에그튜나샌드위치,"계란, 참치샐러드와 신선한 야채가 어우러진 단백질 가득 곡물 샌드위치",계란,"계란, 우유, 대두, 밀, 아황산류 함유",달걀|대두|밀|아황산류|우유,PARTIAL_DESCRIPTION,CONFIRMED_LABEL,https://www.tlj.co.kr/product/detail.asp?gubun=result&prod_num=4788,2026-10-04,,coffee-bakery-2026-10-04-v2,EXACT_BRAND_CANONICAL_MENU_NAME|OFFICIAL_MENU_CODE:4788|CURRENT_OFFICIAL_MENU_RECIPE_VERSION_UNVERIFIED,,,true,7b26332d7d0e5fc386753260834c99819534275c33781af6dfc03a514241ef5d
kfind-d202-096000000-0172,D202-096000000-0172,뚜레쥬르,샌드위치_잠봉뵈르소금버터롤,돼지 뒷다리로 만든 잠봉에 고소한 버터를 넣어 만든 소금버터롤 샌드,버터,"우유, 대두, 밀, 돼지고기 함유",대두|돼지고기|밀|우유,PARTIAL_DESCRIPTION,CONFIRMED_LABEL,https://www.tlj.co.kr/product/detail.asp?gubun=result&prod_num=5130,2026-10-04,,coffee-bakery-2026-10-04-v2,EXACT_BRAND_CANONICAL_MENU_NAME|OFFICIAL_MENU_CODE:5130|CURRENT_OFFICIAL_MENU_RECIPE_VERSION_UNVERIFIED,,,true,008cb4e5bd7a0ba536912f06c254d67854fa9dc717a634bce617d22b53f00de3
kfind-d202-096000000-0178,D202-096000000-0178,뚜레쥬르,샌드위치_크랜베리치킨샌드위치,"크랜베리 치킨에 신선한 야채, 토마토, 적양파가 더해져 든든하게 즐기기 좋은 샌드위치 (오이포함)",치킨|크랜베리|토마토,"밀, 우유, 계란, 대두, 토마토, 아황산류, 닭고기, 쇠고기 함유",달걀|닭고기|대두|밀|쇠고기|아황산류|우유|토마토,PARTIAL_DESCRIPTION,CONFIRMED_LABEL,https://www.tlj.co.kr/product/detail.asp?gubun=result&prod_num=5089,2026-10-04,,coffee-bakery-2026-10-04-v2,EXACT_BRAND_CANONICAL_MENU_NAME|OFFICIAL_MENU_CODE:5089|CURRENT_OFFICIAL_MENU_RECIPE_VERSION_UNVERIFIED,,,true,8fea32ef433a34b6e39e8d7b9e3b56156f172b60619bcc96ed46fcacdaf72d06
kfind-d202-096000000-0180,D202-096000000-0180,뚜레쥬르,샌드위치_크로크무슈,부드러운 식빵 위에 슬라이스 치즈와 햄을 놓고 피자 치즈를 듬뿍 뿌려 살짝 구운 간식빵,식빵|치즈|햄,"계란, 우유, 대두, 밀, 돼지고기, 쇠고기 함유",달걀|대두|돼지고기|밀|쇠고기|우유,PARTIAL_DESCRIPTION,CONFIRMED_LABEL,https://www.tlj.co.kr/product/detail.asp?gubun=result&prod_num=5021,2026-10-04,,coffee-bakery-2026-10-04-v2,EXACT_BRAND_CANONICAL_MENU_NAME|OFFICIAL_MENU_CODE:5021|CURRENT_OFFICIAL_MENU_RECIPE_VERSION_UNVERIFIED,,,true,1b30d1ce7c983683c9994b4270d10e81b928140f6607aac374e35180fc0fbedf
kfind-d202-096000000-0183,D202-096000000-0183,뚜레쥬르,샌드위치_통밀크랜베리치킨샌드위치,고소한 통밀빵에 원물감이 살아 있는 크랜베리 치킨과 상큼한 오이가 들어간 든든한 콜드 샌드위치,오이|치킨|크랜베리|통밀빵,"계란, 우유, 대두, 밀, 아황산류, 닭고기, 쇠고기 함유",달걀|닭고기|대두|밀|쇠고기|아황산류|우유,PARTIAL_DESCRIPTION,CONFIRMED_LABEL,https://www.tlj.co.kr/product/detail.asp?gubun=result&prod_num=3861,2026-10-04,,coffee-bakery-2026-10-04-v2,EXACT_BRAND_CANONICAL_MENU_NAME|OFFICIAL_MENU_CODE:3861|CURRENT_OFFICIAL_MENU_RECIPE_VERSION_UNVERIFIED,,,true,9c7efa3e6ff3dbb080260e994f657d03650d0fc55a1fa0e1ef0722df56b5b209
kfind-d202-096000000-0185,D202-096000000-0185,뚜레쥬르,샌드위치_통밀후레쉬샌드위치,"부드러운 통밀브레드에 스모크햄과 치즈, 신선한 야채가 어우러진 담백한 샌드위치",치즈,"계란, 우유, 대두, 밀, 토마토, 돼지고기, 쇠고기 함유",달걀|대두|돼지고기|밀|쇠고기|우유|토마토,PARTIAL_DESCRIPTION,CONFIRMED_LABEL,https://www.tlj.co.kr/product/detail.asp?gubun=result&prod_num=1876,2026-10-04,,coffee-bakery-2026-10-04-v2,EXACT_BRAND_CANONICAL_MENU_NAME|OFFICIAL_MENU_CODE:1876|CURRENT_OFFICIAL_MENU_RECIPE_VERSION_UNVERIFIED,,,true,b043f1058d2b86ea668f559ea15a546d845f96aa3b76fbcf5dc752204f5a4d8c
kfind-d202-096000000-0186,D202-096000000-0186,뚜레쥬르,샌드위치_함박미니버거샌드위치,"부드러운 폭신폭신 모닝롤에 푸짐하게 들어간 함박스테이크, 싱그러운 야채와 파프리카, 고소한 치즈가 들어간 샌드위치",치즈,"계란, 우유, 대두, 밀, 돼지고기, 닭고기 함유",달걀|닭고기|대두|돼지고기|밀|우유,PARTIAL_DESCRIPTION,CONFIRMED_LABEL,https://www.tlj.co.kr/product/detail.asp?gubun=result&prod_num=2408,2026-10-04,,coffee-bakery-2026-10-04-v2,EXACT_BRAND_CANONICAL_MENU_NAME|OFFICIAL_MENU_CODE:2408|CURRENT_OFFICIAL_MENU_RECIPE_VERSION_UNVERIFIED,,,true,0eb32a2b11d0543105fcae3193a676f0f8ee7fe3272621f56a54e2ca6764767f
kfind-d202-096000000-0188,D202-096000000-0188,뚜레쥬르,샌드위치_햄&포테이토샐러드샌드위치,"속이 꽉 찬 감자, 햄 샐러드에 아삭한 식감의 오이와 신선한 야채를 넣어 든든하게 즐길 수 있는 샌드위치",감자|오이|햄,"계란, 우유, 대두, 밀, 돼지고기, 쇠고기 함유",달걀|대두|돼지고기|밀|쇠고기|우유,PARTIAL_DESCRIPTION,CONFIRMED_LABEL,https://www.tlj.co.kr/product/detail.asp?gubun=result&prod_num=2409,2026-10-04,,coffee-bakery-2026-10-04-v2,EXACT_BRAND_CANONICAL_MENU_NAME|OFFICIAL_MENU_CODE:2409|CURRENT_OFFICIAL_MENU_RECIPE_VERSION_UNVERIFIED,,,true,58dcb4122d2347bf7c100adaa27576ef9a3d7edd66d1dcfafea4868473737e5a
kfind-d202-097000000-0004,D202-097000000-0004,뚜레쥬르,소보로빵_땅콩크림 소보로,고소한 땅콩크림이 들어있는 소보로,,"계란, 우유, 땅콩, 대두, 밀 함유",달걀|대두|땅콩|밀|우유,PARTIAL_DESCRIPTION,CONFIRMED_LABEL,https://www.tlj.co.kr/product/detail.asp?gubun=result&prod_num=1291,2026-10-04,,coffee-bakery-2026-10-04-v2,EXACT_BRAND_CANONICAL_MENU_NAME|OFFICIAL_MENU_CODE:1291|CURRENT_OFFICIAL_MENU_RECIPE_VERSION_UNVERIFIED,,,true,ea685fb5b0f951874fc7932e215a767632033bb8271d7eca9234468c061532ae
kfind-d202-097000000-0010,D202-097000000-0010,뚜레쥬르,소보로빵_생크림 소보로,고소한 소보로에 부드러운 생크림이 어우러진 제품,생크림,"계란, 우유, 땅콩, 대두, 밀 함유",달걀|대두|땅콩|밀|우유,PARTIAL_DESCRIPTION,CONFIRMED_LABEL,https://www.tlj.co.kr/product/detail.asp?gubun=result&prod_num=5020,2026-10-04,,coffee-bakery-2026-10-04-v2,EXACT_BRAND_CANONICAL_MENU_NAME|OFFICIAL_MENU_CODE:5020|CURRENT_OFFICIAL_MENU_RECIPE_VERSION_UNVERIFIED,,,true,9ce192d04b72ebe9d5ec0497f8663a31b93fc49753c87fb8085dfe8f65fc9700
kfind-d202-097000000-0032,D202-097000000-0032,뚜레쥬르,소보로빵_클래식딸기잼 맘모스,소보로를 토핑한 부드러운 빵 사이에 버터크림과 딸기잼을 샌드한 대형제품,,"계란, 우유, 땅콩, 대두, 밀 함유",달걀|대두|땅콩|밀|우유,PARTIAL_DESCRIPTION,CONFIRMED_LABEL,https://www.tlj.co.kr/product/detail.asp?gubun=result&prod_num=4799,2026-10-04,,coffee-bakery-2026-10-04-v2,EXACT_BRAND_CANONICAL_MENU_NAME|OFFICIAL_MENU_CODE:4799|CURRENT_OFFICIAL_MENU_RECIPE_VERSION_UNVERIFIED,,,true,d599a95d03f86b25df5fb0b04cc3b6922b435d5398dbdb85ec5668e193e1e4bd
kfind-d202-097000000-0033,D202-097000000-0033,뚜레쥬르,소보로빵_NEW단팥소보로,고소한 소보로 빵 속에 달콤한 단팥 앙금이 들어있는 제품,,"계란, 우유, 땅콩, 대두, 밀 함유",달걀|대두|땅콩|밀|우유,PARTIAL_DESCRIPTION,CONFIRMED_LABEL,https://www.tlj.co.kr/product/detail.asp?gubun=result&prod_num=3802,2026-10-04,,coffee-bakery-2026-10-04-v2,EXACT_BRAND_CANONICAL_MENU_NAME|OFFICIAL_MENU_CODE:3802|CURRENT_OFFICIAL_MENU_RECIPE_VERSION_UNVERIFIED,,,true,cc6cf578750661609c5bc5211b7c62c6175c3fd4b15551f18243f823c47c67f6
kfind-d202-097000000-0035,D202-097000000-0035,뚜레쥬르,소보로빵_땅콩크림소보로,고소한 땅콩크림이 들어있는 소보로,,"계란, 우유, 땅콩, 대두, 밀 함유",달걀|대두|땅콩|밀|우유,PARTIAL_DESCRIPTION,CONFIRMED_LABEL,https://www.tlj.co.kr/product/detail.asp?gubun=result&prod_num=1291,2026-10-04,,coffee-bakery-2026-10-04-v2,EXACT_BRAND_CANONICAL_MENU_NAME|OFFICIAL_MENU_CODE:1291|CURRENT_OFFICIAL_MENU_RECIPE_VERSION_UNVERIFIED,,,true,ea685fb5b0f951874fc7932e215a767632033bb8271d7eca9234468c061532ae
kfind-d202-097000000-0036,D202-097000000-0036,뚜레쥬르,소보로빵_생크림소보로,고소한 소보로에 부드러운 생크림이 어우러진 제품,생크림,"계란, 우유, 땅콩, 대두, 밀 함유",달걀|대두|땅콩|밀|우유,PARTIAL_DESCRIPTION,CONFIRMED_LABEL,https://www.tlj.co.kr/product/detail.asp?gubun=result&prod_num=5020,2026-10-04,,coffee-bakery-2026-10-04-v2,EXACT_BRAND_CANONICAL_MENU_NAME|OFFICIAL_MENU_CODE:5020|CURRENT_OFFICIAL_MENU_RECIPE_VERSION_UNVERIFIED,,,true,9ce192d04b72ebe9d5ec0497f8663a31b93fc49753c87fb8085dfe8f65fc9700
kfind-d202-097000000-0037,D202-097000000-0037,뚜레쥬르,소보로빵_소보로빵,땅콩과 소보로가 토핑된 고소하고 달콤한 간식빵,땅콩,"계란, 우유, 땅콩, 대두, 밀 함유",달걀|대두|땅콩|밀|우유,PARTIAL_DESCRIPTION,CONFIRMED_LABEL,https://www.tlj.co.kr/product/detail.asp?gubun=result&prod_num=59,2026-10-04,,coffee-bakery-2026-10-04-v2,EXACT_BRAND_CANONICAL_MENU_NAME|OFFICIAL_MENU_CODE:59|CURRENT_OFFICIAL_MENU_RECIPE_VERSION_UNVERIFIED,,,true,a0217daef121951390b6fc9bc5ed1b37f9bbdd1a88040fc98027aae2dce6ddab
kfind-d202-097140000-0003,D202-097140000-0003,뚜레쥬르,소보로빵_밤이듬뿍맘모스(대),"단팥 앙금과 크림, 고구마와 밤 다이스를 듬뿍 레이어드하고 땅콩소보로를 토핑한 달콤하고 속이 꽉 찬 제품",고구마|크림,"계란, 우유, 땅콩, 대두, 밀, 아황산류 함유",달걀|대두|땅콩|밀|아황산류|우유,PARTIAL_DESCRIPTION,CONFIRMED_LABEL,https://www.tlj.co.kr/product/detail.asp?gubun=result&prod_num=3570,2026-10-04,,coffee-bakery-2026-10-04-v2,EXACT_BRAND_CANONICAL_MENU_NAME|OFFICIAL_MENU_CODE:3570|CURRENT_OFFICIAL_MENU_RECIPE_VERSION_UNVERIFIED,,,true,399a498522f8878f8ebb37378d309ba8c3dac73769d323c97840bad8f2e51ab3
kfind-d202-097140000-0007,D202-097140000-0007,뚜레쥬르,소보로빵_클래식딸기잼맘모스,소보로를 토핑한 부드러운 빵 사이에 버터크림과 딸기잼을 샌드한 대형제품,,"계란, 우유, 땅콩, 대두, 밀 함유",달걀|대두|땅콩|밀|우유,PARTIAL_DESCRIPTION,CONFIRMED_LABEL,https://www.tlj.co.kr/product/detail.asp?gubun=result&prod_num=4799,2026-10-04,,coffee-bakery-2026-10-04-v2,EXACT_BRAND_CANONICAL_MENU_NAME|OFFICIAL_MENU_CODE:4799|CURRENT_OFFICIAL_MENU_RECIPE_VERSION_UNVERIFIED,,,true,d599a95d03f86b25df5fb0b04cc3b6922b435d5398dbdb85ec5668e193e1e4bd
kfind-d202-098000000-0020,D202-098000000-0020,뚜레쥬르,소세지빵_NEW고소한후랑크소시지,더욱 커지고 업그레이드된 후랑크 소시지가 통으로 들어간 고소하고 짭조롬한 제품,소시지,"계란, 우유, 대두, 밀, 돼지고기, 쇠고기 함유",달걀|대두|돼지고기|밀|쇠고기|우유,PARTIAL_DESCRIPTION,CONFIRMED_LABEL,https://www.tlj.co.kr/product/detail.asp?gubun=result&prod_num=3799,2026-10-04,,coffee-bakery-2026-10-04-v2,EXACT_BRAND_CANONICAL_MENU_NAME|OFFICIAL_MENU_CODE:3799|CURRENT_OFFICIAL_MENU_RECIPE_VERSION_UNVERIFIED,,,true,daf4220dbe8591ac271bed4b62e6f77995a85fd06572e0c6f517bb9c4d4b8f8c
kfind-d202-098000000-0021,D202-098000000-0021,뚜레쥬르,소세지빵_NEW어니언소시지포카치아,"부드럽고 쫄깃한 포카치아 속에 머스터드, 크리스피 어니언이 토핑된 소시지를 함께 즐길 수 있는 든든한 간식빵",소시지,"계란, 우유, 대두, 밀,돼지고기, 쇠고기 함유",달걀|대두|돼지고기|밀|쇠고기|우유,PARTIAL_DESCRIPTION,CONFIRMED_LABEL,https://www.tlj.co.kr/product/detail.asp?gubun=result&prod_num=3800,2026-10-04,,coffee-bakery-2026-10-04-v2,EXACT_BRAND_CANONICAL_MENU_NAME|OFFICIAL_MENU_CODE:3800|CURRENT_OFFICIAL_MENU_RECIPE_VERSION_UNVERIFIED,,,true,49a807c9ea2de093a94a4d560d7a68cc4d6448276f44dcca663c6e7d04e9e83f
kfind-d202-098000000-0024,D202-098000000-0024,뚜레쥬르,소세지빵_낙엽소시지브레드,"부드러운 빵에 짭쪼름한 소시지, 아삭한 야채마요 믹스를 더해 남녀노소 누구나 좋아하는 소시지빵",소시지,"계란, 우유, 대두, 밀, 돼지고기, 토마토, 닭고기, 쇠고기 함유",달걀|닭고기|대두|돼지고기|밀|쇠고기|우유|토마토,PARTIAL_DESCRIPTION,CONFIRMED_LABEL,https://www.tlj.co.kr/product/detail.asp?gubun=result&prod_num=5528,2026-10-04,,coffee-bakery-2026-10-04-v2,EXACT_BRAND_CANONICAL_MENU_NAME|OFFICIAL_MENU_CODE:5528|CURRENT_OFFICIAL_MENU_RECIPE_VERSION_UNVERIFIED,,,true,29e6a43622ceaaba36a41d408ec20bdd49acb431eb3d082d1d0586af35e54e74
kfind-d202-099000000-0021,D202-099000000-0021,뚜레쥬르,스콘_초코칩 스콘,버터풍미 가득한 고소한 스콘에 달콤하고 진한 초코칩을 가득 넣은 제품,,"계란, 우유, 대두, 밀 함유",달걀|대두|밀|우유,PARTIAL_DESCRIPTION,CONFIRMED_LABEL,https://www.tlj.co.kr/product/detail.asp?gubun=result&prod_num=4525,2026-10-04,,coffee-bakery-2026-10-04-v2,EXACT_BRAND_CANONICAL_MENU_NAME|OFFICIAL_MENU_CODE:4525|CURRENT_OFFICIAL_MENU_RECIPE_VERSION_UNVERIFIED,,,true,e488c91659979b72fdee9ee64d05eeee25a4a17a8fe8551e470c2904cc3e6bf5
kfind-d202-099000000-0032,D202-099000000-0032,스타벅스,스콘_피넛 쑥 떡 스콘,쫄깃한 떡을 넣은 쑥 스콘 위에 땅콩을 넣은 소보로를 올린 달콤하고 고소한 스콘입니다.,땅콩|쑥,"땅콩, 우유, 달걀, 밀",달걀|땅콩|밀|우유,PARTIAL_DESCRIPTION,CONFIRMED_LABEL,https://www.starbucks.co.kr/menu/food_view.do?product_cd=9300000004028,2026-10-04,,coffee-bakery-2026-10-04-v2,EXACT_BRAND_CANONICAL_MENU_NAME|OFFICIAL_MENU_CODE:9300000004028|CURRENT_OFFICIAL_MENU_RECIPE_VERSION_UNVERIFIED,,,true,782ab2418fc92b1def920040f41a61ee19c111e74614d7ab37fdc5b4f7757819
kfind-d202-099000000-0038,D202-099000000-0038,뚜레쥬르,스콘_생크림버터스콘,생크림이 들어가 부드럽고 버터의 풍미가 좋은 촉촉한 스콘,생크림,"계란, 우유, 밀 함유",달걀|밀|우유,PARTIAL_DESCRIPTION,CONFIRMED_LABEL,https://www.tlj.co.kr/product/detail.asp?gubun=result&prod_num=3139,2026-10-04,,coffee-bakery-2026-10-04-v2,EXACT_BRAND_CANONICAL_MENU_NAME|OFFICIAL_MENU_CODE:3139|CURRENT_OFFICIAL_MENU_RECIPE_VERSION_UNVERIFIED,,,true,073228ed7470b1a426876979b7ed625dbb7a3b7a0dd6efb0a627821281db4f81
kfind-d202-099000000-0039,D202-099000000-0039,뚜레쥬르,스콘_초코칩스콘,버터풍미 가득한 고소한 스콘에 달콤하고 진한 초코칩을 가득 넣은 제품,,"계란, 우유, 대두, 밀 함유",달걀|대두|밀|우유,PARTIAL_DESCRIPTION,CONFIRMED_LABEL,https://www.tlj.co.kr/product/detail.asp?gubun=result&prod_num=4525,2026-10-04,,coffee-bakery-2026-10-04-v2,EXACT_BRAND_CANONICAL_MENU_NAME|OFFICIAL_MENU_CODE:4525|CURRENT_OFFICIAL_MENU_RECIPE_VERSION_UNVERIFIED,,,true,e488c91659979b72fdee9ee64d05eeee25a4a17a8fe8551e470c2904cc3e6bf5
kfind-d202-100000000-0061,D202-100000000-0061,뚜레쥬르,식빵_마구마구밤 식빵 (소),부드럽고 촉촉한 반죽에 밤다이스와 밤크림이 듬뿍 들어가 밤 맛의 풍부함을 한 층 업그레이드한 제품,,"계란,우유,땅콩,대두,밀,아황산류 함유",달걀|대두|땅콩|밀|아황산류|우유,PARTIAL_DESCRIPTION,CONFIRMED_LABEL,https://www.tlj.co.kr/product/detail.asp?gubun=result&prod_num=4636,2026-10-04,,coffee-bakery-2026-10-04-v2,EXACT_BRAND_CANONICAL_MENU_NAME|OFFICIAL_MENU_CODE:4636|CURRENT_OFFICIAL_MENU_RECIPE_VERSION_UNVERIFIED,,,true,1df93dfea50fc435022c728ac2f6c1fdc921a7946241dbcfbd08b54bccc98d32
kfind-d202-100000000-0073,D202-100000000-0073,뚜레쥬르,식빵_2배더진한우유식빵,2배 더 진해진 우유 함량과 순우유 탕종으로 보들보들한 빵결 속에 진한 우유의 고소한 풍미를 가득 담은 우유 식빵,식빵|우유,"우유, 밀 함유",밀|우유,PARTIAL_DESCRIPTION,CONFIRMED_LABEL,https://www.tlj.co.kr/product/detail.asp?gubun=result&prod_num=5098,2026-10-04,,coffee-bakery-2026-10-04-v2,EXACT_BRAND_CANONICAL_MENU_NAME|OFFICIAL_MENU_CODE:5098|CURRENT_OFFICIAL_MENU_RECIPE_VERSION_UNVERIFIED,,,true,8a2f77c62b7239c6af5a2f2ae04c1ab94a5c6165c12d21b88539a56436bd6019
kfind-d202-100000000-0074,D202-100000000-0074,뚜레쥬르,식빵_2배더진한우유식빵(Half),2배 더 진해진 우유 함량과 순우유 탕종으로 보들보들한 빵결 속에 진한 우유의 고소한 풍미를 가득 담은 우유 식빵,식빵|우유,"우유, 밀 함유",밀|우유,PARTIAL_DESCRIPTION,CONFIRMED_LABEL,https://www.tlj.co.kr/product/detail.asp?gubun=result&prod_num=5099,2026-10-04,,coffee-bakery-2026-10-04-v2,EXACT_BRAND_CANONICAL_MENU_NAME|OFFICIAL_MENU_CODE:5099|CURRENT_OFFICIAL_MENU_RECIPE_VERSION_UNVERIFIED,,,true,0f83e43498a34fc394f8d686e8178a50e6534182968e44dda2374bc13ff344b9
kfind-d202-100000000-0078,D202-100000000-0078,뚜레쥬르,식빵_TLJ옥수수듬뿍옥수수식빵,한층 더 촉촉해지고 옥수수 맛이 풍부한 빵 속에 고소한 옥수수 알갱이가 톡톡 씹히는 식빵,식빵|옥수수,"계란, 우유, 밀 함유",달걀|밀|우유,PARTIAL_DESCRIPTION,CONFIRMED_LABEL,https://www.tlj.co.kr/product/detail.asp?gubun=result&prod_num=3888,2026-10-04,,coffee-bakery-2026-10-04-v2,EXACT_BRAND_CANONICAL_MENU_NAME|OFFICIAL_MENU_CODE:3888|CURRENT_OFFICIAL_MENU_RECIPE_VERSION_UNVERIFIED,,,true,d324ce862f3e04682588eaa7cc8757d2dc9321e486de798b47aa0bff780b0d00
kfind-d202-100000000-0079,D202-100000000-0079,뚜레쥬르,식빵_TLJ옥수수식빵,한층 더 촉촉해지고 옥수수 맛이 풍부한 빵 속에 고소한 옥수수 알갱이가 톡톡 씹히는 식빵,식빵|옥수수,"계란, 우유, 밀 함유",달걀|밀|우유,PARTIAL_DESCRIPTION,CONFIRMED_LABEL,https://www.tlj.co.kr/product/detail.asp?gubun=result&prod_num=2507,2026-10-04,,coffee-bakery-2026-10-04-v2,EXACT_BRAND_CANONICAL_MENU_NAME|OFFICIAL_MENU_CODE:2507|CURRENT_OFFICIAL_MENU_RECIPE_VERSION_UNVERIFIED,,,true,aaa515100343eaf78e9525aff7fe13f131265a84885f0c17319cbbf3a91b94a5
kfind-d202-100000000-0080,D202-100000000-0080,뚜레쥬르,식빵_生生생크림식빵,마스카포네 생크림을 넣어 극강의 부드러움과 마지막까지 은은한 단맛을 느낄 수 있는 뚜레쥬르 대표 식빵,마스카포네|생크림|식빵,"밀, 우유, 대두 함유",대두|밀|우유,PARTIAL_DESCRIPTION,CONFIRMED_LABEL,https://www.tlj.co.kr/product/detail.asp?gubun=result&prod_num=3949,2026-10-04,,coffee-bakery-2026-10-04-v2,EXACT_BRAND_CANONICAL_MENU_NAME|OFFICIAL_MENU_CODE:3949|CURRENT_OFFICIAL_MENU_RECIPE_VERSION_UNVERIFIED,,,true,1b722726021b0ffcbe426f0349191e4bef6fc6db5907b47279d353b57e1ad17c
kfind-d202-100000000-0081,D202-100000000-0081,뚜레쥬르,식빵_고단백하루견과곡물브레드,고소한 빵에 견과류를 듬뿍 넣어 고소하고 담백한 맛을 느낄 수 있는 고단백 건강빵,,"대두, 밀, 호두 함유",견과류|대두|밀,PARTIAL_DESCRIPTION,CONFIRMED_LABEL,https://www.tlj.co.kr/product/detail.asp?gubun=result&prod_num=5012,2026-10-04,,coffee-bakery-2026-10-04-v2,EXACT_BRAND_CANONICAL_MENU_NAME|OFFICIAL_MENU_CODE:5012|CURRENT_OFFICIAL_MENU_RECIPE_VERSION_UNVERIFIED,,,true,179b637b623fab4a6f38c2002ef694374483f4625a223082aece285dfc622f23
kfind-d202-100000000-0082,D202-100000000-0082,뚜레쥬르,식빵_고메버터식빵,브라운버터를 넣어 버터의 풍미를 올린 촉촉하고 부드러운 빵에 바삭하고 고소한 풍미의 패스트리가 만나 껍질까지 맛있게 먹을 수 있는 맛있는 식빵,식빵,"계란, 우유, 밀, 아황산류 함유",달걀|밀|아황산류|우유,PARTIAL_DESCRIPTION,CONFIRMED_LABEL,https://www.tlj.co.kr/product/detail.asp?gubun=result&prod_num=3603,2026-10-04,,coffee-bakery-2026-10-04-v2,EXACT_BRAND_CANONICAL_MENU_NAME|OFFICIAL_MENU_CODE:3603|CURRENT_OFFICIAL_MENU_RECIPE_VERSION_UNVERIFIED,,,true,f434630bbc4048e7bbc52eca0ce68783c2b7a254d8660aaba7bc67026ed38b01
kfind-d202-100000000-0084,D202-100000000-0084,뚜레쥬르,식빵_기본좋은소금버터식빵,3개의 이즈니버터 홀로 깊어진 풍미와 소금의 짭조름한 맛을 더 바삭하고 더 쫄깃하게 즐길 수 있는 시그니처 식빵 *본 제품에 들어간 가루쌀은 물에 불리지 않고 빻을 수 있는 국산 쌀 품종으로 농가와 상생하는 착한 원료입니다.,가루쌀|식빵|쌀,"우유, 밀 함유",밀|우유,PARTIAL_DESCRIPTION,CONFIRMED_LABEL,https://www.tlj.co.kr/product/detail.asp?gubun=result&prod_num=5124,2026-10-04,,coffee-bakery-2026-10-04-v2,EXACT_BRAND_CANONICAL_MENU_NAME|OFFICIAL_MENU_CODE:5124|CURRENT_OFFICIAL_MENU_RECIPE_VERSION_UNVERIFIED,,,true,67d0cc345ebc94d4a37c901acb1b7dcba80d1f3de799a010402f3dfd829e0270
kfind-d202-100000000-0089,D202-100000000-0089,뚜레쥬르,식빵_러스크가달구나,생크림과 꿀토핑물을 바르고 구워서 더욱 달콤 바삭해 한 번 먹으면 멈출 수 없는 러스크,생크림,"우유, 대두, 밀 함유",대두|밀|우유,PARTIAL_DESCRIPTION,CONFIRMED_LABEL,https://www.tlj.co.kr/product/detail.asp?gubun=result&prod_num=4162,2026-10-04,,coffee-bakery-2026-10-04-v2,EXACT_BRAND_CANONICAL_MENU_NAME|OFFICIAL_MENU_CODE:4162|CURRENT_OFFICIAL_MENU_RECIPE_VERSION_UNVERIFIED,,,true,21168fb94d6b53e213c3164b329ccf5f0bae14fdec6d96b2cd96bee26df21ff6
kfind-d202-100000000-0090,D202-100000000-0090,뚜레쥬르,식빵_마구마구밤식빵(대),부드럽고 촉촉한 반죽에 밤다이스와 밤크림이 듬뿍 들어가 밤 맛의 풍부함을 한 층 업그레이드한 제품,,"계란, 우유, 땅콩, 대두, 밀, 아황산류 함유",달걀|대두|땅콩|밀|아황산류|우유,PARTIAL_DESCRIPTION,CONFIRMED_LABEL,https://www.tlj.co.kr/product/detail.asp?gubun=result&prod_num=4635,2026-10-04,,coffee-bakery-2026-10-04-v2,EXACT_BRAND_CANONICAL_MENU_NAME|OFFICIAL_MENU_CODE:4635|CURRENT_OFFICIAL_MENU_RECIPE_VERSION_UNVERIFIED,,,true,a437141472680515d75f569064ce60964665a4c069ef43f0ddc5136212b99596
kfind-d202-100000000-0091,D202-100000000-0091,뚜레쥬르,식빵_마구마구밤식빵(소),부드럽고 촉촉한 반죽에 밤다이스와 밤크림이 듬뿍 들어가 밤 맛의 풍부함을 한 층 업그레이드한 제품,,"계란,우유,땅콩,대두,밀,아황산류 함유",달걀|대두|땅콩|밀|아황산류|우유,PARTIAL_DESCRIPTION,CONFIRMED_LABEL,https://www.tlj.co.kr/product/detail.asp?gubun=result&prod_num=4636,2026-10-04,,coffee-bakery-2026-10-04-v2,EXACT_BRAND_CANONICAL_MENU_NAME|OFFICIAL_MENU_CODE:4636|CURRENT_OFFICIAL_MENU_RECIPE_VERSION_UNVERIFIED,,,true,1df93dfea50fc435022c728ac2f6c1fdc921a7946241dbcfbd08b54bccc98d32
kfind-d202-100000000-0095,D202-100000000-0095,뚜레쥬르,식빵_촉촉쫄깃탕종식빵,탕종을 넣어 더욱 촉촉하고 쫄깃한 식감과 은은한 단맛이 어우러지는 담백 식빵,식빵,"밀, 우유 함유",밀|우유,PARTIAL_DESCRIPTION,CONFIRMED_LABEL,https://www.tlj.co.kr/product/detail.asp?gubun=result&prod_num=4436,2026-10-04,,coffee-bakery-2026-10-04-v2,EXACT_BRAND_CANONICAL_MENU_NAME|OFFICIAL_MENU_CODE:4436|CURRENT_OFFICIAL_MENU_RECIPE_VERSION_UNVERIFIED,,,true,1746a2a225535198b32b2e5ec532a04b5dd7229fb28eb3897f4bbb05ac198ccb
kfind-d202-100000000-0096,D202-100000000-0096,뚜레쥬르,식빵_카라멜러스크,깊고 진한 버터의 풍미와 카라멜라이징한 생크림 소스와 설탕의 달달함이 어우러지는 제품,생크림|설탕,"계란, 우유, 대두, 밀, 아황산류 함유",달걀|대두|밀|아황산류|우유,PARTIAL_DESCRIPTION,CONFIRMED_LABEL,https://www.tlj.co.kr/product/detail.asp?gubun=result&prod_num=3798,2026-10-04,,coffee-bakery-2026-10-04-v2,EXACT_BRAND_CANONICAL_MENU_NAME|OFFICIAL_MENU_CODE:3798|CURRENT_OFFICIAL_MENU_RECIPE_VERSION_UNVERIFIED,,,true,1c1aaf77841e96345a0ee86c385d89bdd8b1a0e6f1e3718dc7e690d9aa41cb68
kfind-d202-100000000-0100,D202-100000000-0100,뚜레쥬르,식빵_한장씩뜯어먹는32겹브레드,"프랑스산 버터가 겹겹이 녹아 퍼지는 풍미! 티슈처럼 한 장, 한 장 뜯어지는 재미를 더한 달콤한 패스트리",버터,"계란, 우유, 대두, 밀, 아황산류 함유",달걀|대두|밀|아황산류|우유,PARTIAL_DESCRIPTION,CONFIRMED_LABEL,https://www.tlj.co.kr/product/detail.asp?gubun=result&prod_num=5096,2026-10-04,,coffee-bakery-2026-10-04-v2,EXACT_BRAND_CANONICAL_MENU_NAME|OFFICIAL_MENU_CODE:5096|CURRENT_OFFICIAL_MENU_RECIPE_VERSION_UNVERIFIED,,,true,64fd5c84febfada7096e30ad62fcb344449a69c3eea7c97e434edc154125d544
kfind-d202-100000000-0101,D202-100000000-0101,뚜레쥬르,식빵_호박패스트리식빵,호박의 고소한 맛을 살린 바삭한 패스트리 식빵,식빵|호박,"계란, 우유, 대두, 밀, 아황산류 함유",달걀|대두|밀|아황산류|우유,PARTIAL_DESCRIPTION,CONFIRMED_LABEL,https://www.tlj.co.kr/product/detail.asp?gubun=result&prod_num=2523,2026-10-04,,coffee-bakery-2026-10-04-v2,EXACT_BRAND_CANONICAL_MENU_NAME|OFFICIAL_MENU_CODE:2523|CURRENT_OFFICIAL_MENU_RECIPE_VERSION_UNVERIFIED,,,true,ace5ceb06a208cfc8699a8ec18359e7bd35d4aa24f3ae587336d3ff09357a793
kfind-d202-101000000-0005,D202-101000000-0005,뚜레쥬르,앙금빵_앙버터 라우겐,담백한 라우겐 속에 달콤한 통팥 앙금과 AOP 버터가 샌드된 제품,버터,"밀, 우유 함유",밀|우유,PARTIAL_DESCRIPTION,CONFIRMED_LABEL,https://www.tlj.co.kr/product/detail.asp?gubun=result&prod_num=4044,2026-10-04,,coffee-bakery-2026-10-04-v2,EXACT_BRAND_CANONICAL_MENU_NAME|OFFICIAL_MENU_CODE:4044|CURRENT_OFFICIAL_MENU_RECIPE_VERSION_UNVERIFIED,,,true,835cfeeac6551893f6b00c1a61386e688c97f3efb0e05e2960149df5693304ff
kfind-d202-101000000-0006,D202-101000000-0006,뚜레쥬르,앙금빵_완두 앙금빵,달콤한 완두앙금이 들어있는 간식빵,,"계란, 우유, 대두, 밀 함유",달걀|대두|밀|우유,PARTIAL_DESCRIPTION,CONFIRMED_LABEL,https://www.tlj.co.kr/product/detail.asp?gubun=result&prod_num=44,2026-10-04,,coffee-bakery-2026-10-04-v2,EXACT_BRAND_CANONICAL_MENU_NAME|OFFICIAL_MENU_CODE:44|CURRENT_OFFICIAL_MENU_RECIPE_VERSION_UNVERIFIED,,,true,07c453215fe4b1073b20f10d736f0b2357320137ac86bf1525b9e4117a487a37
kfind-d202-101000000-0011,D202-101000000-0011,뚜레쥬르,앙금빵_라우겐(2개입),"짙은 갈색이 도는 담백한 독일빵으로 앙버터, 샌드위치 등을 만들어 먹을 수 있는 제품",,밀 함유,밀,PARTIAL_DESCRIPTION,CONFIRMED_LABEL,https://www.tlj.co.kr/product/detail.asp?gubun=result&prod_num=3911,2026-10-04,,coffee-bakery-2026-10-04-v2,EXACT_BRAND_CANONICAL_MENU_NAME|OFFICIAL_MENU_CODE:3911|CURRENT_OFFICIAL_MENU_RECIPE_VERSION_UNVERIFIED,,,true,2192886719fc2161889fa85749922af73da23acafe709e662100eaf8c8c9095a
kfind-d202-101000000-0013,D202-101000000-0013,뚜레쥬르,앙금빵_앙버터라우겐,담백한 라우겐 속에 달콤한 통팥 앙금과 AOP 버터가 샌드된 제품,버터,"밀, 우유 함유",밀|우유,PARTIAL_DESCRIPTION,CONFIRMED_LABEL,https://www.tlj.co.kr/product/detail.asp?gubun=result&prod_num=4044,2026-10-04,,coffee-bakery-2026-10-04-v2,EXACT_BRAND_CANONICAL_MENU_NAME|OFFICIAL_MENU_CODE:4044|CURRENT_OFFICIAL_MENU_RECIPE_VERSION_UNVERIFIED,,,true,835cfeeac6551893f6b00c1a61386e688c97f3efb0e05e2960149df5693304ff
kfind-d202-101000000-0014,D202-101000000-0014,뚜레쥬르,앙금빵_완두앙금빵,달콤한 완두앙금이 들어있는 간식빵,,"계란, 우유, 대두, 밀 함유",달걀|대두|밀|우유,PARTIAL_DESCRIPTION,CONFIRMED_LABEL,https://www.tlj.co.kr/product/detail.asp?gubun=result&prod_num=44,2026-10-04,,coffee-bakery-2026-10-04-v2,EXACT_BRAND_CANONICAL_MENU_NAME|OFFICIAL_MENU_CODE:44|CURRENT_OFFICIAL_MENU_RECIPE_VERSION_UNVERIFIED,,,true,07c453215fe4b1073b20f10d736f0b2357320137ac86bf1525b9e4117a487a37
kfind-d202-102000000-0009,D202-102000000-0009,뚜레쥬르,야채빵_그냥먹어도맛있는햄야채롤(6개입),"더욱 촉촉해진 빵에 햄, 야채가 콕콕 박혀 다른 재료 없이 그냥 먹어도 맛있는 모닝롤",햄,"계란,우유,대두,밀,돼지고기,토마토, 쇠고기,조개류(굴) 함유",달걀|대두|돼지고기|밀|쇠고기|우유|조개류|토마토,PARTIAL_DESCRIPTION,CONFIRMED_LABEL,https://www.tlj.co.kr/product/detail.asp?gubun=result&prod_num=5022,2026-10-04,,coffee-bakery-2026-10-04-v2,EXACT_BRAND_CANONICAL_MENU_NAME|OFFICIAL_MENU_CODE:5022|CURRENT_OFFICIAL_MENU_RECIPE_VERSION_UNVERIFIED,,,true,68e086eb043ddbdd0c06011f9454f42e12f5ed093b8d60032b4eea2067e65381
kfind-d202-108000000-0031,D202-108000000-0031,뚜레쥬르,치즈빵_크림치즈월넛 브레드,곡물빵에 부드럽고 달콤한 크림치즈를 넣은 간식빵,곡물빵|크림치즈,"계란,우유,대두,밀,호두 함유",견과류|달걀|대두|밀|우유,PARTIAL_DESCRIPTION,CONFIRMED_LABEL,https://www.tlj.co.kr/product/detail.asp?gubun=result&prod_num=1315,2026-10-04,,coffee-bakery-2026-10-04-v2,EXACT_BRAND_CANONICAL_MENU_NAME|OFFICIAL_MENU_CODE:1315|CURRENT_OFFICIAL_MENU_RECIPE_VERSION_UNVERIFIED,,,true,a0e41958221f25a67f0ff60f0b595404e50f2321d1b0a43800aed920faa9a8ef
kfind-d202-108000000-0057,D202-108000000-0057,뚜레쥬르,치즈빵_미니치즈롤,담백한 빵 속에 고소한 롤치즈가 쏙쏙 박혀있는 미니 치즈롤,,"계란, 우유, 밀 함유",달걀|밀|우유,PARTIAL_DESCRIPTION,CONFIRMED_LABEL,https://www.tlj.co.kr/product/detail.asp?gubun=result&prod_num=1557,2026-10-04,,coffee-bakery-2026-10-04-v2,EXACT_BRAND_CANONICAL_MENU_NAME|OFFICIAL_MENU_CODE:1557|CURRENT_OFFICIAL_MENU_RECIPE_VERSION_UNVERIFIED,,,true,58692f27958adc6e4448b25d3c8b15cc8d5430a75eb51f00ffbb064fbc3c200f
kfind-d202-108000000-0060,D202-108000000-0060,뚜레쥬르,치즈빵_미니햄치즈롤(10개입),"담백한 빵과 체다치즈, 햄이 조화로운 미니사이즈 제품",햄,"계란, 우유, 대두, 밀, 돼지고기 함유",달걀|대두|돼지고기|밀|우유,PARTIAL_DESCRIPTION,CONFIRMED_LABEL,https://www.tlj.co.kr/product/detail.asp?gubun=result&prod_num=1222,2026-10-04,,coffee-bakery-2026-10-04-v2,EXACT_BRAND_CANONICAL_MENU_NAME|OFFICIAL_MENU_CODE:1222|CURRENT_OFFICIAL_MENU_RECIPE_VERSION_UNVERIFIED,,,true,80a2bd7240ebd821fca494a58d342b40e30605275e3b0f4256925da1b4f2d5e5
kfind-d202-108000000-0062,D202-108000000-0062,뚜레쥬르,치즈빵_블루베리크림치즈,상큼한 블루베리와 부드럽고 고소한 크림치즈가 어우러진 새콤달콤 크림치즈 스프레드,블루베리|크림치즈,우유 함유,우유,PARTIAL_DESCRIPTION,CONFIRMED_LABEL,https://www.tlj.co.kr/product/detail.asp?gubun=result&prod_num=5126,2026-10-04,,coffee-bakery-2026-10-04-v2,EXACT_BRAND_CANONICAL_MENU_NAME|OFFICIAL_MENU_CODE:5126|CURRENT_OFFICIAL_MENU_RECIPE_VERSION_UNVERIFIED,,,true,323e34b16cbb657e8c9ea2f70edf90902cecb3bca6632c234a2a61b1ee09ceda
kfind-d202-108000000-0064,D202-108000000-0064,뚜레쥬르,치즈빵_빵속에리얼초코,달콤하고 진한 초코 가나슈가 부드러운 빵 속에 가득 채워져 간식으로 즐기기 좋은 제품,,"계란, 우유, 대두, 밀 함유",달걀|대두|밀|우유,PARTIAL_DESCRIPTION,CONFIRMED_LABEL,https://www.tlj.co.kr/product/detail.asp?gubun=result&prod_num=3834,2026-10-04,,coffee-bakery-2026-10-04-v2,EXACT_BRAND_CANONICAL_MENU_NAME|OFFICIAL_MENU_CODE:3834|CURRENT_OFFICIAL_MENU_RECIPE_VERSION_UNVERIFIED,,,true,15312408836abaf99c12a0eb87b84889da4f38077343ce0585703bfaf511475d
kfind-d202-108000000-0066,D202-108000000-0066,뚜레쥬르,치즈빵_진한크림치즈빵,우유 초죽을 넣어 촉촉하면서 부드러운 식감을 살리고 크림치즈 본연의 맛을 살린 간식빵,우유|크림치즈,"우유, 밀 함유",밀|우유,PARTIAL_DESCRIPTION,CONFIRMED_LABEL,https://www.tlj.co.kr/product/detail.asp?gubun=result&prod_num=4767,2026-10-04,,coffee-bakery-2026-10-04-v2,EXACT_BRAND_CANONICAL_MENU_NAME|OFFICIAL_MENU_CODE:4767|CURRENT_OFFICIAL_MENU_RECIPE_VERSION_UNVERIFIED,,,true,e3f6e2bbbdff84c03e5210cfc3451e9151b144c6deeb75a19fe09797a7184e9a
kfind-d202-108000000-0070,D202-108000000-0070,뚜레쥬르,치즈빵_크림치즈월넛브레드,곡물빵에 부드럽고 달콤한 크림치즈를 넣은 간식빵,곡물빵|크림치즈,"계란,우유,대두,밀,호두 함유",견과류|달걀|대두|밀|우유,PARTIAL_DESCRIPTION,CONFIRMED_LABEL,https://www.tlj.co.kr/product/detail.asp?gubun=result&prod_num=1315,2026-10-04,,coffee-bakery-2026-10-04-v2,EXACT_BRAND_CANONICAL_MENU_NAME|OFFICIAL_MENU_CODE:1315|CURRENT_OFFICIAL_MENU_RECIPE_VERSION_UNVERIFIED,,,true,a0e41958221f25a67f0ff60f0b595404e50f2321d1b0a43800aed920faa9a8ef
kfind-d202-109000000-0003,D202-109000000-0003,스타벅스,카스텔라_부드러운 생크림 카스텔라,부드러운 생크림이 듬뿍 들어있는 촉촉한 카스텔라입니다.,생크림,"대두, 우유, 달걀, 밀",달걀|대두|밀|우유,PARTIAL_DESCRIPTION,CONFIRMED_LABEL,https://www.starbucks.co.kr/menu/food_view.do?product_cd=5110007181,2026-10-04,,coffee-bakery-2026-10-04-v2,EXACT_BRAND_CANONICAL_MENU_NAME|OFFICIAL_MENU_CODE:5110007181|CURRENT_OFFICIAL_MENU_RECIPE_VERSION_UNVERIFIED,,,true,3af5851965b2d106ae177f8e7db24e67b977dfeaadd94d7bcb738b98938105dd
kfind-d202-110000000-0042,D202-110000000-0042,스타벅스,케이크_당근 현무암 케이크,현무암을 연상케 하는 오징어 먹물 케이크 시트 사이에 새콤한 당근 크림치즈 무스를 샌드한 컵 케이크입니다.,당근|크림치즈,"대두, 우유, 달걀, 밀, 오징어, 돼지고기",달걀|대두|돼지고기|밀|오징어|우유,PARTIAL_DESCRIPTION,CONFIRMED_LABEL,https://www.starbucks.co.kr/menu/food_view.do?product_cd=9300000001055,2026-10-04,,coffee-bakery-2026-10-04-v2,EXACT_BRAND_CANONICAL_MENU_NAME|OFFICIAL_MENU_CODE:9300000001055|CURRENT_OFFICIAL_MENU_RECIPE_VERSION_UNVERIFIED,,,true,e6d060fdd7af78c5a30d4a667715c9f60f0de675839015c5f191d5d8121938f5
kfind-d202-110000000-0192,D202-110000000-0192,뚜레쥬르,케이크_쁘띠복숭아 케이크,촉촉한 화이트 시트에 아삭아삭한 복숭아와 복숭아맛 생크림을 샌드하여 향긋한 복숭아 맛을 가득 느낄 수 있는 디저트 케이크,복숭아|생크림,"계란, 우유, 대두, 밀, 돼지고기, 복숭아 함유",달걀|대두|돼지고기|밀|복숭아|우유,PARTIAL_DESCRIPTION,CONFIRMED_LABEL,https://www.tlj.co.kr/product/detail.asp?gubun=result&prod_num=3517,2026-10-04,,coffee-bakery-2026-10-04-v2,EXACT_BRAND_CANONICAL_MENU_NAME|OFFICIAL_MENU_CODE:3517|CURRENT_OFFICIAL_MENU_RECIPE_VERSION_UNVERIFIED,,,true,4cee846a059767ff219c56ed5affd503d5f965983f476eb962c6d19dbc04fd4b
kfind-d202-110000000-0215,D202-110000000-0215,스타벅스,케이크_세븐 레이어 가나슈 케이크,"초콜릿, 가나슈, 모카로 만든 시트와 크림으로 만든 7개의 층이 특징이며, 가나슈로 감싸 진한 풍미의 초콜릿 케이크입니다. (지름 12cm / 중량 510g)",초콜릿|크림,"대두, 우유, 달걀, 밀",달걀|대두|밀|우유,PARTIAL_DESCRIPTION,CONFIRMED_LABEL,https://www.starbucks.co.kr/menu/food_view.do?product_cd=9300000002065,2026-10-04,,coffee-bakery-2026-10-04-v2,EXACT_BRAND_CANONICAL_MENU_NAME|OFFICIAL_MENU_CODE:9300000002065|CURRENT_OFFICIAL_MENU_RECIPE_VERSION_UNVERIFIED,,,true,8fe6e93163b67d0158615b9f29930376242ab30cb565499587d01de881e1b8d3
kfind-d202-110000000-0277,D202-110000000-0277,뚜레쥬르,케이크_오해피복숭아 케이크,촉촉한 화이트 시트에 아삭아삭한 복숭아와 복숭아맛 생크림을 샌드하여 향긋한 복숭아맛을 가득 느낄 수 있는 생크림 케이크,복숭아|생크림,"계란, 우유, 대두, 밀, 돼지고기, 복숭아 함유",달걀|대두|돼지고기|밀|복숭아|우유,PARTIAL_DESCRIPTION,CONFIRMED_LABEL,https://www.tlj.co.kr/product/detail.asp?gubun=result&prod_num=3262,2026-10-04,,coffee-bakery-2026-10-04-v2,EXACT_BRAND_CANONICAL_MENU_NAME|OFFICIAL_MENU_CODE:3262|CURRENT_OFFICIAL_MENU_RECIPE_VERSION_UNVERIFIED,,,true,59c1e32364a34326c96591bd835ecc3b47993e3501f3cf9a0ef8f16439593c62
kfind-d202-110000000-0311,D202-110000000-0311,스타벅스,케이크_청담스타 얼 그레이 밀크 케이크,얼 그레이 케이크 시트 사이에 부드럽고 향긋한 얼 그레이 생크림을 샌드한 케이크입니다. (사이즈 15cm / 중량 520g),생크림,"대두, 우유, 알류, 밀",달걀|대두|밀|우유,PARTIAL_DESCRIPTION,CONFIRMED_LABEL,https://www.starbucks.co.kr/menu/food_view.do?product_cd=9300000001521,2026-10-04,,coffee-bakery-2026-10-04-v2,EXACT_BRAND_CANONICAL_MENU_NAME|OFFICIAL_MENU_CODE:9300000001521|CURRENT_OFFICIAL_MENU_RECIPE_VERSION_UNVERIFIED,,,true,6708ca77686e4f4a744abc33e07cc9efbefd1b288cc6e7488929ce14a1e9c600
kfind-d202-110000000-0321,D202-110000000-0321,뚜레쥬르,케이크_초코생크림 케이크 1호,신선한 초코생크림과 다크체리가 샌드된 초코시트 위에 과일과 초콜릿으로 장식한 생크림 케이크 *상기 이미지는 계절 및 매장에 따라 디자인이 변경될 수 있습니다.,생크림|초콜릿,"계란, 우유, 대두, 밀, 돼지고기, 아황산류 함유",달걀|대두|돼지고기|밀|아황산류|우유,PARTIAL_DESCRIPTION,CONFIRMED_LABEL,https://www.tlj.co.kr/product/detail.asp?gubun=result&prod_num=3815,2026-10-04,,coffee-bakery-2026-10-04-v2,EXACT_BRAND_CANONICAL_MENU_NAME|OFFICIAL_MENU_CODE:3815|CURRENT_OFFICIAL_MENU_RECIPE_VERSION_UNVERIFIED,,,true,a3bc87f06b6e7ef500cdb755149fec7483b5c7e23a0880fc0740d47cd4785c04
kfind-d202-110000000-0322,D202-110000000-0322,뚜레쥬르,케이크_초코생크림 케이크 2호,신선한 초코생크림과 다크체리가 샌드된 초코시트 위에 과일과 초콜릿으로 장식한 생크림 케이크 *상기 이미지는 계절 및 매장에 따라 디자인이 변경될 수 있습니다.,생크림|초콜릿,"계란, 우유, 대두, 밀, 돼지고기, 아황산류 함유",달걀|대두|돼지고기|밀|아황산류|우유,PARTIAL_DESCRIPTION,CONFIRMED_LABEL,https://www.tlj.co.kr/product/detail.asp?gubun=result&prod_num=3816,2026-10-04,,coffee-bakery-2026-10-04-v2,EXACT_BRAND_CANONICAL_MENU_NAME|OFFICIAL_MENU_CODE:3816|CURRENT_OFFICIAL_MENU_RECIPE_VERSION_UNVERIFIED,,,true,c1396a6905daa3a232e91aa0918c7260d7cf1349aa8d89ecce746fdb3de6d7e0
kfind-d202-110000000-0479,D202-110000000-0479,뚜레쥬르,케이크_클래식오브치즈 케이크 (조각),엄선한 자연치즈의 진한 풍미가 그대로 살아있는 부드럽고 촉촉한 수플레 타입의 클래식 치즈 케이크,치즈,"계란, 우유, 대두, 밀, 아황산류 함유",달걀|대두|밀|아황산류|우유,PARTIAL_DESCRIPTION,CONFIRMED_LABEL,https://www.tlj.co.kr/product/detail.asp?gubun=result&prod_num=4824,2026-10-04,,coffee-bakery-2026-10-04-v2,EXACT_BRAND_CANONICAL_MENU_NAME|OFFICIAL_MENU_CODE:4824|CURRENT_OFFICIAL_MENU_RECIPE_VERSION_UNVERIFIED,,,true,5f944ce01ce07d877721d07f9f36967ce178b97dad0c895a23ae12dc929453b2
kfind-d202-110000000-0498,D202-110000000-0498,뚜레쥬르,케이크_겹겹이크레이프딸기,한 겹 한 겹 정성스레 구운 크레이프에 부드러운 생크림을 겹겹이 샌드한 디저트 케이크 *데코레이션 과일은 운영 상황에 따라 계절 과일로 대체될 수 있습니다.,생크림,"계란, 우유, 대두, 밀, 쇠고기, 아황산류 함유",달걀|대두|밀|쇠고기|아황산류|우유,PARTIAL_DESCRIPTION,CONFIRMED_LABEL,https://www.tlj.co.kr/product/detail.asp?gubun=result&prod_num=4866,2026-10-04,,coffee-bakery-2026-10-04-v2,EXACT_BRAND_CANONICAL_MENU_NAME|OFFICIAL_MENU_CODE:4866|CURRENT_OFFICIAL_MENU_RECIPE_VERSION_UNVERIFIED,,,true,12d33d985080f6ee6312ad568bf10dd8437377056ceb9fcb42e9453715b43e94
kfind-d202-110000000-0499,D202-110000000-0499,뚜레쥬르,케이크_고구마마스카포네티라미수,달콤한 고구마 케이크와 진한 커피향의 티라미수를 동시에 즐길 수 있는 케이크,고구마,"계란, 우유, 대두, 밀, 돼지고기, 아황산류 함유",달걀|대두|돼지고기|밀|아황산류|우유,PARTIAL_DESCRIPTION,CONFIRMED_LABEL,https://www.tlj.co.kr/product/detail.asp?gubun=result&prod_num=1307,2026-10-04,,coffee-bakery-2026-10-04-v2,EXACT_BRAND_CANONICAL_MENU_NAME|OFFICIAL_MENU_CODE:1307|CURRENT_OFFICIAL_MENU_RECIPE_VERSION_UNVERIFIED,,,true,cf9f0a614ab992f3f02466d0aa80d9d7426dee52ea8ca863025695be9076a1a6
kfind-d202-110000000-0500,D202-110000000-0500,뚜레쥬르,케이크_고구마케이크1호,진한 고구마맛을 더하여 한층 풍미가 깊어진 부드러운 고구마케이크,,"계란, 우유, 대두, 밀, 돼지고기 함유",달걀|대두|돼지고기|밀|우유,PARTIAL_DESCRIPTION,CONFIRMED_LABEL,https://www.tlj.co.kr/product/detail.asp?gubun=result&prod_num=3104,2026-10-04,,coffee-bakery-2026-10-04-v2,EXACT_BRAND_CANONICAL_MENU_NAME|OFFICIAL_MENU_CODE:3104|CURRENT_OFFICIAL_MENU_RECIPE_VERSION_UNVERIFIED,,,true,c94cfe88a1875a86fb9f20df16cd3dace88965f160d474f97e93b0143f55f9cd
kfind-d202-110000000-0501,D202-110000000-0501,뚜레쥬르,케이크_고구마케이크2호,진한 고구마맛을 더하여 한층 풍미가 깊어진 부드러운 고구마케이크,,"계란, 우유, 대두, 밀, 돼지고기 함유",달걀|대두|돼지고기|밀|우유,PARTIAL_DESCRIPTION,CONFIRMED_LABEL,https://www.tlj.co.kr/product/detail.asp?gubun=result&prod_num=3105,2026-10-04,,coffee-bakery-2026-10-04-v2,EXACT_BRAND_CANONICAL_MENU_NAME|OFFICIAL_MENU_CODE:3105|CURRENT_OFFICIAL_MENU_RECIPE_VERSION_UNVERIFIED,,,true,8224c8687d59163ba7037ec0a9cb8bd5e3f471fb2774585cc1a9ea7610f09d5f
kfind-d202-110000000-0507,D202-110000000-0507,뚜레쥬르,케이크_뚜레쥬르올스타케이크,"복숭아, 고구마, 녹차, 초코, 4가지 베스트 케이크를 한 번에 즐길 수 있는 케이크 * 상기 이미지는 계절 및 매장에 따라 디자인이 변경될 수 있습니다.",고구마|녹차|복숭아,"계란, 우유, 대두, 밀, 돼지고기, 복숭아, 아황산류 함유",달걀|대두|돼지고기|밀|복숭아|아황산류|우유,PARTIAL_DESCRIPTION,CONFIRMED_LABEL,https://www.tlj.co.kr/product/detail.asp?gubun=result&prod_num=4236,2026-10-04,,coffee-bakery-2026-10-04-v2,EXACT_BRAND_CANONICAL_MENU_NAME|OFFICIAL_MENU_CODE:4236|CURRENT_OFFICIAL_MENU_RECIPE_VERSION_UNVERIFIED,,,true,9af8d0a3363cf1d409b4d41530f3c2906645e9c1f56c5dbf545e8db50520d80e
kfind-d202-110000000-0510,D202-110000000-0510,뚜레쥬르,케이크_레몬티케이크,레몬 슈가 글레이즈로 더욱 상큼하고 촉촉한 레몬 디저트,레몬,"계란,우유,밀,아황산류 함유",달걀|밀|아황산류|우유,PARTIAL_DESCRIPTION,CONFIRMED_LABEL,https://www.tlj.co.kr/product/detail.asp?gubun=result&prod_num=5251,2026-10-04,,coffee-bakery-2026-10-04-v2,EXACT_BRAND_CANONICAL_MENU_NAME|OFFICIAL_MENU_CODE:5251|CURRENT_OFFICIAL_MENU_RECIPE_VERSION_UNVERIFIED,,,true,a3d73389dcf213ea88dedc640ed61d9fa0094b112062f3db3df77d572849817b
kfind-d202-110000000-0511,D202-110000000-0511,뚜레쥬르,케이크_리얼브라우니,다크초콜릿과 밀크초콜릿의 달콤한 맛을 느낄 수 있는 쫀득한 식감의 브라우니,,"계란, 우유, 대두, 밀 함유",달걀|대두|밀|우유,PARTIAL_DESCRIPTION,CONFIRMED_LABEL,https://www.tlj.co.kr/product/detail.asp?gubun=result&prod_num=1568,2026-10-04,,coffee-bakery-2026-10-04-v2,EXACT_BRAND_CANONICAL_MENU_NAME|OFFICIAL_MENU_CODE:1568|CURRENT_OFFICIAL_MENU_RECIPE_VERSION_UNVERIFIED,,,true,6f8310dc056dd33d5a57a858f9696c18c719e965be3e42ff16c1a6174edbde42
kfind-d202-110000000-0512,D202-110000000-0512,뚜레쥬르,케이크_리얼치즈브라우니,달콤한 초코와 진한 크림치즈의 맛을 함께 느낄 수 있는 쫀득한 식감의 브라우니,,"계란,우유,대두,밀 함유",달걀|대두|밀|우유,PARTIAL_DESCRIPTION,CONFIRMED_LABEL,https://www.tlj.co.kr/product/detail.asp?gubun=result&prod_num=5336,2026-10-04,,coffee-bakery-2026-10-04-v2,EXACT_BRAND_CANONICAL_MENU_NAME|OFFICIAL_MENU_CODE:5336|CURRENT_OFFICIAL_MENU_RECIPE_VERSION_UNVERIFIED,,,true,a366be73f832eb97c758c4933238105a048ef39d9ae219877e8c879e6e0840e8
kfind-d202-110000000-0513,D202-110000000-0513,뚜레쥬르,케이크_마스카포네티라미수,부드러운 마스카포네 치즈와 진한 콜드브루를 담아 풍부한 풍미를 느낄 수 있는 티라미수 케이크,마스카포네|치즈,"계란, 우유, 대두, 밀, 돼지고기, 아황산류 함유",달걀|대두|돼지고기|밀|아황산류|우유,PARTIAL_DESCRIPTION,CONFIRMED_LABEL,https://www.tlj.co.kr/product/detail.asp?gubun=result&prod_num=4493,2026-10-04,,coffee-bakery-2026-10-04-v2,EXACT_BRAND_CANONICAL_MENU_NAME|OFFICIAL_MENU_CODE:4493|CURRENT_OFFICIAL_MENU_RECIPE_VERSION_UNVERIFIED,,,true,fcf791021d5b41aa7a2a33d64be67096004fa9955eb841f1911667030bf9524f
kfind-d202-110000000-0517,D202-110000000-0517,뚜레쥬르,케이크_부드러운고구마라떼케이크,부드러운 우유무스와 달콤한 고구마무스가 고구마 라떼처럼 부드럽게 어우러진 케이크,고구마,"계란, 우유, 대두, 밀, 돼지고기 함유",달걀|대두|돼지고기|밀|우유,PARTIAL_DESCRIPTION,CONFIRMED_LABEL,https://www.tlj.co.kr/product/detail.asp?gubun=result&prod_num=5361,2026-10-04,,coffee-bakery-2026-10-04-v2,EXACT_BRAND_CANONICAL_MENU_NAME|OFFICIAL_MENU_CODE:5361|CURRENT_OFFICIAL_MENU_RECIPE_VERSION_UNVERIFIED,,,true,0682f2281210273ed804860c21fe8059b8e21a743b686e6610c5de13f1ec1712
kfind-d202-110000000-0518,D202-110000000-0518,뚜레쥬르,케이크_부드러운블루베리쉬폰2호,상큼한 블루베리 콤포트와 블루베리 크림이 촉촉하고 폭신한 쉬폰을 만나 더욱 맛있어진 블루베리 쉬폰 케이크,블루베리|크림,"계란,우유,대두,밀,돼지고기,아황산류 함유",달걀|대두|돼지고기|밀|아황산류|우유,PARTIAL_DESCRIPTION,CONFIRMED_LABEL,https://www.tlj.co.kr/product/detail.asp?gubun=result&prod_num=5294,2026-10-04,,coffee-bakery-2026-10-04-v2,EXACT_BRAND_CANONICAL_MENU_NAME|OFFICIAL_MENU_CODE:5294|CURRENT_OFFICIAL_MENU_RECIPE_VERSION_UNVERIFIED,,,true,57d47008346bd6ea372c735a27f96a40064d40dae2d3db60eb896881ba0368e2
kfind-d202-110000000-0519,D202-110000000-0519,뚜레쥬르,케이크_부드러운초코쉬폰2호,달콤한 초코 가나슈와 초코 크림이 촉촉하고 폭신한 쉬폰을 만나 더욱 맛있어진 초코 쉬폰 케이크,크림,"계란,우유,대두,밀,돼지고기 함유",달걀|대두|돼지고기|밀|우유,PARTIAL_DESCRIPTION,CONFIRMED_LABEL,https://www.tlj.co.kr/product/detail.asp?gubun=result&prod_num=5293,2026-10-04,,coffee-bakery-2026-10-04-v2,EXACT_BRAND_CANONICAL_MENU_NAME|OFFICIAL_MENU_CODE:5293|CURRENT_OFFICIAL_MENU_RECIPE_VERSION_UNVERIFIED,,,true,8f91754401b1aedabac2c0df4f29a8bef25f0bbddf75f49b1630c2b1832840fe
kfind-d202-110000000-0522,D202-110000000-0522,뚜레쥬르,케이크_쁘띠복숭아케이크,촉촉한 화이트 시트에 아삭아삭한 복숭아와 복숭아맛 생크림을 샌드하여 향긋한 복숭아 맛을 가득 느낄 수 있는 디저트 케이크,복숭아|생크림,"계란, 우유, 대두, 밀, 돼지고기, 복숭아 함유",달걀|대두|돼지고기|밀|복숭아|우유,PARTIAL_DESCRIPTION,CONFIRMED_LABEL,https://www.tlj.co.kr/product/detail.asp?gubun=result&prod_num=3517,2026-10-04,,coffee-bakery-2026-10-04-v2,EXACT_BRAND_CANONICAL_MENU_NAME|OFFICIAL_MENU_CODE:3517|CURRENT_OFFICIAL_MENU_RECIPE_VERSION_UNVERIFIED,,,true,4cee846a059767ff219c56ed5affd503d5f965983f476eb962c6d19dbc04fd4b
kfind-d202-110000000-0523,D202-110000000-0523,뚜레쥬르,케이크_쁘띠티라미수,부드러운 치즈 무스와 달콤한 코코아 파우더가 잘 어울리는 티라미수,치즈,"계란, 우유, 대두, 밀, 돼지고기, 아황산류 함유",달걀|대두|돼지고기|밀|아황산류|우유,PARTIAL_DESCRIPTION,CONFIRMED_LABEL,https://www.tlj.co.kr/product/detail.asp?gubun=result&prod_num=5023,2026-10-04,,coffee-bakery-2026-10-04-v2,EXACT_BRAND_CANONICAL_MENU_NAME|OFFICIAL_MENU_CODE:5023|CURRENT_OFFICIAL_MENU_RECIPE_VERSION_UNVERIFIED,,,true,6e3c33dd78b374aa9887a944c981426837f1d22131cf36525734b943ac92b958
kfind-d202-110000000-0524,D202-110000000-0524,뚜레쥬르,케이크_쁘띠한라봉&오렌지케이크,향긋한 한라봉 시트에 상큼한 오렌지와 한라봉 맛 생크림을 샌드하여 입안 가득 상큼한 맛을 느낄 수 있는 디저트 케이크,생크림|오렌지|한라봉,"계란, 우유, 대두, 밀 함유",달걀|대두|밀|우유,PARTIAL_DESCRIPTION,CONFIRMED_LABEL,https://www.tlj.co.kr/product/detail.asp?gubun=result&prod_num=3518,2026-10-04,,coffee-bakery-2026-10-04-v2,EXACT_BRAND_CANONICAL_MENU_NAME|OFFICIAL_MENU_CODE:3518|CURRENT_OFFICIAL_MENU_RECIPE_VERSION_UNVERIFIED,,,true,d89a033c4ae42968caf94355fdb2a404c5608ee5875dc5ace5cb0882878c34b3
kfind-d202-110000000-0525,D202-110000000-0525,뚜레쥬르,케이크_사르르고구마케이크빵,고구마를 닮은 빵에 부드러운 크림과 고구마 필링이 듬뿍 들어있어 입안에서 사르르 녹는 빵,고구마|크림,"밀, 우유, 대두, 계란 함유",달걀|대두|밀|우유,PARTIAL_DESCRIPTION,CONFIRMED_LABEL,https://www.tlj.co.kr/product/detail.asp?gubun=result&prod_num=3909,2026-10-04,,coffee-bakery-2026-10-04-v2,EXACT_BRAND_CANONICAL_MENU_NAME|OFFICIAL_MENU_CODE:3909|CURRENT_OFFICIAL_MENU_RECIPE_VERSION_UNVERIFIED,,,true,8f2580ea7663817014fea538ed45bde1cce674b63c539ee0e3bf73e1ce931e76
kfind-d202-110000000-0526,D202-110000000-0526,뚜레쥬르,케이크_쇼콜라갸또(조각),초코시트와 블랙초코시트에 달콤한 가나슈와 초코크림을 샌드하고 초코 글라사쥬로 장식한 디저트 케이크,,"계란, 우유, 대두, 밀, 돼지고기, 아황산류 함유",달걀|대두|돼지고기|밀|아황산류|우유,PARTIAL_DESCRIPTION,CONFIRMED_LABEL,https://www.tlj.co.kr/product/detail.asp?gubun=result&prod_num=3249,2026-10-04,,coffee-bakery-2026-10-04-v2,EXACT_BRAND_CANONICAL_MENU_NAME|OFFICIAL_MENU_CODE:3249|CURRENT_OFFICIAL_MENU_RECIPE_VERSION_UNVERIFIED,,,true,78f7703732be845285dc830d96b5d4c28001cac21e73e3c5c6f5dacad9bf8d6a
kfind-d202-110000000-0532,D202-110000000-0532,뚜레쥬르,케이크_오해피복숭아케이크,촉촉한 화이트 시트에 아삭아삭한 복숭아와 복숭아맛 생크림을 샌드하여 향긋한 복숭아맛을 가득 느낄 수 있는 생크림 케이크,복숭아|생크림,"계란, 우유, 대두, 밀, 돼지고기, 복숭아 함유",달걀|대두|돼지고기|밀|복숭아|우유,PARTIAL_DESCRIPTION,CONFIRMED_LABEL,https://www.tlj.co.kr/product/detail.asp?gubun=result&prod_num=3262,2026-10-04,,coffee-bakery-2026-10-04-v2,EXACT_BRAND_CANONICAL_MENU_NAME|OFFICIAL_MENU_CODE:3262|CURRENT_OFFICIAL_MENU_RECIPE_VERSION_UNVERIFIED,,,true,59c1e32364a34326c96591bd835ecc3b47993e3501f3cf9a0ef8f16439593c62
kfind-d202-110000000-0533,D202-110000000-0533,뚜레쥬르,케이크_오해피한라봉&오렌지케이크,향긋한 한라봉 시트에 상큼한 오렌지와 한라봉맛 생크림을 샌드하여 입안 가득 상큼한 맛을 느낄 수 있는 생크림 케이크,생크림|오렌지|한라봉,"계란, 우유, 대두, 밀 함유",달걀|대두|밀|우유,PARTIAL_DESCRIPTION,CONFIRMED_LABEL,https://www.tlj.co.kr/product/detail.asp?gubun=result&prod_num=3466,2026-10-04,,coffee-bakery-2026-10-04-v2,EXACT_BRAND_CANONICAL_MENU_NAME|OFFICIAL_MENU_CODE:3466|CURRENT_OFFICIAL_MENU_RECIPE_VERSION_UNVERIFIED,,,true,e8bb79fdc56ee7db4b380c515b2b8d91adeb827b859aa2fdbb8f1adcf7701e72
kfind-d202-110000000-0547,D202-110000000-0547,뚜레쥬르,케이크_피스타치오티케이크,고소한 피스타치오를 가득 올려 넛츠 풍미 가득한 디저트,피스타치오,"계란, 우유, 밀 함유",달걀|밀|우유,PARTIAL_DESCRIPTION,CONFIRMED_LABEL,https://www.tlj.co.kr/product/detail.asp?gubun=result&prod_num=5250,2026-10-04,,coffee-bakery-2026-10-04-v2,EXACT_BRAND_CANONICAL_MENU_NAME|OFFICIAL_MENU_CODE:5250|CURRENT_OFFICIAL_MENU_RECIPE_VERSION_UNVERIFIED,,,true,a586bc59512a3441be6f5a131270824a58f7616b656215dde03a9e75a51ce8ac
kfind-d202-110210000-0005,D202-110210000-0005,뚜레쥬르,케이크_러블리생크림케이크,촉촉한 쉬폰 시트에 마스카포네 생크림과 상큼한 딸기 콤포트를 샌드하고 생딸기와 핑크 리본으로 장식한 미니 케이크,딸기|마스카포네|생크림,"계란, 우유, 대두, 밀, 돼지고기, 아황산류 함유",달걀|대두|돼지고기|밀|아황산류|우유,PARTIAL_DESCRIPTION,CONFIRMED_LABEL,https://www.tlj.co.kr/product/detail.asp?gubun=result&prod_num=5216,2026-10-04,,coffee-bakery-2026-10-04-v2,EXACT_BRAND_CANONICAL_MENU_NAME|OFFICIAL_MENU_CODE:5216|CURRENT_OFFICIAL_MENU_RECIPE_VERSION_UNVERIFIED,,,true,b7edf6f7bd510007d6665de40dd87859846e4ea2ad3e47f7284cc9e3e809ffca
kfind-d202-110210000-0008,D202-110210000-0008,뚜레쥬르,케이크_쁘띠딸기생크림케이크,새콤달콤한 딸기와 상큼한 딸기 꿀리를 더하여 입안 가득 산뜻한 맛을 느낄 수 있는 디저트 케이크 * 상기 이미지는 계절 및 매장에 따라 디자인이 변경될 수 있습니다.,딸기,"계란, 우유, 대두, 밀, 돼지고기, 아황산류 함유",달걀|대두|돼지고기|밀|아황산류|우유,PARTIAL_DESCRIPTION,CONFIRMED_LABEL,https://www.tlj.co.kr/product/detail.asp?gubun=result&prod_num=5004,2026-10-04,,coffee-bakery-2026-10-04-v2,EXACT_BRAND_CANONICAL_MENU_NAME|OFFICIAL_MENU_CODE:5004|CURRENT_OFFICIAL_MENU_RECIPE_VERSION_UNVERIFIED,,,true,d21eef99ec450e5287953b3013ba9993eed0b5953c468e86746bb28bd868a174
kfind-d202-110210000-0009,D202-110210000-0009,뚜레쥬르,케이크_쁘띠자몽생크림케이크,"폭신한 시트에 자몽 과육과 자몽 생크림을 샌드하고 상큼달콤한 자몽, 리치 젤리를 올려 청량감을 느낄 수 있는 디저트 케이크",생크림|자몽,"계란, 우유, 대두, 밀, 돼지고기, 아황산류 함유",달걀|대두|돼지고기|밀|아황산류|우유,PARTIAL_DESCRIPTION,CONFIRMED_LABEL,https://www.tlj.co.kr/product/detail.asp?gubun=result&prod_num=5005,2026-10-04,,coffee-bakery-2026-10-04-v2,EXACT_BRAND_CANONICAL_MENU_NAME|OFFICIAL_MENU_CODE:5005|CURRENT_OFFICIAL_MENU_RECIPE_VERSION_UNVERIFIED,,,true,c009df12da86d31f479f89bb21349634ef8fdc148dbb492973b1aa60e497d1dd
kfind-d202-110210000-0010,D202-110210000-0010,뚜레쥬르,케이크_사르르티라미수생크림쉬폰,풍미 좋은 커피시럽을 더한 폭신한 모카 쉬폰에 마스카포네 생크림을 샌드하고 연유 생크림으로 마무리한 티라미수 생크림 쉬폰,마스카포네|생크림|연유,"계란, 우유, 대두, 밀, 돼지고기 함유",달걀|대두|돼지고기|밀|우유,PARTIAL_DESCRIPTION,CONFIRMED_LABEL,https://www.tlj.co.kr/product/detail.asp?gubun=result&prod_num=4376,2026-10-04,,coffee-bakery-2026-10-04-v2,EXACT_BRAND_CANONICAL_MENU_NAME|OFFICIAL_MENU_CODE:4376|CURRENT_OFFICIAL_MENU_RECIPE_VERSION_UNVERIFIED,,,true,5a2db16e6bde1e1f1dd3009307d4a5fee486cafd2eeafdb37f570c2ff3bf109f
kfind-d202-110210000-0027,D202-110210000-0027,뚜레쥬르,케이크_초코생크림케이크1호,신선한 초코생크림과 다크체리가 샌드된 초코시트 위에 과일과 초콜릿으로 장식한 생크림 케이크 *상기 이미지는 계절 및 매장에 따라 디자인이 변경될 수 있습니다.,생크림|초콜릿,"계란, 우유, 대두, 밀, 돼지고기, 아황산류 함유",달걀|대두|돼지고기|밀|아황산류|우유,PARTIAL_DESCRIPTION,CONFIRMED_LABEL,https://www.tlj.co.kr/product/detail.asp?gubun=result&prod_num=3815,2026-10-04,,coffee-bakery-2026-10-04-v2,EXACT_BRAND_CANONICAL_MENU_NAME|OFFICIAL_MENU_CODE:3815|CURRENT_OFFICIAL_MENU_RECIPE_VERSION_UNVERIFIED,,,true,a3bc87f06b6e7ef500cdb755149fec7483b5c7e23a0880fc0740d47cd4785c04
kfind-d202-110210000-0028,D202-110210000-0028,뚜레쥬르,케이크_초코생크림케이크2호,신선한 초코생크림과 다크체리가 샌드된 초코시트 위에 과일과 초콜릿으로 장식한 생크림 케이크 *상기 이미지는 계절 및 매장에 따라 디자인이 변경될 수 있습니다.,생크림|초콜릿,"계란, 우유, 대두, 밀, 돼지고기, 아황산류 함유",달걀|대두|돼지고기|밀|아황산류|우유,PARTIAL_DESCRIPTION,CONFIRMED_LABEL,https://www.tlj.co.kr/product/detail.asp?gubun=result&prod_num=3816,2026-10-04,,coffee-bakery-2026-10-04-v2,EXACT_BRAND_CANONICAL_MENU_NAME|OFFICIAL_MENU_CODE:3816|CURRENT_OFFICIAL_MENU_RECIPE_VERSION_UNVERIFIED,,,true,c1396a6905daa3a232e91aa0918c7260d7cf1349aa8d89ecce746fdb3de6d7e0
kfind-d202-110210000-0030,D202-110210000-0030,뚜레쥬르,케이크_쿠키바닐라생크림케이크,눈을 사로잡는 블랙 화이트 크림 레이어에 진하고 풍미깊은 가나슈와 달콤한 쿠키 크럼블을 샌딩한 바닐라 생크림 케이크,바닐라|생크림|크림,"계란,우유,대두,밀 함유",달걀|대두|밀|우유,PARTIAL_DESCRIPTION,CONFIRMED_LABEL,https://www.tlj.co.kr/product/detail.asp?gubun=result&prod_num=5295,2026-10-04,,coffee-bakery-2026-10-04-v2,EXACT_BRAND_CANONICAL_MENU_NAME|OFFICIAL_MENU_CODE:5295|CURRENT_OFFICIAL_MENU_RECIPE_VERSION_UNVERIFIED,,,true,bf0cfc2b53a4e0dcbac654110df34f5dcfefa5411e82aee6e451b7c96875781b
kfind-d202-110310000-0003,D202-110310000-0003,뚜레쥬르,케이크_생초코초코케이크,깊은 풍미의 발로나 초콜릿 케이크에 생크림을 듬뿍 올려 생 초콜릿 식감을 느낄 수 있는 진하고 부드러운 초콜릿 생크림 케이크,생크림|초콜릿,"계란, 우유, 대두, 밀, 돼지고기, 아황산류 함유",달걀|대두|돼지고기|밀|아황산류|우유,PARTIAL_DESCRIPTION,CONFIRMED_LABEL,https://www.tlj.co.kr/product/detail.asp?gubun=result&prod_num=4375,2026-10-04,,coffee-bakery-2026-10-04-v2,EXACT_BRAND_CANONICAL_MENU_NAME|OFFICIAL_MENU_CODE:4375|CURRENT_OFFICIAL_MENU_RECIPE_VERSION_UNVERIFIED,,,true,6520c0b423e62ccf86590d1a0fdc1ca1c2ded8860eec48d6b0c68b17575dd8c1
kfind-d202-110330000-0003,D202-110330000-0003,뚜레쥬르,케이크_클래식오브치즈케이크(조각),엄선한 자연치즈의 진한 풍미가 그대로 살아있는 부드럽고 촉촉한 수플레 타입의 클래식 치즈 케이크,치즈,"계란, 우유, 대두, 밀, 아황산류 함유",달걀|대두|밀|아황산류|우유,PARTIAL_DESCRIPTION,CONFIRMED_LABEL,https://www.tlj.co.kr/product/detail.asp?gubun=result&prod_num=4824,2026-10-04,,coffee-bakery-2026-10-04-v2,EXACT_BRAND_CANONICAL_MENU_NAME|OFFICIAL_MENU_CODE:4824|CURRENT_OFFICIAL_MENU_RECIPE_VERSION_UNVERIFIED,,,true,5f944ce01ce07d877721d07f9f36967ce178b97dad0c895a23ae12dc929453b2
kfind-d202-110330000-0004,D202-110330000-0004,뚜레쥬르,케이크_클래식오브치즈케이크3호,엄선한 자연치즈의 진한 풍미가 그대로 살아있는 부드럽고 촉촉한 수플레 타입의 클래식 치즈 케이크,치즈,"계란, 우유, 대두, 밀, 아황산류 함유",달걀|대두|밀|아황산류|우유,PARTIAL_DESCRIPTION,CONFIRMED_LABEL,https://www.tlj.co.kr/product/detail.asp?gubun=result&prod_num=4823,2026-10-04,,coffee-bakery-2026-10-04-v2,EXACT_BRAND_CANONICAL_MENU_NAME|OFFICIAL_MENU_CODE:4823|CURRENT_OFFICIAL_MENU_RECIPE_VERSION_UNVERIFIED,,,true,e0e6120d1e845da9e4a586b8472478606a11492537b79e63b678ad10e273e7e4
kfind-d202-111000000-0005,D202-111000000-0005,스타벅스,크로와상_거문 오름 크루아상,[제주지역 한정푸드] 제주도의 현무암을 크루아상에 오름 모양을 아몬드 페이스트로 형상화하여만든 크루아상입니다.,아몬드,"대두, 우유, 달걀, 밀, 오징어",달걀|대두|밀|오징어|우유,PARTIAL_DESCRIPTION,CONFIRMED_LABEL,https://www.starbucks.co.kr/menu/food_view.do?product_cd=9300000001361,2026-10-04,,coffee-bakery-2026-10-04-v2,EXACT_BRAND_CANONICAL_MENU_NAME|OFFICIAL_MENU_CODE:9300000001361|CURRENT_OFFICIAL_MENU_RECIPE_VERSION_UNVERIFIED,,,true,eaa5168ab9e2e9aa20d3dda8fb7e5b019eba4243056ceddea82c8b08239a361c
kfind-d202-111000000-0079,D202-111000000-0079,뚜레쥬르,크로와상_아몬드크라상,바삭하고 버터의 풍미가 좋은 크라상 속에 고소한 아몬드 크림이 샌드되어 달콤함을 더하는 커피와 잘 어울리는 제품,아몬드|커피|크림,,,PARTIAL_DESCRIPTION,UNKNOWN,https://www.tlj.co.kr/product/detail.asp?gubun=result&prod_num=3559,2026-10-04,,coffee-bakery-2026-10-04-v2,EXACT_BRAND_CANONICAL_MENU_NAME|OFFICIAL_MENU_CODE:3559|CURRENT_OFFICIAL_MENU_RECIPE_VERSION_UNVERIFIED,,,true,bcd0056725823e06ca64a78f550dfff3e0684bedf65f84511dd02773f1b07b1e
kfind-d202-111000000-0080,D202-111000000-0080,뚜레쥬르,크로와상_오리지널생크림크라상,고소하고 바삭한 크라상에 달콤한 생크림을 샌드한 제품,생크림,"계란, 우유, 대두, 밀, 아황산류 함유",달걀|대두|밀|아황산류|우유,PARTIAL_DESCRIPTION,CONFIRMED_LABEL,https://www.tlj.co.kr/product/detail.asp?gubun=result&prod_num=3566,2026-10-04,,coffee-bakery-2026-10-04-v2,EXACT_BRAND_CANONICAL_MENU_NAME|OFFICIAL_MENU_CODE:3566|CURRENT_OFFICIAL_MENU_RECIPE_VERSION_UNVERIFIED,,,true,252957551fd95c0f2bb07942a3c2cf8f72a2e59130b9d1b3def80881998e05d7
kfind-d202-111000000-0081,D202-111000000-0081,뚜레쥬르,크로와상_오리지널크라상,고소한 버터 풍미가 진하고 바삭한 패스트리의 결이 살아있는 크라상,,"계란, 우유, 밀, 아황산류 함유",달걀|밀|아황산류|우유,PARTIAL_DESCRIPTION,CONFIRMED_LABEL,https://www.tlj.co.kr/product/detail.asp?gubun=result&prod_num=3557,2026-10-04,,coffee-bakery-2026-10-04-v2,EXACT_BRAND_CANONICAL_MENU_NAME|OFFICIAL_MENU_CODE:3557|CURRENT_OFFICIAL_MENU_RECIPE_VERSION_UNVERIFIED,,,true,2ef320693c7de0c178617ac16b66d5b040ec1fca85ac67b6885ea54ded1ac6b6
kfind-d202-112000000-0024,D202-112000000-0024,뚜레쥬르,크로켓(고로케)_추억의사라다 고로케,바삭한 고로케 속에 아삭아삭 맛있는 야채 사라다가 듬뿍 들어간 든든한 식사 대용 제품,,"계란, 우유, 대두, 밀, 토마토 돼지고기, 쇠고기 함유",달걀|대두|돼지고기|밀|쇠고기|우유|토마토,PARTIAL_DESCRIPTION,CONFIRMED_LABEL,https://www.tlj.co.kr/product/detail.asp?gubun=result&prod_num=1807,2026-10-04,,coffee-bakery-2026-10-04-v2,EXACT_BRAND_CANONICAL_MENU_NAME|OFFICIAL_MENU_CODE:1807|CURRENT_OFFICIAL_MENU_RECIPE_VERSION_UNVERIFIED,,,true,c775be1bdd90f32dfd369c8dae2c48b50c65f918506d0a79507342f7debb960e
kfind-d202-112000000-0055,D202-112000000-0055,뚜레쥬르,크로켓(고로케)_추억의사라다고로케,바삭한 고로케 속에 아삭아삭 맛있는 야채 사라다가 듬뿍 들어간 든든한 식사 대용 제품,,"계란, 우유, 대두, 밀, 토마토 돼지고기, 쇠고기 함유",달걀|대두|돼지고기|밀|쇠고기|우유|토마토,PARTIAL_DESCRIPTION,CONFIRMED_LABEL,https://www.tlj.co.kr/product/detail.asp?gubun=result&prod_num=1807,2026-10-04,,coffee-bakery-2026-10-04-v2,EXACT_BRAND_CANONICAL_MENU_NAME|OFFICIAL_MENU_CODE:1807|CURRENT_OFFICIAL_MENU_RECIPE_VERSION_UNVERIFIED,,,true,c775be1bdd90f32dfd369c8dae2c48b50c65f918506d0a79507342f7debb960e
kfind-d202-113000000-0042,D202-113000000-0042,뚜레쥬르,크림빵_카페모카크림빵 (대),은은한 모카향 가득 모카빵에 달콤한 모카크림이 사이사이 샌드되어 더욱 맛있는 제품,,"계란, 우유, 대두, 밀 함유",달걀|대두|밀|우유,PARTIAL_DESCRIPTION,CONFIRMED_LABEL,https://www.tlj.co.kr/product/detail.asp?gubun=result&prod_num=1088,2026-10-04,,coffee-bakery-2026-10-04-v2,EXACT_BRAND_CANONICAL_MENU_NAME|OFFICIAL_MENU_CODE:1088|CURRENT_OFFICIAL_MENU_RECIPE_VERSION_UNVERIFIED,,,true,c05fc62dd80f4a139e09acf1e386a9725f55661c14a008d5b86a5f70696658f0
kfind-d202-113000000-0043,D202-113000000-0043,뚜레쥬르,크림빵_카페모카크림빵 (소),진한 모카향 가득한 빵에 달콤한 모카크림을 듬뿍 채워 더욱 부드럽게 즐길 수 있는 빵,,"계란, 우유, 대두, 밀 함유",달걀|대두|밀|우유,PARTIAL_DESCRIPTION,CONFIRMED_LABEL,https://www.tlj.co.kr/product/detail.asp?gubun=result&prod_num=54,2026-10-04,,coffee-bakery-2026-10-04-v2,EXACT_BRAND_CANONICAL_MENU_NAME|OFFICIAL_MENU_CODE:54|CURRENT_OFFICIAL_MENU_RECIPE_VERSION_UNVERIFIED,,,true,85ca236658c6ba057979cf81d39d007efaf40af7563af7bdba06fc0f5cbe6dc1
kfind-d202-113000000-0085,D202-113000000-0085,뚜레쥬르,크림빵_까까웨뜨,바삭한 패스트리 결을 얹은 부드러운 빵 속에 고소한 땅콩크림이 샌드된 간식빵,,"계란, 우유, 땅콩, 대두, 밀 함유",달걀|대두|땅콩|밀|우유,PARTIAL_DESCRIPTION,CONFIRMED_LABEL,https://www.tlj.co.kr/product/detail.asp?gubun=result&prod_num=45,2026-10-04,,coffee-bakery-2026-10-04-v2,EXACT_BRAND_CANONICAL_MENU_NAME|OFFICIAL_MENU_CODE:45|CURRENT_OFFICIAL_MENU_RECIPE_VERSION_UNVERIFIED,,,true,4b0f6814b57242b96e02a1f249b7c8f6c27c0840d9105e5a36796d904faeb221
kfind-d202-113000000-0086,D202-113000000-0086,뚜레쥬르,크림빵_리얼초코소라빵,부드러운 소라 모양 빵에 진한 초코 크림이 듬뿍 들어있는 간식빵,크림,"계란, 우유, 대두, 밀 함유",달걀|대두|밀|우유,PARTIAL_DESCRIPTION,CONFIRMED_LABEL,https://www.tlj.co.kr/product/detail.asp?gubun=result&prod_num=1240,2026-10-04,,coffee-bakery-2026-10-04-v2,EXACT_BRAND_CANONICAL_MENU_NAME|OFFICIAL_MENU_CODE:1240|CURRENT_OFFICIAL_MENU_RECIPE_VERSION_UNVERIFIED,,,true,6008047d458b42d3fc82a0ea4888c7370f02d349d3708add0996a5a85b09fab0
kfind-d202-113000000-0087,D202-113000000-0087,뚜레쥬르,크림빵_매직모카크림빵,은은한 모카향 가득 모카빵에 달콤한 모카크림이 사이사이 샌드되어 더욱 맛있는 제품,,"계란, 우유, 대두, 밀 함유",달걀|대두|밀|우유,PARTIAL_DESCRIPTION,CONFIRMED_LABEL,https://www.tlj.co.kr/product/detail.asp?gubun=result&prod_num=1733,2026-10-04,,coffee-bakery-2026-10-04-v2,EXACT_BRAND_CANONICAL_MENU_NAME|OFFICIAL_MENU_CODE:1733|CURRENT_OFFICIAL_MENU_RECIPE_VERSION_UNVERIFIED,,,true,60795f3449ad018b7cd4b77a6ada24764ae478a57de1aa355c8108adf00cd64a
kfind-d202-113000000-0092,D202-113000000-0092,뚜레쥬르,크림빵_부드러운후레쉬크림샌드빵,달콤하고 부드러운 버터크림이 사이 사이에 듬뿍 샌드된 부드러운 간식빵 *크림속 검은 반점은 바닐라씨드임으로 안심하고 드시길 바랍니다.,,"계란,우유,대두,밀 함유",달걀|대두|밀|우유,PARTIAL_DESCRIPTION,CONFIRMED_LABEL,https://www.tlj.co.kr/product/detail.asp?gubun=result&prod_num=5525,2026-10-04,,coffee-bakery-2026-10-04-v2,EXACT_BRAND_CANONICAL_MENU_NAME|OFFICIAL_MENU_CODE:5525|CURRENT_OFFICIAL_MENU_RECIPE_VERSION_UNVERIFIED,,,true,e90453322be4f0f727a9f01f5db9ff36538e95ea1f7b99b1484899d798b90b9a
kfind-d202-113000000-0095,D202-113000000-0095,뚜레쥬르,크림빵_슈크림빵,부드럽고 진한 슈크림이 들어간 간식빵,,"계란, 우유, 대두, 밀 함유",달걀|대두|밀|우유,PARTIAL_DESCRIPTION,CONFIRMED_LABEL,https://www.tlj.co.kr/product/detail.asp?gubun=result&prod_num=534,2026-10-04,,coffee-bakery-2026-10-04-v2,EXACT_BRAND_CANONICAL_MENU_NAME|OFFICIAL_MENU_CODE:534|CURRENT_OFFICIAL_MENU_RECIPE_VERSION_UNVERIFIED,,,true,e4e723d320bc07ff0d1f278bd3a375c6bcd198dc1513493ee2ff74ad3b2d223e
kfind-d202-113000000-0097,D202-113000000-0097,뚜레쥬르,크림빵_슈크림슈,달콤하고 부드러운 커스타드 크림으로 가득 채운 크림슈,크림,"계란,우유,대두,밀 함유",달걀|대두|밀|우유,PARTIAL_DESCRIPTION,CONFIRMED_LABEL,https://www.tlj.co.kr/product/detail.asp?gubun=result&prod_num=5349,2026-10-04,,coffee-bakery-2026-10-04-v2,EXACT_BRAND_CANONICAL_MENU_NAME|OFFICIAL_MENU_CODE:5349|CURRENT_OFFICIAL_MENU_RECIPE_VERSION_UNVERIFIED,,,true,f07254514ff8f6acab31591a714e9b740c9948ae8d959760f139fa06a41c861e
kfind-d202-113000000-0103,D202-113000000-0103,뚜레쥬르,크림빵_진한우유크림빵,물 대신 우유로만 반죽한 빵에 우유크림을 넣어 더 진한 우유의 맛을 느낄 수 있는 제품,,"계란, 우유, 밀 함유",달걀|밀|우유,PARTIAL_DESCRIPTION,CONFIRMED_LABEL,https://www.tlj.co.kr/product/detail.asp?gubun=result&prod_num=4348,2026-10-04,,coffee-bakery-2026-10-04-v2,EXACT_BRAND_CANONICAL_MENU_NAME|OFFICIAL_MENU_CODE:4348|CURRENT_OFFICIAL_MENU_RECIPE_VERSION_UNVERIFIED,,,true,1ab816783c1b9bb3c2c23ef61657275a1d556348156bfeff1a6e9567ca2437a9
kfind-d202-113000000-0104,D202-113000000-0104,뚜레쥬르,크림빵_초코슈,달콤하고 진한 초코 크림으로 가득채운 크림슈,크림,"계란,우유,대두,밀 함유",달걀|대두|밀|우유,PARTIAL_DESCRIPTION,CONFIRMED_LABEL,https://www.tlj.co.kr/product/detail.asp?gubun=result&prod_num=5350,2026-10-04,,coffee-bakery-2026-10-04-v2,EXACT_BRAND_CANONICAL_MENU_NAME|OFFICIAL_MENU_CODE:5350|CURRENT_OFFICIAL_MENU_RECIPE_VERSION_UNVERIFIED,,,true,260645e0fade8d58da1443bae511652e590d60b118a2a1b60d1edb0204534999
kfind-d202-113000000-0105,D202-113000000-0105,뚜레쥬르,크림빵_카스테라우유크림볼,우리 쌀이 들어가 더 폭신하고 촉촉한 빵 속에 단짠 우유크림을 더해 한 알씩 나눠먹는 크림빵 *본 제품에 들어간 가루쌀은 물에 불리지 않고 빻을 수 있는 국산 쌀 품종으로 농가와 상생하는 착한 원료입니다.,가루쌀|쌀,"계란, 우유, 대두, 밀 함유",달걀|대두|밀|우유,PARTIAL_DESCRIPTION,CONFIRMED_LABEL,https://www.tlj.co.kr/product/detail.asp?gubun=result&prod_num=5097,2026-10-04,,coffee-bakery-2026-10-04-v2,EXACT_BRAND_CANONICAL_MENU_NAME|OFFICIAL_MENU_CODE:5097|CURRENT_OFFICIAL_MENU_RECIPE_VERSION_UNVERIFIED,,,true,b7b4eba1a2e92696919de854ecafff182e04eef71c8a6938ec14b9fe01e75e8c
kfind-d202-113000000-0106,D202-113000000-0106,뚜레쥬르,크림빵_카페모카크림빵(대),은은한 모카향 가득 모카빵에 달콤한 모카크림이 사이사이 샌드되어 더욱 맛있는 제품,,"계란, 우유, 대두, 밀 함유",달걀|대두|밀|우유,PARTIAL_DESCRIPTION,CONFIRMED_LABEL,https://www.tlj.co.kr/product/detail.asp?gubun=result&prod_num=1088,2026-10-04,,coffee-bakery-2026-10-04-v2,EXACT_BRAND_CANONICAL_MENU_NAME|OFFICIAL_MENU_CODE:1088|CURRENT_OFFICIAL_MENU_RECIPE_VERSION_UNVERIFIED,,,true,c05fc62dd80f4a139e09acf1e386a9725f55661c14a008d5b86a5f70696658f0
kfind-d202-113000000-0107,D202-113000000-0107,뚜레쥬르,크림빵_카페모카크림빵(소),진한 모카향 가득한 빵에 달콤한 모카크림을 듬뿍 채워 더욱 부드럽게 즐길 수 있는 빵,,"계란, 우유, 대두, 밀 함유",달걀|대두|밀|우유,PARTIAL_DESCRIPTION,CONFIRMED_LABEL,https://www.tlj.co.kr/product/detail.asp?gubun=result&prod_num=54,2026-10-04,,coffee-bakery-2026-10-04-v2,EXACT_BRAND_CANONICAL_MENU_NAME|OFFICIAL_MENU_CODE:54|CURRENT_OFFICIAL_MENU_RECIPE_VERSION_UNVERIFIED,,,true,85ca236658c6ba057979cf81d39d007efaf40af7563af7bdba06fc0f5cbe6dc1
kfind-d202-113000000-0108,D202-113000000-0108,뚜레쥬르,크림빵_크림코르네,바삭하고 달콤한 패스트리 속 슈크림을 듬뿍 넣은 제품,,"계란, 우유, 대두, 밀 함유",달걀|대두|밀|우유,PARTIAL_DESCRIPTION,CONFIRMED_LABEL,https://www.tlj.co.kr/product/detail.asp?gubun=result&prod_num=1478,2026-10-04,,coffee-bakery-2026-10-04-v2,EXACT_BRAND_CANONICAL_MENU_NAME|OFFICIAL_MENU_CODE:1478|CURRENT_OFFICIAL_MENU_RECIPE_VERSION_UNVERIFIED,,,true,63358e9ef3bb8009f363f775e117cdce30508905168aa368f16b14f775f358c3
kfind-d202-113000000-0109,D202-113000000-0109,뚜레쥬르,크림빵_후레쉬크림빵,부드러운 빵속에 달콤한 연유버터크림을 샌드한 간식빵,,"계란, 우유, 대두, 밀 함유",달걀|대두|밀|우유,PARTIAL_DESCRIPTION,CONFIRMED_LABEL,https://www.tlj.co.kr/product/detail.asp?gubun=result&prod_num=3080,2026-10-04,,coffee-bakery-2026-10-04-v2,EXACT_BRAND_CANONICAL_MENU_NAME|OFFICIAL_MENU_CODE:3080|CURRENT_OFFICIAL_MENU_RECIPE_VERSION_UNVERIFIED,,,true,724c7dbd982d52a9e241ad098b51cf530d99cd18add62026205f4cd0e628d42f
kfind-d202-115000000-0030,D202-115000000-0030,뚜레쥬르,토스트_뚜쥬맘계란토스트,"부드러운 식빵 사이에 계란, 햄, 체다치즈, 몬잭치즈를 더해 맛을 더하고 계란 내용물을 묻혀 구워내 부드럽게 즐길 수 있는 토스트",계란|식빵|햄,"계란, 우유, 대두, 밀, 토마토, 돼지고기 새우, 닭고기, 쇠고기, 조개류(굴) 함유",달걀|닭고기|대두|돼지고기|밀|새우|쇠고기|우유|조개류|토마토,PARTIAL_DESCRIPTION,CONFIRMED_LABEL,https://www.tlj.co.kr/product/detail.asp?gubun=result&prod_num=4911,2026-10-04,,coffee-bakery-2026-10-04-v2,EXACT_BRAND_CANONICAL_MENU_NAME|OFFICIAL_MENU_CODE:4911|CURRENT_OFFICIAL_MENU_RECIPE_VERSION_UNVERIFIED,,,true,4c1d22d08500cc3de80d2587490327fe51d44361ca6df3bdaf296684636aa79e
kfind-d202-115000000-0031,D202-115000000-0031,뚜레쥬르,토스트_새우오믈렛토스트,마늘버터로 구워낸 바삭한 식빵에 부드러운 계란 오믈렛과 새우가 어우러진 미니 토스트,계란|새우|식빵,"계란, 우유, 대두, 밀, 새우, 쇠고기, 조개류(굴) 함유",달걀|대두|밀|새우|쇠고기|우유|조개류,PARTIAL_DESCRIPTION,CONFIRMED_LABEL,https://www.tlj.co.kr/product/detail.asp?gubun=result&prod_num=4222,2026-10-04,,coffee-bakery-2026-10-04-v2,EXACT_BRAND_CANONICAL_MENU_NAME|OFFICIAL_MENU_CODE:4222|CURRENT_OFFICIAL_MENU_RECIPE_VERSION_UNVERIFIED,,,true,387e6044a4ec9bb449dcb72fb0fb5c56af1251782ea71273654ece6e9353d6ff
kfind-d202-115000000-0033,D202-115000000-0033,뚜레쥬르,토스트_피자토스트,부드러운 식빵 위에 피자 토핑을 올린 홈메이드 스타일 피자 토스트,식빵,"계란, 우유, 대두, 밀, 돼지고기, 토마토, 쇠고기 함유",달걀|대두|돼지고기|밀|쇠고기|우유|토마토,PARTIAL_DESCRIPTION,CONFIRMED_LABEL,https://www.tlj.co.kr/product/detail.asp?gubun=result&prod_num=854,2026-10-04,,coffee-bakery-2026-10-04-v2,EXACT_BRAND_CANONICAL_MENU_NAME|OFFICIAL_MENU_CODE:854|CURRENT_OFFICIAL_MENU_RECIPE_VERSION_UNVERIFIED,,,true,b91e8f39a2bbf02a211cf2f731abe879e28e3142506f934bd137ab2e468e8cef
kfind-d202-116000000-0006,D202-116000000-0006,스타벅스,파이/만주_주상절리 파이,[제주지역 한정푸드] 제주의 주상절리 모양을 표현하여 겹겹이 쌓은 패스츄리를 바삭하게 구운 후 초콜릿을 입혀 달콤하게 즐길 수 있는 제주 전용 파이입니다.,초콜릿,"대두, 우유, 밀, 오징어",대두|밀|오징어|우유,PARTIAL_DESCRIPTION,CONFIRMED_LABEL,https://www.starbucks.co.kr/menu/food_view.do?product_cd=9300000002489,2026-10-04,,coffee-bakery-2026-10-04-v2,EXACT_BRAND_CANONICAL_MENU_NAME|OFFICIAL_MENU_CODE:9300000002489|CURRENT_OFFICIAL_MENU_RECIPE_VERSION_UNVERIFIED,,,true,e48364f29fa2d0a9ccf9594f7a338fbdbe0c08db547961beaec4b6591878717d
kfind-d202-116000000-0009,D202-116000000-0009,스타벅스,파이/만주_하트 파이,하트 모양의 바삭한 파이입니다.,,"우유, 달걀, 밀",달걀|밀|우유,PARTIAL_DESCRIPTION,CONFIRMED_LABEL,https://www.starbucks.co.kr/menu/food_view.do?product_cd=5110006070,2026-10-04,,coffee-bakery-2026-10-04-v2,EXACT_BRAND_CANONICAL_MENU_NAME|OFFICIAL_MENU_CODE:5110006070|CURRENT_OFFICIAL_MENU_RECIPE_VERSION_UNVERIFIED,,,true,d4dfd69b49c98bc4651607b442ef1afe195d47881ce2e8678c8417a70e466f42
kfind-d202-116000000-0047,D202-116000000-0047,뚜레쥬르,파이/만주_새콤달콤유자파이,바삭바삭한 파이 안에 유자크림이 들어가 더욱 상큼한 패스트리,,"계란, 우유, 밀 함유",달걀|밀|우유,PARTIAL_DESCRIPTION,CONFIRMED_LABEL,https://www.tlj.co.kr/product/detail.asp?gubun=result&prod_num=3257,2026-10-04,,coffee-bakery-2026-10-04-v2,EXACT_BRAND_CANONICAL_MENU_NAME|OFFICIAL_MENU_CODE:3257|CURRENT_OFFICIAL_MENU_RECIPE_VERSION_UNVERIFIED,,,true,8c4469df0e6c7cddd7417d03a0321686c7f3891dcded4904b99fd2789ec82442
kfind-d202-116130000-0001,D202-116130000-0001,뚜레쥬르,파이/만주_황금파이만주,"먹는 순간 진한 버터의 풍미가 입안에 퍼지고, 씹을수록 앙금의 달콤함과 버터의 풍미가 전해지는 황금색 파이만주",,"계란, 우유, 대두, 밀 함유",달걀|대두|밀|우유,PARTIAL_DESCRIPTION,CONFIRMED_LABEL,https://www.tlj.co.kr/product/detail.asp?gubun=result&prod_num=3776,2026-10-04,,coffee-bakery-2026-10-04-v2,EXACT_BRAND_CANONICAL_MENU_NAME|OFFICIAL_MENU_CODE:3776|CURRENT_OFFICIAL_MENU_RECIPE_VERSION_UNVERIFIED,,,true,d315a7c4d80be1e4425a9c1a2e9559b24eeb50a71fe4a8b55cb626ab05d90e14
kfind-d202-116190000-0001,D202-116190000-0001,뚜레쥬르,파이/만주_카라멜애플파이,바삭한 파이 속 달콤한 카라멜과 시나몬 풍미가 풍부한 사과 필링이 듬뿍 들어있는 제품,사과|카라멜,"밀, 우유, 아황산류 함유",밀|아황산류|우유,PARTIAL_DESCRIPTION,CONFIRMED_LABEL,https://www.tlj.co.kr/product/detail.asp?gubun=result&prod_num=4891,2026-10-04,,coffee-bakery-2026-10-04-v2,EXACT_BRAND_CANONICAL_MENU_NAME|OFFICIAL_MENU_CODE:4891|CURRENT_OFFICIAL_MENU_RECIPE_VERSION_UNVERIFIED,,,true,43e1d95c7856f902e2962d430fec0a71c8ee06079fa9d667c8dcbd80d617c10e
kfind-d202-117000000-0029,D202-117000000-0029,뚜레쥬르,팥빵_단팥빵,달콤하고 부드러운 단팥 앙금을 듬뿍 넣어 남녀노소 좋아하는 간식빵,,"밀, 우유, 계란, 대두 함유",달걀|대두|밀|우유,PARTIAL_DESCRIPTION,CONFIRMED_LABEL,https://www.tlj.co.kr/product/detail.asp?gubun=result&prod_num=60,2026-10-04,,coffee-bakery-2026-10-04-v2,EXACT_BRAND_CANONICAL_MENU_NAME|OFFICIAL_MENU_CODE:60|CURRENT_OFFICIAL_MENU_RECIPE_VERSION_UNVERIFIED,,,true,948ea9f748539966100c9330467a4d4a555c0bd90ca09ea09673419335bc5abd
kfind-d202-117000000-0042,D202-117000000-0042,뚜레쥬르,팥빵_연유크림만난단팥빵,달콤한 연유크림이 들어있는 단팥빵,,"계란, 대두, 우유, 밀 함유",달걀|대두|밀|우유,PARTIAL_DESCRIPTION,CONFIRMED_LABEL,https://www.tlj.co.kr/product/detail.asp?gubun=result&prod_num=5165,2026-10-04,,coffee-bakery-2026-10-04-v2,EXACT_BRAND_CANONICAL_MENU_NAME|OFFICIAL_MENU_CODE:5165|CURRENT_OFFICIAL_MENU_RECIPE_VERSION_UNVERIFIED,,,true,080b01f11ba1038f4d27692b6e2149b9a358de931556857238a50dea0d1e08af
kfind-d202-118000000-0060,D202-118000000-0060,뚜레쥬르,페이스트리_겹겹이데니쉬,겹겹이 결이 살아있는 데니쉬에 설탕을 뿌려 구워내 달콤하게 즐길 수 있는 간식용 빵,설탕,"계란, 우유, 대두, 밀, 아황산류 함유",달걀|대두|밀|아황산류|우유,PARTIAL_DESCRIPTION,CONFIRMED_LABEL,https://www.tlj.co.kr/product/detail.asp?gubun=result&prod_num=4189,2026-10-04,,coffee-bakery-2026-10-04-v2,EXACT_BRAND_CANONICAL_MENU_NAME|OFFICIAL_MENU_CODE:4189|CURRENT_OFFICIAL_MENU_RECIPE_VERSION_UNVERIFIED,,,true,71f829b7a3057add14fc9710cbf8a010c4fc522fcfc00d15fbce4bc8a41ee709
kfind-d202-118000000-0061,D202-118000000-0061,뚜레쥬르,페이스트리_겹겹이연유크림데니쉬,겹겹이 결이 살아있는 데니쉬에 달콤한 연유크림을 듬뿍 샌드한 간식용 빵,,"계란, 우유, 대두, 밀, 아황산류 함유",달걀|대두|밀|아황산류|우유,PARTIAL_DESCRIPTION,CONFIRMED_LABEL,https://www.tlj.co.kr/product/detail.asp?gubun=result&prod_num=4188,2026-10-04,,coffee-bakery-2026-10-04-v2,EXACT_BRAND_CANONICAL_MENU_NAME|OFFICIAL_MENU_CODE:4188|CURRENT_OFFICIAL_MENU_RECIPE_VERSION_UNVERIFIED,,,true,458f9ec8356628a19df0bbc95f477cf1974a3802dfb3ff53a472fc3053765fa9
kfind-d202-118000000-0063,D202-118000000-0063,뚜레쥬르,페이스트리_몽블랑의정석,돌돌 말린 패스트리에 달콤한 시럽을 뿌려 촉촉한 식감과 풍미를 살리고 우박설탕을 더하여 마지막까지 맛있게 드실 수 있는 몽블랑,,"계란, 우유, 밀, 아황산류 함유",달걀|밀|아황산류|우유,PARTIAL_DESCRIPTION,CONFIRMED_LABEL,https://www.tlj.co.kr/product/detail.asp?gubun=result&prod_num=4081,2026-10-04,,coffee-bakery-2026-10-04-v2,EXACT_BRAND_CANONICAL_MENU_NAME|OFFICIAL_MENU_CODE:4081|CURRENT_OFFICIAL_MENU_RECIPE_VERSION_UNVERIFIED,,,true,2c13dced437a8c31e4784a42a7eade2b51f1755c947fe1e9bbb97da9213c3e1c
kfind-d202-118000000-0064,D202-118000000-0064,뚜레쥬르,페이스트리_바통쉬크레,프랑스산 버터를 사용하여 풍미가 진하고 바삭한 패스트리에 달콤한 설탕을 토핑해 구워낸 스틱형 제품,버터|설탕,"계란, 우유, 밀 함유",달걀|밀|우유,PARTIAL_DESCRIPTION,CONFIRMED_LABEL,https://www.tlj.co.kr/product/detail.asp?gubun=result&prod_num=3778,2026-10-04,,coffee-bakery-2026-10-04-v2,EXACT_BRAND_CANONICAL_MENU_NAME|OFFICIAL_MENU_CODE:3778|CURRENT_OFFICIAL_MENU_RECIPE_VERSION_UNVERIFIED,,,true,6ef78fc8a77bda24ba2d4e51b63ec3f130c7873545947a31fc667f5ffe354b03
kfind-d202-122000000-0052,D202-122000000-0052,뚜레쥬르,핫도그_핫도그패스트리,육즙이 살아있는 짭조름한 그릴후랑크를 바삭한 패스트리에 통째로 올린 제품,,"계란, 우유, 대두, 밀, 토마토, 돼지고기, 쇠고기 함유",달걀|대두|돼지고기|밀|쇠고기|우유|토마토,PARTIAL_DESCRIPTION,CONFIRMED_LABEL,https://www.tlj.co.kr/product/detail.asp?gubun=result&prod_num=3573,2026-10-04,,coffee-bakery-2026-10-04-v2,EXACT_BRAND_CANONICAL_MENU_NAME|OFFICIAL_MENU_CODE:3573|CURRENT_OFFICIAL_MENU_RECIPE_VERSION_UNVERIFIED,,,true,fd701ac955d864ddfaa5dad51f4528a607ca08915607f4040beab617ea82efa9
kfind-d202-131000000-0093,D202-131000000-0093,뚜레쥬르,비스킷/쿠키/크래커_넛츠콕콕미니쿠키,다양한 견과류가 콕콕! 들어간 고소한 미니 넛츠 쿠키 (호두분태/해바라기씨/아몬드분태 /피칸분태/건포도),건포도,"밀,우유,호두,계란,땅콩,아황산류 함유",견과류|달걀|땅콩|밀|아황산류|우유,PARTIAL_DESCRIPTION,CONFIRMED_LABEL,https://www.tlj.co.kr/product/detail.asp?gubun=result&prod_num=5292,2026-10-04,,coffee-bakery-2026-10-04-v2,EXACT_BRAND_CANONICAL_MENU_NAME|OFFICIAL_MENU_CODE:5292|CURRENT_OFFICIAL_MENU_RECIPE_VERSION_UNVERIFIED,,,true,8812578dffa9a55658a14346686b04a1c36222b1b10c1ae5d964eaab49e09355
kfind-d202-131000000-0094,D202-131000000-0094,뚜레쥬르,비스킷/쿠키/크래커_넛츠콕콕쿠키,다양한 견과류가 콕콕! 들어간 고소한 넛츠 쿠키 (호두분태/해바라기씨/아몬드분태 /피칸분태/건포도),건포도,"밀,우유,호두,계란,땅콩,아황산류 함유",견과류|달걀|땅콩|밀|아황산류|우유,PARTIAL_DESCRIPTION,CONFIRMED_LABEL,https://www.tlj.co.kr/product/detail.asp?gubun=result&prod_num=5290,2026-10-04,,coffee-bakery-2026-10-04-v2,EXACT_BRAND_CANONICAL_MENU_NAME|OFFICIAL_MENU_CODE:5290|CURRENT_OFFICIAL_MENU_RECIPE_VERSION_UNVERIFIED,,,true,7c66fae8a5293a1c31dfc103382d0a8e5629c0ed7ce5acc332515d3a3a4ba2ae
kfind-d202-131000000-0095,D202-131000000-0095,뚜레쥬르,비스킷/쿠키/크래커_초코콕콕미니쿠키,화이트 초콜릿&밀크 초콜릿&다크 청크가 콕콕! 들어간 달콤한 미니 초코 쿠키,밀크|초콜릿,"밀,우유,대두,계란,땅콩 함유",달걀|대두|땅콩|밀|우유,PARTIAL_DESCRIPTION,CONFIRMED_LABEL,https://www.tlj.co.kr/product/detail.asp?gubun=result&prod_num=5291,2026-10-04,,coffee-bakery-2026-10-04-v2,EXACT_BRAND_CANONICAL_MENU_NAME|OFFICIAL_MENU_CODE:5291|CURRENT_OFFICIAL_MENU_RECIPE_VERSION_UNVERIFIED,,,true,c204adfa600e203b3dd945abbdbdbb3b4181a0fe267e1ce1e44e99c51e7ea67d
kfind-d202-131000000-0096,D202-131000000-0096,뚜레쥬르,비스킷/쿠키/크래커_초코콕콕쿠키,화이트 초콜릿&밀크 초콜릿&다크 청크가 콕콕! 들어간 달콤한 초코 쿠키,밀크|초콜릿,"밀,우유,대두,계란,땅콩 함유",달걀|대두|땅콩|밀|우유,PARTIAL_DESCRIPTION,CONFIRMED_LABEL,https://www.tlj.co.kr/product/detail.asp?gubun=result&prod_num=5289,2026-10-04,,coffee-bakery-2026-10-04-v2,EXACT_BRAND_CANONICAL_MENU_NAME|OFFICIAL_MENU_CODE:5289|CURRENT_OFFICIAL_MENU_RECIPE_VERSION_UNVERIFIED,,,true,efb5a2d54e979821b55b2dc879f9b987cc7aa097a2093c35e1a0ff06d208d671
kfind-d202-138000000-0007,D202-138000000-0007,스타벅스,초콜릿_리저브 초콜릿 세트,벨기에와 프랑스산 재료를 넣은 프리미엄 초콜릿으로 리저브 커피와 드시면 더욱 맛이 좋습니다.,초콜릿|커피,"대두, 우유",대두|우유,PARTIAL_DESCRIPTION,CONFIRMED_LABEL,https://www.starbucks.co.kr/menu/food_view.do?product_cd=9300000001610,2026-10-04,,coffee-bakery-2026-10-04-v2,EXACT_BRAND_CANONICAL_MENU_NAME|OFFICIAL_MENU_CODE:9300000001610|CURRENT_OFFICIAL_MENU_RECIPE_VERSION_UNVERIFIED,,,true,ee756b835565cc5258256434b8894f330af2320b45fb7f97ccb04f7fd446ea0a
kfind-d214-640000000-0034,D214-640000000-0034,뚜레쥬르,샐러드_리코타그릴치킨샐러드(R),"리코타 치즈, 그릴드 치킨, 토마토, 포도, 아몬드, 레몬드레싱",아몬드|치즈|치킨|토마토|포도,"우유,대두.토마토,아황산류,닭고기 함유",닭고기|대두|아황산류|우유|토마토,PARTIAL_DESCRIPTION,CONFIRMED_LABEL,https://www.tlj.co.kr/product/detail.asp?gubun=result&prod_num=5327,2026-10-04,,coffee-bakery-2026-10-04-v2,EXACT_BRAND_CANONICAL_MENU_NAME|OFFICIAL_MENU_CODE:5327|CURRENT_OFFICIAL_MENU_RECIPE_VERSION_UNVERIFIED,,,true,a1ec48794ff80d58229c39baa1879c49cecbd044f861adf69426399914cb57d5
kfind-d214-640000000-0035,D214-640000000-0035,뚜레쥬르,샐러드_리코타그릴치킨샐러드(S),"리코타치즈, 그릴드치킨, 토마토, 포도, 아몬드, 레몬드레싱",아몬드|토마토|포도,"우유,대두.토마토,아황산류,닭고기 함유",닭고기|대두|아황산류|우유|토마토,PARTIAL_DESCRIPTION,CONFIRMED_LABEL,https://www.tlj.co.kr/product/detail.asp?gubun=result&prod_num=5325,2026-10-04,,coffee-bakery-2026-10-04-v2,EXACT_BRAND_CANONICAL_MENU_NAME|OFFICIAL_MENU_CODE:5325|CURRENT_OFFICIAL_MENU_RECIPE_VERSION_UNVERIFIED,,,true,2ffe72e126c78a7d5ea880ba98f5b85845869b060557a52ddf1281ef77b82e26
kfind-d214-640000000-0040,D214-640000000-0040,뚜레쥬르,샐러드_쉬림프에그샐러드(S),"그릴드 쉬림프, 에그 샐러드, 구운 새송이, 토마토, 브로컬리",토마토,"계란, 우유, 대두, 밀, 새우, 토마토, 아황산류, 쇠고기 함유",달걀|대두|밀|새우|쇠고기|아황산류|우유|토마토,PARTIAL_DESCRIPTION,CONFIRMED_LABEL,https://www.tlj.co.kr/product/detail.asp?gubun=result&prod_num=5323,2026-10-04,,coffee-bakery-2026-10-04-v2,EXACT_BRAND_CANONICAL_MENU_NAME|OFFICIAL_MENU_CODE:5323|CURRENT_OFFICIAL_MENU_RECIPE_VERSION_UNVERIFIED,,,true,93db6b655bfdaf2ca9f33b30f9cf6c8c695682838f0d81d8f1be48300c24972e
kfind-d214-640000000-0045,D214-640000000-0045,뚜레쥬르,샐러드_콥볼샐러드(R),"그릴드 닭가슴살, 토마토, 계란, 치즈, 오이, 베이컨, 화이트바베큐",계란|닭가슴살|베이컨|오이|치즈|토마토,"계란,우유,대두,돼지고기,토마토, 닭고기 함유",달걀|닭고기|대두|돼지고기|우유|토마토,PARTIAL_DESCRIPTION,CONFIRMED_LABEL,https://www.tlj.co.kr/product/detail.asp?gubun=result&prod_num=5326,2026-10-04,,coffee-bakery-2026-10-04-v2,EXACT_BRAND_CANONICAL_MENU_NAME|OFFICIAL_MENU_CODE:5326|CURRENT_OFFICIAL_MENU_RECIPE_VERSION_UNVERIFIED,,,true,5b4b8555eb53b22f888907e0682f6ee5982f77d696340dc968a19b8d2709a23e
kfind-d214-640000000-0046,D214-640000000-0046,뚜레쥬르,샐러드_콥볼샐러드(S),"그릴드 닭가슴살, 토마토, 계란, 치즈, 오이, 베이컨, 화이트바베큐",계란|닭가슴살|베이컨|오이|치즈|토마토,"계란, 우유, 대두, 돼지고기, 토마토, 닭고기 함유",달걀|닭고기|대두|돼지고기|우유|토마토,PARTIAL_DESCRIPTION,CONFIRMED_LABEL,https://www.tlj.co.kr/product/detail.asp?gubun=result&prod_num=5324,2026-10-04,,coffee-bakery-2026-10-04-v2,EXACT_BRAND_CANONICAL_MENU_NAME|OFFICIAL_MENU_CODE:5324|CURRENT_OFFICIAL_MENU_RECIPE_VERSION_UNVERIFIED,,,true,0cbfef44e483c16b39c637afb6948ed3d5353fa6c77ea5bf360253aed163792f
kfind-d219-714000000-0001,D219-714000000-0001,스타벅스,우유_스팀 우유 (Tall),부드럽고 담백한 따뜻한 우유.,우유,우유,우유,PARTIAL_DESCRIPTION,CONFIRMED_LABEL,https://www.starbucks.co.kr/menu/drink_view.do?product_cd=17,2026-10-04,,coffee-bakery-2026-10-04-v2,EXACT_BRAND_CANONICAL_MENU_NAME|ALLERGEN_DECLARATION_MENU_SCOPE_SIZE_TALL|OFFICIAL_MENU_CODE:17|CURRENT_OFFICIAL_MENU_RECIPE_VERSION_UNVERIFIED,,,true,a3f022f0a8405417d63d3d84ef5540672f9c3e56773d3fd925ea2e01f72edb98
kfind-d219-714000000-0002,D219-714000000-0002,스타벅스,우유_우유 (Tall),부드럽고 담백한 신선한 우유.,우유,우유,우유,PARTIAL_DESCRIPTION,CONFIRMED_LABEL,https://www.starbucks.co.kr/menu/drink_view.do?product_cd=18,2026-10-04,,coffee-bakery-2026-10-04-v2,EXACT_BRAND_CANONICAL_MENU_NAME|ALLERGEN_DECLARATION_MENU_SCOPE_SIZE_TALL|OFFICIAL_MENU_CODE:18|CURRENT_OFFICIAL_MENU_RECIPE_VERSION_UNVERIFIED,,,true,0512e045d0637543605a4f82e5265321a66df62a6da41df60bef077567ac1f68
kfind-d219-715000000-0005,D219-715000000-0005,뚜레쥬르,치즈_메이플피칸크림치즈,은은한 메이플 시럽과 고소한 피칸이 어우러진 크림치즈 스프레드,메이플 시럽|크림치즈,"우유, 호두 함유",견과류|우유,PARTIAL_DESCRIPTION,CONFIRMED_LABEL,https://www.tlj.co.kr/product/detail.asp?gubun=result&prod_num=4872,2026-10-04,,coffee-bakery-2026-10-04-v2,EXACT_BRAND_CANONICAL_MENU_NAME|OFFICIAL_MENU_CODE:4872|CURRENT_OFFICIAL_MENU_RECIPE_VERSION_UNVERIFIED,,,true,82eb185f8aa2c3ac4fc5446d5ffc3dfaec2fd66e7c21be9bd51e07262fe9c923
kfind-d219-715000000-0006,D219-715000000-0006,뚜레쥬르,치즈_쪽파&베이컨크림치즈,향긋하고 신선한 충남예산 쪽파와 짭쪼롬한 베이컨을 더한 크림치즈 스프레드,베이컨|크림치즈,"계란, 우유, 돼지고기 함유",달걀|돼지고기|우유,PARTIAL_DESCRIPTION,CONFIRMED_LABEL,https://www.tlj.co.kr/product/detail.asp?gubun=result&prod_num=5127,2026-10-04,,coffee-bakery-2026-10-04-v2,EXACT_BRAND_CANONICAL_MENU_NAME|OFFICIAL_MENU_CODE:5127|CURRENT_OFFICIAL_MENU_RECIPE_VERSION_UNVERIFIED,,,true,c4a7931db4f85721e48135b205bdde6fd0605a3a687e355458ea319e69ca7e4e
kfind-d220-718000000-0003,D220-718000000-0003,스타벅스,기타음료_스타벅스 슬래머 (Grande),"스트로베리와 아사이베리의 상큼, 달콤한 맛이 톡톡! 시원하고 통쾌한 그랜드 슬램을 위한 에너지 부스팅 음료~! * SSG랜더스필드 매장에서만 판매하는 음료입니다.",,,,PARTIAL_DESCRIPTION,UNKNOWN,https://www.starbucks.co.kr/menu/drink_view.do?product_cd=9200000003659,2026-10-04,,coffee-bakery-2026-10-04-v2,EXACT_BRAND_CANONICAL_MENU_NAME|ALLERGEN_DECLARATION_MENU_SCOPE_SIZE_GRANDE|OFFICIAL_MENU_CODE:9200000003659|CURRENT_OFFICIAL_MENU_RECIPE_VERSION_UNVERIFIED,,,true,50d69a6372ef5ff604e4995da6829519e4a45b903dda2d59717c8c6f064f207e
kfind-d220-737000000-0051,D220-737000000-0051,스타벅스,스무디_더블 에스프레소 칩 프라푸치노 (Tall),"리스트레토 에스프레소 2샷과 에스프레소 칩, 하프앤하프가 진하게 어우러진 커피의 기본에 충실한 프라푸치노",에스프레소|커피,우유,우유,PARTIAL_DESCRIPTION,CONFIRMED_LABEL,https://www.starbucks.co.kr/menu/drink_view.do?product_cd=9200000002760,2026-10-04,,coffee-bakery-2026-10-04-v2,EXACT_BRAND_CANONICAL_MENU_NAME|ALLERGEN_DECLARATION_MENU_SCOPE_SIZE_TALL|OFFICIAL_MENU_CODE:9200000002760|CURRENT_OFFICIAL_MENU_RECIPE_VERSION_UNVERIFIED,,,true,621b4cafe3942f298f3215f27de275fe1ad6cd80f85009e6ffabd21421d78093
kfind-d220-737000000-0059,D220-737000000-0059,스타벅스,스무디_딸기 딜라이트 요거트 블렌디드 (Tall),고농축 유산균의 부드러운 요거트와 딸기 본연의 상콤&달콤한 과육이 상큼하게 어우러진 리뉴얼 된 과일 요거트 블렌디드,딸기|요거트,우유,우유,PARTIAL_DESCRIPTION,CONFIRMED_LABEL,https://www.starbucks.co.kr/menu/drink_view.do?product_cd=9200000003276,2026-10-04,,coffee-bakery-2026-10-04-v2,EXACT_BRAND_CANONICAL_MENU_NAME|ALLERGEN_DECLARATION_MENU_SCOPE_SIZE_TALL|OFFICIAL_MENU_CODE:9200000003276|CURRENT_OFFICIAL_MENU_RECIPE_VERSION_UNVERIFIED,,,true,a3abd31ae981a5a1c9151ff89f3c37d3234e683c7073b31f90aacb27670addc7
kfind-d220-737000000-0120,D220-737000000-0120,스타벅스,스무디_망고 바나나 블렌디드 (Grande),(Grande Only) 달콤한 망고 패션 프루트 주스에 바나나 1개가 통째로 들어간 신선한 블렌디드,망고|바나나,"대두, 우유",대두|우유,PARTIAL_DESCRIPTION,CONFIRMED_LABEL,https://www.starbucks.co.kr/menu/drink_view.do?product_cd=169001,2026-10-04,,coffee-bakery-2026-10-04-v2,EXACT_BRAND_CANONICAL_MENU_NAME|ALLERGEN_DECLARATION_MENU_SCOPE_SIZE_GRANDE|OFFICIAL_MENU_CODE:169001|CURRENT_OFFICIAL_MENU_RECIPE_VERSION_UNVERIFIED,,,true,5edfa41666eafaf04930314b368a68ea709a89caaf270a04c063c7773b6a9cd2
kfind-d220-737000000-0133,D220-737000000-0133,스타벅스,스무디_망고 패션 프루트 블렌디드 (Tall),망고 패션 프루트 주스와 블랙 티가 깔끔하게 어우러진 과일 블렌디드,망고,대두,대두,PARTIAL_DESCRIPTION,CONFIRMED_LABEL,https://www.starbucks.co.kr/menu/drink_view.do?product_cd=167004,2026-10-04,,coffee-bakery-2026-10-04-v2,EXACT_BRAND_CANONICAL_MENU_NAME|ALLERGEN_DECLARATION_MENU_SCOPE_SIZE_TALL|OFFICIAL_MENU_CODE:167004|CURRENT_OFFICIAL_MENU_RECIPE_VERSION_UNVERIFIED,,,true,37ea4d19f540192bcccccc69920618a6b712b5ce245aebbfc1f2f042e98155c8
kfind-d220-737000000-0258,D220-737000000-0258,스타벅스,스무디_에스프레소 프라푸치노 (Tall),풍부하고 진한 에스프레소 샷의 강렬함과 달콤함이 어우러져 깊은 커피의 풍미를 느낄 수 있는 프라푸치노,에스프레소,우유,우유,PARTIAL_DESCRIPTION,CONFIRMED_LABEL,https://www.starbucks.co.kr/menu/drink_view.do?product_cd=168007,2026-10-04,,coffee-bakery-2026-10-04-v2,EXACT_BRAND_CANONICAL_MENU_NAME|ALLERGEN_DECLARATION_MENU_SCOPE_SIZE_TALL|OFFICIAL_MENU_CODE:168007|CURRENT_OFFICIAL_MENU_RECIPE_VERSION_UNVERIFIED,,,true,933421aadf4c121317d251f53dd83f38e5ac620041f94ca479d0a7faa9c12ab0
kfind-d220-737000000-0287,D220-737000000-0287,스타벅스,스무디_자바 칩 프라푸치노 (Tall),"커피, 모카 소스, 진한 초콜릿 칩이 입안 가득 느껴지는 스타벅스에서만 맛볼 수 있는 프라푸치노",초콜릿|커피,"대두, 우유, 밀",대두|밀|우유,PARTIAL_DESCRIPTION,CONFIRMED_LABEL,https://www.starbucks.co.kr/menu/drink_view.do?product_cd=168016,2026-10-04,,coffee-bakery-2026-10-04-v2,EXACT_BRAND_CANONICAL_MENU_NAME|ALLERGEN_DECLARATION_MENU_SCOPE_SIZE_TALL|OFFICIAL_MENU_CODE:168016|CURRENT_OFFICIAL_MENU_RECIPE_VERSION_UNVERIFIED,,,true,3ef432678fd8dc5f3bec3633ab2f821fa7633184ac0f30199fc0a73ec9e0a683
kfind-d220-737000000-0299,D220-737000000-0299,스타벅스,스무디_제주 까망 크림 프라푸치노 (Grande),"쫄깃한 흑임자 떡과 블랙 소보로 토핑으로 컵빙수처럼 먹는 음료. 고소한 흑임자와 쫄깃한 흑임자 떡, 달콤한 블랙 소보로 토핑으로 제주의 돌 하르방 길을 느낄 수 있는 음료",흑임자,"땅콩, 대두, 우유, 알류, 밀, 오징어",달걀|대두|땅콩|밀|오징어|우유,PARTIAL_DESCRIPTION,CONFIRMED_LABEL,https://www.starbucks.co.kr/menu/drink_view.do?product_cd=9200000002088,2026-10-04,,coffee-bakery-2026-10-04-v2,EXACT_BRAND_CANONICAL_MENU_NAME|ALLERGEN_DECLARATION_MENU_SCOPE_SIZE_GRANDE|OFFICIAL_MENU_CODE:9200000002088|CURRENT_OFFICIAL_MENU_RECIPE_VERSION_UNVERIFIED,,,true,7a78d83137d7ee3f35fb9d794612442ded604301c6c004cc31313a77dbb5e78b
kfind-d220-737000000-0300,D220-737000000-0300,스타벅스,스무디_제주 쑥떡 크림 프라푸치노 (Grande),"[제주지역 한정음료] 쫄깃쫄깃한 흑임자 떡으로 씹는 재미를 즐길 수 있는 음료로, 고소한 흑임자와 쑥떡 토핑이 올라간 음료",흑임자,"대두, 우유, 밀",대두|밀|우유,PARTIAL_DESCRIPTION,CONFIRMED_LABEL,https://www.starbucks.co.kr/menu/drink_view.do?product_cd=9200000002090,2026-10-04,,coffee-bakery-2026-10-04-v2,EXACT_BRAND_CANONICAL_MENU_NAME|ALLERGEN_DECLARATION_MENU_SCOPE_SIZE_GRANDE|OFFICIAL_MENU_CODE:9200000002090|CURRENT_OFFICIAL_MENU_RECIPE_VERSION_UNVERIFIED,,,true,3f0f8447a6ba72483b248226b880621a7cd0300195ab8518609d4b15442468dd
kfind-d220-737000000-0344,D220-737000000-0344,스타벅스,스무디_초콜릿 크림 칩 프라푸치노 (Tall),"모카 소스와 진한 초콜릿 칩, 초콜릿 드리즐이 올라간 달콤한 크림 프라푸치노",초콜릿|크림,"대두, 우유, 밀",대두|밀|우유,PARTIAL_DESCRIPTION,CONFIRMED_LABEL,https://www.starbucks.co.kr/menu/drink_view.do?product_cd=168066,2026-10-04,,coffee-bakery-2026-10-04-v2,EXACT_BRAND_CANONICAL_MENU_NAME|ALLERGEN_DECLARATION_MENU_SCOPE_SIZE_TALL|OFFICIAL_MENU_CODE:168066|CURRENT_OFFICIAL_MENU_RECIPE_VERSION_UNVERIFIED,,,true,ab8052b2e7f044d829c8f9097462f5d889a59214fd5cc2b480ab315334ee00bf
kfind-d220-737000000-0350,D220-737000000-0350,스타벅스,스무디_카라멜 프라푸치노 (Tall),카라멜과 커피가 어우러진 프라푸치노,카라멜|커피,"대두, 우유",대두|우유,PARTIAL_DESCRIPTION,CONFIRMED_LABEL,https://www.starbucks.co.kr/menu/drink_view.do?product_cd=168010,2026-10-04,,coffee-bakery-2026-10-04-v2,EXACT_BRAND_CANONICAL_MENU_NAME|ALLERGEN_DECLARATION_MENU_SCOPE_SIZE_TALL|OFFICIAL_MENU_CODE:168010|CURRENT_OFFICIAL_MENU_RECIPE_VERSION_UNVERIFIED,,,true,5b699ab62d574a11c0b25485de6b2a05402d96120257c86f95db5af697ea53d4
kfind-d220-737000000-0427,D220-737000000-0427,스타벅스,스무디_화이트 타이거 프라푸치노 (Grande),밀크 쉐이크 같은 부드럽고 달콤한 바닐라 크림 프라푸치노에 깊은 풍미의 단맛을 가진 흑당시럽이 어우러져 용인에버랜드 백호의 줄무늬를 형상화한 부드럽고 달콤한 프라푸치노 * 용인에버랜드점에서만 판매하는 음료입니다,밀크|바닐라|크림,우유,우유,PARTIAL_DESCRIPTION,CONFIRMED_LABEL,https://www.starbucks.co.kr/menu/drink_view.do?product_cd=9200000002403,2026-10-04,,coffee-bakery-2026-10-04-v2,EXACT_BRAND_CANONICAL_MENU_NAME|ALLERGEN_DECLARATION_MENU_SCOPE_SIZE_GRANDE|OFFICIAL_MENU_CODE:9200000002403|CURRENT_OFFICIAL_MENU_RECIPE_VERSION_UNVERIFIED,,,true,b42d2c022e4751adb0cb4a13af1b813f780643ca383e9d77e3412f8ccc862eac
kfind-d220-745000000-0012,D220-745000000-0012,스타벅스,유자차_유자 민트티 아이스(ICED) (Tall),달콤한 국내산 고흥 유자와 알싸하고 은은한 진저와 상쾌한 민트 티가 조화로운 유자 민트 티,유자,,,PARTIAL_DESCRIPTION,UNKNOWN,https://www.starbucks.co.kr/menu/drink_view.do?product_cd=9200000002959,2026-10-04,,coffee-bakery-2026-10-04-v2,EXACT_BRAND_CANONICAL_MENU_NAME|EXPLICIT_ICED_VARIANT|ALLERGEN_DECLARATION_MENU_SCOPE_SIZE_TALL|OFFICIAL_MENU_CODE:9200000002959|CURRENT_OFFICIAL_MENU_RECIPE_VERSION_UNVERIFIED,,,true,3ea5fc515c29a562ff9d890cdca951db9a497e88bfc6f659643da4f6df71d376
kfind-d220-745000000-0013,D220-745000000-0013,스타벅스,유자차_유자 민트티 핫(HOT) (Tall),"달콤한 국내산 고흥 유자와 알싸하고 은은한 진저, 우릴 수록 상쾌한 민트 티가 조화로운 유자 민트 티",유자,,,PARTIAL_DESCRIPTION,UNKNOWN,https://www.starbucks.co.kr/menu/drink_view.do?product_cd=9200000002956,2026-10-04,,coffee-bakery-2026-10-04-v2,EXACT_BRAND_CANONICAL_MENU_NAME|EXPLICIT_HOT_VARIANT|ALLERGEN_DECLARATION_MENU_SCOPE_SIZE_TALL|OFFICIAL_MENU_CODE:9200000002956|CURRENT_OFFICIAL_MENU_RECIPE_VERSION_UNVERIFIED,,,true,a4327e1788f4250e8cf426e640cc6f7d5d7e4bc50242189c96550a46cb713488
kfind-d220-747000000-0005,D220-747000000-0005,스타벅스,자몽홍차_자몽 허니 블랙티 핫(HOT) (Tall),새콤한 자몽과 달콤한 꿀이 깊고 그윽한 풍미의 스타벅스 티바나 블랙 티의 조화,꿀|자몽,,,PARTIAL_DESCRIPTION,UNKNOWN,https://www.starbucks.co.kr/menu/drink_view.do?product_cd=9200000000187,2026-10-04,,coffee-bakery-2026-10-04-v2,EXACT_BRAND_CANONICAL_MENU_NAME|EXPLICIT_HOT_VARIANT|ALLERGEN_DECLARATION_MENU_SCOPE_SIZE_TALL|OFFICIAL_MENU_CODE:9200000000187|CURRENT_OFFICIAL_MENU_RECIPE_VERSION_UNVERIFIED,,,true,ea823138ea55b34e323ba6bfd459c40b53040818cfc897422619f89d7a7aba52
kfind-d220-748000000-0008,D220-748000000-0008,스타벅스,커피_나이트로 바닐라 크림 (Tall),부드러운 목넘김의 나이트로 커피와 바닐라 크림의 매력을 한번에 느껴보세요!,바닐라|커피|크림,우유,우유,PARTIAL_DESCRIPTION,CONFIRMED_LABEL,https://www.starbucks.co.kr/menu/drink_view.do?product_cd=9200000002487,2026-10-04,,coffee-bakery-2026-10-04-v2,EXACT_BRAND_CANONICAL_MENU_NAME|ALLERGEN_DECLARATION_MENU_SCOPE_SIZE_TALL|OFFICIAL_MENU_CODE:9200000002487|CURRENT_OFFICIAL_MENU_RECIPE_VERSION_UNVERIFIED,,,true,2d95871c6277785f0489116b01a3ca39c65e3726e0ba4af89944d46e55f511c2
kfind-d220-748000000-0009,D220-748000000-0009,스타벅스,커피_나이트로 콜드 브루 (Tall),(나이트로 콜드 브루 매장 한정) 나이트로 커피 정통의 캐스케이딩과 부드러운 콜드 크레마! 부드러운 목 넘김과 완벽한 밸런스에 커피 본연의 단맛을 경험할 수 있습니다.,커피|콜드 브루,,,PARTIAL_DESCRIPTION,UNKNOWN,https://www.starbucks.co.kr/menu/drink_view.do?product_cd=9200000000479,2026-10-04,,coffee-bakery-2026-10-04-v2,EXACT_BRAND_CANONICAL_MENU_NAME|ALLERGEN_DECLARATION_MENU_SCOPE_SIZE_TALL|OFFICIAL_MENU_CODE:9200000000479|CURRENT_OFFICIAL_MENU_RECIPE_VERSION_UNVERIFIED,,,true,48651d751550193736c815dbeedea6161f325021c056086362f78c1d51273859
kfind-d220-748000000-0049,D220-748000000-0049,스타벅스,커피_돌체 콜드 브루 (Tall),"무더운 여름철, 동남아 휴가지에서 즐기는 커피를 떠오르게 하는 스타벅스 음료의 베스트 x 베스트 조합인 돌체 콜드 브루를 만나보세요!",커피|콜드 브루,우유,우유,PARTIAL_DESCRIPTION,CONFIRMED_LABEL,https://www.starbucks.co.kr/menu/drink_view.do?product_cd=9200000002081,2026-10-04,,coffee-bakery-2026-10-04-v2,EXACT_BRAND_CANONICAL_MENU_NAME|ALLERGEN_DECLARATION_MENU_SCOPE_SIZE_TALL|OFFICIAL_MENU_CODE:9200000002081|CURRENT_OFFICIAL_MENU_RECIPE_VERSION_UNVERIFIED,,,true,0999e12c6ffef28bdf53f64ccf59edab60f5a597946e5f1b23d34b8aca9af0cc
kfind-d220-748000000-0099,D220-748000000-0099,스타벅스,커피_라벤더 카페 브레베 아이스(ICED) (Tall),진한 리저브 에스프레소 샷과 은은한 라벤더향이 고급스럽게 어우러진 부드럽고 세련된 풍미의 라벤더 카페 브레베,라벤더|에스프레소,우유,우유,PARTIAL_DESCRIPTION,CONFIRMED_LABEL,https://www.starbucks.co.kr/menu/drink_view.do?product_cd=9200000004120,2026-10-04,,coffee-bakery-2026-10-04-v2,EXACT_BRAND_CANONICAL_MENU_NAME|EXPLICIT_ICED_VARIANT|ALLERGEN_DECLARATION_MENU_SCOPE_SIZE_TALL|OFFICIAL_MENU_CODE:9200000004120|CURRENT_OFFICIAL_MENU_RECIPE_VERSION_UNVERIFIED,,,true,0f466947596d7a967bfd8a06e9175d86dfc1830346bf7f8924b7db7a56f585c1
kfind-d220-748000000-0100,D220-748000000-0100,스타벅스,커피_라벤더 카페 브레베 핫(HOT) (Tall),진한 리저브 에스프레소 샷과 은은한 라벤더향이 고급스럽게 어우러진 부드럽고 세련된 풍미의 라벤더 카페 브레베,라벤더|에스프레소,우유,우유,PARTIAL_DESCRIPTION,CONFIRMED_LABEL,https://www.starbucks.co.kr/menu/drink_view.do?product_cd=9200000004119,2026-10-04,,coffee-bakery-2026-10-04-v2,EXACT_BRAND_CANONICAL_MENU_NAME|EXPLICIT_HOT_VARIANT|ALLERGEN_DECLARATION_MENU_SCOPE_SIZE_TALL|OFFICIAL_MENU_CODE:9200000004119|CURRENT_OFFICIAL_MENU_RECIPE_VERSION_UNVERIFIED,,,true,3d9e3555fcb261187c3d30589a9e30c57ed6ac9556645cce901ce35466f06fa6
kfind-d220-748000000-0135,D220-748000000-0135,스타벅스,커피_바닐라 빈 라떼 아이스(ICED) (Tall),리저브만을 위한 바닐라 빈 시럽이 부드럽게 어우러진 카페 라떼,바닐라 빈,우유,우유,PARTIAL_DESCRIPTION,CONFIRMED_LABEL,https://www.starbucks.co.kr/menu/drink_view.do?product_cd=9200000001941,2026-10-04,,coffee-bakery-2026-10-04-v2,EXACT_BRAND_CANONICAL_MENU_NAME|EXPLICIT_ICED_VARIANT|ALLERGEN_DECLARATION_MENU_SCOPE_SIZE_TALL|OFFICIAL_MENU_CODE:9200000001941|CURRENT_OFFICIAL_MENU_RECIPE_VERSION_UNVERIFIED,,,true,3e0aa49d5bae55d68999591c52adfaec0dab9e7bc1c9fc13b3c0081fdf2f678c
kfind-d220-748000000-0136,D220-748000000-0136,스타벅스,커피_바닐라 빈 라떼 핫(HOT) (Tall),리저브만을 위한 바닐라 빈 시럽이 부드럽게 어우러진 카페 라떼,바닐라 빈,우유,우유,PARTIAL_DESCRIPTION,CONFIRMED_LABEL,https://www.starbucks.co.kr/menu/drink_view.do?product_cd=9200000001939,2026-10-04,,coffee-bakery-2026-10-04-v2,EXACT_BRAND_CANONICAL_MENU_NAME|EXPLICIT_HOT_VARIANT|ALLERGEN_DECLARATION_MENU_SCOPE_SIZE_TALL|OFFICIAL_MENU_CODE:9200000001939|CURRENT_OFFICIAL_MENU_RECIPE_VERSION_UNVERIFIED,,,true,8651f8878e2f900aa6f6815a189c5a64da551ac9b0f6007635be885f6453b706
kfind-d220-748000000-0137,D220-748000000-0137,스타벅스,커피_바닐라 스타벅스 더블 샷,"신선하게 제조된 더블 샷 믹스에 바닐라 시럽을 넣고 에스프레소 샷, 얼음이 어우러져 핸드 쉐이킹한 음료",바닐라|에스프레소,우유,우유,PARTIAL_DESCRIPTION,CONFIRMED_LABEL,https://www.starbucks.co.kr/menu/drink_view.do?product_cd=110612,2026-10-04,,coffee-bakery-2026-10-04-v2,EXACT_BRAND_CANONICAL_MENU_NAME|OFFICIAL_MENU_CODE:110612|CURRENT_OFFICIAL_MENU_RECIPE_VERSION_UNVERIFIED,,,true,17c705b80bb7019acccc22246d81bdec8c506ecddcbad71a4f147c3c8d58b1bf
kfind-d220-748000000-0146,D220-748000000-0146,스타벅스,커피_바닐라 크림 콜드 브루 (Tall),콜드 브루에 더해진 바닐라 크림으로 깔끔하면서 달콤한 콜드 브루를 새롭게 즐길 수 있는 음료입니다.,바닐라|콜드 브루|크림,우유,우유,PARTIAL_DESCRIPTION,CONFIRMED_LABEL,https://www.starbucks.co.kr/menu/drink_view.do?product_cd=9200000000487,2026-10-04,,coffee-bakery-2026-10-04-v2,EXACT_BRAND_CANONICAL_MENU_NAME|ALLERGEN_DECLARATION_MENU_SCOPE_SIZE_TALL|OFFICIAL_MENU_CODE:9200000000487|CURRENT_OFFICIAL_MENU_RECIPE_VERSION_UNVERIFIED,,,true,f148882d9f7ada1b70d636fb5e8906ffb6085389e929404fb1d1401030fa8a17
kfind-d220-748000000-0213,D220-748000000-0213,스타벅스,커피_사케라또 아포가토 (Tall),민트 잎과 쉐이킹한 리저브 에스프레소를 바닐라 아이스크림에 부어 프레쉬함과 달콤함이 조화롭게 퍼지는 리저브 만의 디저트 음료,바닐라|에스프레소,우유,우유,PARTIAL_DESCRIPTION,CONFIRMED_LABEL,https://www.starbucks.co.kr/menu/drink_view.do?product_cd=9200000003505,2026-10-04,,coffee-bakery-2026-10-04-v2,EXACT_BRAND_CANONICAL_MENU_NAME|ALLERGEN_DECLARATION_MENU_SCOPE_SIZE_TALL|OFFICIAL_MENU_CODE:9200000003505|CURRENT_OFFICIAL_MENU_RECIPE_VERSION_UNVERIFIED,,,true,42224cec5b3a8d5fb499a6a2f6fc48cfd9a177421f53a41e9b1f43ba6cfe7fa0
kfind-d220-748000000-0218,D220-748000000-0218,스타벅스,커피_스타벅스 돌체 라떼 아이스(ICED) (Tall),스타벅스의 다른 커피 음료보다 더욱 깊은 커피의 맛과 향에 깔끔한 무지방 우유와 부드러운 돌체 시럽이 들어간 음료로 달콤하고 진한 커피 라떼,우유|커피,우유,우유,PARTIAL_DESCRIPTION,CONFIRMED_LABEL,https://www.starbucks.co.kr/menu/drink_view.do?product_cd=128695,2026-10-04,,coffee-bakery-2026-10-04-v2,EXACT_BRAND_CANONICAL_MENU_NAME|EXPLICIT_ICED_VARIANT|ALLERGEN_DECLARATION_MENU_SCOPE_SIZE_TALL|OFFICIAL_MENU_CODE:128695|CURRENT_OFFICIAL_MENU_RECIPE_VERSION_UNVERIFIED,,,true,73e4983a82e761ac7d9fafa22af27c3e1e73439beeac93fd2ef4b217cf4a2bd3
kfind-d220-748000000-0219,D220-748000000-0219,스타벅스,커피_스타벅스 돌체 라떼 핫(HOT) (Tall),스타벅스의 다른 커피 음료보다 더욱 깊은 커피의 맛과 향에 깔끔한 무지방 우유와 부드러운 돌체 시럽이 들어간 음료로 달콤하고 진한 커피 라떼,우유|커피,우유,우유,PARTIAL_DESCRIPTION,CONFIRMED_LABEL,https://www.starbucks.co.kr/menu/drink_view.do?product_cd=128692,2026-10-04,,coffee-bakery-2026-10-04-v2,EXACT_BRAND_CANONICAL_MENU_NAME|EXPLICIT_HOT_VARIANT|ALLERGEN_DECLARATION_MENU_SCOPE_SIZE_TALL|OFFICIAL_MENU_CODE:128692|CURRENT_OFFICIAL_MENU_RECIPE_VERSION_UNVERIFIED,,,true,68ef2da8c538bb37d68d4cc92d8586d910da88ec36fedbd30acf4eafe7627340
kfind-d220-748000000-0220,D220-748000000-0220,스타벅스,커피_스파클링 시트러스 에스프레소 (Tall),리저브 에스프레소에 상큼한 레몬과 진저에일을 더해 청량감과 시트러스 풍미를 가득 선사하는 커피 음료,레몬|에스프레소|커피,,,PARTIAL_DESCRIPTION,UNKNOWN,https://www.starbucks.co.kr/menu/drink_view.do?product_cd=9200000003506,2026-10-04,,coffee-bakery-2026-10-04-v2,EXACT_BRAND_CANONICAL_MENU_NAME|ALLERGEN_DECLARATION_MENU_SCOPE_SIZE_TALL|OFFICIAL_MENU_CODE:9200000003506|CURRENT_OFFICIAL_MENU_RECIPE_VERSION_UNVERIFIED,,,true,d3fb1662cefed0a94efa897a4cb29d018f6a3af52877b978c72837ed8c06b8a9
kfind-d220-748000000-0402,D220-748000000-0402,스타벅스,커피_카라멜 마키아또 아이스(ICED) (Tall),향긋한 바닐라 시럽과 시원한 우유에 얼음을 넣고 점을 찍듯이 에스프레소를 부은 후 벌집 모양으로 카라멜 드리즐을 올린 달콤한 커피 음료,바닐라|에스프레소|우유|카라멜|커피,"대두, 우유",대두|우유,PARTIAL_DESCRIPTION,CONFIRMED_LABEL,https://www.starbucks.co.kr/menu/drink_view.do?product_cd=110582,2026-10-04,,coffee-bakery-2026-10-04-v2,EXACT_BRAND_CANONICAL_MENU_NAME|EXPLICIT_ICED_VARIANT|ALLERGEN_DECLARATION_MENU_SCOPE_SIZE_TALL|OFFICIAL_MENU_CODE:110582|CURRENT_OFFICIAL_MENU_RECIPE_VERSION_UNVERIFIED,,,true,8efe40ec9c32e7a80664bfb7c19819e6a7bc5019625018a411b6e5375dc060ab
kfind-d220-748000000-0404,D220-748000000-0404,스타벅스,커피_카라멜 마키아또 핫(HOT) (Tall),향긋한 바닐라 시럽과 따뜻한 스팀 밀크 위에 풍성한 우유 거품을 얹고 점을 찍듯이 에스프레소를 부은 후 벌집 모양으로 카라멜 드리즐을 올린 달콤한 커피 음료,바닐라|스팀 밀크|에스프레소|우유|카라멜|커피,"대두, 우유",대두|우유,PARTIAL_DESCRIPTION,CONFIRMED_LABEL,https://www.starbucks.co.kr/menu/drink_view.do?product_cd=126197,2026-10-04,,coffee-bakery-2026-10-04-v2,EXACT_BRAND_CANONICAL_MENU_NAME|EXPLICIT_HOT_VARIANT|ALLERGEN_DECLARATION_MENU_SCOPE_SIZE_TALL|OFFICIAL_MENU_CODE:126197|CURRENT_OFFICIAL_MENU_RECIPE_VERSION_UNVERIFIED,,,true,d36ce12216d0df2b2d2e27d05352a50855883fc4b82031580c066ebf7ea3a490
kfind-d220-748000000-0436,D220-748000000-0436,스타벅스,커피_카페 라떼 아이스(ICED) (Tall),풍부하고 진한 에스프레소에 시원한 우유를 더해 부드럽게 즐길 수 있는 커피,에스프레소|우유|커피,우유,우유,PARTIAL_DESCRIPTION,CONFIRMED_LABEL,https://www.starbucks.co.kr/menu/drink_view.do?product_cd=110569,2026-10-04,,coffee-bakery-2026-10-04-v2,EXACT_BRAND_CANONICAL_MENU_NAME|EXPLICIT_ICED_VARIANT|ALLERGEN_DECLARATION_MENU_SCOPE_SIZE_TALL|OFFICIAL_MENU_CODE:110569|CURRENT_OFFICIAL_MENU_RECIPE_VERSION_UNVERIFIED,,,true,4e70f288de01f53ffdecd4daac9a786c72db342c069b8d2f8b345dbd50b418c2
kfind-d220-748000000-0440,D220-748000000-0440,스타벅스,커피_카페 라떼 핫(HOT) (Tall),풍부하고 진한 에스프레소가 신선한 스팀 밀크를 만나 부드러워진 커피 위에 우유 거품을 살짝 얹은 커피,스팀 밀크|에스프레소|우유|커피,우유,우유,PARTIAL_DESCRIPTION,CONFIRMED_LABEL,https://www.starbucks.co.kr/menu/drink_view.do?product_cd=41,2026-10-04,,coffee-bakery-2026-10-04-v2,EXACT_BRAND_CANONICAL_MENU_NAME|EXPLICIT_HOT_VARIANT|ALLERGEN_DECLARATION_MENU_SCOPE_SIZE_TALL|OFFICIAL_MENU_CODE:41|CURRENT_OFFICIAL_MENU_RECIPE_VERSION_UNVERIFIED,,,true,c255a7a74a921a12c4e2a106846bd00d2771a0d0e2e62f4842bc58a205d4b5be
kfind-d220-748000000-0444,D220-748000000-0444,스타벅스,커피_카페 모카 아이스(ICED) (Tall),진한 초콜릿 모카 시럽과 풍부한 에스프레소를 신선한 우유 그리고 얼음과 섞어 휘핑크림으로 마무리한 음료로 진한 에스프레소와 초콜릿 맛이 어우러진 커피,에스프레소|우유|초콜릿|커피|휘핑크림,우유,우유,PARTIAL_DESCRIPTION,CONFIRMED_LABEL,https://www.starbucks.co.kr/menu/drink_view.do?product_cd=110566,2026-10-04,,coffee-bakery-2026-10-04-v2,EXACT_BRAND_CANONICAL_MENU_NAME|EXPLICIT_ICED_VARIANT|ALLERGEN_DECLARATION_MENU_SCOPE_SIZE_TALL|OFFICIAL_MENU_CODE:110566|CURRENT_OFFICIAL_MENU_RECIPE_VERSION_UNVERIFIED,,,true,bacd2054c2aad73b2cbe76e5569d61492455f211aab6a24b13e7bf1915c69ac7
kfind-d220-748000000-0447,D220-748000000-0447,스타벅스,커피_카페 모카 핫(HOT) (Tall),진한 초콜릿 모카 시럽과 풍부한 에스프레소를 스팀 밀크와 섞어 휘핑크림으로 마무리한 음료로 진한 에스프레소와 초콜릿 맛이 어우러진 커피,스팀 밀크|에스프레소|초콜릿|커피|휘핑크림,우유,우유,PARTIAL_DESCRIPTION,CONFIRMED_LABEL,https://www.starbucks.co.kr/menu/drink_view.do?product_cd=46,2026-10-04,,coffee-bakery-2026-10-04-v2,EXACT_BRAND_CANONICAL_MENU_NAME|EXPLICIT_HOT_VARIANT|ALLERGEN_DECLARATION_MENU_SCOPE_SIZE_TALL|OFFICIAL_MENU_CODE:46|CURRENT_OFFICIAL_MENU_RECIPE_VERSION_UNVERIFIED,,,true,7777f7c50818ef094db3e3c58c3849feeee60889cd93fe1d06dce16824467ee2
kfind-d220-748000000-0448,D220-748000000-0448,스타벅스,커피_카페 아메리카노 아이스(ICED) (Tall),진한 에스프레소에 시원한 정수물과 얼음을 더한 깊이와 풍미가 살아있는 커피,에스프레소|커피,,,PARTIAL_DESCRIPTION,UNKNOWN,https://www.starbucks.co.kr/menu/drink_view.do?product_cd=110563,2026-10-04,,coffee-bakery-2026-10-04-v2,EXACT_BRAND_CANONICAL_MENU_NAME|EXPLICIT_ICED_VARIANT|ALLERGEN_DECLARATION_MENU_SCOPE_SIZE_TALL|OFFICIAL_MENU_CODE:110563|CURRENT_OFFICIAL_MENU_RECIPE_VERSION_UNVERIFIED,,,true,aff6a3d392d0b0003139debdda5da0fa127d384c19a8498869cb778200bdb4b9
kfind-d220-748000000-0450,D220-748000000-0450,스타벅스,커피_카페 아메리카노 핫(HOT) (Tall),진한 에스프레소에 뜨거운 물을 더한 깊이와 풍미가 살아있는 커피,에스프레소|커피,,,PARTIAL_DESCRIPTION,UNKNOWN,https://www.starbucks.co.kr/menu/drink_view.do?product_cd=94,2026-10-04,,coffee-bakery-2026-10-04-v2,EXACT_BRAND_CANONICAL_MENU_NAME|EXPLICIT_HOT_VARIANT|ALLERGEN_DECLARATION_MENU_SCOPE_SIZE_TALL|OFFICIAL_MENU_CODE:94|CURRENT_OFFICIAL_MENU_RECIPE_VERSION_UNVERIFIED,,,true,897e4c5efe8fa9bfd1a9530c597e814661d0d0708605992b099b304885fa6dba
kfind-d220-748000000-0530,D220-748000000-0530,스타벅스,커피_카푸치노 아이스(ICED) (Tall),풍부하고 진한 에스프레소에 신선한 우유와 우유 거품이 얼음과 함께 들어간 시원하고 부드러운 커피 음료,에스프레소|우유|커피,우유,우유,PARTIAL_DESCRIPTION,CONFIRMED_LABEL,https://www.starbucks.co.kr/menu/drink_view.do?product_cd=110601,2026-10-04,,coffee-bakery-2026-10-04-v2,EXACT_BRAND_CANONICAL_MENU_NAME|EXPLICIT_ICED_VARIANT|ALLERGEN_DECLARATION_MENU_SCOPE_SIZE_TALL|OFFICIAL_MENU_CODE:110601|CURRENT_OFFICIAL_MENU_RECIPE_VERSION_UNVERIFIED,,,true,ef8f7e723fa7b90531751a2f368fa6ff54c3b93606a6ed895335acc1418a7a95
kfind-d220-748000000-0550,D220-748000000-0550,스타벅스,커피_카푸치노 핫(HOT) (Tall),풍부하고 진한 에스프레소에 따뜻한 우유와 벨벳 같은 우유 거품이 1:1 비율로 어우러져 마무리된 커피 음료,에스프레소|우유|커피,우유,우유,PARTIAL_DESCRIPTION,CONFIRMED_LABEL,https://www.starbucks.co.kr/menu/drink_view.do?product_cd=38,2026-10-04,,coffee-bakery-2026-10-04-v2,EXACT_BRAND_CANONICAL_MENU_NAME|EXPLICIT_HOT_VARIANT|ALLERGEN_DECLARATION_MENU_SCOPE_SIZE_TALL|OFFICIAL_MENU_CODE:38|CURRENT_OFFICIAL_MENU_RECIPE_VERSION_UNVERIFIED,,,true,c73514d3c75731d6ea7c12ac0d179165264ae31ba8ed5dec3e0100234fd16cd7
kfind-d220-748000000-0563,D220-748000000-0563,스타벅스,커피_커피 스타벅스 더블 샷,"신선하게 제조된 더블 샷 믹스에 클래식 시럽을 넣고 에스프레소 샷, 얼음이 어우러져 핸드 쉐이킹한 음료",에스프레소,우유,우유,PARTIAL_DESCRIPTION,CONFIRMED_LABEL,https://www.starbucks.co.kr/menu/drink_view.do?product_cd=110611,2026-10-04,,coffee-bakery-2026-10-04-v2,EXACT_BRAND_CANONICAL_MENU_NAME|OFFICIAL_MENU_CODE:110611|CURRENT_OFFICIAL_MENU_RECIPE_VERSION_UNVERIFIED,,,true,8e1efca658da29aac348c4cf3ecec6f93841a130d3477d7645624cc7b4041343
kfind-d220-748000000-0567,D220-748000000-0567,스타벅스,커피_콜드 브루 몰트 (Tall),"[리저브 전용음료] 리저브 콜드 브루, 바닐라 아이스크림, 몰트가 블렌딩된 리저브만의 쉐이크",바닐라|콜드 브루,"대두, 우유",대두|우유,PARTIAL_DESCRIPTION,CONFIRMED_LABEL,https://www.starbucks.co.kr/menu/drink_view.do?product_cd=9200000001636,2026-10-04,,coffee-bakery-2026-10-04-v2,EXACT_BRAND_CANONICAL_MENU_NAME|ALLERGEN_DECLARATION_MENU_SCOPE_SIZE_TALL|OFFICIAL_MENU_CODE:9200000001636|CURRENT_OFFICIAL_MENU_RECIPE_VERSION_UNVERIFIED,,,true,b6770325b5cb3d07adb2c4710e20fd7752f54c707d9b629d11dfcef5a350dbe4
kfind-d220-748000000-0569,D220-748000000-0569,스타벅스,커피_콜드 브루 플로트 (Tall),[리저브 전용음료] 리저브 콜드 브루 위에 녹아 내리는 한 스쿱의 바닐라 아이스크림,바닐라|콜드 브루,우유,우유,PARTIAL_DESCRIPTION,CONFIRMED_LABEL,https://www.starbucks.co.kr/menu/drink_view.do?product_cd=9200000001635,2026-10-04,,coffee-bakery-2026-10-04-v2,EXACT_BRAND_CANONICAL_MENU_NAME|ALLERGEN_DECLARATION_MENU_SCOPE_SIZE_TALL|OFFICIAL_MENU_CODE:9200000001635|CURRENT_OFFICIAL_MENU_RECIPE_VERSION_UNVERIFIED,,,true,40358711d1801f71d95df7df7c8f67e1415a754e3e2e7819991c92c3ca2a6041
kfind-d220-748000000-0641,D220-748000000-0641,스타벅스,커피_클래식 아포가토 (Tall),[리저브R 매장 전용음료] 리저브 에스프레소 투 샷이 바닐라 아이스크림과 진하게 어우러진 정통 아포가토,바닐라|에스프레소,우유,우유,PARTIAL_DESCRIPTION,CONFIRMED_LABEL,https://www.starbucks.co.kr/menu/drink_view.do?product_cd=9200000001631,2026-10-04,,coffee-bakery-2026-10-04-v2,EXACT_BRAND_CANONICAL_MENU_NAME|ALLERGEN_DECLARATION_MENU_SCOPE_SIZE_TALL|OFFICIAL_MENU_CODE:9200000001631|CURRENT_OFFICIAL_MENU_RECIPE_VERSION_UNVERIFIED,,,true,35dafc98a0d093405d5c02aefb1b815147d33ee09278ae180b0d534daaa841ec
kfind-d220-748000000-0659,D220-748000000-0659,스타벅스,커피_헤이즐넛 스타벅스 더블 샷,"신선하게 제조된 더블 샷 믹스에 헤이즐넛 시럽을 넣고 에스프레소 샷, 얼음이 어우러져 핸드 쉐이킹한 음료",에스프레소|헤이즐넛,우유,우유,PARTIAL_DESCRIPTION,CONFIRMED_LABEL,https://www.starbucks.co.kr/menu/drink_view.do?product_cd=110614,2026-10-04,,coffee-bakery-2026-10-04-v2,EXACT_BRAND_CANONICAL_MENU_NAME|OFFICIAL_MENU_CODE:110614|CURRENT_OFFICIAL_MENU_RECIPE_VERSION_UNVERIFIED,,,true,b60d4118bf14ebf319405d20dd09a88d193820791b9d33695aa0ec16f9a09cba
kfind-d220-748000000-0674,D220-748000000-0674,스타벅스,커피_화이트 초콜릿 모카 아이스(ICED) (Tall),달콤하고 부드러운 화이트 초콜릿 시럽과 에스프레소를 신선한 우유 그리고 얼음과 섞어 휘핑크림으로 마무리한 음료로 달콤함과 강렬한 에스프레소가 부드럽게 어우러진 커피,에스프레소|우유|초콜릿|커피|휘핑크림,우유,우유,PARTIAL_DESCRIPTION,CONFIRMED_LABEL,https://www.starbucks.co.kr/menu/drink_view.do?product_cd=110572,2026-10-04,,coffee-bakery-2026-10-04-v2,EXACT_BRAND_CANONICAL_MENU_NAME|EXPLICIT_ICED_VARIANT|ALLERGEN_DECLARATION_MENU_SCOPE_SIZE_TALL|OFFICIAL_MENU_CODE:110572|CURRENT_OFFICIAL_MENU_RECIPE_VERSION_UNVERIFIED,,,true,1bee3b58278e170c4555f763110ac0487adbd841426b9bc2d029c633aa1c0c49
kfind-d220-748000000-0675,D220-748000000-0675,스타벅스,커피_화이트 초콜릿 모카 핫(HOT) (Tall),달콤하고 부드러운 화이트 초콜릿 시럽과 에스프레소를 스팀 밀크와 섞어 휘핑크림으로 마무리한 음료로 달콤함과 강렬한 에스프레소가 부드럽게 어우러진 커피,스팀 밀크|에스프레소|초콜릿|커피|휘핑크림,우유,우유,PARTIAL_DESCRIPTION,CONFIRMED_LABEL,https://www.starbucks.co.kr/menu/drink_view.do?product_cd=128192,2026-10-04,,coffee-bakery-2026-10-04-v2,EXACT_BRAND_CANONICAL_MENU_NAME|EXPLICIT_HOT_VARIANT|ALLERGEN_DECLARATION_MENU_SCOPE_SIZE_TALL|OFFICIAL_MENU_CODE:128192|CURRENT_OFFICIAL_MENU_RECIPE_VERSION_UNVERIFIED,,,true,29e5f59cde9f9c857a1e4a0d2cc7bb029efb71f4793d9e17ef2eb69515ebf175
kfind-d220-749000000-0001,D220-749000000-0001,스타벅스,코코아_시그니처 초콜릿 아이스(ICED) (Tall),깊고 진한 초콜릿과 부드러운 휘핑크림이 입안에서 사르르 녹는 초콜릿 음료,초콜릿|휘핑크림,우유,우유,PARTIAL_DESCRIPTION,CONFIRMED_LABEL,https://www.starbucks.co.kr/menu/drink_view.do?product_cd=110621,2026-10-04,,coffee-bakery-2026-10-04-v2,EXACT_BRAND_CANONICAL_MENU_NAME|EXPLICIT_ICED_VARIANT|ALLERGEN_DECLARATION_MENU_SCOPE_SIZE_TALL|OFFICIAL_MENU_CODE:110621|CURRENT_OFFICIAL_MENU_RECIPE_VERSION_UNVERIFIED,,,true,3d3a16265d45ed8d9597efd9542acd08c974b45c96ba99bcad572c79e7c94c09
kfind-d220-749000000-0009,D220-749000000-0009,스타벅스,코코아_플러피 판다 핫 초콜릿 핫(HOT) (Grande),"고소한 헤이즐넛과 진한 핫초콜릿의 만남, 귀여운 판다까지 더해진 플러피 판다 핫 초콜릿! * 용인에버랜드점에서만 판매하는 음료입니다",초콜릿|헤이즐넛,우유,우유,PARTIAL_DESCRIPTION,CONFIRMED_LABEL,https://www.starbucks.co.kr/menu/drink_view.do?product_cd=9200000002594,2026-10-04,,coffee-bakery-2026-10-04-v2,EXACT_BRAND_CANONICAL_MENU_NAME|EXPLICIT_HOT_VARIANT|ALLERGEN_DECLARATION_MENU_SCOPE_SIZE_GRANDE|OFFICIAL_MENU_CODE:9200000002594|CURRENT_OFFICIAL_MENU_RECIPE_VERSION_UNVERIFIED,,,true,ed0826703d922e1bf154e1eb89f8734cf356b4be1989b060a87ff19f0cfe0b28
kfind-d220-751000000-0005,D220-751000000-0005,스타벅스,탄산음료_쿨 라임 피지오 (Tall),그린 빈 추출액이 들어간 라임 베이스에 건조된 라임 슬라이스를 넣고 스파클링한 시원하고 청량감 있는 음료입니다. (카페인이 함유된 탄산음료입니다),,,,PARTIAL_DESCRIPTION,UNKNOWN,https://www.starbucks.co.kr/menu/drink_view.do?product_cd=107051,2026-10-04,,coffee-bakery-2026-10-04-v2,EXACT_BRAND_CANONICAL_MENU_NAME|ALLERGEN_DECLARATION_MENU_SCOPE_SIZE_TALL|OFFICIAL_MENU_CODE:107051|CURRENT_OFFICIAL_MENU_RECIPE_VERSION_UNVERIFIED,,,true,e5e2c834250d708d67b0c2be9b9a024f6e8f661faf1ac97375e77754b1db8145
kfind-d220-752000000-0015,D220-752000000-0015,스타벅스,허브차_민트 블렌드티 아이스(ICED) (Tall),"스피어민트, 페퍼민트, 레몬머틀이 블렌딩된 상쾌한 허브 티",레몬머틀|스피어민트|페퍼민트,,,PARTIAL_DESCRIPTION,UNKNOWN,https://www.starbucks.co.kr/menu/drink_view.do?product_cd=4004000000059,2026-10-04,,coffee-bakery-2026-10-04-v2,EXACT_BRAND_CANONICAL_MENU_NAME|EXPLICIT_ICED_VARIANT|ALLERGEN_DECLARATION_MENU_SCOPE_SIZE_TALL|OFFICIAL_MENU_CODE:4004000000059|CURRENT_OFFICIAL_MENU_RECIPE_VERSION_UNVERIFIED,,,true,eef7dc8e8a3ae30c0ef3bf8190ed94dbcc0685f886b0199cfb493eb543ec0766
kfind-d220-752000000-0016,D220-752000000-0016,스타벅스,허브차_민트 블렌드티 핫(HOT) (Tall),"스피어민트, 페퍼민트, 레몬머틀이 블렌딩된 상쾌한 허브 티",레몬머틀|스피어민트|페퍼민트,,,PARTIAL_DESCRIPTION,UNKNOWN,https://www.starbucks.co.kr/menu/drink_view.do?product_cd=4004000000056,2026-10-04,,coffee-bakery-2026-10-04-v2,EXACT_BRAND_CANONICAL_MENU_NAME|EXPLICIT_HOT_VARIANT|ALLERGEN_DECLARATION_MENU_SCOPE_SIZE_TALL|OFFICIAL_MENU_CODE:4004000000056|CURRENT_OFFICIAL_MENU_RECIPE_VERSION_UNVERIFIED,,,true,da9f855733e7b81ca5cbda9fea8878ad480f53d00cad443c221e5e3195f75908
kfind-d220-752000000-0033,D220-752000000-0033,스타벅스,허브차_캐모마일 블렌드티 아이스(ICED) (Tall),"캐모마일과 레몬 그라스, 레몬밤, 히비스커스 등 블렌딩되어 은은하고 차분한 향이 기분을 좋게하는 허브 티",레몬 그라스|레몬밤|캐모마일|히비스커스,,,PARTIAL_DESCRIPTION,UNKNOWN,https://www.starbucks.co.kr/menu/drink_view.do?product_cd=4004000000079,2026-10-04,,coffee-bakery-2026-10-04-v2,EXACT_BRAND_CANONICAL_MENU_NAME|EXPLICIT_ICED_VARIANT|ALLERGEN_DECLARATION_MENU_SCOPE_SIZE_TALL|OFFICIAL_MENU_CODE:4004000000079|CURRENT_OFFICIAL_MENU_RECIPE_VERSION_UNVERIFIED,,,true,e061b9f151d44929f14f7c71a8f62b09cc73a2ab76b4fa13b418bea897b274ea
kfind-d220-752000000-0034,D220-752000000-0034,스타벅스,허브차_캐모마일 블렌드티 핫(HOT) (Tall),"캐모마일과 레몬 그라스, 레몬밤, 히비스커스 등 블렌딩되어 은은하고 차분한 향이 기분을 좋게하는 허브 티",레몬 그라스|레몬밤|캐모마일|히비스커스,,,PARTIAL_DESCRIPTION,UNKNOWN,https://www.starbucks.co.kr/menu/drink_view.do?product_cd=4004000000076,2026-10-04,,coffee-bakery-2026-10-04-v2,EXACT_BRAND_CANONICAL_MENU_NAME|EXPLICIT_HOT_VARIANT|ALLERGEN_DECLARATION_MENU_SCOPE_SIZE_TALL|OFFICIAL_MENU_CODE:4004000000076|CURRENT_OFFICIAL_MENU_RECIPE_VERSION_UNVERIFIED,,,true,e9ae3f403c3a9012ad09bab404f0ad29635024bbf08dbdff5c49ba452aef17e5
kfind-d220-752000000-0076,D220-752000000-0076,스타벅스,허브차_히비스커스 블렌드티 아이스(ICED) (Tall),"히비스커스, 사과, 파파야, 망고, 레몬그라스 등이 블렌딩된 상큼한 허브 티",레몬그라스|망고|사과|파파야|히비스커스,,,PARTIAL_DESCRIPTION,UNKNOWN,https://www.starbucks.co.kr/menu/drink_view.do?product_cd=4004000000069,2026-10-04,,coffee-bakery-2026-10-04-v2,EXACT_BRAND_CANONICAL_MENU_NAME|EXPLICIT_ICED_VARIANT|ALLERGEN_DECLARATION_MENU_SCOPE_SIZE_TALL|OFFICIAL_MENU_CODE:4004000000069|CURRENT_OFFICIAL_MENU_RECIPE_VERSION_UNVERIFIED,,,true,ca020f4bf8066bf2d01614ebb9daed9e956496133b0aa7e344746413ac62ac98
kfind-d220-752000000-0078,D220-752000000-0078,스타벅스,허브차_히비스커스 블렌드티 핫(HOT) (Tall),"히비스커스, 사과, 파파야, 망고, 레몬그라스 등이 블렌딩된 상큼한 허브 티",레몬그라스|망고|사과|파파야|히비스커스,,,PARTIAL_DESCRIPTION,UNKNOWN,https://www.starbucks.co.kr/menu/drink_view.do?product_cd=4004000000066,2026-10-04,,coffee-bakery-2026-10-04-v2,EXACT_BRAND_CANONICAL_MENU_NAME|EXPLICIT_HOT_VARIANT|ALLERGEN_DECLARATION_MENU_SCOPE_SIZE_TALL|OFFICIAL_MENU_CODE:4004000000066|CURRENT_OFFICIAL_MENU_RECIPE_VERSION_UNVERIFIED,,,true,b3976f66832b257e11acd627523266cb73ce30ed0341b32c079f0c18b0d496bf
kfind-d220-753000000-0015,D220-753000000-0015,스타벅스,홍차_얼 그레이티 아이스(ICED) (Tall),꽃향 가득한 라벤더와 베르가못 향이 진한 홍차와 블렌딩된 향긋한 블랙 티,라벤더|홍차,,,PARTIAL_DESCRIPTION,UNKNOWN,https://www.starbucks.co.kr/menu/drink_view.do?product_cd=4004000000039,2026-10-04,,coffee-bakery-2026-10-04-v2,EXACT_BRAND_CANONICAL_MENU_NAME|EXPLICIT_ICED_VARIANT|ALLERGEN_DECLARATION_MENU_SCOPE_SIZE_TALL|OFFICIAL_MENU_CODE:4004000000039|CURRENT_OFFICIAL_MENU_RECIPE_VERSION_UNVERIFIED,,,true,560668b48034f567f227f49c67b549c6a44130917b73b98c284b19f219c97877
kfind-d220-753000000-0016,D220-753000000-0016,스타벅스,홍차_얼 그레이티 핫(HOT) (Tall),꽃향 가득한 라벤더와 베르가못 향이 진한 홍차와 블렌딩된 향긋한 블랙 티,라벤더|홍차,,,PARTIAL_DESCRIPTION,UNKNOWN,https://www.starbucks.co.kr/menu/drink_view.do?product_cd=4004000000036,2026-10-04,,coffee-bakery-2026-10-04-v2,EXACT_BRAND_CANONICAL_MENU_NAME|EXPLICIT_HOT_VARIANT|ALLERGEN_DECLARATION_MENU_SCOPE_SIZE_TALL|OFFICIAL_MENU_CODE:4004000000036|CURRENT_OFFICIAL_MENU_RECIPE_VERSION_UNVERIFIED,,,true,6ee7cb46f749d0a3d4c98da05512fb4b8ec8fe88ed33730fcb1e6205adefe999
kfind-d220-753000000-0039,D220-753000000-0039,스타벅스,홍차_유스베리티 아이스(ICED) (Tall),"제주산 찻잎으로 만든 황차에 사과, 망고, 파인애플, 히비스커스, 로즈힙 등이 블렌딩되어 핑크빛 컬러가 감도는 수색과 베리류의 새콤함을 느낄 수 있는 옐로우 티",로즈힙|망고|사과|파인애플|황차|히비스커스,,,PARTIAL_DESCRIPTION,UNKNOWN,https://www.starbucks.co.kr/menu/drink_view.do?product_cd=9200000000229,2026-10-04,,coffee-bakery-2026-10-04-v2,EXACT_BRAND_CANONICAL_MENU_NAME|EXPLICIT_ICED_VARIANT|ALLERGEN_DECLARATION_MENU_SCOPE_SIZE_TALL|OFFICIAL_MENU_CODE:9200000000229|CURRENT_OFFICIAL_MENU_RECIPE_VERSION_UNVERIFIED,,,true,f8ba87476cc7d3aee2a522d1d61157b5666c813baf423186d55f90ad9064fb1f
kfind-d220-753000000-0040,D220-753000000-0040,스타벅스,홍차_유스베리티 핫(HOT) (Tall),"제주산 찻잎으로 만든 황차에 사과, 망고, 파인애플, 히비스커스, 로즈힙 등이 블렌딩되어 핑크빛 컬러가 감도는 수색과 베리류의 새콤함을 느낄 수 있는 옐로우 티",로즈힙|망고|사과|파인애플|황차|히비스커스,,,PARTIAL_DESCRIPTION,UNKNOWN,https://www.starbucks.co.kr/menu/drink_view.do?product_cd=9200000000226,2026-10-04,,coffee-bakery-2026-10-04-v2,EXACT_BRAND_CANONICAL_MENU_NAME|EXPLICIT_HOT_VARIANT|ALLERGEN_DECLARATION_MENU_SCOPE_SIZE_TALL|OFFICIAL_MENU_CODE:9200000000226|CURRENT_OFFICIAL_MENU_RECIPE_VERSION_UNVERIFIED,,,true,ae3c5e4eb830dd8f6dd1ab6ea817e14560aef3dbddda4c3ae2b27ff8fdad87de
kfind-d220-753000000-0043,D220-753000000-0043,스타벅스,홍차_잉글리쉬 브렉퍼스트티 아이스(ICED) (Tall),"인도 아삼, 제주도 유기농 홍차가 블렌딩되어 진한 벌꿀향과 그윽한 몰트향이 특징인 블랙 티",홍차,,,PARTIAL_DESCRIPTION,UNKNOWN,https://www.starbucks.co.kr/menu/drink_view.do?product_cd=4004000000019,2026-10-04,,coffee-bakery-2026-10-04-v2,EXACT_BRAND_CANONICAL_MENU_NAME|EXPLICIT_ICED_VARIANT|ALLERGEN_DECLARATION_MENU_SCOPE_SIZE_TALL|OFFICIAL_MENU_CODE:4004000000019|CURRENT_OFFICIAL_MENU_RECIPE_VERSION_UNVERIFIED,,,true,7af6beb68ca415094f9f808aaeefa4628096a8d4770f00de016853ae07a5c96e
kfind-d220-753000000-0044,D220-753000000-0044,스타벅스,홍차_잉글리쉬 브렉퍼스트티 핫(HOT) (Tall),"인도 아삼, 제주도 유기농 홍차가 블렌딩되어 진한 벌꿀향과 그윽한 몰트향이 특징인 블랙 티",홍차,,,PARTIAL_DESCRIPTION,UNKNOWN,https://www.starbucks.co.kr/menu/drink_view.do?product_cd=4004000000016,2026-10-04,,coffee-bakery-2026-10-04-v2,EXACT_BRAND_CANONICAL_MENU_NAME|EXPLICIT_HOT_VARIANT|ALLERGEN_DECLARATION_MENU_SCOPE_SIZE_TALL|OFFICIAL_MENU_CODE:4004000000016|CURRENT_OFFICIAL_MENU_RECIPE_VERSION_UNVERIFIED,,,true,3092206a70966103fa09fcd66ee5b6ba2d2449c3ba204ee3446f61da053b216e
kfind-d222-754000000-0001,D222-754000000-0001,스타벅스,과일_하루 한 컵 RED,국내산 사과와 대추 방울 토마토를 한 컵에 담아 언제 어디서나 편하게 즐길 수 있습니다.,대추 방울 토마토|사과,토마토,토마토,PARTIAL_DESCRIPTION,CONFIRMED_LABEL,https://www.starbucks.co.kr/menu/food_view.do?product_cd=9300000005088,2026-10-04,,coffee-bakery-2026-10-04-v2,EXACT_BRAND_CANONICAL_MENU_NAME|OFFICIAL_MENU_CODE:9300000005088|CURRENT_OFFICIAL_MENU_RECIPE_VERSION_UNVERIFIED,,,true,0060fb9be64b47e172cebf571f956e8e827193f1eaa854f499782eb6612949b0
