foodItemId,sourceFoodCode,brand,name,ingredientText,ingredients,allergenText,allergens,ingredientStatus,allergenStatus,sourceUrl,checkedAt,sourceDate,parserVersion,evidenceKind,mayContainAllergens,crossContactText,staleCandidate,sourceHash
official-bon-bf101-1,BON-BF101-1,본죽,전복죽,"영양 가득한 든든한 보양죽. 담백하고 고소하면서도 진하게 끓여내어 몸과 마음에 든든한 온기를 채워줍니다. [현미죽 변경 시 안내] 현미죽은 최적의 풍미를 살린 레시피로 기존죽 대비 제공량에 다소 차이가 있습니다. · 1 메뉴 특징 바다의 맛과 향을 그대로 담은 대표 보양식 전복죽 영양 가득한 든든한 보양죽. 담백하고 고소하면서도 진하게 끓여내어 몸과 마음에 든든한 온기를 채워줍니다. 바다의 생기를 그대로 머금은 전복으로 생활의 활력까지 되찾아주는 영양 만점 보양식을 만나보세요. 현미죽으로 변경하여, 더 건강한 보양식을 즐겨보세요!​ · 2 식재료 이야기 피로회복과 면역력 강화에 좋은 타우린과 비타민 B군이 풍부한 전복 바다의 산삼이라고 불릴 만큼 건강 식재료로 유명합니다. 바다의 향까지 그대로 품어 풍미까지 가득한 한 그릇. 풍부한 맛과 향을 푹 우려내었습니다. 원기회복을 돕는 영양 듬뿍 대표 보양죽 기력이 달리는 날, 괜스레 속까지 더부룩하고 자도 자도 피곤한 날이 있죠. 고소하고 담백한 맛으로 부담 없는 따뜻한 식사, 속까지 편안한 진짜 보양식을 추천합니다. 부드러운 감칠맛은 입맛 없는 날에도 한 그릇 뚝딱 비우게 하는 비결입니다. 원기회복을 돕는 영양 듬뿍 대표 보양죽을 만나보세요. 이럴 때 추천 이 메뉴는 이럴 때 추천해요! #보양 유난히 몸이 무겁고 기력이 부족한 날이 있죠. 마음까지 든든한 온기와 활력을 전해줘요. #아침식사 입 안이 껄끄러운 피곤하고 바쁜 아침, 자극적이지 않고 먹기도 편해요. #선물 내 소중한 사람의 건강까지 생각하는, 따뜻한 마음을 온전히 담아 특별해요.",,대두 밀 쇠고기 우유 전복 조개류 잣,견과류|대두|밀|우유|조개류,PARTIAL_DESCRIPTION,CONFIRMED_LABEL,https://api.bonif.co.kr/brand/v1/menu/detail?brdCd=BF101&cmdtIdx=1,2026-10-04,2025-11-11,franchise-quality-v1,OFFICIAL_MENU_DESCRIPTION_AND_BRAND_ALLERGEN_TABLE,게|견과류|달걀|땅콩|새우|생선|조개류,난류(계란) 닭고기 돼지고기 땅콩 게 복숭아 토마토 새우 아황산류 고등어 호두 메밀 오징어 홍합 굴,true,87764B1500AC2B836BEED1C62D4D72297AC0DC70466532C07B2833744FB85F8A
official-bon-bf101-10,BON-BF101-10,본죽,특자연송이쇠고기죽,"땅에서 나는 보약, 두 배로 넣은 자연송이와 영양 가득 소고기가 만나 더욱 건강하고 든든한 프리미엄 보양죽 ※현미죽 변경 시 안내 현미죽은 최적의 풍미를 살린 레시피로 기존죽 대비 제공량에 다소 차이가 있습니다. · 1 메뉴 특징 땅에서 나는 보약 자연송이와 소고기로 끓여낸 보양 한 그릇 (특)자연송이쇠고기죽 영양 가득 소고기에 땅에서 나는 보약 자연송이를 두 배로 넣어 더욱 건강하고 든든한 프리미엄 보양죽 자연송이의 짙은 향과 식감을 담아낸 보양 한 그릇을 만나보세요! · 2 식재료 이야기 소나무의 기운을 품은 송이버섯 소나무의 강인한 기운을 오롯이! 활력을 그대로! 고단백 식품으로 든든한 힘을 채워주는 것은 물론, 저칼로리 식품이면서 식이섬유소가 풍부해 비만 예방에도 효과적입니다. ‘신선의 음식’이라고 불리는 청정 자연의 선물 송이버섯은 소나무 뿌리 주변, 솔잎이 쌓인 습지에서 자라 향긋한 솔향을 그대로 머금고 있습니다. 쫄깃한 식감은 물론 깨어 물으면 배어져 나오는 은은한 송이버섯의 특별한 맛을 만나보세요. 고단백질 소고기 먹기 좋게 간 소고기를 풍성하게 담아, 고단백질 영양소가 듬뿍 우러나도록 푹 끓여내었습니다. 진하게 우러난 담백하고 고소한 맛으로 언제든 부담 없이 즐길 수 있는 든든한 영양식입니다. 3 이럴 때 추천 이 메뉴는 이럴 때 추천해요! #보양 유난히 몸이 무겁고 기력이 부족한 날이 있죠. 마음까지 든든한 온기와 활력을 전해줘요. #미용 피부에도 몸매에도 최고! 내일을 기대하게 되는 새로운 나를 위해 먹어요. #선물 내 소중한 사람의 건강까지 생각하는, 따뜻한 마음을 온전히 담아 특별해요.",소고기|자연송이,대두 밀 쇠고기 우유,대두|밀|우유,PARTIAL_DESCRIPTION,CONFIRMED_LABEL,https://api.bonif.co.kr/brand/v1/menu/detail?brdCd=BF101&cmdtIdx=10,2026-10-04,2025-11-11,franchise-quality-v1,OFFICIAL_MENU_DESCRIPTION_AND_BRAND_ALLERGEN_TABLE,게|견과류|달걀|땅콩|새우|생선|조개류,난류(계란) 닭고기 돼지고기 땅콩 게 복숭아 토마토 새우 아황산류 고등어 호두 메밀 오징어 홍합 전복 굴 조개류 잣,true,015C0F34DB15A6646923DF642DA4FE1A3F0392E96BDEDF199911556566E2B168
official-bon-bf101-11,BON-BF101-11,본죽,쇠고기야채죽,"영양만점 소고기와 6가지 야채의 든든함. 신선한 야채와 고단백질 소고기까지 부담 없이 한 번에 섭취할 수 있는 균형 잡힌 최고의 한 그릇을 자랑합니다. · 1 메뉴 특징 쇠고기와 야채가 만들어내는 완벽한 영양 밸런스 쇠고기야채죽 영양만점 소고기와 6가지 야채의 든든함. 신선한 야채와 고단백질 소고기까지 부담 없이 한 번에 섭취할 수 있는 균형 잡힌 최고의 한 그릇을 자랑합니다. 부드럽고 담백한 맛의 균형까지, 어느 것 하나 빠지지 않는 완벽한 식사를 추천합니다. ※ [죽 계란 추가 시 안내] 죽을 끓일 때 넣어서 조리합니다. · 2 식재료 이야기 고단백질 소고기 먹기 좋게 간 소고기를 풍성하게 담아 고단백질 영양소가 듬뿍 우러나도록 푹 끓여내었습니다. 진하게 우러난 담백하고 고소한 부담 없이 즐길 수 있는 든든한 영양식을 만나보세요. 신선한 야채로 균형잡힌 영양소 듬뿍 감자, 양파, 애호박, 표고버섯, 당근에 슈퍼푸드 브로콜리까지 다양하게 들어간 신선한 야채로 균형 잡힌 영양소가 듬뿍! 하나 하나 챙겨 먹기 어려운 각종 채소들을 한 번에 섭취하는 가장 가벼운 방법. 풍성한 재료에서 우러나온 자연 그대로의 건강한 맛까지 쉽고 맛있게 내 몸을 위한 건강한 시간을 즐기세요.",소고기|쇠고기,대두 밀 쇠고기 우유,대두|밀|우유,PARTIAL_DESCRIPTION,CONFIRMED_LABEL,https://api.bonif.co.kr/brand/v1/menu/detail?brdCd=BF101&cmdtIdx=11,2026-10-04,2025-11-11,franchise-quality-v1,OFFICIAL_MENU_DESCRIPTION_AND_BRAND_ALLERGEN_TABLE,게|견과류|달걀|땅콩|새우|생선|조개류,난류(계란) 닭고기 돼지고기 땅콩 게 복숭아 토마토 새우 아황산류 고등어 호두 메밀 오징어 홍합 전복 굴 조개류 잣,true,224A6EAF0A515A4D21F6C619231DA95A2EBE568CAACB1ED89CC673042F649B27
official-bon-bf101-12,BON-BF101-12,본죽,쇠고기버섯죽,"최고의 궁합, 소고기와 향긋한 표고버섯의 조화. 고단백질 소고기를 풍부하게 다져 넣어 맛과 영양을 듬뿍 담았습니다. [현미죽 변경 시 안내] 현미죽은 최적의 풍미를 살린 레시피로 기존죽 대비 제공량에 다소 차이가 있습니다. · 1 메뉴 특징 먹을수록 담백하고, 먹을수록 감칠맛이 도는 쇠고기버섯죽 최고의 궁합, 소고기와 향긋한 표고버섯의 조화. 고단백질 소고기를 풍부하게 다져 넣어 맛과 영양을 듬뿍 담았습니다. 씹는 맛이 일품인 표고버섯은 쫄깃쫄깃한 식감은 물론 은은한 향까지 더해주어 더 만족스러운 한 끼 식사를 완성합니다. ※ [죽 계란 추가 시 안내] 죽을 끓일 때 넣어서 조리합니다. · 2 식재료 이야기 고단백질 소고기 먹기 좋게 간 소고기를 풍성하게 담아 고단백질 영양소가 듬뿍 우러나도록 푹 끓여내었습니다. 진하게 우러난 담백하고 고소한 부담 없이 즐길 수 있는 든든한 영양식을 만나보세요. 신선한 야채로 균형잡힌 영양소 듬뿍 감자, 양파, 애호박, 표고버섯, 당근에 슈퍼푸드 브로콜리까지 다양하게 들어간 신선한 야채로 균형 잡힌 영양소가 듬뿍! 하나 하나 챙겨 먹기 어려운 각종 채소들을 한 번에 섭취하는 가장 가벼운 방법. 풍성한 재료에서 우러나온 자연 그대로의 건강한 맛까지 쉽고 맛있게 내 몸을 위한 건강한 시간을 즐기세요.",버섯|소고기|표고버섯,대두 밀 쇠고기 우유,대두|밀|우유,PARTIAL_DESCRIPTION,CONFIRMED_LABEL,https://api.bonif.co.kr/brand/v1/menu/detail?brdCd=BF101&cmdtIdx=12,2026-10-04,2025-11-11,franchise-quality-v1,OFFICIAL_MENU_DESCRIPTION_AND_BRAND_ALLERGEN_TABLE,게|견과류|달걀|땅콩|새우|생선|조개류,난류(계란) 닭고기 돼지고기 땅콩 게 복숭아 토마토 새우 아황산류 고등어 호두 메밀 오징어 홍합 전복 굴 조개류 잣,true,6C7020DC63B79CCE394B66DE91480B4F16A63BDF618B4D925F63E8AB986EF749
official-bon-bf101-14,BON-BF101-14,본죽,7가지야채죽,"신선한 7가지 야채를 듬뿍 넣어, 담백하고 부드럽게 끓여낸 속 편한 영양죽 · 1 메뉴 특징 신선한 7가지 야채를 듬뿍 넣어, 담백하고 부드럽게 끓여낸 속 편한 영양죽 7가지 야채죽 ※ [죽 계란 추가 시 안내] 죽을 끓일 때 넣어서 조리합니다. · 2 식재료 이야기 균형잡힌 영양소가 듬뿍! 7가지 야채 감자, 양파, 애호박, 표고버섯, 부추, 당근에 슈퍼푸드 브로콜리까지 다양하게 들어간 신선한 야채로 균형 잡힌 영양소가 듬뿍! 하나하나 챙겨먹기 어려운 각종 채소들을 한 번에 섭취하는 가장 가벼운 방법. 풍성한 재료에서 우러나온 자연 그대로의 건강한 맛까지 쉽고 맛있게 내 몸을 위한 건강한 시간을 즐기세요. 재료 본연의 담백한 맛 자극적인 일상에 지쳤을 때, 재료 본연의 담백한 맛을 만나보세요. 몸도 마음도 부드러워지는 시간. 신선한 맛과 향을 천천히 음미하다 보면 따뜻한 온기와 산뜻한 맛을 즐겨보세요.",,대두 밀 쇠고기 우유,대두|밀|우유,PARTIAL_DESCRIPTION,CONFIRMED_LABEL,https://api.bonif.co.kr/brand/v1/menu/detail?brdCd=BF101&cmdtIdx=14,2026-10-04,2025-11-11,franchise-quality-v1,OFFICIAL_MENU_DESCRIPTION_AND_BRAND_ALLERGEN_TABLE,게|견과류|달걀|땅콩|새우|생선|조개류,난류(계란) 닭고기 돼지고기 땅콩 게 복숭아 토마토 새우 아황산류 고등어 호두 메밀 오징어 홍합 전복 굴 조개류 잣,true,F54762FA690A70B3AAB68CC7FC90BD8A2192381AE1716A9C8775A90231733539
official-bon-bf101-15,BON-BF101-15,본죽,참치야채죽,"6가지 각종 야채를 넣어 푸욱 끓인 영양죽에 기름기를 쏙 뺀 담백한 참치살을 얹었습니다. · 1 메뉴 특징 푹 빠져드는 고소함 참치야채죽 최고의 고소함을 자랑하는 참치야채죽을 만나보세요. 6가지 각종 야채를 넣어 푸욱 끓인 영양죽에 기름기를 쏙 뺀 담백한 참치살을 얹었습니다. 자꾸만 손이 가는 고소함을 경험해보세요. ※ [죽 계란 추가 시 안내] 죽을 끓일 때 넣어서 조리합니다. · 2 식재료 이야기 담백하고 고소한 고칼슘 참치 자꾸만 손이 가는, 잊을 수 없는 고소함. 기름기를 쏙 제거해 담백함만 남겼습니다. 고단백, 고칼슘 영양식품 참치로 즐겁게 챙기는 나를 위한 정성들인 식사. 입맛도 활력도 돋우는 참치로 든든한 한 그릇을 만나보세요. 균형잡힌 영양소가 듬뿍! 6가지 야채 감자, 양파, 애호박, 표고버섯, 당근에 슈퍼푸드 브로콜리까지 다양하게 들어간 신선한 야채로 균형 잡힌 영양소가 듬뿍! 하나하나 챙겨먹기 어려운 각종 채소들을 한 번에 섭취하는 가장 가벼운 방법. 풍성한 재료에서 우러나온 자연 그대로의 건강한 맛까지 쉽고 맛있게 내 몸을 위한 건강한 시간을 즐기세요.",참치,대두 밀 쇠고기 우유,대두|밀|우유,PARTIAL_DESCRIPTION,CONFIRMED_LABEL,https://api.bonif.co.kr/brand/v1/menu/detail?brdCd=BF101&cmdtIdx=15,2026-10-04,2025-11-11,franchise-quality-v1,OFFICIAL_MENU_DESCRIPTION_AND_BRAND_ALLERGEN_TABLE,게|견과류|달걀|땅콩|새우|생선|조개류,난류(계란) 닭고기 돼지고기 땅콩 게 복숭아 토마토 새우 아황산류 고등어 호두 메밀 오징어 홍합 전복 굴 조개류 잣,true,915511A1A98AF2758FE2A8CBB7434FF4AF109A3782A7F111991015E03AC3A2F6
official-bon-bf101-17,BON-BF101-17,본죽,해물죽,"신선한 해산물을 풍부하게 넣어 담백하고 깔끔한 맛에 담긴 은은한 바다의 향을 느껴보세요. · 1 메뉴 특징 바다의 맛과 향을 그대로 해물죽 신선한 해산물을 풍부하게 넣어 담백하고 깔끔한 맛에 담긴 은은한 바다의 향을 느껴보세요. 건강한 에너지까지 듬뿍 담아낸 한 그릇으로 활력을 가득한 하루를 선물합니다. ※ [죽 계란 추가 시 안내] 죽을 끓일 때 넣어서 조리합니다. · 2 식재료 이야기 바다의 맛과 향을 품은 다양한 해물 새우, 오징어, 바지락, 굴 등 다양한 해물이 듬뿍! 탱글탱글 쫄깃쫄깃한 다양한 식감은 입 안 가득 즐거움을 가져옵니다. 바다의 맛과 향을 그대로 품고 있는 신선한 해산물들로 풍성한 한 끼 식사를 만나보세요. 고소한 맛은 기본 시원한 맛은 덤! 담백한 맛이 일품인 해물죽은 남녀노소 누구나 좋아하는 스테디셀러입니다. 다양한 해물의 다채로운 식감과 해산물에서 우러나오는 특유의 깔끔하고 시원한 맛으로 꾸준히 사랑받는 메뉴를 만나보세요. 치즈 토핑을 올려 먹어도 어울리는 부드럽고 순한 맛으로 언제 먹어도 즐거운 해물죽을 추천합니다.",,대두 밀 쇠고기 우유 새우 오징어 굴 조개류,대두|밀|새우|우유|조개류,PARTIAL_DESCRIPTION,CONFIRMED_LABEL,https://api.bonif.co.kr/brand/v1/menu/detail?brdCd=BF101&cmdtIdx=17,2026-10-04,2025-11-11,franchise-quality-v1,OFFICIAL_MENU_DESCRIPTION_AND_BRAND_ALLERGEN_TABLE,게|견과류|달걀|땅콩|생선|조개류,난류(계란) 닭고기 돼지고기 땅콩 게 복숭아 토마토 아황산류 고등어 호두 메밀 홍합 전복 잣,true,2E3CFCEF8C3CDE023687F1938057E7D2F89736192E631027ADFC22FFDF2D5865
official-bon-bf101-18,BON-BF101-18,본죽,특해물죽 (해물2배),"신선한 해산물을 두 배로 풍부하게 넣어 더욱 깊고 풍부한 바다의 향과 담백하고 깔끔한 맛을 느껴보세요. · 1 메뉴 특징 해물모둠 2배! 바다의 맛과 향을 그대로 특해물죽 신선한 해산물을 두 배로 풍부하게 넣어 더욱 깊고 풍부한 바다의 향과 담백하고 깔끔한 맛을 느껴보세요. 건강한 에너지까지 듬뿍 담아낸 한 그릇으로 활력을 가득한 하루를 선물합니다. ※ [죽 계란 추가 시 안내] 죽을 끓일 때 넣어서 조리합니다. · 2 식재료 이야기 바다의 맛과 향을 품은 다양한 해물 새우, 오징어, 바지락, 굴 등 다양한 해물이 듬뿍! 탱글탱글 쫄깃쫄깃한 다양한 식감은 입 안 가득 즐거움을 가져옵니다. 바다의 맛과 향을 그대로 품고 있는 신선한 해산물들로 풍성한 한 끼 식사를 만나보세요. 고소한 맛은 기본 시원한 맛은 덤! 담백한 맛이 일품인 해물죽은 남녀노소 누구나 좋아하는 스테디셀러입니다. 다양한 해물의 다채로운 식감과 해산물에서 우러나오는 특유의 깔끔하고 시원한 맛으로 꾸준히 사랑받는 메뉴를 만나보세요. 치즈 토핑을 올려 먹어도 어울리는 부드럽고 순한 맛으로 언제 먹어도 즐거운 해물죽을 추천합니다.",,,,PARTIAL_DESCRIPTION,UNKNOWN,https://api.bonif.co.kr/brand/v1/menu/detail?brdCd=BF101&cmdtIdx=18,2026-10-04,2025-11-11,franchise-quality-v1,OFFICIAL_MENU_DESCRIPTION_AND_BRAND_ALLERGEN_TABLE,,,true,6C5CF6B0D1341CC0295067ECB7AB34AD4AED6995B7F261C9BABDEA11E2E9D922
official-bon-bf101-19,BON-BF101-19,본죽,통영굴버섯죽,"통영에서 올라온 굴의 시원함과 표고버섯의 부드러운 식감이 풍부하게 어우러졌습니다. · 1 메뉴 특징 영양 만점 굴과 쫄깃한 버섯의 만남 통영굴버섯죽 통영에서 올라온 굴의 시원함과 표고버섯의 부드러운 식감이 풍부하게 어우러졌습니다. 바다와 땅의 영양이 만나 더욱 맛깔스러운 일품 영양죽을 만나보세요. ※ [죽 계란 추가 시 안내] 죽을 끓일 때 넣어서 조리합니다. · 2 식재료 이야기 통영의 보물 굴 통영의 보물, 바다의 향을 고스란히 품은 통통하고 뽀얀 굴로 시원한 맛의 깊이를 완성하였습니다. 포옥 끓여낸 우윳빛 굴의 영양이 그대로 우러난, 바다의 맛과 향을 그대로 품고 있는 신선한 해산물들로 맛은 물론 향까지 풍성한 한 그릇을 만나보세요. 은은하고 향긋한 표고버섯 뭉근히 끓여내면 흐물해져버리는 다른 야채들과는 달리 표고버섯은 특유의 식감으로 입안 가득 재미는 물론 활력까지 더해주는 식재료입니다. 특히 향이 좋은 표고버섯은 자칫 호불호가 갈릴 수도 있는 굴의 향을 잘 잡아 음식에 조화를 이뤄내는 특급 비결입니다. 쫄깃한 식감과 비교불가, 은은하고 향긋한 버섯이 만들어내는 특별한 맛을 만나보세요. 3 이럴 때 추천 이 메뉴는 이럴 때 추천해요! #아침식사 입 안이 껄끄러운 피곤하고 바쁜 아침, 자극적이지 않고 먹기도 편해요. #영양간식 건강하면서도 아이들 입맛에 딱 맞는 영양간식으로도 좋아요. #보양 유난히 몸이 무겁고 기력이 부족한 날이 있죠. 마음까지 든든한 온기와 활력을 전해줘요.",버섯|표고버섯,대두 밀 쇠고기 우유 굴,대두|밀|우유|조개류,PARTIAL_DESCRIPTION,CONFIRMED_LABEL,https://api.bonif.co.kr/brand/v1/menu/detail?brdCd=BF101&cmdtIdx=19,2026-10-04,2025-11-11,franchise-quality-v1,OFFICIAL_MENU_DESCRIPTION_AND_BRAND_ALLERGEN_TABLE,게|견과류|달걀|땅콩|새우|생선|조개류,난류(계란) 닭고기 돼지고기 땅콩 게 복숭아 토마토 새우 아황산류 고등어 호두 메밀 오징어 홍합 전복 조개류 잣,true,11D9B0CCB404C09B584F9E7011E95852671F961C130A8A0CC6EBAAC3D9CA259F
official-bon-bf101-2,BON-BF101-2,본죽,진전복죽,"전복을 두 배로 넣은 영양 가득한 든든한 보양죽. 담백하고 고소하면서도 진하게 끓여내어 몸과 마음에 든든한 온기를 채워줍니다. [현미죽 변경 시 안내] 현미죽은 최적의 풍미를 살린 레시피로 기존죽 대비 제공량에 다소 차이가 있습니다. · 1 메뉴 특징 전복이 2배! 바다의 맛과 향을 그대로 담은 대표 보양식 진전복죽 전복을 두 배로 넣은 영양 가득한 든든한 보양죽. 담백하고 고소하면서도 진하게 끓여내어 몸과 마음에 든든한 온기를 채워줍니다. 바다의 생기를 그대로 머금은 전복으로 생활의 활력까지 되찾아주는 영양 만점 보양식을 만나보세요. · 2 식재료 이야기 피로회복과 면역력 강화에 좋은 타우린과 비타민 B군이 풍부한 전복 바다의 산삼이라고 불릴 만큼 건강 식재료로 유명합니다. 바다의 향까지 그대로 품어 풍미까지 가득한 한 그릇. 풍부한 맛과 향을 푹 우려내었습니다. 원기회복을 돕는 영양 듬뿍 대표 보양죽 기력이 달리는 날, 괜스레 속까지 더부룩하고 자도 자도 피곤한 날이 있죠. 고소하고 담백한 맛으로 부담 없는 따뜻한 식사, 속까지 편안한 진짜 보양식을 추천합니다. 부드러운 감칠맛은 입맛 없는 날에도 한 그릇 뚝딱 비우게 하는 비결입니다. 원기회복을 돕는 영양 듬뿍 대표 보양죽을 만나보세요. 3 이럴 때 추천 이 메뉴는 이럴 때 추천해요! #아침식사 입 안이 껄끄러운 피곤하고 바쁜 아침, 자극적이지 않고 먹기도 편해요. #영양간식 건강하면서도 아이들 입맛에 딱 맞는 영양간식으로도 좋아요. #보양 유난히 몸이 무겁고 기력이 부족한 날이 있죠. 마음까지 든든한 온기와 활력을 전해줘요.",전복,대두 밀 쇠고기 우유 전복 조개류 잣,견과류|대두|밀|우유|조개류,PARTIAL_DESCRIPTION,CONFIRMED_LABEL,https://api.bonif.co.kr/brand/v1/menu/detail?brdCd=BF101&cmdtIdx=2,2026-10-04,2025-11-11,franchise-quality-v1,OFFICIAL_MENU_DESCRIPTION_AND_BRAND_ALLERGEN_TABLE,게|견과류|달걀|땅콩|새우|생선|조개류,난류(계란) 닭고기 돼지고기 땅콩 게 복숭아 토마토 새우 아황산류 고등어 호두 메밀 오징어 홍합 굴,true,1ABA4540C243214F65B48B422037A7C5CFEDBC20062764946AE43C1B82667B5F
official-bon-bf101-20,BON-BF101-20,본죽,특통영굴버섯죽,"두 배로 넣어 더욱 깊고 진한 통영산 굴의 시원함과 표고버섯의 부드러운 식감이 풍부하게 어우러졌습니다. · 1 메뉴 특징 통영 굴 2배! 영양 만점 굴과 쫄깃한 버섯의 만남 특통영굴버섯죽 두 배로 넣어 더욱 깊고 진한 통영산 굴의 시원함과 표고버섯의 부드러운 식감이 풍부하게 어우러졌습니다. 바다와 땅의 영양이 만나 더욱 맛깔스러운 일품 영양죽을 만나보세요. ※ [죽 계란 추가 시 안내] 죽을 끓일 때 넣어서 조리합니다. · 2 식재료 이야기 통영의 보물 굴 통영의 보물, 바다의 향을 고스란히 품은 통통하고 뽀얀 굴로 시원한 맛의 깊이를 완성하였습니다. 포옥 끓여낸 우윳빛 굴의 영양이 그대로 우러난, 바다의 맛과 향을 그대로 품고 있는 신선한 해산물들로 맛은 물론 향까지 풍성한 한 그릇을 만나보세요. 은은하고 향긋한 표고버섯 뭉근히 끓여내면 흐물해져버리는 다른 야채들과는 달리 표고버섯은 특유의 식감으로 입안 가득 재미는 물론 활력까지 더해주는 식재료입니다. 특히 향이 좋은 표고버섯은 자칫 호불호가 갈릴 수도 있는 굴의 향을 잘 잡아 음식에 조화를 이뤄내는 특급 비결입니다. 쫄깃한 식감과 비교불가, 은은하고 향긋한 버섯이 만들어내는 특별한 맛을 만나보세요. 3 이럴 때 추천 이 메뉴는 이럴 때 추천해요! #아침식사 입 안이 껄끄러운 피곤하고 바쁜 아침, 자극적이지 않고 먹기도 편해요. #영양간식 건강하면서도 아이들 입맛에 딱 맞는 영양간식으로도 좋아요. #보양 유난히 몸이 무겁고 기력이 부족한 날이 있죠. 마음까지 든든한 온기와 활력을 전해줘요.",굴|버섯|표고버섯,대두 밀 쇠고기 우유 굴,대두|밀|우유|조개류,PARTIAL_DESCRIPTION,CONFIRMED_LABEL,https://api.bonif.co.kr/brand/v1/menu/detail?brdCd=BF101&cmdtIdx=20,2026-10-04,2025-11-11,franchise-quality-v1,OFFICIAL_MENU_DESCRIPTION_AND_BRAND_ALLERGEN_TABLE,게|견과류|달걀|땅콩|새우|생선|조개류,난류(계란) 닭고기 돼지고기 땅콩 게 복숭아 토마토 새우 아황산류 고등어 호두 메밀 오징어 홍합 전복 조개류 잣,true,206D49D6D3C32A0C71D6F74D2BA4029CA1C01BCAB9FF4B03D3EEB13CB0546054
official-bon-bf101-21,BON-BF101-21,본죽,새우죽,"통통한 통새우의 탱글탱글한 식감! 어른도 아이도 모두 좋아하는 포근하고 부드러운 감칠맛. 씹을수록 배가 되는 고소함을 즐겨보세요. [현미죽 변경 시 안내] 현미죽은 최적의 풍미를 살린 레시피로 기존죽 대비 제공량에 다소 차이가 있습니다. · 1 메뉴 특징 오동통 새우의 부드러운 식감 새우죽 통통한 통새우의 탱글탱글한 식감! 씹을수록 배가 되는 고소함을 즐겨보세요. 어른도 아이도 모두 좋아하는 포근하고 부드러운 감칠맛. 한 그릇 가득 행복의 맛을 전합니다. ※ [죽 계란 추가 시 안내] 죽을 끓일 때 넣어서 조리합니다. · 2 식재료 이야기 고소하고 탱탱한 통새우가 듬뿍! 입안에서 톡톡 터지는 부드러운 새우의 맛을 즐겨보세요. 필수 아미노산이 풍부한 저칼로리 고단백질 새우. 항산화 작용은 물론 기력 회복에도 으뜸입니다. 탱글탱글 분홍빛 속살만 먹기 좋게 발라낸 보드라운 영양죽으로 맛있는 새우를 만나보세요. 보드랍고 순한 새우죽 식감도 맛도 자극적이지 않아 남녀노소 누구나 좋아하는 스테디셀러입니다. 특히 아이들 입맛에도 잘 맞아 영양 간식으로도 제격입니다. 풍부한 칼슘은 뼈를 튼튼히 하고 성장을 도와 아이들에게 더욱 안성맞춤입니다. 맛도 좋고 건강한 간식을 챙겨 주고 싶다면, 고소한 새우죽과 함께 해보세요.",새우,대두 밀 쇠고기 우유 새우,대두|밀|새우|우유,PARTIAL_DESCRIPTION,CONFIRMED_LABEL,https://api.bonif.co.kr/brand/v1/menu/detail?brdCd=BF101&cmdtIdx=21,2026-10-04,2025-11-11,franchise-quality-v1,OFFICIAL_MENU_DESCRIPTION_AND_BRAND_ALLERGEN_TABLE,게|견과류|달걀|땅콩|생선|조개류,난류(계란) 닭고기 돼지고기 땅콩 게 복숭아 토마토 아황산류 고등어 호두 메밀 오징어 홍합 전복 굴 조개류 잣,true,951963BC23A1813F79B44ACC4E75C814C76F35BB7D8AAC1A5E3CA29C94F2764A
official-bon-bf101-212,BON-BF101-212,본죽,든든한끼 본쇠고기장조림(80g),"쇠고기 장조림 80g · 1 메뉴 특징 한 끼 사이즈로 즐기는 달콤 짭조름한 간편 반찬 든든한끼 본쇠고기장조림 본죽 매장에서 즐기던 맛과 정성 그대로! 언제 어디서나 먹기 좋은 간편 반찬, 본쇠고기장조림. 한 끼 사이즈로 더 편안하게 만나보세요. 엄선한 건강한 쇠고기를 고온에서 푹 삶은 후 고기의 결을 따라 먹기 좋은 크기로 곱게 찢어 부드러우면서도 쫄깃한 식감으로 남녀노소 누구나 편하게 드실 수 있도록 완성하였습니다. 본죽만의 오랜 비법을 담아 야채 육수를 베이스로 우려낸 특제 간장 소스에 졸여 은은한 풍미가 감칠맛을 더합니다. 달짝지근하면서도 짭조름한 맛의 균형을 제대로 잡은 진정한 밥도둑! 든든한끼 본쇠고기장조림으로 간편하게 만나보세요. 2 제품 정보 3 반찬 제품 소개",쇠고기|장조림,,,PARTIAL_DESCRIPTION,UNKNOWN,https://api.bonif.co.kr/brand/v1/menu/detail?brdCd=BF101&cmdtIdx=212,2026-10-04,2025-11-11,franchise-quality-v1,OFFICIAL_MENU_DESCRIPTION_AND_BRAND_ALLERGEN_TABLE,,,true,C72F5D481C6289E902115825FA01A90DB3D0632B3098EA8ACE0B053066FA0760
official-bon-bf101-22,BON-BF101-22,본죽,특새우죽 (새우2배),"통통한 통새우의 탱글탱글한 식감! 두 배로 풍성하게 넣어 씹을수록 더욱 배가 되는 고소함을 즐겨보세요. · 1 메뉴 특징 탱탱새우 2배! 오동통 새우의 부드러운 식감 특새우죽 통통한 통새우의 탱글탱글한 식감! 두 배로 풍성하게 넣어 씹을수록 더욱 배가 되는 고소함을 즐겨보세요. 어른도 아이도 모두 좋아하는 포근하고 부드러운 감칠맛. 한 그릇 가득 행복의 맛을 전합니다. ※ [죽 계란 추가 시 안내] 죽을 끓일 때 넣어서 조리합니다. · 2 식재료 이야기 고소하고 탱탱한 통새우가 듬뿍! 입안에서 톡톡 터지는 부드러운 새우의 맛을 즐겨보세요. 필수 아미노산이 풍부한 저칼로리 고단백질 새우. 항산화 작용은 물론 기력 회복에도 으뜸입니다. 탱글탱글 분홍빛 속살만 먹기 좋게 발라낸 보드라운 영양죽으로 맛있는 새우를 만나보세요. 보드랍고 순한 새우죽 식감도 맛도 자극적이지 않아 남녀노소 누구나 좋아하는 스테디셀러입니다. 특히 아이들 입맛에도 잘 맞아 영양 간식으로도 제격입니다. 풍부한 칼슘은 뼈를 튼튼히 하고 성장을 도와 아이들에게 더욱 안성맞춤입니다. 맛도 좋고 건강한 간식을 챙겨 주고 싶다면, 고소한 새우죽과 함께 해보세요.",새우,,,PARTIAL_DESCRIPTION,UNKNOWN,https://api.bonif.co.kr/brand/v1/menu/detail?brdCd=BF101&cmdtIdx=22,2026-10-04,2025-11-11,franchise-quality-v1,OFFICIAL_MENU_DESCRIPTION_AND_BRAND_ALLERGEN_TABLE,,,true,32A3125C3BCAE45BA82B6BEE91441784D07FE5C0886EDD93D404DBBE28A4D47A
official-bon-bf101-230,BON-BF101-230,본죽,홍게품은죽,"2마리 홍게 다리살을 통째로 - 세상에 없던 진한 게살 요리를 맛보다! 동해에서 잡아 올린 싱싱한 홍게의 몸통살과 다리살을 발라 내어 그대로 넣고 끓여 낸 홍게살죽. 어디에서도 맛보기 어려운 깊고 진한 풍미를 느낄 수 있는 본죽만의 시그니처 별미 요리죽. · 1 메뉴 특징 본죽 Signature 세상에 없던 진한 게살 요리 홍게 품은 죽 2마리 홍게 다리살을 통째로 - 푸른 동해 바다 속 붉은 보물이라고 불리는 싱싱한 홍게의 풍미를 그대로 품은 한 그릇. 부드러운 쌀알 하나 하나에 홍게의 맛과 향이 진하게 배어들도록 몸통부터 다리까지 게살을 아낌없이 넣고 끓여 내었습니다. 보드랍고 따끈하게 녹아든 홍게살의 짙은 풍미를 즐겨보세요. ※ [죽 계란 추가 시 안내] 죽을 끓일 때 넣어서 조리합니다. · 2 식재료 이야기 몸통부터 다리까지 통째로 담은 홍게살의 깊은 풍미 2마리 홍게 다리살을 통째로 담아 깊고 진한 풍미를 그대로 품은 한 그릇! 산지에서 바로 잡은 속살이 꽉 찬 싱싱한 제철 홍게의 고소하고 보드라운 몸통살부터 쫄깃하고 탱글탱글한 다리살까지 듬뿍 넣고 끓여 잊을 수 없는 게살 요리를 완성합니다. 게살을 더욱 부드럽게 깊고 진한 풍미를 그대로 담은 홍게죽 이 겨울, 맛있는 제철 홍게를 가장 제대로 맛볼 수 있는 방법! 깔끔하고 풍성하게 마지막 한 점까지 남녀노소 누구나 편안히, 마음껏 드실 수 있도록 정성 가득히 발라낸 살점만을 듬뿍 담았습니다. 이제 우아하게, 깊은 풍미 한 가득 품은 부드러운 한 그릇에 빠져보세요.",게살|홍게,대두 밀 쇠고기 우유 게,게|대두|밀|우유,PARTIAL_DESCRIPTION,CONFIRMED_LABEL,https://api.bonif.co.kr/brand/v1/menu/detail?brdCd=BF101&cmdtIdx=230,2026-10-04,2025-11-11,franchise-quality-v1,OFFICIAL_MENU_DESCRIPTION_AND_BRAND_ALLERGEN_TABLE,견과류|달걀|땅콩|새우|생선|조개류,난류(계란) 닭고기 돼지고기 땅콩 복숭아 토마토 새우 아황산류 고등어 호두 메밀 오징어 홍합 전복 굴 조개류 잣,true,BB35CF111EAD2E5847273F474A96994ED55BC81B14173F99E5FD1E11FE27107F
official-bon-bf101-231,BON-BF101-231,본죽,진홍게품은죽 (홍게다리살2배),"4마리 홍게 다리살을 통째로 - 세상에 없던 진한 게살 요리를 맛보다! 동해에서 잡아 올린 싱싱한 홍게의 몸통살과 다리살을 발라 내어 그대로 넣고 끓여 낸 홍게살죽. 어디에서도 맛보기 어려운 깊고 진한 풍미를 느낄 수 있는 본죽만의 시그니처 별미 요리죽. · 1 메뉴 특징 본죽 Signature 4마리 다리살 세상에 없던 진한 게살 요리 홍게 품은 죽 4마리 홍게 다리살을 통째로 - 푸른 동해 바다 속 붉은 보물이라고 불리는 싱싱한 홍게의 풍미를 그대로 품은 한 그릇. 부드러운 쌀알 하나 하나에 홍게의 맛과 향이 진하게 배어들도록 몸통부터 다리까지 게살을 아낌없이 넣고 끓여 내었습니다. 보드랍고 따끈하게 녹아든 홍게살의 짙은 풍미를 즐겨보세요. ※ [죽 계란 추가 시 안내] 죽을 끓일 때 넣어서 조리합니다. · 2 식재료 이야기 몸통부터 다리까지 통째로 담은 홍게살의 깊은 풍미 4마리 홍게 다리살을 통째로 담아 깊고 진한 풍미를 그대로 품은 한 그릇! 산지에서 바로 잡은 속살이 꽉 찬 싱싱한 제철 홍게의 고소하고 보드라운 몸통살부터 쫄깃하고 탱글탱글한 다리살까지 듬뿍 넣고 끓여 잊을 수 없는 게살 요리를 완성합니다. 게살을 더욱 부드럽게 깊고 진한 풍미를 그대로 담은 홍게죽 이 겨울, 맛있는 제철 홍게를 가장 제대로 맛볼 수 있는 방법! 깔끔하고 풍성하게 마지막 한 점까지 남녀노소 누구나 편안히, 마음껏 드실 수 있도록 정성 가득히 발라낸 살점만을 듬뿍 담았습니다. 이제 우아하게, 깊은 풍미 한 가득 품은 부드러운 한 그릇에 빠져보세요.",게살|홍게,,,PARTIAL_DESCRIPTION,UNKNOWN,https://api.bonif.co.kr/brand/v1/menu/detail?brdCd=BF101&cmdtIdx=231,2026-10-04,2025-11-11,franchise-quality-v1,OFFICIAL_MENU_DESCRIPTION_AND_BRAND_ALLERGEN_TABLE,,,true,1C558D03271313BACBEABDC840AF937492578F664FFC546526EC6B298E69B243
official-bon-bf101-232,BON-BF101-232,본죽,특홍게품은죽 (홍게다리살3배),"6마리 홍게 다리살을 통째로 - 세상에 없던 진한 게살 요리를 맛보다! 동해에서 잡아 올린 싱싱한 홍게의 몸통살과 다리살을 발라 내어 그대로 넣고 끓여 낸 홍게살죽. 어디에서도 맛보기 어려운 깊고 진한 풍미를 느낄 수 있는 본죽만의 시그니처 별미 요리죽. · 1 메뉴 특징 본죽 Signature 6마리 다리살 세상에 없던 진한 게살 요리 홍게 품은 죽 6마리 홍게 다리살을 통째로 - 푸른 동해 바다 속 붉은 보물이라고 불리는 싱싱한 홍게의 풍미를 그대로 품은 한 그릇. 부드러운 쌀알 하나 하나에 홍게의 맛과 향이 진하게 배어들도록 몸통부터 다리까지 게살을 아낌없이 넣고 끓여 내었습니다. 보드랍고 따끈하게 녹아든 홍게살의 짙은 풍미를 즐겨보세요. ※ [죽 계란 추가 시 안내] 죽을 끓일 때 넣어서 조리합니다. · 2 식재료 이야기 몸통부터 다리까지 통째로 담은 홍게살의 깊은 풍미 6마리 홍게 다리살을 통째로 담아 깊고 진한 풍미를 그대로 품은 한 그릇! 산지에서 바로 잡은 속살이 꽉 찬 싱싱한 제철 홍게의 고소하고 보드라운 몸통살부터 쫄깃하고 탱글탱글한 다리살까지 듬뿍 넣고 끓여 잊을 수 없는 게살 요리를 완성합니다. 게살을 더욱 부드럽게 깊고 진한 풍미를 그대로 담은 홍게죽 이 겨울, 맛있는 제철 홍게를 가장 제대로 맛볼 수 있는 방법! 깔끔하고 풍성하게 마지막 한 점까지 남녀노소 누구나 편안히, 마음껏 드실 수 있도록 정성 가득히 발라낸 살점만을 듬뿍 담았습니다. 이제 우아하게, 깊은 풍미 한 가득 품은 부드러운 한 그릇에 빠져보세요.",게살|홍게,,,PARTIAL_DESCRIPTION,UNKNOWN,https://api.bonif.co.kr/brand/v1/menu/detail?brdCd=BF101&cmdtIdx=232,2026-10-04,2025-11-11,franchise-quality-v1,OFFICIAL_MENU_DESCRIPTION_AND_BRAND_ALLERGEN_TABLE,,,true,743FE0E9FEB1989C22C6E15F1C78006E2005D2D8835E8711BDA687C8A4D9B271
official-bon-bf101-248,BON-BF101-248,본죽,트러플전복죽,"바다의 진미 전복과 흙 속의 보석 트러플 오일이 만나 요리가 되다! 더욱 깊어진 풍미에 부드러운 전복과 식감 좋은 톳, 트러플 오일로 완성한 품격이 다른 전복죽. 본죽만의 시그니처 별미 요리죽. · 1 메뉴 특징 격이 다른 맛과 풍미를 경험해 보세요! 트러플전복죽​ 바다의 향을 진하게 담은 전복 내장과 각종 영양분이 풍부해 바다의 불로초라 불리는 톳이 어우러져 만들어진 죽 위로, 요리의 가치를 더해주는 트러플 오일과 더욱 크고 부드러워진 전복을 더했습니다. 격이 다른 맛과 풍미를 지닌 요리 위의 요리 트러플 전복죽을 만나보세요. · 2 식재료 이야기 더욱 깊은 맛을 내는 바다의 불로초 ‘톳’과 신선한 ‘전복내장’ 제주 해녀들 밥상에 빠지지 않고 등장하는 오독오독 식감이 좋은 식재료 톳은 다른 해조류에 비해 각종 미네랄과 영양소가 월등히 높고, 식이섬유가 많아 최근에 더욱 주목 받는 상품입니다. 바다의 생기를 그대로 품어 깊은 맛과 풍미를 더해주는 신선한 전복내장과 바다의 불로초 톳이 만난 더욱 깊어진 맛을 만나보세요. 더욱 크고 부드러워진 바다의 진미 ‘전복’ 미역이나 다시마 등 해조류를 먹고 자라 은은한 바다향을 품은 전복은 비타민, 글리신, 아르기닌 같은 아미노산을 함유해 피로 회복과 원기 회복에 탁월한 효능이 있습니다. 재료 본연의 맛과 식감을 가장 잘 느낄 수 있는 더욱 크고 부드러워진 전복이 올라가 보는 즐거움과 씹는 즐거움을 동시에 선사합니다. 세계 3대 진미의 우아한 맛과 향 흙 속의 진주 ‘트러플’ 우리 말로 ‘송로버섯’이라 불리는 트러플은 7년간 땅의 에너지를 흡수하며 자라 자연재배로만 얻을 수 있습니다. 훈련된 돼지나 개를 이용해서만 채취하기 때문에 더욱 희소한 식재료이기도 합니다. 국산 김 가루를 섞어 풍미를 높인 본죽만의 특제 트러플 오일로 세계 3대 진미의 우아한 맛과 향을 담았습니다.",김|미역|버섯|전복,대두 밀 쇠고기 우유 전복 조개류,대두|밀|우유|조개류,PARTIAL_DESCRIPTION,CONFIRMED_LABEL,https://api.bonif.co.kr/brand/v1/menu/detail?brdCd=BF101&cmdtIdx=248,2026-10-04,2025-11-11,franchise-quality-v1,OFFICIAL_MENU_DESCRIPTION_AND_BRAND_ALLERGEN_TABLE,게|견과류|달걀|땅콩|새우|생선|조개류,난류(계란) 닭고기 돼지고기 땅콩 게 복숭아 토마토 새우 아황산류 고등어 호두 메밀 오징어 홍합 굴 잣,true,ED0C5D7C53D617D7CEB207A5FFD9F082EFE0A01FD348F595896EE93B77357174
official-bon-bf101-249,BON-BF101-249,본죽,특트러플전복죽,"바다의 진미 전복과 흙 속의 보석 트러플 오일이 만나 요리가 되다! 더욱 깊어진 풍미에 부드러운 전복과 식감 좋은 톳, 트러플 오일로 완성한 품격이 다른 전복죽. 본죽만의 시그니처 별미 요리죽. · 1 메뉴 특징 본죽 Signature 전복이 2배! 격이 다른 맛과 풍미를 경험해 보세요! 트러플전복죽(특) ​ 바다의 향을 진하게 담은 전복 내장과 각종 영양분이 풍부해 바다의 불로초라 불리는 톳이 어우러져 만들어진 죽 위로, 요리의 가치를 더해주는 트러플 오일과 더욱 크고 부드러워진 전복을 더했습니다. 격이 다른 맛과 풍미를 지닌 요리 위의 요리 트러플 전복죽을 만나보세요. 경험하고 싶은 별식, 맛있는 별미 요리를 얹다. 오직 본죽에서만 만날 수 있는, 죽이 요리가 되는 시간. 뭉근하고 포근하게 푸욱 끓인 죽에서 재료 본연의 맛과 식감까지 그대로 살려 더욱 다채롭고 든든한 새로운 죽으로! 본죽의 시그니처 요리 메뉴, 죽의 새로운 경험으로 초대합니다. · 2 식재료 이야기 더욱 깊은 맛을 내는 바다의 불로초 ‘톳’과 신선한 ‘전복내장’ 제주 해녀들 밥상에 빠지지 않고 등장하는 오독오독 식감이 좋은 식재료 톳은 다른 해조류에 비해 각종 미네랄과 영양소가 월등히 높고, 식이섬유가 많아 최근에 더욱 주목 받는 상품입니다. 바다의 생기를 그대로 품어 깊은 맛과 풍미를 더해주는 신선한 전복내장과 바다의 불로초 톳이 만난 더욱 깊어진 맛을 만나보세요. 더욱 크고 부드러워진 바다의 진미 ‘전복’ 미역이나 다시마 등 해조류를 먹고 자라 은은한 바다향을 품은 전복은 비타민, 글리신, 아르기닌 같은 아미노산을 함유해 피로 회복과 원기 회복에 탁월한 효능이 있습니다. 재료 본연의 맛과 식감을 가장 잘 느낄 수 있는 더욱 크고 부드러워진 전복이 올라가 보는 즐거움과 씹는 즐거움을 동시에 선사합니다. ​ 세계 3대 진미의 우아한 맛과 향 흙 속의 진주 ‘트러플’ 우리 말로 ‘송로버섯’이라 불리는 트러플은 7년간 땅의 에너지를 흡수하며 자라 자연재배로만 얻을 수 있습니다. 훈련된 돼지나 개를 이용해서만 채취하기 때문에 더욱 희소한 식재료이기도 합니다. 국산 김 가루를 섞어 풍미를 높인 본죽만의 특제 트러플 오일로 세계 3대 진미의 우아한 맛과 향을 담았습니다.",김|미역|버섯|전복,대두 밀 쇠고기 우유 전복 조개류,대두|밀|우유|조개류,PARTIAL_DESCRIPTION,CONFIRMED_LABEL,https://api.bonif.co.kr/brand/v1/menu/detail?brdCd=BF101&cmdtIdx=249,2026-10-04,2025-11-11,franchise-quality-v1,OFFICIAL_MENU_DESCRIPTION_AND_BRAND_ALLERGEN_TABLE,게|견과류|달걀|땅콩|새우|생선|조개류,난류(계란) 닭고기 돼지고기 땅콩 게 복숭아 토마토 새우 아황산류 고등어 호두 메밀 오징어 홍합 굴 잣,true,912B2B97F2582486B0E4AE5157B04AE0A6CB71F5C0999BE75199853D32B11376
official-bon-bf101-25,BON-BF101-25,본죽,신짬뽕죽,"땀 흘리게 화끈한 별미! 각종 해물과 콩나물의 시원한 조화! · 1 메뉴 특징 속 풀리는 화끈한 맛 신짬뽕죽 땀 흘리게 화끈한 별미! 각종 해물과 콩나물의 시원한 조화! 짬뽕의 매콤 칼칼한 국물 맛과 풍성한 해산물에서 우러나온 시원함, 다채로운 식감은 그대로 살리고 속 깊은 곳까지 편안한 부드러움을 더했습니다. 스트레스도 답답한 속도 확 풀리는 얼큰 칼칼한 죽을 만나보세요. ※ [죽 계란 추가 시 안내] 죽을 끓일 때 넣어서 조리합니다. · 2 식재료 이야기 바다의 향과 영양 가득 해산물 고소한 새우와 쫄깃한 오징어, 살이 통통하게 오른 탱글탱글한 굴까지 다양한 해산물이 자아내는 시원한 맛을 느껴보세요. 다채로운 식감은 입안 가득 즐거움을 가져다줍니다. 뭉근하게 끓여내어 적당히 부드러운 탄력으로 부담 없이 즐기실 수 있습니다. 바다의 향과 영양 가득한 한 그릇을 만나세요. 시원한 국물의 비결 콩나물 시원한 국물의 비결, 속을 확 풀어주는 특효약, 콩나물은 해독작용을 한다고 알려진 아스파라긴산이 풍부해 숙취해소에 탁월합니다. 아삭아삭한 식감은 입안에 또 다른 즐거움을 가져다 주곤 합니다. 3 이럴 때 추천 이 메뉴는 이럴 때 추천해요! #해장 술을 과하게 먹은 다음날, 속 깊은 곳까지 부드럽게 풀리는 시원한 맛이 좋아요. #스트레스 답답한 속이 확 풀리는 기분, 얼큰한 한 그릇 다 비우고 나면 한결 가벼워져요. #선물 내 소중한 사람의 건강까지 생각하는, 따뜻한 마음을 온전히 담아 특별해요.",콩나물,대두 밀 쇠고기 우유 게 새우 오징어 홍합 굴 조개류,게|대두|밀|새우|우유|조개류,PARTIAL_DESCRIPTION,CONFIRMED_LABEL,https://api.bonif.co.kr/brand/v1/menu/detail?brdCd=BF101&cmdtIdx=25,2026-10-04,2025-11-11,franchise-quality-v1,OFFICIAL_MENU_DESCRIPTION_AND_BRAND_ALLERGEN_TABLE,견과류|달걀|땅콩|생선|조개류,난류(계란) 닭고기 돼지고기 땅콩 복숭아 토마토 아황산류 고등어 호두 메밀 전복 잣,true,BD935FC266C28951CB4E1F6960D9C0E7756546710E66EDB7053326BCFF2867FA
official-bon-bf101-27,BON-BF101-27,본죽,낙지김치죽,"쫄깃쫄깃한 낙지와 아삭아삭 매콤 새콤한 김치의 환상 궁합! 낙지와 김치에서 끓일수록 은은하게 우러난 단맛이 매콤한 맛에 어우러져 특유의 맛깔스러운 감칠맛을 완성합니다. ※ 현미죽으로 변경 추천! · 1 메뉴 특징 아삭아삭 쫄깃쫄깃, 매콤한 감칠맛이 입안 가득! 낙지김치죽 쫄깃쫄깃한 낙지와 아삭아삭 매콤 새콤한 김치의 환상 궁합! 낙지와 김치에서 끓일수록 은은하게 우러난 단맛이 매콤한 맛에 어우러져 특유의 맛깔스러운 감칠맛을 완성합니다. 생각만 해도 침이 고이는 최고의 조합을 직접 경험해보세요. 현미죽으로 변경하여, 더 맛있는 별미죽을 즐겨보세요! ※ [죽 계란 추가 시 안내] 죽을 끓일 때 넣어서 조리합니다. · 2 식재료 이야기 보양식품의 대명사 낙지 지친 소도 벌떡 일으킨다는 보양식품의 대명사, 낙지. 신선한 바다의 활력은 물론 탱글탱글 질기지 않고 적당히 부드러운 탄력을 자랑합니다. 입안에서 씹히는 쫄깃한 식감에 재미까지 더한 한 그릇으로 맛있게 건강을 챙기세요. 아삭한 식감의 김치 맛 들어진 잘 익은 김치를 송송 다져 넣었습니다. 아삭아삭 식감의 재미를 살려 알맞게 끓여낸 김치는 매콤하면서도 입맛을 확 돋우는 비결입니다. 한 번 맛보면 잊을 수 없는 특별한 맛, 특별한 별미를 만나보세요. 3 이럴 때 추천 이 메뉴는 이럴 때 추천해요! #보양 유난히 몸이 무겁고 기력이 부족한 날이 있죠. 마음까지 든든한 온기와 활력을 전해줘요. #해장 술을 과하게 먹은 다음날, 속 깊은 곳까지 부드럽게 풀리는 시원한 맛이 좋아요. #스트레스 답답한 속이 확 풀리는 기분, 얼큰한 한 그릇 다 비우고 나면 한결 가벼워져요.",김치|낙지,대두 밀 쇠고기 우유 새우 조개류,대두|밀|새우|우유|조개류,PARTIAL_DESCRIPTION,CONFIRMED_LABEL,https://api.bonif.co.kr/brand/v1/menu/detail?brdCd=BF101&cmdtIdx=27,2026-10-04,2025-11-11,franchise-quality-v1,OFFICIAL_MENU_DESCRIPTION_AND_BRAND_ALLERGEN_TABLE,게|견과류|달걀|땅콩|생선|조개류,난류(계란) 닭고기 돼지고기 땅콩 게 복숭아 토마토 아황산류 고등어 호두 메밀 오징어 홍합 전복 굴 잣,true,A5D9C2D75F4E02C7652F5546474A4C272D4AED02BA2B5126DE004C2D6EA86120
official-bon-bf101-29,BON-BF101-29,본죽,불고기낙지죽(불낙),"불고기와 낙지를 듬뿍 넣어 체력 보충에 좋은 특별 영양죽! 시험 합격을 기원하는 ‘(아니)불 (떨어질)낙’, 불낙죽으로 따뜻한 마음과 응원의 메시지를 담아 선물해보세요. · 1 메뉴 특징 응원의 마음까지 가득 담은 영양죽 불낙죽(不落죽) 불고기와 낙지를 듬뿍 넣어 체력 보충에 좋은 특별 영양죽! 시험 합격을 기원하는 ‘(아니)불 (떨어질)낙’, 절대 떨어지지 않는다는 의미까지 담겨있는 불낙죽으로 따뜻한 마음과 응원의 메시지를 담아 선물해보세요. 한 그릇 가득 땅과 바다의 영양을 모두 담은 한 끼를 추천합니다. · 2 식재료 이야기 남녀노소 좋아하는 소불고기 남녀노소 누구나 좋아하는 언제 먹어도 맛있는 소불고기는 달콤 짭짤한 간장 소스가 자작하게 배어들어 풍부한 감칠맛이 일품입니다. 고단백질 영양과 맛은 그대로, 부드럽고 풍성히 갈아 넣어 몸과 마음에도 부담 없이 든든한 기운을 전합니다. 보양식품의 대명사 낙지 지친 소도 벌떡 일으킨다는 보양식품의 대명사, 낙지. 신선한 바다의 활력은 물론 탱글탱글 질기지 않고 적당히 부드러운 탄력을 자랑합니다. 입안에서 씹히는 쫄깃한 식감에 재미까지 더한 한 그릇으로 맛있게 건강을 챙기세요. 3 이럴 때 추천 이 메뉴는 이럴 때 추천해요! #선물 내 소중한 사람의 건강까지 생각하는, 따뜻한 마음을 온전히 담아 특별해요. #보양 유난히 몸이 무겁고 기력이 부족한 날이 있죠. 마음까지 든든한 온기와 활력을 전해줘요. #영양간식 건강하면서도 아이들 입맛에 딱 맞는 영양간식으로도 좋아요.",낙지,,,PARTIAL_DESCRIPTION,UNKNOWN,https://api.bonif.co.kr/brand/v1/menu/detail?brdCd=BF101&cmdtIdx=29,2026-10-04,2025-11-11,franchise-quality-v1,OFFICIAL_MENU_DESCRIPTION_AND_BRAND_ALLERGEN_TABLE,,,true,86989066C9B44740A97D1C6F8D5F47B90DE45D136E3E2AA5953D05CDAE70A6B3
official-bon-bf101-3,BON-BF101-3,본죽,특전복죽,"전복을 세 배로 넣은 영양 가득한 든든한 보양죽. 담백하고 고소하면서도 진하게 끓여내어 몸과 마음에 든든한 온기를 채워줍니다. [현미죽 변경 시 안내] 현미죽은 최적의 풍미를 살린 레시피로 기존죽 대비 제공량에 다소 차이가 있습니다. · 1 메뉴 특징 전복이 3배! 바다의 맛과 향을 그대로 담은 대표 보양식 특전복죽 전복을 세 배로 넣은 영양 가득한 든든한 보양죽. 담백하고 고소하면서도 진하게 끓여내어 몸과 마음에 든든한 온기를 채워줍니다. 바다의 생기를 그대로 머금은 전복으로 생활의 활력까지 되찾아주는 영양 만점 보양식을 만나보세요. · 2 식재료 이야기 피로회복과 면역력 강화에 좋은 타우린과 비타민 B군이 풍부한 전복 바다의 산삼이라고 불릴 만큼 건강 식재료로 유명합니다. 바다의 향까지 그대로 품어 풍미까지 가득한 한 그릇. 풍부한 맛과 향을 푹 우려내었습니다. 원기회복을 돕는 영양 듬뿍 대표 보양죽 기력이 달리는 날, 괜스레 속까지 더부룩하고 자도 자도 피곤한 날이 있죠. 고소하고 담백한 맛으로 부담 없는 따뜻한 식사, 속까지 편안한 진짜 보양식을 추천합니다. 부드러운 감칠맛은 입맛 없는 날에도 한 그릇 뚝딱 비우게 하는 비결입니다. 원기회복을 돕는 영양 듬뿍 대표 보양죽을 만나보세요. 3 이럴 때 추천 이 메뉴는 이럴 때 추천해요! #보양 유난히 몸이 무겁고 기력이 부족한 날이 있죠. 마음까지 든든한 온기와 활력을 전해줘요. #아침식사 입 안이 껄끄러운 피곤하고 바쁜 아침, 자극적이지 않고 먹기도 편해요. #선물 내 소중한 사람의 건강까지 생각하는, 따뜻한 마음을 온전히 담아 특별해요.",전복,대두 밀 쇠고기 우유 전복 조개류 잣,견과류|대두|밀|우유|조개류,PARTIAL_DESCRIPTION,CONFIRMED_LABEL,https://api.bonif.co.kr/brand/v1/menu/detail?brdCd=BF101&cmdtIdx=3,2026-10-04,2025-11-11,franchise-quality-v1,OFFICIAL_MENU_DESCRIPTION_AND_BRAND_ALLERGEN_TABLE,게|견과류|달걀|땅콩|새우|생선|조개류,난류(계란) 닭고기 돼지고기 땅콩 게 복숭아 토마토 새우 아황산류 고등어 호두 메밀 오징어 홍합 굴,true,855A6A936644C11006AB2903BD342C506328A36A20917B3069FF9F5719BFC5CD
official-bon-bf101-31,BON-BF101-31,본죽,단호박죽,가벼우면서도 달달한 하루를 만드는 기분 좋은 한 스푼. 100% 단호박으로 진하게 끓여 한 그릇 가득 담아낸 달달한 온기는 일상에 작은 행복을 가져다줍니다 · 1 메뉴 특징 입안에 찾아온 기분 좋은 선물 단호박죽 가벼우면서도 달달한 하루를 만드는 기분 좋은 한 스푼. 100% 단호박으로 진하게 끓여 한 그릇 가득 담아낸 달달한 온기는 일상에 작은 행복을 가져다줍니다. 몸과 마음에 즐거운 활력소를 선물하세요. · 2 식재료 이야기 부드럽고 달달한 단호박 붓기를 빼주고 피부를 깨끗하게 가꿔주는 단호박. 비타민과 식이섬유가 풍부해 여성들에게 특히 높은 인기를 자랑합니다. 다른 첨가물 없이 100% 단호박으로 끓여 내어 더욱 진한 단호박 그대로의 맛을 즐기실 수 있습니다. 이렇게 맛있는 건강식 만나보신 적 있으신가요? 부드럽고 달달하면서도 영양 가득한 한 그릇을 추천합니다. 쫄깃쫄깃 새알심 동글동글 쫄깃쫄깃 모양도 식감도 재미있는 새알심이 동동! 뜨끈한 죽과 호호 불어 함께 곁들이면 먹는 재미가 더해진 최고의 조합을 경험하실 수 있습니다. 쫀득한 새알심으로 포만감까지 살린 든든하고 즐거운 한 그릇을 만나보세요.,단호박,,,PARTIAL_DESCRIPTION,UNKNOWN,https://api.bonif.co.kr/brand/v1/menu/detail?brdCd=BF101&cmdtIdx=31,2026-10-04,2025-11-11,franchise-quality-v1,OFFICIAL_MENU_DESCRIPTION_AND_BRAND_ALLERGEN_TABLE,,복숭아,true,3E04763FB2E201637A1447779FBD9C6E7D4C82DE7BAA87C55D693F34005CC9FA
official-bon-bf101-32,BON-BF101-32,본죽,동지팥죽,"밤이 가장 긴 추운 겨울 동짓날 함께하는 김이 모락모락 나는 뜨끈한 팥죽 한 그릇 전통 방식으로 뭉근하게 끓여내어 팥 본연의 풍미를 그대로 살린 맛을 느껴보세요! · 1 메뉴 특징 행운을 가져다주는 뜨끈한 한 그릇 동지팥죽 밤이 가장 긴 추운 겨울 동짓날 함께하는 김이 모락모락 나는 뜨끈한 팥죽 한 그릇 전통 방식으로 끓여 깊고 진한 맛이 일품입니다 담백한 팥 본연의 맛을 그대로 살린 풍성한 맛 나쁜 기운까지 쫓아준다는 동지팥죽으로 행운 가득 받으세요! · 2 식재료 이야기 담백하고 고소한 팥 전통 방식으로 정성껏 끓여낸 포근한 맛. 팥 고유의 맛을 최대한 그대로 살려 담백하고 고소하면서도 은은한 단맛이 일품입니다. 든든한 한 끼 식사로서도, 더욱 진한 팥 그대로의 맛을 즐기실 수 있습니다. 맛있는 건강 간식으로서도 딱 좋은 깊고 진한 부드러운 팥죽을 추천합니다. 쫄깃쫄깃 새알심 동글동글 쫄깃쫄깃 모양도 식감도 재미있는 새알심이 동동! 뜨끈한 죽과 호호 불어 함께 곁들이면 먹는 재미가 더해진 최고의 조합을 경험하실 수 있습니다. 쫀득한 새알심으로 포만감까지 살린 든든하고 즐거운 한 그릇을 만나보세요. 3 이럴 때 추천 이 메뉴는 이럴 때 추천해요! #선물 내 소중한 사람의 건강까지 생각하는, 따뜻한 마음을 온전히 담아 특별해요. #아침식사 입 안이 껄끄러운 피곤하고 바쁜 아침, 자극적이지 않고 먹기도 편해요. #미용 피부에도 몸매에도 최고! 내일을 기대하게 되는 새로운 나를 위해 먹어요.",,,,PARTIAL_DESCRIPTION,UNKNOWN,https://api.bonif.co.kr/brand/v1/menu/detail?brdCd=BF101&cmdtIdx=32,2026-10-04,2025-11-11,franchise-quality-v1,OFFICIAL_MENU_DESCRIPTION_AND_BRAND_ALLERGEN_TABLE,,,true,F43B28B3B2EAAC98281DA391D642E1E07F7FEA32C00A26BE1A2CFE5F8F18E37A
official-bon-bf101-321,BON-BF101-321,본죽,흰죽,"쌀의 영양만을 듬뿍 담아 끓여낸 흰죽. 몸과 마음에 회복이 필요할 때, 자극 없는 부드러운 온기를 만나보세요. · 1 메뉴 특징 보드라운 회복 에너지 흰 죽 쌀의 영양만을 듬뿍 담아 부드럽게 끓여 내었습니다. 몸과 마음에 회복이 필요할 때, 자극 없이 소화를 돕는 따끈한 온기를 만나보세요. 곡물의 영양을 가득 품은 든든한 에너지를 전합니다. ※ [죽 계란 추가 시 안내] 죽을 끓일 때 넣어서 조리합니다. · 2 식재료 이야기 곡물의 영양 그대로 쌀 쌀의 영양만을 듬뿍 담아 끓여 낸 흰죽. 다른 식재료를 넣지 않아 자극 없이 소화를 돕습니다. 아무 힘도 없는 하루, 삼키는 것조차 버거운 날, 빈 속이 놀라지 않도록 순한 음식이 필요할 때 부드럽고 따끈한 온기를 더해 지친 몸과 마음에 회복할 힘을 전해줄 거예요. 건강한 내일을 만날 에너지까지 얻어보세요.",,,,PARTIAL_DESCRIPTION,UNKNOWN,https://api.bonif.co.kr/brand/v1/menu/detail?brdCd=BF101&cmdtIdx=321,2026-10-04,2025-11-11,franchise-quality-v1,OFFICIAL_MENU_DESCRIPTION_AND_BRAND_ALLERGEN_TABLE,,,true,255D99119215A43EE4DCA3CE6278F8BAE390D4C308109F6DE9B8E1B1F75A9EA4
official-bon-bf101-33,BON-BF101-33,본죽,흑임자죽,"건강, 장수식품으로 사랑 받아온 블랙푸드의 대표주자 검은깨를 듬뿍 넣었습니다. 풍부하고 짙은 고소함을 가득 품은 한 그릇을 만나보세요. · 1 메뉴 특징 건강과 장수의 블랙푸드 흑임자죽 건강, 장수식품으로 사랑받아 온 블랙푸드의 대표주자 검은깨를 듬뿍 넣었습니다. 풍부하고 짙은 고소함을 가득 품은 한 그릇을 만나보세요. 검은깨의 풍미와 영양은 그대로, 부드러움까지 더한 편안함을 느껴보세요. · 2 식재료 이야기 영양 가득 검은깨 영양 가득한 검은깨를 가장 많이 섭취할 수 있는 방법. 안토시안이 풍부해 항산화 작용을 돕는다는 검은깨. 건강은 물론 특유의 고소함과 풍미도 일품입니다. 짙은 고소함은 살리고 부드러움을 더했습니다. 검은깨의 영양과 풍미 흑임자죽 궁중에서 아침 식사 전에 간단하게 먹는 초조반(初早飯)으로 많이 올렸다는 흑임자죽. 고소한 부드러움이 부담없이 즐거운 한 끼를 완성합니다. 간식으로도 식사 대용으로도 충분한 속 편한 한 그릇. 쓰거나 텁텁한 맛 없이 담백하고 깔끔하게 끓여내었습니다. 가볍게 후루룩! 검은깨의 영양과 풍미를 그대로 만나보세요. 3 이럴 때 추천 이 메뉴는 이럴 때 추천해요! #아침식사 입 안이 껄끄러운 피곤하고 바쁜 아침, 자극적이지 않고 먹기도 편해요. #선물 내 소중한 사람의 건강까지 생각하는, 따뜻한 마음을 온전히 담아 특별해요. #보양 유난히 몸이 무겁고 기력이 부족한 날이 있죠. 마음까지 든든한 온기와 활력을 전해줘요.",검은깨,잣,견과류,PARTIAL_DESCRIPTION,CONFIRMED_LABEL,https://api.bonif.co.kr/brand/v1/menu/detail?brdCd=BF101&cmdtIdx=33,2026-10-04,2025-11-11,franchise-quality-v1,OFFICIAL_MENU_DESCRIPTION_AND_BRAND_ALLERGEN_TABLE,,,true,319BBEB1F3816259852F5BCF6E82C1E004005F4FCE0FFF61875E352500A99018
official-bon-bf101-337,BON-BF101-337,본죽,(낱개)진짜배즙,"진짜배즙 1팩 (100ml) · 1 메뉴 특징 물 한 방울 넣지 않은 순수한 배즙 진짜배즙. 순도 높은 국산 배와 자연의 원료만을 담아 담백하고 순수한 맛이 살아있는 진짜배즙. 농산물 생산에서부터 수확 후 포장 단계까지 위해요소를 관리하는 우수농산물관리제도 ‘GAP(Good Agricultural Practices)’ 인증을 받은 배만을 사용하여 온 가족이 안심하고 먹을 수 있는 품질을 자랑합니다. 물 한 방울 넣지 않고 원물 통째로 착즙하여 배의 향미를 제대로 살린 것은 물론, 껍질에 풍부한 식이섬유와 항산화 성분까지 모두 담았습니다. 유자, 모과, 도라지, 은행을 더해 풍부하게 자연의 맛을 살리면서 배의 차가운 성질을 보완해 더욱 건강하게 완성한 완벽한 진짜배즙을 만나보세요. 2 제품 정보 3 간편식 및 음료 제품 소개",안심,,,PARTIAL_DESCRIPTION,UNKNOWN,https://api.bonif.co.kr/brand/v1/menu/detail?brdCd=BF101&cmdtIdx=337,2026-10-04,2025-11-11,franchise-quality-v1,OFFICIAL_MENU_DESCRIPTION_AND_BRAND_ALLERGEN_TABLE,,,true,6ED3E4FCB83F630509CF7A643EF83E031CBF73077F1DCF70DDBC361BA5EF9CCE
official-bon-bf101-34,BON-BF101-34,본죽,녹두죽,"향긋하고 고소한 녹두를 곱게 갈아 끓였습니다. 열을 내리는데 도움을 주어 여름철 원기회복으로도 최고의 영양식입니다. · 1 메뉴 특징 부드럽고 은은한 녹두의 향 녹두죽 향긋하고 고소한 녹두를 곱게 갈아 끓였습니다. 열을 내리는데 도움을 주어 여름철 원기회복으로도 최고의 영양식입니다. 잃었던 입맛은 물론 기운까지 되찾아주는 부드러운 녹두죽을 만나보세요. · 2 식재료 이야기 고소한 풍미의 녹두 식욕을 돋우는 녹두죽은 입맛 없는 날에 딱 좋은 고소한 풍미를 자랑합니다. 보드랍고 향긋한 감칠맛으로 한번 맛보면 자꾸만 생각나는 별미, 녹두죽을 만나보세요. 지친 몸과 마음에 활력을 주는 녹두죽 여름철 기력회복에 딱 좋은 녹두죽. 뛰어난 해독 성분으로 몸에 쌓인 노폐물을 해독하여, 몸의 열을 내려주는 효능으로 더위를 먹었을 때 탁월한 효과를 발휘합니다. 숙취 해소에도 도움을 주는 천연해독제, 녹두로 지친 몸과 마음에 활력을 더해보세요. 3 이럴 때 추천 이 메뉴는 이럴 때 추천해요! #보양 유난히 몸이 무겁고 기력이 부족한 날이 있죠. 마음까지 든든한 온기와 활력을 전해줘요. #아침식사 입 안이 껄끄러운 피곤하고 바쁜 아침, 자극적이지 않고 먹기도 편해요. #선물 내 소중한 사람의 건강까지 생각하는, 따뜻한 마음을 온전히 담아 특별해요.",녹두,,,PARTIAL_DESCRIPTION,UNKNOWN,https://api.bonif.co.kr/brand/v1/menu/detail?brdCd=BF101&cmdtIdx=34,2026-10-04,2025-11-11,franchise-quality-v1,OFFICIAL_MENU_DESCRIPTION_AND_BRAND_ALLERGEN_TABLE,,,true,1F1BFA8841B29B42BA9CCB9F67618B6D8ACE0CA7B7F005AD19E33A92144AFB50
official-bon-bf101-341,BON-BF101-341,본죽,본쇠고기장조림(300g),"쇠고기 장조림 300g · 1 메뉴 특징 달콤 짭조름한 완벽한 맛의 균형 본쇠고기장조림 본죽 매장에서 즐기던 맛과 정성 그대로! 언제 어디서나 먹기 좋은 간편 반찬, 본쇠고기장조림. 엄선한 건강한 쇠고기를 고온에서 푹 삶은 후 고기의 결을 따라 먹기 좋은 크기로 곱게 찢어 부드러우면서도 쫄깃한 식감으로 남녀노소 누구나 편하게 드실 수 있도록 완성하였습니다. 본죽만의 오랜 비법을 담아 야채 육수를 베이스로 우려낸 특제 간장 소스에 졸여 은은한 풍미가 감칠맛을 더합니다. 달짝지근하면서도 짭조름한 맛의 균형을 제대로 잡은 진정한 밥도둑! 본 쇠고기 장조림으로 간편하게 만나보세요. 2 제품 정보 3 반찬 제품 소개",쇠고기|장조림,,,PARTIAL_DESCRIPTION,UNKNOWN,https://api.bonif.co.kr/brand/v1/menu/detail?brdCd=BF101&cmdtIdx=341,2026-10-04,2025-11-11,franchise-quality-v1,OFFICIAL_MENU_DESCRIPTION_AND_BRAND_ALLERGEN_TABLE,,,true,2316DD1EDAE1271C61685ED3E9A65C42A7A959F5132FE3C179C6F166335F61EE
official-bon-bf101-343,BON-BF101-343,본죽,본메추리알쇠고기장조림(150g),"메추리알쇠고기 장조림 150g · 1 메뉴 특징 보드라운 쇠고기와 고소한 메추리알의 완벽한 조합 본메추리알쇠고기장조림 본죽 매장에서 즐기던 맛과 정성 그대로! 언제 어디서나 먹기 좋은 간편 반찬, 본메추리알쇠고기장조림. 엄선한 건강한 쇠고기를 고온에서 푹 삶은 후 고기의 결을 따라 먹기 좋은 크기로 곱게 찢어 부드러우면서도 쫄깃한 식감으로 남녀노소 누구나 편하게 드실 수 있도록 완성하였습니다. 여기에 한 입에 먹기 좋은 고소한 메추리알까지 쏙쏙! 골라먹는 재미까지 느껴보세요. 본죽만의 오랜 비법을 담아 야채 육수를 베이스로 우려낸 특제 간장 소스에 졸여 은은한 풍미가 감칠맛을 더합니다. 달짝지근하면서도 짭조름한 맛의 균형을 제대로 잡은 진정한 밥도둑! 본메추리알쇠고기장조림을 간편하게 만나보세요. 2 제품 정보 3 반찬 제품 소개",메추리알|쇠고기|장조림,,,PARTIAL_DESCRIPTION,UNKNOWN,https://api.bonif.co.kr/brand/v1/menu/detail?brdCd=BF101&cmdtIdx=343,2026-10-04,2025-11-11,franchise-quality-v1,OFFICIAL_MENU_DESCRIPTION_AND_BRAND_ALLERGEN_TABLE,,,true,60D26CC61E934F5B3A66E127CF5E3A54D584141574B6FEDB568A0D0FDDAB6911
official-bon-bf101-35,BON-BF101-35,본죽,명품잣죽,"100% 가평 잣으로 더욱 진한 고소한 맛과 은은한 향을 만나보세요. 부드럽게 퍼지는 섬세한 향이 풍미를 살려 한 입 맛볼 때마다 새로운 즐거움을 안겨줍니다. · 1 메뉴 특징 은은한 솔향과 보드라운 온기 명품잣죽 단백질이 풍부한 100% 국내산 잣으로 더욱 진하고 고소한 맛과 은은한 향을 만나보세요. 부드럽게 퍼지는 섬세한 향이 풍미를 살려 한입 맛볼 때마다 새로운 즐거움을 안겨줍니다. 입안에 찾아온 보드랍고 온화한 맛을 즐겨보세요. · 2 식재료 이야기 귀한 손님에게 대접하는 명품잣죽 아침을 여는 좋은 시작점. 잣죽은 귀한 손님에게만 대접하는 아침상으로 올리던 대표적인 보양식입니다. 그만큼 특별하고 보드라운 맛과 풍미, 영양을 자랑하는 잣죽으로 깨우는 새로운 아침은 어떨까요? 따끈하고 온화한 온기가 온몸 가득 퍼져 하루를 시작할 든든한 힘을 가져다 줄 것 입니다. 3 이럴 때 추천 이 메뉴는 이럴 때 추천해요! #보양 유난히 몸이 무겁고 기력이 부족한 날이 있죠. 마음까지 든든한 온기와 활력을 전해줘요. #아침식사 입 안이 껄끄러운 피곤하고 바쁜 아침, 자극적이지 않고 먹기도 편해요. #선물 내 소중한 사람의 건강까지 생각하는, 따뜻한 마음을 온전히 담아 특별해요.",,잣,견과류,PARTIAL_DESCRIPTION,CONFIRMED_LABEL,https://api.bonif.co.kr/brand/v1/menu/detail?brdCd=BF101&cmdtIdx=35,2026-10-04,2025-11-11,franchise-quality-v1,OFFICIAL_MENU_DESCRIPTION_AND_BRAND_ALLERGEN_TABLE,,,true,D76B882B79F021E90C95EAA75388DCE4D2544D3A355BFBBC6970E44EA000CDDF
official-bon-bf101-359,BON-BF101-359,본죽,한우참깨애호박죽,"이유식 후기 (9 ~ 11개월) 한우참깨애호박죽 180g · 1 메뉴 특징 한우와 애호박의 영양이 듬뿍 [베이비본죽 to go] 한우참깨애호박죽 본죽이 만든 프리미엄 이유식, 베이비본죽 to go를 간편하고 건강하게 만나보세요. 가볍게 휴대하기 좋은 실온 이유식으로 더욱 편리하게 즐길 수 있습니다. 고소하면서 은은한 풍미로 아이가 맛있게 즐기면서 성장에 필요한 영양분 섭취는 물론, 자연스럽게 식품에 대한 경험까지 늘려갈 수 있도록 한우에 애호박, 당근, 양파까지 더해 영양분을 풍부하게 담은 한우참깨애호박죽. 후기 이유식은 9 ~ 11개월의 아이들을 위해 맞춘 제품입니다. 씹는 운동이 활발해지며 입맛이 형성되는 이 시기의 아이들을 위해 3 ~ 5mm 크기의 재료를 넣었습니다. 또한 성장에 중요한 철분 섭취를 위해 무항생제 한우를 15% 이상 넣었습니다. 우리 아이를 위한 맘이 편한 식사 시간, 쉽고 가볍게 만나보세요. 2 이 시기에 딱 좋아요! · 3 식재료 이야기 아이 성장 발달과 두뇌 개발에 중요한 철분. 그러나 생후 4 ~ 6개월이 지나면 신생아 때 물려받은 철분이 거의 다 소진되어 이유식을 통한 충분한 철분 섭취가 중요합니다. 베이비본죽 to go는 한우를 15%이상 함유하여 시중 제품에 비해 풍부한 철분 함유량을 자랑합니다. 특히 국내산 무항생제 한우를 사용하여 더욱 건강하게 고소하고 담백한 맛을 더했습니다. 맛과 영양을 모두 챙긴 똑똑한 이유식을 만나보세요. 아이들의 두뇌 발달에 좋은 레시틴 성분과 위를 튼튼하게 보호해주고 소화 불량을 개선하는 비타민 A가 풍부한 애호박과 당근, 양파까지 모두 건강한 국내산 식재를 사용하여 아이 성장에 중요한 영양분을 풍부하게 담았습니다. 특히 다양한 식감을 살려 아이의 턱과 입술의 발달을 돕고 질감을 더해 음식에 대한 경험을 자연스럽게 늘려가도록 도움을 주는 역할을 합니다. 건강한 우리 아이를 위한 현명한 선택, 간편하게 만나보세요. 4 이용 방법 5 주의 사항 6 제품 정보 7 간편식 및 음료 제품 소개",당근|애호박|양파|참깨,,,PARTIAL_DESCRIPTION,UNKNOWN,https://api.bonif.co.kr/brand/v1/menu/detail?brdCd=BF101&cmdtIdx=359,2026-10-04,2025-11-11,franchise-quality-v1,OFFICIAL_MENU_DESCRIPTION_AND_BRAND_ALLERGEN_TABLE,,,true,660FCD80E0953C2AF27731E79F688777F4FBD44BA1CC846EC762F55F87BA0331
official-bon-bf101-363,BON-BF101-363,본죽,한우야채진밥,"이유식 완료기 (12 ~ 15개월) 한우야채진밥 180g · 1 메뉴 특징 한우와 다양한 야채의 영양이 듬뿍 [베이비본죽 to go] 한우야채진밥 본죽이 만든 프리미엄 이유식, 베이비본죽 to go를 간편하고 건강하게 만나보세요. 가볍게 휴대하기 좋은 실온 이유식으로 더욱 편리하게 즐길 수 있습니다. 고소하면서 은은한 풍미로 아이가 맛있게 즐기면서 성장에 필요한 영양분 섭취는 물론 자연스럽게 식품에 대한 경험까지 늘려갈 수 있도록 한우와 다양한 야채 등 풍부한 식재로 질감을 살린 한우야채진밥. 완료기 이유식은 12 ~ 15개월의 아이들을 위해 맞춘 제품입니다. 본격적인 유아식을 시작하기 전에 쉽게 적응할 수 있도록 도와주는 준비 단계로 아이가 씹는 연습을 더 잘할 수 있도록 끈기와 찰기가 있는 진밥 형태에 5 ~ 7mm로 재료의 입자감을 살려 완성하였습니다. 특히 운동량이 많아지는 이 시기의 아이들에게 5대 영양소 섭취와 에너지 보충은 물론 편식까지 예방할 수 있도록 다양한 자연의 식재를 함께 더해 균형 잡힌 식단으로 준비하였습니다. 성장에 중요한 철분 섭취를 위해 무항생제 한우까지 15% 이상 든든히 함유한 이유식! 우리 아이를 위한 맘이 편한 식사 시간, 쉽고 가볍게 만나보세요. 2 이 시기에 딱 좋아요! · 3 식재료 이야기 아이 성장 발달과 두뇌 개발에 중요한 철분. 그러나 생후 4 ~ 6개월이 지나면 신생아 때 물려받은 철분이 거의 다 소진되어 이유식을 통한 충분한 철분 섭취가 중요합니다. 베이비본죽 to go는 한우를 15%이상 함유하여 시중 제품에 비해 풍부한 철분 함유량을 자랑합니다. 특히 국내산 무항생제 한우를 사용하여 더욱 건강하게 고소하고 담백한 맛을 더했습니다. 맛과 영양을 모두 챙긴 똑똑한 이유식을 만나보세요. 아이들의 두뇌 발달에 좋은 레시틴 성분과 위를 튼튼하게 보호해주고 소화 불량을 개선하는 비타민 A가 풍부한 애호박과 당근, 양파까지 모두 건강한 국내산 식재를 사용하여 아이 성장에 중요한 영양분을 풍부하게 담았습니다. 특히 다양한 식감을 살려 아이의 턱과 입술의 발달을 돕고 질감을 더해 음식에 대한 경험을 자연스럽게 늘려가도록 도움을 주는 역할을 합니다. 건강한 우리 아이를 위한 현명한 선택, 간편하게 만나보세요. 4 이용 방법 5 주의 사항 6 제품 정보 7 간편식 및 음료 제품 소개",당근|애호박|양파,,,PARTIAL_DESCRIPTION,UNKNOWN,https://api.bonif.co.kr/brand/v1/menu/detail?brdCd=BF101&cmdtIdx=363,2026-10-04,2025-11-11,franchise-quality-v1,OFFICIAL_MENU_DESCRIPTION_AND_BRAND_ALLERGEN_TABLE,,,true,FDD6FBE4A919FD3FFF19477D73690A0F0DEEF32551DCFCE653F2758AC1B0EF0A
official-bon-bf101-369,BON-BF101-369,본죽,(500ml)본매실골드,"매실 원액 500ml · 1 메뉴 특징 새콤 달콤 상큼한 맛과 향 본매실골드 새콤 달콤 입맛 돋우는 향긋한 매실. 푸릇푸릇한 여름의 향을 그대로 품은 매실을 만나는 가장 간편한 방법! 상큼한 과즙의 맛과 과육에 가득한 영양이 듬뿍 담긴 매실 원액을 만나보세요. 일일이 좋은 과일을 골라 손질할 필요 없이 쉽고 맛있게, 더욱 풍부하게 섭취해보세요. 본죽의 요리 연구 노하우로 완성하여 더욱 특별한 맛과 향을 자랑합니다. 차, 에이드와 같은 음료와 함께, 요거트 토핑, 샐러드 드레싱으로, 요리에 설탕 대신 넣어 보다 건강하고 자연스럽게 음식의 감칠맛을 살리는 용도로 다양하게 즐기실 수 있습니다. 2 이용 방법 3 제품 정보 4 간편식 및 음료 제품 소개",,,,PARTIAL_DESCRIPTION,UNKNOWN,https://api.bonif.co.kr/brand/v1/menu/detail?brdCd=BF101&cmdtIdx=369,2026-10-04,2025-11-11,franchise-quality-v1,OFFICIAL_MENU_DESCRIPTION_AND_BRAND_ALLERGEN_TABLE,,,true,933CAD943E66E94C0A7290FB3D9AD830A0F05D48D510BFD7341054EF4000078D
official-bon-bf101-372,BON-BF101-372,본죽,단호박식혜,"단호박식혜 1캔( 238ml) · 1 메뉴 특징 자연이 빚은 달콤함 그대로 단호박식혜 한 입 가득 기분 좋은 달콤함, 자연이 빚은 건강함 그대로 담았습니다. 단호박의 은은한 맛과 향이 고소한 식혜와 어우러져 부드러운 풍미를 선사합니다. 특히 식재료를 고르는 깐깐한 본죽의 노하우를 담아 정성으로 재배한 건강한 단호박만을 사용하였습니다. 단맛의 깊이를 더하는 일교차가 큰 지역의 밭에서 잘 숙성된 고당도의 단호박으로 만들어 더욱 자연스러운 단맛을 느끼실 수 있습니다. 정성 가득 담아 전통 방식으로 빚은 단호박 식혜, 고슬고슬 씹히는 쌀알까지 더욱 풍부하게 즐겨보세요. 2 제품 정보 3 간편식 및 음료 제품 소개",단호박,,,PARTIAL_DESCRIPTION,UNKNOWN,https://api.bonif.co.kr/brand/v1/menu/detail?brdCd=BF101&cmdtIdx=372,2026-10-04,2025-11-11,franchise-quality-v1,OFFICIAL_MENU_DESCRIPTION_AND_BRAND_ALLERGEN_TABLE,,,true,D80483209B2E20CC4DED45C5B0487B078B3F00A5A7F4BB73DBBF6362A9497B1E
official-bon-bf101-373,BON-BF101-373,본죽,(낱개)양배추사과즙,양배추사과즙 1팩 (100ml) · 1 메뉴 특징 무농약 양배추에 사과를 더해 맛있는 건강 한 잔 양배추사과즙 100% 무농약 양배추를 오롯이 짜내어 담은 자연의 맛과 향. 달콤한 사과를 더해 양배추 특유의 비린 맛까지 꽉 잡은 양배추사과즙을 만나보세요. 착즙 방식으로 영양소 파괴는 줄이고 효소 분해 공정을 통해 부드러운 풍미를 제대로 살렸습니다. 불규칙한 식습관과 스트레스로 속이 자주 쓰리시다면 위에 좋은 영양분이 풍부해 천연 위장약으로 유명한 양배추사과즙으로 속 편한 하루를 만들어 보세요. 양배추와 사과의 환상 궁합으로 완성한 맛있는 건강 한 잔을 추천합니다. 2 제품 정보 3 간편식 및 음료 제품 소개,배추|사과|양배추,,,PARTIAL_DESCRIPTION,UNKNOWN,https://api.bonif.co.kr/brand/v1/menu/detail?brdCd=BF101&cmdtIdx=373,2026-10-04,2025-11-11,franchise-quality-v1,OFFICIAL_MENU_DESCRIPTION_AND_BRAND_ALLERGEN_TABLE,,,true,D5D7E38433F592C9700F7759B2784F8F3FA268A2AE1D95B3727DA839291A3CCA
official-bon-bf101-4,BON-BF101-4,본죽,전복내장죽,"전복내장의 깊은 풍미와 영양을 더욱 진하고 풍부하게 느낄 수 있는 전복내장죽. [현미죽 변경 시 안내] 현미죽은 최적의 풍미를 살린 레시피로 기존죽 대비 제공량에 다소 차이가 있습니다. · 1 메뉴 특징 전복내장의 고소한 풍미를 더한 전복내장죽 전복내장의 깊은 풍미와 영양을 더욱 진하고 풍부하게 느낄 수 있는 전복내장죽. 바다의 생명력을 그대로 담은 고단백 영양식으로 잃었던 활력을 되찾아 보세요. · 2 식재료 이야기 고소한 풍미의 전복내장 원기회복은 물론 고소한 맛과 풍미를 더해주는 전복내장. 은은한 바다의 향을 그대로 품어 더욱 진한 맛을 자랑합니다. 피로회복과 면역력 강화에 좋은 바다의 산삼, 전복. 풍부한 타우린과 비타민 B군으로 활기를 주는 대표 영양식을 만나보세요. 건강 가득한 보양 한 그릇 활력이 떨어지는 날에는 기분까지 우울해지기 쉽습니다. 바다의 생명력을 그대로 담아 더욱 진한 맛과 향을 자랑하는 전복내장죽은 몸과 마음에 영양은 물론 든든한 온기까지 전해줄 거예요. 잃었던 활기는 물론 입맛까지, 완벽한 영양 한 그릇으로 되찾아보세요. 3 이럴 때 추천 이 메뉴는 이럴 때 추천해요! #보양 유난히 몸이 무겁고 기력이 부족한 날이 있죠. 마음까지 든든한 온기와 활력을 전해줘요. #아침식사 입 안이 껄끄러운 피곤하고 바쁜 아침, 자극적이지 않고 먹기도 편해요. #선물 내 소중한 사람의 건강까지 생각하는, 따뜻한 마음을 온전히 담아 특별해요.",전복,대두 밀 쇠고기 우유 전복 조개류 잣,견과류|대두|밀|우유|조개류,PARTIAL_DESCRIPTION,CONFIRMED_LABEL,https://api.bonif.co.kr/brand/v1/menu/detail?brdCd=BF101&cmdtIdx=4,2026-10-04,2025-11-11,franchise-quality-v1,OFFICIAL_MENU_DESCRIPTION_AND_BRAND_ALLERGEN_TABLE,게|견과류|달걀|땅콩|새우|생선|조개류,난류(계란) 닭고기 돼지고기 땅콩 게 복숭아 토마토 새우 아황산류 고등어 호두 메밀 오징어 홍합 굴,true,5FF66E8B6E85713AD13BB89C33C3B352BD0AF2947C1FAD0427580D4D3EB4BF01
official-bon-bf101-467,BON-BF101-467,본죽,단팥죽,"고소함과 달콤함을 동시에 품은 팥을 뭉근하게 끓여내어 부드럽고 달달하게 즐기는 단팥죽 한 그릇 쫄깃한 새알심 12알이 듬뿍 들어 더욱 풍성해진 맛과 식감! · 1 메뉴 특징 부드럽게 퍼지는 달달한 맛과 쫄깃한 식감의 새알심이 듬뿍! 단팥죽 고소함과 달콤함을 동시에 품은 팥을 뭉근하게 끓여내어 부드럽고 달달하게 즐기는 단팥죽 한 그릇 쫄깃한 새알심 12알이 듬뿍 들어 더욱 풍성해진 맛과 식감으로 입 안 가득 든든한 행복을 채워보세요! · 2 식재료 이야기 부드럽고 달콤한 팥 고소하면서 달콤한 팥을 포옥 끓여내 더욱 부드럽고 포근한 맛. 입 속에서 부드럽게 퍼지는 팥알의 진한 달달함이 일품입니다. 든든한 한 끼 식사로서도, 맛있는 건강 간식으로서도 딱 좋은 진하고 부드러운 단팥죽을 추천합니다. 쫄깃쫄깃 새알심 동글동글 쫄깃쫄깃 모양도 식감도 재미있는 새알심 12알이 들어 더욱 풍성해진 식감! 따뜻한 죽과 호호 불어 함께 곁들이면 먹는 재미가 더해진 최고의 조합을 경험하실 수 있습니다. 쫀득한 새알심으로 포만감까지 살린 든든하고 즐거운 한 그릇을 만나보세요. 3 이럴 때 추천 이 메뉴는 이럴 때 추천해요! #선물 내 소중한 사람의 건강까지 생각하는, 따뜻한 마음을 온전히 담아 특별해요. #아침식사 입 안이 껄끄러운 피곤하고 바쁜 아침, 자극적이지 않고 먹기도 편해요. #미용 피부에도 몸매에도 최고! 내일을 기대하게 되는 새로운 나를 위해 먹어요.",,,,PARTIAL_DESCRIPTION,UNKNOWN,https://api.bonif.co.kr/brand/v1/menu/detail?brdCd=BF101&cmdtIdx=467,2026-10-04,2025-11-11,franchise-quality-v1,OFFICIAL_MENU_DESCRIPTION_AND_BRAND_ALLERGEN_TABLE,,,true,D44D34D6191B3E3FBFFE70B3D8997BC5ABC8C2A2A35A479314A4FE091AEC86BC
official-bon-bf101-477,BON-BF101-477,본죽,본오징어초무침(150g),"본오징어초무침 150g · 1 메뉴 특징 새콤달콤 입맛 살리는 별미 본오징어초무침 본죽 매장에서 즐기던 맛과 정성 그대로! 언제 어디서나 먹기 좋은 별미 반찬, 본오징어초무침 엄격하게 선별한 건강한 오징어 살로 만들어 쫄깃하고 탱탱한 식감이 일품입니다. 새콤 달콤한 초양념장에는 절인 무를 곱게 갈아 시원하고 달큰한 맛까지 더했습니다. 본죽의 노하우를 듬뿍 담아 누구나 빠져들 수 밖에 없는 별미로 완성하였습니다. 입맛 제대로 살리는 특별함, 본오징어초무침을 간편하게 만나보세요. 2 제품 정보 3 반찬 제품 소개",오징어,,,PARTIAL_DESCRIPTION,UNKNOWN,https://api.bonif.co.kr/brand/v1/menu/detail?brdCd=BF101&cmdtIdx=477,2026-10-04,2025-11-11,franchise-quality-v1,OFFICIAL_MENU_DESCRIPTION_AND_BRAND_ALLERGEN_TABLE,,,true,9BA230D8F715A4C9468D43D841422DE9C5F40BE32AC37C9C2C396C77231A2488
official-bon-bf101-5,BON-BF101-5,본죽,진전복내장죽,"전복의 양을 두 배로! 전복내장의 깊은 풍미와 영양과 함께 더욱 진하고 풍부하게 느낄 수 있는 진전복내장죽. [현미죽 변경 시 안내] 현미죽은 최적의 풍미를 살린 레시피로 기존죽 대비 제공량에 다소 차이가 있습니다. · 1 메뉴 특징 전복이 2배! 전복내장의 고소한 풍미를 더한 진전복내장죽 전복의 양을 두배로! 전복내장의 깊은 풍미와 영양을 더욱 진하고 풍부하게 느낄 수 있는 전복내장죽. 바다의 생명력을 그대로 담은 고단백 영양식으로 잃었던 활력을 되찾아 보세요. · 2 식재료 이야기 고소한 풍미의 전복내장 원기회복은 물론 고소한 맛과 풍미를 더해주는 전복내장. 은은한 바다의 향을 그대로 품어 더욱 진한 맛을 자랑합니다. 피로회복과 면역력 강화에 좋은 바다의 산삼, 전복. 풍부한 타우린과 비타민 B군으로 활기를 주는 대표 영양식을 만나보세요. 건강 가득한 보양 한 그릇 활력이 떨어지는 날에는 기분까지 우울해지기 쉽습니다. 바다의 생명력을 그대로 담아 더욱 진한 맛과 향을 자랑하는 전복내장죽은 몸과 마음에 영양은 물론 든든한 온기까지 전해줄 거예요. 잃었던 활기는 물론 입맛까지, 완벽한 영양 한 그릇으로 되찾아보세요. 3 이럴 때 추천 이 메뉴는 이럴 때 추천해요! #보양 유난히 몸이 무겁고 기력이 부족한 날이 있죠. 마음까지 든든한 온기와 활력을 전해줘요. #아침식사 입 안이 껄끄러운 피곤하고 바쁜 아침, 자극적이지 않고 먹기도 편해요. #선물 내 소중한 사람의 건강까지 생각하는, 따뜻한 마음을 온전히 담아 특별해요.",전복,대두 밀 쇠고기 우유 전복 조개류 잣,견과류|대두|밀|우유|조개류,PARTIAL_DESCRIPTION,CONFIRMED_LABEL,https://api.bonif.co.kr/brand/v1/menu/detail?brdCd=BF101&cmdtIdx=5,2026-10-04,2025-11-11,franchise-quality-v1,OFFICIAL_MENU_DESCRIPTION_AND_BRAND_ALLERGEN_TABLE,게|견과류|달걀|땅콩|새우|생선|조개류,난류(계란) 닭고기 돼지고기 땅콩 게 복숭아 토마토 새우 아황산류 고등어 호두 메밀 오징어 홍합 굴,true,29544810B9C8E3321615640B9991B4516C8E3D5A7CAE3810218CC5585935828F
official-bon-bf101-526,BON-BF101-526,본죽,든든한끼 오징어초무침(80g),"든든한끼 본오징어초무침 80g · 1 메뉴 특징 한 끼 사이즈로 간편하고 맛있게 즐기는 별미 반찬 든든한끼 본오징어초무침 본죽 매장에서 즐기던 맛과 정성 그대로! 언제 어디서나 먹기 좋은 별미 반찬, 본오징어초무침 한 끼 사이즈로 더 간편하게 만나보세요. 엄격하게 선별한 건강한 오징어 살로 만들어 쫄깃하고 탱탱한 식감이 일품입니다. 새콤 달콤한 초양념장에는 절인 무를 곱게 갈아 시원하고 달큰한 맛까지 더했습니다. 본죽의 노하우를 듬뿍 담아 누구나 빠져들 수 밖에 없는 별미로 완성하였습니다. 입맛 제대로 살리는 특별함, 든든한끼 본오징어초무침으로 간편하게 만나보세요. 2 제품 정보 3 반찬 제품 소개",오징어,,,PARTIAL_DESCRIPTION,UNKNOWN,https://api.bonif.co.kr/brand/v1/menu/detail?brdCd=BF101&cmdtIdx=526,2026-10-04,2025-11-11,franchise-quality-v1,OFFICIAL_MENU_DESCRIPTION_AND_BRAND_ALLERGEN_TABLE,,,true,AB6D4A331F5A6DD061472FB743E96F3D0D67A33AE34C72AE9DE47ACEE8FCAE87
official-bon-bf101-538,BON-BF101-538,본죽,본비트동치미(1kg),"비트 동치미 1kg · 1 메뉴 특징 본죽에서 즐기던 그 시원한 동치미, 이제 집에서도 간편하게! 국내산 무와 영양만점 비트를 담아 산뜻하고 시원한 동치미 식사와 함께 곁들이기 좋은 간편 반찬 본비트동치미를 지금 만나보세요. 2 제품 정보 3 반찬 제품 소개",,,,PARTIAL_DESCRIPTION,UNKNOWN,https://api.bonif.co.kr/brand/v1/menu/detail?brdCd=BF101&cmdtIdx=538,2026-10-04,2025-11-11,franchise-quality-v1,OFFICIAL_MENU_DESCRIPTION_AND_BRAND_ALLERGEN_TABLE,,,true,A5AE74BE594D90A088EF6756D2BEB23E4709D05D4099AEC3EB6E32D205E0C43C
official-bon-bf101-539354,BON-BF101-539354,본죽,시그니처[통단팥죽],"통단팥죽 270g · 1 메뉴 특징 간편하게 즐기는 구수한 풍미 한 그릇 본죽 시그니처 [통단팥죽] 통통한 단팥이 입 안 가득 톡톡, 씹을수록 고소함이 배가 되는 본죽 시그니처 통단팥죽으로 더 간편하게 만나보세요. 고소한 팥을 신선한 쌀가루와 뭉근하게 끓여내 팥 고유의 맛을 그대로 담았습니다. 입 속에서 부드럽게 퍼지는 팥알의 진한 달콤함으로 하루의 행복을 채워보세요. 혼자 먹기 딱 좋은 양으로 가볍게 즐기실 수 있습니다. · 2 식재료 이야기 김이 모락모락 나는 따끈한 통단팥죽 한 그릇. 고소함과 달콤함을 동시에 품은 팥을 곱게 빻은 신선한 쌀가루와 뭉근하게 끓여내어 진득한 맛과 풍미를 자랑합니다. 씹을수록 입안 가득 톡톡 터지는 통팥의 식감까지 제대로 살린 건강 간식을 추천합니다. 언제 어디서나 간편하게 만나보세요. 3 이용 방법 4 주의 사항 5 제품 정보 6 간편식 및 음료 제품 소개",,,,PARTIAL_DESCRIPTION,UNKNOWN,https://api.bonif.co.kr/brand/v1/menu/detail?brdCd=BF101&cmdtIdx=539354,2026-10-04,2025-11-11,franchise-quality-v1,OFFICIAL_MENU_DESCRIPTION_AND_BRAND_ALLERGEN_TABLE,,,true,E1BFEA3AF125DB32A77F8F47989F0E96F996293638F555840164EF06CFD05182
official-bon-bf101-539356,BON-BF101-539356,본죽,시그니처[단호박죽],단호박죽 270g · 1 메뉴 특징 간편하게 즐기는 기분 좋은 달콤 한 그릇 본죽 시그니처 [단호박죽] 달달한 하루를 만드는 기분 좋은 단호박죽 한 스푼. 본죽 시그니처 단호박죽으로 더 간편하게 만나보세요. 달콤한 단호박과 신선한 쌀가루를 오랜 시간 뭉근하게 끓여내어 부드럽고 진한 맛과 풍미를 자랑힙니다. 일상에 온기를 더하는 작은 행복 몸과 마음에 즐거운 활력소를 선물하세요. 혼자 먹기 딱 좋은 양으로 가볍게 즐기실 수 있습니다. · 2 식재료 이야기 부드럽고 달달한 단호박. 붓기를 빼주고 피부를 깨끗하게 가꿔주는 비타민과 식이섬유가 풍부해 더욱 매력적인 식재입니다. 아침엔본죽 단호박죽에는 식재료를 고르는 깐깐한 본죽의 노하우를 담아 무농약으로 재배한 건강한 단호박만을 사용하였습니다. 단맛의 깊이를 더하는 일교차가 큰 지역의 밭에서 잘 숙성된 고당도의 단호박으로 만들어 더욱 자연스러운 단맛을 느끼실 수 있습니다. 영양 가득 기분 좋은 한 그릇을 언제 어디서나 간편하게 만나보세요. 3 이용 방법 5 주의 사항 6 제품 정보 7 간편식 및 음료 제품 소개,단호박,,,PARTIAL_DESCRIPTION,UNKNOWN,https://api.bonif.co.kr/brand/v1/menu/detail?brdCd=BF101&cmdtIdx=539356,2026-10-04,2025-11-11,franchise-quality-v1,OFFICIAL_MENU_DESCRIPTION_AND_BRAND_ALLERGEN_TABLE,,,true,D2C8E0C76C68A0B44C7F3432B419C3095A073D7961D1E8ACEEB7260A6688CF1F
official-bon-bf101-539443,BON-BF101-539443,본죽,"(낱개)우리땅,청매실","우리 땅, 청매실 1팩(100ml) · 1 메뉴 특징 우리 땅에서 자란 국산 매실 본연의 맛을 담은 건강 한 잔 우리 땅, 청매실 우리 땅에서 자란 100% 국산 청매실과 천연 비타민C 사과를 한 컵에 담았습니다. 새콤달콤 입맛을 돋우고, 피로회복에도 좋은 천연 소화제 매실 본연의 맛을 맛있고 간편하게 느낄 수 있습니다. 본죽의 노하우를 담은 속 편하고 맛있는 건강 한 잔을 추천합니다. 2 제품 정보 3 간편식 및 음료 제품 소개",사과,,,PARTIAL_DESCRIPTION,UNKNOWN,https://api.bonif.co.kr/brand/v1/menu/detail?brdCd=BF101&cmdtIdx=539443,2026-10-04,2025-11-11,franchise-quality-v1,OFFICIAL_MENU_DESCRIPTION_AND_BRAND_ALLERGEN_TABLE,,,true,92FB48955CC4FDFEEF89AF61739581FCAAF928C7EC2705265037FC7A7EB2DFB2
official-bon-bf101-539445,BON-BF101-539445,본죽,키즈장조림(80g),본죽 키즈장조림 80g · 1 메뉴 특징 아이를 위해 유기농 저염간장으로 순하고 부드럽게 만든 본죽 키즈장조림 본죽 매장에서 즐기던 맛과 정성 그대로! 어디서나 먹기 좋은 우리 아이 위한 키즈장조림. 엄격히 엄선한 건강한 쇠고기를 고온에서 푹 삶은 후 고기의 결을 따라 아이가 먹기 좋은 한 입 사이즈로 준비했습니다. 유기농 대두가 함유된 특제 저염간장으로 졸여 짠맛을 덜어내 더욱 순하고 부드러운 키즈 전용 장조림. 아이들이 좋아하는 고소한 메추리알까지 한 입에 쏙쏙! 본죽만의 오랜 비법을 담아 건강하고 맛있는 키즈장조림으로 아이와 함께 특별한 별미 반찬을 즐겨보세요. 2 제품 정보 3 반찬 제품 소개,메추리알|쇠고기|장조림,,,PARTIAL_DESCRIPTION,UNKNOWN,https://api.bonif.co.kr/brand/v1/menu/detail?brdCd=BF101&cmdtIdx=539445,2026-10-04,2025-11-11,franchise-quality-v1,OFFICIAL_MENU_DESCRIPTION_AND_BRAND_ALLERGEN_TABLE,,,true,472F1CE87399FEBEF88E2C1EE3AE072DF13EAD7A69089FABAA1E94A318D644E3
official-bon-bf101-539455,BON-BF101-539455,본죽,(낱개)뽀로로 홍삼쏙쏙,영양이 쏙! 맛있는 과즙이 쑥쑥~ 6년근 발효 홍삼이 함유된 어린이 건강 음료 · 1 메뉴 특징 맛있는 과즙이 쑥쑥 건강한 어린이 음료 뽀로로 홍삼쏙쏙 사과매실 어린이가 좋아하는 ‘뽀로로’ 캐릭터로 포장된 몸에 좋은 6년근 홍삼과 달콤한 사과매실 과즙을 담은 어린이 음료 2 간편식 및 음료 제품 소개,사과,,,PARTIAL_DESCRIPTION,UNKNOWN,https://api.bonif.co.kr/brand/v1/menu/detail?brdCd=BF101&cmdtIdx=539455,2026-10-04,2025-11-11,franchise-quality-v1,OFFICIAL_MENU_DESCRIPTION_AND_BRAND_ALLERGEN_TABLE,,,true,ECC1180E463F853860ADAE74E5FC0EA6640A02DAF40D8D498E30C2557D5416D5
official-bon-bf101-539594,BON-BF101-539594,본죽,참깨계란새우죽,"탱글탱글한 새우죽에 고소한 계란과 얼큰한 참깨소스를 더해 즐기는 매력적인 조합 · 1 메뉴 특징 탱글탱글한 새우죽에 고소한 계란과 얼큰한 참깨소스를 더해 즐기는 매력적인 조합 참깨계란&새우쮺 탱글탱글 고소한 계란새우죽(반)과 얼큰한 참깨소스를 더한 참깨계란새우죽(반)! 설레는 이 계절처럼 찾아온 매력적인 조합을 언제나 반반으로 쮸욱- 즐겨보세요! ※ 해당 메뉴는 1인 메뉴로, 포장 용기 2개로 나누어 제공됩니다. ※ 해당 메뉴는 메뉴 조리 특성상 맞춤죽 서비스(갈기,염도)가 불가합니다.​",계란|새우|참깨,,,PARTIAL_DESCRIPTION,UNKNOWN,https://api.bonif.co.kr/brand/v1/menu/detail?brdCd=BF101&cmdtIdx=539594,2026-10-04,2025-11-11,franchise-quality-v1,OFFICIAL_MENU_DESCRIPTION_AND_BRAND_ALLERGEN_TABLE,,,true,65C0EBD3439EF08F1ECA760A22A09D65D25CC17F3646F19ADAD4218F45AD42A6
official-bon-bf101-539684,BON-BF101-539684,본죽,푸팟퐁커리게살죽,"통째로 담은 동해산 2마리 홍게 다리살에 푸팟퐁커리를 더한 풍미진진 스페셜 반반쮺 시리즈! · 1 메뉴 특징 통째로 담은 동해산 2마리 홍게 다리살에 푸팟퐁커리를 더한 풍미진진 스페셜 반반쮺 시리즈! 푸팟퐁커리게살쮺 동해산 홍게살을 듬뿍 담은 홍게죽에 고소한 계란과 부드러운 코코넛 크림, 이국적인 푸팟퐁커리를 더해 더욱 풍미진진한 만남! 무엇을 상상하든 한 술 더 뜨는 맛의 스페셜 반반쮺, 푸팟퐁커리게살쮺을 지금 바로 만나보세요. ※ 해당 메뉴는 1인 메뉴로, 포장 용기 2개로 나누어 제공됩니다. ※ 해당 메뉴는 메뉴 조리 특성상 맞춤죽 서비스(갈기,염도)가 불가합니다.",게살|계란|크림|홍게,,,PARTIAL_DESCRIPTION,UNKNOWN,https://api.bonif.co.kr/brand/v1/menu/detail?brdCd=BF101&cmdtIdx=539684,2026-10-04,2025-11-11,franchise-quality-v1,OFFICIAL_MENU_DESCRIPTION_AND_BRAND_ALLERGEN_TABLE,,,true,627AC306BC15D6DEF2DCD8A127BFA52B006B6B79EAD5F6535048B7D466368E19
official-bon-bf101-539690,BON-BF101-539690,본죽,본메추리알장조림(400g),"탱글한 국산 메추리알 가득 담아 비법 소스로 만든 본 메추리알 장조림 · 1 메뉴 특징 탱글한 국산 메추리알 가득 담은 본 메추리알 장조림(400g) 탱글한 국산 메추리알을 가득 넣고 달달하면서도 짜지 않은 본죽 비법 소스로 만든 본 메추리알 장조림 감칠맛 가득한 밥도둑 반찬, 본죽의 메추리알 장조림을 이제 언제 어디서나 즐겨보세요! 2 제품 정보 3 반찬 제품 소개",메추리알|장조림,,,PARTIAL_DESCRIPTION,UNKNOWN,https://api.bonif.co.kr/brand/v1/menu/detail?brdCd=BF101&cmdtIdx=539690,2026-10-04,2025-11-11,franchise-quality-v1,OFFICIAL_MENU_DESCRIPTION_AND_BRAND_ALLERGEN_TABLE,,,true,6DA6877FC6F64C2BFE6FA1D2834BC84B4636EED66A39573767BBD9C3AEF4ED34
official-bon-bf101-539891,BON-BF101-539891,본죽,추어죽,"원기회복! 추어탕의 깊고 진한 맛을 담은 부드러운 건강 활력죽 · 1 메뉴 특징 속 깊이 스며드는 건강함, 원기회복 추어죽 부드러운 죽에 영양 가득 추어탕의 깊고 진한 맛을 담아, 몸과 마음을 따뜻하게 채워주는 건강 활력죽 ※해당 메뉴는 갈기, 염도 선택이 불가합니다.",,대두 밀 쇠고기 우유,대두|밀|우유,PARTIAL_DESCRIPTION,CONFIRMED_LABEL,https://api.bonif.co.kr/brand/v1/menu/detail?brdCd=BF101&cmdtIdx=539891,2026-10-04,2025-11-11,franchise-quality-v1,OFFICIAL_MENU_DESCRIPTION_AND_BRAND_ALLERGEN_TABLE,게|견과류|달걀|땅콩|새우|생선|조개류,난류(계란) 닭고기 돼지고기 땅콩 게 복숭아 토마토 새우 아황산류 고등어 호두 메밀 오징어 홍합 전복 굴 조개류 잣,true,A640CD24C2B7CEEEEB1D65F65C2307A2621F2668823005043E8E9A9B0769B812
official-bon-bf101-539897,BON-BF101-539897,본죽,코카콜라(355ml),,,,,UNKNOWN,UNKNOWN,https://api.bonif.co.kr/brand/v1/menu/detail?brdCd=BF101&cmdtIdx=539897,2026-10-04,2025-11-11,franchise-quality-v1,OFFICIAL_MENU_DESCRIPTION_AND_BRAND_ALLERGEN_TABLE,,,true,33FEFFEBB2A2EF3DC3010E87137E4796286FEC874C1CC75CE32C41E72C9E73B8
official-bon-bf101-539898,BON-BF101-539898,본죽,코카콜라 제로(355ml),,,,,UNKNOWN,UNKNOWN,https://api.bonif.co.kr/brand/v1/menu/detail?brdCd=BF101&cmdtIdx=539898,2026-10-04,2025-11-11,franchise-quality-v1,OFFICIAL_MENU_DESCRIPTION_AND_BRAND_ALLERGEN_TABLE,,,true,34ADA430D934712F09CAC79B86B9ADCEBD7978AD87E000F7CAFB4A90E29DD704
official-bon-bf101-539899,BON-BF101-539899,본죽,스프라이트(355ml),,,,,UNKNOWN,UNKNOWN,https://api.bonif.co.kr/brand/v1/menu/detail?brdCd=BF101&cmdtIdx=539899,2026-10-04,2025-11-11,franchise-quality-v1,OFFICIAL_MENU_DESCRIPTION_AND_BRAND_ALLERGEN_TABLE,,,true,B16F21A99DB665BC4FAFB6D1A9C730E4D3CA148F45BE76840226521C10F3EE6B
official-bon-bf101-539900,BON-BF101-539900,본죽,스프라이트 제로(355ml),,,,,UNKNOWN,UNKNOWN,https://api.bonif.co.kr/brand/v1/menu/detail?brdCd=BF101&cmdtIdx=539900,2026-10-04,2025-11-11,franchise-quality-v1,OFFICIAL_MENU_DESCRIPTION_AND_BRAND_ALLERGEN_TABLE,,,true,F6B0358FA192D2D808D15C8E02709E3774A12B82244ABEEE4C131AAB1C74E349
official-bon-bf101-540290,BON-BF101-540290,본죽,우리 파주 장단콩 메밀콩국수,"고소하고 진한 콩국물과 쫄깃한 숙성 메밀면이 어우러진 여름 별미 · 1 메뉴 특징 고소하고 진한 콩국물과 쫄깃한 숙성 메밀면이 어우러진 여름 별미 우리 파주 장단콩 메밀콩국수 100% 국내산 파주 장단콩을 곱게 갈아 부드럽고 진한 콩국수에 메밀면을 더해 고소하게 즐기는 여름 별미 콩국수 ※ 소금이 기본 제공되며, 설탕은 기본 제공되지 않습니다. (설탕 변경 희망 시 옵션 에서 선택 가능) ※ 일부 매장에서만 판매하는 메뉴로, 판매 여부는 매장별로 상이할 수 있으니 방문 전 매장에 문의 부탁드립니다. ​ ​",,,,PARTIAL_DESCRIPTION,UNKNOWN,https://api.bonif.co.kr/brand/v1/menu/detail?brdCd=BF101&cmdtIdx=540290,2026-10-04,2025-11-11,franchise-quality-v1,OFFICIAL_MENU_DESCRIPTION_AND_BRAND_ALLERGEN_TABLE,,,true,6A3CE0DE942CBB15B6C5AD5DB9B6B950880F31691BDD31857368F690EC0B7E47
official-bon-bf101-540319,BON-BF101-540319,본죽,본죽팥칼국수,"깊고 진한 팥물과 생면이 어우러진 전통 별미 · 1 메뉴 특징 깊고 진한 팥물과 생면이 어우러진 전통 별미 본죽팥칼국수 진짜 팥을 갈아 만든 깊고 진한 팥물에 부드럽고 찰진 생면과 새알심 6알을 더한 전통 별미 팥칼국수 ※ 포장 시, 면의 쫄깃한 식감을 유지하기 위해 면과 팥물을 따로 담아 제공합니다. ※ 생면 특성상 시간이 지날수록 면이 불 수 있으니, 가급적 빠른 시간 내 드시길 권장드립니다.",,,,PARTIAL_DESCRIPTION,UNKNOWN,https://api.bonif.co.kr/brand/v1/menu/detail?brdCd=BF101&cmdtIdx=540319,2026-10-04,2025-11-11,franchise-quality-v1,OFFICIAL_MENU_DESCRIPTION_AND_BRAND_ALLERGEN_TABLE,,,true,63A9AD1DF52EB03360BAF19E0132A3163DC685CBB8854051D8163A505DBC2DE7
official-bon-bf101-545,BON-BF101-545,본죽,든든한끼 본버터쇠고기장조림(70g),"든든한끼 본버터쇠고기장조림 70g · 1 메뉴 특징 한 끼 사이즈로 간편하고 맛있게 즐기는 별미 반찬 든든한끼 본버터쇠고기장조림 본죽 매장에서 즐기던 맛과 정성 그대로! 언제 어디서나 먹기 좋은 별미 반찬, 본버터쇠고기장조림. 한 끼 사이즈로 더 간편하게 만나보세요. 엄선한 건강한 쇠고기를 고온에서 푹 삶은 후 고기의 결을 따라 먹기 좋은 크기로 곱게 찢어 부드러우면서도 쫄깃한 식감으로 남녀노소 누구나 편하게 드실 수 있도록 완성하였습니다. 최적의 숙성을 위한 본죽의 노하우로 유익한 식물성 유산균을 첨가하여 가장 맛있게 발효될 수 있도록 만들었습니다. 본죽 장조림의 맛과 영양에 부드러운 버터의 풍미를 담아 더욱 맛있어요. 입맛 제대로 살리는 특별함, 든든한끼 본버터쇠고기장조림으로 간편하게 만나보세요. 2 제품 정보 3 반찬 제품 소개",쇠고기|장조림,,,PARTIAL_DESCRIPTION,UNKNOWN,https://api.bonif.co.kr/brand/v1/menu/detail?brdCd=BF101&cmdtIdx=545,2026-10-04,2025-11-11,franchise-quality-v1,OFFICIAL_MENU_DESCRIPTION_AND_BRAND_ALLERGEN_TABLE,,,true,C1CB881A33E01661D994A70F4633F1B236E8B13E75C1660D378FC5D25165E477
official-bon-bf101-547,BON-BF101-547,본죽,본죽 낙지젓갈,"본죽 낙지젓갈 130g · 1 메뉴 특징 한 끼 사이즈로 간편하고 맛있게 즐기는 별미 반찬 본죽 낙지젓갈 본죽 매장에서 즐기던 맛과 정성 그대로! 언제 어디서나 먹기 좋은 별미 반찬, 본죽 낙지젓갈. 한 끼 사이즈로 더 간편하게 만나보세요. 엄격하게 선별한 건강한 낙지 살로 만들어 쫄깃하고 탱탱한 식감이 일품입니다. 통통한 낙지를 탕탕 썰어 매콤하게 무쳐 감칠맛까지 더했습니다. 본죽의 노하우를 듬뿍 담아 누구나 빠져들 수 밖에 없는 별미로 완성하였습니다. 입맛 제대로 살리는 특별함, 본죽 낙지젓갈로 간편하게 만나보세요. 2 제품 정보 3 반찬 제품 소개",낙지,,,PARTIAL_DESCRIPTION,UNKNOWN,https://api.bonif.co.kr/brand/v1/menu/detail?brdCd=BF101&cmdtIdx=547,2026-10-04,2025-11-11,franchise-quality-v1,OFFICIAL_MENU_DESCRIPTION_AND_BRAND_ALLERGEN_TABLE,,,true,036C716D59CE22FB39F607754F6AF1395776F72864B7B0FA701DFF5CB70473D2
official-bon-bf101-549,BON-BF101-549,본죽,본죽 오징어젓갈,"본죽 오징어젓갈 130g · 1 메뉴 특징 한 끼 사이즈로 간편하고 맛있게 즐기는 별미 반찬 본죽 오징어젓갈 본죽 매장에서 즐기던 맛과 정성 그대로! 언제 어디서나 먹기 좋은 별미 반찬, 본죽 오징어젓갈. 한 끼 사이즈로 더 간편하게 만나보세요. 엄격하게 선별한 건강한 오징어 살로 만들어 쫄깃하고 탱탱한 식감뿐만 아니라 달콤 짭조름하게 버무려 감칠맛이 일품입니다. 본죽의 노하우를 듬뿍 담아 누구나 빠져들 수 밖에 없는 별미로 완성하였습니다. 입맛 제대로 살리는 특별함, 본죽 오징어젓갈로 간편하게 만나보세요. 2 제품 정보 3 반찬 제품 소개",오징어,,,PARTIAL_DESCRIPTION,UNKNOWN,https://api.bonif.co.kr/brand/v1/menu/detail?brdCd=BF101&cmdtIdx=549,2026-10-04,2025-11-11,franchise-quality-v1,OFFICIAL_MENU_DESCRIPTION_AND_BRAND_ALLERGEN_TABLE,,,true,B8D1889DCE86A9A59A1030DBFC8E9F1E0D92F049600C9E18D4D09D2AF8CCF95A
official-bon-bf101-6,BON-BF101-6,본죽,특전복내장죽,"전복의 양을 세 배로! 전복내장의 깊은 풍미와 영양과 함께 더욱 진하고 풍부하게 느낄 수 있는 특전복내장죽. [현미죽 변경 시 안내] 현미죽은 최적의 풍미를 살린 레시피로 기존죽 대비 제공량에 다소 차이가 있습니다. · 1 메뉴 특징 전복이 3배! 전복내장의 고소한 풍미를 더한 특전복내장죽 전복의 양을 세배로! 전복내장의 깊은 풍미와 영양을 더욱 진하고 풍부하게 느낄 수 있는 전복내장죽. 바다의 생명력을 그대로 담은 고단백 영양식으로 잃었던 활력을 되찾아 보세요. · 2 식재료 이야기 고소한 풍미의 전복내장 원기회복은 물론 고소한 맛과 풍미를 더해주는 전복내장. 은은한 바다의 향을 그대로 품어 더욱 진한 맛을 자랑합니다. 피로회복과 면역력 강화에 좋은 바다의 산삼, 전복. 풍부한 타우린과 비타민 B군으로 활기를 주는 대표 영양식을 만나보세요. 건강 가득한 보양 한 그릇 활력이 떨어지는 날에는 기분까지 우울해지기 쉽습니다. 바다의 생명력을 그대로 담아 더욱 진한 맛과 향을 자랑하는 전복내장죽은 몸과 마음에 영양은 물론 든든한 온기까지 전해줄 거예요. 잃었던 활기는 물론 입맛까지, 완벽한 영양 한 그릇으로 되찾아보세요. 3 이럴 때 추천 이 메뉴는 이럴 때 추천해요! #보양 유난히 몸이 무겁고 기력이 부족한 날이 있죠. 마음까지 든든한 온기와 활력을 전해줘요. #아침식사 입 안이 껄끄러운 피곤하고 바쁜 아침, 자극적이지 않고 먹기도 편해요. #선물 내 소중한 사람의 건강까지 생각하는, 따뜻한 마음을 온전히 담아 특별해요.",전복,대두 밀 쇠고기 우유 전복 조개류 잣,견과류|대두|밀|우유|조개류,PARTIAL_DESCRIPTION,CONFIRMED_LABEL,https://api.bonif.co.kr/brand/v1/menu/detail?brdCd=BF101&cmdtIdx=6,2026-10-04,2025-11-11,franchise-quality-v1,OFFICIAL_MENU_DESCRIPTION_AND_BRAND_ALLERGEN_TABLE,게|견과류|달걀|땅콩|새우|생선|조개류,난류(계란) 닭고기 돼지고기 땅콩 게 복숭아 토마토 새우 아황산류 고등어 호두 메밀 오징어 홍합 굴,true,574B38536A03A4611F30BE0308E930666DC7AA7A190F8789E55A84D5C24C85C9
official-bon-bf101-7,BON-BF101-7,본죽,삼계죽,"남녀노소 누구나 좋아하는 포근하고 부드러운 맛. 수삼 한 뿌리까지 통째로 들어가 허한 몸의 기운을 돋우는 대표 영양죽. ※ 현미죽으로 변경 추천! · 1 메뉴 특징 푹 고은 닭고기의 부드러운 온기 삼계죽 남녀노소 누구나 좋아하는 포근하고 부드러운 맛. 수삼 한 뿌리까지 통째로 들어가 허한 몸의 기운을 돋우는 대표 영양죽. 현미죽으로 변경하여 더 건강하고 구수한 영양 한 그릇을 즐겨보세요! · 2 식재료 이야기 부드럽고 진한 국내산 닭고기 푹 고아 부드럽고 진한 국내산 닭고기는 깊은 맛의 비결입니다. 특히 단백질이 풍부한 닭 가슴살 부위를 사용해 느끼한 기름기는 걷어내고 담백함과 고소함을 더했습니다. 속 깊은 곳까지 편안히, 포근하고 따뜻한 맛을 즐겨보세요 지친 몸에 활력을 수삼, 대추 원기 보강 대표 한약재, 국내산 수삼 한 뿌리가 통째로! 대추와 함께 풍부한 영양을 더했습니다. 활력과 입맛을 돋우는 영양식 재료의 탁월한 궁합으로 활기찬 하루를 맞이해보세요. 지치는 삼복더위에도 으슬으슬 힘 빠지는 매서운 추위에도 든든한 온기를 전합니다. 3 이럴 때 추천 이 메뉴는 이럴 때 추천해요! #아침식사 입 안이 껄끄러운 피곤하고 바쁜 아침, 자극적이지 않고 먹기도 편해요. #영양간식 건강하면서도 아이들 입맛에 딱 맞는 영양간식으로도 좋아요. #보양 유난히 몸이 무겁고 기력이 부족한 날이 있죠. 마음까지 든든한 온기와 활력을 전해줘요.",수삼,대두 밀 쇠고기 닭고기 우유,대두|밀|우유,PARTIAL_DESCRIPTION,CONFIRMED_LABEL,https://api.bonif.co.kr/brand/v1/menu/detail?brdCd=BF101&cmdtIdx=7,2026-10-04,2025-11-11,franchise-quality-v1,OFFICIAL_MENU_DESCRIPTION_AND_BRAND_ALLERGEN_TABLE,게|견과류|달걀|땅콩|새우|생선|조개류,난류(계란) 돼지고기 땅콩 게 복숭아 토마토 새우 아황산류 고등어 호두 메밀 오징어 홍합 전복 굴 조개류 잣,true,5A03C5715BE15B40F0F42F22C9D631250EA412C949AE19CEE9CC5719183E7284
official-bon-bf101-8,BON-BF101-8,본죽,삼계전복죽,"푹 고아 부드럽고 진한 닭고기에 전복까지 더해진 최고의 보양식! 국내산 수삼 한 뿌리까지 통째로 들어간 완벽한 영양 한 그릇으로 깊고 진한 진짜 보양식을 만나보세요. · 1 메뉴 특징 삼복 더위 이기는 영양 가득 최고의 보양 한 그릇 삼계전복죽 푹 고아 부드럽고 진한 닭고기에 전복까지 더해진 최고의 보양식! 국내산 수삼 한 뿌리까지 통째로 들어간 완벽한 영양 한 그릇으로 깊고 진한 진짜 보양식을 만나보세요. · 2 식재료 이야기 타우린과 비타민 전복 피로회복과 면역력 강화에 좋은 타우린과 비타민 B군이 풍부한 전복. 바다의 산삼이라고 불릴 만큼 건강 식재료로 유명합니다. 바다의 향까지 그대로 품어 풍미까지 가득한 한 그릇. 풍부한 맛과 향을 푹 우려내었습니다. 부드러운 국내산 닭고기 푹 고아 부드럽고 진한 국내산 닭고기는 깊은 맛의 비결입니다. 특히 단백질이 풍부한 닭 가슴살 부위를 사용해 느끼한 기름기는 걷어내고 담백함과 고소함을 더했습니다. 속 깊은 곳까지 편안히, 포근하고 따뜻한 맛을 즐겨보세요. 지친 몸에 활력을 수삼, 대추 원기 보강 대표 한약재, 국내산 수삼 한 뿌리가 통째로! 대추와 함께 풍부한 영양을 더했습니다. 활력과 입맛을 돋우는 영양식 재료의 탁월한 궁합으로 활기찬 하루를 맞이해보세요. 지치는 삼복더위에도 으슬으슬 힘 빠지는 매서운 추위에도 든든한 온기를 전합니다. 3 이럴 때 추천 이 메뉴는 이럴 때 추천해요! #보양 유난히 몸이 무겁고 기력이 부족한 날이 있죠. 마음까지 든든한 온기와 활력을 전해줘요. #아침식사 입 안이 껄끄러운 피곤하고 바쁜 아침, 자극적이지 않고 먹기도 편해요. #선물 내 소중한 사람의 건강까지 생각하는, 따뜻한 마음을 온전히 담아 특별해요.",닭고기|대추|수삼|전복,대두 밀 쇠고기 닭고기 우유 전복 조개류,대두|밀|우유|조개류,PARTIAL_DESCRIPTION,CONFIRMED_LABEL,https://api.bonif.co.kr/brand/v1/menu/detail?brdCd=BF101&cmdtIdx=8,2026-10-04,2025-11-11,franchise-quality-v1,OFFICIAL_MENU_DESCRIPTION_AND_BRAND_ALLERGEN_TABLE,게|견과류|달걀|땅콩|새우|생선|조개류,난류(계란) 돼지고기 땅콩 게 복숭아 토마토 새우 아황산류 고등어 호두 메밀 오징어 홍합 굴 잣,true,B402ADA787DF3A2565A981DCBA5EA006D54F81B11486FBF8385A4B0DCD11730E
official-bon-bf101-9,BON-BF101-9,본죽,자연송이쇠고기죽,"땅에서 나는 보약 자연송이와 영양 가득 소고기가 만나 더욱 건강하고 든든한 프리미엄 보양죽 ※ 현미죽 변경 시 안내 현미죽은 최적의 풍미를 살린 레시피로 기존 죽 대비 제공량에 다소 차이가 있습니다. · 1 메뉴 특징 땅에서 나는 보약 자연송이와 소고기로 끓여낸 보양 한 그릇 자연송이쇠고기죽 영양 가득 소고기에 땅에서 나는 보약 자연송이를 넣어 더욱 건강하고 든든한 프리미엄 보양죽 자연송이의 짙은 향과 식감을 담아낸 보양 한 그릇을 만나보세요! · 2 식재료 이야기 소나무의 기운을 품은 송이버섯 소나무의 강인한 기운을 오롯이! 활력을 그대로! 고단백 식품으로 든든한 힘을 채워주는 것은 물론, 저칼로리 식품이면서 식이섬유소가 풍부해 비만 예방에도 효과적입니다. ‘신선의 음식’이라고 불리는 청정 자연의 선물 송이버섯은 소나무 뿌리 주변, 솔잎이 쌓인 습지에서 자라 향긋한 솔향을 그대로 머금고 있습니다. 쫄깃한 식감은 물론 깨어 물으면 배어져 나오는 은은한 송이버섯의 특별한 맛을 만나보세요. 고단백질 소고기 먹기 좋게 간 소고기를 풍성하게 담아, 고단백질 영양소가 듬뿍 우러나도록 푹 끓여내었습니다. 진하게 우러난 담백하고 고소한 맛으로 언제든 부담 없이 즐길 수 있는 든든한 영양식입니다. 3 이럴 때 추천 이 메뉴는 이럴 때 추천해요! #보양 유난히 몸이 무겁고 기력이 부족한 날이 있죠. 마음까지 든든한 온기와 활력을 전해줘요. #미용 피부에도 몸매에도 최고! 내일을 기대하게 되는 새로운 나를 위해 먹어요. #선물 내 소중한 사람의 건강까지 생각하는, 따뜻한 마음을 온전히 담아 특별해요.",소고기|자연송이,대두 밀 쇠고기 우유,대두|밀|우유,PARTIAL_DESCRIPTION,CONFIRMED_LABEL,https://api.bonif.co.kr/brand/v1/menu/detail?brdCd=BF101&cmdtIdx=9,2026-10-04,2025-11-11,franchise-quality-v1,OFFICIAL_MENU_DESCRIPTION_AND_BRAND_ALLERGEN_TABLE,게|견과류|달걀|땅콩|새우|생선|조개류,난류(계란) 닭고기 돼지고기 땅콩 게 복숭아 토마토 새우 아황산류 고등어 호두 메밀 오징어 홍합 전복 굴 조개류 잣,true,62F2443BA07124AC79A7B77A69C524FDC746C930377CB258CA053990FA623A18
official-bon-bf102-213,BON-BF102-213,본죽&비빔밥,든든한끼 본쇠고기장조림(80g),"쇠고기 장조림 80g · 1 메뉴 특징 한 끼 사이즈로 즐기는 달콤 짭조름한 간편 반찬 든든한끼 본쇠고기장조림 본죽 매장에서 즐기던 맛과 정성 그대로! 언제 어디서나 먹기 좋은 간편 반찬, 본쇠고기장조림. 한 끼 사이즈로 더 편안하게 만나보세요. 엄선한 건강한 쇠고기를 고온에서 푹 삶은 후 고기의 결을 따라 먹기 좋은 크기로 곱게 찢어 부드러우면서도 쫄깃한 식감으로 남녀노소 누구나 편하게 드실 수 있도록 완성하였습니다. 본죽만의 오랜 비법을 담아 야채 육수를 베이스로 우려낸 특제 간장 소스에 졸여 은은한 풍미가 감칠맛을 더합니다. 달짝지근하면서도 짭조름한 맛의 균형을 제대로 잡은 진정한 밥도둑! 든든한끼 본쇠고기장조림으로 간편하게 만나보세요. 2 제품 정보 3 반찬 제품 소개",쇠고기|장조림,,,PARTIAL_DESCRIPTION,UNKNOWN,https://api.bonif.co.kr/brand/v1/menu/detail?brdCd=BF102&cmdtIdx=213,2026-10-04,2026-06-08,franchise-quality-v1,OFFICIAL_MENU_DESCRIPTION_AND_BRAND_ALLERGEN_TABLE,,,false,FCF03B4D54C42E1A24C6FCE4D598CBB5E016887DEC13CE43123E92359D12E567
official-bon-bf102-236,BON-BF102-236,본죽&비빔밥,홍게품은죽,"2마리 홍게 다리살을 통째로 - 세상에 없던 진한 게살 요리를 맛보다! 동해에서 잡아 올린 싱싱한 홍게의 몸통살과 다리살을 발라 내어 그대로 넣고 끓여 낸 홍게살죽. 어디에서도 맛보기 어려운 깊고 진한 풍미를 느낄 수 있는 본죽만의 시그니처 별미 요리죽. · 1 메뉴 특징 본죽 Signature 세상에 없던 진한 게살 요리 홍게 품은 죽 2마리 홍게 다리살을 통째로 - 푸른 동해 바다 속 붉은 보물이라고 불리는 싱싱한 홍게의 풍미를 그대로 품은 한 그릇. 부드러운 쌀알 하나 하나에 홍게의 맛과 향이 진하게 배어들도록 몸통부터 다리까지 게살을 아낌없이 넣고 끓여 내었습니다. 보드랍고 따끈하게 녹아든 홍게살의 짙은 풍미를 즐겨보세요. ※ [죽 계란 추가 시 안내] 죽을 끓일 때 넣어서 조리합니다. · 2 식재료 이야기 몸통부터 다리까지 통째로 담은 홍게살의 깊은 풍미 2마리 홍게 다리살을 통째로 담아 깊고 진한 풍미를 그대로 품은 한 그릇! 산지에서 바로 잡은 속살이 꽉 찬 싱싱한 제철 홍게의 고소하고 보드라운 몸통살부터 쫄깃하고 탱글탱글한 다리살까지 듬뿍 넣고 끓여 잊을 수 없는 게살 요리를 완성합니다. 게살을 더욱 부드럽게 깊고 진한 풍미를 그대로 담은 홍게죽 이 겨울, 맛있는 제철 홍게를 가장 제대로 맛볼 수 있는 방법! 깔끔하고 풍성하게 마지막 한 점까지 남녀노소 누구나 편안히, 마음껏 드실 수 있도록 정성 가득히 발라낸 살점만을 듬뿍 담았습니다. 이제 우아하게, 깊은 풍미 한 가득 품은 부드러운 한 그릇에 빠져보세요.",게살|홍게,대두 밀 쇠고기 우유 게,게|대두|밀|우유,PARTIAL_DESCRIPTION,CONFIRMED_LABEL,https://api.bonif.co.kr/brand/v1/menu/detail?brdCd=BF102&cmdtIdx=236,2026-10-04,2026-06-08,franchise-quality-v1,OFFICIAL_MENU_DESCRIPTION_AND_BRAND_ALLERGEN_TABLE,견과류|달걀|땅콩|새우|생선|조개류,난류(계란) 닭고기 돼지고기 땅콩 복숭아 토마토 새우 아황산류 고등어 호두 메밀 오징어 홍합 전복 굴 조개류 잣,false,B91EF2B2EB40A337A9C38473858F5F532C343DCB22A0859CD326EDB6436CBC8F
official-bon-bf102-237,BON-BF102-237,본죽&비빔밥,진홍게품은죽 (홍게다리살2배),"4마리 홍게 다리살을 통째로 - 세상에 없던 진한 게살 요리를 맛보다! 동해에서 잡아 올린 싱싱한 홍게의 몸통살과 다리살을 발라 내어 그대로 넣고 끓여 낸 홍게살죽. 어디에서도 맛보기 어려운 깊고 진한 풍미를 느낄 수 있는 본죽만의 시그니처 별미 요리죽. · 1 메뉴 특징 본죽 Signature 4마리 다리살 세상에 없던 진한 게살 요리 홍게 품은 죽 4마리 홍게 다리살을 통째로 - 푸른 동해 바다 속 붉은 보물이라고 불리는 싱싱한 홍게의 풍미를 그대로 품은 한 그릇. 부드러운 쌀알 하나 하나에 홍게의 맛과 향이 진하게 배어들도록 몸통부터 다리까지 게살을 아낌없이 넣고 끓여 내었습니다. 보드랍고 따끈하게 녹아든 홍게살의 짙은 풍미를 즐겨보세요. ※ [죽 계란 추가 시 안내] 죽을 끓일 때 넣어서 조리합니다. · 2 식재료 이야기 몸통부터 다리까지 통째로 담은 홍게살의 깊은 풍미 4마리 홍게 다리살을 통째로 담아 깊고 진한 풍미를 그대로 품은 한 그릇! 산지에서 바로 잡은 속살이 꽉 찬 싱싱한 제철 홍게의 고소하고 보드라운 몸통살부터 쫄깃하고 탱글탱글한 다리살까지 듬뿍 넣고 끓여 잊을 수 없는 게살 요리를 완성합니다. 게살을 더욱 부드럽게 깊고 진한 풍미를 그대로 담은 홍게죽 이 겨울, 맛있는 제철 홍게를 가장 제대로 맛볼 수 있는 방법! 깔끔하고 풍성하게 마지막 한 점까지 남녀노소 누구나 편안히, 마음껏 드실 수 있도록 정성 가득히 발라낸 살점만을 듬뿍 담았습니다. 이제 우아하게, 깊은 풍미 한 가득 품은 부드러운 한 그릇에 빠져보세요.",게살|홍게,,,PARTIAL_DESCRIPTION,UNKNOWN,https://api.bonif.co.kr/brand/v1/menu/detail?brdCd=BF102&cmdtIdx=237,2026-10-04,2026-06-08,franchise-quality-v1,OFFICIAL_MENU_DESCRIPTION_AND_BRAND_ALLERGEN_TABLE,,,false,6F03A8C79C1C43E3E863BA930D8BDDE22CDF8AEE2CE398934DF2CFCF7D0C68B0
official-bon-bf102-238,BON-BF102-238,본죽&비빔밥,특홍게품은죽 (홍게다리살3배),"6마리 홍게 다리살을 통째로 - 세상에 없던 진한 게살 요리를 맛보다! 동해에서 잡아 올린 싱싱한 홍게의 몸통살과 다리살을 발라 내어 그대로 넣고 끓여 낸 홍게살죽. 어디에서도 맛보기 어려운 깊고 진한 풍미를 느낄 수 있는 본죽만의 시그니처 별미 요리죽. · 1 메뉴 특징 본죽 Signature 6마리 다리살 세상에 없던 진한 게살 요리 홍게 품은 죽 6마리 홍게 다리살을 통째로 - 푸른 동해 바다 속 붉은 보물이라고 불리는 싱싱한 홍게의 풍미를 그대로 품은 한 그릇. 부드러운 쌀알 하나 하나에 홍게의 맛과 향이 진하게 배어들도록 몸통부터 다리까지 게살을 아낌없이 넣고 끓여 내었습니다. 보드랍고 따끈하게 녹아든 홍게살의 짙은 풍미를 즐겨보세요. ※ [죽 계란 추가 시 안내] 죽을 끓일 때 넣어서 조리합니다. · 2 식재료 이야기 몸통부터 다리까지 통째로 담은 홍게살의 깊은 풍미 6마리 홍게 다리살을 통째로 담아 깊고 진한 풍미를 그대로 품은 한 그릇! 산지에서 바로 잡은 속살이 꽉 찬 싱싱한 제철 홍게의 고소하고 보드라운 몸통살부터 쫄깃하고 탱글탱글한 다리살까지 듬뿍 넣고 끓여 잊을 수 없는 게살 요리를 완성합니다. 게살을 더욱 부드럽게 깊고 진한 풍미를 그대로 담은 홍게죽 이 겨울, 맛있는 제철 홍게를 가장 제대로 맛볼 수 있는 방법! 깔끔하고 풍성하게 마지막 한 점까지 남녀노소 누구나 편안히, 마음껏 드실 수 있도록 정성 가득히 발라낸 살점만을 듬뿍 담았습니다. 이제 우아하게, 깊은 풍미 한 가득 품은 부드러운 한 그릇에 빠져보세요.",게살|홍게,,,PARTIAL_DESCRIPTION,UNKNOWN,https://api.bonif.co.kr/brand/v1/menu/detail?brdCd=BF102&cmdtIdx=238,2026-10-04,2026-06-08,franchise-quality-v1,OFFICIAL_MENU_DESCRIPTION_AND_BRAND_ALLERGEN_TABLE,,,false,D47738CB48D4950555411F2A660B43FA2B89878C90C6ADBF597D4E544134E25E
official-bon-bf102-250,BON-BF102-250,본죽&비빔밥,트러플전복죽,"바다의 진미 전복과 흙 속의 보석 트러플 오일이 만나 요리가 되다! 더욱 깊어진 풍미에 부드러운 전복과 식감 좋은 톳, 트러플 오일로 완성한 품격이 다른 전복죽. 본죽만의 시그니처 별미 요리죽. · 1 메뉴 특징 격이 다른 맛과 풍미를 경험해 보세요! 트러플전복죽​ 바다의 향을 진하게 담은 전복 내장과 각종 영양분이 풍부해 바다의 불로초라 불리는 톳이 어우러져 만들어진 죽 위로, 요리의 가치를 더해주는 트러플 오일과 더욱 크고 부드러워진 전복을 더했습니다. 격이 다른 맛과 풍미를 지닌 요리 위의 요리 트러플 전복죽을 만나보세요. · 2 식재료 이야기 더욱 깊은 맛을 내는 바다의 불로초 ‘톳’과 신선한 ‘전복내장’ 제주 해녀들 밥상에 빠지지 않고 등장하는 오독오독 식감이 좋은 식재료 톳은 다른 해조류에 비해 각종 미네랄과 영양소가 월등히 높고, 식이섬유가 많아 최근에 더욱 주목 받는 상품입니다. 바다의 생기를 그대로 품어 깊은 맛과 풍미를 더해주는 신선한 전복내장과 바다의 불로초 톳이 만난 더욱 깊어진 맛을 만나보세요. 더욱 크고 부드러워진 바다의 진미 ‘전복’ 미역이나 다시마 등 해조류를 먹고 자라 은은한 바다향을 품은 전복은 비타민, 글리신, 아르기닌 같은 아미노산을 함유해 피로 회복과 원기 회복에 탁월한 효능이 있습니다. 재료 본연의 맛과 식감을 가장 잘 느낄 수 있는 더욱 크고 부드러워진 전복이 올라가 보는 즐거움과 씹는 즐거움을 동시에 선사합니다. 세계 3대 진미의 우아한 맛과 향 흙 속의 진주 ‘트러플’ 우리 말로 ‘송로버섯’이라 불리는 트러플은 7년간 땅의 에너지를 흡수하며 자라 자연재배로만 얻을 수 있습니다. 훈련된 돼지나 개를 이용해서만 채취하기 때문에 더욱 희소한 식재료이기도 합니다. 국산 김 가루를 섞어 풍미를 높인 본죽만의 특제 트러플 오일로 세계 3대 진미의 우아한 맛과 향을 담았습니다.",김|미역|버섯|전복,대두 밀 쇠고기 우유 전복 조개류,대두|밀|우유|조개류,PARTIAL_DESCRIPTION,CONFIRMED_LABEL,https://api.bonif.co.kr/brand/v1/menu/detail?brdCd=BF102&cmdtIdx=250,2026-10-04,2026-06-08,franchise-quality-v1,OFFICIAL_MENU_DESCRIPTION_AND_BRAND_ALLERGEN_TABLE,게|견과류|달걀|땅콩|새우|생선|조개류,난류(계란) 닭고기 돼지고기 땅콩 게 복숭아 토마토 새우 아황산류 고등어 호두 메밀 오징어 홍합 굴 잣,false,44704C56C5ECE83B15AC0FA8CD85B1203255AEA693DE2DACBD81591E918B7D3F
official-bon-bf102-251,BON-BF102-251,본죽&비빔밥,특트러플전복죽,"바다의 진미 전복과 흙 속의 보석 트러플 오일이 만나 요리가 되다! 더욱 깊어진 풍미에 부드러운 전복과 식감 좋은 톳, 트러플 오일로 완성한 품격이 다른 전복죽. 본죽만의 시그니처 별미 요리죽. · 1 메뉴 특징 본죽 Signature 전복이 2배! 격이 다른 맛과 풍미를 경험해 보세요! 트러플전복죽(특) ​ 바다의 향을 진하게 담은 전복 내장과 각종 영양분이 풍부해 바다의 불로초라 불리는 톳이 어우러져 만들어진 죽 위로, 요리의 가치를 더해주는 트러플 오일과 더욱 크고 부드러워진 전복을 더했습니다. 격이 다른 맛과 풍미를 지닌 요리 위의 요리 트러플 전복죽을 만나보세요. 경험하고 싶은 별식, 맛있는 별미 요리를 얹다. 오직 본죽에서만 만날 수 있는, 죽이 요리가 되는 시간. 뭉근하고 포근하게 푸욱 끓인 죽에서 재료 본연의 맛과 식감까지 그대로 살려 더욱 다채롭고 든든한 새로운 죽으로! 본죽의 시그니처 요리 메뉴, 죽의 새로운 경험으로 초대합니다. · 2 식재료 이야기 더욱 깊은 맛을 내는 바다의 불로초 ‘톳’과 신선한 ‘전복내장’ 제주 해녀들 밥상에 빠지지 않고 등장하는 오독오독 식감이 좋은 식재료 톳은 다른 해조류에 비해 각종 미네랄과 영양소가 월등히 높고, 식이섬유가 많아 최근에 더욱 주목 받는 상품입니다. 바다의 생기를 그대로 품어 깊은 맛과 풍미를 더해주는 신선한 전복내장과 바다의 불로초 톳이 만난 더욱 깊어진 맛을 만나보세요. 더욱 크고 부드러워진 바다의 진미 ‘전복’ 미역이나 다시마 등 해조류를 먹고 자라 은은한 바다향을 품은 전복은 비타민, 글리신, 아르기닌 같은 아미노산을 함유해 피로 회복과 원기 회복에 탁월한 효능이 있습니다. 재료 본연의 맛과 식감을 가장 잘 느낄 수 있는 더욱 크고 부드러워진 전복이 올라가 보는 즐거움과 씹는 즐거움을 동시에 선사합니다. ​ 세계 3대 진미의 우아한 맛과 향 흙 속의 진주 ‘트러플’ 우리 말로 ‘송로버섯’이라 불리는 트러플은 7년간 땅의 에너지를 흡수하며 자라 자연재배로만 얻을 수 있습니다. 훈련된 돼지나 개를 이용해서만 채취하기 때문에 더욱 희소한 식재료이기도 합니다. 국산 김 가루를 섞어 풍미를 높인 본죽만의 특제 트러플 오일로 세계 3대 진미의 우아한 맛과 향을 담았습니다.",김|미역|버섯|전복,대두 밀 쇠고기 우유 전복 조개류,대두|밀|우유|조개류,PARTIAL_DESCRIPTION,CONFIRMED_LABEL,https://api.bonif.co.kr/brand/v1/menu/detail?brdCd=BF102&cmdtIdx=251,2026-10-04,2026-06-08,franchise-quality-v1,OFFICIAL_MENU_DESCRIPTION_AND_BRAND_ALLERGEN_TABLE,게|견과류|달걀|땅콩|새우|생선|조개류,난류(계란) 닭고기 돼지고기 땅콩 게 복숭아 토마토 새우 아황산류 고등어 호두 메밀 오징어 홍합 굴 잣,false,C73AE73D647633BE6896CCFF44DFCF0B0819D5EF083E3582F7D93BED55DF5CB4
official-bon-bf102-322,BON-BF102-322,본죽&비빔밥,흰죽,"쌀의 영양만을 듬뿍 담아 끓여낸 흰죽. 몸과 마음에 회복이 필요할 때, 자극 없는 부드러운 온기를 만나보세요. · 1 메뉴 특징 보드라운 회복 에너지 흰 죽 쌀의 영양만을 듬뿍 담아 부드럽게 끓여 내었습니다. 몸과 마음에 회복이 필요할 때, 자극 없이 소화를 돕는 따끈한 온기를 만나보세요. 곡물의 영양을 가득 품은 든든한 에너지를 전합니다. ※ [죽 계란 추가 시 안내] 죽을 끓일 때 넣어서 조리합니다. · 2 식재료 이야기 곡물의 영양 그대로 쌀 쌀의 영양만을 듬뿍 담아 끓여 낸 흰죽. 다른 식재료를 넣지 않아 자극 없이 소화를 돕습니다. 아무 힘도 없는 하루, 삼키는 것조차 버거운 날, 빈 속이 놀라지 않도록 순한 음식이 필요할 때 부드럽고 따끈한 온기를 더해 지친 몸과 마음에 회복할 힘을 전해줄 거예요. 건강한 내일을 만날 에너지까지 얻어보세요.",,,,PARTIAL_DESCRIPTION,UNKNOWN,https://api.bonif.co.kr/brand/v1/menu/detail?brdCd=BF102&cmdtIdx=322,2026-10-04,2026-06-08,franchise-quality-v1,OFFICIAL_MENU_DESCRIPTION_AND_BRAND_ALLERGEN_TABLE,,,false,67A984D49A3DEFE8D2077B7DDCF86283E0958093D3D7A7E10C6B9624E68E5D95
official-bon-bf102-342,BON-BF102-342,본죽&비빔밥,본쇠고기장조림(300g),"쇠고기 장조림 300g · 1 메뉴 특징 달콤 짭조름한 완벽한 맛의 균형 본쇠고기장조림 본죽 매장에서 즐기던 맛과 정성 그대로! 언제 어디서나 먹기 좋은 간편 반찬, 본쇠고기장조림. 엄선한 건강한 쇠고기를 고온에서 푹 삶은 후 고기의 결을 따라 먹기 좋은 크기로 곱게 찢어 부드러우면서도 쫄깃한 식감으로 남녀노소 누구나 편하게 드실 수 있도록 완성하였습니다. 본죽만의 오랜 비법을 담아 야채 육수를 베이스로 우려낸 특제 간장 소스에 졸여 은은한 풍미가 감칠맛을 더합니다. 달짝지근하면서도 짭조름한 맛의 균형을 제대로 잡은 진정한 밥도둑! 본 쇠고기 장조림으로 간편하게 만나보세요. 2 제품 정보 3 반찬 제품 소개",쇠고기|장조림,,,PARTIAL_DESCRIPTION,UNKNOWN,https://api.bonif.co.kr/brand/v1/menu/detail?brdCd=BF102&cmdtIdx=342,2026-10-04,2026-06-08,franchise-quality-v1,OFFICIAL_MENU_DESCRIPTION_AND_BRAND_ALLERGEN_TABLE,,,false,A19FE61A63A00225DFD15484C669124A49D40DAD66E12B4E693E0463FA2726C4
official-bon-bf102-344,BON-BF102-344,본죽&비빔밥,본메추리알쇠고기장조림(150g),"메추리알쇠고기 장조림 150g · 1 메뉴 특징 보드라운 쇠고기와 고소한 메추리알의 완벽한 조합 본메추리알쇠고기장조림 본죽 매장에서 즐기던 맛과 정성 그대로! 언제 어디서나 먹기 좋은 간편 반찬, 본메추리알쇠고기장조림. 엄선한 건강한 쇠고기를 고온에서 푹 삶은 후 고기의 결을 따라 먹기 좋은 크기로 곱게 찢어 부드러우면서도 쫄깃한 식감으로 남녀노소 누구나 편하게 드실 수 있도록 완성하였습니다. 여기에 한 입에 먹기 좋은 고소한 메추리알까지 쏙쏙! 골라먹는 재미까지 느껴보세요. 본죽만의 오랜 비법을 담아 야채 육수를 베이스로 우려낸 특제 간장 소스에 졸여 은은한 풍미가 감칠맛을 더합니다. 달짝지근하면서도 짭조름한 맛의 균형을 제대로 잡은 진정한 밥도둑! 본메추리알쇠고기장조림을 간편하게 만나보세요. 2 제품 정보 3 반찬 제품 소개",메추리알|쇠고기|장조림,,,PARTIAL_DESCRIPTION,UNKNOWN,https://api.bonif.co.kr/brand/v1/menu/detail?brdCd=BF102&cmdtIdx=344,2026-10-04,2026-06-08,franchise-quality-v1,OFFICIAL_MENU_DESCRIPTION_AND_BRAND_ALLERGEN_TABLE,,,false,42E2CA45356D589C318F21400CA626A63D956D913B1ACA75BC6EDA5C110D20DE
official-bon-bf102-36,BON-BF102-36,본죽&비빔밥,전복죽,"영양 가득한 든든한 보양죽. 담백하고 고소하면서도 진하게 끓여내어 몸과 마음에 든든한 온기를 채워줍니다. [현미죽 변경 시 안내] 현미죽은 최적의 풍미를 살린 레시피로 기존죽 대비 제공량에 다소 차이가 있습니다. · 1 메뉴 특징 바다의 맛과 향을 그대로 담은 대표 보양식 전복죽 영양 가득한 든든한 보양죽. 담백하고 고소하면서도 진하게 끓여내어 몸과 마음에 든든한 온기를 채워줍니다. 바다의 생기를 그대로 머금은 전복으로 생활의 활력까지 되찾아주는 영양 만점 보양식을 만나보세요. 현미죽으로 변경하여, 더 건강한 보양식을 즐겨보세요!​ · 2 식재료 이야기 피로회복과 면역력 강화에 좋은 타우린과 비타민 B군이 풍부한 전복 바다의 산삼이라고 불릴 만큼 건강 식재료로 유명합니다. 바다의 향까지 그대로 품어 풍미까지 가득한 한 그릇. 풍부한 맛과 향을 푹 우려내었습니다. 원기회복을 돕는 영양 듬뿍 대표 보양죽 기력이 달리는 날, 괜스레 속까지 더부룩하고 자도 자도 피곤한 날이 있죠. 고소하고 담백한 맛으로 부담 없는 따뜻한 식사, 속까지 편안한 진짜 보양식을 추천합니다. 부드러운 감칠맛은 입맛 없는 날에도 한 그릇 뚝딱 비우게 하는 비결입니다. 원기회복을 돕는 영양 듬뿍 대표 보양죽을 만나보세요. 3 이럴 때 추천 이 메뉴는 이럴 때 추천해요! #보양 유난히 몸이 무겁고 기력이 부족한 날이 있죠. 마음까지 든든한 온기와 활력을 전해줘요. #아침식사 입 안이 껄끄러운 피곤하고 바쁜 아침, 자극적이지 않고 먹기도 편해요. #선물 내 소중한 사람의 건강까지 생각하는, 따뜻한 마음을 온전히 담아 특별해요.",,대두 밀 쇠고기 우유 전복 조개류 잣,견과류|대두|밀|우유|조개류,PARTIAL_DESCRIPTION,CONFIRMED_LABEL,https://api.bonif.co.kr/brand/v1/menu/detail?brdCd=BF102&cmdtIdx=36,2026-10-04,2026-06-08,franchise-quality-v1,OFFICIAL_MENU_DESCRIPTION_AND_BRAND_ALLERGEN_TABLE,게|견과류|달걀|땅콩|새우|생선|조개류,난류(계란) 닭고기 돼지고기 땅콩 게 복숭아 토마토 새우 아황산류 고등어 호두 메밀 오징어 홍합 굴,false,5FBE65F37901E1A4AE3F7DF27AEC0C2F43B420F721408445383C5B65DEF0AE62
official-bon-bf102-360,BON-BF102-360,본죽&비빔밥,한우참깨애호박죽,"이유식 후기 (9 ~ 11개월) 한우참깨애호박죽 180g · 1 메뉴 특징 한우와 애호박의 영양이 듬뿍 [베이비본죽 to go] 한우참깨애호박죽 본죽이 만든 프리미엄 이유식, 베이비본죽 to go를 간편하고 건강하게 만나보세요. 가볍게 휴대하기 좋은 실온 이유식으로 더욱 편리하게 즐길 수 있습니다. 고소하면서 은은한 풍미로 아이가 맛있게 즐기면서 성장에 필요한 영양분 섭취는 물론, 자연스럽게 식품에 대한 경험까지 늘려갈 수 있도록 한우에 애호박, 당근, 양파까지 더해 영양분을 풍부하게 담은 한우참깨애호박죽. 후기 이유식은 9 ~ 11개월의 아이들을 위해 맞춘 제품입니다. 씹는 운동이 활발해지며 입맛이 형성되는 이 시기의 아이들을 위해 3 ~ 5mm 크기의 재료를 넣었습니다. 또한 성장에 중요한 철분 섭취를 위해 무항생제 한우를 15% 이상 넣었습니다. 우리 아이를 위한 맘이 편한 식사 시간, 쉽고 가볍게 만나보세요. 2 이 시기에 딱 좋아요! · 3 식재료 이야기 아이 성장 발달과 두뇌 개발에 중요한 철분. 그러나 생후 4 ~ 6개월이 지나면 신생아 때 물려받은 철분이 거의 다 소진되어 이유식을 통한 충분한 철분 섭취가 중요합니다. 베이비본죽 to go는 한우를 15%이상 함유하여 시중 제품에 비해 풍부한 철분 함유량을 자랑합니다. 특히 국내산 무항생제 한우를 사용하여 더욱 건강하게 고소하고 담백한 맛을 더했습니다. 맛과 영양을 모두 챙긴 똑똑한 이유식을 만나보세요. 아이들의 두뇌 발달에 좋은 레시틴 성분과 위를 튼튼하게 보호해주고 소화 불량을 개선하는 비타민 A가 풍부한 애호박과 당근, 양파까지 모두 건강한 국내산 식재를 사용하여 아이 성장에 중요한 영양분을 풍부하게 담았습니다. 특히 다양한 식감을 살려 아이의 턱과 입술의 발달을 돕고 질감을 더해 음식에 대한 경험을 자연스럽게 늘려가도록 도움을 주는 역할을 합니다. 건강한 우리 아이를 위한 현명한 선택, 간편하게 만나보세요. 4 이용 방법 5 주의 사항 6 제품 정보 7 간편식 및 음료 제품 소개",당근|애호박|양파|참깨,,,PARTIAL_DESCRIPTION,UNKNOWN,https://api.bonif.co.kr/brand/v1/menu/detail?brdCd=BF102&cmdtIdx=360,2026-10-04,2026-06-08,franchise-quality-v1,OFFICIAL_MENU_DESCRIPTION_AND_BRAND_ALLERGEN_TABLE,,,false,E878122C89E2B7C643EB6F0BEF4971F709B8613F4FFB64D7E60D45FA08782AFB
official-bon-bf102-364,BON-BF102-364,본죽&비빔밥,한우야채진밥,"이유식 완료기 (12 ~ 15개월) 한우야채진밥 180g · 1 메뉴 특징 한우와 다양한 야채의 영양이 듬뿍 [베이비본죽 to go] 한우야채진밥 본죽이 만든 프리미엄 이유식, 베이비본죽 to go를 간편하고 건강하게 만나보세요. 가볍게 휴대하기 좋은 실온 이유식으로 더욱 편리하게 즐길 수 있습니다. 고소하면서 은은한 풍미로 아이가 맛있게 즐기면서 성장에 필요한 영양분 섭취는 물론 자연스럽게 식품에 대한 경험까지 늘려갈 수 있도록 한우와 다양한 야채 등 풍부한 식재로 질감을 살린 한우야채진밥. 완료기 이유식은 12 ~ 15개월의 아이들을 위해 맞춘 제품입니다. 본격적인 유아식을 시작하기 전에 쉽게 적응할 수 있도록 도와주는 준비 단계로 아이가 씹는 연습을 더 잘할 수 있도록 끈기와 찰기가 있는 진밥 형태에 5 ~ 7mm로 재료의 입자감을 살려 완성하였습니다. 특히 운동량이 많아지는 이 시기의 아이들에게 5대 영양소 섭취와 에너지 보충은 물론 편식까지 예방할 수 있도록 다양한 자연의 식재를 함께 더해 균형 잡힌 식단으로 준비하였습니다. 성장에 중요한 철분 섭취를 위해 무항생제 한우까지 15% 이상 든든히 함유한 이유식! 우리 아이를 위한 맘이 편한 식사 시간, 쉽고 가볍게 만나보세요. 2 이 시기에 딱 좋아요! · 3 식재료 이야기 아이 성장 발달과 두뇌 개발에 중요한 철분. 그러나 생후 4 ~ 6개월이 지나면 신생아 때 물려받은 철분이 거의 다 소진되어 이유식을 통한 충분한 철분 섭취가 중요합니다. 베이비본죽 to go는 한우를 15%이상 함유하여 시중 제품에 비해 풍부한 철분 함유량을 자랑합니다. 특히 국내산 무항생제 한우를 사용하여 더욱 건강하게 고소하고 담백한 맛을 더했습니다. 맛과 영양을 모두 챙긴 똑똑한 이유식을 만나보세요. 아이들의 두뇌 발달에 좋은 레시틴 성분과 위를 튼튼하게 보호해주고 소화 불량을 개선하는 비타민 A가 풍부한 애호박과 당근, 양파까지 모두 건강한 국내산 식재를 사용하여 아이 성장에 중요한 영양분을 풍부하게 담았습니다. 특히 다양한 식감을 살려 아이의 턱과 입술의 발달을 돕고 질감을 더해 음식에 대한 경험을 자연스럽게 늘려가도록 도움을 주는 역할을 합니다. 건강한 우리 아이를 위한 현명한 선택, 간편하게 만나보세요. 4 이용 방법 5 주의 사항 6 제품 정보 7 간편식 및 음료 제품 소개",당근|애호박|양파,,,PARTIAL_DESCRIPTION,UNKNOWN,https://api.bonif.co.kr/brand/v1/menu/detail?brdCd=BF102&cmdtIdx=364,2026-10-04,2026-06-08,franchise-quality-v1,OFFICIAL_MENU_DESCRIPTION_AND_BRAND_ALLERGEN_TABLE,,,false,59AA7BF1FD7079B153671112CE6B99B2F5732B0D00188D321AADE2F65D601536
official-bon-bf102-37,BON-BF102-37,본죽&비빔밥,진전복죽,"전복을 두 배로 넣은 영양 가득한 든든한 보양죽. 담백하고 고소하면서도 진하게 끓여내어 몸과 마음에 든든한 온기를 채워줍니다. [현미죽 변경 시 안내] 현미죽은 최적의 풍미를 살린 레시피로 기존죽 대비 제공량에 다소 차이가 있습니다. · 1 메뉴 특징 전복이 2배! 바다의 맛과 향을 그대로 담은 대표 보양식 진전복죽 전복을 두 배로 넣은 영양 가득한 든든한 보양죽. 담백하고 고소하면서도 진하게 끓여내어 몸과 마음에 든든한 온기를 채워줍니다. 바다의 생기를 그대로 머금은 전복으로 생활의 활력까지 되찾아주는 영양 만점 보양식을 만나보세요. · 2 식재료 이야기 피로회복과 면역력 강화에 좋은 타우린과 비타민 B군이 풍부한 전복 바다의 산삼이라고 불릴 만큼 건강 식재료로 유명합니다. 바다의 향까지 그대로 품어 풍미까지 가득한 한 그릇. 풍부한 맛과 향을 푹 우려내었습니다. 원기회복을 돕는 영양 듬뿍 대표 보양죽 기력이 달리는 날, 괜스레 속까지 더부룩하고 자도 자도 피곤한 날이 있죠. 고소하고 담백한 맛으로 부담 없는 따뜻한 식사, 속까지 편안한 진짜 보양식을 추천합니다. 부드러운 감칠맛은 입맛 없는 날에도 한 그릇 뚝딱 비우게 하는 비결입니다. 원기회복을 돕는 영양 듬뿍 대표 보양죽을 만나보세요. 3 이럴 때 추천 이 메뉴는 이럴 때 추천해요! #아침식사 입 안이 껄끄러운 피곤하고 바쁜 아침, 자극적이지 않고 먹기도 편해요. #영양간식 건강하면서도 아이들 입맛에 딱 맞는 영양간식으로도 좋아요. #보양 유난히 몸이 무겁고 기력이 부족한 날이 있죠. 마음까지 든든한 온기와 활력을 전해줘요.",전복,대두 밀 쇠고기 우유 전복 조개류 잣,견과류|대두|밀|우유|조개류,PARTIAL_DESCRIPTION,CONFIRMED_LABEL,https://api.bonif.co.kr/brand/v1/menu/detail?brdCd=BF102&cmdtIdx=37,2026-10-04,2026-06-08,franchise-quality-v1,OFFICIAL_MENU_DESCRIPTION_AND_BRAND_ALLERGEN_TABLE,게|견과류|달걀|땅콩|새우|생선|조개류,난류(계란) 닭고기 돼지고기 땅콩 게 복숭아 토마토 새우 아황산류 고등어 호두 메밀 오징어 홍합 굴,false,D15CCD121A28EC9E3F1561C995AA005BF2E151A917C0F290E1B38F864F3D4314
official-bon-bf102-370,BON-BF102-370,본죽&비빔밥,(500ml)본매실골드,"매실 원액 500ml · 1 메뉴 특징 새콤 달콤 상큼한 맛과 향 본매실골드 새콤 달콤 입맛 돋우는 향긋한 매실. 푸릇푸릇한 여름의 향을 그대로 품은 매실을 만나는 가장 간편한 방법! 상큼한 과즙의 맛과 과육에 가득한 영양이 듬뿍 담긴 매실 원액을 만나보세요. 일일이 좋은 과일을 골라 손질할 필요 없이 쉽고 맛있게, 더욱 풍부하게 섭취해보세요. 본죽의 요리 연구 노하우로 완성하여 더욱 특별한 맛과 향을 자랑합니다. 차, 에이드와 같은 음료와 함께, 요거트 토핑, 샐러드 드레싱으로, 요리에 설탕 대신 넣어 보다 건강하고 자연스럽게 음식의 감칠맛을 살리는 용도로 다양하게 즐기실 수 있습니다. 2 이용 방법 3 제품 정보 4 간편식 및 음료 제품 소개",,,,PARTIAL_DESCRIPTION,UNKNOWN,https://api.bonif.co.kr/brand/v1/menu/detail?brdCd=BF102&cmdtIdx=370,2026-10-04,2026-06-08,franchise-quality-v1,OFFICIAL_MENU_DESCRIPTION_AND_BRAND_ALLERGEN_TABLE,,,false,63D56527165C0B54F1D79B5258A72696C586511136352BABAD8AF095F575F2AA
official-bon-bf102-371,BON-BF102-371,본죽&비빔밥,단호박식혜,"단호박식혜 1캔( 238ml) · 1 메뉴 특징 자연이 빚은 달콤함 그대로 단호박식혜 한 입 가득 기분 좋은 달콤함, 자연이 빚은 건강함 그대로 담았습니다. 단호박의 은은한 맛과 향이 고소한 식혜와 어우러져 부드러운 풍미를 선사합니다. 특히 식재료를 고르는 깐깐한 본죽의 노하우를 담아 정성으로 재배한 건강한 단호박만을 사용하였습니다. 단맛의 깊이를 더하는 일교차가 큰 지역의 밭에서 잘 숙성된 고당도의 단호박으로 만들어 더욱 자연스러운 단맛을 느끼실 수 있습니다. 정성 가득 담아 전통 방식으로 빚은 단호박 식혜, 고슬고슬 씹히는 쌀알까지 더욱 풍부하게 즐겨보세요. 2 제품 정보 3 간편식 및 음료 제품 소개",단호박,,,PARTIAL_DESCRIPTION,UNKNOWN,https://api.bonif.co.kr/brand/v1/menu/detail?brdCd=BF102&cmdtIdx=371,2026-10-04,2026-06-08,franchise-quality-v1,OFFICIAL_MENU_DESCRIPTION_AND_BRAND_ALLERGEN_TABLE,,,false,831B5ED855AB99978BA3FE7D73CD71CBD9020C1D31FD76F90716716538578820
official-bon-bf102-374,BON-BF102-374,본죽&비빔밥,(낱개)양배추사과즙,양배추사과즙 1팩 (100ml) · 1 메뉴 특징 무농약 양배추에 사과를 더해 맛있는 건강 한 잔 양배추사과즙 100% 무농약 양배추를 오롯이 짜내어 담은 자연의 맛과 향. 달콤한 사과를 더해 양배추 특유의 비린 맛까지 꽉 잡은 양배추사과즙을 만나보세요. 착즙 방식으로 영양소 파괴는 줄이고 효소 분해 공정을 통해 부드러운 풍미를 제대로 살렸습니다. 불규칙한 식습관과 스트레스로 속이 자주 쓰리시다면 위에 좋은 영양분이 풍부해 천연 위장약으로 유명한 양배추사과즙으로 속 편한 하루를 만들어 보세요. 양배추와 사과의 환상 궁합으로 완성한 맛있는 건강 한 잔을 추천합니다. 2 제품 정보 3 간편식 및 음료 제품 소개,배추|사과|양배추,,,PARTIAL_DESCRIPTION,UNKNOWN,https://api.bonif.co.kr/brand/v1/menu/detail?brdCd=BF102&cmdtIdx=374,2026-10-04,2026-06-08,franchise-quality-v1,OFFICIAL_MENU_DESCRIPTION_AND_BRAND_ALLERGEN_TABLE,,,false,58E115A5151E8019B641FB0BAFF79383F2B4500AC21DBF495C5C3563574A7249
official-bon-bf102-375,BON-BF102-375,본죽&비빔밥,(낱개)진짜배즙,"진짜배즙 1팩 (100ml) · 1 메뉴 특징 물 한 방울 넣지 않은 순수한 배즙 진짜배즙. 순도 높은 국산 배와 자연의 원료만을 담아 담백하고 순수한 맛이 살아있는 진짜배즙. 농산물 생산에서부터 수확 후 포장 단계까지 위해요소를 관리하는 우수농산물관리제도 ‘GAP(Good Agricultural Practices)’ 인증을 받은 배만을 사용하여 온 가족이 안심하고 먹을 수 있는 품질을 자랑합니다. 물 한 방울 넣지 않고 원물 통째로 착즙하여 배의 향미를 제대로 살린 것은 물론, 껍질에 풍부한 식이섬유와 항산화 성분까지 모두 담았습니다. 유자, 모과, 도라지, 은행을 더해 풍부하게 자연의 맛을 살리면서 배의 차가운 성질을 보완해 더욱 건강하게 완성한 완벽한 진짜배즙을 만나보세요. 2 제품 정보 3 간편식 및 음료 제품 소개",안심,,,PARTIAL_DESCRIPTION,UNKNOWN,https://api.bonif.co.kr/brand/v1/menu/detail?brdCd=BF102&cmdtIdx=375,2026-10-04,2026-06-08,franchise-quality-v1,OFFICIAL_MENU_DESCRIPTION_AND_BRAND_ALLERGEN_TABLE,,,false,AEA1CE40E3CB1800FC930BDEE529939B672A974FA3CE30F9042E71F322CBA3F0
official-bon-bf102-38,BON-BF102-38,본죽&비빔밥,특전복죽,"전복을 세 배로 넣은 영양 가득한 든든한 보양죽. 담백하고 고소하면서도 진하게 끓여내어 몸과 마음에 든든한 온기를 채워줍니다. [현미죽 변경 시 안내] 현미죽은 최적의 풍미를 살린 레시피로 기존죽 대비 제공량에 다소 차이가 있습니다. · 1 메뉴 특징 전복이 3배! 바다의 맛과 향을 그대로 담은 대표 보양식 특전복죽 전복을 세 배로 넣은 영양 가득한 든든한 보양죽. 담백하고 고소하면서도 진하게 끓여내어 몸과 마음에 든든한 온기를 채워줍니다. 바다의 생기를 그대로 머금은 전복으로 생활의 활력까지 되찾아주는 영양 만점 보양식을 만나보세요. · 2 식재료 이야기 피로회복과 면역력 강화에 좋은 타우린과 비타민 B군이 풍부한 전복 바다의 산삼이라고 불릴 만큼 건강 식재료로 유명합니다. 바다의 향까지 그대로 품어 풍미까지 가득한 한 그릇. 풍부한 맛과 향을 푹 우려내었습니다. 원기회복을 돕는 영양 듬뿍 대표 보양죽 기력이 달리는 날, 괜스레 속까지 더부룩하고 자도 자도 피곤한 날이 있죠. 고소하고 담백한 맛으로 부담 없는 따뜻한 식사, 속까지 편안한 진짜 보양식을 추천합니다. 부드러운 감칠맛은 입맛 없는 날에도 한 그릇 뚝딱 비우게 하는 비결입니다. 원기회복을 돕는 영양 듬뿍 대표 보양죽을 만나보세요. 3 이럴 때 추천 이 메뉴는 이럴 때 추천해요! #보양 유난히 몸이 무겁고 기력이 부족한 날이 있죠. 마음까지 든든한 온기와 활력을 전해줘요. #아침식사 입 안이 껄끄러운 피곤하고 바쁜 아침, 자극적이지 않고 먹기도 편해요. #선물 내 소중한 사람의 건강까지 생각하는, 따뜻한 마음을 온전히 담아 특별해요.",전복,대두 밀 쇠고기 우유 전복 조개류 잣,견과류|대두|밀|우유|조개류,PARTIAL_DESCRIPTION,CONFIRMED_LABEL,https://api.bonif.co.kr/brand/v1/menu/detail?brdCd=BF102&cmdtIdx=38,2026-10-04,2026-06-08,franchise-quality-v1,OFFICIAL_MENU_DESCRIPTION_AND_BRAND_ALLERGEN_TABLE,게|견과류|달걀|땅콩|새우|생선|조개류,난류(계란) 닭고기 돼지고기 땅콩 게 복숭아 토마토 새우 아황산류 고등어 호두 메밀 오징어 홍합 굴,false,8880FB4B5517D137FEDFBD70B94F888A01CAD7FE68C01DC56072ACA7BDDF5CCD
official-bon-bf102-39,BON-BF102-39,본죽&비빔밥,전복내장죽,"전복내장의 깊은 풍미와 영양을 더욱 진하고 풍부하게 느낄 수 있는 전복내장죽. [현미죽 변경 시 안내] 현미죽은 최적의 풍미를 살린 레시피로 기존죽 대비 제공량에 다소 차이가 있습니다. · 1 메뉴 특징 전복내장의 고소한 풍미를 더한 전복내장죽 전복내장의 깊은 풍미와 영양을 더욱 진하고 풍부하게 느낄 수 있는 전복내장죽. 바다의 생명력을 그대로 담은 고단백 영양식으로 잃었던 활력을 되찾아 보세요. · 2 식재료 이야기 고소한 풍미의 전복내장 원기회복은 물론 고소한 맛과 풍미를 더해주는 전복내장. 은은한 바다의 향을 그대로 품어 더욱 진한 맛을 자랑합니다. 피로회복과 면역력 강화에 좋은 바다의 산삼, 전복. 풍부한 타우린과 비타민 B군으로 활기를 주는 대표 영양식을 만나보세요. 건강 가득한 보양 한 그릇 활력이 떨어지는 날에는 기분까지 우울해지기 쉽습니다. 바다의 생명력을 그대로 담아 더욱 진한 맛과 향을 자랑하는 전복내장죽은 몸과 마음에 영양은 물론 든든한 온기까지 전해줄 거예요. 잃었던 활기는 물론 입맛까지, 완벽한 영양 한 그릇으로 되찾아보세요. 3 이럴 때 추천 이 메뉴는 이럴 때 추천해요! #보양 유난히 몸이 무겁고 기력이 부족한 날이 있죠. 마음까지 든든한 온기와 활력을 전해줘요. #아침식사 입 안이 껄끄러운 피곤하고 바쁜 아침, 자극적이지 않고 먹기도 편해요. #선물 내 소중한 사람의 건강까지 생각하는, 따뜻한 마음을 온전히 담아 특별해요.",전복,대두 밀 쇠고기 우유 전복 조개류 잣,견과류|대두|밀|우유|조개류,PARTIAL_DESCRIPTION,CONFIRMED_LABEL,https://api.bonif.co.kr/brand/v1/menu/detail?brdCd=BF102&cmdtIdx=39,2026-10-04,2026-06-08,franchise-quality-v1,OFFICIAL_MENU_DESCRIPTION_AND_BRAND_ALLERGEN_TABLE,게|견과류|달걀|땅콩|새우|생선|조개류,난류(계란) 닭고기 돼지고기 땅콩 게 복숭아 토마토 새우 아황산류 고등어 호두 메밀 오징어 홍합 굴,false,3F8DAFA6F941B1D88B609CC441930972BB5707B4C1DE7E298262827A4F0FFA32
official-bon-bf102-40,BON-BF102-40,본죽&비빔밥,진전복내장죽,"전복의 양을 두 배로! 전복내장의 깊은 풍미와 영양과 함께 더욱 진하고 풍부하게 느낄 수 있는 진전복내장죽. [현미죽 변경 시 안내] 현미죽은 최적의 풍미를 살린 레시피로 기존죽 대비 제공량에 다소 차이가 있습니다. · 1 메뉴 특징 전복이 2배! 전복내장의 고소한 풍미를 더한 진전복내장죽 전복의 양을 두배로! 전복내장의 깊은 풍미와 영양을 더욱 진하고 풍부하게 느낄 수 있는 전복내장죽. 바다의 생명력을 그대로 담은 고단백 영양식으로 잃었던 활력을 되찾아 보세요. · 2 식재료 이야기 고소한 풍미의 전복내장 원기회복은 물론 고소한 맛과 풍미를 더해주는 전복내장. 은은한 바다의 향을 그대로 품어 더욱 진한 맛을 자랑합니다. 피로회복과 면역력 강화에 좋은 바다의 산삼, 전복. 풍부한 타우린과 비타민 B군으로 활기를 주는 대표 영양식을 만나보세요. 건강 가득한 보양 한 그릇 활력이 떨어지는 날에는 기분까지 우울해지기 쉽습니다. 바다의 생명력을 그대로 담아 더욱 진한 맛과 향을 자랑하는 전복내장죽은 몸과 마음에 영양은 물론 든든한 온기까지 전해줄 거예요. 잃었던 활기는 물론 입맛까지, 완벽한 영양 한 그릇으로 되찾아보세요. 3 이럴 때 추천 이 메뉴는 이럴 때 추천해요! #보양 유난히 몸이 무겁고 기력이 부족한 날이 있죠. 마음까지 든든한 온기와 활력을 전해줘요. #아침식사 입 안이 껄끄러운 피곤하고 바쁜 아침, 자극적이지 않고 먹기도 편해요. #선물 내 소중한 사람의 건강까지 생각하는, 따뜻한 마음을 온전히 담아 특별해요.",전복,대두 밀 쇠고기 우유 전복 조개류 잣,견과류|대두|밀|우유|조개류,PARTIAL_DESCRIPTION,CONFIRMED_LABEL,https://api.bonif.co.kr/brand/v1/menu/detail?brdCd=BF102&cmdtIdx=40,2026-10-04,2026-06-08,franchise-quality-v1,OFFICIAL_MENU_DESCRIPTION_AND_BRAND_ALLERGEN_TABLE,게|견과류|달걀|땅콩|새우|생선|조개류,난류(계란) 닭고기 돼지고기 땅콩 게 복숭아 토마토 새우 아황산류 고등어 호두 메밀 오징어 홍합 굴,false,58FA037250503B6379B1CC20D9709FE497700BBD8844C5ED877B855EFAE2DFA8
official-bon-bf102-41,BON-BF102-41,본죽&비빔밥,특전복내장죽,"전복의 양을 세 배로! 전복내장의 깊은 풍미와 영양과 함께 더욱 진하고 풍부하게 느낄 수 있는 특전복내장죽. [현미죽 변경 시 안내] 현미죽은 최적의 풍미를 살린 레시피로 기존죽 대비 제공량에 다소 차이가 있습니다. · 1 메뉴 특징 전복이 3배! 전복내장의 고소한 풍미를 더한 특전복내장죽 전복의 양을 세배로! 전복내장의 깊은 풍미와 영양을 더욱 진하고 풍부하게 느낄 수 있는 전복내장죽. 바다의 생명력을 그대로 담은 고단백 영양식으로 잃었던 활력을 되찾아 보세요. · 2 식재료 이야기 고소한 풍미의 전복내장 원기회복은 물론 고소한 맛과 풍미를 더해주는 전복내장. 은은한 바다의 향을 그대로 품어 더욱 진한 맛을 자랑합니다. 피로회복과 면역력 강화에 좋은 바다의 산삼, 전복. 풍부한 타우린과 비타민 B군으로 활기를 주는 대표 영양식을 만나보세요. 건강 가득한 보양 한 그릇 활력이 떨어지는 날에는 기분까지 우울해지기 쉽습니다. 바다의 생명력을 그대로 담아 더욱 진한 맛과 향을 자랑하는 전복내장죽은 몸과 마음에 영양은 물론 든든한 온기까지 전해줄 거예요. 잃었던 활기는 물론 입맛까지, 완벽한 영양 한 그릇으로 되찾아보세요. 3 이럴 때 추천 이 메뉴는 이럴 때 추천해요! #보양 유난히 몸이 무겁고 기력이 부족한 날이 있죠. 마음까지 든든한 온기와 활력을 전해줘요. #아침식사 입 안이 껄끄러운 피곤하고 바쁜 아침, 자극적이지 않고 먹기도 편해요. #선물 내 소중한 사람의 건강까지 생각하는, 따뜻한 마음을 온전히 담아 특별해요.",전복,대두 밀 쇠고기 우유 전복 조개류 잣,견과류|대두|밀|우유|조개류,PARTIAL_DESCRIPTION,CONFIRMED_LABEL,https://api.bonif.co.kr/brand/v1/menu/detail?brdCd=BF102&cmdtIdx=41,2026-10-04,2026-06-08,franchise-quality-v1,OFFICIAL_MENU_DESCRIPTION_AND_BRAND_ALLERGEN_TABLE,게|견과류|달걀|땅콩|새우|생선|조개류,난류(계란) 닭고기 돼지고기 땅콩 게 복숭아 토마토 새우 아황산류 고등어 호두 메밀 오징어 홍합 굴,false,789CFF5DFA3BE4048A17E887E1249A3739D21CEE0634C2A53F605F0CA579D514
official-bon-bf102-42,BON-BF102-42,본죽&비빔밥,삼계죽,"남녀노소 누구나 좋아하는 포근하고 부드러운 맛. 수삼 한 뿌리까지 통째로 들어가 허한 몸의 기운을 돋우는 대표 영양죽. ※현미죽으로 변경 추천! · 1 메뉴 특징 푹 고은 닭고기의 부드러운 온기 삼계죽 남녀노소 누구나 좋아하는 포근하고 부드러운 맛. 수삼 한 뿌리까지 통째로 들어가 허한 몸의 기운을 돋우는 대표 영양죽. 현미죽으로 변경하여 더 건강하고 구수한 영양 한 그릇을 즐겨보세요! · 2 식재료 이야기 부드럽고 진한 국내산 닭고기 푹 고아 부드럽고 진한 국내산 닭고기는 깊은 맛의 비결입니다. 특히 단백질이 풍부한 닭 가슴살 부위를 사용해 느끼한 기름기는 걷어내고 담백함과 고소함을 더했습니다. 속 깊은 곳까지 편안히, 포근하고 따뜻한 맛을 즐겨보세요 지친 몸에 활력을 수삼, 대추 원기 보강 대표 한약재, 국내산 수삼 한 뿌리가 통째로! 대추와 함께 풍부한 영양을 더했습니다. 활력과 입맛을 돋우는 영양식 재료의 탁월한 궁합으로 활기찬 하루를 맞이해보세요. 지치는 삼복더위에도 으슬으슬 힘 빠지는 매서운 추위에도 든든한 온기를 전합니다. 3 이럴 때 추천 이 메뉴는 이럴 때 추천해요! #아침식사 입 안이 껄끄러운 피곤하고 바쁜 아침, 자극적이지 않고 먹기도 편해요. #영양간식 건강하면서도 아이들 입맛에 딱 맞는 영양간식으로도 좋아요. #보양 유난히 몸이 무겁고 기력이 부족한 날이 있죠. 마음까지 든든한 온기와 활력을 전해줘요.",수삼,대두 밀 쇠고기 닭고기 우유,대두|밀|우유,PARTIAL_DESCRIPTION,CONFIRMED_LABEL,https://api.bonif.co.kr/brand/v1/menu/detail?brdCd=BF102&cmdtIdx=42,2026-10-04,2026-06-08,franchise-quality-v1,OFFICIAL_MENU_DESCRIPTION_AND_BRAND_ALLERGEN_TABLE,게|견과류|달걀|땅콩|새우|생선|조개류,난류(계란) 돼지고기 땅콩 게 복숭아 토마토 새우 아황산류 고등어 호두 메밀 오징어 홍합 전복 굴 조개류 잣,false,8DCF094FB765BCB541F102232E097A23AEA73CD795F8DC8D6017EEBD581708B6
official-bon-bf102-43,BON-BF102-43,본죽&비빔밥,삼계전복죽,"푹 고아 부드럽고 진한 닭고기에 전복까지 더해진 최고의 보양식! 국내산 수삼 한 뿌리까지 통째로 들어간 완벽한 영양 한 그릇으로 깊고 진한 진짜 보양식을 만나보세요. · 1 메뉴 특징 삼복 더위 이기는 영양 가득 최고의 보양 한 그릇 삼계전복죽 푹 고아 부드럽고 진한 닭고기에 전복까지 더해진 최고의 보양식! 국내산 수삼 한 뿌리까지 통째로 들어간 완벽한 영양 한 그릇으로 깊고 진한 진짜 보양식을 만나보세요. · 2 식재료 이야기 타우린과 비타민 전복 피로회복과 면역력 강화에 좋은 타우린과 비타민 B군이 풍부한 전복. 바다의 산삼이라고 불릴 만큼 건강 식재료로 유명합니다. 바다의 향까지 그대로 품어 풍미까지 가득한 한 그릇. 풍부한 맛과 향을 푹 우려내었습니다. 부드러운 국내산 닭고기 푹 고아 부드럽고 진한 국내산 닭고기는 깊은 맛의 비결입니다. 특히 단백질이 풍부한 닭 가슴살 부위를 사용해 느끼한 기름기는 걷어내고 담백함과 고소함을 더했습니다. 속 깊은 곳까지 편안히, 포근하고 따뜻한 맛을 즐겨보세요. 지친 몸에 활력을 수삼, 대추 원기 보강 대표 한약재, 국내산 수삼 한 뿌리가 통째로! 대추와 함께 풍부한 영양을 더했습니다. 활력과 입맛을 돋우는 영양식 재료의 탁월한 궁합으로 활기찬 하루를 맞이해보세요. 지치는 삼복더위에도 으슬으슬 힘 빠지는 매서운 추위에도 든든한 온기를 전합니다. 3 이럴 때 추천 이 메뉴는 이럴 때 추천해요! #보양 유난히 몸이 무겁고 기력이 부족한 날이 있죠. 마음까지 든든한 온기와 활력을 전해줘요. #아침식사 입 안이 껄끄러운 피곤하고 바쁜 아침, 자극적이지 않고 먹기도 편해요. #선물 내 소중한 사람의 건강까지 생각하는, 따뜻한 마음을 온전히 담아 특별해요.",닭고기|대추|수삼|전복,대두 밀 쇠고기 닭고기 우유 전복 조개류,대두|밀|우유|조개류,PARTIAL_DESCRIPTION,CONFIRMED_LABEL,https://api.bonif.co.kr/brand/v1/menu/detail?brdCd=BF102&cmdtIdx=43,2026-10-04,2026-06-08,franchise-quality-v1,OFFICIAL_MENU_DESCRIPTION_AND_BRAND_ALLERGEN_TABLE,게|견과류|달걀|땅콩|새우|생선|조개류,난류(계란) 돼지고기 땅콩 게 복숭아 토마토 새우 아황산류 고등어 호두 메밀 오징어 홍합 굴 잣,false,D50D9FE2DAA436E90237A7BDB4AA5693F7D5018A7EFF65A9B7D51A21FC2D85E7
official-bon-bf102-44,BON-BF102-44,본죽&비빔밥,자연송이쇠고기죽,"땅에서 나는 보약 자연송이와 영양 가득 소고기가 만나 더욱 건강하고 든든한 프리미엄 보양죽 ※ 현미죽 변경 시 안내 현미죽은 최적의 풍미를 살린 레시피로 기존 죽 대비 제공량에 다소 차이가 있습니다. · 1 메뉴 특징 땅에서 나는 보약 자연송이와 소고기로 끓여낸 보양 한 그릇 자연송이쇠고기죽 영양 가득 소고기에 땅에서 나는 보약 자연송이를 넣어 더욱 건강하고 든든한 프리미엄 보양죽 자연송이의 짙은 향과 식감을 담아낸 보양 한 그릇을 만나보세요! · 2 식재료 이야기 소나무의 기운을 품은 송이버섯 소나무의 강인한 기운을 오롯이! 활력을 그대로! 고단백 식품으로 든든한 힘을 채워주는 것은 물론, 저칼로리 식품이면서 식이섬유소가 풍부해 비만 예방에도 효과적입니다. ‘신선의 음식’이라고 불리는 청정 자연의 선물 송이버섯은 소나무 뿌리 주변, 솔잎이 쌓인 습지에서 자라 향긋한 솔향을 그대로 머금고 있습니다. 쫄깃한 식감은 물론 깨어 물으면 배어져 나오는 은은한 송이버섯의 특별한 맛을 만나보세요. 고단백질 소고기 먹기 좋게 간 소고기를 풍성하게 담아, 고단백질 영양소가 듬뿍 우러나도록 푹 끓여내었습니다. 진하게 우러난 담백하고 고소한 맛으로 언제든 부담 없이 즐길 수 있는 든든한 영양식입니다. 3 이럴 때 추천 이 메뉴는 이럴 때 추천해요! #보양 유난히 몸이 무겁고 기력이 부족한 날이 있죠. 마음까지 든든한 온기와 활력을 전해줘요. #미용 피부에도 몸매에도 최고! 내일을 기대하게 되는 새로운 나를 위해 먹어요. #선물 내 소중한 사람의 건강까지 생각하는, 따뜻한 마음을 온전히 담아 특별해요.",소고기|자연송이,대두 밀 쇠고기 우유,대두|밀|우유,PARTIAL_DESCRIPTION,CONFIRMED_LABEL,https://api.bonif.co.kr/brand/v1/menu/detail?brdCd=BF102&cmdtIdx=44,2026-10-04,2026-06-08,franchise-quality-v1,OFFICIAL_MENU_DESCRIPTION_AND_BRAND_ALLERGEN_TABLE,게|견과류|달걀|땅콩|새우|생선|조개류,난류(계란) 닭고기 돼지고기 땅콩 게 복숭아 토마토 새우 아황산류 고등어 호두 메밀 오징어 홍합 전복 굴 조개류 잣,false,B7C098A665A726E8B671A825F6D1611891417160F4B5543A4000D1F810100D90
official-bon-bf102-45,BON-BF102-45,본죽&비빔밥,특자연송이쇠고기죽,"땅에서 나는 보약, 두 배로 넣은 자연송이와 영양 가득 소고기가 만나 더욱 건강하고 든든한 프리미엄 보양죽 ※현미죽 변경 시 안내 현미죽은 최적의 풍미를 살린 레시피로 기존죽 대비 제공량에 다소 차이가 있습니다. · 1 메뉴 특징 땅에서 나는 보약 자연송이와 소고기로 끓여낸 보양 한 그릇 (특)자연송이쇠고기죽 영양 가득 소고기에 땅에서 나는 보약 자연송이를 두 배로 넣어 더욱 건강하고 든든한 프리미엄 보양죽 자연송이의 짙은 향과 식감을 담아낸 보양 한 그릇을 만나보세요! · 2 식재료 이야기 소나무의 기운을 품은 송이버섯 소나무의 강인한 기운을 오롯이! 활력을 그대로! 고단백 식품으로 든든한 힘을 채워주는 것은 물론, 저칼로리 식품이면서 식이섬유소가 풍부해 비만 예방에도 효과적입니다. ‘신선의 음식’이라고 불리는 청정 자연의 선물 송이버섯은 소나무 뿌리 주변, 솔잎이 쌓인 습지에서 자라 향긋한 솔향을 그대로 머금고 있습니다. 쫄깃한 식감은 물론 깨어 물으면 배어져 나오는 은은한 송이버섯의 특별한 맛을 만나보세요. 고단백질 소고기 먹기 좋게 간 소고기를 풍성하게 담아, 고단백질 영양소가 듬뿍 우러나도록 푹 끓여내었습니다. 진하게 우러난 담백하고 고소한 맛으로 언제든 부담 없이 즐길 수 있는 든든한 영양식입니다. 3 이럴 때 추천 이 메뉴는 이럴 때 추천해요! #보양 유난히 몸이 무겁고 기력이 부족한 날이 있죠. 마음까지 든든한 온기와 활력을 전해줘요. #미용 피부에도 몸매에도 최고! 내일을 기대하게 되는 새로운 나를 위해 먹어요. #선물 내 소중한 사람의 건강까지 생각하는, 따뜻한 마음을 온전히 담아 특별해요.",소고기|자연송이,대두 밀 쇠고기 우유,대두|밀|우유,PARTIAL_DESCRIPTION,CONFIRMED_LABEL,https://api.bonif.co.kr/brand/v1/menu/detail?brdCd=BF102&cmdtIdx=45,2026-10-04,2026-06-08,franchise-quality-v1,OFFICIAL_MENU_DESCRIPTION_AND_BRAND_ALLERGEN_TABLE,게|견과류|달걀|땅콩|새우|생선|조개류,난류(계란) 닭고기 돼지고기 땅콩 게 복숭아 토마토 새우 아황산류 고등어 호두 메밀 오징어 홍합 전복 굴 조개류 잣,false,21139EC17EA989C752B3172B45F0FBD4EF6845BE673A3E2F6F6A737EA4AFBA45
official-bon-bf102-452,BON-BF102-452,본죽&비빔밥,명품잣죽,"100% 가평 잣으로 더욱 진한 고소한 맛과 은은한 향을 만나보세요. 부드럽게 퍼지는 섬세한 향이 풍미를 살려 한 입 맛볼 때마다 새로운 즐거움을 안겨줍니다. · 1 메뉴 특징 은은한 솔향과 보드라운 온기 명품잣죽 단백질이 풍부한 100% 국내산 잣으로 더욱 진하고 고소한 맛과 은은한 향을 만나보세요. 부드럽게 퍼지는 섬세한 향이 풍미를 살려 한입 맛볼 때마다 새로운 즐거움을 안겨줍니다. 입안에 찾아온 보드랍고 온화한 맛을 즐겨보세요. · 2 식재료 이야기 귀한 손님에게 대접하는 명품잣죽 아침을 여는 좋은 시작점. 잣죽은 귀한 손님에게만 대접하는 아침상으로 올리던 대표적인 보양식입니다. 그만큼 특별하고 보드라운 맛과 풍미, 영양을 자랑하는 잣죽으로 깨우는 새로운 아침은 어떨까요? 따끈하고 온화한 온기가 온몸 가득 퍼져 하루를 시작할 든든한 힘을 가져다 줄 것 입니다. 3 이럴 때 추천 이 메뉴는 이럴 때 추천해요! #보양 유난히 몸이 무겁고 기력이 부족한 날이 있죠. 마음까지 든든한 온기와 활력을 전해줘요. #아침식사 입 안이 껄끄러운 피곤하고 바쁜 아침, 자극적이지 않고 먹기도 편해요. #선물 내 소중한 사람의 건강까지 생각하는, 따뜻한 마음을 온전히 담아 특별해요.",,잣,견과류,PARTIAL_DESCRIPTION,CONFIRMED_LABEL,https://api.bonif.co.kr/brand/v1/menu/detail?brdCd=BF102&cmdtIdx=452,2026-10-04,2026-06-08,franchise-quality-v1,OFFICIAL_MENU_DESCRIPTION_AND_BRAND_ALLERGEN_TABLE,,,false,3A16C38F662CEE8816616ADED75D9D2734123DB28E769DD200AA60CA4C5FFABF
official-bon-bf102-454,BON-BF102-454,본죽&비빔밥,흑임자죽,"건강, 장수식품으로 사랑 받아온 블랙푸드의 대표주자 검은깨를 듬뿍 넣었습니다. 풍부하고 짙은 고소함을 가득 품은 한 그릇을 만나보세요. · 1 메뉴 특징 건강과 장수의 블랙푸드 흑임자죽 건강, 장수식품으로 사랑받아 온 블랙푸드의 대표주자 검은깨를 듬뿍 넣었습니다. 풍부하고 짙은 고소함을 가득 품은 한 그릇을 만나보세요. 검은깨의 풍미와 영양은 그대로, 부드러움까지 더한 편안함을 느껴보세요. · 2 식재료 이야기 영양 가득 검은깨 영양 가득한 검은깨를 가장 많이 섭취할 수 있는 방법. 안토시안이 풍부해 항산화 작용을 돕는다는 검은깨. 건강은 물론 특유의 고소함과 풍미도 일품입니다. 짙은 고소함은 살리고 부드러움을 더했습니다. 검은깨의 영양과 풍미 흑임자죽 궁중에서 아침 식사 전에 간단하게 먹는 초조반(初早飯)으로 많이 올렸다는 흑임자죽. 고소한 부드러움이 부담없이 즐거운 한 끼를 완성합니다. 간식으로도 식사 대용으로도 충분한 속 편한 한 그릇. 쓰거나 텁텁한 맛 없이 담백하고 깔끔하게 끓여내었습니다. 가볍게 후루룩! 검은깨의 영양과 풍미를 그대로 만나보세요. 3 이럴 때 추천 이 메뉴는 이럴 때 추천해요! #아침식사 입 안이 껄끄러운 피곤하고 바쁜 아침, 자극적이지 않고 먹기도 편해요. #선물 내 소중한 사람의 건강까지 생각하는, 따뜻한 마음을 온전히 담아 특별해요. #보양 유난히 몸이 무겁고 기력이 부족한 날이 있죠. 마음까지 든든한 온기와 활력을 전해줘요.",검은깨,잣,견과류,PARTIAL_DESCRIPTION,CONFIRMED_LABEL,https://api.bonif.co.kr/brand/v1/menu/detail?brdCd=BF102&cmdtIdx=454,2026-10-04,2026-06-08,franchise-quality-v1,OFFICIAL_MENU_DESCRIPTION_AND_BRAND_ALLERGEN_TABLE,,,false,C06C00DD877A2BB9765CBC18080D8962BD8A9894AA66563A819E21B5E04E64ED
official-bon-bf102-46,BON-BF102-46,본죽&비빔밥,쇠고기야채죽,"영양만점 소고기와 6가지 야채의 든든함. 신선한 야채와 고단백질 소고기까지 부담 없이 한 번에 섭취할 수 있는 균형 잡힌 최고의 한 그릇을 자랑합니다. · 1 메뉴 특징 쇠고기와 야채가 만들어내는 완벽한 영양 밸런스 쇠고기야채죽 영양만점 소고기와 6가지 야채의 든든함. 신선한 야채와 고단백질 소고기까지 부담 없이 한 번에 섭취할 수 있는 균형 잡힌 최고의 한 그릇을 자랑합니다. 부드럽고 담백한 맛의 균형까지, 어느 것 하나 빠지지 않는 완벽한 식사를 추천합니다. ※ [죽 계란 추가 시 안내] 죽을 끓일 때 넣어서 조리합니다. · 2 식재료 이야기 고단백질 소고기 먹기 좋게 간 소고기를 풍성하게 담아 고단백질 영양소가 듬뿍 우러나도록 푹 끓여내었습니다. 진하게 우러난 담백하고 고소한 부담 없이 즐길 수 있는 든든한 영양식을 만나보세요. 신선한 야채로 균형잡힌 영양소 듬뿍 감자, 양파, 애호박, 표고버섯, 당근에 슈퍼푸드 브로콜리까지 다양하게 들어간 신선한 야채로 균형 잡힌 영양소가 듬뿍! 하나 하나 챙겨 먹기 어려운 각종 채소들을 한 번에 섭취하는 가장 가벼운 방법. 풍성한 재료에서 우러나온 자연 그대로의 건강한 맛까지 쉽고 맛있게 내 몸을 위한 건강한 시간을 즐기세요.",소고기|쇠고기,대두 밀 쇠고기 우유,대두|밀|우유,PARTIAL_DESCRIPTION,CONFIRMED_LABEL,https://api.bonif.co.kr/brand/v1/menu/detail?brdCd=BF102&cmdtIdx=46,2026-10-04,2026-06-08,franchise-quality-v1,OFFICIAL_MENU_DESCRIPTION_AND_BRAND_ALLERGEN_TABLE,게|견과류|달걀|땅콩|새우|생선|조개류,난류(계란) 닭고기 돼지고기 땅콩 게 복숭아 토마토 새우 아황산류 고등어 호두 메밀 오징어 홍합 전복 굴 조개류 잣,false,CA056CA6FED6691F6D683455BE9D829D4C0A5469877B3BAF9887A5B24B9A3801
official-bon-bf102-468,BON-BF102-468,본죽&비빔밥,단팥죽,"고소함과 달콤함을 동시에 품은 팥을 뭉근하게 끓여내어 부드럽고 달달하게 즐기는 단팥죽 한 그릇 쫄깃한 새알심 12알이 듬뿍 들어 더욱 풍성해진 맛과 식감! · 1 메뉴 특징 부드럽게 퍼지는 달달한 맛과 쫄깃한 식감의 새알심이 듬뿍! 단팥죽 고소함과 달콤함을 동시에 품은 팥을 뭉근하게 끓여내어 부드럽고 달달하게 즐기는 단팥죽 한 그릇 쫄깃한 새알심 12알이 듬뿍 들어 더욱 풍성해진 맛과 식감으로 입 안 가득 든든한 행복을 채워보세요! · 2 식재료 이야기 부드럽고 달콤한 팥 고소하면서 달콤한 팥을 포옥 끓여내 더욱 부드럽고 포근한 맛. 입 속에서 부드럽게 퍼지는 팥알의 진한 달달함이 일품입니다. 든든한 한 끼 식사로서도, 맛있는 건강 간식으로서도 딱 좋은 진하고 부드러운 단팥죽을 추천합니다. 쫄깃쫄깃 새알심 동글동글 쫄깃쫄깃 모양도 식감도 재미있는 새알심 12알이 들어 더욱 풍성해진 식감! 따뜻한 죽과 호호 불어 함께 곁들이면 먹는 재미가 더해진 최고의 조합을 경험하실 수 있습니다. 쫀득한 새알심으로 포만감까지 살린 든든하고 즐거운 한 그릇을 만나보세요. 3 이럴 때 추천 이 메뉴는 이럴 때 추천해요! #선물 내 소중한 사람의 건강까지 생각하는, 따뜻한 마음을 온전히 담아 특별해요. #아침식사 입 안이 껄끄러운 피곤하고 바쁜 아침, 자극적이지 않고 먹기도 편해요. #미용 피부에도 몸매에도 최고! 내일을 기대하게 되는 새로운 나를 위해 먹어요.",,,,PARTIAL_DESCRIPTION,UNKNOWN,https://api.bonif.co.kr/brand/v1/menu/detail?brdCd=BF102&cmdtIdx=468,2026-10-04,2026-06-08,franchise-quality-v1,OFFICIAL_MENU_DESCRIPTION_AND_BRAND_ALLERGEN_TABLE,,,false,94975AF952D5262CBB36528A86E3D12DEC43C753750DE3BAD3D4C78A4A32EFDD
official-bon-bf102-47,BON-BF102-47,본죽&비빔밥,쇠고기버섯죽,"최고의 궁합, 소고기와 향긋한 표고버섯의 조화. 고단백질 소고기를 풍부하게 다져 넣어 맛과 영양을 듬뿍 담았습니다. [현미죽 변경 시 안내] 현미죽은 최적의 풍미를 살린 레시피로 기존죽 대비 제공량에 다소 차이가 있습니다. · 1 메뉴 특징 먹을수록 담백하고, 먹을수록 감칠맛이 도는 쇠고기버섯죽 최고의 궁합, 소고기와 향긋한 표고버섯의 조화. 고단백질 소고기를 풍부하게 다져 넣어 맛과 영양을 듬뿍 담았습니다. 씹는 맛이 일품인 표고버섯은 쫄깃쫄깃한 식감은 물론 은은한 향까지 더해주어 더 만족스러운 한 끼 식사를 완성합니다. ※ [죽 계란 추가 시 안내] 죽을 끓일 때 넣어서 조리합니다. · 2 식재료 이야기 고단백질 소고기 먹기 좋게 간 소고기를 풍성하게 담아 고단백질 영양소가 듬뿍 우러나도록 푹 끓여내었습니다. 진하게 우러난 담백하고 고소한 부담 없이 즐길 수 있는 든든한 영양식을 만나보세요. 신선한 야채로 균형잡힌 영양소 듬뿍 감자, 양파, 애호박, 표고버섯, 당근에 슈퍼푸드 브로콜리까지 다양하게 들어간 신선한 야채로 균형 잡힌 영양소가 듬뿍! 하나 하나 챙겨 먹기 어려운 각종 채소들을 한 번에 섭취하는 가장 가벼운 방법. 풍성한 재료에서 우러나온 자연 그대로의 건강한 맛까지 쉽고 맛있게 내 몸을 위한 건강한 시간을 즐기세요.",버섯|소고기|표고버섯,대두 밀 쇠고기 우유,대두|밀|우유,PARTIAL_DESCRIPTION,CONFIRMED_LABEL,https://api.bonif.co.kr/brand/v1/menu/detail?brdCd=BF102&cmdtIdx=47,2026-10-04,2026-06-08,franchise-quality-v1,OFFICIAL_MENU_DESCRIPTION_AND_BRAND_ALLERGEN_TABLE,게|견과류|달걀|땅콩|새우|생선|조개류,난류(계란) 닭고기 돼지고기 땅콩 게 복숭아 토마토 새우 아황산류 고등어 호두 메밀 오징어 홍합 전복 굴 조개류 잣,false,F32992A6C71A3EC9812DBBA441B8E0941F17E84F975543BAA789324E8697D020
official-bon-bf102-476,BON-BF102-476,본죽&비빔밥,본오징어초무침(150g),"본오징어초무침 150g · 1 메뉴 특징 새콤달콤 입맛 살리는 별미 본오징어초무침 본죽 매장에서 즐기던 맛과 정성 그대로! 언제 어디서나 먹기 좋은 별미 반찬, 본오징어초무침 엄격하게 선별한 건강한 오징어 살로 만들어 쫄깃하고 탱탱한 식감이 일품입니다. 새콤 달콤한 초양념장에는 절인 무를 곱게 갈아 시원하고 달큰한 맛까지 더했습니다. 본죽의 노하우를 듬뿍 담아 누구나 빠져들 수 밖에 없는 별미로 완성하였습니다. 입맛 제대로 살리는 특별함, 본오징어초무침을 간편하게 만나보세요. 2 제품 정보 3 반찬 제품 소개",오징어,,,PARTIAL_DESCRIPTION,UNKNOWN,https://api.bonif.co.kr/brand/v1/menu/detail?brdCd=BF102&cmdtIdx=476,2026-10-04,2026-06-08,franchise-quality-v1,OFFICIAL_MENU_DESCRIPTION_AND_BRAND_ALLERGEN_TABLE,,,false,8C01D2E6958547A761DB2BFE53E5E2FB1BFACC6C905D4E58DD4632BE81BF3CF8
official-bon-bf102-485,BON-BF102-485,본죽&비빔밥,6가지나물비빔밥,"자연 빛깔 담은 여섯 가지 나물에 계란후라이를 더해 더 건강한 비빔밥을 만나보세요! · 1 메뉴 특징 자연 빛깔 담은 나물의 조화, 본연의 맛을 그대로 6가지 나물 비빔밥 정성껏 준비한 여섯 가지 나물과 고소한 계란 후라이가 어우러져 맛도 건강도 완벽한 비빔밥",계란,난류(계란) 대두 밀 쇠고기 우유,달걀|대두|밀|우유,PARTIAL_DESCRIPTION,CONFIRMED_LABEL,https://api.bonif.co.kr/brand/v1/menu/detail?brdCd=BF102&cmdtIdx=485,2026-10-04,2026-06-08,franchise-quality-v1,OFFICIAL_MENU_DESCRIPTION_AND_BRAND_ALLERGEN_TABLE,게|견과류|땅콩|새우|생선|조개류,닭고기 돼지고기 땅콩 게 복숭아 토마토 새우 아황산류 고등어 호두 메밀 오징어 홍합 전복 굴 조개류 잣,false,1E1391EB287ED8F76124C38F69E13E6B72E44393C518E4E50F920999FC266076
official-bon-bf102-486,BON-BF102-486,본죽&비빔밥,돌솥 6가지나물비빔밥,"자연 빛깔 담은 여섯 가지 나물에 계란 프라이를 더해 더 건강한 비빔밥을 만나보세요! 뜨끈한 돌솥에 비벼 더욱 맛있어요! · 1 메뉴 특징 돌솥 자연 빛깔 담은 나물의 조화, 본연의 맛을 그대로 6가지 나물 비빔밥 정성껏 준비한 여섯 가지 나물과 고소한 계란 후라이가 어우러져 맛도 건강도 완벽한 비빔밥",계란,난류(계란) 대두 밀 쇠고기 우유,달걀|대두|밀|우유,PARTIAL_DESCRIPTION,CONFIRMED_LABEL,https://api.bonif.co.kr/brand/v1/menu/detail?brdCd=BF102&cmdtIdx=486,2026-10-04,2026-06-08,franchise-quality-v1,OFFICIAL_MENU_DESCRIPTION_AND_BRAND_ALLERGEN_TABLE,게|견과류|땅콩|새우|생선|조개류,닭고기 돼지고기 땅콩 게 복숭아 토마토 새우 아황산류 고등어 호두 메밀 오징어 홍합 전복 굴 조개류 잣,false,23C5E95A70C797BFB327A824007245504755F199117354F3654791C3E198DAD1
official-bon-bf102-489,BON-BF102-489,본죽&비빔밥,제육볶음나물비빔밥,매콤 달달한 양념으로 자작하게 볶아낸 제육볶음을 담아 더욱 맛깔스러운 비빔밥. 매콤한 감칠맛 가득한 제육볶음을 슥슥 비비면 든든하고 풍성한 한 끼가 완성됩니다! · 1 메뉴 특징 매콤 달달 특제 양념에 볶아 자꾸 생각나는 그 맛! 제육볶음나물비빔밥 매콤 달달한 양념으로 자작하게 볶아낸 제육볶음을 담아 더욱 맛깔스러운 비빔밥 ※ 기본으로 제공되는 고추장을 넣어 기호에 맞게 비벼 드시기 바랍니다. ※ 계절에 따라 나물 구성이 달라질 수 있습니다.,고추,대두 밀 쇠고기 돼지고기 우유 아황산류,대두|밀|우유,PARTIAL_DESCRIPTION,CONFIRMED_LABEL,https://api.bonif.co.kr/brand/v1/menu/detail?brdCd=BF102&cmdtIdx=489,2026-10-04,2026-06-08,franchise-quality-v1,OFFICIAL_MENU_DESCRIPTION_AND_BRAND_ALLERGEN_TABLE,게|견과류|달걀|땅콩|새우|생선|조개류,난류(계란) 닭고기 땅콩 게 복숭아 토마토 새우 고등어 호두 메밀 오징어 홍합 전복 굴 조개류 잣,false,3A8A2534B8238C03B52B600341611A2B78EDC8170D88335C2D0D8BA758E56355
official-bon-bf102-49,BON-BF102-49,본죽&비빔밥,7가지야채죽,"신선한 7가지 야채를 듬뿍 넣어, 담백하고 부드럽게 끓여낸 속 편한 영양죽 · 1 메뉴 특징 신선한 7가지 야채를 듬뿍 넣어, 담백하고 부드럽게 끓여낸 속 편한 영양죽 7가지 야채죽 ※ [죽 계란 추가 시 안내] 죽을 끓일 때 넣어서 조리합니다. · 2 식재료 이야기 균형잡힌 영양소가 듬뿍! 7가지 야채 감자, 양파, 애호박, 표고버섯, 부추, 당근에 슈퍼푸드 브로콜리까지 다양하게 들어간 신선한 야채로 균형 잡힌 영양소가 듬뿍! 하나하나 챙겨먹기 어려운 각종 채소들을 한 번에 섭취하는 가장 가벼운 방법. 풍성한 재료에서 우러나온 자연 그대로의 건강한 맛까지 쉽고 맛있게 내 몸을 위한 건강한 시간을 즐기세요. 재료 본연의 담백한 맛 자극적인 일상에 지쳤을 때, 재료 본연의 담백한 맛을 만나보세요. 몸도 마음도 부드러워지는 시간. 신선한 맛과 향을 천천히 음미하다 보면 따뜻한 온기와 산뜻한 맛을 즐겨보세요.",,대두 밀 쇠고기 우유,대두|밀|우유,PARTIAL_DESCRIPTION,CONFIRMED_LABEL,https://api.bonif.co.kr/brand/v1/menu/detail?brdCd=BF102&cmdtIdx=49,2026-10-04,2026-06-08,franchise-quality-v1,OFFICIAL_MENU_DESCRIPTION_AND_BRAND_ALLERGEN_TABLE,게|견과류|달걀|땅콩|새우|생선|조개류,난류(계란) 닭고기 돼지고기 땅콩 게 복숭아 토마토 새우 아황산류 고등어 호두 메밀 오징어 홍합 전복 굴 조개류 잣,false,6B9A34CB061EEDF2716D1B479A694303F2041FF7F2EE22450EE2BD73535840F5
official-bon-bf102-490,BON-BF102-490,본죽&비빔밥,돌솥 제육볶음나물비빔밥,매콤 달달한 양념으로 자작하게 볶아낸 제육볶음을 담아 더욱 맛깔스러운 비빔밥. 매콤한 감칠맛 가득한 제육볶음을 슥슥 비비면 든든하고 풍성한 한 끼가 완성됩니다! 뜨끈한 돌솥에 비벼 더욱 맛있어요! · 1 메뉴 특징 돌솥 매콤 달달 특제 양념에 볶아 자꾸 생각나는 그 맛! 제육볶음나물비빔밥 매콤 달달한 양념으로 자작하게 볶아낸 제육볶음을 담아 더욱 맛깔스러운 비빔밥 ※ 기본으로 제공되는 고추장을 넣어 기호에 맞게 비벼 드시기 바랍니다. ※ 계절에 따라 나물 구성이 달라질 수 있습니다.,고추,대두 밀 쇠고기 돼지고기 우유 아황산류,대두|밀|우유,PARTIAL_DESCRIPTION,CONFIRMED_LABEL,https://api.bonif.co.kr/brand/v1/menu/detail?brdCd=BF102&cmdtIdx=490,2026-10-04,2026-06-08,franchise-quality-v1,OFFICIAL_MENU_DESCRIPTION_AND_BRAND_ALLERGEN_TABLE,게|견과류|달걀|땅콩|새우|생선|조개류,난류(계란) 닭고기 땅콩 게 복숭아 토마토 새우 고등어 호두 메밀 오징어 홍합 전복 굴 조개류 잣,false,2362B48106CCBE2EC75D12C8C08CC6494B1D605A3CC978EEB909932006C540AD
official-bon-bf102-491,BON-BF102-491,본죽&비빔밥,소불고기나물비빔밥,달큰한 특제 양념에 볶아낸 소불고기와 다채로운 여섯 가지 나물이 선사하는 깊고 풍부한 맛의 비빔밥 · 1 메뉴 특징 달큰한 특제 양념에 볶아낸 소불고기와 다채로운 여섯 가지 나물이 선사하는 깊고 풍부한 맛의 비빔밥 남녀노소 누구나 좋아하는 소불고기 비빔밥으로 한 끼 뚝딱! 입안 가득 풍성한 맛과 식감을 느껴보세요! ※ 기본으로 제공되는 고추장을 넣어 기호에 맞게 비벼 드시기 바랍니다. ※ 계절에 따라 나물 구성이 달라질 수 있습니다.,고추,대두 밀 쇠고기 우유 아황산류,대두|밀|우유,PARTIAL_DESCRIPTION,CONFIRMED_LABEL,https://api.bonif.co.kr/brand/v1/menu/detail?brdCd=BF102&cmdtIdx=491,2026-10-04,2026-06-08,franchise-quality-v1,OFFICIAL_MENU_DESCRIPTION_AND_BRAND_ALLERGEN_TABLE,게|견과류|달걀|땅콩|새우|생선|조개류,난류(계란) 닭고기 돼지고기 땅콩 게 복숭아 토마토 새우 고등어 호두 메밀 오징어 홍합 전복 굴 조개류 잣,false,CE265410C94D66FB916B0A7DEF2455DD198ADC4D0AA14C2FF8AD6018293E8D16
official-bon-bf102-492,BON-BF102-492,본죽&비빔밥,돌솥 소불고기나물비빔밥,달큰한 특제 양념에 볶아낸 소불고기와 다채로운 여섯 가지 나물이 선사하는 깊고 풍부한 맛의 비빔밥. 뜨끈한 돌솥에 비벼 더욱 맛있어요! · 1 메뉴 특징 돌솥 달큰한 특제 양념에 볶아낸 소불고기와 다채로운 여섯 가지 나물이 선사하는 깊고 풍부한 맛의 비빔밥 남녀노소 누구나 좋아하는 소불고기 비빔밥으로 한 끼 뚝딱! 입안 가득 풍성한 맛과 식감을 느껴보세요! ※ 기본으로 제공되는 고추장을 넣어 기호에 맞게 비벼 드시기 바랍니다. ※ 계절에 따라 나물 구성이 달라질 수 있습니다.,고추,대두 밀 쇠고기 우유 아황산류,대두|밀|우유,PARTIAL_DESCRIPTION,CONFIRMED_LABEL,https://api.bonif.co.kr/brand/v1/menu/detail?brdCd=BF102&cmdtIdx=492,2026-10-04,2026-06-08,franchise-quality-v1,OFFICIAL_MENU_DESCRIPTION_AND_BRAND_ALLERGEN_TABLE,게|견과류|달걀|땅콩|새우|생선|조개류,난류(계란) 닭고기 돼지고기 땅콩 게 복숭아 토마토 새우 고등어 호두 메밀 오징어 홍합 전복 굴 조개류 잣,false,E56638244863D070B660A15B6F83D13CEF5DD04CFD4B37A23D66B6A47ED9973B
official-bon-bf102-50,BON-BF102-50,본죽&비빔밥,참치야채죽,"6가지 각종 야채를 넣어 푸욱 끓인 영양죽에 기름기를 쏙 뺀 담백한 참치살을 얹었습니다. · 1 메뉴 특징 푹 빠져드는 고소함 참치야채죽 최고의 고소함을 자랑하는 참치야채죽을 만나보세요. 6가지 각종 야채를 넣어 푸욱 끓인 영양죽에 기름기를 쏙 뺀 담백한 참치살을 얹었습니다. 자꾸만 손이 가는 고소함을 경험해보세요. ※ [죽 계란 추가 시 안내] 죽을 끓일 때 넣어서 조리합니다. · 2 식재료 이야기 담백하고 고소한 고칼슘 참치 자꾸만 손이 가는, 잊을 수 없는 고소함. 기름기를 쏙 제거해 담백함만 남겼습니다. 고단백, 고칼슘 영양식품 참치로 즐겁게 챙기는 나를 위한 정성들인 식사. 입맛도 활력도 돋우는 참치로 든든한 한 그릇을 만나보세요. 균형잡힌 영양소가 듬뿍! 6가지 야채 감자, 양파, 애호박, 표고버섯, 당근에 슈퍼푸드 브로콜리까지 다양하게 들어간 신선한 야채로 균형 잡힌 영양소가 듬뿍! 하나하나 챙겨먹기 어려운 각종 채소들을 한 번에 섭취하는 가장 가벼운 방법. 풍성한 재료에서 우러나온 자연 그대로의 건강한 맛까지 쉽고 맛있게 내 몸을 위한 건강한 시간을 즐기세요.",참치,대두 밀 쇠고기 우유,대두|밀|우유,PARTIAL_DESCRIPTION,CONFIRMED_LABEL,https://api.bonif.co.kr/brand/v1/menu/detail?brdCd=BF102&cmdtIdx=50,2026-10-04,2026-06-08,franchise-quality-v1,OFFICIAL_MENU_DESCRIPTION_AND_BRAND_ALLERGEN_TABLE,게|견과류|달걀|땅콩|새우|생선|조개류,난류(계란) 닭고기 돼지고기 땅콩 게 복숭아 토마토 새우 아황산류 고등어 호두 메밀 오징어 홍합 전복 굴 조개류 잣,false,E83517B7CEEF67FD4C5F626D0D2B27AD331D30EAE9CCE82F74B2DF105192A48F
official-bon-bf102-51,BON-BF102-51,본죽&비빔밥,해물죽,"신선한 해산물을 풍부하게 넣어 담백하고 깔끔한 맛에 담긴 은은한 바다의 향을 느껴보세요. · 1 메뉴 특징 바다의 맛과 향을 그대로 해물죽 신선한 해산물을 풍부하게 넣어 담백하고 깔끔한 맛에 담긴 은은한 바다의 향을 느껴보세요. 건강한 에너지까지 듬뿍 담아낸 한 그릇으로 활력을 가득한 하루를 선물합니다. ※ [죽 계란 추가 시 안내] 죽을 끓일 때 넣어서 조리합니다. · 2 식재료 이야기 바다의 맛과 향을 품은 다양한 해물 새우, 오징어, 바지락, 굴 등 다양한 해물이 듬뿍! 탱글탱글 쫄깃쫄깃한 다양한 식감은 입 안 가득 즐거움을 가져옵니다. 바다의 맛과 향을 그대로 품고 있는 신선한 해산물들로 풍성한 한 끼 식사를 만나보세요. 고소한 맛은 기본 시원한 맛은 덤! 담백한 맛이 일품인 해물죽은 남녀노소 누구나 좋아하는 스테디셀러입니다. 다양한 해물의 다채로운 식감과 해산물에서 우러나오는 특유의 깔끔하고 시원한 맛으로 꾸준히 사랑받는 메뉴를 만나보세요. 치즈 토핑을 올려 먹어도 어울리는 부드럽고 순한 맛으로 언제 먹어도 즐거운 해물죽을 추천합니다.",,대두 밀 쇠고기 우유 새우 오징어 굴 조개류,대두|밀|새우|우유|조개류,PARTIAL_DESCRIPTION,CONFIRMED_LABEL,https://api.bonif.co.kr/brand/v1/menu/detail?brdCd=BF102&cmdtIdx=51,2026-10-04,2026-06-08,franchise-quality-v1,OFFICIAL_MENU_DESCRIPTION_AND_BRAND_ALLERGEN_TABLE,게|견과류|달걀|땅콩|생선|조개류,난류(계란) 닭고기 돼지고기 땅콩 게 복숭아 토마토 아황산류 고등어 호두 메밀 홍합 전복 잣,false,D6577F51B4A94F84AFF2CBE4A9CB434DC2316072D06FEC34DCBE4C75A30CE800
official-bon-bf102-52,BON-BF102-52,본죽&비빔밥,특해물죽 (해물2배),"신선한 해산물을 두 배로 풍부하게 넣어 더욱 깊고 풍부한 바다의 향과 담백하고 깔끔한 맛을 느껴보세요. · 1 메뉴 특징 해물모둠 2배! 바다의 맛과 향을 그대로 특해물죽 신선한 해산물을 두 배로 풍부하게 넣어 더욱 깊고 풍부한 바다의 향과 담백하고 깔끔한 맛을 느껴보세요. 건강한 에너지까지 듬뿍 담아낸 한 그릇으로 활력을 가득한 하루를 선물합니다. ※ [죽 계란 추가 시 안내] 죽을 끓일 때 넣어서 조리합니다. · 2 식재료 이야기 바다의 맛과 향을 품은 다양한 해물 새우, 오징어, 바지락, 굴 등 다양한 해물이 듬뿍! 탱글탱글 쫄깃쫄깃한 다양한 식감은 입 안 가득 즐거움을 가져옵니다. 바다의 맛과 향을 그대로 품고 있는 신선한 해산물들로 풍성한 한 끼 식사를 만나보세요. 고소한 맛은 기본 시원한 맛은 덤! 담백한 맛이 일품인 해물죽은 남녀노소 누구나 좋아하는 스테디셀러입니다. 다양한 해물의 다채로운 식감과 해산물에서 우러나오는 특유의 깔끔하고 시원한 맛으로 꾸준히 사랑받는 메뉴를 만나보세요. 치즈 토핑을 올려 먹어도 어울리는 부드럽고 순한 맛으로 언제 먹어도 즐거운 해물죽을 추천합니다.",,,,PARTIAL_DESCRIPTION,UNKNOWN,https://api.bonif.co.kr/brand/v1/menu/detail?brdCd=BF102&cmdtIdx=52,2026-10-04,2026-06-08,franchise-quality-v1,OFFICIAL_MENU_DESCRIPTION_AND_BRAND_ALLERGEN_TABLE,,,false,F03A4727CFDB50591184D3D6A86E9BFB87C041F6CEE15A2A0AAAA9EF1F47D8F5
official-bon-bf102-527,BON-BF102-527,본죽&비빔밥,든든한끼 오징어초무침(80g),"든든한끼 본오징어초무침 80g · 1 메뉴 특징 한 끼 사이즈로 간편하고 맛있게 즐기는 별미 반찬 든든한끼 본오징어초무침 본죽 매장에서 즐기던 맛과 정성 그대로! 언제 어디서나 먹기 좋은 별미 반찬, 본오징어초무침 한 끼 사이즈로 더 간편하게 만나보세요. 엄격하게 선별한 건강한 오징어 살로 만들어 쫄깃하고 탱탱한 식감이 일품입니다. 새콤 달콤한 초양념장에는 절인 무를 곱게 갈아 시원하고 달큰한 맛까지 더했습니다. 본죽의 노하우를 듬뿍 담아 누구나 빠져들 수 밖에 없는 별미로 완성하였습니다. 입맛 제대로 살리는 특별함, 든든한끼 본오징어초무침으로 간편하게 만나보세요. 2 제품 정보 3 반찬 제품 소개",오징어,,,PARTIAL_DESCRIPTION,UNKNOWN,https://api.bonif.co.kr/brand/v1/menu/detail?brdCd=BF102&cmdtIdx=527,2026-10-04,2026-06-08,franchise-quality-v1,OFFICIAL_MENU_DESCRIPTION_AND_BRAND_ALLERGEN_TABLE,,,false,05E92A843C10D8ACFF74C61B71FE0C56FEDFA5C5CDB1E2C99738B54276AD9385
official-bon-bf102-53,BON-BF102-53,본죽&비빔밥,통영굴버섯죽,"통영에서 올라온 굴의 시원함과 표고버섯의 부드러운 식감이 풍부하게 어우러졌습니다. · 1 메뉴 특징 영양 만점 굴과 쫄깃한 버섯의 만남 통영굴버섯죽 통영에서 올라온 굴의 시원함과 표고버섯의 부드러운 식감이 풍부하게 어우러졌습니다. 바다와 땅의 영양이 만나 더욱 맛깔스러운 일품 영양죽을 만나보세요. ※ [죽 계란 추가 시 안내] 죽을 끓일 때 넣어서 조리합니다. · 2 식재료 이야기 통영의 보물 굴 통영의 보물, 바다의 향을 고스란히 품은 통통하고 뽀얀 굴로 시원한 맛의 깊이를 완성하였습니다. 포옥 끓여낸 우윳빛 굴의 영양이 그대로 우러난, 바다의 맛과 향을 그대로 품고 있는 신선한 해산물들로 맛은 물론 향까지 풍성한 한 그릇을 만나보세요. 은은하고 향긋한 표고버섯 뭉근히 끓여내면 흐물해져버리는 다른 야채들과는 달리 표고버섯은 특유의 식감으로 입안 가득 재미는 물론 활력까지 더해주는 식재료입니다. 특히 향이 좋은 표고버섯은 자칫 호불호가 갈릴 수도 있는 굴의 향을 잘 잡아 음식에 조화를 이뤄내는 특급 비결입니다. 쫄깃한 식감과 비교불가, 은은하고 향긋한 버섯이 만들어내는 특별한 맛을 만나보세요. 3 이럴 때 추천 이 메뉴는 이럴 때 추천해요! #아침식사 입 안이 껄끄러운 피곤하고 바쁜 아침, 자극적이지 않고 먹기도 편해요. #영양간식 건강하면서도 아이들 입맛에 딱 맞는 영양간식으로도 좋아요. #보양 유난히 몸이 무겁고 기력이 부족한 날이 있죠. 마음까지 든든한 온기와 활력을 전해줘요.",버섯|표고버섯,대두 밀 쇠고기 우유 굴,대두|밀|우유|조개류,PARTIAL_DESCRIPTION,CONFIRMED_LABEL,https://api.bonif.co.kr/brand/v1/menu/detail?brdCd=BF102&cmdtIdx=53,2026-10-04,2026-06-08,franchise-quality-v1,OFFICIAL_MENU_DESCRIPTION_AND_BRAND_ALLERGEN_TABLE,게|견과류|달걀|땅콩|새우|생선|조개류,난류(계란) 닭고기 돼지고기 땅콩 게 복숭아 토마토 새우 아황산류 고등어 호두 메밀 오징어 홍합 전복 조개류 잣,false,7C9DCA560C0E726D7B8FE124E113558B8C1DEE63F0C8354B49CC1BAED191B65A
official-bon-bf102-539,BON-BF102-539,본죽&비빔밥,본비트동치미(1kg),"비트 동치미 1kg · 1 메뉴 특징 본죽에서 즐기던 그 시원한 동치미, 이제 집에서도 간편하게! 국내산 무와 영양만점 비트를 담아 산뜻하고 시원한 동치미 식사와 함께 곁들이기 좋은 간편 반찬 본비트동치미를 지금 만나보세요. 2 제품 정보 3 반찬 제품 소개",,,,PARTIAL_DESCRIPTION,UNKNOWN,https://api.bonif.co.kr/brand/v1/menu/detail?brdCd=BF102&cmdtIdx=539,2026-10-04,2026-06-08,franchise-quality-v1,OFFICIAL_MENU_DESCRIPTION_AND_BRAND_ALLERGEN_TABLE,,,false,19D5B799717C61F32E94C6137DA4C0179C072E82A948A9DD89389C2051267AB0
official-bon-bf102-539355,BON-BF102-539355,본죽&비빔밥,시그니처[통단팥죽],"통단팥죽 270g · 1 메뉴 특징 간편하게 즐기는 구수한 풍미 한 그릇 본죽 시그니처 [통단팥죽] 통통한 단팥이 입 안 가득 톡톡, 씹을수록 고소함이 배가 되는 본죽 시그니처 통단팥죽으로 더 간편하게 만나보세요. 고소한 팥을 신선한 쌀가루와 뭉근하게 끓여내 팥 고유의 맛을 그대로 담았습니다. 입 속에서 부드럽게 퍼지는 팥알의 진한 달콤함으로 하루의 행복을 채워보세요. 혼자 먹기 딱 좋은 양으로 가볍게 즐기실 수 있습니다. · 2 식재료 이야기 김이 모락모락 나는 따끈한 통단팥죽 한 그릇. 고소함과 달콤함을 동시에 품은 팥을 곱게 빻은 신선한 쌀가루와 뭉근하게 끓여내어 진득한 맛과 풍미를 자랑합니다. 씹을수록 입안 가득 톡톡 터지는 통팥의 식감까지 제대로 살린 건강 간식을 추천합니다. 언제 어디서나 간편하게 만나보세요. 3 이용 방법 4 주의 사항 5 제품 정보 6 간편식 및 음료 제품 소개",,,,PARTIAL_DESCRIPTION,UNKNOWN,https://api.bonif.co.kr/brand/v1/menu/detail?brdCd=BF102&cmdtIdx=539355,2026-10-04,2026-06-08,franchise-quality-v1,OFFICIAL_MENU_DESCRIPTION_AND_BRAND_ALLERGEN_TABLE,,,false,3B23ED3441343641A00EED440D42FFA67385FBA11B09C22E07BAEA5B1F427050
official-bon-bf102-539357,BON-BF102-539357,본죽&비빔밥,시그니처[단호박죽],단호박죽 270g · 1 메뉴 특징 간편하게 즐기는 기분 좋은 달콤 한 그릇 본죽 시그니처 [단호박죽] 달달한 하루를 만드는 기분 좋은 단호박죽 한 스푼. 본죽 시그니처 단호박죽으로 더 간편하게 만나보세요. 달콤한 단호박과 신선한 쌀가루를 오랜 시간 뭉근하게 끓여내어 부드럽고 진한 맛과 풍미를 자랑힙니다. 일상에 온기를 더하는 작은 행복 몸과 마음에 즐거운 활력소를 선물하세요. 혼자 먹기 딱 좋은 양으로 가볍게 즐기실 수 있습니다. · 2 식재료 이야기 부드럽고 달달한 단호박. 붓기를 빼주고 피부를 깨끗하게 가꿔주는 비타민과 식이섬유가 풍부해 더욱 매력적인 식재입니다. 아침엔본죽 단호박죽에는 식재료를 고르는 깐깐한 본죽의 노하우를 담아 무농약으로 재배한 건강한 단호박만을 사용하였습니다. 단맛의 깊이를 더하는 일교차가 큰 지역의 밭에서 잘 숙성된 고당도의 단호박으로 만들어 더욱 자연스러운 단맛을 느끼실 수 있습니다. 영양 가득 기분 좋은 한 그릇을 언제 어디서나 간편하게 만나보세요. 3 이용 방법 5 주의 사항 6 제품 정보 7 간편식 및 음료 제품 소개,단호박,,,PARTIAL_DESCRIPTION,UNKNOWN,https://api.bonif.co.kr/brand/v1/menu/detail?brdCd=BF102&cmdtIdx=539357,2026-10-04,2026-06-08,franchise-quality-v1,OFFICIAL_MENU_DESCRIPTION_AND_BRAND_ALLERGEN_TABLE,,,false,464F91BA0A41C06BEBB6444712303A85F3846F48B59F49722B387C688C433EB8
official-bon-bf102-539396,BON-BF102-539396,본죽&비빔밥,철판소불고기,"특제 양념에 재워 철판에 볶아낸 소불고기 · 1 메뉴 특징 지글지글 철판에 올린 소불고기! 철판 소불고기 특제 양념으로 양파와 함께 볶아낸 소불고기의 감칠맛이 입안 가득 퍼지는 별미 메뉴. 더 든든하고 풍성한 한 상을 즐기고 싶은 날, 지글지글 철판에 올린 소불고기를 드셔보세요!",양파,난류(계란) 대두 밀 쇠고기 우유 아황산류,달걀|대두|밀|우유,PARTIAL_DESCRIPTION,CONFIRMED_LABEL,https://api.bonif.co.kr/brand/v1/menu/detail?brdCd=BF102&cmdtIdx=539396,2026-10-04,2026-06-08,franchise-quality-v1,OFFICIAL_MENU_DESCRIPTION_AND_BRAND_ALLERGEN_TABLE,게|견과류|새우|생선|조개류,닭고기 돼지고기 게 복숭아 토마토 새우 고등어 호두 메밀 오징어 홍합 전복 굴 조개류 잣,false,558578B25825D655C79B354FB5E8E058A6DC85108D5A809EC1436849AD875C79
official-bon-bf102-539429,BON-BF102-539429,본죽&비빔밥,소불고기버섯뚝배기,달큰한 소불고기에 쫄깃한 버섯을 더해 밥에 슥슥 비벼 먹으면 밥 한 공기가 금세 비워지는 인기 메뉴 · 1 메뉴 특징 남녀노소 좋아하는 달큰한 매력 소불고기버섯뚝배기 부드러운 소불고기와 쫄깃한 버섯을 가득 넣고 자작하게 끓인 뚝배기 메뉴로 달큰한 소불고기와 촉촉한 국물을 밥에 슥슥 비벼 먹으면 밥 한 공기가 금세 비워지는 남녀노소 좋아하는 인기 메뉴 입니다.,밥|버섯,대두 밀 쇠고기 우유 아황산류,대두|밀|우유,PARTIAL_DESCRIPTION,CONFIRMED_LABEL,https://api.bonif.co.kr/brand/v1/menu/detail?brdCd=BF102&cmdtIdx=539429,2026-10-04,2026-06-08,franchise-quality-v1,OFFICIAL_MENU_DESCRIPTION_AND_BRAND_ALLERGEN_TABLE,게|견과류|달걀|땅콩|새우|생선|조개류,난류(계란) 닭고기 돼지고기 땅콩 게 복숭아 토마토 새우 고등어 호두 메밀 오징어 홍합 전복 굴 조개류 잣,false,BE04AF9BE7F4FF237ED97E5E8400839116C41BB5A74D79D3553067E53A7DBFF7
official-bon-bf102-539444,BON-BF102-539444,본죽&비빔밥,"(낱개)우리땅,청매실","우리 땅, 청매실 1팩(100ml) · 1 메뉴 특징 우리 땅에서 자란 국산 매실 본연의 맛을 담은 건강 한 잔 우리 땅, 청매실 우리 땅에서 자란 100% 국산 청매실과 천연 비타민C 사과를 한 컵에 담았습니다. 새콤달콤 입맛을 돋우고, 피로회복에도 좋은 천연 소화제 매실 본연의 맛을 맛있고 간편하게 느낄 수 있습니다. 본죽의 노하우를 담은 속 편하고 맛있는 건강 한 잔을 추천합니다. 2 제품 정보 3 간편식 및 음료 제품 소개",사과,,,PARTIAL_DESCRIPTION,UNKNOWN,https://api.bonif.co.kr/brand/v1/menu/detail?brdCd=BF102&cmdtIdx=539444,2026-10-04,2026-06-08,franchise-quality-v1,OFFICIAL_MENU_DESCRIPTION_AND_BRAND_ALLERGEN_TABLE,,,false,086F50F584F8B5288DCA8BAF4CCEA322D37565144E85FF3C6C6D064C46AC5D08
official-bon-bf102-539446,BON-BF102-539446,본죽&비빔밥,키즈장조림(80g),본죽 키즈장조림 80g · 1 메뉴 특징 아이를 위해 유기농 저염간장으로 순하고 부드럽게 만든 본죽 키즈장조림 본죽 매장에서 즐기던 맛과 정성 그대로! 어디서나 먹기 좋은 우리 아이 위한 키즈장조림. 엄격히 엄선한 건강한 쇠고기를 고온에서 푹 삶은 후 고기의 결을 따라 아이가 먹기 좋은 한 입 사이즈로 준비했습니다. 유기농 대두가 함유된 특제 저염간장으로 졸여 짠맛을 덜어내 더욱 순하고 부드러운 키즈 전용 장조림. 아이들이 좋아하는 고소한 메추리알까지 한 입에 쏙쏙! 본죽만의 오랜 비법을 담아 건강하고 맛있는 키즈장조림으로 아이와 함께 특별한 별미 반찬을 즐겨보세요. 2 제품 정보 3 반찬 제품 소개,메추리알|쇠고기|장조림,,,PARTIAL_DESCRIPTION,UNKNOWN,https://api.bonif.co.kr/brand/v1/menu/detail?brdCd=BF102&cmdtIdx=539446,2026-10-04,2026-06-08,franchise-quality-v1,OFFICIAL_MENU_DESCRIPTION_AND_BRAND_ALLERGEN_TABLE,,,false,ECE0A769FAFAD519841199A23DE625D8BBE7260881CFCDE2A8A8288294919AEA
official-bon-bf102-539460,BON-BF102-539460,본죽&비빔밥,(낱개)뽀로로 홍삼쏙쏙,영양이 쏙! 맛있는 과즙이 쑥쑥~ 6년근 발효 홍삼이 함유된 어린이 건강 음료 · 1 메뉴 특징 맛있는 과즙이 쑥쑥 건강한 어린이 음료 뽀로로 홍삼쏙쏙 사과매실 어린이가 좋아하는 ‘뽀로로’ 캐릭터로 포장된 몸에 좋은 6년근 홍삼과 달콤한 사과매실 과즙을 담은 어린이 음료 2 간편식 및 음료 제품 소개,사과,,,PARTIAL_DESCRIPTION,UNKNOWN,https://api.bonif.co.kr/brand/v1/menu/detail?brdCd=BF102&cmdtIdx=539460,2026-10-04,2026-06-08,franchise-quality-v1,OFFICIAL_MENU_DESCRIPTION_AND_BRAND_ALLERGEN_TABLE,,,false,71C614BEDA24A1C54526846F8205A805EE4FFA47958A83553F921EF7114DE58D
official-bon-bf102-539598,BON-BF102-539598,본죽&비빔밥,참깨계란새우죽,"탱글탱글한 새우죽에 고소한 계란과 얼큰한 참깨소스를 더해 즐기는 매력적인 조합 · 1 메뉴 특징 탱글탱글한 새우죽에 고소한 계란과 얼큰한 참깨소스를 더해 즐기는 매력적인 조합 참깨계란&새우쮺 탱글탱글 고소한 계란새우죽(반)과 얼큰한 참깨소스를 더한 참깨계란새우죽(반)! 설레는 이 계절처럼 찾아온 매력적인 조합을 언제나 반반으로 쮸욱- 즐겨보세요! ※ 해당 메뉴는 1인 메뉴로, 포장 용기 2개로 나누어 제공됩니다. ※ 해당 메뉴는 메뉴 조리 특성상 맞춤죽 서비스(갈기,염도)가 불가합니다.​",계란|새우|참깨,,,PARTIAL_DESCRIPTION,UNKNOWN,https://api.bonif.co.kr/brand/v1/menu/detail?brdCd=BF102&cmdtIdx=539598,2026-10-04,2026-06-08,franchise-quality-v1,OFFICIAL_MENU_DESCRIPTION_AND_BRAND_ALLERGEN_TABLE,,,false,64B0C5CFF2A6FA4E43D60C0A2C976D542D2BA694D2A7D5C69EB75216A78060D8
official-bon-bf102-539685,BON-BF102-539685,본죽&비빔밥,푸팟퐁커리게살죽,"통째로 담은 동해산 2마리 홍게 다리살에 푸팟퐁커리를 더한 풍미진진 스페셜 반반쮺 시리즈! · 1 메뉴 특징 통째로 담은 동해산 2마리 홍게 다리살에 푸팟퐁커리를 더한 풍미진진 스페셜 반반쮺 시리즈! 푸팟퐁커리게살쮺 동해산 홍게살을 듬뿍 담은 홍게죽에 고소한 계란과 부드러운 코코넛 크림, 이국적인 푸팟퐁커리를 더해 더욱 풍미진진한 만남! 무엇을 상상하든 한 술 더 뜨는 맛의 스페셜 반반쮺, 푸팟퐁커리게살쮺을 지금 바로 만나보세요. ※ 해당 메뉴는 1인 메뉴로, 포장 용기 2개로 나누어 제공됩니다. ※ 해당 메뉴는 메뉴 조리 특성상 맞춤죽 서비스(갈기,염도)가 불가합니다.",게살|계란|크림|홍게,,,PARTIAL_DESCRIPTION,UNKNOWN,https://api.bonif.co.kr/brand/v1/menu/detail?brdCd=BF102&cmdtIdx=539685,2026-10-04,2026-06-08,franchise-quality-v1,OFFICIAL_MENU_DESCRIPTION_AND_BRAND_ALLERGEN_TABLE,,,false,3F5F4C920E91FA1BCA97B34BF3B455603A88E086560CE7B5122E2ECFCE71894F
official-bon-bf102-539691,BON-BF102-539691,본죽&비빔밥,본메추리알장조림(400g),"탱글한 국산 메추리알 가득 담아 비법 소스로 만든 본 메추리알 장조림 · 1 메뉴 특징 탱글한 국산 메추리알 가득 담은 본 메추리알 장조림(400g) 탱글한 국산 메추리알을 가득 넣고 달달하면서도 짜지 않은 본죽 비법 소스로 만든 본 메추리알 장조림 감칠맛 가득한 밥도둑 반찬, 본죽의 메추리알 장조림을 이제 언제 어디서나 즐겨보세요! 2 제품 정보 3 반찬 제품 소개",메추리알|장조림,,,PARTIAL_DESCRIPTION,UNKNOWN,https://api.bonif.co.kr/brand/v1/menu/detail?brdCd=BF102&cmdtIdx=539691,2026-10-04,2026-06-08,franchise-quality-v1,OFFICIAL_MENU_DESCRIPTION_AND_BRAND_ALLERGEN_TABLE,,,false,6AB3E3898C7C54360B0D3A252C32B682731BD2AFBA57736BFE07074A60EDA9D9
official-bon-bf102-539893,BON-BF102-539893,본죽&비빔밥,추어죽,"원기회복! 추어탕의 깊고 진한 맛을 담은 부드러운 건강 활력죽 · 1 메뉴 특징 속 깊이 스며드는 건강함, 원기회복 추어죽 부드러운 죽에 영양 가득 추어탕의 깊고 진한 맛을 담아, 몸과 마음을 따뜻하게 채워주는 건강 활력죽 ※해당 메뉴는 갈기, 염도 선택이 불가합니다.",,대두 밀 쇠고기 우유,대두|밀|우유,PARTIAL_DESCRIPTION,CONFIRMED_LABEL,https://api.bonif.co.kr/brand/v1/menu/detail?brdCd=BF102&cmdtIdx=539893,2026-10-04,2026-06-08,franchise-quality-v1,OFFICIAL_MENU_DESCRIPTION_AND_BRAND_ALLERGEN_TABLE,게|견과류|달걀|땅콩|새우|생선|조개류,난류(계란) 닭고기 돼지고기 땅콩 게 복숭아 토마토 새우 아황산류 고등어 호두 메밀 오징어 홍합 전복 굴 조개류 잣,false,8507486EB73DE3701DF16F5518577F8D9692438D09B163C9E7F853D7AEDCA569
official-bon-bf102-539896,BON-BF102-539896,본죽&비빔밥,콩비지뚝배기,부드러운 콩비지를 담백하게 끓여내어 고소한 맛이 일품인 뚝배기 한 상 ※ 해당 메뉴는 계란후라이가 기본 제공됩니다. · 1 메뉴 특징 고소하고 깊은 맛이 살아있는 콩비지뚝배기 부드러운 콩비지를 담백하게 끓여내어 고소한 맛이 일품인 뚝배기 한 상 ※ 해당 메뉴는 계란후라이가 기본 제공됩니다.,계란,,,PARTIAL_DESCRIPTION,UNKNOWN,https://api.bonif.co.kr/brand/v1/menu/detail?brdCd=BF102&cmdtIdx=539896,2026-10-04,2026-06-08,franchise-quality-v1,OFFICIAL_MENU_DESCRIPTION_AND_BRAND_ALLERGEN_TABLE,,,false,8FD5883E55FB819A610955658717FF9FC946B0A3986D91FEBA63386038C343FD
official-bon-bf102-539901,BON-BF102-539901,본죽&비빔밥,코카콜라(355ml),,,,,UNKNOWN,UNKNOWN,https://api.bonif.co.kr/brand/v1/menu/detail?brdCd=BF102&cmdtIdx=539901,2026-10-04,2026-06-08,franchise-quality-v1,OFFICIAL_MENU_DESCRIPTION_AND_BRAND_ALLERGEN_TABLE,,,false,3DD460C68C89AE1EF7B959C00317A51C0691660F5A96BA014949D6D4154494FE
official-bon-bf102-539902,BON-BF102-539902,본죽&비빔밥,코카콜라 제로(355ml),,,,,UNKNOWN,UNKNOWN,https://api.bonif.co.kr/brand/v1/menu/detail?brdCd=BF102&cmdtIdx=539902,2026-10-04,2026-06-08,franchise-quality-v1,OFFICIAL_MENU_DESCRIPTION_AND_BRAND_ALLERGEN_TABLE,,,false,5C9B577478F6D27F09376276C221D7F91F7F96545F8B69E527C81F410DBC9F1B
official-bon-bf102-539903,BON-BF102-539903,본죽&비빔밥,스프라이트(355ml),,,,,UNKNOWN,UNKNOWN,https://api.bonif.co.kr/brand/v1/menu/detail?brdCd=BF102&cmdtIdx=539903,2026-10-04,2026-06-08,franchise-quality-v1,OFFICIAL_MENU_DESCRIPTION_AND_BRAND_ALLERGEN_TABLE,,,false,E1D1113F6A23690C4653C2F1BC3946F2685444F93D8C5FE1CB385752EB0A38B2
official-bon-bf102-539904,BON-BF102-539904,본죽&비빔밥,스프라이트 제로(355ml),,,,,UNKNOWN,UNKNOWN,https://api.bonif.co.kr/brand/v1/menu/detail?brdCd=BF102&cmdtIdx=539904,2026-10-04,2026-06-08,franchise-quality-v1,OFFICIAL_MENU_DESCRIPTION_AND_BRAND_ALLERGEN_TABLE,,,false,4B7AED47A585E2D1C3CAC7DB92DD20313F9D827491FB495BE8CCD2E7E8CD9962
official-bon-bf102-54,BON-BF102-54,본죽&비빔밥,특통영굴버섯죽 (굴2배),"두 배로 넣어 더욱 깊고 진한 통영산 굴의 시원함과 표고버섯의 부드러운 식감이 풍부하게 어우러졌습니다. · 1 메뉴 특징 통영 굴 2배! 영양 만점 굴과 쫄깃한 버섯의 만남 특통영굴버섯죽 두 배로 넣어 더욱 깊고 진한 통영산 굴의 시원함과 표고버섯의 부드러운 식감이 풍부하게 어우러졌습니다. 바다와 땅의 영양이 만나 더욱 맛깔스러운 일품 영양죽을 만나보세요. ※ [죽 계란 추가 시 안내] 죽을 끓일 때 넣어서 조리합니다. · 2 식재료 이야기 통영의 보물 굴 통영의 보물, 바다의 향을 고스란히 품은 통통하고 뽀얀 굴로 시원한 맛의 깊이를 완성하였습니다. 포옥 끓여낸 우윳빛 굴의 영양이 그대로 우러난, 바다의 맛과 향을 그대로 품고 있는 신선한 해산물들로 맛은 물론 향까지 풍성한 한 그릇을 만나보세요. 은은하고 향긋한 표고버섯 뭉근히 끓여내면 흐물해져버리는 다른 야채들과는 달리 표고버섯은 특유의 식감으로 입안 가득 재미는 물론 활력까지 더해주는 식재료입니다. 특히 향이 좋은 표고버섯은 자칫 호불호가 갈릴 수도 있는 굴의 향을 잘 잡아 음식에 조화를 이뤄내는 특급 비결입니다. 쫄깃한 식감과 비교불가, 은은하고 향긋한 버섯이 만들어내는 특별한 맛을 만나보세요. 3 이럴 때 추천 이 메뉴는 이럴 때 추천해요! #아침식사 입 안이 껄끄러운 피곤하고 바쁜 아침, 자극적이지 않고 먹기도 편해요. #영양간식 건강하면서도 아이들 입맛에 딱 맞는 영양간식으로도 좋아요. #보양 유난히 몸이 무겁고 기력이 부족한 날이 있죠. 마음까지 든든한 온기와 활력을 전해줘요.",굴|버섯|표고버섯,,,PARTIAL_DESCRIPTION,UNKNOWN,https://api.bonif.co.kr/brand/v1/menu/detail?brdCd=BF102&cmdtIdx=54,2026-10-04,2026-06-08,franchise-quality-v1,OFFICIAL_MENU_DESCRIPTION_AND_BRAND_ALLERGEN_TABLE,,,false,F55FE30238E554496AD02397680ADC74E06190C377B1F9AFAE21517EC4F4327C
official-bon-bf102-540129,BON-BF102-540129,본죽&비빔밥,돌솥 참치야채비빔밥,담백하고 부드러운 참치에 나물 3종과 계란후라이를 곁들여 고추장과 함께 즐기는 밥도둑 비빔밥 · 1 메뉴 특징 돌솥 푹 빠져드는 고소함 참치야채비빔밥 담백하고 부드러운 참치에 나물 3종과 계란후라이를 곁들여 고추장과 함께 즐기는 밥도둑 비빔밥 ※ 기본으로 제공되는 고추장을 넣어 기호에 맞게 비벼 드시기 바랍니다. ※ 계절에 따라 나물 구성이 달라질 수 있습니다.,계란|고추|참치,난류(계란) 대두 밀 우유,달걀|대두|밀|우유,PARTIAL_DESCRIPTION,CONFIRMED_LABEL,https://api.bonif.co.kr/brand/v1/menu/detail?brdCd=BF102&cmdtIdx=540129,2026-10-04,2026-06-08,franchise-quality-v1,OFFICIAL_MENU_DESCRIPTION_AND_BRAND_ALLERGEN_TABLE,게|견과류|땅콩|새우|생선|조개류,쇠고기 닭고기 돼지고기 땅콩 게 복숭아 토마토 새우 아황산류 고등어 호두 메밀 오징어 홍합 전복 굴 조개류 잣,false,A416E7D8402A1B8E2DDC22EFF1B67D7805E1AC6F2544A82E2EF0DA5CB0FC8423
official-bon-bf102-540130,BON-BF102-540130,본죽&비빔밥,돌솥 전복내장해물비빔밥,고소하고 진한 전복내장 소스로 볶아낸 해물을 산뜻한 무나물과 함께 즐기는 풍미 가득 비빔밥 · 1 메뉴 특징 돌솥 전복내장의 고소한 풍미를 더하고 풍부한 해물로 맛을 더한 전복내장해물비빔밥 고소하고 진한 전복내장 소스로 볶아낸 해물을 산뜻한 무나물과 함께 즐기는 풍미 가득 비빔밥 ※ 해물을 전복내장 소스로 볶아낸 메뉴입니다.,전복,대두 밀 쇠고기 우유 새우 오징어 전복 조개류,대두|밀|새우|우유|조개류,PARTIAL_DESCRIPTION,CONFIRMED_LABEL,https://api.bonif.co.kr/brand/v1/menu/detail?brdCd=BF102&cmdtIdx=540130,2026-10-04,2026-06-08,franchise-quality-v1,OFFICIAL_MENU_DESCRIPTION_AND_BRAND_ALLERGEN_TABLE,게|견과류|달걀|땅콩|생선|조개류,난류(계란) 닭고기 돼지고기 땅콩 게 복숭아 토마토 아황산류 고등어 호두 메밀 홍합 굴 잣,false,081908CC874C1CC1A5CF1EEE185F6693ABED2B1FCD768CA92373C34024080FF1
official-bon-bf102-540131,BON-BF102-540131,본죽&비빔밥,돌솥 불고기낙지비빔밥,달콤 짭짤한 불고기와 쫄깃한 낙지가 어우러진 깔끔하고 깊은 감칠맛의 영양 가득 비빔밥 · 1 메뉴 특징 돌솥 응원의 마음까지 가득 담은 불고기낙지비빔밥(不落) 달콤 짭짤한 불고기와 쫄깃한 낙지가 어우러진 깔끔하고 깊은 감칠맛의 영양 가득 비빔밥,낙지,​난류(계란)​ 대두 밀 쇠고기 돼지고기 우유 아황산류,달걀|대두|밀|우유,PARTIAL_DESCRIPTION,CONFIRMED_LABEL,https://api.bonif.co.kr/brand/v1/menu/detail?brdCd=BF102&cmdtIdx=540131,2026-10-04,2026-06-08,franchise-quality-v1,OFFICIAL_MENU_DESCRIPTION_AND_BRAND_ALLERGEN_TABLE,게|견과류|땅콩|새우|생선|조개류,​닭고기 돼지고기 땅콩 게 복숭아 토마토 새우 고등어 호두 메밀 오징어 홍합 전복 굴 조개류 잣​,false,A36CC4875AFAEAAAB453DD256851DAEA9D74AFD0F6D3FB0F7BA4D2475B307088
official-bon-bf102-540132,BON-BF102-540132,본죽&비빔밥,돌솥 신짬뽕비빔밥,"불 맛 가득한 짬뽕 소스에 오징어, 바지락 등 다양한 해산물과 아삭한 콩나물을 볶아내어 얼큰하게 즐기는 비빔밥 (화끈한 매운맛) · 1 메뉴 특징 돌솥 속 풀리는 화끈한 맛 신짬뽕비빔밥 불 맛 가득한 짬뽕 소스에 오징어, 바지락 등 다양한 해산물과 아삭한 콩나물을 볶아내어 얼큰하게 즐기는 비빔밥 (화끈한 매콤함)",오징어|콩나물,난류(계란) 대두 밀 쇠고기 우유 게 새우 오징어 홍합 조개류,게|달걀|대두|밀|새우|우유|조개류,PARTIAL_DESCRIPTION,CONFIRMED_LABEL,https://api.bonif.co.kr/brand/v1/menu/detail?brdCd=BF102&cmdtIdx=540132,2026-10-04,2026-06-08,franchise-quality-v1,OFFICIAL_MENU_DESCRIPTION_AND_BRAND_ALLERGEN_TABLE,견과류|땅콩|생선|조개류,닭고기 돼지고기 땅콩 복숭아 토마토 아황산류 고등어 호두 메밀 전복 굴 잣,false,982028B8B4CA7C3FCAC3587FD4A50B95A7233DE4C992550C1DB888301738A09E
official-bon-bf102-540133,BON-BF102-540133,본죽&비빔밥,돌솥 낙지김치비빔밥,"쫄깃한 낙지와 아삭한 김치를 볶아내어 따뜻한 밥과 매콤하게 비벼 먹는 감칠맛 가득 별미 비빔밥 · 1 메뉴 특징 돌솥 아삭아삭 쫄깃쫄깃, 매콤한 감칠맛이 입안 가득! 낙지김치비빔밥 쫄깃한 낙지와 아삭한 김치를 볶아내어 따뜻한 밥과 매콤하게 비벼 먹는 감칠맛 가득 별미 비빔밥 (깔끔한 매콤함) ※기본으로 제공되는 고추장을 넣어 기호에 맞게 비벼 드시기 바랍니다.",고추|김치|낙지,난류(계란) 대두 밀 쇠고기 새우 조개류,달걀|대두|밀|새우|조개류,PARTIAL_DESCRIPTION,CONFIRMED_LABEL,https://api.bonif.co.kr/brand/v1/menu/detail?brdCd=BF102&cmdtIdx=540133,2026-10-04,2026-06-08,franchise-quality-v1,OFFICIAL_MENU_DESCRIPTION_AND_BRAND_ALLERGEN_TABLE,게|견과류|생선|우유|조개류,닭고기 돼지고기 우유 게 복숭아 토마토 아황산류 고등어 호두 메밀 오징어 홍합 전복 굴 잣,false,19443FF6AD9D4C928B3FF91C661743C0E7E5D6DD68EB59B69D91A2D173EA23B9
official-bon-bf102-540134,BON-BF102-540134,본죽&비빔밥,돌솥 본죽장조림버터비빔밥,짭조름하고 부드러운 본죽 시그니처 장조림에 고소한 버터가 더해진 풍미 가득 비빔밥 · 1 메뉴 특징 돌솥 본죽 시그니처 장조림에 부드럽고 고소한 버터의 풍미까지! 본죽장조림버터비빔밥 짭조름하고 부드러운 본죽 시그니처 장조림에 고소한 버터가 더해진 풍미 가득 비빔밥,장조림,난류(계란) 대두 밀 쇠고기 우유,달걀|대두|밀|우유,PARTIAL_DESCRIPTION,CONFIRMED_LABEL,https://api.bonif.co.kr/brand/v1/menu/detail?brdCd=BF102&cmdtIdx=540134,2026-10-04,2026-06-08,franchise-quality-v1,OFFICIAL_MENU_DESCRIPTION_AND_BRAND_ALLERGEN_TABLE,게|견과류|땅콩|새우|생선|조개류,닭고기 돼지고기 땅콩 게 복숭아 토마토 새우 아황산류 고등어 호두 메밀 오징어 홍합 전복 굴 조개류 잣,false,6F9CF52D23F28497D5C0B2912CB64ED576D6601D579403BE48DAADA1BAFB2659
official-bon-bf102-540135,BON-BF102-540135,본죽&비빔밥,참치야채비빔밥,담백하고 부드러운 참치에 나물 3종과 계란후라이를 곁들여 고추장과 함께 즐기는 밥도둑 비빔밥 · 1 메뉴 특징 푹 빠져드는 고소함 참치야채비빔밥 담백하고 부드러운 참치에 나물 3종과 계란후라이를 곁들여 고추장과 함께 즐기는 밥도둑 비빔밥 ※ 기본으로 제공되는 고추장을 넣어 기호에 맞게 비벼 드시기 바랍니다. ※ 계절에 따라 나물 구성이 달라질 수 있습니다.,계란|고추|참치,난류(계란) 대두 밀 우유,달걀|대두|밀|우유,PARTIAL_DESCRIPTION,CONFIRMED_LABEL,https://api.bonif.co.kr/brand/v1/menu/detail?brdCd=BF102&cmdtIdx=540135,2026-10-04,2026-06-08,franchise-quality-v1,OFFICIAL_MENU_DESCRIPTION_AND_BRAND_ALLERGEN_TABLE,게|견과류|땅콩|새우|생선|조개류,쇠고기 닭고기 돼지고기 땅콩 게 복숭아 토마토 새우 아황산류 고등어 호두 메밀 오징어 홍합 전복 굴 조개류 잣,false,C553341E9020CAD7612A8ACE5BB13B4F804C9BF9E6377E46AE19DAE5A9B79841
official-bon-bf102-540136,BON-BF102-540136,본죽&비빔밥,전복내장해물비빔밥,고소하고 진한 전복내장 소스로 볶아낸 해물을 산뜻한 무나물과 함께 즐기는 풍미 가득 비빔밥 · 1 메뉴 특징 전복내장의 고소한 풍미를 더하고 풍부한 해물로 맛을 더한 전복내장해물비빔밥 고소하고 진한 전복내장 소스로 볶아낸 해물을 산뜻한 무나물과 함께 즐기는 풍미 가득 비빔밥 ※ 해물을 전복내장 소스로 볶아낸 메뉴입니다.,전복,대두 밀 쇠고기 우유 새우 오징어 전복 조개류,대두|밀|새우|우유|조개류,PARTIAL_DESCRIPTION,CONFIRMED_LABEL,https://api.bonif.co.kr/brand/v1/menu/detail?brdCd=BF102&cmdtIdx=540136,2026-10-04,2026-06-08,franchise-quality-v1,OFFICIAL_MENU_DESCRIPTION_AND_BRAND_ALLERGEN_TABLE,게|견과류|달걀|땅콩|생선|조개류,난류(계란) 닭고기 돼지고기 땅콩 게 복숭아 토마토 아황산류 고등어 호두 메밀 홍합 굴 잣,false,CF53699828C3DCDFFCE9BE29CC8A5797B19462A387D9FE2256666C91DD67E061
official-bon-bf102-540137,BON-BF102-540137,본죽&비빔밥,불고기낙지비빔밥,달콤 짭짤한 불고기와 쫄깃한 낙지가 어우러진 깔끔하고 깊은 감칠맛의 영양 가득 비빔밥 · 1 메뉴 특징 응원의 마음까지 가득 담은 불고기낙지비빔밥(不落) 달콤 짭짤한 불고기와 쫄깃한 낙지가 어우러진 깔끔하고 깊은 감칠맛의 영양 가득 비빔밥,낙지,난류(계란) 대두 밀 쇠고기 돼지고기 우유 아황산류,달걀|대두|밀|우유,PARTIAL_DESCRIPTION,CONFIRMED_LABEL,https://api.bonif.co.kr/brand/v1/menu/detail?brdCd=BF102&cmdtIdx=540137,2026-10-04,2026-06-08,franchise-quality-v1,OFFICIAL_MENU_DESCRIPTION_AND_BRAND_ALLERGEN_TABLE,게|견과류|땅콩|새우|생선|조개류,닭고기 돼지고기 땅콩 게 복숭아 토마토 새우 고등어 호두 메밀 오징어 홍합 전복 굴 조개류 잣,false,62848A20E85B2E4505D63C6086A6DD063F0ABA6A7BE39125790AC829EACDFFD0
official-bon-bf102-540138,BON-BF102-540138,본죽&비빔밥,신짬뽕비빔밥,"불 맛 가득한 짬뽕 소스에 오징어, 바지락 등 다양한 해산물과 아삭한 콩나물을 볶아내어 얼큰하게 즐기는 비빔밥 · 1 메뉴 특징 속 풀리는 화끈한 맛 신짬뽕비빔밥 불 맛 가득한 짬뽕 소스에 오징어, 바지락 등 다양한 해산물과 아삭한 콩나물을 볶아내어 얼큰하게 즐기는 비빔밥 (화끈한 매콤함)",오징어|콩나물,난류(계란) 대두 밀 쇠고기 우유 게 새우 오징어 홍합 조개류,게|달걀|대두|밀|새우|우유|조개류,PARTIAL_DESCRIPTION,CONFIRMED_LABEL,https://api.bonif.co.kr/brand/v1/menu/detail?brdCd=BF102&cmdtIdx=540138,2026-10-04,2026-06-08,franchise-quality-v1,OFFICIAL_MENU_DESCRIPTION_AND_BRAND_ALLERGEN_TABLE,견과류|땅콩|생선|조개류,닭고기 돼지고기 땅콩 복숭아 토마토 아황산류 고등어 호두 메밀 전복 굴 잣,false,F8050ED1FA24D958A75673523288B63D7B0B1D47FB79E5ECE04ABF45EA86BFAA
official-bon-bf102-540139,BON-BF102-540139,본죽&비빔밥,낙지김치비빔밥,"쫄깃한 낙지와 아삭한 김치를 볶아내어 따뜻한 밥과 매콤하게 비벼 먹는 감칠맛 가득 별미 비빔밥 · 1 메뉴 특징 아삭아삭 쫄깃쫄깃, 매콤한 감칠맛이 입안 가득! 낙지김치비빔밥 쫄깃한 낙지와 아삭한 김치를 볶아내어 따뜻한 밥과 매콤하게 비벼 먹는 감칠맛 가득 별미 비빔밥 (깔끔한 매콤함) ※기본으로 제공되는 고추장을 넣어 기호에 맞게 비벼 드시기 바랍니다.",고추|김치|낙지,난류(계란) 대두 밀 쇠고기 새우 조개류,달걀|대두|밀|새우|조개류,PARTIAL_DESCRIPTION,CONFIRMED_LABEL,https://api.bonif.co.kr/brand/v1/menu/detail?brdCd=BF102&cmdtIdx=540139,2026-10-04,2026-06-08,franchise-quality-v1,OFFICIAL_MENU_DESCRIPTION_AND_BRAND_ALLERGEN_TABLE,게|견과류|생선|우유|조개류,닭고기 돼지고기 우유 게 복숭아 토마토 아황산류 고등어 호두 메밀 오징어 홍합 전복 굴 잣,false,951BF2F993910A20E4A3F48B778CF6925707A5F104011D3524AEBFE329558F2F
official-bon-bf102-540140,BON-BF102-540140,본죽&비빔밥,본죽장조림버터비빔밥,짭조름하고 부드러운 본죽 시그니처 장조림에 고소한 버터가 더해진 풍미 가득 비빔밥 · 1 메뉴 특징 본죽 시그니처 장조림에 부드럽고 고소한 버터의 풍미까지! 본죽장조림버터비빔밥 짭조름하고 부드러운 본죽 시그니처 장조림에 고소한 버터가 더해진 풍미 가득 비빔밥,장조림,난류(계란) 대두 밀 쇠고기 우유,달걀|대두|밀|우유,PARTIAL_DESCRIPTION,CONFIRMED_LABEL,https://api.bonif.co.kr/brand/v1/menu/detail?brdCd=BF102&cmdtIdx=540140,2026-10-04,2026-06-08,franchise-quality-v1,OFFICIAL_MENU_DESCRIPTION_AND_BRAND_ALLERGEN_TABLE,게|견과류|땅콩|새우|생선|조개류,닭고기 돼지고기 땅콩 게 복숭아 토마토 새우 아황산류 고등어 호두 메밀 오징어 홍합 전복 굴 조개류 잣,false,5E7D20E66E485FC1A17DA15A96FBE01C191FB536D814504E29ADDD664ACBAF3B
official-bon-bf102-540141,BON-BF102-540141,본죽&비빔밥,뚝배기 제육볶음,매콤 달달한 양념에 깔끔하게 볶아낸 제육볶음을 뚝배기에 담아 더욱 든든하고 맛깔스럽게 즐기는 한 상 · 1 메뉴 특징 남녀노소 좋아하는 매콤달콤 뚝배기 제육볶음 매콤 달달한 양념에 깔끔하게 볶아낸 제육볶음을 뚝배기에 담아 더욱 든든하고 맛깔스럽게 즐기는 한 상 ※ 해당 메뉴는 계란후라이가 기본 제공됩니다. ※ 국물 없이 깔끔하게 볶아낸 메뉴입니다.,계란,난류(계란) 대두 밀 돼지고기 우유 아황산류,달걀|대두|밀|우유,PARTIAL_DESCRIPTION,CONFIRMED_LABEL,https://api.bonif.co.kr/brand/v1/menu/detail?brdCd=BF102&cmdtIdx=540141,2026-10-04,2026-06-08,franchise-quality-v1,OFFICIAL_MENU_DESCRIPTION_AND_BRAND_ALLERGEN_TABLE,게|견과류|새우|생선|조개류,쇠고기 닭고기 게 복숭아 토마토 새우 고등어 호두 메밀 오징어 홍합 전복 굴 조개류 잣,false,C45F45E20CBDB00C70223ABCB512DCD1C10D2F76D8603CA17DFFB1E7C98122E1
official-bon-bf102-540178,BON-BF102-540178,본죽&비빔밥,해물된장뚝배기,"신선한 해물과 콩나물의 시원함이 구수한 된장과 어우러진 깊고 진한 겨울의 맛! · 1 메뉴 특징 깊고 진한 겨울의 맛! 해물된장뚝배기 새우, 홍합, 오징어 등 신선한 해물과 콩나물의 시원함이 구수한 된장과 어우러진 깊고 진한 겨울의 맛! ※ 해당 메뉴는 계란후라이가 기본 제공됩니다.",계란|새우|오징어|콩나물|홍합,난류(계란) 대두 밀 쇠고기 우유 새우 아황산류 오징어 홍합 조개류,달걀|대두|밀|새우|우유|조개류,PARTIAL_DESCRIPTION,CONFIRMED_LABEL,https://api.bonif.co.kr/brand/v1/menu/detail?brdCd=BF102&cmdtIdx=540178,2026-10-04,2026-06-08,franchise-quality-v1,OFFICIAL_MENU_DESCRIPTION_AND_BRAND_ALLERGEN_TABLE,게|견과류|땅콩|생선|조개류,닭고기 돼지고기 땅콩 게 복숭아 토마토 고등어 호두 메밀 전복 굴 잣,false,1F23563D36797C6BEDDB16C84E2F4841DC3DE624846B0997A2A8A74400B07DA8
official-bon-bf102-540258,BON-BF102-540258,본죽&비빔밥,열무돈불백비빔밥,아삭한 제철 열무김치와 달큰한 돼지불고기가 어우러진 입맛 돋우는 여름 별미 · 1 메뉴 특징 시즌 한정! 시원하게 입맛 돋우는 여름 별미 열무돈불백비빔밥 제철 국내산 열무김치의 시원한 아삭함에 특제 간장 소스에 달큰하게 구워낸 돼지불고기를 더한 입맛 돋우는 여름 별미 비빔밥,김치|열무|열무김치,대두 밀 쇠고기 돼지고기 우유 새우,대두|밀|새우|우유,PARTIAL_DESCRIPTION,CONFIRMED_LABEL,https://api.bonif.co.kr/brand/v1/menu/detail?brdCd=BF102&cmdtIdx=540258,2026-10-04,2026-06-08,franchise-quality-v1,OFFICIAL_MENU_DESCRIPTION_AND_BRAND_ALLERGEN_TABLE,게|견과류|달걀|땅콩|생선|조개류,난류(계란) 닭고기 땅콩 게 복숭아 토마토 아황산류 고등어 호두 메밀 오징어 홍합 전복 굴 조개류 잣,false,8683AFAA08669E065F01F9CF936AB4FE9F9267F9CDFBE53006BF10236B0CF873
official-bon-bf102-540268,BON-BF102-540268,본죽&비빔밥,열무칼비빔면,아삭한 여름 제철 열무와 고소한 무나물을 특제 비빔장 으로 매콤하게 비벼낸 여름 별미 칼비빔면 · 1 메뉴 특징 시즌 한정! 매콤새콤하게 비벼낸 쫄깃탱글 여름 별미 열무 칼비빔면 시원 아삭한 여름 제철 국내산 열무김치와 고소한 무나물을 입맛 돋우는 특제 비빔장으로 매콤하게 비벼낸 탱글 쫄깃! 여름 별미 칼비빔면 ※ 별도 제공되는 비빔장은 기호에 맞게 비벼 드시기 바랍니다. ※​ 메뉴 특성상 면이 불 수 있으니 빠른 취식을 권장드립니다.,김치|열무|열무김치,난류(계란) 대두 밀 새우,달걀|대두|밀|새우,PARTIAL_DESCRIPTION,CONFIRMED_LABEL,https://api.bonif.co.kr/brand/v1/menu/detail?brdCd=BF102&cmdtIdx=540268,2026-10-04,2026-06-08,franchise-quality-v1,OFFICIAL_MENU_DESCRIPTION_AND_BRAND_ALLERGEN_TABLE,게|견과류|땅콩|생선|우유|조개류,쇠고기 닭고기 돼지고기 땅콩 우유 게 복숭아 토마토 아황산류 고등어 호두 메밀 오징어 홍합 전복 굴 조개류 잣,false,DD1D9B49E705DE48EB02F78CA4CC79BF1D72090BD306CD3013C03703612C6B05
official-bon-bf102-540320,BON-BF102-540320,본죽&비빔밥,본죽팥칼국수,"깊고 진한 팥물과 생면이 어우러진 전통 별미 · 1 메뉴 특징 깊고 진한 팥물과 생면이 어우러진 전통 별미 본죽팥칼국수 진짜 팥을 갈아 만든 깊고 진한 팥물에 부드럽고 찰진 생면과 새알심 6알을 더한 전통 별미 팥칼국수 ※ 포장 시, 면의 쫄깃한 식감을 유지하기 위해 면과 팥물을 따로 담아 제공합니다. ※ 생면 특성상 시간이 지날수록 면이 불 수 있으니, 가급적 빠른 시간 내 드시길 권장드립니다.",,,,PARTIAL_DESCRIPTION,UNKNOWN,https://api.bonif.co.kr/brand/v1/menu/detail?brdCd=BF102&cmdtIdx=540320,2026-10-04,2026-06-08,franchise-quality-v1,OFFICIAL_MENU_DESCRIPTION_AND_BRAND_ALLERGEN_TABLE,,,false,0FB1EA4DE5D6D561BB332A82A0ED0D3C4B2F5B0169411021D4AF86CE9E7FCC7C
official-bon-bf102-546,BON-BF102-546,본죽&비빔밥,든든한끼 본버터쇠고기장조림(70g),"든든한끼 본버터쇠고기장조림 70g · 1 메뉴 특징 한 끼 사이즈로 간편하고 맛있게 즐기는 별미 반찬 든든한끼 본버터쇠고기장조림 본죽 매장에서 즐기던 맛과 정성 그대로! 언제 어디서나 먹기 좋은 별미 반찬, 본버터쇠고기장조림. 한 끼 사이즈로 더 간편하게 만나보세요. 엄선한 건강한 쇠고기를 고온에서 푹 삶은 후 고기의 결을 따라 먹기 좋은 크기로 곱게 찢어 부드러우면서도 쫄깃한 식감으로 남녀노소 누구나 편하게 드실 수 있도록 완성하였습니다. 최적의 숙성을 위한 본죽의 노하우로 유익한 식물성 유산균을 첨가하여 가장 맛있게 발효될 수 있도록 만들었습니다. 본죽 장조림의 맛과 영양에 부드러운 버터의 풍미를 담아 더욱 맛있어요. 입맛 제대로 살리는 특별함, 든든한끼 본버터쇠고기장조림으로 간편하게 만나보세요. 2 제품 정보 3 반찬 제품 소개",쇠고기|장조림,,,PARTIAL_DESCRIPTION,UNKNOWN,https://api.bonif.co.kr/brand/v1/menu/detail?brdCd=BF102&cmdtIdx=546,2026-10-04,2026-06-08,franchise-quality-v1,OFFICIAL_MENU_DESCRIPTION_AND_BRAND_ALLERGEN_TABLE,,,false,FB7ED48B49AADD42659EFBC17A831ABEB4EFD02DB44116B607A441C575C1F067
official-bon-bf102-548,BON-BF102-548,본죽&비빔밥,본죽 낙지젓갈,"본죽 낙지젓갈 130g · 1 메뉴 특징 한 끼 사이즈로 간편하고 맛있게 즐기는 별미 반찬 본죽 낙지젓갈 본죽 매장에서 즐기던 맛과 정성 그대로! 언제 어디서나 먹기 좋은 별미 반찬, 본죽 낙지젓갈. 한 끼 사이즈로 더 간편하게 만나보세요. 엄격하게 선별한 건강한 낙지 살로 만들어 쫄깃하고 탱탱한 식감이 일품입니다. 통통한 낙지를 탕탕 썰어 매콤하게 무쳐 감칠맛까지 더했습니다. 본죽의 노하우를 듬뿍 담아 누구나 빠져들 수 밖에 없는 별미로 완성하였습니다. 입맛 제대로 살리는 특별함, 본죽 낙지젓갈로 간편하게 만나보세요. 2 제품 정보 3 반찬 제품 소개",낙지,,,PARTIAL_DESCRIPTION,UNKNOWN,https://api.bonif.co.kr/brand/v1/menu/detail?brdCd=BF102&cmdtIdx=548,2026-10-04,2026-06-08,franchise-quality-v1,OFFICIAL_MENU_DESCRIPTION_AND_BRAND_ALLERGEN_TABLE,,,false,6B1FCF8852AE79916D53EE11609E59B6EC5FDBA9F28B7C4846619647E1F45E77
official-bon-bf102-55,BON-BF102-55,본죽&비빔밥,새우죽,"통통한 통새우의 탱글탱글한 식감! 어른도 아이도 모두 좋아하는 포근하고 부드러운 감칠맛. 씹을수록 배가 되는 고소함을 즐겨보세요. [현미죽 변경 시 안내] 현미죽은 최적의 풍미를 살린 레시피로 기존죽 대비 제공량에 다소 차이가 있습니다. · 1 메뉴 특징 오동통 새우의 부드러운 식감 새우죽 통통한 통새우의 탱글탱글한 식감! 씹을수록 배가 되는 고소함을 즐겨보세요. 어른도 아이도 모두 좋아하는 포근하고 부드러운 감칠맛. 한 그릇 가득 행복의 맛을 전합니다. ※ [죽 계란 추가 시 안내] 죽을 끓일 때 넣어서 조리합니다. · 2 식재료 이야기 고소하고 탱탱한 통새우가 듬뿍! 입안에서 톡톡 터지는 부드러운 새우의 맛을 즐겨보세요. 필수 아미노산이 풍부한 저칼로리 고단백질 새우. 항산화 작용은 물론 기력 회복에도 으뜸입니다. 탱글탱글 분홍빛 속살만 먹기 좋게 발라낸 보드라운 영양죽으로 맛있는 새우를 만나보세요. 보드랍고 순한 새우죽 식감도 맛도 자극적이지 않아 남녀노소 누구나 좋아하는 스테디셀러입니다. 특히 아이들 입맛에도 잘 맞아 영양 간식으로도 제격입니다. 풍부한 칼슘은 뼈를 튼튼히 하고 성장을 도와 아이들에게 더욱 안성맞춤입니다. 맛도 좋고 건강한 간식을 챙겨 주고 싶다면, 고소한 새우죽과 함께 해보세요.",새우,대두 밀 쇠고기 우유 새우,대두|밀|새우|우유,PARTIAL_DESCRIPTION,CONFIRMED_LABEL,https://api.bonif.co.kr/brand/v1/menu/detail?brdCd=BF102&cmdtIdx=55,2026-10-04,2026-06-08,franchise-quality-v1,OFFICIAL_MENU_DESCRIPTION_AND_BRAND_ALLERGEN_TABLE,게|견과류|달걀|땅콩|생선|조개류,난류(계란) 닭고기 돼지고기 땅콩 게 복숭아 토마토 아황산류 고등어 호두 메밀 오징어 홍합 전복 굴 조개류 잣,false,E0C7B4C10B7D2C2DD2A195C0FA972938E92FBF0482B3E473F92003ECAC5A65CF
official-bon-bf102-550,BON-BF102-550,본죽&비빔밥,본죽 오징어젓갈,"본죽 오징어젓갈 130g · 1 메뉴 특징 한 끼 사이즈로 간편하고 맛있게 즐기는 별미 반찬 본죽 오징어젓갈 본죽 매장에서 즐기던 맛과 정성 그대로! 언제 어디서나 먹기 좋은 별미 반찬, 본죽 오징어젓갈. 한 끼 사이즈로 더 간편하게 만나보세요. 엄격하게 선별한 건강한 오징어 살로 만들어 쫄깃하고 탱탱한 식감뿐만 아니라 달콤 짭조름하게 버무려 감칠맛이 일품입니다. 본죽의 노하우를 듬뿍 담아 누구나 빠져들 수 밖에 없는 별미로 완성하였습니다. 입맛 제대로 살리는 특별함, 본죽 오징어젓갈로 간편하게 만나보세요. 2 제품 정보 3 반찬 제품 소개",오징어,,,PARTIAL_DESCRIPTION,UNKNOWN,https://api.bonif.co.kr/brand/v1/menu/detail?brdCd=BF102&cmdtIdx=550,2026-10-04,2026-06-08,franchise-quality-v1,OFFICIAL_MENU_DESCRIPTION_AND_BRAND_ALLERGEN_TABLE,,,false,52E3B1A6DD834115098714C79EE67575C6B8D37248464873C2DD7C77B6B5CFE3
official-bon-bf102-56,BON-BF102-56,본죽&비빔밥,특새우죽 (새우2배),"통통한 통새우의 탱글탱글한 식감! 두 배로 풍성하게 넣어 씹을수록 더욱 배가 되는 고소함을 즐겨보세요. · 1 메뉴 특징 탱탱새우 2배! 오동통 새우의 부드러운 식감 특새우죽 통통한 통새우의 탱글탱글한 식감! 두 배로 풍성하게 넣어 씹을수록 더욱 배가 되는 고소함을 즐겨보세요. 어른도 아이도 모두 좋아하는 포근하고 부드러운 감칠맛. 한 그릇 가득 행복의 맛을 전합니다. ※ [죽 계란 추가 시 안내] 죽을 끓일 때 넣어서 조리합니다. · 2 식재료 이야기 고소하고 탱탱한 통새우가 듬뿍! 입안에서 톡톡 터지는 부드러운 새우의 맛을 즐겨보세요. 필수 아미노산이 풍부한 저칼로리 고단백질 새우. 항산화 작용은 물론 기력 회복에도 으뜸입니다. 탱글탱글 분홍빛 속살만 먹기 좋게 발라낸 보드라운 영양죽으로 맛있는 새우를 만나보세요. 보드랍고 순한 새우죽 식감도 맛도 자극적이지 않아 남녀노소 누구나 좋아하는 스테디셀러입니다. 특히 아이들 입맛에도 잘 맞아 영양 간식으로도 제격입니다. 풍부한 칼슘은 뼈를 튼튼히 하고 성장을 도와 아이들에게 더욱 안성맞춤입니다. 맛도 좋고 건강한 간식을 챙겨 주고 싶다면, 고소한 새우죽과 함께 해보세요.",새우,,,PARTIAL_DESCRIPTION,UNKNOWN,https://api.bonif.co.kr/brand/v1/menu/detail?brdCd=BF102&cmdtIdx=56,2026-10-04,2026-06-08,franchise-quality-v1,OFFICIAL_MENU_DESCRIPTION_AND_BRAND_ALLERGEN_TABLE,,,false,2D39FBEE9D74CB4A6F0FFE77BD25E9C5ADADC6B4201BC134223DACECB1671BC6
official-bon-bf102-59,BON-BF102-59,본죽&비빔밥,신짬뽕죽,"땀 흘리게 화끈한 별미! 각종 해물과 콩나물의 시원한 조화! · 1 메뉴 특징 속 풀리는 화끈한 맛 신짬뽕죽 땀 흘리게 화끈한 별미! 각종 해물과 콩나물의 시원한 조화! 짬뽕의 매콤 칼칼한 국물 맛과 풍성한 해산물에서 우러나온 시원함, 다채로운 식감은 그대로 살리고 속 깊은 곳까지 편안한 부드러움을 더했습니다. 스트레스도 답답한 속도 확 풀리는 얼큰 칼칼한 죽을 만나보세요. ※ [죽 계란 추가 시 안내] 죽을 끓일 때 넣어서 조리합니다. · 2 식재료 이야기 바다의 향과 영양 가득 해산물 고소한 새우와 쫄깃한 오징어, 살이 통통하게 오른 탱글탱글한 굴까지 다양한 해산물이 자아내는 시원한 맛을 느껴보세요. 다채로운 식감은 입안 가득 즐거움을 가져다줍니다. 뭉근하게 끓여내어 적당히 부드러운 탄력으로 부담 없이 즐기실 수 있습니다. 바다의 향과 영양 가득한 한 그릇을 만나세요. 시원한 국물의 비결 콩나물 시원한 국물의 비결, 속을 확 풀어주는 특효약, 콩나물은 해독작용을 한다고 알려진 아스파라긴산이 풍부해 숙취해소에 탁월합니다. 아삭아삭한 식감은 입안에 또 다른 즐거움을 가져다 주곤 합니다. 3 이럴 때 추천 이 메뉴는 이럴 때 추천해요! #해장 술을 과하게 먹은 다음날, 속 깊은 곳까지 부드럽게 풀리는 시원한 맛이 좋아요. #스트레스 답답한 속이 확 풀리는 기분, 얼큰한 한 그릇 다 비우고 나면 한결 가벼워져요. #선물 내 소중한 사람의 건강까지 생각하는, 따뜻한 마음을 온전히 담아 특별해요.",콩나물,대두 밀 쇠고기 우유 게 새우 오징어 홍합 굴 조개류,게|대두|밀|새우|우유|조개류,PARTIAL_DESCRIPTION,CONFIRMED_LABEL,https://api.bonif.co.kr/brand/v1/menu/detail?brdCd=BF102&cmdtIdx=59,2026-10-04,2026-06-08,franchise-quality-v1,OFFICIAL_MENU_DESCRIPTION_AND_BRAND_ALLERGEN_TABLE,견과류|달걀|땅콩|생선|조개류,난류(계란) 닭고기 돼지고기 땅콩 복숭아 토마토 아황산류 고등어 호두 메밀 전복 잣,false,09A560F7249174A206A4A1F65E60418CA504DFFF313D346BC3EB42596831B463
official-bon-bf102-61,BON-BF102-61,본죽&비빔밥,낙지김치죽,"쫄깃쫄깃한 낙지와 아삭아삭 매콤 새콤한 김치의 환상 궁합! 낙지와 김치에서 끓일수록 은은하게 우러난 단맛이 매콤한 맛에 어우러져 특유의 맛깔스러운 감칠맛을 완성합니다. ※ 현미죽으로 변경 추천! · 1 메뉴 특징 아삭아삭 쫄깃쫄깃, 매콤한 감칠맛이 입안 가득! 낙지김치죽 쫄깃쫄깃한 낙지와 아삭아삭 매콤 새콤한 김치의 환상 궁합! 낙지와 김치에서 끓일수록 은은하게 우러난 단맛이 매콤한 맛에 어우러져 특유의 맛깔스러운 감칠맛을 완성합니다. 생각만 해도 침이 고이는 최고의 조합을 직접 경험해보세요. 현미죽으로 변경하여, 더 맛있는 별미죽을 즐겨보세요! ※ [죽 계란 추가 시 안내] 죽을 끓일 때 넣어서 조리합니다. · 2 식재료 이야기 보양식품의 대명사 낙지 지친 소도 벌떡 일으킨다는 보양식품의 대명사, 낙지. 신선한 바다의 활력은 물론 탱글탱글 질기지 않고 적당히 부드러운 탄력을 자랑합니다. 입안에서 씹히는 쫄깃한 식감에 재미까지 더한 한 그릇으로 맛있게 건강을 챙기세요. 아삭한 식감의 김치 맛 들어진 잘 익은 김치를 송송 다져 넣었습니다. 아삭아삭 식감의 재미를 살려 알맞게 끓여낸 김치는 매콤하면서도 입맛을 확 돋우는 비결입니다. 한 번 맛보면 잊을 수 없는 특별한 맛, 특별한 별미를 만나보세요. 3 이럴 때 추천 이 메뉴는 이럴 때 추천해요! #보양 유난히 몸이 무겁고 기력이 부족한 날이 있죠. 마음까지 든든한 온기와 활력을 전해줘요. #해장 술을 과하게 먹은 다음날, 속 깊은 곳까지 부드럽게 풀리는 시원한 맛이 좋아요. #스트레스 답답한 속이 확 풀리는 기분, 얼큰한 한 그릇 다 비우고 나면 한결 가벼워져요.",김치|낙지,대두 밀 쇠고기 우유 새우 조개류,대두|밀|새우|우유|조개류,PARTIAL_DESCRIPTION,CONFIRMED_LABEL,https://api.bonif.co.kr/brand/v1/menu/detail?brdCd=BF102&cmdtIdx=61,2026-10-04,2026-06-08,franchise-quality-v1,OFFICIAL_MENU_DESCRIPTION_AND_BRAND_ALLERGEN_TABLE,게|견과류|달걀|땅콩|생선|조개류,난류(계란) 닭고기 돼지고기 땅콩 게 복숭아 토마토 아황산류 고등어 호두 메밀 오징어 홍합 전복 굴 잣,false,8D2CC898D617AB96E59511564A5247661359C980C5B5C2BCD58F1ACE77F1F258
official-bon-bf102-63,BON-BF102-63,본죽&비빔밥,불고기낙지죽(불낙),"불고기와 낙지를 듬뿍 넣어 체력 보충에 좋은 특별 영양죽! 시험 합격을 기원하는 ‘(아니)불 (떨어질)낙’, 불낙죽으로 따뜻한 마음과 응원의 메시지를 담아 선물해보세요. · 1 메뉴 특징 응원의 마음까지 가득 담은 영양죽 불낙죽(不落죽) 불고기와 낙지를 듬뿍 넣어 체력 보충에 좋은 특별 영양죽! 시험 합격을 기원하는 ‘(아니)불 (떨어질)낙’, 절대 떨어지지 않는다는 의미까지 담겨있는 불낙죽으로 따뜻한 마음과 응원의 메시지를 담아 선물해보세요. 한 그릇 가득 땅과 바다의 영양을 모두 담은 한 끼를 추천합니다. · 2 식재료 이야기 남녀노소 좋아하는 소불고기 남녀노소 누구나 좋아하는 언제 먹어도 맛있는 소불고기는 달콤 짭짤한 간장 소스가 자작하게 배어들어 풍부한 감칠맛이 일품입니다. 고단백질 영양과 맛은 그대로, 부드럽고 풍성히 갈아 넣어 몸과 마음에도 부담 없이 든든한 기운을 전합니다. 보양식품의 대명사 낙지 지친 소도 벌떡 일으킨다는 보양식품의 대명사, 낙지. 신선한 바다의 활력은 물론 탱글탱글 질기지 않고 적당히 부드러운 탄력을 자랑합니다. 입안에서 씹히는 쫄깃한 식감에 재미까지 더한 한 그릇으로 맛있게 건강을 챙기세요. 3 이럴 때 추천 이 메뉴는 이럴 때 추천해요! #선물 내 소중한 사람의 건강까지 생각하는, 따뜻한 마음을 온전히 담아 특별해요. #보양 유난히 몸이 무겁고 기력이 부족한 날이 있죠. 마음까지 든든한 온기와 활력을 전해줘요. #영양간식 건강하면서도 아이들 입맛에 딱 맞는 영양간식으로도 좋아요.",낙지,,,PARTIAL_DESCRIPTION,UNKNOWN,https://api.bonif.co.kr/brand/v1/menu/detail?brdCd=BF102&cmdtIdx=63,2026-10-04,2026-06-08,franchise-quality-v1,OFFICIAL_MENU_DESCRIPTION_AND_BRAND_ALLERGEN_TABLE,,,false,7D814802C2A34E7C7980DFCFE2D4189523600258BB78A6C811A4453AAEA2B948
official-bon-bf102-65,BON-BF102-65,본죽&비빔밥,단호박죽,가벼우면서도 달달한 하루를 만드는 기분 좋은 한 스푼. 100% 단호박으로 진하게 끓여 한 그릇 가득 담아낸 달달한 온기는 일상에 작은 행복을 가져다줍니다 · 1 메뉴 특징 입안에 찾아온 기분 좋은 선물 단호박죽 가벼우면서도 달달한 하루를 만드는 기분 좋은 한 스푼. 100% 단호박으로 진하게 끓여 한 그릇 가득 담아낸 달달한 온기는 일상에 작은 행복을 가져다줍니다. 몸과 마음에 즐거운 활력소를 선물하세요. · 2 식재료 이야기 부드럽고 달달한 단호박 붓기를 빼주고 피부를 깨끗하게 가꿔주는 단호박. 비타민과 식이섬유가 풍부해 여성들에게 특히 높은 인기를 자랑합니다. 다른 첨가물 없이 100% 단호박으로 끓여 내어 더욱 진한 단호박 그대로의 맛을 즐기실 수 있습니다. 이렇게 맛있는 건강식 만나보신 적 있으신가요? 부드럽고 달달하면서도 영양 가득한 한 그릇을 추천합니다. 쫄깃쫄깃 새알심 동글동글 쫄깃쫄깃 모양도 식감도 재미있는 새알심이 동동! 뜨끈한 죽과 호호 불어 함께 곁들이면 먹는 재미가 더해진 최고의 조합을 경험하실 수 있습니다. 쫀득한 새알심으로 포만감까지 살린 든든하고 즐거운 한 그릇을 만나보세요.,단호박,,,PARTIAL_DESCRIPTION,UNKNOWN,https://api.bonif.co.kr/brand/v1/menu/detail?brdCd=BF102&cmdtIdx=65,2026-10-04,2026-06-08,franchise-quality-v1,OFFICIAL_MENU_DESCRIPTION_AND_BRAND_ALLERGEN_TABLE,,복숭아,false,91F3DB6F5546E3E2D21C0FA7C683ED16163709418CC57BE9AC5582603F65B85D
official-bon-bf102-66,BON-BF102-66,본죽&비빔밥,동지팥죽,"밤이 가장 긴 추운 겨울 동짓날 함께하는 김이 모락모락 나는 뜨끈한 팥죽 한 그릇 전통 방식으로 뭉근하게 끓여내어 팥 본연의 풍미를 그대로 살린 맛을 느껴보세요! · 1 메뉴 특징 행운을 가져다주는 뜨끈한 한 그릇 동지팥죽 밤이 가장 긴 추운 겨울 동짓날 함께하는 김이 모락모락 나는 뜨끈한 팥죽 한 그릇 전통 방식으로 끓여 깊고 진한 맛이 일품입니다 담백한 팥 본연의 맛을 그대로 살린 풍성한 맛 나쁜 기운까지 쫓아준다는 동지팥죽으로 행운 가득 받으세요! · 2 식재료 이야기 담백하고 고소한 팥 전통 방식으로 정성껏 끓여낸 포근한 맛. 팥 고유의 맛을 최대한 그대로 살려 담백하고 고소하면서도 은은한 단맛이 일품입니다. 든든한 한 끼 식사로서도, 더욱 진한 팥 그대로의 맛을 즐기실 수 있습니다. 맛있는 건강 간식으로서도 딱 좋은 깊고 진한 부드러운 팥죽을 추천합니다. 쫄깃쫄깃 새알심 동글동글 쫄깃쫄깃 모양도 식감도 재미있는 새알심이 동동! 뜨끈한 죽과 호호 불어 함께 곁들이면 먹는 재미가 더해진 최고의 조합을 경험하실 수 있습니다. 쫀득한 새알심으로 포만감까지 살린 든든하고 즐거운 한 그릇을 만나보세요. 3 이럴 때 추천 이 메뉴는 이럴 때 추천해요! #선물 내 소중한 사람의 건강까지 생각하는, 따뜻한 마음을 온전히 담아 특별해요. #아침식사 입 안이 껄끄러운 피곤하고 바쁜 아침, 자극적이지 않고 먹기도 편해요. #미용 피부에도 몸매에도 최고! 내일을 기대하게 되는 새로운 나를 위해 먹어요.",,,,PARTIAL_DESCRIPTION,UNKNOWN,https://api.bonif.co.kr/brand/v1/menu/detail?brdCd=BF102&cmdtIdx=66,2026-10-04,2026-06-08,franchise-quality-v1,OFFICIAL_MENU_DESCRIPTION_AND_BRAND_ALLERGEN_TABLE,,,false,0B672794D4E61398F20A715F0E5199EC31889F982F32864E9359342E47CFE53E
official-bon-bf102-67,BON-BF102-67,본죽&비빔밥,녹두죽,"향긋하고 고소한 녹두를 곱게 갈아 끓였습니다. 열을 내리는데 도움을 주어 여름철 원기회복으로도 최고의 영양식입니다. · 1 메뉴 특징 부드럽고 은은한 녹두의 향 녹두죽 향긋하고 고소한 녹두를 곱게 갈아 끓였습니다. 열을 내리는데 도움을 주어 여름철 원기회복으로도 최고의 영양식입니다. 잃었던 입맛은 물론 기운까지 되찾아주는 부드러운 녹두죽을 만나보세요. · 2 식재료 이야기 고소한 풍미의 녹두 식욕을 돋우는 녹두죽은 입맛 없는 날에 딱 좋은 고소한 풍미를 자랑합니다. 보드랍고 향긋한 감칠맛으로 한번 맛보면 자꾸만 생각나는 별미, 녹두죽을 만나보세요. 지친 몸과 마음에 활력을 주는 녹두죽 여름철 기력회복에 딱 좋은 녹두죽. 뛰어난 해독 성분으로 몸에 쌓인 노폐물을 해독하여, 몸의 열을 내려주는 효능으로 더위를 먹었을 때 탁월한 효과를 발휘합니다. 숙취 해소에도 도움을 주는 천연해독제, 녹두로 지친 몸과 마음에 활력을 더해보세요. 3 이럴 때 추천 이 메뉴는 이럴 때 추천해요! #보양 유난히 몸이 무겁고 기력이 부족한 날이 있죠. 마음까지 든든한 온기와 활력을 전해줘요. #아침식사 입 안이 껄끄러운 피곤하고 바쁜 아침, 자극적이지 않고 먹기도 편해요. #선물 내 소중한 사람의 건강까지 생각하는, 따뜻한 마음을 온전히 담아 특별해요.",녹두,,,PARTIAL_DESCRIPTION,UNKNOWN,https://api.bonif.co.kr/brand/v1/menu/detail?brdCd=BF102&cmdtIdx=67,2026-10-04,2026-06-08,franchise-quality-v1,OFFICIAL_MENU_DESCRIPTION_AND_BRAND_ALLERGEN_TABLE,,,false,1C85CFAE97253B8E5B8AC67D7BA5F39812A1C08B26FBA59804E19325E11132AE
official-bon-bf102-90,BON-BF102-90,본죽&비빔밥,쫄깃감자 찐만두,"투명하고 쫀득한 감자 만두피로 탱탱한 식감을!꽉 찬 만두속으로 촉촉한 육즙까지 가득! · 1 메뉴 특징 쫄깃쫄깃 고소한 매력 쫄깃감자 찐만두 투명하고 쫀득한 감자 만두피로 탱탱한 식감을! 꽉 찬 만두속으로 촉촉한 육즙까지 가득! 다양한 한식 메뉴와 곁들임으로도, 출출할 때 간식으로도 좋은 쫄깃한 찐만두를 즐겨보세요.",감자,난류(계란) 대두 밀 쇠고기 닭고기 돼지고기 우유 오징어 굴 조개류,달걀|대두|밀|우유|조개류,PARTIAL_DESCRIPTION,CONFIRMED_LABEL,https://api.bonif.co.kr/brand/v1/menu/detail?brdCd=BF102&cmdtIdx=90,2026-10-04,2026-06-08,franchise-quality-v1,OFFICIAL_MENU_DESCRIPTION_AND_BRAND_ALLERGEN_TABLE,게|견과류|새우|생선|조개류,게 복숭아 토마토 새우 아황산류 고등어 호두 메밀 홍합 전복 잣,false,0BFC6B1C4DADF5B984D083F95522B3C35089FBC8438911253E4A51A178865043
official-bon-bf104-193,BON-BF104-193,본도시락,흑미밥,,,,,UNKNOWN,UNKNOWN,https://api.bonif.co.kr/brand/v1/menu/detail?brdCd=BF104&cmdtIdx=193,2026-10-04,2026-09-29,franchise-quality-v1,OFFICIAL_MENU_DESCRIPTION_AND_BRAND_ALLERGEN_TABLE,,,false,322517C9DEA3F1063CFBAB3D8F4CD5C6A8B987E79D3DC970D92719B4D00F1BAF
official-bon-bf104-194,BON-BF104-194,본도시락,쌈채소,,,대두,대두,UNKNOWN,PARTIAL_DECLARATION,https://api.bonif.co.kr/brand/v1/menu/detail?brdCd=BF104&cmdtIdx=194,2026-10-04,2026-09-29,franchise-quality-v1,OFFICIAL_MENU_DESCRIPTION_AND_BRAND_ALLERGEN_TABLE,,,false,C07443FE9C6F00BFC28540B09325FAB6D123F654EB3C89BC082B5C5A880E1970
official-bon-bf104-197,BON-BF104-197,본도시락,아이스홍시,,,,,UNKNOWN,UNKNOWN,https://api.bonif.co.kr/brand/v1/menu/detail?brdCd=BF104&cmdtIdx=197,2026-10-04,2026-09-29,franchise-quality-v1,OFFICIAL_MENU_DESCRIPTION_AND_BRAND_ALLERGEN_TABLE,,,false,F336F8AB1703DA014D7C32D77B30F70AD60DBAB1FD454DF269F8FE4FAEEE77EB
official-bon-bf104-198,BON-BF104-198,본도시락,계란후라이추가,,,,,UNKNOWN,UNKNOWN,https://api.bonif.co.kr/brand/v1/menu/detail?brdCd=BF104&cmdtIdx=198,2026-10-04,2026-09-29,franchise-quality-v1,OFFICIAL_MENU_DESCRIPTION_AND_BRAND_ALLERGEN_TABLE,,,false,34DAD47CFFD3318FB1D12E78CE85BE0CF4855DCC7D2978EFDE7ABF9100A23F60
official-bon-bf104-200,BON-BF104-200,본도시락,컵국(된장국),,,,,UNKNOWN,UNKNOWN,https://api.bonif.co.kr/brand/v1/menu/detail?brdCd=BF104&cmdtIdx=200,2026-10-04,2026-09-29,franchise-quality-v1,OFFICIAL_MENU_DESCRIPTION_AND_BRAND_ALLERGEN_TABLE,,,false,972D1CD9A62D176D239AA282FE9182BDE63C478370FF700F64361F12550D4BFA
official-bon-bf104-201,BON-BF104-201,본도시락,컵국(미역국),,,,,UNKNOWN,UNKNOWN,https://api.bonif.co.kr/brand/v1/menu/detail?brdCd=BF104&cmdtIdx=201,2026-10-04,2026-09-29,franchise-quality-v1,OFFICIAL_MENU_DESCRIPTION_AND_BRAND_ALLERGEN_TABLE,,,false,6A9D211095ED104D5FB6A4EFF070E435F3EAA5E4FA48FAFE3BA82D5A9D2C87D8
official-bon-bf104-202,BON-BF104-202,본도시락,참고소한 김,조미김 1.8g · 1 메뉴 특징 국내산 원초에 참기름을 발라 구운 김 산지에서부터 마른김까지 김 전문가가 깐깐한게 선택한 좋은 원초만 사용합니다. 전 제조 라인에 이물질 안전관리 설비를 갖추고 엄격한 품질기준으로 안전하고 위생적인 제품을 생산합니다. 2 제품 정보,김,,,PARTIAL_DESCRIPTION,UNKNOWN,https://api.bonif.co.kr/brand/v1/menu/detail?brdCd=BF104&cmdtIdx=202,2026-10-04,2026-09-29,franchise-quality-v1,OFFICIAL_MENU_DESCRIPTION_AND_BRAND_ALLERGEN_TABLE,,,false,C510F57456892B8D86E1A06D183DEF36287F3E1946D1A34FA42CE190DE151AEF
official-bon-bf104-203,BON-BF104-203,본도시락,콜라,,,,,UNKNOWN,UNKNOWN,https://api.bonif.co.kr/brand/v1/menu/detail?brdCd=BF104&cmdtIdx=203,2026-10-04,2026-09-29,franchise-quality-v1,OFFICIAL_MENU_DESCRIPTION_AND_BRAND_ALLERGEN_TABLE,,,false,2EBC3E191914275AFBA6221B179D310EE68FA8217919110AB5872597BD836EF4
official-bon-bf104-204,BON-BF104-204,본도시락,사이다,,,,,UNKNOWN,UNKNOWN,https://api.bonif.co.kr/brand/v1/menu/detail?brdCd=BF104&cmdtIdx=204,2026-10-04,2026-09-29,franchise-quality-v1,OFFICIAL_MENU_DESCRIPTION_AND_BRAND_ALLERGEN_TABLE,,,false,901B72C1A9F5081980BCC1BE624232AE9B964E09492B07F3F931A9A33F573ED4
official-bon-bf104-382,BON-BF104-382,본도시락,직화 떡갈비 반상,"궁중떡갈비, 튀김&전, 4가지 한식반찬 · 1 메뉴 특징 4색 4미 한식 반찬과 즐기는 건강 반상 궁중떡갈비 반상 달콤짭짤한 소스를 더한 육즙 가득 떡갈비를 4가지 색과 맛이 담긴 한식 반찬과 함께 즐기는 건강한 반상 · 2 식재료 이야기 부드럽고 먹기좋은 떡갈비 떡갈비는 전통 깊은 궁중음식으로 체통 없이 손으로 갈비를 들고 뜯을 수 없던 임금님을 위해 쇠고기를 다져서 만든 음식입니다. 그만큼 부드럽고 편히 먹기 좋아 젓가락으로 잘라 먹기에도, 숟가락으로 떠 먹기에도 간편합니다. 고기는 먹고 싶지만 부담 없이 먹고 싶을 때, 입안 가득 차오르는 만족스러운 맛을 바로 만나보실 수 있습니다. 잘 만든 찬 4구 반찬 곁들여 먹는 반찬에도 정성 얹은 한 숟가락이 되도록 본도시락은 끊임없이 노력하고 있습니다. 본도시락은 제철반찬을 포함한 약 20여 종의 반찬을 운영하여 매일 먹어도 새로운 반찬 구성을 만나실 수 있습니다. ※ 샐러드 야채 및 반찬류는 시기에 따라 달라질 수 있습니다.",쇠고기,,,PARTIAL_DESCRIPTION,UNKNOWN,https://api.bonif.co.kr/brand/v1/menu/detail?brdCd=BF104&cmdtIdx=382,2026-10-04,2026-09-29,franchise-quality-v1,OFFICIAL_MENU_DESCRIPTION_AND_BRAND_ALLERGEN_TABLE,,,false,ED2E2563536175297356124E2E5FB3089C6D0B21631B7BC00F58C51ABEBB872D
official-bon-bf104-383,BON-BF104-383,본도시락,수작돈까스 반상,"돈까스, 튀김&전, 4가지 한식반찬 · 1 메뉴 특징 4색 4미 한식 반찬과 즐기는 건강 반상 수작돈까스 반상 바삭바삭 소리부터 맛있는 부드러운 등심 돈까스! 노릇노릇한 튀김옷 속에 숨은 숨겨진 촉촉한 속살, 국내산 돼지고기 등심 부위만을 이용해 더욱 건강하고 고소하게 입 안 가득 행복을 더하세요! · 2 식재료 이야기 바삭바삭한 행복 등심 돈까스 바사삭, 소리부터 맛있는 노릇노릇한 튀김옷 속에 육즙 가득한 부드러운 국내산 돼지고기 등심이 숨어 있습니다. 한 입 베어 물면 씹는 맛은 물론 고소함이 입안 가득 할 거예요. 바삭바삭 소리부터 즐거운 식사 시간을 경험해 보세요. 잘 만든 찬 4구 반찬 곁들여 먹는 반찬에도 정성 얹은 한 숟가락이 되도록 본도시락은 끊임없이 노력하고 있습니다. 본도시락은 제철반찬을 포함한 약 20여 종의 반찬을 운영하여 매일 먹어도 새로운 반찬 구성을 만나실 수 있습니다. ※ 샐러드 야채 및 반찬류는 시기에 따라 달라질 수 있습니다.",돼지고기|등심,대두 밀 쇠고기 돼지고기 땅콩 토마토 굴 조개류,대두|땅콩|밀|조개류,PARTIAL_DESCRIPTION,PARTIAL_DECLARATION,https://api.bonif.co.kr/brand/v1/menu/detail?brdCd=BF104&cmdtIdx=383,2026-10-04,2026-09-29,franchise-quality-v1,OFFICIAL_MENU_DESCRIPTION_AND_BRAND_ALLERGEN_TABLE,게|견과류|달걀|새우|생선|우유|조개류,난류(계란) 닭고기 우유 게 복숭아 새우 아황산류 고등어 호두 메밀 오징어 홍합 전복 잣,false,2BAEB2755895590C61618ABB97DED54748B0D434A8DAEBDF170C2193509C4FE9
official-bon-bf104-411,BON-BF104-411,본도시락,핫윙콤보(윙+봉) 2조각,,,,,UNKNOWN,UNKNOWN,https://api.bonif.co.kr/brand/v1/menu/detail?brdCd=BF104&cmdtIdx=411,2026-10-04,2026-09-29,franchise-quality-v1,OFFICIAL_MENU_DESCRIPTION_AND_BRAND_ALLERGEN_TABLE,,,false,82E110F9674BA4505B3F2F0D1B49BA7783E7EA51C8E5E62207C752D8FD56D344
official-bon-bf104-437,BON-BF104-437,본도시락,스팸 1조각,,,,,UNKNOWN,UNKNOWN,https://api.bonif.co.kr/brand/v1/menu/detail?brdCd=BF104&cmdtIdx=437,2026-10-04,2026-09-29,franchise-quality-v1,OFFICIAL_MENU_DESCRIPTION_AND_BRAND_ALLERGEN_TABLE,,,false,D29C9378759DB948D0B365AF75C8393AF7187BD3321446982AB78CBB27F295DB
official-bon-bf104-484,BON-BF104-484,본도시락,생수(330ml),,,,,UNKNOWN,UNKNOWN,https://api.bonif.co.kr/brand/v1/menu/detail?brdCd=BF104&cmdtIdx=484,2026-10-04,2026-09-29,franchise-quality-v1,OFFICIAL_MENU_DESCRIPTION_AND_BRAND_ALLERGEN_TABLE,,,false,36BCB6309E195605A890C369B1CB13A78D02715B2A2EE8DED3985AC360994D5A
official-bon-bf104-539628,BON-BF104-539628,본도시락,본격도시락 (카츠&전),"도시락의 격을 높이다, 본도시락 본격도시락 ! · 1 메뉴 특징 가격은 파격! 구성은 감격! 퀄리티는 엄격! 본격도시락(카츠, 전) 돈까스, 오색산적, 해물파전으로 구성된 카츠+전과 건강한 흑미밥, 한식 기본반찬 3종, 그리고 본도시락의 시그니처 바싹불고기와 제육볶음까지. 본도시락의 프리미엄에 가성비까지 더한 본격적인 도시락",흑미,난류(계란) 대두 밀 쇠고기 닭고기 돼지고기 우유 게 토마토 오징어 홍합 조개류,게|달걀|대두|밀|우유|조개류,PARTIAL_DESCRIPTION,PARTIAL_DECLARATION,https://api.bonif.co.kr/brand/v1/menu/detail?brdCd=BF104&cmdtIdx=539628,2026-10-04,2026-09-29,franchise-quality-v1,OFFICIAL_MENU_DESCRIPTION_AND_BRAND_ALLERGEN_TABLE,견과류|땅콩|새우|생선|조개류,땅콩 복숭아 새우 아황산류 고등어 호두 메밀 전복 굴 잣,false,B807FA0C23A0AB5FA2AA8C06C26077732112F9D140E3B9EDF407F104787775B0
official-bon-bf104-539630,BON-BF104-539630,본도시락,특선 LA갈비구이 한정식,"LA갈비구이, 소불고기, 꼬막무침, 잡채, 냉채샐러드, 아이스홍시, 단호박식혜 · 1 메뉴 특징 풍성한 산해진미 가득한 고품격 한정식 특선 LA갈비구이 한정식 특별한 한상을 완성하는 LA갈비구이에 버섯소불고기, 잡채, 꼬막무침까지 푸짐하고 맛있는 고품격 한정식",단호박|버섯,난류(계란) 대두 밀 쇠고기 우유 토마토 조개류,달걀|대두|밀|우유|조개류,PARTIAL_DESCRIPTION,PARTIAL_DECLARATION,https://api.bonif.co.kr/brand/v1/menu/detail?brdCd=BF104&cmdtIdx=539630,2026-10-04,2026-09-29,franchise-quality-v1,OFFICIAL_MENU_DESCRIPTION_AND_BRAND_ALLERGEN_TABLE,게|견과류|땅콩|새우|생선|조개류,닭고기 돼지고기 땅콩 게 복숭아 새우 아황산류 고등어 호두 메밀 오징어 홍합 전복 굴 잣,false,44E218895592E2288BE05DBCFCAAA6DF2E24A1A4F64F6D94830625E94AA2076E
official-bon-bf104-539631,BON-BF104-539631,본도시락,궁중 전복소갈비찜 한정식,"전복소갈비찜, 소불고기, 꼬막무침, 잡채, 냉채샐러드, 아이스홍시, 단호박식혜 · 1 메뉴 특징 궁중미식의 품격 궁중 전복소갈비찜 한정식 대표 한정식 메뉴인 전복소갈비찜에 버섯소불고기, 잡채, 꼬막무침까지 푸짐하고 맛있는 고품격 한정식",단호박|버섯|전복,난류(계란) 대두 밀 쇠고기 우유 토마토 새우 전복 조개류,달걀|대두|밀|새우|우유|조개류,PARTIAL_DESCRIPTION,PARTIAL_DECLARATION,https://api.bonif.co.kr/brand/v1/menu/detail?brdCd=BF104&cmdtIdx=539631,2026-10-04,2026-09-29,franchise-quality-v1,OFFICIAL_MENU_DESCRIPTION_AND_BRAND_ALLERGEN_TABLE,게|견과류|땅콩|생선|조개류,닭고기 돼지고기 땅콩 게 복숭아 아황산류 고등어 호두 메밀 오징어 홍합 굴 잣,false,E561E5288B864295ABFB7917F1C9D93DD11A6468ECABEDAF8214DA22DB83830D
official-bon-bf104-539632,BON-BF104-539632,본도시락,보양 고추장 더덕 장어구이 한정식,"고추장 장어더덕구이, 꼬막무침, 소불고기, 잡채, 냉채샐러드, 아이스홍시, 단호박식혜 · 1 메뉴 특징 바다와 땅의 기운을 담아내다 보양 고추장 더덕 장어구이 한정식 (선물 추천) 대표 보양식 고추장 장어구이에 땅의 기운을 담은 더덕구이, 그리고 버섯소불고기,잡채, 꼬막무침까지 푸짐하고 맛있는 고품격 한정식",고추|단호박|버섯,난류(계란) 대두 밀 쇠고기 우유 토마토 조개류,달걀|대두|밀|우유|조개류,PARTIAL_DESCRIPTION,PARTIAL_DECLARATION,https://api.bonif.co.kr/brand/v1/menu/detail?brdCd=BF104&cmdtIdx=539632,2026-10-04,2026-09-29,franchise-quality-v1,OFFICIAL_MENU_DESCRIPTION_AND_BRAND_ALLERGEN_TABLE,게|견과류|땅콩|새우|생선|조개류,닭고기 돼지고기 땅콩 게 복숭아 새우 아황산류 고등어 호두 메밀 오징어 홍합 전복 굴 잣,false,DC453D45437183E1C4BA723ACA42138AE55C9E2013C367573D2BB7386912CA35
official-bon-bf104-539633,BON-BF104-539633,본도시락,바싹불고기 깻잎제육 한상,"바싹불고기, 깻잎제육볶음, 오색산적, 4가지 한식반찬, 김 · 1 메뉴 특징 고기에 고기를 더한 푸짐한 한상 바싹불고기 깻잎제육 한상 본도시락 시그니처 바싹불고기에 향긋한 깻잎채를 더한 제육볶음까지, 고기에 고기를 더한 푸짐한 한상",김|깻잎,대두 밀 돼지고기,대두|밀,PARTIAL_DESCRIPTION,PARTIAL_DECLARATION,https://api.bonif.co.kr/brand/v1/menu/detail?brdCd=BF104&cmdtIdx=539633,2026-10-04,2026-09-29,franchise-quality-v1,OFFICIAL_MENU_DESCRIPTION_AND_BRAND_ALLERGEN_TABLE,게|견과류|달걀|땅콩|새우|생선|우유|조개류,난류(계란) 쇠고기 닭고기 땅콩 우유 게 복숭아 토마토 새우 아황산류 고등어 호두 메밀 오징어 홍합 전복 굴 조개류 잣,false,D1A5FE5301826E712F3A811AA5444892029EA7495A712B9C23569A98401FB41A
official-bon-bf104-539634,BON-BF104-539634,본도시락,버섯소불고기 깻잎제육 한상,"버섯소불고기, 깻잎제육볶음, 오색산적, 4가지 한식반찬, 김 · 1 메뉴 특징 고기에 고기를 더한 푸짐한 한상 버섯소불고기 깻잎제육 한상 영양 가득 부드러운 버섯소불고기에 향긋한 깻잎채를 더한 제육볶음까지, 고기에 고기를 더한 푸짐한 한상",김|깻잎|버섯,대두 밀 쇠고기 돼지고기 토마토,대두|밀,PARTIAL_DESCRIPTION,PARTIAL_DECLARATION,https://api.bonif.co.kr/brand/v1/menu/detail?brdCd=BF104&cmdtIdx=539634,2026-10-04,2026-09-29,franchise-quality-v1,OFFICIAL_MENU_DESCRIPTION_AND_BRAND_ALLERGEN_TABLE,게|견과류|달걀|땅콩|새우|생선|우유|조개류,난류(계란) 닭고기 땅콩 우유 게 복숭아 새우 아황산류 고등어 호두 메밀 오징어 홍합 전복 굴 조개류 잣,false,CFABE0D959814044A5B4B8184024EF693DE41C7EAC3F99C9C42D5195B78F55A1
official-bon-bf104-539635,BON-BF104-539635,본도시락,바싹불고기 여수꼬막무침 한상,"바싹불고기, 꼬막무침, 오색산적, 4가지 한식반찬, 김 · 1 메뉴 특징 고기와 해산물의 균형잡힌 건강 한상 바싹불고기 여수꼬막 한상 본도시락 시그니처 바싹불고기에 치커리의 신선함을 더한 꼬막무침까지, 고기와 해산물의 균형잡힌 건강 한상",김,대두 밀 쇠고기 돼지고기 우유 조개류,대두|밀|우유|조개류,PARTIAL_DESCRIPTION,PARTIAL_DECLARATION,https://api.bonif.co.kr/brand/v1/menu/detail?brdCd=BF104&cmdtIdx=539635,2026-10-04,2026-09-29,franchise-quality-v1,OFFICIAL_MENU_DESCRIPTION_AND_BRAND_ALLERGEN_TABLE,게|견과류|달걀|땅콩|새우|생선|조개류,난류(계란) 닭고기 땅콩 게 복숭아 토마토 새우 아황산류 고등어 호두 메밀 오징어 홍합 전복 굴 잣,false,BD36E9D088E1DFA0DA3E4C1D4C90C9B12754FCD495D7DDF8ED194168486411AC
official-bon-bf104-539637,BON-BF104-539637,본도시락,바싹불고기 오징어두루치기 한상,"바싹불고기, 오징어두루치기, 오색산적, 4가지 한식반찬, 김 · 1 메뉴 특징 고기와 해산물의 균형잡힌 건강 한상 바싹불고기 오징어두루치기 한상 본도시락 시그니처 바싹불고기에 입맛을 돋우는 매콤한 오징어두루치기까지, 고기와 해산물의 균형잡힌 건강 한상",김|오징어,대두 밀 쇠고기 돼지고기 우유 게 새우 오징어 홍합 굴 조개류,게|대두|밀|새우|우유|조개류,PARTIAL_DESCRIPTION,PARTIAL_DECLARATION,https://api.bonif.co.kr/brand/v1/menu/detail?brdCd=BF104&cmdtIdx=539637,2026-10-04,2026-09-29,franchise-quality-v1,OFFICIAL_MENU_DESCRIPTION_AND_BRAND_ALLERGEN_TABLE,견과류|달걀|땅콩|생선|조개류,난류(계란) 닭고기 땅콩 복숭아 토마토 아황산류 고등어 호두 메밀 전복 잣,false,6477378E55471C95FADA43FC8A76E6974C8681923EFEEB180A8ACC4C0F3E85D0
official-bon-bf104-539646,BON-BF104-539646,본도시락,바싹불고기 국반상,"바싹불고기, 국, 계란후라이, 튀김&전, 2가지 한식반찬 · 1 메뉴 특징 온기가 담긴 국과 함께하는 건강 반상 바싹불고기 국반상 본도시락 시그니처 바싹불고기를 한식 기본 반찬(볶음김치, 계란 반찬, 김), 그리고 온기가 담긴 국과 함께 즐기는 건강한 반상",계란|김|김치,,,PARTIAL_DESCRIPTION,UNKNOWN,https://api.bonif.co.kr/brand/v1/menu/detail?brdCd=BF104&cmdtIdx=539646,2026-10-04,2026-09-29,franchise-quality-v1,OFFICIAL_MENU_DESCRIPTION_AND_BRAND_ALLERGEN_TABLE,,,false,DD3D4EEF85DDB898CC22DCCF084C01105FADF9E0FA3055D1560CB22979EA497C
official-bon-bf104-539647,BON-BF104-539647,본도시락,깻잎제육 국반상,"깻잎제육볶음, 국, 계란후라이, 튀김&전, 2가지 한식반찬 · 1 메뉴 특징 온기가 담긴 국과 함께하는 건강 반상 깻잎제육 국반상 깻잎채의 향긋함을 담은 매콤한 제육볶음을 한식 기본 반찬(볶음김치, 계란 반찬, 김), 그리고 온기가 담긴 국과 함께 즐기는 건강한 반상",계란|김|김치|깻잎,,,PARTIAL_DESCRIPTION,UNKNOWN,https://api.bonif.co.kr/brand/v1/menu/detail?brdCd=BF104&cmdtIdx=539647,2026-10-04,2026-09-29,franchise-quality-v1,OFFICIAL_MENU_DESCRIPTION_AND_BRAND_ALLERGEN_TABLE,,,false,3424C2CF90A93828CAEA69794A3BC13E0A33DB070F32C85EDCE22381610E55C1
official-bon-bf104-539648,BON-BF104-539648,본도시락,버섯소불고기 국반상,"버섯소불고기, 국, 튀김&전, 2가지 한식반찬 · 1 메뉴 특징 온기가 담긴 국과 함께하는 건강 반상 버섯소불고기 국반상 영양 가득 부드러운 버섯소불고기를 한식 기본 반찬(볶음김치, 계란 반찬, 김), 그리고 온기가 담긴 국과 함께 즐기는 건강한 반상",계란|김|김치|버섯,,,PARTIAL_DESCRIPTION,UNKNOWN,https://api.bonif.co.kr/brand/v1/menu/detail?brdCd=BF104&cmdtIdx=539648,2026-10-04,2026-09-29,franchise-quality-v1,OFFICIAL_MENU_DESCRIPTION_AND_BRAND_ALLERGEN_TABLE,,,false,172CDD92BADF270C5DC01063A21224361256797145CDCDC897D715CD9DFD48BE
official-bon-bf104-539649,BON-BF104-539649,본도시락,꽈리닭구이 국반상,"꽈리닭구이, 국, 튀김&전, 2가지 한식반찬 · 1 메뉴 특징 온기가 담긴 국과 함께하는 건강 반상 꽈리닭구이 국반상 꽈리고추와 함께 감칠맛나게 볶아내어 입맛을 돋우는 닭구이를 한식 기본 반찬(볶음김치, 계란 반찬, 김), 그리고 온기가 담긴 국과 함께 즐기는 건강한 반상",계란|고추|김|김치,,,PARTIAL_DESCRIPTION,UNKNOWN,https://api.bonif.co.kr/brand/v1/menu/detail?brdCd=BF104&cmdtIdx=539649,2026-10-04,2026-09-29,franchise-quality-v1,OFFICIAL_MENU_DESCRIPTION_AND_BRAND_ALLERGEN_TABLE,,,false,CAAA89EB460584F521C7FD8CA6A9AE7DD46F1C3EE19D02A67124FBC5B301EB30
official-bon-bf104-539651,BON-BF104-539651,본도시락,오징어두루치기 국반상,"오징어두루치기, 국, 튀김&전, 2가지 한식반찬 · 1 메뉴 특징 온기가 담긴 국과 함께하는 건강 반상 오징어두루치기 국반상 입맛을 돋우는 매콤한 오징어두루치기를 한식 기본 반찬(볶음김치, 계란 반찬, 김), 그리고 온기가 담긴 국과 함께 즐기는 건강한 반상",계란|김|김치|오징어,,,PARTIAL_DESCRIPTION,UNKNOWN,https://api.bonif.co.kr/brand/v1/menu/detail?brdCd=BF104&cmdtIdx=539651,2026-10-04,2026-09-29,franchise-quality-v1,OFFICIAL_MENU_DESCRIPTION_AND_BRAND_ALLERGEN_TABLE,,,false,428782A55BD95FE0D9F8A012163A226BAF38B4222389E5D59D80531A91DAC372
official-bon-bf104-539652,BON-BF104-539652,본도시락,수작돈까스 국반상,"등심돈까스, 국, 튀김&전, 2가지 한식반찬 · 1 메뉴 특징 온기가 담긴 국과 함께하는 건강 반상 수작돈까스 국반상 노릇노릇한 튀김옷 속에 숨겨진 두툼하고 촉촉한 등심 돈까스를 한식 기본 반찬(볶음김치, 계란 반찬, 김), 그리고 온기가 담긴 국과 함께 즐기는 건강한 반상",계란|김|김치|등심,대두 밀 쇠고기 돼지고기 땅콩 토마토 굴 조개류,대두|땅콩|밀|조개류,PARTIAL_DESCRIPTION,PARTIAL_DECLARATION,https://api.bonif.co.kr/brand/v1/menu/detail?brdCd=BF104&cmdtIdx=539652,2026-10-04,2026-09-29,franchise-quality-v1,OFFICIAL_MENU_DESCRIPTION_AND_BRAND_ALLERGEN_TABLE,게|견과류|달걀|새우|생선|우유|조개류,난류(계란) 닭고기 우유 게 복숭아 새우 아황산류 고등어 호두 메밀 오징어 홍합 전복 잣,false,3889B494B655F4E75D57FC09E1B5C3AF47195C167DC812B281FF791711B164BB
official-bon-bf104-539655,BON-BF104-539655,본도시락,직화 떡갈비 국반상,"떡갈비, 국, 튀김&전, 2가지 한식반찬 · 1 메뉴 특징 온기가 담긴 국과 함께하는 건강 반상 궁중떡갈비 국반상 달콤짭짤한 소스에 맛있게 졸여낸 육즙가득 떡갈비를 한식 기본 반찬(볶음김치, 계란 반찬, 김), 그리고 온기가 담긴 국과 함께 즐기는 건강한 반상",계란|김|김치,,,PARTIAL_DESCRIPTION,UNKNOWN,https://api.bonif.co.kr/brand/v1/menu/detail?brdCd=BF104&cmdtIdx=539655,2026-10-04,2026-09-29,franchise-quality-v1,OFFICIAL_MENU_DESCRIPTION_AND_BRAND_ALLERGEN_TABLE,,,false,FB70A2106C51E8B2E8D4041B64762AF8ABE2D93A1CDC006E0018B3A5DDD66BCC
official-bon-bf104-539656,BON-BF104-539656,본도시락,바싹불고기 반상,"바싹불고기, 계란후라이, 튀김&전, 4가지 한식반찬 · 1 메뉴 특징 4색 4미 한식 반찬과 즐기는 건강 반상 바싹불고기 반상 본도시락 시그니처 바싹불고기를 4가지 색과 맛이 담긴 한식 반찬과 함께 즐기는 건강한 반상",계란,,,PARTIAL_DESCRIPTION,UNKNOWN,https://api.bonif.co.kr/brand/v1/menu/detail?brdCd=BF104&cmdtIdx=539656,2026-10-04,2026-09-29,franchise-quality-v1,OFFICIAL_MENU_DESCRIPTION_AND_BRAND_ALLERGEN_TABLE,,,false,41A9FCD3A20794A3253958A404D396348EBA49C1C53B21FC6BBFB0B2AFBB839A
official-bon-bf104-539657,BON-BF104-539657,본도시락,깻잎제육 반상,"깻잎제육볶음, 계란후라이, 튀김&전, 4가지 한식반찬 · 1 메뉴 특징 4색 4미 한식 반찬과 즐기는 건강 반상 깻잎제육 반상 깻잎채의 향긋함을 담은 매콤한 제육볶음을 4가지 색과 맛이 담긴 한식 반찬과 함께 즐기는 건강한 반상",계란|깻잎,,,PARTIAL_DESCRIPTION,UNKNOWN,https://api.bonif.co.kr/brand/v1/menu/detail?brdCd=BF104&cmdtIdx=539657,2026-10-04,2026-09-29,franchise-quality-v1,OFFICIAL_MENU_DESCRIPTION_AND_BRAND_ALLERGEN_TABLE,,,false,67A73F15C66EC12639A7593E3D6334074425B1EC6F947473A6FAA0C310CA946C
official-bon-bf104-539658,BON-BF104-539658,본도시락,버섯소불고기 반상,"버섯소불고기, 튀김&전, 4가지 한식반찬 · 1 메뉴 특징 4색 4미 한식 반찬과 즐기는 건강 반상 버섯소불고기 반상 영양 가득 부드러운 버섯소불고기를 4가지 색과 맛이 담긴 한식 반찬과 함께 즐기는 건강한 반상",버섯,,,PARTIAL_DESCRIPTION,UNKNOWN,https://api.bonif.co.kr/brand/v1/menu/detail?brdCd=BF104&cmdtIdx=539658,2026-10-04,2026-09-29,franchise-quality-v1,OFFICIAL_MENU_DESCRIPTION_AND_BRAND_ALLERGEN_TABLE,,,false,A9696CD573E1E798E7F2C7E68AD48CF3C7AEF28B2E735B86BE87359CB18B7BB0
official-bon-bf104-539659,BON-BF104-539659,본도시락,꽈리닭구이 반상,"꽈리닭구이, 튀김&전, 4가지 한식반찬 · 1 메뉴 특징 4색 4미 한식 반찬과 즐기는 건강 반상 꽈리닭구이 반상 꽈리고추와 함게 감칠맛나게 볶아내어 입맛을 돋우는 닭구이를 4가지 색과 맛이 담긴 한식 반찬과 함께 즐기는 건강한 반상",고추,,,PARTIAL_DESCRIPTION,UNKNOWN,https://api.bonif.co.kr/brand/v1/menu/detail?brdCd=BF104&cmdtIdx=539659,2026-10-04,2026-09-29,franchise-quality-v1,OFFICIAL_MENU_DESCRIPTION_AND_BRAND_ALLERGEN_TABLE,,,false,B114D9F61690FC3D61E808694A4F7E054B1E4204BF2B96C9FED4C94B8FBBC690
official-bon-bf104-539661,BON-BF104-539661,본도시락,오징어두루치기 반상,"오징어두루치기, 튀김&전, 4가지 한식반찬 · 1 메뉴 특징 4색 4미 한식 반찬과 즐기는 건강 반상 오징어두루치기 반상 입맛을 돋우는 매콤한 오징어두루치기를 4가지 색과 맛이 담긴 한식 반찬과 함께 즐기는 건강한 반상",오징어,,,PARTIAL_DESCRIPTION,UNKNOWN,https://api.bonif.co.kr/brand/v1/menu/detail?brdCd=BF104&cmdtIdx=539661,2026-10-04,2026-09-29,franchise-quality-v1,OFFICIAL_MENU_DESCRIPTION_AND_BRAND_ALLERGEN_TABLE,,,false,4FD7A4BC907172B719C5B60C35BCDA32E93777D85729C3E394C4853175DA4EDC
official-bon-bf104-539664,BON-BF104-539664,본도시락,울릉도 나물 버섯영양밥,"울릉도나물밥, 버섯튀김, 삼채양념간장, 들기름 · 1 메뉴 특징 간편하지만 건강 가득 한 끼 울릉도 나물 버섯영양밥 울릉도 특산 나물로 만든 영양 가득 울릉도나물밥과 향긋한 버섯튀김, 그리고 기운을 북돋는 삼채로 만든 간장 드레싱까지, 간편하지만 건강 가득한 한 끼",버섯,대두 밀 쇠고기 우유,대두|밀|우유,PARTIAL_DESCRIPTION,PARTIAL_DECLARATION,https://api.bonif.co.kr/brand/v1/menu/detail?brdCd=BF104&cmdtIdx=539664,2026-10-04,2026-09-29,franchise-quality-v1,OFFICIAL_MENU_DESCRIPTION_AND_BRAND_ALLERGEN_TABLE,게|견과류|달걀|땅콩|새우|생선|조개류,난류(계란) 닭고기 돼지고기 땅콩 게 복숭아 토마토 새우 아황산류 고등어 호두 메밀 오징어 홍합 전복 굴 조개류 잣,false,4376A02F9B63C177418F7CEFF3398EDDEE38F62D58AB08916D888C92CDA2B253
official-bon-bf104-539666,BON-BF104-539666,본도시락,저염 스팸 김치볶음밥,"저염 스팸, 김치볶음밥, 계란후라이 · 1 메뉴 특징 간편하지만 건강 가득 한 끼 저염 스팸 김치볶음밥(곱빼기) 염도를 25% 낮춘 저염 스팸으로 부담 없이 맛있게 즐길 수 있는 간편하지만 든든한 김치볶음밥(곱빼기)",계란|김치,대두 밀 쇠고기 닭고기 돼지고기 우유 굴 조개류,대두|밀|우유|조개류,PARTIAL_DESCRIPTION,PARTIAL_DECLARATION,https://api.bonif.co.kr/brand/v1/menu/detail?brdCd=BF104&cmdtIdx=539666,2026-10-04,2026-09-29,franchise-quality-v1,OFFICIAL_MENU_DESCRIPTION_AND_BRAND_ALLERGEN_TABLE,게|견과류|달걀|땅콩|새우|생선|조개류,난류(계란) 땅콩 게 복숭아 토마토 새우 아황산류 고등어 호두 메밀 오징어 홍합 전복 잣,false,A8CB8AEA500D11C9D27F3A3DF932819B14C92C2FE7C8992DEFA93D7D9DE85C1A
official-bon-bf104-539667,BON-BF104-539667,본도시락,스크램블드에그 치킨마요,"스크램블드에그, 치킨마요, 김자반 스틱 · 1 메뉴 특징 간편하지만 건강 가득 한 끼 스크램블드에그 치킨마요 부드러운 스크램블드 에그와 치킨, 고소한 풍미와 맛을 더하는 마요네즈와 간장소스와 함께 비벼 간편하지만 든든한 한 끼 ※ 매장 재고 상황에 따라 일부 매장은 크런치 토핑이 포함되어 제공될 수 있습니다.",,,,PARTIAL_DESCRIPTION,UNKNOWN,https://api.bonif.co.kr/brand/v1/menu/detail?brdCd=BF104&cmdtIdx=539667,2026-10-04,2026-09-29,franchise-quality-v1,OFFICIAL_MENU_DESCRIPTION_AND_BRAND_ALLERGEN_TABLE,,,false,02E3131A9946A4996FBDE604FB7210C92EBD4A9E96B729A4916B611452E4757E
official-bon-bf104-539668,BON-BF104-539668,본도시락,스크램블드에그 치킨마요(곱빼기),"스크램블드에그, 치킨마요, 김자반 스틱 · 1 메뉴 특징 간편하지만 건강 가득 한 끼 스크램블드에그 치킨마요(곱빼기) 부드러운 스크램블드 에그와 치킨, 고소한 풍미와 맛을 더하는 마요네즈와 간장소스와 함께 비벼 간편하지만 든든한 한 끼(곱빼기) ※ 매장 재고 상황에 따라 일부 매장은 크런치 토핑이 포함되어 제공될 수 있습니다.",,,,PARTIAL_DESCRIPTION,UNKNOWN,https://api.bonif.co.kr/brand/v1/menu/detail?brdCd=BF104&cmdtIdx=539668,2026-10-04,2026-09-29,franchise-quality-v1,OFFICIAL_MENU_DESCRIPTION_AND_BRAND_ALLERGEN_TABLE,,,false,81F8DA051DF72340BED83D33A868B919F0B06EA4A7D02B4A7A561F6B1F53ADAC
official-bon-bf104-539671,BON-BF104-539671,본도시락,(정식) 스팸김치찌개,"스팸 김치찌개, 흑미밥+계란후라이, 기본 반찬 3종, 김 · 1 메뉴 특징 찌개, 밥, 반찬을 한 번에! (정식) 스팸김치찌개 찰떡궁합 스팸과 묵은지를 함께 끓여내어 진한 맛의 김치찌개를 밥, 반찬과 함께 푸짐하게 즐기는 찌개 정식 (찌개+밥+반찬)",계란|김|김치|밥|흑미,,,PARTIAL_DESCRIPTION,UNKNOWN,https://api.bonif.co.kr/brand/v1/menu/detail?brdCd=BF104&cmdtIdx=539671,2026-10-04,2026-09-29,franchise-quality-v1,OFFICIAL_MENU_DESCRIPTION_AND_BRAND_ALLERGEN_TABLE,,,false,2402CE8AA233209BDE71E391B7ED978A2525B5A7143DD91C71E2BBDCB39D955E
official-bon-bf104-539672,BON-BF104-539672,본도시락,(국+밥) 스팸김치찌개,"스팸 김치찌개, 흑미밥+계란후라이 · 1 메뉴 특징 따끈한 찌개와 든든한 밥을 함께! (국+밥) 스팸김치찌개 찰떡궁합 스팸과 묵은지를 함께 끓여내어 진한 맛의 김치찌개를 밥, 반찬과 함께 푸짐하게 즐기는 찌개 정식 (국+밥)",계란|김치|밥|흑미,,,PARTIAL_DESCRIPTION,UNKNOWN,https://api.bonif.co.kr/brand/v1/menu/detail?brdCd=BF104&cmdtIdx=539672,2026-10-04,2026-09-29,franchise-quality-v1,OFFICIAL_MENU_DESCRIPTION_AND_BRAND_ALLERGEN_TABLE,,,false,D4CEBC404FEFBCD055991E0BA57B65055859BC3145D4F67ACA0B2D9525CDF212
official-bon-bf104-539673,BON-BF104-539673,본도시락,(국) 스팸김치찌개,1 메뉴 특징 따끈한 찌개를 원한다면? (국) 스팸김치찌개 찰떡궁합 스팸과 묵은지를 함께 끓여낸 진한 맛의 김치찌개,김치,,,PARTIAL_DESCRIPTION,UNKNOWN,https://api.bonif.co.kr/brand/v1/menu/detail?brdCd=BF104&cmdtIdx=539673,2026-10-04,2026-09-29,franchise-quality-v1,OFFICIAL_MENU_DESCRIPTION_AND_BRAND_ALLERGEN_TABLE,,,false,EE9971DECE89F3E1F3C9224525FC2800D3473C1C268B259F5C5113277C62968F
official-bon-bf104-539680,BON-BF104-539680,본도시락,귀리보리백미밥 추가,,,,,UNKNOWN,UNKNOWN,https://api.bonif.co.kr/brand/v1/menu/detail?brdCd=BF104&cmdtIdx=539680,2026-10-04,2026-09-29,franchise-quality-v1,OFFICIAL_MENU_DESCRIPTION_AND_BRAND_ALLERGEN_TABLE,,,false,9C7E2058433DDDE7A4C3C74E0D6ECCDC39E17EAE2090FB8C2D39A357A2030EEF
official-bon-bf104-539681,BON-BF104-539681,본도시락,울릉도나물밥 추가,,,,,UNKNOWN,UNKNOWN,https://api.bonif.co.kr/brand/v1/menu/detail?brdCd=BF104&cmdtIdx=539681,2026-10-04,2026-09-29,franchise-quality-v1,OFFICIAL_MENU_DESCRIPTION_AND_BRAND_ALLERGEN_TABLE,,,false,6C1C514239FA0F7A1784577FE54651E45FA0F7B416EB6ADAC0B39542FF5CBB82
official-bon-bf104-539682,BON-BF104-539682,본도시락,반달 돈까스(일회용 케찹 포함),,,,,UNKNOWN,UNKNOWN,https://api.bonif.co.kr/brand/v1/menu/detail?brdCd=BF104&cmdtIdx=539682,2026-10-04,2026-09-29,franchise-quality-v1,OFFICIAL_MENU_DESCRIPTION_AND_BRAND_ALLERGEN_TABLE,,,false,48A3411E5AE0E497E0353F624C8318B8EB17E62392656528B02FF99E8C7A63BA
official-bon-bf104-539683,BON-BF104-539683,본도시락,스틱 김자반,,,대두 땅콩 호두,견과류|대두|땅콩,UNKNOWN,PARTIAL_DECLARATION,https://api.bonif.co.kr/brand/v1/menu/detail?brdCd=BF104&cmdtIdx=539683,2026-10-04,2026-09-29,franchise-quality-v1,OFFICIAL_MENU_DESCRIPTION_AND_BRAND_ALLERGEN_TABLE,게|견과류|달걀|밀|새우|생선|우유|조개류,난류(계란) 밀 쇠고기 닭고기 돼지고기 우유 게 복숭아 토마토 새우 아황산류 고등어 메밀 오징어 홍합 전복 굴 조개류 잣,false,9F96A2F3DA362C6F2411677BF96EE4D2968ABB68EC023FD08FFA3806820AC958
official-bon-bf104-539754,BON-BF104-539754,본도시락,숯불닭구이 국반상,"숯불 고추장닭구이, 국, 튀김&전, 2가지 한식반찬 · 1 메뉴 특징 온기가 담긴 국과 함께하는 건강 반상 숯불닭구이 국반상 숯불향 입힌 감칠맛나는 고추장 닭구이를 한식 기본 반찬(볶음김치, 계란 반찬), 그리고 온기가 담긴 국과 함께 즐기는 건강한 반상",계란|고추|김치,,,PARTIAL_DESCRIPTION,UNKNOWN,https://api.bonif.co.kr/brand/v1/menu/detail?brdCd=BF104&cmdtIdx=539754,2026-10-04,2026-09-29,franchise-quality-v1,OFFICIAL_MENU_DESCRIPTION_AND_BRAND_ALLERGEN_TABLE,,,false,B504CC2414B18C8F221FCED9169ABFECDEA67F9F6BD0F8A7F7AB7C4F75947062
official-bon-bf104-539759,BON-BF104-539759,본도시락,숯불닭구이 반상,"숯불 고추장닭구이, 튀김&전, 4가지 한식반찬 · 1 메뉴 특징 4색 4미 한식 반찬과 즐기는 건강 반상 숯불닭구이 반상 숯불향 입힌 감칠맛나는 고추장 닭구이를 4가지 색과 맛이 담긴 한식 반찬과 함께 즐기는 건강한 반상",고추,,,PARTIAL_DESCRIPTION,UNKNOWN,https://api.bonif.co.kr/brand/v1/menu/detail?brdCd=BF104&cmdtIdx=539759,2026-10-04,2026-09-29,franchise-quality-v1,OFFICIAL_MENU_DESCRIPTION_AND_BRAND_ALLERGEN_TABLE,,,false,5EFE2BC30502C9D3A004A4972CA6E391367B7DC7CB7F4B352E64E121AAED5410
official-bon-bf104-539760,BON-BF104-539760,본도시락,바싹불고기 숯불닭구이 한상,"바싹불고기, 숯불닭구이, 오색산적, 4가지 한식반찬, 김 · 1 메뉴 특징 고기에 고기를 더한 푸짐한 한상 바싹불고기 숯불닭구이 한상 본도시락 시그니처 바싹불고기에 숯불향을 더한 고추장 닭구이까지, 고기에 고기를 더한 푸짐한 한상",고추|김,대두 밀 쇠고기 닭고기 돼지고기 우유,대두|밀|우유,PARTIAL_DESCRIPTION,PARTIAL_DECLARATION,https://api.bonif.co.kr/brand/v1/menu/detail?brdCd=BF104&cmdtIdx=539760,2026-10-04,2026-09-29,franchise-quality-v1,OFFICIAL_MENU_DESCRIPTION_AND_BRAND_ALLERGEN_TABLE,게|견과류|달걀|땅콩|새우|생선|조개류,난류(계란) 땅콩 게 복숭아 토마토 새우 아황산류 고등어 호두 메밀 오징어 홍합 전복 굴 조개류 잣,false,F08228BD06EBEC711F58CDA7217EF219DEBD8B1DCE0F78A81A646B21DE1A9ABD
official-bon-bf104-539849,BON-BF104-539849,본도시락,본격도시락(스팸두부조림),"도시락의 격을 높이다, 본도시락 본격도시락 ! · 1 메뉴 특징 가격은 파격! 구성은 감격! 퀄리티는 엄격! 본격도시락(스팸 두부 조림) 대표 집반찬 스팸, 두부를 함께 졸여 가장 잘 아는 맛있는 맛의 반찬과 추억의 소시지전, 건강한 흑미밥, 한식 기본반찬 3종, 그리고 본도시락의 시그니처 바싹불고기와 제육볶음까지. 본도시락의 프리미엄에 가성비까지 더한 본격적인 도시락",두부|소시지|흑미,난류(계란) 대두 밀 쇠고기 돼지고기 우유 토마토 굴 조개류,달걀|대두|밀|우유|조개류,PARTIAL_DESCRIPTION,PARTIAL_DECLARATION,https://api.bonif.co.kr/brand/v1/menu/detail?brdCd=BF104&cmdtIdx=539849,2026-10-04,2026-09-29,franchise-quality-v1,OFFICIAL_MENU_DESCRIPTION_AND_BRAND_ALLERGEN_TABLE,게|견과류|땅콩|새우|생선|조개류,닭고기 땅콩 게 복숭아 새우 아황산류 고등어 호두 메밀 오징어 홍합 전복 잣,false,796608F4B471DB356BEAA212E4A3BA7DD454FAACC04F12DD785BC3ACBBCC12D5
official-bon-bf104-539881,BON-BF104-539881,본도시락,단호박식혜,,,,,UNKNOWN,UNKNOWN,https://api.bonif.co.kr/brand/v1/menu/detail?brdCd=BF104&cmdtIdx=539881,2026-10-04,2026-09-29,franchise-quality-v1,OFFICIAL_MENU_DESCRIPTION_AND_BRAND_ALLERGEN_TABLE,,,false,8259091B76A9EDEAC1D322C97A00AC258B5AD1CAE1CCE8F35107D02BE5C71162
official-bon-bf104-539923,BON-BF104-539923,본도시락,우삼겹된장찌개 제육 백반 한상,"우삼겹된장찌개, 제육볶음, 스팸, 기본반찬, 스틱 김자반 · 1 메뉴 특징 가장 맛있는 조합이 한 상에! 우삼겹된장찌개 제육 백반 한상 고소하고 진한 우삼겹된장찌개에 따뜻한 밥과 스팸, 그리고 매콤한 제육볶음을 한번에 즐길 수 있는 누구나 좋아하는 찌개 한상",우삼겹,대두 밀 쇠고기 돼지고기 땅콩 우유 새우 아황산류 호두 조개류,견과류|대두|땅콩|밀|새우|우유|조개류,PARTIAL_DESCRIPTION,PARTIAL_DECLARATION,https://api.bonif.co.kr/brand/v1/menu/detail?brdCd=BF104&cmdtIdx=539923,2026-10-04,2026-09-29,franchise-quality-v1,OFFICIAL_MENU_DESCRIPTION_AND_BRAND_ALLERGEN_TABLE,게|견과류|달걀|생선|조개류,난류(계란) 닭고기 게 복숭아 토마토 고등어 메밀 오징어 홍합 전복 굴 잣,false,9253BD349C1B46CD2DEEDF15CC5A3F6BBF816A2218DAA6E496992E6E24D6E80B
official-bon-bf104-539924,BON-BF104-539924,본도시락,(정식) 우삼겹된장찌개,"우삼겹 된장찌개, 흑미밥+계란후라이, 기본 반찬 3종, 김 · 1 메뉴 특징 찌개, 밥, 반찬을 한 번에! (정식) 우삼겹된장찌개 우삼겹의 고소함을 더해 깊게 우러난 된장찌개를 밥, 반찬과 함께 푸짐하게 즐기는 찌개 정식 (찌개+밥+반찬)",계란|김|밥|우삼겹|흑미,,,PARTIAL_DESCRIPTION,UNKNOWN,https://api.bonif.co.kr/brand/v1/menu/detail?brdCd=BF104&cmdtIdx=539924,2026-10-04,2026-09-29,franchise-quality-v1,OFFICIAL_MENU_DESCRIPTION_AND_BRAND_ALLERGEN_TABLE,,,false,60CD00EBF5580EAAFA31D24872D261CE504F2FEF46DFF9C94DA9DFED204FEAB2
official-bon-bf104-539925,BON-BF104-539925,본도시락,(국+밥) 우삼겹된장찌개,"우삼겹 된장찌개, 흑미밥+계란후라이 · 1 메뉴 특징 따끈한 찌개와 든든한 밥을 함께! (국+밥) 우삼겹된장찌개 우삼겹의 고소함을 더해 깊게 우러난 된장찌개를 밥, 반찬과 함께 푸짐하게 즐기는 찌개 정식 (국+밥)",계란|밥|우삼겹|흑미,,,PARTIAL_DESCRIPTION,UNKNOWN,https://api.bonif.co.kr/brand/v1/menu/detail?brdCd=BF104&cmdtIdx=539925,2026-10-04,2026-09-29,franchise-quality-v1,OFFICIAL_MENU_DESCRIPTION_AND_BRAND_ALLERGEN_TABLE,,,false,330EBBF34EA508D8F8FF66521122E118A97796C50C13C2688F50A9D1738C0D6D
official-bon-bf104-539926,BON-BF104-539926,본도시락,(국) 우삼겹된장찌개,,,,,UNKNOWN,UNKNOWN,https://api.bonif.co.kr/brand/v1/menu/detail?brdCd=BF104&cmdtIdx=539926,2026-10-04,2026-09-29,franchise-quality-v1,OFFICIAL_MENU_DESCRIPTION_AND_BRAND_ALLERGEN_TABLE,,,false,D214A21C265568C65831749B4B93A4FF7725F5BC80D610C65D5390ED43A3807C
official-bon-bf104-540148,BON-BF104-540148,본도시락,오리지널 닭강정,"겉바속촉 땅콩 닭강정 · 1 메뉴 특징 겉바속촉! 오리지널 닭강정 겉은 바삭, 속은 촉촉! 매콤 달콤한 양념에 고소한 땅콩을 솔솔 뿌려, 남녀노소 누구나 좋아하는 닭강정 ※땅콩 알러지가 있을 경우 매장에 미리 말씀해주세요.",땅콩,대두 밀 쇠고기 닭고기 땅콩 우유 토마토,대두|땅콩|밀|우유,PARTIAL_DESCRIPTION,PARTIAL_DECLARATION,https://api.bonif.co.kr/brand/v1/menu/detail?brdCd=BF104&cmdtIdx=540148,2026-10-04,2026-09-29,franchise-quality-v1,OFFICIAL_MENU_DESCRIPTION_AND_BRAND_ALLERGEN_TABLE,게|견과류|달걀|새우|생선|조개류,난류(계란) 돼지고기 게 복숭아 새우 아황산류 고등어 호두 메밀 오징어 홍합 전복 굴 조개류 잣,false,4EE9614DEE11485C11CF02822BB345E4698CD567603E3F2F2EBCDD789C2CF507
official-bon-bf104-540157,BON-BF104-540157,본도시락,닭가슴살 샐러드,"샐러드믹스, 닭가슴살, 치즈, 방울토마토, 오리엔탈 드레싱 · 1 메뉴 특징 간편 건강 Light! 닭가슴살 샐러드 신선한 샐러드 믹스에 부드러운 닭가슴살, 그리고 맛과 영양을 함께 더해줄 단호박, 치즈, 방울토마토를 즐기는 가볍지만 건강한 한 끼",단호박|닭가슴살|치즈|토마토,대두 밀 닭고기 우유 아황산류,대두|밀|우유,PARTIAL_DESCRIPTION,PARTIAL_DECLARATION,https://api.bonif.co.kr/brand/v1/menu/detail?brdCd=BF104&cmdtIdx=540157,2026-10-04,2026-09-29,franchise-quality-v1,OFFICIAL_MENU_DESCRIPTION_AND_BRAND_ALLERGEN_TABLE,게|견과류|달걀|땅콩|새우|생선|조개류,난류(계란) 쇠고기 돼지고기 땅콩 게 복숭아 토마토 새우 고등어 호두 메밀 오징어 홍합 전복 굴 조개류 잣,false,24EDE87D7BA5D104E45318797D1A2B3A7908C67DDCF258003E74D30D7A905EE9
official-bon-bf104-540158,BON-BF104-540158,본도시락,한컵 닭가슴살 샐러드,"샐러드믹스, 닭가슴살, 치즈, 방울토마토, 오리엔탈 드레싱 · 1 메뉴 특징 간편 건강 Light! 한컵 닭가슴살 샐러드 신선한 샐러드 믹스와 닭가슴살 샐러드를 부담없는 양으로 즐길 수 있는 한컵 샐러드",닭가슴살|치즈|토마토,대두 밀 닭고기 우유 아황산류,대두|밀|우유,PARTIAL_DESCRIPTION,PARTIAL_DECLARATION,https://api.bonif.co.kr/brand/v1/menu/detail?brdCd=BF104&cmdtIdx=540158,2026-10-04,2026-09-29,franchise-quality-v1,OFFICIAL_MENU_DESCRIPTION_AND_BRAND_ALLERGEN_TABLE,게|견과류|달걀|땅콩|새우|생선|조개류,난류(계란) 쇠고기 돼지고기 땅콩 게 복숭아 토마토 새우 고등어 호두 메밀 오징어 홍합 전복 굴 조개류 잣,false,3B1C237E7AEFA4290713F872FFA963597696E9563AADDDC3AAC3786CCE5F59CE
official-bon-bf104-540161,BON-BF104-540161,본도시락,더덕 장어구이 바싹불고기 한상,"고추장 장어더덕구이, 바싹불고기, 오색산적, 4가지 한식반찬, 김 · 1 메뉴 특징 바다와 땅의 기운을 담아내다 더덕 장어구이 바싹불고기 한상 대표 보양식 고추장 장어구이에 땅의 기운을 담은 더덕구이, 그리고 건강에 좋은 삼채를 더한 본도시락 시그니처 바싹불고기를 한 번에 즐기는 건강 한상",고추|김,대두 밀 쇠고기 닭고기 돼지고기 우유,대두|밀|우유,PARTIAL_DESCRIPTION,PARTIAL_DECLARATION,https://api.bonif.co.kr/brand/v1/menu/detail?brdCd=BF104&cmdtIdx=540161,2026-10-04,2026-09-29,franchise-quality-v1,OFFICIAL_MENU_DESCRIPTION_AND_BRAND_ALLERGEN_TABLE,게|견과류|달걀|땅콩|새우|생선|조개류,난류(계란) 땅콩 게 복숭아 토마토 새우 아황산류 고등어 호두 메밀 오징어 홍합 전복 굴 조개류 잣,false,B147B0AACA5E082EFA9FC2212C25C90D949E440D209A0BB42F906AE70ED85642
official-bon-bf104-540209,BON-BF104-540209,본도시락,매콤낙지 석갈비 한상,"매콤낙지볶음, 석갈비, 오색산적, 4가지 한식반찬, 김 · 1 메뉴 특징 고기와 해산물의 균형잡힌 건강 한상 매콤낙지 석갈비 한상 매콤한 낙지볶음에 감칠맛을 더한 석갈비까지, 고기와 해산물의 균형잡힌 건강 한상",김|낙지,대두 밀 쇠고기 돼지고기 우유 토마토 굴 조개류,대두|밀|우유|조개류,PARTIAL_DESCRIPTION,PARTIAL_DECLARATION,https://api.bonif.co.kr/brand/v1/menu/detail?brdCd=BF104&cmdtIdx=540209,2026-10-04,2026-09-29,franchise-quality-v1,OFFICIAL_MENU_DESCRIPTION_AND_BRAND_ALLERGEN_TABLE,게|견과류|달걀|땅콩|새우|생선|조개류,난류(계란) 닭고기 땅콩 게 복숭아 새우 아황산류 고등어 호두 메밀 오징어 홍합 전복 잣,false,995100A3FCC3275531057AF7EA0FE3BC2ECE94EE3A91396A5A020C08E12398DD
official-bon-bf104-540210,BON-BF104-540210,본도시락,울릉도 오징어 석갈비 한상,"울릉도나물밥, 오징어두루치기, 석갈비, 와사비 및 명이나물쌈, 4가지 한식반찬, 김 · 1 메뉴 특징 울릉도 향취 가득 건강 한상 울릉도 오징어 석갈비 한상 울릉도 특산 나물로 만든 영양 가득 울릉도나물밥과 입맛을 돋우는 매콤한 오징어두루치기에 감칠맛을 더한 석갈비까지, 그리고 먹는 재미를 더하는 명이나물쌈으로 울릉도 향취 가득한 건강 한상",김|오징어,대두 밀 쇠고기 돼지고기 우유 게 새우 아황산류 오징어 홍합 굴 조개류,게|대두|밀|새우|우유|조개류,PARTIAL_DESCRIPTION,PARTIAL_DECLARATION,https://api.bonif.co.kr/brand/v1/menu/detail?brdCd=BF104&cmdtIdx=540210,2026-10-04,2026-09-29,franchise-quality-v1,OFFICIAL_MENU_DESCRIPTION_AND_BRAND_ALLERGEN_TABLE,견과류|달걀|땅콩|생선|조개류,난류(계란) 닭고기 땅콩 복숭아 토마토 고등어 호두 메밀 전복 잣,false,EF2F32A6C83CCDD544A84244DA3CC014EBAF097F5A88620FFFE778807EE27814
official-bon-bf104-540219,BON-BF104-540219,본도시락,(국) 바지락미역국,,,,,UNKNOWN,UNKNOWN,https://api.bonif.co.kr/brand/v1/menu/detail?brdCd=BF104&cmdtIdx=540219,2026-10-04,2026-09-29,franchise-quality-v1,OFFICIAL_MENU_DESCRIPTION_AND_BRAND_ALLERGEN_TABLE,,,false,2F8DA9326B86357A4AF36884891CE2F939C24BA1929824B651226DED97A5DE89
official-bon-bf104-540220,BON-BF104-540220,본도시락,(국+밥) 바지락미역국,"바지락미역국, 흑미밥+계란후라이 · 1 메뉴 특징 (국+밥) 바지락미역국 푸르른 바다의 산물 미역에 맛과 깊이를 더하는 바지락을 함께 끓여낸 바지락미역국을 밥, 반찬과 함께 푸짐하게 즐기는 찌개 정식 (국+밥)",계란|미역|밥|흑미,,,PARTIAL_DESCRIPTION,UNKNOWN,https://api.bonif.co.kr/brand/v1/menu/detail?brdCd=BF104&cmdtIdx=540220,2026-10-04,2026-09-29,franchise-quality-v1,OFFICIAL_MENU_DESCRIPTION_AND_BRAND_ALLERGEN_TABLE,,,false,D2AAD429DA3116005A8E67020DEBB09C02A4D1B515587FBEB95F5A05406B3B2A
official-bon-bf104-540221,BON-BF104-540221,본도시락,(정식) 바지락미역국,"바지락미역국, 흑미밥+계란후라이, 기본 반찬 3종, 김 · 1 메뉴 특징 (정식) 바지락미역국 푸르른 바다의 산물 미역에 맛과 깊이를 더하는 바지락을 함께 끓여낸 바지락미역국을 밥, 반찬과 함께 푸짐하게 즐기는 찌개 정식 (찌개+밥+반찬)",계란|김|미역|밥|흑미,,,PARTIAL_DESCRIPTION,UNKNOWN,https://api.bonif.co.kr/brand/v1/menu/detail?brdCd=BF104&cmdtIdx=540221,2026-10-04,2026-09-29,franchise-quality-v1,OFFICIAL_MENU_DESCRIPTION_AND_BRAND_ALLERGEN_TABLE,,,false,B22E887678D37A3C2F805162D4DD7CAFEAECFC7D742C9D0B740E6173DAE53FA7
official-bon-bf104-540247,BON-BF104-540247,본도시락,우리땅 정선 곤드레도시락,"곤드레 나물밥, 삼채양념간장, 그릴드 닭구이 샐러드, 오리엔탈 소스 · 1 메뉴 특징 ★나를 위한 건강 도시락★ 우리땅 정선 곤드레 도시락 강원도 정선 곤드레 나물밥에 혈당 관리에 도움을 주는 삼채 양념장과 신선한 샐러드를 더해 맛과 영양 균형을 담은 건강 도시락",,,,PARTIAL_DESCRIPTION,UNKNOWN,https://api.bonif.co.kr/brand/v1/menu/detail?brdCd=BF104&cmdtIdx=540247,2026-10-04,2026-09-29,franchise-quality-v1,OFFICIAL_MENU_DESCRIPTION_AND_BRAND_ALLERGEN_TABLE,게|견과류|달걀|땅콩|새우|생선|조개류,난류(계란) 돼지고기 땅콩 게 복숭아 토마토 새우 고등어 호두 메밀 오징어 홍합 전복 굴 조개류 잣,false,1D6D06FEFDC3FC7E948A325CAD535882E308C8AB9FB20AF5F73DD50268E3621D
official-bon-bf104-540257,BON-BF104-540257,본도시락,매콤낙지 꽈리닭구이 한상,"매콤낙지볶음, 꽈리닭구이, 오색산적, 4가지 한식반찬, 김 · 1 메뉴 특징 고기와 해산물의 균형잡힌 건강 한상 매콤낙지 꽈리닭구이 한상 입맛 돋아주는 매콤한 낙지볶음에 꽈리고추를 더한 닭구이까지, 고기와 해산물의 균형잡힌 건강 한상",고추|김|낙지,대두 밀 쇠고기 닭고기 우유 토마토 굴 조개류,대두|밀|우유|조개류,PARTIAL_DESCRIPTION,PARTIAL_DECLARATION,https://api.bonif.co.kr/brand/v1/menu/detail?brdCd=BF104&cmdtIdx=540257,2026-10-04,2026-09-29,franchise-quality-v1,OFFICIAL_MENU_DESCRIPTION_AND_BRAND_ALLERGEN_TABLE,게|견과류|달걀|땅콩|새우|생선|조개류,난류(계란) 돼지고기 땅콩 게 복숭아 새우 아황산류 고등어 호두 메밀 오징어 홍합 전복 잣,false,99850EE009A63D45F2E82CDE587950DF165400CF007777084F73799BA4553304
official-bon-bf104-540280,BON-BF104-540280,본도시락,매콤 제육 쌈밥,"흑미밥, 제육볶음, 우렁강된장, 볶음김치, 계란말이, 쌈채소, 바지락미역국 · 1 메뉴 특징 ★한 쌈에 담긴 건강한 한끼★ 매콤 제육 쌈밥 매콤한 제육볶음을 우렁강된장과 함께 신선한 쌈채소에 싸먹는 건강 제철 쌈밥 ​",계란|김치|미역|흑미,대두 밀 쇠고기 땅콩 우유 아황산류 홍합 조개류 잣,견과류|대두|땅콩|밀|우유|조개류,PARTIAL_DESCRIPTION,PARTIAL_DECLARATION,https://api.bonif.co.kr/brand/v1/menu/detail?brdCd=BF104&cmdtIdx=540280,2026-10-04,2026-09-29,franchise-quality-v1,OFFICIAL_MENU_DESCRIPTION_AND_BRAND_ALLERGEN_TABLE,게|견과류|달걀|새우|생선|조개류,난류(계란) 닭고기 돼지고기 게 복숭아 토마토 새우 고등어 호두 메밀 오징어 전복 굴,false,A07B9AA52638992BD4D536FC2884391299F0DA6DD67EB6CCA9DB8134FDD73D2D
official-bon-bf104-540281,BON-BF104-540281,본도시락,석갈비 쌈밥,"흑미밥, 석갈비, 우렁강된장, 볶음김치, 계란말이, 쌈채소, 바지락미역국 · 1 메뉴 특징 ★한 쌈에 담긴 건강한 한끼★ 석갈비 쌈밥 달짝지근한 양념이 깊게 밴 두툼한 석갈비를 우렁강된장과 함께 신선한 쌈채소에 싸먹는 건강 제철 쌈밥 ​",계란|김치|미역|흑미,대두 밀 쇠고기 닭고기 땅콩 우유 게 아황산류 홍합 조개류 잣,게|견과류|대두|땅콩|밀|우유|조개류,PARTIAL_DESCRIPTION,PARTIAL_DECLARATION,https://api.bonif.co.kr/brand/v1/menu/detail?brdCd=BF104&cmdtIdx=540281,2026-10-04,2026-09-29,franchise-quality-v1,OFFICIAL_MENU_DESCRIPTION_AND_BRAND_ALLERGEN_TABLE,견과류|달걀|새우|생선|조개류,난류(계란) 돼지고기 복숭아 토마토 새우 고등어 호두 메밀 오징어 전복 굴,false,C5E82FF04325E8A006DD741B493D36EB7A4BEFD1FA2B662C5A11347FEC436DA9
official-bon-bf104-540282,BON-BF104-540282,본도시락,바싹불고기 쌈밥,"흑미밥, 바싹불고기, 우렁강된장, 볶음김치, 계란말이, 쌈채소, 바지락미역국 · 1 메뉴 특징 ★한 쌈에 담긴 건강한 한끼★ 바싹불고기 쌈밥 달큰한 특제 간장 소스에 숙성시켜 구워낸 바싹불고기를 우렁강된장과 함께 신선한 쌈채소에 싸먹는 건강 제철 쌈밥 ​",계란|김치|미역|흑미,대두 밀 쇠고기 닭고기 땅콩 우유 게 아황산류 홍합 조개류 잣,게|견과류|대두|땅콩|밀|우유|조개류,PARTIAL_DESCRIPTION,PARTIAL_DECLARATION,https://api.bonif.co.kr/brand/v1/menu/detail?brdCd=BF104&cmdtIdx=540282,2026-10-04,2026-09-29,franchise-quality-v1,OFFICIAL_MENU_DESCRIPTION_AND_BRAND_ALLERGEN_TABLE,견과류|달걀|새우|생선|조개류,난류(계란) 돼지고기 복숭아 토마토 새우 고등어 호두 메밀 오징어 전복 굴,false,6876CC7A3D3FF59654D40EA2ECB62B0561AF1EEEDAE9D41E9036C23D2E8F5C1E
official-bon-bf104-540294,BON-BF104-540294,본도시락,직화 마늘석갈비 국반상,"흑미밥, 직화 마늘석갈비, 깻잎부추무침, 국, 2가지 한식반찬, 김 · 1 메뉴 특징 ★올 여름 가장 든든한 보양 한 상★ 직화 마늘석갈비 국반상 달콤한 직화 마늘 석갈비에 향긋한 깻잎부추무침을 곁들인 삼복 보양 집밥 국반상 ​",김|깻잎|마늘|흑미,,,PARTIAL_DESCRIPTION,UNKNOWN,https://api.bonif.co.kr/brand/v1/menu/detail?brdCd=BF104&cmdtIdx=540294,2026-10-04,2026-09-29,franchise-quality-v1,OFFICIAL_MENU_DESCRIPTION_AND_BRAND_ALLERGEN_TABLE,,,false,B42EDA3AE28F01D17A781363137E51FFB0C1FA6744B5A15198CD2B33B7D19D3A
official-bon-bf104-540295,BON-BF104-540295,본도시락,직화 마늘석갈비 반상,"흑미밥, 직화 마늘석갈비, 깻잎부추무침, 4가지 한식반찬 · 1 메뉴 특징 ★올 여름 가장 든든한 보양 한 상★ 직화 마늘석갈비 반상 달콤한 직화 마늘 석갈비에 향긋한 깻잎부추무침을 곁들인 삼복 보양 집밥 반상 ​",깻잎|마늘|흑미,,,PARTIAL_DESCRIPTION,UNKNOWN,https://api.bonif.co.kr/brand/v1/menu/detail?brdCd=BF104&cmdtIdx=540295,2026-10-04,2026-09-29,franchise-quality-v1,OFFICIAL_MENU_DESCRIPTION_AND_BRAND_ALLERGEN_TABLE,,,false,F89FBE5A082FCF968F2FD884C10D76658804DFDAD78980E0D69F46D0F3441099
official-bon-bf104-540311,BON-BF104-540311,본도시락,잔치 요리 3호(전&단호박 갈비찜),"모둠전&단호박 갈비찜 · 1 메뉴 특징 ​ ★풍성한 잔치 한 상★ 잔치 요리 3호(전&단호박 갈비찜) 차리는 수고는 덜고, 함께하는 시간은 더하는 잔치 요리(모둠전&단호박 갈비찜)",단호박,난류(계란) 대두 밀 쇠고기 닭고기 돼지고기 우유 게 토마토,게|달걀|대두|밀|우유,PARTIAL_DESCRIPTION,PARTIAL_DECLARATION,https://api.bonif.co.kr/brand/v1/menu/detail?brdCd=BF104&cmdtIdx=540311,2026-10-04,2026-09-29,franchise-quality-v1,OFFICIAL_MENU_DESCRIPTION_AND_BRAND_ALLERGEN_TABLE,견과류|땅콩|새우|생선|조개류,땅콩 복숭아 새우 아황산류 고등어 호두 메밀 오징어 홍합 전복 굴 조개류 잣,false,6E3BCC2E70F1F621AD428D5C8CD3DF39FE5D946DF752236DFFED0CA80DB83247
official-bon-bf104-540312,BON-BF104-540312,본도시락,오색진미 소불고기 잡채밥,"소불고기, 잡채밥, 오미산적 · 1 메뉴 특징 ​ ★풍성한 잔치 한 상★ 오색진미 소불고기 잡채밥 부드러운 소불고기와 수제 오미산적, 잡채밥을 푸짐하게 담아낸 간편한 잔치(명절)도시락",,난류(계란) 대두 밀 쇠고기 닭고기 돼지고기 우유 게 토마토,게|달걀|대두|밀|우유,PARTIAL_DESCRIPTION,PARTIAL_DECLARATION,https://api.bonif.co.kr/brand/v1/menu/detail?brdCd=BF104&cmdtIdx=540312,2026-10-04,2026-09-29,franchise-quality-v1,OFFICIAL_MENU_DESCRIPTION_AND_BRAND_ALLERGEN_TABLE,견과류|땅콩|새우|생선|조개류,땅콩 복숭아 새우 아황산류 고등어 호두 메밀 오징어 홍합 전복 굴 조개류 잣,false,AD54DC26E9BA0868DDA2E8013F3A7F2F0892E182C4456AB3FC6FC5DE39B8C351
official-bon-bf104-540313,BON-BF104-540313,본도시락,잔치요리 1호(전&잡채),"모둠전&잡채 · 1 메뉴 특징 ​ ★풍성한 잔치 한 상★ 잔치 요리 1호(전&잡채) 차리는 수고는 덜고,, 함께하는 시간은 더하는 잔치 요리(모둠전&잡채)",,난류(계란) 대두 밀 쇠고기 닭고기 돼지고기 우유 게 토마토,게|달걀|대두|밀|우유,PARTIAL_DESCRIPTION,PARTIAL_DECLARATION,https://api.bonif.co.kr/brand/v1/menu/detail?brdCd=BF104&cmdtIdx=540313,2026-10-04,2026-09-29,franchise-quality-v1,OFFICIAL_MENU_DESCRIPTION_AND_BRAND_ALLERGEN_TABLE,견과류|땅콩|새우|생선|조개류,땅콩 복숭아 새우 아황산류 고등어 호두 메밀 오징어 홍합 전복 굴 조개류 잣,false,775F688FB7D91F116B64929485A5FE89FF3566947BF0789A92D89A4F1CA261CE
official-bon-bf104-540314,BON-BF104-540314,본도시락,잔치 요리 2호(단호박 갈비찜&잡채),"단호박 갈비찜&잡채 · 1 메뉴 특징 ​ ★풍성한 잔치 한 상★ 잔치 요리 2호(단호박 갈비찜&잡채) 차리는 수고는 덜고, 함께하는 시간은 더하는 잔치 요리(단호박 갈비찜&잡채)",단호박,대두 밀 쇠고기 돼지고기 우유,대두|밀|우유,PARTIAL_DESCRIPTION,PARTIAL_DECLARATION,https://api.bonif.co.kr/brand/v1/menu/detail?brdCd=BF104&cmdtIdx=540314,2026-10-04,2026-09-29,franchise-quality-v1,OFFICIAL_MENU_DESCRIPTION_AND_BRAND_ALLERGEN_TABLE,게|견과류|달걀|땅콩|새우|생선|조개류,난류(계란) 닭고기 땅콩 게 복숭아 토마토 새우 아황산류 고등어 호두 메밀 오징어 홍합 전복 굴 조개류 잣,false,F613350B722263AB60FE1D3410103622D1348285947731FFDD4358969BB21FF5
official-bon-bf104-540315,BON-BF104-540315,본도시락,순살치킨 소(케첩 포함),,,,,UNKNOWN,UNKNOWN,https://api.bonif.co.kr/brand/v1/menu/detail?brdCd=BF104&cmdtIdx=540315,2026-10-04,2026-09-29,franchise-quality-v1,OFFICIAL_MENU_DESCRIPTION_AND_BRAND_ALLERGEN_TABLE,,,false,CA2942AECDD8B86D7E57DC5E8547D1A4855984FE620AFD6F221B608BF2FD088F
official-bon-bf104-540316,BON-BF104-540316,본도시락,잔치 차림 한상,"흑미밥, 단호박 갈비찜, 오미산적, 4가지 한식반찬, 국 · 1 메뉴 특징 ​ ★풍성한 잔치 한 상★ 잔치 차림 한상 정성으로 재워낸 갈비찜부터 노릇한 전, 잡채까지 좋은 날(명절, 잔치, 생일)을 위한 풍성한 한 상 차림",단호박|흑미,난류(계란) 대두 밀 쇠고기 돼지고기 우유,달걀|대두|밀|우유,PARTIAL_DESCRIPTION,PARTIAL_DECLARATION,https://api.bonif.co.kr/brand/v1/menu/detail?brdCd=BF104&cmdtIdx=540316,2026-10-04,2026-09-29,franchise-quality-v1,OFFICIAL_MENU_DESCRIPTION_AND_BRAND_ALLERGEN_TABLE,게|견과류|땅콩|새우|생선|조개류,닭고기 땅콩 게 복숭아 토마토 새우 아황산류 고등어 호두 메밀 오징어 홍합 전복 굴 조개류 잣,false,01B00A68E5F1C4D713958B50837A8A6F8CFB40A7A54C7AC1E148192F21CE90A5
official-bon-bf104-540355,BON-BF104-540355,본도시락,크림새우 게살볶음밥,"통새우튀김(레몬크림마요소스), 눈꽃치즈 게살볶음밥 · 1 메뉴 특징 ​ ★가을 피크닉 도시락★ 크림새우 게살볶음밥 레몬크림 마요소스를 얹은 탱글한 통새우튀김과 고소한 치즈 더한 게살볶음밥으로 완성한 별미 한 끼",게살|레몬|새우|치즈|크림,난류(계란) 대두 밀 쇠고기 닭고기 우유 게 토마토 새우 아황산류 조개류,게|달걀|대두|밀|새우|우유|조개류,PARTIAL_DESCRIPTION,PARTIAL_DECLARATION,https://api.bonif.co.kr/brand/v1/menu/detail?brdCd=BF104&cmdtIdx=540355,2026-10-04,2026-09-29,franchise-quality-v1,OFFICIAL_MENU_DESCRIPTION_AND_BRAND_ALLERGEN_TABLE,견과류|땅콩|생선|조개류,돼지고기 땅콩 복숭아 고등어 호두 메밀 오징어 홍합 전복 굴 잣,false,54091F75CD4B3279764E0AB3D9D2B50BE5D65EE99413EAF796808BE8F08B7AB5
official-bon-bf104-540356,BON-BF104-540356,본도시락,허니간장 닭강정,갈릭 소이소스에 버무린 닭강정 · 1 메뉴 특징 ​ ★가을 피크닉 도시락★ 허니간장 닭강정 단짠단짠의 정석! 갈릭 소이소스에 버무려 자꾸만 손이 가는 닭강정,,대두 밀 쇠고기 닭고기 우유,대두|밀|우유,PARTIAL_DESCRIPTION,PARTIAL_DECLARATION,https://api.bonif.co.kr/brand/v1/menu/detail?brdCd=BF104&cmdtIdx=540356,2026-10-04,2026-09-29,franchise-quality-v1,OFFICIAL_MENU_DESCRIPTION_AND_BRAND_ALLERGEN_TABLE,게|견과류|달걀|땅콩|새우|생선|조개류,난류(계란) 돼지고기 땅콩 게 복숭아 토마토 새우 아황산류 고등어 호두 메밀 오징어 홍합 전복 굴 조개류 잣,false,C5EFC422B7A85C48E0D4FC2E529F801F292103AB12F08B333FABECD3AD4C0419
official-bon-bf104-540357,BON-BF104-540357,본도시락,모둠감자튀김,"웨지감자, 해시브라운, 일회용케첩 2ea · 1 메뉴 특징 ​ ★가을 피크닉 도시락★ 모둠감자튀김 감자 러버들 출동!! 웨지감자와 해시브라운을 함께 담아 바삭한 식감을 두 배로 즐기는 모둠감자튀김",감자,대두 토마토,대두,PARTIAL_DESCRIPTION,PARTIAL_DECLARATION,https://api.bonif.co.kr/brand/v1/menu/detail?brdCd=BF104&cmdtIdx=540357,2026-10-04,2026-09-29,franchise-quality-v1,OFFICIAL_MENU_DESCRIPTION_AND_BRAND_ALLERGEN_TABLE,,,false,73530E708BE3DFF92A99DE8C928921928B7F93BE24FB41B9FFA7C0516E48B44D
official-bon-bf104-540358,BON-BF104-540358,본도시락,치킨감자소시지,"순살치킨, 웨지감자, 토네이도 소시지, 일회용케첩 2ea · 1 메뉴 특징 ​ ★가을 피크닉 도시락★ 치킨감자소시지 우리 아이 입맛 저격! 순살치킨과 웨지감자, 토네이도 소시지를 한 번에 담아 어떤 취향이든 다 잡는 치킨감자소시지",감자|소시지,대두 밀 쇠고기 닭고기 돼지고기 우유 토마토,대두|밀|우유,PARTIAL_DESCRIPTION,PARTIAL_DECLARATION,https://api.bonif.co.kr/brand/v1/menu/detail?brdCd=BF104&cmdtIdx=540358,2026-10-04,2026-09-29,franchise-quality-v1,OFFICIAL_MENU_DESCRIPTION_AND_BRAND_ALLERGEN_TABLE,게|견과류|달걀|땅콩|새우|생선|조개류,난류(계란) 땅콩 게 복숭아 새우 아황산류 고등어 호두 메밀 오징어 홍합 전복 굴 조개류 잣,false,4DC93232663FE40EAF86DA807D6C88C8E78C18A1F9543F61DB96B8AEAA16F7B3
official-bon-bf105-539698,BON-BF105-539698,본설렁탕,한우사골 설렁탕,"열두 시간의 정성으로 우려낸 한우사골육수에 부드러운 사태를 듬뿍 더한 설렁탕 · 1 메뉴 특징 한우사골 설렁탕 12시간동안 끓여낸 100% 국내산 한우사골육수에 직접 삶은 고기를 듬뿍 넣은 진국설렁탕 · 2 식재료 이야기 열두 시간의 정성 한우사골육수 본설렁탕의 기본재료로 사용되는 사골육수는 한우사골과 한우 뼈를 어떠한 첨가물도 넣지 않고 열두 시간 동안 고온 고압으로 추출하여 잡내가 없이 깔끔하고 진한 맛이 일품입니다. 우리 땅에서 나고 자란 우리 쌀, 미호쌀 밥만 먹어도 맛있게, 우리 땅에서 나고 자라 더욱 신선하고 찰진 최고 품질의 미호쌀을 사용합니다.",쌀,대두 밀 쇠고기 닭고기 우유 새우 오징어 굴 조개류,대두|밀|새우|우유|조개류,PARTIAL_DESCRIPTION,CONFIRMED_LABEL,https://api.bonif.co.kr/brand/v1/menu/detail?brdCd=BF105&cmdtIdx=539698,2026-10-04,2026-08-10,franchise-quality-v1,OFFICIAL_MENU_DESCRIPTION_AND_BRAND_ALLERGEN_TABLE,게|견과류|달걀|땅콩|생선|조개류,난류(계란) 돼지고기 땅콩 게 복숭아 토마토 아황산류 고등어 호두 메밀 홍합 전복 잣,false,50FAB44AAC3C097BDD49820AB588B114B35964B76DC548CF71588C588B130894
official-bon-bf105-539699,BON-BF105-539699,본설렁탕,[고기곱빼기] 한우사골 설렁탕,"열두 시간의 정성으로 우려낸 한우사골육수에 부드러운 사태를 곱빼기로 듬뿍 더한 설렁탕 · 1 메뉴 특징 [고기곱빼기] 한우사골 설렁탕 12시간동안 끓여낸 100% 국내산 한우사골육수에 직접 삶은 고기를 듬뿍 넣은 진국설렁탕 · 2 식재료 이야기 열두 시간의 정성 한우사골육수 본설렁탕의 기본재료로 사용되는 사골육수는 한우사골과 한우 뼈를 어떠한 첨가물도 넣지 않고 열두 시간 동안 고온 고압으로 추출하여 잡내가 없이 깔끔하고 진한 맛이 일품입니다. 우리 땅에서 나고 자란 우리 쌀, 미호쌀 밥만 먹어도 맛있게, 우리 땅에서 나고 자라 더욱 신선하고 찰진 최고 품질의 미호쌀을 사용합니다.",쌀,,,PARTIAL_DESCRIPTION,UNKNOWN,https://api.bonif.co.kr/brand/v1/menu/detail?brdCd=BF105&cmdtIdx=539699,2026-10-04,2026-08-10,franchise-quality-v1,OFFICIAL_MENU_DESCRIPTION_AND_BRAND_ALLERGEN_TABLE,,,false,1B2DE2E75408B06FB00DD369F6E4A1A5E26FB44EA800D874F339B22F83C74F43
official-bon-bf105-539700,BON-BF105-539700,본설렁탕,한우사골 얼큰설렁탕,"한우사골육수에 청양고추의 특제양념을 더해 얼큰하고 칼칼한 맛이 일품인 설렁탕 · 1 메뉴 특징 한우사골 얼큰설렁탕 한우사골육수에 청양고추의 특제양념을 더해 얼큰하고 칼칼한 맛이 일품인 설렁탕 · 2 식재료 이야기 한우사골육수로 만든 매콤한 진한 육수 열두 시간의 정성으로 우려낸 한우사골육수에 청양고추와 특제 양념을 더하여 얼큰하면서도 부드러운 맛이 특별한 본설렁탕만의 육수 입니다. 본설렁탕의 기본재료로 사용되는 사골육수는 한우사골과 한우 뼈를 어떠한 첨가물도 넣지 않고 열두 시간 동안 고온 고압으로 추출하여 잡내가 없이 깔끔하고 진한 맛이 일품입니다. 우리 땅에서 나고 자란 우리 쌀, 미호쌀 밥만 먹어도 맛있게, 우리 땅에서 나고 자라 더욱 신선하고 찰진 최고 품질의 미호쌀을 사용합니다.",고추|쌀,대두 밀 쇠고기 닭고기 우유 새우 오징어 홍합 굴 조개류,대두|밀|새우|우유|조개류,PARTIAL_DESCRIPTION,CONFIRMED_LABEL,https://api.bonif.co.kr/brand/v1/menu/detail?brdCd=BF105&cmdtIdx=539700,2026-10-04,2026-08-10,franchise-quality-v1,OFFICIAL_MENU_DESCRIPTION_AND_BRAND_ALLERGEN_TABLE,게|견과류|달걀|땅콩|생선|조개류,난류(계란) 돼지고기 땅콩 게 복숭아 토마토 아황산류 고등어 호두 메밀 전복 잣,false,FDCA0E4B4DCE924E66372BA8C65B6E937EC290D25E2B5E1C93C270B5A28EA6D7
official-bon-bf105-539701,BON-BF105-539701,본설렁탕,[고기곱빼기] 한우사골 얼큰설렁탕,"한우사골육수에 청양고추의 특제양념을 더해 얼큰하고 칼칼한 맛이 일품인 설렁탕 · 1 메뉴 특징 [고기곱빼기] 한우사골 얼큰설렁탕 한우사골육수에 청양고추의 특제양념을 더해 얼큰하고 칼칼한 맛이 일품인 육수에 고기를 고빼기로 듬뿍 담은 설렁탕 · 2 식재료 이야기 한우사골육수로 만든 매콤한 진한 육수 열두 시간의 정성으로 우려낸 한우사골육수에 청양고추와 특제 양념을 더하여 얼큰하면서도 부드러운 맛이 특별한 본설렁탕만의 육수 입니다. 본설렁탕의 기본재료로 사용되는 사골육수는 한우사골과 한우 뼈를 어떠한 첨가물도 넣지 않고 열두 시간 동안 고온 고압으로 추출하여 잡내가 없이 깔끔하고 진한 맛이 일품입니다. 우리 땅에서 나고 자란 우리 쌀, 미호쌀 밥만 먹어도 맛있게, 우리 땅에서 나고 자라 더욱 신선하고 찰진 최고 품질의 미호쌀을 사용합니다.",고추|쌀,,,PARTIAL_DESCRIPTION,UNKNOWN,https://api.bonif.co.kr/brand/v1/menu/detail?brdCd=BF105&cmdtIdx=539701,2026-10-04,2026-08-10,franchise-quality-v1,OFFICIAL_MENU_DESCRIPTION_AND_BRAND_ALLERGEN_TABLE,,,false,42BFE74855B15FDCD69B2DED1952C1C66DAA1016A7BCD72FD0CD81639F36A55C
official-bon-bf105-539705,BON-BF105-539705,본설렁탕,토종순대국밥,"토종순대와 고기를 듬뿍 넣은 푸짐한 순대국밥 · 1 메뉴 특징 토종순대국밥 큼지막한 속이 꽉 찬 토종순대와 고기를 듬뿍 넣어 맛도 양도 푸짐하고 든든한 순대국밥 · 2 식재료 이야기 부드럽고 속이 꽉 찬 야채순대 야채와 고기 등 다양한 재료를 가득 담아 식감이 좋고 풍미가 좋은 프리미엄 순대 한우사골육수와 만나면 더욱 깊어지는 특별한 맛을 만나보세요 열두 시간의 정성 한우사골육수 본설렁탕의 기본재료로 사용되는 사골육수는 한우사골과 한우 뼈를 어떠한 첨가물도 넣지 않고 열두 시간 동안 고온 고압으로 추출하여 잡내가 없이 깔끔하고 진한 맛이 일품입니다. 우리 땅에서 나고 자란 우리 쌀, 미호쌀 밥만 먹어도 맛있게, 우리 땅에서 나고 자라 더욱 신선하고 찰진 최고 품질의 미호쌀을 사용합니다.",쌀,대두 밀 쇠고기 닭고기 돼지고기 새우 아황산류 오징어,대두|밀|새우,PARTIAL_DESCRIPTION,CONFIRMED_LABEL,https://api.bonif.co.kr/brand/v1/menu/detail?brdCd=BF105&cmdtIdx=539705,2026-10-04,2026-08-10,franchise-quality-v1,OFFICIAL_MENU_DESCRIPTION_AND_BRAND_ALLERGEN_TABLE,게|견과류|달걀|땅콩|생선|우유|조개류,난류(계란) 땅콩 우유 게 복숭아 토마토 고등어 호두 메밀 홍합 전복 굴 조개류 잣,false,1C75E3ED1AD31358E28B3F682F1E07FC164D3747AABF67B7F8DECA279E38D4DC
official-bon-bf105-539706,BON-BF105-539706,본설렁탕,얼큰순대국밥,"얼큰함을 더한 한우사골육수에 토종순대와 고기를 듬뿍 넣은 순대국밥 · 1 메뉴 특징 얼큰순대국밥 진한 육수에 청양고추 특제양념을 넣어 얼큰한 육수와 큼지막한 속이 꽉 찬 토종순대와 고기를 듬뿍 넣어 맛도 양도 푸짐하고 든든한 순대국밥 · 2 식재료 이야기 부드럽고 속이 꽉 찬 야채순대 야채와 고기 등 다양한 재료를 가득 담아 식감이 좋고 풍미가 좋은 프리미엄 순대 한우사골육수와 만나면 더욱 깊어지는 특별한 맛을 만나보세요 열두 시간의 정성 한우사골육수 본설렁탕의 기본재료로 사용되는 사골육수는 한우사골과 한우 뼈를 어떠한 첨가물도 넣지 않고 열두 시간 동안 고온 고압으로 추출하여 잡내가 없이 깔끔하고 진한 맛이 일품입니다. 우리 땅에서 나고 자란 우리 쌀, 미호쌀 밥만 먹어도 맛있게, 우리 땅에서 나고 자라 더욱 신선하고 찰진 최고 품질의 미호쌀을 사용합니다.",고추|쌀,대두 밀 쇠고기 닭고기 돼지고기 우유 새우 아황산류 오징어 홍합 굴 조개류,대두|밀|새우|우유|조개류,PARTIAL_DESCRIPTION,CONFIRMED_LABEL,https://api.bonif.co.kr/brand/v1/menu/detail?brdCd=BF105&cmdtIdx=539706,2026-10-04,2026-08-10,franchise-quality-v1,OFFICIAL_MENU_DESCRIPTION_AND_BRAND_ALLERGEN_TABLE,게|견과류|달걀|땅콩|생선|조개류,난류(계란) 땅콩 게 복숭아 토마토 고등어 호두 메밀 전복 잣,false,09F79FEC2DBA719C7C107358040E8C78306B8CC1885CF66F8F4275745464B8F2
official-bon-bf105-539707,BON-BF105-539707,본설렁탕,한우사골 떡만두설렁탕,"촉촉한 육즙의 만두와 쫄깃한 떡을 한우사골육수로 끓여낸 떡만두설렁탕 · 1 메뉴 특징 한우사골 떡만두설렁탕 촉촉한 육즙의 왕만두와 쫄깃한 떡을 순백의 진한 한우사골육수로 끓여낸 특별한 만둣국 (*미니공깃밥 제공) · 2 식재료 이야기 풍성한 육즙의 만두 좋은 재료와 정성으로 만들어 설렁탕과 가장 잘 어울리는 만두를 만들었습니다. 입안 가득 퍼지는 만두의 풍성한 육즙과 감칠맛이 한우사골육수와 어우러져 특별한 맛을 완성합니다. 열두 시간의 정성 한우사골육수 본설렁탕의 기본재료로 사용되는 사골육수는 한우사골과 한우 뼈를 어떠한 첨가물도 넣지 않고 열두 시간 동안 고온 고압으로 추출하여 잡내가 없이 깔끔하고 진한 맛이 일품입니다. 우리 땅에서 나고 자란 우리 쌀, 미호쌀 밥만 먹어도 맛있게, 우리 땅에서 나고 자라 더욱 신선하고 찰진 최고 품질의 미호쌀을 사용합니다.",쌀,난류(계란) 대두 밀 쇠고기 닭고기 돼지고기 우유 새우 오징어 굴 조개류,달걀|대두|밀|새우|우유|조개류,PARTIAL_DESCRIPTION,CONFIRMED_LABEL,https://api.bonif.co.kr/brand/v1/menu/detail?brdCd=BF105&cmdtIdx=539707,2026-10-04,2026-08-10,franchise-quality-v1,OFFICIAL_MENU_DESCRIPTION_AND_BRAND_ALLERGEN_TABLE,게|견과류|땅콩|생선|조개류,땅콩 게 복숭아 토마토 아황산류 고등어 호두 메밀 홍합 전복 잣,false,85C764C615AEF4B7BBC27547A0865DC2C6C3AE18E06FEA58A2B15E77D82CF27A
official-bon-bf105-539708,BON-BF105-539708,본설렁탕,한우사골 얼큰떡만두설렁탕,"청양고추 특제양념을 넣어 얼큰한 떡만두설렁탕 · 1 메뉴 특징 한우사골 얼큰떡만두설렁탕 촉촉한 육즙의 왕만두와 쫄깃한 떡을 청양고추 특제양념을 넣어 한우사골육수로 끓여낸 푸짐하고 얼큰한 만둣국 (*미니공깃밥 제공) · 2 식재료 이야기 풍성한 육즙의 만두 좋은 재료와 정성으로 만들어 설렁탕과 가장 잘 어울리는 만두를 만들었습니다. 입안 가득 퍼지는 만두의 풍성한 육즙과 감칠맛이 한우사골육수와 어우러져 특별한 맛을 완성합니다. 한우사골육수로 만든 매콤한 진한 육수 열두 시간의 정성으로 우려낸 한우사골육수에 청양고추와 특제 양념을 더하여 얼큰하면서도 부드러운 맛이 특별한 본설렁탕만의 육수 입니다. 본설렁탕의 기본재료로 사용되는 사골육수는 한우사골과 한우 뼈를 어떠한 첨가물도 넣지 않고 열두 시간 동안 고온 고압으로 추출하여 잡내가 없이 깔끔하고 진한 맛이 일품입니다 우리 땅에서 나고 자란 우리 쌀, 미호쌀 밥만 먹어도 맛있게, 우리 땅에서 나고 자라 더욱 신선하고 찰진 최고 품질의 미호쌀을 사용합니다.",고추|쌀,난류(계란) 대두 밀 쇠고기 닭고기 돼지고기 우유 새우 오징어 홍합 굴 조개류,달걀|대두|밀|새우|우유|조개류,PARTIAL_DESCRIPTION,CONFIRMED_LABEL,https://api.bonif.co.kr/brand/v1/menu/detail?brdCd=BF105&cmdtIdx=539708,2026-10-04,2026-08-10,franchise-quality-v1,OFFICIAL_MENU_DESCRIPTION_AND_BRAND_ALLERGEN_TABLE,게|견과류|땅콩|생선|조개류,땅콩 게 복숭아 토마토 아황산류 고등어 호두 메밀 전복 잣,false,687A27B2AC23C92EDD391EA1CC40C5A0E8A2F0BCBEB67E87D405C54A98E57120
official-bon-bf105-539710,BON-BF105-539710,본설렁탕,한우사골 설렁탕+미니모둠수육,"100% 국내산 한우사골육수로 만든 진한 설렁탕과 모둠수육을 한번에 즐기는 힘이 되는 수육정식 · 1 메뉴 특징 한우사골 설렁탕+미니모둠수육 12시간동안 끓여낸 100% 국내산 한우사골육수에 직접 삶은 고기를 듬뿍 넣은 진국설렁탕과 부드럽고 촉촉한 순대와 수육을 숙주와 함께 곁들여 더 든든하게 먹는 1인 수육정식 · 2 식재료 이야기 열두 시간의 정성 한우사골육수 본설렁탕의 기본재료로 사용되는 사골육수는 한우사골과 한우 뼈를 어떠한 첨가물도 넣지 않고 열두 시간 동안 고온 고압으로 추출하여 잡내가 없이 깔끔하고 진한 맛이 일품입니다. 우리 땅에서 나고 자란 우리 쌀, 미호쌀 밥만 먹어도 맛있게, 우리 땅에서 나고 자라 더욱 신선하고 찰진 최고 품질의 미호쌀을 사용합니다.",수육|숙주|쌀,,,PARTIAL_DESCRIPTION,UNKNOWN,https://api.bonif.co.kr/brand/v1/menu/detail?brdCd=BF105&cmdtIdx=539710,2026-10-04,2026-08-10,franchise-quality-v1,OFFICIAL_MENU_DESCRIPTION_AND_BRAND_ALLERGEN_TABLE,,,false,A68481072163AA013EC89F7612A56078BE4E5821CBF2B74BA4D8CFEB46DBB818
official-bon-bf105-539711,BON-BF105-539711,본설렁탕,[고기곱빼기]설렁탕+미니모둠수육,"고기를 듬뿍 담아낸 특설렁탕과 모둠수육을 한번에 즐기는 힘이 되는 수육정식 · 1 메뉴 특징 [고기곱빼기]한우사골 설렁탕 +미니모둠수육 12시간동안 끓여낸 100% 국내산 한우사골육수에 직접 삶은 고기를 듬뿍 넣은 진국설렁탕과 부드럽고 촉촉한 순대와 수육을 숙주와 함께 곁들여 더 든든하게 먹는 1인 수육정식 · 2 식재료 이야기 열두 시간의 정성 한우사골육수 본설렁탕의 기본재료로 사용되는 사골육수는 한우사골과 한우 뼈를 어떠한 첨가물도 넣지 않고 열두 시간 동안 고온 고압으로 추출하여 잡내가 없이 깔끔하고 진한 맛이 일품입니다. 우리 땅에서 나고 자란 우리 쌀, 미호쌀 밥만 먹어도 맛있게, 우리 땅에서 나고 자라 더욱 신선하고 찰진 최고 품질의 미호쌀을 사용합니다.",수육|숙주|쌀,,,PARTIAL_DESCRIPTION,UNKNOWN,https://api.bonif.co.kr/brand/v1/menu/detail?brdCd=BF105&cmdtIdx=539711,2026-10-04,2026-08-10,franchise-quality-v1,OFFICIAL_MENU_DESCRIPTION_AND_BRAND_ALLERGEN_TABLE,,,false,32B13EE1C733E02C85352977A60C54E270603327D2F57FFC7DB6DB0A3A2E3FC7
official-bon-bf105-539712,BON-BF105-539712,본설렁탕,얼큰설렁탕+미니모둠수육,"한우사골육수에 특제양념을 더해 얼큰한 설렁탕과 모둠수육을 한번에 즐기는 힘이 되는 수육정식 · 1 메뉴 특징 한우사골 얼큰설렁탕 +미니모둠수육 한우사골육수에 청양고추의 특제양념을 더해 얼큰하고 칼칼한 맛이 일품인 설렁탕과 부드럽고 촉촉한 순대와 수육을 숙주와 함께 곁들여 더 든든하게 먹는 1인 수육정식 · 2 식재료 이야기 한우사골육수로 만든 매콤한 진한 육수 열두 시간의 정성으로 우려낸 한우사골육수에 청양고추와 특제 양념을 더하여 얼큰하면서도 부드러운 맛이 특별한 본설렁탕만의 육수 입니다. 본설렁탕의 기본재료로 사용되는 사골육수는 한우사골과 한우 뼈를 어떠한 첨가물도 넣지 않고 열두 시간 동안 고온 고압으로 추출하여 잡내가 없이 깔끔하고 진한 맛이 일품입니다. 우리 땅에서 나고 자란 우리 쌀, 미호쌀 밥만 먹어도 맛있게, 우리 땅에서 나고 자라 더욱 신선하고 찰진 최고 품질의 미호쌀을 사용합니다.",고추|수육|숙주|쌀,,,PARTIAL_DESCRIPTION,UNKNOWN,https://api.bonif.co.kr/brand/v1/menu/detail?brdCd=BF105&cmdtIdx=539712,2026-10-04,2026-08-10,franchise-quality-v1,OFFICIAL_MENU_DESCRIPTION_AND_BRAND_ALLERGEN_TABLE,,,false,B6115211F4E3EC50FD2796D1F45841D27A62A418491566C129FABFA95D016D1A
official-bon-bf105-539713,BON-BF105-539713,본설렁탕,[고기곱빼기]얼큰설렁탕+미니사태수육,"고기를 듬뿍 담아낸 얼클설렁탕에 모둠수육을 한번에 즐기는 힘이 되는 수육정식 · 1 메뉴 특징 [고기곱빼기] 한우사골 얼큰설렁탕 한우사골육수에 청양고추의 특제양념을 더해 얼큰하고 칼칼한 맛이 일품인 육수에 고기를 고빼기로 듬뿍 담은 설렁탕 · 2 식재료 이야기 한우사골육수로 만든 매콤한 진한 육수 열두 시간의 정성으로 우려낸 한우사골육수에 청양고추와 특제 양념을 더하여 얼큰하면서도 부드러운 맛이 특별한 본설렁탕만의 육수 입니다. 본설렁탕의 기본재료로 사용되는 사골육수는 한우사골과 한우 뼈를 어떠한 첨가물도 넣지 않고 열두 시간 동안 고온 고압으로 추출하여 잡내가 없이 깔끔하고 진한 맛이 일품입니다. 우리 땅에서 나고 자란 우리 쌀, 미호쌀 밥만 먹어도 맛있게, 우리 땅에서 나고 자라 더욱 신선하고 찰진 최고 품질의 미호쌀을 사용합니다.",고추|수육|쌀,,,PARTIAL_DESCRIPTION,UNKNOWN,https://api.bonif.co.kr/brand/v1/menu/detail?brdCd=BF105&cmdtIdx=539713,2026-10-04,2026-08-10,franchise-quality-v1,OFFICIAL_MENU_DESCRIPTION_AND_BRAND_ALLERGEN_TABLE,,,false,8D1946B5892E39A4C1AC89A0C6BBCCD73819150374C41D56AF9842F18B00ABA2
official-bon-bf105-539717,BON-BF105-539717,본설렁탕,토종순대국밥+미니모둠수육,"푸짐하고 든든한 순대국밥과 모둠수육을 한번에 즐기는 힘이 되는 수육정식 · 1 메뉴 특징 토종순대국밥 +미니모둠수육 한우사골육수에 큼지막한 속이 꽉 찬 토종순대와 고기를 듬뿍 넣어 맛도 양도 푸짐하고 든든한 순대국밥과 부드럽고 촉촉한 순대와 수육을 숙주와 함께 곁들여 더 든든하게 먹는 1인 수육정식 · 2 식재료 이야기 부드럽고 속이 꽉 찬 야채순대 야채와 고기 등 다양한 재료를 가득 담아 식감이 좋고 풍미가 좋은 프리미엄 순대 한우사골육수와 만나면 더욱 깊어지는 특별한 맛을 만나보세요 열두 시간의 정성 한우사골육수 본설렁탕의 기본재료로 사용되는 사골육수는 한우사골과 한우 뼈를 어떠한 첨가물도 넣지 않고 열두 시간 동안 고온 고압으로 추출하여 잡내가 없이 깔끔하고 진한 맛이 일품입니다. 우리 땅에서 나고 자란 우리 쌀, 미호쌀 밥만 먹어도 맛있게, 우리 땅에서 나고 자라 더욱 신선하고 찰진 최고 품질의 미호쌀을 사용합니다.",수육|숙주|쌀,,,PARTIAL_DESCRIPTION,UNKNOWN,https://api.bonif.co.kr/brand/v1/menu/detail?brdCd=BF105&cmdtIdx=539717,2026-10-04,2026-08-10,franchise-quality-v1,OFFICIAL_MENU_DESCRIPTION_AND_BRAND_ALLERGEN_TABLE,,,false,3DDE789042B11014F9AD977CC942FE5B5353E341585BFEAEA8780B71D2776A9F
official-bon-bf105-539718,BON-BF105-539718,본설렁탕,얼큰순대국밥+미니모둠수육,"얼큰함을 더한 순대국밥과 모둠수육을 한번에 즐기는 힘이 되는 수육정식 · 1 메뉴 특징 얼큰순대국밥 +미니모둠수육 한우사골육수에 청양고추 특제양념을 넣어 얼큰한 육수와 큼지막한 속이 꽉 찬 토종순대와 고기를 듬뿍 넣어 맛도 양도 푸짐하고 든든한 순대국밥과 부드럽고 촉촉한 순대와 수육을 숙주와 함께 곁들여 더 든든하게 먹는 1인 수육정식 · 2 식재료 이야기 부드럽고 속이 꽉 찬 야채순대 야채와 고기 등 다양한 재료를 가득 담아 식감이 좋고 풍미가 좋은 프리미엄 순대 한우사골육수와 만나면 더욱 깊어지는 특별한 맛을 만나보세요 열두 시간의 정성 한우사골육수 본설렁탕의 기본재료로 사용되는 사골육수는 한우사골과 한우 뼈를 어떠한 첨가물도 넣지 않고 열두 시간 동안 고온 고압으로 추출하여 잡내가 없이 깔끔하고 진한 맛이 일품입니다. 우리 땅에서 나고 자란 우리 쌀, 미호쌀 밥만 먹어도 맛있게, 우리 땅에서 나고 자라 더욱 신선하고 찰진 최고 품질의 미호쌀을 사용합니다.",고추|수육|숙주|쌀,,,PARTIAL_DESCRIPTION,UNKNOWN,https://api.bonif.co.kr/brand/v1/menu/detail?brdCd=BF105&cmdtIdx=539718,2026-10-04,2026-08-10,franchise-quality-v1,OFFICIAL_MENU_DESCRIPTION_AND_BRAND_ALLERGEN_TABLE,,,false,1A18679022225420BABF31AAD440BBC63601081235FC6D65615492BE6A5BD206
official-bon-bf105-539719,BON-BF105-539719,본설렁탕,얼큰떡만두설렁탕+미니모둠수육,"얼큰한 떡만두설렁탕과 미니모둠수육을 한번에 즐기는 힘이 되는 수육정식 · 1 메뉴 특징 얼큰떡만두설렁탕 +미니모둠수육 촉촉한 육즙의 왕만두와 쫄깃한 떡을 얼큰한 한우사골육수로 끓여낸 특별한 만둣국과 미니모둠수육(1인)을 한번에 즐기는 든든 조합 (*미니공깃밥 제공) · 2 식재료 이야기 풍성한 육즙의 만두 좋은 재료와 정성으로 만들어 설렁탕과 가장 잘 어울리는 만두를 만들었습니다. 입안 가득 퍼지는 만두의 풍성한 육즙과 감칠맛이 한우사골육수와 어우러져 특별한 맛을 완성합니다. 한우사골육수로 만든 매콤한 진한 육수 열두 시간의 정성으로 우려낸 한우사골육수에 청양고추와 특제 양념을 더하여 얼큰하면서도 부드러운 맛이 특별한 본설렁탕만의 육수 입니다. 본설렁탕의 기본재료로 사용되는 사골육수는 한우사골과 한우 뼈를 어떠한 첨가물도 넣지 않고 열두 시간 동안 고온 고압으로 추출하여 잡내가 없이 깔끔하고 진한 맛이 일품입니다. 우리 땅에서 나고 자란 우리 쌀, 미호쌀 밥만 먹어도 맛있게, 우리 땅에서 나고 자라 더욱 신선하고 찰진 최고 품질의 미호쌀을 사용합니다.",고추|수육|쌀,,,PARTIAL_DESCRIPTION,UNKNOWN,https://api.bonif.co.kr/brand/v1/menu/detail?brdCd=BF105&cmdtIdx=539719,2026-10-04,2026-08-10,franchise-quality-v1,OFFICIAL_MENU_DESCRIPTION_AND_BRAND_ALLERGEN_TABLE,,,false,5B44DA13CBB147E74FF1A59152AC53C334003F0147CB4455A1586BEFD345BC8B
official-bon-bf105-539720,BON-BF105-539720,본설렁탕,떡만두설렁탕+미니모둠수육,"촉촉한 육즙의 만두와 쫄깃한 떡을 넣은 떡만두설렁탕과 미니모둠수육을 한번에 즐기는 힘이 되는 수육정식 · 1 메뉴 특징 떡만두설렁탕 +미니모둠수육 촉촉한 육즙의 왕만두와 쫄깃한 떡을 순백의 진한 한우사골육수로 끓여낸 특별한 만둣국과 미니모둠수육(1인)을 한번에 즐기는 든든 조합 (*미니공깃밥 제공) · 2 식재료 이야기 풍성한 육즙의 만두 좋은 재료와 정성으로 만들어 설렁탕과 가장 잘 어울리는 만두를 만들었습니다. 입안 가득 퍼지는 만두의 풍성한 육즙과 감칠맛이 한우사골육수와 어우러져 특별한 맛을 완성합니다. 열두 시간의 정성 한우사골육수 본설렁탕의 기본재료로 사용되는 사골육수는 한우사골과 한우 뼈를 어떠한 첨가물도 넣지 않고 열두 시간 동안 고온 고압으로 추출하여 잡내가 없이 깔끔하고 진한 맛이 일품입니다. 우리 땅에서 나고 자란 우리 쌀, 미호쌀 밥만 먹어도 맛있게, 우리 땅에서 나고 자라 더욱 신선하고 찰진 최고 품질의 미호쌀을 사용합니다.",수육|쌀,,,PARTIAL_DESCRIPTION,UNKNOWN,https://api.bonif.co.kr/brand/v1/menu/detail?brdCd=BF105&cmdtIdx=539720,2026-10-04,2026-08-10,franchise-quality-v1,OFFICIAL_MENU_DESCRIPTION_AND_BRAND_ALLERGEN_TABLE,,,false,5F0D24C856AC3B0B95F0C36611FD587A315089D9B7CF5CF3E121CE6C7E8FCCD7
official-bon-bf105-539722,BON-BF105-539722,본설렁탕,미니모둠수육,설렁탕/국밥과 함께 곁들여 더 든든한 미니모둠수육정식 · 1 메뉴 특징 미니모둠수육 부드럽고 촉촉한 순대와 돼지수육을 숙주와 함께 곁들여 더 든든하게 먹는 1인 수육정식,수육|숙주,,,PARTIAL_DESCRIPTION,UNKNOWN,https://api.bonif.co.kr/brand/v1/menu/detail?brdCd=BF105&cmdtIdx=539722,2026-10-04,2026-08-10,franchise-quality-v1,OFFICIAL_MENU_DESCRIPTION_AND_BRAND_ALLERGEN_TABLE,,,false,1D64DBDE27282DFAA5BDB111DED0FD799A8CD8DC8D285C8ACB7ACBC802F87105
official-bon-bf105-539723,BON-BF105-539723,본설렁탕,미나리수육전골,모듬야채와 칼국수 사리가 기본으로 제공되는 미나리 수육전골 · 1 메뉴 특징 미나리 수육전골 [모듬야채+칼국수 사리 기본 제공] 부드러운 수육을 팔팔 끓여낸 한우사골육수와 향긋한 미나리와 모듬 야채를 곁들여 촉촉~하게 즐기는 수육전골 (*추가 조리 필요),미나리|수육,대두 밀 쇠고기 닭고기 우유 새우 오징어 굴 조개류,대두|밀|새우|우유|조개류,PARTIAL_DESCRIPTION,CONFIRMED_LABEL,https://api.bonif.co.kr/brand/v1/menu/detail?brdCd=BF105&cmdtIdx=539723,2026-10-04,2026-08-10,franchise-quality-v1,OFFICIAL_MENU_DESCRIPTION_AND_BRAND_ALLERGEN_TABLE,게|견과류|달걀|땅콩|생선|조개류,난류(계란) 돼지고기 땅콩 게 복숭아 토마토 아황산류 고등어 호두 메밀 홍합 전복 잣,false,BC3FB5E1FEB52EE97A2C20D94573DC917BCF61340EBE496864A35F612FFAAE38
official-bon-bf105-539724,BON-BF105-539724,본설렁탕,고기왕만두(3개),"먹는 순간 육즙 폭발! 돼지고기로 속을 꽉 채운 푸짐한 왕만두 · 1 메뉴 특징 부드럽고 푸짐한 고기왕만두 얇은 만두피 속에 두부, 애호박, 돼지고기를 가득 담아 빚어 속을 꽉 채운 푸짐한 왕만두",돼지고기|두부|애호박,,,PARTIAL_DESCRIPTION,UNKNOWN,https://api.bonif.co.kr/brand/v1/menu/detail?brdCd=BF105&cmdtIdx=539724,2026-10-04,2026-08-10,franchise-quality-v1,OFFICIAL_MENU_DESCRIPTION_AND_BRAND_ALLERGEN_TABLE,,,false,A2D34A8873B87F618456C0FFB634A71FD368EC3F71E2BBB7FD18068588325EEE
official-bon-bf105-539821,BON-BF105-539821,본설렁탕,돼지수육국밥,진~한 육수에 두툼한 돼지수육을 듬뿍 넣어 푸짐한 국밥 · 1 메뉴 특징 돼지수육국밥 깊고 진한 육수에 두툼하고 야들야들한 돼지수육을 듬뿍 넣어 푸짐한 국밥 ※ 매장별로 판매되는 메뉴와 판매금액은 상이할 수 있습니다. 매장에 직접 문의 부탁드립니다. · 2 식재료 이야기 호남평야의 기운을 담은 고슬고슬한 밥 호남평야의 기운을 담은 명품 신동진 쌀로 지은 고슬고슬한 밥 설렁탕과 가장 잘 어울리는 음식입니다.,밥|수육,대두 밀 쇠고기 닭고기 돼지고기 새우 오징어,대두|밀|새우,PARTIAL_DESCRIPTION,CONFIRMED_LABEL,https://api.bonif.co.kr/brand/v1/menu/detail?brdCd=BF105&cmdtIdx=539821,2026-10-04,2026-08-10,franchise-quality-v1,OFFICIAL_MENU_DESCRIPTION_AND_BRAND_ALLERGEN_TABLE,게|견과류|달걀|땅콩|생선|우유|조개류,난류(계란) 땅콩 우유 게 복숭아 토마토 아황산류 고등어 호두 메밀 홍합 전복 굴 조개류 잣,false,915F45088C02D809BA60FFB813D9F197178AF1191EF32C6E7527A2E2B4B47F7F
official-bon-bf105-539823,BON-BF105-539823,본설렁탕,한우사골 나주식곰탕,직접 삶은 수육을 푸짐하게 담은 나주식 곰탕 · 1 메뉴 특징 한우사골 나주식곰탕 직접 삶은 수육을 넣고 맑게 끓여내고 국내산 100% 한우사골육수로 깊은 맛을 더한 나주식 곰탕 ※ 매장별로 판매되는 메뉴와 판매금액은 상이할 수 있습니다. 매장에 직접 문의 부탁드립니다. · 2 식재료 이야기 호남평야의 기운을 담은 고슬고슬한 밥 호남평야의 기운을 담은 명품 신동진 쌀로 지은 고슬고슬한 밥 설렁탕과 가장 잘 어울리는 음식입니다.,밥|수육,난류(계란) 대두 밀 쇠고기 닭고기 돼지고기 우유 새우 오징어 굴 조개류,달걀|대두|밀|새우|우유|조개류,PARTIAL_DESCRIPTION,CONFIRMED_LABEL,https://api.bonif.co.kr/brand/v1/menu/detail?brdCd=BF105&cmdtIdx=539823,2026-10-04,2026-08-10,franchise-quality-v1,OFFICIAL_MENU_DESCRIPTION_AND_BRAND_ALLERGEN_TABLE,게|견과류|땅콩|생선|조개류,땅콩 게 복숭아 토마토 아황산류 고등어 호두 메밀 홍합 전복 잣,false,D041D146857F713767644D769F6E705EE1F1F68E658305FE1EE1D41CD497A09A
official-bon-bf105-539825,BON-BF105-539825,본설렁탕,돼지수육국밥+미니모둠수육,한우사골 돼지수육국밥과 미니모둠수육을 한번에 즐기는 힘이 되는 수육정식 · 1 메뉴 특징 돼지수육국밥+미니모둠수육 12시간 동안 끓여낸 한우사골육수에 두툼하고 야들야들한 돼지수육을 듬뿍 넣어 푸짐한 국밥과 미니모둠수육(1인)을 한번에 즐기는 든든 조합 ※ 매장별로 판매되는 메뉴와 판매금액은 상이할 수 있습니다. 매장에 직접 문의 부탁드립니다. · 2 식재료 이야기 호남평야의 기운을 담은 고슬고슬한 밥 호남평야의 기운을 담은 명품 신동진 쌀로 지은 고슬고슬한 밥 설렁탕과 가장 잘 어울리는 음식입니다.,밥|수육,,,PARTIAL_DESCRIPTION,UNKNOWN,https://api.bonif.co.kr/brand/v1/menu/detail?brdCd=BF105&cmdtIdx=539825,2026-10-04,2026-08-10,franchise-quality-v1,OFFICIAL_MENU_DESCRIPTION_AND_BRAND_ALLERGEN_TABLE,,,false,D577B6F372F949533F40B4F23195B6A26CE47C0A182B110400CC034CC5704741
official-bon-bf105-539827,BON-BF105-539827,본설렁탕,나주식곰탕+미니모둠수육,한우사골 나주식곰탕과 미니모둠수육을 한번에 즐기는 힘이 되는 수육정식 · 1 메뉴 특징 나주식곰탕+미니모둠수육 직접 삶은 수육을 넣고 맑게 끓여내고 국내산 100% 한우사골육수로 깊은 맛을 더한 나주식 곰탕과 미니모둠수육(1인)을 한번에 즐기는 든든 조합 ※ 매장별로 판매되는 메뉴와 판매금액은 상이할 수 있습니다. 매장에 직접 문의 부탁드립니다. · 2 식재료 이야기 호남평야의 기운을 담은 고슬고슬한 밥 호남평야의 기운을 담은 명품 신동진 쌀로 지은 고슬고슬한 밥 설렁탕과 가장 잘 어울리는 음식입니다.,밥|수육,,,PARTIAL_DESCRIPTION,UNKNOWN,https://api.bonif.co.kr/brand/v1/menu/detail?brdCd=BF105&cmdtIdx=539827,2026-10-04,2026-08-10,franchise-quality-v1,OFFICIAL_MENU_DESCRIPTION_AND_BRAND_ALLERGEN_TABLE,,,false,194BC3731257BA08DC90D71207FC7A24AAEDEE2C19A3CBC2395A137E0C5E4ED7
official-bon-bf105-539828,BON-BF105-539828,본설렁탕,철판 오징어볶음,불향 가득 매콤하게 볶은 오징어볶음과 소면을 함께 곁들여 먹는 별미 안주 · 1 메뉴 특징 철판 오징어볶음 통통한 오징어를 불향 가득 매콤하게 뜨거운 철판에 볶아 소면과 함께 곁들여 먹는 별미 안주 ※ 매장별로 판매되는 메뉴와 판매금액은 상이할 수 있습니다. 매장에 직접 문의 부탁드립니다. · 2 식재료 이야기 호남평야의 기운을 담은 고슬고슬한 밥 호남평야의 기운을 담은 명품 신동진 쌀로 지은 고슬고슬한 밥 설렁탕과 가장 잘 어울리는 음식입니다.,밥|오징어,대두 밀 쇠고기 우유 게 새우 오징어 홍합 굴 조개류,게|대두|밀|새우|우유|조개류,PARTIAL_DESCRIPTION,CONFIRMED_LABEL,https://api.bonif.co.kr/brand/v1/menu/detail?brdCd=BF105&cmdtIdx=539828,2026-10-04,2026-08-10,franchise-quality-v1,OFFICIAL_MENU_DESCRIPTION_AND_BRAND_ALLERGEN_TABLE,견과류|달걀|땅콩|생선|조개류,난류(계란) 닭고기 돼지고기 땅콩 복숭아 토마토 아황산류 고등어 호두 메밀 전복 잣,false,A97495E4CF0145E5417CEFAE6FDD92D5C1398D1F3150DEE3A582B4879818FA3C
official-bon-bf105-539867,BON-BF105-539867,본설렁탕,물냉면,[이열치냉] 무더위엔 역시! 물냉면 · 1 메뉴 특징 이열치냉! 물냉면 살얼음 동-동! 더위 날리는 시원한 육수에 수육을 올린 쫄깃한 면발의 물냉면 ※ 매장별로 판매되는 메뉴와 판매금액은 상이할 수 있습니다. 매장에 직접 문의 부탁드립니다.,수육,난류(계란) 대두 밀 쇠고기 우유 아황산류 메밀,달걀|대두|밀|우유,PARTIAL_DESCRIPTION,CONFIRMED_LABEL,https://api.bonif.co.kr/brand/v1/menu/detail?brdCd=BF105&cmdtIdx=539867,2026-10-04,2026-08-10,franchise-quality-v1,OFFICIAL_MENU_DESCRIPTION_AND_BRAND_ALLERGEN_TABLE,게|견과류|땅콩|새우|생선|조개류,닭고기 돼지고기 땅콩 게 복숭아 토마토 새우 고등어 호두 오징어 홍합 전복 굴 조개류 잣,false,BDEDD5AFCB49FCA690060851D2DCB78E33DA76E7CD4351892DF1EE7D430F7093
official-bon-bf105-539868,BON-BF105-539868,본설렁탕,비빔냉면,"[이열치냉] 무더위에 입맛 살리는! 매콤새콤 비빔냉면 · 1 메뉴 특징 감칠맛 제대로! 비빔냉면 쫄깃한 면발의 칡냉면에 수육을 올려, 매콤새콤! 비법양념장과 비벼 감칠맛을 더한 비빔냉면 ※ 매장별로 판매되는 메뉴와 판매금액은 상이할 수 있습니다. 매장에 직접 문의 부탁드립니다.",수육,난류(계란) 대두 밀 쇠고기 우유 아황산류 메밀,달걀|대두|밀|우유,PARTIAL_DESCRIPTION,CONFIRMED_LABEL,https://api.bonif.co.kr/brand/v1/menu/detail?brdCd=BF105&cmdtIdx=539868,2026-10-04,2026-08-10,franchise-quality-v1,OFFICIAL_MENU_DESCRIPTION_AND_BRAND_ALLERGEN_TABLE,게|견과류|땅콩|새우|생선|조개류,닭고기 돼지고기 땅콩 게 복숭아 토마토 새우 고등어 호두 오징어 홍합 전복 굴 조개류 잣,false,1FBD8D14CA8C2CE7A64870B176A591BAE9A1DE8EC5E0D39156A45261BB5AB847
official-bon-bf105-539869,BON-BF105-539869,본설렁탕,(세트) 물냉면,[이열치냉] 시원한 물냉면과 직화불고기의 육쌈조합 · 1 메뉴 특징 이열치냉! 물냉면+직화불고기 세트 살얼음 동-동! 더위 날리는 시원한 육수에 수육을 올린 물냉면과 불향 가득한 직화 불고기의 육쌈 조합! ※ 매장별로 판매되는 메뉴와 판매금액은 상이할 수 있습니다. 매장에 직접 문의 부탁드립니다.,수육,,,PARTIAL_DESCRIPTION,UNKNOWN,https://api.bonif.co.kr/brand/v1/menu/detail?brdCd=BF105&cmdtIdx=539869,2026-10-04,2026-08-10,franchise-quality-v1,OFFICIAL_MENU_DESCRIPTION_AND_BRAND_ALLERGEN_TABLE,,,false,313F4B486700691B75183887925B85EC4567401A0342FBA8028168C32EF54D8B
official-bon-bf105-539871,BON-BF105-539871,본설렁탕,물냉면(곱빼기),[이열치냉] 무더위 날리는 시원한 물냉면 곱빼기 · 1 메뉴 특징 이열치냉! 물냉면(곱빼기) 살얼음 동-동! 더위 날리는 시원한 육수에 수육을 올린 쫄깃한 면발의 물냉면(곱빼기) ※ 매장별로 판매되는 메뉴와 판매금액은 상이할 수 있습니다. 매장에 직접 문의 부탁드립니다.,수육,,,PARTIAL_DESCRIPTION,UNKNOWN,https://api.bonif.co.kr/brand/v1/menu/detail?brdCd=BF105&cmdtIdx=539871,2026-10-04,2026-08-10,franchise-quality-v1,OFFICIAL_MENU_DESCRIPTION_AND_BRAND_ALLERGEN_TABLE,,,false,1E7F3EBDA1BB1F673A964E4FB8C1CE6AA4C184193332F77885404FB8CB1FBCA6
official-bon-bf105-539872,BON-BF105-539872,본설렁탕,비빔냉면(곱빼기),"[이열치냉] 무더위에 입맛 살리는! 매콤새콤 비빔냉면 곱빼기 · 1 메뉴 특징 이열치냉! 비빔냉면(곱빼기) 쫄깃한 면발의 칡냉면에 수육을 올려, 매콤새콤! 비법양념장과 비벼 감칠맛을 더한 비빔냉면(곱빼기) ※ 매장별로 판매되는 메뉴와 판매금액은 상이할 수 있습니다. 매장에 직접 문의 부탁드립니다.",수육,,,PARTIAL_DESCRIPTION,UNKNOWN,https://api.bonif.co.kr/brand/v1/menu/detail?brdCd=BF105&cmdtIdx=539872,2026-10-04,2026-08-10,franchise-quality-v1,OFFICIAL_MENU_DESCRIPTION_AND_BRAND_ALLERGEN_TABLE,,,false,C93E353346A2FA136EA6DBFF3A80BBBFE29F81ACED333C8672B99F40BB16046D
official-bon-bf105-539873,BON-BF105-539873,본설렁탕,(세트) 물냉면(곱빼기),[이열치냉] 시원한 물냉면(곱빼기)와 직화불고기의 육쌈조합 · 1 메뉴 특징 이열치냉! (세트) 물냉면(곱빼기)(+직화 불고기) 살얼음 동-동! 더위 날리는 시원한 육수에 수육을 올린 물냉면(곱빼기)와 불향 가득한 직화 불고기의 육쌈 조합! ※ 매장별로 판매되는 메뉴와 판매금액은 상이할 수 있습니다. 매장에 직접 문의 부탁드립니다.,수육,,,PARTIAL_DESCRIPTION,UNKNOWN,https://api.bonif.co.kr/brand/v1/menu/detail?brdCd=BF105&cmdtIdx=539873,2026-10-04,2026-08-10,franchise-quality-v1,OFFICIAL_MENU_DESCRIPTION_AND_BRAND_ALLERGEN_TABLE,,,false,214AB0E2800FB5CC4E46BB6281CBBF53EACB7EA1ECAFC0A28C6C0C3ACF8A6E6D
official-bon-bf105-539874,BON-BF105-539874,본설렁탕,(세트) 비빔냉면(곱빼기),"[이열치냉] 매콤새콤한 비빔냉면(곱빼기)와 직화불고기의 육쌈조합 · 1 메뉴 특징 이열치냉! (세트) 비빔냉면(곱빼기)(+직화 불고기) 쫄깃한 면발의 칡냉면에 수육을 올려, 매콤새콤! 비법양념장을 더한 비빔냉면(곱빼기)와 불향 가득한 직화 불고기의 육쌈 조합! ※ 매장별로 판매되는 메뉴와 판매금액은 상이할 수 있습니다. 매장에 직접 문의 부탁드립니다.",수육,,,PARTIAL_DESCRIPTION,UNKNOWN,https://api.bonif.co.kr/brand/v1/menu/detail?brdCd=BF105&cmdtIdx=539874,2026-10-04,2026-08-10,franchise-quality-v1,OFFICIAL_MENU_DESCRIPTION_AND_BRAND_ALLERGEN_TABLE,,,false,E1FB45951C46B7CAAAB232360677ACC5B82934C015BBC030B35DE2803B8FC4BD
official-bon-bf105-539879,BON-BF105-539879,본설렁탕,직화 불고기,불향 가득 입힌 직화 불고기 · 1 메뉴 특징 직화 불고기 달달하면서도 짭조름한 간장 양념에 버무려 불향 가득 입힌 직화 불고기 ※ 매장별로 판매되는 메뉴와 판매금액은 상이할 수 있습니다. 매장에 직접 문의 부탁드립니다.,,대두,대두,PARTIAL_DESCRIPTION,CONFIRMED_LABEL,https://api.bonif.co.kr/brand/v1/menu/detail?brdCd=BF105&cmdtIdx=539879,2026-10-04,2026-08-10,franchise-quality-v1,OFFICIAL_MENU_DESCRIPTION_AND_BRAND_ALLERGEN_TABLE,,,false,8B6592BE068DEAE3F54EEEE754EFB735F64910AE2A364138B4D93FD07D16985F
official-bon-bf105-539880,BON-BF105-539880,본설렁탕,(세트) 비빔냉면,"[이열치냉] 매콤새콤 비빔냉면과 직화불고기의 육쌈조합 · ​ 1 메뉴 특징 매콤별미 (세트) 비빔냉면(+직화 불고기) 쫄깃한 면발의 칡냉면에 수육을 올려, 매콤새콤! 비법양념장을 더한 비빔냉면과 불향 가득한 직화 불고기의 육쌈 조합! ※ 매장별로 판매되는 메뉴와 판매금액은 상이할 수 있습니다. 매장에 직접 문의 부탁드립니다.",수육,,,PARTIAL_DESCRIPTION,UNKNOWN,https://api.bonif.co.kr/brand/v1/menu/detail?brdCd=BF105&cmdtIdx=539880,2026-10-04,2026-08-10,franchise-quality-v1,OFFICIAL_MENU_DESCRIPTION_AND_BRAND_ALLERGEN_TABLE,,,false,E0256639F3F5F0589E37FAC4754662D86F581CB71B8E41C8E961F6B9D74AA0F1
official-bon-bf105-539882,BON-BF105-539882,본설렁탕,단호박 식혜,"단호박 식혜 1캔 (238ml) · 1 메뉴 특징 자연이 빚은 달콤함 그대로 단호박식혜 한 입 가득 기분 좋은 달콤함, 자연이 빚은 건강함 그대로 담았습니다. 단호박의 은은한 맛과 향이 고소한 식혜와 어우러져 부드러운 풍미를 선사합니다. 특히 식재료를 고르는 깐깐한 본죽의 노하우를 담아 정성으로 재배한 건강한 단호박만을 사용하였습니다. 단맛의 깊이를 더하는 일교차가 큰 지역의 밭에서 잘 숙성된 고당도의 단호박으로 만들어 더욱 자연스러운 단맛을 느끼실 수 있습니다. 정성 가득 담아 전통 방식으로 빚은 단호박 식혜, 고슬고슬 씹히는 쌀알까지 더욱 풍부하게 즐겨보세요. 2 제품 정보",단호박,,,PARTIAL_DESCRIPTION,UNKNOWN,https://api.bonif.co.kr/brand/v1/menu/detail?brdCd=BF105&cmdtIdx=539882,2026-10-04,2026-08-10,franchise-quality-v1,OFFICIAL_MENU_DESCRIPTION_AND_BRAND_ALLERGEN_TABLE,,,false,75479F24A7458101CF7E817528D79F875001B2E67723AB27C8F9A077D84F45AA
official-bon-bf105-539999,BON-BF105-539999,본설렁탕,본해장국밥,"★본설렁탕 시그니처 메뉴★ · 1 메뉴 특징 본설렁탕 시그니처 메뉴 본해장국밥 뚝배기 한 그릇에 직접 삶은 소고기와 깐양을 듬뿍! 한 그릇만 먹어도 푸짐하고 든든한 시그니처 메뉴 ※ 매장별로 판매되는 메뉴와 판매금액은 상이할 수 있습니다. 매장에 직접 문의 부탁드립니다. · 2 식재료 이야기 우리 땅에서 나고 자란 우리 쌀, 미호쌀 밥만 먹어도 맛있게, 우리 땅에서 나고 자라 더욱 신선하고 찰진 최고 품질의 미호쌀을 사용합니다.",소고기|쌀,대두 밀 쇠고기 닭고기 돼지고기 우유 새우 오징어 굴,대두|밀|새우|우유|조개류,PARTIAL_DESCRIPTION,CONFIRMED_LABEL,https://api.bonif.co.kr/brand/v1/menu/detail?brdCd=BF105&cmdtIdx=539999,2026-10-04,2026-08-10,franchise-quality-v1,OFFICIAL_MENU_DESCRIPTION_AND_BRAND_ALLERGEN_TABLE,게|견과류|달걀|땅콩|생선|조개류,난류(계란) 땅콩 게 복숭아 토마토 아황산류 고등어 호두 메밀 홍합 전복 조개류 잣,false,83CD36CE43DA2859F2D4B39107BE0C75E86562B7DA3F0BDD1046B1DE58D6A2B7
official-bon-bf105-540003,BON-BF105-540003,본설렁탕,본해장국밥+미니모둠수육,"★본설렁탕 시그니처 메뉴★ · 1 메뉴 특징 본설렁탕 시그니처 메뉴 본해장국밥+미니모둠수육 뚝배기 한 그릇에 직접 삶은 소고기와 깐양을 듬뿍! 한 그릇만 먹어도 푸짐하고 든든한 시그니처 메뉴와 미니모둠수육(1인)을 한번에 즐기는 든든 조합 ※ 매장별로 판매되는 메뉴와 판매금액은 상이할 수 있습니다. 매장에 직접 문의 부탁드립니다. · 2 식재료 이야기 우리 땅에서 나고 자란 우리 쌀, 미호쌀 밥만 먹어도 맛있게, 우리 땅에서 나고 자라 더욱 신선하고 찰진 최고 품질의 미호쌀을 사용합니다.",소고기|수육|쌀,,,PARTIAL_DESCRIPTION,UNKNOWN,https://api.bonif.co.kr/brand/v1/menu/detail?brdCd=BF105&cmdtIdx=540003,2026-10-04,2026-08-10,franchise-quality-v1,OFFICIAL_MENU_DESCRIPTION_AND_BRAND_ALLERGEN_TABLE,,,false,5461D7FD7ABD3B39DEED90EBA9DBB3F8CF6A61B42F4987E6A81925839328FB8D
official-bon-bf105-540069,BON-BF105-540069,본설렁탕,전주 콩나물국밥,"시원~칼칼하게! 숙취 해소 대표 메뉴 · 1 메뉴 특징 시원~칼칼하게! 숙취 날려주는 전주 콩나물국밥 시원 칼칼한 콩나물국밥에 오징어가 듬뿍 들어가 속 풀리는 전주식 콩나물국밥 · 2 식재료 이야기 우리 땅에서 나고 자란 우리 쌀, 미호쌀 밥만 먹어도 맛있게, 우리 땅에서 나고 자라 더욱 신선하고 찰진 최고 품질의 미호쌀을 사용합니다.",쌀|오징어|콩나물,,,PARTIAL_DESCRIPTION,UNKNOWN,https://api.bonif.co.kr/brand/v1/menu/detail?brdCd=BF105&cmdtIdx=540069,2026-10-04,2026-08-10,franchise-quality-v1,OFFICIAL_MENU_DESCRIPTION_AND_BRAND_ALLERGEN_TABLE,,,false,A866848445A3C916E1078A24018F5517FDCC1E943AF1091ADE34BBDDF733B3CC
official-bon-bf105-540070,BON-BF105-540070,본설렁탕,전주 콩나물국밥+미니모둠수육,"시원~칼칼하게! 숙취 해소 대표 메뉴 · 1 메뉴 특징 전주 콩나물국밥 +미니모둠수육 시원 칼칼한 콩나물국밥에 오징어가 듬뿍 들어가 속 풀리는 전주식 콩나물국밥과 부드러운 미니모둠수육을 한번에 즐기는 고기 든든 정식 · 2 식재료 이야기 우리 땅에서 나고 자란 우리 쌀, 미호쌀 밥만 먹어도 맛있게, 우리 땅에서 나고 자라 더욱 신선하고 찰진 최고 품질의 미호쌀을 사용합니다.",수육|쌀|오징어|콩나물,,,PARTIAL_DESCRIPTION,UNKNOWN,https://api.bonif.co.kr/brand/v1/menu/detail?brdCd=BF105&cmdtIdx=540070,2026-10-04,2026-08-10,franchise-quality-v1,OFFICIAL_MENU_DESCRIPTION_AND_BRAND_ALLERGEN_TABLE,,,false,345D2A28D04DB1FF0C20D0ED90631C61A39C5E061ED491453A81AD2E6600642D
official-bon-bf105-540187,BON-BF105-540187,본설렁탕,바지락 순두부찌개,"얼큰 칼칼~ 겨울 신메뉴 · 1 메뉴 특징 얼큰 칼칼~ 겨울 신메뉴 바지락 순두부찌개 고소하고 부드러운 초당순두부와 쫄깃한 바지락이 만나, 얼큰하고 칼칼한 국물에 시원한 감칠맛을 더한 밥도둑 순두부찌개 ※ 매장별로 판매되는 메뉴와 판매금액은 상이할 수 있습니다. 매장에 직접 문의 부탁드립니다.",두부,난류(계란) 대두 밀 쇠고기 닭고기 돼지고기 우유 새우 오징어 조개류,달걀|대두|밀|새우|우유|조개류,PARTIAL_DESCRIPTION,CONFIRMED_LABEL,https://api.bonif.co.kr/brand/v1/menu/detail?brdCd=BF105&cmdtIdx=540187,2026-10-04,2026-08-10,franchise-quality-v1,OFFICIAL_MENU_DESCRIPTION_AND_BRAND_ALLERGEN_TABLE,게|견과류|땅콩|생선|조개류,땅콩 게 복숭아 토마토 아황산류 고등어 호두 메밀 홍합 전복 굴 잣,false,481C04BDAA10D8056B7FC8F18E852398E321CE107FAD01D30DD99D23CC9798F0
official-bon-bf105-540188,BON-BF105-540188,본설렁탕,바지락 쫄면순두부,"얼큰 칼칼~ 겨울 신메뉴 · 1 메뉴 특징 얼큰 칼칼~ 겨울 신메뉴 바지락 쫄면순두부 고소하고 부드러운 초당순두부와 쫄깃한 바지락이 만나, 얼큰하고 칼칼한 국물에 쫄깃 탱탱한 쫄면을 넣은 별미 메뉴 ※ 매장별로 판매되는 메뉴와 판매금액은 상이할 수 있습니다. 매장에 직접 문의 부탁드립니다.",두부,,,PARTIAL_DESCRIPTION,UNKNOWN,https://api.bonif.co.kr/brand/v1/menu/detail?brdCd=BF105&cmdtIdx=540188,2026-10-04,2026-08-10,franchise-quality-v1,OFFICIAL_MENU_DESCRIPTION_AND_BRAND_ALLERGEN_TABLE,,,false,665FD6D03707C157DD89E95732AC92E3CF41388A97CFCF99AEC59E446919F838
official-bon-bf105-540189,BON-BF105-540189,본설렁탕,바지락 순두부찌개+미니모둠수육,"바지락 순두부찌개와 미니모둠수육을 한번에 즐기는 힘이 되는 수육정식 · 1 메뉴 특징 바지락 순두부찌개 +미니모둠수육 고소하고 부드러운 초당순두부와 쫄깃한 바지락이 만나, 얼큰하고 칼칼한 국물에 시원한 감칠맛을 더한 밥도둑 순두부찌개와 부드러운 미니모둠수육을 한번에 즐기는 고기 든든 정식 ※ 매장별로 판매되는 메뉴와 판매금액은 상이할 수 있습니다. 매장에 직접 문의 부탁드립니다.",두부|수육,,,PARTIAL_DESCRIPTION,UNKNOWN,https://api.bonif.co.kr/brand/v1/menu/detail?brdCd=BF105&cmdtIdx=540189,2026-10-04,2026-08-10,franchise-quality-v1,OFFICIAL_MENU_DESCRIPTION_AND_BRAND_ALLERGEN_TABLE,,,false,C0FF452E8F8984B2EE57FE4B6B92AFA07C1BBCAAF3D4411E77A69C10FF7A6713
official-bon-bf105-540190,BON-BF105-540190,본설렁탕,바지락 쫄면순두부+미니모둠수육,"바지락 쫄면순두부와 미니모둠수육을 한번에 즐기는 힘이 되는 수육정식 · 1 메뉴 특징 바지락 쫄면순두부 +미니모둠수육 고소하고 부드러운 초당순두부와 쫄깃한 바지락이 만나, 얼큰하고 칼칼한 국물에 쫄깃 탱탱한 쫄면을 넣은 별미 메뉴와 부드러운 미니모둠수육을 한번에 즐기는 고기 든든 정식 ※ 매장별로 판매되는 메뉴와 판매금액은 상이할 수 있습니다. 매장에 직접 문의 부탁드립니다.",두부|수육,,,PARTIAL_DESCRIPTION,UNKNOWN,https://api.bonif.co.kr/brand/v1/menu/detail?brdCd=BF105&cmdtIdx=540190,2026-10-04,2026-08-10,franchise-quality-v1,OFFICIAL_MENU_DESCRIPTION_AND_BRAND_ALLERGEN_TABLE,,,false,9D1B244EE1632A21D0EBACEF5CEDED84B86C3795951B35C6DBC827C6C9E4F92C
official-bon-bf105-540191,BON-BF105-540191,본설렁탕,육전깻잎전(대),"육전 6개+깻잎전 6개 · 1 메뉴 특징 육전깻잎전(대)(12개) 노릇하게 부친 돼지고기 육전과 깻잎전, 두 가지 맛을 한번에 즐기는 반반전(대)(12개) ※ 매장별로 판매되는 메뉴와 판매금액은 상이할 수 있습니다. 매장에 직접 문의 부탁드립니다.",깻잎|돼지고기,,,PARTIAL_DESCRIPTION,UNKNOWN,https://api.bonif.co.kr/brand/v1/menu/detail?brdCd=BF105&cmdtIdx=540191,2026-10-04,2026-08-10,franchise-quality-v1,OFFICIAL_MENU_DESCRIPTION_AND_BRAND_ALLERGEN_TABLE,,,false,849127B79EB3BB45EE151906594918C2C76E56975048B23FA21D009188F2E68A
official-bon-bf105-540192,BON-BF105-540192,본설렁탕,육전깻잎전(소),"육전 2개+깻잎전 2개 · 1 메뉴 특징 육전깻잎전(소)(4개) 노릇하게 부친 돼지고기 육전과 깻잎전, 두 가지 맛을 한번에 즐기는 반반전(소)(4개) ※ 매장별로 판매되는 메뉴와 판매금액은 상이할 수 있습니다. 매장에 직접 문의 부탁드립니다.",깻잎|돼지고기,,,PARTIAL_DESCRIPTION,UNKNOWN,https://api.bonif.co.kr/brand/v1/menu/detail?brdCd=BF105&cmdtIdx=540192,2026-10-04,2026-08-10,franchise-quality-v1,OFFICIAL_MENU_DESCRIPTION_AND_BRAND_ALLERGEN_TABLE,,,false,2E65EB9607385B43253397D0E8A53C9F56EC0FA4A3560C27A7CABD8A1A9E4CD5
official-bon-bf105-540205,BON-BF105-540205,본설렁탕,오징어 미나리파전,노릇노릇한 오징어 미나리파전 · 1 메뉴 특징 오징어 미나리파전 쫄깃하고 탱탱한 오징어를 듬뿍 넣어 바삭하고 노릇노릇하게 부쳐낸 미나리 파전 ※ 매장별로 판매되는 메뉴와 판매금액은 상이할 수 있습니다. 매장에 직접 문의 부탁드립니다.,미나리|오징어,,,PARTIAL_DESCRIPTION,UNKNOWN,https://api.bonif.co.kr/brand/v1/menu/detail?brdCd=BF105&cmdtIdx=540205,2026-10-04,2026-08-10,franchise-quality-v1,OFFICIAL_MENU_DESCRIPTION_AND_BRAND_ALLERGEN_TABLE,,,false,2448AA2FC1A534C14BFDC0F52740DF4FDD57A80899BBBB49F89A547A399572E7
official-bon-bf105-540235,BON-BF105-540235,본설렁탕,황태해장국,"시~원하게 속 풀리는 맑은 국물의 해장국 · 1 메뉴 특징 <시원 해장!> 황태해장국 담백한 황태를 넣어 깔끔하고 깊은 국물 맛이 살아 있는, 부담없이 편안하게 즐기는 시원한 해장국 ※ 매장별로 판매되는 메뉴와 판매금액은 상이할 수 있습니다. 매장에 직접 문의 부탁드립니다.",,난류(계란) 대두 밀 쇠고기 닭고기 우유 새우 오징어 조개류,달걀|대두|밀|새우|우유|조개류,PARTIAL_DESCRIPTION,CONFIRMED_LABEL,https://api.bonif.co.kr/brand/v1/menu/detail?brdCd=BF105&cmdtIdx=540235,2026-10-04,2026-08-10,franchise-quality-v1,OFFICIAL_MENU_DESCRIPTION_AND_BRAND_ALLERGEN_TABLE,게|견과류|땅콩|생선|조개류,돼지고기 땅콩 게 복숭아 토마토 아황산류 고등어 호두 메밀 홍합 전복 굴 잣,false,96E5056204117D19EDE5D1CECAE8A36ED7C07C2A1DB6D940601061BBC95840EC
official-bon-bf105-540236,BON-BF105-540236,본설렁탕,황태해장국+미니모둠수육,"황태해장국과 미니모둠수육을 한번에 즐기는 힘이 되는 수육정식 · 1 메뉴 특징 황태해장국 +미니모둠수육 담백한 황태를 넣어 깔끔하고 깊은 국물 맛이 살아 있는, 부담없이 편안하게 즐기는 시원한 해장국과 부드러운 미니모둠수육을 한번에 즐기는 고기 든든 정식 ※ 매장별로 판매되는 메뉴와 판매금액은 상이할 수 있습니다. 매장에 직접 문의 부탁드립니다.",수육,,,PARTIAL_DESCRIPTION,UNKNOWN,https://api.bonif.co.kr/brand/v1/menu/detail?brdCd=BF105&cmdtIdx=540236,2026-10-04,2026-08-10,franchise-quality-v1,OFFICIAL_MENU_DESCRIPTION_AND_BRAND_ALLERGEN_TABLE,,,false,574F13028F00525ECD058FE4CF24E0F27121849A0753CD954D8C8CB6E555E4F7
official-bon-bf105-540237,BON-BF105-540237,본설렁탕,감자채전(6pcs),"바삭! 담백하게 즐기는 감자전 · 1 메뉴 특징 감자채전(6개) 얇게 채 썬 감자를 바삭하게 부쳐, 담백하게 즐기는 감자전 ※ 매장별로 판매되는 메뉴와 판매금액은 상이할 수 있습니다. 매장에 직접 문의 부탁드립니다.",감자,,,PARTIAL_DESCRIPTION,UNKNOWN,https://api.bonif.co.kr/brand/v1/menu/detail?brdCd=BF105&cmdtIdx=540237,2026-10-04,2026-08-10,franchise-quality-v1,OFFICIAL_MENU_DESCRIPTION_AND_BRAND_ALLERGEN_TABLE,,,false,0B21488A8E490AFEFE05B0DB76A40818E720C56D0EB0A2E82C866D0B42F793EA
official-bon-bf105-540248,BON-BF105-540248,본설렁탕,파주 장단콩 콩국수,[이열치냉] 무더운 날씨 단백질 보충! 콩국수 · 1 메뉴 특징 <단백질 듬뿍!> 파주 장단콩 국수 단백질이 풍부한 파주 장단콩을 갈아 만든 깊고 고소한 콩물에 소면을 말아낸 부드럽고 시원한 여름 별미 콩국수 ※ 매장별로 판매되는 메뉴와 판매금액은 상이할 수 있습니다. 매장에 직접 문의 부탁드립니다.,,대두 밀,대두|밀,PARTIAL_DESCRIPTION,CONFIRMED_LABEL,https://api.bonif.co.kr/brand/v1/menu/detail?brdCd=BF105&cmdtIdx=540248,2026-10-04,2026-08-10,franchise-quality-v1,OFFICIAL_MENU_DESCRIPTION_AND_BRAND_ALLERGEN_TABLE,땅콩|우유,쇠고기 땅콩 우유 메밀,false,3E40425591FE8D59313D36A4F1674B9BDEB00057D2E2164799C47FC5AF3CA851
official-bon-bf105-540249,BON-BF105-540249,본설렁탕,(세트) 파주 장단콩 콩국수,[이열치냉] 담백 고소 콩국수와 고기 왕만두의 환상 조합 · 1 메뉴 특징 <담백 별미> 파주 장단콩 콩국수+고기 왕만두(2개) 단백질이 풍부한 파주 장단콩을 갈아 만든 깊고 고소한 콩국수와 속이 꽉 찬 고기 왕만두의 조합 ※ 매장별로 판매되는 메뉴와 판매금액은 상이할 수 있습니다. 매장에 직접 문의 부탁드립니다.,,,,PARTIAL_DESCRIPTION,UNKNOWN,https://api.bonif.co.kr/brand/v1/menu/detail?brdCd=BF105&cmdtIdx=540249,2026-10-04,2026-08-10,franchise-quality-v1,OFFICIAL_MENU_DESCRIPTION_AND_BRAND_ALLERGEN_TABLE,,,false,4E501D64D1CF3C16C1738ADFACDBCD83E50BBD12A6DC1D69ED82206DFB115855
official-bon-bf105-540291,BON-BF105-540291,본설렁탕,보양 삼계탕,"이열치열! 원기회복! · 1 메뉴 특징 이열치열! 원기회복! 보양 삼계탕 신선한 국내산 닭에 삼, 대추 등 몸에 좋은 재료를 더해 정성껏 끓여낸 보양식으로, 깊고 진한 국물맛이 일품인 무더위 원기회복 메뉴 ※ 매장별로 판매되는 메뉴와 판매금액은 상이할 수 있습니다. 매장에 직접 문의 부탁드립니다. ​",대추,대두 밀 닭고기 우유 새우 오징어,대두|밀|새우|우유,PARTIAL_DESCRIPTION,CONFIRMED_LABEL,https://api.bonif.co.kr/brand/v1/menu/detail?brdCd=BF105&cmdtIdx=540291,2026-10-04,2026-08-10,franchise-quality-v1,OFFICIAL_MENU_DESCRIPTION_AND_BRAND_ALLERGEN_TABLE,게|견과류|달걀|땅콩|생선|조개류,난류(계란) 쇠고기 돼지고기 땅콩 게 복숭아 토마토 아황산류 고등어 호두 메밀 홍합 전복 굴 조개류 잣,false,FE2663DD05B1776435229AB06D08D492A1B6D82CCB6F49F49CB0EBD75721AB3C
official-bon-bf105-540292,BON-BF105-540292,본설렁탕,보양 삼계탕+미니모둠수육,"이열치열! 원기회복! · 1 메뉴 특징 이열치열! 원기회복! 보양 삼계탕+미니모둠수육 신선한 국내산 닭에 삼, 대추 등 몸에 좋은 재료를 더해 정성껏 끓여낸 보양식으로, 깊고 진한 국물맛이 일품인 무더위 원기회복 메뉴 삼계탕과 부드러운 미니모둠수육을 한번에 즐기는 고기 든든 정식 ※ 매장별로 판매되는 메뉴와 판매금액은 상이할 수 있습니다. 매장에 직접 문의 부탁드립니다. ​",대추|수육,,,PARTIAL_DESCRIPTION,UNKNOWN,https://api.bonif.co.kr/brand/v1/menu/detail?brdCd=BF105&cmdtIdx=540292,2026-10-04,2026-08-10,franchise-quality-v1,OFFICIAL_MENU_DESCRIPTION_AND_BRAND_ALLERGEN_TABLE,,,false,EA467FA99D0616FAFC31C6C1ADD4323CBFA3C3EE2EBA01557035CBC7BEF8B2E0
official-bon-bf105-540299,BON-BF105-540299,본설렁탕,우거지 뼈해장국,★속풀이 해장★ · 1 메뉴 특징 ​ ​ 속풀이 해장! 우거지 뼈해장국 푹 삶은 목뼈와 우거지를 듬뿍 넣어 얼큰하게 속 풀어주는 해장 한 그릇 ※ 매장별로 판매되는 메뉴와 판매금액은 상이할 수 있습니다. 매장에 직접 문의 부탁드립니다.​,,대두 밀 쇠고기 돼지고기 우유 새우 오징어,대두|밀|새우|우유,PARTIAL_DESCRIPTION,CONFIRMED_LABEL,https://api.bonif.co.kr/brand/v1/menu/detail?brdCd=BF105&cmdtIdx=540299,2026-10-04,2026-08-10,franchise-quality-v1,OFFICIAL_MENU_DESCRIPTION_AND_BRAND_ALLERGEN_TABLE,게|견과류|달걀|땅콩|생선|조개류,난류(계란) 닭고기 땅콩 게 복숭아 토마토 아황산류 고등어 호두 메밀 홍합 전복 굴 조개류 잣,false,ED2E850F6F57EAFE0802A11C1822678C180B452A63FD800628D3F10BDF3EBBA3
official-bon-bf105-540300,BON-BF105-540300,본설렁탕,우거지 뼈해장국+미니모둠수육,★속풀이 해장★ · 1 메뉴 특징 ​ ​ 속풀이 해장! 우거지 뼈해장국+미니모둠수육 푹 삶은 목뼈와 우거지를 듬뿍 넣어 얼큰하게 속 풀어주는 해장 한 그릇과 부드러운 미니모둠수육을 한번에 즐기는 고기 든든 정식 ※ 매장별로 판매되는 메뉴와 판매금액은 상이할 수 있습니다. 매장에 직접 문의 부탁드립니다.​,수육,,,PARTIAL_DESCRIPTION,UNKNOWN,https://api.bonif.co.kr/brand/v1/menu/detail?brdCd=BF105&cmdtIdx=540300,2026-10-04,2026-08-10,franchise-quality-v1,OFFICIAL_MENU_DESCRIPTION_AND_BRAND_ALLERGEN_TABLE,,,false,8FD6D562AD21A9735E3B1C17BD71581216C9A70BF1D39680023E333140DBDAD0
official-bon-bf105-540301,BON-BF105-540301,본설렁탕,우거지 감자탕(소),"★속풀이 해장★ · 1 메뉴 특징 ​ 속풀이 해장! 우거지 감자탕(소) 푹 삶아 부드러운 돼지목뼈와 깊고 진한 국물, 구수한 우거지와 포근한 감자, 쫀득한 수제비까지 듬뿍 넣은 우거지 감자탕(소) ※ 매장별로 판매되는 메뉴와 판매금액은 상이할 수 있습니다. 매장에 직접 문의 부탁드립니다.​",감자,,,PARTIAL_DESCRIPTION,UNKNOWN,https://api.bonif.co.kr/brand/v1/menu/detail?brdCd=BF105&cmdtIdx=540301,2026-10-04,2026-08-10,franchise-quality-v1,OFFICIAL_MENU_DESCRIPTION_AND_BRAND_ALLERGEN_TABLE,,,false,0913D438B26722003AC38EFFD2FC878289623647780FCD56DB0AD2B400B58611
official-bon-bf105-540302,BON-BF105-540302,본설렁탕,우거지 감자탕(중),"★속풀이 해장★ · 1 메뉴 특징 ​ 속풀이 해장! 우거지 감자탕(중) 푹 삶아 부드러운 돼지목뼈와 깊고 진한 국물, 구수한 우거지와 포근한 감자, 쫀득한 수제비까지 듬뿍 넣은 우거지 감자탕(중) ※ 매장별로 판매되는 메뉴와 판매금액은 상이할 수 있습니다. 매장에 직접 문의 부탁드립니다.​",감자,,,PARTIAL_DESCRIPTION,UNKNOWN,https://api.bonif.co.kr/brand/v1/menu/detail?brdCd=BF105&cmdtIdx=540302,2026-10-04,2026-08-10,franchise-quality-v1,OFFICIAL_MENU_DESCRIPTION_AND_BRAND_ALLERGEN_TABLE,,,false,695D372FCEA1F4E4703CCF0593C5A9BC42D6FD0C0856FE721288E87B357E0470
official-bon-bf107-539422,BON-BF107-539422,본우리반상,깻잎전,향긋한 깻잎에 고기와 채소를 잘게 썰어 넣은 전통전 · 1 메뉴 특징 가득 찬 소에 향긋한 깻잎 향을 더해 완성한 깻잎전 깻잎전 향긋한 깻잎 위에 고기와 채소를 잘게 썰어 넣은 우리나라 전통 전입니다. ※ 매장별로 판매되는 메뉴와 판매금액은 상이할 수 있습니다. 매장에 직접 문의 부탁드립니다.,깻잎,난류(계란) 대두 밀 쇠고기 돼지고기 우유 토마토,달걀|대두|밀|우유,PARTIAL_DESCRIPTION,CONFIRMED_LABEL,https://api.bonif.co.kr/brand/v1/menu/detail?brdCd=BF107&cmdtIdx=539422,2026-10-04,2026-06,franchise-quality-v1,OFFICIAL_MENU_DESCRIPTION_AND_BRAND_ALLERGEN_TABLE,게|견과류|땅콩|새우|생선|조개류,닭고기 땅콩 게 복숭아 새우 아황산류 고등어 호두 메밀 오징어 홍합 전복 굴 조개류 잣,false,976AD9504445FF47B4D8105D7D633A6556076F64230EB2BDEBBB72D5BCABC1EE
official-bon-bf107-539425,BON-BF107-539425,본우리반상,공기밥,,,,,UNKNOWN,UNKNOWN,https://api.bonif.co.kr/brand/v1/menu/detail?brdCd=BF107&cmdtIdx=539425,2026-10-04,2026-06,franchise-quality-v1,OFFICIAL_MENU_DESCRIPTION_AND_BRAND_ALLERGEN_TABLE,,,false,CDA2FC37A6C2F090CA7F443FE7A4B4D2F42AA4D0140A21FE7327C919772970F8
official-bon-bf107-539426,BON-BF107-539426,본우리반상,코카 콜라,,,,,UNKNOWN,UNKNOWN,https://api.bonif.co.kr/brand/v1/menu/detail?brdCd=BF107&cmdtIdx=539426,2026-10-04,2026-06,franchise-quality-v1,OFFICIAL_MENU_DESCRIPTION_AND_BRAND_ALLERGEN_TABLE,,,false,5728EF8B45195C3948B3A2D50F209ACDB022DEE56A0B10FD332F2E81657463E4
official-bon-bf107-539427,BON-BF107-539427,본우리반상,칠성 사이다,,,,,UNKNOWN,UNKNOWN,https://api.bonif.co.kr/brand/v1/menu/detail?brdCd=BF107&cmdtIdx=539427,2026-10-04,2026-06,franchise-quality-v1,OFFICIAL_MENU_DESCRIPTION_AND_BRAND_ALLERGEN_TABLE,,,false,A57C6D785F16935CF144617502F36155A70B2443FAC45ACFEC3C2D825E62E126
official-bon-bf107-539511,BON-BF107-539511,본우리반상,우삼겹 된장찌개와 삼겹수육 반상,"구수하게 끓여낸 우삼겹 된장찌개와 꼬들무 명태회 무침을 곁들인 야들야들한 삼겹수육을 조합해 더 든든한 별미 반상 · 1 메뉴 특징 구수한 우삼겹 된장찌개와 삼겹수육의 별미 조합 우삼겹 된장찌개와 삼겹수육 반상 구수하게 끓여낸 우삼겹 된장찌개와 꼬들무 명태회 무침을 곁들인 야들야들한 삼겹수육을 조합해 더 든든한 별미 반상 잘 지은 밥, 따뜻한 국, 샐러드, 반찬까지 정성껏 차린 본우리반상의 기본 상차림과 함께 제공합니다. ※ 매장별로 판매되는 메뉴와 판매금액은 상이할 수 있습니다. 매장에 직접 문의 부탁드립니다.",밥|수육|우삼겹,대두 밀 쇠고기 닭고기 돼지고기 우유,대두|밀|우유,PARTIAL_DESCRIPTION,CONFIRMED_LABEL,https://api.bonif.co.kr/brand/v1/menu/detail?brdCd=BF107&cmdtIdx=539511,2026-10-04,2026-06,franchise-quality-v1,OFFICIAL_MENU_DESCRIPTION_AND_BRAND_ALLERGEN_TABLE,게|견과류|달걀|땅콩|새우|생선|조개류,난류(계란) 땅콩 게 복숭아 토마토 새우 아황산류 고등어 호두 메밀 오징어 홍합 전복 굴 조개류 잣,false,A49630300E00D2A13D703E0582ED2745587A090F47661D7B5C376ED5D7E4C848
official-bon-bf107-539513,BON-BF107-539513,본우리반상,삼겹수육,식감 좋은 꼬들무 명태회 무침을 곁들인 야들야들한 삼겹수육 · 1 메뉴 특징 식감 좋은 꼬들무 명태회 무침을 곁들인 삼겹수육 식감 좋은 꼬들무 명태회 무침을 곁들여 더 맛있는 야들야들 삼겹수육입니다. ※ 매장별로 판매되는 메뉴와 판매금액은 상이할 수 있습니다. 매장에 직접 문의 부탁드립니다.,수육,대두 밀 쇠고기 닭고기 돼지고기 우유,대두|밀|우유,PARTIAL_DESCRIPTION,CONFIRMED_LABEL,https://api.bonif.co.kr/brand/v1/menu/detail?brdCd=BF107&cmdtIdx=539513,2026-10-04,2026-06,franchise-quality-v1,OFFICIAL_MENU_DESCRIPTION_AND_BRAND_ALLERGEN_TABLE,게|견과류|달걀|땅콩|새우|생선|조개류,난류(계란) 땅콩 게 복숭아 토마토 새우 아황산류 고등어 호두 메밀 오징어 홍합 전복 굴 조개류 잣,false,FFDE4665ADE4781EDBF82E0B268024A63C624C48E0D137C49E2F85F44FAED6C5
official-bon-bf107-539578,BON-BF107-539578,본우리반상,완도 전복 솥밥 반상,"쫄깃한 전복을 듬뿍 올리고 깊고 진한 전복 내장소스를 비벼, 풍미 있는 구운 감태에 싸먹는 솥밥 · 1 메뉴 특징 완도 전복 솥밥 반상 쫄깃한 전복을 듬뿍 올리고 깊고 진한 전복 내장소스를 비벼, 감태에 싸먹는 깊은 풍미의 전복 솥밥을 맛있게 즐겨보세요. 온기 가득 잘 지은 솥밥, 따뜻한 국, 샐러드, 반찬에 식사 후 먹는 구~수한 숭늉까지 정성껏 차린 본우리반상의 기본 상차림이 함께 제공됩니다. ※ 매장별로 판매되는 메뉴와 판매금액은 상이할 수 있습니다. 매장에 직접 문의 부탁드립니다. · 2 식재료 이야기 우리 땅에서 나고 자란 우리 쌀, 우리 반상 따뜻한 밥만 먹어도 맛있게, 도정한지 2주 이내의 가장 신선한 쌀을 쓰는 것이 본우리반상만의 원칙입니다.",감태|쌀|전복,대두 밀 쇠고기 우유 전복 조개류,대두|밀|우유|조개류,PARTIAL_DESCRIPTION,CONFIRMED_LABEL,https://api.bonif.co.kr/brand/v1/menu/detail?brdCd=BF107&cmdtIdx=539578,2026-10-04,2026-06,franchise-quality-v1,OFFICIAL_MENU_DESCRIPTION_AND_BRAND_ALLERGEN_TABLE,게|견과류|달걀|땅콩|새우|조개류,난류(계란) 닭고기 돼지고기 땅콩 게 토마토 새우 호두 오징어 홍합 굴 잣,false,2EB80F156F0CD0C68E2B9C8CBCBC2DED816B308E8EE32B151A4C339C718DE2A6
official-bon-bf107-539579,BON-BF107-539579,본우리반상,버섯영양 솥밥과 되비지찌개 반상,"향긋한 버섯과 곤드레가 가득한 영양 솥밥과 구수한 되비지찌개 조합의 건강 반상 · 1 메뉴 특징 버섯영양 솥밥과 되비지찌개 반상 향긋한 버섯 3종과 곤드레가 가득한 영양솥밥과 구수하고 부드러운 되비지찌개를 함께 먹는 건강 반상 온기 가득 잘 지은 솥밥, 따뜻한 국, 샐러드, 반찬에 식사 후 먹는 구~수한 숭늉까지 정성껏 차린 본우리반상의 기본 상차림이 함께 제공됩니다. ※ 매장별로 판매되는 메뉴와 판매금액은 상이할 수 있습니다. 매장에 직접 문의 부탁드립니다. · 2 식재료 이야기 우리 땅에서 나고 자란 우리 쌀, 우리 반상 따뜻한 밥만 먹어도 맛있게, 도정한지 2주 이내의 가장 신선한 쌀을 쓰는 것이 본우리반상만의 원칙입니다.",버섯|쌀,대두 밀 쇠고기 닭고기 돼지고기 우유 굴 조개류,대두|밀|우유|조개류,PARTIAL_DESCRIPTION,CONFIRMED_LABEL,https://api.bonif.co.kr/brand/v1/menu/detail?brdCd=BF107&cmdtIdx=539579,2026-10-04,2026-06,franchise-quality-v1,OFFICIAL_MENU_DESCRIPTION_AND_BRAND_ALLERGEN_TABLE,게|견과류|달걀|땅콩|새우|생선|조개류,난류(계란) 땅콩 게 복숭아 토마토 새우 아황산류 고등어 호두 메밀 오징어 홍합 전복 잣,false,243485D0B3205DF26FC0E45108897FF9878200A61B6806114A3028BA928A7684
official-bon-bf107-539581,BON-BF107-539581,본우리반상,남도 꼬막 솥밥 반상,"탱탱한 남도 꼬막에 청양고추를 넣고 맵싹하게 양념한 별미 솥밥 반상 · 1 메뉴 특징 남도 꼬막 솥밥 반상 꼬막의 본 고장 남도에서 건져올린 탱탱한 꼬막에 청양 고추를 넣고 맵~싹하게 양념해 입맛 돋우는 별미 솥밥 반상 온기 가득 잘 지은 솥밥, 따뜻한 국, 샐러드, 반찬에 식사 후 먹는 구~수한 숭늉까지 정성껏 차린 본우리반상의 기본 상차림이 함께 제공됩니다. ※ 매장별로 판매되는 메뉴와 판매금액은 상이할 수 있습니다. 매장에 직접 문의 부탁드립니다. · 2 식재료 이야기 우리 땅에서 나고 자란 우리 쌀, 우리 반상 따뜻한 밥만 먹어도 맛있게, 도정한지 2주 이내의 가장 신선한 쌀을 쓰는 것이 본우리반상만의 원칙입니다.",고추|쌀,대두 밀 조개류,대두|밀|조개류,PARTIAL_DESCRIPTION,CONFIRMED_LABEL,https://api.bonif.co.kr/brand/v1/menu/detail?brdCd=BF107&cmdtIdx=539581,2026-10-04,2026-06,franchise-quality-v1,OFFICIAL_MENU_DESCRIPTION_AND_BRAND_ALLERGEN_TABLE,게|견과류|달걀|땅콩|새우|생선|우유|조개류,난류(계란) 쇠고기 닭고기 돼지고기 땅콩 우유 게 복숭아 토마토 새우 아황산류 고등어 호두 메밀 오징어 홍합 전복 굴 잣,false,DEF962CF03978313E2FEC421668B7CCC566193C799039933DC70FF42251AE261
official-bon-bf107-539582,BON-BF107-539582,본우리반상,가지 소고기 솥밥 반상,"가지와 다진 소고기를 특제 소스와 함께 볶은 가지 소고기 솥밥 반상 · 1 메뉴 특징 가지 소고기 솥밥 반상 가지의 식감을 살려 다진 소고기와 함께 특제 소스에 볶아 영양에 감칠맛까지 살린 가지 솥밥 반상 온기 가득 잘 지은 솥밥, 따뜻한 국, 샐러드, 반찬에 식사 후 먹는 구~수한 숭늉까지 정성껏 차린 본우리반상의 기본 상차림이 함께 제공됩니다. ※ 매장별로 판매되는 메뉴와 판매금액은 상이할 수 있습니다. 매장에 직접 문의 부탁드립니다. · 2 식재료 이야기 우리 땅에서 나고 자란 우리 쌀, 우리 반상 따뜻한 밥만 먹어도 맛있게, 도정한지 2주 이내의 가장 신선한 쌀을 쓰는 것이 본우리반상만의 원칙입니다.",소고기|쌀,대두 밀 쇠고기 굴 조개류,대두|밀|조개류,PARTIAL_DESCRIPTION,CONFIRMED_LABEL,https://api.bonif.co.kr/brand/v1/menu/detail?brdCd=BF107&cmdtIdx=539582,2026-10-04,2026-06,franchise-quality-v1,OFFICIAL_MENU_DESCRIPTION_AND_BRAND_ALLERGEN_TABLE,게|견과류|달걀|땅콩|새우|생선|우유|조개류,난류(계란) 닭고기 돼지고기 땅콩 우유 게 복숭아 토마토 새우 아황산류 고등어 호두 메밀 오징어 홍합 전복 잣,false,E4C63BBDFFCA102FAAB201A82B5EBBFB664865067ABAF4FE931535C1A2AAAE56
official-bon-bf107-539583,BON-BF107-539583,본우리반상,부채살 스테이크 솥밥 반상,"육즙 가~득 부드러운 부채살 스테이크에 특제 소스와 와사비를 곁들여 먹는 솥밥 반상 · 1 메뉴 특징 부채살 스테이크 솥밥 반상 육즙 가~득 부드러운 부채살 스테이크에 특제 소스와 와사비를 곁들여 먹는 부채살 스테이크 솥밥 반상을 함께 제공된 담백한 재래김에 싸서 더 맛있게 즐겨보세요. 온기 가득 잘 지은 솥밥, 따뜻한 국, 샐러드, 반찬에 식사 후 먹는 구~수한 숭늉까지 정성껏 차린 본우리반상의 기본 상차림이 함께 제공됩니다. ※ 매장별로 판매되는 메뉴와 판매금액은 상이할 수 있습니다. 매장에 직접 문의 부탁드립니다. · 2 식재료 이야기 우리 땅에서 나고 자란 우리 쌀, 우리 반상 따뜻한 밥만 먹어도 맛있게, 도정한지 2주 이내의 가장 신선한 쌀을 쓰는 것이 본우리반상만의 원칙입니다.",부채살|쌀,난류(계란) 대두 밀 쇠고기 우유 아황산류,달걀|대두|밀|우유,PARTIAL_DESCRIPTION,CONFIRMED_LABEL,https://api.bonif.co.kr/brand/v1/menu/detail?brdCd=BF107&cmdtIdx=539583,2026-10-04,2026-06,franchise-quality-v1,OFFICIAL_MENU_DESCRIPTION_AND_BRAND_ALLERGEN_TABLE,게|견과류|땅콩|새우|생선|조개류,닭고기 돼지고기 땅콩 게 복숭아 토마토 새우 고등어 호두 메밀 오징어 홍합 전복 굴 조개류 잣,false,F82DFFE44411471557155492E18ABB56170CDF010D8A6F6D729E912F7CB81587
official-bon-bf107-539603,BON-BF107-539603,본우리반상,코다리 물냉면,매콤새콤 코다리 물냉면 · 1 메뉴 특징 여름 대표 별미 코다리 물냉면 살얼음 동동 띄운 시원한 육수에 매콤새콤쫄깃 코다리 무침을 곁들인 코다리 물냉면 ※ 매장별로 판매되는 메뉴와 판매 금액은 상이할 수 있습니다.,,난류(계란) 대두 밀 쇠고기 우유 아황산류 메밀,달걀|대두|밀|우유,PARTIAL_DESCRIPTION,CONFIRMED_LABEL,https://api.bonif.co.kr/brand/v1/menu/detail?brdCd=BF107&cmdtIdx=539603,2026-10-04,2026-06,franchise-quality-v1,OFFICIAL_MENU_DESCRIPTION_AND_BRAND_ALLERGEN_TABLE,게|견과류|땅콩|새우|생선|조개류,닭고기 돼지고기 땅콩 게 복숭아 토마토 새우 고등어 호두 오징어 홍합 전복 굴 조개류 잣,false,FACE682AB402ECF7A200072F9168186611DC90185F3DB633917D9F9867D10D4D
official-bon-bf107-539604,BON-BF107-539604,본우리반상,코다리 비빔냉면,특제 비빔장으로 만든 매콤새콤 코다리 비빔냉면 · 1 메뉴 특징 여름 대표 별미 코다리 비빔냉면 특제 비빔장과 매콤새콤쫄깃 코다리 무침을 함께 비벼 먹는 코다리 비빔냉면 ※ 매장별로 판매되는 메뉴와 판매 금액은 상이할 수 있습니다.,,난류(계란) 대두 밀 쇠고기 우유 아황산류 메밀,달걀|대두|밀|우유,PARTIAL_DESCRIPTION,CONFIRMED_LABEL,https://api.bonif.co.kr/brand/v1/menu/detail?brdCd=BF107&cmdtIdx=539604,2026-10-04,2026-06,franchise-quality-v1,OFFICIAL_MENU_DESCRIPTION_AND_BRAND_ALLERGEN_TABLE,게|견과류|땅콩|새우|생선|조개류,닭고기 돼지고기 땅콩 게 복숭아 토마토 새우 고등어 호두 오징어 홍합 전복 굴 조개류 잣,false,A6D3DE485211E1115CEF7D1943469C8D04318E2EA6B6B9E6AA669F857D010824
official-bon-bf107-539605,BON-BF107-539605,본우리반상,코다리 물냉면과 삼겹수육 반상,매콤새콤 코다리 물냉면과 부드러운 삼겹수육의 환상 조합! · 1 메뉴 특징 여름 대표 별미 코다리 물냉면과 삼겹수육 반상 살얼음 동동 띄운 시원한 육수에 매콤새콤쫄깃 코다리 무침을 올린 코다리 물냉면과 부드러운 삼겹수육의 환상 조합! ※ 매장별로 판매되는 메뉴와 판매 금액은 상이할 수 있습니다.,수육,난류(계란) 대두 밀 쇠고기 닭고기 돼지고기 우유 아황산류 메밀,달걀|대두|밀|우유,PARTIAL_DESCRIPTION,CONFIRMED_LABEL,https://api.bonif.co.kr/brand/v1/menu/detail?brdCd=BF107&cmdtIdx=539605,2026-10-04,2026-06,franchise-quality-v1,OFFICIAL_MENU_DESCRIPTION_AND_BRAND_ALLERGEN_TABLE,게|견과류|땅콩|새우|생선|조개류,땅콩 게 복숭아 토마토 새우 고등어 호두 오징어 홍합 전복 굴 조개류 잣,false,64B18920ECDDEB2F09B3CF63D2EDC6226F5F328EDC27731BCAFC3839F893B0D6
official-bon-bf107-539606,BON-BF107-539606,본우리반상,코다리 비빔냉면과 삼겹수육 반상,특제 비빔장으로 만든 매콤새콤 코다리 비빔냉면과 부드러운 삼겹수육의 환상 조합! · 1 메뉴 특징 여름 대표 별미 코다리 비빔냉면과 삼겹수육 반상 특제 비빔장과 매콤새콤쫄깃 코다리 무침을 함께 비벼 먹는 코다리 비빔냉면과 부드러운 삼겹수육의 환상 조합! ※ 매장별로 판매되는 메뉴와 판매 금액은 상이할 수 있습니다.,수육,난류(계란) 대두 밀 쇠고기 닭고기 돼지고기 우유 아황산류 메밀,달걀|대두|밀|우유,PARTIAL_DESCRIPTION,CONFIRMED_LABEL,https://api.bonif.co.kr/brand/v1/menu/detail?brdCd=BF107&cmdtIdx=539606,2026-10-04,2026-06,franchise-quality-v1,OFFICIAL_MENU_DESCRIPTION_AND_BRAND_ALLERGEN_TABLE,게|견과류|땅콩|새우|생선|조개류,땅콩 게 복숭아 토마토 새우 고등어 호두 오징어 홍합 전복 굴 조개류 잣,false,4E429BF14302428F499AE9620FE249CEF94A9C0B1CCA4CEDC2521CDCF84AFDE4
official-bon-bf107-539692,BON-BF107-539692,본우리반상,항정살 솥밥 반상,"매콤한 간장 소스를 발라 구워낸 쫄깃하고 부드러운 항정살 솥밥 · 1 메뉴 특징 항정살 솥밥 반상 매콤한 간장 소스를 발라 구워내 쫄깃 고소한 항정 솥밥을 함께 제공된 담백한 재래김에 싸서 더 맛있게 즐겨보세요. 온기 가득 잘 지은 솥밥, 따뜻한 국, 샐러드, 반찬에 식사 후 먹는 구~수한 숭늉까지 정성껏 차린 본우리반상의 기본 상차림이 함께 제공됩니다. ※ 매장별로 판매되는 메뉴와 판매금액은 상이할 수 있습니다. 매장에 직접 문의 부탁드립니다. · 2 식재료 이야기 우리 땅에서 나고 자란 우리 쌀, 우리 반상 따뜻한 밥만 먹어도 맛있게, 도정한지 2주 이내의 가장 신선한 쌀을 쓰는 것이 본우리반상만의 원칙입니다.",쌀,대두 밀 돼지고기 굴 조개류,대두|밀|조개류,PARTIAL_DESCRIPTION,CONFIRMED_LABEL,https://api.bonif.co.kr/brand/v1/menu/detail?brdCd=BF107&cmdtIdx=539692,2026-10-04,2026-06,franchise-quality-v1,OFFICIAL_MENU_DESCRIPTION_AND_BRAND_ALLERGEN_TABLE,게|견과류|달걀|땅콩|새우|생선|우유|조개류,난류(계란) 쇠고기 닭고기 땅콩 우유 게 복숭아 토마토 새우 아황산류 고등어 호두 메밀 오징어 홍합 전복 잣,false,E9E59CDED010D9F5958E6C2354AA85A8640A22DE2AFDD8F82D3157177C6D9B8B
official-bon-bf107-539693,BON-BF107-539693,본우리반상,오리주물럭 화로 반상,"오리고기를 고추장에 버무려 구운 마늘과 함께 볶아낸 매콤 오리 주물럭 · 1 메뉴 특징 오리주물럭 화로 반상 쫄깃한 오리고기를 감칠맛 넘치는 고추장에 버무려 볶아내, 향긋한 깻잎채에 싸먹는 매콤한 오리주물럭 화로 반상 잘 지은 밥과 따뜻한 국, 샐러드, 반찬까지 정성껏 차린 본우리반상의 기본 상차림과 함께 제공합니다. ※ 매장별로 판매되는 메뉴와 판매금액은 상이할 수 있습니다. 매장에 직접 문의 부탁드립니다. · 2 식재료 이야기 우리 땅에서 나고 자란 우리 쌀, 우리 반상 따뜻한 밥만 먹어도 맛있게, 도정한지 2주 이내의 가장 신선한 쌀을 쓰는 것이 본우리반상만의 원칙입니다.",고추|깻잎|마늘|쌀|오리고기,대두 밀 우유 토마토 굴 조개류,대두|밀|우유|조개류,PARTIAL_DESCRIPTION,CONFIRMED_LABEL,https://api.bonif.co.kr/brand/v1/menu/detail?brdCd=BF107&cmdtIdx=539693,2026-10-04,2026-06,franchise-quality-v1,OFFICIAL_MENU_DESCRIPTION_AND_BRAND_ALLERGEN_TABLE,게|견과류|달걀|땅콩|새우|생선|조개류,난류(계란) 쇠고기 닭고기 돼지고기 땅콩 게 복숭아 새우 아황산류 고등어 호두 메밀 오징어 홍합 전복 잣,false,019B862BAD2DF9608DE81AB9D3136F5569530787A71AC3CA3E4253FD8167250E
official-bon-bf107-539694,BON-BF107-539694,본우리반상,한우 나주곰탕 반상,"국내산 100% 한우 양지를 결대로 찢어 듬뿍 담아낸 정통 나주식 고기 곰탕 · 1 메뉴 특징 한우 나주곰탕 반상 고기로만 맛을 낸 깊고 맑은 육수에 국내산 100% 한우양지를 결대로 찢어 듬뿍 담아낸 정통 나주식 고기 곰탕 잘 지은 밥, 샐러드, 반찬까지 정성껏 차린 본우리반상의 기본 상차림이 함께 제공됩니다. ※ 매장별로 판매되는 메뉴와 판매금액은 상이할 수 있습니다. 매장에 직접 문의 부탁드립니다.",밥,난류(계란) 대두 밀 쇠고기 닭고기 돼지고기 우유 토마토 새우 오징어 굴 조개류,달걀|대두|밀|새우|우유|조개류,PARTIAL_DESCRIPTION,CONFIRMED_LABEL,https://api.bonif.co.kr/brand/v1/menu/detail?brdCd=BF107&cmdtIdx=539694,2026-10-04,2026-06,franchise-quality-v1,OFFICIAL_MENU_DESCRIPTION_AND_BRAND_ALLERGEN_TABLE,게|견과류|땅콩|생선|조개류,땅콩 게 복숭아 아황산류 고등어 호두 메밀 홍합 전복 잣,false,EDE44BA76519C487155DEB22BAAB72F48C533D49F21D2BBB837E294DCFB8D839
official-bon-bf107-539829,BON-BF107-539829,본우리반상,더덕제육불고기 화로반상,"보양식 대표 재료인 더덕과 매콤한 양념에 버무린 돼지고기를 함께 볶아 곁들여먹는 제육불고기 반상 · 1 메뉴 특징 보양 대표 재료 더덕과 맛있게 매운 제육불고기의 만남 더덕제육불고기 화로 반상 땅의 좋은 기운을 먹고 자라 산삼에 버금가는 보양식 재료, 더덕 매콤하게 구운 돼지고기에 더덕의 향긋함까지 더한 본우리반상의 대표 메뉴입니다. 잘 지은 밥, 따뜻한 국, 샐러드, 반찬까지 정성껏 차린 본우리반상의 기본 상차림과 함께 제공됩니다. ※ 매장별로 판매되는 메뉴와 판매금액은 상이할 수 있습니다. 매장에 직접 문의 부탁드립니다. · 2 식재료 이야기 우리 땅에서 나고 자란 우리 쌀, 우리 반상 따뜻한 밥만 먹어도 맛있게, 도정한지 2주 이내의 가장 신선한 쌀을 쓰는 것이 본우리반상만의 원칙입니다. 더욱 크고 부드러워진 바다의 진미 ‘전복’ 미역이나 다시마 등 해조류를 먹고 자라 은은한 바다향을 품은 전복은 비타민, 글리신, 아르기닌 같은 아미노산을 함유해 피로 회복과 원기 회복에 탁월한 효능이 있습니다. 재료 본연의 맛과 식감을 가장 잘 느낄 수 있는 더욱 크고 부드러워진 전복이 올라가 보는 즐거움과 씹는 즐거움을 동시에 선사합니다. ​ 세계 3대 진미의 우아한 맛과 향 흙 속의 진주 ‘트러플’ 우리 말로 ‘송로버섯’이라 불리는 트러플은 7년간 땅의 에너지를 흡수하며 자라 자연재배로만 얻을 수 있습니다. 훈련된 돼지나 개를 이용해서만 채취하기 때문에 더욱 희소한 식재료이기도 합니다. 국산 김 가루를 섞어 풍미를 높인 본죽만의 특제 트러플 오일로 세계 3대 진미의 우아한 맛과 향을 담았습니다.",김|돼지고기|미역|밥|버섯|쌀|전복,대두 밀 쇠고기 돼지고기 우유,대두|밀|우유,PARTIAL_DESCRIPTION,CONFIRMED_LABEL,https://api.bonif.co.kr/brand/v1/menu/detail?brdCd=BF107&cmdtIdx=539829,2026-10-04,2026-06,franchise-quality-v1,OFFICIAL_MENU_DESCRIPTION_AND_BRAND_ALLERGEN_TABLE,게|달걀|땅콩|새우|생선|조개류,난류(계란) 닭고기 땅콩 게 토마토 새우 아황산류 고등어 오징어 홍합 굴 조개류,false,030EDDCB7FFD8060AB4A4C74A37B0ED2E998283D20D22B90434C1836D7D8ECEA
official-bon-bf107-539830,BON-BF107-539830,본우리반상,바싹불고기 화로반상,"고기를 얇게 썰어 본우리반상 특제 간장에 숙성시킨 후, 센 불에서 바싹 구워 낸 바싹 불고기 · 1 메뉴 특징 고기를 얇게 썰어 특제 간장에 숙성시킨 후 구워낸 바싹불고기 화로 반상 얇게 저민 소고기를 특제 소스에 버무려 바싹 구워 내고 잘 지은 밥과 따뜻한 국, 샐러드, 반찬까지 정성껏 차린 본우리반상의 기본 상차림과 함께 제공합니다. 남녀노소 누구나 좋아하는 본우리반상의 대표 반상 메뉴입니다. ※ 매장별로 판매되는 메뉴와 판매금액은 상이할 수 있습니다. 매장에 직접 문의 부탁드립니다. · 2 식재료 이야기 우리 땅에서 나고 자란 우리 쌀, 우리 반상 따뜻한 밥만 먹어도 맛있게, 도정한지 2주 이내의 가장 신선한 쌀을 쓰는 것이 본우리반상만의 원칙입니다.",소고기|쌀,대두 밀 쇠고기 굴 조개류,대두|밀|조개류,PARTIAL_DESCRIPTION,CONFIRMED_LABEL,https://api.bonif.co.kr/brand/v1/menu/detail?brdCd=BF107&cmdtIdx=539830,2026-10-04,2026-06,franchise-quality-v1,OFFICIAL_MENU_DESCRIPTION_AND_BRAND_ALLERGEN_TABLE,게|견과류|땅콩|새우|생선|우유,닭고기 돼지고기 땅콩 우유 게 복숭아 토마토 새우 아황산류 고등어 호두 메밀 오징어 잣,false,01AF700151CCA164D84A1EABA1ACA640BE6518602ADC4CA6B4E0BA5EAA2D018A
official-bon-bf107-539831,BON-BF107-539831,본우리반상,석갈비 화로반상,"두툼한 고기를 달달한 간장으로 숙성시킨 후 구워내어 마지막 한 점까지 따뜻하게 즐기는 석갈비 반상 · 1 메뉴 특징 두툼한 식감의 돼지고기를 달달한 간장으로 숙성시켜 구워낸 석갈비 화로 반상 본우리반상의 석갈비는 달달한 간장 양념에 돼지고기를 숯불로 구워, 화로 위에 올려 제공되는 충청도 지역의 별미 메뉴입니다. 잘 지은 밥과 따뜻한 국, 샐러드, 반찬까지 정성껏 차린 본우리반상의 기본 상차림과 함께 제공합니다. ※ 매장별로 판매되는 메뉴와 판매금액은 상이할 수 있습니다. 매장에 직접 문의 부탁드립니다. · 2 식재료 이야기 우리 땅에서 나고 자란 우리 쌀, 우리 반상 따뜻한 밥만 먹어도 맛있게, 도정한지 2주 이내의 가장 신선한 쌀을 쓰는 것이 본우리반상만의 원칙입니다.",돼지고기|쌀,대두 밀 쇠고기,대두|밀,PARTIAL_DESCRIPTION,CONFIRMED_LABEL,https://api.bonif.co.kr/brand/v1/menu/detail?brdCd=BF107&cmdtIdx=539831,2026-10-04,2026-06,franchise-quality-v1,OFFICIAL_MENU_DESCRIPTION_AND_BRAND_ALLERGEN_TABLE,게|견과류|달걀|땅콩|새우|생선|우유|조개류,난류(계란) 닭고기 돼지고기 땅콩 우유 게 복숭아 토마토 새우 아황산류 고등어 호두 메밀 오징어 홍합 전복 굴 조개류 잣,false,3EC7C3AC5D6AC22F95F6F62DD215AB625F7FC2E9D372ED88203FD5ABA222454E
official-bon-bf107-539848,BON-BF107-539848,본우리반상,통문어 솥밥 반상,"부드러우면서 야들야들한 문어를 매콤한 소스로 볶아 통으로 그대로 올린 솥밥 반상 · 1 메뉴 특징 통문어 솥밥 반상 오동통한 문어를 매콤한 특제 소스에 불향을 가득 입혀 통으로 그대로 올린, 부드러우면서 야들야들한 문어 솥밥을 맛있게 즐겨보세요. 온기 가득 잘 지은 솥밥, 따뜻한 국, 샐러드, 반찬에 식사 후 먹는 구~수한 숭늉까지 정성껏 차린 본우리반상의 기본 상차림이 함께 제공됩니다. ※ 매장별로 판매되는 메뉴와 판매금액은 상이할 수 있습니다. 매장에 직접 문의 부탁드립니다. · 2 식재료 이야기 우리 땅에서 나고 자란 우리 쌀, 우리 반상 따뜻한 밥만 먹어도 맛있게, 도정한지 2주 이내의 가장 신선한 쌀을 쓰는 것이 본우리반상만의 원칙입니다.",문어|쌀,대두 밀 아황산류 굴 조개류,대두|밀|조개류,PARTIAL_DESCRIPTION,CONFIRMED_LABEL,https://api.bonif.co.kr/brand/v1/menu/detail?brdCd=BF107&cmdtIdx=539848,2026-10-04,2026-06,franchise-quality-v1,OFFICIAL_MENU_DESCRIPTION_AND_BRAND_ALLERGEN_TABLE,게|견과류|달걀|땅콩|새우|생선|우유|조개류,난류(계란) 쇠고기 닭고기 돼지고기 땅콩 우유 게 복숭아 토마토 새우 고등어 호두 메밀 오징어 홍합 전복 잣,false,05447EA03F90B7D906440A677FFDBCD28203D040F5B6E8BABA6D3C9971E40215
official-bon-bf107-539866,BON-BF107-539866,본우리반상,어린이 돈까스 반상,"아이가 좋아하는 맛과 영양이 가득한 돈까스 반상 · 1 메뉴 특징 어린이 돈까스 반상 아이들이 좋아하는 바삭한 돈까스부터 신선한 샐러드, 메추리알 장조림과 맛살 계란말이까지 맛과 영양을 담은 특별한 키즈 반상입니다. ※ 매장별로 판매되는 메뉴와 판매금액은 상이할 수 있습니다. 매장에 직접 문의 부탁드립니다. · 2 식재료 이야기 우리 땅에서 나고 자란 우리 쌀, 우리 반상 따뜻한 밥만 먹어도 맛있게, 도정한지 2주 이내의 가장 신선한 쌀을 쓰는 것이 본우리반상만의 원칙입니다.",계란|메추리알|쌀|장조림,난류(계란) 대두 밀 쇠고기 닭고기 돼지고기 땅콩 우유 게 토마토 아황산류 호두 홍합 전복 굴 조개류,게|견과류|달걀|대두|땅콩|밀|우유|조개류,PARTIAL_DESCRIPTION,CONFIRMED_LABEL,https://api.bonif.co.kr/brand/v1/menu/detail?brdCd=BF107&cmdtIdx=539866,2026-10-04,2026-06,franchise-quality-v1,OFFICIAL_MENU_DESCRIPTION_AND_BRAND_ALLERGEN_TABLE,견과류|새우|생선,복숭아 새우 고등어 메밀 오징어 잣,false,5B7416E23B913554DDD9017C4FC6E13A2514FD5D6598581F5A320E56F1ED8CD9
official-bon-bf107-540182,BON-BF107-540182,본우리반상,바지락 순두부찌개 반상,고소하고 부드러운 초당 손두부에 시원한 바지락 듬뿍 넣고 얼큰하게 끓여낸 겨울 특선 메뉴 · 1 메뉴 특징 바지락 순두부찌개 반상 속까지 뜨끈한 겨울 특선! 고소하고 부드러운 초당 손두부에 시원한 바지락 듬뿍 넣고 얼큰하게 끓여낸 바지락 순두부찌개 반상 ※ 매장별로 판매되는 메뉴와 판매금액은 상이할 수 있습니다. 매장에 직접 문의 부탁드립니다.,두부,난류(계란) 대두 밀 쇠고기 닭고기 돼지고기 우유 새우 아황산류 고등어 오징어 굴 조개류,달걀|대두|밀|새우|생선|우유|조개류,PARTIAL_DESCRIPTION,CONFIRMED_LABEL,https://api.bonif.co.kr/brand/v1/menu/detail?brdCd=BF107&cmdtIdx=540182,2026-10-04,2026-06,franchise-quality-v1,OFFICIAL_MENU_DESCRIPTION_AND_BRAND_ALLERGEN_TABLE,게|견과류|땅콩|조개류,땅콩 게 복숭아 토마토 호두 메밀 홍합 전복 잣,false,ADE0199AA73E554C59A1E92A49049B9E58331967E218A0AEB4E1582BB4BC633F
official-bon-bf107-540197,BON-BF107-540197,본우리반상,모듬채소 추가,"새송이버섯, 팽이버섯, 양파, 대파, 청경채 · 1 메뉴 특징 모듬채소 추가 새송이버섯, 팽이버섯, 양파, 대파, 청경채 ※ 서울식 대파불고기에 추가 가능 ※ 매장별로 판매되는 메뉴와 판매금액은 상이할 수 있습니다. 매장에 직접 문의 부탁드립니다.",버섯|양파|청경채|팽이버섯,,,PARTIAL_DESCRIPTION,UNKNOWN,https://api.bonif.co.kr/brand/v1/menu/detail?brdCd=BF107&cmdtIdx=540197,2026-10-04,2026-06,franchise-quality-v1,OFFICIAL_MENU_DESCRIPTION_AND_BRAND_ALLERGEN_TABLE,,,false,B8BAB2E6E1351DF6A4A142668171599A72B2EFE1928196563F9EA5ABF58236DE
official-bon-bf107-540198,BON-BF107-540198,본우리반상,비빕밥 추가,"통마늘 오리주물럭에 볶아 먹으면 더 맛있는 비빔밥 · 1 메뉴 특징 비빔밥 추가 고소한 들기름, 김, 특제 소스까지 통마늘 오리주물럭에 볶아 먹으면 더 맛있는 비빔밥 ※ 통마늘 오리주물럭에 추가 가능 ※ 매장별로 판매되는 메뉴와 판매금액은 상이할 수 있습니다. 매장에 직접 문의 부탁드립니다.",김|마늘,,,PARTIAL_DESCRIPTION,UNKNOWN,https://api.bonif.co.kr/brand/v1/menu/detail?brdCd=BF107&cmdtIdx=540198,2026-10-04,2026-06,franchise-quality-v1,OFFICIAL_MENU_DESCRIPTION_AND_BRAND_ALLERGEN_TABLE,,,false,12608D4DBCB5A25632670CFA341FE5C6CEDF490BA664F344FB062EB37E9F199F
official-bon-bf107-540199,BON-BF107-540199,본우리반상,곤드레 들기름 메밀국수,"김·참깨·들깨가루에 향긋한 곤드레무침을 더한 메밀국수 · 1 메뉴 특징 곤드레 들기름 메밀국수 특제 맛간장, 들기름, 김·참깨·들깨가루에 곤드레무침을 더한 고소함과 향긋함의 향연, 곤드레 들기름 메밀국수 ※ 매장별로 판매되는 메뉴와 판매금액은 상이할 수 있습니다. 매장에 직접 문의 부탁드립니다.",김|참깨,대두 밀 쇠고기 닭고기 우유 메밀 굴 조개류,대두|밀|우유|조개류,PARTIAL_DESCRIPTION,CONFIRMED_LABEL,https://api.bonif.co.kr/brand/v1/menu/detail?brdCd=BF107&cmdtIdx=540199,2026-10-04,2026-06,franchise-quality-v1,OFFICIAL_MENU_DESCRIPTION_AND_BRAND_ALLERGEN_TABLE,달걀,난류(계란) 토마토,false,8A9A6B116DE20D2D9CA01199FFB4931F6AA14CC015DE8D83F4F1A47033958190
official-bon-bf107-540200,BON-BF107-540200,본우리반상,돈등심 육전,고소하고 부드러운 돼지고기 등심 육전 · 1 메뉴 특징 돈등심 육전 얇게 저민 돼지고기 등심을 계란물에 노릇하게 구워 상큼한 양파채와 곁들여 먹는 부드러운 돈등심 육전 ※ 매장별로 판매되는 메뉴와 판매금액은 상이할 수 있습니다. 매장에 직접 문의 부탁드립니다.,계란|돼지고기|등심|양파,난류(계란) 대두 밀 돼지고기,달걀|대두|밀,PARTIAL_DESCRIPTION,CONFIRMED_LABEL,https://api.bonif.co.kr/brand/v1/menu/detail?brdCd=BF107&cmdtIdx=540200,2026-10-04,2026-06,franchise-quality-v1,OFFICIAL_MENU_DESCRIPTION_AND_BRAND_ALLERGEN_TABLE,게|견과류|땅콩|새우|생선|우유|조개류,쇠고기 닭고기 땅콩 우유 게 복숭아 토마토 새우 아황산류 고등어 호두 메밀 오징어 홍합 전복 굴 조개류 잣,false,7B93B39A6E2923B29A8EFB15F0A7C32E0808E49B78F739F9D89B2B03C6942D4E
official-bon-bf107-540201,BON-BF107-540201,본우리반상,서울식 대파불고기,"대파채 듬뿍 올려 끓여낸 달달짭짤 서울식 불고기전골 · 1 메뉴 특징 서울식 대파불고기 달달 짭짤한 소불고기에 청경채, 버섯, 대파채 듬뿍 올려 자작하게 끓여 깊은 맛을 더한 서울식 불고기 전골 ※ 매장별로 판매되는 메뉴와 판매금액은 상이할 수 있습니다. 매장에 직접 문의 부탁드립니다.",버섯|청경채,대두 밀 쇠고기 우유 아황산류 굴 조개류,대두|밀|우유|조개류,PARTIAL_DESCRIPTION,CONFIRMED_LABEL,https://api.bonif.co.kr/brand/v1/menu/detail?brdCd=BF107&cmdtIdx=540201,2026-10-04,2026-06,franchise-quality-v1,OFFICIAL_MENU_DESCRIPTION_AND_BRAND_ALLERGEN_TABLE,게|견과류|달걀|땅콩|새우|생선|조개류,난류(계란) 닭고기 돼지고기 땅콩 게 복숭아 토마토 새우 고등어 호두 메밀 오징어 홍합 전복 잣,false,4DC363FFDEA89FB42929C3493679B5B0099227904CFD8ED0B69D892939CE0ABB
official-bon-bf107-540202,BON-BF107-540202,본우리반상,통마늘 오리주물럭,"통마늘과 깻잎을 듬뿍 올린 매콤한 오리주물럭 · 1 메뉴 특징 통마늘 오리주물럭 매콤하게 볶아낸 오리고기에 통마늘과 깻잎을 올린 스테미너 듬뿍, 감칠맛 가득! 통마늘 오리주물럭 ※ 매장별로 판매되는 메뉴와 판매금액은 상이할 수 있습니다. 매장에 직접 문의 부탁드립니다.",깻잎|마늘|오리고기,,,PARTIAL_DESCRIPTION,UNKNOWN,https://api.bonif.co.kr/brand/v1/menu/detail?brdCd=BF107&cmdtIdx=540202,2026-10-04,2026-06,franchise-quality-v1,OFFICIAL_MENU_DESCRIPTION_AND_BRAND_ALLERGEN_TABLE,,,false,D5E638A0D14E2D6DCCB9D3E7CDD2A51AE473D663B03935ABB4B87E6D067EA52E
official-bon-bf107-540203,BON-BF107-540203,본우리반상,서울식 대파불고기와 곤드레 들기름 메밀국수,"서울식 대파불고기와 곤드레 들기름 메밀국수에 본우리반상의 한식 3찬과 부드러운 깻잎전으로 풍성함을 더하는 한식 주안상 · 1 메뉴 특징 서울식 대파불고기와 곤드레 들기름 메밀국수 ☑️ 달달 짭짤한 소불고기에 청경채, 버섯, 대파채 듬뿍 올려 자작하게 끓여 깊은 맛을 더한 서울식 불고기 전골 ☑️ 특제 맛간장, 들기름, 김·참깨·들깨가루에 곤드레무침을 더한 고소함과 향긋함의 향연, 곤드레 들기름 메밀국수 ☑️ 본우리반상의 한식 3찬과 부드러운 깻잎전으로 풍성함을 더하는 한식 주안상 ※ 매장별로 판매되는 메뉴와 판매금액은 상이할 수 있습니다. 매장에 직접 문의 부탁드립니다.",김|깻잎|버섯|참깨|청경채,,,PARTIAL_DESCRIPTION,UNKNOWN,https://api.bonif.co.kr/brand/v1/menu/detail?brdCd=BF107&cmdtIdx=540203,2026-10-04,2026-06,franchise-quality-v1,OFFICIAL_MENU_DESCRIPTION_AND_BRAND_ALLERGEN_TABLE,,,false,9AB6E41FF5681406DC7F56B2502F108A8EC2D9BE2FA3C0ED288D3958E2B32A8F
official-bon-bf107-540204,BON-BF107-540204,본우리반상,통마늘 오리주물럭과 돈등심 육전,"통마늘 오리주물럭, 돈등심 육전에 본우리반상의 한식 3찬과 부드러운 깻잎전으로 풍성함을 더하는 한식 주안상 · 1 메뉴 특징 통마늘 오리주물럭과 돈등심 육전 ☑️ 매콤하게 볶아낸 오리고기에 통마늘과 깻잎을 올린 스테미너 듬뿍, 감칠맛 가득! 통마늘 오리주물럭 ☑️ 얇게 저민 돼지고기 등심을 계란물에 노릇하게 구워 상큼한 양파채와 곁들여 먹는 부드러운 돈등심 육전 ☑️ 본우리반상의 한식 3찬과 부드러운 깻잎전으로 풍성함을 더하는 한식 주안상 ※ 매장별로 판매되는 메뉴와 판매금액은 상이할 수 있습니다. 매장에 직접 문의 부탁드립니다.",계란|깻잎|돼지고기|등심|마늘|양파|오리고기,,,PARTIAL_DESCRIPTION,UNKNOWN,https://api.bonif.co.kr/brand/v1/menu/detail?brdCd=BF107&cmdtIdx=540204,2026-10-04,2026-06,franchise-quality-v1,OFFICIAL_MENU_DESCRIPTION_AND_BRAND_ALLERGEN_TABLE,,,false,BD7067441E85A683BF90B98DC01A4D1A96640E723FF296D67C5D10414FAD6D16
official-bon-bf107-540243,BON-BF107-540243,본우리반상,본우리 육(肉)반상,"본우리반상 대표 육류 화로에 버섯 솥밥, 미니 된장찌개를 곁들여 가장 든든한 프리미엄 반상 · 1 메뉴 특징 본우리반상 시그니처 본우리 육(肉)반상 맛있게 볶아낸 본우리반상 대표 육류 화로에 버섯 솥밥, 미니 된장찌개를 곁들여 가장 든든한 프리미엄 반상 한 상에 정성껏 차려낸 솥밥, 화로, 찌개와 맛있는 한식 반찬을 즐겨보세요 ※ 육류 화로 선택 가능(바싹불고기 or 더덕제육불고기) ※ 버섯 솥밥에 포함된 은행을 못드시는 경우 주문 시 말씀해주세요. ※ 매장별로 판매되는 메뉴와 판매 금액은 상이할 수 있습니다. · 2 식재료 이야기 우리 땅에서 나고 자란 우리 쌀, 우리 반상 따뜻한 밥만 먹어도 맛있게, 도정한지 2주 이내의 가장 신선한 쌀을 쓰는 것이 본우리반상만의 원칙입니다.",버섯|쌀,,,PARTIAL_DESCRIPTION,UNKNOWN,https://api.bonif.co.kr/brand/v1/menu/detail?brdCd=BF107&cmdtIdx=540243,2026-10-04,2026-06,franchise-quality-v1,OFFICIAL_MENU_DESCRIPTION_AND_BRAND_ALLERGEN_TABLE,,,false,1A09B944DB4A61FAD2B8F1ED3BE01A0D1E1F3A5F84E65CA13EDF66AA7470ED7B
official-bon-bf107-540244,BON-BF107-540244,본우리반상,본우리 어(漁)반상,"담백하게 구워낸 순살 생선구이에 버섯 솥밥, 미니 된장찌개를 곁들여 가장 건강한 프리미엄 반상 · 1 메뉴 특징 본우리반상 시그니처 본우리 어(漁)반상 담백하게 구워낸 순살 생선구이에 버섯 솥밥, 미니 된장찌개를 곁들여 가장 든든한 프리미엄 반상 한 상에 정성껏 차려낸 솥밥, 화로, 찌개와 맛있는 한식 반찬을 즐겨보세요 ※ 생선 화로 선택 가능(고등어구이 or 임연수구이) ※ 생선구이 특성상 일부 가시가 나올 수 있으니 유의하시기 바랍니다. ※ 버섯 솥밥에 포함된 은행을 못드시는 경우 주문 시 말씀해주세요. ※ 매장별로 판매되는 메뉴와 판매 금액은 상이할 수 있습니다.",고등어|버섯,,,PARTIAL_DESCRIPTION,UNKNOWN,https://api.bonif.co.kr/brand/v1/menu/detail?brdCd=BF107&cmdtIdx=540244,2026-10-04,2026-06,franchise-quality-v1,OFFICIAL_MENU_DESCRIPTION_AND_BRAND_ALLERGEN_TABLE,,,false,EA3BD4AF1098818E6DCD352CBEA802EAC88451982D5FC0995C47E39B4A27D635
official-bon-bf107-540245,BON-BF107-540245,본우리반상,본우리 한상 정찬(2인),"버섯 솥밥 2인 + 고등어&임연수구이 + 석갈비 냉채샐러드 + 찌개(택1) + 한식 3찬 · 1 메뉴 특징 본우리반상 시그니처 본우리 한상 정찬 소중한 사람과 함께할 때 더 가치있는 프리미엄 정찬 (2인분) 버섯 솥밥 2인 + 고등어&임연수 구이 + 석갈비 냉채샐러드 + 찌개(택1) + 한식 3찬 ※ 찌개 선택 가능(바지락 순두부찌개 or 되비지찌개) ※ 생선구이 특성상 일부 가시가 나올 수 있으니 유의하시기 바랍니다. ※ 버섯 솥밥에 포함된 은행을 못드시는 경우 주문 시 말씀해주세요. ※ 매장별로 판매되는 메뉴와 판매 금액은 상이할 수 있습니다. · 2 식재료 이야기 우리 땅에서 나고 자란 우리 쌀, 우리 반상 따뜻한 밥만 먹어도 맛있게, 도정한지 2주 이내의 가장 신선한 쌀을 쓰는 것이 본우리반상만의 원칙입니다.",고등어|두부|버섯|쌀,,,PARTIAL_DESCRIPTION,UNKNOWN,https://api.bonif.co.kr/brand/v1/menu/detail?brdCd=BF107&cmdtIdx=540245,2026-10-04,2026-06,franchise-quality-v1,OFFICIAL_MENU_DESCRIPTION_AND_BRAND_ALLERGEN_TABLE,,,false,9159EA326F53ABA404E75B1B90D52BCA92BA7DFC5B343297B4CA1D216879052D
official-bon-bf107-540246,BON-BF107-540246,본우리반상,사골황태해장국 반상,"진한 사골육수에 부드럽고 고소한 황태채를 듬뿍 넣어 개운하게 끓여낸 든든 보양 반상 · 1 메뉴 특징 사골 황태해장국 반상 진한 사골육수에 부드럽고 고소한 황태채를 듬뿍 넣어 개운하게 끓여낸 든든 보양 반상 잘 지은 밥, 샐러드, 반찬까지 정성껏 차린 본우리반상의 기본 상차림이 함께 제공됩니다. ※ 매장별로 판매되는 메뉴와 판매 금액은 상이할 수 있습니다.",밥,대두 밀 쇠고기 닭고기 돼지고기 땅콩 우유 토마토 새우 오징어 굴 조개류,대두|땅콩|밀|새우|우유|조개류,PARTIAL_DESCRIPTION,CONFIRMED_LABEL,https://api.bonif.co.kr/brand/v1/menu/detail?brdCd=BF107&cmdtIdx=540246,2026-10-04,2026-06,franchise-quality-v1,OFFICIAL_MENU_DESCRIPTION_AND_BRAND_ALLERGEN_TABLE,게|견과류|달걀|생선|조개류,난류(계란) 게 복숭아 아황산류 고등어 호두 메밀 홍합 전복 잣,false,6FCF29D631A86D2BB9ED4FAF953DDA6550E48B041ECF0186E416A42962B12E12
official-bon-bf107-540293,BON-BF107-540293,본우리반상,파주 장단콩 메밀콩국수 반상,국내산 100% 파주 장단콩으로 만들어 부드럽고 진한 여름 별미 메밀콩국수 · 1 메뉴 특징 여름 대표 별미 파주 장단콩 메밀콩국수 반상 국내산 100% 파주 장단콩으로 만들어 부드럽고 진한 콩국물에 고소한 메밀면을 넣어 즐기는 시원한 여름 별미 콩국수 ※ 매장별로 판매되는 메뉴와 판매 금액은 상이할 수 있습니다.,,,,PARTIAL_DESCRIPTION,UNKNOWN,https://api.bonif.co.kr/brand/v1/menu/detail?brdCd=BF107&cmdtIdx=540293,2026-10-04,2026-06,franchise-quality-v1,OFFICIAL_MENU_DESCRIPTION_AND_BRAND_ALLERGEN_TABLE,,,false,58D53DB6ECCE90A78DBD413921747306E2A20FE80E09D1EA3C5165F864B6D8DE
official-bon-bf111-539761,BON-BF111-539761,멘지,차슈가득 토리파이탄 라멘,수비드 목살 차슈를 그릇 가득 둘러 먹는 멘지 시그니처 메뉴 · 1 메뉴 특징 차슈가득 토리파이탄 고온에서 오랜시간 우려낸 닭 육수와 비법 타래로 진한 감칠맛이 있으면서도 깔끔 고소한 맛의 토리파이탄 라멘에 세계 3대 품종 듀록 생고기로 만든 수비드 목살 차슈를 그릇 가~득 둘러 먹는 멘지 시그니처 메뉴! (※ 라멘 변경 가능) ※ 매장별로 판매되는 메뉴와 판매금액은 상이할 수 있습니다.,,난류(계란) 대두 밀 닭고기 돼지고기 우유 새우 아황산류 고등어 조개류,달걀|대두|밀|새우|생선|우유|조개류,PARTIAL_DESCRIPTION,CONFIRMED_LABEL,https://api.bonif.co.kr/brand/v1/menu/detail?brdCd=BF111&cmdtIdx=539761,2026-10-04,2026-08-31,franchise-quality-v1,OFFICIAL_MENU_DESCRIPTION_AND_BRAND_ALLERGEN_TABLE,게|견과류|땅콩|조개류,쇠고기 땅콩 게 복숭아 토마토 호두 메밀 오징어 홍합 전복 굴 잣,false,43634AB2FAC55FFFC292CFFDFC74BB5B579D36FFA1354B0F6A19A717A389CABD
official-bon-bf111-539763,BON-BF111-539763,멘지,바질아지헨 파이탄 라멘,토리파이탄 라멘과 산뜻한 바질 아지헨의 조합 · 1 메뉴 특징 바질아지헨 파이탄 바질의 산뜻함과 올리브오일의 향긋함으로 고소 담백한 멘지 토리파이탄 라멘 맛을 반전시켜 끊임없이 들어가는 매력! ※ 라멘이 1/3정도 남았을 때 바질 아지헨을 섞어 드세요! ※ 매장별로 판매되는 메뉴와 판매금액은 상이할 수 있습니다.,바질,,,PARTIAL_DESCRIPTION,UNKNOWN,https://api.bonif.co.kr/brand/v1/menu/detail?brdCd=BF111&cmdtIdx=539763,2026-10-04,2026-08-31,franchise-quality-v1,OFFICIAL_MENU_DESCRIPTION_AND_BRAND_ALLERGEN_TABLE,,,false,513F33BA33FE16C5BDB07C25227E52A65E2FB048762F84C766D6675EA65A067B
official-bon-bf111-539764,BON-BF111-539764,멘지,토리파이탄 라멘,진~한 닭육수로 만든 멘지 대표 라멘 · 1 메뉴 특징 토리파이탄 고온에서 오랜시간 우려낸 닭 육수와 비법 타래로 진한 감칠맛이 있으면서도 깔끔 고소한 맛이 일품인 멘지 대표 라멘! 오감만족 일본 미식여행을 떠나보세요! ※ 라멘이 1/3 정도 남았을 때 알리올리(마늘) 아지헨을 섞어 드세요! ※ 매장별로 판매되는 메뉴와 판매금액은 상이할 수 있습니다.,마늘,난류(계란) 대두 밀 닭고기 돼지고기 우유 새우 아황산류 고등어 조개류,달걀|대두|밀|새우|생선|우유|조개류,PARTIAL_DESCRIPTION,CONFIRMED_LABEL,https://api.bonif.co.kr/brand/v1/menu/detail?brdCd=BF111&cmdtIdx=539764,2026-10-04,2026-08-31,franchise-quality-v1,OFFICIAL_MENU_DESCRIPTION_AND_BRAND_ALLERGEN_TABLE,게|견과류|땅콩|조개류,쇠고기 땅콩 게 복숭아 토마토 호두 메밀 오징어 홍합 전복 굴 잣,false,C1CC8BF0F9B2D41154BA0E8CF0E4E4BD65C6E397968D9DA943A72B4C73AD2E47
official-bon-bf111-539765,BON-BF111-539765,멘지,카라 탄탄멘,매콤한 양념을 더한 칼칼한 라멘 · 1 메뉴 특징 카라 탄타멘 돼지고기와 캐슈넛으로 만든 카라장을 더해 고~소하고 맵큰달큰한 일본식 탄탄멘 ※ 매장별로 판매되는 메뉴와 판매금액은 상이할 수 있습니다.,돼지고기,난류(계란) 대두 밀 쇠고기 닭고기 돼지고기 우유 새우 아황산류 고등어 조개류,달걀|대두|밀|새우|생선|우유|조개류,PARTIAL_DESCRIPTION,CONFIRMED_LABEL,https://api.bonif.co.kr/brand/v1/menu/detail?brdCd=BF111&cmdtIdx=539765,2026-10-04,2026-08-31,franchise-quality-v1,OFFICIAL_MENU_DESCRIPTION_AND_BRAND_ALLERGEN_TABLE,게|견과류|땅콩|조개류,땅콩 게 복숭아 토마토 호두 메밀 오징어 홍합 전복 굴 잣,false,F1857A35BED828A871624F3D874FA86ED30F07989F4FA32FC6FED0BD2AEFBFC0
official-bon-bf111-539766,BON-BF111-539766,멘지,토리 쇼유 라멘,닭육수에 간장의 풍미를 더한 라멘 · 1 메뉴 특징 토리 쇼유 저온으로 오랜시간 끓여 맑은 닭 육수에 4종의 간장을 직접 블렌딩한 비법 타래소스를 넣어 은은한 향과 다채로운 감칠맛이 매력적인 토리 쇼유 라멘으로 오감만족 일본 미식여행을 떠나보세요! ※ 매장별로 판매되는 메뉴와 판매금액은 상이할 수 있습니다.,,난류(계란) 대두 밀 닭고기 돼지고기 우유 새우 아황산류 고등어 오징어 조개류,달걀|대두|밀|새우|생선|우유|조개류,PARTIAL_DESCRIPTION,CONFIRMED_LABEL,https://api.bonif.co.kr/brand/v1/menu/detail?brdCd=BF111&cmdtIdx=539766,2026-10-04,2026-08-31,franchise-quality-v1,OFFICIAL_MENU_DESCRIPTION_AND_BRAND_ALLERGEN_TABLE,게|견과류|땅콩|조개류,쇠고기 땅콩 게 복숭아 토마토 호두 메밀 홍합 전복 굴 잣,false,8AC50A73DB6907F34C2D53895A7C3196BF72F2FE1F7CD654CF3B0C1D7B29D2F4
official-bon-bf111-539767,BON-BF111-539767,멘지,토리 시오 라멘,닭육수에 소금의 풍미를 더한 라멘 · 1 메뉴 특징 토리 시오 저온으로 오랜시간 끓여 맑은 닭 육수에 3가지 종류의 소금을 황금 비율로 섞어 감칠맛을 최대치로 끌어올린 토리 시오 라멘으로 오감만족 일본 미식여행을 떠나보세요! ※ 매장별로 판매되는 메뉴와 판매금액은 상이할 수 있습니다.,,난류(계란) 대두 밀 닭고기 돼지고기 우유 새우 아황산류 고등어 오징어 조개류,달걀|대두|밀|새우|생선|우유|조개류,PARTIAL_DESCRIPTION,CONFIRMED_LABEL,https://api.bonif.co.kr/brand/v1/menu/detail?brdCd=BF111&cmdtIdx=539767,2026-10-04,2026-08-31,franchise-quality-v1,OFFICIAL_MENU_DESCRIPTION_AND_BRAND_ALLERGEN_TABLE,게|견과류|땅콩|조개류,쇠고기 땅콩 게 복숭아 토마토 호두 메밀 홍합 전복 굴 잣,false,1ABA6323335BAA9FCDB93B48270DBAEBBDC78EB9EAE521125E0C3B42321178C9
official-bon-bf111-539770,BON-BF111-539770,멘지,치킨 가라아게,바삭한 일본식 치킨 튀김 · 1 메뉴 특징 치킨 가라아게 바삭하게 튀긴 일본식 치킨 가라아게로 라멘과 함께 곁들여 먹기 좋은 튀김 메뉴 ※ 매장별로 판매되는 메뉴와 판매금액은 상이할 수 있습니다.,,난류(계란) 대두 밀 쇠고기 닭고기 우유,달걀|대두|밀|우유,PARTIAL_DESCRIPTION,CONFIRMED_LABEL,https://api.bonif.co.kr/brand/v1/menu/detail?brdCd=BF111&cmdtIdx=539770,2026-10-04,2026-08-31,franchise-quality-v1,OFFICIAL_MENU_DESCRIPTION_AND_BRAND_ALLERGEN_TABLE,게|견과류|땅콩|새우|생선|조개류,돼지고기 땅콩 게 복숭아 토마토 새우 아황산류 고등어 호두 메밀 오징어 홍합 전복 굴 조개류 잣,false,834446CE331AC3766D54B0759AF7C09C703E018B07C2FDD4850AC4353B4868E3
official-bon-bf111-539771,BON-BF111-539771,멘지,후추 테바나카(3p),"후추를 곁들인 닭날개 튀김 · 1 메뉴 특징 후추 테바나카(3p) 후추를 곁들여 풍미를 올린 일본식 닭 날개, 라멘과 함께 곁들여 먹기 좋은 메뉴",,대두 밀 닭고기,대두|밀,PARTIAL_DESCRIPTION,CONFIRMED_LABEL,https://api.bonif.co.kr/brand/v1/menu/detail?brdCd=BF111&cmdtIdx=539771,2026-10-04,2026-08-31,franchise-quality-v1,OFFICIAL_MENU_DESCRIPTION_AND_BRAND_ALLERGEN_TABLE,달걀|우유,난류(계란) 우유,false,FFA505B274D5B583814BAEFE784F31D739FE30D3FC9B3373A14A9AE69ACBDF76
official-bon-bf111-539772,BON-BF111-539772,멘지,메론소다,청량한 메론향 소다 · 1 메뉴 특징 메론소다 청량하면서도 부드러운 메론향 소다 ※ 논알콜 음료 ※ 매장별로 판매되는 메뉴와 판매금액은 상이할 수 있습니다.,,복숭아,,PARTIAL_DESCRIPTION,CONFIRMED_LABEL,https://api.bonif.co.kr/brand/v1/menu/detail?brdCd=BF111&cmdtIdx=539772,2026-10-04,2026-08-31,franchise-quality-v1,OFFICIAL_MENU_DESCRIPTION_AND_BRAND_ALLERGEN_TABLE,대두,대두 토마토,false,E9F0803888E9B514E26AABBF629F7E834BDA54E841D769AFDB84E1ED271F2C03
official-bon-bf111-539817,BON-BF111-539817,멘지,신(辛) 토리파이탄 라멘,한국인 입맛에 딱! 맞게 맛있게 매운 라멘 · 1 메뉴 특징 땡초 토리파이탄 토리파이탄에 맛있게 매운 고추 시즈닝과 청양고추를 가득 올려 한국인 입맛에 딱! 맞는 깔끔하게 매운 라멘 (신라면 맵기) ※ 매장별로 판매되는 메뉴와 판매금액은 상이할 수 있습니다.,고추,난류(계란) 대두 밀 닭고기 돼지고기 우유 새우 아황산류 고등어 조개류,달걀|대두|밀|새우|생선|우유|조개류,PARTIAL_DESCRIPTION,CONFIRMED_LABEL,https://api.bonif.co.kr/brand/v1/menu/detail?brdCd=BF111&cmdtIdx=539817,2026-10-04,2026-08-31,franchise-quality-v1,OFFICIAL_MENU_DESCRIPTION_AND_BRAND_ALLERGEN_TABLE,게|견과류|땅콩|조개류,쇠고기 땅콩 게 복숭아 토마토 호두 메밀 오징어 홍합 전복 굴 잣,false,BE1C7D6D9036E7263449AC320691237A1308623F2E5C238212FBFA4EA326AA36
official-bon-bf111-539819,BON-BF111-539819,멘지,치킨 가라아게동,치킨 가라아게를 가득 쌓아 올린 덮밥 · 1 메뉴 특징 치킨 가라아게동 바삭 통통 치킨 가라아게를 가득 쌓아 올리고 단짠 데리야끼 소스와 새하얀 마늘 시즈닝을 뿌린 덮밥 ※ 매장별로 판매되는 메뉴와 판매금액은 상이할 수 있습니다.,마늘,난류(계란) 대두 밀 쇠고기 닭고기 우유 아황산류 굴 조개류,달걀|대두|밀|우유|조개류,PARTIAL_DESCRIPTION,CONFIRMED_LABEL,https://api.bonif.co.kr/brand/v1/menu/detail?brdCd=BF111&cmdtIdx=539819,2026-10-04,2026-08-31,franchise-quality-v1,OFFICIAL_MENU_DESCRIPTION_AND_BRAND_ALLERGEN_TABLE,게|견과류|땅콩|새우|생선|조개류,돼지고기 땅콩 게 복숭아 토마토 새우 고등어 호두 메밀 오징어 홍합 전복 잣,false,9D111AB22F931222964476CAB9E9AD88FCADA61C3E2A0AF6730263051E0345B2
official-bon-bf111-539820,BON-BF111-539820,멘지,에비후라이(1pcs),바삭하게 튀긴 왕새우튀김 · 1 메뉴 특징 에비후라이 왕새우 한 마리를 통째로 튀긴 바삭한 에비후라이 ※ 매장별로 판매되는 메뉴와 판매금액은 상이할 수 있습니다.,새우,,,PARTIAL_DESCRIPTION,UNKNOWN,https://api.bonif.co.kr/brand/v1/menu/detail?brdCd=BF111&cmdtIdx=539820,2026-10-04,2026-08-31,franchise-quality-v1,OFFICIAL_MENU_DESCRIPTION_AND_BRAND_ALLERGEN_TABLE,,,false,056789017A7DF743D2D09E7A380DFB8A30F4E399BD497EB2274C8CE92663AC65
official-bon-bf111-539834,BON-BF111-539834,멘지,야끼토리동,직화로 구워내 불향 가득한 일본식 야끼토리 덮밥 · 1 메뉴 특징 야끼토리동 직화로 구워내 불향 가득한 야끼토리에 달큰 짭조름한 소스와 와사비를 곁들여 먹는 일본식 야끼토리 덮밥 ※ 매장별로 판매되는 메뉴와 판매금액은 상이할 수 있습니다.,,난류(계란) 대두 밀 쇠고기 닭고기 돼지고기 우유 아황산류 고등어,달걀|대두|밀|생선|우유,PARTIAL_DESCRIPTION,CONFIRMED_LABEL,https://api.bonif.co.kr/brand/v1/menu/detail?brdCd=BF111&cmdtIdx=539834,2026-10-04,2026-08-31,franchise-quality-v1,OFFICIAL_MENU_DESCRIPTION_AND_BRAND_ALLERGEN_TABLE,게|견과류|땅콩|새우|조개류,땅콩 게 복숭아 토마토 새우 호두 메밀 오징어 홍합 전복 굴 조개류 잣,false,96AC15B13EB8897426C248EF18EF81A84A82BFF822F33CB64B5AC25533D08775
official-bon-bf111-539835,BON-BF111-539835,멘지,미니 야끼토리동,일본식 야끼토리를 올린 미니 덮밥 · 1 메뉴 특징 미니 야끼토리동 직화로 구워내 불향 가득한 야끼토리와 와사비를 곁들여 먹는 미니 덮밥 ※ 매장별로 판매되는 메뉴와 판매금액은 상이할 수 있습니다.,,대두 밀 쇠고기 닭고기 돼지고기 우유,대두|밀|우유,PARTIAL_DESCRIPTION,CONFIRMED_LABEL,https://api.bonif.co.kr/brand/v1/menu/detail?brdCd=BF111&cmdtIdx=539835,2026-10-04,2026-08-31,franchise-quality-v1,OFFICIAL_MENU_DESCRIPTION_AND_BRAND_ALLERGEN_TABLE,게|견과류|달걀|땅콩|새우|생선|조개류,난류(계란) 땅콩 게 복숭아 토마토 새우 아황산류 고등어 호두 메밀 오징어 홍합 전복 굴 조개류 잣,false,4873CFBDF18C4758C347222E477FF2A70C5F63AAC8C157BDEEA2A9C503A238BC
official-bon-bf111-539919,BON-BF111-539919,멘지,레몬소다,상큼한 레몬으로 만든 새콤달콤 톡! 쏘는 소다 · 1 메뉴 특징 레몬소다 상큼한 레몬을 넣어 만든 새콤달콤 톡! 쏘는 소다 ※ 논알콜 음료,레몬,,,PARTIAL_DESCRIPTION,UNKNOWN,https://api.bonif.co.kr/brand/v1/menu/detail?brdCd=BF111&cmdtIdx=539919,2026-10-04,2026-08-31,franchise-quality-v1,OFFICIAL_MENU_DESCRIPTION_AND_BRAND_ALLERGEN_TABLE,견과류|대두|땅콩|우유,대두 땅콩 우유 복숭아 토마토 호두,false,ADF9854418BB18C4098C506CD1D6748B136B99DC1B6596488E4022DC3E0D0C75
official-bon-bf111-539920,BON-BF111-539920,멘지,미니밥,라멘에 곁들이기 딱 알맞은 미니밥 (80g) · 1 메뉴 특징 미니밥 라멘에 곁들이기 딱 알맞은 미니밥 (80g),,,,PARTIAL_DESCRIPTION,UNKNOWN,https://api.bonif.co.kr/brand/v1/menu/detail?brdCd=BF111&cmdtIdx=539920,2026-10-04,2026-08-31,franchise-quality-v1,OFFICIAL_MENU_DESCRIPTION_AND_BRAND_ALLERGEN_TABLE,,,false,792CFEEB36F1691656B7932C973B6B0C14B597248CE5DAAEF132CDFAF717115B
official-bon-bf111-539921,BON-BF111-539921,멘지,미니 치즈밥,★파이탄 추천 조합★ 파마산치즈 & 후추 가루가 뿌려진 미니밥 · 1 메뉴 특징 미니 치즈밥 ★파이탄 추천 조합★ 파마산 치즈 & 후추가 뿌려진 밥 위에 라멘 국물 2스푼을 넣어 비비면 꾸덕꾸덕한 리조또 완성!,밥|치즈,,,PARTIAL_DESCRIPTION,UNKNOWN,https://api.bonif.co.kr/brand/v1/menu/detail?brdCd=BF111&cmdtIdx=539921,2026-10-04,2026-08-31,franchise-quality-v1,OFFICIAL_MENU_DESCRIPTION_AND_BRAND_ALLERGEN_TABLE,,,false,C73BC20A96142183393C526E8378E86B75BFC53ABF7FECBD5846C28B502A93A2
official-bon-bf111-539922,BON-BF111-539922,멘지,미니 명란밥,★쇼유&시오 추천 조합★ 명란&김가루가 뿌려진 미니밥 · 1 메뉴 특징 미니 명란밥 ★쇼유&시오추천 조합★ 명란 & 김가루가 뿌려진 밥 위에 라멘 국물 2스푼을 넣어 비비면 짭짤하고 맛있는 오차즈케 완성!,명란|밥,,,PARTIAL_DESCRIPTION,UNKNOWN,https://api.bonif.co.kr/brand/v1/menu/detail?brdCd=BF111&cmdtIdx=539922,2026-10-04,2026-08-31,franchise-quality-v1,OFFICIAL_MENU_DESCRIPTION_AND_BRAND_ALLERGEN_TABLE,,,false,8C64BCA7D77ACDD559CCBA712AF1880E158069E2871ACB05A56D97876BFDA9F3
official-bon-bf111-540212,BON-BF111-540212,멘지,수제 등심돈카츠,"국내산 한돈 등심으로 만든 촉촉하고 부드러운 로스카츠 · ​ 1 메뉴 특징 한돈 생듬심 수제 등심돈카츠 국내산 한돈 생듬심으로 만든 촉촉하고 부드러운 로스카츠 16가지 재료로 만든 멘지 특제 소스와 히말라야 솔트, 와사비를 함께 곁들여 드세요. (※ 미니우동 기본 제공) ※ 매장별로 판매되는 메뉴와 판매금액은 상이할 수 있습니다.",등심,난류(계란) 대두 밀 쇠고기 돼지고기 우유 토마토 아황산류 굴 조개류,달걀|대두|밀|우유|조개류,PARTIAL_DESCRIPTION,CONFIRMED_LABEL,https://api.bonif.co.kr/brand/v1/menu/detail?brdCd=BF111&cmdtIdx=540212,2026-10-04,2026-08-31,franchise-quality-v1,OFFICIAL_MENU_DESCRIPTION_AND_BRAND_ALLERGEN_TABLE,게|견과류|땅콩|새우|생선|조개류,닭고기 땅콩 게 복숭아 새우 고등어 호두 메밀 오징어 홍합 전복 잣,false,68B2D46A16F6802DBD558E5997423ED5DDCCA4DF54CAB7C1E1914EFEC4E410EA
official-bon-bf111-540213,BON-BF111-540213,멘지,미니 등심돈카츠,국내산 한돈 등심으로 만든 촉촉하고 부드러운 로스카츠 (90g) · 1 메뉴 특징 등심돈카츠 국내산 한돈 등심으로 만든 촉촉하고 부드러운 로스카츠 (90g) * 소스 제공 ※ 해당 메뉴는 일부 매장에서만 판매됩니다.,등심,,,PARTIAL_DESCRIPTION,UNKNOWN,https://api.bonif.co.kr/brand/v1/menu/detail?brdCd=BF111&cmdtIdx=540213,2026-10-04,2026-08-31,franchise-quality-v1,OFFICIAL_MENU_DESCRIPTION_AND_BRAND_ALLERGEN_TABLE,,,false,69B1C0608DBD4762BCEB408B5B184DCA3AFB85490ECE77F4C20E809831C6892B
official-bon-bf111-540260,BON-BF111-540260,멘지,맑은 토리냉면,맑고 슴슴한 감칠맛 멘지 '토리(닭)육수' 본연의 맛을 살린 냉면 · ​ 1 메뉴 특징 평양냉면파 추천! 맑은 토리냉면 맑고 담백한 멘지 '토리(닭)육수' 본연의 감칠맛을 그대로 살린 시원한 냉면 ※ 매장별로 판매되는 메뉴와 판매금액은 상이할 수 있습니다.,,난류(계란) 대두 밀 닭고기 돼지고기 우유 새우 아황산류 고등어 오징어 조개류,달걀|대두|밀|새우|생선|우유|조개류,PARTIAL_DESCRIPTION,CONFIRMED_LABEL,https://api.bonif.co.kr/brand/v1/menu/detail?brdCd=BF111&cmdtIdx=540260,2026-10-04,2026-08-31,franchise-quality-v1,OFFICIAL_MENU_DESCRIPTION_AND_BRAND_ALLERGEN_TABLE,게|견과류|땅콩|조개류,쇠고기 땅콩 게 복숭아 토마토 호두 메밀 홍합 전복 굴 잣,false,1D8168C5F79D08BC62F812ED0C0185BE2B551D6F3B7CEEC1C2BDC31A49B2A474
official-bon-bf111-540261,BON-BF111-540261,멘지,진한 토리냉면,상큼하고 깊은 진한 감칠맛! 멘지 '토리(닭)육수'에 특제 유자 간장 소스를 더한 냉면 · ​ 1 메뉴 특징 함흥냉면파 추천! 진한 토리냉면 맑고 담백한 멘지 '토리(닭)육수'에 멘지 특제 유자 간장 소스를 넣어 상큼하고 깊은 진한 감칠맛이 매력적인 시원한 냉면 ※ 매장별로 판매되는 메뉴와 판매금액은 상이할 수 있습니다.,,난류(계란) 대두 밀 닭고기 돼지고기 우유 새우 아황산류 고등어 오징어 조개류,달걀|대두|밀|새우|생선|우유|조개류,PARTIAL_DESCRIPTION,CONFIRMED_LABEL,https://api.bonif.co.kr/brand/v1/menu/detail?brdCd=BF111&cmdtIdx=540261,2026-10-04,2026-08-31,franchise-quality-v1,OFFICIAL_MENU_DESCRIPTION_AND_BRAND_ALLERGEN_TABLE,게|견과류|땅콩|조개류,쇠고기 땅콩 게 복숭아 토마토 호두 메밀 홍합 전복 굴 잣,false,865969230DBA2E0697C479F9FD2C74778D08FC30BB69740BA7E34180EE26D386
official-bon-bf111-540275,BON-BF111-540275,멘지,수제 라멘 + 미니 등심돈카츠 정식,"수제 닭 육수 라멘, 미니 등심돈카츠, 미니 치즈밥, 타코야끼 · ​ 1 메뉴 특징 시그니처 정식 수제 라멘 + 미니 등심돈카츠 정식 진하고 고소한 수제 닭 육수 라멘과 바삭한 미니 한돈 등심돈카츠를 함께 즐기는 멘지 시그니처 정식 ※ 매장별로 판매되는 메뉴와 판매금액은 상이할 수 있습니다.",등심|치즈,,,PARTIAL_DESCRIPTION,UNKNOWN,https://api.bonif.co.kr/brand/v1/menu/detail?brdCd=BF111&cmdtIdx=540275,2026-10-04,2026-08-31,franchise-quality-v1,OFFICIAL_MENU_DESCRIPTION_AND_BRAND_ALLERGEN_TABLE,,,false,1269540205A581A3FB153FC424CDA6ADC5C0E691DB3CB8E61E3504F3DB83032A
official-bon-bf111-540276,BON-BF111-540276,멘지,수제 등심돈카츠 + 미니 라멘 정식,"수제 한돈 생듬심 돈카츠, 미니 라멘, 특제 소스, 타코야끼 · ​ 1 메뉴 특징 시그니처 정식 수제 등심돈카츠 + 미니 라멘 정식 한돈 생듬심으로 만든 바삭 촉촉 수제 등심돈카츠와 1/2사이즈 닭 육수 라멘을 함께 즐기는 멘지 시그니처 정식 ※ 매장별로 판매되는 메뉴와 판매금액은 상이할 수 있습니다.",등심,,,PARTIAL_DESCRIPTION,UNKNOWN,https://api.bonif.co.kr/brand/v1/menu/detail?brdCd=BF111&cmdtIdx=540276,2026-10-04,2026-08-31,franchise-quality-v1,OFFICIAL_MENU_DESCRIPTION_AND_BRAND_ALLERGEN_TABLE,,,false,DA5EC4032C369F497159FF6C2E327B4115B6F466F6E9EAAC13AB3260139F0777
official-bon-bf111-540277,BON-BF111-540277,멘지,라멘&치킨 가라아게 콤보,멘지 라멘과 찰떡궁합! 사이드 메뉴와 음료를 곁들여 푸짐한 세트 · ​ 1 메뉴 특징 라멘&치킨 가라아게 콤보 수제 닭 육수 라멘에 바삭한 치킨 가라아게를 곁들여 더 맛있게! (라멘 + 치킨 가라아게 + 탄산음료) ※ 매장별로 판매되는 메뉴와 판매금액은 상이할 수 있습니다.,,,,PARTIAL_DESCRIPTION,UNKNOWN,https://api.bonif.co.kr/brand/v1/menu/detail?brdCd=BF111&cmdtIdx=540277,2026-10-04,2026-08-31,franchise-quality-v1,OFFICIAL_MENU_DESCRIPTION_AND_BRAND_ALLERGEN_TABLE,,,false,7AD39EFEDBF69A5574C4C69A61CA01095C9651E50BB6679D02E228575AB4820D
official-bon-bf111-540278,BON-BF111-540278,멘지,라멘&미니밥 콤보,라멘 국물 두 스푼을 넣어 리조또처럼 즐기는 멘지만의 특별한 미식 조합! · ​ 1 메뉴 특징 라멘&미니밥 콤보 맛있는 멘지 라멘 국물을 넣어 비벼 먹는 멘지만의 특별한 미식 조합! (※ 라멘 + 미니밥 + 탄산음료) ★파이탄 추천★ 파마산 치즈 & 후추 가루가 뿌려진 <미니 치즈밥>에 라멘 국물 2스푼을 넣으면 꾸덕꾸덕한 치즈 리조또 완성! ★소유&시오 추천★ 명란 & 김가루가 뿌려진 <미니 명란밥>에 라멘 국물 2스푼을 넣으면 짭짤하고 맛있는 오차즈케 완성! ※ 매장별로 판매되는 메뉴와 판매금액은 상이할 수 있습니다.,명란|치즈,,,PARTIAL_DESCRIPTION,UNKNOWN,https://api.bonif.co.kr/brand/v1/menu/detail?brdCd=BF111&cmdtIdx=540278,2026-10-04,2026-08-31,franchise-quality-v1,OFFICIAL_MENU_DESCRIPTION_AND_BRAND_ALLERGEN_TABLE,,,false,7FDCE00489BB0ED8F70E213AE91F8772E7E37AF5BA25B008CEBD69616A946976
official-bon-bf111-540279,BON-BF111-540279,멘지,토리냉면&미니 등심돈카츠 콤보,멘지만의 '토리냉면'과 수제 등심 돈카츠의 환상 조합! · ​ 1 메뉴 특징 토리냉면&미니 등심돈카츠 콤보 멘지 토리(닭)육수로 만든 여름 냉면과 수제 등심돈카츠의 환상 조합 (토리냉면 2종 중 택1 + 수제 등심돈카츠&특제 소스) ※ 매장별로 판매되는 메뉴와 판매금액은 상이할 수 있습니다. ​,등심,,,PARTIAL_DESCRIPTION,UNKNOWN,https://api.bonif.co.kr/brand/v1/menu/detail?brdCd=BF111&cmdtIdx=540279,2026-10-04,2026-08-31,franchise-quality-v1,OFFICIAL_MENU_DESCRIPTION_AND_BRAND_ALLERGEN_TABLE,,,false,EDD1E948AA59563C454FB65FD1570980DB2EAFC93DC180F2505568CB096E9844
official-bon-bf111-540296,BON-BF111-540296,멘지,점보 토리냉면,시원한 점보 토리냉면! 더 강력하게 돌아온 [라멘지존대전 시즌2]에 도전하세요! · 1 메뉴 특징 더 강력하게 돌아온 라멘지존대전 시즌2! 전국 멘지 라멘지존에 도전하라! 맑고 담백한 멘지 '토리(닭)육수'로 만든 시원한 냉면을 4배 크기로! * 맑고 슴슴한 맑은 토리냉면 or 진하고 상큼한 진한 토리냉면 중 점보 도전 메뉴를 선택하세요! * 20분 내 면과 국물을 모두 먹으면 도전 성공! ※ 이벤트 도전 시 매장에 문의 바랍니다. [이벤트 진행 매장] * 멘지 광명역점 * 멘지 건대점 * 멘지 내방역점 * 멘지 망원점 * 멘지 분당서현점 * 멘지 상암DMC점 * 멘지 성신여대점 * 멘지 아차산역점 * 멘지 인하대점 * 멘지 양주옥정점 * 멘지 전주신시가지점 * 멘지 하남미사점 * 멘지 홍대점,,,,PARTIAL_DESCRIPTION,UNKNOWN,https://api.bonif.co.kr/brand/v1/menu/detail?brdCd=BF111&cmdtIdx=540296,2026-10-04,2026-08-31,franchise-quality-v1,OFFICIAL_MENU_DESCRIPTION_AND_BRAND_ALLERGEN_TABLE,,,false,AAAD32F658918A7FE9202C8087C890125663DFD541E361E78E58CDB8B3A51771
official-bon-bf111-540298,BON-BF111-540298,멘지,직화 통닭다리 야끼토리,비법 타레소스를 발라 직화로 구운 통닭다리 야끼토리 · 1 메뉴 특징 겉바속촉! 삼복 시즌 스페셜 직화 통닭다리 야끼토리 비법 타래소스를 발라 직화로 구운 육즙 꽉 찬 통닭다리와 불향 가득 대파구이,,대두 밀 쇠고기 닭고기 우유,대두|밀|우유,PARTIAL_DESCRIPTION,CONFIRMED_LABEL,https://api.bonif.co.kr/brand/v1/menu/detail?brdCd=BF111&cmdtIdx=540298,2026-10-04,2026-08-31,franchise-quality-v1,OFFICIAL_MENU_DESCRIPTION_AND_BRAND_ALLERGEN_TABLE,게|견과류|달걀|땅콩|새우|생선|조개류,난류(계란) 돼지고기 땅콩 게 복숭아 토마토 새우 아황산류 고등어 호두 메밀 오징어 홍합 전복 굴 조개류 잣,false,13764DDF14AAA7791070E1D1CD0F6AD3128504BD5FBE2EB1396BF8A8BE409EED
official-bon-bf113-539852,BON-BF113-539852,본흑염소·능이삼계탕,진짜 흑염소탕,"자연방목100% 사료섭취0% 본죽에서 만든 진짜 흑염소 · 1 메뉴 특징 진짜 흑염소탕 자연방목 100%, 사료섭취 0% 진짜 흑염소를 정성 가득 푹 고아내어 진한 국물이 일품인 진짜 보양식 ※ 진짜 흑염소 진액 1포 제공 (1인당 1포) , 기본 백미(미호쌀)밥 제공 ※ 영양 찰밥 변경 시, +2,000원",흑염소,대두 밀 쇠고기 돼지고기 우유 조개류,대두|밀|우유|조개류,PARTIAL_DESCRIPTION,CONFIRMED_LABEL,https://api.bonif.co.kr/brand/v1/menu/detail?brdCd=BF113&cmdtIdx=539852,2026-10-04,2025-12-16,franchise-quality-v1,OFFICIAL_MENU_DESCRIPTION_AND_BRAND_ALLERGEN_TABLE,게|견과류|달걀|땅콩|새우|생선|조개류,난류(계란) 닭고기 땅콩 게 복숭아 토마토 새우 아황산류 고등어 호두 메밀 오징어 홍합 전복 굴 잣,true,F66C6DDDA37E9A86915ADD460020E4BC3F76DBB1B5CD93839944A365E27DBA2E
official-bon-bf113-539853,BON-BF113-539853,본흑염소·능이삼계탕,진짜 흑염소탕(특),"자연방목100% 사료섭취0% 본죽에서 만든 진짜 흑염소 · 1 메뉴 특징 진짜 흑염소탕(특) 자연방목 100%, 사료섭취 0% 진짜 흑염소를 정성 가득 푹 고아내어 진한 국물이 일품인 진짜 보양식 ※ 진짜 흑염소 진액 1포 제공 (1인당 1포) , 기본 백미(미호쌀)밥 제공 ※ 영양 찰밥 변경 시, +2,000원",흑염소,,,PARTIAL_DESCRIPTION,UNKNOWN,https://api.bonif.co.kr/brand/v1/menu/detail?brdCd=BF113&cmdtIdx=539853,2026-10-04,2025-12-16,franchise-quality-v1,OFFICIAL_MENU_DESCRIPTION_AND_BRAND_ALLERGEN_TABLE,,,true,C8EF8BC374B4C7BB0DB73CAD3D4569AEB40D29959CA9118BE1B693FD8E31D642
official-bon-bf113-539854,BON-BF113-539854,본흑염소·능이삼계탕,흑염소 편백수육,"자연방목100% 사료섭취0% 본죽에서 만든 진짜 흑염소 ※1인분 기준 가격 / 2인 이상 주문 가능 · 1 메뉴 특징 흑염소 편백수육 진짜 흑염소 갈비와 뱃살, 각종 야채에 편백향을 더해 부드럽게 쪄낸 담백한 맛의 건강 수육 ※ 진짜 흑염소 진액 1포 제공 (1인당 1포)",수육|흑염소,대두 밀,대두|밀,PARTIAL_DESCRIPTION,CONFIRMED_LABEL,https://api.bonif.co.kr/brand/v1/menu/detail?brdCd=BF113&cmdtIdx=539854,2026-10-04,2025-12-16,franchise-quality-v1,OFFICIAL_MENU_DESCRIPTION_AND_BRAND_ALLERGEN_TABLE,게|견과류|달걀|땅콩|새우|생선|우유|조개류,난류(계란) 쇠고기 닭고기 돼지고기 땅콩 우유 게 복숭아 토마토 새우 아황산류 고등어 호두 메밀 오징어 홍합 전복 굴 조개류 잣,true,85385ADAEAD11CF8D542E510F3F080C3CD773F5217778C1A559CA794A9755BED
official-bon-bf113-539855,BON-BF113-539855,본흑염소·능이삼계탕,흑염소 갈비전골,"자연방목100% 사료섭취0% 본죽에서 만든 진짜 흑염소 1인분 기준 가격 / 2인 이상 주문 가능 · 1 메뉴 특징 흑염소 갈비전골 얼큰한 육수에 진짜 흑염소 갈비와 뱃살을 각종 야채와 팔팔 끓여 뜨거운 활력을 더하는 보양 전골 ※ 진짜 흑염소 진액 1포 제공 (1인당 1포) ※ 흑염소죽 추가 시, +3,000원",흑염소,대두 밀 쇠고기 돼지고기 우유 조개류,대두|밀|우유|조개류,PARTIAL_DESCRIPTION,CONFIRMED_LABEL,https://api.bonif.co.kr/brand/v1/menu/detail?brdCd=BF113&cmdtIdx=539855,2026-10-04,2025-12-16,franchise-quality-v1,OFFICIAL_MENU_DESCRIPTION_AND_BRAND_ALLERGEN_TABLE,게|견과류|달걀|땅콩|새우|생선|조개류,난류(계란) 닭고기 땅콩 게 복숭아 토마토 새우 아황산류 고등어 호두 메밀 오징어 홍합 전복 굴 잣,true,92BFB2FFE697A5391FB095950A4D64DE0E369638E44DB5645DB8469893F36959
official-bon-bf113-539856,BON-BF113-539856,본흑염소·능이삼계탕,능이삼계탕,소중한 내 몸에 일품인 영양 가득 진한 보양식 능이삼계탕 · 1 메뉴 특징 능이삼계탕 귀한 능의버섯의 향과 맑고 깊은 국물을 영양찰밥과 즐기는 일품 보양식 ※ 식전차 제공( (1인당 1잔) ※ 영양 찰밥 기본 제공,버섯,,,PARTIAL_DESCRIPTION,UNKNOWN,https://api.bonif.co.kr/brand/v1/menu/detail?brdCd=BF113&cmdtIdx=539856,2026-10-04,2025-12-16,franchise-quality-v1,OFFICIAL_MENU_DESCRIPTION_AND_BRAND_ALLERGEN_TABLE,,,true,03FFBF3E846B7133876FB41CD40508DA071B951D2481D0A736C386B4D3C23DF4
official-bon-bf113-539857,BON-BF113-539857,본흑염소·능이삼계탕,능이백숙,"부드러운 닭고기와 귀한 능이버섯을 함께 즐기는 보양 조합 (2 ~ 3인분 기준) · 1 메뉴 특징 능이백숙 부드러운 닭 한마리와 향긋한 건강 식재 능이버섯을 깊은 맛의 육수와 끓여내어 활력을 더하는 보양식 ※ 식전차 제공( (1인당 1잔) ※ 영양 찰밥 기본 제공 ※ 능이 추가 시, +6,000원",능이버섯|닭고기|버섯,대두 밀 닭고기 우유,대두|밀|우유,PARTIAL_DESCRIPTION,CONFIRMED_LABEL,https://api.bonif.co.kr/brand/v1/menu/detail?brdCd=BF113&cmdtIdx=539857,2026-10-04,2025-12-16,franchise-quality-v1,OFFICIAL_MENU_DESCRIPTION_AND_BRAND_ALLERGEN_TABLE,게|견과류|달걀|땅콩|새우|생선|조개류,난류(계란) 쇠고기 돼지고기 땅콩 게 복숭아 토마토 새우 아황산류 고등어 호두 메밀 오징어 홍합 전복 굴 조개류 잣,true,DA1DBDE533EF21FCB2AF2CEF5CEFCE895E28EE46DFFAC08E9B90311A74566397
official-bon-bf113-539858,BON-BF113-539858,본흑염소·능이삼계탕,흑염소 배받이전,자연방목100% 사료섭취0% 본죽에서 만든 진짜 흑염소 · 1 메뉴 특징 흑염소 배받이전 바삭한 파전과 고소하고 부드러운 고깃살(배받이살)이 어우러져 자꾸만 손이 가는 특별한 육전,흑염소,대두 밀 아황산류,대두|밀,PARTIAL_DESCRIPTION,CONFIRMED_LABEL,https://api.bonif.co.kr/brand/v1/menu/detail?brdCd=BF113&cmdtIdx=539858,2026-10-04,2025-12-16,franchise-quality-v1,OFFICIAL_MENU_DESCRIPTION_AND_BRAND_ALLERGEN_TABLE,게|견과류|달걀|땅콩|새우|생선|우유|조개류,난류(계란) 쇠고기 닭고기 돼지고기 땅콩 우유 게 복숭아 토마토 새우 고등어 호두 메밀 오징어 홍합 전복 굴 조개류 잣,true,C6439FB703787079AD3DD61380A6C5206A1C5CFAE2D340CB61E30FF3E0C44AC1
official-bon-bf113-539859,BON-BF113-539859,본흑염소·능이삼계탕,흑염소 갈비육전,자연방목100% 사료섭취0% 본죽에서 만든 진짜 흑염소 · 1 메뉴 특징 흑염소 갈비육전 고소하게 튀겨낸 진짜 흑염소를 감칠맛 가득한 파채와 함께 즐기는 별미 육전,흑염소,대두 밀 아황산류,대두|밀,PARTIAL_DESCRIPTION,CONFIRMED_LABEL,https://api.bonif.co.kr/brand/v1/menu/detail?brdCd=BF113&cmdtIdx=539859,2026-10-04,2025-12-16,franchise-quality-v1,OFFICIAL_MENU_DESCRIPTION_AND_BRAND_ALLERGEN_TABLE,게|견과류|달걀|땅콩|새우|생선|우유|조개류,난류(계란) 쇠고기 닭고기 돼지고기 땅콩 우유 게 복숭아 토마토 새우 고등어 호두 메밀 오징어 홍합 전복 굴 조개류 잣,true,3CF7FD065AAD8F5805AF68C19B7DAAA8AD9D2826E3C23B41345449BB89007DC5
official-bon-bf113-539860,BON-BF113-539860,본흑염소·능이삼계탕,흑염소 살코기무침,자연방목100% 사료섭취0% 본죽에서 만든 진짜 흑염소 · 1 메뉴 특징 흑염소 살코기무침 입맛을 돋우는 새콤달콤한 소스에 진짜 흑염소 살코기와 향긋한 깻잎을 가득 넣어 맛도 향도 꽉 찬 별미 무침,깻잎|흑염소,대두 밀 쇠고기 돼지고기 우유 아황산류 조개류,대두|밀|우유|조개류,PARTIAL_DESCRIPTION,CONFIRMED_LABEL,https://api.bonif.co.kr/brand/v1/menu/detail?brdCd=BF113&cmdtIdx=539860,2026-10-04,2025-12-16,franchise-quality-v1,OFFICIAL_MENU_DESCRIPTION_AND_BRAND_ALLERGEN_TABLE,게|견과류|달걀|땅콩|새우|생선|조개류,난류(계란) 닭고기 땅콩 게 복숭아 토마토 새우 고등어 호두 메밀 오징어 홍합 전복 굴 잣,true,87155180CF140E5EC9FE5D8CCB324F2B542787CE16D3BB87F403D1FB54530839
official-bon-bf113-539861,BON-BF113-539861,본흑염소·능이삼계탕,진짜 흑염소 진액,"자연방목100% 사료섭취0% 본죽에서 만든 진짜 흑염소 총 30개입(3박스 × 10개입) · 1 메뉴 특징 본죽에서 만든 진짜 흑염소 진액 우리나라 대표 브랜드, 본죽 본죽이 20년 넘게 지켜온 정성과 품격을 담았습니다. 자연방목 100%, 사료섭취 0% 진짜 흑염소로 만든 진짜 진액으로 나에게, 그리고 소중한 사람들에게 건강과 활력을 선사하세요. ※ 임산부, 수유부, 특정 성분에 민감한 체질이거나 알레르기 체질이신 경우 제품 성분을 확인하시고 섭취하시기 바랍니다.",흑염소,,,PARTIAL_DESCRIPTION,UNKNOWN,https://api.bonif.co.kr/brand/v1/menu/detail?brdCd=BF113&cmdtIdx=539861,2026-10-04,2025-12-16,franchise-quality-v1,OFFICIAL_MENU_DESCRIPTION_AND_BRAND_ALLERGEN_TABLE,,,true,8102C5E4C2A4EC7E3BB5A7FEA070214C951313B38DD168A8155A70DF7B674E3F
official-bon-bf113-540124,BON-BF113-540124,본흑염소·능이삼계탕,흑염소 철판 갈비구이(대),"자연방목100% 사료섭취0% 본죽에서 만든 진짜 흑염소 · 1 메뉴 특징 영양 가득 진짜 흑염소로 즐기는 별미 흑염소 철판 갈비구이 자연방목 100% 사료섭취 0% 몽골산 진짜 흑염소 갈비에 청경채, 마늘, 양파 등 건강한 채소를 더해 매콤한 소스와 함께 철판에 구워낸 별미 보양식 ※ 매장별 상황에 따라 제공되는 흑염소 부위는 시기별로 상이할 수 있습니다.",마늘|양파|청경채|흑염소,,,PARTIAL_DESCRIPTION,UNKNOWN,https://api.bonif.co.kr/brand/v1/menu/detail?brdCd=BF113&cmdtIdx=540124,2026-10-04,2025-12-16,franchise-quality-v1,OFFICIAL_MENU_DESCRIPTION_AND_BRAND_ALLERGEN_TABLE,,,true,17970C485D0B2BD38DFF90D89F9E0079B8BE4F8407CAB75C5E99056CD1BE29A1
official-bon-bf113-540125,BON-BF113-540125,본흑염소·능이삼계탕,흑염소 철판 갈비구이(소),"자연방목100% 사료섭취0% 본죽에서 만든 진짜 흑염소 · 1 메뉴 특징 영양 가득 진짜 흑염소로 즐기는 별미 흑염소 철판 갈비구이 자연방목 100% 사료섭취 0% 몽골산 진짜 흑염소 갈비에 청경채, 마늘, 양파 등 건강한 채소를 더해 매콤한 소스와 함께 철판에 구워낸 별미 보양식 ※ 매장별 상황에 따라 제공되는 흑염소 부위는 시기별로 상이할 수 있습니다.",마늘|양파|청경채|흑염소,,,PARTIAL_DESCRIPTION,UNKNOWN,https://api.bonif.co.kr/brand/v1/menu/detail?brdCd=BF113&cmdtIdx=540125,2026-10-04,2025-12-16,franchise-quality-v1,OFFICIAL_MENU_DESCRIPTION_AND_BRAND_ALLERGEN_TABLE,,,true,2010FB5D45153457CA7CF865940050127FD27A2FC8A945E95121EEB94F2FC4B0
official-bon-bf113-540195,BON-BF113-540195,본흑염소·능이삼계탕,진짜 보양 흑염소죽,"자연방목100% 사료섭취0% 본죽에서 만든 진짜 흑염소 · 1 메뉴 특징 본연의 맛 그대로 정성 가득 끓인 부드럽고 속편한 보양 흑염소죽 자연방목 100%, 사료섭취 0% 진짜 흑염소와 표고버섯, 단호박 등 영양 야채, 원기를 북돋는 새싹삼까지 몸에 좋은 재료를 엄선하여 본연의 맛 그대로 정성 가득 끓인 부드럽고 속편한 보양죽 담백한 보양을 원하시는 분들에게 추천! ＊식사 마지막까지 따뜻하게 드실 수 있도록 뚝배기에 담아 제공합니다.＊ ＊진짜 흑염소 진액 1포 증정＊ ※ 진짜 흑염소죽에 올라가는 '새싹삼'은 임산부나 특성 성분에 민감한 경우, 섭취에 주의가 필요할 수 있습니다. 주문 시 미리 말씀 주시면 제외하고 정성껏 준비해 드리겠습니다.",단호박|버섯|표고버섯|흑염소,대두 밀 쇠고기 돼지고기 우유 조개류,대두|밀|우유|조개류,PARTIAL_DESCRIPTION,CONFIRMED_LABEL,https://api.bonif.co.kr/brand/v1/menu/detail?brdCd=BF113&cmdtIdx=540195,2026-10-04,2025-12-16,franchise-quality-v1,OFFICIAL_MENU_DESCRIPTION_AND_BRAND_ALLERGEN_TABLE,게|견과류|달걀|땅콩|새우|생선|조개류,난류(계란) 닭고기 땅콩 게 복숭아 토마토 새우 아황산류 고등어 호두 메밀 오징어 홍합 전복 굴 잣,true,A207EAA746A8B8DD12A927DC73D9E3AA4DE87626AD67989E0D2E3D3EE3A7833A
official-bon-bf113-540196,BON-BF113-540196,본흑염소·능이삼계탕,진짜 해장 흑염소죽,"자연방목100% 사료섭취0% 본죽에서 만든 진짜 흑염소 · 1 메뉴 특징 진짜 흑염소탕 맛 그대로 부드럽고 속 편하게 즐길 수 있는 해장 흑염소죽 자연방목 100%, 사료섭취 0% 진짜 흑염소와 표고버섯, 단호박 등 영양 야채, 원기를 북돋는 새싹삼까지 몸에 좋은 재료를 엄선하여 진짜 흑염소탕 맛 그대로 부드럽고 속 편하게 즐길 수 있는 별미 보양죽 건강한 보양 해장을 원하시는 분들에게 추천! ＊식사 마지막까지 따뜻하게 드실 수 있도록 뚝배기에 담아 제공합니다.＊ ＊진짜 흑염소 진액 1포 증정＊ ※ 진짜 흑염소죽에 올라가는 '새싹삼'은 임산부나 특성 성분에 민감한 경우, 섭취에 주의가 필요할 수 있습니다. 주문 시 미리 말씀 주시면 제외하고 정성껏 준비해 드리겠습니다.",단호박|버섯|표고버섯|흑염소,대두 밀 쇠고기 돼지고기 우유 아황산류 조개류,대두|밀|우유|조개류,PARTIAL_DESCRIPTION,CONFIRMED_LABEL,https://api.bonif.co.kr/brand/v1/menu/detail?brdCd=BF113&cmdtIdx=540196,2026-10-04,2025-12-16,franchise-quality-v1,OFFICIAL_MENU_DESCRIPTION_AND_BRAND_ALLERGEN_TABLE,게|견과류|달걀|땅콩|새우|생선|조개류,난류(계란) 닭고기 땅콩 게 복숭아 토마토 새우 아황산류 고등어 호두 메밀 오징어 홍합 전복 굴 잣,true,0C007061D59A04285950338066AF54D4E23AB99D1266A04E624503566EE1DF1C
official-menu-gimgane-0022508c2d65,GIMGANE-0022508C2D65,김가네,등심돈까스,,,,,UNKNOWN,UNKNOWN,https://www.gimgane.co.kr/board/index.php?board=menu_01&sca=3,2026-10-04,,franchise-quality-v1,OFFICIAL_MENU_FIELD_AVAILABILITY_REVIEW,,,false,696257A3E0038B3A7195E8BA354A51D524A28D000D88F08898754CD0E7581FEA
official-menu-gimgane-0446f87516a7,GIMGANE-0446F87516A7,김가네,물쫄면,,,,,UNKNOWN,UNKNOWN,https://www.gimgane.co.kr/board/index.php?board=menu_01&sca=3,2026-10-04,,franchise-quality-v1,OFFICIAL_MENU_FIELD_AVAILABILITY_REVIEW,,,false,696257A3E0038B3A7195E8BA354A51D524A28D000D88F08898754CD0E7581FEA
official-menu-gimgane-16504eaf38eb,GIMGANE-16504EAF38EB,김가네,왕새우튀김,,,,,UNKNOWN,UNKNOWN,https://www.gimgane.co.kr/board/index.php?board=menu_01&sca=6,2026-10-04,,franchise-quality-v1,OFFICIAL_MENU_FIELD_AVAILABILITY_REVIEW,,,false,2790C0036086611405C267E6BB53F38D0DCA85F86DD27F54CA13911530FCA4A6
official-menu-gimgane-1b20aba9488d,GIMGANE-1B20ABA9488D,김가네,와사비크래미김밥,,,,,UNKNOWN,UNKNOWN,https://www.gimgane.co.kr/board/index.php?board=menu_01&sca=2,2026-10-04,,franchise-quality-v1,OFFICIAL_MENU_FIELD_AVAILABILITY_REVIEW,,,false,E2A294F08F3D580EEDBB805C1347E00E70C990A98963B02586D79C52C8D421F7
official-menu-gimgane-253ba2987ffc,GIMGANE-253BA2987FFC,김가네,멸추김밥,,,,,UNKNOWN,UNKNOWN,https://www.gimgane.co.kr/board/index.php?board=menu_01&sca=2,2026-10-04,,franchise-quality-v1,OFFICIAL_MENU_FIELD_AVAILABILITY_REVIEW,,,false,E2A294F08F3D580EEDBB805C1347E00E70C990A98963B02586D79C52C8D421F7
official-menu-gimgane-2b4aff955a70,GIMGANE-2B4AFF955A70,김가네,김말이튀김,,,,,UNKNOWN,UNKNOWN,https://www.gimgane.co.kr/board/index.php?board=menu_01&sca=6,2026-10-04,,franchise-quality-v1,OFFICIAL_MENU_FIELD_AVAILABILITY_REVIEW,,,false,2790C0036086611405C267E6BB53F38D0DCA85F86DD27F54CA13911530FCA4A6
official-menu-gimgane-3083cb767b81,GIMGANE-3083CB767B81,김가네,쫄면,,,,,UNKNOWN,UNKNOWN,https://www.gimgane.co.kr/board/index.php?board=menu_01&sca=3,2026-10-04,,franchise-quality-v1,OFFICIAL_MENU_FIELD_AVAILABILITY_REVIEW,,,false,696257A3E0038B3A7195E8BA354A51D524A28D000D88F08898754CD0E7581FEA
official-menu-gimgane-326ec9741d92,GIMGANE-326EC9741D92,김가네,소떡소떡,,,,,UNKNOWN,UNKNOWN,https://www.gimgane.co.kr/board/index.php?board=menu_01&sca=6,2026-10-04,,franchise-quality-v1,OFFICIAL_MENU_FIELD_AVAILABILITY_REVIEW,,,false,2790C0036086611405C267E6BB53F38D0DCA85F86DD27F54CA13911530FCA4A6
official-menu-gimgane-33c148d027b7,GIMGANE-33C148D027B7,김가네,초계국수,,,,,UNKNOWN,UNKNOWN,https://www.gimgane.co.kr/board/index.php?board=menu_01&sca=3,2026-10-04,,franchise-quality-v1,OFFICIAL_MENU_FIELD_AVAILABILITY_REVIEW,,,false,696257A3E0038B3A7195E8BA354A51D524A28D000D88F08898754CD0E7581FEA
official-menu-gimgane-34c7c6f8d2f6,GIMGANE-34C7C6F8D2F6,김가네,치킨마요덮밥,,,,,UNKNOWN,UNKNOWN,https://www.gimgane.co.kr/board/index.php?board=menu_01&sca=4,2026-10-04,,franchise-quality-v1,OFFICIAL_MENU_FIELD_AVAILABILITY_REVIEW,,,false,B0A98142196600AE267CB4574A67BAE77B463488E3DF72B1296ECDB5500C73FA
official-menu-gimgane-35494bd2c61e,GIMGANE-35494BD2C61E,김가네,떡꼬치,,,,,UNKNOWN,UNKNOWN,https://www.gimgane.co.kr/board/index.php?board=menu_01&sca=6,2026-10-04,,franchise-quality-v1,OFFICIAL_MENU_FIELD_AVAILABILITY_REVIEW,,,false,2790C0036086611405C267E6BB53F38D0DCA85F86DD27F54CA13911530FCA4A6
official-menu-gimgane-368656b7e17c,GIMGANE-368656B7E17C,김가네,떡만두국(김치손만두),,,,,UNKNOWN,UNKNOWN,https://www.gimgane.co.kr/board/index.php?board=menu_01&sca=3,2026-10-04,,franchise-quality-v1,OFFICIAL_MENU_FIELD_AVAILABILITY_REVIEW,,,false,696257A3E0038B3A7195E8BA354A51D524A28D000D88F08898754CD0E7581FEA
official-menu-gimgane-3bcd6c35486d,GIMGANE-3BCD6C35486D,김가네,소고기김밥,,,,,UNKNOWN,UNKNOWN,https://www.gimgane.co.kr/board/index.php?board=menu_01&sca=2,2026-10-04,,franchise-quality-v1,OFFICIAL_MENU_FIELD_AVAILABILITY_REVIEW,,,false,E2A294F08F3D580EEDBB805C1347E00E70C990A98963B02586D79C52C8D421F7
official-menu-gimgane-3e85d51c553f,GIMGANE-3E85D51C553F,김가네,찐만두,,,,,UNKNOWN,UNKNOWN,https://www.gimgane.co.kr/board/index.php?board=menu_01&sca=6,2026-10-04,,franchise-quality-v1,OFFICIAL_MENU_FIELD_AVAILABILITY_REVIEW,,,false,2790C0036086611405C267E6BB53F38D0DCA85F86DD27F54CA13911530FCA4A6
official-menu-gimgane-4614deb2609f,GIMGANE-4614DEB2609F,김가네,오징어튀김,,,,,UNKNOWN,UNKNOWN,https://www.gimgane.co.kr/board/index.php?board=menu_01&sca=6,2026-10-04,,franchise-quality-v1,OFFICIAL_MENU_FIELD_AVAILABILITY_REVIEW,,,false,2790C0036086611405C267E6BB53F38D0DCA85F86DD27F54CA13911530FCA4A6
official-menu-gimgane-47edfe5e9982,GIMGANE-47EDFE5E9982,김가네,치즈돈까스,,,,,UNKNOWN,UNKNOWN,https://www.gimgane.co.kr/board/index.php?board=menu_01&sca=3,2026-10-04,,franchise-quality-v1,OFFICIAL_MENU_FIELD_AVAILABILITY_REVIEW,,,false,696257A3E0038B3A7195E8BA354A51D524A28D000D88F08898754CD0E7581FEA
official-menu-gimgane-4bace48351d9,GIMGANE-4BACE48351D9,김가네,튀김우동(새우튀김),,,,,UNKNOWN,UNKNOWN,https://www.gimgane.co.kr/board/index.php?board=menu_01&sca=3,2026-10-04,,franchise-quality-v1,OFFICIAL_MENU_FIELD_AVAILABILITY_REVIEW,,,false,696257A3E0038B3A7195E8BA354A51D524A28D000D88F08898754CD0E7581FEA
official-menu-gimgane-51b3599719a2,GIMGANE-51B3599719A2,김가네,더블치즈김밥,,,,,UNKNOWN,UNKNOWN,https://www.gimgane.co.kr/board/index.php?board=menu_01&sca=2,2026-10-04,,franchise-quality-v1,OFFICIAL_MENU_FIELD_AVAILABILITY_REVIEW,,,false,E2A294F08F3D580EEDBB805C1347E00E70C990A98963B02586D79C52C8D421F7
official-menu-gimgane-53d7c91309dd,GIMGANE-53D7C91309DD,김가네,(계절) 비빔냉면,,,,,UNKNOWN,UNKNOWN,https://www.gimgane.co.kr/board/index.php?board=menu_01&sca=3,2026-10-04,,franchise-quality-v1,OFFICIAL_MENU_FIELD_AVAILABILITY_REVIEW,,,false,696257A3E0038B3A7195E8BA354A51D524A28D000D88F08898754CD0E7581FEA
official-menu-gimgane-63783c5967c7,GIMGANE-63783C5967C7,김가네,차돌 된장찌개,,,,,UNKNOWN,UNKNOWN,https://www.gimgane.co.kr/board/index.php?board=menu_01&sca=4,2026-10-04,,franchise-quality-v1,OFFICIAL_MENU_FIELD_AVAILABILITY_REVIEW,,,false,B0A98142196600AE267CB4574A67BAE77B463488E3DF72B1296ECDB5500C73FA
official-menu-gimgane-6454befbdb61,GIMGANE-6454BEFBDB61,김가네,라면,,,,,UNKNOWN,UNKNOWN,https://www.gimgane.co.kr/board/index.php?board=menu_01&sca=3,2026-10-04,,franchise-quality-v1,OFFICIAL_MENU_FIELD_AVAILABILITY_REVIEW,,,false,696257A3E0038B3A7195E8BA354A51D524A28D000D88F08898754CD0E7581FEA
official-menu-gimgane-6492d48a2fd0,GIMGANE-6492D48A2FD0,김가네,커리덮밥(새우튀김),,,,,UNKNOWN,UNKNOWN,https://www.gimgane.co.kr/board/index.php?board=menu_01&sca=4,2026-10-04,,franchise-quality-v1,OFFICIAL_MENU_FIELD_AVAILABILITY_REVIEW,,,false,B0A98142196600AE267CB4574A67BAE77B463488E3DF72B1296ECDB5500C73FA
official-menu-gimgane-65af7e9f404b,GIMGANE-65AF7E9F404B,김가네,통새우롤,,,,,UNKNOWN,UNKNOWN,https://www.gimgane.co.kr/board/index.php?board=menu_01&sca=2,2026-10-04,,franchise-quality-v1,OFFICIAL_MENU_FIELD_AVAILABILITY_REVIEW,,,false,E2A294F08F3D580EEDBB805C1347E00E70C990A98963B02586D79C52C8D421F7
official-menu-gimgane-671db6593fbf,GIMGANE-671DB6593FBF,김가네,냉소바,,,,,UNKNOWN,UNKNOWN,https://www.gimgane.co.kr/board/index.php?board=menu_01&sca=3,2026-10-04,,franchise-quality-v1,OFFICIAL_MENU_FIELD_AVAILABILITY_REVIEW,,,false,696257A3E0038B3A7195E8BA354A51D524A28D000D88F08898754CD0E7581FEA
official-menu-gimgane-69c6b63a2ee9,GIMGANE-69C6B63A2EE9,김가네,돈까스롤,,,,,UNKNOWN,UNKNOWN,https://www.gimgane.co.kr/board/index.php?board=menu_01&sca=2,2026-10-04,,franchise-quality-v1,OFFICIAL_MENU_FIELD_AVAILABILITY_REVIEW,,,false,E2A294F08F3D580EEDBB805C1347E00E70C990A98963B02586D79C52C8D421F7
official-menu-gimgane-6b75a23e6b61,GIMGANE-6B75A23E6B61,김가네,어린이돈까스,,,,,UNKNOWN,UNKNOWN,https://www.gimgane.co.kr/board/index.php?board=menu_01&sca=4,2026-10-04,,franchise-quality-v1,OFFICIAL_MENU_FIELD_AVAILABILITY_REVIEW,,,false,B0A98142196600AE267CB4574A67BAE77B463488E3DF72B1296ECDB5500C73FA
official-menu-gimgane-6ba641a25342,GIMGANE-6BA641A25342,김가네,커리덮밥(돈까스),,,,,UNKNOWN,UNKNOWN,https://www.gimgane.co.kr/board/index.php?board=menu_01&sca=4,2026-10-04,,franchise-quality-v1,OFFICIAL_MENU_FIELD_AVAILABILITY_REVIEW,,,false,B0A98142196600AE267CB4574A67BAE77B463488E3DF72B1296ECDB5500C73FA
official-menu-gimgane-75f3c6f8dfe7,GIMGANE-75F3C6F8DFE7,김가네,닭갈비덮밥,,,,,UNKNOWN,UNKNOWN,https://www.gimgane.co.kr/board/index.php?board=menu_01&sca=4,2026-10-04,,franchise-quality-v1,OFFICIAL_MENU_FIELD_AVAILABILITY_REVIEW,,,false,B0A98142196600AE267CB4574A67BAE77B463488E3DF72B1296ECDB5500C73FA
official-menu-gimgane-7614a495868d,GIMGANE-7614A495868D,김가네,부대찌개,,,,,UNKNOWN,UNKNOWN,https://www.gimgane.co.kr/board/index.php?board=menu_01&sca=4,2026-10-04,,franchise-quality-v1,OFFICIAL_MENU_FIELD_AVAILABILITY_REVIEW,,,false,B0A98142196600AE267CB4574A67BAE77B463488E3DF72B1296ECDB5500C73FA
official-menu-gimgane-7fceb9afd2fa,GIMGANE-7FCEB9AFD2FA,김가네,닭깡정,,,,,UNKNOWN,UNKNOWN,https://www.gimgane.co.kr/board/index.php?board=menu_01&sca=6,2026-10-04,,franchise-quality-v1,OFFICIAL_MENU_FIELD_AVAILABILITY_REVIEW,,,false,2790C0036086611405C267E6BB53F38D0DCA85F86DD27F54CA13911530FCA4A6
official-menu-gimgane-82755e75543e,GIMGANE-82755E75543E,김가네,스팸옛날도시락,,,,,UNKNOWN,UNKNOWN,https://www.gimgane.co.kr/board/index.php?board=menu_01&sca=4,2026-10-04,,franchise-quality-v1,OFFICIAL_MENU_FIELD_AVAILABILITY_REVIEW,,,false,B0A98142196600AE267CB4574A67BAE77B463488E3DF72B1296ECDB5500C73FA
official-menu-gimgane-85629687296a,GIMGANE-85629687296A,김가네,(계절) 김치말이국수,,,,,UNKNOWN,UNKNOWN,https://www.gimgane.co.kr/board/index.php?board=menu_01&sca=3,2026-10-04,,franchise-quality-v1,OFFICIAL_MENU_FIELD_AVAILABILITY_REVIEW,,,false,696257A3E0038B3A7195E8BA354A51D524A28D000D88F08898754CD0E7581FEA
official-menu-gimgane-85ab22195810,GIMGANE-85AB22195810,김가네,야채비빔밥,,,,,UNKNOWN,UNKNOWN,https://www.gimgane.co.kr/board/index.php?board=menu_01&sca=4,2026-10-04,,franchise-quality-v1,OFFICIAL_MENU_FIELD_AVAILABILITY_REVIEW,,,false,B0A98142196600AE267CB4574A67BAE77B463488E3DF72B1296ECDB5500C73FA
official-menu-gimgane-8610e75b78af,GIMGANE-8610E75B78AF,김가네,(계절) 물냉면,,,,,UNKNOWN,UNKNOWN,https://www.gimgane.co.kr/board/index.php?board=menu_01&sca=3,2026-10-04,,franchise-quality-v1,OFFICIAL_MENU_FIELD_AVAILABILITY_REVIEW,,,false,696257A3E0038B3A7195E8BA354A51D524A28D000D88F08898754CD0E7581FEA
official-menu-gimgane-8ac8aa9e05fa,GIMGANE-8AC8AA9E05FA,김가네,갈비만두,,,,,UNKNOWN,UNKNOWN,https://www.gimgane.co.kr/board/index.php?board=menu_01&sca=6,2026-10-04,,franchise-quality-v1,OFFICIAL_MENU_FIELD_AVAILABILITY_REVIEW,,,false,2790C0036086611405C267E6BB53F38D0DCA85F86DD27F54CA13911530FCA4A6
official-menu-gimgane-8f761249090e,GIMGANE-8F761249090E,김가네,모듬오뎅,,,,,UNKNOWN,UNKNOWN,https://www.gimgane.co.kr/board/index.php?board=menu_01&sca=3,2026-10-04,,franchise-quality-v1,OFFICIAL_MENU_FIELD_AVAILABILITY_REVIEW,,,false,696257A3E0038B3A7195E8BA354A51D524A28D000D88F08898754CD0E7581FEA
official-menu-gimgane-8fc7865ba026,GIMGANE-8FC7865BA026,김가네,스팸김치볶음밥,,,,,UNKNOWN,UNKNOWN,https://www.gimgane.co.kr/board/index.php?board=menu_01&sca=4,2026-10-04,,franchise-quality-v1,OFFICIAL_MENU_FIELD_AVAILABILITY_REVIEW,,,false,B0A98142196600AE267CB4574A67BAE77B463488E3DF72B1296ECDB5500C73FA
official-menu-gimgane-99e91da75470,GIMGANE-99E91DA75470,김가네,에그스팸김밥,,,,,UNKNOWN,UNKNOWN,https://www.gimgane.co.kr/board/index.php?board=menu_01&sca=2,2026-10-04,,franchise-quality-v1,OFFICIAL_MENU_FIELD_AVAILABILITY_REVIEW,,,false,E2A294F08F3D580EEDBB805C1347E00E70C990A98963B02586D79C52C8D421F7
official-menu-gimgane-9ff0a81c608a,GIMGANE-9FF0A81C608A,김가네,꼬마김밥,,,,,UNKNOWN,UNKNOWN,https://www.gimgane.co.kr/board/index.php?board=menu_01&sca=2,2026-10-04,,franchise-quality-v1,OFFICIAL_MENU_FIELD_AVAILABILITY_REVIEW,,,false,E2A294F08F3D580EEDBB805C1347E00E70C990A98963B02586D79C52C8D421F7
official-menu-gimgane-a0eef88f4815,GIMGANE-A0EEF88F4815,김가네,함박정식,,,,,UNKNOWN,UNKNOWN,https://www.gimgane.co.kr/board/index.php?board=menu_01&sca=4,2026-10-04,,franchise-quality-v1,OFFICIAL_MENU_FIELD_AVAILABILITY_REVIEW,,,false,B0A98142196600AE267CB4574A67BAE77B463488E3DF72B1296ECDB5500C73FA
official-menu-gimgane-a34a126e3fca,GIMGANE-A34A126E3FCA,김가네,오므라이스,,,,,UNKNOWN,UNKNOWN,https://www.gimgane.co.kr/board/index.php?board=menu_01&sca=4,2026-10-04,,franchise-quality-v1,OFFICIAL_MENU_FIELD_AVAILABILITY_REVIEW,,,false,B0A98142196600AE267CB4574A67BAE77B463488E3DF72B1296ECDB5500C73FA
official-menu-gimgane-a572bf14b8e8,GIMGANE-A572BF14B8E8,김가네,샐러드김밥,,,,,UNKNOWN,UNKNOWN,https://www.gimgane.co.kr/board/index.php?board=menu_01&sca=2,2026-10-04,,franchise-quality-v1,OFFICIAL_MENU_FIELD_AVAILABILITY_REVIEW,,,false,E2A294F08F3D580EEDBB805C1347E00E70C990A98963B02586D79C52C8D421F7
official-menu-gimgane-a6da08974944,GIMGANE-A6DA08974944,김가네,뚝배기불고기,,,,,UNKNOWN,UNKNOWN,https://www.gimgane.co.kr/board/index.php?board=menu_01&sca=4,2026-10-04,,franchise-quality-v1,OFFICIAL_MENU_FIELD_AVAILABILITY_REVIEW,,,false,B0A98142196600AE267CB4574A67BAE77B463488E3DF72B1296ECDB5500C73FA
official-menu-gimgane-b24a17f7e57f,GIMGANE-B24A17F7E57F,김가네,라볶이,,,,,UNKNOWN,UNKNOWN,https://www.gimgane.co.kr/board/index.php?board=menu_01&sca=3,2026-10-04,,franchise-quality-v1,OFFICIAL_MENU_FIELD_AVAILABILITY_REVIEW,,,false,696257A3E0038B3A7195E8BA354A51D524A28D000D88F08898754CD0E7581FEA
official-menu-gimgane-b6c90eecfd92,GIMGANE-B6C90EECFD92,김가네,철판치즈김치볶음밥,,,,,UNKNOWN,UNKNOWN,https://www.gimgane.co.kr/board/index.php?board=menu_01&sca=4,2026-10-04,,franchise-quality-v1,OFFICIAL_MENU_FIELD_AVAILABILITY_REVIEW,,,false,B0A98142196600AE267CB4574A67BAE77B463488E3DF72B1296ECDB5500C73FA
official-menu-gimgane-b8b2cd84a8a3,GIMGANE-B8B2CD84A8A3,김가네,철판낙지덮밥,,,,,UNKNOWN,UNKNOWN,https://www.gimgane.co.kr/board/index.php?board=menu_01&sca=4,2026-10-04,,franchise-quality-v1,OFFICIAL_MENU_FIELD_AVAILABILITY_REVIEW,,,false,B0A98142196600AE267CB4574A67BAE77B463488E3DF72B1296ECDB5500C73FA
official-menu-gimgane-b8bc7066bf89,GIMGANE-B8BC7066BF89,김가네,순두부찌개,,,,,UNKNOWN,UNKNOWN,https://www.gimgane.co.kr/board/index.php?board=menu_01&sca=4,2026-10-04,,franchise-quality-v1,OFFICIAL_MENU_FIELD_AVAILABILITY_REVIEW,,,false,B0A98142196600AE267CB4574A67BAE77B463488E3DF72B1296ECDB5500C73FA
official-menu-gimgane-bce42c7713b1,GIMGANE-BCE42C7713B1,김가네,제육덮밥,,,,,UNKNOWN,UNKNOWN,https://www.gimgane.co.kr/board/index.php?board=menu_01&sca=4,2026-10-04,,franchise-quality-v1,OFFICIAL_MENU_FIELD_AVAILABILITY_REVIEW,,,false,B0A98142196600AE267CB4574A67BAE77B463488E3DF72B1296ECDB5500C73FA
official-menu-gimgane-c425529798fb,GIMGANE-C425529798FB,김가네,참치김밥,,,,,UNKNOWN,UNKNOWN,https://www.gimgane.co.kr/board/index.php?board=menu_01&sca=2,2026-10-04,,franchise-quality-v1,OFFICIAL_MENU_FIELD_AVAILABILITY_REVIEW,,,false,E2A294F08F3D580EEDBB805C1347E00E70C990A98963B02586D79C52C8D421F7
official-menu-gimgane-c425cb1c7a2a,GIMGANE-C425CB1C7A2A,김가네,군만두,,,,,UNKNOWN,UNKNOWN,https://www.gimgane.co.kr/board/index.php?board=menu_01&sca=6,2026-10-04,,franchise-quality-v1,OFFICIAL_MENU_FIELD_AVAILABILITY_REVIEW,,,false,2790C0036086611405C267E6BB53F38D0DCA85F86DD27F54CA13911530FCA4A6
official-menu-gimgane-c4d077f1a6a5,GIMGANE-C4D077F1A6A5,김가네,철판치즈불닭쫄면,,,,,UNKNOWN,UNKNOWN,https://www.gimgane.co.kr/board/index.php?board=menu_01&sca=3,2026-10-04,,franchise-quality-v1,OFFICIAL_MENU_FIELD_AVAILABILITY_REVIEW,,,false,696257A3E0038B3A7195E8BA354A51D524A28D000D88F08898754CD0E7581FEA
official-menu-gimgane-c8b4aa12f381,GIMGANE-C8B4AA12F381,김가네,쌀떡볶이,,,,,UNKNOWN,UNKNOWN,https://www.gimgane.co.kr/board/index.php?board=menu_01&sca=3,2026-10-04,,franchise-quality-v1,OFFICIAL_MENU_FIELD_AVAILABILITY_REVIEW,,,false,696257A3E0038B3A7195E8BA354A51D524A28D000D88F08898754CD0E7581FEA
official-menu-gimgane-ca6eab077df9,GIMGANE-CA6EAB077DF9,김가네,육개장,,,,,UNKNOWN,UNKNOWN,https://www.gimgane.co.kr/board/index.php?board=menu_01&sca=4,2026-10-04,,franchise-quality-v1,OFFICIAL_MENU_FIELD_AVAILABILITY_REVIEW,,,false,B0A98142196600AE267CB4574A67BAE77B463488E3DF72B1296ECDB5500C73FA
official-menu-gimgane-ce86307eadcd,GIMGANE-CE86307EADCD,김가네,잔치국수,,,,,UNKNOWN,UNKNOWN,https://www.gimgane.co.kr/board/index.php?board=menu_01&sca=3,2026-10-04,,franchise-quality-v1,OFFICIAL_MENU_FIELD_AVAILABILITY_REVIEW,,,false,696257A3E0038B3A7195E8BA354A51D524A28D000D88F08898754CD0E7581FEA
official-menu-gimgane-dcd7730e419a,GIMGANE-DCD7730E419A,김가네,커리덮밥(치킨가라아게),,,,,UNKNOWN,UNKNOWN,https://www.gimgane.co.kr/board/index.php?board=menu_01&sca=4,2026-10-04,,franchise-quality-v1,OFFICIAL_MENU_FIELD_AVAILABILITY_REVIEW,,,false,B0A98142196600AE267CB4574A67BAE77B463488E3DF72B1296ECDB5500C73FA
official-menu-gimgane-df7f7c0834d7,GIMGANE-DF7F7C0834D7,김가네,김가네 김밥,,,,,UNKNOWN,UNKNOWN,https://www.gimgane.co.kr/board/index.php?board=menu_01&sca=2,2026-10-04,,franchise-quality-v1,OFFICIAL_MENU_FIELD_AVAILABILITY_REVIEW,,,false,E2A294F08F3D580EEDBB805C1347E00E70C990A98963B02586D79C52C8D421F7
official-menu-gimgane-e156015758fb,GIMGANE-E156015758FB,김가네,콩국수,,,,,UNKNOWN,UNKNOWN,https://www.gimgane.co.kr/board/index.php?board=menu_01&sca=3,2026-10-04,,franchise-quality-v1,OFFICIAL_MENU_FIELD_AVAILABILITY_REVIEW,,,false,696257A3E0038B3A7195E8BA354A51D524A28D000D88F08898754CD0E7581FEA
official-menu-gimgane-e6e7a11ea966,GIMGANE-E6E7A11EA966,김가네,김치찌개,,,,,UNKNOWN,UNKNOWN,https://www.gimgane.co.kr/board/index.php?board=menu_01&sca=4,2026-10-04,,franchise-quality-v1,OFFICIAL_MENU_FIELD_AVAILABILITY_REVIEW,,,false,B0A98142196600AE267CB4574A67BAE77B463488E3DF72B1296ECDB5500C73FA
official-menu-gimgane-e74ee183ac24,GIMGANE-E74EE183AC24,김가네,매콤철판해물볶음밥,,,,,UNKNOWN,UNKNOWN,https://www.gimgane.co.kr/board/index.php?board=menu_01&sca=4,2026-10-04,,franchise-quality-v1,OFFICIAL_MENU_FIELD_AVAILABILITY_REVIEW,,,false,B0A98142196600AE267CB4574A67BAE77B463488E3DF72B1296ECDB5500C73FA
official-menu-gimgane-e8b79404060b,GIMGANE-E8B79404060B,김가네,소고기돌솥비빔밥,,,,,UNKNOWN,UNKNOWN,https://www.gimgane.co.kr/board/index.php?board=menu_01&sca=4,2026-10-04,,franchise-quality-v1,OFFICIAL_MENU_FIELD_AVAILABILITY_REVIEW,,,false,B0A98142196600AE267CB4574A67BAE77B463488E3DF72B1296ECDB5500C73FA
official-menu-gimgane-f2a81b544866,GIMGANE-F2A81B544866,김가네,유부우동,,,,,UNKNOWN,UNKNOWN,https://www.gimgane.co.kr/board/index.php?board=menu_01&sca=3,2026-10-04,,franchise-quality-v1,OFFICIAL_MENU_FIELD_AVAILABILITY_REVIEW,,,false,696257A3E0038B3A7195E8BA354A51D524A28D000D88F08898754CD0E7581FEA
official-menu-kobongmin-080fc765b7f7,KOBONGMIN-080FC765B7F7,고봉민김밥인,마라국물떡볶이,,,,,UNKNOWN,UNKNOWN,https://kobongmin.com/renewal/03_menu/07.php,2026-10-04,,franchise-quality-v1,OFFICIAL_MENU_FIELD_AVAILABILITY_REVIEW,,,false,8689E70F0F035034FE5010E22D31DFF2C166F80AD14205690F5E5116B9CCED33
official-menu-kobongmin-0cbaed0509f0,KOBONGMIN-0CBAED0509F0,고봉민김밥인,맵엉마라통,,,,,UNKNOWN,UNKNOWN,https://kobongmin.com/renewal/03_menu/02.php,2026-10-04,,franchise-quality-v1,OFFICIAL_MENU_FIELD_AVAILABILITY_REVIEW,,,false,210CE0A60B0F5CAE434E46F76A6CFCE1713B6AAA551B82B0D4AC0133F18B1B16
official-menu-kobongmin-11fad0d8673a,KOBONGMIN-11FAD0D8673A,고봉민김밥인,대구중화비빔밥,,,,,UNKNOWN,UNKNOWN,https://kobongmin.com/renewal/03_menu/04.php,2026-10-04,,franchise-quality-v1,OFFICIAL_MENU_FIELD_AVAILABILITY_REVIEW,,,false,B83D88A6AA0AD7BD253531016535B3D5645ECF5BFD0CBB949EA9663FE50F5A2A
official-menu-kobongmin-18969341b84d,KOBONGMIN-18969341B84D,고봉민김밥인,스페샬마라떡볶이,,,,,UNKNOWN,UNKNOWN,https://kobongmin.com/renewal/03_menu/07.php,2026-10-04,,franchise-quality-v1,OFFICIAL_MENU_FIELD_AVAILABILITY_REVIEW,,,false,8689E70F0F035034FE5010E22D31DFF2C166F80AD14205690F5E5116B9CCED33
official-menu-kobongmin-189751c4101a,KOBONGMIN-189751C4101A,고봉민김밥인,스페샬떡볶이,,,,,UNKNOWN,UNKNOWN,https://kobongmin.com/renewal/03_menu/07.php,2026-10-04,,franchise-quality-v1,OFFICIAL_MENU_FIELD_AVAILABILITY_REVIEW,,,false,8689E70F0F035034FE5010E22D31DFF2C166F80AD14205690F5E5116B9CCED33
official-menu-kobongmin-19b176949c19,KOBONGMIN-19B176949C19,고봉민김밥인,국물떡볶이,,,,,UNKNOWN,UNKNOWN,https://kobongmin.com/renewal/03_menu/07.php,2026-10-04,,franchise-quality-v1,OFFICIAL_MENU_FIELD_AVAILABILITY_REVIEW,,,false,8689E70F0F035034FE5010E22D31DFF2C166F80AD14205690F5E5116B9CCED33
official-menu-kobongmin-1e223bd1bfd2,KOBONGMIN-1E223BD1BFD2,고봉민김밥인,떡국,,,,,UNKNOWN,UNKNOWN,https://kobongmin.com/renewal/03_menu/05.php,2026-10-04,,franchise-quality-v1,OFFICIAL_MENU_FIELD_AVAILABILITY_REVIEW,,,false,7E522A2711EA4BD6494BA88D005C62E8773AA70C9F5608662EBF1B491DB601B6
official-menu-kobongmin-21c703798b70,KOBONGMIN-21C703798B70,고봉민김밥인,진미채김밥,,,,,UNKNOWN,UNKNOWN,https://kobongmin.com/renewal/03_menu/02.php,2026-10-04,,franchise-quality-v1,OFFICIAL_MENU_FIELD_AVAILABILITY_REVIEW,,,false,210CE0A60B0F5CAE434E46F76A6CFCE1713B6AAA551B82B0D4AC0133F18B1B16
official-menu-kobongmin-238e28b42dc6,KOBONGMIN-238E28B42DC6,고봉민김밥인,여수갓참치김밥,,,,,UNKNOWN,UNKNOWN,https://kobongmin.com/renewal/03_menu/02.php,2026-10-04,,franchise-quality-v1,OFFICIAL_MENU_FIELD_AVAILABILITY_REVIEW,,,false,210CE0A60B0F5CAE434E46F76A6CFCE1713B6AAA551B82B0D4AC0133F18B1B16
official-menu-kobongmin-29e199c81745,KOBONGMIN-29E199C81745,고봉민김밥인,소불고기 덮밥,,,,,UNKNOWN,UNKNOWN,https://kobongmin.com/renewal/03_menu/04.php,2026-10-04,,franchise-quality-v1,OFFICIAL_MENU_FIELD_AVAILABILITY_REVIEW,,,false,B83D88A6AA0AD7BD253531016535B3D5645ECF5BFD0CBB949EA9663FE50F5A2A
official-menu-kobongmin-2f59cdf754f0,KOBONGMIN-2F59CDF754F0,고봉민김밥인,고봉민돼지국밥,,,,,UNKNOWN,UNKNOWN,https://kobongmin.com/renewal/03_menu/04.php,2026-10-04,,franchise-quality-v1,OFFICIAL_MENU_FIELD_AVAILABILITY_REVIEW,,,false,B83D88A6AA0AD7BD253531016535B3D5645ECF5BFD0CBB949EA9663FE50F5A2A
official-menu-kobongmin-30445430d490,KOBONGMIN-30445430D490,고봉민김밥인,물냉면,,,,,UNKNOWN,UNKNOWN,https://kobongmin.com/renewal/03_menu/05.php,2026-10-04,,franchise-quality-v1,OFFICIAL_MENU_FIELD_AVAILABILITY_REVIEW,,,false,7E522A2711EA4BD6494BA88D005C62E8773AA70C9F5608662EBF1B491DB601B6
official-menu-kobongmin-3083cb767b81,KOBONGMIN-3083CB767B81,고봉민김밥인,쫄면,,,,,UNKNOWN,UNKNOWN,https://kobongmin.com/renewal/03_menu/03.php,2026-10-04,,franchise-quality-v1,OFFICIAL_MENU_FIELD_AVAILABILITY_REVIEW,,,false,D94FB4E41D03A3D485E20EFC8B9FC8C2EE62D0BEC3FDB3440A60260D8C345A67
official-menu-kobongmin-3262fdf64f79,KOBONGMIN-3262FDF64F79,고봉민김밥인,떡갈비김밥,,,,,UNKNOWN,UNKNOWN,https://kobongmin.com/renewal/03_menu/02.php,2026-10-04,,franchise-quality-v1,OFFICIAL_MENU_FIELD_AVAILABILITY_REVIEW,,,false,210CE0A60B0F5CAE434E46F76A6CFCE1713B6AAA551B82B0D4AC0133F18B1B16
official-menu-kobongmin-33374bffe08f,KOBONGMIN-33374BFFE08F,고봉민김밥인,짜장국물떡볶이,,,,,UNKNOWN,UNKNOWN,https://kobongmin.com/renewal/03_menu/07.php,2026-10-04,,franchise-quality-v1,OFFICIAL_MENU_FIELD_AVAILABILITY_REVIEW,,,false,8689E70F0F035034FE5010E22D31DFF2C166F80AD14205690F5E5116B9CCED33
official-menu-kobongmin-377d90cd39f5,KOBONGMIN-377D90CD39F5,고봉민김밥인,그린바질새우김밥,,,,,UNKNOWN,UNKNOWN,https://kobongmin.com/renewal/03_menu/02.php,2026-10-04,,franchise-quality-v1,OFFICIAL_MENU_FIELD_AVAILABILITY_REVIEW,,,false,210CE0A60B0F5CAE434E46F76A6CFCE1713B6AAA551B82B0D4AC0133F18B1B16
official-menu-kobongmin-3c6fd141afd9,KOBONGMIN-3C6FD141AFD9,고봉민김밥인,손수제비,,,,,UNKNOWN,UNKNOWN,https://kobongmin.com/renewal/03_menu/03.php,2026-10-04,,franchise-quality-v1,OFFICIAL_MENU_FIELD_AVAILABILITY_REVIEW,,,false,D94FB4E41D03A3D485E20EFC8B9FC8C2EE62D0BEC3FDB3440A60260D8C345A67
official-menu-kobongmin-3df88a89469b,KOBONGMIN-3DF88A89469B,고봉민김밥인,비빔라면(냉),,,,,UNKNOWN,UNKNOWN,https://kobongmin.com/renewal/03_menu/06.php,2026-10-04,,franchise-quality-v1,OFFICIAL_MENU_FIELD_AVAILABILITY_REVIEW,,,false,A42C414CFEB680A88FBBF7197AD52721898D79988375DBEC9AE88D9C6161D2A1
official-menu-kobongmin-3f6e955e4816,KOBONGMIN-3F6E955E4816,고봉민김밥인,돈까스김밥,,,,,UNKNOWN,UNKNOWN,https://kobongmin.com/renewal/03_menu/02.php,2026-10-04,,franchise-quality-v1,OFFICIAL_MENU_FIELD_AVAILABILITY_REVIEW,,,false,210CE0A60B0F5CAE434E46F76A6CFCE1713B6AAA551B82B0D4AC0133F18B1B16
official-menu-kobongmin-450d5926a8e3,KOBONGMIN-450D5926A8E3,고봉민김밥인,비빔냉면,,,,,UNKNOWN,UNKNOWN,https://kobongmin.com/renewal/03_menu/05.php,2026-10-04,,franchise-quality-v1,OFFICIAL_MENU_FIELD_AVAILABILITY_REVIEW,,,false,7E522A2711EA4BD6494BA88D005C62E8773AA70C9F5608662EBF1B491DB601B6
official-menu-kobongmin-46dc80385185,KOBONGMIN-46DC80385185,고봉민김밥인,신라면,,,,,UNKNOWN,UNKNOWN,https://kobongmin.com/renewal/03_menu/03.php,2026-10-04,,franchise-quality-v1,OFFICIAL_MENU_FIELD_AVAILABILITY_REVIEW,,,false,D94FB4E41D03A3D485E20EFC8B9FC8C2EE62D0BEC3FDB3440A60260D8C345A67
official-menu-kobongmin-47edfe5e9982,KOBONGMIN-47EDFE5E9982,고봉민김밥인,치즈돈까스,,,,,UNKNOWN,UNKNOWN,https://kobongmin.com/renewal/03_menu/04.php,2026-10-04,,franchise-quality-v1,OFFICIAL_MENU_FIELD_AVAILABILITY_REVIEW,,,false,B83D88A6AA0AD7BD253531016535B3D5645ECF5BFD0CBB949EA9663FE50F5A2A
official-menu-kobongmin-48e962f57fe5,KOBONGMIN-48E962F57FE5,고봉민김밥인,고구마치즈돈까스,,,,,UNKNOWN,UNKNOWN,https://kobongmin.com/renewal/03_menu/04.php,2026-10-04,,franchise-quality-v1,OFFICIAL_MENU_FIELD_AVAILABILITY_REVIEW,,,false,B83D88A6AA0AD7BD253531016535B3D5645ECF5BFD0CBB949EA9663FE50F5A2A
official-menu-kobongmin-49c253aef78f,KOBONGMIN-49C253AEF78F,고봉민김밥인,돈까스세트,,,,,UNKNOWN,UNKNOWN,https://kobongmin.com/renewal/03_menu/04.php,2026-10-04,,franchise-quality-v1,OFFICIAL_MENU_FIELD_AVAILABILITY_REVIEW,,,false,B83D88A6AA0AD7BD253531016535B3D5645ECF5BFD0CBB949EA9663FE50F5A2A
official-menu-kobongmin-5a4ec926d0f3,KOBONGMIN-5A4EC926D0F3,고봉민김밥인,맵엉와사크래미통,,,,,UNKNOWN,UNKNOWN,https://kobongmin.com/renewal/03_menu/02.php,2026-10-04,,franchise-quality-v1,OFFICIAL_MENU_FIELD_AVAILABILITY_REVIEW,,,false,210CE0A60B0F5CAE434E46F76A6CFCE1713B6AAA551B82B0D4AC0133F18B1B16
official-menu-kobongmin-5dd2b78075c0,KOBONGMIN-5DD2B78075C0,고봉민김밥인,소불고기김밥,,,,,UNKNOWN,UNKNOWN,https://kobongmin.com/renewal/03_menu/02.php,2026-10-04,,franchise-quality-v1,OFFICIAL_MENU_FIELD_AVAILABILITY_REVIEW,,,false,210CE0A60B0F5CAE434E46F76A6CFCE1713B6AAA551B82B0D4AC0133F18B1B16
official-menu-kobongmin-65821f8cd444,KOBONGMIN-65821F8CD444,고봉민김밥인,비빔우동(온),,,,,UNKNOWN,UNKNOWN,https://kobongmin.com/renewal/03_menu/06.php,2026-10-04,,franchise-quality-v1,OFFICIAL_MENU_FIELD_AVAILABILITY_REVIEW,,,false,A42C414CFEB680A88FBBF7197AD52721898D79988375DBEC9AE88D9C6161D2A1
official-menu-kobongmin-6c89b452a8a7,KOBONGMIN-6C89B452A8A7,고봉민김밥인,육개장한상,,,,,UNKNOWN,UNKNOWN,https://kobongmin.com/renewal/03_menu/04.php,2026-10-04,,franchise-quality-v1,OFFICIAL_MENU_FIELD_AVAILABILITY_REVIEW,,,false,B83D88A6AA0AD7BD253531016535B3D5645ECF5BFD0CBB949EA9663FE50F5A2A
official-menu-kobongmin-72478616d1b3,KOBONGMIN-72478616D1B3,고봉민김밥인,맵엉소시지통,,,,,UNKNOWN,UNKNOWN,https://kobongmin.com/renewal/03_menu/02.php,2026-10-04,,franchise-quality-v1,OFFICIAL_MENU_FIELD_AVAILABILITY_REVIEW,,,false,210CE0A60B0F5CAE434E46F76A6CFCE1713B6AAA551B82B0D4AC0133F18B1B16
official-menu-kobongmin-7b44b3ba7a71,KOBONGMIN-7B44B3BA7A71,고봉민김밥인,그린더블치즈김밥,,,,,UNKNOWN,UNKNOWN,https://kobongmin.com/renewal/03_menu/02.php,2026-10-04,,franchise-quality-v1,OFFICIAL_MENU_FIELD_AVAILABILITY_REVIEW,,,false,210CE0A60B0F5CAE434E46F76A6CFCE1713B6AAA551B82B0D4AC0133F18B1B16
official-menu-kobongmin-85d610ac9e73,KOBONGMIN-85D610AC9E73,고봉민김밥인,대전얼큰이칼국수,,,,,UNKNOWN,UNKNOWN,https://kobongmin.com/renewal/03_menu/03.php,2026-10-04,,franchise-quality-v1,OFFICIAL_MENU_FIELD_AVAILABILITY_REVIEW,,,false,D94FB4E41D03A3D485E20EFC8B9FC8C2EE62D0BEC3FDB3440A60260D8C345A67
official-menu-kobongmin-8a866e0925bc,KOBONGMIN-8A866E0925BC,고봉민김밥인,깻잎국물떡볶이,,,,,UNKNOWN,UNKNOWN,https://kobongmin.com/renewal/03_menu/07.php,2026-10-04,,franchise-quality-v1,OFFICIAL_MENU_FIELD_AVAILABILITY_REVIEW,,,false,8689E70F0F035034FE5010E22D31DFF2C166F80AD14205690F5E5116B9CCED33
official-menu-kobongmin-8b062df7dd88,KOBONGMIN-8B062DF7DD88,고봉민김밥인,매운김밥,,,,,UNKNOWN,UNKNOWN,https://kobongmin.com/renewal/03_menu/02.php,2026-10-04,,franchise-quality-v1,OFFICIAL_MENU_FIELD_AVAILABILITY_REVIEW,,,false,210CE0A60B0F5CAE434E46F76A6CFCE1713B6AAA551B82B0D4AC0133F18B1B16
official-menu-kobongmin-941690dce822,KOBONGMIN-941690DCE822,고봉민김밥인,강정떡볶이,,,,,UNKNOWN,UNKNOWN,https://kobongmin.com/renewal/03_menu/07.php,2026-10-04,,franchise-quality-v1,OFFICIAL_MENU_FIELD_AVAILABILITY_REVIEW,,,false,8689E70F0F035034FE5010E22D31DFF2C166F80AD14205690F5E5116B9CCED33
official-menu-kobongmin-96123e9add47,KOBONGMIN-96123E9ADD47,고봉민김밥인,고봉민돈까스,,,,,UNKNOWN,UNKNOWN,https://kobongmin.com/renewal/03_menu/04.php,2026-10-04,,franchise-quality-v1,OFFICIAL_MENU_FIELD_AVAILABILITY_REVIEW,,,false,B83D88A6AA0AD7BD253531016535B3D5645ECF5BFD0CBB949EA9663FE50F5A2A
official-menu-kobongmin-98453feae8b0,KOBONGMIN-98453FEAE8B0,고봉민김밥인,납작탕수육,,,,,UNKNOWN,UNKNOWN,https://kobongmin.com/renewal/03_menu/06.php,2026-10-04,,franchise-quality-v1,OFFICIAL_MENU_FIELD_AVAILABILITY_REVIEW,,,false,A42C414CFEB680A88FBBF7197AD52721898D79988375DBEC9AE88D9C6161D2A1
official-menu-kobongmin-9c4455c84ef8,KOBONGMIN-9C4455C84EF8,고봉민김밥인,돌판비빔밥,,,,,UNKNOWN,UNKNOWN,https://kobongmin.com/renewal/03_menu/04.php,2026-10-04,,franchise-quality-v1,OFFICIAL_MENU_FIELD_AVAILABILITY_REVIEW,,,false,B83D88A6AA0AD7BD253531016535B3D5645ECF5BFD0CBB949EA9663FE50F5A2A
official-menu-kobongmin-a2b2301e1a8f,KOBONGMIN-A2B2301E1A8F,고봉민김밥인,스페샬마라기름떡볶이,,,,,UNKNOWN,UNKNOWN,https://kobongmin.com/renewal/03_menu/07.php,2026-10-04,,franchise-quality-v1,OFFICIAL_MENU_FIELD_AVAILABILITY_REVIEW,,,false,8689E70F0F035034FE5010E22D31DFF2C166F80AD14205690F5E5116B9CCED33
official-menu-kobongmin-a33934595e73,KOBONGMIN-A33934595E73,고봉민김밥인,롤치즈까스,,,,,UNKNOWN,UNKNOWN,https://kobongmin.com/renewal/03_menu/04.php,2026-10-04,,franchise-quality-v1,OFFICIAL_MENU_FIELD_AVAILABILITY_REVIEW,,,false,B83D88A6AA0AD7BD253531016535B3D5645ECF5BFD0CBB949EA9663FE50F5A2A
official-menu-kobongmin-a34a126e3fca,KOBONGMIN-A34A126E3FCA,고봉민김밥인,오므라이스,,,,,UNKNOWN,UNKNOWN,https://kobongmin.com/renewal/03_menu/04.php,2026-10-04,,franchise-quality-v1,OFFICIAL_MENU_FIELD_AVAILABILITY_REVIEW,,,false,B83D88A6AA0AD7BD253531016535B3D5645ECF5BFD0CBB949EA9663FE50F5A2A
official-menu-kobongmin-a3a9d8542e69,KOBONGMIN-A3A9D8542E69,고봉민김밥인,멸치새우김밥,,,,,UNKNOWN,UNKNOWN,https://kobongmin.com/renewal/03_menu/02.php,2026-10-04,,franchise-quality-v1,OFFICIAL_MENU_FIELD_AVAILABILITY_REVIEW,,,false,210CE0A60B0F5CAE434E46F76A6CFCE1713B6AAA551B82B0D4AC0133F18B1B16
official-menu-kobongmin-a475452b1270,KOBONGMIN-A475452B1270,고봉민김밥인,그린허브치킨김밥,,,,,UNKNOWN,UNKNOWN,https://kobongmin.com/renewal/03_menu/02.php,2026-10-04,,franchise-quality-v1,OFFICIAL_MENU_FIELD_AVAILABILITY_REVIEW,,,false,210CE0A60B0F5CAE434E46F76A6CFCE1713B6AAA551B82B0D4AC0133F18B1B16
official-menu-kobongmin-ab2671b9eb7b,KOBONGMIN-AB2671B9EB7B,고봉민김밥인,스페샬불고기떡볶이,,,,,UNKNOWN,UNKNOWN,https://kobongmin.com/renewal/03_menu/07.php,2026-10-04,,franchise-quality-v1,OFFICIAL_MENU_FIELD_AVAILABILITY_REVIEW,,,false,8689E70F0F035034FE5010E22D31DFF2C166F80AD14205690F5E5116B9CCED33
official-menu-kobongmin-adc8b8611b82,KOBONGMIN-ADC8B8611B82,고봉민김밥인,새우김밥,,,,,UNKNOWN,UNKNOWN,https://kobongmin.com/renewal/03_menu/02.php,2026-10-04,,franchise-quality-v1,OFFICIAL_MENU_FIELD_AVAILABILITY_REVIEW,,,false,210CE0A60B0F5CAE434E46F76A6CFCE1713B6AAA551B82B0D4AC0133F18B1B16
official-menu-kobongmin-b8bc7066bf89,KOBONGMIN-B8BC7066BF89,고봉민김밥인,순두부찌개,,,,,UNKNOWN,UNKNOWN,https://kobongmin.com/renewal/03_menu/04.php,2026-10-04,,franchise-quality-v1,OFFICIAL_MENU_FIELD_AVAILABILITY_REVIEW,,,false,B83D88A6AA0AD7BD253531016535B3D5645ECF5BFD0CBB949EA9663FE50F5A2A
official-menu-kobongmin-bc0d392ec241,KOBONGMIN-BC0D392EC241,고봉민김밥인,비빔국수,,,,,UNKNOWN,UNKNOWN,https://kobongmin.com/renewal/03_menu/03.php,2026-10-04,,franchise-quality-v1,OFFICIAL_MENU_FIELD_AVAILABILITY_REVIEW,,,false,D94FB4E41D03A3D485E20EFC8B9FC8C2EE62D0BEC3FDB3440A60260D8C345A67
official-menu-kobongmin-bc959c7a9d9f,KOBONGMIN-BC959C7A9D9F,고봉민김밥인,그린참치김밥,,,,,UNKNOWN,UNKNOWN,https://kobongmin.com/renewal/03_menu/02.php,2026-10-04,,franchise-quality-v1,OFFICIAL_MENU_FIELD_AVAILABILITY_REVIEW,,,false,210CE0A60B0F5CAE434E46F76A6CFCE1713B6AAA551B82B0D4AC0133F18B1B16
official-menu-kobongmin-be9054150d8b,KOBONGMIN-BE9054150D8B,고봉민김밥인,맵돈김밥,,,,,UNKNOWN,UNKNOWN,https://kobongmin.com/renewal/03_menu/02.php,2026-10-04,,franchise-quality-v1,OFFICIAL_MENU_FIELD_AVAILABILITY_REVIEW,,,false,210CE0A60B0F5CAE434E46F76A6CFCE1713B6AAA551B82B0D4AC0133F18B1B16
official-menu-kobongmin-c3c859fc0f0b,KOBONGMIN-C3C859FC0F0B,고봉민김밥인,통소시지김밥,,,,,UNKNOWN,UNKNOWN,https://kobongmin.com/renewal/03_menu/02.php,2026-10-04,,franchise-quality-v1,OFFICIAL_MENU_FIELD_AVAILABILITY_REVIEW,,,false,210CE0A60B0F5CAE434E46F76A6CFCE1713B6AAA551B82B0D4AC0133F18B1B16
official-menu-kobongmin-c425529798fb,KOBONGMIN-C425529798FB,고봉민김밥인,참치김밥,,,,,UNKNOWN,UNKNOWN,https://kobongmin.com/renewal/03_menu/02.php,2026-10-04,,franchise-quality-v1,OFFICIAL_MENU_FIELD_AVAILABILITY_REVIEW,,,false,210CE0A60B0F5CAE434E46F76A6CFCE1713B6AAA551B82B0D4AC0133F18B1B16
official-menu-kobongmin-c59ce2b2d53c,KOBONGMIN-C59CE2B2D53C,고봉민김밥인,치즈김밥,,,,,UNKNOWN,UNKNOWN,https://kobongmin.com/renewal/03_menu/02.php,2026-10-04,,franchise-quality-v1,OFFICIAL_MENU_FIELD_AVAILABILITY_REVIEW,,,false,210CE0A60B0F5CAE434E46F76A6CFCE1713B6AAA551B82B0D4AC0133F18B1B16
official-menu-kobongmin-ce86307eadcd,KOBONGMIN-CE86307EADCD,고봉민김밥인,잔치국수,,,,,UNKNOWN,UNKNOWN,https://kobongmin.com/renewal/03_menu/03.php,2026-10-04,,franchise-quality-v1,OFFICIAL_MENU_FIELD_AVAILABILITY_REVIEW,,,false,D94FB4E41D03A3D485E20EFC8B9FC8C2EE62D0BEC3FDB3440A60260D8C345A67
official-menu-kobongmin-d0d57d3675a9,KOBONGMIN-D0D57D3675A9,고봉민김밥인,만둣국,,,,,UNKNOWN,UNKNOWN,https://kobongmin.com/renewal/03_menu/03.php,2026-10-04,,franchise-quality-v1,OFFICIAL_MENU_FIELD_AVAILABILITY_REVIEW,,,false,D94FB4E41D03A3D485E20EFC8B9FC8C2EE62D0BEC3FDB3440A60260D8C345A67
official-menu-kobongmin-d559d6816403,KOBONGMIN-D559D6816403,고봉민김밥인,가래떡떡볶이,,,,,UNKNOWN,UNKNOWN,https://kobongmin.com/renewal/03_menu/07.php,2026-10-04,,franchise-quality-v1,OFFICIAL_MENU_FIELD_AVAILABILITY_REVIEW,,,false,8689E70F0F035034FE5010E22D31DFF2C166F80AD14205690F5E5116B9CCED33
official-menu-kobongmin-d5a05923c3cf,KOBONGMIN-D5A05923C3CF,고봉민김밥인,냉모밀,,,,,UNKNOWN,UNKNOWN,https://kobongmin.com/renewal/03_menu/05.php,2026-10-04,,franchise-quality-v1,OFFICIAL_MENU_FIELD_AVAILABILITY_REVIEW,,,false,7E522A2711EA4BD6494BA88D005C62E8773AA70C9F5608662EBF1B491DB601B6
official-menu-kobongmin-dba58cdfc6ae,KOBONGMIN-DBA58CDFC6AE,고봉민김밥인,강릉짬뽕순두부,,,,,UNKNOWN,UNKNOWN,https://kobongmin.com/renewal/03_menu/04.php,2026-10-04,,franchise-quality-v1,OFFICIAL_MENU_FIELD_AVAILABILITY_REVIEW,,,false,B83D88A6AA0AD7BD253531016535B3D5645ECF5BFD0CBB949EA9663FE50F5A2A
official-menu-kobongmin-debf70b8bd5f,KOBONGMIN-DEBF70B8BD5F,고봉민김밥인,고봉민김밥,,,,,UNKNOWN,UNKNOWN,https://kobongmin.com/renewal/03_menu/02.php,2026-10-04,,franchise-quality-v1,OFFICIAL_MENU_FIELD_AVAILABILITY_REVIEW,,,false,210CE0A60B0F5CAE434E46F76A6CFCE1713B6AAA551B82B0D4AC0133F18B1B16
official-menu-kobongmin-e129a8ec0d39,KOBONGMIN-E129A8EC0D39,고봉민김밥인,그린에그김밥,,,,,UNKNOWN,UNKNOWN,https://kobongmin.com/renewal/03_menu/02.php,2026-10-04,,franchise-quality-v1,OFFICIAL_MENU_FIELD_AVAILABILITY_REVIEW,,,false,210CE0A60B0F5CAE434E46F76A6CFCE1713B6AAA551B82B0D4AC0133F18B1B16
official-menu-kobongmin-e2fa0a2069f3,KOBONGMIN-E2FA0A2069F3,고봉민김밥인,마라로제떡볶이,,,,,UNKNOWN,UNKNOWN,https://kobongmin.com/renewal/03_menu/07.php,2026-10-04,,franchise-quality-v1,OFFICIAL_MENU_FIELD_AVAILABILITY_REVIEW,,,false,8689E70F0F035034FE5010E22D31DFF2C166F80AD14205690F5E5116B9CCED33
official-menu-kobongmin-e34d69d4fd05,KOBONGMIN-E34D69D4FD05,고봉민김밥인,그린김밥,,,,,UNKNOWN,UNKNOWN,https://kobongmin.com/renewal/03_menu/02.php,2026-10-04,,franchise-quality-v1,OFFICIAL_MENU_FIELD_AVAILABILITY_REVIEW,,,false,210CE0A60B0F5CAE434E46F76A6CFCE1713B6AAA551B82B0D4AC0133F18B1B16
official-menu-kobongmin-e9357e8d8d1f,KOBONGMIN-E9357E8D8D1F,고봉민김밥인,매콤어묵김밥,,,,,UNKNOWN,UNKNOWN,https://kobongmin.com/renewal/03_menu/02.php,2026-10-04,,franchise-quality-v1,OFFICIAL_MENU_FIELD_AVAILABILITY_REVIEW,,,false,210CE0A60B0F5CAE434E46F76A6CFCE1713B6AAA551B82B0D4AC0133F18B1B16
official-menu-kobongmin-ec1f98c4f3e4,KOBONGMIN-EC1F98C4F3E4,고봉민김밥인,우동,,,,,UNKNOWN,UNKNOWN,https://kobongmin.com/renewal/03_menu/03.php,2026-10-04,,franchise-quality-v1,OFFICIAL_MENU_FIELD_AVAILABILITY_REVIEW,,,false,D94FB4E41D03A3D485E20EFC8B9FC8C2EE62D0BEC3FDB3440A60260D8C345A67
official-menu-kobongmin-f5497e7759c3,KOBONGMIN-F5497E7759C3,고봉민김밥인,부대신라면,,,,,UNKNOWN,UNKNOWN,https://kobongmin.com/renewal/03_menu/03.php,2026-10-04,,franchise-quality-v1,OFFICIAL_MENU_FIELD_AVAILABILITY_REVIEW,,,false,D94FB4E41D03A3D485E20EFC8B9FC8C2EE62D0BEC3FDB3440A60260D8C345A67
official-menu-kobongmin-ff82cd681c2f,KOBONGMIN-FF82CD681C2F,고봉민김밥인,맵엉청양모짜통,,,,,UNKNOWN,UNKNOWN,https://kobongmin.com/renewal/03_menu/02.php,2026-10-04,,franchise-quality-v1,OFFICIAL_MENU_FIELD_AVAILABILITY_REVIEW,,,false,210CE0A60B0F5CAE434E46F76A6CFCE1713B6AAA551B82B0D4AC0133F18B1B16
official-menu-sinjeon-07a30b72c35b,SINJEON-07A30B72C35B,신전떡볶이,크림치즈볼,,,,,UNKNOWN,UNKNOWN,https://www.sinjeon.co.kr/doc/menu04.php,2026-10-04,,franchise-quality-v1,OFFICIAL_MENU_FIELD_AVAILABILITY_REVIEW,,,false,0310B0BA45A8D977FAE53C43872FB193C1AB1A9CC42EF83C0AF6902E92592957
official-menu-sinjeon-0813426d67ca,SINJEON-0813426D67CA,신전떡볶이,치킨마요컵밥,,,,,UNKNOWN,UNKNOWN,https://www.sinjeon.co.kr/doc/menu05.php,2026-10-04,,franchise-quality-v1,OFFICIAL_MENU_FIELD_AVAILABILITY_REVIEW,,,false,A56D2F67884AF9C8BAD4C43630ABE44907863958FC7D36AE42A0030EC2C0E720
official-menu-sinjeon-0cf9037abd88,SINJEON-0CF9037ABD88,신전떡볶이,야채튀김,,,,,UNKNOWN,UNKNOWN,https://www.sinjeon.co.kr/doc/menu04.php,2026-10-04,,franchise-quality-v1,OFFICIAL_MENU_FIELD_AVAILABILITY_REVIEW,,,false,0310B0BA45A8D977FAE53C43872FB193C1AB1A9CC42EF83C0AF6902E92592957
official-menu-sinjeon-0d2bae52f1bd,SINJEON-0D2BAE52F1BD,신전떡볶이,신전치즈김밥,,,,,UNKNOWN,UNKNOWN,https://www.sinjeon.co.kr/doc/menu05.php,2026-10-04,,franchise-quality-v1,OFFICIAL_MENU_FIELD_AVAILABILITY_REVIEW,,,false,A56D2F67884AF9C8BAD4C43630ABE44907863958FC7D36AE42A0030EC2C0E720
official-menu-sinjeon-124617065c17,SINJEON-124617065C17,신전떡볶이,납작만두,,,,,UNKNOWN,UNKNOWN,https://www.sinjeon.co.kr/doc/menu04.php,2026-10-04,,franchise-quality-v1,OFFICIAL_MENU_FIELD_AVAILABILITY_REVIEW,,,false,0310B0BA45A8D977FAE53C43872FB193C1AB1A9CC42EF83C0AF6902E92592957
official-menu-sinjeon-19101b2afee2,SINJEON-19101B2AFEE2,신전떡볶이,치즈스틱,,,,,UNKNOWN,UNKNOWN,https://www.sinjeon.co.kr/doc/menu04.php,2026-10-04,,franchise-quality-v1,OFFICIAL_MENU_FIELD_AVAILABILITY_REVIEW,,,false,0310B0BA45A8D977FAE53C43872FB193C1AB1A9CC42EF83C0AF6902E92592957
official-menu-sinjeon-1a9bb5c074c5,SINJEON-1A9BB5C074C5,신전떡볶이,콘버터,,,,,UNKNOWN,UNKNOWN,https://www.sinjeon.co.kr/doc/menu06.php,2026-10-04,,franchise-quality-v1,OFFICIAL_MENU_FIELD_AVAILABILITY_REVIEW,,,false,81AB0A53BF5D4D51235B8CA09849949431F8DD2A32D5C3D4B5B1D1969E17DAFB
official-menu-sinjeon-1c9b56c18075,SINJEON-1C9B56C18075,신전떡볶이,로제맵닭,,,,,UNKNOWN,UNKNOWN,https://www.sinjeon.co.kr/doc/menu03.php,2026-10-04,,franchise-quality-v1,OFFICIAL_MENU_FIELD_AVAILABILITY_REVIEW,,,false,1A6E526A83048085E8030BF59D258B8C3D53DF19358494777FCCD4187E31D3EE
official-menu-sinjeon-1f9506ef5759,SINJEON-1F9506EF5759,신전떡볶이,치킨링,,,,,UNKNOWN,UNKNOWN,https://www.sinjeon.co.kr/doc/menu04.php,2026-10-04,,franchise-quality-v1,OFFICIAL_MENU_FIELD_AVAILABILITY_REVIEW,,,false,0310B0BA45A8D977FAE53C43872FB193C1AB1A9CC42EF83C0AF6902E92592957
official-menu-sinjeon-235065848168,SINJEON-235065848168,신전떡볶이,로제떡볶이,,,,,UNKNOWN,UNKNOWN,https://www.sinjeon.co.kr/doc/menu03.php,2026-10-04,,franchise-quality-v1,OFFICIAL_MENU_FIELD_AVAILABILITY_REVIEW,,,false,1A6E526A83048085E8030BF59D258B8C3D53DF19358494777FCCD4187E31D3EE
official-menu-sinjeon-25cb7568cb82,SINJEON-25CB7568CB82,신전떡볶이,신전토스트,,,,,UNKNOWN,UNKNOWN,https://www.sinjeon.co.kr/doc/menu06.php,2026-10-04,,franchise-quality-v1,OFFICIAL_MENU_FIELD_AVAILABILITY_REVIEW,,,false,81AB0A53BF5D4D51235B8CA09849949431F8DD2A32D5C3D4B5B1D1969E17DAFB
official-menu-sinjeon-2874bbbac3f1,SINJEON-2874BBBAC3F1,신전떡볶이,닭껍질튀김,,,,,UNKNOWN,UNKNOWN,https://www.sinjeon.co.kr/doc/menu04.php,2026-10-04,,franchise-quality-v1,OFFICIAL_MENU_FIELD_AVAILABILITY_REVIEW,,,false,0310B0BA45A8D977FAE53C43872FB193C1AB1A9CC42EF83C0AF6902E92592957
official-menu-sinjeon-306c8d51b5f4,SINJEON-306C8D51B5F4,신전떡볶이,납작면,,,,,UNKNOWN,UNKNOWN,https://www.sinjeon.co.kr/doc/menu06.php,2026-10-04,,franchise-quality-v1,OFFICIAL_MENU_FIELD_AVAILABILITY_REVIEW,,,false,81AB0A53BF5D4D51235B8CA09849949431F8DD2A32D5C3D4B5B1D1969E17DAFB
official-menu-sinjeon-3b0507a8cc9e,SINJEON-3B0507A8CC9E,신전떡볶이,치킨텐더,,,,,UNKNOWN,UNKNOWN,https://www.sinjeon.co.kr/doc/menu04.php,2026-10-04,,franchise-quality-v1,OFFICIAL_MENU_FIELD_AVAILABILITY_REVIEW,,,false,0310B0BA45A8D977FAE53C43872FB193C1AB1A9CC42EF83C0AF6902E92592957
official-menu-sinjeon-3b5895dd25fb,SINJEON-3B5895DD25FB,신전떡볶이,잡채말이,,,,,UNKNOWN,UNKNOWN,https://www.sinjeon.co.kr/doc/menu04.php,2026-10-04,,franchise-quality-v1,OFFICIAL_MENU_FIELD_AVAILABILITY_REVIEW,,,false,0310B0BA45A8D977FAE53C43872FB193C1AB1A9CC42EF83C0AF6902E92592957
official-menu-sinjeon-446faf779699,SINJEON-446FAF779699,신전떡볶이,치즈토핑,,,,,UNKNOWN,UNKNOWN,https://www.sinjeon.co.kr/doc/menu06.php,2026-10-04,,franchise-quality-v1,OFFICIAL_MENU_FIELD_AVAILABILITY_REVIEW,,,false,81AB0A53BF5D4D51235B8CA09849949431F8DD2A32D5C3D4B5B1D1969E17DAFB
official-menu-sinjeon-4546732a7075,SINJEON-4546732A7075,신전떡볶이,베이컨,,,,,UNKNOWN,UNKNOWN,https://www.sinjeon.co.kr/doc/menu06.php,2026-10-04,,franchise-quality-v1,OFFICIAL_MENU_FIELD_AVAILABILITY_REVIEW,,,false,81AB0A53BF5D4D51235B8CA09849949431F8DD2A32D5C3D4B5B1D1969E17DAFB
official-menu-sinjeon-4614deb2609f,SINJEON-4614DEB2609F,신전떡볶이,오징어튀김,,,,,UNKNOWN,UNKNOWN,https://www.sinjeon.co.kr/doc/menu04.php,2026-10-04,,franchise-quality-v1,OFFICIAL_MENU_FIELD_AVAILABILITY_REVIEW,,,false,0310B0BA45A8D977FAE53C43872FB193C1AB1A9CC42EF83C0AF6902E92592957
official-menu-sinjeon-46a115cf35ff,SINJEON-46A115CF35FF,신전떡볶이,고추튀김,,,,,UNKNOWN,UNKNOWN,https://www.sinjeon.co.kr/doc/menu04.php,2026-10-04,,franchise-quality-v1,OFFICIAL_MENU_FIELD_AVAILABILITY_REVIEW,,,false,0310B0BA45A8D977FAE53C43872FB193C1AB1A9CC42EF83C0AF6902E92592957
official-menu-sinjeon-58da808d8e10,SINJEON-58DA808D8E10,신전떡볶이,단무지,,,,,UNKNOWN,UNKNOWN,https://www.sinjeon.co.kr/doc/menu06.php,2026-10-04,,franchise-quality-v1,OFFICIAL_MENU_FIELD_AVAILABILITY_REVIEW,,,false,81AB0A53BF5D4D51235B8CA09849949431F8DD2A32D5C3D4B5B1D1969E17DAFB
official-menu-sinjeon-5ac09b604849,SINJEON-5AC09B604849,신전떡볶이,분모자,,,,,UNKNOWN,UNKNOWN,https://www.sinjeon.co.kr/doc/menu06.php,2026-10-04,,franchise-quality-v1,OFFICIAL_MENU_FIELD_AVAILABILITY_REVIEW,,,false,81AB0A53BF5D4D51235B8CA09849949431F8DD2A32D5C3D4B5B1D1969E17DAFB
official-menu-sinjeon-5ba1b7f5e2d5,SINJEON-5BA1B7F5E2D5,신전떡볶이,튀김오뎅,,,,,UNKNOWN,UNKNOWN,https://www.sinjeon.co.kr/doc/menu04.php,2026-10-04,,franchise-quality-v1,OFFICIAL_MENU_FIELD_AVAILABILITY_REVIEW,,,false,0310B0BA45A8D977FAE53C43872FB193C1AB1A9CC42EF83C0AF6902E92592957
official-menu-sinjeon-694b11f55ee8,SINJEON-694B11F55EE8,신전떡볶이,떡볶이,,,,,UNKNOWN,UNKNOWN,https://www.sinjeon.co.kr/doc/menu03.php,2026-10-04,,franchise-quality-v1,OFFICIAL_MENU_FIELD_AVAILABILITY_REVIEW,,,false,1A6E526A83048085E8030BF59D258B8C3D53DF19358494777FCCD4187E31D3EE
official-menu-sinjeon-6d52c2afab5b,SINJEON-6D52C2AFAB5B,신전떡볶이,맵크림리조또,,,,,UNKNOWN,UNKNOWN,https://www.sinjeon.co.kr/doc/menu05.php,2026-10-04,,franchise-quality-v1,OFFICIAL_MENU_FIELD_AVAILABILITY_REVIEW,,,false,A56D2F67884AF9C8BAD4C43630ABE44907863958FC7D36AE42A0030EC2C0E720
official-menu-sinjeon-7068f6eae2f0,SINJEON-7068F6EAE2F0,신전떡볶이,통살오징어튀김,,,,,UNKNOWN,UNKNOWN,https://www.sinjeon.co.kr/doc/menu04.php,2026-10-04,,franchise-quality-v1,OFFICIAL_MENU_FIELD_AVAILABILITY_REVIEW,,,false,0310B0BA45A8D977FAE53C43872FB193C1AB1A9CC42EF83C0AF6902E92592957
official-menu-sinjeon-72651689ea28,SINJEON-72651689EA28,신전떡볶이,참치마요김밥,,,,,UNKNOWN,UNKNOWN,https://www.sinjeon.co.kr/doc/menu05.php,2026-10-04,,franchise-quality-v1,OFFICIAL_MENU_FIELD_AVAILABILITY_REVIEW,,,false,A56D2F67884AF9C8BAD4C43630ABE44907863958FC7D36AE42A0030EC2C0E720
official-menu-sinjeon-7f4aad3edacd,SINJEON-7F4AAD3EDACD,신전떡볶이,미니핫도그,,,,,UNKNOWN,UNKNOWN,https://www.sinjeon.co.kr/doc/menu04.php,2026-10-04,,franchise-quality-v1,OFFICIAL_MENU_FIELD_AVAILABILITY_REVIEW,,,false,0310B0BA45A8D977FAE53C43872FB193C1AB1A9CC42EF83C0AF6902E92592957
official-menu-sinjeon-8adf5898603b,SINJEON-8ADF5898603B,신전떡볶이,맵닭,,,,,UNKNOWN,UNKNOWN,https://www.sinjeon.co.kr/doc/menu03.php,2026-10-04,,franchise-quality-v1,OFFICIAL_MENU_FIELD_AVAILABILITY_REVIEW,,,false,1A6E526A83048085E8030BF59D258B8C3D53DF19358494777FCCD4187E31D3EE
official-menu-sinjeon-970457526cf5,SINJEON-970457526CF5,신전떡볶이,통콘너겟,,,,,UNKNOWN,UNKNOWN,https://www.sinjeon.co.kr/doc/menu04.php,2026-10-04,,franchise-quality-v1,OFFICIAL_MENU_FIELD_AVAILABILITY_REVIEW,,,false,0310B0BA45A8D977FAE53C43872FB193C1AB1A9CC42EF83C0AF6902E92592957
official-menu-sinjeon-a157118ae758,SINJEON-A157118AE758,신전떡볶이,튀김만두,,,,,UNKNOWN,UNKNOWN,https://www.sinjeon.co.kr/doc/menu04.php,2026-10-04,,franchise-quality-v1,OFFICIAL_MENU_FIELD_AVAILABILITY_REVIEW,,,false,0310B0BA45A8D977FAE53C43872FB193C1AB1A9CC42EF83C0AF6902E92592957
official-menu-sinjeon-a5b53bc661ee,SINJEON-A5B53BC661EE,신전떡볶이,미니어묵,,,,,UNKNOWN,UNKNOWN,https://www.sinjeon.co.kr/doc/menu06.php,2026-10-04,,franchise-quality-v1,OFFICIAL_MENU_FIELD_AVAILABILITY_REVIEW,,,false,81AB0A53BF5D4D51235B8CA09849949431F8DD2A32D5C3D4B5B1D1969E17DAFB
official-menu-sinjeon-aa206856ae16,SINJEON-AA206856AE16,신전떡볶이,참치마요컵밥,,,,,UNKNOWN,UNKNOWN,https://www.sinjeon.co.kr/doc/menu05.php,2026-10-04,,franchise-quality-v1,OFFICIAL_MENU_FIELD_AVAILABILITY_REVIEW,,,false,A56D2F67884AF9C8BAD4C43630ABE44907863958FC7D36AE42A0030EC2C0E720
official-menu-sinjeon-ae91d066af0a,SINJEON-AE91D066AF0A,신전떡볶이,맑은오뎅탕,,,,,UNKNOWN,UNKNOWN,https://www.sinjeon.co.kr/doc/menu06.php,2026-10-04,,franchise-quality-v1,OFFICIAL_MENU_FIELD_AVAILABILITY_REVIEW,,,false,81AB0A53BF5D4D51235B8CA09849949431F8DD2A32D5C3D4B5B1D1969E17DAFB
official-menu-sinjeon-affed40e4678,SINJEON-AFFED40E4678,신전떡볶이,해쉬브라운,,,,,UNKNOWN,UNKNOWN,https://www.sinjeon.co.kr/doc/menu04.php,2026-10-04,,franchise-quality-v1,OFFICIAL_MENU_FIELD_AVAILABILITY_REVIEW,,,false,0310B0BA45A8D977FAE53C43872FB193C1AB1A9CC42EF83C0AF6902E92592957
official-menu-sinjeon-b034286e3fc6,SINJEON-B034286E3FC6,신전떡볶이,신전라이스,,,,,UNKNOWN,UNKNOWN,https://www.sinjeon.co.kr/doc/menu05.php,2026-10-04,,franchise-quality-v1,OFFICIAL_MENU_FIELD_AVAILABILITY_REVIEW,,,false,A56D2F67884AF9C8BAD4C43630ABE44907863958FC7D36AE42A0030EC2C0E720
official-menu-sinjeon-b66894f0810b,SINJEON-B66894F0810B,신전떡볶이,비엔나,,,,,UNKNOWN,UNKNOWN,https://www.sinjeon.co.kr/doc/menu06.php,2026-10-04,,franchise-quality-v1,OFFICIAL_MENU_FIELD_AVAILABILITY_REVIEW,,,false,81AB0A53BF5D4D51235B8CA09849949431F8DD2A32D5C3D4B5B1D1969E17DAFB
official-menu-sinjeon-c07a24dc2433,SINJEON-C07A24DC2433,신전떡볶이,메추리알,,,,,UNKNOWN,UNKNOWN,https://www.sinjeon.co.kr/doc/menu06.php,2026-10-04,,franchise-quality-v1,OFFICIAL_MENU_FIELD_AVAILABILITY_REVIEW,,,false,81AB0A53BF5D4D51235B8CA09849949431F8DD2A32D5C3D4B5B1D1969E17DAFB
official-menu-sinjeon-c2bd785f9e0c,SINJEON-C2BD785F9E0C,신전떡볶이,고구마치즈볼,,,,,UNKNOWN,UNKNOWN,https://www.sinjeon.co.kr/doc/menu04.php,2026-10-04,,franchise-quality-v1,OFFICIAL_MENU_FIELD_AVAILABILITY_REVIEW,,,false,0310B0BA45A8D977FAE53C43872FB193C1AB1A9CC42EF83C0AF6902E92592957
official-menu-sinjeon-c8b4aa12f381,SINJEON-C8B4AA12F381,신전떡볶이,쌀떡볶이,,,,,UNKNOWN,UNKNOWN,https://www.sinjeon.co.kr/doc/menu03.php,2026-10-04,,franchise-quality-v1,OFFICIAL_MENU_FIELD_AVAILABILITY_REVIEW,,,false,1A6E526A83048085E8030BF59D258B8C3D53DF19358494777FCCD4187E31D3EE
official-menu-sinjeon-ddb73d14651a,SINJEON-DDB73D14651A,신전떡볶이,스팸마요컵밥,,,,,UNKNOWN,UNKNOWN,https://www.sinjeon.co.kr/doc/menu05.php,2026-10-04,,franchise-quality-v1,OFFICIAL_MENU_FIELD_AVAILABILITY_REVIEW,,,false,A56D2F67884AF9C8BAD4C43630ABE44907863958FC7D36AE42A0030EC2C0E720
official-menu-sinjeon-de42610af2d6,SINJEON-DE42610AF2D6,신전떡볶이,신전김밥,,,,,UNKNOWN,UNKNOWN,https://www.sinjeon.co.kr/doc/menu05.php,2026-10-04,,franchise-quality-v1,OFFICIAL_MENU_FIELD_AVAILABILITY_REVIEW,,,false,A56D2F67884AF9C8BAD4C43630ABE44907863958FC7D36AE42A0030EC2C0E720
official-menu-sinjeon-deea5ae11b96,SINJEON-DEEA5AE11B96,신전떡볶이,포테이토치즈스틱,,,,,UNKNOWN,UNKNOWN,https://www.sinjeon.co.kr/doc/menu04.php,2026-10-04,,franchise-quality-v1,OFFICIAL_MENU_FIELD_AVAILABILITY_REVIEW,,,false,0310B0BA45A8D977FAE53C43872FB193C1AB1A9CC42EF83C0AF6902E92592957
official-menu-sinjeon-e2fa0a2069f3,SINJEON-E2FA0A2069F3,신전떡볶이,마라로제떡볶이,,,,,UNKNOWN,UNKNOWN,https://www.sinjeon.co.kr/doc/menu03.php,2026-10-04,,franchise-quality-v1,OFFICIAL_MENU_FIELD_AVAILABILITY_REVIEW,,,false,1A6E526A83048085E8030BF59D258B8C3D53DF19358494777FCCD4187E31D3EE
official-menu-sinjeon-e4f68829f7bc,SINJEON-E4F68829F7BC,신전떡볶이,단호박튀김,,,,,UNKNOWN,UNKNOWN,https://www.sinjeon.co.kr/doc/menu04.php,2026-10-04,,franchise-quality-v1,OFFICIAL_MENU_FIELD_AVAILABILITY_REVIEW,,,false,0310B0BA45A8D977FAE53C43872FB193C1AB1A9CC42EF83C0AF6902E92592957
official-menu-sinjeon-ed57df83db01,SINJEON-ED57DF83DB01,신전떡볶이,팥빙수,,,,,UNKNOWN,UNKNOWN,https://www.sinjeon.co.kr/doc/menu06.php,2026-10-04,,franchise-quality-v1,OFFICIAL_MENU_FIELD_AVAILABILITY_REVIEW,,,false,81AB0A53BF5D4D51235B8CA09849949431F8DD2A32D5C3D4B5B1D1969E17DAFB
official-menu-sinjeon-fbbbba5fc814,SINJEON-FBBBBA5FC814,신전떡볶이,치즈떡볶이,,,,,UNKNOWN,UNKNOWN,https://www.sinjeon.co.kr/doc/menu03.php,2026-10-04,,franchise-quality-v1,OFFICIAL_MENU_FIELD_AVAILABILITY_REVIEW,,,false,1A6E526A83048085E8030BF59D258B8C3D53DF19358494777FCCD4187E31D3EE
official-menu-sinjeon-fc5d0e26e2bd,SINJEON-FC5D0E26E2BD,신전떡볶이,순대,,,,,UNKNOWN,UNKNOWN,https://www.sinjeon.co.kr/doc/menu06.php,2026-10-04,,franchise-quality-v1,OFFICIAL_MENU_FIELD_AVAILABILITY_REVIEW,,,false,81AB0A53BF5D4D51235B8CA09849949431F8DD2A32D5C3D4B5B1D1969E17DAFB
official-menu-sinjeon-fd352f027f33,SINJEON-FD352F027F33,신전떡볶이,김말이,,,,,UNKNOWN,UNKNOWN,https://www.sinjeon.co.kr/doc/menu04.php,2026-10-04,,franchise-quality-v1,OFFICIAL_MENU_FIELD_AVAILABILITY_REVIEW,,,false,0310B0BA45A8D977FAE53C43872FB193C1AB1A9CC42EF83C0AF6902E92592957
official-menu-twozzim-01b942715578,TWOZZIM-01B942715578,두찜,치즈몽땅찜닭(까만),,,,,UNKNOWN,UNKNOWN,https://www.twozzim.com/bbs/board.php?bo_table=menu&wr_id=37,2026-10-04,,franchise-quality-v1,OFFICIAL_MENU_FIELD_AVAILABILITY_REVIEW,,,false,01F4E2B5CA13E4A4129DB7703B95552D950D661357763D5225724330DF7D8A72
official-menu-twozzim-02016c7bfaf1,TWOZZIM-02016C7BFAF1,두찜,매운갈비찜닭,,,,,UNKNOWN,UNKNOWN,https://www.twozzim.com/bbs/board.php?bo_table=menu&wr_id=72,2026-10-04,,franchise-quality-v1,OFFICIAL_MENU_FIELD_AVAILABILITY_REVIEW,,,false,8B6A8D391127F9EFA6C32B0C5995BE92949E386E9F8105494486AC236EC2937D
official-menu-twozzim-248b91458610,TWOZZIM-248B91458610,두찜,실비한우곱찜닭,,,,,UNKNOWN,UNKNOWN,https://www.twozzim.com/bbs/board.php?bo_table=menu&wr_id=66,2026-10-04,,franchise-quality-v1,OFFICIAL_MENU_FIELD_AVAILABILITY_REVIEW,,,false,6E8DEC87622B5396F6EE828526BB49AEA395736D6280AE4592E2CCBD0FBDCB0B
official-menu-twozzim-315de057e744,TWOZZIM-315DE057E744,두찜,까만찜닭,,,,,UNKNOWN,UNKNOWN,https://www.twozzim.com/bbs/board.php?bo_table=menu&wr_id=39,2026-10-04,,franchise-quality-v1,OFFICIAL_MENU_FIELD_AVAILABILITY_REVIEW,,,false,849BEA0A794F87341A46137C790CA76B57D08F44BABF4E70D58B4A9528ECACDF
official-menu-twozzim-463db4e1fdf4,TWOZZIM-463DB4E1FDF4,두찜,묵은지찜닭,,,,,UNKNOWN,UNKNOWN,https://www.twozzim.com/bbs/board.php?bo_table=menu&wr_id=77,2026-10-04,,franchise-quality-v1,OFFICIAL_MENU_FIELD_AVAILABILITY_REVIEW,,,false,962E29F14C56558EB664FDBBC7AC62C61E27927C418EF2F77E97362E08B66F74
official-menu-twozzim-4e228187afc1,TWOZZIM-4E228187AFC1,두찜,시래기찜닭,,,,,UNKNOWN,UNKNOWN,https://www.twozzim.com/bbs/board.php?bo_table=menu&wr_id=42,2026-10-04,,franchise-quality-v1,OFFICIAL_MENU_FIELD_AVAILABILITY_REVIEW,,,false,878AEF11BF851FC5218F490B9A571624A1728BE2F72E172BD44E75B5F402D3F4
official-menu-twozzim-500bfbd43cab,TWOZZIM-500BFBD43CAB,두찜,트러플크림찜닭,,,,,UNKNOWN,UNKNOWN,https://www.twozzim.com/bbs/board.php?bo_table=menu&wr_id=36,2026-10-04,,franchise-quality-v1,OFFICIAL_MENU_FIELD_AVAILABILITY_REVIEW,,,false,305F0786E185BC01FE7BD12E23C38666583BCF6E0491303664702217870AB1E2
official-menu-twozzim-6bb472692c01,TWOZZIM-6BB472692C01,두찜,로제찜닭,,,,,UNKNOWN,UNKNOWN,https://www.twozzim.com/bbs/board.php?bo_table=menu&wr_id=40,2026-10-04,,franchise-quality-v1,OFFICIAL_MENU_FIELD_AVAILABILITY_REVIEW,,,false,00F15D999A79E9B729BC9530D2F3010CC61C2FC4EBD3CEF3567FDCE752624D15
official-menu-twozzim-7086d85ab013,TWOZZIM-7086D85AB013,두찜,한우대창맵닭발,,,,,UNKNOWN,UNKNOWN,https://www.twozzim.com/bbs/board.php?bo_table=menu&wr_id=76,2026-10-04,,franchise-quality-v1,OFFICIAL_MENU_FIELD_AVAILABILITY_REVIEW,,,false,4454351D2E2861FCF69809FF2E350384736E02465C8FEA972AF415E6F5CD5621
official-menu-twozzim-8a4b4ea3a653,TWOZZIM-8A4B4EA3A653,두찜,한우대창마라닭발,,,,,UNKNOWN,UNKNOWN,https://www.twozzim.com/bbs/board.php?bo_table=menu&wr_id=75,2026-10-04,,franchise-quality-v1,OFFICIAL_MENU_FIELD_AVAILABILITY_REVIEW,,,false,B0F61BFDCE628C7736358066E6089AB594C49CA1650DFB6DC93C24C183C3CCC9
official-menu-twozzim-93892cd5a44e,TWOZZIM-93892CD5A44E,두찜,칼낙지찜닭,,,,,UNKNOWN,UNKNOWN,https://www.twozzim.com/bbs/board.php?bo_table=menu&wr_id=81,2026-10-04,,franchise-quality-v1,OFFICIAL_MENU_FIELD_AVAILABILITY_REVIEW,,,false,0264158B069614B9B37E0C90846E4F4B51D779A4FB86F6596D4FB912C7DC28AA
official-menu-twozzim-cda3250a3cb5,TWOZZIM-CDA3250A3CB5,두찜,로제닭발,,,,,UNKNOWN,UNKNOWN,https://www.twozzim.com/bbs/board.php?bo_table=menu&wr_id=32,2026-10-04,,franchise-quality-v1,OFFICIAL_MENU_FIELD_AVAILABILITY_REVIEW,,,false,3A5BF20FA68BBF1A267447E42319296F1C104BA82FAF5DB3BAE8C46C9595A337
official-menu-twozzim-ce92b78110f2,TWOZZIM-CE92B78110F2,두찜,스팸부대찜닭,,,,,UNKNOWN,UNKNOWN,https://www.twozzim.com/bbs/board.php?bo_table=menu&wr_id=48,2026-10-04,,franchise-quality-v1,OFFICIAL_MENU_FIELD_AVAILABILITY_REVIEW,,,false,C3F03CBF0B3CA63A06E8DEF1BD687043B01FA00E1C30684BE503111EE58801AF
official-menu-twozzim-ea9ff48c5f2f,TWOZZIM-EA9FF48C5F2F,두찜,치즈몽땅찜닭(빨간),,,,,UNKNOWN,UNKNOWN,https://www.twozzim.com/bbs/board.php?bo_table=menu&wr_id=30,2026-10-04,,franchise-quality-v1,OFFICIAL_MENU_FIELD_AVAILABILITY_REVIEW,,,false,01A00D7BAC68A574E1EDCB201D5113C637633385BE9706EBD64663932FCAF8FD
official-menu-twozzim-eabdaf8559cf,TWOZZIM-EABDAF8559CF,두찜,마라로제찜닭,,,,,UNKNOWN,UNKNOWN,https://www.twozzim.com/bbs/board.php?bo_table=menu&wr_id=46,2026-10-04,,franchise-quality-v1,OFFICIAL_MENU_FIELD_AVAILABILITY_REVIEW,,,false,6B3F8DC0C1CA3BB9395B3A5CAC4FE5DB3DC3AD607B4DFDA5C84902A3D1E001C5
official-menu-twozzim-f38020f195ea,TWOZZIM-F38020F195EA,두찜,불닭로제찜닭,,,,,UNKNOWN,UNKNOWN,https://www.twozzim.com/bbs/board.php?bo_table=menu&wr_id=52,2026-10-04,,franchise-quality-v1,OFFICIAL_MENU_FIELD_AVAILABILITY_REVIEW,,,false,350A7E9B9FA0F758C2F5F6A022DFBB87697B66DDC97D32E26EA0AB3B49A7A2CC
official-menu-twozzim-f6e7243c4d88,TWOZZIM-F6E7243C4D88,두찜,닭볶음탕,,,,,UNKNOWN,UNKNOWN,https://www.twozzim.com/bbs/board.php?bo_table=menu&wr_id=27,2026-10-04,,franchise-quality-v1,OFFICIAL_MENU_FIELD_AVAILABILITY_REVIEW,,,false,3304CFCA9A621F7BFB5A86D4DCBAECDB0A4CB3D16B23CB068A5E17C97FC6FD29
official-menu-twozzim-f84211e3dc5f,TWOZZIM-F84211E3DC5F,두찜,로제칼낙지찜닭,,,,,UNKNOWN,UNKNOWN,https://www.twozzim.com/bbs/board.php?bo_table=menu&wr_id=82,2026-10-04,,franchise-quality-v1,OFFICIAL_MENU_FIELD_AVAILABILITY_REVIEW,,,false,3293D6EC8A4E3B54209BF5199819F4256A60A8E040796D1BB99A0386C991C6BA
official-menu-twozzim-fa535ddd6b61,TWOZZIM-FA535DDD6B61,두찜,빨간찜닭,,,,,UNKNOWN,UNKNOWN,https://www.twozzim.com/bbs/board.php?bo_table=menu&wr_id=31,2026-10-04,,franchise-quality-v1,OFFICIAL_MENU_FIELD_AVAILABILITY_REVIEW,,,false,F40769867E48C8BE6FC846110221050377F318305428E96E899789BD8DDBD073
official-menu-백소정-냉소바돈카츠,OFFICIAL-MENU-백소정-냉소바돈카츠,백소정,냉소바+돈카츠,,,,,UNKNOWN,UNKNOWN,https://www.baeksojeong.com/,2026-10-04,,franchise-quality-v1,OFFICIAL_MENU_FIELD_AVAILABILITY_REVIEW,,,false,F9A05D0B6886C7EBC5A86024ED23ABECFFD24C6384C47956F0662E6A89549494
official-menu-백소정-돈카츠,OFFICIAL-MENU-백소정-돈카츠,백소정,돈카츠,,,,,UNKNOWN,UNKNOWN,https://www.baeksojeong.com/,2026-10-04,,franchise-quality-v1,OFFICIAL_MENU_FIELD_AVAILABILITY_REVIEW,,,false,F9A05D0B6886C7EBC5A86024ED23ABECFFD24C6384C47956F0662E6A89549494
official-menu-백소정-마제소바돈카츠,OFFICIAL-MENU-백소정-마제소바돈카츠,백소정,마제소바+돈카츠,,,,,UNKNOWN,UNKNOWN,https://www.baeksojeong.com/,2026-10-04,,franchise-quality-v1,OFFICIAL_MENU_FIELD_AVAILABILITY_REVIEW,,,false,F9A05D0B6886C7EBC5A86024ED23ABECFFD24C6384C47956F0662E6A89549494
official-menu-백소정-모짜렐라치즈카츠,OFFICIAL-MENU-백소정-모짜렐라치즈카츠,백소정,모짜렐라치즈카츠,,,,,UNKNOWN,UNKNOWN,https://www.baeksojeong.com/,2026-10-04,,franchise-quality-v1,OFFICIAL_MENU_FIELD_AVAILABILITY_REVIEW,,,false,F9A05D0B6886C7EBC5A86024ED23ABECFFD24C6384C47956F0662E6A89549494
official-menu-백소정-스페셜가츠동,OFFICIAL-MENU-백소정-스페셜가츠동,백소정,스페셜가츠동,,,,,UNKNOWN,UNKNOWN,https://www.baeksojeong.com/,2026-10-04,,franchise-quality-v1,OFFICIAL_MENU_FIELD_AVAILABILITY_REVIEW,,,false,F9A05D0B6886C7EBC5A86024ED23ABECFFD24C6384C47956F0662E6A89549494
official-menu-이삭토스트-그릴드불갈비,OFFICIAL-MENU-이삭토스트-그릴드불갈비,이삭토스트,그릴드 불갈비,,,,,UNKNOWN,UNKNOWN,https://isaac-toast.co.kr/,2026-10-04,,franchise-quality-v1,OFFICIAL_MENU_FIELD_AVAILABILITY_REVIEW,,,false,0C0E708551CC2E00036E6965DA49622E304BD4DE3EE5E604FDF3D6B07B5E12AF
official-menu-이삭토스트-베이컨베스트토스트,OFFICIAL-MENU-이삭토스트-베이컨베스트토스트,이삭토스트,베이컨 베스트 토스트,,,,,UNKNOWN,UNKNOWN,https://isaac-toast.co.kr/,2026-10-04,,franchise-quality-v1,OFFICIAL_MENU_FIELD_AVAILABILITY_REVIEW,,,false,0C0E708551CC2E00036E6965DA49622E304BD4DE3EE5E604FDF3D6B07B5E12AF
official-menu-이삭토스트-새우스페셜토스트,OFFICIAL-MENU-이삭토스트-새우스페셜토스트,이삭토스트,새우 스페셜 토스트,,,,,UNKNOWN,UNKNOWN,https://isaac-toast.co.kr/,2026-10-04,,franchise-quality-v1,OFFICIAL_MENU_FIELD_AVAILABILITY_REVIEW,,,false,0C0E708551CC2E00036E6965DA49622E304BD4DE3EE5E604FDF3D6B07B5E12AF
official-menu-이삭토스트-햄스페셜토스트,OFFICIAL-MENU-이삭토스트-햄스페셜토스트,이삭토스트,햄 스페셜 토스트,,,,,UNKNOWN,UNKNOWN,https://isaac-toast.co.kr/,2026-10-04,,franchise-quality-v1,OFFICIAL_MENU_FIELD_AVAILABILITY_REVIEW,,,false,0C0E708551CC2E00036E6965DA49622E304BD4DE3EE5E604FDF3D6B07B5E12AF
official-menu-이삭토스트-햄치즈토스트,OFFICIAL-MENU-이삭토스트-햄치즈토스트,이삭토스트,햄치즈 토스트,,,,,UNKNOWN,UNKNOWN,https://isaac-toast.co.kr/,2026-10-04,,franchise-quality-v1,OFFICIAL_MENU_FIELD_AVAILABILITY_REVIEW,,,false,0C0E708551CC2E00036E6965DA49622E304BD4DE3EE5E604FDF3D6B07B5E12AF
official-menu-캠토토스트-골드피자토스트,OFFICIAL-MENU-캠토토스트-골드피자토스트,캠토토스트,골드피자 토스트,,,,,UNKNOWN,UNKNOWN,https://camtotoast.com/,2026-10-04,,franchise-quality-v1,OFFICIAL_MENU_FIELD_AVAILABILITY_REVIEW,,,false,341C9AD7F37EB6ED2D31FEA885A45BC4E68DDE32A6E4680624C32DE257A02947
official-menu-캠토토스트-콘베이컨에그마요토스트,OFFICIAL-MENU-캠토토스트-콘베이컨에그마요토스트,캠토토스트,콘베이컨 에그마요 토스트,,,,,UNKNOWN,UNKNOWN,https://camtotoast.com/,2026-10-04,,franchise-quality-v1,OFFICIAL_MENU_FIELD_AVAILABILITY_REVIEW,,,false,341C9AD7F37EB6ED2D31FEA885A45BC4E68DDE32A6E4680624C32DE257A02947
official-menu-한솥-돈까스도련님,OFFICIAL-MENU-한솥-돈까스도련님,한솥,돈까스도련님,,,,,UNKNOWN,UNKNOWN,https://www.hsd.co.kr/menu/menu_list,2026-10-04,,franchise-quality-v1,OFFICIAL_MENU_FIELD_AVAILABILITY_REVIEW,,,false,77A492826D98D37C2959769C89AE6FB55023224CD8CC1E6C0F96A2AB78B0F927
official-menu-한솥-동백,OFFICIAL-MENU-한솥-동백,한솥,동백,,,,,UNKNOWN,UNKNOWN,https://www.hsd.co.kr/menu/menu_list,2026-10-04,,franchise-quality-v1,OFFICIAL_MENU_FIELD_AVAILABILITY_REVIEW,,,false,77A492826D98D37C2959769C89AE6FB55023224CD8CC1E6C0F96A2AB78B0F927
official-menu-한솥-치킨마요,OFFICIAL-MENU-한솥-치킨마요,한솥,치킨마요,,,,,UNKNOWN,UNKNOWN,https://www.hsd.co.kr/menu/menu_list,2026-10-04,,franchise-quality-v1,OFFICIAL_MENU_FIELD_AVAILABILITY_REVIEW,,,false,77A492826D98D37C2959769C89AE6FB55023224CD8CC1E6C0F96A2AB78B0F927
official-quality-bongchu-11fae3c79a32,QUALITY-BONGCHU-11FAE3C79A32,봉추찜닭,두가지치즈,진하고 고소한 맛의 체다치즈와 부드럽고 풍부한 맛의 모짜렐라치즈가 어우러진 토핑 메뉴,치즈,,,PARTIAL_DESCRIPTION,UNKNOWN,http://www.bongchu.com/layout/res/home.php?go=page1.0&mid=10,2026-10-04,,franchise-quality-v1,OFFICIAL_MENU_DETAIL,,,false,F8B4739FF04B19FE582AB433A18F2B5BB5F72BBAFF7C637AB2FE1EBD68BEC540
official-quality-bongchu-23b74cf4b92e,QUALITY-BONGCHU-23B74CF4B92E,봉추찜닭,떡토핑,"몸에 좋은 강황과 우리쌀로 빚은 강황떡, 풍미 가득한 치즈가 채워진 치즈알떡 찜닭과 함께 든든하게 즐기는 토핑 메뉴",치즈,,,PARTIAL_DESCRIPTION,UNKNOWN,http://www.bongchu.com/layout/res/home.php?go=page1.0&mid=10,2026-10-04,,franchise-quality-v1,OFFICIAL_MENU_DETAIL,,,false,F8B4739FF04B19FE582AB433A18F2B5BB5F72BBAFF7C637AB2FE1EBD68BEC540
official-quality-bongchu-2fcb97141dcf,QUALITY-BONGCHU-2FCB97141DCF,봉추찜닭,누룽지,매장에서 직접 구워 더욱 바삭·고소하고 찜닭&닭매운탕의 소스와 함께 즐기기 좋은 봉추의 대표 사이드 메뉴,,,,PARTIAL_DESCRIPTION,UNKNOWN,http://www.bongchu.com/layout/res/home.php?go=page1.0&mid=10,2026-10-04,,franchise-quality-v1,OFFICIAL_MENU_DETAIL,,,false,F8B4739FF04B19FE582AB433A18F2B5BB5F72BBAFF7C637AB2FE1EBD68BEC540
official-quality-bongchu-4fbb98548f35,QUALITY-BONGCHU-4FBB98548F35,봉추찜닭,닭매운탕,얼큰한 국물이 일품인 봉추의 신메뉴,,,,PARTIAL_DESCRIPTION,UNKNOWN,http://www.bongchu.com/layout/res/home.php?go=page1.0&mid=10,2026-10-04,,franchise-quality-v1,OFFICIAL_MENU_DETAIL,,,false,F8B4739FF04B19FE582AB433A18F2B5BB5F72BBAFF7C637AB2FE1EBD68BEC540
official-quality-bongchu-6517012fdf09,QUALITY-BONGCHU-6517012FDF09,봉추찜닭,삼계죽,"국내산 닭고기와 철원오대쌀, 의성마늘, 인삼, 신암천일염 등으로 맛을 낸 봉추의 특별 보양죽",닭고기|마늘|인삼,,,PARTIAL_DESCRIPTION,UNKNOWN,http://www.bongchu.com/layout/res/home.php?go=page1.0&mid=10,2026-10-04,,franchise-quality-v1,OFFICIAL_MENU_DETAIL,,,false,F8B4739FF04B19FE582AB433A18F2B5BB5F72BBAFF7C637AB2FE1EBD68BEC540
official-quality-bongchu-9bbe44a999e4,QUALITY-BONGCHU-9BBE44A999E4,봉추찜닭,봉추찜닭,"고유의 감칠맛 가득한 간장소스에 닭고기의 담백함, 청양고추의 매콤함, 당면의 쫄깃함이 조화를 이루는 봉추의 대표 찜닭",고추|닭고기,,,PARTIAL_DESCRIPTION,UNKNOWN,http://www.bongchu.com/layout/res/home.php?go=page1.0&mid=10,2026-10-04,,franchise-quality-v1,OFFICIAL_MENU_DETAIL,,,false,F8B4739FF04B19FE582AB433A18F2B5BB5F72BBAFF7C637AB2FE1EBD68BEC540
official-quality-bongchu-f109a3718e71,QUALITY-BONGCHU-F109A3718E71,봉추찜닭,뼈없는찜닭,국내산 순살로만 만들어 봉추찜닭을 더욱 부드럽고 편리하게 즐길 수 있는 찜닭,,,,PARTIAL_DESCRIPTION,UNKNOWN,http://www.bongchu.com/layout/res/home.php?go=page1.0&mid=10,2026-10-04,,franchise-quality-v1,OFFICIAL_MENU_DETAIL,,,false,F8B4739FF04B19FE582AB433A18F2B5BB5F72BBAFF7C637AB2FE1EBD68BEC540
official-quality-chaesundang-008144699c08,QUALITY-CHAESUNDANG-008144699C08,채선당,냉메밀 샤브샤브,,,,,UNKNOWN,UNKNOWN,https://www.chaesundang.co.kr/images/menu1_15.jpg,2026-10-04,,franchise-quality-v1,OFFICIAL_MENU_DETAIL,,,false,9D16F1E08B2170A6CECB26B2AFDA3728DC51A4BDBCC266E4AAEB3F9B7A7CDC0F
official-quality-chaesundang-0664cf3aed81,QUALITY-CHAESUNDANG-0664CF3AED81,채선당,열무국수,,,,,UNKNOWN,UNKNOWN,https://www.chaesundang.co.kr/images/menu1_17.jpg,2026-10-04,,franchise-quality-v1,OFFICIAL_MENU_DETAIL,,,false,6DD97DFD186C3C85F8B69F60ECC5F2D52FD206B3A12D8D14D0DE78CE2DD69528
official-quality-chaesundang-07d30b3efd29,QUALITY-CHAESUNDANG-07D30B3EFD29,채선당,케이준 치킨샐러드,,,,,UNKNOWN,UNKNOWN,https://www.chaesundang.co.kr/images/menu1_22.jpg,2026-10-04,,franchise-quality-v1,OFFICIAL_MENU_DETAIL,,,false,6A283A2323E07A82F41B33027EFD4FEDC7F785D2EA2D749669A761EDB960D56A
official-quality-chaesundang-15d9fd97c03e,QUALITY-CHAESUNDANG-15D9FD97C03E,채선당,한방모듬찜샤브,,,,,UNKNOWN,UNKNOWN,https://www.chaesundang.co.kr/images/menu1_14.jpg,2026-10-04,,franchise-quality-v1,OFFICIAL_MENU_DETAIL,,,false,8BA65AEA1084F27A599175EBC3FCCBEE447DEB30FBF630047D6817D08F5B9414
official-quality-chaesundang-19b176949c19,QUALITY-CHAESUNDANG-19B176949C19,채선당,국물떡볶이,,,,,UNKNOWN,UNKNOWN,https://www.chaesundang.co.kr/images/menu1_28.jpg,2026-10-04,,franchise-quality-v1,OFFICIAL_MENU_DETAIL,,,false,9DC98757E596E58A1EFC30BC7096A8970DBCE3B808973177C2949FEDF59447EC
official-quality-chaesundang-2c4ab816a004,QUALITY-CHAESUNDANG-2C4AB816A004,채선당,웰빙 B(매운버섯),,,,,UNKNOWN,UNKNOWN,https://www.chaesundang.co.kr/images/menu1_2.jpg,2026-10-04,,franchise-quality-v1,OFFICIAL_MENU_DETAIL,,,false,FB3ED5A01EEE2BAAC93F8C9CA37113CF72E25BDE4F8E6C28A98D2F79AF2CEB86
official-quality-chaesundang-47edfe5e9982,QUALITY-CHAESUNDANG-47EDFE5E9982,채선당,치즈 돈까스,,,,,UNKNOWN,UNKNOWN,https://www.chaesundang.co.kr/images/menu1_23.jpg,2026-10-04,,franchise-quality-v1,OFFICIAL_MENU_DETAIL,,,false,B3D5C4364A5CB21EB3B484A2FF0211CF1CDF4013756EAAB3A65510373EB8A7CE
official-quality-chaesundang-5266101f1a15,QUALITY-CHAESUNDANG-5266101F1A15,채선당,너비아니구이,,,,,UNKNOWN,UNKNOWN,https://www.chaesundang.co.kr/images/menu1_26.jpg,2026-10-04,,franchise-quality-v1,OFFICIAL_MENU_DETAIL,,,false,22085381A51290C45D13FAB23715C730191AF9292AF7493CD13228B956925A69
official-quality-chaesundang-5ea1bcb2b010,QUALITY-CHAESUNDANG-5EA1BCB2B010,채선당,한방 삼계샤브,,,,,UNKNOWN,UNKNOWN,https://www.chaesundang.co.kr/images/menu1_19.jpg,2026-10-04,,franchise-quality-v1,OFFICIAL_MENU_DETAIL,,,false,9FA617E80E181D50B58DE8961BFFF82121E63189691F1AB52EF585BF6AE6FCE1
official-quality-chaesundang-61bf8aa1ac73,QUALITY-CHAESUNDANG-61BF8AA1AC73,채선당,웰빙 C(월남쌈),,,,,UNKNOWN,UNKNOWN,https://www.chaesundang.co.kr/images/menu1_3.jpg,2026-10-04,,franchise-quality-v1,OFFICIAL_MENU_DETAIL,,,false,EC834568E1FB9984CC769BBE80E7B5D0760EFBF2FC58AE06A365AB420231F4B9
official-quality-chaesundang-6e2c64d487d2,QUALITY-CHAESUNDANG-6E2C64D487D2,채선당,소고기 샤브샤브,,,,,UNKNOWN,UNKNOWN,https://www.chaesundang.co.kr/images/menu1_5.jpg,2026-10-04,,franchise-quality-v1,OFFICIAL_MENU_DETAIL,,,false,B84D34243ABC635A789BF20529A2A3A13DDF5DA7B00258E502890D1CDBAFA46B
official-quality-chaesundang-75fa6ed1aabe,QUALITY-CHAESUNDANG-75FA6ED1AABE,채선당,스페셜 샤브샤브,,,,,UNKNOWN,UNKNOWN,https://www.chaesundang.co.kr/images/menu1_6.jpg,2026-10-04,,franchise-quality-v1,OFFICIAL_MENU_DETAIL,,,false,7D5E743B13B31B9A161CE30C64F513A822670532D7DB306EE789ABE51CDF9977
official-quality-chaesundang-7d0c7048d66f,QUALITY-CHAESUNDANG-7D0C7048D66F,채선당,문어샤브,,,,,UNKNOWN,UNKNOWN,https://www.chaesundang.co.kr/images/menu1_13.jpg,2026-10-04,,franchise-quality-v1,OFFICIAL_MENU_DETAIL,,,false,498D58CD90CE44F284B07680AB3642E847B317ABE04D0D564DF651312BE2A0A3
official-quality-chaesundang-7f81b4298d75,QUALITY-CHAESUNDANG-7F81B4298D75,채선당,치즈고구마 고로케,,,,,UNKNOWN,UNKNOWN,https://www.chaesundang.co.kr/images/menu1_25.jpg,2026-10-04,,franchise-quality-v1,OFFICIAL_MENU_DETAIL,,,false,535B564130868F659FD176EEAA4DA4FF616C5CD09D9041BFE984CDE5AA10AB13
official-quality-chaesundang-82a1a2dceede,QUALITY-CHAESUNDANG-82A1A2DCEEDE,채선당,월남쌈 샤브샤브,,,,,UNKNOWN,UNKNOWN,https://www.chaesundang.co.kr/images/menu1_10.jpg,2026-10-04,,franchise-quality-v1,OFFICIAL_MENU_DETAIL,,,false,783935D321EDFDD049EF2602EF0ACA953FA2C11963499CF4689715534F7DE2FF
official-quality-chaesundang-8b3c408fe170,QUALITY-CHAESUNDANG-8B3C408FE170,채선당,고추 잡채 납작군만두,,,,,UNKNOWN,UNKNOWN,https://www.chaesundang.co.kr/images/menu1_24.jpg,2026-10-04,,franchise-quality-v1,OFFICIAL_MENU_DETAIL,,,false,DE78622F21A9A0BAE320ECFC344841D35BAC96D15679214910DB49905954C441
official-quality-chaesundang-903dd609acb0,QUALITY-CHAESUNDANG-903DD609ACB0,채선당,모듬샤브샤브(스페셜 소고기+해물),,,,,UNKNOWN,UNKNOWN,https://www.chaesundang.co.kr/images/menu1_8.jpg,2026-10-04,,franchise-quality-v1,OFFICIAL_MENU_DETAIL,,,false,80BCC1B6AB1BEE24BB97B5F323A359B1642D6FA705C2A00C3EE8D51328BD2374
official-quality-chaesundang-92c949645942,QUALITY-CHAESUNDANG-92C949645942,채선당,능이버섯 삼계샤브,,,,,UNKNOWN,UNKNOWN,https://www.chaesundang.co.kr/images/menu1_18.jpg,2026-10-04,,franchise-quality-v1,OFFICIAL_MENU_DETAIL,,,false,DC4F986B74F600DCE6054900B474686CC8654F3FDBBC6F30BAAAD0BF1723DEF8
official-quality-chaesundang-9d0139cd92d2,QUALITY-CHAESUNDANG-9D0139CD92D2,채선당,해물 샤브샤브,,,,,UNKNOWN,UNKNOWN,https://www.chaesundang.co.kr/images/menu1_9.jpg,2026-10-04,,franchise-quality-v1,OFFICIAL_MENU_DETAIL,,,false,3F8D0F1FB128E2C13CDE8EC8AF83B82B2442B95F4871782A85AE2D32A0DE29C3
official-quality-chaesundang-a048d3273ae4,QUALITY-CHAESUNDANG-A048D3273AE4,채선당,매운버섯 샤브샤브,,,,,UNKNOWN,UNKNOWN,https://www.chaesundang.co.kr/images/menu1_11.jpg,2026-10-04,,franchise-quality-v1,OFFICIAL_MENU_DETAIL,,,false,5147D50AF7D2C2402AAE0AF5780B1E64F4E38D9F56BF192143340353600C3C64
official-quality-chaesundang-ab5d7f8ae662,QUALITY-CHAESUNDANG-AB5D7F8AE662,채선당,새우샐러드,,,,,UNKNOWN,UNKNOWN,https://www.chaesundang.co.kr/images/menu1_21.jpg,2026-10-04,,franchise-quality-v1,OFFICIAL_MENU_DETAIL,,,false,0064108CD7ADDF0D477647B37CE5E13318B03883002C6BAEC93A673A4EB9BF2D
official-quality-chaesundang-aea8697750f4,QUALITY-CHAESUNDANG-AEA8697750F4,채선당,비빔 냉메밀,,,,,UNKNOWN,UNKNOWN,https://www.chaesundang.co.kr/images/menu1_16.jpg,2026-10-04,,franchise-quality-v1,OFFICIAL_MENU_DETAIL,,,false,30F12D4881C86166439E5844615231DACF1A448528D5CE7FE56C2B4AD207F3C2
official-quality-chaesundang-b09f74e5f367,QUALITY-CHAESUNDANG-B09F74E5F367,채선당,웰빙 A(소고기),,,,,UNKNOWN,UNKNOWN,https://www.chaesundang.co.kr/images/menu1_1.jpg,2026-10-04,,franchise-quality-v1,OFFICIAL_MENU_DETAIL,,,false,43E5D0B18310AE5CE1027EF88CC3A138FBD9D5DB56BA4BC223AD85AD5B03D39D
official-quality-chaesundang-bb72cff40fa7,QUALITY-CHAESUNDANG-BB72CFF40FA7,채선당,냉메밀,,,,,UNKNOWN,UNKNOWN,https://www.chaesundang.co.kr/images/menu1_16.jpg,2026-10-04,,franchise-quality-v1,OFFICIAL_MENU_DETAIL,,,false,30F12D4881C86166439E5844615231DACF1A448528D5CE7FE56C2B4AD207F3C2
official-quality-chaesundang-bb961470b483,QUALITY-CHAESUNDANG-BB961470B483,채선당,한우 육회,,,,,UNKNOWN,UNKNOWN,https://www.chaesundang.co.kr/images/menu1_27.jpg,2026-10-04,,franchise-quality-v1,OFFICIAL_MENU_DETAIL,,,false,14AFF538857538D2B3A6C62D35C105C21A06BC5D9C9BF0DAB025F4EA32B754B6
official-quality-chaesundang-bd72e6229525,QUALITY-CHAESUNDANG-BD72E6229525,채선당,불고기 전골,,,,,UNKNOWN,UNKNOWN,https://www.chaesundang.co.kr/images/menu1_12.jpg,2026-10-04,,franchise-quality-v1,OFFICIAL_MENU_DETAIL,,,false,34493BB03F65B9C28E09163A0CFFE366022D70617D844361223B1388432B2068
official-quality-chaesundang-cfcf30adb95b,QUALITY-CHAESUNDANG-CFCF30ADB95B,채선당,해물파전,,,,,UNKNOWN,UNKNOWN,https://www.chaesundang.co.kr/images/menu1_20.jpg,2026-10-04,,franchise-quality-v1,OFFICIAL_MENU_DETAIL,,,false,F11AC7C6E6296369642AC5BF9ABD46A252AE490E54AD30EE00B4580F682D78C6
official-quality-chaesundang-eb551751f8c5,QUALITY-CHAESUNDANG-EB551751F8C5,채선당,한우 샤브샤브,,,,,UNKNOWN,UNKNOWN,https://www.chaesundang.co.kr/images/menu1_7.jpg,2026-10-04,,franchise-quality-v1,OFFICIAL_MENU_DETAIL,,,false,F061DA519ED6974A669C87AE42C0A5405B61F507D075F01BD72B2FA4D1F463CE
official-quality-chaesundang-eb6e1f05d6ac,QUALITY-CHAESUNDANG-EB6E1F05D6AC,채선당,웰빙 D(한우),,,,,UNKNOWN,UNKNOWN,https://www.chaesundang.co.kr/images/menu1_4.jpg,2026-10-04,,franchise-quality-v1,OFFICIAL_MENU_DETAIL,,,false,78CE8A91D5593C7186A15F309B67BEE9F94B6D3A5F32917983ED853D1D0FF949
official-quality-chunli-62dd601ecc58,QUALITY-CHUNLI-62DD601ECC58,춘리마라탕,가맹문의 1688-5938,,,,,UNKNOWN,UNKNOWN,https://chunlimalatang.com/menu/,2026-10-04,2026-09-11,franchise-quality-v1,OFFICIAL_MENU_DETAIL,,,false,A968F6A333621433B5D8B478C11FE03C27BB8B0938E02AB11E72DA4F2C8FCC9D
official-quality-chunli-86b69b02eba6,QUALITY-CHUNLI-86B69B02EBA6,춘리마라탕,마라탕,먹어도 먹어도 질리지 않는 대한민국 대표 마라탕,,,,PARTIAL_DESCRIPTION,UNKNOWN,https://chunlimalatang.com/menu/,2026-10-04,2026-09-11,franchise-quality-v1,OFFICIAL_MENU_DETAIL,,,false,A968F6A333621433B5D8B478C11FE03C27BB8B0938E02AB11E72DA4F2C8FCC9D
official-quality-chunli-e1687e220051,QUALITY-CHUNLI-E1687E220051,춘리마라탕,꿔바로우,쫀득쫀득 찰떡궁합 새콤달콤 인기 사이드,,,,PARTIAL_DESCRIPTION,UNKNOWN,https://chunlimalatang.com/menu/,2026-10-04,2026-09-11,franchise-quality-v1,OFFICIAL_MENU_DETAIL,,,false,A968F6A333621433B5D8B478C11FE03C27BB8B0938E02AB11E72DA4F2C8FCC9D
official-quality-chunli-e384e84cc419,QUALITY-CHUNLI-E384E84CC419,춘리마라탕,마라샹궈,마라향과 불맛의 향연 독보적인 중독성,,,,PARTIAL_DESCRIPTION,UNKNOWN,https://chunlimalatang.com/menu/,2026-10-04,2026-09-11,franchise-quality-v1,OFFICIAL_MENU_DETAIL,,,false,A968F6A333621433B5D8B478C11FE03C27BB8B0938E02AB11E72DA4F2C8FCC9D
official-quality-dookki-16e8024ce558,QUALITY-DOOKKI-16E8024CE558,두끼,크림 카레 떡볶이,"소스 크림 2국자 + 떡모 2국자 + 카레가루 3스푼 · 재료 쫀득 쌀떡, 길쭉이 어묵, 비엔나, 대파",크림,,,PARTIAL_DESCRIPTION,UNKNOWN,https://www.dookki.co.kr/menu/trend,2026-10-04,,franchise-quality-v1,OFFICIAL_MENU_DETAIL,,,false,4EF41D1899B946F27FD097E7D41D90B2A1E252ADD994D91D6156933FCF12B6D1
official-quality-dookki-2d85df565d73,QUALITY-DOOKKI-2D85DF565D73,두끼,까르보나라 떡볶이,"소스 크림 6국자 · 재료 쫀득 쌀떡, 길쭉이 어묵, 대파, 어묵 국물 1국자, 좋아하는 재료",크림,,,PARTIAL_DESCRIPTION,UNKNOWN,https://www.dookki.co.kr/menu/trend,2026-10-04,,franchise-quality-v1,OFFICIAL_MENU_DETAIL,,,false,4EF41D1899B946F27FD097E7D41D90B2A1E252ADD994D91D6156933FCF12B6D1
official-quality-dookki-81bb747a515d,QUALITY-DOOKKI-81BB747A515D,두끼,욕망 떡볶이,"소스 두끼 0.5국자 + 떡모 0.5국자 + 동대문 0.5국자 + 부산 0.5국자 + 궁중 0.5국자 + 짜장 0.5국자 · 재료 치즈불떡, 치즈떡, 콘치즈떡, 좋아하는 재료",치즈,,,PARTIAL_DESCRIPTION,UNKNOWN,https://www.dookki.co.kr/menu/trend,2026-10-04,,franchise-quality-v1,OFFICIAL_MENU_DETAIL,,,false,4EF41D1899B946F27FD097E7D41D90B2A1E252ADD994D91D6156933FCF12B6D1
official-quality-dookki-9caffbebadcb,QUALITY-DOOKKI-9CAFFBEBADCB,두끼,몰래 먹는 마라샹궈,"소스 마라탕 0.5국자 + 동대문 0.5 국자 + 떡모 0.5국자 · 재료 청격채, 숙주, 푸주, 분모자, 우삼겹(별도주문), 좋아하는 재료",숙주|우삼겹,,,PARTIAL_DESCRIPTION,UNKNOWN,https://www.dookki.co.kr/menu/trend,2026-10-04,,franchise-quality-v1,OFFICIAL_MENU_DETAIL,,,false,4EF41D1899B946F27FD097E7D41D90B2A1E252ADD994D91D6156933FCF12B6D1
official-quality-dookki-b9f9cdded4e3,QUALITY-DOOKKI-B9F9CDDED4E3,두끼,매콤 빨간 어묵,"소스 동대문 2국자 + 떡모 1국자 · 재료 어묵 3개, 어묵 국물 0.5 국자, 분모자, 대파, 숙주",숙주,,,PARTIAL_DESCRIPTION,UNKNOWN,https://www.dookki.co.kr/menu/trend,2026-10-04,,franchise-quality-v1,OFFICIAL_MENU_DETAIL,,,false,4EF41D1899B946F27FD097E7D41D90B2A1E252ADD994D91D6156933FCF12B6D1
official-quality-dookki-e10dcba78a86,QUALITY-DOOKKI-E10DCBA78A86,두끼,태국 스트릿 팟타이,"소스 궁중 1국자 + 부산 0.5국자 · 재료 중국당면, 숙주, 청경채, 대파, 참기름",숙주|청경채,,,PARTIAL_DESCRIPTION,UNKNOWN,https://www.dookki.co.kr/menu/trend,2026-10-04,,franchise-quality-v1,OFFICIAL_MENU_DETAIL,,,false,4EF41D1899B946F27FD097E7D41D90B2A1E252ADD994D91D6156933FCF12B6D1
official-quality-ebiga-0ac68547816b,QUALITY-EBIGA-0AC68547816B,이비가짬뽕,고기짬뽕,,,,,UNKNOWN,UNKNOWN,https://www.ebiga.co.kr/page/sub2_2.php,2026-10-04,,franchise-quality-v1,OFFICIAL_MENU_DETAIL,,,false,EA0B798C98CFA92728C3540B6960C004D8A9904298F40C56A3D1387945A45599
official-quality-ebiga-1782a7fadd00,QUALITY-EBIGA-1782A7FADD00,이비가짬뽕,해물볶음,,,,,UNKNOWN,UNKNOWN,https://www.ebiga.co.kr/page/sub2_3.php,2026-10-04,,franchise-quality-v1,OFFICIAL_MENU_DETAIL,,,false,C3FD8DA33BBD00D0716AAE304E1C724988D3CF6456A48F821A39BB45180822DA
official-quality-ebiga-178c2e5969cc,QUALITY-EBIGA-178C2E5969CC,이비가짬뽕,마라짬뽕,,,,,UNKNOWN,UNKNOWN,https://www.ebiga.co.kr/page/sub2_2.php,2026-10-04,,franchise-quality-v1,OFFICIAL_MENU_DETAIL,,,false,EA0B798C98CFA92728C3540B6960C004D8A9904298F40C56A3D1387945A45599
official-quality-ebiga-2065eb52c7c8,QUALITY-EBIGA-2065EB52C7C8,이비가짬뽕,한우라이스,,,,,UNKNOWN,UNKNOWN,https://www.ebiga.co.kr/page/sub2_2.php,2026-10-04,,franchise-quality-v1,OFFICIAL_MENU_DETAIL,,,false,EA0B798C98CFA92728C3540B6960C004D8A9904298F40C56A3D1387945A45599
official-quality-ebiga-24065b1018b7,QUALITY-EBIGA-24065B1018B7,이비가짬뽕,우삼겹백짬뽕,,,,,UNKNOWN,UNKNOWN,https://www.ebiga.co.kr/page/sub2_2.php,2026-10-04,,franchise-quality-v1,OFFICIAL_MENU_DETAIL,,,false,EA0B798C98CFA92728C3540B6960C004D8A9904298F40C56A3D1387945A45599
official-quality-ebiga-32d30f755ad9,QUALITY-EBIGA-32D30F755AD9,이비가짬뽕,깐풍기,,,,,UNKNOWN,UNKNOWN,https://www.ebiga.co.kr/page/sub2_3.php,2026-10-04,,franchise-quality-v1,OFFICIAL_MENU_DETAIL,,,false,C3FD8DA33BBD00D0716AAE304E1C724988D3CF6456A48F821A39BB45180822DA
official-quality-ebiga-388abda9273d,QUALITY-EBIGA-388ABDA9273D,이비가짬뽕,탕수육,,,,,UNKNOWN,UNKNOWN,https://www.ebiga.co.kr/page/sub2_3.php,2026-10-04,,franchise-quality-v1,OFFICIAL_MENU_DETAIL,,,false,C3FD8DA33BBD00D0716AAE304E1C724988D3CF6456A48F821A39BB45180822DA
official-quality-ebiga-5a7aafc56f8c,QUALITY-EBIGA-5A7AAFC56F8C,이비가짬뽕,매콤로제짬뽕,,,,,UNKNOWN,UNKNOWN,https://www.ebiga.co.kr/page/sub2_2.php,2026-10-04,,franchise-quality-v1,OFFICIAL_MENU_DETAIL,,,false,EA0B798C98CFA92728C3540B6960C004D8A9904298F40C56A3D1387945A45599
official-quality-ebiga-5f4ad33ee92f,QUALITY-EBIGA-5F4AD33EE92F,이비가짬뽕,볶음짬뽕,,,,,UNKNOWN,UNKNOWN,https://www.ebiga.co.kr/page/sub2_2.php,2026-10-04,,franchise-quality-v1,OFFICIAL_MENU_DETAIL,,,false,EA0B798C98CFA92728C3540B6960C004D8A9904298F40C56A3D1387945A45599
official-quality-ebiga-67576bc9d4ec,QUALITY-EBIGA-67576BC9D4EC,이비가짬뽕,짬뽕탕,,,,,UNKNOWN,UNKNOWN,https://www.ebiga.co.kr/page/sub2_3.php,2026-10-04,,franchise-quality-v1,OFFICIAL_MENU_DETAIL,,,false,C3FD8DA33BBD00D0716AAE304E1C724988D3CF6456A48F821A39BB45180822DA
official-quality-ebiga-6e5159f2588e,QUALITY-EBIGA-6E5159F2588E,이비가짬뽕,국민짬뽕,,,,,UNKNOWN,UNKNOWN,https://www.ebiga.co.kr/page/sub2_2.php,2026-10-04,,franchise-quality-v1,OFFICIAL_MENU_DETAIL,,,false,EA0B798C98CFA92728C3540B6960C004D8A9904298F40C56A3D1387945A45599
official-quality-ebiga-772e67d7089c,QUALITY-EBIGA-772E67D7089C,이비가짬뽕,한우짜장,,,,,UNKNOWN,UNKNOWN,https://www.ebiga.co.kr/page/sub2_2.php,2026-10-04,,franchise-quality-v1,OFFICIAL_MENU_DETAIL,,,false,EA0B798C98CFA92728C3540B6960C004D8A9904298F40C56A3D1387945A45599
official-quality-ebiga-8848ee33e147,QUALITY-EBIGA-8848EE33E147,이비가짬뽕,튀김꽃빵,,,,,UNKNOWN,UNKNOWN,https://www.ebiga.co.kr/page/sub2_3.php,2026-10-04,,franchise-quality-v1,OFFICIAL_MENU_DETAIL,,,false,C3FD8DA33BBD00D0716AAE304E1C724988D3CF6456A48F821A39BB45180822DA
official-quality-ebiga-8b8e02a59f7a,QUALITY-EBIGA-8B8E02A59F7A,이비가짬뽕,유린기,,,,,UNKNOWN,UNKNOWN,https://www.ebiga.co.kr/page/sub2_3.php,2026-10-04,,franchise-quality-v1,OFFICIAL_MENU_DETAIL,,,false,C3FD8DA33BBD00D0716AAE304E1C724988D3CF6456A48F821A39BB45180822DA
official-quality-ebiga-98d0269278f5,QUALITY-EBIGA-98D0269278F5,이비가짬뽕,이비가짬뽕,,,,,UNKNOWN,UNKNOWN,https://www.ebiga.co.kr/page/sub2_2.php,2026-10-04,,franchise-quality-v1,OFFICIAL_MENU_DETAIL,,,false,EA0B798C98CFA92728C3540B6960C004D8A9904298F40C56A3D1387945A45599
official-quality-ebiga-9b73a34f2f13,QUALITY-EBIGA-9B73A34F2F13,이비가짬뽕,백짬뽕,,,,,UNKNOWN,UNKNOWN,https://www.ebiga.co.kr/page/sub2_2.php,2026-10-04,,franchise-quality-v1,OFFICIAL_MENU_DETAIL,,,false,EA0B798C98CFA92728C3540B6960C004D8A9904298F40C56A3D1387945A45599
official-quality-ebiga-9d5c0b18329b,QUALITY-EBIGA-9D5C0B18329B,이비가짬뽕,우삼겹짬뽕,,,,,UNKNOWN,UNKNOWN,https://www.ebiga.co.kr/page/sub2_2.php,2026-10-04,,franchise-quality-v1,OFFICIAL_MENU_DETAIL,,,false,EA0B798C98CFA92728C3540B6960C004D8A9904298F40C56A3D1387945A45599
official-quality-ebiga-9de1b2c9732c,QUALITY-EBIGA-9DE1B2C9732C,이비가짬뽕,깐풍새우닭,,,,,UNKNOWN,UNKNOWN,https://www.ebiga.co.kr/page/sub2_3.php,2026-10-04,,franchise-quality-v1,OFFICIAL_MENU_DETAIL,,,false,C3FD8DA33BBD00D0716AAE304E1C724988D3CF6456A48F821A39BB45180822DA
official-quality-ebiga-d25ed847007f,QUALITY-EBIGA-D25ED847007F,이비가짬뽕,고추만두,,,,,UNKNOWN,UNKNOWN,https://www.ebiga.co.kr/page/sub2_3.php,2026-10-04,,franchise-quality-v1,OFFICIAL_MENU_DETAIL,,,false,C3FD8DA33BBD00D0716AAE304E1C724988D3CF6456A48F821A39BB45180822DA
official-quality-ebiga-e47557bad242,QUALITY-EBIGA-E47557BAD242,이비가짬뽕,깐풍새우,,,,,UNKNOWN,UNKNOWN,https://www.ebiga.co.kr/page/sub2_3.php,2026-10-04,,franchise-quality-v1,OFFICIAL_MENU_DETAIL,,,false,C3FD8DA33BBD00D0716AAE304E1C724988D3CF6456A48F821A39BB45180822DA
official-quality-ebiga-f96e6a487273,QUALITY-EBIGA-F96E6A487273,이비가짬뽕,국민짜장,,,,,UNKNOWN,UNKNOWN,https://www.ebiga.co.kr/page/sub2_2.php,2026-10-04,,franchise-quality-v1,OFFICIAL_MENU_DETAIL,,,false,EA0B798C98CFA92728C3540B6960C004D8A9904298F40C56A3D1387945A45599
official-quality-eggdrop-01e529639d5f,QUALITY-EGGDROP-01E529639D5F,에그드랍,밀크 초콜릿 (ICE/HOT),진한 초콜릿 소스가 우유에 부드럽게 녹아있는 음료,우유,(우유),우유,PARTIAL_DESCRIPTION,CONFIRMED_LABEL,https://eggdrop.com/menu/view.php?seq=304,2026-10-04,,franchise-quality-v1,OFFICIAL_MENU_DETAIL,,,false,3C69455BFABD2B2B39108CA1B0923A3A2587C7998A07FDA2B645732557C8DB06
official-quality-eggdrop-08d9d6701416,QUALITY-EGGDROP-08D9D6701416,에그드랍,스팸 치즈 에그 샌드위치,계란과 스팸을 함께 먹으면 맛이 두 배 감동도 두 배,계란,,,PARTIAL_DESCRIPTION,UNKNOWN,https://eggdrop.com/menu/view.php?seq=272,2026-10-04,,franchise-quality-v1,OFFICIAL_MENU_DETAIL,,,false,E412B68B0ED4263BEA3BCF7B7966AD9D28810804F79C0076D35457244A80EAE9
official-quality-eggdrop-09f3e1b3e678,QUALITY-EGGDROP-09F3E1B3E678,에그드랍,신선한 우유 (ICE/HOT),원래 샌드위치에는 흰 우유가 진리,우유,(우유),우유,PARTIAL_DESCRIPTION,CONFIRMED_LABEL,https://eggdrop.com/menu/view.php?seq=303,2026-10-04,,franchise-quality-v1,OFFICIAL_MENU_DETAIL,,,false,5CE7362751E7342A129D1A0F3D825616420873CAD0B40207CEE2E9BEFF36CC01
official-quality-eggdrop-0d9e1b3f48f4,QUALITY-EGGDROP-0D9E1B3F48F4,에그드랍,반했드랍 반숙란,1+ 무항생제 상하농원 계란을 사용하여 고소한 맛이 일품인 촉촉한 반숙란 · 반숙란,계란,,,PARTIAL_DESCRIPTION,UNKNOWN,https://eggdrop.com/menu/view.php?seq=146,2026-10-04,,franchise-quality-v1,OFFICIAL_MENU_DETAIL,,,false,28DE0E6413DCBD3A3DA50EAF18E919BFAC3A96E2F5F7773A409B523A32F7EFB0
official-quality-eggdrop-12659f6a2324,QUALITY-EGGDROP-12659F6A2324,에그드랍,햄 앤 치즈 프렌치토스트,"달콤한 계란 베이스를 듬뿍 적셔 폭신하고 부드럽게 구워 낸 프렌치토스트에 계란 프라이와 스모크햄, 아메리칸 치즈가 풍미를 더하는 샌드위치 · 달걀 프렌치토스트 햄 치즈 스리라차 마요네즈 소스 계란후라이",계란|달걀|치즈|햄,"(난류, 우유, 메밀, 대두, 밀, 아황산류, 돼지고기, 닭고기, 쇠고기)",달걀|대두|밀|우유,PARTIAL_DESCRIPTION,CONFIRMED_LABEL,https://eggdrop.com/menu/view.php?seq=49,2026-10-04,,franchise-quality-v1,OFFICIAL_MENU_DETAIL,게|견과류|땅콩|새우|생선|조개류,"땅콩, 고등어, 게, 새우, 복숭아, 토마토, 호두, 오징어, 조개류, 잣 혼입 가능성 있음",false,D7110AB215D638F493EEA5E28ACE46EC109C5B027190602A2125A276E796B89A
official-quality-eggdrop-14c7c0a10d30,QUALITY-EGGDROP-14C7C0A10D30,에그드랍,100% 착즙 오렌지 주스,100% 착즙하여 신선함이 살아있는 오렌지 주스,,,,PARTIAL_DESCRIPTION,UNKNOWN,https://eggdrop.com/menu/view.php?seq=221,2026-10-04,,franchise-quality-v1,OFFICIAL_MENU_DETAIL,,,false,B86C7AB4CAA0B4A7C3AEF842E661AB62CA6B70B117C5D19FD09B516DDA7FA9F5
official-quality-eggdrop-15c3858d3689,QUALITY-EGGDROP-15C3858D3689,에그드랍,딸기크림 프렌치 토스트,달달한 딸기잼과 꾸덕한 크림치즈의 풍미는 자다가도 생각나요,치즈|크림,,,PARTIAL_DESCRIPTION,UNKNOWN,https://eggdrop.com/menu/view.php?seq=247,2026-10-04,,franchise-quality-v1,OFFICIAL_MENU_DETAIL,,,false,7A4CE70F6CF48610D9681C5A74707B81DC1F9528BD0740A5A05C48A98B9B4A2F
official-quality-eggdrop-1cc56c59a082,QUALITY-EGGDROP-1CC56C59A082,에그드랍,아보홀릭,부드러운 스크램블 에그에 수제 아보카도소스와 신선한 아보카도가 풍미를 더하는 샌드위치 · 아보카도 랜치소스 빵 스크램블 에그,아보카도,"(난류, 우유, 메밀, 대두, 밀, 닭고기, 쇠고기)",달걀|대두|밀|우유,PARTIAL_DESCRIPTION,CONFIRMED_LABEL,https://eggdrop.com/menu/view.php?seq=50,2026-10-04,,franchise-quality-v1,OFFICIAL_MENU_DETAIL,게|견과류|땅콩|새우|생선|조개류,"땅콩, 고등어, 게, 새우, 복숭아, 토마토, 호두, 오징어, 아황산류, 돼지고기, 조개류, 잣 혼입 가능성 있음",false,F01260C57CE9B643DC063651B9E58B76810D05810E52031632F8855E1E493358
official-quality-eggdrop-226864a5ceb9,QUALITY-EGGDROP-226864A5CEB9,에그드랍,카페라떼 (ICE/HOT),진한 에스프레소에 고소한 우유가 더해진 커피,우유,(우유),우유,PARTIAL_DESCRIPTION,CONFIRMED_LABEL,https://eggdrop.com/menu/view.php?seq=301,2026-10-04,,franchise-quality-v1,OFFICIAL_MENU_DETAIL,,,false,FA6287EA698853914851C21085B37625FBBBDB53FCBBAB22DA2F6C9ABB6FB951
official-quality-eggdrop-231e7a3adfed,QUALITY-EGGDROP-231E7A3ADFED,에그드랍,레몬 에이드,레몬의 상큼함을 가득 담은 시원한 레몬 에이드 * 그란데 원 사이즈,레몬,,,PARTIAL_DESCRIPTION,UNKNOWN,https://eggdrop.com/menu/view.php?seq=306,2026-10-04,,franchise-quality-v1,OFFICIAL_MENU_DETAIL,달걀|대두|땅콩|밀|우유,"달걀, 우유, 메밀, 땅콩, 대두, 밀, 복숭아, 토마토 혼입 가능성 있음",false,15FA870DCDDE49C4688477D76E5C6E2A3500E7D73E7B36981BF8A65AE1A28016
official-quality-eggdrop-2436cc6027ff,QUALITY-EGGDROP-2436CC6027FF,에그드랍,브리오슈,갓 구워 따끈따끈하고 부드러운 에그드랍 한 장 식빵,,"난류, 밀, 우유, 대두",달걀|대두|밀|우유,PARTIAL_DESCRIPTION,CONFIRMED_LABEL,https://eggdrop.com/menu/view.php?seq=225,2026-10-04,,franchise-quality-v1,OFFICIAL_MENU_DETAIL,,,false,71E037B69E8D737A0C173CA3CDCC20E505E5D94016EF93D4C21DDDB4D0BDDB46
official-quality-eggdrop-2bba407d69fa,QUALITY-EGGDROP-2BBA407D69FA,에그드랍,아보가든 브런치 세트,"<아보가든 브런치 + 100% 착즙 수박 주스> 맛있게 즐기며 건강까지 챙기는, 요즘 딱 필요한 브런치예요",,,,PARTIAL_DESCRIPTION,UNKNOWN,https://eggdrop.com/menu/view.php?seq=282,2026-10-04,,franchise-quality-v1,OFFICIAL_MENU_DETAIL,,,false,880AB4A19901A5184768730DA2985BFDC18369693C45E8C0E9CE71DBF87CB66C
official-quality-eggdrop-2e1e5c304096,QUALITY-EGGDROP-2E1E5C304096,에그드랍,BLT 베이글,신선함이 한가득~ BLT 베이글 하나로 건강한 한끼! · 베이컨 치즈 양상추 토마토,베이컨|상추|양상추|치즈|토마토,"밀, 우유, 대두, 돼지고기, 토마토",대두|밀|우유,PARTIAL_DESCRIPTION,CONFIRMED_LABEL,https://eggdrop.com/menu/view.php?seq=251,2026-10-04,,franchise-quality-v1,OFFICIAL_MENU_DETAIL,,,false,0F2123D8176B6C0FCAA4938E8FE0FC4E79A19012F92DEC31E669B0DBED5BE415
official-quality-eggdrop-2ea8caf34043,QUALITY-EGGDROP-2EA8CAF34043,에그드랍,아보홀릭 세트,"<아보홀릭 + 해쉬브라운 + 아메리카노> 부드러운 스크램블 에그에 수제 아보카도 소스와 신선한 아보카도가 풍미를 더하는 샌드위치와 고소하고 부드러운 해쉬브라운, 아메리카노를 합리적인 가격으로 즐길 수 있는 세트메뉴",아보카도,,,PARTIAL_DESCRIPTION,UNKNOWN,https://eggdrop.com/menu/view.php?seq=189,2026-10-04,,franchise-quality-v1,OFFICIAL_MENU_DETAIL,,,false,57B9E91B0F656BA6955138A796DDEE5766B76358207FC1020209A203F9705CF2
official-quality-eggdrop-369e6ff5be88,QUALITY-EGGDROP-369E6FF5BE88,에그드랍,아보가든 브런치,"맛있게 즐기며 건강까지 챙기는, 요즘 딱 필요한 브런치예요",,,,PARTIAL_DESCRIPTION,UNKNOWN,https://eggdrop.com/menu/view.php?seq=279,2026-10-04,,franchise-quality-v1,OFFICIAL_MENU_DETAIL,,,false,8AB2FF8A4AB67FC53B95768ED7161B614560B9BFDE938509C2AB0F31565BD765
official-quality-eggdrop-37beee356c57,QUALITY-EGGDROP-37BEEE356C57,에그드랍,베이컨 체다 해쉬브라운,진한 체다치즈소스와 상큼한 사워크림에 고소한 베이컨으로 풍미를 더하는 해쉬브라운,베이컨|치즈|크림,"우유, 대두, 돼지고기, 쇠고기",대두|우유,PARTIAL_DESCRIPTION,CONFIRMED_LABEL,https://eggdrop.com/menu/view.php?seq=173,2026-10-04,,franchise-quality-v1,OFFICIAL_MENU_DETAIL,달걀|밀,"달걀, 밀, 복숭아, 토마토, 아황산류, 닭고기 혼입 가능성 있음",false,2AD55A0AC8386C321CCE0759629D218584BA13A4BE80C365DCD6609F9D4EBC2D
official-quality-eggdrop-3826e1e36eb1,QUALITY-EGGDROP-3826E1E36EB1,에그드랍,비프 앤 치즈 길거리 토스트 세트,"<비프 앤 치즈 길거리 토스트 + 해쉬브라운 + 아메리카노> 설탕을 뿌려 바삭하게 구운 브리오슈와 육즙 가득한 비프 데리야끼, 계란 프라이, 양배추, 아메리칸 치즈가 풍미를 더하는 한국식 길거리 토스트와 고소하고 부드러운 해쉬브라운, 아메리카노를 합리적인 가격으로 즐길 수 있는 세트메뉴",계란|배추|양배추|치즈,"달걀, 우유, 메밀, 땅콩, 대두, 밀, 돼지고기, 토마토, 쇠고기",달걀|대두|땅콩|밀|우유,PARTIAL_DESCRIPTION,CONFIRMED_LABEL,https://eggdrop.com/menu/view.php?seq=184,2026-10-04,,franchise-quality-v1,OFFICIAL_MENU_DETAIL,게|견과류|새우|생선|조개류,"고등어, 게, 새우, 복숭아, 아황산류, 호두, 닭고기, 오징어, 조개류, 잣 혼입 가능성 있음",false,B62F106C34D6304EF1C4F6FE792528EF57DA741EB705A99DDD36BBB3C00A6431
official-quality-eggdrop-3e70869be4a6,QUALITY-EGGDROP-3E70869BE4A6,에그드랍,갈릭버터,마늘과 버터의 풍미가 살아있는 에그드랍 한 장 식빵,마늘,"난류, 밀, 우유, 대두",달걀|대두|밀|우유,PARTIAL_DESCRIPTION,CONFIRMED_LABEL,https://eggdrop.com/menu/view.php?seq=226,2026-10-04,,franchise-quality-v1,OFFICIAL_MENU_DETAIL,,,false,67499463D17AAF7DA594CAD9E297E74D1C4D51E4348B94377ADDA307F489CA0F
official-quality-eggdrop-40d7072c85f1,QUALITY-EGGDROP-40D7072C85F1,에그드랍,크림 치즈,꾸덕한 크림치즈 추천,치즈|크림,,,PARTIAL_DESCRIPTION,UNKNOWN,https://eggdrop.com/menu/view.php?seq=298,2026-10-04,,franchise-quality-v1,OFFICIAL_MENU_DETAIL,,,false,CB3330C79EEC6459B94AA5C14F9E1E78391C4B8740FD6C750BD2964A25F9D162
official-quality-eggdrop-4109b32425ab,QUALITY-EGGDROP-4109B32425AB,에그드랍,아메리카노 (ICE/HOT),최상급 원두와 에그드랍만의 스페셜 블랜딩으로 고소하고 진한 풍미와 균형 잡힌 바디감의 에스프레소를 부드럽게 즐길 수 있는 커피,,,,PARTIAL_DESCRIPTION,UNKNOWN,https://eggdrop.com/menu/view.php?seq=299,2026-10-04,,franchise-quality-v1,OFFICIAL_MENU_DETAIL,,,false,AADA9C016306A336586A391B04413B59FD84CC7545318763DA47DAB9C8CE86CD
official-quality-eggdrop-43e63e996f2e,QUALITY-EGGDROP-43E63E996F2E,에그드랍,갈릭 베이컨 치즈 세트,"<갈릭 베이컨 치즈 + 해쉬브라운 + 아메리카노> 갈릭버터를 발라 바삭하게 구운 브리오슈와 스크램블 에그, 베이컨, 아메리칸 치즈가 어우러져 풍미가 가득한 두터운 매니아 층을 가진 샌드위치와 고소하고 부드러운 해쉬브라운, 아메리카노를 합리적인 가격으로 즐길 수 있는 세트메뉴",베이컨|치즈,,,PARTIAL_DESCRIPTION,UNKNOWN,https://eggdrop.com/menu/view.php?seq=191,2026-10-04,,franchise-quality-v1,OFFICIAL_MENU_DETAIL,,,false,CF9F7E8C3F96F1475C1EA50A3938B8472F566EC90D298F3D53733DB1713D1E7F
official-quality-eggdrop-46b20bee0243,QUALITY-EGGDROP-46B20BEE0243,에그드랍,햄 치즈 베이글 세트,<햄 치즈 베이글 + 해쉬브라운 + 아메리카노> 가볍게 아침으로 먹기 좋은~ 햄 치즈 베이글이~ 왔어요 · 햄 치즈,치즈|햄,"난류, 밀, 우유, 대두, 돼지고기, 쇠고기, 닭고기",달걀|대두|밀|우유,PARTIAL_DESCRIPTION,CONFIRMED_LABEL,https://eggdrop.com/menu/view.php?seq=318,2026-10-04,,franchise-quality-v1,OFFICIAL_MENU_DETAIL,,,false,EC3DBA44DFE0BD402F582F0B86AA1DB5F6AE7298722303818501BECDB4F1157C
official-quality-eggdrop-4cabc5d9e0e1,QUALITY-EGGDROP-4CABC5D9E0E1,에그드랍,아메리칸 브런치,한 입 먹는 순간 여긴 지금 뉴욕 브런치 카페,,,,PARTIAL_DESCRIPTION,UNKNOWN,https://eggdrop.com/menu/view.php?seq=278,2026-10-04,,franchise-quality-v1,OFFICIAL_MENU_DETAIL,,,false,4DEBC1C560DB485FF49060EA3A0A9AD7C4687DDD0AB74E8F9D93FED65F32B230
official-quality-eggdrop-4ebbdacd5da1,QUALITY-EGGDROP-4EBBDACD5DA1,에그드랍,아보 베이컨 길거리 토스트 세트,"<아보 베이컨 길거리 토스트 + 해쉬브라운 + 아메리카노> 설탕을 뿌려 바삭하게 구운 브리오슈와 신선한 아보카도, 베이컨, 계란 프라이, 양배추, 아메리칸 치즈가 풍미를 더하는 한국식 길거리 토스트와 고소하고 부드러운 해쉬브라운, 아메리카노를 합리적인 가격으로 즐길 수 있는 세트메뉴",계란|배추|베이컨|아보카도|양배추|치즈,,,PARTIAL_DESCRIPTION,UNKNOWN,https://eggdrop.com/menu/view.php?seq=183,2026-10-04,,franchise-quality-v1,OFFICIAL_MENU_DETAIL,,,false,1C81A7C9364A0E335B67D954D2D1D11F7E44EBC7F90A7F271359E34D117338F2
official-quality-eggdrop-5446bd8a5a01,QUALITY-EGGDROP-5446BD8A5A01,에그드랍,아메리칸 햄 치즈,"부드러운 스크램블 에그에 담백한 스모크햄, 아메리칸 치즈가 풍미를 더하는 샌드위치 · 햄 치즈 스리라차 마요네즈 소스 랜치소스 빵 스크램블 에그",치즈|햄,"(난류, 우유, 메밀, 대두, 밀, 아황산류, 돼지고기, 닭고기, 쇠고기)",달걀|대두|밀|우유,PARTIAL_DESCRIPTION,CONFIRMED_LABEL,https://eggdrop.com/menu/view.php?seq=45,2026-10-04,,franchise-quality-v1,OFFICIAL_MENU_DETAIL,게|견과류|땅콩|새우|생선|조개류,"땅콩, 고등어, 게, 새우, 복숭아, 토마토, 호두, 오징어, 조개류, 잣 혼입 가능성 있음",false,E4CDD3895675C6C51FD5C51C689810196026CBCB84AB991BCA0CC57EF7312AB9
official-quality-eggdrop-5ad277c0afdd,QUALITY-EGGDROP-5AD277C0AFDD,에그드랍,햄 앤 치즈 길거리 토스트 세트,"<햄 앤 치즈 길거리 토스트 + 해쉬브라운 + 아메리카노> 설탕을 뿌려 바삭하게 구운 브리오슈와 고소한 계란 프라이, 양배추, 스모크햄, 아메리칸 치즈가 풍미를 더하는 한국식 길거리 토스트와 고소하고 부드러운 해쉬브라운, 아메리카노를 합리적인 가격으로 즐길 수 있는 세트메뉴",계란|배추|양배추|치즈|햄,,,PARTIAL_DESCRIPTION,UNKNOWN,https://eggdrop.com/menu/view.php?seq=185,2026-10-04,,franchise-quality-v1,OFFICIAL_MENU_DETAIL,,,false,BB776CD39DC25D20683A1EE463D05887BF0A5CE5EEB06113BD5FD97BD2963422
official-quality-eggdrop-5e5b377950cc,QUALITY-EGGDROP-5E5B377950CC,에그드랍,케일 사과주스,케일에 사과의 달콤함을 더해 시원하고 가볍게 즐기는 그린주스,사과,,,PARTIAL_DESCRIPTION,UNKNOWN,https://eggdrop.com/menu/view.php?seq=338,2026-10-04,,franchise-quality-v1,OFFICIAL_MENU_DETAIL,,,false,C31A41C38209C9815EC0148C76E5D2DEEDD957545D3D738819F6D189209B573B
official-quality-eggdrop-60253165294c,QUALITY-EGGDROP-60253165294C,에그드랍,바닐라라떼 (ICE/HOT),"달콤한 바닐라 시럽과 에스프레소, 우유가 어우러진 커피",우유,(우유),우유,PARTIAL_DESCRIPTION,CONFIRMED_LABEL,https://eggdrop.com/menu/view.php?seq=302,2026-10-04,,franchise-quality-v1,OFFICIAL_MENU_DETAIL,,,false,5FC341190F0A4BD8DB6DCD363DF490021D712E74306CA1C01E2D6237EDF43159
official-quality-eggdrop-69904d8468bb,QUALITY-EGGDROP-69904D8468BB,에그드랍,핑크딸기라떼,딸기라떼 한 잔으로 내 입안에 봄이 왔나 봄 * 그란데 원 사이즈,,(우유),우유,PARTIAL_DESCRIPTION,CONFIRMED_LABEL,https://eggdrop.com/menu/view.php?seq=242,2026-10-04,,franchise-quality-v1,OFFICIAL_MENU_DETAIL,,,false,CFD942306A324821A47138BB3989B0018C69FA19850191F64424A7938F236777
official-quality-eggdrop-6d49bde6f603,QUALITY-EGGDROP-6D49BDE6F603,에그드랍,클럽샌드위치,"양상추, 베이컨, 토마토와 에그드랍의 특제 소스가 어우러진 베이직한 클럽 샌드위치 · 햄 베이컨 치즈 양상추 빵 토마토 꽃상추",베이컨|상추|양상추|치즈|토마토|햄,"달걀, 우유, 대두, 밀, 돼지고기, 토마토, 닭고기, 쇠고기",달걀|대두|밀|우유,PARTIAL_DESCRIPTION,CONFIRMED_LABEL,https://eggdrop.com/menu/view.php?seq=142,2026-10-04,,franchise-quality-v1,OFFICIAL_MENU_DETAIL,견과류|땅콩|새우|조개류,"메밀, 땅콩, 새우, 복숭아, 아황산류, 호두, 오징어, 조개류, 잣 혼입 가능성 있음",false,C1A90ACA53170DCDFDBA64596E82676883A709510323803BC7A98CAEB19FFCF6
official-quality-eggdrop-6f51583ec298,QUALITY-EGGDROP-6F51583EC298,에그드랍,오렌지 썬라이즈,아침을 깨우는 상큼한 햇살 같은 맛,,,,PARTIAL_DESCRIPTION,UNKNOWN,https://eggdrop.com/menu/view.php?seq=222,2026-10-04,,franchise-quality-v1,OFFICIAL_MENU_DETAIL,,,false,036053CF6556C993C19C751CFBA30E4E31971E1638D46FD4BE8D8DDCEC64853D
official-quality-eggdrop-786cf9188c5f,QUALITY-EGGDROP-786CF9188C5F,에그드랍,샌드위치 & 해쉬 & 반했드랍 2인 세트,"<갈릭 베이컨 치즈 + 햄 앤 치즈 길거리 토스트 + 해쉬브라운 2개 + 반했드랍(2개입) + 아메리카노 2잔> 갈릭 베이컨 치즈와 햄 앤 치즈 길거리 토스트, 고소한 해쉬브라운과 상하농원의 촉촉한 반숙란을 아메리카노와 함께 할인 된 가격으로 즐길 수 있는 2인 세트메뉴",베이컨|치즈|햄,,,PARTIAL_DESCRIPTION,UNKNOWN,https://eggdrop.com/menu/view.php?seq=181,2026-10-04,,franchise-quality-v1,OFFICIAL_MENU_DETAIL,,,false,BBB43CF2596B923EBC99BAA71AEA6ED7C9F5C98D388C10A6BB0A6B58F49D5B09
official-quality-eggdrop-7a742a089d58,QUALITY-EGGDROP-7A742A089D58,에그드랍,베이컨 더블 치즈 세트,"<베이컨 더블 치즈 + 해쉬브라운 + 아메리카노> 부드러운 스크램블 에그에 베이컨, 아메리칸 치즈가 단짠의 조합을 이루는 에그드랍 베스트 샌드위치와 고소하고 부드러운 해쉬브라운, 아메리카노를 합리적인 가격으로 즐길 수 있는 세트메뉴",베이컨|치즈,,,PARTIAL_DESCRIPTION,UNKNOWN,https://eggdrop.com/menu/view.php?seq=193,2026-10-04,,franchise-quality-v1,OFFICIAL_MENU_DETAIL,,,false,C2726AF9DD290A47713A2EF6681CEF53F9DE8CCA2CC82809CC3C926575073880
official-quality-eggdrop-7bbfc8f3a566,QUALITY-EGGDROP-7BBFC8F3A566,에그드랍,햄 치즈 갈릭 샌드,겉바속촉과 단짠을 모두 갖춘 완벽 그 잡채,,,,PARTIAL_DESCRIPTION,UNKNOWN,https://eggdrop.com/menu/view.php?seq=245,2026-10-04,,franchise-quality-v1,OFFICIAL_MENU_DETAIL,,,false,F0C6669482494BC97531E20BD52A8D20C1D948DFD548B94CCD1C57D2DF025D05
official-quality-eggdrop-7d47874b3b45,QUALITY-EGGDROP-7D47874B3B45,에그드랍,베이컨 딥 치즈 번,"버터 풍미가 가득한 브리오슈번에 촉촉한 스크램블과 베이컨, 아메리칸 치즈가 들어간 에그 번 · 브리오슈번 베이컨 치즈 스리라차 마요네즈 소스 랜치소스 스크램블 에그",베이컨|치즈,"(난류, 메밀, 우유, 대두, 밀, 돼지고기,아황산류, 닭고기, 쇠고기)",달걀|대두|밀|우유,PARTIAL_DESCRIPTION,CONFIRMED_LABEL,https://eggdrop.com/menu/view.php?seq=51,2026-10-04,,franchise-quality-v1,OFFICIAL_MENU_DETAIL,게|견과류|땅콩|새우|생선|조개류,"땅콩, 고등어, 게, 새우, 복숭아, 토마토, 호두, 오징어, 조개류, 잣 혼입 가능성 있음",false,9B43D7E2C666CF1FD3BAE81FA34E733B4736156519FAA69C32D663D9459EF6C9
official-quality-eggdrop-7e9aee518597,QUALITY-EGGDROP-7E9AEE518597,에그드랍,랜치 드레싱,고소하고 새콤한 에그드랍표 드레싱,,,,PARTIAL_DESCRIPTION,UNKNOWN,https://eggdrop.com/menu/view.php?seq=297,2026-10-04,,franchise-quality-v1,OFFICIAL_MENU_DETAIL,,,false,3F841BBCA6B98EF8BFBAB32E3AB856F9C4FD778CBDF4AB4509EB643ACBF29322
official-quality-eggdrop-8767c6076e82,QUALITY-EGGDROP-8767C6076E82,에그드랍,미스터 에그,"부드러운 스크램블 에그와 브리오쉬, 에그드랍의 특제 소스가 어우러진 베이직 샌드위치 · 스리라차 마요네즈 소스 빵 스크램블 에그",,"(난류, 우유, 대두, 밀, 아황산류, 닭고기, 쇠고기)",달걀|대두|밀|우유,PARTIAL_DESCRIPTION,CONFIRMED_LABEL,https://eggdrop.com/menu/view.php?seq=44,2026-10-04,,franchise-quality-v1,OFFICIAL_MENU_DETAIL,게|견과류|땅콩|새우|생선|조개류,"메밀, 땅콩, 고등어, 게, 새우, 돼지고기, 복숭아, 토마토, 호두, 오징어, 조개류, 잣 혼입 가능성 있음",false,4873D9275FB5D2A80B51EB84F9EF2A4E24B8418D450E8E01AA3F59F9997DBEB9
official-quality-eggdrop-87b5540bca28,QUALITY-EGGDROP-87B5540BCA28,에그드랍,에그 햄 치즈 디럭스 세트,<에그 햄 치즈 디럭스 + 해쉬브라운 + 아메리카노> 든든하게 꽉~찬 햄 치즈 디럭스 베이글이 왔어요 · 햄 치즈 양상추 스크램블 에그,상추|양상추|치즈|햄,"난류, 밀, 우유, 대두, 돼지고기, 쇠고기, 닭고기",달걀|대두|밀|우유,PARTIAL_DESCRIPTION,CONFIRMED_LABEL,https://eggdrop.com/menu/view.php?seq=316,2026-10-04,,franchise-quality-v1,OFFICIAL_MENU_DETAIL,,,false,0E2BCBEE6B6E25A95C0C8BB0F99E92EE724E166A3BA37DF8C70ACD11C6E77420
official-quality-eggdrop-8ef67be816d1,QUALITY-EGGDROP-8EF67BE816D1,에그드랍,딸기피넛 샌드,달콤한 딸기잼과 고소한 땅콩잼의 그.사.세 조합,땅콩,,,PARTIAL_DESCRIPTION,UNKNOWN,https://eggdrop.com/menu/view.php?seq=246,2026-10-04,,franchise-quality-v1,OFFICIAL_MENU_DETAIL,,,false,135BF3AA968742B03E5B323F397359CAF177D916E9E3DA1CE16D9847EFDF346F
official-quality-eggdrop-900632d3a0e0,QUALITY-EGGDROP-900632D3A0E0,에그드랍,햄 앤 치즈 프렌치 토스트 세트,"<햄 앤 치즈 프렌치 토스트 + 해쉬브라운 + 아메리카노> 달콤한 계란 베이스를 듬뿍 적셔 폭신하고 부드럽게 구워 낸 프렌치토스트에 계란 프라이와 스모크햄, 아메리칸 치즈가 풍미를 더하는 샌드위치와 고소하고 부드러운 해쉬브라운, 아메리카노를 합리적인 가격으로 즐길 수 있는 세트메뉴",계란|치즈|햄,,,PARTIAL_DESCRIPTION,UNKNOWN,https://eggdrop.com/menu/view.php?seq=192,2026-10-04,,franchise-quality-v1,OFFICIAL_MENU_DETAIL,,,false,121CC1F35422CFCB7D2C26DF7DCB47B155B6DD38D058502D2680A0FFD1B1F068
official-quality-eggdrop-906a477e8db0,QUALITY-EGGDROP-906A477E8DB0,에그드랍,미스터에그 세트,"<미스터에그 + 해쉬브라운 + 아메리카노> 부드러운 스크램블 에그와 브리오슈, 에그드랍의 특제 소스가 어우러진 샌드위치와 고소하고 부드러운 해쉬브라운, 아메리카노를 합리적인 가격으로 즐길 수 있는 세트메뉴",,,,PARTIAL_DESCRIPTION,UNKNOWN,https://eggdrop.com/menu/view.php?seq=195,2026-10-04,,franchise-quality-v1,OFFICIAL_MENU_DETAIL,,,false,EF526F99410F340CB03FCEC7AF1D5DBBC1123B7C81DB53B58B5A812A6C35203A
official-quality-eggdrop-92f88de75932,QUALITY-EGGDROP-92F88DE75932,에그드랍,베이컨 더블 치즈,"부드러운 스크램블 에그에 베이컨, 아메리칸 치즈가 단짠의 조합을 이루는 에그드랍 베스트 샌드위치 · 베이컨 치즈 스리라차 마요네즈 소스 랜치소스 빵 스크램블 에그",베이컨|치즈,"(난류, 우유, 메밀, 대두, 밀, 아황산류, 돼지고기, 닭고기, 쇠고기)",달걀|대두|밀|우유,PARTIAL_DESCRIPTION,CONFIRMED_LABEL,https://eggdrop.com/menu/view.php?seq=46,2026-10-04,,franchise-quality-v1,OFFICIAL_MENU_DETAIL,게|견과류|땅콩|새우|생선|조개류,"땅콩, 고등어, 게, 새우, 복숭아, 토마토, 호두, 오징어, 조개류, 잣 혼입 가능성 있음",false,6786EE0D94E902DF2E85F514F6FFD40840446CC6014D5BB640702418112F517E
official-quality-eggdrop-98cd1086b440,QUALITY-EGGDROP-98CD1086B440,에그드랍,비프 앤 치즈 길거리 토스트,"설탕을 뿌려 바삭하게 구운 브리오슈와 육즙 가득한 비프 데리야끼, 계란 프라이, 양배추, 아메리칸 치즈가 풍미를 더하는 한국식 길거리 토스트 · 치즈 랜치소스 계란후라이",계란|배추|양배추|치즈,"달걀, 우유, 메밀, 땅콩, 대두, 밀, 돼지고기, 토마토, 쇠고기",달걀|대두|땅콩|밀|우유,PARTIAL_DESCRIPTION,CONFIRMED_LABEL,https://eggdrop.com/menu/view.php?seq=165,2026-10-04,,franchise-quality-v1,OFFICIAL_MENU_DETAIL,게|견과류|새우|생선|조개류,"고등어, 게, 새우, 복숭아, 아황산류, 호두, 닭고기, 오징어, 조개류, 잣 혼입 가능성 있음",false,5B30384BF8B8542BC2B3F934821E55E31C80746BBDAFE488ECEC1D704F541517
official-quality-eggdrop-9a4799f1eed8,QUALITY-EGGDROP-9A4799F1EED8,에그드랍,비프 데리야끼 세트,"<비프 데리야끼 + 해쉬브라운 + 아메리카노> 비프 데리야끼에 통째로 올라간 반숙란이 고소함과 촉촉함을 더하는 샌드위치와 고소하고 부드러운 해쉬브라운, 아메리카노를 합리적인 가격으로 즐길 수 있는 세트메뉴",,"(난류, 우유, 메밀, 대두, 밀, 아황산류, 돼지고기, 닭고기, 쇠고기)",달걀|대두|밀|우유,PARTIAL_DESCRIPTION,CONFIRMED_LABEL,https://eggdrop.com/menu/view.php?seq=190,2026-10-04,,franchise-quality-v1,OFFICIAL_MENU_DETAIL,게|견과류|땅콩|새우|생선|조개류,"땅콩, 고등어, 게, 새우, 복숭아, 토마토, 호두, 오징어, 조개류, 잣 혼입 가능성 있음",false,02FD6D8B397D501A4E266C81C706CC075F53E1E0A56745B60A1EB0F1F5045F98
official-quality-eggdrop-9e21e2e655d5,QUALITY-EGGDROP-9E21E2E655D5,에그드랍,굿모닝 브런치 세트,<굿모닝 브런치 + 100% 착즙 수박 주스> Good morning~ 오늘의 계획은 든든한 아침 챙기기,,,,PARTIAL_DESCRIPTION,UNKNOWN,https://eggdrop.com/menu/view.php?seq=280,2026-10-04,,franchise-quality-v1,OFFICIAL_MENU_DETAIL,,,false,AAC25FFA3F07C51A35525D852FD6738392F57078F76AF1ED6246C14195882F16
official-quality-eggdrop-a277019abaf4,QUALITY-EGGDROP-A277019ABAF4,에그드랍,햄 치즈 베이글,가볍게 아침으로 먹기 좋은~ 햄 치즈 베이글이~ 왔어요 · 햄 치즈,치즈|햄,"난류, 밀, 우유, 대두, 돼지고기, 쇠고기, 닭고기",달걀|대두|밀|우유,PARTIAL_DESCRIPTION,CONFIRMED_LABEL,https://eggdrop.com/menu/view.php?seq=250,2026-10-04,,franchise-quality-v1,OFFICIAL_MENU_DETAIL,,,false,DCA1FBAFD50DB90DD418BA04E3BA449FF6A205002A107C8A8D9B7F24CEB2CA28
official-quality-eggdrop-a4bcf30dbf01,QUALITY-EGGDROP-A4BCF30DBF01,에그드랍,100% 착즙 수박 주스,시원하고 달콤한 수박을 그대로 착즙했어요,,,,PARTIAL_DESCRIPTION,UNKNOWN,https://eggdrop.com/menu/view.php?seq=270,2026-10-04,,franchise-quality-v1,OFFICIAL_MENU_DETAIL,,,false,22B14B0D1C4FE72E7A4E9EABBDCC8E63D72822663E135D7BAF50F6356779C546
official-quality-eggdrop-a67caa18d6a1,QUALITY-EGGDROP-A67CAA18D6A1,에그드랍,갈릭 베이컨 치즈,"갈릭버터를 발라 바삭하게 구운 브리오쉬와 스크램블 에그, 베이컨, 아메리칸 치즈가 어우러져 풍미가 가득한 두터운 매니아 층을 가진 샌드위치 · 베이컨 치즈 스리라차 마요네즈 소스 랜치소스 갈릭빵 스크램블 에그",베이컨|치즈,"(난류, 우유, 메밀, 대두, 밀, 아황산류, 닭고기, 쇠고기)",달걀|대두|밀|우유,PARTIAL_DESCRIPTION,CONFIRMED_LABEL,https://eggdrop.com/menu/view.php?seq=48,2026-10-04,,franchise-quality-v1,OFFICIAL_MENU_DETAIL,게|견과류|땅콩|새우|생선|조개류,"땅콩, 고등어, 게, 새우, 복숭아, 토마토, 호두, 돼지고기, 오징어, 조개류, 잣 혼입 가능성 있음",false,9C6185256707F716E4F1AA4C9C917DFAD85DABEA974330F3F5AEE3DA3D5B9009
official-quality-eggdrop-aa199fafbb11,QUALITY-EGGDROP-AA199FAFBB11,에그드랍,에그 BLT 디럭스 세트,<에그 BLT 디럭스 + 해쉬브라운 + 아메리카노> 든든함과 신선함이 한가득~ BLT 디럭스 하나로 맛있는 한끼 · 베이컨 치즈 양상추 스크램블 에그 토마토,베이컨|상추|양상추|치즈|토마토,"난류, 밀, 우유, 대두, 돼지고기, 토마토",달걀|대두|밀|우유,PARTIAL_DESCRIPTION,CONFIRMED_LABEL,https://eggdrop.com/menu/view.php?seq=315,2026-10-04,,franchise-quality-v1,OFFICIAL_MENU_DETAIL,,,false,EE1E5A2D0BA3BCBCFC50B7DA174775C83AFB7B3289F9667B2F687CC742BFFF67
official-quality-eggdrop-acf958e8c14e,QUALITY-EGGDROP-ACF958E8C14E,에그드랍,아보 베이컨 길거리 토스트,"설탕을 뿌려 바삭하게 구운 브리오슈와 신선한 아보카도, 베이컨, 계란 프라이, 양배추, 아메리칸 치즈가 풍미를 더하는 한국식 길거리 토스트 · 베이컨 아보카도 스리라차 마요네즈 소스 계란후라이",계란|배추|베이컨|아보카도|양배추|치즈,"달걀, 우유, 메밀, 땅콩, 대두, 밀, 돼지고기, 토마토, 쇠고기",달걀|대두|땅콩|밀|우유,PARTIAL_DESCRIPTION,CONFIRMED_LABEL,https://eggdrop.com/menu/view.php?seq=166,2026-10-04,,franchise-quality-v1,OFFICIAL_MENU_DETAIL,게|견과류|새우|생선|조개류,"고등어, 게, 새우, 복숭아, 아황산류, 호두, 닭고기, 오징어, 조개류, 잣 혼입 가능성 있음",false,A77FA4EA2BABEFA8A8FA6067B2A827A64B346F9A48D7C7CE1979D228602E6F3E
official-quality-eggdrop-affed40e4678,QUALITY-EGGDROP-AFFED40E4678,에그드랍,해쉬브라운,감자를 잘게 썰어 그리들에 노릇노릇하게 구운 고소하고 부드러운 해쉬브라운,감자,대두,대두,PARTIAL_DESCRIPTION,CONFIRMED_LABEL,https://eggdrop.com/menu/view.php?seq=172,2026-10-04,,franchise-quality-v1,OFFICIAL_MENU_DETAIL,밀|우유,"우유, 밀, 복숭아, 아황산류 혼입 가능성 있음",false,99C88003E25E024E5DF36E1AEC1BAE1C94419BD5DE328C13BB5EF23F297160B9
official-quality-eggdrop-b0702e28c574,QUALITY-EGGDROP-B0702E28C574,에그드랍,에그 베이컨 디럭스,"체다소스, 에그스크램블, 해쉬브라운, 치즈에 베이컨까지~ 맛으로 꽉 찬 맥시멀리스트 베이글 · 베이컨 치즈 해쉬브라운 스크램블 에그",베이컨|치즈,"난류, 밀, 우유, 대두, 돼지고기, 닭고기",달걀|대두|밀|우유,PARTIAL_DESCRIPTION,CONFIRMED_LABEL,https://eggdrop.com/menu/view.php?seq=253,2026-10-04,,franchise-quality-v1,OFFICIAL_MENU_DETAIL,,,false,04E5F5C5C6308ADE1BDE2FFC6A765DA4F1666CB8604994C1F40309EFF65ABCEC
official-quality-eggdrop-b193c4ec47a5,QUALITY-EGGDROP-B193C4EC47A5,에그드랍,아메리칸 햄 치즈 세트,"<아메리칸 햄 치즈 + 해쉬브라운 + 아메리카노> 부드러운 스크램블 에그에 담백한 스모크햄, 아메리칸 치즈가 풍미를 더하는 샌드위치와 고소하고 부드러운 해쉬브라운, 아메리카노를 합리적인 가격으로 즐길 수 있는 세트메뉴",치즈|햄,,,PARTIAL_DESCRIPTION,UNKNOWN,https://eggdrop.com/menu/view.php?seq=194,2026-10-04,,franchise-quality-v1,OFFICIAL_MENU_DETAIL,,,false,B757CB3214FBBBDEAAFAD3565D0F9EEAA29B7347F2BB3AF1C3A48675E27E6760
official-quality-eggdrop-b41522e7aadd,QUALITY-EGGDROP-B41522E7AADD,에그드랍,굿모닝 브런치,Good morning~ 오늘의 계획은 든든한 아침 챙기기,,,,PARTIAL_DESCRIPTION,UNKNOWN,https://eggdrop.com/menu/view.php?seq=277,2026-10-04,,franchise-quality-v1,OFFICIAL_MENU_DETAIL,,,false,32AF6DBE30F2D84504A2DE569B22FE68ADA664418BBC65FCFBFA59E30BB15C2D
official-quality-eggdrop-c2143f5e88e5,QUALITY-EGGDROP-C2143F5E88E5,에그드랍,햄 앤 치즈 길거리 토스트,"설탕을 뿌려 바삭하게 구운 브리오슈와 고소한 계란 프라이, 양배추, 스모크햄, 아메리칸 치즈가 풍미를 더하는 한국식 길거리 토스트 · 햄 치즈 빵 계란후라이",계란|배추|양배추|치즈|햄,"달걀, 우유, 메밀, 땅콩, 대두, 밀, 돼지고기, 토마토",달걀|대두|땅콩|밀|우유,PARTIAL_DESCRIPTION,CONFIRMED_LABEL,https://eggdrop.com/menu/view.php?seq=159,2026-10-04,,franchise-quality-v1,OFFICIAL_MENU_DETAIL,게|견과류|새우|생선|조개류,"고등어, 게, 새우, 복숭아, 아황산류, 호두, 닭고기, 쇠고기, 오징어, 조개류, 잣 혼입 가능성 있음",false,F98BA7BACEB435C8FBBCCD00751FEC34E333925E7884293131685B2BBECB8768
official-quality-eggdrop-c2e72b8f38de,QUALITY-EGGDROP-C2E72B8F38DE,에그드랍,딸기잼,,,,,UNKNOWN,UNKNOWN,https://eggdrop.com/menu/view.php?seq=59,2026-10-04,,franchise-quality-v1,OFFICIAL_MENU_DETAIL,,,false,523EDD0FB9C02D5B72FF7DAEB508D595C09E8F17077D814594239A0EF17A8A44
official-quality-eggdrop-c609f912d817,QUALITY-EGGDROP-C609F912D817,에그드랍,치킨클럽샌드위치 세트,"<치킨클럽샌드위치 + 해쉬브라운 + 아메리카노> 신선한 채소, 촉촉한 닭가슴살과 에그드랍의 특제소스가 어우러진 치킨 클럽 샌드위치와 고소하고 부드러운 해쉬브라운, 아메리카노를 합리적인 가격으로 즐길 수 있는 세트메뉴",닭가슴살,,,PARTIAL_DESCRIPTION,UNKNOWN,https://eggdrop.com/menu/view.php?seq=186,2026-10-04,,franchise-quality-v1,OFFICIAL_MENU_DETAIL,,,false,C30D08E30F8BF33D9E3F096E926CC14F52712E9E3EB0E7FE7F50F3C9FEEE0FFA
official-quality-eggdrop-c81641e40782,QUALITY-EGGDROP-C81641E40782,에그드랍,100% 착즙 블러드 오렌지 주스,비타민C 영양제 대신 이 주스를 드세요,,,,PARTIAL_DESCRIPTION,UNKNOWN,https://eggdrop.com/menu/view.php?seq=220,2026-10-04,,franchise-quality-v1,OFFICIAL_MENU_DETAIL,,,false,5B718DDADAF5DAE16334BC9F49D3A23C4A92714B6FFD8C13314AF4F178788760
official-quality-eggdrop-c934baaeafa5,QUALITY-EGGDROP-C934BAAEAFA5,에그드랍,치킨 클럽샌드위치,"신선한 채소, 촉촉한 닭가슴살과 에그드랍의 특제소스가 어울러진 치킨 클럽 샌드위치 · 베이컨 치즈 양상추 닭가슴살 빵 토마토",닭가슴살|베이컨|상추|양상추|치즈|토마토,"달걀, 우유, 대두, 밀, 돼지고기, 토마토, 닭고기, 쇠고기",달걀|대두|밀|우유,PARTIAL_DESCRIPTION,CONFIRMED_LABEL,https://eggdrop.com/menu/view.php?seq=141,2026-10-04,,franchise-quality-v1,OFFICIAL_MENU_DETAIL,견과류|땅콩|새우|조개류,"메밀, 땅콩, 새우, 복숭아, 아황산류, 호두, 오징어, 조개류, 잣 혼입 가능성 있음",false,1942991270011735B282DE45C2820ACAF3298BAB7D11A645F531BB1D5909A301
official-quality-eggdrop-c971ae6c2b46,QUALITY-EGGDROP-C971AE6C2B46,에그드랍,제주말차라떼 (ICE/HOT),고소한 우유와 쌉싸름한 제주산 말차가 향긋하게 어우러지는 음료,우유,(우유),우유,PARTIAL_DESCRIPTION,CONFIRMED_LABEL,https://eggdrop.com/menu/view.php?seq=308,2026-10-04,,franchise-quality-v1,OFFICIAL_MENU_DETAIL,,,false,157204F9DFE90B5D377476139D01965E24B39E9E096EFFE555D96999DED3935A
official-quality-eggdrop-c9e810db7f48,QUALITY-EGGDROP-C9E810DB7F48,에그드랍,에그 햄 치즈 디럭스,든든하게 꽉~찬 햄치즈 디럭스 베이글이 왔어요 · 달걀 햄 치즈 양상추 스크램블 에그,달걀|상추|양상추|치즈|햄,"난류, 밀, 우유, 대두, 돼지고기, 쇠고기, 닭고기",달걀|대두|밀|우유,PARTIAL_DESCRIPTION,CONFIRMED_LABEL,https://eggdrop.com/menu/view.php?seq=263,2026-10-04,,franchise-quality-v1,OFFICIAL_MENU_DETAIL,,,false,EA67F1228460CC53CE4068B861D1A43768F84DD55EC1F2BB8E33D7769C148A2F
official-quality-eggdrop-ca530de1dc22,QUALITY-EGGDROP-CA530DE1DC22,에그드랍,클럽샌드위치 세트,"<클럽샌드위치 + 해쉬브라운 + 아메리카노> 양상추, 베이컨, 토마토와 에그드랍의 특제 소스가 어우러진 베이직한 클럽 샌드위치와 고소하고 부드러운 해쉬브라운, 아메리카노를 합리적인 가격으로 즐길 수 있는 세트메뉴",베이컨|상추|양상추|토마토,,,PARTIAL_DESCRIPTION,UNKNOWN,https://eggdrop.com/menu/view.php?seq=187,2026-10-04,,franchise-quality-v1,OFFICIAL_MENU_DETAIL,,,false,089963789C9B16DF1459539C2085358BFEBD21ABD8E45046F73DA8E810F83B5D
official-quality-eggdrop-ce80e5d9a104,QUALITY-EGGDROP-CE80E5D9A104,에그드랍,프렌치 토스트,겉은 바삭하고 속은 촉촉한 에그드랍 프렌치 토스트,,"난류, 밀, 우유, 대두, 닭고기",달걀|대두|밀|우유,PARTIAL_DESCRIPTION,CONFIRMED_LABEL,https://eggdrop.com/menu/view.php?seq=227,2026-10-04,,franchise-quality-v1,OFFICIAL_MENU_DETAIL,,,false,03AC08C682AA1AF828F26082E4F133303BC1BE6FECFE0E38A50A36473FC31F12
official-quality-eggdrop-d01989c465ec,QUALITY-EGGDROP-D01989C465EC,에그드랍,비프 데리야끼,에 통째로 올라간 반숙란이 고소함과 촉촉함을 더하는 샌드위치 · 스리라차 마요네즈 소스 랜치소스 빵 반숙란,,"(난류, 우유, 메밀, 대두, 밀, 아황산류, 돼지고기, 닭고기, 쇠고기)",달걀|대두|밀|우유,PARTIAL_DESCRIPTION,CONFIRMED_LABEL,https://eggdrop.com/menu/view.php?seq=47,2026-10-04,,franchise-quality-v1,OFFICIAL_MENU_DETAIL,게|견과류|땅콩|새우|생선|조개류,"땅콩, 고등어, 게, 새우, 복숭아, 토마토, 호두, 오징어, 조개류, 잣 혼입 가능성 있음",false,0457D225079CD0B22EF2F4A640D17762154E3C1D8D14687F653746EEAC69F3F2
official-quality-eggdrop-d4be434ff445,QUALITY-EGGDROP-D4BE434FF445,에그드랍,케찹,새콤 달콤한 케찹을 넉넉히 먹고 싶다면 추천!,,,,PARTIAL_DESCRIPTION,UNKNOWN,https://eggdrop.com/menu/view.php?seq=296,2026-10-04,,franchise-quality-v1,OFFICIAL_MENU_DETAIL,,,false,E8D5358FA7E655D36163B276E42E6074A8DC77BDD9DC6BD19766C49C80D10CCB
official-quality-eggdrop-d78c40039b40,QUALITY-EGGDROP-D78C40039B40,에그드랍,에그 베이컨 디럭스 세트,"<에그 베이컨 디럭스 + 해쉬브라운 + 아메리카노> 체다소스, 에그스크램블, 해쉬브라운, 치즈에 베이컨까지~ 맛으로 꽉 찬 맥시멀리스트 베이글 · 베이컨 치즈 해쉬브라운 스크램블 에그",베이컨|치즈,"난류, 밀, 우유, 대두, 돼지고기, 닭고기",달걀|대두|밀|우유,PARTIAL_DESCRIPTION,CONFIRMED_LABEL,https://eggdrop.com/menu/view.php?seq=314,2026-10-04,,franchise-quality-v1,OFFICIAL_MENU_DETAIL,,,false,815871F1CF2D9EB47B1311A8DE6B8E95DD13DE49A739E5C6BE048B23939ACA82
official-quality-eggdrop-e14743fc3770,QUALITY-EGGDROP-E14743FC3770,에그드랍,아메리칸 브런치 세트,<아메리칸 브런치 + 100% 착즙 수박 주스> 한 입 먹는 순간 여긴 지금 뉴욕 브런치 카페,,,,PARTIAL_DESCRIPTION,UNKNOWN,https://eggdrop.com/menu/view.php?seq=281,2026-10-04,,franchise-quality-v1,OFFICIAL_MENU_DETAIL,,,false,09B5E0D6DF5E5B6217EE6D24DFB039693BC203B0322C995F326EB6E0CCD3FD60
official-quality-eggdrop-ec1cfd8fb434,QUALITY-EGGDROP-EC1CFD8FB434,에그드랍,에그 BLT 디럭스,든든함과 신선함이 한가득~ BLT 디럭스 하나로 맛있는 한끼 · 베이컨 치즈 양상추 스크램블 에그 토마토,베이컨|상추|양상추|치즈|토마토,"난류, 밀, 우유, 대두, 돼지고기, 토마토",달걀|대두|밀|우유,PARTIAL_DESCRIPTION,CONFIRMED_LABEL,https://eggdrop.com/menu/view.php?seq=262,2026-10-04,,franchise-quality-v1,OFFICIAL_MENU_DETAIL,,,false,68C6F60889CEB88FA152AFB83FD081344506E92EE27D1C8B6EABA6D0A2D5ABD9
official-quality-eggdrop-ed34a471fb8d,QUALITY-EGGDROP-ED34A471FB8D,에그드랍,BLT 베이글 세트,신선함이 한가득~ BLT 베이글 하나로 건강한 한끼! · 베이컨 치즈 양상추 토마토,베이컨|상추|양상추|치즈|토마토,"밀, 우유, 대두, 돼지고기, 토마토",대두|밀|우유,PARTIAL_DESCRIPTION,CONFIRMED_LABEL,https://eggdrop.com/menu/view.php?seq=317,2026-10-04,,franchise-quality-v1,OFFICIAL_MENU_DETAIL,,,false,EC0460CC28EB4DE5C50F8E893772003F1112A96DC7DACD1A8E7EB5A71F571D19
official-quality-eggdrop-f87f1d82d012,QUALITY-EGGDROP-F87F1D82D012,에그드랍,100% 착즙 사과 주스,물 한방울 넣지 않고 안동 사과를 그대로 착즙했어요,사과,,,PARTIAL_DESCRIPTION,UNKNOWN,https://eggdrop.com/menu/view.php?seq=269,2026-10-04,,franchise-quality-v1,OFFICIAL_MENU_DETAIL,,,false,7B63D5E14A86886ABEA91A7CE83FE05A97521EEA497D8B6E913E03CD0189F59E
official-quality-eggdrop-f9ae120e2d4d,QUALITY-EGGDROP-F9AE120E2D4D,에그드랍,베이컨 딥 치즈 번 세트,"<베이컨 딥 치즈 번 + 해쉬브라운 + 아메리카노> 버터 풍미가 가득한 브리오슈번에 촉촉한 스크램블과 베이컨, 아메리칸 치즈가 들어간 에그 번과 고소하고 부드러운 해쉬브라운, 아메리카노를 합리적인 가격으로 즐길 수 있는 세트메뉴",베이컨|치즈,,,PARTIAL_DESCRIPTION,UNKNOWN,https://eggdrop.com/menu/view.php?seq=188,2026-10-04,,franchise-quality-v1,OFFICIAL_MENU_DETAIL,,,false,51C15511A67637FA2BC4815554754F35D9FA212D82563F91D51F5519234AFD63
official-quality-eggdrop-fbacc61167c5,QUALITY-EGGDROP-FBACC61167C5,에그드랍,자몽 에이드,자몽의 상큼함을 가득 담은 시원한 자몽 에이드 * 그란데 원 사이즈,,,,PARTIAL_DESCRIPTION,UNKNOWN,https://eggdrop.com/menu/view.php?seq=307,2026-10-04,,franchise-quality-v1,OFFICIAL_MENU_DETAIL,게|견과류|달걀|대두|땅콩|밀|새우|생선|우유|조개류,"달걀, 우유, 메밀, 땅콩, 대두, 밀, 고등어, 게, 새우, 돼지고기, 복숭아, 토마토, 아황산류, 호두, 닭고기, 쇠고기, 오징어, 조개류, 잣 혼입 가능성 있음",false,8C96855D958526C220CA4BE831088E3D898175D6978A420606B638A7C104C0E6
official-quality-eggdrop-fe0cf18e5d2c,QUALITY-EGGDROP-FE0CF18E5D2C,에그드랍,콘 마요 해쉬브라운,달콤한 콘 알갱이가 입안에서 톡톡 터져요,,"달걀, 우유, 대두, 아황산류, 쇠고기",달걀|대두|우유,PARTIAL_DESCRIPTION,CONFIRMED_LABEL,https://eggdrop.com/menu/view.php?seq=309,2026-10-04,,franchise-quality-v1,OFFICIAL_MENU_DETAIL,밀,"밀, 복숭아 혼입 가능성 있음",false,76002B08C5951817A519781D5336015028EFB2E669ADBF6032E6C1DCE0F626DC
official-quality-hecbob-2a64d869b58c,QUALITY-HECBOB-2A64D869B58C,핵밥,고기듬뿍카레덮밥,,,,,UNKNOWN,UNKNOWN,https://www.hecbob.com/main,2026-10-04,,franchise-quality-v1,OFFICIAL_MENU_DETAIL,,,false,274F8D0759BAEE261F50FBBB4BEC91269DEC565E34A5D53CA18CEB30AAE61865
official-quality-hecbob-2b98c67c5975,QUALITY-HECBOB-2B98C67C5975,핵밥,돈코츠라멘,,,,,UNKNOWN,UNKNOWN,https://www.hecbob.com/main,2026-10-04,,franchise-quality-v1,OFFICIAL_MENU_DETAIL,,,false,274F8D0759BAEE261F50FBBB4BEC91269DEC565E34A5D53CA18CEB30AAE61865
official-quality-hecbob-368679de45ae,QUALITY-HECBOB-368679DE45AE,핵밥,경양식왕돈까스,,,,,UNKNOWN,UNKNOWN,https://www.hecbob.com/main,2026-10-04,,franchise-quality-v1,OFFICIAL_MENU_DETAIL,,,false,274F8D0759BAEE261F50FBBB4BEC91269DEC565E34A5D53CA18CEB30AAE61865
official-quality-hecbob-8ebc165ae92e,QUALITY-HECBOB-8EBC165AE92E,핵밥,큐브스테이크덮밥,,,,,UNKNOWN,UNKNOWN,https://www.hecbob.com/main,2026-10-04,,franchise-quality-v1,OFFICIAL_MENU_DETAIL,,,false,274F8D0759BAEE261F50FBBB4BEC91269DEC565E34A5D53CA18CEB30AAE61865
official-quality-hecbob-ca56f97ed6ea,QUALITY-HECBOB-CA56F97ED6EA,핵밥,후쿠오카우동,,,,,UNKNOWN,UNKNOWN,https://www.hecbob.com/main,2026-10-04,,franchise-quality-v1,OFFICIAL_MENU_DETAIL,,,false,274F8D0759BAEE261F50FBBB4BEC91269DEC565E34A5D53CA18CEB30AAE61865
official-quality-hecbob-efaf21e7fb91,QUALITY-HECBOB-EFAF21E7FB91,핵밥,마제소바,,,,,UNKNOWN,UNKNOWN,https://www.hecbob.com/main,2026-10-04,,franchise-quality-v1,OFFICIAL_MENU_DETAIL,,,false,274F8D0759BAEE261F50FBBB4BEC91269DEC565E34A5D53CA18CEB30AAE61865
official-quality-hongik-032172a46b01,QUALITY-HONGIK-032172A46B01,홍익돈까스,불고기볶음밥,,,,,UNKNOWN,UNKNOWN,https://www.hongikdonkatsu.com/menu_2021_rice,2026-10-04,,franchise-quality-v1,OFFICIAL_MENU_DETAIL,,,false,918D04654931D460D7A4DBE85C6FDB10DB4665079701260151EAAD7506748EA9
official-quality-hongik-0a8efd2dd3f3,QUALITY-HONGIK-0A8EFD2DD3F3,홍익돈까스,베이컨볶음우동,,,,,UNKNOWN,UNKNOWN,https://www.hongikdonkatsu.com/menu_2021_udon,2026-10-04,,franchise-quality-v1,OFFICIAL_MENU_DETAIL,,,false,705C40ECF3F88CD2F4FFD0E3A2C652719D422C6C90C074E33F785EE54D216112
official-quality-hongik-17425fde919f,QUALITY-HONGIK-17425FDE919F,홍익돈까스,알리오올리오,,,,,UNKNOWN,UNKNOWN,https://www.hongikdonkatsu.com/menu_2021_pasta,2026-10-04,,franchise-quality-v1,OFFICIAL_MENU_DETAIL,,,false,852935E15A2E85837F7A9EA6220488D41C6DA7034FBE5E4FED3A260278DA498C
official-quality-hongik-231e7a3adfed,QUALITY-HONGIK-231E7A3ADFED,홍익돈까스,레몬에이드,,,,,UNKNOWN,UNKNOWN,https://www.hongikdonkatsu.com/menu_2021_side,2026-10-04,,franchise-quality-v1,OFFICIAL_MENU_DETAIL,,,false,C0DA90E25AE49E04429CFCC6E0AC3DEC266704CF2A10C945118660A495A2DD61
official-quality-hongik-28838c3fde40,QUALITY-HONGIK-28838C3FDE40,홍익돈까스,홍익우동,,,,,UNKNOWN,UNKNOWN,https://www.hongikdonkatsu.com/menu_2021_udon,2026-10-04,,franchise-quality-v1,OFFICIAL_MENU_DETAIL,,,false,705C40ECF3F88CD2F4FFD0E3A2C652719D422C6C90C074E33F785EE54D216112
official-quality-hongik-3af342ba7fa2,QUALITY-HONGIK-3AF342BA7FA2,홍익돈까스,함박돈까스,,,,,UNKNOWN,UNKNOWN,https://www.hongikdonkatsu.com/menu_2021_porkcutlet,2026-10-04,,franchise-quality-v1,OFFICIAL_MENU_DETAIL,,,false,E93CFF493FEAB44BE40ACCA614C90CC11D09671D8BAA0E200018EE411DFD2C24
official-quality-hongik-3e4c40c022ae,QUALITY-HONGIK-3E4C40C022AE,홍익돈까스,생선까스 정식,,,,,UNKNOWN,UNKNOWN,https://www.hongikdonkatsu.com/menu_2021_porkcutlet,2026-10-04,,franchise-quality-v1,OFFICIAL_MENU_DETAIL,,,false,E93CFF493FEAB44BE40ACCA614C90CC11D09671D8BAA0E200018EE411DFD2C24
official-quality-hongik-433d735b31ef,QUALITY-HONGIK-433D735B31EF,홍익돈까스,해물크림파스타,,,,,UNKNOWN,UNKNOWN,https://www.hongikdonkatsu.com/menu_2021_pasta,2026-10-04,,franchise-quality-v1,OFFICIAL_MENU_DETAIL,,,false,852935E15A2E85837F7A9EA6220488D41C6DA7034FBE5E4FED3A260278DA498C
official-quality-hongik-49516c7bb9c9,QUALITY-HONGIK-49516C7BB9C9,홍익돈까스,순살치킨,,,,,UNKNOWN,UNKNOWN,https://www.hongikdonkatsu.com/menu_2021_side,2026-10-04,,franchise-quality-v1,OFFICIAL_MENU_DETAIL,,,false,C0DA90E25AE49E04429CFCC6E0AC3DEC266704CF2A10C945118660A495A2DD61
official-quality-hongik-4b934d3008ba,QUALITY-HONGIK-4B934D3008BA,홍익돈까스,해물토마토파스타,,,,,UNKNOWN,UNKNOWN,https://www.hongikdonkatsu.com/menu_2021_pasta,2026-10-04,,franchise-quality-v1,OFFICIAL_MENU_DETAIL,,,false,852935E15A2E85837F7A9EA6220488D41C6DA7034FBE5E4FED3A260278DA498C
official-quality-hongik-56ef86ac91be,QUALITY-HONGIK-56EF86AC91BE,홍익돈까스,더블치즈돈까스,,,,,UNKNOWN,UNKNOWN,https://www.hongikdonkatsu.com/menu_2021_porkcutlet,2026-10-04,,franchise-quality-v1,OFFICIAL_MENU_DETAIL,,,false,E93CFF493FEAB44BE40ACCA614C90CC11D09671D8BAA0E200018EE411DFD2C24
official-quality-hongik-5f4ad33ee92f,QUALITY-HONGIK-5F4AD33EE92F,홍익돈까스,볶음짬뽕,,,,,UNKNOWN,UNKNOWN,https://www.hongikdonkatsu.com/menu_2021_udon,2026-10-04,,franchise-quality-v1,OFFICIAL_MENU_DETAIL,,,false,705C40ECF3F88CD2F4FFD0E3A2C652719D422C6C90C074E33F785EE54D216112
official-quality-hongik-7bf075bac2cc,QUALITY-HONGIK-7BF075BAC2CC,홍익돈까스,돈까스 정식,,,,,UNKNOWN,UNKNOWN,https://www.hongikdonkatsu.com/menu_2021_porkcutlet,2026-10-04,,franchise-quality-v1,OFFICIAL_MENU_DETAIL,,,false,E93CFF493FEAB44BE40ACCA614C90CC11D09671D8BAA0E200018EE411DFD2C24
official-quality-hongik-7e9d71d62860,QUALITY-HONGIK-7E9D71D62860,홍익돈까스,특등심까스,,,,,UNKNOWN,UNKNOWN,https://www.hongikdonkatsu.com/menu_2021_porkcutlet,2026-10-04,,franchise-quality-v1,OFFICIAL_MENU_DETAIL,,,false,E93CFF493FEAB44BE40ACCA614C90CC11D09671D8BAA0E200018EE411DFD2C24
official-quality-hongik-8099a0e2b465,QUALITY-HONGIK-8099A0E2B465,홍익돈까스,세트A,,,,,UNKNOWN,UNKNOWN,https://www.hongikdonkatsu.com/menu_2021_porkcutlet,2026-10-04,,franchise-quality-v1,OFFICIAL_MENU_DETAIL,,,false,E93CFF493FEAB44BE40ACCA614C90CC11D09671D8BAA0E200018EE411DFD2C24
official-quality-hongik-8420421dae1f,QUALITY-HONGIK-8420421DAE1F,홍익돈까스,홍익돈까스,,,,,UNKNOWN,UNKNOWN,https://www.hongikdonkatsu.com/menu_2021_porkcutlet,2026-10-04,,franchise-quality-v1,OFFICIAL_MENU_DETAIL,,,false,E93CFF493FEAB44BE40ACCA614C90CC11D09671D8BAA0E200018EE411DFD2C24
official-quality-hongik-9002573761df,QUALITY-HONGIK-9002573761DF,홍익돈까스,새우볶음밥,,,,,UNKNOWN,UNKNOWN,https://www.hongikdonkatsu.com/menu_2021_rice,2026-10-04,,franchise-quality-v1,OFFICIAL_MENU_DETAIL,,,false,918D04654931D460D7A4DBE85C6FDB10DB4665079701260151EAAD7506748EA9
official-quality-hongik-a733d680bdb0,QUALITY-HONGIK-A733D680BDB0,홍익돈까스,안심까스,,,,,UNKNOWN,UNKNOWN,https://www.hongikdonkatsu.com/menu_2021_porkcutlet,2026-10-04,,franchise-quality-v1,OFFICIAL_MENU_DETAIL,,,false,E93CFF493FEAB44BE40ACCA614C90CC11D09671D8BAA0E200018EE411DFD2C24
official-quality-hongik-a8de109a4641,QUALITY-HONGIK-A8DE109A4641,홍익돈까스,오렌지에이드,,,,,UNKNOWN,UNKNOWN,https://www.hongikdonkatsu.com/menu_2021_side,2026-10-04,,franchise-quality-v1,OFFICIAL_MENU_DETAIL,,,false,C0DA90E25AE49E04429CFCC6E0AC3DEC266704CF2A10C945118660A495A2DD61
official-quality-hongik-b93a68d4e950,QUALITY-HONGIK-B93A68D4E950,홍익돈까스,스파이시어니언돈까스,,,,,UNKNOWN,UNKNOWN,https://www.hongikdonkatsu.com/menu_2021_porkcutlet,2026-10-04,,franchise-quality-v1,OFFICIAL_MENU_DETAIL,,,false,E93CFF493FEAB44BE40ACCA614C90CC11D09671D8BAA0E200018EE411DFD2C24
official-quality-hongik-bba58a8c3bf1,QUALITY-HONGIK-BBA58A8C3BF1,홍익돈까스,세트B,,,,,UNKNOWN,UNKNOWN,https://www.hongikdonkatsu.com/menu_2021_porkcutlet,2026-10-04,,franchise-quality-v1,OFFICIAL_MENU_DETAIL,,,false,E93CFF493FEAB44BE40ACCA614C90CC11D09671D8BAA0E200018EE411DFD2C24
official-quality-hongik-cecb6d2a3f77,QUALITY-HONGIK-CECB6D2A3F77,홍익돈까스,로제파스타,,,,,UNKNOWN,UNKNOWN,https://www.hongikdonkatsu.com/menu_2021_pasta,2026-10-04,,franchise-quality-v1,OFFICIAL_MENU_DETAIL,,,false,852935E15A2E85837F7A9EA6220488D41C6DA7034FBE5E4FED3A260278DA498C
official-quality-hongik-d46d0f686989,QUALITY-HONGIK-D46D0F686989,홍익돈까스,해물볶음우동,,,,,UNKNOWN,UNKNOWN,https://www.hongikdonkatsu.com/menu_2021_udon,2026-10-04,,franchise-quality-v1,OFFICIAL_MENU_DETAIL,,,false,705C40ECF3F88CD2F4FFD0E3A2C652719D422C6C90C074E33F785EE54D216112
official-quality-hongik-dbaaefd742d1,QUALITY-HONGIK-DBAAEFD742D1,홍익돈까스,소우동,,,,,UNKNOWN,UNKNOWN,https://www.hongikdonkatsu.com/menu_2021_udon,2026-10-04,,franchise-quality-v1,OFFICIAL_MENU_DETAIL,,,false,705C40ECF3F88CD2F4FFD0E3A2C652719D422C6C90C074E33F785EE54D216112
official-quality-hongik-dc9c043ddbf6,QUALITY-HONGIK-DC9C043DDBF6,홍익돈까스,치즈까스,,,,,UNKNOWN,UNKNOWN,https://www.hongikdonkatsu.com/menu_2021_porkcutlet,2026-10-04,,franchise-quality-v1,OFFICIAL_MENU_DETAIL,,,false,E93CFF493FEAB44BE40ACCA614C90CC11D09671D8BAA0E200018EE411DFD2C24
official-quality-hongik-dedcc01e05cc,QUALITY-HONGIK-DEDCC01E05CC,홍익돈까스,치즈롤까스,,,,,UNKNOWN,UNKNOWN,https://www.hongikdonkatsu.com/menu_2021_porkcutlet,2026-10-04,,franchise-quality-v1,OFFICIAL_MENU_DETAIL,,,false,E93CFF493FEAB44BE40ACCA614C90CC11D09671D8BAA0E200018EE411DFD2C24
official-quality-hongik-e582b2bd52cc,QUALITY-HONGIK-E582B2BD52CC,홍익돈까스,씨푸드사이드콤보,,,,,UNKNOWN,UNKNOWN,https://www.hongikdonkatsu.com/menu_2021_side,2026-10-04,,franchise-quality-v1,OFFICIAL_MENU_DETAIL,,,false,C0DA90E25AE49E04429CFCC6E0AC3DEC266704CF2A10C945118660A495A2DD61
official-quality-hongik-e78a4d0977df,QUALITY-HONGIK-E78A4D0977DF,홍익돈까스,모둠까스,,,,,UNKNOWN,UNKNOWN,https://www.hongikdonkatsu.com/menu_2021_porkcutlet,2026-10-04,,franchise-quality-v1,OFFICIAL_MENU_DETAIL,,,false,E93CFF493FEAB44BE40ACCA614C90CC11D09671D8BAA0E200018EE411DFD2C24
official-quality-hongik-ea21cb1a22b0,QUALITY-HONGIK-EA21CB1A22B0,홍익돈까스,토마토치즈파스타,,,,,UNKNOWN,UNKNOWN,https://www.hongikdonkatsu.com/menu_2021_pasta,2026-10-04,,franchise-quality-v1,OFFICIAL_MENU_DETAIL,,,false,852935E15A2E85837F7A9EA6220488D41C6DA7034FBE5E4FED3A260278DA498C
official-quality-hongik-f1f2b98aba68,QUALITY-HONGIK-F1F2B98ABA68,홍익돈까스,사이드콤보,,,,,UNKNOWN,UNKNOWN,https://www.hongikdonkatsu.com/menu_2021_side,2026-10-04,,franchise-quality-v1,OFFICIAL_MENU_DETAIL,,,false,C0DA90E25AE49E04429CFCC6E0AC3DEC266704CF2A10C945118660A495A2DD61
official-quality-hongik-f7ce28aaee43,QUALITY-HONGIK-F7CE28AAEE43,홍익돈까스,쉬림프볼,,,,,UNKNOWN,UNKNOWN,https://www.hongikdonkatsu.com/menu_2021_side,2026-10-04,,franchise-quality-v1,OFFICIAL_MENU_DETAIL,,,false,C0DA90E25AE49E04429CFCC6E0AC3DEC266704CF2A10C945118660A495A2DD61
official-quality-hongik-fbacc61167c5,QUALITY-HONGIK-FBACC61167C5,홍익돈까스,자몽에이드,,,,,UNKNOWN,UNKNOWN,https://www.hongikdonkatsu.com/menu_2021_side,2026-10-04,,franchise-quality-v1,OFFICIAL_MENU_DETAIL,,,false,C0DA90E25AE49E04429CFCC6E0AC3DEC266704CF2A10C945118660A495A2DD61
official-quality-hongkong-0ac68547816b,QUALITY-HONGKONG-0AC68547816B,홍콩반점0410,고기짬뽕, 볶은 돼지고기가 가득 올라간 불맛 가득한 짬뽕,돼지고기,,,PARTIAL_DESCRIPTION,UNKNOWN,https://www.theborn.co.kr/theborn_brand/%ED%99%8D%EC%BD%A9%EB%B0%98%EC%A0%900410/,2026-10-04,,franchise-quality-v1,OFFICIAL_MENU_DETAIL,,,false,D54CB26D952BAB3912247EC91525CE18EA605D3493FD8B0F9AC3CE7BE3A96EB4
official-quality-hongkong-17b434fb9958,QUALITY-HONGKONG-17B434FB9958,홍콩반점0410,차돌박이숙주볶음, 아삭한 숙주와 담백한 차돌박이의 만남,숙주|차돌,,,PARTIAL_DESCRIPTION,UNKNOWN,https://www.theborn.co.kr/theborn_brand/%ED%99%8D%EC%BD%A9%EB%B0%98%EC%A0%900410/,2026-10-04,,franchise-quality-v1,OFFICIAL_MENU_DETAIL,,,false,D54CB26D952BAB3912247EC91525CE18EA605D3493FD8B0F9AC3CE7BE3A96EB4
official-quality-hongkong-22c5eac50e90,QUALITY-HONGKONG-22C5EAC50E90,홍콩반점0410,멘보샤, 오동통한 새우살과 달콤한 칠리소스의 조합이 환상적인 중국식 새우 토스트,새우,,,PARTIAL_DESCRIPTION,UNKNOWN,https://www.theborn.co.kr/theborn_brand/%ED%99%8D%EC%BD%A9%EB%B0%98%EC%A0%900410/,2026-10-04,,franchise-quality-v1,OFFICIAL_MENU_DETAIL,,,false,D54CB26D952BAB3912247EC91525CE18EA605D3493FD8B0F9AC3CE7BE3A96EB4
official-quality-hongkong-2ee3c87f4acd,QUALITY-HONGKONG-2EE3C87F4ACD,홍콩반점0410,잡채밥, 짜장소스와 함께먹는 잡채밥 (영남지방 한정 판매),,,,PARTIAL_DESCRIPTION,UNKNOWN,https://www.theborn.co.kr/theborn_brand/%ED%99%8D%EC%BD%A9%EB%B0%98%EC%A0%900410/,2026-10-04,,franchise-quality-v1,OFFICIAL_MENU_DETAIL,,,false,D54CB26D952BAB3912247EC91525CE18EA605D3493FD8B0F9AC3CE7BE3A96EB4
official-quality-hongkong-2f2468787ade,QUALITY-HONGKONG-2F2468787ADE,홍콩반점0410,크림새우, 통통한 새우튀김에 부드럽고 달콤한 크림소스를 얹은 크림새우,새우|크림,,,PARTIAL_DESCRIPTION,UNKNOWN,https://www.theborn.co.kr/theborn_brand/%ED%99%8D%EC%BD%A9%EB%B0%98%EC%A0%900410/,2026-10-04,,franchise-quality-v1,OFFICIAL_MENU_DETAIL,,,false,D54CB26D952BAB3912247EC91525CE18EA605D3493FD8B0F9AC3CE7BE3A96EB4
official-quality-hongkong-32d30f755ad9,QUALITY-HONGKONG-32D30F755AD9,홍콩반점0410,깐풍기, 매콤달콤한 깐풍양념으로 맛있게 볶아낸 겉바속촉 깐풍기,,,,PARTIAL_DESCRIPTION,UNKNOWN,https://www.theborn.co.kr/theborn_brand/%ED%99%8D%EC%BD%A9%EB%B0%98%EC%A0%900410/,2026-10-04,,franchise-quality-v1,OFFICIAL_MENU_DETAIL,,,false,D54CB26D952BAB3912247EC91525CE18EA605D3493FD8B0F9AC3CE7BE3A96EB4
official-quality-hongkong-388abda9273d,QUALITY-HONGKONG-388ABDA9273D,홍콩반점0410,탕수육, 홍콩반점만의 특별한 레시피로 쫄깃한 식감과 새콤달콤한 소스의 조화가 일품인 탕수육,수육,,,PARTIAL_DESCRIPTION,UNKNOWN,https://www.theborn.co.kr/theborn_brand/%ED%99%8D%EC%BD%A9%EB%B0%98%EC%A0%900410/,2026-10-04,,franchise-quality-v1,OFFICIAL_MENU_DETAIL,,,false,D54CB26D952BAB3912247EC91525CE18EA605D3493FD8B0F9AC3CE7BE3A96EB4
official-quality-hongkong-3cbc52205760,QUALITY-HONGKONG-3CBC52205760,홍콩반점0410,짜장밥, 볶은 짜장에 두툼하게 부쳐내는 계란의 고소한 맛이 일품인 짜장밥,계란,,,PARTIAL_DESCRIPTION,UNKNOWN,https://www.theborn.co.kr/theborn_brand/%ED%99%8D%EC%BD%A9%EB%B0%98%EC%A0%900410/,2026-10-04,,franchise-quality-v1,OFFICIAL_MENU_DETAIL,,,false,D54CB26D952BAB3912247EC91525CE18EA605D3493FD8B0F9AC3CE7BE3A96EB4
official-quality-hongkong-47faf2768c74,QUALITY-HONGKONG-47FAF2768C74,홍콩반점0410,고추짬뽕, 불맛 가득한 짬뽕에 청양고추의 매콤한 맛을 더한 짬뽕,고추,,,PARTIAL_DESCRIPTION,UNKNOWN,https://www.theborn.co.kr/theborn_brand/%ED%99%8D%EC%BD%A9%EB%B0%98%EC%A0%900410/,2026-10-04,,franchise-quality-v1,OFFICIAL_MENU_DETAIL,,,false,D54CB26D952BAB3912247EC91525CE18EA605D3493FD8B0F9AC3CE7BE3A96EB4
official-quality-hongkong-5f4ad33ee92f,QUALITY-HONGKONG-5F4AD33EE92F,홍콩반점0410,볶음짬뽕," 각종 해물, 고기, 야채를 특제 소스에 볶아내 짭쪼름하면서 담백한 맛이 일품인 볶음짬뽕",,,,PARTIAL_DESCRIPTION,UNKNOWN,https://www.theborn.co.kr/theborn_brand/%ED%99%8D%EC%BD%A9%EB%B0%98%EC%A0%900410/,2026-10-04,,franchise-quality-v1,OFFICIAL_MENU_DETAIL,,,false,D54CB26D952BAB3912247EC91525CE18EA605D3493FD8B0F9AC3CE7BE3A96EB4
official-quality-hongkong-68b4f659b0bb,QUALITY-HONGKONG-68B4F659B0BB,홍콩반점0410,차돌짬뽕, 차돌박이 1인분 그대로 짬뽕과 함께먹는 얼큰담백한 짬뽕,차돌,,,PARTIAL_DESCRIPTION,UNKNOWN,https://www.theborn.co.kr/theborn_brand/%ED%99%8D%EC%BD%A9%EB%B0%98%EC%A0%900410/,2026-10-04,,franchise-quality-v1,OFFICIAL_MENU_DETAIL,,,false,D54CB26D952BAB3912247EC91525CE18EA605D3493FD8B0F9AC3CE7BE3A96EB4
official-quality-hongkong-82936e2a74fc,QUALITY-HONGKONG-82936E2A74FC,홍콩반점0410,홍콩 꽃빵, 바삭하게 튀겨낸 꽃빵에 달달하게 연유소스를 곁들여 먹는 중국식 디저트,,,,PARTIAL_DESCRIPTION,UNKNOWN,https://www.theborn.co.kr/theborn_brand/%ED%99%8D%EC%BD%A9%EB%B0%98%EC%A0%900410/,2026-10-04,,franchise-quality-v1,OFFICIAL_MENU_DETAIL,,,false,D54CB26D952BAB3912247EC91525CE18EA605D3493FD8B0F9AC3CE7BE3A96EB4
official-quality-hongkong-a1d40011ed5b,QUALITY-HONGKONG-A1D40011ED5B,홍콩반점0410,고기짜장, 볶은 돼지고기가 가득 올라간 고소하고 달콤한 짜장면,돼지고기,,,PARTIAL_DESCRIPTION,UNKNOWN,https://www.theborn.co.kr/theborn_brand/%ED%99%8D%EC%BD%A9%EB%B0%98%EC%A0%900410/,2026-10-04,,franchise-quality-v1,OFFICIAL_MENU_DETAIL,,,false,D54CB26D952BAB3912247EC91525CE18EA605D3493FD8B0F9AC3CE7BE3A96EB4
official-quality-hongkong-aa14e601c7ed,QUALITY-HONGKONG-AA14E601C7ED,홍콩반점0410,짜장면," 추억의 맛 그대로, 달콤 담백한 풍미를 담은 명품 짜장면",,,,PARTIAL_DESCRIPTION,UNKNOWN,https://www.theborn.co.kr/theborn_brand/%ED%99%8D%EC%BD%A9%EB%B0%98%EC%A0%900410/,2026-10-04,,franchise-quality-v1,OFFICIAL_MENU_DETAIL,,,false,D54CB26D952BAB3912247EC91525CE18EA605D3493FD8B0F9AC3CE7BE3A96EB4
official-quality-hongkong-c425cb1c7a2a,QUALITY-HONGKONG-C425CB1C7A2A,홍콩반점0410,군만두, 각종 재료와 고기소가 가득한 바삭하게 튀겨낸 군만두,,,,PARTIAL_DESCRIPTION,UNKNOWN,https://www.theborn.co.kr/theborn_brand/%ED%99%8D%EC%BD%A9%EB%B0%98%EC%A0%900410/,2026-10-04,,franchise-quality-v1,OFFICIAL_MENU_DETAIL,,,false,D54CB26D952BAB3912247EC91525CE18EA605D3493FD8B0F9AC3CE7BE3A96EB4
official-quality-hongkong-c6d10adaeb1f,QUALITY-HONGKONG-C6D10ADAEB1F,홍콩반점0410,고추짜장, 달콤 담백한 짜장면에 청양고추로 아삭한 식감과 매콤함을 더한 짜장면,고추,,,PARTIAL_DESCRIPTION,UNKNOWN,https://www.theborn.co.kr/theborn_brand/%ED%99%8D%EC%BD%A9%EB%B0%98%EC%A0%900410/,2026-10-04,,franchise-quality-v1,OFFICIAL_MENU_DETAIL,,,false,D54CB26D952BAB3912247EC91525CE18EA605D3493FD8B0F9AC3CE7BE3A96EB4
official-quality-hongkong-c6f8d15cc54d,QUALITY-HONGKONG-C6F8D15CC54D,홍콩반점0410,슈림프 투움바 짬뽕," 바삭한 통새우튀김이 올려진 매콤, 꾸덕한 투움바 짬뽕",새우,,,PARTIAL_DESCRIPTION,UNKNOWN,https://www.theborn.co.kr/theborn_brand/%ED%99%8D%EC%BD%A9%EB%B0%98%EC%A0%900410/,2026-10-04,,franchise-quality-v1,OFFICIAL_MENU_DETAIL,,,false,D54CB26D952BAB3912247EC91525CE18EA605D3493FD8B0F9AC3CE7BE3A96EB4
official-quality-hongkong-c753976a60a9,QUALITY-HONGKONG-C753976A60A9,홍콩반점0410,해물육교자," 각종 해물, 고기, 야채로 속을 꽉 채운 육즙 가득 교자",,,,PARTIAL_DESCRIPTION,UNKNOWN,https://www.theborn.co.kr/theborn_brand/%ED%99%8D%EC%BD%A9%EB%B0%98%EC%A0%900410/,2026-10-04,,franchise-quality-v1,OFFICIAL_MENU_DETAIL,,,false,D54CB26D952BAB3912247EC91525CE18EA605D3493FD8B0F9AC3CE7BE3A96EB4
official-quality-hongkong-ce5ff89346f9,QUALITY-HONGKONG-CE5FF89346F9,홍콩반점0410,짬뽕, 홍콩반점의 대표메뉴! 중식 특유의 불향 가득한 명품 짬뽕,,,,PARTIAL_DESCRIPTION,UNKNOWN,https://www.theborn.co.kr/theborn_brand/%ED%99%8D%EC%BD%A9%EB%B0%98%EC%A0%900410/,2026-10-04,,franchise-quality-v1,OFFICIAL_MENU_DETAIL,,,false,D54CB26D952BAB3912247EC91525CE18EA605D3493FD8B0F9AC3CE7BE3A96EB4
official-quality-hongkong-e1687e220051,QUALITY-HONGKONG-E1687E220051,홍콩반점0410,꿔바로우, 감칠맛 가득 새콤달콤한 소스의 바삭쫀득 꿔바로우,,,,PARTIAL_DESCRIPTION,UNKNOWN,https://www.theborn.co.kr/theborn_brand/%ED%99%8D%EC%BD%A9%EB%B0%98%EC%A0%900410/,2026-10-04,,franchise-quality-v1,OFFICIAL_MENU_DETAIL,,,false,D54CB26D952BAB3912247EC91525CE18EA605D3493FD8B0F9AC3CE7BE3A96EB4
official-quality-hongkong-e47557bad242,QUALITY-HONGKONG-E47557BAD242,홍콩반점0410,깐풍새우, 통통한 새우튀김에 매콤한 청양고추와 깐풍소스를 얹은 깐풍새우,고추|새우,,,PARTIAL_DESCRIPTION,UNKNOWN,https://www.theborn.co.kr/theborn_brand/%ED%99%8D%EC%BD%A9%EB%B0%98%EC%A0%900410/,2026-10-04,,franchise-quality-v1,OFFICIAL_MENU_DETAIL,,,false,D54CB26D952BAB3912247EC91525CE18EA605D3493FD8B0F9AC3CE7BE3A96EB4
official-quality-hongkong-f21a0587877f,QUALITY-HONGKONG-F21A0587877F,홍콩반점0410,볶음밥, 달콤한 짜장 소스와 함께 즐기는 고슬고슬한 식감의 볶음밥 (짬뽕 국물 제공),,,,PARTIAL_DESCRIPTION,UNKNOWN,https://www.theborn.co.kr/theborn_brand/%ED%99%8D%EC%BD%A9%EB%B0%98%EC%A0%900410/,2026-10-04,,franchise-quality-v1,OFFICIAL_MENU_DETAIL,,,false,D54CB26D952BAB3912247EC91525CE18EA605D3493FD8B0F9AC3CE7BE3A96EB4
official-quality-hyundaiok-05e2be06d630,QUALITY-HYUNDAIOK-05E2BE06D630,현대옥,[토렴응용식] 전주남부시장식 콩나물국밥,"뚝배기를 가스불에 끓이지 않고 밥 콩나물 신선야채다짐(청양고추파마늘) 을 담은 뚝배기에 솥단지 속 끓고있는 육수를 국자로 떠 담아내는 방식 펄펄 뜨겁지 않고, 적당히 뜨거운 국물온도 계란은 국밥 속에 넣지 않고 수란으로 제공  신선야채다짐으로부터 천연의 즙이 국물속에 녹아나와 청량하고 깔끔한 맛 ※ 청양고추다짐이 들어가 '맛있게 매운맛'. ※오징어 사리를 넣어 드시면 ""한 끼 맛있고 근사한 국밥!!!"" ※현대옥은 국밥 속에 오징어사리를 몇 조각 넣지않고 충분한 양을 별도 판매함 (*대왕오징어가 아닌 일반오징어)",계란|고추|마늘|밥|오징어|콩나물,,,PARTIAL_DESCRIPTION,UNKNOWN,http://www.hyundaiok.com/menu,2026-10-04,,franchise-quality-v1,OFFICIAL_MENU_DETAIL,,,false,73550A9CAF42F0A44341E01BDA906B6E612F12F4ED3FA9E136BF590411B432A9
official-quality-hyundaiok-05e8a2eca6ab,QUALITY-HYUNDAIOK-05E8A2ECA6AB,현대옥,모주,막걸리에 여러 한방재료를 넣고 끓이면서 알콜 성분을 증발시킨 음료 여름에는 '차갑게' / 겨울에는 '따뜻하게' 드시면 더욱 좋습니다.,,,,PARTIAL_DESCRIPTION,UNKNOWN,http://www.hyundaiok.com/menu,2026-10-04,,franchise-quality-v1,OFFICIAL_MENU_DETAIL,,,false,73550A9CAF42F0A44341E01BDA906B6E612F12F4ED3FA9E136BF590411B432A9
official-quality-hyundaiok-0f72895bc8ff,QUALITY-HYUNDAIOK-0F72895BC8FF,현대옥,현대옥순한두부찌개,순두부나 일반모두부가 아닌 풀무원에서 제조한 '찌개용두부' 사용,두부,,,PARTIAL_DESCRIPTION,UNKNOWN,http://www.hyundaiok.com/menu,2026-10-04,,franchise-quality-v1,OFFICIAL_MENU_DETAIL,,,false,73550A9CAF42F0A44341E01BDA906B6E612F12F4ED3FA9E136BF590411B432A9
official-quality-hyundaiok-244f5882f18f,QUALITY-HYUNDAIOK-244F5882F18F,현대옥,데친큰오징어 한마리,,,,,UNKNOWN,UNKNOWN,http://www.hyundaiok.com/menu,2026-10-04,,franchise-quality-v1,OFFICIAL_MENU_DETAIL,,,false,73550A9CAF42F0A44341E01BDA906B6E612F12F4ED3FA9E136BF590411B432A9
official-quality-hyundaiok-28f720112d8c,QUALITY-HYUNDAIOK-28F720112D8C,현대옥,[맑은탕식- 펄펄 끓인식 ] 전주끓이는식 콩나물국밥,뚝배기에 밥 콩나물 신선야채다짐(소량의 청양고추 포함) 육수를 담아 가스불에 펄펄 끓인 것 '전통직화식'과의 차이는 계란을 국밥 속에 넣지 않고 수란으로 제공 국밥 속에 계란이 풀어져 있지 않아 맑고 깔끔한 맛 ※ '쳥양고추다짐'이 소량 들어 가 '약간 매운 맛'/ 토렴응용식 보다는 덜 매운 맛 ※가맹점에 따라 취급 여부가 다름 ,계란|고추|밥|콩나물,,,PARTIAL_DESCRIPTION,UNKNOWN,http://www.hyundaiok.com/menu,2026-10-04,,franchise-quality-v1,OFFICIAL_MENU_DETAIL,,,false,73550A9CAF42F0A44341E01BDA906B6E612F12F4ED3FA9E136BF590411B432A9
official-quality-hyundaiok-357b1eb7d5fb,QUALITY-HYUNDAIOK-357B1EB7D5FB,현대옥,[매운탕식- 펄펄 끓인식 ] 전주끓이는식 콩나물국밥,"뚝배기에 밥 콩나물 들깨가루 고춧가루 신선야채다짐(청양고추 제외) 육수를 담고 가스불에 펄펄 끓여내는 방식 들깨가루 고춧가루 등의 매운탕식 다대기가 내는 구수하고 얼큰한 맛 계란은 국밥 속에 넣어 제공 들깨가루의 구수함과 고춧가루의 칼칼함이 어우러진 맛으로서 현대옥이 개발한 ""빅히트"" 메뉴 ※ '청양고추다짐'이 들어 가지 않아 거의 맵지 않음",계란|고추|밥|콩나물,,,PARTIAL_DESCRIPTION,UNKNOWN,http://www.hyundaiok.com/menu,2026-10-04,,franchise-quality-v1,OFFICIAL_MENU_DETAIL,,,false,73550A9CAF42F0A44341E01BDA906B6E612F12F4ED3FA9E136BF590411B432A9
official-quality-hyundaiok-66e22c694ae4,QUALITY-HYUNDAIOK-66E22C694AE4,현대옥,목우촌바베큐삼겹살,국내산 농협목우촌 제품 ※가맹점에 따라 취급 여부가 다름.,,,,PARTIAL_DESCRIPTION,UNKNOWN,http://www.hyundaiok.com/menu,2026-10-04,,franchise-quality-v1,OFFICIAL_MENU_DETAIL,,,false,73550A9CAF42F0A44341E01BDA906B6E612F12F4ED3FA9E136BF590411B432A9
official-quality-hyundaiok-bfb6823de9e9,QUALITY-HYUNDAIOK-BFB6823DE9E9,현대옥,얼큰돼지국밥,,,,,UNKNOWN,UNKNOWN,http://www.hyundaiok.com/menu,2026-10-04,,franchise-quality-v1,OFFICIAL_MENU_DETAIL,,,false,73550A9CAF42F0A44341E01BDA906B6E612F12F4ED3FA9E136BF590411B432A9
official-quality-hyundaiok-d3698d53d16e,QUALITY-HYUNDAIOK-D3698D53D16E,현대옥,오징어사리,대왕오징어가 아닌 일반오징어 사용 콩나물국밥과 수란에 넣어 드시는 용도,오징어|콩나물,,,PARTIAL_DESCRIPTION,UNKNOWN,http://www.hyundaiok.com/menu,2026-10-04,,franchise-quality-v1,OFFICIAL_MENU_DETAIL,,,false,73550A9CAF42F0A44341E01BDA906B6E612F12F4ED3FA9E136BF590411B432A9
official-quality-hyundaiok-fffdd1a8a192,QUALITY-HYUNDAIOK-FFFDD1A8A192,현대옥,[전통직화식- 펄펄 끓인식 ] 전주끓이는식 콩나물국밥,뚝배기에 밥 콩나물 신선야채다짐(청양고추 제외) 육수를 담고 가스불에 펄펄 끓여 내는 일반적이고 전통적인 콩나물국밥 계란은 국밥 속에 투입 식어가면서 구수하고 걸쭉한 맛 ※ '청양고추다짐'이 들어 가지 않아 거의 맵지 않음 ※가맹점에 따라 취급 여부가 다름.,계란|고추|밥|콩나물,,,PARTIAL_DESCRIPTION,UNKNOWN,http://www.hyundaiok.com/menu,2026-10-04,,franchise-quality-v1,OFFICIAL_MENU_DETAIL,,,false,73550A9CAF42F0A44341E01BDA906B6E612F12F4ED3FA9E136BF590411B432A9
official-quality-ihwasoo-1a5bef3711da,QUALITY-IHWASOO-1A5BEF3711DA,이화수전통육개장,전통육개장,"비타민과 칼슘, 철분이 풍부한 파와 원기 충전 및 피로회복에 도움을 주는 양지고기가 듬뿍 들어간 대표 메뉴",양지고기,,,PARTIAL_DESCRIPTION,UNKNOWN,https://ihwasoo.com/bbs/board.php?bo_table=menu,2026-10-04,,franchise-quality-v1,OFFICIAL_MENU_DETAIL,,,false,83D3FAC14224D955014EE73854AAE65128CE774425ADC00B723BA7A596068352
official-quality-ihwasoo-21de5ff9458a,QUALITY-IHWASOO-21DE5FF9458A,이화수전통육개장,육개장칼국수,"탱글탱글한 칼국수 면발과 영양가 있는 양지고기, 단맛이 나는 대파를 넣고 끓여내 칼칼한 국물과 함께 푸짐하게 즐길 수 있는 별미 메뉴",양지고기,,,PARTIAL_DESCRIPTION,UNKNOWN,https://ihwasoo.com/bbs/board.php?bo_table=menu,2026-10-04,,franchise-quality-v1,OFFICIAL_MENU_DETAIL,,,false,83D3FAC14224D955014EE73854AAE65128CE774425ADC00B723BA7A596068352
official-quality-ihwasoo-28cfc003d838,QUALITY-IHWASOO-28CFC003D838,이화수전통육개장,양지육개장전골,진한 육개장 국물에 다양하고 신선한 야채와 양지고기를 푸짐하게 넣은 메뉴로 국물맛이 진하고 얼큰해 술 안주 추천 메뉴,양지고기,,,PARTIAL_DESCRIPTION,UNKNOWN,https://ihwasoo.com/bbs/board.php?bo_table=menu,2026-10-04,,franchise-quality-v1,OFFICIAL_MENU_DETAIL,,,false,83D3FAC14224D955014EE73854AAE65128CE774425ADC00B723BA7A596068352
official-quality-ihwasoo-32e10ba0e3d3,QUALITY-IHWASOO-32E10BA0E3D3,이화수전통육개장,왕만두,속이 꽉 차고 갖은 야채와 고기 육즙이 가득해 얼큰한 육개장과 곁들이면 담백 맛과 영양이 가득한 메뉴,,,,PARTIAL_DESCRIPTION,UNKNOWN,https://ihwasoo.com/bbs/board.php?bo_table=menu,2026-10-04,,franchise-quality-v1,OFFICIAL_MENU_DETAIL,,,false,83D3FAC14224D955014EE73854AAE65128CE774425ADC00B723BA7A596068352
official-quality-ihwasoo-57bfc9007454,QUALITY-IHWASOO-57BFC9007454,이화수전통육개장,차돌육개장,필수 아미노산이 풍부하여 성장에 도움을 주며 고소한 맛과 풍미가 특징인 차돌이 들어가 맛과 영양을 고루 갖춘 육개장 메뉴,차돌,,,PARTIAL_DESCRIPTION,UNKNOWN,https://ihwasoo.com/bbs/board.php?bo_table=menu,2026-10-04,,franchise-quality-v1,OFFICIAL_MENU_DETAIL,,,false,83D3FAC14224D955014EE73854AAE65128CE774425ADC00B723BA7A596068352
official-quality-ihwasoo-580c0f2041c5,QUALITY-IHWASOO-580C0F2041C5,이화수전통육개장,모듬수육전골,"신선한 재료들과 다양한 부위의 고기(꼬리,양지,스지)가 듬뿍 들어가 진한 국물맛에 영양보충에 으뜸인 메뉴로 식사는 물론 술 안주로도 인기 메뉴",,,,PARTIAL_DESCRIPTION,UNKNOWN,https://ihwasoo.com/bbs/board.php?bo_table=menu,2026-10-04,,franchise-quality-v1,OFFICIAL_MENU_DETAIL,,,false,83D3FAC14224D955014EE73854AAE65128CE774425ADC00B723BA7A596068352
official-quality-ihwasoo-95958d6d52e8,QUALITY-IHWASOO-95958D6D52E8,이화수전통육개장,부대육개장,이화수육개장의 깊은 맛을 그대로 유지하고 꼬들꼬들 짭쪼롬한 햄과 소시지를 푸짐하게 담아 부대찌개 특유의 감칠맛과 풍미를 더한 메뉴,소시지|수육,,,PARTIAL_DESCRIPTION,UNKNOWN,https://ihwasoo.com/bbs/board.php?bo_table=menu,2026-10-04,,franchise-quality-v1,OFFICIAL_MENU_DETAIL,,,false,83D3FAC14224D955014EE73854AAE65128CE774425ADC00B723BA7A596068352
official-quality-ihwasoo-9bf94e807d6f,QUALITY-IHWASOO-9BF94E807D6F,이화수전통육개장,사골떡만두국,진~하고 뜨끈한 사골 국물과 속이 꽉찬 왕만두 그리고 쫀뜩한 떡이 들어가 담백하고 진한 국물 맛을 맛볼 수 있는 메뉴,,,,PARTIAL_DESCRIPTION,UNKNOWN,https://ihwasoo.com/bbs/board.php?bo_table=menu,2026-10-04,,franchise-quality-v1,OFFICIAL_MENU_DETAIL,,,false,83D3FAC14224D955014EE73854AAE65128CE774425ADC00B723BA7A596068352
official-quality-ihwasoo-a157118ae758,QUALITY-IHWASOO-A157118AE758,이화수전통육개장,튀김만두,바삭하게 튀겨진 만두피의 고소함과 풍미 가득 육즙이 일품인 겉은 바삭하고 속은 촉촉한 별미 메뉴,,,,PARTIAL_DESCRIPTION,UNKNOWN,https://ihwasoo.com/bbs/board.php?bo_table=menu,2026-10-04,,franchise-quality-v1,OFFICIAL_MENU_DETAIL,,,false,83D3FAC14224D955014EE73854AAE65128CE774425ADC00B723BA7A596068352
official-quality-ihwasoo-c453eee78946,QUALITY-IHWASOO-C453EEE78946,이화수전통육개장,순두부육개장,전통 맷돌 방식으로 껍질을 하나하나 벗겨내 만든 숨두부가 들어가 깊고 얼큰한 맛에 담백하고 고소한 맛이 조화로운 웰빙 육개장,두부,,,PARTIAL_DESCRIPTION,UNKNOWN,https://ihwasoo.com/bbs/board.php?bo_table=menu,2026-10-04,,franchise-quality-v1,OFFICIAL_MENU_DETAIL,,,false,83D3FAC14224D955014EE73854AAE65128CE774425ADC00B723BA7A596068352
official-quality-ihwasoo-dc788e895249,QUALITY-IHWASOO-DC788E895249,이화수전통육개장,버섯육개장,표고버섯과 느타리버섯이 듬뿍 들어가 쫄깃한 식감과 국물의 감칠맛이 일품인 영양가득 육개장 메뉴,느타리버섯|버섯|표고버섯,,,PARTIAL_DESCRIPTION,UNKNOWN,https://ihwasoo.com/bbs/board.php?bo_table=menu,2026-10-04,,franchise-quality-v1,OFFICIAL_MENU_DETAIL,,,false,83D3FAC14224D955014EE73854AAE65128CE774425ADC00B723BA7A596068352
official-quality-ihwasoo-e9485d591bbf,QUALITY-IHWASOO-E9485D591BBF,이화수전통육개장,한판보쌈,"최고급 품질의 삼겹살만을 고집하여, 이화수만의 특제소스로 구워 칼로리 부담없는 부드럽고 담백한 인기 메뉴",,,,PARTIAL_DESCRIPTION,UNKNOWN,https://ihwasoo.com/bbs/board.php?bo_table=menu,2026-10-04,,franchise-quality-v1,OFFICIAL_MENU_DETAIL,,,false,83D3FAC14224D955014EE73854AAE65128CE774425ADC00B723BA7A596068352
official-quality-ihwasoo-fb33546ac9b3,QUALITY-IHWASOO-FB33546AC9B3,이화수전통육개장,진곰탕,엄선된 국내산 한우뼈를 전통 가마솥방식으로 푹 고아내 깊고 진한 사골 본연의 맛을 그대로! 온 가족이 함께 즐기는 영양가득 메뉴,,,,PARTIAL_DESCRIPTION,UNKNOWN,https://ihwasoo.com/bbs/board.php?bo_table=menu,2026-10-04,,franchise-quality-v1,OFFICIAL_MENU_DETAIL,,,false,83D3FAC14224D955014EE73854AAE65128CE774425ADC00B723BA7A596068352
official-quality-ilmiri-01492905ed1a,QUALITY-ILMIRI-01492905ED1A,일미리금계찜닭,로제마라찜닭,다 같은 마라라 하지마라!! 뭘 좋아 할지 몰라서 다 준비 했다! 무려 4종으로!!,,,,PARTIAL_DESCRIPTION,UNKNOWN,https://goldjjimdak.com/html/menu.php,2026-10-04,,franchise-quality-v1,OFFICIAL_MENU_DETAIL,,,false,7926E11C4D0FBBAED8C710E37FE02C8D3BB355412C3A8AEDFA90B2E0B6568DF6
official-quality-ilmiri-0a6a27fb10c3,QUALITY-ILMIRI-0A6A27FB10C3,일미리금계찜닭,계란밥,[ 계란밥 맛있게 먹기 ] ① 찜닭과 계란밥을 주문한다. ② 찜닭소스를 계란밥에 얹는다.(2스푼 추천!) ③ 계란과 함께 비벼먹는다.,계란,,,PARTIAL_DESCRIPTION,UNKNOWN,https://goldjjimdak.com/html/menu.php,2026-10-04,,franchise-quality-v1,OFFICIAL_MENU_DETAIL,,,false,7926E11C4D0FBBAED8C710E37FE02C8D3BB355412C3A8AEDFA90B2E0B6568DF6
official-quality-ilmiri-0bdb291d7cf8,QUALITY-ILMIRI-0BDB291D7CF8,일미리금계찜닭,짜장마라찜닭,다 같은 마라라 하지마라!! 뭘 좋아 할지 몰라서 다 준비 했다! 무려 4종으로!!,,,,PARTIAL_DESCRIPTION,UNKNOWN,https://goldjjimdak.com/html/menu.php,2026-10-04,,franchise-quality-v1,OFFICIAL_MENU_DETAIL,,,false,7926E11C4D0FBBAED8C710E37FE02C8D3BB355412C3A8AEDFA90B2E0B6568DF6
official-quality-ilmiri-33d908dec07d,QUALITY-ILMIRI-33D908DEC07D,일미리금계찜닭,마라찜닭,다 같은 마라라 하지마라!! 뭘 좋아 할지 몰라서 다 준비 했다! 무려 4종으로!!,,,,PARTIAL_DESCRIPTION,UNKNOWN,https://goldjjimdak.com/html/menu.php,2026-10-04,,franchise-quality-v1,OFFICIAL_MENU_DETAIL,,,false,7926E11C4D0FBBAED8C710E37FE02C8D3BB355412C3A8AEDFA90B2E0B6568DF6
official-quality-ilmiri-3f1eb968c35d,QUALITY-ILMIRI-3F1EB968C35D,일미리금계찜닭,콰트로치즈찜닭,"모짜렐라, 체다, 고다, 에멘탈! 네 가지 치즈가 어우러진 티키타카! 치즈 덕후라면 이건 못 참지!",치즈,,,PARTIAL_DESCRIPTION,UNKNOWN,https://goldjjimdak.com/html/menu.php,2026-10-04,,franchise-quality-v1,OFFICIAL_MENU_DETAIL,,,false,7926E11C4D0FBBAED8C710E37FE02C8D3BB355412C3A8AEDFA90B2E0B6568DF6
official-quality-ilmiri-47dd5f3df1c7,QUALITY-ILMIRI-47DD5F3DF1C7,일미리금계찜닭,누룽바베큐찜닭,치느님? 지금은 찜느님의 시대! 누룽지와 바베큐의 만남 바삭하게! 화끈하게! 진행시켜!! 오늘 밥 싹 다 쓸어버린다! 누룽 바베큐 찜닭,밥,,,PARTIAL_DESCRIPTION,UNKNOWN,https://goldjjimdak.com/html/menu.php,2026-10-04,,franchise-quality-v1,OFFICIAL_MENU_DETAIL,,,false,7926E11C4D0FBBAED8C710E37FE02C8D3BB355412C3A8AEDFA90B2E0B6568DF6
official-quality-ilmiri-4e0e939c6d9f,QUALITY-ILMIRI-4E0E939C6D9F,일미리금계찜닭,짜장 찜닭,누구나 좋아하는 짜장소스 그리고 매콤한 고추의 한방 아이부터 어른까지 모두가 좋아할 선택!,고추,,,PARTIAL_DESCRIPTION,UNKNOWN,https://goldjjimdak.com/html/menu.php,2026-10-04,,franchise-quality-v1,OFFICIAL_MENU_DETAIL,,,false,7926E11C4D0FBBAED8C710E37FE02C8D3BB355412C3A8AEDFA90B2E0B6568DF6
official-quality-ilmiri-68ab4fc777a7,QUALITY-ILMIRI-68AB4FC777A7,일미리금계찜닭,신불찜닭,오늘은 태양 옆에서 찜닭을 먹고 싶다. 매운 맛!,,,,PARTIAL_DESCRIPTION,UNKNOWN,https://goldjjimdak.com/html/menu.php,2026-10-04,,franchise-quality-v1,OFFICIAL_MENU_DETAIL,,,false,7926E11C4D0FBBAED8C710E37FE02C8D3BB355412C3A8AEDFA90B2E0B6568DF6
official-quality-ilmiri-6bb472692c01,QUALITY-ILMIRI-6BB472692C01,일미리금계찜닭,로제 찜닭,이게 진짜 로제의 맛 먹어봐! 감동할껄?! 이게 진짜 로제야~,,,,PARTIAL_DESCRIPTION,UNKNOWN,https://goldjjimdak.com/html/menu.php,2026-10-04,,franchise-quality-v1,OFFICIAL_MENU_DETAIL,,,false,7926E11C4D0FBBAED8C710E37FE02C8D3BB355412C3A8AEDFA90B2E0B6568DF6
official-quality-ilmiri-b0e316093848,QUALITY-ILMIRI-B0E316093848,일미리금계찜닭,야끼우동찜닭,"찜닭이 야끼우동을 만났을 뿐인데, 비주얼도 맛도 이자카야 감성 폭발!!!",,,,PARTIAL_DESCRIPTION,UNKNOWN,https://goldjjimdak.com/html/menu.php,2026-10-04,,franchise-quality-v1,OFFICIAL_MENU_DETAIL,,,false,7926E11C4D0FBBAED8C710E37FE02C8D3BB355412C3A8AEDFA90B2E0B6568DF6
official-quality-ilmiri-b1f1bfb8db16,QUALITY-ILMIRI-B1F1BFB8DB16,일미리금계찜닭,금계찜닭,"오늘은 후회 없는 선택, 기본 소스 금계 찜닭으로~!! 우리에겐 내일이 있잖아요! 드리는 즉시, 지금 여기가 안동!",,,,PARTIAL_DESCRIPTION,UNKNOWN,https://goldjjimdak.com/html/menu.php,2026-10-04,,franchise-quality-v1,OFFICIAL_MENU_DETAIL,,,false,7926E11C4D0FBBAED8C710E37FE02C8D3BB355412C3A8AEDFA90B2E0B6568DF6
official-quality-ilmiri-c13877ca26b0,QUALITY-ILMIRI-C13877CA26B0,일미리금계찜닭,신마라찜닭,다 같은 마라라 하지마라!! 뭘 좋아 할지 몰라서 다 준비 했다! 무려 4종으로!!,,,,PARTIAL_DESCRIPTION,UNKNOWN,https://goldjjimdak.com/html/menu.php,2026-10-04,,franchise-quality-v1,OFFICIAL_MENU_DETAIL,,,false,7926E11C4D0FBBAED8C710E37FE02C8D3BB355412C3A8AEDFA90B2E0B6568DF6
official-quality-ilmiri-c4e34afd8322,QUALITY-ILMIRI-C4E34AFD8322,일미리금계찜닭,콘치즈맵찜닭,매운맛에 끌리고 부드러움에 빠져드는 K 근본조합 매콤~한 찜닭에 오븐으로 구운 콘치즈를 더하다,치즈,,,PARTIAL_DESCRIPTION,UNKNOWN,https://goldjjimdak.com/html/menu.php,2026-10-04,,franchise-quality-v1,OFFICIAL_MENU_DETAIL,,,false,7926E11C4D0FBBAED8C710E37FE02C8D3BB355412C3A8AEDFA90B2E0B6568DF6
official-quality-ilmiri-e1a924ad3361,QUALITY-ILMIRI-E1A924AD3361,일미리금계찜닭,고추장찜닭,"열정적인 나, 뜨겁고 싶다. 그러나, 달콤함은 나와 함께다. 텁텁함 없이 매콤달콤한 고추장 찜닭!",고추,,,PARTIAL_DESCRIPTION,UNKNOWN,https://goldjjimdak.com/html/menu.php,2026-10-04,,franchise-quality-v1,OFFICIAL_MENU_DETAIL,,,false,7926E11C4D0FBBAED8C710E37FE02C8D3BB355412C3A8AEDFA90B2E0B6568DF6
official-quality-ilmiri-ea4dc99c33b1,QUALITY-ILMIRI-EA4DC99C33B1,일미리금계찜닭,구름치즈찜닭,제가 잠시 꿈을 꿨어요. 이탈리아인가? 한국 안동인가? 풍부한 치즈와 찜닭의 맛 퓨전요리 치즈찜닭!,치즈,,,PARTIAL_DESCRIPTION,UNKNOWN,https://goldjjimdak.com/html/menu.php,2026-10-04,,franchise-quality-v1,OFFICIAL_MENU_DETAIL,,,false,7926E11C4D0FBBAED8C710E37FE02C8D3BB355412C3A8AEDFA90B2E0B6568DF6
official-quality-jaws-06725234a723,QUALITY-JAWS-06725234A723,죠스떡볶이,부산어묵,"높은 어육함량, 씹는 맛이 남다른 수제어묵!",,,,PARTIAL_DESCRIPTION,UNKNOWN,https://jawsfood.co.kr/menu/menu.html,2026-10-04,,franchise-quality-v1,OFFICIAL_MENU_DETAIL,,,false,51B4D350DD66E7B9B15432183776DABAF89A2E9E96B86FF22AA4358A3DCB1FC6
official-quality-jaws-082dee9bac5c,QUALITY-JAWS-082DEE9BAC5C,죠스떡볶이,콰삭닭강정,죠스는 언제나 즐겁습니다.,,,,PARTIAL_DESCRIPTION,UNKNOWN,https://jawsfood.co.kr/menu/view.html?seq=18,2026-10-04,,franchise-quality-v1,OFFICIAL_MENU_DETAIL,,,false,6F0405BE3837D95E89F19A6B6E183C0370C598F94F30BA5EC658255FEE296676
official-quality-jaws-19b176949c19,QUALITY-JAWS-19B176949C19,죠스떡볶이,국물떡볶이,더 맛있는 국물과 밀떡의 조화!,,,,PARTIAL_DESCRIPTION,UNKNOWN,https://jawsfood.co.kr/menu/menu.html,2026-10-04,,franchise-quality-v1,OFFICIAL_MENU_DETAIL,,,false,51B4D350DD66E7B9B15432183776DABAF89A2E9E96B86FF22AA4358A3DCB1FC6
official-quality-jaws-5eb9dcb78962,QUALITY-JAWS-5EB9DCB78962,죠스떡볶이,짜빠떡볶이,깊은 풍미의 짜장소스와 고소한 계란튀김의 만남!,계란,,,PARTIAL_DESCRIPTION,UNKNOWN,https://jawsfood.co.kr/menu/menu.html,2026-10-04,,franchise-quality-v1,OFFICIAL_MENU_DETAIL,,,false,51B4D350DD66E7B9B15432183776DABAF89A2E9E96B86FF22AA4358A3DCB1FC6
official-quality-jaws-67e1712ecdfc,QUALITY-JAWS-67E1712ECDFC,죠스떡볶이,수제튀김,전용유로 튀겨 건강하고 고소한 튀김 맛!,,,,PARTIAL_DESCRIPTION,UNKNOWN,https://jawsfood.co.kr/menu/menu.html,2026-10-04,,franchise-quality-v1,OFFICIAL_MENU_DETAIL,,,false,51B4D350DD66E7B9B15432183776DABAF89A2E9E96B86FF22AA4358A3DCB1FC6
official-quality-jaws-759f1c4c9ab6,QUALITY-JAWS-759F1C4C9AB6,죠스떡볶이,유부주머니어묵,죠스는 언제나 즐겁습니다.,,,,PARTIAL_DESCRIPTION,UNKNOWN,https://jawsfood.co.kr/menu/view.html?seq=6,2026-10-04,,franchise-quality-v1,OFFICIAL_MENU_DETAIL,,,false,AA1D25AB2BDAA313562770168CBF6CCA57FF0455BDD6780CF47258ABF7B80C43
official-quality-jaws-75d501b7bd5e,QUALITY-JAWS-75D501B7BD5E,죠스떡볶이,버섯크림떡볶이,표고버섯향이 살아있는 고품격 크림 떡볶이,버섯|크림|표고버섯,,,PARTIAL_DESCRIPTION,UNKNOWN,https://jawsfood.co.kr/menu/menu.html,2026-10-04,,franchise-quality-v1,OFFICIAL_MENU_DETAIL,,,false,51B4D350DD66E7B9B15432183776DABAF89A2E9E96B86FF22AA4358A3DCB1FC6
official-quality-jaws-a248bbe688a1,QUALITY-JAWS-A248BBE688A1,죠스떡볶이,죠스찰순대,진짜 야채와 견과류를 다져 넣은 건강한 순대,,,,PARTIAL_DESCRIPTION,UNKNOWN,https://jawsfood.co.kr/menu/menu.html,2026-10-04,,franchise-quality-v1,OFFICIAL_MENU_DETAIL,,,false,51B4D350DD66E7B9B15432183776DABAF89A2E9E96B86FF22AA4358A3DCB1FC6
official-quality-jaws-a3df830aa13d,QUALITY-JAWS-A3DF830AA13D,죠스떡볶이,새우튀김우동,죠스는 언제나 즐겁습니다.,,,,PARTIAL_DESCRIPTION,UNKNOWN,https://jawsfood.co.kr/menu/view.html?seq=8,2026-10-04,,franchise-quality-v1,OFFICIAL_MENU_DETAIL,,,false,299C5856B7D9964046424DDC3643446939F5DD1AF75B0445F06A270D2549C8B6
official-quality-jaws-ca56573769d7,QUALITY-JAWS-CA56573769D7,죠스떡볶이,빠삭촉촉만두,죠스는 언제나 즐겁습니다.,,,,PARTIAL_DESCRIPTION,UNKNOWN,https://jawsfood.co.kr/menu/view.html?seq=15,2026-10-04,,franchise-quality-v1,OFFICIAL_MENU_DETAIL,,,false,E78DF4186DD03355B81D2A7DFF25A7E1725DAFD67B115ABADBD032F6A1591ACA
official-quality-jaws-d12ac5629277,QUALITY-JAWS-D12AC5629277,죠스떡볶이,죠스떡볶이,한 입에 쏙! 배려심 깊은 3.5cm의 떡,,,,PARTIAL_DESCRIPTION,UNKNOWN,https://jawsfood.co.kr/menu/menu.html,2026-10-04,,franchise-quality-v1,OFFICIAL_MENU_DETAIL,,,false,51B4D350DD66E7B9B15432183776DABAF89A2E9E96B86FF22AA4358A3DCB1FC6
official-quality-jaws-e89ae9e80dc4,QUALITY-JAWS-E89AE9E80DC4,죠스떡볶이,죠스쿨,죠스는 언제나 즐겁습니다.,,,,PARTIAL_DESCRIPTION,UNKNOWN,https://jawsfood.co.kr/menu/view.html?seq=19,2026-10-04,,franchise-quality-v1,OFFICIAL_MENU_DETAIL,,,false,7D3C64533BED6EA421D66221C9EAF6F3FFF2B4F7E8D096F22F146A86F97A11C0
official-quality-jaws-fb8c76a9f979,QUALITY-JAWS-FB8C76A9F979,죠스떡볶이,로제크림떡볶이,매운 죠스떡볶이에 부드러운 크림치즈가 듬뿍!,치즈|크림,,,PARTIAL_DESCRIPTION,UNKNOWN,https://jawsfood.co.kr/menu/menu.html,2026-10-04,,franchise-quality-v1,OFFICIAL_MENU_DETAIL,,,false,51B4D350DD66E7B9B15432183776DABAF89A2E9E96B86FF22AA4358A3DCB1FC6
official-quality-jaws-fbbbba5fc814,QUALITY-JAWS-FBBBBA5FC814,죠스떡볶이,치즈떡볶이,트리플 치즈가 담백하게 쭈-욱!,치즈,,,PARTIAL_DESCRIPTION,UNKNOWN,https://jawsfood.co.kr/menu/menu.html,2026-10-04,,franchise-quality-v1,OFFICIAL_MENU_DETAIL,,,false,51B4D350DD66E7B9B15432183776DABAF89A2E9E96B86FF22AA4358A3DCB1FC6
official-quality-jukstory-00aa2ac77503,QUALITY-JUKSTORY-00AA2AC77503,죽이야기,완도전복솥죽,,,,,UNKNOWN,UNKNOWN,https://www.jukstory.com/15,2026-10-04,,franchise-quality-v1,OFFICIAL_MENU_DETAIL,,,false,772ACD9A9C37CA4E1425E8FA994E19E35B84EAE16500247B2B364B28ECAAABA0
official-quality-jukstory-02fef8e96f05,QUALITY-JUKSTORY-02FEF8E96F05,죽이야기,자연송이한우솥죽,,,,,UNKNOWN,UNKNOWN,https://www.jukstory.com/15,2026-10-04,,franchise-quality-v1,OFFICIAL_MENU_DETAIL,,,false,772ACD9A9C37CA4E1425E8FA994E19E35B84EAE16500247B2B364B28ECAAABA0
official-quality-jukstory-046222808afe,QUALITY-JUKSTORY-046222808AFE,죽이야기,치킨대파솥밥,,,,,UNKNOWN,UNKNOWN,https://www.jukstory.com/15,2026-10-04,,franchise-quality-v1,OFFICIAL_MENU_DETAIL,,,false,772ACD9A9C37CA4E1425E8FA994E19E35B84EAE16500247B2B364B28ECAAABA0
official-quality-jukstory-0e3cb47453f5,QUALITY-JUKSTORY-0E3CB47453F5,죽이야기,매생이굴솥죽,,,,,UNKNOWN,UNKNOWN,https://www.jukstory.com/15,2026-10-04,,franchise-quality-v1,OFFICIAL_MENU_DETAIL,,,false,772ACD9A9C37CA4E1425E8FA994E19E35B84EAE16500247B2B364B28ECAAABA0
official-quality-jukstory-119b9e27f593,QUALITY-JUKSTORY-119B9E27F593,죽이야기,삼선짬뽕솥죽,,,,,UNKNOWN,UNKNOWN,https://www.jukstory.com/15,2026-10-04,,franchise-quality-v1,OFFICIAL_MENU_DETAIL,,,false,772ACD9A9C37CA4E1425E8FA994E19E35B84EAE16500247B2B364B28ECAAABA0
official-quality-jukstory-13dcd84e5738,QUALITY-JUKSTORY-13DCD84E5738,죽이야기,매운낙지볶음밥,,,,,UNKNOWN,UNKNOWN,https://www.jukstory.com/15,2026-10-04,,franchise-quality-v1,OFFICIAL_MENU_DETAIL,,,false,772ACD9A9C37CA4E1425E8FA994E19E35B84EAE16500247B2B364B28ECAAABA0
official-quality-jukstory-18e1d0308fde,QUALITY-JUKSTORY-18E1D0308FDE,죽이야기,흑임자귀리죽,,,,,UNKNOWN,UNKNOWN,https://www.jukstory.com/15,2026-10-04,,franchise-quality-v1,OFFICIAL_MENU_DETAIL,,,false,772ACD9A9C37CA4E1425E8FA994E19E35B84EAE16500247B2B364B28ECAAABA0
official-quality-jukstory-1f1a2a92d150,QUALITY-JUKSTORY-1F1A2A92D150,죽이야기,육개장솥밥,,,,,UNKNOWN,UNKNOWN,https://www.jukstory.com/15,2026-10-04,,franchise-quality-v1,OFFICIAL_MENU_DETAIL,,,false,772ACD9A9C37CA4E1425E8FA994E19E35B84EAE16500247B2B364B28ECAAABA0
official-quality-jukstory-21c24844b335,QUALITY-JUKSTORY-21C24844B335,죽이야기,호박죽,,,,,UNKNOWN,UNKNOWN,https://www.jukstory.com/15,2026-10-04,,franchise-quality-v1,OFFICIAL_MENU_DETAIL,,,false,772ACD9A9C37CA4E1425E8FA994E19E35B84EAE16500247B2B364B28ECAAABA0
official-quality-jukstory-24a9b42a6b90,QUALITY-JUKSTORY-24A9B42A6B90,죽이야기,크리미감자죽,,,,,UNKNOWN,UNKNOWN,https://www.jukstory.com/15,2026-10-04,,franchise-quality-v1,OFFICIAL_MENU_DETAIL,,,false,772ACD9A9C37CA4E1425E8FA994E19E35B84EAE16500247B2B364B28ECAAABA0
official-quality-jukstory-272947e895b3,QUALITY-JUKSTORY-272947E895B3,죽이야기,김치볶음밥,,,,,UNKNOWN,UNKNOWN,https://www.jukstory.com/15,2026-10-04,,franchise-quality-v1,OFFICIAL_MENU_DETAIL,,,false,772ACD9A9C37CA4E1425E8FA994E19E35B84EAE16500247B2B364B28ECAAABA0
official-quality-jukstory-37de9a26a504,QUALITY-JUKSTORY-37DE9A26A504,죽이야기,완도전복버섯솥밥,,,,,UNKNOWN,UNKNOWN,https://www.jukstory.com/15,2026-10-04,,franchise-quality-v1,OFFICIAL_MENU_DETAIL,,,false,772ACD9A9C37CA4E1425E8FA994E19E35B84EAE16500247B2B364B28ECAAABA0
official-quality-jukstory-3be6539dfd80,QUALITY-JUKSTORY-3BE6539DFD80,죽이야기,들깨삼계탕,,,,,UNKNOWN,UNKNOWN,https://www.jukstory.com/15,2026-10-04,,franchise-quality-v1,OFFICIAL_MENU_DETAIL,,,false,772ACD9A9C37CA4E1425E8FA994E19E35B84EAE16500247B2B364B28ECAAABA0
official-quality-jukstory-45e17d45117b,QUALITY-JUKSTORY-45E17D45117B,죽이야기,모듬해물죽,,,,,UNKNOWN,UNKNOWN,https://www.jukstory.com/15,2026-10-04,,franchise-quality-v1,OFFICIAL_MENU_DETAIL,,,false,772ACD9A9C37CA4E1425E8FA994E19E35B84EAE16500247B2B364B28ECAAABA0
official-quality-jukstory-46c29cbef5c9,QUALITY-JUKSTORY-46C29CBEF5C9,죽이야기,참치야채솥죽,,,,,UNKNOWN,UNKNOWN,https://www.jukstory.com/15,2026-10-04,,franchise-quality-v1,OFFICIAL_MENU_DETAIL,,,false,772ACD9A9C37CA4E1425E8FA994E19E35B84EAE16500247B2B364B28ECAAABA0
official-quality-jukstory-4adc179e5008,QUALITY-JUKSTORY-4ADC179E5008,죽이야기,유산슬해물솥밥,,,,,UNKNOWN,UNKNOWN,https://www.jukstory.com/15,2026-10-04,,franchise-quality-v1,OFFICIAL_MENU_DETAIL,,,false,772ACD9A9C37CA4E1425E8FA994E19E35B84EAE16500247B2B364B28ECAAABA0
official-quality-jukstory-55f763f7e643,QUALITY-JUKSTORY-55F763F7E643,죽이야기,낙지김치솥죽,,,,,UNKNOWN,UNKNOWN,https://www.jukstory.com/15,2026-10-04,,franchise-quality-v1,OFFICIAL_MENU_DETAIL,,,false,772ACD9A9C37CA4E1425E8FA994E19E35B84EAE16500247B2B364B28ECAAABA0
official-quality-jukstory-5816ed2620c6,QUALITY-JUKSTORY-5816ED2620C6,죽이야기,소불고기볶음밥,,,,,UNKNOWN,UNKNOWN,https://www.jukstory.com/15,2026-10-04,,franchise-quality-v1,OFFICIAL_MENU_DETAIL,,,false,772ACD9A9C37CA4E1425E8FA994E19E35B84EAE16500247B2B364B28ECAAABA0
official-quality-jukstory-5f1b67101371,QUALITY-JUKSTORY-5F1B67101371,죽이야기,흰죽,,,,,UNKNOWN,UNKNOWN,https://www.jukstory.com/15,2026-10-04,,franchise-quality-v1,OFFICIAL_MENU_DETAIL,,,false,772ACD9A9C37CA4E1425E8FA994E19E35B84EAE16500247B2B364B28ECAAABA0
official-quality-jukstory-6176e4e6982d,QUALITY-JUKSTORY-6176E4E6982D,죽이야기,전복인삼닭솥죽,,,,,UNKNOWN,UNKNOWN,https://www.jukstory.com/15,2026-10-04,,franchise-quality-v1,OFFICIAL_MENU_DETAIL,,,false,772ACD9A9C37CA4E1425E8FA994E19E35B84EAE16500247B2B364B28ECAAABA0
official-quality-jukstory-637f654931e7,QUALITY-JUKSTORY-637F654931E7,죽이야기,돈새우솥밥,,,,,UNKNOWN,UNKNOWN,https://www.jukstory.com/15,2026-10-04,,franchise-quality-v1,OFFICIAL_MENU_DETAIL,,,false,772ACD9A9C37CA4E1425E8FA994E19E35B84EAE16500247B2B364B28ECAAABA0
official-quality-jukstory-646f79fa7320,QUALITY-JUKSTORY-646F79FA7320,죽이야기,달콩팥죽,,,,,UNKNOWN,UNKNOWN,https://www.jukstory.com/15,2026-10-04,,franchise-quality-v1,OFFICIAL_MENU_DETAIL,,,false,772ACD9A9C37CA4E1425E8FA994E19E35B84EAE16500247B2B364B28ECAAABA0
official-quality-jukstory-6779cbfc6db7,QUALITY-JUKSTORY-6779CBFC6DB7,죽이야기,시래기솥밥,,,,,UNKNOWN,UNKNOWN,https://www.jukstory.com/15,2026-10-04,,franchise-quality-v1,OFFICIAL_MENU_DETAIL,,,false,772ACD9A9C37CA4E1425E8FA994E19E35B84EAE16500247B2B364B28ECAAABA0
official-quality-jukstory-6b82a19f3540,QUALITY-JUKSTORY-6B82A19F3540,죽이야기,낙치김치솥죽,,,,,UNKNOWN,UNKNOWN,https://www.jukstory.com/15,2026-10-04,,franchise-quality-v1,OFFICIAL_MENU_DETAIL,,,false,772ACD9A9C37CA4E1425E8FA994E19E35B84EAE16500247B2B364B28ECAAABA0
official-quality-jukstory-70f000943f56,QUALITY-JUKSTORY-70F000943F56,죽이야기,게살날치알솥죽,,,,,UNKNOWN,UNKNOWN,https://www.jukstory.com/15,2026-10-04,,franchise-quality-v1,OFFICIAL_MENU_DETAIL,,,false,772ACD9A9C37CA4E1425E8FA994E19E35B84EAE16500247B2B364B28ECAAABA0
official-quality-jukstory-75a9a4aef04e,QUALITY-JUKSTORY-75A9A4AEF04E,죽이야기,얼큰김치솥죽,,,,,UNKNOWN,UNKNOWN,https://www.jukstory.com/15,2026-10-04,,franchise-quality-v1,OFFICIAL_MENU_DETAIL,,,false,772ACD9A9C37CA4E1425E8FA994E19E35B84EAE16500247B2B364B28ECAAABA0
official-quality-jukstory-88d6723667e6,QUALITY-JUKSTORY-88D6723667E6,죽이야기,된장찌개솥밥,,,,,UNKNOWN,UNKNOWN,https://www.jukstory.com/15,2026-10-04,,franchise-quality-v1,OFFICIAL_MENU_DETAIL,,,false,772ACD9A9C37CA4E1425E8FA994E19E35B84EAE16500247B2B364B28ECAAABA0
official-quality-jukstory-8d234bd40bf6,QUALITY-JUKSTORY-8D234BD40BF6,죽이야기,치킨카레솥밥,,,,,UNKNOWN,UNKNOWN,https://www.jukstory.com/15,2026-10-04,,franchise-quality-v1,OFFICIAL_MENU_DETAIL,,,false,772ACD9A9C37CA4E1425E8FA994E19E35B84EAE16500247B2B364B28ECAAABA0
official-quality-jukstory-9081e3107f2e,QUALITY-JUKSTORY-9081E3107F2E,죽이야기,버섯야채솥죽,,,,,UNKNOWN,UNKNOWN,https://www.jukstory.com/15,2026-10-04,,franchise-quality-v1,OFFICIAL_MENU_DETAIL,,,false,772ACD9A9C37CA4E1425E8FA994E19E35B84EAE16500247B2B364B28ECAAABA0
official-quality-jukstory-966a7359a9ec,QUALITY-JUKSTORY-966A7359A9EC,죽이야기,단호박죽,,,,,UNKNOWN,UNKNOWN,https://www.jukstory.com/15,2026-10-04,,franchise-quality-v1,OFFICIAL_MENU_DETAIL,,,false,772ACD9A9C37CA4E1425E8FA994E19E35B84EAE16500247B2B364B28ECAAABA0
official-quality-jukstory-9d09ff2374d0,QUALITY-JUKSTORY-9D09FF2374D0,죽이야기,콩비지솥밥,,,,,UNKNOWN,UNKNOWN,https://www.jukstory.com/15,2026-10-04,,franchise-quality-v1,OFFICIAL_MENU_DETAIL,,,false,772ACD9A9C37CA4E1425E8FA994E19E35B84EAE16500247B2B364B28ECAAABA0
official-quality-jukstory-9f25963acf54,QUALITY-JUKSTORY-9F25963ACF54,죽이야기,뚝배기불고기솥밥,,,,,UNKNOWN,UNKNOWN,https://www.jukstory.com/15,2026-10-04,,franchise-quality-v1,OFFICIAL_MENU_DETAIL,,,false,772ACD9A9C37CA4E1425E8FA994E19E35B84EAE16500247B2B364B28ECAAABA0
official-quality-jukstory-9fb37054b1dc,QUALITY-JUKSTORY-9FB37054B1DC,죽이야기,특전복솥죽,,,,,UNKNOWN,UNKNOWN,https://www.jukstory.com/15,2026-10-04,,franchise-quality-v1,OFFICIAL_MENU_DETAIL,,,false,772ACD9A9C37CA4E1425E8FA994E19E35B84EAE16500247B2B364B28ECAAABA0
official-quality-jukstory-a823d976bc20,QUALITY-JUKSTORY-A823D976BC20,죽이야기,호박귀리죽,,,,,UNKNOWN,UNKNOWN,https://www.jukstory.com/15,2026-10-04,,franchise-quality-v1,OFFICIAL_MENU_DETAIL,,,false,772ACD9A9C37CA4E1425E8FA994E19E35B84EAE16500247B2B364B28ECAAABA0
official-quality-jukstory-aa436321cdd9,QUALITY-JUKSTORY-AA436321CDD9,죽이야기,흑임자죽,,,,,UNKNOWN,UNKNOWN,https://www.jukstory.com/15,2026-10-04,,franchise-quality-v1,OFFICIAL_MENU_DETAIL,,,false,772ACD9A9C37CA4E1425E8FA994E19E35B84EAE16500247B2B364B28ECAAABA0
official-quality-jukstory-aaa22693a9fc,QUALITY-JUKSTORY-AAA22693A9FC,죽이야기,팥죽,,,,,UNKNOWN,UNKNOWN,https://www.jukstory.com/15,2026-10-04,,franchise-quality-v1,OFFICIAL_MENU_DETAIL,,,false,772ACD9A9C37CA4E1425E8FA994E19E35B84EAE16500247B2B364B28ECAAABA0
official-quality-jukstory-ae236cddc1e8,QUALITY-JUKSTORY-AE236CDDC1E8,죽이야기,불낙솥죽(순한맛),,,,,UNKNOWN,UNKNOWN,https://www.jukstory.com/15,2026-10-04,,franchise-quality-v1,OFFICIAL_MENU_DETAIL,,,false,772ACD9A9C37CA4E1425E8FA994E19E35B84EAE16500247B2B364B28ECAAABA0
official-quality-jukstory-af9326bb7e0f,QUALITY-JUKSTORY-AF9326BB7E0F,죽이야기,굴솥밥,,,,,UNKNOWN,UNKNOWN,https://www.jukstory.com/15,2026-10-04,,franchise-quality-v1,OFFICIAL_MENU_DETAIL,,,false,772ACD9A9C37CA4E1425E8FA994E19E35B84EAE16500247B2B364B28ECAAABA0
official-quality-jukstory-b4303588ca26,QUALITY-JUKSTORY-B4303588CA26,죽이야기,자연송이전복솥죽,,,,,UNKNOWN,UNKNOWN,https://www.jukstory.com/15,2026-10-04,,franchise-quality-v1,OFFICIAL_MENU_DETAIL,,,false,772ACD9A9C37CA4E1425E8FA994E19E35B84EAE16500247B2B364B28ECAAABA0
official-quality-jukstory-b71ed6a934b8,QUALITY-JUKSTORY-B71ED6A934B8,죽이야기,곱대창솥밥,,,,,UNKNOWN,UNKNOWN,https://www.jukstory.com/15,2026-10-04,,franchise-quality-v1,OFFICIAL_MENU_DETAIL,,,false,772ACD9A9C37CA4E1425E8FA994E19E35B84EAE16500247B2B364B28ECAAABA0
official-quality-jukstory-bb1b712e6ace,QUALITY-JUKSTORY-BB1B712E6ACE,죽이야기,모듬해물솥죽,,,,,UNKNOWN,UNKNOWN,https://www.jukstory.com/15,2026-10-04,,franchise-quality-v1,OFFICIAL_MENU_DETAIL,,,false,772ACD9A9C37CA4E1425E8FA994E19E35B84EAE16500247B2B364B28ECAAABA0
official-quality-jukstory-c67e510b91a3,QUALITY-JUKSTORY-C67E510B91A3,죽이야기,진품전복솥죽,,,,,UNKNOWN,UNKNOWN,https://www.jukstory.com/15,2026-10-04,,franchise-quality-v1,OFFICIAL_MENU_DETAIL,,,false,772ACD9A9C37CA4E1425E8FA994E19E35B84EAE16500247B2B364B28ECAAABA0
official-quality-jukstory-d4cce5af6330,QUALITY-JUKSTORY-D4CCE5AF6330,죽이야기,고구마옥수수죽,,,,,UNKNOWN,UNKNOWN,https://www.jukstory.com/15,2026-10-04,,franchise-quality-v1,OFFICIAL_MENU_DETAIL,,,false,772ACD9A9C37CA4E1425E8FA994E19E35B84EAE16500247B2B364B28ECAAABA0
official-quality-jukstory-d776175d4236,QUALITY-JUKSTORY-D776175D4236,죽이야기,소고기솥밥,,,,,UNKNOWN,UNKNOWN,https://www.jukstory.com/15,2026-10-04,,franchise-quality-v1,OFFICIAL_MENU_DETAIL,,,false,772ACD9A9C37CA4E1425E8FA994E19E35B84EAE16500247B2B364B28ECAAABA0
official-quality-jukstory-d85712a2b959,QUALITY-JUKSTORY-D85712A2B959,죽이야기,얼큰삼계탕,,,,,UNKNOWN,UNKNOWN,https://www.jukstory.com/15,2026-10-04,,franchise-quality-v1,OFFICIAL_MENU_DETAIL,,,false,772ACD9A9C37CA4E1425E8FA994E19E35B84EAE16500247B2B364B28ECAAABA0
official-quality-jukstory-d98b6059f274,QUALITY-JUKSTORY-D98B6059F274,죽이야기,한우야채솥죽,,,,,UNKNOWN,UNKNOWN,https://www.jukstory.com/15,2026-10-04,,franchise-quality-v1,OFFICIAL_MENU_DETAIL,,,false,772ACD9A9C37CA4E1425E8FA994E19E35B84EAE16500247B2B364B28ECAAABA0
official-quality-jukstory-dcabe79cbf11,QUALITY-JUKSTORY-DCABE79CBF11,죽이야기,진삼계탕,,,,,UNKNOWN,UNKNOWN,https://www.jukstory.com/15,2026-10-04,,franchise-quality-v1,OFFICIAL_MENU_DETAIL,,,false,772ACD9A9C37CA4E1425E8FA994E19E35B84EAE16500247B2B364B28ECAAABA0
official-quality-jukstory-dd5b621ada41,QUALITY-JUKSTORY-DD5B621ADA41,죽이야기,야채솥죽,,,,,UNKNOWN,UNKNOWN,https://www.jukstory.com/15,2026-10-04,,franchise-quality-v1,OFFICIAL_MENU_DETAIL,,,false,772ACD9A9C37CA4E1425E8FA994E19E35B84EAE16500247B2B364B28ECAAABA0
official-quality-jukstory-e156015758fb,QUALITY-JUKSTORY-E156015758FB,죽이야기,콩국수,,,,,UNKNOWN,UNKNOWN,https://www.jukstory.com/15,2026-10-04,,franchise-quality-v1,OFFICIAL_MENU_DETAIL,,,false,772ACD9A9C37CA4E1425E8FA994E19E35B84EAE16500247B2B364B28ECAAABA0
official-quality-jukstory-e18cc3ada24a,QUALITY-JUKSTORY-E18CC3ADA24A,죽이야기,해물볶음밥,,,,,UNKNOWN,UNKNOWN,https://www.jukstory.com/15,2026-10-04,,franchise-quality-v1,OFFICIAL_MENU_DETAIL,,,false,772ACD9A9C37CA4E1425E8FA994E19E35B84EAE16500247B2B364B28ECAAABA0
official-quality-jukstory-e205c104792b,QUALITY-JUKSTORY-E205C104792B,죽이야기,오곡고소미죽,,,,,UNKNOWN,UNKNOWN,https://www.jukstory.com/15,2026-10-04,,franchise-quality-v1,OFFICIAL_MENU_DETAIL,,,false,772ACD9A9C37CA4E1425E8FA994E19E35B84EAE16500247B2B364B28ECAAABA0
official-quality-jukstory-e4276499d2f5,QUALITY-JUKSTORY-E4276499D2F5,죽이야기,고소미8곡죽,,,,,UNKNOWN,UNKNOWN,https://www.jukstory.com/15,2026-10-04,,franchise-quality-v1,OFFICIAL_MENU_DETAIL,,,false,772ACD9A9C37CA4E1425E8FA994E19E35B84EAE16500247B2B364B28ECAAABA0
official-quality-jukstory-e8303a1e47b1,QUALITY-JUKSTORY-E8303A1E47B1,죽이야기,한우버섯솥죽,,,,,UNKNOWN,UNKNOWN,https://www.jukstory.com/15,2026-10-04,,franchise-quality-v1,OFFICIAL_MENU_DETAIL,,,false,772ACD9A9C37CA4E1425E8FA994E19E35B84EAE16500247B2B364B28ECAAABA0
official-quality-jukstory-e9db54f17ec0,QUALITY-JUKSTORY-E9DB54F17EC0,죽이야기,인삼닭솥죽,,,,,UNKNOWN,UNKNOWN,https://www.jukstory.com/15,2026-10-04,,franchise-quality-v1,OFFICIAL_MENU_DETAIL,,,false,772ACD9A9C37CA4E1425E8FA994E19E35B84EAE16500247B2B364B28ECAAABA0
official-quality-jukstory-ea9a22ac64de,QUALITY-JUKSTORY-EA9A22AC64DE,죽이야기,불낙솥죽(매운맛),,,,,UNKNOWN,UNKNOWN,https://www.jukstory.com/15,2026-10-04,,franchise-quality-v1,OFFICIAL_MENU_DETAIL,,,false,772ACD9A9C37CA4E1425E8FA994E19E35B84EAE16500247B2B364B28ECAAABA0
official-quality-jukstory-eb485275f624,QUALITY-JUKSTORY-EB485275F624,죽이야기,돈채솥밥,,,,,UNKNOWN,UNKNOWN,https://www.jukstory.com/15,2026-10-04,,franchise-quality-v1,OFFICIAL_MENU_DETAIL,,,false,772ACD9A9C37CA4E1425E8FA994E19E35B84EAE16500247B2B364B28ECAAABA0
official-quality-jukstory-fec01e17d90e,QUALITY-JUKSTORY-FEC01E17D90E,죽이야기,녹두전,,,,,UNKNOWN,UNKNOWN,https://www.jukstory.com/15,2026-10-04,,franchise-quality-v1,OFFICIAL_MENU_DETAIL,,,false,772ACD9A9C37CA4E1425E8FA994E19E35B84EAE16500247B2B364B28ECAAABA0
official-quality-namuya-01a66a40b7da,QUALITY-NAMUYA-01A66A40B7DA,국수나무,상하이진한짬뽕밥,"다양한 해산물과 돼지고기, 야채가 푸짐하게 더해진 짬뽕밥 *공기밥 제공",돼지고기,,,PARTIAL_DESCRIPTION,UNKNOWN,https://www.namuya.co.kr/food/food.php?cat_no=4,2026-10-04,,franchise-quality-v1,OFFICIAL_MENU_DETAIL,,,false,24FAA725650F7BBF4104075673CEBFEFCAA39698DD25B8B3CE35B71D32BCE53B
official-quality-namuya-031baa341a26,QUALITY-NAMUYA-031BAA341A26,국수나무,돈므라이스,특제소스 오므라이스 위로 등심 돈까스를 올린 돈까스 오므라이스,등심,,,PARTIAL_DESCRIPTION,UNKNOWN,https://www.namuya.co.kr/food/food.php?cat_no=4,2026-10-04,,franchise-quality-v1,OFFICIAL_MENU_DETAIL,,,false,24FAA725650F7BBF4104075673CEBFEFCAA39698DD25B8B3CE35B71D32BCE53B
official-quality-namuya-037929903b08,QUALITY-NAMUYA-037929903B08,국수나무,맑은고기국수,부드러운 소고기 고명과 깊고 깔끔한 육수가 특징인 고기국수,소고기,,,PARTIAL_DESCRIPTION,UNKNOWN,https://www.namuya.co.kr/food/food.php?cat_no=2,2026-10-04,,franchise-quality-v1,OFFICIAL_MENU_DETAIL,,,false,365C5354EF727822232750B0496C206BDD8F171AEFCACE9DAA0BC3D8065BA475
official-quality-namuya-0664cf3aed81,QUALITY-NAMUYA-0664CF3AED81,국수나무,열무국수,잘 익은 열무김치와 72시간 저온숙성된 생면의 시원하고 아삭한 만남,김치|열무|열무김치,,,PARTIAL_DESCRIPTION,UNKNOWN,https://www.namuya.co.kr/food/food.php?cat_no=6,2026-10-04,,franchise-quality-v1,OFFICIAL_MENU_DETAIL,,,false,4A4B1045F19F740F34BFF4BCFA8F1B812D127569DBBC441B90E4F8B26BC1FC76
official-quality-namuya-15af480ec4f7,QUALITY-NAMUYA-15AF480EC4F7,국수나무,열냉불고기정식,,,,,UNKNOWN,UNKNOWN,https://www.namuya.co.kr/food/food.php,2026-10-04,,franchise-quality-v1,OFFICIAL_MENU_DETAIL,,,false,35EE683361DD4D2EC60A9BCE5B204BD3A71A9B4AEFFD46DC45E9BEAC94AD557A
official-quality-namuya-19b176949c19,QUALITY-NAMUYA-19B176949C19,국수나무,국물떡볶이,,,,,UNKNOWN,UNKNOWN,https://www.namuya.co.kr/food/food.php?cat_no=7,2026-10-04,,franchise-quality-v1,OFFICIAL_MENU_DETAIL,,,false,EF9ADCCFA5CC73DEF6C58AD2BE7ACD2B88547997392B93A524A841D23C033650
official-quality-namuya-1c51fd0efc6d,QUALITY-NAMUYA-1C51FD0EFC6D,국수나무,리얼치즈돈까스,등심 돈까스 사이로 고소한 치즈가 가득 들어간 돈까스,등심|치즈,,,PARTIAL_DESCRIPTION,UNKNOWN,https://www.namuya.co.kr/food/food.php?cat_no=5,2026-10-04,,franchise-quality-v1,OFFICIAL_MENU_DETAIL,,,false,F0C26086D27E2EFA4AD1F39A4066430AA5FC74FD80D40C182A731456E22891C8
official-quality-namuya-1c534c05422a,QUALITY-NAMUYA-1C534C05422A,국수나무,미니등심돈까스,,,,,UNKNOWN,UNKNOWN,https://www.namuya.co.kr/food/food.php?cat_no=7,2026-10-04,,franchise-quality-v1,OFFICIAL_MENU_DETAIL,,,false,EF9ADCCFA5CC73DEF6C58AD2BE7ACD2B88547997392B93A524A841D23C033650
official-quality-namuya-1c8bf4f124f3,QUALITY-NAMUYA-1C8BF4F124F3,국수나무,우삼겹깍두기볶음밥,국수나무 특제 깍두기 볶음장으로 맛있게 볶은 우삼겹 볶음밥,우삼겹,,,PARTIAL_DESCRIPTION,UNKNOWN,https://www.namuya.co.kr/food/food.php?cat_no=4,2026-10-04,,franchise-quality-v1,OFFICIAL_MENU_DETAIL,,,false,24FAA725650F7BBF4104075673CEBFEFCAA39698DD25B8B3CE35B71D32BCE53B
official-quality-namuya-1d0cd019369e,QUALITY-NAMUYA-1D0CD019369E,국수나무,소고기짬뽕밥,우삼겹과 대파가 토핑으로 올라간 얼큰 소고기 짬뽕밥 *공기밥 제공,소고기|우삼겹,,,PARTIAL_DESCRIPTION,UNKNOWN,https://www.namuya.co.kr/food/food.php?cat_no=4,2026-10-04,,franchise-quality-v1,OFFICIAL_MENU_DETAIL,,,false,24FAA725650F7BBF4104075673CEBFEFCAA39698DD25B8B3CE35B71D32BCE53B
official-quality-namuya-21d50b3d03be,QUALITY-NAMUYA-21D50B3D03BE,국수나무,국수나무알밥,볶음 야채와 다양한 해산물에 국수나무 특제소스룰 더한 알밥,,,,PARTIAL_DESCRIPTION,UNKNOWN,https://www.namuya.co.kr/food/food.php?cat_no=4,2026-10-04,,franchise-quality-v1,OFFICIAL_MENU_DETAIL,,,false,24FAA725650F7BBF4104075673CEBFEFCAA39698DD25B8B3CE35B71D32BCE53B
official-quality-namuya-22db185728fc,QUALITY-NAMUYA-22DB185728FC,국수나무,국치정식,,,,,UNKNOWN,UNKNOWN,https://www.namuya.co.kr/food/food.php,2026-10-04,,franchise-quality-v1,OFFICIAL_MENU_DETAIL,,,false,35EE683361DD4D2EC60A9BCE5B204BD3A71A9B4AEFFD46DC45E9BEAC94AD557A
official-quality-namuya-253908c3a523,QUALITY-NAMUYA-253908C3A523,국수나무,청양마요가라아게,,,,,UNKNOWN,UNKNOWN,https://www.namuya.co.kr/food/food.php?cat_no=7,2026-10-04,,franchise-quality-v1,OFFICIAL_MENU_DETAIL,,,false,EF9ADCCFA5CC73DEF6C58AD2BE7ACD2B88547997392B93A524A841D23C033650
official-quality-namuya-281f9ef8db8d,QUALITY-NAMUYA-281F9EF8DB8D,국수나무,미니치즈돈까스,,,,,UNKNOWN,UNKNOWN,https://www.namuya.co.kr/food/food.php?cat_no=7,2026-10-04,,franchise-quality-v1,OFFICIAL_MENU_DETAIL,,,false,EF9ADCCFA5CC73DEF6C58AD2BE7ACD2B88547997392B93A524A841D23C033650
official-quality-namuya-2ae8dd49a869,QUALITY-NAMUYA-2AE8DD49A869,국수나무,물냉불고기정식,,,,,UNKNOWN,UNKNOWN,https://www.namuya.co.kr/food/food.php,2026-10-04,,franchise-quality-v1,OFFICIAL_MENU_DETAIL,,,false,35EE683361DD4D2EC60A9BCE5B204BD3A71A9B4AEFFD46DC45E9BEAC94AD557A
official-quality-namuya-2b98c67c5975,QUALITY-NAMUYA-2B98C67C5975,국수나무,돈코츠라멘,돼지 사골에 장시간 우려내어 깊고 구수한 육수에 쫄깃한 면발이 일품,,,,PARTIAL_DESCRIPTION,UNKNOWN,https://www.namuya.co.kr/food/food.php?cat_no=3,2026-10-04,,franchise-quality-v1,OFFICIAL_MENU_DETAIL,,,false,116C6C984EE5AE2387B3C14632EF59027BA82EB6C8463B1952A072E3548B817C
official-quality-namuya-2c2f87fed673,QUALITY-NAMUYA-2C2F87FED673,국수나무,소고기낙지덮밥,메뉴 소개글이 들어갑니다. 소개글을작성해주세요. 메뉴 소개글이 들어갑니다. 소개글을 작성해주세요.,,,,PARTIAL_DESCRIPTION,UNKNOWN,https://www.namuya.co.kr/food/food.php?cat_no=4,2026-10-04,,franchise-quality-v1,OFFICIAL_MENU_DETAIL,,,false,24FAA725650F7BBF4104075673CEBFEFCAA39698DD25B8B3CE35B71D32BCE53B
official-quality-namuya-2e60de202244,QUALITY-NAMUYA-2E60DE202244,국수나무,제육돈까스,전국 소울푸드 제육과 돈까스의 콜라보레이션,,,,PARTIAL_DESCRIPTION,UNKNOWN,https://www.namuya.co.kr/food/food.php?cat_no=4,2026-10-04,,franchise-quality-v1,OFFICIAL_MENU_DETAIL,,,false,24FAA725650F7BBF4104075673CEBFEFCAA39698DD25B8B3CE35B71D32BCE53B
official-quality-namuya-30445430d490,QUALITY-NAMUYA-30445430D490,국수나무,물냉면,치밀 쫄깃한 냉면과 시원한 육수의 만남,,,,PARTIAL_DESCRIPTION,UNKNOWN,https://www.namuya.co.kr/food/food.php?cat_no=6,2026-10-04,,franchise-quality-v1,OFFICIAL_MENU_DETAIL,,,false,4A4B1045F19F740F34BFF4BCFA8F1B812D127569DBBC441B90E4F8B26BC1FC76
official-quality-namuya-3083cb767b81,QUALITY-NAMUYA-3083CB767B81,국수나무,쫄면,새콤달콤 매콤 소스와 다양한 야채를 곁들인 쫄면,,,,PARTIAL_DESCRIPTION,UNKNOWN,https://www.namuya.co.kr/food/food.php?cat_no=3,2026-10-04,,franchise-quality-v1,OFFICIAL_MENU_DETAIL,,,false,116C6C984EE5AE2387B3C14632EF59027BA82EB6C8463B1952A072E3548B817C
official-quality-namuya-30ad112ba845,QUALITY-NAMUYA-30AD112BA845,국수나무,쫄비빔면,매콤 소스의 비빔면을 납작만두에 싸먹는 쫄비빔면,,,,PARTIAL_DESCRIPTION,UNKNOWN,https://www.namuya.co.kr/food/food.php?cat_no=2,2026-10-04,,franchise-quality-v1,OFFICIAL_MENU_DETAIL,,,false,365C5354EF727822232750B0496C206BDD8F171AEFCACE9DAA0BC3D8065BA475
official-quality-namuya-32e10ba0e3d3,QUALITY-NAMUYA-32E10BA0E3D3,국수나무,왕만두,,,,,UNKNOWN,UNKNOWN,https://www.namuya.co.kr/food/food.php?cat_no=7,2026-10-04,,franchise-quality-v1,OFFICIAL_MENU_DETAIL,,,false,EF9ADCCFA5CC73DEF6C58AD2BE7ACD2B88547997392B93A524A841D23C033650
official-quality-namuya-33c148d027b7,QUALITY-NAMUYA-33C148D027B7,국수나무,초계국수,시원한 살얼음 육수와 부드러운 닭가슴살의 조화,닭가슴살,,,PARTIAL_DESCRIPTION,UNKNOWN,https://www.namuya.co.kr/food/food.php?cat_no=6,2026-10-04,,franchise-quality-v1,OFFICIAL_MENU_DETAIL,,,false,4A4B1045F19F740F34BFF4BCFA8F1B812D127569DBBC441B90E4F8B26BC1FC76
official-quality-namuya-369d3312f69f,QUALITY-NAMUYA-369D3312F69F,국수나무,바삭갈비만두,,,,,UNKNOWN,UNKNOWN,https://www.namuya.co.kr/food/food.php?cat_no=7,2026-10-04,,franchise-quality-v1,OFFICIAL_MENU_DETAIL,,,false,EF9ADCCFA5CC73DEF6C58AD2BE7ACD2B88547997392B93A524A841D23C033650
official-quality-namuya-3747582df72b,QUALITY-NAMUYA-3747582DF72B,국수나무,폭신폭신계란짬뽕밥 (소고기),우삼겹과 파채가 토핑으로 올라간 얼큰한 소고기 계란짬뽕밥,계란|소고기|우삼겹,,,PARTIAL_DESCRIPTION,UNKNOWN,https://www.namuya.co.kr/food/food.php?cat_no=4,2026-10-04,,franchise-quality-v1,OFFICIAL_MENU_DETAIL,,,false,24FAA725650F7BBF4104075673CEBFEFCAA39698DD25B8B3CE35B71D32BCE53B
official-quality-namuya-397f550117a8,QUALITY-NAMUYA-397F550117A8,국수나무,청양마요돈까스,청양고추로 맛과 색을 낸 소스와 대파 토핑을 함께 즐기는 돈까스,고추,,,PARTIAL_DESCRIPTION,UNKNOWN,https://www.namuya.co.kr/food/food.php?cat_no=5,2026-10-04,,franchise-quality-v1,OFFICIAL_MENU_DETAIL,,,false,F0C26086D27E2EFA4AD1F39A4066430AA5FC74FD80D40C182A731456E22891C8
official-quality-namuya-3992e4e5a28e,QUALITY-NAMUYA-3992E4E5A28E,국수나무,냉국수,살얼음 슬러시 육수와 생면의 쫄깃함이 살아있는 냉국수,,,,PARTIAL_DESCRIPTION,UNKNOWN,https://www.namuya.co.kr/food/food.php?cat_no=2,2026-10-04,,franchise-quality-v1,OFFICIAL_MENU_DETAIL,,,false,365C5354EF727822232750B0496C206BDD8F171AEFCACE9DAA0BC3D8065BA475
official-quality-namuya-3b85a8642b49,QUALITY-NAMUYA-3B85A8642B49,국수나무,규동(소고기덮밥),훈연한 가다랑어포 간장소스로 졸여낸 소고기가 올라간 덮밥,소고기,,,PARTIAL_DESCRIPTION,UNKNOWN,https://www.namuya.co.kr/food/food.php?cat_no=4,2026-10-04,,franchise-quality-v1,OFFICIAL_MENU_DETAIL,,,false,24FAA725650F7BBF4104075673CEBFEFCAA39698DD25B8B3CE35B71D32BCE53B
official-quality-namuya-3babe2c6bf7e,QUALITY-NAMUYA-3BABE2C6BF7E,국수나무,지단육개장우동,칼칼하고 매콤한 육개장에 쫀득한 우동을 넣어 든든하게 즐기는 육개장 우동,,,,PARTIAL_DESCRIPTION,UNKNOWN,https://www.namuya.co.kr/food/food.php?cat_no=6,2026-10-04,,franchise-quality-v1,OFFICIAL_MENU_DETAIL,,,false,4A4B1045F19F740F34BFF4BCFA8F1B812D127569DBBC441B90E4F8B26BC1FC76
official-quality-namuya-42d72dff96cc,QUALITY-NAMUYA-42D72DFF96CC,국수나무,미니수육,,,,,UNKNOWN,UNKNOWN,https://www.namuya.co.kr/food/food.php?cat_no=7,2026-10-04,,franchise-quality-v1,OFFICIAL_MENU_DETAIL,,,false,EF9ADCCFA5CC73DEF6C58AD2BE7ACD2B88547997392B93A524A841D23C033650
official-quality-namuya-4481a579301e,QUALITY-NAMUYA-4481A579301E,국수나무,만들어먹는주먹밥,,,,,UNKNOWN,UNKNOWN,https://www.namuya.co.kr/food/food.php?cat_no=7,2026-10-04,,franchise-quality-v1,OFFICIAL_MENU_DETAIL,,,false,EF9ADCCFA5CC73DEF6C58AD2BE7ACD2B88547997392B93A524A841D23C033650
official-quality-namuya-450d5926a8e3,QUALITY-NAMUYA-450D5926A8E3,국수나무,비빔냉면,매콤 새콤한 비빔장과 치밀 쫄깃한 냉면의 만남,,,,PARTIAL_DESCRIPTION,UNKNOWN,https://www.namuya.co.kr/food/food.php?cat_no=6,2026-10-04,,franchise-quality-v1,OFFICIAL_MENU_DETAIL,,,false,4A4B1045F19F740F34BFF4BCFA8F1B812D127569DBBC441B90E4F8B26BC1FC76
official-quality-namuya-48264add0563,QUALITY-NAMUYA-48264ADD0563,국수나무,로제돈까스,바삭한 등심돈까스에 부드러운 로제 소스를 곁들인 돈까스,등심,,,PARTIAL_DESCRIPTION,UNKNOWN,https://www.namuya.co.kr/food/food.php?cat_no=5,2026-10-04,,franchise-quality-v1,OFFICIAL_MENU_DETAIL,,,false,F0C26086D27E2EFA4AD1F39A4066430AA5FC74FD80D40C182A731456E22891C8
official-quality-namuya-494727279a90,QUALITY-NAMUYA-494727279A90,국수나무,치킨가라아게,,,,,UNKNOWN,UNKNOWN,https://www.namuya.co.kr/food/food.php?cat_no=7,2026-10-04,,franchise-quality-v1,OFFICIAL_MENU_DETAIL,,,false,EF9ADCCFA5CC73DEF6C58AD2BE7ACD2B88547997392B93A524A841D23C033650
official-quality-namuya-5150a0d91129,QUALITY-NAMUYA-5150A0D91129,국수나무,낙지비빔칼국수,매콤한 양념에 탱글한 낙지와 칼국수를 비벼낸 감칠맛 가득한 별미,낙지,,,PARTIAL_DESCRIPTION,UNKNOWN,https://www.namuya.co.kr/food/food.php?cat_no=3,2026-10-04,,franchise-quality-v1,OFFICIAL_MENU_DETAIL,,,false,116C6C984EE5AE2387B3C14632EF59027BA82EB6C8463B1952A072E3548B817C
official-quality-namuya-54d980a9eed0,QUALITY-NAMUYA-54D980A9EED0,국수나무,돈까스카레덮밥,등심 돈까스와 카레덮밥을 동시에 즐겨 더욱 푸짐한 카레덮밥,등심,,,PARTIAL_DESCRIPTION,UNKNOWN,https://www.namuya.co.kr/food/food.php?cat_no=4,2026-10-04,,franchise-quality-v1,OFFICIAL_MENU_DETAIL,,,false,24FAA725650F7BBF4104075673CEBFEFCAA39698DD25B8B3CE35B71D32BCE53B
official-quality-namuya-57f525c66f2a,QUALITY-NAMUYA-57F525C66F2A,국수나무,15cm 감자전,,,,,UNKNOWN,UNKNOWN,https://www.namuya.co.kr/food/food.php?cat_no=7,2026-10-04,,franchise-quality-v1,OFFICIAL_MENU_DETAIL,,,false,EF9ADCCFA5CC73DEF6C58AD2BE7ACD2B88547997392B93A524A841D23C033650
official-quality-namuya-5d2b366ea2d1,QUALITY-NAMUYA-5D2B366EA2D1,국수나무,옛날왕돈까스,메뉴 소개글이 들어갑니다. 소개글을작성해주세요. 메뉴 소개글이 들어갑니다. 소개글을 작성해주세요.,,,,PARTIAL_DESCRIPTION,UNKNOWN,https://www.namuya.co.kr/food/food.php?cat_no=5,2026-10-04,,franchise-quality-v1,OFFICIAL_MENU_DETAIL,,,false,F0C26086D27E2EFA4AD1F39A4066430AA5FC74FD80D40C182A731456E22891C8
official-quality-namuya-5d6928621487,QUALITY-NAMUYA-5D6928621487,국수나무,미니우동,,,,,UNKNOWN,UNKNOWN,https://www.namuya.co.kr/food/food.php?cat_no=7,2026-10-04,,franchise-quality-v1,OFFICIAL_MENU_DETAIL,,,false,EF9ADCCFA5CC73DEF6C58AD2BE7ACD2B88547997392B93A524A841D23C033650
official-quality-namuya-5daec0147e0e,QUALITY-NAMUYA-5DAEC0147E0E,국수나무,냉치정식,,,,,UNKNOWN,UNKNOWN,https://www.namuya.co.kr/food/food.php,2026-10-04,,franchise-quality-v1,OFFICIAL_MENU_DETAIL,,,false,35EE683361DD4D2EC60A9BCE5B204BD3A71A9B4AEFFD46DC45E9BEAC94AD557A
official-quality-namuya-5dc2e12a0a30,QUALITY-NAMUYA-5DC2E12A0A30,국수나무,탄탄멘,돼지 사골에 장시간 우려낸 육수를 베이스로한 얼큰한 스타일의 라멘,,,,PARTIAL_DESCRIPTION,UNKNOWN,https://www.namuya.co.kr/food/food.php?cat_no=3,2026-10-04,,franchise-quality-v1,OFFICIAL_MENU_DETAIL,,,false,116C6C984EE5AE2387B3C14632EF59027BA82EB6C8463B1952A072E3548B817C
official-quality-namuya-6c252192b8be,QUALITY-NAMUYA-6C252192B8BE,국수나무,가츠동,훈연한 가다랑어포로 맛을 내어 풍미 깊은 농축 간장소스와 국내산 돈까스를 사용한 일본식 돈까스 덮밥,,,,PARTIAL_DESCRIPTION,UNKNOWN,https://www.namuya.co.kr/food/food.php?cat_no=4,2026-10-04,,franchise-quality-v1,OFFICIAL_MENU_DETAIL,,,false,24FAA725650F7BBF4104075673CEBFEFCAA39698DD25B8B3CE35B71D32BCE53B
official-quality-namuya-720abe6e35d9,QUALITY-NAMUYA-720ABE6E35D9,국수나무,소치정식,,,,,UNKNOWN,UNKNOWN,https://www.namuya.co.kr/food/food.php,2026-10-04,,franchise-quality-v1,OFFICIAL_MENU_DETAIL,,,false,35EE683361DD4D2EC60A9BCE5B204BD3A71A9B4AEFFD46DC45E9BEAC94AD557A
official-quality-namuya-816dec069012,QUALITY-NAMUYA-816DEC069012,국수나무,잔치(생면)국수,72시간 저온숙성한 생면과 진한 육수가 일품인 대표 국수,,,,PARTIAL_DESCRIPTION,UNKNOWN,https://www.namuya.co.kr/food/food.php?cat_no=2,2026-10-04,,franchise-quality-v1,OFFICIAL_MENU_DETAIL,,,false,365C5354EF727822232750B0496C206BDD8F171AEFCACE9DAA0BC3D8065BA475
official-quality-namuya-8a1bb533bf2c,QUALITY-NAMUYA-8A1BB533BF2C,국수나무,직화제육면,저온숙성 생면 위로 불향 가득 직화 제육볶음을 올린 제육면,,,,PARTIAL_DESCRIPTION,UNKNOWN,https://www.namuya.co.kr/food/food.php?cat_no=2,2026-10-04,,franchise-quality-v1,OFFICIAL_MENU_DETAIL,,,false,365C5354EF727822232750B0496C206BDD8F171AEFCACE9DAA0BC3D8065BA475
official-quality-namuya-8a84939ef5cf,QUALITY-NAMUYA-8A84939EF5CF,국수나무,우삼겹중화얼큰국수,국수나무x셰프들의오픈런 콜라보 메뉴,,,,PARTIAL_DESCRIPTION,UNKNOWN,https://www.namuya.co.kr/food/food.php?cat_no=2,2026-10-04,,franchise-quality-v1,OFFICIAL_MENU_DETAIL,,,false,365C5354EF727822232750B0496C206BDD8F171AEFCACE9DAA0BC3D8065BA475
official-quality-namuya-8ac8aa9e05fa,QUALITY-NAMUYA-8AC8AA9E05FA,국수나무,갈비만두,,,,,UNKNOWN,UNKNOWN,https://www.namuya.co.kr/food/food.php?cat_no=7,2026-10-04,,franchise-quality-v1,OFFICIAL_MENU_DETAIL,,,false,EF9ADCCFA5CC73DEF6C58AD2BE7ACD2B88547997392B93A524A841D23C033650
official-quality-namuya-9d4979407091,QUALITY-NAMUYA-9D4979407091,국수나무,열무냉면,아삭한 열무김치와 치밀 쫄깃한 냉면의 만남,김치|열무|열무김치,,,PARTIAL_DESCRIPTION,UNKNOWN,https://www.namuya.co.kr/food/food.php?cat_no=6,2026-10-04,,franchise-quality-v1,OFFICIAL_MENU_DETAIL,,,false,4A4B1045F19F740F34BFF4BCFA8F1B812D127569DBBC441B90E4F8B26BC1FC76
official-quality-namuya-a3df830aa13d,QUALITY-NAMUYA-A3DF830AA13D,국수나무,새우튀김우동,새우튀김이 올라가 더욱 풍성한 국수나무 인기 우동,새우,,,PARTIAL_DESCRIPTION,UNKNOWN,https://www.namuya.co.kr/food/food.php?cat_no=3,2026-10-04,,franchise-quality-v1,OFFICIAL_MENU_DETAIL,,,false,116C6C984EE5AE2387B3C14632EF59027BA82EB6C8463B1952A072E3548B817C
official-quality-namuya-a4101a43101e,QUALITY-NAMUYA-A4101A43101E,국수나무,깨마니비빔막국수,국내산 메밀국수 위로 매콤새콤한 비빔장을 올린 건강한 비빔 메밀국수,,,,PARTIAL_DESCRIPTION,UNKNOWN,https://www.namuya.co.kr/food/food.php?cat_no=3,2026-10-04,,franchise-quality-v1,OFFICIAL_MENU_DETAIL,,,false,116C6C984EE5AE2387B3C14632EF59027BA82EB6C8463B1952A072E3548B817C
official-quality-namuya-a76ac509be65,QUALITY-NAMUYA-A76AC509BE65,국수나무,폭신폭신계란짬뽕밥 (해물),"다양한 해산물과 돼지고기, 야채가 푸짐하게 더해진 계란짬뽕밥",계란|돼지고기,,,PARTIAL_DESCRIPTION,UNKNOWN,https://www.namuya.co.kr/food/food.php?cat_no=4,2026-10-04,,franchise-quality-v1,OFFICIAL_MENU_DETAIL,,,false,24FAA725650F7BBF4104075673CEBFEFCAA39698DD25B8B3CE35B71D32BCE53B
official-quality-namuya-b036e56716bb,QUALITY-NAMUYA-B036E56716BB,국수나무,메밀소바,생고추냉이와 직접 간 무즙이 곁들여진 메밀소바,고추,,,PARTIAL_DESCRIPTION,UNKNOWN,https://www.namuya.co.kr/food/food.php?cat_no=3,2026-10-04,,franchise-quality-v1,OFFICIAL_MENU_DETAIL,,,false,116C6C984EE5AE2387B3C14632EF59027BA82EB6C8463B1952A072E3548B817C
official-quality-namuya-b32504722c7d,QUALITY-NAMUYA-B32504722C7D,국수나무,소고기짬뽕,우삼겹과 대파가 토핑으로 올라간 얼큰 소고기 짬뽕,소고기|우삼겹,,,PARTIAL_DESCRIPTION,UNKNOWN,https://www.namuya.co.kr/food/food.php?cat_no=2,2026-10-04,,franchise-quality-v1,OFFICIAL_MENU_DETAIL,,,false,365C5354EF727822232750B0496C206BDD8F171AEFCACE9DAA0BC3D8065BA475
official-quality-namuya-b4d32b2d3915,QUALITY-NAMUYA-B4D32B2D3915,국수나무,소낙정식,,,,,UNKNOWN,UNKNOWN,https://www.namuya.co.kr/food/food.php,2026-10-04,,franchise-quality-v1,OFFICIAL_MENU_DETAIL,,,false,35EE683361DD4D2EC60A9BCE5B204BD3A71A9B4AEFFD46DC45E9BEAC94AD557A
official-quality-namuya-b50993f75dee,QUALITY-NAMUYA-B50993F75DEE,국수나무,아쿠아돈까스,신선한 야채와 바삭한 돈까스를 오리엔탈드레싱과 즐기는 돈까스,,,,PARTIAL_DESCRIPTION,UNKNOWN,https://www.namuya.co.kr/food/food.php?cat_no=5,2026-10-04,,franchise-quality-v1,OFFICIAL_MENU_DETAIL,,,false,F0C26086D27E2EFA4AD1F39A4066430AA5FC74FD80D40C182A731456E22891C8
official-quality-namuya-b5993435b2f4,QUALITY-NAMUYA-B5993435B2F4,국수나무,순콩국수,고소한 국내산 콩국물과 생면의 건강한 만남,,,,PARTIAL_DESCRIPTION,UNKNOWN,https://www.namuya.co.kr/food/food.php?cat_no=6,2026-10-04,,franchise-quality-v1,OFFICIAL_MENU_DETAIL,,,false,4A4B1045F19F740F34BFF4BCFA8F1B812D127569DBBC441B90E4F8B26BC1FC76
official-quality-namuya-bf2e4624d123,QUALITY-NAMUYA-BF2E4624D123,국수나무,직화제육덮밥,불향 가득 직화 제육볶음과 계란후라이가 올라간 제육덮밥,계란,,,PARTIAL_DESCRIPTION,UNKNOWN,https://www.namuya.co.kr/food/food.php?cat_no=4,2026-10-04,,franchise-quality-v1,OFFICIAL_MENU_DETAIL,,,false,24FAA725650F7BBF4104075673CEBFEFCAA39698DD25B8B3CE35B71D32BCE53B
official-quality-namuya-c32ee6456393,QUALITY-NAMUYA-C32EE6456393,국수나무,칼국수,정성껏 우려낸 깊은 육수에 탱글한 칼국수를 더한 따뜻한 한 그릇,,,,PARTIAL_DESCRIPTION,UNKNOWN,https://www.namuya.co.kr/food/food.php?cat_no=3,2026-10-04,,franchise-quality-v1,OFFICIAL_MENU_DETAIL,,,false,116C6C984EE5AE2387B3C14632EF59027BA82EB6C8463B1952A072E3548B817C
official-quality-namuya-c35655039913,QUALITY-NAMUYA-C35655039913,국수나무,미니고구마치즈돈까스,,,,,UNKNOWN,UNKNOWN,https://www.namuya.co.kr/food/food.php?cat_no=7,2026-10-04,,franchise-quality-v1,OFFICIAL_MENU_DETAIL,,,false,EF9ADCCFA5CC73DEF6C58AD2BE7ACD2B88547997392B93A524A841D23C033650
official-quality-namuya-c8c10030c646,QUALITY-NAMUYA-C8C10030C646,국수나무,비냉불고기정식,,,,,UNKNOWN,UNKNOWN,https://www.namuya.co.kr/food/food.php,2026-10-04,,franchise-quality-v1,OFFICIAL_MENU_DETAIL,,,false,35EE683361DD4D2EC60A9BCE5B204BD3A71A9B4AEFFD46DC45E9BEAC94AD557A
official-quality-namuya-ca4554268fb0,QUALITY-NAMUYA-CA4554268FB0,국수나무,비빔납작만두,,,,,UNKNOWN,UNKNOWN,https://www.namuya.co.kr/food/food.php?cat_no=7,2026-10-04,,franchise-quality-v1,OFFICIAL_MENU_DETAIL,,,false,EF9ADCCFA5CC73DEF6C58AD2BE7ACD2B88547997392B93A524A841D23C033650
official-quality-namuya-ce327c83fb65,QUALITY-NAMUYA-CE327C83FB65,국수나무,국만정식,,,,,UNKNOWN,UNKNOWN,https://www.namuya.co.kr/food/food.php,2026-10-04,,franchise-quality-v1,OFFICIAL_MENU_DETAIL,,,false,35EE683361DD4D2EC60A9BCE5B204BD3A71A9B4AEFFD46DC45E9BEAC94AD557A
official-quality-namuya-d1060ce9460e,QUALITY-NAMUYA-D1060CE9460E,국수나무,등심치즈돈까스,자연의 우유를 사용한 순 자연치즈 100% 등심치즈돈까스,등심|우유|치즈,,,PARTIAL_DESCRIPTION,UNKNOWN,https://www.namuya.co.kr/food/food.php?cat_no=5,2026-10-04,,franchise-quality-v1,OFFICIAL_MENU_DETAIL,,,false,F0C26086D27E2EFA4AD1F39A4066430AA5FC74FD80D40C182A731456E22891C8
official-quality-namuya-d1b3bf3339ee,QUALITY-NAMUYA-D1B3BF3339EE,국수나무,국수나무우동,부드러운 국물에 통통한 면발을 즐기는 우동,,,,PARTIAL_DESCRIPTION,UNKNOWN,https://www.namuya.co.kr/food/food.php?cat_no=3,2026-10-04,,franchise-quality-v1,OFFICIAL_MENU_DETAIL,,,false,116C6C984EE5AE2387B3C14632EF59027BA82EB6C8463B1952A072E3548B817C
official-quality-namuya-d2b2189625fa,QUALITY-NAMUYA-D2B2189625FA,국수나무,오리엔탈오므라이스,돈까스소스와 갈릭크림소스의 진한 조화를 이룬 오므라이스,크림,,,PARTIAL_DESCRIPTION,UNKNOWN,https://www.namuya.co.kr/food/food.php?cat_no=4,2026-10-04,,franchise-quality-v1,OFFICIAL_MENU_DETAIL,,,false,24FAA725650F7BBF4104075673CEBFEFCAA39698DD25B8B3CE35B71D32BCE53B
official-quality-namuya-d3dc989bab36,QUALITY-NAMUYA-D3DC989BAB36,국수나무,오므라이스정식,,,,,UNKNOWN,UNKNOWN,https://www.namuya.co.kr/food/food.php,2026-10-04,,franchise-quality-v1,OFFICIAL_MENU_DETAIL,,,false,35EE683361DD4D2EC60A9BCE5B204BD3A71A9B4AEFFD46DC45E9BEAC94AD557A
official-quality-namuya-d52c1b5d7c8c,QUALITY-NAMUYA-D52C1B5D7C8C,국수나무,상하이진한짬뽕,"다양한 해산물과 돼지고기, 야채가 푸짐하게 더해진 짬뽕",돼지고기,,,PARTIAL_DESCRIPTION,UNKNOWN,https://www.namuya.co.kr/food/food.php?cat_no=2,2026-10-04,,franchise-quality-v1,OFFICIAL_MENU_DETAIL,,,false,365C5354EF727822232750B0496C206BDD8F171AEFCACE9DAA0BC3D8065BA475
official-quality-namuya-d97df593689a,QUALITY-NAMUYA-D97DF593689A,국수나무,직화제육정식,,,,,UNKNOWN,UNKNOWN,https://www.namuya.co.kr/food/food.php,2026-10-04,,franchise-quality-v1,OFFICIAL_MENU_DETAIL,,,false,35EE683361DD4D2EC60A9BCE5B204BD3A71A9B4AEFFD46DC45E9BEAC94AD557A
official-quality-namuya-dd05a25d9b27,QUALITY-NAMUYA-DD05A25D9B27,국수나무,깨마니정식,,,,,UNKNOWN,UNKNOWN,https://www.namuya.co.kr/food/food.php,2026-10-04,,franchise-quality-v1,OFFICIAL_MENU_DETAIL,,,false,35EE683361DD4D2EC60A9BCE5B204BD3A71A9B4AEFFD46DC45E9BEAC94AD557A
official-quality-namuya-e40617603209,QUALITY-NAMUYA-E40617603209,국수나무,매콤달달 生 비빔국수,72시간 저온숙성 생면과 배를 갈아넣은 매콤달달 소스로 향수를 불러일으키는 추억의 메뉴,,,,PARTIAL_DESCRIPTION,UNKNOWN,https://www.namuya.co.kr/food/food.php?cat_no=2,2026-10-04,,franchise-quality-v1,OFFICIAL_MENU_DETAIL,,,false,365C5354EF727822232750B0496C206BDD8F171AEFCACE9DAA0BC3D8065BA475
official-quality-namuya-e68824e57c19,QUALITY-NAMUYA-E68824E57C19,국수나무,새우튀김,,,,,UNKNOWN,UNKNOWN,https://www.namuya.co.kr/food/food.php?cat_no=7,2026-10-04,,franchise-quality-v1,OFFICIAL_MENU_DETAIL,,,false,EF9ADCCFA5CC73DEF6C58AD2BE7ACD2B88547997392B93A524A841D23C033650
official-quality-namuya-e6a85402be00,QUALITY-NAMUYA-E6A85402BE00,국수나무,돈쭐정식,,,,,UNKNOWN,UNKNOWN,https://www.namuya.co.kr/food/food.php,2026-10-04,,franchise-quality-v1,OFFICIAL_MENU_DETAIL,,,false,35EE683361DD4D2EC60A9BCE5B204BD3A71A9B4AEFFD46DC45E9BEAC94AD557A
official-quality-namuya-e701d08bf388,QUALITY-NAMUYA-E701D08BF388,국수나무,산더미 애호박국수,국내산 애호박이 산더미로 올라가 부드럽고 담백한 맛의 애호박국수 * 경상도식 고추 다대기 제공,고추|애호박,,,PARTIAL_DESCRIPTION,UNKNOWN,https://www.namuya.co.kr/food/food.php?cat_no=2,2026-10-04,,franchise-quality-v1,OFFICIAL_MENU_DETAIL,,,false,365C5354EF727822232750B0496C206BDD8F171AEFCACE9DAA0BC3D8065BA475
official-quality-namuya-ed52e3f05cd9,QUALITY-NAMUYA-ED52E3F05CD9,국수나무,해물칼국수,쫄깃한 면발에신선한 해물을 듬뿍 담은 시원한 바다향 칼국수,,,,PARTIAL_DESCRIPTION,UNKNOWN,https://www.namuya.co.kr/food/food.php?cat_no=3,2026-10-04,,franchise-quality-v1,OFFICIAL_MENU_DETAIL,,,false,116C6C984EE5AE2387B3C14632EF59027BA82EB6C8463B1952A072E3548B817C
official-quality-namuya-ef415ef29efe,QUALITY-NAMUYA-EF415EF29EFE,국수나무,지단육개장,정성을 다해 끓여내 얼큰한 맛과 시원한 맛을 느낄 수 있는 전통 육개장,,,,PARTIAL_DESCRIPTION,UNKNOWN,https://www.namuya.co.kr/food/food.php?cat_no=6,2026-10-04,,franchise-quality-v1,OFFICIAL_MENU_DETAIL,,,false,4A4B1045F19F740F34BFF4BCFA8F1B812D127569DBBC441B90E4F8B26BC1FC76
official-quality-namuya-f33869f9fb5a,QUALITY-NAMUYA-F33869F9FB5A,국수나무,치킨카레덮밥,치킨 가라아게와 카레덮밥을 동시에 즐겨 더욱 푸짐한 카레덮밥,,,,PARTIAL_DESCRIPTION,UNKNOWN,https://www.namuya.co.kr/food/food.php?cat_no=4,2026-10-04,,franchise-quality-v1,OFFICIAL_MENU_DETAIL,,,false,24FAA725650F7BBF4104075673CEBFEFCAA39698DD25B8B3CE35B71D32BCE53B
official-quality-namuya-f4f6805e3d8d,QUALITY-NAMUYA-F4F6805E3D8D,국수나무,연탄직화불고기,,,,,UNKNOWN,UNKNOWN,https://www.namuya.co.kr/food/food.php?cat_no=7,2026-10-04,,franchise-quality-v1,OFFICIAL_MENU_DETAIL,,,false,EF9ADCCFA5CC73DEF6C58AD2BE7ACD2B88547997392B93A524A841D23C033650
official-quality-namuya-f752b968562d,QUALITY-NAMUYA-F752B968562D,국수나무,15cm 김치전,,,,,UNKNOWN,UNKNOWN,https://www.namuya.co.kr/food/food.php?cat_no=7,2026-10-04,,franchise-quality-v1,OFFICIAL_MENU_DETAIL,,,false,EF9ADCCFA5CC73DEF6C58AD2BE7ACD2B88547997392B93A524A841D23C033650
official-quality-namuya-f8766108a3f8,QUALITY-NAMUYA-F8766108A3F8,국수나무,김치찌개돈까스,김치찌개와 등심 돈까스를 동시에 즐길 수 있어 푸짐함 두배 *공기밥 제공,김치|등심,,,PARTIAL_DESCRIPTION,UNKNOWN,https://www.namuya.co.kr/food/food.php?cat_no=4,2026-10-04,,franchise-quality-v1,OFFICIAL_MENU_DETAIL,,,false,24FAA725650F7BBF4104075673CEBFEFCAA39698DD25B8B3CE35B71D32BCE53B
official-quality-namuya-f9bc98bb32dd,QUALITY-NAMUYA-F9BC98BB32DD,국수나무,김치듬뿍국수,김치가 듬뿍 들어간 잔치국수,김치,,,PARTIAL_DESCRIPTION,UNKNOWN,https://www.namuya.co.kr/food/food.php?cat_no=2,2026-10-04,,franchise-quality-v1,OFFICIAL_MENU_DETAIL,,,false,365C5354EF727822232750B0496C206BDD8F171AEFCACE9DAA0BC3D8065BA475
official-quality-namuya-fbba73579db1,QUALITY-NAMUYA-FBBA73579DB1,국수나무,베트남소고기쌀국수,"숙주와 양파, 소고기 토핑이 어우러진 베트남식 쌀국수",소고기|숙주|양파,,,PARTIAL_DESCRIPTION,UNKNOWN,https://www.namuya.co.kr/food/food.php?cat_no=3,2026-10-04,,franchise-quality-v1,OFFICIAL_MENU_DETAIL,,,false,116C6C984EE5AE2387B3C14632EF59027BA82EB6C8463B1952A072E3548B817C
official-quality-namuya-fd352f027f33,QUALITY-NAMUYA-FD352F027F33,국수나무,김말이,,,,,UNKNOWN,UNKNOWN,https://www.namuya.co.kr/food/food.php?cat_no=7,2026-10-04,,franchise-quality-v1,OFFICIAL_MENU_DETAIL,,,false,EF9ADCCFA5CC73DEF6C58AD2BE7ACD2B88547997392B93A524A841D23C033650
official-quality-namuya-fe0466842fd1,QUALITY-NAMUYA-FE0466842FD1,국수나무,초계비빔국수,"아삭한 채소와 부드러운 닭가슴살, 매콤달콤 소스의 조화",닭가슴살,,,PARTIAL_DESCRIPTION,UNKNOWN,https://www.namuya.co.kr/food/food.php?cat_no=6,2026-10-04,,franchise-quality-v1,OFFICIAL_MENU_DETAIL,,,false,4A4B1045F19F740F34BFF4BCFA8F1B812D127569DBBC441B90E4F8B26BC1FC76
official-quality-pokeallday-019f085377ad,QUALITY-POKEALLDAY-019F085377AD,포케올데이,아메리카노,,,,,UNKNOWN,UNKNOWN,https://pokeallday.co.kr/nutrition,2026-10-04,,franchise-quality-v1,OFFICIAL_MENU_DETAIL,,,false,482E49594576CFC93DCBD9749A9EB8642E2EB20C1DE926738883997191A8A963
official-quality-pokeallday-18bc902a76aa,QUALITY-POKEALLDAY-18BC902A76AA,포케올데이,프로틴 곡물라떼,,,,,UNKNOWN,UNKNOWN,https://pokeallday.co.kr/nutrition,2026-10-04,,franchise-quality-v1,OFFICIAL_MENU_DETAIL,,,false,482E49594576CFC93DCBD9749A9EB8642E2EB20C1DE926738883997191A8A963
official-quality-pokeallday-2c030f1e481b,QUALITY-POKEALLDAY-2C030F1E481B,포케올데이,토마토&당근,,,,,UNKNOWN,UNKNOWN,https://pokeallday.co.kr/nutrition,2026-10-04,,franchise-quality-v1,OFFICIAL_MENU_DETAIL,,,false,482E49594576CFC93DCBD9749A9EB8642E2EB20C1DE926738883997191A8A963
official-quality-pokeallday-470b38d0102e,QUALITY-POKEALLDAY-470B38D0102E,포케올데이,닭다리살 밸런스 박스,,,,,UNKNOWN,UNKNOWN,https://pokeallday.co.kr/menu_balance_box,2026-10-04,,franchise-quality-v1,OFFICIAL_MENU_DETAIL,,,false,717332DF096A09D0633B10AF4D113398A850843C6D229F2F7C9400302874441C
official-quality-pokeallday-5348daeb79aa,QUALITY-POKEALLDAY-5348DAEB79AA,포케올데이,훈제오리 밸런스 박스,,,,,UNKNOWN,UNKNOWN,https://pokeallday.co.kr/menu_balance_box,2026-10-04,,franchise-quality-v1,OFFICIAL_MENU_DETAIL,,,false,717332DF096A09D0633B10AF4D113398A850843C6D229F2F7C9400302874441C
official-quality-pokeallday-631144c60af7,QUALITY-POKEALLDAY-631144C60AF7,포케올데이,닭가슴살 밸런스 박스,,,,,UNKNOWN,UNKNOWN,https://pokeallday.co.kr/menu_balance_box,2026-10-04,,franchise-quality-v1,OFFICIAL_MENU_DETAIL,,,false,717332DF096A09D0633B10AF4D113398A850843C6D229F2F7C9400302874441C
official-quality-pokeallday-7660a7e41552,QUALITY-POKEALLDAY-7660A7E41552,포케올데이,프로틴 초코라떼,,,,,UNKNOWN,UNKNOWN,https://pokeallday.co.kr/nutrition,2026-10-04,,franchise-quality-v1,OFFICIAL_MENU_DETAIL,,,false,482E49594576CFC93DCBD9749A9EB8642E2EB20C1DE926738883997191A8A963
official-quality-pokeallday-7de2c7b68ab3,QUALITY-POKEALLDAY-7DE2C7B68AB3,포케올데이,소고기 밸런스 박스,,,,,UNKNOWN,UNKNOWN,https://pokeallday.co.kr/menu_balance_box,2026-10-04,,franchise-quality-v1,OFFICIAL_MENU_DETAIL,,,false,717332DF096A09D0633B10AF4D113398A850843C6D229F2F7C9400302874441C
official-quality-pokeallday-8676811568bf,QUALITY-POKEALLDAY-8676811568BF,포케올데이,비트&당근,,,,,UNKNOWN,UNKNOWN,https://pokeallday.co.kr/nutrition,2026-10-04,,franchise-quality-v1,OFFICIAL_MENU_DETAIL,,,false,482E49594576CFC93DCBD9749A9EB8642E2EB20C1DE926738883997191A8A963
official-quality-pokeallday-8da0dbf6de1b,QUALITY-POKEALLDAY-8DA0DBF6DE1B,포케올데이,시트러스 얼그레이 콤부,,,,,UNKNOWN,UNKNOWN,https://pokeallday.co.kr/nutrition,2026-10-04,,franchise-quality-v1,OFFICIAL_MENU_DETAIL,,,false,482E49594576CFC93DCBD9749A9EB8642E2EB20C1DE926738883997191A8A963
official-quality-pokeallday-e7e9b01e14b1,QUALITY-POKEALLDAY-E7E9B01E14B1,포케올데이,두부버섯 밸런스 박스,,,,,UNKNOWN,UNKNOWN,https://pokeallday.co.kr/menu_balance_box,2026-10-04,,franchise-quality-v1,OFFICIAL_MENU_DETAIL,,,false,717332DF096A09D0633B10AF4D113398A850843C6D229F2F7C9400302874441C
official-quality-pokeallday-e88a05b81c98,QUALITY-POKEALLDAY-E88A05B81C98,포케올데이,피치 캐모마일 콤부,,,,,UNKNOWN,UNKNOWN,https://pokeallday.co.kr/nutrition,2026-10-04,,franchise-quality-v1,OFFICIAL_MENU_DETAIL,,,false,482E49594576CFC93DCBD9749A9EB8642E2EB20C1DE926738883997191A8A963
official-quality-pokeallday-f0700a3ea3ba,QUALITY-POKEALLDAY-F0700A3EA3BA,포케올데이,케일&사과,,,,,UNKNOWN,UNKNOWN,https://pokeallday.co.kr/nutrition,2026-10-04,,franchise-quality-v1,OFFICIAL_MENU_DETAIL,,,false,482E49594576CFC93DCBD9749A9EB8642E2EB20C1DE926738883997191A8A963
official-quality-pokeallday-fd489d380bf1,QUALITY-POKEALLDAY-FD489D380BF1,포케올데이,애사비 콤부,,,,,UNKNOWN,UNKNOWN,https://pokeallday.co.kr/nutrition,2026-10-04,,franchise-quality-v1,OFFICIAL_MENU_DETAIL,,,false,482E49594576CFC93DCBD9749A9EB8642E2EB20C1DE926738883997191A8A963
official-quality-schoolfood-01436b2c6a63,QUALITY-SCHOOLFOOD-01436B2C6A63,스쿨푸드,소고기 얼큰 쌀국수,직접 끓여 우려낸 진한 국물에 얼큰함이 더해져 속이 확 풀리는 소고기 쌀국수,소고기,,,PARTIAL_DESCRIPTION,UNKNOWN,http://schoolfood.freewebclub.com/menu/menu.html,2026-10-04,,franchise-quality-v1,OFFICIAL_MENU_DETAIL,,,false,9FBE5F0C76D6601DC047AFBDB212A6D18D4071D6BB752156B9028BC323C9A89B
official-quality-schoolfood-03d1d2db2cc2,QUALITY-SCHOOLFOOD-03D1D2DB2CC2,스쿨푸드,모짜렐라 스페셜Ⅰ,모짜렐라 스팸 계란 마리 + 모짜렐라 통새우 계란 마리,계란|새우,,,PARTIAL_DESCRIPTION,UNKNOWN,http://schoolfood.freewebclub.com/menu/menu.html,2026-10-04,,franchise-quality-v1,OFFICIAL_MENU_DETAIL,,,false,9FBE5F0C76D6601DC047AFBDB212A6D18D4071D6BB752156B9028BC323C9A89B
official-quality-schoolfood-1663e51ffeb2,QUALITY-SCHOOLFOOD-1663E51FFEB2,스쿨푸드,로스카츠,바삭하고 두툼한 돈까스와 새우튀김을 함께 즐기는 스쿨푸드만의 로스카츠,새우,,,PARTIAL_DESCRIPTION,UNKNOWN,http://schoolfood.freewebclub.com/menu/menu.html,2026-10-04,,franchise-quality-v1,OFFICIAL_MENU_DETAIL,,,false,9FBE5F0C76D6601DC047AFBDB212A6D18D4071D6BB752156B9028BC323C9A89B
official-quality-schoolfood-170563e17c5d,QUALITY-SCHOOLFOOD-170563E17C5D,스쿨푸드,마요소스,평범한 음식은 특별하게! 고소하고 부드러운 마요 소스,,,,PARTIAL_DESCRIPTION,UNKNOWN,http://schoolfood.freewebclub.com/menu/menu.html,2026-10-04,,franchise-quality-v1,OFFICIAL_MENU_DETAIL,,,false,9FBE5F0C76D6601DC047AFBDB212A6D18D4071D6BB752156B9028BC323C9A89B
official-quality-schoolfood-17cd793452d1,QUALITY-SCHOOLFOOD-17CD793452D1,스쿨푸드,이태원 부대국밥,얼큰한 춉트햄 부대찌개와 국밥과의 콜라보레이션,,,,PARTIAL_DESCRIPTION,UNKNOWN,http://schoolfood.freewebclub.com/menu/menu.html,2026-10-04,,franchise-quality-v1,OFFICIAL_MENU_DETAIL,,,false,9FBE5F0C76D6601DC047AFBDB212A6D18D4071D6BB752156B9028BC323C9A89B
official-quality-schoolfood-182e9c167be0,QUALITY-SCHOOLFOOD-182E9C167BE0,스쿨푸드,양념범벅 오징어튀김,매콤달콤 스쿨푸드 시그니처 레드스윗 소스로 양념한 오징어튀김,오징어,,,PARTIAL_DESCRIPTION,UNKNOWN,http://schoolfood.freewebclub.com/menu/menu.html,2026-10-04,,franchise-quality-v1,OFFICIAL_MENU_DETAIL,,,false,9FBE5F0C76D6601DC047AFBDB212A6D18D4071D6BB752156B9028BC323C9A89B
official-quality-schoolfood-18a5d6b2adaf,QUALITY-SCHOOLFOOD-18A5D6B2ADAF,스쿨푸드,스페셜마리 IV,전복 + 스팸 + 오징어 먹물 마리,오징어|전복,,,PARTIAL_DESCRIPTION,UNKNOWN,http://schoolfood.freewebclub.com/menu/menu.html,2026-10-04,,franchise-quality-v1,OFFICIAL_MENU_DETAIL,,,false,9FBE5F0C76D6601DC047AFBDB212A6D18D4071D6BB752156B9028BC323C9A89B
official-quality-schoolfood-19101b2afee2,QUALITY-SCHOOLFOOD-19101B2AFEE2,스쿨푸드,치즈스틱,한입 가득 모짜렐라 치즈가 쭉 늘어나는 쌀가루 치즈스틱,치즈,,,PARTIAL_DESCRIPTION,UNKNOWN,http://schoolfood.freewebclub.com/menu/menu.html,2026-10-04,,franchise-quality-v1,OFFICIAL_MENU_DETAIL,,,false,9FBE5F0C76D6601DC047AFBDB212A6D18D4071D6BB752156B9028BC323C9A89B
official-quality-schoolfood-1b46b12618be,QUALITY-SCHOOLFOOD-1B46B12618BE,스쿨푸드,함바그 스테이크,스쿨푸드 특제 소스와 부드러운 계란이 올라간 함바그 스테이크,계란,,,PARTIAL_DESCRIPTION,UNKNOWN,http://schoolfood.freewebclub.com/menu/menu.html,2026-10-04,,franchise-quality-v1,OFFICIAL_MENU_DETAIL,,,false,9FBE5F0C76D6601DC047AFBDB212A6D18D4071D6BB752156B9028BC323C9A89B
official-quality-schoolfood-1ffeeb95e8a3,QUALITY-SCHOOLFOOD-1FFEEB95E8A3,스쿨푸드,떡순이모둠,"길거리표 떡볶이에 순대, 군만두, 계란을 올린 모듬 떡볶이",계란,,,PARTIAL_DESCRIPTION,UNKNOWN,http://schoolfood.freewebclub.com/menu/menu.html,2026-10-04,,franchise-quality-v1,OFFICIAL_MENU_DETAIL,,,false,9FBE5F0C76D6601DC047AFBDB212A6D18D4071D6BB752156B9028BC323C9A89B
official-quality-schoolfood-200c11a53672,QUALITY-SCHOOLFOOD-200C11A53672,스쿨푸드,청양슈프림 순살치킨,크리미한 청양마요 소스에 청양고추 슬라이스가 골고루 뿌려진 순살 치킨,고추,,,PARTIAL_DESCRIPTION,UNKNOWN,http://schoolfood.freewebclub.com/menu/menu.html,2026-10-04,,franchise-quality-v1,OFFICIAL_MENU_DETAIL,,,false,9FBE5F0C76D6601DC047AFBDB212A6D18D4071D6BB752156B9028BC323C9A89B
official-quality-schoolfood-234b1e4f0da8,QUALITY-SCHOOLFOOD-234B1E4F0DA8,스쿨푸드,신김치말이국수,시원한 스쿨푸드의 특제 육수에 신김치와 짱아치가 쏙!,김치,,,PARTIAL_DESCRIPTION,UNKNOWN,http://schoolfood.freewebclub.com/menu/menu.html,2026-10-04,,franchise-quality-v1,OFFICIAL_MENU_DETAIL,,,false,9FBE5F0C76D6601DC047AFBDB212A6D18D4071D6BB752156B9028BC323C9A89B
official-quality-schoolfood-299166c9b9a7,QUALITY-SCHOOLFOOD-299166C9B9A7,스쿨푸드,통새우마리,바삭한 통새우 튀김으로 맛을 낸 마리,새우,,,PARTIAL_DESCRIPTION,UNKNOWN,http://schoolfood.freewebclub.com/menu/menu.html,2026-10-04,,franchise-quality-v1,OFFICIAL_MENU_DETAIL,,,false,9FBE5F0C76D6601DC047AFBDB212A6D18D4071D6BB752156B9028BC323C9A89B
official-quality-schoolfood-29e199c81745,QUALITY-SCHOOLFOOD-29E199C81745,스쿨푸드,소불고기 덮밥,달짝지근한 특제 소스로 볶아낸 부드러운 소불고기를 따뜻한 밥 위에 푸짐하게 담은 덮밥,밥,,,PARTIAL_DESCRIPTION,UNKNOWN,http://schoolfood.freewebclub.com/menu/menu.html,2026-10-04,,franchise-quality-v1,OFFICIAL_MENU_DETAIL,,,false,9FBE5F0C76D6601DC047AFBDB212A6D18D4071D6BB752156B9028BC323C9A89B
official-quality-schoolfood-2c91f5a6e282,QUALITY-SCHOOLFOOD-2C91F5A6E282,스쿨푸드,신비 물냉면,오도독 짱아치가 듬뿍! 시원한 동치미와 사골육수를 섞은 육수가 들어간 물냉면,,,,PARTIAL_DESCRIPTION,UNKNOWN,http://schoolfood.freewebclub.com/menu/menu.html,2026-10-04,,franchise-quality-v1,OFFICIAL_MENU_DETAIL,,,false,9FBE5F0C76D6601DC047AFBDB212A6D18D4071D6BB752156B9028BC323C9A89B
official-quality-schoolfood-2e7168ec0cc2,QUALITY-SCHOOLFOOD-2E7168EC0CC2,스쿨푸드,쟁반국떡,부숴먹을때 더 맛있는 야끼만두와 넉넉한 양의 국물 떡볶이,,,,PARTIAL_DESCRIPTION,UNKNOWN,http://schoolfood.freewebclub.com/menu/menu.html,2026-10-04,,franchise-quality-v1,OFFICIAL_MENU_DETAIL,,,false,9FBE5F0C76D6601DC047AFBDB212A6D18D4071D6BB752156B9028BC323C9A89B
official-quality-schoolfood-31181e3c7d6e,QUALITY-SCHOOLFOOD-31181E3C7D6E,스쿨푸드,오리지널 스팸 필라프,오리지널 스팸과 달콤한 쏘이소스가 어우러진 필라프,,,,PARTIAL_DESCRIPTION,UNKNOWN,http://schoolfood.freewebclub.com/menu/menu.html,2026-10-04,,franchise-quality-v1,OFFICIAL_MENU_DETAIL,,,false,9FBE5F0C76D6601DC047AFBDB212A6D18D4071D6BB752156B9028BC323C9A89B
official-quality-schoolfood-34c7c6f8d2f6,QUALITY-SCHOOLFOOD-34C7C6F8D2F6,스쿨푸드,치킨 마요 덮밥,스쿨푸드 시그니처 마요소스의 깊고 부드러운 맛이 살아있는 치킨 마요 덮밥,,,,PARTIAL_DESCRIPTION,UNKNOWN,http://schoolfood.freewebclub.com/menu/menu.html,2026-10-04,,franchise-quality-v1,OFFICIAL_MENU_DETAIL,,,false,9FBE5F0C76D6601DC047AFBDB212A6D18D4071D6BB752156B9028BC323C9A89B
official-quality-schoolfood-3ebd1f211bbc,QUALITY-SCHOOLFOOD-3EBD1F211BBC,스쿨푸드,모둠튀김,"바삭한 해물야채튀김, 만두 2종, 김말이, 오징어튀김을 한 번에 즐기는 푸짐한 모둠 튀김(8pcs)",오징어,,,PARTIAL_DESCRIPTION,UNKNOWN,http://schoolfood.freewebclub.com/menu/menu.html,2026-10-04,,franchise-quality-v1,OFFICIAL_MENU_DETAIL,,,false,9FBE5F0C76D6601DC047AFBDB212A6D18D4071D6BB752156B9028BC323C9A89B
official-quality-schoolfood-3f7860c9c490,QUALITY-SCHOOLFOOD-3F7860C9C490,스쿨푸드,베이컨 오므라이스,베이컨을 넣은 야채 볶음밥의 고소한 풍미와 계란 스크램블의 부드러운 식감이 일품인 스쿨푸드만의 비법 오므라이스,계란|베이컨,,,PARTIAL_DESCRIPTION,UNKNOWN,http://schoolfood.freewebclub.com/menu/menu.html,2026-10-04,,franchise-quality-v1,OFFICIAL_MENU_DETAIL,,,false,9FBE5F0C76D6601DC047AFBDB212A6D18D4071D6BB752156B9028BC323C9A89B
official-quality-schoolfood-411d2bc9cc00,QUALITY-SCHOOLFOOD-411D2BC9CC00,스쿨푸드,어간장 들기름 막국수,고소한 들기름과 감칠맛 가득한 제주 어간장을 베이스로 만든 메밀 막국수,,,,PARTIAL_DESCRIPTION,UNKNOWN,http://schoolfood.freewebclub.com/menu/menu.html,2026-10-04,,franchise-quality-v1,OFFICIAL_MENU_DETAIL,,,false,9FBE5F0C76D6601DC047AFBDB212A6D18D4071D6BB752156B9028BC323C9A89B
official-quality-schoolfood-4614deb2609f,QUALITY-SCHOOLFOOD-4614DEB2609F,스쿨푸드,오징어튀김,바삭바삭한 오징어 튀김,오징어,,,PARTIAL_DESCRIPTION,UNKNOWN,http://schoolfood.freewebclub.com/menu/menu.html,2026-10-04,,franchise-quality-v1,OFFICIAL_MENU_DETAIL,,,false,9FBE5F0C76D6601DC047AFBDB212A6D18D4071D6BB752156B9028BC323C9A89B
official-quality-schoolfood-465d5537bfb7,QUALITY-SCHOOLFOOD-465D5537BFB7,스쿨푸드,학교 앞 떡볶이,어릴 적 학교 앞에서 먹던 그 시절 그 맛 그대로 순한 맛의 추억의 학교 앞 떡볶이,,,,PARTIAL_DESCRIPTION,UNKNOWN,http://schoolfood.freewebclub.com/menu/menu.html,2026-10-04,,franchise-quality-v1,OFFICIAL_MENU_DETAIL,,,false,9FBE5F0C76D6601DC047AFBDB212A6D18D4071D6BB752156B9028BC323C9A89B
official-quality-schoolfood-47edfe5e9982,QUALITY-SCHOOLFOOD-47EDFE5E9982,스쿨푸드,치즈돈까스,바삭하게 튀겨낸 돈까스 속에 고소한 치즈를 가득 담은 치즈돈까스,치즈,,,PARTIAL_DESCRIPTION,UNKNOWN,http://schoolfood.freewebclub.com/menu/menu.html,2026-10-04,,franchise-quality-v1,OFFICIAL_MENU_DETAIL,,,false,9FBE5F0C76D6601DC047AFBDB212A6D18D4071D6BB752156B9028BC323C9A89B
official-quality-schoolfood-48355a13f817,QUALITY-SCHOOLFOOD-48355A13F817,스쿨푸드,짱아치라면,꼬들꼬들한 면발과 오도독 짱아치를 같이 먹는 시그니쳐 라면,,,,PARTIAL_DESCRIPTION,UNKNOWN,http://schoolfood.freewebclub.com/menu/menu.html,2026-10-04,,franchise-quality-v1,OFFICIAL_MENU_DETAIL,,,false,9FBE5F0C76D6601DC047AFBDB212A6D18D4071D6BB752156B9028BC323C9A89B
official-quality-schoolfood-48e4bbf36bfa,QUALITY-SCHOOLFOOD-48E4BBF36BFA,스쿨푸드,양념범벅 야끼만두,매콤달콤 스쿨푸드 시그니처 레드스윗 소스로 양념한 야끼만두,,,,PARTIAL_DESCRIPTION,UNKNOWN,http://schoolfood.freewebclub.com/menu/menu.html,2026-10-04,,franchise-quality-v1,OFFICIAL_MENU_DETAIL,,,false,9FBE5F0C76D6601DC047AFBDB212A6D18D4071D6BB752156B9028BC323C9A89B
official-quality-schoolfood-493f2f759b20,QUALITY-SCHOOLFOOD-493F2F759B20,스쿨푸드,먹물 까르보나라 파스타 떡볶이,진한 오징어 먹물 소스에 파스타면과 떡볶이를 동시에 즐길 수 있는 파스타 떡볶이,오징어,,,PARTIAL_DESCRIPTION,UNKNOWN,http://schoolfood.freewebclub.com/menu/menu.html,2026-10-04,,franchise-quality-v1,OFFICIAL_MENU_DETAIL,,,false,9FBE5F0C76D6601DC047AFBDB212A6D18D4071D6BB752156B9028BC323C9A89B
official-quality-schoolfood-5435a8e2bace,QUALITY-SCHOOLFOOD-5435A8E2BACE,스쿨푸드,옛날 김치볶음밥,고소한 베이컨과 김치를 달달 볶아 계란 후라이를 올린 매콤한 김치볶음밥,계란|김치|베이컨,,,PARTIAL_DESCRIPTION,UNKNOWN,http://schoolfood.freewebclub.com/menu/menu.html,2026-10-04,,franchise-quality-v1,OFFICIAL_MENU_DETAIL,,,false,9FBE5F0C76D6601DC047AFBDB212A6D18D4071D6BB752156B9028BC323C9A89B
official-quality-schoolfood-58a585e1fb6a,QUALITY-SCHOOLFOOD-58A585E1FB6A,스쿨푸드,셀프 주먹밥,셀프로 만들어먹는 맛있는 주먹밥,,,,PARTIAL_DESCRIPTION,UNKNOWN,http://schoolfood.freewebclub.com/menu/menu.html,2026-10-04,,franchise-quality-v1,OFFICIAL_MENU_DETAIL,,,false,9FBE5F0C76D6601DC047AFBDB212A6D18D4071D6BB752156B9028BC323C9A89B
official-quality-schoolfood-599b67031885,QUALITY-SCHOOLFOOD-599B67031885,스쿨푸드,신비 비빔냉면,시원한 살얼음이 올라간 스쿨푸드만의 매콤한 다진양념으로 맛을 낸 비빔냉면,,,,PARTIAL_DESCRIPTION,UNKNOWN,http://schoolfood.freewebclub.com/menu/menu.html,2026-10-04,,franchise-quality-v1,OFFICIAL_MENU_DETAIL,,,false,9FBE5F0C76D6601DC047AFBDB212A6D18D4071D6BB752156B9028BC323C9A89B
official-quality-schoolfood-5aa308066c34,QUALITY-SCHOOLFOOD-5AA308066C34,스쿨푸드,길거리표 떡볶이,맵지만 달콤해 중독성 강한 스쿨푸드 대표 떡볶이,,,,PARTIAL_DESCRIPTION,UNKNOWN,http://schoolfood.freewebclub.com/menu/menu.html,2026-10-04,,franchise-quality-v1,OFFICIAL_MENU_DETAIL,,,false,9FBE5F0C76D6601DC047AFBDB212A6D18D4071D6BB752156B9028BC323C9A89B
official-quality-schoolfood-5d349e918da2,QUALITY-SCHOOLFOOD-5D349E918DA2,스쿨푸드,김치 콩나물 우동,속이 바로 풀리는 해장 우동,,,,PARTIAL_DESCRIPTION,UNKNOWN,http://schoolfood.freewebclub.com/menu/menu.html,2026-10-04,,franchise-quality-v1,OFFICIAL_MENU_DETAIL,,,false,9FBE5F0C76D6601DC047AFBDB212A6D18D4071D6BB752156B9028BC323C9A89B
official-quality-schoolfood-5e9f5dce05ab,QUALITY-SCHOOLFOOD-5E9F5DCE05AB,스쿨푸드,열무 막국수,아삭한 열무의 식감과 함께 즐기는 매콤 새콤 중독적인 맛의 열무막국수,열무,,,PARTIAL_DESCRIPTION,UNKNOWN,http://schoolfood.freewebclub.com/menu/menu.html,2026-10-04,,franchise-quality-v1,OFFICIAL_MENU_DETAIL,,,false,9FBE5F0C76D6601DC047AFBDB212A6D18D4071D6BB752156B9028BC323C9A89B
official-quality-schoolfood-5f5840459782,QUALITY-SCHOOLFOOD-5F5840459782,스쿨푸드,오도독매콤 짱아치,스쿨푸드만의 비법 양념으로 만든 오도독 짱아치,,,,PARTIAL_DESCRIPTION,UNKNOWN,http://schoolfood.freewebclub.com/menu/menu.html,2026-10-04,,franchise-quality-v1,OFFICIAL_MENU_DETAIL,,,false,9FBE5F0C76D6601DC047AFBDB212A6D18D4071D6BB752156B9028BC323C9A89B
official-quality-schoolfood-6231edeafc43,QUALITY-SCHOOLFOOD-6231EDEAFC43,스쿨푸드,쉬림프 팟타이,"새우와 숙주, 야채를 볶아 땅콩과 레드페퍼와 곁들여 즐기는 정통 팟타이",땅콩|새우|숙주,,,PARTIAL_DESCRIPTION,UNKNOWN,http://schoolfood.freewebclub.com/menu/menu.html,2026-10-04,,franchise-quality-v1,OFFICIAL_MENU_DETAIL,,,false,9FBE5F0C76D6601DC047AFBDB212A6D18D4071D6BB752156B9028BC323C9A89B
official-quality-schoolfood-6280cbc2a473,QUALITY-SCHOOLFOOD-6280CBC2A473,스쿨푸드,짱아치 충무마리,오징어·어묵·짱아치가 완성하는 충무의 삼합,오징어,,,PARTIAL_DESCRIPTION,UNKNOWN,http://schoolfood.freewebclub.com/menu/menu.html,2026-10-04,,franchise-quality-v1,OFFICIAL_MENU_DETAIL,,,false,9FBE5F0C76D6601DC047AFBDB212A6D18D4071D6BB752156B9028BC323C9A89B
official-quality-schoolfood-6b99bce52c2a,QUALITY-SCHOOLFOOD-6B99BCE52C2A,스쿨푸드,어간장 육감쫄면,불 맛 제대로 살려 구운 돼지고기와 제주 어간장 베이스의 하얀 쫄면,돼지고기,,,PARTIAL_DESCRIPTION,UNKNOWN,http://schoolfood.freewebclub.com/menu/menu.html,2026-10-04,,franchise-quality-v1,OFFICIAL_MENU_DETAIL,,,false,9FBE5F0C76D6601DC047AFBDB212A6D18D4071D6BB752156B9028BC323C9A89B
official-quality-schoolfood-6e951c36b121,QUALITY-SCHOOLFOOD-6E951C36B121,스쿨푸드,돼지양념 왕구이 덮밥,구운 알감자와 고급진 돼지왕구이로 만든 이불을 덮으면 왕구이 덮밥 탄생!,감자,,,PARTIAL_DESCRIPTION,UNKNOWN,http://schoolfood.freewebclub.com/menu/menu.html,2026-10-04,,franchise-quality-v1,OFFICIAL_MENU_DETAIL,,,false,9FBE5F0C76D6601DC047AFBDB212A6D18D4071D6BB752156B9028BC323C9A89B
official-quality-schoolfood-716666b600e1,QUALITY-SCHOOLFOOD-716666B600E1,스쿨푸드,모짜렐라 통새우 계란 마리,통새우마리에 모짜렐라치즈와 계란옷을 입힌 마리,계란|새우|치즈,,,PARTIAL_DESCRIPTION,UNKNOWN,http://schoolfood.freewebclub.com/menu/menu.html,2026-10-04,,franchise-quality-v1,OFFICIAL_MENU_DETAIL,,,false,9FBE5F0C76D6601DC047AFBDB212A6D18D4071D6BB752156B9028BC323C9A89B
official-quality-schoolfood-71ba13647a07,QUALITY-SCHOOLFOOD-71BA13647A07,스쿨푸드,모짜렐라 스팸 계란 마리,스팸마리에 모짜렐라치즈와 계란옷을 입힌 마리,계란|치즈,,,PARTIAL_DESCRIPTION,UNKNOWN,http://schoolfood.freewebclub.com/menu/menu.html,2026-10-04,,franchise-quality-v1,OFFICIAL_MENU_DETAIL,,,false,9FBE5F0C76D6601DC047AFBDB212A6D18D4071D6BB752156B9028BC323C9A89B
official-quality-schoolfood-731dc6ee64e2,QUALITY-SCHOOLFOOD-731DC6EE64E2,스쿨푸드,멸치마리,몸에 좋은 볶은 멸치와 단무지가 들어간 마리,단무지|멸치,,,PARTIAL_DESCRIPTION,UNKNOWN,http://schoolfood.freewebclub.com/menu/menu.html,2026-10-04,,franchise-quality-v1,OFFICIAL_MENU_DETAIL,,,false,9FBE5F0C76D6601DC047AFBDB212A6D18D4071D6BB752156B9028BC323C9A89B
official-quality-schoolfood-80268713246d,QUALITY-SCHOOLFOOD-80268713246D,스쿨푸드,고구마 치즈스틱,달콤하고 담백한 고구마 치즈 스틱,고구마|치즈,,,PARTIAL_DESCRIPTION,UNKNOWN,http://schoolfood.freewebclub.com/menu/menu.html,2026-10-04,,franchise-quality-v1,OFFICIAL_MENU_DETAIL,,,false,9FBE5F0C76D6601DC047AFBDB212A6D18D4071D6BB752156B9028BC323C9A89B
official-quality-schoolfood-81f9c6361527,QUALITY-SCHOOLFOOD-81F9C6361527,스쿨푸드,모짜레드 통새우 계란 마리,매콤달콤 스쿨푸드 시그니처 레드스윗 소스로 양념한 통새우 튀김에 모짜렐라치즈와 계란옷을 입힌 마리,계란|새우|치즈,,,PARTIAL_DESCRIPTION,UNKNOWN,http://schoolfood.freewebclub.com/menu/menu.html,2026-10-04,,franchise-quality-v1,OFFICIAL_MENU_DETAIL,,,false,9FBE5F0C76D6601DC047AFBDB212A6D18D4071D6BB752156B9028BC323C9A89B
official-quality-schoolfood-845cc1049107,QUALITY-SCHOOLFOOD-845CC1049107,스쿨푸드,듬뿍야채쫄면,콩나물과 각종 야채가 듬뿍 들어간 매콤새콤 쫄면,콩나물,,,PARTIAL_DESCRIPTION,UNKNOWN,http://schoolfood.freewebclub.com/menu/menu.html,2026-10-04,,franchise-quality-v1,OFFICIAL_MENU_DETAIL,,,false,9FBE5F0C76D6601DC047AFBDB212A6D18D4071D6BB752156B9028BC323C9A89B
official-quality-schoolfood-84a7cc3552b8,QUALITY-SCHOOLFOOD-84A7CC3552B8,스쿨푸드,전복 계란 마리,간장소스에 졸인 전복과 짱아치로 맛을 내 계란옷을 입힌 마리,계란|전복,,,PARTIAL_DESCRIPTION,UNKNOWN,http://schoolfood.freewebclub.com/menu/menu.html,2026-10-04,,franchise-quality-v1,OFFICIAL_MENU_DETAIL,,,false,9FBE5F0C76D6601DC047AFBDB212A6D18D4071D6BB752156B9028BC323C9A89B
official-quality-schoolfood-85dfda827405,QUALITY-SCHOOLFOOD-85DFDA827405,스쿨푸드,양념범벅 순대,매콤달콤 스쿨푸드만의 시그니처 레드스윗 소스로 양념한 순대,,,,PARTIAL_DESCRIPTION,UNKNOWN,http://schoolfood.freewebclub.com/menu/menu.html,2026-10-04,,franchise-quality-v1,OFFICIAL_MENU_DETAIL,,,false,9FBE5F0C76D6601DC047AFBDB212A6D18D4071D6BB752156B9028BC323C9A89B
official-quality-schoolfood-8866a81390c0,QUALITY-SCHOOLFOOD-8866A81390C0,스쿨푸드,장조림 버터비빔밥,"장조림, 버터, 짱아치로 맛을 낸 장조림버터비빔밥 (간장맛/매콤맛)",장조림,,,PARTIAL_DESCRIPTION,UNKNOWN,http://schoolfood.freewebclub.com/menu/menu.html,2026-10-04,,franchise-quality-v1,OFFICIAL_MENU_DETAIL,,,false,9FBE5F0C76D6601DC047AFBDB212A6D18D4071D6BB752156B9028BC323C9A89B
official-quality-schoolfood-8af046799877,QUALITY-SCHOOLFOOD-8AF046799877,스쿨푸드,해물야채튀김우동,고급 해물 야채 튀김을 함께 곁들인 담백한 맛의 튀김우동,,,,PARTIAL_DESCRIPTION,UNKNOWN,http://schoolfood.freewebclub.com/menu/menu.html,2026-10-04,,franchise-quality-v1,OFFICIAL_MENU_DETAIL,,,false,9FBE5F0C76D6601DC047AFBDB212A6D18D4071D6BB752156B9028BC323C9A89B
official-quality-schoolfood-8b40dad47aa1,QUALITY-SCHOOLFOOD-8B40DAD47AA1,스쿨푸드,새우튀김 냉소바,고소한 새우튀김과 함께 먹는 상큼달콤 시원한 모밀국수,새우,,,PARTIAL_DESCRIPTION,UNKNOWN,http://schoolfood.freewebclub.com/menu/menu.html,2026-10-04,,franchise-quality-v1,OFFICIAL_MENU_DETAIL,,,false,9FBE5F0C76D6601DC047AFBDB212A6D18D4071D6BB752156B9028BC323C9A89B
official-quality-schoolfood-8e5102e100c3,QUALITY-SCHOOLFOOD-8E5102E100C3,스쿨푸드,고추멸치마리,멸치와 볶은 청양고추로 만든 매콤달콤 고소한 마리,고추|멸치,,,PARTIAL_DESCRIPTION,UNKNOWN,http://schoolfood.freewebclub.com/menu/menu.html,2026-10-04,,franchise-quality-v1,OFFICIAL_MENU_DETAIL,,,false,9FBE5F0C76D6601DC047AFBDB212A6D18D4071D6BB752156B9028BC323C9A89B
official-quality-schoolfood-903dd5e3f308,QUALITY-SCHOOLFOOD-903DD5E3F308,스쿨푸드,마라떡볶이,마라의 얼얼한 감칠맛을 담은 떡볶이! 다양한 토핑을 추가해 더욱 든든하게!,,,,PARTIAL_DESCRIPTION,UNKNOWN,http://schoolfood.freewebclub.com/menu/menu.html,2026-10-04,,franchise-quality-v1,OFFICIAL_MENU_DETAIL,,,false,9FBE5F0C76D6601DC047AFBDB212A6D18D4071D6BB752156B9028BC323C9A89B
official-quality-schoolfood-93215cdcf458,QUALITY-SCHOOLFOOD-93215CDCF458,스쿨푸드,스쿨푸드 돈까스,바삭하게 튀긴 왕 돈까스+스쿨푸드가 개발한 일본식 소스,,,,PARTIAL_DESCRIPTION,UNKNOWN,http://schoolfood.freewebclub.com/menu/menu.html,2026-10-04,,franchise-quality-v1,OFFICIAL_MENU_DETAIL,,,false,9FBE5F0C76D6601DC047AFBDB212A6D18D4071D6BB752156B9028BC323C9A89B
official-quality-schoolfood-936a3dc3e596,QUALITY-SCHOOLFOOD-936A3DC3E596,스쿨푸드,매운 물비빔냉면,동치미와 사골육수를 섞은 육수에 세 가지의 고춧가루가 배합한 양념장을 넣은 시원맵싹한 매운냉면,,,,PARTIAL_DESCRIPTION,UNKNOWN,http://schoolfood.freewebclub.com/menu/menu.html,2026-10-04,,franchise-quality-v1,OFFICIAL_MENU_DETAIL,,,false,9FBE5F0C76D6601DC047AFBDB212A6D18D4071D6BB752156B9028BC323C9A89B
official-quality-schoolfood-96b90b1725fd,QUALITY-SCHOOLFOOD-96B90B1725FD,스쿨푸드,부산어묵우동,생선살로 만든 최상급 부산 어묵이 들어간 어묵우동,,,,PARTIAL_DESCRIPTION,UNKNOWN,http://schoolfood.freewebclub.com/menu/menu.html,2026-10-04,,franchise-quality-v1,OFFICIAL_MENU_DETAIL,,,false,9FBE5F0C76D6601DC047AFBDB212A6D18D4071D6BB752156B9028BC323C9A89B
official-quality-schoolfood-9e4e2cac16b7,QUALITY-SCHOOLFOOD-9E4E2CAC16B7,스쿨푸드,쏘이 까르보나라 파스타 떡볶이,단맛을 가미한 특제 간장소스를 넣은 세상 유일한 스쿨푸드만의 파스타 떡볶이,,,,PARTIAL_DESCRIPTION,UNKNOWN,http://schoolfood.freewebclub.com/menu/menu.html,2026-10-04,,franchise-quality-v1,OFFICIAL_MENU_DETAIL,,,false,9FBE5F0C76D6601DC047AFBDB212A6D18D4071D6BB752156B9028BC323C9A89B
official-quality-schoolfood-9e6e7f37eab9,QUALITY-SCHOOLFOOD-9E6E7F37EAB9,스쿨푸드,신김치 비빔국수,신김치와 스쿨푸드 비법소스로 맛을 낸 비빔국수,김치,,,PARTIAL_DESCRIPTION,UNKNOWN,http://schoolfood.freewebclub.com/menu/menu.html,2026-10-04,,franchise-quality-v1,OFFICIAL_MENU_DETAIL,,,false,9FBE5F0C76D6601DC047AFBDB212A6D18D4071D6BB752156B9028BC323C9A89B
official-quality-schoolfood-9f85a0b4105d,QUALITY-SCHOOLFOOD-9F85A0B4105D,스쿨푸드,레드스윗 순살치킨,매콤달콤 스쿨푸드 시그니처 레드스윗 소스로 양념한 순살치킨,,,,PARTIAL_DESCRIPTION,UNKNOWN,http://schoolfood.freewebclub.com/menu/menu.html,2026-10-04,,franchise-quality-v1,OFFICIAL_MENU_DETAIL,,,false,9FBE5F0C76D6601DC047AFBDB212A6D18D4071D6BB752156B9028BC323C9A89B
official-quality-schoolfood-a267eaaec16e,QUALITY-SCHOOLFOOD-A267EAAEC16E,스쿨푸드,양념범벅 김말이,매콤달콤 스쿨푸드 시그니처 레드스윗 소스로 양념한 김말이,,,,PARTIAL_DESCRIPTION,UNKNOWN,http://schoolfood.freewebclub.com/menu/menu.html,2026-10-04,,franchise-quality-v1,OFFICIAL_MENU_DETAIL,,,false,9FBE5F0C76D6601DC047AFBDB212A6D18D4071D6BB752156B9028BC323C9A89B
official-quality-schoolfood-a87f7b256595,QUALITY-SCHOOLFOOD-A87F7B256595,스쿨푸드,유자쏘이 순살치킨,새콤달콤 유자쏘이소스의 맛있는 순살치킨,,,,PARTIAL_DESCRIPTION,UNKNOWN,http://schoolfood.freewebclub.com/menu/menu.html,2026-10-04,,franchise-quality-v1,OFFICIAL_MENU_DETAIL,,,false,9FBE5F0C76D6601DC047AFBDB212A6D18D4071D6BB752156B9028BC323C9A89B
official-quality-schoolfood-a8c122dde0fe,QUALITY-SCHOOLFOOD-A8C122DDE0FE,스쿨푸드,에비텐 비빔우동,달콤 짭짤한 맛의 쯔유 소스에 우동 면발을 비벼서 새우튀김과 돼지양념구이를 함께 즐길 수 있는 비빔 우동,새우,,,PARTIAL_DESCRIPTION,UNKNOWN,http://schoolfood.freewebclub.com/menu/menu.html,2026-10-04,,franchise-quality-v1,OFFICIAL_MENU_DETAIL,,,false,9FBE5F0C76D6601DC047AFBDB212A6D18D4071D6BB752156B9028BC323C9A89B
official-quality-schoolfood-a98ea1a99088,QUALITY-SCHOOLFOOD-A98EA1A99088,스쿨푸드,스패니쉬 오징어 먹물 마리,스페인산 고급 오징어 먹물로 버무린 밥에 오징어 살을 넣은 마리,오징어,,,PARTIAL_DESCRIPTION,UNKNOWN,http://schoolfood.freewebclub.com/menu/menu.html,2026-10-04,,franchise-quality-v1,OFFICIAL_MENU_DETAIL,,,false,9FBE5F0C76D6601DC047AFBDB212A6D18D4071D6BB752156B9028BC323C9A89B
official-quality-schoolfood-ab90ff315b6f,QUALITY-SCHOOLFOOD-AB90FF315B6F,스쿨푸드,김치마리,"맛있는 김치와 깻잎, 아삭한 단무지가 들어간 건강한 마리",김치|깻잎|단무지,,,PARTIAL_DESCRIPTION,UNKNOWN,http://schoolfood.freewebclub.com/menu/menu.html,2026-10-04,,franchise-quality-v1,OFFICIAL_MENU_DETAIL,,,false,9FBE5F0C76D6601DC047AFBDB212A6D18D4071D6BB752156B9028BC323C9A89B
official-quality-schoolfood-abe7b7681ffd,QUALITY-SCHOOLFOOD-ABE7B7681FFD,스쿨푸드,들기름 순대야채볶음,"양배추와 당근의 아삭한 식감, 깻잎의 향긋함과 고소한 들기름의 풍미가 어우러진 순대볶음",깻잎|당근|배추|양배추,,,PARTIAL_DESCRIPTION,UNKNOWN,http://schoolfood.freewebclub.com/menu/menu.html,2026-10-04,,franchise-quality-v1,OFFICIAL_MENU_DETAIL,,,false,9FBE5F0C76D6601DC047AFBDB212A6D18D4071D6BB752156B9028BC323C9A89B
official-quality-schoolfood-b6917f8c2e41,QUALITY-SCHOOLFOOD-B6917F8C2E41,스쿨푸드,베이컨마늘마리,"통째로 튀겨내어 넣은 베이컨, 마늘 후레이크가 들어간 마리",마늘|베이컨,,,PARTIAL_DESCRIPTION,UNKNOWN,http://schoolfood.freewebclub.com/menu/menu.html,2026-10-04,,franchise-quality-v1,OFFICIAL_MENU_DETAIL,,,false,9FBE5F0C76D6601DC047AFBDB212A6D18D4071D6BB752156B9028BC323C9A89B
official-quality-schoolfood-b6fe8cda93d9,QUALITY-SCHOOLFOOD-B6FE8CDA93D9,스쿨푸드,치즈 길떡 돈까스,"매운 떡볶이와 고소한 치즈, 바삭한 돈까스의 완벽한 조합",치즈,,,PARTIAL_DESCRIPTION,UNKNOWN,http://schoolfood.freewebclub.com/menu/menu.html,2026-10-04,,franchise-quality-v1,OFFICIAL_MENU_DETAIL,,,false,9FBE5F0C76D6601DC047AFBDB212A6D18D4071D6BB752156B9028BC323C9A89B
official-quality-schoolfood-b93fd79d0c47,QUALITY-SCHOOLFOOD-B93FD79D0C47,스쿨푸드,부산어묵탕,생선살로 만든 최상급 부산 어묵이 들어간 어묵탕,,,,PARTIAL_DESCRIPTION,UNKNOWN,http://schoolfood.freewebclub.com/menu/menu.html,2026-10-04,,franchise-quality-v1,OFFICIAL_MENU_DETAIL,,,false,9FBE5F0C76D6601DC047AFBDB212A6D18D4071D6BB752156B9028BC323C9A89B
official-quality-schoolfood-b9a5d0322881,QUALITY-SCHOOLFOOD-B9A5D0322881,스쿨푸드,고구마튀김,달콤한 고구마를 쫀득한 겉피로 감싸 노릇하게 튀겨낸 고구마튀김,고구마,,,PARTIAL_DESCRIPTION,UNKNOWN,http://schoolfood.freewebclub.com/menu/menu.html,2026-10-04,,franchise-quality-v1,OFFICIAL_MENU_DETAIL,,,false,9FBE5F0C76D6601DC047AFBDB212A6D18D4071D6BB752156B9028BC323C9A89B
official-quality-schoolfood-bce42c7713b1,QUALITY-SCHOOLFOOD-BCE42C7713B1,스쿨푸드,제육덮밥,각종 채소와 함께 돼지고기를 특제 양념으로 맛있게 볶아낸 매콤달콤 제육덮밥,돼지고기,,,PARTIAL_DESCRIPTION,UNKNOWN,http://schoolfood.freewebclub.com/menu/menu.html,2026-10-04,,franchise-quality-v1,OFFICIAL_MENU_DETAIL,,,false,9FBE5F0C76D6601DC047AFBDB212A6D18D4071D6BB752156B9028BC323C9A89B
official-quality-schoolfood-bf2ccc4f14e7,QUALITY-SCHOOLFOOD-BF2CCC4F14E7,스쿨푸드,대창구이덮밥,따끈따끈한 밥 위에 통통한 대창을 올린 입에서 녹는 마성의 대창덮밥,밥,,,PARTIAL_DESCRIPTION,UNKNOWN,http://schoolfood.freewebclub.com/menu/menu.html,2026-10-04,,franchise-quality-v1,OFFICIAL_MENU_DETAIL,,,false,9FBE5F0C76D6601DC047AFBDB212A6D18D4071D6BB752156B9028BC323C9A89B
official-quality-schoolfood-c425cb1c7a2a,QUALITY-SCHOOLFOOD-C425CB1C7A2A,스쿨푸드,군만두,바삭한 스쿨푸드 군만두(12P),,,,PARTIAL_DESCRIPTION,UNKNOWN,http://schoolfood.freewebclub.com/menu/menu.html,2026-10-04,,franchise-quality-v1,OFFICIAL_MENU_DETAIL,,,false,9FBE5F0C76D6601DC047AFBDB212A6D18D4071D6BB752156B9028BC323C9A89B
official-quality-schoolfood-c5687158ded9,QUALITY-SCHOOLFOOD-C5687158DED9,스쿨푸드,매콤달콤소떡꼬치,휴게소보다 더 맛있는 매콤달콤 소시지 떡꼬치,소시지,,,PARTIAL_DESCRIPTION,UNKNOWN,http://schoolfood.freewebclub.com/menu/menu.html,2026-10-04,,franchise-quality-v1,OFFICIAL_MENU_DETAIL,,,false,9FBE5F0C76D6601DC047AFBDB212A6D18D4071D6BB752156B9028BC323C9A89B
official-quality-schoolfood-c5914d542963,QUALITY-SCHOOLFOOD-C5914D542963,스쿨푸드,돼지목살 김치찜,흰 밥에 제격인 돼지목살과 매콤한 김치찜,김치,,,PARTIAL_DESCRIPTION,UNKNOWN,http://schoolfood.freewebclub.com/menu/menu.html,2026-10-04,,franchise-quality-v1,OFFICIAL_MENU_DETAIL,,,false,9FBE5F0C76D6601DC047AFBDB212A6D18D4071D6BB752156B9028BC323C9A89B
official-quality-schoolfood-c8f35755dc23,QUALITY-SCHOOLFOOD-C8F35755DC23,스쿨푸드,새우튀김 냉우동,달콤짭짤한 국물에 고소한 새우튀김을 함께 먹는 시원한 냉우동,새우,,,PARTIAL_DESCRIPTION,UNKNOWN,http://schoolfood.freewebclub.com/menu/menu.html,2026-10-04,,franchise-quality-v1,OFFICIAL_MENU_DETAIL,,,false,9FBE5F0C76D6601DC047AFBDB212A6D18D4071D6BB752156B9028BC323C9A89B
official-quality-schoolfood-c94c18525605,QUALITY-SCHOOLFOOD-C94C18525605,스쿨푸드,김치 콩나물국밥,시원하고 깊은 국물과 아삭한 콩나물이 어우러진 콩나물 국밥,콩나물,,,PARTIAL_DESCRIPTION,UNKNOWN,http://schoolfood.freewebclub.com/menu/menu.html,2026-10-04,,franchise-quality-v1,OFFICIAL_MENU_DETAIL,,,false,9FBE5F0C76D6601DC047AFBDB212A6D18D4071D6BB752156B9028BC323C9A89B
official-quality-schoolfood-d151ba1bf684,QUALITY-SCHOOLFOOD-D151BA1BF684,스쿨푸드,쫀득고구마치즈볼,쫀득한 찹쌀볼에 달콤한 고구마무스까지 제대로 단짠인 치즈볼,고구마|찹쌀|치즈,,,PARTIAL_DESCRIPTION,UNKNOWN,http://schoolfood.freewebclub.com/menu/menu.html,2026-10-04,,franchise-quality-v1,OFFICIAL_MENU_DETAIL,,,false,9FBE5F0C76D6601DC047AFBDB212A6D18D4071D6BB752156B9028BC323C9A89B
official-quality-schoolfood-d4532226b3f8,QUALITY-SCHOOLFOOD-D4532226B3F8,스쿨푸드,차돌 떡볶이,차돌박이와 쫄깃한 떡을 함께 즐기는 국물 떡볶이,차돌,,,PARTIAL_DESCRIPTION,UNKNOWN,http://schoolfood.freewebclub.com/menu/menu.html,2026-10-04,,franchise-quality-v1,OFFICIAL_MENU_DETAIL,,,false,9FBE5F0C76D6601DC047AFBDB212A6D18D4071D6BB752156B9028BC323C9A89B
official-quality-schoolfood-d4915d7818ed,QUALITY-SCHOOLFOOD-D4915D7818ED,스쿨푸드,매운 까르보나라 파스타 떡볶이,매운 소스로 느끼함을 잡고 달콤한 맛까지 더한 파스타떡볶이,,,,PARTIAL_DESCRIPTION,UNKNOWN,http://schoolfood.freewebclub.com/menu/menu.html,2026-10-04,,franchise-quality-v1,OFFICIAL_MENU_DETAIL,,,false,9FBE5F0C76D6601DC047AFBDB212A6D18D4071D6BB752156B9028BC323C9A89B
official-quality-schoolfood-dc4adc688e55,QUALITY-SCHOOLFOOD-DC4ADC688E55,스쿨푸드,소고기 쌀국수,직접 끓여 우려낸 깊은 국물과 신선한 야채가 어우러진 소고기쌀국수,소고기,,,PARTIAL_DESCRIPTION,UNKNOWN,http://schoolfood.freewebclub.com/menu/menu.html,2026-10-04,,franchise-quality-v1,OFFICIAL_MENU_DETAIL,,,false,9FBE5F0C76D6601DC047AFBDB212A6D18D4071D6BB752156B9028BC323C9A89B
official-quality-schoolfood-e416c6a1ce17,QUALITY-SCHOOLFOOD-E416C6A1CE17,스쿨푸드,등심 돈까스 마리,통통한 통살 가득 등심 돈까스를 넣고 짱아치로 맛을 낸 마리,등심,,,PARTIAL_DESCRIPTION,UNKNOWN,http://schoolfood.freewebclub.com/menu/menu.html,2026-10-04,,franchise-quality-v1,OFFICIAL_MENU_DETAIL,,,false,9FBE5F0C76D6601DC047AFBDB212A6D18D4071D6BB752156B9028BC323C9A89B
official-quality-schoolfood-e4e2901e148b,QUALITY-SCHOOLFOOD-E4E2901E148B,스쿨푸드,통통김말이,통통한 스쿨푸드 김말이,,,,PARTIAL_DESCRIPTION,UNKNOWN,http://schoolfood.freewebclub.com/menu/menu.html,2026-10-04,,franchise-quality-v1,OFFICIAL_MENU_DETAIL,,,false,9FBE5F0C76D6601DC047AFBDB212A6D18D4071D6BB752156B9028BC323C9A89B
official-quality-schoolfood-ed6135ab514d,QUALITY-SCHOOLFOOD-ED6135AB514D,스쿨푸드,스페셜마리 Ⅱ,오징어먹물+ 날치알+ 오리지널 스팸 마리,오징어,,,PARTIAL_DESCRIPTION,UNKNOWN,http://schoolfood.freewebclub.com/menu/menu.html,2026-10-04,,franchise-quality-v1,OFFICIAL_MENU_DETAIL,,,false,9FBE5F0C76D6601DC047AFBDB212A6D18D4071D6BB752156B9028BC323C9A89B
official-quality-schoolfood-eefabc595388,QUALITY-SCHOOLFOOD-EEFABC595388,스쿨푸드,참치마리,마요네즈 소스에 버무린 참치와 신선한 깻잎이 어우러진 마리,깻잎|참치,,,PARTIAL_DESCRIPTION,UNKNOWN,http://schoolfood.freewebclub.com/menu/menu.html,2026-10-04,,franchise-quality-v1,OFFICIAL_MENU_DETAIL,,,false,9FBE5F0C76D6601DC047AFBDB212A6D18D4071D6BB752156B9028BC323C9A89B
official-quality-schoolfood-f55e8bb2b9ee,QUALITY-SCHOOLFOOD-F55E8BB2B9EE,스쿨푸드,오리지널 스팸마리,흰 밥과 가장 잘 어울리는 스팸을 넣은 마리,,,,PARTIAL_DESCRIPTION,UNKNOWN,http://schoolfood.freewebclub.com/menu/menu.html,2026-10-04,,franchise-quality-v1,OFFICIAL_MENU_DETAIL,,,false,9FBE5F0C76D6601DC047AFBDB212A6D18D4071D6BB752156B9028BC323C9A89B
official-quality-schoolfood-f76919969dfe,QUALITY-SCHOOLFOOD-F76919969DFE,스쿨푸드,전복마리,간장소스에 졸인 전복과 짱아치로 맛을 낸 마리,전복,,,PARTIAL_DESCRIPTION,UNKNOWN,http://schoolfood.freewebclub.com/menu/menu.html,2026-10-04,,franchise-quality-v1,OFFICIAL_MENU_DETAIL,,,false,9FBE5F0C76D6601DC047AFBDB212A6D18D4071D6BB752156B9028BC323C9A89B
official-quality-schoolfood-f9e7df3b29a2,QUALITY-SCHOOLFOOD-F9E7DF3B29A2,스쿨푸드,까르보나라 파스타 떡볶이,깊고 진한 크림소스에 파스타면과 떡볶이를 동시에 즐길 수 있는 파스타 떡볶이,크림,,,PARTIAL_DESCRIPTION,UNKNOWN,http://schoolfood.freewebclub.com/menu/menu.html,2026-10-04,,franchise-quality-v1,OFFICIAL_MENU_DETAIL,,,false,9FBE5F0C76D6601DC047AFBDB212A6D18D4071D6BB752156B9028BC323C9A89B
official-quality-schoolfood-fc5d0e26e2bd,QUALITY-SCHOOLFOOD-FC5D0E26E2BD,스쿨푸드,순대,쫄깃한 스쿨푸드 순대,,,,PARTIAL_DESCRIPTION,UNKNOWN,http://schoolfood.freewebclub.com/menu/menu.html,2026-10-04,,franchise-quality-v1,OFFICIAL_MENU_DETAIL,,,false,9FBE5F0C76D6601DC047AFBDB212A6D18D4071D6BB752156B9028BC323C9A89B
official-quality-schoolfood-fec35a930139,QUALITY-SCHOOLFOOD-FEC35A930139,스쿨푸드,톡톡 날치알 마리,"깨밥에 날치알, 무순이 들어가 신선하고 깔끔한 맛을 내는 마리",,,,PARTIAL_DESCRIPTION,UNKNOWN,http://schoolfood.freewebclub.com/menu/menu.html,2026-10-04,,franchise-quality-v1,OFFICIAL_MENU_DETAIL,,,false,9FBE5F0C76D6601DC047AFBDB212A6D18D4071D6BB752156B9028BC323C9A89B
official-quality-slowcali-0786a82a713d,QUALITY-SLOWCALI-0786A82A713D,슬로우캘리,훈제오리 40g,,,,,UNKNOWN,UNKNOWN,https://slowcali.co.kr/bbs/content.php?co_id=menu,2026-10-04,,franchise-quality-v1,OFFICIAL_MENU_DETAIL,,,false,66FC2F465D04A94888B365CACCD2CD1441A93CB4B5353C2A99EC0ACD4B760914
official-quality-slowcali-09d8fb1df774,QUALITY-SLOWCALI-09D8FB1DF774,슬로우캘리,콤부차 석류,"콤부차 원액, 유기농석류농축액, 유기농콤부발효식초",,,,PARTIAL_DESCRIPTION,UNKNOWN,https://slowcali.co.kr/bbs/content.php?co_id=menu,2026-10-04,,franchise-quality-v1,OFFICIAL_MENU_DETAIL,,,false,66FC2F465D04A94888B365CACCD2CD1441A93CB4B5353C2A99EC0ACD4B760914
official-quality-slowcali-0b81a83489f9,QUALITY-SLOWCALI-0B81A83489F9,슬로우캘리,참치 포케 (메밀면&샐러드),"참치, 쪽파, 에다마메, 날치알, 양파후레이크, 김, 적채, 후리카케",김|양파|에다마메|참치,,,PARTIAL_DESCRIPTION,UNKNOWN,https://slowcali.co.kr/bbs/content.php?co_id=menu,2026-10-04,,franchise-quality-v1,OFFICIAL_MENU_DETAIL,,,false,66FC2F465D04A94888B365CACCD2CD1441A93CB4B5353C2A99EC0ACD4B760914
official-quality-slowcali-0f1f4814fdf0,QUALITY-SLOWCALI-0F1F4814FDF0,슬로우캘리,오리엔탈 소스,"간장, 깨, 오일",깨,,,PARTIAL_DESCRIPTION,UNKNOWN,https://slowcali.co.kr/bbs/content.php?co_id=menu,2026-10-04,,franchise-quality-v1,OFFICIAL_MENU_DETAIL,,,false,66FC2F465D04A94888B365CACCD2CD1441A93CB4B5353C2A99EC0ACD4B760914
official-quality-slowcali-0fa3c4a6f03f,QUALITY-SLOWCALI-0FA3C4A6F03F,슬로우캘리,부채살 스테이크 보울 (메밀면&샐러드),"부채살, 양파후레이크, 브로콜리, 파프리카, 베이크드빈, 통후추, 후리카케",부채살|브로콜리|양파|파프리카,,,PARTIAL_DESCRIPTION,UNKNOWN,https://slowcali.co.kr/bbs/content.php?co_id=menu,2026-10-04,,franchise-quality-v1,OFFICIAL_MENU_DETAIL,,,false,66FC2F465D04A94888B365CACCD2CD1441A93CB4B5353C2A99EC0ACD4B760914
official-quality-slowcali-10469cb1c517,QUALITY-SLOWCALI-10469CB1C517,슬로우캘리,스리라차 마요소스,"스리라차, 마요네즈",,,,PARTIAL_DESCRIPTION,UNKNOWN,https://slowcali.co.kr/bbs/content.php?co_id=menu,2026-10-04,,franchise-quality-v1,OFFICIAL_MENU_DETAIL,,,false,66FC2F465D04A94888B365CACCD2CD1441A93CB4B5353C2A99EC0ACD4B760914
official-quality-slowcali-10e01a89dff2,QUALITY-SLOWCALI-10E01A89DFF2,슬로우캘리,훈제오리 샐러드,"훈제오리, 단호박, 병아리콩, 그래놀라, 브로콜리, 할라피뇨, 방울토마토, 양파, 후리카케",단호박|병아리콩|브로콜리|양파|토마토|훈제오리,,,PARTIAL_DESCRIPTION,UNKNOWN,https://slowcali.co.kr/bbs/content.php?co_id=menu,2026-10-04,,franchise-quality-v1,OFFICIAL_MENU_DETAIL,,,false,66FC2F465D04A94888B365CACCD2CD1441A93CB4B5353C2A99EC0ACD4B760914
official-quality-slowcali-151df012213b,QUALITY-SLOWCALI-151DF012213B,슬로우캘리,매콤 깻잎 소이소스,"청양고추, 깻잎",고추|깻잎,,,PARTIAL_DESCRIPTION,UNKNOWN,https://slowcali.co.kr/bbs/content.php?co_id=menu,2026-10-04,,franchise-quality-v1,OFFICIAL_MENU_DETAIL,,,false,66FC2F465D04A94888B365CACCD2CD1441A93CB4B5353C2A99EC0ACD4B760914
official-quality-slowcali-1622206e1aa6,QUALITY-SLOWCALI-1622206E1AA6,슬로우캘리,오리엔탈 두부 포케 (현미밥&샐러드),"두부, 해초볶음, 쪽파, 에다마메, 양파후레이크, 적채, 방울토마토, 후리카케",두부|양파|에다마메|토마토,,,PARTIAL_DESCRIPTION,UNKNOWN,https://slowcali.co.kr/bbs/content.php?co_id=menu,2026-10-04,,franchise-quality-v1,OFFICIAL_MENU_DETAIL,,,false,66FC2F465D04A94888B365CACCD2CD1441A93CB4B5353C2A99EC0ACD4B760914
official-quality-slowcali-1add632ce690,QUALITY-SLOWCALI-1ADD632CE690,슬로우캘리,베이컨칩 5g,,,,,UNKNOWN,UNKNOWN,https://slowcali.co.kr/bbs/content.php?co_id=menu,2026-10-04,,franchise-quality-v1,OFFICIAL_MENU_DETAIL,,,false,66FC2F465D04A94888B365CACCD2CD1441A93CB4B5353C2A99EC0ACD4B760914
official-quality-slowcali-1bc6b2ed5b2c,QUALITY-SLOWCALI-1BC6B2ED5B2C,슬로우캘리,트러플 머쉬룸 스프,"트러플, 양송이 버섯, 표고 버섯, 포타벨라 버섯",버섯|양송이,,,PARTIAL_DESCRIPTION,UNKNOWN,https://slowcali.co.kr/bbs/content.php?co_id=menu,2026-10-04,,franchise-quality-v1,OFFICIAL_MENU_DETAIL,,,false,66FC2F465D04A94888B365CACCD2CD1441A93CB4B5353C2A99EC0ACD4B760914
official-quality-slowcali-1c57c17dddf8,QUALITY-SLOWCALI-1C57C17DDDF8,슬로우캘리,어니언 후레이크 18g,,,,,UNKNOWN,UNKNOWN,https://slowcali.co.kr/bbs/content.php?co_id=menu,2026-10-04,,franchise-quality-v1,OFFICIAL_MENU_DETAIL,,,false,66FC2F465D04A94888B365CACCD2CD1441A93CB4B5353C2A99EC0ACD4B760914
official-quality-slowcali-1d2d8469be91,QUALITY-SLOWCALI-1D2D8469BE91,슬로우캘리,트러플 버섯 포케 (샐러드 ONLY),"버섯, 해초볶음, 쪽파, 에다마메, 양파후레이크, 적채, 방울토마토, 후리카케",버섯|양파|에다마메|토마토,,,PARTIAL_DESCRIPTION,UNKNOWN,https://slowcali.co.kr/bbs/content.php?co_id=menu,2026-10-04,,franchise-quality-v1,OFFICIAL_MENU_DETAIL,,,false,66FC2F465D04A94888B365CACCD2CD1441A93CB4B5353C2A99EC0ACD4B760914
official-quality-slowcali-1e2ef8512a74,QUALITY-SLOWCALI-1E2EF8512A74,슬로우캘리,육회 30g,,,,,UNKNOWN,UNKNOWN,https://slowcali.co.kr/bbs/content.php?co_id=menu,2026-10-04,,franchise-quality-v1,OFFICIAL_MENU_DETAIL,,,false,66FC2F465D04A94888B365CACCD2CD1441A93CB4B5353C2A99EC0ACD4B760914
official-quality-slowcali-23b1f3b8e6bb,QUALITY-SLOWCALI-23B1F3B8E6BB,슬로우캘리,콘 크림 스프,"옥수수, 우유, 크루통",옥수수|우유|크루통,,,PARTIAL_DESCRIPTION,UNKNOWN,https://slowcali.co.kr/bbs/content.php?co_id=menu,2026-10-04,,franchise-quality-v1,OFFICIAL_MENU_DETAIL,,,false,66FC2F465D04A94888B365CACCD2CD1441A93CB4B5353C2A99EC0ACD4B760914
official-quality-slowcali-250e7cbd17f8,QUALITY-SLOWCALI-250E7CBD17F8,슬로우캘리,블랙페퍼 치킨 보울 (현미밥&샐러드),"닭다리살, 양파후레이크, 브로콜리, 파프리카, 베이크드빈, 통후추, 후리카케",닭다리살|브로콜리|양파|파프리카,,,PARTIAL_DESCRIPTION,UNKNOWN,https://slowcali.co.kr/bbs/content.php?co_id=menu,2026-10-04,,franchise-quality-v1,OFFICIAL_MENU_DETAIL,,,false,66FC2F465D04A94888B365CACCD2CD1441A93CB4B5353C2A99EC0ACD4B760914
official-quality-slowcali-27352742c388,QUALITY-SLOWCALI-27352742C388,슬로우캘리,탄단지데이 샐러드,"닭가슴살, 삶은 계란, 단호박, 병아리콩, 그래놀라, 방울토마토, 블랙 올리브, 그라나파다노 치즈",계란|단호박|닭가슴살|병아리콩|치즈|토마토,,,PARTIAL_DESCRIPTION,UNKNOWN,https://slowcali.co.kr/bbs/content.php?co_id=menu,2026-10-04,,franchise-quality-v1,OFFICIAL_MENU_DETAIL,,,false,66FC2F465D04A94888B365CACCD2CD1441A93CB4B5353C2A99EC0ACD4B760914
official-quality-slowcali-2807d1fb9a25,QUALITY-SLOWCALI-2807D1FB9A25,슬로우캘리,연어 포케 (메밀면&샐러드),"생연어, 쪽파, 에다마메, 날치알, 양파후레이크, 김, 적채, 후리카케",김|양파|에다마메|연어,,,PARTIAL_DESCRIPTION,UNKNOWN,https://slowcali.co.kr/bbs/content.php?co_id=menu,2026-10-04,,franchise-quality-v1,OFFICIAL_MENU_DETAIL,,,false,66FC2F465D04A94888B365CACCD2CD1441A93CB4B5353C2A99EC0ACD4B760914
official-quality-slowcali-2be81a2ad038,QUALITY-SLOWCALI-2BE81A2AD038,슬로우캘리,샐러드 30g,,,,,UNKNOWN,UNKNOWN,https://slowcali.co.kr/bbs/content.php?co_id=menu,2026-10-04,,franchise-quality-v1,OFFICIAL_MENU_DETAIL,,,false,66FC2F465D04A94888B365CACCD2CD1441A93CB4B5353C2A99EC0ACD4B760914
official-quality-slowcali-2c7af11f83a0,QUALITY-SLOWCALI-2C7AF11F83A0,슬로우캘리,오리엔탈 두부 포케 (샐러드 ONLY),"두부, 해초볶음, 쪽파, 에다마메, 양파후레이크, 적채, 방울토마토, 후리카케",두부|양파|에다마메|토마토,,,PARTIAL_DESCRIPTION,UNKNOWN,https://slowcali.co.kr/bbs/content.php?co_id=menu,2026-10-04,,franchise-quality-v1,OFFICIAL_MENU_DETAIL,,,false,66FC2F465D04A94888B365CACCD2CD1441A93CB4B5353C2A99EC0ACD4B760914
official-quality-slowcali-2cdad9a31df7,QUALITY-SLOWCALI-2CDAD9A31DF7,슬로우캘리,솔트앤페퍼 소스,"소금, 후추, 참기름",,,,PARTIAL_DESCRIPTION,UNKNOWN,https://slowcali.co.kr/bbs/content.php?co_id=menu,2026-10-04,,franchise-quality-v1,OFFICIAL_MENU_DETAIL,,,false,66FC2F465D04A94888B365CACCD2CD1441A93CB4B5353C2A99EC0ACD4B760914
official-quality-slowcali-2ce5b62049d4,QUALITY-SLOWCALI-2CE5B62049D4,슬로우캘리,연.참.문.퐄,"생연어, 참치, 문어, 양파후레이크, 에다마메, 날치알, 김, 후리카케",김|문어|양파|에다마메|연어|참치,,,PARTIAL_DESCRIPTION,UNKNOWN,https://slowcali.co.kr/bbs/content.php?co_id=menu,2026-10-04,,franchise-quality-v1,OFFICIAL_MENU_DETAIL,,,false,66FC2F465D04A94888B365CACCD2CD1441A93CB4B5353C2A99EC0ACD4B760914
official-quality-slowcali-35858100716b,QUALITY-SLOWCALI-35858100716B,슬로우캘리,올인원 포케 (현미밥&샐러드),"생연어, 참치, 문어, 쪽파, 에다마메, 날치알, 양파후레이크, 김, 적채, 후리카케",김|문어|양파|에다마메|연어|참치,,,PARTIAL_DESCRIPTION,UNKNOWN,https://slowcali.co.kr/bbs/content.php?co_id=menu,2026-10-04,,franchise-quality-v1,OFFICIAL_MENU_DETAIL,,,false,66FC2F465D04A94888B365CACCD2CD1441A93CB4B5353C2A99EC0ACD4B760914
official-quality-slowcali-3b21b05da273,QUALITY-SLOWCALI-3B21B05DA273,슬로우캘리,라임폰즈 문어 포케 (메밀면&샐러드),"문어, 해초볶음, 쪽파, 에다마메, 양파후레이크, 적채, 방울토마토, 후리카케",문어|양파|에다마메|토마토,,,PARTIAL_DESCRIPTION,UNKNOWN,https://slowcali.co.kr/bbs/content.php?co_id=menu,2026-10-04,,franchise-quality-v1,OFFICIAL_MENU_DETAIL,,,false,66FC2F465D04A94888B365CACCD2CD1441A93CB4B5353C2A99EC0ACD4B760914
official-quality-slowcali-3dfe6a61fd58,QUALITY-SLOWCALI-3DFE6A61FD58,슬로우캘리,훈제오리&치킨 더블프로틴 보울(샐러드 ONLY),"훈제오리, 닭다리살, 양파후레이크, 브로콜리, 파프리카, 베이크드빈, 통후추, 후리카케",닭다리살|브로콜리|양파|파프리카|훈제오리,,,PARTIAL_DESCRIPTION,UNKNOWN,https://slowcali.co.kr/bbs/content.php?co_id=menu,2026-10-04,,franchise-quality-v1,OFFICIAL_MENU_DETAIL,,,false,66FC2F465D04A94888B365CACCD2CD1441A93CB4B5353C2A99EC0ACD4B760914
official-quality-slowcali-4272785940ef,QUALITY-SLOWCALI-4272785940EF,슬로우캘리,블랙페퍼 치킨 보울 (메밀면&샐러드),"닭다리살, 양파후레이크, 브로콜리, 파프리카, 베이크드빈, 통후추, 후리카케",닭다리살|브로콜리|양파|파프리카,,,PARTIAL_DESCRIPTION,UNKNOWN,https://slowcali.co.kr/bbs/content.php?co_id=menu,2026-10-04,,franchise-quality-v1,OFFICIAL_MENU_DETAIL,,,false,66FC2F465D04A94888B365CACCD2CD1441A93CB4B5353C2A99EC0ACD4B760914
official-quality-slowcali-43028619a4ad,QUALITY-SLOWCALI-43028619A4AD,슬로우캘리,병아리콩 15g,,,,,UNKNOWN,UNKNOWN,https://slowcali.co.kr/bbs/content.php?co_id=menu,2026-10-04,,franchise-quality-v1,OFFICIAL_MENU_DETAIL,,,false,66FC2F465D04A94888B365CACCD2CD1441A93CB4B5353C2A99EC0ACD4B760914
official-quality-slowcali-44e392d2df7b,QUALITY-SLOWCALI-44E392D2DF7B,슬로우캘리,문어 30g,,,,,UNKNOWN,UNKNOWN,https://slowcali.co.kr/bbs/content.php?co_id=menu,2026-10-04,,franchise-quality-v1,OFFICIAL_MENU_DETAIL,,,false,66FC2F465D04A94888B365CACCD2CD1441A93CB4B5353C2A99EC0ACD4B760914
official-quality-slowcali-45221c2ec443,QUALITY-SLOWCALI-45221C2EC443,슬로우캘리,라임폰즈 소스,"라임주스, 간장",,,,PARTIAL_DESCRIPTION,UNKNOWN,https://slowcali.co.kr/bbs/content.php?co_id=menu,2026-10-04,,franchise-quality-v1,OFFICIAL_MENU_DETAIL,,,false,66FC2F465D04A94888B365CACCD2CD1441A93CB4B5353C2A99EC0ACD4B760914
official-quality-slowcali-47cdfb1811a5,QUALITY-SLOWCALI-47CDFB1811A5,슬로우캘리,삶은 계란 1EA,,,,,UNKNOWN,UNKNOWN,https://slowcali.co.kr/bbs/content.php?co_id=menu,2026-10-04,,franchise-quality-v1,OFFICIAL_MENU_DETAIL,,,false,66FC2F465D04A94888B365CACCD2CD1441A93CB4B5353C2A99EC0ACD4B760914
official-quality-slowcali-4d8fcf78e847,QUALITY-SLOWCALI-4D8FCF78E847,슬로우캘리,라임폰즈 문어 포케 (샐러드 ONLY),"문어, 해초볶음, 쪽파, 에다마메, 양파후레이크, 적채, 방울토마토, 후리카케",문어|양파|에다마메|토마토,,,PARTIAL_DESCRIPTION,UNKNOWN,https://slowcali.co.kr/bbs/content.php?co_id=menu,2026-10-04,,franchise-quality-v1,OFFICIAL_MENU_DETAIL,,,false,66FC2F465D04A94888B365CACCD2CD1441A93CB4B5353C2A99EC0ACD4B760914
official-quality-slowcali-4dbbfb45ea18,QUALITY-SLOWCALI-4DBBFB45EA18,슬로우캘리,부채살 스테이크 보울 (현미밥&샐러드),"부채살, 양파후레이크, 브로콜리, 파프리카, 베이크드빈, 통후추, 후리카케",부채살|브로콜리|양파|파프리카,,,PARTIAL_DESCRIPTION,UNKNOWN,https://slowcali.co.kr/bbs/content.php?co_id=menu,2026-10-04,,franchise-quality-v1,OFFICIAL_MENU_DETAIL,,,false,66FC2F465D04A94888B365CACCD2CD1441A93CB4B5353C2A99EC0ACD4B760914
official-quality-slowcali-4f3de41e4628,QUALITY-SLOWCALI-4F3DE41E4628,슬로우캘리,부채살 스테이크 보울 (샐러드 ONLY),"부채살, 양파후레이크, 브로콜리, 파프리카, 베이크드빈, 통후추, 후리카케",부채살|브로콜리|양파|파프리카,,,PARTIAL_DESCRIPTION,UNKNOWN,https://slowcali.co.kr/bbs/content.php?co_id=menu,2026-10-04,,franchise-quality-v1,OFFICIAL_MENU_DETAIL,,,false,66FC2F465D04A94888B365CACCD2CD1441A93CB4B5353C2A99EC0ACD4B760914
official-quality-slowcali-4ffec235b1df,QUALITY-SLOWCALI-4FFEC235B1DF,슬로우캘리,문어 포케 (샐러드 ONLY),"문어, 쪽파, 에다마메, 날치알, 양파후레이크, 김, 적채, 후리카케",김|문어|양파|에다마메,,,PARTIAL_DESCRIPTION,UNKNOWN,https://slowcali.co.kr/bbs/content.php?co_id=menu,2026-10-04,,franchise-quality-v1,OFFICIAL_MENU_DETAIL,,,false,66FC2F465D04A94888B365CACCD2CD1441A93CB4B5353C2A99EC0ACD4B760914
official-quality-slowcali-509619beb409,QUALITY-SLOWCALI-509619BEB409,슬로우캘리,소이 소스,"간장, 설탕",,,,PARTIAL_DESCRIPTION,UNKNOWN,https://slowcali.co.kr/bbs/content.php?co_id=menu,2026-10-04,,franchise-quality-v1,OFFICIAL_MENU_DETAIL,,,false,66FC2F465D04A94888B365CACCD2CD1441A93CB4B5353C2A99EC0ACD4B760914
official-quality-slowcali-5370a2ad46b2,QUALITY-SLOWCALI-5370A2AD46B2,슬로우캘리,육회 포케 (현미밥&샐러드),"소 우둔살, 백묵은지, 쪽파, 날치알, 양파후레이크, 김, 적채, 햄프씨드 후리카케",김|양파,,,PARTIAL_DESCRIPTION,UNKNOWN,https://slowcali.co.kr/bbs/content.php?co_id=menu,2026-10-04,,franchise-quality-v1,OFFICIAL_MENU_DETAIL,,,false,66FC2F465D04A94888B365CACCD2CD1441A93CB4B5353C2A99EC0ACD4B760914
official-quality-slowcali-53d7e956f486,QUALITY-SLOWCALI-53D7E956F486,슬로우캘리,부채살 120g,,,,,UNKNOWN,UNKNOWN,https://slowcali.co.kr/bbs/content.php?co_id=menu,2026-10-04,,franchise-quality-v1,OFFICIAL_MENU_DETAIL,,,false,66FC2F465D04A94888B365CACCD2CD1441A93CB4B5353C2A99EC0ACD4B760914
official-quality-slowcali-5b7d806f1081,QUALITY-SLOWCALI-5B7D806F1081,슬로우캘리,시저 소스,"치즈, 마요네즈, 레몬주스, 후추",레몬|치즈,,,PARTIAL_DESCRIPTION,UNKNOWN,https://slowcali.co.kr/bbs/content.php?co_id=menu,2026-10-04,,franchise-quality-v1,OFFICIAL_MENU_DETAIL,,,false,66FC2F465D04A94888B365CACCD2CD1441A93CB4B5353C2A99EC0ACD4B760914
official-quality-slowcali-646b41ee617d,QUALITY-SLOWCALI-646B41EE617D,슬로우캘리,라임폰즈 문어 포케 (현미밥&샐러드),"문어, 해초볶음, 쪽파, 에다마메, 양파후레이크, 적채, 방울토마토, 후리카케",문어|양파|에다마메|토마토,,,PARTIAL_DESCRIPTION,UNKNOWN,https://slowcali.co.kr/bbs/content.php?co_id=menu,2026-10-04,,franchise-quality-v1,OFFICIAL_MENU_DETAIL,,,false,66FC2F465D04A94888B365CACCD2CD1441A93CB4B5353C2A99EC0ACD4B760914
official-quality-slowcali-6a54190240ab,QUALITY-SLOWCALI-6A54190240AB,슬로우캘리,트러플 버섯 포케 (현미밥&샐러드),"버섯, 해초볶음, 쪽파, 에다마메, 양파후레이크, 적채, 방울토마토, 후리카케",버섯|양파|에다마메|토마토,,,PARTIAL_DESCRIPTION,UNKNOWN,https://slowcali.co.kr/bbs/content.php?co_id=menu,2026-10-04,,franchise-quality-v1,OFFICIAL_MENU_DETAIL,,,false,66FC2F465D04A94888B365CACCD2CD1441A93CB4B5353C2A99EC0ACD4B760914
official-quality-slowcali-6a5bff39c906,QUALITY-SLOWCALI-6A5BFF39C906,슬로우캘리,로스팅 닭다리살 40g,,,,,UNKNOWN,UNKNOWN,https://slowcali.co.kr/bbs/content.php?co_id=menu,2026-10-04,,franchise-quality-v1,OFFICIAL_MENU_DETAIL,,,false,66FC2F465D04A94888B365CACCD2CD1441A93CB4B5353C2A99EC0ACD4B760914
official-quality-slowcali-6fcaf845304e,QUALITY-SLOWCALI-6FCAF845304E,슬로우캘리,올인원 포케 (샐러드 ONLY),"생연어, 참치, 문어, 쪽파, 에다마메, 날치알, 양파후레이크, 김, 적채, 후리카케",김|문어|양파|에다마메|연어|참치,,,PARTIAL_DESCRIPTION,UNKNOWN,https://slowcali.co.kr/bbs/content.php?co_id=menu,2026-10-04,,franchise-quality-v1,OFFICIAL_MENU_DETAIL,,,false,66FC2F465D04A94888B365CACCD2CD1441A93CB4B5353C2A99EC0ACD4B760914
official-quality-slowcali-6fea2f26c14c,QUALITY-SLOWCALI-6FEA2F26C14C,슬로우캘리,비프&치킨 더블프로틴 보울(샐러드 ONLY),"부채살, 닭다리살, 양파후레이크, 브로콜리, 파프리카, 베이크드빈, 통후추, 후리카케",닭다리살|부채살|브로콜리|양파|파프리카,,,PARTIAL_DESCRIPTION,UNKNOWN,https://slowcali.co.kr/bbs/content.php?co_id=menu,2026-10-04,,franchise-quality-v1,OFFICIAL_MENU_DETAIL,,,false,66FC2F465D04A94888B365CACCD2CD1441A93CB4B5353C2A99EC0ACD4B760914
official-quality-slowcali-7249fe909f7f,QUALITY-SLOWCALI-7249FE909F7F,슬로우캘리,해초볶음 30g,,,,,UNKNOWN,UNKNOWN,https://slowcali.co.kr/bbs/content.php?co_id=menu,2026-10-04,,franchise-quality-v1,OFFICIAL_MENU_DETAIL,,,false,66FC2F465D04A94888B365CACCD2CD1441A93CB4B5353C2A99EC0ACD4B760914
official-quality-slowcali-74826ef591d3,QUALITY-SLOWCALI-74826EF591D3,슬로우캘리,트러플 버섯 포케 (메밀면&샐러드),"버섯, 해초볶음, 쪽파, 에다마메, 양파후레이크, 적채, 방울토마토, 후리카케",버섯|양파|에다마메|토마토,,,PARTIAL_DESCRIPTION,UNKNOWN,https://slowcali.co.kr/bbs/content.php?co_id=menu,2026-10-04,,franchise-quality-v1,OFFICIAL_MENU_DETAIL,,,false,66FC2F465D04A94888B365CACCD2CD1441A93CB4B5353C2A99EC0ACD4B760914
official-quality-slowcali-74cae90a526f,QUALITY-SLOWCALI-74CAE90A526F,슬로우캘리,문어 포케 (현미밥&샐러드),"문어, 쪽파, 에다마메, 날치알, 양파후레이크, 김, 적채, 후리카케",김|문어|양파|에다마메,,,PARTIAL_DESCRIPTION,UNKNOWN,https://slowcali.co.kr/bbs/content.php?co_id=menu,2026-10-04,,franchise-quality-v1,OFFICIAL_MENU_DETAIL,,,false,66FC2F465D04A94888B365CACCD2CD1441A93CB4B5353C2A99EC0ACD4B760914
official-quality-slowcali-78014fcd587a,QUALITY-SLOWCALI-78014FCD587A,슬로우캘리,프리미엄 연어 스테이크 (메밀면&샐러드),"연어 스테이크, 레몬, 브로콜리, 방울토마토, 사워크림, 타르타르 소스, 오리엔탈 소스",레몬|브로콜리|연어|크림|토마토,,,PARTIAL_DESCRIPTION,UNKNOWN,https://slowcali.co.kr/bbs/content.php?co_id=menu,2026-10-04,,franchise-quality-v1,OFFICIAL_MENU_DETAIL,,,false,66FC2F465D04A94888B365CACCD2CD1441A93CB4B5353C2A99EC0ACD4B760914
official-quality-slowcali-7a5d9c29d27a,QUALITY-SLOWCALI-7A5D9C29D27A,슬로우캘리,하와이안 갈릭 쉬림프 (현미밥&샐러드),"새우, 갈릭버터, 레몬, 사워크림, 오리엔탈 소스",레몬|새우|크림,,,PARTIAL_DESCRIPTION,UNKNOWN,https://slowcali.co.kr/bbs/content.php?co_id=menu,2026-10-04,,franchise-quality-v1,OFFICIAL_MENU_DETAIL,,,false,66FC2F465D04A94888B365CACCD2CD1441A93CB4B5353C2A99EC0ACD4B760914
official-quality-slowcali-7ae23a4ca903,QUALITY-SLOWCALI-7AE23A4CA903,슬로우캘리,에다마메 15g,,,,,UNKNOWN,UNKNOWN,https://slowcali.co.kr/bbs/content.php?co_id=menu,2026-10-04,,franchise-quality-v1,OFFICIAL_MENU_DETAIL,,,false,66FC2F465D04A94888B365CACCD2CD1441A93CB4B5353C2A99EC0ACD4B760914
official-quality-slowcali-7b2eb34c2fe5,QUALITY-SLOWCALI-7B2EB34C2FE5,슬로우캘리,연어 30g,,,,,UNKNOWN,UNKNOWN,https://slowcali.co.kr/bbs/content.php?co_id=menu,2026-10-04,,franchise-quality-v1,OFFICIAL_MENU_DETAIL,,,false,66FC2F465D04A94888B365CACCD2CD1441A93CB4B5353C2A99EC0ACD4B760914
official-quality-slowcali-7dd6a65938eb,QUALITY-SLOWCALI-7DD6A65938EB,슬로우캘리,참치 포케 (샐러드 ONLY),"참치, 쪽파, 에다마메, 날치알, 양파후레이크, 김, 적채, 후리카케",김|양파|에다마메|참치,,,PARTIAL_DESCRIPTION,UNKNOWN,https://slowcali.co.kr/bbs/content.php?co_id=menu,2026-10-04,,franchise-quality-v1,OFFICIAL_MENU_DETAIL,,,false,66FC2F465D04A94888B365CACCD2CD1441A93CB4B5353C2A99EC0ACD4B760914
official-quality-slowcali-7f31f86d4542,QUALITY-SLOWCALI-7F31F86D4542,슬로우캘리,문어 포케 (메밀면&샐러드),"문어, 쪽파, 에다마메, 날치알, 양파후레이크, 김, 적채, 후리카케",김|문어|양파|에다마메,,,PARTIAL_DESCRIPTION,UNKNOWN,https://slowcali.co.kr/bbs/content.php?co_id=menu,2026-10-04,,franchise-quality-v1,OFFICIAL_MENU_DETAIL,,,false,66FC2F465D04A94888B365CACCD2CD1441A93CB4B5353C2A99EC0ACD4B760914
official-quality-slowcali-8187dbcb2288,QUALITY-SLOWCALI-8187DBCB2288,슬로우캘리,그래놀라 10g,,,,,UNKNOWN,UNKNOWN,https://slowcali.co.kr/bbs/content.php?co_id=menu,2026-10-04,,franchise-quality-v1,OFFICIAL_MENU_DETAIL,,,false,66FC2F465D04A94888B365CACCD2CD1441A93CB4B5353C2A99EC0ACD4B760914
official-quality-slowcali-825fcfeeb579,QUALITY-SLOWCALI-825FCFEEB579,슬로우캘리,레드머스타드 소스,"머스타드, 식초, 설탕",,,,PARTIAL_DESCRIPTION,UNKNOWN,https://slowcali.co.kr/bbs/content.php?co_id=menu,2026-10-04,,franchise-quality-v1,OFFICIAL_MENU_DETAIL,,,false,66FC2F465D04A94888B365CACCD2CD1441A93CB4B5353C2A99EC0ACD4B760914
official-quality-slowcali-8397ae5395fc,QUALITY-SLOWCALI-8397AE5395FC,슬로우캘리,블랙페퍼 치킨 보울 (샐러드 ONLY),"닭다리살, 양파후레이크, 브로콜리, 파프리카, 베이크드빈, 통후추, 후리카케",닭다리살|브로콜리|양파|파프리카,,,PARTIAL_DESCRIPTION,UNKNOWN,https://slowcali.co.kr/bbs/content.php?co_id=menu,2026-10-04,,franchise-quality-v1,OFFICIAL_MENU_DETAIL,,,false,66FC2F465D04A94888B365CACCD2CD1441A93CB4B5353C2A99EC0ACD4B760914
official-quality-slowcali-85b27cc3a258,QUALITY-SLOWCALI-85B27CC3A258,슬로우캘리,스파이시 소스,"고추, 마늘, 마요네즈",고추|마늘,,,PARTIAL_DESCRIPTION,UNKNOWN,https://slowcali.co.kr/bbs/content.php?co_id=menu,2026-10-04,,franchise-quality-v1,OFFICIAL_MENU_DETAIL,,,false,66FC2F465D04A94888B365CACCD2CD1441A93CB4B5353C2A99EC0ACD4B760914
official-quality-slowcali-8693525de3b6,QUALITY-SLOWCALI-8693525DE3B6,슬로우캘리,단호박 스프,"단호박, 우유, 그래놀라",단호박|우유,,,PARTIAL_DESCRIPTION,UNKNOWN,https://slowcali.co.kr/bbs/content.php?co_id=menu,2026-10-04,,franchise-quality-v1,OFFICIAL_MENU_DETAIL,,,false,66FC2F465D04A94888B365CACCD2CD1441A93CB4B5353C2A99EC0ACD4B760914
official-quality-slowcali-8ba31fce1f20,QUALITY-SLOWCALI-8BA31FCE1F20,슬로우캘리,하와이안 갈릭 쉬림프 (샐러드 ONLY),"새우, 갈릭버터, 레몬, 사워크림, 오리엔탈 소스",레몬|새우|크림,,,PARTIAL_DESCRIPTION,UNKNOWN,https://slowcali.co.kr/bbs/content.php?co_id=menu,2026-10-04,,franchise-quality-v1,OFFICIAL_MENU_DETAIL,,,false,66FC2F465D04A94888B365CACCD2CD1441A93CB4B5353C2A99EC0ACD4B760914
official-quality-slowcali-9007e993d5a8,QUALITY-SLOWCALI-9007E993D5A8,슬로우캘리,블랙페퍼 치킨 통밀랩,"닭다리살, 통밀또띠아, 블랙페퍼 소스, 사워크림소스, 샐러드, 적채, 양파후레이크",닭다리살|양파|크림|통밀,,,PARTIAL_DESCRIPTION,UNKNOWN,https://slowcali.co.kr/bbs/content.php?co_id=menu,2026-10-04,,franchise-quality-v1,OFFICIAL_MENU_DETAIL,,,false,66FC2F465D04A94888B365CACCD2CD1441A93CB4B5353C2A99EC0ACD4B760914
official-quality-slowcali-904a1450e52a,QUALITY-SLOWCALI-904A1450E52A,슬로우캘리,하와이안 갈릭 쉬림프 (메밀면&샐러드),"새우, 갈릭버터, 레몬, 사워크림, 오리엔탈 소스",레몬|새우|크림,,,PARTIAL_DESCRIPTION,UNKNOWN,https://slowcali.co.kr/bbs/content.php?co_id=menu,2026-10-04,,franchise-quality-v1,OFFICIAL_MENU_DETAIL,,,false,66FC2F465D04A94888B365CACCD2CD1441A93CB4B5353C2A99EC0ACD4B760914
official-quality-slowcali-9a23ff864233,QUALITY-SLOWCALI-9A23FF864233,슬로우캘리,트러플폰즈 소스,"트러플, 간장",,,,PARTIAL_DESCRIPTION,UNKNOWN,https://slowcali.co.kr/bbs/content.php?co_id=menu,2026-10-04,,franchise-quality-v1,OFFICIAL_MENU_DETAIL,,,false,66FC2F465D04A94888B365CACCD2CD1441A93CB4B5353C2A99EC0ACD4B760914
official-quality-slowcali-9acb34672c9f,QUALITY-SLOWCALI-9ACB34672C9F,슬로우캘리,참치 30g,,,,,UNKNOWN,UNKNOWN,https://slowcali.co.kr/bbs/content.php?co_id=menu,2026-10-04,,franchise-quality-v1,OFFICIAL_MENU_DETAIL,,,false,66FC2F465D04A94888B365CACCD2CD1441A93CB4B5353C2A99EC0ACD4B760914
official-quality-slowcali-9db5851f9f9f,QUALITY-SLOWCALI-9DB5851F9F9F,슬로우캘리,육회 포케 (메밀면&샐러드),"소 우둔살, 백묵은지, 쪽파, 날치알, 양파후레이크, 김, 적채, 햄프씨드 후리카케",김|양파,,,PARTIAL_DESCRIPTION,UNKNOWN,https://slowcali.co.kr/bbs/content.php?co_id=menu,2026-10-04,,franchise-quality-v1,OFFICIAL_MENU_DETAIL,,,false,66FC2F465D04A94888B365CACCD2CD1441A93CB4B5353C2A99EC0ACD4B760914
official-quality-slowcali-9f0e1f0bbc16,QUALITY-SLOWCALI-9F0E1F0BBC16,슬로우캘리,크런치 시저 샐러드,"닭가슴살, 크루통, 베이컨칩, 병아리콩, 그래놀라, 방울토마토, 그라나파다노 치즈",닭가슴살|베이컨|병아리콩|치즈|크루통|토마토,,,PARTIAL_DESCRIPTION,UNKNOWN,https://slowcali.co.kr/bbs/content.php?co_id=menu,2026-10-04,,franchise-quality-v1,OFFICIAL_MENU_DETAIL,,,false,66FC2F465D04A94888B365CACCD2CD1441A93CB4B5353C2A99EC0ACD4B760914
official-quality-slowcali-a1029ceab769,QUALITY-SLOWCALI-A1029CEAB769,슬로우캘리,와사비렌치 소스,"와사비, 마요네즈",,,,PARTIAL_DESCRIPTION,UNKNOWN,https://slowcali.co.kr/bbs/content.php?co_id=menu,2026-10-04,,franchise-quality-v1,OFFICIAL_MENU_DETAIL,,,false,66FC2F465D04A94888B365CACCD2CD1441A93CB4B5353C2A99EC0ACD4B760914
official-quality-slowcali-a1cace377ce2,QUALITY-SLOWCALI-A1CACE377CE2,슬로우캘리,클래식 소스,"간장, 마늘, 설탕",마늘,,,PARTIAL_DESCRIPTION,UNKNOWN,https://slowcali.co.kr/bbs/content.php?co_id=menu,2026-10-04,,franchise-quality-v1,OFFICIAL_MENU_DETAIL,,,false,66FC2F465D04A94888B365CACCD2CD1441A93CB4B5353C2A99EC0ACD4B760914
official-quality-slowcali-a2c449ff7165,QUALITY-SLOWCALI-A2C449FF7165,슬로우캘리,아보카도 1/4,,,,,UNKNOWN,UNKNOWN,https://slowcali.co.kr/bbs/content.php?co_id=menu,2026-10-04,,franchise-quality-v1,OFFICIAL_MENU_DETAIL,,,false,66FC2F465D04A94888B365CACCD2CD1441A93CB4B5353C2A99EC0ACD4B760914
official-quality-slowcali-a4660546ae6a,QUALITY-SLOWCALI-A4660546AE6A,슬로우캘리,육회 포케 (샐러드 ONLY),"소 우둔살, 백묵은지, 쪽파, 날치알, 양파후레이크, 김, 적채, 햄프씨드 후리카케",김|양파,,,PARTIAL_DESCRIPTION,UNKNOWN,https://slowcali.co.kr/bbs/content.php?co_id=menu,2026-10-04,,franchise-quality-v1,OFFICIAL_MENU_DETAIL,,,false,66FC2F465D04A94888B365CACCD2CD1441A93CB4B5353C2A99EC0ACD4B760914
official-quality-slowcali-a891e79a883f,QUALITY-SLOWCALI-A891E79A883F,슬로우캘리,갈릭새우 5EA,,,,,UNKNOWN,UNKNOWN,https://slowcali.co.kr/bbs/content.php?co_id=menu,2026-10-04,,franchise-quality-v1,OFFICIAL_MENU_DETAIL,,,false,66FC2F465D04A94888B365CACCD2CD1441A93CB4B5353C2A99EC0ACD4B760914
official-quality-slowcali-b1b789657aca,QUALITY-SLOWCALI-B1B789657ACA,슬로우캘리,크루통 10g,,,,,UNKNOWN,UNKNOWN,https://slowcali.co.kr/bbs/content.php?co_id=menu,2026-10-04,,franchise-quality-v1,OFFICIAL_MENU_DETAIL,,,false,66FC2F465D04A94888B365CACCD2CD1441A93CB4B5353C2A99EC0ACD4B760914
official-quality-slowcali-b1ff59648bb6,QUALITY-SLOWCALI-B1FF59648BB6,슬로우캘리,닭가슴살 에그 포케 (메밀면&샐러드),"닭가슴살, 삶은 계란, 해초볶음, 쪽파, 에다마메, 양파후레이크, 적채, 방울토마토, 후리카케",계란|닭가슴살|양파|에다마메|토마토,,,PARTIAL_DESCRIPTION,UNKNOWN,https://slowcali.co.kr/bbs/content.php?co_id=menu,2026-10-04,,franchise-quality-v1,OFFICIAL_MENU_DETAIL,,,false,66FC2F465D04A94888B365CACCD2CD1441A93CB4B5353C2A99EC0ACD4B760914
official-quality-slowcali-b69fd02e4ef3,QUALITY-SLOWCALI-B69FD02E4EF3,슬로우캘리,유기농 ABC 주스,"유기농 농축액 (사과, 레드비트, 당근)",당근|사과,,,PARTIAL_DESCRIPTION,UNKNOWN,https://slowcali.co.kr/bbs/content.php?co_id=menu,2026-10-04,,franchise-quality-v1,OFFICIAL_MENU_DETAIL,,,false,66FC2F465D04A94888B365CACCD2CD1441A93CB4B5353C2A99EC0ACD4B760914
official-quality-slowcali-b7811b111fb5,QUALITY-SLOWCALI-B7811B111FB5,슬로우캘리,닭가슴살 에그 포케 (샐러드 ONLY),"닭가슴살, 삶은 계란, 해초볶음, 쪽파, 에다마메, 양파후레이크, 적채, 방울토마토, 후리카케",계란|닭가슴살|양파|에다마메|토마토,,,PARTIAL_DESCRIPTION,UNKNOWN,https://slowcali.co.kr/bbs/content.php?co_id=menu,2026-10-04,,franchise-quality-v1,OFFICIAL_MENU_DETAIL,,,false,66FC2F465D04A94888B365CACCD2CD1441A93CB4B5353C2A99EC0ACD4B760914
official-quality-slowcali-bc2cd0f30fb5,QUALITY-SLOWCALI-BC2CD0F30FB5,슬로우캘리,로스팅 닭다리살 샐러드,"닭다리살, 단호박, 병아리콩, 그래놀라, 브로콜리, 할라피뇨, 방울 토마토, 양파, 후리카케",단호박|닭다리살|병아리콩|브로콜리|양파|토마토,,,PARTIAL_DESCRIPTION,UNKNOWN,https://slowcali.co.kr/bbs/content.php?co_id=menu,2026-10-04,,franchise-quality-v1,OFFICIAL_MENU_DETAIL,,,false,66FC2F465D04A94888B365CACCD2CD1441A93CB4B5353C2A99EC0ACD4B760914
official-quality-slowcali-c2600a4653d0,QUALITY-SLOWCALI-C2600A4653D0,슬로우캘리,비프&치킨 더블프로틴 보울(현미밥&샐러드),"부채살, 닭다리살, 양파후레이크, 브로콜리, 파프리카, 베이크드빈, 통후추, 후리카케",닭다리살|부채살|브로콜리|양파|파프리카,,,PARTIAL_DESCRIPTION,UNKNOWN,https://slowcali.co.kr/bbs/content.php?co_id=menu,2026-10-04,,franchise-quality-v1,OFFICIAL_MENU_DETAIL,,,false,66FC2F465D04A94888B365CACCD2CD1441A93CB4B5353C2A99EC0ACD4B760914
official-quality-slowcali-c40624616c48,QUALITY-SLOWCALI-C40624616C48,슬로우캘리,콤부차 진저레몬,"콤부차원액, 유기농생강주스, 유기농농축레몬주스, 유기농콤부발효식초",레몬,,,PARTIAL_DESCRIPTION,UNKNOWN,https://slowcali.co.kr/bbs/content.php?co_id=menu,2026-10-04,,franchise-quality-v1,OFFICIAL_MENU_DETAIL,,,false,66FC2F465D04A94888B365CACCD2CD1441A93CB4B5353C2A99EC0ACD4B760914
official-quality-slowcali-c46c2744cb03,QUALITY-SLOWCALI-C46C2744CB03,슬로우캘리,연어 포케 (샐러드 ONLY),"생연어, 쪽파, 에다마메, 날치알, 양파후레이크, 김, 적채, 후리카케",김|양파|에다마메|연어,,,PARTIAL_DESCRIPTION,UNKNOWN,https://slowcali.co.kr/bbs/content.php?co_id=menu,2026-10-04,,franchise-quality-v1,OFFICIAL_MENU_DETAIL,,,false,66FC2F465D04A94888B365CACCD2CD1441A93CB4B5353C2A99EC0ACD4B760914
official-quality-slowcali-c7fe2e85b5d0,QUALITY-SLOWCALI-C7FE2E85B5D0,슬로우캘리,현미밥 130g,,,,,UNKNOWN,UNKNOWN,https://slowcali.co.kr/bbs/content.php?co_id=menu,2026-10-04,,franchise-quality-v1,OFFICIAL_MENU_DETAIL,,,false,66FC2F465D04A94888B365CACCD2CD1441A93CB4B5353C2A99EC0ACD4B760914
official-quality-slowcali-c926ed1f2e24,QUALITY-SLOWCALI-C926ED1F2E24,슬로우캘리,그라노파다노 치즈 3g,,,,,UNKNOWN,UNKNOWN,https://slowcali.co.kr/bbs/content.php?co_id=menu,2026-10-04,,franchise-quality-v1,OFFICIAL_MENU_DETAIL,,,false,66FC2F465D04A94888B365CACCD2CD1441A93CB4B5353C2A99EC0ACD4B760914
official-quality-slowcali-caaacca09bfb,QUALITY-SLOWCALI-CAAACCA09BFB,슬로우캘리,날치알 15g,,,,,UNKNOWN,UNKNOWN,https://slowcali.co.kr/bbs/content.php?co_id=menu,2026-10-04,,franchise-quality-v1,OFFICIAL_MENU_DETAIL,,,false,66FC2F465D04A94888B365CACCD2CD1441A93CB4B5353C2A99EC0ACD4B760914
official-quality-slowcali-cae6afe3db59,QUALITY-SLOWCALI-CAE6AFE3DB59,슬로우캘리,서울 고추장 소스,"고추장, 참기름",고추,,,PARTIAL_DESCRIPTION,UNKNOWN,https://slowcali.co.kr/bbs/content.php?co_id=menu,2026-10-04,,franchise-quality-v1,OFFICIAL_MENU_DETAIL,,,false,66FC2F465D04A94888B365CACCD2CD1441A93CB4B5353C2A99EC0ACD4B760914
official-quality-slowcali-cd10674c964e,QUALITY-SLOWCALI-CD10674C964E,슬로우캘리,올인원 포케 (메밀면&샐러드),"생연어, 참치, 문어, 쪽파, 에다마메, 날치알, 양파후레이크, 김, 적채, 후리카케",김|문어|양파|에다마메|연어|참치,,,PARTIAL_DESCRIPTION,UNKNOWN,https://slowcali.co.kr/bbs/content.php?co_id=menu,2026-10-04,,franchise-quality-v1,OFFICIAL_MENU_DETAIL,,,false,66FC2F465D04A94888B365CACCD2CD1441A93CB4B5353C2A99EC0ACD4B760914
official-quality-slowcali-cd211ed004d2,QUALITY-SLOWCALI-CD211ED004D2,슬로우캘리,메밀면 130g,,,,,UNKNOWN,UNKNOWN,https://slowcali.co.kr/bbs/content.php?co_id=menu,2026-10-04,,franchise-quality-v1,OFFICIAL_MENU_DETAIL,,,false,66FC2F465D04A94888B365CACCD2CD1441A93CB4B5353C2A99EC0ACD4B760914
official-quality-slowcali-d244cf77372d,QUALITY-SLOWCALI-D244CF77372D,슬로우캘리,블랙페퍼 닭다리살 70g,,,,,UNKNOWN,UNKNOWN,https://slowcali.co.kr/bbs/content.php?co_id=menu,2026-10-04,,franchise-quality-v1,OFFICIAL_MENU_DETAIL,,,false,66FC2F465D04A94888B365CACCD2CD1441A93CB4B5353C2A99EC0ACD4B760914
official-quality-slowcali-d431fbbb2b95,QUALITY-SLOWCALI-D431FBBB2B95,슬로우캘리,스파이시 토마토 야채 스프,"방울토마토, 양파, 브로콜리, 감자, 당근, 레드페퍼",감자|당근|브로콜리|양파|토마토,,,PARTIAL_DESCRIPTION,UNKNOWN,https://slowcali.co.kr/bbs/content.php?co_id=menu,2026-10-04,,franchise-quality-v1,OFFICIAL_MENU_DETAIL,,,false,66FC2F465D04A94888B365CACCD2CD1441A93CB4B5353C2A99EC0ACD4B760914
official-quality-slowcali-d44d57217ead,QUALITY-SLOWCALI-D44D57217EAD,슬로우캘리,비프&치킨 더블프로틴 보울(메밀면&샐러드),"부채살, 닭다리살, 양파후레이크, 브로콜리, 파프리카, 베이크드빈, 통후추, 후리카케",닭다리살|부채살|브로콜리|양파|파프리카,,,PARTIAL_DESCRIPTION,UNKNOWN,https://slowcali.co.kr/bbs/content.php?co_id=menu,2026-10-04,,franchise-quality-v1,OFFICIAL_MENU_DETAIL,,,false,66FC2F465D04A94888B365CACCD2CD1441A93CB4B5353C2A99EC0ACD4B760914
official-quality-slowcali-d55d574ae482,QUALITY-SLOWCALI-D55D574AE482,슬로우캘리,부채살 스테이크 통밀랩,"부채살, 통밀또띠아, 사워크림소스, 소이소스, 샐러드, 적채, 양파후레이크",부채살|양파|크림|통밀,,,PARTIAL_DESCRIPTION,UNKNOWN,https://slowcali.co.kr/bbs/content.php?co_id=menu,2026-10-04,,franchise-quality-v1,OFFICIAL_MENU_DETAIL,,,false,66FC2F465D04A94888B365CACCD2CD1441A93CB4B5353C2A99EC0ACD4B760914
official-quality-slowcali-d575aeac6d62,QUALITY-SLOWCALI-D575AEAC6D62,슬로우캘리,프리미엄 연어 스테이크 (샐러드 ONLY),"연어 스테이크, 레몬, 브로콜리, 방울토마토, 사워크림, 타르타르 소스, 오리엔탈 소스",레몬|브로콜리|연어|크림|토마토,,,PARTIAL_DESCRIPTION,UNKNOWN,https://slowcali.co.kr/bbs/content.php?co_id=menu,2026-10-04,,franchise-quality-v1,OFFICIAL_MENU_DETAIL,,,false,66FC2F465D04A94888B365CACCD2CD1441A93CB4B5353C2A99EC0ACD4B760914
official-quality-slowcali-dc28f13a796d,QUALITY-SLOWCALI-DC28F13A796D,슬로우캘리,닭가슴살 40g,,,,,UNKNOWN,UNKNOWN,https://slowcali.co.kr/bbs/content.php?co_id=menu,2026-10-04,,franchise-quality-v1,OFFICIAL_MENU_DETAIL,,,false,66FC2F465D04A94888B365CACCD2CD1441A93CB4B5353C2A99EC0ACD4B760914
official-quality-slowcali-dfacee991478,QUALITY-SLOWCALI-DFACEE991478,슬로우캘리,참치 포케 (현미밥&샐러드),"참치, 쪽파, 에다마메, 날치알, 양파후레이크, 김, 적채, 후리카케",김|양파|에다마메|참치,,,PARTIAL_DESCRIPTION,UNKNOWN,https://slowcali.co.kr/bbs/content.php?co_id=menu,2026-10-04,,franchise-quality-v1,OFFICIAL_MENU_DETAIL,,,false,66FC2F465D04A94888B365CACCD2CD1441A93CB4B5353C2A99EC0ACD4B760914
official-quality-slowcali-e21feb2da021,QUALITY-SLOWCALI-E21FEB2DA021,슬로우캘리,사워크림 랩 소스,"사워크림, 마요네즈, 레몬주스",레몬|크림,,,PARTIAL_DESCRIPTION,UNKNOWN,https://slowcali.co.kr/bbs/content.php?co_id=menu,2026-10-04,,franchise-quality-v1,OFFICIAL_MENU_DETAIL,,,false,66FC2F465D04A94888B365CACCD2CD1441A93CB4B5353C2A99EC0ACD4B760914
official-quality-slowcali-e45b9adef2fb,QUALITY-SLOWCALI-E45B9ADEF2FB,슬로우캘리,애사비 에이드,"유기농 사과 초모, 탄산수",사과,,,PARTIAL_DESCRIPTION,UNKNOWN,https://slowcali.co.kr/bbs/content.php?co_id=menu,2026-10-04,,franchise-quality-v1,OFFICIAL_MENU_DETAIL,,,false,66FC2F465D04A94888B365CACCD2CD1441A93CB4B5353C2A99EC0ACD4B760914
official-quality-slowcali-e5edf17cce08,QUALITY-SLOWCALI-E5EDF17CCE08,슬로우캘리,아보카도 1/2,,,,,UNKNOWN,UNKNOWN,https://slowcali.co.kr/bbs/content.php?co_id=menu,2026-10-04,,franchise-quality-v1,OFFICIAL_MENU_DETAIL,,,false,66FC2F465D04A94888B365CACCD2CD1441A93CB4B5353C2A99EC0ACD4B760914
official-quality-slowcali-e6aaa6900f3f,QUALITY-SLOWCALI-E6AAA6900F3F,슬로우캘리,할라피뇨 10g,,,,,UNKNOWN,UNKNOWN,https://slowcali.co.kr/bbs/content.php?co_id=menu,2026-10-04,,franchise-quality-v1,OFFICIAL_MENU_DETAIL,,,false,66FC2F465D04A94888B365CACCD2CD1441A93CB4B5353C2A99EC0ACD4B760914
official-quality-slowcali-e832b5266dac,QUALITY-SLOWCALI-E832B5266DAC,슬로우캘리,프리미엄 연어 스테이크 (현미밥&샐러드),"연어 스테이크, 레몬, 브로콜리, 방울토마토, 사워크림, 타르타르 소스, 오리엔탈 소스",레몬|브로콜리|연어|크림|토마토,,,PARTIAL_DESCRIPTION,UNKNOWN,https://slowcali.co.kr/bbs/content.php?co_id=menu,2026-10-04,,franchise-quality-v1,OFFICIAL_MENU_DETAIL,,,false,66FC2F465D04A94888B365CACCD2CD1441A93CB4B5353C2A99EC0ACD4B760914
official-quality-slowcali-e9edceff679e,QUALITY-SLOWCALI-E9EDCEFF679E,슬로우캘리,훈제오리&치킨 더블프로틴 보울(현미밥&샐러드),"훈제오리, 닭다리살, 양파후레이크, 브로콜리, 파프리카, 베이크드빈, 통후추, 후리카케",닭다리살|브로콜리|양파|파프리카|훈제오리,,,PARTIAL_DESCRIPTION,UNKNOWN,https://slowcali.co.kr/bbs/content.php?co_id=menu,2026-10-04,,franchise-quality-v1,OFFICIAL_MENU_DETAIL,,,false,66FC2F465D04A94888B365CACCD2CD1441A93CB4B5353C2A99EC0ACD4B760914
official-quality-slowcali-edba9a1ea6fe,QUALITY-SLOWCALI-EDBA9A1EA6FE,슬로우캘리,발사믹 소스,"발사믹 식초, 올리브오일",,,,PARTIAL_DESCRIPTION,UNKNOWN,https://slowcali.co.kr/bbs/content.php?co_id=menu,2026-10-04,,franchise-quality-v1,OFFICIAL_MENU_DETAIL,,,false,66FC2F465D04A94888B365CACCD2CD1441A93CB4B5353C2A99EC0ACD4B760914
official-quality-slowcali-ee5e4f91853f,QUALITY-SLOWCALI-EE5E4F91853F,슬로우캘리,두부 40g,,,,,UNKNOWN,UNKNOWN,https://slowcali.co.kr/bbs/content.php?co_id=menu,2026-10-04,,franchise-quality-v1,OFFICIAL_MENU_DETAIL,,,false,66FC2F465D04A94888B365CACCD2CD1441A93CB4B5353C2A99EC0ACD4B760914
official-quality-slowcali-ef59d2719c3d,QUALITY-SLOWCALI-EF59D2719C3D,슬로우캘리,연어 포케 (현미밥&샐러드),"생연어, 쪽파, 에다마메, 날치알, 양파후레이크, 김, 적채, 후리카케",김|양파|에다마메|연어,,,PARTIAL_DESCRIPTION,UNKNOWN,https://slowcali.co.kr/bbs/content.php?co_id=menu,2026-10-04,,franchise-quality-v1,OFFICIAL_MENU_DETAIL,,,false,66FC2F465D04A94888B365CACCD2CD1441A93CB4B5353C2A99EC0ACD4B760914
official-quality-slowcali-f1fef49abbc1,QUALITY-SLOWCALI-F1FEF49ABBC1,슬로우캘리,훈제오리&치킨 더블프로틴 보울(메밀면&샐러드),"훈제오리, 닭다리살, 양파후레이크, 브로콜리, 파프리카, 베이크드빈, 통후추, 후리카케",닭다리살|브로콜리|양파|파프리카|훈제오리,,,PARTIAL_DESCRIPTION,UNKNOWN,https://slowcali.co.kr/bbs/content.php?co_id=menu,2026-10-04,,franchise-quality-v1,OFFICIAL_MENU_DETAIL,,,false,66FC2F465D04A94888B365CACCD2CD1441A93CB4B5353C2A99EC0ACD4B760914
official-quality-slowcali-f58264c9e2e7,QUALITY-SLOWCALI-F58264C9E2E7,슬로우캘리,구운버섯 40g,,,,,UNKNOWN,UNKNOWN,https://slowcali.co.kr/bbs/content.php?co_id=menu,2026-10-04,,franchise-quality-v1,OFFICIAL_MENU_DETAIL,,,false,66FC2F465D04A94888B365CACCD2CD1441A93CB4B5353C2A99EC0ACD4B760914
official-quality-slowcali-f652e773f712,QUALITY-SLOWCALI-F652E773F712,슬로우캘리,구운 단호박 2EA,,,,,UNKNOWN,UNKNOWN,https://slowcali.co.kr/bbs/content.php?co_id=menu,2026-10-04,,franchise-quality-v1,OFFICIAL_MENU_DETAIL,,,false,66FC2F465D04A94888B365CACCD2CD1441A93CB4B5353C2A99EC0ACD4B760914
official-quality-slowcali-f89ba911bbee,QUALITY-SLOWCALI-F89BA911BBEE,슬로우캘리,닭가슴살 에그 포케 (현미밥&샐러드),"닭가슴살, 삶은 계란, 해초볶음, 쪽파, 에다마메, 양파후레이크, 적채, 방울토마토, 후리카케",계란|닭가슴살|양파|에다마메|토마토,,,PARTIAL_DESCRIPTION,UNKNOWN,https://slowcali.co.kr/bbs/content.php?co_id=menu,2026-10-04,,franchise-quality-v1,OFFICIAL_MENU_DETAIL,,,false,66FC2F465D04A94888B365CACCD2CD1441A93CB4B5353C2A99EC0ACD4B760914
official-quality-slowcali-fb00c3c496d3,QUALITY-SLOWCALI-FB00C3C496D3,슬로우캘리,오리엔탈 두부 포케 (메밀면&샐러드),"두부, 해초볶음, 쪽파, 에다마메, 양파후레이크, 적채, 방울토마토, 후리카케",두부|양파|에다마메|토마토,,,PARTIAL_DESCRIPTION,UNKNOWN,https://slowcali.co.kr/bbs/content.php?co_id=menu,2026-10-04,,franchise-quality-v1,OFFICIAL_MENU_DETAIL,,,false,66FC2F465D04A94888B365CACCD2CD1441A93CB4B5353C2A99EC0ACD4B760914
official-quality-slowcali-fb4be08a8ae5,QUALITY-SLOWCALI-FB4BE08A8AE5,슬로우캘리,닭가슴살 에그 통밀랩,"닭가슴살, 삶은 계란, 통밀또띠아, 사워크림소스, 시그니처소스, 샐러드, 적채, 양파후레이크",계란|닭가슴살|양파|크림|통밀,,,PARTIAL_DESCRIPTION,UNKNOWN,https://slowcali.co.kr/bbs/content.php?co_id=menu,2026-10-04,,franchise-quality-v1,OFFICIAL_MENU_DETAIL,,,false,66FC2F465D04A94888B365CACCD2CD1441A93CB4B5353C2A99EC0ACD4B760914
official-quality-sodamchon-0e4cfd3e46b8,QUALITY-SODAMCHON-0E4CFD3E46B8,소담촌,월남쌈 스페셜 샤브샤브," 고기와 채소 중심의 기본 샤브보다 한층 풍성한 구성으로, 해산물이 더해지며 국물 맛이 더욱 깊고 시원해지는 것이 특징입니다.  다양한 재료를 한 번에 즐기고 싶은 고객, 특별한 외식 메뉴를 찾는 고객에게 잘 어울리는 메뉴입니다.  월남쌈의 산뜻함과 해산물의 감칠맛이 함께 어우러져 보다 화려한 한 상을 완성합니다.",,,,PARTIAL_DESCRIPTION,UNKNOWN,https://www.sodamchon.com/bbs/page.php?hid=allMenu,2026-10-04,,franchise-quality-v1,OFFICIAL_MENU_DETAIL,,,false,A4C8031C9F7FC2F6433F2BFACA248A957458F9B483ED78E88EAFBBA04A31FDF8
official-quality-sodamchon-305db98bebee,QUALITY-SODAMCHON-305DB98BEBEE,소담촌,우삼겹 구이 & 샤브샤브," 일정 등급 이상의 소고기만을 선별하여 사용하는 우삼겹은 얇게 썰린 결 사이로 퍼지는 고소한 육향이 매력적인 메뉴입니다. 빠르게 익으면서도 부드러운 식감을 유지해, 누구나 부담 없이 즐기기 좋습니다.  불판 위에서 살짝 구웠을 때 은은하게 올라오는 고기 향과 함께, 씹을수록 고소함이 퍼지는 것이 특징입니다. 균형 잡힌 지방과 육즙으로 담백함과 풍미를 동시에 느낄 수 있는 메뉴입니다.",소고기|우삼겹,,,PARTIAL_DESCRIPTION,UNKNOWN,https://www.sodamchon.com/bbs/page.php?hid=allMenu,2026-10-04,,franchise-quality-v1,OFFICIAL_MENU_DETAIL,,,false,A4C8031C9F7FC2F6433F2BFACA248A957458F9B483ED78E88EAFBBA04A31FDF8
official-quality-sodamchon-67eb1388e9bd,QUALITY-SODAMCHON-67EB1388E9BD,소담촌,월남쌈 명품한우 샤브샤브," 신선한 채소와 특수 황제버섯, 그리고 명품 한우를 함께 즐길 수 있는 소담촌의 프리미엄 메뉴입니다.  한우는 국내 소비자들에게 풍부한 육향과 부드러운 식감, 고운 마블링으로 선호되고 한우의 풍미가 느껴지는 메뉴입니다.",버섯,,,PARTIAL_DESCRIPTION,UNKNOWN,https://www.sodamchon.com/bbs/page.php?hid=allMenu,2026-10-04,,franchise-quality-v1,OFFICIAL_MENU_DETAIL,,,false,A4C8031C9F7FC2F6433F2BFACA248A957458F9B483ED78E88EAFBBA04A31FDF8
official-quality-sodamchon-730e149c6576,QUALITY-SODAMCHON-730E149C6576,소담촌,우유마라샤브,"얼얼하고 매콤한 마라 육수에 부드럽고 고소한 우유를 더해 이색적이면서도 깊은 풍미를 자랑하는 매력적인 신메뉴입니다. 마라 특유의 강렬한 향을 크리미한 우유가 부드럽게 감싸주어, 마라를 처음 접하는 분들도 부담 없이 맛있게 즐기기 좋습니다. ",우유,,,PARTIAL_DESCRIPTION,UNKNOWN,https://www.sodamchon.com/bbs/page.php?hid=allMenu,2026-10-04,,franchise-quality-v1,OFFICIAL_MENU_DETAIL,,,false,A4C8031C9F7FC2F6433F2BFACA248A957458F9B483ED78E88EAFBBA04A31FDF8
official-quality-sodamchon-7d0cec69cd33,QUALITY-SODAMCHON-7D0CEC69CD33,소담촌,토마토샤브," 잘 익은 신선한 토마토를 듬뿍 넣어 끓여내어, 입안 가득 퍼지는 상큼하고 깔끔한 맛이 일품인 메뉴입니다. 토마토 특유의 기분 좋은 산미와 자연스러운 단맛이 육수에 깊이 우러나, 무겁지 않으면서도 색다르고 건강한 감칠맛을 느낄 수 있습니다.  신선한 채소, 질 좋은 고기와 함께 곁들여 먹을 때 재료 본연의 맛을 더욱 살려주며, 끓일수록 진해지는 산뜻한 국물은 남녀노소 누구나 호불호 없이 즐기기 좋습니다. 입맛을 돋워주는 상큼한 토마토 육수로 더욱 풍성한 식사를 완성해 보세요.",토마토,,,PARTIAL_DESCRIPTION,UNKNOWN,https://www.sodamchon.com/bbs/page.php?hid=allMenu,2026-10-04,,franchise-quality-v1,OFFICIAL_MENU_DETAIL,,,false,A4C8031C9F7FC2F6433F2BFACA248A957458F9B483ED78E88EAFBBA04A31FDF8
official-quality-sodamchon-82a1a2dceede,QUALITY-SODAMCHON-82A1A2DCEEDE,소담촌,월남쌈 샤브샤브," 신선한 채소와 소고기를 가장 기본에 충실하게 즐길 수 있는 소담촌 대표 메뉴입니다.  담백한 샤브의 매력과 월남쌈의 산뜻함을 함께 느낄 수 있어, 처음 소담촌을 찾는 분들부터 꾸준히 찾는 단골 고객까지 부담 없이 선택하시기 좋습니다.  재료 본연의 맛이 살아 있어 육수와 소스, 채소 조합에 따라 가장 폭넓게 즐길 수 있는 시그니처 메뉴입니다.",소고기,,,PARTIAL_DESCRIPTION,UNKNOWN,https://www.sodamchon.com/bbs/page.php?hid=allMenu,2026-10-04,,franchise-quality-v1,OFFICIAL_MENU_DETAIL,,,false,A4C8031C9F7FC2F6433F2BFACA248A957458F9B483ED78E88EAFBBA04A31FDF8
official-quality-sodamchon-a1b08e7c1ca5,QUALITY-SODAMCHON-A1B08E7C1CA5,소담촌,월남쌈 와규 샤브샤브," 와규 특유의 부드러운 식감과 고소한 풍미를 월남쌈과 함께 즐길 수 있는 프리미엄 메뉴입니다.  호주산 흑우를 사용하여, 샤브로 살짝 익혔을 때 더욱 부드럽고 고소한 맛이 살아나는 것이 특징입니다.  많은 분들께서 푸짐하게 담긴 와규와 만족도 높은 식감으로 찾는 인기있는 메뉴입니다.",,,,PARTIAL_DESCRIPTION,UNKNOWN,https://www.sodamchon.com/bbs/page.php?hid=allMenu,2026-10-04,,franchise-quality-v1,OFFICIAL_MENU_DETAIL,,,false,A4C8031C9F7FC2F6433F2BFACA248A957458F9B483ED78E88EAFBBA04A31FDF8
official-quality-sodamchon-cbd0db224707,QUALITY-SODAMCHON-CBD0DB224707,소담촌,월남쌈 버섯샤브," 신선한 채소와 소고기에 동충하초, 노루궁뎅이, 황제버섯, 만가닥, 황금팽이를 더해 더욱 풍성한 식감과 향을 즐길 수 있는 건강감 있는 시그니처 메뉴입니다.  버섯마다 식감과 풍미가 달라 한 끼 안에서도 다채로운 맛의 층을 느낄 수 있으며, 많은 분들께서 특수 버섯 구성이 타 브랜드와 차별점으로 자주 언급됩니다.  만가닥은 쫄깃한 식감으로, 황금팽이는 가볍고 산뜻한 식감으로 알려져 있고, 동충하초와 노루궁뎅이는 건강한 이미지의 버섯으로 널리 인식됩니다.",버섯|소고기,,,PARTIAL_DESCRIPTION,UNKNOWN,https://www.sodamchon.com/bbs/page.php?hid=allMenu,2026-10-04,,franchise-quality-v1,OFFICIAL_MENU_DETAIL,,,false,A4C8031C9F7FC2F6433F2BFACA248A957458F9B483ED78E88EAFBBA04A31FDF8
official-quality-sodamchon-ea59e5771ebc,QUALITY-SODAMCHON-EA59E5771EBC,소담촌,얼큰 미나리 샤브샤브," 칼칼한 고추장 육수, 향긋한 미나리, 쫄깃한 납작칼국수를 함께 즐길 수 있는 개성 있는 메뉴입니다.  기본 샤브가 담백함에 초점이 있다면, 얼큰 미나리 샤브샤브는 입안에 시원하고 칼칼하게 퍼지는 국물 맛이 매력인 메뉴입니다.",고추|미나리,,,PARTIAL_DESCRIPTION,UNKNOWN,https://www.sodamchon.com/bbs/page.php?hid=allMenu,2026-10-04,,franchise-quality-v1,OFFICIAL_MENU_DETAIL,,,false,A4C8031C9F7FC2F6433F2BFACA248A957458F9B483ED78E88EAFBBA04A31FDF8
official-quality-subway-026f1edfacbc,QUALITY-SUBWAY-026F1EDFACBC,써브웨이,스테이크 & 머쉬룸 샐러드,"스테이크, 머쉬룸, 슈레드 치즈와 5가지 야채, 블랙올리브 (소스 선택)",치즈,,,PARTIAL_DESCRIPTION,UNKNOWN,https://www.subway.co.kr/menuView/salad?menuItemIdx=1585,2026-10-04,,franchise-quality-v1,OFFICIAL_MENU_DETAIL,,,false,BC16CD22D612B9341C2BD7B4D8833C1DC1A79C96C93C96CD726D3E9676D3F074
official-quality-subway-02a71989ca62,QUALITY-SUBWAY-02A71989CA62,써브웨이,쉬림프,"탱글한 쉬림프 5마리가 그대로, 신선하고 담백한 쉬림프의 맛 그대로 즐겨보세요! · 공식 알레르기표 기준 구성: 양상추, 토마토, 오이, 양파, 피망, 위트빵",상추|양상추|양파|오이|토마토,대두|밀|새우|토마토,대두|밀|새우,PARTIAL_DESCRIPTION,CONFIRMED_LABEL,https://www.subway.co.kr/images/menu/allergy_img.png?2026080101,2026-10-04,,franchise-quality-v1,OFFICIAL_FIXED_RECIPE_ALLERGEN_CHART_WHEAT_BREAD_BASIS,달걀|우유,난류|우유,false,B432442DBD001C51C623F13389DDEC5F50936B5B2A590997681056BA73DC2AF8
official-quality-subway-03ffe5a06407,QUALITY-SUBWAY-03FFE5A06407,써브웨이,에그마요 베이컨 그레인 샐러드,"에그마요, 베이컨 비츠, 그레인 믹스, 슈레드 치즈와 5가지 야채, 블랙올리브 (소스 선택)",베이컨|치즈,,,PARTIAL_DESCRIPTION,UNKNOWN,https://www.subway.co.kr/menuView/grain_salad?menuItemIdx=1592,2026-10-04,,franchise-quality-v1,OFFICIAL_MENU_DETAIL,,,false,0822A3C46B27EE800C29DA0A1B08D536361BEA3FE3DE5B17CB8FE254BBBF7207
official-quality-subway-0b08236432aa,QUALITY-SUBWAY-0B08236432AA,써브웨이,치킨 슬라이스,"담백한 치킨 슬라이스로 맛과 건강까지 한입에 · 공식 알레르기표 기준 구성: 양상추, 토마토, 오이, 양파, 피망, 위트빵",상추|양상추|양파|오이|토마토,대두|밀|토마토|닭고기,대두|밀,PARTIAL_DESCRIPTION,CONFIRMED_LABEL,https://www.subway.co.kr/images/menu/allergy_img.png?2026080101,2026-10-04,,franchise-quality-v1,OFFICIAL_FIXED_RECIPE_ALLERGEN_CHART_WHEAT_BREAD_BASIS,달걀|우유,난류|우유,false,B432442DBD001C51C623F13389DDEC5F50936B5B2A590997681056BA73DC2AF8
official-quality-subway-0e96216d54ec,QUALITY-SUBWAY-0E96216D54EC,써브웨이,로스트 치킨 아보카도,"오븐에 구운 촉촉한 닭가슴살에 부드러운 아보카도를 더해, 맛과 영양을 모두 잡은 든든한 메뉴 · 공식 알레르기표 기준 구성: 양상추, 토마토, 오이, 양파, 피망, 위트빵",닭가슴살|상추|아보카도|양상추|양파|오이|토마토,대두|밀|토마토|닭고기|쇠고기,대두|밀,PARTIAL_DESCRIPTION,CONFIRMED_LABEL,https://www.subway.co.kr/images/menu/allergy_img.png?2026080101,2026-10-04,,franchise-quality-v1,OFFICIAL_FIXED_RECIPE_ALLERGEN_CHART_WHEAT_BREAD_BASIS,,,false,B432442DBD001C51C623F13389DDEC5F50936B5B2A590997681056BA73DC2AF8
official-quality-subway-11f1718eec73,QUALITY-SUBWAY-11F1718EEC73,써브웨이,로스트 치킨 베이컨 샐러드,"로스트 치킨, 베이컨 비츠, 슈레드 치즈와 5가지 야채, 블랙올리브 (소스 선택)",베이컨|치즈,,,PARTIAL_DESCRIPTION,UNKNOWN,https://www.subway.co.kr/menuView/salad?menuItemIdx=1583,2026-10-04,,franchise-quality-v1,OFFICIAL_MENU_DETAIL,,,false,D75CEDA2DED2C560E2C0ED40949FDA799FF9F9210241DD3B5527CE60340042BD
official-quality-subway-1269820f04f1,QUALITY-SUBWAY-1269820F04F1,써브웨이,치킨 데리야끼,"담백한 치킨 스트립에 달콤짭쪼름한 써브웨이 특제 데리야끼 소스와의 환상적인 만남 · 공식 알레르기표 기준 구성: 양상추, 토마토, 오이, 양파, 피망, 위트빵",상추|양상추|양파|오이|토마토,대두|밀|토마토|닭고기,대두|밀,PARTIAL_DESCRIPTION,CONFIRMED_LABEL,https://www.subway.co.kr/images/menu/allergy_img.png?2026080101,2026-10-04,,franchise-quality-v1,OFFICIAL_FIXED_RECIPE_ALLERGEN_CHART_WHEAT_BREAD_BASIS,달걀|우유,난류|우유,false,B432442DBD001C51C623F13389DDEC5F50936B5B2A590997681056BA73DC2AF8
official-quality-subway-185dfa3e9224,QUALITY-SUBWAY-185DFA3E9224,써브웨이,스파이시 쉬림프,"탱글한 쉬림프에 이국적인 시즈닝을 더해 색다른 매콤함을 만나보세요! · 공식 알레르기표 기준 구성: 양상추, 토마토, 오이, 양파, 피망, 위트빵",상추|양상추|양파|오이|토마토,우유|대두|밀|새우|토마토,대두|밀|새우|우유,PARTIAL_DESCRIPTION,CONFIRMED_LABEL,https://www.subway.co.kr/images/menu/allergy_img.png?2026080101,2026-10-04,,franchise-quality-v1,OFFICIAL_FIXED_RECIPE_ALLERGEN_CHART_WHEAT_BREAD_BASIS,달걀,난류,false,B432442DBD001C51C623F13389DDEC5F50936B5B2A590997681056BA73DC2AF8
official-quality-subway-1ef6bf91e2c1,QUALITY-SUBWAY-1EF6BF91E2C1,써브웨이,머쉬룸(F),버섯의 건강함을 그대로 담아 신선한 야채와 함께 담백하게 즐기는 샌드위치,버섯,,,PARTIAL_DESCRIPTION,UNKNOWN,https://www.subway.co.kr/menuView/sandwich?menuItemIdx=1526,2026-10-04,,franchise-quality-v1,OFFICIAL_MENU_DETAIL,,,false,B3E4A81B8D2CDEC5791013732D816CEC5FA49C0529BA490EE080C7ED27B946BC
official-quality-subway-2001caaf4b3b,QUALITY-SUBWAY-2001CAAF4B3B,써브웨이,쉬림프 아보카도 그레인 샐러드,"쉬림프, 아보카도, 그레인 믹스, 슈레드 치즈와 5가지 야채, 블랙올리브 (소스 선택)",아보카도|치즈,,,PARTIAL_DESCRIPTION,UNKNOWN,https://www.subway.co.kr/menuView/grain_salad?menuItemIdx=1591,2026-10-04,,franchise-quality-v1,OFFICIAL_MENU_DETAIL,,,false,3AED5425AF8D437C18B9F81388E8C96D2D398324AC7A49A5D746C3ECB91A6A5A
official-quality-subway-22805f0b9a4e,QUALITY-SUBWAY-22805F0B9A4E,써브웨이,비엘티,"오리지널 아메리칸 스타일 베이컨의 풍미와 바삭함 그대로~ · 공식 알레르기표 기준 구성: 양상추, 토마토, 오이, 양파, 피망, 위트빵",베이컨|상추|양상추|양파|오이|토마토,대두|밀|돼지고기|토마토,대두|밀,PARTIAL_DESCRIPTION,CONFIRMED_LABEL,https://www.subway.co.kr/images/menu/allergy_img.png?2026080101,2026-10-04,,franchise-quality-v1,OFFICIAL_FIXED_RECIPE_ALLERGEN_CHART_WHEAT_BREAD_BASIS,달걀|우유,난류|우유,false,B432442DBD001C51C623F13389DDEC5F50936B5B2A590997681056BA73DC2AF8
official-quality-subway-22c256907baa,QUALITY-SUBWAY-22C256907BAA,써브웨이,Bacon Cheesy 웨지 포테이토,"짭쪼름한 베이컨과 치즈의 궁합을 더한, 오븐에 구워 더 담백한 겉은 바삭 속은 촉촉한 건강한 사이드 ※제공시간 : 오전 11시 ~",베이컨|치즈,,,PARTIAL_DESCRIPTION,UNKNOWN,https://www.subway.co.kr/menuView/sidedrink?menuItemIdx=1323,2026-10-04,,franchise-quality-v1,OFFICIAL_MENU_DETAIL,,,false,DD25C579DC084C5D6A1FDDE5BEB4D49D1AFD765BF4FAE83D6586AF67BF260646
official-quality-subway-24345cad8cb5,QUALITY-SUBWAY-24345CAD8CB5,써브웨이,웨지 포테이토,"오븐에 구워 더 담백, 겉은 바삭 속은 촉촉한 건강한 사이드 ※제공시간 : 오전 11시 ~",,,,PARTIAL_DESCRIPTION,UNKNOWN,https://www.subway.co.kr/menuView/sidedrink?menuItemIdx=1321,2026-10-04,,franchise-quality-v1,OFFICIAL_MENU_DETAIL,,,false,2EB8B4713CB456FCCABAFBAC998FCD97DEBC5C7BE6E9104127B687188207EBB2
official-quality-subway-3122955efaf9,QUALITY-SUBWAY-3122955EFAF9,써브웨이,스파이시 쉬림프 타코 샐러드,"스파이시 쉬림프, 더블 슈레드 치즈, 아보카도, 살사, 각종 야채와 치폴레 & 랜치, 또띠야",아보카도|치즈,,,PARTIAL_DESCRIPTION,UNKNOWN,https://www.subway.co.kr/menuView/salad?menuItemIdx=1589,2026-10-04,,franchise-quality-v1,OFFICIAL_MENU_DETAIL,,,false,E520FFEC506706DD2F5BC8F4949D18B1B42E2EE3AEBB5FA006B553ADE56AB62F
official-quality-subway-3412729aab33,QUALITY-SUBWAY-3412729AAB33,써브웨이,로티세리 치킨 타코 샐러드,"로티세리 치킨, 더블 슈레드 치즈, 아보카도, 살사,각종 야채와 치폴레 & 랜치, 또띠야",아보카도|치즈,,,PARTIAL_DESCRIPTION,UNKNOWN,https://www.subway.co.kr/menuView/salad?menuItemIdx=1588,2026-10-04,,franchise-quality-v1,OFFICIAL_MENU_DETAIL,,,false,33A02717E4EC00EBC78867AF712C0AD233FAD5C123318CE209C1216D51712EC1
official-quality-subway-3c88fb7f75b8,QUALITY-SUBWAY-3C88FB7F75B8,써브웨이,풀드포크 바비큐,"미국 스타일의 풀드 포크 바비큐가 가득 들어간 샌드위치 · 공식 알레르기표 기준 구성: 양상추, 토마토, 오이, 양파, 피망, 위트빵",상추|양상추|양파|오이|토마토,대두|밀|돼지고기|토마토,대두|밀,PARTIAL_DESCRIPTION,CONFIRMED_LABEL,https://www.subway.co.kr/images/menu/allergy_img.png?2026080101,2026-10-04,,franchise-quality-v1,OFFICIAL_FIXED_RECIPE_ALLERGEN_CHART_WHEAT_BREAD_BASIS,달걀|우유,난류|우유,false,B432442DBD001C51C623F13389DDEC5F50936B5B2A590997681056BA73DC2AF8
official-quality-subway-416af61316b0,QUALITY-SUBWAY-416AF61316B0,써브웨이,라즈베리 치즈케익,부드럽고 풍부한 치즈와 새콤달콤 라즈베리의 달콤한 만남,치즈,,,PARTIAL_DESCRIPTION,UNKNOWN,https://www.subway.co.kr/menuView/sidedrink?menuItemIdx=1310,2026-10-04,,franchise-quality-v1,OFFICIAL_MENU_DETAIL,,,false,C0C731B1F8992FDE2695A2267701F4224A364A3BEB62C3E07E4570D6B12C1EEF
official-quality-subway-44c34e967bb5,QUALITY-SUBWAY-44C34E967BB5,써브웨이,스파이시 쉬림프 타코 그레인 샐러드,"스파이시 쉬림프, 더블 슈레드 치즈, 아보카도, 그레인 믹스, 살사, 각종 야채와 치폴레 & 랜치, 또띠야",아보카도|치즈,,,PARTIAL_DESCRIPTION,UNKNOWN,https://www.subway.co.kr/menuView/grain_salad?menuItemIdx=1597,2026-10-04,,franchise-quality-v1,OFFICIAL_MENU_DETAIL,,,false,9E4FC2E24D13F7CD3F89DF5D56FBF5D80BADAFA15CA0AB90CF8F0E5CDEDAB8FD
official-quality-subway-4947b7c366aa,QUALITY-SUBWAY-4947B7C366AA,써브웨이,로티세리 치킨 더블치즈 샐러드,"로티세리 치킨, 더블 슈레드 치즈와 5가지 야채, 블랙올리브 (소스 선택)",치즈,,,PARTIAL_DESCRIPTION,UNKNOWN,https://www.subway.co.kr/menuView/salad?menuItemIdx=1582,2026-10-04,,franchise-quality-v1,OFFICIAL_MENU_DETAIL,,,false,305AAFD61E85C2D4731CE5355C081B6E92FAB74761C2F5078F26306173CF2234
official-quality-subway-52e02dfb20a9,QUALITY-SUBWAY-52E02DFB20A9,써브웨이,스테이크 & 치즈,육즙이 쫙~풍부한 비프 스테이크의 풍미가 입안 한가득,,,,PARTIAL_DESCRIPTION,UNKNOWN,https://www.subway.co.kr/menuView/sandwich?menuItemIdx=1519,2026-10-04,,franchise-quality-v1,OFFICIAL_MENU_DETAIL,,,false,ABFEA78368EBC7D643EE846DE1CD55D4E9F7EF01CC537B0769FF6892896B2102
official-quality-subway-5c7c8c124f43,QUALITY-SUBWAY-5C7C8C124F43,써브웨이,써브웨이 클럽,"고소한 베이컨, 담백한 터키에 햄까지 더해 완벽해진 조화를 즐겨보세요.",베이컨,,,PARTIAL_DESCRIPTION,UNKNOWN,https://www.subway.co.kr/menuView/sandwich?menuItemIdx=1511,2026-10-04,,franchise-quality-v1,OFFICIAL_MENU_DETAIL,,,false,F76896491C88BF5A816938881AFD0B8362B9D37F72AC429F2801A2A64693A928
official-quality-subway-5d5b7ee3fffe,QUALITY-SUBWAY-5D5B7EE3FFFE,써브웨이,스테이크 & 머쉬룸 그레인 샐러드,"스테이크, 머쉬룸, 그레인 믹스, 슈레드 치즈와 5가지 야채, 블랙올리브 (소스 선택)",치즈,,,PARTIAL_DESCRIPTION,UNKNOWN,https://www.subway.co.kr/menuView/grain_salad?menuItemIdx=1590,2026-10-04,,franchise-quality-v1,OFFICIAL_MENU_DETAIL,,,false,EA10FFE08583FC76D00AF6EA3A655917C8B2AD0C4A2BB3EF617D7BC565496744
official-quality-subway-61b09353ec6a,QUALITY-SUBWAY-61B09353EC6A,써브웨이,콘 수프,달콤한 옥수수의 깊은 풍미가 느껴지는 콘 수프,옥수수,,,PARTIAL_DESCRIPTION,UNKNOWN,https://www.subway.co.kr/menuView/sidedrink?menuItemIdx=1465,2026-10-04,,franchise-quality-v1,OFFICIAL_MENU_DETAIL,,,false,87A73FFA79E1C3833DC57434B827F4EC92832139968456BD3F65358766416DB9
official-quality-subway-628a263bd9b9,QUALITY-SUBWAY-628A263BD9B9,써브웨이,로스트 치킨,"오븐에 구워 담백한 저칼로리 닭가슴살의 건강한 풍미 · 공식 알레르기표 기준 구성: 양상추, 토마토, 오이, 양파, 피망, 위트빵",닭가슴살|상추|양상추|양파|오이|토마토,대두|밀|토마토|닭고기|쇠고기,대두|밀,PARTIAL_DESCRIPTION,CONFIRMED_LABEL,https://www.subway.co.kr/images/menu/allergy_img.png?2026080101,2026-10-04,,franchise-quality-v1,OFFICIAL_FIXED_RECIPE_ALLERGEN_CHART_WHEAT_BREAD_BASIS,달걀|우유,난류|우유,false,B432442DBD001C51C623F13389DDEC5F50936B5B2A590997681056BA73DC2AF8
official-quality-subway-633e5e7c8f5a,QUALITY-SUBWAY-633E5E7C8F5A,써브웨이,스테이크 & 치즈 아보카도 랩,육즙 가득 스테이크에 프레쉬함을 더해줄 아보카도와 슈레드치즈 그리고 모차렐라치즈까지! 최상의 야채와 소스 조합으로 탄생한 스테이크 & 치즈 아보카도 랩!,아보카도|치즈,,,PARTIAL_DESCRIPTION,UNKNOWN,https://www.subway.co.kr/menuView/unit?menuItemIdx=1342,2026-10-04,,franchise-quality-v1,OFFICIAL_MENU_DETAIL,,,false,E96C79EECBB8F7D6DBD658B82CCF65B2AF6E2E6DFC8F7CB887874A4C7B3011B4
official-quality-subway-659e7dda7864,QUALITY-SUBWAY-659E7DDA7864,써브웨이,Cheesy 웨지 포테이토,"치즈 풍미 한가득, 오븐에 구워 더 담백한 겉은 바삭 속은 촉촉한 건강한 사이드 ※제공시간 : 오전 11시 ~",치즈,,,PARTIAL_DESCRIPTION,UNKNOWN,https://www.subway.co.kr/menuView/sidedrink?menuItemIdx=1322,2026-10-04,,franchise-quality-v1,OFFICIAL_MENU_DETAIL,,,false,E50268B3DFED4BEAA25485271ADE5890096CB30ACAF826AD58183CB9365F73B3
official-quality-subway-66ac41d167d2,QUALITY-SUBWAY-66AC41D167D2,써브웨이,참치 아보카도 그레인 샐러드,"참치, 아보카도, 그레인 믹스, 슈레드 치즈와 5가지 야채, 블랙올리브 (소스 선택)",아보카도|참치|치즈,,,PARTIAL_DESCRIPTION,UNKNOWN,https://www.subway.co.kr/menuView/grain_salad?menuItemIdx=1595,2026-10-04,,franchise-quality-v1,OFFICIAL_MENU_DETAIL,,,false,F0D46EBCE748267D0C4D8A9632A0D7530BD6CDB3E680C80223E7F632912E7D5F
official-quality-subway-6c41bd322c51,QUALITY-SUBWAY-6C41BD322C51,써브웨이,로티세리 치킨 더블치즈 그레인 샐러드,"로티세리 치킨, 그레인 믹스, 더블 슈레드 치즈와 5가지 야채, 블랙올리브 (소스 선택)",치즈,,,PARTIAL_DESCRIPTION,UNKNOWN,https://www.subway.co.kr/menuView/grain_salad?menuItemIdx=1594,2026-10-04,,franchise-quality-v1,OFFICIAL_MENU_DETAIL,,,false,00DD854F0497CEF64C9DE7DF5880A47A5B50141F74879B07659B79D8DB9F65D6
official-quality-subway-6ca504fcd641,QUALITY-SUBWAY-6CA504FCD641,써브웨이,안창비프&머쉬룸(S),부드럽고 풍미 넘치는 안창살과 담백하고 건강한 머쉬룸이 함께 어우러져 이루는 맛있는 조합의 샌드위치,,,,PARTIAL_DESCRIPTION,UNKNOWN,https://www.subway.co.kr/menuView/sandwich?menuItemIdx=1514,2026-10-04,,franchise-quality-v1,OFFICIAL_MENU_DETAIL,,,false,19CCE891A2F45DC4CF2E0B895249C1584DB118F7750793ABAAD7BB1FB8EDD9B4
official-quality-subway-6cd1252b2a04,QUALITY-SUBWAY-6CD1252B2A04,써브웨이,화이트 초코 마카다미아,고소함 가득한 마카다미아와 달콤한 화이트 초콜릿의 환상 궁합,,,,PARTIAL_DESCRIPTION,UNKNOWN,https://www.subway.co.kr/menuView/sidedrink?menuItemIdx=1311,2026-10-04,,franchise-quality-v1,OFFICIAL_MENU_DETAIL,,,false,0E9C054F8A2687C4BB559F21A10325CB4396AD50E44691F9A278E4C318EB864A
official-quality-subway-7017b2ef2329,QUALITY-SUBWAY-7017B2EF2329,써브웨이,치킨 베이컨 미니 랩,"담백한 치킨, 바삭한 베이컨 비츠가 쫀득한 통밀 랩에 쏘옥! 치킨 베이컨 미니 랩",베이컨|통밀,,,PARTIAL_DESCRIPTION,UNKNOWN,https://www.subway.co.kr/menuView/sidedrink?menuItemIdx=1320,2026-10-04,,franchise-quality-v1,OFFICIAL_MENU_DETAIL,,,false,FE1A312C97C1050CD6C98878360D10A804098E0D08FFC0A65751DC5C53120937
official-quality-subway-70fdb2cd788f,QUALITY-SUBWAY-70FDB2CD788F,써브웨이,머쉬룸(S),버섯의 건강함을 그대로 담아 신선한 야채와 함께 담백하게 즐기는 샌드위치,버섯,,,PARTIAL_DESCRIPTION,UNKNOWN,https://www.subway.co.kr/menuView/sandwich?menuItemIdx=1526,2026-10-04,,franchise-quality-v1,OFFICIAL_MENU_DETAIL,,,false,B3E4A81B8D2CDEC5791013732D816CEC5FA49C0529BA490EE080C7ED27B946BC
official-quality-subway-77be02d2e267,QUALITY-SUBWAY-77BE02D2E267,써브웨이,안창 비프,"안창살을 써브웨의만의 이국적인 특제 시즈닝을 더해 더 부드럽고, 더 풍미있게 즐기는 프리미엄 샌드위치 · 공식 알레르기표 기준 구성: 양상추, 토마토, 오이, 양파, 피망, 위트빵",상추|양상추|양파|오이|토마토,대두|밀|토마토|쇠고기,대두|밀,PARTIAL_DESCRIPTION,CONFIRMED_LABEL,https://www.subway.co.kr/images/menu/allergy_img.png?2026080101,2026-10-04,,franchise-quality-v1,OFFICIAL_FIXED_RECIPE_ALLERGEN_CHART_WHEAT_BREAD_BASIS,달걀|우유,난류|우유,false,B432442DBD001C51C623F13389DDEC5F50936B5B2A590997681056BA73DC2AF8
official-quality-subway-7aefc65dc710,QUALITY-SUBWAY-7AEFC65DC710,써브웨이,참치,"남녀노소 누구나 좋아하는 담백한 참치와 고소한 마요네즈의 완벽한 조화 · 공식 알레르기표 기준 구성: 양상추, 토마토, 오이, 양파, 피망, 위트빵",상추|양상추|양파|오이|참치|토마토,난류|대두|밀|토마토,달걀|대두|밀,PARTIAL_DESCRIPTION,CONFIRMED_LABEL,https://www.subway.co.kr/images/menu/allergy_img.png?2026080101,2026-10-04,,franchise-quality-v1,OFFICIAL_FIXED_RECIPE_ALLERGEN_CHART_WHEAT_BREAD_BASIS,우유,우유,false,B432442DBD001C51C623F13389DDEC5F50936B5B2A590997681056BA73DC2AF8
official-quality-subway-7c7c3bab8afe,QUALITY-SUBWAY-7C7C3BAB8AFE,써브웨이,피자썹,"토마토살사에 모차렐라치즈가 듬뿍, 간편하고 맛있게 즐기는 피자썹 (고정레시피 제품입니다) · 공식 알레르기표 기준 구성: 양상추, 토마토, 오이, 양파, 피망, 위트빵",상추|양상추|양파|오이|치즈|토마토,난류|대두|밀|돼지고기|토마토,달걀|대두|밀,PARTIAL_DESCRIPTION,CONFIRMED_LABEL,https://www.subway.co.kr/images/menu/allergy_img.png?2026080101,2026-10-04,,franchise-quality-v1,OFFICIAL_FIXED_RECIPE_ALLERGEN_CHART_WHEAT_BREAD_BASIS,게|견과류|땅콩|새우|생선|우유|조개류,우유|메밀|땅콩|고등어|게|새우|복숭아|아황산류|호두|닭고기|쇠고기|오징어|조개류(굴전복홍합포함)|잣,false,B432442DBD001C51C623F13389DDEC5F50936B5B2A590997681056BA73DC2AF8
official-quality-subway-7d8744f95095,QUALITY-SUBWAY-7D8744F95095,써브웨이,에그 슬라이스,"달걀의 신선함과 담백함을 그대로 담아 맛도, 영양도 사로잡은 샌드위치를 만나보세요. · 공식 알레르기표 기준 구성: 양상추, 토마토, 오이, 양파, 피망, 위트빵",달걀|상추|양상추|양파|오이|토마토,난류|대두|밀|토마토,달걀|대두|밀,PARTIAL_DESCRIPTION,CONFIRMED_LABEL,https://www.subway.co.kr/images/menu/allergy_img.png?2026080101,2026-10-04,,franchise-quality-v1,OFFICIAL_FIXED_RECIPE_ALLERGEN_CHART_WHEAT_BREAD_BASIS,우유,우유,false,B432442DBD001C51C623F13389DDEC5F50936B5B2A590997681056BA73DC2AF8
official-quality-subway-82774e3dc812,QUALITY-SUBWAY-82774E3DC812,써브웨이,로티세리 바비큐 치킨,"촉촉한 바비큐 치킨의 풍미가득. 손으로 찢어 더욱 부드러운 치킨의 혁명 · 공식 알레르기표 기준 구성: 양상추, 토마토, 오이, 양파, 피망, 위트빵",상추|양상추|양파|오이|토마토,대두|밀|토마토|닭고기,대두|밀,PARTIAL_DESCRIPTION,CONFIRMED_LABEL,https://www.subway.co.kr/images/menu/allergy_img.png?2026080101,2026-10-04,,franchise-quality-v1,OFFICIAL_FIXED_RECIPE_ALLERGEN_CHART_WHEAT_BREAD_BASIS,달걀|우유,난류|우유,false,B432442DBD001C51C623F13389DDEC5F50936B5B2A590997681056BA73DC2AF8
official-quality-subway-83d2e5889d65,QUALITY-SUBWAY-83D2E5889D65,써브웨이,에그마요,"부드러운 달걀과 고소한 마요네즈가 만나 더 부드러운 스테디셀러 · 공식 알레르기표 기준 구성: 양상추, 토마토, 오이, 양파, 피망, 위트빵",달걀|상추|양상추|양파|오이|토마토,난류|대두|밀|토마토,달걀|대두|밀,PARTIAL_DESCRIPTION,CONFIRMED_LABEL,https://www.subway.co.kr/images/menu/allergy_img.png?2026080101,2026-10-04,,franchise-quality-v1,OFFICIAL_FIXED_RECIPE_ALLERGEN_CHART_WHEAT_BREAD_BASIS,우유|조개류,우유|조개류(굴전복홍합포함),false,B432442DBD001C51C623F13389DDEC5F50936B5B2A590997681056BA73DC2AF8
official-quality-subway-85ab44c255d5,QUALITY-SUBWAY-85AB44C255D5,써브웨이,미니 로티세리 치킨 샐러드,"신선함과 간편함을 한 컵에 담아, 가볍고 건강하게 즐기는 미니 샐러드",,,,PARTIAL_DESCRIPTION,UNKNOWN,https://www.subway.co.kr/menuView/salad?menuItemIdx=1473,2026-10-04,,franchise-quality-v1,OFFICIAL_MENU_DETAIL,,,false,0BC23823CB1B23008BAF72A3BCCB9BB4DFB8DF353CF3C5EDE353C649373619D6
official-quality-subway-886631c13071,QUALITY-SUBWAY-886631C13071,써브웨이,머쉬룸 수프,부드러운 머쉬룸의 풍미가 가득한 머쉬룸 수프,,,,PARTIAL_DESCRIPTION,UNKNOWN,https://www.subway.co.kr/menuView/sidedrink?menuItemIdx=1317,2026-10-04,,franchise-quality-v1,OFFICIAL_MENU_DETAIL,,,false,E71B1C183361B328CDF2F9F359D448A6EB333158CA861865F8E6490C9EA32617
official-quality-subway-899bbe98906e,QUALITY-SUBWAY-899BBE98906E,써브웨이,"잠봉, 에그&치즈",푹신한 오믈렛과 잠봉의 가장 클래식한 조화 ※ 아침메뉴 제공시간 : 오전 11시까지 ※ 본 메뉴에는 야채가 포함되지 않습니다.,,,,PARTIAL_DESCRIPTION,UNKNOWN,https://www.subway.co.kr/menuView/morning?menuItemIdx=1339,2026-10-04,,franchise-quality-v1,OFFICIAL_MENU_DETAIL,,,false,A04449F473583C7DF37334AC9D4A3293950BEB1B7A4259A65C96E0A53A804153
official-quality-subway-8a82a61151ee,QUALITY-SUBWAY-8A82A61151EE,써브웨이,아기맹새우,"아기맹수 스페셜! 쉬림프 7마리(담백4+매콤3)와 부드러운 아보카도, 고소상큼 소스의 맹렬한 조합! (고정레시피 제품입니다) · 공식 알레르기표 기준 구성: 양상추, 토마토, 오이, 양파, 피망, 위트빵",상추|아보카도|양상추|양파|오이|토마토,난류|우유|대두|밀|새우|토마토|아황산류,달걀|대두|밀|새우|우유,PARTIAL_DESCRIPTION,CONFIRMED_LABEL,https://www.subway.co.kr/images/menu/allergy_img.png?2026080101,2026-10-04,,franchise-quality-v1,OFFICIAL_FIXED_RECIPE_ALLERGEN_CHART_WHEAT_BREAD_BASIS,게|견과류|땅콩|생선|조개류,메밀|땅콩|고등어|게|돼지고기|복숭아|호두|닭고기|쇠고기|오징어|조개류(굴전복홍합포함)|잣,false,B432442DBD001C51C623F13389DDEC5F50936B5B2A590997681056BA73DC2AF8
official-quality-subway-8caf96306a86,QUALITY-SUBWAY-8CAF96306A86,써브웨이,참치 아보카도 샐러드,"참치, 아보카도, 슈레드 치즈와 5가지 야채, 블랙올리브 (소스 선택)",아보카도|참치|치즈,,,PARTIAL_DESCRIPTION,UNKNOWN,https://www.subway.co.kr/menuView/salad?menuItemIdx=1580,2026-10-04,,franchise-quality-v1,OFFICIAL_MENU_DETAIL,,,false,ABC17C79C68E51497DCCC64BB86D62E7444A8C8A49084E79CA9C675CC69A822B
official-quality-subway-8d96fd03e66b,QUALITY-SUBWAY-8D96FD03E66B,써브웨이,잠봉,"깊게 번지는 잠봉의 풍미를 느껴보세요. · 공식 알레르기표 기준 구성: 양상추, 토마토, 오이, 양파, 피망, 위트빵",상추|양상추|양파|오이|토마토,대두|밀|돼지고기|토마토,대두|밀,PARTIAL_DESCRIPTION,CONFIRMED_LABEL,https://www.subway.co.kr/images/menu/allergy_img.png?2026080101,2026-10-04,,franchise-quality-v1,OFFICIAL_FIXED_RECIPE_ALLERGEN_CHART_WHEAT_BREAD_BASIS,게|견과류|달걀|땅콩|새우|생선|우유|조개류,난류|우유|메밀|땅콩|고등어|게|새우|복숭아|아황산류|호두|닭고기|쇠고기|오징어|조개류(굴전복홍합포함)|잣,false,B432442DBD001C51C623F13389DDEC5F50936B5B2A590997681056BA73DC2AF8
official-quality-subway-90e094754a76,QUALITY-SUBWAY-90E094754A76,써브웨이,로티세리 치킨 타코 그레인 샐러드,"로티세리 치킨, 더블 슈레드 치즈, 아보카도, 그레인 믹스, 살사, 각종 야채와 치폴레 & 랜치, 또띠야",아보카도|치즈,,,PARTIAL_DESCRIPTION,UNKNOWN,https://www.subway.co.kr/menuView/grain_salad?menuItemIdx=1598,2026-10-04,,franchise-quality-v1,OFFICIAL_MENU_DETAIL,,,false,2B9689E91B23B7CC8D9D4EFF3FFB9BA30EAC2EA5C690A28152DE2F19FC9E7AF4
official-quality-subway-9b0081f452a2,QUALITY-SUBWAY-9B0081F452A2,써브웨이,더블 초코칩,부드러운 화이트초콜릿과 다크 초콜릿의 절묘한 조화로 더욱 풍부한 달콤함,,,,PARTIAL_DESCRIPTION,UNKNOWN,https://www.subway.co.kr/menuView/sidedrink?menuItemIdx=1307,2026-10-04,,franchise-quality-v1,OFFICIAL_MENU_DETAIL,,,false,4145C9740B87A7CA4EB4F7FE524772B9D4B660DDE823ABE90CEAF277C83F022A
official-quality-subway-a0b95d339886,QUALITY-SUBWAY-A0B95D339886,써브웨이,잠봉 플러스,"깊게 번지는 잠봉의 풍미를 더욱 풍성하게 느껴보세요. · 공식 알레르기표 기준 구성: 양상추, 토마토, 오이, 양파, 피망, 위트빵",상추|양상추|양파|오이|토마토,대두|밀|돼지고기|토마토,대두|밀,PARTIAL_DESCRIPTION,CONFIRMED_LABEL,https://www.subway.co.kr/images/menu/allergy_img.png?2026080101,2026-10-04,,franchise-quality-v1,OFFICIAL_FIXED_RECIPE_ALLERGEN_CHART_WHEAT_BREAD_BASIS,게|견과류|달걀|땅콩|새우|생선|우유|조개류,난류|우유|메밀|땅콩|고등어|게|새우|복숭아|아황산류|호두|닭고기|쇠고기|오징어|조개류(굴전복홍합포함)|잣,false,B432442DBD001C51C623F13389DDEC5F50936B5B2A590997681056BA73DC2AF8
official-quality-subway-a2a4d5683c6f,QUALITY-SUBWAY-A2A4D5683C6F,써브웨이,에그마요 베이컨 샐러드,"에그마요, 베이컨 비츠, 슈레드 치즈와 5가지 야채, 블랙올리브 (소스 선택)",베이컨|치즈,,,PARTIAL_DESCRIPTION,UNKNOWN,https://www.subway.co.kr/menuView/salad?menuItemIdx=1581,2026-10-04,,franchise-quality-v1,OFFICIAL_MENU_DETAIL,,,false,D43B523A55684E417DD3D93C08286FA3150D8FC885FA3C89BD1545C73DD74540
official-quality-subway-ae49ebc3651f,QUALITY-SUBWAY-AE49EBC3651F,써브웨이,풀드포크 타코 그레인 샐러드,"풀드포크, 더블 슈레드 치즈, 아보카도, 그레인 믹스, 살사,각종 야채와 치폴레 & 랜치, 또띠야",아보카도|치즈,,,PARTIAL_DESCRIPTION,UNKNOWN,https://www.subway.co.kr/menuView/grain_salad?menuItemIdx=1599,2026-10-04,,franchise-quality-v1,OFFICIAL_MENU_DETAIL,,,false,DC047212711C627DAD29A7D1BBEC4C007A2D852E94983C92D3AD30F76A1614F0
official-quality-subway-b2f54c0a5caa,QUALITY-SUBWAY-B2F54C0A5CAA,써브웨이,로스트 치킨 베이컨 그레인 샐러드,"로스트 치킨, 베이컨 비츠, 그레인 믹스, 슈레드 치즈와 5가지 야채, 블랙올리브 (소스 선택)",베이컨|치즈,,,PARTIAL_DESCRIPTION,UNKNOWN,https://www.subway.co.kr/menuView/grain_salad?menuItemIdx=1593,2026-10-04,,franchise-quality-v1,OFFICIAL_MENU_DETAIL,,,false,48CF3DEEF3E3F4FCCA28FB8A04C9649EA964F317C6D0379DD951E976C81D9420
official-quality-subway-bebec5bb5a60,QUALITY-SUBWAY-BEBEC5BB5A60,써브웨이,이탈리안 비엠티,"페퍼로니, 살라미 그리고 햄이 만들어내는 최상의 조화 전세계가 사랑하는 써브웨이의 베스트셀러 Biggest Meatiest Tastiest, its’ B.M.T. · 공식 알레르기표 기준 구성: 양상추, 토마토, 오이, 양파, 피망, 위트빵",상추|양상추|양파|오이|토마토,대두|밀|돼지고기|토마토,대두|밀,PARTIAL_DESCRIPTION,CONFIRMED_LABEL,https://www.subway.co.kr/images/menu/allergy_img.png?2026080101,2026-10-04,,franchise-quality-v1,OFFICIAL_FIXED_RECIPE_ALLERGEN_CHART_WHEAT_BREAD_BASIS,달걀|우유,난류|우유,false,B432442DBD001C51C623F13389DDEC5F50936B5B2A590997681056BA73DC2AF8
official-quality-subway-c11a2a1cf5c2,QUALITY-SUBWAY-C11A2A1CF5C2,써브웨이,스파이시 이탈리안,"페퍼로니 & 살라미가 입안 가득, 페퍼로니의 부드러운 매콤함을 만나보세요! · 공식 알레르기표 기준 구성: 양상추, 토마토, 오이, 양파, 피망, 위트빵",상추|양상추|양파|오이|토마토,대두|밀|돼지고기|토마토,대두|밀,PARTIAL_DESCRIPTION,CONFIRMED_LABEL,https://www.subway.co.kr/images/menu/allergy_img.png?2026080101,2026-10-04,,franchise-quality-v1,OFFICIAL_FIXED_RECIPE_ALLERGEN_CHART_WHEAT_BREAD_BASIS,달걀|우유,난류|우유,false,B432442DBD001C51C623F13389DDEC5F50936B5B2A590997681056BA73DC2AF8
official-quality-subway-cdf173b3fcaf,QUALITY-SUBWAY-CDF173B3FCAF,써브웨이,"잠봉, 에그 & 치즈 랩",이제 랩으로 즐기세요! 푹신한 오믈렛과 잠봉의 가장 클래식한 조화 ※아침메뉴 제공시간 : 오전 11시까지,,,,PARTIAL_DESCRIPTION,UNKNOWN,https://www.subway.co.kr/menuView/morning?menuItemIdx=1335,2026-10-04,,franchise-quality-v1,OFFICIAL_MENU_DETAIL,,,false,0F8EE3F65B0391BE4DB64A6809B2074C3BBD4F4511CD6EF819CF714D39C84844
official-quality-subway-d284edb2ea7f,QUALITY-SUBWAY-D284EDB2EA7F,써브웨이,쉬림프 에그마요 랩,"고소한 에그마요와 탱글한 통새우의 만남, 부드럽고 담백한 조화를 즐겨보세요!",새우,,,PARTIAL_DESCRIPTION,UNKNOWN,https://www.subway.co.kr/menuView/unit?menuItemIdx=1382,2026-10-04,,franchise-quality-v1,OFFICIAL_MENU_DETAIL,,,false,9DBA6499C22B5D45B53C536B41CDBE3079737BB8F93FF389C7188EC2AF7876FD
official-quality-subway-d550ef40160a,QUALITY-SUBWAY-D550EF40160A,써브웨이,초코칩,알알이 가득한 초코의 가장 클래식한 달콤함,,,,PARTIAL_DESCRIPTION,UNKNOWN,https://www.subway.co.kr/menuView/sidedrink?menuItemIdx=1308,2026-10-04,,franchise-quality-v1,OFFICIAL_MENU_DETAIL,,,false,3D516ED91C4F1CD02E44013FA206910FAE4336622B0F99386632F9FB5DE4C7F5
official-quality-subway-d633df0bd681,QUALITY-SUBWAY-D633DF0BD681,써브웨이,"웨스턴, 에그 & 치즈","토마토, 피망, 양파 세가지 야채가 더해져 더욱 신선한 하루 시작 ※ 아침메뉴 제공시간 : 오전 11시까지 ※ 본 메뉴에는 토마토, 피망, 양파 이외의 야채가 포함되지 않습니다.",양파|토마토,,,PARTIAL_DESCRIPTION,UNKNOWN,https://www.subway.co.kr/menuView/morning?menuItemIdx=1340,2026-10-04,,franchise-quality-v1,OFFICIAL_MENU_DETAIL,,,false,1D4CD7ACCD0E4F20A52C88FB64E86643531586C5B990BAB9174FEB6887EB5E37
official-quality-subway-d67759e7643f,QUALITY-SUBWAY-D67759E7643F,써브웨이,안창비프&머쉬룸(F),부드럽고 풍미 넘치는 안창살과 담백하고 건강한 머쉬룸이 함께 어우러져 이루는 맛있는 조합의 샌드위치,,,,PARTIAL_DESCRIPTION,UNKNOWN,https://www.subway.co.kr/menuView/sandwich?menuItemIdx=1514,2026-10-04,,franchise-quality-v1,OFFICIAL_MENU_DETAIL,,,false,19CCE891A2F45DC4CF2E0B895249C1584DB118F7750793ABAAD7BB1FB8EDD9B4
official-quality-subway-e34b3bc13ae8,QUALITY-SUBWAY-E34B3BC13AE8,써브웨이,오트밀 레이즌,건포도와 귀리에 살짝 더해진 계피향의 환상적인 조화,귀리,,,PARTIAL_DESCRIPTION,UNKNOWN,https://www.subway.co.kr/menuView/sidedrink?menuItemIdx=1309,2026-10-04,,franchise-quality-v1,OFFICIAL_MENU_DETAIL,,,false,4FFBB2720C554C9CB90F93EC610F0D8F79CD14B780BCDD86A932363552917745
official-quality-subway-e6ea2a997398,QUALITY-SUBWAY-E6EA2A997398,써브웨이,베지,"갓 구운 빵과 신선한 8가지 야채로 즐기는 깔끔한 한끼 · 공식 알레르기표 기준 구성: 양상추, 토마토, 오이, 양파, 피망, 위트빵",상추|양상추|양파|오이|토마토,대두|밀|토마토,대두|밀,PARTIAL_DESCRIPTION,CONFIRMED_LABEL,https://www.subway.co.kr/images/menu/allergy_img.png?2026080101,2026-10-04,,franchise-quality-v1,OFFICIAL_FIXED_RECIPE_ALLERGEN_CHART_WHEAT_BREAD_BASIS,달걀|우유,난류|우유,false,B432442DBD001C51C623F13389DDEC5F50936B5B2A590997681056BA73DC2AF8
official-quality-subway-e71fe5fde1e3,QUALITY-SUBWAY-E71FE5FDE1E3,써브웨이,"웨스턴, 에그 & 치즈 랩","이제 랩으로 즐기세요! 토마토, 피망, 양파 세가지 야채가 더해져 더욱 신선한 하루 시작 ※아침메뉴 제공시간 : 오전 11시까지",양파|토마토,,,PARTIAL_DESCRIPTION,UNKNOWN,https://www.subway.co.kr/menuView/morning?menuItemIdx=1336,2026-10-04,,franchise-quality-v1,OFFICIAL_MENU_DETAIL,,,false,81053730F149E048F9EA427824E42569344A039105CE2485A73A4EEF1ED5ED33
official-quality-subway-ec2b6f3f5b29,QUALITY-SUBWAY-EC2B6F3F5B29,써브웨이,포테이토 베이컨 수프,국내산 감자로 만들어 부드럽고 진한 맛에 베이컨으로 풍미를 더한 포테이토 베이컨 수프,감자|베이컨,,,PARTIAL_DESCRIPTION,UNKNOWN,https://www.subway.co.kr/menuView/sidedrink?menuItemIdx=1565,2026-10-04,,franchise-quality-v1,OFFICIAL_MENU_DETAIL,,,false,CD858091C1BD9728C8B1551A510711F4316E2B6E42024B87E604E85B64739ADD
official-quality-subway-ec2e335a7c37,QUALITY-SUBWAY-EC2E335A7C37,써브웨이,그린 샐러드,"슈레드 치즈와 5가지 야채, 블랙올리브 (소스 선택)",치즈,,,PARTIAL_DESCRIPTION,UNKNOWN,https://www.subway.co.kr/menuView/salad?menuItemIdx=1579,2026-10-04,,franchise-quality-v1,OFFICIAL_MENU_DETAIL,,,false,B34EA635065257BED801C9C85DF3C8B31C11886E3C96A3050BB1DEB38D983186
official-quality-subway-ed0c15cd5b74,QUALITY-SUBWAY-ED0C15CD5B74,써브웨이,풀드포크 타코 샐러드,"풀드포크, 더블 슈레드 치즈, 아보카도, 살사, 각종 야채와 치폴레 & 랜치, 또띠야",아보카도|치즈,,,PARTIAL_DESCRIPTION,UNKNOWN,https://www.subway.co.kr/menuView/salad?menuItemIdx=1587,2026-10-04,,franchise-quality-v1,OFFICIAL_MENU_DETAIL,,,false,79B0A14D653E40DC8A3274310B5F6ED8DB6A58E81B1C1A739B332575AFA3E1DE
official-quality-subway-f590157db9c1,QUALITY-SUBWAY-F590157DB9C1,써브웨이,치킨 베이컨 아보카도,"담백한 치킨 슬라이스에 고소한 베이컨과 아보카도까지 건강하고 든든하게 · 공식 알레르기표 기준 구성: 양상추, 토마토, 오이, 양파, 피망, 위트빵",베이컨|상추|아보카도|양상추|양파|오이|토마토,대두|밀|돼지고기|토마토|닭고기,대두|밀,PARTIAL_DESCRIPTION,CONFIRMED_LABEL,https://www.subway.co.kr/images/menu/allergy_img.png?2026080101,2026-10-04,,franchise-quality-v1,OFFICIAL_FIXED_RECIPE_ALLERGEN_CHART_WHEAT_BREAD_BASIS,달걀|우유,난류|우유,false,B432442DBD001C51C623F13389DDEC5F50936B5B2A590997681056BA73DC2AF8
official-quality-subway-f63e4053cd85,QUALITY-SUBWAY-F63E4053CD85,써브웨이,그린 그레인 샐러드,"그레인 믹스, 슈레드 치즈와 5가지 야채, 블랙올리브 (소스 선택)",치즈,,,PARTIAL_DESCRIPTION,UNKNOWN,https://www.subway.co.kr/menuView/grain_salad?menuItemIdx=1596,2026-10-04,,franchise-quality-v1,OFFICIAL_MENU_DETAIL,,,false,48E86EA1FD8A13844E26A701150573A3367B754CFAAD6F3E316FFEB700EEBF9E
official-quality-subway-fde946a26ff3,QUALITY-SUBWAY-FDE946A26FF3,써브웨이,쉬림프 아보카도 샐러드,"쉬림프, 아보카도, 슈레드 치즈와 5가지 야채, 블랙올리브 (소스 선택)",아보카도|치즈,,,PARTIAL_DESCRIPTION,UNKNOWN,https://www.subway.co.kr/menuView/salad?menuItemIdx=1584,2026-10-04,,franchise-quality-v1,OFFICIAL_MENU_DETAIL,,,false,AE02DA5D138187C0E66293154324B3FD1B5C1C797B9C31E6870DB2B93C9689AD
official-quality-tanghua-86b69b02eba6,QUALITY-TANGHUA-86B69B02EBA6,탕화쿵푸,마라탕,,,,,UNKNOWN,UNKNOWN,https://tanghuokungfu.co.kr/default/brand/index.php,2026-10-04,,franchise-quality-v1,OFFICIAL_MENU_DETAIL,,,false,511B47575DCBE434DF50C9A79822537950880F23E5345254E779B485E2DBFB15
official-quality-tanghua-dc560a83f746,QUALITY-TANGHUA-DC560A83F746,탕화쿵푸,마라비빔,,,,,UNKNOWN,UNKNOWN,https://tanghuokungfu.co.kr/default/brand/index.php,2026-10-04,,franchise-quality-v1,OFFICIAL_MENU_DETAIL,,,false,511B47575DCBE434DF50C9A79822537950880F23E5345254E779B485E2DBFB15
official-quality-tanghua-e1687e220051,QUALITY-TANGHUA-E1687E220051,탕화쿵푸,꿔바로우,,,,,UNKNOWN,UNKNOWN,https://tanghuokungfu.co.kr/default/brand/index.php,2026-10-04,,franchise-quality-v1,OFFICIAL_MENU_DETAIL,,,false,511B47575DCBE434DF50C9A79822537950880F23E5345254E779B485E2DBFB15
official-quality-tanghua-e384e84cc419,QUALITY-TANGHUA-E384E84CC419,탕화쿵푸,마라샹궈,,,,,UNKNOWN,UNKNOWN,https://tanghuokungfu.co.kr/default/brand/index.php,2026-10-04,,franchise-quality-v1,OFFICIAL_MENU_DETAIL,,,false,511B47575DCBE434DF50C9A79822537950880F23E5345254E779B485E2DBFB15
official-quality-tanghua-f28f94877d66,QUALITY-TANGHUA-F28F94877D66,탕화쿵푸,토마토 마라탕,,,,,UNKNOWN,UNKNOWN,https://tanghuokungfu.co.kr/default/brand/index.php,2026-10-04,,franchise-quality-v1,OFFICIAL_MENU_DETAIL,,,false,511B47575DCBE434DF50C9A79822537950880F23E5345254E779B485E2DBFB15
official-quality-teacherkim-01038654f1bc,QUALITY-TEACHERKIM-01038654F1BC,바르다김선생,새우딤섬 튀김만두,새우 통살을 튀겨 고소한 육즙과 탱글 식감이 일품인 만두.,새우,,,PARTIAL_DESCRIPTION,UNKNOWN,https://www.teacherkim.co.kr/menu/view.html?pg=1&seq=46&bs=004004&sf=&ss=,2026-10-04,,franchise-quality-v1,OFFICIAL_MENU_DETAIL,,,false,A1FA5BFF01179F5F3DD3A05A0D880CA28484EA79E830853E7CAA1E1A1BD06947
official-quality-teacherkim-091de1beb583,QUALITY-TEACHERKIM-091DE1BEB583,바르다김선생,바른 참기름 막국수,"바른 참기름과 특제 간장소스, 다양한 고명의 감칠 맛이 좋은 메밀 국수",,,,PARTIAL_DESCRIPTION,UNKNOWN,https://www.teacherkim.co.kr/menu/view.html?pg=1&seq=32&bs=004002&sf=&ss=,2026-10-04,,franchise-quality-v1,OFFICIAL_MENU_DETAIL,,,false,5AFBFEA3E717846CE03F2F7F516825BA4A3F4C6FBD884D7251F397845399BC73
official-quality-teacherkim-0a893eb72157,QUALITY-TEACHERKIM-0A893EB72157,바르다김선생,바른 김밥,두 번 구운 남해 청정지역 김에 신선한 재료를 가득 담은 김밥,,,,PARTIAL_DESCRIPTION,UNKNOWN,https://www.teacherkim.co.kr/menu/view.html?pg=1&seq=19&bs=004001&sf=&ss=,2026-10-04,,franchise-quality-v1,OFFICIAL_MENU_DETAIL,,,false,020CFF55341A8ACD95F5677BA0BFC29B249FE3973E4460336A0FDAC09634CD9D
official-quality-teacherkim-0c1e186d7b39,QUALITY-TEACHERKIM-0C1E186D7B39,바르다김선생,해물 짬뽕 생라면,다양한 해물로 감칠맛을 더한 짬뽕 생라면,,,,PARTIAL_DESCRIPTION,UNKNOWN,https://www.teacherkim.co.kr/menu/view.html?pg=1&seq=32&bs=004002&sf=&ss=,2026-10-04,,franchise-quality-v1,OFFICIAL_MENU_DETAIL,,,false,5AFBFEA3E717846CE03F2F7F516825BA4A3F4C6FBD884D7251F397845399BC73
official-quality-teacherkim-0fc04df58a65,QUALITY-TEACHERKIM-0FC04DF58A65,바르다김선생,바른 호두강정,바르다 김선생이 깐깐하게 고른 호두를 달지 않게 버무린 건강 주전부리,호두,,,PARTIAL_DESCRIPTION,UNKNOWN,https://www.teacherkim.co.kr/menu/view.html?pg=1&seq=51&bs=004005&sf=&ss=,2026-10-04,,franchise-quality-v1,OFFICIAL_MENU_DETAIL,,,false,B99110A315971BE5159348C805F1D74CE6536992468866F370F45C1F99C439C2
official-quality-teacherkim-13d3a356e2a1,QUALITY-TEACHERKIM-13D3A356E2A1,바르다김선생,키토 새우튀김 김밥,"밥 대신 계란지단을 넣은 저탄수 새우튀김 김밥, 건강식단 입문 혹은 다이어트를 위한 김밥.",계란|밥|새우,,,PARTIAL_DESCRIPTION,UNKNOWN,https://www.teacherkim.co.kr/menu/view.html?pg=1&seq=19&bs=004001&sf=&ss=,2026-10-04,,franchise-quality-v1,OFFICIAL_MENU_DETAIL,,,false,020CFF55341A8ACD95F5677BA0BFC29B249FE3973E4460336A0FDAC09634CD9D
official-quality-teacherkim-15db6b3b58b4,QUALITY-TEACHERKIM-15DB6B3B58B4,바르다김선생,새우딤섬튀김 카레우동,바삭한 새우딤섬튀김과 다양한 고명을 함께 즐기는 진한 풍미의 카레우동,새우,,,PARTIAL_DESCRIPTION,UNKNOWN,https://www.teacherkim.co.kr/menu/view.html?pg=1&seq=32&bs=004002&sf=&ss=,2026-10-04,,franchise-quality-v1,OFFICIAL_MENU_DETAIL,,,false,5AFBFEA3E717846CE03F2F7F516825BA4A3F4C6FBD884D7251F397845399BC73
official-quality-teacherkim-162e7947a867,QUALITY-TEACHERKIM-162E7947A867,바르다김선생,쫄깃 냉우동,"쫄깃한 식감이 일품인 다가수 방식 우동면과, 시원하고 깔끔한 육수가 조화된 우동",,,,PARTIAL_DESCRIPTION,UNKNOWN,https://www.teacherkim.co.kr/menu/view.html?pg=1&seq=32&bs=004002&sf=&ss=,2026-10-04,,franchise-quality-v1,OFFICIAL_MENU_DETAIL,,,false,5AFBFEA3E717846CE03F2F7F516825BA4A3F4C6FBD884D7251F397845399BC73
official-quality-teacherkim-172bef6f12f9,QUALITY-TEACHERKIM-172BEF6F12F9,바르다김선생,키토 크림치즈 호두 김밥,"계란지단의 꼬들함, 크림치즈의 부드러움 그리고 호두강정의 바삭함이 어우러진 저탄수 고지방 김밥",계란|치즈|크림|호두,,,PARTIAL_DESCRIPTION,UNKNOWN,https://www.teacherkim.co.kr/menu/view.html?pg=1&seq=19&bs=004001&sf=&ss=,2026-10-04,,franchise-quality-v1,OFFICIAL_MENU_DETAIL,,,false,020CFF55341A8ACD95F5677BA0BFC29B249FE3973E4460336A0FDAC09634CD9D
official-quality-teacherkim-18162f7ea3f5,QUALITY-TEACHERKIM-18162F7EA3F5,바르다김선생,제육 튀김 만두,촉촉한 매콤 제육 만두소로 꽉~ 채워낸 바삭한 튀김만두,,,,PARTIAL_DESCRIPTION,UNKNOWN,https://www.teacherkim.co.kr/menu/view.html?pg=1&seq=46&bs=004004&sf=&ss=,2026-10-04,,franchise-quality-v1,OFFICIAL_MENU_DETAIL,,,false,A1FA5BFF01179F5F3DD3A05A0D880CA28484EA79E830853E7CAA1E1A1BD06947
official-quality-teacherkim-2391a71d4538,QUALITY-TEACHERKIM-2391A71D4538,바르다김선생,돈가스 김밥,입안 가득 풍성하게 채워지는 등심 돈가스 김밥,등심,,,PARTIAL_DESCRIPTION,UNKNOWN,https://www.teacherkim.co.kr/menu/view.html?pg=1&seq=19&bs=004001&sf=&ss=,2026-10-04,,franchise-quality-v1,OFFICIAL_MENU_DETAIL,,,false,020CFF55341A8ACD95F5677BA0BFC29B249FE3973E4460336A0FDAC09634CD9D
official-quality-teacherkim-28b9da968600,QUALITY-TEACHERKIM-28B9DA968600,바르다김선생,바른 등심 돈가스,국내산 돼지등심을 사용해 제대로 만든 돈가스,등심,,,PARTIAL_DESCRIPTION,UNKNOWN,https://www.teacherkim.co.kr/menu/view.html?pg=1&seq=34&bs=004006&sf=&ss=,2026-10-04,,franchise-quality-v1,OFFICIAL_MENU_DETAIL,,,false,FB049C995199CCE641FA6940A95E8BE5E6986A3908432685108D459F9A9E44A7
official-quality-teacherkim-315a045c8e3f,QUALITY-TEACHERKIM-315A045C8E3F,바르다김선생,김선생 비빔면,"매콤한 소스와 상큼한 무절임, 김선생 특제면이 조화로운 비빔면",,,,PARTIAL_DESCRIPTION,UNKNOWN,https://www.teacherkim.co.kr/menu/view.html?pg=1&seq=32&bs=004002&sf=&ss=,2026-10-04,,franchise-quality-v1,OFFICIAL_MENU_DETAIL,,,false,5AFBFEA3E717846CE03F2F7F516825BA4A3F4C6FBD884D7251F397845399BC73
official-quality-teacherkim-34e5d56e1196,QUALITY-TEACHERKIM-34E5D56E1196,바르다김선생,한입 메밀전병,"국산 메밀가루로 만든 쫄깃한 메밀 피에 아삭한 김치, 돼지고기 소로 고소한 전병",김치|돼지고기,,,PARTIAL_DESCRIPTION,UNKNOWN,https://www.teacherkim.co.kr/menu/view.html?pg=1&seq=46&bs=004004&sf=&ss=,2026-10-04,,franchise-quality-v1,OFFICIAL_MENU_DETAIL,,,false,A1FA5BFF01179F5F3DD3A05A0D880CA28484EA79E830853E7CAA1E1A1BD06947
official-quality-teacherkim-367a62434a66,QUALITY-TEACHERKIM-367A62434A66,바르다김선생,바른 참기름,반세기 전통장인의 압착방식을 그대로 담은 바른 참기름,,,,PARTIAL_DESCRIPTION,UNKNOWN,https://www.teacherkim.co.kr/menu/view.html?pg=1&seq=51&bs=004005&sf=&ss=,2026-10-04,,franchise-quality-v1,OFFICIAL_MENU_DETAIL,,,false,B99110A315971BE5159348C805F1D74CE6536992468866F370F45C1F99C439C2
official-quality-teacherkim-40fa3f7954b5,QUALITY-TEACHERKIM-40FA3F7954B5,바르다김선생,가락 떡볶이,쫄깃한 가락떡으로 매콤하게 만들어 김밥과 곁들여 먹기 더 없이 좋은 떡볶이,,,,PARTIAL_DESCRIPTION,UNKNOWN,https://www.teacherkim.co.kr/menu/view.html?pg=1&seq=34&bs=004006&sf=&ss=,2026-10-04,,franchise-quality-v1,OFFICIAL_MENU_DETAIL,,,false,FB049C995199CCE641FA6940A95E8BE5E6986A3908432685108D459F9A9E44A7
official-quality-teacherkim-44b7b3e9cbc8,QUALITY-TEACHERKIM-44B7B3E9CBC8,바르다김선생,닭가슴살 냉국수,동치미 국물과 진한 닭육수 맛의 닭가슴살 냉국수,닭가슴살,,,PARTIAL_DESCRIPTION,UNKNOWN,https://www.teacherkim.co.kr/menu/view.html?pg=1&seq=34&bs=004006&sf=&ss=,2026-10-04,,franchise-quality-v1,OFFICIAL_MENU_DETAIL,,,false,FB049C995199CCE641FA6940A95E8BE5E6986A3908432685108D459F9A9E44A7
official-quality-teacherkim-48d91e9e05d9,QUALITY-TEACHERKIM-48D91E9E05D9,바르다김선생,생 세트,바른 등심 돈가스 + 가락 떡볶이 + 갈비 만두,등심,,,PARTIAL_DESCRIPTION,UNKNOWN,https://www.teacherkim.co.kr/menu/view.html?pg=1&seq=70&bs=004007&sf=&ss=,2026-10-04,,franchise-quality-v1,OFFICIAL_MENU_DETAIL,,,false,7388F73E31F80A53A49F03C2E1D67A350EF03DB74F11E5B102D06D8AF8167A4C
official-quality-teacherkim-53d528fc3669,QUALITY-TEACHERKIM-53D528FC3669,바르다김선생,매콤 장아찌 김밥,매콤하고 감칠맛 나는 무장아찌와 신선한 채소가 입맛을 돋우는 김밥,,,,PARTIAL_DESCRIPTION,UNKNOWN,https://www.teacherkim.co.kr/menu/view.html?pg=1&seq=19&bs=004001&sf=&ss=,2026-10-04,,franchise-quality-v1,OFFICIAL_MENU_DETAIL,,,false,020CFF55341A8ACD95F5677BA0BFC29B249FE3973E4460336A0FDAC09634CD9D
official-quality-teacherkim-5514f511e2c7,QUALITY-TEACHERKIM-5514F511E2C7,바르다김선생,강릉 장칼국수,북어육수에 특제 장 소스로 칼칼하고 진한 국물이 일품!,,,,PARTIAL_DESCRIPTION,UNKNOWN,https://www.teacherkim.co.kr/menu/view.html?pg=1&seq=32&bs=004002&sf=&ss=,2026-10-04,,franchise-quality-v1,OFFICIAL_MENU_DETAIL,,,false,5AFBFEA3E717846CE03F2F7F516825BA4A3F4C6FBD884D7251F397845399BC73
official-quality-teacherkim-56bb510dc089,QUALITY-TEACHERKIM-56BB510DC089,바르다김선생,새우튀김 김밥,고소한 새우튀김과 알싸한 서양고추냉이마요소스가 어우러진 김밥,고추|새우,,,PARTIAL_DESCRIPTION,UNKNOWN,https://www.teacherkim.co.kr/menu/view.html?pg=1&seq=19&bs=004001&sf=&ss=,2026-10-04,,franchise-quality-v1,OFFICIAL_MENU_DETAIL,,,false,020CFF55341A8ACD95F5677BA0BFC29B249FE3973E4460336A0FDAC09634CD9D
official-quality-teacherkim-5b3218e34e93,QUALITY-TEACHERKIM-5B3218E34E93,바르다김선생,바른 멸치국수,남해에서 잡은 좋은 멸치로 우려낸 깊은 풍미의 잔치국수,멸치,,,PARTIAL_DESCRIPTION,UNKNOWN,https://www.teacherkim.co.kr/menu/view.html?pg=1&seq=32&bs=004002&sf=&ss=,2026-10-04,,franchise-quality-v1,OFFICIAL_MENU_DETAIL,,,false,5AFBFEA3E717846CE03F2F7F516825BA4A3F4C6FBD884D7251F397845399BC73
official-quality-teacherkim-672ed6e1f050,QUALITY-TEACHERKIM-672ED6E1F050,바르다김선생,철판 제육 덮밥,매콤한 제육볶음에 숯불향으로 맛을 더한 덮밥,,,,PARTIAL_DESCRIPTION,UNKNOWN,https://www.teacherkim.co.kr/menu/view.html?pg=1&seq=32&bs=004002&sf=&ss=,2026-10-04,,franchise-quality-v1,OFFICIAL_MENU_DETAIL,,,false,5AFBFEA3E717846CE03F2F7F516825BA4A3F4C6FBD884D7251F397845399BC73
official-quality-teacherkim-67969c370f36,QUALITY-TEACHERKIM-67969C370F36,바르다김선생,치즈 등심 돈가스,국내산 돼지등심과 생치즈를 사용 해 제대로 만든 돈가스,등심|치즈,,,PARTIAL_DESCRIPTION,UNKNOWN,https://www.teacherkim.co.kr/menu/view.html?pg=1&seq=34&bs=004006&sf=&ss=,2026-10-04,,franchise-quality-v1,OFFICIAL_MENU_DETAIL,,,false,FB049C995199CCE641FA6940A95E8BE5E6986A3908432685108D459F9A9E44A7
official-quality-teacherkim-6a7c1d93601d,QUALITY-TEACHERKIM-6A7C1D93601D,바르다김선생,어묵튀김 우동,"두툼하게 빚어 튀겨낸 어묵과 깔끔한 육수, 눈과 입이 모두 즐거운 우동",,,,PARTIAL_DESCRIPTION,UNKNOWN,https://www.teacherkim.co.kr/menu/view.html?pg=1&seq=32&bs=004002&sf=&ss=,2026-10-04,,franchise-quality-v1,OFFICIAL_MENU_DETAIL,,,false,5AFBFEA3E717846CE03F2F7F516825BA4A3F4C6FBD884D7251F397845399BC73
official-quality-teacherkim-6a988ed376ad,QUALITY-TEACHERKIM-6A988ED376AD,바르다김선생,바른 삼계죽,건강을 기원하며 오랜 시간 정성을 담아 끓인 삼계죽,,,,PARTIAL_DESCRIPTION,UNKNOWN,https://www.teacherkim.co.kr/menu/view.html?pg=1&seq=32&bs=004002&sf=&ss=,2026-10-04,,franchise-quality-v1,OFFICIAL_MENU_DETAIL,,,false,5AFBFEA3E717846CE03F2F7F516825BA4A3F4C6FBD884D7251F397845399BC73
official-quality-teacherkim-6d6916192166,QUALITY-TEACHERKIM-6D6916192166,바르다김선생,바른 콩국수,100% 국내산. Non-GMO 콩으로 갈아 만든 순수한 콩국수,,,,PARTIAL_DESCRIPTION,UNKNOWN,https://www.teacherkim.co.kr/menu/view.html?pg=1&seq=34&bs=004006&sf=&ss=,2026-10-04,,franchise-quality-v1,OFFICIAL_MENU_DETAIL,,,false,FB049C995199CCE641FA6940A95E8BE5E6986A3908432685108D459F9A9E44A7
official-quality-teacherkim-7370572d1c0a,QUALITY-TEACHERKIM-7370572D1C0A,바르다김선생,철판 불고기 덮밥,감칠맛 나는 불고기와 새송이버섯이 어우러진 숯불향이 가득한 덮밥,버섯,,,PARTIAL_DESCRIPTION,UNKNOWN,https://www.teacherkim.co.kr/menu/view.html?pg=1&seq=32&bs=004002&sf=&ss=,2026-10-04,,franchise-quality-v1,OFFICIAL_MENU_DETAIL,,,false,5AFBFEA3E717846CE03F2F7F516825BA4A3F4C6FBD884D7251F397845399BC73
official-quality-teacherkim-7bd7f5a7870d,QUALITY-TEACHERKIM-7BD7F5A7870D,바르다김선생,바삭 감자채 튀김,특제 소스로 맛을 더한 퓨전 감자채 튀김,감자,,,PARTIAL_DESCRIPTION,UNKNOWN,https://www.teacherkim.co.kr/menu/view.html?pg=1&seq=46&bs=004004&sf=&ss=,2026-10-04,,franchise-quality-v1,OFFICIAL_MENU_DETAIL,,,false,A1FA5BFF01179F5F3DD3A05A0D880CA28484EA79E830853E7CAA1E1A1BD06947
official-quality-teacherkim-8ac8aa9e05fa,QUALITY-TEACHERKIM-8AC8AA9E05FA,바르다김선생,갈비 만두,바르다 김선생 특제 갈비소스로 양념한 만두소를 가득 채운 만두,,,,PARTIAL_DESCRIPTION,UNKNOWN,https://www.teacherkim.co.kr/menu/view.html?pg=1&seq=46&bs=004004&sf=&ss=,2026-10-04,,franchise-quality-v1,OFFICIAL_MENU_DETAIL,,,false,A1FA5BFF01179F5F3DD3A05A0D880CA28484EA79E830853E7CAA1E1A1BD06947
official-quality-teacherkim-92fea9adb6fe,QUALITY-TEACHERKIM-92FEA9ADB6FE,바르다김선생,달래향 간장 비빔밥,"일곱 가지 색의 건강한 식재료에, 달래향 간장소스로 맛을 더한 비빔밥",,,,PARTIAL_DESCRIPTION,UNKNOWN,https://www.teacherkim.co.kr/menu/view.html?pg=1&seq=32&bs=004002&sf=&ss=,2026-10-04,,franchise-quality-v1,OFFICIAL_MENU_DETAIL,,,false,5AFBFEA3E717846CE03F2F7F516825BA4A3F4C6FBD884D7251F397845399BC73
official-quality-teacherkim-9d3256c6b86d,QUALITY-TEACHERKIM-9D3256C6B86D,바르다김선생,김 세트,바른 멸치 국수 + 매콤 장아찌 김밥,멸치,,,PARTIAL_DESCRIPTION,UNKNOWN,https://www.teacherkim.co.kr/menu/view.html?pg=1&seq=70&bs=004007&sf=&ss=,2026-10-04,,franchise-quality-v1,OFFICIAL_MENU_DETAIL,,,false,7388F73E31F80A53A49F03C2E1D67A350EF03DB74F11E5B102D06D8AF8167A4C
official-quality-teacherkim-ac2142486e4a,QUALITY-TEACHERKIM-AC2142486E4A,바르다김선생,숙성지 참치 김밥,숙성 김치의 아삭한 개운함과 참치의 고소함이 맛있게 어우러진 김밥,김치|참치,,,PARTIAL_DESCRIPTION,UNKNOWN,https://www.teacherkim.co.kr/menu/view.html?pg=1&seq=19&bs=004001&sf=&ss=,2026-10-04,,franchise-quality-v1,OFFICIAL_MENU_DETAIL,,,false,020CFF55341A8ACD95F5677BA0BFC29B249FE3973E4460336A0FDAC09634CD9D
official-quality-teacherkim-b016ea5a7a2b,QUALITY-TEACHERKIM-B016EA5A7A2B,바르다김선생,안동국시,따끈하고 고소한 사골국물에 담백하고 부드러운 안동식 국수,,,,PARTIAL_DESCRIPTION,UNKNOWN,https://www.teacherkim.co.kr/menu/view.html?pg=1&seq=32&bs=004002&sf=&ss=,2026-10-04,,franchise-quality-v1,OFFICIAL_MENU_DETAIL,,,false,5AFBFEA3E717846CE03F2F7F516825BA4A3F4C6FBD884D7251F397845399BC73
official-quality-teacherkim-b6f0c775e3be,QUALITY-TEACHERKIM-B6F0C775E3BE,바르다김선생,눈꽃치즈 닭갈비 덮밥,100% 닭다리살로 만든 매콤한 양념 닭갈비에 부드러운 눈꽃치즈가 듬뿍!,닭다리살|치즈,,,PARTIAL_DESCRIPTION,UNKNOWN,https://www.teacherkim.co.kr/menu/view.html?pg=1&seq=32&bs=004002&sf=&ss=,2026-10-04,,franchise-quality-v1,OFFICIAL_MENU_DETAIL,,,false,5AFBFEA3E717846CE03F2F7F516825BA4A3F4C6FBD884D7251F397845399BC73
official-quality-teacherkim-b6f9c061e6c9,QUALITY-TEACHERKIM-B6F9C061E6C9,바르다김선생,매운 멸추 김밥,특제소스로 볶은 멸치와 고추의 조화로 칼칼한 매운맛을 선사하는 김밥,고추|멸치,,,PARTIAL_DESCRIPTION,UNKNOWN,https://www.teacherkim.co.kr/menu/view.html?pg=1&seq=19&bs=004001&sf=&ss=,2026-10-04,,franchise-quality-v1,OFFICIAL_MENU_DETAIL,,,false,020CFF55341A8ACD95F5677BA0BFC29B249FE3973E4460336A0FDAC09634CD9D
official-quality-teacherkim-c425529798fb,QUALITY-TEACHERKIM-C425529798FB,바르다김선생,참치 김밥,참치 샐러드와 향긋한 깻잎이 조화로운 김밥,깻잎|참치,,,PARTIAL_DESCRIPTION,UNKNOWN,https://www.teacherkim.co.kr/menu/view.html?pg=1&seq=19&bs=004001&sf=&ss=,2026-10-04,,franchise-quality-v1,OFFICIAL_MENU_DETAIL,,,false,020CFF55341A8ACD95F5677BA0BFC29B249FE3973E4460336A0FDAC09634CD9D
official-quality-teacherkim-c456ac9e3432,QUALITY-TEACHERKIM-C456AC9E3432,바르다김선생,크림치즈 호두 김밥,풍부한 맛의 크림치즈와 고소한 호두강정을 함께 즐길 수 있는 김밥,치즈|크림|호두,,,PARTIAL_DESCRIPTION,UNKNOWN,https://www.teacherkim.co.kr/menu/view.html?pg=1&seq=19&bs=004001&sf=&ss=,2026-10-04,,franchise-quality-v1,OFFICIAL_MENU_DETAIL,,,false,020CFF55341A8ACD95F5677BA0BFC29B249FE3973E4460336A0FDAC09634CD9D
official-quality-teacherkim-cbbf0f6b9dd1,QUALITY-TEACHERKIM-CBBF0F6B9DD1,바르다김선생,든든 치킨 카레,부드러운 닭 안심 튀김과 함께 즐기는 진한 풍미의 든든한 카레 덮밥,안심,,,PARTIAL_DESCRIPTION,UNKNOWN,https://www.teacherkim.co.kr/menu/view.html?pg=1&seq=32&bs=004002&sf=&ss=,2026-10-04,,franchise-quality-v1,OFFICIAL_MENU_DETAIL,,,false,5AFBFEA3E717846CE03F2F7F516825BA4A3F4C6FBD884D7251F397845399BC73
official-quality-teacherkim-cec4dd566b03,QUALITY-TEACHERKIM-CEC4DD566B03,바르다김선생,새우 표고 떡만두국,새우살이 꽉 찬 새우 표고 만두에 개운한 국물을 더한 만두국,새우,,,PARTIAL_DESCRIPTION,UNKNOWN,https://www.teacherkim.co.kr/menu/view.html?pg=1&seq=46&bs=004004&sf=&ss=,2026-10-04,,franchise-quality-v1,OFFICIAL_MENU_DETAIL,,,false,A1FA5BFF01179F5F3DD3A05A0D880CA28484EA79E830853E7CAA1E1A1BD06947
official-quality-teacherkim-cfdd04b8dd87,QUALITY-TEACHERKIM-CFDD04B8DD87,바르다김선생,매운 제육 쌈 김밥,은은한 숯불 향과 매콤한 양념이 어우러진 제육 김밥,,,,PARTIAL_DESCRIPTION,UNKNOWN,https://www.teacherkim.co.kr/menu/view.html?pg=1&seq=19&bs=004001&sf=&ss=,2026-10-04,,franchise-quality-v1,OFFICIAL_MENU_DETAIL,,,false,020CFF55341A8ACD95F5677BA0BFC29B249FE3973E4460336A0FDAC09634CD9D
official-quality-teacherkim-db833acb6998,QUALITY-TEACHERKIM-DB833ACB6998,바르다김선생,로제 가락 떡볶이,매콤달콤 진한 로제소스와 함께 먹는 맵지 않은 떡볶이,,,,PARTIAL_DESCRIPTION,UNKNOWN,https://www.teacherkim.co.kr/menu/view.html?pg=1&seq=34&bs=004006&sf=&ss=,2026-10-04,,franchise-quality-v1,OFFICIAL_MENU_DETAIL,,,false,FB049C995199CCE641FA6940A95E8BE5E6986A3908432685108D459F9A9E44A7
official-quality-teacherkim-e460af06aab1,QUALITY-TEACHERKIM-E460AF06AAB1,바르다김선생,치즈 가락 떡볶이,매콤한 소스와 담백한 치즈가 조화로운 떡볶이,치즈,,,PARTIAL_DESCRIPTION,UNKNOWN,https://www.teacherkim.co.kr/menu/view.html?pg=1&seq=34&bs=004006&sf=&ss=,2026-10-04,,franchise-quality-v1,OFFICIAL_MENU_DETAIL,,,false,FB049C995199CCE641FA6940A95E8BE5E6986A3908432685108D459F9A9E44A7
official-quality-teacherkim-f0f35de67d96,QUALITY-TEACHERKIM-F0F35DE67D96,바르다김선생,선 세트,김선생 비빔면 + 갈비 만두,,,,PARTIAL_DESCRIPTION,UNKNOWN,https://www.teacherkim.co.kr/menu/view.html?pg=1&seq=70&bs=004007&sf=&ss=,2026-10-04,,franchise-quality-v1,OFFICIAL_MENU_DETAIL,,,false,7388F73E31F80A53A49F03C2E1D67A350EF03DB74F11E5B102D06D8AF8167A4C
official-quality-teacherkim-f810d23bf3e1,QUALITY-TEACHERKIM-F810D23BF3E1,바르다김선생,불고기 김밥,"감칠맛 나는 불고기와 새송이버섯이 어우러진, 숯불향이 가득한 김밥",버섯,,,PARTIAL_DESCRIPTION,UNKNOWN,https://www.teacherkim.co.kr/menu/view.html?pg=1&seq=19&bs=004001&sf=&ss=,2026-10-04,,franchise-quality-v1,OFFICIAL_MENU_DETAIL,,,false,020CFF55341A8ACD95F5677BA0BFC29B249FE3973E4460336A0FDAC09634CD9D
official-quality-teacherkim-fb0ddc08b96a,QUALITY-TEACHERKIM-FB0DDC08B96A,바르다김선생,새우 표고 만두,"탱글탱글한 새우살과 향긋한 표고버섯, 촉촉한 육즙이 어우러진 만두",버섯|새우|표고버섯,,,PARTIAL_DESCRIPTION,UNKNOWN,https://www.teacherkim.co.kr/menu/view.html?pg=1&seq=46&bs=004004&sf=&ss=,2026-10-04,,franchise-quality-v1,OFFICIAL_MENU_DETAIL,,,false,A1FA5BFF01179F5F3DD3A05A0D880CA28484EA79E830853E7CAA1E1A1BD06947
official-quality-wonhalmoni-05f85c5233a1,QUALITY-WONHALMONI-05F85C5233A1,원할머니보쌈,의성마늘떡보쌈,"의성마늘만을 사용하여 만든 마늘소스와 쌈떡(호박,쑥,백년초)을 함께 즐기실수 있습니다.",마늘,,,PARTIAL_DESCRIPTION,UNKNOWN,https://wonandone.co.kr/bossam/menu.asp,2026-10-04,,franchise-quality-v1,OFFICIAL_MENU_DETAIL,,,false,4EDA18FC836EEB762B682E7EF085470B761C740AA565A4AA7C98CE7ABF500571
official-quality-wonhalmoni-0c237ffbac08,QUALITY-WONHALMONI-0C237FFBAC08,원할머니보쌈,1인보쌈,"따끈한 수육과 아삭한 무김치, 쌈떡을 함께 즐기실 수 있는 풍성한 메뉴입니다.",김치|수육,,,PARTIAL_DESCRIPTION,UNKNOWN,https://wonandone.co.kr/bossam/menu.asp,2026-10-04,,franchise-quality-v1,OFFICIAL_MENU_DETAIL,,,false,4EDA18FC836EEB762B682E7EF085470B761C740AA565A4AA7C98CE7ABF500571
official-quality-wonhalmoni-1580a58dc4dc,QUALITY-WONHALMONI-1580A58DC4DC,원할머니보쌈,매운화보쌈,불향 가득한 매콤한 보쌈 메뉴입니다.,,,,PARTIAL_DESCRIPTION,UNKNOWN,https://wonandone.co.kr/bossam/menu.asp,2026-10-04,,franchise-quality-v1,OFFICIAL_MENU_DETAIL,,,false,4EDA18FC836EEB762B682E7EF085470B761C740AA565A4AA7C98CE7ABF500571
official-quality-wonhalmoni-193fbea1356a,QUALITY-WONHALMONI-193FBEA1356A,원할머니보쌈,보쌈도시락,"\14,000",,,,PARTIAL_DESCRIPTION,UNKNOWN,https://wonandone.co.kr/bossam/menu.asp?KeyCtgM=6,2026-10-04,,franchise-quality-v1,OFFICIAL_MENU_DETAIL,,,false,46A40419177BF06D280F48CD0EACB44AF306C75348A3C5A10EAD2100AFA80DA3
official-quality-wonhalmoni-22ab438f30da,QUALITY-WONHALMONI-22AB438F30DA,원할머니보쌈,실속원쌈,원할머니 보쌈족발의 실속있는 메뉴를 즐기실 수 있습니다.,,,,PARTIAL_DESCRIPTION,UNKNOWN,https://wonandone.co.kr/bossam/menu.asp,2026-10-04,,franchise-quality-v1,OFFICIAL_MENU_DETAIL,,,false,4EDA18FC836EEB762B682E7EF085470B761C740AA565A4AA7C98CE7ABF500571
official-quality-wonhalmoni-2668cf889374,QUALITY-WONHALMONI-2668CF889374,원할머니보쌈,50주년불족세트,원할머니의 스테디셀러만 모은 50주년 기념 특별 구성 메뉴입니다. (보쌈 수육 반+매운 화족발 반),수육,,,PARTIAL_DESCRIPTION,UNKNOWN,https://wonandone.co.kr/bossam/menu.asp,2026-10-04,,franchise-quality-v1,OFFICIAL_MENU_DETAIL,,,false,4EDA18FC836EEB762B682E7EF085470B761C740AA565A4AA7C98CE7ABF500571
official-quality-wonhalmoni-41e881765f25,QUALITY-WONHALMONI-41E881765F25,원할머니보쌈,불맛낙지원쌈,입맛을 당기는 불맛가득직화낙지볶음과 인기메뉴 솜씨보쌈을 함께 즐기실 수 있는 메뉴입니다.,낙지,,,PARTIAL_DESCRIPTION,UNKNOWN,https://wonandone.co.kr/bossam/menu.asp,2026-10-04,,franchise-quality-v1,OFFICIAL_MENU_DETAIL,,,false,4EDA18FC836EEB762B682E7EF085470B761C740AA565A4AA7C98CE7ABF500571
official-quality-wonhalmoni-45c8087a9990,QUALITY-WONHALMONI-45C8087A9990,원할머니보쌈,명품소갈비찜도시락,"\23,000",,,,PARTIAL_DESCRIPTION,UNKNOWN,https://wonandone.co.kr/bossam/menu.asp?KeyCtgM=6,2026-10-04,,franchise-quality-v1,OFFICIAL_MENU_DETAIL,,,false,46A40419177BF06D280F48CD0EACB44AF306C75348A3C5A10EAD2100AFA80DA3
official-quality-wonhalmoni-482f21dd3e49,QUALITY-WONHALMONI-482F21DD3E49,원할머니보쌈,육즙가득떡갈비도시락,"\19,000",,,,PARTIAL_DESCRIPTION,UNKNOWN,https://wonandone.co.kr/bossam/menu.asp?KeyCtgM=6,2026-10-04,,franchise-quality-v1,OFFICIAL_MENU_DETAIL,,,false,46A40419177BF06D280F48CD0EACB44AF306C75348A3C5A10EAD2100AFA80DA3
official-quality-wonhalmoni-4bec5f102479,QUALITY-WONHALMONI-4BEC5F102479,원할머니보쌈,커플원쌈,둘이서 쟁반면과 함께 푸짐하게 드실 수 있는 메뉴입니다.,,,,PARTIAL_DESCRIPTION,UNKNOWN,https://wonandone.co.kr/bossam/menu.asp,2026-10-04,,franchise-quality-v1,OFFICIAL_MENU_DETAIL,,,false,4EDA18FC836EEB762B682E7EF085470B761C740AA565A4AA7C98CE7ABF500571
official-quality-wonhalmoni-58247c678f3a,QUALITY-WONHALMONI-58247C678F3A,원할머니보쌈,반반 실비&보쌈김치 보쌈,원할머니의 손맛으로 담근 청량한 매운맛 맵기정도: 불닭볶음면 맵기 (얼얼하게 매워요 신라면X2),,,,PARTIAL_DESCRIPTION,UNKNOWN,https://wonandone.co.kr/bossam/menu.asp,2026-10-04,,franchise-quality-v1,OFFICIAL_MENU_DETAIL,,,false,4EDA18FC836EEB762B682E7EF085470B761C740AA565A4AA7C98CE7ABF500571
official-quality-wonhalmoni-63a52987cf41,QUALITY-WONHALMONI-63A52987CF41,원할머니보쌈,간편보쌈도시락,"\9,500",,,,PARTIAL_DESCRIPTION,UNKNOWN,https://wonandone.co.kr/bossam/menu.asp?KeyCtgM=6,2026-10-04,,franchise-quality-v1,OFFICIAL_MENU_DETAIL,,,false,46A40419177BF06D280F48CD0EACB44AF306C75348A3C5A10EAD2100AFA80DA3
official-quality-wonhalmoni-717a8a5f3695,QUALITY-WONHALMONI-717A8A5F3695,원할머니보쌈,반반보쌈,담백하고 부드러운 보쌈고기와 매콤한 보쌈고기를 함께 즐기실 수 있습니다.,,,,PARTIAL_DESCRIPTION,UNKNOWN,https://wonandone.co.kr/bossam/menu.asp,2026-10-04,,franchise-quality-v1,OFFICIAL_MENU_DETAIL,,,false,4EDA18FC836EEB762B682E7EF085470B761C740AA565A4AA7C98CE7ABF500571
official-quality-wonhalmoni-7461427ecc2f,QUALITY-WONHALMONI-7461427ECC2F,원할머니보쌈,간편제육도시락,"\9,500",,,,PARTIAL_DESCRIPTION,UNKNOWN,https://wonandone.co.kr/bossam/menu.asp?KeyCtgM=6,2026-10-04,,franchise-quality-v1,OFFICIAL_MENU_DETAIL,,,false,46A40419177BF06D280F48CD0EACB44AF306C75348A3C5A10EAD2100AFA80DA3
official-quality-wonhalmoni-89e3bbf67b7d,QUALITY-WONHALMONI-89E3BBF67B7D,원할머니보쌈,보쌈+광릉식불고기도시락,"\17,000",,,,PARTIAL_DESCRIPTION,UNKNOWN,https://wonandone.co.kr/bossam/menu.asp?KeyCtgM=6,2026-10-04,,franchise-quality-v1,OFFICIAL_MENU_DETAIL,,,false,46A40419177BF06D280F48CD0EACB44AF306C75348A3C5A10EAD2100AFA80DA3
official-quality-wonhalmoni-965f324e790c,QUALITY-WONHALMONI-965F324E790C,원할머니보쌈,맛보쌈,50년 정성을 담은 원할머니 보쌈족발 전통 메뉴입니다.,,,,PARTIAL_DESCRIPTION,UNKNOWN,https://wonandone.co.kr/bossam/menu.asp,2026-10-04,,franchise-quality-v1,OFFICIAL_MENU_DETAIL,,,false,4EDA18FC836EEB762B682E7EF085470B761C740AA565A4AA7C98CE7ABF500571
official-quality-wonhalmoni-984ee76a0979,QUALITY-WONHALMONI-984EE76A0979,원할머니보쌈,제육도시락,"\14,000",,,,PARTIAL_DESCRIPTION,UNKNOWN,https://wonandone.co.kr/bossam/menu.asp?KeyCtgM=6,2026-10-04,,franchise-quality-v1,OFFICIAL_MENU_DETAIL,,,false,46A40419177BF06D280F48CD0EACB44AF306C75348A3C5A10EAD2100AFA80DA3
official-quality-wonhalmoni-a3d8f23dd353,QUALITY-WONHALMONI-A3D8F23DD353,원할머니보쌈,곱빼기보쌈도시락,"\19,000",,,,PARTIAL_DESCRIPTION,UNKNOWN,https://wonandone.co.kr/bossam/menu.asp?KeyCtgM=6,2026-10-04,,franchise-quality-v1,OFFICIAL_MENU_DETAIL,,,false,46A40419177BF06D280F48CD0EACB44AF306C75348A3C5A10EAD2100AFA80DA3
official-quality-wonhalmoni-ab76aee62ad1,QUALITY-WONHALMONI-AB76AEE62AD1,원할머니보쌈,명품소갈비찜+보쌈도시락,"\28,000",,,,PARTIAL_DESCRIPTION,UNKNOWN,https://wonandone.co.kr/bossam/menu.asp?KeyCtgM=6,2026-10-04,,franchise-quality-v1,OFFICIAL_MENU_DETAIL,,,false,46A40419177BF06D280F48CD0EACB44AF306C75348A3C5A10EAD2100AFA80DA3
official-quality-wonhalmoni-b95d687045ea,QUALITY-WONHALMONI-B95D687045EA,원할머니보쌈,보쌈+제육도시락,"\17,000",,,,PARTIAL_DESCRIPTION,UNKNOWN,https://wonandone.co.kr/bossam/menu.asp?KeyCtgM=6,2026-10-04,,franchise-quality-v1,OFFICIAL_MENU_DETAIL,,,false,46A40419177BF06D280F48CD0EACB44AF306C75348A3C5A10EAD2100AFA80DA3
official-quality-wonhalmoni-c2351780b363,QUALITY-WONHALMONI-C2351780B363,원할머니보쌈,모둠보쌈,"원할머니 보쌈족발의 대표메뉴로 담백하고 부드러운 보쌈고기를 다양한 김치, 쌈류와 즐기실 수 있습니다.",김치,,,PARTIAL_DESCRIPTION,UNKNOWN,https://wonandone.co.kr/bossam/menu.asp,2026-10-04,,franchise-quality-v1,OFFICIAL_MENU_DETAIL,,,false,4EDA18FC836EEB762B682E7EF085470B761C740AA565A4AA7C98CE7ABF500571
official-quality-wonhalmoni-c2e67e117b5d,QUALITY-WONHALMONI-C2E67E117B5D,원할머니보쌈,50주년보족세트,원할머니의 스테디셀러만 모은 50주년 특별 구성 메뉴입니다.,,,,PARTIAL_DESCRIPTION,UNKNOWN,https://wonandone.co.kr/bossam/menu.asp,2026-10-04,,franchise-quality-v1,OFFICIAL_MENU_DETAIL,,,false,4EDA18FC836EEB762B682E7EF085470B761C740AA565A4AA7C98CE7ABF500571
official-quality-wonhalmoni-c405ca03c299,QUALITY-WONHALMONI-C405CA03C299,원할머니보쌈,간편광릉식불고기도시락,"\9,500",,,,PARTIAL_DESCRIPTION,UNKNOWN,https://wonandone.co.kr/bossam/menu.asp?KeyCtgM=6,2026-10-04,,franchise-quality-v1,OFFICIAL_MENU_DETAIL,,,false,46A40419177BF06D280F48CD0EACB44AF306C75348A3C5A10EAD2100AFA80DA3
official-quality-wonhalmoni-dde168571d6b,QUALITY-WONHALMONI-DDE168571D6B,원할머니보쌈,솜씨보쌈,쫀득한 쌈떡과 아삭한 무김치 등으로 여성들에게 특히 인기있는 메뉴입니다.,김치,,,PARTIAL_DESCRIPTION,UNKNOWN,https://wonandone.co.kr/bossam/menu.asp,2026-10-04,,franchise-quality-v1,OFFICIAL_MENU_DETAIL,,,false,4EDA18FC836EEB762B682E7EF085470B761C740AA565A4AA7C98CE7ABF500571
official-quality-wonhalmoni-ebd8c5a2f118,QUALITY-WONHALMONI-EBD8C5A2F118,원할머니보쌈,광릉식불고기도시락,"\14,000",,,,PARTIAL_DESCRIPTION,UNKNOWN,https://wonandone.co.kr/bossam/menu.asp?KeyCtgM=6,2026-10-04,,franchise-quality-v1,OFFICIAL_MENU_DETAIL,,,false,46A40419177BF06D280F48CD0EACB44AF306C75348A3C5A10EAD2100AFA80DA3
official-quality-yeokjeon-05f038c96db9,QUALITY-YEOKJEON-05F038C96DB9,역전우동0410,양파마요치킨,,,,,UNKNOWN,UNKNOWN,https://udon0410.com/menu/,2026-10-04,,franchise-quality-v1,OFFICIAL_MENU_DETAIL,,,false,67A7E05641A94F37C63F409FB096FAC7CD881250CCB21F8A9B5568FB55E2903E
official-quality-yeokjeon-0c2345dad085,QUALITY-YEOKJEON-0C2345DAD085,역전우동0410,데리마요롤,,,,,UNKNOWN,UNKNOWN,https://udon0410.com/menu/,2026-10-04,,franchise-quality-v1,OFFICIAL_MENU_DETAIL,,,false,67A7E05641A94F37C63F409FB096FAC7CD881250CCB21F8A9B5568FB55E2903E
official-quality-yeokjeon-0c92461d2837,QUALITY-YEOKJEON-0C92461D2837,역전우동0410,불오뎅,,,,,UNKNOWN,UNKNOWN,https://udon0410.com/menu/,2026-10-04,,franchise-quality-v1,OFFICIAL_MENU_DETAIL,,,false,67A7E05641A94F37C63F409FB096FAC7CD881250CCB21F8A9B5568FB55E2903E
official-quality-yeokjeon-0cf9037abd88,QUALITY-YEOKJEON-0CF9037ABD88,역전우동0410,야채튀김,,,,,UNKNOWN,UNKNOWN,https://udon0410.com/menu/,2026-10-04,,franchise-quality-v1,OFFICIAL_MENU_DETAIL,,,false,67A7E05641A94F37C63F409FB096FAC7CD881250CCB21F8A9B5568FB55E2903E
official-quality-yeokjeon-124617065c17,QUALITY-YEOKJEON-124617065C17,역전우동0410,납작만두,,,,,UNKNOWN,UNKNOWN,https://udon0410.com/menu/,2026-10-04,,franchise-quality-v1,OFFICIAL_MENU_DETAIL,,,false,67A7E05641A94F37C63F409FB096FAC7CD881250CCB21F8A9B5568FB55E2903E
official-quality-yeokjeon-2bc7f52f7b02,QUALITY-YEOKJEON-2BC7F52F7B02,역전우동0410,우볶이,학교 앞 추억의 떡볶이 국물과 탱글탱글한 우동의 조화!,,,,PARTIAL_DESCRIPTION,UNKNOWN,https://udon0410.com/menu/,2026-10-04,,franchise-quality-v1,OFFICIAL_MENU_DETAIL,,,false,67A7E05641A94F37C63F409FB096FAC7CD881250CCB21F8A9B5568FB55E2903E
official-quality-yeokjeon-2cb4a39c1c8a,QUALITY-YEOKJEON-2CB4A39C1C8A,역전우동0410,돈까스덮밥,두툼한 돈까스가 통째로 올라가 한 그릇이면 배부른 덮밥메뉴,,,,PARTIAL_DESCRIPTION,UNKNOWN,https://udon0410.com/menu/,2026-10-04,,franchise-quality-v1,OFFICIAL_MENU_DETAIL,,,false,67A7E05641A94F37C63F409FB096FAC7CD881250CCB21F8A9B5568FB55E2903E
official-quality-yeokjeon-2e60de202244,QUALITY-YEOKJEON-2E60DE202244,역전우동0410,제육돈까스,남녀노소 좋아하는 제육과 돈까스를 한 그릇에 푸짐하게 담았다! 두 가지 맛 모두 즐길 수 있는 메뉴,,,,PARTIAL_DESCRIPTION,UNKNOWN,https://udon0410.com/menu/,2026-10-04,,franchise-quality-v1,OFFICIAL_MENU_DETAIL,,,false,67A7E05641A94F37C63F409FB096FAC7CD881250CCB21F8A9B5568FB55E2903E
official-quality-yeokjeon-2f7fff2eb748,QUALITY-YEOKJEON-2F7FFF2EB748,역전우동0410,초계비빔면,특제 겨자소스를 곁들인 닭가슴살 고명에 매콤달달한 비빔소스까지! 여름철 별미,닭가슴살,,,PARTIAL_DESCRIPTION,UNKNOWN,https://udon0410.com/menu/,2026-10-04,,franchise-quality-v1,OFFICIAL_MENU_DETAIL,,,false,67A7E05641A94F37C63F409FB096FAC7CD881250CCB21F8A9B5568FB55E2903E
official-quality-yeokjeon-3b34ac6fe0ce,QUALITY-YEOKJEON-3B34AC6FE0CE,역전우동0410,냉우동,살얼음이 동동! 시원한 우동국물이 매력적인 역전우동 별미,,,,PARTIAL_DESCRIPTION,UNKNOWN,https://udon0410.com/menu/,2026-10-04,,franchise-quality-v1,OFFICIAL_MENU_DETAIL,,,false,67A7E05641A94F37C63F409FB096FAC7CD881250CCB21F8A9B5568FB55E2903E
official-quality-yeokjeon-49f8a637f900,QUALITY-YEOKJEON-49F8A637F900,역전우동0410,옛날우동,진한 국물과 쫄깃한 면발의 만남! 역전우동의 대표메뉴,,,,PARTIAL_DESCRIPTION,UNKNOWN,https://udon0410.com/menu/,2026-10-04,,franchise-quality-v1,OFFICIAL_MENU_DETAIL,,,false,67A7E05641A94F37C63F409FB096FAC7CD881250CCB21F8A9B5568FB55E2903E
official-quality-yeokjeon-5071d9b45f3e,QUALITY-YEOKJEON-5071D9B45F3E,역전우동0410,카레덮밥,깊고 진한 향의 카레와 고소한 마늘칩을 얹은 덮밥,마늘,,,PARTIAL_DESCRIPTION,UNKNOWN,https://udon0410.com/menu/,2026-10-04,,franchise-quality-v1,OFFICIAL_MENU_DETAIL,,,false,67A7E05641A94F37C63F409FB096FAC7CD881250CCB21F8A9B5568FB55E2903E
official-quality-yeokjeon-530ce286dfe3,QUALITY-YEOKJEON-530CE286DFE3,역전우동0410,김치우동,볶은 김치가 얹어져 더욱 시원하고 깊은 맛을 내는 우동,김치,,,PARTIAL_DESCRIPTION,UNKNOWN,https://udon0410.com/menu/,2026-10-04,,franchise-quality-v1,OFFICIAL_MENU_DETAIL,,,false,67A7E05641A94F37C63F409FB096FAC7CD881250CCB21F8A9B5568FB55E2903E
official-quality-yeokjeon-56ef86ac91be,QUALITY-YEOKJEON-56EF86AC91BE,역전우동0410,더블치즈 돈까스,슈레드 모차렐라치즈와 체다치즈가 푸짐하게 올라간 치즈돈까스,치즈,,,PARTIAL_DESCRIPTION,UNKNOWN,https://udon0410.com/menu/,2026-10-04,,franchise-quality-v1,OFFICIAL_MENU_DETAIL,,,false,67A7E05641A94F37C63F409FB096FAC7CD881250CCB21F8A9B5568FB55E2903E
official-quality-yeokjeon-5791c3e89d27,QUALITY-YEOKJEON-5791C3E89D27,역전우동0410,참치마요롤,,,,,UNKNOWN,UNKNOWN,https://udon0410.com/menu/,2026-10-04,,franchise-quality-v1,OFFICIAL_MENU_DETAIL,,,false,67A7E05641A94F37C63F409FB096FAC7CD881250CCB21F8A9B5568FB55E2903E
official-quality-yeokjeon-733738302517,QUALITY-YEOKJEON-733738302517,역전우동0410,초계면,특제 겨자소스를 곁들인 닭가슴살 고명에 차가운 살얼음 육수를 가득! 무더위를 잊게 하는 여름철 보양 시즌메뉴,닭가슴살,,,PARTIAL_DESCRIPTION,UNKNOWN,https://udon0410.com/menu/,2026-10-04,,franchise-quality-v1,OFFICIAL_MENU_DETAIL,,,false,67A7E05641A94F37C63F409FB096FAC7CD881250CCB21F8A9B5568FB55E2903E
official-quality-yeokjeon-764e1feeb280,QUALITY-YEOKJEON-764E1FEEB280,역전우동0410,판모밀,​진하고 깔끔한 쯔유 소스에 콕~ 찍어 먹어요!,,,,PARTIAL_DESCRIPTION,UNKNOWN,https://udon0410.com/menu/,2026-10-04,,franchise-quality-v1,OFFICIAL_MENU_DETAIL,,,false,67A7E05641A94F37C63F409FB096FAC7CD881250CCB21F8A9B5568FB55E2903E
official-quality-yeokjeon-77858aa40a3f,QUALITY-YEOKJEON-77858AA40A3F,역전우동0410,사이드돈까스,,,,,UNKNOWN,UNKNOWN,https://udon0410.com/menu/,2026-10-04,,franchise-quality-v1,OFFICIAL_MENU_DETAIL,,,false,67A7E05641A94F37C63F409FB096FAC7CD881250CCB21F8A9B5568FB55E2903E
official-quality-yeokjeon-78cc18adbed4,QUALITY-YEOKJEON-78CC18ADBED4,역전우동0410,우삼겹볶음김치덮밥,고소한 우삼겹과 매콤하게 볶아낸 김치가 어우러진 든든한 한국식 덮밥,김치|우삼겹,,,PARTIAL_DESCRIPTION,UNKNOWN,https://udon0410.com/menu/,2026-10-04,,franchise-quality-v1,OFFICIAL_MENU_DETAIL,,,false,67A7E05641A94F37C63F409FB096FAC7CD881250CCB21F8A9B5568FB55E2903E
official-quality-yeokjeon-8624a6e36125,QUALITY-YEOKJEON-8624A6E36125,역전우동0410,열탄제육덮밥,새마을식당의 노하우를 담아 열탄불고기의 불맛을 가득 담아낸 매콤한 제육덮밥,,,,PARTIAL_DESCRIPTION,UNKNOWN,https://udon0410.com/menu/,2026-10-04,,franchise-quality-v1,OFFICIAL_MENU_DETAIL,,,false,67A7E05641A94F37C63F409FB096FAC7CD881250CCB21F8A9B5568FB55E2903E
official-quality-yeokjeon-9014c2dc2171,QUALITY-YEOKJEON-9014C2DC2171,역전우동0410,꼬치어묵우동,꼬치어묵 2개를 올려 더 풍성한 어묵을 즐길 수 있는 든든한 우동,,,,PARTIAL_DESCRIPTION,UNKNOWN,https://udon0410.com/menu/,2026-10-04,,franchise-quality-v1,OFFICIAL_MENU_DETAIL,,,false,67A7E05641A94F37C63F409FB096FAC7CD881250CCB21F8A9B5568FB55E2903E
official-quality-yeokjeon-9082e2e3a15c,QUALITY-YEOKJEON-9082E2E3A15C,역전우동0410,매콤치킨마요덮밥,바삭한 치킨에 매콤한 소스가 듬뿍!,,,,PARTIAL_DESCRIPTION,UNKNOWN,https://udon0410.com/menu/,2026-10-04,,franchise-quality-v1,OFFICIAL_MENU_DETAIL,,,false,67A7E05641A94F37C63F409FB096FAC7CD881250CCB21F8A9B5568FB55E2903E
official-quality-yeokjeon-90bd78240958,QUALITY-YEOKJEON-90BD78240958,역전우동0410,명란마요롤,,,,,UNKNOWN,UNKNOWN,https://udon0410.com/menu/,2026-10-04,,franchise-quality-v1,OFFICIAL_MENU_DETAIL,,,false,67A7E05641A94F37C63F409FB096FAC7CD881250CCB21F8A9B5568FB55E2903E
official-quality-yeokjeon-930582f7c329,QUALITY-YEOKJEON-930582F7C329,역전우동0410,치킨미니덮밥,,,,,UNKNOWN,UNKNOWN,https://udon0410.com/menu/,2026-10-04,,franchise-quality-v1,OFFICIAL_MENU_DETAIL,,,false,67A7E05641A94F37C63F409FB096FAC7CD881250CCB21F8A9B5568FB55E2903E
official-quality-yeokjeon-94cbe36ba080,QUALITY-YEOKJEON-94CBE36BA080,역전우동0410,우삼겹마늘후추우동,우삼겹과 특제 마늘 후추 소스를 넣어 진한 풍미가 일품인 우동,마늘|우삼겹,,,PARTIAL_DESCRIPTION,UNKNOWN,https://udon0410.com/menu/,2026-10-04,,franchise-quality-v1,OFFICIAL_MENU_DETAIL,,,false,67A7E05641A94F37C63F409FB096FAC7CD881250CCB21F8A9B5568FB55E2903E
official-quality-yeokjeon-968c36b80dfe,QUALITY-YEOKJEON-968C36B80DFE,역전우동0410,야채튀김우동,​'빅 사이즈의 야채튀김이 올라간 우동' 더- 커진 야채튀김이라 더- 맛있다,,,,PARTIAL_DESCRIPTION,UNKNOWN,https://udon0410.com/menu/,2026-10-04,,franchise-quality-v1,OFFICIAL_MENU_DETAIL,,,false,67A7E05641A94F37C63F409FB096FAC7CD881250CCB21F8A9B5568FB55E2903E
official-quality-yeokjeon-a112f0c59581,QUALITY-YEOKJEON-A112F0C59581,역전우동0410,명란미니덮밥,,,,,UNKNOWN,UNKNOWN,https://udon0410.com/menu/,2026-10-04,,franchise-quality-v1,OFFICIAL_MENU_DETAIL,,,false,67A7E05641A94F37C63F409FB096FAC7CD881250CCB21F8A9B5568FB55E2903E
official-quality-yeokjeon-a3df830aa13d,QUALITY-YEOKJEON-A3DF830AA13D,역전우동0410,새우튀김우동,고소하고 바삭한 새우튀김을 얹은 우동,새우,,,PARTIAL_DESCRIPTION,UNKNOWN,https://udon0410.com/menu/,2026-10-04,,franchise-quality-v1,OFFICIAL_MENU_DETAIL,,,false,67A7E05641A94F37C63F409FB096FAC7CD881250CCB21F8A9B5568FB55E2903E
official-quality-yeokjeon-a688d43be9f4,QUALITY-YEOKJEON-A688D43BE9F4,역전우동0410,타르타르롤,,,,,UNKNOWN,UNKNOWN,https://udon0410.com/menu/,2026-10-04,,franchise-quality-v1,OFFICIAL_MENU_DETAIL,,,false,67A7E05641A94F37C63F409FB096FAC7CD881250CCB21F8A9B5568FB55E2903E
official-quality-yeokjeon-c2a3f0a9e591,QUALITY-YEOKJEON-C2A3F0A9E591,역전우동0410,왕만두튀김,,,,,UNKNOWN,UNKNOWN,https://udon0410.com/menu/,2026-10-04,,franchise-quality-v1,OFFICIAL_MENU_DETAIL,,,false,67A7E05641A94F37C63F409FB096FAC7CD881250CCB21F8A9B5568FB55E2903E
official-quality-yeokjeon-c31ed028915d,QUALITY-YEOKJEON-C31ED028915D,역전우동0410,역전돈까스,바삭촉촉 등심돈까스에 특제 데미글라스 소스가 더해진 돈까스,등심,,,PARTIAL_DESCRIPTION,UNKNOWN,https://udon0410.com/menu/,2026-10-04,,franchise-quality-v1,OFFICIAL_MENU_DETAIL,,,false,67A7E05641A94F37C63F409FB096FAC7CD881250CCB21F8A9B5568FB55E2903E
official-quality-yeokjeon-c612f865c2be,QUALITY-YEOKJEON-C612F865C2BE,역전우동0410,간장양념구이덮밥,일본식 제육볶음 “쇼가야키”와 양배추샐러드를 듬뿍 올린 든든한 덮밥,배추|양배추,,,PARTIAL_DESCRIPTION,UNKNOWN,https://udon0410.com/menu/,2026-10-04,,franchise-quality-v1,OFFICIAL_MENU_DETAIL,,,false,67A7E05641A94F37C63F409FB096FAC7CD881250CCB21F8A9B5568FB55E2903E
official-quality-yeokjeon-c957e89e2648,QUALITY-YEOKJEON-C957E89E2648,역전우동0410,미니오코노미야키,,,,,UNKNOWN,UNKNOWN,https://udon0410.com/menu/,2026-10-04,,franchise-quality-v1,OFFICIAL_MENU_DETAIL,,,false,67A7E05641A94F37C63F409FB096FAC7CD881250CCB21F8A9B5568FB55E2903E
official-quality-yeokjeon-cce5569d3d6f,QUALITY-YEOKJEON-CCE5569D3D6F,역전우동0410,매콤김말이,,,,,UNKNOWN,UNKNOWN,https://udon0410.com/menu/,2026-10-04,,franchise-quality-v1,OFFICIAL_MENU_DETAIL,,,false,67A7E05641A94F37C63F409FB096FAC7CD881250CCB21F8A9B5568FB55E2903E
official-quality-yeokjeon-d5a05923c3cf,QUALITY-YEOKJEON-D5A05923C3CF,역전우동0410,냉모밀,"사계절 내내 사랑받는 역전우동0410의 시원, 담백한 냉모밀",,,,PARTIAL_DESCRIPTION,UNKNOWN,https://udon0410.com/menu/,2026-10-04,,franchise-quality-v1,OFFICIAL_MENU_DETAIL,,,false,67A7E05641A94F37C63F409FB096FAC7CD881250CCB21F8A9B5568FB55E2903E
official-quality-yeokjeon-e603807b4827,QUALITY-YEOKJEON-E603807B4827,역전우동0410,대왕유부우동,큼지막한 대왕유부와 가쓰오 육수가 달짝지근한 조화를 이룬 우동,,,,PARTIAL_DESCRIPTION,UNKNOWN,https://udon0410.com/menu/,2026-10-04,,franchise-quality-v1,OFFICIAL_MENU_DETAIL,,,false,67A7E05641A94F37C63F409FB096FAC7CD881250CCB21F8A9B5568FB55E2903E
official-quality-yeokjeon-e68824e57c19,QUALITY-YEOKJEON-E68824E57C19,역전우동0410,새우튀김,,,,,UNKNOWN,UNKNOWN,https://udon0410.com/menu/,2026-10-04,,franchise-quality-v1,OFFICIAL_MENU_DETAIL,,,false,67A7E05641A94F37C63F409FB096FAC7CD881250CCB21F8A9B5568FB55E2903E
official-quality-yeokjeon-e78a4d0977df,QUALITY-YEOKJEON-E78A4D0977DF,역전우동0410,모둠까스,'돈까스+새우튀김+치킨' 3가지 맛을 한 번에 즐길 수 있는 실속 메뉴,새우,,,PARTIAL_DESCRIPTION,UNKNOWN,https://udon0410.com/menu/,2026-10-04,,franchise-quality-v1,OFFICIAL_MENU_DETAIL,,,false,67A7E05641A94F37C63F409FB096FAC7CD881250CCB21F8A9B5568FB55E2903E
official-quality-yeokjeon-f1694cb182df,QUALITY-YEOKJEON-F1694CB182DF,역전우동0410,치킨가라아게정식,바삭한 치킨가라아게에 단짠 데리야키&마요네즈 소스를 듬뿍 올린 든든한 정식 메뉴,,,,PARTIAL_DESCRIPTION,UNKNOWN,https://udon0410.com/menu/,2026-10-04,,franchise-quality-v1,OFFICIAL_MENU_DETAIL,,,false,67A7E05641A94F37C63F409FB096FAC7CD881250CCB21F8A9B5568FB55E2903E
official-quality-yeokjeon-f5c986e765f6,QUALITY-YEOKJEON-F5C986E765F6,역전우동0410,유린기돈까스,'푸짐한 야채'와 '상큼한 소스'의 조합,,,,PARTIAL_DESCRIPTION,UNKNOWN,https://udon0410.com/menu/,2026-10-04,,franchise-quality-v1,OFFICIAL_MENU_DETAIL,,,false,67A7E05641A94F37C63F409FB096FAC7CD881250CCB21F8A9B5568FB55E2903E
official-quality-yeokjeon-fb69dab49699,QUALITY-YEOKJEON-FB69DAB49699,역전우동0410,얼큰가쓰오우동,듬뿍 쌓은 가쓰오부시와 새우가루를 넣어 시원하고 얼큰한 국물이 어우러지는 얼큰한 우동,새우,,,PARTIAL_DESCRIPTION,UNKNOWN,https://udon0410.com/menu/,2026-10-04,,franchise-quality-v1,OFFICIAL_MENU_DETAIL,,,false,67A7E05641A94F37C63F409FB096FAC7CD881250CCB21F8A9B5568FB55E2903E
official-quality-youngdabang-03ded7065310,QUALITY-YOUNGDABANG-03DED7065310,청년다방,말차크림 떡볶이,기막히고 코막히는 명품 즉석 떡볶이 청년다방의 크림차돌 떡볶이,차돌|크림,,,PARTIAL_DESCRIPTION,UNKNOWN,https://youngdabang.com/html/menu_view.html,2026-10-04,,franchise-quality-v1,OFFICIAL_MENU_DETAIL,,,false,1F3450BAD29F84C4576B6DFCB87EE5232F596BFE828B8E3881E830437458D1FB
official-quality-youngdabang-057b4ae049eb,QUALITY-YOUNGDABANG-057B4AE049EB,청년다방,핫버터갈릭 옥수수튀김,바삭한 옥수수 튀김 위에 중독성 강한 소스가 듬뿍!,옥수수,,,PARTIAL_DESCRIPTION,UNKNOWN,https://youngdabang.com/html/menu_view.html,2026-10-04,,franchise-quality-v1,OFFICIAL_MENU_DETAIL,,,false,364F8B764B233CCBDDE83D33AE1AEFC44AABCA7DE10486BDBB3234556E46B07A
official-quality-youngdabang-0813426d67ca,QUALITY-YOUNGDABANG-0813426D67CA,청년다방,치킨마요컵밥,치킨&마요로 바삭하고 고소하게!,,,,PARTIAL_DESCRIPTION,UNKNOWN,https://youngdabang.com/html/menu_view.html,2026-10-04,,franchise-quality-v1,OFFICIAL_MENU_DETAIL,,,false,364F8B764B233CCBDDE83D33AE1AEFC44AABCA7DE10486BDBB3234556E46B07A
official-quality-youngdabang-0894520e34ad,QUALITY-YOUNGDABANG-0894520E34AD,청년다방,떡튀순 떡볶이,기막히고 코막히는 명품 즉석 떡볶이 청년다방의 깻잎순대 떡볶이,깻잎,,,PARTIAL_DESCRIPTION,UNKNOWN,https://youngdabang.com/html/menu_view.html,2026-10-04,,franchise-quality-v1,OFFICIAL_MENU_DETAIL,,,false,ACBB9557F2A5AEBAE194531E331A5F6C6CC0E1084D28C3B404DDCF48E69C4ED9
official-quality-youngdabang-0cf9037abd88,QUALITY-YOUNGDABANG-0CF9037ABD88,청년다방,야채튀김,,,,,UNKNOWN,UNKNOWN,https://youngdabang.com/html/menu_view.html,2026-10-04,,franchise-quality-v1,OFFICIAL_MENU_DETAIL,,,false,BB8E74E70854DD484115CDAEBFC165FA3E5E0F97F02334706284F759A9C98613
official-quality-youngdabang-0df7eec84e4b,QUALITY-YOUNGDABANG-0DF7EEC84E4B,청년다방,허니간장순살치킨,단짠단짠의 정석!,,,,PARTIAL_DESCRIPTION,UNKNOWN,https://youngdabang.com/html/menu_view.html,2026-10-04,,franchise-quality-v1,OFFICIAL_MENU_DETAIL,,,false,364F8B764B233CCBDDE83D33AE1AEFC44AABCA7DE10486BDBB3234556E46B07A
official-quality-youngdabang-0f4a1f6a128b,QUALITY-YOUNGDABANG-0F4A1F6A128B,청년다방,날치알볶음밥,떡볶이에 볶아 먹는 청년다방의 대표 볶음밥!,,,,PARTIAL_DESCRIPTION,UNKNOWN,https://youngdabang.com/html/menu_view.html,2026-10-04,,franchise-quality-v1,OFFICIAL_MENU_DETAIL,,,false,364F8B764B233CCBDDE83D33AE1AEFC44AABCA7DE10486BDBB3234556E46B07A
official-quality-youngdabang-13eb1dd5c89e,QUALITY-YOUNGDABANG-13EB1DD5C89E,청년다방,순살치킨토핑,,,,,UNKNOWN,UNKNOWN,https://youngdabang.com/html/menu_view.html,2026-10-04,,franchise-quality-v1,OFFICIAL_MENU_DETAIL,,,false,439A0D1866E90D6C66C7BD57496C8C46C81D22CF27DCDC29B4B844ABD246E3D0
official-quality-youngdabang-15687b585e9c,QUALITY-YOUNGDABANG-15687B585E9C,청년다방,두부피롤,,,,,UNKNOWN,UNKNOWN,https://youngdabang.com/html/menu_view.html,2026-10-04,,franchise-quality-v1,OFFICIAL_MENU_DETAIL,,,false,439A0D1866E90D6C66C7BD57496C8C46C81D22CF27DCDC29B4B844ABD246E3D0
official-quality-youngdabang-19b8341dea5f,QUALITY-YOUNGDABANG-19B8341DEA5F,청년다방,불향차돌떡볶이,기막히고 코막히는 명품 즉석 떡볶이 청년다방의 차돌떡볶이,차돌,,,PARTIAL_DESCRIPTION,UNKNOWN,https://youngdabang.com/html/menu_view.html,2026-10-04,,franchise-quality-v1,OFFICIAL_MENU_DETAIL,,,false,E59834DF1F327A9F175AB03F3B1D096AAAD096BF1BC3819265361BB031D89ADB
official-quality-youngdabang-1d8d7f00a660,QUALITY-YOUNGDABANG-1D8D7F00A660,청년다방,라면사리,,,,,UNKNOWN,UNKNOWN,https://youngdabang.com/html/menu_view.html,2026-10-04,,franchise-quality-v1,OFFICIAL_MENU_DETAIL,,,false,439A0D1866E90D6C66C7BD57496C8C46C81D22CF27DCDC29B4B844ABD246E3D0
official-quality-youngdabang-1f989fd56672,QUALITY-YOUNGDABANG-1F989FD56672,청년다방,반반핫도그,바삭함 속 두 가지 매력! 치즈 & 소세지의 완벽 조합!,치즈,,,PARTIAL_DESCRIPTION,UNKNOWN,https://youngdabang.com/html/menu_view.html,2026-10-04,,franchise-quality-v1,OFFICIAL_MENU_DETAIL,,,false,364F8B764B233CCBDDE83D33AE1AEFC44AABCA7DE10486BDBB3234556E46B07A
official-quality-youngdabang-2752dee02618,QUALITY-YOUNGDABANG-2752DEE02618,청년다방,파채토핑,,,,,UNKNOWN,UNKNOWN,https://youngdabang.com/html/menu_view.html,2026-10-04,,franchise-quality-v1,OFFICIAL_MENU_DETAIL,,,false,439A0D1866E90D6C66C7BD57496C8C46C81D22CF27DCDC29B4B844ABD246E3D0
official-quality-youngdabang-299d7b20cc2a,QUALITY-YOUNGDABANG-299D7B20CC2A,청년다방,반반 돈가스,시그니처 경양식 소스와 스파이시소스를 한 번에!,,,,PARTIAL_DESCRIPTION,UNKNOWN,https://youngdabang.com/html/menu_view.html,2026-10-04,,franchise-quality-v1,OFFICIAL_MENU_DETAIL,,,false,6B9C9B93AF7FB57F947ABAD114DBD65A4FD1E496A9F3334BAF2B8DBE0DCC5272
official-quality-youngdabang-2b4aff955a70,QUALITY-YOUNGDABANG-2B4AFF955A70,청년다방,김말이튀김,,,,,UNKNOWN,UNKNOWN,https://youngdabang.com/html/menu_view.html,2026-10-04,,franchise-quality-v1,OFFICIAL_MENU_DETAIL,,,false,BB8E74E70854DD484115CDAEBFC165FA3E5E0F97F02334706284F759A9C98613
official-quality-youngdabang-38422c285f79,QUALITY-YOUNGDABANG-38422C285F79,청년다방,비엔나햄,,,,,UNKNOWN,UNKNOWN,https://youngdabang.com/html/menu_view.html,2026-10-04,,franchise-quality-v1,OFFICIAL_MENU_DETAIL,,,false,439A0D1866E90D6C66C7BD57496C8C46C81D22CF27DCDC29B4B844ABD246E3D0
official-quality-youngdabang-3903de4918b3,QUALITY-YOUNGDABANG-3903DE4918B3,청년다방,통큰오짱 떡볶이,기막히고 코막히는 명품 즉석 떡볶이 청년다방의 통큰오짱 떡볶이,,,,PARTIAL_DESCRIPTION,UNKNOWN,https://youngdabang.com/html/menu_view.html,2026-10-04,,franchise-quality-v1,OFFICIAL_MENU_DETAIL,,,false,2EADA9E9BAFDD426D4590FDB442DF65C34DD2DA4777F215AA852964A271F3BCD
official-quality-youngdabang-3bfcd1ca8db4,QUALITY-YOUNGDABANG-3BFCD1CA8DB4,청년다방,대패삼겹떡볶이,기막히고 코막히는 명품 즉석 떡볶이 청년다방의 대패삼겹 떡볶이,,,,PARTIAL_DESCRIPTION,UNKNOWN,https://youngdabang.com/html/menu_view.html,2026-10-04,,franchise-quality-v1,OFFICIAL_MENU_DETAIL,,,false,ABA32D5A3C5560DD5B5F2741D856871FF9A1AAB2BAAF8D8E9AD507D2411866E6
official-quality-youngdabang-446faf779699,QUALITY-YOUNGDABANG-446FAF779699,청년다방,치즈토핑,,,,,UNKNOWN,UNKNOWN,https://youngdabang.com/html/menu_view.html,2026-10-04,,franchise-quality-v1,OFFICIAL_MENU_DETAIL,,,false,439A0D1866E90D6C66C7BD57496C8C46C81D22CF27DCDC29B4B844ABD246E3D0
official-quality-youngdabang-4614deb2609f,QUALITY-YOUNGDABANG-4614DEB2609F,청년다방,오징어튀김,,,,,UNKNOWN,UNKNOWN,https://youngdabang.com/html/menu_view.html,2026-10-04,,franchise-quality-v1,OFFICIAL_MENU_DETAIL,,,false,BB8E74E70854DD484115CDAEBFC165FA3E5E0F97F02334706284F759A9C98613
official-quality-youngdabang-55a8f9e3b9a4,QUALITY-YOUNGDABANG-55A8F9E3B9A4,청년다방,우동사리,,,,,UNKNOWN,UNKNOWN,https://youngdabang.com/html/menu_view.html,2026-10-04,,franchise-quality-v1,OFFICIAL_MENU_DETAIL,,,false,439A0D1866E90D6C66C7BD57496C8C46C81D22CF27DCDC29B4B844ABD246E3D0
official-quality-youngdabang-55abf39c8e99,QUALITY-YOUNGDABANG-55ABF39C8E99,청년다방,멕시칸 돈가스,훈연 건조한 할라피뇨와 크림을 섞은 매콤새콤 소스,크림,,,PARTIAL_DESCRIPTION,UNKNOWN,https://youngdabang.com/html/menu_view.html,2026-10-04,,franchise-quality-v1,OFFICIAL_MENU_DETAIL,,,false,6B9C9B93AF7FB57F947ABAD114DBD65A4FD1E496A9F3334BAF2B8DBE0DCC5272
official-quality-youngdabang-569da301eb06,QUALITY-YOUNGDABANG-569DA301EB06,청년다방,감자후레이크,,,,,UNKNOWN,UNKNOWN,https://youngdabang.com/html/menu_view.html,2026-10-04,,franchise-quality-v1,OFFICIAL_MENU_DETAIL,,,false,439A0D1866E90D6C66C7BD57496C8C46C81D22CF27DCDC29B4B844ABD246E3D0
official-quality-youngdabang-5ac09b604849,QUALITY-YOUNGDABANG-5AC09B604849,청년다방,분모자,,,,,UNKNOWN,UNKNOWN,https://youngdabang.com/html/menu_view.html,2026-10-04,,franchise-quality-v1,OFFICIAL_MENU_DETAIL,,,false,439A0D1866E90D6C66C7BD57496C8C46C81D22CF27DCDC29B4B844ABD246E3D0
official-quality-youngdabang-5af76cf7717a,QUALITY-YOUNGDABANG-5AF76CF7717A,청년다방,경양식 돈가스,특제 소스를 가미한 추억 그대로의 맛,,,,PARTIAL_DESCRIPTION,UNKNOWN,https://youngdabang.com/html/menu_view.html,2026-10-04,,franchise-quality-v1,OFFICIAL_MENU_DETAIL,,,false,6B9C9B93AF7FB57F947ABAD114DBD65A4FD1E496A9F3334BAF2B8DBE0DCC5272
official-quality-youngdabang-5d21866d0959,QUALITY-YOUNGDABANG-5D21866D0959,청년다방,버터갈릭 감자튀김,버터갈릭소스와 감자튀김의 환상 조화,감자,,,PARTIAL_DESCRIPTION,UNKNOWN,https://youngdabang.com/html/menu_view.html,2026-10-04,,franchise-quality-v1,OFFICIAL_MENU_DETAIL,,,false,364F8B764B233CCBDDE83D33AE1AEFC44AABCA7DE10486BDBB3234556E46B07A
official-quality-youngdabang-6a543d31c4f6,QUALITY-YOUNGDABANG-6A543D31C4F6,청년다방,파인스윗 돈가스,상큼한 파인애플과 특제 데리야끼 소스,,,,PARTIAL_DESCRIPTION,UNKNOWN,https://youngdabang.com/html/menu_view.html,2026-10-04,,franchise-quality-v1,OFFICIAL_MENU_DETAIL,,,false,6B9C9B93AF7FB57F947ABAD114DBD65A4FD1E496A9F3334BAF2B8DBE0DCC5272
official-quality-youngdabang-6e5f39379c3b,QUALITY-YOUNGDABANG-6E5F39379C3B,청년다방,공기밥,,,,,UNKNOWN,UNKNOWN,https://youngdabang.com/html/menu_view.html,2026-10-04,,franchise-quality-v1,OFFICIAL_MENU_DETAIL,,,false,364F8B764B233CCBDDE83D33AE1AEFC44AABCA7DE10486BDBB3234556E46B07A
official-quality-youngdabang-6e69eed9bdde,QUALITY-YOUNGDABANG-6E69EED9BDDE,청년다방,모짜 치즈볼,,,,,UNKNOWN,UNKNOWN,https://youngdabang.com/html/menu_view.html,2026-10-04,,franchise-quality-v1,OFFICIAL_MENU_DETAIL,,,false,BB8E74E70854DD484115CDAEBFC165FA3E5E0F97F02334706284F759A9C98613
official-quality-youngdabang-72516ac52cdf,QUALITY-YOUNGDABANG-72516AC52CDF,청년다방,모듬튀김,"김말이1, 튀김만두2, 오징어1, 고구마1, 야채튀김2, 모짜치즈볼2 다양하게 먹자!",고구마|오징어|치즈,,,PARTIAL_DESCRIPTION,UNKNOWN,https://youngdabang.com/html/menu_view.html,2026-10-04,,franchise-quality-v1,OFFICIAL_MENU_DETAIL,,,false,364F8B764B233CCBDDE83D33AE1AEFC44AABCA7DE10486BDBB3234556E46B07A
official-quality-youngdabang-7572bf1af556,QUALITY-YOUNGDABANG-7572BF1AF556,청년다방,차돌토핑,,,,,UNKNOWN,UNKNOWN,https://youngdabang.com/html/menu_view.html,2026-10-04,,franchise-quality-v1,OFFICIAL_MENU_DETAIL,,,false,439A0D1866E90D6C66C7BD57496C8C46C81D22CF27DCDC29B4B844ABD246E3D0
official-quality-youngdabang-8318ef71e3da,QUALITY-YOUNGDABANG-8318EF71E3DA,청년다방,넓적 당면사리,,,,,UNKNOWN,UNKNOWN,https://youngdabang.com/html/menu_view.html,2026-10-04,,franchise-quality-v1,OFFICIAL_MENU_DETAIL,,,false,439A0D1866E90D6C66C7BD57496C8C46C81D22CF27DCDC29B4B844ABD246E3D0
official-quality-youngdabang-896ab4b71dd5,QUALITY-YOUNGDABANG-896AB4B71DD5,청년다방,대창토핑,,,,,UNKNOWN,UNKNOWN,https://youngdabang.com/html/menu_view.html,2026-10-04,,franchise-quality-v1,OFFICIAL_MENU_DETAIL,,,false,439A0D1866E90D6C66C7BD57496C8C46C81D22CF27DCDC29B4B844ABD246E3D0
official-quality-youngdabang-9886bcc1d24d,QUALITY-YOUNGDABANG-9886BCC1D24D,청년다방,어묵토핑,,,,,UNKNOWN,UNKNOWN,https://youngdabang.com/html/menu_view.html,2026-10-04,,franchise-quality-v1,OFFICIAL_MENU_DETAIL,,,false,439A0D1866E90D6C66C7BD57496C8C46C81D22CF27DCDC29B4B844ABD246E3D0
official-quality-youngdabang-99a961fe5451,QUALITY-YOUNGDABANG-99A961FE5451,청년다방,찰순대,떡볶이의 영원한 단짝! 쫀득쫀득한 찰순대,,,,PARTIAL_DESCRIPTION,UNKNOWN,https://youngdabang.com/html/menu_view.html,2026-10-04,,franchise-quality-v1,OFFICIAL_MENU_DETAIL,,,false,364F8B764B233CCBDDE83D33AE1AEFC44AABCA7DE10486BDBB3234556E46B07A
official-quality-youngdabang-a157118ae758,QUALITY-YOUNGDABANG-A157118AE758,청년다방,튀김만두,,,,,UNKNOWN,UNKNOWN,https://youngdabang.com/html/menu_view.html,2026-10-04,,franchise-quality-v1,OFFICIAL_MENU_DETAIL,,,false,BB8E74E70854DD484115CDAEBFC165FA3E5E0F97F02334706284F759A9C98613
official-quality-youngdabang-aa206856ae16,QUALITY-YOUNGDABANG-AA206856AE16,청년다방,참치마요컵밥,참치&마요의 근본 조합! 참치마요!,참치,,,PARTIAL_DESCRIPTION,UNKNOWN,https://youngdabang.com/html/menu_view.html,2026-10-04,,franchise-quality-v1,OFFICIAL_MENU_DETAIL,,,false,364F8B764B233CCBDDE83D33AE1AEFC44AABCA7DE10486BDBB3234556E46B07A
official-quality-youngdabang-b303712b8e72,QUALITY-YOUNGDABANG-B303712B8E72,청년다방,치즈 돈가스,고소한 100% 자연치즈를 사용한 치즈돈가스,치즈,,,PARTIAL_DESCRIPTION,UNKNOWN,https://youngdabang.com/html/menu_view.html,2026-10-04,,franchise-quality-v1,OFFICIAL_MENU_DETAIL,,,false,6B9C9B93AF7FB57F947ABAD114DBD65A4FD1E496A9F3334BAF2B8DBE0DCC5272
official-quality-youngdabang-b8c2716272f2,QUALITY-YOUNGDABANG-B8C2716272F2,청년다방,통통순살치킨,감자칩과 함께 즐기는 바삭한 순살치킨!,감자,,,PARTIAL_DESCRIPTION,UNKNOWN,https://youngdabang.com/html/menu_view.html,2026-10-04,,franchise-quality-v1,OFFICIAL_MENU_DETAIL,,,false,364F8B764B233CCBDDE83D33AE1AEFC44AABCA7DE10486BDBB3234556E46B07A
official-quality-youngdabang-b9a5d0322881,QUALITY-YOUNGDABANG-B9A5D0322881,청년다방,고구마튀김,,,,,UNKNOWN,UNKNOWN,https://youngdabang.com/html/menu_view.html,2026-10-04,,franchise-quality-v1,OFFICIAL_MENU_DETAIL,,,false,BB8E74E70854DD484115CDAEBFC165FA3E5E0F97F02334706284F759A9C98613
official-quality-youngdabang-c07a24dc2433,QUALITY-YOUNGDABANG-C07A24DC2433,청년다방,메추리알,,,,,UNKNOWN,UNKNOWN,https://youngdabang.com/html/menu_view.html,2026-10-04,,franchise-quality-v1,OFFICIAL_MENU_DETAIL,,,false,439A0D1866E90D6C66C7BD57496C8C46C81D22CF27DCDC29B4B844ABD246E3D0
official-quality-youngdabang-c19467b2db1c,QUALITY-YOUNGDABANG-C19467B2DB1C,청년다방,쫄면토핑,,,,,UNKNOWN,UNKNOWN,https://youngdabang.com/html/menu_view.html,2026-10-04,,franchise-quality-v1,OFFICIAL_MENU_DETAIL,,,false,439A0D1866E90D6C66C7BD57496C8C46C81D22CF27DCDC29B4B844ABD246E3D0
official-quality-youngdabang-c2bee6d770e5,QUALITY-YOUNGDABANG-C2BEE6D770E5,청년다방,차새대떡볶이,기막히고 코막히는 명품 즉석 떡볶이 청년다방의 차새대 떡볶이,,,,PARTIAL_DESCRIPTION,UNKNOWN,https://youngdabang.com/html/menu_view.html,2026-10-04,,franchise-quality-v1,OFFICIAL_MENU_DETAIL,,,false,A6F9A856B408106AADEE60E379328215DBBF1A8993A5A27B183CF2650AC1AF68
official-quality-youngdabang-c61e3be29e68,QUALITY-YOUNGDABANG-C61E3BE29E68,청년다방,치즈폭포떡볶이,기막히고 코막히는 명품 즉석 떡볶이 청년다방의 치즈폭포떡볶이,치즈,,,PARTIAL_DESCRIPTION,UNKNOWN,https://youngdabang.com/html/menu_view.html,2026-10-04,,franchise-quality-v1,OFFICIAL_MENU_DETAIL,,,false,8BFE6B0E85288C99C251E0BD2E38D85C14D0C42E3D6100E4BB0398D033A82789
official-quality-youngdabang-cef34db63216,QUALITY-YOUNGDABANG-CEF34DB63216,청년다방,오짱토핑,,,,,UNKNOWN,UNKNOWN,https://youngdabang.com/html/menu_view.html,2026-10-04,,franchise-quality-v1,OFFICIAL_MENU_DETAIL,,,false,439A0D1866E90D6C66C7BD57496C8C46C81D22CF27DCDC29B4B844ABD246E3D0
official-quality-youngdabang-cf2eb1e941e5,QUALITY-YOUNGDABANG-CF2EB1E941E5,청년다방,치즈밥,엔젤치즈로 한번 더! 진짜 치즈 볶음밥,치즈,,,PARTIAL_DESCRIPTION,UNKNOWN,https://youngdabang.com/html/menu_view.html,2026-10-04,,franchise-quality-v1,OFFICIAL_MENU_DETAIL,,,false,364F8B764B233CCBDDE83D33AE1AEFC44AABCA7DE10486BDBB3234556E46B07A
official-quality-youngdabang-da3be9b40d29,QUALITY-YOUNGDABANG-DA3BE9B40D29,청년다방,크림차돌 떡볶이,기막히고 코막히는 명품 즉석 떡볶이 청년다방의 크림차돌 떡볶이,차돌|크림,,,PARTIAL_DESCRIPTION,UNKNOWN,https://youngdabang.com/html/menu_view.html,2026-10-04,,franchise-quality-v1,OFFICIAL_MENU_DETAIL,,,false,1A7CBAEC73D75C86BD8C336CA4065F79E2D810444D22C2C7271E09E03D0AD083
official-quality-youngdabang-de3f3216563f,QUALITY-YOUNGDABANG-DE3F3216563F,청년다방,스파이시 돈가스,캡사이신 0% 화끈한 매운맛,,,,PARTIAL_DESCRIPTION,UNKNOWN,https://youngdabang.com/html/menu_view.html,2026-10-04,,franchise-quality-v1,OFFICIAL_MENU_DETAIL,,,false,6B9C9B93AF7FB57F947ABAD114DBD65A4FD1E496A9F3334BAF2B8DBE0DCC5272
official-quality-youngdabang-debf0a4956af,QUALITY-YOUNGDABANG-DEBF0A4956AF,청년다방,말차 버터갈릭 감자튀김,말차 버터갈릭소스와 감자튀김의 환상 조화,감자,,,PARTIAL_DESCRIPTION,UNKNOWN,https://youngdabang.com/html/menu_view.html,2026-10-04,,franchise-quality-v1,OFFICIAL_MENU_DETAIL,,,false,364F8B764B233CCBDDE83D33AE1AEFC44AABCA7DE10486BDBB3234556E46B07A
official-quality-youngdabang-e2cd038f3d19,QUALITY-YOUNGDABANG-E2CD038F3D19,청년다방,김가루주먹밥,고소한 김가루로 꽉 채운 주먹밥,,,,PARTIAL_DESCRIPTION,UNKNOWN,https://youngdabang.com/html/menu_view.html,2026-10-04,,franchise-quality-v1,OFFICIAL_MENU_DETAIL,,,false,364F8B764B233CCBDDE83D33AE1AEFC44AABCA7DE10486BDBB3234556E46B07A
official-quality-youngdabang-e2fa0a2069f3,QUALITY-YOUNGDABANG-E2FA0A2069F3,청년다방,마라로제떡볶이,기막히고 코막히는 명품 즉석 떡볶이 청년다방의 마라로제떡볶이,,,,PARTIAL_DESCRIPTION,UNKNOWN,https://youngdabang.com/html/menu_view.html,2026-10-04,,franchise-quality-v1,OFFICIAL_MENU_DETAIL,,,false,EF1C9396E9BD5D60522D03D1B970D0369BEEC275C3BB8291027A2B789ABAE5C1
official-quality-youngdabang-e30baee88b10,QUALITY-YOUNGDABANG-E30BAEE88B10,청년다방,새우토핑,,,,,UNKNOWN,UNKNOWN,https://youngdabang.com/html/menu_view.html,2026-10-04,,franchise-quality-v1,OFFICIAL_MENU_DETAIL,,,false,439A0D1866E90D6C66C7BD57496C8C46C81D22CF27DCDC29B4B844ABD246E3D0
official-quality-youngdabang-e318f88df30a,QUALITY-YOUNGDABANG-E318F88DF30A,청년다방,엔젤치즈,,,,,UNKNOWN,UNKNOWN,https://youngdabang.com/html/menu_view.html,2026-10-04,,franchise-quality-v1,OFFICIAL_MENU_DETAIL,,,false,439A0D1866E90D6C66C7BD57496C8C46C81D22CF27DCDC29B4B844ABD246E3D0
official-quality-youngdabang-f2ad3b947d36,QUALITY-YOUNGDABANG-F2AD3B947D36,청년다방,꼬지어묵탕,뜨끈한 꼬지 어묵탕,,,,PARTIAL_DESCRIPTION,UNKNOWN,https://youngdabang.com/html/menu_view.html,2026-10-04,,franchise-quality-v1,OFFICIAL_MENU_DETAIL,,,false,364F8B764B233CCBDDE83D33AE1AEFC44AABCA7DE10486BDBB3234556E46B07A
official-quality-yuksudang-010ddc28d631,QUALITY-YUKSUDANG-010DDC28D631,육수당,순두부국밥,,,,,UNKNOWN,UNKNOWN,https://yuksudang.com/board/index.php?board=menu_01&sca=2,2026-10-04,,franchise-quality-v1,OFFICIAL_MENU_DETAIL,,,false,8C050CC339CDC3545BFC28F1DDE45BF3EC1192C8DF6F9786E90EAA01524C24B9
official-quality-yuksudang-19832fe431c6,QUALITY-YUKSUDANG-19832FE431C6,육수당,물막국수,,,,,UNKNOWN,UNKNOWN,https://yuksudang.com/board/index.php?board=menu_01&sca=2,2026-10-04,,franchise-quality-v1,OFFICIAL_MENU_DETAIL,,,false,8C050CC339CDC3545BFC28F1DDE45BF3EC1192C8DF6F9786E90EAA01524C24B9
official-quality-yuksudang-20a0cde12aef,QUALITY-YUKSUDANG-20A0CDE12AEF,육수당,부대국밥,,,,,UNKNOWN,UNKNOWN,https://yuksudang.com/board/index.php?board=menu_01&sca=2,2026-10-04,,franchise-quality-v1,OFFICIAL_MENU_DETAIL,,,false,8C050CC339CDC3545BFC28F1DDE45BF3EC1192C8DF6F9786E90EAA01524C24B9
official-quality-yuksudang-22f93aa82225,QUALITY-YUKSUDANG-22F93AA82225,육수당,수육,,,,,UNKNOWN,UNKNOWN,https://yuksudang.com/board/index.php?board=menu_01&sca=5,2026-10-04,,franchise-quality-v1,OFFICIAL_MENU_DETAIL,,,false,B811B6A54496FF2DD0FBE9BD4A944BC787D9A47A280955110460E4E55AF4F98C
official-quality-yuksudang-394aa47402e5,QUALITY-YUKSUDANG-394AA47402E5,육수당,소양곰탕,,,,,UNKNOWN,UNKNOWN,https://yuksudang.com/board/index.php?board=menu_01&sca=2,2026-10-04,,franchise-quality-v1,OFFICIAL_MENU_DETAIL,,,false,8C050CC339CDC3545BFC28F1DDE45BF3EC1192C8DF6F9786E90EAA01524C24B9
official-quality-yuksudang-52e5a8a0c82f,QUALITY-YUKSUDANG-52E5A8A0C82F,육수당,뼈해장국,,,,,UNKNOWN,UNKNOWN,https://yuksudang.com/board/index.php?board=menu_01&sca=2,2026-10-04,,franchise-quality-v1,OFFICIAL_MENU_DETAIL,,,false,8C050CC339CDC3545BFC28F1DDE45BF3EC1192C8DF6F9786E90EAA01524C24B9
official-quality-yuksudang-57a19eae8737,QUALITY-YUKSUDANG-57A19EAE8737,육수당,순대국밥,,,,,UNKNOWN,UNKNOWN,https://yuksudang.com/board/index.php?board=menu_01&sca=2,2026-10-04,,franchise-quality-v1,OFFICIAL_MENU_DETAIL,,,false,8C050CC339CDC3545BFC28F1DDE45BF3EC1192C8DF6F9786E90EAA01524C24B9
official-quality-yuksudang-7614a495868d,QUALITY-YUKSUDANG-7614A495868D,육수당,부대찌개,,,,,UNKNOWN,UNKNOWN,https://yuksudang.com/board/index.php?board=menu_01&sca=6,2026-10-04,,franchise-quality-v1,OFFICIAL_MENU_DETAIL,,,false,254A4BC4B979498242C0AC9C643EF86F8F91A46BBCB68C56591912D63E6E8D30
official-quality-yuksudang-7dad2fa509c8,QUALITY-YUKSUDANG-7DAD2FA509C8,육수당,비빔막국수,,,,,UNKNOWN,UNKNOWN,https://yuksudang.com/board/index.php?board=menu_01&sca=2,2026-10-04,,franchise-quality-v1,OFFICIAL_MENU_DETAIL,,,false,8C050CC339CDC3545BFC28F1DDE45BF3EC1192C8DF6F9786E90EAA01524C24B9
official-quality-yuksudang-8ac8aa9e05fa,QUALITY-YUKSUDANG-8AC8AA9E05FA,육수당,갈비만두,,,,,UNKNOWN,UNKNOWN,https://yuksudang.com/board/index.php?board=menu_01&sca=5,2026-10-04,,franchise-quality-v1,OFFICIAL_MENU_DETAIL,,,false,B811B6A54496FF2DD0FBE9BD4A944BC787D9A47A280955110460E4E55AF4F98C
official-quality-yuksudang-9ed3613568dd,QUALITY-YUKSUDANG-9ED3613568DD,육수당,수만두,,,,,UNKNOWN,UNKNOWN,https://yuksudang.com/board/index.php?board=menu_01&sca=5,2026-10-04,,franchise-quality-v1,OFFICIAL_MENU_DETAIL,,,false,B811B6A54496FF2DD0FBE9BD4A944BC787D9A47A280955110460E4E55AF4F98C
official-quality-yuksudang-a81f939374ea,QUALITY-YUKSUDANG-A81F939374EA,육수당,반계탕,,,,,UNKNOWN,UNKNOWN,https://yuksudang.com/board/index.php?board=menu_01&sca=2,2026-10-04,,franchise-quality-v1,OFFICIAL_MENU_DETAIL,,,false,8C050CC339CDC3545BFC28F1DDE45BF3EC1192C8DF6F9786E90EAA01524C24B9
official-quality-yuksudang-abdcf2715e64,QUALITY-YUKSUDANG-ABDCF2715E64,육수당,소곱창전골,,,,,UNKNOWN,UNKNOWN,https://yuksudang.com/board/index.php?board=menu_01&sca=6,2026-10-04,,franchise-quality-v1,OFFICIAL_MENU_DETAIL,,,false,254A4BC4B979498242C0AC9C643EF86F8F91A46BBCB68C56591912D63E6E8D30
official-quality-yuksudang-b29a1693105b,QUALITY-YUKSUDANG-B29A1693105B,육수당,콩나물국밥,,,,,UNKNOWN,UNKNOWN,https://yuksudang.com/board/index.php?board=menu_01&sca=2,2026-10-04,,franchise-quality-v1,OFFICIAL_MENU_DETAIL,,,false,8C050CC339CDC3545BFC28F1DDE45BF3EC1192C8DF6F9786E90EAA01524C24B9
official-quality-yuksudang-ca6eab077df9,QUALITY-YUKSUDANG-CA6EAB077DF9,육수당,육개장,,,,,UNKNOWN,UNKNOWN,https://yuksudang.com/board/index.php?board=menu_01&sca=2,2026-10-04,,franchise-quality-v1,OFFICIAL_MENU_DETAIL,,,false,8C050CC339CDC3545BFC28F1DDE45BF3EC1192C8DF6F9786E90EAA01524C24B9
official-quality-yuksudang-cdb642044295,QUALITY-YUKSUDANG-CDB642044295,육수당,수육국밥,,,,,UNKNOWN,UNKNOWN,https://yuksudang.com/board/index.php?board=menu_01&sca=2,2026-10-04,,franchise-quality-v1,OFFICIAL_MENU_DETAIL,,,false,8C050CC339CDC3545BFC28F1DDE45BF3EC1192C8DF6F9786E90EAA01524C24B9
official-quality-yuksudang-dcf82d5dfacf,QUALITY-YUKSUDANG-DCF82D5DFACF,육수당,순대전골,,,,,UNKNOWN,UNKNOWN,https://yuksudang.com/board/index.php?board=menu_01&sca=6,2026-10-04,,franchise-quality-v1,OFFICIAL_MENU_DETAIL,,,false,254A4BC4B979498242C0AC9C643EF86F8F91A46BBCB68C56591912D63E6E8D30
official-quality-yuksudang-f048787ad1ca,QUALITY-YUKSUDANG-F048787AD1CA,육수당,얼큰 국밥,,,,,UNKNOWN,UNKNOWN,https://yuksudang.com/board/index.php?board=menu_01&sca=2,2026-10-04,,franchise-quality-v1,OFFICIAL_MENU_DETAIL,,,false,8C050CC339CDC3545BFC28F1DDE45BF3EC1192C8DF6F9786E90EAA01524C24B9
official-quality-yuksudang-fc5d0e26e2bd,QUALITY-YUKSUDANG-FC5D0E26E2BD,육수당,순대,,,,,UNKNOWN,UNKNOWN,https://yuksudang.com/board/index.php?board=menu_01&sca=5,2026-10-04,,franchise-quality-v1,OFFICIAL_MENU_DETAIL,,,false,B811B6A54496FF2DD0FBE9BD4A944BC787D9A47A280955110460E4E55AF4F98C
