id,brand,name,sourceFoodCode,sourceUrl,sourceDate,verifiedAt,saleState,energyKcal,servingAmount,servingUnit
official-quality-bongchu-11fae3c79a32,봉추찜닭,두가지치즈,QUALITY-BONGCHU-11FAE3C79A32,http://www.bongchu.com/layout/res/home.php?go=page1.0&mid=10,,2026-10-04,CURRENT_MENU_LISTED,,,
official-quality-bongchu-23b74cf4b92e,봉추찜닭,떡토핑,QUALITY-BONGCHU-23B74CF4B92E,http://www.bongchu.com/layout/res/home.php?go=page1.0&mid=10,,2026-10-04,CURRENT_MENU_LISTED,,,
official-quality-bongchu-2fcb97141dcf,봉추찜닭,누룽지,QUALITY-BONGCHU-2FCB97141DCF,http://www.bongchu.com/layout/res/home.php?go=page1.0&mid=10,,2026-10-04,CURRENT_MENU_LISTED,,,
official-quality-bongchu-4fbb98548f35,봉추찜닭,닭매운탕,QUALITY-BONGCHU-4FBB98548F35,http://www.bongchu.com/layout/res/home.php?go=page1.0&mid=10,,2026-10-04,CURRENT_MENU_LISTED,,,
official-quality-bongchu-6517012fdf09,봉추찜닭,삼계죽,QUALITY-BONGCHU-6517012FDF09,http://www.bongchu.com/layout/res/home.php?go=page1.0&mid=10,,2026-10-04,CURRENT_MENU_LISTED,,,
official-quality-bongchu-9bbe44a999e4,봉추찜닭,봉추찜닭,QUALITY-BONGCHU-9BBE44A999E4,http://www.bongchu.com/layout/res/home.php?go=page1.0&mid=10,,2026-10-04,CURRENT_MENU_LISTED,,,
official-quality-bongchu-f109a3718e71,봉추찜닭,뼈없는찜닭,QUALITY-BONGCHU-F109A3718E71,http://www.bongchu.com/layout/res/home.php?go=page1.0&mid=10,,2026-10-04,CURRENT_MENU_LISTED,,,
official-quality-chaesundang-008144699c08,채선당,냉메밀 샤브샤브,QUALITY-CHAESUNDANG-008144699C08,https://www.chaesundang.co.kr/images/menu1_15.jpg,,2026-10-04,CURRENT_MENU_LISTED,,,
official-quality-chaesundang-0664cf3aed81,채선당,열무국수,QUALITY-CHAESUNDANG-0664CF3AED81,https://www.chaesundang.co.kr/images/menu1_17.jpg,,2026-10-04,CURRENT_MENU_LISTED,,,
official-quality-chaesundang-07d30b3efd29,채선당,케이준 치킨샐러드,QUALITY-CHAESUNDANG-07D30B3EFD29,https://www.chaesundang.co.kr/images/menu1_22.jpg,,2026-10-04,CURRENT_MENU_LISTED,,,
official-quality-chaesundang-15d9fd97c03e,채선당,한방모듬찜샤브,QUALITY-CHAESUNDANG-15D9FD97C03E,https://www.chaesundang.co.kr/images/menu1_14.jpg,,2026-10-04,CURRENT_MENU_LISTED,,,
official-quality-chaesundang-19b176949c19,채선당,국물떡볶이,QUALITY-CHAESUNDANG-19B176949C19,https://www.chaesundang.co.kr/images/menu1_28.jpg,,2026-10-04,CURRENT_MENU_LISTED,,,
official-quality-chaesundang-2c4ab816a004,채선당,웰빙 B(매운버섯),QUALITY-CHAESUNDANG-2C4AB816A004,https://www.chaesundang.co.kr/images/menu1_2.jpg,,2026-10-04,CURRENT_MENU_LISTED,,,
official-quality-chaesundang-47edfe5e9982,채선당,치즈 돈까스,QUALITY-CHAESUNDANG-47EDFE5E9982,https://www.chaesundang.co.kr/images/menu1_23.jpg,,2026-10-04,CURRENT_MENU_LISTED,,,
official-quality-chaesundang-5266101f1a15,채선당,너비아니구이,QUALITY-CHAESUNDANG-5266101F1A15,https://www.chaesundang.co.kr/images/menu1_26.jpg,,2026-10-04,CURRENT_MENU_LISTED,,,
official-quality-chaesundang-5ea1bcb2b010,채선당,한방 삼계샤브,QUALITY-CHAESUNDANG-5EA1BCB2B010,https://www.chaesundang.co.kr/images/menu1_19.jpg,,2026-10-04,CURRENT_MENU_LISTED,,,
official-quality-chaesundang-61bf8aa1ac73,채선당,웰빙 C(월남쌈),QUALITY-CHAESUNDANG-61BF8AA1AC73,https://www.chaesundang.co.kr/images/menu1_3.jpg,,2026-10-04,CURRENT_MENU_LISTED,,,
official-quality-chaesundang-6e2c64d487d2,채선당,소고기 샤브샤브,QUALITY-CHAESUNDANG-6E2C64D487D2,https://www.chaesundang.co.kr/images/menu1_5.jpg,,2026-10-04,CURRENT_MENU_LISTED,,,
official-quality-chaesundang-75fa6ed1aabe,채선당,스페셜 샤브샤브,QUALITY-CHAESUNDANG-75FA6ED1AABE,https://www.chaesundang.co.kr/images/menu1_6.jpg,,2026-10-04,CURRENT_MENU_LISTED,,,
official-quality-chaesundang-7d0c7048d66f,채선당,문어샤브,QUALITY-CHAESUNDANG-7D0C7048D66F,https://www.chaesundang.co.kr/images/menu1_13.jpg,,2026-10-04,CURRENT_MENU_LISTED,,,
official-quality-chaesundang-7f81b4298d75,채선당,치즈고구마 고로케,QUALITY-CHAESUNDANG-7F81B4298D75,https://www.chaesundang.co.kr/images/menu1_25.jpg,,2026-10-04,CURRENT_MENU_LISTED,,,
official-quality-chaesundang-82a1a2dceede,채선당,월남쌈 샤브샤브,QUALITY-CHAESUNDANG-82A1A2DCEEDE,https://www.chaesundang.co.kr/images/menu1_10.jpg,,2026-10-04,CURRENT_MENU_LISTED,,,
official-quality-chaesundang-8b3c408fe170,채선당,고추 잡채 납작군만두,QUALITY-CHAESUNDANG-8B3C408FE170,https://www.chaesundang.co.kr/images/menu1_24.jpg,,2026-10-04,CURRENT_MENU_LISTED,,,
official-quality-chaesundang-903dd609acb0,채선당,모듬샤브샤브(스페셜 소고기+해물),QUALITY-CHAESUNDANG-903DD609ACB0,https://www.chaesundang.co.kr/images/menu1_8.jpg,,2026-10-04,CURRENT_MENU_LISTED,,,
official-quality-chaesundang-92c949645942,채선당,능이버섯 삼계샤브,QUALITY-CHAESUNDANG-92C949645942,https://www.chaesundang.co.kr/images/menu1_18.jpg,,2026-10-04,CURRENT_MENU_LISTED,,,
official-quality-chaesundang-9d0139cd92d2,채선당,해물 샤브샤브,QUALITY-CHAESUNDANG-9D0139CD92D2,https://www.chaesundang.co.kr/images/menu1_9.jpg,,2026-10-04,CURRENT_MENU_LISTED,,,
official-quality-chaesundang-a048d3273ae4,채선당,매운버섯 샤브샤브,QUALITY-CHAESUNDANG-A048D3273AE4,https://www.chaesundang.co.kr/images/menu1_11.jpg,,2026-10-04,CURRENT_MENU_LISTED,,,
official-quality-chaesundang-ab5d7f8ae662,채선당,새우샐러드,QUALITY-CHAESUNDANG-AB5D7F8AE662,https://www.chaesundang.co.kr/images/menu1_21.jpg,,2026-10-04,CURRENT_MENU_LISTED,,,
official-quality-chaesundang-aea8697750f4,채선당,비빔 냉메밀,QUALITY-CHAESUNDANG-AEA8697750F4,https://www.chaesundang.co.kr/images/menu1_16.jpg,,2026-10-04,CURRENT_MENU_LISTED,,,
official-quality-chaesundang-b09f74e5f367,채선당,웰빙 A(소고기),QUALITY-CHAESUNDANG-B09F74E5F367,https://www.chaesundang.co.kr/images/menu1_1.jpg,,2026-10-04,CURRENT_MENU_LISTED,,,
official-quality-chaesundang-bb72cff40fa7,채선당,냉메밀,QUALITY-CHAESUNDANG-BB72CFF40FA7,https://www.chaesundang.co.kr/images/menu1_16.jpg,,2026-10-04,CURRENT_MENU_LISTED,,,
official-quality-chaesundang-bb961470b483,채선당,한우 육회,QUALITY-CHAESUNDANG-BB961470B483,https://www.chaesundang.co.kr/images/menu1_27.jpg,,2026-10-04,CURRENT_MENU_LISTED,,,
official-quality-chaesundang-bd72e6229525,채선당,불고기 전골,QUALITY-CHAESUNDANG-BD72E6229525,https://www.chaesundang.co.kr/images/menu1_12.jpg,,2026-10-04,CURRENT_MENU_LISTED,,,
official-quality-chaesundang-cfcf30adb95b,채선당,해물파전,QUALITY-CHAESUNDANG-CFCF30ADB95B,https://www.chaesundang.co.kr/images/menu1_20.jpg,,2026-10-04,CURRENT_MENU_LISTED,,,
official-quality-chaesundang-eb551751f8c5,채선당,한우 샤브샤브,QUALITY-CHAESUNDANG-EB551751F8C5,https://www.chaesundang.co.kr/images/menu1_7.jpg,,2026-10-04,CURRENT_MENU_LISTED,,,
official-quality-chaesundang-eb6e1f05d6ac,채선당,웰빙 D(한우),QUALITY-CHAESUNDANG-EB6E1F05D6AC,https://www.chaesundang.co.kr/images/menu1_4.jpg,,2026-10-04,CURRENT_MENU_LISTED,,,
official-quality-chunli-62dd601ecc58,춘리마라탕,가맹문의 1688-5938,QUALITY-CHUNLI-62DD601ECC58,https://chunlimalatang.com/menu/,2026-09-11,2026-10-04,CURRENT_MENU_LISTED,,,
official-quality-chunli-86b69b02eba6,춘리마라탕,마라탕,QUALITY-CHUNLI-86B69B02EBA6,https://chunlimalatang.com/menu/,2026-09-11,2026-10-04,CURRENT_MENU_LISTED,,,
official-quality-chunli-e1687e220051,춘리마라탕,꿔바로우,QUALITY-CHUNLI-E1687E220051,https://chunlimalatang.com/menu/,2026-09-11,2026-10-04,CURRENT_MENU_LISTED,,,
official-quality-chunli-e384e84cc419,춘리마라탕,마라샹궈,QUALITY-CHUNLI-E384E84CC419,https://chunlimalatang.com/menu/,2026-09-11,2026-10-04,CURRENT_MENU_LISTED,,,
official-quality-dookki-16e8024ce558,두끼,크림 카레 떡볶이,QUALITY-DOOKKI-16E8024CE558,https://www.dookki.co.kr/menu/trend,,2026-10-04,CURRENT_MENU_LISTED,,,
official-quality-dookki-2d85df565d73,두끼,까르보나라 떡볶이,QUALITY-DOOKKI-2D85DF565D73,https://www.dookki.co.kr/menu/trend,,2026-10-04,CURRENT_MENU_LISTED,,,
official-quality-dookki-81bb747a515d,두끼,욕망 떡볶이,QUALITY-DOOKKI-81BB747A515D,https://www.dookki.co.kr/menu/trend,,2026-10-04,CURRENT_MENU_LISTED,,,
official-quality-dookki-9caffbebadcb,두끼,몰래 먹는 마라샹궈,QUALITY-DOOKKI-9CAFFBEBADCB,https://www.dookki.co.kr/menu/trend,,2026-10-04,CURRENT_MENU_LISTED,,,
official-quality-dookki-b9f9cdded4e3,두끼,매콤 빨간 어묵,QUALITY-DOOKKI-B9F9CDDED4E3,https://www.dookki.co.kr/menu/trend,,2026-10-04,CURRENT_MENU_LISTED,,,
official-quality-dookki-e10dcba78a86,두끼,태국 스트릿 팟타이,QUALITY-DOOKKI-E10DCBA78A86,https://www.dookki.co.kr/menu/trend,,2026-10-04,CURRENT_MENU_LISTED,,,
official-quality-ebiga-0ac68547816b,이비가짬뽕,고기짬뽕,QUALITY-EBIGA-0AC68547816B,https://www.ebiga.co.kr/page/sub2_2.php,,2026-10-04,CURRENT_MENU_LISTED,,,
official-quality-ebiga-1782a7fadd00,이비가짬뽕,해물볶음,QUALITY-EBIGA-1782A7FADD00,https://www.ebiga.co.kr/page/sub2_3.php,,2026-10-04,CURRENT_MENU_LISTED,,,
official-quality-ebiga-178c2e5969cc,이비가짬뽕,마라짬뽕,QUALITY-EBIGA-178C2E5969CC,https://www.ebiga.co.kr/page/sub2_2.php,,2026-10-04,CURRENT_MENU_LISTED,,,
official-quality-ebiga-2065eb52c7c8,이비가짬뽕,한우라이스,QUALITY-EBIGA-2065EB52C7C8,https://www.ebiga.co.kr/page/sub2_2.php,,2026-10-04,CURRENT_MENU_LISTED,,,
official-quality-ebiga-24065b1018b7,이비가짬뽕,우삼겹백짬뽕,QUALITY-EBIGA-24065B1018B7,https://www.ebiga.co.kr/page/sub2_2.php,,2026-10-04,CURRENT_MENU_LISTED,,,
official-quality-ebiga-32d30f755ad9,이비가짬뽕,깐풍기,QUALITY-EBIGA-32D30F755AD9,https://www.ebiga.co.kr/page/sub2_3.php,,2026-10-04,CURRENT_MENU_LISTED,,,
official-quality-ebiga-388abda9273d,이비가짬뽕,탕수육,QUALITY-EBIGA-388ABDA9273D,https://www.ebiga.co.kr/page/sub2_3.php,,2026-10-04,CURRENT_MENU_LISTED,,,
official-quality-ebiga-5a7aafc56f8c,이비가짬뽕,매콤로제짬뽕,QUALITY-EBIGA-5A7AAFC56F8C,https://www.ebiga.co.kr/page/sub2_2.php,,2026-10-04,CURRENT_MENU_LISTED,,,
official-quality-ebiga-5f4ad33ee92f,이비가짬뽕,볶음짬뽕,QUALITY-EBIGA-5F4AD33EE92F,https://www.ebiga.co.kr/page/sub2_2.php,,2026-10-04,CURRENT_MENU_LISTED,,,
official-quality-ebiga-67576bc9d4ec,이비가짬뽕,짬뽕탕,QUALITY-EBIGA-67576BC9D4EC,https://www.ebiga.co.kr/page/sub2_3.php,,2026-10-04,CURRENT_MENU_LISTED,,,
official-quality-ebiga-6e5159f2588e,이비가짬뽕,국민짬뽕,QUALITY-EBIGA-6E5159F2588E,https://www.ebiga.co.kr/page/sub2_2.php,,2026-10-04,CURRENT_MENU_LISTED,,,
official-quality-ebiga-772e67d7089c,이비가짬뽕,한우짜장,QUALITY-EBIGA-772E67D7089C,https://www.ebiga.co.kr/page/sub2_2.php,,2026-10-04,CURRENT_MENU_LISTED,,,
official-quality-ebiga-8848ee33e147,이비가짬뽕,튀김꽃빵,QUALITY-EBIGA-8848EE33E147,https://www.ebiga.co.kr/page/sub2_3.php,,2026-10-04,CURRENT_MENU_LISTED,,,
official-quality-ebiga-8b8e02a59f7a,이비가짬뽕,유린기,QUALITY-EBIGA-8B8E02A59F7A,https://www.ebiga.co.kr/page/sub2_3.php,,2026-10-04,CURRENT_MENU_LISTED,,,
official-quality-ebiga-98d0269278f5,이비가짬뽕,이비가짬뽕,QUALITY-EBIGA-98D0269278F5,https://www.ebiga.co.kr/page/sub2_2.php,,2026-10-04,CURRENT_MENU_LISTED,,,
official-quality-ebiga-9b73a34f2f13,이비가짬뽕,백짬뽕,QUALITY-EBIGA-9B73A34F2F13,https://www.ebiga.co.kr/page/sub2_2.php,,2026-10-04,CURRENT_MENU_LISTED,,,
official-quality-ebiga-9d5c0b18329b,이비가짬뽕,우삼겹짬뽕,QUALITY-EBIGA-9D5C0B18329B,https://www.ebiga.co.kr/page/sub2_2.php,,2026-10-04,CURRENT_MENU_LISTED,,,
official-quality-ebiga-9de1b2c9732c,이비가짬뽕,깐풍새우닭,QUALITY-EBIGA-9DE1B2C9732C,https://www.ebiga.co.kr/page/sub2_3.php,,2026-10-04,CURRENT_MENU_LISTED,,,
official-quality-ebiga-d25ed847007f,이비가짬뽕,고추만두,QUALITY-EBIGA-D25ED847007F,https://www.ebiga.co.kr/page/sub2_3.php,,2026-10-04,CURRENT_MENU_LISTED,,,
official-quality-ebiga-e47557bad242,이비가짬뽕,깐풍새우,QUALITY-EBIGA-E47557BAD242,https://www.ebiga.co.kr/page/sub2_3.php,,2026-10-04,CURRENT_MENU_LISTED,,,
official-quality-ebiga-f96e6a487273,이비가짬뽕,국민짜장,QUALITY-EBIGA-F96E6A487273,https://www.ebiga.co.kr/page/sub2_2.php,,2026-10-04,CURRENT_MENU_LISTED,,,
official-quality-eggdrop-01e529639d5f,에그드랍,밀크 초콜릿 (ICE/HOT),QUALITY-EGGDROP-01E529639D5F,https://eggdrop.com/menu/view.php?seq=304,,2026-10-04,CURRENT_MENU_LISTED,,,
official-quality-eggdrop-08d9d6701416,에그드랍,스팸 치즈 에그 샌드위치,QUALITY-EGGDROP-08D9D6701416,https://eggdrop.com/menu/view.php?seq=272,,2026-10-04,CURRENT_MENU_LISTED,,,
official-quality-eggdrop-09f3e1b3e678,에그드랍,신선한 우유 (ICE/HOT),QUALITY-EGGDROP-09F3E1B3E678,https://eggdrop.com/menu/view.php?seq=303,,2026-10-04,CURRENT_MENU_LISTED,,,
official-quality-eggdrop-0d9e1b3f48f4,에그드랍,반했드랍 반숙란,QUALITY-EGGDROP-0D9E1B3F48F4,https://eggdrop.com/menu/view.php?seq=146,,2026-10-04,CURRENT_MENU_LISTED,,,
official-quality-eggdrop-14c7c0a10d30,에그드랍,100% 착즙 오렌지 주스,QUALITY-EGGDROP-14C7C0A10D30,https://eggdrop.com/menu/view.php?seq=221,,2026-10-04,CURRENT_MENU_LISTED,,,
official-quality-eggdrop-15c3858d3689,에그드랍,딸기크림 프렌치 토스트,QUALITY-EGGDROP-15C3858D3689,https://eggdrop.com/menu/view.php?seq=247,,2026-10-04,CURRENT_MENU_LISTED,,,
official-quality-eggdrop-226864a5ceb9,에그드랍,카페라떼 (ICE/HOT),QUALITY-EGGDROP-226864A5CEB9,https://eggdrop.com/menu/view.php?seq=301,,2026-10-04,CURRENT_MENU_LISTED,,,
official-quality-eggdrop-231e7a3adfed,에그드랍,레몬 에이드,QUALITY-EGGDROP-231E7A3ADFED,https://eggdrop.com/menu/view.php?seq=306,,2026-10-04,CURRENT_MENU_LISTED,,,
official-quality-eggdrop-2436cc6027ff,에그드랍,브리오슈,QUALITY-EGGDROP-2436CC6027FF,https://eggdrop.com/menu/view.php?seq=225,,2026-10-04,CURRENT_MENU_LISTED,,,
official-quality-eggdrop-2bba407d69fa,에그드랍,아보가든 브런치 세트,QUALITY-EGGDROP-2BBA407D69FA,https://eggdrop.com/menu/view.php?seq=282,,2026-10-04,CURRENT_MENU_LISTED,,,
official-quality-eggdrop-2e1e5c304096,에그드랍,BLT 베이글,QUALITY-EGGDROP-2E1E5C304096,https://eggdrop.com/menu/view.php?seq=251,,2026-10-04,CURRENT_MENU_LISTED,,,
official-quality-eggdrop-2ea8caf34043,에그드랍,아보홀릭 세트,QUALITY-EGGDROP-2EA8CAF34043,https://eggdrop.com/menu/view.php?seq=189,,2026-10-04,CURRENT_MENU_LISTED,,,
official-quality-eggdrop-369e6ff5be88,에그드랍,아보가든 브런치,QUALITY-EGGDROP-369E6FF5BE88,https://eggdrop.com/menu/view.php?seq=279,,2026-10-04,CURRENT_MENU_LISTED,,,
official-quality-eggdrop-37beee356c57,에그드랍,베이컨 체다 해쉬브라운,QUALITY-EGGDROP-37BEEE356C57,https://eggdrop.com/menu/view.php?seq=173,,2026-10-04,CURRENT_MENU_LISTED,,,
official-quality-eggdrop-3826e1e36eb1,에그드랍,비프 앤 치즈 길거리 토스트 세트,QUALITY-EGGDROP-3826E1E36EB1,https://eggdrop.com/menu/view.php?seq=184,,2026-10-04,CURRENT_MENU_LISTED,,,
official-quality-eggdrop-3e70869be4a6,에그드랍,갈릭버터,QUALITY-EGGDROP-3E70869BE4A6,https://eggdrop.com/menu/view.php?seq=226,,2026-10-04,CURRENT_MENU_LISTED,,,
official-quality-eggdrop-40d7072c85f1,에그드랍,크림 치즈,QUALITY-EGGDROP-40D7072C85F1,https://eggdrop.com/menu/view.php?seq=298,,2026-10-04,CURRENT_MENU_LISTED,,,
official-quality-eggdrop-4109b32425ab,에그드랍,아메리카노 (ICE/HOT),QUALITY-EGGDROP-4109B32425AB,https://eggdrop.com/menu/view.php?seq=299,,2026-10-04,CURRENT_MENU_LISTED,,,
official-quality-eggdrop-43e63e996f2e,에그드랍,갈릭 베이컨 치즈 세트,QUALITY-EGGDROP-43E63E996F2E,https://eggdrop.com/menu/view.php?seq=191,,2026-10-04,CURRENT_MENU_LISTED,,,
official-quality-eggdrop-46b20bee0243,에그드랍,햄 치즈 베이글 세트,QUALITY-EGGDROP-46B20BEE0243,https://eggdrop.com/menu/view.php?seq=318,,2026-10-04,CURRENT_MENU_LISTED,,,
official-quality-eggdrop-4cabc5d9e0e1,에그드랍,아메리칸 브런치,QUALITY-EGGDROP-4CABC5D9E0E1,https://eggdrop.com/menu/view.php?seq=278,,2026-10-04,CURRENT_MENU_LISTED,,,
official-quality-eggdrop-4ebbdacd5da1,에그드랍,아보 베이컨 길거리 토스트 세트,QUALITY-EGGDROP-4EBBDACD5DA1,https://eggdrop.com/menu/view.php?seq=183,,2026-10-04,CURRENT_MENU_LISTED,,,
official-quality-eggdrop-5ad277c0afdd,에그드랍,햄 앤 치즈 길거리 토스트 세트,QUALITY-EGGDROP-5AD277C0AFDD,https://eggdrop.com/menu/view.php?seq=185,,2026-10-04,CURRENT_MENU_LISTED,,,
official-quality-eggdrop-5e5b377950cc,에그드랍,케일 사과주스,QUALITY-EGGDROP-5E5B377950CC,https://eggdrop.com/menu/view.php?seq=338,,2026-10-04,CURRENT_MENU_LISTED,,,
official-quality-eggdrop-60253165294c,에그드랍,바닐라라떼 (ICE/HOT),QUALITY-EGGDROP-60253165294C,https://eggdrop.com/menu/view.php?seq=302,,2026-10-04,CURRENT_MENU_LISTED,,,
official-quality-eggdrop-69904d8468bb,에그드랍,핑크딸기라떼,QUALITY-EGGDROP-69904D8468BB,https://eggdrop.com/menu/view.php?seq=242,,2026-10-04,CURRENT_MENU_LISTED,,,
official-quality-eggdrop-6d49bde6f603,에그드랍,클럽샌드위치,QUALITY-EGGDROP-6D49BDE6F603,https://eggdrop.com/menu/view.php?seq=142,,2026-10-04,CURRENT_MENU_LISTED,,,
official-quality-eggdrop-6f51583ec298,에그드랍,오렌지 썬라이즈,QUALITY-EGGDROP-6F51583EC298,https://eggdrop.com/menu/view.php?seq=222,,2026-10-04,CURRENT_MENU_LISTED,,,
official-quality-eggdrop-786cf9188c5f,에그드랍,샌드위치 & 해쉬 & 반했드랍 2인 세트,QUALITY-EGGDROP-786CF9188C5F,https://eggdrop.com/menu/view.php?seq=181,,2026-10-04,CURRENT_MENU_LISTED,,,
official-quality-eggdrop-7a742a089d58,에그드랍,베이컨 더블 치즈 세트,QUALITY-EGGDROP-7A742A089D58,https://eggdrop.com/menu/view.php?seq=193,,2026-10-04,CURRENT_MENU_LISTED,,,
official-quality-eggdrop-7bbfc8f3a566,에그드랍,햄 치즈 갈릭 샌드,QUALITY-EGGDROP-7BBFC8F3A566,https://eggdrop.com/menu/view.php?seq=245,,2026-10-04,CURRENT_MENU_LISTED,,,
official-quality-eggdrop-7e9aee518597,에그드랍,랜치 드레싱,QUALITY-EGGDROP-7E9AEE518597,https://eggdrop.com/menu/view.php?seq=297,,2026-10-04,CURRENT_MENU_LISTED,,,
official-quality-eggdrop-87b5540bca28,에그드랍,에그 햄 치즈 디럭스 세트,QUALITY-EGGDROP-87B5540BCA28,https://eggdrop.com/menu/view.php?seq=316,,2026-10-04,CURRENT_MENU_LISTED,,,
official-quality-eggdrop-8ef67be816d1,에그드랍,딸기피넛 샌드,QUALITY-EGGDROP-8EF67BE816D1,https://eggdrop.com/menu/view.php?seq=246,,2026-10-04,CURRENT_MENU_LISTED,,,
official-quality-eggdrop-900632d3a0e0,에그드랍,햄 앤 치즈 프렌치 토스트 세트,QUALITY-EGGDROP-900632D3A0E0,https://eggdrop.com/menu/view.php?seq=192,,2026-10-04,CURRENT_MENU_LISTED,,,
official-quality-eggdrop-906a477e8db0,에그드랍,미스터에그 세트,QUALITY-EGGDROP-906A477E8DB0,https://eggdrop.com/menu/view.php?seq=195,,2026-10-04,CURRENT_MENU_LISTED,,,
official-quality-eggdrop-98cd1086b440,에그드랍,비프 앤 치즈 길거리 토스트,QUALITY-EGGDROP-98CD1086B440,https://eggdrop.com/menu/view.php?seq=165,,2026-10-04,CURRENT_MENU_LISTED,,,
official-quality-eggdrop-9a4799f1eed8,에그드랍,비프 데리야끼 세트,QUALITY-EGGDROP-9A4799F1EED8,https://eggdrop.com/menu/view.php?seq=190,,2026-10-04,CURRENT_MENU_LISTED,,,
official-quality-eggdrop-9e21e2e655d5,에그드랍,굿모닝 브런치 세트,QUALITY-EGGDROP-9E21E2E655D5,https://eggdrop.com/menu/view.php?seq=280,,2026-10-04,CURRENT_MENU_LISTED,,,
official-quality-eggdrop-a277019abaf4,에그드랍,햄 치즈 베이글,QUALITY-EGGDROP-A277019ABAF4,https://eggdrop.com/menu/view.php?seq=250,,2026-10-04,CURRENT_MENU_LISTED,,,
official-quality-eggdrop-a4bcf30dbf01,에그드랍,100% 착즙 수박 주스,QUALITY-EGGDROP-A4BCF30DBF01,https://eggdrop.com/menu/view.php?seq=270,,2026-10-04,CURRENT_MENU_LISTED,,,
official-quality-eggdrop-aa199fafbb11,에그드랍,에그 BLT 디럭스 세트,QUALITY-EGGDROP-AA199FAFBB11,https://eggdrop.com/menu/view.php?seq=315,,2026-10-04,CURRENT_MENU_LISTED,,,
official-quality-eggdrop-acf958e8c14e,에그드랍,아보 베이컨 길거리 토스트,QUALITY-EGGDROP-ACF958E8C14E,https://eggdrop.com/menu/view.php?seq=166,,2026-10-04,CURRENT_MENU_LISTED,,,
official-quality-eggdrop-affed40e4678,에그드랍,해쉬브라운,QUALITY-EGGDROP-AFFED40E4678,https://eggdrop.com/menu/view.php?seq=172,,2026-10-04,CURRENT_MENU_LISTED,,,
official-quality-eggdrop-b0702e28c574,에그드랍,에그 베이컨 디럭스,QUALITY-EGGDROP-B0702E28C574,https://eggdrop.com/menu/view.php?seq=253,,2026-10-04,CURRENT_MENU_LISTED,,,
official-quality-eggdrop-b193c4ec47a5,에그드랍,아메리칸 햄 치즈 세트,QUALITY-EGGDROP-B193C4EC47A5,https://eggdrop.com/menu/view.php?seq=194,,2026-10-04,CURRENT_MENU_LISTED,,,
official-quality-eggdrop-b41522e7aadd,에그드랍,굿모닝 브런치,QUALITY-EGGDROP-B41522E7AADD,https://eggdrop.com/menu/view.php?seq=277,,2026-10-04,CURRENT_MENU_LISTED,,,
official-quality-eggdrop-c2143f5e88e5,에그드랍,햄 앤 치즈 길거리 토스트,QUALITY-EGGDROP-C2143F5E88E5,https://eggdrop.com/menu/view.php?seq=159,,2026-10-04,CURRENT_MENU_LISTED,,,
official-quality-eggdrop-c2e72b8f38de,에그드랍,딸기잼,QUALITY-EGGDROP-C2E72B8F38DE,https://eggdrop.com/menu/view.php?seq=59,,2026-10-04,CURRENT_MENU_LISTED,,,
official-quality-eggdrop-c609f912d817,에그드랍,치킨클럽샌드위치 세트,QUALITY-EGGDROP-C609F912D817,https://eggdrop.com/menu/view.php?seq=186,,2026-10-04,CURRENT_MENU_LISTED,,,
official-quality-eggdrop-c81641e40782,에그드랍,100% 착즙 블러드 오렌지 주스,QUALITY-EGGDROP-C81641E40782,https://eggdrop.com/menu/view.php?seq=220,,2026-10-04,CURRENT_MENU_LISTED,,,
official-quality-eggdrop-c934baaeafa5,에그드랍,치킨 클럽샌드위치,QUALITY-EGGDROP-C934BAAEAFA5,https://eggdrop.com/menu/view.php?seq=141,,2026-10-04,CURRENT_MENU_LISTED,,,
official-quality-eggdrop-c971ae6c2b46,에그드랍,제주말차라떼 (ICE/HOT),QUALITY-EGGDROP-C971AE6C2B46,https://eggdrop.com/menu/view.php?seq=308,,2026-10-04,CURRENT_MENU_LISTED,,,
official-quality-eggdrop-c9e810db7f48,에그드랍,에그 햄 치즈 디럭스,QUALITY-EGGDROP-C9E810DB7F48,https://eggdrop.com/menu/view.php?seq=263,,2026-10-04,CURRENT_MENU_LISTED,,,
official-quality-eggdrop-ca530de1dc22,에그드랍,클럽샌드위치 세트,QUALITY-EGGDROP-CA530DE1DC22,https://eggdrop.com/menu/view.php?seq=187,,2026-10-04,CURRENT_MENU_LISTED,,,
official-quality-eggdrop-ce80e5d9a104,에그드랍,프렌치 토스트,QUALITY-EGGDROP-CE80E5D9A104,https://eggdrop.com/menu/view.php?seq=227,,2026-10-04,CURRENT_MENU_LISTED,,,
official-quality-eggdrop-d4be434ff445,에그드랍,케찹,QUALITY-EGGDROP-D4BE434FF445,https://eggdrop.com/menu/view.php?seq=296,,2026-10-04,CURRENT_MENU_LISTED,,,
official-quality-eggdrop-d78c40039b40,에그드랍,에그 베이컨 디럭스 세트,QUALITY-EGGDROP-D78C40039B40,https://eggdrop.com/menu/view.php?seq=314,,2026-10-04,CURRENT_MENU_LISTED,,,
official-quality-eggdrop-e14743fc3770,에그드랍,아메리칸 브런치 세트,QUALITY-EGGDROP-E14743FC3770,https://eggdrop.com/menu/view.php?seq=281,,2026-10-04,CURRENT_MENU_LISTED,,,
official-quality-eggdrop-ec1cfd8fb434,에그드랍,에그 BLT 디럭스,QUALITY-EGGDROP-EC1CFD8FB434,https://eggdrop.com/menu/view.php?seq=262,,2026-10-04,CURRENT_MENU_LISTED,,,
official-quality-eggdrop-ed34a471fb8d,에그드랍,BLT 베이글 세트,QUALITY-EGGDROP-ED34A471FB8D,https://eggdrop.com/menu/view.php?seq=317,,2026-10-04,CURRENT_MENU_LISTED,,,
official-quality-eggdrop-f87f1d82d012,에그드랍,100% 착즙 사과 주스,QUALITY-EGGDROP-F87F1D82D012,https://eggdrop.com/menu/view.php?seq=269,,2026-10-04,CURRENT_MENU_LISTED,,,
official-quality-eggdrop-f9ae120e2d4d,에그드랍,베이컨 딥 치즈 번 세트,QUALITY-EGGDROP-F9AE120E2D4D,https://eggdrop.com/menu/view.php?seq=188,,2026-10-04,CURRENT_MENU_LISTED,,,
official-quality-eggdrop-fbacc61167c5,에그드랍,자몽 에이드,QUALITY-EGGDROP-FBACC61167C5,https://eggdrop.com/menu/view.php?seq=307,,2026-10-04,CURRENT_MENU_LISTED,,,
official-quality-eggdrop-fe0cf18e5d2c,에그드랍,콘 마요 해쉬브라운,QUALITY-EGGDROP-FE0CF18E5D2C,https://eggdrop.com/menu/view.php?seq=309,,2026-10-04,CURRENT_MENU_LISTED,,,
official-quality-hecbob-2a64d869b58c,핵밥,고기듬뿍카레덮밥,QUALITY-HECBOB-2A64D869B58C,https://www.hecbob.com/main,,2026-10-04,CURRENT_MENU_LISTED,,,
official-quality-hecbob-2b98c67c5975,핵밥,돈코츠라멘,QUALITY-HECBOB-2B98C67C5975,https://www.hecbob.com/main,,2026-10-04,CURRENT_MENU_LISTED,,,
official-quality-hecbob-368679de45ae,핵밥,경양식왕돈까스,QUALITY-HECBOB-368679DE45AE,https://www.hecbob.com/main,,2026-10-04,CURRENT_MENU_LISTED,,,
official-quality-hecbob-8ebc165ae92e,핵밥,큐브스테이크덮밥,QUALITY-HECBOB-8EBC165AE92E,https://www.hecbob.com/main,,2026-10-04,CURRENT_MENU_LISTED,,,
official-quality-hecbob-ca56f97ed6ea,핵밥,후쿠오카우동,QUALITY-HECBOB-CA56F97ED6EA,https://www.hecbob.com/main,,2026-10-04,CURRENT_MENU_LISTED,,,
official-quality-hecbob-efaf21e7fb91,핵밥,마제소바,QUALITY-HECBOB-EFAF21E7FB91,https://www.hecbob.com/main,,2026-10-04,CURRENT_MENU_LISTED,,,
official-quality-hongik-032172a46b01,홍익돈까스,불고기볶음밥,QUALITY-HONGIK-032172A46B01,https://www.hongikdonkatsu.com/menu_2021_rice,,2026-10-04,CURRENT_MENU_LISTED,,,
official-quality-hongik-0a8efd2dd3f3,홍익돈까스,베이컨볶음우동,QUALITY-HONGIK-0A8EFD2DD3F3,https://www.hongikdonkatsu.com/menu_2021_udon,,2026-10-04,CURRENT_MENU_LISTED,,,
official-quality-hongik-17425fde919f,홍익돈까스,알리오올리오,QUALITY-HONGIK-17425FDE919F,https://www.hongikdonkatsu.com/menu_2021_pasta,,2026-10-04,CURRENT_MENU_LISTED,,,
official-quality-hongik-231e7a3adfed,홍익돈까스,레몬에이드,QUALITY-HONGIK-231E7A3ADFED,https://www.hongikdonkatsu.com/menu_2021_side,,2026-10-04,CURRENT_MENU_LISTED,,,
official-quality-hongik-28838c3fde40,홍익돈까스,홍익우동,QUALITY-HONGIK-28838C3FDE40,https://www.hongikdonkatsu.com/menu_2021_udon,,2026-10-04,CURRENT_MENU_LISTED,,,
official-quality-hongik-3af342ba7fa2,홍익돈까스,함박돈까스,QUALITY-HONGIK-3AF342BA7FA2,https://www.hongikdonkatsu.com/menu_2021_porkcutlet,,2026-10-04,CURRENT_MENU_LISTED,,,
official-quality-hongik-3e4c40c022ae,홍익돈까스,생선까스 정식,QUALITY-HONGIK-3E4C40C022AE,https://www.hongikdonkatsu.com/menu_2021_porkcutlet,,2026-10-04,CURRENT_MENU_LISTED,,,
official-quality-hongik-433d735b31ef,홍익돈까스,해물크림파스타,QUALITY-HONGIK-433D735B31EF,https://www.hongikdonkatsu.com/menu_2021_pasta,,2026-10-04,CURRENT_MENU_LISTED,,,
official-quality-hongik-49516c7bb9c9,홍익돈까스,순살치킨,QUALITY-HONGIK-49516C7BB9C9,https://www.hongikdonkatsu.com/menu_2021_side,,2026-10-04,CURRENT_MENU_LISTED,,,
official-quality-hongik-4b934d3008ba,홍익돈까스,해물토마토파스타,QUALITY-HONGIK-4B934D3008BA,https://www.hongikdonkatsu.com/menu_2021_pasta,,2026-10-04,CURRENT_MENU_LISTED,,,
official-quality-hongik-56ef86ac91be,홍익돈까스,더블치즈돈까스,QUALITY-HONGIK-56EF86AC91BE,https://www.hongikdonkatsu.com/menu_2021_porkcutlet,,2026-10-04,CURRENT_MENU_LISTED,,,
official-quality-hongik-5f4ad33ee92f,홍익돈까스,볶음짬뽕,QUALITY-HONGIK-5F4AD33EE92F,https://www.hongikdonkatsu.com/menu_2021_udon,,2026-10-04,CURRENT_MENU_LISTED,,,
official-quality-hongik-7bf075bac2cc,홍익돈까스,돈까스 정식,QUALITY-HONGIK-7BF075BAC2CC,https://www.hongikdonkatsu.com/menu_2021_porkcutlet,,2026-10-04,CURRENT_MENU_LISTED,,,
official-quality-hongik-7e9d71d62860,홍익돈까스,특등심까스,QUALITY-HONGIK-7E9D71D62860,https://www.hongikdonkatsu.com/menu_2021_porkcutlet,,2026-10-04,CURRENT_MENU_LISTED,,,
official-quality-hongik-8099a0e2b465,홍익돈까스,세트A,QUALITY-HONGIK-8099A0E2B465,https://www.hongikdonkatsu.com/menu_2021_porkcutlet,,2026-10-04,CURRENT_MENU_LISTED,,,
official-quality-hongik-8420421dae1f,홍익돈까스,홍익돈까스,QUALITY-HONGIK-8420421DAE1F,https://www.hongikdonkatsu.com/menu_2021_porkcutlet,,2026-10-04,CURRENT_MENU_LISTED,,,
official-quality-hongik-9002573761df,홍익돈까스,새우볶음밥,QUALITY-HONGIK-9002573761DF,https://www.hongikdonkatsu.com/menu_2021_rice,,2026-10-04,CURRENT_MENU_LISTED,,,
official-quality-hongik-a733d680bdb0,홍익돈까스,안심까스,QUALITY-HONGIK-A733D680BDB0,https://www.hongikdonkatsu.com/menu_2021_porkcutlet,,2026-10-04,CURRENT_MENU_LISTED,,,
official-quality-hongik-a8de109a4641,홍익돈까스,오렌지에이드,QUALITY-HONGIK-A8DE109A4641,https://www.hongikdonkatsu.com/menu_2021_side,,2026-10-04,CURRENT_MENU_LISTED,,,
official-quality-hongik-b93a68d4e950,홍익돈까스,스파이시어니언돈까스,QUALITY-HONGIK-B93A68D4E950,https://www.hongikdonkatsu.com/menu_2021_porkcutlet,,2026-10-04,CURRENT_MENU_LISTED,,,
official-quality-hongik-bba58a8c3bf1,홍익돈까스,세트B,QUALITY-HONGIK-BBA58A8C3BF1,https://www.hongikdonkatsu.com/menu_2021_porkcutlet,,2026-10-04,CURRENT_MENU_LISTED,,,
official-quality-hongik-cecb6d2a3f77,홍익돈까스,로제파스타,QUALITY-HONGIK-CECB6D2A3F77,https://www.hongikdonkatsu.com/menu_2021_pasta,,2026-10-04,CURRENT_MENU_LISTED,,,
official-quality-hongik-d46d0f686989,홍익돈까스,해물볶음우동,QUALITY-HONGIK-D46D0F686989,https://www.hongikdonkatsu.com/menu_2021_udon,,2026-10-04,CURRENT_MENU_LISTED,,,
official-quality-hongik-dbaaefd742d1,홍익돈까스,소우동,QUALITY-HONGIK-DBAAEFD742D1,https://www.hongikdonkatsu.com/menu_2021_udon,,2026-10-04,CURRENT_MENU_LISTED,,,
official-quality-hongik-dc9c043ddbf6,홍익돈까스,치즈까스,QUALITY-HONGIK-DC9C043DDBF6,https://www.hongikdonkatsu.com/menu_2021_porkcutlet,,2026-10-04,CURRENT_MENU_LISTED,,,
official-quality-hongik-dedcc01e05cc,홍익돈까스,치즈롤까스,QUALITY-HONGIK-DEDCC01E05CC,https://www.hongikdonkatsu.com/menu_2021_porkcutlet,,2026-10-04,CURRENT_MENU_LISTED,,,
official-quality-hongik-e582b2bd52cc,홍익돈까스,씨푸드사이드콤보,QUALITY-HONGIK-E582B2BD52CC,https://www.hongikdonkatsu.com/menu_2021_side,,2026-10-04,CURRENT_MENU_LISTED,,,
official-quality-hongik-e78a4d0977df,홍익돈까스,모둠까스,QUALITY-HONGIK-E78A4D0977DF,https://www.hongikdonkatsu.com/menu_2021_porkcutlet,,2026-10-04,CURRENT_MENU_LISTED,,,
official-quality-hongik-ea21cb1a22b0,홍익돈까스,토마토치즈파스타,QUALITY-HONGIK-EA21CB1A22B0,https://www.hongikdonkatsu.com/menu_2021_pasta,,2026-10-04,CURRENT_MENU_LISTED,,,
official-quality-hongik-f1f2b98aba68,홍익돈까스,사이드콤보,QUALITY-HONGIK-F1F2B98ABA68,https://www.hongikdonkatsu.com/menu_2021_side,,2026-10-04,CURRENT_MENU_LISTED,,,
official-quality-hongik-f7ce28aaee43,홍익돈까스,쉬림프볼,QUALITY-HONGIK-F7CE28AAEE43,https://www.hongikdonkatsu.com/menu_2021_side,,2026-10-04,CURRENT_MENU_LISTED,,,
official-quality-hongik-fbacc61167c5,홍익돈까스,자몽에이드,QUALITY-HONGIK-FBACC61167C5,https://www.hongikdonkatsu.com/menu_2021_side,,2026-10-04,CURRENT_MENU_LISTED,,,
official-quality-hongkong-0ac68547816b,홍콩반점0410,고기짬뽕,QUALITY-HONGKONG-0AC68547816B,https://www.theborn.co.kr/theborn_brand/%ED%99%8D%EC%BD%A9%EB%B0%98%EC%A0%900410/,,2026-10-04,CURRENT_MENU_LISTED,,,
official-quality-hongkong-17b434fb9958,홍콩반점0410,차돌박이숙주볶음,QUALITY-HONGKONG-17B434FB9958,https://www.theborn.co.kr/theborn_brand/%ED%99%8D%EC%BD%A9%EB%B0%98%EC%A0%900410/,,2026-10-04,CURRENT_MENU_LISTED,,,
official-quality-hongkong-22c5eac50e90,홍콩반점0410,멘보샤,QUALITY-HONGKONG-22C5EAC50E90,https://www.theborn.co.kr/theborn_brand/%ED%99%8D%EC%BD%A9%EB%B0%98%EC%A0%900410/,,2026-10-04,CURRENT_MENU_LISTED,,,
official-quality-hongkong-2ee3c87f4acd,홍콩반점0410,잡채밥,QUALITY-HONGKONG-2EE3C87F4ACD,https://www.theborn.co.kr/theborn_brand/%ED%99%8D%EC%BD%A9%EB%B0%98%EC%A0%900410/,,2026-10-04,CURRENT_MENU_LISTED,,,
official-quality-hongkong-2f2468787ade,홍콩반점0410,크림새우,QUALITY-HONGKONG-2F2468787ADE,https://www.theborn.co.kr/theborn_brand/%ED%99%8D%EC%BD%A9%EB%B0%98%EC%A0%900410/,,2026-10-04,CURRENT_MENU_LISTED,,,
official-quality-hongkong-32d30f755ad9,홍콩반점0410,깐풍기,QUALITY-HONGKONG-32D30F755AD9,https://www.theborn.co.kr/theborn_brand/%ED%99%8D%EC%BD%A9%EB%B0%98%EC%A0%900410/,,2026-10-04,CURRENT_MENU_LISTED,,,
official-quality-hongkong-388abda9273d,홍콩반점0410,탕수육,QUALITY-HONGKONG-388ABDA9273D,https://www.theborn.co.kr/theborn_brand/%ED%99%8D%EC%BD%A9%EB%B0%98%EC%A0%900410/,,2026-10-04,CURRENT_MENU_LISTED,,,
official-quality-hongkong-3cbc52205760,홍콩반점0410,짜장밥,QUALITY-HONGKONG-3CBC52205760,https://www.theborn.co.kr/theborn_brand/%ED%99%8D%EC%BD%A9%EB%B0%98%EC%A0%900410/,,2026-10-04,CURRENT_MENU_LISTED,,,
official-quality-hongkong-47faf2768c74,홍콩반점0410,고추짬뽕,QUALITY-HONGKONG-47FAF2768C74,https://www.theborn.co.kr/theborn_brand/%ED%99%8D%EC%BD%A9%EB%B0%98%EC%A0%900410/,,2026-10-04,CURRENT_MENU_LISTED,,,
official-quality-hongkong-5f4ad33ee92f,홍콩반점0410,볶음짬뽕,QUALITY-HONGKONG-5F4AD33EE92F,https://www.theborn.co.kr/theborn_brand/%ED%99%8D%EC%BD%A9%EB%B0%98%EC%A0%900410/,,2026-10-04,CURRENT_MENU_LISTED,,,
official-quality-hongkong-68b4f659b0bb,홍콩반점0410,차돌짬뽕,QUALITY-HONGKONG-68B4F659B0BB,https://www.theborn.co.kr/theborn_brand/%ED%99%8D%EC%BD%A9%EB%B0%98%EC%A0%900410/,,2026-10-04,CURRENT_MENU_LISTED,,,
official-quality-hongkong-82936e2a74fc,홍콩반점0410,홍콩 꽃빵,QUALITY-HONGKONG-82936E2A74FC,https://www.theborn.co.kr/theborn_brand/%ED%99%8D%EC%BD%A9%EB%B0%98%EC%A0%900410/,,2026-10-04,CURRENT_MENU_LISTED,,,
official-quality-hongkong-a1d40011ed5b,홍콩반점0410,고기짜장,QUALITY-HONGKONG-A1D40011ED5B,https://www.theborn.co.kr/theborn_brand/%ED%99%8D%EC%BD%A9%EB%B0%98%EC%A0%900410/,,2026-10-04,CURRENT_MENU_LISTED,,,
official-quality-hongkong-aa14e601c7ed,홍콩반점0410,짜장면,QUALITY-HONGKONG-AA14E601C7ED,https://www.theborn.co.kr/theborn_brand/%ED%99%8D%EC%BD%A9%EB%B0%98%EC%A0%900410/,,2026-10-04,CURRENT_MENU_LISTED,,,
official-quality-hongkong-c425cb1c7a2a,홍콩반점0410,군만두,QUALITY-HONGKONG-C425CB1C7A2A,https://www.theborn.co.kr/theborn_brand/%ED%99%8D%EC%BD%A9%EB%B0%98%EC%A0%900410/,,2026-10-04,CURRENT_MENU_LISTED,,,
official-quality-hongkong-c6d10adaeb1f,홍콩반점0410,고추짜장,QUALITY-HONGKONG-C6D10ADAEB1F,https://www.theborn.co.kr/theborn_brand/%ED%99%8D%EC%BD%A9%EB%B0%98%EC%A0%900410/,,2026-10-04,CURRENT_MENU_LISTED,,,
official-quality-hongkong-c6f8d15cc54d,홍콩반점0410,슈림프 투움바 짬뽕,QUALITY-HONGKONG-C6F8D15CC54D,https://www.theborn.co.kr/theborn_brand/%ED%99%8D%EC%BD%A9%EB%B0%98%EC%A0%900410/,,2026-10-04,CURRENT_MENU_LISTED,,,
official-quality-hongkong-c753976a60a9,홍콩반점0410,해물육교자,QUALITY-HONGKONG-C753976A60A9,https://www.theborn.co.kr/theborn_brand/%ED%99%8D%EC%BD%A9%EB%B0%98%EC%A0%900410/,,2026-10-04,CURRENT_MENU_LISTED,,,
official-quality-hongkong-ce5ff89346f9,홍콩반점0410,짬뽕,QUALITY-HONGKONG-CE5FF89346F9,https://www.theborn.co.kr/theborn_brand/%ED%99%8D%EC%BD%A9%EB%B0%98%EC%A0%900410/,,2026-10-04,CURRENT_MENU_LISTED,,,
official-quality-hongkong-e1687e220051,홍콩반점0410,꿔바로우,QUALITY-HONGKONG-E1687E220051,https://www.theborn.co.kr/theborn_brand/%ED%99%8D%EC%BD%A9%EB%B0%98%EC%A0%900410/,,2026-10-04,CURRENT_MENU_LISTED,,,
official-quality-hongkong-e47557bad242,홍콩반점0410,깐풍새우,QUALITY-HONGKONG-E47557BAD242,https://www.theborn.co.kr/theborn_brand/%ED%99%8D%EC%BD%A9%EB%B0%98%EC%A0%900410/,,2026-10-04,CURRENT_MENU_LISTED,,,
official-quality-hongkong-f21a0587877f,홍콩반점0410,볶음밥,QUALITY-HONGKONG-F21A0587877F,https://www.theborn.co.kr/theborn_brand/%ED%99%8D%EC%BD%A9%EB%B0%98%EC%A0%900410/,,2026-10-04,CURRENT_MENU_LISTED,,,
official-quality-hyundaiok-05e2be06d630,현대옥,[토렴응용식] 전주남부시장식 콩나물국밥,QUALITY-HYUNDAIOK-05E2BE06D630,http://www.hyundaiok.com/menu,,2026-10-04,CURRENT_MENU_LISTED,,,
official-quality-hyundaiok-05e8a2eca6ab,현대옥,모주,QUALITY-HYUNDAIOK-05E8A2ECA6AB,http://www.hyundaiok.com/menu,,2026-10-04,CURRENT_MENU_LISTED,,,
official-quality-hyundaiok-0f72895bc8ff,현대옥,현대옥순한두부찌개,QUALITY-HYUNDAIOK-0F72895BC8FF,http://www.hyundaiok.com/menu,,2026-10-04,CURRENT_MENU_LISTED,,,
official-quality-hyundaiok-244f5882f18f,현대옥,데친큰오징어 한마리,QUALITY-HYUNDAIOK-244F5882F18F,http://www.hyundaiok.com/menu,,2026-10-04,CURRENT_MENU_LISTED,,,
official-quality-hyundaiok-28f720112d8c,현대옥,[맑은탕식- 펄펄 끓인식 ] 전주끓이는식 콩나물국밥,QUALITY-HYUNDAIOK-28F720112D8C,http://www.hyundaiok.com/menu,,2026-10-04,CURRENT_MENU_LISTED,,,
official-quality-hyundaiok-357b1eb7d5fb,현대옥,[매운탕식- 펄펄 끓인식 ] 전주끓이는식 콩나물국밥,QUALITY-HYUNDAIOK-357B1EB7D5FB,http://www.hyundaiok.com/menu,,2026-10-04,CURRENT_MENU_LISTED,,,
official-quality-hyundaiok-66e22c694ae4,현대옥,목우촌바베큐삼겹살,QUALITY-HYUNDAIOK-66E22C694AE4,http://www.hyundaiok.com/menu,,2026-10-04,CURRENT_MENU_LISTED,,,
official-quality-hyundaiok-bfb6823de9e9,현대옥,얼큰돼지국밥,QUALITY-HYUNDAIOK-BFB6823DE9E9,http://www.hyundaiok.com/menu,,2026-10-04,CURRENT_MENU_LISTED,,,
official-quality-hyundaiok-d3698d53d16e,현대옥,오징어사리,QUALITY-HYUNDAIOK-D3698D53D16E,http://www.hyundaiok.com/menu,,2026-10-04,CURRENT_MENU_LISTED,,,
official-quality-hyundaiok-fffdd1a8a192,현대옥,[전통직화식- 펄펄 끓인식 ] 전주끓이는식 콩나물국밥,QUALITY-HYUNDAIOK-FFFDD1A8A192,http://www.hyundaiok.com/menu,,2026-10-04,CURRENT_MENU_LISTED,,,
official-quality-ihwasoo-1a5bef3711da,이화수전통육개장,전통육개장,QUALITY-IHWASOO-1A5BEF3711DA,https://ihwasoo.com/bbs/board.php?bo_table=menu,,2026-10-04,CURRENT_MENU_LISTED,,,
official-quality-ihwasoo-21de5ff9458a,이화수전통육개장,육개장칼국수,QUALITY-IHWASOO-21DE5FF9458A,https://ihwasoo.com/bbs/board.php?bo_table=menu,,2026-10-04,CURRENT_MENU_LISTED,,,
official-quality-ihwasoo-28cfc003d838,이화수전통육개장,양지육개장전골,QUALITY-IHWASOO-28CFC003D838,https://ihwasoo.com/bbs/board.php?bo_table=menu,,2026-10-04,CURRENT_MENU_LISTED,,,
official-quality-ihwasoo-32e10ba0e3d3,이화수전통육개장,왕만두,QUALITY-IHWASOO-32E10BA0E3D3,https://ihwasoo.com/bbs/board.php?bo_table=menu,,2026-10-04,CURRENT_MENU_LISTED,,,
official-quality-ihwasoo-57bfc9007454,이화수전통육개장,차돌육개장,QUALITY-IHWASOO-57BFC9007454,https://ihwasoo.com/bbs/board.php?bo_table=menu,,2026-10-04,CURRENT_MENU_LISTED,,,
official-quality-ihwasoo-580c0f2041c5,이화수전통육개장,모듬수육전골,QUALITY-IHWASOO-580C0F2041C5,https://ihwasoo.com/bbs/board.php?bo_table=menu,,2026-10-04,CURRENT_MENU_LISTED,,,
official-quality-ihwasoo-95958d6d52e8,이화수전통육개장,부대육개장,QUALITY-IHWASOO-95958D6D52E8,https://ihwasoo.com/bbs/board.php?bo_table=menu,,2026-10-04,CURRENT_MENU_LISTED,,,
official-quality-ihwasoo-9bf94e807d6f,이화수전통육개장,사골떡만두국,QUALITY-IHWASOO-9BF94E807D6F,https://ihwasoo.com/bbs/board.php?bo_table=menu,,2026-10-04,CURRENT_MENU_LISTED,,,
official-quality-ihwasoo-a157118ae758,이화수전통육개장,튀김만두,QUALITY-IHWASOO-A157118AE758,https://ihwasoo.com/bbs/board.php?bo_table=menu,,2026-10-04,CURRENT_MENU_LISTED,,,
official-quality-ihwasoo-c453eee78946,이화수전통육개장,순두부육개장,QUALITY-IHWASOO-C453EEE78946,https://ihwasoo.com/bbs/board.php?bo_table=menu,,2026-10-04,CURRENT_MENU_LISTED,,,
official-quality-ihwasoo-dc788e895249,이화수전통육개장,버섯육개장,QUALITY-IHWASOO-DC788E895249,https://ihwasoo.com/bbs/board.php?bo_table=menu,,2026-10-04,CURRENT_MENU_LISTED,,,
official-quality-ihwasoo-e9485d591bbf,이화수전통육개장,한판보쌈,QUALITY-IHWASOO-E9485D591BBF,https://ihwasoo.com/bbs/board.php?bo_table=menu,,2026-10-04,CURRENT_MENU_LISTED,,,
official-quality-ihwasoo-fb33546ac9b3,이화수전통육개장,진곰탕,QUALITY-IHWASOO-FB33546AC9B3,https://ihwasoo.com/bbs/board.php?bo_table=menu,,2026-10-04,CURRENT_MENU_LISTED,,,
official-quality-ilmiri-01492905ed1a,일미리금계찜닭,로제마라찜닭,QUALITY-ILMIRI-01492905ED1A,https://goldjjimdak.com/html/menu.php,,2026-10-04,CURRENT_MENU_LISTED,,,
official-quality-ilmiri-0a6a27fb10c3,일미리금계찜닭,계란밥,QUALITY-ILMIRI-0A6A27FB10C3,https://goldjjimdak.com/html/menu.php,,2026-10-04,CURRENT_MENU_LISTED,,,
official-quality-ilmiri-0bdb291d7cf8,일미리금계찜닭,짜장마라찜닭,QUALITY-ILMIRI-0BDB291D7CF8,https://goldjjimdak.com/html/menu.php,,2026-10-04,CURRENT_MENU_LISTED,,,
official-quality-ilmiri-33d908dec07d,일미리금계찜닭,마라찜닭,QUALITY-ILMIRI-33D908DEC07D,https://goldjjimdak.com/html/menu.php,,2026-10-04,CURRENT_MENU_LISTED,,,
official-quality-ilmiri-3f1eb968c35d,일미리금계찜닭,콰트로치즈찜닭,QUALITY-ILMIRI-3F1EB968C35D,https://goldjjimdak.com/html/menu.php,,2026-10-04,CURRENT_MENU_LISTED,,,
official-quality-ilmiri-47dd5f3df1c7,일미리금계찜닭,누룽바베큐찜닭,QUALITY-ILMIRI-47DD5F3DF1C7,https://goldjjimdak.com/html/menu.php,,2026-10-04,CURRENT_MENU_LISTED,,,
official-quality-ilmiri-4e0e939c6d9f,일미리금계찜닭,짜장 찜닭,QUALITY-ILMIRI-4E0E939C6D9F,https://goldjjimdak.com/html/menu.php,,2026-10-04,CURRENT_MENU_LISTED,,,
official-quality-ilmiri-68ab4fc777a7,일미리금계찜닭,신불찜닭,QUALITY-ILMIRI-68AB4FC777A7,https://goldjjimdak.com/html/menu.php,,2026-10-04,CURRENT_MENU_LISTED,,,
official-quality-ilmiri-6bb472692c01,일미리금계찜닭,로제 찜닭,QUALITY-ILMIRI-6BB472692C01,https://goldjjimdak.com/html/menu.php,,2026-10-04,CURRENT_MENU_LISTED,,,
official-quality-ilmiri-b0e316093848,일미리금계찜닭,야끼우동찜닭,QUALITY-ILMIRI-B0E316093848,https://goldjjimdak.com/html/menu.php,,2026-10-04,CURRENT_MENU_LISTED,,,
official-quality-ilmiri-b1f1bfb8db16,일미리금계찜닭,금계찜닭,QUALITY-ILMIRI-B1F1BFB8DB16,https://goldjjimdak.com/html/menu.php,,2026-10-04,CURRENT_MENU_LISTED,,,
official-quality-ilmiri-c13877ca26b0,일미리금계찜닭,신마라찜닭,QUALITY-ILMIRI-C13877CA26B0,https://goldjjimdak.com/html/menu.php,,2026-10-04,CURRENT_MENU_LISTED,,,
official-quality-ilmiri-c4e34afd8322,일미리금계찜닭,콘치즈맵찜닭,QUALITY-ILMIRI-C4E34AFD8322,https://goldjjimdak.com/html/menu.php,,2026-10-04,CURRENT_MENU_LISTED,,,
official-quality-ilmiri-e1a924ad3361,일미리금계찜닭,고추장찜닭,QUALITY-ILMIRI-E1A924AD3361,https://goldjjimdak.com/html/menu.php,,2026-10-04,CURRENT_MENU_LISTED,,,
official-quality-ilmiri-ea4dc99c33b1,일미리금계찜닭,구름치즈찜닭,QUALITY-ILMIRI-EA4DC99C33B1,https://goldjjimdak.com/html/menu.php,,2026-10-04,CURRENT_MENU_LISTED,,,
official-quality-jaws-06725234a723,죠스떡볶이,부산어묵,QUALITY-JAWS-06725234A723,https://jawsfood.co.kr/menu/menu.html,,2026-10-04,CURRENT_MENU_LISTED,,,
official-quality-jaws-082dee9bac5c,죠스떡볶이,콰삭닭강정,QUALITY-JAWS-082DEE9BAC5C,https://jawsfood.co.kr/menu/view.html?seq=18,,2026-10-04,CURRENT_MENU_LISTED,,,
official-quality-jaws-19b176949c19,죠스떡볶이,국물떡볶이,QUALITY-JAWS-19B176949C19,https://jawsfood.co.kr/menu/menu.html,,2026-10-04,CURRENT_MENU_LISTED,,,
official-quality-jaws-5eb9dcb78962,죠스떡볶이,짜빠떡볶이,QUALITY-JAWS-5EB9DCB78962,https://jawsfood.co.kr/menu/menu.html,,2026-10-04,CURRENT_MENU_LISTED,,,
official-quality-jaws-67e1712ecdfc,죠스떡볶이,수제튀김,QUALITY-JAWS-67E1712ECDFC,https://jawsfood.co.kr/menu/menu.html,,2026-10-04,CURRENT_MENU_LISTED,,,
official-quality-jaws-759f1c4c9ab6,죠스떡볶이,유부주머니어묵,QUALITY-JAWS-759F1C4C9AB6,https://jawsfood.co.kr/menu/view.html?seq=6,,2026-10-04,CURRENT_MENU_LISTED,,,
official-quality-jaws-75d501b7bd5e,죠스떡볶이,버섯크림떡볶이,QUALITY-JAWS-75D501B7BD5E,https://jawsfood.co.kr/menu/menu.html,,2026-10-04,CURRENT_MENU_LISTED,,,
official-quality-jaws-a248bbe688a1,죠스떡볶이,죠스찰순대,QUALITY-JAWS-A248BBE688A1,https://jawsfood.co.kr/menu/menu.html,,2026-10-04,CURRENT_MENU_LISTED,,,
official-quality-jaws-a3df830aa13d,죠스떡볶이,새우튀김우동,QUALITY-JAWS-A3DF830AA13D,https://jawsfood.co.kr/menu/view.html?seq=8,,2026-10-04,CURRENT_MENU_LISTED,,,
official-quality-jaws-ca56573769d7,죠스떡볶이,빠삭촉촉만두,QUALITY-JAWS-CA56573769D7,https://jawsfood.co.kr/menu/view.html?seq=15,,2026-10-04,CURRENT_MENU_LISTED,,,
official-quality-jaws-d12ac5629277,죠스떡볶이,죠스떡볶이,QUALITY-JAWS-D12AC5629277,https://jawsfood.co.kr/menu/menu.html,,2026-10-04,CURRENT_MENU_LISTED,,,
official-quality-jaws-e89ae9e80dc4,죠스떡볶이,죠스쿨,QUALITY-JAWS-E89AE9E80DC4,https://jawsfood.co.kr/menu/view.html?seq=19,,2026-10-04,CURRENT_MENU_LISTED,,,
official-quality-jaws-fb8c76a9f979,죠스떡볶이,로제크림떡볶이,QUALITY-JAWS-FB8C76A9F979,https://jawsfood.co.kr/menu/menu.html,,2026-10-04,CURRENT_MENU_LISTED,,,
official-quality-jaws-fbbbba5fc814,죠스떡볶이,치즈떡볶이,QUALITY-JAWS-FBBBBA5FC814,https://jawsfood.co.kr/menu/menu.html,,2026-10-04,CURRENT_MENU_LISTED,,,
official-quality-jukstory-00aa2ac77503,죽이야기,완도전복솥죽,QUALITY-JUKSTORY-00AA2AC77503,https://www.jukstory.com/15,,2026-10-04,CURRENT_MENU_LISTED,,,
official-quality-jukstory-02fef8e96f05,죽이야기,자연송이한우솥죽,QUALITY-JUKSTORY-02FEF8E96F05,https://www.jukstory.com/15,,2026-10-04,CURRENT_MENU_LISTED,,,
official-quality-jukstory-046222808afe,죽이야기,치킨대파솥밥,QUALITY-JUKSTORY-046222808AFE,https://www.jukstory.com/15,,2026-10-04,CURRENT_MENU_LISTED,,,
official-quality-jukstory-0e3cb47453f5,죽이야기,매생이굴솥죽,QUALITY-JUKSTORY-0E3CB47453F5,https://www.jukstory.com/15,,2026-10-04,CURRENT_MENU_LISTED,,,
official-quality-jukstory-119b9e27f593,죽이야기,삼선짬뽕솥죽,QUALITY-JUKSTORY-119B9E27F593,https://www.jukstory.com/15,,2026-10-04,CURRENT_MENU_LISTED,,,
official-quality-jukstory-13dcd84e5738,죽이야기,매운낙지볶음밥,QUALITY-JUKSTORY-13DCD84E5738,https://www.jukstory.com/15,,2026-10-04,CURRENT_MENU_LISTED,,,
official-quality-jukstory-18e1d0308fde,죽이야기,흑임자귀리죽,QUALITY-JUKSTORY-18E1D0308FDE,https://www.jukstory.com/15,,2026-10-04,CURRENT_MENU_LISTED,,,
official-quality-jukstory-1f1a2a92d150,죽이야기,육개장솥밥,QUALITY-JUKSTORY-1F1A2A92D150,https://www.jukstory.com/15,,2026-10-04,CURRENT_MENU_LISTED,,,
official-quality-jukstory-21c24844b335,죽이야기,호박죽,QUALITY-JUKSTORY-21C24844B335,https://www.jukstory.com/15,,2026-10-04,CURRENT_MENU_LISTED,,,
official-quality-jukstory-24a9b42a6b90,죽이야기,크리미감자죽,QUALITY-JUKSTORY-24A9B42A6B90,https://www.jukstory.com/15,,2026-10-04,CURRENT_MENU_LISTED,,,
official-quality-jukstory-272947e895b3,죽이야기,김치볶음밥,QUALITY-JUKSTORY-272947E895B3,https://www.jukstory.com/15,,2026-10-04,CURRENT_MENU_LISTED,,,
official-quality-jukstory-37de9a26a504,죽이야기,완도전복버섯솥밥,QUALITY-JUKSTORY-37DE9A26A504,https://www.jukstory.com/15,,2026-10-04,CURRENT_MENU_LISTED,,,
official-quality-jukstory-3be6539dfd80,죽이야기,들깨삼계탕,QUALITY-JUKSTORY-3BE6539DFD80,https://www.jukstory.com/15,,2026-10-04,CURRENT_MENU_LISTED,,,
official-quality-jukstory-45e17d45117b,죽이야기,모듬해물죽,QUALITY-JUKSTORY-45E17D45117B,https://www.jukstory.com/15,,2026-10-04,CURRENT_MENU_LISTED,,,
official-quality-jukstory-46c29cbef5c9,죽이야기,참치야채솥죽,QUALITY-JUKSTORY-46C29CBEF5C9,https://www.jukstory.com/15,,2026-10-04,CURRENT_MENU_LISTED,,,
official-quality-jukstory-4adc179e5008,죽이야기,유산슬해물솥밥,QUALITY-JUKSTORY-4ADC179E5008,https://www.jukstory.com/15,,2026-10-04,CURRENT_MENU_LISTED,,,
official-quality-jukstory-55f763f7e643,죽이야기,낙지김치솥죽,QUALITY-JUKSTORY-55F763F7E643,https://www.jukstory.com/15,,2026-10-04,CURRENT_MENU_LISTED,,,
official-quality-jukstory-5816ed2620c6,죽이야기,소불고기볶음밥,QUALITY-JUKSTORY-5816ED2620C6,https://www.jukstory.com/15,,2026-10-04,CURRENT_MENU_LISTED,,,
official-quality-jukstory-5f1b67101371,죽이야기,흰죽,QUALITY-JUKSTORY-5F1B67101371,https://www.jukstory.com/15,,2026-10-04,CURRENT_MENU_LISTED,,,
official-quality-jukstory-6176e4e6982d,죽이야기,전복인삼닭솥죽,QUALITY-JUKSTORY-6176E4E6982D,https://www.jukstory.com/15,,2026-10-04,CURRENT_MENU_LISTED,,,
official-quality-jukstory-637f654931e7,죽이야기,돈새우솥밥,QUALITY-JUKSTORY-637F654931E7,https://www.jukstory.com/15,,2026-10-04,CURRENT_MENU_LISTED,,,
official-quality-jukstory-646f79fa7320,죽이야기,달콩팥죽,QUALITY-JUKSTORY-646F79FA7320,https://www.jukstory.com/15,,2026-10-04,CURRENT_MENU_LISTED,,,
official-quality-jukstory-6779cbfc6db7,죽이야기,시래기솥밥,QUALITY-JUKSTORY-6779CBFC6DB7,https://www.jukstory.com/15,,2026-10-04,CURRENT_MENU_LISTED,,,
official-quality-jukstory-6b82a19f3540,죽이야기,낙치김치솥죽,QUALITY-JUKSTORY-6B82A19F3540,https://www.jukstory.com/15,,2026-10-04,CURRENT_MENU_LISTED,,,
official-quality-jukstory-70f000943f56,죽이야기,게살날치알솥죽,QUALITY-JUKSTORY-70F000943F56,https://www.jukstory.com/15,,2026-10-04,CURRENT_MENU_LISTED,,,
official-quality-jukstory-75a9a4aef04e,죽이야기,얼큰김치솥죽,QUALITY-JUKSTORY-75A9A4AEF04E,https://www.jukstory.com/15,,2026-10-04,CURRENT_MENU_LISTED,,,
official-quality-jukstory-88d6723667e6,죽이야기,된장찌개솥밥,QUALITY-JUKSTORY-88D6723667E6,https://www.jukstory.com/15,,2026-10-04,CURRENT_MENU_LISTED,,,
official-quality-jukstory-8d234bd40bf6,죽이야기,치킨카레솥밥,QUALITY-JUKSTORY-8D234BD40BF6,https://www.jukstory.com/15,,2026-10-04,CURRENT_MENU_LISTED,,,
official-quality-jukstory-9081e3107f2e,죽이야기,버섯야채솥죽,QUALITY-JUKSTORY-9081E3107F2E,https://www.jukstory.com/15,,2026-10-04,CURRENT_MENU_LISTED,,,
official-quality-jukstory-966a7359a9ec,죽이야기,단호박죽,QUALITY-JUKSTORY-966A7359A9EC,https://www.jukstory.com/15,,2026-10-04,CURRENT_MENU_LISTED,,,
official-quality-jukstory-9d09ff2374d0,죽이야기,콩비지솥밥,QUALITY-JUKSTORY-9D09FF2374D0,https://www.jukstory.com/15,,2026-10-04,CURRENT_MENU_LISTED,,,
official-quality-jukstory-9f25963acf54,죽이야기,뚝배기불고기솥밥,QUALITY-JUKSTORY-9F25963ACF54,https://www.jukstory.com/15,,2026-10-04,CURRENT_MENU_LISTED,,,
official-quality-jukstory-9fb37054b1dc,죽이야기,특전복솥죽,QUALITY-JUKSTORY-9FB37054B1DC,https://www.jukstory.com/15,,2026-10-04,CURRENT_MENU_LISTED,,,
official-quality-jukstory-a823d976bc20,죽이야기,호박귀리죽,QUALITY-JUKSTORY-A823D976BC20,https://www.jukstory.com/15,,2026-10-04,CURRENT_MENU_LISTED,,,
official-quality-jukstory-aa436321cdd9,죽이야기,흑임자죽,QUALITY-JUKSTORY-AA436321CDD9,https://www.jukstory.com/15,,2026-10-04,CURRENT_MENU_LISTED,,,
official-quality-jukstory-aaa22693a9fc,죽이야기,팥죽,QUALITY-JUKSTORY-AAA22693A9FC,https://www.jukstory.com/15,,2026-10-04,CURRENT_MENU_LISTED,,,
official-quality-jukstory-ae236cddc1e8,죽이야기,불낙솥죽(순한맛),QUALITY-JUKSTORY-AE236CDDC1E8,https://www.jukstory.com/15,,2026-10-04,CURRENT_MENU_LISTED,,,
official-quality-jukstory-af9326bb7e0f,죽이야기,굴솥밥,QUALITY-JUKSTORY-AF9326BB7E0F,https://www.jukstory.com/15,,2026-10-04,CURRENT_MENU_LISTED,,,
official-quality-jukstory-b4303588ca26,죽이야기,자연송이전복솥죽,QUALITY-JUKSTORY-B4303588CA26,https://www.jukstory.com/15,,2026-10-04,CURRENT_MENU_LISTED,,,
official-quality-jukstory-b71ed6a934b8,죽이야기,곱대창솥밥,QUALITY-JUKSTORY-B71ED6A934B8,https://www.jukstory.com/15,,2026-10-04,CURRENT_MENU_LISTED,,,
official-quality-jukstory-bb1b712e6ace,죽이야기,모듬해물솥죽,QUALITY-JUKSTORY-BB1B712E6ACE,https://www.jukstory.com/15,,2026-10-04,CURRENT_MENU_LISTED,,,
official-quality-jukstory-c67e510b91a3,죽이야기,진품전복솥죽,QUALITY-JUKSTORY-C67E510B91A3,https://www.jukstory.com/15,,2026-10-04,CURRENT_MENU_LISTED,,,
official-quality-jukstory-d4cce5af6330,죽이야기,고구마옥수수죽,QUALITY-JUKSTORY-D4CCE5AF6330,https://www.jukstory.com/15,,2026-10-04,CURRENT_MENU_LISTED,,,
official-quality-jukstory-d776175d4236,죽이야기,소고기솥밥,QUALITY-JUKSTORY-D776175D4236,https://www.jukstory.com/15,,2026-10-04,CURRENT_MENU_LISTED,,,
official-quality-jukstory-d85712a2b959,죽이야기,얼큰삼계탕,QUALITY-JUKSTORY-D85712A2B959,https://www.jukstory.com/15,,2026-10-04,CURRENT_MENU_LISTED,,,
official-quality-jukstory-d98b6059f274,죽이야기,한우야채솥죽,QUALITY-JUKSTORY-D98B6059F274,https://www.jukstory.com/15,,2026-10-04,CURRENT_MENU_LISTED,,,
official-quality-jukstory-dcabe79cbf11,죽이야기,진삼계탕,QUALITY-JUKSTORY-DCABE79CBF11,https://www.jukstory.com/15,,2026-10-04,CURRENT_MENU_LISTED,,,
official-quality-jukstory-dd5b621ada41,죽이야기,야채솥죽,QUALITY-JUKSTORY-DD5B621ADA41,https://www.jukstory.com/15,,2026-10-04,CURRENT_MENU_LISTED,,,
official-quality-jukstory-e156015758fb,죽이야기,콩국수,QUALITY-JUKSTORY-E156015758FB,https://www.jukstory.com/15,,2026-10-04,CURRENT_MENU_LISTED,,,
official-quality-jukstory-e18cc3ada24a,죽이야기,해물볶음밥,QUALITY-JUKSTORY-E18CC3ADA24A,https://www.jukstory.com/15,,2026-10-04,CURRENT_MENU_LISTED,,,
official-quality-jukstory-e205c104792b,죽이야기,오곡고소미죽,QUALITY-JUKSTORY-E205C104792B,https://www.jukstory.com/15,,2026-10-04,CURRENT_MENU_LISTED,,,
official-quality-jukstory-e4276499d2f5,죽이야기,고소미8곡죽,QUALITY-JUKSTORY-E4276499D2F5,https://www.jukstory.com/15,,2026-10-04,CURRENT_MENU_LISTED,,,
official-quality-jukstory-e8303a1e47b1,죽이야기,한우버섯솥죽,QUALITY-JUKSTORY-E8303A1E47B1,https://www.jukstory.com/15,,2026-10-04,CURRENT_MENU_LISTED,,,
official-quality-jukstory-e9db54f17ec0,죽이야기,인삼닭솥죽,QUALITY-JUKSTORY-E9DB54F17EC0,https://www.jukstory.com/15,,2026-10-04,CURRENT_MENU_LISTED,,,
official-quality-jukstory-ea9a22ac64de,죽이야기,불낙솥죽(매운맛),QUALITY-JUKSTORY-EA9A22AC64DE,https://www.jukstory.com/15,,2026-10-04,CURRENT_MENU_LISTED,,,
official-quality-jukstory-eb485275f624,죽이야기,돈채솥밥,QUALITY-JUKSTORY-EB485275F624,https://www.jukstory.com/15,,2026-10-04,CURRENT_MENU_LISTED,,,
official-quality-jukstory-fec01e17d90e,죽이야기,녹두전,QUALITY-JUKSTORY-FEC01E17D90E,https://www.jukstory.com/15,,2026-10-04,CURRENT_MENU_LISTED,,,
official-quality-namuya-01a66a40b7da,국수나무,상하이진한짬뽕밥,QUALITY-NAMUYA-01A66A40B7DA,https://www.namuya.co.kr/food/food.php?cat_no=4,,2026-10-04,CURRENT_MENU_LISTED,,,
official-quality-namuya-031baa341a26,국수나무,돈므라이스,QUALITY-NAMUYA-031BAA341A26,https://www.namuya.co.kr/food/food.php?cat_no=4,,2026-10-04,CURRENT_MENU_LISTED,,,
official-quality-namuya-037929903b08,국수나무,맑은고기국수,QUALITY-NAMUYA-037929903B08,https://www.namuya.co.kr/food/food.php?cat_no=2,,2026-10-04,CURRENT_MENU_LISTED,,,
official-quality-namuya-0664cf3aed81,국수나무,열무국수,QUALITY-NAMUYA-0664CF3AED81,https://www.namuya.co.kr/food/food.php?cat_no=6,,2026-10-04,CURRENT_MENU_LISTED,,,
official-quality-namuya-15af480ec4f7,국수나무,열냉불고기정식,QUALITY-NAMUYA-15AF480EC4F7,https://www.namuya.co.kr/food/food.php,,2026-10-04,CURRENT_MENU_LISTED,,,
official-quality-namuya-19b176949c19,국수나무,국물떡볶이,QUALITY-NAMUYA-19B176949C19,https://www.namuya.co.kr/food/food.php?cat_no=7,,2026-10-04,CURRENT_MENU_LISTED,,,
official-quality-namuya-1c51fd0efc6d,국수나무,리얼치즈돈까스,QUALITY-NAMUYA-1C51FD0EFC6D,https://www.namuya.co.kr/food/food.php?cat_no=5,,2026-10-04,CURRENT_MENU_LISTED,,,
official-quality-namuya-1c534c05422a,국수나무,미니등심돈까스,QUALITY-NAMUYA-1C534C05422A,https://www.namuya.co.kr/food/food.php?cat_no=7,,2026-10-04,CURRENT_MENU_LISTED,,,
official-quality-namuya-1c8bf4f124f3,국수나무,우삼겹깍두기볶음밥,QUALITY-NAMUYA-1C8BF4F124F3,https://www.namuya.co.kr/food/food.php?cat_no=4,,2026-10-04,CURRENT_MENU_LISTED,,,
official-quality-namuya-1d0cd019369e,국수나무,소고기짬뽕밥,QUALITY-NAMUYA-1D0CD019369E,https://www.namuya.co.kr/food/food.php?cat_no=4,,2026-10-04,CURRENT_MENU_LISTED,,,
official-quality-namuya-21d50b3d03be,국수나무,국수나무알밥,QUALITY-NAMUYA-21D50B3D03BE,https://www.namuya.co.kr/food/food.php?cat_no=4,,2026-10-04,CURRENT_MENU_LISTED,,,
official-quality-namuya-22db185728fc,국수나무,국치정식,QUALITY-NAMUYA-22DB185728FC,https://www.namuya.co.kr/food/food.php,,2026-10-04,CURRENT_MENU_LISTED,,,
official-quality-namuya-253908c3a523,국수나무,청양마요가라아게,QUALITY-NAMUYA-253908C3A523,https://www.namuya.co.kr/food/food.php?cat_no=7,,2026-10-04,CURRENT_MENU_LISTED,,,
official-quality-namuya-281f9ef8db8d,국수나무,미니치즈돈까스,QUALITY-NAMUYA-281F9EF8DB8D,https://www.namuya.co.kr/food/food.php?cat_no=7,,2026-10-04,CURRENT_MENU_LISTED,,,
official-quality-namuya-2ae8dd49a869,국수나무,물냉불고기정식,QUALITY-NAMUYA-2AE8DD49A869,https://www.namuya.co.kr/food/food.php,,2026-10-04,CURRENT_MENU_LISTED,,,
official-quality-namuya-2b98c67c5975,국수나무,돈코츠라멘,QUALITY-NAMUYA-2B98C67C5975,https://www.namuya.co.kr/food/food.php?cat_no=3,,2026-10-04,CURRENT_MENU_LISTED,,,
official-quality-namuya-2c2f87fed673,국수나무,소고기낙지덮밥,QUALITY-NAMUYA-2C2F87FED673,https://www.namuya.co.kr/food/food.php?cat_no=4,,2026-10-04,CURRENT_MENU_LISTED,,,
official-quality-namuya-2e60de202244,국수나무,제육돈까스,QUALITY-NAMUYA-2E60DE202244,https://www.namuya.co.kr/food/food.php?cat_no=4,,2026-10-04,CURRENT_MENU_LISTED,,,
official-quality-namuya-30445430d490,국수나무,물냉면,QUALITY-NAMUYA-30445430D490,https://www.namuya.co.kr/food/food.php?cat_no=6,,2026-10-04,CURRENT_MENU_LISTED,,,
official-quality-namuya-3083cb767b81,국수나무,쫄면,QUALITY-NAMUYA-3083CB767B81,https://www.namuya.co.kr/food/food.php?cat_no=3,,2026-10-04,CURRENT_MENU_LISTED,,,
official-quality-namuya-30ad112ba845,국수나무,쫄비빔면,QUALITY-NAMUYA-30AD112BA845,https://www.namuya.co.kr/food/food.php?cat_no=2,,2026-10-04,CURRENT_MENU_LISTED,,,
official-quality-namuya-32e10ba0e3d3,국수나무,왕만두,QUALITY-NAMUYA-32E10BA0E3D3,https://www.namuya.co.kr/food/food.php?cat_no=7,,2026-10-04,CURRENT_MENU_LISTED,,,
official-quality-namuya-33c148d027b7,국수나무,초계국수,QUALITY-NAMUYA-33C148D027B7,https://www.namuya.co.kr/food/food.php?cat_no=6,,2026-10-04,CURRENT_MENU_LISTED,,,
official-quality-namuya-369d3312f69f,국수나무,바삭갈비만두,QUALITY-NAMUYA-369D3312F69F,https://www.namuya.co.kr/food/food.php?cat_no=7,,2026-10-04,CURRENT_MENU_LISTED,,,
official-quality-namuya-3747582df72b,국수나무,폭신폭신계란짬뽕밥 (소고기),QUALITY-NAMUYA-3747582DF72B,https://www.namuya.co.kr/food/food.php?cat_no=4,,2026-10-04,CURRENT_MENU_LISTED,,,
official-quality-namuya-397f550117a8,국수나무,청양마요돈까스,QUALITY-NAMUYA-397F550117A8,https://www.namuya.co.kr/food/food.php?cat_no=5,,2026-10-04,CURRENT_MENU_LISTED,,,
official-quality-namuya-3992e4e5a28e,국수나무,냉국수,QUALITY-NAMUYA-3992E4E5A28E,https://www.namuya.co.kr/food/food.php?cat_no=2,,2026-10-04,CURRENT_MENU_LISTED,,,
official-quality-namuya-3b85a8642b49,국수나무,규동(소고기덮밥),QUALITY-NAMUYA-3B85A8642B49,https://www.namuya.co.kr/food/food.php?cat_no=4,,2026-10-04,CURRENT_MENU_LISTED,,,
official-quality-namuya-3babe2c6bf7e,국수나무,지단육개장우동,QUALITY-NAMUYA-3BABE2C6BF7E,https://www.namuya.co.kr/food/food.php?cat_no=6,,2026-10-04,CURRENT_MENU_LISTED,,,
official-quality-namuya-42d72dff96cc,국수나무,미니수육,QUALITY-NAMUYA-42D72DFF96CC,https://www.namuya.co.kr/food/food.php?cat_no=7,,2026-10-04,CURRENT_MENU_LISTED,,,
official-quality-namuya-4481a579301e,국수나무,만들어먹는주먹밥,QUALITY-NAMUYA-4481A579301E,https://www.namuya.co.kr/food/food.php?cat_no=7,,2026-10-04,CURRENT_MENU_LISTED,,,
official-quality-namuya-450d5926a8e3,국수나무,비빔냉면,QUALITY-NAMUYA-450D5926A8E3,https://www.namuya.co.kr/food/food.php?cat_no=6,,2026-10-04,CURRENT_MENU_LISTED,,,
official-quality-namuya-48264add0563,국수나무,로제돈까스,QUALITY-NAMUYA-48264ADD0563,https://www.namuya.co.kr/food/food.php?cat_no=5,,2026-10-04,CURRENT_MENU_LISTED,,,
official-quality-namuya-494727279a90,국수나무,치킨가라아게,QUALITY-NAMUYA-494727279A90,https://www.namuya.co.kr/food/food.php?cat_no=7,,2026-10-04,CURRENT_MENU_LISTED,,,
official-quality-namuya-5150a0d91129,국수나무,낙지비빔칼국수,QUALITY-NAMUYA-5150A0D91129,https://www.namuya.co.kr/food/food.php?cat_no=3,,2026-10-04,CURRENT_MENU_LISTED,,,
official-quality-namuya-54d980a9eed0,국수나무,돈까스카레덮밥,QUALITY-NAMUYA-54D980A9EED0,https://www.namuya.co.kr/food/food.php?cat_no=4,,2026-10-04,CURRENT_MENU_LISTED,,,
official-quality-namuya-57f525c66f2a,국수나무,15cm 감자전,QUALITY-NAMUYA-57F525C66F2A,https://www.namuya.co.kr/food/food.php?cat_no=7,,2026-10-04,CURRENT_MENU_LISTED,,,
official-quality-namuya-5d2b366ea2d1,국수나무,옛날왕돈까스,QUALITY-NAMUYA-5D2B366EA2D1,https://www.namuya.co.kr/food/food.php?cat_no=5,,2026-10-04,CURRENT_MENU_LISTED,,,
official-quality-namuya-5d6928621487,국수나무,미니우동,QUALITY-NAMUYA-5D6928621487,https://www.namuya.co.kr/food/food.php?cat_no=7,,2026-10-04,CURRENT_MENU_LISTED,,,
official-quality-namuya-5daec0147e0e,국수나무,냉치정식,QUALITY-NAMUYA-5DAEC0147E0E,https://www.namuya.co.kr/food/food.php,,2026-10-04,CURRENT_MENU_LISTED,,,
official-quality-namuya-5dc2e12a0a30,국수나무,탄탄멘,QUALITY-NAMUYA-5DC2E12A0A30,https://www.namuya.co.kr/food/food.php?cat_no=3,,2026-10-04,CURRENT_MENU_LISTED,,,
official-quality-namuya-6c252192b8be,국수나무,가츠동,QUALITY-NAMUYA-6C252192B8BE,https://www.namuya.co.kr/food/food.php?cat_no=4,,2026-10-04,CURRENT_MENU_LISTED,,,
official-quality-namuya-720abe6e35d9,국수나무,소치정식,QUALITY-NAMUYA-720ABE6E35D9,https://www.namuya.co.kr/food/food.php,,2026-10-04,CURRENT_MENU_LISTED,,,
official-quality-namuya-816dec069012,국수나무,잔치(생면)국수,QUALITY-NAMUYA-816DEC069012,https://www.namuya.co.kr/food/food.php?cat_no=2,,2026-10-04,CURRENT_MENU_LISTED,,,
official-quality-namuya-8a1bb533bf2c,국수나무,직화제육면,QUALITY-NAMUYA-8A1BB533BF2C,https://www.namuya.co.kr/food/food.php?cat_no=2,,2026-10-04,CURRENT_MENU_LISTED,,,
official-quality-namuya-8a84939ef5cf,국수나무,우삼겹중화얼큰국수,QUALITY-NAMUYA-8A84939EF5CF,https://www.namuya.co.kr/food/food.php?cat_no=2,,2026-10-04,CURRENT_MENU_LISTED,,,
official-quality-namuya-8ac8aa9e05fa,국수나무,갈비만두,QUALITY-NAMUYA-8AC8AA9E05FA,https://www.namuya.co.kr/food/food.php?cat_no=7,,2026-10-04,CURRENT_MENU_LISTED,,,
official-quality-namuya-9d4979407091,국수나무,열무냉면,QUALITY-NAMUYA-9D4979407091,https://www.namuya.co.kr/food/food.php?cat_no=6,,2026-10-04,CURRENT_MENU_LISTED,,,
official-quality-namuya-a3df830aa13d,국수나무,새우튀김우동,QUALITY-NAMUYA-A3DF830AA13D,https://www.namuya.co.kr/food/food.php?cat_no=3,,2026-10-04,CURRENT_MENU_LISTED,,,
official-quality-namuya-a4101a43101e,국수나무,깨마니비빔막국수,QUALITY-NAMUYA-A4101A43101E,https://www.namuya.co.kr/food/food.php?cat_no=3,,2026-10-04,CURRENT_MENU_LISTED,,,
official-quality-namuya-a76ac509be65,국수나무,폭신폭신계란짬뽕밥 (해물),QUALITY-NAMUYA-A76AC509BE65,https://www.namuya.co.kr/food/food.php?cat_no=4,,2026-10-04,CURRENT_MENU_LISTED,,,
official-quality-namuya-b036e56716bb,국수나무,메밀소바,QUALITY-NAMUYA-B036E56716BB,https://www.namuya.co.kr/food/food.php?cat_no=3,,2026-10-04,CURRENT_MENU_LISTED,,,
official-quality-namuya-b32504722c7d,국수나무,소고기짬뽕,QUALITY-NAMUYA-B32504722C7D,https://www.namuya.co.kr/food/food.php?cat_no=2,,2026-10-04,CURRENT_MENU_LISTED,,,
official-quality-namuya-b4d32b2d3915,국수나무,소낙정식,QUALITY-NAMUYA-B4D32B2D3915,https://www.namuya.co.kr/food/food.php,,2026-10-04,CURRENT_MENU_LISTED,,,
official-quality-namuya-b50993f75dee,국수나무,아쿠아돈까스,QUALITY-NAMUYA-B50993F75DEE,https://www.namuya.co.kr/food/food.php?cat_no=5,,2026-10-04,CURRENT_MENU_LISTED,,,
official-quality-namuya-b5993435b2f4,국수나무,순콩국수,QUALITY-NAMUYA-B5993435B2F4,https://www.namuya.co.kr/food/food.php?cat_no=6,,2026-10-04,CURRENT_MENU_LISTED,,,
official-quality-namuya-bf2e4624d123,국수나무,직화제육덮밥,QUALITY-NAMUYA-BF2E4624D123,https://www.namuya.co.kr/food/food.php?cat_no=4,,2026-10-04,CURRENT_MENU_LISTED,,,
official-quality-namuya-c32ee6456393,국수나무,칼국수,QUALITY-NAMUYA-C32EE6456393,https://www.namuya.co.kr/food/food.php?cat_no=3,,2026-10-04,CURRENT_MENU_LISTED,,,
official-quality-namuya-c35655039913,국수나무,미니고구마치즈돈까스,QUALITY-NAMUYA-C35655039913,https://www.namuya.co.kr/food/food.php?cat_no=7,,2026-10-04,CURRENT_MENU_LISTED,,,
official-quality-namuya-c8c10030c646,국수나무,비냉불고기정식,QUALITY-NAMUYA-C8C10030C646,https://www.namuya.co.kr/food/food.php,,2026-10-04,CURRENT_MENU_LISTED,,,
official-quality-namuya-ca4554268fb0,국수나무,비빔납작만두,QUALITY-NAMUYA-CA4554268FB0,https://www.namuya.co.kr/food/food.php?cat_no=7,,2026-10-04,CURRENT_MENU_LISTED,,,
official-quality-namuya-ce327c83fb65,국수나무,국만정식,QUALITY-NAMUYA-CE327C83FB65,https://www.namuya.co.kr/food/food.php,,2026-10-04,CURRENT_MENU_LISTED,,,
official-quality-namuya-d1060ce9460e,국수나무,등심치즈돈까스,QUALITY-NAMUYA-D1060CE9460E,https://www.namuya.co.kr/food/food.php?cat_no=5,,2026-10-04,CURRENT_MENU_LISTED,,,
official-quality-namuya-d1b3bf3339ee,국수나무,국수나무우동,QUALITY-NAMUYA-D1B3BF3339EE,https://www.namuya.co.kr/food/food.php?cat_no=3,,2026-10-04,CURRENT_MENU_LISTED,,,
official-quality-namuya-d2b2189625fa,국수나무,오리엔탈오므라이스,QUALITY-NAMUYA-D2B2189625FA,https://www.namuya.co.kr/food/food.php?cat_no=4,,2026-10-04,CURRENT_MENU_LISTED,,,
official-quality-namuya-d3dc989bab36,국수나무,오므라이스정식,QUALITY-NAMUYA-D3DC989BAB36,https://www.namuya.co.kr/food/food.php,,2026-10-04,CURRENT_MENU_LISTED,,,
official-quality-namuya-d52c1b5d7c8c,국수나무,상하이진한짬뽕,QUALITY-NAMUYA-D52C1B5D7C8C,https://www.namuya.co.kr/food/food.php?cat_no=2,,2026-10-04,CURRENT_MENU_LISTED,,,
official-quality-namuya-d97df593689a,국수나무,직화제육정식,QUALITY-NAMUYA-D97DF593689A,https://www.namuya.co.kr/food/food.php,,2026-10-04,CURRENT_MENU_LISTED,,,
official-quality-namuya-dd05a25d9b27,국수나무,깨마니정식,QUALITY-NAMUYA-DD05A25D9B27,https://www.namuya.co.kr/food/food.php,,2026-10-04,CURRENT_MENU_LISTED,,,
official-quality-namuya-e40617603209,국수나무,매콤달달 生 비빔국수,QUALITY-NAMUYA-E40617603209,https://www.namuya.co.kr/food/food.php?cat_no=2,,2026-10-04,CURRENT_MENU_LISTED,,,
official-quality-namuya-e68824e57c19,국수나무,새우튀김,QUALITY-NAMUYA-E68824E57C19,https://www.namuya.co.kr/food/food.php?cat_no=7,,2026-10-04,CURRENT_MENU_LISTED,,,
official-quality-namuya-e6a85402be00,국수나무,돈쭐정식,QUALITY-NAMUYA-E6A85402BE00,https://www.namuya.co.kr/food/food.php,,2026-10-04,CURRENT_MENU_LISTED,,,
official-quality-namuya-e701d08bf388,국수나무,산더미 애호박국수,QUALITY-NAMUYA-E701D08BF388,https://www.namuya.co.kr/food/food.php?cat_no=2,,2026-10-04,CURRENT_MENU_LISTED,,,
official-quality-namuya-ed52e3f05cd9,국수나무,해물칼국수,QUALITY-NAMUYA-ED52E3F05CD9,https://www.namuya.co.kr/food/food.php?cat_no=3,,2026-10-04,CURRENT_MENU_LISTED,,,
official-quality-namuya-ef415ef29efe,국수나무,지단육개장,QUALITY-NAMUYA-EF415EF29EFE,https://www.namuya.co.kr/food/food.php?cat_no=6,,2026-10-04,CURRENT_MENU_LISTED,,,
official-quality-namuya-f33869f9fb5a,국수나무,치킨카레덮밥,QUALITY-NAMUYA-F33869F9FB5A,https://www.namuya.co.kr/food/food.php?cat_no=4,,2026-10-04,CURRENT_MENU_LISTED,,,
official-quality-namuya-f4f6805e3d8d,국수나무,연탄직화불고기,QUALITY-NAMUYA-F4F6805E3D8D,https://www.namuya.co.kr/food/food.php?cat_no=7,,2026-10-04,CURRENT_MENU_LISTED,,,
official-quality-namuya-f752b968562d,국수나무,15cm 김치전,QUALITY-NAMUYA-F752B968562D,https://www.namuya.co.kr/food/food.php?cat_no=7,,2026-10-04,CURRENT_MENU_LISTED,,,
official-quality-namuya-f8766108a3f8,국수나무,김치찌개돈까스,QUALITY-NAMUYA-F8766108A3F8,https://www.namuya.co.kr/food/food.php?cat_no=4,,2026-10-04,CURRENT_MENU_LISTED,,,
official-quality-namuya-f9bc98bb32dd,국수나무,김치듬뿍국수,QUALITY-NAMUYA-F9BC98BB32DD,https://www.namuya.co.kr/food/food.php?cat_no=2,,2026-10-04,CURRENT_MENU_LISTED,,,
official-quality-namuya-fbba73579db1,국수나무,베트남소고기쌀국수,QUALITY-NAMUYA-FBBA73579DB1,https://www.namuya.co.kr/food/food.php?cat_no=3,,2026-10-04,CURRENT_MENU_LISTED,,,
official-quality-namuya-fd352f027f33,국수나무,김말이,QUALITY-NAMUYA-FD352F027F33,https://www.namuya.co.kr/food/food.php?cat_no=7,,2026-10-04,CURRENT_MENU_LISTED,,,
official-quality-namuya-fe0466842fd1,국수나무,초계비빔국수,QUALITY-NAMUYA-FE0466842FD1,https://www.namuya.co.kr/food/food.php?cat_no=6,,2026-10-04,CURRENT_MENU_LISTED,,,
official-quality-pokeallday-019f085377ad,포케올데이,아메리카노,QUALITY-POKEALLDAY-019F085377AD,https://pokeallday.co.kr/nutrition,,2026-10-04,CURRENT_MENU_LISTED,,,
official-quality-pokeallday-18bc902a76aa,포케올데이,프로틴 곡물라떼,QUALITY-POKEALLDAY-18BC902A76AA,https://pokeallday.co.kr/nutrition,,2026-10-04,CURRENT_MENU_LISTED,,,
official-quality-pokeallday-2c030f1e481b,포케올데이,토마토&당근,QUALITY-POKEALLDAY-2C030F1E481B,https://pokeallday.co.kr/nutrition,,2026-10-04,CURRENT_MENU_LISTED,,,
official-quality-pokeallday-7660a7e41552,포케올데이,프로틴 초코라떼,QUALITY-POKEALLDAY-7660A7E41552,https://pokeallday.co.kr/nutrition,,2026-10-04,CURRENT_MENU_LISTED,,,
official-quality-pokeallday-8676811568bf,포케올데이,비트&당근,QUALITY-POKEALLDAY-8676811568BF,https://pokeallday.co.kr/nutrition,,2026-10-04,CURRENT_MENU_LISTED,,,
official-quality-pokeallday-8da0dbf6de1b,포케올데이,시트러스 얼그레이 콤부,QUALITY-POKEALLDAY-8DA0DBF6DE1B,https://pokeallday.co.kr/nutrition,,2026-10-04,CURRENT_MENU_LISTED,,,
official-quality-pokeallday-e88a05b81c98,포케올데이,피치 캐모마일 콤부,QUALITY-POKEALLDAY-E88A05B81C98,https://pokeallday.co.kr/nutrition,,2026-10-04,CURRENT_MENU_LISTED,,,
official-quality-pokeallday-f0700a3ea3ba,포케올데이,케일&사과,QUALITY-POKEALLDAY-F0700A3EA3BA,https://pokeallday.co.kr/nutrition,,2026-10-04,CURRENT_MENU_LISTED,,,
official-quality-pokeallday-fd489d380bf1,포케올데이,애사비 콤부,QUALITY-POKEALLDAY-FD489D380BF1,https://pokeallday.co.kr/nutrition,,2026-10-04,CURRENT_MENU_LISTED,,,
official-quality-schoolfood-01436b2c6a63,스쿨푸드,소고기 얼큰 쌀국수,QUALITY-SCHOOLFOOD-01436B2C6A63,http://schoolfood.freewebclub.com/menu/menu.html,,2026-10-04,CURRENT_MENU_LISTED,,,
official-quality-schoolfood-03d1d2db2cc2,스쿨푸드,모짜렐라 스페셜Ⅰ,QUALITY-SCHOOLFOOD-03D1D2DB2CC2,http://schoolfood.freewebclub.com/menu/menu.html,,2026-10-04,CURRENT_MENU_LISTED,,,
official-quality-schoolfood-1663e51ffeb2,스쿨푸드,로스카츠,QUALITY-SCHOOLFOOD-1663E51FFEB2,http://schoolfood.freewebclub.com/menu/menu.html,,2026-10-04,CURRENT_MENU_LISTED,,,
official-quality-schoolfood-170563e17c5d,스쿨푸드,마요소스,QUALITY-SCHOOLFOOD-170563E17C5D,http://schoolfood.freewebclub.com/menu/menu.html,,2026-10-04,CURRENT_MENU_LISTED,,,
official-quality-schoolfood-17cd793452d1,스쿨푸드,이태원 부대국밥,QUALITY-SCHOOLFOOD-17CD793452D1,http://schoolfood.freewebclub.com/menu/menu.html,,2026-10-04,CURRENT_MENU_LISTED,,,
official-quality-schoolfood-182e9c167be0,스쿨푸드,양념범벅 오징어튀김,QUALITY-SCHOOLFOOD-182E9C167BE0,http://schoolfood.freewebclub.com/menu/menu.html,,2026-10-04,CURRENT_MENU_LISTED,,,
official-quality-schoolfood-18a5d6b2adaf,스쿨푸드,스페셜마리 IV,QUALITY-SCHOOLFOOD-18A5D6B2ADAF,http://schoolfood.freewebclub.com/menu/menu.html,,2026-10-04,CURRENT_MENU_LISTED,,,
official-quality-schoolfood-19101b2afee2,스쿨푸드,치즈스틱,QUALITY-SCHOOLFOOD-19101B2AFEE2,http://schoolfood.freewebclub.com/menu/menu.html,,2026-10-04,CURRENT_MENU_LISTED,,,
official-quality-schoolfood-1b46b12618be,스쿨푸드,함바그 스테이크,QUALITY-SCHOOLFOOD-1B46B12618BE,http://schoolfood.freewebclub.com/menu/menu.html,,2026-10-04,CURRENT_MENU_LISTED,,,
official-quality-schoolfood-1ffeeb95e8a3,스쿨푸드,떡순이모둠,QUALITY-SCHOOLFOOD-1FFEEB95E8A3,http://schoolfood.freewebclub.com/menu/menu.html,,2026-10-04,CURRENT_MENU_LISTED,,,
official-quality-schoolfood-200c11a53672,스쿨푸드,청양슈프림 순살치킨,QUALITY-SCHOOLFOOD-200C11A53672,http://schoolfood.freewebclub.com/menu/menu.html,,2026-10-04,CURRENT_MENU_LISTED,,,
official-quality-schoolfood-234b1e4f0da8,스쿨푸드,신김치말이국수,QUALITY-SCHOOLFOOD-234B1E4F0DA8,http://schoolfood.freewebclub.com/menu/menu.html,,2026-10-04,CURRENT_MENU_LISTED,,,
official-quality-schoolfood-299166c9b9a7,스쿨푸드,통새우마리,QUALITY-SCHOOLFOOD-299166C9B9A7,http://schoolfood.freewebclub.com/menu/menu.html,,2026-10-04,CURRENT_MENU_LISTED,,,
official-quality-schoolfood-29e199c81745,스쿨푸드,소불고기 덮밥,QUALITY-SCHOOLFOOD-29E199C81745,http://schoolfood.freewebclub.com/menu/menu.html,,2026-10-04,CURRENT_MENU_LISTED,,,
official-quality-schoolfood-2c91f5a6e282,스쿨푸드,신비 물냉면,QUALITY-SCHOOLFOOD-2C91F5A6E282,http://schoolfood.freewebclub.com/menu/menu.html,,2026-10-04,CURRENT_MENU_LISTED,,,
official-quality-schoolfood-2e7168ec0cc2,스쿨푸드,쟁반국떡,QUALITY-SCHOOLFOOD-2E7168EC0CC2,http://schoolfood.freewebclub.com/menu/menu.html,,2026-10-04,CURRENT_MENU_LISTED,,,
official-quality-schoolfood-31181e3c7d6e,스쿨푸드,오리지널 스팸 필라프,QUALITY-SCHOOLFOOD-31181E3C7D6E,http://schoolfood.freewebclub.com/menu/menu.html,,2026-10-04,CURRENT_MENU_LISTED,,,
official-quality-schoolfood-34c7c6f8d2f6,스쿨푸드,치킨 마요 덮밥,QUALITY-SCHOOLFOOD-34C7C6F8D2F6,http://schoolfood.freewebclub.com/menu/menu.html,,2026-10-04,CURRENT_MENU_LISTED,,,
official-quality-schoolfood-3ebd1f211bbc,스쿨푸드,모둠튀김,QUALITY-SCHOOLFOOD-3EBD1F211BBC,http://schoolfood.freewebclub.com/menu/menu.html,,2026-10-04,CURRENT_MENU_LISTED,,,
official-quality-schoolfood-3f7860c9c490,스쿨푸드,베이컨 오므라이스,QUALITY-SCHOOLFOOD-3F7860C9C490,http://schoolfood.freewebclub.com/menu/menu.html,,2026-10-04,CURRENT_MENU_LISTED,,,
official-quality-schoolfood-411d2bc9cc00,스쿨푸드,어간장 들기름 막국수,QUALITY-SCHOOLFOOD-411D2BC9CC00,http://schoolfood.freewebclub.com/menu/menu.html,,2026-10-04,CURRENT_MENU_LISTED,,,
official-quality-schoolfood-4614deb2609f,스쿨푸드,오징어튀김,QUALITY-SCHOOLFOOD-4614DEB2609F,http://schoolfood.freewebclub.com/menu/menu.html,,2026-10-04,CURRENT_MENU_LISTED,,,
official-quality-schoolfood-465d5537bfb7,스쿨푸드,학교 앞 떡볶이,QUALITY-SCHOOLFOOD-465D5537BFB7,http://schoolfood.freewebclub.com/menu/menu.html,,2026-10-04,CURRENT_MENU_LISTED,,,
official-quality-schoolfood-47edfe5e9982,스쿨푸드,치즈돈까스,QUALITY-SCHOOLFOOD-47EDFE5E9982,http://schoolfood.freewebclub.com/menu/menu.html,,2026-10-04,CURRENT_MENU_LISTED,,,
official-quality-schoolfood-48355a13f817,스쿨푸드,짱아치라면,QUALITY-SCHOOLFOOD-48355A13F817,http://schoolfood.freewebclub.com/menu/menu.html,,2026-10-04,CURRENT_MENU_LISTED,,,
official-quality-schoolfood-48e4bbf36bfa,스쿨푸드,양념범벅 야끼만두,QUALITY-SCHOOLFOOD-48E4BBF36BFA,http://schoolfood.freewebclub.com/menu/menu.html,,2026-10-04,CURRENT_MENU_LISTED,,,
official-quality-schoolfood-493f2f759b20,스쿨푸드,먹물 까르보나라 파스타 떡볶이,QUALITY-SCHOOLFOOD-493F2F759B20,http://schoolfood.freewebclub.com/menu/menu.html,,2026-10-04,CURRENT_MENU_LISTED,,,
official-quality-schoolfood-5435a8e2bace,스쿨푸드,옛날 김치볶음밥,QUALITY-SCHOOLFOOD-5435A8E2BACE,http://schoolfood.freewebclub.com/menu/menu.html,,2026-10-04,CURRENT_MENU_LISTED,,,
official-quality-schoolfood-58a585e1fb6a,스쿨푸드,셀프 주먹밥,QUALITY-SCHOOLFOOD-58A585E1FB6A,http://schoolfood.freewebclub.com/menu/menu.html,,2026-10-04,CURRENT_MENU_LISTED,,,
official-quality-schoolfood-599b67031885,스쿨푸드,신비 비빔냉면,QUALITY-SCHOOLFOOD-599B67031885,http://schoolfood.freewebclub.com/menu/menu.html,,2026-10-04,CURRENT_MENU_LISTED,,,
official-quality-schoolfood-5aa308066c34,스쿨푸드,길거리표 떡볶이,QUALITY-SCHOOLFOOD-5AA308066C34,http://schoolfood.freewebclub.com/menu/menu.html,,2026-10-04,CURRENT_MENU_LISTED,,,
official-quality-schoolfood-5d349e918da2,스쿨푸드,김치 콩나물 우동,QUALITY-SCHOOLFOOD-5D349E918DA2,http://schoolfood.freewebclub.com/menu/menu.html,,2026-10-04,CURRENT_MENU_LISTED,,,
official-quality-schoolfood-5e9f5dce05ab,스쿨푸드,열무 막국수,QUALITY-SCHOOLFOOD-5E9F5DCE05AB,http://schoolfood.freewebclub.com/menu/menu.html,,2026-10-04,CURRENT_MENU_LISTED,,,
official-quality-schoolfood-5f5840459782,스쿨푸드,오도독매콤 짱아치,QUALITY-SCHOOLFOOD-5F5840459782,http://schoolfood.freewebclub.com/menu/menu.html,,2026-10-04,CURRENT_MENU_LISTED,,,
official-quality-schoolfood-6231edeafc43,스쿨푸드,쉬림프 팟타이,QUALITY-SCHOOLFOOD-6231EDEAFC43,http://schoolfood.freewebclub.com/menu/menu.html,,2026-10-04,CURRENT_MENU_LISTED,,,
official-quality-schoolfood-6280cbc2a473,스쿨푸드,짱아치 충무마리,QUALITY-SCHOOLFOOD-6280CBC2A473,http://schoolfood.freewebclub.com/menu/menu.html,,2026-10-04,CURRENT_MENU_LISTED,,,
official-quality-schoolfood-6b99bce52c2a,스쿨푸드,어간장 육감쫄면,QUALITY-SCHOOLFOOD-6B99BCE52C2A,http://schoolfood.freewebclub.com/menu/menu.html,,2026-10-04,CURRENT_MENU_LISTED,,,
official-quality-schoolfood-6e951c36b121,스쿨푸드,돼지양념 왕구이 덮밥,QUALITY-SCHOOLFOOD-6E951C36B121,http://schoolfood.freewebclub.com/menu/menu.html,,2026-10-04,CURRENT_MENU_LISTED,,,
official-quality-schoolfood-716666b600e1,스쿨푸드,모짜렐라 통새우 계란 마리,QUALITY-SCHOOLFOOD-716666B600E1,http://schoolfood.freewebclub.com/menu/menu.html,,2026-10-04,CURRENT_MENU_LISTED,,,
official-quality-schoolfood-71ba13647a07,스쿨푸드,모짜렐라 스팸 계란 마리,QUALITY-SCHOOLFOOD-71BA13647A07,http://schoolfood.freewebclub.com/menu/menu.html,,2026-10-04,CURRENT_MENU_LISTED,,,
official-quality-schoolfood-731dc6ee64e2,스쿨푸드,멸치마리,QUALITY-SCHOOLFOOD-731DC6EE64E2,http://schoolfood.freewebclub.com/menu/menu.html,,2026-10-04,CURRENT_MENU_LISTED,,,
official-quality-schoolfood-80268713246d,스쿨푸드,고구마 치즈스틱,QUALITY-SCHOOLFOOD-80268713246D,http://schoolfood.freewebclub.com/menu/menu.html,,2026-10-04,CURRENT_MENU_LISTED,,,
official-quality-schoolfood-81f9c6361527,스쿨푸드,모짜레드 통새우 계란 마리,QUALITY-SCHOOLFOOD-81F9C6361527,http://schoolfood.freewebclub.com/menu/menu.html,,2026-10-04,CURRENT_MENU_LISTED,,,
official-quality-schoolfood-845cc1049107,스쿨푸드,듬뿍야채쫄면,QUALITY-SCHOOLFOOD-845CC1049107,http://schoolfood.freewebclub.com/menu/menu.html,,2026-10-04,CURRENT_MENU_LISTED,,,
official-quality-schoolfood-84a7cc3552b8,스쿨푸드,전복 계란 마리,QUALITY-SCHOOLFOOD-84A7CC3552B8,http://schoolfood.freewebclub.com/menu/menu.html,,2026-10-04,CURRENT_MENU_LISTED,,,
official-quality-schoolfood-85dfda827405,스쿨푸드,양념범벅 순대,QUALITY-SCHOOLFOOD-85DFDA827405,http://schoolfood.freewebclub.com/menu/menu.html,,2026-10-04,CURRENT_MENU_LISTED,,,
official-quality-schoolfood-8866a81390c0,스쿨푸드,장조림 버터비빔밥,QUALITY-SCHOOLFOOD-8866A81390C0,http://schoolfood.freewebclub.com/menu/menu.html,,2026-10-04,CURRENT_MENU_LISTED,,,
official-quality-schoolfood-8af046799877,스쿨푸드,해물야채튀김우동,QUALITY-SCHOOLFOOD-8AF046799877,http://schoolfood.freewebclub.com/menu/menu.html,,2026-10-04,CURRENT_MENU_LISTED,,,
official-quality-schoolfood-8b40dad47aa1,스쿨푸드,새우튀김 냉소바,QUALITY-SCHOOLFOOD-8B40DAD47AA1,http://schoolfood.freewebclub.com/menu/menu.html,,2026-10-04,CURRENT_MENU_LISTED,,,
official-quality-schoolfood-8e5102e100c3,스쿨푸드,고추멸치마리,QUALITY-SCHOOLFOOD-8E5102E100C3,http://schoolfood.freewebclub.com/menu/menu.html,,2026-10-04,CURRENT_MENU_LISTED,,,
official-quality-schoolfood-903dd5e3f308,스쿨푸드,마라떡볶이,QUALITY-SCHOOLFOOD-903DD5E3F308,http://schoolfood.freewebclub.com/menu/menu.html,,2026-10-04,CURRENT_MENU_LISTED,,,
official-quality-schoolfood-93215cdcf458,스쿨푸드,스쿨푸드 돈까스,QUALITY-SCHOOLFOOD-93215CDCF458,http://schoolfood.freewebclub.com/menu/menu.html,,2026-10-04,CURRENT_MENU_LISTED,,,
official-quality-schoolfood-936a3dc3e596,스쿨푸드,매운 물비빔냉면,QUALITY-SCHOOLFOOD-936A3DC3E596,http://schoolfood.freewebclub.com/menu/menu.html,,2026-10-04,CURRENT_MENU_LISTED,,,
official-quality-schoolfood-96b90b1725fd,스쿨푸드,부산어묵우동,QUALITY-SCHOOLFOOD-96B90B1725FD,http://schoolfood.freewebclub.com/menu/menu.html,,2026-10-04,CURRENT_MENU_LISTED,,,
official-quality-schoolfood-9e4e2cac16b7,스쿨푸드,쏘이 까르보나라 파스타 떡볶이,QUALITY-SCHOOLFOOD-9E4E2CAC16B7,http://schoolfood.freewebclub.com/menu/menu.html,,2026-10-04,CURRENT_MENU_LISTED,,,
official-quality-schoolfood-9e6e7f37eab9,스쿨푸드,신김치 비빔국수,QUALITY-SCHOOLFOOD-9E6E7F37EAB9,http://schoolfood.freewebclub.com/menu/menu.html,,2026-10-04,CURRENT_MENU_LISTED,,,
official-quality-schoolfood-9f85a0b4105d,스쿨푸드,레드스윗 순살치킨,QUALITY-SCHOOLFOOD-9F85A0B4105D,http://schoolfood.freewebclub.com/menu/menu.html,,2026-10-04,CURRENT_MENU_LISTED,,,
official-quality-schoolfood-a267eaaec16e,스쿨푸드,양념범벅 김말이,QUALITY-SCHOOLFOOD-A267EAAEC16E,http://schoolfood.freewebclub.com/menu/menu.html,,2026-10-04,CURRENT_MENU_LISTED,,,
official-quality-schoolfood-a87f7b256595,스쿨푸드,유자쏘이 순살치킨,QUALITY-SCHOOLFOOD-A87F7B256595,http://schoolfood.freewebclub.com/menu/menu.html,,2026-10-04,CURRENT_MENU_LISTED,,,
official-quality-schoolfood-a8c122dde0fe,스쿨푸드,에비텐 비빔우동,QUALITY-SCHOOLFOOD-A8C122DDE0FE,http://schoolfood.freewebclub.com/menu/menu.html,,2026-10-04,CURRENT_MENU_LISTED,,,
official-quality-schoolfood-a98ea1a99088,스쿨푸드,스패니쉬 오징어 먹물 마리,QUALITY-SCHOOLFOOD-A98EA1A99088,http://schoolfood.freewebclub.com/menu/menu.html,,2026-10-04,CURRENT_MENU_LISTED,,,
official-quality-schoolfood-ab90ff315b6f,스쿨푸드,김치마리,QUALITY-SCHOOLFOOD-AB90FF315B6F,http://schoolfood.freewebclub.com/menu/menu.html,,2026-10-04,CURRENT_MENU_LISTED,,,
official-quality-schoolfood-abe7b7681ffd,스쿨푸드,들기름 순대야채볶음,QUALITY-SCHOOLFOOD-ABE7B7681FFD,http://schoolfood.freewebclub.com/menu/menu.html,,2026-10-04,CURRENT_MENU_LISTED,,,
official-quality-schoolfood-b6917f8c2e41,스쿨푸드,베이컨마늘마리,QUALITY-SCHOOLFOOD-B6917F8C2E41,http://schoolfood.freewebclub.com/menu/menu.html,,2026-10-04,CURRENT_MENU_LISTED,,,
official-quality-schoolfood-b6fe8cda93d9,스쿨푸드,치즈 길떡 돈까스,QUALITY-SCHOOLFOOD-B6FE8CDA93D9,http://schoolfood.freewebclub.com/menu/menu.html,,2026-10-04,CURRENT_MENU_LISTED,,,
official-quality-schoolfood-b93fd79d0c47,스쿨푸드,부산어묵탕,QUALITY-SCHOOLFOOD-B93FD79D0C47,http://schoolfood.freewebclub.com/menu/menu.html,,2026-10-04,CURRENT_MENU_LISTED,,,
official-quality-schoolfood-b9a5d0322881,스쿨푸드,고구마튀김,QUALITY-SCHOOLFOOD-B9A5D0322881,http://schoolfood.freewebclub.com/menu/menu.html,,2026-10-04,CURRENT_MENU_LISTED,,,
official-quality-schoolfood-bce42c7713b1,스쿨푸드,제육덮밥,QUALITY-SCHOOLFOOD-BCE42C7713B1,http://schoolfood.freewebclub.com/menu/menu.html,,2026-10-04,CURRENT_MENU_LISTED,,,
official-quality-schoolfood-bf2ccc4f14e7,스쿨푸드,대창구이덮밥,QUALITY-SCHOOLFOOD-BF2CCC4F14E7,http://schoolfood.freewebclub.com/menu/menu.html,,2026-10-04,CURRENT_MENU_LISTED,,,
official-quality-schoolfood-c425cb1c7a2a,스쿨푸드,군만두,QUALITY-SCHOOLFOOD-C425CB1C7A2A,http://schoolfood.freewebclub.com/menu/menu.html,,2026-10-04,CURRENT_MENU_LISTED,,,
official-quality-schoolfood-c5687158ded9,스쿨푸드,매콤달콤소떡꼬치,QUALITY-SCHOOLFOOD-C5687158DED9,http://schoolfood.freewebclub.com/menu/menu.html,,2026-10-04,CURRENT_MENU_LISTED,,,
official-quality-schoolfood-c5914d542963,스쿨푸드,돼지목살 김치찜,QUALITY-SCHOOLFOOD-C5914D542963,http://schoolfood.freewebclub.com/menu/menu.html,,2026-10-04,CURRENT_MENU_LISTED,,,
official-quality-schoolfood-c8f35755dc23,스쿨푸드,새우튀김 냉우동,QUALITY-SCHOOLFOOD-C8F35755DC23,http://schoolfood.freewebclub.com/menu/menu.html,,2026-10-04,CURRENT_MENU_LISTED,,,
official-quality-schoolfood-c94c18525605,스쿨푸드,김치 콩나물국밥,QUALITY-SCHOOLFOOD-C94C18525605,http://schoolfood.freewebclub.com/menu/menu.html,,2026-10-04,CURRENT_MENU_LISTED,,,
official-quality-schoolfood-d151ba1bf684,스쿨푸드,쫀득고구마치즈볼,QUALITY-SCHOOLFOOD-D151BA1BF684,http://schoolfood.freewebclub.com/menu/menu.html,,2026-10-04,CURRENT_MENU_LISTED,,,
official-quality-schoolfood-d4532226b3f8,스쿨푸드,차돌 떡볶이,QUALITY-SCHOOLFOOD-D4532226B3F8,http://schoolfood.freewebclub.com/menu/menu.html,,2026-10-04,CURRENT_MENU_LISTED,,,
official-quality-schoolfood-d4915d7818ed,스쿨푸드,매운 까르보나라 파스타 떡볶이,QUALITY-SCHOOLFOOD-D4915D7818ED,http://schoolfood.freewebclub.com/menu/menu.html,,2026-10-04,CURRENT_MENU_LISTED,,,
official-quality-schoolfood-dc4adc688e55,스쿨푸드,소고기 쌀국수,QUALITY-SCHOOLFOOD-DC4ADC688E55,http://schoolfood.freewebclub.com/menu/menu.html,,2026-10-04,CURRENT_MENU_LISTED,,,
official-quality-schoolfood-e416c6a1ce17,스쿨푸드,등심 돈까스 마리,QUALITY-SCHOOLFOOD-E416C6A1CE17,http://schoolfood.freewebclub.com/menu/menu.html,,2026-10-04,CURRENT_MENU_LISTED,,,
official-quality-schoolfood-e4e2901e148b,스쿨푸드,통통김말이,QUALITY-SCHOOLFOOD-E4E2901E148B,http://schoolfood.freewebclub.com/menu/menu.html,,2026-10-04,CURRENT_MENU_LISTED,,,
official-quality-schoolfood-ed6135ab514d,스쿨푸드,스페셜마리 Ⅱ,QUALITY-SCHOOLFOOD-ED6135AB514D,http://schoolfood.freewebclub.com/menu/menu.html,,2026-10-04,CURRENT_MENU_LISTED,,,
official-quality-schoolfood-eefabc595388,스쿨푸드,참치마리,QUALITY-SCHOOLFOOD-EEFABC595388,http://schoolfood.freewebclub.com/menu/menu.html,,2026-10-04,CURRENT_MENU_LISTED,,,
official-quality-schoolfood-f55e8bb2b9ee,스쿨푸드,오리지널 스팸마리,QUALITY-SCHOOLFOOD-F55E8BB2B9EE,http://schoolfood.freewebclub.com/menu/menu.html,,2026-10-04,CURRENT_MENU_LISTED,,,
official-quality-schoolfood-f76919969dfe,스쿨푸드,전복마리,QUALITY-SCHOOLFOOD-F76919969DFE,http://schoolfood.freewebclub.com/menu/menu.html,,2026-10-04,CURRENT_MENU_LISTED,,,
official-quality-schoolfood-f9e7df3b29a2,스쿨푸드,까르보나라 파스타 떡볶이,QUALITY-SCHOOLFOOD-F9E7DF3B29A2,http://schoolfood.freewebclub.com/menu/menu.html,,2026-10-04,CURRENT_MENU_LISTED,,,
official-quality-schoolfood-fc5d0e26e2bd,스쿨푸드,순대,QUALITY-SCHOOLFOOD-FC5D0E26E2BD,http://schoolfood.freewebclub.com/menu/menu.html,,2026-10-04,CURRENT_MENU_LISTED,,,
official-quality-schoolfood-fec35a930139,스쿨푸드,톡톡 날치알 마리,QUALITY-SCHOOLFOOD-FEC35A930139,http://schoolfood.freewebclub.com/menu/menu.html,,2026-10-04,CURRENT_MENU_LISTED,,,
official-quality-slowcali-1bc6b2ed5b2c,슬로우캘리,트러플 머쉬룸 스프,QUALITY-SLOWCALI-1BC6B2ED5B2C,https://slowcali.co.kr/bbs/content.php?co_id=menu,,2026-10-04,CURRENT_MENU_LISTED,,,
official-quality-slowcali-1d2d8469be91,슬로우캘리,트러플 버섯 포케 (샐러드 ONLY),QUALITY-SLOWCALI-1D2D8469BE91,https://slowcali.co.kr/bbs/content.php?co_id=menu,,2026-10-04,CURRENT_MENU_LISTED,,,
official-quality-slowcali-23b1f3b8e6bb,슬로우캘리,콘 크림 스프,QUALITY-SLOWCALI-23B1F3B8E6BB,https://slowcali.co.kr/bbs/content.php?co_id=menu,,2026-10-04,CURRENT_MENU_LISTED,,,
official-quality-slowcali-2807d1fb9a25,슬로우캘리,연어 포케 (메밀면&샐러드),QUALITY-SLOWCALI-2807D1FB9A25,https://slowcali.co.kr/bbs/content.php?co_id=menu,,2026-10-04,CURRENT_MENU_LISTED,,,
official-quality-slowcali-4d8fcf78e847,슬로우캘리,라임폰즈 문어 포케 (샐러드 ONLY),QUALITY-SLOWCALI-4D8FCF78E847,https://slowcali.co.kr/bbs/content.php?co_id=menu,,2026-10-04,CURRENT_MENU_LISTED,,,
official-quality-slowcali-4ffec235b1df,슬로우캘리,문어 포케 (샐러드 ONLY),QUALITY-SLOWCALI-4FFEC235B1DF,https://slowcali.co.kr/bbs/content.php?co_id=menu,,2026-10-04,CURRENT_MENU_LISTED,,,
official-quality-slowcali-6fcaf845304e,슬로우캘리,올인원 포케 (샐러드 ONLY),QUALITY-SLOWCALI-6FCAF845304E,https://slowcali.co.kr/bbs/content.php?co_id=menu,,2026-10-04,CURRENT_MENU_LISTED,,,
official-quality-slowcali-8693525de3b6,슬로우캘리,단호박 스프,QUALITY-SLOWCALI-8693525DE3B6,https://slowcali.co.kr/bbs/content.php?co_id=menu,,2026-10-04,CURRENT_MENU_LISTED,,,
official-quality-slowcali-9007e993d5a8,슬로우캘리,블랙페퍼 치킨 통밀랩,QUALITY-SLOWCALI-9007E993D5A8,https://slowcali.co.kr/bbs/content.php?co_id=menu,,2026-10-04,CURRENT_MENU_LISTED,,,
official-quality-slowcali-c46c2744cb03,슬로우캘리,연어 포케 (샐러드 ONLY),QUALITY-SLOWCALI-C46C2744CB03,https://slowcali.co.kr/bbs/content.php?co_id=menu,,2026-10-04,CURRENT_MENU_LISTED,,,
official-quality-slowcali-e45b9adef2fb,슬로우캘리,애사비 에이드,QUALITY-SLOWCALI-E45B9ADEF2FB,https://slowcali.co.kr/bbs/content.php?co_id=menu,,2026-10-04,CURRENT_MENU_LISTED,,,
official-quality-slowcali-ef59d2719c3d,슬로우캘리,연어 포케 (현미밥&샐러드),QUALITY-SLOWCALI-EF59D2719C3D,https://slowcali.co.kr/bbs/content.php?co_id=menu,,2026-10-04,CURRENT_MENU_LISTED,,,
official-quality-sodamchon-0e4cfd3e46b8,소담촌,월남쌈 스페셜 샤브샤브,QUALITY-SODAMCHON-0E4CFD3E46B8,https://www.sodamchon.com/bbs/page.php?hid=allMenu,,2026-10-04,CURRENT_MENU_LISTED,,,
official-quality-sodamchon-305db98bebee,소담촌,우삼겹 구이 & 샤브샤브,QUALITY-SODAMCHON-305DB98BEBEE,https://www.sodamchon.com/bbs/page.php?hid=allMenu,,2026-10-04,CURRENT_MENU_LISTED,,,
official-quality-sodamchon-67eb1388e9bd,소담촌,월남쌈 명품한우 샤브샤브,QUALITY-SODAMCHON-67EB1388E9BD,https://www.sodamchon.com/bbs/page.php?hid=allMenu,,2026-10-04,CURRENT_MENU_LISTED,,,
official-quality-sodamchon-730e149c6576,소담촌,우유마라샤브,QUALITY-SODAMCHON-730E149C6576,https://www.sodamchon.com/bbs/page.php?hid=allMenu,,2026-10-04,CURRENT_MENU_LISTED,,,
official-quality-sodamchon-7d0cec69cd33,소담촌,토마토샤브,QUALITY-SODAMCHON-7D0CEC69CD33,https://www.sodamchon.com/bbs/page.php?hid=allMenu,,2026-10-04,CURRENT_MENU_LISTED,,,
official-quality-sodamchon-82a1a2dceede,소담촌,월남쌈 샤브샤브,QUALITY-SODAMCHON-82A1A2DCEEDE,https://www.sodamchon.com/bbs/page.php?hid=allMenu,,2026-10-04,CURRENT_MENU_LISTED,,,
official-quality-sodamchon-a1b08e7c1ca5,소담촌,월남쌈 와규 샤브샤브,QUALITY-SODAMCHON-A1B08E7C1CA5,https://www.sodamchon.com/bbs/page.php?hid=allMenu,,2026-10-04,CURRENT_MENU_LISTED,,,
official-quality-sodamchon-cbd0db224707,소담촌,월남쌈 버섯샤브,QUALITY-SODAMCHON-CBD0DB224707,https://www.sodamchon.com/bbs/page.php?hid=allMenu,,2026-10-04,CURRENT_MENU_LISTED,,,
official-quality-sodamchon-ea59e5771ebc,소담촌,얼큰 미나리 샤브샤브,QUALITY-SODAMCHON-EA59E5771EBC,https://www.sodamchon.com/bbs/page.php?hid=allMenu,,2026-10-04,CURRENT_MENU_LISTED,,,
official-quality-subway-61b09353ec6a,써브웨이,콘 수프,QUALITY-SUBWAY-61B09353EC6A,https://www.subway.co.kr/menuView/sidedrink?menuItemIdx=1465,,2026-10-04,CURRENT_MENU_LISTED,,,
official-quality-subway-886631c13071,써브웨이,머쉬룸 수프,QUALITY-SUBWAY-886631C13071,https://www.subway.co.kr/menuView/sidedrink?menuItemIdx=1317,,2026-10-04,CURRENT_MENU_LISTED,,,
official-quality-subway-ec2b6f3f5b29,써브웨이,포테이토 베이컨 수프,QUALITY-SUBWAY-EC2B6F3F5B29,https://www.subway.co.kr/menuView/sidedrink?menuItemIdx=1565,,2026-10-04,CURRENT_MENU_LISTED,,,
official-quality-tanghua-86b69b02eba6,탕화쿵푸,마라탕,QUALITY-TANGHUA-86B69B02EBA6,https://tanghuokungfu.co.kr/default/brand/index.php,,2026-10-04,CURRENT_MENU_LISTED,,,
official-quality-tanghua-dc560a83f746,탕화쿵푸,마라비빔,QUALITY-TANGHUA-DC560A83F746,https://tanghuokungfu.co.kr/default/brand/index.php,,2026-10-04,CURRENT_MENU_LISTED,,,
official-quality-tanghua-e1687e220051,탕화쿵푸,꿔바로우,QUALITY-TANGHUA-E1687E220051,https://tanghuokungfu.co.kr/default/brand/index.php,,2026-10-04,CURRENT_MENU_LISTED,,,
official-quality-tanghua-e384e84cc419,탕화쿵푸,마라샹궈,QUALITY-TANGHUA-E384E84CC419,https://tanghuokungfu.co.kr/default/brand/index.php,,2026-10-04,CURRENT_MENU_LISTED,,,
official-quality-tanghua-f28f94877d66,탕화쿵푸,토마토 마라탕,QUALITY-TANGHUA-F28F94877D66,https://tanghuokungfu.co.kr/default/brand/index.php,,2026-10-04,CURRENT_MENU_LISTED,,,
official-quality-teacherkim-01038654f1bc,바르다김선생,새우딤섬 튀김만두,QUALITY-TEACHERKIM-01038654F1BC,https://www.teacherkim.co.kr/menu/view.html?pg=1&seq=46&bs=004004&sf=&ss=,,2026-10-04,CURRENT_MENU_LISTED,,,
official-quality-teacherkim-091de1beb583,바르다김선생,바른 참기름 막국수,QUALITY-TEACHERKIM-091DE1BEB583,https://www.teacherkim.co.kr/menu/view.html?pg=1&seq=32&bs=004002&sf=&ss=,,2026-10-04,CURRENT_MENU_LISTED,,,
official-quality-teacherkim-0a893eb72157,바르다김선생,바른 김밥,QUALITY-TEACHERKIM-0A893EB72157,https://www.teacherkim.co.kr/menu/view.html?pg=1&seq=19&bs=004001&sf=&ss=,,2026-10-04,CURRENT_MENU_LISTED,,,
official-quality-teacherkim-0c1e186d7b39,바르다김선생,해물 짬뽕 생라면,QUALITY-TEACHERKIM-0C1E186D7B39,https://www.teacherkim.co.kr/menu/view.html?pg=1&seq=32&bs=004002&sf=&ss=,,2026-10-04,CURRENT_MENU_LISTED,,,
official-quality-teacherkim-0fc04df58a65,바르다김선생,바른 호두강정,QUALITY-TEACHERKIM-0FC04DF58A65,https://www.teacherkim.co.kr/menu/view.html?pg=1&seq=51&bs=004005&sf=&ss=,,2026-10-04,CURRENT_MENU_LISTED,,,
official-quality-teacherkim-13d3a356e2a1,바르다김선생,키토 새우튀김 김밥,QUALITY-TEACHERKIM-13D3A356E2A1,https://www.teacherkim.co.kr/menu/view.html?pg=1&seq=19&bs=004001&sf=&ss=,,2026-10-04,CURRENT_MENU_LISTED,,,
official-quality-teacherkim-15db6b3b58b4,바르다김선생,새우딤섬튀김 카레우동,QUALITY-TEACHERKIM-15DB6B3B58B4,https://www.teacherkim.co.kr/menu/view.html?pg=1&seq=32&bs=004002&sf=&ss=,,2026-10-04,CURRENT_MENU_LISTED,,,
official-quality-teacherkim-162e7947a867,바르다김선생,쫄깃 냉우동,QUALITY-TEACHERKIM-162E7947A867,https://www.teacherkim.co.kr/menu/view.html?pg=1&seq=32&bs=004002&sf=&ss=,,2026-10-04,CURRENT_MENU_LISTED,,,
official-quality-teacherkim-172bef6f12f9,바르다김선생,키토 크림치즈 호두 김밥,QUALITY-TEACHERKIM-172BEF6F12F9,https://www.teacherkim.co.kr/menu/view.html?pg=1&seq=19&bs=004001&sf=&ss=,,2026-10-04,CURRENT_MENU_LISTED,,,
official-quality-teacherkim-18162f7ea3f5,바르다김선생,제육 튀김 만두,QUALITY-TEACHERKIM-18162F7EA3F5,https://www.teacherkim.co.kr/menu/view.html?pg=1&seq=46&bs=004004&sf=&ss=,,2026-10-04,CURRENT_MENU_LISTED,,,
official-quality-teacherkim-2391a71d4538,바르다김선생,돈가스 김밥,QUALITY-TEACHERKIM-2391A71D4538,https://www.teacherkim.co.kr/menu/view.html?pg=1&seq=19&bs=004001&sf=&ss=,,2026-10-04,CURRENT_MENU_LISTED,,,
official-quality-teacherkim-28b9da968600,바르다김선생,바른 등심 돈가스,QUALITY-TEACHERKIM-28B9DA968600,https://www.teacherkim.co.kr/menu/view.html?pg=1&seq=34&bs=004006&sf=&ss=,,2026-10-04,CURRENT_MENU_LISTED,,,
official-quality-teacherkim-315a045c8e3f,바르다김선생,김선생 비빔면,QUALITY-TEACHERKIM-315A045C8E3F,https://www.teacherkim.co.kr/menu/view.html?pg=1&seq=32&bs=004002&sf=&ss=,,2026-10-04,CURRENT_MENU_LISTED,,,
official-quality-teacherkim-34e5d56e1196,바르다김선생,한입 메밀전병,QUALITY-TEACHERKIM-34E5D56E1196,https://www.teacherkim.co.kr/menu/view.html?pg=1&seq=46&bs=004004&sf=&ss=,,2026-10-04,CURRENT_MENU_LISTED,,,
official-quality-teacherkim-367a62434a66,바르다김선생,바른 참기름,QUALITY-TEACHERKIM-367A62434A66,https://www.teacherkim.co.kr/menu/view.html?pg=1&seq=51&bs=004005&sf=&ss=,,2026-10-04,CURRENT_MENU_LISTED,,,
official-quality-teacherkim-40fa3f7954b5,바르다김선생,가락 떡볶이,QUALITY-TEACHERKIM-40FA3F7954B5,https://www.teacherkim.co.kr/menu/view.html?pg=1&seq=34&bs=004006&sf=&ss=,,2026-10-04,CURRENT_MENU_LISTED,,,
official-quality-teacherkim-44b7b3e9cbc8,바르다김선생,닭가슴살 냉국수,QUALITY-TEACHERKIM-44B7B3E9CBC8,https://www.teacherkim.co.kr/menu/view.html?pg=1&seq=34&bs=004006&sf=&ss=,,2026-10-04,CURRENT_MENU_LISTED,,,
official-quality-teacherkim-48d91e9e05d9,바르다김선생,생 세트,QUALITY-TEACHERKIM-48D91E9E05D9,https://www.teacherkim.co.kr/menu/view.html?pg=1&seq=70&bs=004007&sf=&ss=,,2026-10-04,CURRENT_MENU_LISTED,,,
official-quality-teacherkim-53d528fc3669,바르다김선생,매콤 장아찌 김밥,QUALITY-TEACHERKIM-53D528FC3669,https://www.teacherkim.co.kr/menu/view.html?pg=1&seq=19&bs=004001&sf=&ss=,,2026-10-04,CURRENT_MENU_LISTED,,,
official-quality-teacherkim-5514f511e2c7,바르다김선생,강릉 장칼국수,QUALITY-TEACHERKIM-5514F511E2C7,https://www.teacherkim.co.kr/menu/view.html?pg=1&seq=32&bs=004002&sf=&ss=,,2026-10-04,CURRENT_MENU_LISTED,,,
official-quality-teacherkim-56bb510dc089,바르다김선생,새우튀김 김밥,QUALITY-TEACHERKIM-56BB510DC089,https://www.teacherkim.co.kr/menu/view.html?pg=1&seq=19&bs=004001&sf=&ss=,,2026-10-04,CURRENT_MENU_LISTED,,,
official-quality-teacherkim-5b3218e34e93,바르다김선생,바른 멸치국수,QUALITY-TEACHERKIM-5B3218E34E93,https://www.teacherkim.co.kr/menu/view.html?pg=1&seq=32&bs=004002&sf=&ss=,,2026-10-04,CURRENT_MENU_LISTED,,,
official-quality-teacherkim-672ed6e1f050,바르다김선생,철판 제육 덮밥,QUALITY-TEACHERKIM-672ED6E1F050,https://www.teacherkim.co.kr/menu/view.html?pg=1&seq=32&bs=004002&sf=&ss=,,2026-10-04,CURRENT_MENU_LISTED,,,
official-quality-teacherkim-67969c370f36,바르다김선생,치즈 등심 돈가스,QUALITY-TEACHERKIM-67969C370F36,https://www.teacherkim.co.kr/menu/view.html?pg=1&seq=34&bs=004006&sf=&ss=,,2026-10-04,CURRENT_MENU_LISTED,,,
official-quality-teacherkim-6a7c1d93601d,바르다김선생,어묵튀김 우동,QUALITY-TEACHERKIM-6A7C1D93601D,https://www.teacherkim.co.kr/menu/view.html?pg=1&seq=32&bs=004002&sf=&ss=,,2026-10-04,CURRENT_MENU_LISTED,,,
official-quality-teacherkim-6a988ed376ad,바르다김선생,바른 삼계죽,QUALITY-TEACHERKIM-6A988ED376AD,https://www.teacherkim.co.kr/menu/view.html?pg=1&seq=32&bs=004002&sf=&ss=,,2026-10-04,CURRENT_MENU_LISTED,,,
official-quality-teacherkim-6d6916192166,바르다김선생,바른 콩국수,QUALITY-TEACHERKIM-6D6916192166,https://www.teacherkim.co.kr/menu/view.html?pg=1&seq=34&bs=004006&sf=&ss=,,2026-10-04,CURRENT_MENU_LISTED,,,
official-quality-teacherkim-7370572d1c0a,바르다김선생,철판 불고기 덮밥,QUALITY-TEACHERKIM-7370572D1C0A,https://www.teacherkim.co.kr/menu/view.html?pg=1&seq=32&bs=004002&sf=&ss=,,2026-10-04,CURRENT_MENU_LISTED,,,
official-quality-teacherkim-7bd7f5a7870d,바르다김선생,바삭 감자채 튀김,QUALITY-TEACHERKIM-7BD7F5A7870D,https://www.teacherkim.co.kr/menu/view.html?pg=1&seq=46&bs=004004&sf=&ss=,,2026-10-04,CURRENT_MENU_LISTED,,,
official-quality-teacherkim-8ac8aa9e05fa,바르다김선생,갈비 만두,QUALITY-TEACHERKIM-8AC8AA9E05FA,https://www.teacherkim.co.kr/menu/view.html?pg=1&seq=46&bs=004004&sf=&ss=,,2026-10-04,CURRENT_MENU_LISTED,,,
official-quality-teacherkim-92fea9adb6fe,바르다김선생,달래향 간장 비빔밥,QUALITY-TEACHERKIM-92FEA9ADB6FE,https://www.teacherkim.co.kr/menu/view.html?pg=1&seq=32&bs=004002&sf=&ss=,,2026-10-04,CURRENT_MENU_LISTED,,,
official-quality-teacherkim-9d3256c6b86d,바르다김선생,김 세트,QUALITY-TEACHERKIM-9D3256C6B86D,https://www.teacherkim.co.kr/menu/view.html?pg=1&seq=70&bs=004007&sf=&ss=,,2026-10-04,CURRENT_MENU_LISTED,,,
official-quality-teacherkim-ac2142486e4a,바르다김선생,숙성지 참치 김밥,QUALITY-TEACHERKIM-AC2142486E4A,https://www.teacherkim.co.kr/menu/view.html?pg=1&seq=19&bs=004001&sf=&ss=,,2026-10-04,CURRENT_MENU_LISTED,,,
official-quality-teacherkim-b016ea5a7a2b,바르다김선생,안동국시,QUALITY-TEACHERKIM-B016EA5A7A2B,https://www.teacherkim.co.kr/menu/view.html?pg=1&seq=32&bs=004002&sf=&ss=,,2026-10-04,CURRENT_MENU_LISTED,,,
official-quality-teacherkim-b6f0c775e3be,바르다김선생,눈꽃치즈 닭갈비 덮밥,QUALITY-TEACHERKIM-B6F0C775E3BE,https://www.teacherkim.co.kr/menu/view.html?pg=1&seq=32&bs=004002&sf=&ss=,,2026-10-04,CURRENT_MENU_LISTED,,,
official-quality-teacherkim-b6f9c061e6c9,바르다김선생,매운 멸추 김밥,QUALITY-TEACHERKIM-B6F9C061E6C9,https://www.teacherkim.co.kr/menu/view.html?pg=1&seq=19&bs=004001&sf=&ss=,,2026-10-04,CURRENT_MENU_LISTED,,,
official-quality-teacherkim-c425529798fb,바르다김선생,참치 김밥,QUALITY-TEACHERKIM-C425529798FB,https://www.teacherkim.co.kr/menu/view.html?pg=1&seq=19&bs=004001&sf=&ss=,,2026-10-04,CURRENT_MENU_LISTED,,,
official-quality-teacherkim-c456ac9e3432,바르다김선생,크림치즈 호두 김밥,QUALITY-TEACHERKIM-C456AC9E3432,https://www.teacherkim.co.kr/menu/view.html?pg=1&seq=19&bs=004001&sf=&ss=,,2026-10-04,CURRENT_MENU_LISTED,,,
official-quality-teacherkim-cbbf0f6b9dd1,바르다김선생,든든 치킨 카레,QUALITY-TEACHERKIM-CBBF0F6B9DD1,https://www.teacherkim.co.kr/menu/view.html?pg=1&seq=32&bs=004002&sf=&ss=,,2026-10-04,CURRENT_MENU_LISTED,,,
official-quality-teacherkim-cec4dd566b03,바르다김선생,새우 표고 떡만두국,QUALITY-TEACHERKIM-CEC4DD566B03,https://www.teacherkim.co.kr/menu/view.html?pg=1&seq=46&bs=004004&sf=&ss=,,2026-10-04,CURRENT_MENU_LISTED,,,
official-quality-teacherkim-cfdd04b8dd87,바르다김선생,매운 제육 쌈 김밥,QUALITY-TEACHERKIM-CFDD04B8DD87,https://www.teacherkim.co.kr/menu/view.html?pg=1&seq=19&bs=004001&sf=&ss=,,2026-10-04,CURRENT_MENU_LISTED,,,
official-quality-teacherkim-db833acb6998,바르다김선생,로제 가락 떡볶이,QUALITY-TEACHERKIM-DB833ACB6998,https://www.teacherkim.co.kr/menu/view.html?pg=1&seq=34&bs=004006&sf=&ss=,,2026-10-04,CURRENT_MENU_LISTED,,,
official-quality-teacherkim-e460af06aab1,바르다김선생,치즈 가락 떡볶이,QUALITY-TEACHERKIM-E460AF06AAB1,https://www.teacherkim.co.kr/menu/view.html?pg=1&seq=34&bs=004006&sf=&ss=,,2026-10-04,CURRENT_MENU_LISTED,,,
official-quality-teacherkim-f0f35de67d96,바르다김선생,선 세트,QUALITY-TEACHERKIM-F0F35DE67D96,https://www.teacherkim.co.kr/menu/view.html?pg=1&seq=70&bs=004007&sf=&ss=,,2026-10-04,CURRENT_MENU_LISTED,,,
official-quality-teacherkim-f810d23bf3e1,바르다김선생,불고기 김밥,QUALITY-TEACHERKIM-F810D23BF3E1,https://www.teacherkim.co.kr/menu/view.html?pg=1&seq=19&bs=004001&sf=&ss=,,2026-10-04,CURRENT_MENU_LISTED,,,
official-quality-teacherkim-fb0ddc08b96a,바르다김선생,새우 표고 만두,QUALITY-TEACHERKIM-FB0DDC08B96A,https://www.teacherkim.co.kr/menu/view.html?pg=1&seq=46&bs=004004&sf=&ss=,,2026-10-04,CURRENT_MENU_LISTED,,,
official-quality-wonhalmoni-05f85c5233a1,원할머니보쌈,의성마늘떡보쌈,QUALITY-WONHALMONI-05F85C5233A1,https://wonandone.co.kr/bossam/menu.asp,,2026-10-04,CURRENT_MENU_LISTED,,,
official-quality-wonhalmoni-0c237ffbac08,원할머니보쌈,1인보쌈,QUALITY-WONHALMONI-0C237FFBAC08,https://wonandone.co.kr/bossam/menu.asp,,2026-10-04,CURRENT_MENU_LISTED,,,
official-quality-wonhalmoni-1580a58dc4dc,원할머니보쌈,매운화보쌈,QUALITY-WONHALMONI-1580A58DC4DC,https://wonandone.co.kr/bossam/menu.asp,,2026-10-04,CURRENT_MENU_LISTED,,,
official-quality-wonhalmoni-193fbea1356a,원할머니보쌈,보쌈도시락,QUALITY-WONHALMONI-193FBEA1356A,https://wonandone.co.kr/bossam/menu.asp?KeyCtgM=6,,2026-10-04,CURRENT_MENU_LISTED,,,
official-quality-wonhalmoni-22ab438f30da,원할머니보쌈,실속원쌈,QUALITY-WONHALMONI-22AB438F30DA,https://wonandone.co.kr/bossam/menu.asp,,2026-10-04,CURRENT_MENU_LISTED,,,
official-quality-wonhalmoni-2668cf889374,원할머니보쌈,50주년불족세트,QUALITY-WONHALMONI-2668CF889374,https://wonandone.co.kr/bossam/menu.asp,,2026-10-04,CURRENT_MENU_LISTED,,,
official-quality-wonhalmoni-41e881765f25,원할머니보쌈,불맛낙지원쌈,QUALITY-WONHALMONI-41E881765F25,https://wonandone.co.kr/bossam/menu.asp,,2026-10-04,CURRENT_MENU_LISTED,,,
official-quality-wonhalmoni-45c8087a9990,원할머니보쌈,명품소갈비찜도시락,QUALITY-WONHALMONI-45C8087A9990,https://wonandone.co.kr/bossam/menu.asp?KeyCtgM=6,,2026-10-04,CURRENT_MENU_LISTED,,,
official-quality-wonhalmoni-482f21dd3e49,원할머니보쌈,육즙가득떡갈비도시락,QUALITY-WONHALMONI-482F21DD3E49,https://wonandone.co.kr/bossam/menu.asp?KeyCtgM=6,,2026-10-04,CURRENT_MENU_LISTED,,,
official-quality-wonhalmoni-4bec5f102479,원할머니보쌈,커플원쌈,QUALITY-WONHALMONI-4BEC5F102479,https://wonandone.co.kr/bossam/menu.asp,,2026-10-04,CURRENT_MENU_LISTED,,,
official-quality-wonhalmoni-58247c678f3a,원할머니보쌈,반반 실비&보쌈김치 보쌈,QUALITY-WONHALMONI-58247C678F3A,https://wonandone.co.kr/bossam/menu.asp,,2026-10-04,CURRENT_MENU_LISTED,,,
official-quality-wonhalmoni-63a52987cf41,원할머니보쌈,간편보쌈도시락,QUALITY-WONHALMONI-63A52987CF41,https://wonandone.co.kr/bossam/menu.asp?KeyCtgM=6,,2026-10-04,CURRENT_MENU_LISTED,,,
official-quality-wonhalmoni-717a8a5f3695,원할머니보쌈,반반보쌈,QUALITY-WONHALMONI-717A8A5F3695,https://wonandone.co.kr/bossam/menu.asp,,2026-10-04,CURRENT_MENU_LISTED,,,
official-quality-wonhalmoni-7461427ecc2f,원할머니보쌈,간편제육도시락,QUALITY-WONHALMONI-7461427ECC2F,https://wonandone.co.kr/bossam/menu.asp?KeyCtgM=6,,2026-10-04,CURRENT_MENU_LISTED,,,
official-quality-wonhalmoni-89e3bbf67b7d,원할머니보쌈,보쌈+광릉식불고기도시락,QUALITY-WONHALMONI-89E3BBF67B7D,https://wonandone.co.kr/bossam/menu.asp?KeyCtgM=6,,2026-10-04,CURRENT_MENU_LISTED,,,
official-quality-wonhalmoni-965f324e790c,원할머니보쌈,맛보쌈,QUALITY-WONHALMONI-965F324E790C,https://wonandone.co.kr/bossam/menu.asp,,2026-10-04,CURRENT_MENU_LISTED,,,
official-quality-wonhalmoni-984ee76a0979,원할머니보쌈,제육도시락,QUALITY-WONHALMONI-984EE76A0979,https://wonandone.co.kr/bossam/menu.asp?KeyCtgM=6,,2026-10-04,CURRENT_MENU_LISTED,,,
official-quality-wonhalmoni-a3d8f23dd353,원할머니보쌈,곱빼기보쌈도시락,QUALITY-WONHALMONI-A3D8F23DD353,https://wonandone.co.kr/bossam/menu.asp?KeyCtgM=6,,2026-10-04,CURRENT_MENU_LISTED,,,
official-quality-wonhalmoni-ab76aee62ad1,원할머니보쌈,명품소갈비찜+보쌈도시락,QUALITY-WONHALMONI-AB76AEE62AD1,https://wonandone.co.kr/bossam/menu.asp?KeyCtgM=6,,2026-10-04,CURRENT_MENU_LISTED,,,
official-quality-wonhalmoni-b95d687045ea,원할머니보쌈,보쌈+제육도시락,QUALITY-WONHALMONI-B95D687045EA,https://wonandone.co.kr/bossam/menu.asp?KeyCtgM=6,,2026-10-04,CURRENT_MENU_LISTED,,,
official-quality-wonhalmoni-c2351780b363,원할머니보쌈,모둠보쌈,QUALITY-WONHALMONI-C2351780B363,https://wonandone.co.kr/bossam/menu.asp,,2026-10-04,CURRENT_MENU_LISTED,,,
official-quality-wonhalmoni-c2e67e117b5d,원할머니보쌈,50주년보족세트,QUALITY-WONHALMONI-C2E67E117B5D,https://wonandone.co.kr/bossam/menu.asp,,2026-10-04,CURRENT_MENU_LISTED,,,
official-quality-wonhalmoni-c405ca03c299,원할머니보쌈,간편광릉식불고기도시락,QUALITY-WONHALMONI-C405CA03C299,https://wonandone.co.kr/bossam/menu.asp?KeyCtgM=6,,2026-10-04,CURRENT_MENU_LISTED,,,
official-quality-wonhalmoni-dde168571d6b,원할머니보쌈,솜씨보쌈,QUALITY-WONHALMONI-DDE168571D6B,https://wonandone.co.kr/bossam/menu.asp,,2026-10-04,CURRENT_MENU_LISTED,,,
official-quality-wonhalmoni-ebd8c5a2f118,원할머니보쌈,광릉식불고기도시락,QUALITY-WONHALMONI-EBD8C5A2F118,https://wonandone.co.kr/bossam/menu.asp?KeyCtgM=6,,2026-10-04,CURRENT_MENU_LISTED,,,
official-quality-yeokjeon-05f038c96db9,역전우동0410,양파마요치킨,QUALITY-YEOKJEON-05F038C96DB9,https://udon0410.com/menu/,,2026-10-04,CURRENT_MENU_LISTED,,,
official-quality-yeokjeon-0c2345dad085,역전우동0410,데리마요롤,QUALITY-YEOKJEON-0C2345DAD085,https://udon0410.com/menu/,,2026-10-04,CURRENT_MENU_LISTED,,,
official-quality-yeokjeon-0c92461d2837,역전우동0410,불오뎅,QUALITY-YEOKJEON-0C92461D2837,https://udon0410.com/menu/,,2026-10-04,CURRENT_MENU_LISTED,,,
official-quality-yeokjeon-0cf9037abd88,역전우동0410,야채튀김,QUALITY-YEOKJEON-0CF9037ABD88,https://udon0410.com/menu/,,2026-10-04,CURRENT_MENU_LISTED,,,
official-quality-yeokjeon-124617065c17,역전우동0410,납작만두,QUALITY-YEOKJEON-124617065C17,https://udon0410.com/menu/,,2026-10-04,CURRENT_MENU_LISTED,,,
official-quality-yeokjeon-2bc7f52f7b02,역전우동0410,우볶이,QUALITY-YEOKJEON-2BC7F52F7B02,https://udon0410.com/menu/,,2026-10-04,CURRENT_MENU_LISTED,,,
official-quality-yeokjeon-2cb4a39c1c8a,역전우동0410,돈까스덮밥,QUALITY-YEOKJEON-2CB4A39C1C8A,https://udon0410.com/menu/,,2026-10-04,CURRENT_MENU_LISTED,,,
official-quality-yeokjeon-2e60de202244,역전우동0410,제육돈까스,QUALITY-YEOKJEON-2E60DE202244,https://udon0410.com/menu/,,2026-10-04,CURRENT_MENU_LISTED,,,
official-quality-yeokjeon-2f7fff2eb748,역전우동0410,초계비빔면,QUALITY-YEOKJEON-2F7FFF2EB748,https://udon0410.com/menu/,,2026-10-04,CURRENT_MENU_LISTED,,,
official-quality-yeokjeon-3b34ac6fe0ce,역전우동0410,냉우동,QUALITY-YEOKJEON-3B34AC6FE0CE,https://udon0410.com/menu/,,2026-10-04,CURRENT_MENU_LISTED,,,
official-quality-yeokjeon-49f8a637f900,역전우동0410,옛날우동,QUALITY-YEOKJEON-49F8A637F900,https://udon0410.com/menu/,,2026-10-04,CURRENT_MENU_LISTED,,,
official-quality-yeokjeon-5071d9b45f3e,역전우동0410,카레덮밥,QUALITY-YEOKJEON-5071D9B45F3E,https://udon0410.com/menu/,,2026-10-04,CURRENT_MENU_LISTED,,,
official-quality-yeokjeon-530ce286dfe3,역전우동0410,김치우동,QUALITY-YEOKJEON-530CE286DFE3,https://udon0410.com/menu/,,2026-10-04,CURRENT_MENU_LISTED,,,
official-quality-yeokjeon-56ef86ac91be,역전우동0410,더블치즈 돈까스,QUALITY-YEOKJEON-56EF86AC91BE,https://udon0410.com/menu/,,2026-10-04,CURRENT_MENU_LISTED,,,
official-quality-yeokjeon-5791c3e89d27,역전우동0410,참치마요롤,QUALITY-YEOKJEON-5791C3E89D27,https://udon0410.com/menu/,,2026-10-04,CURRENT_MENU_LISTED,,,
official-quality-yeokjeon-733738302517,역전우동0410,초계면,QUALITY-YEOKJEON-733738302517,https://udon0410.com/menu/,,2026-10-04,CURRENT_MENU_LISTED,,,
official-quality-yeokjeon-764e1feeb280,역전우동0410,판모밀,QUALITY-YEOKJEON-764E1FEEB280,https://udon0410.com/menu/,,2026-10-04,CURRENT_MENU_LISTED,,,
official-quality-yeokjeon-77858aa40a3f,역전우동0410,사이드돈까스,QUALITY-YEOKJEON-77858AA40A3F,https://udon0410.com/menu/,,2026-10-04,CURRENT_MENU_LISTED,,,
official-quality-yeokjeon-78cc18adbed4,역전우동0410,우삼겹볶음김치덮밥,QUALITY-YEOKJEON-78CC18ADBED4,https://udon0410.com/menu/,,2026-10-04,CURRENT_MENU_LISTED,,,
official-quality-yeokjeon-8624a6e36125,역전우동0410,열탄제육덮밥,QUALITY-YEOKJEON-8624A6E36125,https://udon0410.com/menu/,,2026-10-04,CURRENT_MENU_LISTED,,,
official-quality-yeokjeon-9014c2dc2171,역전우동0410,꼬치어묵우동,QUALITY-YEOKJEON-9014C2DC2171,https://udon0410.com/menu/,,2026-10-04,CURRENT_MENU_LISTED,,,
official-quality-yeokjeon-9082e2e3a15c,역전우동0410,매콤치킨마요덮밥,QUALITY-YEOKJEON-9082E2E3A15C,https://udon0410.com/menu/,,2026-10-04,CURRENT_MENU_LISTED,,,
official-quality-yeokjeon-90bd78240958,역전우동0410,명란마요롤,QUALITY-YEOKJEON-90BD78240958,https://udon0410.com/menu/,,2026-10-04,CURRENT_MENU_LISTED,,,
official-quality-yeokjeon-930582f7c329,역전우동0410,치킨미니덮밥,QUALITY-YEOKJEON-930582F7C329,https://udon0410.com/menu/,,2026-10-04,CURRENT_MENU_LISTED,,,
official-quality-yeokjeon-94cbe36ba080,역전우동0410,우삼겹마늘후추우동,QUALITY-YEOKJEON-94CBE36BA080,https://udon0410.com/menu/,,2026-10-04,CURRENT_MENU_LISTED,,,
official-quality-yeokjeon-968c36b80dfe,역전우동0410,야채튀김우동,QUALITY-YEOKJEON-968C36B80DFE,https://udon0410.com/menu/,,2026-10-04,CURRENT_MENU_LISTED,,,
official-quality-yeokjeon-a112f0c59581,역전우동0410,명란미니덮밥,QUALITY-YEOKJEON-A112F0C59581,https://udon0410.com/menu/,,2026-10-04,CURRENT_MENU_LISTED,,,
official-quality-yeokjeon-a3df830aa13d,역전우동0410,새우튀김우동,QUALITY-YEOKJEON-A3DF830AA13D,https://udon0410.com/menu/,,2026-10-04,CURRENT_MENU_LISTED,,,
official-quality-yeokjeon-a688d43be9f4,역전우동0410,타르타르롤,QUALITY-YEOKJEON-A688D43BE9F4,https://udon0410.com/menu/,,2026-10-04,CURRENT_MENU_LISTED,,,
official-quality-yeokjeon-c2a3f0a9e591,역전우동0410,왕만두튀김,QUALITY-YEOKJEON-C2A3F0A9E591,https://udon0410.com/menu/,,2026-10-04,CURRENT_MENU_LISTED,,,
official-quality-yeokjeon-c31ed028915d,역전우동0410,역전돈까스,QUALITY-YEOKJEON-C31ED028915D,https://udon0410.com/menu/,,2026-10-04,CURRENT_MENU_LISTED,,,
official-quality-yeokjeon-c612f865c2be,역전우동0410,간장양념구이덮밥,QUALITY-YEOKJEON-C612F865C2BE,https://udon0410.com/menu/,,2026-10-04,CURRENT_MENU_LISTED,,,
official-quality-yeokjeon-c957e89e2648,역전우동0410,미니오코노미야키,QUALITY-YEOKJEON-C957E89E2648,https://udon0410.com/menu/,,2026-10-04,CURRENT_MENU_LISTED,,,
official-quality-yeokjeon-cce5569d3d6f,역전우동0410,매콤김말이,QUALITY-YEOKJEON-CCE5569D3D6F,https://udon0410.com/menu/,,2026-10-04,CURRENT_MENU_LISTED,,,
official-quality-yeokjeon-d5a05923c3cf,역전우동0410,냉모밀,QUALITY-YEOKJEON-D5A05923C3CF,https://udon0410.com/menu/,,2026-10-04,CURRENT_MENU_LISTED,,,
official-quality-yeokjeon-e603807b4827,역전우동0410,대왕유부우동,QUALITY-YEOKJEON-E603807B4827,https://udon0410.com/menu/,,2026-10-04,CURRENT_MENU_LISTED,,,
official-quality-yeokjeon-e68824e57c19,역전우동0410,새우튀김,QUALITY-YEOKJEON-E68824E57C19,https://udon0410.com/menu/,,2026-10-04,CURRENT_MENU_LISTED,,,
official-quality-yeokjeon-e78a4d0977df,역전우동0410,모둠까스,QUALITY-YEOKJEON-E78A4D0977DF,https://udon0410.com/menu/,,2026-10-04,CURRENT_MENU_LISTED,,,
official-quality-yeokjeon-f1694cb182df,역전우동0410,치킨가라아게정식,QUALITY-YEOKJEON-F1694CB182DF,https://udon0410.com/menu/,,2026-10-04,CURRENT_MENU_LISTED,,,
official-quality-yeokjeon-f5c986e765f6,역전우동0410,유린기돈까스,QUALITY-YEOKJEON-F5C986E765F6,https://udon0410.com/menu/,,2026-10-04,CURRENT_MENU_LISTED,,,
official-quality-yeokjeon-fb69dab49699,역전우동0410,얼큰가쓰오우동,QUALITY-YEOKJEON-FB69DAB49699,https://udon0410.com/menu/,,2026-10-04,CURRENT_MENU_LISTED,,,
official-quality-youngdabang-03ded7065310,청년다방,말차크림 떡볶이,QUALITY-YOUNGDABANG-03DED7065310,https://youngdabang.com/html/menu_view.html,,2026-10-04,CURRENT_MENU_LISTED,,,
official-quality-youngdabang-057b4ae049eb,청년다방,핫버터갈릭 옥수수튀김,QUALITY-YOUNGDABANG-057B4AE049EB,https://youngdabang.com/html/menu_view.html,,2026-10-04,CURRENT_MENU_LISTED,,,
official-quality-youngdabang-0813426d67ca,청년다방,치킨마요컵밥,QUALITY-YOUNGDABANG-0813426D67CA,https://youngdabang.com/html/menu_view.html,,2026-10-04,CURRENT_MENU_LISTED,,,
official-quality-youngdabang-0894520e34ad,청년다방,떡튀순 떡볶이,QUALITY-YOUNGDABANG-0894520E34AD,https://youngdabang.com/html/menu_view.html,,2026-10-04,CURRENT_MENU_LISTED,,,
official-quality-youngdabang-0cf9037abd88,청년다방,야채튀김,QUALITY-YOUNGDABANG-0CF9037ABD88,https://youngdabang.com/html/menu_view.html,,2026-10-04,CURRENT_MENU_LISTED,,,
official-quality-youngdabang-0df7eec84e4b,청년다방,허니간장순살치킨,QUALITY-YOUNGDABANG-0DF7EEC84E4B,https://youngdabang.com/html/menu_view.html,,2026-10-04,CURRENT_MENU_LISTED,,,
official-quality-youngdabang-0f4a1f6a128b,청년다방,날치알볶음밥,QUALITY-YOUNGDABANG-0F4A1F6A128B,https://youngdabang.com/html/menu_view.html,,2026-10-04,CURRENT_MENU_LISTED,,,
official-quality-youngdabang-13eb1dd5c89e,청년다방,순살치킨토핑,QUALITY-YOUNGDABANG-13EB1DD5C89E,https://youngdabang.com/html/menu_view.html,,2026-10-04,CURRENT_MENU_LISTED,,,
official-quality-youngdabang-15687b585e9c,청년다방,두부피롤,QUALITY-YOUNGDABANG-15687B585E9C,https://youngdabang.com/html/menu_view.html,,2026-10-04,CURRENT_MENU_LISTED,,,
official-quality-youngdabang-19b8341dea5f,청년다방,불향차돌떡볶이,QUALITY-YOUNGDABANG-19B8341DEA5F,https://youngdabang.com/html/menu_view.html,,2026-10-04,CURRENT_MENU_LISTED,,,
official-quality-youngdabang-1d8d7f00a660,청년다방,라면사리,QUALITY-YOUNGDABANG-1D8D7F00A660,https://youngdabang.com/html/menu_view.html,,2026-10-04,CURRENT_MENU_LISTED,,,
official-quality-youngdabang-1f989fd56672,청년다방,반반핫도그,QUALITY-YOUNGDABANG-1F989FD56672,https://youngdabang.com/html/menu_view.html,,2026-10-04,CURRENT_MENU_LISTED,,,
official-quality-youngdabang-2752dee02618,청년다방,파채토핑,QUALITY-YOUNGDABANG-2752DEE02618,https://youngdabang.com/html/menu_view.html,,2026-10-04,CURRENT_MENU_LISTED,,,
official-quality-youngdabang-299d7b20cc2a,청년다방,반반 돈가스,QUALITY-YOUNGDABANG-299D7B20CC2A,https://youngdabang.com/html/menu_view.html,,2026-10-04,CURRENT_MENU_LISTED,,,
official-quality-youngdabang-2b4aff955a70,청년다방,김말이튀김,QUALITY-YOUNGDABANG-2B4AFF955A70,https://youngdabang.com/html/menu_view.html,,2026-10-04,CURRENT_MENU_LISTED,,,
official-quality-youngdabang-38422c285f79,청년다방,비엔나햄,QUALITY-YOUNGDABANG-38422C285F79,https://youngdabang.com/html/menu_view.html,,2026-10-04,CURRENT_MENU_LISTED,,,
official-quality-youngdabang-3903de4918b3,청년다방,통큰오짱 떡볶이,QUALITY-YOUNGDABANG-3903DE4918B3,https://youngdabang.com/html/menu_view.html,,2026-10-04,CURRENT_MENU_LISTED,,,
official-quality-youngdabang-3bfcd1ca8db4,청년다방,대패삼겹떡볶이,QUALITY-YOUNGDABANG-3BFCD1CA8DB4,https://youngdabang.com/html/menu_view.html,,2026-10-04,CURRENT_MENU_LISTED,,,
official-quality-youngdabang-446faf779699,청년다방,치즈토핑,QUALITY-YOUNGDABANG-446FAF779699,https://youngdabang.com/html/menu_view.html,,2026-10-04,CURRENT_MENU_LISTED,,,
official-quality-youngdabang-4614deb2609f,청년다방,오징어튀김,QUALITY-YOUNGDABANG-4614DEB2609F,https://youngdabang.com/html/menu_view.html,,2026-10-04,CURRENT_MENU_LISTED,,,
official-quality-youngdabang-55a8f9e3b9a4,청년다방,우동사리,QUALITY-YOUNGDABANG-55A8F9E3B9A4,https://youngdabang.com/html/menu_view.html,,2026-10-04,CURRENT_MENU_LISTED,,,
official-quality-youngdabang-55abf39c8e99,청년다방,멕시칸 돈가스,QUALITY-YOUNGDABANG-55ABF39C8E99,https://youngdabang.com/html/menu_view.html,,2026-10-04,CURRENT_MENU_LISTED,,,
official-quality-youngdabang-569da301eb06,청년다방,감자후레이크,QUALITY-YOUNGDABANG-569DA301EB06,https://youngdabang.com/html/menu_view.html,,2026-10-04,CURRENT_MENU_LISTED,,,
official-quality-youngdabang-5ac09b604849,청년다방,분모자,QUALITY-YOUNGDABANG-5AC09B604849,https://youngdabang.com/html/menu_view.html,,2026-10-04,CURRENT_MENU_LISTED,,,
official-quality-youngdabang-5af76cf7717a,청년다방,경양식 돈가스,QUALITY-YOUNGDABANG-5AF76CF7717A,https://youngdabang.com/html/menu_view.html,,2026-10-04,CURRENT_MENU_LISTED,,,
official-quality-youngdabang-5d21866d0959,청년다방,버터갈릭 감자튀김,QUALITY-YOUNGDABANG-5D21866D0959,https://youngdabang.com/html/menu_view.html,,2026-10-04,CURRENT_MENU_LISTED,,,
official-quality-youngdabang-6a543d31c4f6,청년다방,파인스윗 돈가스,QUALITY-YOUNGDABANG-6A543D31C4F6,https://youngdabang.com/html/menu_view.html,,2026-10-04,CURRENT_MENU_LISTED,,,
official-quality-youngdabang-6e5f39379c3b,청년다방,공기밥,QUALITY-YOUNGDABANG-6E5F39379C3B,https://youngdabang.com/html/menu_view.html,,2026-10-04,CURRENT_MENU_LISTED,,,
official-quality-youngdabang-6e69eed9bdde,청년다방,모짜 치즈볼,QUALITY-YOUNGDABANG-6E69EED9BDDE,https://youngdabang.com/html/menu_view.html,,2026-10-04,CURRENT_MENU_LISTED,,,
official-quality-youngdabang-72516ac52cdf,청년다방,모듬튀김,QUALITY-YOUNGDABANG-72516AC52CDF,https://youngdabang.com/html/menu_view.html,,2026-10-04,CURRENT_MENU_LISTED,,,
official-quality-youngdabang-7572bf1af556,청년다방,차돌토핑,QUALITY-YOUNGDABANG-7572BF1AF556,https://youngdabang.com/html/menu_view.html,,2026-10-04,CURRENT_MENU_LISTED,,,
official-quality-youngdabang-8318ef71e3da,청년다방,넓적 당면사리,QUALITY-YOUNGDABANG-8318EF71E3DA,https://youngdabang.com/html/menu_view.html,,2026-10-04,CURRENT_MENU_LISTED,,,
official-quality-youngdabang-896ab4b71dd5,청년다방,대창토핑,QUALITY-YOUNGDABANG-896AB4B71DD5,https://youngdabang.com/html/menu_view.html,,2026-10-04,CURRENT_MENU_LISTED,,,
official-quality-youngdabang-9886bcc1d24d,청년다방,어묵토핑,QUALITY-YOUNGDABANG-9886BCC1D24D,https://youngdabang.com/html/menu_view.html,,2026-10-04,CURRENT_MENU_LISTED,,,
official-quality-youngdabang-99a961fe5451,청년다방,찰순대,QUALITY-YOUNGDABANG-99A961FE5451,https://youngdabang.com/html/menu_view.html,,2026-10-04,CURRENT_MENU_LISTED,,,
official-quality-youngdabang-a157118ae758,청년다방,튀김만두,QUALITY-YOUNGDABANG-A157118AE758,https://youngdabang.com/html/menu_view.html,,2026-10-04,CURRENT_MENU_LISTED,,,
official-quality-youngdabang-aa206856ae16,청년다방,참치마요컵밥,QUALITY-YOUNGDABANG-AA206856AE16,https://youngdabang.com/html/menu_view.html,,2026-10-04,CURRENT_MENU_LISTED,,,
official-quality-youngdabang-b303712b8e72,청년다방,치즈 돈가스,QUALITY-YOUNGDABANG-B303712B8E72,https://youngdabang.com/html/menu_view.html,,2026-10-04,CURRENT_MENU_LISTED,,,
official-quality-youngdabang-b8c2716272f2,청년다방,통통순살치킨,QUALITY-YOUNGDABANG-B8C2716272F2,https://youngdabang.com/html/menu_view.html,,2026-10-04,CURRENT_MENU_LISTED,,,
official-quality-youngdabang-b9a5d0322881,청년다방,고구마튀김,QUALITY-YOUNGDABANG-B9A5D0322881,https://youngdabang.com/html/menu_view.html,,2026-10-04,CURRENT_MENU_LISTED,,,
official-quality-youngdabang-c07a24dc2433,청년다방,메추리알,QUALITY-YOUNGDABANG-C07A24DC2433,https://youngdabang.com/html/menu_view.html,,2026-10-04,CURRENT_MENU_LISTED,,,
official-quality-youngdabang-c19467b2db1c,청년다방,쫄면토핑,QUALITY-YOUNGDABANG-C19467B2DB1C,https://youngdabang.com/html/menu_view.html,,2026-10-04,CURRENT_MENU_LISTED,,,
official-quality-youngdabang-c2bee6d770e5,청년다방,차새대떡볶이,QUALITY-YOUNGDABANG-C2BEE6D770E5,https://youngdabang.com/html/menu_view.html,,2026-10-04,CURRENT_MENU_LISTED,,,
official-quality-youngdabang-c61e3be29e68,청년다방,치즈폭포떡볶이,QUALITY-YOUNGDABANG-C61E3BE29E68,https://youngdabang.com/html/menu_view.html,,2026-10-04,CURRENT_MENU_LISTED,,,
official-quality-youngdabang-cef34db63216,청년다방,오짱토핑,QUALITY-YOUNGDABANG-CEF34DB63216,https://youngdabang.com/html/menu_view.html,,2026-10-04,CURRENT_MENU_LISTED,,,
official-quality-youngdabang-cf2eb1e941e5,청년다방,치즈밥,QUALITY-YOUNGDABANG-CF2EB1E941E5,https://youngdabang.com/html/menu_view.html,,2026-10-04,CURRENT_MENU_LISTED,,,
official-quality-youngdabang-da3be9b40d29,청년다방,크림차돌 떡볶이,QUALITY-YOUNGDABANG-DA3BE9B40D29,https://youngdabang.com/html/menu_view.html,,2026-10-04,CURRENT_MENU_LISTED,,,
official-quality-youngdabang-de3f3216563f,청년다방,스파이시 돈가스,QUALITY-YOUNGDABANG-DE3F3216563F,https://youngdabang.com/html/menu_view.html,,2026-10-04,CURRENT_MENU_LISTED,,,
official-quality-youngdabang-debf0a4956af,청년다방,말차 버터갈릭 감자튀김,QUALITY-YOUNGDABANG-DEBF0A4956AF,https://youngdabang.com/html/menu_view.html,,2026-10-04,CURRENT_MENU_LISTED,,,
official-quality-youngdabang-e2cd038f3d19,청년다방,김가루주먹밥,QUALITY-YOUNGDABANG-E2CD038F3D19,https://youngdabang.com/html/menu_view.html,,2026-10-04,CURRENT_MENU_LISTED,,,
official-quality-youngdabang-e2fa0a2069f3,청년다방,마라로제떡볶이,QUALITY-YOUNGDABANG-E2FA0A2069F3,https://youngdabang.com/html/menu_view.html,,2026-10-04,CURRENT_MENU_LISTED,,,
official-quality-youngdabang-e30baee88b10,청년다방,새우토핑,QUALITY-YOUNGDABANG-E30BAEE88B10,https://youngdabang.com/html/menu_view.html,,2026-10-04,CURRENT_MENU_LISTED,,,
official-quality-youngdabang-e318f88df30a,청년다방,엔젤치즈,QUALITY-YOUNGDABANG-E318F88DF30A,https://youngdabang.com/html/menu_view.html,,2026-10-04,CURRENT_MENU_LISTED,,,
official-quality-youngdabang-f2ad3b947d36,청년다방,꼬지어묵탕,QUALITY-YOUNGDABANG-F2AD3B947D36,https://youngdabang.com/html/menu_view.html,,2026-10-04,CURRENT_MENU_LISTED,,,
official-quality-yuksudang-010ddc28d631,육수당,순두부국밥,QUALITY-YUKSUDANG-010DDC28D631,https://yuksudang.com/board/index.php?board=menu_01&sca=2,,2026-10-04,CURRENT_MENU_LISTED,,,
official-quality-yuksudang-19832fe431c6,육수당,물막국수,QUALITY-YUKSUDANG-19832FE431C6,https://yuksudang.com/board/index.php?board=menu_01&sca=2,,2026-10-04,CURRENT_MENU_LISTED,,,
official-quality-yuksudang-20a0cde12aef,육수당,부대국밥,QUALITY-YUKSUDANG-20A0CDE12AEF,https://yuksudang.com/board/index.php?board=menu_01&sca=2,,2026-10-04,CURRENT_MENU_LISTED,,,
official-quality-yuksudang-22f93aa82225,육수당,수육,QUALITY-YUKSUDANG-22F93AA82225,https://yuksudang.com/board/index.php?board=menu_01&sca=5,,2026-10-04,CURRENT_MENU_LISTED,,,
official-quality-yuksudang-394aa47402e5,육수당,소양곰탕,QUALITY-YUKSUDANG-394AA47402E5,https://yuksudang.com/board/index.php?board=menu_01&sca=2,,2026-10-04,CURRENT_MENU_LISTED,,,
official-quality-yuksudang-52e5a8a0c82f,육수당,뼈해장국,QUALITY-YUKSUDANG-52E5A8A0C82F,https://yuksudang.com/board/index.php?board=menu_01&sca=2,,2026-10-04,CURRENT_MENU_LISTED,,,
official-quality-yuksudang-57a19eae8737,육수당,순대국밥,QUALITY-YUKSUDANG-57A19EAE8737,https://yuksudang.com/board/index.php?board=menu_01&sca=2,,2026-10-04,CURRENT_MENU_LISTED,,,
official-quality-yuksudang-7614a495868d,육수당,부대찌개,QUALITY-YUKSUDANG-7614A495868D,https://yuksudang.com/board/index.php?board=menu_01&sca=6,,2026-10-04,CURRENT_MENU_LISTED,,,
official-quality-yuksudang-7dad2fa509c8,육수당,비빔막국수,QUALITY-YUKSUDANG-7DAD2FA509C8,https://yuksudang.com/board/index.php?board=menu_01&sca=2,,2026-10-04,CURRENT_MENU_LISTED,,,
official-quality-yuksudang-8ac8aa9e05fa,육수당,갈비만두,QUALITY-YUKSUDANG-8AC8AA9E05FA,https://yuksudang.com/board/index.php?board=menu_01&sca=5,,2026-10-04,CURRENT_MENU_LISTED,,,
official-quality-yuksudang-9ed3613568dd,육수당,수만두,QUALITY-YUKSUDANG-9ED3613568DD,https://yuksudang.com/board/index.php?board=menu_01&sca=5,,2026-10-04,CURRENT_MENU_LISTED,,,
official-quality-yuksudang-a81f939374ea,육수당,반계탕,QUALITY-YUKSUDANG-A81F939374EA,https://yuksudang.com/board/index.php?board=menu_01&sca=2,,2026-10-04,CURRENT_MENU_LISTED,,,
official-quality-yuksudang-abdcf2715e64,육수당,소곱창전골,QUALITY-YUKSUDANG-ABDCF2715E64,https://yuksudang.com/board/index.php?board=menu_01&sca=6,,2026-10-04,CURRENT_MENU_LISTED,,,
official-quality-yuksudang-b29a1693105b,육수당,콩나물국밥,QUALITY-YUKSUDANG-B29A1693105B,https://yuksudang.com/board/index.php?board=menu_01&sca=2,,2026-10-04,CURRENT_MENU_LISTED,,,
official-quality-yuksudang-ca6eab077df9,육수당,육개장,QUALITY-YUKSUDANG-CA6EAB077DF9,https://yuksudang.com/board/index.php?board=menu_01&sca=2,,2026-10-04,CURRENT_MENU_LISTED,,,
official-quality-yuksudang-cdb642044295,육수당,수육국밥,QUALITY-YUKSUDANG-CDB642044295,https://yuksudang.com/board/index.php?board=menu_01&sca=2,,2026-10-04,CURRENT_MENU_LISTED,,,
official-quality-yuksudang-dcf82d5dfacf,육수당,순대전골,QUALITY-YUKSUDANG-DCF82D5DFACF,https://yuksudang.com/board/index.php?board=menu_01&sca=6,,2026-10-04,CURRENT_MENU_LISTED,,,
official-quality-yuksudang-f048787ad1ca,육수당,얼큰 국밥,QUALITY-YUKSUDANG-F048787AD1CA,https://yuksudang.com/board/index.php?board=menu_01&sca=2,,2026-10-04,CURRENT_MENU_LISTED,,,
official-quality-yuksudang-fc5d0e26e2bd,육수당,순대,QUALITY-YUKSUDANG-FC5D0E26E2BD,https://yuksudang.com/board/index.php?board=menu_01&sca=5,,2026-10-04,CURRENT_MENU_LISTED,,,
