sourceId,name,title,sourceDate,sourceUrl
231502,카레(카레라이스), Curry(Curried Rice) (카레(카레라이스) / Curry (Curry rice)),09/11/2025,https://english.visitkorea.or.kr/svc/sp/food/ext/special_view.do?menuSn=913&vcontsId=231502
231562,오므라이스, Omelet Rice (오므라이스 / Omeurice),09/11/2025,https://english.visitkorea.or.kr/svc/sp/food/ext/special_view.do?menuSn=913&vcontsId=231562
231676,누룽지, Scorched Rice (누룽지 / Nurungji),09/11/2025,https://english.visitkorea.or.kr/svc/sp/food/ext/special_view.do?menuSn=913&vcontsId=231676
180137,전복돌솥밥,Abalone Hot Stone Pot Rice (전복돌솥밥 / Jeonbokdolsotbap),10/19/2023,https://english.visitkorea.or.kr/svc/sp/food/ext/special_view.do?menuSn=913&vcontsId=180137
180908,전복김치,Abalone Kimchi (전복김치 / Jeonbokkimchi),10/19/2023,https://english.visitkorea.or.kr/svc/sp/food/ext/special_view.do?menuSn=913&vcontsId=180908
178109,전복죽,Abalone Porridge (전복죽 / Jeonbokjuk),10/19/2023,https://english.visitkorea.or.kr/svc/sp/food/ext/special_view.do?menuSn=913&vcontsId=178109
180173,전복갈비탕,Abalone and Galbi Soup (전복갈비탕 / Jeonbokgalbitang),10/19/2023,https://english.visitkorea.or.kr/svc/sp/food/ext/special_view.do?menuSn=913&vcontsId=180173
179192,전복삼계탕,Abalone and Ginseng Chicken Soup (전복삼계탕 / Jeonboksamgyetang),10/19/2023,https://english.visitkorea.or.kr/svc/sp/food/ext/special_view.do?menuSn=913&vcontsId=179192
181950,전복 해초 솥밥,Abalone and Seaweed Pot Rice (전복 해초 솥밥 / Jeonbokhaechosotbap),10/19/2023,https://english.visitkorea.or.kr/svc/sp/food/ext/special_view.do?menuSn=913&vcontsId=181950
181589,묵잡채,Acorn Jelly Japchae (묵잡채 / Mukjapchae),10/19/2023,https://english.visitkorea.or.kr/svc/sp/food/ext/special_view.do?menuSn=913&vcontsId=181589
178950,도토리묵,Acorn Jelly Salad (도토리묵 / Dotorimuk),10/19/2023,https://english.visitkorea.or.kr/svc/sp/food/ext/special_view.do?menuSn=913&vcontsId=178950
181901,우무 냉콩국,Agar Cold Soybean Soup (우무 냉콩국 / Umunaengkongguk),10/19/2023,https://english.visitkorea.or.kr/svc/sp/food/ext/special_view.do?menuSn=913&vcontsId=181901
182505,묵은지 김밥,Aged Kimchi Gimbap (묵은지 김밥 / Mugeunjigimbap),10/19/2023,https://english.visitkorea.or.kr/svc/sp/food/ext/special_view.do?menuSn=913&vcontsId=182505
180827,암뽕순대,Amppong Sundae (암뽕순대 / Amppongsundae),10/19/2023,https://english.visitkorea.or.kr/svc/sp/food/ext/special_view.do?menuSn=913&vcontsId=180827
182009,부지깽이 나물밥,Amur Wallflower Salad Rice (부지깽이 나물밥 / Bujikkaenginamulbap),10/19/2023,https://english.visitkorea.or.kr/svc/sp/food/ext/special_view.do?menuSn=913&vcontsId=182009
179015,멸치쌈밥,"Anchovy, Leaf Wraps and Rice (멸치쌈밥 / Myeolchissambap)",10/19/2023,https://english.visitkorea.or.kr/svc/sp/food/ext/special_view.do?menuSn=913&vcontsId=179015
178077,안동 헛제삿밥,Andong Bibimbap with Soy Sauce (안동 헛제삿밥 / Andongheotjesatbap),10/19/2023,https://english.visitkorea.or.kr/svc/sp/food/ext/special_view.do?menuSn=913&vcontsId=178077
178072,안동 간고등어 백반,Andong Grilled Salted Mackerel Set Menu (안동 간고등어 백반 / Andonggangodeungeobaekban),10/19/2023,https://english.visitkorea.or.kr/svc/sp/food/ext/special_view.do?menuSn=913&vcontsId=178072
179714,안동국시,Andong Noodles (안동국시 / Andongguksi),10/19/2023,https://english.visitkorea.or.kr/svc/sp/food/ext/special_view.do?menuSn=913&vcontsId=179714
231642,안동소주,Andong Soju (안동소주 / Andongsoju),09/11/2025,https://english.visitkorea.or.kr/svc/sp/food/ext/special_view.do?menuSn=913&vcontsId=231642
180151,안동식혜,Andong Sweet Rice Punch (안동식혜 / Andongsikhye),10/19/2023,https://english.visitkorea.or.kr/svc/sp/food/ext/special_view.do?menuSn=913&vcontsId=180151
181560,칡국수,Arrowroot Noodles (칡국수 / Chikguksu),10/19/2023,https://english.visitkorea.or.kr/svc/sp/food/ext/special_view.do?menuSn=913&vcontsId=181560
178979,모둠전,Assorted Pan-Fried Battered Platter (모둠전 / Modumjeon),10/19/2023,https://english.visitkorea.or.kr/svc/sp/food/ext/special_view.do?menuSn=913&vcontsId=178979
180972,어채,Assorted Parboiled Fish Filet (어채 / Eochae),10/19/2023,https://english.visitkorea.or.kr/svc/sp/food/ext/special_view.do?menuSn=913&vcontsId=180972
180184,민어모둠회,Assorted Sliced Raw Croaker (민어모둠회 / Mineomodumhoe),10/19/2023,https://english.visitkorea.or.kr/svc/sp/food/ext/special_view.do?menuSn=913&vcontsId=180184
231706,모둠회,Assorted Sliced Raw Fish (모둠회 / Modumhoe),09/11/2025,https://english.visitkorea.or.kr/svc/sp/food/ext/special_view.do?menuSn=913&vcontsId=231706
181550,취나물쌈밥,Aster Leaf Wraps and Rice (취나물쌈밥 / Chwinamulssambap),10/19/2023,https://english.visitkorea.or.kr/svc/sp/food/ext/special_view.do?menuSn=913&vcontsId=181550
181104,백암순대,Baegam Sundae (백암순대 / Baegamsundae),10/19/2023,https://english.visitkorea.or.kr/svc/sp/food/ext/special_view.do?menuSn=913&vcontsId=181104
180179,죽순부각,Bamboo Shoot Chips (죽순부각 / Juksunbugak),10/19/2023,https://english.visitkorea.or.kr/svc/sp/food/ext/special_view.do?menuSn=913&vcontsId=180179
181490,죽순나물,Bamboo Shoot Salad (죽순나물 / Juksunnamul),10/19/2023,https://english.visitkorea.or.kr/svc/sp/food/ext/special_view.do?menuSn=913&vcontsId=181490
178834,잔치국수(멸치국수),Banquet Noodles (Noodles in Dried Anchovy Broth)  (잔치국수(멸치국수) / Janchiguksu (Myeolchiguksu)),10/19/2023,https://english.visitkorea.or.kr/svc/sp/food/ext/special_view.do?menuSn=913&vcontsId=178834
180201,바람떡(개피떡),Baram Rice Cake (Gaepi Rice Cake) (바람떡(개피떡) / Baramtteok (Gaepitteok)),10/19/2023,https://english.visitkorea.or.kr/svc/sp/food/ext/special_view.do?menuSn=913&vcontsId=180201
179560,보리굴비,Barley-Aged Dried Yellow Croaker (보리굴비 / Borigulbi),10/19/2023,https://english.visitkorea.or.kr/svc/sp/food/ext/special_view.do?menuSn=913&vcontsId=179560
181410,따개비밥,Barnacle Rice (따개비밥 / Ttagaebibap),10/19/2023,https://english.visitkorea.or.kr/svc/sp/food/ext/special_view.do?menuSn=913&vcontsId=181410
178314,두부전골,Bean Curd Hot Pot (두부전골 / Dubujeongol),10/19/2023,https://english.visitkorea.or.kr/svc/sp/food/ext/special_view.do?menuSn=913&vcontsId=178314
179834,두부김치,Bean Curd with Stir-Fried Kimchi (두부김치 / Dubukimchi),10/19/2023,https://english.visitkorea.or.kr/svc/sp/food/ext/special_view.do?menuSn=913&vcontsId=179834
180749,콩버무리,Bean Rice Cake (콩버무리 / Kongbeomuri),10/19/2023,https://english.visitkorea.or.kr/svc/sp/food/ext/special_view.do?menuSn=913&vcontsId=180749
181319,낙삼콩불,Bean Sprout Bulgogi with Octopus and Pork Belly (낙삼콩불 / Naksamkongbul),10/19/2023,https://english.visitkorea.or.kr/svc/sp/food/ext/special_view.do?menuSn=913&vcontsId=181319
180138,콩나물 잡채,Bean Sprout Japchae (콩나물 잡채 / Kongnamuljapchae),10/19/2023,https://english.visitkorea.or.kr/svc/sp/food/ext/special_view.do?menuSn=913&vcontsId=180138
179077,콩나물밥,Bean Sprout Rice (콩나물밥 / Kongnamulbap),10/19/2023,https://english.visitkorea.or.kr/svc/sp/food/ext/special_view.do?menuSn=913&vcontsId=179077
182169,콩불,Bean Sprout and Bulgogi (콩불 / Kongbul),10/19/2023,https://english.visitkorea.or.kr/svc/sp/food/ext/special_view.do?menuSn=913&vcontsId=182169
178212,콩나물국밥,Bean Sprout and Rice Soup (콩나물국밥 / Kongnamulgukbap),10/19/2023,https://english.visitkorea.or.kr/svc/sp/food/ext/special_view.do?menuSn=913&vcontsId=178212
179979,인절미,Bean-Powder-Coated Rice Cake (인절미 / Injeolmi),10/19/2023,https://english.visitkorea.or.kr/svc/sp/food/ext/special_view.do?menuSn=913&vcontsId=179979
180858,인절미토스트,Bean-Powder-Coated Rice Cake Toast (인절미토스트 / Injeolmitoast),10/19/2023,https://english.visitkorea.or.kr/svc/sp/food/ext/special_view.do?menuSn=913&vcontsId=180858
180764,밥알쑥 인절미,Bean-Powder-Coated Rice Cake with Whole Rice Grain And Mugwort (밥알쑥 인절미 / Babalssuginjeolmi),10/19/2023,https://english.visitkorea.or.kr/svc/sp/food/ext/special_view.do?menuSn=913&vcontsId=180764
178153,곰탕,Beef Bone Soup (곰탕 / Gomtang),10/19/2023,https://english.visitkorea.or.kr/svc/sp/food/ext/special_view.do?menuSn=913&vcontsId=178153
178587,차돌박이,Beef Brisket (차돌박이 / Chadolbagi),10/19/2023,https://english.visitkorea.or.kr/svc/sp/food/ext/special_view.do?menuSn=913&vcontsId=178587
182224,맑은양지해장국,Beef Brisket Hangover Soup (맑은양지해장국 / Malgeunnyangjihaejangguk),10/19/2023,https://english.visitkorea.or.kr/svc/sp/food/ext/special_view.do?menuSn=913&vcontsId=182224
181083,차돌박이고추장찌개,Beef Brisket Red Chili Paste Jjigae (차돌박이고추장찌개 / Chadolbagigochujangjjigae),10/19/2023,https://english.visitkorea.or.kr/svc/sp/food/ext/special_view.do?menuSn=913&vcontsId=181083
178391,차돌된장찌개,Beef Brisket Soybean Paste Jjigae (차돌된장찌개 / Chadoldoenjangjjigae),10/19/2023,https://english.visitkorea.or.kr/svc/sp/food/ext/special_view.do?menuSn=913&vcontsId=178391
181680,소고기 동그랑땡,Beef Fritters (소고기 동그랑땡 / Sogogidonggeurangttaeng),10/19/2023,https://english.visitkorea.or.kr/svc/sp/food/ext/special_view.do?menuSn=913&vcontsId=181680
178186,소머리국밥,Beef Head Meat and Rice Soup (소머리국밥 / Someorigukbap),10/19/2023,https://english.visitkorea.or.kr/svc/sp/food/ext/special_view.do?menuSn=913&vcontsId=178186
179259,쇠고기전골,Beef Hot Pot (쇠고기전골 / Soegogijeongol),10/19/2023,https://english.visitkorea.or.kr/svc/sp/food/ext/special_view.do?menuSn=913&vcontsId=179259
180759,육포,Beef Jerky (육포 / Yukpo),10/19/2023,https://english.visitkorea.or.kr/svc/sp/food/ext/special_view.do?menuSn=913&vcontsId=180759
231625,제비추리,Beef Neck Chain (제비추리 / Jebichuri),09/11/2025,https://english.visitkorea.or.kr/svc/sp/food/ext/special_view.do?menuSn=913&vcontsId=231625
179177,소내장탕,Beef Offal Soup (소내장탕 / Sonaejangtang),10/19/2023,https://english.visitkorea.or.kr/svc/sp/food/ext/special_view.do?menuSn=913&vcontsId=179177
231411,소고기죽(소고기야채죽),Beef Rice Porridge (Beef and Vegetable Rice Porridge) (소고기죽(소고기야채죽) / Sogogijuk (Sogogiyachaejuk)),09/11/2025,https://english.visitkorea.or.kr/svc/sp/food/ext/special_view.do?menuSn=913&vcontsId=231411
178252,곱창전골,Beef Small Intestine Hot Pot (곱창전골 / Gopchangjeongol),10/19/2023,https://english.visitkorea.or.kr/svc/sp/food/ext/special_view.do?menuSn=913&vcontsId=178252
178572,육회,Beef Tartare (육회 / Yukhoe),10/19/2023,https://english.visitkorea.or.kr/svc/sp/food/ext/special_view.do?menuSn=913&vcontsId=178572
178098,육회비빔밥,Beef Tartare Bibimbap (육회비빔밥 / Yukhoebibimbap),10/19/2023,https://english.visitkorea.or.kr/svc/sp/food/ext/special_view.do?menuSn=913&vcontsId=178098
181759,사슬적,Beef and Fish Skewers (사슬적 / Saseuljeok),10/19/2023,https://english.visitkorea.or.kr/svc/sp/food/ext/special_view.do?menuSn=913&vcontsId=181759
181120,소고기은행죽,Beef and Ginkgo Nut Porridge (소고기은행죽 / Sogogieunhaengjuk),10/19/2023,https://english.visitkorea.or.kr/svc/sp/food/ext/special_view.do?menuSn=913&vcontsId=181120
180161,소고기뭇국,Beef and Radish Soup (소고기뭇국 / Sogogimutguk),10/19/2023,https://english.visitkorea.or.kr/svc/sp/food/ext/special_view.do?menuSn=913&vcontsId=180161
178191,쇠고기국밥,Beef and Rice Soup (쇠고기국밥 / Soegogigukbap),10/19/2023,https://english.visitkorea.or.kr/svc/sp/food/ext/special_view.do?menuSn=913&vcontsId=178191
180108,손말이고기,Beef-wrapped Green Rolls (손말이고기 / Sonmarigogi),10/19/2023,https://english.visitkorea.or.kr/svc/sp/food/ext/special_view.do?menuSn=913&vcontsId=180108
178062,비빔밥,Bibimbap (비빔밥 / Bibimbap),10/19/2023,https://english.visitkorea.or.kr/svc/sp/food/ext/special_view.do?menuSn=913&vcontsId=178062
181730,고들빼기김치,Bitter Lettuce Kimchi (고들빼기김치 / Godeulppaegikimchi),10/19/2023,https://english.visitkorea.or.kr/svc/sp/food/ext/special_view.do?menuSn=913&vcontsId=181730
182334,흑보리들기름비빔밥,Black Barley and Perilla Oil Bibimbap (흑보리들기름비빔밥 / Heukborideulgireumbibimbap),10/19/2023,https://english.visitkorea.or.kr/svc/sp/food/ext/special_view.do?menuSn=913&vcontsId=182334
179699,짜장면,Black Bean Sauce Noodles (짜장면 / Jjajangmyeon),10/19/2023,https://english.visitkorea.or.kr/svc/sp/food/ext/special_view.do?menuSn=913&vcontsId=179699
231477,짜장떡볶이,Black Bean Sauce Tteokbokki (짜장떡볶이 / Jjajangtteokbokki),09/11/2025,https://english.visitkorea.or.kr/svc/sp/food/ext/special_view.do?menuSn=913&vcontsId=231477
180913,흑염소불고기,Black Goat Bulgogi (흑염소불고기 / Heugyeomsobulgogi),10/19/2023,https://english.visitkorea.or.kr/svc/sp/food/ext/special_view.do?menuSn=913&vcontsId=180913
180148,복분자 화채,Black Raspberry Punch  (복분자 화채 / Bokbunjahwachae),10/19/2023,https://english.visitkorea.or.kr/svc/sp/food/ext/special_view.do?menuSn=913&vcontsId=180148
181262,흑임자라떼,Black Sesame Latte (흑임자라떼 / Heugimja Latte),10/19/2023,https://english.visitkorea.or.kr/svc/sp/food/ext/special_view.do?menuSn=913&vcontsId=181262
179052,흑임자죽,Black Sesame Porridge (흑임자죽 / Heugimjajuk),10/19/2023,https://english.visitkorea.or.kr/svc/sp/food/ext/special_view.do?menuSn=913&vcontsId=179052
180903,흑임자다식,Black Sesame Tea Confectionery (흑임자다식 / Heugimjadasik),10/19/2023,https://english.visitkorea.or.kr/svc/sp/food/ext/special_view.do?menuSn=913&vcontsId=180903
181037,흑임자인절미,Black Sesame-Powder-Coated Rice Cake (흑임자인절미 / Heugimjainjeolmi),10/19/2023,https://english.visitkorea.or.kr/svc/sp/food/ext/special_view.do?menuSn=913&vcontsId=181037
180997,콩튀김(콩부각),Black Soybean Chips (콩튀김(콩부각) / Kongtwigim (Kongbugak)),10/19/2023,https://english.visitkorea.or.kr/svc/sp/food/ext/special_view.do?menuSn=913&vcontsId=180997
181415,꽃게살비빔밥,Blue Crab Meat Bibimbap (꽃게살비빔밥 / Kkotgesalbibimbap),10/19/2023,https://english.visitkorea.or.kr/svc/sp/food/ext/special_view.do?menuSn=913&vcontsId=181415
179639,꽃게무침,Blue Crab Salad (꽃게무침 / Kkotgemuchim),10/19/2023,https://english.visitkorea.or.kr/svc/sp/food/ext/special_view.do?menuSn=913&vcontsId=179639
181144,꽃게된장찌개,Blue Crab Soybean Paste Jjigae (꽃게된장찌개 / Kkotgedoenjangjjigae),10/19/2023,https://english.visitkorea.or.kr/svc/sp/food/ext/special_view.do?menuSn=913&vcontsId=181144
179219,게국지,Blue Crab and Kimchi Stew (게국지 / Gegukji),10/19/2023,https://english.visitkorea.or.kr/svc/sp/food/ext/special_view.do?menuSn=913&vcontsId=179219
182179,양지수육,Boiled Beef Brisket Slices (양지수육 / Yangjisuyuk),10/19/2023,https://english.visitkorea.or.kr/svc/sp/food/ext/special_view.do?menuSn=913&vcontsId=182179
180125,수육무침,Boiled Beef Slice Salad (수육무침 / Suyungmuchim),10/19/2023,https://english.visitkorea.or.kr/svc/sp/food/ext/special_view.do?menuSn=913&vcontsId=180125
178370,어복쟁반,Boiled Beef Slices Hot Pot (어복쟁반 / Eobokjaengban),10/19/2023,https://english.visitkorea.or.kr/svc/sp/food/ext/special_view.do?menuSn=913&vcontsId=178370
179480,아귀수육(아구수육),Boiled Monkfish Slices (아귀수육(아구수육) / Agwisuyuk (Agusuyuk)),10/19/2023,https://english.visitkorea.or.kr/svc/sp/food/ext/special_view.do?menuSn=913&vcontsId=179480
179348,편육,Boiled Pork Slices (편육 / Pyeonyuk),10/19/2023,https://english.visitkorea.or.kr/svc/sp/food/ext/special_view.do?menuSn=913&vcontsId=179348
182164,미나리 수육,Boiled Pork Slices with Water Parsley (미나리 수육 / Minarisuyuk),10/19/2023,https://english.visitkorea.or.kr/svc/sp/food/ext/special_view.do?menuSn=913&vcontsId=182164
178486,수육,Boiled Pork/Beef Slices (수육 / Suyuk),10/19/2023,https://english.visitkorea.or.kr/svc/sp/food/ext/special_view.do?menuSn=913&vcontsId=178486
181027,감자범벅(감자붕생이),Boiled Potato Dough with Beans (감자범벅(감자붕생이) / Gamjabeombeok (Gamjabungsaengi)),10/19/2023,https://english.visitkorea.or.kr/svc/sp/food/ext/special_view.do?menuSn=913&vcontsId=181027
231558,복어수육,Boiled Puffer Fish Slices (복어수육 / Bogeosuyuk),09/11/2025,https://english.visitkorea.or.kr/svc/sp/food/ext/special_view.do?menuSn=913&vcontsId=231558
231714,뼈째회(세꼬시),Bone-in Sliced Raw Fish (뼈째회(세꼬시) / Ppyeojjaehoe),09/11/2025,https://english.visitkorea.or.kr/svc/sp/food/ext/special_view.do?menuSn=913&vcontsId=231714
182454,보성양탕,Boseong Goat Soup (보성양탕 / Boseongnyangtang),10/19/2023,https://english.visitkorea.or.kr/svc/sp/food/ext/special_view.do?menuSn=913&vcontsId=182454
179103,고사리해장국,Bracken Hangover Soup (고사리해장국 / Gosarihaejangguk),10/19/2023,https://english.visitkorea.or.kr/svc/sp/food/ext/special_view.do?menuSn=913&vcontsId=179103
181180,멜조림,Braised Anchovy (멜조림 / Meljorim),10/19/2023,https://english.visitkorea.or.kr/svc/sp/food/ext/special_view.do?menuSn=913&vcontsId=181180
179325,두부조림,Braised Bean Curd (두부조림 / Dubujorim),10/19/2023,https://english.visitkorea.or.kr/svc/sp/food/ext/special_view.do?menuSn=913&vcontsId=179325
181142,호두장아찌,Braised Beef and Walnuts in Soy Sauce (호두장아찌 / Hodujangajji),10/19/2023,https://english.visitkorea.or.kr/svc/sp/food/ext/special_view.do?menuSn=913&vcontsId=181142
180202,도라지정과,Braised Bellflower Root in Sweet Sauce (도라지정과 / Dorajijeonggwa),10/19/2023,https://english.visitkorea.or.kr/svc/sp/food/ext/special_view.do?menuSn=913&vcontsId=180202
179305,은대구조림,Braised Black Cod (은대구조림 / Eundaegujorim),10/19/2023,https://english.visitkorea.or.kr/svc/sp/food/ext/special_view.do?menuSn=913&vcontsId=179305
178273,꽃게찜,Braised Blue Crab (꽃게찜 / Kkotgejjim),10/19/2023,https://english.visitkorea.or.kr/svc/sp/food/ext/special_view.do?menuSn=913&vcontsId=178273
181940,우엉채 김밥,Braised Burdock Root Gimbap (우엉채 김밥 / Ueongchaegimbap),10/19/2023,https://english.visitkorea.or.kr/svc/sp/food/ext/special_view.do?menuSn=913&vcontsId=181940
181115,양송이버섯 조림,Braised Button Mushrooms (양송이버섯 조림 / Yangsongibeoseotjorim),10/19/2023,https://english.visitkorea.or.kr/svc/sp/food/ext/special_view.do?menuSn=913&vcontsId=181115
178582,찜닭,Braised Chicken (찜닭 / Jjimdak),10/19/2023,https://english.visitkorea.or.kr/svc/sp/food/ext/special_view.do?menuSn=913&vcontsId=178582
179437,닭발찜,Braised Chicken Feet (닭발찜 / Dakbaljjim),10/19/2023,https://english.visitkorea.or.kr/svc/sp/food/ext/special_view.do?menuSn=913&vcontsId=179437
181185,닭날개 간장조림,Braised Chicken Wings in Soy Sauce (닭날개 간장조림 / Dangnalgaeganjangjorim),10/19/2023,https://english.visitkorea.or.kr/svc/sp/food/ext/special_view.do?menuSn=913&vcontsId=181185
182159,토종닭 시래기찜,Braised Chicken with Dried Radish Leaves (토종닭 시래기찜 / Tojongdaksiraegijjim),10/19/2023,https://english.visitkorea.or.kr/svc/sp/food/ext/special_view.do?menuSn=913&vcontsId=182159
178299,대구찜,Braised Codfish (대구찜 / Daegujjim),10/19/2023,https://english.visitkorea.or.kr/svc/sp/food/ext/special_view.do?menuSn=913&vcontsId=178299
182365,대구뽈찜,Braised Codfish Head (대구뽈찜 / Daeguppoljjim),10/19/2023,https://english.visitkorea.or.kr/svc/sp/food/ext/special_view.do?menuSn=913&vcontsId=182365
178234,갈치조림,Braised Cutlassfish (갈치조림 / Galchijorim),10/19/2023,https://english.visitkorea.or.kr/svc/sp/food/ext/special_view.do?menuSn=913&vcontsId=178234
182189,황태콩나물찜,Braised Dried Pollack and Bean Sprouts (황태콩나물찜 / Hwangtaekongnamuljjim),10/19/2023,https://english.visitkorea.or.kr/svc/sp/food/ext/special_view.do?menuSn=913&vcontsId=182189
178440,갈비찜,Braised Galbi (갈비찜 / Galbijjim),10/19/2023,https://english.visitkorea.or.kr/svc/sp/food/ext/special_view.do?menuSn=913&vcontsId=178440
180160,전복갈비찜,Braised Galbi and Abalone (전복갈비찜 / Jeonbokgalbijjim),10/19/2023,https://english.visitkorea.or.kr/svc/sp/food/ext/special_view.do?menuSn=913&vcontsId=180160
180873,편강(생강정과),Braised Ginger in Sweet Sauce (편강(생강정과) / Pyeongang (Saenggangjeonggwa)),10/19/2023,https://english.visitkorea.or.kr/svc/sp/food/ext/special_view.do?menuSn=913&vcontsId=180873
181780,마주조림,Braised Goby Minnows (마주조림 / Majujorim ),10/19/2023,https://english.visitkorea.or.kr/svc/sp/food/ext/special_view.do?menuSn=913&vcontsId=181780
178411,코다리조림,Braised Half-Dried Pollack (코다리조림 / Kodarijorim),10/19/2023,https://english.visitkorea.or.kr/svc/sp/food/ext/special_view.do?menuSn=913&vcontsId=178411
181011,장똑똑이,Braised Julienned Beef (장똑똑이 / Jangttokttogi),10/19/2023,https://english.visitkorea.or.kr/svc/sp/food/ext/special_view.do?menuSn=913&vcontsId=181011
182124,김치등갈비찜,Braised Kimchi and Pork Galbi (김치등갈비찜 / Kimchideunggalbijjim),10/19/2023,https://english.visitkorea.or.kr/svc/sp/food/ext/special_view.do?menuSn=913&vcontsId=182124
181690,새송이 양념구이,Braised King Oyster Mushrooms (새송이 양념구이 / Saesongiyangnyeomgui),10/19/2023,https://english.visitkorea.or.kr/svc/sp/food/ext/special_view.do?menuSn=913&vcontsId=181690
182139,향어찜,Braised Leather Carp (향어찜 / Hyangeojjim),10/19/2023,https://english.visitkorea.or.kr/svc/sp/food/ext/special_view.do?menuSn=913&vcontsId=182139
181175,연근조림,Braised Lotus Root (연근조림 / Yeongeunjorim),10/19/2023,https://english.visitkorea.or.kr/svc/sp/food/ext/special_view.do?menuSn=913&vcontsId=181175
180799,연근정과,Braised Lotus Root in Sweet Sauce (연근정과 / Yeongeunjeonggwa),10/19/2023,https://english.visitkorea.or.kr/svc/sp/food/ext/special_view.do?menuSn=913&vcontsId=180799
178244,고등어조림,Braised Mackerel (고등어조림 / Godeungeojorim),10/19/2023,https://english.visitkorea.or.kr/svc/sp/food/ext/special_view.do?menuSn=913&vcontsId=178244
181814,고등어 묵은지찜,Braised Mackerel with Aged Kimchi (고등어 묵은지찜 / Godeungeomugeunjujjim),10/19/2023,https://english.visitkorea.or.kr/svc/sp/food/ext/special_view.do?menuSn=913&vcontsId=181814
182305,홍합초,Braised Mussels (홍합초 / Honghapcho),10/19/2023,https://english.visitkorea.or.kr/svc/sp/food/ext/special_view.do?menuSn=913&vcontsId=182305
180140,낙지찜,Braised Octopus (낙지찜 / Nakjijjim),10/19/2023,https://english.visitkorea.or.kr/svc/sp/food/ext/special_view.do?menuSn=913&vcontsId=180140
179375,꼬리찜,Braised Oxtail (꼬리찜 / Kkorijjim),10/19/2023,https://english.visitkorea.or.kr/svc/sp/food/ext/special_view.do?menuSn=913&vcontsId=179375
180154,땅콩 호두조림,Braised Peanuts and Walnuts (땅콩 호두조림 / Ttangkonghodujorim),10/19/2023,https://english.visitkorea.or.kr/svc/sp/food/ext/special_view.do?menuSn=913&vcontsId=180154
178577,족발,Braised Pigs' Feet (족발 / Jokbal),10/19/2023,https://english.visitkorea.or.kr/svc/sp/food/ext/special_view.do?menuSn=913&vcontsId=178577
182194,마늘족발,Braised Pigs' Feet with Garlic Sauce (마늘족발 / Maneuljokbal),10/19/2023,https://english.visitkorea.or.kr/svc/sp/food/ext/special_view.do?menuSn=913&vcontsId=182194
179310,가자미조림,Braised Plaice (가자미조림 / Gajamijorim),10/19/2023,https://english.visitkorea.or.kr/svc/sp/food/ext/special_view.do?menuSn=913&vcontsId=179310
179472,명태찜,Braised Pollack (명태찜 / Myeongtaejjim),10/19/2023,https://english.visitkorea.or.kr/svc/sp/food/ext/special_view.do?menuSn=913&vcontsId=179472
181916,고구마순 병어조림,Braised Pomfret and Sweet Potato Stalk (고구마순 병어조림 / Gogumasunbyeongeojorim),10/19/2023,https://english.visitkorea.or.kr/svc/sp/food/ext/special_view.do?menuSn=913&vcontsId=181916
179338,돼지등뼈찜,Braised Pork Backbone (돼지등뼈찜 / Dwaejideungppyeojjim),10/19/2023,https://english.visitkorea.or.kr/svc/sp/food/ext/special_view.do?menuSn=913&vcontsId=179338
182174,묵은지 삼겹살말이,Braised Pork Belly Wrapped in Aged Kimchi (묵은지 삼겹살말이 / Mugeunjisamgyeopsalmari),10/19/2023,https://english.visitkorea.or.kr/svc/sp/food/ext/special_view.do?menuSn=913&vcontsId=182174
178455,김치삼겹살찜,Braised Pork Belly and Kimchi (김치삼겹살찜 / Kimchisamgyeopsaljjim),10/19/2023,https://english.visitkorea.or.kr/svc/sp/food/ext/special_view.do?menuSn=913&vcontsId=178455
182149,쪽갈비김치찜,Braised Pork Galbi with Kimchi (쪽갈비김치찜 / Jjokgalbikimchijjim),10/19/2023,https://english.visitkorea.or.kr/svc/sp/food/ext/special_view.do?menuSn=913&vcontsId=182149
231592,돼지갈비찜,Braised Pork Ribs (돼지갈비찜 / Dwaejigalbijjim),09/11/2025,https://english.visitkorea.or.kr/svc/sp/food/ext/special_view.do?menuSn=913&vcontsId=231592
231576,김치찜,Braised Pork with Kimchi (김치찜 / Kimchijjim),09/11/2025,https://english.visitkorea.or.kr/svc/sp/food/ext/special_view.do?menuSn=913&vcontsId=231576
181804,메추리알 장조림,Braised Quail Eggs in Soy Sauce (메추리알 장조림 / Mechurialjangjorim),10/19/2023,https://english.visitkorea.or.kr/svc/sp/food/ext/special_view.do?menuSn=913&vcontsId=181804
182184,해물찜닭,Braised Seafood and Chicken (해물찜닭 / Haemuljjimdak),10/19/2023,https://english.visitkorea.or.kr/svc/sp/food/ext/special_view.do?menuSn=913&vcontsId=182184
182400,딸기정과,Braised Strawberry in Sweet Sauce (딸기정과 / Ttalgijeonggwa),10/19/2023,https://english.visitkorea.or.kr/svc/sp/food/ext/special_view.do?menuSn=913&vcontsId=182400
182134,곤드레고등어찜,Braised Thistle and Mackerel (곤드레고등어찜 / Gondeuregodeungeojjim),10/19/2023,https://english.visitkorea.or.kr/svc/sp/food/ext/special_view.do?menuSn=913&vcontsId=182134
181170,곤드레삼치조림,Braised Thistle and Spotted Mackerel (곤드레삼치조림 / Gondeuresamchijorim),10/19/2023,https://english.visitkorea.or.kr/svc/sp/food/ext/special_view.do?menuSn=913&vcontsId=181170
179315,조기조림,Braised Yellow Croaker (조기조림 / Jogijorim),10/19/2023,https://english.visitkorea.or.kr/svc/sp/food/ext/special_view.do?menuSn=913&vcontsId=179315
182290,연탄구이 삼겹살,Briquette-Grilled Pork Belly (연탄구이 삼겹살 / Yeontanguisamgyeopsal),10/19/2023,https://english.visitkorea.or.kr/svc/sp/food/ext/special_view.do?menuSn=913&vcontsId=182290
179370,돼지연탄불고기,Briquette-Grilled Pork Bulgogi (돼지연탄불고기 / Dwaejiyeontanbulgogi),10/19/2023,https://english.visitkorea.or.kr/svc/sp/food/ext/special_view.do?menuSn=913&vcontsId=179370
181430,톳밥,Brown Seaweed Rice (톳밥 / Totbap),10/19/2023,https://english.visitkorea.or.kr/svc/sp/food/ext/special_view.do?menuSn=913&vcontsId=181430
179031,보말죽,Brown Turban Shell Porridge (보말죽 / Bomaljuk),10/19/2023,https://english.visitkorea.or.kr/svc/sp/food/ext/special_view.do?menuSn=913&vcontsId=179031
178974,메밀전병,Buckwheat Crepe (메밀전병 / Memiljeonbyeong),10/19/2023,https://english.visitkorea.or.kr/svc/sp/food/ext/special_view.do?menuSn=913&vcontsId=178974
179859,빙떡,Buckwheat Crepes with Radish Filling (빙떡 / Bingtteok),10/19/2023,https://english.visitkorea.or.kr/svc/sp/food/ext/special_view.do?menuSn=913&vcontsId=179859
182094,메밀만두,Buckwheat Mandu (메밀만두 / Memilmandu),10/19/2023,https://english.visitkorea.or.kr/svc/sp/food/ext/special_view.do?menuSn=913&vcontsId=182094
181311,채만두,Buckwheat Mandu (채만두 / Chaemandu),10/19/2023,https://english.visitkorea.or.kr/svc/sp/food/ext/special_view.do?menuSn=913&vcontsId=181311
181615,닭메밀칼국수,Buckwheat Noodle Soup with Chicken (닭메밀칼국수 / Dangmemilkalguksu),10/19/2023,https://english.visitkorea.or.kr/svc/sp/food/ext/special_view.do?menuSn=913&vcontsId=181615
178829,막국수,Buckwheat Noodles (막국수 / Makguksu),10/19/2023,https://english.visitkorea.or.kr/svc/sp/food/ext/special_view.do?menuSn=913&vcontsId=178829
180124,들기름 막국수,Buckwheat Noodles with Perilla Oil (들기름 막국수 / Deulgireummakguksu),10/19/2023,https://english.visitkorea.or.kr/svc/sp/food/ext/special_view.do?menuSn=913&vcontsId=180124
180117,콧등치기국수,Buckwheat Noodles with Potato Balls (콧등치기국수 / Kotdeungchigiguksu),10/19/2023,https://english.visitkorea.or.kr/svc/sp/food/ext/special_view.do?menuSn=913&vcontsId=180117
178969,메밀전,Buckwheat Pancake (메밀전 / Memiljeon),10/19/2023,https://english.visitkorea.or.kr/svc/sp/food/ext/special_view.do?menuSn=913&vcontsId=178969
181770,메밀국죽,Buckwheat Porridge (메밀국죽 / Memilgukjuk),10/19/2023,https://english.visitkorea.or.kr/svc/sp/food/ext/special_view.do?menuSn=913&vcontsId=181770
178541,불고기,Bulgogi (불고기 / Bulgogi),10/19/2023,https://english.visitkorea.or.kr/svc/sp/food/ext/special_view.do?menuSn=913&vcontsId=178541
231451,불고기김밥,Bulgogi Gimbap (불고기김밥 / Bulgogigimbap),09/11/2025,https://english.visitkorea.or.kr/svc/sp/food/ext/special_view.do?menuSn=913&vcontsId=231451
179254,뚝배기불고기,Bulgogi Hot Pot (뚝배기불고기 / Ttukbaegibulgogi),10/19/2023,https://english.visitkorea.or.kr/svc/sp/food/ext/special_view.do?menuSn=913&vcontsId=179254
181830,불고기덮밥,Bulgogi with Rice (불고기덮밥 / Bulgogideopbap),10/19/2023,https://english.visitkorea.or.kr/svc/sp/food/ext/special_view.do?menuSn=913&vcontsId=181830
180128,불고기 쌈밥,"Bulgogi, Leaf Wraps and Rice (불고기 쌈밥 / Bulgogissambap)",10/19/2023,https://english.visitkorea.or.kr/svc/sp/food/ext/special_view.do?menuSn=913&vcontsId=180128
178844,부산밀면,Busan Wheat Noodles (부산밀면 / Busanmilmyeon),10/19/2023,https://english.visitkorea.or.kr/svc/sp/food/ext/special_view.do?menuSn=913&vcontsId=178844
180733,버터구이 통감자,Butter-Grilled Whole Potato (버터구이 통감자 / Butterguitonggamja),10/19/2023,https://english.visitkorea.or.kr/svc/sp/food/ext/special_view.do?menuSn=913&vcontsId=180733
179854,병천순대,Byeongcheon Sundae (병천순대 / Byeongcheonsundae),10/19/2023,https://english.visitkorea.or.kr/svc/sp/food/ext/special_view.do?menuSn=913&vcontsId=179854
181063,숭채만두(배추만두),Cabbage Mandu (숭채만두(배추만두) / Sungchaemandu (Baechumandu)),10/19/2023,https://english.visitkorea.or.kr/svc/sp/food/ext/special_view.do?menuSn=913&vcontsId=181063
181824,배추전,Cabbage Pancake (배추전 / Baechujeon),10/19/2023,https://english.visitkorea.or.kr/svc/sp/food/ext/special_view.do?menuSn=913&vcontsId=181824
180940,대추징조,Candied Jujube (대추징조 / Daechujingjo),10/19/2023,https://english.visitkorea.or.kr/svc/sp/food/ext/special_view.do?menuSn=913&vcontsId=180940
180809,대추초,Candied Jujube with Chestnut Filling (대추초 / Daechucho),10/19/2023,https://english.visitkorea.or.kr/svc/sp/food/ext/special_view.do?menuSn=913&vcontsId=180809
231401,까르보나라떡볶이,Carbonara Tteokbokki (까르보나라떡볶이 / Carbonara Tteokbokki),09/11/2025,https://english.visitkorea.or.kr/svc/sp/food/ext/special_view.do?menuSn=913&vcontsId=231401
180837,율피떡,Chestnut Hull Rice Cake (율피떡 / Yulpitteok),10/19/2023,https://english.visitkorea.or.kr/svc/sp/food/ext/special_view.do?menuSn=913&vcontsId=180837
182435,밤밥,Chestnut Rice (밤밥 / Bambap),10/19/2023,https://english.visitkorea.or.kr/svc/sp/food/ext/special_view.do?menuSn=913&vcontsId=182435
180187,율란,Chestnut Sweets (율란 / Yullan),10/19/2023,https://english.visitkorea.or.kr/svc/sp/food/ext/special_view.do?menuSn=913&vcontsId=180187
182324,수구레국밥(현풍),Chewy Cow Skin Lining and Rice Soup (수구레국밥(현풍) / Suguregukbap),10/19/2023,https://english.visitkorea.or.kr/svc/sp/food/ext/special_view.do?menuSn=913&vcontsId=182324
178061,쫀득살,Chewy Meat (쫀득살 / Jjondeuksal),10/19/2023,https://english.visitkorea.or.kr/svc/sp/food/ext/special_view.do?menuSn=913&vcontsId=178061
181979,닭불고기,Chicken Bulgogi (닭불고기 / Dakbulgogi),10/19/2023,https://english.visitkorea.or.kr/svc/sp/food/ext/special_view.do?menuSn=913&vcontsId=181979
182339,닭완자탕,Chicken Meatball Soup (닭완자탕 / Dagwanjatang),10/19/2023,https://english.visitkorea.or.kr/svc/sp/food/ext/special_view.do?menuSn=913&vcontsId=182339
182430,닭알탕(닭내장탕),Chicken Offal Soup (닭알탕(닭내장탕) / Dagaltang (Dangnaejangtang)),10/19/2023,https://english.visitkorea.or.kr/svc/sp/food/ext/special_view.do?menuSn=913&vcontsId=182430
178025,닭죽,Chicken Porridge (닭죽 / Dakjuk),10/19/2023,https://english.visitkorea.or.kr/svc/sp/food/ext/special_view.do?menuSn=913&vcontsId=178025
179187,닭곰탕,Chicken Soup (닭곰탕 / Dakgomtang),10/19/2023,https://english.visitkorea.or.kr/svc/sp/food/ext/special_view.do?menuSn=913&vcontsId=179187
179182,해신탕,Chicken and Seafood Soup (해신탕 / Haesintang),10/19/2023,https://english.visitkorea.or.kr/svc/sp/food/ext/special_view.do?menuSn=913&vcontsId=179182
178046,묵밥,Chilled Acorn Jelly and Rice Soup (묵밥 / Mukbap),10/19/2023,https://english.visitkorea.or.kr/svc/sp/food/ext/special_view.do?menuSn=913&vcontsId=178046
181576,소고기 모둠 냉채,Chilled Assorted Beef Salad (소고기 모둠 냉채 / Sogogimodumnaengchae),10/19/2023,https://english.visitkorea.or.kr/svc/sp/food/ext/special_view.do?menuSn=913&vcontsId=181576
181316,콩나물버섯냉채,Chilled Bean Sprout and Mushroom Salad (콩나물버섯냉채 / Kongnamulbeoseonnaengchae),10/19/2023,https://english.visitkorea.or.kr/svc/sp/food/ext/special_view.do?menuSn=913&vcontsId=181316
178470,냉채족발,Chilled Braised Pigs' Feet Salad (냉채족발 / Naengchaejokbal),10/19/2023,https://english.visitkorea.or.kr/svc/sp/food/ext/special_view.do?menuSn=913&vcontsId=178470
179759,묵사발,Chilled Buckwheat Jelly Soup (묵사발 / Muksabal),10/19/2023,https://english.visitkorea.or.kr/svc/sp/food/ext/special_view.do?menuSn=913&vcontsId=179759
182420,과면(오이국수),Chilled Cucumber Noodles (과면(오이국수) / Gwamyeon (Oiguksu)),10/19/2023,https://english.visitkorea.or.kr/svc/sp/food/ext/special_view.do?menuSn=913&vcontsId=182420
180171,오이 미역냉국,Chilled Cucumber and Seaweed Soup (오이 미역냉국 / Oimiyeongnaengguk),10/19/2023,https://english.visitkorea.or.kr/svc/sp/food/ext/special_view.do?menuSn=913&vcontsId=180171
181504,해파리냉채,Chilled Jellyfish Salad (해파리냉채 / Haeparinaengchae),10/19/2023,https://english.visitkorea.or.kr/svc/sp/food/ext/special_view.do?menuSn=913&vcontsId=181504
180126,문어냉채,Chilled Octopus Salad (문어냉채 / Muneonaengchae),10/19/2023,https://english.visitkorea.or.kr/svc/sp/food/ext/special_view.do?menuSn=913&vcontsId=180126
180535,오이지냉국,Chilled Pickled Cucumber Soup (오이지냉국 / Oijinaengguk),10/19/2023,https://english.visitkorea.or.kr/svc/sp/food/ext/special_view.do?menuSn=913&vcontsId=180535
181514,대하냉채,Chilled Prawn Salad (대하냉채 / Daehanaengchae),10/19/2023,https://english.visitkorea.or.kr/svc/sp/food/ext/special_view.do?menuSn=913&vcontsId=181514
181594,미역냉국수,Chilled Seaweed Noodles (미역냉국수 / Miyeongnaengguksu),10/19/2023,https://english.visitkorea.or.kr/svc/sp/food/ext/special_view.do?menuSn=913&vcontsId=181594
182315,준치완자탕,Chinese Herring Meatball Soup (준치완자탕 / Junchiwanjatang ),10/19/2023,https://english.visitkorea.or.kr/svc/sp/food/ext/special_view.do?menuSn=913&vcontsId=182315
181715,부추김치,Chive Kimchi (부추김치 / Buchukimchi),10/19/2023,https://english.visitkorea.or.kr/svc/sp/food/ext/special_view.do?menuSn=913&vcontsId=181715
179789,부추전,Chive Pancake (부추전 / Buchujeon),10/19/2023,https://english.visitkorea.or.kr/svc/sp/food/ext/special_view.do?menuSn=913&vcontsId=179789
178401,초당 순두부,Chodang Soft Bean Curd (초당 순두부 / Chodangsundubu),10/19/2023,https://english.visitkorea.or.kr/svc/sp/food/ext/special_view.do?menuSn=913&vcontsId=178401
178661,낙지탕탕이,Chopped Live Octopus (낙지탕탕이 / Nakjitangtangi),10/19/2023,https://english.visitkorea.or.kr/svc/sp/food/ext/special_view.do?menuSn=913&vcontsId=178661
179606,낙지육회탕탕이,Chopped Live Octopus and Beef Tartare (낙지육회탕탕이 / Nakjiyukhoetangtangi),10/19/2023,https://english.visitkorea.or.kr/svc/sp/food/ext/special_view.do?menuSn=913&vcontsId=179606
178999,충무김밥,Chungmu Gimbap (충무김밥 / Chungmugimbap),10/19/2023,https://english.visitkorea.or.kr/svc/sp/food/ext/special_view.do?menuSn=913&vcontsId=178999
179929,수정과,Cinnamon Punch (수정과 / Sujeonggwa),10/19/2023,https://english.visitkorea.or.kr/svc/sp/food/ext/special_view.do?menuSn=913&vcontsId=179929
181154,계피생강차,Cinnamon and Ginger Tea (계피생강차 / Gyepisaenggangcha),10/19/2023,https://english.visitkorea.or.kr/svc/sp/food/ext/special_view.do?menuSn=913&vcontsId=181154
180898,감귤과즐,Citrus Fried Rice Sweets (감귤과즐 / Gamgyulgwajeul),10/19/2023,https://english.visitkorea.or.kr/svc/sp/food/ext/special_view.do?menuSn=913&vcontsId=180898
181252,유자화채,Citrus Punch (유자화채 / Yujahwachae),10/19/2023,https://english.visitkorea.or.kr/svc/sp/food/ext/special_view.do?menuSn=913&vcontsId=181252
181906,유자차,Citrus Tea (유자차 / Yujacha),10/19/2023,https://english.visitkorea.or.kr/svc/sp/food/ext/special_view.do?menuSn=913&vcontsId=181906
180102,바지락무침,Clam Salad (바지락무침 / Bajirangmuchim),10/19/2023,https://english.visitkorea.or.kr/svc/sp/food/ext/special_view.do?menuSn=913&vcontsId=180102
231634,동죽조개탕,Clam Soup (동죽조개탕 / Dongjukjogaetang),09/11/2025,https://english.visitkorea.or.kr/svc/sp/food/ext/special_view.do?menuSn=913&vcontsId=231634
180520,조개탕,Clam Soup (조개탕 / Jogaetang),10/19/2023,https://english.visitkorea.or.kr/svc/sp/food/ext/special_view.do?menuSn=913&vcontsId=180520
180562,바지락배추된장국,Clam and Cabbage Soybean Paste Soup (바지락배추된장국 / Bajirakbaechudoenjangguk),10/19/2023,https://english.visitkorea.or.kr/svc/sp/food/ext/special_view.do?menuSn=913&vcontsId=180562
181138,바지락순두부찌개,Clam and Soft Bean Curd Jjigae (바지락순두부찌개 / Bajiraksundubujjigae),10/19/2023,https://english.visitkorea.or.kr/svc/sp/food/ext/special_view.do?menuSn=913&vcontsId=181138
180186,구름떡,Cloud Rice Cake (구름떡 / Gureumtteok),10/19/2023,https://english.visitkorea.or.kr/svc/sp/food/ext/special_view.do?menuSn=913&vcontsId=180186
178014,꼬막비빔밥,Cockle Bibimbap (꼬막비빔밥 / Kkomakbibimbap),10/19/2023,https://english.visitkorea.or.kr/svc/sp/food/ext/special_view.do?menuSn=913&vcontsId=178014
179654,꼬막무침,Cockle Salad (꼬막무침 / Kkomangmuchim),10/19/2023,https://english.visitkorea.or.kr/svc/sp/food/ext/special_view.do?menuSn=913&vcontsId=179654
180567,대구볼테기탕,Codfish Head Soup (대구볼테기탕 / Daeguboltegitang ),10/19/2023,https://english.visitkorea.or.kr/svc/sp/food/ext/special_view.do?menuSn=913&vcontsId=180567
178293,대구지리 · 매운탕,Codfish Soup · Spicy Codfish Stew (대구지리 · 매운탕 / Daegujiri · Maeuntang),10/19/2023,https://english.visitkorea.or.kr/svc/sp/food/ext/special_view.do?menuSn=913&vcontsId=178293
180853,커피콩빵,Coffee Bean Bread (커피콩빵 / Coffee Kongppang),10/19/2023,https://english.visitkorea.or.kr/svc/sp/food/ext/special_view.do?menuSn=913&vcontsId=180853
181669,산채도토리냉면,Cold Acorn Noodles with Wild Vegetables (산채도토리냉면 / Sanchaedotorinaengmyeon),10/19/2023,https://english.visitkorea.or.kr/svc/sp/food/ext/special_view.do?menuSn=913&vcontsId=181669
179754,칡냉면,Cold Arrowroot Noodles (칡냉면 / Chingnaengmyeon),10/19/2023,https://english.visitkorea.or.kr/svc/sp/food/ext/special_view.do?menuSn=913&vcontsId=179754
179419,육회물회,Cold Beef Tartare Soup (육회물회 / Yukhoemulhoe),10/19/2023,https://english.visitkorea.or.kr/svc/sp/food/ext/special_view.do?menuSn=913&vcontsId=179419
178819,냉면,Cold Buckwheat Noodles (냉면 / Naengmyeon),10/19/2023,https://english.visitkorea.or.kr/svc/sp/food/ext/special_view.do?menuSn=913&vcontsId=178819
181625,육회냉면,Cold Buckwheat Noodles with Beef Tartare (육회냉면 / Yukhoenaengmyeon),10/19/2023,https://english.visitkorea.or.kr/svc/sp/food/ext/special_view.do?menuSn=913&vcontsId=181625
179729,회냉면,Cold Buckwheat Noodles with Raw Fish (회냉면 / Hoenaengmyeon),10/19/2023,https://english.visitkorea.or.kr/svc/sp/food/ext/special_view.do?menuSn=913&vcontsId=179729
179719,명태회냉면,Cold Buckwheat Noodles with Raw Pollack (명태회냉면 / Myeongtaehoenaengmyeon),10/19/2023,https://english.visitkorea.or.kr/svc/sp/food/ext/special_view.do?menuSn=913&vcontsId=179719
180175,초계탕,Cold Chicken Soup (초계탕 / Chogyetang),10/19/2023,https://english.visitkorea.or.kr/svc/sp/food/ext/special_view.do?menuSn=913&vcontsId=180175
181016,오징어국수,Cold Noodles with Spicy Squid (오징어국수 / Ojingeoguksu),10/19/2023,https://english.visitkorea.or.kr/svc/sp/food/ext/special_view.do?menuSn=913&vcontsId=181016
179679,전복물회,Cold Raw Abalone Soup (전복물회 / Jeonbongmulhoe),10/19/2023,https://english.visitkorea.or.kr/svc/sp/food/ext/special_view.do?menuSn=913&vcontsId=179679
180707,조개물회,Cold Raw Clam Soup (조개물회 / Jogaemulhoe),10/19/2023,https://english.visitkorea.or.kr/svc/sp/food/ext/special_view.do?menuSn=913&vcontsId=180707
178725,소라물회,Cold Raw Conch Soup (소라물회 / Soramulhoe),10/19/2023,https://english.visitkorea.or.kr/svc/sp/food/ext/special_view.do?menuSn=913&vcontsId=178725
178685,물회,Cold Raw Fish Soup (물회 / Mulhoe),10/19/2023,https://english.visitkorea.or.kr/svc/sp/food/ext/special_view.do?menuSn=913&vcontsId=178685
178760,자리물회,Cold Raw Pearl-Spot Chromis Soup (자리물회 / Jarimulhoe),10/19/2023,https://english.visitkorea.or.kr/svc/sp/food/ext/special_view.do?menuSn=913&vcontsId=178760
180692,대게물회,Cold Raw Snow Crab Soup (대게물회 / Daegemulhoe),10/19/2023,https://english.visitkorea.or.kr/svc/sp/food/ext/special_view.do?menuSn=913&vcontsId=180692
178745,오징어물회,Cold Raw Squid Soup (오징어물회 / Ojingeomulhoe),10/19/2023,https://english.visitkorea.or.kr/svc/sp/food/ext/special_view.do?menuSn=913&vcontsId=178745
180166,임자수탕,Cold Sesame and Chicken Soup (임자수탕 / Imjasutang),10/19/2023,https://english.visitkorea.or.kr/svc/sp/food/ext/special_view.do?menuSn=913&vcontsId=180166
179621,소라무침,Conch Salad (소라무침 / Soramuchim),10/19/2023,https://english.visitkorea.or.kr/svc/sp/food/ext/special_view.do?menuSn=913&vcontsId=179621
231506,콘치즈,Corn Cheese (콘치즈 / Corn Cheese),09/11/2025,https://english.visitkorea.or.kr/svc/sp/food/ext/special_view.do?menuSn=913&vcontsId=231506
231498,핫도그,Corn Dog (핫도그 / Hot Dog),09/11/2025,https://english.visitkorea.or.kr/svc/sp/food/ext/special_view.do?menuSn=913&vcontsId=231498
180945,옥수수튀김,Corn Fritters (옥수수튀김 / Oksusutwigim),10/19/2023,https://english.visitkorea.or.kr/svc/sp/food/ext/special_view.do?menuSn=913&vcontsId=180945
179749,올챙이국수,Corn Starch Noodles (올챙이국수 / Olchaengiguksu),10/19/2023,https://english.visitkorea.or.kr/svc/sp/food/ext/special_view.do?menuSn=913&vcontsId=179749
181886,옥수수팥밥,Corn and Red Bean Rice (옥수수팥밥 / Oksusupatbap),10/19/2023,https://english.visitkorea.or.kr/svc/sp/food/ext/special_view.do?menuSn=913&vcontsId=181886
180988,깅이죽,Crab Porridge (깅이죽 / Gingijuk),10/19/2023,https://english.visitkorea.or.kr/svc/sp/food/ext/special_view.do?menuSn=913&vcontsId=180988
179169,민어탕,Croaker Stew (민어탕 / Mineotang),10/19/2023,https://english.visitkorea.or.kr/svc/sp/food/ext/special_view.do?menuSn=913&vcontsId=179169
178324,물메기탕,Cubed Snailfish Soup (물메기탕 / Mulmegitang ),10/19/2023,https://english.visitkorea.or.kr/svc/sp/food/ext/special_view.do?menuSn=913&vcontsId=178324
179914,오이소박이,Cucumber Kimchi (오이소박이 / Oisobagi),10/19/2023,https://english.visitkorea.or.kr/svc/sp/food/ext/special_view.do?menuSn=913&vcontsId=179914
181555,오이소박이국수,Cucumber Kimchi Noodles (오이소박이국수 / Oisobagiguksu ),10/19/2023,https://english.visitkorea.or.kr/svc/sp/food/ext/special_view.do?menuSn=913&vcontsId=181555
181445,오이송송이,Cucumber and Radish Kimchi (오이송송이 / Oisongsongi),10/19/2023,https://english.visitkorea.or.kr/svc/sp/food/ext/special_view.do?menuSn=913&vcontsId=181445
181133,아욱죽,Curled Mallow Porridge (아욱죽 / Aukjuk),10/19/2023,https://english.visitkorea.or.kr/svc/sp/food/ext/special_view.do?menuSn=913&vcontsId=181133
182262,아욱국,Curled Mallow Soup (아욱국 / Aukguk),10/19/2023,https://english.visitkorea.or.kr/svc/sp/food/ext/special_view.do?menuSn=913&vcontsId=182262
179124,갈치국,Cutlassfish Soup (갈치국 / Galchiguk),10/19/2023,https://english.visitkorea.or.kr/svc/sp/food/ext/special_view.do?menuSn=913&vcontsId=179124
178288,대구 동인동 찜갈비,Daegu Dongin-Dong Braised Galbi (대구 동인동 찜갈비 / Daegudongindongjjimgalbi),10/19/2023,https://english.visitkorea.or.kr/svc/sp/food/ext/special_view.do?menuSn=913&vcontsId=178288
178491,대구막창구이,Daegu Grilled Pork Intestines (대구막창구이 / Daegumakchanggui),10/19/2023,https://english.visitkorea.or.kr/svc/sp/food/ext/special_view.do?menuSn=913&vcontsId=178491
181620,누른국수,Daegu Noodle Soup (누른국수 / Nureunguksu),10/19/2023,https://english.visitkorea.or.kr/svc/sp/food/ext/special_view.do?menuSn=913&vcontsId=181620
180825,달고나,Dalgona (달고나 / Dalgona),10/19/2023,https://english.visitkorea.or.kr/svc/sp/food/ext/special_view.do?menuSn=913&vcontsId=180825
181845,두부탕수,Deep-Fried Bean Curd with Sweet and Sour Sauce (두부탕수 / Dubutangsu),10/19/2023,https://english.visitkorea.or.kr/svc/sp/food/ext/special_view.do?menuSn=913&vcontsId=181845
180842,도라지강정,Deep-Fried Braised Bellflower Roots (도라지강정 / Dorajigangjeong ),10/19/2023,https://english.visitkorea.or.kr/svc/sp/food/ext/special_view.do?menuSn=913&vcontsId=180842
182489,튀김족발,Deep-Fried Braised Pigs’ Feet (튀김족발 / Twigimjokbal),10/19/2023,https://english.visitkorea.or.kr/svc/sp/food/ext/special_view.do?menuSn=913&vcontsId=182489
180596,메기튀김,Deep-Fried Catfish (메기튀김 / Megitwigim),10/19/2023,https://english.visitkorea.or.kr/svc/sp/food/ext/special_view.do?menuSn=913&vcontsId=180596
179453,닭모래주머니튀김,Deep-Fried Chicken Gizzards (닭모래주머니튀김 / Dangmoraejumeonitwigim),10/19/2023,https://english.visitkorea.or.kr/svc/sp/food/ext/special_view.do?menuSn=913&vcontsId=179453
180723,닭껍질 튀김,Deep-Fried Chicken Skin (닭껍질 튀김 / Dakkkeopjiltwigim),10/19/2023,https://english.visitkorea.or.kr/svc/sp/food/ext/special_view.do?menuSn=913&vcontsId=180723
179005,튀김,Deep-Fried Dish (튀김 / Twigim),10/19/2023,https://english.visitkorea.or.kr/svc/sp/food/ext/special_view.do?menuSn=913&vcontsId=179005
179824,상추튀김,Deep-Fried Dish with Lettuce (상추튀김 / Sangchutwigim),10/19/2023,https://english.visitkorea.or.kr/svc/sp/food/ext/special_view.do?menuSn=913&vcontsId=179824
181734,쥐포튀김,Deep-Fried Filefish Jerky (쥐포튀김 / Jwipotwigim),10/19/2023,https://english.visitkorea.or.kr/svc/sp/food/ext/special_view.do?menuSn=913&vcontsId=181734
182300,수삼고구마튀김,Deep-Fried Fresh Ginseng and Sweet Potatoes (수삼고구마튀김 / Susamgogumatwigim),10/19/2023,https://english.visitkorea.or.kr/svc/sp/food/ext/special_view.do?menuSn=913&vcontsId=182300
181840,인삼튀김,Deep-Fried Ginseng (인삼튀김 / Insamtwigim),10/19/2023,https://english.visitkorea.or.kr/svc/sp/food/ext/special_view.do?menuSn=913&vcontsId=181840
178921,김말이,Deep-Fried Laver Roll (김말이 / Gimmari),10/19/2023,https://english.visitkorea.or.kr/svc/sp/food/ext/special_view.do?menuSn=913&vcontsId=178921
180178,연근 새우튀김,Deep-Fried Lotus Root Stuffed with Shrimp (연근 새우튀김 / Yeongeunsaeutwigim),10/19/2023,https://english.visitkorea.or.kr/svc/sp/food/ext/special_view.do?menuSn=913&vcontsId=180178
180606,문어탕수육,Deep-Fried Octopus and Pork with Sweet and Sour Sauce (문어탕수육 / Muneotangsuyuk),10/19/2023,https://english.visitkorea.or.kr/svc/sp/food/ext/special_view.do?menuSn=913&vcontsId=180606
180662,칠게튀김,Deep-Fried Sentinel Crab (칠게튀김 / Chilgetwigim),10/19/2023,https://english.visitkorea.or.kr/svc/sp/food/ext/special_view.do?menuSn=913&vcontsId=180662
179644,새우튀김,Deep-Fried Shrimp (새우튀김 / Saeutwigim),10/19/2023,https://english.visitkorea.or.kr/svc/sp/food/ext/special_view.do?menuSn=913&vcontsId=179644
180648,은어튀김,Deep-Fried Sweetfish (은어튀김 / Euneotwigim),10/19/2023,https://english.visitkorea.or.kr/svc/sp/food/ext/special_view.do?menuSn=913&vcontsId=180648
179616,한치튀김,Deep-Fried Swordtip Squid (한치튀김 / Hanchitwigim),10/19/2023,https://english.visitkorea.or.kr/svc/sp/food/ext/special_view.do?menuSn=913&vcontsId=179616
178893,닭강정,Deep-Fried and Braised Chicken (닭강정 / Dakgangjeong),10/19/2023,https://english.visitkorea.or.kr/svc/sp/food/ext/special_view.do?menuSn=913&vcontsId=178893
180180,마늘닭강정,Deep-Fried and Braised Chicken with Garlic (마늘닭강정 / Maneuldakgangjeong),10/19/2023,https://english.visitkorea.or.kr/svc/sp/food/ext/special_view.do?menuSn=913&vcontsId=180180
181835,황태강정,Deep-Fried and Braised Dried Pollack (황태강정 / Hwangtaegangjeong),10/19/2023,https://english.visitkorea.or.kr/svc/sp/food/ext/special_view.do?menuSn=913&vcontsId=181835
182376,"생선강정(가자미강정, 삼치강정)","Deep-Fried and Braised Fish (생선강정(가자미강정, 삼치강정) / Saengseongangjeong (Gajamigangjeong, Samchigangjeong))",10/19/2023,https://english.visitkorea.or.kr/svc/sp/food/ext/special_view.do?menuSn=913&vcontsId=182376
180601,코다리강정,Deep-Fried and Braised Half-Dried Pollack (코다리강정 / Kodarigangjeong),10/19/2023,https://english.visitkorea.or.kr/svc/sp/food/ext/special_view.do?menuSn=913&vcontsId=180601
231392,고추튀김,Deep-fried Chili Peppers (고추튀김 / Gochutwigim),09/11/2025,https://english.visitkorea.or.kr/svc/sp/food/ext/special_view.do?menuSn=913&vcontsId=231392
231697,탕수육,Deep-fried Pork with Sweet and Sour Sauce (탕수육 / Tangsuyuk),09/11/2025,https://english.visitkorea.or.kr/svc/sp/food/ext/special_view.do?menuSn=913&vcontsId=231697
231681,오징어튀김,Deep-fried Squid (오징어튀김 / Ojingeotwigim),09/11/2025,https://english.visitkorea.or.kr/svc/sp/food/ext/special_view.do?menuSn=913&vcontsId=231681
179919,고구마맛탕(맛탕),Deep-fried and Sugar Glazed Sweet Potatoes (고구마맛탕(맛탕) / Gogumamattang (Mattang)),10/19/2023,https://english.visitkorea.or.kr/svc/sp/food/ext/special_view.do?menuSn=913&vcontsId=179919
179779,더덕생채,Deodeok Fresh Salad (더덕생채 / Deodeoksaengchae),10/19/2023,https://english.visitkorea.or.kr/svc/sp/food/ext/special_view.do?menuSn=913&vcontsId=179779
181975,더덕불고기,Deodeok and Bulgogi (더덕불고기 / Deodeokbulgogi),10/19/2023,https://english.visitkorea.or.kr/svc/sp/food/ext/special_view.do?menuSn=913&vcontsId=181975
181695,배 깍두기,Diced Pear Kimchi (배 깍두기 / Baekkakdugi),10/19/2023,https://english.visitkorea.or.kr/svc/sp/food/ext/special_view.do?menuSn=913&vcontsId=181695
179899,깍두기,Diced Radish Kimchi (깍두기 / Kkakdugi),10/19/2023,https://english.visitkorea.or.kr/svc/sp/food/ext/special_view.do?menuSn=913&vcontsId=179899
181999,깍두기 볶음밥,Diced Radish Kimchi Fried Rice (깍두기 볶음밥 / Kkakdugibokkeumbap),10/19/2023,https://english.visitkorea.or.kr/svc/sp/food/ext/special_view.do?menuSn=913&vcontsId=181999
179784,동래해물파전,Dongnae-Style Seafood and Green Onion Pancake (동래해물파전 / Dongnaehaemulpajeon),10/19/2023,https://english.visitkorea.or.kr/svc/sp/food/ext/special_view.do?menuSn=913&vcontsId=179784
180961,곶감수정과,Dried Persimmon Cinnamon Punch (곶감수정과 / Gotgamsujeonggwa),10/19/2023,https://english.visitkorea.or.kr/svc/sp/food/ext/special_view.do?menuSn=913&vcontsId=180961
180101,북어보푸라기,Dried Pollack Fluff Ball (북어보푸라기 / Bugeobopuragi),10/19/2023,https://english.visitkorea.or.kr/svc/sp/food/ext/special_view.do?menuSn=913&vcontsId=180101
181435,북어껍질무침,Dried Pollack Skin Salad (북어껍질무침 / Bugeokkeopjilmuchim),10/19/2023,https://english.visitkorea.or.kr/svc/sp/food/ext/special_view.do?menuSn=913&vcontsId=181435
179119,북엇국,Dried Pollack Soup (북엇국 / Bugeotguk),10/19/2023,https://english.visitkorea.or.kr/svc/sp/food/ext/special_view.do?menuSn=913&vcontsId=179119
178223,황태국,Dried Pollack Soup (황태국 / Hwangtaeguk),10/19/2023,https://english.visitkorea.or.kr/svc/sp/food/ext/special_view.do?menuSn=913&vcontsId=178223
180135,황태국밥,Dried Pollack and Rice Soup (황태국밥 / Hwangtaegukbap),10/19/2023,https://english.visitkorea.or.kr/svc/sp/food/ext/special_view.do?menuSn=913&vcontsId=180135
181725,단호박 말랭이,Dried Pumpkin (단호박 말랭이 / Danhobangmallaengi),10/19/2023,https://english.visitkorea.or.kr/svc/sp/food/ext/special_view.do?menuSn=913&vcontsId=181725
182004,무말랭이김밥,Dried Radish Gimbap (무말랭이김밥 / Mumallaengigimbap),10/19/2023,https://english.visitkorea.or.kr/svc/sp/food/ext/special_view.do?menuSn=913&vcontsId=182004
179072,시래기밥,Dried Radish Leaf Rice (시래기밥 / Siraegibap),10/19/2023,https://english.visitkorea.or.kr/svc/sp/food/ext/special_view.do?menuSn=913&vcontsId=179072
179154,시래기국,Dried Radish Leaf Soup (시래기국 / Siraegiguk),10/19/2023,https://english.visitkorea.or.kr/svc/sp/food/ext/special_view.do?menuSn=913&vcontsId=179154
181360,진미채 꼬마김밥,Dried Squid Strips Small Gimbap (진미채 꼬마김밥 / Jinmichaekkomagimbap),10/19/2023,https://english.visitkorea.or.kr/svc/sp/food/ext/special_view.do?menuSn=913&vcontsId=181360
180863,고구마말랭이,Dried Sweet Potatoes (고구마말랭이 / Gogumamallaengi),10/19/2023,https://english.visitkorea.or.kr/svc/sp/food/ext/special_view.do?menuSn=913&vcontsId=180863
181541,호박오가리나물(호박고지),Dried Zucchini Salad (호박오가리나물(호박고지) / Hobagogarinamul (Hobakgoji)),10/19/2023,https://english.visitkorea.or.kr/svc/sp/food/ext/special_view.do?menuSn=913&vcontsId=181541
180155,오리불고기,Duck Bulgogi (오리불고기 / Oribulgogi),10/19/2023,https://english.visitkorea.or.kr/svc/sp/food/ext/special_view.do?menuSn=913&vcontsId=180155
178381,장어탕,Eel Soup (장어탕 / Jangeotang),10/19/2023,https://english.visitkorea.or.kr/svc/sp/food/ext/special_view.do?menuSn=913&vcontsId=178381
231383,계란빵,Egg Muffin (계란빵 / Gyeranppang),09/11/2025,https://english.visitkorea.or.kr/svc/sp/food/ext/special_view.do?menuSn=913&vcontsId=231383
231545,"면추가(면사리, 사리, 사리추가)","Extra Noodles (면추가(면사리, 사리, 사리추가) / Myeonchuga, Sari, Sarichuga)",09/11/2025,https://english.visitkorea.or.kr/svc/sp/food/ext/special_view.do?menuSn=913&vcontsId=231545
181241,땡초 콩나물 라면,Extra Spicy Bean Sprout Instant Noodles (땡초 콩나물 라면 / Ttaengchokongnamulramyeon),10/19/2023,https://english.visitkorea.or.kr/svc/sp/food/ext/special_view.do?menuSn=913&vcontsId=181241
181159,쉰다리,Fermented Rice Drink (쉰다리 / Swindari),10/19/2023,https://english.visitkorea.or.kr/svc/sp/food/ext/special_view.do?menuSn=913&vcontsId=181159
178740,어죽,Fish Porridge (어죽 / Eojuk),10/19/2023,https://english.visitkorea.or.kr/svc/sp/food/ext/special_view.do?menuSn=913&vcontsId=178740
181465,알밥,Fish Roe Rice (알밥 / Albap),10/19/2023,https://english.visitkorea.or.kr/svc/sp/food/ext/special_view.do?menuSn=913&vcontsId=181465
180769,붕어빵,Fish-Shaped Bun (붕어빵 / Bungeoppang),10/19/2023,https://english.visitkorea.or.kr/svc/sp/food/ext/special_view.do?menuSn=913&vcontsId=180769
178994,어묵,Fishcake (어묵 / Eomuk),10/19/2023,https://english.visitkorea.or.kr/svc/sp/food/ext/special_view.do?menuSn=913&vcontsId=178994
181664,어묵국수,Fishcake Noodles (어묵국수 / Eomukguksu),10/19/2023,https://english.visitkorea.or.kr/svc/sp/food/ext/special_view.do?menuSn=913&vcontsId=181664
180924,오색송편,Five-Color Half-Moon Rice Cake (오색송편 / Osaeksongpyeon),10/19/2023,https://english.visitkorea.or.kr/svc/sp/food/ext/special_view.do?menuSn=913&vcontsId=180924
180145,납작만두,Flat Mandu (납작만두 / Napjangmandu),10/19/2023,https://english.visitkorea.or.kr/svc/sp/food/ext/special_view.do?menuSn=913&vcontsId=180145
179134,도다리쑥국,Flounder and Mugwort Soup (도다리쑥국 / Dodarissukguk),10/19/2023,https://english.visitkorea.or.kr/svc/sp/food/ext/special_view.do?menuSn=913&vcontsId=179134
231378,감자핫도그,French Fry Corn Dog (감자핫도그 / Gamja Hot Dog),09/11/2025,https://english.visitkorea.or.kr/svc/sp/food/ext/special_view.do?menuSn=913&vcontsId=231378
179879,겉절이,Fresh Kimchi (겉절이 / Geotjeori),10/19/2023,https://english.visitkorea.or.kr/svc/sp/food/ext/special_view.do?menuSn=913&vcontsId=179879
178715,생굴,Fresh Oysters (생굴 / Saenggul),10/19/2023,https://english.visitkorea.or.kr/svc/sp/food/ext/special_view.do?menuSn=913&vcontsId=178715
181565,재첩국수,Freshwater Marsh Clam Noodles (재첩국수 / Jaecheopguksu),10/19/2023,https://english.visitkorea.or.kr/svc/sp/food/ext/special_view.do?menuSn=913&vcontsId=181565
231638,재첩전,Freshwater Marsh Clam Pancake (재첩전 / Jaecheopjeon),09/11/2025,https://english.visitkorea.or.kr/svc/sp/food/ext/special_view.do?menuSn=913&vcontsId=231638
179144,재첩국,Freshwater Marsh Clam Soup (재첩국 / Jaecheopguk),10/19/2023,https://english.visitkorea.or.kr/svc/sp/food/ext/special_view.do?menuSn=913&vcontsId=179144
181078,우렁청국장(우렁이청국장),Freshwater Snail Rich Soybean Paste Jjigae (우렁청국장(우렁이청국장) / Ureongcheonggukjang (Ureongicheonggukjang)) ,10/19/2023,https://english.visitkorea.or.kr/svc/sp/food/ext/special_view.do?menuSn=913&vcontsId=181078
231405,우렁된장찌개,Freshwater Snail Soybean Paste Jjigae (우렁된장찌개 / Ureongdoenjangjjigae),09/11/2025,https://english.visitkorea.or.kr/svc/sp/food/ext/special_view.do?menuSn=913&vcontsId=231405
180572,우렁추어탕(우렁이추어탕),Freshwater Snail and Loach Soup (우렁추어탕(우렁이추어탕) / Ureongchueotang (Ureongichueotang)),10/19/2023,https://english.visitkorea.or.kr/svc/sp/food/ext/special_view.do?menuSn=913&vcontsId=180572
181989,우렁쌈밥,"Freshwater Snail, Leaf Wraps and Rice (우렁쌈밥 / Ureongssambap)",10/19/2023,https://english.visitkorea.or.kr/svc/sp/food/ext/special_view.do?menuSn=913&vcontsId=181989
178592,치킨,Fried Chicken (치킨 / Chicken),10/19/2023,https://english.visitkorea.or.kr/svc/sp/food/ext/special_view.do?menuSn=913&vcontsId=178592
180182,파닭,Fried Chicken with Green Onions (파닭 / Padak),10/19/2023,https://english.visitkorea.or.kr/svc/sp/food/ext/special_view.do?menuSn=913&vcontsId=180182
178056,볶음밥,Fried Rice (볶음밥 / Bokkeumbap),10/19/2023,https://english.visitkorea.or.kr/svc/sp/food/ext/special_view.do?menuSn=913&vcontsId=178056
182273,매작과,Fried Twist (매작과 / Maejakgwa),10/19/2023,https://english.visitkorea.or.kr/svc/sp/food/ext/special_view.do?menuSn=913&vcontsId=182273
181705,개성보쌈김치,Gaeseong Wrapped Kimchi (개성보쌈김치 / Gaeseongbossamkimchi),10/19/2023,https://english.visitkorea.or.kr/svc/sp/food/ext/special_view.do?menuSn=913&vcontsId=181705
181867,갈비만두,Galbi Mandu (갈비만두 / Galbimandu),10/19/2023,https://english.visitkorea.or.kr/svc/sp/food/ext/special_view.do?menuSn=913&vcontsId=181867
182500,갈비탕,Galbi Soup (갈비탕 / Galbitang),10/19/2023,https://english.visitkorea.or.kr/svc/sp/food/ext/special_view.do?menuSn=913&vcontsId=182500
178228,갈낙탕,Galbi and Octopus Soup (갈낙탕 / Gallaktang),10/19/2023,https://english.visitkorea.or.kr/svc/sp/food/ext/special_view.do?menuSn=913&vcontsId=178228
180754,강릉산자(강릉과줄),Gangneung Fried Rice Sweets (강릉산자(강릉과줄) / Gangneungsanja (Gangneunggwajul)),10/19/2023,https://english.visitkorea.or.kr/svc/sp/food/ext/special_view.do?menuSn=913&vcontsId=180754
180653,마늘치킨,Garlic Fried Chicken (마늘치킨 / Maneulchicken),10/19/2023,https://english.visitkorea.or.kr/svc/sp/food/ext/special_view.do?menuSn=913&vcontsId=180653
182444,마늘솥밥,Garlic Pot Rice (마늘솥밥 / Maneulsotbap),10/19/2023,https://english.visitkorea.or.kr/svc/sp/food/ext/special_view.do?menuSn=913&vcontsId=182444
178041,마늘밥정식,Garlic Rice Set Menu (마늘밥정식 / Maneulbapjeongsik),10/19/2023,https://english.visitkorea.or.kr/svc/sp/food/ext/special_view.do?menuSn=913&vcontsId=178041
181862,마늘순대,Garlic Sundae (마늘순대 / Maneulsundae),10/19/2023,https://english.visitkorea.or.kr/svc/sp/food/ext/special_view.do?menuSn=913&vcontsId=181862
180196,기정떡(증편),Gijeong Rice Cake (기정떡(증편) / Gijeongtteok (Jeungpyeon)),10/19/2023,https://english.visitkorea.or.kr/svc/sp/food/ext/special_view.do?menuSn=913&vcontsId=180196
178926,김밥,Gimbap (김밥 / Gimbap),10/19/2023,https://english.visitkorea.or.kr/svc/sp/food/ext/special_view.do?menuSn=913&vcontsId=178926
181225,생강꿀차,Ginger Honey Tea (생강꿀차 / Saenggangkkulcha),10/19/2023,https://english.visitkorea.or.kr/svc/sp/food/ext/special_view.do?menuSn=913&vcontsId=181225
180848,생강편,Ginger Jelly (생강편 / Saenggangpyeon),10/19/2023,https://english.visitkorea.or.kr/svc/sp/food/ext/special_view.do?menuSn=913&vcontsId=180848
181206,생강라떼,Ginger Latte (생강라떼 / Saengganglatte),10/19/2023,https://english.visitkorea.or.kr/svc/sp/food/ext/special_view.do?menuSn=913&vcontsId=181206
178344,삼계탕,Ginseng Chicken Soup (삼계탕 / Samgyetang),10/19/2023,https://english.visitkorea.or.kr/svc/sp/food/ext/special_view.do?menuSn=913&vcontsId=178344
181123,인삼죽,Ginseng Porridge (인삼죽 / Insamjuk),10/19/2023,https://english.visitkorea.or.kr/svc/sp/food/ext/special_view.do?menuSn=913&vcontsId=181123
181222,인삼쉐이크,Ginseng Shake (인삼쉐이크 / Insamshake),10/19/2023,https://english.visitkorea.or.kr/svc/sp/food/ext/special_view.do?menuSn=913&vcontsId=181222
182474,인삼어죽,Ginseng and Fish Porridge (인삼어죽 / Insameojuk),10/19/2023,https://english.visitkorea.or.kr/svc/sp/food/ext/special_view.do?menuSn=913&vcontsId=182474
180168,인삼갈비탕,Ginseng and Galbi Soup (인삼갈비탕 / Insamgalbitang),10/19/2023,https://english.visitkorea.or.kr/svc/sp/food/ext/special_view.do?menuSn=913&vcontsId=180168
182494,순대꼬치,Glazed Fried Sundae Skewers (순대꼬치 / Sundaekkochi),10/19/2023,https://english.visitkorea.or.kr/svc/sp/food/ext/special_view.do?menuSn=913&vcontsId=182494
180581,염소전골,Goat Hot Pot (염소전골 / Yeomsojeongol),10/19/2023,https://english.visitkorea.or.kr/svc/sp/food/ext/special_view.do?menuSn=913&vcontsId=180581
181786,염소국밥(총쟁이국밥),Goat and Rice Soup (염소국밥(총쟁이국밥) / Yeomsogukbap (Chongjaengigukbap)),10/19/2023,https://english.visitkorea.or.kr/svc/sp/food/ext/special_view.do?menuSn=913&vcontsId=181786
181395,표고오채밥,Golden Oak Mushroom and Five Vegetable Bibimbap (표고오채밥 / Pyogoochaebap),10/19/2023,https://english.visitkorea.or.kr/svc/sp/food/ext/special_view.do?menuSn=913&vcontsId=181395
182425,풋고추물김치,Green Chili Pepper Water Kimchi (풋고추물김치 / Putgochumulkimchi),10/19/2023,https://english.visitkorea.or.kr/svc/sp/food/ext/special_view.do?menuSn=913&vcontsId=182425
182295,"대갱이무침(수수뱀, 북쟁이, 운구주)","Green Eel Goby Salad (대갱이무침(수수뱀, 북쟁이, 운구주) / Daegaengimuchim (Susubaem, Bukjaengi, Unguju))",10/19/2023,https://english.visitkorea.or.kr/svc/sp/food/ext/special_view.do?menuSn=913&vcontsId=182295
179010,파전,Green Onion Pancake (파전 / Pajeon),10/19/2023,https://english.visitkorea.or.kr/svc/sp/food/ext/special_view.do?menuSn=913&vcontsId=179010
181877,통낙지 해물파전,Green Onion Pancake with Whole Octopus and Seafood (통낙지 해물파전 / Tongnakjihaemulpajeon),10/19/2023,https://english.visitkorea.or.kr/svc/sp/food/ext/special_view.do?menuSn=913&vcontsId=181877
180199,씨앗호떡,Griddlecake with Sugar and Seeds Filling (씨앗호떡 / Ssiathotteok),10/19/2023,https://english.visitkorea.or.kr/svc/sp/food/ext/special_view.do?menuSn=913&vcontsId=180199
178445,곱창구이,Grilled Beef Small Intestine (곱창구이 / Gopchanggui),10/19/2023,https://english.visitkorea.or.kr/svc/sp/food/ext/special_view.do?menuSn=913&vcontsId=178445
179467,오드레기,Grilled Beef Tendon (오드레기 / Odeuregi),10/19/2023,https://english.visitkorea.or.kr/svc/sp/food/ext/special_view.do?menuSn=913&vcontsId=179467
179390,우설,Grilled Beef Tongue (우설 / Useol),10/19/2023,https://english.visitkorea.or.kr/svc/sp/food/ext/special_view.do?menuSn=913&vcontsId=179390
179380,양대창,Grilled Beef Tripe and Large Intestine (양대창 / Yangdaechang),10/19/2023,https://english.visitkorea.or.kr/svc/sp/food/ext/special_view.do?menuSn=913&vcontsId=179380
178602,흑돼지구이,Grilled Black Pork (흑돼지구이 / Heukdwaejigui),10/19/2023,https://english.visitkorea.or.kr/svc/sp/food/ext/special_view.do?menuSn=913&vcontsId=178602
178436,갈비살,Grilled Boneless Galbi (갈비살 / Galbisal),10/19/2023,https://english.visitkorea.or.kr/svc/sp/food/ext/special_view.do?menuSn=913&vcontsId=178436
179414,석쇠불고기,Grilled Bulgogi (석쇠불고기 / Seoksoebulgogi),10/19/2023,https://english.visitkorea.or.kr/svc/sp/food/ext/special_view.do?menuSn=913&vcontsId=179414
179443,닭목살구이,Grilled Chicken Necks (닭목살구이 / Dangmoksalgui),10/19/2023,https://english.visitkorea.or.kr/svc/sp/food/ext/special_view.do?menuSn=913&vcontsId=179443
179409,살치살,Grilled Chuck Flap Tail (살치살 / Salchisal),10/19/2023,https://english.visitkorea.or.kr/svc/sp/food/ext/special_view.do?menuSn=913&vcontsId=179409
178779,조개구이,Grilled Clams (조개구이 / Jogaegui),10/19/2023,https://english.visitkorea.or.kr/svc/sp/food/ext/special_view.do?menuSn=913&vcontsId=178779
182034,민어구이,Grilled Croaker (민어구이 / Mineogui),10/19/2023,https://english.visitkorea.or.kr/svc/sp/food/ext/special_view.do?menuSn=913&vcontsId=182034
231566,갈치구이,Grilled Cutlassfish (갈치구이 / Galchigui),09/11/2025,https://english.visitkorea.or.kr/svc/sp/food/ext/special_view.do?menuSn=913&vcontsId=231566
182039,볼락구이,Grilled Dark-Banded Rockfish (볼락구이 / Bollakgui),10/19/2023,https://english.visitkorea.or.kr/svc/sp/food/ext/special_view.do?menuSn=913&vcontsId=182039
178945,더덕구이,Grilled Deodeok (더덕구이 / Deodeokgui),10/19/2023,https://english.visitkorea.or.kr/svc/sp/food/ext/special_view.do?menuSn=913&vcontsId=178945
180105,먹태구이,Grilled Dried Pollack (먹태구이 / Meoktaegui),10/19/2023,https://english.visitkorea.or.kr/svc/sp/food/ext/special_view.do?menuSn=913&vcontsId=180105
178804,황태구이,Grilled Dried Pollack (황태구이 / Hwangtaegui),10/19/2023,https://english.visitkorea.or.kr/svc/sp/food/ext/special_view.do?menuSn=913&vcontsId=178804
181420,황태구이덮밥,Grilled Dried Pollack with Rice (황태구이덮밥 / Hwangtaeguideopbap),10/19/2023,https://english.visitkorea.or.kr/svc/sp/food/ext/special_view.do?menuSn=913&vcontsId=181420
178936,노가리구이,Grilled Dried Young Pollack (노가리구이 / Nogarigui),10/19/2023,https://english.visitkorea.or.kr/svc/sp/food/ext/special_view.do?menuSn=913&vcontsId=178936
178567,유황오리구이,Grilled Duck (유황오리구이 / Yuhwangorigui),10/19/2023,https://english.visitkorea.or.kr/svc/sp/food/ext/special_view.do?menuSn=913&vcontsId=178567
180110,장어구이,Grilled Eel (장어구이 / Jangeogui),10/19/2023,https://english.visitkorea.or.kr/svc/sp/food/ext/special_view.do?menuSn=913&vcontsId=180110
178521,떡갈비,Grilled Galbi Patties (떡갈비 / Tteokgalbi),10/19/2023,https://english.visitkorea.or.kr/svc/sp/food/ext/special_view.do?menuSn=913&vcontsId=178521
178769,전어구이,Grilled Gizzard Shad (전어구이 / Jeoneogui),10/19/2023,https://english.visitkorea.or.kr/svc/sp/food/ext/special_view.do?menuSn=913&vcontsId=178769
231570,임연수어구이(임연수구이),Grilled Greenling Fish (임연수어구이(임연수구이) / Imyeonsueogui (Imyeonsugui)),09/11/2025,https://english.visitkorea.or.kr/svc/sp/food/ext/special_view.do?menuSn=913&vcontsId=231570
180165,대합구이,Grilled Hard Clams (대합구이 / Daehapgui),10/19/2023,https://english.visitkorea.or.kr/svc/sp/food/ext/special_view.do?menuSn=913&vcontsId=180165
181720,연근 떡갈비,Grilled Lotus Root and Galbi Patties (연근 떡갈비 / Yeongeuntteokgalbi),10/19/2023,https://english.visitkorea.or.kr/svc/sp/food/ext/special_view.do?menuSn=913&vcontsId=181720
178622,고등어구이,Grilled Mackerel (고등어구이 / Godeungeogui),10/19/2023,https://english.visitkorea.or.kr/svc/sp/food/ext/special_view.do?menuSn=913&vcontsId=178622
179432,너비아니,Grilled Marinated Beef Slices (너비아니 / Neobiani),10/19/2023,https://english.visitkorea.or.kr/svc/sp/food/ext/special_view.do?menuSn=913&vcontsId=179432
178641,굴구이,Grilled Oysters (굴구이 / Gulgui),10/19/2023,https://english.visitkorea.or.kr/svc/sp/food/ext/special_view.do?menuSn=913&vcontsId=178641
182405,봉총찜(꿩고기 떡갈비),Grilled Pheasant Galbi Patties (봉총찜(꿩고기 떡갈비) / Bongchongjjim (Kkwonggogitteokgalbi)),10/19/2023,https://english.visitkorea.or.kr/svc/sp/food/ext/special_view.do?menuSn=913&vcontsId=182405
179804,송이구이,Grilled Pine Mushrooms (송이구이 / Songigui),10/19/2023,https://english.visitkorea.or.kr/svc/sp/food/ext/special_view.do?menuSn=913&vcontsId=179804
231523,가자미구이,Grilled Plaice (가자미구이 / Gajamigui),09/11/2025,https://english.visitkorea.or.kr/svc/sp/food/ext/special_view.do?menuSn=913&vcontsId=231523
181754,병어구이,Grilled Pomfret (병어구이 / Byeongeogui),10/19/2023,https://english.visitkorea.or.kr/svc/sp/food/ext/special_view.do?menuSn=913&vcontsId=181754
178511,등갈비,Grilled Pork Back Ribs (등갈비 / Deunggalbi),10/19/2023,https://english.visitkorea.or.kr/svc/sp/food/ext/special_view.do?menuSn=913&vcontsId=178511
178546,삼겹살,Grilled Pork Belly (삼겹살 / Samgyeopsal),10/19/2023,https://english.visitkorea.or.kr/svc/sp/food/ext/special_view.do?menuSn=913&vcontsId=178546
231419,미나리삼겹살,Grilled Pork Belly with Water Parsley (미나리삼겹살 / Minarisamgyeopsal),09/11/2025,https://english.visitkorea.or.kr/svc/sp/food/ext/special_view.do?menuSn=913&vcontsId=231419
180156,쪽갈비구이,Grilled Pork Galbi (쪽갈비구이 / Jjokgalbigui),10/19/2023,https://english.visitkorea.or.kr/svc/sp/food/ext/special_view.do?menuSn=913&vcontsId=180156
178597,항정살(천겹살),Grilled Pork Neck (항정살(천겹살) / Hangjeongsal (Cheongyeopsal)),10/19/2023,https://english.visitkorea.or.kr/svc/sp/food/ext/special_view.do?menuSn=913&vcontsId=178597
178460,껍데기 구이,Grilled Pork Rind (껍데기 구이 / Kkeopdegigui),10/19/2023,https://english.visitkorea.or.kr/svc/sp/food/ext/special_view.do?menuSn=913&vcontsId=178460
178526,목살구이,Grilled Pork Shoulder (목살구이 / Moksalgui ),10/19/2023,https://english.visitkorea.or.kr/svc/sp/food/ext/special_view.do?menuSn=913&vcontsId=178526
178431,갈매기살 구이,Grilled Pork Skirt (갈매기살 구이 / Galmaegisalgui),10/19/2023,https://english.visitkorea.or.kr/svc/sp/food/ext/special_view.do?menuSn=913&vcontsId=178431
179365,돼지곱창구이,Grilled Pork Small Intestines (돼지곱창구이 / Dwaejigopchanggui),10/19/2023,https://english.visitkorea.or.kr/svc/sp/food/ext/special_view.do?menuSn=913&vcontsId=179365
178671,대하구이,Grilled Prawn (대하구이 / Daehagui),10/19/2023,https://english.visitkorea.or.kr/svc/sp/food/ext/special_view.do?menuSn=913&vcontsId=178671
182386,뱅어포구이,Grilled Pressed Whitebaits (뱅어포구이 / Baengeopogui),10/19/2023,https://english.visitkorea.or.kr/svc/sp/food/ext/special_view.do?menuSn=913&vcontsId=182386
178755,옥돔구이,Grilled Red Tilefish (옥돔구이 / Okdomgui),10/19/2023,https://english.visitkorea.or.kr/svc/sp/food/ext/special_view.do?menuSn=913&vcontsId=178755
179395,꽃등심,Grilled Rib Eye and Rib Eye Cap (꽃등심/새우등심 / Kkotdeungsim/Saeudeungsim),10/19/2023,https://english.visitkorea.or.kr/svc/sp/food/ext/special_view.do?menuSn=913&vcontsId=179395
179514,우럭구이,Grilled Rockfish (우럭구이 / Ureokgui),10/19/2023,https://english.visitkorea.or.kr/svc/sp/food/ext/special_view.do?menuSn=913&vcontsId=179514
178675,도루묵구이,Grilled Sailfin Sandfish (도루묵구이 / Dorumukgui),10/19/2023,https://english.visitkorea.or.kr/svc/sp/food/ext/special_view.do?menuSn=913&vcontsId=178675
180109,소금양념갈비,Grilled Salted Galbi (소금양념갈비 / Sogeumnyangnyeomgalbi),10/19/2023,https://english.visitkorea.or.kr/svc/sp/food/ext/special_view.do?menuSn=913&vcontsId=180109
181775,양미리구이,Grilled Sand Eel (양미리구이 / Yangmirigui),10/19/2023,https://english.visitkorea.or.kr/svc/sp/food/ext/special_view.do?menuSn=913&vcontsId=181775
179504,꽁치구이,Grilled Saury (꽁치구이 / Kkongchigui),10/19/2023,https://english.visitkorea.or.kr/svc/sp/food/ext/special_view.do?menuSn=913&vcontsId=179504
178637,곰장어구이,Grilled Sea Eel (곰장어구이 / Gomjangeogui),10/19/2023,https://english.visitkorea.or.kr/svc/sp/food/ext/special_view.do?menuSn=913&vcontsId=178637
180114,우대갈비,Grilled Short Ribs (우대갈비 / Udaegalbi),10/19/2023,https://english.visitkorea.or.kr/svc/sp/food/ext/special_view.do?menuSn=913&vcontsId=180114
178516,등심구이,Grilled Sirloin (등심구이 / Deungsimgui ),10/19/2023,https://english.visitkorea.or.kr/svc/sp/food/ext/special_view.do?menuSn=913&vcontsId=178516
181795,돼지맥적구이,Grilled Soybean Paste Marinated Pork (돼지맥적구이 / Dwaejimaekjeokgui),10/19/2023,https://english.visitkorea.or.kr/svc/sp/food/ext/special_view.do?menuSn=913&vcontsId=181795
178496,돼지갈비,Grilled Spareribs (돼지갈비 / Dwaejigalbi),10/19/2023,https://english.visitkorea.or.kr/svc/sp/food/ext/special_view.do?menuSn=913&vcontsId=178496
179519,삼치구이,Grilled Spotted Mackerel (삼치구이 / Samchigui),10/19/2023,https://english.visitkorea.or.kr/svc/sp/food/ext/special_view.do?menuSn=913&vcontsId=179519
178551,수원왕갈비,Grilled Suwon Jumbo Galbi (수원왕갈비 / Suwonwanggalbi),10/19/2023,https://english.visitkorea.or.kr/svc/sp/food/ext/special_view.do?menuSn=913&vcontsId=178551
180111,은어구이,Grilled Sweetfish (은어구이 / Euneogui),10/19/2023,https://english.visitkorea.or.kr/svc/sp/food/ext/special_view.do?menuSn=913&vcontsId=180111
178557,안심구이,Grilled Tenderloin (안심구이 / Ansimgui),10/19/2023,https://english.visitkorea.or.kr/svc/sp/food/ext/special_view.do?menuSn=913&vcontsId=178557
179358,대패삼겹살,Grilled Thin-Sliced Pork Belly (대패삼겹살 / Daepaesamgyeopsal),10/19/2023,https://english.visitkorea.or.kr/svc/sp/food/ext/special_view.do?menuSn=913&vcontsId=179358
180103,박대구이,Grilled Tongue Sole (박대구이 / Bakdaegui),10/19/2023,https://english.visitkorea.or.kr/svc/sp/food/ext/special_view.do?menuSn=913&vcontsId=180103
179400,부채살,Grilled Top Blade (부채살 / Buchaesal),10/19/2023,https://english.visitkorea.or.kr/svc/sp/food/ext/special_view.do?menuSn=913&vcontsId=179400
178789,주꾸미구이,Grilled Webfoot Octopus (주꾸미구이 / Jukkumigui),10/19/2023,https://english.visitkorea.or.kr/svc/sp/food/ext/special_view.do?menuSn=913&vcontsId=178789
179596,낙지호롱구이,Grilled Whole Octopus (낙지호롱구이 / Nakjihoronggui),10/19/2023,https://english.visitkorea.or.kr/svc/sp/food/ext/special_view.do?menuSn=913&vcontsId=179596
182469,몸국,Gulfweed Soup (몸국 / Momguk),10/19/2023,https://english.visitkorea.or.kr/svc/sp/food/ext/special_view.do?menuSn=913&vcontsId=182469
178257,광주 오리탕,Gwangju Duck Soup (광주 오리탕 / Gwangjuoritang),10/19/2023,https://english.visitkorea.or.kr/svc/sp/food/ext/special_view.do?menuSn=913&vcontsId=178257
179934,황남빵,Gyeongju Hwangnam Bread (황남빵 / Hwangnamppang),10/19/2023,https://english.visitkorea.or.kr/svc/sp/food/ext/special_view.do?menuSn=913&vcontsId=179934
180611,경상도식 추어탕,Gyeongsang-Do Loach Soup (경상도식 추어탕 / Gyeongsangdosikchueotang),10/19/2023,https://english.visitkorea.or.kr/svc/sp/food/ext/special_view.do?menuSn=913&vcontsId=180611
180919,모싯잎 송편,Half-Moon Ramie Rice Cake (모싯잎 송편 / Mosinnipsongpyeon),10/19/2023,https://english.visitkorea.or.kr/svc/sp/food/ext/special_view.do?menuSn=913&vcontsId=180919
180122,함흥냉면,Hamheung Cold Buckwheat Noodles (함흥냉면 / Hamheungnaengmyeon),10/19/2023,https://english.visitkorea.or.kr/svc/sp/food/ext/special_view.do?menuSn=913&vcontsId=180122
180188,메밀 감자수제비,Hand-Pulled Buckwheat Dough Soup with Potatoes (메밀 감자수제비 / Memilgamjasujebi),10/19/2023,https://english.visitkorea.or.kr/svc/sp/food/ext/special_view.do?menuSn=913&vcontsId=180188
178859,수제비,Hand-Pulled Dough Soup (수제비 / Sujebi),10/19/2023,https://english.visitkorea.or.kr/svc/sp/food/ext/special_view.do?menuSn=913&vcontsId=178859
180123,해물 수제비,Hand-Pulled Dough Soup with Seafood (해물 수제비 / Haemulsujebi),10/19/2023,https://english.visitkorea.or.kr/svc/sp/food/ext/special_view.do?menuSn=913&vcontsId=180123
181300,찹쌀미역수제비,Hand-Pulled Sticky Rice Dough Soup with Seaweed (찹쌀미역수제비 / Chapssalmiyeoksujebi),10/19/2023,https://english.visitkorea.or.kr/svc/sp/food/ext/special_view.do?menuSn=913&vcontsId=181300
182154,표고손두부,Handmade Golden Oak Mushroom Bean Curd (표고손두부 / Pyogosondubu),10/19/2023,https://english.visitkorea.or.kr/svc/sp/food/ext/special_view.do?menuSn=913&vcontsId=182154
231617,토시살,Hanging Tender (토시살 / Tosisal),09/11/2025,https://english.visitkorea.or.kr/svc/sp/food/ext/special_view.do?menuSn=913&vcontsId=231617
178218,해장국,Hangover Soup (해장국 / Haejangguk),10/19/2023,https://english.visitkorea.or.kr/svc/sp/food/ext/special_view.do?menuSn=913&vcontsId=178218
231650,한산소곡주,Hansan Sogokju (Traditional Korean Rice Wine) (한산소곡주 / Hansansogokju),09/11/2025,https://english.visitkorea.or.kr/svc/sp/food/ext/special_view.do?menuSn=913&vcontsId=231650
178051,백합죽,Hard Clam Porridge (백합죽 / Baekhapjuk),10/19/2023,https://english.visitkorea.or.kr/svc/sp/food/ext/special_view.do?menuSn=913&vcontsId=178051
178426,백합탕,Hard Clam Soup (백합탕 / Baekhaptang),10/19/2023,https://english.visitkorea.or.kr/svc/sp/food/ext/special_view.do?menuSn=913&vcontsId=178426
180992,계란초,Hard-Boiled Egg with Cucumber and Sweet and Sour Red Chili Paste (계란초 / Gyerancho),10/19/2023,https://english.visitkorea.or.kr/svc/sp/food/ext/special_view.do?menuSn=913&vcontsId=180992
178004,가정식백반,Homemade-Style Set Menu (가정식백반 / Gajeongsikbaekban),10/19/2023,https://english.visitkorea.or.kr/svc/sp/food/ext/special_view.do?menuSn=913&vcontsId=178004
180198,꿀빵,Honey Bread (꿀빵 / Kkulppang),10/19/2023,https://english.visitkorea.or.kr/svc/sp/food/ext/special_view.do?menuSn=913&vcontsId=180198
179959,약과,Honey Cookie (약과 / Yakgwa),10/19/2023,https://english.visitkorea.or.kr/svc/sp/food/ext/special_view.do?menuSn=913&vcontsId=179959
182214,호박꿀단지,Honey Pumpkin Decoction (호박꿀단지 / Hobakkkuldanji),10/19/2023,https://english.visitkorea.or.kr/svc/sp/food/ext/special_view.do?menuSn=913&vcontsId=182214
180934,꿀호떡,Honey-Filled Pancake (꿀호떡 / Kkulhotteok),10/19/2023,https://english.visitkorea.or.kr/svc/sp/food/ext/special_view.do?menuSn=913&vcontsId=180934
180718,말고기 코스,Horse Meat Full Course Meal (말고기 코스 / Malgogi Course),10/19/2023,https://english.visitkorea.or.kr/svc/sp/food/ext/special_view.do?menuSn=913&vcontsId=180718
178036,돌솥비빔밥,Hot Stone Pot Bibimbap (돌솥비빔밥 / Dolsotbibimbap),10/19/2023,https://english.visitkorea.or.kr/svc/sp/food/ext/special_view.do?menuSn=913&vcontsId=178036
181255,복분자냉차,Iced Black Raspberry Tea (복분자냉차 / Bokbunjanaengcha),10/19/2023,https://english.visitkorea.or.kr/svc/sp/food/ext/special_view.do?menuSn=913&vcontsId=181255
181211,동백(꽃차)냉차,Iced Camellia Tea (동백(꽃차)냉차 / Dongbaek(Kkotcha)Naengcha),10/19/2023,https://english.visitkorea.or.kr/svc/sp/food/ext/special_view.do?menuSn=913&vcontsId=181211
181217,매실냉차,Iced Green Plum Tea (매실냉차 / Maesillaengcha),10/19/2023,https://english.visitkorea.or.kr/svc/sp/food/ext/special_view.do?menuSn=913&vcontsId=181217
181257,배냉차,Iced Pear Tea (배냉차 / Baenaengcha),10/19/2023,https://english.visitkorea.or.kr/svc/sp/food/ext/special_view.do?menuSn=913&vcontsId=181257
178103,이천쌀밥 정식,Icheon Steamed Rice Set Menu (이천쌀밥 정식 / Icheonssalbapjeongsik),10/19/2023,https://english.visitkorea.or.kr/svc/sp/food/ext/special_view.do?menuSn=913&vcontsId=178103
178959,라면,Instant Noodles (라면 / Ramyeon),10/19/2023,https://english.visitkorea.or.kr/svc/sp/food/ext/special_view.do?menuSn=913&vcontsId=178959
179814,잡채,Japchae (잡채 / Japchae),10/19/2023,https://english.visitkorea.or.kr/svc/sp/food/ext/special_view.do?menuSn=913&vcontsId=179814
180139,월과채,Japchae with Melon Cucumber (월과채 / Wolgwachae),10/19/2023,https://english.visitkorea.or.kr/svc/sp/food/ext/special_view.do?menuSn=913&vcontsId=180139
231465,잡채밥(잡채덮밥),Japchae with Rice (잡채밥(잡채덮밥) / Japchaebap (Japchaedeopbap)),09/11/2025,https://english.visitkorea.or.kr/svc/sp/food/ext/special_view.do?menuSn=913&vcontsId=231465
182204,족편,Jellied Ox Feet (족편 / Jokpyeon),10/19/2023,https://english.visitkorea.or.kr/svc/sp/food/ext/special_view.do?menuSn=913&vcontsId=182204
231469,전주비빔밥,Jeonju Bibimbap (전주비빔밥 / Jeonjubibimbap),09/11/2025,https://english.visitkorea.or.kr/svc/sp/food/ext/special_view.do?menuSn=913&vcontsId=231469
178114,전주 한정식,Jeonju Korean Table D'Hote (전주 한정식 / Jeonjuhanjeongsik),10/19/2023,https://english.visitkorea.or.kr/svc/sp/food/ext/special_view.do?menuSn=913&vcontsId=178114
231693,진주비빔밥,Jinju Bibimbap (진주비빔밥 / Jinjubibimbap),09/11/2025,https://english.visitkorea.or.kr/svc/sp/food/ext/special_view.do?menuSn=913&vcontsId=231693
181190,대추차,Jujube Tea (대추차 / Daechucha),10/19/2023,https://english.visitkorea.or.kr/svc/sp/food/ext/special_view.do?menuSn=913&vcontsId=181190
181524,꼴뚜기무생채,Julienne Radish Fresh Salad with Baby Octopus (꼴뚜기무생채 / Kkolttugimusaengchae),10/19/2023,https://english.visitkorea.or.kr/svc/sp/food/ext/special_view.do?menuSn=913&vcontsId=181524
180118,쟁반막국수,Jumbo Buckwheat Noodles (쟁반막국수 / Jaengbanmakguksu),10/19/2023,https://english.visitkorea.or.kr/svc/sp/food/ext/special_view.do?menuSn=913&vcontsId=180118
180632,미역 왕갈비탕,Jumbo Galbi and Seaweed Soup (미역 왕갈비탕 / Miyeogwanggalbitang),10/19/2023,https://english.visitkorea.or.kr/svc/sp/food/ext/special_view.do?menuSn=913&vcontsId=180632
180657,왕돈가스,Jumbo Pork Cutlet (왕돈가스 / Wangdongaseu),10/19/2023,https://english.visitkorea.or.kr/svc/sp/food/ext/special_view.do?menuSn=913&vcontsId=180657
180637,다시마튀각,Kelp Chips (다시마튀각 / Dasimatwigak),10/19/2023,https://english.visitkorea.or.kr/svc/sp/food/ext/special_view.do?menuSn=913&vcontsId=180637
181327,다시마김밥,Kelp Gimbap (다시마김밥 / Dasimagimbap),10/19/2023,https://english.visitkorea.or.kr/svc/sp/food/ext/special_view.do?menuSn=913&vcontsId=181327
179869,배추김치,Kimchi (배추김치 / Baechukimchi),10/19/2023,https://english.visitkorea.or.kr/svc/sp/food/ext/special_view.do?menuSn=913&vcontsId=179869
178175,사골우거지국(우거지해장국),Kimchi Cabbage Soup (Kimchi Cabbage Hangover Soup) (사골우거지국(우거지해장국) / Sagolugeojiguk (Ugeojihaejangguk)),10/19/2023,https://english.visitkorea.or.kr/svc/sp/food/ext/special_view.do?menuSn=913&vcontsId=178175
179239,들깨우거지탕,Kimchi Cabbage Soup with Perilla Seeds (들깨우거지탕 / Deulkkaeugeojitang),10/19/2023,https://english.visitkorea.or.kr/svc/sp/food/ext/special_view.do?menuSn=913&vcontsId=179239
178536,보쌈,Kimchi Cabbage Wraps with Pork (보쌈 / Bossam),10/19/2023,https://english.visitkorea.or.kr/svc/sp/food/ext/special_view.do?menuSn=913&vcontsId=178536
180183,굴보쌈,Kimchi Cabbage Wraps with Pork and Oysters (굴보쌈 / Gulbossam),10/19/2023,https://english.visitkorea.or.kr/svc/sp/food/ext/special_view.do?menuSn=913&vcontsId=180183
180174,우거지갈비탕,Kimchi Cabbage and Galbi Soup (우거지갈비탕 / Ugeojigalbitang),10/19/2023,https://english.visitkorea.or.kr/svc/sp/food/ext/special_view.do?menuSn=913&vcontsId=180174
179067,김치볶음밥,Kimchi Fried Rice (김치볶음밥 / Kimchibokkeumbap),10/19/2023,https://english.visitkorea.or.kr/svc/sp/food/ext/special_view.do?menuSn=913&vcontsId=179067
178262,김치찌개,Kimchi Jjigae (김치찌개 / Kimchijjigae),10/19/2023,https://english.visitkorea.or.kr/svc/sp/food/ext/special_view.do?menuSn=913&vcontsId=178262
180144,김치만두,Kimchi Mandu (김치만두 / Kimchimandu),10/19/2023,https://english.visitkorea.or.kr/svc/sp/food/ext/special_view.do?menuSn=913&vcontsId=180144
178895,김치말이 국수,Kimchi Noodles (김치말이 국수 / Kimchimariguksu),10/19/2023,https://english.visitkorea.or.kr/svc/sp/food/ext/special_view.do?menuSn=913&vcontsId=178895
178931,김치전,Kimchi Pancake (김치전 / Kimchijeon),10/19/2023,https://english.visitkorea.or.kr/svc/sp/food/ext/special_view.do?menuSn=913&vcontsId=178931
231397,김치우동,Kimchi Udon (김치우동 / Kimchiudon),09/11/2025,https://english.visitkorea.or.kr/svc/sp/food/ext/special_view.do?menuSn=913&vcontsId=231397
180162,"김치 콩나물국(김치국밥, 갱식이죽)","Kimchi and Bean Sprout Soup (김치 콩나물국(김치국밥, 갱식이죽) / Kimchikongnamulguk (Kimchigukbap, Gaengsigijuk))",10/19/2023,https://english.visitkorea.or.kr/svc/sp/food/ext/special_view.do?menuSn=913&vcontsId=180162
181819,김치 만두전골,Kimchi and Mandu Hot Pot (김치 만두전골 / Kimchimandujeongol),10/19/2023,https://english.visitkorea.or.kr/svc/sp/food/ext/special_view.do?menuSn=913&vcontsId=181819
180868,꿀타래,Kkultarae Candy (꿀타래 / Kkultarae),10/19/2023,https://english.visitkorea.or.kr/svc/sp/food/ext/special_view.do?menuSn=913&vcontsId=180868
180540,빠가사리국밥,Korean Bullhead and Rice Soup (빠가사리국밥 / Ppagasarigukbap),10/19/2023,https://english.visitkorea.or.kr/svc/sp/food/ext/special_view.do?menuSn=913&vcontsId=180540
181405,약초한정식,Korean Table D’Hote of Medicinal Herbs (약초한정식 / Yakchohanjeongsik),10/19/2023,https://english.visitkorea.or.kr/svc/sp/food/ext/special_view.do?menuSn=913&vcontsId=181405
182285,가락국수,Korean Thick Wheat Noodles (가락국수 / Garakguksu),10/19/2023,https://english.visitkorea.or.kr/svc/sp/food/ext/special_view.do?menuSn=913&vcontsId=182285
180738,김부각,Laver Chips (김부각 / Gimbugak),10/19/2023,https://english.visitkorea.or.kr/svc/sp/food/ext/special_view.do?menuSn=913&vcontsId=180738
179884,갓김치,Leaf Mustard Kimchi (갓김치 / Gatkimchi),10/19/2023,https://english.visitkorea.or.kr/svc/sp/food/ext/special_view.do?menuSn=913&vcontsId=179884
182329,갓김치국수말이,Leaf Mustard Kimchi Noodles (갓김치국수말이 / Gatkimchiguksumari),10/19/2023,https://english.visitkorea.or.kr/svc/sp/food/ext/special_view.do?menuSn=913&vcontsId=182329
231701,쌈밥,Leaf Wraps and Rice (쌈밥 / Ssambap),09/11/2025,https://english.visitkorea.or.kr/svc/sp/food/ext/special_view.do?menuSn=913&vcontsId=231701
181634,상추김치,Lettuce Kimchi (상추김치 / Sangchukimchi),10/19/2023,https://english.visitkorea.or.kr/svc/sp/food/ext/special_view.do?menuSn=913&vcontsId=181634
181355,배말톳김밥,Limpet and Brown Seaweed Gimbap (배말톳김밥 / Baemaltotgimbap),10/19/2023,https://english.visitkorea.or.kr/svc/sp/food/ext/special_view.do?menuSn=913&vcontsId=181355
178705,산낙지,Live Octopus (산낙지 / Sannakji),10/19/2023,https://english.visitkorea.or.kr/svc/sp/food/ext/special_view.do?menuSn=913&vcontsId=178705
178406,추어탕,Loach Soup (추어탕 / Chueotang),10/19/2023,https://english.visitkorea.or.kr/svc/sp/food/ext/special_view.do?menuSn=913&vcontsId=178406
180621,흑마늘 추어탕,Loach Soup with Black Garlic (흑마늘 추어탕 / Heungmaneulchueotang),10/19/2023,https://english.visitkorea.or.kr/svc/sp/food/ext/special_view.do?menuSn=913&vcontsId=180621
178082,연잎밥,Lotus Leaf Rice (연잎밥 / Yeonnipbap),10/19/2023,https://english.visitkorea.or.kr/svc/sp/food/ext/special_view.do?menuSn=913&vcontsId=178082
181535,연근들깨무침,Lotus Root Salad with Perilla Seed (연근들깨무침 / Yeongeundeulkkaemuchim),10/19/2023,https://english.visitkorea.or.kr/svc/sp/food/ext/special_view.do?menuSn=913&vcontsId=181535
180152,연꽃차,Lotus Tea (연꽃차 / Yeonkkotcha),10/19/2023,https://english.visitkorea.or.kr/svc/sp/food/ext/special_view.do?menuSn=913&vcontsId=180152
231646,막걸리,Makgeolli (Unrefined Rice Wine) (막걸리 / Makgeolli),09/11/2025,https://english.visitkorea.or.kr/svc/sp/food/ext/special_view.do?menuSn=913&vcontsId=231646
180743,콩과자(콩깨잘),Malt Syrup-Glazed Soybean Chips (콩과자(콩깨잘) / Konggwaja (Kongkkaejal)),10/19/2023,https://english.visitkorea.or.kr/svc/sp/food/ext/special_view.do?menuSn=913&vcontsId=180743
178964,만두,Mandu (만두 / Mandu),10/19/2023,https://english.visitkorea.or.kr/svc/sp/food/ext/special_view.do?menuSn=913&vcontsId=178964
231433,만두전골,Mandu Hot Pot (만두전골 / Mandujeongol),09/11/2025,https://english.visitkorea.or.kr/svc/sp/food/ext/special_view.do?menuSn=913&vcontsId=231433
178155,만둣국,Mandu Soup (만둣국 / Mandutguk),10/19/2023,https://english.visitkorea.or.kr/svc/sp/food/ext/special_view.do?menuSn=913&vcontsId=178155
180192,망개떡,Manggae Rice Cake (망개떡 / Manggaetteok),10/19/2023,https://english.visitkorea.or.kr/svc/sp/food/ext/special_view.do?menuSn=913&vcontsId=180192
231374,양념갈비(소갈비),Marinated Grilled Beef Galbi (양념갈비(소갈비) / Yangnyeomgalbi (Sogalbi)),09/11/2025,https://english.visitkorea.or.kr/svc/sp/food/ext/special_view.do?menuSn=913&vcontsId=231374
179659,다슬기무침,Marsh Snail Salad (다슬기무침 / Daseulgimuchim),10/19/2023,https://english.visitkorea.or.kr/svc/sp/food/ext/special_view.do?menuSn=913&vcontsId=179659
178202,올갱이국,Marsh Snail Soup (올갱이국 / Olgaengiguk),10/19/2023,https://english.visitkorea.or.kr/svc/sp/food/ext/special_view.do?menuSn=913&vcontsId=178202
179385,산적,Meat and Vegetable Skewers (산적 / Sanjeok),10/19/2023,https://english.visitkorea.or.kr/svc/sp/food/ext/special_view.do?menuSn=913&vcontsId=179385
181856,쌍화차,Medicinal Herb Tea (쌍화차 / Ssanghwacha),10/19/2023,https://english.visitkorea.or.kr/svc/sp/food/ext/special_view.do?menuSn=913&vcontsId=181856
179098,타락죽,Milk Porridge (타락죽 / Tarakjuk),10/19/2023,https://english.visitkorea.or.kr/svc/sp/food/ext/special_view.do?menuSn=913&vcontsId=179098
179949,오메기떡,Millet Rice Cake (오메기떡 / Omegitteok),10/19/2023,https://english.visitkorea.or.kr/svc/sp/food/ext/special_view.do?menuSn=913&vcontsId=179949
178365,아귀탕,Monkfish Soup (아귀탕 / Agwitang),10/19/2023,https://english.visitkorea.or.kr/svc/sp/food/ext/special_view.do?menuSn=913&vcontsId=178365
178129,곰치국,Moray Eel Soup (곰치국 / Gomchiguk),10/19/2023,https://english.visitkorea.or.kr/svc/sp/food/ext/special_view.do?menuSn=913&vcontsId=178129
179764,탕평채,Mung Bean Jelly Salad (탕평채 / Tangpyeongchae),10/19/2023,https://english.visitkorea.or.kr/svc/sp/food/ext/special_view.do?menuSn=913&vcontsId=179764
178984,빈대떡,Mung Bean Pancake (빈대떡 / Bindaetteok),10/19/2023,https://english.visitkorea.or.kr/svc/sp/food/ext/special_view.do?menuSn=913&vcontsId=178984
178020,녹두죽,Mung Bean Porridge (녹두죽 / Nokdujuk),10/19/2023,https://english.visitkorea.or.kr/svc/sp/food/ext/special_view.do?menuSn=913&vcontsId=178020
178329,버섯전골,Mushroom Hot Pot (버섯전골 / Beoseotjeongol),10/19/2023,https://english.visitkorea.or.kr/svc/sp/food/ext/special_view.do?menuSn=913&vcontsId=178329
181165,버섯 콩불고기,Mushroom and Soy Meat Bulgogi (버섯 콩불고기 / Beoseotkongbulgogi),10/19/2023,https://english.visitkorea.or.kr/svc/sp/food/ext/special_view.do?menuSn=913&vcontsId=181165
181128,홍합죽(담채죽),Mussel Porridge (홍합죽(담채죽) / Honghapjuk (Damchaejuk)),10/19/2023,https://english.visitkorea.or.kr/svc/sp/food/ext/special_view.do?menuSn=913&vcontsId=181128
180134,홍합밥,Mussel Rice (홍합밥 / Honghapbap),10/19/2023,https://english.visitkorea.or.kr/svc/sp/food/ext/special_view.do?menuSn=913&vcontsId=180134
180167,섭국,Mussel Soup (섭국 / Seopguk),10/19/2023,https://english.visitkorea.or.kr/svc/sp/food/ext/special_view.do?menuSn=913&vcontsId=180167
182064,홍합탕,Mussel Soup (홍합탕 / Honghaptang),10/19/2023,https://english.visitkorea.or.kr/svc/sp/food/ext/special_view.do?menuSn=913&vcontsId=182064
179234,국수전골,Noodle Hot Pot (국수전골 / Guksujeongol),10/19/2023,https://english.visitkorea.or.kr/svc/sp/food/ext/special_view.do?menuSn=913&vcontsId=179234
178879,칼국수,Noodle Soup (칼국수 / Kalguksu),10/19/2023,https://english.visitkorea.or.kr/svc/sp/food/ext/special_view.do?menuSn=913&vcontsId=178879
179734,보말칼국수,Noodle Soup with Brown Turban Shell (보말칼국수 / Bomalkalguksu),10/19/2023,https://english.visitkorea.or.kr/svc/sp/food/ext/special_view.do?menuSn=913&vcontsId=179734
178824,닭칼국수,Noodle Soup with Chicken (닭칼국수 / Dakkalguksu),10/19/2023,https://english.visitkorea.or.kr/svc/sp/food/ext/special_view.do?menuSn=913&vcontsId=178824
178839,바지락 칼국수,Noodle Soup with Clams (바지락 칼국수 / Bajirakkalguksu),10/19/2023,https://english.visitkorea.or.kr/svc/sp/food/ext/special_view.do?menuSn=913&vcontsId=178839
181582,키조개칼국수,Noodle Soup with Pen Shells (키조개칼국수 / Kijogaekalguksu),10/19/2023,https://english.visitkorea.or.kr/svc/sp/food/ext/special_view.do?menuSn=913&vcontsId=181582
180626,가리비 칼국수,Noodle Soup with Scallop (가리비 칼국수 / Garibikalguksu),10/19/2023,https://english.visitkorea.or.kr/svc/sp/food/ext/special_view.do?menuSn=913&vcontsId=180626
181290,칼제비,Noodle and Hand-Pulled Dough Soup (칼제비 / Kaljebi),10/19/2023,https://english.visitkorea.or.kr/svc/sp/food/ext/special_view.do?menuSn=913&vcontsId=181290
180120,어탕국수,Noodle in Fish Stew (어탕국수 / Eotangguksu),10/19/2023,https://english.visitkorea.or.kr/svc/sp/food/ext/special_view.do?menuSn=913&vcontsId=180120
181571,서리태 콩국수,Noodles in Cold Black Soybean Soup (서리태 콩국수 / Seoritaekongguksu),10/19/2023,https://english.visitkorea.or.kr/svc/sp/food/ext/special_view.do?menuSn=913&vcontsId=181571
181605,잣국수,Noodles in Cold Pine Nut Soup (잣국수 / Jatguksu),10/19/2023,https://english.visitkorea.or.kr/svc/sp/food/ext/special_view.do?menuSn=913&vcontsId=181605
178884,콩국수,Noodles in Cold Soybean Soup (콩국수 / Kongguksu),10/19/2023,https://english.visitkorea.or.kr/svc/sp/food/ext/special_view.do?menuSn=913&vcontsId=178884
231554,된장국수,Noodles in Soybean Paste Soup (된장국수 / Doenjangguksu),09/11/2025,https://english.visitkorea.or.kr/svc/sp/food/ext/special_view.do?menuSn=913&vcontsId=231554
181600,돌문어간장국수,Noodles with Octopus and Soy Sauce (돌문어간장국수 / Dolmuneoganjangguksu),10/19/2023,https://english.visitkorea.or.kr/svc/sp/food/ext/special_view.do?menuSn=913&vcontsId=181600
179724,회국수,Noodles with Raw Fish (회국수 / Hoeguksu),10/19/2023,https://english.visitkorea.or.kr/svc/sp/food/ext/special_view.do?menuSn=913&vcontsId=179724
180136,바지락 영양밥,Nutritious Clam Steamed Rice (바지락 영양밥 / Bajirangnyeongyangbap),10/19/2023,https://english.visitkorea.or.kr/svc/sp/food/ext/special_view.do?menuSn=913&vcontsId=180136
231596,영양돌솥밥,Nutritious Hot Stone Pot Rice (영양돌솥밥 / Yeongyangdolsotbap),09/11/2025,https://english.visitkorea.or.kr/svc/sp/food/ext/special_view.do?menuSn=913&vcontsId=231596
182089,영양밥,Nutritious Steamed Rice (영양밥 / Yeongyangbap),10/19/2023,https://english.visitkorea.or.kr/svc/sp/food/ext/special_view.do?menuSn=913&vcontsId=182089
178283,낙지연포탕,Octopus Soup (낙지연포탕 / Nakjiyeonpotang),10/19/2023,https://english.visitkorea.or.kr/svc/sp/food/ext/special_view.do?menuSn=913&vcontsId=178283
180163,낙지탕,Octopus Soup (낙지탕 / Nakjitang),10/19/2023,https://english.visitkorea.or.kr/svc/sp/food/ext/special_view.do?menuSn=913&vcontsId=180163
180546,내장국밥,Offal and Rice Soup (내장국밥 / Naejanggukbap),10/19/2023,https://english.visitkorea.or.kr/svc/sp/food/ext/special_view.do?menuSn=913&vcontsId=180546
181891,오미자차,Omija Tea (오미자차 / Omijacha),10/19/2023,https://english.visitkorea.or.kr/svc/sp/food/ext/special_view.do?menuSn=913&vcontsId=181891
181896,보리수단,Omija and Barley Punch (보리수단 / Borisudan),10/19/2023,https://english.visitkorea.or.kr/svc/sp/food/ext/special_view.do?menuSn=913&vcontsId=181896
178349,설렁탕,Ox Bone Soup (설렁탕 / Seolleongtang),10/19/2023,https://english.visitkorea.or.kr/svc/sp/food/ext/special_view.do?menuSn=913&vcontsId=178349
178304,도가니탕,Ox Knee Soup (도가니탕 / Doganitang),10/19/2023,https://english.visitkorea.or.kr/svc/sp/food/ext/special_view.do?menuSn=913&vcontsId=178304
179172,꼬리곰탕,Oxtail Soup (꼬리곰탕 / Kkorigomtang),10/19/2023,https://english.visitkorea.or.kr/svc/sp/food/ext/special_view.do?menuSn=913&vcontsId=179172
179021,굴밥,Oyster Rice (굴밥 / Gulbap),10/19/2023,https://english.visitkorea.or.kr/svc/sp/food/ext/special_view.do?menuSn=913&vcontsId=179021
179664,굴무침,Oyster Salad (굴무침 / Gulmuchim),10/19/2023,https://english.visitkorea.or.kr/svc/sp/food/ext/special_view.do?menuSn=913&vcontsId=179664
178134,굴국밥,Oyster and Rice Soup (굴국밥 / Gulgukbap),10/19/2023,https://english.visitkorea.or.kr/svc/sp/food/ext/special_view.do?menuSn=913&vcontsId=178134
181994,굴 해초 돌솥밥,Oyster and Seaweed Hot Stone Pot Rice (굴 해초 돌솥밥 / Gulhaechodolsotbap),10/19/2023,https://english.visitkorea.or.kr/svc/sp/food/ext/special_view.do?menuSn=913&vcontsId=181994
181872,미나리육전,Pan-Fried Battered Beef with Water Parsley Salad (미나리육전 / Minariyukjeon),10/19/2023,https://english.visitkorea.or.kr/svc/sp/food/ext/special_view.do?menuSn=913&vcontsId=181872
181350,두릅전,Pan-Fried Battered Fatsia Shoots (두릅전 / Dureupjeon),10/19/2023,https://english.visitkorea.or.kr/svc/sp/food/ext/special_view.do?menuSn=913&vcontsId=181350
180113,오색 꼬치전,Pan-Fried Battered Five Color Skewers (오색 꼬치전 / Osaekkkochijeon),10/19/2023,https://english.visitkorea.or.kr/svc/sp/food/ext/special_view.do?menuSn=913&vcontsId=180113
180142,표고 소고기전,Pan-Fried Battered Golden Oak Mushroom with Minced Beef (표고 소고기전 / Pyogosogogijeon),10/19/2023,https://english.visitkorea.or.kr/svc/sp/food/ext/special_view.do?menuSn=913&vcontsId=180142
178450,육전,Pan-Fried Battered Meat (육전 / Yukjeon),10/19/2023,https://english.visitkorea.or.kr/svc/sp/food/ext/special_view.do?menuSn=913&vcontsId=178450
178646,굴전,Pan-Fried Battered Oysters (굴전 / Guljeon),10/19/2023,https://english.visitkorea.or.kr/svc/sp/food/ext/special_view.do?menuSn=913&vcontsId=178646
180141,동태전,Pan-Fried Battered Pollack Fillet (동태전 / Dongtaejeon),10/19/2023,https://english.visitkorea.or.kr/svc/sp/food/ext/special_view.do?menuSn=913&vcontsId=180141
180804,대하전,Pan-Fried Battered Prawn (대하전 / Daehajeon),10/19/2023,https://english.visitkorea.or.kr/svc/sp/food/ext/special_view.do?menuSn=913&vcontsId=180804
181340,매생이전,Pan-Fried Battered Seaweed Fulvescens (매생이전 / Maesaengijeon),10/19/2023,https://english.visitkorea.or.kr/svc/sp/food/ext/special_view.do?menuSn=913&vcontsId=181340
181345,매생이표고굴전(매생이굴전),"Pan-Fried Battered Seaweed Fulvescens, Golden Oak Mushrooms, and Oysters (매생이표고굴전(매생이굴전) / Maesaengipyogoguljeon (Maesaengiguljeon))",10/19/2023,https://english.visitkorea.or.kr/svc/sp/food/ext/special_view.do?menuSn=913&vcontsId=181345
179799,호박전,Pan-Fried Battered Zucchini (호박전 / Hobakjeon),10/19/2023,https://english.visitkorea.or.kr/svc/sp/food/ext/special_view.do?menuSn=913&vcontsId=179799
179774,두부구이,Pan-Fried Bean Curd (두부구이 / Dubugui),10/19/2023,https://english.visitkorea.or.kr/svc/sp/food/ext/special_view.do?menuSn=913&vcontsId=179774
182049,화전,Pan-Fried Flower Rice Cake (화전 / Hwajeon),10/19/2023,https://english.visitkorea.or.kr/svc/sp/food/ext/special_view.do?menuSn=913&vcontsId=182049
180977,"대추주악(개성주악, 우메기)","Pan-Fried Jujube Rice Cake (대추주악(개성주악, 우메기) / Daechujuak (Gaeseongjuak, Umegi))",10/19/2023,https://english.visitkorea.or.kr/svc/sp/food/ext/special_view.do?menuSn=913&vcontsId=180977
180591,무침군만두(비빔만두),Pan-Fried Mandu with Spicy Sauce (무침군만두(비빔만두) / Muchimgunmandu (Bibimmandu)),10/19/2023,https://english.visitkorea.or.kr/svc/sp/food/ext/special_view.do?menuSn=913&vcontsId=180591
179864,수수부꾸미,Pan-Fried Millet Rice Cake (수수부꾸미 / Susubukkumi),10/19/2023,https://english.visitkorea.or.kr/svc/sp/food/ext/special_view.do?menuSn=913&vcontsId=179864
231659,깻잎전,Pan-fried Battered Perilla Leaves (깻잎전 / Kkaennipjeon),09/11/2025,https://english.visitkorea.or.kr/svc/sp/food/ext/special_view.do?menuSn=913&vcontsId=231659
231654,애호박전,Pan-fried Battered Zucchini (애호박전 / Aehobakjeon),09/11/2025,https://english.visitkorea.or.kr/svc/sp/food/ext/special_view.do?menuSn=913&vcontsId=231654
231387,군만두,Pan-fried Mandu (군만두 / Gunmandu),09/11/2025,https://english.visitkorea.or.kr/svc/sp/food/ext/special_view.do?menuSn=913&vcontsId=231387
179636,소라숙회,Parboiled Conch (소라숙회 / Sorasukhoe),10/19/2023,https://english.visitkorea.or.kr/svc/sp/food/ext/special_view.do?menuSn=913&vcontsId=179636
182209,두릅회,Parboiled Fatsia Shoot (두릅회 / Dureuphoe),10/19/2023,https://english.visitkorea.or.kr/svc/sp/food/ext/special_view.do?menuSn=913&vcontsId=182209
178680,문어숙회,Parboiled Octopus (문어숙회 / Muneosukhoe),10/19/2023,https://english.visitkorea.or.kr/svc/sp/food/ext/special_view.do?menuSn=913&vcontsId=178680
179586,오징어숙회,Parboiled Squid (오징어숙회 / Ojingeosukhoe),10/19/2023,https://english.visitkorea.or.kr/svc/sp/food/ext/special_view.do?menuSn=913&vcontsId=179586
181110,오징어쪽파강회,Parboiled Squid and Scallion Rolls (오징어쪽파강회 / Ojingeojjokpaganghoe),10/19/2023,https://english.visitkorea.or.kr/svc/sp/food/ext/special_view.do?menuSn=913&vcontsId=181110
180616,수란채,Parboiled Vegetables and Seafood with Poached Egg in Pine Nut Soup (수란채 / Suranchae),10/19/2023,https://english.visitkorea.or.kr/svc/sp/food/ext/special_view.do?menuSn=913&vcontsId=180616
181546,미나리강회,Parboiled Water Parsley (미나리강회 / Minariganghoe ),10/19/2023,https://english.visitkorea.or.kr/svc/sp/food/ext/special_view.do?menuSn=913&vcontsId=181546
179581,주꾸미숙회,Parboiled Webfoot Octopus (주꾸미숙회 / Jukkumisukhoe),10/19/2023,https://english.visitkorea.or.kr/svc/sp/food/ext/special_view.do?menuSn=913&vcontsId=179581
180530,메로지리탕,Patagonian Toothfish Soup (메로지리탕 / Merojiritang),10/19/2023,https://english.visitkorea.or.kr/svc/sp/food/ext/special_view.do?menuSn=913&vcontsId=180530
179149,조랭이떡국,Peanut-Shaped Rice Cake Soup (조랭이떡국 / Joraengitteokguk),10/19/2023,https://english.visitkorea.or.kr/svc/sp/food/ext/special_view.do?menuSn=913&vcontsId=179149
180966,배수정과,Pear Cinnamon Punch (배수정과 / Baesujeonggwa),10/19/2023,https://english.visitkorea.or.kr/svc/sp/food/ext/special_view.do?menuSn=913&vcontsId=180966
181765,배숙,Pear Punch (배숙 / Baesuk),10/19/2023,https://english.visitkorea.or.kr/svc/sp/food/ext/special_view.do?menuSn=913&vcontsId=181765
179829,배화채,Pear Punch (배화채 / Baehwachae),10/19/2023,https://english.visitkorea.or.kr/svc/sp/food/ext/special_view.do?menuSn=913&vcontsId=179829
179057,깨죽,Perilla Seed Porridge (깨죽 / Kkaejuk),10/19/2023,https://english.visitkorea.or.kr/svc/sp/food/ext/special_view.do?menuSn=913&vcontsId=179057
180951,들깨순두부,Perilla Seed and Soft Bean Curd Jjigae (들깨순두부 / Deulkkaesundubu),10/19/2023,https://english.visitkorea.or.kr/svc/sp/food/ext/special_view.do?menuSn=913&vcontsId=180951
180794,석탄병,Persimmon Rice Cake (석탄병 / Seoktanbyeong),10/19/2023,https://english.visitkorea.or.kr/svc/sp/food/ext/special_view.do?menuSn=913&vcontsId=180794
179290,꿩불고기,Pheasant Bulgogi (꿩불고기 / Kkwongbulgogi),10/19/2023,https://english.visitkorea.or.kr/svc/sp/food/ext/special_view.do?menuSn=913&vcontsId=179290
182014,꿩 코스 요리,Pheasant Full-Course Meal (꿩 코스 요리 / Kkwong Course Yori),10/19/2023,https://english.visitkorea.or.kr/svc/sp/food/ext/special_view.do?menuSn=913&vcontsId=182014
181295,꿩만두,Pheasant Mandu (꿩만두 / Kkwongmandu),10/19/2023,https://english.visitkorea.or.kr/svc/sp/food/ext/special_view.do?menuSn=913&vcontsId=181295
179285,꿩만두전골,Pheasant Mandu Hot Pot (꿩만두전골 / Kkwongmandujeongol),10/19/2023,https://english.visitkorea.or.kr/svc/sp/food/ext/special_view.do?menuSn=913&vcontsId=179285
179295,꿩샤부샤부,Pheasant Shabu-Shabu (꿩샤부샤부 / Kkwongshabushabu),10/19/2023,https://english.visitkorea.or.kr/svc/sp/food/ext/special_view.do?menuSn=913&vcontsId=179295
180893,꿩엿,Pheasant Syrup (꿩엿 / Kkwongnyeot),10/19/2023,https://english.visitkorea.or.kr/svc/sp/food/ext/special_view.do?menuSn=913&vcontsId=180893
181002,콩잎장아찌(콩니파리),Pickled Bean Leaves (콩잎장아찌(콩니파리) / Kongnipjangajji),10/19/2023,https://english.visitkorea.or.kr/svc/sp/food/ext/special_view.do?menuSn=913&vcontsId=181002
181530,오이지무침,Pickled Cucumber Salad (오이지무침 / Oijimuchim),10/19/2023,https://english.visitkorea.or.kr/svc/sp/food/ext/special_view.do?menuSn=913&vcontsId=181530
182310,감장아찌,Pickled Persimmons (감장아찌 / Gamjangajji),10/19/2023,https://english.visitkorea.or.kr/svc/sp/food/ext/special_view.do?menuSn=913&vcontsId=182310
181911,명이나물 장아찌,Pickled Victory Onion (명이나물 장아찌 / Myeonginamuljangajji),10/19/2023,https://english.visitkorea.or.kr/svc/sp/food/ext/special_view.do?menuSn=913&vcontsId=181911
178067,송이밥,Pine Mushroom Rice (송이밥 / Songibap),10/19/2023,https://english.visitkorea.or.kr/svc/sp/food/ext/special_view.do?menuSn=913&vcontsId=178067
182044,송이산적,Pine Mushroom Skewers (송이산적 / Songisanjeok),10/19/2023,https://english.visitkorea.or.kr/svc/sp/food/ext/special_view.do?menuSn=913&vcontsId=182044
179046,잣죽,Pine Nut Porridge (잣죽 / Jatjuk),10/19/2023,https://english.visitkorea.or.kr/svc/sp/food/ext/special_view.do?menuSn=913&vcontsId=179046
180956,송화밀수(송화수),Pine Pollen Punch (송화밀수(송화수) / Songhwamilsu (Songhwasu)),10/19/2023,https://english.visitkorea.or.kr/svc/sp/food/ext/special_view.do?menuSn=913&vcontsId=180956
182059,생가자미찌개,Plaice Jjigae (생가자미찌개 / Saenggajamijjigae),10/19/2023,https://english.visitkorea.or.kr/svc/sp/food/ext/special_view.do?menuSn=913&vcontsId=182059
182479,질경이밥,Plantain Rice (질경이밥 / Jilgyeongibap),10/19/2023,https://english.visitkorea.or.kr/svc/sp/food/ext/special_view.do?menuSn=913&vcontsId=182479
179839,구절판,Platter of Nine Delicacies (구절판 / Gujeolpan),10/19/2023,https://english.visitkorea.or.kr/svc/sp/food/ext/special_view.do?menuSn=913&vcontsId=179839
178794,포항 구룡포 과메기,Pohang Guryongpo Half-Dried Saury (포항 구룡포 과메기 / Pohangguryongpogwamegi),10/19/2023,https://english.visitkorea.or.kr/svc/sp/food/ext/special_view.do?menuSn=913&vcontsId=178794
179300,동태찌개,Pollack Jjigae (동태찌개 / Dongtaejjigae),10/19/2023,https://english.visitkorea.or.kr/svc/sp/food/ext/special_view.do?menuSn=913&vcontsId=179300
182459,명태지리국,Pollack Soup (명태지리국 / Myeongtaejiriguk),10/19/2023,https://english.visitkorea.or.kr/svc/sp/food/ext/special_view.do?menuSn=913&vcontsId=182459
182235,석류탕,Pomegranate-Shaped Mandu Soup (석류탕 / Seongnyutang),10/19/2023,https://english.visitkorea.or.kr/svc/sp/food/ext/special_view.do?menuSn=913&vcontsId=182235
179109,뼈해장국,Pork Backbone Hangover Soup (뼈해장국 / Ppyeohaejangguk),10/19/2023,https://english.visitkorea.or.kr/svc/sp/food/ext/special_view.do?menuSn=913&vcontsId=179109
180164,뼈다귀 감자탕,Pork Backbone Stew (뼈다귀 감자탕 / Ppyeodagwigamjatang),10/19/2023,https://english.visitkorea.or.kr/svc/sp/food/ext/special_view.do?menuSn=913&vcontsId=180164
181739,항아리바비큐,Pork Barbecue in a Pot (항아리바비큐 / Hangari Barbecue),10/19/2023,https://english.visitkorea.or.kr/svc/sp/food/ext/special_view.do?menuSn=913&vcontsId=181739
180112,팽이버섯 삼겹살말이,Pork Belly Roll and Enoki Mushroom Rolls (팽이버섯 삼겹살말이 / Paengibeoseotsamgyeopsalmari),10/19/2023,https://english.visitkorea.or.kr/svc/sp/food/ext/special_view.do?menuSn=913&vcontsId=180112
178501,돼지불고기,Pork Bulgogi (돼지불고기 / Dwaejibulgogi),10/19/2023,https://english.visitkorea.or.kr/svc/sp/food/ext/special_view.do?menuSn=913&vcontsId=178501
181455,돼지불백비빔밥,Pork Bulgogi Bibimbap (돼지불백비빔밥 / Dwaejibulbaekbibimbap),10/19/2023,https://english.visitkorea.or.kr/svc/sp/food/ext/special_view.do?menuSn=913&vcontsId=181455
182509,돈가스 김밥,Pork Cutlet Gimbap (돈가스 김밥 / Dongaseugimbap),10/19/2023,https://english.visitkorea.or.kr/svc/sp/food/ext/special_view.do?menuSn=913&vcontsId=182509
178814,고기국수,Pork Noodles (고기국수 / Gogiguksu),10/19/2023,https://english.visitkorea.or.kr/svc/sp/food/ext/special_view.do?menuSn=913&vcontsId=178814
180177,접짝뼈국,Pork Shoulder Bone Stew (접짝뼈국 / Jeopjjakppyeoguk),10/19/2023,https://english.visitkorea.or.kr/svc/sp/food/ext/special_view.do?menuSn=913&vcontsId=180177
178139,돼지국밥,Pork and Rice Soup (돼지국밥 / Dwaejigukbap),10/19/2023,https://english.visitkorea.or.kr/svc/sp/food/ext/special_view.do?menuSn=913&vcontsId=178139
182199,솥밥,Pot Rice (솥밥 / Sotbap),10/19/2023,https://english.visitkorea.or.kr/svc/sp/food/ext/special_view.do?menuSn=913&vcontsId=182199
178900,감자옹심이,Potato Ball Soup (감자옹심이 / Gamjaongsimi),10/19/2023,https://english.visitkorea.or.kr/svc/sp/food/ext/special_view.do?menuSn=913&vcontsId=178900
180195,감자떡,Potato Cake (감자떡 / Gamjatteok),10/19/2023,https://english.visitkorea.or.kr/svc/sp/food/ext/special_view.do?menuSn=913&vcontsId=180195
180643,감자부각,Potato Chips (감자부각 / Gamjabugak),10/19/2023,https://english.visitkorea.or.kr/svc/sp/food/ext/special_view.do?menuSn=913&vcontsId=180643
181236,감자만두,Potato Mandu (감자만두 / Gamjamandu),10/19/2023,https://english.visitkorea.or.kr/svc/sp/food/ext/special_view.do?menuSn=913&vcontsId=181236
178905,감자전,Potato Pancake (감자전 / Gamjajeon),10/19/2023,https://english.visitkorea.or.kr/svc/sp/food/ext/special_view.do?menuSn=913&vcontsId=178905
179087,감자밥,Potato Rice (감자밥 / Gamjabap),10/19/2023,https://english.visitkorea.or.kr/svc/sp/food/ext/special_view.do?menuSn=913&vcontsId=179087
180509,감자들깨국,Potato and Perilla Seed Soup (감자들깨국 / Gamjadeulkkaeguk),10/19/2023,https://english.visitkorea.or.kr/svc/sp/food/ext/special_view.do?menuSn=913&vcontsId=180509
181809,감자짜글이,Potato and Pork Stew (감자짜글이 / Gamjajjageuri),10/19/2023,https://english.visitkorea.or.kr/svc/sp/food/ext/special_view.do?menuSn=913&vcontsId=181809
181460,대하마늘볶음밥,Prawn and Garlic Fried Rice (대하마늘볶음밥 / Daehamaneulbokkeumbap),10/19/2023,https://english.visitkorea.or.kr/svc/sp/food/ext/special_view.do?menuSn=913&vcontsId=181460
181499,복껍질무침회,Puffer Fish Skin Salad (복껍질무침회 / Bokkkeopjilmuchimhoe),10/19/2023,https://english.visitkorea.or.kr/svc/sp/food/ext/special_view.do?menuSn=913&vcontsId=181499
178334,복어지리탕,Puffer Fish Soup (복어지리탕 / Bogeojiritang),10/19/2023,https://english.visitkorea.or.kr/svc/sp/food/ext/special_view.do?menuSn=913&vcontsId=178334
180149,호박 수정과,Pumpkin Cinnamon Punch (호박 수정과 / Hobaksujeonggwa),10/19/2023,https://english.visitkorea.or.kr/svc/sp/food/ext/special_view.do?menuSn=913&vcontsId=180149
180185,호박 매작과,Pumpkin Fried Twist (호박 매작과 / Hobangmaejakgwa),10/19/2023,https://english.visitkorea.or.kr/svc/sp/food/ext/special_view.do?menuSn=913&vcontsId=180185
181639,호박지,Pumpkin Kimchi (호박지 / Hobakji),10/19/2023,https://english.visitkorea.or.kr/svc/sp/food/ext/special_view.do?menuSn=913&vcontsId=181639
178124,호박죽,Pumpkin Porridge (호박죽 / Hobakjuk),10/19/2023,https://english.visitkorea.or.kr/svc/sp/food/ext/special_view.do?menuSn=913&vcontsId=178124
179229,비지찌개,Pureed Soybean Jjigae (비지찌개 / Bijijjigae),10/19/2023,https://english.visitkorea.or.kr/svc/sp/food/ext/special_view.do?menuSn=913&vcontsId=179229
179739,평양냉면,Pyeongyang Cold Buckwheat Noodles (평양냉면 / Pyeongyangnaengmyeon),10/19/2023,https://english.visitkorea.or.kr/svc/sp/food/ext/special_view.do?menuSn=913&vcontsId=179739
180146,모과차,Quince Tea (모과차 / Mogwacha),10/19/2023,https://english.visitkorea.or.kr/svc/sp/food/ext/special_view.do?menuSn=913&vcontsId=180146
179082,무밥,Radish Rice (무밥 / Mubap),10/19/2023,https://english.visitkorea.or.kr/svc/sp/food/ext/special_view.do?menuSn=913&vcontsId=179082
179894,동치미,Radish Water Kimchi (동치미 / Dongchimi),10/19/2023,https://english.visitkorea.or.kr/svc/sp/food/ext/special_view.do?menuSn=913&vcontsId=179894
179904,섞박지,Radish and Cabbage Kimchi (섞박지 / Seokbakji),10/19/2023,https://english.visitkorea.or.kr/svc/sp/food/ext/special_view.do?menuSn=913&vcontsId=179904
180189,무지개떡,Rainbow Rice Cake (무지개떡 / Mujigaetteok),10/19/2023,https://english.visitkorea.or.kr/svc/sp/food/ext/special_view.do?menuSn=913&vcontsId=180189
180883,방울증편,Raised Rice Cake with Red Bean Paste (방울증편 / Banguljeungpyeon),10/19/2023,https://english.visitkorea.or.kr/svc/sp/food/ext/special_view.do?menuSn=913&vcontsId=180883
181644,유채김치,Rapeseed Kimchi (유채김치 / Yuchaekimchi),10/19/2023,https://english.visitkorea.or.kr/svc/sp/food/ext/special_view.do?menuSn=913&vcontsId=181644
182084,회덮밥,Raw Fish Bibimbap (회덮밥 / Hoedeopbap),10/19/2023,https://english.visitkorea.or.kr/svc/sp/food/ext/special_view.do?menuSn=913&vcontsId=182084
179689,해삼회,Raw Sea Cucumber (해삼회 / Haesamhoe),10/19/2023,https://english.visitkorea.or.kr/svc/sp/food/ext/special_view.do?menuSn=913&vcontsId=179689
179684,멍게회,Raw Sea Pineapple (멍게회 / Meonggehoe),10/19/2023,https://english.visitkorea.or.kr/svc/sp/food/ext/special_view.do?menuSn=913&vcontsId=179684
180712,성게회,Raw Sea Urchin (성게회 / Seonggehoe),10/19/2023,https://english.visitkorea.or.kr/svc/sp/food/ext/special_view.do?menuSn=913&vcontsId=180712
179611,세발낙지,Raw Thin-Legged Octopus (세발낙지 / Sebalnakji),10/19/2023,https://english.visitkorea.or.kr/svc/sp/food/ext/special_view.do?menuSn=913&vcontsId=179611
181195,팥라떼,Red Bean Latte (팥라떼 / Patlatte),10/19/2023,https://english.visitkorea.or.kr/svc/sp/food/ext/special_view.do?menuSn=913&vcontsId=181195
178889,팥칼국수,Red Bean Paste Noodle Soup (팥칼국수 / Patkalguksu),10/19/2023,https://english.visitkorea.or.kr/svc/sp/food/ext/special_view.do?menuSn=913&vcontsId=178889
178119,팥죽,Red Bean Porridge (팥죽 / Patjuk),10/19/2023,https://english.visitkorea.or.kr/svc/sp/food/ext/special_view.do?menuSn=913&vcontsId=178119
179769,장떡,Red Chili Paste Pancakes (장떡 / Jangtteok),10/19/2023,https://english.visitkorea.or.kr/svc/sp/food/ext/special_view.do?menuSn=913&vcontsId=179769
231437,고추장삼겹살,Red Chili Paste Pork Belly (고추장삼겹살 / Gochujangsamgyeopsal),09/11/2025,https://english.visitkorea.or.kr/svc/sp/food/ext/special_view.do?menuSn=913&vcontsId=231437
181629,홍게라면,Red Snow Crab Instant Noodles (홍게라면 / Honggeramyeon),10/19/2023,https://english.visitkorea.or.kr/svc/sp/food/ext/special_view.do?menuSn=913&vcontsId=181629
180504,옥돔무국,Red Tilefish and Radish Soup (옥돔무국 / Okdommuguk),10/19/2023,https://english.visitkorea.or.kr/svc/sp/food/ext/special_view.do?menuSn=913&vcontsId=180504
179129,옥돔미역국,Red Tilefish and Seaweed Soup (옥돔미역국 / Okdommiyeokguk),10/19/2023,https://english.visitkorea.or.kr/svc/sp/food/ext/special_view.do?menuSn=913&vcontsId=179129
181400,주먹밥,Rice Ball (주먹밥 / Jumeokbap),10/19/2023,https://english.visitkorea.or.kr/svc/sp/food/ext/special_view.do?menuSn=913&vcontsId=181400
180832,단자,Rice Cake Balls (단자 / Danja),10/19/2023,https://english.visitkorea.or.kr/svc/sp/food/ext/special_view.do?menuSn=913&vcontsId=180832
179989,떡꼬치,Rice Cake Skewers (떡꼬치 / Tteokkkochi),10/19/2023,https://english.visitkorea.or.kr/svc/sp/food/ext/special_view.do?menuSn=913&vcontsId=179989
181284,물떡,Rice Cake Sticks in Soup (물떡 / Multteok),10/19/2023,https://english.visitkorea.or.kr/svc/sp/food/ext/special_view.do?menuSn=913&vcontsId=181284
179974,꿀떡,Rice Cake with Honey Filling (꿀떡 / Kkultteok),10/19/2023,https://english.visitkorea.or.kr/svc/sp/food/ext/special_view.do?menuSn=913&vcontsId=179974
182484,컵밥,Rice Cup (컵밥 / Cupbap),10/19/2023,https://english.visitkorea.or.kr/svc/sp/food/ext/special_view.do?menuSn=913&vcontsId=182484
180728,쌀엿,Rice Malt Candy (쌀엿 / Ssallyeot),10/19/2023,https://english.visitkorea.or.kr/svc/sp/food/ext/special_view.do?menuSn=913&vcontsId=180728
180159,바지락 술찜,Rice Wine-Steamed Clams (바지락 술찜 / Bajiraksuljjim),10/19/2023,https://english.visitkorea.or.kr/svc/sp/food/ext/special_view.do?menuSn=913&vcontsId=180159
178144,따로국밥,Rice and Soup (따로국밥 / Ttarogukbap),10/19/2023,https://english.visitkorea.or.kr/svc/sp/food/ext/special_view.do?menuSn=913&vcontsId=178144
181425,뽕잎밥,Rice with Mulberry Leaves (뽕잎밥 / Ppongnipbap),10/19/2023,https://english.visitkorea.or.kr/svc/sp/food/ext/special_view.do?menuSn=913&vcontsId=181425
178396,청국장,Rich Soybean Paste Jjigae (청국장 / Cheonggukjang),10/19/2023,https://english.visitkorea.or.kr/svc/sp/food/ext/special_view.do?menuSn=913&vcontsId=178396
180574,홍시라떼,Ripe Persimmon Latte (홍시라떼 / Hongsi Latte),10/19/2023,https://english.visitkorea.or.kr/svc/sp/food/ext/special_view.do?menuSn=913&vcontsId=180574
180190,홍시떡,Ripe Persimmon Rice Cake (홍시떡 / Hongsitteok),10/19/2023,https://english.visitkorea.or.kr/svc/sp/food/ext/special_view.do?menuSn=913&vcontsId=180190
180815,조망댕이(차조떡),Roasted Glutinous Millet Cake (조망댕이(차조떡) / Jomangdaengi (Chajotteok)),10/19/2023,https://english.visitkorea.or.kr/svc/sp/food/ext/special_view.do?menuSn=913&vcontsId=180815
181200,미숫가루(미수가루),Roasted Grain Powder (미숫가루(미수가루) / Misutgaru (Misugaru)),10/19/2023,https://english.visitkorea.or.kr/svc/sp/food/ext/special_view.do?menuSn=913&vcontsId=181200
178911,계란말이,Rolled Omelet (계란말이 / Gyeranmari),10/19/2023,https://english.visitkorea.or.kr/svc/sp/food/ext/special_view.do?menuSn=913&vcontsId=178911
181371,달걀말이김밥,Rolled Omelet Gimbap (달걀말이김밥 / Dalgyalmarigimbap),10/19/2023,https://english.visitkorea.or.kr/svc/sp/food/ext/special_view.do?menuSn=913&vcontsId=181371
181271,잡채계란말이,Rolled Omelet with Japchae (잡채계란말이 / Japchaegyeranmari),10/19/2023,https://english.visitkorea.or.kr/svc/sp/food/ext/special_view.do?menuSn=913&vcontsId=181271
231429,로제떡볶이,Rosé Tteokbokki (로제떡볶이 / RoséTteokbokki),09/11/2025,https://english.visitkorea.or.kr/svc/sp/food/ext/special_view.do?menuSn=913&vcontsId=231429
182079,시금치통닭,Rotisserie Chicken with Spinach (시금치통닭 / Sigeumchitongdak),10/19/2023,https://english.visitkorea.or.kr/svc/sp/food/ext/special_view.do?menuSn=913&vcontsId=182079
179844,신선로,Royal Hot Pot (신선로 / Sinseollo),10/19/2023,https://english.visitkorea.or.kr/svc/sp/food/ext/special_view.do?menuSn=913&vcontsId=179844
180143,궁중떡볶이,Royal Tteokbokki (궁중떡볶이 / Gungjungtteokbokki),10/19/2023,https://english.visitkorea.or.kr/svc/sp/food/ext/special_view.do?menuSn=913&vcontsId=180143
181509,전복내장젓(게웃젓),Salted Abalone Intestines (전복내장젓(게웃젓) / Jeonbongnaejangjeot (Geutjeot)),10/19/2023,https://english.visitkorea.or.kr/svc/sp/food/ext/special_view.do?menuSn=913&vcontsId=181509
182320,게짜박이,Salted Crab Jjigae (게짜박이 / Gejjabagi),10/19/2023,https://english.visitkorea.or.kr/svc/sp/food/ext/special_view.do?menuSn=913&vcontsId=182320
182415,"어란(숭어어란, 민어어란)","Salted Fish Roe (어란(숭어어란, 민어어란) / Eoran)",10/19/2023,https://english.visitkorea.or.kr/svc/sp/food/ext/special_view.do?menuSn=913&vcontsId=182415
179093,어리굴젓백반,Salted Oysters Set Menu (어리굴젓백반 / Eoriguljeotbaekban),10/19/2023,https://english.visitkorea.or.kr/svc/sp/food/ext/special_view.do?menuSn=913&vcontsId=179093
181149,"명란조치(명란젓국, 명란찌개)","Salted Pollack Roe Jjigae (명란조치(명란젓국, 명란찌개) / Myeongnanjochi (Myeongnanjeotguk, Myeongnanjjigae))",10/19/2023,https://english.visitkorea.or.kr/svc/sp/food/ext/special_view.do?menuSn=913&vcontsId=181149
181068,명란버섯솥밥,Salted Pollack Roe and Mushroom Hot Stone Pot Rice (명란버섯솥밥 / Myeongnanbeoseotsotbap),10/19/2023,https://english.visitkorea.or.kr/svc/sp/food/ext/special_view.do?menuSn=913&vcontsId=181068
181931,우럭젓국,Salted Rockfish Soup (우럭젓국 / Ureokjeotguk),10/19/2023,https://english.visitkorea.or.kr/svc/sp/food/ext/special_view.do?menuSn=913&vcontsId=181931
179249,젓국갈비,Salted Shrimp and Galbi Soup (젓국갈비 / Jeotgukgalbi),10/19/2023,https://english.visitkorea.or.kr/svc/sp/food/ext/special_view.do?menuSn=913&vcontsId=179249
178607,가자미 식해,Salted and Fermented Plaice (가자미 식해 / Gajamisikhae),10/19/2023,https://english.visitkorea.or.kr/svc/sp/food/ext/special_view.do?menuSn=913&vcontsId=178607
179566,명태식해,Salted and Fermented Pollack (명태식해 / Myeongtaesikhae),10/19/2023,https://english.visitkorea.or.kr/svc/sp/food/ext/special_view.do?menuSn=913&vcontsId=179566
181791,꽁치당구국,Saury Ball Soup (꽁치당구국 / Kkongchidangguguk ),10/19/2023,https://english.visitkorea.or.kr/svc/sp/food/ext/special_view.do?menuSn=913&vcontsId=181791
178268,꽁치찌개,Saury Jjigae (꽁치찌개 / Kkongchijjigae),10/19/2023,https://english.visitkorea.or.kr/svc/sp/food/ext/special_view.do?menuSn=913&vcontsId=178268
178339,부대찌개,Sausage Jjigae (부대찌개 / Budaejjigae ),10/19/2023,https://english.visitkorea.or.kr/svc/sp/food/ext/special_view.do?menuSn=913&vcontsId=178339
180672,소떡소떡,Sausage and Rice Cake Skewers (소떡소떡 / Sotteoksotteok),10/19/2023,https://english.visitkorea.or.kr/svc/sp/food/ext/special_view.do?menuSn=913&vcontsId=180672
181984,비늘김치,Scale-Cut Radish Kimchi (비늘김치 / Bineulkimchi),10/19/2023,https://english.visitkorea.or.kr/svc/sp/food/ext/special_view.do?menuSn=913&vcontsId=181984
182410,밴댕이완자탕,Scaled Sardine Meatball Soup (밴댕이완자탕 / Baendaengiwanjatang),10/19/2023,https://english.visitkorea.or.kr/svc/sp/food/ext/special_view.do?menuSn=913&vcontsId=182410
181710,쪽파김치,Scallion Kimchi (쪽파김치 / Jjokpakimchi),10/19/2023,https://english.visitkorea.or.kr/svc/sp/food/ext/special_view.do?menuSn=913&vcontsId=181710
180697,멍게비빔밥,Sea Pineapple Bibimbap (멍게비빔밥 / Meonggebibimbap),10/19/2023,https://english.visitkorea.or.kr/svc/sp/food/ext/special_view.do?menuSn=913&vcontsId=180697
179026,성게알비빔밥,Sea Urchin Roe Bibimbap (성게알비빔밥 / Seonggealbibimbap),10/19/2023,https://english.visitkorea.or.kr/svc/sp/food/ext/special_view.do?menuSn=913&vcontsId=179026
179139,성게미역국,Sea Urchin Roe and Seaweed Soup (성게미역국 / Seonggemiyeokguk),10/19/2023,https://english.visitkorea.or.kr/svc/sp/food/ext/special_view.do?menuSn=913&vcontsId=179139
180677,메밀해물전,Seafood Buckwheat Pancake (메밀해물전 / Memilhaemuljeon),10/19/2023,https://english.visitkorea.or.kr/svc/sp/food/ext/special_view.do?menuSn=913&vcontsId=180677
182381,수라탕,Seafood Hot Pot (수라탕 / Suratang),10/19/2023,https://english.visitkorea.or.kr/svc/sp/food/ext/special_view.do?menuSn=913&vcontsId=182381
180119,해물라면,Seafood Instant Noodles (해물라면 / Haemullamyeon),10/19/2023,https://english.visitkorea.or.kr/svc/sp/food/ext/special_view.do?menuSn=913&vcontsId=180119
181960,해물잡채,Seafood Japchae (해물잡채 / Haemuljapchae),10/19/2023,https://english.visitkorea.or.kr/svc/sp/food/ext/special_view.do?menuSn=913&vcontsId=181960
231718,해물파전,Seafood and Green Onion Pancake (해물파전 / Haemulpajeon),09/11/2025,https://english.visitkorea.or.kr/svc/sp/food/ext/special_view.do?menuSn=913&vcontsId=231718
182069,해물만두전골,Seafood and Mandu Hot Pot (해물만두전골 / Haemulmandujeongol),10/19/2023,https://english.visitkorea.or.kr/svc/sp/food/ext/special_view.do?menuSn=913&vcontsId=182069
181744,양념닭똥집(닭모래집),Seasoned Deep-Fried Chicken Gizzard (양념닭똥집(닭모래집) / Yangnyeomdakttongjip (Dangmoraejip)),10/19/2023,https://english.visitkorea.or.kr/svc/sp/food/ext/special_view.do?menuSn=913&vcontsId=181744
180107,유곽,Seasoned Hard Clams (유곽 / Yugwak),10/19/2023,https://english.visitkorea.or.kr/svc/sp/food/ext/special_view.do?menuSn=913&vcontsId=180107
180133,해초비빔밥,Seaweed Bibimbap (해초비빔밥 / Haechobibimbap),10/19/2023,https://english.visitkorea.or.kr/svc/sp/food/ext/special_view.do?menuSn=913&vcontsId=180133
178160,매생이국,Seaweed Fulvescens Soup (매생이국 / Maesaengiguk),10/19/2023,https://english.visitkorea.or.kr/svc/sp/food/ext/special_view.do?menuSn=913&vcontsId=178160
182219,매생이갈비탕,Seaweed Fulvescens and Galbi Soup (매생이갈비탕 / Maesaengigalbitang),10/19/2023,https://english.visitkorea.or.kr/svc/sp/food/ext/special_view.do?menuSn=913&vcontsId=182219
179164,매생이떡국,Seaweed Fulvescens and Sliced Rice Cake Soup (매생이떡국 / Maesaengitteokguk),10/19/2023,https://english.visitkorea.or.kr/svc/sp/food/ext/special_view.do?menuSn=913&vcontsId=179164
179036,매생이굴국밥,"Seaweed Fulvescens, Oyster and Rice Soup (매생이굴국밥 / Maesaengigulgukbap)",10/19/2023,https://english.visitkorea.or.kr/svc/sp/food/ext/special_view.do?menuSn=913&vcontsId=179036
180667,미역귀튀각,Seaweed Holdfasts Chips (미역귀튀각 / Miyeokgwitwigak),10/19/2023,https://english.visitkorea.or.kr/svc/sp/food/ext/special_view.do?menuSn=913&vcontsId=180667
178170,미역국,Seaweed Soup (미역국 / Miyeokguk),10/19/2023,https://english.visitkorea.or.kr/svc/sp/food/ext/special_view.do?menuSn=913&vcontsId=178170
178180,선지해장국(선짓국),Seonji Hangover Soup (선지해장국(선짓국) / Seonjihaejangguk (Seonjitguk)),10/19/2023,https://english.visitkorea.or.kr/svc/sp/food/ext/special_view.do?menuSn=913&vcontsId=178180
231519,샤브칼국수,Shabu-shabu with Noodles (샤브칼국수 / Shabukalguksu),09/11/2025,https://english.visitkorea.or.kr/svc/sp/food/ext/special_view.do?menuSn=913&vcontsId=231519
180203,인절미빙수,Shaved Ice with Bean-Powder-Coated Rice Cake (인절미빙수 / Injeolmibingsu),10/19/2023,https://english.visitkorea.or.kr/svc/sp/food/ext/special_view.do?menuSn=913&vcontsId=180203
180888,감귤빙수,Shaved Ice with Citrus (감귤빙수 / Gamgyulbingsu),10/19/2023,https://english.visitkorea.or.kr/svc/sp/food/ext/special_view.do?menuSn=913&vcontsId=180888
179939,팥빙수,Shaved Ice with Red Bean Topping (팥빙수 / Patbingsu),10/19/2023,https://english.visitkorea.or.kr/svc/sp/food/ext/special_view.do?menuSn=913&vcontsId=179939
179244,냉이된장찌개,Shepherd’s Purse Soybean Paste Jjigae (냉이된장찌개 / Naengidoenjangjjigae),10/19/2023,https://english.visitkorea.or.kr/svc/sp/food/ext/special_view.do?menuSn=913&vcontsId=179244
231369,새우볶음밥,Shrimp Fried Rice (새우볶음밥 / Saeubokkeumbap),09/11/2025,https://english.visitkorea.or.kr/svc/sp/food/ext/special_view.do?menuSn=913&vcontsId=231369
231536,상차림,Sides for Meat Orders (상차림 / Sangcharim),09/11/2025,https://english.visitkorea.or.kr/svc/sp/food/ext/special_view.do?menuSn=913&vcontsId=231536
231541,회초장,Sides for Sliced Raw Fish (회초장 / Hoechojang),09/11/2025,https://english.visitkorea.or.kr/svc/sp/food/ext/special_view.do?menuSn=913&vcontsId=231541
181494,연두부샐러드,Silken Bean Curd Salad (연두부샐러드 / Yeondubu Salad),10/19/2023,https://english.visitkorea.or.kr/svc/sp/food/ext/special_view.do?menuSn=913&vcontsId=181494
182449,듬북국,Silvetia Siliquosa Soup (듬북국 / Deumbukguk),10/19/2023,https://english.visitkorea.or.kr/svc/sp/food/ext/special_view.do?menuSn=913&vcontsId=182449
231621,치마살,Sirloin Flap (치마살 / Chimasal),09/11/2025,https://english.visitkorea.or.kr/svc/sp/food/ext/special_view.do?menuSn=913&vcontsId=231621
179209,홍어애탕,Skate Liver Soup (홍어애탕 / Hongeoaetang),10/19/2023,https://english.visitkorea.or.kr/svc/sp/food/ext/special_view.do?menuSn=913&vcontsId=179209
179555,홍어삼합,"Skate, Pork, and Kimchi Combo (홍어삼합 / Hongeosamhap)",10/19/2023,https://english.visitkorea.or.kr/svc/sp/food/ext/special_view.do?menuSn=913&vcontsId=179555
181305,메밀떡만두국,Sliced Buckwheat Rice Cake and Mandu Soup (메밀떡만두국 / Memiltteongmanduguk),10/19/2023,https://english.visitkorea.or.kr/svc/sp/food/ext/special_view.do?menuSn=913&vcontsId=181305
179422,뭉티기,Sliced Raw Bottom Round Steak (뭉티기 / Mungtigi),10/19/2023,https://english.visitkorea.or.kr/svc/sp/food/ext/special_view.do?menuSn=913&vcontsId=179422
178710,산천어회,Sliced Raw Cheery Salmon (산천어회 / Sancheoneohoe),10/19/2023,https://english.visitkorea.or.kr/svc/sp/food/ext/special_view.do?menuSn=913&vcontsId=178710
179524,갈치회,Sliced Raw Cutlassfish (갈치회 / Galchihoe),10/19/2023,https://english.visitkorea.or.kr/svc/sp/food/ext/special_view.do?menuSn=913&vcontsId=179524
178799,활어회,Sliced Raw Fish (활어회 / Hwareohoe),10/19/2023,https://english.visitkorea.or.kr/svc/sp/food/ext/special_view.do?menuSn=913&vcontsId=178799
231710,광어회,Sliced Raw Flatfish (광어회 / Gwangeohoe),09/11/2025,https://english.visitkorea.or.kr/svc/sp/food/ext/special_view.do?menuSn=913&vcontsId=231710
178774,전어회,Sliced Raw Gizzard Shad (전어회 / Jeoneohoe),10/19/2023,https://english.visitkorea.or.kr/svc/sp/food/ext/special_view.do?menuSn=913&vcontsId=178774
178627,고등어회,Sliced Raw Mackerel (고등어회 / Godeungeohoe),10/19/2023,https://english.visitkorea.or.kr/svc/sp/food/ext/special_view.do?menuSn=913&vcontsId=178627
179529,갯장어회,Sliced Raw Pike Eel (갯장어회 / Gaetjangeohoe),10/19/2023,https://english.visitkorea.or.kr/svc/sp/food/ext/special_view.do?menuSn=913&vcontsId=179529
231531,가자미회,Sliced Raw Plaice (가자미회 / Gajamihoe),09/11/2025,https://english.visitkorea.or.kr/svc/sp/food/ext/special_view.do?menuSn=913&vcontsId=231531
178700,복회,Sliced Raw Puffer Fish (복회 / Bokhoe),10/19/2023,https://english.visitkorea.or.kr/svc/sp/food/ext/special_view.do?menuSn=913&vcontsId=178700
231580,가오리무침,Sliced Raw Ray Salad (가오리무침 / Gaorimuchim),09/11/2025,https://english.visitkorea.or.kr/svc/sp/food/ext/special_view.do?menuSn=913&vcontsId=231580
180682,우럭회 깻잎무침,Sliced Raw Rockfish and Perilla Leaf Salad (우럭회 깻잎무침 / Ureokhoekkaennimmuchim),10/19/2023,https://english.visitkorea.or.kr/svc/sp/food/ext/special_view.do?menuSn=913&vcontsId=180682
180702,물가자미회,Sliced Raw Roundnose Flounder (물가자미회 / Mulgajamihoe),10/19/2023,https://english.visitkorea.or.kr/svc/sp/food/ext/special_view.do?menuSn=913&vcontsId=180702
179539,도미회,Sliced Raw Sea Bream (도미회 / Domihoe),10/19/2023,https://english.visitkorea.or.kr/svc/sp/food/ext/special_view.do?menuSn=913&vcontsId=179539
178651,홍어회,Sliced Raw Skate (홍어회 / Hongeohoe),10/19/2023,https://english.visitkorea.or.kr/svc/sp/food/ext/special_view.do?menuSn=913&vcontsId=178651
179601,오징어회,Sliced Raw Squid (오징어회 / Ojingeohoe),10/19/2023,https://english.visitkorea.or.kr/svc/sp/food/ext/special_view.do?menuSn=913&vcontsId=179601
178720,서대회무침,Sliced Raw Tongue Sole Salad (서대회무침 / Seodaehoemuchim),10/19/2023,https://english.visitkorea.or.kr/svc/sp/food/ext/special_view.do?menuSn=913&vcontsId=178720
180687,송어회,Sliced Raw Trout (송어회 / Songeohoe),10/19/2023,https://english.visitkorea.or.kr/svc/sp/food/ext/special_view.do?menuSn=913&vcontsId=180687
178690,방어회,Sliced Raw Yellow Tail (방어회 / Bangeohoe),10/19/2023,https://english.visitkorea.or.kr/svc/sp/food/ext/special_view.do?menuSn=913&vcontsId=178690
178149,떡국,Sliced Rice Cake Soup (떡국 / Tteokguk),10/19/2023,https://english.visitkorea.or.kr/svc/sp/food/ext/special_view.do?menuSn=913&vcontsId=178149
181577,굽은떡국,Sliced Roasted Rice Cake Soup (굽은떡국 / Gubeuntteokguk),10/19/2023,https://english.visitkorea.or.kr/svc/sp/food/ext/special_view.do?menuSn=913&vcontsId=181577
179224,오분자기뚝배기,Small Abalone Hot Pot (오분자기뚝배기 / Obunjagittukbaegi),10/19/2023,https://english.visitkorea.or.kr/svc/sp/food/ext/special_view.do?menuSn=913&vcontsId=179224
181851,곱창순두부,Small Intestine and Soft Bean Curd Jjigae (곱창순두부 / Gopchangsundubu),10/19/2023,https://english.visitkorea.or.kr/svc/sp/food/ext/special_view.do?menuSn=913&vcontsId=181851
231605,훈제오리(오리훈제),Smoked Duck (훈제오리(오리훈제) / Hunjeori (Orihunje)),09/11/2025,https://english.visitkorea.or.kr/svc/sp/food/ext/special_view.do?menuSn=913&vcontsId=231605
180789,대게빵,Snow Crab Bread (대게빵 / Daegeppang),10/19/2023,https://english.visitkorea.or.kr/svc/sp/food/ext/special_view.do?menuSn=913&vcontsId=180789
180129,대게 돌솥비빔밥,Snow Crab Hot Stone Pot Bibimbap (대게 돌솥비빔밥 / Daegedolsotbibimbap),10/19/2023,https://english.visitkorea.or.kr/svc/sp/food/ext/special_view.do?menuSn=913&vcontsId=180129
179969,백설기,Snow White Rice Cake (백설기 / Baekseolgi),10/19/2023,https://english.visitkorea.or.kr/svc/sp/food/ext/special_view.do?menuSn=913&vcontsId=179969
178354,순두부찌개,Soft Bean Curd Jjigae (순두부찌개 / Sundubujjigae),10/19/2023,https://english.visitkorea.or.kr/svc/sp/food/ext/special_view.do?menuSn=913&vcontsId=178354
179694,전복장,Soy Sauce Marinated Abalone (전복장 / Jeonbokjang),10/19/2023,https://english.visitkorea.or.kr/svc/sp/food/ext/special_view.do?menuSn=913&vcontsId=179694
178617,간장게장,Soy Sauce Marinated Crab (간장게장 / Ganjanggejang),10/19/2023,https://english.visitkorea.or.kr/svc/sp/food/ext/special_view.do?menuSn=913&vcontsId=178617
182109,달걀장,Soy Sauce Marinated Eggs (달걀장 / Dalgyaljang),10/19/2023,https://english.visitkorea.or.kr/svc/sp/food/ext/special_view.do?menuSn=913&vcontsId=182109
179649,새우장,Soy Sauce Marinated Shrimp (새우장 / Saeujang),10/19/2023,https://english.visitkorea.or.kr/svc/sp/food/ext/special_view.do?menuSn=913&vcontsId=179649
181032,간장비빔국수,Soy Sauce Noodles (간장비빔국수 / Ganjangbibimguksu),10/19/2023,https://english.visitkorea.or.kr/svc/sp/food/ext/special_view.do?menuSn=913&vcontsId=181032
180153,간장 양념치킨,Soy Sauce Seasoned Fried Chicken (간장 양념치킨 / Ganjangnyangnyeomchicken),10/19/2023,https://english.visitkorea.or.kr/svc/sp/food/ext/special_view.do?menuSn=913&vcontsId=180153
178309,된장찌개,Soybean Paste Jjigae (된장찌개 / Doenjangjjigae),10/19/2023,https://english.visitkorea.or.kr/svc/sp/food/ext/special_view.do?menuSn=913&vcontsId=178309
182099,콩국,Soybean Soup (콩국 / Kongguk),10/19/2023,https://english.visitkorea.or.kr/svc/sp/food/ext/special_view.do?menuSn=913&vcontsId=182099
181945,매운 멸치 김밥,Spicy Anchovy Gimbap (매운 멸치 김밥 / Maeunmyeolchigimbap),10/19/2023,https://english.visitkorea.or.kr/svc/sp/food/ext/special_view.do?menuSn=913&vcontsId=181945
178207,육개장,Spicy Beef Soup (육개장 / Yukgaejang),10/19/2023,https://english.visitkorea.or.kr/svc/sp/food/ext/special_view.do?menuSn=913&vcontsId=178207
179197,양탕,Spicy Black Goat Soup (양탕 / Yangtang),10/19/2023,https://english.visitkorea.or.kr/svc/sp/food/ext/special_view.do?menuSn=913&vcontsId=179197
178278,꽃게탕,Spicy Blue Crab Stew (꽃게탕 / Kkotgetang),10/19/2023,https://english.visitkorea.or.kr/svc/sp/food/ext/special_view.do?menuSn=913&vcontsId=178278
180176,고사리 육개장,Spicy Bracken and Beef Soup (고사리 육개장 / Gosariyukgaejang),10/19/2023,https://english.visitkorea.or.kr/svc/sp/food/ext/special_view.do?menuSn=913&vcontsId=180176
181921,곱도리탕,Spicy Braised Beef Small Intestines and Chicken (곱도리탕 / Gopdoritang),10/19/2023,https://english.visitkorea.or.kr/svc/sp/food/ext/special_view.do?menuSn=913&vcontsId=181921
179264,닭볶음탕,Spicy Braised Chicken (닭볶음탕 / Dakbokkeumtang),10/19/2023,https://english.visitkorea.or.kr/svc/sp/food/ext/special_view.do?menuSn=913&vcontsId=179264
179320,도리뱅뱅이,Spicy Braised Freshwater Sprats (도리뱅뱅이 / Doribaengbaengi),10/19/2023,https://english.visitkorea.or.kr/svc/sp/food/ext/special_view.do?menuSn=913&vcontsId=179320
182119,갈비해물찜,Spicy Braised Galbi and Seafood (갈비해물찜 / Galbihaemuljjim),10/19/2023,https://english.visitkorea.or.kr/svc/sp/food/ext/special_view.do?menuSn=913&vcontsId=182119
179495,숭어찜,Spicy Braised Gray Mullet (숭어찜 / Sungeojjim),10/19/2023,https://english.visitkorea.or.kr/svc/sp/food/ext/special_view.do?menuSn=913&vcontsId=179495
178730,아귀찜(아구찜),Spicy Braised Monkfish (아귀찜(아구찜) / Agwijjim (Agujjim)),10/19/2023,https://english.visitkorea.or.kr/svc/sp/food/ext/special_view.do?menuSn=913&vcontsId=178730
180158,메로찜,Spicy Braised Patagonian Toothfish (메로찜 / Merojjim),10/19/2023,https://english.visitkorea.or.kr/svc/sp/food/ext/special_view.do?menuSn=913&vcontsId=180158
179002,꿩도리탕,Spicy Braised Pheasant (꿩도리탕 / Kkwongdoritang),10/19/2023,https://english.visitkorea.or.kr/svc/sp/food/ext/special_view.do?menuSn=913&vcontsId=179002
178612,가자미찜,Spicy Braised Plaice (가자미찜 / Gajamijjim),10/19/2023,https://english.visitkorea.or.kr/svc/sp/food/ext/special_view.do?menuSn=913&vcontsId=178612
179674,미더덕찜,Spicy Braised Sea Squirt (미더덕찜 / Mideodeokjjim),10/19/2023,https://english.visitkorea.or.kr/svc/sp/food/ext/special_view.do?menuSn=913&vcontsId=179674
178416,해물찜,Spicy Braised Seafood (해물찜 / Haemuljjim),10/19/2023,https://english.visitkorea.or.kr/svc/sp/food/ext/special_view.do?menuSn=913&vcontsId=178416
181610,꼴두국수,Spicy Buckwheat Noodle Soup (꼴두국수 / Kkolduguksu),10/19/2023,https://english.visitkorea.or.kr/svc/sp/food/ext/special_view.do?menuSn=913&vcontsId=181610
179744,비빔냉면,Spicy Buckwheat Noodles (비빔냉면 / Bibimnaengmyeon),10/19/2023,https://english.visitkorea.or.kr/svc/sp/food/ext/special_view.do?menuSn=913&vcontsId=179744
178854,비빔막국수,Spicy Buckwheat Noodles (비빔막국수 / Bibimmakguksu),10/19/2023,https://english.visitkorea.or.kr/svc/sp/food/ext/special_view.do?menuSn=913&vcontsId=178854
180121,열무냉면,Spicy Buckwheat Noodles with Young Summer Radish Kimchi (열무냉면 / Yeolmunaengmyeon),10/19/2023,https://english.visitkorea.or.kr/svc/sp/food/ext/special_view.do?menuSn=913&vcontsId=180121
178319,메기 매운탕,Spicy Catfish Stew (메기 매운탕 / Megimaeuntang),10/19/2023,https://english.visitkorea.or.kr/svc/sp/food/ext/special_view.do?menuSn=913&vcontsId=178319
179448,숯불닭갈비,Spicy Charcoal-Grilled Chicken (숯불닭갈비 / Sutbuldakgalbi),10/19/2023,https://english.visitkorea.or.kr/svc/sp/food/ext/special_view.do?menuSn=913&vcontsId=179448
178869,쫄면,Spicy Chewy Noodles (쫄면 / Jjolmyeon),10/19/2023,https://english.visitkorea.or.kr/svc/sp/food/ext/special_view.do?menuSn=913&vcontsId=178869
179269,국물닭발,Spicy Chicken Feet Stew (국물닭발 / Gungmuldakbal),10/19/2023,https://english.visitkorea.or.kr/svc/sp/food/ext/special_view.do?menuSn=913&vcontsId=179269
180169,닭개장,Spicy Chicken Soup  (닭개장 / Dakgaejang),10/19/2023,https://english.visitkorea.or.kr/svc/sp/food/ext/special_view.do?menuSn=913&vcontsId=180169
179280,닭매운탕,Spicy Chicken Stew (닭매운탕 / Dangmaeuntang),10/19/2023,https://english.visitkorea.or.kr/svc/sp/food/ext/special_view.do?menuSn=913&vcontsId=179280
181022,물닭갈비,Spicy Chicken Stew (물닭갈비 / Muldakgalbi),10/19/2023,https://english.visitkorea.or.kr/svc/sp/food/ext/special_view.do?menuSn=913&vcontsId=181022
182251,황태매운탕,Spicy Dried Pollack Stew (황태매운탕 / Hwangtaemaeuntang),10/19/2023,https://english.visitkorea.or.kr/svc/sp/food/ext/special_view.do?menuSn=913&vcontsId=182251
179204,알탕,Spicy Fish Roe Soup (알탕 / Altang),10/19/2023,https://english.visitkorea.or.kr/svc/sp/food/ext/special_view.do?menuSn=913&vcontsId=179204
231415,생선매운탕(매운탕),Spicy Fish Stew (생선매운탕(매운탕) / Saengseonmaeuntang (Maeuntang)),09/11/2025,https://english.visitkorea.or.kr/svc/sp/food/ext/special_view.do?menuSn=913&vcontsId=231415
181800,털레기 수제비,Spicy Fish Stew with Hand-Pulled Dough (털레기 수제비 / Teollegisujebi),10/19/2023,https://english.visitkorea.or.kr/svc/sp/food/ext/special_view.do?menuSn=913&vcontsId=181800
180525,뚜거리탕(꾹저구탕),Spicy Floating Goby Stew (뚜거리탕(꾹저구탕) / Ttugeoritang (Kkukjeogutang)),10/19/2023,https://english.visitkorea.or.kr/svc/sp/food/ext/special_view.do?menuSn=913&vcontsId=180525
182464,오모가리탕,Spicy Freshwater Fish Stew Hot Pot (오모가리탕 / Omogaritang),10/19/2023,https://english.visitkorea.or.kr/svc/sp/food/ext/special_view.do?menuSn=913&vcontsId=182464
179819,비빔당면,Spicy Glass Noodles (비빔당면 / Bibimdangmyeon),10/19/2023,https://english.visitkorea.or.kr/svc/sp/food/ext/special_view.do?menuSn=913&vcontsId=179819
181230,비빔수제비,Spicy Hand-Pulled Dough (비빔수제비 / Bibimsujebi),10/19/2023,https://english.visitkorea.or.kr/svc/sp/food/ext/special_view.do?menuSn=913&vcontsId=181230
180116,김치비빔국수,Spicy Kimchi Noodles (김치비빔국수 / Kimchibibimguksu),10/19/2023,https://english.visitkorea.or.kr/svc/sp/food/ext/special_view.do?menuSn=913&vcontsId=180116
178360,쏘가리 매운탕,Spicy Mandarin Fish Stew (쏘가리 매운탕 / Ssogarimaeuntang),10/19/2023,https://english.visitkorea.or.kr/svc/sp/food/ext/special_view.do?menuSn=913&vcontsId=178360
178735,양념게장,Spicy Marinated Crab (양념게장 / Yangnyeomgejang),10/19/2023,https://english.visitkorea.or.kr/svc/sp/food/ext/special_view.do?menuSn=913&vcontsId=178735
178386,짱뚱어탕,Spicy Mudskipper Stew (짱뚱어탕 / Jjangttungeotang),10/19/2023,https://english.visitkorea.or.kr/svc/sp/food/ext/special_view.do?menuSn=913&vcontsId=178386
178864,장칼국수,Spicy Noodle Soup (장칼국수 / Jangkalguksu),10/19/2023,https://english.visitkorea.or.kr/svc/sp/food/ext/special_view.do?menuSn=913&vcontsId=178864
179709,육개장칼국수,Spicy Noodle Soup With Beef (육개장칼국수 / Yukgaejangkalguksu),10/19/2023,https://english.visitkorea.or.kr/svc/sp/food/ext/special_view.do?menuSn=913&vcontsId=179709
181659,홍게장칼국수,Spicy Noodle Soup With Red Snow Crab (홍게장칼국수 / Honggejangkalguksu),10/19/2023,https://english.visitkorea.or.kr/svc/sp/food/ext/special_view.do?menuSn=913&vcontsId=181659
178849,비빔국수,Spicy Noodles (비빔국수 / Bibimguksu),10/19/2023,https://english.visitkorea.or.kr/svc/sp/food/ext/special_view.do?menuSn=913&vcontsId=178849
181674,열무비빔국수,Spicy Noodles with Young Summer Radish Kimchi (열무비빔국수 / Yeolmubibimkusu),10/19/2023,https://english.visitkorea.or.kr/svc/sp/food/ext/special_view.do?menuSn=913&vcontsId=181674
231447,낙지비빔밥,Spicy Octopus Bibimbap (낙지비빔밥 / Nakjibibimbap),09/11/2025,https://english.visitkorea.or.kr/svc/sp/food/ext/special_view.do?menuSn=913&vcontsId=231447
182230,복매운탕,Spicy Puffer Fish Stew (복매운탕 / Bongmaeuntang),10/19/2023,https://english.visitkorea.or.kr/svc/sp/food/ext/special_view.do?menuSn=913&vcontsId=182230
179534,멸치회무침,Spicy Raw Anchovy Salad (멸치회무침 / Myeolchihoemuchim),10/19/2023,https://english.visitkorea.or.kr/svc/sp/food/ext/special_view.do?menuSn=913&vcontsId=179534
178809,회무침,Spicy Raw Fish Salad (회무침 / Hoemuchim ),10/19/2023,https://english.visitkorea.or.kr/svc/sp/food/ext/special_view.do?menuSn=913&vcontsId=178809
179550,밴댕이회무침,Spicy Raw Scaled Sardine Salad (밴댕이회무침 / Baendaengihoemuchim),10/19/2023,https://english.visitkorea.or.kr/svc/sp/food/ext/special_view.do?menuSn=913&vcontsId=179550
178376,우럭매운탕,Spicy Rockfish Stew (우럭매운탕 / Ureongmaeuntang),10/19/2023,https://english.visitkorea.or.kr/svc/sp/food/ext/special_view.do?menuSn=913&vcontsId=178376
180983,어리굴젓,Spicy Salted Oysters (어리굴젓 / Eoriguljeot),10/19/2023,https://english.visitkorea.or.kr/svc/sp/food/ext/special_view.do?menuSn=913&vcontsId=180983
178632,골뱅이무침,Spicy Sea Snail Salad (골뱅이무침 / Golbaengimuchim),10/19/2023,https://english.visitkorea.or.kr/svc/sp/food/ext/special_view.do?menuSn=913&vcontsId=178632
181654,모리국수,Spicy Seafood Noodle Soup (모리국수 / Moriguksu),10/19/2023,https://english.visitkorea.or.kr/svc/sp/food/ext/special_view.do?menuSn=913&vcontsId=181654
179704,짬뽕,Spicy Seafood Noodle Soup (짬뽕 / Jjamppong),10/19/2023,https://english.visitkorea.or.kr/svc/sp/food/ext/special_view.do?menuSn=913&vcontsId=179704
231485,짬짜면,Spicy Seafood Noodle Soup and Black Bean Sauce Noodles (짬짜면 / Jjamjjamyeon),09/11/2025,https://english.visitkorea.or.kr/svc/sp/food/ext/special_view.do?menuSn=913&vcontsId=231485
231511,굴짬뽕,Spicy Seafood Noodle Soup with Oysters (굴짬뽕 / Guljjamppong),09/11/2025,https://english.visitkorea.or.kr/svc/sp/food/ext/special_view.do?menuSn=913&vcontsId=231511
178421,해물탕,Spicy Seafood Stew (해물탕 / Haemultang),10/19/2023,https://english.visitkorea.or.kr/svc/sp/food/ext/special_view.do?menuSn=913&vcontsId=178421
231481,짬뽕순두부,Spicy Seafood and Soft Bean Curd Jjigae (짬뽕순두부 / Jjamppongsundubu),09/11/2025,https://english.visitkorea.or.kr/svc/sp/food/ext/special_view.do?menuSn=913&vcontsId=231481
180515,삼세기탕(삼숙이탕),Spicy Shaggy Sea Raven Stew (삼세기탕(삼숙이탕) / Samsegitang (Samsugitang)),10/19/2023,https://english.visitkorea.or.kr/svc/sp/food/ext/special_view.do?menuSn=913&vcontsId=180515
179571,오삼불고기,Spicy Squid and Pork Belly Bulgogi (오삼불고기 / Osambulgogi),10/19/2023,https://english.visitkorea.or.kr/svc/sp/food/ext/special_view.do?menuSn=913&vcontsId=179571
178475,닭갈비(철판닭갈비),Spicy Stir-Fried Chicken (닭갈비(철판닭갈비) / Dakgalbi (Cheolpandakgalbi)),10/19/2023,https://english.visitkorea.or.kr/svc/sp/food/ext/special_view.do?menuSn=913&vcontsId=178475
178562,오리주물럭,Spicy Stir-Fried Marinated Duck (오리주물럭 / Orijumulleok),10/19/2023,https://english.visitkorea.or.kr/svc/sp/food/ext/special_view.do?menuSn=913&vcontsId=178562
178656,낙지볶음,Spicy Stir-Fried Octopus (낙지볶음 / Nakjibokkeum),10/19/2023,https://english.visitkorea.or.kr/svc/sp/food/ext/special_view.do?menuSn=913&vcontsId=178656
181749,불족발껍데기,Spicy Stir-Fried Pigs’ Feet (불족발껍데기 / Buljokbalkkeopdegi),10/19/2023,https://english.visitkorea.or.kr/svc/sp/food/ext/special_view.do?menuSn=913&vcontsId=181749
181390,오징어제육볶음,Spicy Stir-Fried Squid and Pork (오징어제육볶음 / Ojingeojeyukbokkeum),10/19/2023,https://english.visitkorea.or.kr/svc/sp/food/ext/special_view.do?menuSn=913&vcontsId=181390
180132,오징어덮밥,Spicy Stir-Fried Squid with Rice (오징어덮밥 / Ojingeodeopbap),10/19/2023,https://english.visitkorea.or.kr/svc/sp/food/ext/special_view.do?menuSn=913&vcontsId=180132
181324,불주꾸미,Spicy Stir-Fried Webfoot Octopus (불주꾸미 / Buljukkumi ),10/19/2023,https://english.visitkorea.or.kr/svc/sp/food/ext/special_view.do?menuSn=913&vcontsId=181324
231490,치즈닭갈비,Spicy Stir-fried Chicken with Cheese (치즈닭갈비 / CheeseDakgalbi),09/11/2025,https://english.visitkorea.or.kr/svc/sp/food/ext/special_view.do?menuSn=913&vcontsId=231490
231689,낙지덮밥,Spicy Stir-fried Octopus with Rice (낙지덮밥 / Nakjideopbap),09/11/2025,https://english.visitkorea.or.kr/svc/sp/food/ext/special_view.do?menuSn=913&vcontsId=231689
231423,제육볶음,Spicy Stir-fried Pork (제육볶음 / Jeyukbokkeum),09/11/2025,https://english.visitkorea.or.kr/svc/sp/food/ext/special_view.do?menuSn=913&vcontsId=231423
231685,제육덮밥,Spicy Stir-fried Pork with Rice (제육덮밥 / Jeyukdeopbap),09/11/2025,https://english.visitkorea.or.kr/svc/sp/food/ext/special_view.do?menuSn=913&vcontsId=231685
231455,볶음짬뽕,Spicy Stir-fried Seafood Noodles (볶음짬뽕 / Bokkeumjjamppong),09/11/2025,https://english.visitkorea.or.kr/svc/sp/food/ext/special_view.do?menuSn=913&vcontsId=231455
231549,비빔밀면,Spicy Wheat Noodles (비빔밀면 / Bibimmilmyeon),09/11/2025,https://english.visitkorea.or.kr/svc/sp/food/ext/special_view.do?menuSn=913&vcontsId=231549
179214,조기매운탕,Spicy Yellow Croaker Stew (조기매운탕 / Jogimaeuntang),10/19/2023,https://english.visitkorea.or.kr/svc/sp/food/ext/special_view.do?menuSn=913&vcontsId=179214
182344,조기탕,Spicy Yellow Croaker Stew (조기탕 / Jogitang),10/19/2023,https://english.visitkorea.or.kr/svc/sp/food/ext/special_view.do?menuSn=913&vcontsId=182344
180127,봄동무침,Spring Cabbage Salad (봄동무침 / Bomdongmuchim),10/19/2023,https://english.visitkorea.or.kr/svc/sp/food/ext/special_view.do?menuSn=913&vcontsId=180127
231442,새싹비빔밥,Sprout Bibimbap (새싹비빔밥 / Saessakbibimbap),09/11/2025,https://english.visitkorea.or.kr/svc/sp/food/ext/special_view.do?menuSn=913&vcontsId=231442
179591,오징어불고기,Squid Bulgogi (오징어불고기 / Ojingeobulgogi),10/19/2023,https://english.visitkorea.or.kr/svc/sp/food/ext/special_view.do?menuSn=913&vcontsId=179591
182074,오징어무국,Squid and Radish Soup (오징어무국 / Ojingeomuguk),10/19/2023,https://english.visitkorea.or.kr/svc/sp/food/ext/special_view.do?menuSn=913&vcontsId=182074
179669,전복찜,Steamed Abalone (전복찜 / Jeonbokjjim),10/19/2023,https://english.visitkorea.or.kr/svc/sp/food/ext/special_view.do?menuSn=913&vcontsId=179669
179924,죽순찜,Steamed Bamboo Shoots with Minced Chicken (죽순찜 / Juksunjjim),10/19/2023,https://english.visitkorea.or.kr/svc/sp/food/ext/special_view.do?menuSn=913&vcontsId=179924
179041,보리밥정식,Steamed Barley Rice Set Menu (보리밥정식 / Boribapjeongsik),10/19/2023,https://english.visitkorea.or.kr/svc/sp/food/ext/special_view.do?menuSn=913&vcontsId=179041
180157,두부선,Steamed Bean Curd and Chicken Mash with Vegetables (두부선 / Dubuseon),10/19/2023,https://english.visitkorea.or.kr/svc/sp/food/ext/special_view.do?menuSn=913&vcontsId=180157
179427,우설찜,Steamed Beef Tongue (우설찜 / Useoljjim),10/19/2023,https://english.visitkorea.or.kr/svc/sp/food/ext/special_view.do?menuSn=913&vcontsId=179427
180784,찐빵,Steamed Bun with Red Bean Filling (찐빵 / Jjinppang),10/19/2023,https://english.visitkorea.or.kr/svc/sp/food/ext/special_view.do?menuSn=913&vcontsId=180784
182370,배추소고기찜,Steamed Cabbage and Beef (배추소고기찜 / Baechusogogijjim),10/19/2023,https://english.visitkorea.or.kr/svc/sp/food/ext/special_view.do?menuSn=913&vcontsId=182370
178784,조개찜,Steamed Clams (조개찜 / Jogaejjim),10/19/2023,https://english.visitkorea.or.kr/svc/sp/food/ext/special_view.do?menuSn=913&vcontsId=178784
179544,꼬막찜,Steamed Cockles (꼬막찜 / Kkomakjjim),10/19/2023,https://english.visitkorea.or.kr/svc/sp/food/ext/special_view.do?menuSn=913&vcontsId=179544
182129,민어건정찜(건정민어찜),Steamed Dried Croaker (민어건정찜(건정민어찜) / Mineogeonjeongjjim (Geonjeongmineojjim)),10/19/2023,https://english.visitkorea.or.kr/svc/sp/food/ext/special_view.do?menuSn=913&vcontsId=182129
178916,계란찜,Steamed Eggs (계란찜 / Gyeranjjim),10/19/2023,https://english.visitkorea.or.kr/svc/sp/food/ext/special_view.do?menuSn=913&vcontsId=178916
181088,명란달걀찜,Steamed Eggs with Salted Pollack Roe (명란달걀찜 / Myeongnangdalgyaljjim),10/19/2023,https://english.visitkorea.or.kr/svc/sp/food/ext/special_view.do?menuSn=913&vcontsId=181088
180131,오곡밥,Steamed Five-Grain Rice (오곡밥 / Ogokbap),10/19/2023,https://english.visitkorea.or.kr/svc/sp/food/ext/special_view.do?menuSn=913&vcontsId=180131
180191,감설기,Steamed Persimmon Rice Cake (감설기 / Gamseolgi),10/19/2023,https://english.visitkorea.or.kr/svc/sp/food/ext/special_view.do?menuSn=913&vcontsId=180191
179809,송이찜,Steamed Pine Mushrooms with Minced Beef (송이찜 / Songijjim),10/19/2023,https://english.visitkorea.or.kr/svc/sp/food/ext/special_view.do?menuSn=913&vcontsId=179809
178695,병어찜,Steamed Pomfret (병어찜 / Byeongeojjim),10/19/2023,https://english.visitkorea.or.kr/svc/sp/food/ext/special_view.do?menuSn=913&vcontsId=178695
179343,돔베고기,Steamed Pork Slices (돔베고기 / Dombegogi),10/19/2023,https://english.visitkorea.or.kr/svc/sp/food/ext/special_view.do?menuSn=913&vcontsId=179343
179626,대하찜,Steamed Prawns (대하찜 / Daehajjim),10/19/2023,https://english.visitkorea.or.kr/svc/sp/food/ext/special_view.do?menuSn=913&vcontsId=179626
182114,호박오리,Steamed Pumpkin with Duck and Vegetables (호박오리 / Hobagori),10/19/2023,https://english.visitkorea.or.kr/svc/sp/food/ext/special_view.do?menuSn=913&vcontsId=182114
181093,가오리찜,Steamed Ray (가오리찜 / Gaorijjim),10/19/2023,https://english.visitkorea.or.kr/svc/sp/food/ext/special_view.do?menuSn=913&vcontsId=181093
179631,홍게찜,Steamed Red Snow Crab (홍게찜 / Honggejjim),10/19/2023,https://english.visitkorea.or.kr/svc/sp/food/ext/special_view.do?menuSn=913&vcontsId=179631
179944,시루떡,Steamed Rice Cake (시루떡 / Sirutteok),10/19/2023,https://english.visitkorea.or.kr/svc/sp/food/ext/special_view.do?menuSn=913&vcontsId=179944
178030,대통밥,Steamed Rice in Bamboo Tube (대통밥 / Daetongbap),10/19/2023,https://english.visitkorea.or.kr/svc/sp/food/ext/special_view.do?menuSn=913&vcontsId=178030
179485,도미찜,Steamed Sea Bream (도미찜 / Domijjim),10/19/2023,https://english.visitkorea.or.kr/svc/sp/food/ext/special_view.do?menuSn=913&vcontsId=179485
179490,홍어찜,Steamed Skate (홍어찜 / Hongeojjim),10/19/2023,https://english.visitkorea.or.kr/svc/sp/food/ext/special_view.do?menuSn=913&vcontsId=179490
178666,대게찜,Steamed Snow Crab (대게찜 / Daegejjim),10/19/2023,https://english.visitkorea.or.kr/svc/sp/food/ext/special_view.do?menuSn=913&vcontsId=178666
181480,가지선,Steamed Stuffed Eggplant (가지선 / Gajiseon),10/19/2023,https://english.visitkorea.or.kr/svc/sp/food/ext/special_view.do?menuSn=913&vcontsId=181480
180779,호박고지 찰시루떡,Steamed Sweet Rice Cake with Dried Pumpkin (호박고지 찰시루떡 / Hobakgojichalsirutteok ),10/19/2023,https://english.visitkorea.or.kr/svc/sp/food/ext/special_view.do?menuSn=913&vcontsId=180779
182354,야채찐빵,Steamed Vegetable Bun (야채찐빵 / Yachaejjinppang),10/19/2023,https://english.visitkorea.or.kr/svc/sp/food/ext/special_view.do?menuSn=913&vcontsId=182354
182144,조기찜,Steamed Yellow Croaker (조기찜 / Jogijjim),10/19/2023,https://english.visitkorea.or.kr/svc/sp/food/ext/special_view.do?menuSn=913&vcontsId=182144
180197,찰보리빵,Sticky Barley Buns (찰보리빵 / Chalborippang),10/19/2023,https://english.visitkorea.or.kr/svc/sp/food/ext/special_view.do?menuSn=913&vcontsId=180197
181827,두부두루치기,Stir-Fried Bean Curd (두부두루치기 / Dubuduruchigi),10/19/2023,https://english.visitkorea.or.kr/svc/sp/food/ext/special_view.do?menuSn=913&vcontsId=181827
181955,차돌박이숙주볶음,Stir-Fried Beef Brisket and Mung Bean Sprouts (차돌박이숙주볶음 / Chadolbagisukjubokkeum),10/19/2023,https://english.visitkorea.or.kr/svc/sp/food/ext/special_view.do?menuSn=913&vcontsId=181955
181376,갈비찜덮밥,Stir-Fried Braised Galbi with Rice (갈비찜덮밥 / Galbijjimdeopbap),10/19/2023,https://english.visitkorea.or.kr/svc/sp/food/ext/special_view.do?menuSn=913&vcontsId=181376
181475,양송이덮밥(양송이버섯덮밥),Stir-Fried Button Mushrooms with Rice (양송이덮밥(양송이버섯덮밥) / Yangsongideopbap (Yangsongibeoseotdeopbap)),10/19/2023,https://english.visitkorea.or.kr/svc/sp/food/ext/special_view.do?menuSn=913&vcontsId=181475
178480,닭모래집볶음,Stir-Fried Chicken Gizzard (닭모래집볶음 / Dangmoraejipbokkeum),10/19/2023,https://english.visitkorea.or.kr/svc/sp/food/ext/special_view.do?menuSn=913&vcontsId=178480
181335,닭내장볶음,Stir-Fried Chicken Offal (닭내장볶음 / Dangnaejangbokkeum),10/19/2023,https://english.visitkorea.or.kr/svc/sp/food/ext/special_view.do?menuSn=913&vcontsId=181335
181385,건바지락볶음,Stir-Fried Dried Clams (건바지락볶음 / Geonbajirakbokkeum),10/19/2023,https://english.visitkorea.or.kr/svc/sp/food/ext/special_view.do?menuSn=913&vcontsId=181385
182390,보리새우볶음,Stir-Fried Dried Kuruma Shrimp (보리새우볶음 / Borisaeubokkeum),10/19/2023,https://english.visitkorea.or.kr/svc/sp/food/ext/special_view.do?menuSn=913&vcontsId=182390
178465,낙곱새,"Stir-Fried Octopus, Beef Small Intestines and Shrimp (낙곱새 / Nakgopsae)",10/19/2023,https://english.visitkorea.or.kr/svc/sp/food/ext/special_view.do?menuSn=913&vcontsId=178465
181965,오이갑장과,Stir-Fried Pickled Cucumber and Beef (오이갑장과 / Oigapjanggwa),10/19/2023,https://english.visitkorea.or.kr/svc/sp/food/ext/special_view.do?menuSn=913&vcontsId=181965
178506,두루치기,Stir-Fried Pork (두루치기 / Duruchigi),10/19/2023,https://english.visitkorea.or.kr/svc/sp/food/ext/special_view.do?menuSn=913&vcontsId=178506
179333,오도독뼈볶음,Stir-Fried Pork Cartilage (오도독뼈볶음 / Ododokppyeobokkeum),10/19/2023,https://english.visitkorea.or.kr/svc/sp/food/ext/special_view.do?menuSn=913&vcontsId=179333
179328,돼지곱창볶음,Stir-Fried Pork Small Intestine (돼지곱창볶음 / Dwaejigopchangbokkeum),10/19/2023,https://english.visitkorea.or.kr/svc/sp/food/ext/special_view.do?menuSn=913&vcontsId=179328
182245,태평추(돼지묵전골),Stir-Fried Pork with Acorn Jelly (태평추(돼지묵전골) / Taepyeongchu (Dwaejimukjeongol)),10/19/2023,https://english.visitkorea.or.kr/svc/sp/food/ext/special_view.do?menuSn=913&vcontsId=182245
179509,복어불고기,Stir-Fried Puffer Fish (복어불고기 / Bogeobulgogi),10/19/2023,https://english.visitkorea.or.kr/svc/sp/food/ext/special_view.do?menuSn=913&vcontsId=179509
181052,꽈리고추멸치볶음,Stir-Fried Shishito Peppers and Dried Anchovies (꽈리고추멸치볶음 / Kkwarigochumyeolchibokkeum),10/19/2023,https://english.visitkorea.or.kr/svc/sp/food/ext/special_view.do?menuSn=913&vcontsId=181052
179995,기름떡볶이,Stir-Fried Tteokbokki (기름떡볶이 / Gireumtteokbokki),10/19/2023,https://english.visitkorea.or.kr/svc/sp/food/ext/special_view.do?menuSn=913&vcontsId=179995
181970,백순대 볶음,Stir-Fried White Sundae (백순대 볶음 / Baeksundaebokkeum),10/19/2023,https://english.visitkorea.or.kr/svc/sp/food/ext/special_view.do?menuSn=913&vcontsId=181970
181330,눈썹나물,Stir-Fried Zucchini (눈썹나물 / Nunsseomnamul),10/19/2023,https://english.visitkorea.or.kr/svc/sp/food/ext/special_view.do?menuSn=913&vcontsId=181330
231672,장어덮밥,Stir-fried Eel with Rice (장어덮밥 / Jangeodeopbap),09/11/2025,https://english.visitkorea.or.kr/svc/sp/food/ext/special_view.do?menuSn=913&vcontsId=231672
231494,라볶이,Stir-fried Instant Noodles (라볶이 / Rabokki),09/11/2025,https://english.visitkorea.or.kr/svc/sp/food/ext/special_view.do?menuSn=913&vcontsId=231494
231629,부대볶음,Stir-fried Sausages (부대볶음 / Budaebokkeum),09/11/2025,https://english.visitkorea.or.kr/svc/sp/food/ext/special_view.do?menuSn=913&vcontsId=231629
182029,맥반석 오징어구이,Stone-Grilled Dried Squid (맥반석 오징어구이 / Maekbanseogojingeogui),10/19/2023,https://english.visitkorea.or.kr/svc/sp/food/ext/special_view.do?menuSn=913&vcontsId=182029
179353,석갈비,Stone-Grilled Galbi (석갈비 / Seokgalbi),10/19/2023,https://english.visitkorea.or.kr/svc/sp/food/ext/special_view.do?menuSn=913&vcontsId=179353
180115,짚불구이 삼겹살,Straw-Grilled Pork Belly (짚불구이 삼겹살 / Jipbulguisamgyeopsal),10/19/2023,https://english.visitkorea.or.kr/svc/sp/food/ext/special_view.do?menuSn=913&vcontsId=180115
178750,오징어순대,Stuffed Squid (오징어순대 / Ojingeosundae),10/19/2023,https://english.visitkorea.or.kr/svc/sp/food/ext/special_view.do?menuSn=913&vcontsId=178750
178989,순대,Sundae (순대 / Sundae),10/19/2023,https://english.visitkorea.or.kr/svc/sp/food/ext/special_view.do?menuSn=913&vcontsId=178989
231609,순대전골,Sundae Hot Pot (순대전골 / Sundaejeongol),09/11/2025,https://english.visitkorea.or.kr/svc/sp/food/ext/special_view.do?menuSn=913&vcontsId=231609
178196,순대국밥,Sundae and Rice Soup (순대국밥 / Sundaegukbap),10/19/2023,https://english.visitkorea.or.kr/svc/sp/food/ext/special_view.do?menuSn=913&vcontsId=178196
179849,피순대,Sundae with Pork Blood (피순대 / Pisundae),10/19/2023,https://english.visitkorea.or.kr/svc/sp/food/ext/special_view.do?menuSn=913&vcontsId=179849
180194,수리취떡,Surichwi Rice Cake (수리취떡 / Surichwitteok),10/19/2023,https://english.visitkorea.or.kr/svc/sp/food/ext/special_view.do?menuSn=913&vcontsId=180194
180774,콩엿 강정,Sweet Malted Soybean Puffs (콩엿 강정 / Kongnyeotgangjeong),10/19/2023,https://english.visitkorea.or.kr/svc/sp/food/ext/special_view.do?menuSn=913&vcontsId=180774
180820,녹두찰편,Sweet Mung Bean Rice Cake (녹두찰편 / Nokduchalpyeon),10/19/2023,https://english.visitkorea.or.kr/svc/sp/food/ext/special_view.do?menuSn=913&vcontsId=180820
181247,고구마라떼,Sweet Potato Latte (고구마라떼 / Goguma Latte),10/19/2023,https://english.visitkorea.or.kr/svc/sp/food/ext/special_view.do?menuSn=913&vcontsId=181247
180878,팥양갱,Sweet Red Bean Jelly (팥양갱 / Pannyanggaeng),10/19/2023,https://english.visitkorea.or.kr/svc/sp/food/ext/special_view.do?menuSn=913&vcontsId=180878
180147,원소병,Sweet Rice Balls in Honey Water (원소병 / Wonsobyeong),10/19/2023,https://english.visitkorea.or.kr/svc/sp/food/ext/special_view.do?menuSn=913&vcontsId=180147
181007,"쇠머리찰떡(모두배기, 모듬백)","Sweet Rice Cake with Assorted Ingredients (쇠머리찰떡(모두배기, 모듬백) / Soemeorichaltteok (Modubaegi, Modeumbaek))",10/19/2023,https://english.visitkorea.or.kr/svc/sp/food/ext/special_view.do?menuSn=913&vcontsId=181007
182277,호박고지찰편,Sweet Rice Cake with Dried Pumpkin and Black Soybean (호박고지찰편 / Hobakgojichalpyeon),10/19/2023,https://english.visitkorea.or.kr/svc/sp/food/ext/special_view.do?menuSn=913&vcontsId=182277
179954,두텁떡,Sweet Rice Cake with Filling (두텁떡 / Duteoptteok),10/19/2023,https://english.visitkorea.or.kr/svc/sp/food/ext/special_view.do?menuSn=913&vcontsId=179954
231667,찹쌀떡,Sweet Rice Cake with Red Bean Filling (찹쌀떡 / Chapssaltteok),09/11/2025,https://english.visitkorea.or.kr/svc/sp/food/ext/special_view.do?menuSn=913&vcontsId=231667
231515,호박식혜,Sweet Rice Drink with Pumpkin (호박식혜 / Hobaksikhye),09/11/2025,https://english.visitkorea.or.kr/svc/sp/food/ext/special_view.do?menuSn=913&vcontsId=231515
182395,"쌀강정, 보리강정","Sweet Rice Puffs and Sweet Barley Puffs (쌀강정, 보리강정 / Ssalgangjeong, Borigangjeong)",10/19/2023,https://english.visitkorea.or.kr/svc/sp/food/ext/special_view.do?menuSn=913&vcontsId=182395
180000,식혜,Sweet Rice Punch (식혜 / Sikhye),10/19/2023,https://english.visitkorea.or.kr/svc/sp/food/ext/special_view.do?menuSn=913&vcontsId=180000
180200,약밥(약식),Sweet Rice with Nuts and Jujubes (약밥(약식) / Yakbap (Yaksik)),10/19/2023,https://english.visitkorea.or.kr/svc/sp/food/ext/special_view.do?menuSn=913&vcontsId=180200
180929,밥강정,Sweet Steamed Rice Puffs (밥강정 / Bapgangjeong),10/19/2023,https://english.visitkorea.or.kr/svc/sp/food/ext/special_view.do?menuSn=913&vcontsId=180929
181057,곰피초무침,Sweet and Sour Gompi Seaweed Salad (곰피초무침 / Gompichomuchim),10/19/2023,https://english.visitkorea.or.kr/svc/sp/food/ext/special_view.do?menuSn=913&vcontsId=181057
181450,낙지초무침,Sweet and Sour Octopus Salad (낙지초무침 / Nakjichomuchim),10/19/2023,https://english.visitkorea.or.kr/svc/sp/food/ext/special_view.do?menuSn=913&vcontsId=181450
231663,오징어초무침,Sweet and Sour Squid Salad (오징어초무침 / Ojingeochomuchim),09/11/2025,https://english.visitkorea.or.kr/svc/sp/food/ext/special_view.do?menuSn=913&vcontsId=231663
179576,주꾸미초무침,Sweet and Sour Webfoot Octopus Salad (주꾸미초무침 / Jukkumichomuchim),10/19/2023,https://english.visitkorea.or.kr/svc/sp/food/ext/special_view.do?menuSn=913&vcontsId=179576
179159,토란국,Taro Soup (토란국 / Toranguk),10/19/2023,https://english.visitkorea.or.kr/svc/sp/food/ext/special_view.do?menuSn=913&vcontsId=179159
182359,토란갈비탕,Taro and Galbi Soup (토란갈비탕 / Torangalbitang),10/19/2023,https://english.visitkorea.or.kr/svc/sp/food/ext/special_view.do?menuSn=913&vcontsId=182359
182240,토란들깨국,Taro and Perilla Seed Soup (토란들깨국 / Torandeulkkaeguk),10/19/2023,https://english.visitkorea.or.kr/svc/sp/food/ext/special_view.do?menuSn=913&vcontsId=182240
181649,사찰국수(들깨국수),Temple Noodles(사찰국수(들깨국수) / Sachalguksu (Deulkkaeguksu)),10/19/2023,https://english.visitkorea.or.kr/svc/sp/food/ext/special_view.do?menuSn=913&vcontsId=181649
231600,간짜장,Thick Black Bean Sauce Noodles (간짜장 / Ganjjajang),09/11/2025,https://english.visitkorea.or.kr/svc/sp/food/ext/special_view.do?menuSn=913&vcontsId=231600
181279,굴림만두,Thin Skin Mandu (굴림만두 / Gullmmandu),10/19/2023,https://english.visitkorea.or.kr/svc/sp/food/ext/special_view.do?menuSn=913&vcontsId=181279
179404,안창살,Thin Skirt (안창살 / Anchangsal),10/19/2023,https://english.visitkorea.or.kr/svc/sp/food/ext/special_view.do?menuSn=913&vcontsId=179404
178009,곤드레나물밥,Thistle Rice (곤드레나물밥 / Gondeurenamulbap),10/19/2023,https://english.visitkorea.or.kr/svc/sp/food/ext/special_view.do?menuSn=913&vcontsId=178009
182054,회오리감자,Tornado Potato (회오리감자 / Hoeorigamja),10/19/2023,https://english.visitkorea.or.kr/svc/sp/food/ext/special_view.do?menuSn=913&vcontsId=182054
181047,과편,Traditional Korean Fruit Jelly (과편 / Gwapyeon),10/19/2023,https://english.visitkorea.or.kr/svc/sp/food/ext/special_view.do?menuSn=913&vcontsId=181047
182024,한과,Traditional Korean Sweets (한과 / Hangwa),10/19/2023,https://english.visitkorea.or.kr/svc/sp/food/ext/special_view.do?menuSn=913&vcontsId=182024
178955,떡볶이,Tteokbokki (떡볶이 / Tteokbokki),10/19/2023,https://english.visitkorea.or.kr/svc/sp/food/ext/special_view.do?menuSn=913&vcontsId=178955
179984,즉석떡볶이,Tteokbokki(cooked on the table) (즉석떡볶이 / Jeukseoktteokbokki),10/19/2023,https://english.visitkorea.or.kr/svc/sp/food/ext/special_view.do?menuSn=913&vcontsId=179984
181365,참치김밥,Tuna Gimbap (참치김밥 / Chamchigimbap),10/19/2023,https://english.visitkorea.or.kr/svc/sp/food/ext/special_view.do?menuSn=913&vcontsId=181365
181470,야채죽,Vegetable Porridge (야채죽 / Yachaejuk),10/19/2023,https://english.visitkorea.or.kr/svc/sp/food/ext/special_view.do?menuSn=913&vcontsId=181470
182019,호두과자,Walnut Cakes (호두과자 / Hodugwaja),10/19/2023,https://english.visitkorea.or.kr/svc/sp/food/ext/special_view.do?menuSn=913&vcontsId=182019
180170,완탕,Wantan (완탕 / Wantang),10/19/2023,https://english.visitkorea.or.kr/svc/sp/food/ext/special_view.do?menuSn=913&vcontsId=180170
179909,나박김치,Water Kimchi (나박김치 / Nabakkimchi),10/19/2023,https://english.visitkorea.or.kr/svc/sp/food/ext/special_view.do?menuSn=913&vcontsId=179909
231587,물김치,Water Kimchi (물김치 / Mulkimchi),09/11/2025,https://english.visitkorea.or.kr/svc/sp/food/ext/special_view.do?menuSn=913&vcontsId=231587
181276,미나리전,Water Parsley Pancake (미나리전 / Minarijeon),10/19/2023,https://english.visitkorea.or.kr/svc/sp/food/ext/special_view.do?menuSn=913&vcontsId=181276
179794,미나리해물전,Water Parsley and Seafood Pancake (미나리해물전 / Minarihaemuljeon),10/19/2023,https://english.visitkorea.or.kr/svc/sp/food/ext/special_view.do?menuSn=913&vcontsId=179794
231459,수박화채,Watermelon Punch (수박화채 / Subakhwachae),09/11/2025,https://english.visitkorea.or.kr/svc/sp/food/ext/special_view.do?menuSn=913&vcontsId=231459
182268,주꾸미전골,Webfoot Octopus Hot Pot (주꾸미전골 / Jukkumijeongol),10/19/2023,https://english.visitkorea.or.kr/svc/sp/food/ext/special_view.do?menuSn=913&vcontsId=182268
181935,백화반,White Bibimbap (백화반 / Baekhwaban),10/19/2023,https://english.visitkorea.or.kr/svc/sp/food/ext/special_view.do?menuSn=913&vcontsId=181935
179874,백김치,White Kimchi (백김치 / Baekkimchi),10/19/2023,https://english.visitkorea.or.kr/svc/sp/food/ext/special_view.do?menuSn=913&vcontsId=179874
181485,통도라지생채,Whole Bellflower Root Fresh Salad (통도라지생채 / Tongdorajisaengchae),10/19/2023,https://english.visitkorea.or.kr/svc/sp/food/ext/special_view.do?menuSn=913&vcontsId=181485
178531,백숙,Whole Chicken Soup (백숙 / Baeksuk),10/19/2023,https://english.visitkorea.or.kr/svc/sp/food/ext/special_view.do?menuSn=913&vcontsId=178531
180557,한방누룽지백숙,Whole Chicken Soup With Medicinal Herbs And Scorched Rice (한방누룽지백숙 / Hanbangnurungjibaeksuk),10/19/2023,https://english.visitkorea.or.kr/svc/sp/food/ext/special_view.do?menuSn=913&vcontsId=180557
180576,연잎한방닭백숙,Whole Chicken Soup with Lotus Leaves and Medicinal Herbs (연잎한방닭백숙 / Yeonniphanbangdakbaeksuk),10/19/2023,https://english.visitkorea.or.kr/svc/sp/food/ext/special_view.do?menuSn=913&vcontsId=180576
179275,닭한마리,Whole Chicken Stew (닭한마리 / Dakhanmari),10/19/2023,https://english.visitkorea.or.kr/svc/sp/food/ext/special_view.do?menuSn=913&vcontsId=179275
179458,오리백숙,Whole Duck Soup (오리백숙 / Oribaeksuk),10/19/2023,https://english.visitkorea.or.kr/svc/sp/food/ext/special_view.do?menuSn=913&vcontsId=179458
179462,능이버섯오리백숙,Whole Duck Soup with Shingled Hedgehog (능이버섯오리백숙 / Neungibeoseodoribaeksuk),10/19/2023,https://english.visitkorea.or.kr/svc/sp/food/ext/special_view.do?menuSn=913&vcontsId=179462
180551,옻오리백숙,Whole Duck Soup with Sumac (옻오리백숙 / Odoribaeksuk),10/19/2023,https://english.visitkorea.or.kr/svc/sp/food/ext/special_view.do?menuSn=913&vcontsId=180551
180181,가마솥통닭,Whole Fried Chicken in Cast-Iron Pot (가마솥통닭 / Gamasottongdak),10/19/2023,https://english.visitkorea.or.kr/svc/sp/food/ext/special_view.do?menuSn=913&vcontsId=180181
182349,쟁반통닭,Whole Fried Chicken on Platter (쟁반통닭 / Jaengbantongdak),10/19/2023,https://english.visitkorea.or.kr/svc/sp/food/ext/special_view.do?menuSn=913&vcontsId=182349
182257,향어백숙,Whole Leather Carp Soup (향어백숙 / Hyangeobaeksuk),10/19/2023,https://english.visitkorea.or.kr/svc/sp/food/ext/special_view.do?menuSn=913&vcontsId=182257
181700,총각김치,Whole Radish Kimchi (총각김치 / Chonggakkimchi),10/19/2023,https://english.visitkorea.or.kr/svc/sp/food/ext/special_view.do?menuSn=913&vcontsId=181700
180586,오골계백숙,Whole Silkie Chicken Soup (오골계백숙 / Ogolgyebaeksuk),10/19/2023,https://english.visitkorea.or.kr/svc/sp/food/ext/special_view.do?menuSn=913&vcontsId=180586
179062,산채비빔밥,Wild Vegetable Bibimbap (산채비빔밥 / Sanchaebibimbap),10/19/2023,https://english.visitkorea.or.kr/svc/sp/food/ext/special_view.do?menuSn=913&vcontsId=179062
182104,구기자차,Wolfberry Tea (구기자차 / Gugijacha),10/19/2023,https://english.visitkorea.or.kr/svc/sp/food/ext/special_view.do?menuSn=913&vcontsId=182104
182439,마밥,Yam Rice (마밥 / Mabap),10/19/2023,https://english.visitkorea.or.kr/svc/sp/food/ext/special_view.do?menuSn=913&vcontsId=182439
181440,노각생채,Yellow Cucumber Fresh Salad (노각생채 / Nogaksaengchae),10/19/2023,https://english.visitkorea.or.kr/svc/sp/food/ext/special_view.do?menuSn=913&vcontsId=181440
181519,황포묵,Yellow Mung Bean Jelly (황포묵 / Hwangpomuk),10/19/2023,https://english.visitkorea.or.kr/svc/sp/food/ext/special_view.do?menuSn=913&vcontsId=181519
180204,여주산병,Yeojusanbyeong (여주산병 / Yeojusanbyeong),10/19/2023,https://english.visitkorea.or.kr/svc/sp/food/ext/special_view.do?menuSn=913&vcontsId=180204
178093,영광굴비정식,Yeonggwang Dried Yellow Croaker Set Menu (영광굴비정식 / Yeonggwanggulbijeongsik),10/19/2023,https://english.visitkorea.or.kr/svc/sp/food/ext/special_view.do?menuSn=913&vcontsId=178093
181098,용궁순대,Yonggung Sundae (용궁순대 / Yonggungsundae),10/19/2023,https://english.visitkorea.or.kr/svc/sp/food/ext/special_view.do?menuSn=913&vcontsId=181098
180130,열무 비빔밥,Young Summer Radish Bibimbap (열무 비빔밥 / Yeolmubibimbap),10/19/2023,https://english.visitkorea.or.kr/svc/sp/food/ext/special_view.do?menuSn=913&vcontsId=180130
179889,열무김치,Young Summer Radish Kimchi (열무김치 / Yeolmukimchi),10/19/2023,https://english.visitkorea.or.kr/svc/sp/food/ext/special_view.do?menuSn=913&vcontsId=179889
178087,열무된장비빔밥,Young Summer Radish Kimchi Bibimbap with Seasoned Soybean Paste (열무된장비빔밥 / Yeolmudoenjangbibimbap),10/19/2023,https://english.visitkorea.or.kr/svc/sp/food/ext/special_view.do?menuSn=913&vcontsId=178087
181042,호박편수(호박만두),Zucchini Mandu (호박편수(호박만두) / Hobakpyeonsu (Hobangmandu)),10/19/2023,https://english.visitkorea.or.kr/svc/sp/food/ext/special_view.do?menuSn=913&vcontsId=181042
181926,애호박국밥(애호박고추장찌개),Zucchini and Rice Soup (Zucchini Red Chili Paste Jjigae)  (애호박국밥(애호박고추장찌개) / Aehobakgukbap (Aehobakgochujangjjigae)),10/19/2023,https://english.visitkorea.or.kr/svc/sp/food/ext/special_view.do?menuSn=913&vcontsId=181926
181073,애호박새우젓찌개,Zucchini and Salted Shrimp Jjigae (애호박새우젓찌개 / Aehobaksaeujeotjjigae),10/19/2023,https://english.visitkorea.or.kr/svc/sp/food/ext/special_view.do?menuSn=913&vcontsId=181073
