recipeId,name,sourceUrl,indexPage,indexSha256,checkedAt,parserVersion
RDA-90562,두부선,https://www.nics.go.kr/food/kfi/tfSrch08/view?menuId=PS03520&tfcode=90562,1,82ae06743d3c5b71ab686e107bccc0919ee14d2d6a7b291fa9ad0808ab629ddb,2026-10-04,public-recipe-v1
RDA-92629,두부전골,https://www.nics.go.kr/food/kfi/tfSrch08/view?menuId=PS03520&tfcode=92629,1,82ae06743d3c5b71ab686e107bccc0919ee14d2d6a7b291fa9ad0808ab629ddb,2026-10-04,public-recipe-v1
RDA-92634,오이선,https://www.nics.go.kr/food/kfi/tfSrch08/view?menuId=PS03520&tfcode=92634,1,82ae06743d3c5b71ab686e107bccc0919ee14d2d6a7b291fa9ad0808ab629ddb,2026-10-04,public-recipe-v1
RDA-92089,다슬기수제비(대사리수제비),https://www.nics.go.kr/food/kfi/tfSrch08/view?menuId=PS03520&tfcode=92089,1,82ae06743d3c5b71ab686e107bccc0919ee14d2d6a7b291fa9ad0808ab629ddb,2026-10-04,public-recipe-v1
RDA-91335,버섯밥,https://www.nics.go.kr/food/kfi/tfSrch08/view?menuId=PS03520&tfcode=91335,1,82ae06743d3c5b71ab686e107bccc0919ee14d2d6a7b291fa9ad0808ab629ddb,2026-10-04,public-recipe-v1
RDA-92339,비빔밥 [방법1],https://www.nics.go.kr/food/kfi/tfSrch08/view?menuId=PS03520&tfcode=92339,1,82ae06743d3c5b71ab686e107bccc0919ee14d2d6a7b291fa9ad0808ab629ddb,2026-10-04,public-recipe-v1
RDA-92354,열무김치,https://www.nics.go.kr/food/kfi/tfSrch08/view?menuId=PS03520&tfcode=92354,1,82ae06743d3c5b71ab686e107bccc0919ee14d2d6a7b291fa9ad0808ab629ddb,2026-10-04,public-recipe-v1
RDA-90953,주왕산산채비빔밥,https://www.nics.go.kr/food/kfi/tfSrch08/view?menuId=PS03520&tfcode=90953,1,82ae06743d3c5b71ab686e107bccc0919ee14d2d6a7b291fa9ad0808ab629ddb,2026-10-04,public-recipe-v1
RDA-89837,호박묵,https://www.nics.go.kr/food/kfi/tfSrch08/view?menuId=PS03520&tfcode=89837,1,82ae06743d3c5b71ab686e107bccc0919ee14d2d6a7b291fa9ad0808ab629ddb,2026-10-04,public-recipe-v1
RDA-91580,가오리찜,https://www.nics.go.kr/food/kfi/tfSrch08/view?menuId=PS03520&tfcode=91580,1,82ae06743d3c5b71ab686e107bccc0919ee14d2d6a7b291fa9ad0808ab629ddb,2026-10-04,public-recipe-v1
RDA-92646,가지나물,https://www.nics.go.kr/food/kfi/tfSrch08/view?menuId=PS03520&tfcode=92646,1,82ae06743d3c5b71ab686e107bccc0919ee14d2d6a7b291fa9ad0808ab629ddb,2026-10-04,public-recipe-v1
RDA-92473,가지전,https://www.nics.go.kr/food/kfi/tfSrch08/view?menuId=PS03520&tfcode=92473,1,82ae06743d3c5b71ab686e107bccc0919ee14d2d6a7b291fa9ad0808ab629ddb,2026-10-04,public-recipe-v1
RDA-91512,갈치구이,https://www.nics.go.kr/food/kfi/tfSrch08/view?menuId=PS03520&tfcode=91512,1,82ae06743d3c5b71ab686e107bccc0919ee14d2d6a7b291fa9ad0808ab629ddb,2026-10-04,public-recipe-v1
RDA-91881,감자부침(감자전),https://www.nics.go.kr/food/kfi/tfSrch08/view?menuId=PS03520&tfcode=91881,1,82ae06743d3c5b71ab686e107bccc0919ee14d2d6a7b291fa9ad0808ab629ddb,2026-10-04,public-recipe-v1
RDA-91087,감자잡채,https://www.nics.go.kr/food/kfi/tfSrch08/view?menuId=PS03520&tfcode=91087,1,82ae06743d3c5b71ab686e107bccc0919ee14d2d6a7b291fa9ad0808ab629ddb,2026-10-04,public-recipe-v1
RDA-92018,강릉산자(과줄),https://www.nics.go.kr/food/kfi/tfSrch08/view?menuId=PS03520&tfcode=92018,1,82ae06743d3c5b71ab686e107bccc0919ee14d2d6a7b291fa9ad0808ab629ddb,2026-10-04,public-recipe-v1
RDA-90684,강화인삼식혜,https://www.nics.go.kr/food/kfi/tfSrch08/view?menuId=PS03520&tfcode=90684,1,82ae06743d3c5b71ab686e107bccc0919ee14d2d6a7b291fa9ad0808ab629ddb,2026-10-04,public-recipe-v1
RDA-90555,개성무찜,https://www.nics.go.kr/food/kfi/tfSrch08/view?menuId=PS03520&tfcode=90555,1,82ae06743d3c5b71ab686e107bccc0919ee14d2d6a7b291fa9ad0808ab629ddb,2026-10-04,public-recipe-v1
RDA-90444,게감정,https://www.nics.go.kr/food/kfi/tfSrch08/view?menuId=PS03520&tfcode=90444,1,82ae06743d3c5b71ab686e107bccc0919ee14d2d6a7b291fa9ad0808ab629ddb,2026-10-04,public-recipe-v1
RDA-90480,겨자채,https://www.nics.go.kr/food/kfi/tfSrch08/view?menuId=PS03520&tfcode=90480,1,82ae06743d3c5b71ab686e107bccc0919ee14d2d6a7b291fa9ad0808ab629ddb,2026-10-04,public-recipe-v1
RDA-90825,고등어구이,https://www.nics.go.kr/food/kfi/tfSrch08/view?menuId=PS03520&tfcode=90825,1,82ae06743d3c5b71ab686e107bccc0919ee14d2d6a7b291fa9ad0808ab629ddb,2026-10-04,public-recipe-v1
RDA-92678,고추부각,https://www.nics.go.kr/food/kfi/tfSrch08/view?menuId=PS03520&tfcode=92678,1,82ae06743d3c5b71ab686e107bccc0919ee14d2d6a7b291fa9ad0808ab629ddb,2026-10-04,public-recipe-v1
RDA-92462,골동면(비빔면),https://www.nics.go.kr/food/kfi/tfSrch08/view?menuId=PS03520&tfcode=92462,1,82ae06743d3c5b71ab686e107bccc0919ee14d2d6a7b291fa9ad0808ab629ddb,2026-10-04,public-recipe-v1
RDA-90344,골동반,https://www.nics.go.kr/food/kfi/tfSrch08/view?menuId=PS03520&tfcode=90344,1,82ae06743d3c5b71ab686e107bccc0919ee14d2d6a7b291fa9ad0808ab629ddb,2026-10-04,public-recipe-v1
RDA-89722,굴국,https://www.nics.go.kr/food/kfi/tfSrch08/view?menuId=PS03520&tfcode=89722,1,82ae06743d3c5b71ab686e107bccc0919ee14d2d6a7b291fa9ad0808ab629ddb,2026-10-04,public-recipe-v1
RDA-92466,굴김치만두,https://www.nics.go.kr/food/kfi/tfSrch08/view?menuId=PS03520&tfcode=92466,1,82ae06743d3c5b71ab686e107bccc0919ee14d2d6a7b291fa9ad0808ab629ddb,2026-10-04,public-recipe-v1
RDA-92323,굴떡국,https://www.nics.go.kr/food/kfi/tfSrch08/view?menuId=PS03520&tfcode=92323,1,82ae06743d3c5b71ab686e107bccc0919ee14d2d6a7b291fa9ad0808ab629ddb,2026-10-04,public-recipe-v1
RDA-91400,굴해장국,https://www.nics.go.kr/food/kfi/tfSrch08/view?menuId=PS03520&tfcode=91400,1,82ae06743d3c5b71ab686e107bccc0919ee14d2d6a7b291fa9ad0808ab629ddb,2026-10-04,public-recipe-v1
RDA-90345,김치밥,https://www.nics.go.kr/food/kfi/tfSrch08/view?menuId=PS03520&tfcode=90345,1,82ae06743d3c5b71ab686e107bccc0919ee14d2d6a7b291fa9ad0808ab629ddb,2026-10-04,public-recipe-v1
RDA-90785,깻잎김치,https://www.nics.go.kr/food/kfi/tfSrch08/view?menuId=PS03520&tfcode=90785,1,82ae06743d3c5b71ab686e107bccc0919ee14d2d6a7b291fa9ad0808ab629ddb,2026-10-04,public-recipe-v1
RDA-90811,깻잎나물(볶음),https://www.nics.go.kr/food/kfi/tfSrch08/view?menuId=PS03520&tfcode=90811,1,82ae06743d3c5b71ab686e107bccc0919ee14d2d6a7b291fa9ad0808ab629ddb,2026-10-04,public-recipe-v1
RDA-91477,꼴뚜기무생채,https://www.nics.go.kr/food/kfi/tfSrch08/view?menuId=PS03520&tfcode=91477,1,82ae06743d3c5b71ab686e107bccc0919ee14d2d6a7b291fa9ad0808ab629ddb,2026-10-04,public-recipe-v1
RDA-90378,꿩냉면,https://www.nics.go.kr/food/kfi/tfSrch08/view?menuId=PS03520&tfcode=90378,1,82ae06743d3c5b71ab686e107bccc0919ee14d2d6a7b291fa9ad0808ab629ddb,2026-10-04,public-recipe-v1
RDA-89956,꿩무국,https://www.nics.go.kr/food/kfi/tfSrch08/view?menuId=PS03520&tfcode=89956,1,82ae06743d3c5b71ab686e107bccc0919ee14d2d6a7b291fa9ad0808ab629ddb,2026-10-04,public-recipe-v1
RDA-92639,꿩토렴,https://www.nics.go.kr/food/kfi/tfSrch08/view?menuId=PS03520&tfcode=92639,1,82ae06743d3c5b71ab686e107bccc0919ee14d2d6a7b291fa9ad0808ab629ddb,2026-10-04,public-recipe-v1
RDA-91404,나물국(나물탕국),https://www.nics.go.kr/food/kfi/tfSrch08/view?menuId=PS03520&tfcode=91404,1,82ae06743d3c5b71ab686e107bccc0919ee14d2d6a7b291fa9ad0808ab629ddb,2026-10-04,public-recipe-v1
RDA-92099,나주곰탕,https://www.nics.go.kr/food/kfi/tfSrch08/view?menuId=PS03520&tfcode=92099,1,82ae06743d3c5b71ab686e107bccc0919ee14d2d6a7b291fa9ad0808ab629ddb,2026-10-04,public-recipe-v1
RDA-90748,냉이된장국(냉잇국),https://www.nics.go.kr/food/kfi/tfSrch08/view?menuId=PS03520&tfcode=90748,1,82ae06743d3c5b71ab686e107bccc0919ee14d2d6a7b291fa9ad0808ab629ddb,2026-10-04,public-recipe-v1
RDA-90380,냉콩국수,https://www.nics.go.kr/food/kfi/tfSrch08/view?menuId=PS03520&tfcode=90380,1,82ae06743d3c5b71ab686e107bccc0919ee14d2d6a7b291fa9ad0808ab629ddb,2026-10-04,public-recipe-v1
RDA-89924,녹두죽(녹디죽),https://www.nics.go.kr/food/kfi/tfSrch08/view?menuId=PS03520&tfcode=89924,1,82ae06743d3c5b71ab686e107bccc0919ee14d2d6a7b291fa9ad0808ab629ddb,2026-10-04,public-recipe-v1
RDA-91367,녹두칼국수,https://www.nics.go.kr/food/kfi/tfSrch08/view?menuId=PS03520&tfcode=91367,1,82ae06743d3c5b71ab686e107bccc0919ee14d2d6a7b291fa9ad0808ab629ddb,2026-10-04,public-recipe-v1
RDA-89506,누룽지인삼닭죽,https://www.nics.go.kr/food/kfi/tfSrch08/view?menuId=PS03520&tfcode=89506,1,82ae06743d3c5b71ab686e107bccc0919ee14d2d6a7b291fa9ad0808ab629ddb,2026-10-04,public-recipe-v1
RDA-91922,느타리버섯장아찌,https://www.nics.go.kr/food/kfi/tfSrch08/view?menuId=PS03520&tfcode=91922,1,82ae06743d3c5b71ab686e107bccc0919ee14d2d6a7b291fa9ad0808ab629ddb,2026-10-04,public-recipe-v1
RDA-90160,다슬기수제비(고동수제비),https://www.nics.go.kr/food/kfi/tfSrch08/view?menuId=PS03520&tfcode=90160,1,82ae06743d3c5b71ab686e107bccc0919ee14d2d6a7b291fa9ad0808ab629ddb,2026-10-04,public-recipe-v1
RDA-90750,닭국(닭고기국),https://www.nics.go.kr/food/kfi/tfSrch08/view?menuId=PS03520&tfcode=90750,1,82ae06743d3c5b71ab686e107bccc0919ee14d2d6a7b291fa9ad0808ab629ddb,2026-10-04,public-recipe-v1
RDA-90844,닭조림(궁중닭조림),https://www.nics.go.kr/food/kfi/tfSrch08/view?menuId=PS03520&tfcode=90844,1,82ae06743d3c5b71ab686e107bccc0919ee14d2d6a7b291fa9ad0808ab629ddb,2026-10-04,public-recipe-v1
RDA-90882,닭찜,https://www.nics.go.kr/food/kfi/tfSrch08/view?menuId=PS03520&tfcode=90882,1,82ae06743d3c5b71ab686e107bccc0919ee14d2d6a7b291fa9ad0808ab629ddb,2026-10-04,public-recipe-v1
RDA-90997,닭칼국수,https://www.nics.go.kr/food/kfi/tfSrch08/view?menuId=PS03520&tfcode=90997,1,82ae06743d3c5b71ab686e107bccc0919ee14d2d6a7b291fa9ad0808ab629ddb,2026-10-04,public-recipe-v1
RDA-90560,대하잣즙무침,https://www.nics.go.kr/food/kfi/tfSrch08/view?menuId=PS03520&tfcode=90560,1,82ae06743d3c5b71ab686e107bccc0919ee14d2d6a7b291fa9ad0808ab629ddb,2026-10-04,public-recipe-v1
RDA-91515,대합구이,https://www.nics.go.kr/food/kfi/tfSrch08/view?menuId=PS03520&tfcode=91515,1,82ae06743d3c5b71ab686e107bccc0919ee14d2d6a7b291fa9ad0808ab629ddb,2026-10-04,public-recipe-v1
RDA-90445,대합전골,https://www.nics.go.kr/food/kfi/tfSrch08/view?menuId=PS03520&tfcode=90445,1,82ae06743d3c5b71ab686e107bccc0919ee14d2d6a7b291fa9ad0808ab629ddb,2026-10-04,public-recipe-v1
RDA-92286,더덕삼병,https://www.nics.go.kr/food/kfi/tfSrch08/view?menuId=PS03520&tfcode=92286,1,82ae06743d3c5b71ab686e107bccc0919ee14d2d6a7b291fa9ad0808ab629ddb,2026-10-04,public-recipe-v1
RDA-90494,도미구이,https://www.nics.go.kr/food/kfi/tfSrch08/view?menuId=PS03520&tfcode=90494,1,82ae06743d3c5b71ab686e107bccc0919ee14d2d6a7b291fa9ad0808ab629ddb,2026-10-04,public-recipe-v1
RDA-91874,도토리묵조림,https://www.nics.go.kr/food/kfi/tfSrch08/view?menuId=PS03520&tfcode=91874,1,82ae06743d3c5b71ab686e107bccc0919ee14d2d6a7b291fa9ad0808ab629ddb,2026-10-04,public-recipe-v1
RDA-90527,도토리빙떡,https://www.nics.go.kr/food/kfi/tfSrch08/view?menuId=PS03520&tfcode=90527,1,82ae06743d3c5b71ab686e107bccc0919ee14d2d6a7b291fa9ad0808ab629ddb,2026-10-04,public-recipe-v1
RDA-90561,돌붕어채소찜,https://www.nics.go.kr/food/kfi/tfSrch08/view?menuId=PS03520&tfcode=90561,1,82ae06743d3c5b71ab686e107bccc0919ee14d2d6a7b291fa9ad0808ab629ddb,2026-10-04,public-recipe-v1
RDA-89688,돌쌈밥,https://www.nics.go.kr/food/kfi/tfSrch08/view?menuId=PS03520&tfcode=89688,1,82ae06743d3c5b71ab686e107bccc0919ee14d2d6a7b291fa9ad0808ab629ddb,2026-10-04,public-recipe-v1
RDA-91869,동태구이,https://www.nics.go.kr/food/kfi/tfSrch08/view?menuId=PS03520&tfcode=91869,1,82ae06743d3c5b71ab686e107bccc0919ee14d2d6a7b291fa9ad0808ab629ddb,2026-10-04,public-recipe-v1
RDA-92658,돼지고기고사리조림(돼지고기고사리지짐),https://www.nics.go.kr/food/kfi/tfSrch08/view?menuId=PS03520&tfcode=92658,1,82ae06743d3c5b71ab686e107bccc0919ee14d2d6a7b291fa9ad0808ab629ddb,2026-10-04,public-recipe-v1
RDA-91875,돼지고기우엉조림,https://www.nics.go.kr/food/kfi/tfSrch08/view?menuId=PS03520&tfcode=91875,1,82ae06743d3c5b71ab686e107bccc0919ee14d2d6a7b291fa9ad0808ab629ddb,2026-10-04,public-recipe-v1
RDA-90265,돼지머리편육,https://www.nics.go.kr/food/kfi/tfSrch08/view?menuId=PS03520&tfcode=90265,1,82ae06743d3c5b71ab686e107bccc0919ee14d2d6a7b291fa9ad0808ab629ddb,2026-10-04,public-recipe-v1
RDA-90874,두릅적,https://www.nics.go.kr/food/kfi/tfSrch08/view?menuId=PS03520&tfcode=90874,1,82ae06743d3c5b71ab686e107bccc0919ee14d2d6a7b291fa9ad0808ab629ddb,2026-10-04,public-recipe-v1
RDA-90168,두부떡국,https://www.nics.go.kr/food/kfi/tfSrch08/view?menuId=PS03520&tfcode=90168,1,82ae06743d3c5b71ab686e107bccc0919ee14d2d6a7b291fa9ad0808ab629ddb,2026-10-04,public-recipe-v1
RDA-92365,두부조림,https://www.nics.go.kr/food/kfi/tfSrch08/view?menuId=PS03520&tfcode=92365,1,82ae06743d3c5b71ab686e107bccc0919ee14d2d6a7b291fa9ad0808ab629ddb,2026-10-04,public-recipe-v1
RDA-91029,들깨미역국,https://www.nics.go.kr/food/kfi/tfSrch08/view?menuId=PS03520&tfcode=91029,1,82ae06743d3c5b71ab686e107bccc0919ee14d2d6a7b291fa9ad0808ab629ddb,2026-10-04,public-recipe-v1
RDA-91636,들깨송이부각,https://www.nics.go.kr/food/kfi/tfSrch08/view?menuId=PS03520&tfcode=91636,1,82ae06743d3c5b71ab686e107bccc0919ee14d2d6a7b291fa9ad0808ab629ddb,2026-10-04,public-recipe-v1
RDA-91028,들깨우거지국,https://www.nics.go.kr/food/kfi/tfSrch08/view?menuId=PS03520&tfcode=91028,1,82ae06743d3c5b71ab686e107bccc0919ee14d2d6a7b291fa9ad0808ab629ddb,2026-10-04,public-recipe-v1
RDA-90946,따로국밥,https://www.nics.go.kr/food/kfi/tfSrch08/view?menuId=PS03520&tfcode=90946,1,82ae06743d3c5b71ab686e107bccc0919ee14d2d6a7b291fa9ad0808ab629ddb,2026-10-04,public-recipe-v1
RDA-90098,만디,https://www.nics.go.kr/food/kfi/tfSrch08/view?menuId=PS03520&tfcode=90098,1,82ae06743d3c5b71ab686e107bccc0919ee14d2d6a7b291fa9ad0808ab629ddb,2026-10-04,public-recipe-v1
RDA-89729,머위들깨탕,https://www.nics.go.kr/food/kfi/tfSrch08/view?menuId=PS03520&tfcode=89729,1,82ae06743d3c5b71ab686e107bccc0919ee14d2d6a7b291fa9ad0808ab629ddb,2026-10-04,public-recipe-v1
RDA-91410,메기매운탕,https://www.nics.go.kr/food/kfi/tfSrch08/view?menuId=PS03520&tfcode=91410,2,4f768866e651253f89925188db89b7bd69caa74b7fc83a63f483e52a187c2cb5,2026-10-04,public-recipe-v1
RDA-91891,메밀부침 <방법1>,https://www.nics.go.kr/food/kfi/tfSrch08/view?menuId=PS03520&tfcode=91891,2,4f768866e651253f89925188db89b7bd69caa74b7fc83a63f483e52a187c2cb5,2026-10-04,public-recipe-v1
RDA-89944,메밀수제비(마말조배기),https://www.nics.go.kr/food/kfi/tfSrch08/view?menuId=PS03520&tfcode=89944,2,4f768866e651253f89925188db89b7bd69caa74b7fc83a63f483e52a187c2cb5,2026-10-04,public-recipe-v1
RDA-91850,명태무왁찌개,https://www.nics.go.kr/food/kfi/tfSrch08/view?menuId=PS03520&tfcode=91850,2,4f768866e651253f89925188db89b7bd69caa74b7fc83a63f483e52a187c2cb5,2026-10-04,public-recipe-v1
RDA-91895,명태찜,https://www.nics.go.kr/food/kfi/tfSrch08/view?menuId=PS03520&tfcode=91895,2,4f768866e651253f89925188db89b7bd69caa74b7fc83a63f483e52a187c2cb5,2026-10-04,public-recipe-v1
RDA-92564,모시잎개떡,https://www.nics.go.kr/food/kfi/tfSrch08/view?menuId=PS03520&tfcode=92564,2,4f768866e651253f89925188db89b7bd69caa74b7fc83a63f483e52a187c2cb5,2026-10-04,public-recipe-v1
RDA-90608,무갑장과(무숙장아찌),https://www.nics.go.kr/food/kfi/tfSrch08/view?menuId=PS03520&tfcode=90608,2,4f768866e651253f89925188db89b7bd69caa74b7fc83a63f483e52a187c2cb5,2026-10-04,public-recipe-v1
RDA-92542,무밥,https://www.nics.go.kr/food/kfi/tfSrch08/view?menuId=PS03520&tfcode=92542,2,4f768866e651253f89925188db89b7bd69caa74b7fc83a63f483e52a187c2cb5,2026-10-04,public-recipe-v1
RDA-90407,물텀벙이탕(아귀탕),https://www.nics.go.kr/food/kfi/tfSrch08/view?menuId=PS03520&tfcode=90407,2,4f768866e651253f89925188db89b7bd69caa74b7fc83a63f483e52a187c2cb5,2026-10-04,public-recipe-v1
RDA-90408,미꾸라지털레기,https://www.nics.go.kr/food/kfi/tfSrch08/view?menuId=PS03520&tfcode=90408,2,4f768866e651253f89925188db89b7bd69caa74b7fc83a63f483e52a187c2cb5,2026-10-04,public-recipe-v1
RDA-91178,미나리북어회,https://www.nics.go.kr/food/kfi/tfSrch08/view?menuId=PS03520&tfcode=91178,2,4f768866e651253f89925188db89b7bd69caa74b7fc83a63f483e52a187c2cb5,2026-10-04,public-recipe-v1
RDA-91561,미나리전,https://www.nics.go.kr/food/kfi/tfSrch08/view?menuId=PS03520&tfcode=91561,2,4f768866e651253f89925188db89b7bd69caa74b7fc83a63f483e52a187c2cb5,2026-10-04,public-recipe-v1
RDA-92388,미숫가루,https://www.nics.go.kr/food/kfi/tfSrch08/view?menuId=PS03520&tfcode=92388,2,4f768866e651253f89925188db89b7bd69caa74b7fc83a63f483e52a187c2cb5,2026-10-04,public-recipe-v1
RDA-92217,미역귀튀각,https://www.nics.go.kr/food/kfi/tfSrch08/view?menuId=PS03520&tfcode=92217,2,4f768866e651253f89925188db89b7bd69caa74b7fc83a63f483e52a187c2cb5,2026-10-04,public-recipe-v1
RDA-91334,미역밥,https://www.nics.go.kr/food/kfi/tfSrch08/view?menuId=PS03520&tfcode=91334,2,4f768866e651253f89925188db89b7bd69caa74b7fc83a63f483e52a187c2cb5,2026-10-04,public-recipe-v1
RDA-89532,미역생떡국,https://www.nics.go.kr/food/kfi/tfSrch08/view?menuId=PS03520&tfcode=89532,2,4f768866e651253f89925188db89b7bd69caa74b7fc83a63f483e52a187c2cb5,2026-10-04,public-recipe-v1
RDA-92381,미역쌈,https://www.nics.go.kr/food/kfi/tfSrch08/view?menuId=PS03520&tfcode=92381,2,4f768866e651253f89925188db89b7bd69caa74b7fc83a63f483e52a187c2cb5,2026-10-04,public-recipe-v1
RDA-91371,미역찹쌀수제비,https://www.nics.go.kr/food/kfi/tfSrch08/view?menuId=PS03520&tfcode=91371,2,4f768866e651253f89925188db89b7bd69caa74b7fc83a63f483e52a187c2cb5,2026-10-04,public-recipe-v1
RDA-92397,바지락수제비,https://www.nics.go.kr/food/kfi/tfSrch08/view?menuId=PS03520&tfcode=92397,2,4f768866e651253f89925188db89b7bd69caa74b7fc83a63f483e52a187c2cb5,2026-10-04,public-recipe-v1
RDA-90150,밤죽,https://www.nics.go.kr/food/kfi/tfSrch08/view?menuId=PS03520&tfcode=90150,2,4f768866e651253f89925188db89b7bd69caa74b7fc83a63f483e52a187c2cb5,2026-10-04,public-recipe-v1
RDA-90410,배추속대국,https://www.nics.go.kr/food/kfi/tfSrch08/view?menuId=PS03520&tfcode=90410,2,4f768866e651253f89925188db89b7bd69caa74b7fc83a63f483e52a187c2cb5,2026-10-04,public-recipe-v1
RDA-90383,버섯장국수제비,https://www.nics.go.kr/food/kfi/tfSrch08/view?menuId=PS03520&tfcode=90383,2,4f768866e651253f89925188db89b7bd69caa74b7fc83a63f483e52a187c2cb5,2026-10-04,public-recipe-v1
RDA-89732,버섯탕,https://www.nics.go.kr/food/kfi/tfSrch08/view?menuId=PS03520&tfcode=89732,2,4f768866e651253f89925188db89b7bd69caa74b7fc83a63f483e52a187c2cb5,2026-10-04,public-recipe-v1
RDA-92175,병어구이,https://www.nics.go.kr/food/kfi/tfSrch08/view?menuId=PS03520&tfcode=92175,2,4f768866e651253f89925188db89b7bd69caa74b7fc83a63f483e52a187c2cb5,2026-10-04,public-recipe-v1
RDA-92057,보리고구마밥,https://www.nics.go.kr/food/kfi/tfSrch08/view?menuId=PS03520&tfcode=92057,2,4f768866e651253f89925188db89b7bd69caa74b7fc83a63f483e52a187c2cb5,2026-10-04,public-recipe-v1
RDA-90412,복매운탕,https://www.nics.go.kr/food/kfi/tfSrch08/view?menuId=PS03520&tfcode=90412,2,4f768866e651253f89925188db89b7bd69caa74b7fc83a63f483e52a187c2cb5,2026-10-04,public-recipe-v1
RDA-92565,부꾸미,https://www.nics.go.kr/food/kfi/tfSrch08/view?menuId=PS03520&tfcode=92565,2,4f768866e651253f89925188db89b7bd69caa74b7fc83a63f483e52a187c2cb5,2026-10-04,public-recipe-v1
RDA-91498,부산잡채(해물잡채),https://www.nics.go.kr/food/kfi/tfSrch08/view?menuId=PS03520&tfcode=91498,2,4f768866e651253f89925188db89b7bd69caa74b7fc83a63f483e52a187c2cb5,2026-10-04,public-recipe-v1
RDA-90497,북어구이,https://www.nics.go.kr/food/kfi/tfSrch08/view?menuId=PS03520&tfcode=90497,2,4f768866e651253f89925188db89b7bd69caa74b7fc83a63f483e52a187c2cb5,2026-10-04,public-recipe-v1
RDA-91937,북어포식해,https://www.nics.go.kr/food/kfi/tfSrch08/view?menuId=PS03520&tfcode=91937,2,4f768866e651253f89925188db89b7bd69caa74b7fc83a63f483e52a187c2cb5,2026-10-04,public-recipe-v1
RDA-92343,비빔국수,https://www.nics.go.kr/food/kfi/tfSrch08/view?menuId=PS03520&tfcode=92343,2,4f768866e651253f89925188db89b7bd69caa74b7fc83a63f483e52a187c2cb5,2026-10-04,public-recipe-v1
RDA-89733,비지국,https://www.nics.go.kr/food/kfi/tfSrch08/view?menuId=PS03520&tfcode=89733,2,4f768866e651253f89925188db89b7bd69caa74b7fc83a63f483e52a187c2cb5,2026-10-04,public-recipe-v1
RDA-91138,비지전,https://www.nics.go.kr/food/kfi/tfSrch08/view?menuId=PS03520&tfcode=91138,2,4f768866e651253f89925188db89b7bd69caa74b7fc83a63f483e52a187c2cb5,2026-10-04,public-recipe-v1
RDA-90907,사태편육,https://www.nics.go.kr/food/kfi/tfSrch08/view?menuId=PS03520&tfcode=90907,2,4f768866e651253f89925188db89b7bd69caa74b7fc83a63f483e52a187c2cb5,2026-10-04,public-recipe-v1
RDA-89713,삭수제비,https://www.nics.go.kr/food/kfi/tfSrch08/view?menuId=PS03520&tfcode=89713,2,4f768866e651253f89925188db89b7bd69caa74b7fc83a63f483e52a187c2cb5,2026-10-04,public-recipe-v1
RDA-90612,삼합장과,https://www.nics.go.kr/food/kfi/tfSrch08/view?menuId=PS03520&tfcode=90612,2,4f768866e651253f89925188db89b7bd69caa74b7fc83a63f483e52a187c2cb5,2026-10-04,public-recipe-v1
RDA-91557,상어산적(두투산적),https://www.nics.go.kr/food/kfi/tfSrch08/view?menuId=PS03520&tfcode=91557,2,4f768866e651253f89925188db89b7bd69caa74b7fc83a63f483e52a187c2cb5,2026-10-04,public-recipe-v1
RDA-91499,생김볶음,https://www.nics.go.kr/food/kfi/tfSrch08/view?menuId=PS03520&tfcode=91499,2,4f768866e651253f89925188db89b7bd69caa74b7fc83a63f483e52a187c2cb5,2026-10-04,public-recipe-v1
RDA-91600,생선찜,https://www.nics.go.kr/food/kfi/tfSrch08/view?menuId=PS03520&tfcode=91600,2,4f768866e651253f89925188db89b7bd69caa74b7fc83a63f483e52a187c2cb5,2026-10-04,public-recipe-v1
RDA-89810,서대찜(박대찜),https://www.nics.go.kr/food/kfi/tfSrch08/view?menuId=PS03520&tfcode=89810,2,4f768866e651253f89925188db89b7bd69caa74b7fc83a63f483e52a187c2cb5,2026-10-04,public-recipe-v1
RDA-90417,석류탕,https://www.nics.go.kr/food/kfi/tfSrch08/view?menuId=PS03520&tfcode=90417,2,4f768866e651253f89925188db89b7bd69caa74b7fc83a63f483e52a187c2cb5,2026-10-04,public-recipe-v1
RDA-90418,선지해장국,https://www.nics.go.kr/food/kfi/tfSrch08/view?menuId=PS03520&tfcode=90418,2,4f768866e651253f89925188db89b7bd69caa74b7fc83a63f483e52a187c2cb5,2026-10-04,public-recipe-v1
RDA-89974,"성게국(성게미역국, 구살국)",https://www.nics.go.kr/food/kfi/tfSrch08/view?menuId=PS03520&tfcode=89974,2,4f768866e651253f89925188db89b7bd69caa74b7fc83a63f483e52a187c2cb5,2026-10-04,public-recipe-v1
RDA-89931,성게죽(구살죽),https://www.nics.go.kr/food/kfi/tfSrch08/view?menuId=PS03520&tfcode=89931,2,4f768866e651253f89925188db89b7bd69caa74b7fc83a63f483e52a187c2cb5,2026-10-04,public-recipe-v1
RDA-89589,송이버섯산적,https://www.nics.go.kr/food/kfi/tfSrch08/view?menuId=PS03520&tfcode=89589,2,4f768866e651253f89925188db89b7bd69caa74b7fc83a63f483e52a187c2cb5,2026-10-04,public-recipe-v1
RDA-90878,쇠간전,https://www.nics.go.kr/food/kfi/tfSrch08/view?menuId=PS03520&tfcode=90878,2,4f768866e651253f89925188db89b7bd69caa74b7fc83a63f483e52a187c2cb5,2026-10-04,public-recipe-v1
RDA-90232,쇠고기전,https://www.nics.go.kr/food/kfi/tfSrch08/view?menuId=PS03520&tfcode=90232,2,4f768866e651253f89925188db89b7bd69caa74b7fc83a63f483e52a187c2cb5,2026-10-04,public-recipe-v1
RDA-90598,쇠머리편육,https://www.nics.go.kr/food/kfi/tfSrch08/view?menuId=PS03520&tfcode=90598,2,4f768866e651253f89925188db89b7bd69caa74b7fc83a63f483e52a187c2cb5,2026-10-04,public-recipe-v1
RDA-92079,수제비팥죽,https://www.nics.go.kr/food/kfi/tfSrch08/view?menuId=PS03520&tfcode=92079,2,4f768866e651253f89925188db89b7bd69caa74b7fc83a63f483e52a187c2cb5,2026-10-04,public-recipe-v1
RDA-91357,순두부죽,https://www.nics.go.kr/food/kfi/tfSrch08/view?menuId=PS03520&tfcode=91357,2,4f768866e651253f89925188db89b7bd69caa74b7fc83a63f483e52a187c2cb5,2026-10-04,public-recipe-v1
RDA-90422,신서도가니탕,https://www.nics.go.kr/food/kfi/tfSrch08/view?menuId=PS03520&tfcode=90422,2,4f768866e651253f89925188db89b7bd69caa74b7fc83a63f483e52a187c2cb5,2026-10-04,public-recipe-v1
RDA-90452,신선로,https://www.nics.go.kr/food/kfi/tfSrch08/view?menuId=PS03520&tfcode=90452,2,4f768866e651253f89925188db89b7bd69caa74b7fc83a63f483e52a187c2cb5,2026-10-04,public-recipe-v1
RDA-90217,싸리버섯애호박볶음,https://www.nics.go.kr/food/kfi/tfSrch08/view?menuId=PS03520&tfcode=90217,2,4f768866e651253f89925188db89b7bd69caa74b7fc83a63f483e52a187c2cb5,2026-10-04,public-recipe-v1
RDA-90803,씀바귀무침,https://www.nics.go.kr/food/kfi/tfSrch08/view?menuId=PS03520&tfcode=90803,2,4f768866e651253f89925188db89b7bd69caa74b7fc83a63f483e52a187c2cb5,2026-10-04,public-recipe-v1
RDA-90425,애탕,https://www.nics.go.kr/food/kfi/tfSrch08/view?menuId=PS03520&tfcode=90425,2,4f768866e651253f89925188db89b7bd69caa74b7fc83a63f483e52a187c2cb5,2026-10-04,public-recipe-v1
RDA-90365,애호박죽,https://www.nics.go.kr/food/kfi/tfSrch08/view?menuId=PS03520&tfcode=90365,2,4f768866e651253f89925188db89b7bd69caa74b7fc83a63f483e52a187c2cb5,2026-10-04,public-recipe-v1
RDA-92566,약식,https://www.nics.go.kr/food/kfi/tfSrch08/view?menuId=PS03520&tfcode=92566,2,4f768866e651253f89925188db89b7bd69caa74b7fc83a63f483e52a187c2cb5,2026-10-04,public-recipe-v1
RDA-90426,양곰탕,https://www.nics.go.kr/food/kfi/tfSrch08/view?menuId=PS03520&tfcode=90426,2,4f768866e651253f89925188db89b7bd69caa74b7fc83a63f483e52a187c2cb5,2026-10-04,public-recipe-v1
RDA-90537,양동구리,https://www.nics.go.kr/food/kfi/tfSrch08/view?menuId=PS03520&tfcode=90537,2,4f768866e651253f89925188db89b7bd69caa74b7fc83a63f483e52a187c2cb5,2026-10-04,public-recipe-v1
RDA-90350,양주밤밥,https://www.nics.go.kr/food/kfi/tfSrch08/view?menuId=PS03520&tfcode=90350,2,4f768866e651253f89925188db89b7bd69caa74b7fc83a63f483e52a187c2cb5,2026-10-04,public-recipe-v1
RDA-90399,양즙,https://www.nics.go.kr/food/kfi/tfSrch08/view?menuId=PS03520&tfcode=90399,2,4f768866e651253f89925188db89b7bd69caa74b7fc83a63f483e52a187c2cb5,2026-10-04,public-recipe-v1
RDA-92600,양지머리편육,https://www.nics.go.kr/food/kfi/tfSrch08/view?menuId=PS03520&tfcode=92600,2,4f768866e651253f89925188db89b7bd69caa74b7fc83a63f483e52a187c2cb5,2026-10-04,public-recipe-v1
RDA-90538,양평마전,https://www.nics.go.kr/food/kfi/tfSrch08/view?menuId=PS03520&tfcode=90538,2,4f768866e651253f89925188db89b7bd69caa74b7fc83a63f483e52a187c2cb5,2026-10-04,public-recipe-v1
RDA-92525,어만두,https://www.nics.go.kr/food/kfi/tfSrch08/view?menuId=PS03520&tfcode=92525,2,4f768866e651253f89925188db89b7bd69caa74b7fc83a63f483e52a187c2cb5,2026-10-04,public-recipe-v1
RDA-90539,어산적,https://www.nics.go.kr/food/kfi/tfSrch08/view?menuId=PS03520&tfcode=90539,2,4f768866e651253f89925188db89b7bd69caa74b7fc83a63f483e52a187c2cb5,2026-10-04,public-recipe-v1
RDA-92632,어선,https://www.nics.go.kr/food/kfi/tfSrch08/view?menuId=PS03520&tfcode=92632,2,4f768866e651253f89925188db89b7bd69caa74b7fc83a63f483e52a187c2cb5,2026-10-04,public-recipe-v1
RDA-90428,어알탕,https://www.nics.go.kr/food/kfi/tfSrch08/view?menuId=PS03520&tfcode=90428,2,4f768866e651253f89925188db89b7bd69caa74b7fc83a63f483e52a187c2cb5,2026-10-04,public-recipe-v1
RDA-89701,어죽,https://www.nics.go.kr/food/kfi/tfSrch08/view?menuId=PS03520&tfcode=89701,2,4f768866e651253f89925188db89b7bd69caa74b7fc83a63f483e52a187c2cb5,2026-10-04,public-recipe-v1
RDA-90592,어채,https://www.nics.go.kr/food/kfi/tfSrch08/view?menuId=PS03520&tfcode=90592,2,4f768866e651253f89925188db89b7bd69caa74b7fc83a63f483e52a187c2cb5,2026-10-04,public-recipe-v1
RDA-90429,연반계술국,https://www.nics.go.kr/food/kfi/tfSrch08/view?menuId=PS03520&tfcode=90429,2,4f768866e651253f89925188db89b7bd69caa74b7fc83a63f483e52a187c2cb5,2026-10-04,public-recipe-v1
RDA-91075,열무감자물김치,https://www.nics.go.kr/food/kfi/tfSrch08/view?menuId=PS03520&tfcode=91075,3,e888f43d1417213cd18a474d7aa93a6247ce1acd5aed992997efe35fb3410615,2026-10-04,public-recipe-v1
RDA-90500,염통구이,https://www.nics.go.kr/food/kfi/tfSrch08/view?menuId=PS03520&tfcode=90500,3,e888f43d1417213cd18a474d7aa93a6247ce1acd5aed992997efe35fb3410615,2026-10-04,public-recipe-v1
RDA-90725,오곡밥,https://www.nics.go.kr/food/kfi/tfSrch08/view?menuId=PS03520&tfcode=90725,3,e888f43d1417213cd18a474d7aa93a6247ce1acd5aed992997efe35fb3410615,2026-10-04,public-recipe-v1
RDA-90958,오미자밤찰밥,https://www.nics.go.kr/food/kfi/tfSrch08/view?menuId=PS03520&tfcode=90958,3,e888f43d1417213cd18a474d7aa93a6247ce1acd5aed992997efe35fb3410615,2026-10-04,public-recipe-v1
RDA-90615,오이갑장과,https://www.nics.go.kr/food/kfi/tfSrch08/view?menuId=PS03520&tfcode=90615,3,e888f43d1417213cd18a474d7aa93a6247ce1acd5aed992997efe35fb3410615,2026-10-04,public-recipe-v1
RDA-90351,오이도굴회덮밥,https://www.nics.go.kr/food/kfi/tfSrch08/view?menuId=PS03520&tfcode=90351,3,e888f43d1417213cd18a474d7aa93a6247ce1acd5aed992997efe35fb3410615,2026-10-04,public-recipe-v1
RDA-90792,오이소박이,https://www.nics.go.kr/food/kfi/tfSrch08/view?menuId=PS03520&tfcode=90792,3,e888f43d1417213cd18a474d7aa93a6247ce1acd5aed992997efe35fb3410615,2026-10-04,public-recipe-v1
RDA-90764,오징어국,https://www.nics.go.kr/food/kfi/tfSrch08/view?menuId=PS03520&tfcode=90764,3,e888f43d1417213cd18a474d7aa93a6247ce1acd5aed992997efe35fb3410615,2026-10-04,public-recipe-v1
RDA-91789,옥수수채소죽(옥수수풀어죽),https://www.nics.go.kr/food/kfi/tfSrch08/view?menuId=PS03520&tfcode=91789,3,e888f43d1417213cd18a474d7aa93a6247ce1acd5aed992997efe35fb3410615,2026-10-04,public-recipe-v1
RDA-91821,올챙이국수,https://www.nics.go.kr/food/kfi/tfSrch08/view?menuId=PS03520&tfcode=91821,3,e888f43d1417213cd18a474d7aa93a6247ce1acd5aed992997efe35fb3410615,2026-10-04,public-recipe-v1
RDA-92494,옻닭,https://www.nics.go.kr/food/kfi/tfSrch08/view?menuId=PS03520&tfcode=92494,3,e888f43d1417213cd18a474d7aa93a6247ce1acd5aed992997efe35fb3410615,2026-10-04,public-recipe-v1
RDA-89542,용봉탕,https://www.nics.go.kr/food/kfi/tfSrch08/view?menuId=PS03520&tfcode=89542,3,e888f43d1417213cd18a474d7aa93a6247ce1acd5aed992997efe35fb3410615,2026-10-04,public-recipe-v1
RDA-90433,용봉탕,https://www.nics.go.kr/food/kfi/tfSrch08/view?menuId=PS03520&tfcode=90433,3,e888f43d1417213cd18a474d7aa93a6247ce1acd5aed992997efe35fb3410615,2026-10-04,public-recipe-v1
RDA-91842,우럭미역국,https://www.nics.go.kr/food/kfi/tfSrch08/view?menuId=PS03520&tfcode=91842,3,e888f43d1417213cd18a474d7aa93a6247ce1acd5aed992997efe35fb3410615,2026-10-04,public-recipe-v1
RDA-90038,우럭콩조림(우럭콩지짐),https://www.nics.go.kr/food/kfi/tfSrch08/view?menuId=PS03520&tfcode=90038,3,e888f43d1417213cd18a474d7aa93a6247ce1acd5aed992997efe35fb3410615,2026-10-04,public-recipe-v1
RDA-92495,우렁이된장찌개,https://www.nics.go.kr/food/kfi/tfSrch08/view?menuId=PS03520&tfcode=92495,3,e888f43d1417213cd18a474d7aa93a6247ce1acd5aed992997efe35fb3410615,2026-10-04,public-recipe-v1
RDA-92552,육개장 [방법2],https://www.nics.go.kr/food/kfi/tfSrch08/view?menuId=PS03520&tfcode=92552,3,e888f43d1417213cd18a474d7aa93a6247ce1acd5aed992997efe35fb3410615,2026-10-04,public-recipe-v1
RDA-90262,육포,https://www.nics.go.kr/food/kfi/tfSrch08/view?menuId=PS03520&tfcode=90262,3,e888f43d1417213cd18a474d7aa93a6247ce1acd5aed992997efe35fb3410615,2026-10-04,public-recipe-v1
RDA-92621,육회,https://www.nics.go.kr/food/kfi/tfSrch08/view?menuId=PS03520&tfcode=92621,3,e888f43d1417213cd18a474d7aa93a6247ce1acd5aed992997efe35fb3410615,2026-10-04,public-recipe-v1
RDA-90353,이천영양밥(이천쌀밥),https://www.nics.go.kr/food/kfi/tfSrch08/view?menuId=PS03520&tfcode=90353,3,e888f43d1417213cd18a474d7aa93a6247ce1acd5aed992997efe35fb3410615,2026-10-04,public-recipe-v1
RDA-90436,임자수탕(깨국탕),https://www.nics.go.kr/food/kfi/tfSrch08/view?menuId=PS03520&tfcode=90436,3,e888f43d1417213cd18a474d7aa93a6247ce1acd5aed992997efe35fb3410615,2026-10-04,public-recipe-v1
RDA-89919,잡곡밥,https://www.nics.go.kr/food/kfi/tfSrch08/view?menuId=PS03520&tfcode=89919,3,e888f43d1417213cd18a474d7aa93a6247ce1acd5aed992997efe35fb3410615,2026-10-04,public-recipe-v1
RDA-91277,잣구리,https://www.nics.go.kr/food/kfi/tfSrch08/view?menuId=PS03520&tfcode=91277,3,e888f43d1417213cd18a474d7aa93a6247ce1acd5aed992997efe35fb3410615,2026-10-04,public-recipe-v1
RDA-90595,장똑똑이,https://www.nics.go.kr/food/kfi/tfSrch08/view?menuId=PS03520&tfcode=90595,3,e888f43d1417213cd18a474d7aa93a6247ce1acd5aed992997efe35fb3410615,2026-10-04,public-recipe-v1
RDA-90837,장어구이,https://www.nics.go.kr/food/kfi/tfSrch08/view?menuId=PS03520&tfcode=90837,3,e888f43d1417213cd18a474d7aa93a6247ce1acd5aed992997efe35fb3410615,2026-10-04,public-recipe-v1
RDA-91429,재첩국,https://www.nics.go.kr/food/kfi/tfSrch08/view?menuId=PS03520&tfcode=91429,3,e888f43d1417213cd18a474d7aa93a6247ce1acd5aed992997efe35fb3410615,2026-10-04,public-recipe-v1
RDA-90145,전주콩나물국밥,https://www.nics.go.kr/food/kfi/tfSrch08/view?menuId=PS03520&tfcode=90145,3,e888f43d1417213cd18a474d7aa93a6247ce1acd5aed992997efe35fb3410615,2026-10-04,public-recipe-v1
RDA-91843,정선황기탕,https://www.nics.go.kr/food/kfi/tfSrch08/view?menuId=PS03520&tfcode=91843,3,e888f43d1417213cd18a474d7aa93a6247ce1acd5aed992997efe35fb3410615,2026-10-04,public-recipe-v1
RDA-91767,조감자밥,https://www.nics.go.kr/food/kfi/tfSrch08/view?menuId=PS03520&tfcode=91767,3,e888f43d1417213cd18a474d7aa93a6247ce1acd5aed992997efe35fb3410615,2026-10-04,public-recipe-v1
RDA-91380,조개국수,https://www.nics.go.kr/food/kfi/tfSrch08/view?menuId=PS03520&tfcode=91380,3,e888f43d1417213cd18a474d7aa93a6247ce1acd5aed992997efe35fb3410615,2026-10-04,public-recipe-v1
RDA-90780,조기매운탕,https://www.nics.go.kr/food/kfi/tfSrch08/view?menuId=PS03520&tfcode=90780,3,e888f43d1417213cd18a474d7aa93a6247ce1acd5aed992997efe35fb3410615,2026-10-04,public-recipe-v1
RDA-92403,조기찌개,https://www.nics.go.kr/food/kfi/tfSrch08/view?menuId=PS03520&tfcode=92403,3,e888f43d1417213cd18a474d7aa93a6247ce1acd5aed992997efe35fb3410615,2026-10-04,public-recipe-v1
RDA-92601,족편,https://www.nics.go.kr/food/kfi/tfSrch08/view?menuId=PS03520&tfcode=92601,3,e888f43d1417213cd18a474d7aa93a6247ce1acd5aed992997efe35fb3410615,2026-10-04,public-recipe-v1
RDA-89828,주꾸미무침,https://www.nics.go.kr/food/kfi/tfSrch08/view?menuId=PS03520&tfcode=89828,3,e888f43d1417213cd18a474d7aa93a6247ce1acd5aed992997efe35fb3410615,2026-10-04,public-recipe-v1
RDA-92163,죽순들깨나물,https://www.nics.go.kr/food/kfi/tfSrch08/view?menuId=PS03520&tfcode=92163,3,e888f43d1417213cd18a474d7aa93a6247ce1acd5aed992997efe35fb3410615,2026-10-04,public-recipe-v1
RDA-90486,죽순채,https://www.nics.go.kr/food/kfi/tfSrch08/view?menuId=PS03520&tfcode=90486,3,e888f43d1417213cd18a474d7aa93a6247ce1acd5aed992997efe35fb3410615,2026-10-04,public-recipe-v1
RDA-90306,증편,https://www.nics.go.kr/food/kfi/tfSrch08/view?menuId=PS03520&tfcode=90306,3,e888f43d1417213cd18a474d7aa93a6247ce1acd5aed992997efe35fb3410615,2026-10-04,public-recipe-v1
RDA-92647,진메물,https://www.nics.go.kr/food/kfi/tfSrch08/view?menuId=PS03520&tfcode=92647,3,e888f43d1417213cd18a474d7aa93a6247ce1acd5aed992997efe35fb3410615,2026-10-04,public-recipe-v1
RDA-92064,찰밥,https://www.nics.go.kr/food/kfi/tfSrch08/view?menuId=PS03520&tfcode=92064,3,e888f43d1417213cd18a474d7aa93a6247ce1acd5aed992997efe35fb3410615,2026-10-04,public-recipe-v1
RDA-91775,찰옥수수능근밥,https://www.nics.go.kr/food/kfi/tfSrch08/view?menuId=PS03520&tfcode=91775,3,e888f43d1417213cd18a474d7aa93a6247ce1acd5aed992997efe35fb3410615,2026-10-04,public-recipe-v1
RDA-89501,참취오곡쌈밥(취나물쌈밥),https://www.nics.go.kr/food/kfi/tfSrch08/view?menuId=PS03520&tfcode=89501,3,e888f43d1417213cd18a474d7aa93a6247ce1acd5aed992997efe35fb3410615,2026-10-04,public-recipe-v1
RDA-91062,청국장찌개,https://www.nics.go.kr/food/kfi/tfSrch08/view?menuId=PS03520&tfcode=91062,3,e888f43d1417213cd18a474d7aa93a6247ce1acd5aed992997efe35fb3410615,2026-10-04,public-recipe-v1
RDA-90793,총각김치,https://www.nics.go.kr/food/kfi/tfSrch08/view?menuId=PS03520&tfcode=90793,3,e888f43d1417213cd18a474d7aa93a6247ce1acd5aed992997efe35fb3410615,2026-10-04,public-recipe-v1
RDA-90962,취나물밥,https://www.nics.go.kr/food/kfi/tfSrch08/view?menuId=PS03520&tfcode=90962,3,e888f43d1417213cd18a474d7aa93a6247ce1acd5aed992997efe35fb3410615,2026-10-04,public-recipe-v1
RDA-91508,콩나물볶음(콩나물조갯살볶음),https://www.nics.go.kr/food/kfi/tfSrch08/view?menuId=PS03520&tfcode=91508,3,e888f43d1417213cd18a474d7aa93a6247ce1acd5aed992997efe35fb3410615,2026-10-04,public-recipe-v1
RDA-91540,콩나물장조림,https://www.nics.go.kr/food/kfi/tfSrch08/view?menuId=PS03520&tfcode=91540,3,e888f43d1417213cd18a474d7aa93a6247ce1acd5aed992997efe35fb3410615,2026-10-04,public-recipe-v1
RDA-89714,콩물칼국수,https://www.nics.go.kr/food/kfi/tfSrch08/view?menuId=PS03520&tfcode=89714,3,e888f43d1417213cd18a474d7aa93a6247ce1acd5aed992997efe35fb3410615,2026-10-04,public-recipe-v1
RDA-91063,콩비지찌개(비지찌개),https://www.nics.go.kr/food/kfi/tfSrch08/view?menuId=PS03520&tfcode=91063,3,e888f43d1417213cd18a474d7aa93a6247ce1acd5aed992997efe35fb3410615,2026-10-04,public-recipe-v1
RDA-89549,콩비지탕,https://www.nics.go.kr/food/kfi/tfSrch08/view?menuId=PS03520&tfcode=89549,3,e888f43d1417213cd18a474d7aa93a6247ce1acd5aed992997efe35fb3410615,2026-10-04,public-recipe-v1
RDA-91064,"태평추(태평초, 묵두루치기)",https://www.nics.go.kr/food/kfi/tfSrch08/view?menuId=PS03520&tfcode=91064,3,e888f43d1417213cd18a474d7aa93a6247ce1acd5aed992997efe35fb3410615,2026-10-04,public-recipe-v1
RDA-92407,토란대나물,https://www.nics.go.kr/food/kfi/tfSrch08/view?menuId=PS03520&tfcode=92407,3,e888f43d1417213cd18a474d7aa93a6247ce1acd5aed992997efe35fb3410615,2026-10-04,public-recipe-v1
RDA-91052,토란된장국(토란대된장국),https://www.nics.go.kr/food/kfi/tfSrch08/view?menuId=PS03520&tfcode=91052,3,e888f43d1417213cd18a474d7aa93a6247ce1acd5aed992997efe35fb3410615,2026-10-04,public-recipe-v1
RDA-92401,토란탕,https://www.nics.go.kr/food/kfi/tfSrch08/view?menuId=PS03520&tfcode=92401,3,e888f43d1417213cd18a474d7aa93a6247ce1acd5aed992997efe35fb3410615,2026-10-04,public-recipe-v1
RDA-89988,톳냉국(톨냉국),https://www.nics.go.kr/food/kfi/tfSrch08/view?menuId=PS03520&tfcode=89988,3,e888f43d1417213cd18a474d7aa93a6247ce1acd5aed992997efe35fb3410615,2026-10-04,public-recipe-v1
RDA-89784,파나물,https://www.nics.go.kr/food/kfi/tfSrch08/view?menuId=PS03520&tfcode=89784,3,e888f43d1417213cd18a474d7aa93a6247ce1acd5aed992997efe35fb3410615,2026-10-04,public-recipe-v1
RDA-92124,파래된장국,https://www.nics.go.kr/food/kfi/tfSrch08/view?menuId=PS03520&tfcode=92124,3,e888f43d1417213cd18a474d7aa93a6247ce1acd5aed992997efe35fb3410615,2026-10-04,public-recipe-v1
RDA-91147,파산적,https://www.nics.go.kr/food/kfi/tfSrch08/view?menuId=PS03520&tfcode=91147,3,e888f43d1417213cd18a474d7aa93a6247ce1acd5aed992997efe35fb3410615,2026-10-04,public-recipe-v1
RDA-89503,표고버섯밥,https://www.nics.go.kr/food/kfi/tfSrch08/view?menuId=PS03520&tfcode=89503,3,e888f43d1417213cd18a474d7aa93a6247ce1acd5aed992997efe35fb3410615,2026-10-04,public-recipe-v1
RDA-89938,표고버섯죽(초기죽),https://www.nics.go.kr/food/kfi/tfSrch08/view?menuId=PS03520&tfcode=89938,3,e888f43d1417213cd18a474d7aa93a6247ce1acd5aed992997efe35fb3410615,2026-10-04,public-recipe-v1
RDA-91347,해물비빔밥,https://www.nics.go.kr/food/kfi/tfSrch08/view?menuId=PS03520&tfcode=91347,3,e888f43d1417213cd18a474d7aa93a6247ce1acd5aed992997efe35fb3410615,2026-10-04,public-recipe-v1
RDA-90044,해물전,https://www.nics.go.kr/food/kfi/tfSrch08/view?menuId=PS03520&tfcode=90044,3,e888f43d1417213cd18a474d7aa93a6247ce1acd5aed992997efe35fb3410615,2026-10-04,public-recipe-v1
RDA-91442,해물탕(해물뚝배기),https://www.nics.go.kr/food/kfi/tfSrch08/view?menuId=PS03520&tfcode=91442,3,e888f43d1417213cd18a474d7aa93a6247ce1acd5aed992997efe35fb3410615,2026-10-04,public-recipe-v1
RDA-89690,호두산채비빔밥,https://www.nics.go.kr/food/kfi/tfSrch08/view?menuId=PS03520&tfcode=89690,3,e888f43d1417213cd18a474d7aa93a6247ce1acd5aed992997efe35fb3410615,2026-10-04,public-recipe-v1
RDA-90373,호두죽,https://www.nics.go.kr/food/kfi/tfSrch08/view?menuId=PS03520&tfcode=90373,3,e888f43d1417213cd18a474d7aa93a6247ce1acd5aed992997efe35fb3410615,2026-10-04,public-recipe-v1
RDA-89762,호박갈치찌개,https://www.nics.go.kr/food/kfi/tfSrch08/view?menuId=PS03520&tfcode=89762,3,e888f43d1417213cd18a474d7aa93a6247ce1acd5aed992997efe35fb3410615,2026-10-04,public-recipe-v1
RDA-91846,호박고지탕,https://www.nics.go.kr/food/kfi/tfSrch08/view?menuId=PS03520&tfcode=91846,3,e888f43d1417213cd18a474d7aa93a6247ce1acd5aed992997efe35fb3410615,2026-10-04,public-recipe-v1
RDA-89990,호박국,https://www.nics.go.kr/food/kfi/tfSrch08/view?menuId=PS03520&tfcode=89990,3,e888f43d1417213cd18a474d7aa93a6247ce1acd5aed992997efe35fb3410615,2026-10-04,public-recipe-v1
RDA-90490,호박나물(눈썹나물),https://www.nics.go.kr/food/kfi/tfSrch08/view?menuId=PS03520&tfcode=90490,3,e888f43d1417213cd18a474d7aa93a6247ce1acd5aed992997efe35fb3410615,2026-10-04,public-recipe-v1
RDA-92126,호박된장국(늙은호박된장국),https://www.nics.go.kr/food/kfi/tfSrch08/view?menuId=PS03520&tfcode=92126,3,e888f43d1417213cd18a474d7aa93a6247ce1acd5aed992997efe35fb3410615,2026-10-04,public-recipe-v1
RDA-91056,호박매집(호박매립),https://www.nics.go.kr/food/kfi/tfSrch08/view?menuId=PS03520&tfcode=91056,3,e888f43d1417213cd18a474d7aa93a6247ce1acd5aed992997efe35fb3410615,2026-10-04,public-recipe-v1
RDA-92550,호박버무리,https://www.nics.go.kr/food/kfi/tfSrch08/view?menuId=PS03520&tfcode=92550,4,f6747793559b0a99d4493a8340c641da54158ff27a4678386ba6507a590d9478,2026-10-04,public-recipe-v1
RDA-90710,호박식혜,https://www.nics.go.kr/food/kfi/tfSrch08/view?menuId=PS03520&tfcode=90710,4,f6747793559b0a99d4493a8340c641da54158ff27a4678386ba6507a590d9478,2026-10-04,public-recipe-v1
RDA-91172,호박오가리찜,https://www.nics.go.kr/food/kfi/tfSrch08/view?menuId=PS03520&tfcode=91172,4,f6747793559b0a99d4493a8340c641da54158ff27a4678386ba6507a590d9478,2026-10-04,public-recipe-v1
RDA-92692,호박잎쌈,https://www.nics.go.kr/food/kfi/tfSrch08/view?menuId=PS03520&tfcode=92692,4,f6747793559b0a99d4493a8340c641da54158ff27a4678386ba6507a590d9478,2026-10-04,public-recipe-v1
RDA-92259,호박잎쌈,https://www.nics.go.kr/food/kfi/tfSrch08/view?menuId=PS03520&tfcode=92259,4,f6747793559b0a99d4493a8340c641da54158ff27a4678386ba6507a590d9478,2026-10-04,public-recipe-v1
RDA-92213,홍어삼합,https://www.nics.go.kr/food/kfi/tfSrch08/view?menuId=PS03520&tfcode=92213,4,f6747793559b0a99d4493a8340c641da54158ff27a4678386ba6507a590d9478,2026-10-04,public-recipe-v1
RDA-92605,화양적,https://www.nics.go.kr/food/kfi/tfSrch08/view?menuId=PS03520&tfcode=92605,4,f6747793559b0a99d4493a8340c641da54158ff27a4678386ba6507a590d9478,2026-10-04,public-recipe-v1
RDA-89749,황복국,https://www.nics.go.kr/food/kfi/tfSrch08/view?menuId=PS03520&tfcode=89749,4,f6747793559b0a99d4493a8340c641da54158ff27a4678386ba6507a590d9478,2026-10-04,public-recipe-v1
RDA-89756,황복찌개(물잠뱅이찌개),https://www.nics.go.kr/food/kfi/tfSrch08/view?menuId=PS03520&tfcode=89756,4,f6747793559b0a99d4493a8340c641da54158ff27a4678386ba6507a590d9478,2026-10-04,public-recipe-v1
RDA-91445,가자미두부찌개(납세미두부찌개),https://www.nics.go.kr/food/kfi/tfSrch08/view?menuId=PS03520&tfcode=91445,4,f6747793559b0a99d4493a8340c641da54158ff27a4678386ba6507a590d9478,2026-10-04,public-recipe-v1
RDA-91111,가자미조림(미주구리조림),https://www.nics.go.kr/food/kfi/tfSrch08/view?menuId=PS03520&tfcode=91111,4,f6747793559b0a99d4493a8340c641da54158ff27a4678386ba6507a590d9478,2026-10-04,public-recipe-v1
RDA-91629,가죽부각(가죽자반),https://www.nics.go.kr/food/kfi/tfSrch08/view?menuId=PS03520&tfcode=91629,4,f6747793559b0a99d4493a8340c641da54158ff27a4678386ba6507a590d9478,2026-10-04,public-recipe-v1
RDA-91184,가죽부각(가죽자반튀김),https://www.nics.go.kr/food/kfi/tfSrch08/view?menuId=PS03520&tfcode=91184,4,f6747793559b0a99d4493a8340c641da54158ff27a4678386ba6507a590d9478,2026-10-04,public-recipe-v1
RDA-92359,갈치구이,https://www.nics.go.kr/food/kfi/tfSrch08/view?menuId=PS03520&tfcode=92359,4,f6747793559b0a99d4493a8340c641da54158ff27a4678386ba6507a590d9478,2026-10-04,public-recipe-v1
RDA-91446,갈치찌개(갈치호박찌개),https://www.nics.go.kr/food/kfi/tfSrch08/view?menuId=PS03520&tfcode=91446,4,f6747793559b0a99d4493a8340c641da54158ff27a4678386ba6507a590d9478,2026-10-04,public-recipe-v1
RDA-91243,감경단,https://www.nics.go.kr/food/kfi/tfSrch08/view?menuId=PS03520&tfcode=91243,4,f6747793559b0a99d4493a8340c641da54158ff27a4678386ba6507a590d9478,2026-10-04,public-recipe-v1
RDA-91954,감자떡(감자송편),https://www.nics.go.kr/food/kfi/tfSrch08/view?menuId=PS03520&tfcode=91954,4,f6747793559b0a99d4493a8340c641da54158ff27a4678386ba6507a590d9478,2026-10-04,public-recipe-v1
RDA-90989,감자범벅,https://www.nics.go.kr/food/kfi/tfSrch08/view?menuId=PS03520&tfcode=90989,4,f6747793559b0a99d4493a8340c641da54158ff27a4678386ba6507a590d9478,2026-10-04,public-recipe-v1
RDA-90854,감자볶음,https://www.nics.go.kr/food/kfi/tfSrch08/view?menuId=PS03520&tfcode=90854,4,f6747793559b0a99d4493a8340c641da54158ff27a4678386ba6507a590d9478,2026-10-04,public-recipe-v1
RDA-91953,감자붕생이(감자범벅),https://www.nics.go.kr/food/kfi/tfSrch08/view?menuId=PS03520&tfcode=91953,4,f6747793559b0a99d4493a8340c641da54158ff27a4678386ba6507a590d9478,2026-10-04,public-recipe-v1
RDA-91804,감자옹심이,https://www.nics.go.kr/food/kfi/tfSrch08/view?menuId=PS03520&tfcode=91804,4,f6747793559b0a99d4493a8340c641da54158ff27a4678386ba6507a590d9478,2026-10-04,public-recipe-v1
RDA-89656,감자정과,https://www.nics.go.kr/food/kfi/tfSrch08/view?menuId=PS03520&tfcode=89656,4,f6747793559b0a99d4493a8340c641da54158ff27a4678386ba6507a590d9478,2026-10-04,public-recipe-v1
RDA-91957,감자취떡,https://www.nics.go.kr/food/kfi/tfSrch08/view?menuId=PS03520&tfcode=91957,4,f6747793559b0a99d4493a8340c641da54158ff27a4678386ba6507a590d9478,2026-10-04,public-recipe-v1
RDA-92131,갓물김치,https://www.nics.go.kr/food/kfi/tfSrch08/view?menuId=PS03520&tfcode=92131,4,f6747793559b0a99d4493a8340c641da54158ff27a4678386ba6507a590d9478,2026-10-04,public-recipe-v1
RDA-90459,"강화순무밴댕이김치(순무김치, 순무밴댕이김치)",https://www.nics.go.kr/food/kfi/tfSrch08/view?menuId=PS03520&tfcode=90459,4,f6747793559b0a99d4493a8340c641da54158ff27a4678386ba6507a590d9478,2026-10-04,public-recipe-v1
RDA-90390,개성편수,https://www.nics.go.kr/food/kfi/tfSrch08/view?menuId=PS03520&tfcode=90390,4,f6747793559b0a99d4493a8340c641da54158ff27a4678386ba6507a590d9478,2026-10-04,public-recipe-v1
RDA-89505,갱시기(갱싱이죽) <방법 2>,https://www.nics.go.kr/food/kfi/tfSrch08/view?menuId=PS03520&tfcode=89505,4,f6747793559b0a99d4493a8340c641da54158ff27a4678386ba6507a590d9478,2026-10-04,public-recipe-v1
RDA-90969,"갱죽(갱시기,콩나물갱죽)",https://www.nics.go.kr/food/kfi/tfSrch08/view?menuId=PS03520&tfcode=90969,4,f6747793559b0a99d4493a8340c641da54158ff27a4678386ba6507a590d9478,2026-10-04,public-recipe-v1
RDA-90994,"건진국수(안동손국수, 안동칼국수)",https://www.nics.go.kr/food/kfi/tfSrch08/view?menuId=PS03520&tfcode=90994,4,f6747793559b0a99d4493a8340c641da54158ff27a4678386ba6507a590d9478,2026-10-04,public-recipe-v1
RDA-92088,고구마수제비,https://www.nics.go.kr/food/kfi/tfSrch08/view?menuId=PS03520&tfcode=92088,4,f6747793559b0a99d4493a8340c641da54158ff27a4678386ba6507a590d9478,2026-10-04,public-recipe-v1
RDA-91454,고구마순김치(고구마줄기김치),https://www.nics.go.kr/food/kfi/tfSrch08/view?menuId=PS03520&tfcode=91454,4,f6747793559b0a99d4493a8340c641da54158ff27a4678386ba6507a590d9478,2026-10-04,public-recipe-v1
RDA-90323,고구마엿,https://www.nics.go.kr/food/kfi/tfSrch08/view?menuId=PS03520&tfcode=90323,4,f6747793559b0a99d4493a8340c641da54158ff27a4678386ba6507a590d9478,2026-10-04,public-recipe-v1
RDA-90807,고구마줄기나물(볶음),https://www.nics.go.kr/food/kfi/tfSrch08/view?menuId=PS03520&tfcode=90807,4,f6747793559b0a99d4493a8340c641da54158ff27a4678386ba6507a590d9478,2026-10-04,public-recipe-v1
RDA-89930,"고둥죽(보말죽, 고매기죽)",https://www.nics.go.kr/food/kfi/tfSrch08/view?menuId=PS03520&tfcode=89930,4,f6747793559b0a99d4493a8340c641da54158ff27a4678386ba6507a590d9478,2026-10-04,public-recipe-v1
RDA-91017,고등어국,https://www.nics.go.kr/food/kfi/tfSrch08/view?menuId=PS03520&tfcode=91017,4,f6747793559b0a99d4493a8340c641da54158ff27a4678386ba6507a590d9478,2026-10-04,public-recipe-v1
RDA-92364,고등어조림,https://www.nics.go.kr/food/kfi/tfSrch08/view?menuId=PS03520&tfcode=92364,4,f6747793559b0a99d4493a8340c641da54158ff27a4678386ba6507a590d9478,2026-10-04,public-recipe-v1
RDA-90809,고사리나물(볶음),https://www.nics.go.kr/food/kfi/tfSrch08/view?menuId=PS03520&tfcode=90809,4,f6747793559b0a99d4493a8340c641da54158ff27a4678386ba6507a590d9478,2026-10-04,public-recipe-v1
RDA-89560,고추소박이,https://www.nics.go.kr/food/kfi/tfSrch08/view?menuId=PS03520&tfcode=89560,4,f6747793559b0a99d4493a8340c641da54158ff27a4678386ba6507a590d9478,2026-10-04,public-recipe-v1
RDA-91528,고추장물(고추다지개),https://www.nics.go.kr/food/kfi/tfSrch08/view?menuId=PS03520&tfcode=91528,4,f6747793559b0a99d4493a8340c641da54158ff27a4678386ba6507a590d9478,2026-10-04,public-recipe-v1
RDA-91873,곤달비꽁치조림(곤드레꽁치조림),https://www.nics.go.kr/food/kfi/tfSrch08/view?menuId=PS03520&tfcode=91873,4,f6747793559b0a99d4493a8340c641da54158ff27a4678386ba6507a590d9478,2026-10-04,public-recipe-v1
RDA-91764,"곤달비밥(곤드레밥, 곤드레나물밥)",https://www.nics.go.kr/food/kfi/tfSrch08/view?menuId=PS03520&tfcode=91764,4,f6747793559b0a99d4493a8340c641da54158ff27a4678386ba6507a590d9478,2026-10-04,public-recipe-v1
RDA-90746,곰국(곰탕),https://www.nics.go.kr/food/kfi/tfSrch08/view?menuId=PS03520&tfcode=90746,4,f6747793559b0a99d4493a8340c641da54158ff27a4678386ba6507a590d9478,2026-10-04,public-recipe-v1
RDA-90355,공릉장국밥,https://www.nics.go.kr/food/kfi/tfSrch08/view?menuId=PS03520&tfcode=90355,4,f6747793559b0a99d4493a8340c641da54158ff27a4678386ba6507a590d9478,2026-10-04,public-recipe-v1
RDA-89684,공주장국밥,https://www.nics.go.kr/food/kfi/tfSrch08/view?menuId=PS03520&tfcode=89684,4,f6747793559b0a99d4493a8340c641da54158ff27a4678386ba6507a590d9478,2026-10-04,public-recipe-v1
RDA-90635,구름편(구름떡),https://www.nics.go.kr/food/kfi/tfSrch08/view?menuId=PS03520&tfcode=90635,4,f6747793559b0a99d4493a8340c641da54158ff27a4678386ba6507a590d9478,2026-10-04,public-recipe-v1
RDA-90723,국밥,https://www.nics.go.kr/food/kfi/tfSrch08/view?menuId=PS03520&tfcode=90723,4,f6747793559b0a99d4493a8340c641da54158ff27a4678386ba6507a590d9478,2026-10-04,public-recipe-v1
RDA-90736,국수장국,https://www.nics.go.kr/food/kfi/tfSrch08/view?menuId=PS03520&tfcode=90736,4,f6747793559b0a99d4493a8340c641da54158ff27a4678386ba6507a590d9478,2026-10-04,public-recipe-v1
RDA-91249,국화전,https://www.nics.go.kr/food/kfi/tfSrch08/view?menuId=PS03520&tfcode=91249,4,f6747793559b0a99d4493a8340c641da54158ff27a4678386ba6507a590d9478,2026-10-04,public-recipe-v1
RDA-90046,군부물회(군벗물회),https://www.nics.go.kr/food/kfi/tfSrch08/view?menuId=PS03520&tfcode=90046,4,f6747793559b0a99d4493a8340c641da54158ff27a4678386ba6507a590d9478,2026-10-04,public-recipe-v1
RDA-89723,굴냉국,https://www.nics.go.kr/food/kfi/tfSrch08/view?menuId=PS03520&tfcode=89723,4,f6747793559b0a99d4493a8340c641da54158ff27a4678386ba6507a590d9478,2026-10-04,public-recipe-v1
RDA-89686,굴밥,https://www.nics.go.kr/food/kfi/tfSrch08/view?menuId=PS03520&tfcode=89686,4,f6747793559b0a99d4493a8340c641da54158ff27a4678386ba6507a590d9478,2026-10-04,public-recipe-v1
RDA-92360,굴비구이,https://www.nics.go.kr/food/kfi/tfSrch08/view?menuId=PS03520&tfcode=92360,4,f6747793559b0a99d4493a8340c641da54158ff27a4678386ba6507a590d9478,2026-10-04,public-recipe-v1
RDA-89777,굴생채,https://www.nics.go.kr/food/kfi/tfSrch08/view?menuId=PS03520&tfcode=89777,4,f6747793559b0a99d4493a8340c641da54158ff27a4678386ba6507a590d9478,2026-10-04,public-recipe-v1
RDA-92370,굴전,https://www.nics.go.kr/food/kfi/tfSrch08/view?menuId=PS03520&tfcode=92370,4,f6747793559b0a99d4493a8340c641da54158ff27a4678386ba6507a590d9478,2026-10-04,public-recipe-v1
RDA-90258,김부각,https://www.nics.go.kr/food/kfi/tfSrch08/view?menuId=PS03520&tfcode=90258,4,f6747793559b0a99d4493a8340c641da54158ff27a4678386ba6507a590d9478,2026-10-04,public-recipe-v1
RDA-90360,김치죽,https://www.nics.go.kr/food/kfi/tfSrch08/view?menuId=PS03520&tfcode=90360,4,f6747793559b0a99d4493a8340c641da54158ff27a4678386ba6507a590d9478,2026-10-04,public-recipe-v1
RDA-90772,김치찌개,https://www.nics.go.kr/food/kfi/tfSrch08/view?menuId=PS03520&tfcode=90772,4,f6747793559b0a99d4493a8340c641da54158ff27a4678386ba6507a590d9478,2026-10-04,public-recipe-v1
RDA-92350,깍두기,https://www.nics.go.kr/food/kfi/tfSrch08/view?menuId=PS03520&tfcode=92350,4,f6747793559b0a99d4493a8340c641da54158ff27a4678386ba6507a590d9478,2026-10-04,public-recipe-v1
RDA-90292,깨찰편(깨찰시루떡),https://www.nics.go.kr/food/kfi/tfSrch08/view?menuId=PS03520&tfcode=90292,4,f6747793559b0a99d4493a8340c641da54158ff27a4678386ba6507a590d9478,2026-10-04,public-recipe-v1
RDA-90894,꼬막무침,https://www.nics.go.kr/food/kfi/tfSrch08/view?menuId=PS03520&tfcode=90894,4,f6747793559b0a99d4493a8340c641da54158ff27a4678386ba6507a590d9478,2026-10-04,public-recipe-v1
RDA-92606,꼬막찜,https://www.nics.go.kr/food/kfi/tfSrch08/view?menuId=PS03520&tfcode=92606,4,f6747793559b0a99d4493a8340c641da54158ff27a4678386ba6507a590d9478,2026-10-04,public-recipe-v1
RDA-92417,꼴뚜기젓(고록젓),https://www.nics.go.kr/food/kfi/tfSrch08/view?menuId=PS03520&tfcode=92417,4,f6747793559b0a99d4493a8340c641da54158ff27a4678386ba6507a590d9478,2026-10-04,public-recipe-v1
RDA-89807,꽃게찜,https://www.nics.go.kr/food/kfi/tfSrch08/view?menuId=PS03520&tfcode=89807,4,f6747793559b0a99d4493a8340c641da54158ff27a4678386ba6507a590d9478,2026-10-04,public-recipe-v1
RDA-90636,꽃절편,https://www.nics.go.kr/food/kfi/tfSrch08/view?menuId=PS03520&tfcode=90636,4,f6747793559b0a99d4493a8340c641da54158ff27a4678386ba6507a590d9478,2026-10-04,public-recipe-v1
RDA-90856,꽈리고추멸치볶음,https://www.nics.go.kr/food/kfi/tfSrch08/view?menuId=PS03520&tfcode=90856,4,f6747793559b0a99d4493a8340c641da54158ff27a4678386ba6507a590d9478,2026-10-04,public-recipe-v1
RDA-90463,꿩김치,https://www.nics.go.kr/food/kfi/tfSrch08/view?menuId=PS03520&tfcode=90463,4,f6747793559b0a99d4493a8340c641da54158ff27a4678386ba6507a590d9478,2026-10-04,public-recipe-v1
RDA-92100,낙지연포탕,https://www.nics.go.kr/food/kfi/tfSrch08/view?menuId=PS03520&tfcode=92100,4,f6747793559b0a99d4493a8340c641da54158ff27a4678386ba6507a590d9478,2026-10-04,public-recipe-v1
RDA-92172,낙지호롱구이<방법1>,https://www.nics.go.kr/food/kfi/tfSrch08/view?menuId=PS03520&tfcode=92172,4,f6747793559b0a99d4493a8340c641da54158ff27a4678386ba6507a590d9478,2026-10-04,public-recipe-v1
RDA-92173,낙지호롱구이<방법2>,https://www.nics.go.kr/food/kfi/tfSrch08/view?menuId=PS03520&tfcode=92173,4,f6747793559b0a99d4493a8340c641da54158ff27a4678386ba6507a590d9478,2026-10-04,public-recipe-v1
RDA-89727,넙치아욱국,https://www.nics.go.kr/food/kfi/tfSrch08/view?menuId=PS03520&tfcode=89727,4,f6747793559b0a99d4493a8340c641da54158ff27a4678386ba6507a590d9478,2026-10-04,public-recipe-v1
RDA-92265,노비송편(모시잎송편) [방법1],https://www.nics.go.kr/food/kfi/tfSrch08/view?menuId=PS03520&tfcode=92265,5,9609b243757554ee75abc08fe625bcfc471691ee2eff02e7d049acc88feec23f,2026-10-04,public-recipe-v1
RDA-91883,느르미,https://www.nics.go.kr/food/kfi/tfSrch08/view?menuId=PS03520&tfcode=91883,5,9609b243757554ee75abc08fe625bcfc471691ee2eff02e7d049acc88feec23f,2026-10-04,public-recipe-v1
RDA-89571,늙은호박나물,https://www.nics.go.kr/food/kfi/tfSrch08/view?menuId=PS03520&tfcode=89571,5,9609b243757554ee75abc08fe625bcfc471691ee2eff02e7d049acc88feec23f,2026-10-04,public-recipe-v1
RDA-89820,능쟁이게무침,https://www.nics.go.kr/food/kfi/tfSrch08/view?menuId=PS03520&tfcode=89820,5,9609b243757554ee75abc08fe625bcfc471691ee2eff02e7d049acc88feec23f,2026-10-04,public-recipe-v1
RDA-89601,다슬기무침(올갱이무침),https://www.nics.go.kr/food/kfi/tfSrch08/view?menuId=PS03520&tfcode=89601,5,9609b243757554ee75abc08fe625bcfc471691ee2eff02e7d049acc88feec23f,2026-10-04,public-recipe-v1
RDA-89590,다슬기산적(올갱이산적),https://www.nics.go.kr/food/kfi/tfSrch08/view?menuId=PS03520&tfcode=89590,5,9609b243757554ee75abc08fe625bcfc471691ee2eff02e7d049acc88feec23f,2026-10-04,public-recipe-v1
RDA-92376,다시마튀각,https://www.nics.go.kr/food/kfi/tfSrch08/view?menuId=PS03520&tfcode=92376,5,9609b243757554ee75abc08fe625bcfc471691ee2eff02e7d049acc88feec23f,2026-10-04,public-recipe-v1
RDA-90881,달걀찜,https://www.nics.go.kr/food/kfi/tfSrch08/view?menuId=PS03520&tfcode=90881,5,9609b243757554ee75abc08fe625bcfc471691ee2eff02e7d049acc88feec23f,2026-10-04,public-recipe-v1
RDA-91876,닭갈비(춘천닭갈비),https://www.nics.go.kr/food/kfi/tfSrch08/view?menuId=PS03520&tfcode=91876,5,9609b243757554ee75abc08fe625bcfc471691ee2eff02e7d049acc88feec23f,2026-10-04,public-recipe-v1
RDA-89951,닭메밀칼국수(마말칼국수),https://www.nics.go.kr/food/kfi/tfSrch08/view?menuId=PS03520&tfcode=89951,5,9609b243757554ee75abc08fe625bcfc471691ee2eff02e7d049acc88feec23f,2026-10-04,public-recipe-v1
RDA-92333,닭백숙,https://www.nics.go.kr/food/kfi/tfSrch08/view?menuId=PS03520&tfcode=92333,5,9609b243757554ee75abc08fe625bcfc471691ee2eff02e7d049acc88feec23f,2026-10-04,public-recipe-v1
RDA-92367,닭볶음,https://www.nics.go.kr/food/kfi/tfSrch08/view?menuId=PS03520&tfcode=92367,5,9609b243757554ee75abc08fe625bcfc471691ee2eff02e7d049acc88feec23f,2026-10-04,public-recipe-v1
RDA-90404,닭젓국,https://www.nics.go.kr/food/kfi/tfSrch08/view?menuId=PS03520&tfcode=90404,5,9609b243757554ee75abc08fe625bcfc471691ee2eff02e7d049acc88feec23f,2026-10-04,public-recipe-v1
RDA-90732,닭죽,https://www.nics.go.kr/food/kfi/tfSrch08/view?menuId=PS03520&tfcode=90732,5,9609b243757554ee75abc08fe625bcfc471691ee2eff02e7d049acc88feec23f,2026-10-04,public-recipe-v1
RDA-91658,당귀가죽장아찌,https://www.nics.go.kr/food/kfi/tfSrch08/view?menuId=PS03520&tfcode=91658,5,9609b243757554ee75abc08fe625bcfc471691ee2eff02e7d049acc88feec23f,2026-10-04,public-recipe-v1
RDA-91293,대추징조,https://www.nics.go.kr/food/kfi/tfSrch08/view?menuId=PS03520&tfcode=91293,5,9609b243757554ee75abc08fe625bcfc471691ee2eff02e7d049acc88feec23f,2026-10-04,public-recipe-v1
RDA-92056,대통밥,https://www.nics.go.kr/food/kfi/tfSrch08/view?menuId=PS03520&tfcode=92056,5,9609b243757554ee75abc08fe625bcfc471691ee2eff02e7d049acc88feec23f,2026-10-04,public-recipe-v1
RDA-90245,대합찜(생합찜)<방법1>,https://www.nics.go.kr/food/kfi/tfSrch08/view?menuId=PS03520&tfcode=90245,5,9609b243757554ee75abc08fe625bcfc471691ee2eff02e7d049acc88feec23f,2026-10-04,public-recipe-v1
RDA-89579,더덕구이,https://www.nics.go.kr/food/kfi/tfSrch08/view?menuId=PS03520&tfcode=89579,5,9609b243757554ee75abc08fe625bcfc471691ee2eff02e7d049acc88feec23f,2026-10-04,public-recipe-v1
RDA-89562,더덕물김치,https://www.nics.go.kr/food/kfi/tfSrch08/view?menuId=PS03520&tfcode=89562,5,9609b243757554ee75abc08fe625bcfc471691ee2eff02e7d049acc88feec23f,2026-10-04,public-recipe-v1
RDA-89615,더덕장아찌,https://www.nics.go.kr/food/kfi/tfSrch08/view?menuId=PS03520&tfcode=89615,5,9609b243757554ee75abc08fe625bcfc471691ee2eff02e7d049acc88feec23f,2026-10-04,public-recipe-v1
RDA-91728,도라지 · 무 · 연근정과 <도라지정과(도라지전과)>,https://www.nics.go.kr/food/kfi/tfSrch08/view?menuId=PS03520&tfcode=91728,5,9609b243757554ee75abc08fe625bcfc471691ee2eff02e7d049acc88feec23f,2026-10-04,public-recipe-v1
RDA-91729,도라지 · 무 · 연근정과 <무정과(무전과)>,https://www.nics.go.kr/food/kfi/tfSrch08/view?menuId=PS03520&tfcode=91729,5,9609b243757554ee75abc08fe625bcfc471691ee2eff02e7d049acc88feec23f,2026-10-04,public-recipe-v1
RDA-91730,도라지 · 무 · 연근정과 <연근정과(연근전과)>,https://www.nics.go.kr/food/kfi/tfSrch08/view?menuId=PS03520&tfcode=91730,5,9609b243757554ee75abc08fe625bcfc471691ee2eff02e7d049acc88feec23f,2026-10-04,public-recipe-v1
RDA-91517,도라지구이(도라지양념구이),https://www.nics.go.kr/food/kfi/tfSrch08/view?menuId=PS03520&tfcode=91517,5,9609b243757554ee75abc08fe625bcfc471691ee2eff02e7d049acc88feec23f,2026-10-04,public-recipe-v1
RDA-90798,도라지오이무침,https://www.nics.go.kr/food/kfi/tfSrch08/view?menuId=PS03520&tfcode=90798,5,9609b243757554ee75abc08fe625bcfc471691ee2eff02e7d049acc88feec23f,2026-10-04,public-recipe-v1
RDA-89581,도리뱅뱅이<방법 1>,https://www.nics.go.kr/food/kfi/tfSrch08/view?menuId=PS03520&tfcode=89581,5,9609b243757554ee75abc08fe625bcfc471691ee2eff02e7d049acc88feec23f,2026-10-04,public-recipe-v1
RDA-91255,도토리느태(꿀밤느태),https://www.nics.go.kr/food/kfi/tfSrch08/view?menuId=PS03520&tfcode=91255,5,9609b243757554ee75abc08fe625bcfc471691ee2eff02e7d049acc88feec23f,2026-10-04,public-recipe-v1
RDA-91706,도토리떡,https://www.nics.go.kr/food/kfi/tfSrch08/view?menuId=PS03520&tfcode=91706,5,9609b243757554ee75abc08fe625bcfc471691ee2eff02e7d049acc88feec23f,2026-10-04,public-recipe-v1
RDA-89629,도토리떡 <방법1>,https://www.nics.go.kr/food/kfi/tfSrch08/view?menuId=PS03520&tfcode=89629,5,9609b243757554ee75abc08fe625bcfc471691ee2eff02e7d049acc88feec23f,2026-10-04,public-recipe-v1
RDA-89494,도토리묵밥,https://www.nics.go.kr/food/kfi/tfSrch08/view?menuId=PS03520&tfcode=89494,5,9609b243757554ee75abc08fe625bcfc471691ee2eff02e7d049acc88feec23f,2026-10-04,public-recipe-v1
RDA-89687,도토리묵밥(구즉도토리묵밥),https://www.nics.go.kr/food/kfi/tfSrch08/view?menuId=PS03520&tfcode=89687,5,9609b243757554ee75abc08fe625bcfc471691ee2eff02e7d049acc88feec23f,2026-10-04,public-recipe-v1
RDA-89587,도토리전,https://www.nics.go.kr/food/kfi/tfSrch08/view?menuId=PS03520&tfcode=89587,5,9609b243757554ee75abc08fe625bcfc471691ee2eff02e7d049acc88feec23f,2026-10-04,public-recipe-v1
RDA-91530,동태고명지짐이,https://www.nics.go.kr/food/kfi/tfSrch08/view?menuId=PS03520&tfcode=91530,5,9609b243757554ee75abc08fe625bcfc471691ee2eff02e7d049acc88feec23f,2026-10-04,public-recipe-v1
RDA-90752,동태국,https://www.nics.go.kr/food/kfi/tfSrch08/view?menuId=PS03520&tfcode=90752,5,9609b243757554ee75abc08fe625bcfc471691ee2eff02e7d049acc88feec23f,2026-10-04,public-recipe-v1
RDA-90845,동태조림,https://www.nics.go.kr/food/kfi/tfSrch08/view?menuId=PS03520&tfcode=90845,5,9609b243757554ee75abc08fe625bcfc471691ee2eff02e7d049acc88feec23f,2026-10-04,public-recipe-v1
RDA-92349,동태찌개,https://www.nics.go.kr/food/kfi/tfSrch08/view?menuId=PS03520&tfcode=92349,5,9609b243757554ee75abc08fe625bcfc471691ee2eff02e7d049acc88feec23f,2026-10-04,public-recipe-v1
RDA-92373,돼지갈비찜,https://www.nics.go.kr/food/kfi/tfSrch08/view?menuId=PS03520&tfcode=92373,5,9609b243757554ee75abc08fe625bcfc471691ee2eff02e7d049acc88feec23f,2026-10-04,public-recipe-v1
RDA-92362,돼지고기구이,https://www.nics.go.kr/food/kfi/tfSrch08/view?menuId=PS03520&tfcode=92362,5,9609b243757554ee75abc08fe625bcfc471691ee2eff02e7d049acc88feec23f,2026-10-04,public-recipe-v1
RDA-91026,돼지고기국,https://www.nics.go.kr/food/kfi/tfSrch08/view?menuId=PS03520&tfcode=91026,5,9609b243757554ee75abc08fe625bcfc471691ee2eff02e7d049acc88feec23f,2026-10-04,public-recipe-v1
RDA-90859,돼지고기볶음,https://www.nics.go.kr/food/kfi/tfSrch08/view?menuId=PS03520&tfcode=90859,5,9609b243757554ee75abc08fe625bcfc471691ee2eff02e7d049acc88feec23f,2026-10-04,public-recipe-v1
RDA-90873,돼지고기완자전,https://www.nics.go.kr/food/kfi/tfSrch08/view?menuId=PS03520&tfcode=90873,5,9609b243757554ee75abc08fe625bcfc471691ee2eff02e7d049acc88feec23f,2026-10-04,public-recipe-v1
RDA-91886,두릅녹두전,https://www.nics.go.kr/food/kfi/tfSrch08/view?menuId=PS03520&tfcode=91886,5,9609b243757554ee75abc08fe625bcfc471691ee2eff02e7d049acc88feec23f,2026-10-04,public-recipe-v1
RDA-90447,두부새우젓찌개,https://www.nics.go.kr/food/kfi/tfSrch08/view?menuId=PS03520&tfcode=90447,5,9609b243757554ee75abc08fe625bcfc471691ee2eff02e7d049acc88feec23f,2026-10-04,public-recipe-v1
RDA-91082,두부생채,https://www.nics.go.kr/food/kfi/tfSrch08/view?menuId=PS03520&tfcode=91082,5,9609b243757554ee75abc08fe625bcfc471691ee2eff02e7d049acc88feec23f,2026-10-04,public-recipe-v1
RDA-90528,두부적,https://www.nics.go.kr/food/kfi/tfSrch08/view?menuId=PS03520&tfcode=90528,5,9609b243757554ee75abc08fe625bcfc471691ee2eff02e7d049acc88feec23f,2026-10-04,public-recipe-v1
RDA-90647,"두텁떡(봉우리떡, 후병)",https://www.nics.go.kr/food/kfi/tfSrch08/view?menuId=PS03520&tfcode=90647,5,9609b243757554ee75abc08fe625bcfc471691ee2eff02e7d049acc88feec23f,2026-10-04,public-recipe-v1
RDA-92103,디포리쌀뜨물국(디포리쌀뜬물),https://www.nics.go.kr/food/kfi/tfSrch08/view?menuId=PS03520&tfcode=92103,5,9609b243757554ee75abc08fe625bcfc471691ee2eff02e7d049acc88feec23f,2026-10-04,public-recipe-v1
RDA-90564,떡찜,https://www.nics.go.kr/food/kfi/tfSrch08/view?menuId=PS03520&tfcode=90564,5,9609b243757554ee75abc08fe625bcfc471691ee2eff02e7d049acc88feec23f,2026-10-04,public-recipe-v1
RDA-91810,떼북콩국수(쩨북콩국수),https://www.nics.go.kr/food/kfi/tfSrch08/view?menuId=PS03520&tfcode=91810,5,9609b243757554ee75abc08fe625bcfc471691ee2eff02e7d049acc88feec23f,2026-10-04,public-recipe-v1
RDA-91133,마늘산적,https://www.nics.go.kr/food/kfi/tfSrch08/view?menuId=PS03520&tfcode=91133,5,9609b243757554ee75abc08fe625bcfc471691ee2eff02e7d049acc88feec23f,2026-10-04,public-recipe-v1
RDA-91225,마늘장아찌,https://www.nics.go.kr/food/kfi/tfSrch08/view?menuId=PS03520&tfcode=91225,5,9609b243757554ee75abc08fe625bcfc471691ee2eff02e7d049acc88feec23f,2026-10-04,public-recipe-v1
RDA-89583,마른조갯살조림,https://www.nics.go.kr/food/kfi/tfSrch08/view?menuId=PS03520&tfcode=89583,5,9609b243757554ee75abc08fe625bcfc471691ee2eff02e7d049acc88feec23f,2026-10-04,public-recipe-v1
RDA-92192,마른홍어찜,https://www.nics.go.kr/food/kfi/tfSrch08/view?menuId=PS03520&tfcode=92192,5,9609b243757554ee75abc08fe625bcfc471691ee2eff02e7d049acc88feec23f,2026-10-04,public-recipe-v1
RDA-90947,마밥,https://www.nics.go.kr/food/kfi/tfSrch08/view?menuId=PS03520&tfcode=90947,5,9609b243757554ee75abc08fe625bcfc471691ee2eff02e7d049acc88feec23f,2026-10-04,public-recipe-v1
RDA-92104,매생이국(매생이탕),https://www.nics.go.kr/food/kfi/tfSrch08/view?menuId=PS03520&tfcode=92104,5,9609b243757554ee75abc08fe625bcfc471691ee2eff02e7d049acc88feec23f,2026-10-04,public-recipe-v1
RDA-92234,매실고추장장아찌,https://www.nics.go.kr/food/kfi/tfSrch08/view?menuId=PS03520&tfcode=92234,5,9609b243757554ee75abc08fe625bcfc471691ee2eff02e7d049acc88feec23f,2026-10-04,public-recipe-v1
RDA-92289,매실차,https://www.nics.go.kr/food/kfi/tfSrch08/view?menuId=PS03520&tfcode=92289,5,9609b243757554ee75abc08fe625bcfc471691ee2eff02e7d049acc88feec23f,2026-10-04,public-recipe-v1
RDA-90668,매작과,https://www.nics.go.kr/food/kfi/tfSrch08/view?menuId=PS03520&tfcode=90668,5,9609b243757554ee75abc08fe625bcfc471691ee2eff02e7d049acc88feec23f,2026-10-04,public-recipe-v1
RDA-90176,머위탕(머위깻국),https://www.nics.go.kr/food/kfi/tfSrch08/view?menuId=PS03520&tfcode=90176,5,9609b243757554ee75abc08fe625bcfc471691ee2eff02e7d049acc88feec23f,2026-10-04,public-recipe-v1
RDA-91157,"머윗대찜(머위나물찜, 머위들깨찜)",https://www.nics.go.kr/food/kfi/tfSrch08/view?menuId=PS03520&tfcode=91157,5,9609b243757554ee75abc08fe625bcfc471691ee2eff02e7d049acc88feec23f,2026-10-04,public-recipe-v1
RDA-89940,"메밀고구마범벅(감제범벅, 는쟁이범벅)",https://www.nics.go.kr/food/kfi/tfSrch08/view?menuId=PS03520&tfcode=89940,5,9609b243757554ee75abc08fe625bcfc471691ee2eff02e7d049acc88feec23f,2026-10-04,public-recipe-v1
RDA-91814,메밀묵채국수,https://www.nics.go.kr/food/kfi/tfSrch08/view?menuId=PS03520&tfcode=91814,5,9609b243757554ee75abc08fe625bcfc471691ee2eff02e7d049acc88feec23f,2026-10-04,public-recipe-v1
RDA-91815,메밀콧등치기 <방법1>,https://www.nics.go.kr/food/kfi/tfSrch08/view?menuId=PS03520&tfcode=91815,5,9609b243757554ee75abc08fe625bcfc471691ee2eff02e7d049acc88feec23f,2026-10-04,public-recipe-v1
RDA-91935,명태식해(명태밥식해),https://www.nics.go.kr/food/kfi/tfSrch08/view?menuId=PS03520&tfcode=91935,5,9609b243757554ee75abc08fe625bcfc471691ee2eff02e7d049acc88feec23f,2026-10-04,public-recipe-v1
RDA-90692,모과청과화채,https://www.nics.go.kr/food/kfi/tfSrch08/view?menuId=PS03520&tfcode=90692,5,9609b243757554ee75abc08fe625bcfc471691ee2eff02e7d049acc88feec23f,2026-10-04,public-recipe-v1
RDA-90295,모시잎송편,https://www.nics.go.kr/food/kfi/tfSrch08/view?menuId=PS03520&tfcode=90295,5,9609b243757554ee75abc08fe625bcfc471691ee2eff02e7d049acc88feec23f,2026-10-04,public-recipe-v1
RDA-92276,모약과,https://www.nics.go.kr/food/kfi/tfSrch08/view?menuId=PS03520&tfcode=92276,5,9609b243757554ee75abc08fe625bcfc471691ee2eff02e7d049acc88feec23f,2026-10-04,public-recipe-v1
RDA-89965,"모자반국(몸국, 몰망국)<방법1>",https://www.nics.go.kr/food/kfi/tfSrch08/view?menuId=PS03520&tfcode=89965,5,9609b243757554ee75abc08fe625bcfc471691ee2eff02e7d049acc88feec23f,2026-10-04,public-recipe-v1
RDA-90008,모자반무침(몸무침)<방법 1>,https://www.nics.go.kr/food/kfi/tfSrch08/view?menuId=PS03520&tfcode=90008,5,9609b243757554ee75abc08fe625bcfc471691ee2eff02e7d049acc88feec23f,2026-10-04,public-recipe-v1
RDA-90760,"무국(쇠고기무국, 무맑은장국)",https://www.nics.go.kr/food/kfi/tfSrch08/view?menuId=PS03520&tfcode=90760,6,48b433834cfa13df62244390c83ac90d8f407525a5ee0859d8ad17502698f547,2026-10-04,public-recipe-v1
RDA-90148,무릇죽,https://www.nics.go.kr/food/kfi/tfSrch08/view?menuId=PS03520&tfcode=90148,6,48b433834cfa13df62244390c83ac90d8f407525a5ee0859d8ad17502698f547,2026-10-04,public-recipe-v1
RDA-91226,무말랭이장아찌,https://www.nics.go.kr/food/kfi/tfSrch08/view?menuId=PS03520&tfcode=91226,6,48b433834cfa13df62244390c83ac90d8f407525a5ee0859d8ad17502698f547,2026-10-04,public-recipe-v1
RDA-92181,무왁저지(왁대기)<방법1>,https://www.nics.go.kr/food/kfi/tfSrch08/view?menuId=PS03520&tfcode=92181,6,48b433834cfa13df62244390c83ac90d8f407525a5ee0859d8ad17502698f547,2026-10-04,public-recipe-v1
RDA-89552,무청시래기찌개,https://www.nics.go.kr/food/kfi/tfSrch08/view?menuId=PS03520&tfcode=89552,6,48b433834cfa13df62244390c83ac90d8f407525a5ee0859d8ad17502698f547,2026-10-04,public-recipe-v1
RDA-91032,묵나물콩가루국,https://www.nics.go.kr/food/kfi/tfSrch08/view?menuId=PS03520&tfcode=91032,6,48b433834cfa13df62244390c83ac90d8f407525a5ee0859d8ad17502698f547,2026-10-04,public-recipe-v1
RDA-89843,묵장아찌,https://www.nics.go.kr/food/kfi/tfSrch08/view?menuId=PS03520&tfcode=89843,6,48b433834cfa13df62244390c83ac90d8f407525a5ee0859d8ad17502698f547,2026-10-04,public-recipe-v1
RDA-90737,물냉면<방법1>,https://www.nics.go.kr/food/kfi/tfSrch08/view?menuId=PS03520&tfcode=90737,6,48b433834cfa13df62244390c83ac90d8f407525a5ee0859d8ad17502698f547,2026-10-04,public-recipe-v1
RDA-91595,미더덕들깨찜,https://www.nics.go.kr/food/kfi/tfSrch08/view?menuId=PS03520&tfcode=91595,6,48b433834cfa13df62244390c83ac90d8f407525a5ee0859d8ad17502698f547,2026-10-04,public-recipe-v1
RDA-91596,미더덕찜,https://www.nics.go.kr/food/kfi/tfSrch08/view?menuId=PS03520&tfcode=91596,6,48b433834cfa13df62244390c83ac90d8f407525a5ee0859d8ad17502698f547,2026-10-04,public-recipe-v1
RDA-89967,미역냉국(메역냉국),https://www.nics.go.kr/food/kfi/tfSrch08/view?menuId=PS03520&tfcode=89967,6,48b433834cfa13df62244390c83ac90d8f407525a5ee0859d8ad17502698f547,2026-10-04,public-recipe-v1
RDA-90754,미역오이냉국,https://www.nics.go.kr/food/kfi/tfSrch08/view?menuId=PS03520&tfcode=90754,6,48b433834cfa13df62244390c83ac90d8f407525a5ee0859d8ad17502698f547,2026-10-04,public-recipe-v1
RDA-89599,민물비빔회(청풍향어비빔회),https://www.nics.go.kr/food/kfi/tfSrch08/view?menuId=PS03520&tfcode=89599,6,48b433834cfa13df62244390c83ac90d8f407525a5ee0859d8ad17502698f547,2026-10-04,public-recipe-v1
RDA-90449,민어찌개(암치지짐이),https://www.nics.go.kr/food/kfi/tfSrch08/view?menuId=PS03520&tfcode=90449,6,48b433834cfa13df62244390c83ac90d8f407525a5ee0859d8ad17502698f547,2026-10-04,public-recipe-v1
RDA-89730,밀국낙지탕,https://www.nics.go.kr/food/kfi/tfSrch08/view?menuId=PS03520&tfcode=89730,6,48b433834cfa13df62244390c83ac90d8f407525a5ee0859d8ad17502698f547,2026-10-04,public-recipe-v1
RDA-89698,바지락죽,https://www.nics.go.kr/food/kfi/tfSrch08/view?menuId=PS03520&tfcode=89698,6,48b433834cfa13df62244390c83ac90d8f407525a5ee0859d8ad17502698f547,2026-10-04,public-recipe-v1
RDA-92206,바지락회무침,https://www.nics.go.kr/food/kfi/tfSrch08/view?menuId=PS03520&tfcode=92206,6,48b433834cfa13df62244390c83ac90d8f407525a5ee0859d8ad17502698f547,2026-10-04,public-recipe-v1
RDA-89835,박대묵,https://www.nics.go.kr/food/kfi/tfSrch08/view?menuId=PS03520&tfcode=89835,6,48b433834cfa13df62244390c83ac90d8f407525a5ee0859d8ad17502698f547,2026-10-04,public-recipe-v1
RDA-92157,박속나물,https://www.nics.go.kr/food/kfi/tfSrch08/view?menuId=PS03520&tfcode=92157,6,48b433834cfa13df62244390c83ac90d8f407525a5ee0859d8ad17502698f547,2026-10-04,public-recipe-v1
RDA-89731,박속낙지탕,https://www.nics.go.kr/food/kfi/tfSrch08/view?menuId=PS03520&tfcode=89731,6,48b433834cfa13df62244390c83ac90d8f407525a5ee0859d8ad17502698f547,2026-10-04,public-recipe-v1
RDA-89850,박하지게장(바우지게장),https://www.nics.go.kr/food/kfi/tfSrch08/view?menuId=PS03520&tfcode=89850,6,48b433834cfa13df62244390c83ac90d8f407525a5ee0859d8ad17502698f547,2026-10-04,public-recipe-v1
RDA-91783,방풍죽(강릉방풍죽),https://www.nics.go.kr/food/kfi/tfSrch08/view?menuId=PS03520&tfcode=91783,6,48b433834cfa13df62244390c83ac90d8f407525a5ee0859d8ad17502698f547,2026-10-04,public-recipe-v1
RDA-90467,배추김치,https://www.nics.go.kr/food/kfi/tfSrch08/view?menuId=PS03520&tfcode=90467,6,48b433834cfa13df62244390c83ac90d8f407525a5ee0859d8ad17502698f547,2026-10-04,public-recipe-v1
RDA-92351,배추김치,https://www.nics.go.kr/food/kfi/tfSrch08/view?menuId=PS03520&tfcode=92351,6,48b433834cfa13df62244390c83ac90d8f407525a5ee0859d8ad17502698f547,2026-10-04,public-recipe-v1
RDA-91136,배추전,https://www.nics.go.kr/food/kfi/tfSrch08/view?menuId=PS03520&tfcode=91136,6,48b433834cfa13df62244390c83ac90d8f407525a5ee0859d8ad17502698f547,2026-10-04,public-recipe-v1
RDA-90610,배춧잎장아찌,https://www.nics.go.kr/food/kfi/tfSrch08/view?menuId=PS03520&tfcode=90610,6,48b433834cfa13df62244390c83ac90d8f407525a5ee0859d8ad17502698f547,2026-10-04,public-recipe-v1
RDA-92352,백김치,https://www.nics.go.kr/food/kfi/tfSrch08/view?menuId=PS03520&tfcode=92352,6,48b433834cfa13df62244390c83ac90d8f407525a5ee0859d8ad17502698f547,2026-10-04,public-recipe-v1
RDA-89786,백마강장어구이,https://www.nics.go.kr/food/kfi/tfSrch08/view?menuId=PS03520&tfcode=89786,6,48b433834cfa13df62244390c83ac90d8f407525a5ee0859d8ad17502698f547,2026-10-04,public-recipe-v1
RDA-90678,"백자편(잣엿강정, 잣박산)",https://www.nics.go.kr/food/kfi/tfSrch08/view?menuId=PS03520&tfcode=90678,6,48b433834cfa13df62244390c83ac90d8f407525a5ee0859d8ad17502698f547,2026-10-04,public-recipe-v1
RDA-89739,뱅어국(실치시금치국),https://www.nics.go.kr/food/kfi/tfSrch08/view?menuId=PS03520&tfcode=89739,6,48b433834cfa13df62244390c83ac90d8f407525a5ee0859d8ad17502698f547,2026-10-04,public-recipe-v1
RDA-89825,뱅어회(실치회),https://www.nics.go.kr/food/kfi/tfSrch08/view?menuId=PS03520&tfcode=89825,6,48b433834cfa13df62244390c83ac90d8f407525a5ee0859d8ad17502698f547,2026-10-04,public-recipe-v1
RDA-90451,병어감정,https://www.nics.go.kr/food/kfi/tfSrch08/view?menuId=PS03520&tfcode=90451,6,48b433834cfa13df62244390c83ac90d8f407525a5ee0859d8ad17502698f547,2026-10-04,public-recipe-v1
RDA-92338,보리밥,https://www.nics.go.kr/food/kfi/tfSrch08/view?menuId=PS03520&tfcode=92338,6,48b433834cfa13df62244390c83ac90d8f407525a5ee0859d8ad17502698f547,2026-10-04,public-recipe-v1
RDA-89888,"보리식혜(보리감주, 보리단술)",https://www.nics.go.kr/food/kfi/tfSrch08/view?menuId=PS03520&tfcode=89888,6,48b433834cfa13df62244390c83ac90d8f407525a5ee0859d8ad17502698f547,2026-10-04,public-recipe-v1
RDA-89509,보리죽,https://www.nics.go.kr/food/kfi/tfSrch08/view?menuId=PS03520&tfcode=89509,6,48b433834cfa13df62244390c83ac90d8f407525a5ee0859d8ad17502698f547,2026-10-04,public-recipe-v1
RDA-91417,복국,https://www.nics.go.kr/food/kfi/tfSrch08/view?menuId=PS03520&tfcode=91417,6,48b433834cfa13df62244390c83ac90d8f407525a5ee0859d8ad17502698f547,2026-10-04,public-recipe-v1
RDA-92477,북어찜,https://www.nics.go.kr/food/kfi/tfSrch08/view?menuId=PS03520&tfcode=92477,6,48b433834cfa13df62244390c83ac90d8f407525a5ee0859d8ad17502698f547,2026-10-04,public-recipe-v1
RDA-92522,북엇국,https://www.nics.go.kr/food/kfi/tfSrch08/view?menuId=PS03520&tfcode=92522,6,48b433834cfa13df62244390c83ac90d8f407525a5ee0859d8ad17502698f547,2026-10-04,public-recipe-v1
RDA-89596,붕어찜,https://www.nics.go.kr/food/kfi/tfSrch08/view?menuId=PS03520&tfcode=89596,6,48b433834cfa13df62244390c83ac90d8f407525a5ee0859d8ad17502698f547,2026-10-04,public-recipe-v1
RDA-90248,붕어찜,https://www.nics.go.kr/food/kfi/tfSrch08/view?menuId=PS03520&tfcode=90248,6,48b433834cfa13df62244390c83ac90d8f407525a5ee0859d8ad17502698f547,2026-10-04,public-recipe-v1
RDA-90468,비늘김치,https://www.nics.go.kr/food/kfi/tfSrch08/view?menuId=PS03520&tfcode=90468,6,48b433834cfa13df62244390c83ac90d8f407525a5ee0859d8ad17502698f547,2026-10-04,public-recipe-v1
RDA-91715,비빔떡,https://www.nics.go.kr/food/kfi/tfSrch08/view?menuId=PS03520&tfcode=91715,6,48b433834cfa13df62244390c83ac90d8f407525a5ee0859d8ad17502698f547,2026-10-04,public-recipe-v1
RDA-92280,비자강정,https://www.nics.go.kr/food/kfi/tfSrch08/view?menuId=PS03520&tfcode=92280,6,48b433834cfa13df62244390c83ac90d8f407525a5ee0859d8ad17502698f547,2026-10-04,public-recipe-v1
RDA-90877,빈대떡,https://www.nics.go.kr/food/kfi/tfSrch08/view?menuId=PS03520&tfcode=90877,6,48b433834cfa13df62244390c83ac90d8f407525a5ee0859d8ad17502698f547,2026-10-04,public-recipe-v1
RDA-90101,"빙떡(멍석떡, 쟁기떡, 전기떡)",https://www.nics.go.kr/food/kfi/tfSrch08/view?menuId=PS03520&tfcode=90101,6,48b433834cfa13df62244390c83ac90d8f407525a5ee0859d8ad17502698f547,2026-10-04,public-recipe-v1
RDA-89572,산나물무침,https://www.nics.go.kr/food/kfi/tfSrch08/view?menuId=PS03520&tfcode=89572,6,48b433834cfa13df62244390c83ac90d8f407525a5ee0859d8ad17502698f547,2026-10-04,public-recipe-v1
RDA-91838,삼세기탕(삼숙이탕) <방법1>,https://www.nics.go.kr/food/kfi/tfSrch08/view?menuId=PS03520&tfcode=91838,6,48b433834cfa13df62244390c83ac90d8f407525a5ee0859d8ad17502698f547,2026-10-04,public-recipe-v1
RDA-91105,상어구이(돔배기구이),https://www.nics.go.kr/food/kfi/tfSrch08/view?menuId=PS03520&tfcode=91105,6,48b433834cfa13df62244390c83ac90d8f407525a5ee0859d8ad17502698f547,2026-10-04,public-recipe-v1
RDA-89553,새뱅이찌개(민물새우찌개),https://www.nics.go.kr/food/kfi/tfSrch08/view?menuId=PS03520&tfcode=89553,6,48b433834cfa13df62244390c83ac90d8f407525a5ee0859d8ad17502698f547,2026-10-04,public-recipe-v1
RDA-90416,새알심미역국,https://www.nics.go.kr/food/kfi/tfSrch08/view?menuId=PS03520&tfcode=90416,6,48b433834cfa13df62244390c83ac90d8f407525a5ee0859d8ad17502698f547,2026-10-04,public-recipe-v1
RDA-92514,생떡국,https://www.nics.go.kr/food/kfi/tfSrch08/view?menuId=PS03520&tfcode=92514,6,48b433834cfa13df62244390c83ac90d8f407525a5ee0859d8ad17502698f547,2026-10-04,public-recipe-v1
RDA-89520,생선국수,https://www.nics.go.kr/food/kfi/tfSrch08/view?menuId=PS03520&tfcode=89520,6,48b433834cfa13df62244390c83ac90d8f407525a5ee0859d8ad17502698f547,2026-10-04,public-recipe-v1
RDA-91073,생태나박김치,https://www.nics.go.kr/food/kfi/tfSrch08/view?menuId=PS03520&tfcode=91073,6,48b433834cfa13df62244390c83ac90d8f407525a5ee0859d8ad17502698f547,2026-10-04,public-recipe-v1
RDA-91855,서거리깍두기,https://www.nics.go.kr/food/kfi/tfSrch08/view?menuId=PS03520&tfcode=91855,6,48b433834cfa13df62244390c83ac90d8f407525a5ee0859d8ad17502698f547,2026-10-04,public-recipe-v1
RDA-92208,"서대회(서대회무침, 박대회무침)",https://www.nics.go.kr/food/kfi/tfSrch08/view?menuId=PS03520&tfcode=92208,6,48b433834cfa13df62244390c83ac90d8f407525a5ee0859d8ad17502698f547,2026-10-04,public-recipe-v1
RDA-89854,서산어리굴젓,https://www.nics.go.kr/food/kfi/tfSrch08/view?menuId=PS03520&tfcode=89854,6,48b433834cfa13df62244390c83ac90d8f407525a5ee0859d8ad17502698f547,2026-10-04,public-recipe-v1
RDA-90682,서여향병,https://www.nics.go.kr/food/kfi/tfSrch08/view?menuId=PS03520&tfcode=90682,6,48b433834cfa13df62244390c83ac90d8f407525a5ee0859d8ad17502698f547,2026-10-04,public-recipe-v1
RDA-91301,석감주,https://www.nics.go.kr/food/kfi/tfSrch08/view?menuId=PS03520&tfcode=91301,6,48b433834cfa13df62244390c83ac90d8f407525a5ee0859d8ad17502698f547,2026-10-04,public-recipe-v1
RDA-89737,세모국〈방법1〉,https://www.nics.go.kr/food/kfi/tfSrch08/view?menuId=PS03520&tfcode=89737,6,48b433834cfa13df62244390c83ac90d8f407525a5ee0859d8ad17502698f547,2026-10-04,public-recipe-v1
RDA-90761,쇠고기미역국(미역국),https://www.nics.go.kr/food/kfi/tfSrch08/view?menuId=PS03520&tfcode=90761,6,48b433834cfa13df62244390c83ac90d8f407525a5ee0859d8ad17502698f547,2026-10-04,public-recipe-v1
RDA-90835,쇠고기불고기(너비아니) <방법1>,https://www.nics.go.kr/food/kfi/tfSrch08/view?menuId=PS03520&tfcode=90835,6,48b433834cfa13df62244390c83ac90d8f407525a5ee0859d8ad17502698f547,2026-10-04,public-recipe-v1
RDA-92519,쇠고기숯불구이(광양숯불고기),https://www.nics.go.kr/food/kfi/tfSrch08/view?menuId=PS03520&tfcode=92519,6,48b433834cfa13df62244390c83ac90d8f407525a5ee0859d8ad17502698f547,2026-10-04,public-recipe-v1
RDA-90850,쇠고기장조림,https://www.nics.go.kr/food/kfi/tfSrch08/view?menuId=PS03520&tfcode=90850,6,48b433834cfa13df62244390c83ac90d8f407525a5ee0859d8ad17502698f547,2026-10-04,public-recipe-v1
RDA-91910,쇠미역도라지자반,https://www.nics.go.kr/food/kfi/tfSrch08/view?menuId=PS03520&tfcode=91910,6,48b433834cfa13df62244390c83ac90d8f407525a5ee0859d8ad17502698f547,2026-10-04,public-recipe-v1
RDA-92479,수삼강회,https://www.nics.go.kr/food/kfi/tfSrch08/view?menuId=PS03520&tfcode=92479,6,48b433834cfa13df62244390c83ac90d8f407525a5ee0859d8ad17502698f547,2026-10-04,public-recipe-v1
RDA-91985,수수제비치(수수부꾸미),https://www.nics.go.kr/food/kfi/tfSrch08/view?menuId=PS03520&tfcode=91985,6,48b433834cfa13df62244390c83ac90d8f407525a5ee0859d8ad17502698f547,2026-10-04,public-recipe-v1
RDA-91986,수수팥시루떡,https://www.nics.go.kr/food/kfi/tfSrch08/view?menuId=PS03520&tfcode=91986,6,48b433834cfa13df62244390c83ac90d8f407525a5ee0859d8ad17502698f547,2026-10-04,public-recipe-v1
RDA-89517,수숫가루범벅,https://www.nics.go.kr/food/kfi/tfSrch08/view?menuId=PS03520&tfcode=89517,6,48b433834cfa13df62244390c83ac90d8f407525a5ee0859d8ad17502698f547,2026-10-04,public-recipe-v1
RDA-90472,숙깍두기,https://www.nics.go.kr/food/kfi/tfSrch08/view?menuId=PS03520&tfcode=90472,6,48b433834cfa13df62244390c83ac90d8f407525a5ee0859d8ad17502698f547,2026-10-04,public-recipe-v1
RDA-90908,순대,https://www.nics.go.kr/food/kfi/tfSrch08/view?menuId=PS03520&tfcode=90908,6,48b433834cfa13df62244390c83ac90d8f407525a5ee0859d8ad17502698f547,2026-10-04,public-recipe-v1
RDA-90778,순두부찌개,https://www.nics.go.kr/food/kfi/tfSrch08/view?menuId=PS03520&tfcode=90778,7,819ef8449c4299750b9ad7cd1770aacec16431ed21090d331847e4559e203f66,2026-10-04,public-recipe-v1
RDA-90818,시금치나물,https://www.nics.go.kr/food/kfi/tfSrch08/view?menuId=PS03520&tfcode=90818,7,819ef8449c4299750b9ad7cd1770aacec16431ed21090d331847e4559e203f66,2026-10-04,public-recipe-v1
RDA-91095,시래기나물(시래기된장무침),https://www.nics.go.kr/food/kfi/tfSrch08/view?menuId=PS03520&tfcode=91095,7,819ef8449c4299750b9ad7cd1770aacec16431ed21090d331847e4559e203f66,2026-10-04,public-recipe-v1
RDA-90763,시래기된장국(시래기국),https://www.nics.go.kr/food/kfi/tfSrch08/view?menuId=PS03520&tfcode=90763,7,819ef8449c4299750b9ad7cd1770aacec16431ed21090d331847e4559e203f66,2026-10-04,public-recipe-v1
RDA-90928,시루떡,https://www.nics.go.kr/food/kfi/tfSrch08/view?menuId=PS03520&tfcode=90928,7,819ef8449c4299750b9ad7cd1770aacec16431ed21090d331847e4559e203f66,2026-10-04,public-recipe-v1
RDA-89537,쏘가리매운탕,https://www.nics.go.kr/food/kfi/tfSrch08/view?menuId=PS03520&tfcode=89537,7,819ef8449c4299750b9ad7cd1770aacec16431ed21090d331847e4559e203f66,2026-10-04,public-recipe-v1
RDA-90659,쑥굴레,https://www.nics.go.kr/food/kfi/tfSrch08/view?menuId=PS03520&tfcode=90659,7,819ef8449c4299750b9ad7cd1770aacec16431ed21090d331847e4559e203f66,2026-10-04,public-recipe-v1
RDA-89527,쑥칼국수,https://www.nics.go.kr/food/kfi/tfSrch08/view?menuId=PS03520&tfcode=89527,7,819ef8449c4299750b9ad7cd1770aacec16431ed21090d331847e4559e203f66,2026-10-04,public-recipe-v1
RDA-91304,안동식혜,https://www.nics.go.kr/food/kfi/tfSrch08/view?menuId=PS03520&tfcode=91304,7,819ef8449c4299750b9ad7cd1770aacec16431ed21090d331847e4559e203f66,2026-10-04,public-recipe-v1
RDA-92626,애호박젓국찌개,https://www.nics.go.kr/food/kfi/tfSrch08/view?menuId=PS03520&tfcode=92626,7,819ef8449c4299750b9ad7cd1770aacec16431ed21090d331847e4559e203f66,2026-10-04,public-recipe-v1
RDA-92387,약과,https://www.nics.go.kr/food/kfi/tfSrch08/view?menuId=PS03520&tfcode=92387,7,819ef8449c4299750b9ad7cd1770aacec16431ed21090d331847e4559e203f66,2026-10-04,public-recipe-v1
RDA-89868,약편,https://www.nics.go.kr/food/kfi/tfSrch08/view?menuId=PS03520&tfcode=89868,7,819ef8449c4299750b9ad7cd1770aacec16431ed21090d331847e4559e203f66,2026-10-04,public-recipe-v1
RDA-92645,양하꽃대무침(양애깐무침),https://www.nics.go.kr/food/kfi/tfSrch08/view?menuId=PS03520&tfcode=92645,7,819ef8449c4299750b9ad7cd1770aacec16431ed21090d331847e4559e203f66,2026-10-04,public-recipe-v1
RDA-90427,어글탕(북어껍질탕),https://www.nics.go.kr/food/kfi/tfSrch08/view?menuId=PS03520&tfcode=90427,7,819ef8449c4299750b9ad7cd1770aacec16431ed21090d331847e4559e203f66,2026-10-04,public-recipe-v1
RDA-91377,어탕국수(추어탕국수),https://www.nics.go.kr/food/kfi/tfSrch08/view?menuId=PS03520&tfcode=91377,7,819ef8449c4299750b9ad7cd1770aacec16431ed21090d331847e4559e203f66,2026-10-04,public-recipe-v1
RDA-91522,언양불고기,https://www.nics.go.kr/food/kfi/tfSrch08/view?menuId=PS03520&tfcode=91522,7,819ef8449c4299750b9ad7cd1770aacec16431ed21090d331847e4559e203f66,2026-10-04,public-recipe-v1
RDA-90660,여주산병,https://www.nics.go.kr/food/kfi/tfSrch08/view?menuId=PS03520&tfcode=90660,7,819ef8449c4299750b9ad7cd1770aacec16431ed21090d331847e4559e203f66,2026-10-04,public-recipe-v1
RDA-90366,연근죽,https://www.nics.go.kr/food/kfi/tfSrch08/view?menuId=PS03520&tfcode=90366,7,819ef8449c4299750b9ad7cd1770aacec16431ed21090d331847e4559e203f66,2026-10-04,public-recipe-v1
RDA-91337,"열무된장비빔밥(열무보리밥, 열무비빔밥)",https://www.nics.go.kr/food/kfi/tfSrch08/view?menuId=PS03520&tfcode=91337,7,819ef8449c4299750b9ad7cd1770aacec16431ed21090d331847e4559e203f66,2026-10-04,public-recipe-v1
RDA-91774,영월장릉 보리밥,https://www.nics.go.kr/food/kfi/tfSrch08/view?menuId=PS03520&tfcode=91774,7,819ef8449c4299750b9ad7cd1770aacec16431ed21090d331847e4559e203f66,2026-10-04,public-recipe-v1
RDA-89741,오골계탕,https://www.nics.go.kr/food/kfi/tfSrch08/view?menuId=PS03520&tfcode=89741,7,819ef8449c4299750b9ad7cd1770aacec16431ed21090d331847e4559e203f66,2026-10-04,public-recipe-v1
RDA-90431,오이냉국(오이창국),https://www.nics.go.kr/food/kfi/tfSrch08/view?menuId=PS03520&tfcode=90431,7,819ef8449c4299750b9ad7cd1770aacec16431ed21090d331847e4559e203f66,2026-10-04,public-recipe-v1
RDA-92355,오이소박이,https://www.nics.go.kr/food/kfi/tfSrch08/view?menuId=PS03520&tfcode=92355,7,819ef8449c4299750b9ad7cd1770aacec16431ed21090d331847e4559e203f66,2026-10-04,public-recipe-v1
RDA-92379,오이장아찌,https://www.nics.go.kr/food/kfi/tfSrch08/view?menuId=PS03520&tfcode=92379,7,819ef8449c4299750b9ad7cd1770aacec16431ed21090d331847e4559e203f66,2026-10-04,public-recipe-v1
RDA-90805,오이지무침,https://www.nics.go.kr/food/kfi/tfSrch08/view?menuId=PS03520&tfcode=90805,7,819ef8449c4299750b9ad7cd1770aacec16431ed21090d331847e4559e203f66,2026-10-04,public-recipe-v1
RDA-92685,오징어물회,https://www.nics.go.kr/food/kfi/tfSrch08/view?menuId=PS03520&tfcode=92685,7,819ef8449c4299750b9ad7cd1770aacec16431ed21090d331847e4559e203f66,2026-10-04,public-recipe-v1
RDA-91871,오징어불고기,https://www.nics.go.kr/food/kfi/tfSrch08/view?menuId=PS03520&tfcode=91871,7,819ef8449c4299750b9ad7cd1770aacec16431ed21090d331847e4559e203f66,2026-10-04,public-recipe-v1
RDA-91916,오징어순대,https://www.nics.go.kr/food/kfi/tfSrch08/view?menuId=PS03520&tfcode=91916,7,819ef8449c4299750b9ad7cd1770aacec16431ed21090d331847e4559e203f66,2026-10-04,public-recipe-v1
RDA-90919,오징어젓,https://www.nics.go.kr/food/kfi/tfSrch08/view?menuId=PS03520&tfcode=90919,7,819ef8449c4299750b9ad7cd1770aacec16431ed21090d331847e4559e203f66,2026-10-04,public-recipe-v1
RDA-90779,오징어찌개,https://www.nics.go.kr/food/kfi/tfSrch08/view?menuId=PS03520&tfcode=90779,7,819ef8449c4299750b9ad7cd1770aacec16431ed21090d331847e4559e203f66,2026-10-04,public-recipe-v1
RDA-89540,옥계백숙,https://www.nics.go.kr/food/kfi/tfSrch08/view?menuId=PS03520&tfcode=89540,7,819ef8449c4299750b9ad7cd1770aacec16431ed21090d331847e4559e203f66,2026-10-04,public-recipe-v1
RDA-89979,옥돔미역국,https://www.nics.go.kr/food/kfi/tfSrch08/view?menuId=PS03520&tfcode=89979,7,819ef8449c4299750b9ad7cd1770aacec16431ed21090d331847e4559e203f66,2026-10-04,public-recipe-v1
RDA-90726,완두콩밥,https://www.nics.go.kr/food/kfi/tfSrch08/view?menuId=PS03520&tfcode=90726,7,819ef8449c4299750b9ad7cd1770aacec16431ed21090d331847e4559e203f66,2026-10-04,public-recipe-v1
RDA-90616,용인오이지(용인외지),https://www.nics.go.kr/food/kfi/tfSrch08/view?menuId=PS03520&tfcode=90616,7,819ef8449c4299750b9ad7cd1770aacec16431ed21090d331847e4559e203f66,2026-10-04,public-recipe-v1
RDA-92469,우거지찌개,https://www.nics.go.kr/food/kfi/tfSrch08/view?menuId=PS03520&tfcode=92469,7,819ef8449c4299750b9ad7cd1770aacec16431ed21090d331847e4559e203f66,2026-10-04,public-recipe-v1
RDA-92499,우렁이쌈장,https://www.nics.go.kr/food/kfi/tfSrch08/view?menuId=PS03520&tfcode=92499,7,819ef8449c4299750b9ad7cd1770aacec16431ed21090d331847e4559e203f66,2026-10-04,public-recipe-v1
RDA-90633,"우메기떡(개성주악,우메기)",https://www.nics.go.kr/food/kfi/tfSrch08/view?menuId=PS03520&tfcode=90633,7,819ef8449c4299750b9ad7cd1770aacec16431ed21090d331847e4559e203f66,2026-10-04,public-recipe-v1
RDA-92295,우무콩물(우무콩국),https://www.nics.go.kr/food/kfi/tfSrch08/view?menuId=PS03520&tfcode=92295,7,819ef8449c4299750b9ad7cd1770aacec16431ed21090d331847e4559e203f66,2026-10-04,public-recipe-v1
RDA-91076,우엉김치,https://www.nics.go.kr/food/kfi/tfSrch08/view?menuId=PS03520&tfcode=91076,7,819ef8449c4299750b9ad7cd1770aacec16431ed21090d331847e4559e203f66,2026-10-04,public-recipe-v1
RDA-90852,우엉조림,https://www.nics.go.kr/food/kfi/tfSrch08/view?menuId=PS03520&tfcode=90852,7,819ef8449c4299750b9ad7cd1770aacec16431ed21090d331847e4559e203f66,2026-10-04,public-recipe-v1
RDA-92561,우찌지,https://www.nics.go.kr/food/kfi/tfSrch08/view?menuId=PS03520&tfcode=92561,7,819ef8449c4299750b9ad7cd1770aacec16431ed21090d331847e4559e203f66,2026-10-04,public-recipe-v1
RDA-89826,위어회(우어회),https://www.nics.go.kr/food/kfi/tfSrch08/view?menuId=PS03520&tfcode=89826,7,819ef8449c4299750b9ad7cd1770aacec16431ed21090d331847e4559e203f66,2026-10-04,public-recipe-v1
RDA-91118,유곽,https://www.nics.go.kr/food/kfi/tfSrch08/view?menuId=PS03520&tfcode=91118,7,819ef8449c4299750b9ad7cd1770aacec16431ed21090d331847e4559e203f66,2026-10-04,public-recipe-v1
RDA-91523,유곽,https://www.nics.go.kr/food/kfi/tfSrch08/view?menuId=PS03520&tfcode=91523,7,819ef8449c4299750b9ad7cd1770aacec16431ed21090d331847e4559e203f66,2026-10-04,public-recipe-v1
RDA-90010,유채나물무침(지름나물무침),https://www.nics.go.kr/food/kfi/tfSrch08/view?menuId=PS03520&tfcode=90010,7,819ef8449c4299750b9ad7cd1770aacec16431ed21090d331847e4559e203f66,2026-10-04,public-recipe-v1
RDA-92060,육회비빔밥,https://www.nics.go.kr/food/kfi/tfSrch08/view?menuId=PS03520&tfcode=92060,7,819ef8449c4299750b9ad7cd1770aacec16431ed21090d331847e4559e203f66,2026-10-04,public-recipe-v1
RDA-91338,은어밥,https://www.nics.go.kr/food/kfi/tfSrch08/view?menuId=PS03520&tfcode=91338,7,819ef8449c4299750b9ad7cd1770aacec16431ed21090d331847e4559e203f66,2026-10-04,public-recipe-v1
RDA-90513,은행장조림,https://www.nics.go.kr/food/kfi/tfSrch08/view?menuId=PS03520&tfcode=90513,7,819ef8449c4299750b9ad7cd1770aacec16431ed21090d331847e4559e203f66,2026-10-04,public-recipe-v1
RDA-90605,이천게걸무장아찌(게거리장아찌),https://www.nics.go.kr/food/kfi/tfSrch08/view?menuId=PS03520&tfcode=90605,7,819ef8449c4299750b9ad7cd1770aacec16431ed21090d331847e4559e203f66,2026-10-04,public-recipe-v1
RDA-89803,인삼고추장떡(인삼장떡),https://www.nics.go.kr/food/kfi/tfSrch08/view?menuId=PS03520&tfcode=89803,7,819ef8449c4299750b9ad7cd1770aacec16431ed21090d331847e4559e203f66,2026-10-04,public-recipe-v1
RDA-89543,인삼메기탕,https://www.nics.go.kr/food/kfi/tfSrch08/view?menuId=PS03520&tfcode=89543,7,819ef8449c4299750b9ad7cd1770aacec16431ed21090d331847e4559e203f66,2026-10-04,public-recipe-v1
RDA-89703,인삼어죽,https://www.nics.go.kr/food/kfi/tfSrch08/view?menuId=PS03520&tfcode=89703,7,819ef8449c4299750b9ad7cd1770aacec16431ed21090d331847e4559e203f66,2026-10-04,public-recipe-v1
RDA-89877,인삼정과,https://www.nics.go.kr/food/kfi/tfSrch08/view?menuId=PS03520&tfcode=89877,7,819ef8449c4299750b9ad7cd1770aacec16431ed21090d331847e4559e203f66,2026-10-04,public-recipe-v1
RDA-92383,인절미,https://www.nics.go.kr/food/kfi/tfSrch08/view?menuId=PS03520&tfcode=92383,7,819ef8449c4299750b9ad7cd1770aacec16431ed21090d331847e4559e203f66,2026-10-04,public-recipe-v1
RDA-90053,자리돔물회(자리물회),https://www.nics.go.kr/food/kfi/tfSrch08/view?menuId=PS03520&tfcode=90053,7,819ef8449c4299750b9ad7cd1770aacec16431ed21090d331847e4559e203f66,2026-10-04,public-recipe-v1
RDA-90354,자미밥,https://www.nics.go.kr/food/kfi/tfSrch08/view?menuId=PS03520&tfcode=90354,7,819ef8449c4299750b9ad7cd1770aacec16431ed21090d331847e4559e203f66,2026-10-04,public-recipe-v1
RDA-91170,자반고등어찜(간고등어찜),https://www.nics.go.kr/food/kfi/tfSrch08/view?menuId=PS03520&tfcode=91170,7,819ef8449c4299750b9ad7cd1770aacec16431ed21090d331847e4559e203f66,2026-10-04,public-recipe-v1
RDA-92358,잡채 <방법1>,https://www.nics.go.kr/food/kfi/tfSrch08/view?menuId=PS03520&tfcode=92358,7,819ef8449c4299750b9ad7cd1770aacec16431ed21090d331847e4559e203f66,2026-10-04,public-recipe-v1
RDA-90476,장김치,https://www.nics.go.kr/food/kfi/tfSrch08/view?menuId=PS03520&tfcode=90476,7,819ef8449c4299750b9ad7cd1770aacec16431ed21090d331847e4559e203f66,2026-10-04,public-recipe-v1
RDA-89983,"전갱이국(각재기국, 아지국)",https://www.nics.go.kr/food/kfi/tfSrch08/view?menuId=PS03520&tfcode=89983,7,819ef8449c4299750b9ad7cd1770aacec16431ed21090d331847e4559e203f66,2026-10-04,public-recipe-v1
RDA-91470,전복김치,https://www.nics.go.kr/food/kfi/tfSrch08/view?menuId=PS03520&tfcode=91470,7,819ef8449c4299750b9ad7cd1770aacec16431ed21090d331847e4559e203f66,2026-10-04,public-recipe-v1
RDA-89933,전복죽,https://www.nics.go.kr/food/kfi/tfSrch08/view?menuId=PS03520&tfcode=89933,7,819ef8449c4299750b9ad7cd1770aacec16431ed21090d331847e4559e203f66,2026-10-04,public-recipe-v1
RDA-92254,전어속젓,https://www.nics.go.kr/food/kfi/tfSrch08/view?menuId=PS03520&tfcode=92254,7,819ef8449c4299750b9ad7cd1770aacec16431ed21090d331847e4559e203f66,2026-10-04,public-recipe-v1
RDA-89827,"전어회(우여회, 전어회무침)",https://www.nics.go.kr/food/kfi/tfSrch08/view?menuId=PS03520&tfcode=89827,7,819ef8449c4299750b9ad7cd1770aacec16431ed21090d331847e4559e203f66,2026-10-04,public-recipe-v1
RDA-91622,전어회무침(전어회),https://www.nics.go.kr/food/kfi/tfSrch08/view?menuId=PS03520&tfcode=91622,7,819ef8449c4299750b9ad7cd1770aacec16431ed21090d331847e4559e203f66,2026-10-04,public-recipe-v1
RDA-90305,전주경단,https://www.nics.go.kr/food/kfi/tfSrch08/view?menuId=PS03520&tfcode=90305,7,819ef8449c4299750b9ad7cd1770aacec16431ed21090d331847e4559e203f66,2026-10-04,public-recipe-v1
RDA-90141,전주비빔밥,https://www.nics.go.kr/food/kfi/tfSrch08/view?menuId=PS03520&tfcode=90141,7,819ef8449c4299750b9ad7cd1770aacec16431ed21090d331847e4559e203f66,2026-10-04,public-recipe-v1
RDA-90339,전주집장,https://www.nics.go.kr/food/kfi/tfSrch08/view?menuId=PS03520&tfcode=90339,7,819ef8449c4299750b9ad7cd1770aacec16431ed21090d331847e4559e203f66,2026-10-04,public-recipe-v1
RDA-91856,정선갓김치,https://www.nics.go.kr/food/kfi/tfSrch08/view?menuId=PS03520&tfcode=91856,7,819ef8449c4299750b9ad7cd1770aacec16431ed21090d331847e4559e203f66,2026-10-04,public-recipe-v1
RDA-90387,제물칼국수,https://www.nics.go.kr/food/kfi/tfSrch08/view?menuId=PS03520&tfcode=90387,7,819ef8449c4299750b9ad7cd1770aacec16431ed21090d331847e4559e203f66,2026-10-04,public-recipe-v1
RDA-90543,제육저냐,https://www.nics.go.kr/food/kfi/tfSrch08/view?menuId=PS03520&tfcode=90543,8,5f4d57dc3a12a1583ddf9aa5ea9e2103406877ee1790b3f8c283d07ce027867a,2026-10-04,public-recipe-v1
RDA-90398,조랭이떡국,https://www.nics.go.kr/food/kfi/tfSrch08/view?menuId=PS03520&tfcode=90398,8,5f4d57dc3a12a1583ddf9aa5ea9e2103406877ee1790b3f8c283d07ce027867a,2026-10-04,public-recipe-v1
RDA-92725,조쑥떡(속시리떡),https://www.nics.go.kr/food/kfi/tfSrch08/view?menuId=PS03520&tfcode=92725,8,5f4d57dc3a12a1583ddf9aa5ea9e2103406877ee1790b3f8c283d07ce027867a,2026-10-04,public-recipe-v1
RDA-89934,좁쌀죽(모인좁쌀죽),https://www.nics.go.kr/food/kfi/tfSrch08/view?menuId=PS03520&tfcode=89934,8,5f4d57dc3a12a1583ddf9aa5ea9e2103406877ee1790b3f8c283d07ce027867a,2026-10-04,public-recipe-v1
RDA-89829,주꾸미회,https://www.nics.go.kr/food/kfi/tfSrch08/view?menuId=PS03520&tfcode=89829,8,5f4d57dc3a12a1583ddf9aa5ea9e2103406877ee1790b3f8c283d07ce027867a,2026-10-04,public-recipe-v1
RDA-91722,주악,https://www.nics.go.kr/food/kfi/tfSrch08/view?menuId=PS03520&tfcode=91722,8,5f4d57dc3a12a1583ddf9aa5ea9e2103406877ee1790b3f8c283d07ce027867a,2026-10-04,public-recipe-v1
RDA-92118,죽순계란탕,https://www.nics.go.kr/food/kfi/tfSrch08/view?menuId=PS03520&tfcode=92118,8,5f4d57dc3a12a1583ddf9aa5ea9e2103406877ee1790b3f8c283d07ce027867a,2026-10-04,public-recipe-v1
RDA-92119,죽순탕,https://www.nics.go.kr/food/kfi/tfSrch08/view?menuId=PS03520&tfcode=92119,8,5f4d57dc3a12a1583ddf9aa5ea9e2103406877ee1790b3f8c283d07ce027867a,2026-10-04,public-recipe-v1
RDA-91924,지누아리무침,https://www.nics.go.kr/food/kfi/tfSrch08/view?menuId=PS03520&tfcode=91924,8,5f4d57dc3a12a1583ddf9aa5ea9e2103406877ee1790b3f8c283d07ce027867a,2026-10-04,public-recipe-v1
RDA-89908,지례장(찌엄장),https://www.nics.go.kr/food/kfi/tfSrch08/view?menuId=PS03520&tfcode=89908,8,5f4d57dc3a12a1583ddf9aa5ea9e2103406877ee1790b3f8c283d07ce027867a,2026-10-04,public-recipe-v1
RDA-91381,진주냉면,https://www.nics.go.kr/food/kfi/tfSrch08/view?menuId=PS03520&tfcode=91381,8,5f4d57dc3a12a1583ddf9aa5ea9e2103406877ee1790b3f8c283d07ce027867a,2026-10-04,public-recipe-v1
RDA-91339,진주비빔밥,https://www.nics.go.kr/food/kfi/tfSrch08/view?menuId=PS03520&tfcode=91339,8,5f4d57dc3a12a1583ddf9aa5ea9e2103406877ee1790b3f8c283d07ce027867a,2026-10-04,public-recipe-v1
RDA-92120,짱뚱어탕(순천짱뚱어탕),https://www.nics.go.kr/food/kfi/tfSrch08/view?menuId=PS03520&tfcode=92120,8,5f4d57dc3a12a1583ddf9aa5ea9e2103406877ee1790b3f8c283d07ce027867a,2026-10-04,public-recipe-v1
RDA-92502,차수수밥,https://www.nics.go.kr/food/kfi/tfSrch08/view?menuId=PS03520&tfcode=92502,8,5f4d57dc3a12a1583ddf9aa5ea9e2103406877ee1790b3f8c283d07ce027867a,2026-10-04,public-recipe-v1
RDA-92008,찰옥수수뭉생이,https://www.nics.go.kr/food/kfi/tfSrch08/view?menuId=PS03520&tfcode=92008,8,5f4d57dc3a12a1583ddf9aa5ea9e2103406877ee1790b3f8c283d07ce027867a,2026-10-04,public-recipe-v1
RDA-91432,참게가루장국,https://www.nics.go.kr/food/kfi/tfSrch08/view?menuId=PS03520&tfcode=91432,8,5f4d57dc3a12a1583ddf9aa5ea9e2103406877ee1790b3f8c283d07ce027867a,2026-10-04,public-recipe-v1
RDA-90384,참게수제비,https://www.nics.go.kr/food/kfi/tfSrch08/view?menuId=PS03520&tfcode=90384,8,5f4d57dc3a12a1583ddf9aa5ea9e2103406877ee1790b3f8c283d07ce027867a,2026-10-04,public-recipe-v1
RDA-92490,참마자조림(참매자조림),https://www.nics.go.kr/food/kfi/tfSrch08/view?menuId=PS03520&tfcode=92490,8,5f4d57dc3a12a1583ddf9aa5ea9e2103406877ee1790b3f8c283d07ce027867a,2026-10-04,public-recipe-v1
RDA-89598,참붕어찜,https://www.nics.go.kr/food/kfi/tfSrch08/view?menuId=PS03520&tfcode=89598,8,5f4d57dc3a12a1583ddf9aa5ea9e2103406877ee1790b3f8c283d07ce027867a,2026-10-04,public-recipe-v1
RDA-91860,창란채김치,https://www.nics.go.kr/food/kfi/tfSrch08/view?menuId=PS03520&tfcode=91860,8,5f4d57dc3a12a1583ddf9aa5ea9e2103406877ee1790b3f8c283d07ce027867a,2026-10-04,public-recipe-v1
RDA-91828,채만두,https://www.nics.go.kr/food/kfi/tfSrch08/view?menuId=PS03520&tfcode=91828,8,5f4d57dc3a12a1583ddf9aa5ea9e2103406877ee1790b3f8c283d07ce027867a,2026-10-04,public-recipe-v1
RDA-89555,청국장찌개,https://www.nics.go.kr/food/kfi/tfSrch08/view?menuId=PS03520&tfcode=89555,8,5f4d57dc3a12a1583ddf9aa5ea9e2103406877ee1790b3f8c283d07ce027867a,2026-10-04,public-recipe-v1
RDA-89747,청포묵국,https://www.nics.go.kr/food/kfi/tfSrch08/view?menuId=PS03520&tfcode=89747,8,5f4d57dc3a12a1583ddf9aa5ea9e2103406877ee1790b3f8c283d07ce027867a,2026-10-04,public-recipe-v1
RDA-90440,초교탕,https://www.nics.go.kr/food/kfi/tfSrch08/view?menuId=PS03520&tfcode=90440,8,5f4d57dc3a12a1583ddf9aa5ea9e2103406877ee1790b3f8c283d07ce027867a,2026-10-04,public-recipe-v1
RDA-89600,추어숙회,https://www.nics.go.kr/food/kfi/tfSrch08/view?menuId=PS03520&tfcode=89600,8,5f4d57dc3a12a1583ddf9aa5ea9e2103406877ee1790b3f8c283d07ce027867a,2026-10-04,public-recipe-v1
RDA-91342,충무김밥(꼬치김밥),https://www.nics.go.kr/food/kfi/tfSrch08/view?menuId=PS03520&tfcode=91342,8,5f4d57dc3a12a1583ddf9aa5ea9e2103406877ee1790b3f8c283d07ce027867a,2026-10-04,public-recipe-v1
RDA-91867,취나물,https://www.nics.go.kr/food/kfi/tfSrch08/view?menuId=PS03520&tfcode=91867,8,5f4d57dc3a12a1583ddf9aa5ea9e2103406877ee1790b3f8c283d07ce027867a,2026-10-04,public-recipe-v1
RDA-89643,칡개떡,https://www.nics.go.kr/food/kfi/tfSrch08/view?menuId=PS03520&tfcode=89643,8,5f4d57dc3a12a1583ddf9aa5ea9e2103406877ee1790b3f8c283d07ce027867a,2026-10-04,public-recipe-v1
RDA-90740,칼국수,https://www.nics.go.kr/food/kfi/tfSrch08/view?menuId=PS03520&tfcode=90740,8,5f4d57dc3a12a1583ddf9aa5ea9e2103406877ee1790b3f8c283d07ce027867a,2026-10-04,public-recipe-v1
RDA-90389,칼싹두기(메밀칼싹두기),https://www.nics.go.kr/food/kfi/tfSrch08/view?menuId=PS03520&tfcode=90389,8,5f4d57dc3a12a1583ddf9aa5ea9e2103406877ee1790b3f8c283d07ce027867a,2026-10-04,public-recipe-v1
RDA-92598,콩가루냉잇국,https://www.nics.go.kr/food/kfi/tfSrch08/view?menuId=PS03520&tfcode=92598,8,5f4d57dc3a12a1583ddf9aa5ea9e2103406877ee1790b3f8c283d07ce027867a,2026-10-04,public-recipe-v1
RDA-91047,콩가루우거지국(우거지다리미국),https://www.nics.go.kr/food/kfi/tfSrch08/view?menuId=PS03520&tfcode=91047,8,5f4d57dc3a12a1583ddf9aa5ea9e2103406877ee1790b3f8c283d07ce027867a,2026-10-04,public-recipe-v1
RDA-92065,콩가루주먹밥,https://www.nics.go.kr/food/kfi/tfSrch08/view?menuId=PS03520&tfcode=92065,8,5f4d57dc3a12a1583ddf9aa5ea9e2103406877ee1790b3f8c283d07ce027867a,2026-10-04,public-recipe-v1
RDA-90318,콩과자(콩깨잘),https://www.nics.go.kr/food/kfi/tfSrch08/view?menuId=PS03520&tfcode=90318,8,5f4d57dc3a12a1583ddf9aa5ea9e2103406877ee1790b3f8c283d07ce027867a,2026-10-04,public-recipe-v1
RDA-89547,콩국,https://www.nics.go.kr/food/kfi/tfSrch08/view?menuId=PS03520&tfcode=89547,8,5f4d57dc3a12a1583ddf9aa5ea9e2103406877ee1790b3f8c283d07ce027867a,2026-10-04,public-recipe-v1
RDA-92344,콩국수,https://www.nics.go.kr/food/kfi/tfSrch08/view?menuId=PS03520&tfcode=92344,8,5f4d57dc3a12a1583ddf9aa5ea9e2103406877ee1790b3f8c283d07ce027867a,2026-10-04,public-recipe-v1
RDA-89548,콩김칫국,https://www.nics.go.kr/food/kfi/tfSrch08/view?menuId=PS03520&tfcode=89548,8,5f4d57dc3a12a1583ddf9aa5ea9e2103406877ee1790b3f8c283d07ce027867a,2026-10-04,public-recipe-v1
RDA-90767,콩나물국,https://www.nics.go.kr/food/kfi/tfSrch08/view?menuId=PS03520&tfcode=90767,8,5f4d57dc3a12a1583ddf9aa5ea9e2103406877ee1790b3f8c283d07ce027867a,2026-10-04,public-recipe-v1
RDA-90205,콩나물김치(콩나물지),https://www.nics.go.kr/food/kfi/tfSrch08/view?menuId=PS03520&tfcode=90205,8,5f4d57dc3a12a1583ddf9aa5ea9e2103406877ee1790b3f8c283d07ce027867a,2026-10-04,public-recipe-v1
RDA-90822,콩나물무침,https://www.nics.go.kr/food/kfi/tfSrch08/view?menuId=PS03520&tfcode=90822,8,5f4d57dc3a12a1583ddf9aa5ea9e2103406877ee1790b3f8c283d07ce027867a,2026-10-04,public-recipe-v1
RDA-90220,콩나물잡채<방법1>,https://www.nics.go.kr/food/kfi/tfSrch08/view?menuId=PS03520&tfcode=90220,8,5f4d57dc3a12a1583ddf9aa5ea9e2103406877ee1790b3f8c283d07ce027867a,2026-10-04,public-recipe-v1
RDA-89556,콩나물찌개,https://www.nics.go.kr/food/kfi/tfSrch08/view?menuId=PS03520&tfcode=89556,8,5f4d57dc3a12a1583ddf9aa5ea9e2103406877ee1790b3f8c283d07ce027867a,2026-10-04,public-recipe-v1
RDA-91100,콩나물횟집나물,https://www.nics.go.kr/food/kfi/tfSrch08/view?menuId=PS03520&tfcode=91100,8,5f4d57dc3a12a1583ddf9aa5ea9e2103406877ee1790b3f8c283d07ce027867a,2026-10-04,public-recipe-v1
RDA-90823,탕평채(청포묵무침),https://www.nics.go.kr/food/kfi/tfSrch08/view?menuId=PS03520&tfcode=90823,8,5f4d57dc3a12a1583ddf9aa5ea9e2103406877ee1790b3f8c283d07ce027867a,2026-10-04,public-recipe-v1
RDA-90187,토란탕,https://www.nics.go.kr/food/kfi/tfSrch08/view?menuId=PS03520&tfcode=90187,8,5f4d57dc3a12a1583ddf9aa5ea9e2103406877ee1790b3f8c283d07ce027867a,2026-10-04,public-recipe-v1
RDA-90900,파강회,https://www.nics.go.kr/food/kfi/tfSrch08/view?menuId=PS03520&tfcode=90900,8,5f4d57dc3a12a1583ddf9aa5ea9e2103406877ee1790b3f8c283d07ce027867a,2026-10-04,public-recipe-v1
RDA-92148,파래무침(청태무침),https://www.nics.go.kr/food/kfi/tfSrch08/view?menuId=PS03520&tfcode=92148,8,5f4d57dc3a12a1583ddf9aa5ea9e2103406877ee1790b3f8c283d07ce027867a,2026-10-04,public-recipe-v1
RDA-90985,파래죽,https://www.nics.go.kr/food/kfi/tfSrch08/view?menuId=PS03520&tfcode=90985,8,5f4d57dc3a12a1583ddf9aa5ea9e2103406877ee1790b3f8c283d07ce027867a,2026-10-04,public-recipe-v1
RDA-89936,"파뿌리죽(패마농죽, 백비탕)",https://www.nics.go.kr/food/kfi/tfSrch08/view?menuId=PS03520&tfcode=89936,8,5f4d57dc3a12a1583ddf9aa5ea9e2103406877ee1790b3f8c283d07ce027867a,2026-10-04,public-recipe-v1
RDA-92372,파전,https://www.nics.go.kr/food/kfi/tfSrch08/view?menuId=PS03520&tfcode=92372,8,5f4d57dc3a12a1583ddf9aa5ea9e2103406877ee1790b3f8c283d07ce027867a,2026-10-04,public-recipe-v1
RDA-92341,팥죽,https://www.nics.go.kr/food/kfi/tfSrch08/view?menuId=PS03520&tfcode=92341,8,5f4d57dc3a12a1583ddf9aa5ea9e2103406877ee1790b3f8c283d07ce027867a,2026-10-04,public-recipe-v1
RDA-90166,팥칼국수,https://www.nics.go.kr/food/kfi/tfSrch08/view?menuId=PS03520&tfcode=90166,8,5f4d57dc3a12a1583ddf9aa5ea9e2103406877ee1790b3f8c283d07ce027867a,2026-10-04,public-recipe-v1
RDA-90000,퍼데기김치(퍼데기짐치)<방법1>,https://www.nics.go.kr/food/kfi/tfSrch08/view?menuId=PS03520&tfcode=90000,8,5f4d57dc3a12a1583ddf9aa5ea9e2103406877ee1790b3f8c283d07ce027867a,2026-10-04,public-recipe-v1
RDA-89949,표고버섯국수(초기국수),https://www.nics.go.kr/food/kfi/tfSrch08/view?menuId=PS03520&tfcode=89949,8,5f4d57dc3a12a1583ddf9aa5ea9e2103406877ee1790b3f8c283d07ce027867a,2026-10-04,public-recipe-v1
RDA-92374,풋고추찜,https://www.nics.go.kr/food/kfi/tfSrch08/view?menuId=PS03520&tfcode=92374,8,5f4d57dc3a12a1583ddf9aa5ea9e2103406877ee1790b3f8c283d07ce027867a,2026-10-04,public-recipe-v1
RDA-90242,풋마늘갑오징어산적,https://www.nics.go.kr/food/kfi/tfSrch08/view?menuId=PS03520&tfcode=90242,8,5f4d57dc3a12a1583ddf9aa5ea9e2103406877ee1790b3f8c283d07ce027867a,2026-10-04,public-recipe-v1
RDA-90225,풍천장어구이,https://www.nics.go.kr/food/kfi/tfSrch08/view?menuId=PS03520&tfcode=90225,8,5f4d57dc3a12a1583ddf9aa5ea9e2103406877ee1790b3f8c283d07ce027867a,2026-10-04,public-recipe-v1
RDA-92348,해물탕,https://www.nics.go.kr/food/kfi/tfSrch08/view?menuId=PS03520&tfcode=92348,8,5f4d57dc3a12a1583ddf9aa5ea9e2103406877ee1790b3f8c283d07ce027867a,2026-10-04,public-recipe-v1
RDA-91576,해삼통지짐,https://www.nics.go.kr/food/kfi/tfSrch08/view?menuId=PS03520&tfcode=91576,8,5f4d57dc3a12a1583ddf9aa5ea9e2103406877ee1790b3f8c283d07ce027867a,2026-10-04,public-recipe-v1
RDA-90967,헛제삿밥(안동헛제삿밥),https://www.nics.go.kr/food/kfi/tfSrch08/view?menuId=PS03520&tfcode=90967,8,5f4d57dc3a12a1583ddf9aa5ea9e2103406877ee1790b3f8c283d07ce027867a,2026-10-04,public-recipe-v1
RDA-89833,호두고추장무침,https://www.nics.go.kr/food/kfi/tfSrch08/view?menuId=PS03520&tfcode=89833,8,5f4d57dc3a12a1583ddf9aa5ea9e2103406877ee1790b3f8c283d07ce027867a,2026-10-04,public-recipe-v1
RDA-89846,호두장아찌,https://www.nics.go.kr/food/kfi/tfSrch08/view?menuId=PS03520&tfcode=89846,8,5f4d57dc3a12a1583ddf9aa5ea9e2103406877ee1790b3f8c283d07ce027867a,2026-10-04,public-recipe-v1
RDA-92273,호박고지시루떡,https://www.nics.go.kr/food/kfi/tfSrch08/view?menuId=PS03520&tfcode=92273,8,5f4d57dc3a12a1583ddf9aa5ea9e2103406877ee1790b3f8c283d07ce027867a,2026-10-04,public-recipe-v1
RDA-89805,호박고지적,https://www.nics.go.kr/food/kfi/tfSrch08/view?menuId=PS03520&tfcode=89805,8,5f4d57dc3a12a1583ddf9aa5ea9e2103406877ee1790b3f8c283d07ce027867a,2026-10-04,public-recipe-v1
RDA-89716,호박국수,https://www.nics.go.kr/food/kfi/tfSrch08/view?menuId=PS03520&tfcode=89716,8,5f4d57dc3a12a1583ddf9aa5ea9e2103406877ee1790b3f8c283d07ce027867a,2026-10-04,public-recipe-v1
RDA-90013,호박나물(호박탕쉬),https://www.nics.go.kr/food/kfi/tfSrch08/view?menuId=PS03520&tfcode=90013,8,5f4d57dc3a12a1583ddf9aa5ea9e2103406877ee1790b3f8c283d07ce027867a,2026-10-04,public-recipe-v1
RDA-91796,호박들깨죽,https://www.nics.go.kr/food/kfi/tfSrch08/view?menuId=PS03520&tfcode=91796,8,5f4d57dc3a12a1583ddf9aa5ea9e2103406877ee1790b3f8c283d07ce027867a,2026-10-04,public-recipe-v1
RDA-89707,호박범벅,https://www.nics.go.kr/food/kfi/tfSrch08/view?menuId=PS03520&tfcode=89707,8,5f4d57dc3a12a1583ddf9aa5ea9e2103406877ee1790b3f8c283d07ce027867a,2026-10-04,public-recipe-v1
RDA-90223,호박오가리나물,https://www.nics.go.kr/food/kfi/tfSrch08/view?menuId=PS03520&tfcode=90223,8,5f4d57dc3a12a1583ddf9aa5ea9e2103406877ee1790b3f8c283d07ce027867a,2026-10-04,public-recipe-v1
RDA-91126,호박전(호박선),https://www.nics.go.kr/food/kfi/tfSrch08/view?menuId=PS03520&tfcode=91126,8,5f4d57dc3a12a1583ddf9aa5ea9e2103406877ee1790b3f8c283d07ce027867a,2026-10-04,public-recipe-v1
RDA-92342,호박죽,https://www.nics.go.kr/food/kfi/tfSrch08/view?menuId=PS03520&tfcode=92342,9,9e8a0a0c8f0ccb62720dc8c7776a9f2cc076c5e66dbaaf0f9ee4ed2ab2a98aed,2026-10-04,public-recipe-v1
RDA-89558,호박지찌개,https://www.nics.go.kr/food/kfi/tfSrch08/view?menuId=PS03520&tfcode=89558,9,9e8a0a0c8f0ccb62720dc8c7776a9f2cc076c5e66dbaaf0f9ee4ed2ab2a98aed,2026-10-04,public-recipe-v1
RDA-89515,호박청,https://www.nics.go.kr/food/kfi/tfSrch08/view?menuId=PS03520&tfcode=89515,9,9e8a0a0c8f0ccb62720dc8c7776a9f2cc076c5e66dbaaf0f9ee4ed2ab2a98aed,2026-10-04,public-recipe-v1
RDA-91281,"홍시떡(상주설기, 감설기)",https://www.nics.go.kr/food/kfi/tfSrch08/view?menuId=PS03520&tfcode=91281,9,9e8a0a0c8f0ccb62720dc8c7776a9f2cc076c5e66dbaaf0f9ee4ed2ab2a98aed,2026-10-04,public-recipe-v1
RDA-92127,홍어애보리국,https://www.nics.go.kr/food/kfi/tfSrch08/view?menuId=PS03520&tfcode=92127,9,9e8a0a0c8f0ccb62720dc8c7776a9f2cc076c5e66dbaaf0f9ee4ed2ab2a98aed,2026-10-04,public-recipe-v1
RDA-90251,홍어찜,https://www.nics.go.kr/food/kfi/tfSrch08/view?menuId=PS03520&tfcode=90251,9,9e8a0a0c8f0ccb62720dc8c7776a9f2cc076c5e66dbaaf0f9ee4ed2ab2a98aed,2026-10-04,public-recipe-v1
RDA-90188,홍어탕,https://www.nics.go.kr/food/kfi/tfSrch08/view?menuId=PS03520&tfcode=90188,9,9e8a0a0c8f0ccb62720dc8c7776a9f2cc076c5e66dbaaf0f9ee4ed2ab2a98aed,2026-10-04,public-recipe-v1
RDA-92215,홍어회무침,https://www.nics.go.kr/food/kfi/tfSrch08/view?menuId=PS03520&tfcode=92215,9,9e8a0a0c8f0ccb62720dc8c7776a9f2cc076c5e66dbaaf0f9ee4ed2ab2a98aed,2026-10-04,public-recipe-v1
RDA-90521,홍합초,https://www.nics.go.kr/food/kfi/tfSrch08/view?menuId=PS03520&tfcode=90521,9,9e8a0a0c8f0ccb62720dc8c7776a9f2cc076c5e66dbaaf0f9ee4ed2ab2a98aed,2026-10-04,public-recipe-v1
RDA-92385,화전,https://www.nics.go.kr/food/kfi/tfSrch08/view?menuId=PS03520&tfcode=92385,9,9e8a0a0c8f0ccb62720dc8c7776a9f2cc076c5e66dbaaf0f9ee4ed2ab2a98aed,2026-10-04,public-recipe-v1
RDA-91579,가오리된장찜,https://www.nics.go.kr/food/kfi/tfSrch08/view?menuId=PS03520&tfcode=91579,9,9e8a0a0c8f0ccb62720dc8c7776a9f2cc076c5e66dbaaf0f9ee4ed2ab2a98aed,2026-10-04,public-recipe-v1
RDA-91148,가오리찜,https://www.nics.go.kr/food/kfi/tfSrch08/view?menuId=PS03520&tfcode=91148,9,9e8a0a0c8f0ccb62720dc8c7776a9f2cc076c5e66dbaaf0f9ee4ed2ab2a98aed,2026-10-04,public-recipe-v1
RDA-91474,가죽무침(나물),https://www.nics.go.kr/food/kfi/tfSrch08/view?menuId=PS03520&tfcode=91474,9,9e8a0a0c8f0ccb62720dc8c7776a9f2cc076c5e66dbaaf0f9ee4ed2ab2a98aed,2026-10-04,public-recipe-v1
RDA-91120,가지적,https://www.nics.go.kr/food/kfi/tfSrch08/view?menuId=PS03520&tfcode=91120,9,9e8a0a0c8f0ccb62720dc8c7776a9f2cc076c5e66dbaaf0f9ee4ed2ab2a98aed,2026-10-04,public-recipe-v1
RDA-90441,각색전골,https://www.nics.go.kr/food/kfi/tfSrch08/view?menuId=PS03520&tfcode=90441,9,9e8a0a0c8f0ccb62720dc8c7776a9f2cc076c5e66dbaaf0f9ee4ed2ab2a98aed,2026-10-04,public-recipe-v1
RDA-90630,"각색편(백편, 꿀편, 승검초편)",https://www.nics.go.kr/food/kfi/tfSrch08/view?menuId=PS03520&tfcode=90630,9,9e8a0a0c8f0ccb62720dc8c7776a9f2cc076c5e66dbaaf0f9ee4ed2ab2a98aed,2026-10-04,public-recipe-v1
RDA-92198,간재미회(간재미무침),https://www.nics.go.kr/food/kfi/tfSrch08/view?menuId=PS03520&tfcode=92198,9,9e8a0a0c8f0ccb62720dc8c7776a9f2cc076c5e66dbaaf0f9ee4ed2ab2a98aed,2026-10-04,public-recipe-v1
RDA-92261,감단자 [방법 1],https://www.nics.go.kr/food/kfi/tfSrch08/view?menuId=PS03520&tfcode=92261,9,9e8a0a0c8f0ccb62720dc8c7776a9f2cc076c5e66dbaaf0f9ee4ed2ab2a98aed,2026-10-04,public-recipe-v1
RDA-91699,감부꾸미,https://www.nics.go.kr/food/kfi/tfSrch08/view?menuId=PS03520&tfcode=91699,9,9e8a0a0c8f0ccb62720dc8c7776a9f2cc076c5e66dbaaf0f9ee4ed2ab2a98aed,2026-10-04,public-recipe-v1
RDA-92337,감설기,https://www.nics.go.kr/food/kfi/tfSrch08/view?menuId=PS03520&tfcode=92337,9,9e8a0a0c8f0ccb62720dc8c7776a9f2cc076c5e66dbaaf0f9ee4ed2ab2a98aed,2026-10-04,public-recipe-v1
RDA-91149,감자새우선,https://www.nics.go.kr/food/kfi/tfSrch08/view?menuId=PS03520&tfcode=91149,9,9e8a0a0c8f0ccb62720dc8c7776a9f2cc076c5e66dbaaf0f9ee4ed2ab2a98aed,2026-10-04,public-recipe-v1
RDA-91956,감자찰단자,https://www.nics.go.kr/food/kfi/tfSrch08/view?menuId=PS03520&tfcode=91956,9,9e8a0a0c8f0ccb62720dc8c7776a9f2cc076c5e66dbaaf0f9ee4ed2ab2a98aed,2026-10-04,public-recipe-v1
RDA-91918,감자청포묵,https://www.nics.go.kr/food/kfi/tfSrch08/view?menuId=PS03520&tfcode=91918,9,9e8a0a0c8f0ccb62720dc8c7776a9f2cc076c5e66dbaaf0f9ee4ed2ab2a98aed,2026-10-04,public-recipe-v1
RDA-92132,갓쌈김치(개미김치),https://www.nics.go.kr/food/kfi/tfSrch08/view?menuId=PS03520&tfcode=92132,9,9e8a0a0c8f0ccb62720dc8c7776a9f2cc076c5e66dbaaf0f9ee4ed2ab2a98aed,2026-10-04,public-recipe-v1
RDA-89521,개떡수제비,https://www.nics.go.kr/food/kfi/tfSrch08/view?menuId=PS03520&tfcode=89521,9,9e8a0a0c8f0ccb62720dc8c7776a9f2cc076c5e66dbaaf0f9ee4ed2ab2a98aed,2026-10-04,public-recipe-v1
RDA-91395,"갯가재된장국(속된장국, 딱세된장국)",https://www.nics.go.kr/food/kfi/tfSrch08/view?menuId=PS03520&tfcode=91395,9,9e8a0a0c8f0ccb62720dc8c7776a9f2cc076c5e66dbaaf0f9ee4ed2ab2a98aed,2026-10-04,public-recipe-v1
RDA-90638,건시단자,https://www.nics.go.kr/food/kfi/tfSrch08/view?menuId=PS03520&tfcode=90638,9,9e8a0a0c8f0ccb62720dc8c7776a9f2cc076c5e66dbaaf0f9ee4ed2ab2a98aed,2026-10-04,public-recipe-v1
RDA-89763,게국지김치(호박게국지),https://www.nics.go.kr/food/kfi/tfSrch08/view?menuId=PS03520&tfcode=89763,9,9e8a0a0c8f0ccb62720dc8c7776a9f2cc076c5e66dbaaf0f9ee4ed2ab2a98aed,2026-10-04,public-recipe-v1
RDA-89913,고구마밥 (감제밥),https://www.nics.go.kr/food/kfi/tfSrch08/view?menuId=PS03520&tfcode=89913,9,9e8a0a0c8f0ccb62720dc8c7776a9f2cc076c5e66dbaaf0f9ee4ed2ab2a98aed,2026-10-04,public-recipe-v1
RDA-92427,고들빼기김치,https://www.nics.go.kr/food/kfi/tfSrch08/view?menuId=PS03520&tfcode=92427,9,9e8a0a0c8f0ccb62720dc8c7776a9f2cc076c5e66dbaaf0f9ee4ed2ab2a98aed,2026-10-04,public-recipe-v1
RDA-89955,고등어배춧국(고등어국),https://www.nics.go.kr/food/kfi/tfSrch08/view?menuId=PS03520&tfcode=89955,9,9e8a0a0c8f0ccb62720dc8c7776a9f2cc076c5e66dbaaf0f9ee4ed2ab2a98aed,2026-10-04,public-recipe-v1
RDA-89923,고등어죽,https://www.nics.go.kr/food/kfi/tfSrch08/view?menuId=PS03520&tfcode=89923,9,9e8a0a0c8f0ccb62720dc8c7776a9f2cc076c5e66dbaaf0f9ee4ed2ab2a98aed,2026-10-04,public-recipe-v1
RDA-90770,고등어찌개,https://www.nics.go.kr/food/kfi/tfSrch08/view?menuId=PS03520&tfcode=90770,9,9e8a0a0c8f0ccb62720dc8c7776a9f2cc076c5e66dbaaf0f9ee4ed2ab2a98aed,2026-10-04,public-recipe-v1
RDA-91399,고사리들깨국,https://www.nics.go.kr/food/kfi/tfSrch08/view?menuId=PS03520&tfcode=91399,9,9e8a0a0c8f0ccb62720dc8c7776a9f2cc076c5e66dbaaf0f9ee4ed2ab2a98aed,2026-10-04,public-recipe-v1
RDA-90206,고수무생채,https://www.nics.go.kr/food/kfi/tfSrch08/view?menuId=PS03520&tfcode=90206,9,9e8a0a0c8f0ccb62720dc8c7776a9f2cc076c5e66dbaaf0f9ee4ed2ab2a98aed,2026-10-04,public-recipe-v1
RDA-89765,고추무김치,https://www.nics.go.kr/food/kfi/tfSrch08/view?menuId=PS03520&tfcode=89765,9,9e8a0a0c8f0ccb62720dc8c7776a9f2cc076c5e66dbaaf0f9ee4ed2ab2a98aed,2026-10-04,public-recipe-v1
RDA-91550,고추장떡,https://www.nics.go.kr/food/kfi/tfSrch08/view?menuId=PS03520&tfcode=91550,9,9e8a0a0c8f0ccb62720dc8c7776a9f2cc076c5e66dbaaf0f9ee4ed2ab2a98aed,2026-10-04,public-recipe-v1
RDA-91513,곰장어솔잎구이(곰장어짚불구이),https://www.nics.go.kr/food/kfi/tfSrch08/view?menuId=PS03520&tfcode=91513,9,9e8a0a0c8f0ccb62720dc8c7776a9f2cc076c5e66dbaaf0f9ee4ed2ab2a98aed,2026-10-04,public-recipe-v1
RDA-91944,곰취쌈,https://www.nics.go.kr/food/kfi/tfSrch08/view?menuId=PS03520&tfcode=91944,9,9e8a0a0c8f0ccb62720dc8c7776a9f2cc076c5e66dbaaf0f9ee4ed2ab2a98aed,2026-10-04,public-recipe-v1
RDA-91475,곰취절임,https://www.nics.go.kr/food/kfi/tfSrch08/view?menuId=PS03520&tfcode=91475,9,9e8a0a0c8f0ccb62720dc8c7776a9f2cc076c5e66dbaaf0f9ee4ed2ab2a98aed,2026-10-04,public-recipe-v1
RDA-91704,곶감화전,https://www.nics.go.kr/food/kfi/tfSrch08/view?menuId=PS03520&tfcode=91704,9,9e8a0a0c8f0ccb62720dc8c7776a9f2cc076c5e66dbaaf0f9ee4ed2ab2a98aed,2026-10-04,public-recipe-v1
RDA-90525,구절판,https://www.nics.go.kr/food/kfi/tfSrch08/view?menuId=PS03520&tfcode=90525,9,9e8a0a0c8f0ccb62720dc8c7776a9f2cc076c5e66dbaaf0f9ee4ed2ab2a98aed,2026-10-04,public-recipe-v1
RDA-91329,굴밥,https://www.nics.go.kr/food/kfi/tfSrch08/view?menuId=PS03520&tfcode=91329,9,9e8a0a0c8f0ccb62720dc8c7776a9f2cc076c5e66dbaaf0f9ee4ed2ab2a98aed,2026-10-04,public-recipe-v1
RDA-92228,굴비장아찌<방법2>,https://www.nics.go.kr/food/kfi/tfSrch08/view?menuId=PS03520&tfcode=92228,9,9e8a0a0c8f0ccb62720dc8c7776a9f2cc076c5e66dbaaf0f9ee4ed2ab2a98aed,2026-10-04,public-recipe-v1
RDA-89751,굴전골,https://www.nics.go.kr/food/kfi/tfSrch08/view?menuId=PS03520&tfcode=89751,9,9e8a0a0c8f0ccb62720dc8c7776a9f2cc076c5e66dbaaf0f9ee4ed2ab2a98aed,2026-10-04,public-recipe-v1
RDA-89696,굴죽,https://www.nics.go.kr/food/kfi/tfSrch08/view?menuId=PS03520&tfcode=89696,9,9e8a0a0c8f0ccb62720dc8c7776a9f2cc076c5e66dbaaf0f9ee4ed2ab2a98aed,2026-10-04,public-recipe-v1
RDA-90556,궁중닭찜,https://www.nics.go.kr/food/kfi/tfSrch08/view?menuId=PS03520&tfcode=90556,9,9e8a0a0c8f0ccb62720dc8c7776a9f2cc076c5e66dbaaf0f9ee4ed2ab2a98aed,2026-10-04,public-recipe-v1
RDA-90942,김치밥국,https://www.nics.go.kr/food/kfi/tfSrch08/view?menuId=PS03520&tfcode=90942,9,9e8a0a0c8f0ccb62720dc8c7776a9f2cc076c5e66dbaaf0f9ee4ed2ab2a98aed,2026-10-04,public-recipe-v1
RDA-92134,꼴뚜기무김치(고록무김치),https://www.nics.go.kr/food/kfi/tfSrch08/view?menuId=PS03520&tfcode=92134,9,9e8a0a0c8f0ccb62720dc8c7776a9f2cc076c5e66dbaaf0f9ee4ed2ab2a98aed,2026-10-04,public-recipe-v1
RDA-89819,꽃게무침,https://www.nics.go.kr/food/kfi/tfSrch08/view?menuId=PS03520&tfcode=89819,9,9e8a0a0c8f0ccb62720dc8c7776a9f2cc076c5e66dbaaf0f9ee4ed2ab2a98aed,2026-10-04,public-recipe-v1
RDA-92567,꽃송편,https://www.nics.go.kr/food/kfi/tfSrch08/view?menuId=PS03520&tfcode=92567,9,9e8a0a0c8f0ccb62720dc8c7776a9f2cc076c5e66dbaaf0f9ee4ed2ab2a98aed,2026-10-04,public-recipe-v1
RDA-89952,꿩만두,https://www.nics.go.kr/food/kfi/tfSrch08/view?menuId=PS03520&tfcode=89952,9,9e8a0a0c8f0ccb62720dc8c7776a9f2cc076c5e66dbaaf0f9ee4ed2ab2a98aed,2026-10-04,public-recipe-v1
RDA-89950,꿩메밀칼국수(꿩마말칼국수),https://www.nics.go.kr/food/kfi/tfSrch08/view?menuId=PS03520&tfcode=89950,9,9e8a0a0c8f0ccb62720dc8c7776a9f2cc076c5e66dbaaf0f9ee4ed2ab2a98aed,2026-10-04,public-recipe-v1
RDA-89957,꿩탕,https://www.nics.go.kr/food/kfi/tfSrch08/view?menuId=PS03520&tfcode=89957,9,9e8a0a0c8f0ccb62720dc8c7776a9f2cc076c5e66dbaaf0f9ee4ed2ab2a98aed,2026-10-04,public-recipe-v1
RDA-92073,낙지죽,https://www.nics.go.kr/food/kfi/tfSrch08/view?menuId=PS03520&tfcode=92073,9,9e8a0a0c8f0ccb62720dc8c7776a9f2cc076c5e66dbaaf0f9ee4ed2ab2a98aed,2026-10-04,public-recipe-v1
RDA-90478,노각생채,https://www.nics.go.kr/food/kfi/tfSrch08/view?menuId=PS03520&tfcode=90478,9,9e8a0a0c8f0ccb62720dc8c7776a9f2cc076c5e66dbaaf0f9ee4ed2ab2a98aed,2026-10-04,public-recipe-v1
RDA-91152,논메기찜,https://www.nics.go.kr/food/kfi/tfSrch08/view?menuId=PS03520&tfcode=91152,9,9e8a0a0c8f0ccb62720dc8c7776a9f2cc076c5e66dbaaf0f9ee4ed2ab2a98aed,2026-10-04,public-recipe-v1
RDA-90637,느티떡,https://www.nics.go.kr/food/kfi/tfSrch08/view?menuId=PS03520&tfcode=90637,9,9e8a0a0c8f0ccb62720dc8c7776a9f2cc076c5e66dbaaf0f9ee4ed2ab2a98aed,2026-10-04,public-recipe-v1
RDA-91833,늙은호박삼계탕,https://www.nics.go.kr/food/kfi/tfSrch08/view?menuId=PS03520&tfcode=91833,9,9e8a0a0c8f0ccb62720dc8c7776a9f2cc076c5e66dbaaf0f9ee4ed2ab2a98aed,2026-10-04,public-recipe-v1
RDA-92628,늙은호박전,https://www.nics.go.kr/food/kfi/tfSrch08/view?menuId=PS03520&tfcode=92628,9,9e8a0a0c8f0ccb62720dc8c7776a9f2cc076c5e66dbaaf0f9ee4ed2ab2a98aed,2026-10-04,public-recipe-v1
RDA-89500,다슬기국밥(올갱이국밥),https://www.nics.go.kr/food/kfi/tfSrch08/view?menuId=PS03520&tfcode=89500,9,9e8a0a0c8f0ccb62720dc8c7776a9f2cc076c5e66dbaaf0f9ee4ed2ab2a98aed,2026-10-04,public-recipe-v1
RDA-90227,다슬기조림(대수리조림)<방법1>,https://www.nics.go.kr/food/kfi/tfSrch08/view?menuId=PS03520&tfcode=90227,9,9e8a0a0c8f0ccb62720dc8c7776a9f2cc076c5e66dbaaf0f9ee4ed2ab2a98aed,2026-10-04,public-recipe-v1
RDA-90226,다슬기조림(대수리조림)<방법2>,https://www.nics.go.kr/food/kfi/tfSrch08/view?menuId=PS03520&tfcode=90226,9,9e8a0a0c8f0ccb62720dc8c7776a9f2cc076c5e66dbaaf0f9ee4ed2ab2a98aed,2026-10-04,public-recipe-v1
RDA-91586,다슬기찜,https://www.nics.go.kr/food/kfi/tfSrch08/view?menuId=PS03520&tfcode=91586,9,9e8a0a0c8f0ccb62720dc8c7776a9f2cc076c5e66dbaaf0f9ee4ed2ab2a98aed,2026-10-04,public-recipe-v1
RDA-90235,다시마전,https://www.nics.go.kr/food/kfi/tfSrch08/view?menuId=PS03520&tfcode=90235,9,9e8a0a0c8f0ccb62720dc8c7776a9f2cc076c5e66dbaaf0f9ee4ed2ab2a98aed,2026-10-04,public-recipe-v1
RDA-90843,달걀장조림,https://www.nics.go.kr/food/kfi/tfSrch08/view?menuId=PS03520&tfcode=90843,9,9e8a0a0c8f0ccb62720dc8c7776a9f2cc076c5e66dbaaf0f9ee4ed2ab2a98aed,2026-10-04,public-recipe-v1
RDA-89992,달래김치(꿩마농짐치),https://www.nics.go.kr/food/kfi/tfSrch08/view?menuId=PS03520&tfcode=89992,9,9e8a0a0c8f0ccb62720dc8c7776a9f2cc076c5e66dbaaf0f9ee4ed2ab2a98aed,2026-10-04,public-recipe-v1
RDA-89719,닭생떡국,https://www.nics.go.kr/food/kfi/tfSrch08/view?menuId=PS03520&tfcode=89719,9,9e8a0a0c8f0ccb62720dc8c7776a9f2cc076c5e66dbaaf0f9ee4ed2ab2a98aed,2026-10-04,public-recipe-v1
RDA-90952,대게비빔밥,https://www.nics.go.kr/food/kfi/tfSrch08/view?menuId=PS03520&tfcode=90952,9,9e8a0a0c8f0ccb62720dc8c7776a9f2cc076c5e66dbaaf0f9ee4ed2ab2a98aed,2026-10-04,public-recipe-v1
RDA-91048,대구육개장,https://www.nics.go.kr/food/kfi/tfSrch08/view?menuId=PS03520&tfcode=91048,9,9e8a0a0c8f0ccb62720dc8c7776a9f2cc076c5e66dbaaf0f9ee4ed2ab2a98aed,2026-10-04,public-recipe-v1
RDA-90374,대추미음,https://www.nics.go.kr/food/kfi/tfSrch08/view?menuId=PS03520&tfcode=90374,10,39947c9bcfd7be5dd6cfdd0e194402d7bf2edff96cf6ec6d336d007c4ca32861,2026-10-04,public-recipe-v1
RDA-90586,대추편포,https://www.nics.go.kr/food/kfi/tfSrch08/view?menuId=PS03520&tfcode=90586,10,39947c9bcfd7be5dd6cfdd0e194402d7bf2edff96cf6ec6d336d007c4ca32861,2026-10-04,public-recipe-v1
RDA-90244,대하찜,https://www.nics.go.kr/food/kfi/tfSrch08/view?menuId=PS03520&tfcode=90244,10,39947c9bcfd7be5dd6cfdd0e194402d7bf2edff96cf6ec6d336d007c4ca32861,2026-10-04,public-recipe-v1
RDA-89628,도라지껍질떡,https://www.nics.go.kr/food/kfi/tfSrch08/view?menuId=PS03520&tfcode=89628,10,39947c9bcfd7be5dd6cfdd0e194402d7bf2edff96cf6ec6d336d007c4ca32861,2026-10-04,public-recipe-v1
RDA-91589,도미찜,https://www.nics.go.kr/food/kfi/tfSrch08/view?menuId=PS03520&tfcode=91589,10,39947c9bcfd7be5dd6cfdd0e194402d7bf2edff96cf6ec6d336d007c4ca32861,2026-10-04,public-recipe-v1
RDA-91254,도토리가루설기(도토리떡),https://www.nics.go.kr/food/kfi/tfSrch08/view?menuId=PS03520&tfcode=91254,10,39947c9bcfd7be5dd6cfdd0e194402d7bf2edff96cf6ec6d336d007c4ca32861,2026-10-04,public-recipe-v1
RDA-89508,도토리죽,https://www.nics.go.kr/food/kfi/tfSrch08/view?menuId=PS03520&tfcode=89508,10,39947c9bcfd7be5dd6cfdd0e194402d7bf2edff96cf6ec6d336d007c4ca32861,2026-10-04,public-recipe-v1
RDA-90829,돼지갈비구이,https://www.nics.go.kr/food/kfi/tfSrch08/view?menuId=PS03520&tfcode=90829,10,39947c9bcfd7be5dd6cfdd0e194402d7bf2edff96cf6ec6d336d007c4ca32861,2026-10-04,public-recipe-v1
RDA-92696,돼지갈비콩비지찌개,https://www.nics.go.kr/food/kfi/tfSrch08/view?menuId=PS03520&tfcode=92696,10,39947c9bcfd7be5dd6cfdd0e194402d7bf2edff96cf6ec6d336d007c4ca32861,2026-10-04,public-recipe-v1
RDA-90846,돼지고기장조림,https://www.nics.go.kr/food/kfi/tfSrch08/view?menuId=PS03520&tfcode=90846,10,39947c9bcfd7be5dd6cfdd0e194402d7bf2edff96cf6ec6d336d007c4ca32861,2026-10-04,public-recipe-v1
RDA-91027,두루치기국,https://www.nics.go.kr/food/kfi/tfSrch08/view?menuId=PS03520&tfcode=91027,10,39947c9bcfd7be5dd6cfdd0e194402d7bf2edff96cf6ec6d336d007c4ca32861,2026-10-04,public-recipe-v1
RDA-90066,두부된장장아찌,https://www.nics.go.kr/food/kfi/tfSrch08/view?menuId=PS03520&tfcode=90066,10,39947c9bcfd7be5dd6cfdd0e194402d7bf2edff96cf6ec6d336d007c4ca32861,2026-10-04,public-recipe-v1
RDA-89525,들깨칼국수,https://www.nics.go.kr/food/kfi/tfSrch08/view?menuId=PS03520&tfcode=89525,10,39947c9bcfd7be5dd6cfdd0e194402d7bf2edff96cf6ec6d336d007c4ca32861,2026-10-04,public-recipe-v1
RDA-90847,땅콩조림,https://www.nics.go.kr/food/kfi/tfSrch08/view?menuId=PS03520&tfcode=90847,10,39947c9bcfd7be5dd6cfdd0e194402d7bf2edff96cf6ec6d336d007c4ca32861,2026-10-04,public-recipe-v1
RDA-90742,떡만둣국,https://www.nics.go.kr/food/kfi/tfSrch08/view?menuId=PS03520&tfcode=90742,10,39947c9bcfd7be5dd6cfdd0e194402d7bf2edff96cf6ec6d336d007c4ca32861,2026-10-04,public-recipe-v1
RDA-90213,뜸부기나물,https://www.nics.go.kr/food/kfi/tfSrch08/view?menuId=PS03520&tfcode=90213,10,39947c9bcfd7be5dd6cfdd0e194402d7bf2edff96cf6ec6d336d007c4ca32861,2026-10-04,public-recipe-v1
RDA-90998,마국수,https://www.nics.go.kr/food/kfi/tfSrch08/view?menuId=PS03520&tfcode=90998,10,39947c9bcfd7be5dd6cfdd0e194402d7bf2edff96cf6ec6d336d007c4ca32861,2026-10-04,public-recipe-v1
RDA-91532,마른갈치조림,https://www.nics.go.kr/food/kfi/tfSrch08/view?menuId=PS03520&tfcode=91532,10,39947c9bcfd7be5dd6cfdd0e194402d7bf2edff96cf6ec6d336d007c4ca32861,2026-10-04,public-recipe-v1
RDA-91909,마른오징어젓갈무침,https://www.nics.go.kr/food/kfi/tfSrch08/view?menuId=PS03520&tfcode=91909,10,39947c9bcfd7be5dd6cfdd0e194402d7bf2edff96cf6ec6d336d007c4ca32861,2026-10-04,public-recipe-v1
RDA-91603,"마산아귀찜(건아귀찜, 아구찜)",https://www.nics.go.kr/food/kfi/tfSrch08/view?menuId=PS03520&tfcode=91603,10,39947c9bcfd7be5dd6cfdd0e194402d7bf2edff96cf6ec6d336d007c4ca32861,2026-10-04,public-recipe-v1
RDA-89585,말린도토리묵볶음,https://www.nics.go.kr/food/kfi/tfSrch08/view?menuId=PS03520&tfcode=89585,10,39947c9bcfd7be5dd6cfdd0e194402d7bf2edff96cf6ec6d336d007c4ca32861,2026-10-04,public-recipe-v1
RDA-92153,머윗대나물,https://www.nics.go.kr/food/kfi/tfSrch08/view?menuId=PS03520&tfcode=92153,10,39947c9bcfd7be5dd6cfdd0e194402d7bf2edff96cf6ec6d336d007c4ca32861,2026-10-04,public-recipe-v1
RDA-91464,멍게김치,https://www.nics.go.kr/food/kfi/tfSrch08/view?menuId=PS03520&tfcode=91464,10,39947c9bcfd7be5dd6cfdd0e194402d7bf2edff96cf6ec6d336d007c4ca32861,2026-10-04,public-recipe-v1
RDA-91593,멍게찜,https://www.nics.go.kr/food/kfi/tfSrch08/view?menuId=PS03520&tfcode=91593,10,39947c9bcfd7be5dd6cfdd0e194402d7bf2edff96cf6ec6d336d007c4ca32861,2026-10-04,public-recipe-v1
RDA-89594,메기찜,https://www.nics.go.kr/food/kfi/tfSrch08/view?menuId=PS03520&tfcode=89594,10,39947c9bcfd7be5dd6cfdd0e194402d7bf2edff96cf6ec6d336d007c4ca32861,2026-10-04,public-recipe-v1
RDA-92105,메기탕,https://www.nics.go.kr/food/kfi/tfSrch08/view?menuId=PS03520&tfcode=92105,10,39947c9bcfd7be5dd6cfdd0e194402d7bf2edff96cf6ec6d336d007c4ca32861,2026-10-04,public-recipe-v1
RDA-91388,메밀떡국(메밀산떡국),https://www.nics.go.kr/food/kfi/tfSrch08/view?menuId=PS03520&tfcode=91388,10,39947c9bcfd7be5dd6cfdd0e194402d7bf2edff96cf6ec6d336d007c4ca32861,2026-10-04,public-recipe-v1
RDA-90268,메밀묵,https://www.nics.go.kr/food/kfi/tfSrch08/view?menuId=PS03520&tfcode=90268,10,39947c9bcfd7be5dd6cfdd0e194402d7bf2edff96cf6ec6d336d007c4ca32861,2026-10-04,public-recipe-v1
RDA-92086,메밀응이(메밀당숙),https://www.nics.go.kr/food/kfi/tfSrch08/view?menuId=PS03520&tfcode=92086,10,39947c9bcfd7be5dd6cfdd0e194402d7bf2edff96cf6ec6d336d007c4ca32861,2026-10-04,public-recipe-v1
RDA-91973,메밀증편,https://www.nics.go.kr/food/kfi/tfSrch08/view?menuId=PS03520&tfcode=91973,10,39947c9bcfd7be5dd6cfdd0e194402d7bf2edff96cf6ec6d336d007c4ca32861,2026-10-04,public-recipe-v1
RDA-91974,메밀총떡(메밀전병),https://www.nics.go.kr/food/kfi/tfSrch08/view?menuId=PS03520&tfcode=91974,10,39947c9bcfd7be5dd6cfdd0e194402d7bf2edff96cf6ec6d336d007c4ca32861,2026-10-04,public-recipe-v1
RDA-89964,멸치국(멜국),https://www.nics.go.kr/food/kfi/tfSrch08/view?menuId=PS03520&tfcode=89964,10,39947c9bcfd7be5dd6cfdd0e194402d7bf2edff96cf6ec6d336d007c4ca32861,2026-10-04,public-recipe-v1
RDA-90917,명란젓(무침),https://www.nics.go.kr/food/kfi/tfSrch08/view?menuId=PS03520&tfcode=90917,10,39947c9bcfd7be5dd6cfdd0e194402d7bf2edff96cf6ec6d336d007c4ca32861,2026-10-04,public-recipe-v1
RDA-91859,명란채김치,https://www.nics.go.kr/food/kfi/tfSrch08/view?menuId=PS03520&tfcode=91859,10,39947c9bcfd7be5dd6cfdd0e194402d7bf2edff96cf6ec6d336d007c4ca32861,2026-10-04,public-recipe-v1
RDA-92193,모래무지감자찜(모래모치감자찜),https://www.nics.go.kr/food/kfi/tfSrch08/view?menuId=PS03520&tfcode=92193,10,39947c9bcfd7be5dd6cfdd0e194402d7bf2edff96cf6ec6d336d007c4ca32861,2026-10-04,public-recipe-v1
RDA-91710,무떡(무시루떡),https://www.nics.go.kr/food/kfi/tfSrch08/view?menuId=PS03520&tfcode=91710,10,39947c9bcfd7be5dd6cfdd0e194402d7bf2edff96cf6ec6d336d007c4ca32861,2026-10-04,public-recipe-v1
RDA-91976,무송편(무소송편),https://www.nics.go.kr/food/kfi/tfSrch08/view?menuId=PS03520&tfcode=91976,10,39947c9bcfd7be5dd6cfdd0e194402d7bf2edff96cf6ec6d336d007c4ca32861,2026-10-04,public-recipe-v1
RDA-90278,무장아찌,https://www.nics.go.kr/food/kfi/tfSrch08/view?menuId=PS03520&tfcode=90278,10,39947c9bcfd7be5dd6cfdd0e194402d7bf2edff96cf6ec6d336d007c4ca32861,2026-10-04,public-recipe-v1
RDA-91135,무전,https://www.nics.go.kr/food/kfi/tfSrch08/view?menuId=PS03520&tfcode=91135,10,39947c9bcfd7be5dd6cfdd0e194402d7bf2edff96cf6ec6d336d007c4ca32861,2026-10-04,public-recipe-v1
RDA-91177,물회,https://www.nics.go.kr/food/kfi/tfSrch08/view?menuId=PS03520&tfcode=91177,10,39947c9bcfd7be5dd6cfdd0e194402d7bf2edff96cf6ec6d336d007c4ca32861,2026-10-04,public-recipe-v1
RDA-92146,미역오이초회,https://www.nics.go.kr/food/kfi/tfSrch08/view?menuId=PS03520&tfcode=92146,10,39947c9bcfd7be5dd6cfdd0e194402d7bf2edff96cf6ec6d336d007c4ca32861,2026-10-04,public-recipe-v1
RDA-92377,미역자반,https://www.nics.go.kr/food/kfi/tfSrch08/view?menuId=PS03520&tfcode=92377,10,39947c9bcfd7be5dd6cfdd0e194402d7bf2edff96cf6ec6d336d007c4ca32861,2026-10-04,public-recipe-v1
RDA-91665,미역줄기장아찌,https://www.nics.go.kr/food/kfi/tfSrch08/view?menuId=PS03520&tfcode=91665,10,39947c9bcfd7be5dd6cfdd0e194402d7bf2edff96cf6ec6d336d007c4ca32861,2026-10-04,public-recipe-v1
RDA-91372,밀면(밀국수냉면),https://www.nics.go.kr/food/kfi/tfSrch08/view?menuId=PS03520&tfcode=91372,10,39947c9bcfd7be5dd6cfdd0e194402d7bf2edff96cf6ec6d336d007c4ca32861,2026-10-04,public-recipe-v1
RDA-91261,밀병떡(밀개떡),https://www.nics.go.kr/food/kfi/tfSrch08/view?menuId=PS03520&tfcode=91261,10,39947c9bcfd7be5dd6cfdd0e194402d7bf2edff96cf6ec6d336d007c4ca32861,2026-10-04,public-recipe-v1
RDA-91262,밀비지떡,https://www.nics.go.kr/food/kfi/tfSrch08/view?menuId=PS03520&tfcode=91262,10,39947c9bcfd7be5dd6cfdd0e194402d7bf2edff96cf6ec6d336d007c4ca32861,2026-10-04,public-recipe-v1
RDA-90200,반지(백지) <방법2>,https://www.nics.go.kr/food/kfi/tfSrch08/view?menuId=PS03520&tfcode=90200,10,39947c9bcfd7be5dd6cfdd0e194402d7bf2edff96cf6ec6d336d007c4ca32861,2026-10-04,public-recipe-v1
RDA-90641,밤단자,https://www.nics.go.kr/food/kfi/tfSrch08/view?menuId=PS03520&tfcode=90641,10,39947c9bcfd7be5dd6cfdd0e194402d7bf2edff96cf6ec6d336d007c4ca32861,2026-10-04,public-recipe-v1
RDA-89996,배추김치,https://www.nics.go.kr/food/kfi/tfSrch08/view?menuId=PS03520&tfcode=89996,10,39947c9bcfd7be5dd6cfdd0e194402d7bf2edff96cf6ec6d336d007c4ca32861,2026-10-04,public-recipe-v1
RDA-89970,배추냉국(노물냉국)<방법1>,https://www.nics.go.kr/food/kfi/tfSrch08/view?menuId=PS03520&tfcode=89970,10,39947c9bcfd7be5dd6cfdd0e194402d7bf2edff96cf6ec6d336d007c4ca32861,2026-10-04,public-recipe-v1
RDA-90864,버섯볶음,https://www.nics.go.kr/food/kfi/tfSrch08/view?menuId=PS03520&tfcode=90864,10,39947c9bcfd7be5dd6cfdd0e194402d7bf2edff96cf6ec6d336d007c4ca32861,2026-10-04,public-recipe-v1
RDA-90652,보리개떡,https://www.nics.go.kr/food/kfi/tfSrch08/view?menuId=PS03520&tfcode=90652,10,39947c9bcfd7be5dd6cfdd0e194402d7bf2edff96cf6ec6d336d007c4ca32861,2026-10-04,public-recipe-v1
RDA-91713,보리떡,https://www.nics.go.kr/food/kfi/tfSrch08/view?menuId=PS03520&tfcode=91713,10,39947c9bcfd7be5dd6cfdd0e194402d7bf2edff96cf6ec6d336d007c4ca32861,2026-10-04,public-recipe-v1
RDA-90139,보리밥비빔밥,https://www.nics.go.kr/food/kfi/tfSrch08/view?menuId=PS03520&tfcode=90139,10,39947c9bcfd7be5dd6cfdd0e194402d7bf2edff96cf6ec6d336d007c4ca32861,2026-10-04,public-recipe-v1
RDA-89699,보리볶음죽,https://www.nics.go.kr/food/kfi/tfSrch08/view?menuId=PS03520&tfcode=89699,10,39947c9bcfd7be5dd6cfdd0e194402d7bf2edff96cf6ec6d336d007c4ca32861,2026-10-04,public-recipe-v1
RDA-92659,복어고사리지짐(복쟁이고사리지짐),https://www.nics.go.kr/food/kfi/tfSrch08/view?menuId=PS03520&tfcode=92659,10,39947c9bcfd7be5dd6cfdd0e194402d7bf2edff96cf6ec6d336d007c4ca32861,2026-10-04,public-recipe-v1
RDA-90413,복탕,https://www.nics.go.kr/food/kfi/tfSrch08/view?menuId=PS03520&tfcode=90413,10,39947c9bcfd7be5dd6cfdd0e194402d7bf2edff96cf6ec6d336d007c4ca32861,2026-10-04,public-recipe-v1
RDA-91137,부적(가지고추부적),https://www.nics.go.kr/food/kfi/tfSrch08/view?menuId=PS03520&tfcode=91137,10,39947c9bcfd7be5dd6cfdd0e194402d7bf2edff96cf6ec6d336d007c4ca32861,2026-10-04,public-recipe-v1
RDA-91466,부추김치,https://www.nics.go.kr/food/kfi/tfSrch08/view?menuId=PS03520&tfcode=91466,10,39947c9bcfd7be5dd6cfdd0e194402d7bf2edff96cf6ec6d336d007c4ca32861,2026-10-04,public-recipe-v1
RDA-91714,부편(웃기떡),https://www.nics.go.kr/food/kfi/tfSrch08/view?menuId=PS03520&tfcode=91714,10,39947c9bcfd7be5dd6cfdd0e194402d7bf2edff96cf6ec6d336d007c4ca32861,2026-10-04,public-recipe-v1
RDA-91104,북어간납구이(북어갈납구이),https://www.nics.go.kr/food/kfi/tfSrch08/view?menuId=PS03520&tfcode=91104,10,39947c9bcfd7be5dd6cfdd0e194402d7bf2edff96cf6ec6d336d007c4ca32861,2026-10-04,public-recipe-v1
RDA-91036,북어미역국,https://www.nics.go.kr/food/kfi/tfSrch08/view?menuId=PS03520&tfcode=91036,10,39947c9bcfd7be5dd6cfdd0e194402d7bf2edff96cf6ec6d336d007c4ca32861,2026-10-04,public-recipe-v1
RDA-92539,북어조림,https://www.nics.go.kr/food/kfi/tfSrch08/view?menuId=PS03520&tfcode=92539,10,39947c9bcfd7be5dd6cfdd0e194402d7bf2edff96cf6ec6d336d007c4ca32861,2026-10-04,public-recipe-v1
RDA-91037,북어탕,https://www.nics.go.kr/food/kfi/tfSrch08/view?menuId=PS03520&tfcode=91037,10,39947c9bcfd7be5dd6cfdd0e194402d7bf2edff96cf6ec6d336d007c4ca32861,2026-10-04,public-recipe-v1
RDA-89832,붕어강정,https://www.nics.go.kr/food/kfi/tfSrch08/view?menuId=PS03520&tfcode=89832,10,39947c9bcfd7be5dd6cfdd0e194402d7bf2edff96cf6ec6d336d007c4ca32861,2026-10-04,public-recipe-v1
RDA-91437,비지국(콩갱),https://www.nics.go.kr/food/kfi/tfSrch08/view?menuId=PS03520&tfcode=91437,10,39947c9bcfd7be5dd6cfdd0e194402d7bf2edff96cf6ec6d336d007c4ca32861,2026-10-04,public-recipe-v1
RDA-89608,산채순대,https://www.nics.go.kr/food/kfi/tfSrch08/view?menuId=PS03520&tfcode=89608,10,39947c9bcfd7be5dd6cfdd0e194402d7bf2edff96cf6ec6d336d007c4ca32861,2026-10-04,public-recipe-v1
RDA-91204,"상어피편(돔배기피편, 두뚜머리)",https://www.nics.go.kr/food/kfi/tfSrch08/view?menuId=PS03520&tfcode=91204,10,39947c9bcfd7be5dd6cfdd0e194402d7bf2edff96cf6ec6d336d007c4ca32861,2026-10-04,public-recipe-v1
RDA-90627,상추쌈,https://www.nics.go.kr/food/kfi/tfSrch08/view?menuId=PS03520&tfcode=90627,10,39947c9bcfd7be5dd6cfdd0e194402d7bf2edff96cf6ec6d336d007c4ca32861,2026-10-04,public-recipe-v1
RDA-91422,생갈치호박국(갈치호박국),https://www.nics.go.kr/food/kfi/tfSrch08/view?menuId=PS03520&tfcode=91422,10,39947c9bcfd7be5dd6cfdd0e194402d7bf2edff96cf6ec6d336d007c4ca32861,2026-10-04,public-recipe-v1
RDA-92421,생강정과,https://www.nics.go.kr/food/kfi/tfSrch08/view?menuId=PS03520&tfcode=92421,11,c126b3b218baf12f1eab9e3fc4a1d97028e960c3e1e971b816eb41b851f3abf5,2026-10-04,public-recipe-v1
RDA-90280,생강줄기장아찌(계약장아찌),https://www.nics.go.kr/food/kfi/tfSrch08/view?menuId=PS03520&tfcode=90280,11,c126b3b218baf12f1eab9e3fc4a1d97028e960c3e1e971b816eb41b851f3abf5,2026-10-04,public-recipe-v1
RDA-91567,"생멸치전(생멸치부침, 멸치전)",https://www.nics.go.kr/food/kfi/tfSrch08/view?menuId=PS03520&tfcode=91567,11,c126b3b218baf12f1eab9e3fc4a1d97028e960c3e1e971b816eb41b851f3abf5,2026-10-04,public-recipe-v1
RDA-91423,생선미역국,https://www.nics.go.kr/food/kfi/tfSrch08/view?menuId=PS03520&tfcode=91423,11,c126b3b218baf12f1eab9e3fc4a1d97028e960c3e1e971b816eb41b851f3abf5,2026-10-04,public-recipe-v1
RDA-92179,서대감자조림(박대감자조림),https://www.nics.go.kr/food/kfi/tfSrch08/view?menuId=PS03520&tfcode=92179,11,c126b3b218baf12f1eab9e3fc4a1d97028e960c3e1e971b816eb41b851f3abf5,2026-10-04,public-recipe-v1
RDA-92059,선짓국비빔밥,https://www.nics.go.kr/food/kfi/tfSrch08/view?menuId=PS03520&tfcode=92059,11,c126b3b218baf12f1eab9e3fc4a1d97028e960c3e1e971b816eb41b851f3abf5,2026-10-04,public-recipe-v1
RDA-91297,섭산삼,https://www.nics.go.kr/food/kfi/tfSrch08/view?menuId=PS03520&tfcode=91297,11,c126b3b218baf12f1eab9e3fc4a1d97028e960c3e1e971b816eb41b851f3abf5,2026-10-04,public-recipe-v1
RDA-90298,섭전,https://www.nics.go.kr/food/kfi/tfSrch08/view?menuId=PS03520&tfcode=90298,11,c126b3b218baf12f1eab9e3fc4a1d97028e960c3e1e971b816eb41b851f3abf5,2026-10-04,public-recipe-v1
RDA-91717,송기떡(송구떡),https://www.nics.go.kr/food/kfi/tfSrch08/view?menuId=PS03520&tfcode=91717,11,c126b3b218baf12f1eab9e3fc4a1d97028e960c3e1e971b816eb41b851f3abf5,2026-10-04,public-recipe-v1
RDA-91947,쇠미역쌈,https://www.nics.go.kr/food/kfi/tfSrch08/view?menuId=PS03520&tfcode=91947,11,c126b3b218baf12f1eab9e3fc4a1d97028e960c3e1e971b816eb41b851f3abf5,2026-10-04,public-recipe-v1
RDA-91912,쇠미역튀각,https://www.nics.go.kr/food/kfi/tfSrch08/view?menuId=PS03520&tfcode=91912,11,c126b3b218baf12f1eab9e3fc4a1d97028e960c3e1e971b816eb41b851f3abf5,2026-10-04,public-recipe-v1
RDA-92585,수박화채,https://www.nics.go.kr/food/kfi/tfSrch08/view?menuId=PS03520&tfcode=92585,11,c126b3b218baf12f1eab9e3fc4a1d97028e960c3e1e971b816eb41b851f3abf5,2026-10-04,public-recipe-v1
RDA-90978,수수풀떼기,https://www.nics.go.kr/food/kfi/tfSrch08/view?menuId=PS03520&tfcode=90978,11,c126b3b218baf12f1eab9e3fc4a1d97028e960c3e1e971b816eb41b851f3abf5,2026-10-04,public-recipe-v1
RDA-90498,수원갈비,https://www.nics.go.kr/food/kfi/tfSrch08/view?menuId=PS03520&tfcode=90498,11,c126b3b218baf12f1eab9e3fc4a1d97028e960c3e1e971b816eb41b851f3abf5,2026-10-04,public-recipe-v1
RDA-90190,순두부찌개,https://www.nics.go.kr/food/kfi/tfSrch08/view?menuId=PS03520&tfcode=90190,11,c126b3b218baf12f1eab9e3fc4a1d97028e960c3e1e971b816eb41b851f3abf5,2026-10-04,public-recipe-v1
RDA-89538,시래기국,https://www.nics.go.kr/food/kfi/tfSrch08/view?menuId=PS03520&tfcode=89538,11,c126b3b218baf12f1eab9e3fc4a1d97028e960c3e1e971b816eb41b851f3abf5,2026-10-04,public-recipe-v1
RDA-90349,시래기밥,https://www.nics.go.kr/food/kfi/tfSrch08/view?menuId=PS03520&tfcode=90349,11,c126b3b218baf12f1eab9e3fc4a1d97028e960c3e1e971b816eb41b851f3abf5,2026-10-04,public-recipe-v1
RDA-90724,쌀밥,https://www.nics.go.kr/food/kfi/tfSrch08/view?menuId=PS03520&tfcode=90724,11,c126b3b218baf12f1eab9e3fc4a1d97028e960c3e1e971b816eb41b851f3abf5,2026-10-04,public-recipe-v1
RDA-91840,쏘가리매운탕,https://www.nics.go.kr/food/kfi/tfSrch08/view?menuId=PS03520&tfcode=91840,11,c126b3b218baf12f1eab9e3fc4a1d97028e960c3e1e971b816eb41b851f3abf5,2026-10-04,public-recipe-v1
RDA-89691,쑥밥,https://www.nics.go.kr/food/kfi/tfSrch08/view?menuId=PS03520&tfcode=89691,11,c126b3b218baf12f1eab9e3fc4a1d97028e960c3e1e971b816eb41b851f3abf5,2026-10-04,public-recipe-v1
RDA-90424,아욱토장국(아욱국),https://www.nics.go.kr/food/kfi/tfSrch08/view?menuId=PS03520&tfcode=90424,11,c126b3b218baf12f1eab9e3fc4a1d97028e960c3e1e971b816eb41b851f3abf5,2026-10-04,public-recipe-v1
RDA-90250,애저찜(진안애저),https://www.nics.go.kr/food/kfi/tfSrch08/view?menuId=PS03520&tfcode=90250,11,c126b3b218baf12f1eab9e3fc4a1d97028e960c3e1e971b816eb41b851f3abf5,2026-10-04,public-recipe-v1
RDA-91358,애호박죽,https://www.nics.go.kr/food/kfi/tfSrch08/view?menuId=PS03520&tfcode=91358,11,c126b3b218baf12f1eab9e3fc4a1d97028e960c3e1e971b816eb41b851f3abf5,2026-10-04,public-recipe-v1
RDA-90939,양념고추장,https://www.nics.go.kr/food/kfi/tfSrch08/view?menuId=PS03520&tfcode=90939,11,c126b3b218baf12f1eab9e3fc4a1d97028e960c3e1e971b816eb41b851f3abf5,2026-10-04,public-recipe-v1
RDA-92114,오리탕<방법1>,https://www.nics.go.kr/food/kfi/tfSrch08/view?menuId=PS03520&tfcode=92114,11,c126b3b218baf12f1eab9e3fc4a1d97028e960c3e1e971b816eb41b851f3abf5,2026-10-04,public-recipe-v1
RDA-92487,오미자차(냉차),https://www.nics.go.kr/food/kfi/tfSrch08/view?menuId=PS03520&tfcode=92487,11,c126b3b218baf12f1eab9e3fc4a1d97028e960c3e1e971b816eb41b851f3abf5,2026-10-04,public-recipe-v1
RDA-90076,오이장아찌<방법 1>,https://www.nics.go.kr/food/kfi/tfSrch08/view?menuId=PS03520&tfcode=90076,11,c126b3b218baf12f1eab9e3fc4a1d97028e960c3e1e971b816eb41b851f3abf5,2026-10-04,public-recipe-v1
RDA-90836,오징어구이,https://www.nics.go.kr/food/kfi/tfSrch08/view?menuId=PS03520&tfcode=90836,11,c126b3b218baf12f1eab9e3fc4a1d97028e960c3e1e971b816eb41b851f3abf5,2026-10-04,public-recipe-v1
RDA-90898,오징어무침(물오징어무침),https://www.nics.go.kr/food/kfi/tfSrch08/view?menuId=PS03520&tfcode=90898,11,c126b3b218baf12f1eab9e3fc4a1d97028e960c3e1e971b816eb41b851f3abf5,2026-10-04,public-recipe-v1
RDA-90899,오징어숙회,https://www.nics.go.kr/food/kfi/tfSrch08/view?menuId=PS03520&tfcode=90899,11,c126b3b218baf12f1eab9e3fc4a1d97028e960c3e1e971b816eb41b851f3abf5,2026-10-04,public-recipe-v1
RDA-89932,옥돔죽,https://www.nics.go.kr/food/kfi/tfSrch08/view?menuId=PS03520&tfcode=89932,11,c126b3b218baf12f1eab9e3fc4a1d97028e960c3e1e971b816eb41b851f3abf5,2026-10-04,public-recipe-v1
RDA-91212,옥수수묵(올챙이묵),https://www.nics.go.kr/food/kfi/tfSrch08/view?menuId=PS03520&tfcode=91212,11,c126b3b218baf12f1eab9e3fc4a1d97028e960c3e1e971b816eb41b851f3abf5,2026-10-04,public-recipe-v1
RDA-89642,옥수수칡잎떡,https://www.nics.go.kr/food/kfi/tfSrch08/view?menuId=PS03520&tfcode=89642,11,c126b3b218baf12f1eab9e3fc4a1d97028e960c3e1e971b816eb41b851f3abf5,2026-10-04,public-recipe-v1
RDA-91406,우렁이찜국(논고둥찜국),https://www.nics.go.kr/food/kfi/tfSrch08/view?menuId=PS03520&tfcode=91406,11,c126b3b218baf12f1eab9e3fc4a1d97028e960c3e1e971b816eb41b851f3abf5,2026-10-04,public-recipe-v1
RDA-92504,우렁이탕,https://www.nics.go.kr/food/kfi/tfSrch08/view?menuId=PS03520&tfcode=92504,11,c126b3b218baf12f1eab9e3fc4a1d97028e960c3e1e971b816eb41b851f3abf5,2026-10-04,public-recipe-v1
RDA-90599,우설편육,https://www.nics.go.kr/food/kfi/tfSrch08/view?menuId=PS03520&tfcode=90599,11,c126b3b218baf12f1eab9e3fc4a1d97028e960c3e1e971b816eb41b851f3abf5,2026-10-04,public-recipe-v1
RDA-89870,인삼떡,https://www.nics.go.kr/food/kfi/tfSrch08/view?menuId=PS03520&tfcode=89870,11,c126b3b218baf12f1eab9e3fc4a1d97028e960c3e1e971b816eb41b851f3abf5,2026-10-04,public-recipe-v1
RDA-89856,자하젓,https://www.nics.go.kr/food/kfi/tfSrch08/view?menuId=PS03520&tfcode=89856,11,c126b3b218baf12f1eab9e3fc4a1d97028e960c3e1e971b816eb41b851f3abf5,2026-10-04,public-recipe-v1
RDA-91276,잡과편,https://www.nics.go.kr/food/kfi/tfSrch08/view?menuId=PS03520&tfcode=91276,11,c126b3b218baf12f1eab9e3fc4a1d97028e960c3e1e971b816eb41b851f3abf5,2026-10-04,public-recipe-v1
RDA-90386,잣국수,https://www.nics.go.kr/food/kfi/tfSrch08/view?menuId=PS03520&tfcode=90386,11,c126b3b218baf12f1eab9e3fc4a1d97028e960c3e1e971b816eb41b851f3abf5,2026-10-04,public-recipe-v1
RDA-91524,장어구이,https://www.nics.go.kr/food/kfi/tfSrch08/view?menuId=PS03520&tfcode=91524,11,c126b3b218baf12f1eab9e3fc4a1d97028e960c3e1e971b816eb41b851f3abf5,2026-10-04,public-recipe-v1
RDA-91360,장어죽,https://www.nics.go.kr/food/kfi/tfSrch08/view?menuId=PS03520&tfcode=91360,11,c126b3b218baf12f1eab9e3fc4a1d97028e960c3e1e971b816eb41b851f3abf5,2026-10-04,public-recipe-v1
RDA-92445,전어구이,https://www.nics.go.kr/food/kfi/tfSrch08/view?menuId=PS03520&tfcode=92445,11,c126b3b218baf12f1eab9e3fc4a1d97028e960c3e1e971b816eb41b851f3abf5,2026-10-04,public-recipe-v1
RDA-90109,조시루떡(조침떡),https://www.nics.go.kr/food/kfi/tfSrch08/view?menuId=PS03520&tfcode=90109,11,c126b3b218baf12f1eab9e3fc4a1d97028e960c3e1e971b816eb41b851f3abf5,2026-10-04,public-recipe-v1
RDA-91572,죽순전,https://www.nics.go.kr/food/kfi/tfSrch08/view?menuId=PS03520&tfcode=91572,11,c126b3b218baf12f1eab9e3fc4a1d97028e960c3e1e971b816eb41b851f3abf5,2026-10-04,public-recipe-v1
RDA-92279,죽순정과,https://www.nics.go.kr/food/kfi/tfSrch08/view?menuId=PS03520&tfcode=92279,11,c126b3b218baf12f1eab9e3fc4a1d97028e960c3e1e971b816eb41b851f3abf5,2026-10-04,public-recipe-v1
RDA-92731,중과ㆍ약과(중괴ㆍ약괴),https://www.nics.go.kr/food/kfi/tfSrch08/view?menuId=PS03520&tfcode=92731,11,c126b3b218baf12f1eab9e3fc4a1d97028e960c3e1e971b816eb41b851f3abf5,2026-10-04,public-recipe-v1
RDA-91925,지누아리장아찌,https://www.nics.go.kr/food/kfi/tfSrch08/view?menuId=PS03520&tfcode=91925,11,c126b3b218baf12f1eab9e3fc4a1d97028e960c3e1e971b816eb41b851f3abf5,2026-10-04,public-recipe-v1
RDA-92244,진석화젓(굴젓)<방법1>,https://www.nics.go.kr/food/kfi/tfSrch08/view?menuId=PS03520&tfcode=92244,11,c126b3b218baf12f1eab9e3fc4a1d97028e960c3e1e971b816eb41b851f3abf5,2026-10-04,public-recipe-v1
RDA-92544,차조밥,https://www.nics.go.kr/food/kfi/tfSrch08/view?menuId=PS03520&tfcode=92544,11,c126b3b218baf12f1eab9e3fc4a1d97028e960c3e1e971b816eb41b851f3abf5,2026-10-04,public-recipe-v1
RDA-92007,차조약식(차좁쌀약식),https://www.nics.go.kr/food/kfi/tfSrch08/view?menuId=PS03520&tfcode=92007,11,c126b3b218baf12f1eab9e3fc4a1d97028e960c3e1e971b816eb41b851f3abf5,2026-10-04,public-recipe-v1
RDA-91822,찰옥수수팥옹심이,https://www.nics.go.kr/food/kfi/tfSrch08/view?menuId=PS03520&tfcode=91822,11,c126b3b218baf12f1eab9e3fc4a1d97028e960c3e1e971b816eb41b851f3abf5,2026-10-04,public-recipe-v1
RDA-92121,참게매운탕,https://www.nics.go.kr/food/kfi/tfSrch08/view?menuId=PS03520&tfcode=92121,11,c126b3b218baf12f1eab9e3fc4a1d97028e960c3e1e971b816eb41b851f3abf5,2026-10-04,public-recipe-v1
RDA-89815,참붕어찜,https://www.nics.go.kr/food/kfi/tfSrch08/view?menuId=PS03520&tfcode=89815,11,c126b3b218baf12f1eab9e3fc4a1d97028e960c3e1e971b816eb41b851f3abf5,2026-10-04,public-recipe-v1
RDA-92033,창면(책면),https://www.nics.go.kr/food/kfi/tfSrch08/view?menuId=PS03520&tfcode=92033,11,c126b3b218baf12f1eab9e3fc4a1d97028e960c3e1e971b816eb41b851f3abf5,2026-10-04,public-recipe-v1
RDA-91858,채김치,https://www.nics.go.kr/food/kfi/tfSrch08/view?menuId=PS03520&tfcode=91858,11,c126b3b218baf12f1eab9e3fc4a1d97028e960c3e1e971b816eb41b851f3abf5,2026-10-04,public-recipe-v1
RDA-91507,청각볶음(청각조갯살볶음),https://www.nics.go.kr/food/kfi/tfSrch08/view?menuId=PS03520&tfcode=91507,11,c126b3b218baf12f1eab9e3fc4a1d97028e960c3e1e971b816eb41b851f3abf5,2026-10-04,public-recipe-v1
RDA-91051,청도추어탕(미꾸라지탕),https://www.nics.go.kr/food/kfi/tfSrch08/view?menuId=PS03520&tfcode=91051,11,c126b3b218baf12f1eab9e3fc4a1d97028e960c3e1e971b816eb41b851f3abf5,2026-10-04,public-recipe-v1
RDA-91570,초피장떡(제피장떡),https://www.nics.go.kr/food/kfi/tfSrch08/view?menuId=PS03520&tfcode=91570,11,c126b3b218baf12f1eab9e3fc4a1d97028e960c3e1e971b816eb41b851f3abf5,2026-10-04,public-recipe-v1
RDA-90186,추어탕,https://www.nics.go.kr/food/kfi/tfSrch08/view?menuId=PS03520&tfcode=90186,11,c126b3b218baf12f1eab9e3fc4a1d97028e960c3e1e971b816eb41b851f3abf5,2026-10-04,public-recipe-v1
RDA-89577,칡묵무침,https://www.nics.go.kr/food/kfi/tfSrch08/view?menuId=PS03520&tfcode=89577,11,c126b3b218baf12f1eab9e3fc4a1d97028e960c3e1e971b816eb41b851f3abf5,2026-10-04,public-recipe-v1
RDA-89591,칡전,https://www.nics.go.kr/food/kfi/tfSrch08/view?menuId=PS03520&tfcode=89591,11,c126b3b218baf12f1eab9e3fc4a1d97028e960c3e1e971b816eb41b851f3abf5,2026-10-04,public-recipe-v1
RDA-90124,칡차,https://www.nics.go.kr/food/kfi/tfSrch08/view?menuId=PS03520&tfcode=90124,11,c126b3b218baf12f1eab9e3fc4a1d97028e960c3e1e971b816eb41b851f3abf5,2026-10-04,public-recipe-v1
RDA-92277,콩과자(콩유과),https://www.nics.go.kr/food/kfi/tfSrch08/view?menuId=PS03520&tfcode=92277,11,c126b3b218baf12f1eab9e3fc4a1d97028e960c3e1e971b816eb41b851f3abf5,2026-10-04,public-recipe-v1
RDA-89958,콩국(날콩가루국),https://www.nics.go.kr/food/kfi/tfSrch08/view?menuId=PS03520&tfcode=89958,11,c126b3b218baf12f1eab9e3fc4a1d97028e960c3e1e971b816eb41b851f3abf5,2026-10-04,public-recipe-v1
RDA-92082,콩나물김치죽,https://www.nics.go.kr/food/kfi/tfSrch08/view?menuId=PS03520&tfcode=92082,11,c126b3b218baf12f1eab9e3fc4a1d97028e960c3e1e971b816eb41b851f3abf5,2026-10-04,public-recipe-v1
RDA-92340,콩나물밥,https://www.nics.go.kr/food/kfi/tfSrch08/view?menuId=PS03520&tfcode=92340,11,c126b3b218baf12f1eab9e3fc4a1d97028e960c3e1e971b816eb41b851f3abf5,2026-10-04,public-recipe-v1
RDA-92014,콩비지떡,https://www.nics.go.kr/food/kfi/tfSrch08/view?menuId=PS03520&tfcode=92014,11,c126b3b218baf12f1eab9e3fc4a1d97028e960c3e1e971b816eb41b851f3abf5,2026-10-04,public-recipe-v1
RDA-92066,콩비지밥,https://www.nics.go.kr/food/kfi/tfSrch08/view?menuId=PS03520&tfcode=92066,11,c126b3b218baf12f1eab9e3fc4a1d97028e960c3e1e971b816eb41b851f3abf5,2026-10-04,public-recipe-v1
RDA-91079,콩잎물김치,https://www.nics.go.kr/food/kfi/tfSrch08/view?menuId=PS03520&tfcode=91079,11,c126b3b218baf12f1eab9e3fc4a1d97028e960c3e1e971b816eb41b851f3abf5,2026-10-04,public-recipe-v1
RDA-90157,콩죽,https://www.nics.go.kr/food/kfi/tfSrch08/view?menuId=PS03520&tfcode=90157,12,1c73a2ec575946ea81df484f4414a67b8c3d884cec1b9f123a929087832aa601,2026-10-04,public-recipe-v1
RDA-91216,"콩탕(콩장, 순두부)",https://www.nics.go.kr/food/kfi/tfSrch08/view?menuId=PS03520&tfcode=91216,12,1c73a2ec575946ea81df484f4414a67b8c3d884cec1b9f123a929087832aa601,2026-10-04,public-recipe-v1
RDA-90222,토란대나물,https://www.nics.go.kr/food/kfi/tfSrch08/view?menuId=PS03520&tfcode=90222,12,1c73a2ec575946ea81df484f4414a67b8c3d884cec1b9f123a929087832aa601,2026-10-04,public-recipe-v1
RDA-91868,톳나물무침,https://www.nics.go.kr/food/kfi/tfSrch08/view?menuId=PS03520&tfcode=91868,12,1c73a2ec575946ea81df484f4414a67b8c3d884cec1b9f123a929087832aa601,2026-10-04,public-recipe-v1
RDA-91346,통영비빔밥,https://www.nics.go.kr/food/kfi/tfSrch08/view?menuId=PS03520&tfcode=91346,12,1c73a2ec575946ea81df484f4414a67b8c3d884cec1b9f123a929087832aa601,2026-10-04,public-recipe-v1
RDA-91669,파래장아찌,https://www.nics.go.kr/food/kfi/tfSrch08/view?menuId=PS03520&tfcode=91669,12,1c73a2ec575946ea81df484f4414a67b8c3d884cec1b9f123a929087832aa601,2026-10-04,public-recipe-v1
RDA-90966,팥잎밥,https://www.nics.go.kr/food/kfi/tfSrch08/view?menuId=PS03520&tfcode=90966,12,1c73a2ec575946ea81df484f4414a67b8c3d884cec1b9f123a929087832aa601,2026-10-04,public-recipe-v1
RDA-89621,표고장아찌 <방법1>,https://www.nics.go.kr/food/kfi/tfSrch08/view?menuId=PS03520&tfcode=89621,12,1c73a2ec575946ea81df484f4414a67b8c3d884cec1b9f123a929087832aa601,2026-10-04,public-recipe-v1
RDA-92139,풋고추열무김치,https://www.nics.go.kr/food/kfi/tfSrch08/view?menuId=PS03520&tfcode=92139,12,1c73a2ec575946ea81df484f4414a67b8c3d884cec1b9f123a929087832aa601,2026-10-04,public-recipe-v1
RDA-91608,피라미찜(피리찜),https://www.nics.go.kr/food/kfi/tfSrch08/view?menuId=PS03520&tfcode=91608,12,1c73a2ec575946ea81df484f4414a67b8c3d884cec1b9f123a929087832aa601,2026-10-04,public-recipe-v1
RDA-89991,해물뚝배기,https://www.nics.go.kr/food/kfi/tfSrch08/view?menuId=PS03520&tfcode=89991,12,1c73a2ec575946ea81df484f4414a67b8c3d884cec1b9f123a929087832aa601,2026-10-04,public-recipe-v1
RDA-90372,행인죽,https://www.nics.go.kr/food/kfi/tfSrch08/view?menuId=PS03520&tfcode=90372,12,1c73a2ec575946ea81df484f4414a67b8c3d884cec1b9f123a929087832aa601,2026-10-04,public-recipe-v1
RDA-91055,현풍곰탕,https://www.nics.go.kr/food/kfi/tfSrch08/view?menuId=PS03520&tfcode=91055,12,1c73a2ec575946ea81df484f4414a67b8c3d884cec1b9f123a929087832aa601,2026-10-04,public-recipe-v1
RDA-89912,호박고추장,https://www.nics.go.kr/food/kfi/tfSrch08/view?menuId=PS03520&tfcode=89912,12,1c73a2ec575946ea81df484f4414a67b8c3d884cec1b9f123a929087832aa601,2026-10-04,public-recipe-v1
RDA-90993,호박북심이,https://www.nics.go.kr/food/kfi/tfSrch08/view?menuId=PS03520&tfcode=90993,12,1c73a2ec575946ea81df484f4414a67b8c3d884cec1b9f123a929087832aa601,2026-10-04,public-recipe-v1
RDA-89523,호박수제비(호박잎수제비),https://www.nics.go.kr/food/kfi/tfSrch08/view?menuId=PS03520&tfcode=89523,12,1c73a2ec575946ea81df484f4414a67b8c3d884cec1b9f123a929087832aa601,2026-10-04,public-recipe-v1
RDA-91577,호박잎전,https://www.nics.go.kr/food/kfi/tfSrch08/view?menuId=PS03520&tfcode=91577,12,1c73a2ec575946ea81df484f4414a67b8c3d884cec1b9f123a929087832aa601,2026-10-04,public-recipe-v1
RDA-89775,호박지,https://www.nics.go.kr/food/kfi/tfSrch08/view?menuId=PS03520&tfcode=89775,12,1c73a2ec575946ea81df484f4414a67b8c3d884cec1b9f123a929087832aa601,2026-10-04,public-recipe-v1
RDA-92257,화랑게회젓,https://www.nics.go.kr/food/kfi/tfSrch08/view?menuId=PS03520&tfcode=92257,12,1c73a2ec575946ea81df484f4414a67b8c3d884cec1b9f123a929087832aa601,2026-10-04,public-recipe-v1
RDA-90142,황등비빔밥(육회비빔밥),https://www.nics.go.kr/food/kfi/tfSrch08/view?menuId=PS03520&tfcode=90142,12,1c73a2ec575946ea81df484f4414a67b8c3d884cec1b9f123a929087832aa601,2026-10-04,public-recipe-v1
RDA-90271,황포묵(노랑청포묵),https://www.nics.go.kr/food/kfi/tfSrch08/view?menuId=PS03520&tfcode=90271,12,1c73a2ec575946ea81df484f4414a67b8c3d884cec1b9f123a929087832aa601,2026-10-04,public-recipe-v1
RDA-92113,흑염소탕,https://www.nics.go.kr/food/kfi/tfSrch08/view?menuId=PS03520&tfcode=92113,12,1c73a2ec575946ea81df484f4414a67b8c3d884cec1b9f123a929087832aa601,2026-10-04,public-recipe-v1
RDA-90159,흑임자죽,https://www.nics.go.kr/food/kfi/tfSrch08/view?menuId=PS03520&tfcode=90159,12,1c73a2ec575946ea81df484f4414a67b8c3d884cec1b9f123a929087832aa601,2026-10-04,public-recipe-v1
RDA-91176,가자미무침회,https://www.nics.go.kr/food/kfi/tfSrch08/view?menuId=PS03520&tfcode=91176,12,1c73a2ec575946ea81df484f4414a67b8c3d884cec1b9f123a929087832aa601,2026-10-04,public-recipe-v1
RDA-91671,갈치내장젓(갈치순태젓),https://www.nics.go.kr/food/kfi/tfSrch08/view?menuId=PS03520&tfcode=91671,12,1c73a2ec575946ea81df484f4414a67b8c3d884cec1b9f123a929087832aa601,2026-10-04,public-recipe-v1
RDA-90744,감자국,https://www.nics.go.kr/food/kfi/tfSrch08/view?menuId=PS03520&tfcode=90744,12,1c73a2ec575946ea81df484f4414a67b8c3d884cec1b9f123a929087832aa601,2026-10-04,public-recipe-v1
RDA-91247,감자떡(감자송편),https://www.nics.go.kr/food/kfi/tfSrch08/view?menuId=PS03520&tfcode=91247,12,1c73a2ec575946ea81df484f4414a67b8c3d884cec1b9f123a929087832aa601,2026-10-04,public-recipe-v1
RDA-92316,감자밥,https://www.nics.go.kr/food/kfi/tfSrch08/view?menuId=PS03520&tfcode=92316,12,1c73a2ec575946ea81df484f4414a67b8c3d884cec1b9f123a929087832aa601,2026-10-04,public-recipe-v1
RDA-92242,강달이젓무침,https://www.nics.go.kr/food/kfi/tfSrch08/view?menuId=PS03520&tfcode=92242,12,1c73a2ec575946ea81df484f4414a67b8c3d884cec1b9f123a929087832aa601,2026-10-04,public-recipe-v1
RDA-90015,건옥돔구이,https://www.nics.go.kr/food/kfi/tfSrch08/view?menuId=PS03520&tfcode=90015,12,1c73a2ec575946ea81df484f4414a67b8c3d884cec1b9f123a929087832aa601,2026-10-04,public-recipe-v1
RDA-92643,고사리미나리찜,https://www.nics.go.kr/food/kfi/tfSrch08/view?menuId=PS03520&tfcode=92643,12,1c73a2ec575946ea81df484f4414a67b8c3d884cec1b9f123a929087832aa601,2026-10-04,public-recipe-v1
RDA-92375,고추부각,https://www.nics.go.kr/food/kfi/tfSrch08/view?menuId=PS03520&tfcode=92375,12,1c73a2ec575946ea81df484f4414a67b8c3d884cec1b9f123a929087832aa601,2026-10-04,public-recipe-v1
RDA-89603,고추부각 <방법1>,https://www.nics.go.kr/food/kfi/tfSrch08/view?menuId=PS03520&tfcode=89603,12,1c73a2ec575946ea81df484f4414a67b8c3d884cec1b9f123a929087832aa601,2026-10-04,public-recipe-v1
RDA-91123,고추장떡,https://www.nics.go.kr/food/kfi/tfSrch08/view?menuId=PS03520&tfcode=91123,12,1c73a2ec575946ea81df484f4414a67b8c3d884cec1b9f123a929087832aa601,2026-10-04,public-recipe-v1
RDA-89797,나물밥전,https://www.nics.go.kr/food/kfi/tfSrch08/view?menuId=PS03520&tfcode=89797,12,1c73a2ec575946ea81df484f4414a67b8c3d884cec1b9f123a929087832aa601,2026-10-04,public-recipe-v1
RDA-90944,달걀밥,https://www.nics.go.kr/food/kfi/tfSrch08/view?menuId=PS03520&tfcode=90944,12,1c73a2ec575946ea81df484f4414a67b8c3d884cec1b9f123a929087832aa601,2026-10-04,public-recipe-v1
RDA-91022,닭개장,https://www.nics.go.kr/food/kfi/tfSrch08/view?menuId=PS03520&tfcode=91022,12,1c73a2ec575946ea81df484f4414a67b8c3d884cec1b9f123a929087832aa601,2026-10-04,public-recipe-v1
RDA-92288,대잎차,https://www.nics.go.kr/food/kfi/tfSrch08/view?menuId=PS03520&tfcode=92288,12,1c73a2ec575946ea81df484f4414a67b8c3d884cec1b9f123a929087832aa601,2026-10-04,public-recipe-v1
RDA-90797,도라지생채,https://www.nics.go.kr/food/kfi/tfSrch08/view?menuId=PS03520&tfcode=90797,12,1c73a2ec575946ea81df484f4414a67b8c3d884cec1b9f123a929087832aa601,2026-10-04,public-recipe-v1
RDA-92551,도라지장아찌,https://www.nics.go.kr/food/kfi/tfSrch08/view?menuId=PS03520&tfcode=92551,12,1c73a2ec575946ea81df484f4414a67b8c3d884cec1b9f123a929087832aa601,2026-10-04,public-recipe-v1
RDA-89808,돼지족찜,https://www.nics.go.kr/food/kfi/tfSrch08/view?menuId=PS03520&tfcode=89808,12,1c73a2ec575946ea81df484f4414a67b8c3d884cec1b9f123a929087832aa601,2026-10-04,public-recipe-v1
RDA-92664,돼지허파전(북부기전),https://www.nics.go.kr/food/kfi/tfSrch08/view?menuId=PS03520&tfcode=92664,12,1c73a2ec575946ea81df484f4414a67b8c3d884cec1b9f123a929087832aa601,2026-10-04,public-recipe-v1
RDA-91131,된장떡,https://www.nics.go.kr/food/kfi/tfSrch08/view?menuId=PS03520&tfcode=91131,12,1c73a2ec575946ea81df484f4414a67b8c3d884cec1b9f123a929087832aa601,2026-10-04,public-recipe-v1
RDA-91351,마죽,https://www.nics.go.kr/food/kfi/tfSrch08/view?menuId=PS03520&tfcode=91351,12,1c73a2ec575946ea81df484f4414a67b8c3d884cec1b9f123a929087832aa601,2026-10-04,public-recipe-v1
RDA-90973,말죽,https://www.nics.go.kr/food/kfi/tfSrch08/view?menuId=PS03520&tfcode=90973,12,1c73a2ec575946ea81df484f4414a67b8c3d884cec1b9f123a929087832aa601,2026-10-04,public-recipe-v1
RDA-91463,머위김치,https://www.nics.go.kr/food/kfi/tfSrch08/view?menuId=PS03520&tfcode=91463,12,1c73a2ec575946ea81df484f4414a67b8c3d884cec1b9f123a929087832aa601,2026-10-04,public-recipe-v1
RDA-90990,메밀범벅,https://www.nics.go.kr/food/kfi/tfSrch08/view?menuId=PS03520&tfcode=90990,12,1c73a2ec575946ea81df484f4414a67b8c3d884cec1b9f123a929087832aa601,2026-10-04,public-recipe-v1
RDA-91560,무전,https://www.nics.go.kr/food/kfi/tfSrch08/view?menuId=PS03520&tfcode=91560,12,1c73a2ec575946ea81df484f4414a67b8c3d884cec1b9f123a929087832aa601,2026-10-04,public-recipe-v1
RDA-92077,민물고기어죽,https://www.nics.go.kr/food/kfi/tfSrch08/view?menuId=PS03520&tfcode=92077,12,1c73a2ec575946ea81df484f4414a67b8c3d884cec1b9f123a929087832aa601,2026-10-04,public-recipe-v1
RDA-92199,서촌간재미회,https://www.nics.go.kr/food/kfi/tfSrch08/view?menuId=PS03520&tfcode=92199,12,1c73a2ec575946ea81df484f4414a67b8c3d884cec1b9f123a929087832aa601,2026-10-04,public-recipe-v1
RDA-92147,수박생채,https://www.nics.go.kr/food/kfi/tfSrch08/view?menuId=PS03520&tfcode=92147,12,1c73a2ec575946ea81df484f4414a67b8c3d884cec1b9f123a929087832aa601,2026-10-04,public-recipe-v1
RDA-91316,스무주(시무주),https://www.nics.go.kr/food/kfi/tfSrch08/view?menuId=PS03520&tfcode=91316,12,1c73a2ec575946ea81df484f4414a67b8c3d884cec1b9f123a929087832aa601,2026-10-04,public-recipe-v1
RDA-89941,쑥범벅(본속범벅),https://www.nics.go.kr/food/kfi/tfSrch08/view?menuId=PS03520&tfcode=89941,12,1c73a2ec575946ea81df484f4414a67b8c3d884cec1b9f123a929087832aa601,2026-10-04,public-recipe-v1
RDA-89740,열무쇠고기국,https://www.nics.go.kr/food/kfi/tfSrch08/view?menuId=PS03520&tfcode=89740,12,1c73a2ec575946ea81df484f4414a67b8c3d884cec1b9f123a929087832aa601,2026-10-04,public-recipe-v1
RDA-90132,오메기술(청주)<방법1>,https://www.nics.go.kr/food/kfi/tfSrch08/view?menuId=PS03520&tfcode=90132,12,1c73a2ec575946ea81df484f4414a67b8c3d884cec1b9f123a929087832aa601,2026-10-04,public-recipe-v1
RDA-92660,오이나물,https://www.nics.go.kr/food/kfi/tfSrch08/view?menuId=PS03520&tfcode=92660,12,1c73a2ec575946ea81df484f4414a67b8c3d884cec1b9f123a929087832aa601,2026-10-04,public-recipe-v1
RDA-90804,오이생채,https://www.nics.go.kr/food/kfi/tfSrch08/view?menuId=PS03520&tfcode=90804,12,1c73a2ec575946ea81df484f4414a67b8c3d884cec1b9f123a929087832aa601,2026-10-04,public-recipe-v1
RDA-91275,옥수수시루떡,https://www.nics.go.kr/food/kfi/tfSrch08/view?menuId=PS03520&tfcode=91275,12,1c73a2ec575946ea81df484f4414a67b8c3d884cec1b9f123a929087832aa601,2026-10-04,public-recipe-v1
RDA-91319,옻술,https://www.nics.go.kr/food/kfi/tfSrch08/view?menuId=PS03520&tfcode=91319,12,1c73a2ec575946ea81df484f4414a67b8c3d884cec1b9f123a929087832aa601,2026-10-04,public-recipe-v1
RDA-92253,자하젓무침(자외젓무침),https://www.nics.go.kr/food/kfi/tfSrch08/view?menuId=PS03520&tfcode=92253,12,1c73a2ec575946ea81df484f4414a67b8c3d884cec1b9f123a929087832aa601,2026-10-04,public-recipe-v1
RDA-92324,재첩국,https://www.nics.go.kr/food/kfi/tfSrch08/view?menuId=PS03520&tfcode=92324,12,1c73a2ec575946ea81df484f4414a67b8c3d884cec1b9f123a929087832aa601,2026-10-04,public-recipe-v1
RDA-90920,조개젓(무침),https://www.nics.go.kr/food/kfi/tfSrch08/view?menuId=PS03520&tfcode=90920,12,1c73a2ec575946ea81df484f4414a67b8c3d884cec1b9f123a929087832aa601,2026-10-04,public-recipe-v1
RDA-92363,조기구이,https://www.nics.go.kr/food/kfi/tfSrch08/view?menuId=PS03520&tfcode=92363,12,1c73a2ec575946ea81df484f4414a67b8c3d884cec1b9f123a929087832aa601,2026-10-04,public-recipe-v1
RDA-92527,"좁쌀밥(조팝, 흐린좁쌀밥)",https://www.nics.go.kr/food/kfi/tfSrch08/view?menuId=PS03520&tfcode=92527,12,1c73a2ec575946ea81df484f4414a67b8c3d884cec1b9f123a929087832aa601,2026-10-04,public-recipe-v1
RDA-91341,찐쌀밥(찐밥),https://www.nics.go.kr/food/kfi/tfSrch08/view?menuId=PS03520&tfcode=91341,12,1c73a2ec575946ea81df484f4414a67b8c3d884cec1b9f123a929087832aa601,2026-10-04,public-recipe-v1
RDA-91506,청각무침(나물),https://www.nics.go.kr/food/kfi/tfSrch08/view?menuId=PS03520&tfcode=91506,12,1c73a2ec575946ea81df484f4414a67b8c3d884cec1b9f123a929087832aa601,2026-10-04,public-recipe-v1
RDA-90941,초고추장,https://www.nics.go.kr/food/kfi/tfSrch08/view?menuId=PS03520&tfcode=90941,12,1c73a2ec575946ea81df484f4414a67b8c3d884cec1b9f123a929087832aa601,2026-10-04,public-recipe-v1
RDA-90963,콩가루주먹밥(고두밥콩가루무침),https://www.nics.go.kr/food/kfi/tfSrch08/view?menuId=PS03520&tfcode=90963,12,1c73a2ec575946ea81df484f4414a67b8c3d884cec1b9f123a929087832aa601,2026-10-04,public-recipe-v1
RDA-92125,피굴(껍질이 있는 굴국),https://www.nics.go.kr/food/kfi/tfSrch08/view?menuId=PS03520&tfcode=92125,12,1c73a2ec575946ea81df484f4414a67b8c3d884cec1b9f123a929087832aa601,2026-10-04,public-recipe-v1
RDA-89891,호박물,https://www.nics.go.kr/food/kfi/tfSrch08/view?menuId=PS03520&tfcode=89891,12,1c73a2ec575946ea81df484f4414a67b8c3d884cec1b9f123a929087832aa601,2026-10-04,public-recipe-v1
RDA-92034,호박수정과,https://www.nics.go.kr/food/kfi/tfSrch08/view?menuId=PS03520&tfcode=92034,13,59cfcb09dd2f7adce2358800274d04aafa656b33c75a973808099edca80a56ef,2026-10-04,public-recipe-v1
RDA-91013,가자미미역국,https://www.nics.go.kr/food/kfi/tfSrch08/view?menuId=PS03520&tfcode=91013,13,59cfcb09dd2f7adce2358800274d04aafa656b33c75a973808099edca80a56ef,2026-10-04,public-recipe-v1
RDA-91233,가자미식해,https://www.nics.go.kr/food/kfi/tfSrch08/view?menuId=PS03520&tfcode=91233,13,59cfcb09dd2f7adce2358800274d04aafa656b33c75a973808099edca80a56ef,2026-10-04,public-recipe-v1
RDA-91673,갈치젓갈,https://www.nics.go.kr/food/kfi/tfSrch08/view?menuId=PS03520&tfcode=91673,13,59cfcb09dd2f7adce2358800274d04aafa656b33c75a973808099edca80a56ef,2026-10-04,public-recipe-v1
RDA-92095,갈파래국,https://www.nics.go.kr/food/kfi/tfSrch08/view?menuId=PS03520&tfcode=92095,13,59cfcb09dd2f7adce2358800274d04aafa656b33c75a973808099edca80a56ef,2026-10-04,public-recipe-v1
RDA-90783,갓김치,https://www.nics.go.kr/food/kfi/tfSrch08/view?menuId=PS03520&tfcode=90783,13,59cfcb09dd2f7adce2358800274d04aafa656b33c75a973808099edca80a56ef,2026-10-04,public-recipe-v1
RDA-91057,강된장찌개,https://www.nics.go.kr/food/kfi/tfSrch08/view?menuId=PS03520&tfcode=91057,13,59cfcb09dd2f7adce2358800274d04aafa656b33c75a973808099edca80a56ef,2026-10-04,public-recipe-v1
RDA-91016,"고둥국(골뱅이국, 골부리국, 다슬기국)",https://www.nics.go.kr/food/kfi/tfSrch08/view?menuId=PS03520&tfcode=91016,13,59cfcb09dd2f7adce2358800274d04aafa656b33c75a973808099edca80a56ef,2026-10-04,public-recipe-v1
RDA-90810,고춧잎나물,https://www.nics.go.kr/food/kfi/tfSrch08/view?menuId=PS03520&tfcode=90810,13,59cfcb09dd2f7adce2358800274d04aafa656b33c75a973808099edca80a56ef,2026-10-04,public-recipe-v1
RDA-92299,구기자동동주,https://www.nics.go.kr/food/kfi/tfSrch08/view?menuId=PS03520&tfcode=92299,13,59cfcb09dd2f7adce2358800274d04aafa656b33c75a973808099edca80a56ef,2026-10-04,public-recipe-v1
RDA-91124,군소산적(군수산적),https://www.nics.go.kr/food/kfi/tfSrch08/view?menuId=PS03520&tfcode=91124,13,59cfcb09dd2f7adce2358800274d04aafa656b33c75a973808099edca80a56ef,2026-10-04,public-recipe-v1
RDA-92098,김장물(냉국),https://www.nics.go.kr/food/kfi/tfSrch08/view?menuId=PS03520&tfcode=92098,13,59cfcb09dd2f7adce2358800274d04aafa656b33c75a973808099edca80a56ef,2026-10-04,public-recipe-v1
RDA-91235,꽁치젓갈(봉산꽁치젓갈),https://www.nics.go.kr/food/kfi/tfSrch08/view?menuId=PS03520&tfcode=91235,13,59cfcb09dd2f7adce2358800274d04aafa656b33c75a973808099edca80a56ef,2026-10-04,public-recipe-v1
RDA-90857,낙지볶음,https://www.nics.go.kr/food/kfi/tfSrch08/view?menuId=PS03520&tfcode=90857,13,59cfcb09dd2f7adce2358800274d04aafa656b33c75a973808099edca80a56ef,2026-10-04,public-recipe-v1
RDA-91397,다슬기국(고둥국) <방법1>,https://www.nics.go.kr/food/kfi/tfSrch08/view?menuId=PS03520&tfcode=91397,13,59cfcb09dd2f7adce2358800274d04aafa656b33c75a973808099edca80a56ef,2026-10-04,public-recipe-v1
RDA-91398,다슬기국(고둥국) <방법2 >,https://www.nics.go.kr/food/kfi/tfSrch08/view?menuId=PS03520&tfcode=91398,13,59cfcb09dd2f7adce2358800274d04aafa656b33c75a973808099edca80a56ef,2026-10-04,public-recipe-v1
RDA-91657,단풍콩잎장아찌,https://www.nics.go.kr/food/kfi/tfSrch08/view?menuId=PS03520&tfcode=91657,13,59cfcb09dd2f7adce2358800274d04aafa656b33c75a973808099edca80a56ef,2026-10-04,public-recipe-v1
RDA-90751,대구국(탕),https://www.nics.go.kr/food/kfi/tfSrch08/view?menuId=PS03520&tfcode=90751,13,59cfcb09dd2f7adce2358800274d04aafa656b33c75a973808099edca80a56ef,2026-10-04,public-recipe-v1
RDA-90828,도라지구이,https://www.nics.go.kr/food/kfi/tfSrch08/view?menuId=PS03520&tfcode=90828,13,59cfcb09dd2f7adce2358800274d04aafa656b33c75a973808099edca80a56ef,2026-10-04,public-recipe-v1
RDA-91659,도라지장아찌,https://www.nics.go.kr/food/kfi/tfSrch08/view?menuId=PS03520&tfcode=91659,13,59cfcb09dd2f7adce2358800274d04aafa656b33c75a973808099edca80a56ef,2026-10-04,public-recipe-v1
RDA-92102,돌파래장물,https://www.nics.go.kr/food/kfi/tfSrch08/view?menuId=PS03520&tfcode=92102,13,59cfcb09dd2f7adce2358800274d04aafa656b33c75a973808099edca80a56ef,2026-10-04,public-recipe-v1
RDA-90872,동태전,https://www.nics.go.kr/food/kfi/tfSrch08/view?menuId=PS03520&tfcode=90872,13,59cfcb09dd2f7adce2358800274d04aafa656b33c75a973808099edca80a56ef,2026-10-04,public-recipe-v1
RDA-90774,된장찌개,https://www.nics.go.kr/food/kfi/tfSrch08/view?menuId=PS03520&tfcode=90774,13,59cfcb09dd2f7adce2358800274d04aafa656b33c75a973808099edca80a56ef,2026-10-04,public-recipe-v1
RDA-91352,머윗대들깨국(머윗대들깨탕) <방법1>,https://www.nics.go.kr/food/kfi/tfSrch08/view?menuId=PS03520&tfcode=91352,13,59cfcb09dd2f7adce2358800274d04aafa656b33c75a973808099edca80a56ef,2026-10-04,public-recipe-v1
RDA-90775,메기매운탕,https://www.nics.go.kr/food/kfi/tfSrch08/view?menuId=PS03520&tfcode=90775,13,59cfcb09dd2f7adce2358800274d04aafa656b33c75a973808099edca80a56ef,2026-10-04,public-recipe-v1
RDA-90862,멸치볶음,https://www.nics.go.kr/food/kfi/tfSrch08/view?menuId=PS03520&tfcode=90862,13,59cfcb09dd2f7adce2358800274d04aafa656b33c75a973808099edca80a56ef,2026-10-04,public-recipe-v1
RDA-90753,무된장국(된장국),https://www.nics.go.kr/food/kfi/tfSrch08/view?menuId=PS03520&tfcode=90753,13,59cfcb09dd2f7adce2358800274d04aafa656b33c75a973808099edca80a56ef,2026-10-04,public-recipe-v1
RDA-90904,무말랭이무침,https://www.nics.go.kr/food/kfi/tfSrch08/view?menuId=PS03520&tfcode=90904,13,59cfcb09dd2f7adce2358800274d04aafa656b33c75a973808099edca80a56ef,2026-10-04,public-recipe-v1
RDA-91160,묵나물찜,https://www.nics.go.kr/food/kfi/tfSrch08/view?menuId=PS03520&tfcode=91160,13,59cfcb09dd2f7adce2358800274d04aafa656b33c75a973808099edca80a56ef,2026-10-04,public-recipe-v1
RDA-91221,박쥐나뭇잎장아찌(남방잎장아찌),https://www.nics.go.kr/food/kfi/tfSrch08/view?menuId=PS03520&tfcode=91221,13,59cfcb09dd2f7adce2358800274d04aafa656b33c75a973808099edca80a56ef,2026-10-04,public-recipe-v1
RDA-91563,배추전,https://www.nics.go.kr/food/kfi/tfSrch08/view?menuId=PS03520&tfcode=91563,13,59cfcb09dd2f7adce2358800274d04aafa656b33c75a973808099edca80a56ef,2026-10-04,public-recipe-v1
RDA-92247,"밴댕이젓(송애젓, 소어젓) [방법1]",https://www.nics.go.kr/food/kfi/tfSrch08/view?menuId=PS03520&tfcode=92247,13,59cfcb09dd2f7adce2358800274d04aafa656b33c75a973808099edca80a56ef,2026-10-04,public-recipe-v1
RDA-91604,"부산아귀찜(생아귀찜, 아구찜, 해물생아귀찜)",https://www.nics.go.kr/food/kfi/tfSrch08/view?menuId=PS03520&tfcode=91604,13,59cfcb09dd2f7adce2358800274d04aafa656b33c75a973808099edca80a56ef,2026-10-04,public-recipe-v1
RDA-90801,부추무침,https://www.nics.go.kr/food/kfi/tfSrch08/view?menuId=PS03520&tfcode=90801,13,59cfcb09dd2f7adce2358800274d04aafa656b33c75a973808099edca80a56ef,2026-10-04,public-recipe-v1
RDA-92622,북어껍질불고기,https://www.nics.go.kr/food/kfi/tfSrch08/view?menuId=PS03520&tfcode=92622,13,59cfcb09dd2f7adce2358800274d04aafa656b33c75a973808099edca80a56ef,2026-10-04,public-recipe-v1
RDA-91179,상어회,https://www.nics.go.kr/food/kfi/tfSrch08/view?menuId=PS03520&tfcode=91179,13,59cfcb09dd2f7adce2358800274d04aafa656b33c75a973808099edca80a56ef,2026-10-04,public-recipe-v1
RDA-90802,상추겉절이,https://www.nics.go.kr/food/kfi/tfSrch08/view?menuId=PS03520&tfcode=90802,13,59cfcb09dd2f7adce2358800274d04aafa656b33c75a973808099edca80a56ef,2026-10-04,public-recipe-v1
RDA-91005,새알수제비(찹쌀깔디기),https://www.nics.go.kr/food/kfi/tfSrch08/view?menuId=PS03520&tfcode=91005,13,59cfcb09dd2f7adce2358800274d04aafa656b33c75a973808099edca80a56ef,2026-10-04,public-recipe-v1
RDA-91536,생멸치조림,https://www.nics.go.kr/food/kfi/tfSrch08/view?menuId=PS03520&tfcode=91536,13,59cfcb09dd2f7adce2358800274d04aafa656b33c75a973808099edca80a56ef,2026-10-04,public-recipe-v1
RDA-90817,숙주나물,https://www.nics.go.kr/food/kfi/tfSrch08/view?menuId=PS03520&tfcode=90817,13,59cfcb09dd2f7adce2358800274d04aafa656b33c75a973808099edca80a56ef,2026-10-04,public-recipe-v1
RDA-90762,시금치된장국,https://www.nics.go.kr/food/kfi/tfSrch08/view?menuId=PS03520&tfcode=90762,13,59cfcb09dd2f7adce2358800274d04aafa656b33c75a973808099edca80a56ef,2026-10-04,public-recipe-v1
RDA-92548,애호박국,https://www.nics.go.kr/food/kfi/tfSrch08/view?menuId=PS03520&tfcode=92548,13,59cfcb09dd2f7adce2358800274d04aafa656b33c75a973808099edca80a56ef,2026-10-04,public-recipe-v1
RDA-92595,애호박전,https://www.nics.go.kr/food/kfi/tfSrch08/view?menuId=PS03520&tfcode=92595,13,59cfcb09dd2f7adce2358800274d04aafa656b33c75a973808099edca80a56ef,2026-10-04,public-recipe-v1
RDA-90865,오징어볶음,https://www.nics.go.kr/food/kfi/tfSrch08/view?menuId=PS03520&tfcode=90865,13,59cfcb09dd2f7adce2358800274d04aafa656b33c75a973808099edca80a56ef,2026-10-04,public-recipe-v1
RDA-91238,오징어식해,https://www.nics.go.kr/food/kfi/tfSrch08/view?menuId=PS03520&tfcode=91238,13,59cfcb09dd2f7adce2358800274d04aafa656b33c75a973808099edca80a56ef,2026-10-04,public-recipe-v1
RDA-90905,오징어채무침,https://www.nics.go.kr/food/kfi/tfSrch08/view?menuId=PS03520&tfcode=90905,13,59cfcb09dd2f7adce2358800274d04aafa656b33c75a973808099edca80a56ef,2026-10-04,public-recipe-v1
RDA-89742,옻닭,https://www.nics.go.kr/food/kfi/tfSrch08/view?menuId=PS03520&tfcode=89742,13,59cfcb09dd2f7adce2358800274d04aafa656b33c75a973808099edca80a56ef,2026-10-04,public-recipe-v1
RDA-91605,잉어찜,https://www.nics.go.kr/food/kfi/tfSrch08/view?menuId=PS03520&tfcode=91605,13,59cfcb09dd2f7adce2358800274d04aafa656b33c75a973808099edca80a56ef,2026-10-04,public-recipe-v1
RDA-90089,자리젓,https://www.nics.go.kr/food/kfi/tfSrch08/view?menuId=PS03520&tfcode=90089,13,59cfcb09dd2f7adce2358800274d04aafa656b33c75a973808099edca80a56ef,2026-10-04,public-recipe-v1
RDA-92327,재첩회,https://www.nics.go.kr/food/kfi/tfSrch08/view?menuId=PS03520&tfcode=92327,13,59cfcb09dd2f7adce2358800274d04aafa656b33c75a973808099edca80a56ef,2026-10-04,public-recipe-v1
RDA-92329,전어밤젓,https://www.nics.go.kr/food/kfi/tfSrch08/view?menuId=PS03520&tfcode=92329,13,59cfcb09dd2f7adce2358800274d04aafa656b33c75a973808099edca80a56ef,2026-10-04,public-recipe-v1
RDA-91747,지네초식혜,https://www.nics.go.kr/food/kfi/tfSrch08/view?menuId=PS03520&tfcode=91747,13,59cfcb09dd2f7adce2358800274d04aafa656b33c75a973808099edca80a56ef,2026-10-04,public-recipe-v1
RDA-90940,초간장,https://www.nics.go.kr/food/kfi/tfSrch08/view?menuId=PS03520&tfcode=90940,13,59cfcb09dd2f7adce2358800274d04aafa656b33c75a973808099edca80a56ef,2026-10-04,public-recipe-v1
RDA-91473,콩잎물김치,https://www.nics.go.kr/food/kfi/tfSrch08/view?menuId=PS03520&tfcode=91473,13,59cfcb09dd2f7adce2358800274d04aafa656b33c75a973808099edca80a56ef,2026-10-04,public-recipe-v1
RDA-91011,토끼만두,https://www.nics.go.kr/food/kfi/tfSrch08/view?menuId=PS03520&tfcode=91011,13,59cfcb09dd2f7adce2358800274d04aafa656b33c75a973808099edca80a56ef,2026-10-04,public-recipe-v1
RDA-92165,톳두부무침,https://www.nics.go.kr/food/kfi/tfSrch08/view?menuId=PS03520&tfcode=92165,13,59cfcb09dd2f7adce2358800274d04aafa656b33c75a973808099edca80a56ef,2026-10-04,public-recipe-v1
RDA-91382,팥칼국수(밀장국),https://www.nics.go.kr/food/kfi/tfSrch08/view?menuId=PS03520&tfcode=91382,13,59cfcb09dd2f7adce2358800274d04aafa656b33c75a973808099edca80a56ef,2026-10-04,public-recipe-v1
RDA-90867,풋고추볶음,https://www.nics.go.kr/food/kfi/tfSrch08/view?menuId=PS03520&tfcode=90867,13,59cfcb09dd2f7adce2358800274d04aafa656b33c75a973808099edca80a56ef,2026-10-04,public-recipe-v1
RDA-89663,호박과편,https://www.nics.go.kr/food/kfi/tfSrch08/view?menuId=PS03520&tfcode=89663,13,59cfcb09dd2f7adce2358800274d04aafa656b33c75a973808099edca80a56ef,2026-10-04,public-recipe-v1
RDA-91280,호박시루떡,https://www.nics.go.kr/food/kfi/tfSrch08/view?menuId=PS03520&tfcode=91280,13,59cfcb09dd2f7adce2358800274d04aafa656b33c75a973808099edca80a56ef,2026-10-04,public-recipe-v1
RDA-91526,가자미조림(납세미조림),https://www.nics.go.kr/food/kfi/tfSrch08/view?menuId=PS03520&tfcode=91526,13,59cfcb09dd2f7adce2358800274d04aafa656b33c75a973808099edca80a56ef,2026-10-04,public-recipe-v1
RDA-92357,가지나물,https://www.nics.go.kr/food/kfi/tfSrch08/view?menuId=PS03520&tfcode=92357,13,59cfcb09dd2f7adce2358800274d04aafa656b33c75a973808099edca80a56ef,2026-10-04,public-recipe-v1
RDA-90311,각색산자,https://www.nics.go.kr/food/kfi/tfSrch08/view?menuId=PS03520&tfcode=90311,13,59cfcb09dd2f7adce2358800274d04aafa656b33c75a973808099edca80a56ef,2026-10-04,public-recipe-v1
RDA-92346,갈비탕,https://www.nics.go.kr/food/kfi/tfSrch08/view?menuId=PS03520&tfcode=92346,13,59cfcb09dd2f7adce2358800274d04aafa656b33c75a973808099edca80a56ef,2026-10-04,public-recipe-v1
RDA-89953,갈치호박국(갈치국),https://www.nics.go.kr/food/kfi/tfSrch08/view?menuId=PS03520&tfcode=89953,13,59cfcb09dd2f7adce2358800274d04aafa656b33c75a973808099edca80a56ef,2026-10-04,public-recipe-v1
RDA-90841,감자조림,https://www.nics.go.kr/food/kfi/tfSrch08/view?menuId=PS03520&tfcode=90841,13,59cfcb09dd2f7adce2358800274d04aafa656b33c75a973808099edca80a56ef,2026-10-04,public-recipe-v1
RDA-90170,감자탕,https://www.nics.go.kr/food/kfi/tfSrch08/view?menuId=PS03520&tfcode=90170,13,59cfcb09dd2f7adce2358800274d04aafa656b33c75a973808099edca80a56ef,2026-10-04,public-recipe-v1
RDA-91218,감장아찌,https://www.nics.go.kr/food/kfi/tfSrch08/view?menuId=PS03520&tfcode=91218,13,59cfcb09dd2f7adce2358800274d04aafa656b33c75a973808099edca80a56ef,2026-10-04,public-recipe-v1
RDA-91488,곤달비무침,https://www.nics.go.kr/food/kfi/tfSrch08/view?menuId=PS03520&tfcode=91488,13,59cfcb09dd2f7adce2358800274d04aafa656b33c75a973808099edca80a56ef,2026-10-04,public-recipe-v1
RDA-91960,구름떡,https://www.nics.go.kr/food/kfi/tfSrch08/view?menuId=PS03520&tfcode=91960,13,59cfcb09dd2f7adce2358800274d04aafa656b33c75a973808099edca80a56ef,2026-10-04,public-recipe-v1
RDA-89914,기름밥(지름밥),https://www.nics.go.kr/food/kfi/tfSrch08/view?menuId=PS03520&tfcode=89914,14,c41d9a861c3efe87109a39a9ad8b40863a2392642edd384608c34469bd3f75ef,2026-10-04,public-recipe-v1
RDA-91830,김국,https://www.nics.go.kr/food/kfi/tfSrch08/view?menuId=PS03520&tfcode=91830,14,c41d9a861c3efe87109a39a9ad8b40863a2392642edd384608c34469bd3f75ef,2026-10-04,public-recipe-v1
RDA-90871,김치전,https://www.nics.go.kr/food/kfi/tfSrch08/view?menuId=PS03520&tfcode=90871,14,c41d9a861c3efe87109a39a9ad8b40863a2392642edd384608c34469bd3f75ef,2026-10-04,public-recipe-v1
RDA-91403,"깨즙국(깨집국, 깻국)",https://www.nics.go.kr/food/kfi/tfSrch08/view?menuId=PS03520&tfcode=91403,14,c41d9a861c3efe87109a39a9ad8b40863a2392642edd384608c34469bd3f75ef,2026-10-04,public-recipe-v1
RDA-90880,깻잎찜,https://www.nics.go.kr/food/kfi/tfSrch08/view?menuId=PS03520&tfcode=90880,14,c41d9a861c3efe87109a39a9ad8b40863a2392642edd384608c34469bd3f75ef,2026-10-04,public-recipe-v1
RDA-91019,꽁치육개장(꽁치국),https://www.nics.go.kr/food/kfi/tfSrch08/view?menuId=PS03520&tfcode=91019,14,c41d9a861c3efe87109a39a9ad8b40863a2392642edd384608c34469bd3f75ef,2026-10-04,public-recipe-v1
RDA-90842,꽁치조림,https://www.nics.go.kr/food/kfi/tfSrch08/view?menuId=PS03520&tfcode=90842,14,c41d9a861c3efe87109a39a9ad8b40863a2392642edd384608c34469bd3f75ef,2026-10-04,public-recipe-v1
RDA-91405,낙지연포탕,https://www.nics.go.kr/food/kfi/tfSrch08/view?menuId=PS03520&tfcode=91405,14,c41d9a861c3efe87109a39a9ad8b40863a2392642edd384608c34469bd3f75ef,2026-10-04,public-recipe-v1
RDA-89534,넙치아욱국,https://www.nics.go.kr/food/kfi/tfSrch08/view?menuId=PS03520&tfcode=89534,14,c41d9a861c3efe87109a39a9ad8b40863a2392642edd384608c34469bd3f75ef,2026-10-04,public-recipe-v1
RDA-92101,다슬기된장국(대사리국),https://www.nics.go.kr/food/kfi/tfSrch08/view?menuId=PS03520&tfcode=92101,14,c41d9a861c3efe87109a39a9ad8b40863a2392642edd384608c34469bd3f75ef,2026-10-04,public-recipe-v1
RDA-91614,다슬기회무침,https://www.nics.go.kr/food/kfi/tfSrch08/view?menuId=PS03520&tfcode=91614,14,c41d9a861c3efe87109a39a9ad8b40863a2392642edd384608c34469bd3f75ef,2026-10-04,public-recipe-v1
RDA-90943,다시마밥,https://www.nics.go.kr/food/kfi/tfSrch08/view?menuId=PS03520&tfcode=90943,14,c41d9a861c3efe87109a39a9ad8b40863a2392642edd384608c34469bd3f75ef,2026-10-04,public-recipe-v1
RDA-91656,단감장아찌,https://www.nics.go.kr/food/kfi/tfSrch08/view?menuId=PS03520&tfcode=91656,14,c41d9a861c3efe87109a39a9ad8b40863a2392642edd384608c34469bd3f75ef,2026-10-04,public-recipe-v1
RDA-90749,달걀국,https://www.nics.go.kr/food/kfi/tfSrch08/view?menuId=PS03520&tfcode=90749,14,c41d9a861c3efe87109a39a9ad8b40863a2392642edd384608c34469bd3f75ef,2026-10-04,public-recipe-v1
RDA-91222,당귀잎장아찌,https://www.nics.go.kr/food/kfi/tfSrch08/view?menuId=PS03520&tfcode=91222,14,c41d9a861c3efe87109a39a9ad8b40863a2392642edd384608c34469bd3f75ef,2026-10-04,public-recipe-v1
RDA-91407,대구곤이국(대구곤국),https://www.nics.go.kr/food/kfi/tfSrch08/view?menuId=PS03520&tfcode=91407,14,c41d9a861c3efe87109a39a9ad8b40863a2392642edd384608c34469bd3f75ef,2026-10-04,public-recipe-v1
RDA-91208,도토리묵(꿀밤묵),https://www.nics.go.kr/food/kfi/tfSrch08/view?menuId=PS03520&tfcode=91208,14,c41d9a861c3efe87109a39a9ad8b40863a2392642edd384608c34469bd3f75ef,2026-10-04,public-recipe-v1
RDA-90212,도토리묵나물,https://www.nics.go.kr/food/kfi/tfSrch08/view?menuId=PS03520&tfcode=90212,14,c41d9a861c3efe87109a39a9ad8b40863a2392642edd384608c34469bd3f75ef,2026-10-04,public-recipe-v1
RDA-90813,도토리묵무침,https://www.nics.go.kr/food/kfi/tfSrch08/view?menuId=PS03520&tfcode=90813,14,c41d9a861c3efe87109a39a9ad8b40863a2392642edd384608c34469bd3f75ef,2026-10-04,public-recipe-v1
RDA-91766,도토리묵밥,https://www.nics.go.kr/food/kfi/tfSrch08/view?menuId=PS03520&tfcode=91766,14,c41d9a861c3efe87109a39a9ad8b40863a2392642edd384608c34469bd3f75ef,2026-10-04,public-recipe-v1
RDA-91209,동부가루묵,https://www.nics.go.kr/food/kfi/tfSrch08/view?menuId=PS03520&tfcode=91209,14,c41d9a861c3efe87109a39a9ad8b40863a2392642edd384608c34469bd3f75ef,2026-10-04,public-recipe-v1
RDA-92571,"돼지갈비국(돼지등뼈국,접작뻬국) [방법2]",https://www.nics.go.kr/food/kfi/tfSrch08/view?menuId=PS03520&tfcode=92571,14,c41d9a861c3efe87109a39a9ad8b40863a2392642edd384608c34469bd3f75ef,2026-10-04,public-recipe-v1
RDA-89960,"돼지갈비국(돼지등뼈국,접작뻬국)<방법1>",https://www.nics.go.kr/food/kfi/tfSrch08/view?menuId=PS03520&tfcode=89960,14,c41d9a861c3efe87109a39a9ad8b40863a2392642edd384608c34469bd3f75ef,2026-10-04,public-recipe-v1
RDA-90886,돼지고기찜,https://www.nics.go.kr/food/kfi/tfSrch08/view?menuId=PS03520&tfcode=90886,14,c41d9a861c3efe87109a39a9ad8b40863a2392642edd384608c34469bd3f75ef,2026-10-04,public-recipe-v1
RDA-90174,돼지뼈국,https://www.nics.go.kr/food/kfi/tfSrch08/view?menuId=PS03520&tfcode=90174,14,c41d9a861c3efe87109a39a9ad8b40863a2392642edd384608c34469bd3f75ef,2026-10-04,public-recipe-v1
RDA-91332,된장주먹밥,https://www.nics.go.kr/food/kfi/tfSrch08/view?menuId=PS03520&tfcode=91332,14,c41d9a861c3efe87109a39a9ad8b40863a2392642edd384608c34469bd3f75ef,2026-10-04,public-recipe-v1
RDA-91594,"마른물메기찜(메기찜, 물꽁찜, 미거지찜)",https://www.nics.go.kr/food/kfi/tfSrch08/view?menuId=PS03520&tfcode=91594,14,c41d9a861c3efe87109a39a9ad8b40863a2392642edd384608c34469bd3f75ef,2026-10-04,public-recipe-v1
RDA-92604,"메밀묵채(메밀묵무침, 메밀묵국수)",https://www.nics.go.kr/food/kfi/tfSrch08/view?menuId=PS03520&tfcode=92604,14,c41d9a861c3efe87109a39a9ad8b40863a2392642edd384608c34469bd3f75ef,2026-10-04,public-recipe-v1
RDA-92028,메밀차,https://www.nics.go.kr/food/kfi/tfSrch08/view?menuId=PS03520&tfcode=92028,14,c41d9a861c3efe87109a39a9ad8b40863a2392642edd384608c34469bd3f75ef,2026-10-04,public-recipe-v1
RDA-91616,멸치회,https://www.nics.go.kr/food/kfi/tfSrch08/view?menuId=PS03520&tfcode=91616,14,c41d9a861c3efe87109a39a9ad8b40863a2392642edd384608c34469bd3f75ef,2026-10-04,public-recipe-v1
RDA-91661,모듬장아찌,https://www.nics.go.kr/food/kfi/tfSrch08/view?menuId=PS03520&tfcode=91661,14,c41d9a861c3efe87109a39a9ad8b40863a2392642edd384608c34469bd3f75ef,2026-10-04,public-recipe-v1
RDA-92568,"모자반국(몸국, 몰망국) [방법2]",https://www.nics.go.kr/food/kfi/tfSrch08/view?menuId=PS03520&tfcode=92568,14,c41d9a861c3efe87109a39a9ad8b40863a2392642edd384608c34469bd3f75ef,2026-10-04,public-recipe-v1
RDA-91493,모자반설치(몰설치),https://www.nics.go.kr/food/kfi/tfSrch08/view?menuId=PS03520&tfcode=91493,14,c41d9a861c3efe87109a39a9ad8b40863a2392642edd384608c34469bd3f75ef,2026-10-04,public-recipe-v1
RDA-90800,무생채,https://www.nics.go.kr/food/kfi/tfSrch08/view?menuId=PS03520&tfcode=90800,14,c41d9a861c3efe87109a39a9ad8b40863a2392642edd384608c34469bd3f75ef,2026-10-04,public-recipe-v1
RDA-90815,무숙채,https://www.nics.go.kr/food/kfi/tfSrch08/view?menuId=PS03520&tfcode=90815,14,c41d9a861c3efe87109a39a9ad8b40863a2392642edd384608c34469bd3f75ef,2026-10-04,public-recipe-v1
RDA-91091,무숙초고추장무침(찐무무침),https://www.nics.go.kr/food/kfi/tfSrch08/view?menuId=PS03520&tfcode=91091,14,c41d9a861c3efe87109a39a9ad8b40863a2392642edd384608c34469bd3f75ef,2026-10-04,public-recipe-v1
RDA-91197,미역귀튀각,https://www.nics.go.kr/food/kfi/tfSrch08/view?menuId=PS03520&tfcode=91197,14,c41d9a861c3efe87109a39a9ad8b40863a2392642edd384608c34469bd3f75ef,2026-10-04,public-recipe-v1
RDA-92222,바위옷우무(바위이게우무),https://www.nics.go.kr/food/kfi/tfSrch08/view?menuId=PS03520&tfcode=92222,14,c41d9a861c3efe87109a39a9ad8b40863a2392642edd384608c34469bd3f75ef,2026-10-04,public-recipe-v1
RDA-91034,방어국,https://www.nics.go.kr/food/kfi/tfSrch08/view?menuId=PS03520&tfcode=91034,14,c41d9a861c3efe87109a39a9ad8b40863a2392642edd384608c34469bd3f75ef,2026-10-04,public-recipe-v1
RDA-92547,배춧국,https://www.nics.go.kr/food/kfi/tfSrch08/view?menuId=PS03520&tfcode=92547,14,c41d9a861c3efe87109a39a9ad8b40863a2392642edd384608c34469bd3f75ef,2026-10-04,public-recipe-v1
RDA-90151,백합죽,https://www.nics.go.kr/food/kfi/tfSrch08/view?menuId=PS03520&tfcode=90151,14,c41d9a861c3efe87109a39a9ad8b40863a2392642edd384608c34469bd3f75ef,2026-10-04,public-recipe-v1
RDA-91414,백합탕,https://www.nics.go.kr/food/kfi/tfSrch08/view?menuId=PS03520&tfcode=91414,14,c41d9a861c3efe87109a39a9ad8b40863a2392642edd384608c34469bd3f75ef,2026-10-04,public-recipe-v1
RDA-90951,보리감자밥,https://www.nics.go.kr/food/kfi/tfSrch08/view?menuId=PS03520&tfcode=90951,14,c41d9a861c3efe87109a39a9ad8b40863a2392642edd384608c34469bd3f75ef,2026-10-04,public-recipe-v1
RDA-91416,보리뜨물장,https://www.nics.go.kr/food/kfi/tfSrch08/view?menuId=PS03520&tfcode=91416,14,c41d9a861c3efe87109a39a9ad8b40863a2392642edd384608c34469bd3f75ef,2026-10-04,public-recipe-v1
RDA-92303,보성강하주,https://www.nics.go.kr/food/kfi/tfSrch08/view?menuId=PS03520&tfcode=92303,14,c41d9a861c3efe87109a39a9ad8b40863a2392642edd384608c34469bd3f75ef,2026-10-04,public-recipe-v1
RDA-92111,보성양탕,https://www.nics.go.kr/food/kfi/tfSrch08/view?menuId=PS03520&tfcode=92111,14,c41d9a861c3efe87109a39a9ad8b40863a2392642edd384608c34469bd3f75ef,2026-10-04,public-recipe-v1
RDA-90887,북어찜,https://www.nics.go.kr/food/kfi/tfSrch08/view?menuId=PS03520&tfcode=90887,14,c41d9a861c3efe87109a39a9ad8b40863a2392642edd384608c34469bd3f75ef,2026-10-04,public-recipe-v1
RDA-91420,붕장어국(바다장어추어탕),https://www.nics.go.kr/food/kfi/tfSrch08/view?menuId=PS03520&tfcode=91420,14,c41d9a861c3efe87109a39a9ad8b40863a2392642edd384608c34469bd3f75ef,2026-10-04,public-recipe-v1
RDA-91756,비지장,https://www.nics.go.kr/food/kfi/tfSrch08/view?menuId=PS03520&tfcode=91756,14,c41d9a861c3efe87109a39a9ad8b40863a2392642edd384608c34469bd3f75ef,2026-10-04,public-recipe-v1
RDA-91040,상어탕국(돔배기탕수),https://www.nics.go.kr/food/kfi/tfSrch08/view?menuId=PS03520&tfcode=91040,14,c41d9a861c3efe87109a39a9ad8b40863a2392642edd384608c34469bd3f75ef,2026-10-04,public-recipe-v1
RDA-90956,새재묵조밥,https://www.nics.go.kr/food/kfi/tfSrch08/view?menuId=PS03520&tfcode=90956,14,c41d9a861c3efe87109a39a9ad8b40863a2392642edd384608c34469bd3f75ef,2026-10-04,public-recipe-v1
RDA-92142,생김회(물김회),https://www.nics.go.kr/food/kfi/tfSrch08/view?menuId=PS03520&tfcode=92142,14,c41d9a861c3efe87109a39a9ad8b40863a2392642edd384608c34469bd3f75ef,2026-10-04,public-recipe-v1
RDA-90179,생합탕,https://www.nics.go.kr/food/kfi/tfSrch08/view?menuId=PS03520&tfcode=90179,14,c41d9a861c3efe87109a39a9ad8b40863a2392642edd384608c34469bd3f75ef,2026-10-04,public-recipe-v1
RDA-91267,송기떡,https://www.nics.go.kr/food/kfi/tfSrch08/view?menuId=PS03520&tfcode=91267,14,c41d9a861c3efe87109a39a9ad8b40863a2392642edd384608c34469bd3f75ef,2026-10-04,public-recipe-v1
RDA-91771,송이돌솥밥,https://www.nics.go.kr/food/kfi/tfSrch08/view?menuId=PS03520&tfcode=91771,14,c41d9a861c3efe87109a39a9ad8b40863a2392642edd384608c34469bd3f75ef,2026-10-04,public-recipe-v1
RDA-92030,"송화밀수(송화수, 송화화채)",https://www.nics.go.kr/food/kfi/tfSrch08/view?menuId=PS03520&tfcode=92030,14,c41d9a861c3efe87109a39a9ad8b40863a2392642edd384608c34469bd3f75ef,2026-10-04,public-recipe-v1
RDA-91042,쇠고기탕국(메탕국),https://www.nics.go.kr/food/kfi/tfSrch08/view?menuId=PS03520&tfcode=91042,14,c41d9a861c3efe87109a39a9ad8b40863a2392642edd384608c34469bd3f75ef,2026-10-04,public-recipe-v1
RDA-90819,시래기나물,https://www.nics.go.kr/food/kfi/tfSrch08/view?menuId=PS03520&tfcode=90819,14,c41d9a861c3efe87109a39a9ad8b40863a2392642edd384608c34469bd3f75ef,2026-10-04,public-recipe-v1
RDA-91426,"아귀탕(아구탕, 물꽁탕)",https://www.nics.go.kr/food/kfi/tfSrch08/view?menuId=PS03520&tfcode=91426,14,c41d9a861c3efe87109a39a9ad8b40863a2392642edd384608c34469bd3f75ef,2026-10-04,public-recipe-v1
RDA-91096,아주까리잎무침(아주까리나물),https://www.nics.go.kr/food/kfi/tfSrch08/view?menuId=PS03520&tfcode=91096,14,c41d9a861c3efe87109a39a9ad8b40863a2392642edd384608c34469bd3f75ef,2026-10-04,public-recipe-v1
RDA-91841,알탕,https://www.nics.go.kr/food/kfi/tfSrch08/view?menuId=PS03520&tfcode=91841,14,c41d9a861c3efe87109a39a9ad8b40863a2392642edd384608c34469bd3f75ef,2026-10-04,public-recipe-v1
RDA-91427,어글탕,https://www.nics.go.kr/food/kfi/tfSrch08/view?menuId=PS03520&tfcode=91427,14,c41d9a861c3efe87109a39a9ad8b40863a2392642edd384608c34469bd3f75ef,2026-10-04,public-recipe-v1
RDA-92366,연근조림,https://www.nics.go.kr/food/kfi/tfSrch08/view?menuId=PS03520&tfcode=92366,14,c41d9a861c3efe87109a39a9ad8b40863a2392642edd384608c34469bd3f75ef,2026-10-04,public-recipe-v1
RDA-89902,연엽주,https://www.nics.go.kr/food/kfi/tfSrch08/view?menuId=PS03520&tfcode=89902,14,c41d9a861c3efe87109a39a9ad8b40863a2392642edd384608c34469bd3f75ef,2026-10-04,public-recipe-v1
RDA-91107,염소불고기,https://www.nics.go.kr/food/kfi/tfSrch08/view?menuId=PS03520&tfcode=91107,14,c41d9a861c3efe87109a39a9ad8b40863a2392642edd384608c34469bd3f75ef,2026-10-04,public-recipe-v1
RDA-90430,오리탕,https://www.nics.go.kr/food/kfi/tfSrch08/view?menuId=PS03520&tfcode=90430,14,c41d9a861c3efe87109a39a9ad8b40863a2392642edd384608c34469bd3f75ef,2026-10-04,public-recipe-v1
RDA-91778,옥수수팥밥,https://www.nics.go.kr/food/kfi/tfSrch08/view?menuId=PS03520&tfcode=91778,14,c41d9a861c3efe87109a39a9ad8b40863a2392642edd384608c34469bd3f75ef,2026-10-04,public-recipe-v1
RDA-89744,우렁이국,https://www.nics.go.kr/food/kfi/tfSrch08/view?menuId=PS03520&tfcode=89744,14,c41d9a861c3efe87109a39a9ad8b40863a2392642edd384608c34469bd3f75ef,2026-10-04,public-recipe-v1
RDA-92497,우무묵무침,https://www.nics.go.kr/food/kfi/tfSrch08/view?menuId=PS03520&tfcode=92497,14,c41d9a861c3efe87109a39a9ad8b40863a2392642edd384608c34469bd3f75ef,2026-10-04,public-recipe-v1
RDA-91097,인삼취나물,https://www.nics.go.kr/food/kfi/tfSrch08/view?menuId=PS03520&tfcode=91097,14,c41d9a861c3efe87109a39a9ad8b40863a2392642edd384608c34469bd3f75ef,2026-10-04,public-recipe-v1
RDA-91621,재첩회무침,https://www.nics.go.kr/food/kfi/tfSrch08/view?menuId=PS03520&tfcode=91621,15,39e93c72cd6197c488fd5c7f1a30162955ea733a00adbd9088e61adb0babce55,2026-10-04,public-recipe-v1
RDA-90806,절임고추무침,https://www.nics.go.kr/food/kfi/tfSrch08/view?menuId=PS03520&tfcode=90806,15,39e93c72cd6197c488fd5c7f1a30162955ea733a00adbd9088e61adb0babce55,2026-10-04,public-recipe-v1
RDA-91308,점주(찹쌀식혜),https://www.nics.go.kr/food/kfi/tfSrch08/view?menuId=PS03520&tfcode=91308,15,39e93c72cd6197c488fd5c7f1a30162955ea733a00adbd9088e61adb0babce55,2026-10-04,public-recipe-v1
RDA-90892,조기찜,https://www.nics.go.kr/food/kfi/tfSrch08/view?menuId=PS03520&tfcode=90892,15,39e93c72cd6197c488fd5c7f1a30162955ea733a00adbd9088e61adb0babce55,2026-10-04,public-recipe-v1
RDA-92238,죽순장아찌<방법1>,https://www.nics.go.kr/food/kfi/tfSrch08/view?menuId=PS03520&tfcode=92238,15,39e93c72cd6197c488fd5c7f1a30162955ea733a00adbd9088e61adb0babce55,2026-10-04,public-recipe-v1
RDA-92237,죽순장아찌<방법2>,https://www.nics.go.kr/food/kfi/tfSrch08/view?menuId=PS03520&tfcode=92237,15,39e93c72cd6197c488fd5c7f1a30162955ea733a00adbd9088e61adb0babce55,2026-10-04,public-recipe-v1
RDA-90219,죽순초무침,https://www.nics.go.kr/food/kfi/tfSrch08/view?menuId=PS03520&tfcode=90219,15,39e93c72cd6197c488fd5c7f1a30162955ea733a00adbd9088e61adb0babce55,2026-10-04,public-recipe-v1
RDA-90866,쥐치포볶음,https://www.nics.go.kr/food/kfi/tfSrch08/view?menuId=PS03520&tfcode=90866,15,39e93c72cd6197c488fd5c7f1a30162955ea733a00adbd9088e61adb0babce55,2026-10-04,public-recipe-v1
RDA-92005,"증편(기장떡, 기주떡, 쪽기정)",https://www.nics.go.kr/food/kfi/tfSrch08/view?menuId=PS03520&tfcode=92005,15,39e93c72cd6197c488fd5c7f1a30162955ea733a00adbd9088e61adb0babce55,2026-10-04,public-recipe-v1
RDA-91050,채탕(무채탕),https://www.nics.go.kr/food/kfi/tfSrch08/view?menuId=PS03520&tfcode=91050,15,39e93c72cd6197c488fd5c7f1a30162955ea733a00adbd9088e61adb0babce55,2026-10-04,public-recipe-v1
RDA-91505,청각나물,https://www.nics.go.kr/food/kfi/tfSrch08/view?menuId=PS03520&tfcode=91505,15,39e93c72cd6197c488fd5c7f1a30162955ea733a00adbd9088e61adb0babce55,2026-10-04,public-recipe-v1
RDA-91434,청각냉국,https://www.nics.go.kr/food/kfi/tfSrch08/view?menuId=PS03520&tfcode=91434,15,39e93c72cd6197c488fd5c7f1a30162955ea733a00adbd9088e61adb0babce55,2026-10-04,public-recipe-v1
RDA-89985,청각냉국(정각냉국),https://www.nics.go.kr/food/kfi/tfSrch08/view?menuId=PS03520&tfcode=89985,15,39e93c72cd6197c488fd5c7f1a30162955ea733a00adbd9088e61adb0babce55,2026-10-04,public-recipe-v1
RDA-90781,청국장찌개,https://www.nics.go.kr/food/kfi/tfSrch08/view?menuId=PS03520&tfcode=90781,15,39e93c72cd6197c488fd5c7f1a30162955ea733a00adbd9088e61adb0babce55,2026-10-04,public-recipe-v1
RDA-89544,청포묵국,https://www.nics.go.kr/food/kfi/tfSrch08/view?menuId=PS03520&tfcode=89544,15,39e93c72cd6197c488fd5c7f1a30162955ea733a00adbd9088e61adb0babce55,2026-10-04,public-recipe-v1
RDA-91435,초교탕,https://www.nics.go.kr/food/kfi/tfSrch08/view?menuId=PS03520&tfcode=91435,15,39e93c72cd6197c488fd5c7f1a30162955ea733a00adbd9088e61adb0babce55,2026-10-04,public-recipe-v1
RDA-92406,취나물,https://www.nics.go.kr/food/kfi/tfSrch08/view?menuId=PS03520&tfcode=92406,15,39e93c72cd6197c488fd5c7f1a30162955ea733a00adbd9088e61adb0babce55,2026-10-04,public-recipe-v1
RDA-90821,취나물(볶음),https://www.nics.go.kr/food/kfi/tfSrch08/view?menuId=PS03520&tfcode=90821,15,39e93c72cd6197c488fd5c7f1a30162955ea733a00adbd9088e61adb0babce55,2026-10-04,public-recipe-v1
RDA-92090,콩국수,https://www.nics.go.kr/food/kfi/tfSrch08/view?menuId=PS03520&tfcode=92090,15,39e93c72cd6197c488fd5c7f1a30162955ea733a00adbd9088e61adb0babce55,2026-10-04,public-recipe-v1
RDA-91343,콩나물국밥,https://www.nics.go.kr/food/kfi/tfSrch08/view?menuId=PS03520&tfcode=91343,15,39e93c72cd6197c488fd5c7f1a30162955ea733a00adbd9088e61adb0babce55,2026-10-04,public-recipe-v1
RDA-92164,콩나물몰무침,https://www.nics.go.kr/food/kfi/tfSrch08/view?menuId=PS03520&tfcode=92164,15,39e93c72cd6197c488fd5c7f1a30162955ea733a00adbd9088e61adb0babce55,2026-10-04,public-recipe-v1
RDA-90221,콩나물잡채<방법2>,https://www.nics.go.kr/food/kfi/tfSrch08/view?menuId=PS03520&tfcode=90221,15,39e93c72cd6197c488fd5c7f1a30162955ea733a00adbd9088e61adb0babce55,2026-10-04,public-recipe-v1
RDA-90728,콩밥,https://www.nics.go.kr/food/kfi/tfSrch08/view?menuId=PS03520&tfcode=90728,15,39e93c72cd6197c488fd5c7f1a30162955ea733a00adbd9088e61adb0babce55,2026-10-04,public-recipe-v1
RDA-91078,콩잎김치,https://www.nics.go.kr/food/kfi/tfSrch08/view?menuId=PS03520&tfcode=91078,15,39e93c72cd6197c488fd5c7f1a30162955ea733a00adbd9088e61adb0babce55,2026-10-04,public-recipe-v1
RDA-91008,콩칼국수(콩가루손칼국수),https://www.nics.go.kr/food/kfi/tfSrch08/view?menuId=PS03520&tfcode=91008,15,39e93c72cd6197c488fd5c7f1a30162955ea733a00adbd9088e61adb0babce55,2026-10-04,public-recipe-v1
RDA-91845,콩탕<방법2>,https://www.nics.go.kr/food/kfi/tfSrch08/view?menuId=PS03520&tfcode=91845,15,39e93c72cd6197c488fd5c7f1a30162955ea733a00adbd9088e61adb0babce55,2026-10-04,public-recipe-v1
RDA-91779,콩탕밥,https://www.nics.go.kr/food/kfi/tfSrch08/view?menuId=PS03520&tfcode=91779,15,39e93c72cd6197c488fd5c7f1a30162955ea733a00adbd9088e61adb0babce55,2026-10-04,public-recipe-v1
RDA-89987,토계탕,https://www.nics.go.kr/food/kfi/tfSrch08/view?menuId=PS03520&tfcode=89987,15,39e93c72cd6197c488fd5c7f1a30162955ea733a00adbd9088e61adb0babce55,2026-10-04,public-recipe-v1
RDA-91439,토란들깨국(토란찜국),https://www.nics.go.kr/food/kfi/tfSrch08/view?menuId=PS03520&tfcode=91439,15,39e93c72cd6197c488fd5c7f1a30162955ea733a00adbd9088e61adb0babce55,2026-10-04,public-recipe-v1
RDA-89920,톳밥(톨밥),https://www.nics.go.kr/food/kfi/tfSrch08/view?menuId=PS03520&tfcode=89920,15,39e93c72cd6197c488fd5c7f1a30162955ea733a00adbd9088e61adb0babce55,2026-10-04,public-recipe-v1
RDA-92123,파래국(생파래국),https://www.nics.go.kr/food/kfi/tfSrch08/view?menuId=PS03520&tfcode=92123,15,39e93c72cd6197c488fd5c7f1a30162955ea733a00adbd9088e61adb0babce55,2026-10-04,public-recipe-v1
RDA-91053,팥잎국(팥잎콩가루국),https://www.nics.go.kr/food/kfi/tfSrch08/view?menuId=PS03520&tfcode=91053,15,39e93c72cd6197c488fd5c7f1a30162955ea733a00adbd9088e61adb0babce55,2026-10-04,public-recipe-v1
RDA-92166,표고무침,https://www.nics.go.kr/food/kfi/tfSrch08/view?menuId=PS03520&tfcode=92166,15,39e93c72cd6197c488fd5c7f1a30162955ea733a00adbd9088e61adb0babce55,2026-10-04,public-recipe-v1
RDA-91487,풋마늘겉절이,https://www.nics.go.kr/food/kfi/tfSrch08/view?menuId=PS03520&tfcode=91487,15,39e93c72cd6197c488fd5c7f1a30162955ea733a00adbd9088e61adb0babce55,2026-10-04,public-recipe-v1
RDA-90357,해물솥밥,https://www.nics.go.kr/food/kfi/tfSrch08/view?menuId=PS03520&tfcode=90357,15,39e93c72cd6197c488fd5c7f1a30162955ea733a00adbd9088e61adb0babce55,2026-10-04,public-recipe-v1
RDA-90769,해물탕,https://www.nics.go.kr/food/kfi/tfSrch08/view?menuId=PS03520&tfcode=90769,15,39e93c72cd6197c488fd5c7f1a30162955ea733a00adbd9088e61adb0babce55,2026-10-04,public-recipe-v1
RDA-92618,해삼미역냉국,https://www.nics.go.kr/food/kfi/tfSrch08/view?menuId=PS03520&tfcode=92618,15,39e93c72cd6197c488fd5c7f1a30162955ea733a00adbd9088e61adb0babce55,2026-10-04,public-recipe-v1
RDA-90824,호박나물(볶음),https://www.nics.go.kr/food/kfi/tfSrch08/view?menuId=PS03520&tfcode=90824,15,39e93c72cd6197c488fd5c7f1a30162955ea733a00adbd9088e61adb0babce55,2026-10-04,public-recipe-v1
RDA-92662,호박오가리나물,https://www.nics.go.kr/food/kfi/tfSrch08/view?menuId=PS03520&tfcode=92662,15,39e93c72cd6197c488fd5c7f1a30162955ea733a00adbd9088e61adb0babce55,2026-10-04,public-recipe-v1
RDA-91240,홍치식해,https://www.nics.go.kr/food/kfi/tfSrch08/view?menuId=PS03520&tfcode=91240,15,39e93c72cd6197c488fd5c7f1a30162955ea733a00adbd9088e61adb0babce55,2026-10-04,public-recipe-v1
RDA-91348,홍합밥,https://www.nics.go.kr/food/kfi/tfSrch08/view?menuId=PS03520&tfcode=91348,15,39e93c72cd6197c488fd5c7f1a30162955ea733a00adbd9088e61adb0babce55,2026-10-04,public-recipe-v1
RDA-91391,가루장국(가리장국),https://www.nics.go.kr/food/kfi/tfSrch08/view?menuId=PS03520&tfcode=91391,15,39e93c72cd6197c488fd5c7f1a30162955ea733a00adbd9088e61adb0babce55,2026-10-04,public-recipe-v1
RDA-91242,가마니떡(밀주머니떡),https://www.nics.go.kr/food/kfi/tfSrch08/view?menuId=PS03520&tfcode=91242,15,39e93c72cd6197c488fd5c7f1a30162955ea733a00adbd9088e61adb0babce55,2026-10-04,public-recipe-v1
RDA-91392,가물치곰국,https://www.nics.go.kr/food/kfi/tfSrch08/view?menuId=PS03520&tfcode=91392,15,39e93c72cd6197c488fd5c7f1a30162955ea733a00adbd9088e61adb0babce55,2026-10-04,public-recipe-v1
RDA-92092,가물치곰탕,https://www.nics.go.kr/food/kfi/tfSrch08/view?menuId=PS03520&tfcode=92092,15,39e93c72cd6197c488fd5c7f1a30162955ea733a00adbd9088e61adb0babce55,2026-10-04,public-recipe-v1
RDA-91917,가시리묵,https://www.nics.go.kr/food/kfi/tfSrch08/view?menuId=PS03520&tfcode=91917,15,39e93c72cd6197c488fd5c7f1a30162955ea733a00adbd9088e61adb0babce55,2026-10-04,public-recipe-v1
RDA-89817,가오리회,https://www.nics.go.kr/food/kfi/tfSrch08/view?menuId=PS03520&tfcode=89817,15,39e93c72cd6197c488fd5c7f1a30162955ea733a00adbd9088e61adb0babce55,2026-10-04,public-recipe-v1
RDA-92413,가오리회,https://www.nics.go.kr/food/kfi/tfSrch08/view?menuId=PS03520&tfcode=92413,15,39e93c72cd6197c488fd5c7f1a30162955ea733a00adbd9088e61adb0babce55,2026-10-04,public-recipe-v1
RDA-92633,가죽장떡(참죽장떡),https://www.nics.go.kr/food/kfi/tfSrch08/view?menuId=PS03520&tfcode=92633,15,39e93c72cd6197c488fd5c7f1a30162955ea733a00adbd9088e61adb0babce55,2026-10-04,public-recipe-v1
RDA-91217,가죽장아찌(참죽장아찌),https://www.nics.go.kr/food/kfi/tfSrch08/view?menuId=PS03520&tfcode=91217,15,39e93c72cd6197c488fd5c7f1a30162955ea733a00adbd9088e61adb0babce55,2026-10-04,public-recipe-v1
RDA-89586,가죽전(가죽잎부침개),https://www.nics.go.kr/food/kfi/tfSrch08/view?menuId=PS03520&tfcode=89586,15,39e93c72cd6197c488fd5c7f1a30162955ea733a00adbd9088e61adb0babce55,2026-10-04,public-recipe-v1
RDA-91014,가지가루찜(가지가루찜국),https://www.nics.go.kr/food/kfi/tfSrch08/view?menuId=PS03520&tfcode=91014,15,39e93c72cd6197c488fd5c7f1a30162955ea733a00adbd9088e61adb0babce55,2026-10-04,public-recipe-v1
RDA-90194,가지김치,https://www.nics.go.kr/food/kfi/tfSrch08/view?menuId=PS03520&tfcode=90194,15,39e93c72cd6197c488fd5c7f1a30162955ea733a00adbd9088e61adb0babce55,2026-10-04,public-recipe-v1
RDA-89559,가지김치,https://www.nics.go.kr/food/kfi/tfSrch08/view?menuId=PS03520&tfcode=89559,15,39e93c72cd6197c488fd5c7f1a30162955ea733a00adbd9088e61adb0babce55,2026-10-04,public-recipe-v1
RDA-90551,가지선,https://www.nics.go.kr/food/kfi/tfSrch08/view?menuId=PS03520&tfcode=90551,15,39e93c72cd6197c488fd5c7f1a30162955ea733a00adbd9088e61adb0babce55,2026-10-04,public-recipe-v1
RDA-91394,간국,https://www.nics.go.kr/food/kfi/tfSrch08/view?menuId=PS03520&tfcode=91394,15,39e93c72cd6197c488fd5c7f1a30162955ea733a00adbd9088e61adb0babce55,2026-10-04,public-recipe-v1
RDA-92475,"간랍(전유아, 전유어)",https://www.nics.go.kr/food/kfi/tfSrch08/view?menuId=PS03520&tfcode=92475,15,39e93c72cd6197c488fd5c7f1a30162955ea733a00adbd9088e61adb0babce55,2026-10-04,public-recipe-v1
RDA-92391,간장,https://www.nics.go.kr/food/kfi/tfSrch08/view?menuId=PS03520&tfcode=92391,15,39e93c72cd6197c488fd5c7f1a30162955ea733a00adbd9088e61adb0babce55,2026-10-04,public-recipe-v1
RDA-90885,갈비찜(가리찜),https://www.nics.go.kr/food/kfi/tfSrch08/view?menuId=PS03520&tfcode=90885,15,39e93c72cd6197c488fd5c7f1a30162955ea733a00adbd9088e61adb0babce55,2026-10-04,public-recipe-v1
RDA-90553,갈비찜(가리찜),https://www.nics.go.kr/food/kfi/tfSrch08/view?menuId=PS03520&tfcode=90553,15,39e93c72cd6197c488fd5c7f1a30162955ea733a00adbd9088e61adb0babce55,2026-10-04,public-recipe-v1
RDA-91065,갈치김치,https://www.nics.go.kr/food/kfi/tfSrch08/view?menuId=PS03520&tfcode=91065,15,39e93c72cd6197c488fd5c7f1a30162955ea733a00adbd9088e61adb0babce55,2026-10-04,public-recipe-v1
RDA-91453,갈치내장김치(갈치순태김치),https://www.nics.go.kr/food/kfi/tfSrch08/view?menuId=PS03520&tfcode=91453,15,39e93c72cd6197c488fd5c7f1a30162955ea733a00adbd9088e61adb0babce55,2026-10-04,public-recipe-v1
RDA-92712,갈치아가미젓(갈치알개미젓),https://www.nics.go.kr/food/kfi/tfSrch08/view?menuId=PS03520&tfcode=92712,15,39e93c72cd6197c488fd5c7f1a30162955ea733a00adbd9088e61adb0babce55,2026-10-04,public-recipe-v1
RDA-91066,감김치,https://www.nics.go.kr/food/kfi/tfSrch08/view?menuId=PS03520&tfcode=91066,15,39e93c72cd6197c488fd5c7f1a30162955ea733a00adbd9088e61adb0babce55,2026-10-04,public-recipe-v1
RDA-91461,감김치,https://www.nics.go.kr/food/kfi/tfSrch08/view?menuId=PS03520&tfcode=91461,15,39e93c72cd6197c488fd5c7f1a30162955ea733a00adbd9088e61adb0babce55,2026-10-04,public-recipe-v1
RDA-92537,감단자,https://www.nics.go.kr/food/kfi/tfSrch08/view?menuId=PS03520&tfcode=92537,15,39e93c72cd6197c488fd5c7f1a30162955ea733a00adbd9088e61adb0babce55,2026-10-04,public-recipe-v1
RDA-92262,감단자 [방법 2],https://www.nics.go.kr/food/kfi/tfSrch08/view?menuId=PS03520&tfcode=92262,15,39e93c72cd6197c488fd5c7f1a30162955ea733a00adbd9088e61adb0babce55,2026-10-04,public-recipe-v1
RDA-90458,감동젓무김치,https://www.nics.go.kr/food/kfi/tfSrch08/view?menuId=PS03520&tfcode=90458,15,39e93c72cd6197c488fd5c7f1a30162955ea733a00adbd9088e61adb0babce55,2026-10-04,public-recipe-v1
RDA-90442,감동젓찌개(곤쟁이젓찌개),https://www.nics.go.kr/food/kfi/tfSrch08/view?menuId=PS03520&tfcode=90442,15,39e93c72cd6197c488fd5c7f1a30162955ea733a00adbd9088e61adb0babce55,2026-10-04,public-recipe-v1
RDA-89625,감떡개(감또개떡) <방법1>,https://www.nics.go.kr/food/kfi/tfSrch08/view?menuId=PS03520&tfcode=89625,15,39e93c72cd6197c488fd5c7f1a30162955ea733a00adbd9088e61adb0babce55,2026-10-04,public-recipe-v1
RDA-91949,감말랭이찰편,https://www.nics.go.kr/food/kfi/tfSrch08/view?menuId=PS03520&tfcode=91949,16,5f3a53a21fec6629e05da7ea213d9103a377f2b4025792230eed7946d6292ee5,2026-10-04,public-recipe-v1
RDA-92067,감성돔죽,https://www.nics.go.kr/food/kfi/tfSrch08/view?menuId=PS03520&tfcode=92067,16,5f3a53a21fec6629e05da7ea213d9103a377f2b4025792230eed7946d6292ee5,2026-10-04,public-recipe-v1
RDA-92035,감자동동주(서주),https://www.nics.go.kr/food/kfi/tfSrch08/view?menuId=PS03520&tfcode=92035,16,5f3a53a21fec6629e05da7ea213d9103a377f2b4025792230eed7946d6292ee5,2026-10-04,public-recipe-v1
RDA-91952,감자뭉생이,https://www.nics.go.kr/food/kfi/tfSrch08/view?menuId=PS03520&tfcode=91952,16,5f3a53a21fec6629e05da7ea213d9103a377f2b4025792230eed7946d6292ee5,2026-10-04,public-recipe-v1
RDA-91847,감자전골,https://www.nics.go.kr/food/kfi/tfSrch08/view?menuId=PS03520&tfcode=91847,16,5f3a53a21fec6629e05da7ea213d9103a377f2b4025792230eed7946d6292ee5,2026-10-04,public-recipe-v1
RDA-92509,감태김치(감태지) [방법1],https://www.nics.go.kr/food/kfi/tfSrch08/view?menuId=PS03520&tfcode=92509,16,5f3a53a21fec6629e05da7ea213d9103a377f2b4025792230eed7946d6292ee5,2026-10-04,public-recipe-v1
RDA-92225,감태장아찌,https://www.nics.go.kr/food/kfi/tfSrch08/view?menuId=PS03520&tfcode=92225,16,5f3a53a21fec6629e05da7ea213d9103a377f2b4025792230eed7946d6292ee5,2026-10-04,public-recipe-v1
RDA-90572,갑회,https://www.nics.go.kr/food/kfi/tfSrch08/view?menuId=PS03520&tfcode=90572,16,5f3a53a21fec6629e05da7ea213d9103a377f2b4025792230eed7946d6292ee5,2026-10-04,public-recipe-v1
RDA-91919,강릉초당두부,https://www.nics.go.kr/food/kfi/tfSrch08/view?menuId=PS03520&tfcode=91919,16,5f3a53a21fec6629e05da7ea213d9103a377f2b4025792230eed7946d6292ee5,2026-10-04,public-recipe-v1
RDA-90126,강술,https://www.nics.go.kr/food/kfi/tfSrch08/view?menuId=PS03520&tfcode=90126,16,5f3a53a21fec6629e05da7ea213d9103a377f2b4025792230eed7946d6292ee5,2026-10-04,public-recipe-v1
RDA-92386,강정,https://www.nics.go.kr/food/kfi/tfSrch08/view?menuId=PS03520&tfcode=92386,16,5f3a53a21fec6629e05da7ea213d9103a377f2b4025792230eed7946d6292ee5,2026-10-04,public-recipe-v1
RDA-90631,강화근대떡,https://www.nics.go.kr/food/kfi/tfSrch08/view?menuId=PS03520&tfcode=90631,16,5f3a53a21fec6629e05da7ea213d9103a377f2b4025792230eed7946d6292ee5,2026-10-04,public-recipe-v1
RDA-91500,개두릅나물(엉개나물),https://www.nics.go.kr/food/kfi/tfSrch08/view?menuId=PS03520&tfcode=91500,16,5f3a53a21fec6629e05da7ea213d9103a377f2b4025792230eed7946d6292ee5,2026-10-04,public-recipe-v1
RDA-92735,개복치수육,https://www.nics.go.kr/food/kfi/tfSrch08/view?menuId=PS03520&tfcode=92735,16,5f3a53a21fec6629e05da7ea213d9103a377f2b4025792230eed7946d6292ee5,2026-10-04,public-recipe-v1
RDA-90666,개성(모)약과,https://www.nics.go.kr/food/kfi/tfSrch08/view?menuId=PS03520&tfcode=90666,16,5f3a53a21fec6629e05da7ea213d9103a377f2b4025792230eed7946d6292ee5,2026-10-04,public-recipe-v1
RDA-90523,개성장땡이(장떡),https://www.nics.go.kr/food/kfi/tfSrch08/view?menuId=PS03520&tfcode=90523,16,5f3a53a21fec6629e05da7ea213d9103a377f2b4025792230eed7946d6292ee5,2026-10-04,public-recipe-v1
RDA-91652,개암장아찌,https://www.nics.go.kr/food/kfi/tfSrch08/view?menuId=PS03520&tfcode=91652,16,5f3a53a21fec6629e05da7ea213d9103a377f2b4025792230eed7946d6292ee5,2026-10-04,public-recipe-v1
RDA-92613,개조개유곽(개조개유락),https://www.nics.go.kr/food/kfi/tfSrch08/view?menuId=PS03520&tfcode=92613,16,5f3a53a21fec6629e05da7ea213d9103a377f2b4025792230eed7946d6292ee5,2026-10-04,public-recipe-v1
RDA-91527,갯가재조림(속조림),https://www.nics.go.kr/food/kfi/tfSrch08/view?menuId=PS03520&tfcode=91527,16,5f3a53a21fec6629e05da7ea213d9103a377f2b4025792230eed7946d6292ee5,2026-10-04,public-recipe-v1
RDA-90209,갯나물(세발나물),https://www.nics.go.kr/food/kfi/tfSrch08/view?menuId=PS03520&tfcode=90209,16,5f3a53a21fec6629e05da7ea213d9103a377f2b4025792230eed7946d6292ee5,2026-10-04,public-recipe-v1
RDA-91396,"갯장어탕(장어국, 갯장어국)",https://www.nics.go.kr/food/kfi/tfSrch08/view?menuId=PS03520&tfcode=91396,16,5f3a53a21fec6629e05da7ea213d9103a377f2b4025792230eed7946d6292ee5,2026-10-04,public-recipe-v1
RDA-90402,갱국(갱구탕),https://www.nics.go.kr/food/kfi/tfSrch08/view?menuId=PS03520&tfcode=90402,16,5f3a53a21fec6629e05da7ea213d9103a377f2b4025792230eed7946d6292ee5,2026-10-04,public-recipe-v1
RDA-90634,거말떡,https://www.nics.go.kr/food/kfi/tfSrch08/view?menuId=PS03520&tfcode=90634,16,5f3a53a21fec6629e05da7ea213d9103a377f2b4025792230eed7946d6292ee5,2026-10-04,public-recipe-v1
RDA-90195,검들김치(검들지),https://www.nics.go.kr/food/kfi/tfSrch08/view?menuId=PS03520&tfcode=90195,16,5f3a53a21fec6629e05da7ea213d9103a377f2b4025792230eed7946d6292ee5,2026-10-04,public-recipe-v1
RDA-89939,게범벅(깅이범벅),https://www.nics.go.kr/food/kfi/tfSrch08/view?menuId=PS03520&tfcode=89939,16,5f3a53a21fec6629e05da7ea213d9103a377f2b4025792230eed7946d6292ee5,2026-10-04,public-recipe-v1
RDA-90127,게술(깅이주),https://www.nics.go.kr/food/kfi/tfSrch08/view?menuId=PS03520&tfcode=90127,16,5f3a53a21fec6629e05da7ea213d9103a377f2b4025792230eed7946d6292ee5,2026-10-04,public-recipe-v1
RDA-91674,게장(참게장),https://www.nics.go.kr/food/kfi/tfSrch08/view?menuId=PS03520&tfcode=91674,16,5f3a53a21fec6629e05da7ea213d9103a377f2b4025792230eed7946d6292ee5,2026-10-04,public-recipe-v1
RDA-92654,게조림(게콩조림) [방법 2],https://www.nics.go.kr/food/kfi/tfSrch08/view?menuId=PS03520&tfcode=92654,16,5f3a53a21fec6629e05da7ea213d9103a377f2b4025792230eed7946d6292ee5,2026-10-04,public-recipe-v1
RDA-92663,겨자채,https://www.nics.go.kr/food/kfi/tfSrch08/view?menuId=PS03520&tfcode=92663,16,5f3a53a21fec6629e05da7ea213d9103a377f2b4025792230eed7946d6292ee5,2026-10-04,public-recipe-v1
RDA-89905,"겨장(쩜장, 저장)",https://www.nics.go.kr/food/kfi/tfSrch08/view?menuId=PS03520&tfcode=89905,16,5f3a53a21fec6629e05da7ea213d9103a377f2b4025792230eed7946d6292ee5,2026-10-04,public-recipe-v1
RDA-90461,고구마줄기김치,https://www.nics.go.kr/food/kfi/tfSrch08/view?menuId=PS03520&tfcode=90461,16,5f3a53a21fec6629e05da7ea213d9103a377f2b4025792230eed7946d6292ee5,2026-10-04,public-recipe-v1
RDA-92549,"고기국수(괴기국수, 돼지국수) [방법2]",https://www.nics.go.kr/food/kfi/tfSrch08/view?menuId=PS03520&tfcode=92549,16,5f3a53a21fec6629e05da7ea213d9103a377f2b4025792230eed7946d6292ee5,2026-10-04,public-recipe-v1
RDA-89790,고둥간장조림,https://www.nics.go.kr/food/kfi/tfSrch08/view?menuId=PS03520&tfcode=89790,16,5f3a53a21fec6629e05da7ea213d9103a377f2b4025792230eed7946d6292ee5,2026-10-04,public-recipe-v1
RDA-89972,"고둥국(보말국, 고매기국)",https://www.nics.go.kr/food/kfi/tfSrch08/view?menuId=PS03520&tfcode=89972,16,5f3a53a21fec6629e05da7ea213d9103a377f2b4025792230eed7946d6292ee5,2026-10-04,public-recipe-v1
RDA-89764,고들빼기갈치김치,https://www.nics.go.kr/food/kfi/tfSrch08/view?menuId=PS03520&tfcode=89764,16,5f3a53a21fec6629e05da7ea213d9103a377f2b4025792230eed7946d6292ee5,2026-10-04,public-recipe-v1
RDA-91173,고래고기육회,https://www.nics.go.kr/food/kfi/tfSrch08/view?menuId=PS03520&tfcode=91173,16,5f3a53a21fec6629e05da7ea213d9103a377f2b4025792230eed7946d6292ee5,2026-10-04,public-recipe-v1
RDA-91611,고래고기육회(고래생고기),https://www.nics.go.kr/food/kfi/tfSrch08/view?menuId=PS03520&tfcode=91611,16,5f3a53a21fec6629e05da7ea213d9103a377f2b4025792230eed7946d6292ee5,2026-10-04,public-recipe-v1
RDA-90808,고비나물(볶음),https://www.nics.go.kr/food/kfi/tfSrch08/view?menuId=PS03520&tfcode=90808,16,5f3a53a21fec6629e05da7ea213d9103a377f2b4025792230eed7946d6292ee5,2026-10-04,public-recipe-v1
RDA-90002,고사리나물,https://www.nics.go.kr/food/kfi/tfSrch08/view?menuId=PS03520&tfcode=90002,16,5f3a53a21fec6629e05da7ea213d9103a377f2b4025792230eed7946d6292ee5,2026-10-04,public-recipe-v1
RDA-90040,"고사리누름전(고사리전, 느리미전)",https://www.nics.go.kr/food/kfi/tfSrch08/view?menuId=PS03520&tfcode=90040,16,5f3a53a21fec6629e05da7ea213d9103a377f2b4025792230eed7946d6292ee5,2026-10-04,public-recipe-v1
RDA-89818,고시락무침,https://www.nics.go.kr/food/kfi/tfSrch08/view?menuId=PS03520&tfcode=89818,16,5f3a53a21fec6629e05da7ea213d9103a377f2b4025792230eed7946d6292ee5,2026-10-04,public-recipe-v1
RDA-90095,고장떡,https://www.nics.go.kr/food/kfi/tfSrch08/view?menuId=PS03520&tfcode=90095,16,5f3a53a21fec6629e05da7ea213d9103a377f2b4025792230eed7946d6292ee5,2026-10-04,public-recipe-v1
RDA-90327,고추감주,https://www.nics.go.kr/food/kfi/tfSrch08/view?menuId=PS03520&tfcode=90327,16,5f3a53a21fec6629e05da7ea213d9103a377f2b4025792230eed7946d6292ee5,2026-10-04,public-recipe-v1
RDA-91151,"고추버무림(고추물금, 밀장)",https://www.nics.go.kr/food/kfi/tfSrch08/view?menuId=PS03520&tfcode=91151,16,5f3a53a21fec6629e05da7ea213d9103a377f2b4025792230eed7946d6292ee5,2026-10-04,public-recipe-v1
RDA-91630,고추부각,https://www.nics.go.kr/food/kfi/tfSrch08/view?menuId=PS03520&tfcode=91630,16,5f3a53a21fec6629e05da7ea213d9103a377f2b4025792230eed7946d6292ee5,2026-10-04,public-recipe-v1
RDA-92392,고추장,https://www.nics.go.kr/food/kfi/tfSrch08/view?menuId=PS03520&tfcode=92392,16,5f3a53a21fec6629e05da7ea213d9103a377f2b4025792230eed7946d6292ee5,2026-10-04,public-recipe-v1
RDA-89612,고추젓,https://www.nics.go.kr/food/kfi/tfSrch08/view?menuId=PS03520&tfcode=89612,16,5f3a53a21fec6629e05da7ea213d9103a377f2b4025792230eed7946d6292ee5,2026-10-04,public-recipe-v1
RDA-92715,고추지만두,https://www.nics.go.kr/food/kfi/tfSrch08/view?menuId=PS03520&tfcode=92715,16,5f3a53a21fec6629e05da7ea213d9103a377f2b4025792230eed7946d6292ee5,2026-10-04,public-recipe-v1
RDA-90197,고춧잎김치(고춧잎지),https://www.nics.go.kr/food/kfi/tfSrch08/view?menuId=PS03520&tfcode=90197,16,5f3a53a21fec6629e05da7ea213d9103a377f2b4025792230eed7946d6292ee5,2026-10-04,public-recipe-v1
RDA-91958,고탄절편,https://www.nics.go.kr/food/kfi/tfSrch08/view?menuId=PS03520&tfcode=91958,16,5f3a53a21fec6629e05da7ea213d9103a377f2b4025792230eed7946d6292ee5,2026-10-04,public-recipe-v1
RDA-91459,곤달비김치,https://www.nics.go.kr/food/kfi/tfSrch08/view?menuId=PS03520&tfcode=91459,16,5f3a53a21fec6629e05da7ea213d9103a377f2b4025792230eed7946d6292ee5,2026-10-04,public-recipe-v1
RDA-91806,곤달비수제비,https://www.nics.go.kr/food/kfi/tfSrch08/view?menuId=PS03520&tfcode=91806,16,5f3a53a21fec6629e05da7ea213d9103a377f2b4025792230eed7946d6292ee5,2026-10-04,public-recipe-v1
RDA-91654,곤달비장아찌,https://www.nics.go.kr/food/kfi/tfSrch08/view?menuId=PS03520&tfcode=91654,16,5f3a53a21fec6629e05da7ea213d9103a377f2b4025792230eed7946d6292ee5,2026-10-04,public-recipe-v1
RDA-91551,곤달비전,https://www.nics.go.kr/food/kfi/tfSrch08/view?menuId=PS03520&tfcode=91551,16,5f3a53a21fec6629e05da7ea213d9103a377f2b4025792230eed7946d6292ee5,2026-10-04,public-recipe-v1
RDA-89857,골담초떡,https://www.nics.go.kr/food/kfi/tfSrch08/view?menuId=PS03520&tfcode=89857,16,5f3a53a21fec6629e05da7ea213d9103a377f2b4025792230eed7946d6292ee5,2026-10-04,public-recipe-v1
RDA-91018,곰탕,https://www.nics.go.kr/food/kfi/tfSrch08/view?menuId=PS03520&tfcode=91018,16,5f3a53a21fec6629e05da7ea213d9103a377f2b4025792230eed7946d6292ee5,2026-10-04,public-recipe-v1
RDA-91959,곱장떡,https://www.nics.go.kr/food/kfi/tfSrch08/view?menuId=PS03520&tfcode=91959,16,5f3a53a21fec6629e05da7ea213d9103a377f2b4025792230eed7946d6292ee5,2026-10-04,public-recipe-v1
RDA-91174,과메기,https://www.nics.go.kr/food/kfi/tfSrch08/view?menuId=PS03520&tfcode=91174,16,5f3a53a21fec6629e05da7ea213d9103a377f2b4025792230eed7946d6292ee5,2026-10-04,public-recipe-v1
RDA-92733,과줄(과질),https://www.nics.go.kr/food/kfi/tfSrch08/view?menuId=PS03520&tfcode=92733,16,5f3a53a21fec6629e05da7ea213d9103a377f2b4025792230eed7946d6292ee5,2026-10-04,public-recipe-v1
RDA-91311,과하주,https://www.nics.go.kr/food/kfi/tfSrch08/view?menuId=PS03520&tfcode=91311,16,5f3a53a21fec6629e05da7ea213d9103a377f2b4025792230eed7946d6292ee5,2026-10-04,public-recipe-v1
RDA-90329,과하주 <방법1>,https://www.nics.go.kr/food/kfi/tfSrch08/view?menuId=PS03520&tfcode=90329,16,5f3a53a21fec6629e05da7ea213d9103a377f2b4025792230eed7946d6292ee5,2026-10-04,public-recipe-v1
RDA-92298,"과하주(아랑주, 영광토종주)",https://www.nics.go.kr/food/kfi/tfSrch08/view?menuId=PS03520&tfcode=92298,16,5f3a53a21fec6629e05da7ea213d9103a377f2b4025792230eed7946d6292ee5,2026-10-04,public-recipe-v1
RDA-91312,교동법주,https://www.nics.go.kr/food/kfi/tfSrch08/view?menuId=PS03520&tfcode=91312,16,5f3a53a21fec6629e05da7ea213d9103a377f2b4025792230eed7946d6292ee5,2026-10-04,public-recipe-v1
RDA-92133,구강태김치,https://www.nics.go.kr/food/kfi/tfSrch08/view?menuId=PS03520&tfcode=92133,16,5f3a53a21fec6629e05da7ea213d9103a377f2b4025792230eed7946d6292ee5,2026-10-04,public-recipe-v1
RDA-92141,구강태나물,https://www.nics.go.kr/food/kfi/tfSrch08/view?menuId=PS03520&tfcode=92141,16,5f3a53a21fec6629e05da7ea213d9103a377f2b4025792230eed7946d6292ee5,2026-10-04,public-recipe-v1
RDA-89858,구기자순갠떡,https://www.nics.go.kr/food/kfi/tfSrch08/view?menuId=PS03520&tfcode=89858,16,5f3a53a21fec6629e05da7ea213d9103a377f2b4025792230eed7946d6292ee5,2026-10-04,public-recipe-v1
RDA-89685,구기자순나물밥,https://www.nics.go.kr/food/kfi/tfSrch08/view?menuId=PS03520&tfcode=89685,16,5f3a53a21fec6629e05da7ea213d9103a377f2b4025792230eed7946d6292ee5,2026-10-04,public-recipe-v1
RDA-89883,구기자차(구기자한방차),https://www.nics.go.kr/food/kfi/tfSrch08/view?menuId=PS03520&tfcode=89883,16,5f3a53a21fec6629e05da7ea213d9103a377f2b4025792230eed7946d6292ee5,2026-10-04,public-recipe-v1
RDA-89879,구절초엿,https://www.nics.go.kr/food/kfi/tfSrch08/view?menuId=PS03520&tfcode=89879,16,5f3a53a21fec6629e05da7ea213d9103a377f2b4025792230eed7946d6292ee5,2026-10-04,public-recipe-v1
RDA-90377,국수호박비빔,https://www.nics.go.kr/food/kfi/tfSrch08/view?menuId=PS03520&tfcode=90377,16,5f3a53a21fec6629e05da7ea213d9103a377f2b4025792230eed7946d6292ee5,2026-10-04,public-recipe-v1
RDA-91313,국화주,https://www.nics.go.kr/food/kfi/tfSrch08/view?menuId=PS03520&tfcode=91313,17,c6cd0c01caba3aa0739b16e6d4f1ceeb519005eff08f52d60bf76b76bc80ccec,2026-10-04,public-recipe-v1
RDA-91386,굴떡국,https://www.nics.go.kr/food/kfi/tfSrch08/view?menuId=PS03520&tfcode=91386,17,c6cd0c01caba3aa0739b16e6d4f1ceeb519005eff08f52d60bf76b76bc80ccec,2026-10-04,public-recipe-v1
RDA-90869,굴전,https://www.nics.go.kr/food/kfi/tfSrch08/view?menuId=PS03520&tfcode=90869,17,c6cd0c01caba3aa0739b16e6d4f1ceeb519005eff08f52d60bf76b76bc80ccec,2026-10-04,public-recipe-v1
RDA-91460,굴젓김치,https://www.nics.go.kr/food/kfi/tfSrch08/view?menuId=PS03520&tfcode=91460,17,c6cd0c01caba3aa0739b16e6d4f1ceeb519005eff08f52d60bf76b76bc80ccec,2026-10-04,public-recipe-v1
RDA-91387,굽은떡국,https://www.nics.go.kr/food/kfi/tfSrch08/view?menuId=PS03520&tfcode=91387,17,c6cd0c01caba3aa0739b16e6d4f1ceeb519005eff08f52d60bf76b76bc80ccec,2026-10-04,public-recipe-v1
RDA-91962,귀리투생이,https://www.nics.go.kr/food/kfi/tfSrch08/view?menuId=PS03520&tfcode=91962,17,c6cd0c01caba3aa0739b16e6d4f1ceeb519005eff08f52d60bf76b76bc80ccec,2026-10-04,public-recipe-v1
RDA-90391,규아상(미만두),https://www.nics.go.kr/food/kfi/tfSrch08/view?menuId=PS03520&tfcode=90391,17,c6cd0c01caba3aa0739b16e6d4f1ceeb519005eff08f52d60bf76b76bc80ccec,2026-10-04,public-recipe-v1
RDA-90096,기름떡,https://www.nics.go.kr/food/kfi/tfSrch08/view?menuId=PS03520&tfcode=90096,17,c6cd0c01caba3aa0739b16e6d4f1ceeb519005eff08f52d60bf76b76bc80ccec,2026-10-04,public-recipe-v1
RDA-91648,"기장우무(가장우묵, 기장어묵)",https://www.nics.go.kr/food/kfi/tfSrch08/view?menuId=PS03520&tfcode=91648,17,c6cd0c01caba3aa0739b16e6d4f1ceeb519005eff08f52d60bf76b76bc80ccec,2026-10-04,public-recipe-v1
RDA-91631,김부각,https://www.nics.go.kr/food/kfi/tfSrch08/view?menuId=PS03520&tfcode=91631,17,c6cd0c01caba3aa0739b16e6d4f1ceeb519005eff08f52d60bf76b76bc80ccec,2026-10-04,public-recipe-v1
RDA-90274,김장아찌,https://www.nics.go.kr/food/kfi/tfSrch08/view?menuId=PS03520&tfcode=90274,17,c6cd0c01caba3aa0739b16e6d4f1ceeb519005eff08f52d60bf76b76bc80ccec,2026-10-04,public-recipe-v1
RDA-90855,김치볶음,https://www.nics.go.kr/food/kfi/tfSrch08/view?menuId=PS03520&tfcode=90855,17,c6cd0c01caba3aa0739b16e6d4f1ceeb519005eff08f52d60bf76b76bc80ccec,2026-10-04,public-recipe-v1
RDA-90784,깍두기,https://www.nics.go.kr/food/kfi/tfSrch08/view?menuId=PS03520&tfcode=90784,17,c6cd0c01caba3aa0739b16e6d4f1ceeb519005eff08f52d60bf76b76bc80ccec,2026-10-04,public-recipe-v1
RDA-92559,깻묵장,https://www.nics.go.kr/food/kfi/tfSrch08/view?menuId=PS03520&tfcode=92559,17,c6cd0c01caba3aa0739b16e6d4f1ceeb519005eff08f52d60bf76b76bc80ccec,2026-10-04,public-recipe-v1
RDA-92216,깻잎부각,https://www.nics.go.kr/food/kfi/tfSrch08/view?menuId=PS03520&tfcode=92216,17,c6cd0c01caba3aa0739b16e6d4f1ceeb519005eff08f52d60bf76b76bc80ccec,2026-10-04,public-recipe-v1
RDA-91632,깻잎부각,https://www.nics.go.kr/food/kfi/tfSrch08/view?menuId=PS03520&tfcode=91632,17,c6cd0c01caba3aa0739b16e6d4f1ceeb519005eff08f52d60bf76b76bc80ccec,2026-10-04,public-recipe-v1
RDA-89767,꺼먹김치,https://www.nics.go.kr/food/kfi/tfSrch08/view?menuId=PS03520&tfcode=89767,17,c6cd0c01caba3aa0739b16e6d4f1ceeb519005eff08f52d60bf76b76bc80ccec,2026-10-04,public-recipe-v1
RDA-91832,"꺽저기탕(꾹저구탕, 뚜거리탕)",https://www.nics.go.kr/food/kfi/tfSrch08/view?menuId=PS03520&tfcode=91832,17,c6cd0c01caba3aa0739b16e6d4f1ceeb519005eff08f52d60bf76b76bc80ccec,2026-10-04,public-recipe-v1
RDA-91831,꺽지매운탕,https://www.nics.go.kr/food/kfi/tfSrch08/view?menuId=PS03520&tfcode=91831,17,c6cd0c01caba3aa0739b16e6d4f1ceeb519005eff08f52d60bf76b76bc80ccec,2026-10-04,public-recipe-v1
RDA-91835,꺽지알탕,https://www.nics.go.kr/food/kfi/tfSrch08/view?menuId=PS03520&tfcode=91835,17,c6cd0c01caba3aa0739b16e6d4f1ceeb519005eff08f52d60bf76b76bc80ccec,2026-10-04,public-recipe-v1
RDA-90995,꽁치진국수(꽁치국수),https://www.nics.go.kr/food/kfi/tfSrch08/view?menuId=PS03520&tfcode=90995,17,c6cd0c01caba3aa0739b16e6d4f1ceeb519005eff08f52d60bf76b76bc80ccec,2026-10-04,public-recipe-v1
RDA-90557,꽃게찜,https://www.nics.go.kr/food/kfi/tfSrch08/view?menuId=PS03520&tfcode=90557,17,c6cd0c01caba3aa0739b16e6d4f1ceeb519005eff08f52d60bf76b76bc80ccec,2026-10-04,public-recipe-v1
RDA-91175,꿀뚝회,https://www.nics.go.kr/food/kfi/tfSrch08/view?menuId=PS03520&tfcode=91175,17,c6cd0c01caba3aa0739b16e6d4f1ceeb519005eff08f52d60bf76b76bc80ccec,2026-10-04,public-recipe-v1
RDA-90114,꿩엿,https://www.nics.go.kr/food/kfi/tfSrch08/view?menuId=PS03520&tfcode=90114,17,c6cd0c01caba3aa0739b16e6d4f1ceeb519005eff08f52d60bf76b76bc80ccec,2026-10-04,public-recipe-v1
RDA-90211,"나문재나물(나무재나물, 함초나물)",https://www.nics.go.kr/food/kfi/tfSrch08/view?menuId=PS03520&tfcode=90211,17,c6cd0c01caba3aa0739b16e6d4f1ceeb519005eff08f52d60bf76b76bc80ccec,2026-10-04,public-recipe-v1
RDA-92314,나주집장,https://www.nics.go.kr/food/kfi/tfSrch08/view?menuId=PS03520&tfcode=92314,17,c6cd0c01caba3aa0739b16e6d4f1ceeb519005eff08f52d60bf76b76bc80ccec,2026-10-04,public-recipe-v1
RDA-92464,난면,https://www.nics.go.kr/food/kfi/tfSrch08/view?menuId=PS03520&tfcode=92464,17,c6cd0c01caba3aa0739b16e6d4f1ceeb519005eff08f52d60bf76b76bc80ccec,2026-10-04,public-recipe-v1
RDA-91250,남방감저병(고구마떡),https://www.nics.go.kr/food/kfi/tfSrch08/view?menuId=PS03520&tfcode=91250,17,c6cd0c01caba3aa0739b16e6d4f1ceeb519005eff08f52d60bf76b76bc80ccec,2026-10-04,public-recipe-v1
RDA-90379,낭화,https://www.nics.go.kr/food/kfi/tfSrch08/view?menuId=PS03520&tfcode=90379,17,c6cd0c01caba3aa0739b16e6d4f1ceeb519005eff08f52d60bf76b76bc80ccec,2026-10-04,public-recipe-v1
RDA-89531,냉이만두,https://www.nics.go.kr/food/kfi/tfSrch08/view?menuId=PS03520&tfcode=89531,17,c6cd0c01caba3aa0739b16e6d4f1ceeb519005eff08f52d60bf76b76bc80ccec,2026-10-04,public-recipe-v1
RDA-92652,노각생채,https://www.nics.go.kr/food/kfi/tfSrch08/view?menuId=PS03520&tfcode=92652,17,c6cd0c01caba3aa0739b16e6d4f1ceeb519005eff08f52d60bf76b76bc80ccec,2026-10-04,public-recipe-v1
RDA-91797,능근옥수수범벅,https://www.nics.go.kr/food/kfi/tfSrch08/view?menuId=PS03520&tfcode=91797,17,c6cd0c01caba3aa0739b16e6d4f1ceeb519005eff08f52d60bf76b76bc80ccec,2026-10-04,public-recipe-v1
RDA-91848,능이버섯전골,https://www.nics.go.kr/food/kfi/tfSrch08/view?menuId=PS03520&tfcode=91848,17,c6cd0c01caba3aa0739b16e6d4f1ceeb519005eff08f52d60bf76b76bc80ccec,2026-10-04,public-recipe-v1
RDA-91897,능이버섯회,https://www.nics.go.kr/food/kfi/tfSrch08/view?menuId=PS03520&tfcode=91897,17,c6cd0c01caba3aa0739b16e6d4f1ceeb519005eff08f52d60bf76b76bc80ccec,2026-10-04,public-recipe-v1
RDA-89848,능쟁이게장,https://www.nics.go.kr/food/kfi/tfSrch08/view?menuId=PS03520&tfcode=89848,17,c6cd0c01caba3aa0739b16e6d4f1ceeb519005eff08f52d60bf76b76bc80ccec,2026-10-04,public-recipe-v1
RDA-89768,능쟁이섞박지,https://www.nics.go.kr/food/kfi/tfSrch08/view?menuId=PS03520&tfcode=89768,17,c6cd0c01caba3aa0739b16e6d4f1ceeb519005eff08f52d60bf76b76bc80ccec,2026-10-04,public-recipe-v1
RDA-90047,다금바리회,https://www.nics.go.kr/food/kfi/tfSrch08/view?menuId=PS03520&tfcode=90047,17,c6cd0c01caba3aa0739b16e6d4f1ceeb519005eff08f52d60bf76b76bc80ccec,2026-10-04,public-recipe-v1
RDA-91021,다담이국,https://www.nics.go.kr/food/kfi/tfSrch08/view?menuId=PS03520&tfcode=91021,17,c6cd0c01caba3aa0739b16e6d4f1ceeb519005eff08f52d60bf76b76bc80ccec,2026-10-04,public-recipe-v1
RDA-90482,다래순나물,https://www.nics.go.kr/food/kfi/tfSrch08/view?menuId=PS03520&tfcode=90482,17,c6cd0c01caba3aa0739b16e6d4f1ceeb519005eff08f52d60bf76b76bc80ccec,2026-10-04,public-recipe-v1
RDA-90970,다부랑죽,https://www.nics.go.kr/food/kfi/tfSrch08/view?menuId=PS03520&tfcode=90970,17,c6cd0c01caba3aa0739b16e6d4f1ceeb519005eff08f52d60bf76b76bc80ccec,2026-10-04,public-recipe-v1
RDA-89541,"다슬기국(올갱이국, 고딩이국)",https://www.nics.go.kr/food/kfi/tfSrch08/view?menuId=PS03520&tfcode=89541,17,c6cd0c01caba3aa0739b16e6d4f1ceeb519005eff08f52d60bf76b76bc80ccec,2026-10-04,public-recipe-v1
RDA-89533,다슬기생떡국(올갱이날떡국),https://www.nics.go.kr/food/kfi/tfSrch08/view?menuId=PS03520&tfcode=89533,17,c6cd0c01caba3aa0739b16e6d4f1ceeb519005eff08f52d60bf76b76bc80ccec,2026-10-04,public-recipe-v1
RDA-92636,다시마찜 [방법 2],https://www.nics.go.kr/food/kfi/tfSrch08/view?menuId=PS03520&tfcode=92636,17,c6cd0c01caba3aa0739b16e6d4f1ceeb519005eff08f52d60bf76b76bc80ccec,2026-10-04,public-recipe-v1
RDA-91330,"달걀온밥(꼰밥, 달걀고드밥)",https://www.nics.go.kr/food/kfi/tfSrch08/view?menuId=PS03520&tfcode=91330,17,c6cd0c01caba3aa0739b16e6d4f1ceeb519005eff08f52d60bf76b76bc80ccec,2026-10-04,public-recipe-v1
RDA-89860,달팽이떡,https://www.nics.go.kr/food/kfi/tfSrch08/view?menuId=PS03520&tfcode=89860,17,c6cd0c01caba3aa0739b16e6d4f1ceeb519005eff08f52d60bf76b76bc80ccec,2026-10-04,public-recipe-v1
RDA-90464,닭김치,https://www.nics.go.kr/food/kfi/tfSrch08/view?menuId=PS03520&tfcode=90464,17,c6cd0c01caba3aa0739b16e6d4f1ceeb519005eff08f52d60bf76b76bc80ccec,2026-10-04,public-recipe-v1
RDA-92671,닭제골,https://www.nics.go.kr/food/kfi/tfSrch08/view?menuId=PS03520&tfcode=92671,17,c6cd0c01caba3aa0739b16e6d4f1ceeb519005eff08f52d60bf76b76bc80ccec,2026-10-04,public-recipe-v1
RDA-92492,담북장,https://www.nics.go.kr/food/kfi/tfSrch08/view?menuId=PS03520&tfcode=92492,17,c6cd0c01caba3aa0739b16e6d4f1ceeb519005eff08f52d60bf76b76bc80ccec,2026-10-04,public-recipe-v1
RDA-92500,담북장(담뿍장),https://www.nics.go.kr/food/kfi/tfSrch08/view?menuId=PS03520&tfcode=92500,17,c6cd0c01caba3aa0739b16e6d4f1ceeb519005eff08f52d60bf76b76bc80ccec,2026-10-04,public-recipe-v1
RDA-91754,"담북장(담뿍장, 땀북장)",https://www.nics.go.kr/food/kfi/tfSrch08/view?menuId=PS03520&tfcode=91754,17,c6cd0c01caba3aa0739b16e6d4f1ceeb519005eff08f52d60bf76b76bc80ccec,2026-10-04,public-recipe-v1
RDA-91128,당귀산적,https://www.nics.go.kr/food/kfi/tfSrch08/view?menuId=PS03520&tfcode=91128,17,c6cd0c01caba3aa0739b16e6d4f1ceeb519005eff08f52d60bf76b76bc80ccec,2026-10-04,public-recipe-v1
RDA-92027,당귀차,https://www.nics.go.kr/food/kfi/tfSrch08/view?menuId=PS03520&tfcode=92027,17,c6cd0c01caba3aa0739b16e6d4f1ceeb519005eff08f52d60bf76b76bc80ccec,2026-10-04,public-recipe-v1
RDA-90689,당귀차,https://www.nics.go.kr/food/kfi/tfSrch08/view?menuId=PS03520&tfcode=90689,17,c6cd0c01caba3aa0739b16e6d4f1ceeb519005eff08f52d60bf76b76bc80ccec,2026-10-04,public-recipe-v1
RDA-91155,대게찜(울진대게찜),https://www.nics.go.kr/food/kfi/tfSrch08/view?menuId=PS03520&tfcode=91155,17,c6cd0c01caba3aa0739b16e6d4f1ceeb519005eff08f52d60bf76b76bc80ccec,2026-10-04,public-recipe-v1
RDA-91677,"대구모젓(통대구모젓, 대구애미젓)",https://www.nics.go.kr/food/kfi/tfSrch08/view?menuId=PS03520&tfcode=91677,17,c6cd0c01caba3aa0739b16e6d4f1ceeb519005eff08f52d60bf76b76bc80ccec,2026-10-04,public-recipe-v1
RDA-91587,"대구볼찜(대구뽈찜, 대구뽈데기찜)",https://www.nics.go.kr/food/kfi/tfSrch08/view?menuId=PS03520&tfcode=91587,17,c6cd0c01caba3aa0739b16e6d4f1ceeb519005eff08f52d60bf76b76bc80ccec,2026-10-04,public-recipe-v1
RDA-89507,대추곰(대추고음),https://www.nics.go.kr/food/kfi/tfSrch08/view?menuId=PS03520&tfcode=89507,17,c6cd0c01caba3aa0739b16e6d4f1ceeb519005eff08f52d60bf76b76bc80ccec,2026-10-04,public-recipe-v1
RDA-91253,대추인절미,https://www.nics.go.kr/food/kfi/tfSrch08/view?menuId=PS03520&tfcode=91253,17,c6cd0c01caba3aa0739b16e6d4f1ceeb519005eff08f52d60bf76b76bc80ccec,2026-10-04,public-recipe-v1
RDA-91964,댑싸리떡,https://www.nics.go.kr/food/kfi/tfSrch08/view?menuId=PS03520&tfcode=91964,17,c6cd0c01caba3aa0739b16e6d4f1ceeb519005eff08f52d60bf76b76bc80ccec,2026-10-04,public-recipe-v1
RDA-90606,더덕장아찌,https://www.nics.go.kr/food/kfi/tfSrch08/view?menuId=PS03520&tfcode=90606,17,c6cd0c01caba3aa0739b16e6d4f1ceeb519005eff08f52d60bf76b76bc80ccec,2026-10-04,public-recipe-v1
RDA-91408,도다리쑥국,https://www.nics.go.kr/food/kfi/tfSrch08/view?menuId=PS03520&tfcode=91408,17,c6cd0c01caba3aa0739b16e6d4f1ceeb519005eff08f52d60bf76b76bc80ccec,2026-10-04,public-recipe-v1
RDA-90812,도라지나물(볶음),https://www.nics.go.kr/food/kfi/tfSrch08/view?menuId=PS03520&tfcode=90812,17,c6cd0c01caba3aa0739b16e6d4f1ceeb519005eff08f52d60bf76b76bc80ccec,2026-10-04,public-recipe-v1
RDA-91893,도루묵감자찜,https://www.nics.go.kr/food/kfi/tfSrch08/view?menuId=PS03520&tfcode=91893,17,c6cd0c01caba3aa0739b16e6d4f1ceeb519005eff08f52d60bf76b76bc80ccec,2026-10-04,public-recipe-v1
RDA-92460,도루묵식해 [방법2],https://www.nics.go.kr/food/kfi/tfSrch08/view?menuId=PS03520&tfcode=92460,17,c6cd0c01caba3aa0739b16e6d4f1ceeb519005eff08f52d60bf76b76bc80ccec,2026-10-04,public-recipe-v1
RDA-90381,도미면 (도미국수),https://www.nics.go.kr/food/kfi/tfSrch08/view?menuId=PS03520&tfcode=90381,17,c6cd0c01caba3aa0739b16e6d4f1ceeb519005eff08f52d60bf76b76bc80ccec,2026-10-04,public-recipe-v1
RDA-91877,도치두루치기볶음,https://www.nics.go.kr/food/kfi/tfSrch08/view?menuId=PS03520&tfcode=91877,17,c6cd0c01caba3aa0739b16e6d4f1ceeb519005eff08f52d60bf76b76bc80ccec,2026-10-04,public-recipe-v1
RDA-91899,도치회 (심퉁어회),https://www.nics.go.kr/food/kfi/tfSrch08/view?menuId=PS03520&tfcode=91899,17,c6cd0c01caba3aa0739b16e6d4f1ceeb519005eff08f52d60bf76b76bc80ccec,2026-10-04,public-recipe-v1
RDA-92334,도토리묵무침,https://www.nics.go.kr/food/kfi/tfSrch08/view?menuId=PS03520&tfcode=92334,17,c6cd0c01caba3aa0739b16e6d4f1ceeb519005eff08f52d60bf76b76bc80ccec,2026-10-04,public-recipe-v1
RDA-91224,도토리묵장아찌,https://www.nics.go.kr/food/kfi/tfSrch08/view?menuId=PS03520&tfcode=91224,17,c6cd0c01caba3aa0739b16e6d4f1ceeb519005eff08f52d60bf76b76bc80ccec,2026-10-04,public-recipe-v1
RDA-91969,도토리지엄떡,https://www.nics.go.kr/food/kfi/tfSrch08/view?menuId=PS03520&tfcode=91969,17,c6cd0c01caba3aa0739b16e6d4f1ceeb519005eff08f52d60bf76b76bc80ccec,2026-10-04,public-recipe-v1
RDA-90097,돌래떡,https://www.nics.go.kr/food/kfi/tfSrch08/view?menuId=PS03520&tfcode=90097,18,b2940f66f929cb2a82ada5f5dee6e781c9ee6471b498c5be8e7a23ef5bf6391a,2026-10-04,public-recipe-v1
RDA-92135,돌산갓김치,https://www.nics.go.kr/food/kfi/tfSrch08/view?menuId=PS03520&tfcode=92135,18,b2940f66f929cb2a82ada5f5dee6e781c9ee6471b498c5be8e7a23ef5bf6391a,2026-10-04,public-recipe-v1
RDA-91646,"돼지고기보쌈(돼지고기편육, 돼지고기수육)",https://www.nics.go.kr/food/kfi/tfSrch08/view?menuId=PS03520&tfcode=91646,18,b2940f66f929cb2a82ada5f5dee6e781c9ee6471b498c5be8e7a23ef5bf6391a,2026-10-04,public-recipe-v1
RDA-90115,돼지고기엿,https://www.nics.go.kr/food/kfi/tfSrch08/view?menuId=PS03520&tfcode=90115,18,b2940f66f929cb2a82ada5f5dee6e781c9ee6471b498c5be8e7a23ef5bf6391a,2026-10-04,public-recipe-v1
RDA-90773,돼지고기찌개,https://www.nics.go.kr/food/kfi/tfSrch08/view?menuId=PS03520&tfcode=90773,18,b2940f66f929cb2a82ada5f5dee6e781c9ee6471b498c5be8e7a23ef5bf6391a,2026-10-04,public-recipe-v1
RDA-90906,돼지머리편육,https://www.nics.go.kr/food/kfi/tfSrch08/view?menuId=PS03520&tfcode=90906,18,b2940f66f929cb2a82ada5f5dee6e781c9ee6471b498c5be8e7a23ef5bf6391a,2026-10-04,public-recipe-v1
RDA-89926,돼지새끼보죽(도새기새끼보죽),https://www.nics.go.kr/food/kfi/tfSrch08/view?menuId=PS03520&tfcode=89926,18,b2940f66f929cb2a82ada5f5dee6e781c9ee6471b498c5be8e7a23ef5bf6391a,2026-10-04,public-recipe-v1
RDA-89962,돼지족발국(아강발국) <방법2>,https://www.nics.go.kr/food/kfi/tfSrch08/view?menuId=PS03520&tfcode=89962,18,b2940f66f929cb2a82ada5f5dee6e781c9ee6471b498c5be8e7a23ef5bf6391a,2026-10-04,public-recipe-v1
RDA-92591,된장,https://www.nics.go.kr/food/kfi/tfSrch08/view?menuId=PS03520&tfcode=92591,18,b2940f66f929cb2a82ada5f5dee6e781c9ee6471b498c5be8e7a23ef5bf6391a,2026-10-04,public-recipe-v1
RDA-89896,두견주(면천두견주) <방법1>,https://www.nics.go.kr/food/kfi/tfSrch08/view?menuId=PS03520&tfcode=89896,18,b2940f66f929cb2a82ada5f5dee6e781c9ee6471b498c5be8e7a23ef5bf6391a,2026-10-04,public-recipe-v1
RDA-91885,두드러기빈대떡,https://www.nics.go.kr/food/kfi/tfSrch08/view?menuId=PS03520&tfcode=91885,18,b2940f66f929cb2a82ada5f5dee6e781c9ee6471b498c5be8e7a23ef5bf6391a,2026-10-04,public-recipe-v1
RDA-89535,두릅냉국,https://www.nics.go.kr/food/kfi/tfSrch08/view?menuId=PS03520&tfcode=89535,18,b2940f66f929cb2a82ada5f5dee6e781c9ee6471b498c5be8e7a23ef5bf6391a,2026-10-04,public-recipe-v1
RDA-90831,두부양념구이,https://www.nics.go.kr/food/kfi/tfSrch08/view?menuId=PS03520&tfcode=90831,18,b2940f66f929cb2a82ada5f5dee6e781c9ee6471b498c5be8e7a23ef5bf6391a,2026-10-04,public-recipe-v1
RDA-90640,두텁단자,https://www.nics.go.kr/food/kfi/tfSrch08/view?menuId=PS03520&tfcode=90640,18,b2940f66f929cb2a82ada5f5dee6e781c9ee6471b498c5be8e7a23ef5bf6391a,2026-10-04,public-recipe-v1
RDA-92546,들깨송이부각,https://www.nics.go.kr/food/kfi/tfSrch08/view?menuId=PS03520&tfcode=92546,18,b2940f66f929cb2a82ada5f5dee6e781c9ee6471b498c5be8e7a23ef5bf6391a,2026-10-04,public-recipe-v1
RDA-89906,등겨장(딩겨장),https://www.nics.go.kr/food/kfi/tfSrch08/view?menuId=PS03520&tfcode=89906,18,b2940f66f929cb2a82ada5f5dee6e781c9ee6471b498c5be8e7a23ef5bf6391a,2026-10-04,public-recipe-v1
RDA-92717,등절비,https://www.nics.go.kr/food/kfi/tfSrch08/view?menuId=PS03520&tfcode=92717,18,b2940f66f929cb2a82ada5f5dee6e781c9ee6471b498c5be8e7a23ef5bf6391a,2026-10-04,public-recipe-v1
RDA-90945,따개비밥,https://www.nics.go.kr/food/kfi/tfSrch08/view?menuId=PS03520&tfcode=90945,18,b2940f66f929cb2a82ada5f5dee6e781c9ee6471b498c5be8e7a23ef5bf6391a,2026-10-04,public-recipe-v1
RDA-90175,땅두릅매운탕,https://www.nics.go.kr/food/kfi/tfSrch08/view?menuId=PS03520&tfcode=90175,18,b2940f66f929cb2a82ada5f5dee6e781c9ee6471b498c5be8e7a23ef5bf6391a,2026-10-04,public-recipe-v1
RDA-90563,땅두릅찜,https://www.nics.go.kr/food/kfi/tfSrch08/view?menuId=PS03520&tfcode=90563,18,b2940f66f929cb2a82ada5f5dee6e781c9ee6471b498c5be8e7a23ef5bf6391a,2026-10-04,public-recipe-v1
RDA-92174,떡갈비,https://www.nics.go.kr/food/kfi/tfSrch08/view?menuId=PS03520&tfcode=92174,18,b2940f66f929cb2a82ada5f5dee6e781c9ee6471b498c5be8e7a23ef5bf6391a,2026-10-04,public-recipe-v1
RDA-90860,떡볶이,https://www.nics.go.kr/food/kfi/tfSrch08/view?menuId=PS03520&tfcode=90860,18,b2940f66f929cb2a82ada5f5dee6e781c9ee6471b498c5be8e7a23ef5bf6391a,2026-10-04,public-recipe-v1
RDA-90690,떡수단,https://www.nics.go.kr/food/kfi/tfSrch08/view?menuId=PS03520&tfcode=90690,18,b2940f66f929cb2a82ada5f5dee6e781c9ee6471b498c5be8e7a23ef5bf6391a,2026-10-04,public-recipe-v1
RDA-91518,마늘된장구이,https://www.nics.go.kr/food/kfi/tfSrch08/view?menuId=PS03520&tfcode=91518,18,b2940f66f929cb2a82ada5f5dee6e781c9ee6471b498c5be8e7a23ef5bf6391a,2026-10-04,public-recipe-v1
RDA-90116,마늘엿(마농엿),https://www.nics.go.kr/food/kfi/tfSrch08/view?menuId=PS03520&tfcode=90116,18,b2940f66f929cb2a82ada5f5dee6e781c9ee6471b498c5be8e7a23ef5bf6391a,2026-10-04,public-recipe-v1
RDA-89839,마늘장아찌,https://www.nics.go.kr/food/kfi/tfSrch08/view?menuId=PS03520&tfcode=89839,18,b2940f66f929cb2a82ada5f5dee6e781c9ee6471b498c5be8e7a23ef5bf6391a,2026-10-04,public-recipe-v1
RDA-92446,마늘종장아찌,https://www.nics.go.kr/food/kfi/tfSrch08/view?menuId=PS03520&tfcode=92446,18,b2940f66f929cb2a82ada5f5dee6e781c9ee6471b498c5be8e7a23ef5bf6391a,2026-10-04,public-recipe-v1
RDA-92688,마른두부(둠비),https://www.nics.go.kr/food/kfi/tfSrch08/view?menuId=PS03520&tfcode=92688,18,b2940f66f929cb2a82ada5f5dee6e781c9ee6471b498c5be8e7a23ef5bf6391a,2026-10-04,public-recipe-v1
RDA-91812,막국수(메밀막국수) <방법1>,https://www.nics.go.kr/food/kfi/tfSrch08/view?menuId=PS03520&tfcode=91812,18,b2940f66f929cb2a82ada5f5dee6e781c9ee6471b498c5be8e7a23ef5bf6391a,2026-10-04,public-recipe-v1
RDA-91324,막장,https://www.nics.go.kr/food/kfi/tfSrch08/view?menuId=PS03520&tfcode=91324,18,b2940f66f929cb2a82ada5f5dee6e781c9ee6471b498c5be8e7a23ef5bf6391a,2026-10-04,public-recipe-v1
RDA-92454,막장,https://www.nics.go.kr/food/kfi/tfSrch08/view?menuId=PS03520&tfcode=92454,18,b2940f66f929cb2a82ada5f5dee6e781c9ee6471b498c5be8e7a23ef5bf6391a,2026-10-04,public-recipe-v1
RDA-91256,만경떡(망경떡),https://www.nics.go.kr/food/kfi/tfSrch08/view?menuId=PS03520&tfcode=91256,18,b2940f66f929cb2a82ada5f5dee6e781c9ee6471b498c5be8e7a23ef5bf6391a,2026-10-04,public-recipe-v1
RDA-91707,"만경떡(망경떡, 모듬백이)",https://www.nics.go.kr/food/kfi/tfSrch08/view?menuId=PS03520&tfcode=91707,18,b2940f66f929cb2a82ada5f5dee6e781c9ee6471b498c5be8e7a23ef5bf6391a,2026-10-04,public-recipe-v1
RDA-90741,만두,https://www.nics.go.kr/food/kfi/tfSrch08/view?menuId=PS03520&tfcode=90741,18,b2940f66f929cb2a82ada5f5dee6e781c9ee6471b498c5be8e7a23ef5bf6391a,2026-10-04,public-recipe-v1
RDA-90667,만두과,https://www.nics.go.kr/food/kfi/tfSrch08/view?menuId=PS03520&tfcode=90667,18,b2940f66f929cb2a82ada5f5dee6e781c9ee6471b498c5be8e7a23ef5bf6391a,2026-10-04,public-recipe-v1
RDA-90393,만둣국(병시),https://www.nics.go.kr/food/kfi/tfSrch08/view?menuId=PS03520&tfcode=90393,18,b2940f66f929cb2a82ada5f5dee6e781c9ee6471b498c5be8e7a23ef5bf6391a,2026-10-04,public-recipe-v1
RDA-92674,말고기육회,https://www.nics.go.kr/food/kfi/tfSrch08/view?menuId=PS03520&tfcode=92674,18,b2940f66f929cb2a82ada5f5dee6e781c9ee6471b498c5be8e7a23ef5bf6391a,2026-10-04,public-recipe-v1
RDA-91083,"말나물(말무침, 말무침생저러기)",https://www.nics.go.kr/food/kfi/tfSrch08/view?menuId=PS03520&tfcode=91083,18,b2940f66f929cb2a82ada5f5dee6e781c9ee6471b498c5be8e7a23ef5bf6391a,2026-10-04,public-recipe-v1
RDA-91241,말쌈,https://www.nics.go.kr/food/kfi/tfSrch08/view?menuId=PS03520&tfcode=91241,18,b2940f66f929cb2a82ada5f5dee6e781c9ee6471b498c5be8e7a23ef5bf6391a,2026-10-04,public-recipe-v1
RDA-92625,맛살찌개,https://www.nics.go.kr/food/kfi/tfSrch08/view?menuId=PS03520&tfcode=92625,18,b2940f66f929cb2a82ada5f5dee6e781c9ee6471b498c5be8e7a23ef5bf6391a,2026-10-04,public-recipe-v1
RDA-90164,맛조개수제비(죽합수제비),https://www.nics.go.kr/food/kfi/tfSrch08/view?menuId=PS03520&tfcode=90164,18,b2940f66f929cb2a82ada5f5dee6e781c9ee6471b498c5be8e7a23ef5bf6391a,2026-10-04,public-recipe-v1
RDA-91708,망개떡,https://www.nics.go.kr/food/kfi/tfSrch08/view?menuId=PS03520&tfcode=91708,18,b2940f66f929cb2a82ada5f5dee6e781c9ee6471b498c5be8e7a23ef5bf6391a,2026-10-04,public-recipe-v1
RDA-89861,망개잎떡(멍가잎떡),https://www.nics.go.kr/food/kfi/tfSrch08/view?menuId=PS03520&tfcode=89861,18,b2940f66f929cb2a82ada5f5dee6e781c9ee6471b498c5be8e7a23ef5bf6391a,2026-10-04,public-recipe-v1
RDA-89886,맥문동차,https://www.nics.go.kr/food/kfi/tfSrch08/view?menuId=PS03520&tfcode=89886,18,b2940f66f929cb2a82ada5f5dee6e781c9ee6471b498c5be8e7a23ef5bf6391a,2026-10-04,public-recipe-v1
RDA-91679,멍게젓,https://www.nics.go.kr/food/kfi/tfSrch08/view?menuId=PS03520&tfcode=91679,18,b2940f66f929cb2a82ada5f5dee6e781c9ee6471b498c5be8e7a23ef5bf6391a,2026-10-04,public-recipe-v1
RDA-91931,멍게젓갈,https://www.nics.go.kr/food/kfi/tfSrch08/view?menuId=PS03520&tfcode=91931,18,b2940f66f929cb2a82ada5f5dee6e781c9ee6471b498c5be8e7a23ef5bf6391a,2026-10-04,public-recipe-v1
RDA-91030,메기매운탕,https://www.nics.go.kr/food/kfi/tfSrch08/view?menuId=PS03520&tfcode=91030,18,b2940f66f929cb2a82ada5f5dee6e781c9ee6471b498c5be8e7a23ef5bf6391a,2026-10-04,public-recipe-v1
RDA-90161,메기수제비,https://www.nics.go.kr/food/kfi/tfSrch08/view?menuId=PS03520&tfcode=90161,18,b2940f66f929cb2a82ada5f5dee6e781c9ee6471b498c5be8e7a23ef5bf6391a,2026-10-04,public-recipe-v1
RDA-91865,메밀두루말이,https://www.nics.go.kr/food/kfi/tfSrch08/view?menuId=PS03520&tfcode=91865,18,b2940f66f929cb2a82ada5f5dee6e781c9ee6471b498c5be8e7a23ef5bf6391a,2026-10-04,public-recipe-v1
RDA-89754,메밀풀장,https://www.nics.go.kr/food/kfi/tfSrch08/view?menuId=PS03520&tfcode=89754,18,b2940f66f929cb2a82ada5f5dee6e781c9ee6471b498c5be8e7a23ef5bf6391a,2026-10-04,public-recipe-v1
RDA-90848,메추리알장조림,https://www.nics.go.kr/food/kfi/tfSrch08/view?menuId=PS03520&tfcode=90848,18,b2940f66f929cb2a82ada5f5dee6e781c9ee6471b498c5be8e7a23ef5bf6391a,2026-10-04,public-recipe-v1
RDA-91915,명태순대,https://www.nics.go.kr/food/kfi/tfSrch08/view?menuId=PS03520&tfcode=91915,18,b2940f66f929cb2a82ada5f5dee6e781c9ee6471b498c5be8e7a23ef5bf6391a,2026-10-04,public-recipe-v1
RDA-89668,모과구이,https://www.nics.go.kr/food/kfi/tfSrch08/view?menuId=PS03520&tfcode=89668,18,b2940f66f929cb2a82ada5f5dee6e781c9ee6471b498c5be8e7a23ef5bf6391a,2026-10-04,public-recipe-v1
RDA-90691,모과차,https://www.nics.go.kr/food/kfi/tfSrch08/view?menuId=PS03520&tfcode=90691,18,b2940f66f929cb2a82ada5f5dee6e781c9ee6471b498c5be8e7a23ef5bf6391a,2026-10-04,public-recipe-v1
RDA-91195,모시잎부각,https://www.nics.go.kr/food/kfi/tfSrch08/view?menuId=PS03520&tfcode=91195,18,b2940f66f929cb2a82ada5f5dee6e781c9ee6471b498c5be8e7a23ef5bf6391a,2026-10-04,public-recipe-v1
RDA-90068,"모자반장아찌(몸지, 멸치젓국절임)",https://www.nics.go.kr/food/kfi/tfSrch08/view?menuId=PS03520&tfcode=90068,18,b2940f66f929cb2a82ada5f5dee6e781c9ee6471b498c5be8e7a23ef5bf6391a,2026-10-04,public-recipe-v1
RDA-90042,모자반전(몸전),https://www.nics.go.kr/food/kfi/tfSrch08/view?menuId=PS03520&tfcode=90042,18,b2940f66f929cb2a82ada5f5dee6e781c9ee6471b498c5be8e7a23ef5bf6391a,2026-10-04,public-recipe-v1
RDA-89779,묘삼생무침,https://www.nics.go.kr/food/kfi/tfSrch08/view?menuId=PS03520&tfcode=89779,18,b2940f66f929cb2a82ada5f5dee6e781c9ee6471b498c5be8e7a23ef5bf6391a,2026-10-04,public-recipe-v1
RDA-90405,무국,https://www.nics.go.kr/food/kfi/tfSrch08/view?menuId=PS03520&tfcode=90405,18,b2940f66f929cb2a82ada5f5dee6e781c9ee6471b498c5be8e7a23ef5bf6391a,2026-10-04,public-recipe-v1
RDA-91068,무름,https://www.nics.go.kr/food/kfi/tfSrch08/view?menuId=PS03520&tfcode=91068,18,b2940f66f929cb2a82ada5f5dee6e781c9ee6471b498c5be8e7a23ef5bf6391a,2026-10-04,public-recipe-v1
RDA-92719,무릇곰,https://www.nics.go.kr/food/kfi/tfSrch08/view?menuId=PS03520&tfcode=92719,18,b2940f66f929cb2a82ada5f5dee6e781c9ee6471b498c5be8e7a23ef5bf6391a,2026-10-04,public-recipe-v1
RDA-90680,무릇곰,https://www.nics.go.kr/food/kfi/tfSrch08/view?menuId=PS03520&tfcode=90680,18,b2940f66f929cb2a82ada5f5dee6e781c9ee6471b498c5be8e7a23ef5bf6391a,2026-10-04,public-recipe-v1
RDA-90681,무릇쑥고음,https://www.nics.go.kr/food/kfi/tfSrch08/view?menuId=PS03520&tfcode=90681,18,b2940f66f929cb2a82ada5f5dee6e781c9ee6471b498c5be8e7a23ef5bf6391a,2026-10-04,public-recipe-v1
RDA-90509,무릇쑥조림,https://www.nics.go.kr/food/kfi/tfSrch08/view?menuId=PS03520&tfcode=90509,18,b2940f66f929cb2a82ada5f5dee6e781c9ee6471b498c5be8e7a23ef5bf6391a,2026-10-04,public-recipe-v1
RDA-91662,무말랭이약지,https://www.nics.go.kr/food/kfi/tfSrch08/view?menuId=PS03520&tfcode=91662,18,b2940f66f929cb2a82ada5f5dee6e781c9ee6471b498c5be8e7a23ef5bf6391a,2026-10-04,public-recipe-v1
RDA-89666,무엿,https://www.nics.go.kr/food/kfi/tfSrch08/view?menuId=PS03520&tfcode=89666,18,b2940f66f929cb2a82ada5f5dee6e781c9ee6471b498c5be8e7a23ef5bf6391a,2026-10-04,public-recipe-v1
RDA-91535,무왁저지(무왁자),https://www.nics.go.kr/food/kfi/tfSrch08/view?menuId=PS03520&tfcode=91535,18,b2940f66f929cb2a82ada5f5dee6e781c9ee6471b498c5be8e7a23ef5bf6391a,2026-10-04,public-recipe-v1
RDA-92489,무우거지장,https://www.nics.go.kr/food/kfi/tfSrch08/view?menuId=PS03520&tfcode=92489,18,b2940f66f929cb2a82ada5f5dee6e781c9ee6471b498c5be8e7a23ef5bf6391a,2026-10-04,public-recipe-v1
RDA-89563,무잎김치(진잎김치),https://www.nics.go.kr/food/kfi/tfSrch08/view?menuId=PS03520&tfcode=89563,18,b2940f66f929cb2a82ada5f5dee6e781c9ee6471b498c5be8e7a23ef5bf6391a,2026-10-04,public-recipe-v1
RDA-89659,무정과,https://www.nics.go.kr/food/kfi/tfSrch08/view?menuId=PS03520&tfcode=89659,18,b2940f66f929cb2a82ada5f5dee6e781c9ee6471b498c5be8e7a23ef5bf6391a,2026-10-04,public-recipe-v1
RDA-91283,문경새재찹쌀약과,https://www.nics.go.kr/food/kfi/tfSrch08/view?menuId=PS03520&tfcode=91283,19,777c6b899f079d036389f05e44bc9c19fad5853908424923b844f12d8cc28b88,2026-10-04,public-recipe-v1
RDA-92076,문어죽,https://www.nics.go.kr/food/kfi/tfSrch08/view?menuId=PS03520&tfcode=92076,19,777c6b899f079d036389f05e44bc9c19fad5853908424923b844f12d8cc28b88,2026-10-04,public-recipe-v1
RDA-91829,물메기국(곰치국),https://www.nics.go.kr/food/kfi/tfSrch08/view?menuId=PS03520&tfcode=91829,19,777c6b899f079d036389f05e44bc9c19fad5853908424923b844f12d8cc28b88,2026-10-04,public-recipe-v1
RDA-91681,물메기알젓,https://www.nics.go.kr/food/kfi/tfSrch08/view?menuId=PS03520&tfcode=91681,19,777c6b899f079d036389f05e44bc9c19fad5853908424923b844f12d8cc28b88,2026-10-04,public-recipe-v1
RDA-91033,물메기탕(물곰국),https://www.nics.go.kr/food/kfi/tfSrch08/view?menuId=PS03520&tfcode=91033,19,777c6b899f079d036389f05e44bc9c19fad5853908424923b844f12d8cc28b88,2026-10-04,public-recipe-v1
RDA-90483,물쑥나물,https://www.nics.go.kr/food/kfi/tfSrch08/view?menuId=PS03520&tfcode=90483,19,777c6b899f079d036389f05e44bc9c19fad5853908424923b844f12d8cc28b88,2026-10-04,public-recipe-v1
RDA-90575,미나리강회,https://www.nics.go.kr/food/kfi/tfSrch08/view?menuId=PS03520&tfcode=90575,19,777c6b899f079d036389f05e44bc9c19fad5853908424923b844f12d8cc28b88,2026-10-04,public-recipe-v1
RDA-92666,미수전,https://www.nics.go.kr/food/kfi/tfSrch08/view?menuId=PS03520&tfcode=92666,19,777c6b899f079d036389f05e44bc9c19fad5853908424923b844f12d8cc28b88,2026-10-04,public-recipe-v1
RDA-91448,미역귀된장찌개,https://www.nics.go.kr/food/kfi/tfSrch08/view?menuId=PS03520&tfcode=91448,19,777c6b899f079d036389f05e44bc9c19fad5853908424923b844f12d8cc28b88,2026-10-04,public-recipe-v1
RDA-91480,미역설치,https://www.nics.go.kr/food/kfi/tfSrch08/view?menuId=PS03520&tfcode=91480,19,777c6b899f079d036389f05e44bc9c19fad5853908424923b844f12d8cc28b88,2026-10-04,public-recipe-v1
RDA-92608,"미역쇠국(매역새국, 매역새우럭국) [방법2]",https://www.nics.go.kr/food/kfi/tfSrch08/view?menuId=PS03520&tfcode=92608,19,777c6b899f079d036389f05e44bc9c19fad5853908424923b844f12d8cc28b88,2026-10-04,public-recipe-v1
RDA-92368,미역줄기볶음,https://www.nics.go.kr/food/kfi/tfSrch08/view?menuId=PS03520&tfcode=92368,19,777c6b899f079d036389f05e44bc9c19fad5853908424923b844f12d8cc28b88,2026-10-04,public-recipe-v1
RDA-89710,밀국낙지칼국수,https://www.nics.go.kr/food/kfi/tfSrch08/view?menuId=PS03520&tfcode=89710,19,777c6b899f079d036389f05e44bc9c19fad5853908424923b844f12d8cc28b88,2026-10-04,public-recipe-v1
RDA-89634,밀기울떡,https://www.nics.go.kr/food/kfi/tfSrch08/view?menuId=PS03520&tfcode=89634,19,777c6b899f079d036389f05e44bc9c19fad5853908424923b844f12d8cc28b88,2026-10-04,public-recipe-v1
RDA-90991,밀찜(밀다부래이),https://www.nics.go.kr/food/kfi/tfSrch08/view?menuId=PS03520&tfcode=90991,19,777c6b899f079d036389f05e44bc9c19fad5853908424923b844f12d8cc28b88,2026-10-04,public-recipe-v1
RDA-89711,바지락칼국수,https://www.nics.go.kr/food/kfi/tfSrch08/view?menuId=PS03520&tfcode=89711,19,777c6b899f079d036389f05e44bc9c19fad5853908424923b844f12d8cc28b88,2026-10-04,public-recipe-v1
RDA-89564,박김치,https://www.nics.go.kr/food/kfi/tfSrch08/view?menuId=PS03520&tfcode=89564,19,777c6b899f079d036389f05e44bc9c19fad5853908424923b844f12d8cc28b88,2026-10-04,public-recipe-v1
RDA-89851,박대젓,https://www.nics.go.kr/food/kfi/tfSrch08/view?menuId=PS03520&tfcode=89851,19,777c6b899f079d036389f05e44bc9c19fad5853908424923b844f12d8cc28b88,2026-10-04,public-recipe-v1
RDA-92185,박하잎전,https://www.nics.go.kr/food/kfi/tfSrch08/view?menuId=PS03520&tfcode=92185,19,777c6b899f079d036389f05e44bc9c19fad5853908424923b844f12d8cc28b88,2026-10-04,public-recipe-v1
RDA-90199,반지(백지) <방법1>,https://www.nics.go.kr/food/kfi/tfSrch08/view?menuId=PS03520&tfcode=90199,19,777c6b899f079d036389f05e44bc9c19fad5853908424923b844f12d8cc28b88,2026-10-04,public-recipe-v1
RDA-89916,반지기밥,https://www.nics.go.kr/food/kfi/tfSrch08/view?menuId=PS03520&tfcode=89916,19,777c6b899f079d036389f05e44bc9c19fad5853908424923b844f12d8cc28b88,2026-10-04,public-recipe-v1
RDA-89495,밤묵밥,https://www.nics.go.kr/food/kfi/tfSrch08/view?menuId=PS03520&tfcode=89495,19,777c6b899f079d036389f05e44bc9c19fad5853908424923b844f12d8cc28b88,2026-10-04,public-recipe-v1
RDA-89595,밤선,https://www.nics.go.kr/food/kfi/tfSrch08/view?menuId=PS03520&tfcode=89595,19,777c6b899f079d036389f05e44bc9c19fad5853908424923b844f12d8cc28b88,2026-10-04,public-recipe-v1
RDA-91365,밤응이(밤갱이),https://www.nics.go.kr/food/kfi/tfSrch08/view?menuId=PS03520&tfcode=91365,19,777c6b899f079d036389f05e44bc9c19fad5853908424923b844f12d8cc28b88,2026-10-04,public-recipe-v1
RDA-90674,밤초,https://www.nics.go.kr/food/kfi/tfSrch08/view?menuId=PS03520&tfcode=90674,19,777c6b899f079d036389f05e44bc9c19fad5853908424923b844f12d8cc28b88,2026-10-04,public-recipe-v1
RDA-92580,밤초,https://www.nics.go.kr/food/kfi/tfSrch08/view?menuId=PS03520&tfcode=92580,19,777c6b899f079d036389f05e44bc9c19fad5853908424923b844f12d8cc28b88,2026-10-04,public-recipe-v1
RDA-90950,밥국(밥쑤게),https://www.nics.go.kr/food/kfi/tfSrch08/view?menuId=PS03520&tfcode=90950,19,777c6b899f079d036389f05e44bc9c19fad5853908424923b844f12d8cc28b88,2026-10-04,public-recipe-v1
RDA-91237,밥식해,https://www.nics.go.kr/food/kfi/tfSrch08/view?menuId=PS03520&tfcode=91237,19,777c6b899f079d036389f05e44bc9c19fad5853908424923b844f12d8cc28b88,2026-10-04,public-recipe-v1
RDA-91936,방게젓,https://www.nics.go.kr/food/kfi/tfSrch08/view?menuId=PS03520&tfcode=91936,19,777c6b899f079d036389f05e44bc9c19fad5853908424923b844f12d8cc28b88,2026-10-04,public-recipe-v1
RDA-91750,"방문주(교동방문주, 황금주, 스무주)",https://www.nics.go.kr/food/kfi/tfSrch08/view?menuId=PS03520&tfcode=91750,19,777c6b899f079d036389f05e44bc9c19fad5853908424923b844f12d8cc28b88,2026-10-04,public-recipe-v1
RDA-91562,방아장떡(방아잎장떡),https://www.nics.go.kr/food/kfi/tfSrch08/view?menuId=PS03520&tfcode=91562,19,777c6b899f079d036389f05e44bc9c19fad5853908424923b844f12d8cc28b88,2026-10-04,public-recipe-v1
RDA-89863,방울기주,https://www.nics.go.kr/food/kfi/tfSrch08/view?menuId=PS03520&tfcode=89863,19,777c6b899f079d036389f05e44bc9c19fad5853908424923b844f12d8cc28b88,2026-10-04,public-recipe-v1
RDA-91495,방풍나물,https://www.nics.go.kr/food/kfi/tfSrch08/view?menuId=PS03520&tfcode=91495,19,777c6b899f079d036389f05e44bc9c19fad5853908424923b844f12d8cc28b88,2026-10-04,public-recipe-v1
RDA-91300,배숙,https://www.nics.go.kr/food/kfi/tfSrch08/view?menuId=PS03520&tfcode=91300,19,777c6b899f079d036389f05e44bc9c19fad5853908424923b844f12d8cc28b88,2026-10-04,public-recipe-v1
RDA-92583,배숙,https://www.nics.go.kr/food/kfi/tfSrch08/view?menuId=PS03520&tfcode=92583,19,777c6b899f079d036389f05e44bc9c19fad5853908424923b844f12d8cc28b88,2026-10-04,public-recipe-v1
RDA-90694,배숙,https://www.nics.go.kr/food/kfi/tfSrch08/view?menuId=PS03520&tfcode=90694,19,777c6b899f079d036389f05e44bc9c19fad5853908424923b844f12d8cc28b88,2026-10-04,public-recipe-v1
RDA-92486,배숙,https://www.nics.go.kr/food/kfi/tfSrch08/view?menuId=PS03520&tfcode=92486,19,777c6b899f079d036389f05e44bc9c19fad5853908424923b844f12d8cc28b88,2026-10-04,public-recipe-v1
RDA-92300,배술,https://www.nics.go.kr/food/kfi/tfSrch08/view?menuId=PS03520&tfcode=92300,19,777c6b899f079d036389f05e44bc9c19fad5853908424923b844f12d8cc28b88,2026-10-04,public-recipe-v1
RDA-90332,배술(이강주),https://www.nics.go.kr/food/kfi/tfSrch08/view?menuId=PS03520&tfcode=90332,19,777c6b899f079d036389f05e44bc9c19fad5853908424923b844f12d8cc28b88,2026-10-04,public-recipe-v1
RDA-90788,배추겉절이,https://www.nics.go.kr/food/kfi/tfSrch08/view?menuId=PS03520&tfcode=90788,19,777c6b899f079d036389f05e44bc9c19fad5853908424923b844f12d8cc28b88,2026-10-04,public-recipe-v1
RDA-90650,배피떡,https://www.nics.go.kr/food/kfi/tfSrch08/view?menuId=PS03520&tfcode=90650,19,777c6b899f079d036389f05e44bc9c19fad5853908424923b844f12d8cc28b88,2026-10-04,public-recipe-v1
RDA-90651,백령도김치떡,https://www.nics.go.kr/food/kfi/tfSrch08/view?menuId=PS03520&tfcode=90651,19,777c6b899f079d036389f05e44bc9c19fad5853908424923b844f12d8cc28b88,2026-10-04,public-recipe-v1
RDA-90597,백암순대,https://www.nics.go.kr/food/kfi/tfSrch08/view?menuId=PS03520&tfcode=90597,19,777c6b899f079d036389f05e44bc9c19fad5853908424923b844f12d8cc28b88,2026-10-04,public-recipe-v1
RDA-90532,백합쑥전(상합쑥전),https://www.nics.go.kr/food/kfi/tfSrch08/view?menuId=PS03520&tfcode=90532,19,777c6b899f079d036389f05e44bc9c19fad5853908424923b844f12d8cc28b88,2026-10-04,public-recipe-v1
RDA-90875,버섯전,https://www.nics.go.kr/food/kfi/tfSrch08/view?menuId=PS03520&tfcode=90875,19,777c6b899f079d036389f05e44bc9c19fad5853908424923b844f12d8cc28b88,2026-10-04,public-recipe-v1
RDA-91851,버섯전골,https://www.nics.go.kr/food/kfi/tfSrch08/view?menuId=PS03520&tfcode=91851,19,777c6b899f079d036389f05e44bc9c19fad5853908424923b844f12d8cc28b88,2026-10-04,public-recipe-v1
RDA-91683,벌떡게장,https://www.nics.go.kr/food/kfi/tfSrch08/view?menuId=PS03520&tfcode=91683,19,777c6b899f079d036389f05e44bc9c19fad5853908424923b844f12d8cc28b88,2026-10-04,public-recipe-v1
RDA-92302,벚주,https://www.nics.go.kr/food/kfi/tfSrch08/view?menuId=PS03520&tfcode=92302,19,777c6b899f079d036389f05e44bc9c19fad5853908424923b844f12d8cc28b88,2026-10-04,public-recipe-v1
RDA-92675,"별상어회(게상어회, 두툽상어회, 잔다니회)",https://www.nics.go.kr/food/kfi/tfSrch08/view?menuId=PS03520&tfcode=92675,19,777c6b899f079d036389f05e44bc9c19fad5853908424923b844f12d8cc28b88,2026-10-04,public-recipe-v1
RDA-89635,볍씨쑥버무리떡,https://www.nics.go.kr/food/kfi/tfSrch08/view?menuId=PS03520&tfcode=89635,19,777c6b899f079d036389f05e44bc9c19fad5853908424923b844f12d8cc28b88,2026-10-04,public-recipe-v1
RDA-89834,병천순대,https://www.nics.go.kr/food/kfi/tfSrch08/view?menuId=PS03520&tfcode=89834,19,777c6b899f079d036389f05e44bc9c19fad5853908424923b844f12d8cc28b88,2026-10-04,public-recipe-v1
RDA-91415,보름찜국,https://www.nics.go.kr/food/kfi/tfSrch08/view?menuId=PS03520&tfcode=91415,19,777c6b899f079d036389f05e44bc9c19fad5853908424923b844f12d8cc28b88,2026-10-04,public-recipe-v1
RDA-91761,보리퐁식초,https://www.nics.go.kr/food/kfi/tfSrch08/view?menuId=PS03520&tfcode=91761,19,777c6b899f079d036389f05e44bc9c19fad5853908424923b844f12d8cc28b88,2026-10-04,public-recipe-v1
RDA-91837,복추어탕,https://www.nics.go.kr/food/kfi/tfSrch08/view?menuId=PS03520&tfcode=91837,19,777c6b899f079d036389f05e44bc9c19fad5853908424923b844f12d8cc28b88,2026-10-04,public-recipe-v1
RDA-90178,볶애장(볶아장),https://www.nics.go.kr/food/kfi/tfSrch08/view?menuId=PS03520&tfcode=90178,19,777c6b899f079d036389f05e44bc9c19fad5853908424923b844f12d8cc28b88,2026-10-04,public-recipe-v1
RDA-90023,볼락구이,https://www.nics.go.kr/food/kfi/tfSrch08/view?menuId=PS03520&tfcode=90023,19,777c6b899f079d036389f05e44bc9c19fad5853908424923b844f12d8cc28b88,2026-10-04,public-recipe-v1
RDA-91465,볼락무김치,https://www.nics.go.kr/food/kfi/tfSrch08/view?menuId=PS03520&tfcode=91465,19,777c6b899f079d036389f05e44bc9c19fad5853908424923b844f12d8cc28b88,2026-10-04,public-recipe-v1
RDA-90037,볼락조림(발락지짐),https://www.nics.go.kr/food/kfi/tfSrch08/view?menuId=PS03520&tfcode=90037,19,777c6b899f079d036389f05e44bc9c19fad5853908424923b844f12d8cc28b88,2026-10-04,public-recipe-v1
RDA-89672,봉수탕,https://www.nics.go.kr/food/kfi/tfSrch08/view?menuId=PS03520&tfcode=89672,19,777c6b899f079d036389f05e44bc9c19fad5853908424923b844f12d8cc28b88,2026-10-04,public-recipe-v1
RDA-91980,봉치떡(봉채떡),https://www.nics.go.kr/food/kfi/tfSrch08/view?menuId=PS03520&tfcode=91980,19,777c6b899f079d036389f05e44bc9c19fad5853908424923b844f12d8cc28b88,2026-10-04,public-recipe-v1
RDA-92610,북어보푸라기,https://www.nics.go.kr/food/kfi/tfSrch08/view?menuId=PS03520&tfcode=92610,19,777c6b899f079d036389f05e44bc9c19fad5853908424923b844f12d8cc28b88,2026-10-04,public-recipe-v1
RDA-91198,북어보푸라기(명태보푸림),https://www.nics.go.kr/food/kfi/tfSrch08/view?menuId=PS03520&tfcode=91198,19,777c6b899f079d036389f05e44bc9c19fad5853908424923b844f12d8cc28b88,2026-10-04,public-recipe-v1
RDA-90588,북어보푸라기(북어무침),https://www.nics.go.kr/food/kfi/tfSrch08/view?menuId=PS03520&tfcode=90588,19,777c6b899f079d036389f05e44bc9c19fad5853908424923b844f12d8cc28b88,2026-10-04,public-recipe-v1
RDA-90565,분원붕어찜,https://www.nics.go.kr/food/kfi/tfSrch08/view?menuId=PS03520&tfcode=90565,19,777c6b899f079d036389f05e44bc9c19fad5853908424923b844f12d8cc28b88,2026-10-04,public-recipe-v1
RDA-89864,불거지묵(불거지떡),https://www.nics.go.kr/food/kfi/tfSrch08/view?menuId=PS03520&tfcode=89864,19,777c6b899f079d036389f05e44bc9c19fad5853908424923b844f12d8cc28b88,2026-10-04,public-recipe-v1
RDA-90415,불당리백숙,https://www.nics.go.kr/food/kfi/tfSrch08/view?menuId=PS03520&tfcode=90415,19,777c6b899f079d036389f05e44bc9c19fad5853908424923b844f12d8cc28b88,2026-10-04,public-recipe-v1
RDA-92039,불술,https://www.nics.go.kr/food/kfi/tfSrch08/view?menuId=PS03520&tfcode=92039,19,777c6b899f079d036389f05e44bc9c19fad5853908424923b844f12d8cc28b88,2026-10-04,public-recipe-v1
RDA-91419,붕어단지곰,https://www.nics.go.kr/food/kfi/tfSrch08/view?menuId=PS03520&tfcode=91419,19,777c6b899f079d036389f05e44bc9c19fad5853908424923b844f12d8cc28b88,2026-10-04,public-recipe-v1
RDA-91092,비름나물,https://www.nics.go.kr/food/kfi/tfSrch08/view?menuId=PS03520&tfcode=91092,19,777c6b899f079d036389f05e44bc9c19fad5853908424923b844f12d8cc28b88,2026-10-04,public-recipe-v1
RDA-91768,비지밥,https://www.nics.go.kr/food/kfi/tfSrch08/view?menuId=PS03520&tfcode=91768,19,777c6b899f079d036389f05e44bc9c19fad5853908424923b844f12d8cc28b88,2026-10-04,public-recipe-v1
RDA-92449,비지밥,https://www.nics.go.kr/food/kfi/tfSrch08/view?menuId=PS03520&tfcode=92449,20,0d8198c3d009a033a0c9b93cb63d6d70bc2b6ef63cdd95af9d9e0113af639dd3,2026-10-04,public-recipe-v1
RDA-90669,빙사과,https://www.nics.go.kr/food/kfi/tfSrch08/view?menuId=PS03520&tfcode=90669,20,0d8198c3d009a033a0c9b93cb63d6d70bc2b6ef63cdd95af9d9e0113af639dd3,2026-10-04,public-recipe-v1
RDA-89511,빠람죽,https://www.nics.go.kr/food/kfi/tfSrch08/view?menuId=PS03520&tfcode=89511,20,0d8198c3d009a033a0c9b93cb63d6d70bc2b6ef63cdd95af9d9e0113af639dd3,2026-10-04,public-recipe-v1
RDA-90755,뼈다귀감자탕(감자탕),https://www.nics.go.kr/food/kfi/tfSrch08/view?menuId=PS03520&tfcode=90755,20,0d8198c3d009a033a0c9b93cb63d6d70bc2b6ef63cdd95af9d9e0113af639dd3,2026-10-04,public-recipe-v1
RDA-89675,뽕나무술(상지주),https://www.nics.go.kr/food/kfi/tfSrch08/view?menuId=PS03520&tfcode=89675,20,0d8198c3d009a033a0c9b93cb63d6d70bc2b6ef63cdd95af9d9e0113af639dd3,2026-10-04,public-recipe-v1
RDA-90976,뽕나물죽,https://www.nics.go.kr/food/kfi/tfSrch08/view?menuId=PS03520&tfcode=90976,20,0d8198c3d009a033a0c9b93cb63d6d70bc2b6ef63cdd95af9d9e0113af639dd3,2026-10-04,public-recipe-v1
RDA-90297,삘기송편,https://www.nics.go.kr/food/kfi/tfSrch08/view?menuId=PS03520&tfcode=90297,20,0d8198c3d009a033a0c9b93cb63d6d70bc2b6ef63cdd95af9d9e0113af639dd3,2026-10-04,public-recipe-v1
RDA-91071,사연지,https://www.nics.go.kr/food/kfi/tfSrch08/view?menuId=PS03520&tfcode=91071,20,0d8198c3d009a033a0c9b93cb63d6d70bc2b6ef63cdd95af9d9e0113af639dd3,2026-10-04,public-recipe-v1
RDA-91374,사찰국수(녹차칼국수),https://www.nics.go.kr/food/kfi/tfSrch08/view?menuId=PS03520&tfcode=91374,20,0d8198c3d009a033a0c9b93cb63d6d70bc2b6ef63cdd95af9d9e0113af639dd3,2026-10-04,public-recipe-v1
RDA-91093,산나물(묵나물),https://www.nics.go.kr/food/kfi/tfSrch08/view?menuId=PS03520&tfcode=91093,20,0d8198c3d009a033a0c9b93cb63d6d70bc2b6ef63cdd95af9d9e0113af639dd3,2026-10-04,public-recipe-v1
RDA-90313,산서산자,https://www.nics.go.kr/food/kfi/tfSrch08/view?menuId=PS03520&tfcode=90313,20,0d8198c3d009a033a0c9b93cb63d6d70bc2b6ef63cdd95af9d9e0113af639dd3,2026-10-04,public-recipe-v1
RDA-91769,산채밥 (산채나물밥),https://www.nics.go.kr/food/kfi/tfSrch08/view?menuId=PS03520&tfcode=91769,20,0d8198c3d009a033a0c9b93cb63d6d70bc2b6ef63cdd95af9d9e0113af639dd3,2026-10-04,public-recipe-v1
RDA-90611,산초장아찌,https://www.nics.go.kr/food/kfi/tfSrch08/view?menuId=PS03520&tfcode=90611,20,0d8198c3d009a033a0c9b93cb63d6d70bc2b6ef63cdd95af9d9e0113af639dd3,2026-10-04,public-recipe-v1
RDA-92319,산초장아찌,https://www.nics.go.kr/food/kfi/tfSrch08/view?menuId=PS03520&tfcode=92319,20,0d8198c3d009a033a0c9b93cb63d6d70bc2b6ef63cdd95af9d9e0113af639dd3,2026-10-04,public-recipe-v1
RDA-89770,산초장아찌,https://www.nics.go.kr/food/kfi/tfSrch08/view?menuId=PS03520&tfcode=89770,20,0d8198c3d009a033a0c9b93cb63d6d70bc2b6ef63cdd95af9d9e0113af639dd3,2026-10-04,public-recipe-v1
RDA-90279,산초장아찌,https://www.nics.go.kr/food/kfi/tfSrch08/view?menuId=PS03520&tfcode=90279,20,0d8198c3d009a033a0c9b93cb63d6d70bc2b6ef63cdd95af9d9e0113af639dd3,2026-10-04,public-recipe-v1
RDA-91228,산초장아찌,https://www.nics.go.kr/food/kfi/tfSrch08/view?menuId=PS03520&tfcode=91228,20,0d8198c3d009a033a0c9b93cb63d6d70bc2b6ef63cdd95af9d9e0113af639dd3,2026-10-04,public-recipe-v1
RDA-90073,"산초장아찌(초피장아찌, 제피썹지)",https://www.nics.go.kr/food/kfi/tfSrch08/view?menuId=PS03520&tfcode=90073,20,0d8198c3d009a033a0c9b93cb63d6d70bc2b6ef63cdd95af9d9e0113af639dd3,2026-10-04,public-recipe-v1
RDA-90589,산포,https://www.nics.go.kr/food/kfi/tfSrch08/view?menuId=PS03520&tfcode=90589,20,0d8198c3d009a033a0c9b93cb63d6d70bc2b6ef63cdd95af9d9e0113af639dd3,2026-10-04,public-recipe-v1
RDA-90325,삼계쌀엿,https://www.nics.go.kr/food/kfi/tfSrch08/view?menuId=PS03520&tfcode=90325,20,0d8198c3d009a033a0c9b93cb63d6d70bc2b6ef63cdd95af9d9e0113af639dd3,2026-10-04,public-recipe-v1
RDA-92040,삼지구엽초주(선령비주),https://www.nics.go.kr/food/kfi/tfSrch08/view?menuId=PS03520&tfcode=92040,20,0d8198c3d009a033a0c9b93cb63d6d70bc2b6ef63cdd95af9d9e0113af639dd3,2026-10-04,public-recipe-v1
RDA-90333,삼해주,https://www.nics.go.kr/food/kfi/tfSrch08/view?menuId=PS03520&tfcode=90333,20,0d8198c3d009a033a0c9b93cb63d6d70bc2b6ef63cdd95af9d9e0113af639dd3,2026-10-04,public-recipe-v1
RDA-90713,삼해주,https://www.nics.go.kr/food/kfi/tfSrch08/view?menuId=PS03520&tfcode=90713,20,0d8198c3d009a033a0c9b93cb63d6d70bc2b6ef63cdd95af9d9e0113af639dd3,2026-10-04,public-recipe-v1
RDA-92436,삼해주,https://www.nics.go.kr/food/kfi/tfSrch08/view?menuId=PS03520&tfcode=92436,20,0d8198c3d009a033a0c9b93cb63d6d70bc2b6ef63cdd95af9d9e0113af639dd3,2026-10-04,public-recipe-v1
RDA-92575,상동술(삼동술),https://www.nics.go.kr/food/kfi/tfSrch08/view?menuId=PS03520&tfcode=92575,20,0d8198c3d009a033a0c9b93cb63d6d70bc2b6ef63cdd95af9d9e0113af639dd3,2026-10-04,public-recipe-v1
RDA-91421,상사리국,https://www.nics.go.kr/food/kfi/tfSrch08/view?menuId=PS03520&tfcode=91421,20,0d8198c3d009a033a0c9b93cb63d6d70bc2b6ef63cdd95af9d9e0113af639dd3,2026-10-04,public-recipe-v1
RDA-91139,상어산적(돔배기산적),https://www.nics.go.kr/food/kfi/tfSrch08/view?menuId=PS03520&tfcode=91139,20,0d8198c3d009a033a0c9b93cb63d6d70bc2b6ef63cdd95af9d9e0113af639dd3,2026-10-04,public-recipe-v1
RDA-90024,상어산적(상어적갈),https://www.nics.go.kr/food/kfi/tfSrch08/view?menuId=PS03520&tfcode=90024,20,0d8198c3d009a033a0c9b93cb63d6d70bc2b6ef63cdd95af9d9e0113af639dd3,2026-10-04,public-recipe-v1
RDA-90103,"상화(상외떡, 상애떡)<방법2>",https://www.nics.go.kr/food/kfi/tfSrch08/view?menuId=PS03520&tfcode=90103,20,0d8198c3d009a033a0c9b93cb63d6d70bc2b6ef63cdd95af9d9e0113af639dd3,2026-10-04,public-recipe-v1
RDA-92722,새미떡,https://www.nics.go.kr/food/kfi/tfSrch08/view?menuId=PS03520&tfcode=92722,20,0d8198c3d009a033a0c9b93cb63d6d70bc2b6ef63cdd95af9d9e0113af639dd3,2026-10-04,public-recipe-v1
RDA-90261,생강잎부각,https://www.nics.go.kr/food/kfi/tfSrch08/view?menuId=PS03520&tfcode=90261,20,0d8198c3d009a033a0c9b93cb63d6d70bc2b6ef63cdd95af9d9e0113af639dd3,2026-10-04,public-recipe-v1
RDA-90675,생란,https://www.nics.go.kr/food/kfi/tfSrch08/view?menuId=PS03520&tfcode=90675,20,0d8198c3d009a033a0c9b93cb63d6d70bc2b6ef63cdd95af9d9e0113af639dd3,2026-10-04,public-recipe-v1
RDA-92651,생표고버섯양념구이(날초기양념구이),https://www.nics.go.kr/food/kfi/tfSrch08/view?menuId=PS03520&tfcode=92651,20,0d8198c3d009a033a0c9b93cb63d6d70bc2b6ef63cdd95af9d9e0113af639dd3,2026-10-04,public-recipe-v1
RDA-90152,생합죽,https://www.nics.go.kr/food/kfi/tfSrch08/view?menuId=PS03520&tfcode=90152,20,0d8198c3d009a033a0c9b93cb63d6d70bc2b6ef63cdd95af9d9e0113af639dd3,2026-10-04,public-recipe-v1
RDA-91938,서거리식해,https://www.nics.go.kr/food/kfi/tfSrch08/view?menuId=PS03520&tfcode=91938,20,0d8198c3d009a033a0c9b93cb63d6d70bc2b6ef63cdd95af9d9e0113af639dd3,2026-10-04,public-recipe-v1
RDA-91939,서거리젓,https://www.nics.go.kr/food/kfi/tfSrch08/view?menuId=PS03520&tfcode=91939,20,0d8198c3d009a033a0c9b93cb63d6d70bc2b6ef63cdd95af9d9e0113af639dd3,2026-10-04,public-recipe-v1
RDA-89758,서대찌개,https://www.nics.go.kr/food/kfi/tfSrch08/view?menuId=PS03520&tfcode=89758,20,0d8198c3d009a033a0c9b93cb63d6d70bc2b6ef63cdd95af9d9e0113af639dd3,2026-10-04,public-recipe-v1
RDA-90469,석류김치,https://www.nics.go.kr/food/kfi/tfSrch08/view?menuId=PS03520&tfcode=90469,20,0d8198c3d009a033a0c9b93cb63d6d70bc2b6ef63cdd95af9d9e0113af639dd3,2026-10-04,public-recipe-v1
RDA-90655,석탄병,https://www.nics.go.kr/food/kfi/tfSrch08/view?menuId=PS03520&tfcode=90655,20,0d8198c3d009a033a0c9b93cb63d6d70bc2b6ef63cdd95af9d9e0113af639dd3,2026-10-04,public-recipe-v1
RDA-89669,섭산삼,https://www.nics.go.kr/food/kfi/tfSrch08/view?menuId=PS03520&tfcode=89669,20,0d8198c3d009a033a0c9b93cb63d6d70bc2b6ef63cdd95af9d9e0113af639dd3,2026-10-04,public-recipe-v1
RDA-89975,성게냉국,https://www.nics.go.kr/food/kfi/tfSrch08/view?menuId=PS03520&tfcode=89975,20,0d8198c3d009a033a0c9b93cb63d6d70bc2b6ef63cdd95af9d9e0113af639dd3,2026-10-04,public-recipe-v1
RDA-90085,성게젓(구살젓),https://www.nics.go.kr/food/kfi/tfSrch08/view?menuId=PS03520&tfcode=90085,20,0d8198c3d009a033a0c9b93cb63d6d70bc2b6ef63cdd95af9d9e0113af639dd3,2026-10-04,public-recipe-v1
RDA-91205,소껍질무침,https://www.nics.go.kr/food/kfi/tfSrch08/view?menuId=PS03520&tfcode=91205,20,0d8198c3d009a033a0c9b93cb63d6d70bc2b6ef63cdd95af9d9e0113af639dd3,2026-10-04,public-recipe-v1
RDA-91140,소라산적,https://www.nics.go.kr/food/kfi/tfSrch08/view?menuId=PS03520&tfcode=91140,20,0d8198c3d009a033a0c9b93cb63d6d70bc2b6ef63cdd95af9d9e0113af639dd3,2026-10-04,public-recipe-v1
RDA-91786,소루쟁이나물죽,https://www.nics.go.kr/food/kfi/tfSrch08/view?menuId=PS03520&tfcode=91786,20,0d8198c3d009a033a0c9b93cb63d6d70bc2b6ef63cdd95af9d9e0113af639dd3,2026-10-04,public-recipe-v1
RDA-90420,소루쟁이토장국,https://www.nics.go.kr/food/kfi/tfSrch08/view?menuId=PS03520&tfcode=90420,20,0d8198c3d009a033a0c9b93cb63d6d70bc2b6ef63cdd95af9d9e0113af639dd3,2026-10-04,public-recipe-v1
RDA-91355,소양죽,https://www.nics.go.kr/food/kfi/tfSrch08/view?menuId=PS03520&tfcode=91355,20,0d8198c3d009a033a0c9b93cb63d6d70bc2b6ef63cdd95af9d9e0113af639dd3,2026-10-04,public-recipe-v1
RDA-90375,속미음,https://www.nics.go.kr/food/kfi/tfSrch08/view?menuId=PS03520&tfcode=90375,20,0d8198c3d009a033a0c9b93cb63d6d70bc2b6ef63cdd95af9d9e0113af639dd3,2026-10-04,public-recipe-v1
RDA-92612,속새김치,https://www.nics.go.kr/food/kfi/tfSrch08/view?menuId=PS03520&tfcode=92612,20,0d8198c3d009a033a0c9b93cb63d6d70bc2b6ef63cdd95af9d9e0113af639dd3,2026-10-04,public-recipe-v1
RDA-90656,솔방울떡,https://www.nics.go.kr/food/kfi/tfSrch08/view?menuId=PS03520&tfcode=90656,20,0d8198c3d009a033a0c9b93cb63d6d70bc2b6ef63cdd95af9d9e0113af639dd3,2026-10-04,public-recipe-v1
RDA-92723,솔변(반착곤떡),https://www.nics.go.kr/food/kfi/tfSrch08/view?menuId=PS03520&tfcode=92723,20,0d8198c3d009a033a0c9b93cb63d6d70bc2b6ef63cdd95af9d9e0113af639dd3,2026-10-04,public-recipe-v1
RDA-90130,송순주,https://www.nics.go.kr/food/kfi/tfSrch08/view?menuId=PS03520&tfcode=90130,20,0d8198c3d009a033a0c9b93cb63d6d70bc2b6ef63cdd95af9d9e0113af639dd3,2026-10-04,public-recipe-v1
RDA-90334,송순주,https://www.nics.go.kr/food/kfi/tfSrch08/view?menuId=PS03520&tfcode=90334,20,0d8198c3d009a033a0c9b93cb63d6d70bc2b6ef63cdd95af9d9e0113af639dd3,2026-10-04,public-recipe-v1
RDA-89899,송순주,https://www.nics.go.kr/food/kfi/tfSrch08/view?menuId=PS03520&tfcode=89899,20,0d8198c3d009a033a0c9b93cb63d6d70bc2b6ef63cdd95af9d9e0113af639dd3,2026-10-04,public-recipe-v1
RDA-91870,송이구이,https://www.nics.go.kr/food/kfi/tfSrch08/view?menuId=PS03520&tfcode=91870,20,0d8198c3d009a033a0c9b93cb63d6d70bc2b6ef63cdd95af9d9e0113af639dd3,2026-10-04,public-recipe-v1
RDA-91356,송이닭죽,https://www.nics.go.kr/food/kfi/tfSrch08/view?menuId=PS03520&tfcode=91356,20,0d8198c3d009a033a0c9b93cb63d6d70bc2b6ef63cdd95af9d9e0113af639dd3,2026-10-04,public-recipe-v1
RDA-91116,송이장조림,https://www.nics.go.kr/food/kfi/tfSrch08/view?menuId=PS03520&tfcode=91116,20,0d8198c3d009a033a0c9b93cb63d6d70bc2b6ef63cdd95af9d9e0113af639dd3,2026-10-04,public-recipe-v1
RDA-90714,송절주,https://www.nics.go.kr/food/kfi/tfSrch08/view?menuId=PS03520&tfcode=90714,20,0d8198c3d009a033a0c9b93cb63d6d70bc2b6ef63cdd95af9d9e0113af639dd3,2026-10-04,public-recipe-v1
RDA-90715,송포토속주,https://www.nics.go.kr/food/kfi/tfSrch08/view?menuId=PS03520&tfcode=90715,20,0d8198c3d009a033a0c9b93cb63d6d70bc2b6ef63cdd95af9d9e0113af639dd3,2026-10-04,public-recipe-v1
RDA-90335,송화주(점주),https://www.nics.go.kr/food/kfi/tfSrch08/view?menuId=PS03520&tfcode=90335,20,0d8198c3d009a033a0c9b93cb63d6d70bc2b6ef63cdd95af9d9e0113af639dd3,2026-10-04,public-recipe-v1
RDA-90777,쇠고기전골,https://www.nics.go.kr/food/kfi/tfSrch08/view?menuId=PS03520&tfcode=90777,20,0d8198c3d009a033a0c9b93cb63d6d70bc2b6ef63cdd95af9d9e0113af639dd3,2026-10-04,public-recipe-v1
RDA-91328,쇠미역밥(곰피밥),https://www.nics.go.kr/food/kfi/tfSrch08/view?menuId=PS03520&tfcode=91328,20,0d8198c3d009a033a0c9b93cb63d6d70bc2b6ef63cdd95af9d9e0113af639dd3,2026-10-04,public-recipe-v1
RDA-89976,쇠젖살국(쇠숭국),https://www.nics.go.kr/food/kfi/tfSrch08/view?menuId=PS03520&tfcode=89976,20,0d8198c3d009a033a0c9b93cb63d6d70bc2b6ef63cdd95af9d9e0113af639dd3,2026-10-04,public-recipe-v1
RDA-91984,수리취떡,https://www.nics.go.kr/food/kfi/tfSrch08/view?menuId=PS03520&tfcode=91984,20,0d8198c3d009a033a0c9b93cb63d6d70bc2b6ef63cdd95af9d9e0113af639dd3,2026-10-04,public-recipe-v1
RDA-91742,수문탕,https://www.nics.go.kr/food/kfi/tfSrch08/view?menuId=PS03520&tfcode=91742,20,0d8198c3d009a033a0c9b93cb63d6d70bc2b6ef63cdd95af9d9e0113af639dd3,2026-10-04,public-recipe-v1
RDA-89638,수수벙거지,https://www.nics.go.kr/food/kfi/tfSrch08/view?menuId=PS03520&tfcode=89638,20,0d8198c3d009a033a0c9b93cb63d6d70bc2b6ef63cdd95af9d9e0113af639dd3,2026-10-04,public-recipe-v1
RDA-89636,수수부꾸미 <방법1>,https://www.nics.go.kr/food/kfi/tfSrch08/view?menuId=PS03520&tfcode=89636,20,0d8198c3d009a033a0c9b93cb63d6d70bc2b6ef63cdd95af9d9e0113af639dd3,2026-10-04,public-recipe-v1
RDA-91268,수수옴팡떡,https://www.nics.go.kr/food/kfi/tfSrch08/view?menuId=PS03520&tfcode=91268,20,0d8198c3d009a033a0c9b93cb63d6d70bc2b6ef63cdd95af9d9e0113af639dd3,2026-10-04,public-recipe-v1
RDA-90658,"수수옴팡떡(수수벙거지,수수도가니)",https://www.nics.go.kr/food/kfi/tfSrch08/view?menuId=PS03520&tfcode=90658,20,0d8198c3d009a033a0c9b93cb63d6d70bc2b6ef63cdd95af9d9e0113af639dd3,2026-10-04,public-recipe-v1
RDA-90362,수수푸레기,https://www.nics.go.kr/food/kfi/tfSrch08/view?menuId=PS03520&tfcode=90362,20,0d8198c3d009a033a0c9b93cb63d6d70bc2b6ef63cdd95af9d9e0113af639dd3,2026-10-04,public-recipe-v1
RDA-90739,수제비,https://www.nics.go.kr/food/kfi/tfSrch08/view?menuId=PS03520&tfcode=90739,21,1d4c079d078f9cc06011e83ccc3f87c08935a15bf166e66decfab056dd50a8dc,2026-10-04,public-recipe-v1
RDA-91074,숙김치(술김치),https://www.nics.go.kr/food/kfi/tfSrch08/view?menuId=PS03520&tfcode=91074,21,1d4c079d078f9cc06011e83ccc3f87c08935a15bf166e66decfab056dd50a8dc,2026-10-04,public-recipe-v1
RDA-92684,숙복,https://www.nics.go.kr/food/kfi/tfSrch08/view?menuId=PS03520&tfcode=92684,21,1d4c079d078f9cc06011e83ccc3f87c08935a15bf166e66decfab056dd50a8dc,2026-10-04,public-recipe-v1
RDA-92483,순무짠지,https://www.nics.go.kr/food/kfi/tfSrch08/view?menuId=PS03520&tfcode=92483,21,1d4c079d078f9cc06011e83ccc3f87c08935a15bf166e66decfab056dd50a8dc,2026-10-04,public-recipe-v1
RDA-91987,순채떡,https://www.nics.go.kr/food/kfi/tfSrch08/view?menuId=PS03520&tfcode=91987,21,1d4c079d078f9cc06011e83ccc3f87c08935a15bf166e66decfab056dd50a8dc,2026-10-04,public-recipe-v1
RDA-89671,순채효소차,https://www.nics.go.kr/food/kfi/tfSrch08/view?menuId=PS03520&tfcode=89671,21,1d4c079d078f9cc06011e83ccc3f87c08935a15bf166e66decfab056dd50a8dc,2026-10-04,public-recipe-v1
RDA-92251,숭어새끼젓(모치젓),https://www.nics.go.kr/food/kfi/tfSrch08/view?menuId=PS03520&tfcode=92251,21,1d4c079d078f9cc06011e83ccc3f87c08935a15bf166e66decfab056dd50a8dc,2026-10-04,public-recipe-v1
RDA-90121,쉰달이(보리쉰달이),https://www.nics.go.kr/food/kfi/tfSrch08/view?menuId=PS03520&tfcode=90121,21,1d4c079d078f9cc06011e83ccc3f87c08935a15bf166e66decfab056dd50a8dc,2026-10-04,public-recipe-v1
RDA-91963,승검초잎떡(당귀잎떡),https://www.nics.go.kr/food/kfi/tfSrch08/view?menuId=PS03520&tfcode=91963,21,1d4c079d078f9cc06011e83ccc3f87c08935a15bf166e66decfab056dd50a8dc,2026-10-04,public-recipe-v1
RDA-89640,승검초편(당귀편),https://www.nics.go.kr/food/kfi/tfSrch08/view?menuId=PS03520&tfcode=89640,21,1d4c079d078f9cc06011e83ccc3f87c08935a15bf166e66decfab056dd50a8dc,2026-10-04,public-recipe-v1
RDA-91757,시금장(개떡장),https://www.nics.go.kr/food/kfi/tfSrch08/view?menuId=PS03520&tfcode=91757,21,1d4c079d078f9cc06011e83ccc3f87c08935a15bf166e66decfab056dd50a8dc,2026-10-04,public-recipe-v1
RDA-91325,시금장(등겨장),https://www.nics.go.kr/food/kfi/tfSrch08/view?menuId=PS03520&tfcode=91325,21,1d4c079d078f9cc06011e83ccc3f87c08935a15bf166e66decfab056dd50a8dc,2026-10-04,public-recipe-v1
RDA-89772,시금치국물김치,https://www.nics.go.kr/food/kfi/tfSrch08/view?menuId=PS03520&tfcode=89772,21,1d4c079d078f9cc06011e83ccc3f87c08935a15bf166e66decfab056dd50a8dc,2026-10-04,public-recipe-v1
RDA-89566,시금치김치,https://www.nics.go.kr/food/kfi/tfSrch08/view?menuId=PS03520&tfcode=89566,21,1d4c079d078f9cc06011e83ccc3f87c08935a15bf166e66decfab056dd50a8dc,2026-10-04,public-recipe-v1
RDA-90122,시로미차(시러미차),https://www.nics.go.kr/food/kfi/tfSrch08/view?menuId=PS03520&tfcode=90122,21,1d4c079d078f9cc06011e83ccc3f87c08935a15bf166e66decfab056dd50a8dc,2026-10-04,public-recipe-v1
RDA-91686,시어,https://www.nics.go.kr/food/kfi/tfSrch08/view?menuId=PS03520&tfcode=91686,21,1d4c079d078f9cc06011e83ccc3f87c08935a15bf166e66decfab056dd50a8dc,2026-10-04,public-recipe-v1
RDA-92390,식혜,https://www.nics.go.kr/food/kfi/tfSrch08/view?menuId=PS03520&tfcode=92390,21,1d4c079d078f9cc06011e83ccc3f87c08935a15bf166e66decfab056dd50a8dc,2026-10-04,public-recipe-v1
RDA-90202,싱건지,https://www.nics.go.kr/food/kfi/tfSrch08/view?menuId=PS03520&tfcode=90202,21,1d4c079d078f9cc06011e83ccc3f87c08935a15bf166e66decfab056dd50a8dc,2026-10-04,public-recipe-v1
RDA-92493,쏙국(설게국),https://www.nics.go.kr/food/kfi/tfSrch08/view?menuId=PS03520&tfcode=92493,21,1d4c079d078f9cc06011e83ccc3f87c08935a15bf166e66decfab056dd50a8dc,2026-10-04,public-recipe-v1
RDA-92501,쏙떡(설게떡),https://www.nics.go.kr/food/kfi/tfSrch08/view?menuId=PS03520&tfcode=92501,21,1d4c079d078f9cc06011e83ccc3f87c08935a15bf166e66decfab056dd50a8dc,2026-10-04,public-recipe-v1
RDA-89823,쏙무젓(설게무젓),https://www.nics.go.kr/food/kfi/tfSrch08/view?menuId=PS03520&tfcode=89823,21,1d4c079d078f9cc06011e83ccc3f87c08935a15bf166e66decfab056dd50a8dc,2026-10-04,public-recipe-v1
RDA-89849,쏙장(설게장),https://www.nics.go.kr/food/kfi/tfSrch08/view?menuId=PS03520&tfcode=89849,21,1d4c079d078f9cc06011e83ccc3f87c08935a15bf166e66decfab056dd50a8dc,2026-10-04,public-recipe-v1
RDA-89814,쏙찜(설게찜),https://www.nics.go.kr/food/kfi/tfSrch08/view?menuId=PS03520&tfcode=89814,21,1d4c079d078f9cc06011e83ccc3f87c08935a15bf166e66decfab056dd50a8dc,2026-10-04,public-recipe-v1
RDA-91043,쑥갓채(깻국),https://www.nics.go.kr/food/kfi/tfSrch08/view?menuId=PS03520&tfcode=91043,21,1d4c079d078f9cc06011e83ccc3f87c08935a15bf166e66decfab056dd50a8dc,2026-10-04,public-recipe-v1
RDA-91271,쑥구리,https://www.nics.go.kr/food/kfi/tfSrch08/view?menuId=PS03520&tfcode=91271,21,1d4c079d078f9cc06011e83ccc3f87c08935a15bf166e66decfab056dd50a8dc,2026-10-04,public-recipe-v1
RDA-92485,쑥굴레,https://www.nics.go.kr/food/kfi/tfSrch08/view?menuId=PS03520&tfcode=92485,21,1d4c079d078f9cc06011e83ccc3f87c08935a15bf166e66decfab056dd50a8dc,2026-10-04,public-recipe-v1
RDA-92740,쑥부쟁이나물(부지깽이나물),https://www.nics.go.kr/food/kfi/tfSrch08/view?menuId=PS03520&tfcode=92740,21,1d4c079d078f9cc06011e83ccc3f87c08935a15bf166e66decfab056dd50a8dc,2026-10-04,public-recipe-v1
RDA-92638,쑥부쟁이부각(부지깽이부각),https://www.nics.go.kr/food/kfi/tfSrch08/view?menuId=PS03520&tfcode=92638,21,1d4c079d078f9cc06011e83ccc3f87c08935a15bf166e66decfab056dd50a8dc,2026-10-04,public-recipe-v1
RDA-92080,쑥새알콩죽,https://www.nics.go.kr/food/kfi/tfSrch08/view?menuId=PS03520&tfcode=92080,21,1d4c079d078f9cc06011e83ccc3f87c08935a15bf166e66decfab056dd50a8dc,2026-10-04,public-recipe-v1
RDA-91274,쑥털털이,https://www.nics.go.kr/food/kfi/tfSrch08/view?menuId=PS03520&tfcode=91274,21,1d4c079d078f9cc06011e83ccc3f87c08935a15bf166e66decfab056dd50a8dc,2026-10-04,public-recipe-v1
RDA-92218,아카시아부각,https://www.nics.go.kr/food/kfi/tfSrch08/view?menuId=PS03520&tfcode=92218,21,1d4c079d078f9cc06011e83ccc3f87c08935a15bf166e66decfab056dd50a8dc,2026-10-04,public-recipe-v1
RDA-91106,안동간고등어구이,https://www.nics.go.kr/food/kfi/tfSrch08/view?menuId=PS03520&tfcode=91106,21,1d4c079d078f9cc06011e83ccc3f87c08935a15bf166e66decfab056dd50a8dc,2026-10-04,public-recipe-v1
RDA-91167,안동찜닭,https://www.nics.go.kr/food/kfi/tfSrch08/view?menuId=PS03520&tfcode=91167,21,1d4c079d078f9cc06011e83ccc3f87c08935a15bf166e66decfab056dd50a8dc,2026-10-04,public-recipe-v1
RDA-90590,암치포무침,https://www.nics.go.kr/food/kfi/tfSrch08/view?menuId=PS03520&tfcode=90590,21,1d4c079d078f9cc06011e83ccc3f87c08935a15bf166e66decfab056dd50a8dc,2026-10-04,public-recipe-v1
RDA-90315,약과,https://www.nics.go.kr/food/kfi/tfSrch08/view?menuId=PS03520&tfcode=90315,21,1d4c079d078f9cc06011e83ccc3f87c08935a15bf166e66decfab056dd50a8dc,2026-10-04,public-recipe-v1
RDA-91643,약대구,https://www.nics.go.kr/food/kfi/tfSrch08/view?menuId=PS03520&tfcode=91643,21,1d4c079d078f9cc06011e83ccc3f87c08935a15bf166e66decfab056dd50a8dc,2026-10-04,public-recipe-v1
RDA-90591,약포,https://www.nics.go.kr/food/kfi/tfSrch08/view?menuId=PS03520&tfcode=90591,21,1d4c079d078f9cc06011e83ccc3f87c08935a15bf166e66decfab056dd50a8dc,2026-10-04,public-recipe-v1
RDA-90499,양구이,https://www.nics.go.kr/food/kfi/tfSrch08/view?menuId=PS03520&tfcode=90499,21,1d4c079d078f9cc06011e83ccc3f87c08935a15bf166e66decfab056dd50a8dc,2026-10-04,public-recipe-v1
RDA-90700,양평가마솥칡청,https://www.nics.go.kr/food/kfi/tfSrch08/view?menuId=PS03520&tfcode=90700,21,1d4c079d078f9cc06011e83ccc3f87c08935a15bf166e66decfab056dd50a8dc,2026-10-04,public-recipe-v1
RDA-89978,"양하국(양애국, 양하꽃대국, 양애깐국)",https://www.nics.go.kr/food/kfi/tfSrch08/view?menuId=PS03520&tfcode=89978,21,1d4c079d078f9cc06011e83ccc3f87c08935a15bf166e66decfab056dd50a8dc,2026-10-04,public-recipe-v1
RDA-92162,양하나물(양해나물),https://www.nics.go.kr/food/kfi/tfSrch08/view?menuId=PS03520&tfcode=92162,21,1d4c079d078f9cc06011e83ccc3f87c08935a15bf166e66decfab056dd50a8dc,2026-10-04,public-recipe-v1
RDA-90239,양하산적(양애산적),https://www.nics.go.kr/food/kfi/tfSrch08/view?menuId=PS03520&tfcode=90239,21,1d4c079d078f9cc06011e83ccc3f87c08935a15bf166e66decfab056dd50a8dc,2026-10-04,public-recipe-v1
RDA-92611,양하순국(양애순국),https://www.nics.go.kr/food/kfi/tfSrch08/view?menuId=PS03520&tfcode=92611,21,1d4c079d078f9cc06011e83ccc3f87c08935a15bf166e66decfab056dd50a8dc,2026-10-04,public-recipe-v1
RDA-91667,양하장아찌,https://www.nics.go.kr/food/kfi/tfSrch08/view?menuId=PS03520&tfcode=91667,21,1d4c079d078f9cc06011e83ccc3f87c08935a15bf166e66decfab056dd50a8dc,2026-10-04,public-recipe-v1
RDA-90240,양하전,https://www.nics.go.kr/food/kfi/tfSrch08/view?menuId=PS03520&tfcode=90240,21,1d4c079d078f9cc06011e83ccc3f87c08935a15bf166e66decfab056dd50a8dc,2026-10-04,public-recipe-v1
RDA-90180,양하탕,https://www.nics.go.kr/food/kfi/tfSrch08/view?menuId=PS03520&tfcode=90180,21,1d4c079d078f9cc06011e83ccc3f87c08935a15bf166e66decfab056dd50a8dc,2026-10-04,public-recipe-v1
RDA-90621,어리굴젓,https://www.nics.go.kr/food/kfi/tfSrch08/view?menuId=PS03520&tfcode=90621,21,1d4c079d078f9cc06011e83ccc3f87c08935a15bf166e66decfab056dd50a8dc,2026-10-04,public-recipe-v1
RDA-92599,어산적,https://www.nics.go.kr/food/kfi/tfSrch08/view?menuId=PS03520&tfcode=92599,21,1d4c079d078f9cc06011e83ccc3f87c08935a15bf166e66decfab056dd50a8dc,2026-10-04,public-recipe-v1
RDA-90614,언무장아찌,https://www.nics.go.kr/food/kfi/tfSrch08/view?menuId=PS03520&tfcode=90614,21,1d4c079d078f9cc06011e83ccc3f87c08935a15bf166e66decfab056dd50a8dc,2026-10-04,public-recipe-v1
RDA-91467,얼갈이반김치(얼갈이김치),https://www.nics.go.kr/food/kfi/tfSrch08/view?menuId=PS03520&tfcode=91467,21,1d4c079d078f9cc06011e83ccc3f87c08935a15bf166e66decfab056dd50a8dc,2026-10-04,public-recipe-v1
RDA-91141,엄나물전,https://www.nics.go.kr/food/kfi/tfSrch08/view?menuId=PS03520&tfcode=91141,21,1d4c079d078f9cc06011e83ccc3f87c08935a15bf166e66decfab056dd50a8dc,2026-10-04,public-recipe-v1
RDA-90075,엉겅퀴뿌리장아찌(소앵이장아찌),https://www.nics.go.kr/food/kfi/tfSrch08/view?menuId=PS03520&tfcode=90075,21,1d4c079d078f9cc06011e83ccc3f87c08935a15bf166e66decfab056dd50a8dc,2026-10-04,public-recipe-v1
RDA-91743,엉겅퀴식혜(엉겅퀴단술),https://www.nics.go.kr/food/kfi/tfSrch08/view?menuId=PS03520&tfcode=91743,21,1d4c079d078f9cc06011e83ccc3f87c08935a15bf166e66decfab056dd50a8dc,2026-10-04,public-recipe-v1
RDA-91044,엉겅퀴해장국,https://www.nics.go.kr/food/kfi/tfSrch08/view?menuId=PS03520&tfcode=91044,21,1d4c079d078f9cc06011e83ccc3f87c08935a15bf166e66decfab056dd50a8dc,2026-10-04,public-recipe-v1
RDA-92521,연사자반,https://www.nics.go.kr/food/kfi/tfSrch08/view?menuId=PS03520&tfcode=92521,21,1d4c079d078f9cc06011e83ccc3f87c08935a15bf166e66decfab056dd50a8dc,2026-10-04,public-recipe-v1
RDA-92032,연엽식혜(연엽주),https://www.nics.go.kr/food/kfi/tfSrch08/view?menuId=PS03520&tfcode=92032,21,1d4c079d078f9cc06011e83ccc3f87c08935a15bf166e66decfab056dd50a8dc,2026-10-04,public-recipe-v1
RDA-89702,연자죽,https://www.nics.go.kr/food/kfi/tfSrch08/view?menuId=PS03520&tfcode=89702,21,1d4c079d078f9cc06011e83ccc3f87c08935a15bf166e66decfab056dd50a8dc,2026-10-04,public-recipe-v1
RDA-90622,연평도조기젓,https://www.nics.go.kr/food/kfi/tfSrch08/view?menuId=PS03520&tfcode=90622,21,1d4c079d078f9cc06011e83ccc3f87c08935a15bf166e66decfab056dd50a8dc,2026-10-04,public-recipe-v1
RDA-92691,염통구이,https://www.nics.go.kr/food/kfi/tfSrch08/view?menuId=PS03520&tfcode=92691,21,1d4c079d078f9cc06011e83ccc3f87c08935a15bf166e66decfab056dd50a8dc,2026-10-04,public-recipe-v1
RDA-92252,엽삭젓(전어젓),https://www.nics.go.kr/food/kfi/tfSrch08/view?menuId=PS03520&tfcode=92252,21,1d4c079d078f9cc06011e83ccc3f87c08935a15bf166e66decfab056dd50a8dc,2026-10-04,public-recipe-v1
RDA-91991,영동풍신떡,https://www.nics.go.kr/food/kfi/tfSrch08/view?menuId=PS03520&tfcode=91991,21,1d4c079d078f9cc06011e83ccc3f87c08935a15bf166e66decfab056dd50a8dc,2026-10-04,public-recipe-v1
RDA-91002,영양콩국수,https://www.nics.go.kr/food/kfi/tfSrch08/view?menuId=PS03520&tfcode=91002,21,1d4c079d078f9cc06011e83ccc3f87c08935a15bf166e66decfab056dd50a8dc,2026-10-04,public-recipe-v1
RDA-90131,오가피주(오가피술),https://www.nics.go.kr/food/kfi/tfSrch08/view?menuId=PS03520&tfcode=90131,21,1d4c079d078f9cc06011e83ccc3f87c08935a15bf166e66decfab056dd50a8dc,2026-10-04,public-recipe-v1
RDA-91992,오매두떡,https://www.nics.go.kr/food/kfi/tfSrch08/view?menuId=PS03520&tfcode=91992,21,1d4c079d078f9cc06011e83ccc3f87c08935a15bf166e66decfab056dd50a8dc,2026-10-04,public-recipe-v1
RDA-91744,"오매차(여지장, 여지탕)",https://www.nics.go.kr/food/kfi/tfSrch08/view?menuId=PS03520&tfcode=91744,21,1d4c079d078f9cc06011e83ccc3f87c08935a15bf166e66decfab056dd50a8dc,2026-10-04,public-recipe-v1
RDA-92728,오메기소주(고소리술),https://www.nics.go.kr/food/kfi/tfSrch08/view?menuId=PS03520&tfcode=92728,21,1d4c079d078f9cc06011e83ccc3f87c08935a15bf166e66decfab056dd50a8dc,2026-10-04,public-recipe-v1
RDA-90045,오분자기찜,https://www.nics.go.kr/food/kfi/tfSrch08/view?menuId=PS03520&tfcode=90045,21,1d4c079d078f9cc06011e83ccc3f87c08935a15bf166e66decfab056dd50a8dc,2026-10-04,public-recipe-v1
RDA-92729,오합주,https://www.nics.go.kr/food/kfi/tfSrch08/view?menuId=PS03520&tfcode=92729,21,1d4c079d078f9cc06011e83ccc3f87c08935a15bf166e66decfab056dd50a8dc,2026-10-04,public-recipe-v1
RDA-92044,옥로주,https://www.nics.go.kr/food/kfi/tfSrch08/view?menuId=PS03520&tfcode=92044,21,1d4c079d078f9cc06011e83ccc3f87c08935a15bf166e66decfab056dd50a8dc,2026-10-04,public-recipe-v1
RDA-90716,옥미주,https://www.nics.go.kr/food/kfi/tfSrch08/view?menuId=PS03520&tfcode=90716,21,1d4c079d078f9cc06011e83ccc3f87c08935a15bf166e66decfab056dd50a8dc,2026-10-04,public-recipe-v1
RDA-92025,옥수수엿(황골엿),https://www.nics.go.kr/food/kfi/tfSrch08/view?menuId=PS03520&tfcode=92025,22,f60004151d32ba6cb18df8ecd7b1735e5e7576f7aa5e446771d27e55781e0fe8,2026-10-04,public-recipe-v1
RDA-91790,옥수수풀떼죽,https://www.nics.go.kr/food/kfi/tfSrch08/view?menuId=PS03520&tfcode=91790,22,f60004151d32ba6cb18df8ecd7b1735e5e7576f7aa5e446771d27e55781e0fe8,2026-10-04,public-recipe-v1
RDA-92046,옥향주,https://www.nics.go.kr/food/kfi/tfSrch08/view?menuId=PS03520&tfcode=92046,22,f60004151d32ba6cb18df8ecd7b1735e5e7576f7aa5e446771d27e55781e0fe8,2026-10-04,public-recipe-v1
RDA-90604,올방개묵,https://www.nics.go.kr/food/kfi/tfSrch08/view?menuId=PS03520&tfcode=90604,22,f60004151d32ba6cb18df8ecd7b1735e5e7576f7aa5e446771d27e55781e0fe8,2026-10-04,public-recipe-v1
RDA-89693,올벼밥(찌갱이밥),https://www.nics.go.kr/food/kfi/tfSrch08/view?menuId=PS03520&tfcode=89693,22,f60004151d32ba6cb18df8ecd7b1735e5e7576f7aa5e446771d27e55781e0fe8,2026-10-04,public-recipe-v1
RDA-90218,옻나무순무침,https://www.nics.go.kr/food/kfi/tfSrch08/view?menuId=PS03520&tfcode=90218,22,f60004151d32ba6cb18df8ecd7b1735e5e7576f7aa5e446771d27e55781e0fe8,2026-10-04,public-recipe-v1
RDA-91431,와송들깨국(지부들깨국),https://www.nics.go.kr/food/kfi/tfSrch08/view?menuId=PS03520&tfcode=91431,22,f60004151d32ba6cb18df8ecd7b1735e5e7576f7aa5e446771d27e55781e0fe8,2026-10-04,public-recipe-v1
RDA-92738,요애,https://www.nics.go.kr/food/kfi/tfSrch08/view?menuId=PS03520&tfcode=92738,22,f60004151d32ba6cb18df8ecd7b1735e5e7576f7aa5e446771d27e55781e0fe8,2026-10-04,public-recipe-v1
RDA-92002,용떡,https://www.nics.go.kr/food/kfi/tfSrch08/view?menuId=PS03520&tfcode=92002,22,f60004151d32ba6cb18df8ecd7b1735e5e7576f7aa5e446771d27e55781e0fe8,2026-10-04,public-recipe-v1
RDA-90266,용봉족편,https://www.nics.go.kr/food/kfi/tfSrch08/view?menuId=PS03520&tfcode=90266,22,f60004151d32ba6cb18df8ecd7b1735e5e7576f7aa5e446771d27e55781e0fe8,2026-10-04,public-recipe-v1
RDA-89743,우럭백숙,https://www.nics.go.kr/food/kfi/tfSrch08/view?menuId=PS03520&tfcode=89743,22,f60004151d32ba6cb18df8ecd7b1735e5e7576f7aa5e446771d27e55781e0fe8,2026-10-04,public-recipe-v1
RDA-89980,우무냉국(우미냉국),https://www.nics.go.kr/food/kfi/tfSrch08/view?menuId=PS03520&tfcode=89980,22,f60004151d32ba6cb18df8ecd7b1735e5e7576f7aa5e446771d27e55781e0fe8,2026-10-04,public-recipe-v1
RDA-89845,우무장아찌(우묵장아찌 ),https://www.nics.go.kr/food/kfi/tfSrch08/view?menuId=PS03520&tfcode=89845,22,f60004151d32ba6cb18df8ecd7b1735e5e7576f7aa5e446771d27e55781e0fe8,2026-10-04,public-recipe-v1
RDA-91402,우뭇가사리국(까시리국),https://www.nics.go.kr/food/kfi/tfSrch08/view?menuId=PS03520&tfcode=91402,22,f60004151d32ba6cb18df8ecd7b1735e5e7576f7aa5e446771d27e55781e0fe8,2026-10-04,public-recipe-v1
RDA-92694,우엉잎 · 오가피잎부각,https://www.nics.go.kr/food/kfi/tfSrch08/view?menuId=PS03520&tfcode=92694,22,f60004151d32ba6cb18df8ecd7b1735e5e7576f7aa5e446771d27e55781e0fe8,2026-10-04,public-recipe-v1
RDA-90661,우찌지,https://www.nics.go.kr/food/kfi/tfSrch08/view?menuId=PS03520&tfcode=90661,22,f60004151d32ba6cb18df8ecd7b1735e5e7576f7aa5e446771d27e55781e0fe8,2026-10-04,public-recipe-v1
RDA-90282,울외장아찌,https://www.nics.go.kr/food/kfi/tfSrch08/view?menuId=PS03520&tfcode=90282,22,f60004151d32ba6cb18df8ecd7b1735e5e7576f7aa5e446771d27e55781e0fe8,2026-10-04,public-recipe-v1
RDA-90455,웅어감정(웅어찌개),https://www.nics.go.kr/food/kfi/tfSrch08/view?menuId=PS03520&tfcode=90455,22,f60004151d32ba6cb18df8ecd7b1735e5e7576f7aa5e446771d27e55781e0fe8,2026-10-04,public-recipe-v1
RDA-90502,웅어구이,https://www.nics.go.kr/food/kfi/tfSrch08/view?menuId=PS03520&tfcode=90502,22,f60004151d32ba6cb18df8ecd7b1735e5e7576f7aa5e446771d27e55781e0fe8,2026-10-04,public-recipe-v1
RDA-90456,웅어매운탕,https://www.nics.go.kr/food/kfi/tfSrch08/view?menuId=PS03520&tfcode=90456,22,f60004151d32ba6cb18df8ecd7b1735e5e7576f7aa5e446771d27e55781e0fe8,2026-10-04,public-recipe-v1
RDA-90579,웅어회,https://www.nics.go.kr/food/kfi/tfSrch08/view?menuId=PS03520&tfcode=90579,22,f60004151d32ba6cb18df8ecd7b1735e5e7576f7aa5e446771d27e55781e0fe8,2026-10-04,public-recipe-v1
RDA-90368,원미,https://www.nics.go.kr/food/kfi/tfSrch08/view?menuId=PS03520&tfcode=90368,22,f60004151d32ba6cb18df8ecd7b1735e5e7576f7aa5e446771d27e55781e0fe8,2026-10-04,public-recipe-v1
RDA-90704,원소병,https://www.nics.go.kr/food/kfi/tfSrch08/view?menuId=PS03520&tfcode=90704,22,f60004151d32ba6cb18df8ecd7b1735e5e7576f7aa5e446771d27e55781e0fe8,2026-10-04,public-recipe-v1
RDA-91502,원추리나물,https://www.nics.go.kr/food/kfi/tfSrch08/view?menuId=PS03520&tfcode=91502,22,f60004151d32ba6cb18df8ecd7b1735e5e7576f7aa5e446771d27e55781e0fe8,2026-10-04,public-recipe-v1
RDA-89780,원추리잡채,https://www.nics.go.kr/food/kfi/tfSrch08/view?menuId=PS03520&tfcode=89780,22,f60004151d32ba6cb18df8ecd7b1735e5e7576f7aa5e446771d27e55781e0fe8,2026-10-04,public-recipe-v1
RDA-90937,유자차,https://www.nics.go.kr/food/kfi/tfSrch08/view?menuId=PS03520&tfcode=90937,22,f60004151d32ba6cb18df8ecd7b1735e5e7576f7aa5e446771d27e55781e0fe8,2026-10-04,public-recipe-v1
RDA-92297,유자화채,https://www.nics.go.kr/food/kfi/tfSrch08/view?menuId=PS03520&tfcode=92297,22,f60004151d32ba6cb18df8ecd7b1735e5e7576f7aa5e446771d27e55781e0fe8,2026-10-04,public-recipe-v1
RDA-90765,육개장 <방법1>,https://www.nics.go.kr/food/kfi/tfSrch08/view?menuId=PS03520&tfcode=90765,22,f60004151d32ba6cb18df8ecd7b1735e5e7576f7aa5e446771d27e55781e0fe8,2026-10-04,public-recipe-v1
RDA-91732,율란,https://www.nics.go.kr/food/kfi/tfSrch08/view?menuId=PS03520&tfcode=91732,22,f60004151d32ba6cb18df8ecd7b1735e5e7576f7aa5e446771d27e55781e0fe8,2026-10-04,public-recipe-v1
RDA-92581,율란,https://www.nics.go.kr/food/kfi/tfSrch08/view?menuId=PS03520&tfcode=92581,22,f60004151d32ba6cb18df8ecd7b1735e5e7576f7aa5e446771d27e55781e0fe8,2026-10-04,public-recipe-v1
RDA-92318,은어구이,https://www.nics.go.kr/food/kfi/tfSrch08/view?menuId=PS03520&tfcode=92318,22,f60004151d32ba6cb18df8ecd7b1735e5e7576f7aa5e446771d27e55781e0fe8,2026-10-04,public-recipe-v1
RDA-91872,은어구이,https://www.nics.go.kr/food/kfi/tfSrch08/view?menuId=PS03520&tfcode=91872,22,f60004151d32ba6cb18df8ecd7b1735e5e7576f7aa5e446771d27e55781e0fe8,2026-10-04,public-recipe-v1
RDA-90106,은절미,https://www.nics.go.kr/food/kfi/tfSrch08/view?menuId=PS03520&tfcode=90106,22,f60004151d32ba6cb18df8ecd7b1735e5e7576f7aa5e446771d27e55781e0fe8,2026-10-04,public-recipe-v1
RDA-92047,의이인주,https://www.nics.go.kr/food/kfi/tfSrch08/view?menuId=PS03520&tfcode=92047,22,f60004151d32ba6cb18df8ecd7b1735e5e7576f7aa5e446771d27e55781e0fe8,2026-10-04,public-recipe-v1
RDA-92112,이서양탕,https://www.nics.go.kr/food/kfi/tfSrch08/view?menuId=PS03520&tfcode=92112,22,f60004151d32ba6cb18df8ecd7b1735e5e7576f7aa5e446771d27e55781e0fe8,2026-10-04,public-recipe-v1
RDA-90474,이천게걸무김치(게거리김치),https://www.nics.go.kr/food/kfi/tfSrch08/view?menuId=PS03520&tfcode=90474,22,f60004151d32ba6cb18df8ecd7b1735e5e7576f7aa5e446771d27e55781e0fe8,2026-10-04,public-recipe-v1
RDA-90118,익모초엿,https://www.nics.go.kr/food/kfi/tfSrch08/view?menuId=PS03520&tfcode=90118,22,f60004151d32ba6cb18df8ecd7b1735e5e7576f7aa5e446771d27e55781e0fe8,2026-10-04,public-recipe-v1
RDA-92306,인동초동동주(인동초청주),https://www.nics.go.kr/food/kfi/tfSrch08/view?menuId=PS03520&tfcode=92306,22,f60004151d32ba6cb18df8ecd7b1735e5e7576f7aa5e446771d27e55781e0fe8,2026-10-04,public-recipe-v1
RDA-89661,인삼정과,https://www.nics.go.kr/food/kfi/tfSrch08/view?menuId=PS03520&tfcode=89661,22,f60004151d32ba6cb18df8ecd7b1735e5e7576f7aa5e446771d27e55781e0fe8,2026-10-04,public-recipe-v1
RDA-89574,인삼취나물,https://www.nics.go.kr/food/kfi/tfSrch08/view?menuId=PS03520&tfcode=89574,22,f60004151d32ba6cb18df8ecd7b1735e5e7576f7aa5e446771d27e55781e0fe8,2026-10-04,public-recipe-v1
RDA-90304,인절미,https://www.nics.go.kr/food/kfi/tfSrch08/view?menuId=PS03520&tfcode=90304,22,f60004151d32ba6cb18df8ecd7b1735e5e7576f7aa5e446771d27e55781e0fe8,2026-10-04,public-recipe-v1
RDA-90107,임지떡,https://www.nics.go.kr/food/kfi/tfSrch08/view?menuId=PS03520&tfcode=90107,22,f60004151d32ba6cb18df8ecd7b1735e5e7576f7aa5e446771d27e55781e0fe8,2026-10-04,public-recipe-v1
RDA-91288,"입과(잔유과, 한과)",https://www.nics.go.kr/food/kfi/tfSrch08/view?menuId=PS03520&tfcode=91288,22,f60004151d32ba6cb18df8ecd7b1735e5e7576f7aa5e446771d27e55781e0fe8,2026-10-04,public-recipe-v1
RDA-91169,잉어찜,https://www.nics.go.kr/food/kfi/tfSrch08/view?menuId=PS03520&tfcode=91169,22,f60004151d32ba6cb18df8ecd7b1735e5e7576f7aa5e446771d27e55781e0fe8,2026-10-04,public-recipe-v1
RDA-90028,자리돔구이(자리구이),https://www.nics.go.kr/food/kfi/tfSrch08/view?menuId=PS03520&tfcode=90028,22,f60004151d32ba6cb18df8ecd7b1735e5e7576f7aa5e446771d27e55781e0fe8,2026-10-04,public-recipe-v1
RDA-92661,자리돔조림(자리지짐),https://www.nics.go.kr/food/kfi/tfSrch08/view?menuId=PS03520&tfcode=92661,22,f60004151d32ba6cb18df8ecd7b1735e5e7576f7aa5e446771d27e55781e0fe8,2026-10-04,public-recipe-v1
RDA-89982,자리젓국,https://www.nics.go.kr/food/kfi/tfSrch08/view?menuId=PS03520&tfcode=89982,22,f60004151d32ba6cb18df8ecd7b1735e5e7576f7aa5e446771d27e55781e0fe8,2026-10-04,public-recipe-v1
RDA-92405,자운영나물,https://www.nics.go.kr/food/kfi/tfSrch08/view?menuId=PS03520&tfcode=92405,22,f60004151d32ba6cb18df8ecd7b1735e5e7576f7aa5e446771d27e55781e0fe8,2026-10-04,public-recipe-v1
RDA-90541,잡누름적,https://www.nics.go.kr/food/kfi/tfSrch08/view?menuId=PS03520&tfcode=90541,22,f60004151d32ba6cb18df8ecd7b1735e5e7576f7aa5e446771d27e55781e0fe8,2026-10-04,public-recipe-v1
RDA-91569,장떡(짱땡이),https://www.nics.go.kr/food/kfi/tfSrch08/view?menuId=PS03520&tfcode=91569,22,f60004151d32ba6cb18df8ecd7b1735e5e7576f7aa5e446771d27e55781e0fe8,2026-10-04,public-recipe-v1
RDA-90542,장산적,https://www.nics.go.kr/food/kfi/tfSrch08/view?menuId=PS03520&tfcode=90542,22,f60004151d32ba6cb18df8ecd7b1735e5e7576f7aa5e446771d27e55781e0fe8,2026-10-04,public-recipe-v1
RDA-89746,장어보양탕,https://www.nics.go.kr/food/kfi/tfSrch08/view?menuId=PS03520&tfcode=89746,22,f60004151d32ba6cb18df8ecd7b1735e5e7576f7aa5e446771d27e55781e0fe8,2026-10-04,public-recipe-v1
RDA-91539,장어조림,https://www.nics.go.kr/food/kfi/tfSrch08/view?menuId=PS03520&tfcode=91539,22,f60004151d32ba6cb18df8ecd7b1735e5e7576f7aa5e446771d27e55781e0fe8,2026-10-04,public-recipe-v1
RDA-92116,장어탕,https://www.nics.go.kr/food/kfi/tfSrch08/view?menuId=PS03520&tfcode=92116,22,f60004151d32ba6cb18df8ecd7b1735e5e7576f7aa5e446771d27e55781e0fe8,2026-10-04,public-recipe-v1
RDA-91469,장지김치(장제김치),https://www.nics.go.kr/food/kfi/tfSrch08/view?menuId=PS03520&tfcode=91469,22,f60004151d32ba6cb18df8ecd7b1735e5e7576f7aa5e446771d27e55781e0fe8,2026-10-04,public-recipe-v1
RDA-91430,전갱이국(메가리국),https://www.nics.go.kr/food/kfi/tfSrch08/view?menuId=PS03520&tfcode=91430,22,f60004151d32ba6cb18df8ecd7b1735e5e7576f7aa5e446771d27e55781e0fe8,2026-10-04,public-recipe-v1
RDA-91930,전갱이식해(맹이식해),https://www.nics.go.kr/food/kfi/tfSrch08/view?menuId=PS03520&tfcode=91930,22,f60004151d32ba6cb18df8ecd7b1735e5e7576f7aa5e446771d27e55781e0fe8,2026-10-04,public-recipe-v1
RDA-91571,전단자,https://www.nics.go.kr/food/kfi/tfSrch08/view?menuId=PS03520&tfcode=91571,22,f60004151d32ba6cb18df8ecd7b1735e5e7576f7aa5e446771d27e55781e0fe8,2026-10-04,public-recipe-v1
RDA-90030,"전복구이(거평구이, 거평볶음)<방법 1>",https://www.nics.go.kr/food/kfi/tfSrch08/view?menuId=PS03520&tfcode=90030,22,f60004151d32ba6cb18df8ecd7b1735e5e7576f7aa5e446771d27e55781e0fe8,2026-10-04,public-recipe-v1
RDA-90091,전복내장젓(게웃젓),https://www.nics.go.kr/food/kfi/tfSrch08/view?menuId=PS03520&tfcode=90091,22,f60004151d32ba6cb18df8ecd7b1735e5e7576f7aa5e446771d27e55781e0fe8,2026-10-04,public-recipe-v1
RDA-90263,전복쌈,https://www.nics.go.kr/food/kfi/tfSrch08/view?menuId=PS03520&tfcode=90263,22,f60004151d32ba6cb18df8ecd7b1735e5e7576f7aa5e446771d27e55781e0fe8,2026-10-04,public-recipe-v1
RDA-92236,전복장아찌,https://www.nics.go.kr/food/kfi/tfSrch08/view?menuId=PS03520&tfcode=92236,22,f60004151d32ba6cb18df8ecd7b1735e5e7576f7aa5e446771d27e55781e0fe8,2026-10-04,public-recipe-v1
RDA-91361,전복죽,https://www.nics.go.kr/food/kfi/tfSrch08/view?menuId=PS03520&tfcode=91361,22,f60004151d32ba6cb18df8ecd7b1735e5e7576f7aa5e446771d27e55781e0fe8,2026-10-04,public-recipe-v1
RDA-91471,전어섞박지,https://www.nics.go.kr/food/kfi/tfSrch08/view?menuId=PS03520&tfcode=91471,22,f60004151d32ba6cb18df8ecd7b1735e5e7576f7aa5e446771d27e55781e0fe8,2026-10-04,public-recipe-v1
RDA-92730,절변,https://www.nics.go.kr/food/kfi/tfSrch08/view?menuId=PS03520&tfcode=92730,22,f60004151d32ba6cb18df8ecd7b1735e5e7576f7aa5e446771d27e55781e0fe8,2026-10-04,public-recipe-v1
RDA-89984,제주오이냉국(물외냉국),https://www.nics.go.kr/food/kfi/tfSrch08/view?menuId=PS03520&tfcode=89984,22,f60004151d32ba6cb18df8ecd7b1735e5e7576f7aa5e446771d27e55781e0fe8,2026-10-04,public-recipe-v1
RDA-91307,제호탕,https://www.nics.go.kr/food/kfi/tfSrch08/view?menuId=PS03520&tfcode=91307,22,f60004151d32ba6cb18df8ecd7b1735e5e7576f7aa5e446771d27e55781e0fe8,2026-10-04,public-recipe-v1
RDA-90706,제호탕,https://www.nics.go.kr/food/kfi/tfSrch08/view?menuId=PS03520&tfcode=90706,22,f60004151d32ba6cb18df8ecd7b1735e5e7576f7aa5e446771d27e55781e0fe8,2026-10-04,public-recipe-v1
RDA-92197,조기고사리찜,https://www.nics.go.kr/food/kfi/tfSrch08/view?menuId=PS03520&tfcode=92197,22,f60004151d32ba6cb18df8ecd7b1735e5e7576f7aa5e446771d27e55781e0fe8,2026-10-04,public-recipe-v1
RDA-92590,조기젓,https://www.nics.go.kr/food/kfi/tfSrch08/view?menuId=PS03520&tfcode=92590,22,f60004151d32ba6cb18df8ecd7b1735e5e7576f7aa5e446771d27e55781e0fe8,2026-10-04,public-recipe-v1
RDA-90192,조기찌개,https://www.nics.go.kr/food/kfi/tfSrch08/view?menuId=PS03520&tfcode=90192,23,9bbadb180f7fb4cb4dd94e6e55ff7f1ae7cfb996f315302be63e8e9a92cab9cf,2026-10-04,public-recipe-v1
RDA-90677,조란,https://www.nics.go.kr/food/kfi/tfSrch08/view?menuId=PS03520&tfcode=90677,23,9bbadb180f7fb4cb4dd94e6e55ff7f1ae7cfb996f315302be63e8e9a92cab9cf,2026-10-04,public-recipe-v1
RDA-90662,조망댕이(차조떡),https://www.nics.go.kr/food/kfi/tfSrch08/view?menuId=PS03520&tfcode=90662,23,9bbadb180f7fb4cb4dd94e6e55ff7f1ae7cfb996f315302be63e8e9a92cab9cf,2026-10-04,public-recipe-v1
RDA-90108,조매떡(손내성),https://www.nics.go.kr/food/kfi/tfSrch08/view?menuId=PS03520&tfcode=90108,23,9bbadb180f7fb4cb4dd94e6e55ff7f1ae7cfb996f315302be63e8e9a92cab9cf,2026-10-04,public-recipe-v1
RDA-90961,조밥,https://www.nics.go.kr/food/kfi/tfSrch08/view?menuId=PS03520&tfcode=90961,23,9bbadb180f7fb4cb4dd94e6e55ff7f1ae7cfb996f315302be63e8e9a92cab9cf,2026-10-04,public-recipe-v1
RDA-92308,조주,https://www.nics.go.kr/food/kfi/tfSrch08/view?menuId=PS03520&tfcode=92308,23,9bbadb180f7fb4cb4dd94e6e55ff7f1ae7cfb996f315302be63e8e9a92cab9cf,2026-10-04,public-recipe-v1
RDA-90204,종삼파김치(종삼대파김치),https://www.nics.go.kr/food/kfi/tfSrch08/view?menuId=PS03520&tfcode=90204,23,9bbadb180f7fb4cb4dd94e6e55ff7f1ae7cfb996f315302be63e8e9a92cab9cf,2026-10-04,public-recipe-v1
RDA-91721,주걱떡,https://www.nics.go.kr/food/kfi/tfSrch08/view?menuId=PS03520&tfcode=91721,23,9bbadb180f7fb4cb4dd94e6e55ff7f1ae7cfb996f315302be63e8e9a92cab9cf,2026-10-04,public-recipe-v1
RDA-90515,주꾸미조림(쭈구미조림),https://www.nics.go.kr/food/kfi/tfSrch08/view?menuId=PS03520&tfcode=90515,23,9bbadb180f7fb4cb4dd94e6e55ff7f1ae7cfb996f315302be63e8e9a92cab9cf,2026-10-04,public-recipe-v1
RDA-91544,죽순돼지고기볶음,https://www.nics.go.kr/food/kfi/tfSrch08/view?menuId=PS03520&tfcode=91544,23,9bbadb180f7fb4cb4dd94e6e55ff7f1ae7cfb996f315302be63e8e9a92cab9cf,2026-10-04,public-recipe-v1
RDA-92667,죽순채,https://www.nics.go.kr/food/kfi/tfSrch08/view?menuId=PS03520&tfcode=92667,23,9bbadb180f7fb4cb4dd94e6e55ff7f1ae7cfb996f315302be63e8e9a92cab9cf,2026-10-04,public-recipe-v1
RDA-90185,죽합탕,https://www.nics.go.kr/food/kfi/tfSrch08/view?menuId=PS03520&tfcode=90185,23,9bbadb180f7fb4cb4dd94e6e55ff7f1ae7cfb996f315302be63e8e9a92cab9cf,2026-10-04,public-recipe-v1
RDA-91289,준주강반,https://www.nics.go.kr/food/kfi/tfSrch08/view?menuId=PS03520&tfcode=91289,23,9bbadb180f7fb4cb4dd94e6e55ff7f1ae7cfb996f315302be63e8e9a92cab9cf,2026-10-04,public-recipe-v1
RDA-90439,준치국,https://www.nics.go.kr/food/kfi/tfSrch08/view?menuId=PS03520&tfcode=90439,23,9bbadb180f7fb4cb4dd94e6e55ff7f1ae7cfb996f315302be63e8e9a92cab9cf,2026-10-04,public-recipe-v1
RDA-90396,준치만두,https://www.nics.go.kr/food/kfi/tfSrch08/view?menuId=PS03520&tfcode=90396,23,9bbadb180f7fb4cb4dd94e6e55ff7f1ae7cfb996f315302be63e8e9a92cab9cf,2026-10-04,public-recipe-v1
RDA-90110,줴기떡,https://www.nics.go.kr/food/kfi/tfSrch08/view?menuId=PS03520&tfcode=90110,23,9bbadb180f7fb4cb4dd94e6e55ff7f1ae7cfb996f315302be63e8e9a92cab9cf,2026-10-04,public-recipe-v1
RDA-90664,즘떡,https://www.nics.go.kr/food/kfi/tfSrch08/view?menuId=PS03520&tfcode=90664,23,9bbadb180f7fb4cb4dd94e6e55ff7f1ae7cfb996f315302be63e8e9a92cab9cf,2026-10-04,public-recipe-v1
RDA-92313,진도홍주,https://www.nics.go.kr/food/kfi/tfSrch08/view?menuId=PS03520&tfcode=92313,23,9bbadb180f7fb4cb4dd94e6e55ff7f1ae7cfb996f315302be63e8e9a92cab9cf,2026-10-04,public-recipe-v1
RDA-91320,진사가루술,https://www.nics.go.kr/food/kfi/tfSrch08/view?menuId=PS03520&tfcode=91320,23,9bbadb180f7fb4cb4dd94e6e55ff7f1ae7cfb996f315302be63e8e9a92cab9cf,2026-10-04,public-recipe-v1
RDA-90289,진석화젓,https://www.nics.go.kr/food/kfi/tfSrch08/view?menuId=PS03520&tfcode=90289,23,9bbadb180f7fb4cb4dd94e6e55ff7f1ae7cfb996f315302be63e8e9a92cab9cf,2026-10-04,public-recipe-v1
RDA-90317,진안유과(강정),https://www.nics.go.kr/food/kfi/tfSrch08/view?menuId=PS03520&tfcode=90317,23,9bbadb180f7fb4cb4dd94e6e55ff7f1ae7cfb996f315302be63e8e9a92cab9cf,2026-10-04,public-recipe-v1
RDA-92310,진양주,https://www.nics.go.kr/food/kfi/tfSrch08/view?menuId=PS03520&tfcode=92310,23,9bbadb180f7fb4cb4dd94e6e55ff7f1ae7cfb996f315302be63e8e9a92cab9cf,2026-10-04,public-recipe-v1
RDA-89783,질경이나물,https://www.nics.go.kr/food/kfi/tfSrch08/view?menuId=PS03520&tfcode=89783,23,9bbadb180f7fb4cb4dd94e6e55ff7f1ae7cfb996f315302be63e8e9a92cab9cf,2026-10-04,public-recipe-v1
RDA-91504,질경이나물(빼뿌쟁이무침),https://www.nics.go.kr/food/kfi/tfSrch08/view?menuId=PS03520&tfcode=91504,23,9bbadb180f7fb4cb4dd94e6e55ff7f1ae7cfb996f315302be63e8e9a92cab9cf,2026-10-04,public-recipe-v1
RDA-91792,질경이나물죽,https://www.nics.go.kr/food/kfi/tfSrch08/view?menuId=PS03520&tfcode=91792,23,9bbadb180f7fb4cb4dd94e6e55ff7f1ae7cfb996f315302be63e8e9a92cab9cf,2026-10-04,public-recipe-v1
RDA-91144,집산적,https://www.nics.go.kr/food/kfi/tfSrch08/view?menuId=PS03520&tfcode=91144,23,9bbadb180f7fb4cb4dd94e6e55ff7f1ae7cfb996f315302be63e8e9a92cab9cf,2026-10-04,public-recipe-v1
RDA-92054,집장,https://www.nics.go.kr/food/kfi/tfSrch08/view?menuId=PS03520&tfcode=92054,23,9bbadb180f7fb4cb4dd94e6e55ff7f1ae7cfb996f315302be63e8e9a92cab9cf,2026-10-04,public-recipe-v1
RDA-89910,집장,https://www.nics.go.kr/food/kfi/tfSrch08/view?menuId=PS03520&tfcode=89910,23,9bbadb180f7fb4cb4dd94e6e55ff7f1ae7cfb996f315302be63e8e9a92cab9cf,2026-10-04,public-recipe-v1
RDA-92711,차노치,https://www.nics.go.kr/food/kfi/tfSrch08/view?menuId=PS03520&tfcode=92711,23,9bbadb180f7fb4cb4dd94e6e55ff7f1ae7cfb996f315302be63e8e9a92cab9cf,2026-10-04,public-recipe-v1
RDA-92256,참게장 [방법1],https://www.nics.go.kr/food/kfi/tfSrch08/view?menuId=PS03520&tfcode=92256,23,9bbadb180f7fb4cb4dd94e6e55ff7f1ae7cfb996f315302be63e8e9a92cab9cf,2026-10-04,public-recipe-v1
RDA-92255,참게장 [방법2],https://www.nics.go.kr/food/kfi/tfSrch08/view?menuId=PS03520&tfcode=92255,23,9bbadb180f7fb4cb4dd94e6e55ff7f1ae7cfb996f315302be63e8e9a92cab9cf,2026-10-04,public-recipe-v1
RDA-90488,참죽순나물,https://www.nics.go.kr/food/kfi/tfSrch08/view?menuId=PS03520&tfcode=90488,23,9bbadb180f7fb4cb4dd94e6e55ff7f1ae7cfb996f315302be63e8e9a92cab9cf,2026-10-04,public-recipe-v1
RDA-89681,찹쌀고추장,https://www.nics.go.kr/food/kfi/tfSrch08/view?menuId=PS03520&tfcode=89681,23,9bbadb180f7fb4cb4dd94e6e55ff7f1ae7cfb996f315302be63e8e9a92cab9cf,2026-10-04,public-recipe-v1
RDA-91941,창란젓,https://www.nics.go.kr/food/kfi/tfSrch08/view?menuId=PS03520&tfcode=91941,23,9bbadb180f7fb4cb4dd94e6e55ff7f1ae7cfb996f315302be63e8e9a92cab9cf,2026-10-04,public-recipe-v1
RDA-91171,채소무름,https://www.nics.go.kr/food/kfi/tfSrch08/view?menuId=PS03520&tfcode=91171,23,9bbadb180f7fb4cb4dd94e6e55ff7f1ae7cfb996f315302be63e8e9a92cab9cf,2026-10-04,public-recipe-v1
RDA-90708,"책면(착면, 창면)",https://www.nics.go.kr/food/kfi/tfSrch08/view?menuId=PS03520&tfcode=90708,23,9bbadb180f7fb4cb4dd94e6e55ff7f1ae7cfb996f315302be63e8e9a92cab9cf,2026-10-04,public-recipe-v1
RDA-89761,천문동조기찌개,https://www.nics.go.kr/food/kfi/tfSrch08/view?menuId=PS03520&tfcode=89761,23,9bbadb180f7fb4cb4dd94e6e55ff7f1ae7cfb996f315302be63e8e9a92cab9cf,2026-10-04,public-recipe-v1
RDA-90388,천서리막국수,https://www.nics.go.kr/food/kfi/tfSrch08/view?menuId=PS03520&tfcode=90388,23,9bbadb180f7fb4cb4dd94e6e55ff7f1ae7cfb996f315302be63e8e9a92cab9cf,2026-10-04,public-recipe-v1
RDA-90519,천엽볶음,https://www.nics.go.kr/food/kfi/tfSrch08/view?menuId=PS03520&tfcode=90519,23,9bbadb180f7fb4cb4dd94e6e55ff7f1ae7cfb996f315302be63e8e9a92cab9cf,2026-10-04,public-recipe-v1
RDA-90055,천엽토렴회,https://www.nics.go.kr/food/kfi/tfSrch08/view?menuId=PS03520&tfcode=90055,23,9bbadb180f7fb4cb4dd94e6e55ff7f1ae7cfb996f315302be63e8e9a92cab9cf,2026-10-04,public-recipe-v1
RDA-92137,청각김치,https://www.nics.go.kr/food/kfi/tfSrch08/view?menuId=PS03520&tfcode=92137,23,9bbadb180f7fb4cb4dd94e6e55ff7f1ae7cfb996f315302be63e8e9a92cab9cf,2026-10-04,public-recipe-v1
RDA-91592,청각찜(애지찜),https://www.nics.go.kr/food/kfi/tfSrch08/view?menuId=PS03520&tfcode=91592,23,9bbadb180f7fb4cb4dd94e6e55ff7f1ae7cfb996f315302be63e8e9a92cab9cf,2026-10-04,public-recipe-v1
RDA-90156,청맥죽,https://www.nics.go.kr/food/kfi/tfSrch08/view?menuId=PS03520&tfcode=90156,23,9bbadb180f7fb4cb4dd94e6e55ff7f1ae7cfb996f315302be63e8e9a92cab9cf,2026-10-04,public-recipe-v1
RDA-90059,청묵,https://www.nics.go.kr/food/kfi/tfSrch08/view?menuId=PS03520&tfcode=90059,23,9bbadb180f7fb4cb4dd94e6e55ff7f1ae7cfb996f315302be63e8e9a92cab9cf,2026-10-04,public-recipe-v1
RDA-91110,청어구이,https://www.nics.go.kr/food/kfi/tfSrch08/view?menuId=PS03520&tfcode=91110,23,9bbadb180f7fb4cb4dd94e6e55ff7f1ae7cfb996f315302be63e8e9a92cab9cf,2026-10-04,public-recipe-v1
RDA-90619,청어젓(비웃젓),https://www.nics.go.kr/food/kfi/tfSrch08/view?menuId=PS03520&tfcode=90619,23,9bbadb180f7fb4cb4dd94e6e55ff7f1ae7cfb996f315302be63e8e9a92cab9cf,2026-10-04,public-recipe-v1
RDA-92010,청치주먹떡(푸른시래기주먹떡),https://www.nics.go.kr/food/kfi/tfSrch08/view?menuId=PS03520&tfcode=92010,23,9bbadb180f7fb4cb4dd94e6e55ff7f1ae7cfb996f315302be63e8e9a92cab9cf,2026-10-04,public-recipe-v1
RDA-92138,초롱무김치,https://www.nics.go.kr/food/kfi/tfSrch08/view?menuId=PS03520&tfcode=92138,23,9bbadb180f7fb4cb4dd94e6e55ff7f1ae7cfb996f315302be63e8e9a92cab9cf,2026-10-04,public-recipe-v1
RDA-91914,초피잎부각,https://www.nics.go.kr/food/kfi/tfSrch08/view?menuId=PS03520&tfcode=91914,23,9bbadb180f7fb4cb4dd94e6e55ff7f1ae7cfb996f315302be63e8e9a92cab9cf,2026-10-04,public-recipe-v1
RDA-91229,초피잎장아찌(제피잎장아찌),https://www.nics.go.kr/food/kfi/tfSrch08/view?menuId=PS03520&tfcode=91229,23,9bbadb180f7fb4cb4dd94e6e55ff7f1ae7cfb996f315302be63e8e9a92cab9cf,2026-10-04,public-recipe-v1
RDA-92699,초피잎장아찌(제피잎장아찌),https://www.nics.go.kr/food/kfi/tfSrch08/view?menuId=PS03520&tfcode=92699,23,9bbadb180f7fb4cb4dd94e6e55ff7f1ae7cfb996f315302be63e8e9a92cab9cf,2026-10-04,public-recipe-v1
RDA-92653,초피잎전(제피잎전),https://www.nics.go.kr/food/kfi/tfSrch08/view?menuId=PS03520&tfcode=92653,23,9bbadb180f7fb4cb4dd94e6e55ff7f1ae7cfb996f315302be63e8e9a92cab9cf,2026-10-04,public-recipe-v1
RDA-92416,초피장아찌,https://www.nics.go.kr/food/kfi/tfSrch08/view?menuId=PS03520&tfcode=92416,23,9bbadb180f7fb4cb4dd94e6e55ff7f1ae7cfb996f315302be63e8e9a92cab9cf,2026-10-04,public-recipe-v1
RDA-89618,초피장아찌,https://www.nics.go.kr/food/kfi/tfSrch08/view?menuId=PS03520&tfcode=89618,23,9bbadb180f7fb4cb4dd94e6e55ff7f1ae7cfb996f315302be63e8e9a92cab9cf,2026-10-04,public-recipe-v1
RDA-92049,초피주,https://www.nics.go.kr/food/kfi/tfSrch08/view?menuId=PS03520&tfcode=92049,23,9bbadb180f7fb4cb4dd94e6e55ff7f1ae7cfb996f315302be63e8e9a92cab9cf,2026-10-04,public-recipe-v1
RDA-92724,초피주(제피술),https://www.nics.go.kr/food/kfi/tfSrch08/view?menuId=PS03520&tfcode=92724,23,9bbadb180f7fb4cb4dd94e6e55ff7f1ae7cfb996f315302be63e8e9a92cab9cf,2026-10-04,public-recipe-v1
RDA-92311,추성주,https://www.nics.go.kr/food/kfi/tfSrch08/view?menuId=PS03520&tfcode=92311,23,9bbadb180f7fb4cb4dd94e6e55ff7f1ae7cfb996f315302be63e8e9a92cab9cf,2026-10-04,public-recipe-v1
RDA-91215,추어두부,https://www.nics.go.kr/food/kfi/tfSrch08/view?menuId=PS03520&tfcode=91215,23,9bbadb180f7fb4cb4dd94e6e55ff7f1ae7cfb996f315302be63e8e9a92cab9cf,2026-10-04,public-recipe-v1
RDA-90766,추어탕,https://www.nics.go.kr/food/kfi/tfSrch08/view?menuId=PS03520&tfcode=90766,23,9bbadb180f7fb4cb4dd94e6e55ff7f1ae7cfb996f315302be63e8e9a92cab9cf,2026-10-04,public-recipe-v1
RDA-91436,추어탕(어탕),https://www.nics.go.kr/food/kfi/tfSrch08/view?menuId=PS03520&tfcode=91436,23,9bbadb180f7fb4cb4dd94e6e55ff7f1ae7cfb996f315302be63e8e9a92cab9cf,2026-10-04,public-recipe-v1
RDA-89528,칡국수(칡칼국수),https://www.nics.go.kr/food/kfi/tfSrch08/view?menuId=PS03520&tfcode=89528,23,9bbadb180f7fb4cb4dd94e6e55ff7f1ae7cfb996f315302be63e8e9a92cab9cf,2026-10-04,public-recipe-v1
RDA-89619,콩나물짠지,https://www.nics.go.kr/food/kfi/tfSrch08/view?menuId=PS03520&tfcode=89619,23,9bbadb180f7fb4cb4dd94e6e55ff7f1ae7cfb996f315302be63e8e9a92cab9cf,2026-10-04,public-recipe-v1
RDA-90782,콩비지찌개(비지찌개),https://www.nics.go.kr/food/kfi/tfSrch08/view?menuId=PS03520&tfcode=90782,23,9bbadb180f7fb4cb4dd94e6e55ff7f1ae7cfb996f315302be63e8e9a92cab9cf,2026-10-04,public-recipe-v1
RDA-90853,콩조림,https://www.nics.go.kr/food/kfi/tfSrch08/view?menuId=PS03520&tfcode=90853,23,9bbadb180f7fb4cb4dd94e6e55ff7f1ae7cfb996f315302be63e8e9a92cab9cf,2026-10-04,public-recipe-v1
RDA-90507,콩팥구이,https://www.nics.go.kr/food/kfi/tfSrch08/view?menuId=PS03520&tfcode=90507,23,9bbadb180f7fb4cb4dd94e6e55ff7f1ae7cfb996f315302be63e8e9a92cab9cf,2026-10-04,public-recipe-v1
RDA-90371,타락죽,https://www.nics.go.kr/food/kfi/tfSrch08/view?menuId=PS03520&tfcode=90371,23,9bbadb180f7fb4cb4dd94e6e55ff7f1ae7cfb996f315302be63e8e9a92cab9cf,2026-10-04,public-recipe-v1
RDA-90489,탕평채,https://www.nics.go.kr/food/kfi/tfSrch08/view?menuId=PS03520&tfcode=90489,23,9bbadb180f7fb4cb4dd94e6e55ff7f1ae7cfb996f315302be63e8e9a92cab9cf,2026-10-04,public-recipe-v1
RDA-89529,토리면,https://www.nics.go.kr/food/kfi/tfSrch08/view?menuId=PS03520&tfcode=89529,23,9bbadb180f7fb4cb4dd94e6e55ff7f1ae7cfb996f315302be63e8e9a92cab9cf,2026-10-04,public-recipe-v1
RDA-92418,토하젓,https://www.nics.go.kr/food/kfi/tfSrch08/view?menuId=PS03520&tfcode=92418,23,9bbadb180f7fb4cb4dd94e6e55ff7f1ae7cfb996f315302be63e8e9a92cab9cf,2026-10-04,public-recipe-v1
RDA-90291,토하젓,https://www.nics.go.kr/food/kfi/tfSrch08/view?menuId=PS03520&tfcode=90291,23,9bbadb180f7fb4cb4dd94e6e55ff7f1ae7cfb996f315302be63e8e9a92cab9cf,2026-10-04,public-recipe-v1
RDA-91509,톳나물무침,https://www.nics.go.kr/food/kfi/tfSrch08/view?menuId=PS03520&tfcode=91509,24,37a628e7f292decb862b1325a613bc3c74260ebda4ed28edef41af03a743c7d4,2026-10-04,public-recipe-v1
RDA-92212,톳나물바지락회무침,https://www.nics.go.kr/food/kfi/tfSrch08/view?menuId=PS03520&tfcode=92212,24,37a628e7f292decb862b1325a613bc3c74260ebda4ed28edef41af03a743c7d4,2026-10-04,public-recipe-v1
RDA-90011,톳무침(톨무침),https://www.nics.go.kr/food/kfi/tfSrch08/view?menuId=PS03520&tfcode=90011,24,37a628e7f292decb862b1325a613bc3c74260ebda4ed28edef41af03a743c7d4,2026-10-04,public-recipe-v1
RDA-89942,톳범벅(톨범벅),https://www.nics.go.kr/food/kfi/tfSrch08/view?menuId=PS03520&tfcode=89942,24,37a628e7f292decb862b1325a613bc3c74260ebda4ed28edef41af03a743c7d4,2026-10-04,public-recipe-v1
RDA-89804,파래전,https://www.nics.go.kr/food/kfi/tfSrch08/view?menuId=PS03520&tfcode=89804,24,37a628e7f292decb862b1325a613bc3c74260ebda4ed28edef41af03a743c7d4,2026-10-04,public-recipe-v1
RDA-89969,파초냉국(반치냉국),https://www.nics.go.kr/food/kfi/tfSrch08/view?menuId=PS03520&tfcode=89969,24,37a628e7f292decb862b1325a613bc3c74260ebda4ed28edef41af03a743c7d4,2026-10-04,public-recipe-v1
RDA-91099,팥잎나물,https://www.nics.go.kr/food/kfi/tfSrch08/view?menuId=PS03520&tfcode=91099,24,37a628e7f292decb862b1325a613bc3c74260ebda4ed28edef41af03a743c7d4,2026-10-04,public-recipe-v1
RDA-89557,팥잎장,https://www.nics.go.kr/food/kfi/tfSrch08/view?menuId=PS03520&tfcode=89557,24,37a628e7f292decb862b1325a613bc3c74260ebda4ed28edef41af03a743c7d4,2026-10-04,public-recipe-v1
RDA-90397,편수,https://www.nics.go.kr/food/kfi/tfSrch08/view?menuId=PS03520&tfcode=90397,24,37a628e7f292decb862b1325a613bc3c74260ebda4ed28edef41af03a743c7d4,2026-10-04,public-recipe-v1
RDA-90596,편포,https://www.nics.go.kr/food/kfi/tfSrch08/view?menuId=PS03520&tfcode=90596,24,37a628e7f292decb862b1325a613bc3c74260ebda4ed28edef41af03a743c7d4,2026-10-04,public-recipe-v1
RDA-91799,풋옥수수범벅(풋강냉이범벅),https://www.nics.go.kr/food/kfi/tfSrch08/view?menuId=PS03520&tfcode=91799,24,37a628e7f292decb862b1325a613bc3c74260ebda4ed28edef41af03a743c7d4,2026-10-04,public-recipe-v1
RDA-90628,피마자잎쌈(아주까리잎쌈),https://www.nics.go.kr/food/kfi/tfSrch08/view?menuId=PS03520&tfcode=90628,24,37a628e7f292decb862b1325a613bc3c74260ebda4ed28edef41af03a743c7d4,2026-10-04,public-recipe-v1
RDA-92085,피문어죽(말린문어죽),https://www.nics.go.kr/food/kfi/tfSrch08/view?menuId=PS03520&tfcode=92085,24,37a628e7f292decb862b1325a613bc3c74260ebda4ed28edef41af03a743c7d4,2026-10-04,public-recipe-v1
RDA-92312,필암가양주,https://www.nics.go.kr/food/kfi/tfSrch08/view?menuId=PS03520&tfcode=92312,24,37a628e7f292decb862b1325a613bc3c74260ebda4ed28edef41af03a743c7d4,2026-10-04,public-recipe-v1
RDA-91321,하향주,https://www.nics.go.kr/food/kfi/tfSrch08/view?menuId=PS03520&tfcode=91321,24,37a628e7f292decb862b1325a613bc3c74260ebda4ed28edef41af03a743c7d4,2026-10-04,public-recipe-v1
RDA-91624,학꽁치회,https://www.nics.go.kr/food/kfi/tfSrch08/view?menuId=PS03520&tfcode=91624,24,37a628e7f292decb862b1325a613bc3c74260ebda4ed28edef41af03a743c7d4,2026-10-04,public-recipe-v1
RDA-91861,해물김치,https://www.nics.go.kr/food/kfi/tfSrch08/view?menuId=PS03520&tfcode=91861,24,37a628e7f292decb862b1325a613bc3c74260ebda4ed28edef41af03a743c7d4,2026-10-04,public-recipe-v1
RDA-91575,해물산적,https://www.nics.go.kr/food/kfi/tfSrch08/view?menuId=PS03520&tfcode=91575,24,37a628e7f292decb862b1325a613bc3c74260ebda4ed28edef41af03a743c7d4,2026-10-04,public-recipe-v1
RDA-91609,해물찜 <방법1>,https://www.nics.go.kr/food/kfi/tfSrch08/view?menuId=PS03520&tfcode=91609,24,37a628e7f292decb862b1325a613bc3c74260ebda4ed28edef41af03a743c7d4,2026-10-04,public-recipe-v1
RDA-91383,해물칼국수,https://www.nics.go.kr/food/kfi/tfSrch08/view?menuId=PS03520&tfcode=91383,24,37a628e7f292decb862b1325a613bc3c74260ebda4ed28edef41af03a743c7d4,2026-10-04,public-recipe-v1
RDA-89646,해장떡,https://www.nics.go.kr/food/kfi/tfSrch08/view?menuId=PS03520&tfcode=89646,24,37a628e7f292decb862b1325a613bc3c74260ebda4ed28edef41af03a743c7d4,2026-10-04,public-recipe-v1
RDA-91943,햇떼기식해,https://www.nics.go.kr/food/kfi/tfSrch08/view?menuId=PS03520&tfcode=91943,24,37a628e7f292decb862b1325a613bc3c74260ebda4ed28edef41af03a743c7d4,2026-10-04,public-recipe-v1
RDA-90709,향설고,https://www.nics.go.kr/food/kfi/tfSrch08/view?menuId=PS03520&tfcode=90709,24,37a628e7f292decb862b1325a613bc3c74260ebda4ed28edef41af03a743c7d4,2026-10-04,public-recipe-v1
RDA-91905,향어회,https://www.nics.go.kr/food/kfi/tfSrch08/view?menuId=PS03520&tfcode=91905,24,37a628e7f292decb862b1325a613bc3c74260ebda4ed28edef41af03a743c7d4,2026-10-04,public-recipe-v1
RDA-90719,호랭이술,https://www.nics.go.kr/food/kfi/tfSrch08/view?menuId=PS03520&tfcode=90719,24,37a628e7f292decb862b1325a613bc3c74260ebda4ed28edef41af03a743c7d4,2026-10-04,public-recipe-v1
RDA-91862,호박김치,https://www.nics.go.kr/food/kfi/tfSrch08/view?menuId=PS03520&tfcode=91862,24,37a628e7f292decb862b1325a613bc3c74260ebda4ed28edef41af03a743c7d4,2026-10-04,public-recipe-v1
RDA-90992,호박범벅,https://www.nics.go.kr/food/kfi/tfSrch08/view?menuId=PS03520&tfcode=90992,24,37a628e7f292decb862b1325a613bc3c74260ebda4ed28edef41af03a743c7d4,2026-10-04,public-recipe-v1
RDA-89651,호박송편,https://www.nics.go.kr/food/kfi/tfSrch08/view?menuId=PS03520&tfcode=89651,24,37a628e7f292decb862b1325a613bc3c74260ebda4ed28edef41af03a743c7d4,2026-10-04,public-recipe-v1
RDA-92508,홍어애탕국,https://www.nics.go.kr/food/kfi/tfSrch08/view?menuId=PS03520&tfcode=92508,24,37a628e7f292decb862b1325a613bc3c74260ebda4ed28edef41af03a743c7d4,2026-10-04,public-recipe-v1
RDA-89816,홍어어시육,https://www.nics.go.kr/food/kfi/tfSrch08/view?menuId=PS03520&tfcode=89816,24,37a628e7f292decb862b1325a613bc3c74260ebda4ed28edef41af03a743c7d4,2026-10-04,public-recipe-v1
RDA-91759,홍합장(합자장),https://www.nics.go.kr/food/kfi/tfSrch08/view?menuId=PS03520&tfcode=91759,24,37a628e7f292decb862b1325a613bc3c74260ebda4ed28edef41af03a743c7d4,2026-10-04,public-recipe-v1
RDA-90309,화전,https://www.nics.go.kr/food/kfi/tfSrch08/view?menuId=PS03520&tfcode=90309,24,37a628e7f292decb862b1325a613bc3c74260ebda4ed28edef41af03a743c7d4,2026-10-04,public-recipe-v1
RDA-91753,황금주,https://www.nics.go.kr/food/kfi/tfSrch08/view?menuId=PS03520&tfcode=91753,24,37a628e7f292decb862b1325a613bc3c74260ebda4ed28edef41af03a743c7d4,2026-10-04,public-recipe-v1
RDA-91896,황기향어찜,https://www.nics.go.kr/food/kfi/tfSrch08/view?menuId=PS03520&tfcode=91896,24,37a628e7f292decb862b1325a613bc3c74260ebda4ed28edef41af03a743c7d4,2026-10-04,public-recipe-v1
RDA-91780,황률밥,https://www.nics.go.kr/food/kfi/tfSrch08/view?menuId=PS03520&tfcode=91780,24,37a628e7f292decb862b1325a613bc3c74260ebda4ed28edef41af03a743c7d4,2026-10-04,public-recipe-v1
RDA-91511,가례불고기,https://www.nics.go.kr/food/kfi/tfSrch08/view?menuId=PS03520&tfcode=91511,24,37a628e7f292decb862b1325a613bc3c74260ebda4ed28edef41af03a743c7d4,2026-10-04,public-recipe-v1
RDA-90400,가리탕(갈비탕),https://www.nics.go.kr/food/kfi/tfSrch08/view?menuId=PS03520&tfcode=90400,24,37a628e7f292decb862b1325a613bc3c74260ebda4ed28edef41af03a743c7d4,2026-10-04,public-recipe-v1
RDA-89892,가야곡왕주,https://www.nics.go.kr/food/kfi/tfSrch08/view?menuId=PS03520&tfcode=89892,24,37a628e7f292decb862b1325a613bc3c74260ebda4ed28edef41af03a743c7d4,2026-10-04,public-recipe-v1
RDA-89806,가오리찜(갱개미찜),https://www.nics.go.kr/food/kfi/tfSrch08/view?menuId=PS03520&tfcode=89806,24,37a628e7f292decb862b1325a613bc3c74260ebda4ed28edef41af03a743c7d4,2026-10-04,public-recipe-v1
RDA-91393,가자미미역국,https://www.nics.go.kr/food/kfi/tfSrch08/view?menuId=PS03520&tfcode=91393,24,37a628e7f292decb862b1325a613bc3c74260ebda4ed28edef41af03a743c7d4,2026-10-04,public-recipe-v1
RDA-91670,가자미식해,https://www.nics.go.kr/food/kfi/tfSrch08/view?menuId=PS03520&tfcode=91670,24,37a628e7f292decb862b1325a613bc3c74260ebda4ed28edef41af03a743c7d4,2026-10-04,public-recipe-v1
RDA-91926,가자미식해 [방법1],https://www.nics.go.kr/food/kfi/tfSrch08/view?menuId=PS03520&tfcode=91926,24,37a628e7f292decb862b1325a613bc3c74260ebda4ed28edef41af03a743c7d4,2026-10-04,public-recipe-v1
RDA-91927,가자미식해 [방법2],https://www.nics.go.kr/food/kfi/tfSrch08/view?menuId=PS03520&tfcode=91927,24,37a628e7f292decb862b1325a613bc3c74260ebda4ed28edef41af03a743c7d4,2026-10-04,public-recipe-v1
RDA-90491,가자미양념구이,https://www.nics.go.kr/food/kfi/tfSrch08/view?menuId=PS03520&tfcode=90491,24,37a628e7f292decb862b1325a613bc3c74260ebda4ed28edef41af03a743c7d4,2026-10-04,public-recipe-v1
RDA-90839,가자미조림,https://www.nics.go.kr/food/kfi/tfSrch08/view?menuId=PS03520&tfcode=90839,24,37a628e7f292decb862b1325a613bc3c74260ebda4ed28edef41af03a743c7d4,2026-10-04,public-recipe-v1
RDA-90256,가죽부각,https://www.nics.go.kr/food/kfi/tfSrch08/view?menuId=PS03520&tfcode=90256,24,37a628e7f292decb862b1325a613bc3c74260ebda4ed28edef41af03a743c7d4,2026-10-04,public-recipe-v1
RDA-92513,가죽잎볶음,https://www.nics.go.kr/food/kfi/tfSrch08/view?menuId=PS03520&tfcode=92513,24,37a628e7f292decb862b1325a613bc3c74260ebda4ed28edef41af03a743c7d4,2026-10-04,public-recipe-v1
RDA-89602,가죽잎부각,https://www.nics.go.kr/food/kfi/tfSrch08/view?menuId=PS03520&tfcode=89602,24,37a628e7f292decb862b1325a613bc3c74260ebda4ed28edef41af03a743c7d4,2026-10-04,public-recipe-v1
RDA-90582,가죽잎부각,https://www.nics.go.kr/food/kfi/tfSrch08/view?menuId=PS03520&tfcode=90582,24,37a628e7f292decb862b1325a613bc3c74260ebda4ed28edef41af03a743c7d4,2026-10-04,public-recipe-v1
RDA-91546,가죽잎전,https://www.nics.go.kr/food/kfi/tfSrch08/view?menuId=PS03520&tfcode=91546,24,37a628e7f292decb862b1325a613bc3c74260ebda4ed28edef41af03a743c7d4,2026-10-04,public-recipe-v1
RDA-90208,가죽잎초무침,https://www.nics.go.kr/food/kfi/tfSrch08/view?menuId=PS03520&tfcode=90208,24,37a628e7f292decb862b1325a613bc3c74260ebda4ed28edef41af03a743c7d4,2026-10-04,public-recipe-v1
RDA-91651,가죽장아찌,https://www.nics.go.kr/food/kfi/tfSrch08/view?menuId=PS03520&tfcode=91651,24,37a628e7f292decb862b1325a613bc3c74260ebda4ed28edef41af03a743c7d4,2026-10-04,public-recipe-v1
RDA-92596,가지장아찌,https://www.nics.go.kr/food/kfi/tfSrch08/view?menuId=PS03520&tfcode=92596,24,37a628e7f292decb862b1325a613bc3c74260ebda4ed28edef41af03a743c7d4,2026-10-04,public-recipe-v1
RDA-92706,가지장아찌(가지지),https://www.nics.go.kr/food/kfi/tfSrch08/view?menuId=PS03520&tfcode=92706,24,37a628e7f292decb862b1325a613bc3c74260ebda4ed28edef41af03a743c7d4,2026-10-04,public-recipe-v1
RDA-90522,가지전,https://www.nics.go.kr/food/kfi/tfSrch08/view?menuId=PS03520&tfcode=90522,24,37a628e7f292decb862b1325a613bc3c74260ebda4ed28edef41af03a743c7d4,2026-10-04,public-recipe-v1
RDA-90552,가지찜,https://www.nics.go.kr/food/kfi/tfSrch08/view?menuId=PS03520&tfcode=90552,24,37a628e7f292decb862b1325a613bc3c74260ebda4ed28edef41af03a743c7d4,2026-10-04,public-recipe-v1
RDA-90670,가평송화다식,https://www.nics.go.kr/food/kfi/tfSrch08/view?menuId=PS03520&tfcode=90670,24,37a628e7f292decb862b1325a613bc3c74260ebda4ed28edef41af03a743c7d4,2026-10-04,public-recipe-v1
RDA-91292,"각색정과(도라지정과, 연근정과, 우엉정과, 잣정과)",https://www.nics.go.kr/food/kfi/tfSrch08/view?menuId=PS03520&tfcode=91292,24,37a628e7f292decb862b1325a613bc3c74260ebda4ed28edef41af03a743c7d4,2026-10-04,public-recipe-v1
RDA-92093,간재미탕<방법1>,https://www.nics.go.kr/food/kfi/tfSrch08/view?menuId=PS03520&tfcode=92093,24,37a628e7f292decb862b1325a613bc3c74260ebda4ed28edef41af03a743c7d4,2026-10-04,public-recipe-v1
RDA-92094,간재미탕<방법2>,https://www.nics.go.kr/food/kfi/tfSrch08/view?menuId=PS03520&tfcode=92094,24,37a628e7f292decb862b1325a613bc3c74260ebda4ed28edef41af03a743c7d4,2026-10-04,public-recipe-v1
RDA-90039,간전,https://www.nics.go.kr/food/kfi/tfSrch08/view?menuId=PS03520&tfcode=90039,24,37a628e7f292decb862b1325a613bc3c74260ebda4ed28edef41af03a743c7d4,2026-10-04,public-recipe-v1
RDA-92169,갈비구이,https://www.nics.go.kr/food/kfi/tfSrch08/view?menuId=PS03520&tfcode=92169,24,37a628e7f292decb862b1325a613bc3c74260ebda4ed28edef41af03a743c7d4,2026-10-04,public-recipe-v1
RDA-92510,갈비구이(생갈비구이),https://www.nics.go.kr/food/kfi/tfSrch08/view?menuId=PS03520&tfcode=92510,24,37a628e7f292decb862b1325a613bc3c74260ebda4ed28edef41af03a743c7d4,2026-10-04,public-recipe-v1
RDA-92518,갈비찜,https://www.nics.go.kr/food/kfi/tfSrch08/view?menuId=PS03520&tfcode=92518,24,37a628e7f292decb862b1325a613bc3c74260ebda4ed28edef41af03a743c7d4,2026-10-04,public-recipe-v1
RDA-90743,갈비탕,https://www.nics.go.kr/food/kfi/tfSrch08/view?menuId=PS03520&tfcode=90743,24,37a628e7f292decb862b1325a613bc3c74260ebda4ed28edef41af03a743c7d4,2026-10-04,public-recipe-v1
RDA-90014,갈치구이,https://www.nics.go.kr/food/kfi/tfSrch08/view?menuId=PS03520&tfcode=90014,24,37a628e7f292decb862b1325a613bc3c74260ebda4ed28edef41af03a743c7d4,2026-10-04,public-recipe-v1
RDA-91452,갈치섞박지,https://www.nics.go.kr/food/kfi/tfSrch08/view?menuId=PS03520&tfcode=91452,24,37a628e7f292decb862b1325a613bc3c74260ebda4ed28edef41af03a743c7d4,2026-10-04,public-recipe-v1
RDA-92241,갈치속젓,https://www.nics.go.kr/food/kfi/tfSrch08/view?menuId=PS03520&tfcode=92241,24,37a628e7f292decb862b1325a613bc3c74260ebda4ed28edef41af03a743c7d4,2026-10-04,public-recipe-v1
RDA-91672,갈치식해,https://www.nics.go.kr/food/kfi/tfSrch08/view?menuId=PS03520&tfcode=91672,24,37a628e7f292decb862b1325a613bc3c74260ebda4ed28edef41af03a743c7d4,2026-10-04,public-recipe-v1
RDA-90840,갈치조림(갈치무조림),https://www.nics.go.kr/food/kfi/tfSrch08/view?menuId=PS03520&tfcode=90840,24,37a628e7f292decb862b1325a613bc3c74260ebda4ed28edef41af03a743c7d4,2026-10-04,public-recipe-v1
RDA-90032,갈치조림(갈치지짐),https://www.nics.go.kr/food/kfi/tfSrch08/view?menuId=PS03520&tfcode=90032,25,8e525973a0839267b1ef4b828c95cc34d5e105b15e84991aa00b26cef13c66c5,2026-10-04,public-recipe-v1
RDA-91610,갈치회(기장갈치회),https://www.nics.go.kr/food/kfi/tfSrch08/view?menuId=PS03520&tfcode=91610,25,8e525973a0839267b1ef4b828c95cc34d5e105b15e84991aa00b26cef13c66c5,2026-10-04,public-recipe-v1
RDA-92260,감고지떡,https://www.nics.go.kr/food/kfi/tfSrch08/view?menuId=PS03520&tfcode=92260,25,8e525973a0839267b1ef4b828c95cc34d5e105b15e84991aa00b26cef13c66c5,2026-10-04,public-recipe-v1
RDA-91244,감고지떡(감모름떡),https://www.nics.go.kr/food/kfi/tfSrch08/view?menuId=PS03520&tfcode=91244,25,8e525973a0839267b1ef4b828c95cc34d5e105b15e84991aa00b26cef13c66c5,2026-10-04,public-recipe-v1
RDA-91322,감고추장,https://www.nics.go.kr/food/kfi/tfSrch08/view?menuId=PS03520&tfcode=91322,25,8e525973a0839267b1ef4b828c95cc34d5e105b15e84991aa00b26cef13c66c5,2026-10-04,public-recipe-v1
RDA-91185,감꽃부각(감잎부각),https://www.nics.go.kr/food/kfi/tfSrch08/view?menuId=PS03520&tfcode=91185,25,8e525973a0839267b1ef4b828c95cc34d5e105b15e84991aa00b26cef13c66c5,2026-10-04,public-recipe-v1
RDA-91698,감단자,https://www.nics.go.kr/food/kfi/tfSrch08/view?menuId=PS03520&tfcode=91698,25,8e525973a0839267b1ef4b828c95cc34d5e105b15e84991aa00b26cef13c66c5,2026-10-04,public-recipe-v1
RDA-89626,감떡개(감또개떡) <방법2>,https://www.nics.go.kr/food/kfi/tfSrch08/view?menuId=PS03520&tfcode=89626,25,8e525973a0839267b1ef4b828c95cc34d5e105b15e84991aa00b26cef13c66c5,2026-10-04,public-recipe-v1
RDA-91245,감설기,https://www.nics.go.kr/food/kfi/tfSrch08/view?menuId=PS03520&tfcode=91245,25,8e525973a0839267b1ef4b828c95cc34d5e105b15e84991aa00b26cef13c66c5,2026-10-04,public-recipe-v1
RDA-92457,감식초,https://www.nics.go.kr/food/kfi/tfSrch08/view?menuId=PS03520&tfcode=92457,25,8e525973a0839267b1ef4b828c95cc34d5e105b15e84991aa00b26cef13c66c5,2026-10-04,public-recipe-v1
RDA-90343,감식초,https://www.nics.go.kr/food/kfi/tfSrch08/view?menuId=PS03520&tfcode=90343,25,8e525973a0839267b1ef4b828c95cc34d5e105b15e84991aa00b26cef13c66c5,2026-10-04,public-recipe-v1
RDA-91327,감식초,https://www.nics.go.kr/food/kfi/tfSrch08/view?menuId=PS03520&tfcode=91327,25,8e525973a0839267b1ef4b828c95cc34d5e105b15e84991aa00b26cef13c66c5,2026-10-04,public-recipe-v1
RDA-92560,감식초 [방법1],https://www.nics.go.kr/food/kfi/tfSrch08/view?menuId=PS03520&tfcode=92560,25,8e525973a0839267b1ef4b828c95cc34d5e105b15e84991aa00b26cef13c66c5,2026-10-04,public-recipe-v1
RDA-89683,감식초<방법2>,https://www.nics.go.kr/food/kfi/tfSrch08/view?menuId=PS03520&tfcode=89683,25,8e525973a0839267b1ef4b828c95cc34d5e105b15e84991aa00b26cef13c66c5,2026-10-04,public-recipe-v1
RDA-91323,감쌈장,https://www.nics.go.kr/food/kfi/tfSrch08/view?menuId=PS03520&tfcode=91323,25,8e525973a0839267b1ef4b828c95cc34d5e105b15e84991aa00b26cef13c66c5,2026-10-04,public-recipe-v1
RDA-89670,감잎차,https://www.nics.go.kr/food/kfi/tfSrch08/view?menuId=PS03520&tfcode=89670,25,8e525973a0839267b1ef4b828c95cc34d5e105b15e84991aa00b26cef13c66c5,2026-10-04,public-recipe-v1
RDA-91246,감자경단,https://www.nics.go.kr/food/kfi/tfSrch08/view?menuId=PS03520&tfcode=91246,25,8e525973a0839267b1ef4b828c95cc34d5e105b15e84991aa00b26cef13c66c5,2026-10-04,public-recipe-v1
RDA-91950,감자경단,https://www.nics.go.kr/food/kfi/tfSrch08/view?menuId=PS03520&tfcode=91950,25,8e525973a0839267b1ef4b828c95cc34d5e105b15e84991aa00b26cef13c66c5,2026-10-04,public-recipe-v1
RDA-91015,감자국,https://www.nics.go.kr/food/kfi/tfSrch08/view?menuId=PS03520&tfcode=91015,25,8e525973a0839267b1ef4b828c95cc34d5e105b15e84991aa00b26cef13c66c5,2026-10-04,public-recipe-v1
RDA-91800,감자국수,https://www.nics.go.kr/food/kfi/tfSrch08/view?menuId=PS03520&tfcode=91800,25,8e525973a0839267b1ef4b828c95cc34d5e105b15e84991aa00b26cef13c66c5,2026-10-04,public-recipe-v1
RDA-91700,감자떡,https://www.nics.go.kr/food/kfi/tfSrch08/view?menuId=PS03520&tfcode=91700,25,8e525973a0839267b1ef4b828c95cc34d5e105b15e84991aa00b26cef13c66c5,2026-10-04,public-recipe-v1
RDA-91826,감자만두,https://www.nics.go.kr/food/kfi/tfSrch08/view?menuId=PS03520&tfcode=91826,25,8e525973a0839267b1ef4b828c95cc34d5e105b15e84991aa00b26cef13c66c5,2026-10-04,public-recipe-v1
RDA-91763,감자밥,https://www.nics.go.kr/food/kfi/tfSrch08/view?menuId=PS03520&tfcode=91763,25,8e525973a0839267b1ef4b828c95cc34d5e105b15e84991aa00b26cef13c66c5,2026-10-04,public-recipe-v1
RDA-90988,감자버무리,https://www.nics.go.kr/food/kfi/tfSrch08/view?menuId=PS03520&tfcode=90988,25,8e525973a0839267b1ef4b828c95cc34d5e105b15e84991aa00b26cef13c66c5,2026-10-04,public-recipe-v1
RDA-91906,감자부각,https://www.nics.go.kr/food/kfi/tfSrch08/view?menuId=PS03520&tfcode=91906,25,8e525973a0839267b1ef4b828c95cc34d5e105b15e84991aa00b26cef13c66c5,2026-10-04,public-recipe-v1
RDA-91186,감자부각(감자말림),https://www.nics.go.kr/food/kfi/tfSrch08/view?menuId=PS03520&tfcode=91186,25,8e525973a0839267b1ef4b828c95cc34d5e105b15e84991aa00b26cef13c66c5,2026-10-04,public-recipe-v1
RDA-89627,감자삼색송편,https://www.nics.go.kr/food/kfi/tfSrch08/view?menuId=PS03520&tfcode=89627,25,8e525973a0839267b1ef4b828c95cc34d5e105b15e84991aa00b26cef13c66c5,2026-10-04,public-recipe-v1
RDA-91801,감자새알칼국수,https://www.nics.go.kr/food/kfi/tfSrch08/view?menuId=PS03520&tfcode=91801,25,8e525973a0839267b1ef4b828c95cc34d5e105b15e84991aa00b26cef13c66c5,2026-10-04,public-recipe-v1
RDA-91701,감자송편,https://www.nics.go.kr/food/kfi/tfSrch08/view?menuId=PS03520&tfcode=91701,25,8e525973a0839267b1ef4b828c95cc34d5e105b15e84991aa00b26cef13c66c5,2026-10-04,public-recipe-v1
RDA-92087,감자수제비,https://www.nics.go.kr/food/kfi/tfSrch08/view?menuId=PS03520&tfcode=92087,25,8e525973a0839267b1ef4b828c95cc34d5e105b15e84991aa00b26cef13c66c5,2026-10-04,public-recipe-v1
RDA-91802,감자수제비<방법1>,https://www.nics.go.kr/food/kfi/tfSrch08/view?menuId=PS03520&tfcode=91802,25,8e525973a0839267b1ef4b828c95cc34d5e105b15e84991aa00b26cef13c66c5,2026-10-04,public-recipe-v1
RDA-91803,감자수제비<방법2>,https://www.nics.go.kr/food/kfi/tfSrch08/view?menuId=PS03520&tfcode=91803,25,8e525973a0839267b1ef4b828c95cc34d5e105b15e84991aa00b26cef13c66c5,2026-10-04,public-recipe-v1
RDA-91310,감자술,https://www.nics.go.kr/food/kfi/tfSrch08/view?menuId=PS03520&tfcode=91310,25,8e525973a0839267b1ef4b828c95cc34d5e105b15e84991aa00b26cef13c66c5,2026-10-04,public-recipe-v1
RDA-91955,감자시루떡,https://www.nics.go.kr/food/kfi/tfSrch08/view?menuId=PS03520&tfcode=91955,25,8e525973a0839267b1ef4b828c95cc34d5e105b15e84991aa00b26cef13c66c5,2026-10-04,public-recipe-v1
RDA-91781,감자옹심이죽(감자봉글죽),https://www.nics.go.kr/food/kfi/tfSrch08/view?menuId=PS03520&tfcode=91781,25,8e525973a0839267b1ef4b828c95cc34d5e105b15e84991aa00b26cef13c66c5,2026-10-04,public-recipe-v1
RDA-91121,감자장전(감자장떡),https://www.nics.go.kr/food/kfi/tfSrch08/view?menuId=PS03520&tfcode=91121,25,8e525973a0839267b1ef4b828c95cc34d5e105b15e84991aa00b26cef13c66c5,2026-10-04,public-recipe-v1
RDA-92369,감자전,https://www.nics.go.kr/food/kfi/tfSrch08/view?menuId=PS03520&tfcode=92369,25,8e525973a0839267b1ef4b828c95cc34d5e105b15e84991aa00b26cef13c66c5,2026-10-04,public-recipe-v1
RDA-90868,감자전,https://www.nics.go.kr/food/kfi/tfSrch08/view?menuId=PS03520&tfcode=90868,25,8e525973a0839267b1ef4b828c95cc34d5e105b15e84991aa00b26cef13c66c5,2026-10-04,public-recipe-v1
RDA-91122,감자전(장바우감자전),https://www.nics.go.kr/food/kfi/tfSrch08/view?menuId=PS03520&tfcode=91122,25,8e525973a0839267b1ef4b828c95cc34d5e105b15e84991aa00b26cef13c66c5,2026-10-04,public-recipe-v1
RDA-91951,감자전분송편,https://www.nics.go.kr/food/kfi/tfSrch08/view?menuId=PS03520&tfcode=91951,25,8e525973a0839267b1ef4b828c95cc34d5e105b15e84991aa00b26cef13c66c5,2026-10-04,public-recipe-v1
RDA-92532,감자죽(지실죽),https://www.nics.go.kr/food/kfi/tfSrch08/view?menuId=PS03520&tfcode=92532,25,8e525973a0839267b1ef4b828c95cc34d5e105b15e84991aa00b26cef13c66c5,2026-10-04,public-recipe-v1
RDA-90272,감장아찌,https://www.nics.go.kr/food/kfi/tfSrch08/view?menuId=PS03520&tfcode=90272,25,8e525973a0839267b1ef4b828c95cc34d5e105b15e84991aa00b26cef13c66c5,2026-10-04,public-recipe-v1
RDA-89611,감장아찌,https://www.nics.go.kr/food/kfi/tfSrch08/view?menuId=PS03520&tfcode=89611,25,8e525973a0839267b1ef4b828c95cc34d5e105b15e84991aa00b26cef13c66c5,2026-10-04,public-recipe-v1
RDA-89838,감장아찌,https://www.nics.go.kr/food/kfi/tfSrch08/view?menuId=PS03520&tfcode=89838,25,8e525973a0839267b1ef4b828c95cc34d5e105b15e84991aa00b26cef13c66c5,2026-10-04,public-recipe-v1
RDA-92224,감장아찌,https://www.nics.go.kr/food/kfi/tfSrch08/view?menuId=PS03520&tfcode=92224,25,8e525973a0839267b1ef4b828c95cc34d5e105b15e84991aa00b26cef13c66c5,2026-10-04,public-recipe-v1
RDA-92642,갓김치(갯나물짐치),https://www.nics.go.kr/food/kfi/tfSrch08/view?menuId=PS03520&tfcode=92642,25,8e525973a0839267b1ef4b828c95cc34d5e105b15e84991aa00b26cef13c66c5,2026-10-04,public-recipe-v1
RDA-92129,"갓김치(적갓김치, 청갓김치)",https://www.nics.go.kr/food/kfi/tfSrch08/view?menuId=PS03520&tfcode=92129,25,8e525973a0839267b1ef4b828c95cc34d5e105b15e84991aa00b26cef13c66c5,2026-10-04,public-recipe-v1
RDA-92130,갓동치미,https://www.nics.go.kr/food/kfi/tfSrch08/view?menuId=PS03520&tfcode=92130,25,8e525973a0839267b1ef4b828c95cc34d5e105b15e84991aa00b26cef13c66c5,2026-10-04,public-recipe-v1
RDA-90443,강된장찌개,https://www.nics.go.kr/food/kfi/tfSrch08/view?menuId=PS03520&tfcode=90443,25,8e525973a0839267b1ef4b828c95cc34d5e105b15e84991aa00b26cef13c66c5,2026-10-04,public-recipe-v1
RDA-92036,강릉청주,https://www.nics.go.kr/food/kfi/tfSrch08/view?menuId=PS03520&tfcode=92036,25,8e525973a0839267b1ef4b828c95cc34d5e105b15e84991aa00b26cef13c66c5,2026-10-04,public-recipe-v1
RDA-90113,강정,https://www.nics.go.kr/food/kfi/tfSrch08/view?menuId=PS03520&tfcode=90113,25,8e525973a0839267b1ef4b828c95cc34d5e105b15e84991aa00b26cef13c66c5,2026-10-04,public-recipe-v1
RDA-90312,강정,https://www.nics.go.kr/food/kfi/tfSrch08/view?menuId=PS03520&tfcode=90312,25,8e525973a0839267b1ef4b828c95cc34d5e105b15e84991aa00b26cef13c66c5,2026-10-04,public-recipe-v1
RDA-92019,강정(오색강정),https://www.nics.go.kr/food/kfi/tfSrch08/view?menuId=PS03520&tfcode=92019,25,8e525973a0839267b1ef4b828c95cc34d5e105b15e84991aa00b26cef13c66c5,2026-10-04,public-recipe-v1
RDA-92068,개고기죽,https://www.nics.go.kr/food/kfi/tfSrch08/view?menuId=PS03520&tfcode=92068,25,8e525973a0839267b1ef4b828c95cc34d5e105b15e84991aa00b26cef13c66c5,2026-10-04,public-recipe-v1
RDA-91702,개떡,https://www.nics.go.kr/food/kfi/tfSrch08/view?menuId=PS03520&tfcode=91702,25,8e525973a0839267b1ef4b828c95cc34d5e105b15e84991aa00b26cef13c66c5,2026-10-04,public-recipe-v1
RDA-91248,개떡(등겨떡),https://www.nics.go.kr/food/kfi/tfSrch08/view?menuId=PS03520&tfcode=91248,25,8e525973a0839267b1ef4b828c95cc34d5e105b15e84991aa00b26cef13c66c5,2026-10-04,public-recipe-v1
RDA-90632,개성경단,https://www.nics.go.kr/food/kfi/tfSrch08/view?menuId=PS03520&tfcode=90632,25,8e525973a0839267b1ef4b828c95cc34d5e105b15e84991aa00b26cef13c66c5,2026-10-04,public-recipe-v1
RDA-90460,개성보쌈김치,https://www.nics.go.kr/food/kfi/tfSrch08/view?menuId=PS03520&tfcode=90460,25,8e525973a0839267b1ef4b828c95cc34d5e105b15e84991aa00b26cef13c66c5,2026-10-04,public-recipe-v1
RDA-90401,개장국,https://www.nics.go.kr/food/kfi/tfSrch08/view?menuId=PS03520&tfcode=90401,25,8e525973a0839267b1ef4b828c95cc34d5e105b15e84991aa00b26cef13c66c5,2026-10-04,public-recipe-v1
RDA-91581,갯가재찜(속찜),https://www.nics.go.kr/food/kfi/tfSrch08/view?menuId=PS03520&tfcode=91581,25,8e525973a0839267b1ef4b828c95cc34d5e105b15e84991aa00b26cef13c66c5,2026-10-04,public-recipe-v1
RDA-89504,갱시기(갱싱이죽) <방법 1>,https://www.nics.go.kr/food/kfi/tfSrch08/view?menuId=PS03520&tfcode=89504,25,8e525973a0839267b1ef4b828c95cc34d5e105b15e84991aa00b26cef13c66c5,2026-10-04,public-recipe-v1
RDA-89794,건바지락볶음,https://www.nics.go.kr/food/kfi/tfSrch08/view?menuId=PS03520&tfcode=89794,25,8e525973a0839267b1ef4b828c95cc34d5e105b15e84991aa00b26cef13c66c5,2026-10-04,public-recipe-v1
RDA-90745,건새우아욱국,https://www.nics.go.kr/food/kfi/tfSrch08/view?menuId=PS03520&tfcode=90745,25,8e525973a0839267b1ef4b828c95cc34d5e105b15e84991aa00b26cef13c66c5,2026-10-04,public-recipe-v1
RDA-91112,건어물조림,https://www.nics.go.kr/food/kfi/tfSrch08/view?menuId=PS03520&tfcode=91112,25,8e525973a0839267b1ef4b828c95cc34d5e105b15e84991aa00b26cef13c66c5,2026-10-04,public-recipe-v1
RDA-90901,건파래무침,https://www.nics.go.kr/food/kfi/tfSrch08/view?menuId=PS03520&tfcode=90901,25,8e525973a0839267b1ef4b828c95cc34d5e105b15e84991aa00b26cef13c66c5,2026-10-04,public-recipe-v1
RDA-92069,"겉보리겨죽(겉보리재죽, 보리뜨물, 보리숭늉)",https://www.nics.go.kr/food/kfi/tfSrch08/view?menuId=PS03520&tfcode=92069,25,8e525973a0839267b1ef4b828c95cc34d5e105b15e84991aa00b26cef13c66c5,2026-10-04,public-recipe-v1
RDA-89954,게국(깅이국),https://www.nics.go.kr/food/kfi/tfSrch08/view?menuId=PS03520&tfcode=89954,25,8e525973a0839267b1ef4b828c95cc34d5e105b15e84991aa00b26cef13c66c5,2026-10-04,public-recipe-v1
RDA-89750,게국지찌개,https://www.nics.go.kr/food/kfi/tfSrch08/view?menuId=PS03520&tfcode=89750,25,8e525973a0839267b1ef4b828c95cc34d5e105b15e84991aa00b26cef13c66c5,2026-10-04,public-recipe-v1
RDA-92226,게된장박이,https://www.nics.go.kr/food/kfi/tfSrch08/view?menuId=PS03520&tfcode=92226,25,8e525973a0839267b1ef4b828c95cc34d5e105b15e84991aa00b26cef13c66c5,2026-10-04,public-recipe-v1
RDA-91234,게장,https://www.nics.go.kr/food/kfi/tfSrch08/view?menuId=PS03520&tfcode=91234,25,8e525973a0839267b1ef4b828c95cc34d5e105b15e84991aa00b26cef13c66c5,2026-10-04,public-recipe-v1
RDA-90914,게장(꽃게장),https://www.nics.go.kr/food/kfi/tfSrch08/view?menuId=PS03520&tfcode=90914,26,12f4f67c86adc91f318ccb35e1e525760e3250e2ac1e037ed767fc4000825efe,2026-10-04,public-recipe-v1
RDA-90083,게젓(깅이젓),https://www.nics.go.kr/food/kfi/tfSrch08/view?menuId=PS03520&tfcode=90083,26,12f4f67c86adc91f318ccb35e1e525760e3250e2ac1e037ed767fc4000825efe,2026-10-04,public-recipe-v1
RDA-90033,"게조림(깅이조림,깅이콩지짐)<방법 1>",https://www.nics.go.kr/food/kfi/tfSrch08/view?menuId=PS03520&tfcode=90033,26,12f4f67c86adc91f318ccb35e1e525760e3250e2ac1e037ed767fc4000825efe,2026-10-04,public-recipe-v1
RDA-89922,게죽(깅이죽),https://www.nics.go.kr/food/kfi/tfSrch08/view?menuId=PS03520&tfcode=89922,26,12f4f67c86adc91f318ccb35e1e525760e3250e2ac1e037ed767fc4000825efe,2026-10-04,public-recipe-v1
RDA-92189,게찜,https://www.nics.go.kr/food/kfi/tfSrch08/view?menuId=PS03520&tfcode=92189,26,12f4f67c86adc91f318ccb35e1e525760e3250e2ac1e037ed767fc4000825efe,2026-10-04,public-recipe-v1
RDA-91582,게찜(꽃게찜),https://www.nics.go.kr/food/kfi/tfSrch08/view?menuId=PS03520&tfcode=91582,26,12f4f67c86adc91f318ccb35e1e525760e3250e2ac1e037ed767fc4000825efe,2026-10-04,public-recipe-v1
RDA-91703,"결명자부꾸미(결명자찹쌀부꾸미, 찹쌀부꾸미)",https://www.nics.go.kr/food/kfi/tfSrch08/view?menuId=PS03520&tfcode=91703,26,12f4f67c86adc91f318ccb35e1e525760e3250e2ac1e037ed767fc4000825efe,2026-10-04,public-recipe-v1
RDA-92382,경단,https://www.nics.go.kr/food/kfi/tfSrch08/view?menuId=PS03520&tfcode=92382,26,12f4f67c86adc91f318ccb35e1e525760e3250e2ac1e037ed767fc4000825efe,2026-10-04,public-recipe-v1
RDA-90924,경단,https://www.nics.go.kr/food/kfi/tfSrch08/view?menuId=PS03520&tfcode=90924,26,12f4f67c86adc91f318ccb35e1e525760e3250e2ac1e037ed767fc4000825efe,2026-10-04,public-recipe-v1
RDA-90685,계피차,https://www.nics.go.kr/food/kfi/tfSrch08/view?menuId=PS03520&tfcode=90685,26,12f4f67c86adc91f318ccb35e1e525760e3250e2ac1e037ed767fc4000825efe,2026-10-04,public-recipe-v1
RDA-90720,고구마고추장,https://www.nics.go.kr/food/kfi/tfSrch08/view?menuId=PS03520&tfcode=90720,26,12f4f67c86adc91f318ccb35e1e525760e3250e2ac1e037ed767fc4000825efe,2026-10-04,public-recipe-v1
RDA-92708,고구마고추장,https://www.nics.go.kr/food/kfi/tfSrch08/view?menuId=PS03520&tfcode=92708,26,12f4f67c86adc91f318ccb35e1e525760e3250e2ac1e037ed767fc4000825efe,2026-10-04,public-recipe-v1
RDA-92070,고구마대죽(고구마줄기죽),https://www.nics.go.kr/food/kfi/tfSrch08/view?menuId=PS03520&tfcode=92070,26,12f4f67c86adc91f318ccb35e1e525760e3250e2ac1e037ed767fc4000825efe,2026-10-04,public-recipe-v1
RDA-90093,"고구마떡(감제떡, 감저떡, 감제돌래떡)",https://www.nics.go.kr/food/kfi/tfSrch08/view?menuId=PS03520&tfcode=90093,26,12f4f67c86adc91f318ccb35e1e525760e3250e2ac1e037ed767fc4000825efe,2026-10-04,public-recipe-v1
RDA-91920,고구마묵,https://www.nics.go.kr/food/kfi/tfSrch08/view?menuId=PS03520&tfcode=91920,26,12f4f67c86adc91f318ccb35e1e525760e3250e2ac1e037ed767fc4000825efe,2026-10-04,public-recipe-v1
RDA-90601,고구마묵,https://www.nics.go.kr/food/kfi/tfSrch08/view?menuId=PS03520&tfcode=90601,26,12f4f67c86adc91f318ccb35e1e525760e3250e2ac1e037ed767fc4000825efe,2026-10-04,public-recipe-v1
RDA-91207,고구마묵(고구마전분묵),https://www.nics.go.kr/food/kfi/tfSrch08/view?menuId=PS03520&tfcode=91207,26,12f4f67c86adc91f318ccb35e1e525760e3250e2ac1e037ed767fc4000825efe,2026-10-04,public-recipe-v1
RDA-92055,고구마밥,https://www.nics.go.kr/food/kfi/tfSrch08/view?menuId=PS03520&tfcode=92055,26,12f4f67c86adc91f318ccb35e1e525760e3250e2ac1e037ed767fc4000825efe,2026-10-04,public-recipe-v1
RDA-92149,고구마순 나물,https://www.nics.go.kr/food/kfi/tfSrch08/view?menuId=PS03520&tfcode=92149,26,12f4f67c86adc91f318ccb35e1e525760e3250e2ac1e037ed767fc4000825efe,2026-10-04,public-recipe-v1
RDA-90060,고구마순장아찌,https://www.nics.go.kr/food/kfi/tfSrch08/view?menuId=PS03520&tfcode=90060,26,12f4f67c86adc91f318ccb35e1e525760e3250e2ac1e037ed767fc4000825efe,2026-10-04,public-recipe-v1
RDA-92264,고구마시루떡,https://www.nics.go.kr/food/kfi/tfSrch08/view?menuId=PS03520&tfcode=92264,26,12f4f67c86adc91f318ccb35e1e525760e3250e2ac1e037ed767fc4000825efe,2026-10-04,public-recipe-v1
RDA-90094,고구마시루떡(감제침떡),https://www.nics.go.kr/food/kfi/tfSrch08/view?menuId=PS03520&tfcode=90094,26,12f4f67c86adc91f318ccb35e1e525760e3250e2ac1e037ed767fc4000825efe,2026-10-04,public-recipe-v1
RDA-92424,고구마엿,https://www.nics.go.kr/food/kfi/tfSrch08/view?menuId=PS03520&tfcode=92424,26,12f4f67c86adc91f318ccb35e1e525760e3250e2ac1e037ed767fc4000825efe,2026-10-04,public-recipe-v1
RDA-92096,고구마잎나물국,https://www.nics.go.kr/food/kfi/tfSrch08/view?menuId=PS03520&tfcode=92096,26,12f4f67c86adc91f318ccb35e1e525760e3250e2ac1e037ed767fc4000825efe,2026-10-04,public-recipe-v1
RDA-91547,고구마전,https://www.nics.go.kr/food/kfi/tfSrch08/view?menuId=PS03520&tfcode=91547,26,12f4f67c86adc91f318ccb35e1e525760e3250e2ac1e037ed767fc4000825efe,2026-10-04,public-recipe-v1
RDA-90231,고구마전,https://www.nics.go.kr/food/kfi/tfSrch08/view?menuId=PS03520&tfcode=90231,26,12f4f67c86adc91f318ccb35e1e525760e3250e2ac1e037ed767fc4000825efe,2026-10-04,public-recipe-v1
RDA-89657,고구마정과,https://www.nics.go.kr/food/kfi/tfSrch08/view?menuId=PS03520&tfcode=89657,26,12f4f67c86adc91f318ccb35e1e525760e3250e2ac1e037ed767fc4000825efe,2026-10-04,public-recipe-v1
RDA-92071,고구마죽,https://www.nics.go.kr/food/kfi/tfSrch08/view?menuId=PS03520&tfcode=92071,26,12f4f67c86adc91f318ccb35e1e525760e3250e2ac1e037ed767fc4000825efe,2026-10-04,public-recipe-v1
RDA-89943,"고기국수(괴기국수, 돼지국수)<방법1>",https://www.nics.go.kr/food/kfi/tfSrch08/view?menuId=PS03520&tfcode=89943,26,12f4f67c86adc91f318ccb35e1e525760e3250e2ac1e037ed767fc4000825efe,2026-10-04,public-recipe-v1
RDA-89947,"고둥수제비(보말수제비, 고매기수제비)",https://www.nics.go.kr/food/kfi/tfSrch08/view?menuId=PS03520&tfcode=89947,26,12f4f67c86adc91f318ccb35e1e525760e3250e2ac1e037ed767fc4000825efe,2026-10-04,public-recipe-v1
RDA-89708,고둥수제비(올갱이수제비),https://www.nics.go.kr/food/kfi/tfSrch08/view?menuId=PS03520&tfcode=89708,26,12f4f67c86adc91f318ccb35e1e525760e3250e2ac1e037ed767fc4000825efe,2026-10-04,public-recipe-v1
RDA-92200,고둥회(고동회),https://www.nics.go.kr/food/kfi/tfSrch08/view?menuId=PS03520&tfcode=92200,26,12f4f67c86adc91f318ccb35e1e525760e3250e2ac1e037ed767fc4000825efe,2026-10-04,public-recipe-v1
RDA-90196,고들빼기김치,https://www.nics.go.kr/food/kfi/tfSrch08/view?menuId=PS03520&tfcode=90196,26,12f4f67c86adc91f318ccb35e1e525760e3250e2ac1e037ed767fc4000825efe,2026-10-04,public-recipe-v1
RDA-91456,고들빼기김치,https://www.nics.go.kr/food/kfi/tfSrch08/view?menuId=PS03520&tfcode=91456,26,12f4f67c86adc91f318ccb35e1e525760e3250e2ac1e037ed767fc4000825efe,2026-10-04,public-recipe-v1
RDA-90273,고들빼기장아찌,https://www.nics.go.kr/food/kfi/tfSrch08/view?menuId=PS03520&tfcode=90273,26,12f4f67c86adc91f318ccb35e1e525760e3250e2ac1e037ed767fc4000825efe,2026-10-04,public-recipe-v1
RDA-90016,고등어구이,https://www.nics.go.kr/food/kfi/tfSrch08/view?menuId=PS03520&tfcode=90016,26,12f4f67c86adc91f318ccb35e1e525760e3250e2ac1e037ed767fc4000825efe,2026-10-04,public-recipe-v1
RDA-90034,고등어조림(고등어지짐),https://www.nics.go.kr/food/kfi/tfSrch08/view?menuId=PS03520&tfcode=90034,26,12f4f67c86adc91f318ccb35e1e525760e3250e2ac1e037ed767fc4000825efe,2026-10-04,public-recipe-v1
RDA-91058,고등어찌개,https://www.nics.go.kr/food/kfi/tfSrch08/view?menuId=PS03520&tfcode=91058,26,12f4f67c86adc91f318ccb35e1e525760e3250e2ac1e037ed767fc4000825efe,2026-10-04,public-recipe-v1
RDA-91150,고등어찜,https://www.nics.go.kr/food/kfi/tfSrch08/view?menuId=PS03520&tfcode=91150,26,12f4f67c86adc91f318ccb35e1e525760e3250e2ac1e037ed767fc4000825efe,2026-10-04,public-recipe-v1
RDA-91645,고래정설,https://www.nics.go.kr/food/kfi/tfSrch08/view?menuId=PS03520&tfcode=91645,26,12f4f67c86adc91f318ccb35e1e525760e3250e2ac1e037ed767fc4000825efe,2026-10-04,public-recipe-v1
RDA-90210,고사리나물,https://www.nics.go.kr/food/kfi/tfSrch08/view?menuId=PS03520&tfcode=90210,26,12f4f67c86adc91f318ccb35e1e525760e3250e2ac1e037ed767fc4000825efe,2026-10-04,public-recipe-v1
RDA-91088,고사리무침,https://www.nics.go.kr/food/kfi/tfSrch08/view?menuId=PS03520&tfcode=91088,26,12f4f67c86adc91f318ccb35e1e525760e3250e2ac1e037ed767fc4000825efe,2026-10-04,public-recipe-v1
RDA-90003,고사리볶음(고사리탕쉬),https://www.nics.go.kr/food/kfi/tfSrch08/view?menuId=PS03520&tfcode=90003,26,12f4f67c86adc91f318ccb35e1e525760e3250e2ac1e037ed767fc4000825efe,2026-10-04,public-recipe-v1
RDA-91548,고사리전,https://www.nics.go.kr/food/kfi/tfSrch08/view?menuId=PS03520&tfcode=91548,26,12f4f67c86adc91f318ccb35e1e525760e3250e2ac1e037ed767fc4000825efe,2026-10-04,public-recipe-v1
RDA-92072,고사리죽,https://www.nics.go.kr/food/kfi/tfSrch08/view?menuId=PS03520&tfcode=92072,26,12f4f67c86adc91f318ccb35e1e525760e3250e2ac1e037ed767fc4000825efe,2026-10-04,public-recipe-v1
RDA-90249,고산참붕어찜,https://www.nics.go.kr/food/kfi/tfSrch08/view?menuId=PS03520&tfcode=90249,26,12f4f67c86adc91f318ccb35e1e525760e3250e2ac1e037ed767fc4000825efe,2026-10-04,public-recipe-v1
RDA-91457,고추김치,https://www.nics.go.kr/food/kfi/tfSrch08/view?menuId=PS03520&tfcode=91457,26,12f4f67c86adc91f318ccb35e1e525760e3250e2ac1e037ed767fc4000825efe,2026-10-04,public-recipe-v1
RDA-91089,고추무침,https://www.nics.go.kr/food/kfi/tfSrch08/view?menuId=PS03520&tfcode=91089,26,12f4f67c86adc91f318ccb35e1e525760e3250e2ac1e037ed767fc4000825efe,2026-10-04,public-recipe-v1
RDA-89831,고추부각,https://www.nics.go.kr/food/kfi/tfSrch08/view?menuId=PS03520&tfcode=89831,26,12f4f67c86adc91f318ccb35e1e525760e3250e2ac1e037ed767fc4000825efe,2026-10-04,public-recipe-v1
RDA-91187,고추부각 <방법2>,https://www.nics.go.kr/food/kfi/tfSrch08/view?menuId=PS03520&tfcode=91187,26,12f4f67c86adc91f318ccb35e1e525760e3250e2ac1e037ed767fc4000825efe,2026-10-04,public-recipe-v1
RDA-90583,고추부각(풋고추부각),https://www.nics.go.kr/food/kfi/tfSrch08/view?menuId=PS03520&tfcode=90583,26,12f4f67c86adc91f318ccb35e1e525760e3250e2ac1e037ed767fc4000825efe,2026-10-04,public-recipe-v1
RDA-89791,고추부각조림,https://www.nics.go.kr/food/kfi/tfSrch08/view?menuId=PS03520&tfcode=89791,26,12f4f67c86adc91f318ccb35e1e525760e3250e2ac1e037ed767fc4000825efe,2026-10-04,public-recipe-v1
RDA-89795,고추산적,https://www.nics.go.kr/food/kfi/tfSrch08/view?menuId=PS03520&tfcode=89795,26,12f4f67c86adc91f318ccb35e1e525760e3250e2ac1e037ed767fc4000825efe,2026-10-04,public-recipe-v1
RDA-92409,고추산적,https://www.nics.go.kr/food/kfi/tfSrch08/view?menuId=PS03520&tfcode=92409,26,12f4f67c86adc91f318ccb35e1e525760e3250e2ac1e037ed767fc4000825efe,2026-10-04,public-recipe-v1
RDA-91549,고추산적(고추꼬치),https://www.nics.go.kr/food/kfi/tfSrch08/view?menuId=PS03520&tfcode=91549,26,12f4f67c86adc91f318ccb35e1e525760e3250e2ac1e037ed767fc4000825efe,2026-10-04,public-recipe-v1
RDA-89882,고추식혜,https://www.nics.go.kr/food/kfi/tfSrch08/view?menuId=PS03520&tfcode=89882,26,12f4f67c86adc91f318ccb35e1e525760e3250e2ac1e037ed767fc4000825efe,2026-10-04,public-recipe-v1
RDA-89796,고추장떡,https://www.nics.go.kr/food/kfi/tfSrch08/view?menuId=PS03520&tfcode=89796,26,12f4f67c86adc91f318ccb35e1e525760e3250e2ac1e037ed767fc4000825efe,2026-10-04,public-recipe-v1
RDA-90524,고추장떡,https://www.nics.go.kr/food/kfi/tfSrch08/view?menuId=PS03520&tfcode=90524,26,12f4f67c86adc91f318ccb35e1e525760e3250e2ac1e037ed767fc4000825efe,2026-10-04,public-recipe-v1
RDA-92378,고추장아찌,https://www.nics.go.kr/food/kfi/tfSrch08/view?menuId=PS03520&tfcode=92378,26,12f4f67c86adc91f318ccb35e1e525760e3250e2ac1e037ed767fc4000825efe,2026-10-04,public-recipe-v1
RDA-91219,고추장아찌,https://www.nics.go.kr/food/kfi/tfSrch08/view?menuId=PS03520&tfcode=91219,26,12f4f67c86adc91f318ccb35e1e525760e3250e2ac1e037ed767fc4000825efe,2026-10-04,public-recipe-v1
RDA-91653,고추장아찌(삭힌고추장아찌),https://www.nics.go.kr/food/kfi/tfSrch08/view?menuId=PS03520&tfcode=91653,26,12f4f67c86adc91f318ccb35e1e525760e3250e2ac1e037ed767fc4000825efe,2026-10-04,public-recipe-v1
RDA-90233,고추전,https://www.nics.go.kr/food/kfi/tfSrch08/view?menuId=PS03520&tfcode=90233,26,12f4f67c86adc91f318ccb35e1e525760e3250e2ac1e037ed767fc4000825efe,2026-10-04,public-recipe-v1
RDA-91458,고춧잎김치,https://www.nics.go.kr/food/kfi/tfSrch08/view?menuId=PS03520&tfcode=91458,26,12f4f67c86adc91f318ccb35e1e525760e3250e2ac1e037ed767fc4000825efe,2026-10-04,public-recipe-v1
RDA-92470,고춧잎김치(고춧잎석김치),https://www.nics.go.kr/food/kfi/tfSrch08/view?menuId=PS03520&tfcode=92470,26,12f4f67c86adc91f318ccb35e1e525760e3250e2ac1e037ed767fc4000825efe,2026-10-04,public-recipe-v1
RDA-90004,고춧잎나물(고춧잎멸치젓무침),https://www.nics.go.kr/food/kfi/tfSrch08/view?menuId=PS03520&tfcode=90004,26,12f4f67c86adc91f318ccb35e1e525760e3250e2ac1e037ed767fc4000825efe,2026-10-04,public-recipe-v1
RDA-92227,고춧잎장아찌,https://www.nics.go.kr/food/kfi/tfSrch08/view?menuId=PS03520&tfcode=92227,26,12f4f67c86adc91f318ccb35e1e525760e3250e2ac1e037ed767fc4000825efe,2026-10-04,public-recipe-v1
RDA-90061,고춧잎장아찌<방법1>,https://www.nics.go.kr/food/kfi/tfSrch08/view?menuId=PS03520&tfcode=90061,26,12f4f67c86adc91f318ccb35e1e525760e3250e2ac1e037ed767fc4000825efe,2026-10-04,public-recipe-v1
RDA-90062,고춧잎장아찌<방법2>,https://www.nics.go.kr/food/kfi/tfSrch08/view?menuId=PS03520&tfcode=90062,26,12f4f67c86adc91f318ccb35e1e525760e3250e2ac1e037ed767fc4000825efe,2026-10-04,public-recipe-v1
RDA-90686,곡차,https://www.nics.go.kr/food/kfi/tfSrch08/view?menuId=PS03520&tfcode=90686,26,12f4f67c86adc91f318ccb35e1e525760e3250e2ac1e037ed767fc4000825efe,2026-10-04,public-recipe-v1
RDA-90347,곤지암소머리국밥,https://www.nics.go.kr/food/kfi/tfSrch08/view?menuId=PS03520&tfcode=90347,26,12f4f67c86adc91f318ccb35e1e525760e3250e2ac1e037ed767fc4000825efe,2026-10-04,public-recipe-v1
RDA-90123,골감주(차조식혜),https://www.nics.go.kr/food/kfi/tfSrch08/view?menuId=PS03520&tfcode=90123,27,ea03a7bceb5881527cdfa1993ae99a3a0c11dca761334b6ae96176dca218d209,2026-10-04,public-recipe-v1
RDA-91090,"곰피무침(곤포무침, 곤피무침)",https://www.nics.go.kr/food/kfi/tfSrch08/view?menuId=PS03520&tfcode=91090,27,ea03a7bceb5881527cdfa1993ae99a3a0c11dca761334b6ae96176dca218d209,2026-10-04,public-recipe-v1
RDA-90771,곱창전골,https://www.nics.go.kr/food/kfi/tfSrch08/view?menuId=PS03520&tfcode=90771,27,ea03a7bceb5881527cdfa1993ae99a3a0c11dca761334b6ae96176dca218d209,2026-10-04,public-recipe-v1
RDA-92689,곶감모듬박이,https://www.nics.go.kr/food/kfi/tfSrch08/view?menuId=PS03520&tfcode=92689,27,ea03a7bceb5881527cdfa1993ae99a3a0c11dca761334b6ae96176dca218d209,2026-10-04,public-recipe-v1
RDA-90330,과하주 <방법2>,https://www.nics.go.kr/food/kfi/tfSrch08/view?menuId=PS03520&tfcode=90330,27,ea03a7bceb5881527cdfa1993ae99a3a0c11dca761334b6ae96176dca218d209,2026-10-04,public-recipe-v1
RDA-89545,괴산추어탕,https://www.nics.go.kr/food/kfi/tfSrch08/view?menuId=PS03520&tfcode=89545,27,ea03a7bceb5881527cdfa1993ae99a3a0c11dca761334b6ae96176dca218d209,2026-10-04,public-recipe-v1
RDA-89718,구기자떡국,https://www.nics.go.kr/food/kfi/tfSrch08/view?menuId=PS03520&tfcode=89718,27,ea03a7bceb5881527cdfa1993ae99a3a0c11dca761334b6ae96176dca218d209,2026-10-04,public-recipe-v1
RDA-89689,구기자순비빔밥,https://www.nics.go.kr/food/kfi/tfSrch08/view?menuId=PS03520&tfcode=89689,27,ea03a7bceb5881527cdfa1993ae99a3a0c11dca761334b6ae96176dca218d209,2026-10-04,public-recipe-v1
RDA-89878,구기자쌀강정,https://www.nics.go.kr/food/kfi/tfSrch08/view?menuId=PS03520&tfcode=89878,27,ea03a7bceb5881527cdfa1993ae99a3a0c11dca761334b6ae96176dca218d209,2026-10-04,public-recipe-v1
RDA-89893,구기자약주(구기자술),https://www.nics.go.kr/food/kfi/tfSrch08/view?menuId=PS03520&tfcode=89893,27,ea03a7bceb5881527cdfa1993ae99a3a0c11dca761334b6ae96176dca218d209,2026-10-04,public-recipe-v1
RDA-89695,구기자죽,https://www.nics.go.kr/food/kfi/tfSrch08/view?menuId=PS03520&tfcode=89695,27,ea03a7bceb5881527cdfa1993ae99a3a0c11dca761334b6ae96176dca218d209,2026-10-04,public-recipe-v1
RDA-92577,구기자차,https://www.nics.go.kr/food/kfi/tfSrch08/view?menuId=PS03520&tfcode=92577,27,ea03a7bceb5881527cdfa1993ae99a3a0c11dca761334b6ae96176dca218d209,2026-10-04,public-recipe-v1
RDA-90687,구기자차,https://www.nics.go.kr/food/kfi/tfSrch08/view?menuId=PS03520&tfcode=90687,27,ea03a7bceb5881527cdfa1993ae99a3a0c11dca761334b6ae96176dca218d209,2026-10-04,public-recipe-v1
RDA-89709,구기자칼국수,https://www.nics.go.kr/food/kfi/tfSrch08/view?menuId=PS03520&tfcode=89709,27,ea03a7bceb5881527cdfa1993ae99a3a0c11dca761334b6ae96176dca218d209,2026-10-04,public-recipe-v1
RDA-89875,"구기자한과(산자, 강정)",https://www.nics.go.kr/food/kfi/tfSrch08/view?menuId=PS03520&tfcode=89875,27,ea03a7bceb5881527cdfa1993ae99a3a0c11dca761334b6ae96176dca218d209,2026-10-04,public-recipe-v1
RDA-92665,구절판,https://www.nics.go.kr/food/kfi/tfSrch08/view?menuId=PS03520&tfcode=92665,27,ea03a7bceb5881527cdfa1993ae99a3a0c11dca761334b6ae96176dca218d209,2026-10-04,public-recipe-v1
RDA-89894,국화동동주(소곡주),https://www.nics.go.kr/food/kfi/tfSrch08/view?menuId=PS03520&tfcode=89894,27,ea03a7bceb5881527cdfa1993ae99a3a0c11dca761334b6ae96176dca218d209,2026-10-04,public-recipe-v1
RDA-90257,국화잎부각,https://www.nics.go.kr/food/kfi/tfSrch08/view?menuId=PS03520&tfcode=90257,27,ea03a7bceb5881527cdfa1993ae99a3a0c11dca761334b6ae96176dca218d209,2026-10-04,public-recipe-v1
RDA-92713,군부젓(군벗젓),https://www.nics.go.kr/food/kfi/tfSrch08/view?menuId=PS03520&tfcode=92713,27,ea03a7bceb5881527cdfa1993ae99a3a0c11dca761334b6ae96176dca218d209,2026-10-04,public-recipe-v1
RDA-92693,군부지(군벗지),https://www.nics.go.kr/food/kfi/tfSrch08/view?menuId=PS03520&tfcode=92693,27,ea03a7bceb5881527cdfa1993ae99a3a0c11dca761334b6ae96176dca218d209,2026-10-04,public-recipe-v1
RDA-92641,군소조림(군수조림),https://www.nics.go.kr/food/kfi/tfSrch08/view?menuId=PS03520&tfcode=92641,27,ea03a7bceb5881527cdfa1993ae99a3a0c11dca761334b6ae96176dca218d209,2026-10-04,public-recipe-v1
RDA-92170,굴구이,https://www.nics.go.kr/food/kfi/tfSrch08/view?menuId=PS03520&tfcode=92170,27,ea03a7bceb5881527cdfa1993ae99a3a0c11dca761334b6ae96176dca218d209,2026-10-04,public-recipe-v1
RDA-90462,굴깍두기,https://www.nics.go.kr/food/kfi/tfSrch08/view?menuId=PS03520&tfcode=90462,27,ea03a7bceb5881527cdfa1993ae99a3a0c11dca761334b6ae96176dca218d209,2026-10-04,public-recipe-v1
RDA-89766,굴깍두기,https://www.nics.go.kr/food/kfi/tfSrch08/view?menuId=PS03520&tfcode=89766,27,ea03a7bceb5881527cdfa1993ae99a3a0c11dca761334b6ae96176dca218d209,2026-10-04,public-recipe-v1
RDA-91514,굴꼬치구이,https://www.nics.go.kr/food/kfi/tfSrch08/view?menuId=PS03520&tfcode=91514,27,ea03a7bceb5881527cdfa1993ae99a3a0c11dca761334b6ae96176dca218d209,2026-10-04,public-recipe-v1
RDA-92201,굴무침,https://www.nics.go.kr/food/kfi/tfSrch08/view?menuId=PS03520&tfcode=92201,27,ea03a7bceb5881527cdfa1993ae99a3a0c11dca761334b6ae96176dca218d209,2026-10-04,public-recipe-v1
RDA-92171,굴비구이(영광굴비구이),https://www.nics.go.kr/food/kfi/tfSrch08/view?menuId=PS03520&tfcode=92171,27,ea03a7bceb5881527cdfa1993ae99a3a0c11dca761334b6ae96176dca218d209,2026-10-04,public-recipe-v1
RDA-92229,굴비장아찌<방법1>,https://www.nics.go.kr/food/kfi/tfSrch08/view?menuId=PS03520&tfcode=92229,27,ea03a7bceb5881527cdfa1993ae99a3a0c11dca761334b6ae96176dca218d209,2026-10-04,public-recipe-v1
RDA-92191,굴비찜,https://www.nics.go.kr/food/kfi/tfSrch08/view?menuId=PS03520&tfcode=92191,27,ea03a7bceb5881527cdfa1993ae99a3a0c11dca761334b6ae96176dca218d209,2026-10-04,public-recipe-v1
RDA-91612,굴숙회,https://www.nics.go.kr/food/kfi/tfSrch08/view?menuId=PS03520&tfcode=91612,27,ea03a7bceb5881527cdfa1993ae99a3a0c11dca761334b6ae96176dca218d209,2026-10-04,public-recipe-v1
RDA-91675,굴젓,https://www.nics.go.kr/food/kfi/tfSrch08/view?menuId=PS03520&tfcode=91675,27,ea03a7bceb5881527cdfa1993ae99a3a0c11dca761334b6ae96176dca218d209,2026-10-04,public-recipe-v1
RDA-92243,굴젓(꾸젓),https://www.nics.go.kr/food/kfi/tfSrch08/view?menuId=PS03520&tfcode=92243,27,ea03a7bceb5881527cdfa1993ae99a3a0c11dca761334b6ae96176dca218d209,2026-10-04,public-recipe-v1
RDA-90359,굴죽,https://www.nics.go.kr/food/kfi/tfSrch08/view?menuId=PS03520&tfcode=90359,27,ea03a7bceb5881527cdfa1993ae99a3a0c11dca761334b6ae96176dca218d209,2026-10-04,public-recipe-v1
RDA-91350,굴죽,https://www.nics.go.kr/food/kfi/tfSrch08/view?menuId=PS03520&tfcode=91350,27,ea03a7bceb5881527cdfa1993ae99a3a0c11dca761334b6ae96176dca218d209,2026-10-04,public-recipe-v1
RDA-91584,굴찜,https://www.nics.go.kr/food/kfi/tfSrch08/view?menuId=PS03520&tfcode=91584,27,ea03a7bceb5881527cdfa1993ae99a3a0c11dca761334b6ae96176dca218d209,2026-10-04,public-recipe-v1
RDA-90893,굴회,https://www.nics.go.kr/food/kfi/tfSrch08/view?menuId=PS03520&tfcode=90893,27,ea03a7bceb5881527cdfa1993ae99a3a0c11dca761334b6ae96176dca218d209,2026-10-04,public-recipe-v1
RDA-91613,굴회,https://www.nics.go.kr/food/kfi/tfSrch08/view?menuId=PS03520&tfcode=91613,27,ea03a7bceb5881527cdfa1993ae99a3a0c11dca761334b6ae96176dca218d209,2026-10-04,public-recipe-v1
RDA-92202,굴회(생굴회),https://www.nics.go.kr/food/kfi/tfSrch08/view?menuId=PS03520&tfcode=92202,27,ea03a7bceb5881527cdfa1993ae99a3a0c11dca761334b6ae96176dca218d209,2026-10-04,public-recipe-v1
RDA-91961,귀리떡,https://www.nics.go.kr/food/kfi/tfSrch08/view?menuId=PS03520&tfcode=91961,27,ea03a7bceb5881527cdfa1993ae99a3a0c11dca761334b6ae96176dca218d209,2026-10-04,public-recipe-v1
RDA-91737,귤강차(감귤차),https://www.nics.go.kr/food/kfi/tfSrch08/view?menuId=PS03520&tfcode=91737,27,ea03a7bceb5881527cdfa1993ae99a3a0c11dca761334b6ae96176dca218d209,2026-10-04,public-recipe-v1
RDA-89895,금산고려인삼주,https://www.nics.go.kr/food/kfi/tfSrch08/view?menuId=PS03520&tfcode=89895,27,ea03a7bceb5881527cdfa1993ae99a3a0c11dca761334b6ae96176dca218d209,2026-10-04,public-recipe-v1
RDA-89884,길경차,https://www.nics.go.kr/food/kfi/tfSrch08/view?menuId=PS03520&tfcode=89884,27,ea03a7bceb5881527cdfa1993ae99a3a0c11dca761334b6ae96176dca218d209,2026-10-04,public-recipe-v1
RDA-90826,김구이,https://www.nics.go.kr/food/kfi/tfSrch08/view?menuId=PS03520&tfcode=90826,27,ea03a7bceb5881527cdfa1993ae99a3a0c11dca761334b6ae96176dca218d209,2026-10-04,public-recipe-v1
RDA-91401,김국,https://www.nics.go.kr/food/kfi/tfSrch08/view?menuId=PS03520&tfcode=91401,27,ea03a7bceb5881527cdfa1993ae99a3a0c11dca761334b6ae96176dca218d209,2026-10-04,public-recipe-v1
RDA-92097,김국(생김국),https://www.nics.go.kr/food/kfi/tfSrch08/view?menuId=PS03520&tfcode=92097,27,ea03a7bceb5881527cdfa1993ae99a3a0c11dca761334b6ae96176dca218d209,2026-10-04,public-recipe-v1
RDA-92428,김부각,https://www.nics.go.kr/food/kfi/tfSrch08/view?menuId=PS03520&tfcode=92428,27,ea03a7bceb5881527cdfa1993ae99a3a0c11dca761334b6ae96176dca218d209,2026-10-04,public-recipe-v1
RDA-91188,김부각,https://www.nics.go.kr/food/kfi/tfSrch08/view?menuId=PS03520&tfcode=91188,27,ea03a7bceb5881527cdfa1993ae99a3a0c11dca761334b6ae96176dca218d209,2026-10-04,public-recipe-v1
RDA-90902,김부각,https://www.nics.go.kr/food/kfi/tfSrch08/view?menuId=PS03520&tfcode=90902,27,ea03a7bceb5881527cdfa1993ae99a3a0c11dca761334b6ae96176dca218d209,2026-10-04,public-recipe-v1
RDA-91189,김자반,https://www.nics.go.kr/food/kfi/tfSrch08/view?menuId=PS03520&tfcode=91189,27,ea03a7bceb5881527cdfa1993ae99a3a0c11dca761334b6ae96176dca218d209,2026-10-04,public-recipe-v1
RDA-90584,김자반,https://www.nics.go.kr/food/kfi/tfSrch08/view?menuId=PS03520&tfcode=90584,27,ea03a7bceb5881527cdfa1993ae99a3a0c11dca761334b6ae96176dca218d209,2026-10-04,public-recipe-v1
RDA-91220,김장아찌,https://www.nics.go.kr/food/kfi/tfSrch08/view?menuId=PS03520&tfcode=91220,27,ea03a7bceb5881527cdfa1993ae99a3a0c11dca761334b6ae96176dca218d209,2026-10-04,public-recipe-v1
RDA-91552,김전(김부치개),https://www.nics.go.kr/food/kfi/tfSrch08/view?menuId=PS03520&tfcode=91552,27,ea03a7bceb5881527cdfa1993ae99a3a0c11dca761334b6ae96176dca218d209,2026-10-04,public-recipe-v1
RDA-91125,김치적,https://www.nics.go.kr/food/kfi/tfSrch08/view?menuId=PS03520&tfcode=91125,27,ea03a7bceb5881527cdfa1993ae99a3a0c11dca761334b6ae96176dca218d209,2026-10-04,public-recipe-v1
RDA-90870,김치적,https://www.nics.go.kr/food/kfi/tfSrch08/view?menuId=PS03520&tfcode=90870,27,ea03a7bceb5881527cdfa1993ae99a3a0c11dca761334b6ae96176dca218d209,2026-10-04,public-recipe-v1
RDA-90234,김치전,https://www.nics.go.kr/food/kfi/tfSrch08/view?menuId=PS03520&tfcode=90234,27,ea03a7bceb5881527cdfa1993ae99a3a0c11dca761334b6ae96176dca218d209,2026-10-04,public-recipe-v1
RDA-90526,김치전병,https://www.nics.go.kr/food/kfi/tfSrch08/view?menuId=PS03520&tfcode=90526,27,ea03a7bceb5881527cdfa1993ae99a3a0c11dca761334b6ae96176dca218d209,2026-10-04,public-recipe-v1
RDA-90747,김칫국(김치콩나물국),https://www.nics.go.kr/food/kfi/tfSrch08/view?menuId=PS03520&tfcode=90747,27,ea03a7bceb5881527cdfa1993ae99a3a0c11dca761334b6ae96176dca218d209,2026-10-04,public-recipe-v1
RDA-91765,김칫국밥,https://www.nics.go.kr/food/kfi/tfSrch08/view?menuId=PS03520&tfcode=91765,27,ea03a7bceb5881527cdfa1993ae99a3a0c11dca761334b6ae96176dca218d209,2026-10-04,public-recipe-v1
RDA-91585,까막발이찜,https://www.nics.go.kr/food/kfi/tfSrch08/view?menuId=PS03520&tfcode=91585,27,ea03a7bceb5881527cdfa1993ae99a3a0c11dca761334b6ae96176dca218d209,2026-10-04,public-recipe-v1
RDA-92422,깨강정,https://www.nics.go.kr/food/kfi/tfSrch08/view?menuId=PS03520&tfcode=92422,27,ea03a7bceb5881527cdfa1993ae99a3a0c11dca761334b6ae96176dca218d209,2026-10-04,public-recipe-v1
RDA-92463,깨국수,https://www.nics.go.kr/food/kfi/tfSrch08/view?menuId=PS03520&tfcode=92463,27,ea03a7bceb5881527cdfa1993ae99a3a0c11dca761334b6ae96176dca218d209,2026-10-04,public-recipe-v1
RDA-90585,깨송이부각(들깨송이부각),https://www.nics.go.kr/food/kfi/tfSrch08/view?menuId=PS03520&tfcode=90585,27,ea03a7bceb5881527cdfa1993ae99a3a0c11dca761334b6ae96176dca218d209,2026-10-04,public-recipe-v1
RDA-90730,깨죽,https://www.nics.go.kr/food/kfi/tfSrch08/view?menuId=PS03520&tfcode=90730,27,ea03a7bceb5881527cdfa1993ae99a3a0c11dca761334b6ae96176dca218d209,2026-10-04,public-recipe-v1
RDA-92230,깻잎된장장아찌,https://www.nics.go.kr/food/kfi/tfSrch08/view?menuId=PS03520&tfcode=92230,27,ea03a7bceb5881527cdfa1993ae99a3a0c11dca761334b6ae96176dca218d209,2026-10-04,public-recipe-v1
RDA-90909,깻잎장아찌,https://www.nics.go.kr/food/kfi/tfSrch08/view?menuId=PS03520&tfcode=90909,27,ea03a7bceb5881527cdfa1993ae99a3a0c11dca761334b6ae96176dca218d209,2026-10-04,public-recipe-v1
RDA-90275,깻잎장아찌,https://www.nics.go.kr/food/kfi/tfSrch08/view?menuId=PS03520&tfcode=90275,27,ea03a7bceb5881527cdfa1993ae99a3a0c11dca761334b6ae96176dca218d209,2026-10-04,public-recipe-v1
RDA-90063,깻잎장아찌(유잎지),https://www.nics.go.kr/food/kfi/tfSrch08/view?menuId=PS03520&tfcode=90063,27,ea03a7bceb5881527cdfa1993ae99a3a0c11dca761334b6ae96176dca218d209,2026-10-04,public-recipe-v1
RDA-89613,깻잎장아찌<방법1>,https://www.nics.go.kr/food/kfi/tfSrch08/view?menuId=PS03520&tfcode=89613,27,ea03a7bceb5881527cdfa1993ae99a3a0c11dca761334b6ae96176dca218d209,2026-10-04,public-recipe-v1
RDA-89614,깻잎장아찌<방법2>,https://www.nics.go.kr/food/kfi/tfSrch08/view?menuId=PS03520&tfcode=89614,27,ea03a7bceb5881527cdfa1993ae99a3a0c11dca761334b6ae96176dca218d209,2026-10-04,public-recipe-v1
RDA-92597,깻잎전,https://www.nics.go.kr/food/kfi/tfSrch08/view?menuId=PS03520&tfcode=92597,27,ea03a7bceb5881527cdfa1993ae99a3a0c11dca761334b6ae96176dca218d209,2026-10-04,public-recipe-v1
RDA-92184,깻잎전,https://www.nics.go.kr/food/kfi/tfSrch08/view?menuId=PS03520&tfcode=92184,28,b72584c7e80e559e28f94407fcf69f00db2438bff9898b65b766c3811d5a86b9,2026-10-04,public-recipe-v1
RDA-89859,꼬리떡,https://www.nics.go.kr/food/kfi/tfSrch08/view?menuId=PS03520&tfcode=89859,28,b72584c7e80e559e28f94407fcf69f00db2438bff9898b65b766c3811d5a86b9,2026-10-04,public-recipe-v1
RDA-90252,꼬막회,https://www.nics.go.kr/food/kfi/tfSrch08/view?menuId=PS03520&tfcode=90252,28,b72584c7e80e559e28f94407fcf69f00db2438bff9898b65b766c3811d5a86b9,2026-10-04,public-recipe-v1
RDA-90017,꼬치구이,https://www.nics.go.kr/food/kfi/tfSrch08/view?menuId=PS03520&tfcode=90017,28,b72584c7e80e559e28f94407fcf69f00db2438bff9898b65b766c3811d5a86b9,2026-10-04,public-recipe-v1
RDA-91807,꼴뚜국수(메밀껄뚜국수),https://www.nics.go.kr/food/kfi/tfSrch08/view?menuId=PS03520&tfcode=91807,28,b72584c7e80e559e28f94407fcf69f00db2438bff9898b65b766c3811d5a86b9,2026-10-04,public-recipe-v1
RDA-90915,꼴뚜기젓,https://www.nics.go.kr/food/kfi/tfSrch08/view?menuId=PS03520&tfcode=90915,28,b72584c7e80e559e28f94407fcf69f00db2438bff9898b65b766c3811d5a86b9,2026-10-04,public-recipe-v1
RDA-90285,꼴뚜기젓(고록젓),https://www.nics.go.kr/food/kfi/tfSrch08/view?menuId=PS03520&tfcode=90285,28,b72584c7e80e559e28f94407fcf69f00db2438bff9898b65b766c3811d5a86b9,2026-10-04,public-recipe-v1
RDA-91676,"꼴뚜기젓(호리기젓, 호루래기젓)",https://www.nics.go.kr/food/kfi/tfSrch08/view?menuId=PS03520&tfcode=91676,28,b72584c7e80e559e28f94407fcf69f00db2438bff9898b65b766c3811d5a86b9,2026-10-04,public-recipe-v1
RDA-91633,꼴뚜기튀김,https://www.nics.go.kr/food/kfi/tfSrch08/view?menuId=PS03520&tfcode=91633,28,b72584c7e80e559e28f94407fcf69f00db2438bff9898b65b766c3811d5a86b9,2026-10-04,public-recipe-v1
RDA-92393,꽁보리밥,https://www.nics.go.kr/food/kfi/tfSrch08/view?menuId=PS03520&tfcode=92393,28,b72584c7e80e559e28f94407fcf69f00db2438bff9898b65b766c3811d5a86b9,2026-10-04,public-recipe-v1
RDA-90827,꽁치구이,https://www.nics.go.kr/food/kfi/tfSrch08/view?menuId=PS03520&tfcode=90827,28,b72584c7e80e559e28f94407fcf69f00db2438bff9898b65b766c3811d5a86b9,2026-10-04,public-recipe-v1
RDA-90286,꽃게무침,https://www.nics.go.kr/food/kfi/tfSrch08/view?menuId=PS03520&tfcode=90286,28,b72584c7e80e559e28f94407fcf69f00db2438bff9898b65b766c3811d5a86b9,2026-10-04,public-recipe-v1
RDA-89725,꽃게알된장국,https://www.nics.go.kr/food/kfi/tfSrch08/view?menuId=PS03520&tfcode=89725,28,b72584c7e80e559e28f94407fcf69f00db2438bff9898b65b766c3811d5a86b9,2026-10-04,public-recipe-v1
RDA-92447,꽃게장,https://www.nics.go.kr/food/kfi/tfSrch08/view?menuId=PS03520&tfcode=92447,28,b72584c7e80e559e28f94407fcf69f00db2438bff9898b65b766c3811d5a86b9,2026-10-04,public-recipe-v1
RDA-89847,꽃게장,https://www.nics.go.kr/food/kfi/tfSrch08/view?menuId=PS03520&tfcode=89847,28,b72584c7e80e559e28f94407fcf69f00db2438bff9898b65b766c3811d5a86b9,2026-10-04,public-recipe-v1
RDA-90287,꽃게장,https://www.nics.go.kr/food/kfi/tfSrch08/view?menuId=PS03520&tfcode=90287,28,b72584c7e80e559e28f94407fcf69f00db2438bff9898b65b766c3811d5a86b9,2026-10-04,public-recipe-v1
RDA-92623,꽃게찌개,https://www.nics.go.kr/food/kfi/tfSrch08/view?menuId=PS03520&tfcode=92623,28,b72584c7e80e559e28f94407fcf69f00db2438bff9898b65b766c3811d5a86b9,2026-10-04,public-recipe-v1
RDA-89752,꽃게찌개,https://www.nics.go.kr/food/kfi/tfSrch08/view?menuId=PS03520&tfcode=89752,28,b72584c7e80e559e28f94407fcf69f00db2438bff9898b65b766c3811d5a86b9,2026-10-04,public-recipe-v1
RDA-90171,꽃게탕,https://www.nics.go.kr/food/kfi/tfSrch08/view?menuId=PS03520&tfcode=90171,28,b72584c7e80e559e28f94407fcf69f00db2438bff9898b65b766c3811d5a86b9,2026-10-04,public-recipe-v1
RDA-89724,꽃게탕(꽃게매운탕),https://www.nics.go.kr/food/kfi/tfSrch08/view?menuId=PS03520&tfcode=89724,28,b72584c7e80e559e28f94407fcf69f00db2438bff9898b65b766c3811d5a86b9,2026-10-04,public-recipe-v1
RDA-91705,꽃송편(송편꽃떡),https://www.nics.go.kr/food/kfi/tfSrch08/view?menuId=PS03520&tfcode=91705,28,b72584c7e80e559e28f94407fcf69f00db2438bff9898b65b766c3811d5a86b9,2026-10-04,public-recipe-v1
RDA-92150,꽈리고추무침,https://www.nics.go.kr/food/kfi/tfSrch08/view?menuId=PS03520&tfcode=92150,28,b72584c7e80e559e28f94407fcf69f00db2438bff9898b65b766c3811d5a86b9,2026-10-04,public-recipe-v1
RDA-90018,꿩고기숯불구이,https://www.nics.go.kr/food/kfi/tfSrch08/view?menuId=PS03520&tfcode=90018,28,b72584c7e80e559e28f94407fcf69f00db2438bff9898b65b766c3811d5a86b9,2026-10-04,public-recipe-v1
RDA-92091,꿩떡국,https://www.nics.go.kr/food/kfi/tfSrch08/view?menuId=PS03520&tfcode=92091,28,b72584c7e80e559e28f94407fcf69f00db2438bff9898b65b766c3811d5a86b9,2026-10-04,public-recipe-v1
RDA-89530,꿩만두,https://www.nics.go.kr/food/kfi/tfSrch08/view?menuId=PS03520&tfcode=89530,28,b72584c7e80e559e28f94407fcf69f00db2438bff9898b65b766c3811d5a86b9,2026-10-04,public-recipe-v1
RDA-91009,꿩만두,https://www.nics.go.kr/food/kfi/tfSrch08/view?menuId=PS03520&tfcode=91009,28,b72584c7e80e559e28f94407fcf69f00db2438bff9898b65b766c3811d5a86b9,2026-10-04,public-recipe-v1
RDA-90392,꿩만둣국(생치만두),https://www.nics.go.kr/food/kfi/tfSrch08/view?menuId=PS03520&tfcode=90392,28,b72584c7e80e559e28f94407fcf69f00db2438bff9898b65b766c3811d5a86b9,2026-10-04,public-recipe-v1
RDA-90019,꿩산적(꿩적갈),https://www.nics.go.kr/food/kfi/tfSrch08/view?menuId=PS03520&tfcode=90019,28,b72584c7e80e559e28f94407fcf69f00db2438bff9898b65b766c3811d5a86b9,2026-10-04,public-recipe-v1
RDA-89524,꿩칼국수,https://www.nics.go.kr/food/kfi/tfSrch08/view?menuId=PS03520&tfcode=89524,28,b72584c7e80e559e28f94407fcf69f00db2438bff9898b65b766c3811d5a86b9,2026-10-04,public-recipe-v1
RDA-92399,꿩탕,https://www.nics.go.kr/food/kfi/tfSrch08/view?menuId=PS03520&tfcode=92399,28,b72584c7e80e559e28f94407fcf69f00db2438bff9898b65b766c3811d5a86b9,2026-10-04,public-recipe-v1
RDA-90786,나박김치,https://www.nics.go.kr/food/kfi/tfSrch08/view?menuId=PS03520&tfcode=90786,28,b72584c7e80e559e28f94407fcf69f00db2438bff9898b65b766c3811d5a86b9,2026-10-04,public-recipe-v1
RDA-89518,나박김치냉면,https://www.nics.go.kr/food/kfi/tfSrch08/view?menuId=PS03520&tfcode=89518,28,b72584c7e80e559e28f94407fcf69f00db2438bff9898b65b766c3811d5a86b9,2026-10-04,public-recipe-v1
RDA-89726,낙지국,https://www.nics.go.kr/food/kfi/tfSrch08/view?menuId=PS03520&tfcode=89726,28,b72584c7e80e559e28f94407fcf69f00db2438bff9898b65b766c3811d5a86b9,2026-10-04,public-recipe-v1
RDA-91542,낙지볶음(낙지전골),https://www.nics.go.kr/food/kfi/tfSrch08/view?menuId=PS03520&tfcode=91542,28,b72584c7e80e559e28f94407fcf69f00db2438bff9898b65b766c3811d5a86b9,2026-10-04,public-recipe-v1
RDA-92627,낙지전골,https://www.nics.go.kr/food/kfi/tfSrch08/view?menuId=PS03520&tfcode=92627,28,b72584c7e80e559e28f94407fcf69f00db2438bff9898b65b766c3811d5a86b9,2026-10-04,public-recipe-v1
RDA-92203,낙지회(낙지숙회)<방법1>,https://www.nics.go.kr/food/kfi/tfSrch08/view?menuId=PS03520&tfcode=92203,28,b72584c7e80e559e28f94407fcf69f00db2438bff9898b65b766c3811d5a86b9,2026-10-04,public-recipe-v1
RDA-92204,낙지회(산낙지회)<방법2>,https://www.nics.go.kr/food/kfi/tfSrch08/view?menuId=PS03520&tfcode=92204,28,b72584c7e80e559e28f94407fcf69f00db2438bff9898b65b766c3811d5a86b9,2026-10-04,public-recipe-v1
RDA-90403,남양해물탕,https://www.nics.go.kr/food/kfi/tfSrch08/view?menuId=PS03520&tfcode=90403,28,b72584c7e80e559e28f94407fcf69f00db2438bff9898b65b766c3811d5a86b9,2026-10-04,public-recipe-v1
RDA-90005,냉이나물(난시무침),https://www.nics.go.kr/food/kfi/tfSrch08/view?menuId=PS03520&tfcode=90005,28,b72584c7e80e559e28f94407fcf69f00db2438bff9898b65b766c3811d5a86b9,2026-10-04,public-recipe-v1
RDA-90481,냉이무침,https://www.nics.go.kr/food/kfi/tfSrch08/view?menuId=PS03520&tfcode=90481,28,b72584c7e80e559e28f94407fcf69f00db2438bff9898b65b766c3811d5a86b9,2026-10-04,public-recipe-v1
RDA-89778,냉이회,https://www.nics.go.kr/food/kfi/tfSrch08/view?menuId=PS03520&tfcode=89778,28,b72584c7e80e559e28f94407fcf69f00db2438bff9898b65b766c3811d5a86b9,2026-10-04,public-recipe-v1
RDA-89959,냉잇국(난시국),https://www.nics.go.kr/food/kfi/tfSrch08/view?menuId=PS03520&tfcode=89959,28,b72584c7e80e559e28f94407fcf69f00db2438bff9898b65b766c3811d5a86b9,2026-10-04,public-recipe-v1
RDA-91020,냉잇국(냉이콩국),https://www.nics.go.kr/food/kfi/tfSrch08/view?menuId=PS03520&tfcode=91020,28,b72584c7e80e559e28f94407fcf69f00db2438bff9898b65b766c3811d5a86b9,2026-10-04,public-recipe-v1
RDA-90492,너비아니,https://www.nics.go.kr/food/kfi/tfSrch08/view?menuId=PS03520&tfcode=90492,28,b72584c7e80e559e28f94407fcf69f00db2438bff9898b65b766c3811d5a86b9,2026-10-04,public-recipe-v1
RDA-91634,노가리부각,https://www.nics.go.kr/food/kfi/tfSrch08/view?menuId=PS03520&tfcode=91634,28,b72584c7e80e559e28f94407fcf69f00db2438bff9898b65b766c3811d5a86b9,2026-10-04,public-recipe-v1
RDA-92266,노비송편(모시잎송편) [방법2],https://www.nics.go.kr/food/kfi/tfSrch08/view?menuId=PS03520&tfcode=92266,28,b72584c7e80e559e28f94407fcf69f00db2438bff9898b65b766c3811d5a86b9,2026-10-04,public-recipe-v1
RDA-91553,녹두감자전,https://www.nics.go.kr/food/kfi/tfSrch08/view?menuId=PS03520&tfcode=91553,28,b72584c7e80e559e28f94407fcf69f00db2438bff9898b65b766c3811d5a86b9,2026-10-04,public-recipe-v1
RDA-90382,녹두메밀국수(녹두칼국수),https://www.nics.go.kr/food/kfi/tfSrch08/view?menuId=PS03520&tfcode=90382,28,b72584c7e80e559e28f94407fcf69f00db2438bff9898b65b766c3811d5a86b9,2026-10-04,public-recipe-v1
RDA-90731,녹두죽,https://www.nics.go.kr/food/kfi/tfSrch08/view?menuId=PS03520&tfcode=90731,28,b72584c7e80e559e28f94407fcf69f00db2438bff9898b65b766c3811d5a86b9,2026-10-04,public-recipe-v1
RDA-90996,녹두죽밀국수,https://www.nics.go.kr/food/kfi/tfSrch08/view?menuId=PS03520&tfcode=90996,28,b72584c7e80e559e28f94407fcf69f00db2438bff9898b65b766c3811d5a86b9,2026-10-04,public-recipe-v1
RDA-91251,녹두찰편,https://www.nics.go.kr/food/kfi/tfSrch08/view?menuId=PS03520&tfcode=91251,28,b72584c7e80e559e28f94407fcf69f00db2438bff9898b65b766c3811d5a86b9,2026-10-04,public-recipe-v1
RDA-92287,녹차,https://www.nics.go.kr/food/kfi/tfSrch08/view?menuId=PS03520&tfcode=92287,28,b72584c7e80e559e28f94407fcf69f00db2438bff9898b65b766c3811d5a86b9,2026-10-04,public-recipe-v1
RDA-90934,녹차,https://www.nics.go.kr/food/kfi/tfSrch08/view?menuId=PS03520&tfcode=90934,28,b72584c7e80e559e28f94407fcf69f00db2438bff9898b65b766c3811d5a86b9,2026-10-04,public-recipe-v1
RDA-91738,녹차돌배차,https://www.nics.go.kr/food/kfi/tfSrch08/view?menuId=PS03520&tfcode=91738,28,b72584c7e80e559e28f94407fcf69f00db2438bff9898b65b766c3811d5a86b9,2026-10-04,public-recipe-v1
RDA-90573,농어회,https://www.nics.go.kr/food/kfi/tfSrch08/view?menuId=PS03520&tfcode=90573,28,b72584c7e80e559e28f94407fcf69f00db2438bff9898b65b766c3811d5a86b9,2026-10-04,public-recipe-v1
RDA-92702,농어회,https://www.nics.go.kr/food/kfi/tfSrch08/view?menuId=PS03520&tfcode=92702,28,b72584c7e80e559e28f94407fcf69f00db2438bff9898b65b766c3811d5a86b9,2026-10-04,public-recipe-v1
RDA-91882,누룩치부침(노리대부침),https://www.nics.go.kr/food/kfi/tfSrch08/view?menuId=PS03520&tfcode=91882,28,b72584c7e80e559e28f94407fcf69f00db2438bff9898b65b766c3811d5a86b9,2026-10-04,public-recipe-v1
RDA-90558,누치찜,https://www.nics.go.kr/food/kfi/tfSrch08/view?menuId=PS03520&tfcode=90558,28,b72584c7e80e559e28f94407fcf69f00db2438bff9898b65b766c3811d5a86b9,2026-10-04,public-recipe-v1
RDA-91252,"느티떡(괴엽병, 느티설기)",https://www.nics.go.kr/food/kfi/tfSrch08/view?menuId=PS03520&tfcode=91252,28,b72584c7e80e559e28f94407fcf69f00db2438bff9898b65b766c3811d5a86b9,2026-10-04,public-recipe-v1
RDA-91067,늙은호박김치(누렁호박김치),https://www.nics.go.kr/food/kfi/tfSrch08/view?menuId=PS03520&tfcode=91067,28,b72584c7e80e559e28f94407fcf69f00db2438bff9898b65b766c3811d5a86b9,2026-10-04,public-recipe-v1
RDA-89798,늙은호박부침,https://www.nics.go.kr/food/kfi/tfSrch08/view?menuId=PS03520&tfcode=89798,28,b72584c7e80e559e28f94407fcf69f00db2438bff9898b65b766c3811d5a86b9,2026-10-04,public-recipe-v1
RDA-91884,늙은호박전,https://www.nics.go.kr/food/kfi/tfSrch08/view?menuId=PS03520&tfcode=91884,28,b72584c7e80e559e28f94407fcf69f00db2438bff9898b65b766c3811d5a86b9,2026-10-04,public-recipe-v1
RDA-92491,늙은호박전(누렁호박전),https://www.nics.go.kr/food/kfi/tfSrch08/view?menuId=PS03520&tfcode=92491,28,b72584c7e80e559e28f94407fcf69f00db2438bff9898b65b766c3811d5a86b9,2026-10-04,public-recipe-v1
RDA-91153,늙은호박콩가루찜,https://www.nics.go.kr/food/kfi/tfSrch08/view?menuId=PS03520&tfcode=91153,28,b72584c7e80e559e28f94407fcf69f00db2438bff9898b65b766c3811d5a86b9,2026-10-04,public-recipe-v1
RDA-91455,다슬기김치(고둥김치),https://www.nics.go.kr/food/kfi/tfSrch08/view?menuId=PS03520&tfcode=91455,28,b72584c7e80e559e28f94407fcf69f00db2438bff9898b65b766c3811d5a86b9,2026-10-04,public-recipe-v1
RDA-91368,다슬기수제비(고둥수제비),https://www.nics.go.kr/food/kfi/tfSrch08/view?menuId=PS03520&tfcode=91368,28,b72584c7e80e559e28f94407fcf69f00db2438bff9898b65b766c3811d5a86b9,2026-10-04,public-recipe-v1
RDA-92177,다슬기장조림(다슬기조림),https://www.nics.go.kr/food/kfi/tfSrch08/view?menuId=PS03520&tfcode=92177,28,b72584c7e80e559e28f94407fcf69f00db2438bff9898b65b766c3811d5a86b9,2026-10-04,public-recipe-v1
RDA-90165,다슬기칼국수(대수리칼국수),https://www.nics.go.kr/food/kfi/tfSrch08/view?menuId=PS03520&tfcode=90165,28,b72584c7e80e559e28f94407fcf69f00db2438bff9898b65b766c3811d5a86b9,2026-10-04,public-recipe-v1
RDA-90172,다슬기탕,https://www.nics.go.kr/food/kfi/tfSrch08/view?menuId=PS03520&tfcode=90172,28,b72584c7e80e559e28f94407fcf69f00db2438bff9898b65b766c3811d5a86b9,2026-10-04,public-recipe-v1
RDA-91834,다슬기해장국(달팽이해장국),https://www.nics.go.kr/food/kfi/tfSrch08/view?menuId=PS03520&tfcode=91834,28,b72584c7e80e559e28f94407fcf69f00db2438bff9898b65b766c3811d5a86b9,2026-10-04,public-recipe-v1
RDA-91635,다시마부각,https://www.nics.go.kr/food/kfi/tfSrch08/view?menuId=PS03520&tfcode=91635,29,ac33d6065197ed3a37f5e36f1afbaf164bf4b24a9ef5e918d88c64fbbcd986b3,2026-10-04,public-recipe-v1
RDA-91727,다시마정과(다시마전과),https://www.nics.go.kr/food/kfi/tfSrch08/view?menuId=PS03520&tfcode=91727,29,ac33d6065197ed3a37f5e36f1afbaf164bf4b24a9ef5e918d88c64fbbcd986b3,2026-10-04,public-recipe-v1
RDA-92635,다시마찜 [방법 1],https://www.nics.go.kr/food/kfi/tfSrch08/view?menuId=PS03520&tfcode=92635,29,ac33d6065197ed3a37f5e36f1afbaf164bf4b24a9ef5e918d88c64fbbcd986b3,2026-10-04,public-recipe-v1
RDA-91080,다시마채무침,https://www.nics.go.kr/food/kfi/tfSrch08/view?menuId=PS03520&tfcode=91080,29,ac33d6065197ed3a37f5e36f1afbaf164bf4b24a9ef5e918d88c64fbbcd986b3,2026-10-04,public-recipe-v1
RDA-92023,다식,https://www.nics.go.kr/food/kfi/tfSrch08/view?menuId=PS03520&tfcode=92023,29,ac33d6065197ed3a37f5e36f1afbaf164bf4b24a9ef5e918d88c64fbbcd986b3,2026-10-04,public-recipe-v1
RDA-92320,다식,https://www.nics.go.kr/food/kfi/tfSrch08/view?menuId=PS03520&tfcode=92320,29,ac33d6065197ed3a37f5e36f1afbaf164bf4b24a9ef5e918d88c64fbbcd986b3,2026-10-04,public-recipe-v1
RDA-92576,다식,https://www.nics.go.kr/food/kfi/tfSrch08/view?menuId=PS03520&tfcode=92576,29,ac33d6065197ed3a37f5e36f1afbaf164bf4b24a9ef5e918d88c64fbbcd986b3,2026-10-04,public-recipe-v1
RDA-90191,달강어찌개(장대찌개),https://www.nics.go.kr/food/kfi/tfSrch08/view?menuId=PS03520&tfcode=90191,29,ac33d6065197ed3a37f5e36f1afbaf164bf4b24a9ef5e918d88c64fbbcd986b3,2026-10-04,public-recipe-v1
RDA-92670,달걀찜(닭새기찜),https://www.nics.go.kr/food/kfi/tfSrch08/view?menuId=PS03520&tfcode=92670,29,ac33d6065197ed3a37f5e36f1afbaf164bf4b24a9ef5e918d88c64fbbcd986b3,2026-10-04,public-recipe-v1
RDA-89561,달래김치,https://www.nics.go.kr/food/kfi/tfSrch08/view?menuId=PS03520&tfcode=89561,29,ac33d6065197ed3a37f5e36f1afbaf164bf4b24a9ef5e918d88c64fbbcd986b3,2026-10-04,public-recipe-v1
RDA-90479,달래무침,https://www.nics.go.kr/food/kfi/tfSrch08/view?menuId=PS03520&tfcode=90479,29,ac33d6065197ed3a37f5e36f1afbaf164bf4b24a9ef5e918d88c64fbbcd986b3,2026-10-04,public-recipe-v1
RDA-90795,달래생채,https://www.nics.go.kr/food/kfi/tfSrch08/view?menuId=PS03520&tfcode=90795,29,ac33d6065197ed3a37f5e36f1afbaf164bf4b24a9ef5e918d88c64fbbcd986b3,2026-10-04,public-recipe-v1
RDA-90064,달래장아찌(꿩마농장아찌),https://www.nics.go.kr/food/kfi/tfSrch08/view?menuId=PS03520&tfcode=90064,29,ac33d6065197ed3a37f5e36f1afbaf164bf4b24a9ef5e918d88c64fbbcd986b3,2026-10-04,public-recipe-v1
RDA-91127,닭갈납,https://www.nics.go.kr/food/kfi/tfSrch08/view?menuId=PS03520&tfcode=91127,29,ac33d6065197ed3a37f5e36f1afbaf164bf4b24a9ef5e918d88c64fbbcd986b3,2026-10-04,public-recipe-v1
RDA-92205,닭고기회,https://www.nics.go.kr/food/kfi/tfSrch08/view?menuId=PS03520&tfcode=92205,29,ac33d6065197ed3a37f5e36f1afbaf164bf4b24a9ef5e918d88c64fbbcd986b3,2026-10-04,public-recipe-v1
RDA-90858,닭볶음,https://www.nics.go.kr/food/kfi/tfSrch08/view?menuId=PS03520&tfcode=90858,29,ac33d6065197ed3a37f5e36f1afbaf164bf4b24a9ef5e918d88c64fbbcd986b3,2026-10-04,public-recipe-v1
RDA-91101,닭불고기,https://www.nics.go.kr/food/kfi/tfSrch08/view?menuId=PS03520&tfcode=91101,29,ac33d6065197ed3a37f5e36f1afbaf164bf4b24a9ef5e918d88c64fbbcd986b3,2026-10-04,public-recipe-v1
RDA-91023,닭뼈다귀알탕국,https://www.nics.go.kr/food/kfi/tfSrch08/view?menuId=PS03520&tfcode=91023,29,ac33d6065197ed3a37f5e36f1afbaf164bf4b24a9ef5e918d88c64fbbcd986b3,2026-10-04,public-recipe-v1
RDA-89551,닭전골(닭사리),https://www.nics.go.kr/food/kfi/tfSrch08/view?menuId=PS03520&tfcode=89551,29,ac33d6065197ed3a37f5e36f1afbaf164bf4b24a9ef5e918d88c64fbbcd986b3,2026-10-04,public-recipe-v1
RDA-90971,닭죽,https://www.nics.go.kr/food/kfi/tfSrch08/view?menuId=PS03520&tfcode=90971,29,ac33d6065197ed3a37f5e36f1afbaf164bf4b24a9ef5e918d88c64fbbcd986b3,2026-10-04,public-recipe-v1
RDA-89925,닭죽,https://www.nics.go.kr/food/kfi/tfSrch08/view?menuId=PS03520&tfcode=89925,29,ac33d6065197ed3a37f5e36f1afbaf164bf4b24a9ef5e918d88c64fbbcd986b3,2026-10-04,public-recipe-v1
RDA-90147,닭죽,https://www.nics.go.kr/food/kfi/tfSrch08/view?menuId=PS03520&tfcode=90147,29,ac33d6065197ed3a37f5e36f1afbaf164bf4b24a9ef5e918d88c64fbbcd986b3,2026-10-04,public-recipe-v1
RDA-91154,닭찜,https://www.nics.go.kr/food/kfi/tfSrch08/view?menuId=PS03520&tfcode=91154,29,ac33d6065197ed3a37f5e36f1afbaf164bf4b24a9ef5e918d88c64fbbcd986b3,2026-10-04,public-recipe-v1
RDA-90243,닭찜,https://www.nics.go.kr/food/kfi/tfSrch08/view?menuId=PS03520&tfcode=90243,29,ac33d6065197ed3a37f5e36f1afbaf164bf4b24a9ef5e918d88c64fbbcd986b3,2026-10-04,public-recipe-v1
RDA-92190,닭찜(닭산적),https://www.nics.go.kr/food/kfi/tfSrch08/view?menuId=PS03520&tfcode=92190,29,ac33d6065197ed3a37f5e36f1afbaf164bf4b24a9ef5e918d88c64fbbcd986b3,2026-10-04,public-recipe-v1
RDA-91190,당귀잎부각,https://www.nics.go.kr/food/kfi/tfSrch08/view?menuId=PS03520&tfcode=91190,29,ac33d6065197ed3a37f5e36f1afbaf164bf4b24a9ef5e918d88c64fbbcd986b3,2026-10-04,public-recipe-v1
RDA-91191,당귀잎튀김,https://www.nics.go.kr/food/kfi/tfSrch08/view?menuId=PS03520&tfcode=91191,29,ac33d6065197ed3a37f5e36f1afbaf164bf4b24a9ef5e918d88c64fbbcd986b3,2026-10-04,public-recipe-v1
RDA-90119,당유자차(댕유지차),https://www.nics.go.kr/food/kfi/tfSrch08/view?menuId=PS03520&tfcode=90119,29,ac33d6065197ed3a37f5e36f1afbaf164bf4b24a9ef5e918d88c64fbbcd986b3,2026-10-04,public-recipe-v1
RDA-90972,대게죽,https://www.nics.go.kr/food/kfi/tfSrch08/view?menuId=PS03520&tfcode=90972,29,ac33d6065197ed3a37f5e36f1afbaf164bf4b24a9ef5e918d88c64fbbcd986b3,2026-10-04,public-recipe-v1
RDA-91892,대게찜,https://www.nics.go.kr/food/kfi/tfSrch08/view?menuId=PS03520&tfcode=91892,29,ac33d6065197ed3a37f5e36f1afbaf164bf4b24a9ef5e918d88c64fbbcd986b3,2026-10-04,public-recipe-v1
RDA-91024,대게탕,https://www.nics.go.kr/food/kfi/tfSrch08/view?menuId=PS03520&tfcode=91024,29,ac33d6065197ed3a37f5e36f1afbaf164bf4b24a9ef5e918d88c64fbbcd986b3,2026-10-04,public-recipe-v1
RDA-91678,대구알젓,https://www.nics.go.kr/food/kfi/tfSrch08/view?menuId=PS03520&tfcode=91678,29,ac33d6065197ed3a37f5e36f1afbaf164bf4b24a9ef5e918d88c64fbbcd986b3,2026-10-04,public-recipe-v1
RDA-89885,대나무차,https://www.nics.go.kr/food/kfi/tfSrch08/view?menuId=PS03520&tfcode=89885,29,ac33d6065197ed3a37f5e36f1afbaf164bf4b24a9ef5e918d88c64fbbcd986b3,2026-10-04,public-recipe-v1
RDA-90136,대나무통밥,https://www.nics.go.kr/food/kfi/tfSrch08/view?menuId=PS03520&tfcode=90136,29,ac33d6065197ed3a37f5e36f1afbaf164bf4b24a9ef5e918d88c64fbbcd986b3,2026-10-04,public-recipe-v1
RDA-89578,대청호장어구이,https://www.nics.go.kr/food/kfi/tfSrch08/view?menuId=PS03520&tfcode=89578,29,ac33d6065197ed3a37f5e36f1afbaf164bf4b24a9ef5e918d88c64fbbcd986b3,2026-10-04,public-recipe-v1
RDA-91298,"대추곰(대추고리, 대추고임)",https://www.nics.go.kr/food/kfi/tfSrch08/view?menuId=PS03520&tfcode=91298,29,ac33d6065197ed3a37f5e36f1afbaf164bf4b24a9ef5e918d88c64fbbcd986b3,2026-10-04,public-recipe-v1
RDA-90639,대추단자,https://www.nics.go.kr/food/kfi/tfSrch08/view?menuId=PS03520&tfcode=90639,29,ac33d6065197ed3a37f5e36f1afbaf164bf4b24a9ef5e918d88c64fbbcd986b3,2026-10-04,public-recipe-v1
RDA-89674,대추술,https://www.nics.go.kr/food/kfi/tfSrch08/view?menuId=PS03520&tfcode=89674,29,ac33d6065197ed3a37f5e36f1afbaf164bf4b24a9ef5e918d88c64fbbcd986b3,2026-10-04,public-recipe-v1
RDA-91299,대추식혜,https://www.nics.go.kr/food/kfi/tfSrch08/view?menuId=PS03520&tfcode=91299,29,ac33d6065197ed3a37f5e36f1afbaf164bf4b24a9ef5e918d88c64fbbcd986b3,2026-10-04,public-recipe-v1
RDA-90361,대추죽,https://www.nics.go.kr/food/kfi/tfSrch08/view?menuId=PS03520&tfcode=90361,29,ac33d6065197ed3a37f5e36f1afbaf164bf4b24a9ef5e918d88c64fbbcd986b3,2026-10-04,public-recipe-v1
RDA-90935,대추차,https://www.nics.go.kr/food/kfi/tfSrch08/view?menuId=PS03520&tfcode=90935,29,ac33d6065197ed3a37f5e36f1afbaf164bf4b24a9ef5e918d88c64fbbcd986b3,2026-10-04,public-recipe-v1
RDA-91731,대추초,https://www.nics.go.kr/food/kfi/tfSrch08/view?menuId=PS03520&tfcode=91731,29,ac33d6065197ed3a37f5e36f1afbaf164bf4b24a9ef5e918d88c64fbbcd986b3,2026-10-04,public-recipe-v1
RDA-90932,대추초,https://www.nics.go.kr/food/kfi/tfSrch08/view?menuId=PS03520&tfcode=90932,29,ac33d6065197ed3a37f5e36f1afbaf164bf4b24a9ef5e918d88c64fbbcd986b3,2026-10-04,public-recipe-v1
RDA-91294,대추초,https://www.nics.go.kr/food/kfi/tfSrch08/view?menuId=PS03520&tfcode=91294,29,ac33d6065197ed3a37f5e36f1afbaf164bf4b24a9ef5e918d88c64fbbcd986b3,2026-10-04,public-recipe-v1
RDA-90534,대하전,https://www.nics.go.kr/food/kfi/tfSrch08/view?menuId=PS03520&tfcode=90534,29,ac33d6065197ed3a37f5e36f1afbaf164bf4b24a9ef5e918d88c64fbbcd986b3,2026-10-04,public-recipe-v1
RDA-90559,대하찜,https://www.nics.go.kr/food/kfi/tfSrch08/view?menuId=PS03520&tfcode=90559,29,ac33d6065197ed3a37f5e36f1afbaf164bf4b24a9ef5e918d88c64fbbcd986b3,2026-10-04,public-recipe-v1
RDA-92624,대하찜,https://www.nics.go.kr/food/kfi/tfSrch08/view?menuId=PS03520&tfcode=92624,29,ac33d6065197ed3a37f5e36f1afbaf164bf4b24a9ef5e918d88c64fbbcd986b3,2026-10-04,public-recipe-v1
RDA-89728,대하탕,https://www.nics.go.kr/food/kfi/tfSrch08/view?menuId=PS03520&tfcode=89728,29,ac33d6065197ed3a37f5e36f1afbaf164bf4b24a9ef5e918d88c64fbbcd986b3,2026-10-04,public-recipe-v1
RDA-90493,대합구이,https://www.nics.go.kr/food/kfi/tfSrch08/view?menuId=PS03520&tfcode=90493,29,ac33d6065197ed3a37f5e36f1afbaf164bf4b24a9ef5e918d88c64fbbcd986b3,2026-10-04,public-recipe-v1
RDA-90224,대합구이,https://www.nics.go.kr/food/kfi/tfSrch08/view?menuId=PS03520&tfcode=90224,29,ac33d6065197ed3a37f5e36f1afbaf164bf4b24a9ef5e918d88c64fbbcd986b3,2026-10-04,public-recipe-v1
RDA-92182,대합전,https://www.nics.go.kr/food/kfi/tfSrch08/view?menuId=PS03520&tfcode=92182,29,ac33d6065197ed3a37f5e36f1afbaf164bf4b24a9ef5e918d88c64fbbcd986b3,2026-10-04,public-recipe-v1
RDA-92533,대합조개죽,https://www.nics.go.kr/food/kfi/tfSrch08/view?menuId=PS03520&tfcode=92533,29,ac33d6065197ed3a37f5e36f1afbaf164bf4b24a9ef5e918d88c64fbbcd986b3,2026-10-04,public-recipe-v1
RDA-90883,대합찜,https://www.nics.go.kr/food/kfi/tfSrch08/view?menuId=PS03520&tfcode=90883,29,ac33d6065197ed3a37f5e36f1afbaf164bf4b24a9ef5e918d88c64fbbcd986b3,2026-10-04,public-recipe-v1
RDA-91588,대합찜,https://www.nics.go.kr/food/kfi/tfSrch08/view?menuId=PS03520&tfcode=91588,29,ac33d6065197ed3a37f5e36f1afbaf164bf4b24a9ef5e918d88c64fbbcd986b3,2026-10-04,public-recipe-v1
RDA-90246,대합찜(생합찜)<방법2>,https://www.nics.go.kr/food/kfi/tfSrch08/view?menuId=PS03520&tfcode=90246,29,ac33d6065197ed3a37f5e36f1afbaf164bf4b24a9ef5e918d88c64fbbcd986b3,2026-10-04,public-recipe-v1
RDA-92609,대합탕,https://www.nics.go.kr/food/kfi/tfSrch08/view?menuId=PS03520&tfcode=92609,29,ac33d6065197ed3a37f5e36f1afbaf164bf4b24a9ef5e918d88c64fbbcd986b3,2026-10-04,public-recipe-v1
RDA-92361,더덕구이,https://www.nics.go.kr/food/kfi/tfSrch08/view?menuId=PS03520&tfcode=92361,29,ac33d6065197ed3a37f5e36f1afbaf164bf4b24a9ef5e918d88c64fbbcd986b3,2026-10-04,public-recipe-v1
RDA-89785,더덕구이,https://www.nics.go.kr/food/kfi/tfSrch08/view?menuId=PS03520&tfcode=89785,29,ac33d6065197ed3a37f5e36f1afbaf164bf4b24a9ef5e918d88c64fbbcd986b3,2026-10-04,public-recipe-v1
RDA-91102,더덕구이,https://www.nics.go.kr/food/kfi/tfSrch08/view?menuId=PS03520&tfcode=91102,29,ac33d6065197ed3a37f5e36f1afbaf164bf4b24a9ef5e918d88c64fbbcd986b3,2026-10-04,public-recipe-v1
RDA-90501,더덕구이,https://www.nics.go.kr/food/kfi/tfSrch08/view?menuId=PS03520&tfcode=90501,29,ac33d6065197ed3a37f5e36f1afbaf164bf4b24a9ef5e918d88c64fbbcd986b3,2026-10-04,public-recipe-v1
RDA-92520,더덕구이,https://www.nics.go.kr/food/kfi/tfSrch08/view?menuId=PS03520&tfcode=92520,29,ac33d6065197ed3a37f5e36f1afbaf164bf4b24a9ef5e918d88c64fbbcd986b3,2026-10-04,public-recipe-v1
RDA-91516,더덕구이(더덕양념구이),https://www.nics.go.kr/food/kfi/tfSrch08/view?menuId=PS03520&tfcode=91516,29,ac33d6065197ed3a37f5e36f1afbaf164bf4b24a9ef5e918d88c64fbbcd986b3,2026-10-04,public-recipe-v1
RDA-91853,더덕김치,https://www.nics.go.kr/food/kfi/tfSrch08/view?menuId=PS03520&tfcode=91853,29,ac33d6065197ed3a37f5e36f1afbaf164bf4b24a9ef5e918d88c64fbbcd986b3,2026-10-04,public-recipe-v1
RDA-91025,더덕냉국,https://www.nics.go.kr/food/kfi/tfSrch08/view?menuId=PS03520&tfcode=91025,29,ac33d6065197ed3a37f5e36f1afbaf164bf4b24a9ef5e918d88c64fbbcd986b3,2026-10-04,public-recipe-v1
RDA-90207,더덕무침,https://www.nics.go.kr/food/kfi/tfSrch08/view?menuId=PS03520&tfcode=90207,29,ac33d6065197ed3a37f5e36f1afbaf164bf4b24a9ef5e918d88c64fbbcd986b3,2026-10-04,public-recipe-v1
RDA-90796,더덕무침,https://www.nics.go.kr/food/kfi/tfSrch08/view?menuId=PS03520&tfcode=90796,29,ac33d6065197ed3a37f5e36f1afbaf164bf4b24a9ef5e918d88c64fbbcd986b3,2026-10-04,public-recipe-v1
RDA-91081,더덕무침(더덕생채),https://www.nics.go.kr/food/kfi/tfSrch08/view?menuId=PS03520&tfcode=91081,29,ac33d6065197ed3a37f5e36f1afbaf164bf4b24a9ef5e918d88c64fbbcd986b3,2026-10-04,public-recipe-v1
RDA-89769,더덕물김치,https://www.nics.go.kr/food/kfi/tfSrch08/view?menuId=PS03520&tfcode=89769,29,ac33d6065197ed3a37f5e36f1afbaf164bf4b24a9ef5e918d88c64fbbcd986b3,2026-10-04,public-recipe-v1
RDA-92317,더덕생채,https://www.nics.go.kr/food/kfi/tfSrch08/view?menuId=PS03520&tfcode=92317,29,ac33d6065197ed3a37f5e36f1afbaf164bf4b24a9ef5e918d88c64fbbcd986b3,2026-10-04,public-recipe-v1
RDA-91863,더덕생채,https://www.nics.go.kr/food/kfi/tfSrch08/view?menuId=PS03520&tfcode=91863,29,ac33d6065197ed3a37f5e36f1afbaf164bf4b24a9ef5e918d88c64fbbcd986b3,2026-10-04,public-recipe-v1
RDA-91965,더덕설기,https://www.nics.go.kr/food/kfi/tfSrch08/view?menuId=PS03520&tfcode=91965,30,1ae73b365ece701e00283b520f70829e96e10f8a494c9976d672f13596b98238,2026-10-04,public-recipe-v1
RDA-91928,더덕식해,https://www.nics.go.kr/food/kfi/tfSrch08/view?menuId=PS03520&tfcode=91928,30,1ae73b365ece701e00283b520f70829e96e10f8a494c9976d672f13596b98238,2026-10-04,public-recipe-v1
RDA-91946,더덕쌈 <방법1: 더덕채소쌈>,https://www.nics.go.kr/food/kfi/tfSrch08/view?menuId=PS03520&tfcode=91946,30,1ae73b365ece701e00283b520f70829e96e10f8a494c9976d672f13596b98238,2026-10-04,public-recipe-v1
RDA-91945,더덕쌈 <방법2: 더덕승검초잎쌈>,https://www.nics.go.kr/food/kfi/tfSrch08/view?menuId=PS03520&tfcode=91945,30,1ae73b365ece701e00283b520f70829e96e10f8a494c9976d672f13596b98238,2026-10-04,public-recipe-v1
RDA-91554,더덕장떡,https://www.nics.go.kr/food/kfi/tfSrch08/view?menuId=PS03520&tfcode=91554,30,1ae73b365ece701e00283b520f70829e96e10f8a494c9976d672f13596b98238,2026-10-04,public-recipe-v1
RDA-91223,더덕장아찌,https://www.nics.go.kr/food/kfi/tfSrch08/view?menuId=PS03520&tfcode=91223,30,1ae73b365ece701e00283b520f70829e96e10f8a494c9976d672f13596b98238,2026-10-04,public-recipe-v1
RDA-92452,더덕장아찌,https://www.nics.go.kr/food/kfi/tfSrch08/view?menuId=PS03520&tfcode=92452,30,1ae73b365ece701e00283b520f70829e96e10f8a494c9976d672f13596b98238,2026-10-04,public-recipe-v1
RDA-90065,더덕장아찌,https://www.nics.go.kr/food/kfi/tfSrch08/view?menuId=PS03520&tfcode=90065,30,1ae73b365ece701e00283b520f70829e96e10f8a494c9976d672f13596b98238,2026-10-04,public-recipe-v1
RDA-90276,더덕장아찌(무침),https://www.nics.go.kr/food/kfi/tfSrch08/view?menuId=PS03520&tfcode=90276,30,1ae73b365ece701e00283b520f70829e96e10f8a494c9976d672f13596b98238,2026-10-04,public-recipe-v1
RDA-92024,더덕정과,https://www.nics.go.kr/food/kfi/tfSrch08/view?menuId=PS03520&tfcode=92024,30,1ae73b365ece701e00283b520f70829e96e10f8a494c9976d672f13596b98238,2026-10-04,public-recipe-v1
RDA-91529,더덕조림,https://www.nics.go.kr/food/kfi/tfSrch08/view?menuId=PS03520&tfcode=91529,30,1ae73b365ece701e00283b520f70829e96e10f8a494c9976d672f13596b98238,2026-10-04,public-recipe-v1
RDA-91192,더덕튀김,https://www.nics.go.kr/food/kfi/tfSrch08/view?menuId=PS03520&tfcode=91192,30,1ae73b365ece701e00283b520f70829e96e10f8a494c9976d672f13596b98238,2026-10-04,public-recipe-v1
RDA-91907,더덕튀김,https://www.nics.go.kr/food/kfi/tfSrch08/view?menuId=PS03520&tfcode=91907,30,1ae73b365ece701e00283b520f70829e96e10f8a494c9976d672f13596b98238,2026-10-04,public-recipe-v1
RDA-90465,더벙이김치,https://www.nics.go.kr/food/kfi/tfSrch08/view?menuId=PS03520&tfcode=90465,30,1ae73b365ece701e00283b520f70829e96e10f8a494c9976d672f13596b98238,2026-10-04,public-recipe-v1
RDA-92151,도라지나물,https://www.nics.go.kr/food/kfi/tfSrch08/view?menuId=PS03520&tfcode=92151,30,1ae73b365ece701e00283b520f70829e96e10f8a494c9976d672f13596b98238,2026-10-04,public-recipe-v1
RDA-90277,도라지장아찌,https://www.nics.go.kr/food/kfi/tfSrch08/view?menuId=PS03520&tfcode=90277,30,1ae73b365ece701e00283b520f70829e96e10f8a494c9976d672f13596b98238,2026-10-04,public-recipe-v1
RDA-90607,도라지장아찌,https://www.nics.go.kr/food/kfi/tfSrch08/view?menuId=PS03520&tfcode=90607,30,1ae73b365ece701e00283b520f70829e96e10f8a494c9976d672f13596b98238,2026-10-04,public-recipe-v1
RDA-89658,도라지정과,https://www.nics.go.kr/food/kfi/tfSrch08/view?menuId=PS03520&tfcode=89658,30,1ae73b365ece701e00283b520f70829e96e10f8a494c9976d672f13596b98238,2026-10-04,public-recipe-v1
RDA-90931,도라지정과,https://www.nics.go.kr/food/kfi/tfSrch08/view?menuId=PS03520&tfcode=90931,30,1ae73b365ece701e00283b520f70829e96e10f8a494c9976d672f13596b98238,2026-10-04,public-recipe-v1
RDA-91929,도루묵식해 <방법1>,https://www.nics.go.kr/food/kfi/tfSrch08/view?menuId=PS03520&tfcode=91929,30,1ae73b365ece701e00283b520f70829e96e10f8a494c9976d672f13596b98238,2026-10-04,public-recipe-v1
RDA-89582,도리뱅뱅이<방법 2>,https://www.nics.go.kr/food/kfi/tfSrch08/view?menuId=PS03520&tfcode=89582,30,1ae73b365ece701e00283b520f70829e96e10f8a494c9976d672f13596b98238,2026-10-04,public-recipe-v1
RDA-90884,도미찜,https://www.nics.go.kr/food/kfi/tfSrch08/view?menuId=PS03520&tfcode=90884,30,1ae73b365ece701e00283b520f70829e96e10f8a494c9976d672f13596b98238,2026-10-04,public-recipe-v1
RDA-91808,도토리국수,https://www.nics.go.kr/food/kfi/tfSrch08/view?menuId=PS03520&tfcode=91808,30,1ae73b365ece701e00283b520f70829e96e10f8a494c9976d672f13596b98238,2026-10-04,public-recipe-v1
RDA-89630,도토리떡 <방법2>,https://www.nics.go.kr/food/kfi/tfSrch08/view?menuId=PS03520&tfcode=89630,30,1ae73b365ece701e00283b520f70829e96e10f8a494c9976d672f13596b98238,2026-10-04,public-recipe-v1
RDA-92415,도토리묵,https://www.nics.go.kr/food/kfi/tfSrch08/view?menuId=PS03520&tfcode=92415,30,1ae73b365ece701e00283b520f70829e96e10f8a494c9976d672f13596b98238,2026-10-04,public-recipe-v1
RDA-91649,도토리묵,https://www.nics.go.kr/food/kfi/tfSrch08/view?menuId=PS03520&tfcode=91649,30,1ae73b365ece701e00283b520f70829e96e10f8a494c9976d672f13596b98238,2026-10-04,public-recipe-v1
RDA-92496,도토리묵굴무침,https://www.nics.go.kr/food/kfi/tfSrch08/view?menuId=PS03520&tfcode=92496,30,1ae73b365ece701e00283b520f70829e96e10f8a494c9976d672f13596b98238,2026-10-04,public-recipe-v1
RDA-91129,도토리묵전,https://www.nics.go.kr/food/kfi/tfSrch08/view?menuId=PS03520&tfcode=91129,30,1ae73b365ece701e00283b520f70829e96e10f8a494c9976d672f13596b98238,2026-10-04,public-recipe-v1
RDA-89624,도토리밀쌈,https://www.nics.go.kr/food/kfi/tfSrch08/view?menuId=PS03520&tfcode=89624,30,1ae73b365ece701e00283b520f70829e96e10f8a494c9976d672f13596b98238,2026-10-04,public-recipe-v1
RDA-89493,도토리밥(꿀밤밥),https://www.nics.go.kr/food/kfi/tfSrch08/view?menuId=PS03520&tfcode=89493,30,1ae73b365ece701e00283b520f70829e96e10f8a494c9976d672f13596b98238,2026-10-04,public-recipe-v1
RDA-90293,도토리설기떡,https://www.nics.go.kr/food/kfi/tfSrch08/view?menuId=PS03520&tfcode=90293,30,1ae73b365ece701e00283b520f70829e96e10f8a494c9976d672f13596b98238,2026-10-04,public-recipe-v1
RDA-91966,도토리송편,https://www.nics.go.kr/food/kfi/tfSrch08/view?menuId=PS03520&tfcode=91966,30,1ae73b365ece701e00283b520f70829e96e10f8a494c9976d672f13596b98238,2026-10-04,public-recipe-v1
RDA-90294,도토리송편,https://www.nics.go.kr/food/kfi/tfSrch08/view?menuId=PS03520&tfcode=90294,30,1ae73b365ece701e00283b520f70829e96e10f8a494c9976d672f13596b98238,2026-10-04,public-recipe-v1
RDA-91967,도토리시루떡,https://www.nics.go.kr/food/kfi/tfSrch08/view?menuId=PS03520&tfcode=91967,30,1ae73b365ece701e00283b520f70829e96e10f8a494c9976d672f13596b98238,2026-10-04,public-recipe-v1
RDA-91809,도토리올챙이국수(올챙이국수),https://www.nics.go.kr/food/kfi/tfSrch08/view?menuId=PS03520&tfcode=91809,30,1ae73b365ece701e00283b520f70829e96e10f8a494c9976d672f13596b98238,2026-10-04,public-recipe-v1
RDA-91130,도토리전,https://www.nics.go.kr/food/kfi/tfSrch08/view?menuId=PS03520&tfcode=91130,30,1ae73b365ece701e00283b520f70829e96e10f8a494c9976d672f13596b98238,2026-10-04,public-recipe-v1
RDA-91968,도토리전병,https://www.nics.go.kr/food/kfi/tfSrch08/view?menuId=PS03520&tfcode=91968,30,1ae73b365ece701e00283b520f70829e96e10f8a494c9976d672f13596b98238,2026-10-04,public-recipe-v1
RDA-89631,도토리찰편,https://www.nics.go.kr/food/kfi/tfSrch08/view?menuId=PS03520&tfcode=89631,30,1ae73b365ece701e00283b520f70829e96e10f8a494c9976d672f13596b98238,2026-10-04,public-recipe-v1
RDA-91478,돌곳무침,https://www.nics.go.kr/food/kfi/tfSrch08/view?menuId=PS03520&tfcode=91478,30,1ae73b365ece701e00283b520f70829e96e10f8a494c9976d672f13596b98238,2026-10-04,public-recipe-v1
RDA-91479,"돌나물무침(돋나물무침, 돈나물무침)",https://www.nics.go.kr/food/kfi/tfSrch08/view?menuId=PS03520&tfcode=91479,30,1ae73b365ece701e00283b520f70829e96e10f8a494c9976d672f13596b98238,2026-10-04,public-recipe-v1
RDA-90799,돌나물무침(돌나물),https://www.nics.go.kr/food/kfi/tfSrch08/view?menuId=PS03520&tfcode=90799,30,1ae73b365ece701e00283b520f70829e96e10f8a494c9976d672f13596b98238,2026-10-04,public-recipe-v1
RDA-91462,"돌나물물김치(돋나물물김치, 돈나물물김치)",https://www.nics.go.kr/food/kfi/tfSrch08/view?menuId=PS03520&tfcode=91462,30,1ae73b365ece701e00283b520f70829e96e10f8a494c9976d672f13596b98238,2026-10-04,public-recipe-v1
RDA-90137,돌솥밥,https://www.nics.go.kr/food/kfi/tfSrch08/view?menuId=PS03520&tfcode=90137,30,1ae73b365ece701e00283b520f70829e96e10f8a494c9976d672f13596b98238,2026-10-04,public-recipe-v1
RDA-90198,동김치(동치미),https://www.nics.go.kr/food/kfi/tfSrch08/view?menuId=PS03520&tfcode=90198,30,1ae73b365ece701e00283b520f70829e96e10f8a494c9976d672f13596b98238,2026-10-04,public-recipe-v1
RDA-90331,동동주,https://www.nics.go.kr/food/kfi/tfSrch08/view?menuId=PS03520&tfcode=90331,30,1ae73b365ece701e00283b520f70829e96e10f8a494c9976d672f13596b98238,2026-10-04,public-recipe-v1
RDA-91749,동동주,https://www.nics.go.kr/food/kfi/tfSrch08/view?menuId=PS03520&tfcode=91749,30,1ae73b365ece701e00283b520f70829e96e10f8a494c9976d672f13596b98238,2026-10-04,public-recipe-v1
RDA-92435,동동주,https://www.nics.go.kr/food/kfi/tfSrch08/view?menuId=PS03520&tfcode=92435,30,1ae73b365ece701e00283b520f70829e96e10f8a494c9976d672f13596b98238,2026-10-04,public-recipe-v1
RDA-91314,동동주(인삼동동주),https://www.nics.go.kr/food/kfi/tfSrch08/view?menuId=PS03520&tfcode=91314,30,1ae73b365ece701e00283b520f70829e96e10f8a494c9976d672f13596b98238,2026-10-04,public-recipe-v1
RDA-91555,동래파전,https://www.nics.go.kr/food/kfi/tfSrch08/view?menuId=PS03520&tfcode=91555,30,1ae73b365ece701e00283b520f70829e96e10f8a494c9976d672f13596b98238,2026-10-04,public-recipe-v1
RDA-90173,동상토종닭백숙,https://www.nics.go.kr/food/kfi/tfSrch08/view?menuId=PS03520&tfcode=90173,30,1ae73b365ece701e00283b520f70829e96e10f8a494c9976d672f13596b98238,2026-10-04,public-recipe-v1
RDA-92420,동아정과,https://www.nics.go.kr/food/kfi/tfSrch08/view?menuId=PS03520&tfcode=92420,30,1ae73b365ece701e00283b520f70829e96e10f8a494c9976d672f13596b98238,2026-10-04,public-recipe-v1
RDA-90787,동치미,https://www.nics.go.kr/food/kfi/tfSrch08/view?menuId=PS03520&tfcode=90787,30,1ae73b365ece701e00283b520f70829e96e10f8a494c9976d672f13596b98238,2026-10-04,public-recipe-v1
RDA-89821,동치미굴회,https://www.nics.go.kr/food/kfi/tfSrch08/view?menuId=PS03520&tfcode=89821,30,1ae73b365ece701e00283b520f70829e96e10f8a494c9976d672f13596b98238,2026-10-04,public-recipe-v1
RDA-92512,동치미무무침(싱건지무무침),https://www.nics.go.kr/food/kfi/tfSrch08/view?menuId=PS03520&tfcode=92512,30,1ae73b365ece701e00283b520f70829e96e10f8a494c9976d672f13596b98238,2026-10-04,public-recipe-v1
RDA-92231,동치미무장아찌,https://www.nics.go.kr/food/kfi/tfSrch08/view?menuId=PS03520&tfcode=92231,30,1ae73b365ece701e00283b520f70829e96e10f8a494c9976d672f13596b98238,2026-10-04,public-recipe-v1
RDA-91409,동타리국,https://www.nics.go.kr/food/kfi/tfSrch08/view?menuId=PS03520&tfcode=91409,30,1ae73b365ece701e00283b520f70829e96e10f8a494c9976d672f13596b98238,2026-10-04,public-recipe-v1
RDA-90446,동태찌개,https://www.nics.go.kr/food/kfi/tfSrch08/view?menuId=PS03520&tfcode=90446,30,1ae73b365ece701e00283b520f70829e96e10f8a494c9976d672f13596b98238,2026-10-04,public-recipe-v1
RDA-92657,돼지갈비지짐,https://www.nics.go.kr/food/kfi/tfSrch08/view?menuId=PS03520&tfcode=92657,30,1ae73b365ece701e00283b520f70829e96e10f8a494c9976d672f13596b98238,2026-10-04,public-recipe-v1
RDA-89753,돼지고기곱창찌개,https://www.nics.go.kr/food/kfi/tfSrch08/view?menuId=PS03520&tfcode=89753,30,1ae73b365ece701e00283b520f70829e96e10f8a494c9976d672f13596b98238,2026-10-04,public-recipe-v1
RDA-90830,돼지고기구이,https://www.nics.go.kr/food/kfi/tfSrch08/view?menuId=PS03520&tfcode=90830,30,1ae73b365ece701e00283b520f70829e96e10f8a494c9976d672f13596b98238,2026-10-04,public-recipe-v1
RDA-90020,돼지고기산적(돼지고기적갈),https://www.nics.go.kr/food/kfi/tfSrch08/view?menuId=PS03520&tfcode=90020,30,1ae73b365ece701e00283b520f70829e96e10f8a494c9976d672f13596b98238,2026-10-04,public-recipe-v1
RDA-92221,돼지고기수육,https://www.nics.go.kr/food/kfi/tfSrch08/view?menuId=PS03520&tfcode=92221,30,1ae73b365ece701e00283b520f70829e96e10f8a494c9976d672f13596b98238,2026-10-04,public-recipe-v1
RDA-89799,돼지고기완자부침,https://www.nics.go.kr/food/kfi/tfSrch08/view?menuId=PS03520&tfcode=89799,30,1ae73b365ece701e00283b520f70829e96e10f8a494c9976d672f13596b98238,2026-10-04,public-recipe-v1
RDA-89604,돼지고기육포,https://www.nics.go.kr/food/kfi/tfSrch08/view?menuId=PS03520&tfcode=89604,30,1ae73b365ece701e00283b520f70829e96e10f8a494c9976d672f13596b98238,2026-10-04,public-recipe-v1
RDA-90228,돼지고기장조림(돼지고기자장),https://www.nics.go.kr/food/kfi/tfSrch08/view?menuId=PS03520&tfcode=90228,30,1ae73b365ece701e00283b520f70829e96e10f8a494c9976d672f13596b98238,2026-10-04,public-recipe-v1
RDA-91331,돼지국밥(순대국밥),https://www.nics.go.kr/food/kfi/tfSrch08/view?menuId=PS03520&tfcode=91331,30,1ae73b365ece701e00283b520f70829e96e10f8a494c9976d672f13596b98238,2026-10-04,public-recipe-v1
RDA-90048,돼지새끼회(돗새끼회),https://www.nics.go.kr/food/kfi/tfSrch08/view?menuId=PS03520&tfcode=90048,30,1ae73b365ece701e00283b520f70829e96e10f8a494c9976d672f13596b98238,2026-10-04,public-recipe-v1
RDA-90057,돼지순대(돗수애),https://www.nics.go.kr/food/kfi/tfSrch08/view?menuId=PS03520&tfcode=90057,30,1ae73b365ece701e00283b520f70829e96e10f8a494c9976d672f13596b98238,2026-10-04,public-recipe-v1
RDA-89961,돼지족발국(아강발국) <방법1>,https://www.nics.go.kr/food/kfi/tfSrch08/view?menuId=PS03520&tfcode=89961,30,1ae73b365ece701e00283b520f70829e96e10f8a494c9976d672f13596b98238,2026-10-04,public-recipe-v1
RDA-91369,된장국수,https://www.nics.go.kr/food/kfi/tfSrch08/view?menuId=PS03520&tfcode=91369,30,1ae73b365ece701e00283b520f70829e96e10f8a494c9976d672f13596b98238,2026-10-04,public-recipe-v1
RDA-91556,된장떡,https://www.nics.go.kr/food/kfi/tfSrch08/view?menuId=PS03520&tfcode=91556,31,7c5411466cb4358a06a31d5ba69966b4d76812ef041440dabbeadbebe62de230,2026-10-04,public-recipe-v1
RDA-92183,된장부침개,https://www.nics.go.kr/food/kfi/tfSrch08/view?menuId=PS03520&tfcode=92183,31,7c5411466cb4358a06a31d5ba69966b4d76812ef041440dabbeadbebe62de230,2026-10-04,public-recipe-v1
RDA-90189,된장찌개,https://www.nics.go.kr/food/kfi/tfSrch08/view?menuId=PS03520&tfcode=90189,31,7c5411466cb4358a06a31d5ba69966b4d76812ef041440dabbeadbebe62de230,2026-10-04,public-recipe-v1
RDA-91059,된장찌개,https://www.nics.go.kr/food/kfi/tfSrch08/view?menuId=PS03520&tfcode=91059,31,7c5411466cb4358a06a31d5ba69966b4d76812ef041440dabbeadbebe62de230,2026-10-04,public-recipe-v1
RDA-91156,된장찜(찜된장),https://www.nics.go.kr/food/kfi/tfSrch08/view?menuId=PS03520&tfcode=91156,31,7c5411466cb4358a06a31d5ba69966b4d76812ef041440dabbeadbebe62de230,2026-10-04,public-recipe-v1
RDA-92739,두견주(면천두견주) [방법2],https://www.nics.go.kr/food/kfi/tfSrch08/view?menuId=PS03520&tfcode=92739,31,7c5411466cb4358a06a31d5ba69966b4d76812ef041440dabbeadbebe62de230,2026-10-04,public-recipe-v1
RDA-92152,두릅고추장무침,https://www.nics.go.kr/food/kfi/tfSrch08/view?menuId=PS03520&tfcode=92152,31,7c5411466cb4358a06a31d5ba69966b4d76812ef041440dabbeadbebe62de230,2026-10-04,public-recipe-v1
RDA-89963,두릅국(들굽국),https://www.nics.go.kr/food/kfi/tfSrch08/view?menuId=PS03520&tfcode=89963,31,7c5411466cb4358a06a31d5ba69966b4d76812ef041440dabbeadbebe62de230,2026-10-04,public-recipe-v1
RDA-92471,두릅나물,https://www.nics.go.kr/food/kfi/tfSrch08/view?menuId=PS03520&tfcode=92471,31,7c5411466cb4358a06a31d5ba69966b4d76812ef041440dabbeadbebe62de230,2026-10-04,public-recipe-v1
RDA-92656,두릅나물,https://www.nics.go.kr/food/kfi/tfSrch08/view?menuId=PS03520&tfcode=92656,31,7c5411466cb4358a06a31d5ba69966b4d76812ef041440dabbeadbebe62de230,2026-10-04,public-recipe-v1
RDA-91908,두릅부각,https://www.nics.go.kr/food/kfi/tfSrch08/view?menuId=PS03520&tfcode=91908,31,7c5411466cb4358a06a31d5ba69966b4d76812ef041440dabbeadbebe62de230,2026-10-04,public-recipe-v1
RDA-92232,두릅장아찌,https://www.nics.go.kr/food/kfi/tfSrch08/view?menuId=PS03520&tfcode=92232,31,7c5411466cb4358a06a31d5ba69966b4d76812ef041440dabbeadbebe62de230,2026-10-04,public-recipe-v1
RDA-91887,두릅전,https://www.nics.go.kr/food/kfi/tfSrch08/view?menuId=PS03520&tfcode=91887,31,7c5411466cb4358a06a31d5ba69966b4d76812ef041440dabbeadbebe62de230,2026-10-04,public-recipe-v1
RDA-92528,두릅전,https://www.nics.go.kr/food/kfi/tfSrch08/view?menuId=PS03520&tfcode=92528,31,7c5411466cb4358a06a31d5ba69966b4d76812ef041440dabbeadbebe62de230,2026-10-04,public-recipe-v1
RDA-91132,두릅전,https://www.nics.go.kr/food/kfi/tfSrch08/view?menuId=PS03520&tfcode=91132,31,7c5411466cb4358a06a31d5ba69966b4d76812ef041440dabbeadbebe62de230,2026-10-04,public-recipe-v1
RDA-90574,두릅회,https://www.nics.go.kr/food/kfi/tfSrch08/view?menuId=PS03520&tfcode=90574,31,7c5411466cb4358a06a31d5ba69966b4d76812ef041440dabbeadbebe62de230,2026-10-04,public-recipe-v1
RDA-91898,두릅회,https://www.nics.go.kr/food/kfi/tfSrch08/view?menuId=PS03520&tfcode=91898,31,7c5411466cb4358a06a31d5ba69966b4d76812ef041440dabbeadbebe62de230,2026-10-04,public-recipe-v1
RDA-92616,두릅회,https://www.nics.go.kr/food/kfi/tfSrch08/view?menuId=PS03520&tfcode=92616,31,7c5411466cb4358a06a31d5ba69966b4d76812ef041440dabbeadbebe62de230,2026-10-04,public-recipe-v1
RDA-91210,두부,https://www.nics.go.kr/food/kfi/tfSrch08/view?menuId=PS03520&tfcode=91210,31,7c5411466cb4358a06a31d5ba69966b4d76812ef041440dabbeadbebe62de230,2026-10-04,public-recipe-v1
RDA-90267,두부,https://www.nics.go.kr/food/kfi/tfSrch08/view?menuId=PS03520&tfcode=90267,31,7c5411466cb4358a06a31d5ba69966b4d76812ef041440dabbeadbebe62de230,2026-10-04,public-recipe-v1
RDA-92429,두부,https://www.nics.go.kr/food/kfi/tfSrch08/view?menuId=PS03520&tfcode=92429,31,7c5411466cb4358a06a31d5ba69966b4d76812ef041440dabbeadbebe62de230,2026-10-04,public-recipe-v1
RDA-90448,두부전골,https://www.nics.go.kr/food/kfi/tfSrch08/view?menuId=PS03520&tfcode=90448,31,7c5411466cb4358a06a31d5ba69966b4d76812ef041440dabbeadbebe62de230,2026-10-04,public-recipe-v1
RDA-92669,"들깨머윗대찜(머윗대들깨찜, 머윗대찜)",https://www.nics.go.kr/food/kfi/tfSrch08/view?menuId=PS03520&tfcode=92669,31,7c5411466cb4358a06a31d5ba69966b4d76812ef041440dabbeadbebe62de230,2026-10-04,public-recipe-v1
RDA-90259,들깨송이부각,https://www.nics.go.kr/food/kfi/tfSrch08/view?menuId=PS03520&tfcode=90259,31,7c5411466cb4358a06a31d5ba69966b4d76812ef041440dabbeadbebe62de230,2026-10-04,public-recipe-v1
RDA-91193,"들깨송이부각(들깨머리부각, 들깨열매부각)",https://www.nics.go.kr/food/kfi/tfSrch08/view?menuId=PS03520&tfcode=91193,31,7c5411466cb4358a06a31d5ba69966b4d76812ef041440dabbeadbebe62de230,2026-10-04,public-recipe-v1
RDA-90321,들깨엿강정,https://www.nics.go.kr/food/kfi/tfSrch08/view?menuId=PS03520&tfcode=90321,31,7c5411466cb4358a06a31d5ba69966b4d76812ef041440dabbeadbebe62de230,2026-10-04,public-recipe-v1
RDA-89927,들깨죽(유죽),https://www.nics.go.kr/food/kfi/tfSrch08/view?menuId=PS03520&tfcode=89927,31,7c5411466cb4358a06a31d5ba69966b4d76812ef041440dabbeadbebe62de230,2026-10-04,public-recipe-v1
RDA-89526,들깨칼국수,https://www.nics.go.kr/food/kfi/tfSrch08/view?menuId=PS03520&tfcode=89526,31,7c5411466cb4358a06a31d5ba69966b4d76812ef041440dabbeadbebe62de230,2026-10-04,public-recipe-v1
RDA-91590,들깨호박오가리찜(들깨호박우리찜),https://www.nics.go.kr/food/kfi/tfSrch08/view?menuId=PS03520&tfcode=91590,31,7c5411466cb4358a06a31d5ba69966b4d76812ef041440dabbeadbebe62de230,2026-10-04,public-recipe-v1
RDA-90067,들무장아찌(드릇남삐지),https://www.nics.go.kr/food/kfi/tfSrch08/view?menuId=PS03520&tfcode=90067,31,7c5411466cb4358a06a31d5ba69966b4d76812ef041440dabbeadbebe62de230,2026-10-04,public-recipe-v1
RDA-91003,등겨수제비,https://www.nics.go.kr/food/kfi/tfSrch08/view?menuId=PS03520&tfcode=91003,31,7c5411466cb4358a06a31d5ba69966b4d76812ef041440dabbeadbebe62de230,2026-10-04,public-recipe-v1
RDA-92687,등심소금구이,https://www.nics.go.kr/food/kfi/tfSrch08/view?menuId=PS03520&tfcode=92687,31,7c5411466cb4358a06a31d5ba69966b4d76812ef041440dabbeadbebe62de230,2026-10-04,public-recipe-v1
RDA-91531,땅콩조림,https://www.nics.go.kr/food/kfi/tfSrch08/view?menuId=PS03520&tfcode=91531,31,7c5411466cb4358a06a31d5ba69966b4d76812ef041440dabbeadbebe62de230,2026-10-04,public-recipe-v1
RDA-92345,떡국,https://www.nics.go.kr/food/kfi/tfSrch08/view?menuId=PS03520&tfcode=92345,31,7c5411466cb4358a06a31d5ba69966b4d76812ef041440dabbeadbebe62de230,2026-10-04,public-recipe-v1
RDA-90516,떡볶이,https://www.nics.go.kr/food/kfi/tfSrch08/view?menuId=PS03520&tfcode=90516,31,7c5411466cb4358a06a31d5ba69966b4d76812ef041440dabbeadbebe62de230,2026-10-04,public-recipe-v1
RDA-89697,뚝새풀씨죽(독사풀씨죽),https://www.nics.go.kr/food/kfi/tfSrch08/view?menuId=PS03520&tfcode=89697,31,7c5411466cb4358a06a31d5ba69966b4d76812ef041440dabbeadbebe62de230,2026-10-04,public-recipe-v1
RDA-90910,마늘장아찌,https://www.nics.go.kr/food/kfi/tfSrch08/view?menuId=PS03520&tfcode=90910,31,7c5411466cb4358a06a31d5ba69966b4d76812ef041440dabbeadbebe62de230,2026-10-04,public-recipe-v1
RDA-92233,마늘장아찌(통마늘장아찌),https://www.nics.go.kr/food/kfi/tfSrch08/view?menuId=PS03520&tfcode=92233,31,7c5411466cb4358a06a31d5ba69966b4d76812ef041440dabbeadbebe62de230,2026-10-04,public-recipe-v1
RDA-91490,마늘종대무침,https://www.nics.go.kr/food/kfi/tfSrch08/view?menuId=PS03520&tfcode=91490,31,7c5411466cb4358a06a31d5ba69966b4d76812ef041440dabbeadbebe62de230,2026-10-04,public-recipe-v1
RDA-92655,마늘종무침,https://www.nics.go.kr/food/kfi/tfSrch08/view?menuId=PS03520&tfcode=92655,31,7c5411466cb4358a06a31d5ba69966b4d76812ef041440dabbeadbebe62de230,2026-10-04,public-recipe-v1
RDA-92523,마늘종볶음,https://www.nics.go.kr/food/kfi/tfSrch08/view?menuId=PS03520&tfcode=92523,31,7c5411466cb4358a06a31d5ba69966b4d76812ef041440dabbeadbebe62de230,2026-10-04,public-recipe-v1
RDA-92587,마늘종볶음,https://www.nics.go.kr/food/kfi/tfSrch08/view?menuId=PS03520&tfcode=92587,31,7c5411466cb4358a06a31d5ba69966b4d76812ef041440dabbeadbebe62de230,2026-10-04,public-recipe-v1
RDA-92695,마늘종장아찌,https://www.nics.go.kr/food/kfi/tfSrch08/view?menuId=PS03520&tfcode=92695,31,7c5411466cb4358a06a31d5ba69966b4d76812ef041440dabbeadbebe62de230,2026-10-04,public-recipe-v1
RDA-92554,마늘종장아찌,https://www.nics.go.kr/food/kfi/tfSrch08/view?menuId=PS03520&tfcode=92554,31,7c5411466cb4358a06a31d5ba69966b4d76812ef041440dabbeadbebe62de230,2026-10-04,public-recipe-v1
RDA-90911,마늘종장아찌,https://www.nics.go.kr/food/kfi/tfSrch08/view?menuId=PS03520&tfcode=90911,31,7c5411466cb4358a06a31d5ba69966b4d76812ef041440dabbeadbebe62de230,2026-10-04,public-recipe-v1
RDA-91660,마늘종장아찌(마늘쫑장아찌),https://www.nics.go.kr/food/kfi/tfSrch08/view?menuId=PS03520&tfcode=91660,31,7c5411466cb4358a06a31d5ba69966b4d76812ef041440dabbeadbebe62de230,2026-10-04,public-recipe-v1
RDA-92529,마늘종장아찌(무침),https://www.nics.go.kr/food/kfi/tfSrch08/view?menuId=PS03520&tfcode=92529,31,7c5411466cb4358a06a31d5ba69966b4d76812ef041440dabbeadbebe62de230,2026-10-04,public-recipe-v1
RDA-92511,마늘종조림,https://www.nics.go.kr/food/kfi/tfSrch08/view?menuId=PS03520&tfcode=92511,31,7c5411466cb4358a06a31d5ba69966b4d76812ef041440dabbeadbebe62de230,2026-10-04,public-recipe-v1
RDA-90128,마늘주(마농술),https://www.nics.go.kr/food/kfi/tfSrch08/view?menuId=PS03520&tfcode=90128,31,7c5411466cb4358a06a31d5ba69966b4d76812ef041440dabbeadbebe62de230,2026-10-04,public-recipe-v1
RDA-90903,마른김무침,https://www.nics.go.kr/food/kfi/tfSrch08/view?menuId=PS03520&tfcode=90903,31,7c5411466cb4358a06a31d5ba69966b4d76812ef041440dabbeadbebe62de230,2026-10-04,public-recipe-v1
RDA-91194,마른문어쌈,https://www.nics.go.kr/food/kfi/tfSrch08/view?menuId=PS03520&tfcode=91194,31,7c5411466cb4358a06a31d5ba69966b4d76812ef041440dabbeadbebe62de230,2026-10-04,public-recipe-v1
RDA-90861,마른새우볶음,https://www.nics.go.kr/food/kfi/tfSrch08/view?menuId=PS03520&tfcode=90861,31,7c5411466cb4358a06a31d5ba69966b4d76812ef041440dabbeadbebe62de230,2026-10-04,public-recipe-v1
RDA-91591,마른생선찜,https://www.nics.go.kr/food/kfi/tfSrch08/view?menuId=PS03520&tfcode=91591,31,7c5411466cb4358a06a31d5ba69966b4d76812ef041440dabbeadbebe62de230,2026-10-04,public-recipe-v1
RDA-90629,마른안주(건구절판),https://www.nics.go.kr/food/kfi/tfSrch08/view?menuId=PS03520&tfcode=90629,31,7c5411466cb4358a06a31d5ba69966b4d76812ef041440dabbeadbebe62de230,2026-10-04,public-recipe-v1
RDA-91060,마전골,https://www.nics.go.kr/food/kfi/tfSrch08/view?menuId=PS03520&tfcode=91060,31,7c5411466cb4358a06a31d5ba69966b4d76812ef041440dabbeadbebe62de230,2026-10-04,public-recipe-v1
RDA-91760,막걸리식초,https://www.nics.go.kr/food/kfi/tfSrch08/view?menuId=PS03520&tfcode=91760,31,7c5411466cb4358a06a31d5ba69966b4d76812ef041440dabbeadbebe62de230,2026-10-04,public-recipe-v1
RDA-92330,막걸리식초,https://www.nics.go.kr/food/kfi/tfSrch08/view?menuId=PS03520&tfcode=92330,31,7c5411466cb4358a06a31d5ba69966b4d76812ef041440dabbeadbebe62de230,2026-10-04,public-recipe-v1
RDA-91811,막국수(메밀막국수) <방법2>,https://www.nics.go.kr/food/kfi/tfSrch08/view?menuId=PS03520&tfcode=91811,31,7c5411466cb4358a06a31d5ba69966b4d76812ef041440dabbeadbebe62de230,2026-10-04,public-recipe-v1
RDA-89994,막김치,https://www.nics.go.kr/food/kfi/tfSrch08/view?menuId=PS03520&tfcode=89994,31,7c5411466cb4358a06a31d5ba69966b4d76812ef041440dabbeadbebe62de230,2026-10-04,public-recipe-v1
RDA-92714,막장,https://www.nics.go.kr/food/kfi/tfSrch08/view?menuId=PS03520&tfcode=92714,31,7c5411466cb4358a06a31d5ba69966b4d76812ef041440dabbeadbebe62de230,2026-10-04,public-recipe-v1
RDA-89677,막장,https://www.nics.go.kr/food/kfi/tfSrch08/view?menuId=PS03520&tfcode=89677,31,7c5411466cb4358a06a31d5ba69966b4d76812ef041440dabbeadbebe62de230,2026-10-04,public-recipe-v1
RDA-92051,막장,https://www.nics.go.kr/food/kfi/tfSrch08/view?menuId=PS03520&tfcode=92051,31,7c5411466cb4358a06a31d5ba69966b4d76812ef041440dabbeadbebe62de230,2026-10-04,public-recipe-v1
RDA-89632,막편,https://www.nics.go.kr/food/kfi/tfSrch08/view?menuId=PS03520&tfcode=89632,31,7c5411466cb4358a06a31d5ba69966b4d76812ef041440dabbeadbebe62de230,2026-10-04,public-recipe-v1
RDA-89633,망개떡,https://www.nics.go.kr/food/kfi/tfSrch08/view?menuId=PS03520&tfcode=89633,31,7c5411466cb4358a06a31d5ba69966b4d76812ef041440dabbeadbebe62de230,2026-10-04,public-recipe-v1
RDA-91257,망개떡,https://www.nics.go.kr/food/kfi/tfSrch08/view?menuId=PS03520&tfcode=91257,31,7c5411466cb4358a06a31d5ba69966b4d76812ef041440dabbeadbebe62de230,2026-10-04,public-recipe-v1
RDA-91533,망둥어조림(꼬시락조림),https://www.nics.go.kr/food/kfi/tfSrch08/view?menuId=PS03520&tfcode=91533,31,7c5411466cb4358a06a31d5ba69966b4d76812ef041440dabbeadbebe62de230,2026-10-04,public-recipe-v1
RDA-90587,매듭자반,https://www.nics.go.kr/food/kfi/tfSrch08/view?menuId=PS03520&tfcode=90587,31,7c5411466cb4358a06a31d5ba69966b4d76812ef041440dabbeadbebe62de230,2026-10-04,public-recipe-v1
RDA-92315,매실식초,https://www.nics.go.kr/food/kfi/tfSrch08/view?menuId=PS03520&tfcode=92315,31,7c5411466cb4358a06a31d5ba69966b4d76812ef041440dabbeadbebe62de230,2026-10-04,public-recipe-v1
RDA-92578,매실청,https://www.nics.go.kr/food/kfi/tfSrch08/view?menuId=PS03520&tfcode=92578,31,7c5411466cb4358a06a31d5ba69966b4d76812ef041440dabbeadbebe62de230,2026-10-04,public-recipe-v1
RDA-91491,매운잡채,https://www.nics.go.kr/food/kfi/tfSrch08/view?menuId=PS03520&tfcode=91491,31,7c5411466cb4358a06a31d5ba69966b4d76812ef041440dabbeadbebe62de230,2026-10-04,public-recipe-v1
RDA-92579,매작과,https://www.nics.go.kr/food/kfi/tfSrch08/view?menuId=PS03520&tfcode=92579,32,f7a282cd46c8fd762dc5fa65308ec66151ee432bdb22a4552e25521f009d0f31,2026-10-04,public-recipe-v1
RDA-91282,매작과(뽕잎차수과),https://www.nics.go.kr/food/kfi/tfSrch08/view?menuId=PS03520&tfcode=91282,32,f7a282cd46c8fd762dc5fa65308ec66151ee432bdb22a4552e25521f009d0f31,2026-10-04,public-recipe-v1
RDA-91970,머슴쑥송편,https://www.nics.go.kr/food/kfi/tfSrch08/view?menuId=PS03520&tfcode=91970,32,f7a282cd46c8fd762dc5fa65308ec66151ee432bdb22a4552e25521f009d0f31,2026-10-04,public-recipe-v1
RDA-92516,머위나물(머위탕),https://www.nics.go.kr/food/kfi/tfSrch08/view?menuId=PS03520&tfcode=92516,32,f7a282cd46c8fd762dc5fa65308ec66151ee432bdb22a4552e25521f009d0f31,2026-10-04,public-recipe-v1
RDA-89840,머위장아찌,https://www.nics.go.kr/food/kfi/tfSrch08/view?menuId=PS03520&tfcode=89840,32,f7a282cd46c8fd762dc5fa65308ec66151ee432bdb22a4552e25521f009d0f31,2026-10-04,public-recipe-v1
RDA-91492,머윗대나물,https://www.nics.go.kr/food/kfi/tfSrch08/view?menuId=PS03520&tfcode=91492,32,f7a282cd46c8fd762dc5fa65308ec66151ee432bdb22a4552e25521f009d0f31,2026-10-04,public-recipe-v1
RDA-92592,머윗대들깨국(머윗대들깨탕) [방법2],https://www.nics.go.kr/food/kfi/tfSrch08/view?menuId=PS03520&tfcode=92592,32,f7a282cd46c8fd762dc5fa65308ec66151ee432bdb22a4552e25521f009d0f31,2026-10-04,public-recipe-v1
RDA-92620,머윗대볶음(머윗대들깨볶음),https://www.nics.go.kr/food/kfi/tfSrch08/view?menuId=PS03520&tfcode=92620,32,f7a282cd46c8fd762dc5fa65308ec66151ee432bdb22a4552e25521f009d0f31,2026-10-04,public-recipe-v1
RDA-92555,머윗대장아찌,https://www.nics.go.kr/food/kfi/tfSrch08/view?menuId=PS03520&tfcode=92555,32,f7a282cd46c8fd762dc5fa65308ec66151ee432bdb22a4552e25521f009d0f31,2026-10-04,public-recipe-v1
RDA-91558,멍게산적(우렁쉥이산적),https://www.nics.go.kr/food/kfi/tfSrch08/view?menuId=PS03520&tfcode=91558,32,f7a282cd46c8fd762dc5fa65308ec66151ee432bdb22a4552e25521f009d0f31,2026-10-04,public-recipe-v1
RDA-91559,멍게전(우렁쉥이전),https://www.nics.go.kr/food/kfi/tfSrch08/view?menuId=PS03520&tfcode=91559,32,f7a282cd46c8fd762dc5fa65308ec66151ee432bdb22a4552e25521f009d0f31,2026-10-04,public-recipe-v1
RDA-92328,멍게젓,https://www.nics.go.kr/food/kfi/tfSrch08/view?menuId=PS03520&tfcode=92328,32,f7a282cd46c8fd762dc5fa65308ec66151ee432bdb22a4552e25521f009d0f31,2026-10-04,public-recipe-v1
RDA-91637,멍게튀김,https://www.nics.go.kr/food/kfi/tfSrch08/view?menuId=PS03520&tfcode=91637,32,f7a282cd46c8fd762dc5fa65308ec66151ee432bdb22a4552e25521f009d0f31,2026-10-04,public-recipe-v1
RDA-90895,멍게회,https://www.nics.go.kr/food/kfi/tfSrch08/view?menuId=PS03520&tfcode=90895,32,f7a282cd46c8fd762dc5fa65308ec66151ee432bdb22a4552e25521f009d0f31,2026-10-04,public-recipe-v1
RDA-91615,멍게회,https://www.nics.go.kr/food/kfi/tfSrch08/view?menuId=PS03520&tfcode=91615,32,f7a282cd46c8fd762dc5fa65308ec66151ee432bdb22a4552e25521f009d0f31,2026-10-04,public-recipe-v1
RDA-91519,메기구이,https://www.nics.go.kr/food/kfi/tfSrch08/view?menuId=PS03520&tfcode=91519,32,f7a282cd46c8fd762dc5fa65308ec66151ee432bdb22a4552e25521f009d0f31,2026-10-04,public-recipe-v1
RDA-89536,메기매운탕,https://www.nics.go.kr/food/kfi/tfSrch08/view?menuId=PS03520&tfcode=89536,32,f7a282cd46c8fd762dc5fa65308ec66151ee432bdb22a4552e25521f009d0f31,2026-10-04,public-recipe-v1
RDA-91894,메기찜,https://www.nics.go.kr/food/kfi/tfSrch08/view?menuId=PS03520&tfcode=91894,32,f7a282cd46c8fd762dc5fa65308ec66151ee432bdb22a4552e25521f009d0f31,2026-10-04,public-recipe-v1
RDA-90247,메기찜,https://www.nics.go.kr/food/kfi/tfSrch08/view?menuId=PS03520&tfcode=90247,32,f7a282cd46c8fd762dc5fa65308ec66151ee432bdb22a4552e25521f009d0f31,2026-10-04,public-recipe-v1
RDA-91411,"메기탕국(메기탕, 메기국)",https://www.nics.go.kr/food/kfi/tfSrch08/view?menuId=PS03520&tfcode=91411,32,f7a282cd46c8fd762dc5fa65308ec66151ee432bdb22a4552e25521f009d0f31,2026-10-04,public-recipe-v1
RDA-91543,메뚜기볶음,https://www.nics.go.kr/food/kfi/tfSrch08/view?menuId=PS03520&tfcode=91543,32,f7a282cd46c8fd762dc5fa65308ec66151ee432bdb22a4552e25521f009d0f31,2026-10-04,public-recipe-v1
RDA-90041,메밀가루파전,https://www.nics.go.kr/food/kfi/tfSrch08/view?menuId=PS03520&tfcode=90041,32,f7a282cd46c8fd762dc5fa65308ec66151ee432bdb22a4552e25521f009d0f31,2026-10-04,public-recipe-v1
RDA-91813,메밀감자수제비,https://www.nics.go.kr/food/kfi/tfSrch08/view?menuId=PS03520&tfcode=91813,32,f7a282cd46c8fd762dc5fa65308ec66151ee432bdb22a4552e25521f009d0f31,2026-10-04,public-recipe-v1
RDA-91971,메밀개떡,https://www.nics.go.kr/food/kfi/tfSrch08/view?menuId=PS03520&tfcode=91971,32,f7a282cd46c8fd762dc5fa65308ec66151ee432bdb22a4552e25521f009d0f31,2026-10-04,public-recipe-v1
RDA-91370,메밀국수,https://www.nics.go.kr/food/kfi/tfSrch08/view?menuId=PS03520&tfcode=91370,32,f7a282cd46c8fd762dc5fa65308ec66151ee432bdb22a4552e25521f009d0f31,2026-10-04,public-recipe-v1
RDA-90999,메밀국수,https://www.nics.go.kr/food/kfi/tfSrch08/view?menuId=PS03520&tfcode=90999,32,f7a282cd46c8fd762dc5fa65308ec66151ee432bdb22a4552e25521f009d0f31,2026-10-04,public-recipe-v1
RDA-91782,메밀국죽,https://www.nics.go.kr/food/kfi/tfSrch08/view?menuId=PS03520&tfcode=91782,32,f7a282cd46c8fd762dc5fa65308ec66151ee432bdb22a4552e25521f009d0f31,2026-10-04,public-recipe-v1
RDA-91864,메밀나물,https://www.nics.go.kr/food/kfi/tfSrch08/view?menuId=PS03520&tfcode=91864,32,f7a282cd46c8fd762dc5fa65308ec66151ee432bdb22a4552e25521f009d0f31,2026-10-04,public-recipe-v1
RDA-90007,메밀나물(마말잎무침),https://www.nics.go.kr/food/kfi/tfSrch08/view?menuId=PS03520&tfcode=90007,32,f7a282cd46c8fd762dc5fa65308ec66151ee432bdb22a4552e25521f009d0f31,2026-10-04,public-recipe-v1
RDA-92038,메밀동동주,https://www.nics.go.kr/food/kfi/tfSrch08/view?menuId=PS03520&tfcode=92038,32,f7a282cd46c8fd762dc5fa65308ec66151ee432bdb22a4552e25521f009d0f31,2026-10-04,public-recipe-v1
RDA-91827,메밀만두,https://www.nics.go.kr/food/kfi/tfSrch08/view?menuId=PS03520&tfcode=91827,32,f7a282cd46c8fd762dc5fa65308ec66151ee432bdb22a4552e25521f009d0f31,2026-10-04,public-recipe-v1
RDA-90394,메밀만두,https://www.nics.go.kr/food/kfi/tfSrch08/view?menuId=PS03520&tfcode=90394,32,f7a282cd46c8fd762dc5fa65308ec66151ee432bdb22a4552e25521f009d0f31,2026-10-04,public-recipe-v1
RDA-91010,메밀만두(무생채피만두),https://www.nics.go.kr/food/kfi/tfSrch08/view?menuId=PS03520&tfcode=91010,32,f7a282cd46c8fd762dc5fa65308ec66151ee432bdb22a4552e25521f009d0f31,2026-10-04,public-recipe-v1
RDA-90058,메밀묵,https://www.nics.go.kr/food/kfi/tfSrch08/view?menuId=PS03520&tfcode=90058,32,f7a282cd46c8fd762dc5fa65308ec66151ee432bdb22a4552e25521f009d0f31,2026-10-04,public-recipe-v1
RDA-91211,메밀묵,https://www.nics.go.kr/food/kfi/tfSrch08/view?menuId=PS03520&tfcode=91211,32,f7a282cd46c8fd762dc5fa65308ec66151ee432bdb22a4552e25521f009d0f31,2026-10-04,public-recipe-v1
RDA-92441,메밀묵,https://www.nics.go.kr/food/kfi/tfSrch08/view?menuId=PS03520&tfcode=92441,32,f7a282cd46c8fd762dc5fa65308ec66151ee432bdb22a4552e25521f009d0f31,2026-10-04,public-recipe-v1
RDA-91836,메밀묵냉채국(묵사발),https://www.nics.go.kr/food/kfi/tfSrch08/view?menuId=PS03520&tfcode=91836,32,f7a282cd46c8fd762dc5fa65308ec66151ee432bdb22a4552e25521f009d0f31,2026-10-04,public-recipe-v1
RDA-92517,메밀묵무침,https://www.nics.go.kr/food/kfi/tfSrch08/view?menuId=PS03520&tfcode=92517,32,f7a282cd46c8fd762dc5fa65308ec66151ee432bdb22a4552e25521f009d0f31,2026-10-04,public-recipe-v1
RDA-90814,메밀묵무침,https://www.nics.go.kr/food/kfi/tfSrch08/view?menuId=PS03520&tfcode=90814,32,f7a282cd46c8fd762dc5fa65308ec66151ee432bdb22a4552e25521f009d0f31,2026-10-04,public-recipe-v1
RDA-90602,메밀묵무침,https://www.nics.go.kr/food/kfi/tfSrch08/view?menuId=PS03520&tfcode=90602,32,f7a282cd46c8fd762dc5fa65308ec66151ee432bdb22a4552e25521f009d0f31,2026-10-04,public-recipe-v1
RDA-90948,메밀묵밥,https://www.nics.go.kr/food/kfi/tfSrch08/view?menuId=PS03520&tfcode=90948,32,f7a282cd46c8fd762dc5fa65308ec66151ee432bdb22a4552e25521f009d0f31,2026-10-04,public-recipe-v1
RDA-91031,메밀묵채,https://www.nics.go.kr/food/kfi/tfSrch08/view?menuId=PS03520&tfcode=91031,32,f7a282cd46c8fd762dc5fa65308ec66151ee432bdb22a4552e25521f009d0f31,2026-10-04,public-recipe-v1
RDA-89915,메밀밥,https://www.nics.go.kr/food/kfi/tfSrch08/view?menuId=PS03520&tfcode=89915,32,f7a282cd46c8fd762dc5fa65308ec66151ee432bdb22a4552e25521f009d0f31,2026-10-04,public-recipe-v1
RDA-91888,메밀부침 <방법2>,https://www.nics.go.kr/food/kfi/tfSrch08/view?menuId=PS03520&tfcode=91888,32,f7a282cd46c8fd762dc5fa65308ec66151ee432bdb22a4552e25521f009d0f31,2026-10-04,public-recipe-v1
RDA-91258,"메밀빙떡(돌래떡, 멍석떡)",https://www.nics.go.kr/food/kfi/tfSrch08/view?menuId=PS03520&tfcode=91258,32,f7a282cd46c8fd762dc5fa65308ec66151ee432bdb22a4552e25521f009d0f31,2026-10-04,public-recipe-v1
RDA-91972,메밀삼색경단,https://www.nics.go.kr/food/kfi/tfSrch08/view?menuId=PS03520&tfcode=91972,32,f7a282cd46c8fd762dc5fa65308ec66151ee432bdb22a4552e25521f009d0f31,2026-10-04,public-recipe-v1
RDA-91004,메밀수제비,https://www.nics.go.kr/food/kfi/tfSrch08/view?menuId=PS03520&tfcode=91004,32,f7a282cd46c8fd762dc5fa65308ec66151ee432bdb22a4552e25521f009d0f31,2026-10-04,public-recipe-v1
RDA-89593,메밀전병,https://www.nics.go.kr/food/kfi/tfSrch08/view?menuId=PS03520&tfcode=89593,32,f7a282cd46c8fd762dc5fa65308ec66151ee432bdb22a4552e25521f009d0f31,2026-10-04,public-recipe-v1
RDA-91134,"메밀전병(총떡, 메밀전)",https://www.nics.go.kr/food/kfi/tfSrch08/view?menuId=PS03520&tfcode=91134,32,f7a282cd46c8fd762dc5fa65308ec66151ee432bdb22a4552e25521f009d0f31,2026-10-04,public-recipe-v1
RDA-89928,"메밀죽(모멀죽, 메밀쌀죽,모말쌀죽)",https://www.nics.go.kr/food/kfi/tfSrch08/view?menuId=PS03520&tfcode=89928,32,f7a282cd46c8fd762dc5fa65308ec66151ee432bdb22a4552e25521f009d0f31,2026-10-04,public-recipe-v1
RDA-91816,메밀콧등치기 <방법2>,https://www.nics.go.kr/food/kfi/tfSrch08/view?menuId=PS03520&tfcode=91816,32,f7a282cd46c8fd762dc5fa65308ec66151ee432bdb22a4552e25521f009d0f31,2026-10-04,public-recipe-v1
RDA-91817,메밀콩국수,https://www.nics.go.kr/food/kfi/tfSrch08/view?menuId=PS03520&tfcode=91817,32,f7a282cd46c8fd762dc5fa65308ec66151ee432bdb22a4552e25521f009d0f31,2026-10-04,public-recipe-v1
RDA-91975,메싹떡,https://www.nics.go.kr/food/kfi/tfSrch08/view?menuId=PS03520&tfcode=91975,32,f7a282cd46c8fd762dc5fa65308ec66151ee432bdb22a4552e25521f009d0f31,2026-10-04,public-recipe-v1
RDA-89862,메싹떡,https://www.nics.go.kr/food/kfi/tfSrch08/view?menuId=PS03520&tfcode=89862,32,f7a282cd46c8fd762dc5fa65308ec66151ee432bdb22a4552e25521f009d0f31,2026-10-04,public-recipe-v1
RDA-92515,메조밥(모인조밥),https://www.nics.go.kr/food/kfi/tfSrch08/view?menuId=PS03520&tfcode=92515,32,f7a282cd46c8fd762dc5fa65308ec66151ee432bdb22a4552e25521f009d0f31,2026-10-04,public-recipe-v1
RDA-92246,멸간장(멸장),https://www.nics.go.kr/food/kfi/tfSrch08/view?menuId=PS03520&tfcode=92246,32,f7a282cd46c8fd762dc5fa65308ec66151ee432bdb22a4552e25521f009d0f31,2026-10-04,public-recipe-v1
RDA-92709,멸장,https://www.nics.go.kr/food/kfi/tfSrch08/view?menuId=PS03520&tfcode=92709,32,f7a282cd46c8fd762dc5fa65308ec66151ee432bdb22a4552e25521f009d0f31,2026-10-04,public-recipe-v1
RDA-91932,멸치식해,https://www.nics.go.kr/food/kfi/tfSrch08/view?menuId=PS03520&tfcode=91932,32,f7a282cd46c8fd762dc5fa65308ec66151ee432bdb22a4552e25521f009d0f31,2026-10-04,public-recipe-v1
RDA-92380,멸치젓,https://www.nics.go.kr/food/kfi/tfSrch08/view?menuId=PS03520&tfcode=92380,32,f7a282cd46c8fd762dc5fa65308ec66151ee432bdb22a4552e25521f009d0f31,2026-10-04,public-recipe-v1
RDA-90916,멸치젓,https://www.nics.go.kr/food/kfi/tfSrch08/view?menuId=PS03520&tfcode=90916,32,f7a282cd46c8fd762dc5fa65308ec66151ee432bdb22a4552e25521f009d0f31,2026-10-04,public-recipe-v1
RDA-90084,멸치젓(멜젓),https://www.nics.go.kr/food/kfi/tfSrch08/view?menuId=PS03520&tfcode=90084,32,f7a282cd46c8fd762dc5fa65308ec66151ee432bdb22a4552e25521f009d0f31,2026-10-04,public-recipe-v1
RDA-91680,멸치젓(멸치육젓),https://www.nics.go.kr/food/kfi/tfSrch08/view?menuId=PS03520&tfcode=91680,32,f7a282cd46c8fd762dc5fa65308ec66151ee432bdb22a4552e25521f009d0f31,2026-10-04,public-recipe-v1
RDA-90035,멸치조림(멜조림),https://www.nics.go.kr/food/kfi/tfSrch08/view?menuId=PS03520&tfcode=90035,32,f7a282cd46c8fd762dc5fa65308ec66151ee432bdb22a4552e25521f009d0f31,2026-10-04,public-recipe-v1
RDA-91933,명란식해,https://www.nics.go.kr/food/kfi/tfSrch08/view?menuId=PS03520&tfcode=91933,32,f7a282cd46c8fd762dc5fa65308ec66151ee432bdb22a4552e25521f009d0f31,2026-10-04,public-recipe-v1
RDA-91934,명란젓,https://www.nics.go.kr/food/kfi/tfSrch08/view?menuId=PS03520&tfcode=91934,32,f7a282cd46c8fd762dc5fa65308ec66151ee432bdb22a4552e25521f009d0f31,2026-10-04,public-recipe-v1
RDA-91447,명란젓찌개,https://www.nics.go.kr/food/kfi/tfSrch08/view?menuId=PS03520&tfcode=91447,32,f7a282cd46c8fd762dc5fa65308ec66151ee432bdb22a4552e25521f009d0f31,2026-10-04,public-recipe-v1
RDA-91849,명란젓찌개,https://www.nics.go.kr/food/kfi/tfSrch08/view?menuId=PS03520&tfcode=91849,32,f7a282cd46c8fd762dc5fa65308ec66151ee432bdb22a4552e25521f009d0f31,2026-10-04,public-recipe-v1
RDA-91103,"명태구이(북어구이, 황태구이)",https://www.nics.go.kr/food/kfi/tfSrch08/view?menuId=PS03520&tfcode=91103,32,f7a282cd46c8fd762dc5fa65308ec66151ee432bdb22a4552e25521f009d0f31,2026-10-04,public-recipe-v1
RDA-91158,명태껍질찜,https://www.nics.go.kr/food/kfi/tfSrch08/view?menuId=PS03520&tfcode=91158,32,f7a282cd46c8fd762dc5fa65308ec66151ee432bdb22a4552e25521f009d0f31,2026-10-04,public-recipe-v1
RDA-91236,명태무젓,https://www.nics.go.kr/food/kfi/tfSrch08/view?menuId=PS03520&tfcode=91236,32,f7a282cd46c8fd762dc5fa65308ec66151ee432bdb22a4552e25521f009d0f31,2026-10-04,public-recipe-v1
RDA-91900,명태회무침,https://www.nics.go.kr/food/kfi/tfSrch08/view?menuId=PS03520&tfcode=91900,33,541e4144f4a840cbd0c24aab1299267dbca26c439ca0a8a3c44777913138fb2c,2026-10-04,public-recipe-v1
RDA-91638,모듬자반,https://www.nics.go.kr/food/kfi/tfSrch08/view?menuId=PS03520&tfcode=91638,33,541e4144f4a840cbd0c24aab1299267dbca26c439ca0a8a3c44777913138fb2c,2026-10-04,public-recipe-v1
RDA-91259,모시떡,https://www.nics.go.kr/food/kfi/tfSrch08/view?menuId=PS03520&tfcode=91259,33,541e4144f4a840cbd0c24aab1299267dbca26c439ca0a8a3c44777913138fb2c,2026-10-04,public-recipe-v1
RDA-91709,모시잎송편(모시송편),https://www.nics.go.kr/food/kfi/tfSrch08/view?menuId=PS03520&tfcode=91709,33,541e4144f4a840cbd0c24aab1299267dbca26c439ca0a8a3c44777913138fb2c,2026-10-04,public-recipe-v1
RDA-90009,모자반무침(몸무침)<방법 2>,https://www.nics.go.kr/food/kfi/tfSrch08/view?menuId=PS03520&tfcode=90009,33,541e4144f4a840cbd0c24aab1299267dbca26c439ca0a8a3c44777913138fb2c,2026-10-04,public-recipe-v1
RDA-91534,무갑오징어장조림,https://www.nics.go.kr/food/kfi/tfSrch08/view?menuId=PS03520&tfcode=91534,33,541e4144f4a840cbd0c24aab1299267dbca26c439ca0a8a3c44777913138fb2c,2026-10-04,public-recipe-v1
RDA-92574,무국(무된장국),https://www.nics.go.kr/food/kfi/tfSrch08/view?menuId=PS03520&tfcode=92574,33,541e4144f4a840cbd0c24aab1299267dbca26c439ca0a8a3c44777913138fb2c,2026-10-04,public-recipe-v1
RDA-89995,무김치(남삐짐치),https://www.nics.go.kr/food/kfi/tfSrch08/view?menuId=PS03520&tfcode=89995,33,541e4144f4a840cbd0c24aab1299267dbca26c439ca0a8a3c44777913138fb2c,2026-10-04,public-recipe-v1
RDA-92154,무나물(나복나물),https://www.nics.go.kr/food/kfi/tfSrch08/view?menuId=PS03520&tfcode=92154,33,541e4144f4a840cbd0c24aab1299267dbca26c439ca0a8a3c44777913138fb2c,2026-10-04,public-recipe-v1
RDA-90069,무된장장아찌,https://www.nics.go.kr/food/kfi/tfSrch08/view?menuId=PS03520&tfcode=90069,33,541e4144f4a840cbd0c24aab1299267dbca26c439ca0a8a3c44777913138fb2c,2026-10-04,public-recipe-v1
RDA-89881,무릇고음,https://www.nics.go.kr/food/kfi/tfSrch08/view?menuId=PS03520&tfcode=89881,33,541e4144f4a840cbd0c24aab1299267dbca26c439ca0a8a3c44777913138fb2c,2026-10-04,public-recipe-v1
RDA-89664,무릇곰 <방법1>,https://www.nics.go.kr/food/kfi/tfSrch08/view?menuId=PS03520&tfcode=89664,33,541e4144f4a840cbd0c24aab1299267dbca26c439ca0a8a3c44777913138fb2c,2026-10-04,public-recipe-v1
RDA-89665,무릇곰 <방법2>,https://www.nics.go.kr/food/kfi/tfSrch08/view?menuId=PS03520&tfcode=89665,33,541e4144f4a840cbd0c24aab1299267dbca26c439ca0a8a3c44777913138fb2c,2026-10-04,public-recipe-v1
RDA-90117,무릇엿(물릇엿),https://www.nics.go.kr/food/kfi/tfSrch08/view?menuId=PS03520&tfcode=90117,33,541e4144f4a840cbd0c24aab1299267dbca26c439ca0a8a3c44777913138fb2c,2026-10-04,public-recipe-v1
RDA-90609,무릇장아찌,https://www.nics.go.kr/food/kfi/tfSrch08/view?menuId=PS03520&tfcode=90609,33,541e4144f4a840cbd0c24aab1299267dbca26c439ca0a8a3c44777913138fb2c,2026-10-04,public-recipe-v1
RDA-91663,무말랭이장아찌,https://www.nics.go.kr/food/kfi/tfSrch08/view?menuId=PS03520&tfcode=91663,33,541e4144f4a840cbd0c24aab1299267dbca26c439ca0a8a3c44777913138fb2c,2026-10-04,public-recipe-v1
RDA-90070,무말랭이장아찌,https://www.nics.go.kr/food/kfi/tfSrch08/view?menuId=PS03520&tfcode=90070,33,541e4144f4a840cbd0c24aab1299267dbca26c439ca0a8a3c44777913138fb2c,2026-10-04,public-recipe-v1
RDA-90036,무말랭이조림,https://www.nics.go.kr/food/kfi/tfSrch08/view?menuId=PS03520&tfcode=90036,33,541e4144f4a840cbd0c24aab1299267dbca26c439ca0a8a3c44777913138fb2c,2026-10-04,public-recipe-v1
RDA-89966,무메밀가루국,https://www.nics.go.kr/food/kfi/tfSrch08/view?menuId=PS03520&tfcode=89966,33,541e4144f4a840cbd0c24aab1299267dbca26c439ca0a8a3c44777913138fb2c,2026-10-04,public-recipe-v1
RDA-89496,무밥,https://www.nics.go.kr/food/kfi/tfSrch08/view?menuId=PS03520&tfcode=89496,33,541e4144f4a840cbd0c24aab1299267dbca26c439ca0a8a3c44777913138fb2c,2026-10-04,public-recipe-v1
RDA-92448,무밥,https://www.nics.go.kr/food/kfi/tfSrch08/view?menuId=PS03520&tfcode=92448,33,541e4144f4a840cbd0c24aab1299267dbca26c439ca0a8a3c44777913138fb2c,2026-10-04,public-recipe-v1
RDA-91333,무밥,https://www.nics.go.kr/food/kfi/tfSrch08/view?menuId=PS03520&tfcode=91333,33,541e4144f4a840cbd0c24aab1299267dbca26c439ca0a8a3c44777913138fb2c,2026-10-04,public-recipe-v1
RDA-90949,무밥,https://www.nics.go.kr/food/kfi/tfSrch08/view?menuId=PS03520&tfcode=90949,33,541e4144f4a840cbd0c24aab1299267dbca26c439ca0a8a3c44777913138fb2c,2026-10-04,public-recipe-v1
RDA-90346,무밥,https://www.nics.go.kr/food/kfi/tfSrch08/view?menuId=PS03520&tfcode=90346,33,541e4144f4a840cbd0c24aab1299267dbca26c439ca0a8a3c44777913138fb2c,2026-10-04,public-recipe-v1
RDA-90138,무밥,https://www.nics.go.kr/food/kfi/tfSrch08/view?menuId=PS03520&tfcode=90138,33,541e4144f4a840cbd0c24aab1299267dbca26c439ca0a8a3c44777913138fb2c,2026-10-04,public-recipe-v1
RDA-89800,무부침,https://www.nics.go.kr/food/kfi/tfSrch08/view?menuId=PS03520&tfcode=89800,33,541e4144f4a840cbd0c24aab1299267dbca26c439ca0a8a3c44777913138fb2c,2026-10-04,public-recipe-v1
RDA-91260,무설기(무설기떡),https://www.nics.go.kr/food/kfi/tfSrch08/view?menuId=PS03520&tfcode=91260,33,541e4144f4a840cbd0c24aab1299267dbca26c439ca0a8a3c44777913138fb2c,2026-10-04,public-recipe-v1
RDA-92484,무시루떡,https://www.nics.go.kr/food/kfi/tfSrch08/view?menuId=PS03520&tfcode=92484,33,541e4144f4a840cbd0c24aab1299267dbca26c439ca0a8a3c44777913138fb2c,2026-10-04,public-recipe-v1
RDA-91977,무시루떡,https://www.nics.go.kr/food/kfi/tfSrch08/view?menuId=PS03520&tfcode=91977,33,541e4144f4a840cbd0c24aab1299267dbca26c439ca0a8a3c44777913138fb2c,2026-10-04,public-recipe-v1
RDA-90648,무시루떡,https://www.nics.go.kr/food/kfi/tfSrch08/view?menuId=PS03520&tfcode=90648,33,541e4144f4a840cbd0c24aab1299267dbca26c439ca0a8a3c44777913138fb2c,2026-10-04,public-recipe-v1
RDA-89584,무왁저지,https://www.nics.go.kr/food/kfi/tfSrch08/view?menuId=PS03520&tfcode=89584,33,541e4144f4a840cbd0c24aab1299267dbca26c439ca0a8a3c44777913138fb2c,2026-10-04,public-recipe-v1
RDA-92180,무왁저지(왁대기)<방법2>,https://www.nics.go.kr/food/kfi/tfSrch08/view?menuId=PS03520&tfcode=92180,33,541e4144f4a840cbd0c24aab1299267dbca26c439ca0a8a3c44777913138fb2c,2026-10-04,public-recipe-v1
RDA-90721,무장,https://www.nics.go.kr/food/kfi/tfSrch08/view?menuId=PS03520&tfcode=90721,33,541e4144f4a840cbd0c24aab1299267dbca26c439ca0a8a3c44777913138fb2c,2026-10-04,public-recipe-v1
RDA-90912,무장아찌,https://www.nics.go.kr/food/kfi/tfSrch08/view?menuId=PS03520&tfcode=90912,33,541e4144f4a840cbd0c24aab1299267dbca26c439ca0a8a3c44777913138fb2c,2026-10-04,public-recipe-v1
RDA-89841,무장아찌,https://www.nics.go.kr/food/kfi/tfSrch08/view?menuId=PS03520&tfcode=89841,33,541e4144f4a840cbd0c24aab1299267dbca26c439ca0a8a3c44777913138fb2c,2026-10-04,public-recipe-v1
RDA-92453,무장아찌,https://www.nics.go.kr/food/kfi/tfSrch08/view?menuId=PS03520&tfcode=92453,33,541e4144f4a840cbd0c24aab1299267dbca26c439ca0a8a3c44777913138fb2c,2026-10-04,public-recipe-v1
RDA-91227,무장아찌,https://www.nics.go.kr/food/kfi/tfSrch08/view?menuId=PS03520&tfcode=91227,33,541e4144f4a840cbd0c24aab1299267dbca26c439ca0a8a3c44777913138fb2c,2026-10-04,public-recipe-v1
RDA-89616,무장아찌,https://www.nics.go.kr/food/kfi/tfSrch08/view?menuId=PS03520&tfcode=89616,33,541e4144f4a840cbd0c24aab1299267dbca26c439ca0a8a3c44777913138fb2c,2026-10-04,public-recipe-v1
RDA-91664,무장아찌(무된장장아찌),https://www.nics.go.kr/food/kfi/tfSrch08/view?menuId=PS03520&tfcode=91664,33,541e4144f4a840cbd0c24aab1299267dbca26c439ca0a8a3c44777913138fb2c,2026-10-04,public-recipe-v1
RDA-89588,무적(무왁적),https://www.nics.go.kr/food/kfi/tfSrch08/view?menuId=PS03520&tfcode=89588,33,541e4144f4a840cbd0c24aab1299267dbca26c439ca0a8a3c44777913138fb2c,2026-10-04,public-recipe-v1
RDA-90236,무전(무부치개),https://www.nics.go.kr/food/kfi/tfSrch08/view?menuId=PS03520&tfcode=90236,33,541e4144f4a840cbd0c24aab1299267dbca26c439ca0a8a3c44777913138fb2c,2026-10-04,public-recipe-v1
RDA-90229,무조림(무시왁저기),https://www.nics.go.kr/food/kfi/tfSrch08/view?menuId=PS03520&tfcode=90229,33,541e4144f4a840cbd0c24aab1299267dbca26c439ca0a8a3c44777913138fb2c,2026-10-04,public-recipe-v1
RDA-92075,무죽,https://www.nics.go.kr/food/kfi/tfSrch08/view?menuId=PS03520&tfcode=92075,33,541e4144f4a840cbd0c24aab1299267dbca26c439ca0a8a3c44777913138fb2c,2026-10-04,public-recipe-v1
RDA-91159,무찜,https://www.nics.go.kr/food/kfi/tfSrch08/view?menuId=PS03520&tfcode=91159,33,541e4144f4a840cbd0c24aab1299267dbca26c439ca0a8a3c44777913138fb2c,2026-10-04,public-recipe-v1
RDA-92235,무참죽장아찌(무가죽장아찌),https://www.nics.go.kr/food/kfi/tfSrch08/view?menuId=PS03520&tfcode=92235,33,541e4144f4a840cbd0c24aab1299267dbca26c439ca0a8a3c44777913138fb2c,2026-10-04,public-recipe-v1
RDA-90466,무청김치(잎새김치),https://www.nics.go.kr/food/kfi/tfSrch08/view?menuId=PS03520&tfcode=90466,33,541e4144f4a840cbd0c24aab1299267dbca26c439ca0a8a3c44777913138fb2c,2026-10-04,public-recipe-v1
RDA-92074,무청시래기죽,https://www.nics.go.kr/food/kfi/tfSrch08/view?menuId=PS03520&tfcode=92074,33,541e4144f4a840cbd0c24aab1299267dbca26c439ca0a8a3c44777913138fb2c,2026-10-04,public-recipe-v1
RDA-89842,무청장아찌,https://www.nics.go.kr/food/kfi/tfSrch08/view?menuId=PS03520&tfcode=89842,33,541e4144f4a840cbd0c24aab1299267dbca26c439ca0a8a3c44777913138fb2c,2026-10-04,public-recipe-v1
RDA-92718,무호박시루떡(시리떡),https://www.nics.go.kr/food/kfi/tfSrch08/view?menuId=PS03520&tfcode=92718,33,541e4144f4a840cbd0c24aab1299267dbca26c439ca0a8a3c44777913138fb2c,2026-10-04,public-recipe-v1
RDA-90406,묵냉국,https://www.nics.go.kr/food/kfi/tfSrch08/view?menuId=PS03520&tfcode=90406,33,541e4144f4a840cbd0c24aab1299267dbca26c439ca0a8a3c44777913138fb2c,2026-10-04,public-recipe-v1
RDA-92155,묵무침,https://www.nics.go.kr/food/kfi/tfSrch08/view?menuId=PS03520&tfcode=92155,33,541e4144f4a840cbd0c24aab1299267dbca26c439ca0a8a3c44777913138fb2c,2026-10-04,public-recipe-v1
RDA-92178,묵은김치조림,https://www.nics.go.kr/food/kfi/tfSrch08/view?menuId=PS03520&tfcode=92178,33,541e4144f4a840cbd0c24aab1299267dbca26c439ca0a8a3c44777913138fb2c,2026-10-04,public-recipe-v1
RDA-91196,묵튀김(도토리묵튀김),https://www.nics.go.kr/food/kfi/tfSrch08/view?menuId=PS03520&tfcode=91196,33,541e4144f4a840cbd0c24aab1299267dbca26c439ca0a8a3c44777913138fb2c,2026-10-04,public-recipe-v1
RDA-91284,문경한과,https://www.nics.go.kr/food/kfi/tfSrch08/view?menuId=PS03520&tfcode=91284,33,541e4144f4a840cbd0c24aab1299267dbca26c439ca0a8a3c44777913138fb2c,2026-10-04,public-recipe-v1
RDA-89929,"문어죽(물꾸럭죽, 뭉게죽)",https://www.nics.go.kr/food/kfi/tfSrch08/view?menuId=PS03520&tfcode=89929,33,541e4144f4a840cbd0c24aab1299267dbca26c439ca0a8a3c44777913138fb2c,2026-10-04,public-recipe-v1
RDA-92681,문어회무침,https://www.nics.go.kr/food/kfi/tfSrch08/view?menuId=PS03520&tfcode=92681,33,541e4144f4a840cbd0c24aab1299267dbca26c439ca0a8a3c44777913138fb2c,2026-10-04,public-recipe-v1
RDA-92530,물냉면 [방법2],https://www.nics.go.kr/food/kfi/tfSrch08/view?menuId=PS03520&tfcode=92530,33,541e4144f4a840cbd0c24aab1299267dbca26c439ca0a8a3c44777913138fb2c,2026-10-04,public-recipe-v1
RDA-91412,"물메기국(미거지국, 물메기탕)",https://www.nics.go.kr/food/kfi/tfSrch08/view?menuId=PS03520&tfcode=91412,33,541e4144f4a840cbd0c24aab1299267dbca26c439ca0a8a3c44777913138fb2c,2026-10-04,public-recipe-v1
RDA-91389,물메기떡국,https://www.nics.go.kr/food/kfi/tfSrch08/view?menuId=PS03520&tfcode=91389,33,541e4144f4a840cbd0c24aab1299267dbca26c439ca0a8a3c44777913138fb2c,2026-10-04,public-recipe-v1
RDA-90071,물외장아찌(물외지),https://www.nics.go.kr/food/kfi/tfSrch08/view?menuId=PS03520&tfcode=90071,33,541e4144f4a840cbd0c24aab1299267dbca26c439ca0a8a3c44777913138fb2c,2026-10-04,public-recipe-v1
RDA-90649,물호박떡,https://www.nics.go.kr/food/kfi/tfSrch08/view?menuId=PS03520&tfcode=90649,33,541e4144f4a840cbd0c24aab1299267dbca26c439ca0a8a3c44777913138fb2c,2026-10-04,public-recipe-v1
RDA-90529,미꾸라지부침,https://www.nics.go.kr/food/kfi/tfSrch08/view?menuId=PS03520&tfcode=90529,33,541e4144f4a840cbd0c24aab1299267dbca26c439ca0a8a3c44777913138fb2c,2026-10-04,public-recipe-v1
RDA-92143,미나리무침,https://www.nics.go.kr/food/kfi/tfSrch08/view?menuId=PS03520&tfcode=92143,33,541e4144f4a840cbd0c24aab1299267dbca26c439ca0a8a3c44777913138fb2c,2026-10-04,public-recipe-v1
RDA-91682,미더덕젓갈,https://www.nics.go.kr/food/kfi/tfSrch08/view?menuId=PS03520&tfcode=91682,33,541e4144f4a840cbd0c24aab1299267dbca26c439ca0a8a3c44777913138fb2c,2026-10-04,public-recipe-v1
RDA-91161,미더덕찜(미더덕들깨찜),https://www.nics.go.kr/food/kfi/tfSrch08/view?menuId=PS03520&tfcode=91161,33,541e4144f4a840cbd0c24aab1299267dbca26c439ca0a8a3c44777913138fb2c,2026-10-04,public-recipe-v1
RDA-91162,미더덕찜별법,https://www.nics.go.kr/food/kfi/tfSrch08/view?menuId=PS03520&tfcode=91162,33,541e4144f4a840cbd0c24aab1299267dbca26c439ca0a8a3c44777913138fb2c,2026-10-04,public-recipe-v1
RDA-90693,미삼차,https://www.nics.go.kr/food/kfi/tfSrch08/view?menuId=PS03520&tfcode=90693,33,541e4144f4a840cbd0c24aab1299267dbca26c439ca0a8a3c44777913138fb2c,2026-10-04,public-recipe-v1
RDA-91740,미숫가루(미싯가루),https://www.nics.go.kr/food/kfi/tfSrch08/view?menuId=PS03520&tfcode=91740,33,541e4144f4a840cbd0c24aab1299267dbca26c439ca0a8a3c44777913138fb2c,2026-10-04,public-recipe-v1
RDA-92108,미역국,https://www.nics.go.kr/food/kfi/tfSrch08/view?menuId=PS03520&tfcode=92108,33,541e4144f4a840cbd0c24aab1299267dbca26c439ca0a8a3c44777913138fb2c,2026-10-04,public-recipe-v1
RDA-89968,미역된장국,https://www.nics.go.kr/food/kfi/tfSrch08/view?menuId=PS03520&tfcode=89968,33,541e4144f4a840cbd0c24aab1299267dbca26c439ca0a8a3c44777913138fb2c,2026-10-04,public-recipe-v1
RDA-91449,미역멸치찌개,https://www.nics.go.kr/food/kfi/tfSrch08/view?menuId=PS03520&tfcode=91449,34,7342625590a2e67ea039c1c1c799f669557f94b15184e0a962fa72beca36c259,2026-10-04,public-recipe-v1
RDA-92144,미역무침,https://www.nics.go.kr/food/kfi/tfSrch08/view?menuId=PS03520&tfcode=92144,34,7342625590a2e67ea039c1c1c799f669557f94b15184e0a962fa72beca36c259,2026-10-04,public-recipe-v1
RDA-90001,"미역무침(메역무침, 매역채)",https://www.nics.go.kr/food/kfi/tfSrch08/view?menuId=PS03520&tfcode=90001,34,7342625590a2e67ea039c1c1c799f669557f94b15184e0a962fa72beca36c259,2026-10-04,public-recipe-v1
RDA-92615,미역무침(미역귀무침),https://www.nics.go.kr/food/kfi/tfSrch08/view?menuId=PS03520&tfcode=92615,34,7342625590a2e67ea039c1c1c799f669557f94b15184e0a962fa72beca36c259,2026-10-04,public-recipe-v1
RDA-92145,미역생채,https://www.nics.go.kr/food/kfi/tfSrch08/view?menuId=PS03520&tfcode=92145,34,7342625590a2e67ea039c1c1c799f669557f94b15184e0a962fa72beca36c259,2026-10-04,public-recipe-v1
RDA-92607,"미역쇠국(매역새국, 매역새우럭국) [방법1]",https://www.nics.go.kr/food/kfi/tfSrch08/view?menuId=PS03520&tfcode=92607,34,7342625590a2e67ea039c1c1c799f669557f94b15184e0a962fa72beca36c259,2026-10-04,public-recipe-v1
RDA-90162,미역수제비,https://www.nics.go.kr/food/kfi/tfSrch08/view?menuId=PS03520&tfcode=90162,34,7342625590a2e67ea039c1c1c799f669557f94b15184e0a962fa72beca36c259,2026-10-04,public-recipe-v1
RDA-92396,미역수제비,https://www.nics.go.kr/food/kfi/tfSrch08/view?menuId=PS03520&tfcode=92396,34,7342625590a2e67ea039c1c1c799f669557f94b15184e0a962fa72beca36c259,2026-10-04,public-recipe-v1
RDA-90922,미역쌈,https://www.nics.go.kr/food/kfi/tfSrch08/view?menuId=PS03520&tfcode=90922,34,7342625590a2e67ea039c1c1c799f669557f94b15184e0a962fa72beca36c259,2026-10-04,public-recipe-v1
RDA-90260,미역자반,https://www.nics.go.kr/food/kfi/tfSrch08/view?menuId=PS03520&tfcode=90260,34,7342625590a2e67ea039c1c1c799f669557f94b15184e0a962fa72beca36c259,2026-10-04,public-recipe-v1
RDA-91481,미역장나물,https://www.nics.go.kr/food/kfi/tfSrch08/view?menuId=PS03520&tfcode=91481,34,7342625590a2e67ea039c1c1c799f669557f94b15184e0a962fa72beca36c259,2026-10-04,public-recipe-v1
RDA-91084,미역젓갈무침,https://www.nics.go.kr/food/kfi/tfSrch08/view?menuId=PS03520&tfcode=91084,34,7342625590a2e67ea039c1c1c799f669557f94b15184e0a962fa72beca36c259,2026-10-04,public-recipe-v1
RDA-90863,미역줄기볶음,https://www.nics.go.kr/food/kfi/tfSrch08/view?menuId=PS03520&tfcode=90863,34,7342625590a2e67ea039c1c1c799f669557f94b15184e0a962fa72beca36c259,2026-10-04,public-recipe-v1
RDA-91639,미역튀각(해초튀각),https://www.nics.go.kr/food/kfi/tfSrch08/view?menuId=PS03520&tfcode=91639,34,7342625590a2e67ea039c1c1c799f669557f94b15184e0a962fa72beca36c259,2026-10-04,public-recipe-v1
RDA-91069,민들레김치,https://www.nics.go.kr/food/kfi/tfSrch08/view?menuId=PS03520&tfcode=91069,34,7342625590a2e67ea039c1c1c799f669557f94b15184e0a962fa72beca36c259,2026-10-04,public-recipe-v1
RDA-92603,민들레김치,https://www.nics.go.kr/food/kfi/tfSrch08/view?menuId=PS03520&tfcode=92603,34,7342625590a2e67ea039c1c1c799f669557f94b15184e0a962fa72beca36c259,2026-10-04,public-recipe-v1
RDA-90214,민들레나물,https://www.nics.go.kr/food/kfi/tfSrch08/view?menuId=PS03520&tfcode=90214,34,7342625590a2e67ea039c1c1c799f669557f94b15184e0a962fa72beca36c259,2026-10-04,public-recipe-v1
RDA-90177,민물고기매운탕,https://www.nics.go.kr/food/kfi/tfSrch08/view?menuId=PS03520&tfcode=90177,34,7342625590a2e67ea039c1c1c799f669557f94b15184e0a962fa72beca36c259,2026-10-04,public-recipe-v1
RDA-91113,민물고기조림,https://www.nics.go.kr/food/kfi/tfSrch08/view?menuId=PS03520&tfcode=91113,34,7342625590a2e67ea039c1c1c799f669557f94b15184e0a962fa72beca36c259,2026-10-04,public-recipe-v1
RDA-92336,민물고기조림,https://www.nics.go.kr/food/kfi/tfSrch08/view?menuId=PS03520&tfcode=92336,34,7342625590a2e67ea039c1c1c799f669557f94b15184e0a962fa72beca36c259,2026-10-04,public-recipe-v1
RDA-91114,민물고기튀김조림,https://www.nics.go.kr/food/kfi/tfSrch08/view?menuId=PS03520&tfcode=91114,34,7342625590a2e67ea039c1c1c799f669557f94b15184e0a962fa72beca36c259,2026-10-04,public-recipe-v1
RDA-92109,민물매운탕,https://www.nics.go.kr/food/kfi/tfSrch08/view?menuId=PS03520&tfcode=92109,34,7342625590a2e67ea039c1c1c799f669557f94b15184e0a962fa72beca36c259,2026-10-04,public-recipe-v1
RDA-92467,민물생선매운탕,https://www.nics.go.kr/food/kfi/tfSrch08/view?menuId=PS03520&tfcode=92467,34,7342625590a2e67ea039c1c1c799f669557f94b15184e0a962fa72beca36c259,2026-10-04,public-recipe-v1
RDA-90495,민어구이(암치구이),https://www.nics.go.kr/food/kfi/tfSrch08/view?menuId=PS03520&tfcode=90495,34,7342625590a2e67ea039c1c1c799f669557f94b15184e0a962fa72beca36c259,2026-10-04,public-recipe-v1
RDA-92673,민어소금구이,https://www.nics.go.kr/food/kfi/tfSrch08/view?menuId=PS03520&tfcode=92673,34,7342625590a2e67ea039c1c1c799f669557f94b15184e0a962fa72beca36c259,2026-10-04,public-recipe-v1
RDA-90530,민어전,https://www.nics.go.kr/food/kfi/tfSrch08/view?menuId=PS03520&tfcode=90530,34,7342625590a2e67ea039c1c1c799f669557f94b15184e0a962fa72beca36c259,2026-10-04,public-recipe-v1
RDA-91450,민어찌개,https://www.nics.go.kr/food/kfi/tfSrch08/view?menuId=PS03520&tfcode=91450,34,7342625590a2e67ea039c1c1c799f669557f94b15184e0a962fa72beca36c259,2026-10-04,public-recipe-v1
RDA-90576,민어회,https://www.nics.go.kr/food/kfi/tfSrch08/view?menuId=PS03520&tfcode=90576,34,7342625590a2e67ea039c1c1c799f669557f94b15184e0a962fa72beca36c259,2026-10-04,public-recipe-v1
RDA-89945,"밀가루수제비(수제비, 밀가루자베기)",https://www.nics.go.kr/food/kfi/tfSrch08/view?menuId=PS03520&tfcode=89945,34,7342625590a2e67ea039c1c1c799f669557f94b15184e0a962fa72beca36c259,2026-10-04,public-recipe-v1
RDA-90120,밀감화채,https://www.nics.go.kr/food/kfi/tfSrch08/view?menuId=PS03520&tfcode=90120,34,7342625590a2e67ea039c1c1c799f669557f94b15184e0a962fa72beca36c259,2026-10-04,public-recipe-v1
RDA-92052,밀고추장(밀가루고추장),https://www.nics.go.kr/food/kfi/tfSrch08/view?menuId=PS03520&tfcode=92052,34,7342625590a2e67ea039c1c1c799f669557f94b15184e0a962fa72beca36c259,2026-10-04,public-recipe-v1
RDA-91755,밀고추장(밀가루고추장),https://www.nics.go.kr/food/kfi/tfSrch08/view?menuId=PS03520&tfcode=91755,34,7342625590a2e67ea039c1c1c799f669557f94b15184e0a962fa72beca36c259,2026-10-04,public-recipe-v1
RDA-91711,밀비지떡(밀비지),https://www.nics.go.kr/food/kfi/tfSrch08/view?menuId=PS03520&tfcode=91711,34,7342625590a2e67ea039c1c1c799f669557f94b15184e0a962fa72beca36c259,2026-10-04,public-recipe-v1
RDA-90625,밀쌈,https://www.nics.go.kr/food/kfi/tfSrch08/view?menuId=PS03520&tfcode=90625,34,7342625590a2e67ea039c1c1c799f669557f94b15184e0a962fa72beca36c259,2026-10-04,public-recipe-v1
RDA-90974,밀풀떼기죽,https://www.nics.go.kr/food/kfi/tfSrch08/view?menuId=PS03520&tfcode=90974,34,7342625590a2e67ea039c1c1c799f669557f94b15184e0a962fa72beca36c259,2026-10-04,public-recipe-v1
RDA-90049,바다장어회(아나고회),https://www.nics.go.kr/food/kfi/tfSrch08/view?menuId=PS03520&tfcode=90049,34,7342625590a2e67ea039c1c1c799f669557f94b15184e0a962fa72beca36c259,2026-10-04,public-recipe-v1
RDA-90925,바람떡(개피떡),https://www.nics.go.kr/food/kfi/tfSrch08/view?menuId=PS03520&tfcode=90925,34,7342625590a2e67ea039c1c1c799f669557f94b15184e0a962fa72beca36c259,2026-10-04,public-recipe-v1
RDA-89801,바지락전,https://www.nics.go.kr/food/kfi/tfSrch08/view?menuId=PS03520&tfcode=89801,34,7342625590a2e67ea039c1c1c799f669557f94b15184e0a962fa72beca36c259,2026-10-04,public-recipe-v1
RDA-90149,바지락죽,https://www.nics.go.kr/food/kfi/tfSrch08/view?menuId=PS03520&tfcode=90149,34,7342625590a2e67ea039c1c1c799f669557f94b15184e0a962fa72beca36c259,2026-10-04,public-recipe-v1
RDA-92741,바지락칼국수,https://www.nics.go.kr/food/kfi/tfSrch08/view?menuId=PS03520&tfcode=92741,34,7342625590a2e67ea039c1c1c799f669557f94b15184e0a962fa72beca36c259,2026-10-04,public-recipe-v1
RDA-89822,바지락회,https://www.nics.go.kr/food/kfi/tfSrch08/view?menuId=PS03520&tfcode=89822,34,7342625590a2e67ea039c1c1c799f669557f94b15184e0a962fa72beca36c259,2026-10-04,public-recipe-v1
RDA-91494,박나물,https://www.nics.go.kr/food/kfi/tfSrch08/view?menuId=PS03520&tfcode=91494,34,7342625590a2e67ea039c1c1c799f669557f94b15184e0a962fa72beca36c259,2026-10-04,public-recipe-v1
RDA-90215,박나물,https://www.nics.go.kr/food/kfi/tfSrch08/view?menuId=PS03520&tfcode=90215,34,7342625590a2e67ea039c1c1c799f669557f94b15184e0a962fa72beca36c259,2026-10-04,public-recipe-v1
RDA-91866,박나물,https://www.nics.go.kr/food/kfi/tfSrch08/view?menuId=PS03520&tfcode=91866,34,7342625590a2e67ea039c1c1c799f669557f94b15184e0a962fa72beca36c259,2026-10-04,public-recipe-v1
RDA-92156,박나물(박오가리나물),https://www.nics.go.kr/food/kfi/tfSrch08/view?menuId=PS03520&tfcode=92156,34,7342625590a2e67ea039c1c1c799f669557f94b15184e0a962fa72beca36c259,2026-10-04,public-recipe-v1
RDA-90269,박대껍질묵,https://www.nics.go.kr/food/kfi/tfSrch08/view?menuId=PS03520&tfcode=90269,34,7342625590a2e67ea039c1c1c799f669557f94b15184e0a962fa72beca36c259,2026-10-04,public-recipe-v1
RDA-90603,"박대껍질묵(벌버리묵,벌벌이묵)",https://www.nics.go.kr/food/kfi/tfSrch08/view?menuId=PS03520&tfcode=90603,34,7342625590a2e67ea039c1c1c799f669557f94b15184e0a962fa72beca36c259,2026-10-04,public-recipe-v1
RDA-91655,박쥐나무잎장아찌(남방잎장아찌),https://www.nics.go.kr/food/kfi/tfSrch08/view?menuId=PS03520&tfcode=91655,34,7342625590a2e67ea039c1c1c799f669557f94b15184e0a962fa72beca36c259,2026-10-04,public-recipe-v1
RDA-89609,밤묵,https://www.nics.go.kr/food/kfi/tfSrch08/view?menuId=PS03520&tfcode=89609,34,7342625590a2e67ea039c1c1c799f669557f94b15184e0a962fa72beca36c259,2026-10-04,public-recipe-v1
RDA-89836,밤묵,https://www.nics.go.kr/food/kfi/tfSrch08/view?menuId=PS03520&tfcode=89836,34,7342625590a2e67ea039c1c1c799f669557f94b15184e0a962fa72beca36c259,2026-10-04,public-recipe-v1
RDA-92541,밤밥,https://www.nics.go.kr/food/kfi/tfSrch08/view?menuId=PS03520&tfcode=92541,34,7342625590a2e67ea039c1c1c799f669557f94b15184e0a962fa72beca36c259,2026-10-04,public-recipe-v1
RDA-90324,밤엿,https://www.nics.go.kr/food/kfi/tfSrch08/view?menuId=PS03520&tfcode=90324,34,7342625590a2e67ea039c1c1c799f669557f94b15184e0a962fa72beca36c259,2026-10-04,public-recipe-v1
RDA-90021,방어구이,https://www.nics.go.kr/food/kfi/tfSrch08/view?menuId=PS03520&tfcode=90021,34,7342625590a2e67ea039c1c1c799f669557f94b15184e0a962fa72beca36c259,2026-10-04,public-recipe-v1
RDA-90050,방어회,https://www.nics.go.kr/food/kfi/tfSrch08/view?menuId=PS03520&tfcode=90050,34,7342625590a2e67ea039c1c1c799f669557f94b15184e0a962fa72beca36c259,2026-10-04,public-recipe-v1
RDA-91496,방풍탕평채,https://www.nics.go.kr/food/kfi/tfSrch08/view?menuId=PS03520&tfcode=91496,34,7342625590a2e67ea039c1c1c799f669557f94b15184e0a962fa72beca36c259,2026-10-04,public-recipe-v1
RDA-91736,배꿀찜,https://www.nics.go.kr/food/kfi/tfSrch08/view?menuId=PS03520&tfcode=91736,34,7342625590a2e67ea039c1c1c799f669557f94b15184e0a962fa72beca36c259,2026-10-04,public-recipe-v1
RDA-90695,배식혜,https://www.nics.go.kr/food/kfi/tfSrch08/view?menuId=PS03520&tfcode=90695,34,7342625590a2e67ea039c1c1c799f669557f94b15184e0a962fa72beca36c259,2026-10-04,public-recipe-v1
RDA-92440,배추김치,https://www.nics.go.kr/food/kfi/tfSrch08/view?menuId=PS03520&tfcode=92440,34,7342625590a2e67ea039c1c1c799f669557f94b15184e0a962fa72beca36c259,2026-10-04,public-recipe-v1
RDA-90201,배추김치,https://www.nics.go.kr/food/kfi/tfSrch08/view?menuId=PS03520&tfcode=90201,34,7342625590a2e67ea039c1c1c799f669557f94b15184e0a962fa72beca36c259,2026-10-04,public-recipe-v1
RDA-90409,배추꼬리국(배추꼬랭이국),https://www.nics.go.kr/food/kfi/tfSrch08/view?menuId=PS03520&tfcode=90409,34,7342625590a2e67ea039c1c1c799f669557f94b15184e0a962fa72beca36c259,2026-10-04,public-recipe-v1
RDA-92478,배추꼬리찜,https://www.nics.go.kr/food/kfi/tfSrch08/view?menuId=PS03520&tfcode=92478,34,7342625590a2e67ea039c1c1c799f669557f94b15184e0a962fa72beca36c259,2026-10-04,public-recipe-v1
RDA-89993,"배추꽃대김치(동지짐치, 동지김치)",https://www.nics.go.kr/food/kfi/tfSrch08/view?menuId=PS03520&tfcode=89993,34,7342625590a2e67ea039c1c1c799f669557f94b15184e0a962fa72beca36c259,2026-10-04,public-recipe-v1
RDA-90006,배추꽃대무침(동지나물무침),https://www.nics.go.kr/food/kfi/tfSrch08/view?menuId=PS03520&tfcode=90006,34,7342625590a2e67ea039c1c1c799f669557f94b15184e0a962fa72beca36c259,2026-10-04,public-recipe-v1
RDA-92570,배추냉국(노물냉국) [방법2],https://www.nics.go.kr/food/kfi/tfSrch08/view?menuId=PS03520&tfcode=92570,34,7342625590a2e67ea039c1c1c799f669557f94b15184e0a962fa72beca36c259,2026-10-04,public-recipe-v1
RDA-89971,배추된장국,https://www.nics.go.kr/food/kfi/tfSrch08/view?menuId=PS03520&tfcode=89971,34,7342625590a2e67ea039c1c1c799f669557f94b15184e0a962fa72beca36c259,2026-10-04,public-recipe-v1
RDA-90517,"배추뿌리볶음(배추꼬리볶음, 배추꼬랭이볶음)",https://www.nics.go.kr/food/kfi/tfSrch08/view?menuId=PS03520&tfcode=90517,34,7342625590a2e67ea039c1c1c799f669557f94b15184e0a962fa72beca36c259,2026-10-04,public-recipe-v1
RDA-92553,배추속대국,https://www.nics.go.kr/food/kfi/tfSrch08/view?menuId=PS03520&tfcode=92553,34,7342625590a2e67ea039c1c1c799f669557f94b15184e0a962fa72beca36c259,2026-10-04,public-recipe-v1
RDA-92482,배추속대장과(배추속대장아찌),https://www.nics.go.kr/food/kfi/tfSrch08/view?menuId=PS03520&tfcode=92482,34,7342625590a2e67ea039c1c1c799f669557f94b15184e0a962fa72beca36c259,2026-10-04,public-recipe-v1
RDA-91697,배추쌈,https://www.nics.go.kr/food/kfi/tfSrch08/view?menuId=PS03520&tfcode=91697,34,7342625590a2e67ea039c1c1c799f669557f94b15184e0a962fa72beca36c259,2026-10-04,public-recipe-v1
RDA-90626,배춧잎쌈,https://www.nics.go.kr/food/kfi/tfSrch08/view?menuId=PS03520&tfcode=90626,34,7342625590a2e67ea039c1c1c799f669557f94b15184e0a962fa72beca36c259,2026-10-04,public-recipe-v1
RDA-90696,배화채,https://www.nics.go.kr/food/kfi/tfSrch08/view?menuId=PS03520&tfcode=90696,35,da8275179e2fba7d950d9aa882314d03933f699f30a66070402d9e1fe9df9613,2026-10-04,public-recipe-v1
RDA-90475,백김치,https://www.nics.go.kr/food/kfi/tfSrch08/view?menuId=PS03520&tfcode=90475,35,da8275179e2fba7d950d9aa882314d03933f699f30a66070402d9e1fe9df9613,2026-10-04,public-recipe-v1
RDA-90789,백김치,https://www.nics.go.kr/food/kfi/tfSrch08/view?menuId=PS03520&tfcode=90789,35,da8275179e2fba7d950d9aa882314d03933f699f30a66070402d9e1fe9df9613,2026-10-04,public-recipe-v1
RDA-92572,백년초술,https://www.nics.go.kr/food/kfi/tfSrch08/view?menuId=PS03520&tfcode=92572,35,da8275179e2fba7d950d9aa882314d03933f699f30a66070402d9e1fe9df9613,2026-10-04,public-recipe-v1
RDA-90617,백령도까나리젓,https://www.nics.go.kr/food/kfi/tfSrch08/view?menuId=PS03520&tfcode=90617,35,da8275179e2fba7d950d9aa882314d03933f699f30a66070402d9e1fe9df9613,2026-10-04,public-recipe-v1
RDA-90099,백설기(백시리),https://www.nics.go.kr/food/kfi/tfSrch08/view?menuId=PS03520&tfcode=90099,35,da8275179e2fba7d950d9aa882314d03933f699f30a66070402d9e1fe9df9613,2026-10-04,public-recipe-v1
RDA-90926,백설기(흰무리),https://www.nics.go.kr/food/kfi/tfSrch08/view?menuId=PS03520&tfcode=90926,35,da8275179e2fba7d950d9aa882314d03933f699f30a66070402d9e1fe9df9613,2026-10-04,public-recipe-v1
RDA-92710,백자편,https://www.nics.go.kr/food/kfi/tfSrch08/view?menuId=PS03520&tfcode=92710,35,da8275179e2fba7d950d9aa882314d03933f699f30a66070402d9e1fe9df9613,2026-10-04,public-recipe-v1
RDA-91712,백편,https://www.nics.go.kr/food/kfi/tfSrch08/view?menuId=PS03520&tfcode=91712,35,da8275179e2fba7d950d9aa882314d03933f699f30a66070402d9e1fe9df9613,2026-10-04,public-recipe-v1
RDA-92563,백편,https://www.nics.go.kr/food/kfi/tfSrch08/view?menuId=PS03520&tfcode=92563,35,da8275179e2fba7d950d9aa882314d03933f699f30a66070402d9e1fe9df9613,2026-10-04,public-recipe-v1
RDA-91353,백합죽,https://www.nics.go.kr/food/kfi/tfSrch08/view?menuId=PS03520&tfcode=91353,35,da8275179e2fba7d950d9aa882314d03933f699f30a66070402d9e1fe9df9613,2026-10-04,public-recipe-v1
RDA-92425,백합죽,https://www.nics.go.kr/food/kfi/tfSrch08/view?menuId=PS03520&tfcode=92425,35,da8275179e2fba7d950d9aa882314d03933f699f30a66070402d9e1fe9df9613,2026-10-04,public-recipe-v1
RDA-90496,밴댕이구이,https://www.nics.go.kr/food/kfi/tfSrch08/view?menuId=PS03520&tfcode=90496,35,da8275179e2fba7d950d9aa882314d03933f699f30a66070402d9e1fe9df9613,2026-10-04,public-recipe-v1
RDA-89852,밴댕이젓,https://www.nics.go.kr/food/kfi/tfSrch08/view?menuId=PS03520&tfcode=89852,35,da8275179e2fba7d950d9aa882314d03933f699f30a66070402d9e1fe9df9613,2026-10-04,public-recipe-v1
RDA-92248,"밴댕이젓(송애젓,소어젓) [방법2]",https://www.nics.go.kr/food/kfi/tfSrch08/view?menuId=PS03520&tfcode=92248,35,da8275179e2fba7d950d9aa882314d03933f699f30a66070402d9e1fe9df9613,2026-10-04,public-recipe-v1
RDA-90618,밴댕이젓무침,https://www.nics.go.kr/food/kfi/tfSrch08/view?menuId=PS03520&tfcode=90618,35,da8275179e2fba7d950d9aa882314d03933f699f30a66070402d9e1fe9df9613,2026-10-04,public-recipe-v1
RDA-90577,밴댕이회,https://www.nics.go.kr/food/kfi/tfSrch08/view?menuId=PS03520&tfcode=90577,35,da8275179e2fba7d950d9aa882314d03933f699f30a66070402d9e1fe9df9613,2026-10-04,public-recipe-v1
RDA-90411,뱅어국,https://www.nics.go.kr/food/kfi/tfSrch08/view?menuId=PS03520&tfcode=90411,35,da8275179e2fba7d950d9aa882314d03933f699f30a66070402d9e1fe9df9613,2026-10-04,public-recipe-v1
RDA-91413,뱅어국(병아리국),https://www.nics.go.kr/food/kfi/tfSrch08/view?menuId=PS03520&tfcode=91413,35,da8275179e2fba7d950d9aa882314d03933f699f30a66070402d9e1fe9df9613,2026-10-04,public-recipe-v1
RDA-89855,뱅어액젓(실치액젓),https://www.nics.go.kr/food/kfi/tfSrch08/view?menuId=PS03520&tfcode=89855,35,da8275179e2fba7d950d9aa882314d03933f699f30a66070402d9e1fe9df9613,2026-10-04,public-recipe-v1
RDA-92650,뱅어전(병아리전),https://www.nics.go.kr/food/kfi/tfSrch08/view?menuId=PS03520&tfcode=92650,35,da8275179e2fba7d950d9aa882314d03933f699f30a66070402d9e1fe9df9613,2026-10-04,public-recipe-v1
RDA-92249,뱅어젓,https://www.nics.go.kr/food/kfi/tfSrch08/view?menuId=PS03520&tfcode=92249,35,da8275179e2fba7d950d9aa882314d03933f699f30a66070402d9e1fe9df9613,2026-10-04,public-recipe-v1
RDA-92676,뱅어포구이,https://www.nics.go.kr/food/kfi/tfSrch08/view?menuId=PS03520&tfcode=92676,35,da8275179e2fba7d950d9aa882314d03933f699f30a66070402d9e1fe9df9613,2026-10-04,public-recipe-v1
RDA-92683,뱅어회,https://www.nics.go.kr/food/kfi/tfSrch08/view?menuId=PS03520&tfcode=92683,35,da8275179e2fba7d950d9aa882314d03933f699f30a66070402d9e1fe9df9613,2026-10-04,public-recipe-v1
RDA-90816,버섯나물,https://www.nics.go.kr/food/kfi/tfSrch08/view?menuId=PS03520&tfcode=90816,35,da8275179e2fba7d950d9aa882314d03933f699f30a66070402d9e1fe9df9613,2026-10-04,public-recipe-v1
RDA-89712,버섯수제비,https://www.nics.go.kr/food/kfi/tfSrch08/view?menuId=PS03520&tfcode=89712,35,da8275179e2fba7d950d9aa882314d03933f699f30a66070402d9e1fe9df9613,2026-10-04,public-recipe-v1
RDA-90450,버섯전골,https://www.nics.go.kr/food/kfi/tfSrch08/view?menuId=PS03520&tfcode=90450,35,da8275179e2fba7d950d9aa882314d03933f699f30a66070402d9e1fe9df9613,2026-10-04,public-recipe-v1
RDA-90776,버섯전골,https://www.nics.go.kr/food/kfi/tfSrch08/view?menuId=PS03520&tfcode=90776,35,da8275179e2fba7d950d9aa882314d03933f699f30a66070402d9e1fe9df9613,2026-10-04,public-recipe-v1
RDA-92558,"벌떡게장(돌게장, 반장게장) [방법3]",https://www.nics.go.kr/food/kfi/tfSrch08/view?menuId=PS03520&tfcode=92558,35,da8275179e2fba7d950d9aa882314d03933f699f30a66070402d9e1fe9df9613,2026-10-04,public-recipe-v1
RDA-92250,"벌떡게장(돌게장,반장게장) [방법1]",https://www.nics.go.kr/food/kfi/tfSrch08/view?menuId=PS03520&tfcode=92250,35,da8275179e2fba7d950d9aa882314d03933f699f30a66070402d9e1fe9df9613,2026-10-04,public-recipe-v1
RDA-92557,"벌떡게장(돌게장,반장게장) [방법2]",https://www.nics.go.kr/food/kfi/tfSrch08/view?menuId=PS03520&tfcode=92557,35,da8275179e2fba7d950d9aa882314d03933f699f30a66070402d9e1fe9df9613,2026-10-04,public-recipe-v1
RDA-92301,법성토종주,https://www.nics.go.kr/food/kfi/tfSrch08/view?menuId=PS03520&tfcode=92301,35,da8275179e2fba7d950d9aa882314d03933f699f30a66070402d9e1fe9df9613,2026-10-04,public-recipe-v1
RDA-91285,별곡유과,https://www.nics.go.kr/food/kfi/tfSrch08/view?menuId=PS03520&tfcode=91285,35,da8275179e2fba7d950d9aa882314d03933f699f30a66070402d9e1fe9df9613,2026-10-04,public-recipe-v1
RDA-90510,병어고추장조림,https://www.nics.go.kr/food/kfi/tfSrch08/view?menuId=PS03520&tfcode=90510,35,da8275179e2fba7d950d9aa882314d03933f699f30a66070402d9e1fe9df9613,2026-10-04,public-recipe-v1
RDA-90511,병어조림,https://www.nics.go.kr/food/kfi/tfSrch08/view?menuId=PS03520&tfcode=90511,35,da8275179e2fba7d950d9aa882314d03933f699f30a66070402d9e1fe9df9613,2026-10-04,public-recipe-v1
RDA-92194,병어찜<방법1>,https://www.nics.go.kr/food/kfi/tfSrch08/view?menuId=PS03520&tfcode=92194,35,da8275179e2fba7d950d9aa882314d03933f699f30a66070402d9e1fe9df9613,2026-10-04,public-recipe-v1
RDA-92195,병어찜<방법2>,https://www.nics.go.kr/food/kfi/tfSrch08/view?menuId=PS03520&tfcode=92195,35,da8275179e2fba7d950d9aa882314d03933f699f30a66070402d9e1fe9df9613,2026-10-04,public-recipe-v1
RDA-92207,병어회,https://www.nics.go.kr/food/kfi/tfSrch08/view?menuId=PS03520&tfcode=92207,35,da8275179e2fba7d950d9aa882314d03933f699f30a66070402d9e1fe9df9613,2026-10-04,public-recipe-v1
RDA-91978,보리개떡,https://www.nics.go.kr/food/kfi/tfSrch08/view?menuId=PS03520&tfcode=91978,35,da8275179e2fba7d950d9aa882314d03933f699f30a66070402d9e1fe9df9613,2026-10-04,public-recipe-v1
RDA-90296,보리개떡,https://www.nics.go.kr/food/kfi/tfSrch08/view?menuId=PS03520&tfcode=90296,35,da8275179e2fba7d950d9aa882314d03933f699f30a66070402d9e1fe9df9613,2026-10-04,public-recipe-v1
RDA-92455,보리고추장,https://www.nics.go.kr/food/kfi/tfSrch08/view?menuId=PS03520&tfcode=92455,35,da8275179e2fba7d950d9aa882314d03933f699f30a66070402d9e1fe9df9613,2026-10-04,public-recipe-v1
RDA-90722,보리고추장,https://www.nics.go.kr/food/kfi/tfSrch08/view?menuId=PS03520&tfcode=90722,35,da8275179e2fba7d950d9aa882314d03933f699f30a66070402d9e1fe9df9613,2026-10-04,public-recipe-v1
RDA-89678,보리고추장,https://www.nics.go.kr/food/kfi/tfSrch08/view?menuId=PS03520&tfcode=89678,35,da8275179e2fba7d950d9aa882314d03933f699f30a66070402d9e1fe9df9613,2026-10-04,public-recipe-v1
RDA-89907,보리고추장,https://www.nics.go.kr/food/kfi/tfSrch08/view?menuId=PS03520&tfcode=89907,35,da8275179e2fba7d950d9aa882314d03933f699f30a66070402d9e1fe9df9613,2026-10-04,public-recipe-v1
RDA-91784,보리나물죽,https://www.nics.go.kr/food/kfi/tfSrch08/view?menuId=PS03520&tfcode=91784,35,da8275179e2fba7d950d9aa882314d03933f699f30a66070402d9e1fe9df9613,2026-10-04,public-recipe-v1
RDA-90100,보리떡,https://www.nics.go.kr/food/kfi/tfSrch08/view?menuId=PS03520&tfcode=90100,35,da8275179e2fba7d950d9aa882314d03933f699f30a66070402d9e1fe9df9613,2026-10-04,public-recipe-v1
RDA-89887,보리미숫가루,https://www.nics.go.kr/food/kfi/tfSrch08/view?menuId=PS03520&tfcode=89887,35,da8275179e2fba7d950d9aa882314d03933f699f30a66070402d9e1fe9df9613,2026-10-04,public-recipe-v1
RDA-92290,보리미숫가루,https://www.nics.go.kr/food/kfi/tfSrch08/view?menuId=PS03520&tfcode=92290,35,da8275179e2fba7d950d9aa882314d03933f699f30a66070402d9e1fe9df9613,2026-10-04,public-recipe-v1
RDA-92734,보리미숫가루(보리개역),https://www.nics.go.kr/food/kfi/tfSrch08/view?menuId=PS03520&tfcode=92734,35,da8275179e2fba7d950d9aa882314d03933f699f30a66070402d9e1fe9df9613,2026-10-04,public-recipe-v1
RDA-89497,보리밥,https://www.nics.go.kr/food/kfi/tfSrch08/view?menuId=PS03520&tfcode=89497,35,da8275179e2fba7d950d9aa882314d03933f699f30a66070402d9e1fe9df9613,2026-10-04,public-recipe-v1
RDA-92524,보리밥,https://www.nics.go.kr/food/kfi/tfSrch08/view?menuId=PS03520&tfcode=92524,35,da8275179e2fba7d950d9aa882314d03933f699f30a66070402d9e1fe9df9613,2026-10-04,public-recipe-v1
RDA-92058,보리비빔밥,https://www.nics.go.kr/food/kfi/tfSrch08/view?menuId=PS03520&tfcode=92058,35,da8275179e2fba7d950d9aa882314d03933f699f30a66070402d9e1fe9df9613,2026-10-04,public-recipe-v1
RDA-92472,보리새우볶음,https://www.nics.go.kr/food/kfi/tfSrch08/view?menuId=PS03520&tfcode=92472,35,da8275179e2fba7d950d9aa882314d03933f699f30a66070402d9e1fe9df9613,2026-10-04,public-recipe-v1
RDA-92584,보리수단,https://www.nics.go.kr/food/kfi/tfSrch08/view?menuId=PS03520&tfcode=92584,35,da8275179e2fba7d950d9aa882314d03933f699f30a66070402d9e1fe9df9613,2026-10-04,public-recipe-v1
RDA-90697,보리수단,https://www.nics.go.kr/food/kfi/tfSrch08/view?menuId=PS03520&tfcode=90697,35,da8275179e2fba7d950d9aa882314d03933f699f30a66070402d9e1fe9df9613,2026-10-04,public-recipe-v1
RDA-89946,보리수제비,https://www.nics.go.kr/food/kfi/tfSrch08/view?menuId=PS03520&tfcode=89946,35,da8275179e2fba7d950d9aa882314d03933f699f30a66070402d9e1fe9df9613,2026-10-04,public-recipe-v1
RDA-91373,보리수제비,https://www.nics.go.kr/food/kfi/tfSrch08/view?menuId=PS03520&tfcode=91373,35,da8275179e2fba7d950d9aa882314d03933f699f30a66070402d9e1fe9df9613,2026-10-04,public-recipe-v1
RDA-92439,보리수제비(보리자베기),https://www.nics.go.kr/food/kfi/tfSrch08/view?menuId=PS03520&tfcode=92439,35,da8275179e2fba7d950d9aa882314d03933f699f30a66070402d9e1fe9df9613,2026-10-04,public-recipe-v1
RDA-89802,보리장떡부침,https://www.nics.go.kr/food/kfi/tfSrch08/view?menuId=PS03520&tfcode=89802,35,da8275179e2fba7d950d9aa882314d03933f699f30a66070402d9e1fe9df9613,2026-10-04,public-recipe-v1
RDA-92291,보리차,https://www.nics.go.kr/food/kfi/tfSrch08/view?menuId=PS03520&tfcode=92291,35,da8275179e2fba7d950d9aa882314d03933f699f30a66070402d9e1fe9df9613,2026-10-04,public-recipe-v1
RDA-89700,보리콩죽,https://www.nics.go.kr/food/kfi/tfSrch08/view?menuId=PS03520&tfcode=89700,35,da8275179e2fba7d950d9aa882314d03933f699f30a66070402d9e1fe9df9613,2026-10-04,public-recipe-v1
RDA-92267,보릿잎시루떡,https://www.nics.go.kr/food/kfi/tfSrch08/view?menuId=PS03520&tfcode=92267,35,da8275179e2fba7d950d9aa882314d03933f699f30a66070402d9e1fe9df9613,2026-10-04,public-recipe-v1
RDA-91035,보신탕,https://www.nics.go.kr/food/kfi/tfSrch08/view?menuId=PS03520&tfcode=91035,35,da8275179e2fba7d950d9aa882314d03933f699f30a66070402d9e1fe9df9613,2026-10-04,public-recipe-v1
RDA-92637,보쌈김치,https://www.nics.go.kr/food/kfi/tfSrch08/view?menuId=PS03520&tfcode=92637,35,da8275179e2fba7d950d9aa882314d03933f699f30a66070402d9e1fe9df9613,2026-10-04,public-recipe-v1
RDA-91497,복껍질무침,https://www.nics.go.kr/food/kfi/tfSrch08/view?menuId=PS03520&tfcode=91497,35,da8275179e2fba7d950d9aa882314d03933f699f30a66070402d9e1fe9df9613,2026-10-04,public-recipe-v1
RDA-92573,복분자술(탈술),https://www.nics.go.kr/food/kfi/tfSrch08/view?menuId=PS03520&tfcode=92573,35,da8275179e2fba7d950d9aa882314d03933f699f30a66070402d9e1fe9df9613,2026-10-04,public-recipe-v1
RDA-91647,복수육,https://www.nics.go.kr/food/kfi/tfSrch08/view?menuId=PS03520&tfcode=91647,35,da8275179e2fba7d950d9aa882314d03933f699f30a66070402d9e1fe9df9613,2026-10-04,public-recipe-v1
RDA-90022,복어구이(복쟁이구이),https://www.nics.go.kr/food/kfi/tfSrch08/view?menuId=PS03520&tfcode=90022,35,da8275179e2fba7d950d9aa882314d03933f699f30a66070402d9e1fe9df9613,2026-10-04,public-recipe-v1
RDA-89973,복어국(복쟁이국),https://www.nics.go.kr/food/kfi/tfSrch08/view?menuId=PS03520&tfcode=89973,35,da8275179e2fba7d950d9aa882314d03933f699f30a66070402d9e1fe9df9613,2026-10-04,public-recipe-v1
RDA-92505,복탕,https://www.nics.go.kr/food/kfi/tfSrch08/view?menuId=PS03520&tfcode=92505,35,da8275179e2fba7d950d9aa882314d03933f699f30a66070402d9e1fe9df9613,2026-10-04,public-recipe-v1
RDA-91640,복튀김,https://www.nics.go.kr/food/kfi/tfSrch08/view?menuId=PS03520&tfcode=91640,36,7ad1607217c047b5465c94d9c3ef1162403a317a82765001a15932279fa14697,2026-10-04,public-recipe-v1
RDA-90975,볶음죽,https://www.nics.go.kr/food/kfi/tfSrch08/view?menuId=PS03520&tfcode=90975,36,7ad1607217c047b5465c94d9c3ef1162403a317a82765001a15932279fa14697,2026-10-04,public-recipe-v1
RDA-91263,본편(콩고물시루떡),https://www.nics.go.kr/food/kfi/tfSrch08/view?menuId=PS03520&tfcode=91263,36,7ad1607217c047b5465c94d9c3ef1162403a317a82765001a15932279fa14697,2026-10-04,public-recipe-v1
RDA-91684,볼락어젓(볼락젓갈),https://www.nics.go.kr/food/kfi/tfSrch08/view?menuId=PS03520&tfcode=91684,36,7ad1607217c047b5465c94d9c3ef1162403a317a82765001a15932279fa14697,2026-10-04,public-recipe-v1
RDA-89997,봄동김치,https://www.nics.go.kr/food/kfi/tfSrch08/view?menuId=PS03520&tfcode=89997,36,7ad1607217c047b5465c94d9c3ef1162403a317a82765001a15932279fa14697,2026-10-04,public-recipe-v1
RDA-90711,"부의주(동동주, 민속촌동동주)",https://www.nics.go.kr/food/kfi/tfSrch08/view?menuId=PS03520&tfcode=90711,36,7ad1607217c047b5465c94d9c3ef1162403a317a82765001a15932279fa14697,2026-10-04,public-recipe-v1
RDA-90790,부추김치,https://www.nics.go.kr/food/kfi/tfSrch08/view?menuId=PS03520&tfcode=90790,36,7ad1607217c047b5465c94d9c3ef1162403a317a82765001a15932279fa14697,2026-10-04,public-recipe-v1
RDA-89998,"부추김치(쉐우리짐치, 새우리김치)",https://www.nics.go.kr/food/kfi/tfSrch08/view?menuId=PS03520&tfcode=89998,36,7ad1607217c047b5465c94d9c3ef1162403a317a82765001a15932279fa14697,2026-10-04,public-recipe-v1
RDA-91070,"부추김치(정구지김치, 전구지김치)",https://www.nics.go.kr/food/kfi/tfSrch08/view?menuId=PS03520&tfcode=91070,36,7ad1607217c047b5465c94d9c3ef1162403a317a82765001a15932279fa14697,2026-10-04,public-recipe-v1
RDA-91418,부추냉국,https://www.nics.go.kr/food/kfi/tfSrch08/view?menuId=PS03520&tfcode=91418,36,7ad1607217c047b5465c94d9c3ef1162403a317a82765001a15932279fa14697,2026-10-04,public-recipe-v1
RDA-91564,부추장떡,https://www.nics.go.kr/food/kfi/tfSrch08/view?menuId=PS03520&tfcode=91564,36,7ad1607217c047b5465c94d9c3ef1162403a317a82765001a15932279fa14697,2026-10-04,public-recipe-v1
RDA-90876,부추전,https://www.nics.go.kr/food/kfi/tfSrch08/view?menuId=PS03520&tfcode=90876,36,7ad1607217c047b5465c94d9c3ef1162403a317a82765001a15932279fa14697,2026-10-04,public-recipe-v1
RDA-90237,부추전(솔전),https://www.nics.go.kr/food/kfi/tfSrch08/view?menuId=PS03520&tfcode=90237,36,7ad1607217c047b5465c94d9c3ef1162403a317a82765001a15932279fa14697,2026-10-04,public-recipe-v1
RDA-92410,부추전(솔전),https://www.nics.go.kr/food/kfi/tfSrch08/view?menuId=PS03520&tfcode=92410,36,7ad1607217c047b5465c94d9c3ef1162403a317a82765001a15932279fa14697,2026-10-04,public-recipe-v1
RDA-91565,"부추전(정구지전, 전구지전)",https://www.nics.go.kr/food/kfi/tfSrch08/view?menuId=PS03520&tfcode=91565,36,7ad1607217c047b5465c94d9c3ef1162403a317a82765001a15932279fa14697,2026-10-04,public-recipe-v1
RDA-91163,"부추콩가루찜(부추찜, 부추버무리)",https://www.nics.go.kr/food/kfi/tfSrch08/view?menuId=PS03520&tfcode=91163,36,7ad1607217c047b5465c94d9c3ef1162403a317a82765001a15932279fa14697,2026-10-04,public-recipe-v1
RDA-91264,부편,https://www.nics.go.kr/food/kfi/tfSrch08/view?menuId=PS03520&tfcode=91264,36,7ad1607217c047b5465c94d9c3ef1162403a317a82765001a15932279fa14697,2026-10-04,public-recipe-v1
RDA-90414,북어된장탕,https://www.nics.go.kr/food/kfi/tfSrch08/view?menuId=PS03520&tfcode=90414,36,7ad1607217c047b5465c94d9c3ef1162403a317a82765001a15932279fa14697,2026-10-04,public-recipe-v1
RDA-91685,북어식해(마른생선식해),https://www.nics.go.kr/food/kfi/tfSrch08/view?menuId=PS03520&tfcode=91685,36,7ad1607217c047b5465c94d9c3ef1162403a317a82765001a15932279fa14697,2026-10-04,public-recipe-v1
RDA-91566,북어장떡,https://www.nics.go.kr/food/kfi/tfSrch08/view?menuId=PS03520&tfcode=91566,36,7ad1607217c047b5465c94d9c3ef1162403a317a82765001a15932279fa14697,2026-10-04,public-recipe-v1
RDA-90512,북어조림,https://www.nics.go.kr/food/kfi/tfSrch08/view?menuId=PS03520&tfcode=90512,36,7ad1607217c047b5465c94d9c3ef1162403a317a82765001a15932279fa14697,2026-10-04,public-recipe-v1
RDA-91164,북어찜(마른명태찜)<방법 1>,https://www.nics.go.kr/food/kfi/tfSrch08/view?menuId=PS03520&tfcode=91164,36,7ad1607217c047b5465c94d9c3ef1162403a317a82765001a15932279fa14697,2026-10-04,public-recipe-v1
RDA-91165,북어찜(마른명태찜)<방법 2>,https://www.nics.go.kr/food/kfi/tfSrch08/view?menuId=PS03520&tfcode=91165,36,7ad1607217c047b5465c94d9c3ef1162403a317a82765001a15932279fa14697,2026-10-04,public-recipe-v1
RDA-89792,붕어조림,https://www.nics.go.kr/food/kfi/tfSrch08/view?menuId=PS03520&tfcode=89792,36,7ad1607217c047b5465c94d9c3ef1162403a317a82765001a15932279fa14697,2026-10-04,public-recipe-v1
RDA-92408,붕어조림,https://www.nics.go.kr/food/kfi/tfSrch08/view?menuId=PS03520&tfcode=92408,36,7ad1607217c047b5465c94d9c3ef1162403a317a82765001a15932279fa14697,2026-10-04,public-recipe-v1
RDA-91597,붕어찜,https://www.nics.go.kr/food/kfi/tfSrch08/view?menuId=PS03520&tfcode=91597,36,7ad1607217c047b5465c94d9c3ef1162403a317a82765001a15932279fa14697,2026-10-04,public-recipe-v1
RDA-92451,붕어찜,https://www.nics.go.kr/food/kfi/tfSrch08/view?menuId=PS03520&tfcode=92451,36,7ad1607217c047b5465c94d9c3ef1162403a317a82765001a15932279fa14697,2026-10-04,public-recipe-v1
RDA-89811,붕어찜 <방법1>,https://www.nics.go.kr/food/kfi/tfSrch08/view?menuId=PS03520&tfcode=89811,36,7ad1607217c047b5465c94d9c3ef1162403a317a82765001a15932279fa14697,2026-10-04,public-recipe-v1
RDA-89812,붕어찜 <방법2>,https://www.nics.go.kr/food/kfi/tfSrch08/view?menuId=PS03520&tfcode=89812,36,7ad1607217c047b5465c94d9c3ef1162403a317a82765001a15932279fa14697,2026-10-04,public-recipe-v1
RDA-91199,붕어포,https://www.nics.go.kr/food/kfi/tfSrch08/view?menuId=PS03520&tfcode=91199,36,7ad1607217c047b5465c94d9c3ef1162403a317a82765001a15932279fa14697,2026-10-04,public-recipe-v1
RDA-89787,붕장어구이,https://www.nics.go.kr/food/kfi/tfSrch08/view?menuId=PS03520&tfcode=89787,36,7ad1607217c047b5465c94d9c3ef1162403a317a82765001a15932279fa14697,2026-10-04,public-recipe-v1
RDA-91000,비빔국수,https://www.nics.go.kr/food/kfi/tfSrch08/view?menuId=PS03520&tfcode=91000,36,7ad1607217c047b5465c94d9c3ef1162403a317a82765001a15932279fa14697,2026-10-04,public-recipe-v1
RDA-90738,비빔냉면,https://www.nics.go.kr/food/kfi/tfSrch08/view?menuId=PS03520&tfcode=90738,36,7ad1607217c047b5465c94d9c3ef1162403a317a82765001a15932279fa14697,2026-10-04,public-recipe-v1
RDA-92556,비빔밥 [방법2],https://www.nics.go.kr/food/kfi/tfSrch08/view?menuId=PS03520&tfcode=92556,36,7ad1607217c047b5465c94d9c3ef1162403a317a82765001a15932279fa14697,2026-10-04,public-recipe-v1
RDA-89510,비지죽,https://www.nics.go.kr/food/kfi/tfSrch08/view?menuId=PS03520&tfcode=89510,36,7ad1607217c047b5465c94d9c3ef1162403a317a82765001a15932279fa14697,2026-10-04,public-recipe-v1
RDA-92394,비지죽,https://www.nics.go.kr/food/kfi/tfSrch08/view?menuId=PS03520&tfcode=92394,36,7ad1607217c047b5465c94d9c3ef1162403a317a82765001a15932279fa14697,2026-10-04,public-recipe-v1
RDA-91724,빈사(유과),https://www.nics.go.kr/food/kfi/tfSrch08/view?menuId=PS03520&tfcode=91724,36,7ad1607217c047b5465c94d9c3ef1162403a317a82765001a15932279fa14697,2026-10-04,public-recipe-v1
RDA-91265,빙떡(멍석떡),https://www.nics.go.kr/food/kfi/tfSrch08/view?menuId=PS03520&tfcode=91265,36,7ad1607217c047b5465c94d9c3ef1162403a317a82765001a15932279fa14697,2026-10-04,public-recipe-v1
RDA-89793,빙어조림(도리뱅뱅이),https://www.nics.go.kr/food/kfi/tfSrch08/view?menuId=PS03520&tfcode=89793,36,7ad1607217c047b5465c94d9c3ef1162403a317a82765001a15932279fa14697,2026-10-04,public-recipe-v1
RDA-91641,빙어튀김,https://www.nics.go.kr/food/kfi/tfSrch08/view?menuId=PS03520&tfcode=91641,36,7ad1607217c047b5465c94d9c3ef1162403a317a82765001a15932279fa14697,2026-10-04,public-recipe-v1
RDA-89605,빙어튀김,https://www.nics.go.kr/food/kfi/tfSrch08/view?menuId=PS03520&tfcode=89605,36,7ad1607217c047b5465c94d9c3ef1162403a317a82765001a15932279fa14697,2026-10-04,public-recipe-v1
RDA-92480,빙어회,https://www.nics.go.kr/food/kfi/tfSrch08/view?menuId=PS03520&tfcode=92480,36,7ad1607217c047b5465c94d9c3ef1162403a317a82765001a15932279fa14697,2026-10-04,public-recipe-v1
RDA-91038,뼈해장국(해장국),https://www.nics.go.kr/food/kfi/tfSrch08/view?menuId=PS03520&tfcode=91038,36,7ad1607217c047b5465c94d9c3ef1162403a317a82765001a15932279fa14697,2026-10-04,public-recipe-v1
RDA-90756,사골우거지국,https://www.nics.go.kr/food/kfi/tfSrch08/view?menuId=PS03520&tfcode=90756,36,7ad1607217c047b5465c94d9c3ef1162403a317a82765001a15932279fa14697,2026-10-04,public-recipe-v1
RDA-90531,사슬적,https://www.nics.go.kr/food/kfi/tfSrch08/view?menuId=PS03520&tfcode=90531,36,7ad1607217c047b5465c94d9c3ef1162403a317a82765001a15932279fa14697,2026-10-04,public-recipe-v1
RDA-89734,사슴곰탕,https://www.nics.go.kr/food/kfi/tfSrch08/view?menuId=PS03520&tfcode=89734,36,7ad1607217c047b5465c94d9c3ef1162403a317a82765001a15932279fa14697,2026-10-04,public-recipe-v1
RDA-90888,사태찜,https://www.nics.go.kr/food/kfi/tfSrch08/view?menuId=PS03520&tfcode=90888,36,7ad1607217c047b5465c94d9c3ef1162403a317a82765001a15932279fa14697,2026-10-04,public-recipe-v1
RDA-90955,산나물밥(묵나물밥),https://www.nics.go.kr/food/kfi/tfSrch08/view?menuId=PS03520&tfcode=90955,36,7ad1607217c047b5465c94d9c3ef1162403a317a82765001a15932279fa14697,2026-10-04,public-recipe-v1
RDA-90977,산나물죽,https://www.nics.go.kr/food/kfi/tfSrch08/view?menuId=PS03520&tfcode=90977,36,7ad1607217c047b5465c94d9c3ef1162403a317a82765001a15932279fa14697,2026-10-04,public-recipe-v1
RDA-91598,산나물찜,https://www.nics.go.kr/food/kfi/tfSrch08/view?menuId=PS03520&tfcode=91598,36,7ad1607217c047b5465c94d9c3ef1162403a317a82765001a15932279fa14697,2026-10-04,public-recipe-v1
RDA-91751,산성막걸리,https://www.nics.go.kr/food/kfi/tfSrch08/view?menuId=PS03520&tfcode=91751,36,7ad1607217c047b5465c94d9c3ef1162403a317a82765001a15932279fa14697,2026-10-04,public-recipe-v1
RDA-90712,산성소주,https://www.nics.go.kr/food/kfi/tfSrch08/view?menuId=PS03520&tfcode=90712,36,7ad1607217c047b5465c94d9c3ef1162403a317a82765001a15932279fa14697,2026-10-04,public-recipe-v1
RDA-91520,산성흑염소불고기,https://www.nics.go.kr/food/kfi/tfSrch08/view?menuId=PS03520&tfcode=91520,36,7ad1607217c047b5465c94d9c3ef1162403a317a82765001a15932279fa14697,2026-10-04,public-recipe-v1
RDA-91901,산오징어회,https://www.nics.go.kr/food/kfi/tfSrch08/view?menuId=PS03520&tfcode=91901,36,7ad1607217c047b5465c94d9c3ef1162403a317a82765001a15932279fa14697,2026-10-04,public-recipe-v1
RDA-92275,산자(유과),https://www.nics.go.kr/food/kfi/tfSrch08/view?menuId=PS03520&tfcode=92275,36,7ad1607217c047b5465c94d9c3ef1162403a317a82765001a15932279fa14697,2026-10-04,public-recipe-v1
RDA-91981,산채가루시루떡,https://www.nics.go.kr/food/kfi/tfSrch08/view?menuId=PS03520&tfcode=91981,36,7ad1607217c047b5465c94d9c3ef1162403a317a82765001a15932279fa14697,2026-10-04,public-recipe-v1
RDA-91818,산채국수(산채비빔국수),https://www.nics.go.kr/food/kfi/tfSrch08/view?menuId=PS03520&tfcode=91818,36,7ad1607217c047b5465c94d9c3ef1162403a317a82765001a15932279fa14697,2026-10-04,public-recipe-v1
RDA-89519,산채도토리냉면,https://www.nics.go.kr/food/kfi/tfSrch08/view?menuId=PS03520&tfcode=89519,36,7ad1607217c047b5465c94d9c3ef1162403a317a82765001a15932279fa14697,2026-10-04,public-recipe-v1
RDA-90140,산채비빔밥,https://www.nics.go.kr/food/kfi/tfSrch08/view?menuId=PS03520&tfcode=90140,36,7ad1607217c047b5465c94d9c3ef1162403a317a82765001a15932279fa14697,2026-10-04,public-recipe-v1
RDA-91336,산채비빔밥,https://www.nics.go.kr/food/kfi/tfSrch08/view?menuId=PS03520&tfcode=91336,36,7ad1607217c047b5465c94d9c3ef1162403a317a82765001a15932279fa14697,2026-10-04,public-recipe-v1
RDA-89498,산채비빔밥,https://www.nics.go.kr/food/kfi/tfSrch08/view?menuId=PS03520&tfcode=89498,36,7ad1607217c047b5465c94d9c3ef1162403a317a82765001a15932279fa14697,2026-10-04,public-recipe-v1
RDA-91770,산채비빔밥,https://www.nics.go.kr/food/kfi/tfSrch08/view?menuId=PS03520&tfcode=91770,36,7ad1607217c047b5465c94d9c3ef1162403a317a82765001a15932279fa14697,2026-10-04,public-recipe-v1
RDA-91889,산채산적,https://www.nics.go.kr/food/kfi/tfSrch08/view?menuId=PS03520&tfcode=91889,36,7ad1607217c047b5465c94d9c3ef1162403a317a82765001a15932279fa14697,2026-10-04,public-recipe-v1
RDA-91094,산채잡채,https://www.nics.go.kr/food/kfi/tfSrch08/view?menuId=PS03520&tfcode=91094,36,7ad1607217c047b5465c94d9c3ef1162403a317a82765001a15932279fa14697,2026-10-04,public-recipe-v1
RDA-91819,산채칼국수,https://www.nics.go.kr/food/kfi/tfSrch08/view?menuId=PS03520&tfcode=91819,36,7ad1607217c047b5465c94d9c3ef1162403a317a82765001a15932279fa14697,2026-10-04,public-recipe-v1
RDA-90072,산초잎된장장아찌,https://www.nics.go.kr/food/kfi/tfSrch08/view?menuId=PS03520&tfcode=90072,36,7ad1607217c047b5465c94d9c3ef1162403a317a82765001a15932279fa14697,2026-10-04,public-recipe-v1
RDA-90671,살구편,https://www.nics.go.kr/food/kfi/tfSrch08/view?menuId=PS03520&tfcode=90671,36,7ad1607217c047b5465c94d9c3ef1162403a317a82765001a15932279fa14697,2026-10-04,public-recipe-v1
RDA-90832,삼겹살구이,https://www.nics.go.kr/food/kfi/tfSrch08/view?menuId=PS03520&tfcode=90832,36,7ad1607217c047b5465c94d9c3ef1162403a317a82765001a15932279fa14697,2026-10-04,public-recipe-v1
RDA-90757,삼계탕,https://www.nics.go.kr/food/kfi/tfSrch08/view?menuId=PS03520&tfcode=90757,36,7ad1607217c047b5465c94d9c3ef1162403a317a82765001a15932279fa14697,2026-10-04,public-recipe-v1
RDA-91039,삼계탕(계삼탕),https://www.nics.go.kr/food/kfi/tfSrch08/view?menuId=PS03520&tfcode=91039,36,7ad1607217c047b5465c94d9c3ef1162403a317a82765001a15932279fa14697,2026-10-04,public-recipe-v1
RDA-92347,"삼계탕(계삼탕, 영계백숙)",https://www.nics.go.kr/food/kfi/tfSrch08/view?menuId=PS03520&tfcode=92347,37,7ac5e5a28f31dd86c79da3f7576370c2e1ab329326273d2abe8c5d19dd049fa1,2026-10-04,public-recipe-v1
RDA-91839,삼세기탕(삼숙이탕) <방법2>,https://www.nics.go.kr/food/kfi/tfSrch08/view?menuId=PS03520&tfcode=91839,37,7ac5e5a28f31dd86c79da3f7576370c2e1ab329326273d2abe8c5d19dd049fa1,2026-10-04,public-recipe-v1
RDA-90833,삼치구이,https://www.nics.go.kr/food/kfi/tfSrch08/view?menuId=PS03520&tfcode=90833,37,7ac5e5a28f31dd86c79da3f7576370c2e1ab329326273d2abe8c5d19dd049fa1,2026-10-04,public-recipe-v1
RDA-90849,삼치조림(삼치무조림),https://www.nics.go.kr/food/kfi/tfSrch08/view?menuId=PS03520&tfcode=90849,37,7ac5e5a28f31dd86c79da3f7576370c2e1ab329326273d2abe8c5d19dd049fa1,2026-10-04,public-recipe-v1
RDA-92686,상어숙회,https://www.nics.go.kr/food/kfi/tfSrch08/view?menuId=PS03520&tfcode=92686,37,7ac5e5a28f31dd86c79da3f7576370c2e1ab329326273d2abe8c5d19dd049fa1,2026-10-04,public-recipe-v1
RDA-91115,상어조림(돔배기조림),https://www.nics.go.kr/food/kfi/tfSrch08/view?menuId=PS03520&tfcode=91115,37,7ac5e5a28f31dd86c79da3f7576370c2e1ab329326273d2abe8c5d19dd049fa1,2026-10-04,public-recipe-v1
RDA-89813,상어찜,https://www.nics.go.kr/food/kfi/tfSrch08/view?menuId=PS03520&tfcode=89813,37,7ac5e5a28f31dd86c79da3f7576370c2e1ab329326273d2abe8c5d19dd049fa1,2026-10-04,public-recipe-v1
RDA-89597,상어찜,https://www.nics.go.kr/food/kfi/tfSrch08/view?menuId=PS03520&tfcode=89597,37,7ac5e5a28f31dd86c79da3f7576370c2e1ab329326273d2abe8c5d19dd049fa1,2026-10-04,public-recipe-v1
RDA-91166,상어찜(돔배기찜),https://www.nics.go.kr/food/kfi/tfSrch08/view?menuId=PS03520&tfcode=91166,37,7ac5e5a28f31dd86c79da3f7576370c2e1ab329326273d2abe8c5d19dd049fa1,2026-10-04,public-recipe-v1
RDA-91482,상추겉절이,https://www.nics.go.kr/food/kfi/tfSrch08/view?menuId=PS03520&tfcode=91482,37,7ac5e5a28f31dd86c79da3f7576370c2e1ab329326273d2abe8c5d19dd049fa1,2026-10-04,public-recipe-v1
RDA-91072,상추김치,https://www.nics.go.kr/food/kfi/tfSrch08/view?menuId=PS03520&tfcode=91072,37,7ac5e5a28f31dd86c79da3f7576370c2e1ab329326273d2abe8c5d19dd049fa1,2026-10-04,public-recipe-v1
RDA-92158,상추꽃대나물,https://www.nics.go.kr/food/kfi/tfSrch08/view?menuId=PS03520&tfcode=92158,37,7ac5e5a28f31dd86c79da3f7576370c2e1ab329326273d2abe8c5d19dd049fa1,2026-10-04,public-recipe-v1
RDA-90923,상추쌈,https://www.nics.go.kr/food/kfi/tfSrch08/view?menuId=PS03520&tfcode=90923,37,7ac5e5a28f31dd86c79da3f7576370c2e1ab329326273d2abe8c5d19dd049fa1,2026-10-04,public-recipe-v1
RDA-90253,상추줄기회(상추고동회),https://www.nics.go.kr/food/kfi/tfSrch08/view?menuId=PS03520&tfcode=90253,37,7ac5e5a28f31dd86c79da3f7576370c2e1ab329326273d2abe8c5d19dd049fa1,2026-10-04,public-recipe-v1
RDA-90653,상치떡(상추떡),https://www.nics.go.kr/food/kfi/tfSrch08/view?menuId=PS03520&tfcode=90653,37,7ac5e5a28f31dd86c79da3f7576370c2e1ab329326273d2abe8c5d19dd049fa1,2026-10-04,public-recipe-v1
RDA-90102,"상화(상외떡, 상애떡)<방법 1>",https://www.nics.go.kr/food/kfi/tfSrch08/view?menuId=PS03520&tfcode=90102,37,7ac5e5a28f31dd86c79da3f7576370c2e1ab329326273d2abe8c5d19dd049fa1,2026-10-04,public-recipe-v1
RDA-90533,새우전,https://www.nics.go.kr/food/kfi/tfSrch08/view?menuId=PS03520&tfcode=90533,37,7ac5e5a28f31dd86c79da3f7576370c2e1ab329326273d2abe8c5d19dd049fa1,2026-10-04,public-recipe-v1
RDA-92476,새우전,https://www.nics.go.kr/food/kfi/tfSrch08/view?menuId=PS03520&tfcode=92476,37,7ac5e5a28f31dd86c79da3f7576370c2e1ab329326273d2abe8c5d19dd049fa1,2026-10-04,public-recipe-v1
RDA-89853,새우젓,https://www.nics.go.kr/food/kfi/tfSrch08/view?menuId=PS03520&tfcode=89853,37,7ac5e5a28f31dd86c79da3f7576370c2e1ab329326273d2abe8c5d19dd049fa1,2026-10-04,public-recipe-v1
RDA-90918,새우젓,https://www.nics.go.kr/food/kfi/tfSrch08/view?menuId=PS03520&tfcode=90918,37,7ac5e5a28f31dd86c79da3f7576370c2e1ab329326273d2abe8c5d19dd049fa1,2026-10-04,public-recipe-v1
RDA-89771,새우젓깍두기,https://www.nics.go.kr/food/kfi/tfSrch08/view?menuId=PS03520&tfcode=89771,37,7ac5e5a28f31dd86c79da3f7576370c2e1ab329326273d2abe8c5d19dd049fa1,2026-10-04,public-recipe-v1
RDA-90620,새우젓무침,https://www.nics.go.kr/food/kfi/tfSrch08/view?menuId=PS03520&tfcode=90620,37,7ac5e5a28f31dd86c79da3f7576370c2e1ab329326273d2abe8c5d19dd049fa1,2026-10-04,public-recipe-v1
RDA-90654,색편(무지개떡),https://www.nics.go.kr/food/kfi/tfSrch08/view?menuId=PS03520&tfcode=90654,37,7ac5e5a28f31dd86c79da3f7576370c2e1ab329326273d2abe8c5d19dd049fa1,2026-10-04,public-recipe-v1
RDA-90698,생강차,https://www.nics.go.kr/food/kfi/tfSrch08/view?menuId=PS03520&tfcode=90698,37,7ac5e5a28f31dd86c79da3f7576370c2e1ab329326273d2abe8c5d19dd049fa1,2026-10-04,public-recipe-v1
RDA-89876,생강한과,https://www.nics.go.kr/food/kfi/tfSrch08/view?menuId=PS03520&tfcode=89876,37,7ac5e5a28f31dd86c79da3f7576370c2e1ab329326273d2abe8c5d19dd049fa1,2026-10-04,public-recipe-v1
RDA-90896,생굴무침,https://www.nics.go.kr/food/kfi/tfSrch08/view?menuId=PS03520&tfcode=90896,37,7ac5e5a28f31dd86c79da3f7576370c2e1ab329326273d2abe8c5d19dd049fa1,2026-10-04,public-recipe-v1
RDA-89720,생떡국,https://www.nics.go.kr/food/kfi/tfSrch08/view?menuId=PS03520&tfcode=89720,37,7ac5e5a28f31dd86c79da3f7576370c2e1ab329326273d2abe8c5d19dd049fa1,2026-10-04,public-recipe-v1
RDA-90169,생떡국,https://www.nics.go.kr/food/kfi/tfSrch08/view?menuId=PS03520&tfcode=90169,37,7ac5e5a28f31dd86c79da3f7576370c2e1ab329326273d2abe8c5d19dd049fa1,2026-10-04,public-recipe-v1
RDA-91390,생떡국,https://www.nics.go.kr/food/kfi/tfSrch08/view?menuId=PS03520&tfcode=91390,37,7ac5e5a28f31dd86c79da3f7576370c2e1ab329326273d2abe8c5d19dd049fa1,2026-10-04,public-recipe-v1
RDA-92720,생떡국(날떡국),https://www.nics.go.kr/food/kfi/tfSrch08/view?menuId=PS03520&tfcode=92720,37,7ac5e5a28f31dd86c79da3f7576370c2e1ab329326273d2abe8c5d19dd049fa1,2026-10-04,public-recipe-v1
RDA-91599,생멸치메즙찜,https://www.nics.go.kr/food/kfi/tfSrch08/view?menuId=PS03520&tfcode=91599,37,7ac5e5a28f31dd86c79da3f7576370c2e1ab329326273d2abe8c5d19dd049fa1,2026-10-04,public-recipe-v1
RDA-91451,생멸치찌개,https://www.nics.go.kr/food/kfi/tfSrch08/view?menuId=PS03520&tfcode=91451,37,7ac5e5a28f31dd86c79da3f7576370c2e1ab329326273d2abe8c5d19dd049fa1,2026-10-04,public-recipe-v1
RDA-90566,생복찜(전복찜),https://www.nics.go.kr/food/kfi/tfSrch08/view?menuId=PS03520&tfcode=90566,37,7ac5e5a28f31dd86c79da3f7576370c2e1ab329326273d2abe8c5d19dd049fa1,2026-10-04,public-recipe-v1
RDA-89948,생선국수,https://www.nics.go.kr/food/kfi/tfSrch08/view?menuId=PS03520&tfcode=89948,37,7ac5e5a28f31dd86c79da3f7576370c2e1ab329326273d2abe8c5d19dd049fa1,2026-10-04,public-recipe-v1
RDA-91617,생선물회,https://www.nics.go.kr/food/kfi/tfSrch08/view?menuId=PS03520&tfcode=91617,37,7ac5e5a28f31dd86c79da3f7576370c2e1ab329326273d2abe8c5d19dd049fa1,2026-10-04,public-recipe-v1
RDA-89757,생선잡탕찌개,https://www.nics.go.kr/food/kfi/tfSrch08/view?menuId=PS03520&tfcode=89757,37,7ac5e5a28f31dd86c79da3f7576370c2e1ab329326273d2abe8c5d19dd049fa1,2026-10-04,public-recipe-v1
RDA-91537,생선조림,https://www.nics.go.kr/food/kfi/tfSrch08/view?menuId=PS03520&tfcode=91537,37,7ac5e5a28f31dd86c79da3f7576370c2e1ab329326273d2abe8c5d19dd049fa1,2026-10-04,public-recipe-v1
RDA-91354,생선죽,https://www.nics.go.kr/food/kfi/tfSrch08/view?menuId=PS03520&tfcode=91354,37,7ac5e5a28f31dd86c79da3f7576370c2e1ab329326273d2abe8c5d19dd049fa1,2026-10-04,public-recipe-v1
RDA-90897,생선회,https://www.nics.go.kr/food/kfi/tfSrch08/view?menuId=PS03520&tfcode=90897,37,7ac5e5a28f31dd86c79da3f7576370c2e1ab329326273d2abe8c5d19dd049fa1,2026-10-04,public-recipe-v1
RDA-91424,생세멸시래기국(생세멸시락국),https://www.nics.go.kr/food/kfi/tfSrch08/view?menuId=PS03520&tfcode=91424,37,7ac5e5a28f31dd86c79da3f7576370c2e1ab329326273d2abe8c5d19dd049fa1,2026-10-04,public-recipe-v1
RDA-92196,서대찜,https://www.nics.go.kr/food/kfi/tfSrch08/view?menuId=PS03520&tfcode=92196,37,7ac5e5a28f31dd86c79da3f7576370c2e1ab329326273d2abe8c5d19dd049fa1,2026-10-04,public-recipe-v1
RDA-91483,서실무침,https://www.nics.go.kr/food/kfi/tfSrch08/view?menuId=PS03520&tfcode=91483,37,7ac5e5a28f31dd86c79da3f7576370c2e1ab329326273d2abe8c5d19dd049fa1,2026-10-04,public-recipe-v1
RDA-92304,석곡주,https://www.nics.go.kr/food/kfi/tfSrch08/view?menuId=PS03520&tfcode=92304,37,7ac5e5a28f31dd86c79da3f7576370c2e1ab329326273d2abe8c5d19dd049fa1,2026-10-04,public-recipe-v1
RDA-90642,석이버섯단자,https://www.nics.go.kr/food/kfi/tfSrch08/view?menuId=PS03520&tfcode=90642,37,7ac5e5a28f31dd86c79da3f7576370c2e1ab329326273d2abe8c5d19dd049fa1,2026-10-04,public-recipe-v1
RDA-91878,석이볶음,https://www.nics.go.kr/food/kfi/tfSrch08/view?menuId=PS03520&tfcode=91878,37,7ac5e5a28f31dd86c79da3f7576370c2e1ab329326273d2abe8c5d19dd049fa1,2026-10-04,public-recipe-v1
RDA-91716,석이편(석이병),https://www.nics.go.kr/food/kfi/tfSrch08/view?menuId=PS03520&tfcode=91716,37,7ac5e5a28f31dd86c79da3f7576370c2e1ab329326273d2abe8c5d19dd049fa1,2026-10-04,public-recipe-v1
RDA-92353,섞박지,https://www.nics.go.kr/food/kfi/tfSrch08/view?menuId=PS03520&tfcode=92353,37,7ac5e5a28f31dd86c79da3f7576370c2e1ab329326273d2abe8c5d19dd049fa1,2026-10-04,public-recipe-v1
RDA-90470,섞박지,https://www.nics.go.kr/food/kfi/tfSrch08/view?menuId=PS03520&tfcode=90470,37,7ac5e5a28f31dd86c79da3f7576370c2e1ab329326273d2abe8c5d19dd049fa1,2026-10-04,public-recipe-v1
RDA-91315,선산약주(송로주),https://www.nics.go.kr/food/kfi/tfSrch08/view?menuId=PS03520&tfcode=91315,37,7ac5e5a28f31dd86c79da3f7576370c2e1ab329326273d2abe8c5d19dd049fa1,2026-10-04,public-recipe-v1
RDA-89735,선지국,https://www.nics.go.kr/food/kfi/tfSrch08/view?menuId=PS03520&tfcode=89735,37,7ac5e5a28f31dd86c79da3f7576370c2e1ab329326273d2abe8c5d19dd049fa1,2026-10-04,public-recipe-v1
RDA-90758,선지국(선지해장국),https://www.nics.go.kr/food/kfi/tfSrch08/view?menuId=PS03520&tfcode=90758,37,7ac5e5a28f31dd86c79da3f7576370c2e1ab329326273d2abe8c5d19dd049fa1,2026-10-04,public-recipe-v1
RDA-91375,선지국수,https://www.nics.go.kr/food/kfi/tfSrch08/view?menuId=PS03520&tfcode=91375,37,7ac5e5a28f31dd86c79da3f7576370c2e1ab329326273d2abe8c5d19dd049fa1,2026-10-04,public-recipe-v1
RDA-92400,선짓국,https://www.nics.go.kr/food/kfi/tfSrch08/view?menuId=PS03520&tfcode=92400,37,7ac5e5a28f31dd86c79da3f7576370c2e1ab329326273d2abe8c5d19dd049fa1,2026-10-04,public-recipe-v1
RDA-90419,설렁탕,https://www.nics.go.kr/food/kfi/tfSrch08/view?menuId=PS03520&tfcode=90419,37,7ac5e5a28f31dd86c79da3f7576370c2e1ab329326273d2abe8c5d19dd049fa1,2026-10-04,public-recipe-v1
RDA-90759,설렁탕,https://www.nics.go.kr/food/kfi/tfSrch08/view?menuId=PS03520&tfcode=90759,37,7ac5e5a28f31dd86c79da3f7576370c2e1ab329326273d2abe8c5d19dd049fa1,2026-10-04,public-recipe-v1
RDA-90535,섭산적,https://www.nics.go.kr/food/kfi/tfSrch08/view?menuId=PS03520&tfcode=90535,37,7ac5e5a28f31dd86c79da3f7576370c2e1ab329326273d2abe8c5d19dd049fa1,2026-10-04,public-recipe-v1
RDA-91601,성게달걀찜(앙장구달걀찜),https://www.nics.go.kr/food/kfi/tfSrch08/view?menuId=PS03520&tfcode=91601,37,7ac5e5a28f31dd86c79da3f7576370c2e1ab329326273d2abe8c5d19dd049fa1,2026-10-04,public-recipe-v1
RDA-92594,성게알탕국,https://www.nics.go.kr/food/kfi/tfSrch08/view?menuId=PS03520&tfcode=92594,37,7ac5e5a28f31dd86c79da3f7576370c2e1ab329326273d2abe8c5d19dd049fa1,2026-10-04,public-recipe-v1
RDA-89736,세모국〈방법2〉,https://www.nics.go.kr/food/kfi/tfSrch08/view?menuId=PS03520&tfcode=89736,37,7ac5e5a28f31dd86c79da3f7576370c2e1ab329326273d2abe8c5d19dd049fa1,2026-10-04,public-recipe-v1
RDA-90025,소라구이(구쟁기구이),https://www.nics.go.kr/food/kfi/tfSrch08/view?menuId=PS03520&tfcode=90025,37,7ac5e5a28f31dd86c79da3f7576370c2e1ab329326273d2abe8c5d19dd049fa1,2026-10-04,public-recipe-v1
RDA-90086,소라젓(구쟁이젓),https://www.nics.go.kr/food/kfi/tfSrch08/view?menuId=PS03520&tfcode=90086,37,7ac5e5a28f31dd86c79da3f7576370c2e1ab329326273d2abe8c5d19dd049fa1,2026-10-04,public-recipe-v1
RDA-91538,소라조림,https://www.nics.go.kr/food/kfi/tfSrch08/view?menuId=PS03520&tfcode=91538,37,7ac5e5a28f31dd86c79da3f7576370c2e1ab329326273d2abe8c5d19dd049fa1,2026-10-04,public-recipe-v1
RDA-90051,소라회(구쟁기회),https://www.nics.go.kr/food/kfi/tfSrch08/view?menuId=PS03520&tfcode=90051,37,7ac5e5a28f31dd86c79da3f7576370c2e1ab329326273d2abe8c5d19dd049fa1,2026-10-04,public-recipe-v1
RDA-89824,소라회무침,https://www.nics.go.kr/food/kfi/tfSrch08/view?menuId=PS03520&tfcode=89824,37,7ac5e5a28f31dd86c79da3f7576370c2e1ab329326273d2abe8c5d19dd049fa1,2026-10-04,public-recipe-v1
RDA-89554,소백산버섯전골,https://www.nics.go.kr/food/kfi/tfSrch08/view?menuId=PS03520&tfcode=89554,37,7ac5e5a28f31dd86c79da3f7576370c2e1ab329326273d2abe8c5d19dd049fa1,2026-10-04,public-recipe-v1
RDA-89499,소백산산채비빔밥,https://www.nics.go.kr/food/kfi/tfSrch08/view?menuId=PS03520&tfcode=89499,37,7ac5e5a28f31dd86c79da3f7576370c2e1ab329326273d2abe8c5d19dd049fa1,2026-10-04,public-recipe-v1
RDA-90613,속대장아찌,https://www.nics.go.kr/food/kfi/tfSrch08/view?menuId=PS03520&tfcode=90613,37,7ac5e5a28f31dd86c79da3f7576370c2e1ab329326273d2abe8c5d19dd049fa1,2026-10-04,public-recipe-v1
RDA-91266,속말이인절미,https://www.nics.go.kr/food/kfi/tfSrch08/view?menuId=PS03520&tfcode=91266,37,7ac5e5a28f31dd86c79da3f7576370c2e1ab329326273d2abe8c5d19dd049fa1,2026-10-04,public-recipe-v1
RDA-91484,솎음배추겉절이(배추겉절이),https://www.nics.go.kr/food/kfi/tfSrch08/view?menuId=PS03520&tfcode=91484,37,7ac5e5a28f31dd86c79da3f7576370c2e1ab329326273d2abe8c5d19dd049fa1,2026-10-04,public-recipe-v1
RDA-91001,손닭국수,https://www.nics.go.kr/food/kfi/tfSrch08/view?menuId=PS03520&tfcode=91001,37,7ac5e5a28f31dd86c79da3f7576370c2e1ab329326273d2abe8c5d19dd049fa1,2026-10-04,public-recipe-v1
RDA-90216,솔버섯집나물,https://www.nics.go.kr/food/kfi/tfSrch08/view?menuId=PS03520&tfcode=90216,38,e96143326c97256c546c686625cb22b9d6cf032643dd1421387d9a4af8325a68,2026-10-04,public-recipe-v1
RDA-92029,솔순차,https://www.nics.go.kr/food/kfi/tfSrch08/view?menuId=PS03520&tfcode=92029,38,e96143326c97256c546c686625cb22b9d6cf032643dd1421387d9a4af8325a68,2026-10-04,public-recipe-v1
RDA-89809,솔잎닭찜,https://www.nics.go.kr/food/kfi/tfSrch08/view?menuId=PS03520&tfcode=89809,38,e96143326c97256c546c686625cb22b9d6cf032643dd1421387d9a4af8325a68,2026-10-04,public-recipe-v1
RDA-89897,솔잎동동주,https://www.nics.go.kr/food/kfi/tfSrch08/view?menuId=PS03520&tfcode=89897,38,e96143326c97256c546c686625cb22b9d6cf032643dd1421387d9a4af8325a68,2026-10-04,public-recipe-v1
RDA-92041,솔잎동동주 <방법1>,https://www.nics.go.kr/food/kfi/tfSrch08/view?menuId=PS03520&tfcode=92041,38,e96143326c97256c546c686625cb22b9d6cf032643dd1421387d9a4af8325a68,2026-10-04,public-recipe-v1
RDA-92037,솔잎동동주 <방법2>,https://www.nics.go.kr/food/kfi/tfSrch08/view?menuId=PS03520&tfcode=92037,38,e96143326c97256c546c686625cb22b9d6cf032643dd1421387d9a4af8325a68,2026-10-04,public-recipe-v1
RDA-89676,솔잎주(송엽주),https://www.nics.go.kr/food/kfi/tfSrch08/view?menuId=PS03520&tfcode=89676,38,e96143326c97256c546c686625cb22b9d6cf032643dd1421387d9a4af8325a68,2026-10-04,public-recipe-v1
RDA-90129,"솔잎주(송엽주, 솔섶주)",https://www.nics.go.kr/food/kfi/tfSrch08/view?menuId=PS03520&tfcode=90129,38,e96143326c97256c546c686625cb22b9d6cf032643dd1421387d9a4af8325a68,2026-10-04,public-recipe-v1
RDA-92078,솔잎죽,https://www.nics.go.kr/food/kfi/tfSrch08/view?menuId=PS03520&tfcode=92078,38,e96143326c97256c546c686625cb22b9d6cf032643dd1421387d9a4af8325a68,2026-10-04,public-recipe-v1
RDA-91741,솔잎차,https://www.nics.go.kr/food/kfi/tfSrch08/view?menuId=PS03520&tfcode=91741,38,e96143326c97256c546c686625cb22b9d6cf032643dd1421387d9a4af8325a68,2026-10-04,public-recipe-v1
RDA-90699,솔잎차,https://www.nics.go.kr/food/kfi/tfSrch08/view?menuId=PS03520&tfcode=90699,38,e96143326c97256c546c686625cb22b9d6cf032643dd1421387d9a4af8325a68,2026-10-04,public-recipe-v1
RDA-89898,솔잎찹쌀동동주,https://www.nics.go.kr/food/kfi/tfSrch08/view?menuId=PS03520&tfcode=89898,38,e96143326c97256c546c686625cb22b9d6cf032643dd1421387d9a4af8325a68,2026-10-04,public-recipe-v1
RDA-90299,송기떡(생키떡),https://www.nics.go.kr/food/kfi/tfSrch08/view?menuId=PS03520&tfcode=90299,38,e96143326c97256c546c686625cb22b9d6cf032643dd1421387d9a4af8325a68,2026-10-04,public-recipe-v1
RDA-92736,송기떡(송기송편),https://www.nics.go.kr/food/kfi/tfSrch08/view?menuId=PS03520&tfcode=92736,38,e96143326c97256c546c686625cb22b9d6cf032643dd1421387d9a4af8325a68,2026-10-04,public-recipe-v1
RDA-89865,송기떡(송기송편),https://www.nics.go.kr/food/kfi/tfSrch08/view?menuId=PS03520&tfcode=89865,38,e96143326c97256c546c686625cb22b9d6cf032643dd1421387d9a4af8325a68,2026-10-04,public-recipe-v1
RDA-91041,송이맑은국,https://www.nics.go.kr/food/kfi/tfSrch08/view?menuId=PS03520&tfcode=91041,38,e96143326c97256c546c686625cb22b9d6cf032643dd1421387d9a4af8325a68,2026-10-04,public-recipe-v1
RDA-91852,송이버섯전골,https://www.nics.go.kr/food/kfi/tfSrch08/view?menuId=PS03520&tfcode=91852,38,e96143326c97256c546c686625cb22b9d6cf032643dd1421387d9a4af8325a68,2026-10-04,public-recipe-v1
RDA-91879,송이볶음,https://www.nics.go.kr/food/kfi/tfSrch08/view?menuId=PS03520&tfcode=91879,38,e96143326c97256c546c686625cb22b9d6cf032643dd1421387d9a4af8325a68,2026-10-04,public-recipe-v1
RDA-91890,송이산적,https://www.nics.go.kr/food/kfi/tfSrch08/view?menuId=PS03520&tfcode=91890,38,e96143326c97256c546c686625cb22b9d6cf032643dd1421387d9a4af8325a68,2026-10-04,public-recipe-v1
RDA-90536,송이산적,https://www.nics.go.kr/food/kfi/tfSrch08/view?menuId=PS03520&tfcode=90536,38,e96143326c97256c546c686625cb22b9d6cf032643dd1421387d9a4af8325a68,2026-10-04,public-recipe-v1
RDA-91923,송이장아찌,https://www.nics.go.kr/food/kfi/tfSrch08/view?menuId=PS03520&tfcode=91923,38,e96143326c97256c546c686625cb22b9d6cf032643dd1421387d9a4af8325a68,2026-10-04,public-recipe-v1
RDA-91007,송이칼국수,https://www.nics.go.kr/food/kfi/tfSrch08/view?menuId=PS03520&tfcode=91007,38,e96143326c97256c546c686625cb22b9d6cf032643dd1421387d9a4af8325a68,2026-10-04,public-recipe-v1
RDA-89889,송차,https://www.nics.go.kr/food/kfi/tfSrch08/view?menuId=PS03520&tfcode=89889,38,e96143326c97256c546c686625cb22b9d6cf032643dd1421387d9a4af8325a68,2026-10-04,public-recipe-v1
RDA-90927,송편,https://www.nics.go.kr/food/kfi/tfSrch08/view?menuId=PS03520&tfcode=90927,38,e96143326c97256c546c686625cb22b9d6cf032643dd1421387d9a4af8325a68,2026-10-04,public-recipe-v1
RDA-92442,송편,https://www.nics.go.kr/food/kfi/tfSrch08/view?menuId=PS03520&tfcode=92442,38,e96143326c97256c546c686625cb22b9d6cf032643dd1421387d9a4af8325a68,2026-10-04,public-recipe-v1
RDA-91982,송화고물경단,https://www.nics.go.kr/food/kfi/tfSrch08/view?menuId=PS03520&tfcode=91982,38,e96143326c97256c546c686625cb22b9d6cf032643dd1421387d9a4af8325a68,2026-10-04,public-recipe-v1
RDA-90930,송화다식,https://www.nics.go.kr/food/kfi/tfSrch08/view?menuId=PS03520&tfcode=90930,38,e96143326c97256c546c686625cb22b9d6cf032643dd1421387d9a4af8325a68,2026-10-04,public-recipe-v1
RDA-91302,송화밀수,https://www.nics.go.kr/food/kfi/tfSrch08/view?menuId=PS03520&tfcode=91302,38,e96143326c97256c546c686625cb22b9d6cf032643dd1421387d9a4af8325a68,2026-10-04,public-recipe-v1
RDA-89866,송화솔잎경단,https://www.nics.go.kr/food/kfi/tfSrch08/view?menuId=PS03520&tfcode=89866,38,e96143326c97256c546c686625cb22b9d6cf032643dd1421387d9a4af8325a68,2026-10-04,public-recipe-v1
RDA-89867,송화솔잎절편,https://www.nics.go.kr/food/kfi/tfSrch08/view?menuId=PS03520&tfcode=89867,38,e96143326c97256c546c686625cb22b9d6cf032643dd1421387d9a4af8325a68,2026-10-04,public-recipe-v1
RDA-89880,송화쌀엿(솔꽃쌀엿),https://www.nics.go.kr/food/kfi/tfSrch08/view?menuId=PS03520&tfcode=89880,38,e96143326c97256c546c686625cb22b9d6cf032643dd1421387d9a4af8325a68,2026-10-04,public-recipe-v1
RDA-90834,쇠갈비구이,https://www.nics.go.kr/food/kfi/tfSrch08/view?menuId=PS03520&tfcode=90834,38,e96143326c97256c546c686625cb22b9d6cf032643dd1421387d9a4af8325a68,2026-10-04,public-recipe-v1
RDA-90889,쇠갈비찜 <방법2>,https://www.nics.go.kr/food/kfi/tfSrch08/view?menuId=PS03520&tfcode=90889,38,e96143326c97256c546c686625cb22b9d6cf032643dd1421387d9a4af8325a68,2026-10-04,public-recipe-v1
RDA-92630,쇠갈비찜 [방법1],https://www.nics.go.kr/food/kfi/tfSrch08/view?menuId=PS03520&tfcode=92630,38,e96143326c97256c546c686625cb22b9d6cf032643dd1421387d9a4af8325a68,2026-10-04,public-recipe-v1
RDA-90890,쇠고기떡찜,https://www.nics.go.kr/food/kfi/tfSrch08/view?menuId=PS03520&tfcode=90890,38,e96143326c97256c546c686625cb22b9d6cf032643dd1421387d9a4af8325a68,2026-10-04,public-recipe-v1
RDA-90421,쇠고기맑은장국,https://www.nics.go.kr/food/kfi/tfSrch08/view?menuId=PS03520&tfcode=90421,38,e96143326c97256c546c686625cb22b9d6cf032643dd1421387d9a4af8325a68,2026-10-04,public-recipe-v1
RDA-92672,쇠고기불고기(너비아니) [방법2],https://www.nics.go.kr/food/kfi/tfSrch08/view?menuId=PS03520&tfcode=92672,38,e96143326c97256c546c686625cb22b9d6cf032643dd1421387d9a4af8325a68,2026-10-04,public-recipe-v1
RDA-91568,쇠고기산적,https://www.nics.go.kr/food/kfi/tfSrch08/view?menuId=PS03520&tfcode=91568,38,e96143326c97256c546c686625cb22b9d6cf032643dd1421387d9a4af8325a68,2026-10-04,public-recipe-v1
RDA-92371,쇠고기산적(섭산적),https://www.nics.go.kr/food/kfi/tfSrch08/view?menuId=PS03520&tfcode=92371,38,e96143326c97256c546c686625cb22b9d6cf032643dd1421387d9a4af8325a68,2026-10-04,public-recipe-v1
RDA-90026,쇠고기산적(쇠고기적갈),https://www.nics.go.kr/food/kfi/tfSrch08/view?menuId=PS03520&tfcode=90026,38,e96143326c97256c546c686625cb22b9d6cf032643dd1421387d9a4af8325a68,2026-10-04,public-recipe-v1
RDA-91180,쇠고기육회,https://www.nics.go.kr/food/kfi/tfSrch08/view?menuId=PS03520&tfcode=91180,38,e96143326c97256c546c686625cb22b9d6cf032643dd1421387d9a4af8325a68,2026-10-04,public-recipe-v1
RDA-92209,쇠고기육회,https://www.nics.go.kr/food/kfi/tfSrch08/view?menuId=PS03520&tfcode=92209,38,e96143326c97256c546c686625cb22b9d6cf032643dd1421387d9a4af8325a68,2026-10-04,public-recipe-v1
RDA-92411,쇠고기전,https://www.nics.go.kr/food/kfi/tfSrch08/view?menuId=PS03520&tfcode=92411,38,e96143326c97256c546c686625cb22b9d6cf032643dd1421387d9a4af8325a68,2026-10-04,public-recipe-v1
RDA-92536,쇠고기죽,https://www.nics.go.kr/food/kfi/tfSrch08/view?menuId=PS03520&tfcode=92536,38,e96143326c97256c546c686625cb22b9d6cf032643dd1421387d9a4af8325a68,2026-10-04,public-recipe-v1
RDA-91476,쇠미역무침(곰피무침),https://www.nics.go.kr/food/kfi/tfSrch08/view?menuId=PS03520&tfcode=91476,38,e96143326c97256c546c686625cb22b9d6cf032643dd1421387d9a4af8325a68,2026-10-04,public-recipe-v1
RDA-91911,쇠미역부각,https://www.nics.go.kr/food/kfi/tfSrch08/view?menuId=PS03520&tfcode=91911,38,e96143326c97256c546c686625cb22b9d6cf032643dd1421387d9a4af8325a68,2026-10-04,public-recipe-v1
RDA-91583,쇠미역찜(곰피찜),https://www.nics.go.kr/food/kfi/tfSrch08/view?menuId=PS03520&tfcode=91583,38,e96143326c97256c546c686625cb22b9d6cf032643dd1421387d9a4af8325a68,2026-10-04,public-recipe-v1
RDA-91489,쇠미역콩나물무침(곰피콩나물무침),https://www.nics.go.kr/food/kfi/tfSrch08/view?menuId=PS03520&tfcode=91489,38,e96143326c97256c546c686625cb22b9d6cf032643dd1421387d9a4af8325a68,2026-10-04,public-recipe-v1
RDA-91983,수리취개피떡,https://www.nics.go.kr/food/kfi/tfSrch08/view?menuId=PS03520&tfcode=91983,38,e96143326c97256c546c686625cb22b9d6cf032643dd1421387d9a4af8325a68,2026-10-04,public-recipe-v1
RDA-92569,수리취떡,https://www.nics.go.kr/food/kfi/tfSrch08/view?menuId=PS03520&tfcode=92569,38,e96143326c97256c546c686625cb22b9d6cf032643dd1421387d9a4af8325a68,2026-10-04,public-recipe-v1
RDA-89637,수리취인절미,https://www.nics.go.kr/food/kfi/tfSrch08/view?menuId=PS03520&tfcode=89637,38,e96143326c97256c546c686625cb22b9d6cf032643dd1421387d9a4af8325a68,2026-10-04,public-recipe-v1
RDA-91085,수박나물,https://www.nics.go.kr/food/kfi/tfSrch08/view?menuId=PS03520&tfcode=91085,38,e96143326c97256c546c686625cb22b9d6cf032643dd1421387d9a4af8325a68,2026-10-04,public-recipe-v1
RDA-92335,수박나물,https://www.nics.go.kr/food/kfi/tfSrch08/view?menuId=PS03520&tfcode=92335,38,e96143326c97256c546c686625cb22b9d6cf032643dd1421387d9a4af8325a68,2026-10-04,public-recipe-v1
RDA-92268,수수경단,https://www.nics.go.kr/food/kfi/tfSrch08/view?menuId=PS03520&tfcode=92268,38,e96143326c97256c546c686625cb22b9d6cf032643dd1421387d9a4af8325a68,2026-10-04,public-recipe-v1
RDA-89900,수수동동주,https://www.nics.go.kr/food/kfi/tfSrch08/view?menuId=PS03520&tfcode=89900,38,e96143326c97256c546c686625cb22b9d6cf032643dd1421387d9a4af8325a68,2026-10-04,public-recipe-v1
RDA-90657,수수부꾸미,https://www.nics.go.kr/food/kfi/tfSrch08/view?menuId=PS03520&tfcode=90657,38,e96143326c97256c546c686625cb22b9d6cf032643dd1421387d9a4af8325a68,2026-10-04,public-recipe-v1
RDA-89639,수수부꾸미 <방법2 : 삼색부꾸미>,https://www.nics.go.kr/food/kfi/tfSrch08/view?menuId=PS03520&tfcode=89639,38,e96143326c97256c546c686625cb22b9d6cf032643dd1421387d9a4af8325a68,2026-10-04,public-recipe-v1
RDA-91733,수수엿강정,https://www.nics.go.kr/food/kfi/tfSrch08/view?menuId=PS03520&tfcode=91733,38,e96143326c97256c546c686625cb22b9d6cf032643dd1421387d9a4af8325a68,2026-10-04,public-recipe-v1
RDA-91269,수수전병(수수부꾸미),https://www.nics.go.kr/food/kfi/tfSrch08/view?menuId=PS03520&tfcode=91269,38,e96143326c97256c546c686625cb22b9d6cf032643dd1421387d9a4af8325a68,2026-10-04,public-recipe-v1
RDA-91734,수수조청(수수엿),https://www.nics.go.kr/food/kfi/tfSrch08/view?menuId=PS03520&tfcode=91734,38,e96143326c97256c546c686625cb22b9d6cf032643dd1421387d9a4af8325a68,2026-10-04,public-recipe-v1
RDA-89512,수수풀떼기(수수풀떼),https://www.nics.go.kr/food/kfi/tfSrch08/view?menuId=PS03520&tfcode=89512,38,e96143326c97256c546c686625cb22b9d6cf032643dd1421387d9a4af8325a68,2026-10-04,public-recipe-v1
RDA-91303,수정과,https://www.nics.go.kr/food/kfi/tfSrch08/view?menuId=PS03520&tfcode=91303,38,e96143326c97256c546c686625cb22b9d6cf032643dd1421387d9a4af8325a68,2026-10-04,public-recipe-v1
RDA-92389,수정과,https://www.nics.go.kr/food/kfi/tfSrch08/view?menuId=PS03520&tfcode=92389,38,e96143326c97256c546c686625cb22b9d6cf032643dd1421387d9a4af8325a68,2026-10-04,public-recipe-v1
RDA-90936,수정과,https://www.nics.go.kr/food/kfi/tfSrch08/view?menuId=PS03520&tfcode=90936,38,e96143326c97256c546c686625cb22b9d6cf032643dd1421387d9a4af8325a68,2026-10-04,public-recipe-v1
RDA-90471,숙김치(삶은김치),https://www.nics.go.kr/food/kfi/tfSrch08/view?menuId=PS03520&tfcode=90471,38,e96143326c97256c546c686625cb22b9d6cf032643dd1421387d9a4af8325a68,2026-10-04,public-recipe-v1
RDA-89565,순무밴댕이김치,https://www.nics.go.kr/food/kfi/tfSrch08/view?menuId=PS03520&tfcode=89565,38,e96143326c97256c546c686625cb22b9d6cf032643dd1421387d9a4af8325a68,2026-10-04,public-recipe-v1
RDA-90314,순창산자(유과),https://www.nics.go.kr/food/kfi/tfSrch08/view?menuId=PS03520&tfcode=90314,38,e96143326c97256c546c686625cb22b9d6cf032643dd1421387d9a4af8325a68,2026-10-04,public-recipe-v1
RDA-90338,순창찹쌀고추장,https://www.nics.go.kr/food/kfi/tfSrch08/view?menuId=PS03520&tfcode=90338,38,e96143326c97256c546c686625cb22b9d6cf032643dd1421387d9a4af8325a68,2026-10-04,public-recipe-v1
RDA-91602,숭어국찜,https://www.nics.go.kr/food/kfi/tfSrch08/view?menuId=PS03520&tfcode=91602,38,e96143326c97256c546c686625cb22b9d6cf032643dd1421387d9a4af8325a68,2026-10-04,public-recipe-v1
RDA-90578,숭어회,https://www.nics.go.kr/food/kfi/tfSrch08/view?menuId=PS03520&tfcode=90578,38,e96143326c97256c546c686625cb22b9d6cf032643dd1421387d9a4af8325a68,2026-10-04,public-recipe-v1
RDA-91428,시래기국(돼지고기시래기국),https://www.nics.go.kr/food/kfi/tfSrch08/view?menuId=PS03520&tfcode=91428,39,e869ec68b2bf80ef7f75c0c07decdc3bf479870a13ddb69ea944fdedd136b9b3,2026-10-04,public-recipe-v1
RDA-90363,시래기죽,https://www.nics.go.kr/food/kfi/tfSrch08/view?menuId=PS03520&tfcode=90363,39,e869ec68b2bf80ef7f75c0c07decdc3bf479870a13ddb69ea944fdedd136b9b3,2026-10-04,public-recipe-v1
RDA-92506,시래깃국(실가리국),https://www.nics.go.kr/food/kfi/tfSrch08/view?menuId=PS03520&tfcode=92506,39,e869ec68b2bf80ef7f75c0c07decdc3bf479870a13ddb69ea944fdedd136b9b3,2026-10-04,public-recipe-v1
RDA-92726,"시루떡(쌀시루떡, 곤침떡)",https://www.nics.go.kr/food/kfi/tfSrch08/view?menuId=PS03520&tfcode=92726,39,e869ec68b2bf80ef7f75c0c07decdc3bf479870a13ddb69ea944fdedd136b9b3,2026-10-04,public-recipe-v1
RDA-91270,"시무잎떡(스무나무잎떡, 스무잎떡)",https://www.nics.go.kr/food/kfi/tfSrch08/view?menuId=PS03520&tfcode=91270,39,e869ec68b2bf80ef7f75c0c07decdc3bf479870a13ddb69ea944fdedd136b9b3,2026-10-04,public-recipe-v1
RDA-92293,식혜 [방법1],https://www.nics.go.kr/food/kfi/tfSrch08/view?menuId=PS03520&tfcode=92293,39,e869ec68b2bf80ef7f75c0c07decdc3bf479870a13ddb69ea944fdedd136b9b3,2026-10-04,public-recipe-v1
RDA-91739,식혜(단술),https://www.nics.go.kr/food/kfi/tfSrch08/view?menuId=PS03520&tfcode=91739,39,e869ec68b2bf80ef7f75c0c07decdc3bf479870a13ddb69ea944fdedd136b9b3,2026-10-04,public-recipe-v1
RDA-92292,식혜[방법2],https://www.nics.go.kr/food/kfi/tfSrch08/view?menuId=PS03520&tfcode=92292,39,e869ec68b2bf80ef7f75c0c07decdc3bf479870a13ddb69ea944fdedd136b9b3,2026-10-04,public-recipe-v1
RDA-91752,신선주,https://www.nics.go.kr/food/kfi/tfSrch08/view?menuId=PS03520&tfcode=91752,39,e869ec68b2bf80ef7f75c0c07decdc3bf479870a13ddb69ea944fdedd136b9b3,2026-10-04,public-recipe-v1
RDA-89738,싱어아욱국(세화아욱국),https://www.nics.go.kr/food/kfi/tfSrch08/view?menuId=PS03520&tfcode=89738,39,e869ec68b2bf80ef7f75c0c07decdc3bf479870a13ddb69ea944fdedd136b9b3,2026-10-04,public-recipe-v1
RDA-92159,싸리버섯무침,https://www.nics.go.kr/food/kfi/tfSrch08/view?menuId=PS03520&tfcode=92159,39,e869ec68b2bf80ef7f75c0c07decdc3bf479870a13ddb69ea944fdedd136b9b3,2026-10-04,public-recipe-v1
RDA-92423,쌀강정,https://www.nics.go.kr/food/kfi/tfSrch08/view?menuId=PS03520&tfcode=92423,39,e869ec68b2bf80ef7f75c0c07decdc3bf479870a13ddb69ea944fdedd136b9b3,2026-10-04,public-recipe-v1
RDA-90322,쌀강정,https://www.nics.go.kr/food/kfi/tfSrch08/view?menuId=PS03520&tfcode=90322,39,e869ec68b2bf80ef7f75c0c07decdc3bf479870a13ddb69ea944fdedd136b9b3,2026-10-04,public-recipe-v1
RDA-92305,쌀막걸리,https://www.nics.go.kr/food/kfi/tfSrch08/view?menuId=PS03520&tfcode=92305,39,e869ec68b2bf80ef7f75c0c07decdc3bf479870a13ddb69ea944fdedd136b9b3,2026-10-04,public-recipe-v1
RDA-90336,쌀술,https://www.nics.go.kr/food/kfi/tfSrch08/view?menuId=PS03520&tfcode=90336,39,e869ec68b2bf80ef7f75c0c07decdc3bf479870a13ddb69ea944fdedd136b9b3,2026-10-04,public-recipe-v1
RDA-89652,쌀약과,https://www.nics.go.kr/food/kfi/tfSrch08/view?menuId=PS03520&tfcode=89652,39,e869ec68b2bf80ef7f75c0c07decdc3bf479870a13ddb69ea944fdedd136b9b3,2026-10-04,public-recipe-v1
RDA-92443,쌀엿,https://www.nics.go.kr/food/kfi/tfSrch08/view?menuId=PS03520&tfcode=92443,39,e869ec68b2bf80ef7f75c0c07decdc3bf479870a13ddb69ea944fdedd136b9b3,2026-10-04,public-recipe-v1
RDA-91735,쌀엿,https://www.nics.go.kr/food/kfi/tfSrch08/view?menuId=PS03520&tfcode=91735,39,e869ec68b2bf80ef7f75c0c07decdc3bf479870a13ddb69ea944fdedd136b9b3,2026-10-04,public-recipe-v1
RDA-91295,쌀엿(매화장수쌀엿),https://www.nics.go.kr/food/kfi/tfSrch08/view?menuId=PS03520&tfcode=91295,39,e869ec68b2bf80ef7f75c0c07decdc3bf479870a13ddb69ea944fdedd136b9b3,2026-10-04,public-recipe-v1
RDA-92282,쌀조청,https://www.nics.go.kr/food/kfi/tfSrch08/view?menuId=PS03520&tfcode=92282,39,e869ec68b2bf80ef7f75c0c07decdc3bf479870a13ddb69ea944fdedd136b9b3,2026-10-04,public-recipe-v1
RDA-91376,쌀죽수제비,https://www.nics.go.kr/food/kfi/tfSrch08/view?menuId=PS03520&tfcode=91376,39,e869ec68b2bf80ef7f75c0c07decdc3bf479870a13ddb69ea944fdedd136b9b3,2026-10-04,public-recipe-v1
RDA-90938,쌈장,https://www.nics.go.kr/food/kfi/tfSrch08/view?menuId=PS03520&tfcode=90938,39,e869ec68b2bf80ef7f75c0c07decdc3bf479870a13ddb69ea944fdedd136b9b3,2026-10-04,public-recipe-v1
RDA-92468,쏘가리매운탕,https://www.nics.go.kr/food/kfi/tfSrch08/view?menuId=PS03520&tfcode=92468,39,e869ec68b2bf80ef7f75c0c07decdc3bf479870a13ddb69ea944fdedd136b9b3,2026-10-04,public-recipe-v1
RDA-90423,쏘가리매운탕,https://www.nics.go.kr/food/kfi/tfSrch08/view?menuId=PS03520&tfcode=90423,39,e869ec68b2bf80ef7f75c0c07decdc3bf479870a13ddb69ea944fdedd136b9b3,2026-10-04,public-recipe-v1
RDA-92110,쏨뱅이매운탕,https://www.nics.go.kr/food/kfi/tfSrch08/view?menuId=PS03520&tfcode=92110,39,e869ec68b2bf80ef7f75c0c07decdc3bf479870a13ddb69ea944fdedd136b9b3,2026-10-04,public-recipe-v1
RDA-90820,쑥갓나물,https://www.nics.go.kr/food/kfi/tfSrch08/view?menuId=PS03520&tfcode=90820,39,e869ec68b2bf80ef7f75c0c07decdc3bf479870a13ddb69ea944fdedd136b9b3,2026-10-04,public-recipe-v1
RDA-90300,쑥개떡,https://www.nics.go.kr/food/kfi/tfSrch08/view?menuId=PS03520&tfcode=90300,39,e869ec68b2bf80ef7f75c0c07decdc3bf479870a13ddb69ea944fdedd136b9b3,2026-10-04,public-recipe-v1
RDA-91988,쑥개떡,https://www.nics.go.kr/food/kfi/tfSrch08/view?menuId=PS03520&tfcode=91988,39,e869ec68b2bf80ef7f75c0c07decdc3bf479870a13ddb69ea944fdedd136b9b3,2026-10-04,public-recipe-v1
RDA-92263,쑥개떡,https://www.nics.go.kr/food/kfi/tfSrch08/view?menuId=PS03520&tfcode=92263,39,e869ec68b2bf80ef7f75c0c07decdc3bf479870a13ddb69ea944fdedd136b9b3,2026-10-04,public-recipe-v1
RDA-91718,"쑥구리(쑥굴레, 쑥굴림떡)",https://www.nics.go.kr/food/kfi/tfSrch08/view?menuId=PS03520&tfcode=91718,39,e869ec68b2bf80ef7f75c0c07decdc3bf479870a13ddb69ea944fdedd136b9b3,2026-10-04,public-recipe-v1
RDA-90643,쑥구리단자,https://www.nics.go.kr/food/kfi/tfSrch08/view?menuId=PS03520&tfcode=90643,39,e869ec68b2bf80ef7f75c0c07decdc3bf479870a13ddb69ea944fdedd136b9b3,2026-10-04,public-recipe-v1
RDA-89679,쑥된장,https://www.nics.go.kr/food/kfi/tfSrch08/view?menuId=PS03520&tfcode=89679,39,e869ec68b2bf80ef7f75c0c07decdc3bf479870a13ddb69ea944fdedd136b9b3,2026-10-04,public-recipe-v1
RDA-90238,쑥밀전병(쑥부치개),https://www.nics.go.kr/food/kfi/tfSrch08/view?menuId=PS03520&tfcode=90238,39,e869ec68b2bf80ef7f75c0c07decdc3bf479870a13ddb69ea944fdedd136b9b3,2026-10-04,public-recipe-v1
RDA-90143,쑥밥,https://www.nics.go.kr/food/kfi/tfSrch08/view?menuId=PS03520&tfcode=90143,39,e869ec68b2bf80ef7f75c0c07decdc3bf479870a13ddb69ea944fdedd136b9b3,2026-10-04,public-recipe-v1
RDA-92444,쑥밥,https://www.nics.go.kr/food/kfi/tfSrch08/view?menuId=PS03520&tfcode=92444,39,e869ec68b2bf80ef7f75c0c07decdc3bf479870a13ddb69ea944fdedd136b9b3,2026-10-04,public-recipe-v1
RDA-91772,쑥밥,https://www.nics.go.kr/food/kfi/tfSrch08/view?menuId=PS03520&tfcode=91772,39,e869ec68b2bf80ef7f75c0c07decdc3bf479870a13ddb69ea944fdedd136b9b3,2026-10-04,public-recipe-v1
RDA-89917,쑥밥,https://www.nics.go.kr/food/kfi/tfSrch08/view?menuId=PS03520&tfcode=89917,39,e869ec68b2bf80ef7f75c0c07decdc3bf479870a13ddb69ea944fdedd136b9b3,2026-10-04,public-recipe-v1
RDA-90957,쑥밥,https://www.nics.go.kr/food/kfi/tfSrch08/view?menuId=PS03520&tfcode=90957,39,e869ec68b2bf80ef7f75c0c07decdc3bf479870a13ddb69ea944fdedd136b9b3,2026-10-04,public-recipe-v1
RDA-91979,쑥버무리,https://www.nics.go.kr/food/kfi/tfSrch08/view?menuId=PS03520&tfcode=91979,39,e869ec68b2bf80ef7f75c0c07decdc3bf479870a13ddb69ea944fdedd136b9b3,2026-10-04,public-recipe-v1
RDA-92430,쑥버무리,https://www.nics.go.kr/food/kfi/tfSrch08/view?menuId=PS03520&tfcode=92430,39,e869ec68b2bf80ef7f75c0c07decdc3bf479870a13ddb69ea944fdedd136b9b3,2026-10-04,public-recipe-v1
RDA-90301,쑥버무리,https://www.nics.go.kr/food/kfi/tfSrch08/view?menuId=PS03520&tfcode=90301,39,e869ec68b2bf80ef7f75c0c07decdc3bf479870a13ddb69ea944fdedd136b9b3,2026-10-04,public-recipe-v1
RDA-91272,쑥버무리(쑥북시네),https://www.nics.go.kr/food/kfi/tfSrch08/view?menuId=PS03520&tfcode=91272,39,e869ec68b2bf80ef7f75c0c07decdc3bf479870a13ddb69ea944fdedd136b9b3,2026-10-04,public-recipe-v1
RDA-91719,쑥버무리(쑥털털이),https://www.nics.go.kr/food/kfi/tfSrch08/view?menuId=PS03520&tfcode=91719,39,e869ec68b2bf80ef7f75c0c07decdc3bf479870a13ddb69ea944fdedd136b9b3,2026-10-04,public-recipe-v1
RDA-91913,쑥부각,https://www.nics.go.kr/food/kfi/tfSrch08/view?menuId=PS03520&tfcode=91913,39,e869ec68b2bf80ef7f75c0c07decdc3bf479870a13ddb69ea944fdedd136b9b3,2026-10-04,public-recipe-v1
RDA-92160,쑥부쟁이나물,https://www.nics.go.kr/food/kfi/tfSrch08/view?menuId=PS03520&tfcode=92160,39,e869ec68b2bf80ef7f75c0c07decdc3bf479870a13ddb69ea944fdedd136b9b3,2026-10-04,public-recipe-v1
RDA-91273,쑥설기,https://www.nics.go.kr/food/kfi/tfSrch08/view?menuId=PS03520&tfcode=91273,39,e869ec68b2bf80ef7f75c0c07decdc3bf479870a13ddb69ea944fdedd136b9b3,2026-10-04,public-recipe-v1
RDA-92562,쑥설기(쑥버무리),https://www.nics.go.kr/food/kfi/tfSrch08/view?menuId=PS03520&tfcode=92562,39,e869ec68b2bf80ef7f75c0c07decdc3bf479870a13ddb69ea944fdedd136b9b3,2026-10-04,public-recipe-v1
RDA-90302,쑥송편,https://www.nics.go.kr/food/kfi/tfSrch08/view?menuId=PS03520&tfcode=90302,39,e869ec68b2bf80ef7f75c0c07decdc3bf479870a13ddb69ea944fdedd136b9b3,2026-10-04,public-recipe-v1
RDA-90163,쑥수제비,https://www.nics.go.kr/food/kfi/tfSrch08/view?menuId=PS03520&tfcode=90163,39,e869ec68b2bf80ef7f75c0c07decdc3bf479870a13ddb69ea944fdedd136b9b3,2026-10-04,public-recipe-v1
RDA-89522,쑥수제비,https://www.nics.go.kr/food/kfi/tfSrch08/view?menuId=PS03520&tfcode=89522,39,e869ec68b2bf80ef7f75c0c07decdc3bf479870a13ddb69ea944fdedd136b9b3,2026-10-04,public-recipe-v1
RDA-91989,쑥시루떡,https://www.nics.go.kr/food/kfi/tfSrch08/view?menuId=PS03520&tfcode=91989,39,e869ec68b2bf80ef7f75c0c07decdc3bf479870a13ddb69ea944fdedd136b9b3,2026-10-04,public-recipe-v1
RDA-92042,쑥약주,https://www.nics.go.kr/food/kfi/tfSrch08/view?menuId=PS03520&tfcode=92042,39,e869ec68b2bf80ef7f75c0c07decdc3bf479870a13ddb69ea944fdedd136b9b3,2026-10-04,public-recipe-v1
RDA-92294,쑥음료,https://www.nics.go.kr/food/kfi/tfSrch08/view?menuId=PS03520&tfcode=92294,39,e869ec68b2bf80ef7f75c0c07decdc3bf479870a13ddb69ea944fdedd136b9b3,2026-10-04,public-recipe-v1
RDA-89721,쑥장국(쑥생떡국),https://www.nics.go.kr/food/kfi/tfSrch08/view?menuId=PS03520&tfcode=89721,39,e869ec68b2bf80ef7f75c0c07decdc3bf479870a13ddb69ea944fdedd136b9b3,2026-10-04,public-recipe-v1
RDA-92186,쑥전,https://www.nics.go.kr/food/kfi/tfSrch08/view?menuId=PS03520&tfcode=92186,39,e869ec68b2bf80ef7f75c0c07decdc3bf479870a13ddb69ea944fdedd136b9b3,2026-10-04,public-recipe-v1
RDA-92269,쑥절편,https://www.nics.go.kr/food/kfi/tfSrch08/view?menuId=PS03520&tfcode=92269,39,e869ec68b2bf80ef7f75c0c07decdc3bf479870a13ddb69ea944fdedd136b9b3,2026-10-04,public-recipe-v1
RDA-91425,쑥콩국,https://www.nics.go.kr/food/kfi/tfSrch08/view?menuId=PS03520&tfcode=91425,39,e869ec68b2bf80ef7f75c0c07decdc3bf479870a13ddb69ea944fdedd136b9b3,2026-10-04,public-recipe-v1
RDA-90979,쑥콩죽,https://www.nics.go.kr/food/kfi/tfSrch08/view?menuId=PS03520&tfcode=90979,39,e869ec68b2bf80ef7f75c0c07decdc3bf479870a13ddb69ea944fdedd136b9b3,2026-10-04,public-recipe-v1
RDA-89773,씀바귀김치,https://www.nics.go.kr/food/kfi/tfSrch08/view?menuId=PS03520&tfcode=89773,39,e869ec68b2bf80ef7f75c0c07decdc3bf479870a13ddb69ea944fdedd136b9b3,2026-10-04,public-recipe-v1
RDA-90484,씀바귀나물,https://www.nics.go.kr/food/kfi/tfSrch08/view?menuId=PS03520&tfcode=90484,39,e869ec68b2bf80ef7f75c0c07decdc3bf479870a13ddb69ea944fdedd136b9b3,2026-10-04,public-recipe-v1
RDA-92161,씀바귀나물(싸랑부리나물),https://www.nics.go.kr/food/kfi/tfSrch08/view?menuId=PS03520&tfcode=92161,39,e869ec68b2bf80ef7f75c0c07decdc3bf479870a13ddb69ea944fdedd136b9b3,2026-10-04,public-recipe-v1
RDA-91990,씨종자떡(씨종지떡),https://www.nics.go.kr/food/kfi/tfSrch08/view?menuId=PS03520&tfcode=91990,39,e869ec68b2bf80ef7f75c0c07decdc3bf479870a13ddb69ea944fdedd136b9b3,2026-10-04,public-recipe-v1
RDA-91521,아귀불고기,https://www.nics.go.kr/food/kfi/tfSrch08/view?menuId=PS03520&tfcode=91521,39,e869ec68b2bf80ef7f75c0c07decdc3bf479870a13ddb69ea944fdedd136b9b3,2026-10-04,public-recipe-v1
RDA-90153,아욱죽,https://www.nics.go.kr/food/kfi/tfSrch08/view?menuId=PS03520&tfcode=90153,39,e869ec68b2bf80ef7f75c0c07decdc3bf479870a13ddb69ea944fdedd136b9b3,2026-10-04,public-recipe-v1
RDA-90980,아욱죽,https://www.nics.go.kr/food/kfi/tfSrch08/view?menuId=PS03520&tfcode=90980,39,e869ec68b2bf80ef7f75c0c07decdc3bf479870a13ddb69ea944fdedd136b9b3,2026-10-04,public-recipe-v1
RDA-90364,아욱죽,https://www.nics.go.kr/food/kfi/tfSrch08/view?menuId=PS03520&tfcode=90364,39,e869ec68b2bf80ef7f75c0c07decdc3bf479870a13ddb69ea944fdedd136b9b3,2026-10-04,public-recipe-v1
RDA-91642,아카시아꽃부각,https://www.nics.go.kr/food/kfi/tfSrch08/view?menuId=PS03520&tfcode=91642,39,e869ec68b2bf80ef7f75c0c07decdc3bf479870a13ddb69ea944fdedd136b9b3,2026-10-04,public-recipe-v1
RDA-92031,아카시아차,https://www.nics.go.kr/food/kfi/tfSrch08/view?menuId=PS03520&tfcode=92031,39,e869ec68b2bf80ef7f75c0c07decdc3bf479870a13ddb69ea944fdedd136b9b3,2026-10-04,public-recipe-v1
RDA-91317,안동소주,https://www.nics.go.kr/food/kfi/tfSrch08/view?menuId=PS03520&tfcode=91317,39,e869ec68b2bf80ef7f75c0c07decdc3bf479870a13ddb69ea944fdedd136b9b3,2026-10-04,public-recipe-v1
RDA-90348,안성소머리국밥(안성탕),https://www.nics.go.kr/food/kfi/tfSrch08/view?menuId=PS03520&tfcode=90348,39,e869ec68b2bf80ef7f75c0c07decdc3bf479870a13ddb69ea944fdedd136b9b3,2026-10-04,public-recipe-v1
RDA-90453,알젓찌개,https://www.nics.go.kr/food/kfi/tfSrch08/view?menuId=PS03520&tfcode=90453,40,cb5e10c96025a2dcd9aeceadd6d07e577f6c9cfbb7d7590a127ed9b6ad660fc8,2026-10-04,public-recipe-v1
RDA-92136,알타리무김치,https://www.nics.go.kr/food/kfi/tfSrch08/view?menuId=PS03520&tfcode=92136,40,cb5e10c96025a2dcd9aeceadd6d07e577f6c9cfbb7d7590a127ed9b6ad660fc8,2026-10-04,public-recipe-v1
RDA-92631,애호박선,https://www.nics.go.kr/food/kfi/tfSrch08/view?menuId=PS03520&tfcode=92631,40,cb5e10c96025a2dcd9aeceadd6d07e577f6c9cfbb7d7590a127ed9b6ad660fc8,2026-10-04,public-recipe-v1
RDA-92187,애호박전,https://www.nics.go.kr/food/kfi/tfSrch08/view?menuId=PS03520&tfcode=92187,40,cb5e10c96025a2dcd9aeceadd6d07e577f6c9cfbb7d7590a127ed9b6ad660fc8,2026-10-04,public-recipe-v1
RDA-90454,애호박젓국찌개,https://www.nics.go.kr/food/kfi/tfSrch08/view?menuId=PS03520&tfcode=90454,40,cb5e10c96025a2dcd9aeceadd6d07e577f6c9cfbb7d7590a127ed9b6ad660fc8,2026-10-04,public-recipe-v1
RDA-90672,앵두편,https://www.nics.go.kr/food/kfi/tfSrch08/view?menuId=PS03520&tfcode=90672,40,cb5e10c96025a2dcd9aeceadd6d07e577f6c9cfbb7d7590a127ed9b6ad660fc8,2026-10-04,public-recipe-v1
RDA-92020,약과,https://www.nics.go.kr/food/kfi/tfSrch08/view?menuId=PS03520&tfcode=92020,40,cb5e10c96025a2dcd9aeceadd6d07e577f6c9cfbb7d7590a127ed9b6ad660fc8,2026-10-04,public-recipe-v1
RDA-92434,약과,https://www.nics.go.kr/food/kfi/tfSrch08/view?menuId=PS03520&tfcode=92434,40,cb5e10c96025a2dcd9aeceadd6d07e577f6c9cfbb7d7590a127ed9b6ad660fc8,2026-10-04,public-recipe-v1
RDA-91286,약과,https://www.nics.go.kr/food/kfi/tfSrch08/view?menuId=PS03520&tfcode=91286,40,cb5e10c96025a2dcd9aeceadd6d07e577f6c9cfbb7d7590a127ed9b6ad660fc8,2026-10-04,public-recipe-v1
RDA-89901,약술,https://www.nics.go.kr/food/kfi/tfSrch08/view?menuId=PS03520&tfcode=89901,40,cb5e10c96025a2dcd9aeceadd6d07e577f6c9cfbb7d7590a127ed9b6ad660fc8,2026-10-04,public-recipe-v1
RDA-90303,약식,https://www.nics.go.kr/food/kfi/tfSrch08/view?menuId=PS03520&tfcode=90303,40,cb5e10c96025a2dcd9aeceadd6d07e577f6c9cfbb7d7590a127ed9b6ad660fc8,2026-10-04,public-recipe-v1
RDA-92419,약식,https://www.nics.go.kr/food/kfi/tfSrch08/view?menuId=PS03520&tfcode=92419,40,cb5e10c96025a2dcd9aeceadd6d07e577f6c9cfbb7d7590a127ed9b6ad660fc8,2026-10-04,public-recipe-v1
RDA-90104,약식(약밥),https://www.nics.go.kr/food/kfi/tfSrch08/view?menuId=PS03520&tfcode=90104,40,cb5e10c96025a2dcd9aeceadd6d07e577f6c9cfbb7d7590a127ed9b6ad660fc8,2026-10-04,public-recipe-v1
RDA-89890,약식혜,https://www.nics.go.kr/food/kfi/tfSrch08/view?menuId=PS03520&tfcode=89890,40,cb5e10c96025a2dcd9aeceadd6d07e577f6c9cfbb7d7590a127ed9b6ad660fc8,2026-10-04,public-recipe-v1
RDA-91305,약식혜(약단술),https://www.nics.go.kr/food/kfi/tfSrch08/view?menuId=PS03520&tfcode=91305,40,cb5e10c96025a2dcd9aeceadd6d07e577f6c9cfbb7d7590a127ed9b6ad660fc8,2026-10-04,public-recipe-v1
RDA-89655,약초다식,https://www.nics.go.kr/food/kfi/tfSrch08/view?menuId=PS03520&tfcode=89655,40,cb5e10c96025a2dcd9aeceadd6d07e577f6c9cfbb7d7590a127ed9b6ad660fc8,2026-10-04,public-recipe-v1
RDA-89641,약편(대추편),https://www.nics.go.kr/food/kfi/tfSrch08/view?menuId=PS03520&tfcode=89641,40,cb5e10c96025a2dcd9aeceadd6d07e577f6c9cfbb7d7590a127ed9b6ad660fc8,2026-10-04,public-recipe-v1
RDA-91773,양양영양돌솥밥,https://www.nics.go.kr/food/kfi/tfSrch08/view?menuId=PS03520&tfcode=91773,40,cb5e10c96025a2dcd9aeceadd6d07e577f6c9cfbb7d7590a127ed9b6ad660fc8,2026-10-04,public-recipe-v1
RDA-92465,양주메밀국수,https://www.nics.go.kr/food/kfi/tfSrch08/view?menuId=PS03520&tfcode=92465,40,cb5e10c96025a2dcd9aeceadd6d07e577f6c9cfbb7d7590a127ed9b6ad660fc8,2026-10-04,public-recipe-v1
RDA-89977,양태국(장태국),https://www.nics.go.kr/food/kfi/tfSrch08/view?menuId=PS03520&tfcode=89977,40,cb5e10c96025a2dcd9aeceadd6d07e577f6c9cfbb7d7590a127ed9b6ad660fc8,2026-10-04,public-recipe-v1
RDA-90281,양파장아찌,https://www.nics.go.kr/food/kfi/tfSrch08/view?menuId=PS03520&tfcode=90281,40,cb5e10c96025a2dcd9aeceadd6d07e577f6c9cfbb7d7590a127ed9b6ad660fc8,2026-10-04,public-recipe-v1
RDA-92698,양파장아찌(양파지),https://www.nics.go.kr/food/kfi/tfSrch08/view?menuId=PS03520&tfcode=92698,40,cb5e10c96025a2dcd9aeceadd6d07e577f6c9cfbb7d7590a127ed9b6ad660fc8,2026-10-04,public-recipe-v1
RDA-91666,양파장아찌(양파초절임),https://www.nics.go.kr/food/kfi/tfSrch08/view?menuId=PS03520&tfcode=91666,40,cb5e10c96025a2dcd9aeceadd6d07e577f6c9cfbb7d7590a127ed9b6ad660fc8,2026-10-04,public-recipe-v1
RDA-92700,양하순장아찌(양애순지),https://www.nics.go.kr/food/kfi/tfSrch08/view?menuId=PS03520&tfcode=92700,40,cb5e10c96025a2dcd9aeceadd6d07e577f6c9cfbb7d7590a127ed9b6ad660fc8,2026-10-04,public-recipe-v1
RDA-90074,양하장아찌(양애깐지),https://www.nics.go.kr/food/kfi/tfSrch08/view?menuId=PS03520&tfcode=90074,40,cb5e10c96025a2dcd9aeceadd6d07e577f6c9cfbb7d7590a127ed9b6ad660fc8,2026-10-04,public-recipe-v1
RDA-90254,양하회(양애회),https://www.nics.go.kr/food/kfi/tfSrch08/view?menuId=PS03520&tfcode=90254,40,cb5e10c96025a2dcd9aeceadd6d07e577f6c9cfbb7d7590a127ed9b6ad660fc8,2026-10-04,public-recipe-v1
RDA-92588,어리굴젓,https://www.nics.go.kr/food/kfi/tfSrch08/view?menuId=PS03520&tfcode=92588,40,cb5e10c96025a2dcd9aeceadd6d07e577f6c9cfbb7d7590a127ed9b6ad660fc8,2026-10-04,public-recipe-v1
RDA-91687,어리굴젓,https://www.nics.go.kr/food/kfi/tfSrch08/view?menuId=PS03520&tfcode=91687,40,cb5e10c96025a2dcd9aeceadd6d07e577f6c9cfbb7d7590a127ed9b6ad660fc8,2026-10-04,public-recipe-v1
RDA-90395,어만두,https://www.nics.go.kr/food/kfi/tfSrch08/view?menuId=PS03520&tfcode=90395,40,cb5e10c96025a2dcd9aeceadd6d07e577f6c9cfbb7d7590a127ed9b6ad660fc8,2026-10-04,public-recipe-v1
RDA-90567,어선,https://www.nics.go.kr/food/kfi/tfSrch08/view?menuId=PS03520&tfcode=90567,40,cb5e10c96025a2dcd9aeceadd6d07e577f6c9cfbb7d7590a127ed9b6ad660fc8,2026-10-04,public-recipe-v1
RDA-92458,어죽<방법1>,https://www.nics.go.kr/food/kfi/tfSrch08/view?menuId=PS03520&tfcode=92458,40,cb5e10c96025a2dcd9aeceadd6d07e577f6c9cfbb7d7590a127ed9b6ad660fc8,2026-10-04,public-recipe-v1
RDA-90154,어죽<방법1>,https://www.nics.go.kr/food/kfi/tfSrch08/view?menuId=PS03520&tfcode=90154,40,cb5e10c96025a2dcd9aeceadd6d07e577f6c9cfbb7d7590a127ed9b6ad660fc8,2026-10-04,public-recipe-v1
RDA-90155,어죽<방법2>,https://www.nics.go.kr/food/kfi/tfSrch08/view?menuId=PS03520&tfcode=90155,40,cb5e10c96025a2dcd9aeceadd6d07e577f6c9cfbb7d7590a127ed9b6ad660fc8,2026-10-04,public-recipe-v1
RDA-91787,어죽<방법2>,https://www.nics.go.kr/food/kfi/tfSrch08/view?menuId=PS03520&tfcode=91787,40,cb5e10c96025a2dcd9aeceadd6d07e577f6c9cfbb7d7590a127ed9b6ad660fc8,2026-10-04,public-recipe-v1
RDA-90593,어포,https://www.nics.go.kr/food/kfi/tfSrch08/view?menuId=PS03520&tfcode=90593,40,cb5e10c96025a2dcd9aeceadd6d07e577f6c9cfbb7d7590a127ed9b6ad660fc8,2026-10-04,public-recipe-v1
RDA-90203,얼갈이김치,https://www.nics.go.kr/food/kfi/tfSrch08/view?menuId=PS03520&tfcode=90203,40,cb5e10c96025a2dcd9aeceadd6d07e577f6c9cfbb7d7590a127ed9b6ad660fc8,2026-10-04,public-recipe-v1
RDA-89844,얼린무장아찌,https://www.nics.go.kr/food/kfi/tfSrch08/view?menuId=PS03520&tfcode=89844,40,cb5e10c96025a2dcd9aeceadd6d07e577f6c9cfbb7d7590a127ed9b6ad660fc8,2026-10-04,public-recipe-v1
RDA-89539,엄나무삼계탕(엄나무백숙),https://www.nics.go.kr/food/kfi/tfSrch08/view?menuId=PS03520&tfcode=89539,40,cb5e10c96025a2dcd9aeceadd6d07e577f6c9cfbb7d7590a127ed9b6ad660fc8,2026-10-04,public-recipe-v1
RDA-90679,여주땅콩엿강정,https://www.nics.go.kr/food/kfi/tfSrch08/view?menuId=PS03520&tfcode=90679,40,cb5e10c96025a2dcd9aeceadd6d07e577f6c9cfbb7d7590a127ed9b6ad660fc8,2026-10-04,public-recipe-v1
RDA-90540,연근전,https://www.nics.go.kr/food/kfi/tfSrch08/view?menuId=PS03520&tfcode=90540,40,cb5e10c96025a2dcd9aeceadd6d07e577f6c9cfbb7d7590a127ed9b6ad660fc8,2026-10-04,public-recipe-v1
RDA-91142,연근전(연뿌리전),https://www.nics.go.kr/food/kfi/tfSrch08/view?menuId=PS03520&tfcode=91142,40,cb5e10c96025a2dcd9aeceadd6d07e577f6c9cfbb7d7590a127ed9b6ad660fc8,2026-10-04,public-recipe-v1
RDA-90319,연근정과,https://www.nics.go.kr/food/kfi/tfSrch08/view?menuId=PS03520&tfcode=90319,40,cb5e10c96025a2dcd9aeceadd6d07e577f6c9cfbb7d7590a127ed9b6ad660fc8,2026-10-04,public-recipe-v1
RDA-89660,연근정과,https://www.nics.go.kr/food/kfi/tfSrch08/view?menuId=PS03520&tfcode=89660,40,cb5e10c96025a2dcd9aeceadd6d07e577f6c9cfbb7d7590a127ed9b6ad660fc8,2026-10-04,public-recipe-v1
RDA-90851,연근조림,https://www.nics.go.kr/food/kfi/tfSrch08/view?menuId=PS03520&tfcode=90851,40,cb5e10c96025a2dcd9aeceadd6d07e577f6c9cfbb7d7590a127ed9b6ad660fc8,2026-10-04,public-recipe-v1
RDA-91880,연어채소볶음,https://www.nics.go.kr/food/kfi/tfSrch08/view?menuId=PS03520&tfcode=91880,40,cb5e10c96025a2dcd9aeceadd6d07e577f6c9cfbb7d7590a127ed9b6ad660fc8,2026-10-04,public-recipe-v1
RDA-90385,연천냉면,https://www.nics.go.kr/food/kfi/tfSrch08/view?menuId=PS03520&tfcode=90385,40,cb5e10c96025a2dcd9aeceadd6d07e577f6c9cfbb7d7590a127ed9b6ad660fc8,2026-10-04,public-recipe-v1
RDA-90701,연천율무차,https://www.nics.go.kr/food/kfi/tfSrch08/view?menuId=PS03520&tfcode=90701,40,cb5e10c96025a2dcd9aeceadd6d07e577f6c9cfbb7d7590a127ed9b6ad660fc8,2026-10-04,public-recipe-v1
RDA-90791,열무김치,https://www.nics.go.kr/food/kfi/tfSrch08/view?menuId=PS03520&tfcode=90791,40,cb5e10c96025a2dcd9aeceadd6d07e577f6c9cfbb7d7590a127ed9b6ad660fc8,2026-10-04,public-recipe-v1
RDA-92404,열무물김치,https://www.nics.go.kr/food/kfi/tfSrch08/view?menuId=PS03520&tfcode=92404,40,cb5e10c96025a2dcd9aeceadd6d07e577f6c9cfbb7d7590a127ed9b6ad660fc8,2026-10-04,public-recipe-v1
RDA-89567,열무물김치,https://www.nics.go.kr/food/kfi/tfSrch08/view?menuId=PS03520&tfcode=89567,40,cb5e10c96025a2dcd9aeceadd6d07e577f6c9cfbb7d7590a127ed9b6ad660fc8,2026-10-04,public-recipe-v1
RDA-91061,염소고기전골,https://www.nics.go.kr/food/kfi/tfSrch08/view?menuId=PS03520&tfcode=91061,40,cb5e10c96025a2dcd9aeceadd6d07e577f6c9cfbb7d7590a127ed9b6ad660fc8,2026-10-04,public-recipe-v1
RDA-90181,염소탕,https://www.nics.go.kr/food/kfi/tfSrch08/view?menuId=PS03520&tfcode=90181,40,cb5e10c96025a2dcd9aeceadd6d07e577f6c9cfbb7d7590a127ed9b6ad660fc8,2026-10-04,public-recipe-v1
RDA-91045,염소탕(흑염소탕),https://www.nics.go.kr/food/kfi/tfSrch08/view?menuId=PS03520&tfcode=91045,40,cb5e10c96025a2dcd9aeceadd6d07e577f6c9cfbb7d7590a127ed9b6ad660fc8,2026-10-04,public-recipe-v1
RDA-90933,엿,https://www.nics.go.kr/food/kfi/tfSrch08/view?menuId=PS03520&tfcode=90933,40,cb5e10c96025a2dcd9aeceadd6d07e577f6c9cfbb7d7590a127ed9b6ad660fc8,2026-10-04,public-recipe-v1
RDA-92507,영계탕,https://www.nics.go.kr/food/kfi/tfSrch08/view?menuId=PS03520&tfcode=92507,40,cb5e10c96025a2dcd9aeceadd6d07e577f6c9cfbb7d7590a127ed9b6ad660fc8,2026-10-04,public-recipe-v1
RDA-89692,영양굴밥,https://www.nics.go.kr/food/kfi/tfSrch08/view?menuId=PS03520&tfcode=89692,40,cb5e10c96025a2dcd9aeceadd6d07e577f6c9cfbb7d7590a127ed9b6ad660fc8,2026-10-04,public-recipe-v1
RDA-89573,오가리나물,https://www.nics.go.kr/food/kfi/tfSrch08/view?menuId=PS03520&tfcode=89573,40,cb5e10c96025a2dcd9aeceadd6d07e577f6c9cfbb7d7590a127ed9b6ad660fc8,2026-10-04,public-recipe-v1
RDA-89918,오곡밥,https://www.nics.go.kr/food/kfi/tfSrch08/view?menuId=PS03520&tfcode=89918,40,cb5e10c96025a2dcd9aeceadd6d07e577f6c9cfbb7d7590a127ed9b6ad660fc8,2026-10-04,public-recipe-v1
RDA-90144,오곡밥,https://www.nics.go.kr/food/kfi/tfSrch08/view?menuId=PS03520&tfcode=90144,40,cb5e10c96025a2dcd9aeceadd6d07e577f6c9cfbb7d7590a127ed9b6ad660fc8,2026-10-04,public-recipe-v1
RDA-92061,오곡밥<방법1>,https://www.nics.go.kr/food/kfi/tfSrch08/view?menuId=PS03520&tfcode=92061,40,cb5e10c96025a2dcd9aeceadd6d07e577f6c9cfbb7d7590a127ed9b6ad660fc8,2026-10-04,public-recipe-v1
RDA-92062,오곡밥<방법2>,https://www.nics.go.kr/food/kfi/tfSrch08/view?menuId=PS03520&tfcode=92062,40,cb5e10c96025a2dcd9aeceadd6d07e577f6c9cfbb7d7590a127ed9b6ad660fc8,2026-10-04,public-recipe-v1
RDA-90702,오과차,https://www.nics.go.kr/food/kfi/tfSrch08/view?menuId=PS03520&tfcode=90702,40,cb5e10c96025a2dcd9aeceadd6d07e577f6c9cfbb7d7590a127ed9b6ad660fc8,2026-10-04,public-recipe-v1
RDA-92115,오리탕<방법2>,https://www.nics.go.kr/food/kfi/tfSrch08/view?menuId=PS03520&tfcode=92115,40,cb5e10c96025a2dcd9aeceadd6d07e577f6c9cfbb7d7590a127ed9b6ad660fc8,2026-10-04,public-recipe-v1
RDA-90105,오메기떡,https://www.nics.go.kr/food/kfi/tfSrch08/view?menuId=PS03520&tfcode=90105,40,cb5e10c96025a2dcd9aeceadd6d07e577f6c9cfbb7d7590a127ed9b6ad660fc8,2026-10-04,public-recipe-v1
RDA-90133,오메기술(청주)<방법2>,https://www.nics.go.kr/food/kfi/tfSrch08/view?menuId=PS03520&tfcode=90133,40,cb5e10c96025a2dcd9aeceadd6d07e577f6c9cfbb7d7590a127ed9b6ad660fc8,2026-10-04,public-recipe-v1
RDA-89903,오미자주,https://www.nics.go.kr/food/kfi/tfSrch08/view?menuId=PS03520&tfcode=89903,40,cb5e10c96025a2dcd9aeceadd6d07e577f6c9cfbb7d7590a127ed9b6ad660fc8,2026-10-04,public-recipe-v1
RDA-90703,오미자차(온차),https://www.nics.go.kr/food/kfi/tfSrch08/view?menuId=PS03520&tfcode=90703,40,cb5e10c96025a2dcd9aeceadd6d07e577f6c9cfbb7d7590a127ed9b6ad660fc8,2026-10-04,public-recipe-v1
RDA-90673,오미자편,https://www.nics.go.kr/food/kfi/tfSrch08/view?menuId=PS03520&tfcode=90673,40,cb5e10c96025a2dcd9aeceadd6d07e577f6c9cfbb7d7590a127ed9b6ad660fc8,2026-10-04,public-recipe-v1
RDA-89662,오미자편,https://www.nics.go.kr/food/kfi/tfSrch08/view?menuId=PS03520&tfcode=89662,40,cb5e10c96025a2dcd9aeceadd6d07e577f6c9cfbb7d7590a127ed9b6ad660fc8,2026-10-04,public-recipe-v1
RDA-92586,오미자화채,https://www.nics.go.kr/food/kfi/tfSrch08/view?menuId=PS03520&tfcode=92586,40,cb5e10c96025a2dcd9aeceadd6d07e577f6c9cfbb7d7590a127ed9b6ad660fc8,2026-10-04,public-recipe-v1
RDA-90087,오분자기젓,https://www.nics.go.kr/food/kfi/tfSrch08/view?menuId=PS03520&tfcode=90087,41,48140f8361d2606dacf2afcd11992090c1b34cc28876ba924981a7c4d12cb427,2026-10-04,public-recipe-v1
RDA-89869,오색국화송편,https://www.nics.go.kr/food/kfi/tfSrch08/view?menuId=PS03520&tfcode=89869,41,48140f8361d2606dacf2afcd11992090c1b34cc28876ba924981a7c4d12cb427,2026-10-04,public-recipe-v1
RDA-92716,오색만두찜,https://www.nics.go.kr/food/kfi/tfSrch08/view?menuId=PS03520&tfcode=92716,41,48140f8361d2606dacf2afcd11992090c1b34cc28876ba924981a7c4d12cb427,2026-10-04,public-recipe-v1
RDA-91501,오이볶음,https://www.nics.go.kr/food/kfi/tfSrch08/view?menuId=PS03520&tfcode=91501,41,48140f8361d2606dacf2afcd11992090c1b34cc28876ba924981a7c4d12cb427,2026-10-04,public-recipe-v1
RDA-90568,오이선,https://www.nics.go.kr/food/kfi/tfSrch08/view?menuId=PS03520&tfcode=90568,41,48140f8361d2606dacf2afcd11992090c1b34cc28876ba924981a7c4d12cb427,2026-10-04,public-recipe-v1
RDA-89568,오이소배추김치,https://www.nics.go.kr/food/kfi/tfSrch08/view?menuId=PS03520&tfcode=89568,41,48140f8361d2606dacf2afcd11992090c1b34cc28876ba924981a7c4d12cb427,2026-10-04,public-recipe-v1
RDA-90913,오이장아찌,https://www.nics.go.kr/food/kfi/tfSrch08/view?menuId=PS03520&tfcode=90913,41,48140f8361d2606dacf2afcd11992090c1b34cc28876ba924981a7c4d12cb427,2026-10-04,public-recipe-v1
RDA-90077,오이장아찌<방법 2>,https://www.nics.go.kr/food/kfi/tfSrch08/view?menuId=PS03520&tfcode=90077,41,48140f8361d2606dacf2afcd11992090c1b34cc28876ba924981a7c4d12cb427,2026-10-04,public-recipe-v1
RDA-92043,오죽청주,https://www.nics.go.kr/food/kfi/tfSrch08/view?menuId=PS03520&tfcode=92043,41,48140f8361d2606dacf2afcd11992090c1b34cc28876ba924981a7c4d12cb427,2026-10-04,public-recipe-v1
RDA-92677,오징어강회,https://www.nics.go.kr/food/kfi/tfSrch08/view?menuId=PS03520&tfcode=92677,41,48140f8361d2606dacf2afcd11992090c1b34cc28876ba924981a7c4d12cb427,2026-10-04,public-recipe-v1
RDA-91046,오징어내장국,https://www.nics.go.kr/food/kfi/tfSrch08/view?menuId=PS03520&tfcode=91046,41,48140f8361d2606dacf2afcd11992090c1b34cc28876ba924981a7c4d12cb427,2026-10-04,public-recipe-v1
RDA-91902,오징어무침,https://www.nics.go.kr/food/kfi/tfSrch08/view?menuId=PS03520&tfcode=91902,41,48140f8361d2606dacf2afcd11992090c1b34cc28876ba924981a7c4d12cb427,2026-10-04,public-recipe-v1
RDA-90052,오징어물회(오징어회국),https://www.nics.go.kr/food/kfi/tfSrch08/view?menuId=PS03520&tfcode=90052,41,48140f8361d2606dacf2afcd11992090c1b34cc28876ba924981a7c4d12cb427,2026-10-04,public-recipe-v1
RDA-89788,오징어불고기,https://www.nics.go.kr/food/kfi/tfSrch08/view?menuId=PS03520&tfcode=89788,41,48140f8361d2606dacf2afcd11992090c1b34cc28876ba924981a7c4d12cb427,2026-10-04,public-recipe-v1
RDA-91108,오징어불고기,https://www.nics.go.kr/food/kfi/tfSrch08/view?menuId=PS03520&tfcode=91108,41,48140f8361d2606dacf2afcd11992090c1b34cc28876ba924981a7c4d12cb427,2026-10-04,public-recipe-v1
RDA-92668,오징어산적(오징어적갈),https://www.nics.go.kr/food/kfi/tfSrch08/view?menuId=PS03520&tfcode=92668,41,48140f8361d2606dacf2afcd11992090c1b34cc28876ba924981a7c4d12cb427,2026-10-04,public-recipe-v1
RDA-91206,오징어순대,https://www.nics.go.kr/food/kfi/tfSrch08/view?menuId=PS03520&tfcode=91206,41,48140f8361d2606dacf2afcd11992090c1b34cc28876ba924981a7c4d12cb427,2026-10-04,public-recipe-v1
RDA-91688,오징어젓,https://www.nics.go.kr/food/kfi/tfSrch08/view?menuId=PS03520&tfcode=91688,41,48140f8361d2606dacf2afcd11992090c1b34cc28876ba924981a7c4d12cb427,2026-10-04,public-recipe-v1
RDA-91239,오징어젓,https://www.nics.go.kr/food/kfi/tfSrch08/view?menuId=PS03520&tfcode=91239,41,48140f8361d2606dacf2afcd11992090c1b34cc28876ba924981a7c4d12cb427,2026-10-04,public-recipe-v1
RDA-91940,오징어젓,https://www.nics.go.kr/food/kfi/tfSrch08/view?menuId=PS03520&tfcode=91940,41,48140f8361d2606dacf2afcd11992090c1b34cc28876ba924981a7c4d12cb427,2026-10-04,public-recipe-v1
RDA-90088,오징어젓(오징어젓갈),https://www.nics.go.kr/food/kfi/tfSrch08/view?menuId=PS03520&tfcode=90088,41,48140f8361d2606dacf2afcd11992090c1b34cc28876ba924981a7c4d12cb427,2026-10-04,public-recipe-v1
RDA-91993,옥수수경단,https://www.nics.go.kr/food/kfi/tfSrch08/view?menuId=PS03520&tfcode=91993,41,48140f8361d2606dacf2afcd11992090c1b34cc28876ba924981a7c4d12cb427,2026-10-04,public-recipe-v1
RDA-90981,옥수수단팥죽,https://www.nics.go.kr/food/kfi/tfSrch08/view?menuId=PS03520&tfcode=90981,41,48140f8361d2606dacf2afcd11992090c1b34cc28876ba924981a7c4d12cb427,2026-10-04,public-recipe-v1
RDA-92045,옥수수동동주,https://www.nics.go.kr/food/kfi/tfSrch08/view?menuId=PS03520&tfcode=92045,41,48140f8361d2606dacf2afcd11992090c1b34cc28876ba924981a7c4d12cb427,2026-10-04,public-recipe-v1
RDA-90959,옥수수밥,https://www.nics.go.kr/food/kfi/tfSrch08/view?menuId=PS03520&tfcode=90959,41,48140f8361d2606dacf2afcd11992090c1b34cc28876ba924981a7c4d12cb427,2026-10-04,public-recipe-v1
RDA-91776,옥수수밥(강냉이밥) <방법1>,https://www.nics.go.kr/food/kfi/tfSrch08/view?menuId=PS03520&tfcode=91776,41,48140f8361d2606dacf2afcd11992090c1b34cc28876ba924981a7c4d12cb427,2026-10-04,public-recipe-v1
RDA-91777,옥수수밥(강냉이밥) <방법2>,https://www.nics.go.kr/food/kfi/tfSrch08/view?menuId=PS03520&tfcode=91777,41,48140f8361d2606dacf2afcd11992090c1b34cc28876ba924981a7c4d12cb427,2026-10-04,public-recipe-v1
RDA-91995,옥수수보리개떡,https://www.nics.go.kr/food/kfi/tfSrch08/view?menuId=PS03520&tfcode=91995,41,48140f8361d2606dacf2afcd11992090c1b34cc28876ba924981a7c4d12cb427,2026-10-04,public-recipe-v1
RDA-91996,옥수수부꾸미,https://www.nics.go.kr/food/kfi/tfSrch08/view?menuId=PS03520&tfcode=91996,41,48140f8361d2606dacf2afcd11992090c1b34cc28876ba924981a7c4d12cb427,2026-10-04,public-recipe-v1
RDA-91997,옥수수설기,https://www.nics.go.kr/food/kfi/tfSrch08/view?menuId=PS03520&tfcode=91997,41,48140f8361d2606dacf2afcd11992090c1b34cc28876ba924981a7c4d12cb427,2026-10-04,public-recipe-v1
RDA-91805,옥수수수제비(강냉이수제비),https://www.nics.go.kr/food/kfi/tfSrch08/view?menuId=PS03520&tfcode=91805,41,48140f8361d2606dacf2afcd11992090c1b34cc28876ba924981a7c4d12cb427,2026-10-04,public-recipe-v1
RDA-90717,옥수수술,https://www.nics.go.kr/food/kfi/tfSrch08/view?menuId=PS03520&tfcode=90717,41,48140f8361d2606dacf2afcd11992090c1b34cc28876ba924981a7c4d12cb427,2026-10-04,public-recipe-v1
RDA-91994,옥수수술떡(옥수수기정),https://www.nics.go.kr/food/kfi/tfSrch08/view?menuId=PS03520&tfcode=91994,41,48140f8361d2606dacf2afcd11992090c1b34cc28876ba924981a7c4d12cb427,2026-10-04,public-recipe-v1
RDA-91306,옥수수식혜,https://www.nics.go.kr/food/kfi/tfSrch08/view?menuId=PS03520&tfcode=91306,41,48140f8361d2606dacf2afcd11992090c1b34cc28876ba924981a7c4d12cb427,2026-10-04,public-recipe-v1
RDA-92021,옥수수약과,https://www.nics.go.kr/food/kfi/tfSrch08/view?menuId=PS03520&tfcode=92021,41,48140f8361d2606dacf2afcd11992090c1b34cc28876ba924981a7c4d12cb427,2026-10-04,public-recipe-v1
RDA-92721,옥수수엿(강냉이엿),https://www.nics.go.kr/food/kfi/tfSrch08/view?menuId=PS03520&tfcode=92721,41,48140f8361d2606dacf2afcd11992090c1b34cc28876ba924981a7c4d12cb427,2026-10-04,public-recipe-v1
RDA-91999,옥수수인절미(옥수수찰떡),https://www.nics.go.kr/food/kfi/tfSrch08/view?menuId=PS03520&tfcode=91999,41,48140f8361d2606dacf2afcd11992090c1b34cc28876ba924981a7c4d12cb427,2026-10-04,public-recipe-v1
RDA-91318,옥수수주(옥수수술),https://www.nics.go.kr/food/kfi/tfSrch08/view?menuId=PS03520&tfcode=91318,41,48140f8361d2606dacf2afcd11992090c1b34cc28876ba924981a7c4d12cb427,2026-10-04,public-recipe-v1
RDA-91788,옥수수죽,https://www.nics.go.kr/food/kfi/tfSrch08/view?menuId=PS03520&tfcode=91788,41,48140f8361d2606dacf2afcd11992090c1b34cc28876ba924981a7c4d12cb427,2026-10-04,public-recipe-v1
RDA-92026,옥수수차(강냉이차),https://www.nics.go.kr/food/kfi/tfSrch08/view?menuId=PS03520&tfcode=92026,41,48140f8361d2606dacf2afcd11992090c1b34cc28876ba924981a7c4d12cb427,2026-10-04,public-recipe-v1
RDA-92000,옥수수칡잎떡(옥수수개피떡),https://www.nics.go.kr/food/kfi/tfSrch08/view?menuId=PS03520&tfcode=92000,41,48140f8361d2606dacf2afcd11992090c1b34cc28876ba924981a7c4d12cb427,2026-10-04,public-recipe-v1
RDA-91820,옥수수콩물국수,https://www.nics.go.kr/food/kfi/tfSrch08/view?menuId=PS03520&tfcode=91820,41,48140f8361d2606dacf2afcd11992090c1b34cc28876ba924981a7c4d12cb427,2026-10-04,public-recipe-v1
RDA-92001,옥수수화전,https://www.nics.go.kr/food/kfi/tfSrch08/view?menuId=PS03520&tfcode=92001,41,48140f8361d2606dacf2afcd11992090c1b34cc28876ba924981a7c4d12cb427,2026-10-04,public-recipe-v1
RDA-91378,올챙이국수,https://www.nics.go.kr/food/kfi/tfSrch08/view?menuId=PS03520&tfcode=91378,41,48140f8361d2606dacf2afcd11992090c1b34cc28876ba924981a7c4d12cb427,2026-10-04,public-recipe-v1
RDA-91921,올챙이묵(옥수수묵),https://www.nics.go.kr/food/kfi/tfSrch08/view?menuId=PS03520&tfcode=91921,41,48140f8361d2606dacf2afcd11992090c1b34cc28876ba924981a7c4d12cb427,2026-10-04,public-recipe-v1
RDA-90182,옻닭,https://www.nics.go.kr/food/kfi/tfSrch08/view?menuId=PS03520&tfcode=90182,41,48140f8361d2606dacf2afcd11992090c1b34cc28876ba924981a7c4d12cb427,2026-10-04,public-recipe-v1
RDA-90569,옻닭,https://www.nics.go.kr/food/kfi/tfSrch08/view?menuId=PS03520&tfcode=90569,41,48140f8361d2606dacf2afcd11992090c1b34cc28876ba924981a7c4d12cb427,2026-10-04,public-recipe-v1
RDA-90241,옻순부침,https://www.nics.go.kr/food/kfi/tfSrch08/view?menuId=PS03520&tfcode=90241,41,48140f8361d2606dacf2afcd11992090c1b34cc28876ba924981a7c4d12cb427,2026-10-04,public-recipe-v1
RDA-90432,완자탕,https://www.nics.go.kr/food/kfi/tfSrch08/view?menuId=PS03520&tfcode=90432,41,48140f8361d2606dacf2afcd11992090c1b34cc28876ba924981a7c4d12cb427,2026-10-04,public-recipe-v1
RDA-90352,용문산산채백반,https://www.nics.go.kr/food/kfi/tfSrch08/view?menuId=PS03520&tfcode=90352,41,48140f8361d2606dacf2afcd11992090c1b34cc28876ba924981a7c4d12cb427,2026-10-04,public-recipe-v1
RDA-89755,우거지찌개<방법1. 무청우거지찌개),https://www.nics.go.kr/food/kfi/tfSrch08/view?menuId=PS03520&tfcode=89755,41,48140f8361d2606dacf2afcd11992090c1b34cc28876ba924981a7c4d12cb427,2026-10-04,public-recipe-v1
RDA-89759,우거지찌개<방법2. 배추우거지째개>,https://www.nics.go.kr/food/kfi/tfSrch08/view?menuId=PS03520&tfcode=89759,41,48140f8361d2606dacf2afcd11992090c1b34cc28876ba924981a7c4d12cb427,2026-10-04,public-recipe-v1
RDA-90183,우거짓국,https://www.nics.go.kr/food/kfi/tfSrch08/view?menuId=PS03520&tfcode=90183,41,48140f8361d2606dacf2afcd11992090c1b34cc28876ba924981a7c4d12cb427,2026-10-04,public-recipe-v1
RDA-90027,우럭구이,https://www.nics.go.kr/food/kfi/tfSrch08/view?menuId=PS03520&tfcode=90027,41,48140f8361d2606dacf2afcd11992090c1b34cc28876ba924981a7c4d12cb427,2026-10-04,public-recipe-v1
RDA-89760,우럭젓국찌개,https://www.nics.go.kr/food/kfi/tfSrch08/view?menuId=PS03520&tfcode=89760,41,48140f8361d2606dacf2afcd11992090c1b34cc28876ba924981a7c4d12cb427,2026-10-04,public-recipe-v1
RDA-91618,우렁이무침(논고둥무침),https://www.nics.go.kr/food/kfi/tfSrch08/view?menuId=PS03520&tfcode=91618,41,48140f8361d2606dacf2afcd11992090c1b34cc28876ba924981a7c4d12cb427,2026-10-04,public-recipe-v1
RDA-92503,우렁이죽,https://www.nics.go.kr/food/kfi/tfSrch08/view?menuId=PS03520&tfcode=92503,41,48140f8361d2606dacf2afcd11992090c1b34cc28876ba924981a7c4d12cb427,2026-10-04,public-recipe-v1
RDA-92538,우렁이회(논우렁이회),https://www.nics.go.kr/food/kfi/tfSrch08/view?menuId=PS03520&tfcode=92538,41,48140f8361d2606dacf2afcd11992090c1b34cc28876ba924981a7c4d12cb427,2026-10-04,public-recipe-v1
RDA-91181,우렁이회(우렁회),https://www.nics.go.kr/food/kfi/tfSrch08/view?menuId=PS03520&tfcode=91181,41,48140f8361d2606dacf2afcd11992090c1b34cc28876ba924981a7c4d12cb427,2026-10-04,public-recipe-v1
RDA-91745,우무콩국,https://www.nics.go.kr/food/kfi/tfSrch08/view?menuId=PS03520&tfcode=91745,41,48140f8361d2606dacf2afcd11992090c1b34cc28876ba924981a7c4d12cb427,2026-10-04,public-recipe-v1
RDA-92223,우뭇가사리묵(우뭇가사리),https://www.nics.go.kr/food/kfi/tfSrch08/view?menuId=PS03520&tfcode=92223,41,48140f8361d2606dacf2afcd11992090c1b34cc28876ba924981a7c4d12cb427,2026-10-04,public-recipe-v1
RDA-91213,우뭇가사리묵(천초묵),https://www.nics.go.kr/food/kfi/tfSrch08/view?menuId=PS03520&tfcode=91213,41,48140f8361d2606dacf2afcd11992090c1b34cc28876ba924981a7c4d12cb427,2026-10-04,public-recipe-v1
RDA-90328,우슬식혜,https://www.nics.go.kr/food/kfi/tfSrch08/view?menuId=PS03520&tfcode=90328,41,48140f8361d2606dacf2afcd11992090c1b34cc28876ba924981a7c4d12cb427,2026-10-04,public-recipe-v1
RDA-91468,우엉김치,https://www.nics.go.kr/food/kfi/tfSrch08/view?menuId=PS03520&tfcode=91468,41,48140f8361d2606dacf2afcd11992090c1b34cc28876ba924981a7c4d12cb427,2026-10-04,public-recipe-v1
RDA-91200,우엉잎자반(우엉잎부각),https://www.nics.go.kr/food/kfi/tfSrch08/view?menuId=PS03520&tfcode=91200,41,48140f8361d2606dacf2afcd11992090c1b34cc28876ba924981a7c4d12cb427,2026-10-04,public-recipe-v1
RDA-92545,웃기떡(우찌지),https://www.nics.go.kr/food/kfi/tfSrch08/view?menuId=PS03520&tfcode=92545,41,48140f8361d2606dacf2afcd11992090c1b34cc28876ba924981a7c4d12cb427,2026-10-04,public-recipe-v1
RDA-90434,웅어알탕,https://www.nics.go.kr/food/kfi/tfSrch08/view?menuId=PS03520&tfcode=90434,41,48140f8361d2606dacf2afcd11992090c1b34cc28876ba924981a7c4d12cb427,2026-10-04,public-recipe-v1
RDA-90485,원추리나물,https://www.nics.go.kr/food/kfi/tfSrch08/view?menuId=PS03520&tfcode=90485,41,48140f8361d2606dacf2afcd11992090c1b34cc28876ba924981a7c4d12cb427,2026-10-04,public-recipe-v1
RDA-90316,유과,https://www.nics.go.kr/food/kfi/tfSrch08/view?menuId=PS03520&tfcode=90316,41,48140f8361d2606dacf2afcd11992090c1b34cc28876ba924981a7c4d12cb427,2026-10-04,public-recipe-v1
RDA-91287,유과,https://www.nics.go.kr/food/kfi/tfSrch08/view?menuId=PS03520&tfcode=91287,41,48140f8361d2606dacf2afcd11992090c1b34cc28876ba924981a7c4d12cb427,2026-10-04,public-recipe-v1
RDA-90644,유자단자,https://www.nics.go.kr/food/kfi/tfSrch08/view?menuId=PS03520&tfcode=90644,42,ef73a9f182148ceaca698088ee5e789babafb9d2af4a20735dd88330866d2956,2026-10-04,public-recipe-v1
RDA-92278,유자정과,https://www.nics.go.kr/food/kfi/tfSrch08/view?menuId=PS03520&tfcode=92278,42,ef73a9f182148ceaca698088ee5e789babafb9d2af4a20735dd88330866d2956,2026-10-04,public-recipe-v1
RDA-90134,유자주(당유자주) <방법 1>,https://www.nics.go.kr/food/kfi/tfSrch08/view?menuId=PS03520&tfcode=90134,42,ef73a9f182148ceaca698088ee5e789babafb9d2af4a20735dd88330866d2956,2026-10-04,public-recipe-v1
RDA-92727,유자주(당유자주) [방법2],https://www.nics.go.kr/food/kfi/tfSrch08/view?menuId=PS03520&tfcode=92727,42,ef73a9f182148ceaca698088ee5e789babafb9d2af4a20735dd88330866d2956,2026-10-04,public-recipe-v1
RDA-92296,유자차,https://www.nics.go.kr/food/kfi/tfSrch08/view?menuId=PS03520&tfcode=92296,42,ef73a9f182148ceaca698088ee5e789babafb9d2af4a20735dd88330866d2956,2026-10-04,public-recipe-v1
RDA-91746,유자청(유자청차),https://www.nics.go.kr/food/kfi/tfSrch08/view?menuId=PS03520&tfcode=91746,42,ef73a9f182148ceaca698088ee5e789babafb9d2af4a20735dd88330866d2956,2026-10-04,public-recipe-v1
RDA-91720,유자청떡,https://www.nics.go.kr/food/kfi/tfSrch08/view?menuId=PS03520&tfcode=91720,42,ef73a9f182148ceaca698088ee5e789babafb9d2af4a20735dd88330866d2956,2026-10-04,public-recipe-v1
RDA-90184,육개장,https://www.nics.go.kr/food/kfi/tfSrch08/view?menuId=PS03520&tfcode=90184,42,ef73a9f182148ceaca698088ee5e789babafb9d2af4a20735dd88330866d2956,2026-10-04,public-recipe-v1
RDA-89981,"육개장(돼지고기고사리국, 고사리국)",https://www.nics.go.kr/food/kfi/tfSrch08/view?menuId=PS03520&tfcode=89981,42,ef73a9f182148ceaca698088ee5e789babafb9d2af4a20735dd88330866d2956,2026-10-04,public-recipe-v1
RDA-90435,육탕,https://www.nics.go.kr/food/kfi/tfSrch08/view?menuId=PS03520&tfcode=90435,42,ef73a9f182148ceaca698088ee5e789babafb9d2af4a20735dd88330866d2956,2026-10-04,public-recipe-v1
RDA-90594,육포,https://www.nics.go.kr/food/kfi/tfSrch08/view?menuId=PS03520&tfcode=90594,42,ef73a9f182148ceaca698088ee5e789babafb9d2af4a20735dd88330866d2956,2026-10-04,public-recipe-v1
RDA-90580,육회,https://www.nics.go.kr/food/kfi/tfSrch08/view?menuId=PS03520&tfcode=90580,42,ef73a9f182148ceaca698088ee5e789babafb9d2af4a20735dd88330866d2956,2026-10-04,public-recipe-v1
RDA-90676,율란,https://www.nics.go.kr/food/kfi/tfSrch08/view?menuId=PS03520&tfcode=90676,42,ef73a9f182148ceaca698088ee5e789babafb9d2af4a20735dd88330866d2956,2026-10-04,public-recipe-v1
RDA-90645,율무단자,https://www.nics.go.kr/food/kfi/tfSrch08/view?menuId=PS03520&tfcode=90645,42,ef73a9f182148ceaca698088ee5e789babafb9d2af4a20735dd88330866d2956,2026-10-04,public-recipe-v1
RDA-92003,율무떡,https://www.nics.go.kr/food/kfi/tfSrch08/view?menuId=PS03520&tfcode=92003,42,ef73a9f182148ceaca698088ee5e789babafb9d2af4a20735dd88330866d2956,2026-10-04,public-recipe-v1
RDA-90367,율자죽(밤죽),https://www.nics.go.kr/food/kfi/tfSrch08/view?menuId=PS03520&tfcode=90367,42,ef73a9f182148ceaca698088ee5e789babafb9d2af4a20735dd88330866d2956,2026-10-04,public-recipe-v1
RDA-91109,은어간장구이(은어구이),https://www.nics.go.kr/food/kfi/tfSrch08/view?menuId=PS03520&tfcode=91109,42,ef73a9f182148ceaca698088ee5e789babafb9d2af4a20735dd88330866d2956,2026-10-04,public-recipe-v1
RDA-90960,은어밥,https://www.nics.go.kr/food/kfi/tfSrch08/view?menuId=PS03520&tfcode=90960,42,ef73a9f182148ceaca698088ee5e789babafb9d2af4a20735dd88330866d2956,2026-10-04,public-recipe-v1
RDA-90982,은어죽,https://www.nics.go.kr/food/kfi/tfSrch08/view?menuId=PS03520&tfcode=90982,42,ef73a9f182148ceaca698088ee5e789babafb9d2af4a20735dd88330866d2956,2026-10-04,public-recipe-v1
RDA-91359,은어죽,https://www.nics.go.kr/food/kfi/tfSrch08/view?menuId=PS03520&tfcode=91359,42,ef73a9f182148ceaca698088ee5e789babafb9d2af4a20735dd88330866d2956,2026-10-04,public-recipe-v1
RDA-92332,은어죽,https://www.nics.go.kr/food/kfi/tfSrch08/view?menuId=PS03520&tfcode=92332,42,ef73a9f182148ceaca698088ee5e789babafb9d2af4a20735dd88330866d2956,2026-10-04,public-recipe-v1
RDA-91168,은어찜,https://www.nics.go.kr/food/kfi/tfSrch08/view?menuId=PS03520&tfcode=91168,42,ef73a9f182148ceaca698088ee5e789babafb9d2af4a20735dd88330866d2956,2026-10-04,public-recipe-v1
RDA-91049,은어탕,https://www.nics.go.kr/food/kfi/tfSrch08/view?menuId=PS03520&tfcode=91049,42,ef73a9f182148ceaca698088ee5e789babafb9d2af4a20735dd88330866d2956,2026-10-04,public-recipe-v1
RDA-91201,은어튀김,https://www.nics.go.kr/food/kfi/tfSrch08/view?menuId=PS03520&tfcode=91201,42,ef73a9f182148ceaca698088ee5e789babafb9d2af4a20735dd88330866d2956,2026-10-04,public-recipe-v1
RDA-91644,은어튀김,https://www.nics.go.kr/food/kfi/tfSrch08/view?menuId=PS03520&tfcode=91644,42,ef73a9f182148ceaca698088ee5e789babafb9d2af4a20735dd88330866d2956,2026-10-04,public-recipe-v1
RDA-91117,은어튀김양념조림,https://www.nics.go.kr/food/kfi/tfSrch08/view?menuId=PS03520&tfcode=91117,42,ef73a9f182148ceaca698088ee5e789babafb9d2af4a20735dd88330866d2956,2026-10-04,public-recipe-v1
RDA-91619,은어회,https://www.nics.go.kr/food/kfi/tfSrch08/view?menuId=PS03520&tfcode=91619,42,ef73a9f182148ceaca698088ee5e789babafb9d2af4a20735dd88330866d2956,2026-10-04,public-recipe-v1
RDA-91182,은어회(은어회무침),https://www.nics.go.kr/food/kfi/tfSrch08/view?menuId=PS03520&tfcode=91182,42,ef73a9f182148ceaca698088ee5e789babafb9d2af4a20735dd88330866d2956,2026-10-04,public-recipe-v1
RDA-90646,은행단자,https://www.nics.go.kr/food/kfi/tfSrch08/view?menuId=PS03520&tfcode=90646,42,ef73a9f182148ceaca698088ee5e789babafb9d2af4a20735dd88330866d2956,2026-10-04,public-recipe-v1
RDA-90983,은행죽,https://www.nics.go.kr/food/kfi/tfSrch08/view?menuId=PS03520&tfcode=90983,42,ef73a9f182148ceaca698088ee5e789babafb9d2af4a20735dd88330866d2956,2026-10-04,public-recipe-v1
RDA-90503,의정부떡갈비,https://www.nics.go.kr/food/kfi/tfSrch08/view?menuId=PS03520&tfcode=90503,42,ef73a9f182148ceaca698088ee5e789babafb9d2af4a20735dd88330866d2956,2026-10-04,public-recipe-v1
RDA-90504,이동갈비,https://www.nics.go.kr/food/kfi/tfSrch08/view?menuId=PS03520&tfcode=90504,42,ef73a9f182148ceaca698088ee5e789babafb9d2af4a20735dd88330866d2956,2026-10-04,public-recipe-v1
RDA-90473,이천게걸무깍두기(게거리깍두기),https://www.nics.go.kr/food/kfi/tfSrch08/view?menuId=PS03520&tfcode=90473,42,ef73a9f182148ceaca698088ee5e789babafb9d2af4a20735dd88330866d2956,2026-10-04,public-recipe-v1
RDA-89680,인삼고추장,https://www.nics.go.kr/food/kfi/tfSrch08/view?menuId=PS03520&tfcode=89680,42,ef73a9f182148ceaca698088ee5e789babafb9d2af4a20735dd88330866d2956,2026-10-04,public-recipe-v1
RDA-89774,인삼김치,https://www.nics.go.kr/food/kfi/tfSrch08/view?menuId=PS03520&tfcode=89774,42,ef73a9f182148ceaca698088ee5e789babafb9d2af4a20735dd88330866d2956,2026-10-04,public-recipe-v1
RDA-91077,인삼김치,https://www.nics.go.kr/food/kfi/tfSrch08/view?menuId=PS03520&tfcode=91077,42,ef73a9f182148ceaca698088ee5e789babafb9d2af4a20735dd88330866d2956,2026-10-04,public-recipe-v1
RDA-92498,인삼닭찜,https://www.nics.go.kr/food/kfi/tfSrch08/view?menuId=PS03520&tfcode=92498,42,ef73a9f182148ceaca698088ee5e789babafb9d2af4a20735dd88330866d2956,2026-10-04,public-recipe-v1
RDA-90705,인삼수정과,https://www.nics.go.kr/food/kfi/tfSrch08/view?menuId=PS03520&tfcode=90705,42,ef73a9f182148ceaca698088ee5e789babafb9d2af4a20735dd88330866d2956,2026-10-04,public-recipe-v1
RDA-89653,인삼약과,https://www.nics.go.kr/food/kfi/tfSrch08/view?menuId=PS03520&tfcode=89653,42,ef73a9f182148ceaca698088ee5e789babafb9d2af4a20735dd88330866d2956,2026-10-04,public-recipe-v1
RDA-91143,인삼전(인삼찹쌀전),https://www.nics.go.kr/food/kfi/tfSrch08/view?menuId=PS03520&tfcode=91143,42,ef73a9f182148ceaca698088ee5e789babafb9d2af4a20735dd88330866d2956,2026-10-04,public-recipe-v1
RDA-90320,인삼정과,https://www.nics.go.kr/food/kfi/tfSrch08/view?menuId=PS03520&tfcode=90320,42,ef73a9f182148ceaca698088ee5e789babafb9d2af4a20735dd88330866d2956,2026-10-04,public-recipe-v1
RDA-89704,인삼죽,https://www.nics.go.kr/food/kfi/tfSrch08/view?menuId=PS03520&tfcode=89704,42,ef73a9f182148ceaca698088ee5e789babafb9d2af4a20735dd88330866d2956,2026-10-04,public-recipe-v1
RDA-89745,인삼추어탕,https://www.nics.go.kr/food/kfi/tfSrch08/view?menuId=PS03520&tfcode=89745,42,ef73a9f182148ceaca698088ee5e789babafb9d2af4a20735dd88330866d2956,2026-10-04,public-recipe-v1
RDA-91202,인삼튀김,https://www.nics.go.kr/food/kfi/tfSrch08/view?menuId=PS03520&tfcode=91202,42,ef73a9f182148ceaca698088ee5e789babafb9d2af4a20735dd88330866d2956,2026-10-04,public-recipe-v1
RDA-91798,인삼호박범벅,https://www.nics.go.kr/food/kfi/tfSrch08/view?menuId=PS03520&tfcode=91798,42,ef73a9f182148ceaca698088ee5e789babafb9d2af4a20735dd88330866d2956,2026-10-04,public-recipe-v1
RDA-92431,인절미,https://www.nics.go.kr/food/kfi/tfSrch08/view?menuId=PS03520&tfcode=92431,42,ef73a9f182148ceaca698088ee5e789babafb9d2af4a20735dd88330866d2956,2026-10-04,public-recipe-v1
RDA-90505,임진강장어구이,https://www.nics.go.kr/food/kfi/tfSrch08/view?menuId=PS03520&tfcode=90505,42,ef73a9f182148ceaca698088ee5e789babafb9d2af4a20735dd88330866d2956,2026-10-04,public-recipe-v1
RDA-91183,잉어회,https://www.nics.go.kr/food/kfi/tfSrch08/view?menuId=PS03520&tfcode=91183,42,ef73a9f182148ceaca698088ee5e789babafb9d2af4a20735dd88330866d2956,2026-10-04,public-recipe-v1
RDA-91606,자라찜,https://www.nics.go.kr/food/kfi/tfSrch08/view?menuId=PS03520&tfcode=91606,42,ef73a9f182148ceaca698088ee5e789babafb9d2af4a20735dd88330866d2956,2026-10-04,public-recipe-v1
RDA-92679,자리돔강회,https://www.nics.go.kr/food/kfi/tfSrch08/view?menuId=PS03520&tfcode=92679,42,ef73a9f182148ceaca698088ee5e789babafb9d2af4a20735dd88330866d2956,2026-10-04,public-recipe-v1
RDA-90891,자반고등어찜,https://www.nics.go.kr/food/kfi/tfSrch08/view?menuId=PS03520&tfcode=90891,42,ef73a9f182148ceaca698088ee5e789babafb9d2af4a20735dd88330866d2956,2026-10-04,public-recipe-v1
RDA-89781,자운영나물,https://www.nics.go.kr/food/kfi/tfSrch08/view?menuId=PS03520&tfcode=89781,42,ef73a9f182148ceaca698088ee5e789babafb9d2af4a20735dd88330866d2956,2026-10-04,public-recipe-v1
RDA-91689,잔새우젓(갠갱이젓),https://www.nics.go.kr/food/kfi/tfSrch08/view?menuId=PS03520&tfcode=91689,42,ef73a9f182148ceaca698088ee5e789babafb9d2af4a20735dd88330866d2956,2026-10-04,public-recipe-v1
RDA-92644,잡채 [방법2],https://www.nics.go.kr/food/kfi/tfSrch08/view?menuId=PS03520&tfcode=92644,42,ef73a9f182148ceaca698088ee5e789babafb9d2af4a20735dd88330866d2956,2026-10-04,public-recipe-v1
RDA-90733,잣죽,https://www.nics.go.kr/food/kfi/tfSrch08/view?menuId=PS03520&tfcode=90733,42,ef73a9f182148ceaca698088ee5e789babafb9d2af4a20735dd88330866d2956,2026-10-04,public-recipe-v1
RDA-90356,장국밥,https://www.nics.go.kr/food/kfi/tfSrch08/view?menuId=PS03520&tfcode=90356,42,ef73a9f182148ceaca698088ee5e789babafb9d2af4a20735dd88330866d2956,2026-10-04,public-recipe-v1
RDA-90369,장국죽,https://www.nics.go.kr/food/kfi/tfSrch08/view?menuId=PS03520&tfcode=90369,42,ef73a9f182148ceaca698088ee5e789babafb9d2af4a20735dd88330866d2956,2026-10-04,public-recipe-v1
RDA-92535,장국죽,https://www.nics.go.kr/food/kfi/tfSrch08/view?menuId=PS03520&tfcode=92535,42,ef73a9f182148ceaca698088ee5e789babafb9d2af4a20735dd88330866d2956,2026-10-04,public-recipe-v1
RDA-89607,장떡,https://www.nics.go.kr/food/kfi/tfSrch08/view?menuId=PS03520&tfcode=89607,42,ef73a9f182148ceaca698088ee5e789babafb9d2af4a20735dd88330866d2956,2026-10-04,public-recipe-v1
RDA-90688,장미화채,https://www.nics.go.kr/food/kfi/tfSrch08/view?menuId=PS03520&tfcode=90688,42,ef73a9f182148ceaca698088ee5e789babafb9d2af4a20735dd88330866d2956,2026-10-04,public-recipe-v1
RDA-90337,장수동동주,https://www.nics.go.kr/food/kfi/tfSrch08/view?menuId=PS03520&tfcode=90337,42,ef73a9f182148ceaca698088ee5e789babafb9d2af4a20735dd88330866d2956,2026-10-04,public-recipe-v1
RDA-92176,장어구이(민물장어구이),https://www.nics.go.kr/food/kfi/tfSrch08/view?menuId=PS03520&tfcode=92176,42,ef73a9f182148ceaca698088ee5e789babafb9d2af4a20735dd88330866d2956,2026-10-04,public-recipe-v1
RDA-92322,장어죽,https://www.nics.go.kr/food/kfi/tfSrch08/view?menuId=PS03520&tfcode=92322,42,ef73a9f182148ceaca698088ee5e789babafb9d2af4a20735dd88330866d2956,2026-10-04,public-recipe-v1
RDA-91948,장어채소말이,https://www.nics.go.kr/food/kfi/tfSrch08/view?menuId=PS03520&tfcode=91948,42,ef73a9f182148ceaca698088ee5e789babafb9d2af4a20735dd88330866d2956,2026-10-04,public-recipe-v1
RDA-91620,장어회,https://www.nics.go.kr/food/kfi/tfSrch08/view?menuId=PS03520&tfcode=91620,42,ef73a9f182148ceaca698088ee5e789babafb9d2af4a20735dd88330866d2956,2026-10-04,public-recipe-v1
RDA-90230,장조림(자장),https://www.nics.go.kr/food/kfi/tfSrch08/view?menuId=PS03520&tfcode=90230,42,ef73a9f182148ceaca698088ee5e789babafb9d2af4a20735dd88330866d2956,2026-10-04,public-recipe-v1
RDA-91607,재첩찜,https://www.nics.go.kr/food/kfi/tfSrch08/view?menuId=PS03520&tfcode=91607,42,ef73a9f182148ceaca698088ee5e789babafb9d2af4a20735dd88330866d2956,2026-10-04,public-recipe-v1
RDA-91379,재첩칡수제비,https://www.nics.go.kr/food/kfi/tfSrch08/view?menuId=PS03520&tfcode=91379,42,ef73a9f182148ceaca698088ee5e789babafb9d2af4a20735dd88330866d2956,2026-10-04,public-recipe-v1
RDA-90029,전갱이구이(각재기구이),https://www.nics.go.kr/food/kfi/tfSrch08/view?menuId=PS03520&tfcode=90029,42,ef73a9f182148ceaca698088ee5e789babafb9d2af4a20735dd88330866d2956,2026-10-04,public-recipe-v1
RDA-90090,전갱이젓(각재기젓),https://www.nics.go.kr/food/kfi/tfSrch08/view?menuId=PS03520&tfcode=90090,42,ef73a9f182148ceaca698088ee5e789babafb9d2af4a20735dd88330866d2956,2026-10-04,public-recipe-v1
RDA-92737,"전복구이(거평구이, 거평볶음) [방법 2]",https://www.nics.go.kr/food/kfi/tfSrch08/view?menuId=PS03520&tfcode=92737,43,931052cb41e8157fe271f2fda73631ef65b67350801b80691010e47b9bb526c3,2026-10-04,public-recipe-v1
RDA-91668,전복장아찌,https://www.nics.go.kr/food/kfi/tfSrch08/view?menuId=PS03520&tfcode=91668,43,931052cb41e8157fe271f2fda73631ef65b67350801b80691010e47b9bb526c3,2026-10-04,public-recipe-v1
RDA-90734,전복죽,https://www.nics.go.kr/food/kfi/tfSrch08/view?menuId=PS03520&tfcode=90734,43,931052cb41e8157fe271f2fda73631ef65b67350801b80691010e47b9bb526c3,2026-10-04,public-recipe-v1
RDA-92437,전복죽,https://www.nics.go.kr/food/kfi/tfSrch08/view?menuId=PS03520&tfcode=92437,43,931052cb41e8157fe271f2fda73631ef65b67350801b80691010e47b9bb526c3,2026-10-04,public-recipe-v1
RDA-90570,전복찜,https://www.nics.go.kr/food/kfi/tfSrch08/view?menuId=PS03520&tfcode=90570,43,931052cb41e8157fe271f2fda73631ef65b67350801b80691010e47b9bb526c3,2026-10-04,public-recipe-v1
RDA-90518,전복초,https://www.nics.go.kr/food/kfi/tfSrch08/view?menuId=PS03520&tfcode=90518,43,931052cb41e8157fe271f2fda73631ef65b67350801b80691010e47b9bb526c3,2026-10-04,public-recipe-v1
RDA-92680,전복회 [방법 2],https://www.nics.go.kr/food/kfi/tfSrch08/view?menuId=PS03520&tfcode=92680,43,931052cb41e8157fe271f2fda73631ef65b67350801b80691010e47b9bb526c3,2026-10-04,public-recipe-v1
RDA-90054,전복회<방법 1>,https://www.nics.go.kr/food/kfi/tfSrch08/view?menuId=PS03520&tfcode=90054,43,931052cb41e8157fe271f2fda73631ef65b67350801b80691010e47b9bb526c3,2026-10-04,public-recipe-v1
RDA-90838,전어구이,https://www.nics.go.kr/food/kfi/tfSrch08/view?menuId=PS03520&tfcode=90838,43,931052cb41e8157fe271f2fda73631ef65b67350801b80691010e47b9bb526c3,2026-10-04,public-recipe-v1
RDA-89789,전어구이,https://www.nics.go.kr/food/kfi/tfSrch08/view?menuId=PS03520&tfcode=89789,43,931052cb41e8157fe271f2fda73631ef65b67350801b80691010e47b9bb526c3,2026-10-04,public-recipe-v1
RDA-91690,전어밤젓(돔배젓),https://www.nics.go.kr/food/kfi/tfSrch08/view?menuId=PS03520&tfcode=91690,43,931052cb41e8157fe271f2fda73631ef65b67350801b80691010e47b9bb526c3,2026-10-04,public-recipe-v1
RDA-92210,전어회무침,https://www.nics.go.kr/food/kfi/tfSrch08/view?menuId=PS03520&tfcode=92210,43,931052cb41e8157fe271f2fda73631ef65b67350801b80691010e47b9bb526c3,2026-10-04,public-recipe-v1
RDA-91791,절간고구마죽,https://www.nics.go.kr/food/kfi/tfSrch08/view?menuId=PS03520&tfcode=91791,43,931052cb41e8157fe271f2fda73631ef65b67350801b80691010e47b9bb526c3,2026-10-04,public-recipe-v1
RDA-91349,절간고구마죽(고구마빼데기죽),https://www.nics.go.kr/food/kfi/tfSrch08/view?menuId=PS03520&tfcode=91349,43,931052cb41e8157fe271f2fda73631ef65b67350801b80691010e47b9bb526c3,2026-10-04,public-recipe-v1
RDA-90929,절편,https://www.nics.go.kr/food/kfi/tfSrch08/view?menuId=PS03520&tfcode=90929,43,931052cb41e8157fe271f2fda73631ef65b67350801b80691010e47b9bb526c3,2026-10-04,public-recipe-v1
RDA-92307,점주,https://www.nics.go.kr/food/kfi/tfSrch08/view?menuId=PS03520&tfcode=92307,43,931052cb41e8157fe271f2fda73631ef65b67350801b80691010e47b9bb526c3,2026-10-04,public-recipe-v1
RDA-92053,정지뜰고추장,https://www.nics.go.kr/food/kfi/tfSrch08/view?menuId=PS03520&tfcode=92053,43,931052cb41e8157fe271f2fda73631ef65b67350801b80691010e47b9bb526c3,2026-10-04,public-recipe-v1
RDA-91098,제사나물,https://www.nics.go.kr/food/kfi/tfSrch08/view?menuId=PS03520&tfcode=91098,43,931052cb41e8157fe271f2fda73631ef65b67350801b80691010e47b9bb526c3,2026-10-04,public-recipe-v1
RDA-90544,조개전,https://www.nics.go.kr/food/kfi/tfSrch08/view?menuId=PS03520&tfcode=90544,43,931052cb41e8157fe271f2fda73631ef65b67350801b80691010e47b9bb526c3,2026-10-04,public-recipe-v1
RDA-90288,조개젓,https://www.nics.go.kr/food/kfi/tfSrch08/view?menuId=PS03520&tfcode=90288,43,931052cb41e8157fe271f2fda73631ef65b67350801b80691010e47b9bb526c3,2026-10-04,public-recipe-v1
RDA-91691,조개젓,https://www.nics.go.kr/food/kfi/tfSrch08/view?menuId=PS03520&tfcode=91691,43,931052cb41e8157fe271f2fda73631ef65b67350801b80691010e47b9bb526c3,2026-10-04,public-recipe-v1
RDA-90370,조개죽,https://www.nics.go.kr/food/kfi/tfSrch08/view?menuId=PS03520&tfcode=90370,43,931052cb41e8157fe271f2fda73631ef65b67350801b80691010e47b9bb526c3,2026-10-04,public-recipe-v1
RDA-90457,조기고추장찌개,https://www.nics.go.kr/food/kfi/tfSrch08/view?menuId=PS03520&tfcode=90457,43,931052cb41e8157fe271f2fda73631ef65b67350801b80691010e47b9bb526c3,2026-10-04,public-recipe-v1
RDA-91692,조기식해,https://www.nics.go.kr/food/kfi/tfSrch08/view?menuId=PS03520&tfcode=91692,43,931052cb41e8157fe271f2fda73631ef65b67350801b80691010e47b9bb526c3,2026-10-04,public-recipe-v1
RDA-90514,조기조림,https://www.nics.go.kr/food/kfi/tfSrch08/view?menuId=PS03520&tfcode=90514,43,931052cb41e8157fe271f2fda73631ef65b67350801b80691010e47b9bb526c3,2026-10-04,public-recipe-v1
RDA-92697,조기조림,https://www.nics.go.kr/food/kfi/tfSrch08/view?menuId=PS03520&tfcode=92697,43,931052cb41e8157fe271f2fda73631ef65b67350801b80691010e47b9bb526c3,2026-10-04,public-recipe-v1
RDA-90437,조깃국(조기맑은탕),https://www.nics.go.kr/food/kfi/tfSrch08/view?menuId=PS03520&tfcode=90437,43,931052cb41e8157fe271f2fda73631ef65b67350801b80691010e47b9bb526c3,2026-10-04,public-recipe-v1
RDA-91006,조마감자수제비,https://www.nics.go.kr/food/kfi/tfSrch08/view?menuId=PS03520&tfcode=91006,43,931052cb41e8157fe271f2fda73631ef65b67350801b80691010e47b9bb526c3,2026-10-04,public-recipe-v1
RDA-92331,조밥,https://www.nics.go.kr/food/kfi/tfSrch08/view?menuId=PS03520&tfcode=92331,43,931052cb41e8157fe271f2fda73631ef65b67350801b80691010e47b9bb526c3,2026-10-04,public-recipe-v1
RDA-92081,조팥죽,https://www.nics.go.kr/food/kfi/tfSrch08/view?menuId=PS03520&tfcode=92081,43,931052cb41e8157fe271f2fda73631ef65b67350801b80691010e47b9bb526c3,2026-10-04,public-recipe-v1
RDA-90438,족탕,https://www.nics.go.kr/food/kfi/tfSrch08/view?menuId=PS03520&tfcode=90438,43,931052cb41e8157fe271f2fda73631ef65b67350801b80691010e47b9bb526c3,2026-10-04,public-recipe-v1
RDA-90600,족편,https://www.nics.go.kr/food/kfi/tfSrch08/view?menuId=PS03520&tfcode=90600,43,931052cb41e8157fe271f2fda73631ef65b67350801b80691010e47b9bb526c3,2026-10-04,public-recipe-v1
RDA-92481,족편,https://www.nics.go.kr/food/kfi/tfSrch08/view?menuId=PS03520&tfcode=92481,43,931052cb41e8157fe271f2fda73631ef65b67350801b80691010e47b9bb526c3,2026-10-04,public-recipe-v1
RDA-92543,좁쌀미음,https://www.nics.go.kr/food/kfi/tfSrch08/view?menuId=PS03520&tfcode=92543,43,931052cb41e8157fe271f2fda73631ef65b67350801b80691010e47b9bb526c3,2026-10-04,public-recipe-v1
RDA-90554,종갈비찜,https://www.nics.go.kr/food/kfi/tfSrch08/view?menuId=PS03520&tfcode=90554,43,931052cb41e8157fe271f2fda73631ef65b67350801b80691010e47b9bb526c3,2026-10-04,public-recipe-v1
RDA-91903,주문진한치물회,https://www.nics.go.kr/food/kfi/tfSrch08/view?menuId=PS03520&tfcode=91903,43,931052cb41e8157fe271f2fda73631ef65b67350801b80691010e47b9bb526c3,2026-10-04,public-recipe-v1
RDA-90663,주악,https://www.nics.go.kr/food/kfi/tfSrch08/view?menuId=PS03520&tfcode=90663,43,931052cb41e8157fe271f2fda73631ef65b67350801b80691010e47b9bb526c3,2026-10-04,public-recipe-v1
RDA-91278,주악,https://www.nics.go.kr/food/kfi/tfSrch08/view?menuId=PS03520&tfcode=91278,43,931052cb41e8157fe271f2fda73631ef65b67350801b80691010e47b9bb526c3,2026-10-04,public-recipe-v1
RDA-89782,죽나무순무침,https://www.nics.go.kr/food/kfi/tfSrch08/view?menuId=PS03520&tfcode=89782,43,931052cb41e8157fe271f2fda73631ef65b67350801b80691010e47b9bb526c3,2026-10-04,public-recipe-v1
RDA-92614,죽순국,https://www.nics.go.kr/food/kfi/tfSrch08/view?menuId=PS03520&tfcode=92614,43,931052cb41e8157fe271f2fda73631ef65b67350801b80691010e47b9bb526c3,2026-10-04,public-recipe-v1
RDA-91472,죽순김치,https://www.nics.go.kr/food/kfi/tfSrch08/view?menuId=PS03520&tfcode=91472,43,931052cb41e8157fe271f2fda73631ef65b67350801b80691010e47b9bb526c3,2026-10-04,public-recipe-v1
RDA-92117,죽순된장국,https://www.nics.go.kr/food/kfi/tfSrch08/view?menuId=PS03520&tfcode=92117,43,931052cb41e8157fe271f2fda73631ef65b67350801b80691010e47b9bb526c3,2026-10-04,public-recipe-v1
RDA-91503,죽순무침,https://www.nics.go.kr/food/kfi/tfSrch08/view?menuId=PS03520&tfcode=91503,43,931052cb41e8157fe271f2fda73631ef65b67350801b80691010e47b9bb526c3,2026-10-04,public-recipe-v1
RDA-89606,죽순부각,https://www.nics.go.kr/food/kfi/tfSrch08/view?menuId=PS03520&tfcode=89606,43,931052cb41e8157fe271f2fda73631ef65b67350801b80691010e47b9bb526c3,2026-10-04,public-recipe-v1
RDA-92326,죽순전,https://www.nics.go.kr/food/kfi/tfSrch08/view?menuId=PS03520&tfcode=92326,43,931052cb41e8157fe271f2fda73631ef65b67350801b80691010e47b9bb526c3,2026-10-04,public-recipe-v1
RDA-92211,죽순회무침,https://www.nics.go.kr/food/kfi/tfSrch08/view?menuId=PS03520&tfcode=92211,43,931052cb41e8157fe271f2fda73631ef65b67350801b80691010e47b9bb526c3,2026-10-04,public-recipe-v1
RDA-92309,죽엽청주(댓잎솔잎청주),https://www.nics.go.kr/food/kfi/tfSrch08/view?menuId=PS03520&tfcode=92309,43,931052cb41e8157fe271f2fda73631ef65b67350801b80691010e47b9bb526c3,2026-10-04,public-recipe-v1
RDA-90506,준치구이,https://www.nics.go.kr/food/kfi/tfSrch08/view?menuId=PS03520&tfcode=90506,43,931052cb41e8157fe271f2fda73631ef65b67350801b80691010e47b9bb526c3,2026-10-04,public-recipe-v1
RDA-92384,증편,https://www.nics.go.kr/food/kfi/tfSrch08/view?menuId=PS03520&tfcode=92384,43,931052cb41e8157fe271f2fda73631ef65b67350801b80691010e47b9bb526c3,2026-10-04,public-recipe-v1
RDA-92270,증편(기정떡),https://www.nics.go.kr/food/kfi/tfSrch08/view?menuId=PS03520&tfcode=92270,43,931052cb41e8157fe271f2fda73631ef65b67350801b80691010e47b9bb526c3,2026-10-04,public-recipe-v1
RDA-90111,증편(기증편),https://www.nics.go.kr/food/kfi/tfSrch08/view?menuId=PS03520&tfcode=90111,43,931052cb41e8157fe271f2fda73631ef65b67350801b80691010e47b9bb526c3,2026-10-04,public-recipe-v1
RDA-91279,증편(순흥기주떡),https://www.nics.go.kr/food/kfi/tfSrch08/view?menuId=PS03520&tfcode=91279,43,931052cb41e8157fe271f2fda73631ef65b67350801b80691010e47b9bb526c3,2026-10-04,public-recipe-v1
RDA-91290,지례한과,https://www.nics.go.kr/food/kfi/tfSrch08/view?menuId=PS03520&tfcode=91290,43,931052cb41e8157fe271f2fda73631ef65b67350801b80691010e47b9bb526c3,2026-10-04,public-recipe-v1
RDA-89909,지장,https://www.nics.go.kr/food/kfi/tfSrch08/view?menuId=PS03520&tfcode=89909,43,931052cb41e8157fe271f2fda73631ef65b67350801b80691010e47b9bb526c3,2026-10-04,public-recipe-v1
RDA-90954,직지사산채비빔밥,https://www.nics.go.kr/food/kfi/tfSrch08/view?menuId=PS03520&tfcode=90954,43,931052cb41e8157fe271f2fda73631ef65b67350801b80691010e47b9bb526c3,2026-10-04,public-recipe-v1
RDA-92274,진달래화전,https://www.nics.go.kr/food/kfi/tfSrch08/view?menuId=PS03520&tfcode=92274,43,931052cb41e8157fe271f2fda73631ef65b67350801b80691010e47b9bb526c3,2026-10-04,public-recipe-v1
RDA-90707,진달래화채,https://www.nics.go.kr/food/kfi/tfSrch08/view?menuId=PS03520&tfcode=90707,43,931052cb41e8157fe271f2fda73631ef65b67350801b80691010e47b9bb526c3,2026-10-04,public-recipe-v1
RDA-92245,진석화젓(굴젓)<방법2>,https://www.nics.go.kr/food/kfi/tfSrch08/view?menuId=PS03520&tfcode=92245,43,931052cb41e8157fe271f2fda73631ef65b67350801b80691010e47b9bb526c3,2026-10-04,public-recipe-v1
RDA-91525,진영갈비,https://www.nics.go.kr/food/kfi/tfSrch08/view?menuId=PS03520&tfcode=91525,43,931052cb41e8157fe271f2fda73631ef65b67350801b80691010e47b9bb526c3,2026-10-04,public-recipe-v1
RDA-91693,진주식해,https://www.nics.go.kr/food/kfi/tfSrch08/view?menuId=PS03520&tfcode=91693,43,931052cb41e8157fe271f2fda73631ef65b67350801b80691010e47b9bb526c3,2026-10-04,public-recipe-v1
RDA-91340,진주헛제삿밥,https://www.nics.go.kr/food/kfi/tfSrch08/view?menuId=PS03520&tfcode=91340,43,931052cb41e8157fe271f2fda73631ef65b67350801b80691010e47b9bb526c3,2026-10-04,public-recipe-v1
RDA-90487,질경이나물,https://www.nics.go.kr/food/kfi/tfSrch08/view?menuId=PS03520&tfcode=90487,43,931052cb41e8157fe271f2fda73631ef65b67350801b80691010e47b9bb526c3,2026-10-04,public-recipe-v1
RDA-90283,질경이장아찌(빼뿌쟁이장아찌),https://www.nics.go.kr/food/kfi/tfSrch08/view?menuId=PS03520&tfcode=90283,43,931052cb41e8157fe271f2fda73631ef65b67350801b80691010e47b9bb526c3,2026-10-04,public-recipe-v1
RDA-91326,집장(거름장),https://www.nics.go.kr/food/kfi/tfSrch08/view?menuId=PS03520&tfcode=91326,43,931052cb41e8157fe271f2fda73631ef65b67350801b80691010e47b9bb526c3,2026-10-04,public-recipe-v1
RDA-91758,집장(보리겨떡장),https://www.nics.go.kr/food/kfi/tfSrch08/view?menuId=PS03520&tfcode=91758,43,931052cb41e8157fe271f2fda73631ef65b67350801b80691010e47b9bb526c3,2026-10-04,public-recipe-v1
RDA-89776,짠지,https://www.nics.go.kr/food/kfi/tfSrch08/view?menuId=PS03520&tfcode=89776,43,931052cb41e8157fe271f2fda73631ef65b67350801b80691010e47b9bb526c3,2026-10-04,public-recipe-v1
RDA-89569,쪽파김치,https://www.nics.go.kr/food/kfi/tfSrch08/view?menuId=PS03520&tfcode=89569,43,931052cb41e8157fe271f2fda73631ef65b67350801b80691010e47b9bb526c3,2026-10-04,public-recipe-v1
RDA-90078,쪽파장아찌(패마농지),https://www.nics.go.kr/food/kfi/tfSrch08/view?menuId=PS03520&tfcode=90078,43,931052cb41e8157fe271f2fda73631ef65b67350801b80691010e47b9bb526c3,2026-10-04,public-recipe-v1
RDA-90340,찌금장(찌엄장) <방법1>,https://www.nics.go.kr/food/kfi/tfSrch08/view?menuId=PS03520&tfcode=90340,43,931052cb41e8157fe271f2fda73631ef65b67350801b80691010e47b9bb526c3,2026-10-04,public-recipe-v1
RDA-90341,찌금장(찌엄장) <방법2>,https://www.nics.go.kr/food/kfi/tfSrch08/view?menuId=PS03520&tfcode=90341,43,931052cb41e8157fe271f2fda73631ef65b67350801b80691010e47b9bb526c3,2026-10-04,public-recipe-v1
RDA-92063,차밥,https://www.nics.go.kr/food/kfi/tfSrch08/view?menuId=PS03520&tfcode=92063,44,e2c63c8ded005adbd10ce84602b7b80fc87cd60171196d1df08c9619e539264d,2026-10-04,public-recipe-v1
RDA-92271,차조떡,https://www.nics.go.kr/food/kfi/tfSrch08/view?menuId=PS03520&tfcode=92271,44,e2c63c8ded005adbd10ce84602b7b80fc87cd60171196d1df08c9619e539264d,2026-10-04,public-recipe-v1
RDA-92004,"차조떡(정성떡, 차좁쌀인절미) <방법1>",https://www.nics.go.kr/food/kfi/tfSrch08/view?menuId=PS03520&tfcode=92004,44,e2c63c8ded005adbd10ce84602b7b80fc87cd60171196d1df08c9619e539264d,2026-10-04,public-recipe-v1
RDA-92006,"차조떡(정성떡, 차좁쌀인절미) <방법2>",https://www.nics.go.kr/food/kfi/tfSrch08/view?menuId=PS03520&tfcode=92006,44,e2c63c8ded005adbd10ce84602b7b80fc87cd60171196d1df08c9619e539264d,2026-10-04,public-recipe-v1
RDA-90112,차좁쌀떡,https://www.nics.go.kr/food/kfi/tfSrch08/view?menuId=PS03520&tfcode=90112,44,e2c63c8ded005adbd10ce84602b7b80fc87cd60171196d1df08c9619e539264d,2026-10-04,public-recipe-v1
RDA-90146,찰밥,https://www.nics.go.kr/food/kfi/tfSrch08/view?menuId=PS03520&tfcode=90146,44,e2c63c8ded005adbd10ce84602b7b80fc87cd60171196d1df08c9619e539264d,2026-10-04,public-recipe-v1
RDA-92272,찰시루떡,https://www.nics.go.kr/food/kfi/tfSrch08/view?menuId=PS03520&tfcode=92272,44,e2c63c8ded005adbd10ce84602b7b80fc87cd60171196d1df08c9619e539264d,2026-10-04,public-recipe-v1
RDA-91998,찰옥수수시루떡 <방법1>,https://www.nics.go.kr/food/kfi/tfSrch08/view?menuId=PS03520&tfcode=91998,44,e2c63c8ded005adbd10ce84602b7b80fc87cd60171196d1df08c9619e539264d,2026-10-04,public-recipe-v1
RDA-92009,찰옥수수시루떡 <방법2>,https://www.nics.go.kr/food/kfi/tfSrch08/view?menuId=PS03520&tfcode=92009,44,e2c63c8ded005adbd10ce84602b7b80fc87cd60171196d1df08c9619e539264d,2026-10-04,public-recipe-v1
RDA-90290,참게장,https://www.nics.go.kr/food/kfi/tfSrch08/view?menuId=PS03520&tfcode=90290,44,e2c63c8ded005adbd10ce84602b7b80fc87cd60171196d1df08c9619e539264d,2026-10-04,public-recipe-v1
RDA-91433,참게탕,https://www.nics.go.kr/food/kfi/tfSrch08/view?menuId=PS03520&tfcode=91433,44,e2c63c8ded005adbd10ce84602b7b80fc87cd60171196d1df08c9619e539264d,2026-10-04,public-recipe-v1
RDA-91145,참나물전,https://www.nics.go.kr/food/kfi/tfSrch08/view?menuId=PS03520&tfcode=91145,44,e2c63c8ded005adbd10ce84602b7b80fc87cd60171196d1df08c9619e539264d,2026-10-04,public-recipe-v1
RDA-90284,참외장아찌,https://www.nics.go.kr/food/kfi/tfSrch08/view?menuId=PS03520&tfcode=90284,44,e2c63c8ded005adbd10ce84602b7b80fc87cd60171196d1df08c9619e539264d,2026-10-04,public-recipe-v1
RDA-90079,참외장아찌,https://www.nics.go.kr/food/kfi/tfSrch08/view?menuId=PS03520&tfcode=90079,44,e2c63c8ded005adbd10ce84602b7b80fc87cd60171196d1df08c9619e539264d,2026-10-04,public-recipe-v1
RDA-91230,참외장아찌(끝물참외장아찌),https://www.nics.go.kr/food/kfi/tfSrch08/view?menuId=PS03520&tfcode=91230,44,e2c63c8ded005adbd10ce84602b7b80fc87cd60171196d1df08c9619e539264d,2026-10-04,public-recipe-v1
RDA-92239,참외장아찌<방법1>,https://www.nics.go.kr/food/kfi/tfSrch08/view?menuId=PS03520&tfcode=92239,44,e2c63c8ded005adbd10ce84602b7b80fc87cd60171196d1df08c9619e539264d,2026-10-04,public-recipe-v1
RDA-92240,참외장아찌<방법2>,https://www.nics.go.kr/food/kfi/tfSrch08/view?menuId=PS03520&tfcode=92240,44,e2c63c8ded005adbd10ce84602b7b80fc87cd60171196d1df08c9619e539264d,2026-10-04,public-recipe-v1
RDA-89575,참죽나물,https://www.nics.go.kr/food/kfi/tfSrch08/view?menuId=PS03520&tfcode=89575,44,e2c63c8ded005adbd10ce84602b7b80fc87cd60171196d1df08c9619e539264d,2026-10-04,public-recipe-v1
RDA-92219,참죽자반(가죽잎자반),https://www.nics.go.kr/food/kfi/tfSrch08/view?menuId=PS03520&tfcode=92219,44,e2c63c8ded005adbd10ce84602b7b80fc87cd60171196d1df08c9619e539264d,2026-10-04,public-recipe-v1
RDA-91119,참죽장떡(가죽장떡),https://www.nics.go.kr/food/kfi/tfSrch08/view?menuId=PS03520&tfcode=91119,44,e2c63c8ded005adbd10ce84602b7b80fc87cd60171196d1df08c9619e539264d,2026-10-04,public-recipe-v1
RDA-92321,찹쌀고추장,https://www.nics.go.kr/food/kfi/tfSrch08/view?menuId=PS03520&tfcode=92321,44,e2c63c8ded005adbd10ce84602b7b80fc87cd60171196d1df08c9619e539264d,2026-10-04,public-recipe-v1
RDA-90665,찹쌀부꾸미,https://www.nics.go.kr/food/kfi/tfSrch08/view?menuId=PS03520&tfcode=90665,44,e2c63c8ded005adbd10ce84602b7b80fc87cd60171196d1df08c9619e539264d,2026-10-04,public-recipe-v1
RDA-90326,찹쌀엿,https://www.nics.go.kr/food/kfi/tfSrch08/view?menuId=PS03520&tfcode=90326,44,e2c63c8ded005adbd10ce84602b7b80fc87cd60171196d1df08c9619e539264d,2026-10-04,public-recipe-v1
RDA-92048,찹쌀엿술,https://www.nics.go.kr/food/kfi/tfSrch08/view?menuId=PS03520&tfcode=92048,44,e2c63c8ded005adbd10ce84602b7b80fc87cd60171196d1df08c9619e539264d,2026-10-04,public-recipe-v1
RDA-91694,창란젓,https://www.nics.go.kr/food/kfi/tfSrch08/view?menuId=PS03520&tfcode=91694,44,e2c63c8ded005adbd10ce84602b7b80fc87cd60171196d1df08c9619e539264d,2026-10-04,public-recipe-v1
RDA-90921,창란젓,https://www.nics.go.kr/food/kfi/tfSrch08/view?menuId=PS03520&tfcode=90921,44,e2c63c8ded005adbd10ce84602b7b80fc87cd60171196d1df08c9619e539264d,2026-10-04,public-recipe-v1
RDA-91857,창란젓깍두기,https://www.nics.go.kr/food/kfi/tfSrch08/view?menuId=PS03520&tfcode=91857,44,e2c63c8ded005adbd10ce84602b7b80fc87cd60171196d1df08c9619e539264d,2026-10-04,public-recipe-v1
RDA-91309,"창면(착면, 청면)",https://www.nics.go.kr/food/kfi/tfSrch08/view?menuId=PS03520&tfcode=91309,44,e2c63c8ded005adbd10ce84602b7b80fc87cd60171196d1df08c9619e539264d,2026-10-04,public-recipe-v1
RDA-92283,창평쌀엿,https://www.nics.go.kr/food/kfi/tfSrch08/view?menuId=PS03520&tfcode=92283,44,e2c63c8ded005adbd10ce84602b7b80fc87cd60171196d1df08c9619e539264d,2026-10-04,public-recipe-v1
RDA-92593,청국장,https://www.nics.go.kr/food/kfi/tfSrch08/view?menuId=PS03520&tfcode=92593,44,e2c63c8ded005adbd10ce84602b7b80fc87cd60171196d1df08c9619e539264d,2026-10-04,public-recipe-v1
RDA-92456,청국장,https://www.nics.go.kr/food/kfi/tfSrch08/view?menuId=PS03520&tfcode=92456,44,e2c63c8ded005adbd10ce84602b7b80fc87cd60171196d1df08c9619e539264d,2026-10-04,public-recipe-v1
RDA-89911,청국장,https://www.nics.go.kr/food/kfi/tfSrch08/view?menuId=PS03520&tfcode=89911,44,e2c63c8ded005adbd10ce84602b7b80fc87cd60171196d1df08c9619e539264d,2026-10-04,public-recipe-v1
RDA-90342,청국장,https://www.nics.go.kr/food/kfi/tfSrch08/view?menuId=PS03520&tfcode=90342,44,e2c63c8ded005adbd10ce84602b7b80fc87cd60171196d1df08c9619e539264d,2026-10-04,public-recipe-v1
RDA-89682,청국장,https://www.nics.go.kr/food/kfi/tfSrch08/view?menuId=PS03520&tfcode=89682,44,e2c63c8ded005adbd10ce84602b7b80fc87cd60171196d1df08c9619e539264d,2026-10-04,public-recipe-v1
RDA-90193,청국장찌개,https://www.nics.go.kr/food/kfi/tfSrch08/view?menuId=PS03520&tfcode=90193,44,e2c63c8ded005adbd10ce84602b7b80fc87cd60171196d1df08c9619e539264d,2026-10-04,public-recipe-v1
RDA-90508,청어구이(비웃구이),https://www.nics.go.kr/food/kfi/tfSrch08/view?menuId=PS03520&tfcode=90508,44,e2c63c8ded005adbd10ce84602b7b80fc87cd60171196d1df08c9619e539264d,2026-10-04,public-recipe-v1
RDA-91942,청어식해,https://www.nics.go.kr/food/kfi/tfSrch08/view?menuId=PS03520&tfcode=91942,44,e2c63c8ded005adbd10ce84602b7b80fc87cd60171196d1df08c9619e539264d,2026-10-04,public-recipe-v1
RDA-91650,청포묵,https://www.nics.go.kr/food/kfi/tfSrch08/view?menuId=PS03520&tfcode=91650,44,e2c63c8ded005adbd10ce84602b7b80fc87cd60171196d1df08c9619e539264d,2026-10-04,public-recipe-v1
RDA-90270,청포묵(녹두묵),https://www.nics.go.kr/food/kfi/tfSrch08/view?menuId=PS03520&tfcode=90270,44,e2c63c8ded005adbd10ce84602b7b80fc87cd60171196d1df08c9619e539264d,2026-10-04,public-recipe-v1
RDA-91214,청포묵(녹두묵),https://www.nics.go.kr/food/kfi/tfSrch08/view?menuId=PS03520&tfcode=91214,44,e2c63c8ded005adbd10ce84602b7b80fc87cd60171196d1df08c9619e539264d,2026-10-04,public-recipe-v1
RDA-91573,청포묵전,https://www.nics.go.kr/food/kfi/tfSrch08/view?menuId=PS03520&tfcode=91573,44,e2c63c8ded005adbd10ce84602b7b80fc87cd60171196d1df08c9619e539264d,2026-10-04,public-recipe-v1
RDA-90080,초피열매장아찌(제피지),https://www.nics.go.kr/food/kfi/tfSrch08/view?menuId=PS03520&tfcode=90080,44,e2c63c8ded005adbd10ce84602b7b80fc87cd60171196d1df08c9619e539264d,2026-10-04,public-recipe-v1
RDA-89570,총각김치,https://www.nics.go.kr/food/kfi/tfSrch08/view?menuId=PS03520&tfcode=89570,44,e2c63c8ded005adbd10ce84602b7b80fc87cd60171196d1df08c9619e539264d,2026-10-04,public-recipe-v1
RDA-90255,추어숙회,https://www.nics.go.kr/food/kfi/tfSrch08/view?menuId=PS03520&tfcode=90255,44,e2c63c8ded005adbd10ce84602b7b80fc87cd60171196d1df08c9619e539264d,2026-10-04,public-recipe-v1
RDA-89546,추어탕,https://www.nics.go.kr/food/kfi/tfSrch08/view?menuId=PS03520&tfcode=89546,44,e2c63c8ded005adbd10ce84602b7b80fc87cd60171196d1df08c9619e539264d,2026-10-04,public-recipe-v1
RDA-92106,"추어탕(미꾸라지국, 웅구락지국)<방법 1>",https://www.nics.go.kr/food/kfi/tfSrch08/view?menuId=PS03520&tfcode=92106,44,e2c63c8ded005adbd10ce84602b7b80fc87cd60171196d1df08c9619e539264d,2026-10-04,public-recipe-v1
RDA-92107,"추어탕(미꾸라지국, 웅구락지국)<방법 2>",https://www.nics.go.kr/food/kfi/tfSrch08/view?menuId=PS03520&tfcode=92107,44,e2c63c8ded005adbd10ce84602b7b80fc87cd60171196d1df08c9619e539264d,2026-10-04,public-recipe-v1
RDA-91823,춘천막국수,https://www.nics.go.kr/food/kfi/tfSrch08/view?menuId=PS03520&tfcode=91823,44,e2c63c8ded005adbd10ce84602b7b80fc87cd60171196d1df08c9619e539264d,2026-10-04,public-recipe-v1
RDA-91904,춘천쏘가리회,https://www.nics.go.kr/food/kfi/tfSrch08/view?menuId=PS03520&tfcode=91904,44,e2c63c8ded005adbd10ce84602b7b80fc87cd60171196d1df08c9619e539264d,2026-10-04,public-recipe-v1
RDA-89576,취나물,https://www.nics.go.kr/food/kfi/tfSrch08/view?menuId=PS03520&tfcode=89576,44,e2c63c8ded005adbd10ce84602b7b80fc87cd60171196d1df08c9619e539264d,2026-10-04,public-recipe-v1
RDA-92011,취떡,https://www.nics.go.kr/food/kfi/tfSrch08/view?menuId=PS03520&tfcode=92011,44,e2c63c8ded005adbd10ce84602b7b80fc87cd60171196d1df08c9619e539264d,2026-10-04,public-recipe-v1
RDA-89871,칠곡떡,https://www.nics.go.kr/food/kfi/tfSrch08/view?menuId=PS03520&tfcode=89871,44,e2c63c8ded005adbd10ce84602b7b80fc87cd60171196d1df08c9619e539264d,2026-10-04,public-recipe-v1
RDA-91723,칡떡,https://www.nics.go.kr/food/kfi/tfSrch08/view?menuId=PS03520&tfcode=91723,44,e2c63c8ded005adbd10ce84602b7b80fc87cd60171196d1df08c9619e539264d,2026-10-04,public-recipe-v1
RDA-89610,칡묵,https://www.nics.go.kr/food/kfi/tfSrch08/view?menuId=PS03520&tfcode=89610,44,e2c63c8ded005adbd10ce84602b7b80fc87cd60171196d1df08c9619e539264d,2026-10-04,public-recipe-v1
RDA-89644,칡부꾸미,https://www.nics.go.kr/food/kfi/tfSrch08/view?menuId=PS03520&tfcode=89644,44,e2c63c8ded005adbd10ce84602b7b80fc87cd60171196d1df08c9619e539264d,2026-10-04,public-recipe-v1
RDA-89645,칡송편,https://www.nics.go.kr/food/kfi/tfSrch08/view?menuId=PS03520&tfcode=89645,44,e2c63c8ded005adbd10ce84602b7b80fc87cd60171196d1df08c9619e539264d,2026-10-04,public-recipe-v1
RDA-92012,칡송편,https://www.nics.go.kr/food/kfi/tfSrch08/view?menuId=PS03520&tfcode=92012,44,e2c63c8ded005adbd10ce84602b7b80fc87cd60171196d1df08c9619e539264d,2026-10-04,public-recipe-v1
RDA-92013,칡전병,https://www.nics.go.kr/food/kfi/tfSrch08/view?menuId=PS03520&tfcode=92013,44,e2c63c8ded005adbd10ce84602b7b80fc87cd60171196d1df08c9619e539264d,2026-10-04,public-recipe-v1
RDA-89667,칡조청,https://www.nics.go.kr/food/kfi/tfSrch08/view?menuId=PS03520&tfcode=89667,44,e2c63c8ded005adbd10ce84602b7b80fc87cd60171196d1df08c9619e539264d,2026-10-04,public-recipe-v1
RDA-92281,콩강정,https://www.nics.go.kr/food/kfi/tfSrch08/view?menuId=PS03520&tfcode=92281,44,e2c63c8ded005adbd10ce84602b7b80fc87cd60171196d1df08c9619e539264d,2026-10-04,public-recipe-v1
RDA-90167,콩국수,https://www.nics.go.kr/food/kfi/tfSrch08/view?menuId=PS03520&tfcode=90167,44,e2c63c8ded005adbd10ce84602b7b80fc87cd60171196d1df08c9619e539264d,2026-10-04,public-recipe-v1
RDA-92122,콩나물냉국,https://www.nics.go.kr/food/kfi/tfSrch08/view?menuId=PS03520&tfcode=92122,44,e2c63c8ded005adbd10ce84602b7b80fc87cd60171196d1df08c9619e539264d,2026-10-04,public-recipe-v1
RDA-89986,콩나물된장국,https://www.nics.go.kr/food/kfi/tfSrch08/view?menuId=PS03520&tfcode=89986,44,e2c63c8ded005adbd10ce84602b7b80fc87cd60171196d1df08c9619e539264d,2026-10-04,public-recipe-v1
RDA-90964,콩나물밥,https://www.nics.go.kr/food/kfi/tfSrch08/view?menuId=PS03520&tfcode=90964,44,e2c63c8ded005adbd10ce84602b7b80fc87cd60171196d1df08c9619e539264d,2026-10-04,public-recipe-v1
RDA-91344,콩나물밥,https://www.nics.go.kr/food/kfi/tfSrch08/view?menuId=PS03520&tfcode=91344,44,e2c63c8ded005adbd10ce84602b7b80fc87cd60171196d1df08c9619e539264d,2026-10-04,public-recipe-v1
RDA-90727,콩나물밥,https://www.nics.go.kr/food/kfi/tfSrch08/view?menuId=PS03520&tfcode=90727,44,e2c63c8ded005adbd10ce84602b7b80fc87cd60171196d1df08c9619e539264d,2026-10-04,public-recipe-v1
RDA-90965,콩나물밥국(콩나물국밥),https://www.nics.go.kr/food/kfi/tfSrch08/view?menuId=PS03520&tfcode=90965,44,e2c63c8ded005adbd10ce84602b7b80fc87cd60171196d1df08c9619e539264d,2026-10-04,public-recipe-v1
RDA-92083,콩나물죽,https://www.nics.go.kr/food/kfi/tfSrch08/view?menuId=PS03520&tfcode=92083,44,e2c63c8ded005adbd10ce84602b7b80fc87cd60171196d1df08c9619e539264d,2026-10-04,public-recipe-v1
RDA-91362,콩나물죽(콩나물갱죽),https://www.nics.go.kr/food/kfi/tfSrch08/view?menuId=PS03520&tfcode=91362,44,e2c63c8ded005adbd10ce84602b7b80fc87cd60171196d1df08c9619e539264d,2026-10-04,public-recipe-v1
RDA-91146,"콩부침(콩전, 콩죽지짐)",https://www.nics.go.kr/food/kfi/tfSrch08/view?menuId=PS03520&tfcode=91146,44,e2c63c8ded005adbd10ce84602b7b80fc87cd60171196d1df08c9619e539264d,2026-10-04,public-recipe-v1
RDA-92582,콩엿강정,https://www.nics.go.kr/food/kfi/tfSrch08/view?menuId=PS03520&tfcode=92582,45,0888b624bda4f9566a020c2fd06b87a3b8ee0a548348ff181ac4491f136af767,2026-10-04,public-recipe-v1
RDA-92690,콩잎쌈,https://www.nics.go.kr/food/kfi/tfSrch08/view?menuId=PS03520&tfcode=92690,45,0888b624bda4f9566a020c2fd06b87a3b8ee0a548348ff181ac4491f136af767,2026-10-04,public-recipe-v1
RDA-92701,콩잎장아찌(콩썹지),https://www.nics.go.kr/food/kfi/tfSrch08/view?menuId=PS03520&tfcode=92701,45,0888b624bda4f9566a020c2fd06b87a3b8ee0a548348ff181ac4491f136af767,2026-10-04,public-recipe-v1
RDA-91203,콩자반,https://www.nics.go.kr/food/kfi/tfSrch08/view?menuId=PS03520&tfcode=91203,45,0888b624bda4f9566a020c2fd06b87a3b8ee0a548348ff181ac4491f136af767,2026-10-04,public-recipe-v1
RDA-90081,콩장아찌,https://www.nics.go.kr/food/kfi/tfSrch08/view?menuId=PS03520&tfcode=90081,45,0888b624bda4f9566a020c2fd06b87a3b8ee0a548348ff181ac4491f136af767,2026-10-04,public-recipe-v1
RDA-92534,콩죽,https://www.nics.go.kr/food/kfi/tfSrch08/view?menuId=PS03520&tfcode=92534,45,0888b624bda4f9566a020c2fd06b87a3b8ee0a548348ff181ac4491f136af767,2026-10-04,public-recipe-v1
RDA-90984,콩죽,https://www.nics.go.kr/food/kfi/tfSrch08/view?menuId=PS03520&tfcode=90984,45,0888b624bda4f9566a020c2fd06b87a3b8ee0a548348ff181ac4491f136af767,2026-10-04,public-recipe-v1
RDA-91363,콩죽,https://www.nics.go.kr/food/kfi/tfSrch08/view?menuId=PS03520&tfcode=91363,45,0888b624bda4f9566a020c2fd06b87a3b8ee0a548348ff181ac4491f136af767,2026-10-04,public-recipe-v1
RDA-92438,콩죽,https://www.nics.go.kr/food/kfi/tfSrch08/view?menuId=PS03520&tfcode=92438,45,0888b624bda4f9566a020c2fd06b87a3b8ee0a548348ff181ac4491f136af767,2026-10-04,public-recipe-v1
RDA-89935,콩죽,https://www.nics.go.kr/food/kfi/tfSrch08/view?menuId=PS03520&tfcode=89935,45,0888b624bda4f9566a020c2fd06b87a3b8ee0a548348ff181ac4491f136af767,2026-10-04,public-recipe-v1
RDA-91793,콩죽(콩갱이) <방법2>,https://www.nics.go.kr/food/kfi/tfSrch08/view?menuId=PS03520&tfcode=91793,45,0888b624bda4f9566a020c2fd06b87a3b8ee0a548348ff181ac4491f136af767,2026-10-04,public-recipe-v1
RDA-91794,콩죽(콩갱이) <방법3>,https://www.nics.go.kr/food/kfi/tfSrch08/view?menuId=PS03520&tfcode=91794,45,0888b624bda4f9566a020c2fd06b87a3b8ee0a548348ff181ac4491f136af767,2026-10-04,public-recipe-v1
RDA-92459,콩죽(콩갱이) [방법1],https://www.nics.go.kr/food/kfi/tfSrch08/view?menuId=PS03520&tfcode=92459,45,0888b624bda4f9566a020c2fd06b87a3b8ee0a548348ff181ac4491f136af767,2026-10-04,public-recipe-v1
RDA-91824,"콩칼국수(콩가수기, 콩가술이)",https://www.nics.go.kr/food/kfi/tfSrch08/view?menuId=PS03520&tfcode=91824,45,0888b624bda4f9566a020c2fd06b87a3b8ee0a548348ff181ac4491f136af767,2026-10-04,public-recipe-v1
RDA-91844,콩탕<방법1>,https://www.nics.go.kr/food/kfi/tfSrch08/view?menuId=PS03520&tfcode=91844,45,0888b624bda4f9566a020c2fd06b87a3b8ee0a548348ff181ac4491f136af767,2026-10-04,public-recipe-v1
RDA-91012,태양떡국,https://www.nics.go.kr/food/kfi/tfSrch08/view?menuId=PS03520&tfcode=91012,45,0888b624bda4f9566a020c2fd06b87a3b8ee0a548348ff181ac4491f136af767,2026-10-04,public-recipe-v1
RDA-91748,탱자차,https://www.nics.go.kr/food/kfi/tfSrch08/view?menuId=PS03520&tfcode=91748,45,0888b624bda4f9566a020c2fd06b87a3b8ee0a548348ff181ac4491f136af767,2026-10-04,public-recipe-v1
RDA-92325,토끼탕,https://www.nics.go.kr/food/kfi/tfSrch08/view?menuId=PS03520&tfcode=92325,45,0888b624bda4f9566a020c2fd06b87a3b8ee0a548348ff181ac4491f136af767,2026-10-04,public-recipe-v1
RDA-91438,토끼탕,https://www.nics.go.kr/food/kfi/tfSrch08/view?menuId=PS03520&tfcode=91438,45,0888b624bda4f9566a020c2fd06b87a3b8ee0a548348ff181ac4491f136af767,2026-10-04,public-recipe-v1
RDA-90768,토란국,https://www.nics.go.kr/food/kfi/tfSrch08/view?menuId=PS03520&tfcode=90768,45,0888b624bda4f9566a020c2fd06b87a3b8ee0a548348ff181ac4491f136af767,2026-10-04,public-recipe-v1
RDA-89550,토란국,https://www.nics.go.kr/food/kfi/tfSrch08/view?menuId=PS03520&tfcode=89550,45,0888b624bda4f9566a020c2fd06b87a3b8ee0a548348ff181ac4491f136af767,2026-10-04,public-recipe-v1
RDA-91795,토장아욱죽,https://www.nics.go.kr/food/kfi/tfSrch08/view?menuId=PS03520&tfcode=91795,45,0888b624bda4f9566a020c2fd06b87a3b8ee0a548348ff181ac4491f136af767,2026-10-04,public-recipe-v1
RDA-91440,토종닭약탕,https://www.nics.go.kr/food/kfi/tfSrch08/view?menuId=PS03520&tfcode=91440,45,0888b624bda4f9566a020c2fd06b87a3b8ee0a548348ff181ac4491f136af767,2026-10-04,public-recipe-v1
RDA-91345,톳나물밥,https://www.nics.go.kr/food/kfi/tfSrch08/view?menuId=PS03520&tfcode=91345,45,0888b624bda4f9566a020c2fd06b87a3b8ee0a548348ff181ac4491f136af767,2026-10-04,public-recipe-v1
RDA-91086,톳나물젓갈무침,https://www.nics.go.kr/food/kfi/tfSrch08/view?menuId=PS03520&tfcode=91086,45,0888b624bda4f9566a020c2fd06b87a3b8ee0a548348ff181ac4491f136af767,2026-10-04,public-recipe-v1
RDA-89830,톳무침,https://www.nics.go.kr/food/kfi/tfSrch08/view?menuId=PS03520&tfcode=89830,45,0888b624bda4f9566a020c2fd06b87a3b8ee0a548348ff181ac4491f136af767,2026-10-04,public-recipe-v1
RDA-91485,통도라지생채,https://www.nics.go.kr/food/kfi/tfSrch08/view?menuId=PS03520&tfcode=91485,45,0888b624bda4f9566a020c2fd06b87a3b8ee0a548348ff181ac4491f136af767,2026-10-04,public-recipe-v1
RDA-92704,통마늘장아찌(통마농지),https://www.nics.go.kr/food/kfi/tfSrch08/view?menuId=PS03520&tfcode=92704,45,0888b624bda4f9566a020c2fd06b87a3b8ee0a548348ff181ac4491f136af767,2026-10-04,public-recipe-v1
RDA-91725,통영약과,https://www.nics.go.kr/food/kfi/tfSrch08/view?menuId=PS03520&tfcode=91725,45,0888b624bda4f9566a020c2fd06b87a3b8ee0a548348ff181ac4491f136af767,2026-10-04,public-recipe-v1
RDA-92356,파김치,https://www.nics.go.kr/food/kfi/tfSrch08/view?menuId=PS03520&tfcode=92356,45,0888b624bda4f9566a020c2fd06b87a3b8ee0a548348ff181ac4491f136af767,2026-10-04,public-recipe-v1
RDA-90794,파김치,https://www.nics.go.kr/food/kfi/tfSrch08/view?menuId=PS03520&tfcode=90794,45,0888b624bda4f9566a020c2fd06b87a3b8ee0a548348ff181ac4491f136af767,2026-10-04,public-recipe-v1
RDA-89999,파김치(패마농짐치),https://www.nics.go.kr/food/kfi/tfSrch08/view?menuId=PS03520&tfcode=89999,45,0888b624bda4f9566a020c2fd06b87a3b8ee0a548348ff181ac4491f136af767,2026-10-04,public-recipe-v1
RDA-92617,파래국,https://www.nics.go.kr/food/kfi/tfSrch08/view?menuId=PS03520&tfcode=92617,45,0888b624bda4f9566a020c2fd06b87a3b8ee0a548348ff181ac4491f136af767,2026-10-04,public-recipe-v1
RDA-91486,파래무침(나물),https://www.nics.go.kr/food/kfi/tfSrch08/view?menuId=PS03520&tfcode=91486,45,0888b624bda4f9566a020c2fd06b87a3b8ee0a548348ff181ac4491f136af767,2026-10-04,public-recipe-v1
RDA-92220,파래자반,https://www.nics.go.kr/food/kfi/tfSrch08/view?menuId=PS03520&tfcode=92220,45,0888b624bda4f9566a020c2fd06b87a3b8ee0a548348ff181ac4491f136af767,2026-10-04,public-recipe-v1
RDA-91574,파래전,https://www.nics.go.kr/food/kfi/tfSrch08/view?menuId=PS03520&tfcode=91574,45,0888b624bda4f9566a020c2fd06b87a3b8ee0a548348ff181ac4491f136af767,2026-10-04,public-recipe-v1
RDA-90012,파무침(패마농무침),https://www.nics.go.kr/food/kfi/tfSrch08/view?menuId=PS03520&tfcode=90012,45,0888b624bda4f9566a020c2fd06b87a3b8ee0a548348ff181ac4491f136af767,2026-10-04,public-recipe-v1
RDA-90545,파산적,https://www.nics.go.kr/food/kfi/tfSrch08/view?menuId=PS03520&tfcode=90545,45,0888b624bda4f9566a020c2fd06b87a3b8ee0a548348ff181ac4491f136af767,2026-10-04,public-recipe-v1
RDA-90879,파전,https://www.nics.go.kr/food/kfi/tfSrch08/view?menuId=PS03520&tfcode=90879,45,0888b624bda4f9566a020c2fd06b87a3b8ee0a548348ff181ac4491f136af767,2026-10-04,public-recipe-v1
RDA-90623,파주참게장,https://www.nics.go.kr/food/kfi/tfSrch08/view?menuId=PS03520&tfcode=90623,45,0888b624bda4f9566a020c2fd06b87a3b8ee0a548348ff181ac4491f136af767,2026-10-04,public-recipe-v1
RDA-89620,파짠지,https://www.nics.go.kr/food/kfi/tfSrch08/view?menuId=PS03520&tfcode=89620,45,0888b624bda4f9566a020c2fd06b87a3b8ee0a548348ff181ac4491f136af767,2026-10-04,public-recipe-v1
RDA-92705,"파초장아찌(반치장아찌, 반치지)",https://www.nics.go.kr/food/kfi/tfSrch08/view?menuId=PS03520&tfcode=92705,45,0888b624bda4f9566a020c2fd06b87a3b8ee0a548348ff181ac4491f136af767,2026-10-04,public-recipe-v1
RDA-91825,팥국수,https://www.nics.go.kr/food/kfi/tfSrch08/view?menuId=PS03520&tfcode=91825,45,0888b624bda4f9566a020c2fd06b87a3b8ee0a548348ff181ac4491f136af767,2026-10-04,public-recipe-v1
RDA-90729,팥밥,https://www.nics.go.kr/food/kfi/tfSrch08/view?menuId=PS03520&tfcode=90729,45,0888b624bda4f9566a020c2fd06b87a3b8ee0a548348ff181ac4491f136af767,2026-10-04,public-recipe-v1
RDA-92015,팥소흑임자떡,https://www.nics.go.kr/food/kfi/tfSrch08/view?menuId=PS03520&tfcode=92015,45,0888b624bda4f9566a020c2fd06b87a3b8ee0a548348ff181ac4491f136af767,2026-10-04,public-recipe-v1
RDA-90307,팥시루떡,https://www.nics.go.kr/food/kfi/tfSrch08/view?menuId=PS03520&tfcode=90307,45,0888b624bda4f9566a020c2fd06b87a3b8ee0a548348ff181ac4491f136af767,2026-10-04,public-recipe-v1
RDA-89502,팥잎밥,https://www.nics.go.kr/food/kfi/tfSrch08/view?menuId=PS03520&tfcode=89502,45,0888b624bda4f9566a020c2fd06b87a3b8ee0a548348ff181ac4491f136af767,2026-10-04,public-recipe-v1
RDA-92426,팥죽,https://www.nics.go.kr/food/kfi/tfSrch08/view?menuId=PS03520&tfcode=92426,45,0888b624bda4f9566a020c2fd06b87a3b8ee0a548348ff181ac4491f136af767,2026-10-04,public-recipe-v1
RDA-89937,팥죽(폿죽),https://www.nics.go.kr/food/kfi/tfSrch08/view?menuId=PS03520&tfcode=89937,45,0888b624bda4f9566a020c2fd06b87a3b8ee0a548348ff181ac4491f136af767,2026-10-04,public-recipe-v1
RDA-92398,팥칼국수,https://www.nics.go.kr/food/kfi/tfSrch08/view?menuId=PS03520&tfcode=92398,45,0888b624bda4f9566a020c2fd06b87a3b8ee0a548348ff181ac4491f136af767,2026-10-04,public-recipe-v1
RDA-92640,퍼데기김치(퍼데기짐치) [방법2],https://www.nics.go.kr/food/kfi/tfSrch08/view?menuId=PS03520&tfcode=92640,45,0888b624bda4f9566a020c2fd06b87a3b8ee0a548348ff181ac4491f136af767,2026-10-04,public-recipe-v1
RDA-90718,포천이동막걸리,https://www.nics.go.kr/food/kfi/tfSrch08/view?menuId=PS03520&tfcode=90718,45,0888b624bda4f9566a020c2fd06b87a3b8ee0a548348ff181ac4491f136af767,2026-10-04,public-recipe-v1
RDA-89580,표고버섯양념구이,https://www.nics.go.kr/food/kfi/tfSrch08/view?menuId=PS03520&tfcode=89580,45,0888b624bda4f9566a020c2fd06b87a3b8ee0a548348ff181ac4491f136af767,2026-10-04,public-recipe-v1
RDA-90546,표고버섯전,https://www.nics.go.kr/food/kfi/tfSrch08/view?menuId=PS03520&tfcode=90546,45,0888b624bda4f9566a020c2fd06b87a3b8ee0a548348ff181ac4491f136af767,2026-10-04,public-recipe-v1
RDA-90043,표고버섯전(초기전),https://www.nics.go.kr/food/kfi/tfSrch08/view?menuId=PS03520&tfcode=90043,45,0888b624bda4f9566a020c2fd06b87a3b8ee0a548348ff181ac4491f136af767,2026-10-04,public-recipe-v1
RDA-89622,표고장아찌 <방법2>,https://www.nics.go.kr/food/kfi/tfSrch08/view?menuId=PS03520&tfcode=89622,45,0888b624bda4f9566a020c2fd06b87a3b8ee0a548348ff181ac4491f136af767,2026-10-04,public-recipe-v1
RDA-92414,풋고추부각,https://www.nics.go.kr/food/kfi/tfSrch08/view?menuId=PS03520&tfcode=92414,45,0888b624bda4f9566a020c2fd06b87a3b8ee0a548348ff181ac4491f136af767,2026-10-04,public-recipe-v1
RDA-90264,풋고추부각,https://www.nics.go.kr/food/kfi/tfSrch08/view?menuId=PS03520&tfcode=90264,45,0888b624bda4f9566a020c2fd06b87a3b8ee0a548348ff181ac4491f136af767,2026-10-04,public-recipe-v1
RDA-92540,풋고추쇠고기조림,https://www.nics.go.kr/food/kfi/tfSrch08/view?menuId=PS03520&tfcode=92540,45,0888b624bda4f9566a020c2fd06b87a3b8ee0a548348ff181ac4491f136af767,2026-10-04,public-recipe-v1
RDA-92707,풋고추장아찌(고치지) [방법 2],https://www.nics.go.kr/food/kfi/tfSrch08/view?menuId=PS03520&tfcode=92707,45,0888b624bda4f9566a020c2fd06b87a3b8ee0a548348ff181ac4491f136af767,2026-10-04,public-recipe-v1
RDA-90082,풋고추장아찌(고치지)<방법 1>,https://www.nics.go.kr/food/kfi/tfSrch08/view?menuId=PS03520&tfcode=90082,45,0888b624bda4f9566a020c2fd06b87a3b8ee0a548348ff181ac4491f136af767,2026-10-04,public-recipe-v1
RDA-90547,풋고추전,https://www.nics.go.kr/food/kfi/tfSrch08/view?menuId=PS03520&tfcode=90547,45,0888b624bda4f9566a020c2fd06b87a3b8ee0a548348ff181ac4491f136af767,2026-10-04,public-recipe-v1
RDA-92602,풋고추전,https://www.nics.go.kr/food/kfi/tfSrch08/view?menuId=PS03520&tfcode=92602,45,0888b624bda4f9566a020c2fd06b87a3b8ee0a548348ff181ac4491f136af767,2026-10-04,public-recipe-v1
RDA-92474,풋고추전,https://www.nics.go.kr/food/kfi/tfSrch08/view?menuId=PS03520&tfcode=92474,45,0888b624bda4f9566a020c2fd06b87a3b8ee0a548348ff181ac4491f136af767,2026-10-04,public-recipe-v1
RDA-89623,풋고추초장아찌(초고추) <방법1>,https://www.nics.go.kr/food/kfi/tfSrch08/view?menuId=PS03520&tfcode=89623,45,0888b624bda4f9566a020c2fd06b87a3b8ee0a548348ff181ac4491f136af767,2026-10-04,public-recipe-v1
RDA-89617,풋고추초장아찌(초고추) <방법2>,https://www.nics.go.kr/food/kfi/tfSrch08/view?menuId=PS03520&tfcode=89617,45,0888b624bda4f9566a020c2fd06b87a3b8ee0a548348ff181ac4491f136af767,2026-10-04,public-recipe-v1
RDA-92140,풋마늘김치,https://www.nics.go.kr/food/kfi/tfSrch08/view?menuId=PS03520&tfcode=92140,45,0888b624bda4f9566a020c2fd06b87a3b8ee0a548348ff181ac4491f136af767,2026-10-04,public-recipe-v1
RDA-92619,풋마늘대겉절이,https://www.nics.go.kr/food/kfi/tfSrch08/view?menuId=PS03520&tfcode=92619,45,0888b624bda4f9566a020c2fd06b87a3b8ee0a548348ff181ac4491f136af767,2026-10-04,public-recipe-v1
RDA-92648,풋마늘대무침(콥대사니무침),https://www.nics.go.kr/food/kfi/tfSrch08/view?menuId=PS03520&tfcode=92648,45,0888b624bda4f9566a020c2fd06b87a3b8ee0a548348ff181ac4491f136af767,2026-10-04,public-recipe-v1
RDA-92703,풋마늘대장아찌,https://www.nics.go.kr/food/kfi/tfSrch08/view?menuId=PS03520&tfcode=92703,45,0888b624bda4f9566a020c2fd06b87a3b8ee0a548348ff181ac4491f136af767,2026-10-04,public-recipe-v1
RDA-92084,풋보리가루죽,https://www.nics.go.kr/food/kfi/tfSrch08/view?menuId=PS03520&tfcode=92084,46,16a5eec3cfb8e8226c2ed221ffb9afc0edf3e7884f39cd3e875da15a05236911,2026-10-04,public-recipe-v1
RDA-92526,풋보리밥(섯보리밥),https://www.nics.go.kr/food/kfi/tfSrch08/view?menuId=PS03520&tfcode=92526,46,16a5eec3cfb8e8226c2ed221ffb9afc0edf3e7884f39cd3e875da15a05236911,2026-10-04,public-recipe-v1
RDA-91231,풋참외장아찌(참외장아찌),https://www.nics.go.kr/food/kfi/tfSrch08/view?menuId=PS03520&tfcode=91231,46,16a5eec3cfb8e8226c2ed221ffb9afc0edf3e7884f39cd3e875da15a05236911,2026-10-04,public-recipe-v1
RDA-91541,피라미조림(피리조림),https://www.nics.go.kr/food/kfi/tfSrch08/view?menuId=PS03520&tfcode=91541,46,16a5eec3cfb8e8226c2ed221ffb9afc0edf3e7884f39cd3e875da15a05236911,2026-10-04,public-recipe-v1
RDA-91623,피조개회,https://www.nics.go.kr/food/kfi/tfSrch08/view?menuId=PS03520&tfcode=91623,46,16a5eec3cfb8e8226c2ed221ffb9afc0edf3e7884f39cd3e875da15a05236911,2026-10-04,public-recipe-v1
RDA-91291,하회약과,https://www.nics.go.kr/food/kfi/tfSrch08/view?menuId=PS03520&tfcode=91291,46,16a5eec3cfb8e8226c2ed221ffb9afc0edf3e7884f39cd3e875da15a05236911,2026-10-04,public-recipe-v1
RDA-89904,한산소곡주,https://www.nics.go.kr/food/kfi/tfSrch08/view?menuId=PS03520&tfcode=89904,46,16a5eec3cfb8e8226c2ed221ffb9afc0edf3e7884f39cd3e875da15a05236911,2026-10-04,public-recipe-v1
RDA-90031,한치구이,https://www.nics.go.kr/food/kfi/tfSrch08/view?menuId=PS03520&tfcode=90031,46,16a5eec3cfb8e8226c2ed221ffb9afc0edf3e7884f39cd3e875da15a05236911,2026-10-04,public-recipe-v1
RDA-90092,한치젓,https://www.nics.go.kr/food/kfi/tfSrch08/view?menuId=PS03520&tfcode=90092,46,16a5eec3cfb8e8226c2ed221ffb9afc0edf3e7884f39cd3e875da15a05236911,2026-10-04,public-recipe-v1
RDA-91625,한치회,https://www.nics.go.kr/food/kfi/tfSrch08/view?menuId=PS03520&tfcode=91625,46,16a5eec3cfb8e8226c2ed221ffb9afc0edf3e7884f39cd3e875da15a05236911,2026-10-04,public-recipe-v1
RDA-91726,합천유과(병사),https://www.nics.go.kr/food/kfi/tfSrch08/view?menuId=PS03520&tfcode=91726,46,16a5eec3cfb8e8226c2ed221ffb9afc0edf3e7884f39cd3e875da15a05236911,2026-10-04,public-recipe-v1
RDA-89694,해당화색반,https://www.nics.go.kr/food/kfi/tfSrch08/view?menuId=PS03520&tfcode=89694,46,16a5eec3cfb8e8226c2ed221ffb9afc0edf3e7884f39cd3e875da15a05236911,2026-10-04,public-recipe-v1
RDA-89872,해당화전,https://www.nics.go.kr/food/kfi/tfSrch08/view?menuId=PS03520&tfcode=89872,46,16a5eec3cfb8e8226c2ed221ffb9afc0edf3e7884f39cd3e875da15a05236911,2026-10-04,public-recipe-v1
RDA-91054,해물잡탕,https://www.nics.go.kr/food/kfi/tfSrch08/view?menuId=PS03520&tfcode=91054,46,16a5eec3cfb8e8226c2ed221ffb9afc0edf3e7884f39cd3e875da15a05236911,2026-10-04,public-recipe-v1
RDA-91441,해물찜 <방법2>,https://www.nics.go.kr/food/kfi/tfSrch08/view?menuId=PS03520&tfcode=91441,46,16a5eec3cfb8e8226c2ed221ffb9afc0edf3e7884f39cd3e875da15a05236911,2026-10-04,public-recipe-v1
RDA-89715,해물칼국수,https://www.nics.go.kr/food/kfi/tfSrch08/view?menuId=PS03520&tfcode=89715,46,16a5eec3cfb8e8226c2ed221ffb9afc0edf3e7884f39cd3e875da15a05236911,2026-10-04,public-recipe-v1
RDA-89989,해산물국(바르쿡),https://www.nics.go.kr/food/kfi/tfSrch08/view?menuId=PS03520&tfcode=89989,46,16a5eec3cfb8e8226c2ed221ffb9afc0edf3e7884f39cd3e875da15a05236911,2026-10-04,public-recipe-v1
RDA-89748,해삼국,https://www.nics.go.kr/food/kfi/tfSrch08/view?menuId=PS03520&tfcode=89748,46,16a5eec3cfb8e8226c2ed221ffb9afc0edf3e7884f39cd3e875da15a05236911,2026-10-04,public-recipe-v1
RDA-90549,해삼전,https://www.nics.go.kr/food/kfi/tfSrch08/view?menuId=PS03520&tfcode=90549,46,16a5eec3cfb8e8226c2ed221ffb9afc0edf3e7884f39cd3e875da15a05236911,2026-10-04,public-recipe-v1
RDA-91626,해삼초무침,https://www.nics.go.kr/food/kfi/tfSrch08/view?menuId=PS03520&tfcode=91626,46,16a5eec3cfb8e8226c2ed221ffb9afc0edf3e7884f39cd3e875da15a05236911,2026-10-04,public-recipe-v1
RDA-91627,해삼회,https://www.nics.go.kr/food/kfi/tfSrch08/view?menuId=PS03520&tfcode=91627,46,16a5eec3cfb8e8226c2ed221ffb9afc0edf3e7884f39cd3e875da15a05236911,2026-10-04,public-recipe-v1
RDA-92682,해삼회 [방법 1 해삼토렴회],https://www.nics.go.kr/food/kfi/tfSrch08/view?menuId=PS03520&tfcode=92682,46,16a5eec3cfb8e8226c2ed221ffb9afc0edf3e7884f39cd3e875da15a05236911,2026-10-04,public-recipe-v1
RDA-90056,해삼회<방법 2>,https://www.nics.go.kr/food/kfi/tfSrch08/view?menuId=PS03520&tfcode=90056,46,16a5eec3cfb8e8226c2ed221ffb9afc0edf3e7884f39cd3e875da15a05236911,2026-10-04,public-recipe-v1
RDA-91854,해수배추김치(바닷물로 절인 김장김치),https://www.nics.go.kr/food/kfi/tfSrch08/view?menuId=PS03520&tfcode=91854,46,16a5eec3cfb8e8226c2ed221ffb9afc0edf3e7884f39cd3e875da15a05236911,2026-10-04,public-recipe-v1
RDA-91628,해파리회,https://www.nics.go.kr/food/kfi/tfSrch08/view?menuId=PS03520&tfcode=91628,46,16a5eec3cfb8e8226c2ed221ffb9afc0edf3e7884f39cd3e875da15a05236911,2026-10-04,public-recipe-v1
RDA-92649,햇고사리풋마늘대무침,https://www.nics.go.kr/food/kfi/tfSrch08/view?menuId=PS03520&tfcode=92649,46,16a5eec3cfb8e8226c2ed221ffb9afc0edf3e7884f39cd3e875da15a05236911,2026-10-04,public-recipe-v1
RDA-89647,햇보리떡,https://www.nics.go.kr/food/kfi/tfSrch08/view?menuId=PS03520&tfcode=89647,46,16a5eec3cfb8e8226c2ed221ffb9afc0edf3e7884f39cd3e875da15a05236911,2026-10-04,public-recipe-v1
RDA-90581,향어회,https://www.nics.go.kr/food/kfi/tfSrch08/view?menuId=PS03520&tfcode=90581,46,16a5eec3cfb8e8226c2ed221ffb9afc0edf3e7884f39cd3e875da15a05236911,2026-10-04,public-recipe-v1
RDA-91762,현미식초(현미초),https://www.nics.go.kr/food/kfi/tfSrch08/view?menuId=PS03520&tfcode=91762,46,16a5eec3cfb8e8226c2ed221ffb9afc0edf3e7884f39cd3e875da15a05236911,2026-10-04,public-recipe-v1
RDA-90683,호두곶감쌈,https://www.nics.go.kr/food/kfi/tfSrch08/view?menuId=PS03520&tfcode=90683,46,16a5eec3cfb8e8226c2ed221ffb9afc0edf3e7884f39cd3e875da15a05236911,2026-10-04,public-recipe-v1
RDA-91232,호두장아찌,https://www.nics.go.kr/food/kfi/tfSrch08/view?menuId=PS03520&tfcode=91232,46,16a5eec3cfb8e8226c2ed221ffb9afc0edf3e7884f39cd3e875da15a05236911,2026-10-04,public-recipe-v1
RDA-89649,호박고지떡,https://www.nics.go.kr/food/kfi/tfSrch08/view?menuId=PS03520&tfcode=89649,46,16a5eec3cfb8e8226c2ed221ffb9afc0edf3e7884f39cd3e875da15a05236911,2026-10-04,public-recipe-v1
RDA-89874,호박고지떡,https://www.nics.go.kr/food/kfi/tfSrch08/view?menuId=PS03520&tfcode=89874,46,16a5eec3cfb8e8226c2ed221ffb9afc0edf3e7884f39cd3e875da15a05236911,2026-10-04,public-recipe-v1
RDA-92016,호박고지시루떡(호박떡) <방법1>,https://www.nics.go.kr/food/kfi/tfSrch08/view?menuId=PS03520&tfcode=92016,46,16a5eec3cfb8e8226c2ed221ffb9afc0edf3e7884f39cd3e875da15a05236911,2026-10-04,public-recipe-v1
RDA-92461,호박고지시루떡(호박떡) [방법2],https://www.nics.go.kr/food/kfi/tfSrch08/view?menuId=PS03520&tfcode=92461,46,16a5eec3cfb8e8226c2ed221ffb9afc0edf3e7884f39cd3e875da15a05236911,2026-10-04,public-recipe-v1
RDA-89648,호박고지찰시루떡,https://www.nics.go.kr/food/kfi/tfSrch08/view?menuId=PS03520&tfcode=89648,46,16a5eec3cfb8e8226c2ed221ffb9afc0edf3e7884f39cd3e875da15a05236911,2026-10-04,public-recipe-v1
RDA-90308,호박고지찰시루떡,https://www.nics.go.kr/food/kfi/tfSrch08/view?menuId=PS03520&tfcode=90308,46,16a5eec3cfb8e8226c2ed221ffb9afc0edf3e7884f39cd3e875da15a05236911,2026-10-04,public-recipe-v1
RDA-90477,호박김치,https://www.nics.go.kr/food/kfi/tfSrch08/view?menuId=PS03520&tfcode=90477,46,16a5eec3cfb8e8226c2ed221ffb9afc0edf3e7884f39cd3e875da15a05236911,2026-10-04,public-recipe-v1
RDA-92167,호박나물<방법1>,https://www.nics.go.kr/food/kfi/tfSrch08/view?menuId=PS03520&tfcode=92167,46,16a5eec3cfb8e8226c2ed221ffb9afc0edf3e7884f39cd3e875da15a05236911,2026-10-04,public-recipe-v1
RDA-92168,호박나물<방법2>,https://www.nics.go.kr/food/kfi/tfSrch08/view?menuId=PS03520&tfcode=92168,46,16a5eec3cfb8e8226c2ed221ffb9afc0edf3e7884f39cd3e875da15a05236911,2026-10-04,public-recipe-v1
RDA-92050,호박동동주,https://www.nics.go.kr/food/kfi/tfSrch08/view?menuId=PS03520&tfcode=92050,46,16a5eec3cfb8e8226c2ed221ffb9afc0edf3e7884f39cd3e875da15a05236911,2026-10-04,public-recipe-v1
RDA-92022,호박매작과,https://www.nics.go.kr/food/kfi/tfSrch08/view?menuId=PS03520&tfcode=92022,46,16a5eec3cfb8e8226c2ed221ffb9afc0edf3e7884f39cd3e875da15a05236911,2026-10-04,public-recipe-v1
RDA-90376,호박범벅,https://www.nics.go.kr/food/kfi/tfSrch08/view?menuId=PS03520&tfcode=90376,46,16a5eec3cfb8e8226c2ed221ffb9afc0edf3e7884f39cd3e875da15a05236911,2026-10-04,public-recipe-v1
RDA-91366,호박범벅,https://www.nics.go.kr/food/kfi/tfSrch08/view?menuId=PS03520&tfcode=91366,46,16a5eec3cfb8e8226c2ed221ffb9afc0edf3e7884f39cd3e875da15a05236911,2026-10-04,public-recipe-v1
RDA-89516,호박범벅 <방법1>,https://www.nics.go.kr/food/kfi/tfSrch08/view?menuId=PS03520&tfcode=89516,46,16a5eec3cfb8e8226c2ed221ffb9afc0edf3e7884f39cd3e875da15a05236911,2026-10-04,public-recipe-v1
RDA-92488,호박범벅 [방법2],https://www.nics.go.kr/food/kfi/tfSrch08/view?menuId=PS03520&tfcode=92488,46,16a5eec3cfb8e8226c2ed221ffb9afc0edf3e7884f39cd3e875da15a05236911,2026-10-04,public-recipe-v1
RDA-89650,호박부꾸미,https://www.nics.go.kr/food/kfi/tfSrch08/view?menuId=PS03520&tfcode=89650,46,16a5eec3cfb8e8226c2ed221ffb9afc0edf3e7884f39cd3e875da15a05236911,2026-10-04,public-recipe-v1
RDA-92188,호박부침,https://www.nics.go.kr/food/kfi/tfSrch08/view?menuId=PS03520&tfcode=92188,46,16a5eec3cfb8e8226c2ed221ffb9afc0edf3e7884f39cd3e875da15a05236911,2026-10-04,public-recipe-v1
RDA-89513,호박새알죽,https://www.nics.go.kr/food/kfi/tfSrch08/view?menuId=PS03520&tfcode=89513,46,16a5eec3cfb8e8226c2ed221ffb9afc0edf3e7884f39cd3e875da15a05236911,2026-10-04,public-recipe-v1
RDA-90571,호박선,https://www.nics.go.kr/food/kfi/tfSrch08/view?menuId=PS03520&tfcode=90571,46,16a5eec3cfb8e8226c2ed221ffb9afc0edf3e7884f39cd3e875da15a05236911,2026-10-04,public-recipe-v1
RDA-89873,호박송편(고지송편),https://www.nics.go.kr/food/kfi/tfSrch08/view?menuId=PS03520&tfcode=89873,46,16a5eec3cfb8e8226c2ed221ffb9afc0edf3e7884f39cd3e875da15a05236911,2026-10-04,public-recipe-v1
RDA-90986,호박순죽(호박잎죽),https://www.nics.go.kr/food/kfi/tfSrch08/view?menuId=PS03520&tfcode=90986,46,16a5eec3cfb8e8226c2ed221ffb9afc0edf3e7884f39cd3e875da15a05236911,2026-10-04,public-recipe-v1
RDA-92432,호박시루떡,https://www.nics.go.kr/food/kfi/tfSrch08/view?menuId=PS03520&tfcode=92432,46,16a5eec3cfb8e8226c2ed221ffb9afc0edf3e7884f39cd3e875da15a05236911,2026-10-04,public-recipe-v1
RDA-92732,호박시루떡(호박침떡),https://www.nics.go.kr/food/kfi/tfSrch08/view?menuId=PS03520&tfcode=92732,46,16a5eec3cfb8e8226c2ed221ffb9afc0edf3e7884f39cd3e875da15a05236911,2026-10-04,public-recipe-v1
RDA-89673,호박식혜,https://www.nics.go.kr/food/kfi/tfSrch08/view?menuId=PS03520&tfcode=89673,46,16a5eec3cfb8e8226c2ed221ffb9afc0edf3e7884f39cd3e875da15a05236911,2026-10-04,public-recipe-v1
RDA-89654,호박약과,https://www.nics.go.kr/food/kfi/tfSrch08/view?menuId=PS03520&tfcode=89654,46,16a5eec3cfb8e8226c2ed221ffb9afc0edf3e7884f39cd3e875da15a05236911,2026-10-04,public-recipe-v1
RDA-89592,호박오가리누르미,https://www.nics.go.kr/food/kfi/tfSrch08/view?menuId=PS03520&tfcode=89592,46,16a5eec3cfb8e8226c2ed221ffb9afc0edf3e7884f39cd3e875da15a05236911,2026-10-04,public-recipe-v1
RDA-91296,호박오가리엿,https://www.nics.go.kr/food/kfi/tfSrch08/view?menuId=PS03520&tfcode=91296,46,16a5eec3cfb8e8226c2ed221ffb9afc0edf3e7884f39cd3e875da15a05236911,2026-10-04,public-recipe-v1
RDA-92402,호박잎국(호박잎된장국),https://www.nics.go.kr/food/kfi/tfSrch08/view?menuId=PS03520&tfcode=92402,46,16a5eec3cfb8e8226c2ed221ffb9afc0edf3e7884f39cd3e875da15a05236911,2026-10-04,public-recipe-v1
RDA-91443,"호박잎국(호박잎사귀국, 호박잎된장국)",https://www.nics.go.kr/food/kfi/tfSrch08/view?menuId=PS03520&tfcode=91443,46,16a5eec3cfb8e8226c2ed221ffb9afc0edf3e7884f39cd3e875da15a05236911,2026-10-04,public-recipe-v1
RDA-91384,호박잎수제비,https://www.nics.go.kr/food/kfi/tfSrch08/view?menuId=PS03520&tfcode=91384,46,16a5eec3cfb8e8226c2ed221ffb9afc0edf3e7884f39cd3e875da15a05236911,2026-10-04,public-recipe-v1
RDA-89717,호박잎장국수제비,https://www.nics.go.kr/food/kfi/tfSrch08/view?menuId=PS03520&tfcode=89717,46,16a5eec3cfb8e8226c2ed221ffb9afc0edf3e7884f39cd3e875da15a05236911,2026-10-04,public-recipe-v1
RDA-91578,호박전(호박부침),https://www.nics.go.kr/food/kfi/tfSrch08/view?menuId=PS03520&tfcode=91578,46,16a5eec3cfb8e8226c2ed221ffb9afc0edf3e7884f39cd3e875da15a05236911,2026-10-04,public-recipe-v1
RDA-90987,호박죽,https://www.nics.go.kr/food/kfi/tfSrch08/view?menuId=PS03520&tfcode=90987,46,16a5eec3cfb8e8226c2ed221ffb9afc0edf3e7884f39cd3e875da15a05236911,2026-10-04,public-recipe-v1
RDA-89514,호박죽,https://www.nics.go.kr/food/kfi/tfSrch08/view?menuId=PS03520&tfcode=89514,46,16a5eec3cfb8e8226c2ed221ffb9afc0edf3e7884f39cd3e875da15a05236911,2026-10-04,public-recipe-v1
RDA-92450,호박죽,https://www.nics.go.kr/food/kfi/tfSrch08/view?menuId=PS03520&tfcode=92450,46,16a5eec3cfb8e8226c2ed221ffb9afc0edf3e7884f39cd3e875da15a05236911,2026-10-04,public-recipe-v1
RDA-90158,호박죽,https://www.nics.go.kr/food/kfi/tfSrch08/view?menuId=PS03520&tfcode=90158,46,16a5eec3cfb8e8226c2ed221ffb9afc0edf3e7884f39cd3e875da15a05236911,2026-10-04,public-recipe-v1
RDA-89705,호박죽,https://www.nics.go.kr/food/kfi/tfSrch08/view?menuId=PS03520&tfcode=89705,46,16a5eec3cfb8e8226c2ed221ffb9afc0edf3e7884f39cd3e875da15a05236911,2026-10-04,public-recipe-v1
RDA-91385,호박편수(애호박편수),https://www.nics.go.kr/food/kfi/tfSrch08/view?menuId=PS03520&tfcode=91385,46,16a5eec3cfb8e8226c2ed221ffb9afc0edf3e7884f39cd3e875da15a05236911,2026-10-04,public-recipe-v1
RDA-89706,호박풀떼기죽,https://www.nics.go.kr/food/kfi/tfSrch08/view?menuId=PS03520&tfcode=89706,46,16a5eec3cfb8e8226c2ed221ffb9afc0edf3e7884f39cd3e875da15a05236911,2026-10-04,public-recipe-v1
RDA-92412,홍어찜,https://www.nics.go.kr/food/kfi/tfSrch08/view?menuId=PS03520&tfcode=92412,47,941212c817aeaa68a9876362702d942b87d12b3efb7b21ce34c64ab6124fed55,2026-10-04,public-recipe-v1
RDA-92214,홍어회,https://www.nics.go.kr/food/kfi/tfSrch08/view?menuId=PS03520&tfcode=92214,47,941212c817aeaa68a9876362702d942b87d12b3efb7b21ce34c64ab6124fed55,2026-10-04,public-recipe-v1
RDA-91695,홍치밥식해(홀데기밥식해),https://www.nics.go.kr/food/kfi/tfSrch08/view?menuId=PS03520&tfcode=91695,47,941212c817aeaa68a9876362702d942b87d12b3efb7b21ce34c64ab6124fed55,2026-10-04,public-recipe-v1
RDA-92531,홍합꼬치,https://www.nics.go.kr/food/kfi/tfSrch08/view?menuId=PS03520&tfcode=92531,47,941212c817aeaa68a9876362702d942b87d12b3efb7b21ce34c64ab6124fed55,2026-10-04,public-recipe-v1
RDA-91444,홍합미역국(마른홍합미역국),https://www.nics.go.kr/food/kfi/tfSrch08/view?menuId=PS03520&tfcode=91444,47,941212c817aeaa68a9876362702d942b87d12b3efb7b21ce34c64ab6124fed55,2026-10-04,public-recipe-v1
RDA-90968,홍합밥,https://www.nics.go.kr/food/kfi/tfSrch08/view?menuId=PS03520&tfcode=90968,47,941212c817aeaa68a9876362702d942b87d12b3efb7b21ce34c64ab6124fed55,2026-10-04,public-recipe-v1
RDA-91696,홍합젓,https://www.nics.go.kr/food/kfi/tfSrch08/view?menuId=PS03520&tfcode=91696,47,941212c817aeaa68a9876362702d942b87d12b3efb7b21ce34c64ab6124fed55,2026-10-04,public-recipe-v1
RDA-91364,홍합죽(담치죽),https://www.nics.go.kr/food/kfi/tfSrch08/view?menuId=PS03520&tfcode=91364,47,941212c817aeaa68a9876362702d942b87d12b3efb7b21ce34c64ab6124fed55,2026-10-04,public-recipe-v1
RDA-91785,홍합죽(섭죽),https://www.nics.go.kr/food/kfi/tfSrch08/view?menuId=PS03520&tfcode=91785,47,941212c817aeaa68a9876362702d942b87d12b3efb7b21ce34c64ab6124fed55,2026-10-04,public-recipe-v1
RDA-91545,홍합초,https://www.nics.go.kr/food/kfi/tfSrch08/view?menuId=PS03520&tfcode=91545,47,941212c817aeaa68a9876362702d942b87d12b3efb7b21ce34c64ab6124fed55,2026-10-04,public-recipe-v1
RDA-92589,홍합초,https://www.nics.go.kr/food/kfi/tfSrch08/view?menuId=PS03520&tfcode=92589,47,941212c817aeaa68a9876362702d942b87d12b3efb7b21ce34c64ab6124fed55,2026-10-04,public-recipe-v1
RDA-90550,홍해삼 (해삼 · 홍합쌈),https://www.nics.go.kr/food/kfi/tfSrch08/view?menuId=PS03520&tfcode=90550,47,941212c817aeaa68a9876362702d942b87d12b3efb7b21ce34c64ab6124fed55,2026-10-04,public-recipe-v1
RDA-91510,홑잎나물,https://www.nics.go.kr/food/kfi/tfSrch08/view?menuId=PS03520&tfcode=91510,47,941212c817aeaa68a9876362702d942b87d12b3efb7b21ce34c64ab6124fed55,2026-10-04,public-recipe-v1
RDA-90358,화성굴밥,https://www.nics.go.kr/food/kfi/tfSrch08/view?menuId=PS03520&tfcode=90358,47,941212c817aeaa68a9876362702d942b87d12b3efb7b21ce34c64ab6124fed55,2026-10-04,public-recipe-v1
RDA-90520,화성불낙지볶음,https://www.nics.go.kr/food/kfi/tfSrch08/view?menuId=PS03520&tfcode=90520,47,941212c817aeaa68a9876362702d942b87d12b3efb7b21ce34c64ab6124fed55,2026-10-04,public-recipe-v1
RDA-90548,화양적,https://www.nics.go.kr/food/kfi/tfSrch08/view?menuId=PS03520&tfcode=90548,47,941212c817aeaa68a9876362702d942b87d12b3efb7b21ce34c64ab6124fed55,2026-10-04,public-recipe-v1
RDA-92433,화전,https://www.nics.go.kr/food/kfi/tfSrch08/view?menuId=PS03520&tfcode=92433,47,941212c817aeaa68a9876362702d942b87d12b3efb7b21ce34c64ab6124fed55,2026-10-04,public-recipe-v1
RDA-92017,"화전(전화, 꽃전)",https://www.nics.go.kr/food/kfi/tfSrch08/view?menuId=PS03520&tfcode=92017,47,941212c817aeaa68a9876362702d942b87d12b3efb7b21ce34c64ab6124fed55,2026-10-04,public-recipe-v1
RDA-90624,황석어젓,https://www.nics.go.kr/food/kfi/tfSrch08/view?menuId=PS03520&tfcode=90624,47,941212c817aeaa68a9876362702d942b87d12b3efb7b21ce34c64ab6124fed55,2026-10-04,public-recipe-v1
RDA-92258,황석어젓(황새기젓),https://www.nics.go.kr/food/kfi/tfSrch08/view?menuId=PS03520&tfcode=92258,47,941212c817aeaa68a9876362702d942b87d12b3efb7b21ce34c64ab6124fed55,2026-10-04,public-recipe-v1
RDA-90135,흑오미자주,https://www.nics.go.kr/food/kfi/tfSrch08/view?menuId=PS03520&tfcode=90135,47,941212c817aeaa68a9876362702d942b87d12b3efb7b21ce34c64ab6124fed55,2026-10-04,public-recipe-v1
RDA-90125,흑오미자차,https://www.nics.go.kr/food/kfi/tfSrch08/view?menuId=PS03520&tfcode=90125,47,941212c817aeaa68a9876362702d942b87d12b3efb7b21ce34c64ab6124fed55,2026-10-04,public-recipe-v1
RDA-90310,흑임자떡,https://www.nics.go.kr/food/kfi/tfSrch08/view?menuId=PS03520&tfcode=90310,47,941212c817aeaa68a9876362702d942b87d12b3efb7b21ce34c64ab6124fed55,2026-10-04,public-recipe-v1
RDA-92395,흑임자죽,https://www.nics.go.kr/food/kfi/tfSrch08/view?menuId=PS03520&tfcode=92395,47,941212c817aeaa68a9876362702d942b87d12b3efb7b21ce34c64ab6124fed55,2026-10-04,public-recipe-v1
RDA-89921,"흰밥(곤밥, 산디밥, 밭벼밥)",https://www.nics.go.kr/food/kfi/tfSrch08/view?menuId=PS03520&tfcode=89921,47,941212c817aeaa68a9876362702d942b87d12b3efb7b21ce34c64ab6124fed55,2026-10-04,public-recipe-v1
RDA-92284,흰엿(백당) [방법1],https://www.nics.go.kr/food/kfi/tfSrch08/view?menuId=PS03520&tfcode=92284,47,941212c817aeaa68a9876362702d942b87d12b3efb7b21ce34c64ab6124fed55,2026-10-04,public-recipe-v1
RDA-92285,흰엿(백당) [방법2],https://www.nics.go.kr/food/kfi/tfSrch08/view?menuId=PS03520&tfcode=92285,47,941212c817aeaa68a9876362702d942b87d12b3efb7b21ce34c64ab6124fed55,2026-10-04,public-recipe-v1
RDA-90735,흰죽,https://www.nics.go.kr/food/kfi/tfSrch08/view?menuId=PS03520&tfcode=90735,47,941212c817aeaa68a9876362702d942b87d12b3efb7b21ce34c64ab6124fed55,2026-10-04,public-recipe-v1
