recipeId,name,mainIngredientText,additionalIngredientText,cookingText,sourceName,sourceUrl,sourceReference,sourceSha256,checkedAt,parserVersion,observedCookingStyle
MFDS-104,달래불고기,"쇠고기등심 60g, 달래 5g, 올리브유 3g 양념장 : 간장 5g, 설탕 4g, 다진 양파 15g, 다진 마늘 2g",,,식품의약품안전처 식품안전나라 공개 조리법,https://www.foodsafetykorea.go.kr/popup/sensuousmenuView.do?rcp_menu_no=104,공개 조리법 rcp_menu_no=104,074d3f0c4f1da287388a23421160369019960a0d75a9ff532ca3a0e305c25673,2026-10-04,public-recipe-v1,UNKNOWN
MFDS-107,오리구이곰피쌈,"오리고기 50g, 곰피 15g, 무순 10g, 올리브유 4 양념장 : 오미자 액기스 1g, 고추장 6g, 설탕 2g, 식초 2.5g",,,식품의약품안전처 식품안전나라 공개 조리법,https://www.foodsafetykorea.go.kr/popup/sensuousmenuView.do?rcp_menu_no=107,공개 조리법 rcp_menu_no=107,ce06755c80d2f86e559472faaaadc8d92be13d8a9beb612afcb765e52c528090,2026-10-04,public-recipe-v1,GRILLED
MFDS-108,양상추샐러드,"재료량(4인분) - 양상추 120g, 상추 120g, 오이 120g, 마요네즈 20g",,,식품의약품안전처 식품안전나라 공개 조리법,https://www.foodsafetykorea.go.kr/popup/sensuousmenuView.do?rcp_menu_no=108,공개 조리법 rcp_menu_no=108,1c26dcea3b0751cdb4bcd2890a3c0ed19a1cceee4fa0ae1e8426e51b4dd138c6,2026-10-04,public-recipe-v1,UNKNOWN
MFDS-109,머위대볶음,"재료량(4인분) - 머위대 280g, 다진다진 마늘 20g, 다진파 20g, 들기름 20g, 진간장 20g 들깨가루 20g",,,식품의약품안전처 식품안전나라 공개 조리법,https://www.foodsafetykorea.go.kr/popup/sensuousmenuView.do?rcp_menu_no=109,공개 조리법 rcp_menu_no=109,e1127c08421418dccbbe26fb24518bd9db9333c306285c87795ce0a4464ff5c0,2026-10-04,public-recipe-v1,UNKNOWN
MFDS-110,새싹비빔국수,"재료량(4인분) - 국수360g, 당근40g, 오이 120g, 양배추 40g, 달걀 40g, 표고버섯 20g, 고추장 40g, 참기름 20g",,,식품의약품안전처 식품안전나라 공개 조리법,https://www.foodsafetykorea.go.kr/popup/sensuousmenuView.do?rcp_menu_no=110,공개 조리법 rcp_menu_no=110,e58d7e64956906033a2b1bf9ae2c1f80bf3d2062d1bd349243606e8141dd5389,2026-10-04,public-recipe-v1,UNKNOWN
MFDS-112,바지락 수제비볶음,"밀가루 50g, 물 25g, 바지락 100g(바지락살 40g), 양파 20g, 마늘 5g, 청양고추 5g, 실파 5g, 콩기름 4g, 맛술 5g, 참기름 2g 양념 : 물 25g, 굴소스 1.5g, 간장 1g, 매실액 1.5g, 까나리액젓 1g",,,식품의약품안전처 식품안전나라 공개 조리법,https://www.foodsafetykorea.go.kr/popup/sensuousmenuView.do?rcp_menu_no=112,공개 조리법 rcp_menu_no=112,81c00a7bd5a4f4eaf813f8a4812121d4839abf1e89a4937138643dfa7415feab,2026-10-04,public-recipe-v1,PAN_COOKED
MFDS-116,민들레 생채,"민들레 15g, 양파 10g 양념 : 고춧가루 1.25g, 깨소금 1g, 소금 0.25g, 다진 파 1.25g, 다진 마늘 0.5g, 매실액 4.5g",,,식품의약품안전처 식품안전나라 공개 조리법,https://www.foodsafetykorea.go.kr/popup/sensuousmenuView.do?rcp_menu_no=116,공개 조리법 rcp_menu_no=116,4330feea0c3fe93ee126f9737364d0cdace2870d79dc148cdf72d82244597a45,2026-10-04,public-recipe-v1,UNKNOWN
MFDS-120,취나물 들깨무침,"참취 70g, 간장 1.5g, 소금 0.5g, 다진파 2.25g, 다진마늘 1g, 들기름 3g, 거피들깨가루 6g",,,식품의약품안전처 식품안전나라 공개 조리법,https://www.foodsafetykorea.go.kr/popup/sensuousmenuView.do?rcp_menu_no=120,공개 조리법 rcp_menu_no=120,221bc3e6f5a0a56989c1525a3d0d362ca0ae5f6951603c264ad20f3fd5a9b314,2026-10-04,public-recipe-v1,UNKNOWN
MFDS-121,롤빵샌드위치,"재료량(4인분) - 롤빵 8개, 슬라이드햄 8장, 치즈 8장, 오이 60g, 딸기쨈 20g, 케찹 20g",,,식품의약품안전처 식품안전나라 공개 조리법,https://www.foodsafetykorea.go.kr/popup/sensuousmenuView.do?rcp_menu_no=121,공개 조리법 rcp_menu_no=121,12a2f0bde4bae455720f78e9bd175ab0a3f859dd716b8aaab410712d7be1877e,2026-10-04,public-recipe-v1,UNKNOWN
MFDS-122,호박볶음,호박볶음,,,식품의약품안전처 식품안전나라 공개 조리법,https://www.foodsafetykorea.go.kr/popup/sensuousmenuView.do?rcp_menu_no=122,공개 조리법 rcp_menu_no=122,8818726b78d6744e3cffed4e5b90dc3b6b989a84b64ec3db69bbc5ed033236b0,2026-10-04,public-recipe-v1,UNKNOWN
MFDS-124,열무김치,"재료량(4인분) - 열무 160g, 오이 40g, 밀가루풀 40g, 홍고추 4g, 대파 4g, 다진 마늘 40g, 생강 40g, 소금 120g",,,식품의약품안전처 식품안전나라 공개 조리법,https://www.foodsafetykorea.go.kr/popup/sensuousmenuView.do?rcp_menu_no=124,공개 조리법 rcp_menu_no=124,1d8a4624bcb4cdced8fe04b4e26762c54088b241af09ff4bb31988ec3b136f39,2026-10-04,public-recipe-v1,UNKNOWN
MFDS-126,개조개오븐구이,"개조개살 50g, 달걀 25g, 모짜렐라치즈 20g, 두부 10g, 홍고추 5g, 청고추 5g, 양파 5g, 참기름 3g, 다진 마늘 2g, 밀가루 1g, 소금 0.2g, 후춧가루 0.1g",,,식품의약품안전처 식품안전나라 공개 조리법,https://www.foodsafetykorea.go.kr/popup/sensuousmenuView.do?rcp_menu_no=126,공개 조리법 rcp_menu_no=126,da3b9ae3e3a38f09df238dccf8306144246d7b94905fef84d4d08fb8fa456927,2026-10-04,public-recipe-v1,GRILLED
MFDS-127,토마토소박이,"까나리액젓 3g, 고춧가루 0.6g, 통깨 1g, 설탕 2g 양념 : 토마토 70g, 영양부추 5g, 적양파 8g",,,식품의약품안전처 식품안전나라 공개 조리법,https://www.foodsafetykorea.go.kr/popup/sensuousmenuView.do?rcp_menu_no=127,공개 조리법 rcp_menu_no=127,454c826db1eab155fc76fc0e48df7ff646c5126b8824ac339014afcb3e3a296e,2026-10-04,public-recipe-v1,UNKNOWN
MFDS-128,오이우무냉국,"재료량(4인분) - 우무80g, 오이 200g, 다진 마늘 4g, 소금 4g, 진간장 20g, 식초 20g",,,식품의약품안전처 식품안전나라 공개 조리법,https://www.foodsafetykorea.go.kr/popup/sensuousmenuView.do?rcp_menu_no=128,공개 조리법 rcp_menu_no=128,26340c5547fab89f4196b5778e2a1f19c69ada0b0aab4c2e832648d63d0f69a9,2026-10-04,public-recipe-v1,UNKNOWN
MFDS-131,풋마늘반건오징어김치,"풋마늘 20g, 건오징어 5g 양념 : 밀가루 1.25g, 물 20g, 소금 0.25g, 고추가루 0.6g, 새우젓 0.75g, 멸치액젓 0.25g, 설탕 0.5g, 통깨 0.25g, 생강즙 0.1g",,,식품의약품안전처 식품안전나라 공개 조리법,https://www.foodsafetykorea.go.kr/popup/sensuousmenuView.do?rcp_menu_no=131,공개 조리법 rcp_menu_no=131,8a4ae86b3938e6950866bd6bd28484250dccb41d4e5f3fea87539f6f2195fbb4,2026-10-04,public-recipe-v1,UNKNOWN
MFDS-132,율무밥,"재료량(4인분) - 쌀360g, 율무40g",,,식품의약품안전처 식품안전나라 공개 조리법,https://www.foodsafetykorea.go.kr/popup/sensuousmenuView.do?rcp_menu_no=132,공개 조리법 rcp_menu_no=132,69672e1b6e58e4526fa343f1bfe4006d638b2664aa12ec198b2bb59b682c4db8,2026-10-04,public-recipe-v1,UNKNOWN
MFDS-134,근대된장국,"재료량(4인분) - 근대 280g, 된장 60g, 다진 마늘 4g, 소파 24g",,,식품의약품안전처 식품안전나라 공개 조리법,https://www.foodsafetykorea.go.kr/popup/sensuousmenuView.do?rcp_menu_no=134,공개 조리법 rcp_menu_no=134,b2298ceaa032f1042d0d112daa79c27dc7483d3a18880c14e34a24546e0d2249,2026-10-04,public-recipe-v1,SIMMERED
MFDS-135,가지쇠고기볶음,"재료량(4인분) - 가지 190g, 쇠고기 80g, 파 10g, 간장 35g, 청주 25g, 다진 마늘 15g, 참기름 7g, 설탕 5g, 콩기름 15g, 통깨 2g, 후춧가루 0.4g",,,식품의약품안전처 식품안전나라 공개 조리법,https://www.foodsafetykorea.go.kr/popup/sensuousmenuView.do?rcp_menu_no=135,공개 조리법 rcp_menu_no=135,33a1fb6b3e870cb765390db6bda6b6e9e8355e2471387cef534eddb102675d50,2026-10-04,public-recipe-v1,PAN_COOKED
MFDS-138,게맛살오이냉채,"재료량(4인분) - 게맛살 80g, 오이 80g, 당근40g, 겨자 20g",,,식품의약품안전처 식품안전나라 공개 조리법,https://www.foodsafetykorea.go.kr/popup/sensuousmenuView.do?rcp_menu_no=138,공개 조리법 rcp_menu_no=138,f0bbcbd6ab444edeb3c3bf7a2b693b6e9062c5b201d58f26e4098df7a392ca18,2026-10-04,public-recipe-v1,UNKNOWN
MFDS-139,부추보리밥,"재료량(4인분) - 부추 40g, 보리 40g, 쌀 360g, 강된장 20g",,,식품의약품안전처 식품안전나라 공개 조리법,https://www.foodsafetykorea.go.kr/popup/sensuousmenuView.do?rcp_menu_no=139,공개 조리법 rcp_menu_no=139,0f4d8487eeff9481f1c704a8efeaa14f71ca17b956a2adf77931bd6e70109de6,2026-10-04,public-recipe-v1,UNKNOWN
MFDS-140,쑥절편꽃말이떡,"절편 35g, 녹두 12.5g, 다진 호두 2g, 진달래꽃 2.5g, 설탕 2g, 소금 0.3g",,,식품의약품안전처 식품안전나라 공개 조리법,https://www.foodsafetykorea.go.kr/popup/sensuousmenuView.do?rcp_menu_no=140,공개 조리법 rcp_menu_no=140,ac45de20ec9d71815bbbfafa2f365583179cc82bca32f22ffa9a5aae619584d5,2026-10-04,public-recipe-v1,PAN_COOKED
MFDS-141,메추리알조림,"재료량(4인분) - 메추리알 200g, 진간장 40g, 설탕 20g, 양파 20g, 파 20g",,,식품의약품안전처 식품안전나라 공개 조리법,https://www.foodsafetykorea.go.kr/popup/sensuousmenuView.do?rcp_menu_no=141,공개 조리법 rcp_menu_no=141,8db6b7160244bae67520aa40e1751b22d8f4c763deb3d8b9a8553c17d75cba34,2026-10-04,public-recipe-v1,SIMMERED
MFDS-143,두부과일샐러드,"재료량(4인분) - 두부 120g, 마요네즈 40g, 사과 120g, 옥수수 120g, 건포도 40g, 후르츠샐러드 200g",,,식품의약품안전처 식품안전나라 공개 조리법,https://www.foodsafetykorea.go.kr/popup/sensuousmenuView.do?rcp_menu_no=143,공개 조리법 rcp_menu_no=143,522551616e1428d781fba32635ac5b9693f3b7034f29c99411b32970ed20be74,2026-10-04,public-recipe-v1,UNKNOWN
MFDS-145,오이소박이,"재료량(4인분) - 오이 280g, 부추 40g, 고춧가루 12g, 다진마늘 4g, 멸치액젓 8g, 소금 4g, 파 8g",,,식품의약품안전처 식품안전나라 공개 조리법,https://www.foodsafetykorea.go.kr/popup/sensuousmenuView.do?rcp_menu_no=145,공개 조리법 rcp_menu_no=145,6f741a8d62b026c5127ae5d9d31832823e74142ad8053c2cea43aac780e613d6,2026-10-04,public-recipe-v1,UNKNOWN
MFDS-146,딸기바나나연두부쉐이크,"딸기 100g, 연두부 50g, 바나나 50g, 올리고당 10g",,,식품의약품안전처 식품안전나라 공개 조리법,https://www.foodsafetykorea.go.kr/popup/sensuousmenuView.do?rcp_menu_no=146,공개 조리법 rcp_menu_no=146,ddcaf70ec36712ee9e3cd8dcbfe7dd931f692785fa8136aa5701838c9f742b74,2026-10-04,public-recipe-v1,UNKNOWN
MFDS-147,모시조개된장국,"재료량 - 모시조개 200g, 된장 60g, 멸치 16g, 다진마늘 8g",,,식품의약품안전처 식품안전나라 공개 조리법,https://www.foodsafetykorea.go.kr/popup/sensuousmenuView.do?rcp_menu_no=147,공개 조리법 rcp_menu_no=147,134e6918797ca517767c9d98acb683fe044004bd43698fd3afc5c9066725be98,2026-10-04,public-recipe-v1,SIMMERED
MFDS-148,현미밥,재료량(4인분) - 현미 360g,,,식품의약품안전처 식품안전나라 공개 조리법,https://www.foodsafetykorea.go.kr/popup/sensuousmenuView.do?rcp_menu_no=148,공개 조리법 rcp_menu_no=148,23ca95460eef02836debaa2ef4b68be1bdab0ba1ad1efcef4b96a7877921254c,2026-10-04,public-recipe-v1,UNKNOWN
MFDS-151,도토리묵소면무침,"재료량(4인분) - 도토리묵 280g, 소면 160g, 오이 80g, 당근 20g, 쑥갓 20, 상추 20g, 깻잎 20g, 고춧가루 4g, 다진 마늘 20g, 진간장 40g",,,식품의약품안전처 식품안전나라 공개 조리법,https://www.foodsafetykorea.go.kr/popup/sensuousmenuView.do?rcp_menu_no=151,공개 조리법 rcp_menu_no=151,18fc5e8282900faacc000db27a7854edfecf22b7abedb04b26ddab43dedb7b83,2026-10-04,public-recipe-v1,UNKNOWN
MFDS-152,냉이된장국,"재료량(4인분) - 냉이 240g, 된장 48g, 다진마늘 4g",,,식품의약품안전처 식품안전나라 공개 조리법,https://www.foodsafetykorea.go.kr/popup/sensuousmenuView.do?rcp_menu_no=152,공개 조리법 rcp_menu_no=152,b3559aacc81d0c5d43da41d3e01caec9ae32fc925fe0a36147760f45f8f1892d,2026-10-04,public-recipe-v1,SIMMERED
MFDS-154,단호박경단,"재료량(4인분) - 단호박 80g, 찹쌀가루 40g, 설탕 20g, 카스테라가루 20g",,,식품의약품안전처 식품안전나라 공개 조리법,https://www.foodsafetykorea.go.kr/popup/sensuousmenuView.do?rcp_menu_no=154,공개 조리법 rcp_menu_no=154,00a3255ab64cf7f4696735d0da7762e681d4036fcee0bc44f872232739e58f68,2026-10-04,public-recipe-v1,UNKNOWN
MFDS-157,수수밥,"재료량(4인분) - 수수 80g, 쌀 320g",,,식품의약품안전처 식품안전나라 공개 조리법,https://www.foodsafetykorea.go.kr/popup/sensuousmenuView.do?rcp_menu_no=157,공개 조리법 rcp_menu_no=157,d340cb97e8e72845c745ea33063811a56b95d5d25468552c36c629f487ea26ac,2026-10-04,public-recipe-v1,UNKNOWN
MFDS-158,갈치구이,"재료량(4인분) - 갈치 280g, 소금 4g",,,식품의약품안전처 식품안전나라 공개 조리법,https://www.foodsafetykorea.go.kr/popup/sensuousmenuView.do?rcp_menu_no=158,공개 조리법 rcp_menu_no=158,66a86191611ee87e9817c63f8ae79197bb29af025063140a37e0eaadeaa63c54,2026-10-04,public-recipe-v1,GRILLED
MFDS-159,미나리무침,"재료량(4인분) - 미나리 280g, 파 8g, 참기름 8g, 간장 4g, 고춧가루 4g, 깨소금 1.2g, 다진마늘 8g, 소금 4g",,,식품의약품안전처 식품안전나라 공개 조리법,https://www.foodsafetykorea.go.kr/popup/sensuousmenuView.do?rcp_menu_no=159,공개 조리법 rcp_menu_no=159,c1010f7cda7331804a7e0eb10fab594ca3a1953936c3398b416f7e0b53120289,2026-10-04,public-recipe-v1,UNKNOWN
MFDS-160,미역조갯국,"재료량(4인분) - 건미역 24g, 조갯살 80g, 국간장 8g, 다진 마늘 4g, 참기름 8g, 소금 4g",,,식품의약품안전처 식품안전나라 공개 조리법,https://www.foodsafetykorea.go.kr/popup/sensuousmenuView.do?rcp_menu_no=160,공개 조리법 rcp_menu_no=160,44a40a198e046233bfcbd19d96571ce54098bbc75f95096d26eba4c3d6bdabaa,2026-10-04,public-recipe-v1,SIMMERED
MFDS-163,배추김치,"재료량(4인분) - 배추 160g, 무채 20g, 쪽파 20g, 미나리 20g, 고춧가루 20g, 새우젓 20g",,,식품의약품안전처 식품안전나라 공개 조리법,https://www.foodsafetykorea.go.kr/popup/sensuousmenuView.do?rcp_menu_no=163,공개 조리법 rcp_menu_no=163,1c8db908158d2f2b51a0e8000c527309e94d7e9dcf63d4bd46f0762066c5d037,2026-10-04,public-recipe-v1,UNKNOWN
MFDS-164,조기구이,"재료량(4인분) - 조기 280g, 소금 8g",,,식품의약품안전처 식품안전나라 공개 조리법,https://www.foodsafetykorea.go.kr/popup/sensuousmenuView.do?rcp_menu_no=164,공개 조리법 rcp_menu_no=164,244bee080462422eab2489d64e1ef1f29bd1b9740ec044c9ca516bfee3a4ec60,2026-10-04,public-recipe-v1,GRILLED
MFDS-166,호박가지전,"재료량(4인분) - 호박 280g, 가지 280g, 달걀 160g, 밀가루 80g, 콩기름 20g",,,식품의약품안전처 식품안전나라 공개 조리법,https://www.foodsafetykorea.go.kr/popup/sensuousmenuView.do?rcp_menu_no=166,공개 조리법 rcp_menu_no=166,8e701379b60db4aa748f26967d75e74afea52f790a7b2665d481ee79829f7fde,2026-10-04,public-recipe-v1,GRILLED
MFDS-167,취나물비빔밥,"재료량(4인분) - 보리 40g, 쌀 360g, 취나물 20g, 참기름 4g, 김 2g",,,식품의약품안전처 식품안전나라 공개 조리법,https://www.foodsafetykorea.go.kr/popup/sensuousmenuView.do?rcp_menu_no=167,공개 조리법 rcp_menu_no=167,4977b6d0cdfaf891a15c7d4b3d877dd5791af6198929533c83e185b2734b4b6e,2026-10-04,public-recipe-v1,PAN_COOKED
MFDS-168,순두부찌개,"재료량(4인분) - 달걀 40g, 고춧가루 6g, 김치 80g, 돼지고기 120g, 두부 400g, 다진마늘 10g, 바지락 40g, 소금 8g, 양파 80g, 참기름 4g, 파 20g, 후춧가루 0.4g",,,식품의약품안전처 식품안전나라 공개 조리법,https://www.foodsafetykorea.go.kr/popup/sensuousmenuView.do?rcp_menu_no=168,공개 조리법 rcp_menu_no=168,d4bfbf7f2ad7b60f7ba09af55c2832daae0c0776e65164d40f74d4358ed1e8db,2026-10-04,public-recipe-v1,UNKNOWN
MFDS-169,닭쟁반국수,"재료량(4인분) - 닭 80g, 국수 360g, 당근 40g, 양배추 40g, 양파 40g, 오이 120g, 참기름 8g 고추장 40g",,,식품의약품안전처 식품안전나라 공개 조리법,https://www.foodsafetykorea.go.kr/popup/sensuousmenuView.do?rcp_menu_no=169,공개 조리법 rcp_menu_no=169,11a87de8ad4e3f40bf0104ed0c4d0e30237273b08e386134aa844215c5b2d490,2026-10-04,public-recipe-v1,UNKNOWN
MFDS-170,찐만두,"재료량(4인분) - 돼지고기 80g, 밀가루 96g, 부추 60g, 당면 48g, 진간장 8g, 달걀 32g, 파 20g, 생강 20g",,,식품의약품안전처 식품안전나라 공개 조리법,https://www.foodsafetykorea.go.kr/popup/sensuousmenuView.do?rcp_menu_no=170,공개 조리법 rcp_menu_no=170,ac5c9d5974e1aae823243c343eae0dbb3102db789c95757096d74bec5c0a8262,2026-10-04,public-recipe-v1,STEAMED
MFDS-172,파래무침,"재료량(4인분) - 파래 160g, 오이 80g, 간장 12g, 고춧가루 4g, 무 80g, 설탕 4g, 소금 4g, 식초 8g",,,식품의약품안전처 식품안전나라 공개 조리법,https://www.foodsafetykorea.go.kr/popup/sensuousmenuView.do?rcp_menu_no=172,공개 조리법 rcp_menu_no=172,5f1bef616b88ce96a046795194a3c99767959efc3b838f8b4f51cdfe8201d576,2026-10-04,public-recipe-v1,UNKNOWN
MFDS-173,어묵국,"재료량(4인분) - 어묵 280g, 대파 20g, 다진마늘 4g, 소금 8g",,,식품의약품안전처 식품안전나라 공개 조리법,https://www.foodsafetykorea.go.kr/popup/sensuousmenuView.do?rcp_menu_no=173,공개 조리법 rcp_menu_no=173,7e6c261c9ad6cbdbbdc909ed6f0a6ecee55fa5c9b96ccba3e5c47274530cf22c,2026-10-04,public-recipe-v1,SIMMERED
MFDS-174,오이생채,"재료량(4인분) - 오이 280g, 다진마늘 4g, 설탕 4g, &#44704;소금 2g, 참기름8g , 소파 12g, 소금 4g",,,식품의약품안전처 식품안전나라 공개 조리법,https://www.foodsafetykorea.go.kr/popup/sensuousmenuView.do?rcp_menu_no=174,공개 조리법 rcp_menu_no=174,aa9e803c805165edbdf0113fca5d9afa814e27c252ba47ec17b81e4308faa32b,2026-10-04,public-recipe-v1,UNKNOWN
MFDS-175,홍합달래전,"재료량(4인분) - 달걀 40, 고추 3, 달래 240, 밀가루 80, 양파 40, 콩기름 20, 파 24, 홍합 60",,,식품의약품안전처 식품안전나라 공개 조리법,https://www.foodsafetykorea.go.kr/popup/sensuousmenuView.do?rcp_menu_no=175,공개 조리법 rcp_menu_no=175,62ed8468cf1f64c05df59faeed9dfc8d456de6bc6affb1e62638ebb2c08a3a0b,2026-10-04,public-recipe-v1,UNKNOWN
MFDS-176,풋고추튀김,"재료량(4인분) - 청고추 24g, 달걀 8g, 밀가루 16g, 콩기름 8g",,,식품의약품안전처 식품안전나라 공개 조리법,https://www.foodsafetykorea.go.kr/popup/sensuousmenuView.do?rcp_menu_no=176,공개 조리법 rcp_menu_no=176,1299c0c94f85ac84b8b6f01b1d5efec0260ada211751c66880e89f1fb5ae0bc1,2026-10-04,public-recipe-v1,DEEP_FRIED
MFDS-177,깍두기,"재료량(4인분) - 무 160g, 고춧가루 40g, 액젓 40g, 다진 마늘 20g, 생강 20g",,,식품의약품안전처 식품안전나라 공개 조리법,https://www.foodsafetykorea.go.kr/popup/sensuousmenuView.do?rcp_menu_no=177,공개 조리법 rcp_menu_no=177,ec003f06c10a73b33b1b6a7463769d83f23b4481f2326c239a1c7eb0d54e7975,2026-10-04,public-recipe-v1,UNKNOWN
MFDS-178,딸기주스,"딸기 300g, 액상요구르트 200g",,,식품의약품안전처 식품안전나라 공개 조리법,https://www.foodsafetykorea.go.kr/popup/sensuousmenuView.do?rcp_menu_no=178,공개 조리법 rcp_menu_no=178,9b92230c229108f3b47b94b25dd1356fff74f137e0bdc2eb41e04831a4fc916f,2026-10-04,public-recipe-v1,UNKNOWN
MFDS-181,감자베이컨볶음,"재료량(4인분) - 감자80g, 베이컨 160g, 설탕 4g, 참기름 4g",,,식품의약품안전처 식품안전나라 공개 조리법,https://www.foodsafetykorea.go.kr/popup/sensuousmenuView.do?rcp_menu_no=181,공개 조리법 rcp_menu_no=181,1e043b82703ae55837ef1db8613084c30565d56ea44d4804c474c66df9f28a03,2026-10-04,public-recipe-v1,PAN_COOKED
MFDS-182,아욱된장국,"재료량(4인분) - 아욱 320g, 된장 48g, 다진마늘 4g, 대파 20g",,,식품의약품안전처 식품안전나라 공개 조리법,https://www.foodsafetykorea.go.kr/popup/sensuousmenuView.do?rcp_menu_no=182,공개 조리법 rcp_menu_no=182,76bd4195124677f02dc4a4710d26c097d10c0aa43d86d55ec4bd073865b2be2c,2026-10-04,public-recipe-v1,SIMMERED
MFDS-183,노각생채,"재료량(4인분) - 노각 280g, 고추장 20g, 설탕 4g, 참기름 4g, 소금4g",,,식품의약품안전처 식품안전나라 공개 조리법,https://www.foodsafetykorea.go.kr/popup/sensuousmenuView.do?rcp_menu_no=183,공개 조리법 rcp_menu_no=183,499896f5045194d954e8dbbf7a86569af93af326b9af07ece26c2851da6e8b65,2026-10-04,public-recipe-v1,UNKNOWN
MFDS-184,닭갈비,"재료량(4인분) - 닭고기 240g, 당근 40g, 양파 80g, 간장 5g, 고춧가루 8g, 깻잎 20g, 다진마늘 4g, 생강 4g, 엿 20g, 참기름 12g, 청주 12g, 후춧가루 0.4g",,,식품의약품안전처 식품안전나라 공개 조리법,https://www.foodsafetykorea.go.kr/popup/sensuousmenuView.do?rcp_menu_no=184,공개 조리법 rcp_menu_no=184,36d101fe0f69f23aa6d18f914b70d2479b759860aa0f99b2dbc8690db2be759d,2026-10-04,public-recipe-v1,PAN_COOKED
MFDS-185,흑미밥,"재료량(4인분) - 흑미 40g, 쌀 360g",,,식품의약품안전처 식품안전나라 공개 조리법,https://www.foodsafetykorea.go.kr/popup/sensuousmenuView.do?rcp_menu_no=185,공개 조리법 rcp_menu_no=185,e202e4ad2bc019a9099ba99b8d840ac0b6faccff5f81eb81557172ed9f907c4f,2026-10-04,public-recipe-v1,UNKNOWN
MFDS-186,두릅산적,"재료량(4인분) 두릅 150g, 쇠고기 100g, 달걀 50g, 간장 15g, 밀가루 15g, 파 10g, 콩기름 10g, 다진 마늘 8g, 설탕 4g, 참기름 4g, 소금 3.5g, 후춧가루 0.3g",,,식품의약품안전처 식품안전나라 공개 조리법,https://www.foodsafetykorea.go.kr/popup/sensuousmenuView.do?rcp_menu_no=186,공개 조리법 rcp_menu_no=186,5c0babcc6edd3a98c92178af2193bc9514489561a19207db94fce0582a6cb997,2026-10-04,public-recipe-v1,PAN_COOKED
MFDS-187,냉이바지락국,"재료량(4인분) 냉이 220g, 바지락 65g, 된장 30g, 국멸치 10g, 파 10g, 건다시마 6g, 고추장 10g, 다진 마늘 6g",,,식품의약품안전처 식품안전나라 공개 조리법,https://www.foodsafetykorea.go.kr/popup/sensuousmenuView.do?rcp_menu_no=187,공개 조리법 rcp_menu_no=187,47893fcd82c0d7bff46db1c4060e4a5d0af9fafe6b335c04b763d4a50630e3b7,2026-10-04,public-recipe-v1,SIMMERED
MFDS-188,쇠고기미역국,"재료량(4인분) - 쇠고기 80g, 마른 미역 24g, 간장 8g, 다진마늘 8g, 소금 4g, 참기름 20g",,,식품의약품안전처 식품안전나라 공개 조리법,https://www.foodsafetykorea.go.kr/popup/sensuousmenuView.do?rcp_menu_no=188,공개 조리법 rcp_menu_no=188,147e5d902f91160a62b2206465a8e4daa41f235dcb3bb84ef856fecda624fc74,2026-10-04,public-recipe-v1,SIMMERED
MFDS-189,돼지고기장조림,"재료량(4인분) 돼지고기 190g, 메추리알 80g, 양파 30g, 간장 30g, 청고추 30g, 청주 16g,물엿 10g, 생강 4g",,,식품의약품안전처 식품안전나라 공개 조리법,https://www.foodsafetykorea.go.kr/popup/sensuousmenuView.do?rcp_menu_no=189,공개 조리법 rcp_menu_no=189,a6253da1d87ead87327f63d97efe4f061b56016865086857c3a8ddfd58246f90,2026-10-04,public-recipe-v1,UNKNOWN
MFDS-191,닭가슴살채소조림,"재료량(4인분) - 닭가슴살 240g, 간장 8g, 고추장 20g, 당근 60g, 다진마늘 8g, 양파 80g, 청주 20g, 콩기름 8g",,,식품의약품안전처 식품안전나라 공개 조리법,https://www.foodsafetykorea.go.kr/popup/sensuousmenuView.do?rcp_menu_no=191,공개 조리법 rcp_menu_no=191,3b6ca67817fc6badc1a9c8480e1068a92f7f3093a528a2ae580f21d82f66e333,2026-10-04,public-recipe-v1,SIMMERED
MFDS-192,바나나스무디,"재료량(4인분 - 바나나 200g, 우유 400ml",,,식품의약품안전처 식품안전나라 공개 조리법,https://www.foodsafetykorea.go.kr/popup/sensuousmenuView.do?rcp_menu_no=192,공개 조리법 rcp_menu_no=192,6c7f1c874a22d70399afe4a796f601e7396b75bfa43c1b0f0054b65e09cf9fb7,2026-10-04,public-recipe-v1,UNKNOWN
MFDS-193,머위나물무침,"재료량(4인분) 머위나물 280g, 고추장 40g, 다진 마늘 8g, 설탕 8g, 파 20g, 참기름 12g",,,식품의약품안전처 식품안전나라 공개 조리법,https://www.foodsafetykorea.go.kr/popup/sensuousmenuView.do?rcp_menu_no=193,공개 조리법 rcp_menu_no=193,d38f083d10100038d9c64e1209c0ab02f094aa2288184bad351b772b2d9810fd,2026-10-04,public-recipe-v1,UNKNOWN
MFDS-194,차조밥,"재료량(4인분) - 차조 80g, 백미 60g, 멥쌀 260g",,,식품의약품안전처 식품안전나라 공개 조리법,https://www.foodsafetykorea.go.kr/popup/sensuousmenuView.do?rcp_menu_no=194,공개 조리법 rcp_menu_no=194,034735e74ac5c908333cd546ecf5d84cc06c8afb3ca0840125dcf0b574d621cb,2026-10-04,public-recipe-v1,UNKNOWN
MFDS-195,콩나물김치국,"콩나물 150g, 배추김치 70g, 파 15g, 국멸치 10g, 건다시마 6g, 다진 마늘 7g, 홍고추 4g, 소금 3g, 후춧가루 0.3g",,,식품의약품안전처 식품안전나라 공개 조리법,https://www.foodsafetykorea.go.kr/popup/sensuousmenuView.do?rcp_menu_no=195,공개 조리법 rcp_menu_no=195,3fd495441c20b8d0deeb006a008c39519929cc23dcb0449e47a6a27b6359dc38,2026-10-04,public-recipe-v1,SIMMERED
MFDS-196,수제비,"재료량(4인분) - 감자 120g, 다시마 12g, 다진마늘 4g, 밀가루 360g, 바지락 80g, 소금 6g, 양파 80g, 참기름 8g, 호박 120g",,,식품의약품안전처 식품안전나라 공개 조리법,https://www.foodsafetykorea.go.kr/popup/sensuousmenuView.do?rcp_menu_no=196,공개 조리법 rcp_menu_no=196,efab8ebfed67c65cc9ae35425ca0b8a3cf1434fec2529ad84716c80f431a3bba,2026-10-04,public-recipe-v1,UNKNOWN
MFDS-197,피망두부완자전,"재료량(4인분) - 돼지고기 120g, 두부 100g, 양파 60g, 달걀 50g, 청피망 30g, 밀가루 30g, 당근 15g, 파 10g, 콩기름 10g, 다진 마늘 10g, 소금 2.5g, 후춧가루 0.3g",,,식품의약품안전처 식품안전나라 공개 조리법,https://www.foodsafetykorea.go.kr/popup/sensuousmenuView.do?rcp_menu_no=197,공개 조리법 rcp_menu_no=197,238ba57e34285ac27c6d86d6b43161a38c7e191d754e238e9f3a21a6e81297e5,2026-10-04,public-recipe-v1,PAN_COOKED
MFDS-198,호박잎된장국,"재료량(4인분) - 호박잎 120g, 된장 40g, 국멸치 20g, 애호박 160g파 12g, 다진 마늘 8g, 고춧가루 6g",,,식품의약품안전처 식품안전나라 공개 조리법,https://www.foodsafetykorea.go.kr/popup/sensuousmenuView.do?rcp_menu_no=198,공개 조리법 rcp_menu_no=198,57fbcc5ca67b5279dd3ae7b1f8fb68587aaa925920880dab5fdeabaf334681d4,2026-10-04,public-recipe-v1,UNKNOWN
MFDS-199,탕평채,"재료량(4인분) 녹두묵 220g, 숙주나물 60g, 오이 60g, 쇠고기 30g, 미나리 15g, 당근 20g, 간장 18g, 파 10g, 다진 마늘 8g, 참기름 7g, 김 5g, 설탕 5g, 콩기름 4g, 소금 3g, 후춧가루 0.3g",,,식품의약품안전처 식품안전나라 공개 조리법,https://www.foodsafetykorea.go.kr/popup/sensuousmenuView.do?rcp_menu_no=199,공개 조리법 rcp_menu_no=199,09b2c35fa6aaf63f5170055a34dd5fd9f51a6f97a3ea21d9bf02de799a17deae,2026-10-04,public-recipe-v1,GRILLED
MFDS-200,주꾸미볶음,"재료량(4인분) - 주꾸미 200g, 당근 40g, 양배추 80g, 양파 80g, 다진마늘 8g, 생강 4g, 설탕 16g, 소금 4g, 고추 28g, 고추장 20g, 콩기름 20g, 소파 20g",,,식품의약품안전처 식품안전나라 공개 조리법,https://www.foodsafetykorea.go.kr/popup/sensuousmenuView.do?rcp_menu_no=200,공개 조리법 rcp_menu_no=200,0bc5fbb90bf43c50c56331297656caaa4a30b9c08d3aff64d8670fef222e5182,2026-10-04,public-recipe-v1,PAN_COOKED
MFDS-201,삼치구이,"재료량(4인분) - 삼치 280g, 소금 8g",,,식품의약품안전처 식품안전나라 공개 조리법,https://www.foodsafetykorea.go.kr/popup/sensuousmenuView.do?rcp_menu_no=201,공개 조리법 rcp_menu_no=201,1b00f5befdbe825922e3bd03ac3cb474956cb09e055c147a8d36b11eda13baf0,2026-10-04,public-recipe-v1,GRILLED
MFDS-202,콩나물국,"재료량(4인분) - 콩나물 160g, 국멸치 10g, 건다시마 5g, 파 10g, 다진 마늘 7g, 홍고추 5g, 소금 3g",,,식품의약품안전처 식품안전나라 공개 조리법,https://www.foodsafetykorea.go.kr/popup/sensuousmenuView.do?rcp_menu_no=202,공개 조리법 rcp_menu_no=202,c2129c2454e2f1a8a72d8815aab7c98f1c5d7aa9d12ddc4064389078cb3b3bd8,2026-10-04,public-recipe-v1,SIMMERED
MFDS-203,달래오이무침,"재료량(4인분) - 달래 120g, 오이 80g, 간장 8g, 고춧가루 2g, 고추장 20g, 설탕 8g, 소금 0.8g, 식초 12g, 깨소금 2.8g",,,식품의약품안전처 식품안전나라 공개 조리법,https://www.foodsafetykorea.go.kr/popup/sensuousmenuView.do?rcp_menu_no=203,공개 조리법 rcp_menu_no=203,c30f1b8903580b6635a05ed377a00fcc062e32dd5b561041c115a1a01d4f4a8f,2026-10-04,public-recipe-v1,UNKNOWN
MFDS-205,콩나물겨자채,"재료량(4인분) - 콩나물 120g, 오이 80g, 해파리 40g, 겨자20g",,,식품의약품안전처 식품안전나라 공개 조리법,https://www.foodsafetykorea.go.kr/popup/sensuousmenuView.do?rcp_menu_no=205,공개 조리법 rcp_menu_no=205,ec44054c9976ae96c8b4eba367c887fcd7260bc478ecefa67a4198797c6e0b17,2026-10-04,public-recipe-v1,UNKNOWN
MFDS-206,주꾸미수제비,"재료량(4인분) 밀가루 320g, 주꾸미 160g, 감자 160g, 호박 90g, 양파 60g, 바지락 30g, 파 10g, 건다시마 9g, 국간장 7g, 다진 마늘 6g, 참기름 6g, 소금 3.5g",,,식품의약품안전처 식품안전나라 공개 조리법,https://www.foodsafetykorea.go.kr/popup/sensuousmenuView.do?rcp_menu_no=206,공개 조리법 rcp_menu_no=206,4666ab5575651febbcb9124cbb6d86485ad53ef9177b300b3c99cd6644122a45,2026-10-04,public-recipe-v1,UNKNOWN
MFDS-207,두릅쇠고기완자전,"재료량(4인분) 두부 120g, 두릅 100g, 쇠고기 60g, 달걀 50g, 밀가루 50g, 파 10g, 콩기름 15g, 다진 마늘 5g, 참기름 5g, 소금 1g, 후춧가루 0.3g",,,식품의약품안전처 식품안전나라 공개 조리법,https://www.foodsafetykorea.go.kr/popup/sensuousmenuView.do?rcp_menu_no=207,공개 조리법 rcp_menu_no=207,64fbf20aedc023b655a2dc18f5299ab7c8fb50533e765beb1a51b5a9cc24109f,2026-10-04,public-recipe-v1,PAN_COOKED
MFDS-208,나박김치,"재료량(4인분) - 배추 120g, 무 80g, 오이 80g, 미나리 120g, 고춧가루 40g",,,식품의약품안전처 식품안전나라 공개 조리법,https://www.foodsafetykorea.go.kr/popup/sensuousmenuView.do?rcp_menu_no=208,공개 조리법 rcp_menu_no=208,6fc140225015cc10e7f8fe9af90a762dc0756eed3933894218e5b68e6c3ffc95,2026-10-04,public-recipe-v1,UNKNOWN
MFDS-209,대합미역국,"재료량(4인분) 대합 130g, 건미역 20g, 다진 마늘 7g, 국간장 6g, 참기름 5g, 소금 3g",,,식품의약품안전처 식품안전나라 공개 조리법,https://www.foodsafetykorea.go.kr/popup/sensuousmenuView.do?rcp_menu_no=209,공개 조리법 rcp_menu_no=209,08bcb6df417e606a4995f613931f354e3e8282c00268f79da1ec00d18b6a3497,2026-10-04,public-recipe-v1,UNKNOWN
MFDS-210,고구마돈육강정,"재료량(4인분) - 고구마 180g, 돼지고기 150g, 달걀 50g, 전분 40g, 양파 30g, 고추장 30g, 콩기름 15g, 물엿 15g, 토마토케첩 15g, 파 10g, 다진 마늘 8g, 간장 7g, 땅콩가루 5g, 고춧가루 3g, 생강 3g, 소금 2g, 후춧가루 0.3g",,,식품의약품안전처 식품안전나라 공개 조리법,https://www.foodsafetykorea.go.kr/popup/sensuousmenuView.do?rcp_menu_no=210,공개 조리법 rcp_menu_no=210,68f7aa36841a510666e42f918b7a3fa76d921269a02c5ce564b20438bbb3a8f4,2026-10-04,public-recipe-v1,DEEP_FRIED
MFDS-212,배추말이찜,"재료량(4인분) - 두부 130g, 배추 90g, 돼지고기 70g, 양파 15g, 파 10g, 표고버섯 10g, 당근 10g, 다진 마늘 6g, 굴소스 7g, 간장 6g, 참기름 5g, 소금 3g, 후춧가루 0.4g",,,식품의약품안전처 식품안전나라 공개 조리법,https://www.foodsafetykorea.go.kr/popup/sensuousmenuView.do?rcp_menu_no=212,공개 조리법 rcp_menu_no=212,bdf607cf5b04c6661276392ee3d978721d96e84ea850cded649a3eef40cf5a6b,2026-10-04,public-recipe-v1,STEAMED
MFDS-213,표고버섯볶음,"재료량(4인분) - 표고버섯 240g, 당근 40g, 양파 80g, 콩기름 12g",,,식품의약품안전처 식품안전나라 공개 조리법,https://www.foodsafetykorea.go.kr/popup/sensuousmenuView.do?rcp_menu_no=213,공개 조리법 rcp_menu_no=213,44dc0ca05e6ce6d0cde0662f8878ad951e39411b81cbe2767b7c26e47ff2f21f,2026-10-04,public-recipe-v1,PAN_COOKED
MFDS-214,"상추, 오이, 당근쌈","재료량(4인분) - 당근 120g, 상추 120g, 오이 120g고추장 20g, 된장 60g",,,식품의약품안전처 식품안전나라 공개 조리법,https://www.foodsafetykorea.go.kr/popup/sensuousmenuView.do?rcp_menu_no=214,공개 조리법 rcp_menu_no=214,bc75c0d73df0c89e66c046a093c33d49500d4ff80f009ba866b8719fc60b9c95,2026-10-04,public-recipe-v1,UNKNOWN
MFDS-215,상추겉절이,"재료량(4인분) - 상추 120g, 쑥갓 40g, 양파 40g, 오이 80g, 고춧가루 20g, 진간장 20g, 식초 20g",,,식품의약품안전처 식품안전나라 공개 조리법,https://www.foodsafetykorea.go.kr/popup/sensuousmenuView.do?rcp_menu_no=215,공개 조리법 rcp_menu_no=215,7a6ced663ba37c1478c97a6383546d2022c4e5f2c2356fc48d6fa77cb129155d,2026-10-04,public-recipe-v1,UNKNOWN
MFDS-217,배오이무침,"재료량(4인분) - 오이 200g, 배 160g, 참기름 6g, 파 10g, 다진 마늘 6g, 고춧가루 4g, 소금 3g, 통깨 2g",,,식품의약품안전처 식품안전나라 공개 조리법,https://www.foodsafetykorea.go.kr/popup/sensuousmenuView.do?rcp_menu_no=217,공개 조리법 rcp_menu_no=217,4ebaf6abb08f5abb71b60568f10ad2df932e6efe38033e5004a91fa2880cc058,2026-10-04,public-recipe-v1,UNKNOWN
MFDS-219,감자채튀김,"재료량(4인분) - 감자 280g, 콩기름 40g",,,식품의약품안전처 식품안전나라 공개 조리법,https://www.foodsafetykorea.go.kr/popup/sensuousmenuView.do?rcp_menu_no=219,공개 조리법 rcp_menu_no=219,933cab005fb4dab9e9e98820548be07f008f268f62f55d98b0337355f133ba20,2026-10-04,public-recipe-v1,DEEP_FRIED
MFDS-220,우엉떡조림,"재료량(4인분) - 우엉 100g, 떡볶이떡 80g, 간장 30g, 물엿 15g, 파 10g, 건다시마 6g, 다진 마늘 6g, 참기름 3g, 통깨 2g",,,식품의약품안전처 식품안전나라 공개 조리법,https://www.foodsafetykorea.go.kr/popup/sensuousmenuView.do?rcp_menu_no=220,공개 조리법 rcp_menu_no=220,6d44d2ef455047751201c0ae7058e9d1abbe12404329a53b1d7006189b84e5c8,2026-10-04,public-recipe-v1,SIMMERED
MFDS-221,가자미생선까스,"재료량(4인분) 가자미 200g, 달걀 100g, 빵가루 50g, 밀가루 20g, 콩기름 18g, 소금 3g, 후춧가루 0.4g",,,식품의약품안전처 식품안전나라 공개 조리법,https://www.foodsafetykorea.go.kr/popup/sensuousmenuView.do?rcp_menu_no=221,공개 조리법 rcp_menu_no=221,8798db54a4ac18541d0ce2660ed4e88a903079f154abc2799a632c4756f04019,2026-10-04,public-recipe-v1,DEEP_FRIED
MFDS-222,콩나물무침,"재료량(4인분) - 콩나물 220g, 파 10g, 다진 마늘 6g, 참기름 4g, 고춧가루 3g, 소금 3g, 통깨 2g",,,식품의약품안전처 식품안전나라 공개 조리법,https://www.foodsafetykorea.go.kr/popup/sensuousmenuView.do?rcp_menu_no=222,공개 조리법 rcp_menu_no=222,44a4bffcbc35c7a60208368c1c025371bb38ccc750fc6f80306ac29342d85b0a,2026-10-04,public-recipe-v1,UNKNOWN
MFDS-223,딸기잼,딸기잼(4인분) - 81g,,,식품의약품안전처 식품안전나라 공개 조리법,https://www.foodsafetykorea.go.kr/popup/sensuousmenuView.do?rcp_menu_no=223,공개 조리법 rcp_menu_no=223,a146aab9a4d106d3eb80394cb0e55b78178febc1816a476687aa03037a152fb1,2026-10-04,public-recipe-v1,UNKNOWN
MFDS-224,참다래샐러드,"재료량(4인분) 참다래 300g, 양상추 100g, 오이 60g, 붉은 양배추 50g, 당근 20g, 청피망 20g, 마요네즈 15g, 양파 15g, 식초 15g, 설탕 6g, 올리브유 5g, 소금 3g, 후춧가루 0.3g",,,식품의약품안전처 식품안전나라 공개 조리법,https://www.foodsafetykorea.go.kr/popup/sensuousmenuView.do?rcp_menu_no=224,공개 조리법 rcp_menu_no=224,00493beb5e1f941884e9fdb5e47ecc4e2e63ee963699a6f180301cf80c33800e,2026-10-04,public-recipe-v1,UNKNOWN
MFDS-225,오징어무국,"재료량(4인분) - 오징어 200g, 무 120g, 파 16g, 국간장 8g, 소금 4g 다진 마늘 4g, 고춧가루 12g",,,식품의약품안전처 식품안전나라 공개 조리법,https://www.foodsafetykorea.go.kr/popup/sensuousmenuView.do?rcp_menu_no=225,공개 조리법 rcp_menu_no=225,b380b980a73449155cae852012996e6bd462c4c72bfabfa2394174f0cb5e14d4,2026-10-04,public-recipe-v1,UNKNOWN
MFDS-227,버섯육개장,"재료량(4인분) - 쇠고기 200g, 얼갈이배추 100g, 숙주 70g, 고사리 60g, 표고버섯 60g, 느타리버섯 60g, 파 30g, 다진 마늘 15g, 생강 10g, 고춧가루 10g, 국간장 7g, 소금 3g, 후춧가루 0.4g",,,식품의약품안전처 식품안전나라 공개 조리법,https://www.foodsafetykorea.go.kr/popup/sensuousmenuView.do?rcp_menu_no=227,공개 조리법 rcp_menu_no=227,df03a0c70472436579570598931a9fa5ea27e1ba8e10e17ac3d8785cc4501ab6,2026-10-04,public-recipe-v1,SIMMERED
MFDS-228,달걀야채오믈렛,"재료량(4인분) - 달걀 20g, 당근 80g, 돼지고기 40g, 소금 2g, 양송이 24g, 양파 80g, 옥수수 20g, 우유 40g, 콩기름 8g, 파 12g",,,식품의약품안전처 식품안전나라 공개 조리법,https://www.foodsafetykorea.go.kr/popup/sensuousmenuView.do?rcp_menu_no=228,공개 조리법 rcp_menu_no=228,91d7654c8e65eedf6da9f76e114b906799c2759e6274a566db3b26cc05ea9d60,2026-10-04,public-recipe-v1,PAN_COOKED
MFDS-229,갑오징어어묵볶음,"재료량(4인분) 갑오징어 160g, 어묵 150g, 양배추 30g, 양파 30g, 당근 30g, 간장 30g, 파 10g, 물엿 10g, 콩기름 7g, 다진 마늘 6g, 고춧가루 4g, 참기름 4g, 통깨 2g",,,식품의약품안전처 식품안전나라 공개 조리법,https://www.foodsafetykorea.go.kr/popup/sensuousmenuView.do?rcp_menu_no=229,공개 조리법 rcp_menu_no=229,9ac685f0ccde0728684e991c56bbd5ef3de7ba8cb55d314469778353dc0e5ddb,2026-10-04,public-recipe-v1,UNKNOWN
MFDS-230,호두잔멸치조림,"재료량(4인분) - 잔멸치 50g, 호두 30g, 다진 마늘 7g, 물엿 7g, 콩기름 5g, 설탕 5g, 통깨 2g",,,식품의약품안전처 식품안전나라 공개 조리법,https://www.foodsafetykorea.go.kr/popup/sensuousmenuView.do?rcp_menu_no=230,공개 조리법 rcp_menu_no=230,830425512db448abd2373d2edd454bd41a79fce9d70d36580766a20d56824fae,2026-10-04,public-recipe-v1,SIMMERED
MFDS-231,닭가슴살해파리냉채,"재료량(4인분) 닭가슴살 80g, 해파리80g, 오이 120g, 겨자 12g, 식초 8g",,,식품의약품안전처 식품안전나라 공개 조리법,https://www.foodsafetykorea.go.kr/popup/sensuousmenuView.do?rcp_menu_no=231,공개 조리법 rcp_menu_no=231,aeee974a7638958391ff7bc5beaa89b424fe3f34985f78455084764a64b846c6,2026-10-04,public-recipe-v1,UNKNOWN
MFDS-232,버섯칼국수,"재료량(4인분) - 칼국수면 480g, 표고버섯 60g, 느타리버섯 60g, 애호박 60g, 양파 60g, 감자 40g, 조갯살 30g, 파 20g, 다진 마늘 10g, 국간장 15g, 국멸치 15g, 건다시마 10g, 홍고추 10g, 소금 3g, 후춧가루 0.3g",,,식품의약품안전처 식품안전나라 공개 조리법,https://www.foodsafetykorea.go.kr/popup/sensuousmenuView.do?rcp_menu_no=232,공개 조리법 rcp_menu_no=232,6b68d3b26d0319aeb0302e70c2f7bb4b1878bc8d8166a987ce6ff014f0e883e4,2026-10-04,public-recipe-v1,UNKNOWN
MFDS-233,가지찜,"재료량(4인분) 가지 280g, 진간장 16g, 다진 마늘 8g",,,식품의약품안전처 식품안전나라 공개 조리법,https://www.foodsafetykorea.go.kr/popup/sensuousmenuView.do?rcp_menu_no=233,공개 조리법 rcp_menu_no=233,5f385ba5146dcac1acde7029a554470f8a2eb91427f74883fe4e772f513287ee,2026-10-04,public-recipe-v1,STEAMED
MFDS-234,낙지채소볶음,"재료량(4인분) - 낙지 160g, 양파 100g, 양배추 60g, 당근 30g, 고추장 30g, 파 15g, 홍고추 10g, 다진 마늘 10g, 물엿 10g, 고춧가루 5g, 참기름 5g, 청양고추 5g, 콩기름 5g, 설탕 3g, 간장 2g, 통깨 2g",,,식품의약품안전처 식품안전나라 공개 조리법,https://www.foodsafetykorea.go.kr/popup/sensuousmenuView.do?rcp_menu_no=234,공개 조리법 rcp_menu_no=234,c735d22835a0fcf47b7c8f875a4a2f5766e889494c930eb6dde5587cbc2332e4,2026-10-04,public-recipe-v1,UNKNOWN
MFDS-235,과일야채샐러드,"재료량(4인분) - 사과 80g, 상추 40g, 양배추 120g, 오이 120g, 당근 40g, 마요네즈 52g,",,,식품의약품안전처 식품안전나라 공개 조리법,https://www.foodsafetykorea.go.kr/popup/sensuousmenuView.do?rcp_menu_no=235,공개 조리법 rcp_menu_no=235,0a7e3d38ba1f12b2c7e2c756ac614ad528804e2ad78b59fe907f9764783f40a9,2026-10-04,public-recipe-v1,UNKNOWN
MFDS-236,떡볶이,"재료량(4인분) 떡볶이떡 200g, 양배추 50g, 양파 50g, 고추장 30g, 당근 20g, 파 10g, 간장 6g, 다진 마늘 6g, 설탕 6g, 참기름 5g, 고춧가루 3g, 통깨 2g",,,식품의약품안전처 식품안전나라 공개 조리법,https://www.foodsafetykorea.go.kr/popup/sensuousmenuView.do?rcp_menu_no=236,공개 조리법 rcp_menu_no=236,cd11b5ff0a392c9e48a1d5f20ea738436fcce3734c30e93c9083a0e36a45c57b,2026-10-04,public-recipe-v1,UNKNOWN
MFDS-238,도라지양념구이,"재료량(4인분) - 도라지 160g, 고추장 15g, 물엿 10g, 파 10g, 설탕 8g, 고춧가루 6g, 다진 마늘 6g, 콩기름 6g, 통깨 2g, 소금 2g",,,식품의약품안전처 식품안전나라 공개 조리법,https://www.foodsafetykorea.go.kr/popup/sensuousmenuView.do?rcp_menu_no=238,공개 조리법 rcp_menu_no=238,0654d707668012c1ebee2798f516821cfa9b749f91d8f7e268c3fdfac4fc44b4,2026-10-04,public-recipe-v1,GRILLED
MFDS-239,딸기롤샌드위치,"식빵 400g, 딸기 200g, 딸기잼 50g",,,식품의약품안전처 식품안전나라 공개 조리법,https://www.foodsafetykorea.go.kr/popup/sensuousmenuView.do?rcp_menu_no=239,공개 조리법 rcp_menu_no=239,11da50233481b7f05d609338a097510326c7ae1c5e26ec538a7a68ffd0b5ca28,2026-10-04,public-recipe-v1,UNKNOWN
MFDS-240,고구마떡볶이,"재료량(4인분) - 고구마 100g, 떡볶이떡 100g, 양파 40g, 양배추 30g, 고추장 30g,설탕 10g, 당근 15g, 다진 마늘 6g, 파 6g ,간장 5g, 참기름 3g, 고춧가루 3g, 통깨 2g",,,식품의약품안전처 식품안전나라 공개 조리법,https://www.foodsafetykorea.go.kr/popup/sensuousmenuView.do?rcp_menu_no=240,공개 조리법 rcp_menu_no=240,86e6bb67eeb7085cb3dc6a00090bcaa81e3a3b03027eaae3417e2472f498eb6d,2026-10-04,public-recipe-v1,UNKNOWN
MFDS-241,김치콩나물밥,"재료량(4인분) -쌀 280g, 콩나물 280g, 배추김치 120g, 돼지고기 80g, 간장 40g, 고춧가루 2g, 다진마늘 4g, 참기름 4g, 소파 12g",,,식품의약품안전처 식품안전나라 공개 조리법,https://www.foodsafetykorea.go.kr/popup/sensuousmenuView.do?rcp_menu_no=241,공개 조리법 rcp_menu_no=241,cdc8d693532a77d73053e4912d5328f58c9725d1ee3e8bf2ece61cc1198a4a2d,2026-10-04,public-recipe-v1,UNKNOWN
MFDS-242,옥수수밥,"재료량(4인분) 옥수수 40g, 쌀 360g",,,식품의약품안전처 식품안전나라 공개 조리법,https://www.foodsafetykorea.go.kr/popup/sensuousmenuView.do?rcp_menu_no=242,공개 조리법 rcp_menu_no=242,455c5823a79870e0247645610b2f5843e5de450b06f61c0166ec56f1434902fe,2026-10-04,public-recipe-v1,UNKNOWN
MFDS-243,고구마김치피자,"재료량(4인분) - 고구마 300g, 식빵 200g, 배추김치 100g, 양파 90g, 모차렐라치즈 80g, 돼지고기 40g, 홍피망 15g, 청피망 15g, 다진 마늘 5g, 간장 4g, 후춧가루 0.3g",,,식품의약품안전처 식품안전나라 공개 조리법,https://www.foodsafetykorea.go.kr/popup/sensuousmenuView.do?rcp_menu_no=243,공개 조리법 rcp_menu_no=243,f1b29efa513b367aec8fb7fe1b9ffb82bd343e72672545f27089b1d1db058f03,2026-10-04,public-recipe-v1,STEAMED
MFDS-244,완두콩스프,"재료량(4인분) 우유 500g, 완두콩 220g, 양파 60g, 밀가루 30g, 생크림 10g, 버터 10g, 소금 3g, 후춧가루 0.3g",,,식품의약품안전처 식품안전나라 공개 조리법,https://www.foodsafetykorea.go.kr/popup/sensuousmenuView.do?rcp_menu_no=244,공개 조리법 rcp_menu_no=244,a1ae2d87bd667c4d432c3609a2fea97cf64b513fede6ca7dd67d7483814efb1f,2026-10-04,public-recipe-v1,SIMMERED
MFDS-246,마사과쥬스,"재료량(4인분) - 사과 400g, 요구르트 240g, 마 100g",,,식품의약품안전처 식품안전나라 공개 조리법,https://www.foodsafetykorea.go.kr/popup/sensuousmenuView.do?rcp_menu_no=246,공개 조리법 rcp_menu_no=246,899312a6b56cede667167e5bd7feb379808403b7a2bf7f815c9a5301ee3be881,2026-10-04,public-recipe-v1,UNKNOWN
MFDS-247,알감자구이,"재료량(4인분) 감자 520g, 소금 2g",,,식품의약품안전처 식품안전나라 공개 조리법,https://www.foodsafetykorea.go.kr/popup/sensuousmenuView.do?rcp_menu_no=247,공개 조리법 rcp_menu_no=247,cd76905fbb317b6b2c046ecf9b48350ca5e6f8e2f75cb3ce38185bda2022ffd6,2026-10-04,public-recipe-v1,GRILLED
MFDS-248,바지락무국,"재료량(4인분) - 바지락 160g, 무 120g, 파 20g, 다진마늘 4g",,,식품의약품안전처 식품안전나라 공개 조리법,https://www.foodsafetykorea.go.kr/popup/sensuousmenuView.do?rcp_menu_no=248,공개 조리법 rcp_menu_no=248,a61098b46b26c5c0dce0a3cce27aa0fcef65690794ee1d5193fd8fdcb376342e,2026-10-04,public-recipe-v1,UNKNOWN
MFDS-249,단호박카레라이스,"재료량(4인분) - 쌀 290g, 감자 100g, 단호박 80g, 양파 80g, 돼지고기 60g, 카레가루100g, 당근 50g, 양송이버섯 30g, 청피망 30g, 콩기름 10g",,,식품의약품안전처 식품안전나라 공개 조리법,https://www.foodsafetykorea.go.kr/popup/sensuousmenuView.do?rcp_menu_no=249,공개 조리법 rcp_menu_no=249,379840234ba7efa66f869f75d469f3484951a5c38bab925d1cbdbaa043a582b1,2026-10-04,public-recipe-v1,UNKNOWN
MFDS-250,갑오징어국,"재료량(4인분) 갑오징어 160g, 무 100g, 쑥갓 20g, 파 15g, 국멸치 10g, 다진 마늘 7g, 건다시마 6g, 고추가루 6g, 국간장 7g, 소금 1g",,,식품의약품안전처 식품안전나라 공개 조리법,https://www.foodsafetykorea.go.kr/popup/sensuousmenuView.do?rcp_menu_no=250,공개 조리법 rcp_menu_no=250,e7e0791eaa590cf7412e5875464876b3aa0ad7279533b7eedf6c2fa299c117a6,2026-10-04,public-recipe-v1,UNKNOWN
MFDS-251,총각김치,"재료량(4인분) 총각무 200g, 대파 20g, 찹쌀가루 20g, 고춧가루 20g, 멸채액젓 20g ,새우젓 32g, 다진 마늘 20g",,,식품의약품안전처 식품안전나라 공개 조리법,https://www.foodsafetykorea.go.kr/popup/sensuousmenuView.do?rcp_menu_no=251,공개 조리법 rcp_menu_no=251,738ac20e72f90979178ae9291490227b0865bb50f694487a2241cf01f750ecde,2026-10-04,public-recipe-v1,UNKNOWN
MFDS-252,닭조림,"재료량(4인분) - 닭고기 240g, 감자 80g, 당근 60g, 양파 80g, 고추장 20g, 진간장 8g, 마늘 8g, 물엿 20g, 토마토케찹 20g",,,식품의약품안전처 식품안전나라 공개 조리법,https://www.foodsafetykorea.go.kr/popup/sensuousmenuView.do?rcp_menu_no=252,공개 조리법 rcp_menu_no=252,fb26127ca56ee21ec689f05b6609cec4cd186a0d6303cf85f349fe31744cc4e6,2026-10-04,public-recipe-v1,SIMMERED
MFDS-253,감샐러드,"재료량(4인분) - 감 300g, 양상추 100g, 오이 60g, 호상요구르트 100g, 마요네즈 20g",,,식품의약품안전처 식품안전나라 공개 조리법,https://www.foodsafetykorea.go.kr/popup/sensuousmenuView.do?rcp_menu_no=253,공개 조리법 rcp_menu_no=253,7f66b4aab4606e4aa693eb137357190454dd9f0abb9cdad2ecb6bb2d5874ec27,2026-10-04,public-recipe-v1,UNKNOWN
MFDS-254,고사리녹두전,"재료량(4인분) 녹두가루 60g, 돼지고기 60g, 숙주나물 60g, 고사리 50g, 파 30g, 콩기름 10g, 참기름 4g, 다진 마늘 4g, 소금 3g, 후춧가루 0.3g",,,식품의약품안전처 식품안전나라 공개 조리법,https://www.foodsafetykorea.go.kr/popup/sensuousmenuView.do?rcp_menu_no=254,공개 조리법 rcp_menu_no=254,908a4ad309321fd951ee07425dc11053cc6fada3b793edd9227272d38d6ba510,2026-10-04,public-recipe-v1,PAN_COOKED
MFDS-255,연근치즈구이,"재료량(4인분) - 연근 80g, 모차렐라치즈 50g, 튀김가루 30g, 콩기름 9g, 소금 3g, 식초 5g",,,식품의약품안전처 식품안전나라 공개 조리법,https://www.foodsafetykorea.go.kr/popup/sensuousmenuView.do?rcp_menu_no=255,공개 조리법 rcp_menu_no=255,bb0aa8dce532e47fbfdc257da8222dc4a743b7f066ace070f781e740b1b11034,2026-10-04,public-recipe-v1,GRILLED
MFDS-256,도토리묵밥,"재료량(4인분) 도토리묵 200g, 쌀밥 280g",,,식품의약품안전처 식품안전나라 공개 조리법,https://www.foodsafetykorea.go.kr/popup/sensuousmenuView.do?rcp_menu_no=256,공개 조리법 rcp_menu_no=256,3f13756a3bdbe14681a69fe6efd24e71f531c7551eddc59b267f552d40f04db4,2026-10-04,public-recipe-v1,UNKNOWN
MFDS-257,두부김치국,"재료량(4인분) - 배추김치 160g, 두부 80g, 파 15g, 국멸치 10g, 다진 마늘 7g, 건다시마 6g,소금 3g",,,식품의약품안전처 식품안전나라 공개 조리법,https://www.foodsafetykorea.go.kr/popup/sensuousmenuView.do?rcp_menu_no=257,공개 조리법 rcp_menu_no=257,f8bd57de93f0b43991956d11cb1679c6d5e75c28a7d26bf95d5946bff037b942,2026-10-04,public-recipe-v1,UNKNOWN
MFDS-258,숙주나물무침,"재료량(4인분) - 숙주 280g, 파 12g, 콩기름 2g, 다진마늘 4g, 소금 4g",,,식품의약품안전처 식품안전나라 공개 조리법,https://www.foodsafetykorea.go.kr/popup/sensuousmenuView.do?rcp_menu_no=258,공개 조리법 rcp_menu_no=258,ca620ed03329c36e9d81b1687102c55436400d8964e0ac5e5b2990a8799de2b8,2026-10-04,public-recipe-v1,UNKNOWN
MFDS-259,냉이무침,"재료량(4인분) 냉이 220g, 고추장 15g, 파 15g, 다진 마늘 8g, 참기름 5g, 설탕 4g, 간장 3g, 통깨 2g",,,식품의약품안전처 식품안전나라 공개 조리법,https://www.foodsafetykorea.go.kr/popup/sensuousmenuView.do?rcp_menu_no=259,공개 조리법 rcp_menu_no=259,7e47c1c74a5cf7aabc485172df83260a25f4135c6f95d87b2aaa8a5eab019a6d,2026-10-04,public-recipe-v1,UNKNOWN
MFDS-260,버섯잡채,"재료량(4인분) - 당면 80g, 양파 50g, 쇠고기 50g, 느타리버섯 30g, 표고버섯 30g, 청피망 30g, 당근 30g, 파 10g, 간장 25g, 참기름 6g, 다진 마늘 7g, 설탕 6g, 통깨 2g, 소금 2g, 후춧가루 0.3g",,,식품의약품안전처 식품안전나라 공개 조리법,https://www.foodsafetykorea.go.kr/popup/sensuousmenuView.do?rcp_menu_no=260,공개 조리법 rcp_menu_no=260,bd3de413238b2e98306edd94299370734f2dfb5f1238907719795a1190c2d953,2026-10-04,public-recipe-v1,PAN_COOKED
MFDS-261,닭곰탕,"재료량(4인분) 닭고기 160g, 숙주 70g, 무 60g, 고사리 50g, 양파 40g, 파 20g, 다진 마늘 8g, 국간장 7g, 홍고추 5g, 고춧가루 5g, 생강 4g, 소금 3.5g, 후춧가루 0.4g",,,식품의약품안전처 식품안전나라 공개 조리법,https://www.foodsafetykorea.go.kr/popup/sensuousmenuView.do?rcp_menu_no=261,공개 조리법 rcp_menu_no=261,510eeeb51082bf50e1ae6586d9ccce753df6a84e90fe08e3abff8b7b50f10353,2026-10-04,public-recipe-v1,UNKNOWN
MFDS-262,모시조개콩나물국,"재료량(4인분) 모시조개 80g, 콩나물 160g, 소금4g, 대파12g",,,식품의약품안전처 식품안전나라 공개 조리법,https://www.foodsafetykorea.go.kr/popup/sensuousmenuView.do?rcp_menu_no=262,공개 조리법 rcp_menu_no=262,035f81554d5155cd4b0071a7ae8b842cbeb602c22ed35470500f8224e4fc1c02,2026-10-04,public-recipe-v1,SIMMERED
MFDS-263,꽃게찜,재료량(4인분) - 꽃게 350g,,,식품의약품안전처 식품안전나라 공개 조리법,https://www.foodsafetykorea.go.kr/popup/sensuousmenuView.do?rcp_menu_no=263,공개 조리법 rcp_menu_no=263,b457056fc71a2e60029865f6c9efe5d36e4e9e49ed792e18c4312c534895e8c0,2026-10-04,public-recipe-v1,STEAMED
MFDS-264,감자전,"재료량(4인분) 감자 300g, 달걀 60g, 밀가루 40g, 콩기름 20g",,,식품의약품안전처 식품안전나라 공개 조리법,https://www.foodsafetykorea.go.kr/popup/sensuousmenuView.do?rcp_menu_no=264,공개 조리법 rcp_menu_no=264,7af233b569a9088619836580bd5bd040382841b5c4431f753e449f444ccee268,2026-10-04,public-recipe-v1,PAN_COOKED
MFDS-265,꽃게해물탕,"재료량(4인분) - 꽃게 320g, 낙지 120g, 양파 80g, 고추 8g, 무 120g, 쑥갓 6g, 파 20g, 고춧가루 8g, 다진마늘 8g,",,,식품의약품안전처 식품안전나라 공개 조리법,https://www.foodsafetykorea.go.kr/popup/sensuousmenuView.do?rcp_menu_no=265,공개 조리법 rcp_menu_no=265,a1e9ccaff22db9a67af0814121b4c609f1bf74dc0293f30564e84912beb8d7c1,2026-10-04,public-recipe-v1,SIMMERED
MFDS-266,두부조림,"재료량(4인분) 두부 250g, 간장 30g, 홍고추 10g, 파 15g, 다진 마늘 7g, 콩기름 6g, 참기름 5g, 설탕 4g, 고춧가루 2.5g, 소금 3g, 통깨 2g",,,식품의약품안전처 식품안전나라 공개 조리법,https://www.foodsafetykorea.go.kr/popup/sensuousmenuView.do?rcp_menu_no=266,공개 조리법 rcp_menu_no=266,33ff290418cb9221ed551a5e800f71a493ed0d31ad590eda2e05faeba58c77b9,2026-10-04,public-recipe-v1,GRILLED
MFDS-269,새우살달걀찜,"재료량(4인분) - 달걀 200g, 새우살 40g, 건다시마 5g, 파 10g, 당근 10g, 양파 10g, 소금 3g",,,식품의약품안전처 식품안전나라 공개 조리법,https://www.foodsafetykorea.go.kr/popup/sensuousmenuView.do?rcp_menu_no=269,공개 조리법 rcp_menu_no=269,9f890e0778477f0cee2ed249e587cad3b209d19a15d7ec9673eba50b3bc03bf5,2026-10-04,public-recipe-v1,STEAMED
MFDS-270,풋고추찜,"재료량(4인분) 풋고추 170g, 찹쌀가루 25g, 간장 17g, 파 15g, 다진 마늘 7g, 참기름 6g, 설탕 5g, 통깨 2g",,,식품의약품안전처 식품안전나라 공개 조리법,https://www.foodsafetykorea.go.kr/popup/sensuousmenuView.do?rcp_menu_no=270,공개 조리법 rcp_menu_no=270,4c04dd3d14405df77ff41e4f21714a67bd11395c27c4931641f70c764bc1a6b4,2026-10-04,public-recipe-v1,STEAMED
MFDS-271,고구마줄기볶음,"재료량(4인분) - 고구마줄기 280g, 다진 마늘 8g, 참기름 2g, 콩기름 12g",,,식품의약품안전처 식품안전나라 공개 조리법,https://www.foodsafetykorea.go.kr/popup/sensuousmenuView.do?rcp_menu_no=271,공개 조리법 rcp_menu_no=271,961330825befe4c291754e6620ea0298ce1ea205c34e9fdcbd11c03f15da66f4,2026-10-04,public-recipe-v1,PAN_COOKED
MFDS-272,버섯전골,"재료량(4인분) 표고버섯 80g, 느타리버섯 80g, 양송이버섯 160g, 두부 120g, 쇠고기 80g, 고춧가루 4g, 소금 8g",,,식품의약품안전처 식품안전나라 공개 조리법,https://www.foodsafetykorea.go.kr/popup/sensuousmenuView.do?rcp_menu_no=272,공개 조리법 rcp_menu_no=272,1cd090b9ce9ca75deb40f207baee8eb21272cbf98cbe40307a0a30570acfd529,2026-10-04,public-recipe-v1,UNKNOWN
MFDS-273,호두버섯무침,"재료량(4인분) - 느타리버섯 160g, 양파 50g, 당근 30g, 호두 20g, 들깨가루 10g, 파 10g, 다진 마늘 5g, 콩기름 4g, 참기름 4g, 소금 2.5g, 국간장 2g",,,식품의약품안전처 식품안전나라 공개 조리법,https://www.foodsafetykorea.go.kr/popup/sensuousmenuView.do?rcp_menu_no=273,공개 조리법 rcp_menu_no=273,cbe60ef145cc84b78aa975a5bed12bf826820190b709fdc9c2781db7282c1ef9,2026-10-04,public-recipe-v1,PAN_COOKED
MFDS-274,골뱅이대구포무침,"재료량(4인분) 골뱅이 180g, 대구포 40g, 오이 120g, 당근 40g, 양배추 40g, 홍고추장 40g",,,식품의약품안전처 식품안전나라 공개 조리법,https://www.foodsafetykorea.go.kr/popup/sensuousmenuView.do?rcp_menu_no=274,공개 조리법 rcp_menu_no=274,242880fba01675402612353836e8590c6161435d1b5270cb8ad5c5a11a0c23b0,2026-10-04,public-recipe-v1,UNKNOWN
MFDS-275,건새우아욱국,"재료량(4인분) - 아욱 220g, 건새우 30g, 된장 30g, 파 10g, 국멸치 10g, 다진 마늘 7g, 건다시마 5g",,,식품의약품안전처 식품안전나라 공개 조리법,https://www.foodsafetykorea.go.kr/popup/sensuousmenuView.do?rcp_menu_no=275,공개 조리법 rcp_menu_no=275,11306a3e3007e80799bc2df5fd2b40319f8c76b728168e394b2ff8a9c45f0d02,2026-10-04,public-recipe-v1,SIMMERED
MFDS-276,감자조림,"재료량(4인분) - 간장 40g, 감자 320g, 풋고추 20g, 당근 40g, 설탕 2g, 양파 40g, 엿 20g, 소파 8g",,,식품의약품안전처 식품안전나라 공개 조리법,https://www.foodsafetykorea.go.kr/popup/sensuousmenuView.do?rcp_menu_no=276,공개 조리법 rcp_menu_no=276,ad344a17680ca8f8988a11feba6c8c63ef206136462c54c46571ceeb68ead21d,2026-10-04,public-recipe-v1,SIMMERED
MFDS-277,가자미전,"재료량(4인분) 가자미 220g, 달걀 50g, 밀가루 30g, 콩기름 10g, 소금 3g, 후춧가루 0.3g",,,식품의약품안전처 식품안전나라 공개 조리법,https://www.foodsafetykorea.go.kr/popup/sensuousmenuView.do?rcp_menu_no=277,공개 조리법 rcp_menu_no=277,0c66f452bfad46dcd2aff360fb032bea8a9aacc215363f2a07989614a314aa12,2026-10-04,public-recipe-v1,PAN_COOKED
MFDS-278,열무된장무침,"재료량(4인분) 열무 280g, 된장 32g, 된장 32g, 다진 마늘 4g",,,식품의약품안전처 식품안전나라 공개 조리법,https://www.foodsafetykorea.go.kr/popup/sensuousmenuView.do?rcp_menu_no=278,공개 조리법 rcp_menu_no=278,5451f665d72aa1dd1ea37c64a7d4fda5acc5876cbbab81c289974279f518233b,2026-10-04,public-recipe-v1,UNKNOWN
MFDS-279,고등어김치찜,"재료량(4인분) - 고등어 160g, 배추김치 120g, 무 50g, 양파 20g, 청주 15g, 설탕 12g, 고춧가루 10g, 파 10g, 다진 마늘 8g, 간장 6g, 물엿 5g, 생강 5g, 통깨 2g, 후춧가루 0.3g",,,식품의약품안전처 식품안전나라 공개 조리법,https://www.foodsafetykorea.go.kr/popup/sensuousmenuView.do?rcp_menu_no=279,공개 조리법 rcp_menu_no=279,122a67f7be6fcaa38161e7a29554eaa045fb668dbf50896ae2a29d0daddbac0c,2026-10-04,public-recipe-v1,STEAMED
MFDS-280,두부구이/달래장,"재료량(4인분) 두부 250g, 달래 15g, 간장 10g, 콩기름 10g, 다진 마늘 4g, 참기름 3g, 소금 3g, 통깨 2g",,,식품의약품안전처 식품안전나라 공개 조리법,https://www.foodsafetykorea.go.kr/popup/sensuousmenuView.do?rcp_menu_no=280,공개 조리법 rcp_menu_no=280,2f8799fa3a2e4a9dd7e55fb406edf524e47b989696609655ab38a4e4d9e090b0,2026-10-04,public-recipe-v1,GRILLED
MFDS-282,느타리버섯전,"재료량(4인분) - 느타리버섯 160g, 밀가루 60g, 달걀 50g, 당근 15g, 양파 15g, 청피망 10g, 콩기름 10g, 소금 3g",,,식품의약품안전처 식품안전나라 공개 조리법,https://www.foodsafetykorea.go.kr/popup/sensuousmenuView.do?rcp_menu_no=282,공개 조리법 rcp_menu_no=282,224473870f1e2ff5ccf93168caa93f12c281de65295914adba804cb3d80f4e5e,2026-10-04,public-recipe-v1,PAN_COOKED
MFDS-283,기장밥,"재료량(4인분) 기장 40g, 쌀 360g",,,식품의약품안전처 식품안전나라 공개 조리법,https://www.foodsafetykorea.go.kr/popup/sensuousmenuView.do?rcp_menu_no=283,공개 조리법 rcp_menu_no=283,34a17909a3ec3cb49cbdd95672b7a748335e2219bdc615f0f5e92d8de1c62b1b,2026-10-04,public-recipe-v1,UNKNOWN
MFDS-284,꼬치어묵국,"어묵 200g, 무 80g, 파 20g, 국멸치 10g, 국간장 7g, 건다시마 6g, 다진 마늘 5g, 소금 3g, 후춧가루 0.4g",,,식품의약품안전처 식품안전나라 공개 조리법,https://www.foodsafetykorea.go.kr/popup/sensuousmenuView.do?rcp_menu_no=284,공개 조리법 rcp_menu_no=284,2b04338a134e80593627790905793999358f1f634e905eae420d2eb0ed8bad5d,2026-10-04,public-recipe-v1,UNKNOWN
MFDS-285,쇠고기토란탕,"재료량(4인분) - 토란 160g, 쇠고기 70g, 무 90g, 파 10g, 국간장 6g, 다진 마늘 5g, 소금 2.5g, 후춧가루 0.3g",,,식품의약품안전처 식품안전나라 공개 조리법,https://www.foodsafetykorea.go.kr/popup/sensuousmenuView.do?rcp_menu_no=285,공개 조리법 rcp_menu_no=285,deaf7017fd353d2826fa61e4ac8762425b0710261a652b0d21e029d6834a4148,2026-10-04,public-recipe-v1,UNKNOWN
MFDS-286,주꾸미불고기,"재료량(4인분) 주꾸미 160g, 양파 100g, 양배추 60g, 당근 30g, 고추장 30g, 파 15g, 홍고추 10g, 다진 마늘 10g, 물엿 10g, 고춧가루 5g, 참기름 5g, 청양고추 5g, 콩기름 5g, 설탕 3g, 간장 2g, 통깨 2g, 소금 1g",,,식품의약품안전처 식품안전나라 공개 조리법,https://www.foodsafetykorea.go.kr/popup/sensuousmenuView.do?rcp_menu_no=286,공개 조리법 rcp_menu_no=286,b5e810c68b91626fc4ee2b4e0bd1e4c780c55cd4e5800d678f4928ad3e063832,2026-10-04,public-recipe-v1,UNKNOWN
MFDS-287,깻잎찜,"재료량(4인분) - 깻잎 35g, 간장 16g, 파 10g, 다진 마늘 6g, 고춧가루 10g, 홍고추 3g, 들기름 2g, 통깨 3g",,,식품의약품안전처 식품안전나라 공개 조리법,https://www.foodsafetykorea.go.kr/popup/sensuousmenuView.do?rcp_menu_no=287,공개 조리법 rcp_menu_no=287,71ff65dd2be830f22e22ee555caf3cc2672f520b56eb32900b86dbb4c9533b68,2026-10-04,public-recipe-v1,STEAMED
MFDS-288,갈치조림,"재료량(4인분) - 갈치 220g, 무 130g, 양파 30g, 청고추 15g, 홍고추 5g, 간장 25g, 청주 15g, 설탕 10g, 파 10g, 고춧가루 4g, 다진 마늘 5g, 생강 3g, 후춧가루 0.4g",,,식품의약품안전처 식품안전나라 공개 조리법,https://www.foodsafetykorea.go.kr/popup/sensuousmenuView.do?rcp_menu_no=288,공개 조리법 rcp_menu_no=288,bf174e870cc6e05f08b79d0ff21a5c1a9123c131937cdf1627b0eb6bc70eed25,2026-10-04,public-recipe-v1,UNKNOWN
MFDS-289,북어국,"재료량(4인분) - 북어 80g, 간장 8g, 다진마늘 4g, 소금 4g, 참기름 4g, 파 20g",,,식품의약품안전처 식품안전나라 공개 조리법,https://www.foodsafetykorea.go.kr/popup/sensuousmenuView.do?rcp_menu_no=289,공개 조리법 rcp_menu_no=289,dd8375068446617dc5984beeebb661a8d1a9630a33af9bb2ae9344ef68aee2ef,2026-10-04,public-recipe-v1,UNKNOWN
MFDS-290,떡꼬치구이,"재료량(4인분) 떡볶이떡 200g, 양파 30g, 고추장 25g, 콩기름 10g, 파 10g, 물엿 10g, 다진 마늘 8g, 간장 5g, 참기름 4g, 고춧가루 3g, 통깨 2g",,,식품의약품안전처 식품안전나라 공개 조리법,https://www.foodsafetykorea.go.kr/popup/sensuousmenuView.do?rcp_menu_no=290,공개 조리법 rcp_menu_no=290,7ebfba3dd292cc2a7be8abc42a37b5bb07c5c134ecabc169c09f45766968af26,2026-10-04,public-recipe-v1,GRILLED
MFDS-291,돌나물묵무침,"재료량(4인분) 청포묵 220g, 돌나물 100g, 간장 30g, 당근 15g, 파 10g, 다진 마늘 7g, 설탕 5g, 고춧가루 4g, 참기름 4g, 통깨 2g",,,식품의약품안전처 식품안전나라 공개 조리법,https://www.foodsafetykorea.go.kr/popup/sensuousmenuView.do?rcp_menu_no=291,공개 조리법 rcp_menu_no=291,f01ff5a0a7513322c23f09ead903a463999c757b991e5114e68dbec473854e5e,2026-10-04,public-recipe-v1,UNKNOWN
MFDS-292,팥밥,"재료량(4인분) - 팥 40g, 쌀 360g",,,식품의약품안전처 식품안전나라 공개 조리법,https://www.foodsafetykorea.go.kr/popup/sensuousmenuView.do?rcp_menu_no=292,공개 조리법 rcp_menu_no=292,4cca7eb5486181a53c364dbe52a8f76ac6615e99a005055b1c64f3dba6b02abf,2026-10-04,public-recipe-v1,UNKNOWN
MFDS-293,감자미역국,"재료량(4인분) 감자 200g, 건미역 25g, 다진 마늘 10g, 국멸치 15g, 국간장 8g, 소금 3.5g",,,식품의약품안전처 식품안전나라 공개 조리법,https://www.foodsafetykorea.go.kr/popup/sensuousmenuView.do?rcp_menu_no=293,공개 조리법 rcp_menu_no=293,054da7ce30f34629ee9f49effef851610bfa7f7a57cd4b88d94804f156b7113c,2026-10-04,public-recipe-v1,UNKNOWN
MFDS-294,오징어야채볶음,"재료량(4인분) - 오징어 200g, 양배추 80g, 양파 40g, 당근 20g, 고추장 32g",,,식품의약품안전처 식품안전나라 공개 조리법,https://www.foodsafetykorea.go.kr/popup/sensuousmenuView.do?rcp_menu_no=294,공개 조리법 rcp_menu_no=294,622a1045627dc398d16e83c007f8b792ab29955887e425b8c4e2e7ff1c71dccf,2026-10-04,public-recipe-v1,PAN_COOKED
MFDS-295,주꾸미먹물달걀찜,"재료량(4인분) 달걀 200g, 주꾸미 40g, 주꾸미먹물 10g, 파 10g, 당근 10g, 양파 10g, 소금 3g",,,식품의약품안전처 식품안전나라 공개 조리법,https://www.foodsafetykorea.go.kr/popup/sensuousmenuView.do?rcp_menu_no=295,공개 조리법 rcp_menu_no=295,9620eae84826735bd6a538c3fa011928e7dadcfe75f3d91ccbd467b38f5a4949,2026-10-04,public-recipe-v1,STEAMED
MFDS-296,호두멸치조림,"재료량(4인분) - 잔멸치 50g, 호두 30g, 다진 마늘 7g, 물엿 7g, 콩기름 5g, 설탕 5g, 통깨 2g",,,식품의약품안전처 식품안전나라 공개 조리법,https://www.foodsafetykorea.go.kr/popup/sensuousmenuView.do?rcp_menu_no=296,공개 조리법 rcp_menu_no=296,5b0c3a6b1e9821692eef61da974c1ee37c6653c6e55117b45b9d447e855a812b,2026-10-04,public-recipe-v1,PAN_COOKED
MFDS-297,도라지오이무침,"재료량(4인분) - 오이 160g, 도라지 60g, 고추장 25g, 고춧가루 3g, 파 10g, 다진 마늘 7g, 설탕 5g, 참기름 4g, 통깨 2g",,,식품의약품안전처 식품안전나라 공개 조리법,https://www.foodsafetykorea.go.kr/popup/sensuousmenuView.do?rcp_menu_no=297,공개 조리법 rcp_menu_no=297,cdf4c3bee1fc44f1d123b520b6daab8982b4ec8babd8e36a47c79a392974ed51,2026-10-04,public-recipe-v1,UNKNOWN
MFDS-298,바지락칼국수,"재료량(4인분) - 간장 28g, 홍고추 40g, 바지락 80g, 소금 8g, 칼국수 600g, 호박 120g, 후춧가루 0.4g",,,식품의약품안전처 식품안전나라 공개 조리법,https://www.foodsafetykorea.go.kr/popup/sensuousmenuView.do?rcp_menu_no=298,공개 조리법 rcp_menu_no=298,3edc29d8f43f44a4d9143d93720c649a96a602007d3cd2c2b57f8ebce28b8421,2026-10-04,public-recipe-v1,SIMMERED
MFDS-299,고사리육개장,"재료량(4인분) 쇠고기 200g, 고사리 100g, 얼갈이배추 60g, 숙주나물 70g, 표고버섯 60g, 느타리버섯 60g, 파 30g, 다진 마늘 15g, 생강 10g, 고춧가루 10g, 국간장 7g, 콩기름 5g, 소금 3g, 후춧가루 0.4g",,,식품의약품안전처 식품안전나라 공개 조리법,https://www.foodsafetykorea.go.kr/popup/sensuousmenuView.do?rcp_menu_no=299,공개 조리법 rcp_menu_no=299,bea7294ed3a5a44cc779ed3d8304708b30acc36bbe1e6252dfd8fc37778bdafd,2026-10-04,public-recipe-v1,SIMMERED
MFDS-300,대구탕,"재료량(4인분) - 대구 280g, 대파 12g, 무 160g, 소금8g, 생강4g, 고춧가루8g",,,식품의약품안전처 식품안전나라 공개 조리법,https://www.foodsafetykorea.go.kr/popup/sensuousmenuView.do?rcp_menu_no=300,공개 조리법 rcp_menu_no=300,593a97f7f74e776c4e1111e5043072907b098476334d48e8de424d5aae2dac78,2026-10-04,public-recipe-v1,SIMMERED
MFDS-301,멸치호두조림,"재료량(4인분) - 간장 40, 멸치 60, 엿 12, 콩기름 4, 호두 12",,,식품의약품안전처 식품안전나라 공개 조리법,https://www.foodsafetykorea.go.kr/popup/sensuousmenuView.do?rcp_menu_no=301,공개 조리법 rcp_menu_no=301,3d7416f7b2cfade81936f598c81941a4af0952acc24d02d2febece1234e584d9,2026-10-04,public-recipe-v1,SIMMERED
MFDS-302,단호박샌드위치,"재료량(4인분) - 단호박 250g ,식빵 200g, 달걀 50g, 오이 50g, 양파 30g, 머스터드소스 20g,건포도 20g, 마요네즈 15g, 소금 2g",,,식품의약품안전처 식품안전나라 공개 조리법,https://www.foodsafetykorea.go.kr/popup/sensuousmenuView.do?rcp_menu_no=302,공개 조리법 rcp_menu_no=302,ca25e41220f265a81f66826c11f050aaa17f31aa67fd4f959f0efda50fc2d514,2026-10-04,public-recipe-v1,STEAMED
MFDS-303,피망야채전,"재료량(4인분) - 청고추 20g, 당근 40g, 깻잎 40g, 밀가루 80g, 소금 4g, 콩기름 20g, 피망 40g",,,식품의약품안전처 식품안전나라 공개 조리법,https://www.foodsafetykorea.go.kr/popup/sensuousmenuView.do?rcp_menu_no=303,공개 조리법 rcp_menu_no=303,5723b1799cb1de9a0b83adb38142f0747a684dd1945e7f3751d14bde4c7f02b7,2026-10-04,public-recipe-v1,UNKNOWN
MFDS-304,목이버섯꼬막볶음,"재료량(4인분) - 목이버섯 40g, 꼬막320g, 진간장 60g, 참기름 4g, 파 40g",,,식품의약품안전처 식품안전나라 공개 조리법,https://www.foodsafetykorea.go.kr/popup/sensuousmenuView.do?rcp_menu_no=304,공개 조리법 rcp_menu_no=304,94487cb3b579af18d0ef71eaa28d581f61c5dd66b6c2a121b47cfabc492bf695,2026-10-04,public-recipe-v1,PAN_COOKED
MFDS-305,주꾸미콩나물찜,"재료량(4인분) 주꾸미 160g, 콩나물 120g, 미나리 60g, 양파 30g, 전분 10g, 다진 마늘 10g, 파 10g, 간장 12g, 고춧가루 8g, 설탕 8g, 참기름 5g, 생강 5g, 통깨 3g, 소금 3g, 후춧가루 0.5g",,,식품의약품안전처 식품안전나라 공개 조리법,https://www.foodsafetykorea.go.kr/popup/sensuousmenuView.do?rcp_menu_no=305,공개 조리법 rcp_menu_no=305,d131d9cd1133d01fbf23bff4eb3989b23190a86baed08da965a955139f7061de,2026-10-04,public-recipe-v1,UNKNOWN
MFDS-306,잣스프,"재료량(4인분) - 우유 500g, 고구마 200g, 잣 30g, 소금 3g",,,식품의약품안전처 식품안전나라 공개 조리법,https://www.foodsafetykorea.go.kr/popup/sensuousmenuView.do?rcp_menu_no=306,공개 조리법 rcp_menu_no=306,c95a255a2d51f8abdb56b5c691f3144b7886e89b8639b7061cc727d293628e31,2026-10-04,public-recipe-v1,UNKNOWN
MFDS-307,배추들깨국,"재료량(4인분) - 배추 160g, 들깨가루 20g, 청고추 10g, 파 10g, 국멸치 10g, 건다시마 5g, 다진 마늘 6g, 국간장 6g, 소금 3g",,,식품의약품안전처 식품안전나라 공개 조리법,https://www.foodsafetykorea.go.kr/popup/sensuousmenuView.do?rcp_menu_no=307,공개 조리법 rcp_menu_no=307,6d8b0f991c3d2493b85debafb1af622d99f2ee0b0f5c436f18a232665581dcee,2026-10-04,public-recipe-v1,UNKNOWN
MFDS-308,미역/초고추장,재료량(4인분) - 미역280g,,,식품의약품안전처 식품안전나라 공개 조리법,https://www.foodsafetykorea.go.kr/popup/sensuousmenuView.do?rcp_menu_no=308,공개 조리법 rcp_menu_no=308,8ede5ecc215603f38da24376e90363e93c1818ab3790bf21bbf91bba6d2ada0e,2026-10-04,public-recipe-v1,UNKNOWN
MFDS-309,우엉불고기,"재료량(4인분) - 돼지고기 180g, 우엉 100g, 양파 50g, 당근 30g, 간장 35g, 파 20g, 청주 15g, 설탕 10g, 다진 마늘 8g, 생강 5g, 참기름 5g, 통깨 2g, 후춧가루 0.5g",,,식품의약품안전처 식품안전나라 공개 조리법,https://www.foodsafetykorea.go.kr/popup/sensuousmenuView.do?rcp_menu_no=309,공개 조리법 rcp_menu_no=309,5474e3aae03c2610899f708c84a164f167d2f25d3b46818136114c5b0befd1e1,2026-10-04,public-recipe-v1,UNKNOWN
MFDS-310,미나리유부초밥,"재료량(4인분) 쌀 260g, 유부 80g, 미나리 30g, 당근 20g, 설탕 15g, 식초 15g, 콩기름 3g, 소금 3.5g, 통깨 2g",,,식품의약품안전처 식품안전나라 공개 조리법,https://www.foodsafetykorea.go.kr/popup/sensuousmenuView.do?rcp_menu_no=310,공개 조리법 rcp_menu_no=310,53210753a0afe7981c94a4e11036709fdb77aeebe8bcba6d680b1e38e7f06e39,2026-10-04,public-recipe-v1,PAN_COOKED
MFDS-311,연근조림,"재료량(4인분) - 연근 200g, 진간장 40g, 물엿 20g, 콩기름 4g",,,식품의약품안전처 식품안전나라 공개 조리법,https://www.foodsafetykorea.go.kr/popup/sensuousmenuView.do?rcp_menu_no=311,공개 조리법 rcp_menu_no=311,d71580198305be38f606b9167751bc90d6aab19fd3a9b6834a9ce75eac124f43,2026-10-04,public-recipe-v1,SIMMERED
MFDS-312,봄동겉절이,"재료량(4인분) - 고춧가루 8g, 다진마늘 8g, 봄동 120g, 깨소금 2g",,,식품의약품안전처 식품안전나라 공개 조리법,https://www.foodsafetykorea.go.kr/popup/sensuousmenuView.do?rcp_menu_no=312,공개 조리법 rcp_menu_no=312,e15a55d0970797fdd79c2798f33e8e6d17e945390989452ffc18a6e850d8b764,2026-10-04,public-recipe-v1,UNKNOWN
MFDS-313,도라지진미채무침,"재료량(4인분) - 도라지채 90g, 오징어채 50g, 고추장 13g, 파 10g, 다진 마늘 7g, 설탕 7g, 참기름 4g, 고춧가루 2g, 통깨 2g, 소금 2g",,,식품의약품안전처 식품안전나라 공개 조리법,https://www.foodsafetykorea.go.kr/popup/sensuousmenuView.do?rcp_menu_no=313,공개 조리법 rcp_menu_no=313,30a1d890b3d330fd3d116477c61edc868186c128e4bcf9d4301eb95dc0fc1017,2026-10-04,public-recipe-v1,UNKNOWN
MFDS-314,북어맑은국,"재료량(4인분) 무 100g, 북어채 80g, 국멸치 10g, 건다시마 5g, 파 15g, 다진 마늘 5g 청고추 5g, 홍고추 5g, 국간장 6g, 소금 3g, 후춧가루 0.3g",,,식품의약품안전처 식품안전나라 공개 조리법,https://www.foodsafetykorea.go.kr/popup/sensuousmenuView.do?rcp_menu_no=314,공개 조리법 rcp_menu_no=314,2ce70e6aff2277c319cb94d6b660d5b2a12b6b47a0add6338bdd85a2ec66a7de,2026-10-04,public-recipe-v1,UNKNOWN
MFDS-315,참다래주스,"재료량(4인분) 참다래 300g, 물 150g, 꿀 35g",,,식품의약품안전처 식품안전나라 공개 조리법,https://www.foodsafetykorea.go.kr/popup/sensuousmenuView.do?rcp_menu_no=315,공개 조리법 rcp_menu_no=315,d0e891ceb6f6453fd9bda589786cd70b6a492f54c92c2a198ee256eccfb4d59e,2026-10-04,public-recipe-v1,UNKNOWN
MFDS-316,새우살미역국,"재료량(4인분) - 새우살 80g, 건미역 20g, 다진 마늘 7g, 국간장 5g, 참기름 5g, 소금 2.5g",,,식품의약품안전처 식품안전나라 공개 조리법,https://www.foodsafetykorea.go.kr/popup/sensuousmenuView.do?rcp_menu_no=316,공개 조리법 rcp_menu_no=316,13919562e03545b55141e2440d760ee8304261eff3eac568771a176be2320c18,2026-10-04,public-recipe-v1,UNKNOWN
MFDS-317,돼지두루치기,"재료량(4인분) - 돼지고기 240g, 양배추 80g, 당근 40g, 간장 8g, 고춧가루 2g, 고추장 40g, 다진마늘 8g, 생강 4g, 설탕 12g, 양파 40g, 참기름 2g, 콩기름 12g, 대파 12g",,,식품의약품안전처 식품안전나라 공개 조리법,https://www.foodsafetykorea.go.kr/popup/sensuousmenuView.do?rcp_menu_no=317,공개 조리법 rcp_menu_no=317,581a24dd7039f2251376558c7c2c1c2168537bd78094f2cd5a37f6568ed1ac30,2026-10-04,public-recipe-v1,PAN_COOKED
MFDS-318,주꾸미떡볶이,"재료량(4인분) 주꾸미 200g, 떡볶이떡 160g, 양파 40g, 양배추 30g, 고추장 30g, 설탕 10g,당근 15g, 다진 마늘 6g, 파 6g ,간장 5g, 참기름 3g, 고춧가루 3g, 통깨 2g",,,식품의약품안전처 식품안전나라 공개 조리법,https://www.foodsafetykorea.go.kr/popup/sensuousmenuView.do?rcp_menu_no=318,공개 조리법 rcp_menu_no=318,f6218e53ce75da6f06ab961883c2031d1e8f8dda543ff7198436da628a4d8fb5,2026-10-04,public-recipe-v1,UNKNOWN
MFDS-319,연근두부채소전,"재료량(4인분) - 두부 150g, 연근 150g, 달걀 50g, 양파 30g, 당근 30g, 파 20g, 밀가루 15g, 콩기름 15g, 소금 3g",,,식품의약품안전처 식품안전나라 공개 조리법,https://www.foodsafetykorea.go.kr/popup/sensuousmenuView.do?rcp_menu_no=319,공개 조리법 rcp_menu_no=319,810c3dd5b47df0f466267add43c7f1330db7c9fa62a564d9a40817eed0e36b66,2026-10-04,public-recipe-v1,PAN_COOKED
MFDS-320,취나물된장무침,"재료량(4인분) 취나물 220g, 된장 20g, 파 10g, 다진 마늘 7g, 참기름 4g, 통깨 2g",,,식품의약품안전처 식품안전나라 공개 조리법,https://www.foodsafetykorea.go.kr/popup/sensuousmenuView.do?rcp_menu_no=320,공개 조리법 rcp_menu_no=320,bb36d9d9d5a778eacaded9bc31fb7c7947f218928e7e00ee0aa05b928c1746a9,2026-10-04,public-recipe-v1,UNKNOWN
MFDS-321,두릅숙회/초고추장,재료량(4인분) - 두릅 200g,,,식품의약품안전처 식품안전나라 공개 조리법,https://www.foodsafetykorea.go.kr/popup/sensuousmenuView.do?rcp_menu_no=321,공개 조리법 rcp_menu_no=321,2d27c83c9cfe3327e8b45b0928afb32b59b9127d6e3b3e6731a97b633cd25497,2026-10-04,public-recipe-v1,UNKNOWN
MFDS-322,냉이콩나물된장국,"재료량(4인분) 냉이 100g, 콩나물 60g, 된장 30g, 국멸치 10g, 파 10g, 건다시마 6g, 고추장 5g, 다진 마늘 6g",,,식품의약품안전처 식품안전나라 공개 조리법,https://www.foodsafetykorea.go.kr/popup/sensuousmenuView.do?rcp_menu_no=322,공개 조리법 rcp_menu_no=322,9de85ce4be6d5c85f6e930cb2cf496e483a38064daf40e8210e59a02808f3c79,2026-10-04,public-recipe-v1,SIMMERED
MFDS-324,마늘쫑새우볶음,"재료량(4인분) 마늘쫑 130g, 건새우 30g, 양파 30g, 파 10g, 물엿 10g, 콩기름 6g, 다진 마늘 7g, 참기름 4g, 소금 3g, 통깨 2g",,,식품의약품안전처 식품안전나라 공개 조리법,https://www.foodsafetykorea.go.kr/popup/sensuousmenuView.do?rcp_menu_no=324,공개 조리법 rcp_menu_no=324,e1d8b4b65b9ae9a4c79b83e0862d4913ddc898903e95776d3c44552a30bead52,2026-10-04,public-recipe-v1,UNKNOWN
MFDS-325,돼지고기두부조림,"재료량(4인분) 돼지고기 180g, 두부 150g, 양배추 70g, 양파 50g, 고추장 25g, 파 10g, 콩기름 10g, 다진 마늘 8g, 생강 5g, 설탕 5g, 참기름 5g, 간장 5g, 고춧가루 4g, 소금 2g, 후춧가루 0.3g",,,식품의약품안전처 식품안전나라 공개 조리법,https://www.foodsafetykorea.go.kr/popup/sensuousmenuView.do?rcp_menu_no=325,공개 조리법 rcp_menu_no=325,88fce975d33add9bd66e3b68644ca7eb208b748a935db10c679a84da6fb31e78,2026-10-04,public-recipe-v1,SIMMERED
MFDS-326,서리태밥,"재료량(4인분) - 서리태 40g, 쌀 360g",,,식품의약품안전처 식품안전나라 공개 조리법,https://www.foodsafetykorea.go.kr/popup/sensuousmenuView.do?rcp_menu_no=326,공개 조리법 rcp_menu_no=326,fac26e6508b57882de18a33ec7e163c42b09ce91a10d7ffb648a0af552111c69,2026-10-04,public-recipe-v1,UNKNOWN
MFDS-327,고추잎김치,"재료량(4인분) - 고춧잎 60g, 진간장 40g, 설탕 4g, 쑥갓 40g, 오이 80g, 참기름 4g, 중파 12g, 고춧가루 8g",,,식품의약품안전처 식품안전나라 공개 조리법,https://www.foodsafetykorea.go.kr/popup/sensuousmenuView.do?rcp_menu_no=327,공개 조리법 rcp_menu_no=327,03cbfd8cd547942d2eb26fe5dcbc8a985ce895b5950b43b9e33e322e5eae917a,2026-10-04,public-recipe-v1,UNKNOWN
MFDS-328,두부양념조림,"재료량(4인분) - 두부 320g, 돼지고기 40g, 파 4g, 간장 40g, 고춧가루 4g, 소금 0.8g, 다진마늘 0.8g, 콩기름 12g",,,식품의약품안전처 식품안전나라 공개 조리법,https://www.foodsafetykorea.go.kr/popup/sensuousmenuView.do?rcp_menu_no=328,공개 조리법 rcp_menu_no=328,5d9852dcbb03c3f39eafcb25dc0ac875c90140099208f5a427bbda74c7b04f57,2026-10-04,public-recipe-v1,UNKNOWN
MFDS-329,취나물볶음,"재료량(4인분) - 간장 20g, 고춧가루 1.2g, 다진마늘 8g, 취 280g, 콩기름 12g, 파 24g, 참기름 6g",,,식품의약품안전처 식품안전나라 공개 조리법,https://www.foodsafetykorea.go.kr/popup/sensuousmenuView.do?rcp_menu_no=329,공개 조리법 rcp_menu_no=329,23543a175cdcaa83f1bc484d8f2657a659514a2adabb4353c7fa8dcc4094524f,2026-10-04,public-recipe-v1,PAN_COOKED
MFDS-330,다시마무국,"재료량(4인분) 무 150g, 건다시마 20g, 파 15g, 국멸치 10g, 국간장 10g, 다진 마늘 5g, 소금 2g",,,식품의약품안전처 식품안전나라 공개 조리법,https://www.foodsafetykorea.go.kr/popup/sensuousmenuView.do?rcp_menu_no=330,공개 조리법 rcp_menu_no=330,902bcdd3bfd85c1079c04d174c84b92dc6d33b69975d85157683965c89627309,2026-10-04,public-recipe-v1,UNKNOWN
MFDS-331,갑오징어핫바,"재료량(4인분) 갑오징어 160g, 감자 80g, 밀가루 80g, 당근 30g, 양파 20g, 다진 마늘 8g, 허니머스터드 40g, 토마토케첩 30g, 콩기름 15g, 후춧가루 0.3g",,,식품의약품안전처 식품안전나라 공개 조리법,https://www.foodsafetykorea.go.kr/popup/sensuousmenuView.do?rcp_menu_no=331,공개 조리법 rcp_menu_no=331,8d065beb5db4eb89359f49746e30bd766237545bd1afc4acc22f4c260b964019,2026-10-04,public-recipe-v1,PAN_COOKED
MFDS-332,시금치나물,"재료량(4인분) - 간장 8g, 깨소금 4g, 다진마늘 4g, 소금 4g, 시금치 280g, 참기름 4g, 깨소금 4g, 콩기름 4g, 파 28g",,,식품의약품안전처 식품안전나라 공개 조리법,https://www.foodsafetykorea.go.kr/popup/sensuousmenuView.do?rcp_menu_no=332,공개 조리법 rcp_menu_no=332,2b97f79bc7db8d96f58c986a2dbe9470cb83012c87410192f46a521e2d66e86c,2026-10-04,public-recipe-v1,UNKNOWN
MFDS-333,수삼튀김,"재료량(4인분) - 수삼 400g, 계란 8g, 밀가루 16g, 콩기름 8g",,,식품의약품안전처 식품안전나라 공개 조리법,https://www.foodsafetykorea.go.kr/popup/sensuousmenuView.do?rcp_menu_no=333,공개 조리법 rcp_menu_no=333,041852018da73cd6c059f655ee07f279a0511839e976504d9924b67eb091e7ab,2026-10-04,public-recipe-v1,DEEP_FRIED
MFDS-334,쇠고기무국,"재료량(4인분) - 쇠고기 80g, 무 240g, 다진마늘 8g, 소금 4g, 참기름 8g, 파 12g",,,식품의약품안전처 식품안전나라 공개 조리법,https://www.foodsafetykorea.go.kr/popup/sensuousmenuView.do?rcp_menu_no=334,공개 조리법 rcp_menu_no=334,73d76859cfc18d1cf96f576e2e90402c07591d9d808ba811e19e1940daceaf8a,2026-10-04,public-recipe-v1,SIMMERED
MFDS-335,고들빼기김치,"재료량(4인분) - 고들빼기 240, 고춧가루 1/2컵, 찹쌀풀 1/2컵, 멸치액젓 약간, 설탕 1큰술, 다진마늘 1큰술",,,식품의약품안전처 식품안전나라 공개 조리법,https://www.foodsafetykorea.go.kr/popup/sensuousmenuView.do?rcp_menu_no=335,공개 조리법 rcp_menu_no=335,b39eab5c2a50385eeb74fbfb7b812c693742a99d3249f68df2d415fe81df6b2d,2026-10-04,public-recipe-v1,UNKNOWN
MFDS-336,참나물무침,"재료량(4인분) 참나물 220g, 파 10g, 다진 마늘 8g, 홍고추 5g, 소금 3.5g, 참기름 5g, 통깨 2g",,,식품의약품안전처 식품안전나라 공개 조리법,https://www.foodsafetykorea.go.kr/popup/sensuousmenuView.do?rcp_menu_no=336,공개 조리법 rcp_menu_no=336,c776e9f1cd4981a6a22a590051d9b7cd1266d6d5ef10f59ca1e60b5a67132a3e,2026-10-04,public-recipe-v1,UNKNOWN
MFDS-337,참나물두부무침,"재료량(4인분) 참나물 160g, 두부 100g, 파 15g, 다진 마늘 7g, 참기름 5g, 소금 3g, 통깨 2g",,,식품의약품안전처 식품안전나라 공개 조리법,https://www.foodsafetykorea.go.kr/popup/sensuousmenuView.do?rcp_menu_no=337,공개 조리법 rcp_menu_no=337,2a924cebaea5a812f1d56c6378b4952e3f9e3d082693c38bb2b01be8cfa73f54,2026-10-04,public-recipe-v1,UNKNOWN
MFDS-338,새우튀김,"재료량(4인분) - 새우 160g, 콩기름 20g, 밀가루 92g, 소금 8g",,,식품의약품안전처 식품안전나라 공개 조리법,https://www.foodsafetykorea.go.kr/popup/sensuousmenuView.do?rcp_menu_no=338,공개 조리법 rcp_menu_no=338,99c5ee1dc4a143f4f8db2f4bcc04dd75d9e1076a44dfb3822245d8e0fa6e3918,2026-10-04,public-recipe-v1,DEEP_FRIED
MFDS-340,닭봉구이,"재료량(4인분) 닭봉 190g, 굴소스 20g, 양파 20g, 토마토케첩 20g, 간장 10g, 파 10g, 물엿 10g, 다진 마늘 8g, 후춧가루 0.5g",,,식품의약품안전처 식품안전나라 공개 조리법,https://www.foodsafetykorea.go.kr/popup/sensuousmenuView.do?rcp_menu_no=340,공개 조리법 rcp_menu_no=340,803bc52be94360aeb40fecdecb4bcd6427418ee4d56baab18adc1a68559d48c9,2026-10-04,public-recipe-v1,GRILLED
MFDS-341,도미찜,"재료량(4인분) - 간장 40g, 고춧가루 12g, 깨소금 4g, 돔 280g, 다진마늘 8g, 무 120g, 미나리 40g, 생강 4g, 쑥갓 20g, 양파 40g, 참기름 4g, 콩나물 40g",,,식품의약품안전처 식품안전나라 공개 조리법,https://www.foodsafetykorea.go.kr/popup/sensuousmenuView.do?rcp_menu_no=341,공개 조리법 rcp_menu_no=341,4074fc9962b1266c503fbe2dc572e45299d77099e97df077e8391a45e4523c47,2026-10-04,public-recipe-v1,SIMMERED
MFDS-342,냉이찹쌀전,"재료량(4인분) 냉이 160g, 찹쌀가루 70g, 달걀 50g, 파 20g, 콩기름 15g, 간장 10g, 식초 5g, 소금 3g, 통깨 2g",,,식품의약품안전처 식품안전나라 공개 조리법,https://www.foodsafetykorea.go.kr/popup/sensuousmenuView.do?rcp_menu_no=342,공개 조리법 rcp_menu_no=342,c8c31d5cf65c86345a778bddd99636a8d21e301e56e8ce3bebf9b33aa71a00dd,2026-10-04,public-recipe-v1,PAN_COOKED
MFDS-343,양미리조림,"재료량(4인분) - 양미리 160g, 무160g, 풋고추 8g, 간장 40g, 고춧가루4g, 마늘 8g, 양파 40g, 물엿 12g, 청주 20g",,,식품의약품안전처 식품안전나라 공개 조리법,https://www.foodsafetykorea.go.kr/popup/sensuousmenuView.do?rcp_menu_no=343,공개 조리법 rcp_menu_no=343,ccb5afd15a1ffce76cd82dc134036b75410e6cb2f04c7528afd59793c63cd6dc,2026-10-04,public-recipe-v1,UNKNOWN
MFDS-344,돼지고기김치찌개,"재료량(4인분) 배추김치 190g, 돼지고기 100g, 두부 100g, 양파 30g,파 15g, 국멸치 10g, 다진 마늘 6g, 건다시마 6g, 고추가루 4g, 청양고추 4g, 소금 3g",,,식품의약품안전처 식품안전나라 공개 조리법,https://www.foodsafetykorea.go.kr/popup/sensuousmenuView.do?rcp_menu_no=344,공개 조리법 rcp_menu_no=344,6b32a3484d283acbcc99530d1f2b2b6da5229d81ad753ebb3fe6807d17c79c41,2026-10-04,public-recipe-v1,PAN_COOKED
MFDS-345,송이버섯구이,"재료량(4인분) - 송이버섯 280g, 콩기름 4g",,,식품의약품안전처 식품안전나라 공개 조리법,https://www.foodsafetykorea.go.kr/popup/sensuousmenuView.do?rcp_menu_no=345,공개 조리법 rcp_menu_no=345,fe30117e577815299470d4a894b7898e6f34fb972158afb2256bc3bd90c79ebf,2026-10-04,public-recipe-v1,GRILLED
MFDS-346,콩나물겨자냉채,"콩나물 170g, 오이 25g, 당근 20g, 양파 20g, 식초 13g, 연겨자 9g, 설탕 4g, 소금 3g, 통깨 2g",,,식품의약품안전처 식품안전나라 공개 조리법,https://www.foodsafetykorea.go.kr/popup/sensuousmenuView.do?rcp_menu_no=346,공개 조리법 rcp_menu_no=346,f487bf706f390d3dffc155988cbe840c5a577e7ad5d7f57bf32bcf61222f85cd,2026-10-04,public-recipe-v1,UNKNOWN
MFDS-347,가자미조림,"재료량(4인분) - 가자미200g, 무 160g, 양파 40g, 고춧가루 9.6g, 깨소금 2g, 설탕 8g, 후추 0.4g",,,식품의약품안전처 식품안전나라 공개 조리법,https://www.foodsafetykorea.go.kr/popup/sensuousmenuView.do?rcp_menu_no=347,공개 조리법 rcp_menu_no=347,260869f7b3502b2321e8b6b3e03eaf851bdaa85ab0c22d00979ba541f774b368,2026-10-04,public-recipe-v1,UNKNOWN
MFDS-348,주꾸미잡채,"재료량(4인분) 주꾸미 100g, 당면 80g, 양파 50g, 당근 30g, 청피망 30g, 간장 30g, 파 10g, 설탕 7g, 참기름 7g, 다진 마늘 7g, 콩기름 6g, 소금 3g, 통깨 3g",,,식품의약품안전처 식품안전나라 공개 조리법,https://www.foodsafetykorea.go.kr/popup/sensuousmenuView.do?rcp_menu_no=348,공개 조리법 rcp_menu_no=348,57e792dd7fe162c9763eea2a28399fb2956b903c97cc6db96bb912c57fdf52bb,2026-10-04,public-recipe-v1,PAN_COOKED
MFDS-349,돌솥밥,"재료량(4인분) - 쌀 240g, 찹쌀 80g, 대추 20g, 밤 80g, 은행 40g, 표고버섯 20g",,,식품의약품안전처 식품안전나라 공개 조리법,https://www.foodsafetykorea.go.kr/popup/sensuousmenuView.do?rcp_menu_no=349,공개 조리법 rcp_menu_no=349,c465cbdf28208c3552a9bd889708cc8e11689e9e27f56a86477c581b5d387a0c,2026-10-04,public-recipe-v1,STEAMED
MFDS-350,유채나물,"재료량(4인분) - 유채나물 280g, 소금 4g, 다진파 28g, 참기름 4g, 간장 8g",,,식품의약품안전처 식품안전나라 공개 조리법,https://www.foodsafetykorea.go.kr/popup/sensuousmenuView.do?rcp_menu_no=350,공개 조리법 rcp_menu_no=350,ecb9f3f115ce6b4e95904299bf480737c27a8a4bf354b249c312d912d8738348,2026-10-04,public-recipe-v1,UNKNOWN
MFDS-91,죽순콩나물밥,"쌀 90g, 삶은 죽순 40g, 콩나물 30g, 녹차 우린 물 90g 양념장 : 간장 4g, 고춧가루 0.5g, 설탕 1g, 깨소금 0.5g, 다진파 2.5g, 다진마늘 1.25g, 청양고추 2.5g, 홍고추 1.25g, 맛술 3.75g, 참기름 1g",,,식품의약품안전처 식품안전나라 공개 조리법,https://www.foodsafetykorea.go.kr/popup/sensuousmenuView.do?rcp_menu_no=91,공개 조리법 rcp_menu_no=91,9c6b3aa2549f84f511e86e1755dde4a3315f09ee6dc4b62266ac8b3fb4f8180a,2026-10-04,public-recipe-v1,UNKNOWN
MFDS-93,멍게비빔밥,"쌀밥 210g, 멍게살 40g, 부추 10g, 무순 5g, 김 0.5g, 통깨 1.5g, 참기름 4g 양념장 : 고추장 5g, 설탕 1g, 레몬즙 3g, 간 양파 3, 매실액 3g",,,식품의약품안전처 식품안전나라 공개 조리법,https://www.foodsafetykorea.go.kr/popup/sensuousmenuView.do?rcp_menu_no=93,공개 조리법 rcp_menu_no=93,e5f61e00dd29e44b4058da9fab895d9c27497f0cf3da05fe58c0a9de02363e76,2026-10-04,public-recipe-v1,UNKNOWN
MFDS-95,완두콩밥,"재료량(4인분) - 쌀360g, 완두콩80g",,,식품의약품안전처 식품안전나라 공개 조리법,https://www.foodsafetykorea.go.kr/popup/sensuousmenuView.do?rcp_menu_no=95,공개 조리법 rcp_menu_no=95,da956dbeaef485feed92daf6b0896ba8659540bcd806bfa05c89e6fff8c70dd4,2026-10-04,public-recipe-v1,UNKNOWN
MFDS-96,애호박젓국,"재료량(4인분) - 된장 20g, 다진 마늘 4g, 새우젓 40g, 양파 40g, 호박 280g",,,식품의약품안전처 식품안전나라 공개 조리법,https://www.foodsafetykorea.go.kr/popup/sensuousmenuView.do?rcp_menu_no=96,공개 조리법 rcp_menu_no=96,7b55785f7aab311a181b285ecb96b8e5fa1054e4603a6213385f6df8e0fa179e,2026-10-04,public-recipe-v1,UNKNOWN
MFDS-97,키조개샤브샤브,"키조개관자 60g, 참나물 10g, 애호박 10g, 당근 10g, 대파 5g, 느타리버섯 30g, 팽이버섯 30g, 표고버섯 20g, 다시마 국물 200g(물 300, 다시마 1g) 소스 : 간장 4.5g, 사과식초 2.5g, 올리고당 3.5g",,,식품의약품안전처 식품안전나라 공개 조리법,https://www.foodsafetykorea.go.kr/popup/sensuousmenuView.do?rcp_menu_no=97,공개 조리법 rcp_menu_no=97,f55a30ebc722407aa4bfaec9d54ea40e30b04d54b4a9feaad47f1e55f7bdb7a7,2026-10-04,public-recipe-v1,SIMMERED
MFDS-99,가자미쑥국,"가자미 50g, 모시조개 15g, 쑥 20g, 물 200g, 된장 9g, 대파 4g, 들깨가루 6g",,,식품의약품안전처 식품안전나라 공개 조리법,https://www.foodsafetykorea.go.kr/popup/sensuousmenuView.do?rcp_menu_no=99,공개 조리법 rcp_menu_no=99,95dbcbc22c72f8c9d1adf1cf51413d05f6ba753720e43059e12d24b3fdb55367,2026-10-04,public-recipe-v1,SIMMERED
RDA-89497,보리밥,"보리쌀 360g(2 1/2컵), 쌀 360g(2컵), 강낭콩 200g(1컵), 밥 짓는 물 900mL(4 1/2컵)",,가열하여 익히는 음식 > 물을 이용한 음식 > 끓이는 음식,농촌진흥청 농식품 올바로 전통향토음식,https://www.nics.go.kr/food/kfi/tfSrch08/view?menuId=PS03520&tfcode=89497,"문화공보부 문화재관리국, 한국민속종합조사보고서(향토음식 편), 1984",79b7d76d67eb47415abd825f1ad4bf178176492aadb0ae7ea73a98c73df176a3,2026-10-04,public-recipe-v1,SIMMERED
RDA-89514,호박죽,"늙은 호박 3kg(1개), 찹쌀가루 400g(4컵), 멥쌀가루 300g(2컵), 팥 210g(1컵), 물 적량, 소금 3큰술",,가열하여 익히는 음식 > 물을 이용한 음식 > 끓이는 음식,농촌진흥청 농식품 올바로 전통향토음식,https://www.nics.go.kr/food/kfi/tfSrch08/view?menuId=PS03520&tfcode=89514,"순천시청, 손끝에서 손끝으로 순천의 맛, 2001 완도군농업기술센터, 세계로! 미래로! 청해진 음식기행 100선, 2001 전남광주통합특별시농업기술센터, 미향 광주의 향토음식, 2003 장성군농업기술센터, 장성의 맛과 멋, 2003",d0152fe782924a92c8ae1e9d8859c56dec8c69a9f6fc53d585a2ae15746aff55,2026-10-04,public-recipe-v1,SIMMERED
RDA-89555,청국장찌개,"청국장 100g, 쇠고기 50g, 두부 1/2모(250g), 배추김치 200g, 풋고추 45g(3개), 쌀뜨물 600mL(3컵), 대파 10g(1/4뿌리), 마늘 10g(2쪽), 고춧가루 2작은술, 소금 적량",,가열하여 익히는 음식 > 물을 이용한 음식 > 끓이는 음식,농촌진흥청 농식품 올바로 전통향토음식,https://www.nics.go.kr/food/kfi/tfSrch08/view?menuId=PS03520&tfcode=89555,"문화공보부 문화재관리국, 한국민속종합조사보고서(향토음식 편), 1984 한국관광공사, 한국의 전통음식, www.tourkorea.or.kr/, 2006",4acc0c29fe274b4c8a30e205e8970859866c27966e0168ce569333eae26cbd0a,2026-10-04,public-recipe-v1,SIMMERED
RDA-89579,더덕구이,"더덕 300g(대 8개), 식초 약간","<양념> 고추장 2큰술, 간장 2큰술, 설탕 2큰술, 다진 파 2큰술, 다진 마늘 1작은술, 깨소금 1작은술, 참기름 1큰술 <유장> 참기름 1큰술,간장 1큰술",가열하여 익히는 음식 > 굽는 음식 > 굽는 음식,농촌진흥청 농식품 올바로 전통향토음식,https://www.nics.go.kr/food/kfi/tfSrch08/view?menuId=PS03520&tfcode=89579,,3d9dd4aa2b3aaa3020a2be638aa11eaa8ea3484fdbd9e0127625b982890871e7,2026-10-04,public-recipe-v1,GRILLED
RDA-89701,어죽,"민물고기 (붕어 등) 800g, 민물새우 100g(9마리), 불린 쌀 200g(1컵), 국수 200g, 깻잎 약간, 소금 약간, 풋고추 15g(1개), 물 2L(10컵), 고추장 2큰술, 고춧가루 2큰술, 다진 양파 2큰술, 다진마늘 2큰술, 들깻가루 2큰술, 참기름 1큰술",,가열하여 익히는 음식 > 물을 이용한 음식 > 끓이는 음식,농촌진흥청 농식품 올바로 전통향토음식,https://www.nics.go.kr/food/kfi/tfSrch08/view?menuId=PS03520&tfcode=89701,"충청남도 농업기술원, 충남 향토음식 맛 기행, 2005",3162fbf46081fa9fe9278b2cd65ecf45ca9748bc2d2eb012ce8995cd9a2a9cd8,2026-10-04,public-recipe-v1,SIMMERED
RDA-89705,호박죽,"늙은 호박 300g,팥 50g(1/4컵),찹쌀가루 50g(1/2컵),설탕 4큰술,물 600mL(3컵),소금 약간",,가열하여 익히는 음식 > 물을 이용한 음식 > 끓이는 음식,농촌진흥청 농식품 올바로 전통향토음식,https://www.nics.go.kr/food/kfi/tfSrch08/view?menuId=PS03520&tfcode=89705,,32d89a5bafc06735ea47a0e37f6f847cc012a21e99c3fd5030525311396ae40b,2026-10-04,public-recipe-v1,SIMMERED
RDA-89724,꽃게탕(꽃게매운탕),"꽃게 500g(2마리), 애호박 150g(1/2개), 양파 80g(1/2개), 무 40g, 쑥갓 20g, 붉은 고추 15g(1개), 풋고추 15g(1개), 대파 20g(1/2뿌리), 물 1.6L(8컵)","<양념> 된장 1큰술, 고춧가루 2큰술, 다진 마늘, 소금 적량",가열하여 익히는 음식 > 물을 이용한 음식 > 끓이는 음식,농촌진흥청 농식품 올바로 전통향토음식,https://www.nics.go.kr/food/kfi/tfSrch08/view?menuId=PS03520&tfcode=89724,"태안군 농업기술센터, 전통음식의 맛·멋, 1997 농촌진흥청, 향토음식, www2.rda.go.kr/food, 2006",9518c884d8663e553083cd56da70787cc362405336adf64a266eb2a3c12fd375,2026-10-04,public-recipe-v1,SIMMERED
RDA-89785,더덕구이,더덕 200g(대 5뿌리),"<양념> 고추장 2큰술, 간장 1큰술, 설탕 1큰술, 다진 파 2작은술, 다진 마늘 1작은술, 참기름 1큰술, 깨소금 1작은술",가열하여 익히는 음식 > 굽는 음식 > 굽는 음식,농촌진흥청 농식품 올바로 전통향토음식,https://www.nics.go.kr/food/kfi/tfSrch08/view?menuId=PS03520&tfcode=89785,"충청남도 농업기술원, 충남 향토음식 맛 기행, 2005",3bea28ed2da5e6e2e52c57222ec573db9c475cc541cd06eb5ce1a80f745de1e7,2026-10-04,public-recipe-v1,GRILLED
RDA-89806,가오리찜(갱개미찜),"가오리 (갱개미) 1kg(1마리), 실고추 약간","[양념] 실파 50g, 다진 마늘 1큰술, 참기름 1큰술, 소금 1큰술",가열하여 익히는 음식 > 물을 이용한 음식 > 수증기로 찌는 음식,농촌진흥청 농식품 올바로 전통향토음식,https://www.nics.go.kr/food/kfi/tfSrch08/view?menuId=PS03520&tfcode=89806,,f457fe729d1dad2b58133564b56ae0b833a55b1beda6adbb919f5058470846a2,2026-10-04,public-recipe-v1,STEAMED
RDA-89918,오곡밥,"쌀 600g(3 1/3컵), 보리쌀 70g(1/2컵), 차조 70g(1/2컵), 팥 70g(1/3컵), 수수(쌀대죽) 70g, 물 1.3L(6 1/2컵)",,가열하여 익히는 음식 > 물을 이용한 음식 > 끓이는 음식,농촌진흥청 농식품 올바로 전통향토음식,https://www.nics.go.kr/food/kfi/tfSrch08/view?menuId=PS03520&tfcode=89918,"제주특별자치도 농촌진흥원, 오랫동안 전하여 온 맛과 멋-제주 전통음식, 1995 제주특별자치도 농업기술원, 제주 전통음식, 2007",cdcf00e90df1473efd6b4d67b235b7791614389b0360822a903ad6f8f5d3c5a7,2026-10-04,public-recipe-v1,SIMMERED
RDA-89919,잡곡밥,"보리쌀 600g(4컵), 차조 100g(2/3컵), 팥 100g(1/2컵), 물 1L(5컵)",,가열하여 익히는 음식 > 물을 이용한 음식 > 끓이는 음식,농촌진흥청 농식품 올바로 전통향토음식,https://www.nics.go.kr/food/kfi/tfSrch08/view?menuId=PS03520&tfcode=89919,"제주특별자치도 농촌진흥원, 오랫동안 전하여 온 맛과 멋-제주 전통음식, 1995 제주특별자치도 농업기술원, 제주 전통음식, 2007",37c9ca6a0d6efd40870949a9440130270e27d353a9fa15e20dbef53ff858f584,2026-10-04,public-recipe-v1,SIMMERED
RDA-89925,닭죽,"닭 1.3kg(1마리), 쌀 400g(2 1/4컵), 물 4L(20컵), 마늘 20g(5쪽), 대파 35g(1뿌리), 소금 1큰술, 참기름 2작은술",,가열하여 익히는 음식 > 물을 이용한 음식 > 끓이는 음식,농촌진흥청 농식품 올바로 전통향토음식,https://www.nics.go.kr/food/kfi/tfSrch08/view?menuId=PS03520&tfcode=89925,"제주특별자치도 농촌진흥원, 오랫동안 전하여온 맛과 멋-제주 전통음식, 1995 제주특별자치도 농업기술원, 제주 전통음식, 2007",1502582451b1089b22ef06f5b5c53cae6e9033caeebbb42392fb9401b650d1f9,2026-10-04,public-recipe-v1,SIMMERED
RDA-89933,전복죽,"전복 330g(4개), 쌀 180g(1컵), 물 1.2L(6컵), 참기름 2큰술, 소금 1큰술",,가열하여 익히는 음식 > 물을 이용한 음식 > 끓이는 음식,농촌진흥청 농식품 올바로 전통향토음식,https://www.nics.go.kr/food/kfi/tfSrch08/view?menuId=PS03520&tfcode=89933,"농촌진흥청 농촌생활연구소(현 농촌자원개발연구소), 전통지식 모음집(생활문화편), 1997 완도군농업기술센터, 세계로! 미래로! 청해진 음식기행 100선, 2001",43fd0509197d56186b9220ab5f1b0ffa29db493f5551dc16fb30ca8e06d77ec5,2026-10-04,public-recipe-v1,SIMMERED
RDA-89937,팥죽(폿죽),"팥 200g(1컵), 쌀 200g(1컵), 물 2.8L(14컵), 소금 2작은술",,가열하여 익히는 음식 > 물을 이용한 음식 > 끓이는 음식,농촌진흥청 농식품 올바로 전통향토음식,https://www.nics.go.kr/food/kfi/tfSrch08/view?menuId=PS03520&tfcode=89937,"진성기, 남도의 향토음식-제주특별자치도 향토음식, 제주민속연구소, 1985 제주특별자치도 농촌진흥원, 오랫동안 전하여온 맛과 멋-제주 전통음식, 1995 제주특별자치도민속자연사박물관, 제주특별자치도의 식생활, 1995 제주특별자치도 농업기술원, 제주 전통음식, 2007",261c2d9f18dcf8f050309d35e7469c5a2e4d024f828999b14290b1c612142abf,2026-10-04,public-recipe-v1,SIMMERED
RDA-89945,"밀가루수제비(수제비, 밀가루자베기)","밀가루 330g(3컵), 반죽물 200mL(1컵), 불린 마른 미역 200g, 국간장 2큰술","<멸치장국국물> 멸치 50g(25마리), 물 1.2L(6컵)",가열하여 익히는 음식 > 물을 이용한 음식 > 끓이는 음식,농촌진흥청 농식품 올바로 전통향토음식,https://www.nics.go.kr/food/kfi/tfSrch08/view?menuId=PS03520&tfcode=89945,"제주특별자치도 농촌진흥원, 오랫동안 전하여온 맛과 멋-제주 전통음식, 1995 제주특별자치도 농업기술원, 제주 전통음식, 2007",09419143745f36a9aa292c8b2a903811942efcff9f839f0410b74385bac284a2,2026-10-04,public-recipe-v1,SIMMERED
RDA-90034,고등어조림(고등어지짐),"고등어 400g(1마리), 무 400g(1/2개), 물 100mL(1/2컵)","<양념장> 간장 4큰술, 고추장 2큰술, 다진 마늘 1 1/2큰술, 설탕 2작은술, 생강즙 2작은술",가열하여 익히는 음식 > 물을 이용한 음식 > 약간의 수분을 양념과함께 넣고 익혀 양념이 식품에 스며들게 하는 음식,농촌진흥청 농식품 올바로 전통향토음식,https://www.nics.go.kr/food/kfi/tfSrch08/view?menuId=PS03520&tfcode=90034,"제주특별자치도 농촌진흥원, 오랫동안 전하여 온 맛과 멋-제주 전통음식, 1995 제주특별자치도 농업기술센터, 제주 전통음식, 2003 제주특별자치도 농업기술원, 제주 전통음식, 2007",c57218f67c2caef2a85f7b5e39b8a98287e94daf1f5aebee3742956f91e04f49,2026-10-04,public-recipe-v1,SIMMERED
RDA-90035,멸치조림(멜조림),"생멸치 500g, 풋고추 30g(2개), 마늘 15g(4쪽), 간장 3큰술, 참기름 약간",,가열하여 익히는 음식 > 물을 이용한 음식 > 약간의 수분을 양념과함께 넣고 익혀 양념이 식품에 스며들게 하는 음식,농촌진흥청 농식품 올바로 전통향토음식,https://www.nics.go.kr/food/kfi/tfSrch08/view?menuId=PS03520&tfcode=90035,"제주특별자치도 농업기술원, 제주 전통음식, 2007",f2d37e10f1249f41080bf8c7c20370a4e79a5c70850c3868ee901e5eeebeb2e3,2026-10-04,public-recipe-v1,SIMMERED
RDA-90111,증편(기증편),"쌀가루 750g(5컵), 막걸리 2컵, 설탕 1/2컵, 물 600mL(3컵)",,가열하여 익히는 음식 > 물을 이용한 음식 > 수증기로 찌는 음식,농촌진흥청 농식품 올바로 전통향토음식,https://www.nics.go.kr/food/kfi/tfSrch08/view?menuId=PS03520&tfcode=90111,"제주특별자치도 농촌진흥원, 오랫동안 전하여 온 맛과 멋-제주 전통음식, 1995 제주특별자치도민속자연사박물관, 제주특별자치도의 식생활, 1995 제주특별자치도농업기술센터, 제주 전통음식, 2003 제주특별자치도 농업기술원, 제주 전통음식, 2007 농촌진흥청, 향토음식, www2.rda.go.kr/food/, 2006",6e8632c40aeea04e32120433868f1455af6d32573b90d4ceb04150da3584b5e5,2026-10-04,public-recipe-v1,STEAMED
RDA-90144,오곡밥,"팥 100g(1/2컵), 밤콩 80g(1/2컵), 수수 70g(1/2컵), 차조 80g(1/2컵), 쌀 90g(1/2컵), 찹쌀 90g(1/2컵), 소금 1큰술, 물 (밥 짓는 물+팥 삶은 물) 800mL(4컵)",,가열하여 익히는 음식 > 물을 이용한 음식 > 끓이는 음식,농촌진흥청 농식품 올바로 전통향토음식,https://www.nics.go.kr/food/kfi/tfSrch08/view?menuId=PS03520&tfcode=90144,"순창군농업기술센터, 순창의 맛 장독대, 2005",eab49f1f94d593f088b63d818d2a0f58d55264674635592b37567c3f7ae3b6fa,2026-10-04,public-recipe-v1,SIMMERED
RDA-90146,찰밥,"찹쌀 500g(3컵), 땅콩 1큰술, 은행 25g(12알), 밤 110g(6개), 잣 적량, 소금 , 설탕 , 참기름 약간, 밥 짓는 물 650mL(3 1/4컵)",,가열하여 익히는 음식 > 물을 이용한 음식 > 끓이는 음식,농촌진흥청 농식품 올바로 전통향토음식,https://www.nics.go.kr/food/kfi/tfSrch08/view?menuId=PS03520&tfcode=90146,,5f238e39e93722e2bfa4b6036e4196c3b8b5b2d4c70181f06232ab26e2797be2,2026-10-04,public-recipe-v1,STEAMED
RDA-90147,닭죽,"닭(영계) 300g(1마리), 물 2.4L(12컵), 대파 35g(1뿌리), 찹쌀 340g(2컵), 마늘 20g(5쪽), 소금 약간",,가열하여 익히는 음식 > 물을 이용한 음식 > 끓이는 음식,농촌진흥청 농식품 올바로 전통향토음식,https://www.nics.go.kr/food/kfi/tfSrch08/view?menuId=PS03520&tfcode=90147,"전라북도특별자치도 농촌진흥원, 전북의 맛, 1988 농촌진흥청 농촌영양개선연수원(현 농촌자원개발연구소), 한국의 향토음식, 1994",fc550a7b0cd053149bd708c5cb8e08876fa5547c0cc98ba3073624f106e4d1da,2026-10-04,public-recipe-v1,SIMMERED
RDA-90151,백합죽,"백합 150g, 쌀 90g(1/2컵), 물 1L(5컵), 참기름 1/2큰술, 소금 1작은술",,가열하여 익히는 음식 > 물을 이용한 음식 > 끓이는 음식,농촌진흥청 농식품 올바로 전통향토음식,https://www.nics.go.kr/food/kfi/tfSrch08/view?menuId=PS03520&tfcode=90151,"광양시농업기술센터 광양시생활개선회, 광양향토음식, 2001 여수시농업기술센터, 관광 여수의 맛자랑, 2001 전남광주통합특별시 북구, 향토음식박물관 건립 방안 연구, 2003 영광군농업기술센터, 향토음식 맥잇기 영광의 맛, 2003",b530f46c619d87c93be25da2a57234db17c19553abaa16c5b484b2c6c7458a26,2026-10-04,public-recipe-v1,SIMMERED
RDA-90154,어죽<방법1>,"민물고기 200g, 쌀 90g(1/2컵), 밀가루 55g(1/2컵), 풋고추 40g(4개), 깻잎 15g(8장), 미나리 , 쑥갓 약간, 물 1L(5컵)","<다진 양념> 된장 2큰술, 고추장 2큰술, 다진 파 2큰술, 다진 마늘 2큰술, 다진 생강 1큰술, 고춧가루·후춧가루 약간",가열하여 익히는 음식 > 물을 이용한 음식 > 끓이는 음식,농촌진흥청 농식품 올바로 전통향토음식,https://www.nics.go.kr/food/kfi/tfSrch08/view?menuId=PS03520&tfcode=90154,"농촌진흥청 농촌영양개선연수원(현 농촌자원개발연구소), 한국의 향토음식, 1994 전라북도특별자치도 농촌진흥원, 전북음식, 1996",f1202eb4568d327c0204bc21668c427ab7c8f7583b628fc02eae95da95814a15,2026-10-04,public-recipe-v1,SIMMERED
RDA-90155,어죽<방법2>,"민물고기 (피리·동자개·메기·꺽지) 700g, 밀가루 220g(2컵), 고추장 1큰술, 고춧가루 2작은술, 다진 파 1큰술, 다진 마늘 1큰술, 소금 1큰술",,가열하여 익히는 음식 > 물을 이용한 음식 > 끓이는 음식,농촌진흥청 농식품 올바로 전통향토음식,https://www.nics.go.kr/food/kfi/tfSrch08/view?menuId=PS03520&tfcode=90155,"농촌진흥청 농촌영양개선연수원(현 농촌자원개발연구소), 한국의 향토음식, 1994 전라북도특별자치도 농촌진흥원, 전북음식, 1996",de80bb08f69c0cf6f6881a32216e543113e85628fb83da1c43ba7d7fb71b5354,2026-10-04,public-recipe-v1,SIMMERED
RDA-90158,호박죽,"늙은 호박 1/2개, 팥 (또는 강낭콩) 210g(1컵), 찹쌀가루 35g(1/3컵), 물 2L(10컵), 설탕 1큰술, 소금 약간",,가열하여 익히는 음식 > 물을 이용한 음식 > 끓이는 음식,농촌진흥청 농식품 올바로 전통향토음식,https://www.nics.go.kr/food/kfi/tfSrch08/view?menuId=PS03520&tfcode=90158,,bef64757c7099db5eaf5af146b538b00f111a15110650b1987809bbfcb148ea2,2026-10-04,public-recipe-v1,SIMMERED
RDA-90167,콩국수,"콩 320g(2컵), 밀가루 440g(4컵), 오이 150g(1개), 달걀 100g(2개), 다진 파 1큰술, 다진 마늘 1큰술, 깨소금 1큰술, 참기름 1큰술, 소금 2큰술, 물 2.4L(12컵)",,가열하여 익히는 음식 > 물을 이용한 음식 > 끓이는 음식,농촌진흥청 농식품 올바로 전통향토음식,https://www.nics.go.kr/food/kfi/tfSrch08/view?menuId=PS03520&tfcode=90167,"전라북도특별자치도 농촌진흥원, 전북의 맛, 1988",deef530b5972d3c1c7453452120cd48939c483872b0622a15cda05bb95499ca6,2026-10-04,public-recipe-v1,SIMMERED
RDA-90170,감자탕,"돼지 뼈 400g, 감자 300g(2개), 시래기 200g, 대파 35g(1뿌리), 마른 고추 30g(3개), 들깨 3큰술, 된장 1작은술, 다진 마늘 1큰술, 물 적량, 소금 약간","<시래기 양념> 된장, 다진파, 다진 마늘 적량",가열하여 익히는 음식 > 물을 이용한 음식 > 끓이는 음식,농촌진흥청 농식품 올바로 전통향토음식,https://www.nics.go.kr/food/kfi/tfSrch08/view?menuId=PS03520&tfcode=90170,,fcc05ea4ae1e7d0c7f878907d3f405ad06ba80570622c2305c70b508c4d23758,2026-10-04,public-recipe-v1,SIMMERED
RDA-90171,꽃게탕,"꽃게 500g(2마리), 들깨 90g(1컵), 양파 80g(1/2개), 대파 35g(1뿌리), 풋고추 15g(1개), 다진 마늘 1큰술, 고추 다진 양념 1큰술, 된장 1큰술, 물 400mL(2컵), 국간장 약간","<멸치장국국물> 멸치 20g(10마리), 다시마 10g, 물 1.2L(6컵)",가열하여 익히는 음식 > 물을 이용한 음식 > 끓이는 음식,농촌진흥청 농식품 올바로 전통향토음식,https://www.nics.go.kr/food/kfi/tfSrch08/view?menuId=PS03520&tfcode=90171,,02acc9356bc59c8e3d72e1dd596c2007e175f2ee302c6abc0d27014dc61f2a67,2026-10-04,public-recipe-v1,SIMMERED
RDA-90189,된장찌개,"쇠고기 50g, 우렁이 200g, 두부 250g(1/2모), 애호박 190g(1/2개), 대파 35g(1뿌리), 물 3컵, 된장 2큰술, 소금 약간",,가열하여 익히는 음식 > 물을 이용한 음식 > 끓이는 음식,농촌진흥청 농식품 올바로 전통향토음식,https://www.nics.go.kr/food/kfi/tfSrch08/view?menuId=PS03520&tfcode=90189,,51d4d8fad2c7ae9b8b54212075d3e6fe262207035d27428cf6f5b74e87718529,2026-10-04,public-recipe-v1,SIMMERED
RDA-90193,청국장찌개,"배추김치 적량, 두부 150g, 대파 10g(1/3뿌리), 청국장 3큰술, 다진 마늘 2작은술, 멸치장국국물(멸치 · 다시마 · 물) 200mL(1컵)",,가열하여 익히는 음식 > 물을 이용한 음식 > 끓이는 음식,농촌진흥청 농식품 올바로 전통향토음식,https://www.nics.go.kr/food/kfi/tfSrch08/view?menuId=PS03520&tfcode=90193,,46a26020c90a75f4ae460d6863476276d7cf45d474d9629ab2cb0d264fe0ee52,2026-10-04,public-recipe-v1,SIMMERED
RDA-90229,무조림(무시왁저기),"무 , 멸치 , 쌀뜨물 , 국간장 , 고춧가루 , 다진 파 , 다진 마늘 적량",,가열하여 익히는 음식 > 물을 이용한 음식 > 약간의 수분을 양념과함께 넣고 익혀 양념이 식품에 스며들게 하는 음식,농촌진흥청 농식품 올바로 전통향토음식,https://www.nics.go.kr/food/kfi/tfSrch08/view?menuId=PS03520&tfcode=90229,,8ccf1583dff211e8c6258bc825676ba77b402b94247ba03b030fe4e2d8791037,2026-10-04,public-recipe-v1,SIMMERED
RDA-90231,고구마전,"고구마 , 밀가루 , 달걀 , 쑥갓 , 풋고추 , 식용유 , 소금 적량",,가열하여 익히는 음식 > 기름을 이용하여 익히는 음식 > 기름을 이용하여 익히는 음식,농촌진흥청 농식품 올바로 전통향토음식,https://www.nics.go.kr/food/kfi/tfSrch08/view?menuId=PS03520&tfcode=90231,"순창군농업기술센터, 순창의 맛 장독대, 2005",316229eb5243f83800c7daf046f8a45750e3d679be53dcfd5d8c1ee95d47ae65,2026-10-04,public-recipe-v1,PAN_COOKED
RDA-90233,고추전,"풋고추 70g(5개),밀가루 110g(1컵),다진 마늘 1큰술,국간장 적량",,가열하여 익히는 음식 > 기름을 이용하여 익히는 음식 > 기름을 이용하여 익히는 음식,농촌진흥청 농식품 올바로 전통향토음식,https://www.nics.go.kr/food/kfi/tfSrch08/view?menuId=PS03520&tfcode=90233,,3487e94b2f282806a6e7ab97f9b2217e3847f03f4bbca9bacd393833a6c3bc26,2026-10-04,public-recipe-v1,PAN_COOKED
RDA-90234,김치전,"묵은 김치 400g, 바지락 80g(26개), 밀가루 35g(1/3컵), 식용유 적량, 소금 약간",,가열하여 익히는 음식 > 기름을 이용하여 익히는 음식 > 기름을 이용하여 익히는 음식,농촌진흥청 농식품 올바로 전통향토음식,https://www.nics.go.kr/food/kfi/tfSrch08/view?menuId=PS03520&tfcode=90234,,21781d8a5aa39c6827836d4a7b590c68acc674cff571036c2da1ee5ea907aa84,2026-10-04,public-recipe-v1,PAN_COOKED
RDA-90243,닭찜,"닭(영계) 800g, 밤 130g(8개), 건표고버섯 25g(8개), 당근 55g(1/3개), 대추 10g(4개), 달걀 100g(2개), 대파 50g(1 1/3뿌리), 마늘 30g(1통), 간장 3큰술, 생강즙 1큰술",,가열하여 익히는 음식 > 물을 이용한 음식 > 수증기로 찌는 음식,농촌진흥청 농식품 올바로 전통향토음식,https://www.nics.go.kr/food/kfi/tfSrch08/view?menuId=PS03520&tfcode=90243,"농촌진흥청 농촌영양개선연수원(현 농촌자원개발연구소), 한국의 향토음식, 1994",05b74061fb8861e73eff3908cfa3434038dd566f65c1904f9b696ae938f8df99,2026-10-04,public-recipe-v1,STEAMED
RDA-90306,증편,"멥쌀 540g(3컵), 막걸리 1컵, 설탕 50g(1/3컵), 더운 물 400mL(2컵), 소금 1작은술","<고명> 대추 10g(3개), 석이버섯 3g(3개), 통깨 약간",가열하여 익히는 음식 > 물을 이용한 음식 > 수증기로 찌는 음식,농촌진흥청 농식품 올바로 전통향토음식,https://www.nics.go.kr/food/kfi/tfSrch08/view?menuId=PS03520&tfcode=90306,,6124b4ada4ddf44055114edd00034ccdd27ce08b5c3894ad736af65b2edccb0a,2026-10-04,public-recipe-v1,STEAMED
RDA-90393,만둣국(병시),,"<만두피> 밀가루 220g(2컵), 물 8큰술, 소금 1작은술 <만두소> 쇠고기(우둔살) 100g, 건표고버섯 5g(2개), 두부 100g, 숙주 100g, 배추김치 200g <만두소 양념> 소금2작은술, 다진 파 2큰술, 다진 마늘 1큰술, 깨소금 1큰술, 참기름½큰술 <고명> 달걀50g(1개), 실고추5g, 대파35g(1뿌리), 다진 마늘 1큰술 <육수> 쇠고기(양지머리)150g, 국간장2작은술, 다진 마늘½큰술, 물 적량, 후춧가루·참기름 약간",가열하여 익히는 음식 > 물을 이용한 음식 > 끓이는 음식,농촌진흥청 농식품 올바로 전통향토음식,https://www.nics.go.kr/food/kfi/tfSrch08/view?menuId=PS03520&tfcode=90393,"전희정·이효지·한영실, 한국전통음식, 문화관광부, 2000",64b218d748e4638ae4c6b5a4693748c6f8efa8924ddc65cdc2522da2d26a0fbe,2026-10-04,public-recipe-v1,SIMMERED
RDA-90400,가리탕(갈비탕),"갈비 2kg, 무 300g(1/3개), 물 5L(25컵), 대파 20g(½뿌리), 달걀 50g(1개)","<양념> 국간장 3큰술, 다진 파 2작은술, 다진 마늘 2작은술, 참기름 1작은술, 후춧가루 1/4작은술, 깨소금 1작은술",가열하여 익히는 음식 > 물을 이용한 음식 > 끓이는 음식,농촌진흥청 농식품 올바로 전통향토음식,https://www.nics.go.kr/food/kfi/tfSrch08/view?menuId=PS03520&tfcode=90400,"문화공보부 문화재관리국, 한국민속종합조사보고서(향토음식편), 1984",2fa4856f92768e15336b4c1d5379d02e30dbdc6f5781ed6589446de0227f538b,2026-10-04,public-recipe-v1,SIMMERED
RDA-90419,설렁탕,"쇠머리 1kg, 사골 1개, 도가니 1개, 우설 1개, 유통 1/2개, 우족 1개, 사태 600g, 쇠고기(양지머리) 600g, 물 적량, 생강 적량, 대파 적량, 마늘 적량","<양념> 다진 파 120g(1컵), 소금 적량, 후춧가루 약간, 고춧가루 약간",가열하여 익히는 음식 > 물을 이용한 음식 > 끓이는 음식,농촌진흥청 농식품 올바로 전통향토음식,https://www.nics.go.kr/food/kfi/tfSrch08/view?menuId=PS03520&tfcode=90419,"한국관광공사, 한국의 전통음식: www.visitkorea.or.kr/cc/mg/ccmg_cv0.jsp, 2006",2f5863f1eb26b331045bd936fc6bb90a66f76458699a03204b3620add8104468,2026-10-04,public-recipe-v1,SIMMERED
RDA-90430,오리탕,"감자 300g(2개), 무 100g, 당근 50g(1/3개), 건삼 2뿌리, 양파 50g(1/3개), 느타리버섯 50g(약 3개), 쑥갓 20g, 미나리 20g, 오리 1kg(1마리), 밤 50g(3개), 대추 10g(3개), 대파 35g(1뿌리), 들깨 (간것) 3큰술, 다진 양파 적량, 물 적량","<양념장> 고추장 3큰술, 고춧가루1큰술, 소금 1큰술, 청주 2큰술, 다진 마늘 1큰술, 적량 <오리고기 밑간용> 청주, 다진마늘 적량, 후춧가루 약간",가열하여 익히는 음식 > 물을 이용한 음식 > 끓이는 음식,농촌진흥청 농식품 올바로 전통향토음식,https://www.nics.go.kr/food/kfi/tfSrch08/view?menuId=PS03520&tfcode=90430,"농촌진흥청 농촌영양개선연수원(현 농촌자원개발연구소), 한국의 향토음식, 1994",c1124b479aefdbea449ae9a982e3f6cdc7b3809fc523925ed750c9845afcccf3,2026-10-04,public-recipe-v1,SIMMERED
RDA-90431,오이냉국(오이창국),"오이(中) 300g(2개), 물 1.2L(6컵), 식초 4큰술, 국간장 1큰술, 소금 적량, 대파 35g(1뿌리), 붉은 고추 10g(1/2개)","<양념장> 국간장 1큰술, 다진 마늘 1작은술, 참기름 1작은술, 설탕 1/2작은술, 깨소금 1큰술, 고춧가루 1작은술",가열하여 익히는 음식 > 물을 이용한 음식 > 끓이는 음식,농촌진흥청 농식품 올바로 전통향토음식,https://www.nics.go.kr/food/kfi/tfSrch08/view?menuId=PS03520&tfcode=90431,"전희정, 이효지, 한영실, 한국전통음식,문화관광부, 2000",bac3bd174b90ce5d63e8f221908fec5a3b04a882a8bdb0c5d249022b1813007f,2026-10-04,public-recipe-v1,SIMMERED
RDA-90446,동태찌개,"무 200g(1/4개), 두부 508g(1모), 쑥갓 50g, 물 1L(5컵), 국간장 적량, 소금 적량, 생태 (동태) 540g(1마리), 쇠고기(양지머리) 100g, 붉은고추 15g(1개), 대파 70g(2뿌리)","<고기양념> 국간장 2작은술, 다진 파 4작은술, 다진 마늘 2작은술, 참기름 2작은술, 후춧가루 적량 <육수양념> 고추장 2큰술, 고춧가루 1작은술, 다진 마늘 2작은술, 다진 생강 1작은술",가열하여 익히는 음식 > 물을 이용한 음식 > 끓이는 음식,농촌진흥청 농식품 올바로 전통향토음식,https://www.nics.go.kr/food/kfi/tfSrch08/view?menuId=PS03520&tfcode=90446,"전희정·이효지·한영실, 한국전통음식, 문화관광부, 2000",9f8b6c155f883b8704c28fc9a6b711e45a26b0f88a255a669f1008d4eaf209ae,2026-10-04,public-recipe-v1,SIMMERED
RDA-90448,두부전골,"쇠고기 150g, 무 50g, 당근 35g(1/4개), 숙주 100g, 실파 5뿌리, 양파 80g(1/2개), 미나리 50g, 육수 2컵(400mL), 잣 1작은술, 두부 500g(1모), 표고버섯 10g(4개), 국간장 약간, 전분 적량, 참기름 약간, 소금 약간, 달걀 50g(1개)","<고기 양념> 간장 2큰술, 다진 파 4큰술, 참기름 2작은술, 설탕 1큰술, 다진 마늘 2작은술, 깨소금 2작은술",가열하여 익히는 음식 > 물을 이용한 음식 > 끓이는 음식,농촌진흥청 농식품 올바로 전통향토음식,https://www.nics.go.kr/food/kfi/tfSrch08/view?menuId=PS03520&tfcode=90448,"남양주시 향토음식연구회, 전통음식 맥잇기 활동보고서, 1998 정혜경, 이정혜, 조미숙, 이종미, 서울 음식문화에 대한 연구-심층면접에 의한 사례연구. 한국식생활문화학회지 11(2), 1996",127b459970e56790debe23339a224a8e26538b2f42b5344fa084533daa1dc86f,2026-10-04,public-recipe-v1,SIMMERED
RDA-90450,버섯전골,"느타리버섯 50g(3개), 송이버섯 50g, 싸리버섯 30g, 쇠고기 300g, 미나리 100g, 국간장 2큰술, 쪽파 20g, 육수 (양지머리) 600mL(3컵)","<양념> 간장 3큰술, 다진 파 1큰술, 다진 마늘 2작은술, 설탕 1큰술, 후춧가루 1/4작은술, 참기름 2큰술, 깨소금 1큰술",가열하여 익히는 음식 > 물을 이용한 음식 > 끓이는 음식,농촌진흥청 농식품 올바로 전통향토음식,https://www.nics.go.kr/food/kfi/tfSrch08/view?menuId=PS03520&tfcode=90450,"인천광역시 농촌지도소, 우리음식모음, 1996",e1ed5eb9e30fd60ce94f223b709abb177f5b2f9322d1c3004a0377e3055a6403,2026-10-04,public-recipe-v1,SIMMERED
RDA-90478,노각생채,"소금 1큰술, 노각 (늙은 오이) 500g, 붉은 고추 10g(½개), 대파 30g","<초고추장 양념> 고추장 1큰술, 식초 1큰술, 설탕 2작은술, 다진 파 1큰술, 다진 마늘 1/2큰술, 참기름 1작은술, 깨소금 1작은술",무치는 음식 > 생으로 무치는 음식 > 생으로 무치는 음식,농촌진흥청 농식품 올바로 전통향토음식,https://www.nics.go.kr/food/kfi/tfSrch08/view?menuId=PS03520&tfcode=90478,"전희정·이효지·한영실, 한국전통음식, 문화관광부, 2000",247615eb2688abc3eb002e10fa3bb3680e8cc1e2fc52dc8c07f88524e09a479f,2026-10-04,public-recipe-v1,UNKNOWN
RDA-90501,더덕구이,"참기름 4큰술, 잣가루 1작은술, 더덕(중간것) 150g(5뿌리)","<양념장> 간장 1/2큰술, 고추장 1 1/2큰술, 고운 고춧가루 1작은술, 다진 파 1큰술, 다진 마늘 1큰술, 설탕 1큰술, 깨소금 1큰술",가열하여 익히는 음식 > 굽는 음식 > 굽는 음식,농촌진흥청 농식품 올바로 전통향토음식,https://www.nics.go.kr/food/kfi/tfSrch08/view?menuId=PS03520&tfcode=90501,"경기도 농촌진흥원, 경기향토요리, 1991 농촌진흥청 농촌영양개선연수원(현 농촌자원개발연구소), 한국의 향토음식, 1994",a9f8f5a16ee8c0f74c8c6a441301153aadea08db2ba0b96b295a6e3d6b4e838a,2026-10-04,public-recipe-v1,GRILLED
RDA-90511,병어조림,"쇠고기 50g, 병어 200g(2토막), 물 200g(1컵), 실고추 3g","<쇠고기 양념장> 간장 1/2 큰술, 다진 파 1작은술, 다진 마늘 1작은술, 참기름 1작은술, 후춧가루 약간 <조림 양념장> 간장 3큰술, 설탕 1큰술, 대파 20g(1/2개), 다진 생강 1큰술, 참기름 1작은술, 깨소금 1작은술",가열하여 익히는 음식 > 물을 이용한 음식 > 약간의 수분을 양념과함께 넣고 익혀 양념이 식품에 스며들게 하는 음식,농촌진흥청 농식품 올바로 전통향토음식,https://www.nics.go.kr/food/kfi/tfSrch08/view?menuId=PS03520&tfcode=90511,"한복려, 궁중음식과 서울음식, 대원사, 1995",2c6ad6d06f8fc3973cc5460a601312951cea730bcc40df8b0729d25d34c28da7,2026-10-04,public-recipe-v1,UNKNOWN
RDA-90516,떡볶이,"흰떡 400g, 다진 고기 100g, 숙주 100g, 미나리 50g, 당근 30g, 양파 50g(1/3개), 건표고버섯 10g(3개), 소금 약간, 설탕 약간, 깨소금 약간, 참기름 약간","<양념> 간장 2큰술, 설탕 1큰술, 다진 파 2작은술, 다진 마늘 1작은술, 참기름 1/2큰술, 깨소금 1작은술, 후춧가루 약간",가열하여 익히는 음식 > 물을 이용한 음식 > 약간의 수분을 양념과함께 넣고 익혀 양념이 식품에 스며들게 하는 음식,농촌진흥청 농식품 올바로 전통향토음식,https://www.nics.go.kr/food/kfi/tfSrch08/view?menuId=PS03520&tfcode=90516,"문화공보부 문화재관리국, 한국민속종합조사보고서(향토음식편), 1984",169eee438b0c17896c80909f6e0c045ce3a80d9e66aefd0f0c3c56b496955c82,2026-10-04,public-recipe-v1,PAN_COOKED
RDA-90522,가지전,"가지 360g(3개), 밀가루 2큰술, 물 2큰술, 소금 2작은술, 식용유 적량",,가열하여 익히는 음식 > 기름을 이용하여 익히는 음식 > 기름을 이용하여 익히는 음식,농촌진흥청 농식품 올바로 전통향토음식,https://www.nics.go.kr/food/kfi/tfSrch08/view?menuId=PS03520&tfcode=90522,"광양시농업기술센터 광양시생활개선회, 광양향토음식, 2001",e93ab6e0b06b328b335100811210261ec5ac8289f2c30bbd727fd1edd374e1d7,2026-10-04,public-recipe-v1,PAN_COOKED
RDA-90668,매작과,"밀가루 110g(1컵), 소금 1/2작은술, 생강즙 1작은술, 식용유 3컵, 잣가루 2큰술, 물 3~4큰술, 녹말 가루 약간","<시럽> 설탕 150g(1컵), 물 200mL(1컵), 꿀 2큰술, 계피가루 1/2작은술",가열하여 익히는 음식 > 기름을 이용하여 익히는 음식 > 기름을 이용하여 익히는 음식,농촌진흥청 농식품 올바로 전통향토음식,https://www.nics.go.kr/food/kfi/tfSrch08/view?menuId=PS03520&tfcode=90668,"전희정·이효지·한영실, 한국전통음식, 문화관광부, 2000",b5eca58af3634923e80764eff6ccfcaecfc7b7ff39f5105fe850f5a475e247e5,2026-10-04,public-recipe-v1,DEEP_FRIED
RDA-90723,국밥,"쇠고기(등심) 160g, 물 1.6L(8컵), 배추 120g, 토란대 40g, 된장 40g(2 1/4큰술), 고추장 20g(1큰술), 대파 20g(1/2뿌리), 다진 마늘 8g(2/3큰술), 소금 3g(1작은술), 감자 전분 8g(1큰술), 쌀밥 840g(4공기)",,가열하여 익히는 음식 > 물을 이용한 음식 > 끓이는 음식,농촌진흥청 농식품 올바로 전통향토음식,https://www.nics.go.kr/food/kfi/tfSrch08/view?menuId=PS03520&tfcode=90723,"농촌진흥청, 농촌 식생활 향상을 위한 식생활 평가시스템 개발연구 보고서, 2000",8db531e35349f73ea059da8e1a933b994502d3f073bccdd6e5dde74fd2ca2ae6,2026-10-04,public-recipe-v1,SIMMERED
RDA-90724,쌀밥,"쌀(백미) 360g(2컵), 물 470ml(2 1/3컵)",,가열하여 익히는 음식 > 물을 이용한 음식 > 끓이는 음식,농촌진흥청 농식품 올바로 전통향토음식,https://www.nics.go.kr/food/kfi/tfSrch08/view?menuId=PS03520&tfcode=90724,"강인희, 한국의 맛, 대한교과서 주식회사, 1993",88174ac81336f64a69739e4a08e290efe87e5194f6ab9b02e33949303f5e8296,2026-10-04,public-recipe-v1,SIMMERED
RDA-90725,오곡밥,"멥쌀 180g(1컵), 찹쌀 80g(1컵), 차조 40g(1/4컵), 검은콩 40g(1/4컵), 차수수 40g(1/4컵), 팥 40g(1/4컵), 밥 짓는 물 (팥 삶은 물+물)500ml(2 1/2컵), 소금 4g(1작은술)",,가열하여 익히는 음식 > 물을 이용한 음식 > 끓이는 음식,농촌진흥청 농식품 올바로 전통향토음식,https://www.nics.go.kr/food/kfi/tfSrch08/view?menuId=PS03520&tfcode=90725,"강인희, 한국의 맛, 대한교과서주식회사, 1993 농촌진흥청, 농촌 식생활 향상을 위한 식생활 평가시스템 개발연구보고서, 2000",b4784ad24f39114605ea8ae5910092f83f52276424e3a1bd8efc70280c1487f8,2026-10-04,public-recipe-v1,SIMMERED
RDA-90727,콩나물밥,"쌀 360g(2컵), 콩나물 240g","<장국국물> 다시마(또는 멸치) 100g, 물 600mL(3컵) <양념장> 간장 3큰술, 다진 파 1/2큰술, 다진 마늘 1/2큰술, 참기름 1작은술, 고춧가루 약간, 깨소금 약간",가열하여 익히는 음식 > 물을 이용한 음식 > 끓이는 음식,농촌진흥청 농식품 올바로 전통향토음식,https://www.nics.go.kr/food/kfi/tfSrch08/view?menuId=PS03520&tfcode=90727,,31c474146736d3f101ee943c85cda31cef87750b333a0aad524bcadacb00d8ae,2026-10-04,public-recipe-v1,SIMMERED
RDA-90730,깨죽,"쌀 160g(1컵), 설탕(또는 꿀) 약간, 참깨 (또는 검은깨, 흑임자) 60g(2/3컵), 물 1.2L(6컵), 소금 적량",,가열하여 익히는 음식 > 물을 이용한 음식 > 끓이는 음식,농촌진흥청 농식품 올바로 전통향토음식,https://www.nics.go.kr/food/kfi/tfSrch08/view?menuId=PS03520&tfcode=90730,"황혜성, 한국의 요리1, 대학당, 1993 강인희, 한국의 맛, 대한교과서주식회사, 1993 황혜성·한복려·한복진, 한국의 전통음식, 교문사, 1994",d3e90d48e638e03334a7ba2dd283e101dffb3e7dd90c96276d6ed5b9547b3024,2026-10-04,public-recipe-v1,SIMMERED
RDA-90732,닭죽,"찹쌀 160g(1컵), 마늘 20g(5쪽), 대파 10g(1/4뿌리), 소금 7g(2작은술), 후춧가루 약간, 닭고기 300g(영계1마리), 물 2L(10컵)",,가열하여 익히는 음식 > 물을 이용한 음식 > 끓이는 음식,농촌진흥청 농식품 올바로 전통향토음식,https://www.nics.go.kr/food/kfi/tfSrch08/view?menuId=PS03520&tfcode=90732,"황혜성·한복려·한복진, 한국의 전통음식, 교문사, 1994 농촌진흥청, 농촌 식생활 향상을 위한 식생활 평가시스템 개발연구 보고서, 2000",985bb799b7fc0ffd9d4e40f6f1db51a92b609a0a11d77eb13d209cdfdc7be7d3,2026-10-04,public-recipe-v1,SIMMERED
RDA-90733,잣죽,"쌀 180g(1컵), 잣 70g(1/2컵), 소금 4g(1 작은술), 물 1.2L(6컵)",,가열하여 익히는 음식 > 물을 이용한 음식 > 끓이는 음식,농촌진흥청 농식품 올바로 전통향토음식,https://www.nics.go.kr/food/kfi/tfSrch08/view?menuId=PS03520&tfcode=90733,"강인희, 한국의 맛, 대한교과서 주식회사, 1993 황혜성·한복려·한복진, 한국의 전통음식, 교문사, 1994",a51e57d3a6adbb39115cf48764a36aa5549ae30f70a4d2d3459a5e8b3522c55f,2026-10-04,public-recipe-v1,SIMMERED
RDA-90734,전복죽,"전복살 100g(2개), 쌀 180g(1컵), 물 1.2L(6컵), 참기름 13g(1큰술), 소금 7g(2작은술)",,가열하여 익히는 음식 > 물을 이용한 음식 > 끓이는 음식,농촌진흥청 농식품 올바로 전통향토음식,https://www.nics.go.kr/food/kfi/tfSrch08/view?menuId=PS03520&tfcode=90734,"강인희, 한국의 맛, 대한교과서주식회사, 1993 황혜성·한복려·한복진, 한국의 전통음식, 교문사, 1994",52130b75234deb78250773d01d167a220b92382840fbeb978afb5b9d0ea27c70,2026-10-04,public-recipe-v1,SIMMERED
RDA-90735,흰죽,"쌀 180g(1컵), 물 1.2L(6컵), 소금 1작은술, 참기름 12g(1큰술)",,가열하여 익히는 음식 > 물을 이용한 음식 > 끓이는 음식,농촌진흥청 농식품 올바로 전통향토음식,https://www.nics.go.kr/food/kfi/tfSrch08/view?menuId=PS03520&tfcode=90735,"강인희, 한국의 맛, 대한교과서주식회사, 1993 농촌진흥청, 농촌 식생활 향상을 위한 식생활 평가시스템 개발연구 보고서, 2000",f3a24c3157d2aedf27f74596dfaac73cb9ef9da75916339d20c10d2754c82c6d,2026-10-04,public-recipe-v1,SIMMERED
RDA-90738,비빔냉면,"냉면 400g, 무 160g, 오이 120g(3/4개), 배 80g, 쇠고기(사태) 100g, 달걀 100g(2개)","<무 양념> 고춧가루 2g(1작은술), 설탕 4g(1작은술), 다진 마늘 2g(1/3작은술), 다진 생강 1g(1/3작은술), 식초 6g(1/2큰술), 소금 2g(1/2작은술) <비빔 양념> 고춧가루 15g(3큰술), 설탕 8g(2/3큰술), 통깨 3g(1작은술), 다진 마늘 4g(2/3작은술), 다진 생강 1g(1/3작은술), 다진 파 9g(1큰술), 참기름 4g(1큰술), 간장 12g(2/3큰술), 식초 14g(1큰술)",가열하여 익히는 음식 > 물을 이용한 음식 > 끓이는 음식,농촌진흥청 농식품 올바로 전통향토음식,https://www.nics.go.kr/food/kfi/tfSrch08/view?menuId=PS03520&tfcode=90738,"재치영양사, www.yori.co.kr/, 2006",9dc4c7adb2cf2f9bb1b7a6ff857a8f8fad65bb040e324c86cec916086a9390c7,2026-10-04,public-recipe-v1,SIMMERED
RDA-90739,수제비,"밀가루 300g(2 3/4컵), 반죽물 100ml(1/2컵), 감자 300g(2개), 애호박 100g(1/4개), 멸치 300g(15마리), 달걀 50g(1개), 물 2L(10컵), 다진마늘 12g(1큰술), 국간장 8g(1/2큰술), 대파 35g(1뿌리), 소금 6g(1 2/3작은술), 들기름 2g(1/2작은술)",,가열하여 익히는 음식 > 물을 이용한 음식 > 끓이는 음식,농촌진흥청 농식품 올바로 전통향토음식,https://www.nics.go.kr/food/kfi/tfSrch08/view?menuId=PS03520&tfcode=90739,"농촌진흥청, 농촌 식생활 향상을 위한 식생활 평가시스템 개발연구 보고서 2000",de45007f3e073cc46a2442b52ff7699ecdaf4a83531b5a043a6b3f15fedba74a,2026-10-04,public-recipe-v1,SIMMERED
RDA-90740,칼국수,"밀가루 320g(3컵), 반죽물 100ml(1/2컵), 애호박 140g(1/3개), 멸치 10g(5마리), 달걀 100g(2개), 쇠고기(양지머리) 100g, 감자 150g(1개), 표고버섯 25g(2개), 통마늘 4g(1쪽), 대파 20g(1/2뿌리), 김 4g(2장), 물 2L(10컵), 국간장 28g(1 2/3큰술), 소금 2g(1/2작은술), 참기름 6g(1/2큰술)",,가열하여 익히는 음식 > 물을 이용한 음식 > 끓이는 음식,농촌진흥청 농식품 올바로 전통향토음식,https://www.nics.go.kr/food/kfi/tfSrch08/view?menuId=PS03520&tfcode=90740,"농촌진흥청, 농촌 식생활 향상을 위한 식생활 평가시스템 개발연구 보고서, 2000",065ed5a086fdf414166b745d6897e07d813fc9400467827b2770c5ff38c2879e,2026-10-04,public-recipe-v1,SIMMERED
RDA-90742,떡만둣국,가래떡 100g,"<만두소> 닭고기 150g, 두부 150g(1/3모), 숙주(삶은것) 100g, 양파 40g(1/4개), 당면(삶은것) 100g, 달걀 50g(1개), 김 4g(2장), 다진 마늘 24g(2큰술), 소금 4g(1작은술), 참기름 3g(1작은술), 후춧가루 1g(1/3작은술), 대파 25g(2/3뿌리) <만두피> 밀가루 110g(1컵), 물 50ml(1/4컵), 소금 1g(1작은술) <장국국물> 멸치 16g(8마리), 물 1.6L(8컵), 국간장 18g(1큰술) <고명> 대파 10g(1/4뿌리), 김 4g(2장)",가열하여 익히는 음식 > 물을 이용한 음식 > 끓이는 음식,농촌진흥청 농식품 올바로 전통향토음식,https://www.nics.go.kr/food/kfi/tfSrch08/view?menuId=PS03520&tfcode=90742,"농촌진흥청, 농촌 식생활 향상을 위한 식생활 평가시스템 개발연구 보고서, 2000",c4d005eb457eff773dd317228fd736ed5076d132263b8b083448fcdf7d469878,2026-10-04,public-recipe-v1,SIMMERED
RDA-90743,갈비탕,"쇠갈비 240g, 우거지 200g, 된장 3큰술, 물 적량, 소금 약간","<다진 양념> 다진 고추 1큰술, 다진 마늘 1큰술",가열하여 익히는 음식 > 물을 이용한 음식 > 끓이는 음식,농촌진흥청 농식품 올바로 전통향토음식,https://www.nics.go.kr/food/kfi/tfSrch08/view?menuId=PS03520&tfcode=90743,,fe8ca3d81dd2a6bcf2d9a165ffb96add9ecb1f3f555be7b8d9f6d04dd9649530,2026-10-04,public-recipe-v1,SIMMERED
RDA-90744,감자국,"감자 440g(3개), 멸치 20g(10마리), 된장 45g(2 1/2큰술), 물 1.6L(8컵), 다진마늘 8g(2/3큰술), 대파 12g(1/3뿌리), 국간장 12g(3/4큰술)",,가열하여 익히는 음식 > 물을 이용한 음식 > 끓이는 음식,농촌진흥청 농식품 올바로 전통향토음식,https://www.nics.go.kr/food/kfi/tfSrch08/view?menuId=PS03520&tfcode=90744,"농촌진흥청, 농촌 식생활 향상을 위한 식생활 평가 시스템 개발연구 보고서, 2000",2ee786cd361b36f2bd6dfd4681546eea066239abd6c9d7b6340a95a672b912a8,2026-10-04,public-recipe-v1,SIMMERED
RDA-90746,곰국(곰탕),"사골 1.1kg, 쇠고기(양지머리) 300g, 물 4L(20컵), 송송썬 쪽파 8g(1큰술), 다진마늘 8g(2/3큰술), 소금 13g(2/3큰술), 후춧가루 1g(1/3작은술)",,가열하여 익히는 음식 > 물을 이용한 음식 > 끓이는 음식,농촌진흥청 농식품 올바로 전통향토음식,https://www.nics.go.kr/food/kfi/tfSrch08/view?menuId=PS03520&tfcode=90746,"농촌진흥청, 농촌 식생활 향상을 위한 식생활 평가 시스템 개발연구 보고서, 2000 농촌진흥청 농촌생활연구소(현 농촌자원개발연구소), 소비자가 알기 쉬운 식품영양가표, 2002",9c50c021779da54d95362ba51dde58d4fa49e5993d8f8cc7216942ce90830343,2026-10-04,public-recipe-v1,SIMMERED
RDA-90747,김칫국(김치콩나물국),"배추김치 150g, 두부 60g, 콩나물 100g, 멸치 15g(8마리), 물 1.6L(8컵), 대파 10g(1/4뿌리), 다진 마늘 4g(2/3작은술), 참기름 2g(1/3작은술), 소금 3g(2/3작은술), 고춧가루 4g(2작은술)",,가열하여 익히는 음식 > 물을 이용한 음식 > 끓이는 음식,농촌진흥청 농식품 올바로 전통향토음식,https://www.nics.go.kr/food/kfi/tfSrch08/view?menuId=PS03520&tfcode=90747,"농촌진흥청 농촌생활연구소(현 농촌자원개발연구소), 소비자가 알기 쉬운 식품영양가표, 2002 서울특별시 교육청, 중·고등학생을 위한 학교급식 표준식단, 2002",03126b6369b6f0affa7f282764cb62c17609600401b55b5474e50b1d6f318483,2026-10-04,public-recipe-v1,SIMMERED
RDA-90749,달걀국,"달걀 100g(2개), 양파 20g, 물 1.2L(6컵), 대파 20g(1/2뿌리), 깨소금 3g(1작은술), 소금 6g(1 1/3큰술), 다진 마늘 6g(1작은술)",,가열하여 익히는 음식 > 물을 이용한 음식 > 끓이는 음식,농촌진흥청 농식품 올바로 전통향토음식,https://www.nics.go.kr/food/kfi/tfSrch08/view?menuId=PS03520&tfcode=90749,"농촌진흥청, 농촌 식생활 향상을 위한 식생활 평가 시스템 개발연구 보고서, 2000 농촌진흥청 농촌생활연구소(현 농촌자원개발연구소), 소비자가 알기 쉬운 식품영양가표, 2002",8585f70930e14da988e9600ec81706be455bcc98d920f36e24063f20d0bf4270,2026-10-04,public-recipe-v1,SIMMERED
RDA-90752,동태국,"동태 240g(1/2마리), 무 200g, 양파 40g(1/4개), 대파 15g(1/3뿌리), 물 1.6L(8컵), 다진 마늘 6g(1작은술), 다진 생강 3g(1작은술), 고춧가루 5g(1큰술), 국간장 10g(2/3큰술), 소금 4g(1작은술), 후춧가루 1g(1/4작은술)",,가열하여 익히는 음식 > 물을 이용한 음식 > 끓이는 음식,농촌진흥청 농식품 올바로 전통향토음식,https://www.nics.go.kr/food/kfi/tfSrch08/view?menuId=PS03520&tfcode=90752,"염초애·장명숙·윤숙자, 한국음식, 효일문화사, 1993 농촌진흥청 농업과학기술원 농촌생활연구소, 소비자가 알기 쉬운 식품영양가표, 2002",ca3ff1a31ae78f04cc3d739cb338a4afcb64d73c06146d8f73e480edd08a7203,2026-10-04,public-recipe-v1,SIMMERED
RDA-90755,뼈다귀감자탕(감자탕),"돼지등뼈 200g, 돼지고기(등심) 200g, 감자 240g(1 2/3개), 얼갈이배추 120g, 고추장 20g(1큰술), 된장 20g(1큰술), 물 2L(10컵), 고춧가루 4g(2작은술), 대파 8g(1/4뿌리), 다진 마늘 4g(2/3작은술), 들깻가루 8g, 깻잎 20g(12장), 생강 4g(1쪽), 소금약간 , 소금 약간",,가열하여 익히는 음식 > 물을 이용한 음식 > 끓이는 음식,농촌진흥청 농식품 올바로 전통향토음식,https://www.nics.go.kr/food/kfi/tfSrch08/view?menuId=PS03520&tfcode=90755,"서울특별시 교육청, 중·고등학생을 위한 학교급식 표준식단, 2002 농촌자원개발연구소, 메뉴젠, http://www.rrdi.go.kr/MenuGen/, 2006",f7915771927d939bed0518252c02e8390dcfa677ead3763fdb3bac1d4a7911dc,2026-10-04,public-recipe-v1,SIMMERED
RDA-90757,삼계탕,"닭 1kg(1마리), 찹쌀 50g(1/3컵), 수삼 1뿌리, 대추 10g(5개), 마늘 10g(2쪽), 물 3L(15컵), 소금 적량, 후춧가루 적량",,가열하여 익히는 음식 > 물을 이용한 음식 > 끓이는 음식,농촌진흥청 농식품 올바로 전통향토음식,https://www.nics.go.kr/food/kfi/tfSrch08/view?menuId=PS03520&tfcode=90757,"전남광주통합특별시 북구, 향토음식 박물관 건립 방안 연구, 2003",c3af2e565f886142a4e3cb57eaf1a5df67b0e35d61913c1d45ed669ac6042291,2026-10-04,public-recipe-v1,SIMMERED
RDA-90759,설렁탕,"소머리 1/4개, 우족 1kg(1개), 사골 1개, 양지머리 1.2kg, 생강 30g(8쪽), 통마늘 50g(2통), 물 적량, 잘게 썬 파 100g(1컵), 소금 72g(4큰술), 후춧가루 , 고춧가루 적량",,가열하여 익히는 음식 > 물을 이용한 음식 > 끓이는 음식,농촌진흥청 농식품 올바로 전통향토음식,https://www.nics.go.kr/food/kfi/tfSrch08/view?menuId=PS03520&tfcode=90759,"정순자, 한국조리, 신광출판사, 1990 강인희, 한국의 맛, 대한교과서주식회사, 1993 황혜성·한복려·한복진, 한국의 전통음식, 교문사, 1994",c59c5feab22e50d284b8e6cb0c3feaf97e9c8b15f80056cafc493a9956707035,2026-10-04,public-recipe-v1,SIMMERED
RDA-90761,쇠고기미역국(미역국),"마른미역 30g, 쇠고기(양지머리) 120g, 물 1.6L(8컵), 다진마늘 12g(1큰술), 참기름 3g(1작은술), 소금약간 , 국간장 28g(1 2/3큰술)",,가열하여 익히는 음식 > 물을 이용한 음식 > 끓이는 음식,농촌진흥청 농식품 올바로 전통향토음식,https://www.nics.go.kr/food/kfi/tfSrch08/view?menuId=PS03520&tfcode=90761,"농촌진흥청, 농촌 식생활 향상을 위한 식생활 평가 시스템 개발연구 보고서, 2000",b534ee5ad72042e1305af32f55f021256b6595257212b051646abb05c94deea8,2026-10-04,public-recipe-v1,SIMMERED
RDA-90770,고등어찌개,"고등어 220g(마리), 무 100g, 물 600mL(3컵), 고추장 15g(3/4큰술), 된장 15g(3/4큰술), 다진 마늘 7g(1작은술), 고춧가루 6g(1큰술) , 다진 생강 2g(2/3작은술) , 소금 1g(1/3작은술)",,가열하여 익히는 음식 > 물을 이용한 음식 > 끓이는 음식,농촌진흥청 농식품 올바로 전통향토음식,https://www.nics.go.kr/food/kfi/tfSrch08/view?menuId=PS03520&tfcode=90770,"농촌진흥청, 농촌 식생활 향상을 위한 식생활 평가 시스템 개발연구 보고서, 2000",39626ce6fba4d844e1b7d84b82f4c73de8f44d97f6f3c87fe7e73f80122d0257,2026-10-04,public-recipe-v1,SIMMERED
RDA-90772,김치찌개,"배추김치 200g, 돼지고기(등심) 120g, 두부 140g(1/4모), 풋고추 15g(1개), 양파 40g(1/4개), 물 600mL(3컵), 대파 20g(1/2뿌리), 다진 마늘 3g(1/2작은술), 고춧가루 2g(1작은술), 식용유 4g(1작은술) , 간장 약간, 소금 약간",,가열하여 익히는 음식 > 물을 이용한 음식 > 끓이는 음식,농촌진흥청 농식품 올바로 전통향토음식,https://www.nics.go.kr/food/kfi/tfSrch08/view?menuId=PS03520&tfcode=90772,"농촌진흥청, 농촌 식생활 향상을 위한 식생활 평가 시스템 개발연구 보고서, 2000",02c4c65c2910c520ce921bbf4c6591082a31b274588569d7e3c6bf9d66857085,2026-10-04,public-recipe-v1,SIMMERED
RDA-90773,돼지고기찌개,"돼지고기(등심) 240g, 배추김치 120g, 두부 120g(1/4모), 무 200g(1/4개), 양파 20g, 물 800mL(4컵), 대파 15g(1/2뿌리), 고추장 32g(1 3/4큰술), 다진 생강 4g(1/2큰술) , 다진 마늘 23g(2큰술) , 고춧가루 8g(4작은술), 소금 4g(1작은술), 후춧가루 1g(1/2작은술)",,가열하여 익히는 음식 > 물을 이용한 음식 > 끓이는 음식,농촌진흥청 농식품 올바로 전통향토음식,https://www.nics.go.kr/food/kfi/tfSrch08/view?menuId=PS03520&tfcode=90773,"농촌진흥청, 농촌 식생활 향상을 위한 식생활 평가 시스템 개발연구 보고서, 2000",9cd62164621763a28d70dfc16fa2cc78072868536b45104859fc5919d1e1b0c3,2026-10-04,public-recipe-v1,SIMMERED
RDA-90774,된장찌개,"냉이 40g, 달래 80g, 감자 100g(2/3개), 애호박 80g(1/5개), 양파 30g, 된장 50g(3큰술), 대파 20g(1/2뿌리), 멸치 12g(6마리), 풋고추 24g(2개), 물 800mL(4컵), 고추장 20g(1큰술), 고춧가루 5g(1큰술)",,가열하여 익히는 음식 > 물을 이용한 음식 > 끓이는 음식,농촌진흥청 농식품 올바로 전통향토음식,https://www.nics.go.kr/food/kfi/tfSrch08/view?menuId=PS03520&tfcode=90774,"농촌진흥청, 농촌 식생활 향상을 위한 식생활 평가 시스템 개발연구 보고서, 2000",af7ec700c00f3af0e53b3c9f5f44515160fe5acc80341d9b1b5c3de13f0495c5,2026-10-04,public-recipe-v1,SIMMERED
RDA-90776,버섯전골,"느타리버섯 200g(10개), 표고버섯 50g(4개) , 싸리버섯 100g, 송이버섯 100g , 쇠고기(양지머리) 200g , 미나리 70g, 실파 70g, 물(또는 육수) 400mL(2컵), 소금 약간, 간장 약간","<양념> 간장 35g(2큰술), 설탕 12g(1큰술), 다진 파 10g(1큰술), 다진 마늘 12g(1큰술), 참기름 6g(1/2큰술), 깨소금 3g(1작은술), 후춧가루 약간",가열하여 익히는 음식 > 물을 이용한 음식 > 끓이는 음식,농촌진흥청 농식품 올바로 전통향토음식,https://www.nics.go.kr/food/kfi/tfSrch08/view?menuId=PS03520&tfcode=90776,"강인희, 한국의 맛, 대한교과서주식회사, 1993 황혜성·한복려·한복진, 한국의 전통음식, 교문사, 1994",756cfd48391853a0d220ba130dc9276dfcca98d107d31bb20809d5efdd41db68,2026-10-04,public-recipe-v1,SIMMERED
RDA-90777,쇠고기전골,"쇠고기(양지머리) 250g, 두부 130g(1/4모), 무 120g, 양파 90g(2/3개), 실파 90g, 당근 45g(1/3개), 미나리 40g, 표고버섯 25g(2개), 물 400mL(2컵), 다진 마늘 3g(1/2작은술), 소금 5g(1 1/3작은술) , 국간장 17g(1큰술), 참기름 5g(1작은술), 후춧가루 1g(1/3작은술)","<쇠고기 양념> 간장 5g(1작은술), 참기름 2g(2/3작은술), 깨소금 2g(2/3작은술), 다진 마늘 3g(1/2작은술)",가열하여 익히는 음식 > 물을 이용한 음식 > 끓이는 음식,농촌진흥청 농식품 올바로 전통향토음식,https://www.nics.go.kr/food/kfi/tfSrch08/view?menuId=PS03520&tfcode=90777,"인천광역시 농촌지도소, 우리음식모음, 1996 농촌진흥청 농촌생활연구소(현 농촌자원개발연구소), 소비자가 알기 쉬운 식품영양가표, 2002",e7a2bf64e26a40d442d6c12906926bb021e0149b6d745fa8c89b85e2b5b624ed,2026-10-04,public-recipe-v1,SIMMERED
RDA-90779,오징어찌개,"오징어 280g(3/4마리), 콩나물 120g, 감자 160g(1개), 양파 120g(3/4개), 쑥갓 120g, 물 800mL(4컵), 대파 10g(1/4뿌리), 다진 마늘 4g(2/3작은술), 고춧가루 4g(2작은술) , 고추장 40g(2 1/4큰술), 소금 8g(1/2큰술)",,가열하여 익히는 음식 > 물을 이용한 음식 > 끓이는 음식,농촌진흥청 농식품 올바로 전통향토음식,https://www.nics.go.kr/food/kfi/tfSrch08/view?menuId=PS03520&tfcode=90779,"농촌진흥청, 농촌 식생활 향상을 위한 식생활 평가 시스템 개발연구 보고서, 2000",2c12000daf11eacb1bcfd4ae8eb3bad050a6054b7a681d0adcc97db6a481a6d1,2026-10-04,public-recipe-v1,SIMMERED
RDA-90781,청국장찌개,"청국장 110g(6큰술), 배추김치 120g, 두부 160g(1/3모), 양파 40g(1/4컵) , 대파 20g(1/2뿌리) , 풋고추 40g(3개), 물 600mL(3컵), 멸치 8g(4마리), 다진 마늘 8g(2/3큰술), 소금 약간",,가열하여 익히는 음식 > 물을 이용한 음식 > 끓이는 음식,농촌진흥청 농식품 올바로 전통향토음식,https://www.nics.go.kr/food/kfi/tfSrch08/view?menuId=PS03520&tfcode=90781,"농촌진흥청, 농촌 식생활 향상을 위한 식생활 평가 시스템 개발연구 보고서, 2000",0fca2d01e7fc78f3f99cb252dbde55507dd7fda0717c5b4af0dbc2776509cc63,2026-10-04,public-recipe-v1,SIMMERED
RDA-90832,삼겹살구이,돼지고기(삼겹살) 240g,"<기름장> 소금 2g(1/2작은술), 참기름 4g(1작은술)",가열하여 익히는 음식 > 굽는 음식 > 굽는 음식,농촌진흥청 농식품 올바로 전통향토음식,https://www.nics.go.kr/food/kfi/tfSrch08/view?menuId=PS03520&tfcode=90832,"농촌진흥청 농촌생활연구소(현 농촌자원개발연구소), 소비자가 알기 쉬운 식품영양가표, 2002",24857256d9de5ed00198e5e80a90e0f7cce7d43f0c00998561d1e661b87c2a87,2026-10-04,public-recipe-v1,GRILLED
RDA-90833,삼치구이,삼치 200g(2/3마리),"<양념장> 간장 10g(1/2큰술), 다진 파 2g(1/2작은술), 다진 마늘 3g(1/2작은술), 설탕 4g(1작은술), 참기름 3g(1작은술), 깨소금 3g(1작은술), 후춧가루 약간",가열하여 익히는 음식 > 굽는 음식 > 굽는 음식,농촌진흥청 농식품 올바로 전통향토음식,https://www.nics.go.kr/food/kfi/tfSrch08/view?menuId=PS03520&tfcode=90833,"강인희, 한국의 맛, 대한교과서주식회사, 1993",53f0ef86f6f3b98bc119f4aa75f7c5601d7db61587019fe7255c23ec7f7ad4b6,2026-10-04,public-recipe-v1,GRILLED
RDA-90835,쇠고기불고기(너비아니) <방법1>,"쇠고기(등심) 240g, 당근 30g(1/4개), 양파 60g(1/3개), 식용유 4g(1작은술), 대파 20g(1/2뿌리)","<고기 양념> 간장 32g(2큰술), 배 40g, 다진 마늘 5g(1작은술), 설탕 10g(3/4큰술), 참기름 3g(1작은술), 맛술 15g(1큰술), 깨소금 1g(1/3작은술), 후춧가루 약간",가열하여 익히는 음식 > 기름을 이용하여 익히는 음식 > 기름을 이용하여 익히는 음식,농촌진흥청 농식품 올바로 전통향토음식,https://www.nics.go.kr/food/kfi/tfSrch08/view?menuId=PS03520&tfcode=90835,"서울특별시 교육청, 중·고등학생을 위한 학교급식 표준식단, 2002",09ea82d78e7459def38675e9a29e18e0d316ac9271518e4595034efd7f2cd18f,2026-10-04,public-recipe-v1,PAN_COOKED
RDA-90839,가자미조림,"가자미 200g(2/3마리), 무 140g, 물 150mL(3/4컵)","[조림장] 간장 21g(1 1/4 큰술), 다진 파 7g(3/4큰술), 다진 마늘 6g(1작은술), 설탕 3g(1작은술), 고춧가루 3g(1/2큰술), 통깨 2g(2/3작은술)",가열하여 익히는 음식 > 물을 이용한 음식 > 약간의 수분을 양념과함께 넣고 익혀 양념이 식품에 스며들게 하는 음식,농촌진흥청 농식품 올바로 전통향토음식,https://www.nics.go.kr/food/kfi/tfSrch08/view?menuId=PS03520&tfcode=90839,"백승철, 별미 반찬·밑반찬, 서울문화사, 1999 농촌진흥청 농촌생활연구소(현 농촌자원개발연구소), 소비자가 알기 쉬운 식품영양가표, 2002",52b02c2b4218fb6487e196bf1f568a064666693b93b9076c8aaa206b11af4eec,2026-10-04,public-recipe-v1,SIMMERED
RDA-90841,감자조림,"감자 150g(1개), 당근 30g(1/4개), 양파 20g, 통깨 1g(1/3작은술)","<양념장> 간장 20g(1 1/4큰술), 설탕 4g(1작은술), 물엿 10g(1/2큰술), 다진 마늘 4g(2/3작은술), 식용유 6g(1/2큰술), 물 45ml(3큰술)",가열하여 익히는 음식 > 물을 이용한 음식 > 약간의 수분을 양념과함께 넣고 익혀 양념이 식품에 스며들게 하는 음식,농촌진흥청 농식품 올바로 전통향토음식,https://www.nics.go.kr/food/kfi/tfSrch08/view?menuId=PS03520&tfcode=90841,"황혜성·한복려·한복진, 한국의 전통음식, 교문사, 1994 농촌진흥청 농촌생활연구소(현 농촌자원개발연구소), 소비자가 알기 쉬운 식품영양가표, 2002 서울특별시 교육청, 중·고등학교학생을 위한 학교급식 표준식단, 2002 재치영양사, www.yori.co.kr/,2006",f32228c346c0ec4fe387645cd771e05945d2621e6787651fe52925b4566c4d92,2026-10-04,public-recipe-v1,SIMMERED
RDA-90842,꽁치조림,"꽁치 220g(3마리), 물 45mL(3큰술), 소금 4g(1작은술)","<양념장> 간장 12g(2/3큰술), 고춧가루 3g(1/2큰술), 다진 마늘 7g(1/2큰술), 다진 파8g(1큰술), 설탕 약간",가열하여 익히는 음식 > 물을 이용한 음식 > 약간의 수분을 양념과함께 넣고 익혀 양념이 식품에 스며들게 하는 음식,농촌진흥청 농식품 올바로 전통향토음식,https://www.nics.go.kr/food/kfi/tfSrch08/view?menuId=PS03520&tfcode=90842,"농촌진흥청, 농촌 식생활 향상을 위한 식생활 평가 시스템 개발연구 보고서, 2000",7605ef31bc0022b33e5a689b867589825b0d917a998f0adab6c3b234f0efb337,2026-10-04,public-recipe-v1,SIMMERED
RDA-90844,닭조림(궁중닭조림),"닭고기 240g, 감자 120g(3/4개), 양파 45g(1/4개), 당근 30g, 붉은고추 15g(1/3개), 수삼 10g, 잣 1g(1/2작은술), 물 100mL(1/2컵), 맛술 5g(1작은술)","<양념장> 간장 35g(2큰술), 다진 마늘 3g(1/2작은술), 다진 생강 1g(1/3작은술), 설탕 3g(1작은술), 물엿 15g(3/4큰술), 참기름 4g(1작은술)",가열하여 익히는 음식 > 물을 이용한 음식 > 약간의 수분을 양념과함께 넣고 익혀 양념이 식품에 스며들게 하는 음식,농촌진흥청 농식품 올바로 전통향토음식,https://www.nics.go.kr/food/kfi/tfSrch08/view?menuId=PS03520&tfcode=90844,"정순자, 한국조리, 신광출판사, 1990 한국문화재보호재단, 한국음식대관 제 2권, 한림출판사, 1999 서울특별시 교육청, 중·고등학생을 위한 학교급식 표준식단, 2002",a413002ad0ae6423d43bce6b9c7367806a5144b374c4c759a377dfab361b3195,2026-10-04,public-recipe-v1,SIMMERED
RDA-90845,동태조림,"동태 300g(2/3마리), 무 150g, 대파 10g(1/4뿌리), 실고추 약간","<양념장> 간장 50g(3큰술), 물 45mL(3큰술), 다진 마늘 6g(1작은술), 다진 생강 6g(2작은술), 설탕 6g(1/2큰술), 참기름 4g(1작은술), 깨소금 3g(1작은술)",가열하여 익히는 음식 > 물을 이용한 음식 > 약간의 수분을 양념과함께 넣고 익혀 양념이 식품에 스며들게 하는 음식,농촌진흥청 농식품 올바로 전통향토음식,https://www.nics.go.kr/food/kfi/tfSrch08/view?menuId=PS03520&tfcode=90845,"정순자, 한국조리, 신광출판사, 1990",6b53d947e1d20e4da35714069ff2a330a32716cbf16f7b910567cf2933fade6d,2026-10-04,public-recipe-v1,SIMMERED
RDA-90847,땅콩조림,"땅콩 40g,통깨 1g(1/3작은술)","<조림장> 간장 12g(2/3큰술), 물엿 5g(1작은술), 설탕 2g(1/2작은술), 다진 마늘 2g(1/3작은술), 다진 파 4g(1/2큰술), 참기름 1g(1/3작은술)",가열하여 익히는 음식 > 물을 이용한 음식 > 약간의 수분을 양념과함께 넣고 익혀 양념이 식품에 스며들게 하는 음식,농촌진흥청 농식품 올바로 전통향토음식,https://www.nics.go.kr/food/kfi/tfSrch08/view?menuId=PS03520&tfcode=90847,"농촌진흥청, 농촌 식생활 향상을 위한 식생활 평가시스템 개발연구 보고서, 2000",1f04e81e9271273046958f507c22f76eae17a554dbf7935b8e8c510f8eb36a03,2026-10-04,public-recipe-v1,SIMMERED
RDA-90854,감자볶음,"감자 200g(1 1/3개), 양파 30g, 대파 15g(1/3뿌리), 식용유 14g(1큰술), 간장 14g(3/4큰술), 다진 마늘 3g(1/2작은술), 설탕 3g(3/4작은술)",,가열하여 익히는 음식 > 기름을 이용하여 익히는 음식 > 기름을 이용하여 익히는 음식,농촌진흥청 농식품 올바로 전통향토음식,https://www.nics.go.kr/food/kfi/tfSrch08/view?menuId=PS03520&tfcode=90854,"농촌진흥청, 농촌 식생활 향상을 위한 식생활 평가 시스템 개발연구 보고서, 2000 재치영양사, http://www.yori.co.kr/, 2006",a75a3c61bc7f47346692ebe584ba6ba06819408416041e71ac73a78d89c2e041,2026-10-04,public-recipe-v1,PAN_COOKED
RDA-90855,김치볶음,"배추김치 200g, 대파 8g(1/4뿌리), 식용유 12g(1큰술), 다진 마늘 3g(1/2작은술), 참기름 2g(1/2작은술), 설탕 2g(1/2작은술)",,가열하여 익히는 음식 > 기름을 이용하여 익히는 음식 > 기름을 이용하여 익히는 음식,농촌진흥청 농식품 올바로 전통향토음식,https://www.nics.go.kr/food/kfi/tfSrch08/view?menuId=PS03520&tfcode=90855,"농촌진흥청, 농촌 식생활 향상을 위한 식생활 평가시스템 개발연구 보고서, 2000 농촌진흥청 농촌생활연구소(현 농촌자원개발연구소), 소비자가 알기 쉬운 식품영양가표, 2002",9f34dda3e2be2c6bfdd4389ed36bdd6a423183d7e0c840c54006d51a9bb32729,2026-10-04,public-recipe-v1,PAN_COOKED
RDA-90857,낙지볶음,"낙지 260g(1마리), 양배추 75g(2장), 양파 45g(1/3개), 당근 20g, 쪽파 20g, 붉은 고추 10g(2/3개), 식용유 8g(2/3 큰술), 소금 (데침용)약간","<양념장> 고추장 22g(1 1/4큰술), 간장 3g(1/2작은술),고춧가루 4g(2작은술), 다진 마늘 7g(1작은술), 다진 생강 3g(1작은술), 설탕 7g(2작은술), 소금 3g(2/3작은술), 깨소금 1g(1/3작은술)",가열하여 익히는 음식 > 기름을 이용하여 익히는 음식 > 기름을 이용하여 익히는 음식,농촌진흥청 농식품 올바로 전통향토음식,https://www.nics.go.kr/food/kfi/tfSrch08/view?menuId=PS03520&tfcode=90857,"정순자, 한국조리, 신광출판사, 1990 백승철, 이정섭의 맛있는 우리음식, 서울문화사, 1999 농촌진흥청 농촌생활연구소(현 농촌자원개발연구소), 소비자가 알기 쉬운 식품영양가표, 2002",613f07fbae9805a007a911eef6c6621c69ab468d0096f0a0eb7143b6fb95ed3e,2026-10-04,public-recipe-v1,PAN_COOKED
RDA-90858,닭볶음,"감자 150g(1개), 양파 80g(1/2개), 당근 70g(1/2개), 대파 10g(1/4뿌리), 닭 240g, 물 적량","<양념> 간장 1 1/2큰술, 고추장 1 ½큰술, 다진 파 1작은술, 다진 마늘 1큰술, 다진 생강 1작은술, 고춧가루 1큰술, 설탕 1작은술",가열하여 익히는 음식 > 기름을 이용하여 익히는 음식 > 기름을 이용하여 익히는 음식,농촌진흥청 농식품 올바로 전통향토음식,https://www.nics.go.kr/food/kfi/tfSrch08/view?menuId=PS03520&tfcode=90858,,7de5d36a07e202f9d4417c2c4388f258a0b3fdc6116380f3292923935f154359,2026-10-04,public-recipe-v1,PAN_COOKED
RDA-90859,돼지고기볶음,"돼지고기 240g, 양배추 60g(2장), 양파 40g(1/4개), 깻잎 8g(5장), 당근 20g, 풋고추 5g(1/3개), 식용유 4g(1작은술), 소금 약간","<양념> 간장 8g(1/2큰술), 고추장 18g(1큰술), 고춧가루 3g(1/2큰술), 다진 파 3g(1작은술), 다진 마늘 6g(1작은술), 다진 생강 1g(1/3작은술), 설탕 4g(2/3큰술), 참기름 1g(1/4작은술), 통깨 1g(1/3작은술)",가열하여 익히는 음식 > 기름을 이용하여 익히는 음식 > 기름을 이용하여 익히는 음식,농촌진흥청 농식품 올바로 전통향토음식,https://www.nics.go.kr/food/kfi/tfSrch08/view?menuId=PS03520&tfcode=90859,"농촌진흥청 농촌생활연구소(현 농촌자원개발연구소), 소비자가 알기 쉬운 식품영양가표, 2002 서울특별시 교육청, 중·고등학생을 위한 학교급식 표준식단, 2002",eefc185f9b424d469f08f274325448fbe022a2d661d67aec36c8540735e25761,2026-10-04,public-recipe-v1,PAN_COOKED
RDA-90860,떡볶이,"가래떡 200g, 쇠고기(등심) 50g, 표고버섯 25g(2장), 미나리 50g, 당근 30g, 달걀 50g(1개), 잣 5g(1작은술), 석이버섯 약간","<고기 양념> 간장 7g(1작은술), 다진 파 3g(1작은술), 다진 마늘 6g(1작은술), 참기름 3g(1작은술), 깨소금 3g(1작은술), 설탕 2g(1/2작은술), 후춧가루 약간, 실고추 약간 <양념장> 간장 17g(1큰술), 다진 파 6g(2작은술), 다진 마늘 12g(1큰술), 참기름 3g(2작은술), 깨소금 3g(1작은술), 설탕 4g(1작은술), 물 45mL(3큰술), 후춧가루 약간",가열하여 익히는 음식 > 물을 이용한 음식 > 수증기로 찌는 음식,농촌진흥청 농식품 올바로 전통향토음식,https://www.nics.go.kr/food/kfi/tfSrch08/view?menuId=PS03520&tfcode=90860,"정순자, 한국조리, 신광출판사, 1990",96ef8068a7bcc59c57d59310907d3eeaf69f71c5a73b118da240db88f4db1f30,2026-10-04,public-recipe-v1,STEAMED
RDA-90862,멸치볶음,"멸치 60g(1컵),설탕 4g(1작은술),물엿 10g(1/2큰술),통깨 2g(2/3작은술),식용유 10g(3/4큰술),간장 10g(2/3큰술)",,가열하여 익히는 음식 > 기름을 이용하여 익히는 음식 > 기름을 이용하여 익히는 음식,농촌진흥청 농식품 올바로 전통향토음식,https://www.nics.go.kr/food/kfi/tfSrch08/view?menuId=PS03520&tfcode=90862,"정순자, 한국조리, 신광출판사, 1990 한국문화보호재단, 한국음식대관 제 2권, 한림출판사, 1999 재치영양사, http://www.yori.co.kr/, 2006",9c2e8beb0a38bee4c40d2f7405852f9390f69261b7e3a3d5ca80434a4751022e,2026-10-04,public-recipe-v1,PAN_COOKED
RDA-90863,미역줄기볶음,"염장미역줄기 200g, 양파 80g(1/2개), 당근 70g(1/2개), 붉은 고추 15g(1개), 통깨 1큰술, 다진 마늘 1 1/2큰술, 식용유 적량",,가열하여 익히는 음식 > 기름을 이용하여 익히는 음식 > 기름을 이용하여 익히는 음식,농촌진흥청 농식품 올바로 전통향토음식,https://www.nics.go.kr/food/kfi/tfSrch08/view?menuId=PS03520&tfcode=90863,"완도군농업기술센터, 세계로! 미래로! 청해진 음식기행 100선, 2001",f89de521f51ab972bfb5e920b1d24e4f1f905e6b50e67864d47dc33c13310430,2026-10-04,public-recipe-v1,PAN_COOKED
RDA-90868,감자전,"감자 750g(5개), 양파 160g(1개), 붉은 고추 15g(1개), 감자 전분 3큰술, 소금 적량, 식용유 적량",,가열하여 익히는 음식 > 기름을 이용하여 익히는 음식 > 기름을 이용하여 익히는 음식,농촌진흥청 농식품 올바로 전통향토음식,https://www.nics.go.kr/food/kfi/tfSrch08/view?menuId=PS03520&tfcode=90868,"완도군농업기술센터, 세계로! 미래로! 청해진 음식기행 100선, 2001",274246a2541e191ebd3cda8db6ae80b94e6dbaf815710b41e33325f9c16a59eb,2026-10-04,public-recipe-v1,PAN_COOKED
RDA-90869,굴전,"굴 300g(1 1/2컵), 달걀 100g(2개), 밀가루 55g(1/2컵), 소금 1/2작은술, 식용유 적량",,가열하여 익히는 음식 > 기름을 이용하여 익히는 음식 > 기름을 이용하여 익히는 음식,농촌진흥청 농식품 올바로 전통향토음식,https://www.nics.go.kr/food/kfi/tfSrch08/view?menuId=PS03520&tfcode=90869,"전남광주통합특별시 농촌진흥원, 향토요리모음, 1979 광양시농업기술센터 광양시생활개선회, 광양향토음식, 2001 여수시농업기술센터, 관광 여수의 맛자랑, 2001 신안군농업기술센터, 신안의 향토음식을 찾아서, 2004",f07cf01669dc3e7ce95e0936c1f09ba24af94bb5de5b7c6f2e74b6ddf0b10590,2026-10-04,public-recipe-v1,PAN_COOKED
RDA-90871,김치전,"배추김치 160g, 양파 50g(1/3개), 밀가루 60g(1/2컵), 달걀 50g(1개), 쪽파 10g, 물 약간, 식용유 12g(1큰술)",,가열하여 익히는 음식 > 기름을 이용하여 익히는 음식 > 기름을 이용하여 익히는 음식,농촌진흥청 농식품 올바로 전통향토음식,https://www.nics.go.kr/food/kfi/tfSrch08/view?menuId=PS03520&tfcode=90871,"농촌진흥청, 농촌 식생활 향상을 위한 식생활 평가시스템 개발연구 보고서, 2000 재치영양사, www. yori.co.kr/2006",9b6fa3cfeafca63a64e8dc28b21eeb61801e38474528ce3e98e917614ab33a7d,2026-10-04,public-recipe-v1,PAN_COOKED
RDA-90872,동태전,"동태살 200g, 밀가루 20g(2 1/4큰술), 달걀 50g(1개), 식용유 20g(1 2/3큰술), 다진 마늘 8g(2/3큰술), 소금 2g(1/2작은술), 후춧가루 약간",,가열하여 익히는 음식 > 기름을 이용하여 익히는 음식 > 기름을 이용하여 익히는 음식,농촌진흥청 농식품 올바로 전통향토음식,https://www.nics.go.kr/food/kfi/tfSrch08/view?menuId=PS03520&tfcode=90872,"황혜성·한복려·한복진, 한국의 전통음식, 교문사, 1994 농촌진흥청, 농촌 식생활 향상을 위한 식생활 평가시스템 개발연구 보고서, 2000",f6b674e9de3f0e5960f64e64fae9c1e80358e912569af20bd0b971149255ded0,2026-10-04,public-recipe-v1,PAN_COOKED
RDA-90877,빈대떡,"거피녹두 80g(1/2컵), 찹쌀가루 15g(2큰술), 돼지고기(등심) 60g, 숙주 60g, 배추김치 60g, 대파 5g, 붉은 고추 15g(1개), 식용유 12g(1큰술), 소금(데침용) 약간","<숙주 양념> 참기름 1g(1/4작은술), 소금 2g(1/2작은술) <돼지고기 양념> 간장 3g(1/2작은술), 참기름 1g(1/4작은술), 다진 마늘 3g(1/2작은술), 후춧가루 약간 <김치 양념> 참기름 1g(1/4작은술), 다진 마늘 2g(1/3작은술), 깨소금 1g(1/4작은술)",가열하여 익히는 음식 > 기름을 이용하여 익히는 음식 > 기름을 이용하여 익히는 음식,농촌진흥청 농식품 올바로 전통향토음식,https://www.nics.go.kr/food/kfi/tfSrch08/view?menuId=PS03520&tfcode=90877,"황혜성·한복려·한복진, 한국의 전통음식, 교문사, 1994 농촌진흥청, 농촌생활연구소(현 농촌자원개발연구소), 소비자가 알기 쉬운 영양가표, 2002",1fc99b8ddad50f49b010ca612720150027e9ce76808c6a4b88271f04ba96d125,2026-10-04,public-recipe-v1,PAN_COOKED
RDA-90880,깻잎찜,깻잎 100g,"<양념장> 간장 35g(2큰술), 다진 파 10g(1큰술), 다진 마늘 5g(3/4작은술), 고춧가루 8g(1 2/3큰술), 깨소금 3g(1작은술), 참기름 2g(1/2작은술)",가열하여 익히는 음식 > 물을 이용한 음식 > 수증기로 찌는 음식,농촌진흥청 농식품 올바로 전통향토음식,https://www.nics.go.kr/food/kfi/tfSrch08/view?menuId=PS03520&tfcode=90880,"농촌진흥청 농촌생활연구소(현 농촌자원개발연구소), 소비자가 알기 쉬운 식품영양가표, 2002 서울특별시 교육청, 중.고등학생을 위한 학교급식 표준식단, 2002",bd9d851679ba8b1d380f5a5a73cf59c7d62714227c57cc6166787d420998ec4d,2026-10-04,public-recipe-v1,STEAMED
RDA-90882,닭찜,"닭 300g(1/2마리), 물 1L(5컵), 대파 20g(1/2뿌리), 마늘 20g(5쪽), 생강 10g(2쪽), 표고버섯 15g(1개), 목이버섯 3g, 석이버섯 1g(1개), 전분 8g(1큰술), 달걀 50g(1개), 소금 적량, 후춧가루 약간","<닭고기 양념> 소금 4g(1작은술), 다진 파 4g(1/2큰술), 다진 마늘 3g(1/2작은술), 참기름 3g(1작은술), 깨소금 2g(1/2작은술), 후춧가루 약간",가열하여 익히는 음식 > 물을 이용한 음식 > 수증기로 찌는 음식,농촌진흥청 농식품 올바로 전통향토음식,https://www.nics.go.kr/food/kfi/tfSrch08/view?menuId=PS03520&tfcode=90882,"강인희, 한국의 맛, 대한교과서주식회사, 1993 황혜성·한복려·한복진, 한국의 전통음식, 교문사, 1994",01150c8908505277cd610f95dbd29b01f40d78467e9b49cfa33a1648dd9cceb1,2026-10-04,public-recipe-v1,STEAMED
RDA-90887,북어찜,"북어포 140g(1마리), 실파 10g, 실고추 약간","<양념> 간장 35g(2큰술), 다진 파 9g(1큰술), 다진 마늘 8g(2/3큰술), 다진 생강 3g(1작은술), 설탕 12g(1큰술), 참기름 8g(2작은술), 깨소금 6g(1큰술), 물200ml(1컵)",가열하여 익히는 음식 > 물을 이용한 음식 > 수증기로 찌는 음식,농촌진흥청 농식품 올바로 전통향토음식,https://www.nics.go.kr/food/kfi/tfSrch08/view?menuId=PS03520&tfcode=90887,"황혜성·한복려·한복진, 한국의 전통음식, 교문사, 1994 농촌진흥청, 농촌 식생활 향상을 위한 식생활 평가시스템 개발연구 보고서, 2000",4dec15ad2e9f000f8a870f0c67aee292c8da831fbaee357574c95f6bc3213997,2026-10-04,public-recipe-v1,STEAMED
RDA-90894,꼬막무침,"꼬막 400g, 물 적량, 소금 약간","<앙념장> 간장 2큰술, 고춧가루 1큰술, 다진 파 2큰술, 다진 마늘 1큰술, 다진 생강 1/2큰술, 설탕 1작은술, 참기름 약간, 통깨 약간, 실고추 약간",무치는 음식 > 익혀서 무치는 음식 > 익혀서 무치는 음식,농촌진흥청 농식품 올바로 전통향토음식,https://www.nics.go.kr/food/kfi/tfSrch08/view?menuId=PS03520&tfcode=90894,"문화공보부 문화재관리국, 한국민속종합조사보고서(전남광주통합특별시편), 1968 전남광주통합특별시, 광주의 전통음식, 1997 광양시농업기술센터 광양시생활개선회, 광양향토음식, 2001 광주향토음식문화연구회, 향토음식문화상품개발 상차림 선물음식, 2001 완도군농업기술센터, 세계로! 미래로! 청해진 음식기행 100선, 2001 전남광주통합특별시 북구, 향토음식박물관 건립 방안 연구, 2003",2cd11c014e0a41acf1779acecbdbb72ed048cbf256e25f7bbbd1c1f737c9dc65,2026-10-04,public-recipe-v1,UNKNOWN
RDA-90925,바람떡(개피떡),"멥쌀 900g(5컵), 소금 18g(1큰술), 쑥 20g, 오미자 20g(1/2컵), 물 적량","<소> 거피팥 420g(2컵), 소금 9g(1/2큰술), 설탕(또는 꿀)75g(1/2컵), 계핏가루 6g(1큰술), 참기름 적량",가열하여 익히는 음식 > 물을 이용한 음식 > 수증기로 찌는 음식,농촌진흥청 농식품 올바로 전통향토음식,https://www.nics.go.kr/food/kfi/tfSrch08/view?menuId=PS03520&tfcode=90925,"강인희, 한국의 맛, 대한교과서주식회사, 1993 황혜성·한복려·한복진, 한국의 전통음식, 교문사, 1994 윤숙자, 전통의 맛과 멋 한국의 떡·한과·음청류, 지구문화사, 1999",ac31c4e2c9b78e58febf355d8a8dfd8db8e09daad70b4b5a506198586973c4c6,2026-10-04,public-recipe-v1,STEAMED
RDA-90964,콩나물밥,"쌀 360g(2컵),콩나물 300g,물 400mL(2컵),소금 약간","<양념장> 간장 3큰술, 다진 파 1큰술, 다진 마늘 1작은술, 다진 붉은 고추 1작은술, 다진 풋고추 1작은술, 고춧가루 1작은술, 참기름 1/2큰술, 깨소금 1/2큰술",가열하여 익히는 음식 > 물을 이용한 음식 > 끓이는 음식,농촌진흥청 농식품 올바로 전통향토음식,https://www.nics.go.kr/food/kfi/tfSrch08/view?menuId=PS03520&tfcode=90964,"영천시농업기술센터, 향토음식 맥잇기 고향의 맛, 2001 구미시농업기술센터, 구미향토-로하스요리 질시루, 2005",401faa231e81b30657e6e848b98662ed6203cee17de18883754c9f6e9000e500,2026-10-04,public-recipe-v1,SIMMERED
RDA-90971,닭죽,"닭 630g(1/2마리), 찹쌀 165g(1컵), 수수 5큰술, 율무 5큰술, 차조 5큰술, 물 2L(10컵), 소금 1작은술",,가열하여 익히는 음식 > 물을 이용한 음식 > 끓이는 음식,농촌진흥청 농식품 올바로 전통향토음식,https://www.nics.go.kr/food/kfi/tfSrch08/view?menuId=PS03520&tfcode=90971,"경주시농업기술센터, 천년고도 경주 내림손맛, 2005",e33049a82cae47ed7f64f8e2528752def6a4ee0a0fccba80a3bf42ff3a174c66,2026-10-04,public-recipe-v1,SIMMERED
RDA-90987,호박죽,"늙은 호박 450g, 찹쌀가루 150g(1컵), 팥 100g(2/3컵), 밤콩 100g(1/2컵), 조 100g(2/3컵), 물 1.6L(8컵), 설탕 1큰술, 소금 1작은술",,가열하여 익히는 음식 > 물을 이용한 음식 > 끓이는 음식,농촌진흥청 농식품 올바로 전통향토음식,https://www.nics.go.kr/food/kfi/tfSrch08/view?menuId=PS03520&tfcode=90987,"영천시농업기술센터, 향토음식 맥잇기 고향의 맛, 2001 청도군농업기술센터, 청도향토음식의 보고 석빙고, 2004",6226b3dbdf4eeeb59b8b1f6d3dc76bdeb73678cc1fe46123598834acde982787,2026-10-04,public-recipe-v1,STEAMED
RDA-91000,비빔국수,"국수 400g, 쇠고기 100g, 삶은 고사리 100g, 청포묵 100g, 달걀 100g(2개), 도라지 70g, 애호박 70g, 다시마 20g(1장), 소금 약간, 식용유 적량","<쇠고기 양념> 간장 1작은술, 설탕 약간, 후춧가루 약간, 깨소금 약간, 참기름 약간, 다진 파 약간, 다진 마늘 약간 <고사리 양념> 간장 1작은술, 참기름 약간, 물 1큰술 <청포묵 양념> 참기름 1작은술, 소금 약간 <양념장> 간장 1큰술, 설탕 1/2큰술, 참기름 1작은술, 깨소금 1작은술",가열하여 익히는 음식 > 물을 이용한 음식 > 끓이는 음식,농촌진흥청 농식품 올바로 전통향토음식,https://www.nics.go.kr/food/kfi/tfSrch08/view?menuId=PS03520&tfcode=91000,,549b72d7087aac0bab1ca2b1da509b40d49273e86f39134df874af93e3ab64aa,2026-10-04,public-recipe-v1,DEEP_FRIED
RDA-91015,감자국,"감자 300g(2개), 양파 80g(1/2개), 멸치장국국물(멸치 · 다시마 · 물) 1.4L(4컵), 고춧가루 1작은술, 다진 마늘 1작은술, 소금 1작은술",,가열하여 익히는 음식 > 물을 이용한 음식 > 끓이는 음식,농촌진흥청 농식품 올바로 전통향토음식,https://www.nics.go.kr/food/kfi/tfSrch08/view?menuId=PS03520&tfcode=91015,,6e69c1d6952d32913e4b62267e3b2d9453f235ca518ec7a70eab9f2219cb65a3,2026-10-04,public-recipe-v1,SIMMERED
RDA-91018,곰탕,"쇠고기(양지머리) 150g, 내장(양, 곱창, 곤자소니) 적량, 무 400g(1/2 개), 물 2.4L(12컵), 대파 20g(1/2뿌리), 국간장 적량, 소금 적량","<고기 양념> 간장, 다진 파, 다진 마늘, 참기름, 후춧가루 적량",가열하여 익히는 음식 > 물을 이용한 음식 > 끓이는 음식,농촌진흥청 농식품 올바로 전통향토음식,https://www.nics.go.kr/food/kfi/tfSrch08/view?menuId=PS03520&tfcode=91018,"전남광주통합특별시 농촌진흥원, 남도의 맛, 1992 농촌진흥청 농촌생활연구소(현 농촌자원개발연구소), 전통지식 모음집(생활문화편), 1997 광주향토음식문화연구회, 향토음식문화상품개발 상차림 선물음식, 2001 전남광주통합특별시 북구, 향토음식 박물관 건립 방안 연구, 2003",d855eae7c7b7658b3a6782f3787f60d0bbded7b67949adbcd8139a601ab38b35,2026-10-04,public-recipe-v1,SIMMERED
RDA-91039,삼계탕(계삼탕),"닭 1kg(1마리), 인삼 2뿌리, 찹쌀 1 1/2컵, 밤 (깐 것) 50g(5개), 마늘 30g(7쪽), 대추 10g(5개), 물 3L(15컵), 소금 1/2큰술, 후춧가루 약간",,가열하여 익히는 음식 > 물을 이용한 음식 > 끓이는 음식,농촌진흥청 농식품 올바로 전통향토음식,https://www.nics.go.kr/food/kfi/tfSrch08/view?menuId=PS03520&tfcode=91039,"문화공보부 문화재관리국, 한국민속종합조사보고서(향토음식편), 1984 농촌진흥청 농촌영양개선연수원(현 농촌자원개발연구소), 한국의 향토음식, 2003 농촌진흥청 농촌생활연구소(현 농촌자원개발연구소), 전통지식 모음집(생활문화편), 1997",0265b1f352c6641320d9fd14deff4d41964473d590cbf90f058761d2cbe33ad5,2026-10-04,public-recipe-v1,SIMMERED
RDA-91058,고등어찌개,"고등어 1마리,무청시래기 300g,물 4컵(800mL),된장 2큰술,고춧가루 1큰술,소금 약간","<양념> 다진 마늘 1큰술, 다진 풋고추 1작은술, 다진 붉은 고추 1작은술, 다진 생강 1작은술",가열하여 익히는 음식 > 물을 이용한 음식 > 끓이는 음식,농촌진흥청 농식품 올바로 전통향토음식,https://www.nics.go.kr/food/kfi/tfSrch08/view?menuId=PS03520&tfcode=91058,,99bbd22d5fb4851b6af3a01a0ddd4a3b25b73ea9a61e3ed7fc67a6abd756e6d5,2026-10-04,public-recipe-v1,SIMMERED
RDA-91059,된장찌개,"감자 150g(1개), 두부 120g(1/4모), 쇠고기 100g, 애호박 80g(1/4개), 양파 50g(1/3개), 표고버섯 20g(2개), 마른 미역 10g, 풋고추 15g(1개), 대파 10g(1/3뿌리), 멸치장국국물(멸치 · 다시마 · 물) 800mL(4컵), 된장 2큰술, 고춧가루 1/2큰술, 다진 마늘 1큰술",,가열하여 익히는 음식 > 물을 이용한 음식 > 끓이는 음식,농촌진흥청 농식품 올바로 전통향토음식,https://www.nics.go.kr/food/kfi/tfSrch08/view?menuId=PS03520&tfcode=91059,,7925365a0212186c9493dd60eea917093e46d227c581f0a2544e30081bd6117a,2026-10-04,public-recipe-v1,SIMMERED
RDA-91062,청국장찌개,"청국장 1컵, 두부 250g(1/2모), 쇠고기 200g, 무 50g, 대파 20g(2/3뿌리), 풋고추 15g(1개), 물 400mL(2컵), 고춧가루 1작은술, 다진 마늘 1작은술, 후춧가루 , 소금 약간",,가열하여 익히는 음식 > 물을 이용한 음식 > 끓이는 음식,농촌진흥청 농식품 올바로 전통향토음식,https://www.nics.go.kr/food/kfi/tfSrch08/view?menuId=PS03520&tfcode=91062,"성주군농업기술센터, 성주 향토음식의 맥, 2004",15156c182d9926c8115791f80494d1257061d67ebfe78822be7b05d02a6beb37,2026-10-04,public-recipe-v1,SIMMERED
RDA-91102,더덕구이,"더덕 8뿌리(100g), 소금 약간, 물 적량","<유장> 참기름 2큰술, 간장 2/3큰술 <양념> 고추장 2큰술, 설탕 1작은술, 다진 파 1큰술, 다진 마늘 1작은술, 참기름 1작은술, 깨소금 1작은술",가열하여 익히는 음식 > 굽는 음식 > 굽는 음식,농촌진흥청 농식품 올바로 전통향토음식,https://www.nics.go.kr/food/kfi/tfSrch08/view?menuId=PS03520&tfcode=91102,"농촌진흥청 농촌생활연구소(현 농촌자원개발연구소), 전통지식모음집(생활문화 편) 1997 김천시농업기술센터, 김천 향토음식, 1999",df9400716b855d6e595ea4bd991f81c67303a0568afa043b75902ec4c606ccfe,2026-10-04,public-recipe-v1,GRILLED
RDA-91111,가자미조림(미주구리조림),"마른 가자미 200g, 통깨 약간","[양념장] 마른 고추 2개, 간장 4큰술, 고추장 1큰술, 고춧가루 2큰술, 물엿 1/2컵, 설탕 1/2큰술, 물 200mL(1컵), 다진 마늘 1작은술, 식용유 적량",가열하여 익히는 음식 > 물을 이용한 음식 > 약간의 수분을 양념과함께 넣고 익혀 양념이 식품에 스며들게 하는 음식,농촌진흥청 농식품 올바로 전통향토음식,https://www.nics.go.kr/food/kfi/tfSrch08/view?menuId=PS03520&tfcode=91111,"포항시농업기술센터, 포항전통의 맛, 2004 경주시농업기술센터, 천년고도 경주 내림손맛, 2005",822b72f34c4f0d250851e4591be4b0ff0fbda42b46c437cc946749af81bc9f7d,2026-10-04,public-recipe-v1,DEEP_FRIED
RDA-91122,감자전(장바우감자전),"감자 450g(3개), 붉은 고추 15g(1개), 식용유 1큰술, 소금 약간","<초간장> 간장 1큰술, 식초 1큰술, 설탕 1작은술",가열하여 익히는 음식 > 기름을 이용하여 익히는 음식 > 기름을 이용하여 익히는 음식,농촌진흥청 농식품 올바로 전통향토음식,https://www.nics.go.kr/food/kfi/tfSrch08/view?menuId=PS03520&tfcode=91122,"김천시농업기술센터, 김천향토음식, 1999",43550f08a1ee21c7a1d081c491cb003f3e90d7b9485b1574a6e57fb6e79373a2,2026-10-04,public-recipe-v1,PAN_COOKED
RDA-91134,"메밀전병(총떡, 메밀전)","메밀가루 100g, 무 300g(1/3개), 실파 30g, 물 1/2컵(100mL), 다진 파 1큰술, 다진 마늘 1작은술, 참기름 1작은술, 깨소금 1작은술, 소금 2작은술, 표고버섯 50g(4장), 식용유 1큰술",,가열하여 익히는 음식 > 기름을 이용하여 익히는 음식 > 기름을 이용하여 익히는 음식,농촌진흥청 농식품 올바로 전통향토음식,https://www.nics.go.kr/food/kfi/tfSrch08/view?menuId=PS03520&tfcode=91134,"봉화군농업기술센터, 봉화의 맛을 찾아서, 2002",0047e063af2908c9e639cfd9a2d881b0d8aff6ffb5dd28d1a0840e5250992302,2026-10-04,public-recipe-v1,PAN_COOKED
RDA-91148,가오리찜,"참기름 1큰술, 통깨 1큰술, 실고추 약간, 가오리 2kg(1마리)","[양념장] 간장 5~6컵, 다진 마늘 2큰술, 다진 생강 1큰술, 설탕 1/2컵, 식용유 1/2컵, 참기름 2큰술, 후춧가루 약간",가열하여 익히는 음식 > 물을 이용한 음식 > 수증기로 찌는 음식,농촌진흥청 농식품 올바로 전통향토음식,https://www.nics.go.kr/food/kfi/tfSrch08/view?menuId=PS03520&tfcode=91148,"구미시농업기술센터, 구미향토-로하스요리 질시루, 2005",b94f2d2a6b575739fa1bcd6fefbc58627d8c67fd077dc8137fb527531087862c,2026-10-04,public-recipe-v1,STEAMED
RDA-91154,닭찜,"닭 1.3kg(1마리), 전분 2큰술, 멸치장국국물(멸치 · 다시마 · 물) 600mL(3컵)","<양념장> 간장 1/2컵, 설탕 3큰술, 청주 1큰술, 참기름 1큰술",가열하여 익히는 음식 > 물을 이용한 음식 > 수증기로 찌는 음식,농촌진흥청 농식품 올바로 전통향토음식,https://www.nics.go.kr/food/kfi/tfSrch08/view?menuId=PS03520&tfcode=91154,"성주군농업기술센터, 성주 향토음식의 맥, 2004",adde1471d812cf1e6f66274695a0e04b868550fa1e966736fc45e99e09de7362,2026-10-04,public-recipe-v1,STEAMED
RDA-91164,북어찜(마른명태찜)<방법 1>,"쇠고기 100g, 다시마 20g, 통깨 약간, 실고추 약간, 북어 280g(2마리)","<양념장> 간장 1/2컵, 물엿 5큰술, 다진 마늘 1큰술, 참기름 1큰술, 물 100mL(1/2컵)",가열하여 익히는 음식 > 물을 이용한 음식 > 수증기로 찌는 음식,농촌진흥청 농식품 올바로 전통향토음식,https://www.nics.go.kr/food/kfi/tfSrch08/view?menuId=PS03520&tfcode=91164,"영천시농업기술센터, 향토음식 맥잇기 고향의 맛, 2001",ff462b40b1cd96a87fe3ef5552e48f568fff180244d02b4dcbeb7b8f8a7a114c,2026-10-04,public-recipe-v1,STEAMED
RDA-91165,북어찜(마른명태찜)<방법 2>,"북어 140g(1마리), 달걀 50g(1개), 대파 10g(1/3뿌리), 석이버섯 약간, 밀가루 1큰술, 물 1큰술, 국간장 1큰술, 식용유 적량",,가열하여 익히는 음식 > 물을 이용한 음식 > 수증기로 찌는 음식,농촌진흥청 농식품 올바로 전통향토음식,https://www.nics.go.kr/food/kfi/tfSrch08/view?menuId=PS03520&tfcode=91165,"안동시농업기술센터, 향토음식 맥잇기 안동음식여행, 2002 이선호 박영배, 안동지역의 향토음식을 활용한 관광체험 프로그램 개발, 한국조리학회지, 8(3), 2002",418826a6a6a37c8cd2ac1aa87f446de6395d203d630a9596af00506784e7681f,2026-10-04,public-recipe-v1,STEAMED
RDA-91279,증편(순흥기주떡),"멥쌀가루 1.5kg(10컵), 콩가루 45g(1/2컵), 설탕 600g(4컵), 막걸리 200ml(1컵)","<고명> 대추 10(5개), 통깨 약간",가열하여 익히는 음식 > 물을 이용한 음식 > 수증기로 찌는 음식,농촌진흥청 농식품 올바로 전통향토음식,https://www.nics.go.kr/food/kfi/tfSrch08/view?menuId=PS03520&tfcode=91279,"상주시농업기술센터, 상주 향토음식 맥잇기 고운 빛 깊은 맛, 2004 이선호 박영배, 안동 지역의 향토음식을 활용한 관광체험 프로그램 개발, 한국조리학회지, 8(3), 2002 최규식 이윤호, 경상북도 북부 지역 향토음식 호텔 메뉴화 전략, 관광정보연구, 16, 2004",dac15a5cac64c52f6d2cedd239d48d86e09527489d89c4a709f1b98af951ee87,2026-10-04,public-recipe-v1,STEAMED
RDA-91282,매작과(뽕잎차수과),"밀가루 220g(2컵), 잣가루 45g(1/2컵), 물 6큰술, 생강즙 2큰술, 소금 1작은술, 식용유 적량 , 꿀 150g(1/2컵)",,가열하여 익히는 음식 > 기름을 이용하여 익히는 음식 > 기름을 이용하여 익히는 음식,농촌진흥청 농식품 올바로 전통향토음식,https://www.nics.go.kr/food/kfi/tfSrch08/view?menuId=PS03520&tfcode=91282,"경상북도농촌진흥원, 우리의 맛 찾기 경북향토음식, 1997 상주시농업기술센터, 상주 향토음식 맥잇기 고운 빛 깊은 맛, 2004 이선호 박영배, 안동지역의 향토음식을 활용한 관광체험 프로그램 개발, 한국조리학회지, 8(3), 2002",4069146567c0f2a85dafc1733dfa75c60261936369498d2d3c34eecc83514ce3,2026-10-04,public-recipe-v1,DEEP_FRIED
RDA-91342,충무김밥(꼬치김밥),"쌀 360g(2컵),김 8g(4장),갑오징어 200g(3/4마리),무 150g,물 470mL(2 1/3컵),소금 약간","<갑오징어 양념> 고춧가루 2큰술, 간장 2큰술, 다진 마늘 1작은술, 다진 파 1작은술, 깨소금 1/2작은술, 소금 1/2작은술, 설탕 1/2작은술, 참기름 1작은술, 후춧가루 약간 <무 양념> 젓갈 1큰술, 고춧가루 2 1/2 큰술, 다진 마늘 1작은술, 다진 파 1작은술",가열하여 익히는 음식 > 물을 이용한 음식 > 끓이는 음식,농촌진흥청 농식품 올바로 전통향토음식,https://www.nics.go.kr/food/kfi/tfSrch08/view?menuId=PS03520&tfcode=91342,"경상남도 농촌진흥원, 경남향토음식, 1994 농촌진흥청 농촌생활연구소(현 농촌자원개발연구소), 전통지식 모음집(생활문화 편), 1997 통영시농업기술센터, 통영음식, 1999",a705730b9da082e493eccc0f0445c0d24d620922090b5e90fa4835c2ccff6ace,2026-10-04,public-recipe-v1,SIMMERED
RDA-91344,콩나물밥,"쌀 360g(2컵),콩나물 300g,물 400mL(2컵)","<양념장> 간장 4큰술, 다진 파 1큰술, 다진 마늘 1/2작은술, 참기름 2작은술, 고춧가루 2작은술, 깨소금 2작은술",가열하여 익히는 음식 > 물을 이용한 음식 > 끓이는 음식,농촌진흥청 농식품 올바로 전통향토음식,https://www.nics.go.kr/food/kfi/tfSrch08/view?menuId=PS03520&tfcode=91344,"경상남도 농촌진흥원, 경남향토음식, 1994 거제시농업기술센터, 거제향토음식, 1998 울산광역시농업기술센터, 울산향토음식, 2001",a28e09400359dfbe6408b598528598c3019b64e910bf1d08181da91a14b43fdc,2026-10-04,public-recipe-v1,SIMMERED
RDA-91353,백합죽,"찹쌀 360g(2컵), 백합 2kg, 수삼 2뿌리, 대추 25g(10개), 물 2L(10컵), 소금 1작은술, 다진 마늘 약간",,가열하여 익히는 음식 > 물을 이용한 음식 > 끓이는 음식,농촌진흥청 농식품 올바로 전통향토음식,https://www.nics.go.kr/food/kfi/tfSrch08/view?menuId=PS03520&tfcode=91353,"경상남도 농촌진흥원, 경남향토음식, 1994 최수근 이연정 박성수, 향토음식 인지도에 관한 실증적 연구, 한국식생활문화학회지, 19(3), 2004",ded36a96c12c69a41c27959d3298c6120d7ad37adddfbe46486d6064980ec4a6,2026-10-04,public-recipe-v1,SIMMERED
RDA-91361,전복죽,"찹쌀 360g(2컵),전복 330g(4마리),물 2L(10컵),참기름 1큰술,소금 1작은술",,가열하여 익히는 음식 > 물을 이용한 음식 > 끓이는 음식,농촌진흥청 농식품 올바로 전통향토음식,https://www.nics.go.kr/food/kfi/tfSrch08/view?menuId=PS03520&tfcode=91361,"거제시농업기술센터, 거제향토음식, 1998 울산광역시농업기술센터, 울산향토음식, 2001 남해군농업기술센터, 보물섬남해 향토먹거리 맛과 멋, 2005",14342ff73989583c09f9ee49a7a9a5cb92184bff30513f6ff1ecd25db63e42c5,2026-10-04,public-recipe-v1,SIMMERED
RDA-91426,"아귀탕(아구탕, 물꽁탕)","생아귀 2마리,콩나물 200g,무 150g,미나리 50g,소금 1작은술,물 1.6L(8컵),","<양념> 고춧가루 1큰술, 다진 마늘 1큰술",가열하여 익히는 음식 > 물을 이용한 음식 > 끓이는 음식,농촌진흥청 농식품 올바로 전통향토음식,https://www.nics.go.kr/food/kfi/tfSrch08/view?menuId=PS03520&tfcode=91426,"울산광역시농업기술센터, 울산향토음식, 2001 기장군농업기술센터, 기장의 향토음식, 2003 마산시농업기술센터, 지역특산물을 이용한 마산의 새로운 맛, 2004",5b8aae1966e227b54d17c8c1ca9b246df40dc226b2fc658c26002808d9795062,2026-10-04,public-recipe-v1,SIMMERED
RDA-91436,추어탕(어탕),"미꾸라지 400g, 삶은 토란대 150g, 삶은 배추시래기 100g, 삶은 고사리 50g(1/4컵), 숙주 50g, 부추 30g, 대파 35g(1뿌리), 풋고추 15g(1개), 물 2L(10컵), 된장 2큰술, 호박잎 , 방아잎 , 국간장 , 소금 , 초피가루(제피가루) 약간","<양념> 다진 풋고추 1큰술, 다진 붉은 고추 1큰술, 다진 마늘 1큰술",가열하여 익히는 음식 > 물을 이용한 음식 > 끓이는 음식,농촌진흥청 농식품 올바로 전통향토음식,https://www.nics.go.kr/food/kfi/tfSrch08/view?menuId=PS03520&tfcode=91436,"문화공보부 문화재관리국, 한국민속종합조사보고서(향토음식 편), 1984 경상남도 농촌진흥원, 경남향토음식, 1994 울산광역시농업기술센터, 울산향토음식, 2001 기장군농업기술센터, 기장의 향토음식, 2003 최수근 · 이연정 · 박성수, 향토음식 인지도에 관한 실증적 연구, 한국식생활문화학회지, 19(3), 2004 농촌진흥청, 향토음식, www2.rda.go.kr/food/, 2006",fef52424b64589301110fdd3eaa7e75bf8ea1647f9f18fd5aa523f2fe6e06956,2026-10-04,public-recipe-v1,SIMMERED
RDA-91446,갈치찌개(갈치호박찌개),"갈치 320g (1마리), 애호박 200g(1/2개), 붉은 고추 30g(2개), 대파 35g(1뿌리), 다진 마늘 1큰술, 고춧가루 1작은술, 소금 1작은술, 물 1.2L(6컵)",,가열하여 익히는 음식 > 물을 이용한 음식 > 끓이는 음식,농촌진흥청 농식품 올바로 전통향토음식,https://www.nics.go.kr/food/kfi/tfSrch08/view?menuId=PS03520&tfcode=91446,"울산광역시농업기술센터, 울산향토음식, 2001 기장군농업기술센터, 기장의 향토음식, 2003",1e7b60081240f21973b3fd59b47f612c1b39aef1fdad690dfed746205dced6df,2026-10-04,public-recipe-v1,SIMMERED
RDA-91516,더덕구이(더덕양념구이),"더덕(소) 100g(4뿌리), 소금 약간","<유장> 참기름 1큰술, 간장 1/2큰술 <양념장> 고추장 1큰술, 설탕 1/2큰술, 다진 파 1큰술, 다진 마늘 1작은술, 깨소금 1/2큰술",가열하여 익히는 음식 > 굽는 음식 > 굽는 음식,농촌진흥청 농식품 올바로 전통향토음식,https://www.nics.go.kr/food/kfi/tfSrch08/view?menuId=PS03520&tfcode=91516,"경상남도 농촌진흥원, 경남향토음식, 1994 최수근 · 이연정 · 박성수, 향토음식 인지도에 관한 실증적 연구, 한국식생활문화학회지, 19(3), 2004 이연정, 향토음식에 대한 인식이 향토음식전문점 방문빈도에 미치는 영향 연구, 한국조리과학회지, 22(6), 2006 농촌진흥청, 향토음식, www2.rda.go.kr/food/, 2006",c9117082e088bbc43e4855dc183f19980f5a7ba3c03ff7edb4d71f2aca9d8ff0,2026-10-04,public-recipe-v1,GRILLED
RDA-91526,가자미조림(납세미조림),"가자미(납세미) 700g(2마리), 물 200mL(1컵)","[조림장] 간장 2큰술, 고추장 1큰술, 다진마늘 1큰술, 물엿 1/2큰술",가열하여 익히는 음식 > 물을 이용한 음식 > 약간의 수분을 양념과함께 넣고 익혀 양념이 식품에 스며들게 하는 음식,농촌진흥청 농식품 올바로 전통향토음식,https://www.nics.go.kr/food/kfi/tfSrch08/view?menuId=PS03520&tfcode=91526,"울산광역시농업기술센터, 울산향토음식, 2001",cc904890f99fdd1db332c5550c1df41bb52620b9c21c0c46462c6db547a57a9c,2026-10-04,public-recipe-v1,SIMMERED
RDA-91531,땅콩조림,"땅콩 50g(1/3컵),물 200mL(1컵),통깨 약간,참기름 약간","<조림장> 멸치장국국물(멸치·다시마·물) 2큰술, 간장 1큰술, 물엿 2작은술, 설탕 1작은술, 다진 마늘 1작은술, 다진 생강 약간",가열하여 익히는 음식 > 물을 이용한 음식 > 약간의 수분을 양념과함께 넣고 익혀 양념이 식품에 스며들게 하는 음식,농촌진흥청 농식품 올바로 전통향토음식,https://www.nics.go.kr/food/kfi/tfSrch08/view?menuId=PS03520&tfcode=91531,"농촌진흥청 농촌영양개선연수원(현 농촌자원개발연구소), 한국의 향토음식, 1994",6cbc77c1a8d93dcb1209b7d7d7ae074d2756b02ae96215e1b61550d76c26d621,2026-10-04,public-recipe-v1,SIMMERED
RDA-91542,낙지볶음(낙지전골),"낙지 1kg(5마리), 양파 160g(1개), 대파 50g(1 1/2뿌리), 풋고추 75g(5개), 붉은 고추 30g(2개), 소금 약간","<양념> 고춧가루 2큰술, 고추장 1큰술, 간장 1큰술, 참기름 1큰술, 설탕 2큰술, 다진 파 2큰술, 다진 마늘 2작은술, 다진 생강 1작은술",가열하여 익히는 음식 > 물을 이용한 음식 > 끓이는 음식,농촌진흥청 농식품 올바로 전통향토음식,https://www.nics.go.kr/food/kfi/tfSrch08/view?menuId=PS03520&tfcode=91542,"농촌진흥청 농촌생활연구소(현 농촌자원개발연구소), 전통지식 모음집(생활문화 편), 1997 류은순, 부산향토전통음식 낙지볶음에 관한 연구, 부산광역시, 2001",a69ff68d2bccdfffaf4c68ce6eda801d3dc4fb99e604f8cb36162f92f02e77ba,2026-10-04,public-recipe-v1,SIMMERED
RDA-91547,고구마전,"고구마 500g(2개),밀가루 70g(2/3컵),식용유 1/2큰술,소금 약간","<치자물> 치자 3개, 물 100mL(1/2컵)",가열하여 익히는 음식 > 기름을 이용하여 익히는 음식 > 기름을 이용하여 익히는 음식,농촌진흥청 농식품 올바로 전통향토음식,https://www.nics.go.kr/food/kfi/tfSrch08/view?menuId=PS03520&tfcode=91547,"울산광역시농업기술센터, 울산향토음식, 2001",75a022d8ce71956e83a6d674417785e1f943a76fc1df604f7a812f4dc2c414bb,2026-10-04,public-recipe-v1,PAN_COOKED
RDA-91580,가오리찜,"가오리 1마리,통깨 약간","[초고추장] 고추장 3큰술, 식초3큰술, 설탕 1큰술, 다진 마늘 1작은술, 통깨 1작은술",가열하여 익히는 음식 > 물을 이용한 음식 > 수증기로 찌는 음식,농촌진흥청 농식품 올바로 전통향토음식,https://www.nics.go.kr/food/kfi/tfSrch08/view?menuId=PS03520&tfcode=91580,"경상남도 농촌진흥원, 경남향토음식, 1994 농촌진흥청 농촌영양개선연수원(현 농촌자원개발연구소), 한국의 향토음식, 1994",8031d690e9c12f0c2ea349c03648b88007cfc3b774202b3566562dcc3847ab17,2026-10-04,public-recipe-v1,STEAMED
RDA-91740,미숫가루(미싯가루),"찹쌀(멥쌀) 170g(1컵), 보리쌀 150g(1컵), 콩(흰콩) 160g(1컵), 들깨 110g(1컵), 참깨 120g(1컵), 율무 1컵",,가열하지 않는 음식 > 날것에 조미료를 곁들여 먹는 음식 > 날것에 조미료를 곁들여 먹는 음식,농촌진흥청 농식품 올바로 전통향토음식,https://www.nics.go.kr/food/kfi/tfSrch08/view?menuId=PS03520&tfcode=91740,"문화공보부 문화재관리국, 한국민속종합조사보고서(향토음식 편), 1984 경상남도 농촌진흥원, 경남향토음식, 1994 경상남도 농촌진흥원, 경남향토음료, 1997",b10d1deceb35550b630de6b803b279f0a8a0f9f751fb446f44ece9096077f983,2026-10-04,public-recipe-v1,PAN_COOKED
RDA-91764,"곤달비밥(곤드레밥, 곤드레나물밥)","쌀 360g(2컵), 곤달비(곤드레) 300g, 물 470mL(2 1/3컵), 들기름2큰술, 소금 약간",,가열하여 익히는 음식 > 물을 이용한 음식 > 끓이는 음식,농촌진흥청 농식품 올바로 전통향토음식,https://www.nics.go.kr/food/kfi/tfSrch08/view?menuId=PS03520&tfcode=91764,,5ff7440de27ca380488a65e201dea3fb1ef3f40e1f7300574a109147c03e3077,2026-10-04,public-recipe-v1,SIMMERED
RDA-91787,어죽<방법2>,"민물고기(붕어, 산천어) 700g, 쌀 240g(1 1/3컵), 다진 마늘 1/2큰술, 다진 생강 1큰술, 다진 파 2큰술, 소금 1큰술, 물 2.4L(12컵)",,가열하여 익히는 음식 > 물을 이용한 음식 > 끓이는 음식,농촌진흥청 농식품 올바로 전통향토음식,https://www.nics.go.kr/food/kfi/tfSrch08/view?menuId=PS03520&tfcode=91787,,acef99d4d59a7fffd253496a2fa4f5ed327b4c9c8ff37f4b18bb5849eb3376d6,2026-10-04,public-recipe-v1,SIMMERED
RDA-91829,물메기국(곰치국),"물메기(곰치) 300g, 신 배추김치 50g, 물 1.6L(8컵), 대파 20g(1/2뿌리), 다진 마늘 1큰술, 소금 1큰술, 고춧가루 1큰술",,가열하여 익히는 음식 > 물을 이용한 음식 > 끓이는 음식,농촌진흥청 농식품 올바로 전통향토음식,https://www.nics.go.kr/food/kfi/tfSrch08/view?menuId=PS03520&tfcode=91829,,05d193ab16526081a44105ad76927c49708f6eadb5721154d865f1879cce9cb4,2026-10-04,public-recipe-v1,SIMMERED
RDA-91841,알탕,"명란 8개, 무 150g, 콩나물 15g, 미나리 100g, 풋고추 15g(1개), 붉은 고추 15g(1개), 대파 35g(1뿌리)","<양념장> 고추장 1큰술, 간장 1/2큰술, 고춧가루 1 1/2큰술, 다진 마늘 1큰술, 생강즙 1큰술, 청주 1큰술, 소금, 후춧가루 약간 <장국국물> 멸치 30g(15마리), 다시마 10g, 무 70g, 대파 20g(1/2뿌리), 물 1L(5컵)",가열하여 익히는 음식 > 물을 이용한 음식 > 끓이는 음식,농촌진흥청 농식품 올바로 전통향토음식,https://www.nics.go.kr/food/kfi/tfSrch08/view?menuId=PS03520&tfcode=91841,,5560d8dc286bf6c2a91344f6cdb82b031aceee1dd04edaa26afbc67f581afd08,2026-10-04,public-recipe-v1,SIMMERED
RDA-91851,버섯전골,"느타리버섯 100g(5개), 송이버섯 50g, 표고버섯 50g(4개), 당근 50g(1/3개), 미나리 20g, 쪽파 3뿌리, 붉은 고추 45g(3개), 달걀 100g(2개), 쇠고기 100g, 두부 130g(1/4모), 육수 100mL(1/2컵), 다진 마늘 2작은술, 식용유 약간","<쇠고기 양념> 간장 1큰술, 설탕 1/2큰술, 다진 파 2작은술, 다진 마늘 2작은술, 깨소금 1작은술, 소금, 후춧가루, 참기름 약간",가열하여 익히는 음식 > 물을 이용한 음식 > 끓이는 음식,농촌진흥청 농식품 올바로 전통향토음식,https://www.nics.go.kr/food/kfi/tfSrch08/view?menuId=PS03520&tfcode=91851,,b3583c919b55f4a41f46ac5ebdc19b0d2cdfbcd105560264d32d04b0e1ad3699,2026-10-04,public-recipe-v1,SIMMERED
RDA-91876,닭갈비(춘천닭갈비),"닭 800g(2/3마리), 양배추 100g(3장), 고구마 50g(1/5개), 양파 50g(1/3개), 대파 70g(2뿌리), 풋고추 30g(2개), 배춧잎 2장, 깻잎 10g(5장), 상추 , 가래떡 , 식용유 적량","<양념 고추장> 고추장 2큰술, 간장 1큰술, 고춧가루 1큰술, 마늘 25g(6쪽), 생강 10g(2쪽), 설탕 1큰술, 참기름 1작은술, 정종 1큰술, 배 50g, 소금, 통깨 약간",가열하여 익히는 음식 > 기름을 이용하여 익히는 음식 > 기름을 이용하여 익히는 음식,농촌진흥청 농식품 올바로 전통향토음식,https://www.nics.go.kr/food/kfi/tfSrch08/view?menuId=PS03520&tfcode=91876,"강원특별자치도 농촌진흥원, 강원 향토의 맛, 1993",07d653fb4dc16b90446e0c2bcb79206721b395d20be03657b0cf68f2a2915826,2026-10-04,public-recipe-v1,PAN_COOKED
RDA-91881,감자부침(감자전),"감자 1kg(7개), 부추 50g, 실파 20g, 붉은 고추 60g(4개), 풋고추 60g(4개), 소금 약간, 식용유 적량",,가열하여 익히는 음식 > 기름을 이용하여 익히는 음식 > 기름을 이용하여 익히는 음식,농촌진흥청 농식품 올바로 전통향토음식,https://www.nics.go.kr/food/kfi/tfSrch08/view?menuId=PS03520&tfcode=91881,"문화공보부 문화재관리국, 한국민속종합조사보고서(향토음식편), 1984 강원특별자치도 농촌진흥원, 강원 향토의 맛, 1993 강인희, 한국의 맛, 대한교과서주식회사, 1993",3ad2de4e8bf35d94b558244f690e834f267452a41578d19b0a636d0765944776,2026-10-04,public-recipe-v1,PAN_COOKED
RDA-92005,"증편(기장떡, 기주떡, 쪽기정)","멥쌀 8kg, 소금 2작은술, 대추 10g(5개), 석이버섯 5g(5개), 막걸리 400mL(2컵), 설탕 1/2컵, 물 600mL(3컵)",,가열하여 익히는 음식 > 물을 이용한 음식 > 수증기로 찌는 음식,농촌진흥청 농식품 올바로 전통향토음식,https://www.nics.go.kr/food/kfi/tfSrch08/view?menuId=PS03520&tfcode=92005,"강원특별자치도농촌진흥원, 강원 향토의 맛, 1993",3e9662e36902bdf89f6d6b2567903a0953fd294acc8ff073d5a6ef7a6ac89433,2026-10-04,public-recipe-v1,STEAMED
RDA-92061,오곡밥<방법1>,"멥쌀 360g(2컵), 찹쌀 170g(1컵), 팥 110g(1/2컵), 밤콩 80g(1/2컵), 차조 80g(1/2컵), 수수 70g(1/2컵), 소금 1큰술",,가열하여 익히는 음식 > 물을 이용한 음식 > 끓이는 음식,농촌진흥청 농식품 올바로 전통향토음식,https://www.nics.go.kr/food/kfi/tfSrch08/view?menuId=PS03520&tfcode=92061,"광주향토음식문화연구회, 향토음식 문화상품개발 상차림 선물음식, 2001 완도군농업기술센터, 세계로!미래로!청해진 음식기행 100선, 2001",81de964586d867caafa7b81c6f2b927fb4f2c3425c156a1f50e01e870e566c93,2026-10-04,public-recipe-v1,SIMMERED
RDA-92062,오곡밥<방법2>,"멥쌀 360g(2컵), 찹쌀 330g(2컵), 차조 80g(1/2컵), 검은콩 80g(1/2컵), 차수수 70g(1/2컵), 팥 110g(1/2컵), 소금 1큰술",,가열하여 익히는 음식 > 물을 이용한 음식 > 끓이는 음식,농촌진흥청 농식품 올바로 전통향토음식,https://www.nics.go.kr/food/kfi/tfSrch08/view?menuId=PS03520&tfcode=92062,"광주향토음식문화연구회, 향토음식문화상품개발 상차림 선물음식, 2001 완도군농업기술센터, 세계로! 미래로! 청해진 음식기행 100선, 2001",488cb90cd13d598be2c6940433d601ede9825f57ee8c1c2d7b5fe9aa9c64aad0,2026-10-04,public-recipe-v1,STEAMED
RDA-92064,찰밥,"찹쌀 840g(5컵), 팥 210g(1컵), 밤 160g(1컵), 대추 70g(1컵), 소금 약간",,가열하여 익히는 음식 > 물을 이용한 음식 > 끓이는 음식,농촌진흥청 농식품 올바로 전통향토음식,https://www.nics.go.kr/food/kfi/tfSrch08/view?menuId=PS03520&tfcode=92064,"광주향토음식문화연구회, 향토음식문화상품개발 상차림 선물음식, 2001",e1af596c4549add3a99af0a477d18449947426d5791b5c50f5318a814cb93150,2026-10-04,public-recipe-v1,STEAMED
RDA-92090,콩국수,"콩 330g(2컵), 밀가루 220g(2컵), 반죽물 100mL(1/2컵), 오이 60g(1/2개), 물 1.6L(8컵), 소금 1/2큰술, 깨소금 1작은술",,가열하여 익히는 음식 > 물을 이용한 음식 > 끓이는 음식,농촌진흥청 농식품 올바로 전통향토음식,https://www.nics.go.kr/food/kfi/tfSrch08/view?menuId=PS03520&tfcode=92090,,4ea6579ba027e2697e966864756bd87c1fb3d6662dff279dd917f550506c16a1,2026-10-04,public-recipe-v1,SIMMERED
RDA-92104,매생이국(매생이탕),"매생이 400g, 굴 100g, 물 1.6L(8컵), 국간장 2큰술, 다진 마늘 2큰술, 참기름 약간",,가열하여 익히는 음식 > 물을 이용한 음식 > 끓이는 음식,농촌진흥청 농식품 올바로 전통향토음식,https://www.nics.go.kr/food/kfi/tfSrch08/view?menuId=PS03520&tfcode=92104,"여수시농업기술센터, 관광 여수의 맛자랑, 2001 완도군농업기술센터, 청해진 웰빙 음식의 맥을 찾아서, 2005",19a1e32b95bfff635389d2d7267bcfbdc048d01b36a9b48e247c69bc7e0425f8,2026-10-04,public-recipe-v1,SIMMERED
RDA-92108,미역국,"생미역 , 고사리 , 도라지 , 숙주 , 국간장 , 후춧가루 , 식초 , 전분 , 물 적량",,가열하여 익히는 음식 > 물을 이용한 음식 > 끓이는 음식,농촌진흥청 농식품 올바로 전통향토음식,https://www.nics.go.kr/food/kfi/tfSrch08/view?menuId=PS03520&tfcode=92108,"문화공보부 문화재관리국, 한국민속종합조사보고서(전남광주통합특별시편), 1968",d71627cca23aef69a15551f4fa1adc9914d36536e1100ec3764892fd79c20012,2026-10-04,public-recipe-v1,SIMMERED
RDA-92114,오리탕<방법1>,"오리 650g(1/2마리), 삶은 머위대(또는 고구마대) 100g, 물 600mL(3컵), 풋고추 15g(1개), 대파 10g(1/4뿌리), 된장 1 1/2큰술, 들깨 2큰술","<다진 양념> 마른 고추 1개, 다진 양파 1큰술, 다진 마늘 1큰술, 다진 생강 1작은술",가열하여 익히는 음식 > 물을 이용한 음식 > 끓이는 음식,농촌진흥청 농식품 올바로 전통향토음식,https://www.nics.go.kr/food/kfi/tfSrch08/view?menuId=PS03520&tfcode=92114,"농천진흥청 농천영양개선연수원(현 농촌자원개발연구소), 한국의 향토음식, 1994 전남광주통합특별시, 광주의 전통음식, 1997 전남광주통합특별시 북구, 향토음식 박물관 건립 방안 연구, 2003 전남광주통합특별시농업기술센터, 미향 광주의 향토음식, 2003 나주시, 나주 향토음식의 발자취, 2005",02abb87dd96a42648037e01485d2e94eb327a4fcdba56429d48a0d1a446923e5,2026-10-04,public-recipe-v1,SIMMERED
RDA-92115,오리탕<방법2>,"오리 1.3kg(1마리), 감자 300g(2개), 무 100g, 당근 50g(1/3개), 양파 50g(1/3개), 대파 35g(1뿌리), 느타리버섯 50g(3개), 밤 (깐 것) 30g(3개), 대추 5g(3개), 인삼 2뿌리, 쑥갓 20g, 미나리 20g, 물 적량, 청주 적량, 후춧가루 적량, 다진 마늘 적량","<양념장> 청주, 후춧가루, 고춧가루, 고추장, 소금, 들깨, 물 적당",가열하여 익히는 음식 > 물을 이용한 음식 > 끓이는 음식,농촌진흥청 농식품 올바로 전통향토음식,https://www.nics.go.kr/food/kfi/tfSrch08/view?menuId=PS03520&tfcode=92115,"농촌진흥청 농촌영양개선연수원(현 농촌자원개발연구소), 한국의 향토음식, 1994 전남광주통합특별시, 광주의 전통음식, 1997 전남광주통합특별시 북구, 향토음식박물관 건립 방안 연구, 2003 전남광주통합특별시농업기술센터, 미향 광주의 향토음식, 2003 나주시, 나주 향토음식의 발자취, 2005",6fb560c391e3ae131bcbec34bf8f343a867da2940a1a2060e0c2c6cf0353adf4,2026-10-04,public-recipe-v1,SIMMERED
RDA-92174,떡갈비,소갈비 800g,"<양념장> 국간장 3큰술, 다진 파 1큰술, 다진 마늘 1큰술, 참기름 2큰술, 설탕 1큰술, 소금 약간",가열하여 익히는 음식 > 굽는 음식 > 굽는 음식,농촌진흥청 농식품 올바로 전통향토음식,https://www.nics.go.kr/food/kfi/tfSrch08/view?menuId=PS03520&tfcode=92174,"전남광주통합특별시, 광주의 전통음식, 1997 전남광주통합특별시농업기술센터, 미향 광주의 향토음식, 2003",da57115f459340936cf8a5ce1f79ccc110c3d7967c54064f7a0e6bf43ae857f1,2026-10-04,public-recipe-v1,GRILLED
RDA-92184,깻잎전,"깻잎 30g(20장), 밀가루 15g(2큰술), 식용유 1큰술, 소금 약간, 물 약간",,가열하여 익히는 음식 > 기름을 이용하여 익히는 음식 > 기름을 이용하여 익히는 음식,농촌진흥청 농식품 올바로 전통향토음식,https://www.nics.go.kr/food/kfi/tfSrch08/view?menuId=PS03520&tfcode=92184,"전남광주통합특별시 농촌진흥원, 향토요리모음, 1979",c34dfd7a5e302d88ab884ee775c573ea4128f5ca309bada3761494f96cfd6f76,2026-10-04,public-recipe-v1,PAN_COOKED
RDA-92190,닭찜(닭산적),닭 1kg(1마리),"<양념장> 간장 3큰술, 다진 파 2큰술, 다진 마늘 1큰술, 설탕 1큰술, 청주 1큰술, 생강즙 1큰술, 깨소금, 후춧가루, 참기름, 실고추 적량",가열하여 익히는 음식 > 기름을 이용하여 익히는 음식 > 기름을 이용하여 익히는 음식,농촌진흥청 농식품 올바로 전통향토음식,https://www.nics.go.kr/food/kfi/tfSrch08/view?menuId=PS03520&tfcode=92190,,014b1c9facc677f84f74757e00153cde890ea4a53fdefbd923f35a79a0646b71,2026-10-04,public-recipe-v1,STEAMED
RDA-92201,굴무침,"굴 200g(1컵), 쪽파 1뿌리, 소금 1큰술, 참기름 1작은술, 통깨 약간","<양념> 고춧가루 1 1/2큰술, 다진 파 1큰술, 다진 마늘 1큰술, 소금 1작은술",무치는 음식 > 생으로 무치는 음식 > 생으로 무치는 음식,농촌진흥청 농식품 올바로 전통향토음식,https://www.nics.go.kr/food/kfi/tfSrch08/view?menuId=PS03520&tfcode=92201,"광양시농업기술센터 광양시생활개선회, 광양향토음식, 2001",a5e29c76135d4f18973af9f7676dfbf8d9f9bf3b77984d553cfa5f276b9bfe86,2026-10-04,public-recipe-v1,UNKNOWN
RDA-92270,증편(기정떡),"멥쌀가루 5kg, 막걸리 1 1/2컵, 설탕 4컵, 소금 약간, 대추 적량, 석이버섯 적량, 물 적량",,가열하여 익히는 음식 > 물을 이용한 음식 > 수증기로 찌는 음식,농촌진흥청 농식품 올바로 전통향토음식,https://www.nics.go.kr/food/kfi/tfSrch08/view?menuId=PS03520&tfcode=92270,"농촌진흥청 농촌영양개선연수원(현 농촌자원개발연구소), 한국의 향토음식, 1994",55bb5435303338578eff001f4f1663f72e6d8d06cdc96536f3fda0a036f920c3,2026-10-04,public-recipe-v1,STEAMED
RDA-92338,보리밥,"쌀 320g(1 3/4컵), 보리 40g(1/4컵), 물 600ml(3컵)",,가열하여 익히는 음식 > 물을 이용한 음식 > 끓이는 음식,농촌진흥청 농식품 올바로 전통향토음식,https://www.nics.go.kr/food/kfi/tfSrch08/view?menuId=PS03520&tfcode=92338,"정순자, 한국조리, 신광출판사, 1990 강인희, 한국의 맛, 대한교과서주식회사, 1993",8e3dd59f3c8708b2572387af605defb7c52556fb7ab854fbfbc8b3b4eff28810,2026-10-04,public-recipe-v1,SIMMERED
RDA-92339,비빔밥 [방법1],"쌀 360g(2컵), 물 470ml(2 1/3컵), 콩나물 80g, 시금치 80g, 당근 50g, 양파 50g, 고사리 80g, 도라지 80g, 돼지고기 60g, 식용유 12g(1큰술), 소금 6g(2/3큰술), 달걀 200g(4개)","<콩나물, 시금치 양념> 소금 2g(1/2작은술), 참기름 3g(1작은술) <돼지고기 양념> 간장 3g(1/2작은술), 다진 마늘 2g(1/3작은술), 참기름 2g(1/2작은술), 후춧가루 약간 <양념 고추장> 고추장 70g(4큰술), 다진 마늘 12g(1큰술), 참기름 6g(1/2큰술), 깨소금 3g(1작은술)",가열하여 익히는 음식 > 물을 이용한 음식 > 끓이는 음식,농촌진흥청 농식품 올바로 전통향토음식,https://www.nics.go.kr/food/kfi/tfSrch08/view?menuId=PS03520&tfcode=92339,"서울 특별시 교육청, 중·고등학생을 위한 학교급식 표준식단, 2002 농촌진흥청, 농촌 식생활 향상을 위한 식생활 평가 시스템 개발연구 보고서, 2000",bcde4232ffbabf5a31d793b589fee695095bc3858fa89af34b2bc2a6060f9ce8,2026-10-04,public-recipe-v1,SIMMERED
RDA-92340,콩나물밥,"쌀 (백미)360g(2컵), 콩나물 200g, 쇠고기 (등심)70g, 물 470ml(2 1/3컵)","<쇠고기 양념> 간장6g(1작은술), 다진 파3g(1작은술), 다진 마늘3g(1/2작은술), 참기름2g(1/2작은술) <양념장> 간장 34g(2큰술), 다진 파 4g(1/2큰술), 다진 마늘 6g(1작은술), 고춧가루 3g(1/2큰술), 참기름 3g(1작은술), 통깨 4g(1/2큰술)",가열하여 익히는 음식 > 물을 이용한 음식 > 끓이는 음식,농촌진흥청 농식품 올바로 전통향토음식,https://www.nics.go.kr/food/kfi/tfSrch08/view?menuId=PS03520&tfcode=92340,"황혜성·한복려·한복진, 한국의 전통음식, 교문사, 1994. 농촌진흥청 농촌생활연구소(현 농촌자원개발연구소), 소비자가 알기 쉬운 식품영양가표, 2002 서울특별시 교육청, 중·고등학생을 위한 학교급식 표준식단, 2002",0bbb9987adf44f690450da1d02085e29ec32bea3c2752438152fd8a37f365597,2026-10-04,public-recipe-v1,SIMMERED
RDA-92341,팥죽,"팥 200g(1/2컵), 쌀 45g(1/4컵), 찹쌀가루 50g(1/2컵), 물 1.4L(7컵), 반죽물 15ml(1큰술), 소금 7g(2작은술)",,가열하여 익히는 음식 > 물을 이용한 음식 > 끓이는 음식,농촌진흥청 농식품 올바로 전통향토음식,https://www.nics.go.kr/food/kfi/tfSrch08/view?menuId=PS03520&tfcode=92341,"강인희, 한국의 맛, 대한교과서주식회사, 1993 황혜성·한복려·한복진, 한국의 전통음식, 교문사, 1994 농촌진흥청, 농촌 식생활 향상을 위한 식생활 평가 시스템 개발연구 보고서, 2000",52b23ddac228e07ee2433343199e4b52f0624495c277e62bf22e26f4ebf4a1d3,2026-10-04,public-recipe-v1,SIMMERED
RDA-92342,호박죽,"늙은호박 800g, 팥 (삶은 것)200g(1컵), 찹쌀가루 50g(1/2컵), 반죽물 100ml(1/2컵), 물 1.1L(5 1/2컵), 소금 4g(1작은술), 설탕 36g(3큰술)",,가열하여 익히는 음식 > 물을 이용한 음식 > 끓이는 음식,농촌진흥청 농식품 올바로 전통향토음식,https://www.nics.go.kr/food/kfi/tfSrch08/view?menuId=PS03520&tfcode=92342,"정순자, 한국조리, 신광출판사, 1990 농촌진흥청, 농촌 식생활 향상을 위한 식생활 평가 시스템 개발연구 보고서, 2000",55b5a87b3c58349baadf8f3810c9bbd594bb55d79a7bde9ed962b9d80fa49f39,2026-10-04,public-recipe-v1,SIMMERED
RDA-92343,비빔국수,"국수(소면) 400g, 애호박 80g(1/4개), 당근 40g(1/4개), 양파 40g(1/4개), 오이 120g(3/4개), 양배추 25g(1장), 달걀 100g(2개), 식용유 6g(1/2큰술), 소금 4g(1작은술)","<비빔국수 양념> 고추장 72g(4큰술), 간장 6g(1작은술), 설탕 24g(2큰술), 깨소금 5g(1큰술), 참기름 8g(2/3큰술), 식초 20g(1 1/2큰술)",가열하여 익히는 음식 > 물을 이용한 음식 > 끓이는 음식,농촌진흥청 농식품 올바로 전통향토음식,https://www.nics.go.kr/food/kfi/tfSrch08/view?menuId=PS03520&tfcode=92343,"농촌진흥청, 농촌 식생활 향상을 위한 식생활 평가 시스템 개발 연구 보고서, 2000 황혜성·한복려·한복진, 한국의 전통음식, 교문사, 1994",034e9f6d5c3cb2cbf3e8a3a19fa6ff56f5e6f25fbf1f6edd033db0418dd95aeb,2026-10-04,public-recipe-v1,SIMMERED
RDA-92344,콩국수,"국수(소면) 400g, 콩(대두) 320g(2컵), 오이 70g(1/2개), 소금 8g(1/2큰술), 깨소금 3g(1작은술), 물 1.6L(8컵)",,가열하여 익히는 음식 > 물을 이용한 음식 > 끓이는 음식,농촌진흥청 농식품 올바로 전통향토음식,https://www.nics.go.kr/food/kfi/tfSrch08/view?menuId=PS03520&tfcode=92344,"문화공보부 문화재관리국, 한국민속종합조사보고서(향코음식 편), 1984 농촌진흥청 농촌생활연구소(현 농촌자원개발연구소), 소비자가 알기 쉬운 식품영양가표, 2002",9febdc40808d309065706d7f9070056cf359498f602d3634df3acff8a18784da,2026-10-04,public-recipe-v1,SIMMERED
RDA-92345,떡국,"가래떡 670g, 달걀 50g(1개), 쇠고기(양지머리) 100g, 물 2L(10컵), 대파 20g(1/2뿌리), 다진마늘 4g(2/3작은술), 국간장 8g(1/2큰술), 소금 8g(1/2큰술), 참기름 2g(1/2작은술)",,가열하여 익히는 음식 > 물을 이용한 음식 > 끓이는 음식,농촌진흥청 농식품 올바로 전통향토음식,https://www.nics.go.kr/food/kfi/tfSrch08/view?menuId=PS03520&tfcode=92345,"농촌진흥청 농촌생활연구소(현 농촌자원개발연구소), 소비자가 알기 쉬운 식품영양가표, 2002 서울 특별시 교육청, 중·고등학생을 위한 학교급식 표준식단, 2002",c105ca0b93b9cf8020f94ae15ee7d1cc65c646c737234b79a54ee06bd2bd1757,2026-10-04,public-recipe-v1,SIMMERED
RDA-92346,갈비탕,"쇠갈비 300g, 무 200g(1/4개), 물 2.4L(12컵), 대파 25g(2/3뿌리), 통마늘 30g(1통), 달걀 50g(1개), 국간장 약간, 소금 약간","<양념> 국간장 5g(1작은술), 소금 2g(1/2작은술), 다진 파 3g(1작은술), 다진 마늘 3g(1/2작은술), 참기름 3g(1작은술), 후춧가루 약간",가열하여 익히는 음식 > 물을 이용한 음식 > 끓이는 음식,농촌진흥청 농식품 올바로 전통향토음식,https://www.nics.go.kr/food/kfi/tfSrch08/view?menuId=PS03520&tfcode=92346,"정순자, 한국조리, 신광출판사, 1990 황혜성·한복려·한복진, 한국의 전통음식, 교문사, 1994 농촌진흥청 농촌생활연구소(현 농촌자원개발연구소), 소비자가 알기 쉬운 식품영양가표, 2002",9508a7afe9ad45a04f5a254762cb82c24674054692f78628267a27bc9051f92f,2026-10-04,public-recipe-v1,SIMMERED
RDA-92347,"삼계탕(계삼탕, 영계백숙)","닭고기 (영계) 600g(2마리), 찹쌀 80g(1/2컵), 인삼(수삼) 20g, 대추 10g(5개), 마늘 20g(5쪽), 물 2.4L(12컵), 다진 파 20g(2큰술), 소금 25g(1 1/2큰술), 후춧가루 약간",,가열하여 익히는 음식 > 물을 이용한 음식 > 끓이는 음식,농촌진흥청 농식품 올바로 전통향토음식,https://www.nics.go.kr/food/kfi/tfSrch08/view?menuId=PS03520&tfcode=92347,"황혜성·한복려·한복진, 한국의 전통음식, 교문사, 1994 농촌진흥청 농촌생활연구소(현 농촌자원개발연구소), 소비자가 알기 쉬운 식품영양가표, 2002",fbb39575a80325ac95f9988fc16b36d32ab76a7b1dbc5ea04fa20fa261d3a113,2026-10-04,public-recipe-v1,SIMMERED
RDA-92349,동태찌개,"동태 360g(2/3마리), 두부 120g(1/4모), 무 120g, 양파 40g(1/4개), 쑥갓 20g, 풋고추 5g(1/3개), 붉은 고추 5g(1/3개), 물 800mL(4컵), 대파 20g(1/2뿌리), 다진 마늘 12g(1큰술), 고추장 20g(1큰술), 된장 24g(1 1/3큰술), 다진 생강 1g(1/3작은술) , 소금 2g(2/3작은술), 고춧가루 4g(2작은술), 국간장 6g(1작은술)",,가열하여 익히는 음식 > 물을 이용한 음식 > 끓이는 음식,농촌진흥청 농식품 올바로 전통향토음식,https://www.nics.go.kr/food/kfi/tfSrch08/view?menuId=PS03520&tfcode=92349,"농촌진흥청, 농촌 식생활 향상을 위한 식생활 평가 시스템 개발연구 보고서, 2000",9af27716d5e8f61e9cb2dd4038db4fca99d89aaab03b0ad33db7e947a094d887,2026-10-04,public-recipe-v1,SIMMERED
RDA-92361,더덕구이,더덕 200g(대 5뿌리),"<유장> 간장 17g(1큰술), 참기름 25g(2큰술) <양념> 고추장 35g(2큰술), 설탕 12g(1큰술), 다진 파 20g(2큰술), 다진 마늘 6g(1/2큰술), 깨소금 6g(1큰술)",가열하여 익히는 음식 > 굽는 음식 > 굽는 음식,농촌진흥청 농식품 올바로 전통향토음식,https://www.nics.go.kr/food/kfi/tfSrch08/view?menuId=PS03520&tfcode=92361,"황혜성·한복려·한복진, 한국의 전통음식, 교문사, 1994 한국문화재보호재단, 한국음식대관 제2권, 한림출판사, 1999 농촌진흥청, 농촌 식생활 향상을 위한 식생활 평가 시스템 개발연구 보고서, 2000",f56ece2bb55fe2b4cfe1ab7b1967df3bd5cced5f8cd5c3743e09d76c5ec0a094,2026-10-04,public-recipe-v1,GRILLED
RDA-92363,조기구이,"조기 200g(소2마리), 식용유 6g(2/3큰술), 소금 3g(1작은술)",,가열하여 익히는 음식 > 굽는 음식 > 굽는 음식,농촌진흥청 농식품 올바로 전통향토음식,https://www.nics.go.kr/food/kfi/tfSrch08/view?menuId=PS03520&tfcode=92363,"황혜성·한복려·한복진, 한국의 전통음식, 교문사, 1994 농촌진흥청, 농촌 식생활 향상을 위한 식생활 평가 시스템 개발연구 보고서, 2000 농촌진흥청 농촌생활연구소(현 농촌자원개발연구소), 소비자가 알기 쉬운 식품영양가표, 2002",0bf295bf446412e3df9e7355c26ffa3524afd0df7e523d4204386bf0039eb858,2026-10-04,public-recipe-v1,GRILLED
RDA-92364,고등어조림,"고등어 200g(1/2마리), 무 100g, 풋고추 10g(2/3개), 붉은 고추 10g(2/3개), 양파 20g, 대파 10g(1/4뿌리), 물 100ml(1/2컵)","<양념장> 간장 17g(1큰술), 고추장 18g(1큰술), 고춧가루 3g(1/2큰술), 다진 마늘 12g(1큰술), 다진 생강 2g(1/2작은술), 설탕 2g(1/2작은술), 후춧가루 약간",가열하여 익히는 음식 > 물을 이용한 음식 > 약간의 수분을 양념과함께 넣고 익혀 양념이 식품에 스며들게 하는 음식,농촌진흥청 농식품 올바로 전통향토음식,https://www.nics.go.kr/food/kfi/tfSrch08/view?menuId=PS03520&tfcode=92364,"농촌진흥청, 농촌 식생활 향상을 위한 식생활 평가 시스템 개발연구 보고서, 2000",1d8316824b512356bdd6f90f779356788a1326459c0a61f01f089e6898732337,2026-10-04,public-recipe-v1,SIMMERED
RDA-92365,두부조림,"두부 240g(1/2모), 물 45mL(3큰술), 식용유 12g(1큰술)","<양념장> 간장 7g(1 1/4작은술), 물엿 10g(1/2큰술), 고춧가루 6g(1큰술), 다진 마늘 6g(1작은술), 다진 파 9g(1큰술), 참기름 2g(1/2작은술), 깨소금 1g(1 1/3작은술)",가열하여 익히는 음식 > 물을 이용한 음식 > 약간의 수분을 양념과함께 넣고 익혀 양념이 식품에 스며들게 하는 음식,농촌진흥청 농식품 올바로 전통향토음식,https://www.nics.go.kr/food/kfi/tfSrch08/view?menuId=PS03520&tfcode=92365,"농촌진흥청, 농촌식생활 향상을 위한 식생활 평가 시스템 개발 연구 보고서, 2000",93904e1c1a0edd3871c00e53ac29d47c78a9b91cb2390e737e570c209e205780,2026-10-04,public-recipe-v1,SIMMERED
RDA-92367,닭볶음,"닭고기 240g, 감자 100g(2/3개), 당근 20g, 양파 50g(작은것 1/2개), 풋고추 10g(2/3개), 붉은 고추 10g(2/3개), 물 200mL(1컵)","<양념장> 간장 24g(1 1/3큰술), 고추장 10g(1/2큰술), 고춧가루 5g(1큰술), 다진 파 9g(1큰술), 다진 마늘 5g(1작은술), 다진 생강 3g(1작은술), 설탕 5g(1 1/3작은술), 후춧가루 약간",가열하여 익히는 음식 > 기름을 이용하여 익히는 음식 > 기름을 이용하여 익히는 음식,농촌진흥청 농식품 올바로 전통향토음식,https://www.nics.go.kr/food/kfi/tfSrch08/view?menuId=PS03520&tfcode=92367,"정순자, 한국조리, 신광출판사, 1990 재치영양사, www.yori.co.kr/2006",d522149022e7a424fcc714e66b90cb41eed2a154ca367ddabd341ad02951e965,2026-10-04,public-recipe-v1,SIMMERED
RDA-92368,미역줄기볶음,"미역줄기 160g, 양파 40g(1/4개), 식용유 12g(1큰술), 깨소금 2g(2/3작은술)","<양념> 다진 파 6g(2작은술), 다진 마늘 6g(1작은술), 참기름 2g(1/2 작은술)",가열하여 익히는 음식 > 기름을 이용하여 익히는 음식 > 기름을 이용하여 익히는 음식,농촌진흥청 농식품 올바로 전통향토음식,https://www.nics.go.kr/food/kfi/tfSrch08/view?menuId=PS03520&tfcode=92368,,f961a21cd4306f8821917517e2ef52b39237aadc8ad154342fed59446a18a8f7,2026-10-04,public-recipe-v1,PAN_COOKED
RDA-92369,감자전,"감자 300g(2개), 풋고추 15g(1개), 붉은 고추 15g(1개), 소금 3g(1작은술), 식용유 24g(2큰술)",,가열하여 익히는 음식 > 기름을 이용하여 익히는 음식 > 기름을 이용하여 익히는 음식,농촌진흥청 농식품 올바로 전통향토음식,https://www.nics.go.kr/food/kfi/tfSrch08/view?menuId=PS03520&tfcode=92369,"남양주시 농업기술센터 남양주시 향토음식연구회, 보양음식, 2000 재치영양사, www.yori.co.kr/2006",ac683b36c09073deffc377834a328828189b8946c516051620289d5b358bbf0f,2026-10-04,public-recipe-v1,PAN_COOKED
RDA-92370,굴전,"굴 100g(1/2컵), 밀가루 30g(4큰술), 달걀 50g(1개), 물 약간, 식용유 12g(1큰술), 소금 1g(1/4작은술), 맛술 15g(1큰술), 참기름 1g(1/4작은술), 후춧가루 약간","<초간장> 간장 34g(2큰술), 식초 14g(1큰술), 물 15mL(1큰술), 잣가루 1.5g(1작은술)",가열하여 익히는 음식 > 기름을 이용하여 익히는 음식 > 기름을 이용하여 익히는 음식,농촌진흥청 농식품 올바로 전통향토음식,https://www.nics.go.kr/food/kfi/tfSrch08/view?menuId=PS03520&tfcode=92370,"황혜성·한복려·한복진, 한국의 전통음식, 교문사, 1994",53226c8b717bd8505452cf8c1bb1b311dda611a8d2a3518b4e288c24fbc943ee,2026-10-04,public-recipe-v1,PAN_COOKED
RDA-92373,돼지갈비찜,"돼지고기(갈비) 240g, 양파 30g(1/4개), 당근 30g(1/4개), 붉은 고추 15g(1개), 물 200mL(1컵)","<양념> 배 30g, 간장 35g(2큰술), 다진 파 10g(1큰술), 다진 마늘 6g(1작은술), 다진 생강 2g(1/2작은술), 설탕 4g(1작은술), 청주 3g(1작은술), 후춧가루 약간",가열하여 익히는 음식 > 물을 이용한 음식 > 수증기로 찌는 음식,농촌진흥청 농식품 올바로 전통향토음식,https://www.nics.go.kr/food/kfi/tfSrch08/view?menuId=PS03520&tfcode=92373,"농촌진흥청 농촌생활연구소(현 농촌자원개발연구소), 소비자가 알기 쉬운 식품영양가표, 2002 서울특별시 교육청, 중·고등학생을 위한 학교급식 표준식단, 2002",18ba7534d9f4a39c05471b9a8cf15c60e19a5f49a06d71b324dfd32411415386,2026-10-04,public-recipe-v1,STEAMED
RDA-92384,증편,"멥쌀 900g(5컵), 소금 7g(2작은술), 대추 10g(5개), 석이버섯 5g(5개)","<막걸리물> 막걸리 400mL(2컵), 설탕 75g(1/2컵), 물 600mL(3컵)",가열하여 익히는 음식 > 물을 이용한 음식 > 수증기로 찌는 음식,농촌진흥청 농식품 올바로 전통향토음식,https://www.nics.go.kr/food/kfi/tfSrch08/view?menuId=PS03520&tfcode=92384,"황혜성·한복려·한복진, 한국의 전통음식, 교문사, 1994",783e88c3722c2cc47f233695dd795a22473a19c853655b44796db34265b72090,2026-10-04,public-recipe-v1,STEAMED
RDA-92388,미숫가루,찹쌀 1.7kg(10컵),,가열하여 익히는 음식 > 물을 이용한 음식 > 수증기로 찌는 음식,농촌진흥청 농식품 올바로 전통향토음식,https://www.nics.go.kr/food/kfi/tfSrch08/view?menuId=PS03520&tfcode=92388,"강인희, 한국의 맛, 대한교과서주식회사, 1993",19aeff87756e194560ebfe0e78c2c97c46b81861d679fe1c135a8c6ae68e21e4,2026-10-04,public-recipe-v1,STEAMED
RDA-92425,백합죽,"백합 150g(3마리), 쌀 360g(2컵), 물 2L(10컵), 참기름 4큰술, 소금 약간",,가열하여 익히는 음식 > 물을 이용한 음식 > 끓이는 음식,농촌진흥청 농식품 올바로 전통향토음식,https://www.nics.go.kr/food/kfi/tfSrch08/view?menuId=PS03520&tfcode=92425,"전라북도특별자치도 농촌진흥원, 전북의 맛, 1988",205cb27d8da096309e0614f604cf307372759350bf46df197f34380b71f342dd,2026-10-04,public-recipe-v1,SIMMERED
RDA-92426,팥죽,"팥 420g(2컵), 찹쌀가루 100g(1컵), 물 1.6L(8컵), 소금 1/3작은술, 설탕 약간",,가열하여 익히는 음식 > 물을 이용한 음식 > 끓이는 음식,농촌진흥청 농식품 올바로 전통향토음식,https://www.nics.go.kr/food/kfi/tfSrch08/view?menuId=PS03520&tfcode=92426,,158a82909afe5feebfb2bb843500c8012cdc4fd0d497124bb87de5d7b2eb9e88,2026-10-04,public-recipe-v1,SIMMERED
RDA-92437,전복죽,"전복 250g(3개), 쌀 450g(2 1/2컵), 물 3L(15컵), 참기름 1큰술, 소금 4작은술",,가열하여 익히는 음식 > 물을 이용한 음식 > 끓이는 음식,농촌진흥청 농식품 올바로 전통향토음식,https://www.nics.go.kr/food/kfi/tfSrch08/view?menuId=PS03520&tfcode=92437,"문화공보부 문화재관리국, 한국민속종합조사보고서(향토음식 편), 1984 제주특별자치도 농촌진흥원, 오랫동안 전하여온 맛과 멋-제주 전통음식, 1995 김지순, 제주특별자치도 음식, 대원사 1999 제주음식연구회, 제주의 먹거리 모음, 2001 제주특별자치도농업기술센터, 제주전통음식, 2003 농촌진흥청, 향토음식, www2.rda.go.kr/food/, 2006 한국관광공사, 한국전통음식, www.visitkorea.or.kr, 2006",aaf6a33afb1feae9562e23d947262b06e7ac1c659a8ff752e2a53c93f1e695d9,2026-10-04,public-recipe-v1,SIMMERED
RDA-92450,호박죽,"늙은 호박 800g(1/4개), 밀가루 30g(1/4컵), 찹쌀 80g(1/2컵), 물 600mL(3컵), 설탕 1큰술, 소금 약간",,가열하여 익히는 음식 > 물을 이용한 음식 > 끓이는 음식,농촌진흥청 농식품 올바로 전통향토음식,https://www.nics.go.kr/food/kfi/tfSrch08/view?menuId=PS03520&tfcode=92450,,14fd8e794da22f82659d2c5423f7227daa9dd9cf4bac0ff1d1d3c0462454fbcc,2026-10-04,public-recipe-v1,SIMMERED
RDA-92458,어죽<방법1>,"민물고기 1kg, 쌀 120g(2/3컵), 각종 산채 적량, 물 2.4L(12컵), 소금 , 고추장 , 다진 마늘 , 밀가루 약간",,가열하여 익히는 음식 > 물을 이용한 음식 > 끓이는 음식,농촌진흥청 농식품 올바로 전통향토음식,https://www.nics.go.kr/food/kfi/tfSrch08/view?menuId=PS03520&tfcode=92458,"농촌진흥청, 향토음식, www2.rda.go.kr/food/,2006",6b29dc2e60c9657a672d18923a0f5127ec2c939529e5f305f5f07d32404b828b,2026-10-04,public-recipe-v1,SIMMERED
RDA-92473,가지전,"가지 120g(1개), 달걀 50g(1개), 밀가루 25g(3큰술), 소금 적량, 식용유 적량",,가열하여 익히는 음식 > 기름을 이용하여 익히는 음식 > 기름을 이용하여 익히는 음식,농촌진흥청 농식품 올바로 전통향토음식,https://www.nics.go.kr/food/kfi/tfSrch08/view?menuId=PS03520&tfcode=92473,"전희정·이효지·한영실, 한국전통음식, 문화관광부,2000",109412c1a716e04e1408f57cc13ab0ec9d1f3395bb54178014aa189bb132545e,2026-10-04,public-recipe-v1,PAN_COOKED
RDA-92477,북어찜,"북어 70g(1/2마리), 참기름 약간","<양념> 간장 2큰술, 설탕 2큰술, 다진 파 2큰술, 다진 마늘 1큰술, 다진 생강 1/2작은술, 고춧가루 2큰술, 배즙 1컵, 후춧가루 1작은술",가열하여 익히는 음식 > 물을 이용한 음식 > 끓이는 음식,농촌진흥청 농식품 올바로 전통향토음식,https://www.nics.go.kr/food/kfi/tfSrch08/view?menuId=PS03520&tfcode=92477,,424be76c845b3023872d733c411f7fc73cab82d84106a8d04d4011808c2dabdd,2026-10-04,public-recipe-v1,SIMMERED
RDA-92520,더덕구이,"더덕 100g(소 4뿌리), 식용유 약간","<유장> 간장 1작은술, 참기름 1큰술 <양념> 고추장 1큰술, 다진 파 1큰술, 다진 마늘 1/2큰술, 설탕 1/2큰술, 참기름 1큰술, 깨소금 1/2작은술, 간장 1/4작은술",가열하여 익히는 음식 > 굽는 음식 > 굽는 음식,농촌진흥청 농식품 올바로 전통향토음식,https://www.nics.go.kr/food/kfi/tfSrch08/view?menuId=PS03520&tfcode=92520,"농촌진흥청 농촌영양개선연수원(현 농촌자원개발연구소), 한국의 향토음식, 1994 농촌진흥청 농촌생활연구소(현 농촌자원개발연구소), 전통지식 모음식(생활문화 편), 1997 광양시농업기술센터 광양시생활개선회, 광양 향토음식, 2001 광주향토음식문화연구회, 향토음식 문화상품개발 상차림 선물음식,2001 완도군농업기술센터, 세계로! 미래로! 청해진 음식기행 100선, 2001",17c460de86c428025192e454ebf7a01c21f0a34c0762dae74ffe7008d2281f80,2026-10-04,public-recipe-v1,GRILLED
RDA-92523,마늘종볶음,"마늘종 200g, 양파 160g(1개), 간장 2큰술, 식용유 1큰술, 설탕 1/2큰술, 통깨 1작은술, 소금 약간, 참기름 약간",,가열하여 익히는 음식 > 기름을 이용하여 익히는 음식 > 기름을 이용하여 익히는 음식,농촌진흥청 농식품 올바로 전통향토음식,https://www.nics.go.kr/food/kfi/tfSrch08/view?menuId=PS03520&tfcode=92523,"전남광주통합특별시 농촌진흥원, 향토요리모음, 1979 완도군농업기술센터, 세계로! 미래로! 청해진 음식기행 100선, 2001",88dda87c4a3e2ef08dbdbb82701cdddb763fbc6fdbd5651806a72f0dc2ca058d,2026-10-04,public-recipe-v1,PAN_COOKED
RDA-92524,보리밥,"보리쌀 290g(2컵), 물 480mL(2 1/3컵)",,가열하여 익히는 음식 > 물을 이용한 음식 > 끓이는 음식,농촌진흥청 농식품 올바로 전통향토음식,https://www.nics.go.kr/food/kfi/tfSrch08/view?menuId=PS03520&tfcode=92524,"제주특별자치도 농업기술원, 제주 전통음식, 2007",5850902dae1bd31e9a50a56bd0c3249e5e75f72ab01f2f670408ca09d6f039e8,2026-10-04,public-recipe-v1,SIMMERED
RDA-92544,차조밥,"쌀 320g(1 3/4컵), 차조 40g(1/4컵), 물 470ml(2 1/3컵)",,가열하여 익히는 음식 > 물을 이용한 음식 > 끓이는 음식,농촌진흥청 농식품 올바로 전통향토음식,https://www.nics.go.kr/food/kfi/tfSrch08/view?menuId=PS03520&tfcode=92544,"정순자, 한국조리, 신광출판사, 1990",ac9cad9b506a9a65c02f3676b85682ff678f337fb207069924074cf214fb5e78,2026-10-04,public-recipe-v1,SIMMERED
RDA-92556,비빔밥 [방법2],"쌀 360g(2컵), 물 470ml(2 1/3컵), 쇠고기 100g, 콩나물 100g, 당근 50g(1/3개), 시금치 80g, 건표고버섯 15g(5개), 고비 80g, 배 100g(1/4개), 달걀 50g(1개), 김 3g(1/2장), 소금 4g(1작은술), 식용유 1큰술","<쇠고기 양념> 간장 12g(2작은술), 다진 파 5g(1/2큰술), 다진 마늘 6g(1작은술), 참기름 4g(1작은술), 깨소금 3g(1작은술), 설탕 2g(1/2작은술), 후춧가루 약간 <콩나물, 시금치, 표고버섯, 고비 양념> 간장 22g(4큰술), 다진 파 12g(4작은술), 다진 마늘 24g(4작은술), 참기름 14g(3 1/3작은술), 깨소금 11g(3 1/2작은술) <당근 양념> 소금 1g(1/3작은술), 다진 파 3g(1작은술), 다진 마늘 6g(1작은술), 참기름 4g(1작은술), 깨소금 2g(2/3작은술) <도라지 양념> 간장 3g(1/2작은술), 다진 파 3g(1작은술), 다진 마늘 6g(1작은술), 참기름 3g(2/3작은술), 깨소금 3g(1작은술)",,농촌진흥청 농식품 올바로 전통향토음식,https://www.nics.go.kr/food/kfi/tfSrch08/view?menuId=PS03520&tfcode=92556,"정순자, 한국조리, 신광출판사, 1990",65a2af7b1ae9a8fccae987ea25a40907e8b75381c18f2a267679d8e0d55ef3dc,2026-10-04,public-recipe-v1,GRILLED
RDA-92579,매작과,"밀가루 220g(2컵), 소금 4g(1작은술), 생강즙 20g(2큰술), 잣가루 8g(1 1/2큰술), 식용유 420g(3컵), 물 90mL(6큰술)","<즙청액> 설탕 150g(1컵), 물200ml(1컵), 꿀 40g(2큰술), 계핏가루 1g(1/2작은술)",가열하여 익히는 음식 > 기름을 이용하여 익히는 음식 > 기름을 이용하여 익히는 음식,농촌진흥청 농식품 올바로 전통향토음식,https://www.nics.go.kr/food/kfi/tfSrch08/view?menuId=PS03520&tfcode=92579,"정순자, 한국조리, 신광출판사, 1990 강인희, 한국의 맛, 대한교과서주식회사, 1993 황혜성·한복려·한복진, 한국의 전통음식, 교문사, 1994",10c70ca89ad54560683931afd817d60e169c6382adf36a8368a0d42957a5c0c0,2026-10-04,public-recipe-v1,DEEP_FRIED
RDA-92597,깻잎전,"깻잎 30g(20장), 쇠고기 (우둔) 100g, 양파 100g(2/3개), 달걀 100g(2개), 밀가루 15g(2큰술), 식용유 12g(1큰술)","<양념장> 간장 17g(1큰술), 설탕 2g(1/2작은술), 다진 파 6g(2작은술), 참기름 4g(1작은술), 깨소금 3g(1작은술), 후춧가루 약간 <초간장> 간장 34g(2큰술), 식초 14g(1큰술), 물 15mL(1큰술), 잣가루 2g(1작은술)",가열하여 익히는 음식 > 기름을 이용하여 익히는 음식 > 기름을 이용하여 익히는 음식,농촌진흥청 농식품 올바로 전통향토음식,https://www.nics.go.kr/food/kfi/tfSrch08/view?menuId=PS03520&tfcode=92597,"정순자, 한국조리, 신광출판사, 1990 황혜성·한복려·한복진, 한국의 전통음식, 교문사, 1994",dcf48e1b540f6c5ee493cd6ee55191362a73c524107b5c9403fd56c8d637422b,2026-10-04,public-recipe-v1,PAN_COOKED
RDA-92606,꼬막찜,"꼬막 250g, 소금 (해감용)약간","<양념> 붉은 고추 8g(1/2개), 풋고추 8g(1/2개), 다진 마늘 5g(1/2큰술), 다진 파 9g(1큰술), 깨소금 2g(1/2작은술), 고춧가루 2g(1작은술), 간장 17g(1큰술) 후춧가루 약간",가열하여 익히는 음식 > 물을 이용한 음식 > 수증기로 찌는 음식,농촌진흥청 농식품 올바로 전통향토음식,https://www.nics.go.kr/food/kfi/tfSrch08/view?menuId=PS03520&tfcode=92606,"왕준연, 한국요리백과2, 범한출판사, 1985",8013edd80457f0f0421dcbb4bb48e9de344ca137b6ef47e8ba1b084bad308418,2026-10-04,public-recipe-v1,STEAMED
RDA-92627,낙지전골,"낙지 240g(1/2마리), 쇠고기(양지머리) 160g, 느타리버섯 40g(2개), 미나리 40g, 붉은 고추 10g(2/3개), 장국국물(또는 육수) 400mL(2컵), 국간장 17g(1큰술), 소금 약간","<낙지 양념> 고춧가루 2g(1작은술), 다진 마늘 8g(2/3큰술) <쇠고기 양념> 간장 12g(2작은술), 다진 파 8g(1큰술), 다진 마늘 8g(2/3큰술), 설탕 4g(1작은술), 참기름 2g(1/2작은술)",가열하여 익히는 음식 > 물을 이용한 음식 > 끓이는 음식,농촌진흥청 농식품 올바로 전통향토음식,https://www.nics.go.kr/food/kfi/tfSrch08/view?menuId=PS03520&tfcode=92627,"서울특별시 교육청, 중·고등학생을 위한 학교급식 표준식단, 2002",192ecbe79c0c4acb27fa3714d0d1788f6c16473299e92c7d2c68211948009c33,2026-10-04,public-recipe-v1,SIMMERED
RDA-92629,두부전골,"두부 200g(1/2모), 쇠고기(양지머리) 100g, 무 50g, 당근 50g , 숙주 100g , 실파 30g , 미나리 50g, 양파 50g(1/3개), 건표고버섯 12g(4개), 달걀 50g(1개), 잣 3g(1작은술), 녹두 전분 10g(1큰술), 물 400mL(2컵), 식용유 6g(1/2큰술), 국간장 17g(1큰술) , 소금 약간","<쇠고기 양념> 간장 17g(1큰술), 다진 파 5g(1/2큰술), 다진 마늘 6g(1작은술), 설탕 6g(1/2큰술), 참기름 4g(1작은술), 깨소금 3g(1작은술), 후춧가루 약간 <숙주 양념> 소금 2g(1/2작은술), 참기름 2g(1/2작은술), 후춧가루 약간",가열하여 익히는 음식 > 물을 이용한 음식 > 끓이는 음식,농촌진흥청 농식품 올바로 전통향토음식,https://www.nics.go.kr/food/kfi/tfSrch08/view?menuId=PS03520&tfcode=92629,"정순자, 한국조리, 신광출판사, 1990 강인희, 한국의 맛, 대한교과서주식회사, 1993 황혜성·한복려·한복진, 한국의 전통음식, 교문사, 1994",41e24aec1996630b02849ffcda68b95a56d2ccdabeea769a2ca2103ce848fb0f,2026-10-04,public-recipe-v1,SIMMERED
RDA-92676,뱅어포구이,뱅어포 60g(3장),"<양념장> 고추장 27g(1 1/2큰술), 간장 9g(1/2큰술), 설탕 12g(1큰술), 다진 파 5g(1/2큰술), 다진 마늘6g(1작은술), 참기름 7g(2작은술), 깨소금 6g(1큰술)",가열하여 익히는 음식 > 굽는 음식 > 굽는 음식,농촌진흥청 농식품 올바로 전통향토음식,https://www.nics.go.kr/food/kfi/tfSrch08/view?menuId=PS03520&tfcode=92676,"정순자, 한국조리, 신광출판사, 1990 황혜성·한복려·한복진, 한국의 전통음식, 교문사, 1994",b94e29827cb3d942d7eed1a8b01c6a3ebe2fc5902f78fa3b9c510a5c8df9af68,2026-10-04,public-recipe-v1,GRILLED
