stableTemplateId,menuName,foodItemId,sourceFoodCode,brand,researchStatus,reason,ingredients,foodGroups,ingredientStatus,allergenStatus,mainIngredientText,additionalIngredientText,evidenceRecipeId,alternativeReferenceIds,identityMatchReason,sourceUrl,sourceReference,sourceSha256,checkedAt,parserVersion,scannedSources
kfind-breakfast-cook-1,깨죽,kfind-d304-180000000-0001,D304-180000000-0001,,SOURCED_PARTIAL_COMPOSITION,ELIGIBLE,쌀|설탕 약간|참깨|물|소금 적량,GRAIN_UNSPECIFIED|NUT_SEED,REFERENCE_PARTIAL,UNKNOWN_REFERENCE_ONLY,"쌀 160g(1컵), 설탕(또는 꿀) 약간, 참깨 (또는 검은깨, 흑임자) 60g(2/3컵), 물 1.2L(6컵), 소금 적량",,RDA-90730,,SOURCE_TITLE_EXACT_OR_EXPLICIT_SYNONYM,https://www.nics.go.kr/food/kfi/tfSrch08/view?menuId=PS03520&tfcode=90730,"황혜성, 한국의 요리1, 대학당, 1993 강인희, 한국의 맛, 대한교과서주식회사, 1993 황혜성·한복려·한복진, 한국의 전통음식, 교문사, 1994",d3e90d48e638e03334a7ba2dd283e101dffb3e7dd90c96276d6ed5b9547b3024,2026-10-04,recommendation-composition-catalog-v3,RDA_3248_FULL_CATALOGUE|MFDS_PUBLIC_RECIPES_1_350|KTO_970_FULL_CATALOGUE|EXISTING_KFIND_FIELDS|RDA_PUBLIC_DIET_268_FULL_CATALOGUE|EXACT_OFFICIAL_BRAND_EVIDENCE|CATALOG_RECOMMENDATION_REVIEWED_OFFICIAL_SOURCES
kfind-breakfast-cook-2,카레라이스,kfind-d101-044000000-0001,D101-044000000-0001,,SOURCED_PARTIAL_COMPOSITION,ELIGIBLE,백미|카레가루|감자|당근|양파|고기,REFINED_GRAIN|ROOT_STARCH|VEGETABLE|MEAT_UNSPECIFIED,REFERENCE_PARTIAL,UNKNOWN_REFERENCE_ONLY,,,KTO-231502,,REVIEWED_SOURCE_DEFINITION_OR_EXISTING_EVIDENCE,https://english.visitkorea.or.kr/svc/sp/food/ext/special_view.do?menuSn=913&vcontsId=231502,한국관광공사 공식 음식 소개,bdfd5ed4c8def1c1b48f00e10905174ddee534d724fef2180f162e2c47b659ed,2026-10-04,recommendation-composition-catalog-v3,RDA_3248_FULL_CATALOGUE|MFDS_PUBLIC_RECIPES_1_350|KTO_970_FULL_CATALOGUE|EXISTING_KFIND_FIELDS|RDA_PUBLIC_DIET_268_FULL_CATALOGUE|EXACT_OFFICIAL_BRAND_EVIDENCE|CATALOG_RECOMMENDATION_REVIEWED_OFFICIAL_SOURCES
kfind-breakfast-cook-3,곤드레나물밥,kfind-d301-002000000-0001,D301-002000000-0001,,SOURCED_PARTIAL_COMPOSITION,ELIGIBLE,쌀|곤드레,GRAIN_UNSPECIFIED|VEGETABLE,REFERENCE_PARTIAL,UNKNOWN_REFERENCE_ONLY,,,,RDA-91764|RDA-DIET-89332-3,REVIEWED_SOURCE_DEFINITION_OR_EXISTING_EVIDENCE,https://www.kasid.org/common/fileDownload/only/boardFile/eyJpdiI6InhkU1ZiQlBkM28zYVpIakZUMUFaVEE9PSIsInZhbHVlIjoiekpTeWZWekxsYVhrMG5mYkM0dzhEdz09IiwibWFjIjoiODYzNGNhYTU1MGZlYzJiNWM0OTFmYjMwZjM4NWVmOGRkZTIxNTdjYmVjZTFkYjU3YjRhN2M4MzU1ZjZhOWRkMSIsInRhZyI6IiJ9,대한장연구학회 공개 식단 조리자료,,2026-10-04,recommendation-composition-catalog-v3,RDA_3248_FULL_CATALOGUE|MFDS_PUBLIC_RECIPES_1_350|KTO_970_FULL_CATALOGUE|EXISTING_KFIND_FIELDS|RDA_PUBLIC_DIET_268_FULL_CATALOGUE|EXACT_OFFICIAL_BRAND_EVIDENCE|CATALOG_RECOMMENDATION_REVIEWED_OFFICIAL_SOURCES
kfind-breakfast-dining_out-1,냉면 · 비빔냉면,kfind-d103-144280000-0001,D103-144280000-0001,,SOURCED_PARTIAL_COMPOSITION,ELIGIBLE,냉면|무|오이|배|쇠고기|달걀,EGG|FRUIT|RED_MEAT|VEGETABLE,REFERENCE_PARTIAL,UNKNOWN_REFERENCE_ONLY,"냉면 400g, 무 160g, 오이 120g(3/4개), 배 80g, 쇠고기(사태) 100g, 달걀 100g(2개)","<무 양념> 고춧가루 2g(1작은술), 설탕 4g(1작은술), 다진 마늘 2g(1/3작은술), 다진 생강 1g(1/3작은술), 식초 6g(1/2큰술), 소금 2g(1/2작은술) <비빔 양념> 고춧가루 15g(3큰술), 설탕 8g(2/3큰술), 통깨 3g(1작은술), 다진 마늘 4g(2/3작은술), 다진 생강 1g(1/3작은술), 다진 파 9g(1큰술), 참기름 4g(1큰술), 간장 12g(2/3큰술), 식초 14g(1큰술)",RDA-90738,,K-FIND 냉면_비빔냉면의 category·leaf 표시를 같은 비빔냉면 원문에 연결,https://www.nics.go.kr/food/kfi/tfSrch08/view?menuId=PS03520&tfcode=90738,"재치영양사, www.yori.co.kr/, 2006",9dc4c7adb2cf2f9bb1b7a6ff857a8f8fad65bb040e324c86cec916086a9390c7,2026-10-04,recommendation-composition-catalog-v3,RDA_3248_FULL_CATALOGUE|MFDS_PUBLIC_RECIPES_1_350|KTO_970_FULL_CATALOGUE|EXISTING_KFIND_FIELDS|RDA_PUBLIC_DIET_268_FULL_CATALOGUE|EXACT_OFFICIAL_BRAND_EVIDENCE|CATALOG_RECOMMENDATION_REVIEWED_OFFICIAL_SOURCES
kfind-breakfast-dining_out-2,샌드위치 · 참치,kfind-d102-096280000-0001,D102-096280000-0001,,UNRESOLVED_AFTER_CATALOGUE_SCAN,NO_EXACT_PUBLIC_OR_OFFICIAL_INGREDIENT_EVIDENCE,,,UNKNOWN,UNKNOWN_REFERENCE_ONLY,,,,,NO_ACCEPTED_IDENTITY_JOIN,,,,2026-10-04,recommendation-composition-catalog-v3,RDA_3248_FULL_CATALOGUE|MFDS_PUBLIC_RECIPES_1_350|KTO_970_FULL_CATALOGUE|EXISTING_KFIND_FIELDS|RDA_PUBLIC_DIET_268_FULL_CATALOGUE|EXACT_OFFICIAL_BRAND_EVIDENCE|CATALOG_RECOMMENDATION_REVIEWED_OFFICIAL_SOURCES
kfind-breakfast-dining_out-3,김밥 · 풋고추,kfind-d101-007520000-0001,D101-007520000-0001,,UNRESOLVED_AFTER_CATALOGUE_SCAN,NO_EXACT_PUBLIC_OR_OFFICIAL_INGREDIENT_EVIDENCE,,,UNKNOWN,UNKNOWN_REFERENCE_ONLY,,,,,NO_ACCEPTED_IDENTITY_JOIN,,,,2026-10-04,recommendation-composition-catalog-v3,RDA_3248_FULL_CATALOGUE|MFDS_PUBLIC_RECIPES_1_350|KTO_970_FULL_CATALOGUE|EXISTING_KFIND_FIELDS|RDA_PUBLIC_DIET_268_FULL_CATALOGUE|EXACT_OFFICIAL_BRAND_EVIDENCE|CATALOG_RECOMMENDATION_REVIEWED_OFFICIAL_SOURCES
kfind-breakfast-convenience-1,샌드위치 · 닭가슴살 프레시 샌드위치,kfind-d202-096060000-0001,D202-096060000-0001,할리스,SOURCED_PARTIAL_COMPOSITION,ELIGIBLE,닭가슴살|토마토|피클,POULTRY|VEGETABLE,PARTIAL_DESCRIPTION,UNKNOWN_REFERENCE_ONLY,,,OFFICIAL-FOOD-D202-096060000-0001,,REVIEWED_SOURCE_DEFINITION_OR_EXISTING_EVIDENCE,https://m.hollys.co.kr/menu/menuView.do?idx=1016&menuDiv=BAKERY,할리스 공식 메뉴 원문,9c26e166357fc2583c8e49887c28a661bced2bd4d4c375b99b8b0b85ad28a2bd,2026-10-04,recommendation-composition-catalog-v3,RDA_3248_FULL_CATALOGUE|MFDS_PUBLIC_RECIPES_1_350|KTO_970_FULL_CATALOGUE|EXISTING_KFIND_FIELDS|RDA_PUBLIC_DIET_268_FULL_CATALOGUE|EXACT_OFFICIAL_BRAND_EVIDENCE|CATALOG_RECOMMENDATION_REVIEWED_OFFICIAL_SOURCES
kfind-breakfast-convenience-2,토스트 · 햄 치즈 프렌치 토스트,kfind-d202-115000000-0021,D202-115000000-0021,커피빈,SOURCED_PARTIAL_COMPOSITION,VERIFIED_PROCESSED_MEAT,브리오슈 프렌치 토스트|에그샐러드|치즈|햄,DAIRY|EGG|PROCESSED_MEAT,PARTIAL_DESCRIPTION,UNKNOWN_REFERENCE_ONLY,,,OFFICIAL-FOOD-D202-115000000-0021,,REVIEWED_SOURCE_DEFINITION_OR_EXISTING_EVIDENCE,https://www.coffeebeankorea.com/menu/list.asp?category=6&category2=1&page=2,커피빈 공식 메뉴 원문,eb399e1430d5484b58776dad63a8006c099a35c8a3f351c6836cbb638c4afcea,2026-10-04,recommendation-composition-catalog-v3,RDA_3248_FULL_CATALOGUE|MFDS_PUBLIC_RECIPES_1_350|KTO_970_FULL_CATALOGUE|EXISTING_KFIND_FIELDS|RDA_PUBLIC_DIET_268_FULL_CATALOGUE|EXACT_OFFICIAL_BRAND_EVIDENCE|CATALOG_RECOMMENDATION_REVIEWED_OFFICIAL_SOURCES
kfind-breakfast-convenience-3,또띠아 · 싱그러운치킨텐더그린랩,kfind-d202-083000000-0022,D202-083000000-0022,뚜레쥬르,UNRESOLVED_AFTER_CATALOGUE_SCAN,OFFICIAL_PRODUCT_COMPOSITION_UNRESOLVED,,,UNKNOWN,UNKNOWN_REFERENCE_ONLY,,,,,NO_ACCEPTED_IDENTITY_JOIN,,,,2026-10-04,recommendation-composition-catalog-v3,RDA_3248_FULL_CATALOGUE|MFDS_PUBLIC_RECIPES_1_350|KTO_970_FULL_CATALOGUE|EXISTING_KFIND_FIELDS|RDA_PUBLIC_DIET_268_FULL_CATALOGUE|EXACT_OFFICIAL_BRAND_EVIDENCE|CATALOG_RECOMMENDATION_REVIEWED_OFFICIAL_SOURCES
kfind-lunch-cook-1,볶음밥 · 해물,kfind-d301-017550000-0001,D301-017550000-0001,,UNRESOLVED_AFTER_CATALOGUE_SCAN,NO_EXACT_PUBLIC_OR_OFFICIAL_INGREDIENT_EVIDENCE,,,UNKNOWN,UNKNOWN_REFERENCE_ONLY,,,,,NO_ACCEPTED_IDENTITY_JOIN,,,,2026-10-04,recommendation-composition-catalog-v3,RDA_3248_FULL_CATALOGUE|MFDS_PUBLIC_RECIPES_1_350|KTO_970_FULL_CATALOGUE|EXISTING_KFIND_FIELDS|RDA_PUBLIC_DIET_268_FULL_CATALOGUE|EXACT_OFFICIAL_BRAND_EVIDENCE|CATALOG_RECOMMENDATION_REVIEWED_OFFICIAL_SOURCES
kfind-lunch-cook-2,오므라이스,kfind-d101-028000000-0001,D101-028000000-0001,,SOURCED_PARTIAL_COMPOSITION,VERIFIED_PROCESSED_MEAT,쌀|채소|햄|고기|달걀,GRAIN_UNSPECIFIED|VEGETABLE|PROCESSED_MEAT|EGG|MEAT_UNSPECIFIED,REFERENCE_PARTIAL,UNKNOWN_REFERENCE_ONLY,,,KTO-231562,,REVIEWED_SOURCE_DEFINITION_OR_EXISTING_EVIDENCE,https://english.visitkorea.or.kr/svc/sp/food/ext/special_view.do?menuSn=913&vcontsId=231562,한국관광공사 공식 음식 소개,b63534eb2149240a23927993b5ba6c1bcb76a5d23eff4293922ffb0ac5662129,2026-10-04,recommendation-composition-catalog-v3,RDA_3248_FULL_CATALOGUE|MFDS_PUBLIC_RECIPES_1_350|KTO_970_FULL_CATALOGUE|EXISTING_KFIND_FIELDS|RDA_PUBLIC_DIET_268_FULL_CATALOGUE|EXACT_OFFICIAL_BRAND_EVIDENCE|CATALOG_RECOMMENDATION_REVIEWED_OFFICIAL_SOURCES
kfind-lunch-cook-3,볶음밥 · 삼선,kfind-d301-017250000-0001,D301-017250000-0001,,UNRESOLVED_AFTER_CATALOGUE_SCAN,NO_EXACT_PUBLIC_OR_OFFICIAL_INGREDIENT_EVIDENCE,,,UNKNOWN,UNKNOWN_REFERENCE_ONLY,,,,,NO_ACCEPTED_IDENTITY_JOIN,,,,2026-10-04,recommendation-composition-catalog-v3,RDA_3248_FULL_CATALOGUE|MFDS_PUBLIC_RECIPES_1_350|KTO_970_FULL_CATALOGUE|EXISTING_KFIND_FIELDS|RDA_PUBLIC_DIET_268_FULL_CATALOGUE|EXACT_OFFICIAL_BRAND_EVIDENCE|CATALOG_RECOMMENDATION_REVIEWED_OFFICIAL_SOURCES
kfind-lunch-dining_out-1,쫄면,kfind-d103-173000000-0001,D103-173000000-0001,,SOURCED_PARTIAL_COMPOSITION,ELIGIBLE,면|콩나물|양배추|오이|당근|매콤달콤한 소스,GRAIN_UNSPECIFIED|VEGETABLE,REFERENCE_PARTIAL,UNKNOWN_REFERENCE_ONLY,,,KTO-178869,,REVIEWED_SOURCE_DEFINITION_OR_EXISTING_EVIDENCE,https://english.visitkorea.or.kr/svc/sp/food/ext/special_view.do?menuSn=913&vcontsId=178869,한국관광공사 공식 음식 소개,0bdebd4b14552e5fbadf393a2d0857de1a2364a00e30738dd7ad93d5a980e92c,2026-10-04,recommendation-composition-catalog-v3,RDA_3248_FULL_CATALOGUE|MFDS_PUBLIC_RECIPES_1_350|KTO_970_FULL_CATALOGUE|EXISTING_KFIND_FIELDS|RDA_PUBLIC_DIET_268_FULL_CATALOGUE|EXACT_OFFICIAL_BRAND_EVIDENCE|CATALOG_RECOMMENDATION_REVIEWED_OFFICIAL_SOURCES
kfind-lunch-dining_out-2,해장국 · 뼈다귀,kfind-d305-256210000-0001,D305-256210000-0001,,UNRESOLVED_AFTER_CATALOGUE_SCAN,NO_EXACT_PUBLIC_OR_OFFICIAL_INGREDIENT_EVIDENCE,,,UNKNOWN,UNKNOWN_REFERENCE_ONLY,,,,,NO_ACCEPTED_IDENTITY_JOIN,,,,2026-10-04,recommendation-composition-catalog-v3,RDA_3248_FULL_CATALOGUE|MFDS_PUBLIC_RECIPES_1_350|KTO_970_FULL_CATALOGUE|EXISTING_KFIND_FIELDS|RDA_PUBLIC_DIET_268_FULL_CATALOGUE|EXACT_OFFICIAL_BRAND_EVIDENCE|CATALOG_RECOMMENDATION_REVIEWED_OFFICIAL_SOURCES
kfind-lunch-dining_out-3,우동 · 삼선,kfind-d303-164310000-0001,D303-164310000-0001,,UNRESOLVED_AFTER_CATALOGUE_SCAN,NO_EXACT_PUBLIC_OR_OFFICIAL_INGREDIENT_EVIDENCE,,,UNKNOWN,UNKNOWN_REFERENCE_ONLY,,,,,NO_ACCEPTED_IDENTITY_JOIN,,,,2026-10-04,recommendation-composition-catalog-v3,RDA_3248_FULL_CATALOGUE|MFDS_PUBLIC_RECIPES_1_350|KTO_970_FULL_CATALOGUE|EXISTING_KFIND_FIELDS|RDA_PUBLIC_DIET_268_FULL_CATALOGUE|EXACT_OFFICIAL_BRAND_EVIDENCE|CATALOG_RECOMMENDATION_REVIEWED_OFFICIAL_SOURCES
kfind-lunch-convenience-1,불낙전골 · 간편조리세트 · 이게불낙이야,kfind-d306-286000000-0001,D306-286000000-0001,GS 리테일 심플리쿡,UNRESOLVED_AFTER_CATALOGUE_SCAN,OFFICIAL_PRODUCT_COMPOSITION_UNRESOLVED,,,UNKNOWN,UNKNOWN_REFERENCE_ONLY,,,,,NO_ACCEPTED_IDENTITY_JOIN,,,,2026-10-04,recommendation-composition-catalog-v3,RDA_3248_FULL_CATALOGUE|MFDS_PUBLIC_RECIPES_1_350|KTO_970_FULL_CATALOGUE|EXISTING_KFIND_FIELDS|RDA_PUBLIC_DIET_268_FULL_CATALOGUE|EXACT_OFFICIAL_BRAND_EVIDENCE|CATALOG_RECOMMENDATION_REVIEWED_OFFICIAL_SOURCES
kfind-lunch-convenience-2,밀푀유나베 · 간편조리세트 · 매콤 밀푀유나베,kfind-d306-281000000-0001,D306-281000000-0001,프레시지,UNRESOLVED_AFTER_CATALOGUE_SCAN,OFFICIAL_PRODUCT_COMPOSITION_UNRESOLVED,,,UNKNOWN,UNKNOWN_REFERENCE_ONLY,,,,,NO_ACCEPTED_IDENTITY_JOIN,,,,2026-10-04,recommendation-composition-catalog-v3,RDA_3248_FULL_CATALOGUE|MFDS_PUBLIC_RECIPES_1_350|KTO_970_FULL_CATALOGUE|EXISTING_KFIND_FIELDS|RDA_PUBLIC_DIET_268_FULL_CATALOGUE|EXACT_OFFICIAL_BRAND_EVIDENCE|CATALOG_RECOMMENDATION_REVIEWED_OFFICIAL_SOURCES
kfind-lunch-convenience-3,김치 볶음밥 · 치즈오븐김치볶음밥,kfind-d201-059200000-0002,D201-059200000-0002,피자알볼로,UNRESOLVED_AFTER_CATALOGUE_SCAN,OFFICIAL_PRODUCT_COMPOSITION_UNRESOLVED,,,UNKNOWN,UNKNOWN_REFERENCE_ONLY,,,,,NO_ACCEPTED_IDENTITY_JOIN,,,,2026-10-04,recommendation-composition-catalog-v3,RDA_3248_FULL_CATALOGUE|MFDS_PUBLIC_RECIPES_1_350|KTO_970_FULL_CATALOGUE|EXISTING_KFIND_FIELDS|RDA_PUBLIC_DIET_268_FULL_CATALOGUE|EXACT_OFFICIAL_BRAND_EVIDENCE|CATALOG_RECOMMENDATION_REVIEWED_OFFICIAL_SOURCES
kfind-dinner-cook-1,고등어찌개,kfind-d306-262000000-0001,D306-262000000-0001,,SOURCED_PARTIAL_COMPOSITION,ELIGIBLE,고등어|무|물|고추장|된장|마늘|고춧가루|생강|소금,FISH|VEGETABLE,REFERENCE_PARTIAL,UNKNOWN_REFERENCE_ONLY,"고등어 220g(마리), 무 100g, 물 600mL(3컵), 고추장 15g(3/4큰술), 된장 15g(3/4큰술), 다진 마늘 7g(1작은술), 고춧가루 6g(1큰술) , 다진 생강 2g(2/3작은술) , 소금 1g(1/3작은술)",,RDA-90770,RDA-91058,SOURCE_TITLE_EXACT_OR_EXPLICIT_SYNONYM,https://www.nics.go.kr/food/kfi/tfSrch08/view?menuId=PS03520&tfcode=90770,"농촌진흥청, 농촌 식생활 향상을 위한 식생활 평가 시스템 개발연구 보고서, 2000",39626ce6fba4d844e1b7d84b82f4c73de8f44d97f6f3c87fe7e73f80122d0257,2026-10-04,recommendation-composition-catalog-v3,RDA_3248_FULL_CATALOGUE|MFDS_PUBLIC_RECIPES_1_350|KTO_970_FULL_CATALOGUE|EXISTING_KFIND_FIELDS|RDA_PUBLIC_DIET_268_FULL_CATALOGUE|EXACT_OFFICIAL_BRAND_EVIDENCE|CATALOG_RECOMMENDATION_REVIEWED_OFFICIAL_SOURCES
kfind-dinner-cook-2,볶음밥 · 계란,kfind-d101-017030000-0001,D101-017030000-0001,,UNRESOLVED_AFTER_CATALOGUE_SCAN,NO_EXACT_PUBLIC_OR_OFFICIAL_INGREDIENT_EVIDENCE,,,UNKNOWN,UNKNOWN_REFERENCE_ONLY,,,,,NO_ACCEPTED_IDENTITY_JOIN,,,,2026-10-04,recommendation-composition-catalog-v3,RDA_3248_FULL_CATALOGUE|MFDS_PUBLIC_RECIPES_1_350|KTO_970_FULL_CATALOGUE|EXISTING_KFIND_FIELDS|RDA_PUBLIC_DIET_268_FULL_CATALOGUE|EXACT_OFFICIAL_BRAND_EVIDENCE|CATALOG_RECOMMENDATION_REVIEWED_OFFICIAL_SOURCES
kfind-dinner-cook-3,떡국,kfind-d103-145000000-0001,D103-145000000-0001,,SOURCED_PARTIAL_COMPOSITION,VERIFIED_NO_PREFERRED_GROUP,가래떡|달걀|쇠고기|물|대파|마늘|국간장|소금|참기름,GRAIN_UNSPECIFIED|RED_MEAT,REFERENCE_PARTIAL,UNKNOWN_REFERENCE_ONLY,"가래떡 670g, 달걀 50g(1개), 쇠고기(양지머리) 100g, 물 2L(10컵), 대파 20g(1/2뿌리), 다진마늘 4g(2/3작은술), 국간장 8g(1/2큰술), 소금 8g(1/2큰술), 참기름 2g(1/2작은술)",,RDA-92345,,SOURCE_TITLE_EXACT_OR_EXPLICIT_SYNONYM,https://www.nics.go.kr/food/kfi/tfSrch08/view?menuId=PS03520&tfcode=92345,"농촌진흥청 농촌생활연구소(현 농촌자원개발연구소), 소비자가 알기 쉬운 식품영양가표, 2002 서울 특별시 교육청, 중·고등학생을 위한 학교급식 표준식단, 2002",c105ca0b93b9cf8020f94ae15ee7d1cc65c646c737234b79a54ee06bd2bd1757,2026-10-04,recommendation-composition-catalog-v3,RDA_3248_FULL_CATALOGUE|MFDS_PUBLIC_RECIPES_1_350|KTO_970_FULL_CATALOGUE|EXISTING_KFIND_FIELDS|RDA_PUBLIC_DIET_268_FULL_CATALOGUE|EXACT_OFFICIAL_BRAND_EVIDENCE|CATALOG_RECOMMENDATION_REVIEWED_OFFICIAL_SOURCES
kfind-dinner-dining_out-1,회덮밥 · 모듬,kfind-d101-051200000-0001,D101-051200000-0001,,UNRESOLVED_AFTER_CATALOGUE_SCAN,NO_EXACT_PUBLIC_OR_OFFICIAL_INGREDIENT_EVIDENCE,,,UNKNOWN,UNKNOWN_REFERENCE_ONLY,,,,,NO_ACCEPTED_IDENTITY_JOIN,,,,2026-10-04,recommendation-composition-catalog-v3,RDA_3248_FULL_CATALOGUE|MFDS_PUBLIC_RECIPES_1_350|KTO_970_FULL_CATALOGUE|EXISTING_KFIND_FIELDS|RDA_PUBLIC_DIET_268_FULL_CATALOGUE|EXACT_OFFICIAL_BRAND_EVIDENCE|CATALOG_RECOMMENDATION_REVIEWED_OFFICIAL_SOURCES
kfind-dinner-dining_out-2,초밥 · 모듬,kfind-d101-042200000-0001,D101-042200000-0001,,UNRESOLVED_AFTER_CATALOGUE_SCAN,NO_EXACT_PUBLIC_OR_OFFICIAL_INGREDIENT_EVIDENCE,,,UNKNOWN,UNKNOWN_REFERENCE_ONLY,,,,,NO_ACCEPTED_IDENTITY_JOIN,,,,2026-10-04,recommendation-composition-catalog-v3,RDA_3248_FULL_CATALOGUE|MFDS_PUBLIC_RECIPES_1_350|KTO_970_FULL_CATALOGUE|EXISTING_KFIND_FIELDS|RDA_PUBLIC_DIET_268_FULL_CATALOGUE|EXACT_OFFICIAL_BRAND_EVIDENCE|CATALOG_RECOMMENDATION_REVIEWED_OFFICIAL_SOURCES
kfind-dinner-dining_out-3,만두국 · 사골,kfind-d103-151300000-0001,D103-151300000-0001,,UNRESOLVED_AFTER_CATALOGUE_SCAN,NO_EXACT_PUBLIC_OR_OFFICIAL_INGREDIENT_EVIDENCE,,,UNKNOWN,UNKNOWN_REFERENCE_ONLY,,,,,NO_ACCEPTED_IDENTITY_JOIN,,,,2026-10-04,recommendation-composition-catalog-v3,RDA_3248_FULL_CATALOGUE|MFDS_PUBLIC_RECIPES_1_350|KTO_970_FULL_CATALOGUE|EXISTING_KFIND_FIELDS|RDA_PUBLIC_DIET_268_FULL_CATALOGUE|EXACT_OFFICIAL_BRAND_EVIDENCE|CATALOG_RECOMMENDATION_REVIEWED_OFFICIAL_SOURCES
kfind-dinner-convenience-1,샌드위치 · 통밀크랜베리치킨샌드위치,kfind-d202-096000000-0183,D202-096000000-0183,뚜레쥬르,SOURCED_PARTIAL_COMPOSITION,ELIGIBLE,통밀빵|크랜베리 치킨|오이,WHOLE_GRAIN|POULTRY|VEGETABLE,PARTIAL_DESCRIPTION,UNKNOWN_REFERENCE_ONLY,,,,,REVIEWED_SOURCE_DEFINITION_OR_EXISTING_EVIDENCE,https://www.tlj.co.kr/product/detail.asp?prod_num=3861,뚜레쥬르 공식 제품 설명,,2026-10-04,recommendation-composition-catalog-v3,RDA_3248_FULL_CATALOGUE|MFDS_PUBLIC_RECIPES_1_350|KTO_970_FULL_CATALOGUE|EXISTING_KFIND_FIELDS|RDA_PUBLIC_DIET_268_FULL_CATALOGUE|EXACT_OFFICIAL_BRAND_EVIDENCE|CATALOG_RECOMMENDATION_REVIEWED_OFFICIAL_SOURCES
kfind-dinner-convenience-2,오븐스파게티 · 치즈오븐스파게티,kfind-d203-194000000-0004,D203-194000000-0004,피자스쿨,SOURCED_PARTIAL_COMPOSITION,EXISTING_STYLE_HTTPS_SOURCE_MINIMUM_UNMET,쇠고기|스파게티면|치즈,DAIRY|GRAIN_UNSPECIFIED|RED_MEAT,PARTIAL_DESCRIPTION,UNKNOWN_REFERENCE_ONLY,,,OFFICIAL-FOOD-D203-194000000-0004,,REVIEWED_SOURCE_DEFINITION_OR_EXISTING_EVIDENCE,http://pizzaschool.net/menu/치즈오븐스파게티/,피자스쿨 공식 메뉴 원문,4e2317a40815b0db3027b1e53e29242aa80e1ef1857774ce9d054c4360f67101,2026-10-04,recommendation-composition-catalog-v3,RDA_3248_FULL_CATALOGUE|MFDS_PUBLIC_RECIPES_1_350|KTO_970_FULL_CATALOGUE|EXISTING_KFIND_FIELDS|RDA_PUBLIC_DIET_268_FULL_CATALOGUE|EXACT_OFFICIAL_BRAND_EVIDENCE|CATALOG_RECOMMENDATION_REVIEWED_OFFICIAL_SOURCES
kfind-dinner-convenience-3,떡볶이 · 국물떡볶이,kfind-d210-467000000-0008,D210-467000000-0008,봉수아피자,UNRESOLVED_AFTER_CATALOGUE_SCAN,OFFICIAL_PRODUCT_COMPOSITION_UNRESOLVED,,,UNKNOWN,UNKNOWN_REFERENCE_ONLY,,,,,NO_ACCEPTED_IDENTITY_JOIN,,,,2026-10-04,recommendation-composition-catalog-v3,RDA_3248_FULL_CATALOGUE|MFDS_PUBLIC_RECIPES_1_350|KTO_970_FULL_CATALOGUE|EXISTING_KFIND_FIELDS|RDA_PUBLIC_DIET_268_FULL_CATALOGUE|EXACT_OFFICIAL_BRAND_EVIDENCE|CATALOG_RECOMMENDATION_REVIEWED_OFFICIAL_SOURCES
kfind-snack-cook-1,호박죽,kfind-d104-197000000-0001,D104-197000000-0001,,SOURCED_PARTIAL_COMPOSITION,ELIGIBLE,호박,VEGETABLE,REFERENCE_PARTIAL,UNKNOWN_REFERENCE_ONLY,,,,RDA-89514|RDA-89705|RDA-90158|RDA-90987|RDA-92342|RDA-92450,REVIEWED_SOURCE_DEFINITION_OR_EXISTING_EVIDENCE,https://www.nics.go.kr/food/kfi/foodMonth/view?fd_se=286&fd_snn=133&menu_tab=0,농촌진흥청 국립식량과학원 식재료·조리정보,,2026-10-04,recommendation-composition-catalog-v3,RDA_3248_FULL_CATALOGUE|MFDS_PUBLIC_RECIPES_1_350|KTO_970_FULL_CATALOGUE|EXISTING_KFIND_FIELDS|RDA_PUBLIC_DIET_268_FULL_CATALOGUE|EXACT_OFFICIAL_BRAND_EVIDENCE|CATALOG_RECOMMENDATION_REVIEWED_OFFICIAL_SOURCES
kfind-snack-cook-2,미숫가루,kfind-d120-730000000-0001,D120-730000000-0001,,SOURCED_PARTIAL_COMPOSITION,ELIGIBLE,쌀|보리,MIXED_GRAIN,REFERENCE_PARTIAL,UNKNOWN_REFERENCE_ONLY,,,,RDA-92388|RDA-91740,REVIEWED_SOURCE_DEFINITION_OR_EXISTING_EVIDENCE,https://english.visitkorea.or.kr/svc/sp/food/ext/special_view.do?menuSn=913&vcontsId=181200,한국관광공사 음식 소개,,2026-10-04,recommendation-composition-catalog-v3,RDA_3248_FULL_CATALOGUE|MFDS_PUBLIC_RECIPES_1_350|KTO_970_FULL_CATALOGUE|EXISTING_KFIND_FIELDS|RDA_PUBLIC_DIET_268_FULL_CATALOGUE|EXACT_OFFICIAL_BRAND_EVIDENCE|CATALOG_RECOMMENDATION_REVIEWED_OFFICIAL_SOURCES
kfind-snack-cook-3,가래떡,kfind-d102-053000000-0001,D102-053000000-0001,,UNRESOLVED_AFTER_CATALOGUE_SCAN,NO_EXACT_PUBLIC_OR_OFFICIAL_INGREDIENT_EVIDENCE,,,UNKNOWN,UNKNOWN_REFERENCE_ONLY,,,,,NO_ACCEPTED_IDENTITY_JOIN,,,,2026-10-04,recommendation-composition-catalog-v3,RDA_3248_FULL_CATALOGUE|MFDS_PUBLIC_RECIPES_1_350|KTO_970_FULL_CATALOGUE|EXISTING_KFIND_FIELDS|RDA_PUBLIC_DIET_268_FULL_CATALOGUE|EXACT_OFFICIAL_BRAND_EVIDENCE|CATALOG_RECOMMENDATION_REVIEWED_OFFICIAL_SOURCES
kfind-snack-dining_out-1,증편,kfind-d102-072000000-0001,D102-072000000-0001,,SOURCED_PARTIAL_COMPOSITION,VERIFIED_NO_PREFERRED_GROUP,멥쌀|막걸리|설탕|더운 물|소금,GRAIN_UNSPECIFIED,REFERENCE_PARTIAL,UNKNOWN_REFERENCE_ONLY,"멥쌀 540g(3컵), 막걸리 1컵, 설탕 50g(1/3컵), 더운 물 400mL(2컵), 소금 1작은술","<고명> 대추 10g(3개), 석이버섯 3g(3개), 통깨 약간",RDA-90306,RDA-92384|RDA-90111|RDA-91279|RDA-92005|RDA-92270,SOURCE_TITLE_EXACT_OR_EXPLICIT_SYNONYM,https://www.nics.go.kr/food/kfi/tfSrch08/view?menuId=PS03520&tfcode=90306,농촌진흥청 농식품 올바로 전통향토음식 (RDA-90306),6124b4ada4ddf44055114edd00034ccdd27ce08b5c3894ad736af65b2edccb0a,2026-10-04,recommendation-composition-catalog-v3,RDA_3248_FULL_CATALOGUE|MFDS_PUBLIC_RECIPES_1_350|KTO_970_FULL_CATALOGUE|EXISTING_KFIND_FIELDS|RDA_PUBLIC_DIET_268_FULL_CATALOGUE|EXACT_OFFICIAL_BRAND_EVIDENCE|CATALOG_RECOMMENDATION_REVIEWED_OFFICIAL_SOURCES
kfind-snack-dining_out-2,도넛 · 찹쌀,kfind-d102-082290000-0001,D102-082290000-0001,,UNRESOLVED_AFTER_CATALOGUE_SCAN,NO_EXACT_PUBLIC_OR_OFFICIAL_INGREDIENT_EVIDENCE,,,UNKNOWN,UNKNOWN_REFERENCE_ONLY,,,,,NO_ACCEPTED_IDENTITY_JOIN,,,,2026-10-04,recommendation-composition-catalog-v3,RDA_3248_FULL_CATALOGUE|MFDS_PUBLIC_RECIPES_1_350|KTO_970_FULL_CATALOGUE|EXISTING_KFIND_FIELDS|RDA_PUBLIC_DIET_268_FULL_CATALOGUE|EXACT_OFFICIAL_BRAND_EVIDENCE|CATALOG_RECOMMENDATION_REVIEWED_OFFICIAL_SOURCES
kfind-snack-dining_out-3,아이스크림 · 썬대,kfind-d319-711030000-0001,D319-711030000-0001,,UNRESOLVED_AFTER_CATALOGUE_SCAN,NO_EXACT_PUBLIC_OR_OFFICIAL_INGREDIENT_EVIDENCE,,,UNKNOWN,UNKNOWN_REFERENCE_ONLY,,,,,NO_ACCEPTED_IDENTITY_JOIN,,,,2026-10-04,recommendation-composition-catalog-v3,RDA_3248_FULL_CATALOGUE|MFDS_PUBLIC_RECIPES_1_350|KTO_970_FULL_CATALOGUE|EXISTING_KFIND_FIELDS|RDA_PUBLIC_DIET_268_FULL_CATALOGUE|EXACT_OFFICIAL_BRAND_EVIDENCE|CATALOG_RECOMMENDATION_REVIEWED_OFFICIAL_SOURCES
kfind-snack-convenience-1,커피 · 빽’s 카페 라떼 아이스(ICED),kfind-d220-748000000-0209,D220-748000000-0209,빽다방,SOURCED_PARTIAL_COMPOSITION,VERIFIED_NO_PREFERRED_GROUP,에스프레소|우유,DAIRY,PARTIAL_DESCRIPTION,UNKNOWN_REFERENCE_ONLY,,,OFFICIAL-FOOD-D220-748000000-0209,,REVIEWED_SOURCE_DEFINITION_OR_EXISTING_EVIDENCE,https://paikdabang.com/menu/menu_coffee/,빽다방 공식 메뉴 원문,9cbb8b4a0321c174bd396a694668a023fd0d46dd7785dbe6d2e47c5e7b548141,2026-10-04,recommendation-composition-catalog-v3,RDA_3248_FULL_CATALOGUE|MFDS_PUBLIC_RECIPES_1_350|KTO_970_FULL_CATALOGUE|EXISTING_KFIND_FIELDS|RDA_PUBLIC_DIET_268_FULL_CATALOGUE|EXACT_OFFICIAL_BRAND_EVIDENCE|CATALOG_RECOMMENDATION_REVIEWED_OFFICIAL_SOURCES
kfind-snack-convenience-2,과ㆍ채주스 · 자몽 주스 핫(HOT),kfind-d220-716000000-0249,D220-716000000-0249,파스쿠찌,UNRESOLVED_AFTER_CATALOGUE_SCAN,OFFICIAL_PRODUCT_COMPOSITION_UNRESOLVED,,,UNKNOWN,UNKNOWN_REFERENCE_ONLY,,,,,NO_ACCEPTED_IDENTITY_JOIN,,,,2026-10-04,recommendation-composition-catalog-v3,RDA_3248_FULL_CATALOGUE|MFDS_PUBLIC_RECIPES_1_350|KTO_970_FULL_CATALOGUE|EXISTING_KFIND_FIELDS|RDA_PUBLIC_DIET_268_FULL_CATALOGUE|EXACT_OFFICIAL_BRAND_EVIDENCE|CATALOG_RECOMMENDATION_REVIEWED_OFFICIAL_SOURCES
kfind-snack-convenience-3,케이크 · 플레인 저당 그릭요거트 컵케이크,kfind-d202-110000000-0545,D202-110000000-0545,파리바게뜨,UNRESOLVED_AFTER_CATALOGUE_SCAN,OFFICIAL_PRODUCT_COMPOSITION_UNRESOLVED,,,UNKNOWN,UNKNOWN_REFERENCE_ONLY,,,,,NO_ACCEPTED_IDENTITY_JOIN,,,,2026-10-04,recommendation-composition-catalog-v3,RDA_3248_FULL_CATALOGUE|MFDS_PUBLIC_RECIPES_1_350|KTO_970_FULL_CATALOGUE|EXISTING_KFIND_FIELDS|RDA_PUBLIC_DIET_268_FULL_CATALOGUE|EXACT_OFFICIAL_BRAND_EVIDENCE|CATALOG_RECOMMENDATION_REVIEWED_OFFICIAL_SOURCES
kfind-catalog-d301-001000000-0001,계란덮밥,kfind-d301-001000000-0001,D301-001000000-0001,,UNRESOLVED_AFTER_CATALOGUE_SCAN,NO_EXACT_PUBLIC_OR_OFFICIAL_INGREDIENT_EVIDENCE,,,UNKNOWN,UNKNOWN_REFERENCE_ONLY,,,,,NO_ACCEPTED_IDENTITY_JOIN,,,,2026-10-04,recommendation-composition-catalog-v3,RDA_3248_FULL_CATALOGUE|MFDS_PUBLIC_RECIPES_1_350|KTO_970_FULL_CATALOGUE|EXISTING_KFIND_FIELDS|RDA_PUBLIC_DIET_268_FULL_CATALOGUE|EXACT_OFFICIAL_BRAND_EVIDENCE|CATALOG_RECOMMENDATION_REVIEWED_OFFICIAL_SOURCES
kfind-catalog-d301-004000000-0001,국밥,kfind-d301-004000000-0001,D301-004000000-0001,,SOURCED_PARTIAL_COMPOSITION,VERIFIED_NO_PREFERRED_GROUP,쇠고기|물|배추|토란대|된장|고추장|대파|마늘|소금|감자 전분|쌀밥,GRAIN_UNSPECIFIED|RED_MEAT|VEGETABLE,REFERENCE_PARTIAL,UNKNOWN_REFERENCE_ONLY,"쇠고기(등심) 160g, 물 1.6L(8컵), 배추 120g, 토란대 40g, 된장 40g(2 1/4큰술), 고추장 20g(1큰술), 대파 20g(1/2뿌리), 다진 마늘 8g(2/3큰술), 소금 3g(1작은술), 감자 전분 8g(1큰술), 쌀밥 840g(4공기)",,RDA-90723,,SOURCE_TITLE_EXACT_OR_EXPLICIT_SYNONYM,https://www.nics.go.kr/food/kfi/tfSrch08/view?menuId=PS03520&tfcode=90723,"농촌진흥청, 농촌 식생활 향상을 위한 식생활 평가시스템 개발연구 보고서, 2000",8db531e35349f73ea059da8e1a933b994502d3f073bccdd6e5dde74fd2ca2ae6,2026-10-04,recommendation-composition-catalog-v3,RDA_3248_FULL_CATALOGUE|MFDS_PUBLIC_RECIPES_1_350|KTO_970_FULL_CATALOGUE|EXISTING_KFIND_FIELDS|RDA_PUBLIC_DIET_268_FULL_CATALOGUE|EXACT_OFFICIAL_BRAND_EVIDENCE|CATALOG_RECOMMENDATION_REVIEWED_OFFICIAL_SOURCES
kfind-catalog-d301-005000000-0001,귀리밥,kfind-d301-005000000-0001,D301-005000000-0001,,SOURCED_PARTIAL_COMPOSITION,ELIGIBLE,쌀|귀리,MIXED_GRAIN,REFERENCE_PARTIAL,UNKNOWN_REFERENCE_ONLY,,,,,REVIEWED_SOURCE_DEFINITION_OR_EXISTING_EVIDENCE,https://www.nics.go.kr/bbs/view.do?bbsId=news&bbsSn=944466&m=100000020,농촌진흥청 국립식량과학원,,2026-10-04,recommendation-composition-catalog-v3,RDA_3248_FULL_CATALOGUE|MFDS_PUBLIC_RECIPES_1_350|KTO_970_FULL_CATALOGUE|EXISTING_KFIND_FIELDS|RDA_PUBLIC_DIET_268_FULL_CATALOGUE|EXACT_OFFICIAL_BRAND_EVIDENCE|CATALOG_RECOMMENDATION_REVIEWED_OFFICIAL_SOURCES
kfind-catalog-d101-006000000-0001,기장밥,kfind-d101-006000000-0001,D101-006000000-0001,,SOURCED_PARTIAL_COMPOSITION,ELIGIBLE,쌀|기장,MIXED_GRAIN,REFERENCE_PARTIAL,UNKNOWN_REFERENCE_ONLY,,,,MFDS-283,REVIEWED_SOURCE_DEFINITION_OR_EXISTING_EVIDENCE,https://encykorea.aks.ac.kr/Article/E0021650,한국학중앙연구원 한국민족문화대백과사전,,2026-10-04,recommendation-composition-catalog-v3,RDA_3248_FULL_CATALOGUE|MFDS_PUBLIC_RECIPES_1_350|KTO_970_FULL_CATALOGUE|EXISTING_KFIND_FIELDS|RDA_PUBLIC_DIET_268_FULL_CATALOGUE|EXACT_OFFICIAL_BRAND_EVIDENCE|CATALOG_RECOMMENDATION_REVIEWED_OFFICIAL_SOURCES
kfind-catalog-d101-007000000-0001,김밥,kfind-d101-007000000-0001,D101-007000000-0001,,SOURCED_PARTIAL_COMPOSITION,ELIGIBLE,쌀|단무지|달걀|어묵|당근|시금치|김,GRAIN_UNSPECIFIED|VEGETABLE|EGG|PROCESSED_FISH,REFERENCE_PARTIAL,UNKNOWN_REFERENCE_ONLY,,,KTO-178926,RDA-DIET-89289-0,REVIEWED_SOURCE_DEFINITION_OR_EXISTING_EVIDENCE,https://english.visitkorea.or.kr/svc/sp/food/ext/special_view.do?menuSn=913&vcontsId=178926,한국관광공사 공식 음식 소개,ed268ffb48cf5851d54148585c1b9a8acf88f9ec44d8bf1b1b0304e1287fba03,2026-10-04,recommendation-composition-catalog-v3,RDA_3248_FULL_CATALOGUE|MFDS_PUBLIC_RECIPES_1_350|KTO_970_FULL_CATALOGUE|EXISTING_KFIND_FIELDS|RDA_PUBLIC_DIET_268_FULL_CATALOGUE|EXACT_OFFICIAL_BRAND_EVIDENCE|CATALOG_RECOMMENDATION_REVIEWED_OFFICIAL_SOURCES
kfind-catalog-d301-015000000-0001,묵밥,kfind-d301-015000000-0001,D301-015000000-0001,,SOURCED_PARTIAL_COMPOSITION,ELIGIBLE,도토리묵|쌀|김치|오이|김|멸치육수,ROOT_STARCH|GRAIN_UNSPECIFIED|VEGETABLE,REFERENCE_PARTIAL,UNKNOWN_REFERENCE_ONLY,,,KTO-178046,RDA-DIET-89406-0,REVIEWED_SOURCE_DEFINITION_OR_EXISTING_EVIDENCE,https://english.visitkorea.or.kr/svc/sp/food/ext/special_view.do?menuSn=913&vcontsId=178046,한국관광공사 공식 음식 소개,bc4ce4d22ad65f40905ba62e4bdbd18bf1c182b3231585a6a12294cb2814f99a,2026-10-04,recommendation-composition-catalog-v3,RDA_3248_FULL_CATALOGUE|MFDS_PUBLIC_RECIPES_1_350|KTO_970_FULL_CATALOGUE|EXISTING_KFIND_FIELDS|RDA_PUBLIC_DIET_268_FULL_CATALOGUE|EXACT_OFFICIAL_BRAND_EVIDENCE|CATALOG_RECOMMENDATION_REVIEWED_OFFICIAL_SOURCES
kfind-catalog-d101-016000000-0001,보리밥,kfind-d101-016000000-0001,D101-016000000-0001,,SOURCED_PARTIAL_COMPOSITION,ELIGIBLE,쌀|보리,MIXED_GRAIN,REFERENCE_PARTIAL,UNKNOWN_REFERENCE_ONLY,,,,RDA-89497|RDA-92338|RDA-92524|RDA-DIET-89309-1|RDA-DIET-89322-0|RDA-DIET-89414-4|RDA-DIET-89423-3|RDA-DIET-89428-2|RDA-DIET-89433-3|RDA-DIET-89438-1|RDA-DIET-89440-2|RDA-DIET-89442-2|RDA-DIET-89447-1|RDA-DIET-89451-3|RDA-DIET-89458-0,REVIEWED_SOURCE_DEFINITION_OR_EXISTING_EVIDENCE,https://encykorea.aks.ac.kr/Article/E0023290,한국학중앙연구원 한국민족문화대백과사전,,2026-10-04,recommendation-composition-catalog-v3,RDA_3248_FULL_CATALOGUE|MFDS_PUBLIC_RECIPES_1_350|KTO_970_FULL_CATALOGUE|EXISTING_KFIND_FIELDS|RDA_PUBLIC_DIET_268_FULL_CATALOGUE|EXACT_OFFICIAL_BRAND_EVIDENCE|CATALOG_RECOMMENDATION_REVIEWED_OFFICIAL_SOURCES
kfind-catalog-d101-017000000-0001,볶음밥,kfind-d101-017000000-0001,D101-017000000-0001,,SOURCED_PARTIAL_COMPOSITION,ELIGIBLE,쌀|양파|당근,GRAIN_UNSPECIFIED|VEGETABLE,REFERENCE_PARTIAL,UNKNOWN_REFERENCE_ONLY,,,KTO-178056,,REVIEWED_SOURCE_DEFINITION_OR_EXISTING_EVIDENCE,https://english.visitkorea.or.kr/svc/sp/food/ext/special_view.do?menuSn=913&vcontsId=178056,한국관광공사 공식 음식 소개,51e00a4b89f59759f5371447e4090ba8278127656e474ebf2040f51bdff68655,2026-10-04,recommendation-composition-catalog-v3,RDA_3248_FULL_CATALOGUE|MFDS_PUBLIC_RECIPES_1_350|KTO_970_FULL_CATALOGUE|EXISTING_KFIND_FIELDS|RDA_PUBLIC_DIET_268_FULL_CATALOGUE|EXACT_OFFICIAL_BRAND_EVIDENCE|CATALOG_RECOMMENDATION_REVIEWED_OFFICIAL_SOURCES
kfind-catalog-d101-018000000-0001,비빔밥,kfind-d101-018000000-0001,D101-018000000-0001,,SOURCED_PARTIAL_COMPOSITION,VERIFIED_NO_PREFERRED_GROUP,쌀|물|콩나물|시금치|당근|양파|고사리|도라지|돼지고기|식용유|소금|달걀,EGG|GRAIN_UNSPECIFIED|RED_MEAT|VEGETABLE,REFERENCE_PARTIAL,UNKNOWN_REFERENCE_ONLY,"쌀 360g(2컵), 물 470ml(2 1/3컵), 콩나물 80g, 시금치 80g, 당근 50g, 양파 50g, 고사리 80g, 도라지 80g, 돼지고기 60g, 식용유 12g(1큰술), 소금 6g(2/3큰술), 달걀 200g(4개)","<콩나물, 시금치 양념> 소금 2g(1/2작은술), 참기름 3g(1작은술) <돼지고기 양념> 간장 3g(1/2작은술), 다진 마늘 2g(1/3작은술), 참기름 2g(1/2작은술), 후춧가루 약간 <양념 고추장> 고추장 70g(4큰술), 다진 마늘 12g(1큰술), 참기름 6g(1/2큰술), 깨소금 3g(1작은술)",RDA-92339,RDA-92556|RDA-DIET-89446-2,SOURCE_TITLE_EXACT_OR_EXPLICIT_SYNONYM,https://www.nics.go.kr/food/kfi/tfSrch08/view?menuId=PS03520&tfcode=92339,"서울 특별시 교육청, 중·고등학생을 위한 학교급식 표준식단, 2002 농촌진흥청, 농촌 식생활 향상을 위한 식생활 평가 시스템 개발연구 보고서, 2000",bcde4232ffbabf5a31d793b589fee695095bc3858fa89af34b2bc2a6060f9ce8,2026-10-04,recommendation-composition-catalog-v3,RDA_3248_FULL_CATALOGUE|MFDS_PUBLIC_RECIPES_1_350|KTO_970_FULL_CATALOGUE|EXISTING_KFIND_FIELDS|RDA_PUBLIC_DIET_268_FULL_CATALOGUE|EXACT_OFFICIAL_BRAND_EVIDENCE|CATALOG_RECOMMENDATION_REVIEWED_OFFICIAL_SOURCES
kfind-catalog-d301-020000000-0001,새우튀김롤,kfind-d301-020000000-0001,D301-020000000-0001,,UNRESOLVED_AFTER_CATALOGUE_SCAN,NO_EXACT_PUBLIC_OR_OFFICIAL_INGREDIENT_EVIDENCE,,,UNKNOWN,UNKNOWN_REFERENCE_ONLY,,,,,NO_ACCEPTED_IDENTITY_JOIN,,,,2026-10-04,recommendation-composition-catalog-v3,RDA_3248_FULL_CATALOGUE|MFDS_PUBLIC_RECIPES_1_350|KTO_970_FULL_CATALOGUE|EXISTING_KFIND_FIELDS|RDA_PUBLIC_DIET_268_FULL_CATALOGUE|EXACT_OFFICIAL_BRAND_EVIDENCE|CATALOG_RECOMMENDATION_REVIEWED_OFFICIAL_SOURCES
kfind-catalog-d101-021000000-0001,수수밥,kfind-d101-021000000-0001,D101-021000000-0001,,SOURCED_PARTIAL_COMPOSITION,ELIGIBLE,쌀|수수,MIXED_GRAIN,REFERENCE_PARTIAL,UNKNOWN_REFERENCE_ONLY,,,,MFDS-157|RDA-DIET-89427-1|RDA-DIET-89435-1|RDA-DIET-89439-2|RDA-DIET-89449-0|RDA-DIET-89456-1,REVIEWED_SOURCE_DEFINITION_OR_EXISTING_EVIDENCE,https://encykorea.aks.ac.kr/Article/E0021650,한국학중앙연구원 한국민족문화대백과사전,,2026-10-04,recommendation-composition-catalog-v3,RDA_3248_FULL_CATALOGUE|MFDS_PUBLIC_RECIPES_1_350|KTO_970_FULL_CATALOGUE|EXISTING_KFIND_FIELDS|RDA_PUBLIC_DIET_268_FULL_CATALOGUE|EXACT_OFFICIAL_BRAND_EVIDENCE|CATALOG_RECOMMENDATION_REVIEWED_OFFICIAL_SOURCES
kfind-catalog-d301-022000000-0001,쌀밥,kfind-d301-022000000-0001,D301-022000000-0001,,SOURCED_PARTIAL_COMPOSITION,VERIFIED_NO_PREFERRED_GROUP,쌀|물,REFINED_GRAIN,REFERENCE_PARTIAL,UNKNOWN_REFERENCE_ONLY,"쌀(백미) 360g(2컵), 물 470ml(2 1/3컵)",,RDA-90724,RDA-DIET-89313-1|RDA-DIET-89315-1|RDA-DIET-89408-2,SOURCE_TITLE_EXACT_OR_EXPLICIT_SYNONYM,https://www.nics.go.kr/food/kfi/tfSrch08/view?menuId=PS03520&tfcode=90724,"강인희, 한국의 맛, 대한교과서 주식회사, 1993",88174ac81336f64a69739e4a08e290efe87e5194f6ab9b02e33949303f5e8296,2026-10-04,recommendation-composition-catalog-v3,RDA_3248_FULL_CATALOGUE|MFDS_PUBLIC_RECIPES_1_350|KTO_970_FULL_CATALOGUE|EXISTING_KFIND_FIELDS|RDA_PUBLIC_DIET_268_FULL_CATALOGUE|EXACT_OFFICIAL_BRAND_EVIDENCE|CATALOG_RECOMMENDATION_REVIEWED_OFFICIAL_SOURCES
kfind-catalog-d101-023000000-0001,알밥,kfind-d101-023000000-0001,D101-023000000-0001,,SOURCED_PARTIAL_COMPOSITION,ELIGIBLE,쌀|날치알|당근|오이|단무지|김,GRAIN_UNSPECIFIED|FISH|VEGETABLE,REFERENCE_PARTIAL,UNKNOWN_REFERENCE_ONLY,,,KTO-181465,,REVIEWED_SOURCE_DEFINITION_OR_EXISTING_EVIDENCE,https://english.visitkorea.or.kr/svc/sp/food/ext/special_view.do?menuSn=913&vcontsId=181465,한국관광공사 공식 음식 소개,111a0e4f2f053092ef77051b5eb980ff28e99fe0d968f529949800bd3021882f,2026-10-04,recommendation-composition-catalog-v3,RDA_3248_FULL_CATALOGUE|MFDS_PUBLIC_RECIPES_1_350|KTO_970_FULL_CATALOGUE|EXISTING_KFIND_FIELDS|RDA_PUBLIC_DIET_268_FULL_CATALOGUE|EXACT_OFFICIAL_BRAND_EVIDENCE|CATALOG_RECOMMENDATION_REVIEWED_OFFICIAL_SOURCES
kfind-catalog-d301-024000000-0001,연어롤,kfind-d301-024000000-0001,D301-024000000-0001,,UNRESOLVED_AFTER_CATALOGUE_SCAN,NO_EXACT_PUBLIC_OR_OFFICIAL_INGREDIENT_EVIDENCE,,,UNKNOWN,UNKNOWN_REFERENCE_ONLY,,,,,NO_ACCEPTED_IDENTITY_JOIN,,,,2026-10-04,recommendation-composition-catalog-v3,RDA_3248_FULL_CATALOGUE|MFDS_PUBLIC_RECIPES_1_350|KTO_970_FULL_CATALOGUE|EXISTING_KFIND_FIELDS|RDA_PUBLIC_DIET_268_FULL_CATALOGUE|EXACT_OFFICIAL_BRAND_EVIDENCE|CATALOG_RECOMMENDATION_REVIEWED_OFFICIAL_SOURCES
kfind-catalog-d301-025000000-0001,연잎밥,kfind-d301-025000000-0001,D301-025000000-0001,,SOURCED_PARTIAL_COMPOSITION,VERIFIED_NO_PREFERRED_GROUP,찹쌀|밤|대추|연잎,GRAIN_UNSPECIFIED|ROOT_STARCH,REFERENCE_PARTIAL,UNKNOWN_REFERENCE_ONLY,,,KTO-178082,,REVIEWED_SOURCE_DEFINITION_OR_EXISTING_EVIDENCE,https://english.visitkorea.or.kr/svc/sp/food/ext/special_view.do?menuSn=913&vcontsId=178082,한국관광공사 공식 음식 소개,b1268ad0784e0e72458ea2c6efd12db325c8336cdef4d45c6791d4ff8c8df3ed,2026-10-04,recommendation-composition-catalog-v3,RDA_3248_FULL_CATALOGUE|MFDS_PUBLIC_RECIPES_1_350|KTO_970_FULL_CATALOGUE|EXISTING_KFIND_FIELDS|RDA_PUBLIC_DIET_268_FULL_CATALOGUE|EXACT_OFFICIAL_BRAND_EVIDENCE|CATALOG_RECOMMENDATION_REVIEWED_OFFICIAL_SOURCES
kfind-catalog-d101-026000000-0001,영양돌솥밥,kfind-d101-026000000-0001,D101-026000000-0001,,SOURCED_PARTIAL_COMPOSITION,ELIGIBLE,곡물|채소|찹쌀|대추|밤|은행|버섯,MIXED_GRAIN|VEGETABLE|ROOT_STARCH,REFERENCE_PARTIAL,UNKNOWN_REFERENCE_ONLY,,,KTO-231596,,REVIEWED_SOURCE_DEFINITION_OR_EXISTING_EVIDENCE,https://english.visitkorea.or.kr/svc/sp/food/ext/special_view.do?menuSn=913&vcontsId=231596,한국관광공사 공식 음식 소개,9c68dd929ad4e785138fd021ee7e3338a69cd504a8d85a0b1fbdbf99e2a408a0,2026-10-04,recommendation-composition-catalog-v3,RDA_3248_FULL_CATALOGUE|MFDS_PUBLIC_RECIPES_1_350|KTO_970_FULL_CATALOGUE|EXISTING_KFIND_FIELDS|RDA_PUBLIC_DIET_268_FULL_CATALOGUE|EXACT_OFFICIAL_BRAND_EVIDENCE|CATALOG_RECOMMENDATION_REVIEWED_OFFICIAL_SOURCES
kfind-catalog-d301-027000000-0001,오곡밥,kfind-d301-027000000-0001,D301-027000000-0001,,SOURCED_PARTIAL_COMPOSITION,ELIGIBLE,쌀|수수|조|팥|콩,MIXED_GRAIN|LEGUME_SOY,REFERENCE_PARTIAL,UNKNOWN_REFERENCE_ONLY,,,,RDA-89918|RDA-90144|RDA-90725|RDA-92061|RDA-92062|RDA-DIET-89431-4|RDA-DIET-89443-4,REVIEWED_SOURCE_DEFINITION_OR_EXISTING_EVIDENCE,https://encykorea.aks.ac.kr/Article/E0038100,한국학중앙연구원 한국민족문화대백과사전,,2026-10-04,recommendation-composition-catalog-v3,RDA_3248_FULL_CATALOGUE|MFDS_PUBLIC_RECIPES_1_350|KTO_970_FULL_CATALOGUE|EXISTING_KFIND_FIELDS|RDA_PUBLIC_DIET_268_FULL_CATALOGUE|EXACT_OFFICIAL_BRAND_EVIDENCE|CATALOG_RECOMMENDATION_REVIEWED_OFFICIAL_SOURCES
kfind-catalog-d101-031000000-0001,자장밥,kfind-d101-031000000-0001,D101-031000000-0001,,UNRESOLVED_AFTER_CATALOGUE_SCAN,NO_EXACT_PUBLIC_OR_OFFICIAL_INGREDIENT_EVIDENCE,,,UNKNOWN,UNKNOWN_REFERENCE_ONLY,,,,,NO_ACCEPTED_IDENTITY_JOIN,,,,2026-10-04,recommendation-composition-catalog-v3,RDA_3248_FULL_CATALOGUE|MFDS_PUBLIC_RECIPES_1_350|KTO_970_FULL_CATALOGUE|EXISTING_KFIND_FIELDS|RDA_PUBLIC_DIET_268_FULL_CATALOGUE|EXACT_OFFICIAL_BRAND_EVIDENCE|CATALOG_RECOMMENDATION_REVIEWED_OFFICIAL_SOURCES
kfind-catalog-d101-032000000-0001,잡곡밥,kfind-d101-032000000-0001,D101-032000000-0001,,SOURCED_PARTIAL_COMPOSITION,ELIGIBLE,쌀|잡곡,MIXED_GRAIN,REFERENCE_PARTIAL,UNKNOWN_REFERENCE_ONLY,,,,RDA-89919,REVIEWED_SOURCE_DEFINITION_OR_EXISTING_EVIDENCE,https://encykorea.aks.ac.kr/Article/E0021650,한국학중앙연구원 한국민족문화대백과사전,,2026-10-04,recommendation-composition-catalog-v3,RDA_3248_FULL_CATALOGUE|MFDS_PUBLIC_RECIPES_1_350|KTO_970_FULL_CATALOGUE|EXISTING_KFIND_FIELDS|RDA_PUBLIC_DIET_268_FULL_CATALOGUE|EXACT_OFFICIAL_BRAND_EVIDENCE|CATALOG_RECOMMENDATION_REVIEWED_OFFICIAL_SOURCES
kfind-catalog-d101-033000000-0001,잡채밥,kfind-d101-033000000-0001,D101-033000000-0001,,SOURCED_PARTIAL_COMPOSITION,ELIGIBLE,쌀|당면|채소|고기,GRAIN_UNSPECIFIED|VEGETABLE|MEAT_UNSPECIFIED,REFERENCE_PARTIAL,UNKNOWN_REFERENCE_ONLY,,,KTO-231465,,REVIEWED_SOURCE_DEFINITION_OR_EXISTING_EVIDENCE,https://english.visitkorea.or.kr/svc/sp/food/ext/special_view.do?menuSn=913&vcontsId=231465,한국관광공사 공식 음식 소개,63e89d9a13cdf658cd394d3602917007ef60571f3de96f68fa1601c204e9a428,2026-10-04,recommendation-composition-catalog-v3,RDA_3248_FULL_CATALOGUE|MFDS_PUBLIC_RECIPES_1_350|KTO_970_FULL_CATALOGUE|EXISTING_KFIND_FIELDS|RDA_PUBLIC_DIET_268_FULL_CATALOGUE|EXACT_OFFICIAL_BRAND_EVIDENCE|CATALOG_RECOMMENDATION_REVIEWED_OFFICIAL_SOURCES
kfind-catalog-d301-034000000-0001,잡탕밥,kfind-d301-034000000-0001,D301-034000000-0001,,UNRESOLVED_AFTER_CATALOGUE_SCAN,NO_EXACT_PUBLIC_OR_OFFICIAL_INGREDIENT_EVIDENCE,,,UNKNOWN,UNKNOWN_REFERENCE_ONLY,,,,,NO_ACCEPTED_IDENTITY_JOIN,,,,2026-10-04,recommendation-composition-catalog-v3,RDA_3248_FULL_CATALOGUE|MFDS_PUBLIC_RECIPES_1_350|KTO_970_FULL_CATALOGUE|EXISTING_KFIND_FIELDS|RDA_PUBLIC_DIET_268_FULL_CATALOGUE|EXACT_OFFICIAL_BRAND_EVIDENCE|CATALOG_RECOMMENDATION_REVIEWED_OFFICIAL_SOURCES
kfind-catalog-d101-037000000-0001,짬뽕밥,kfind-d101-037000000-0001,D101-037000000-0001,,UNRESOLVED_AFTER_CATALOGUE_SCAN,NO_EXACT_PUBLIC_OR_OFFICIAL_INGREDIENT_EVIDENCE,,,UNKNOWN,UNKNOWN_REFERENCE_ONLY,,,,,NO_ACCEPTED_IDENTITY_JOIN,,,,2026-10-04,recommendation-composition-catalog-v3,RDA_3248_FULL_CATALOGUE|MFDS_PUBLIC_RECIPES_1_350|KTO_970_FULL_CATALOGUE|EXISTING_KFIND_FIELDS|RDA_PUBLIC_DIET_268_FULL_CATALOGUE|EXACT_OFFICIAL_BRAND_EVIDENCE|CATALOG_RECOMMENDATION_REVIEWED_OFFICIAL_SOURCES
kfind-catalog-d101-038000000-0001,차조밥,kfind-d101-038000000-0001,D101-038000000-0001,,SOURCED_PARTIAL_COMPOSITION,ELIGIBLE,쌀|차조,MIXED_GRAIN,REFERENCE_PARTIAL,UNKNOWN_REFERENCE_ONLY,,,,RDA-92544|MFDS-194|RDA-DIET-89323-0|RDA-DIET-89326-3|RDA-DIET-89415-4|RDA-DIET-89421-3|RDA-DIET-89425-4|RDA-DIET-89432-5|RDA-DIET-89436-2|RDA-DIET-89448-1|RDA-DIET-89459-2,REVIEWED_SOURCE_DEFINITION_OR_EXISTING_EVIDENCE,https://encykorea.aks.ac.kr/Article/E0055188,한국학중앙연구원 한국민족문화대백과사전,,2026-10-04,recommendation-composition-catalog-v3,RDA_3248_FULL_CATALOGUE|MFDS_PUBLIC_RECIPES_1_350|KTO_970_FULL_CATALOGUE|EXISTING_KFIND_FIELDS|RDA_PUBLIC_DIET_268_FULL_CATALOGUE|EXACT_OFFICIAL_BRAND_EVIDENCE|CATALOG_RECOMMENDATION_REVIEWED_OFFICIAL_SOURCES
kfind-catalog-d101-039000000-0001,찰밥,kfind-d101-039000000-0001,D101-039000000-0001,,SOURCED_PARTIAL_COMPOSITION,ELIGIBLE,찹쌀|팥|밤|대추|소금 약간,GRAIN_UNSPECIFIED|LEGUME_SOY|ROOT_STARCH,REFERENCE_PARTIAL,UNKNOWN_REFERENCE_ONLY,"찹쌀 840g(5컵), 팥 210g(1컵), 밤 160g(1컵), 대추 70g(1컵), 소금 약간",,RDA-92064,RDA-90146|RDA-DIET-89452-2,SOURCE_EXACT_SAME_TITLE_ADDITIONAL_QUANTITY_DECLARED_RECIPE,https://www.nics.go.kr/food/kfi/tfSrch08/view?menuId=PS03520&tfcode=92064,"광주향토음식문화연구회, 향토음식문화상품개발 상차림 선물음식, 2001",e1af596c4549add3a99af0a477d18449947426d5791b5c50f5318a814cb93150,2026-10-04,recommendation-composition-catalog-v3,RDA_3248_FULL_CATALOGUE|MFDS_PUBLIC_RECIPES_1_350|KTO_970_FULL_CATALOGUE|EXISTING_KFIND_FIELDS|RDA_PUBLIC_DIET_268_FULL_CATALOGUE|EXACT_OFFICIAL_BRAND_EVIDENCE|CATALOG_RECOMMENDATION_REVIEWED_OFFICIAL_SOURCES
kfind-catalog-d301-043000000-0001,충무김밥,kfind-d301-043000000-0001,D301-043000000-0001,,SOURCED_PARTIAL_COMPOSITION,ELIGIBLE,쌀|김|갑오징어|무|물|소금 약간,GRAIN_UNSPECIFIED|SEAFOOD|VEGETABLE,REFERENCE_PARTIAL,UNKNOWN_REFERENCE_ONLY,"쌀 360g(2컵),김 8g(4장),갑오징어 200g(3/4마리),무 150g,물 470mL(2 1/3컵),소금 약간","<갑오징어 양념> 고춧가루 2큰술, 간장 2큰술, 다진 마늘 1작은술, 다진 파 1작은술, 깨소금 1/2작은술, 소금 1/2작은술, 설탕 1/2작은술, 참기름 1작은술, 후춧가루 약간 <무 양념> 젓갈 1큰술, 고춧가루 2 1/2 큰술, 다진 마늘 1작은술, 다진 파 1작은술",RDA-91342,,SOURCE_TITLE_EXACT_OR_EXPLICIT_SYNONYM,https://www.nics.go.kr/food/kfi/tfSrch08/view?menuId=PS03520&tfcode=91342,"경상남도 농촌진흥원, 경남향토음식, 1994 농촌진흥청 농촌생활연구소(현 농촌자원개발연구소), 전통지식 모음집(생활문화 편), 1997 통영시농업기술센터, 통영음식, 1999",a705730b9da082e493eccc0f0445c0d24d620922090b5e90fa4835c2ccff6ace,2026-10-04,recommendation-composition-catalog-v3,RDA_3248_FULL_CATALOGUE|MFDS_PUBLIC_RECIPES_1_350|KTO_970_FULL_CATALOGUE|EXISTING_KFIND_FIELDS|RDA_PUBLIC_DIET_268_FULL_CATALOGUE|EXACT_OFFICIAL_BRAND_EVIDENCE|CATALOG_RECOMMENDATION_REVIEWED_OFFICIAL_SOURCES
kfind-catalog-d301-045000000-0001,캘리포니아롤,kfind-d301-045000000-0001,D301-045000000-0001,,UNRESOLVED_AFTER_CATALOGUE_SCAN,NO_EXACT_PUBLIC_OR_OFFICIAL_INGREDIENT_EVIDENCE,,,UNKNOWN,UNKNOWN_REFERENCE_ONLY,,,,,NO_ACCEPTED_IDENTITY_JOIN,,,,2026-10-04,recommendation-composition-catalog-v3,RDA_3248_FULL_CATALOGUE|MFDS_PUBLIC_RECIPES_1_350|KTO_970_FULL_CATALOGUE|EXISTING_KFIND_FIELDS|RDA_PUBLIC_DIET_268_FULL_CATALOGUE|EXACT_OFFICIAL_BRAND_EVIDENCE|CATALOG_RECOMMENDATION_REVIEWED_OFFICIAL_SOURCES
kfind-catalog-d101-047000000-0001,콩나물밥,kfind-d101-047000000-0001,D101-047000000-0001,,SOURCED_PARTIAL_COMPOSITION,ELIGIBLE,쌀|콩나물,GRAIN_UNSPECIFIED|VEGETABLE,REFERENCE_PARTIAL,UNKNOWN_REFERENCE_ONLY,"쌀 360g(2컵), 콩나물 240g","<장국국물> 다시마(또는 멸치) 100g, 물 600mL(3컵) <양념장> 간장 3큰술, 다진 파 1/2큰술, 다진 마늘 1/2큰술, 참기름 1작은술, 고춧가루 약간, 깨소금 약간",RDA-90727,RDA-90964|RDA-91344|RDA-92340,SOURCE_TITLE_EXACT_OR_EXPLICIT_SYNONYM,https://www.nics.go.kr/food/kfi/tfSrch08/view?menuId=PS03520&tfcode=90727,농촌진흥청 농식품 올바로 전통향토음식 (RDA-90727),31c474146736d3f101ee943c85cda31cef87750b333a0aad524bcadacb00d8ae,2026-10-04,recommendation-composition-catalog-v3,RDA_3248_FULL_CATALOGUE|MFDS_PUBLIC_RECIPES_1_350|KTO_970_FULL_CATALOGUE|EXISTING_KFIND_FIELDS|RDA_PUBLIC_DIET_268_FULL_CATALOGUE|EXACT_OFFICIAL_BRAND_EVIDENCE|CATALOG_RECOMMENDATION_REVIEWED_OFFICIAL_SOURCES
kfind-catalog-d101-049000000-0001,하이라이스,kfind-d101-049000000-0001,D101-049000000-0001,,UNRESOLVED_AFTER_CATALOGUE_SCAN,NO_EXACT_PUBLIC_OR_OFFICIAL_INGREDIENT_EVIDENCE,,,UNKNOWN,UNKNOWN_REFERENCE_ONLY,,,,,NO_ACCEPTED_IDENTITY_JOIN,,,,2026-10-04,recommendation-composition-catalog-v3,RDA_3248_FULL_CATALOGUE|MFDS_PUBLIC_RECIPES_1_350|KTO_970_FULL_CATALOGUE|EXISTING_KFIND_FIELDS|RDA_PUBLIC_DIET_268_FULL_CATALOGUE|EXACT_OFFICIAL_BRAND_EVIDENCE|CATALOG_RECOMMENDATION_REVIEWED_OFFICIAL_SOURCES
kfind-catalog-d304-179000000-0001,게살죽,kfind-d304-179000000-0001,D304-179000000-0001,,UNRESOLVED_AFTER_CATALOGUE_SCAN,NO_EXACT_PUBLIC_OR_OFFICIAL_INGREDIENT_EVIDENCE,,,UNKNOWN,UNKNOWN_REFERENCE_ONLY,,,,,NO_ACCEPTED_IDENTITY_JOIN,,,,2026-10-04,recommendation-composition-catalog-v3,RDA_3248_FULL_CATALOGUE|MFDS_PUBLIC_RECIPES_1_350|KTO_970_FULL_CATALOGUE|EXISTING_KFIND_FIELDS|RDA_PUBLIC_DIET_268_FULL_CATALOGUE|EXACT_OFFICIAL_BRAND_EVIDENCE|CATALOG_RECOMMENDATION_REVIEWED_OFFICIAL_SOURCES
kfind-catalog-d104-181000000-0001,닭죽,kfind-d104-181000000-0001,D104-181000000-0001,,SOURCED_PARTIAL_COMPOSITION,VERIFIED_NO_PREFERRED_GROUP,닭|쌀|물|마늘|대파|소금|참기름,GRAIN_UNSPECIFIED|POULTRY,REFERENCE_PARTIAL,UNKNOWN_REFERENCE_ONLY,"닭 1.3kg(1마리), 쌀 400g(2 1/4컵), 물 4L(20컵), 마늘 20g(5쪽), 대파 35g(1뿌리), 소금 1큰술, 참기름 2작은술",,RDA-89925,RDA-90147|RDA-90732|RDA-90971|RDA-DIET-89429-3,SOURCE_TITLE_EXACT_OR_EXPLICIT_SYNONYM,https://www.nics.go.kr/food/kfi/tfSrch08/view?menuId=PS03520&tfcode=89925,"제주특별자치도 농촌진흥원, 오랫동안 전하여온 맛과 멋-제주 전통음식, 1995 제주특별자치도 농업기술원, 제주 전통음식, 2007",1502582451b1089b22ef06f5b5c53cae6e9033caeebbb42392fb9401b650d1f9,2026-10-04,recommendation-composition-catalog-v3,RDA_3248_FULL_CATALOGUE|MFDS_PUBLIC_RECIPES_1_350|KTO_970_FULL_CATALOGUE|EXISTING_KFIND_FIELDS|RDA_PUBLIC_DIET_268_FULL_CATALOGUE|EXACT_OFFICIAL_BRAND_EVIDENCE|CATALOG_RECOMMENDATION_REVIEWED_OFFICIAL_SOURCES
kfind-catalog-d304-182000000-0001,미음,kfind-d304-182000000-0001,D304-182000000-0001,,UNRESOLVED_AFTER_CATALOGUE_SCAN,NO_EXACT_PUBLIC_OR_OFFICIAL_INGREDIENT_EVIDENCE,,,UNKNOWN,UNKNOWN_REFERENCE_ONLY,,,,,NO_ACCEPTED_IDENTITY_JOIN,,,,2026-10-04,recommendation-composition-catalog-v3,RDA_3248_FULL_CATALOGUE|MFDS_PUBLIC_RECIPES_1_350|KTO_970_FULL_CATALOGUE|EXISTING_KFIND_FIELDS|RDA_PUBLIC_DIET_268_FULL_CATALOGUE|EXACT_OFFICIAL_BRAND_EVIDENCE|CATALOG_RECOMMENDATION_REVIEWED_OFFICIAL_SOURCES
kfind-catalog-d304-183000000-0001,백합죽,kfind-d304-183000000-0001,D304-183000000-0001,,SOURCED_PARTIAL_COMPOSITION,ELIGIBLE,백합|쌀|물|참기름|소금,GRAIN_UNSPECIFIED|SEAFOOD,REFERENCE_PARTIAL,UNKNOWN_REFERENCE_ONLY,"백합 150g, 쌀 90g(1/2컵), 물 1L(5컵), 참기름 1/2큰술, 소금 1작은술",,RDA-90151,RDA-91353|RDA-92425,SOURCE_TITLE_EXACT_OR_EXPLICIT_SYNONYM,https://www.nics.go.kr/food/kfi/tfSrch08/view?menuId=PS03520&tfcode=90151,"광양시농업기술센터 광양시생활개선회, 광양향토음식, 2001 여수시농업기술센터, 관광 여수의 맛자랑, 2001 전남광주통합특별시 북구, 향토음식박물관 건립 방안 연구, 2003 영광군농업기술센터, 향토음식 맥잇기 영광의 맛, 2003",b530f46c619d87c93be25da2a57234db17c19553abaa16c5b484b2c6c7458a26,2026-10-04,recommendation-composition-catalog-v3,RDA_3248_FULL_CATALOGUE|MFDS_PUBLIC_RECIPES_1_350|KTO_970_FULL_CATALOGUE|EXISTING_KFIND_FIELDS|RDA_PUBLIC_DIET_268_FULL_CATALOGUE|EXACT_OFFICIAL_BRAND_EVIDENCE|CATALOG_RECOMMENDATION_REVIEWED_OFFICIAL_SOURCES
kfind-catalog-d304-184000000-0001,소고기버섯죽,kfind-d304-184000000-0001,D304-184000000-0001,,UNRESOLVED_AFTER_CATALOGUE_SCAN,NO_EXACT_PUBLIC_OR_OFFICIAL_INGREDIENT_EVIDENCE,,,UNKNOWN,UNKNOWN_REFERENCE_ONLY,,,,,NO_ACCEPTED_IDENTITY_JOIN,,,,2026-10-04,recommendation-composition-catalog-v3,RDA_3248_FULL_CATALOGUE|MFDS_PUBLIC_RECIPES_1_350|KTO_970_FULL_CATALOGUE|EXISTING_KFIND_FIELDS|RDA_PUBLIC_DIET_268_FULL_CATALOGUE|EXACT_OFFICIAL_BRAND_EVIDENCE|CATALOG_RECOMMENDATION_REVIEWED_OFFICIAL_SOURCES
kfind-catalog-d304-186000000-0001,쌀죽(흰죽),kfind-d304-186000000-0001,D304-186000000-0001,,SOURCED_PARTIAL_COMPOSITION,VERIFIED_NO_PREFERRED_GROUP,쌀|물|소금|참기름,GRAIN_UNSPECIFIED,REFERENCE_PARTIAL,UNKNOWN_REFERENCE_ONLY,"쌀 180g(1컵), 물 1.2L(6컵), 소금 1작은술, 참기름 12g(1큰술)",,RDA-90735,,SOURCE_TITLE_EXACT_OR_EXPLICIT_SYNONYM,https://www.nics.go.kr/food/kfi/tfSrch08/view?menuId=PS03520&tfcode=90735,"강인희, 한국의 맛, 대한교과서주식회사, 1993 농촌진흥청, 농촌 식생활 향상을 위한 식생활 평가시스템 개발연구 보고서, 2000",f3a24c3157d2aedf27f74596dfaac73cb9ef9da75916339d20c10d2754c82c6d,2026-10-04,recommendation-composition-catalog-v3,RDA_3248_FULL_CATALOGUE|MFDS_PUBLIC_RECIPES_1_350|KTO_970_FULL_CATALOGUE|EXISTING_KFIND_FIELDS|RDA_PUBLIC_DIET_268_FULL_CATALOGUE|EXACT_OFFICIAL_BRAND_EVIDENCE|CATALOG_RECOMMENDATION_REVIEWED_OFFICIAL_SOURCES
kfind-catalog-d304-187000000-0001,어죽,kfind-d304-187000000-0001,D304-187000000-0001,,SOURCED_PARTIAL_COMPOSITION,ELIGIBLE,민물고기|민물새우|쌀|국수|깻잎 약간|소금 약간|풋고추|물|고추장|고춧가루|양파|마늘|들깻가루|참기름,FISH|GRAIN_UNSPECIFIED|VEGETABLE,REFERENCE_PARTIAL,UNKNOWN_REFERENCE_ONLY,"민물고기 (붕어 등) 800g, 민물새우 100g(9마리), 불린 쌀 200g(1컵), 국수 200g, 깻잎 약간, 소금 약간, 풋고추 15g(1개), 물 2L(10컵), 고추장 2큰술, 고춧가루 2큰술, 다진 양파 2큰술, 다진마늘 2큰술, 들깻가루 2큰술, 참기름 1큰술",,RDA-89701,RDA-90154|RDA-90155|RDA-91787|RDA-92458,SOURCE_TITLE_EXACT_OR_EXPLICIT_SYNONYM,https://www.nics.go.kr/food/kfi/tfSrch08/view?menuId=PS03520&tfcode=89701,"충청남도 농업기술원, 충남 향토음식 맛 기행, 2005",3162fbf46081fa9fe9278b2cd65ecf45ca9748bc2d2eb012ce8995cd9a2a9cd8,2026-10-04,recommendation-composition-catalog-v3,RDA_3248_FULL_CATALOGUE|MFDS_PUBLIC_RECIPES_1_350|KTO_970_FULL_CATALOGUE|EXISTING_KFIND_FIELDS|RDA_PUBLIC_DIET_268_FULL_CATALOGUE|EXACT_OFFICIAL_BRAND_EVIDENCE|CATALOG_RECOMMENDATION_REVIEWED_OFFICIAL_SOURCES
kfind-catalog-d104-188000000-0001,오리죽,kfind-d104-188000000-0001,D104-188000000-0001,,UNRESOLVED_AFTER_CATALOGUE_SCAN,NO_EXACT_PUBLIC_OR_OFFICIAL_INGREDIENT_EVIDENCE,,,UNKNOWN,UNKNOWN_REFERENCE_ONLY,,,,,NO_ACCEPTED_IDENTITY_JOIN,,,,2026-10-04,recommendation-composition-catalog-v3,RDA_3248_FULL_CATALOGUE|MFDS_PUBLIC_RECIPES_1_350|KTO_970_FULL_CATALOGUE|EXISTING_KFIND_FIELDS|RDA_PUBLIC_DIET_268_FULL_CATALOGUE|EXACT_OFFICIAL_BRAND_EVIDENCE|CATALOG_RECOMMENDATION_REVIEWED_OFFICIAL_SOURCES
kfind-catalog-d304-189000000-0001,율무죽,kfind-d304-189000000-0001,D304-189000000-0001,,UNRESOLVED_AFTER_CATALOGUE_SCAN,NO_EXACT_PUBLIC_OR_OFFICIAL_INGREDIENT_EVIDENCE,,,UNKNOWN,UNKNOWN_REFERENCE_ONLY,,,,,NO_ACCEPTED_IDENTITY_JOIN,,,,2026-10-04,recommendation-composition-catalog-v3,RDA_3248_FULL_CATALOGUE|MFDS_PUBLIC_RECIPES_1_350|KTO_970_FULL_CATALOGUE|EXISTING_KFIND_FIELDS|RDA_PUBLIC_DIET_268_FULL_CATALOGUE|EXACT_OFFICIAL_BRAND_EVIDENCE|CATALOG_RECOMMENDATION_REVIEWED_OFFICIAL_SOURCES
kfind-catalog-d304-190000000-0001,잣죽,kfind-d304-190000000-0001,D304-190000000-0001,,SOURCED_PARTIAL_COMPOSITION,ELIGIBLE,잣|쌀,NUT_SEED|GRAIN_UNSPECIFIED,REFERENCE_PARTIAL,UNKNOWN_REFERENCE_ONLY,,,,RDA-90733,REVIEWED_SOURCE_DEFINITION_OR_EXISTING_EVIDENCE,https://encykorea.aks.ac.kr/Article/E0048228,한국학중앙연구원 한국민족문화대백과사전,,2026-10-04,recommendation-composition-catalog-v3,RDA_3248_FULL_CATALOGUE|MFDS_PUBLIC_RECIPES_1_350|KTO_970_FULL_CATALOGUE|EXISTING_KFIND_FIELDS|RDA_PUBLIC_DIET_268_FULL_CATALOGUE|EXACT_OFFICIAL_BRAND_EVIDENCE|CATALOG_RECOMMENDATION_REVIEWED_OFFICIAL_SOURCES
kfind-catalog-d104-191000000-0001,전복죽,kfind-d104-191000000-0001,D104-191000000-0001,,SOURCED_PARTIAL_COMPOSITION,ELIGIBLE,전복|쌀|물|참기름|소금,GRAIN_UNSPECIFIED|SEAFOOD,REFERENCE_PARTIAL,UNKNOWN_REFERENCE_ONLY,"전복 330g(4개), 쌀 180g(1컵), 물 1.2L(6컵), 참기름 2큰술, 소금 1큰술",,RDA-89933,RDA-90734|RDA-91361|RDA-92437|RDA-DIET-89305-0,SOURCE_TITLE_EXACT_OR_EXPLICIT_SYNONYM,https://www.nics.go.kr/food/kfi/tfSrch08/view?menuId=PS03520&tfcode=89933,"농촌진흥청 농촌생활연구소(현 농촌자원개발연구소), 전통지식 모음집(생활문화편), 1997 완도군농업기술센터, 세계로! 미래로! 청해진 음식기행 100선, 2001",43fd0509197d56186b9220ab5f1b0ffa29db493f5551dc16fb30ca8e06d77ec5,2026-10-04,recommendation-composition-catalog-v3,RDA_3248_FULL_CATALOGUE|MFDS_PUBLIC_RECIPES_1_350|KTO_970_FULL_CATALOGUE|EXISTING_KFIND_FIELDS|RDA_PUBLIC_DIET_268_FULL_CATALOGUE|EXACT_OFFICIAL_BRAND_EVIDENCE|CATALOG_RECOMMENDATION_REVIEWED_OFFICIAL_SOURCES
kfind-catalog-d304-192000000-0001,참깨죽,kfind-d304-192000000-0001,D304-192000000-0001,,SOURCED_PARTIAL_COMPOSITION,ELIGIBLE,쌀|설탕 약간|참깨|물|소금 적량,GRAIN_UNSPECIFIED|NUT_SEED,REFERENCE_PARTIAL,UNKNOWN_REFERENCE_ONLY,"쌀 160g(1컵), 설탕(또는 꿀) 약간, 참깨 (또는 검은깨, 흑임자) 60g(2/3컵), 물 1.2L(6컵), 소금 적량",,RDA-90730,,공공 깨죽 재료에 실제 참깨가 명시된 참깨죽 참고 조리법; 검은깨 대체 선택을 전체 메뉴의 확정 알레르기로 추가하지 않음,https://www.nics.go.kr/food/kfi/tfSrch08/view?menuId=PS03520&tfcode=90730,"황혜성, 한국의 요리1, 대학당, 1993 강인희, 한국의 맛, 대한교과서주식회사, 1993 황혜성·한복려·한복진, 한국의 전통음식, 교문사, 1994",d3e90d48e638e03334a7ba2dd283e101dffb3e7dd90c96276d6ed5b9547b3024,2026-10-04,recommendation-composition-catalog-v3,RDA_3248_FULL_CATALOGUE|MFDS_PUBLIC_RECIPES_1_350|KTO_970_FULL_CATALOGUE|EXISTING_KFIND_FIELDS|RDA_PUBLIC_DIET_268_FULL_CATALOGUE|EXACT_OFFICIAL_BRAND_EVIDENCE|CATALOG_RECOMMENDATION_REVIEWED_OFFICIAL_SOURCES
kfind-catalog-d304-193000000-0001,참치죽,kfind-d304-193000000-0001,D304-193000000-0001,,UNRESOLVED_AFTER_CATALOGUE_SCAN,NO_EXACT_PUBLIC_OR_OFFICIAL_INGREDIENT_EVIDENCE,,,UNKNOWN,UNKNOWN_REFERENCE_ONLY,,,,,NO_ACCEPTED_IDENTITY_JOIN,,,,2026-10-04,recommendation-composition-catalog-v3,RDA_3248_FULL_CATALOGUE|MFDS_PUBLIC_RECIPES_1_350|KTO_970_FULL_CATALOGUE|EXISTING_KFIND_FIELDS|RDA_PUBLIC_DIET_268_FULL_CATALOGUE|EXACT_OFFICIAL_BRAND_EVIDENCE|CATALOG_RECOMMENDATION_REVIEWED_OFFICIAL_SOURCES
kfind-catalog-d104-194000000-0001,채소죽,kfind-d104-194000000-0001,D104-194000000-0001,,SOURCED_PARTIAL_COMPOSITION,ELIGIBLE,쌀|당근|호박|양파,GRAIN_UNSPECIFIED|VEGETABLE,REFERENCE_PARTIAL,UNKNOWN_REFERENCE_ONLY,,,KTO-181470,,REVIEWED_EXACT_DISH_SYNONYM:야채죽,https://english.visitkorea.or.kr/svc/sp/food/ext/special_view.do?menuSn=913&vcontsId=181470,한국관광공사 공식 음식 소개,ae01ef74f0f9922034c6532d2fd980faf42131191d05da42431a450f70a39f2b,2026-10-04,recommendation-composition-catalog-v3,RDA_3248_FULL_CATALOGUE|MFDS_PUBLIC_RECIPES_1_350|KTO_970_FULL_CATALOGUE|EXISTING_KFIND_FIELDS|RDA_PUBLIC_DIET_268_FULL_CATALOGUE|EXACT_OFFICIAL_BRAND_EVIDENCE|CATALOG_RECOMMENDATION_REVIEWED_OFFICIAL_SOURCES
kfind-catalog-d104-195000000-0001,팥죽,kfind-d104-195000000-0001,D104-195000000-0001,,SOURCED_PARTIAL_COMPOSITION,ELIGIBLE,팥|쌀,LEGUME_SOY|GRAIN_UNSPECIFIED,REFERENCE_PARTIAL,UNKNOWN_REFERENCE_ONLY,,,,RDA-92341|RDA-92426|RDA-89937,REVIEWED_SOURCE_DEFINITION_OR_EXISTING_EVIDENCE,https://encykorea.aks.ac.kr/Article/E0049806,한국학중앙연구원 한국민족문화대백과사전,,2026-10-04,recommendation-composition-catalog-v3,RDA_3248_FULL_CATALOGUE|MFDS_PUBLIC_RECIPES_1_350|KTO_970_FULL_CATALOGUE|EXISTING_KFIND_FIELDS|RDA_PUBLIC_DIET_268_FULL_CATALOGUE|EXACT_OFFICIAL_BRAND_EVIDENCE|CATALOG_RECOMMENDATION_REVIEWED_OFFICIAL_SOURCES
kfind-catalog-d103-141000000-0001,간자장,kfind-d103-141000000-0001,D103-141000000-0001,,SOURCED_PARTIAL_COMPOSITION,VERIFIED_NO_PREFERRED_GROUP,돼지고기|양파|짜장소스|국수,GRAIN_UNSPECIFIED|RED_MEAT|VEGETABLE,REFERENCE_PARTIAL,UNKNOWN_REFERENCE_ONLY,,,KTO-231600,,REVIEWED_EXACT_DISH_SYNONYM:간짜장,https://english.visitkorea.or.kr/svc/sp/food/ext/special_view.do?menuSn=913&vcontsId=231600,한국관광공사 공식 음식 소개,87f665486605b61b88f6452e01dfbd82e173f75052737b3e25f3cf57c7dda8ca,2026-10-04,recommendation-composition-catalog-v3,RDA_3248_FULL_CATALOGUE|MFDS_PUBLIC_RECIPES_1_350|KTO_970_FULL_CATALOGUE|EXISTING_KFIND_FIELDS|RDA_PUBLIC_DIET_268_FULL_CATALOGUE|EXACT_OFFICIAL_BRAND_EVIDENCE|CATALOG_RECOMMENDATION_REVIEWED_OFFICIAL_SOURCES
kfind-catalog-d303-143000000-0001,기스면,kfind-d303-143000000-0001,D303-143000000-0001,,UNRESOLVED_AFTER_CATALOGUE_SCAN,NO_EXACT_PUBLIC_OR_OFFICIAL_INGREDIENT_EVIDENCE,,,UNKNOWN,UNKNOWN_REFERENCE_ONLY,,,,,NO_ACCEPTED_IDENTITY_JOIN,,,,2026-10-04,recommendation-composition-catalog-v3,RDA_3248_FULL_CATALOGUE|MFDS_PUBLIC_RECIPES_1_350|KTO_970_FULL_CATALOGUE|EXISTING_KFIND_FIELDS|RDA_PUBLIC_DIET_268_FULL_CATALOGUE|EXACT_OFFICIAL_BRAND_EVIDENCE|CATALOG_RECOMMENDATION_REVIEWED_OFFICIAL_SOURCES
kfind-catalog-d103-146000000-0001,떡만두국,kfind-d103-146000000-0001,D103-146000000-0001,,SOURCED_PARTIAL_COMPOSITION,ELIGIBLE,가래떡|닭고기|두부|숙주|양파|당면|달걀|김|마늘|소금|참기름|후춧가루|대파,GRAIN_UNSPECIFIED|LEGUME_SOY|POULTRY|VEGETABLE,REFERENCE_PARTIAL,UNKNOWN_REFERENCE_ONLY,가래떡 100g,"<만두소> 닭고기 150g, 두부 150g(1/3모), 숙주(삶은것) 100g, 양파 40g(1/4개), 당면(삶은것) 100g, 달걀 50g(1개), 김 4g(2장), 다진 마늘 24g(2큰술), 소금 4g(1작은술), 참기름 3g(1작은술), 후춧가루 1g(1/3작은술), 대파 25g(2/3뿌리) <만두피> 밀가루 110g(1컵), 물 50ml(1/4컵), 소금 1g(1작은술) <장국국물> 멸치 16g(8마리), 물 1.6L(8컵), 국간장 18g(1큰술) <고명> 대파 10g(1/4뿌리), 김 4g(2장)",RDA-90742,RDA-DIET-89419-0,만두국/만둣국의 사이시옷 표기 차이만 연결; 만두 종류나 영양·제공량을 다른 제품으로 복사하지 않음,https://www.nics.go.kr/food/kfi/tfSrch08/view?menuId=PS03520&tfcode=90742,"농촌진흥청, 농촌 식생활 향상을 위한 식생활 평가시스템 개발연구 보고서, 2000",c4d005eb457eff773dd317228fd736ed5076d132263b8b083448fcdf7d469878,2026-10-04,recommendation-composition-catalog-v3,RDA_3248_FULL_CATALOGUE|MFDS_PUBLIC_RECIPES_1_350|KTO_970_FULL_CATALOGUE|EXISTING_KFIND_FIELDS|RDA_PUBLIC_DIET_268_FULL_CATALOGUE|EXACT_OFFICIAL_BRAND_EVIDENCE|CATALOG_RECOMMENDATION_REVIEWED_OFFICIAL_SOURCES
kfind-catalog-d103-148000000-0001,라면,kfind-d103-148000000-0001,D103-148000000-0001,,SOURCED_PARTIAL_COMPOSITION,VERIFIED_NO_PREFERRED_GROUP,인스턴트 면|달걀|파,GRAIN_UNSPECIFIED|EGG,REFERENCE_PARTIAL,UNKNOWN_REFERENCE_ONLY,,,KTO-178959,,REVIEWED_SOURCE_DEFINITION_OR_EXISTING_EVIDENCE,https://english.visitkorea.or.kr/svc/sp/food/ext/special_view.do?menuSn=913&vcontsId=178959,한국관광공사 공식 음식 소개,2c16c7a6fe43ccf18e62085f3850ef4a16d725265e2b41e88dc82fd323089943,2026-10-04,recommendation-composition-catalog-v3,RDA_3248_FULL_CATALOGUE|MFDS_PUBLIC_RECIPES_1_350|KTO_970_FULL_CATALOGUE|EXISTING_KFIND_FIELDS|RDA_PUBLIC_DIET_268_FULL_CATALOGUE|EXACT_OFFICIAL_BRAND_EVIDENCE|CATALOG_RECOMMENDATION_REVIEWED_OFFICIAL_SOURCES
kfind-catalog-d303-151000000-0001,만두국,kfind-d303-151000000-0001,D303-151000000-0001,,SOURCED_PARTIAL_COMPOSITION,ELIGIBLE,밀가루|물|소금|건표고버섯|두부|숙주|배추김치|파|마늘|깨소금|참기름½큰술  달걀|실고추|대파|국간장|마늘½큰술|물 적량|후춧가루·참기름 약간,GRAIN_UNSPECIFIED|LEGUME_SOY|VEGETABLE,REFERENCE_PARTIAL,UNKNOWN_REFERENCE_ONLY,,"<만두피> 밀가루 220g(2컵), 물 8큰술, 소금 1작은술 <만두소> 쇠고기(우둔살) 100g, 건표고버섯 5g(2개), 두부 100g, 숙주 100g, 배추김치 200g <만두소 양념> 소금2작은술, 다진 파 2큰술, 다진 마늘 1큰술, 깨소금 1큰술, 참기름½큰술 <고명> 달걀50g(1개), 실고추5g, 대파35g(1뿌리), 다진 마늘 1큰술 <육수> 쇠고기(양지머리)150g, 국간장2작은술, 다진 마늘½큰술, 물 적량, 후춧가루·참기름 약간",RDA-90393,,만두국/만둣국의 사이시옷 표기 차이만 연결; 지역 별칭 병시는 원문에 명시,https://www.nics.go.kr/food/kfi/tfSrch08/view?menuId=PS03520&tfcode=90393,"전희정·이효지·한영실, 한국전통음식, 문화관광부, 2000",64b218d748e4638ae4c6b5a4693748c6f8efa8924ddc65cdc2522da2d26a0fbe,2026-10-04,recommendation-composition-catalog-v3,RDA_3248_FULL_CATALOGUE|MFDS_PUBLIC_RECIPES_1_350|KTO_970_FULL_CATALOGUE|EXISTING_KFIND_FIELDS|RDA_PUBLIC_DIET_268_FULL_CATALOGUE|EXACT_OFFICIAL_BRAND_EVIDENCE|CATALOG_RECOMMENDATION_REVIEWED_OFFICIAL_SOURCES
kfind-catalog-d303-156000000-0001,분짜,kfind-d303-156000000-0001,D303-156000000-0001,,UNRESOLVED_AFTER_CATALOGUE_SCAN,NO_EXACT_PUBLIC_OR_OFFICIAL_INGREDIENT_EVIDENCE,,,UNKNOWN,UNKNOWN_REFERENCE_ONLY,,,,,NO_ACCEPTED_IDENTITY_JOIN,,,,2026-10-04,recommendation-composition-catalog-v3,RDA_3248_FULL_CATALOGUE|MFDS_PUBLIC_RECIPES_1_350|KTO_970_FULL_CATALOGUE|EXISTING_KFIND_FIELDS|RDA_PUBLIC_DIET_268_FULL_CATALOGUE|EXACT_OFFICIAL_BRAND_EVIDENCE|CATALOG_RECOMMENDATION_REVIEWED_OFFICIAL_SOURCES
kfind-catalog-d303-157000000-0001,비빔국수,kfind-d303-157000000-0001,D303-157000000-0001,,SOURCED_PARTIAL_COMPOSITION,VERIFIED_DEEP_FRIED,국수|쇠고기|고사리|청포묵|달걀|도라지|애호박|다시마|소금 약간|식용유 적량,EGG|GRAIN_UNSPECIFIED|RED_MEAT|VEGETABLE,REFERENCE_PARTIAL,UNKNOWN_REFERENCE_ONLY,"국수 400g, 쇠고기 100g, 삶은 고사리 100g, 청포묵 100g, 달걀 100g(2개), 도라지 70g, 애호박 70g, 다시마 20g(1장), 소금 약간, 식용유 적량","<쇠고기 양념> 간장 1작은술, 설탕 약간, 후춧가루 약간, 깨소금 약간, 참기름 약간, 다진 파 약간, 다진 마늘 약간 <고사리 양념> 간장 1작은술, 참기름 약간, 물 1큰술 <청포묵 양념> 참기름 1작은술, 소금 약간 <양념장> 간장 1큰술, 설탕 1/2큰술, 참기름 1작은술, 깨소금 1작은술",RDA-91000,RDA-92343,SOURCE_TITLE_EXACT_OR_EXPLICIT_SYNONYM,https://www.nics.go.kr/food/kfi/tfSrch08/view?menuId=PS03520&tfcode=91000,농촌진흥청 농식품 올바로 전통향토음식 (RDA-91000),549b72d7087aac0bab1ca2b1da509b40d49273e86f39134df874af93e3ab64aa,2026-10-04,recommendation-composition-catalog-v3,RDA_3248_FULL_CATALOGUE|MFDS_PUBLIC_RECIPES_1_350|KTO_970_FULL_CATALOGUE|EXISTING_KFIND_FIELDS|RDA_PUBLIC_DIET_268_FULL_CATALOGUE|EXACT_OFFICIAL_BRAND_EVIDENCE|CATALOG_RECOMMENDATION_REVIEWED_OFFICIAL_SOURCES
kfind-catalog-d103-160000000-0001,수제비,kfind-d103-160000000-0001,D103-160000000-0001,,SOURCED_PARTIAL_COMPOSITION,ELIGIBLE,밀가루|반죽물|감자|애호박|멸치|달걀|물|마늘|국간장|대파|소금|들기름,FISH|GRAIN_UNSPECIFIED|ROOT_STARCH,REFERENCE_PARTIAL,UNKNOWN_REFERENCE_ONLY,"밀가루 300g(2 3/4컵), 반죽물 100ml(1/2컵), 감자 300g(2개), 애호박 100g(1/4개), 멸치 300g(15마리), 달걀 50g(1개), 물 2L(10컵), 다진마늘 12g(1큰술), 국간장 8g(1/2큰술), 대파 35g(1뿌리), 소금 6g(1 2/3작은술), 들기름 2g(1/2작은술)",,RDA-90739,MFDS-196|RDA-89945,SOURCE_TITLE_EXACT_OR_EXPLICIT_SYNONYM,https://www.nics.go.kr/food/kfi/tfSrch08/view?menuId=PS03520&tfcode=90739,"농촌진흥청, 농촌 식생활 향상을 위한 식생활 평가시스템 개발연구 보고서 2000",de45007f3e073cc46a2442b52ff7699ecdaf4a83531b5a043a6b3f15fedba74a,2026-10-04,recommendation-composition-catalog-v3,RDA_3248_FULL_CATALOGUE|MFDS_PUBLIC_RECIPES_1_350|KTO_970_FULL_CATALOGUE|EXISTING_KFIND_FIELDS|RDA_PUBLIC_DIET_268_FULL_CATALOGUE|EXACT_OFFICIAL_BRAND_EVIDENCE|CATALOG_RECOMMENDATION_REVIEWED_OFFICIAL_SOURCES
kfind-catalog-d303-162000000-0001,쌀국수,kfind-d303-162000000-0001,D303-162000000-0001,,UNRESOLVED_AFTER_CATALOGUE_SCAN,NO_EXACT_PUBLIC_OR_OFFICIAL_INGREDIENT_EVIDENCE,,,UNKNOWN,UNKNOWN_REFERENCE_ONLY,,,,,NO_ACCEPTED_IDENTITY_JOIN,,,,2026-10-04,recommendation-composition-catalog-v3,RDA_3248_FULL_CATALOGUE|MFDS_PUBLIC_RECIPES_1_350|KTO_970_FULL_CATALOGUE|EXISTING_KFIND_FIELDS|RDA_PUBLIC_DIET_268_FULL_CATALOGUE|EXACT_OFFICIAL_BRAND_EVIDENCE|CATALOG_RECOMMENDATION_REVIEWED_OFFICIAL_SOURCES
kfind-catalog-d303-163000000-0001,올갱이국수,kfind-d303-163000000-0001,D303-163000000-0001,,UNRESOLVED_AFTER_CATALOGUE_SCAN,NO_EXACT_PUBLIC_OR_OFFICIAL_INGREDIENT_EVIDENCE,,,UNKNOWN,UNKNOWN_REFERENCE_ONLY,,,,,NO_ACCEPTED_IDENTITY_JOIN,,,,2026-10-04,recommendation-composition-catalog-v3,RDA_3248_FULL_CATALOGUE|MFDS_PUBLIC_RECIPES_1_350|KTO_970_FULL_CATALOGUE|EXISTING_KFIND_FIELDS|RDA_PUBLIC_DIET_268_FULL_CATALOGUE|EXACT_OFFICIAL_BRAND_EVIDENCE|CATALOG_RECOMMENDATION_REVIEWED_OFFICIAL_SOURCES
kfind-catalog-d103-165000000-0001,우동볶음,kfind-d103-165000000-0001,D103-165000000-0001,,UNRESOLVED_AFTER_CATALOGUE_SCAN,NO_EXACT_PUBLIC_OR_OFFICIAL_INGREDIENT_EVIDENCE,,,UNKNOWN,UNKNOWN_REFERENCE_ONLY,,,,,NO_ACCEPTED_IDENTITY_JOIN,,,,2026-10-04,recommendation-composition-catalog-v3,RDA_3248_FULL_CATALOGUE|MFDS_PUBLIC_RECIPES_1_350|KTO_970_FULL_CATALOGUE|EXISTING_KFIND_FIELDS|RDA_PUBLIC_DIET_268_FULL_CATALOGUE|EXACT_OFFICIAL_BRAND_EVIDENCE|CATALOG_RECOMMENDATION_REVIEWED_OFFICIAL_SOURCES
kfind-catalog-d303-166000000-0001,울면,kfind-d303-166000000-0001,D303-166000000-0001,,UNRESOLVED_AFTER_CATALOGUE_SCAN,NO_EXACT_PUBLIC_OR_OFFICIAL_INGREDIENT_EVIDENCE,,,UNKNOWN,UNKNOWN_REFERENCE_ONLY,,,,,NO_ACCEPTED_IDENTITY_JOIN,,,,2026-10-04,recommendation-composition-catalog-v3,RDA_3248_FULL_CATALOGUE|MFDS_PUBLIC_RECIPES_1_350|KTO_970_FULL_CATALOGUE|EXISTING_KFIND_FIELDS|RDA_PUBLIC_DIET_268_FULL_CATALOGUE|EXACT_OFFICIAL_BRAND_EVIDENCE|CATALOG_RECOMMENDATION_REVIEWED_OFFICIAL_SOURCES
kfind-catalog-d103-167000000-0001,월남쌈,kfind-d103-167000000-0001,D103-167000000-0001,,UNRESOLVED_AFTER_CATALOGUE_SCAN,NO_EXACT_PUBLIC_OR_OFFICIAL_INGREDIENT_EVIDENCE,,,UNKNOWN,UNKNOWN_REFERENCE_ONLY,,,,,NO_ACCEPTED_IDENTITY_JOIN,,,,2026-10-04,recommendation-composition-catalog-v3,RDA_3248_FULL_CATALOGUE|MFDS_PUBLIC_RECIPES_1_350|KTO_970_FULL_CATALOGUE|EXISTING_KFIND_FIELDS|RDA_PUBLIC_DIET_268_FULL_CATALOGUE|EXACT_OFFICIAL_BRAND_EVIDENCE|CATALOG_RECOMMENDATION_REVIEWED_OFFICIAL_SOURCES
kfind-catalog-d103-168000000-0001,자장면,kfind-d103-168000000-0001,D103-168000000-0001,,SOURCED_PARTIAL_COMPOSITION,VERIFIED_NO_PREFERRED_GROUP,돼지고기|양파|호박|짜장소스|밀가루 국수,GRAIN_UNSPECIFIED|RED_MEAT|VEGETABLE,REFERENCE_PARTIAL,UNKNOWN_REFERENCE_ONLY,,,KTO-179699,,REVIEWED_EXACT_DISH_SYNONYM:짜장면,https://english.visitkorea.or.kr/svc/sp/food/ext/special_view.do?menuSn=913&vcontsId=179699,한국관광공사 공식 음식 소개,6b5798ed768a59f5e103020dd4dad1aae733a80676199fc2da1b22602ddb2188,2026-10-04,recommendation-composition-catalog-v3,RDA_3248_FULL_CATALOGUE|MFDS_PUBLIC_RECIPES_1_350|KTO_970_FULL_CATALOGUE|EXISTING_KFIND_FIELDS|RDA_PUBLIC_DIET_268_FULL_CATALOGUE|EXACT_OFFICIAL_BRAND_EVIDENCE|CATALOG_RECOMMENDATION_REVIEWED_OFFICIAL_SOURCES
kfind-catalog-d103-172000000-0001,짬뽕,kfind-d103-172000000-0001,D103-172000000-0001,,SOURCED_PARTIAL_COMPOSITION,ELIGIBLE,면|돼지고기|채소|해물|닭 또는 돼지 뼈 육수,GRAIN_UNSPECIFIED|RED_MEAT|VEGETABLE|SEAFOOD,REFERENCE_PARTIAL,UNKNOWN_REFERENCE_ONLY,,,KTO-179704,,REVIEWED_SOURCE_DEFINITION_OR_EXISTING_EVIDENCE,https://english.visitkorea.or.kr/svc/sp/food/ext/special_view.do?menuSn=913&vcontsId=179704,한국관광공사 공식 음식 소개,b671782f951aa0af45375efdd89afe8156a409b5f791bc6553c7bb64f3e1f591,2026-10-04,recommendation-composition-catalog-v3,RDA_3248_FULL_CATALOGUE|MFDS_PUBLIC_RECIPES_1_350|KTO_970_FULL_CATALOGUE|EXISTING_KFIND_FIELDS|RDA_PUBLIC_DIET_268_FULL_CATALOGUE|EXACT_OFFICIAL_BRAND_EVIDENCE|CATALOG_RECOMMENDATION_REVIEWED_OFFICIAL_SOURCES
kfind-catalog-d103-174000000-0001,칼국수,kfind-d103-174000000-0001,D103-174000000-0001,,SOURCED_PARTIAL_COMPOSITION,VERIFIED_NO_PREFERRED_GROUP,밀가루|반죽물|애호박|멸치|달걀|쇠고기|감자|표고버섯|통마늘|대파|김|물|국간장|소금|참기름,EGG|GRAIN_UNSPECIFIED|RED_MEAT|ROOT_STARCH|VEGETABLE,REFERENCE_PARTIAL,UNKNOWN_REFERENCE_ONLY,"밀가루 320g(3컵), 반죽물 100ml(1/2컵), 애호박 140g(1/3개), 멸치 10g(5마리), 달걀 100g(2개), 쇠고기(양지머리) 100g, 감자 150g(1개), 표고버섯 25g(2개), 통마늘 4g(1쪽), 대파 20g(1/2뿌리), 김 4g(2장), 물 2L(10컵), 국간장 28g(1 2/3큰술), 소금 2g(1/2작은술), 참기름 6g(1/2큰술)",,RDA-90740,,SOURCE_TITLE_EXACT_OR_EXPLICIT_SYNONYM,https://www.nics.go.kr/food/kfi/tfSrch08/view?menuId=PS03520&tfcode=90740,"농촌진흥청, 농촌 식생활 향상을 위한 식생활 평가시스템 개발연구 보고서, 2000",065ed5a086fdf414166b745d6897e07d813fc9400467827b2770c5ff38c2879e,2026-10-04,recommendation-composition-catalog-v3,RDA_3248_FULL_CATALOGUE|MFDS_PUBLIC_RECIPES_1_350|KTO_970_FULL_CATALOGUE|EXISTING_KFIND_FIELDS|RDA_PUBLIC_DIET_268_FULL_CATALOGUE|EXACT_OFFICIAL_BRAND_EVIDENCE|CATALOG_RECOMMENDATION_REVIEWED_OFFICIAL_SOURCES
kfind-catalog-d103-175000000-0001,콩국수,kfind-d103-175000000-0001,D103-175000000-0001,,SOURCED_PARTIAL_COMPOSITION,ELIGIBLE,콩|국수,LEGUME_SOY|GRAIN_UNSPECIFIED,REFERENCE_PARTIAL,UNKNOWN_REFERENCE_ONLY,,,,RDA-90167|RDA-92090|RDA-92344|RDA-DIET-89270-0,REVIEWED_SOURCE_DEFINITION_OR_EXISTING_EVIDENCE,https://english.visitkorea.or.kr/svc/thingsToDo/foodTrip/special_view.do?vcontsId=178884,한국관광공사 음식 소개,,2026-10-04,recommendation-composition-catalog-v3,RDA_3248_FULL_CATALOGUE|MFDS_PUBLIC_RECIPES_1_350|KTO_970_FULL_CATALOGUE|EXISTING_KFIND_FIELDS|RDA_PUBLIC_DIET_268_FULL_CATALOGUE|EXACT_OFFICIAL_BRAND_EVIDENCE|CATALOG_RECOMMENDATION_REVIEWED_OFFICIAL_SOURCES
kfind-catalog-d303-177000000-0002,팟타이,kfind-d303-177000000-0002,D303-177000000-0002,,UNRESOLVED_AFTER_CATALOGUE_SCAN,NO_EXACT_PUBLIC_OR_OFFICIAL_INGREDIENT_EVIDENCE,,,UNKNOWN,UNKNOWN_REFERENCE_ONLY,,,,,NO_ACCEPTED_IDENTITY_JOIN,,,,2026-10-04,recommendation-composition-catalog-v3,RDA_3248_FULL_CATALOGUE|MFDS_PUBLIC_RECIPES_1_350|KTO_970_FULL_CATALOGUE|EXISTING_KFIND_FIELDS|RDA_PUBLIC_DIET_268_FULL_CATALOGUE|EXACT_OFFICIAL_BRAND_EVIDENCE|CATALOG_RECOMMENDATION_REVIEWED_OFFICIAL_SOURCES
kfind-catalog-d105-199000000-0001,갈비탕,kfind-d105-199000000-0001,D105-199000000-0001,,SOURCED_PARTIAL_COMPOSITION,VERIFIED_NO_PREFERRED_GROUP,쇠갈비|우거지|된장|물 적량|소금 약간,RED_MEAT|VEGETABLE,REFERENCE_PARTIAL,UNKNOWN_REFERENCE_ONLY,"쇠갈비 240g, 우거지 200g, 된장 3큰술, 물 적량, 소금 약간","<다진 양념> 다진 고추 1큰술, 다진 마늘 1큰술",RDA-90743,RDA-92346|RDA-90400,SOURCE_TITLE_EXACT_OR_EXPLICIT_SYNONYM,https://www.nics.go.kr/food/kfi/tfSrch08/view?menuId=PS03520&tfcode=90743,농촌진흥청 농식품 올바로 전통향토음식 (RDA-90743),fe8ca3d81dd2a6bcf2d9a165ffb96add9ecb1f3f555be7b8d9f6d04dd9649530,2026-10-04,recommendation-composition-catalog-v3,RDA_3248_FULL_CATALOGUE|MFDS_PUBLIC_RECIPES_1_350|KTO_970_FULL_CATALOGUE|EXISTING_KFIND_FIELDS|RDA_PUBLIC_DIET_268_FULL_CATALOGUE|EXACT_OFFICIAL_BRAND_EVIDENCE|CATALOG_RECOMMENDATION_REVIEWED_OFFICIAL_SOURCES
kfind-catalog-d105-200000000-0001,감자국,kfind-d105-200000000-0001,D105-200000000-0001,,SOURCED_PARTIAL_COMPOSITION,ELIGIBLE,감자|양파|멸치장국국물|고춧가루|마늘|소금,ROOT_STARCH|VEGETABLE,REFERENCE_PARTIAL,UNKNOWN_REFERENCE_ONLY,"감자 300g(2개), 양파 80g(1/2개), 멸치장국국물(멸치 · 다시마 · 물) 1.4L(4컵), 고춧가루 1작은술, 다진 마늘 1작은술, 소금 1작은술",,RDA-91015,RDA-90744|RDA-DIET-89239-1|RDA-DIET-89267-0|RDA-DIET-89302-2|RDA-DIET-89362-1|RDA-DIET-89450-2,SOURCE_EXACT_SAME_TITLE_ADDITIONAL_QUANTITY_DECLARED_RECIPE,https://www.nics.go.kr/food/kfi/tfSrch08/view?menuId=PS03520&tfcode=91015,농촌진흥청 농식품 올바로 전통향토음식 (RDA-91015),6e69c1d6952d32913e4b62267e3b2d9453f235ca518ec7a70eab9f2219cb65a3,2026-10-04,recommendation-composition-catalog-v3,RDA_3248_FULL_CATALOGUE|MFDS_PUBLIC_RECIPES_1_350|KTO_970_FULL_CATALOGUE|EXISTING_KFIND_FIELDS|RDA_PUBLIC_DIET_268_FULL_CATALOGUE|EXACT_OFFICIAL_BRAND_EVIDENCE|CATALOG_RECOMMENDATION_REVIEWED_OFFICIAL_SOURCES
kfind-catalog-d305-201000000-0001,게국지,kfind-d305-201000000-0001,D305-201000000-0001,,SOURCED_PARTIAL_COMPOSITION,ELIGIBLE,꽃게|김치,SEAFOOD|VEGETABLE,REFERENCE_PARTIAL,UNKNOWN_REFERENCE_ONLY,,,KTO-179219,,REVIEWED_SOURCE_DEFINITION_OR_EXISTING_EVIDENCE,https://english.visitkorea.or.kr/svc/sp/food/ext/special_view.do?menuSn=913&vcontsId=179219,한국관광공사 공식 음식 소개,79ef76287557cb1738a370398dcb970cc7d178b8e065c24d2b54edced84f97d0,2026-10-04,recommendation-composition-catalog-v3,RDA_3248_FULL_CATALOGUE|MFDS_PUBLIC_RECIPES_1_350|KTO_970_FULL_CATALOGUE|EXISTING_KFIND_FIELDS|RDA_PUBLIC_DIET_268_FULL_CATALOGUE|EXACT_OFFICIAL_BRAND_EVIDENCE|CATALOG_RECOMMENDATION_REVIEWED_OFFICIAL_SOURCES
kfind-catalog-d305-202000000-0001,곰치국,kfind-d305-202000000-0001,D305-202000000-0001,,SOURCED_PARTIAL_COMPOSITION,ELIGIBLE,곰치,FISH,REFERENCE_PARTIAL,UNKNOWN_REFERENCE_ONLY,,,KTO-178129,RDA-91829,REVIEWED_SOURCE_DEFINITION_OR_EXISTING_EVIDENCE,https://english.visitkorea.or.kr/svc/sp/food/ext/special_view.do?menuSn=913&vcontsId=178129,한국관광공사 공식 음식 소개,bc740699d599848b77f82e090b45b4036cc4a1ad784a4e8dde58c77f1d930553,2026-10-04,recommendation-composition-catalog-v3,RDA_3248_FULL_CATALOGUE|MFDS_PUBLIC_RECIPES_1_350|KTO_970_FULL_CATALOGUE|EXISTING_KFIND_FIELDS|RDA_PUBLIC_DIET_268_FULL_CATALOGUE|EXACT_OFFICIAL_BRAND_EVIDENCE|CATALOG_RECOMMENDATION_REVIEWED_OFFICIAL_SOURCES
kfind-catalog-d105-203000000-0001,곰탕,kfind-d105-203000000-0001,D105-203000000-0001,,SOURCED_PARTIAL_COMPOSITION,VERIFIED_NO_PREFERRED_GROUP,쇠고기|내장 적량|무|물|대파|국간장 적량|소금 적량,RED_MEAT|VEGETABLE,REFERENCE_PARTIAL,UNKNOWN_REFERENCE_ONLY,"쇠고기(양지머리) 150g, 내장(양, 곱창, 곤자소니) 적량, 무 400g(1/2 개), 물 2.4L(12컵), 대파 20g(1/2뿌리), 국간장 적량, 소금 적량","<고기 양념> 간장, 다진 파, 다진 마늘, 참기름, 후춧가루 적량",RDA-91018,RDA-90746,SOURCE_TITLE_EXACT_OR_EXPLICIT_SYNONYM,https://www.nics.go.kr/food/kfi/tfSrch08/view?menuId=PS03520&tfcode=91018,"전남광주통합특별시 농촌진흥원, 남도의 맛, 1992 농촌진흥청 농촌생활연구소(현 농촌자원개발연구소), 전통지식 모음집(생활문화편), 1997 광주향토음식문화연구회, 향토음식문화상품개발 상차림 선물음식, 2001 전남광주통합특별시 북구, 향토음식 박물관 건립 방안 연구, 2003",d855eae7c7b7658b3a6782f3787f60d0bbded7b67949adbcd8139a601ab38b35,2026-10-04,recommendation-composition-catalog-v3,RDA_3248_FULL_CATALOGUE|MFDS_PUBLIC_RECIPES_1_350|KTO_970_FULL_CATALOGUE|EXISTING_KFIND_FIELDS|RDA_PUBLIC_DIET_268_FULL_CATALOGUE|EXACT_OFFICIAL_BRAND_EVIDENCE|CATALOG_RECOMMENDATION_REVIEWED_OFFICIAL_SOURCES
kfind-catalog-d105-205000000-0001,김치국,kfind-d105-205000000-0001,D105-205000000-0001,,SOURCED_PARTIAL_COMPOSITION,ELIGIBLE,배추김치|두부|콩나물|멸치|물|대파|마늘|참기름|소금|고춧가루,LEGUME_SOY|VEGETABLE,REFERENCE_PARTIAL,UNKNOWN_REFERENCE_ONLY,"배추김치 150g, 두부 60g, 콩나물 100g, 멸치 15g(8마리), 물 1.6L(8컵), 대파 10g(1/4뿌리), 다진 마늘 4g(2/3작은술), 참기름 2g(1/3작은술), 소금 3g(2/3작은술), 고춧가루 4g(2작은술)",,RDA-90747,,김치국/김칫국의 사이시옷 표기 차이만 연결; 다른 국의 recipe·영양·분량으로 일반화하지 않음,https://www.nics.go.kr/food/kfi/tfSrch08/view?menuId=PS03520&tfcode=90747,"농촌진흥청 농촌생활연구소(현 농촌자원개발연구소), 소비자가 알기 쉬운 식품영양가표, 2002 서울특별시 교육청, 중·고등학생을 위한 학교급식 표준식단, 2002",03126b6369b6f0affa7f282764cb62c17609600401b55b5474e50b1d6f318483,2026-10-04,recommendation-composition-catalog-v3,RDA_3248_FULL_CATALOGUE|MFDS_PUBLIC_RECIPES_1_350|KTO_970_FULL_CATALOGUE|EXISTING_KFIND_FIELDS|RDA_PUBLIC_DIET_268_FULL_CATALOGUE|EXACT_OFFICIAL_BRAND_EVIDENCE|CATALOG_RECOMMENDATION_REVIEWED_OFFICIAL_SOURCES
kfind-catalog-d305-207000000-0001,낙지탕,kfind-d305-207000000-0001,D305-207000000-0001,,SOURCED_PARTIAL_COMPOSITION,ELIGIBLE,낙지|박,SEAFOOD|VEGETABLE,REFERENCE_PARTIAL,UNKNOWN_REFERENCE_ONLY,,,KTO-180163,,REVIEWED_SOURCE_DEFINITION_OR_EXISTING_EVIDENCE,https://english.visitkorea.or.kr/svc/sp/food/ext/special_view.do?menuSn=913&vcontsId=180163,한국관광공사 공식 음식 소개,d616f98daa783ba69b052d02fcb5f8e337c08d591c9c2551810dc09436f77964,2026-10-04,recommendation-composition-catalog-v3,RDA_3248_FULL_CATALOGUE|MFDS_PUBLIC_RECIPES_1_350|KTO_970_FULL_CATALOGUE|EXISTING_KFIND_FIELDS|RDA_PUBLIC_DIET_268_FULL_CATALOGUE|EXACT_OFFICIAL_BRAND_EVIDENCE|CATALOG_RECOMMENDATION_REVIEWED_OFFICIAL_SOURCES
kfind-catalog-d105-208000000-0001,내장탕,kfind-d105-208000000-0001,D105-208000000-0001,,UNRESOLVED_AFTER_CATALOGUE_SCAN,NO_EXACT_PUBLIC_OR_OFFICIAL_INGREDIENT_EVIDENCE,,,UNKNOWN,UNKNOWN_REFERENCE_ONLY,,,,,NO_ACCEPTED_IDENTITY_JOIN,,,,2026-10-04,recommendation-composition-catalog-v3,RDA_3248_FULL_CATALOGUE|MFDS_PUBLIC_RECIPES_1_350|KTO_970_FULL_CATALOGUE|EXISTING_KFIND_FIELDS|RDA_PUBLIC_DIET_268_FULL_CATALOGUE|EXACT_OFFICIAL_BRAND_EVIDENCE|CATALOG_RECOMMENDATION_REVIEWED_OFFICIAL_SOURCES
kfind-catalog-d105-210000000-0001,달걀국,kfind-d105-210000000-0001,D105-210000000-0001,,SOURCED_PARTIAL_COMPOSITION,ELIGIBLE,달걀|양파|물|대파|깨소금|소금|마늘,EGG|VEGETABLE,REFERENCE_PARTIAL,UNKNOWN_REFERENCE_ONLY,"달걀 100g(2개), 양파 20g, 물 1.2L(6컵), 대파 20g(1/2뿌리), 깨소금 3g(1작은술), 소금 6g(1 1/3큰술), 다진 마늘 6g(1작은술)",,RDA-90749,,SOURCE_TITLE_EXACT_OR_EXPLICIT_SYNONYM,https://www.nics.go.kr/food/kfi/tfSrch08/view?menuId=PS03520&tfcode=90749,"농촌진흥청, 농촌 식생활 향상을 위한 식생활 평가 시스템 개발연구 보고서, 2000 농촌진흥청 농촌생활연구소(현 농촌자원개발연구소), 소비자가 알기 쉬운 식품영양가표, 2002",8585f70930e14da988e9600ec81706be455bcc98d920f36e24063f20d0bf4270,2026-10-04,recommendation-composition-catalog-v3,RDA_3248_FULL_CATALOGUE|MFDS_PUBLIC_RECIPES_1_350|KTO_970_FULL_CATALOGUE|EXISTING_KFIND_FIELDS|RDA_PUBLIC_DIET_268_FULL_CATALOGUE|EXACT_OFFICIAL_BRAND_EVIDENCE|CATALOG_RECOMMENDATION_REVIEWED_OFFICIAL_SOURCES
kfind-catalog-d105-213000000-0001,닭곰탕,kfind-d105-213000000-0001,D105-213000000-0001,,SOURCED_PARTIAL_COMPOSITION,ELIGIBLE,닭고기|숙주|무|고사리|양파|파|마늘|국간장|홍고추|고춧가루|생강|소금|후춧가루,POULTRY|VEGETABLE,REFERENCE_PARTIAL,UNKNOWN_REFERENCE_ONLY,"재료량(4인분) 닭고기 160g, 숙주 70g, 무 60g, 고사리 50g, 양파 40g, 파 20g, 다진 마늘 8g, 국간장 7g, 홍고추 5g, 고춧가루 5g, 생강 4g, 소금 3.5g, 후춧가루 0.4g",,MFDS-261,,SOURCE_TITLE_EXACT_OR_EXPLICIT_SYNONYM,https://www.foodsafetykorea.go.kr/popup/sensuousmenuView.do?rcp_menu_no=261,공개 조리법 rcp_menu_no=261,510eeeb51082bf50e1ae6586d9ccce753df6a84e90fe08e3abff8b7b50f10353,2026-10-04,recommendation-composition-catalog-v3,RDA_3248_FULL_CATALOGUE|MFDS_PUBLIC_RECIPES_1_350|KTO_970_FULL_CATALOGUE|EXISTING_KFIND_FIELDS|RDA_PUBLIC_DIET_268_FULL_CATALOGUE|EXACT_OFFICIAL_BRAND_EVIDENCE|CATALOG_RECOMMENDATION_REVIEWED_OFFICIAL_SOURCES
kfind-catalog-d105-215000000-0001,도가니탕,kfind-d105-215000000-0001,D105-215000000-0001,,SOURCED_PARTIAL_COMPOSITION,VERIFIED_NO_PREFERRED_GROUP,소 무릎 연골|힘줄|쇠고기 양지|쇠고기 사태|파|마늘|후추,RED_MEAT,REFERENCE_PARTIAL,UNKNOWN_REFERENCE_ONLY,,,KTO-178304,,REVIEWED_SOURCE_DEFINITION_OR_EXISTING_EVIDENCE,https://english.visitkorea.or.kr/svc/sp/food/ext/special_view.do?menuSn=913&vcontsId=178304,한국관광공사 공식 음식 소개,6222e6ea8300933b5c8eb94150fae9aad0ec51295ed7f5adc6cb83faedd8eb57,2026-10-04,recommendation-composition-catalog-v3,RDA_3248_FULL_CATALOGUE|MFDS_PUBLIC_RECIPES_1_350|KTO_970_FULL_CATALOGUE|EXISTING_KFIND_FIELDS|RDA_PUBLIC_DIET_268_FULL_CATALOGUE|EXACT_OFFICIAL_BRAND_EVIDENCE|CATALOG_RECOMMENDATION_REVIEWED_OFFICIAL_SOURCES
kfind-catalog-d105-272000000-0001,동태국,kfind-d105-272000000-0001,D105-272000000-0001,,SOURCED_PARTIAL_COMPOSITION,ELIGIBLE,동태|무|양파|대파|물|마늘|생강|고춧가루|국간장|소금|후춧가루,FISH|VEGETABLE,REFERENCE_PARTIAL,UNKNOWN_REFERENCE_ONLY,"동태 240g(1/2마리), 무 200g, 양파 40g(1/4개), 대파 15g(1/3뿌리), 물 1.6L(8컵), 다진 마늘 6g(1작은술), 다진 생강 3g(1작은술), 고춧가루 5g(1큰술), 국간장 10g(2/3큰술), 소금 4g(1작은술), 후춧가루 1g(1/4작은술)",,RDA-90752,,SOURCE_TITLE_EXACT_OR_EXPLICIT_SYNONYM,https://www.nics.go.kr/food/kfi/tfSrch08/view?menuId=PS03520&tfcode=90752,"염초애·장명숙·윤숙자, 한국음식, 효일문화사, 1993 농촌진흥청 농업과학기술원 농촌생활연구소, 소비자가 알기 쉬운 식품영양가표, 2002",ca3ff1a31ae78f04cc3d739cb338a4afcb64d73c06146d8f73e480edd08a7203,2026-10-04,recommendation-composition-catalog-v3,RDA_3248_FULL_CATALOGUE|MFDS_PUBLIC_RECIPES_1_350|KTO_970_FULL_CATALOGUE|EXISTING_KFIND_FIELDS|RDA_PUBLIC_DIET_268_FULL_CATALOGUE|EXACT_OFFICIAL_BRAND_EVIDENCE|CATALOG_RECOMMENDATION_REVIEWED_OFFICIAL_SOURCES
kfind-catalog-d305-218000000-0001,매생이국,kfind-d305-218000000-0001,D305-218000000-0001,,SOURCED_PARTIAL_COMPOSITION,ELIGIBLE,매생이|굴|물|국간장|마늘|참기름 약간,SEAFOOD|VEGETABLE,REFERENCE_PARTIAL,UNKNOWN_REFERENCE_ONLY,"매생이 400g, 굴 100g, 물 1.6L(8컵), 국간장 2큰술, 다진 마늘 2큰술, 참기름 약간",,RDA-92104,,SOURCE_TITLE_EXACT_OR_EXPLICIT_SYNONYM,https://www.nics.go.kr/food/kfi/tfSrch08/view?menuId=PS03520&tfcode=92104,"여수시농업기술센터, 관광 여수의 맛자랑, 2001 완도군농업기술센터, 청해진 웰빙 음식의 맥을 찾아서, 2005",19a1e32b95bfff635389d2d7267bcfbdc048d01b36a9b48e247c69bc7e0425f8,2026-10-04,recommendation-composition-catalog-v3,RDA_3248_FULL_CATALOGUE|MFDS_PUBLIC_RECIPES_1_350|KTO_970_FULL_CATALOGUE|EXISTING_KFIND_FIELDS|RDA_PUBLIC_DIET_268_FULL_CATALOGUE|EXACT_OFFICIAL_BRAND_EVIDENCE|CATALOG_RECOMMENDATION_REVIEWED_OFFICIAL_SOURCES
kfind-catalog-d305-259000000-0001,무국물,kfind-d305-259000000-0001,D305-259000000-0001,,UNRESOLVED_AFTER_CATALOGUE_SCAN,NO_EXACT_PUBLIC_OR_OFFICIAL_INGREDIENT_EVIDENCE,,,UNKNOWN,UNKNOWN_REFERENCE_ONLY,,,,,NO_ACCEPTED_IDENTITY_JOIN,,,,2026-10-04,recommendation-composition-catalog-v3,RDA_3248_FULL_CATALOGUE|MFDS_PUBLIC_RECIPES_1_350|KTO_970_FULL_CATALOGUE|EXISTING_KFIND_FIELDS|RDA_PUBLIC_DIET_268_FULL_CATALOGUE|EXACT_OFFICIAL_BRAND_EVIDENCE|CATALOG_RECOMMENDATION_REVIEWED_OFFICIAL_SOURCES
kfind-catalog-d305-222000000-0001,미소된장국,kfind-d305-222000000-0001,D305-222000000-0001,,UNRESOLVED_AFTER_CATALOGUE_SCAN,NO_EXACT_PUBLIC_OR_OFFICIAL_INGREDIENT_EVIDENCE,,,UNKNOWN,UNKNOWN_REFERENCE_ONLY,,,,,NO_ACCEPTED_IDENTITY_JOIN,,,,2026-10-04,recommendation-composition-catalog-v3,RDA_3248_FULL_CATALOGUE|MFDS_PUBLIC_RECIPES_1_350|KTO_970_FULL_CATALOGUE|EXISTING_KFIND_FIELDS|RDA_PUBLIC_DIET_268_FULL_CATALOGUE|EXACT_OFFICIAL_BRAND_EVIDENCE|CATALOG_RECOMMENDATION_REVIEWED_OFFICIAL_SOURCES
kfind-catalog-d105-223000000-0001,미역국,kfind-d105-223000000-0001,D105-223000000-0001,,SOURCED_PARTIAL_COMPOSITION,ELIGIBLE,생미역|고사리|도라지|숙주|국간장|후춧가루|식초|전분|물 적량,VEGETABLE,REFERENCE_PARTIAL,UNKNOWN_REFERENCE_ONLY,"생미역 , 고사리 , 도라지 , 숙주 , 국간장 , 후춧가루 , 식초 , 전분 , 물 적량",,RDA-92108,RDA-90761|RDA-DIET-89255-1|RDA-DIET-89309-2|RDA-DIET-89431-1,SOURCE_TITLE_EXACT_OR_EXPLICIT_SYNONYM,https://www.nics.go.kr/food/kfi/tfSrch08/view?menuId=PS03520&tfcode=92108,"문화공보부 문화재관리국, 한국민속종합조사보고서(전남광주통합특별시편), 1968",d71627cca23aef69a15551f4fa1adc9914d36536e1100ec3764892fd79c20012,2026-10-04,recommendation-composition-catalog-v3,RDA_3248_FULL_CATALOGUE|MFDS_PUBLIC_RECIPES_1_350|KTO_970_FULL_CATALOGUE|EXISTING_KFIND_FIELDS|RDA_PUBLIC_DIET_268_FULL_CATALOGUE|EXACT_OFFICIAL_BRAND_EVIDENCE|CATALOG_RECOMMENDATION_REVIEWED_OFFICIAL_SOURCES
kfind-catalog-d105-226000000-0001,북어국,kfind-d105-226000000-0001,D105-226000000-0001,,SOURCED_PARTIAL_COMPOSITION,ELIGIBLE,북어|간장|마늘|소금|참기름|파,FISH,REFERENCE_PARTIAL,UNKNOWN_REFERENCE_ONLY,"재료량(4인분) - 북어 80g, 간장 8g, 다진마늘 4g, 소금 4g, 참기름 4g, 파 20g",,MFDS-289,RDA-DIET-89323-1|RDA-DIET-89415-2,SOURCE_TITLE_EXACT_OR_EXPLICIT_SYNONYM,https://www.foodsafetykorea.go.kr/popup/sensuousmenuView.do?rcp_menu_no=289,공개 조리법 rcp_menu_no=289,dd8375068446617dc5984beeebb661a8d1a9630a33af9bb2ae9344ef68aee2ef,2026-10-04,recommendation-composition-catalog-v3,RDA_3248_FULL_CATALOGUE|MFDS_PUBLIC_RECIPES_1_350|KTO_970_FULL_CATALOGUE|EXISTING_KFIND_FIELDS|RDA_PUBLIC_DIET_268_FULL_CATALOGUE|EXACT_OFFICIAL_BRAND_EVIDENCE|CATALOG_RECOMMENDATION_REVIEWED_OFFICIAL_SOURCES
kfind-catalog-d105-227000000-0001,사골국,kfind-d105-227000000-0001,D105-227000000-0001,,UNRESOLVED_AFTER_CATALOGUE_SCAN,NO_EXACT_PUBLIC_OR_OFFICIAL_INGREDIENT_EVIDENCE,,,UNKNOWN,UNKNOWN_REFERENCE_ONLY,,,,,NO_ACCEPTED_IDENTITY_JOIN,,,,2026-10-04,recommendation-composition-catalog-v3,RDA_3248_FULL_CATALOGUE|MFDS_PUBLIC_RECIPES_1_350|KTO_970_FULL_CATALOGUE|EXISTING_KFIND_FIELDS|RDA_PUBLIC_DIET_268_FULL_CATALOGUE|EXACT_OFFICIAL_BRAND_EVIDENCE|CATALOG_RECOMMENDATION_REVIEWED_OFFICIAL_SOURCES
kfind-catalog-d105-228000000-0001,삼계탕,kfind-d105-228000000-0001,D105-228000000-0001,,SOURCED_PARTIAL_COMPOSITION,VERIFIED_NO_PREFERRED_GROUP,닭|찹쌀|수삼|대추|마늘|물|소금 적량|후춧가루 적량,POULTRY,REFERENCE_PARTIAL,UNKNOWN_REFERENCE_ONLY,"닭 1kg(1마리), 찹쌀 50g(1/3컵), 수삼 1뿌리, 대추 10g(5개), 마늘 10g(2쪽), 물 3L(15컵), 소금 적량, 후춧가루 적량",,RDA-90757,RDA-91039|RDA-92347,SOURCE_TITLE_EXACT_OR_EXPLICIT_SYNONYM,https://www.nics.go.kr/food/kfi/tfSrch08/view?menuId=PS03520&tfcode=90757,"전남광주통합특별시 북구, 향토음식 박물관 건립 방안 연구, 2003",c3af2e565f886142a4e3cb57eaf1a5df67b0e35d61913c1d45ed669ac6042291,2026-10-04,recommendation-composition-catalog-v3,RDA_3248_FULL_CATALOGUE|MFDS_PUBLIC_RECIPES_1_350|KTO_970_FULL_CATALOGUE|EXISTING_KFIND_FIELDS|RDA_PUBLIC_DIET_268_FULL_CATALOGUE|EXACT_OFFICIAL_BRAND_EVIDENCE|CATALOG_RECOMMENDATION_REVIEWED_OFFICIAL_SOURCES
kfind-catalog-d105-229000000-0001,새우탕,kfind-d105-229000000-0001,D105-229000000-0001,,UNRESOLVED_AFTER_CATALOGUE_SCAN,NO_EXACT_PUBLIC_OR_OFFICIAL_INGREDIENT_EVIDENCE,,,UNKNOWN,UNKNOWN_REFERENCE_ONLY,,,,,NO_ACCEPTED_IDENTITY_JOIN,,,,2026-10-04,recommendation-composition-catalog-v3,RDA_3248_FULL_CATALOGUE|MFDS_PUBLIC_RECIPES_1_350|KTO_970_FULL_CATALOGUE|EXISTING_KFIND_FIELDS|RDA_PUBLIC_DIET_268_FULL_CATALOGUE|EXACT_OFFICIAL_BRAND_EVIDENCE|CATALOG_RECOMMENDATION_REVIEWED_OFFICIAL_SOURCES
kfind-catalog-d105-231000000-0001,설렁탕,kfind-d105-231000000-0001,D105-231000000-0001,,SOURCED_PARTIAL_COMPOSITION,VERIFIED_NO_PREFERRED_GROUP,쇠머리|사골|도가니|우설|유통|우족|사태|쇠고기|물 적량|생강 적량|대파 적량|마늘 적량,RED_MEAT,REFERENCE_PARTIAL,UNKNOWN_REFERENCE_ONLY,"쇠머리 1kg, 사골 1개, 도가니 1개, 우설 1개, 유통 1/2개, 우족 1개, 사태 600g, 쇠고기(양지머리) 600g, 물 적량, 생강 적량, 대파 적량, 마늘 적량","<양념> 다진 파 120g(1컵), 소금 적량, 후춧가루 약간, 고춧가루 약간",RDA-90419,RDA-90759,SOURCE_TITLE_EXACT_OR_EXPLICIT_SYNONYM,https://www.nics.go.kr/food/kfi/tfSrch08/view?menuId=PS03520&tfcode=90419,"한국관광공사, 한국의 전통음식: www.visitkorea.or.kr/cc/mg/ccmg_cv0.jsp, 2006",2f5863f1eb26b331045bd936fc6bb90a66f76458699a03204b3620add8104468,2026-10-04,recommendation-composition-catalog-v3,RDA_3248_FULL_CATALOGUE|MFDS_PUBLIC_RECIPES_1_350|KTO_970_FULL_CATALOGUE|EXISTING_KFIND_FIELDS|RDA_PUBLIC_DIET_268_FULL_CATALOGUE|EXACT_OFFICIAL_BRAND_EVIDENCE|CATALOG_RECOMMENDATION_REVIEWED_OFFICIAL_SOURCES
kfind-catalog-d305-233000000-0001,소탕,kfind-d305-233000000-0001,D305-233000000-0001,,UNRESOLVED_AFTER_CATALOGUE_SCAN,NO_EXACT_PUBLIC_OR_OFFICIAL_INGREDIENT_EVIDENCE,,,UNKNOWN,UNKNOWN_REFERENCE_ONLY,,,,,NO_ACCEPTED_IDENTITY_JOIN,,,,2026-10-04,recommendation-composition-catalog-v3,RDA_3248_FULL_CATALOGUE|MFDS_PUBLIC_RECIPES_1_350|KTO_970_FULL_CATALOGUE|EXISTING_KFIND_FIELDS|RDA_PUBLIC_DIET_268_FULL_CATALOGUE|EXACT_OFFICIAL_BRAND_EVIDENCE|CATALOG_RECOMMENDATION_REVIEWED_OFFICIAL_SOURCES
kfind-catalog-d105-234000000-0001,순대국,kfind-d105-234000000-0001,D105-234000000-0001,,UNRESOLVED_AFTER_CATALOGUE_SCAN,NO_EXACT_PUBLIC_OR_OFFICIAL_INGREDIENT_EVIDENCE,,,UNKNOWN,UNKNOWN_REFERENCE_ONLY,,,,,NO_ACCEPTED_IDENTITY_JOIN,,,,2026-10-04,recommendation-composition-catalog-v3,RDA_3248_FULL_CATALOGUE|MFDS_PUBLIC_RECIPES_1_350|KTO_970_FULL_CATALOGUE|EXISTING_KFIND_FIELDS|RDA_PUBLIC_DIET_268_FULL_CATALOGUE|EXACT_OFFICIAL_BRAND_EVIDENCE|CATALOG_RECOMMENDATION_REVIEWED_OFFICIAL_SOURCES
kfind-catalog-d305-235000000-0001,아구탕,kfind-d305-235000000-0001,D305-235000000-0001,,SOURCED_PARTIAL_COMPOSITION,ELIGIBLE,생아귀|콩나물|무|미나리|소금|물,FISH|VEGETABLE,REFERENCE_PARTIAL,UNKNOWN_REFERENCE_ONLY,"생아귀 2마리,콩나물 200g,무 150g,미나리 50g,소금 1작은술,물 1.6L(8컵),","<양념> 고춧가루 1큰술, 다진 마늘 1큰술",RDA-91426,,SOURCE_TITLE_EXACT_OR_EXPLICIT_SYNONYM,https://www.nics.go.kr/food/kfi/tfSrch08/view?menuId=PS03520&tfcode=91426,"울산광역시농업기술센터, 울산향토음식, 2001 기장군농업기술센터, 기장의 향토음식, 2003 마산시농업기술센터, 지역특산물을 이용한 마산의 새로운 맛, 2004",5b8aae1966e227b54d17c8c1ca9b246df40dc226b2fc658c26002808d9795062,2026-10-04,recommendation-composition-catalog-v3,RDA_3248_FULL_CATALOGUE|MFDS_PUBLIC_RECIPES_1_350|KTO_970_FULL_CATALOGUE|EXISTING_KFIND_FIELDS|RDA_PUBLIC_DIET_268_FULL_CATALOGUE|EXACT_OFFICIAL_BRAND_EVIDENCE|CATALOG_RECOMMENDATION_REVIEWED_OFFICIAL_SOURCES
kfind-catalog-d105-237000000-0001,어묵국(어묵탕),kfind-d105-237000000-0001,D105-237000000-0001,,SOURCED_PARTIAL_COMPOSITION,VERIFIED_NO_PREFERRED_GROUP,어묵|대파|마늘|소금,PROCESSED_FISH,REFERENCE_PARTIAL,UNKNOWN_REFERENCE_ONLY,"재료량(4인분) - 어묵 280g, 대파 20g, 다진마늘 4g, 소금 8g",,MFDS-173,,SOURCE_TITLE_EXACT_OR_EXPLICIT_SYNONYM,https://www.foodsafetykorea.go.kr/popup/sensuousmenuView.do?rcp_menu_no=173,공개 조리법 rcp_menu_no=173,7e6c261c9ad6cbdbbdc909ed6f0a6ecee55fa5c9b96ccba3e5c47274530cf22c,2026-10-04,recommendation-composition-catalog-v3,RDA_3248_FULL_CATALOGUE|MFDS_PUBLIC_RECIPES_1_350|KTO_970_FULL_CATALOGUE|EXISTING_KFIND_FIELDS|RDA_PUBLIC_DIET_268_FULL_CATALOGUE|EXACT_OFFICIAL_BRAND_EVIDENCE|CATALOG_RECOMMENDATION_REVIEWED_OFFICIAL_SOURCES
kfind-catalog-d305-239000000-0001,어탕,kfind-d305-239000000-0001,D305-239000000-0001,,SOURCED_PARTIAL_COMPOSITION,ELIGIBLE,미꾸라지|토란대|배추시래기|고사리|숙주|부추|대파|풋고추|물|된장|호박잎|방아잎|국간장|소금|초피가루 약간,FISH|VEGETABLE,REFERENCE_PARTIAL,UNKNOWN_REFERENCE_ONLY,"미꾸라지 400g, 삶은 토란대 150g, 삶은 배추시래기 100g, 삶은 고사리 50g(1/4컵), 숙주 50g, 부추 30g, 대파 35g(1뿌리), 풋고추 15g(1개), 물 2L(10컵), 된장 2큰술, 호박잎 , 방아잎 , 국간장 , 소금 , 초피가루(제피가루) 약간","<양념> 다진 풋고추 1큰술, 다진 붉은 고추 1큰술, 다진 마늘 1큰술",RDA-91436,,SOURCE_TITLE_EXACT_OR_EXPLICIT_SYNONYM,https://www.nics.go.kr/food/kfi/tfSrch08/view?menuId=PS03520&tfcode=91436,"문화공보부 문화재관리국, 한국민속종합조사보고서(향토음식 편), 1984 경상남도 농촌진흥원, 경남향토음식, 1994 울산광역시농업기술센터, 울산향토음식, 2001 기장군농업기술센터, 기장의 향토음식, 2003 최수근 · 이연정 · 박성수, 향토음식 인지도에 관한 실증적 연구, 한국식생활문화학회지, 19(3), 2004 농촌진흥청, 향토음식, www2.rda.go.kr/food/, 2006",fef52424b64589301110fdd3eaa7e75bf8ea1647f9f18fd5aa523f2fe6e06956,2026-10-04,recommendation-composition-catalog-v3,RDA_3248_FULL_CATALOGUE|MFDS_PUBLIC_RECIPES_1_350|KTO_970_FULL_CATALOGUE|EXISTING_KFIND_FIELDS|RDA_PUBLIC_DIET_268_FULL_CATALOGUE|EXACT_OFFICIAL_BRAND_EVIDENCE|CATALOG_RECOMMENDATION_REVIEWED_OFFICIAL_SOURCES
kfind-catalog-d305-240000000-0001,연포탕,kfind-d305-240000000-0001,D305-240000000-0001,,UNRESOLVED_AFTER_CATALOGUE_SCAN,NO_EXACT_PUBLIC_OR_OFFICIAL_INGREDIENT_EVIDENCE,,,UNKNOWN,UNKNOWN_REFERENCE_ONLY,,,,,NO_ACCEPTED_IDENTITY_JOIN,,,,2026-10-04,recommendation-composition-catalog-v3,RDA_3248_FULL_CATALOGUE|MFDS_PUBLIC_RECIPES_1_350|KTO_970_FULL_CATALOGUE|EXISTING_KFIND_FIELDS|RDA_PUBLIC_DIET_268_FULL_CATALOGUE|EXACT_OFFICIAL_BRAND_EVIDENCE|CATALOG_RECOMMENDATION_REVIEWED_OFFICIAL_SOURCES
kfind-catalog-d305-241000000-0001,오이냉국,kfind-d305-241000000-0001,D305-241000000-0001,,SOURCED_PARTIAL_COMPOSITION,ELIGIBLE,오이|물|식초|국간장|소금 적량|대파|붉은 고추,VEGETABLE,REFERENCE_PARTIAL,UNKNOWN_REFERENCE_ONLY,"오이(中) 300g(2개), 물 1.2L(6컵), 식초 4큰술, 국간장 1큰술, 소금 적량, 대파 35g(1뿌리), 붉은 고추 10g(1/2개)","<양념장> 국간장 1큰술, 다진 마늘 1작은술, 참기름 1작은술, 설탕 1/2작은술, 깨소금 1큰술, 고춧가루 1작은술",RDA-90431,RDA-DIET-89252-1|RDA-DIET-89348-1,SOURCE_TITLE_EXACT_OR_EXPLICIT_SYNONYM,https://www.nics.go.kr/food/kfi/tfSrch08/view?menuId=PS03520&tfcode=90431,"전희정, 이효지, 한영실, 한국전통음식,문화관광부, 2000",bac3bd174b90ce5d63e8f221908fec5a3b04a882a8bdb0c5d249022b1813007f,2026-10-04,recommendation-composition-catalog-v3,RDA_3248_FULL_CATALOGUE|MFDS_PUBLIC_RECIPES_1_350|KTO_970_FULL_CATALOGUE|EXISTING_KFIND_FIELDS|RDA_PUBLIC_DIET_268_FULL_CATALOGUE|EXACT_OFFICIAL_BRAND_EVIDENCE|CATALOG_RECOMMENDATION_REVIEWED_OFFICIAL_SOURCES
kfind-catalog-d106-259000000-0001,갈치찌개,kfind-d106-259000000-0001,D106-259000000-0001,,SOURCED_PARTIAL_COMPOSITION,ELIGIBLE,갈치|애호박|붉은 고추|대파|마늘|고춧가루|소금|물,FISH|VEGETABLE,REFERENCE_PARTIAL,UNKNOWN_REFERENCE_ONLY,"갈치 320g (1마리), 애호박 200g(1/2개), 붉은 고추 30g(2개), 대파 35g(1뿌리), 다진 마늘 1큰술, 고춧가루 1작은술, 소금 1작은술, 물 1.2L(6컵)",,RDA-91446,,SOURCE_TITLE_EXACT_OR_EXPLICIT_SYNONYM,https://www.nics.go.kr/food/kfi/tfSrch08/view?menuId=PS03520&tfcode=91446,"울산광역시농업기술센터, 울산향토음식, 2001 기장군농업기술센터, 기장의 향토음식, 2003",1e7b60081240f21973b3fd59b47f612c1b39aef1fdad690dfed746205dced6df,2026-10-04,recommendation-composition-catalog-v3,RDA_3248_FULL_CATALOGUE|MFDS_PUBLIC_RECIPES_1_350|KTO_970_FULL_CATALOGUE|EXISTING_KFIND_FIELDS|RDA_PUBLIC_DIET_268_FULL_CATALOGUE|EXACT_OFFICIAL_BRAND_EVIDENCE|CATALOG_RECOMMENDATION_REVIEWED_OFFICIAL_SOURCES
kfind-catalog-d106-260000000-0001,감자탕,kfind-d106-260000000-0001,D106-260000000-0001,,SOURCED_PARTIAL_COMPOSITION,VERIFIED_NO_PREFERRED_GROUP,돼지 뼈|감자|시래기|대파|마른 고추|들깨|된장|마늘|물 적량|소금 약간,RED_MEAT|ROOT_STARCH|VEGETABLE,REFERENCE_PARTIAL,UNKNOWN_REFERENCE_ONLY,"돼지 뼈 400g, 감자 300g(2개), 시래기 200g, 대파 35g(1뿌리), 마른 고추 30g(3개), 들깨 3큰술, 된장 1작은술, 다진 마늘 1큰술, 물 적량, 소금 약간","<시래기 양념> 된장, 다진파, 다진 마늘 적량",RDA-90170,RDA-90755,SOURCE_TITLE_EXACT_OR_EXPLICIT_SYNONYM,https://www.nics.go.kr/food/kfi/tfSrch08/view?menuId=PS03520&tfcode=90170,농촌진흥청 농식품 올바로 전통향토음식 (RDA-90170),fcc05ea4ae1e7d0c7f878907d3f405ad06ba80570622c2305c70b508c4d23758,2026-10-04,recommendation-composition-catalog-v3,RDA_3248_FULL_CATALOGUE|MFDS_PUBLIC_RECIPES_1_350|KTO_970_FULL_CATALOGUE|EXISTING_KFIND_FIELDS|RDA_PUBLIC_DIET_268_FULL_CATALOGUE|EXACT_OFFICIAL_BRAND_EVIDENCE|CATALOG_RECOMMENDATION_REVIEWED_OFFICIAL_SOURCES
kfind-catalog-d106-265000000-0001,김치전골,kfind-d106-265000000-0001,D106-265000000-0001,,UNRESOLVED_AFTER_CATALOGUE_SCAN,NO_EXACT_PUBLIC_OR_OFFICIAL_INGREDIENT_EVIDENCE,,,UNKNOWN,UNKNOWN_REFERENCE_ONLY,,,,,NO_ACCEPTED_IDENTITY_JOIN,,,,2026-10-04,recommendation-composition-catalog-v3,RDA_3248_FULL_CATALOGUE|MFDS_PUBLIC_RECIPES_1_350|KTO_970_FULL_CATALOGUE|EXISTING_KFIND_FIELDS|RDA_PUBLIC_DIET_268_FULL_CATALOGUE|EXACT_OFFICIAL_BRAND_EVIDENCE|CATALOG_RECOMMENDATION_REVIEWED_OFFICIAL_SOURCES
kfind-catalog-d306-266000000-0001,김치찌개,kfind-d306-266000000-0001,D306-266000000-0001,,SOURCED_PARTIAL_COMPOSITION,ELIGIBLE,배추김치|돼지고기|두부|풋고추|양파|물|대파|마늘|고춧가루|식용유|간장 약간|소금 약간,LEGUME_SOY|RED_MEAT|VEGETABLE,REFERENCE_PARTIAL,UNKNOWN_REFERENCE_ONLY,"배추김치 200g, 돼지고기(등심) 120g, 두부 140g(1/4모), 풋고추 15g(1개), 양파 40g(1/4개), 물 600mL(3컵), 대파 20g(1/2뿌리), 다진 마늘 3g(1/2작은술), 고춧가루 2g(1작은술), 식용유 4g(1작은술) , 간장 약간, 소금 약간",,RDA-90772,RDA-DIET-89238-1|RDA-DIET-89458-4,SOURCE_TITLE_EXACT_OR_EXPLICIT_SYNONYM,https://www.nics.go.kr/food/kfi/tfSrch08/view?menuId=PS03520&tfcode=90772,"농촌진흥청, 농촌 식생활 향상을 위한 식생활 평가 시스템 개발연구 보고서, 2000",02c4c65c2910c520ce921bbf4c6591082a31b274588569d7e3c6bf9d66857085,2026-10-04,recommendation-composition-catalog-v3,RDA_3248_FULL_CATALOGUE|MFDS_PUBLIC_RECIPES_1_350|KTO_970_FULL_CATALOGUE|EXISTING_KFIND_FIELDS|RDA_PUBLIC_DIET_268_FULL_CATALOGUE|EXACT_OFFICIAL_BRAND_EVIDENCE|CATALOG_RECOMMENDATION_REVIEWED_OFFICIAL_SOURCES
kfind-catalog-d306-267000000-0001,꽁치찌개,kfind-d306-267000000-0001,D306-267000000-0001,,SOURCED_PARTIAL_COMPOSITION,ELIGIBLE,꽁치 통조림|김치|마늘|무|파,FISH|VEGETABLE,REFERENCE_PARTIAL,UNKNOWN_REFERENCE_ONLY,,,KTO-178268,,REVIEWED_SOURCE_DEFINITION_OR_EXISTING_EVIDENCE,https://english.visitkorea.or.kr/svc/sp/food/ext/special_view.do?menuSn=913&vcontsId=178268,한국관광공사 공식 음식 소개,e86fd270dd12f7393aea4d7c9a192cd01d24f87b3b7afb601298fe46cec4d2da,2026-10-04,recommendation-composition-catalog-v3,RDA_3248_FULL_CATALOGUE|MFDS_PUBLIC_RECIPES_1_350|KTO_970_FULL_CATALOGUE|EXISTING_KFIND_FIELDS|RDA_PUBLIC_DIET_268_FULL_CATALOGUE|EXACT_OFFICIAL_BRAND_EVIDENCE|CATALOG_RECOMMENDATION_REVIEWED_OFFICIAL_SOURCES
kfind-catalog-d106-268000000-0001,꽃게탕,kfind-d106-268000000-0001,D106-268000000-0001,,SOURCED_PARTIAL_COMPOSITION,ELIGIBLE,꽃게|들깨|양파|대파|풋고추|마늘|고추 다진 양념|된장|물|국간장 약간,NUT_SEED|SEAFOOD|VEGETABLE,REFERENCE_PARTIAL,UNKNOWN_REFERENCE_ONLY,"꽃게 500g(2마리), 들깨 90g(1컵), 양파 80g(1/2개), 대파 35g(1뿌리), 풋고추 15g(1개), 다진 마늘 1큰술, 고추 다진 양념 1큰술, 된장 1큰술, 물 400mL(2컵), 국간장 약간","<멸치장국국물> 멸치 20g(10마리), 다시마 10g, 물 1.2L(6컵)",RDA-90171,RDA-89724|RDA-DIET-89387-1|RDA-DIET-89448-4,SOURCE_TITLE_EXACT_OR_EXPLICIT_SYNONYM,https://www.nics.go.kr/food/kfi/tfSrch08/view?menuId=PS03520&tfcode=90171,농촌진흥청 농식품 올바로 전통향토음식 (RDA-90171),02acc9356bc59c8e3d72e1dd596c2007e175f2ee302c6abc0d27014dc61f2a67,2026-10-04,recommendation-composition-catalog-v3,RDA_3248_FULL_CATALOGUE|MFDS_PUBLIC_RECIPES_1_350|KTO_970_FULL_CATALOGUE|EXISTING_KFIND_FIELDS|RDA_PUBLIC_DIET_268_FULL_CATALOGUE|EXACT_OFFICIAL_BRAND_EVIDENCE|CATALOG_RECOMMENDATION_REVIEWED_OFFICIAL_SOURCES
kfind-catalog-d106-270000000-0001,낙지전골,kfind-d106-270000000-0001,D106-270000000-0001,,SOURCED_PARTIAL_COMPOSITION,ELIGIBLE,낙지|쇠고기|느타리버섯|미나리|붉은 고추|장국국물|국간장|소금 약간,RED_MEAT|SEAFOOD|VEGETABLE,REFERENCE_PARTIAL,UNKNOWN_REFERENCE_ONLY,"낙지 240g(1/2마리), 쇠고기(양지머리) 160g, 느타리버섯 40g(2개), 미나리 40g, 붉은 고추 10g(2/3개), 장국국물(또는 육수) 400mL(2컵), 국간장 17g(1큰술), 소금 약간","<낙지 양념> 고춧가루 2g(1작은술), 다진 마늘 8g(2/3큰술) <쇠고기 양념> 간장 12g(2작은술), 다진 파 8g(1큰술), 다진 마늘 8g(2/3큰술), 설탕 4g(1작은술), 참기름 2g(1/2작은술)",RDA-92627,RDA-91542,SOURCE_TITLE_EXACT_OR_EXPLICIT_SYNONYM,https://www.nics.go.kr/food/kfi/tfSrch08/view?menuId=PS03520&tfcode=92627,"서울특별시 교육청, 중·고등학생을 위한 학교급식 표준식단, 2002",192ecbe79c0c4acb27fa3714d0d1788f6c16473299e92c7d2c68211948009c33,2026-10-04,recommendation-composition-catalog-v3,RDA_3248_FULL_CATALOGUE|MFDS_PUBLIC_RECIPES_1_350|KTO_970_FULL_CATALOGUE|EXISTING_KFIND_FIELDS|RDA_PUBLIC_DIET_268_FULL_CATALOGUE|EXACT_OFFICIAL_BRAND_EVIDENCE|CATALOG_RECOMMENDATION_REVIEWED_OFFICIAL_SOURCES
kfind-catalog-d106-273000000-0001,동태찌개,kfind-d106-273000000-0001,D106-273000000-0001,,SOURCED_PARTIAL_COMPOSITION,ELIGIBLE,무|두부|쑥갓|물|국간장 적량|소금 적량|생태|쇠고기|붉은고추|대파,FISH|LEGUME_SOY|RED_MEAT|VEGETABLE,REFERENCE_PARTIAL,UNKNOWN_REFERENCE_ONLY,"무 200g(1/4개), 두부 508g(1모), 쑥갓 50g, 물 1L(5컵), 국간장 적량, 소금 적량, 생태 (동태) 540g(1마리), 쇠고기(양지머리) 100g, 붉은고추 15g(1개), 대파 70g(2뿌리)","<고기양념> 국간장 2작은술, 다진 파 4작은술, 다진 마늘 2작은술, 참기름 2작은술, 후춧가루 적량 <육수양념> 고추장 2큰술, 고춧가루 1작은술, 다진 마늘 2작은술, 다진 생강 1작은술",RDA-90446,RDA-92349|RDA-DIET-89433-1,SOURCE_TITLE_EXACT_OR_EXPLICIT_SYNONYM,https://www.nics.go.kr/food/kfi/tfSrch08/view?menuId=PS03520&tfcode=90446,"전희정·이효지·한영실, 한국전통음식, 문화관광부, 2000",9f8b6c155f883b8704c28fc9a6b711e45a26b0f88a255a669f1008d4eaf209ae,2026-10-04,recommendation-composition-catalog-v3,RDA_3248_FULL_CATALOGUE|MFDS_PUBLIC_RECIPES_1_350|KTO_970_FULL_CATALOGUE|EXISTING_KFIND_FIELDS|RDA_PUBLIC_DIET_268_FULL_CATALOGUE|EXACT_OFFICIAL_BRAND_EVIDENCE|CATALOG_RECOMMENDATION_REVIEWED_OFFICIAL_SOURCES
kfind-catalog-d106-274000000-0001,돼지고기찌개,kfind-d106-274000000-0001,D106-274000000-0001,,SOURCED_PARTIAL_COMPOSITION,ELIGIBLE,돼지고기|배추김치|두부|무|양파|물|대파|고추장|생강|마늘|고춧가루|소금|후춧가루,LEGUME_SOY|RED_MEAT|VEGETABLE,REFERENCE_PARTIAL,UNKNOWN_REFERENCE_ONLY,"돼지고기(등심) 240g, 배추김치 120g, 두부 120g(1/4모), 무 200g(1/4개), 양파 20g, 물 800mL(4컵), 대파 15g(1/2뿌리), 고추장 32g(1 3/4큰술), 다진 생강 4g(1/2큰술) , 다진 마늘 23g(2큰술) , 고춧가루 8g(4작은술), 소금 4g(1작은술), 후춧가루 1g(1/2작은술)",,RDA-90773,,SOURCE_TITLE_EXACT_OR_EXPLICIT_SYNONYM,https://www.nics.go.kr/food/kfi/tfSrch08/view?menuId=PS03520&tfcode=90773,"농촌진흥청, 농촌 식생활 향상을 위한 식생활 평가 시스템 개발연구 보고서, 2000",9cd62164621763a28d70dfc16fa2cc78072868536b45104859fc5919d1e1b0c3,2026-10-04,recommendation-composition-catalog-v3,RDA_3248_FULL_CATALOGUE|MFDS_PUBLIC_RECIPES_1_350|KTO_970_FULL_CATALOGUE|EXISTING_KFIND_FIELDS|RDA_PUBLIC_DIET_268_FULL_CATALOGUE|EXACT_OFFICIAL_BRAND_EVIDENCE|CATALOG_RECOMMENDATION_REVIEWED_OFFICIAL_SOURCES
kfind-catalog-d106-275000000-0001,된장찌개,kfind-d106-275000000-0001,D106-275000000-0001,,SOURCED_PARTIAL_COMPOSITION,ELIGIBLE,쇠고기|우렁이|두부|애호박|대파|물|된장|소금 약간,LEGUME_SOY|RED_MEAT|SEAFOOD|VEGETABLE,REFERENCE_PARTIAL,UNKNOWN_REFERENCE_ONLY,"쇠고기 50g, 우렁이 200g, 두부 250g(1/2모), 애호박 190g(1/2개), 대파 35g(1뿌리), 물 3컵, 된장 2큰술, 소금 약간",,RDA-90189,RDA-90774|RDA-91059|RDA-DIET-89418-0,SOURCE_TITLE_EXACT_OR_EXPLICIT_SYNONYM,https://www.nics.go.kr/food/kfi/tfSrch08/view?menuId=PS03520&tfcode=90189,농촌진흥청 농식품 올바로 전통향토음식 (RDA-90189),51d4d8fad2c7ae9b8b54212075d3e6fe262207035d27428cf6f5b74e87718529,2026-10-04,recommendation-composition-catalog-v3,RDA_3248_FULL_CATALOGUE|MFDS_PUBLIC_RECIPES_1_350|KTO_970_FULL_CATALOGUE|EXISTING_KFIND_FIELDS|RDA_PUBLIC_DIET_268_FULL_CATALOGUE|EXACT_OFFICIAL_BRAND_EVIDENCE|CATALOG_RECOMMENDATION_REVIEWED_OFFICIAL_SOURCES
kfind-catalog-d306-276000000-0001,두부전골,kfind-d306-276000000-0001,D306-276000000-0001,,SOURCED_PARTIAL_COMPOSITION,ELIGIBLE,두부|버섯|애호박|배추,LEGUME_SOY|VEGETABLE,REFERENCE_PARTIAL,UNKNOWN_REFERENCE_ONLY,,,,RDA-90448|RDA-92629,REVIEWED_SOURCE_DEFINITION_OR_EXISTING_EVIDENCE,https://www.foodnuri.go.kr/portal/bbs/B0000290/view.do?deleteCd=0&menuNo=300089&nttId=233995&pageIndex=9,농림축산식품부·농식품정보누리 공개 조리법,,2026-10-04,recommendation-composition-catalog-v3,RDA_3248_FULL_CATALOGUE|MFDS_PUBLIC_RECIPES_1_350|KTO_970_FULL_CATALOGUE|EXISTING_KFIND_FIELDS|RDA_PUBLIC_DIET_268_FULL_CATALOGUE|EXACT_OFFICIAL_BRAND_EVIDENCE|CATALOG_RECOMMENDATION_REVIEWED_OFFICIAL_SOURCES
kfind-catalog-d306-278000000-0002,마라탕,kfind-d306-278000000-0002,D306-278000000-0002,,UNRESOLVED_AFTER_CATALOGUE_SCAN,NO_EXACT_PUBLIC_OR_OFFICIAL_INGREDIENT_EVIDENCE,,,UNKNOWN,UNKNOWN_REFERENCE_ONLY,,,,,NO_ACCEPTED_IDENTITY_JOIN,,,,2026-10-04,recommendation-composition-catalog-v3,RDA_3248_FULL_CATALOGUE|MFDS_PUBLIC_RECIPES_1_350|KTO_970_FULL_CATALOGUE|EXISTING_KFIND_FIELDS|RDA_PUBLIC_DIET_268_FULL_CATALOGUE|EXACT_OFFICIAL_BRAND_EVIDENCE|CATALOG_RECOMMENDATION_REVIEWED_OFFICIAL_SOURCES
kfind-catalog-d306-279000000-0002,만두전골,kfind-d306-279000000-0002,D306-279000000-0002,,SOURCED_PARTIAL_COMPOSITION,ELIGIBLE,만두|김치|파|버섯|두부|멸치|다시마|쇠고기 양지 육수,LEGUME_SOY|VEGETABLE|RED_MEAT,REFERENCE_PARTIAL,UNKNOWN_REFERENCE_ONLY,,,KTO-231433,,REVIEWED_SOURCE_DEFINITION_OR_EXISTING_EVIDENCE,https://english.visitkorea.or.kr/svc/sp/food/ext/special_view.do?menuSn=913&vcontsId=231433,한국관광공사 공식 음식 소개,cafa9f46d1ba19b34367e3022c7a7e74db425993a5c5b47250f6f07a1de56be2,2026-10-04,recommendation-composition-catalog-v3,RDA_3248_FULL_CATALOGUE|MFDS_PUBLIC_RECIPES_1_350|KTO_970_FULL_CATALOGUE|EXISTING_KFIND_FIELDS|RDA_PUBLIC_DIET_268_FULL_CATALOGUE|EXACT_OFFICIAL_BRAND_EVIDENCE|CATALOG_RECOMMENDATION_REVIEWED_OFFICIAL_SOURCES
kfind-catalog-d106-282000000-0001,버섯전골,kfind-d106-282000000-0001,D106-282000000-0001,,SOURCED_PARTIAL_COMPOSITION,VERIFIED_NO_PREFERRED_GROUP,느타리버섯|송이버섯|싸리버섯|쇠고기|미나리|국간장|쪽파|육수,RED_MEAT|VEGETABLE,REFERENCE_PARTIAL,UNKNOWN_REFERENCE_ONLY,"느타리버섯 50g(3개), 송이버섯 50g, 싸리버섯 30g, 쇠고기 300g, 미나리 100g, 국간장 2큰술, 쪽파 20g, 육수 (양지머리) 600mL(3컵)","<양념> 간장 3큰술, 다진 파 1큰술, 다진 마늘 2작은술, 설탕 1큰술, 후춧가루 1/4작은술, 참기름 2큰술, 깨소금 1큰술",RDA-90450,RDA-90776|RDA-91851|MFDS-272,SOURCE_TITLE_EXACT_OR_EXPLICIT_SYNONYM,https://www.nics.go.kr/food/kfi/tfSrch08/view?menuId=PS03520&tfcode=90450,"인천광역시 농촌지도소, 우리음식모음, 1996",e1ed5eb9e30fd60ce94f223b709abb177f5b2f9322d1c3004a0377e3055a6403,2026-10-04,recommendation-composition-catalog-v3,RDA_3248_FULL_CATALOGUE|MFDS_PUBLIC_RECIPES_1_350|KTO_970_FULL_CATALOGUE|EXISTING_KFIND_FIELDS|RDA_PUBLIC_DIET_268_FULL_CATALOGUE|EXACT_OFFICIAL_BRAND_EVIDENCE|CATALOG_RECOMMENDATION_REVIEWED_OFFICIAL_SOURCES
kfind-catalog-d306-283000000-0001,버섯찌개,kfind-d306-283000000-0001,D306-283000000-0001,,UNRESOLVED_AFTER_CATALOGUE_SCAN,NO_EXACT_PUBLIC_OR_OFFICIAL_INGREDIENT_EVIDENCE,,,UNKNOWN,UNKNOWN_REFERENCE_ONLY,,,,,NO_ACCEPTED_IDENTITY_JOIN,,,,2026-10-04,recommendation-composition-catalog-v3,RDA_3248_FULL_CATALOGUE|MFDS_PUBLIC_RECIPES_1_350|KTO_970_FULL_CATALOGUE|EXISTING_KFIND_FIELDS|RDA_PUBLIC_DIET_268_FULL_CATALOGUE|EXACT_OFFICIAL_BRAND_EVIDENCE|CATALOG_RECOMMENDATION_REVIEWED_OFFICIAL_SOURCES
kfind-catalog-d106-284000000-0001,부대찌개,kfind-d106-284000000-0001,D106-284000000-0001,,SOURCED_PARTIAL_COMPOSITION,VERIFIED_PROCESSED_MEAT,소시지|햄|쇠고기|베이컨|치즈,PROCESSED_MEAT|RED_MEAT|DAIRY,REFERENCE_PARTIAL,UNKNOWN_REFERENCE_ONLY,,,KTO-178339,,REVIEWED_SOURCE_DEFINITION_OR_EXISTING_EVIDENCE,https://english.visitkorea.or.kr/svc/sp/food/ext/special_view.do?menuSn=913&vcontsId=178339,한국관광공사 공식 음식 소개,de222fc7a5fc2ab2ce3658fd87f06e7728c540ecc48d2b9b25674160f67390d6,2026-10-04,recommendation-composition-catalog-v3,RDA_3248_FULL_CATALOGUE|MFDS_PUBLIC_RECIPES_1_350|KTO_970_FULL_CATALOGUE|EXISTING_KFIND_FIELDS|RDA_PUBLIC_DIET_268_FULL_CATALOGUE|EXACT_OFFICIAL_BRAND_EVIDENCE|CATALOG_RECOMMENDATION_REVIEWED_OFFICIAL_SOURCES
kfind-catalog-d106-289000000-0001,소고기전골,kfind-d106-289000000-0001,D106-289000000-0001,,SOURCED_PARTIAL_COMPOSITION,ELIGIBLE,쇠고기|두부|무|양파|실파|당근|미나리|표고버섯|물|마늘|소금|국간장|참기름|후춧가루,LEGUME_SOY|RED_MEAT|VEGETABLE,REFERENCE_PARTIAL,UNKNOWN_REFERENCE_ONLY,"쇠고기(양지머리) 250g, 두부 130g(1/4모), 무 120g, 양파 90g(2/3개), 실파 90g, 당근 45g(1/3개), 미나리 40g, 표고버섯 25g(2개), 물 400mL(2컵), 다진 마늘 3g(1/2작은술), 소금 5g(1 1/3작은술) , 국간장 17g(1큰술), 참기름 5g(1작은술), 후춧가루 1g(1/3작은술)","<쇠고기 양념> 간장 5g(1작은술), 참기름 2g(2/3작은술), 깨소금 2g(2/3작은술), 다진 마늘 3g(1/2작은술)",RDA-90777,,소고기/쇠고기의 같은 고기 명칭 차이만 연결; 염소고기·버섯추가별도상품으로 일반화하지 않음,https://www.nics.go.kr/food/kfi/tfSrch08/view?menuId=PS03520&tfcode=90777,"인천광역시 농촌지도소, 우리음식모음, 1996 농촌진흥청 농촌생활연구소(현 농촌자원개발연구소), 소비자가 알기 쉬운 식품영양가표, 2002",e7a2bf64e26a40d442d6c12906926bb021e0149b6d745fa8c89b85e2b5b624ed,2026-10-04,recommendation-composition-catalog-v3,RDA_3248_FULL_CATALOGUE|MFDS_PUBLIC_RECIPES_1_350|KTO_970_FULL_CATALOGUE|EXISTING_KFIND_FIELDS|RDA_PUBLIC_DIET_268_FULL_CATALOGUE|EXACT_OFFICIAL_BRAND_EVIDENCE|CATALOG_RECOMMENDATION_REVIEWED_OFFICIAL_SOURCES
kfind-catalog-d106-293000000-0001,알탕,kfind-d106-293000000-0001,D106-293000000-0001,,SOURCED_PARTIAL_COMPOSITION,ELIGIBLE,명란|무|콩나물|미나리|풋고추|붉은 고추|대파,FISH|VEGETABLE,REFERENCE_PARTIAL,UNKNOWN_REFERENCE_ONLY,"명란 8개, 무 150g, 콩나물 15g, 미나리 100g, 풋고추 15g(1개), 붉은 고추 15g(1개), 대파 35g(1뿌리)","<양념장> 고추장 1큰술, 간장 1/2큰술, 고춧가루 1 1/2큰술, 다진 마늘 1큰술, 생강즙 1큰술, 청주 1큰술, 소금, 후춧가루 약간 <장국국물> 멸치 30g(15마리), 다시마 10g, 무 70g, 대파 20g(1/2뿌리), 물 1L(5컵)",RDA-91841,,SOURCE_TITLE_EXACT_OR_EXPLICIT_SYNONYM,https://www.nics.go.kr/food/kfi/tfSrch08/view?menuId=PS03520&tfcode=91841,농촌진흥청 농식품 올바로 전통향토음식 (RDA-91841),5560d8dc286bf6c2a91344f6cdb82b031aceee1dd04edaa26afbc67f581afd08,2026-10-04,recommendation-composition-catalog-v3,RDA_3248_FULL_CATALOGUE|MFDS_PUBLIC_RECIPES_1_350|KTO_970_FULL_CATALOGUE|EXISTING_KFIND_FIELDS|RDA_PUBLIC_DIET_268_FULL_CATALOGUE|EXACT_OFFICIAL_BRAND_EVIDENCE|CATALOG_RECOMMENDATION_REVIEWED_OFFICIAL_SOURCES
kfind-catalog-d106-294000000-0001,오리백숙,kfind-d106-294000000-0001,D106-294000000-0001,,SOURCED_PARTIAL_COMPOSITION,VERIFIED_NO_PREFERRED_GROUP,오리|약재|통마늘|대추|밤,POULTRY|ROOT_STARCH,REFERENCE_PARTIAL,UNKNOWN_REFERENCE_ONLY,,,KTO-179458,,REVIEWED_SOURCE_DEFINITION_OR_EXISTING_EVIDENCE,https://english.visitkorea.or.kr/svc/sp/food/ext/special_view.do?menuSn=913&vcontsId=179458,한국관광공사 공식 음식 소개,f471cc89e4d1a182a87825addd45dc73433bc52ddc2269779573a61dabeb2638,2026-10-04,recommendation-composition-catalog-v3,RDA_3248_FULL_CATALOGUE|MFDS_PUBLIC_RECIPES_1_350|KTO_970_FULL_CATALOGUE|EXISTING_KFIND_FIELDS|RDA_PUBLIC_DIET_268_FULL_CATALOGUE|EXACT_OFFICIAL_BRAND_EVIDENCE|CATALOG_RECOMMENDATION_REVIEWED_OFFICIAL_SOURCES
kfind-catalog-d106-295000000-0001,오리탕,kfind-d106-295000000-0001,D106-295000000-0001,,SOURCED_PARTIAL_COMPOSITION,ELIGIBLE,감자|무|당근|건삼|양파|느타리버섯|쑥갓|미나리|오리|밤|대추|대파|들깨|양파 적량|물 적량,POULTRY|ROOT_STARCH|VEGETABLE,REFERENCE_PARTIAL,UNKNOWN_REFERENCE_ONLY,"감자 300g(2개), 무 100g, 당근 50g(1/3개), 건삼 2뿌리, 양파 50g(1/3개), 느타리버섯 50g(약 3개), 쑥갓 20g, 미나리 20g, 오리 1kg(1마리), 밤 50g(3개), 대추 10g(3개), 대파 35g(1뿌리), 들깨 (간것) 3큰술, 다진 양파 적량, 물 적량","<양념장> 고추장 3큰술, 고춧가루1큰술, 소금 1큰술, 청주 2큰술, 다진 마늘 1큰술, 적량 <오리고기 밑간용> 청주, 다진마늘 적량, 후춧가루 약간",RDA-90430,RDA-92114|RDA-92115,SOURCE_TITLE_EXACT_OR_EXPLICIT_SYNONYM,https://www.nics.go.kr/food/kfi/tfSrch08/view?menuId=PS03520&tfcode=90430,"농촌진흥청 농촌영양개선연수원(현 농촌자원개발연구소), 한국의 향토음식, 1994",c1124b479aefdbea449ae9a982e3f6cdc7b3809fc523925ed750c9845afcccf3,2026-10-04,recommendation-composition-catalog-v3,RDA_3248_FULL_CATALOGUE|MFDS_PUBLIC_RECIPES_1_350|KTO_970_FULL_CATALOGUE|EXISTING_KFIND_FIELDS|RDA_PUBLIC_DIET_268_FULL_CATALOGUE|EXACT_OFFICIAL_BRAND_EVIDENCE|CATALOG_RECOMMENDATION_REVIEWED_OFFICIAL_SOURCES
kfind-catalog-d106-296000000-0001,오징어찌개,kfind-d106-296000000-0001,D106-296000000-0001,,SOURCED_PARTIAL_COMPOSITION,ELIGIBLE,오징어|콩나물|감자|양파|쑥갓|물|대파|마늘|고춧가루|고추장|소금,ROOT_STARCH|SEAFOOD|VEGETABLE,REFERENCE_PARTIAL,UNKNOWN_REFERENCE_ONLY,"오징어 280g(3/4마리), 콩나물 120g, 감자 160g(1개), 양파 120g(3/4개), 쑥갓 120g, 물 800mL(4컵), 대파 10g(1/4뿌리), 다진 마늘 4g(2/3작은술), 고춧가루 4g(2작은술) , 고추장 40g(2 1/4큰술), 소금 8g(1/2큰술)",,RDA-90779,RDA-DIET-89443-5,SOURCE_TITLE_EXACT_OR_EXPLICIT_SYNONYM,https://www.nics.go.kr/food/kfi/tfSrch08/view?menuId=PS03520&tfcode=90779,"농촌진흥청, 농촌 식생활 향상을 위한 식생활 평가 시스템 개발연구 보고서, 2000",2c12000daf11eacb1bcfd4ae8eb3bad050a6054b7a681d0adcc97db6a481a6d1,2026-10-04,recommendation-composition-catalog-v3,RDA_3248_FULL_CATALOGUE|MFDS_PUBLIC_RECIPES_1_350|KTO_970_FULL_CATALOGUE|EXISTING_KFIND_FIELDS|RDA_PUBLIC_DIET_268_FULL_CATALOGUE|EXACT_OFFICIAL_BRAND_EVIDENCE|CATALOG_RECOMMENDATION_REVIEWED_OFFICIAL_SOURCES
kfind-catalog-d106-297000000-0001,청국장찌개,kfind-d106-297000000-0001,D106-297000000-0001,,SOURCED_PARTIAL_COMPOSITION,ELIGIBLE,청국장|두부|김치|쇠고기,LEGUME_SOY|VEGETABLE|RED_MEAT,REFERENCE_PARTIAL,UNKNOWN_REFERENCE_ONLY,"청국장 100g, 쇠고기 50g, 두부 1/2모(250g), 배추김치 200g, 풋고추 45g(3개), 쌀뜨물 600mL(3컵), 대파 10g(1/4뿌리), 마늘 10g(2쪽), 고춧가루 2작은술, 소금 적량",,RDA-89555,RDA-90193|RDA-90781|RDA-91062|RDA-DIET-89243-1|RDA-DIET-89341-1,SOURCE_TITLE_EXACT_OR_EXPLICIT_SYNONYM,https://www.nics.go.kr/food/kfi/tfSrch08/view?menuId=PS03520&tfcode=89555,"문화공보부 문화재관리국, 한국민속종합조사보고서(향토음식 편), 1984 한국관광공사, 한국의 전통음식, www.tourkorea.or.kr/, 2006",4acc0c29fe274b4c8a30e205e8970859866c27966e0168ce569333eae26cbd0a,2026-10-04,recommendation-composition-catalog-v3,RDA_3248_FULL_CATALOGUE|MFDS_PUBLIC_RECIPES_1_350|KTO_970_FULL_CATALOGUE|EXISTING_KFIND_FIELDS|RDA_PUBLIC_DIET_268_FULL_CATALOGUE|EXACT_OFFICIAL_BRAND_EVIDENCE|CATALOG_RECOMMENDATION_REVIEWED_OFFICIAL_SOURCES
kfind-catalog-d108-352000000-0001,가자미구이,kfind-d108-352000000-0001,D108-352000000-0001,,SOURCED_PARTIAL_COMPOSITION,ELIGIBLE,가자미,FISH,REFERENCE_PARTIAL,UNKNOWN_REFERENCE_ONLY,,,KTO-231523,RDA-DIET-89386-0,REVIEWED_SOURCE_DEFINITION_OR_EXISTING_EVIDENCE,https://english.visitkorea.or.kr/svc/sp/food/ext/special_view.do?menuSn=913&vcontsId=231523,한국관광공사 공식 음식 소개,a2d00c1e95a42afda728a6a2e4ccfe091f5ccb476a3dab1a9fa58952925d2454,2026-10-04,recommendation-composition-catalog-v3,RDA_3248_FULL_CATALOGUE|MFDS_PUBLIC_RECIPES_1_350|KTO_970_FULL_CATALOGUE|EXISTING_KFIND_FIELDS|RDA_PUBLIC_DIET_268_FULL_CATALOGUE|EXACT_OFFICIAL_BRAND_EVIDENCE|CATALOG_RECOMMENDATION_REVIEWED_OFFICIAL_SOURCES
kfind-catalog-d308-364000000-0001,꿩불고기,kfind-d308-364000000-0001,D308-364000000-0001,,SOURCED_PARTIAL_COMPOSITION,ELIGIBLE,꿩|채소|당면|간장,POULTRY|VEGETABLE|GRAIN_UNSPECIFIED,REFERENCE_PARTIAL,UNKNOWN_REFERENCE_ONLY,,,KTO-179290,,REVIEWED_SOURCE_DEFINITION_OR_EXISTING_EVIDENCE,https://english.visitkorea.or.kr/svc/sp/food/ext/special_view.do?menuSn=913&vcontsId=179290,한국관광공사 공식 음식 소개,fb543bd480de28b08486ace31c75f0ee17e092a2ae21c783526afcd413365482,2026-10-04,recommendation-composition-catalog-v3,RDA_3248_FULL_CATALOGUE|MFDS_PUBLIC_RECIPES_1_350|KTO_970_FULL_CATALOGUE|EXISTING_KFIND_FIELDS|RDA_PUBLIC_DIET_268_FULL_CATALOGUE|EXACT_OFFICIAL_BRAND_EVIDENCE|CATALOG_RECOMMENDATION_REVIEWED_OFFICIAL_SOURCES
kfind-catalog-d108-365000000-0001,닭구이,kfind-d108-365000000-0001,D108-365000000-0001,,UNRESOLVED_AFTER_CATALOGUE_SCAN,NO_EXACT_PUBLIC_OR_OFFICIAL_INGREDIENT_EVIDENCE,,,UNKNOWN,UNKNOWN_REFERENCE_ONLY,,,,,NO_ACCEPTED_IDENTITY_JOIN,,,,2026-10-04,recommendation-composition-catalog-v3,RDA_3248_FULL_CATALOGUE|MFDS_PUBLIC_RECIPES_1_350|KTO_970_FULL_CATALOGUE|EXISTING_KFIND_FIELDS|RDA_PUBLIC_DIET_268_FULL_CATALOGUE|EXACT_OFFICIAL_BRAND_EVIDENCE|CATALOG_RECOMMENDATION_REVIEWED_OFFICIAL_SOURCES
kfind-catalog-d108-368000000-0001,닭발구이,kfind-d108-368000000-0001,D108-368000000-0001,,UNRESOLVED_AFTER_CATALOGUE_SCAN,NO_EXACT_PUBLIC_OR_OFFICIAL_INGREDIENT_EVIDENCE,,,UNKNOWN,UNKNOWN_REFERENCE_ONLY,,,,,NO_ACCEPTED_IDENTITY_JOIN,,,,2026-10-04,recommendation-composition-catalog-v3,RDA_3248_FULL_CATALOGUE|MFDS_PUBLIC_RECIPES_1_350|KTO_970_FULL_CATALOGUE|EXISTING_KFIND_FIELDS|RDA_PUBLIC_DIET_268_FULL_CATALOGUE|EXACT_OFFICIAL_BRAND_EVIDENCE|CATALOG_RECOMMENDATION_REVIEWED_OFFICIAL_SOURCES
kfind-catalog-d308-371000000-0001,더덕구이,kfind-d308-371000000-0001,D308-371000000-0001,,SOURCED_PARTIAL_COMPOSITION,ELIGIBLE,더덕|식초 약간,VEGETABLE,REFERENCE_PARTIAL,UNKNOWN_REFERENCE_ONLY,"더덕 300g(대 8개), 식초 약간","<양념> 고추장 2큰술, 간장 2큰술, 설탕 2큰술, 다진 파 2큰술, 다진 마늘 1작은술, 깨소금 1작은술, 참기름 1큰술 <유장> 참기름 1큰술,간장 1큰술",RDA-89579,RDA-89785|RDA-90501|RDA-91102|RDA-92361|RDA-92520|RDA-91516|RDA-DIET-89408-0,SOURCE_TITLE_EXACT_OR_EXPLICIT_SYNONYM,https://www.nics.go.kr/food/kfi/tfSrch08/view?menuId=PS03520&tfcode=89579,농촌진흥청 농식품 올바로 전통향토음식 (RDA-89579),3d9dd4aa2b3aaa3020a2be638aa11eaa8ea3484fdbd9e0127625b982890871e7,2026-10-04,recommendation-composition-catalog-v3,RDA_3248_FULL_CATALOGUE|MFDS_PUBLIC_RECIPES_1_350|KTO_970_FULL_CATALOGUE|EXISTING_KFIND_FIELDS|RDA_PUBLIC_DIET_268_FULL_CATALOGUE|EXACT_OFFICIAL_BRAND_EVIDENCE|CATALOG_RECOMMENDATION_REVIEWED_OFFICIAL_SOURCES
kfind-catalog-d308-374000000-0001,돼지껍데기구이,kfind-d308-374000000-0001,D308-374000000-0001,,UNRESOLVED_AFTER_CATALOGUE_SCAN,NO_EXACT_PUBLIC_OR_OFFICIAL_INGREDIENT_EVIDENCE,,,UNKNOWN,UNKNOWN_REFERENCE_ONLY,,,,,NO_ACCEPTED_IDENTITY_JOIN,,,,2026-10-04,recommendation-composition-catalog-v3,RDA_3248_FULL_CATALOGUE|MFDS_PUBLIC_RECIPES_1_350|KTO_970_FULL_CATALOGUE|EXISTING_KFIND_FIELDS|RDA_PUBLIC_DIET_268_FULL_CATALOGUE|EXACT_OFFICIAL_BRAND_EVIDENCE|CATALOG_RECOMMENDATION_REVIEWED_OFFICIAL_SOURCES
kfind-catalog-d108-376000000-0001,떡갈비,kfind-d108-376000000-0001,D108-376000000-0001,,SOURCED_PARTIAL_COMPOSITION,VERIFIED_NO_PREFERRED_GROUP,소갈비,RED_MEAT,REFERENCE_PARTIAL,UNKNOWN_REFERENCE_ONLY,소갈비 800g,"<양념장> 국간장 3큰술, 다진 파 1큰술, 다진 마늘 1큰술, 참기름 2큰술, 설탕 1큰술, 소금 약간",RDA-92174,,SOURCE_TITLE_EXACT_OR_EXPLICIT_SYNONYM,https://www.nics.go.kr/food/kfi/tfSrch08/view?menuId=PS03520&tfcode=92174,"전남광주통합특별시, 광주의 전통음식, 1997 전남광주통합특별시농업기술센터, 미향 광주의 향토음식, 2003",da57115f459340936cf8a5ce1f79ccc110c3d7967c54064f7a0e6bf43ae857f1,2026-10-04,recommendation-composition-catalog-v3,RDA_3248_FULL_CATALOGUE|MFDS_PUBLIC_RECIPES_1_350|KTO_970_FULL_CATALOGUE|EXISTING_KFIND_FIELDS|RDA_PUBLIC_DIET_268_FULL_CATALOGUE|EXACT_OFFICIAL_BRAND_EVIDENCE|CATALOG_RECOMMENDATION_REVIEWED_OFFICIAL_SOURCES
kfind-catalog-d108-377000000-0001,런천미트구이,kfind-d108-377000000-0001,D108-377000000-0001,,UNRESOLVED_AFTER_CATALOGUE_SCAN,NO_EXACT_PUBLIC_OR_OFFICIAL_INGREDIENT_EVIDENCE,,,UNKNOWN,UNKNOWN_REFERENCE_ONLY,,,,,NO_ACCEPTED_IDENTITY_JOIN,,,,2026-10-04,recommendation-composition-catalog-v3,RDA_3248_FULL_CATALOGUE|MFDS_PUBLIC_RECIPES_1_350|KTO_970_FULL_CATALOGUE|EXISTING_KFIND_FIELDS|RDA_PUBLIC_DIET_268_FULL_CATALOGUE|EXACT_OFFICIAL_BRAND_EVIDENCE|CATALOG_RECOMMENDATION_REVIEWED_OFFICIAL_SOURCES
kfind-catalog-d108-379000000-0001,뱅어포구이,kfind-d108-379000000-0001,D108-379000000-0001,,SOURCED_PARTIAL_COMPOSITION,ELIGIBLE,뱅어포,FISH,REFERENCE_PARTIAL,UNKNOWN_REFERENCE_ONLY,뱅어포 60g(3장),"<양념장> 고추장 27g(1 1/2큰술), 간장 9g(1/2큰술), 설탕 12g(1큰술), 다진 파 5g(1/2큰술), 다진 마늘6g(1작은술), 참기름 7g(2작은술), 깨소금 6g(1큰술)",RDA-92676,RDA-DIET-89404-2,SOURCE_TITLE_EXACT_OR_EXPLICIT_SYNONYM,https://www.nics.go.kr/food/kfi/tfSrch08/view?menuId=PS03520&tfcode=92676,"정순자, 한국조리, 신광출판사, 1990 황혜성·한복려·한복진, 한국의 전통음식, 교문사, 1994",b94e29827cb3d942d7eed1a8b01c6a3ebe2fc5902f78fa3b9c510a5c8df9af68,2026-10-04,recommendation-composition-catalog-v3,RDA_3248_FULL_CATALOGUE|MFDS_PUBLIC_RECIPES_1_350|KTO_970_FULL_CATALOGUE|EXISTING_KFIND_FIELDS|RDA_PUBLIC_DIET_268_FULL_CATALOGUE|EXACT_OFFICIAL_BRAND_EVIDENCE|CATALOG_RECOMMENDATION_REVIEWED_OFFICIAL_SOURCES
kfind-catalog-d108-380000000-0001,버섯구이,kfind-d108-380000000-0001,D108-380000000-0001,,UNRESOLVED_AFTER_CATALOGUE_SCAN,NO_EXACT_PUBLIC_OR_OFFICIAL_INGREDIENT_EVIDENCE,,,UNKNOWN,UNKNOWN_REFERENCE_ONLY,,,,,NO_ACCEPTED_IDENTITY_JOIN,,,,2026-10-04,recommendation-composition-catalog-v3,RDA_3248_FULL_CATALOGUE|MFDS_PUBLIC_RECIPES_1_350|KTO_970_FULL_CATALOGUE|EXISTING_KFIND_FIELDS|RDA_PUBLIC_DIET_268_FULL_CATALOGUE|EXACT_OFFICIAL_BRAND_EVIDENCE|CATALOG_RECOMMENDATION_REVIEWED_OFFICIAL_SOURCES
kfind-catalog-d108-381000000-0001,버섯구이표고버섯,kfind-d108-381000000-0001,D108-381000000-0001,,UNRESOLVED_AFTER_CATALOGUE_SCAN,NO_EXACT_PUBLIC_OR_OFFICIAL_INGREDIENT_EVIDENCE,,,UNKNOWN,UNKNOWN_REFERENCE_ONLY,,,,,NO_ACCEPTED_IDENTITY_JOIN,,,,2026-10-04,recommendation-composition-catalog-v3,RDA_3248_FULL_CATALOGUE|MFDS_PUBLIC_RECIPES_1_350|KTO_970_FULL_CATALOGUE|EXISTING_KFIND_FIELDS|RDA_PUBLIC_DIET_268_FULL_CATALOGUE|EXACT_OFFICIAL_BRAND_EVIDENCE|CATALOG_RECOMMENDATION_REVIEWED_OFFICIAL_SOURCES
kfind-catalog-d108-382000000-0001,삼겹살구이,kfind-d108-382000000-0001,D108-382000000-0001,,SOURCED_PARTIAL_COMPOSITION,VERIFIED_NO_PREFERRED_GROUP,돼지고기,RED_MEAT,REFERENCE_PARTIAL,UNKNOWN_REFERENCE_ONLY,돼지고기(삼겹살) 240g,"<기름장> 소금 2g(1/2작은술), 참기름 4g(1작은술)",RDA-90832,,SOURCE_TITLE_EXACT_OR_EXPLICIT_SYNONYM,https://www.nics.go.kr/food/kfi/tfSrch08/view?menuId=PS03520&tfcode=90832,"농촌진흥청 농촌생활연구소(현 농촌자원개발연구소), 소비자가 알기 쉬운 식품영양가표, 2002",24857256d9de5ed00198e5e80a90e0f7cce7d43f0c00998561d1e661b87c2a87,2026-10-04,recommendation-composition-catalog-v3,RDA_3248_FULL_CATALOGUE|MFDS_PUBLIC_RECIPES_1_350|KTO_970_FULL_CATALOGUE|EXISTING_KFIND_FIELDS|RDA_PUBLIC_DIET_268_FULL_CATALOGUE|EXACT_OFFICIAL_BRAND_EVIDENCE|CATALOG_RECOMMENDATION_REVIEWED_OFFICIAL_SOURCES
kfind-catalog-d108-383000000-0001,삼치구이,kfind-d108-383000000-0001,D108-383000000-0001,,SOURCED_PARTIAL_COMPOSITION,ELIGIBLE,삼치,FISH,REFERENCE_PARTIAL,UNKNOWN_REFERENCE_ONLY,삼치 200g(2/3마리),"<양념장> 간장 10g(1/2큰술), 다진 파 2g(1/2작은술), 다진 마늘 3g(1/2작은술), 설탕 4g(1작은술), 참기름 3g(1작은술), 깨소금 3g(1작은술), 후춧가루 약간",RDA-90833,MFDS-201|RDA-DIET-89324-3|RDA-DIET-89428-0,SOURCE_TITLE_EXACT_OR_EXPLICIT_SYNONYM,https://www.nics.go.kr/food/kfi/tfSrch08/view?menuId=PS03520&tfcode=90833,"강인희, 한국의 맛, 대한교과서주식회사, 1993",53f0ef86f6f3b98bc119f4aa75f7c5601d7db61587019fe7255c23ec7f7ad4b6,2026-10-04,recommendation-composition-catalog-v3,RDA_3248_FULL_CATALOGUE|MFDS_PUBLIC_RECIPES_1_350|KTO_970_FULL_CATALOGUE|EXISTING_KFIND_FIELDS|RDA_PUBLIC_DIET_268_FULL_CATALOGUE|EXACT_OFFICIAL_BRAND_EVIDENCE|CATALOG_RECOMMENDATION_REVIEWED_OFFICIAL_SOURCES
kfind-catalog-d108-384000000-0001,새우구이,kfind-d108-384000000-0001,D108-384000000-0001,,UNRESOLVED_AFTER_CATALOGUE_SCAN,NO_EXACT_PUBLIC_OR_OFFICIAL_INGREDIENT_EVIDENCE,,,UNKNOWN,UNKNOWN_REFERENCE_ONLY,,,,,NO_ACCEPTED_IDENTITY_JOIN,,,,2026-10-04,recommendation-composition-catalog-v3,RDA_3248_FULL_CATALOGUE|MFDS_PUBLIC_RECIPES_1_350|KTO_970_FULL_CATALOGUE|EXISTING_KFIND_FIELDS|RDA_PUBLIC_DIET_268_FULL_CATALOGUE|EXACT_OFFICIAL_BRAND_EVIDENCE|CATALOG_RECOMMENDATION_REVIEWED_OFFICIAL_SOURCES
kfind-catalog-d108-386000000-0001,소불고기,kfind-d108-386000000-0001,D108-386000000-0001,,SOURCED_PARTIAL_COMPOSITION,VERIFIED_NO_PREFERRED_GROUP,쇠고기|당근|양파|식용유|대파,RED_MEAT|VEGETABLE,REFERENCE_PARTIAL,UNKNOWN_REFERENCE_ONLY,"쇠고기(등심) 240g, 당근 30g(1/4개), 양파 60g(1/3개), 식용유 4g(1작은술), 대파 20g(1/2뿌리)","<고기 양념> 간장 32g(2큰술), 배 40g, 다진 마늘 5g(1작은술), 설탕 10g(3/4큰술), 참기름 3g(1작은술), 맛술 15g(1큰술), 깨소금 1g(1/3작은술), 후춧가루 약간",RDA-90835,,소불고기/쇠고기불고기의 같은 쇠고기 조리 reference임을 원문 식재료·조리법에서 확인; 염소불고기로 연결하지 않음,https://www.nics.go.kr/food/kfi/tfSrch08/view?menuId=PS03520&tfcode=90835,"서울특별시 교육청, 중·고등학생을 위한 학교급식 표준식단, 2002",09ea82d78e7459def38675e9a29e18e0d316ac9271518e4595034efd7f2cd18f,2026-10-04,recommendation-composition-catalog-v3,RDA_3248_FULL_CATALOGUE|MFDS_PUBLIC_RECIPES_1_350|KTO_970_FULL_CATALOGUE|EXISTING_KFIND_FIELDS|RDA_PUBLIC_DIET_268_FULL_CATALOGUE|EXACT_OFFICIAL_BRAND_EVIDENCE|CATALOG_RECOMMENDATION_REVIEWED_OFFICIAL_SOURCES
kfind-catalog-d308-388000000-0001,연어구이,kfind-d308-388000000-0001,D308-388000000-0001,,UNRESOLVED_AFTER_CATALOGUE_SCAN,NO_EXACT_PUBLIC_OR_OFFICIAL_INGREDIENT_EVIDENCE,,,UNKNOWN,UNKNOWN_REFERENCE_ONLY,,,,,NO_ACCEPTED_IDENTITY_JOIN,,,,2026-10-04,recommendation-composition-catalog-v3,RDA_3248_FULL_CATALOGUE|MFDS_PUBLIC_RECIPES_1_350|KTO_970_FULL_CATALOGUE|EXISTING_KFIND_FIELDS|RDA_PUBLIC_DIET_268_FULL_CATALOGUE|EXACT_OFFICIAL_BRAND_EVIDENCE|CATALOG_RECOMMENDATION_REVIEWED_OFFICIAL_SOURCES
kfind-catalog-d108-390000000-0001,오리고기구이,kfind-d108-390000000-0001,D108-390000000-0001,,UNRESOLVED_AFTER_CATALOGUE_SCAN,NO_EXACT_PUBLIC_OR_OFFICIAL_INGREDIENT_EVIDENCE,,,UNKNOWN,UNKNOWN_REFERENCE_ONLY,,,,,NO_ACCEPTED_IDENTITY_JOIN,,,,2026-10-04,recommendation-composition-catalog-v3,RDA_3248_FULL_CATALOGUE|MFDS_PUBLIC_RECIPES_1_350|KTO_970_FULL_CATALOGUE|EXISTING_KFIND_FIELDS|RDA_PUBLIC_DIET_268_FULL_CATALOGUE|EXACT_OFFICIAL_BRAND_EVIDENCE|CATALOG_RECOMMENDATION_REVIEWED_OFFICIAL_SOURCES
kfind-catalog-d108-392000000-0001,오리불고기,kfind-d108-392000000-0001,D108-392000000-0001,,SOURCED_PARTIAL_COMPOSITION,ELIGIBLE,오리고기|채소|부추,POULTRY|VEGETABLE,REFERENCE_PARTIAL,UNKNOWN_REFERENCE_ONLY,,,KTO-180155,,REVIEWED_SOURCE_DEFINITION_OR_EXISTING_EVIDENCE,https://english.visitkorea.or.kr/svc/sp/food/ext/special_view.do?menuSn=913&vcontsId=180155,한국관광공사 공식 음식 소개,defbba439a411c240c4c61a2dac2c2d21555a31c2f781f305b2df831687c7742,2026-10-04,recommendation-composition-catalog-v3,RDA_3248_FULL_CATALOGUE|MFDS_PUBLIC_RECIPES_1_350|KTO_970_FULL_CATALOGUE|EXISTING_KFIND_FIELDS|RDA_PUBLIC_DIET_268_FULL_CATALOGUE|EXACT_OFFICIAL_BRAND_EVIDENCE|CATALOG_RECOMMENDATION_REVIEWED_OFFICIAL_SOURCES
kfind-catalog-d308-395000000-0001,임연수구이,kfind-d308-395000000-0001,D308-395000000-0001,,SOURCED_PARTIAL_COMPOSITION,ELIGIBLE,임연수어,FISH,REFERENCE_PARTIAL,UNKNOWN_REFERENCE_ONLY,,,KTO-231570,RDA-DIET-89457-4,REVIEWED_SOURCE_DEFINITION_OR_EXISTING_EVIDENCE,https://english.visitkorea.or.kr/svc/sp/food/ext/special_view.do?menuSn=913&vcontsId=231570,한국관광공사 공식 음식 소개,99ef4dea5d9d4c069bea853bc91851661fdf3c18d9060175fe09c25aa1f202d8,2026-10-04,recommendation-composition-catalog-v3,RDA_3248_FULL_CATALOGUE|MFDS_PUBLIC_RECIPES_1_350|KTO_970_FULL_CATALOGUE|EXISTING_KFIND_FIELDS|RDA_PUBLIC_DIET_268_FULL_CATALOGUE|EXACT_OFFICIAL_BRAND_EVIDENCE|CATALOG_RECOMMENDATION_REVIEWED_OFFICIAL_SOURCES
kfind-catalog-d108-399000000-0001,조기구이,kfind-d108-399000000-0001,D108-399000000-0001,,SOURCED_PARTIAL_COMPOSITION,ELIGIBLE,조기|식용유|소금,FISH,REFERENCE_PARTIAL,UNKNOWN_REFERENCE_ONLY,"조기 200g(소2마리), 식용유 6g(2/3큰술), 소금 3g(1작은술)",,RDA-92363,MFDS-164,SOURCE_TITLE_EXACT_OR_EXPLICIT_SYNONYM,https://www.nics.go.kr/food/kfi/tfSrch08/view?menuId=PS03520&tfcode=92363,"황혜성·한복려·한복진, 한국의 전통음식, 교문사, 1994 농촌진흥청, 농촌 식생활 향상을 위한 식생활 평가 시스템 개발연구 보고서, 2000 농촌진흥청 농촌생활연구소(현 농촌자원개발연구소), 소비자가 알기 쉬운 식품영양가표, 2002",0bf295bf446412e3df9e7355c26ffa3524afd0df7e523d4204386bf0039eb858,2026-10-04,recommendation-composition-catalog-v3,RDA_3248_FULL_CATALOGUE|MFDS_PUBLIC_RECIPES_1_350|KTO_970_FULL_CATALOGUE|EXISTING_KFIND_FIELDS|RDA_PUBLIC_DIET_268_FULL_CATALOGUE|EXACT_OFFICIAL_BRAND_EVIDENCE|CATALOG_RECOMMENDATION_REVIEWED_OFFICIAL_SOURCES
kfind-catalog-d110-450000000-0001,감자볶음,kfind-d110-450000000-0001,D110-450000000-0001,,SOURCED_PARTIAL_COMPOSITION,ELIGIBLE,감자|양파|대파|식용유|간장|마늘|설탕,ROOT_STARCH|VEGETABLE,REFERENCE_PARTIAL,UNKNOWN_REFERENCE_ONLY,"감자 200g(1 1/3개), 양파 30g, 대파 15g(1/3뿌리), 식용유 14g(1큰술), 간장 14g(3/4큰술), 다진 마늘 3g(1/2작은술), 설탕 3g(3/4작은술)",,RDA-90854,,SOURCE_TITLE_EXACT_OR_EXPLICIT_SYNONYM,https://www.nics.go.kr/food/kfi/tfSrch08/view?menuId=PS03520&tfcode=90854,"농촌진흥청, 농촌 식생활 향상을 위한 식생활 평가 시스템 개발연구 보고서, 2000 재치영양사, http://www.yori.co.kr/, 2006",a75a3c61bc7f47346692ebe584ba6ba06819408416041e71ac73a78d89c2e041,2026-10-04,recommendation-composition-catalog-v3,RDA_3248_FULL_CATALOGUE|MFDS_PUBLIC_RECIPES_1_350|KTO_970_FULL_CATALOGUE|EXISTING_KFIND_FIELDS|RDA_PUBLIC_DIET_268_FULL_CATALOGUE|EXACT_OFFICIAL_BRAND_EVIDENCE|CATALOG_RECOMMENDATION_REVIEWED_OFFICIAL_SOURCES
kfind-catalog-d110-451000000-0001,건새우볶음,kfind-d110-451000000-0001,D110-451000000-0001,,UNRESOLVED_AFTER_CATALOGUE_SCAN,NO_EXACT_PUBLIC_OR_OFFICIAL_INGREDIENT_EVIDENCE,,,UNKNOWN,UNKNOWN_REFERENCE_ONLY,,,,,NO_ACCEPTED_IDENTITY_JOIN,,,,2026-10-04,recommendation-composition-catalog-v3,RDA_3248_FULL_CATALOGUE|MFDS_PUBLIC_RECIPES_1_350|KTO_970_FULL_CATALOGUE|EXISTING_KFIND_FIELDS|RDA_PUBLIC_DIET_268_FULL_CATALOGUE|EXACT_OFFICIAL_BRAND_EVIDENCE|CATALOG_RECOMMENDATION_REVIEWED_OFFICIAL_SOURCES
kfind-catalog-d110-456000000-0001,김치볶음,kfind-d110-456000000-0001,D110-456000000-0001,,SOURCED_PARTIAL_COMPOSITION,ELIGIBLE,배추김치|대파|식용유|마늘|참기름|설탕,VEGETABLE,REFERENCE_PARTIAL,UNKNOWN_REFERENCE_ONLY,"배추김치 200g, 대파 8g(1/4뿌리), 식용유 12g(1큰술), 다진 마늘 3g(1/2작은술), 참기름 2g(1/2작은술), 설탕 2g(1/2작은술)",,RDA-90855,,SOURCE_TITLE_EXACT_OR_EXPLICIT_SYNONYM,https://www.nics.go.kr/food/kfi/tfSrch08/view?menuId=PS03520&tfcode=90855,"농촌진흥청, 농촌 식생활 향상을 위한 식생활 평가시스템 개발연구 보고서, 2000 농촌진흥청 농촌생활연구소(현 농촌자원개발연구소), 소비자가 알기 쉬운 식품영양가표, 2002",9f34dda3e2be2c6bfdd4389ed36bdd6a423183d7e0c840c54006d51a9bb32729,2026-10-04,recommendation-composition-catalog-v3,RDA_3248_FULL_CATALOGUE|MFDS_PUBLIC_RECIPES_1_350|KTO_970_FULL_CATALOGUE|EXISTING_KFIND_FIELDS|RDA_PUBLIC_DIET_268_FULL_CATALOGUE|EXACT_OFFICIAL_BRAND_EVIDENCE|CATALOG_RECOMMENDATION_REVIEWED_OFFICIAL_SOURCES
kfind-catalog-d110-457000000-0001,낙지볶음,kfind-d110-457000000-0001,D110-457000000-0001,,SOURCED_PARTIAL_COMPOSITION,ELIGIBLE,낙지|양배추|양파|당근|쪽파|붉은 고추|식용유|소금 약간,SEAFOOD|VEGETABLE,REFERENCE_PARTIAL,UNKNOWN_REFERENCE_ONLY,"낙지 260g(1마리), 양배추 75g(2장), 양파 45g(1/3개), 당근 20g, 쪽파 20g, 붉은 고추 10g(2/3개), 식용유 8g(2/3 큰술), 소금 (데침용)약간","<양념장> 고추장 22g(1 1/4큰술), 간장 3g(1/2작은술),고춧가루 4g(2작은술), 다진 마늘 7g(1작은술), 다진 생강 3g(1작은술), 설탕 7g(2작은술), 소금 3g(2/3작은술), 깨소금 1g(1/3작은술)",RDA-90857,RDA-91542|RDA-DIET-89450-4,SOURCE_TITLE_EXACT_OR_EXPLICIT_SYNONYM,https://www.nics.go.kr/food/kfi/tfSrch08/view?menuId=PS03520&tfcode=90857,"정순자, 한국조리, 신광출판사, 1990 백승철, 이정섭의 맛있는 우리음식, 서울문화사, 1999 농촌진흥청 농촌생활연구소(현 농촌자원개발연구소), 소비자가 알기 쉬운 식품영양가표, 2002",613f07fbae9805a007a911eef6c6621c69ab468d0096f0a0eb7143b6fb95ed3e,2026-10-04,recommendation-composition-catalog-v3,RDA_3248_FULL_CATALOGUE|MFDS_PUBLIC_RECIPES_1_350|KTO_970_FULL_CATALOGUE|EXISTING_KFIND_FIELDS|RDA_PUBLIC_DIET_268_FULL_CATALOGUE|EXACT_OFFICIAL_BRAND_EVIDENCE|CATALOG_RECOMMENDATION_REVIEWED_OFFICIAL_SOURCES
kfind-catalog-d310-459000000-0001,느타리버섯볶음,kfind-d310-459000000-0001,D310-459000000-0001,,SOURCED_PARTIAL_COMPOSITION,SOURCE_MAJOR_QUANTITY_UNIT_UNVERIFIED,느타리버섯|양파|간장|마늘|파|참기름|콩기름|소금|깨소금,VEGETABLE,REFERENCE_PARTIAL,UNKNOWN_REFERENCE_ONLY,"느타리버섯 22.7, 양파 12.0, 간장 1.5, 마늘 0.8, 파 0.8, 참기름 0.7, 콩기름 0.6, 소금 0.4, 깨소금 0.1",,RDA-DIET-89448-5,,SOURCE_TITLE_EXACT_OR_EXPLICIT_SYNONYM,https://api.nongsaro.go.kr/sample/rest/recomendDiet/recomendDiet.jsp?cntntsNo=89448&tabNo=5,공개 추천식단 89448 메뉴 5,54a9fbfcfbad8e19f8942d9b3f69f56f180e823bd3d7ef69d8be205c74f4b09c,2026-10-04,recommendation-composition-catalog-v3,RDA_3248_FULL_CATALOGUE|MFDS_PUBLIC_RECIPES_1_350|KTO_970_FULL_CATALOGUE|EXISTING_KFIND_FIELDS|RDA_PUBLIC_DIET_268_FULL_CATALOGUE|EXACT_OFFICIAL_BRAND_EVIDENCE|CATALOG_RECOMMENDATION_REVIEWED_OFFICIAL_SOURCES
kfind-catalog-d310-460000000-0001,닭모래집볶음,kfind-d310-460000000-0001,D310-460000000-0001,,SOURCED_PARTIAL_COMPOSITION,ELIGIBLE,닭모래집|양파|고추|피망|버섯,POULTRY|VEGETABLE,REFERENCE_PARTIAL,UNKNOWN_REFERENCE_ONLY,,,KTO-178480,,REVIEWED_SOURCE_DEFINITION_OR_EXISTING_EVIDENCE,https://english.visitkorea.or.kr/svc/sp/food/ext/special_view.do?menuSn=913&vcontsId=178480,한국관광공사 공식 음식 소개,202075e4b9bfce0fc4c0d2103ca19eb1b235e2ece19feee8107484c999027be7,2026-10-04,recommendation-composition-catalog-v3,RDA_3248_FULL_CATALOGUE|MFDS_PUBLIC_RECIPES_1_350|KTO_970_FULL_CATALOGUE|EXISTING_KFIND_FIELDS|RDA_PUBLIC_DIET_268_FULL_CATALOGUE|EXACT_OFFICIAL_BRAND_EVIDENCE|CATALOG_RECOMMENDATION_REVIEWED_OFFICIAL_SOURCES
kfind-catalog-d110-461000000-0001,닭발볶음,kfind-d110-461000000-0001,D110-461000000-0001,,UNRESOLVED_AFTER_CATALOGUE_SCAN,NO_EXACT_PUBLIC_OR_OFFICIAL_INGREDIENT_EVIDENCE,,,UNKNOWN,UNKNOWN_REFERENCE_ONLY,,,,,NO_ACCEPTED_IDENTITY_JOIN,,,,2026-10-04,recommendation-composition-catalog-v3,RDA_3248_FULL_CATALOGUE|MFDS_PUBLIC_RECIPES_1_350|KTO_970_FULL_CATALOGUE|EXISTING_KFIND_FIELDS|RDA_PUBLIC_DIET_268_FULL_CATALOGUE|EXACT_OFFICIAL_BRAND_EVIDENCE|CATALOG_RECOMMENDATION_REVIEWED_OFFICIAL_SOURCES
kfind-catalog-d110-462000000-0001,닭볶음(닭갈비),kfind-d110-462000000-0001,D110-462000000-0001,,SOURCED_PARTIAL_COMPOSITION,ELIGIBLE,감자|양파|당근|대파|닭|물 적량,POULTRY|ROOT_STARCH|VEGETABLE,REFERENCE_PARTIAL,UNKNOWN_REFERENCE_ONLY,"감자 150g(1개), 양파 80g(1/2개), 당근 70g(1/2개), 대파 10g(1/4뿌리), 닭 240g, 물 적량","<양념> 간장 1 1/2큰술, 고추장 1 ½큰술, 다진 파 1작은술, 다진 마늘 1큰술, 다진 생강 1작은술, 고춧가루 1큰술, 설탕 1작은술",RDA-90858,RDA-91876|RDA-92367|MFDS-184,SOURCE_TITLE_EXACT_OR_EXPLICIT_SYNONYM,https://www.nics.go.kr/food/kfi/tfSrch08/view?menuId=PS03520&tfcode=90858,농촌진흥청 농식품 올바로 전통향토음식 (RDA-90858),7de5d36a07e202f9d4417c2c4388f258a0b3fdc6116380f3292923935f154359,2026-10-04,recommendation-composition-catalog-v3,RDA_3248_FULL_CATALOGUE|MFDS_PUBLIC_RECIPES_1_350|KTO_970_FULL_CATALOGUE|EXISTING_KFIND_FIELDS|RDA_PUBLIC_DIET_268_FULL_CATALOGUE|EXACT_OFFICIAL_BRAND_EVIDENCE|CATALOG_RECOMMENDATION_REVIEWED_OFFICIAL_SOURCES
kfind-catalog-d110-463000000-0001,당근볶음,kfind-d110-463000000-0001,D110-463000000-0001,,UNRESOLVED_AFTER_CATALOGUE_SCAN,NO_EXACT_PUBLIC_OR_OFFICIAL_INGREDIENT_EVIDENCE,,,UNKNOWN,UNKNOWN_REFERENCE_ONLY,,,,,NO_ACCEPTED_IDENTITY_JOIN,,,,2026-10-04,recommendation-composition-catalog-v3,RDA_3248_FULL_CATALOGUE|MFDS_PUBLIC_RECIPES_1_350|KTO_970_FULL_CATALOGUE|EXISTING_KFIND_FIELDS|RDA_PUBLIC_DIET_268_FULL_CATALOGUE|EXACT_OFFICIAL_BRAND_EVIDENCE|CATALOG_RECOMMENDATION_REVIEWED_OFFICIAL_SOURCES
kfind-catalog-d310-464000000-0002,돼지고기볶음,kfind-d310-464000000-0002,D310-464000000-0002,,SOURCED_PARTIAL_COMPOSITION,VERIFIED_NO_PREFERRED_GROUP,돼지고기|양배추|양파|깻잎|당근|풋고추|식용유|소금 약간,RED_MEAT|VEGETABLE,REFERENCE_PARTIAL,UNKNOWN_REFERENCE_ONLY,"돼지고기 240g, 양배추 60g(2장), 양파 40g(1/4개), 깻잎 8g(5장), 당근 20g, 풋고추 5g(1/3개), 식용유 4g(1작은술), 소금 약간","<양념> 간장 8g(1/2큰술), 고추장 18g(1큰술), 고춧가루 3g(1/2큰술), 다진 파 3g(1작은술), 다진 마늘 6g(1작은술), 다진 생강 1g(1/3작은술), 설탕 4g(2/3큰술), 참기름 1g(1/4작은술), 통깨 1g(1/3작은술)",RDA-90859,,SOURCE_TITLE_EXACT_OR_EXPLICIT_SYNONYM,https://www.nics.go.kr/food/kfi/tfSrch08/view?menuId=PS03520&tfcode=90859,"농촌진흥청 농촌생활연구소(현 농촌자원개발연구소), 소비자가 알기 쉬운 식품영양가표, 2002 서울특별시 교육청, 중·고등학생을 위한 학교급식 표준식단, 2002",eefc185f9b424d469f08f274325448fbe022a2d661d67aec36c8540735e25761,2026-10-04,recommendation-composition-catalog-v3,RDA_3248_FULL_CATALOGUE|MFDS_PUBLIC_RECIPES_1_350|KTO_970_FULL_CATALOGUE|EXISTING_KFIND_FIELDS|RDA_PUBLIC_DIET_268_FULL_CATALOGUE|EXACT_OFFICIAL_BRAND_EVIDENCE|CATALOG_RECOMMENDATION_REVIEWED_OFFICIAL_SOURCES
kfind-catalog-d110-465000000-0001,돼지고기볶음(제육볶음),kfind-d110-465000000-0001,D110-465000000-0001,,SOURCED_PARTIAL_COMPOSITION,VERIFIED_NO_PREFERRED_GROUP,돼지고기|양배추|양파|깻잎|당근|풋고추|식용유|소금 약간,RED_MEAT|VEGETABLE,REFERENCE_PARTIAL,UNKNOWN_REFERENCE_ONLY,"돼지고기 240g, 양배추 60g(2장), 양파 40g(1/4개), 깻잎 8g(5장), 당근 20g, 풋고추 5g(1/3개), 식용유 4g(1작은술), 소금 약간","<양념> 간장 8g(1/2큰술), 고추장 18g(1큰술), 고춧가루 3g(1/2큰술), 다진 파 3g(1작은술), 다진 마늘 6g(1작은술), 다진 생강 1g(1/3작은술), 설탕 4g(2/3큰술), 참기름 1g(1/4작은술), 통깨 1g(1/3작은술)",RDA-90859,,SOURCE_TITLE_EXACT_OR_EXPLICIT_SYNONYM,https://www.nics.go.kr/food/kfi/tfSrch08/view?menuId=PS03520&tfcode=90859,"농촌진흥청 농촌생활연구소(현 농촌자원개발연구소), 소비자가 알기 쉬운 식품영양가표, 2002 서울특별시 교육청, 중·고등학생을 위한 학교급식 표준식단, 2002",eefc185f9b424d469f08f274325448fbe022a2d661d67aec36c8540735e25761,2026-10-04,recommendation-composition-catalog-v3,RDA_3248_FULL_CATALOGUE|MFDS_PUBLIC_RECIPES_1_350|KTO_970_FULL_CATALOGUE|EXISTING_KFIND_FIELDS|RDA_PUBLIC_DIET_268_FULL_CATALOGUE|EXACT_OFFICIAL_BRAND_EVIDENCE|CATALOG_RECOMMENDATION_REVIEWED_OFFICIAL_SOURCES
kfind-catalog-d310-466000000-0001,두부김치,kfind-d310-466000000-0001,D310-466000000-0001,,SOURCED_PARTIAL_COMPOSITION,ELIGIBLE,두부|김치,LEGUME_SOY|VEGETABLE,REFERENCE_PARTIAL,UNKNOWN_REFERENCE_ONLY,,,KTO-179834,RDA-DIET-89421-0,REVIEWED_SOURCE_DEFINITION_OR_EXISTING_EVIDENCE,https://english.visitkorea.or.kr/svc/sp/food/ext/special_view.do?menuSn=913&vcontsId=179834,한국관광공사 공식 음식 소개,794061b66794cf714ffa7aa1ff7da9f7112407520fd4f882c7a1fde2837153fc,2026-10-04,recommendation-composition-catalog-v3,RDA_3248_FULL_CATALOGUE|MFDS_PUBLIC_RECIPES_1_350|KTO_970_FULL_CATALOGUE|EXISTING_KFIND_FIELDS|RDA_PUBLIC_DIET_268_FULL_CATALOGUE|EXACT_OFFICIAL_BRAND_EVIDENCE|CATALOG_RECOMMENDATION_REVIEWED_OFFICIAL_SOURCES
kfind-catalog-d110-467000000-0001,떡볶이,kfind-d110-467000000-0001,D110-467000000-0001,,SOURCED_PARTIAL_COMPOSITION,ELIGIBLE,흰떡|고기|숙주|미나리|당근|양파|건표고버섯|소금 약간|설탕 약간|깨소금 약간|참기름 약간,GRAIN_UNSPECIFIED|MEAT_UNSPECIFIED|VEGETABLE,REFERENCE_PARTIAL,UNKNOWN_REFERENCE_ONLY,"흰떡 400g, 다진 고기 100g, 숙주 100g, 미나리 50g, 당근 30g, 양파 50g(1/3개), 건표고버섯 10g(3개), 소금 약간, 설탕 약간, 깨소금 약간, 참기름 약간","<양념> 간장 2큰술, 설탕 1큰술, 다진 파 2작은술, 다진 마늘 1작은술, 참기름 1/2큰술, 깨소금 1작은술, 후춧가루 약간",RDA-90516,RDA-90860|MFDS-236,SOURCE_TITLE_EXACT_OR_EXPLICIT_SYNONYM,https://www.nics.go.kr/food/kfi/tfSrch08/view?menuId=PS03520&tfcode=90516,"문화공보부 문화재관리국, 한국민속종합조사보고서(향토음식편), 1984",169eee438b0c17896c80909f6e0c045ce3a80d9e66aefd0f0c3c56b496955c82,2026-10-04,recommendation-composition-catalog-v3,RDA_3248_FULL_CATALOGUE|MFDS_PUBLIC_RECIPES_1_350|KTO_970_FULL_CATALOGUE|EXISTING_KFIND_FIELDS|RDA_PUBLIC_DIET_268_FULL_CATALOGUE|EXACT_OFFICIAL_BRAND_EVIDENCE|CATALOG_RECOMMENDATION_REVIEWED_OFFICIAL_SOURCES
kfind-catalog-d110-468000000-0001,라볶이,kfind-d110-468000000-0001,D110-468000000-0001,,SOURCED_PARTIAL_COMPOSITION,VERIFIED_NO_PREFERRED_GROUP,쌀떡|라면|어묵|파|고추장|고춧가루|설탕,GRAIN_UNSPECIFIED|PROCESSED_FISH,REFERENCE_PARTIAL,UNKNOWN_REFERENCE_ONLY,,,KTO-231494,,REVIEWED_SOURCE_DEFINITION_OR_EXISTING_EVIDENCE,https://english.visitkorea.or.kr/svc/sp/food/ext/special_view.do?menuSn=913&vcontsId=231494,한국관광공사 공식 음식 소개,13b39e904deed1322d9edf12913972ca3083bc1aefb2596a9c10f1cbd16db90d,2026-10-04,recommendation-composition-catalog-v3,RDA_3248_FULL_CATALOGUE|MFDS_PUBLIC_RECIPES_1_350|KTO_970_FULL_CATALOGUE|EXISTING_KFIND_FIELDS|RDA_PUBLIC_DIET_268_FULL_CATALOGUE|EXACT_OFFICIAL_BRAND_EVIDENCE|CATALOG_RECOMMENDATION_REVIEWED_OFFICIAL_SOURCES
kfind-catalog-d110-469000000-0001,마늘쫑볶음,kfind-d110-469000000-0001,D110-469000000-0001,,SOURCED_PARTIAL_COMPOSITION,ELIGIBLE,마늘종|양파|간장|식용유|설탕|통깨|소금 약간|참기름 약간,VEGETABLE,REFERENCE_PARTIAL,UNKNOWN_REFERENCE_ONLY,"마늘종 200g, 양파 160g(1개), 간장 2큰술, 식용유 1큰술, 설탕 1/2큰술, 통깨 1작은술, 소금 약간, 참기름 약간",,RDA-92523,RDA-DIET-89439-0,마늘쫑/마늘종의 동일 식재료 표기만 연결; 다른 볶음 재료·식품군을 이름으로 추정하지 않음,https://www.nics.go.kr/food/kfi/tfSrch08/view?menuId=PS03520&tfcode=92523,"전남광주통합특별시 농촌진흥원, 향토요리모음, 1979 완도군농업기술센터, 세계로! 미래로! 청해진 음식기행 100선, 2001",88dda87c4a3e2ef08dbdbb82701cdddb763fbc6fdbd5651806a72f0dc2ca058d,2026-10-04,recommendation-composition-catalog-v3,RDA_3248_FULL_CATALOGUE|MFDS_PUBLIC_RECIPES_1_350|KTO_970_FULL_CATALOGUE|EXISTING_KFIND_FIELDS|RDA_PUBLIC_DIET_268_FULL_CATALOGUE|EXACT_OFFICIAL_BRAND_EVIDENCE|CATALOG_RECOMMENDATION_REVIEWED_OFFICIAL_SOURCES
kfind-catalog-d110-470000000-0001,마파두부,kfind-d110-470000000-0001,D110-470000000-0001,,SOURCED_PARTIAL_COMPOSITION,ELIGIBLE,두부|돼지고기|홍고추|마늘|생강|두반장|청주|간장|굴소스|치킨파우더|설탕|녹말물|고추기름|물|후춧가루 약간,LEGUME_SOY|RED_MEAT,REFERENCE_PARTIAL,UNKNOWN_REFERENCE_ONLY,"두부 50g, 다진 돼지고기 20g (양념장) 소금 1g, 홍고추 2g, 마늘 4g, 생강 4g, 두반장 3g, 청주 6g, 간장 6g, 굴소스 2g, 치킨파우더 2g, 설탕 1g, 녹말물 8g, 고추기름 12g, 물 160g, 후춧가루 약간",,RDA-DIET-89306-3,RDA-DIET-89443-0,SOURCE_TITLE_EXACT_OR_EXPLICIT_SYNONYM,https://api.nongsaro.go.kr/sample/rest/recomendDiet/recomendDiet.jsp?cntntsNo=89306&tabNo=3,공개 추천식단 89306 메뉴 3,6f43c2f2271a9d0686613fae333efd0b77f74956fa7ed154933e4e35b8c52805,2026-10-04,recommendation-composition-catalog-v3,RDA_3248_FULL_CATALOGUE|MFDS_PUBLIC_RECIPES_1_350|KTO_970_FULL_CATALOGUE|EXISTING_KFIND_FIELDS|RDA_PUBLIC_DIET_268_FULL_CATALOGUE|EXACT_OFFICIAL_BRAND_EVIDENCE|CATALOG_RECOMMENDATION_REVIEWED_OFFICIAL_SOURCES
kfind-catalog-d310-471000000-0001,머위나물볶음,kfind-d310-471000000-0001,D310-471000000-0001,,UNRESOLVED_AFTER_CATALOGUE_SCAN,NO_EXACT_PUBLIC_OR_OFFICIAL_INGREDIENT_EVIDENCE,,,UNKNOWN,UNKNOWN_REFERENCE_ONLY,,,,,NO_ACCEPTED_IDENTITY_JOIN,,,,2026-10-04,recommendation-composition-catalog-v3,RDA_3248_FULL_CATALOGUE|MFDS_PUBLIC_RECIPES_1_350|KTO_970_FULL_CATALOGUE|EXISTING_KFIND_FIELDS|RDA_PUBLIC_DIET_268_FULL_CATALOGUE|EXACT_OFFICIAL_BRAND_EVIDENCE|CATALOG_RECOMMENDATION_REVIEWED_OFFICIAL_SOURCES
kfind-catalog-d110-472000000-0001,멸치볶음,kfind-d110-472000000-0001,D110-472000000-0001,,SOURCED_PARTIAL_COMPOSITION,ELIGIBLE,멸치|설탕|물엿|통깨|식용유|간장,FISH,REFERENCE_PARTIAL,UNKNOWN_REFERENCE_ONLY,"멸치 60g(1컵),설탕 4g(1작은술),물엿 10g(1/2큰술),통깨 2g(2/3작은술),식용유 10g(3/4큰술),간장 10g(2/3큰술)",,RDA-90862,RDA-DIET-89243-2|RDA-DIET-89261-1|RDA-DIET-89341-2|RDA-DIET-89358-3,SOURCE_TITLE_EXACT_OR_EXPLICIT_SYNONYM,https://www.nics.go.kr/food/kfi/tfSrch08/view?menuId=PS03520&tfcode=90862,"정순자, 한국조리, 신광출판사, 1990 한국문화보호재단, 한국음식대관 제 2권, 한림출판사, 1999 재치영양사, http://www.yori.co.kr/, 2006",9c2e8beb0a38bee4c40d2f7405852f9390f69261b7e3a3d5ca80434a4751022e,2026-10-04,recommendation-composition-catalog-v3,RDA_3248_FULL_CATALOGUE|MFDS_PUBLIC_RECIPES_1_350|KTO_970_FULL_CATALOGUE|EXISTING_KFIND_FIELDS|RDA_PUBLIC_DIET_268_FULL_CATALOGUE|EXACT_OFFICIAL_BRAND_EVIDENCE|CATALOG_RECOMMENDATION_REVIEWED_OFFICIAL_SOURCES
kfind-catalog-d110-475000000-0001,미역줄기볶음,kfind-d110-475000000-0001,D110-475000000-0001,,SOURCED_PARTIAL_COMPOSITION,ELIGIBLE,염장미역줄기|양파|당근|붉은 고추|통깨|마늘|식용유 적량,VEGETABLE,REFERENCE_PARTIAL,UNKNOWN_REFERENCE_ONLY,"염장미역줄기 200g, 양파 80g(1/2개), 당근 70g(1/2개), 붉은 고추 15g(1개), 통깨 1큰술, 다진 마늘 1 1/2큰술, 식용유 적량",,RDA-90863,RDA-92368|RDA-DIET-89269-1|RDA-DIET-89322-5|RDA-DIET-89367-3,SOURCE_TITLE_EXACT_OR_EXPLICIT_SYNONYM,https://www.nics.go.kr/food/kfi/tfSrch08/view?menuId=PS03520&tfcode=90863,"완도군농업기술센터, 세계로! 미래로! 청해진 음식기행 100선, 2001",f89de521f51ab972bfb5e920b1d24e4f1f905e6b50e67864d47dc33c13310430,2026-10-04,recommendation-composition-catalog-v3,RDA_3248_FULL_CATALOGUE|MFDS_PUBLIC_RECIPES_1_350|KTO_970_FULL_CATALOGUE|EXISTING_KFIND_FIELDS|RDA_PUBLIC_DIET_268_FULL_CATALOGUE|EXACT_OFFICIAL_BRAND_EVIDENCE|CATALOG_RECOMMENDATION_REVIEWED_OFFICIAL_SOURCES
kfind-catalog-d110-477000000-0001,브로콜리볶음,kfind-d110-477000000-0001,D110-477000000-0001,,UNRESOLVED_AFTER_CATALOGUE_SCAN,NO_EXACT_PUBLIC_OR_OFFICIAL_INGREDIENT_EVIDENCE,,,UNKNOWN,UNKNOWN_REFERENCE_ONLY,,,,,NO_ACCEPTED_IDENTITY_JOIN,,,,2026-10-04,recommendation-composition-catalog-v3,RDA_3248_FULL_CATALOGUE|MFDS_PUBLIC_RECIPES_1_350|KTO_970_FULL_CATALOGUE|EXISTING_KFIND_FIELDS|RDA_PUBLIC_DIET_268_FULL_CATALOGUE|EXACT_OFFICIAL_BRAND_EVIDENCE|CATALOG_RECOMMENDATION_REVIEWED_OFFICIAL_SOURCES
kfind-catalog-d110-480000000-0001,새우볶음,kfind-d110-480000000-0001,D110-480000000-0001,,UNRESOLVED_AFTER_CATALOGUE_SCAN,NO_EXACT_PUBLIC_OR_OFFICIAL_INGREDIENT_EVIDENCE,,,UNKNOWN,UNKNOWN_REFERENCE_ONLY,,,,,NO_ACCEPTED_IDENTITY_JOIN,,,,2026-10-04,recommendation-composition-catalog-v3,RDA_3248_FULL_CATALOGUE|MFDS_PUBLIC_RECIPES_1_350|KTO_970_FULL_CATALOGUE|EXISTING_KFIND_FIELDS|RDA_PUBLIC_DIET_268_FULL_CATALOGUE|EXACT_OFFICIAL_BRAND_EVIDENCE|CATALOG_RECOMMENDATION_REVIEWED_OFFICIAL_SOURCES
kfind-catalog-d110-482000000-0001,소시지볶음,kfind-d110-482000000-0001,D110-482000000-0001,,UNRESOLVED_AFTER_CATALOGUE_SCAN,NO_EXACT_PUBLIC_OR_OFFICIAL_INGREDIENT_EVIDENCE,,,UNKNOWN,UNKNOWN_REFERENCE_ONLY,,,,,NO_ACCEPTED_IDENTITY_JOIN,,,,2026-10-04,recommendation-composition-catalog-v3,RDA_3248_FULL_CATALOGUE|MFDS_PUBLIC_RECIPES_1_350|KTO_970_FULL_CATALOGUE|EXISTING_KFIND_FIELDS|RDA_PUBLIC_DIET_268_FULL_CATALOGUE|EXACT_OFFICIAL_BRAND_EVIDENCE|CATALOG_RECOMMENDATION_REVIEWED_OFFICIAL_SOURCES
kfind-catalog-d310-483000000-0004,순대볶음,kfind-d310-483000000-0004,D310-483000000-0004,,UNRESOLVED_AFTER_CATALOGUE_SCAN,NO_EXACT_PUBLIC_OR_OFFICIAL_INGREDIENT_EVIDENCE,,,UNKNOWN,UNKNOWN_REFERENCE_ONLY,,,,,NO_ACCEPTED_IDENTITY_JOIN,,,,2026-10-04,recommendation-composition-catalog-v3,RDA_3248_FULL_CATALOGUE|MFDS_PUBLIC_RECIPES_1_350|KTO_970_FULL_CATALOGUE|EXISTING_KFIND_FIELDS|RDA_PUBLIC_DIET_268_FULL_CATALOGUE|EXACT_OFFICIAL_BRAND_EVIDENCE|CATALOG_RECOMMENDATION_REVIEWED_OFFICIAL_SOURCES
kfind-catalog-d110-484000000-0001,애호박볶음,kfind-d110-484000000-0001,D110-484000000-0001,,SOURCED_PARTIAL_COMPOSITION,ELIGIBLE,애호박|양파|홍고추|마늘|들기름|새우젓|소금 약간|통깨 약간,VEGETABLE,REFERENCE_PARTIAL,UNKNOWN_REFERENCE_ONLY,"애호박 60g, 양파 20g, 홍고추 4g (양념) 다진 대파 3g, 다진 마늘 1g, 들기름 3g, 새우젓 4g, 소금 약간, 통깨 약간",,RDA-DIET-89257-2,RDA-DIET-89329-4|RDA-DIET-89354-1,SOURCE_TITLE_EXACT_OR_EXPLICIT_SYNONYM,https://api.nongsaro.go.kr/sample/rest/recomendDiet/recomendDiet.jsp?cntntsNo=89257&tabNo=2,공개 추천식단 89257 메뉴 2,7b95b3b22764d0a1f53ef8aa50cd5a60a40ae9b06350f061edcc64ae84b16dcb,2026-10-04,recommendation-composition-catalog-v3,RDA_3248_FULL_CATALOGUE|MFDS_PUBLIC_RECIPES_1_350|KTO_970_FULL_CATALOGUE|EXISTING_KFIND_FIELDS|RDA_PUBLIC_DIET_268_FULL_CATALOGUE|EXACT_OFFICIAL_BRAND_EVIDENCE|CATALOG_RECOMMENDATION_REVIEWED_OFFICIAL_SOURCES
kfind-catalog-d110-485000000-0001,양파볶음,kfind-d110-485000000-0001,D110-485000000-0001,,UNRESOLVED_AFTER_CATALOGUE_SCAN,NO_EXACT_PUBLIC_OR_OFFICIAL_INGREDIENT_EVIDENCE,,,UNKNOWN,UNKNOWN_REFERENCE_ONLY,,,,,NO_ACCEPTED_IDENTITY_JOIN,,,,2026-10-04,recommendation-composition-catalog-v3,RDA_3248_FULL_CATALOGUE|MFDS_PUBLIC_RECIPES_1_350|KTO_970_FULL_CATALOGUE|EXISTING_KFIND_FIELDS|RDA_PUBLIC_DIET_268_FULL_CATALOGUE|EXACT_OFFICIAL_BRAND_EVIDENCE|CATALOG_RECOMMENDATION_REVIEWED_OFFICIAL_SOURCES
kfind-catalog-d311-506000000-0001,가자미조림,kfind-d311-506000000-0001,D311-506000000-0001,,SOURCED_PARTIAL_COMPOSITION,ELIGIBLE,가자미|무|물,FISH|VEGETABLE,REFERENCE_PARTIAL,UNKNOWN_REFERENCE_ONLY,"가자미 200g(2/3마리), 무 140g, 물 150mL(3/4컵)","[조림장] 간장 21g(1 1/4 큰술), 다진 파 7g(3/4큰술), 다진 마늘 6g(1작은술), 설탕 3g(1작은술), 고춧가루 3g(1/2큰술), 통깨 2g(2/3작은술)",RDA-90839,MFDS-347|RDA-91111|RDA-91526|RDA-DIET-89287-2,SOURCE_TITLE_EXACT_OR_EXPLICIT_SYNONYM,https://www.nics.go.kr/food/kfi/tfSrch08/view?menuId=PS03520&tfcode=90839,"백승철, 별미 반찬·밑반찬, 서울문화사, 1999 농촌진흥청 농촌생활연구소(현 농촌자원개발연구소), 소비자가 알기 쉬운 식품영양가표, 2002",52b02c2b4218fb6487e196bf1f568a064666693b93b9076c8aaa206b11af4eec,2026-10-04,recommendation-composition-catalog-v3,RDA_3248_FULL_CATALOGUE|MFDS_PUBLIC_RECIPES_1_350|KTO_970_FULL_CATALOGUE|EXISTING_KFIND_FIELDS|RDA_PUBLIC_DIET_268_FULL_CATALOGUE|EXACT_OFFICIAL_BRAND_EVIDENCE|CATALOG_RECOMMENDATION_REVIEWED_OFFICIAL_SOURCES
kfind-catalog-d111-508000000-0001,감자조림,kfind-d111-508000000-0001,D111-508000000-0001,,SOURCED_PARTIAL_COMPOSITION,ELIGIBLE,감자|당근|양파|통깨,ROOT_STARCH|VEGETABLE,REFERENCE_PARTIAL,UNKNOWN_REFERENCE_ONLY,"감자 150g(1개), 당근 30g(1/4개), 양파 20g, 통깨 1g(1/3작은술)","<양념장> 간장 20g(1 1/4큰술), 설탕 4g(1작은술), 물엿 10g(1/2큰술), 다진 마늘 4g(2/3작은술), 식용유 6g(1/2큰술), 물 45ml(3큰술)",RDA-90841,MFDS-276|RDA-DIET-89326-5,SOURCE_TITLE_EXACT_OR_EXPLICIT_SYNONYM,https://www.nics.go.kr/food/kfi/tfSrch08/view?menuId=PS03520&tfcode=90841,"황혜성·한복려·한복진, 한국의 전통음식, 교문사, 1994 농촌진흥청 농촌생활연구소(현 농촌자원개발연구소), 소비자가 알기 쉬운 식품영양가표, 2002 서울특별시 교육청, 중·고등학교학생을 위한 학교급식 표준식단, 2002 재치영양사, www.yori.co.kr/,2006",f32228c346c0ec4fe387645cd771e05945d2621e6787651fe52925b4566c4d92,2026-10-04,recommendation-composition-catalog-v3,RDA_3248_FULL_CATALOGUE|MFDS_PUBLIC_RECIPES_1_350|KTO_970_FULL_CATALOGUE|EXISTING_KFIND_FIELDS|RDA_PUBLIC_DIET_268_FULL_CATALOGUE|EXACT_OFFICIAL_BRAND_EVIDENCE|CATALOG_RECOMMENDATION_REVIEWED_OFFICIAL_SOURCES
kfind-catalog-d111-509000000-0001,고등어조림,kfind-d111-509000000-0001,D111-509000000-0001,,SOURCED_PARTIAL_COMPOSITION,ELIGIBLE,고등어|무,FISH|VEGETABLE,REFERENCE_PARTIAL,UNKNOWN_REFERENCE_ONLY,,,,RDA-92364|RDA-90034|RDA-DIET-89452-3,REVIEWED_SOURCE_DEFINITION_OR_EXISTING_EVIDENCE,https://fsis.go.kr/front/contents/cmsView.do?cate_id=0301&cnts_id=13682&select_list_no=127,국립수산물품질관리원 수산물안전정보·농촌진흥청 조리법,,2026-10-04,recommendation-composition-catalog-v3,RDA_3248_FULL_CATALOGUE|MFDS_PUBLIC_RECIPES_1_350|KTO_970_FULL_CATALOGUE|EXISTING_KFIND_FIELDS|RDA_PUBLIC_DIET_268_FULL_CATALOGUE|EXACT_OFFICIAL_BRAND_EVIDENCE|CATALOG_RECOMMENDATION_REVIEWED_OFFICIAL_SOURCES
kfind-catalog-d311-510000000-0001,고추조림,kfind-d311-510000000-0001,D311-510000000-0001,,UNRESOLVED_AFTER_CATALOGUE_SCAN,NO_EXACT_PUBLIC_OR_OFFICIAL_INGREDIENT_EVIDENCE,,,UNKNOWN,UNKNOWN_REFERENCE_ONLY,,,,,NO_ACCEPTED_IDENTITY_JOIN,,,,2026-10-04,recommendation-composition-catalog-v3,RDA_3248_FULL_CATALOGUE|MFDS_PUBLIC_RECIPES_1_350|KTO_970_FULL_CATALOGUE|EXISTING_KFIND_FIELDS|RDA_PUBLIC_DIET_268_FULL_CATALOGUE|EXACT_OFFICIAL_BRAND_EVIDENCE|CATALOG_RECOMMENDATION_REVIEWED_OFFICIAL_SOURCES
kfind-catalog-d111-511000000-0001,꽁치조림,kfind-d111-511000000-0001,D111-511000000-0001,,SOURCED_PARTIAL_COMPOSITION,ELIGIBLE,꽁치|물|소금,FISH,REFERENCE_PARTIAL,UNKNOWN_REFERENCE_ONLY,"꽁치 220g(3마리), 물 45mL(3큰술), 소금 4g(1작은술)","<양념장> 간장 12g(2/3큰술), 고춧가루 3g(1/2큰술), 다진 마늘 7g(1/2큰술), 다진 파8g(1큰술), 설탕 약간",RDA-90842,,SOURCE_TITLE_EXACT_OR_EXPLICIT_SYNONYM,https://www.nics.go.kr/food/kfi/tfSrch08/view?menuId=PS03520&tfcode=90842,"농촌진흥청, 농촌 식생활 향상을 위한 식생활 평가 시스템 개발연구 보고서, 2000",7605ef31bc0022b33e5a689b867589825b0d917a998f0adab6c3b234f0efb337,2026-10-04,recommendation-composition-catalog-v3,RDA_3248_FULL_CATALOGUE|MFDS_PUBLIC_RECIPES_1_350|KTO_970_FULL_CATALOGUE|EXISTING_KFIND_FIELDS|RDA_PUBLIC_DIET_268_FULL_CATALOGUE|EXACT_OFFICIAL_BRAND_EVIDENCE|CATALOG_RECOMMENDATION_REVIEWED_OFFICIAL_SOURCES
kfind-catalog-d111-514000000-0001,닭볶음탕,kfind-d111-514000000-0001,D111-514000000-0001,,SOURCED_PARTIAL_COMPOSITION,VERIFIED_NO_PREFERRED_GROUP,닭|감자|고춧가루 양념,POULTRY|ROOT_STARCH,REFERENCE_PARTIAL,UNKNOWN_REFERENCE_ONLY,,,KTO-179264,RDA-DIET-89437-4,REVIEWED_SOURCE_DEFINITION_OR_EXISTING_EVIDENCE,https://english.visitkorea.or.kr/svc/sp/food/ext/special_view.do?menuSn=913&vcontsId=179264,한국관광공사 공식 음식 소개,a9207eba1bc43ef445ee15c76a9f87417f20b0cedad84ea812668e3f3ad2f24e,2026-10-04,recommendation-composition-catalog-v3,RDA_3248_FULL_CATALOGUE|MFDS_PUBLIC_RECIPES_1_350|KTO_970_FULL_CATALOGUE|EXISTING_KFIND_FIELDS|RDA_PUBLIC_DIET_268_FULL_CATALOGUE|EXACT_OFFICIAL_BRAND_EVIDENCE|CATALOG_RECOMMENDATION_REVIEWED_OFFICIAL_SOURCES
kfind-catalog-d111-515000000-0001,닭조림,kfind-d111-515000000-0001,D111-515000000-0001,,SOURCED_PARTIAL_COMPOSITION,ELIGIBLE,닭고기|감자|당근|양파|고추장|진간장|마늘|물엿|토마토케찹,POULTRY|ROOT_STARCH|VEGETABLE,REFERENCE_PARTIAL,UNKNOWN_REFERENCE_ONLY,"재료량(4인분) - 닭고기 240g, 감자 80g, 당근 60g, 양파 80g, 고추장 20g, 진간장 8g, 마늘 8g, 물엿 20g, 토마토케찹 20g",,MFDS-252,RDA-90844,SOURCE_TITLE_EXACT_OR_EXPLICIT_SYNONYM,https://www.foodsafetykorea.go.kr/popup/sensuousmenuView.do?rcp_menu_no=252,공개 조리법 rcp_menu_no=252,fb26127ca56ee21ec689f05b6609cec4cd186a0d6303cf85f349fe31744cc4e6,2026-10-04,recommendation-composition-catalog-v3,RDA_3248_FULL_CATALOGUE|MFDS_PUBLIC_RECIPES_1_350|KTO_970_FULL_CATALOGUE|EXISTING_KFIND_FIELDS|RDA_PUBLIC_DIET_268_FULL_CATALOGUE|EXACT_OFFICIAL_BRAND_EVIDENCE|CATALOG_RECOMMENDATION_REVIEWED_OFFICIAL_SOURCES
kfind-catalog-d311-516000000-0001,동태조림,kfind-d311-516000000-0001,D311-516000000-0001,,SOURCED_PARTIAL_COMPOSITION,ELIGIBLE,동태|무|대파|실고추 약간,FISH|VEGETABLE,REFERENCE_PARTIAL,UNKNOWN_REFERENCE_ONLY,"동태 300g(2/3마리), 무 150g, 대파 10g(1/4뿌리), 실고추 약간","<양념장> 간장 50g(3큰술), 물 45mL(3큰술), 다진 마늘 6g(1작은술), 다진 생강 6g(2작은술), 설탕 6g(1/2큰술), 참기름 4g(1작은술), 깨소금 3g(1작은술)",RDA-90845,,SOURCE_TITLE_EXACT_OR_EXPLICIT_SYNONYM,https://www.nics.go.kr/food/kfi/tfSrch08/view?menuId=PS03520&tfcode=90845,"정순자, 한국조리, 신광출판사, 1990",6b53d947e1d20e4da35714069ff2a330a32716cbf16f7b910567cf2933fade6d,2026-10-04,recommendation-composition-catalog-v3,RDA_3248_FULL_CATALOGUE|MFDS_PUBLIC_RECIPES_1_350|KTO_970_FULL_CATALOGUE|EXISTING_KFIND_FIELDS|RDA_PUBLIC_DIET_268_FULL_CATALOGUE|EXACT_OFFICIAL_BRAND_EVIDENCE|CATALOG_RECOMMENDATION_REVIEWED_OFFICIAL_SOURCES
kfind-catalog-d111-517000000-0001,두부조림,kfind-d111-517000000-0001,D111-517000000-0001,,SOURCED_PARTIAL_COMPOSITION,ELIGIBLE,두부|홍고추|파|마늘,LEGUME_SOY,REFERENCE_PARTIAL,UNKNOWN_REFERENCE_ONLY,,,,RDA-92365|MFDS-266|RDA-DIET-89275-0|RDA-DIET-89457-0,REVIEWED_SOURCE_DEFINITION_OR_EXISTING_EVIDENCE,https://www.foodsafetykorea.go.kr/popup/sensuousmenuView.do?rcp_menu_no=266,식품의약품안전처 식품안전나라 공개 조리법,,2026-10-04,recommendation-composition-catalog-v3,RDA_3248_FULL_CATALOGUE|MFDS_PUBLIC_RECIPES_1_350|KTO_970_FULL_CATALOGUE|EXISTING_KFIND_FIELDS|RDA_PUBLIC_DIET_268_FULL_CATALOGUE|EXACT_OFFICIAL_BRAND_EVIDENCE|CATALOG_RECOMMENDATION_REVIEWED_OFFICIAL_SOURCES
kfind-catalog-d111-518000000-0001,땅콩조림,kfind-d111-518000000-0001,D111-518000000-0001,,SOURCED_PARTIAL_COMPOSITION,ELIGIBLE,땅콩|통깨,NUT_SEED,REFERENCE_PARTIAL,UNKNOWN_REFERENCE_ONLY,"땅콩 40g,통깨 1g(1/3작은술)","<조림장> 간장 12g(2/3큰술), 물엿 5g(1작은술), 설탕 2g(1/2작은술), 다진 마늘 2g(1/3작은술), 다진 파 4g(1/2큰술), 참기름 1g(1/3작은술)",RDA-90847,RDA-91531|RDA-DIET-89315-3|RDA-DIET-89319-5,SOURCE_TITLE_EXACT_OR_EXPLICIT_SYNONYM,https://www.nics.go.kr/food/kfi/tfSrch08/view?menuId=PS03520&tfcode=90847,"농촌진흥청, 농촌 식생활 향상을 위한 식생활 평가시스템 개발연구 보고서, 2000",1f04e81e9271273046958f507c22f76eae17a554dbf7935b8e8c510f8eb36a03,2026-10-04,recommendation-composition-catalog-v3,RDA_3248_FULL_CATALOGUE|MFDS_PUBLIC_RECIPES_1_350|KTO_970_FULL_CATALOGUE|EXISTING_KFIND_FIELDS|RDA_PUBLIC_DIET_268_FULL_CATALOGUE|EXACT_OFFICIAL_BRAND_EVIDENCE|CATALOG_RECOMMENDATION_REVIEWED_OFFICIAL_SOURCES
kfind-catalog-d111-519000000-0001,멸치조림,kfind-d111-519000000-0001,D111-519000000-0001,,SOURCED_PARTIAL_COMPOSITION,ELIGIBLE,생멸치|풋고추|마늘|간장|참기름 약간,FISH,REFERENCE_PARTIAL,UNKNOWN_REFERENCE_ONLY,"생멸치 500g, 풋고추 30g(2개), 마늘 15g(4쪽), 간장 3큰술, 참기름 약간",,RDA-90035,,SOURCE_TITLE_EXACT_OR_EXPLICIT_SYNONYM,https://www.nics.go.kr/food/kfi/tfSrch08/view?menuId=PS03520&tfcode=90035,"제주특별자치도 농업기술원, 제주 전통음식, 2007",f2d37e10f1249f41080bf8c7c20370a4e79a5c70850c3868ee901e5eeebeb2e3,2026-10-04,recommendation-composition-catalog-v3,RDA_3248_FULL_CATALOGUE|MFDS_PUBLIC_RECIPES_1_350|KTO_970_FULL_CATALOGUE|EXISTING_KFIND_FIELDS|RDA_PUBLIC_DIET_268_FULL_CATALOGUE|EXACT_OFFICIAL_BRAND_EVIDENCE|CATALOG_RECOMMENDATION_REVIEWED_OFFICIAL_SOURCES
kfind-catalog-d111-520000000-0001,무조림,kfind-d111-520000000-0001,D111-520000000-0001,,SOURCED_PARTIAL_COMPOSITION,ELIGIBLE,무|멸치|쌀뜨물|국간장|고춧가루|파|마늘 적량,FISH|VEGETABLE,REFERENCE_PARTIAL,UNKNOWN_REFERENCE_ONLY,"무 , 멸치 , 쌀뜨물 , 국간장 , 고춧가루 , 다진 파 , 다진 마늘 적량",,RDA-90229,,SOURCE_TITLE_EXACT_OR_EXPLICIT_SYNONYM,https://www.nics.go.kr/food/kfi/tfSrch08/view?menuId=PS03520&tfcode=90229,농촌진흥청 농식품 올바로 전통향토음식 (RDA-90229),8ccf1583dff211e8c6258bc825676ba77b402b94247ba03b030fe4e2d8791037,2026-10-04,recommendation-composition-catalog-v3,RDA_3248_FULL_CATALOGUE|MFDS_PUBLIC_RECIPES_1_350|KTO_970_FULL_CATALOGUE|EXISTING_KFIND_FIELDS|RDA_PUBLIC_DIET_268_FULL_CATALOGUE|EXACT_OFFICIAL_BRAND_EVIDENCE|CATALOG_RECOMMENDATION_REVIEWED_OFFICIAL_SOURCES
kfind-catalog-d111-521000000-0001,미트볼조림,kfind-d111-521000000-0001,D111-521000000-0001,,UNRESOLVED_AFTER_CATALOGUE_SCAN,NO_EXACT_PUBLIC_OR_OFFICIAL_INGREDIENT_EVIDENCE,,,UNKNOWN,UNKNOWN_REFERENCE_ONLY,,,,,NO_ACCEPTED_IDENTITY_JOIN,,,,2026-10-04,recommendation-composition-catalog-v3,RDA_3248_FULL_CATALOGUE|MFDS_PUBLIC_RECIPES_1_350|KTO_970_FULL_CATALOGUE|EXISTING_KFIND_FIELDS|RDA_PUBLIC_DIET_268_FULL_CATALOGUE|EXACT_OFFICIAL_BRAND_EVIDENCE|CATALOG_RECOMMENDATION_REVIEWED_OFFICIAL_SOURCES
kfind-catalog-d111-522000000-0001,버섯조림,kfind-d111-522000000-0001,D111-522000000-0001,,UNRESOLVED_AFTER_CATALOGUE_SCAN,NO_EXACT_PUBLIC_OR_OFFICIAL_INGREDIENT_EVIDENCE,,,UNKNOWN,UNKNOWN_REFERENCE_ONLY,,,,,NO_ACCEPTED_IDENTITY_JOIN,,,,2026-10-04,recommendation-composition-catalog-v3,RDA_3248_FULL_CATALOGUE|MFDS_PUBLIC_RECIPES_1_350|KTO_970_FULL_CATALOGUE|EXISTING_KFIND_FIELDS|RDA_PUBLIC_DIET_268_FULL_CATALOGUE|EXACT_OFFICIAL_BRAND_EVIDENCE|CATALOG_RECOMMENDATION_REVIEWED_OFFICIAL_SOURCES
kfind-catalog-d111-523000000-0001,병어조림,kfind-d111-523000000-0001,D111-523000000-0001,,SOURCED_PARTIAL_COMPOSITION,VERIFIED_NO_PREFERRED_GROUP,쇠고기|병어|물|실고추,FISH|RED_MEAT,REFERENCE_PARTIAL,UNKNOWN_REFERENCE_ONLY,"쇠고기 50g, 병어 200g(2토막), 물 200g(1컵), 실고추 3g","<쇠고기 양념장> 간장 1/2 큰술, 다진 파 1작은술, 다진 마늘 1작은술, 참기름 1작은술, 후춧가루 약간 <조림 양념장> 간장 3큰술, 설탕 1큰술, 대파 20g(1/2개), 다진 생강 1큰술, 참기름 1작은술, 깨소금 1작은술",RDA-90511,,SOURCE_TITLE_EXACT_OR_EXPLICIT_SYNONYM,https://www.nics.go.kr/food/kfi/tfSrch08/view?menuId=PS03520&tfcode=90511,"한복려, 궁중음식과 서울음식, 대원사, 1995",2c6ad6d06f8fc3973cc5460a601312951cea730bcc40df8b0729d25d34c28da7,2026-10-04,recommendation-composition-catalog-v3,RDA_3248_FULL_CATALOGUE|MFDS_PUBLIC_RECIPES_1_350|KTO_970_FULL_CATALOGUE|EXISTING_KFIND_FIELDS|RDA_PUBLIC_DIET_268_FULL_CATALOGUE|EXACT_OFFICIAL_BRAND_EVIDENCE|CATALOG_RECOMMENDATION_REVIEWED_OFFICIAL_SOURCES
kfind-catalog-d107-304000000-0001,가오리찜,kfind-d107-304000000-0001,D107-304000000-0001,,SOURCED_PARTIAL_COMPOSITION,ELIGIBLE,참기름|통깨|실고추 약간|가오리,FISH,REFERENCE_PARTIAL,UNKNOWN_REFERENCE_ONLY,"참기름 1큰술, 통깨 1큰술, 실고추 약간, 가오리 2kg(1마리)","[양념장] 간장 5~6컵, 다진 마늘 2큰술, 다진 생강 1큰술, 설탕 1/2컵, 식용유 1/2컵, 참기름 2큰술, 후춧가루 약간",RDA-91148,RDA-91580|RDA-89806,SOURCE_TITLE_EXACT_OR_EXPLICIT_SYNONYM,https://www.nics.go.kr/food/kfi/tfSrch08/view?menuId=PS03520&tfcode=91148,"구미시농업기술센터, 구미향토-로하스요리 질시루, 2005",b94f2d2a6b575739fa1bcd6fefbc58627d8c67fd077dc8137fb527531087862c,2026-10-04,recommendation-composition-catalog-v3,RDA_3248_FULL_CATALOGUE|MFDS_PUBLIC_RECIPES_1_350|KTO_970_FULL_CATALOGUE|EXISTING_KFIND_FIELDS|RDA_PUBLIC_DIET_268_FULL_CATALOGUE|EXACT_OFFICIAL_BRAND_EVIDENCE|CATALOG_RECOMMENDATION_REVIEWED_OFFICIAL_SOURCES
kfind-catalog-d107-310000000-0001,깻잎찜,kfind-d107-310000000-0001,D107-310000000-0001,,SOURCED_PARTIAL_COMPOSITION,ELIGIBLE,깻잎,VEGETABLE,REFERENCE_PARTIAL,UNKNOWN_REFERENCE_ONLY,깻잎 100g,"<양념장> 간장 35g(2큰술), 다진 파 10g(1큰술), 다진 마늘 5g(3/4작은술), 고춧가루 8g(1 2/3큰술), 깨소금 3g(1작은술), 참기름 2g(1/2작은술)",RDA-90880,MFDS-287|RDA-DIET-89396-2|RDA-DIET-89452-5,SOURCE_TITLE_EXACT_OR_EXPLICIT_SYNONYM,https://www.nics.go.kr/food/kfi/tfSrch08/view?menuId=PS03520&tfcode=90880,"농촌진흥청 농촌생활연구소(현 농촌자원개발연구소), 소비자가 알기 쉬운 식품영양가표, 2002 서울특별시 교육청, 중.고등학생을 위한 학교급식 표준식단, 2002",bd9d851679ba8b1d380f5a5a73cf59c7d62714227c57cc6166787d420998ec4d,2026-10-04,recommendation-composition-catalog-v3,RDA_3248_FULL_CATALOGUE|MFDS_PUBLIC_RECIPES_1_350|KTO_970_FULL_CATALOGUE|EXISTING_KFIND_FIELDS|RDA_PUBLIC_DIET_268_FULL_CATALOGUE|EXACT_OFFICIAL_BRAND_EVIDENCE|CATALOG_RECOMMENDATION_REVIEWED_OFFICIAL_SOURCES
kfind-catalog-d307-311000000-0001,꼬막무침,kfind-d307-311000000-0001,D307-311000000-0001,,SOURCED_PARTIAL_COMPOSITION,ELIGIBLE,꼬막|물 적량|소금 약간,SEAFOOD,REFERENCE_PARTIAL,UNKNOWN_REFERENCE_ONLY,"꼬막 400g, 물 적량, 소금 약간","<앙념장> 간장 2큰술, 고춧가루 1큰술, 다진 파 2큰술, 다진 마늘 1큰술, 다진 생강 1/2큰술, 설탕 1작은술, 참기름 약간, 통깨 약간, 실고추 약간",RDA-90894,,SOURCE_TITLE_EXACT_OR_EXPLICIT_SYNONYM,https://www.nics.go.kr/food/kfi/tfSrch08/view?menuId=PS03520&tfcode=90894,"문화공보부 문화재관리국, 한국민속종합조사보고서(전남광주통합특별시편), 1968 전남광주통합특별시, 광주의 전통음식, 1997 광양시농업기술센터 광양시생활개선회, 광양향토음식, 2001 광주향토음식문화연구회, 향토음식문화상품개발 상차림 선물음식, 2001 완도군농업기술센터, 세계로! 미래로! 청해진 음식기행 100선, 2001 전남광주통합특별시 북구, 향토음식박물관 건립 방안 연구, 2003",2cd11c014e0a41acf1779acecbdbb72ed048cbf256e25f7bbbd1c1f737c9dc65,2026-10-04,recommendation-composition-catalog-v3,RDA_3248_FULL_CATALOGUE|MFDS_PUBLIC_RECIPES_1_350|KTO_970_FULL_CATALOGUE|EXISTING_KFIND_FIELDS|RDA_PUBLIC_DIET_268_FULL_CATALOGUE|EXACT_OFFICIAL_BRAND_EVIDENCE|CATALOG_RECOMMENDATION_REVIEWED_OFFICIAL_SOURCES
kfind-catalog-d107-312000000-0001,꼬막찜,kfind-d107-312000000-0001,D107-312000000-0001,,SOURCED_PARTIAL_COMPOSITION,ELIGIBLE,꼬막|소금 약간,SEAFOOD,REFERENCE_PARTIAL,UNKNOWN_REFERENCE_ONLY,"꼬막 250g, 소금 (해감용)약간","<양념> 붉은 고추 8g(1/2개), 풋고추 8g(1/2개), 다진 마늘 5g(1/2큰술), 다진 파 9g(1큰술), 깨소금 2g(1/2작은술), 고춧가루 2g(1작은술), 간장 17g(1큰술) 후춧가루 약간",RDA-92606,RDA-DIET-89436-5,SOURCE_TITLE_EXACT_OR_EXPLICIT_SYNONYM,https://www.nics.go.kr/food/kfi/tfSrch08/view?menuId=PS03520&tfcode=92606,"왕준연, 한국요리백과2, 범한출판사, 1985",8013edd80457f0f0421dcbb4bb48e9de344ca137b6ef47e8ba1b084bad308418,2026-10-04,recommendation-composition-catalog-v3,RDA_3248_FULL_CATALOGUE|MFDS_PUBLIC_RECIPES_1_350|KTO_970_FULL_CATALOGUE|EXISTING_KFIND_FIELDS|RDA_PUBLIC_DIET_268_FULL_CATALOGUE|EXACT_OFFICIAL_BRAND_EVIDENCE|CATALOG_RECOMMENDATION_REVIEWED_OFFICIAL_SOURCES
kfind-catalog-d107-314000000-0001,꽈리고추찜,kfind-d107-314000000-0001,D107-314000000-0001,,UNRESOLVED_AFTER_CATALOGUE_SCAN,NO_EXACT_PUBLIC_OR_OFFICIAL_INGREDIENT_EVIDENCE,,,UNKNOWN,UNKNOWN_REFERENCE_ONLY,,,,,NO_ACCEPTED_IDENTITY_JOIN,,,,2026-10-04,recommendation-composition-catalog-v3,RDA_3248_FULL_CATALOGUE|MFDS_PUBLIC_RECIPES_1_350|KTO_970_FULL_CATALOGUE|EXISTING_KFIND_FIELDS|RDA_PUBLIC_DIET_268_FULL_CATALOGUE|EXACT_OFFICIAL_BRAND_EVIDENCE|CATALOG_RECOMMENDATION_REVIEWED_OFFICIAL_SOURCES
kfind-catalog-d107-318000000-0001,닭찜,kfind-d107-318000000-0001,D107-318000000-0001,,SOURCED_PARTIAL_COMPOSITION,VERIFIED_NO_PREFERRED_GROUP,닭|밤|건표고버섯|당근|대추|달걀|대파|마늘|간장|생강즙,POULTRY|ROOT_STARCH,REFERENCE_PARTIAL,UNKNOWN_REFERENCE_ONLY,"닭(영계) 800g, 밤 130g(8개), 건표고버섯 25g(8개), 당근 55g(1/3개), 대추 10g(4개), 달걀 100g(2개), 대파 50g(1 1/3뿌리), 마늘 30g(1통), 간장 3큰술, 생강즙 1큰술",,RDA-90243,RDA-90882|RDA-91154|RDA-92190|RDA-DIET-89440-4,SOURCE_TITLE_EXACT_OR_EXPLICIT_SYNONYM,https://www.nics.go.kr/food/kfi/tfSrch08/view?menuId=PS03520&tfcode=90243,"농촌진흥청 농촌영양개선연수원(현 농촌자원개발연구소), 한국의 향토음식, 1994",05b74061fb8861e73eff3908cfa3434038dd566f65c1904f9b696ae938f8df99,2026-10-04,recommendation-composition-catalog-v3,RDA_3248_FULL_CATALOGUE|MFDS_PUBLIC_RECIPES_1_350|KTO_970_FULL_CATALOGUE|EXISTING_KFIND_FIELDS|RDA_PUBLIC_DIET_268_FULL_CATALOGUE|EXACT_OFFICIAL_BRAND_EVIDENCE|CATALOG_RECOMMENDATION_REVIEWED_OFFICIAL_SOURCES
kfind-catalog-d307-320000000-0001,대구찜,kfind-d307-320000000-0001,D307-320000000-0001,,SOURCED_PARTIAL_COMPOSITION,ELIGIBLE,대구|콩나물|미나리,FISH|VEGETABLE,REFERENCE_PARTIAL,UNKNOWN_REFERENCE_ONLY,,,KTO-178299,,REVIEWED_SOURCE_DEFINITION_OR_EXISTING_EVIDENCE,https://english.visitkorea.or.kr/svc/sp/food/ext/special_view.do?menuSn=913&vcontsId=178299,한국관광공사 공식 음식 소개,8a8023ae4019d6c4343efd519b04da3c94ec144bc4e76991b1403a63abddb9f0,2026-10-04,recommendation-composition-catalog-v3,RDA_3248_FULL_CATALOGUE|MFDS_PUBLIC_RECIPES_1_350|KTO_970_FULL_CATALOGUE|EXISTING_KFIND_FIELDS|RDA_PUBLIC_DIET_268_FULL_CATALOGUE|EXACT_OFFICIAL_BRAND_EVIDENCE|CATALOG_RECOMMENDATION_REVIEWED_OFFICIAL_SOURCES
kfind-catalog-d307-322000000-0001,동태찜,kfind-d307-322000000-0001,D307-322000000-0001,,UNRESOLVED_AFTER_CATALOGUE_SCAN,NO_EXACT_PUBLIC_OR_OFFICIAL_INGREDIENT_EVIDENCE,,,UNKNOWN,UNKNOWN_REFERENCE_ONLY,,,,,NO_ACCEPTED_IDENTITY_JOIN,,,,2026-10-04,recommendation-composition-catalog-v3,RDA_3248_FULL_CATALOGUE|MFDS_PUBLIC_RECIPES_1_350|KTO_970_FULL_CATALOGUE|EXISTING_KFIND_FIELDS|RDA_PUBLIC_DIET_268_FULL_CATALOGUE|EXACT_OFFICIAL_BRAND_EVIDENCE|CATALOG_RECOMMENDATION_REVIEWED_OFFICIAL_SOURCES
kfind-catalog-d307-323000000-0001,동파육,kfind-d307-323000000-0001,D307-323000000-0001,,UNRESOLVED_AFTER_CATALOGUE_SCAN,NO_EXACT_PUBLIC_OR_OFFICIAL_INGREDIENT_EVIDENCE,,,UNKNOWN,UNKNOWN_REFERENCE_ONLY,,,,,NO_ACCEPTED_IDENTITY_JOIN,,,,2026-10-04,recommendation-composition-catalog-v3,RDA_3248_FULL_CATALOGUE|MFDS_PUBLIC_RECIPES_1_350|KTO_970_FULL_CATALOGUE|EXISTING_KFIND_FIELDS|RDA_PUBLIC_DIET_268_FULL_CATALOGUE|EXACT_OFFICIAL_BRAND_EVIDENCE|CATALOG_RECOMMENDATION_REVIEWED_OFFICIAL_SOURCES
kfind-catalog-d107-324000000-0001,돼지갈비찜,kfind-d107-324000000-0001,D107-324000000-0001,,SOURCED_PARTIAL_COMPOSITION,VERIFIED_NO_PREFERRED_GROUP,돼지고기|양파|당근|붉은 고추|물,RED_MEAT|VEGETABLE,REFERENCE_PARTIAL,UNKNOWN_REFERENCE_ONLY,"돼지고기(갈비) 240g, 양파 30g(1/4개), 당근 30g(1/4개), 붉은 고추 15g(1개), 물 200mL(1컵)","<양념> 배 30g, 간장 35g(2큰술), 다진 파 10g(1큰술), 다진 마늘 6g(1작은술), 다진 생강 2g(1/2작은술), 설탕 4g(1작은술), 청주 3g(1작은술), 후춧가루 약간",RDA-92373,RDA-DIET-89313-0,SOURCE_TITLE_EXACT_OR_EXPLICIT_SYNONYM,https://www.nics.go.kr/food/kfi/tfSrch08/view?menuId=PS03520&tfcode=92373,"농촌진흥청 농촌생활연구소(현 농촌자원개발연구소), 소비자가 알기 쉬운 식품영양가표, 2002 서울특별시 교육청, 중·고등학생을 위한 학교급식 표준식단, 2002",18ba7534d9f4a39c05471b9a8cf15c60e19a5f49a06d71b324dfd32411415386,2026-10-04,recommendation-composition-catalog-v3,RDA_3248_FULL_CATALOGUE|MFDS_PUBLIC_RECIPES_1_350|KTO_970_FULL_CATALOGUE|EXISTING_KFIND_FIELDS|RDA_PUBLIC_DIET_268_FULL_CATALOGUE|EXACT_OFFICIAL_BRAND_EVIDENCE|CATALOG_RECOMMENDATION_REVIEWED_OFFICIAL_SOURCES
kfind-catalog-d307-327000000-0001,돼지등갈비찜,kfind-d307-327000000-0001,D307-327000000-0001,,UNRESOLVED_AFTER_CATALOGUE_SCAN,NO_EXACT_PUBLIC_OR_OFFICIAL_INGREDIENT_EVIDENCE,,,UNKNOWN,UNKNOWN_REFERENCE_ONLY,,,,,NO_ACCEPTED_IDENTITY_JOIN,,,,2026-10-04,recommendation-composition-catalog-v3,RDA_3248_FULL_CATALOGUE|MFDS_PUBLIC_RECIPES_1_350|KTO_970_FULL_CATALOGUE|EXISTING_KFIND_FIELDS|RDA_PUBLIC_DIET_268_FULL_CATALOGUE|EXACT_OFFICIAL_BRAND_EVIDENCE|CATALOG_RECOMMENDATION_REVIEWED_OFFICIAL_SOURCES
kfind-catalog-d307-330000000-0001,북어찜,kfind-d307-330000000-0001,D307-330000000-0001,,SOURCED_PARTIAL_COMPOSITION,ELIGIBLE,북어포|실파|실고추 약간,FISH,REFERENCE_PARTIAL,UNKNOWN_REFERENCE_ONLY,"북어포 140g(1마리), 실파 10g, 실고추 약간","<양념> 간장 35g(2큰술), 다진 파 9g(1큰술), 다진 마늘 8g(2/3큰술), 다진 생강 3g(1작은술), 설탕 12g(1큰술), 참기름 8g(2작은술), 깨소금 6g(1큰술), 물200ml(1컵)",RDA-90887,RDA-92477|RDA-91164|RDA-91165,SOURCE_TITLE_EXACT_OR_EXPLICIT_SYNONYM,https://www.nics.go.kr/food/kfi/tfSrch08/view?menuId=PS03520&tfcode=90887,"황혜성·한복려·한복진, 한국의 전통음식, 교문사, 1994 농촌진흥청, 농촌 식생활 향상을 위한 식생활 평가시스템 개발연구 보고서, 2000",4dec15ad2e9f000f8a870f0c67aee292c8da831fbaee357574c95f6bc3213997,2026-10-04,recommendation-composition-catalog-v3,RDA_3248_FULL_CATALOGUE|MFDS_PUBLIC_RECIPES_1_350|KTO_970_FULL_CATALOGUE|EXISTING_KFIND_FIELDS|RDA_PUBLIC_DIET_268_FULL_CATALOGUE|EXACT_OFFICIAL_BRAND_EVIDENCE|CATALOG_RECOMMENDATION_REVIEWED_OFFICIAL_SOURCES
kfind-catalog-d109-407000000-0001,가지전,kfind-d109-407000000-0001,D109-407000000-0001,,SOURCED_PARTIAL_COMPOSITION,ELIGIBLE,가지|밀가루|물|소금|식용유 적량,GRAIN_UNSPECIFIED|VEGETABLE,REFERENCE_PARTIAL,UNKNOWN_REFERENCE_ONLY,"가지 360g(3개), 밀가루 2큰술, 물 2큰술, 소금 2작은술, 식용유 적량",,RDA-90522,RDA-92473,SOURCE_TITLE_EXACT_OR_EXPLICIT_SYNONYM,https://www.nics.go.kr/food/kfi/tfSrch08/view?menuId=PS03520&tfcode=90522,"광양시농업기술센터 광양시생활개선회, 광양향토음식, 2001",e93ab6e0b06b328b335100811210261ec5ac8289f2c30bbd727fd1edd374e1d7,2026-10-04,recommendation-composition-catalog-v3,RDA_3248_FULL_CATALOGUE|MFDS_PUBLIC_RECIPES_1_350|KTO_970_FULL_CATALOGUE|EXISTING_KFIND_FIELDS|RDA_PUBLIC_DIET_268_FULL_CATALOGUE|EXACT_OFFICIAL_BRAND_EVIDENCE|CATALOG_RECOMMENDATION_REVIEWED_OFFICIAL_SOURCES
kfind-catalog-d109-408000000-0001,감자전,kfind-d109-408000000-0001,D109-408000000-0001,,SOURCED_PARTIAL_COMPOSITION,ELIGIBLE,감자|양파|붉은 고추|감자 전분|소금 적량|식용유 적량,ROOT_STARCH|VEGETABLE,REFERENCE_PARTIAL,UNKNOWN_REFERENCE_ONLY,"감자 750g(5개), 양파 160g(1개), 붉은 고추 15g(1개), 감자 전분 3큰술, 소금 적량, 식용유 적량",,RDA-90868,RDA-92369|MFDS-264|RDA-91122|RDA-91881,SOURCE_TITLE_EXACT_OR_EXPLICIT_SYNONYM,https://www.nics.go.kr/food/kfi/tfSrch08/view?menuId=PS03520&tfcode=90868,"완도군농업기술센터, 세계로! 미래로! 청해진 음식기행 100선, 2001",274246a2541e191ebd3cda8db6ae80b94e6dbaf815710b41e33325f9c16a59eb,2026-10-04,recommendation-composition-catalog-v3,RDA_3248_FULL_CATALOGUE|MFDS_PUBLIC_RECIPES_1_350|KTO_970_FULL_CATALOGUE|EXISTING_KFIND_FIELDS|RDA_PUBLIC_DIET_268_FULL_CATALOGUE|EXACT_OFFICIAL_BRAND_EVIDENCE|CATALOG_RECOMMENDATION_REVIEWED_OFFICIAL_SOURCES
kfind-catalog-d109-409000000-0001,고구마전,kfind-d109-409000000-0001,D109-409000000-0001,,SOURCED_PARTIAL_COMPOSITION,ELIGIBLE,고구마|밀가루|달걀|쑥갓|풋고추|식용유|소금 적량,EGG|GRAIN_UNSPECIFIED|ROOT_STARCH|VEGETABLE,REFERENCE_PARTIAL,UNKNOWN_REFERENCE_ONLY,"고구마 , 밀가루 , 달걀 , 쑥갓 , 풋고추 , 식용유 , 소금 적량",,RDA-90231,RDA-91547,SOURCE_TITLE_EXACT_OR_EXPLICIT_SYNONYM,https://www.nics.go.kr/food/kfi/tfSrch08/view?menuId=PS03520&tfcode=90231,"순창군농업기술센터, 순창의 맛 장독대, 2005",316229eb5243f83800c7daf046f8a45750e3d679be53dcfd5d8c1ee95d47ae65,2026-10-04,recommendation-composition-catalog-v3,RDA_3248_FULL_CATALOGUE|MFDS_PUBLIC_RECIPES_1_350|KTO_970_FULL_CATALOGUE|EXISTING_KFIND_FIELDS|RDA_PUBLIC_DIET_268_FULL_CATALOGUE|EXACT_OFFICIAL_BRAND_EVIDENCE|CATALOG_RECOMMENDATION_REVIEWED_OFFICIAL_SOURCES
kfind-catalog-d309-410000000-0001,고추전,kfind-d309-410000000-0001,D309-410000000-0001,,SOURCED_PARTIAL_COMPOSITION,ELIGIBLE,풋고추|밀가루|마늘|국간장 적량,GRAIN_UNSPECIFIED|VEGETABLE,REFERENCE_PARTIAL,UNKNOWN_REFERENCE_ONLY,"풋고추 70g(5개),밀가루 110g(1컵),다진 마늘 1큰술,국간장 적량",,RDA-90233,,SOURCE_TITLE_EXACT_OR_EXPLICIT_SYNONYM,https://www.nics.go.kr/food/kfi/tfSrch08/view?menuId=PS03520&tfcode=90233,농촌진흥청 농식품 올바로 전통향토음식 (RDA-90233),3487e94b2f282806a6e7ab97f9b2217e3847f03f4bbca9bacd393833a6c3bc26,2026-10-04,recommendation-composition-catalog-v3,RDA_3248_FULL_CATALOGUE|MFDS_PUBLIC_RECIPES_1_350|KTO_970_FULL_CATALOGUE|EXISTING_KFIND_FIELDS|RDA_PUBLIC_DIET_268_FULL_CATALOGUE|EXACT_OFFICIAL_BRAND_EVIDENCE|CATALOG_RECOMMENDATION_REVIEWED_OFFICIAL_SOURCES
kfind-catalog-d309-411000000-0001,굴전,kfind-d309-411000000-0001,D309-411000000-0001,,SOURCED_PARTIAL_COMPOSITION,ELIGIBLE,굴|달걀|밀가루|소금|식용유 적량,EGG|GRAIN_UNSPECIFIED|SEAFOOD,REFERENCE_PARTIAL,UNKNOWN_REFERENCE_ONLY,"굴 300g(1 1/2컵), 달걀 100g(2개), 밀가루 55g(1/2컵), 소금 1/2작은술, 식용유 적량",,RDA-90869,RDA-92370|RDA-DIET-89324-4,SOURCE_TITLE_EXACT_OR_EXPLICIT_SYNONYM,https://www.nics.go.kr/food/kfi/tfSrch08/view?menuId=PS03520&tfcode=90869,"전남광주통합특별시 농촌진흥원, 향토요리모음, 1979 광양시농업기술센터 광양시생활개선회, 광양향토음식, 2001 여수시농업기술센터, 관광 여수의 맛자랑, 2001 신안군농업기술센터, 신안의 향토음식을 찾아서, 2004",f07cf01669dc3e7ce95e0936c1f09ba24af94bb5de5b7c6f2e74b6ddf0b10590,2026-10-04,recommendation-composition-catalog-v3,RDA_3248_FULL_CATALOGUE|MFDS_PUBLIC_RECIPES_1_350|KTO_970_FULL_CATALOGUE|EXISTING_KFIND_FIELDS|RDA_PUBLIC_DIET_268_FULL_CATALOGUE|EXACT_OFFICIAL_BRAND_EVIDENCE|CATALOG_RECOMMENDATION_REVIEWED_OFFICIAL_SOURCES
kfind-catalog-d109-412000000-0001,김치전,kfind-d109-412000000-0001,D109-412000000-0001,,SOURCED_PARTIAL_COMPOSITION,ELIGIBLE,묵은 김치|바지락|밀가루|식용유 적량|소금 약간,SEAFOOD|VEGETABLE,REFERENCE_PARTIAL,UNKNOWN_REFERENCE_ONLY,"묵은 김치 400g, 바지락 80g(26개), 밀가루 35g(1/3컵), 식용유 적량, 소금 약간",,RDA-90234,RDA-90871|RDA-DIET-89419-3,SOURCE_TITLE_EXACT_OR_EXPLICIT_SYNONYM,https://www.nics.go.kr/food/kfi/tfSrch08/view?menuId=PS03520&tfcode=90234,농촌진흥청 농식품 올바로 전통향토음식 (RDA-90234),21781d8a5aa39c6827836d4a7b590c68acc674cff571036c2da1ee5ea907aa84,2026-10-04,recommendation-composition-catalog-v3,RDA_3248_FULL_CATALOGUE|MFDS_PUBLIC_RECIPES_1_350|KTO_970_FULL_CATALOGUE|EXISTING_KFIND_FIELDS|RDA_PUBLIC_DIET_268_FULL_CATALOGUE|EXACT_OFFICIAL_BRAND_EVIDENCE|CATALOG_RECOMMENDATION_REVIEWED_OFFICIAL_SOURCES
kfind-catalog-d309-413000000-0001,깻잎전,kfind-d309-413000000-0001,D309-413000000-0001,,SOURCED_PARTIAL_COMPOSITION,ELIGIBLE,깻잎|밀가루|식용유|소금 약간|물 약간,VEGETABLE,REFERENCE_PARTIAL,UNKNOWN_REFERENCE_ONLY,"깻잎 30g(20장), 밀가루 15g(2큰술), 식용유 1큰술, 소금 약간, 물 약간",,RDA-92184,RDA-92597,SOURCE_TITLE_EXACT_OR_EXPLICIT_SYNONYM,https://www.nics.go.kr/food/kfi/tfSrch08/view?menuId=PS03520&tfcode=92184,"전남광주통합특별시 농촌진흥원, 향토요리모음, 1979",c34dfd7a5e302d88ab884ee775c573ea4128f5ca309bada3761494f96cfd6f76,2026-10-04,recommendation-composition-catalog-v3,RDA_3248_FULL_CATALOGUE|MFDS_PUBLIC_RECIPES_1_350|KTO_970_FULL_CATALOGUE|EXISTING_KFIND_FIELDS|RDA_PUBLIC_DIET_268_FULL_CATALOGUE|EXACT_OFFICIAL_BRAND_EVIDENCE|CATALOG_RECOMMENDATION_REVIEWED_OFFICIAL_SOURCES
kfind-catalog-d309-415000000-0001,녹두빈대떡,kfind-d309-415000000-0001,D309-415000000-0001,,SOURCED_PARTIAL_COMPOSITION,ELIGIBLE,거피녹두|찹쌀가루|돼지고기|숙주|배추김치|대파|붉은 고추|식용유|소금 약간,LEGUME_SOY|RED_MEAT|VEGETABLE,REFERENCE_PARTIAL,UNKNOWN_REFERENCE_ONLY,"거피녹두 80g(1/2컵), 찹쌀가루 15g(2큰술), 돼지고기(등심) 60g, 숙주 60g, 배추김치 60g, 대파 5g, 붉은 고추 15g(1개), 식용유 12g(1큰술), 소금(데침용) 약간","<숙주 양념> 참기름 1g(1/4작은술), 소금 2g(1/2작은술) <돼지고기 양념> 간장 3g(1/2작은술), 참기름 1g(1/4작은술), 다진 마늘 3g(1/2작은술), 후춧가루 약간 <김치 양념> 참기름 1g(1/4작은술), 다진 마늘 2g(1/3작은술), 깨소금 1g(1/4작은술)",RDA-90877,,공공 빈대떡 조리자료가 실제 녹두 반죽을 사용한 동일 녹두전 종류임을 식재료 원문에서 확인; 다른 곡물 빈대떡으로 일반화하지 않음,https://www.nics.go.kr/food/kfi/tfSrch08/view?menuId=PS03520&tfcode=90877,"황혜성·한복려·한복진, 한국의 전통음식, 교문사, 1994 농촌진흥청, 농촌생활연구소(현 농촌자원개발연구소), 소비자가 알기 쉬운 영양가표, 2002",1fc99b8ddad50f49b010ca612720150027e9ce76808c6a4b88271f04ba96d125,2026-10-04,recommendation-composition-catalog-v3,RDA_3248_FULL_CATALOGUE|MFDS_PUBLIC_RECIPES_1_350|KTO_970_FULL_CATALOGUE|EXISTING_KFIND_FIELDS|RDA_PUBLIC_DIET_268_FULL_CATALOGUE|EXACT_OFFICIAL_BRAND_EVIDENCE|CATALOG_RECOMMENDATION_REVIEWED_OFFICIAL_SOURCES
kfind-catalog-d109-416000000-0001,달걀말이,kfind-d109-416000000-0001,D109-416000000-0001,,SOURCED_PARTIAL_COMPOSITION,VERIFIED_NO_PREFERRED_GROUP,달걀,EGG,REFERENCE_PARTIAL,UNKNOWN_REFERENCE_ONLY,,,KTO-178911,,REVIEWED_SOURCE_DEFINITION_OR_EXISTING_EVIDENCE,https://english.visitkorea.or.kr/svc/sp/food/ext/special_view.do?menuSn=913&vcontsId=178911,한국관광공사 공식 음식 소개,c75f0e8aad9b00ef3b19074bafce4ca54f40d9f7ece6326ad12e3c1f651bd479,2026-10-04,recommendation-composition-catalog-v3,RDA_3248_FULL_CATALOGUE|MFDS_PUBLIC_RECIPES_1_350|KTO_970_FULL_CATALOGUE|EXISTING_KFIND_FIELDS|RDA_PUBLIC_DIET_268_FULL_CATALOGUE|EXACT_OFFICIAL_BRAND_EVIDENCE|CATALOG_RECOMMENDATION_REVIEWED_OFFICIAL_SOURCES
kfind-catalog-d109-417000000-0001,달걀부침(달걀후라이),kfind-d109-417000000-0001,D109-417000000-0001,,UNRESOLVED_AFTER_CATALOGUE_SCAN,NO_EXACT_PUBLIC_OR_OFFICIAL_INGREDIENT_EVIDENCE,,,UNKNOWN,UNKNOWN_REFERENCE_ONLY,,,,,NO_ACCEPTED_IDENTITY_JOIN,,,,2026-10-04,recommendation-composition-catalog-v3,RDA_3248_FULL_CATALOGUE|MFDS_PUBLIC_RECIPES_1_350|KTO_970_FULL_CATALOGUE|EXISTING_KFIND_FIELDS|RDA_PUBLIC_DIET_268_FULL_CATALOGUE|EXACT_OFFICIAL_BRAND_EVIDENCE|CATALOG_RECOMMENDATION_REVIEWED_OFFICIAL_SOURCES
kfind-catalog-d309-418000000-0001,동태전,kfind-d309-418000000-0001,D309-418000000-0001,,SOURCED_PARTIAL_COMPOSITION,ELIGIBLE,동태살|밀가루|달걀|식용유|마늘|소금|후춧가루 약간,EGG|FISH,REFERENCE_PARTIAL,UNKNOWN_REFERENCE_ONLY,"동태살 200g, 밀가루 20g(2 1/4큰술), 달걀 50g(1개), 식용유 20g(1 2/3큰술), 다진 마늘 8g(2/3큰술), 소금 2g(1/2작은술), 후춧가루 약간",,RDA-90872,,SOURCE_TITLE_EXACT_OR_EXPLICIT_SYNONYM,https://www.nics.go.kr/food/kfi/tfSrch08/view?menuId=PS03520&tfcode=90872,"황혜성·한복려·한복진, 한국의 전통음식, 교문사, 1994 농촌진흥청, 농촌 식생활 향상을 위한 식생활 평가시스템 개발연구 보고서, 2000",f6b674e9de3f0e5960f64e64fae9c1e80358e912569af20bd0b971149255ded0,2026-10-04,recommendation-composition-catalog-v3,RDA_3248_FULL_CATALOGUE|MFDS_PUBLIC_RECIPES_1_350|KTO_970_FULL_CATALOGUE|EXISTING_KFIND_FIELDS|RDA_PUBLIC_DIET_268_FULL_CATALOGUE|EXACT_OFFICIAL_BRAND_EVIDENCE|CATALOG_RECOMMENDATION_REVIEWED_OFFICIAL_SOURCES
kfind-catalog-d109-419000000-0001,두부부침,kfind-d109-419000000-0001,D109-419000000-0001,,SOURCED_PARTIAL_COMPOSITION,SOURCE_MAJOR_QUANTITY_UNIT_UNVERIFIED,두부|콩기름|소금,LEGUME_SOY,REFERENCE_PARTIAL,UNKNOWN_REFERENCE_ONLY,"두부 44.6, 콩기름 1.4, 소금 0.3",,RDA-DIET-89432-0,,SOURCE_TITLE_EXACT_OR_EXPLICIT_SYNONYM,https://api.nongsaro.go.kr/sample/rest/recomendDiet/recomendDiet.jsp?cntntsNo=89432&tabNo=0,공개 추천식단 89432 메뉴 0,e3346af1a1a4d45b9a3b5c4a369df92b22b1966809ffa2d623b9f33c9298b390,2026-10-04,recommendation-composition-catalog-v3,RDA_3248_FULL_CATALOGUE|MFDS_PUBLIC_RECIPES_1_350|KTO_970_FULL_CATALOGUE|EXISTING_KFIND_FIELDS|RDA_PUBLIC_DIET_268_FULL_CATALOGUE|EXACT_OFFICIAL_BRAND_EVIDENCE|CATALOG_RECOMMENDATION_REVIEWED_OFFICIAL_SOURCES
kfind-catalog-d309-420000000-0001,두부전,kfind-d309-420000000-0001,D309-420000000-0001,,UNRESOLVED_AFTER_CATALOGUE_SCAN,NO_EXACT_PUBLIC_OR_OFFICIAL_INGREDIENT_EVIDENCE,,,UNKNOWN,UNKNOWN_REFERENCE_ONLY,,,,,NO_ACCEPTED_IDENTITY_JOIN,,,,2026-10-04,recommendation-composition-catalog-v3,RDA_3248_FULL_CATALOGUE|MFDS_PUBLIC_RECIPES_1_350|KTO_970_FULL_CATALOGUE|EXISTING_KFIND_FIELDS|RDA_PUBLIC_DIET_268_FULL_CATALOGUE|EXACT_OFFICIAL_BRAND_EVIDENCE|CATALOG_RECOMMENDATION_REVIEWED_OFFICIAL_SOURCES
kfind-catalog-d109-421000000-0001,맛살전,kfind-d109-421000000-0001,D109-421000000-0001,,UNRESOLVED_AFTER_CATALOGUE_SCAN,NO_EXACT_PUBLIC_OR_OFFICIAL_INGREDIENT_EVIDENCE,,,UNKNOWN,UNKNOWN_REFERENCE_ONLY,,,,,NO_ACCEPTED_IDENTITY_JOIN,,,,2026-10-04,recommendation-composition-catalog-v3,RDA_3248_FULL_CATALOGUE|MFDS_PUBLIC_RECIPES_1_350|KTO_970_FULL_CATALOGUE|EXISTING_KFIND_FIELDS|RDA_PUBLIC_DIET_268_FULL_CATALOGUE|EXACT_OFFICIAL_BRAND_EVIDENCE|CATALOG_RECOMMENDATION_REVIEWED_OFFICIAL_SOURCES
kfind-catalog-d109-422000000-0001,메밀전,kfind-d109-422000000-0001,D109-422000000-0001,,SOURCED_PARTIAL_COMPOSITION,ELIGIBLE,메밀가루|무|실파|물|파|마늘|참기름|깨소금|소금|표고버섯|식용유,GRAIN_UNSPECIFIED|VEGETABLE,REFERENCE_PARTIAL,UNKNOWN_REFERENCE_ONLY,"메밀가루 100g, 무 300g(1/3개), 실파 30g, 물 1/2컵(100mL), 다진 파 1큰술, 다진 마늘 1작은술, 참기름 1작은술, 깨소금 1작은술, 소금 2작은술, 표고버섯 50g(4장), 식용유 1큰술",,RDA-91134,,SOURCE_TITLE_EXACT_OR_EXPLICIT_SYNONYM,https://www.nics.go.kr/food/kfi/tfSrch08/view?menuId=PS03520&tfcode=91134,"봉화군농업기술센터, 봉화의 맛을 찾아서, 2002",0047e063af2908c9e639cfd9a2d881b0d8aff6ffb5dd28d1a0840e5250992302,2026-10-04,recommendation-composition-catalog-v3,RDA_3248_FULL_CATALOGUE|MFDS_PUBLIC_RECIPES_1_350|KTO_970_FULL_CATALOGUE|EXISTING_KFIND_FIELDS|RDA_PUBLIC_DIET_268_FULL_CATALOGUE|EXACT_OFFICIAL_BRAND_EVIDENCE|CATALOG_RECOMMENDATION_REVIEWED_OFFICIAL_SOURCES
kfind-catalog-d112-537000000-0001,감자튀김,kfind-d112-537000000-0001,D112-537000000-0001,,UNRESOLVED_AFTER_CATALOGUE_SCAN,NO_EXACT_PUBLIC_OR_OFFICIAL_INGREDIENT_EVIDENCE,,,UNKNOWN,UNKNOWN_REFERENCE_ONLY,,,,,NO_ACCEPTED_IDENTITY_JOIN,,,,2026-10-04,recommendation-composition-catalog-v3,RDA_3248_FULL_CATALOGUE|MFDS_PUBLIC_RECIPES_1_350|KTO_970_FULL_CATALOGUE|EXISTING_KFIND_FIELDS|RDA_PUBLIC_DIET_268_FULL_CATALOGUE|EXACT_OFFICIAL_BRAND_EVIDENCE|CATALOG_RECOMMENDATION_REVIEWED_OFFICIAL_SOURCES
kfind-catalog-d312-538000000-0001,고구마맛탕,kfind-d312-538000000-0001,D312-538000000-0001,,SOURCED_PARTIAL_COMPOSITION,VERIFIED_DEEP_FRIED,고구마|당류 시럽,ROOT_STARCH,REFERENCE_PARTIAL,UNKNOWN_REFERENCE_ONLY,,,KTO-179919,,REVIEWED_SOURCE_DEFINITION_OR_EXISTING_EVIDENCE,https://english.visitkorea.or.kr/svc/sp/food/ext/special_view.do?menuSn=913&vcontsId=179919,한국관광공사 공식 음식 소개,4d657855c9e9b4ca09c3509c872f45fcc658eb6243a382970927529dd0f17bbb,2026-10-04,recommendation-composition-catalog-v3,RDA_3248_FULL_CATALOGUE|MFDS_PUBLIC_RECIPES_1_350|KTO_970_FULL_CATALOGUE|EXISTING_KFIND_FIELDS|RDA_PUBLIC_DIET_268_FULL_CATALOGUE|EXACT_OFFICIAL_BRAND_EVIDENCE|CATALOG_RECOMMENDATION_REVIEWED_OFFICIAL_SOURCES
kfind-catalog-d312-539000000-0001,고구마튀김,kfind-d312-539000000-0001,D312-539000000-0001,,UNRESOLVED_AFTER_CATALOGUE_SCAN,NO_EXACT_PUBLIC_OR_OFFICIAL_INGREDIENT_EVIDENCE,,,UNKNOWN,UNKNOWN_REFERENCE_ONLY,,,,,NO_ACCEPTED_IDENTITY_JOIN,,,,2026-10-04,recommendation-composition-catalog-v3,RDA_3248_FULL_CATALOGUE|MFDS_PUBLIC_RECIPES_1_350|KTO_970_FULL_CATALOGUE|EXISTING_KFIND_FIELDS|RDA_PUBLIC_DIET_268_FULL_CATALOGUE|EXACT_OFFICIAL_BRAND_EVIDENCE|CATALOG_RECOMMENDATION_REVIEWED_OFFICIAL_SOURCES
kfind-catalog-d312-540000000-0001,고추튀김,kfind-d312-540000000-0001,D312-540000000-0001,,SOURCED_PARTIAL_COMPOSITION,VERIFIED_DEEP_FRIED,풋고추|튀김옷,VEGETABLE,REFERENCE_PARTIAL,UNKNOWN_REFERENCE_ONLY,,,KTO-231392,,REVIEWED_SOURCE_DEFINITION_OR_EXISTING_EVIDENCE,https://english.visitkorea.or.kr/svc/sp/food/ext/special_view.do?menuSn=913&vcontsId=231392,한국관광공사 공식 음식 소개,9031b54a0ed987864ec7e62d9543095acdfb2f72543b36858291b85ccd42501a,2026-10-04,recommendation-composition-catalog-v3,RDA_3248_FULL_CATALOGUE|MFDS_PUBLIC_RECIPES_1_350|KTO_970_FULL_CATALOGUE|EXISTING_KFIND_FIELDS|RDA_PUBLIC_DIET_268_FULL_CATALOGUE|EXACT_OFFICIAL_BRAND_EVIDENCE|CATALOG_RECOMMENDATION_REVIEWED_OFFICIAL_SOURCES
kfind-catalog-d312-541000000-0001,김말이튀김,kfind-d312-541000000-0001,D312-541000000-0001,,SOURCED_PARTIAL_COMPOSITION,VERIFIED_DEEP_FRIED,김|당면|양파|당근|파,GRAIN_UNSPECIFIED|VEGETABLE,REFERENCE_PARTIAL,UNKNOWN_REFERENCE_ONLY,,,KTO-178921,,REVIEWED_SOURCE_DEFINITION_OR_EXISTING_EVIDENCE,https://english.visitkorea.or.kr/svc/sp/food/ext/special_view.do?menuSn=913&vcontsId=178921,한국관광공사 공식 음식 소개,c4cdeea84c4976e74feddc562e2ffe64015ce4b37fc409ef5ed1b68eeca7e28e,2026-10-04,recommendation-composition-catalog-v3,RDA_3248_FULL_CATALOGUE|MFDS_PUBLIC_RECIPES_1_350|KTO_970_FULL_CATALOGUE|EXISTING_KFIND_FIELDS|RDA_PUBLIC_DIET_268_FULL_CATALOGUE|EXACT_OFFICIAL_BRAND_EVIDENCE|CATALOG_RECOMMENDATION_REVIEWED_OFFICIAL_SOURCES
kfind-catalog-d112-542000000-0001,김튀김,kfind-d112-542000000-0001,D112-542000000-0001,,UNRESOLVED_AFTER_CATALOGUE_SCAN,NO_EXACT_PUBLIC_OR_OFFICIAL_INGREDIENT_EVIDENCE,,,UNKNOWN,UNKNOWN_REFERENCE_ONLY,,,,,NO_ACCEPTED_IDENTITY_JOIN,,,,2026-10-04,recommendation-composition-catalog-v3,RDA_3248_FULL_CATALOGUE|MFDS_PUBLIC_RECIPES_1_350|KTO_970_FULL_CATALOGUE|EXISTING_KFIND_FIELDS|RDA_PUBLIC_DIET_268_FULL_CATALOGUE|EXACT_OFFICIAL_BRAND_EVIDENCE|CATALOG_RECOMMENDATION_REVIEWED_OFFICIAL_SOURCES
kfind-catalog-d312-545000000-0001,깐풍새우,kfind-d312-545000000-0001,D312-545000000-0001,,UNRESOLVED_AFTER_CATALOGUE_SCAN,NO_EXACT_PUBLIC_OR_OFFICIAL_INGREDIENT_EVIDENCE,,,UNKNOWN,UNKNOWN_REFERENCE_ONLY,,,,,NO_ACCEPTED_IDENTITY_JOIN,,,,2026-10-04,recommendation-composition-catalog-v3,RDA_3248_FULL_CATALOGUE|MFDS_PUBLIC_RECIPES_1_350|KTO_970_FULL_CATALOGUE|EXISTING_KFIND_FIELDS|RDA_PUBLIC_DIET_268_FULL_CATALOGUE|EXACT_OFFICIAL_BRAND_EVIDENCE|CATALOG_RECOMMENDATION_REVIEWED_OFFICIAL_SOURCES
kfind-catalog-d312-584000000-0001,난자완스,kfind-d312-584000000-0001,D312-584000000-0001,,UNRESOLVED_AFTER_CATALOGUE_SCAN,NO_EXACT_PUBLIC_OR_OFFICIAL_INGREDIENT_EVIDENCE,,,UNKNOWN,UNKNOWN_REFERENCE_ONLY,,,,,NO_ACCEPTED_IDENTITY_JOIN,,,,2026-10-04,recommendation-composition-catalog-v3,RDA_3248_FULL_CATALOGUE|MFDS_PUBLIC_RECIPES_1_350|KTO_970_FULL_CATALOGUE|EXISTING_KFIND_FIELDS|RDA_PUBLIC_DIET_268_FULL_CATALOGUE|EXACT_OFFICIAL_BRAND_EVIDENCE|CATALOG_RECOMMENDATION_REVIEWED_OFFICIAL_SOURCES
kfind-catalog-d302-054000000-0001,개피떡(바람떡),kfind-d302-054000000-0001,D302-054000000-0001,,SOURCED_PARTIAL_COMPOSITION,ELIGIBLE,멥쌀|소금|쑥|오미자|물 적량|거피팥|설탕|계핏가루|참기름 적량,GRAIN_UNSPECIFIED|LEGUME_SOY,REFERENCE_PARTIAL,UNKNOWN_REFERENCE_ONLY,"멥쌀 900g(5컵), 소금 18g(1큰술), 쑥 20g, 오미자 20g(1/2컵), 물 적량","<소> 거피팥 420g(2컵), 소금 9g(1/2큰술), 설탕(또는 꿀)75g(1/2컵), 계핏가루 6g(1큰술), 참기름 적량",RDA-90925,,SOURCE_TITLE_EXACT_OR_EXPLICIT_SYNONYM,https://www.nics.go.kr/food/kfi/tfSrch08/view?menuId=PS03520&tfcode=90925,"강인희, 한국의 맛, 대한교과서주식회사, 1993 황혜성·한복려·한복진, 한국의 전통음식, 교문사, 1994 윤숙자, 전통의 맛과 멋 한국의 떡·한과·음청류, 지구문화사, 1999",ac31c4e2c9b78e58febf355d8a8dfd8db8e09daad70b4b5a506198586973c4c6,2026-10-04,recommendation-composition-catalog-v3,RDA_3248_FULL_CATALOGUE|MFDS_PUBLIC_RECIPES_1_350|KTO_970_FULL_CATALOGUE|EXISTING_KFIND_FIELDS|RDA_PUBLIC_DIET_268_FULL_CATALOGUE|EXACT_OFFICIAL_BRAND_EVIDENCE|CATALOG_RECOMMENDATION_REVIEWED_OFFICIAL_SOURCES
kfind-catalog-d302-056000000-0001,기피편,kfind-d302-056000000-0001,D302-056000000-0001,,UNRESOLVED_AFTER_CATALOGUE_SCAN,NO_EXACT_PUBLIC_OR_OFFICIAL_INGREDIENT_EVIDENCE,,,UNKNOWN,UNKNOWN_REFERENCE_ONLY,,,,,NO_ACCEPTED_IDENTITY_JOIN,,,,2026-10-04,recommendation-composition-catalog-v3,RDA_3248_FULL_CATALOGUE|MFDS_PUBLIC_RECIPES_1_350|KTO_970_FULL_CATALOGUE|EXISTING_KFIND_FIELDS|RDA_PUBLIC_DIET_268_FULL_CATALOGUE|EXACT_OFFICIAL_BRAND_EVIDENCE|CATALOG_RECOMMENDATION_REVIEWED_OFFICIAL_SOURCES
kfind-catalog-d102-057000000-0001,꿀떡,kfind-d102-057000000-0001,D102-057000000-0001,,SOURCED_PARTIAL_COMPOSITION,VERIFIED_SUGAR_OR_JUICE_MODERATION,쌀떡|꿀 또는 설탕 소,GRAIN_UNSPECIFIED,REFERENCE_PARTIAL,UNKNOWN_REFERENCE_ONLY,,,KTO-179974,,REVIEWED_SOURCE_DEFINITION_OR_EXISTING_EVIDENCE,https://english.visitkorea.or.kr/svc/sp/food/ext/special_view.do?menuSn=913&vcontsId=179974,한국관광공사 공식 음식 소개,54372e099498368680154d285e4cfa8b6b6b7acf3ee5c1b045052371c6981ae6,2026-10-04,recommendation-composition-catalog-v3,RDA_3248_FULL_CATALOGUE|MFDS_PUBLIC_RECIPES_1_350|KTO_970_FULL_CATALOGUE|EXISTING_KFIND_FIELDS|RDA_PUBLIC_DIET_268_FULL_CATALOGUE|EXACT_OFFICIAL_BRAND_EVIDENCE|CATALOG_RECOMMENDATION_REVIEWED_OFFICIAL_SOURCES
kfind-catalog-d302-081000000-0001,다쿠아즈,kfind-d302-081000000-0001,D302-081000000-0001,,UNRESOLVED_AFTER_CATALOGUE_SCAN,NO_EXACT_PUBLIC_OR_OFFICIAL_INGREDIENT_EVIDENCE,,,UNKNOWN,UNKNOWN_REFERENCE_ONLY,,,,,NO_ACCEPTED_IDENTITY_JOIN,,,,2026-10-04,recommendation-composition-catalog-v3,RDA_3248_FULL_CATALOGUE|MFDS_PUBLIC_RECIPES_1_350|KTO_970_FULL_CATALOGUE|EXISTING_KFIND_FIELDS|RDA_PUBLIC_DIET_268_FULL_CATALOGUE|EXACT_OFFICIAL_BRAND_EVIDENCE|CATALOG_RECOMMENDATION_REVIEWED_OFFICIAL_SOURCES
kfind-catalog-d102-085000000-0001,마늘빵,kfind-d102-085000000-0001,D102-085000000-0001,,UNRESOLVED_AFTER_CATALOGUE_SCAN,NO_EXACT_PUBLIC_OR_OFFICIAL_INGREDIENT_EVIDENCE,,,UNKNOWN,UNKNOWN_REFERENCE_ONLY,,,,,NO_ACCEPTED_IDENTITY_JOIN,,,,2026-10-04,recommendation-composition-catalog-v3,RDA_3248_FULL_CATALOGUE|MFDS_PUBLIC_RECIPES_1_350|KTO_970_FULL_CATALOGUE|EXISTING_KFIND_FIELDS|RDA_PUBLIC_DIET_268_FULL_CATALOGUE|EXACT_OFFICIAL_BRAND_EVIDENCE|CATALOG_RECOMMENDATION_REVIEWED_OFFICIAL_SOURCES
kfind-catalog-d302-086000000-0001,마카롱,kfind-d302-086000000-0001,D302-086000000-0001,,UNRESOLVED_AFTER_CATALOGUE_SCAN,NO_EXACT_PUBLIC_OR_OFFICIAL_INGREDIENT_EVIDENCE,,,UNKNOWN,UNKNOWN_REFERENCE_ONLY,,,,,NO_ACCEPTED_IDENTITY_JOIN,,,,2026-10-04,recommendation-composition-catalog-v3,RDA_3248_FULL_CATALOGUE|MFDS_PUBLIC_RECIPES_1_350|KTO_970_FULL_CATALOGUE|EXISTING_KFIND_FIELDS|RDA_PUBLIC_DIET_268_FULL_CATALOGUE|EXACT_OFFICIAL_BRAND_EVIDENCE|CATALOG_RECOMMENDATION_REVIEWED_OFFICIAL_SOURCES
kfind-catalog-d302-129000000-0001,매작과,kfind-d302-129000000-0001,D302-129000000-0001,,SOURCED_PARTIAL_COMPOSITION,VERIFIED_DEEP_FRIED,밀가루|소금|생강즙|식용유|잣가루|물|녹말 가루 약간,GRAIN_UNSPECIFIED,REFERENCE_PARTIAL,UNKNOWN_REFERENCE_ONLY,"밀가루 110g(1컵), 소금 1/2작은술, 생강즙 1작은술, 식용유 3컵, 잣가루 2큰술, 물 3~4큰술, 녹말 가루 약간","<시럽> 설탕 150g(1컵), 물 200mL(1컵), 꿀 2큰술, 계피가루 1/2작은술",RDA-90668,RDA-92579|RDA-91282,SOURCE_TITLE_EXACT_OR_EXPLICIT_SYNONYM,https://www.nics.go.kr/food/kfi/tfSrch08/view?menuId=PS03520&tfcode=90668,"전희정·이효지·한영실, 한국전통음식, 문화관광부, 2000",b5eca58af3634923e80764eff6ccfcaecfc7b7ff39f5105fe850f5a475e247e5,2026-10-04,recommendation-composition-catalog-v3,RDA_3248_FULL_CATALOGUE|MFDS_PUBLIC_RECIPES_1_350|KTO_970_FULL_CATALOGUE|EXISTING_KFIND_FIELDS|RDA_PUBLIC_DIET_268_FULL_CATALOGUE|EXACT_OFFICIAL_BRAND_EVIDENCE|CATALOG_RECOMMENDATION_REVIEWED_OFFICIAL_SOURCES
kfind-catalog-d102-087000000-0001,머핀,kfind-d102-087000000-0001,D102-087000000-0001,,UNRESOLVED_AFTER_CATALOGUE_SCAN,NO_EXACT_PUBLIC_OR_OFFICIAL_INGREDIENT_EVIDENCE,,,UNKNOWN,UNKNOWN_REFERENCE_ONLY,,,,,NO_ACCEPTED_IDENTITY_JOIN,,,,2026-10-04,recommendation-composition-catalog-v3,RDA_3248_FULL_CATALOGUE|MFDS_PUBLIC_RECIPES_1_350|KTO_970_FULL_CATALOGUE|EXISTING_KFIND_FIELDS|RDA_PUBLIC_DIET_268_FULL_CATALOGUE|EXACT_OFFICIAL_BRAND_EVIDENCE|CATALOG_RECOMMENDATION_REVIEWED_OFFICIAL_SOURCES
kfind-catalog-d114-601000000-0001,가죽나물무침,kfind-d114-601000000-0001,D114-601000000-0001,,SOURCED_PARTIAL_COMPOSITION,ELIGIBLE,가죽|깨소금,VEGETABLE,REFERENCE_PARTIAL,UNKNOWN_REFERENCE_ONLY,,,RDA-91474,,SOURCE_EXPLICIT_PARENTHETICAL_NAMUL_IDENTITY,https://www.nics.go.kr/food/kfi/tfSrch08/view?menuId=PS03520&tfcode=91474,농촌진흥청 농식품 올바로 전통향토음식,eb5448eb1f97ed9e8d13ee1c3d9840e23e76bac94410bf77cf008328b35f8319,2026-10-04,recommendation-composition-catalog-v3,RDA_3248_FULL_CATALOGUE|MFDS_PUBLIC_RECIPES_1_350|KTO_970_FULL_CATALOGUE|EXISTING_KFIND_FIELDS|RDA_PUBLIC_DIET_268_FULL_CATALOGUE|EXACT_OFFICIAL_BRAND_EVIDENCE|CATALOG_RECOMMENDATION_REVIEWED_OFFICIAL_SOURCES
kfind-catalog-d314-607000000-0001,골뱅이무침,kfind-d314-607000000-0001,D314-607000000-0001,,SOURCED_PARTIAL_COMPOSITION,ELIGIBLE,골뱅이|북어|파|식초|고춧가루,SEAFOOD|FISH,REFERENCE_PARTIAL,UNKNOWN_REFERENCE_ONLY,,,KTO-178632,RDA-DIET-89442-3,REVIEWED_SOURCE_DEFINITION_OR_EXISTING_EVIDENCE,https://english.visitkorea.or.kr/svc/sp/food/ext/special_view.do?menuSn=913&vcontsId=178632,한국관광공사 공식 음식 소개,61acd0c35d7c8a40acd137c1c7e3bd6a522a6480b2431c613efa8067557f991a,2026-10-04,recommendation-composition-catalog-v3,RDA_3248_FULL_CATALOGUE|MFDS_PUBLIC_RECIPES_1_350|KTO_970_FULL_CATALOGUE|EXISTING_KFIND_FIELDS|RDA_PUBLIC_DIET_268_FULL_CATALOGUE|EXACT_OFFICIAL_BRAND_EVIDENCE|CATALOG_RECOMMENDATION_REVIEWED_OFFICIAL_SOURCES
kfind-catalog-d114-609000000-0001,굴무침,kfind-d114-609000000-0001,D114-609000000-0001,,SOURCED_PARTIAL_COMPOSITION,ELIGIBLE,굴|쪽파|소금|참기름|통깨 약간,SEAFOOD,REFERENCE_PARTIAL,UNKNOWN_REFERENCE_ONLY,"굴 200g(1컵), 쪽파 1뿌리, 소금 1큰술, 참기름 1작은술, 통깨 약간","<양념> 고춧가루 1 1/2큰술, 다진 파 1큰술, 다진 마늘 1큰술, 소금 1작은술",RDA-92201,RDA-DIET-89427-4,SOURCE_TITLE_EXACT_OR_EXPLICIT_SYNONYM,https://www.nics.go.kr/food/kfi/tfSrch08/view?menuId=PS03520&tfcode=92201,"광양시농업기술센터 광양시생활개선회, 광양향토음식, 2001",a5e29c76135d4f18973af9f7676dfbf8d9f9bf3b77984d553cfa5f276b9bfe86,2026-10-04,recommendation-composition-catalog-v3,RDA_3248_FULL_CATALOGUE|MFDS_PUBLIC_RECIPES_1_350|KTO_970_FULL_CATALOGUE|EXISTING_KFIND_FIELDS|RDA_PUBLIC_DIET_268_FULL_CATALOGUE|EXACT_OFFICIAL_BRAND_EVIDENCE|CATALOG_RECOMMENDATION_REVIEWED_OFFICIAL_SOURCES
kfind-catalog-d114-610000000-0001,김무침,kfind-d114-610000000-0001,D114-610000000-0001,,UNRESOLVED_AFTER_CATALOGUE_SCAN,NO_EXACT_PUBLIC_OR_OFFICIAL_INGREDIENT_EVIDENCE,,,UNKNOWN,UNKNOWN_REFERENCE_ONLY,,,,,NO_ACCEPTED_IDENTITY_JOIN,,,,2026-10-04,recommendation-composition-catalog-v3,RDA_3248_FULL_CATALOGUE|MFDS_PUBLIC_RECIPES_1_350|KTO_970_FULL_CATALOGUE|EXISTING_KFIND_FIELDS|RDA_PUBLIC_DIET_268_FULL_CATALOGUE|EXACT_OFFICIAL_BRAND_EVIDENCE|CATALOG_RECOMMENDATION_REVIEWED_OFFICIAL_SOURCES
kfind-catalog-d114-611000000-0001,낙지무침,kfind-d114-611000000-0001,D114-611000000-0001,,UNRESOLVED_AFTER_CATALOGUE_SCAN,NO_EXACT_PUBLIC_OR_OFFICIAL_INGREDIENT_EVIDENCE,,,UNKNOWN,UNKNOWN_REFERENCE_ONLY,,,,,NO_ACCEPTED_IDENTITY_JOIN,,,,2026-10-04,recommendation-composition-catalog-v3,RDA_3248_FULL_CATALOGUE|MFDS_PUBLIC_RECIPES_1_350|KTO_970_FULL_CATALOGUE|EXISTING_KFIND_FIELDS|RDA_PUBLIC_DIET_268_FULL_CATALOGUE|EXACT_OFFICIAL_BRAND_EVIDENCE|CATALOG_RECOMMENDATION_REVIEWED_OFFICIAL_SOURCES
kfind-catalog-d314-613000000-0001,노각무침,kfind-d314-613000000-0001,D314-613000000-0001,,SOURCED_PARTIAL_COMPOSITION,ELIGIBLE,소금|노각|붉은 고추|대파,VEGETABLE,REFERENCE_PARTIAL,UNKNOWN_REFERENCE_ONLY,"소금 1큰술, 노각 (늙은 오이) 500g, 붉은 고추 10g(½개), 대파 30g","<초고추장 양념> 고추장 1큰술, 식초 1큰술, 설탕 2작은술, 다진 파 1큰술, 다진 마늘 1/2큰술, 참기름 1작은술, 깨소금 1작은술",RDA-90478,,노각생채 원문이 생 노각을 초고추장에 무치는 조리법임을 확인; 익힌 나물이나 다른 채소로 일반화하지 않음,https://www.nics.go.kr/food/kfi/tfSrch08/view?menuId=PS03520&tfcode=90478,"전희정·이효지·한영실, 한국전통음식, 문화관광부, 2000",247615eb2688abc3eb002e10fa3bb3680e8cc1e2fc52dc8c07f88524e09a479f,2026-10-04,recommendation-composition-catalog-v3,RDA_3248_FULL_CATALOGUE|MFDS_PUBLIC_RECIPES_1_350|KTO_970_FULL_CATALOGUE|EXISTING_KFIND_FIELDS|RDA_PUBLIC_DIET_268_FULL_CATALOGUE|EXACT_OFFICIAL_BRAND_EVIDENCE|CATALOG_RECOMMENDATION_REVIEWED_OFFICIAL_SOURCES
kfind-catalog-d314-640000000-0001,콥샐러드&시저드레싱,kfind-d314-640000000-0001,D314-640000000-0001,GS 리테일 심플리쿡,UNRESOLVED_AFTER_CATALOGUE_SCAN,OFFICIAL_PRODUCT_COMPOSITION_UNRESOLVED,,,UNKNOWN,UNKNOWN_REFERENCE_ONLY,,,,,NO_ACCEPTED_IDENTITY_JOIN,,,,2026-10-04,recommendation-composition-catalog-v3,RDA_3248_FULL_CATALOGUE|MFDS_PUBLIC_RECIPES_1_350|KTO_970_FULL_CATALOGUE|EXISTING_KFIND_FIELDS|RDA_PUBLIC_DIET_268_FULL_CATALOGUE|EXACT_OFFICIAL_BRAND_EVIDENCE|CATALOG_RECOMMENDATION_REVIEWED_OFFICIAL_SOURCES
kfind-catalog-d114-640020000-0001,감자 샐러드,kfind-d114-640020000-0001,D114-640020000-0001,,SOURCED_PARTIAL_COMPOSITION,SOURCE_MAJOR_QUANTITY_UNIT_UNVERIFIED,감자|오이|당근|마요네즈|소금|후추,ROOT_STARCH|VEGETABLE,REFERENCE_PARTIAL,UNKNOWN_REFERENCE_ONLY,"감자 55.1, 오이 6.8 ,당근 4.3, 마요네즈 3.3, 소금 0.9, 후추 0.1",,RDA-DIET-89455-1,,SOURCE_TITLE_EXACT_OR_EXPLICIT_SYNONYM,https://api.nongsaro.go.kr/sample/rest/recomendDiet/recomendDiet.jsp?cntntsNo=89455&tabNo=1,공개 추천식단 89455 메뉴 1,c0e02e28f91689ad29feb95eb55e1ed9c471c5a68ded435293521f441273bcca,2026-10-04,recommendation-composition-catalog-v3,RDA_3248_FULL_CATALOGUE|MFDS_PUBLIC_RECIPES_1_350|KTO_970_FULL_CATALOGUE|EXISTING_KFIND_FIELDS|RDA_PUBLIC_DIET_268_FULL_CATALOGUE|EXACT_OFFICIAL_BRAND_EVIDENCE|CATALOG_RECOMMENDATION_REVIEWED_OFFICIAL_SOURCES
kfind-catalog-d314-640030000-0001,고구마 샐러드,kfind-d314-640030000-0001,D314-640030000-0001,,UNRESOLVED_AFTER_CATALOGUE_SCAN,NO_EXACT_PUBLIC_OR_OFFICIAL_INGREDIENT_EVIDENCE,,,UNKNOWN,UNKNOWN_REFERENCE_ONLY,,,,,NO_ACCEPTED_IDENTITY_JOIN,,,,2026-10-04,recommendation-composition-catalog-v3,RDA_3248_FULL_CATALOGUE|MFDS_PUBLIC_RECIPES_1_350|KTO_970_FULL_CATALOGUE|EXISTING_KFIND_FIELDS|RDA_PUBLIC_DIET_268_FULL_CATALOGUE|EXACT_OFFICIAL_BRAND_EVIDENCE|CATALOG_RECOMMENDATION_REVIEWED_OFFICIAL_SOURCES
kfind-catalog-d214-640000000-0019,과일리코타 샐러드,kfind-d214-640000000-0019,D214-640000000-0019,롤링핀,UNRESOLVED_AFTER_CATALOGUE_SCAN,OFFICIAL_PRODUCT_COMPOSITION_UNRESOLVED,,,UNKNOWN,UNKNOWN_REFERENCE_ONLY,,,,,NO_ACCEPTED_IDENTITY_JOIN,,,,2026-10-04,recommendation-composition-catalog-v3,RDA_3248_FULL_CATALOGUE|MFDS_PUBLIC_RECIPES_1_350|KTO_970_FULL_CATALOGUE|EXISTING_KFIND_FIELDS|RDA_PUBLIC_DIET_268_FULL_CATALOGUE|EXACT_OFFICIAL_BRAND_EVIDENCE|CATALOG_RECOMMENDATION_REVIEWED_OFFICIAL_SOURCES
kfind-catalog-d214-640000000-0001,과카몰리치킨 샐러드,kfind-d214-640000000-0001,D214-640000000-0001,투썸플레이스,UNRESOLVED_AFTER_CATALOGUE_SCAN,OFFICIAL_PRODUCT_COMPOSITION_UNRESOLVED,,,UNKNOWN,UNKNOWN_REFERENCE_ONLY,,,,,NO_ACCEPTED_IDENTITY_JOIN,,,,2026-10-04,recommendation-composition-catalog-v3,RDA_3248_FULL_CATALOGUE|MFDS_PUBLIC_RECIPES_1_350|KTO_970_FULL_CATALOGUE|EXISTING_KFIND_FIELDS|RDA_PUBLIC_DIET_268_FULL_CATALOGUE|EXACT_OFFICIAL_BRAND_EVIDENCE|CATALOG_RECOMMENDATION_REVIEWED_OFFICIAL_SOURCES
kfind-catalog-d214-640000000-0002,그릴드 치킨 샐러드,kfind-d214-640000000-0002,D214-640000000-0002,할리스,SOURCED_PARTIAL_COMPOSITION,VERIFIED_NO_PREFERRED_GROUP,그릴드 치킨|오리엔탈소스,POULTRY,PARTIAL_DESCRIPTION,UNKNOWN_REFERENCE_ONLY,,,,,REVIEWED_SOURCE_DEFINITION_OR_EXISTING_EVIDENCE,https://m.hollys.co.kr/menu/menuView.do?idx=665&menuDiv=BAKERY,할리스 공식 메뉴 설명,,2026-10-04,recommendation-composition-catalog-v3,RDA_3248_FULL_CATALOGUE|MFDS_PUBLIC_RECIPES_1_350|KTO_970_FULL_CATALOGUE|EXISTING_KFIND_FIELDS|RDA_PUBLIC_DIET_268_FULL_CATALOGUE|EXACT_OFFICIAL_BRAND_EVIDENCE|CATALOG_RECOMMENDATION_REVIEWED_OFFICIAL_SOURCES
kfind-catalog-d214-640000000-0003,그릴드치킨 시저 샐러드,kfind-d214-640000000-0003,D214-640000000-0003,파스쿠찌,UNRESOLVED_AFTER_CATALOGUE_SCAN,OFFICIAL_PRODUCT_COMPOSITION_UNRESOLVED,,,UNKNOWN,UNKNOWN_REFERENCE_ONLY,,,,,NO_ACCEPTED_IDENTITY_JOIN,,,,2026-10-04,recommendation-composition-catalog-v3,RDA_3248_FULL_CATALOGUE|MFDS_PUBLIC_RECIPES_1_350|KTO_970_FULL_CATALOGUE|EXISTING_KFIND_FIELDS|RDA_PUBLIC_DIET_268_FULL_CATALOGUE|EXACT_OFFICIAL_BRAND_EVIDENCE|CATALOG_RECOMMENDATION_REVIEWED_OFFICIAL_SOURCES
kfind-catalog-d214-640000000-0028,그릴치킨오렌지샐러드,kfind-d214-640000000-0028,D214-640000000-0028,뚜레쥬르,UNRESOLVED_AFTER_CATALOGUE_SCAN,OFFICIAL_PRODUCT_COMPOSITION_UNRESOLVED,,,UNKNOWN,UNKNOWN_REFERENCE_ONLY,,,,,NO_ACCEPTED_IDENTITY_JOIN,,,,2026-10-04,recommendation-composition-catalog-v3,RDA_3248_FULL_CATALOGUE|MFDS_PUBLIC_RECIPES_1_350|KTO_970_FULL_CATALOGUE|EXISTING_KFIND_FIELDS|RDA_PUBLIC_DIET_268_FULL_CATALOGUE|EXACT_OFFICIAL_BRAND_EVIDENCE|CATALOG_RECOMMENDATION_REVIEWED_OFFICIAL_SOURCES
kfind-catalog-d302-096070000-0002,닭고기또띠아샌드위치,kfind-d302-096070000-0002,D302-096070000-0002,맥도날드,UNRESOLVED_AFTER_CATALOGUE_SCAN,OFFICIAL_PRODUCT_COMPOSITION_UNRESOLVED,,,UNKNOWN,UNKNOWN_REFERENCE_ONLY,,,,,NO_ACCEPTED_IDENTITY_JOIN,,,,2026-10-04,recommendation-composition-catalog-v3,RDA_3248_FULL_CATALOGUE|MFDS_PUBLIC_RECIPES_1_350|KTO_970_FULL_CATALOGUE|EXISTING_KFIND_FIELDS|RDA_PUBLIC_DIET_268_FULL_CATALOGUE|EXACT_OFFICIAL_BRAND_EVIDENCE|CATALOG_RECOMMENDATION_REVIEWED_OFFICIAL_SOURCES
kfind-catalog-d202-096000000-0193,게살듬뿍모닝 샌드위치,kfind-d202-096000000-0193,D202-096000000-0193,바나프레소,UNRESOLVED_AFTER_CATALOGUE_SCAN,OFFICIAL_PRODUCT_COMPOSITION_UNRESOLVED,,,UNKNOWN,UNKNOWN_REFERENCE_ONLY,,,,,NO_ACCEPTED_IDENTITY_JOIN,,,,2026-10-04,recommendation-composition-catalog-v3,RDA_3248_FULL_CATALOGUE|MFDS_PUBLIC_RECIPES_1_350|KTO_970_FULL_CATALOGUE|EXISTING_KFIND_FIELDS|RDA_PUBLIC_DIET_268_FULL_CATALOGUE|EXACT_OFFICIAL_BRAND_EVIDENCE|CATALOG_RECOMMENDATION_REVIEWED_OFFICIAL_SOURCES
kfind-catalog-d202-096000000-0009,고르곤졸라 불고기 파니니,kfind-d202-096000000-0009,D202-096000000-0009,드롭탑,UNRESOLVED_AFTER_CATALOGUE_SCAN,OFFICIAL_PRODUCT_COMPOSITION_UNRESOLVED,,,UNKNOWN,UNKNOWN_REFERENCE_ONLY,,,,,NO_ACCEPTED_IDENTITY_JOIN,,,,2026-10-04,recommendation-composition-catalog-v3,RDA_3248_FULL_CATALOGUE|MFDS_PUBLIC_RECIPES_1_350|KTO_970_FULL_CATALOGUE|EXISTING_KFIND_FIELDS|RDA_PUBLIC_DIET_268_FULL_CATALOGUE|EXACT_OFFICIAL_BRAND_EVIDENCE|CATALOG_RECOMMENDATION_REVIEWED_OFFICIAL_SOURCES
kfind-catalog-d202-096000000-0158,고소한햄에그샌드위치,kfind-d202-096000000-0158,D202-096000000-0158,뚜레쥬르,UNRESOLVED_AFTER_CATALOGUE_SCAN,OFFICIAL_PRODUCT_COMPOSITION_UNRESOLVED,,,UNKNOWN,UNKNOWN_REFERENCE_ONLY,,,,,NO_ACCEPTED_IDENTITY_JOIN,,,,2026-10-04,recommendation-composition-catalog-v3,RDA_3248_FULL_CATALOGUE|MFDS_PUBLIC_RECIPES_1_350|KTO_970_FULL_CATALOGUE|EXISTING_KFIND_FIELDS|RDA_PUBLIC_DIET_268_FULL_CATALOGUE|EXACT_OFFICIAL_BRAND_EVIDENCE|CATALOG_RECOMMENDATION_REVIEWED_OFFICIAL_SOURCES
kfind-catalog-d202-096000000-0010,그릭치킨 샌드위치,kfind-d202-096000000-0010,D202-096000000-0010,커피빈,SOURCED_PARTIAL_COMPOSITION,ELIGIBLE,감자 브레드|그릭소스|로스트 파프리카|모짜렐라치즈|양파|훈제치킨,DAIRY|POULTRY|VEGETABLE,PARTIAL_DESCRIPTION,UNKNOWN_REFERENCE_ONLY,,,OFFICIAL-FOOD-D202-096000000-0010,,REVIEWED_SOURCE_DEFINITION_OR_EXISTING_EVIDENCE,https://www.coffeebeankorea.com/menu/list.asp?category=6&category2=1&page=2,커피빈 공식 메뉴 원문,eb399e1430d5484b58776dad63a8006c099a35c8a3f351c6836cbb638c4afcea,2026-10-04,recommendation-composition-catalog-v3,RDA_3248_FULL_CATALOGUE|MFDS_PUBLIC_RECIPES_1_350|KTO_970_FULL_CATALOGUE|EXISTING_KFIND_FIELDS|RDA_PUBLIC_DIET_268_FULL_CATALOGUE|EXACT_OFFICIAL_BRAND_EVIDENCE|CATALOG_RECOMMENDATION_REVIEWED_OFFICIAL_SOURCES
kfind-catalog-d202-096000000-0117,그릴치킨 당근라페 샌드위치,kfind-d202-096000000-0117,D202-096000000-0117,뚜레쥬르,UNRESOLVED_AFTER_CATALOGUE_SCAN,OFFICIAL_PRODUCT_COMPOSITION_UNRESOLVED,,,UNKNOWN,UNKNOWN_REFERENCE_ONLY,,,,,NO_ACCEPTED_IDENTITY_JOIN,,,,2026-10-04,recommendation-composition-catalog-v3,RDA_3248_FULL_CATALOGUE|MFDS_PUBLIC_RECIPES_1_350|KTO_970_FULL_CATALOGUE|EXISTING_KFIND_FIELDS|RDA_PUBLIC_DIET_268_FULL_CATALOGUE|EXACT_OFFICIAL_BRAND_EVIDENCE|CATALOG_RECOMMENDATION_REVIEWED_OFFICIAL_SOURCES
kfind-catalog-d202-083000000-0020,매콤치킨랩,kfind-d202-083000000-0020,D202-083000000-0020,뚜레쥬르,UNRESOLVED_AFTER_CATALOGUE_SCAN,OFFICIAL_PRODUCT_COMPOSITION_UNRESOLVED,,,UNKNOWN,UNKNOWN_REFERENCE_ONLY,,,,,NO_ACCEPTED_IDENTITY_JOIN,,,,2026-10-04,recommendation-composition-catalog-v3,RDA_3248_FULL_CATALOGUE|MFDS_PUBLIC_RECIPES_1_350|KTO_970_FULL_CATALOGUE|EXISTING_KFIND_FIELDS|RDA_PUBLIC_DIET_268_FULL_CATALOGUE|EXACT_OFFICIAL_BRAND_EVIDENCE|CATALOG_RECOMMENDATION_REVIEWED_OFFICIAL_SOURCES
kfind-catalog-d202-083000000-0021,베지텐더밸런스랩,kfind-d202-083000000-0021,D202-083000000-0021,뚜레쥬르,SOURCED_PARTIAL_COMPOSITION,ELIGIBLE,식물성 텐더|채소,VEGETABLE,PARTIAL_DESCRIPTION,UNKNOWN_REFERENCE_ONLY,,,CJ-TLJ-VEGI-TENDER-20220603,,EXACT_BRAND_OFFICIAL_MENU_NAME_WHITESPACE_ONLY,https://cjnews.cj.net/%EB%9A%9C%EB%A0%88%EC%A5%AC%EB%A5%B4-%ED%99%98%EA%B2%BD%EC%9D%98-%EB%82%A0-%EB%A7%9E%EC%95%84-%EC%BA%A0%ED%8E%98%EC%9D%B8-%EC%97%B4%EA%B3%A0-%EB%8C%80%EC%B2%B4%EC%9C%A1-%EC%8B%A0/,CJ 공식 뉴스룸 뚜레쥬르 제품 보도자료(2022-06-03),adbe45fa9a9138093f97a6a39f2a24745f7df84164b2463469bde805eecdb52a,2026-10-04,recommendation-composition-catalog-v3,RDA_3248_FULL_CATALOGUE|MFDS_PUBLIC_RECIPES_1_350|KTO_970_FULL_CATALOGUE|EXISTING_KFIND_FIELDS|RDA_PUBLIC_DIET_268_FULL_CATALOGUE|EXACT_OFFICIAL_BRAND_EVIDENCE|CATALOG_RECOMMENDATION_REVIEWED_OFFICIAL_SOURCES
kfind-catalog-d202-083000000-0022,싱그러운치킨텐더그린랩,kfind-d202-083000000-0022,D202-083000000-0022,뚜레쥬르,UNRESOLVED_AFTER_CATALOGUE_SCAN,OFFICIAL_PRODUCT_COMPOSITION_UNRESOLVED,,,UNKNOWN,UNKNOWN_REFERENCE_ONLY,,,,,NO_ACCEPTED_IDENTITY_JOIN,,,,2026-10-04,recommendation-composition-catalog-v3,RDA_3248_FULL_CATALOGUE|MFDS_PUBLIC_RECIPES_1_350|KTO_970_FULL_CATALOGUE|EXISTING_KFIND_FIELDS|RDA_PUBLIC_DIET_268_FULL_CATALOGUE|EXACT_OFFICIAL_BRAND_EVIDENCE|CATALOG_RECOMMENDATION_REVIEWED_OFFICIAL_SOURCES
kfind-catalog-d202-083000000-0023,크리스퍼랩,kfind-d202-083000000-0023,D202-083000000-0023,버거킹,SOURCED_PARTIAL_COMPOSITION,VERIFIED_NO_PREFERRED_GROUP,닭고기,POULTRY,PARTIAL_DESCRIPTION,UNKNOWN_REFERENCE_ONLY,,,OFFICIAL-FOOD-D202-083000000-0023,,REVIEWED_SOURCE_DEFINITION_OR_EXISTING_EVIDENCE,https://web-prd.burgerking.co.kr/burgerking/BKR0347.json,버거킹 공식 메뉴 원문,d1e25f013a852549552ab25de3828d079ad31c8d9cbaf176c3e70df38c01a0c8,2026-10-04,recommendation-composition-catalog-v3,RDA_3248_FULL_CATALOGUE|MFDS_PUBLIC_RECIPES_1_350|KTO_970_FULL_CATALOGUE|EXISTING_KFIND_FIELDS|RDA_PUBLIC_DIET_268_FULL_CATALOGUE|EXACT_OFFICIAL_BRAND_EVIDENCE|CATALOG_RECOMMENDATION_REVIEWED_OFFICIAL_SOURCES
kfind-catalog-d202-115000000-0001,갈릭스틱토스트,kfind-d202-115000000-0001,D202-115000000-0001,파리바게뜨,UNRESOLVED_AFTER_CATALOGUE_SCAN,OFFICIAL_PRODUCT_COMPOSITION_UNRESOLVED,,,UNKNOWN,UNKNOWN_REFERENCE_ONLY,,,,,NO_ACCEPTED_IDENTITY_JOIN,,,,2026-10-04,recommendation-composition-catalog-v3,RDA_3248_FULL_CATALOGUE|MFDS_PUBLIC_RECIPES_1_350|KTO_970_FULL_CATALOGUE|EXISTING_KFIND_FIELDS|RDA_PUBLIC_DIET_268_FULL_CATALOGUE|EXACT_OFFICIAL_BRAND_EVIDENCE|CATALOG_RECOMMENDATION_REVIEWED_OFFICIAL_SOURCES
kfind-catalog-d202-115000000-0002,갈릭치즈토스트,kfind-d202-115000000-0002,D202-115000000-0002,뚜레쥬르,UNRESOLVED_AFTER_CATALOGUE_SCAN,OFFICIAL_PRODUCT_COMPOSITION_UNRESOLVED,,,UNKNOWN,UNKNOWN_REFERENCE_ONLY,,,,,NO_ACCEPTED_IDENTITY_JOIN,,,,2026-10-04,recommendation-composition-catalog-v3,RDA_3248_FULL_CATALOGUE|MFDS_PUBLIC_RECIPES_1_350|KTO_970_FULL_CATALOGUE|EXISTING_KFIND_FIELDS|RDA_PUBLIC_DIET_268_FULL_CATALOGUE|EXACT_OFFICIAL_BRAND_EVIDENCE|CATALOG_RECOMMENDATION_REVIEWED_OFFICIAL_SOURCES
kfind-catalog-d202-115000000-0003,구운햄치즈 토스트,kfind-d202-115000000-0003,D202-115000000-0003,따삐오,UNRESOLVED_AFTER_CATALOGUE_SCAN,OFFICIAL_PRODUCT_COMPOSITION_UNRESOLVED,,,UNKNOWN,UNKNOWN_REFERENCE_ONLY,,,,,NO_ACCEPTED_IDENTITY_JOIN,,,,2026-10-04,recommendation-composition-catalog-v3,RDA_3248_FULL_CATALOGUE|MFDS_PUBLIC_RECIPES_1_350|KTO_970_FULL_CATALOGUE|EXISTING_KFIND_FIELDS|RDA_PUBLIC_DIET_268_FULL_CATALOGUE|EXACT_OFFICIAL_BRAND_EVIDENCE|CATALOG_RECOMMENDATION_REVIEWED_OFFICIAL_SOURCES
kfind-catalog-d202-115000000-0024,누텔라 바나나 토스트,kfind-d202-115000000-0024,D202-115000000-0024,크로플덕오리아가씨,UNRESOLVED_AFTER_CATALOGUE_SCAN,OFFICIAL_PRODUCT_COMPOSITION_UNRESOLVED,,,UNKNOWN,UNKNOWN_REFERENCE_ONLY,,,,,NO_ACCEPTED_IDENTITY_JOIN,,,,2026-10-04,recommendation-composition-catalog-v3,RDA_3248_FULL_CATALOGUE|MFDS_PUBLIC_RECIPES_1_350|KTO_970_FULL_CATALOGUE|EXISTING_KFIND_FIELDS|RDA_PUBLIC_DIET_268_FULL_CATALOGUE|EXACT_OFFICIAL_BRAND_EVIDENCE|CATALOG_RECOMMENDATION_REVIEWED_OFFICIAL_SOURCES
kfind-catalog-d303-161000000-0002,바질크림 빠네 파스타,kfind-d303-161000000-0002,D303-161000000-0002,프레시지,UNRESOLVED_AFTER_CATALOGUE_SCAN,OFFICIAL_PRODUCT_COMPOSITION_UNRESOLVED,,,UNKNOWN,UNKNOWN_REFERENCE_ONLY,,,,,NO_ACCEPTED_IDENTITY_JOIN,,,,2026-10-04,recommendation-composition-catalog-v3,RDA_3248_FULL_CATALOGUE|MFDS_PUBLIC_RECIPES_1_350|KTO_970_FULL_CATALOGUE|EXISTING_KFIND_FIELDS|RDA_PUBLIC_DIET_268_FULL_CATALOGUE|EXACT_OFFICIAL_BRAND_EVIDENCE|CATALOG_RECOMMENDATION_REVIEWED_OFFICIAL_SOURCES
kfind-catalog-d303-161000000-0004,볼로네제라구파스타,kfind-d303-161000000-0004,D303-161000000-0004,프레시지,UNRESOLVED_AFTER_CATALOGUE_SCAN,OFFICIAL_PRODUCT_COMPOSITION_UNRESOLVED,,,UNKNOWN,UNKNOWN_REFERENCE_ONLY,,,,,NO_ACCEPTED_IDENTITY_JOIN,,,,2026-10-04,recommendation-composition-catalog-v3,RDA_3248_FULL_CATALOGUE|MFDS_PUBLIC_RECIPES_1_350|KTO_970_FULL_CATALOGUE|EXISTING_KFIND_FIELDS|RDA_PUBLIC_DIET_268_FULL_CATALOGUE|EXACT_OFFICIAL_BRAND_EVIDENCE|CATALOG_RECOMMENDATION_REVIEWED_OFFICIAL_SOURCES
kfind-catalog-d303-161000000-0005,쉬림프 로제파스타,kfind-d303-161000000-0005,D303-161000000-0005,HY 잇츠온,UNRESOLVED_AFTER_CATALOGUE_SCAN,OFFICIAL_PRODUCT_COMPOSITION_UNRESOLVED,,,UNKNOWN,UNKNOWN_REFERENCE_ONLY,,,,,NO_ACCEPTED_IDENTITY_JOIN,,,,2026-10-04,recommendation-composition-catalog-v3,RDA_3248_FULL_CATALOGUE|MFDS_PUBLIC_RECIPES_1_350|KTO_970_FULL_CATALOGUE|EXISTING_KFIND_FIELDS|RDA_PUBLIC_DIET_268_FULL_CATALOGUE|EXACT_OFFICIAL_BRAND_EVIDENCE|CATALOG_RECOMMENDATION_REVIEWED_OFFICIAL_SOURCES
kfind-catalog-d303-161000000-0007,쉬림프 크림파스타,kfind-d303-161000000-0007,D303-161000000-0007,HY 잇츠온,UNRESOLVED_AFTER_CATALOGUE_SCAN,OFFICIAL_PRODUCT_COMPOSITION_UNRESOLVED,,,UNKNOWN,UNKNOWN_REFERENCE_ONLY,,,,,NO_ACCEPTED_IDENTITY_JOIN,,,,2026-10-04,recommendation-composition-catalog-v3,RDA_3248_FULL_CATALOGUE|MFDS_PUBLIC_RECIPES_1_350|KTO_970_FULL_CATALOGUE|EXISTING_KFIND_FIELDS|RDA_PUBLIC_DIET_268_FULL_CATALOGUE|EXACT_OFFICIAL_BRAND_EVIDENCE|CATALOG_RECOMMENDATION_REVIEWED_OFFICIAL_SOURCES
kfind-catalog-d303-161000000-0008,알리오올리오파스타,kfind-d303-161000000-0008,D303-161000000-0008,HY 잇츠온,UNRESOLVED_AFTER_CATALOGUE_SCAN,OFFICIAL_PRODUCT_COMPOSITION_UNRESOLVED,,,UNKNOWN,UNKNOWN_REFERENCE_ONLY,,,,,NO_ACCEPTED_IDENTITY_JOIN,,,,2026-10-04,recommendation-composition-catalog-v3,RDA_3248_FULL_CATALOGUE|MFDS_PUBLIC_RECIPES_1_350|KTO_970_FULL_CATALOGUE|EXISTING_KFIND_FIELDS|RDA_PUBLIC_DIET_268_FULL_CATALOGUE|EXACT_OFFICIAL_BRAND_EVIDENCE|CATALOG_RECOMMENDATION_REVIEWED_OFFICIAL_SOURCES
kfind-catalog-d303-161000000-0009,에그인헬파스타,kfind-d303-161000000-0009,D303-161000000-0009,GS 리테일 심플리쿡,UNRESOLVED_AFTER_CATALOGUE_SCAN,OFFICIAL_PRODUCT_COMPOSITION_UNRESOLVED,,,UNKNOWN,UNKNOWN_REFERENCE_ONLY,,,,,NO_ACCEPTED_IDENTITY_JOIN,,,,2026-10-04,recommendation-composition-catalog-v3,RDA_3248_FULL_CATALOGUE|MFDS_PUBLIC_RECIPES_1_350|KTO_970_FULL_CATALOGUE|EXISTING_KFIND_FIELDS|RDA_PUBLIC_DIET_268_FULL_CATALOGUE|EXACT_OFFICIAL_BRAND_EVIDENCE|CATALOG_RECOMMENDATION_REVIEWED_OFFICIAL_SOURCES
kfind-catalog-d220-718000000-0015,마시는 요거트 딸기,kfind-d220-718000000-0015,D220-718000000-0015,요거프레소,UNRESOLVED_AFTER_CATALOGUE_SCAN,OFFICIAL_PRODUCT_COMPOSITION_UNRESOLVED,,,UNKNOWN,UNKNOWN_REFERENCE_ONLY,,,,,NO_ACCEPTED_IDENTITY_JOIN,,,,2026-10-04,recommendation-composition-catalog-v3,RDA_3248_FULL_CATALOGUE|MFDS_PUBLIC_RECIPES_1_350|KTO_970_FULL_CATALOGUE|EXISTING_KFIND_FIELDS|RDA_PUBLIC_DIET_268_FULL_CATALOGUE|EXACT_OFFICIAL_BRAND_EVIDENCE|CATALOG_RECOMMENDATION_REVIEWED_OFFICIAL_SOURCES
kfind-catalog-d220-718000000-0016,마시는 요거트 망고,kfind-d220-718000000-0016,D220-718000000-0016,요거프레소,UNRESOLVED_AFTER_CATALOGUE_SCAN,OFFICIAL_PRODUCT_COMPOSITION_UNRESOLVED,,,UNKNOWN,UNKNOWN_REFERENCE_ONLY,,,,,NO_ACCEPTED_IDENTITY_JOIN,,,,2026-10-04,recommendation-composition-catalog-v3,RDA_3248_FULL_CATALOGUE|MFDS_PUBLIC_RECIPES_1_350|KTO_970_FULL_CATALOGUE|EXISTING_KFIND_FIELDS|RDA_PUBLIC_DIET_268_FULL_CATALOGUE|EXACT_OFFICIAL_BRAND_EVIDENCE|CATALOG_RECOMMENDATION_REVIEWED_OFFICIAL_SOURCES
kfind-catalog-d220-718000000-0017,마시는 요거트 블루베리,kfind-d220-718000000-0017,D220-718000000-0017,요거프레소,UNRESOLVED_AFTER_CATALOGUE_SCAN,OFFICIAL_PRODUCT_COMPOSITION_UNRESOLVED,,,UNKNOWN,UNKNOWN_REFERENCE_ONLY,,,,,NO_ACCEPTED_IDENTITY_JOIN,,,,2026-10-04,recommendation-composition-catalog-v3,RDA_3248_FULL_CATALOGUE|MFDS_PUBLIC_RECIPES_1_350|KTO_970_FULL_CATALOGUE|EXISTING_KFIND_FIELDS|RDA_PUBLIC_DIET_268_FULL_CATALOGUE|EXACT_OFFICIAL_BRAND_EVIDENCE|CATALOG_RECOMMENDATION_REVIEWED_OFFICIAL_SOURCES
kfind-catalog-d220-718000000-0018,마시는 요거트 자몽,kfind-d220-718000000-0018,D220-718000000-0018,요거프레소,UNRESOLVED_AFTER_CATALOGUE_SCAN,OFFICIAL_PRODUCT_COMPOSITION_UNRESOLVED,,,UNKNOWN,UNKNOWN_REFERENCE_ONLY,,,,,NO_ACCEPTED_IDENTITY_JOIN,,,,2026-10-04,recommendation-composition-catalog-v3,RDA_3248_FULL_CATALOGUE|MFDS_PUBLIC_RECIPES_1_350|KTO_970_FULL_CATALOGUE|EXISTING_KFIND_FIELDS|RDA_PUBLIC_DIET_268_FULL_CATALOGUE|EXACT_OFFICIAL_BRAND_EVIDENCE|CATALOG_RECOMMENDATION_REVIEWED_OFFICIAL_SOURCES
kfind-catalog-d220-716000000-0018,딸기 생과일주스,kfind-d220-716000000-0018,D220-716000000-0018,요거프레소,UNRESOLVED_AFTER_CATALOGUE_SCAN,OFFICIAL_PRODUCT_COMPOSITION_UNRESOLVED,,,UNKNOWN,UNKNOWN_REFERENCE_ONLY,,,,,NO_ACCEPTED_IDENTITY_JOIN,,,,2026-10-04,recommendation-composition-catalog-v3,RDA_3248_FULL_CATALOGUE|MFDS_PUBLIC_RECIPES_1_350|KTO_970_FULL_CATALOGUE|EXISTING_KFIND_FIELDS|RDA_PUBLIC_DIET_268_FULL_CATALOGUE|EXACT_OFFICIAL_BRAND_EVIDENCE|CATALOG_RECOMMENDATION_REVIEWED_OFFICIAL_SOURCES
kfind-catalog-d220-716000000-0052,바나나 생과일 주스,kfind-d220-716000000-0052,D220-716000000-0052,요거프레소,UNRESOLVED_AFTER_CATALOGUE_SCAN,OFFICIAL_PRODUCT_COMPOSITION_UNRESOLVED,,,UNKNOWN,UNKNOWN_REFERENCE_ONLY,,,,,NO_ACCEPTED_IDENTITY_JOIN,,,,2026-10-04,recommendation-composition-catalog-v3,RDA_3248_FULL_CATALOGUE|MFDS_PUBLIC_RECIPES_1_350|KTO_970_FULL_CATALOGUE|EXISTING_KFIND_FIELDS|RDA_PUBLIC_DIET_268_FULL_CATALOGUE|EXACT_OFFICIAL_BRAND_EVIDENCE|CATALOG_RECOMMENDATION_REVIEWED_OFFICIAL_SOURCES
kfind-catalog-d220-716000000-0065,생과일 수박 주스,kfind-d220-716000000-0065,D220-716000000-0065,이디야,UNRESOLVED_AFTER_CATALOGUE_SCAN,OFFICIAL_PRODUCT_COMPOSITION_UNRESOLVED,,,UNKNOWN,UNKNOWN_REFERENCE_ONLY,,,,,NO_ACCEPTED_IDENTITY_JOIN,,,,2026-10-04,recommendation-composition-catalog-v3,RDA_3248_FULL_CATALOGUE|MFDS_PUBLIC_RECIPES_1_350|KTO_970_FULL_CATALOGUE|EXISTING_KFIND_FIELDS|RDA_PUBLIC_DIET_268_FULL_CATALOGUE|EXACT_OFFICIAL_BRAND_EVIDENCE|CATALOG_RECOMMENDATION_REVIEWED_OFFICIAL_SOURCES
kfind-catalog-d220-716000000-0066,생과일 토마토 주스,kfind-d220-716000000-0066,D220-716000000-0066,이디야,UNRESOLVED_AFTER_CATALOGUE_SCAN,OFFICIAL_PRODUCT_COMPOSITION_UNRESOLVED,,,UNKNOWN,UNKNOWN_REFERENCE_ONLY,,,,,NO_ACCEPTED_IDENTITY_JOIN,,,,2026-10-04,recommendation-composition-catalog-v3,RDA_3248_FULL_CATALOGUE|MFDS_PUBLIC_RECIPES_1_350|KTO_970_FULL_CATALOGUE|EXISTING_KFIND_FIELDS|RDA_PUBLIC_DIET_268_FULL_CATALOGUE|EXACT_OFFICIAL_BRAND_EVIDENCE|CATALOG_RECOMMENDATION_REVIEWED_OFFICIAL_SOURCES
