menuId,name,brand,brandIndustry,menuCategory,sourceCategory,suspicion
"kfind-d202-127000000-0005","효모빵_쫄깃한 천연효모빵 (미니)","파리바게뜨","베이커리","베이커리","외식(프랜차이즈 등 업체 제공 영양정보) | 빵 및 과자류 | 효모빵",""
"kfind-d202-127000000-0004","효모빵_쫄깃한 천연효모빵 (H)","파리바게뜨","베이커리","베이커리","외식(프랜차이즈 등 업체 제공 영양정보) | 빵 및 과자류 | 효모빵",""
"kfind-d202-127000000-0006","효모빵_쫄깃한 천연효모빵","파리바게뜨","베이커리","베이커리","외식(프랜차이즈 등 업체 제공 영양정보) | 빵 및 과자류 | 효모빵",""
"kfind-d202-127000000-0013","효모빵_쫄깃담백 토종효모빵(1/2)","파리바게뜨","베이커리","베이커리","외식(프랜차이즈 등 업체 제공 영양정보) | 빵 및 과자류 | 효모빵",""
"kfind-d202-127000000-0010","효모빵_쫄깃담백 토종효모빵 (H)","파리바게뜨","베이커리","베이커리","외식(프랜차이즈 등 업체 제공 영양정보) | 빵 및 과자류 | 효모빵",""
"kfind-d202-127000000-0012","효모빵_쫄깃담백 토종효모빵","파리바게뜨","베이커리","베이커리","외식(프랜차이즈 등 업체 제공 영양정보) | 빵 및 과자류 | 효모빵",""
"kfind-d202-127000000-0003","효모빵_건포도천연효모빵","파리바게뜨","베이커리","베이커리","외식(프랜차이즈 등 업체 제공 영양정보) | 빵 및 과자류 | 효모빵",""
"kfind-d202-127000000-0011","효모빵_건포도 토종효모빵","파리바게뜨","베이커리","베이커리","외식(프랜차이즈 등 업체 제공 영양정보) | 빵 및 과자류 | 효모빵",""
"kfind-d202-127000000-0001","효모빵_건포도 천연효모빵 (H)","파리바게뜨","베이커리","베이커리","외식(프랜차이즈 등 업체 제공 영양정보) | 빵 및 과자류 | 효모빵",""
"kfind-d220-753000000-0048","홍차_크림카라멜 아이스(ICED) (L)","투썸플레이스","카페","음료","외식(프랜차이즈 등 업체 제공 영양정보) | 음료 및 차류 | 홍차",""
"kfind-d220-753000000-0047","홍차_잉글리쉬브렉퍼스트 핫(HOT) (L)","투썸플레이스","카페","음료","외식(프랜차이즈 등 업체 제공 영양정보) | 음료 및 차류 | 홍차",""
"kfind-d220-753000000-0046","홍차_잉글리쉬브렉퍼스트 아이스(ICED) (L)","투썸플레이스","카페","음료","외식(프랜차이즈 등 업체 제공 영양정보) | 음료 및 차류 | 홍차",""
"kfind-d220-753000000-0044","홍차_잉글리쉬 브렉퍼스트티 핫(HOT) (Tall)","스타벅스","카페","음료","외식(프랜차이즈 등 업체 제공 영양정보) | 음료 및 차류 | 홍차",""
"kfind-d220-753000000-0043","홍차_잉글리쉬 브렉퍼스트티 아이스(ICED) (Tall)","스타벅스","카페","음료","외식(프랜차이즈 등 업체 제공 영양정보) | 음료 및 차류 | 홍차",""
"kfind-d220-753000000-0040","홍차_유스베리티 핫(HOT) (Tall)","스타벅스","카페","음료","외식(프랜차이즈 등 업체 제공 영양정보) | 음료 및 차류 | 홍차",""
"kfind-d220-753000000-0039","홍차_유스베리티 아이스(ICED) (Tall)","스타벅스","카페","음료","외식(프랜차이즈 등 업체 제공 영양정보) | 음료 및 차류 | 홍차",""
"kfind-d220-753000000-0092","홍차_얼그레이티 핫(HOT) (L)","공차","음료","음료","외식(프랜차이즈 등 업체 제공 영양정보) | 음료 및 차류 | 홍차",""
"kfind-d220-753000000-0091","홍차_얼그레이티 핫(HOT) (J)","공차","음료","음료","외식(프랜차이즈 등 업체 제공 영양정보) | 음료 및 차류 | 홍차",""
"kfind-d220-753000000-0089","홍차_얼그레이티 아이스(ICED) (L)","공차","음료","음료","외식(프랜차이즈 등 업체 제공 영양정보) | 음료 및 차류 | 홍차",""
"kfind-d220-753000000-0088","홍차_얼그레이티 아이스(ICED) (J)","공차","음료","음료","외식(프랜차이즈 등 업체 제공 영양정보) | 음료 및 차류 | 홍차",""
"kfind-d220-753000000-0026","홍차_얼그레이 핫(HOT) (L)","투썸플레이스","카페","음료","외식(프랜차이즈 등 업체 제공 영양정보) | 음료 및 차류 | 홍차",""
"kfind-d220-753000000-0084","홍차_얼그레이 핫(HOT)","할리스","카페","음료","외식(프랜차이즈 등 업체 제공 영양정보) | 음료 및 차류 | 홍차",""
"kfind-d220-753000000-0019","홍차_얼그레이 아이스(ICED) (L)","투썸플레이스","카페","음료","외식(프랜차이즈 등 업체 제공 영양정보) | 음료 및 차류 | 홍차",""
"kfind-d220-753000000-0082","홍차_얼그레이 아이스(ICED)","할리스","카페","음료","외식(프랜차이즈 등 업체 제공 영양정보) | 음료 및 차류 | 홍차",""
"kfind-d220-753000000-0016","홍차_얼 그레이티 핫(HOT) (Tall)","스타벅스","카페","음료","외식(프랜차이즈 등 업체 제공 영양정보) | 음료 및 차류 | 홍차",""
"kfind-d220-753000000-0015","홍차_얼 그레이티 아이스(ICED) (Tall)","스타벅스","카페","음료","외식(프랜차이즈 등 업체 제공 영양정보) | 음료 및 차류 | 홍차",""
"kfind-d220-753000000-0009","홍차_블랙티 핫(HOT) (L)","투썸플레이스","카페","음료","외식(프랜차이즈 등 업체 제공 영양정보) | 음료 및 차류 | 홍차",""
"kfind-d220-753000000-0078","홍차_블랙티 핫(HOT) (L)","공차","음료","음료","외식(프랜차이즈 등 업체 제공 영양정보) | 음료 및 차류 | 홍차",""
"kfind-d220-753000000-0077","홍차_블랙티 핫(HOT) (J)","공차","음료","음료","외식(프랜차이즈 등 업체 제공 영양정보) | 음료 및 차류 | 홍차",""
"kfind-d220-753000000-0075","홍차_블랙티 아이스(ICED) (L)","공차","음료","음료","외식(프랜차이즈 등 업체 제공 영양정보) | 음료 및 차류 | 홍차",""
"kfind-d220-753000000-0006","홍차_블랙티 아이스(ICED) (L)","투썸플레이스","카페","음료","외식(프랜차이즈 등 업체 제공 영양정보) | 음료 및 차류 | 홍차",""
"kfind-d220-753000000-0074","홍차_블랙티 아이스(ICED) (J)","공차","음료","음료","외식(프랜차이즈 등 업체 제공 영양정보) | 음료 및 차류 | 홍차",""
"kfind-d202-126000000-0003","호밀빵_호두호밀브레드","파리바게뜨","베이커리","베이커리","외식(프랜차이즈 등 업체 제공 영양정보) | 빵 및 과자류 | 호밀빵",""
"kfind-d202-126000000-0005","호밀빵_파란라벨 멀티그레인호밀빵","파리바게뜨","베이커리","베이커리","외식(프랜차이즈 등 업체 제공 영양정보) | 빵 및 과자류 | 호밀빵",""
"kfind-d202-126000000-0004","호밀빵_멀티그레인 호밀브레드","파리바게뜨","베이커리","베이커리","외식(프랜차이즈 등 업체 제공 영양정보) | 빵 및 과자류 | 호밀빵",""
"kfind-d202-125000000-0003","호떡_흑당가득품은호떡","파리바게뜨","베이커리","베이커리","외식(프랜차이즈 등 업체 제공 영양정보) | 빵 및 과자류 | 호떡",""
"kfind-d202-125000000-0006","호떡_쫀득흑당호떡","파리바게뜨","베이커리","베이커리","외식(프랜차이즈 등 업체 제공 영양정보) | 빵 및 과자류 | 호떡",""
"kfind-d202-125000000-0002","호떡_아이스크림 호떡","이디야","카페","아이스크림","외식(프랜차이즈 등 업체 제공 영양정보) | 빵 및 과자류 | 호떡",""
"kfind-d202-125000000-0007","호떡_꿀호떡","이디야","카페","베이커리","외식(프랜차이즈 등 업체 제공 영양정보) | 빵 및 과자류 | 호떡",""
"kfind-d220-752000000-0078","허브차_히비스커스 블렌드티 핫(HOT) (Tall)","스타벅스","카페","음료","외식(프랜차이즈 등 업체 제공 영양정보) | 음료 및 차류 | 허브차",""
"kfind-d220-752000000-0076","허브차_히비스커스 블렌드티 아이스(ICED) (Tall)","스타벅스","카페","음료","외식(프랜차이즈 등 업체 제공 영양정보) | 음료 및 차류 | 허브차",""
"kfind-d220-752000000-0187","허브차_황금캐모마일티 핫(HOT)","빽다방","카페","음료","외식(프랜차이즈 등 업체 제공 영양정보) | 음료 및 차류 | 허브차",""
"kfind-d220-752000000-0186","허브차_황금캐모마일티 아이스(ICED)","빽다방","카페","음료","외식(프랜차이즈 등 업체 제공 영양정보) | 음료 및 차류 | 허브차",""
"kfind-d220-752000000-0183","허브차_피치 얼그레이 핫(HOT) (R)","이디야","카페","음료","외식(프랜차이즈 등 업체 제공 영양정보) | 음료 및 차류 | 허브차",""
"kfind-d220-752000000-0182","허브차_피치 얼그레이 핫(HOT) (EX)","이디야","카페","음료","외식(프랜차이즈 등 업체 제공 영양정보) | 음료 및 차류 | 허브차",""
"kfind-d220-752000000-0181","허브차_피치 얼그레이 아이스(ICED) (R)","이디야","카페","음료","외식(프랜차이즈 등 업체 제공 영양정보) | 음료 및 차류 | 허브차",""
"kfind-d220-752000000-0180","허브차_피치 얼그레이 아이스(ICED) (EX)","이디야","카페","음료","외식(프랜차이즈 등 업체 제공 영양정보) | 음료 및 차류 | 허브차",""
"kfind-d220-752000000-0072","허브차_퓨어페퍼민트 핫(HOT)","이디야","카페","음료","외식(프랜차이즈 등 업체 제공 영양정보) | 음료 및 차류 | 허브차",""
"kfind-d220-752000000-0071","허브차_퓨어페퍼민트 아이스(ICED)","이디야","카페","음료","외식(프랜차이즈 등 업체 제공 영양정보) | 음료 및 차류 | 허브차",""
"kfind-d220-752000000-0179","허브차_퓨어 페퍼민트 핫(HOT) (EX)","이디야","카페","음료","외식(프랜차이즈 등 업체 제공 영양정보) | 음료 및 차류 | 허브차",""
"kfind-d220-752000000-0178","허브차_퓨어 페퍼민트 핫(HOT)","이디야","카페","음료","외식(프랜차이즈 등 업체 제공 영양정보) | 음료 및 차류 | 허브차",""
"kfind-d220-752000000-0177","허브차_퓨어 페퍼민트 아이스(ICED) (EX)","이디야","카페","음료","외식(프랜차이즈 등 업체 제공 영양정보) | 음료 및 차류 | 허브차",""
"kfind-d220-752000000-0176","허브차_퓨어 페퍼민트 아이스(ICED)","이디야","카페","음료","외식(프랜차이즈 등 업체 제공 영양정보) | 음료 및 차류 | 허브차",""
"kfind-d220-752000000-0175","허브차_페퍼민트티 핫(HOT)","빽다방","카페","음료","외식(프랜차이즈 등 업체 제공 영양정보) | 음료 및 차류 | 허브차",""
"kfind-d220-752000000-0172","허브차_페퍼민트티 아이스(ICED)","빽다방","카페","음료","외식(프랜차이즈 등 업체 제공 영양정보) | 음료 및 차류 | 허브차",""
"kfind-d220-752000000-0169","허브차_페퍼민트 핫(HOT)","할리스","카페","음료","외식(프랜차이즈 등 업체 제공 영양정보) | 음료 및 차류 | 허브차",""
"kfind-d220-752000000-0165","허브차_페퍼민트 아이스(ICED)","할리스","카페","음료","외식(프랜차이즈 등 업체 제공 영양정보) | 음료 및 차류 | 허브차",""
"kfind-d220-752000000-0154","허브차_캐모마일 핫(HOT)","할리스","카페","음료","외식(프랜차이즈 등 업체 제공 영양정보) | 음료 및 차류 | 허브차",""
"kfind-d220-752000000-0151","허브차_캐모마일 아이스(ICED)","할리스","카페","음료","외식(프랜차이즈 등 업체 제공 영양정보) | 음료 및 차류 | 허브차",""
"kfind-d220-752000000-0034","허브차_캐모마일 블렌드티 핫(HOT) (Tall)","스타벅스","카페","음료","외식(프랜차이즈 등 업체 제공 영양정보) | 음료 및 차류 | 허브차",""
"kfind-d220-752000000-0033","허브차_캐모마일 블렌드티 아이스(ICED) (Tall)","스타벅스","카페","음료","외식(프랜차이즈 등 업체 제공 영양정보) | 음료 및 차류 | 허브차",""
"kfind-d220-752000000-0032","허브차_카모마일 핫(HOT) (L)","투썸플레이스","카페","음료","외식(프랜차이즈 등 업체 제공 영양정보) | 음료 및 차류 | 허브차",""
"kfind-d220-752000000-0031","허브차_카모마일 아이스(ICED) (L)","투썸플레이스","카페","음료","외식(프랜차이즈 등 업체 제공 영양정보) | 음료 및 차류 | 허브차",""
"kfind-d220-752000000-0148","허브차_자스민티 핫(HOT) (L)","공차","음료","음료","외식(프랜차이즈 등 업체 제공 영양정보) | 음료 및 차류 | 허브차",""
"kfind-d220-752000000-0147","허브차_자스민티 핫(HOT) (J)","공차","음료","음료","외식(프랜차이즈 등 업체 제공 영양정보) | 음료 및 차류 | 허브차",""
"kfind-d220-752000000-0146","허브차_자스민티 아이스(ICED) (L)","공차","음료","음료","외식(프랜차이즈 등 업체 제공 영양정보) | 음료 및 차류 | 허브차",""
"kfind-d220-752000000-0145","허브차_자스민티 아이스(ICED) (J)","공차","음료","음료","외식(프랜차이즈 등 업체 제공 영양정보) | 음료 및 차류 | 허브차",""
"kfind-d220-752000000-0026","허브차_스프링캐모마일 핫(HOT)","이디야","카페","음료","외식(프랜차이즈 등 업체 제공 영양정보) | 음료 및 차류 | 허브차",""
"kfind-d220-752000000-0025","허브차_스프링캐모마일 아이스(ICED)","이디야","카페","음료","외식(프랜차이즈 등 업체 제공 영양정보) | 음료 및 차류 | 허브차",""
"kfind-d220-752000000-0143","허브차_스프링 캐모마일 핫(HOT) (EX)","이디야","카페","음료","외식(프랜차이즈 등 업체 제공 영양정보) | 음료 및 차류 | 허브차",""
"kfind-d220-752000000-0142","허브차_스프링 캐모마일 핫(HOT)","이디야","카페","음료","외식(프랜차이즈 등 업체 제공 영양정보) | 음료 및 차류 | 허브차",""
"kfind-d220-752000000-0141","허브차_스프링 캐모마일 아이스(ICED) (EX)","이디야","카페","음료","외식(프랜차이즈 등 업체 제공 영양정보) | 음료 및 차류 | 허브차",""
"kfind-d220-752000000-0140","허브차_스프링 캐모마일 아이스(ICED)","이디야","카페","음료","외식(프랜차이즈 등 업체 제공 영양정보) | 음료 및 차류 | 허브차",""
"kfind-d220-752000000-0022","허브차_샤인히비스커스 핫(HOT)","이디야","카페","음료","외식(프랜차이즈 등 업체 제공 영양정보) | 음료 및 차류 | 허브차",""
"kfind-d220-752000000-0021","허브차_샤인히비스커스 아이스(ICED)","이디야","카페","음료","외식(프랜차이즈 등 업체 제공 영양정보) | 음료 및 차류 | 허브차",""
"kfind-d220-752000000-0139","허브차_샤인 히비스커스 핫(HOT) (EX)","이디야","카페","음료","외식(프랜차이즈 등 업체 제공 영양정보) | 음료 및 차류 | 허브차",""
"kfind-d220-752000000-0138","허브차_샤인 히비스커스 핫(HOT)","이디야","카페","음료","외식(프랜차이즈 등 업체 제공 영양정보) | 음료 및 차류 | 허브차",""
"kfind-d220-752000000-0137","허브차_샤인 히비스커스 아이스(ICED) (EX)","이디야","카페","음료","외식(프랜차이즈 등 업체 제공 영양정보) | 음료 및 차류 | 허브차",""
"kfind-d220-752000000-0136","허브차_샤인 히비스커스 아이스(ICED)","이디야","카페","음료","외식(프랜차이즈 등 업체 제공 영양정보) | 음료 및 차류 | 허브차",""
"kfind-d220-752000000-0018","허브차_민트 핫(HOT) (L)","투썸플레이스","카페","음료","외식(프랜차이즈 등 업체 제공 영양정보) | 음료 및 차류 | 허브차",""
"kfind-d220-752000000-0017","허브차_민트 아이스(ICED) (L)","투썸플레이스","카페","음료","외식(프랜차이즈 등 업체 제공 영양정보) | 음료 및 차류 | 허브차",""
"kfind-d220-752000000-0016","허브차_민트 블렌드티 핫(HOT) (Tall)","스타벅스","카페","음료","외식(프랜차이즈 등 업체 제공 영양정보) | 음료 및 차류 | 허브차",""
"kfind-d220-752000000-0015","허브차_민트 블렌드티 아이스(ICED) (Tall)","스타벅스","카페","음료","외식(프랜차이즈 등 업체 제공 영양정보) | 음료 및 차류 | 허브차",""
"kfind-d220-752000000-0006","허브차_그린루이보스 핫(HOT)","이디야","카페","음료","외식(프랜차이즈 등 업체 제공 영양정보) | 음료 및 차류 | 허브차",""
"kfind-d220-752000000-0005","허브차_그린루이보스 아이스(ICED)","이디야","카페","음료","외식(프랜차이즈 등 업체 제공 영양정보) | 음료 및 차류 | 허브차",""
"kfind-d220-752000000-0129","허브차_그린 루이보스 핫(HOT) (EX)","이디야","카페","음료","외식(프랜차이즈 등 업체 제공 영양정보) | 음료 및 차류 | 허브차",""
"kfind-d220-752000000-0128","허브차_그린 루이보스 핫(HOT)","이디야","카페","음료","외식(프랜차이즈 등 업체 제공 영양정보) | 음료 및 차류 | 허브차",""
"kfind-d220-752000000-0127","허브차_그린 루이보스 아이스(ICED) (EX)","이디야","카페","음료","외식(프랜차이즈 등 업체 제공 영양정보) | 음료 및 차류 | 허브차",""
"kfind-d220-752000000-0126","허브차_그린 루이보스 아이스(ICED)","이디야","카페","음료","외식(프랜차이즈 등 업체 제공 영양정보) | 음료 및 차류 | 허브차",""
"kfind-d202-124000000-0055","허니브레드_허니 카라멜 브레드","이디야","카페","베이커리","외식(프랜차이즈 등 업체 제공 영양정보) | 빵 및 과자류 | 허니브레드",""
"kfind-d202-124000000-0024","허니브레드_올리브치즈브레드","투썸플레이스","카페","베이커리","외식(프랜차이즈 등 업체 제공 영양정보) | 빵 및 과자류 | 허니브레드",""
"kfind-d202-124000000-0021","허니브레드_스모크드 소시지 브레드","스타벅스","카페","베이커리","외식(프랜차이즈 등 업체 제공 영양정보) | 빵 및 과자류 | 허니브레드",""
"kfind-d202-124000000-0012","허니브레드_무화과브레드&이즈니버터","투썸플레이스","카페","베이커리","외식(프랜차이즈 등 업체 제공 영양정보) | 빵 및 과자류 | 허니브레드",""
"kfind-d202-124000000-0048","허니브레드_메이플 넛 프레드","이디야","카페","베이커리","외식(프랜차이즈 등 업체 제공 영양정보) | 빵 및 과자류 | 허니브레드",""
"kfind-d202-124000000-0010","허니브레드_메이플 넛 브레드","이디야","카페","베이커리","외식(프랜차이즈 등 업체 제공 영양정보) | 빵 및 과자류 | 허니브레드",""
"kfind-d202-124000000-0002","허니브레드_갈릭 치즈 브레드","이디야","카페","베이커리","외식(프랜차이즈 등 업체 제공 영양정보) | 빵 및 과자류 | 허니브레드",""
"kfind-d202-123000000-0045","햄버거_핫트러플머쉬룸와퍼","버거킹","햄버거","햄버거","외식(프랜차이즈 등 업체 제공 영양정보) | 빵 및 과자류 | 햄버거",""
"kfind-d202-123170000-0024","햄버거_한우불고기","롯데리아","햄버거","햄버거","외식(프랜차이즈 등 업체 제공 영양정보) | 빵 및 과자류 | 햄버거 | 불고기버거",""
"kfind-d202-123000000-0041","햄버거_트리플 베이컨","노브랜드버거","햄버거","햄버거","외식(프랜차이즈 등 업체 제공 영양정보) | 빵 및 과자류 | 햄버거",""
"kfind-d202-123000000-0040","햄버거_트러플 머쉬룸 와퍼","버거킹","햄버거","햄버거","외식(프랜차이즈 등 업체 제공 영양정보) | 빵 및 과자류 | 햄버거",""
"kfind-d202-123000000-0039","햄버거_통마늘 베이컨","노브랜드버거","햄버거","햄버거","외식(프랜차이즈 등 업체 제공 영양정보) | 빵 및 과자류 | 햄버거",""
"kfind-d202-123000000-0037","햄버거_클럽 샌드위치 버거","노브랜드버거","햄버거","햄버거","외식(프랜차이즈 등 업체 제공 영양정보) | 빵 및 과자류 | 햄버거",""
"kfind-d202-123000000-0036","햄버거_크리스퍼 클래식 BLT","버거킹","햄버거","햄버거","외식(프랜차이즈 등 업체 제공 영양정보) | 빵 및 과자류 | 햄버거",""
"kfind-d202-123000000-0035","햄버거_크리스퍼 클래식","버거킹","햄버거","햄버거","외식(프랜차이즈 등 업체 제공 영양정보) | 빵 및 과자류 | 햄버거",""
"kfind-d202-123000000-0034","햄버거_크리스퍼 치폴레","버거킹","햄버거","햄버거","외식(프랜차이즈 등 업체 제공 영양정보) | 빵 및 과자류 | 햄버거",""
"kfind-d202-123320000-0023","햄버거_콰트로치즈와퍼주니어","버거킹","햄버거","햄버거","외식(프랜차이즈 등 업체 제공 영양정보) | 빵 및 과자류 | 햄버거 | 치즈",""
"kfind-d202-123320000-0022","햄버거_콰트로치즈와퍼","버거킹","햄버거","햄버거","외식(프랜차이즈 등 업체 제공 영양정보) | 빵 및 과자류 | 햄버거 | 치즈",""
"kfind-d202-123320000-0021","햄버거_치킨치즈마요버거","버거킹","햄버거","햄버거","외식(프랜차이즈 등 업체 제공 영양정보) | 빵 및 과자류 | 햄버거 | 치즈",""
"kfind-d202-123320000-0020","햄버거_치즈와퍼주니어","버거킹","햄버거","햄버거","외식(프랜차이즈 등 업체 제공 영양정보) | 빵 및 과자류 | 햄버거 | 치즈",""
"kfind-d202-123320000-0019","햄버거_치즈와퍼","버거킹","햄버거","햄버거","외식(프랜차이즈 등 업체 제공 영양정보) | 빵 및 과자류 | 햄버거 | 치즈",""
"kfind-d202-123320000-0018","햄버거_치즈버거","버거킹","햄버거","햄버거","외식(프랜차이즈 등 업체 제공 영양정보) | 빵 및 과자류 | 햄버거 | 치즈",""
"kfind-d202-123320000-0017","햄버거_치즈","노브랜드버거","햄버거","햄버거","외식(프랜차이즈 등 업체 제공 영양정보) | 빵 및 과자류 | 햄버거 | 치즈",""
"kfind-d202-123000000-0033","햄버거_와퍼주니어","버거킹","햄버거","햄버거","외식(프랜차이즈 등 업체 제공 영양정보) | 빵 및 과자류 | 햄버거",""
"kfind-d202-123000000-0032","햄버거_와퍼","버거킹","햄버거","햄버거","외식(프랜차이즈 등 업체 제공 영양정보) | 빵 및 과자류 | 햄버거",""
"kfind-d202-123000000-0031","햄버거_오리지널스 메이플갈릭","버거킹","햄버거","햄버거","외식(프랜차이즈 등 업체 제공 영양정보) | 빵 및 과자류 | 햄버거",""
"kfind-d202-123000000-0030","햄버거_오리지널스 뉴욕스테이크","버거킹","햄버거","햄버거","외식(프랜차이즈 등 업체 제공 영양정보) | 빵 및 과자류 | 햄버거",""
"kfind-d202-123000000-0029","햄버거_오리지널","노브랜드버거","햄버거","햄버거","외식(프랜차이즈 등 업체 제공 영양정보) | 빵 및 과자류 | 햄버거",""
"kfind-d202-123000000-0028","햄버거_에드워드리 비프버거","맘스터치","햄버거","햄버거","외식(프랜차이즈 등 업체 제공 영양정보) | 빵 및 과자류 | 햄버거",""
"kfind-d202-123170000-0022","햄버거_에그김치불고기버거","롯데리아","햄버거","햄버거","외식(프랜차이즈 등 업체 제공 영양정보) | 빵 및 과자류 | 햄버거 | 불고기버거",""
"kfind-d202-123170000-0021","햄버거_시그니처불고기버거","맘스터치","햄버거","햄버거","외식(프랜차이즈 등 업체 제공 영양정보) | 빵 및 과자류 | 햄버거 | 불고기버거",""
"kfind-d202-123320000-0016","햄버거_시그니처","노브랜드버거","햄버거","햄버거","외식(프랜차이즈 등 업체 제공 영양정보) | 빵 및 과자류 | 햄버거 | 치즈",""
"kfind-d202-123170000-0019","햄버거_새우불고기버거","맘스터치","햄버거","햄버거","외식(프랜차이즈 등 업체 제공 영양정보) | 빵 및 과자류 | 햄버거 | 불고기버거",""
"kfind-d202-123000000-0017","햄버거_비프스테이크버거","맘스터치","햄버거","햄버거","외식(프랜차이즈 등 업체 제공 영양정보) | 빵 및 과자류 | 햄버거",""
"kfind-d202-123170000-0015","햄버거_비프불고기버거","버거킹","햄버거","햄버거","외식(프랜차이즈 등 업체 제공 영양정보) | 빵 및 과자류 | 햄버거 | 불고기버거",""
"kfind-d202-123000000-0016","햄버거_비프&슈림프버거","버거킹","햄버거","햄버거","외식(프랜차이즈 등 업체 제공 영양정보) | 빵 및 과자류 | 햄버거",""
"kfind-d202-123170000-0014","햄버거_불고기와퍼주니어","버거킹","햄버거","햄버거","외식(프랜차이즈 등 업체 제공 영양정보) | 빵 및 과자류 | 햄버거 | 불고기버거",""
"kfind-d202-123170000-0013","햄버거_불고기와퍼","버거킹","햄버거","햄버거","외식(프랜차이즈 등 업체 제공 영양정보) | 빵 및 과자류 | 햄버거 | 불고기버거",""
"kfind-d202-123170000-0012","햄버거_불고기버거","맘스터치","햄버거","햄버거","외식(프랜차이즈 등 업체 제공 영양정보) | 빵 및 과자류 | 햄버거 | 불고기버거",""
"kfind-d202-123320000-0011","햄버거_베이컨치즈와퍼","버거킹","햄버거","햄버거","외식(프랜차이즈 등 업체 제공 영양정보) | 빵 및 과자류 | 햄버거 | 치즈",""
"kfind-d202-123320000-0010","햄버거_미트 마니아","노브랜드버거","햄버거","햄버거","외식(프랜차이즈 등 업체 제공 영양정보) | 빵 및 과자류 | 햄버거 | 치즈",""
"kfind-d202-123000000-0014","햄버거_몬스터와퍼주니어","버거킹","햄버거","햄버거","외식(프랜차이즈 등 업체 제공 영양정보) | 빵 및 과자류 | 햄버거",""
"kfind-d202-123000000-0013","햄버거_몬스터와퍼","버거킹","햄버거","햄버거","외식(프랜차이즈 등 업체 제공 영양정보) | 빵 및 과자류 | 햄버거",""
"kfind-d202-123320000-0009","햄버거_모짜렐라인더버거 베이컨","롯데리아","햄버거","햄버거","외식(프랜차이즈 등 업체 제공 영양정보) | 빵 및 과자류 | 햄버거 | 치즈",""
"kfind-d202-123320000-0008","햄버거_모짜렐라버거 토마토 바질","롯데리아","햄버거","햄버거","외식(프랜차이즈 등 업체 제공 영양정보) | 빵 및 과자류 | 햄버거 | 치즈",""
"kfind-d202-123320000-0007","햄버거_모짜렐라버거 발사믹 바질","롯데리아","햄버거","햄버거","외식(프랜차이즈 등 업체 제공 영양정보) | 빵 및 과자류 | 햄버거 | 치즈",""
"kfind-d202-123320000-0006","햄버거_멕시칸 칠리 치즈","노브랜드버거","햄버거","햄버거","외식(프랜차이즈 등 업체 제공 영양정보) | 빵 및 과자류 | 햄버거 | 치즈",""
"kfind-d202-123000000-0012","햄버거_메가바이트","노브랜드버거","햄버거","햄버거","외식(프랜차이즈 등 업체 제공 영양정보) | 빵 및 과자류 | 햄버거",""
"kfind-d202-123170000-0011","햄버거_리아 불고기 베이컨","롯데리아","햄버거","햄버거","외식(프랜차이즈 등 업체 제공 영양정보) | 빵 및 과자류 | 햄버거 | 불고기버거",""
"kfind-d202-123170000-0010","햄버거_리아 불고기 더블","롯데리아","햄버거","햄버거","외식(프랜차이즈 등 업체 제공 영양정보) | 빵 및 과자류 | 햄버거 | 불고기버거",""
"kfind-d202-123170000-0009","햄버거_리아 불고기","롯데리아","햄버거","햄버거","외식(프랜차이즈 등 업체 제공 영양정보) | 빵 및 과자류 | 햄버거 | 불고기버거",""
"kfind-d202-123000000-0011","햄버거_딥트러플머쉬룸더블","버거킹","햄버거","햄버거","외식(프랜차이즈 등 업체 제공 영양정보) | 빵 및 과자류 | 햄버거",""
"kfind-d202-123170000-0008","햄버거_디럭스불고기버거","맘스터치","햄버거","햄버거","외식(프랜차이즈 등 업체 제공 영양정보) | 빵 및 과자류 | 햄버거 | 불고기버거",""
"kfind-d202-123170000-0007","햄버거_데리야끼불고기","KFC","햄버거","햄버거","외식(프랜차이즈 등 업체 제공 영양정보) | 빵 및 과자류 | 햄버거 | 불고기버거",""
"kfind-d202-123000000-0010","햄버거_데리버거","롯데리아","햄버거","햄버거","외식(프랜차이즈 등 업체 제공 영양정보) | 빵 및 과자류 | 햄버거",""
"kfind-d202-123000000-0009","햄버거_더오치 맥시멈 원파운더","버거킹","햄버거","햄버거","외식(프랜차이즈 등 업체 제공 영양정보) | 빵 및 과자류 | 햄버거",""
"kfind-d202-123000000-0008","햄버거_더오치 맥시멈 3","버거킹","햄버거","햄버거","외식(프랜차이즈 등 업체 제공 영양정보) | 빵 및 과자류 | 햄버거",""
"kfind-d202-123000000-0007","햄버거_더오치 맥시멈 2","버거킹","햄버거","햄버거","외식(프랜차이즈 등 업체 제공 영양정보) | 빵 및 과자류 | 햄버거",""
"kfind-d202-123320000-0004","햄버거_더블치즈 베이컨 시그니처","노브랜드버거","햄버거","햄버거","외식(프랜차이즈 등 업체 제공 영양정보) | 빵 및 과자류 | 햄버거 | 치즈",""
"kfind-d202-123320000-0003","햄버거_더블엑스투버거","롯데리아","햄버거","햄버거","외식(프랜차이즈 등 업체 제공 영양정보) | 빵 및 과자류 | 햄버거 | 치즈",""
"kfind-d202-123170000-0006","햄버거_더블비프불고기버거","버거킹","햄버거","햄버거","외식(프랜차이즈 등 업체 제공 영양정보) | 빵 및 과자류 | 햄버거 | 불고기버거",""
"kfind-d202-123170000-0005","햄버거_더블 한우불고기버거","롯데리아","햄버거","햄버거","외식(프랜차이즈 등 업체 제공 영양정보) | 빵 및 과자류 | 햄버거 | 불고기버거",""
"kfind-d202-123170000-0004","햄버거_더블 그릴드 불고기","노브랜드버거","햄버거","햄버거","외식(프랜차이즈 등 업체 제공 영양정보) | 빵 및 과자류 | 햄버거 | 불고기버거",""
"kfind-d202-123170000-0003","햄버거_김치불고기버거","롯데리아","햄버거","햄버거","외식(프랜차이즈 등 업체 제공 영양정보) | 빵 및 과자류 | 햄버거 | 불고기버거",""
"kfind-d202-123000000-0004","햄버거_그릴드비프버거","맘스터치","햄버거","햄버거","외식(프랜차이즈 등 업체 제공 영양정보) | 빵 및 과자류 | 햄버거",""
"kfind-d202-123000000-0003","햄버거_그릴드더블비프버거","맘스터치","햄버거","햄버거","외식(프랜차이즈 등 업체 제공 영양정보) | 빵 및 과자류 | 햄버거",""
"kfind-d202-123170000-0002","햄버거_그릴드 불고기","노브랜드버거","햄버거","햄버거","외식(프랜차이즈 등 업체 제공 영양정보) | 빵 및 과자류 | 햄버거 | 불고기버거",""
"kfind-d202-123000000-0002","햄버거_갈릭앤갈릭","노브랜드버거","햄버거","햄버거","외식(프랜차이즈 등 업체 제공 영양정보) | 빵 및 과자류 | 햄버거",""
"kfind-d202-123170000-0001","햄버거_갈릭불고기와퍼","버거킹","햄버거","햄버거","외식(프랜차이즈 등 업체 제공 영양정보) | 빵 및 과자류 | 햄버거 | 불고기버거",""
"kfind-d302-123234903-0006","햄버거_간편조리세트_햄버거","맥도날드","햄버거","햄버거","외식(분석함량) | 빵 및 과자류 | 햄버거 | 소고기패티 | 토마토 | 양상추",""
"kfind-d302-123230000-0003","햄버거_간편조리세트_햄버거","롯데리아","햄버거","햄버거","외식(분석함량) | 빵 및 과자류 | 햄버거 | 소고기패티",""
"kfind-d302-123234903-0004","햄버거_간편조리세트_햄버거","버거킹","햄버거","햄버거","외식(분석함량) | 빵 및 과자류 | 햄버거 | 소고기패티 | 토마토 | 양상추",""
"kfind-d302-123234903-0003","햄버거_간편조리세트_햄버거","맥도날드","햄버거","햄버거","외식(분석함량) | 빵 및 과자류 | 햄버거 | 소고기패티 | 토마토 | 양상추",""
"kfind-d302-123230000-0004","햄버거_간편조리세트_햄버거","맥도날드","햄버거","햄버거","외식(분석함량) | 빵 및 과자류 | 햄버거 | 소고기패티",""
"kfind-d302-123234903-0005","햄버거_간편조리세트_햄버거","버거킹","햄버거","햄버거","외식(분석함량) | 빵 및 과자류 | 햄버거 | 소고기패티 | 토마토 | 양상추",""
"kfind-d302-123460000-0006","햄버거_간편조리세트_치킨버거","롯데리아","햄버거","햄버거","외식(분석함량) | 빵 및 과자류 | 햄버거 | 치킨",""
"kfind-d302-123460000-0007","햄버거_간편조리세트_치킨버거","맘스터치","햄버거","햄버거","외식(분석함량) | 빵 및 과자류 | 햄버거 | 치킨",""
"kfind-d302-123460000-0001","햄버거_간편조리세트_치킨버거","맘스터치","햄버거","햄버거","외식(분석함량) | 빵 및 과자류 | 햄버거 | 치킨",""
"kfind-d302-123460000-0002","햄버거_간편조리세트_치킨버거","맥도날드","햄버거","햄버거","외식(분석함량) | 빵 및 과자류 | 햄버거 | 치킨",""
"kfind-d302-123460000-0003","햄버거_간편조리세트_치킨버거","맥도날드","햄버거","햄버거","외식(분석함량) | 빵 및 과자류 | 햄버거 | 치킨",""
"kfind-d302-123460000-0004","햄버거_간편조리세트_치킨버거","버거킹","햄버거","햄버거","외식(분석함량) | 빵 및 과자류 | 햄버거 | 치킨",""
"kfind-d302-123460000-0005","햄버거_간편조리세트_치킨버거","롯데리아","햄버거","햄버거","외식(분석함량) | 빵 및 과자류 | 햄버거 | 치킨",""
"kfind-d302-123320000-0002","햄버거_간편조리세트_치즈버거","맥도날드","햄버거","햄버거","외식(분석함량) | 빵 및 과자류 | 햄버거 | 치즈",""
"kfind-d302-123320000-0003","햄버거_간편조리세트_치즈버거","버거킹","햄버거","햄버거","외식(분석함량) | 빵 및 과자류 | 햄버거 | 치즈",""
"kfind-d302-123234903-0002","햄버거_간편조리세트_새우버거","버거킹","햄버거","햄버거","외식(분석함량) | 빵 및 과자류 | 햄버거 | 소고기패티 | 토마토 | 양상추",""
"kfind-d302-123000000-0002","햄버거_간편조리세트_새우버거","맘스터치","햄버거","햄버거","외식(분석함량) | 빵 및 과자류 | 햄버거",""
"kfind-d302-123000000-0004","햄버거_간편조리세트_새우버거","맥도날드","햄버거","햄버거","외식(분석함량) | 빵 및 과자류 | 햄버거",""
"kfind-d302-123230000-0002","햄버거_간편조리세트_새우버거","맥도날드","햄버거","햄버거","외식(분석함량) | 빵 및 과자류 | 햄버거 | 소고기패티",""
"kfind-d302-123000000-0003","햄버거_간편조리세트_새우버거","롯데리아","햄버거","햄버거","외식(분석함량) | 빵 및 과자류 | 햄버거",""
"kfind-d302-123170000-0002","햄버거_간편조리세트_불고기버거","롯데리아","햄버거","햄버거","외식(분석함량) | 빵 및 과자류 | 햄버거 | 불고기버거",""
"kfind-d302-123170000-0001","햄버거_간편조리세트_불고기버거","롯데리아","햄버거","햄버거","외식(분석함량) | 빵 및 과자류 | 햄버거 | 불고기버거",""
"kfind-d302-123170000-0003","햄버거_간편조리세트_불고기버거","맘스터치","햄버거","햄버거","외식(분석함량) | 빵 및 과자류 | 햄버거 | 불고기버거",""
"kfind-d302-123170000-0004","햄버거_간편조리세트_불고기버거","맥도날드","햄버거","햄버거","외식(분석함량) | 빵 및 과자류 | 햄버거 | 불고기버거",""
"kfind-d202-123320000-0001","햄버거_NBB 어메이징 더블 업","노브랜드버거","햄버거","햄버거","외식(프랜차이즈 등 업체 제공 영양정보) | 빵 및 과자류 | 햄버거 | 치즈",""
"kfind-d202-123000000-0001","햄버거_NBB 어메이징 더블","노브랜드버거","햄버거","햄버거","외식(프랜차이즈 등 업체 제공 영양정보) | 빵 및 과자류 | 햄버거",""
"kfind-d202-122000000-0024","핫도그_통소시지감자핫도그","파리바게뜨","베이커리","햄버거","외식(프랜차이즈 등 업체 제공 영양정보) | 빵 및 과자류 | 핫도그",""
"kfind-d202-122000000-0038","핫도그_타피오카쫀도그 (2개)","호식이두마리치킨","치킨","햄버거","외식(프랜차이즈 등 업체 제공 영양정보) | 빵 및 과자류 | 핫도그",""
"kfind-d202-122000000-0058","핫도그_콘마요 킬바사 핫도그","이디야","카페","햄버거","외식(프랜차이즈 등 업체 제공 영양정보) | 빵 및 과자류 | 핫도그",""
"kfind-d202-122000000-0016","핫도그_쫄깃한핫도그빵","파리바게뜨","베이커리","베이커리","외식(프랜차이즈 등 업체 제공 영양정보) | 빵 및 과자류 | 핫도그",""
"kfind-d202-122000000-0011","핫도그_오리지날 핫도그","공차","음료","햄버거","외식(프랜차이즈 등 업체 제공 영양정보) | 빵 및 과자류 | 핫도그",""
"kfind-d202-122000000-0055","핫도그_스위트칠리 킬바사 핫도그","이디야","카페","햄버거","외식(프랜차이즈 등 업체 제공 영양정보) | 빵 및 과자류 | 핫도그",""
"kfind-d202-122000000-0031","핫도그_모짜렐라&소시지반반핫도그","파리바게뜨","베이커리","햄버거","외식(프랜차이즈 등 업체 제공 영양정보) | 빵 및 과자류 | 핫도그",""
"kfind-d202-121000000-0011","피자빵_햄치콘듬뿍베이글피자","파리바게뜨","베이커리","피자","외식(프랜차이즈 등 업체 제공 영양정보) | 빵 및 과자류 | 피자빵",""
"kfind-d202-121000000-0016","피자빵_핫 페퍼로니 베이글피자","던킨","베이커리","피자","외식(프랜차이즈 등 업체 제공 영양정보) | 빵 및 과자류 | 피자빵",""
"kfind-d202-121000000-0015","피자빵_콘치즈 베이글피자","던킨","베이커리","피자","외식(프랜차이즈 등 업체 제공 영양정보) | 빵 및 과자류 | 피자빵",""
"kfind-d202-121000000-0014","피자빵_치즈듬뿍어니언","파리바게뜨","베이커리","피자","외식(프랜차이즈 등 업체 제공 영양정보) | 빵 및 과자류 | 피자빵",""
"kfind-d202-121000000-0013","피자빵_쫄깃한피자빵","파리바게뜨","베이커리","피자","외식(프랜차이즈 등 업체 제공 영양정보) | 빵 및 과자류 | 피자빵",""
"kfind-d202-121000000-0002","피자빵_사각피자빵","파리바게뜨","베이커리","피자","외식(프랜차이즈 등 업체 제공 영양정보) | 빵 및 과자류 | 피자빵",""
"kfind-d202-121000000-0008","피자빵_바토베듬뿍베이글피자","파리바게뜨","베이커리","피자","외식(프랜차이즈 등 업체 제공 영양정보) | 빵 및 과자류 | 피자빵",""
"kfind-d202-121000000-0012","피자빵_리코타치즈토마토피자빵","파리바게뜨","베이커리","피자","외식(프랜차이즈 등 업체 제공 영양정보) | 빵 및 과자류 | 피자빵",""
"kfind-d202-120000000-1977","피자_흥부포테이토 피자 치즈링 (R)","7번가피자","피자","피자","외식(프랜차이즈 등 업체 제공 영양정보) | 빵 및 과자류 | 피자",""
"kfind-d202-120000000-1976","피자_흥부포테이토 피자 치즈링 (L)","7번가피자","피자","피자","외식(프랜차이즈 등 업체 제공 영양정보) | 빵 및 과자류 | 피자",""
"kfind-d202-120000000-1975","피자_흥부포테이토 피자 치즈링 (G)","7번가피자","피자","피자","외식(프랜차이즈 등 업체 제공 영양정보) | 빵 및 과자류 | 피자",""
"kfind-d202-120000000-1974","피자_흥부포테이토 피자 씬도우 (R)","7번가피자","피자","피자","외식(프랜차이즈 등 업체 제공 영양정보) | 빵 및 과자류 | 피자",""
"kfind-d202-120000000-1973","피자_흥부포테이토 피자 씬도우 (L)","7번가피자","피자","피자","외식(프랜차이즈 등 업체 제공 영양정보) | 빵 및 과자류 | 피자",""
"kfind-d202-120000000-1972","피자_흥부포테이토 피자 석쇠 (R)","7번가피자","피자","피자","외식(프랜차이즈 등 업체 제공 영양정보) | 빵 및 과자류 | 피자",""
"kfind-d202-120000000-1971","피자_흥부포테이토 피자 석쇠 (L)","7번가피자","피자","피자","외식(프랜차이즈 등 업체 제공 영양정보) | 빵 및 과자류 | 피자",""
"kfind-d202-120000000-1970","피자_흥부포테이토 피자 석쇠 (G)","7번가피자","피자","피자","외식(프랜차이즈 등 업체 제공 영양정보) | 빵 및 과자류 | 피자",""
"kfind-d202-120000000-1969","피자_흥부포테이토 피자 리코타링 (R)","7번가피자","피자","피자","외식(프랜차이즈 등 업체 제공 영양정보) | 빵 및 과자류 | 피자",""
"kfind-d202-120000000-1968","피자_흥부포테이토 피자 리코타링 (L)","7번가피자","피자","피자","외식(프랜차이즈 등 업체 제공 영양정보) | 빵 및 과자류 | 피자",""
"kfind-d202-120000000-1967","피자_흥부포테이토 피자 리코타링 (G)","7번가피자","피자","피자","외식(프랜차이즈 등 업체 제공 영양정보) | 빵 및 과자류 | 피자",""
"kfind-d202-120000000-1966","피자_흥부포테이토 피자 골드스윗 (R)","7번가피자","피자","피자","외식(프랜차이즈 등 업체 제공 영양정보) | 빵 및 과자류 | 피자",""
"kfind-d202-120000000-1965","피자_흥부포테이토 피자 골드스윗 (L)","7번가피자","피자","피자","외식(프랜차이즈 등 업체 제공 영양정보) | 빵 및 과자류 | 피자",""
"kfind-d202-120000000-1964","피자_흥부포테이토 피자 골드스윗 (G)","7번가피자","피자","피자","외식(프랜차이즈 등 업체 제공 영양정보) | 빵 및 과자류 | 피자",""
"kfind-d202-120000000-3942","피자_흥부박포테이토 피자 치즈링 (R)","7번가피자","피자","피자","외식(프랜차이즈 등 업체 제공 영양정보) | 빵 및 과자류 | 피자",""
"kfind-d202-120000000-3941","피자_흥부박포테이토 피자 치즈링 (L)","7번가피자","피자","피자","외식(프랜차이즈 등 업체 제공 영양정보) | 빵 및 과자류 | 피자",""
"kfind-d202-120000000-3940","피자_흥부박포테이토 피자 씬바샤삭 (R)","7번가피자","피자","피자","외식(프랜차이즈 등 업체 제공 영양정보) | 빵 및 과자류 | 피자",""
"kfind-d202-120000000-3939","피자_흥부박포테이토 피자 씬바샤삭 (L)","7번가피자","피자","피자","외식(프랜차이즈 등 업체 제공 영양정보) | 빵 및 과자류 | 피자",""
"kfind-d202-120000000-3938","피자_흥부박포테이토 피자 석쇠 (R)","7번가피자","피자","피자","외식(프랜차이즈 등 업체 제공 영양정보) | 빵 및 과자류 | 피자",""
"kfind-d202-120000000-3937","피자_흥부박포테이토 피자 석쇠 (L)","7번가피자","피자","피자","외식(프랜차이즈 등 업체 제공 영양정보) | 빵 및 과자류 | 피자",""
"kfind-d202-120000000-3936","피자_흥부박포테이토 피자 리코타링 (R)","7번가피자","피자","피자","외식(프랜차이즈 등 업체 제공 영양정보) | 빵 및 과자류 | 피자",""
"kfind-d202-120000000-3935","피자_흥부박포테이토 피자 리코타링 (L)","7번가피자","피자","피자","외식(프랜차이즈 등 업체 제공 영양정보) | 빵 및 과자류 | 피자",""
"kfind-d202-120000000-3934","피자_흥부박포테이토 피자 골드스윗 (R)","7번가피자","피자","피자","외식(프랜차이즈 등 업체 제공 영양정보) | 빵 및 과자류 | 피자",""
"kfind-d202-120000000-3933","피자_흥부박포테이토 피자 골드스윗 (L)","7번가피자","피자","피자","외식(프랜차이즈 등 업체 제공 영양정보) | 빵 및 과자류 | 피자",""
"kfind-d202-120180000-0141","피자_흑마늘불고기피자바이트","피자마루","피자","피자","외식(프랜차이즈 등 업체 제공 영양정보) | 빵 및 과자류 | 피자 | 불고기피자",""
"kfind-d202-120180000-0140","피자_흑마늘불고기피자","피자마루","피자","피자","외식(프랜차이즈 등 업체 제공 영양정보) | 빵 및 과자류 | 피자 | 불고기피자",""
"kfind-d202-120000000-1960","피자_홍대 피자 치즈링 (R)","7번가피자","피자","피자","외식(프랜차이즈 등 업체 제공 영양정보) | 빵 및 과자류 | 피자",""
"kfind-d202-120000000-1959","피자_홍대 피자 치즈링 (L)","7번가피자","피자","피자","외식(프랜차이즈 등 업체 제공 영양정보) | 빵 및 과자류 | 피자",""
"kfind-d202-120000000-3927","피자_홍대 피자 씬바샤삭 (R)","7번가피자","피자","피자","외식(프랜차이즈 등 업체 제공 영양정보) | 빵 및 과자류 | 피자",""
"kfind-d202-120000000-3926","피자_홍대 피자 씬바샤삭 (L)","7번가피자","피자","피자","외식(프랜차이즈 등 업체 제공 영양정보) | 빵 및 과자류 | 피자",""
"kfind-d202-120000000-1958","피자_홍대 피자 씬도우 (R)","7번가피자","피자","피자","외식(프랜차이즈 등 업체 제공 영양정보) | 빵 및 과자류 | 피자",""
"kfind-d202-120000000-1957","피자_홍대 피자 씬도우 (L)","7번가피자","피자","피자","외식(프랜차이즈 등 업체 제공 영양정보) | 빵 및 과자류 | 피자",""
"kfind-d202-120000000-1956","피자_홍대 피자 석쇠 (R)","7번가피자","피자","피자","외식(프랜차이즈 등 업체 제공 영양정보) | 빵 및 과자류 | 피자",""
"kfind-d202-120000000-1955","피자_홍대 피자 석쇠 (L)","7번가피자","피자","피자","외식(프랜차이즈 등 업체 제공 영양정보) | 빵 및 과자류 | 피자",""
"kfind-d202-120000000-1954","피자_홍대 피자 리코타링 (R)","7번가피자","피자","피자","외식(프랜차이즈 등 업체 제공 영양정보) | 빵 및 과자류 | 피자",""
"kfind-d202-120000000-1953","피자_홍대 피자 리코타링 (L)","7번가피자","피자","피자","외식(프랜차이즈 등 업체 제공 영양정보) | 빵 및 과자류 | 피자",""
"kfind-d202-120000000-1952","피자_홍대 피자 골드스윗 (R)","7번가피자","피자","피자","외식(프랜차이즈 등 업체 제공 영양정보) | 빵 및 과자류 | 피자",""
"kfind-d202-120000000-1951","피자_홍대 피자 골드스윗 (L)","7번가피자","피자","피자","외식(프랜차이즈 등 업체 제공 영양정보) | 빵 및 과자류 | 피자",""
"kfind-d202-120000000-1946","피자_허니비프 피자","피자스쿨","피자","피자","외식(프랜차이즈 등 업체 제공 영양정보) | 빵 및 과자류 | 피자",""
"kfind-d202-120000000-3920","피자_허니멜로 스윗포테이토 피자","굽네치킨","치킨","피자","외식(프랜차이즈 등 업체 제공 영양정보) | 빵 및 과자류 | 피자",""
"kfind-d202-120000000-1941","피자_허니 고르곤졸라 스퀘어 피자","이디야","카페","피자","외식(프랜차이즈 등 업체 제공 영양정보) | 빵 및 과자류 | 피자",""
"kfind-d202-120000000-1939","피자_햄벅한새우 피자 크림치즈 (R)","미스터피자","피자","피자","외식(프랜차이즈 등 업체 제공 영양정보) | 빵 및 과자류 | 피자",""
"kfind-d202-120000000-3916","피자_햄벅한새우 피자 크림치즈 (M)","미스터피자","피자","피자","외식(프랜차이즈 등 업체 제공 영양정보) | 빵 및 과자류 | 피자",""
"kfind-d202-120000000-1938","피자_햄벅한새우 피자 크림치즈 (L)","미스터피자","피자","피자","외식(프랜차이즈 등 업체 제공 영양정보) | 빵 및 과자류 | 피자",""
"kfind-d202-120000000-1937","피자_햄벅한새우 피자 치즈캡 (R)","미스터피자","피자","피자","외식(프랜차이즈 등 업체 제공 영양정보) | 빵 및 과자류 | 피자",""
"kfind-d202-120000000-3914","피자_햄벅한새우 피자 치즈캡 (M)","미스터피자","피자","피자","외식(프랜차이즈 등 업체 제공 영양정보) | 빵 및 과자류 | 피자",""
"kfind-d202-120000000-1936","피자_햄벅한새우 피자 치즈캡 (L)","미스터피자","피자","피자","외식(프랜차이즈 등 업체 제공 영양정보) | 빵 및 과자류 | 피자",""
"kfind-d202-120000000-1935","피자_햄벅한새우 피자 에그타르트 (R)","미스터피자","피자","피자","외식(프랜차이즈 등 업체 제공 영양정보) | 빵 및 과자류 | 피자",""
"kfind-d202-120000000-3912","피자_햄벅한새우 피자 에그타르트 (M)","미스터피자","피자","피자","외식(프랜차이즈 등 업체 제공 영양정보) | 빵 및 과자류 | 피자",""
"kfind-d202-120000000-1934","피자_햄벅한새우 피자 에그타르트 (L)","미스터피자","피자","피자","외식(프랜차이즈 등 업체 제공 영양정보) | 빵 및 과자류 | 피자",""
"kfind-d202-120000000-1933","피자_햄벅한새우 피자 노엣지 (R)","미스터피자","피자","피자","외식(프랜차이즈 등 업체 제공 영양정보) | 빵 및 과자류 | 피자",""
"kfind-d202-120000000-3910","피자_햄벅한새우 피자 노엣지 (M)","미스터피자","피자","피자","외식(프랜차이즈 등 업체 제공 영양정보) | 빵 및 과자류 | 피자",""
"kfind-d202-120000000-1932","피자_햄벅한새우 피자 노엣지 (L)","미스터피자","피자","피자","외식(프랜차이즈 등 업체 제공 영양정보) | 빵 및 과자류 | 피자",""
"kfind-d202-120000000-1931","피자_햄벅한새우 피자 골드 (R)","미스터피자","피자","피자","외식(프랜차이즈 등 업체 제공 영양정보) | 빵 및 과자류 | 피자",""
"kfind-d202-120000000-3908","피자_햄벅한새우 피자 골드 (M)","미스터피자","피자","피자","외식(프랜차이즈 등 업체 제공 영양정보) | 빵 및 과자류 | 피자",""
"kfind-d202-120000000-1930","피자_햄벅한새우 피자 골드 (L)","미스터피자","피자","피자","외식(프랜차이즈 등 업체 제공 영양정보) | 빵 및 과자류 | 피자",""
"kfind-d202-120000000-4915","피자_햄 머쉬룸 식스치즈 크루아상","파파존스","피자","피자","외식(프랜차이즈 등 업체 제공 영양정보) | 빵 및 과자류 | 피자",""
"kfind-d202-120000000-4914","피자_햄 머쉬룸 식스치즈 치즈롤 (P)","파파존스","피자","피자","외식(프랜차이즈 등 업체 제공 영양정보) | 빵 및 과자류 | 피자",""
"kfind-d202-120000000-4913","피자_햄 머쉬룸 식스치즈 치즈롤 (L)","파파존스","피자","피자","외식(프랜차이즈 등 업체 제공 영양정보) | 빵 및 과자류 | 피자",""
"kfind-d202-120000000-4912","피자_햄 머쉬룸 식스치즈 치즈롤 (F)","파파존스","피자","피자","외식(프랜차이즈 등 업체 제공 영양정보) | 빵 및 과자류 | 피자",""
"kfind-d202-120000000-4911","피자_햄 머쉬룸 식스치즈 씬","파파존스","피자","피자","외식(프랜차이즈 등 업체 제공 영양정보) | 빵 및 과자류 | 피자",""
"kfind-d202-120000000-4910","피자_햄 머쉬룸 식스치즈 스파이시 갈릭 치즈롤 (P)","파파존스","피자","피자","외식(프랜차이즈 등 업체 제공 영양정보) | 빵 및 과자류 | 피자",""
"kfind-d202-120000000-4909","피자_햄 머쉬룸 식스치즈 스파이시 갈릭 치즈롤 (L)","파파존스","피자","피자","외식(프랜차이즈 등 업체 제공 영양정보) | 빵 및 과자류 | 피자",""
"kfind-d202-120000000-4908","피자_햄 머쉬룸 식스치즈 스파이시 갈릭 치즈롤 (F)","파파존스","피자","피자","외식(프랜차이즈 등 업체 제공 영양정보) | 빵 및 과자류 | 피자",""
"kfind-d202-120000000-4907","피자_햄 머쉬룸 식스치즈 골드링 씬","파파존스","피자","피자","외식(프랜차이즈 등 업체 제공 영양정보) | 빵 및 과자류 | 피자",""
"kfind-d202-120000000-4906","피자_햄 머쉬룸 식스치즈 골드링 (P)","파파존스","피자","피자","외식(프랜차이즈 등 업체 제공 영양정보) | 빵 및 과자류 | 피자",""
"kfind-d202-120000000-4905","피자_햄 머쉬룸 식스치즈 골드링 (L)","파파존스","피자","피자","외식(프랜차이즈 등 업체 제공 영양정보) | 빵 및 과자류 | 피자",""
"kfind-d202-120000000-4904","피자_햄 머쉬룸 식스치즈 골드링 (F)","파파존스","피자","피자","외식(프랜차이즈 등 업체 제공 영양정보) | 빵 및 과자류 | 피자",""
"kfind-d202-120000000-4903","피자_햄 머쉬룸 식스치즈 (P)","파파존스","피자","피자","외식(프랜차이즈 등 업체 제공 영양정보) | 빵 및 과자류 | 피자",""
"kfind-d202-120000000-4902","피자_햄 머쉬룸 식스치즈 (L)","파파존스","피자","피자","외식(프랜차이즈 등 업체 제공 영양정보) | 빵 및 과자류 | 피자",""
"kfind-d202-120000000-4901","피자_햄 머쉬룸 식스치즈 (F)","파파존스","피자","피자","외식(프랜차이즈 등 업체 제공 영양정보) | 빵 및 과자류 | 피자",""
"kfind-d202-120000000-1929","피자_해쉬베이컨 피자 치즈링 (R)","7번가피자","피자","피자","외식(프랜차이즈 등 업체 제공 영양정보) | 빵 및 과자류 | 피자",""
"kfind-d202-120000000-1928","피자_해쉬베이컨 피자 치즈링 (L)","7번가피자","피자","피자","외식(프랜차이즈 등 업체 제공 영양정보) | 빵 및 과자류 | 피자",""
"kfind-d202-120000000-1927","피자_해쉬베이컨 피자 씬도우 (R)","7번가피자","피자","피자","외식(프랜차이즈 등 업체 제공 영양정보) | 빵 및 과자류 | 피자",""
"kfind-d202-120000000-1926","피자_해쉬베이컨 피자 씬도우 (L)","7번가피자","피자","피자","외식(프랜차이즈 등 업체 제공 영양정보) | 빵 및 과자류 | 피자",""
"kfind-d202-120000000-1925","피자_해쉬베이컨 피자 석쇠 (R)","7번가피자","피자","피자","외식(프랜차이즈 등 업체 제공 영양정보) | 빵 및 과자류 | 피자",""
"kfind-d202-120000000-1924","피자_해쉬베이컨 피자 석쇠 (L)","7번가피자","피자","피자","외식(프랜차이즈 등 업체 제공 영양정보) | 빵 및 과자류 | 피자",""
"kfind-d202-120000000-1923","피자_해쉬베이컨 피자 리코타링 (R)","7번가피자","피자","피자","외식(프랜차이즈 등 업체 제공 영양정보) | 빵 및 과자류 | 피자",""
"kfind-d202-120000000-1922","피자_해쉬베이컨 피자 리코타링 (L)","7번가피자","피자","피자","외식(프랜차이즈 등 업체 제공 영양정보) | 빵 및 과자류 | 피자",""
"kfind-d202-120000000-1921","피자_해쉬베이컨 피자 골드스윗 (R)","7번가피자","피자","피자","외식(프랜차이즈 등 업체 제공 영양정보) | 빵 및 과자류 | 피자",""
"kfind-d202-120000000-1920","피자_해쉬베이컨 피자 골드스윗 (L)","7번가피자","피자","피자","외식(프랜차이즈 등 업체 제공 영양정보) | 빵 및 과자류 | 피자",""
"kfind-d202-120000000-4894","피자_핫치킨피자","피자스쿨","피자","피자","외식(프랜차이즈 등 업체 제공 영양정보) | 빵 및 과자류 | 피자",""
"kfind-d202-120000000-1903","피자_핫치킨쉬림프 피자 (L)","반올림피자","피자","피자","외식(프랜차이즈 등 업체 제공 영양정보) | 빵 및 과자류 | 피자",""
"kfind-d202-120000000-3894","피자_핫치킨 피자 (L)","반올림피자","피자","피자","외식(프랜차이즈 등 업체 제공 영양정보) | 빵 및 과자류 | 피자",""
"kfind-d202-120000000-1913","피자_핫치킨 피자","피자스쿨","피자","피자","외식(프랜차이즈 등 업체 제공 영양정보) | 빵 및 과자류 | 피자",""
"kfind-d202-120000000-1897","피자_핫앤스파이시멕시칸 피자 (R)","파파존스","피자","피자","외식(프랜차이즈 등 업체 제공 영양정보) | 빵 및 과자류 | 피자",""
"kfind-d202-120000000-1896","피자_핫앤스파이시멕시칸 피자 (P)","파파존스","피자","피자","외식(프랜차이즈 등 업체 제공 영양정보) | 빵 및 과자류 | 피자",""
"kfind-d202-120000000-1895","피자_핫앤스파이시멕시칸 피자 (L)","파파존스","피자","피자","외식(프랜차이즈 등 업체 제공 영양정보) | 빵 및 과자류 | 피자",""
"kfind-d202-120000000-1894","피자_핫앤스파이시멕시칸 피자 (F)","파파존스","피자","피자","외식(프랜차이즈 등 업체 제공 영양정보) | 빵 및 과자류 | 피자",""
"kfind-d202-120000000-4864","피자_함박스테이크피자 (1인)","피자마루","피자","피자","외식(프랜차이즈 등 업체 제공 영양정보) | 빵 및 과자류 | 피자",""
"kfind-d202-120000000-1827","피자_할라불고기 피자 (L)","청년피자","피자","피자","외식(프랜차이즈 등 업체 제공 영양정보) | 빵 및 과자류 | 피자",""
"kfind-d202-120000000-3854","피자_할라 페페로니 러버 피자 팬 (L)","피자헛","피자","피자","외식(프랜차이즈 등 업체 제공 영양정보) | 빵 및 과자류 | 피자",""
"kfind-d202-120000000-3853","피자_할라 페페로니 러버 피자 오리지널 파마산 치즈 (M)","피자헛","피자","피자","외식(프랜차이즈 등 업체 제공 영양정보) | 빵 및 과자류 | 피자",""
"kfind-d202-120000000-3852","피자_할라 페페로니 러버 피자 오리지널 파마산 치즈 (L)","피자헛","피자","피자","외식(프랜차이즈 등 업체 제공 영양정보) | 빵 및 과자류 | 피자",""
"kfind-d202-120000000-3851","피자_할라 페페로니 러버 피자 오리지널 (M)","피자헛","피자","피자","외식(프랜차이즈 등 업체 제공 영양정보) | 빵 및 과자류 | 피자",""
"kfind-d202-120000000-3850","피자_할라 페페로니 러버 피자 오리지널 (L)","피자헛","피자","피자","외식(프랜차이즈 등 업체 제공 영양정보) | 빵 및 과자류 | 피자",""
"kfind-d202-120000000-3849","피자_할라 페페로니 러버 피자 씬 (L)","피자헛","피자","피자","외식(프랜차이즈 등 업체 제공 영양정보) | 빵 및 과자류 | 피자",""
"kfind-d202-120000000-1799","피자_하프앤하프 피자 크림치즈 (R)","미스터피자","피자","피자","외식(프랜차이즈 등 업체 제공 영양정보) | 빵 및 과자류 | 피자",""
"kfind-d202-120000000-3821","피자_하프앤하프 피자 크림치즈 (M)","미스터피자","피자","피자","외식(프랜차이즈 등 업체 제공 영양정보) | 빵 및 과자류 | 피자",""
"kfind-d202-120000000-1798","피자_하프앤하프 피자 크림치즈 (L)","미스터피자","피자","피자","외식(프랜차이즈 등 업체 제공 영양정보) | 빵 및 과자류 | 피자",""
"kfind-d202-120000000-1797","피자_하프앤하프 피자 에그타르트 (R)","미스터피자","피자","피자","외식(프랜차이즈 등 업체 제공 영양정보) | 빵 및 과자류 | 피자",""
"kfind-d202-120000000-3819","피자_하프앤하프 피자 에그타르트 (M)","미스터피자","피자","피자","외식(프랜차이즈 등 업체 제공 영양정보) | 빵 및 과자류 | 피자",""
"kfind-d202-120000000-1796","피자_하프앤하프 피자 에그타르트 (L)","미스터피자","피자","피자","외식(프랜차이즈 등 업체 제공 영양정보) | 빵 및 과자류 | 피자",""
"kfind-d202-120000000-1795","피자_하프앤하프 피자 골드 (R)","미스터피자","피자","피자","외식(프랜차이즈 등 업체 제공 영양정보) | 빵 및 과자류 | 피자",""
"kfind-d202-120000000-3817","피자_하프앤하프 피자 골드 (M)","미스터피자","피자","피자","외식(프랜차이즈 등 업체 제공 영양정보) | 빵 및 과자류 | 피자",""
"kfind-d202-120000000-1794","피자_하프앤하프 피자 골드 (L)","미스터피자","피자","피자","외식(프랜차이즈 등 업체 제공 영양정보) | 빵 및 과자류 | 피자",""
"kfind-d202-120000000-1734","피자_하와이안스페셜 피자 치즈캡 (R)","미스터피자","피자","피자","외식(프랜차이즈 등 업체 제공 영양정보) | 빵 및 과자류 | 피자",""
"kfind-d202-120000000-3771","피자_하와이안스페셜 피자 치즈캡 (M)","미스터피자","피자","피자","외식(프랜차이즈 등 업체 제공 영양정보) | 빵 및 과자류 | 피자",""
"kfind-d202-120000000-1733","피자_하와이안스페셜 피자 치즈캡 (L)","미스터피자","피자","피자","외식(프랜차이즈 등 업체 제공 영양정보) | 빵 및 과자류 | 피자",""
"kfind-d202-120000000-1732","피자_하와이안스페셜 피자 오리진 (R)","미스터피자","피자","피자","외식(프랜차이즈 등 업체 제공 영양정보) | 빵 및 과자류 | 피자",""
"kfind-d202-120000000-3769","피자_하와이안스페셜 피자 오리진 (M)","미스터피자","피자","피자","외식(프랜차이즈 등 업체 제공 영양정보) | 빵 및 과자류 | 피자",""
"kfind-d202-120000000-1731","피자_하와이안스페셜 피자 오리진 (L)","미스터피자","피자","피자","외식(프랜차이즈 등 업체 제공 영양정보) | 빵 및 과자류 | 피자",""
"kfind-d202-120000000-3767","피자_하와이안스페셜 1인피자","미스터피자","피자","피자","외식(프랜차이즈 등 업체 제공 영양정보) | 빵 및 과자류 | 피자",""
"kfind-d202-120000000-1730","피자_하와이안슈림프 피자 오리지널 (L)","도미노피자","피자","피자","외식(프랜차이즈 등 업체 제공 영양정보) | 빵 및 과자류 | 피자",""
"kfind-d202-120000000-4806","피자_하와이안쉬림프피자바이트","피자마루","피자","피자","외식(프랜차이즈 등 업체 제공 영양정보) | 빵 및 과자류 | 피자",""
"kfind-d202-120000000-4805","피자_하와이안쉬림프피자","피자마루","피자","피자","외식(프랜차이즈 등 업체 제공 영양정보) | 빵 및 과자류 | 피자",""
"kfind-d202-120000000-1729","피자_하와이안쉬림프 피자바이트 (L)","피자마루","피자","피자","외식(프랜차이즈 등 업체 제공 영양정보) | 빵 및 과자류 | 피자",""
"kfind-d202-120000000-1738","피자_하와이안 피자(L)","청년피자","피자","피자","외식(프랜차이즈 등 업체 제공 영양정보) | 빵 및 과자류 | 피자",""
"kfind-d202-120000000-3764","피자_하와이안 피자 치즈롤 (P)","파파존스","피자","피자","외식(프랜차이즈 등 업체 제공 영양정보) | 빵 및 과자류 | 피자",""
"kfind-d202-120000000-3763","피자_하와이안 피자 치즈롤 (L)","파파존스","피자","피자","외식(프랜차이즈 등 업체 제공 영양정보) | 빵 및 과자류 | 피자",""
"kfind-d202-120000000-3762","피자_하와이안 피자 치즈롤 (F)","파파존스","피자","피자","외식(프랜차이즈 등 업체 제공 영양정보) | 빵 및 과자류 | 피자",""
"kfind-d202-120000000-3761","피자_하와이안 피자 오리지널 (R)","파파존스","피자","피자","외식(프랜차이즈 등 업체 제공 영양정보) | 빵 및 과자류 | 피자",""
"kfind-d202-120000000-3760","피자_하와이안 피자 오리지널 (P)","파파존스","피자","피자","외식(프랜차이즈 등 업체 제공 영양정보) | 빵 및 과자류 | 피자",""
"kfind-d202-120000000-3759","피자_하와이안 피자 오리지널 (L)","파파존스","피자","피자","외식(프랜차이즈 등 업체 제공 영양정보) | 빵 및 과자류 | 피자",""
"kfind-d202-120000000-3758","피자_하와이안 피자 오리지널 (F)","파파존스","피자","피자","외식(프랜차이즈 등 업체 제공 영양정보) | 빵 및 과자류 | 피자",""
"kfind-d202-120000000-3757","피자_하와이안 피자 씬 (F)","파파존스","피자","피자","외식(프랜차이즈 등 업체 제공 영양정보) | 빵 및 과자류 | 피자",""
"kfind-d202-120000000-3756","피자_하와이안 피자 골드링씬 (F)","파파존스","피자","피자","외식(프랜차이즈 등 업체 제공 영양정보) | 빵 및 과자류 | 피자",""
"kfind-d202-120000000-3755","피자_하와이안 피자 골드링 (P)","파파존스","피자","피자","외식(프랜차이즈 등 업체 제공 영양정보) | 빵 및 과자류 | 피자",""
"kfind-d202-120000000-3754","피자_하와이안 피자 골드링 (L)","파파존스","피자","피자","외식(프랜차이즈 등 업체 제공 영양정보) | 빵 및 과자류 | 피자",""
"kfind-d202-120000000-3753","피자_하와이안 피자 골드링 (F)","파파존스","피자","피자","외식(프랜차이즈 등 업체 제공 영양정보) | 빵 및 과자류 | 피자",""
"kfind-d202-120000000-1744","피자_하와이안 피자 (R)","파파존스","피자","피자","외식(프랜차이즈 등 업체 제공 영양정보) | 빵 및 과자류 | 피자",""
"kfind-d202-120000000-1743","피자_하와이안 피자 (P)","파파존스","피자","피자","외식(프랜차이즈 등 업체 제공 영양정보) | 빵 및 과자류 | 피자",""
"kfind-d202-120000000-1739","피자_하와이안 피자 (L)","파파존스","피자","피자","외식(프랜차이즈 등 업체 제공 영양정보) | 빵 및 과자류 | 피자",""
"kfind-d202-120000000-1735","피자_하와이안 피자 (F)","파파존스","피자","피자","외식(프랜차이즈 등 업체 제공 영양정보) | 빵 및 과자류 | 피자",""
"kfind-d202-120000000-4802","피자_하와이안 크루아상","파파존스","피자","피자","외식(프랜차이즈 등 업체 제공 영양정보) | 빵 및 과자류 | 피자",""
"kfind-d202-120000000-4801","피자_하와이안 치즈롤 (P)","파파존스","피자","피자","외식(프랜차이즈 등 업체 제공 영양정보) | 빵 및 과자류 | 피자",""
"kfind-d202-120000000-4800","피자_하와이안 치즈롤 (L)","파파존스","피자","피자","외식(프랜차이즈 등 업체 제공 영양정보) | 빵 및 과자류 | 피자",""
"kfind-d202-120000000-4799","피자_하와이안 치즈롤 (F)","파파존스","피자","피자","외식(프랜차이즈 등 업체 제공 영양정보) | 빵 및 과자류 | 피자",""
"kfind-d202-120000000-4798","피자_하와이안 씬","파파존스","피자","피자","외식(프랜차이즈 등 업체 제공 영양정보) | 빵 및 과자류 | 피자",""
"kfind-d202-120000000-4797","피자_하와이안 스파이시 갈릭 치즈롤 (P)","파파존스","피자","피자","외식(프랜차이즈 등 업체 제공 영양정보) | 빵 및 과자류 | 피자",""
"kfind-d202-120000000-4796","피자_하와이안 스파이시 갈릭 치즈롤 (L)","파파존스","피자","피자","외식(프랜차이즈 등 업체 제공 영양정보) | 빵 및 과자류 | 피자",""
"kfind-d202-120000000-4795","피자_하와이안 스파이시 갈릭 치즈롤 (F)","파파존스","피자","피자","외식(프랜차이즈 등 업체 제공 영양정보) | 빵 및 과자류 | 피자",""
"kfind-d202-120000000-4794","피자_하와이안 골드링 씬","파파존스","피자","피자","외식(프랜차이즈 등 업체 제공 영양정보) | 빵 및 과자류 | 피자",""
"kfind-d202-120000000-4793","피자_하와이안 골드링 (P)","파파존스","피자","피자","외식(프랜차이즈 등 업체 제공 영양정보) | 빵 및 과자류 | 피자",""
"kfind-d202-120000000-4792","피자_하와이안 골드링 (L)","파파존스","피자","피자","외식(프랜차이즈 등 업체 제공 영양정보) | 빵 및 과자류 | 피자",""
"kfind-d202-120000000-4791","피자_하와이안 골드링 (F)","파파존스","피자","피자","외식(프랜차이즈 등 업체 제공 영양정보) | 빵 및 과자류 | 피자",""
"kfind-d202-120000000-4790","피자_하와이안 (R)","파파존스","피자","피자","외식(프랜차이즈 등 업체 제공 영양정보) | 빵 및 과자류 | 피자",""
"kfind-d202-120000000-4789","피자_하와이안 (P)","파파존스","피자","피자","외식(프랜차이즈 등 업체 제공 영양정보) | 빵 및 과자류 | 피자",""
"kfind-d202-120000000-4788","피자_하와이안 (L)","파파존스","피자","피자","외식(프랜차이즈 등 업체 제공 영양정보) | 빵 및 과자류 | 피자",""
"kfind-d202-120000000-4787","피자_하와이안 (F)","파파존스","피자","피자","외식(프랜차이즈 등 업체 제공 영양정보) | 빵 및 과자류 | 피자",""
"kfind-d202-120000000-4785","피자_필라델피아 치즈스테이크 오리지널(L)","도미노피자","피자","피자","외식(프랜차이즈 등 업체 제공 영양정보) | 빵 및 과자류 | 피자",""
"kfind-d202-120000000-1724","피자_프리미엄직화불고기 피자 (P)","파파존스","피자","피자","외식(프랜차이즈 등 업체 제공 영양정보) | 빵 및 과자류 | 피자",""
"kfind-d202-120000000-1723","피자_프리미엄직화불고기 피자 (L)","파파존스","피자","피자","외식(프랜차이즈 등 업체 제공 영양정보) | 빵 및 과자류 | 피자",""
"kfind-d202-120000000-1722","피자_프리미엄직화불고기 피자 (F)","파파존스","피자","피자","외식(프랜차이즈 등 업체 제공 영양정보) | 빵 및 과자류 | 피자",""
"kfind-d202-120180000-0130","피자_프리미엄직화불고기 (F)","파파존스","피자","피자","외식(프랜차이즈 등 업체 제공 영양정보) | 빵 및 과자류 | 피자 | 불고기피자",""
"kfind-d202-120000000-4784","피자_프리미엄스테이크피자","피자스쿨","피자","피자","외식(프랜차이즈 등 업체 제공 영양정보) | 빵 및 과자류 | 피자",""
"kfind-d202-120000000-3747","피자_프리미엄 직화불고기 피자 치즈롤 (P)","파파존스","피자","피자","외식(프랜차이즈 등 업체 제공 영양정보) | 빵 및 과자류 | 피자",""
"kfind-d202-120000000-3746","피자_프리미엄 직화불고기 피자 치즈롤 (L)","파파존스","피자","피자","외식(프랜차이즈 등 업체 제공 영양정보) | 빵 및 과자류 | 피자",""
"kfind-d202-120000000-3745","피자_프리미엄 직화불고기 피자 치즈롤 (F)","파파존스","피자","피자","외식(프랜차이즈 등 업체 제공 영양정보) | 빵 및 과자류 | 피자",""
"kfind-d202-120000000-3744","피자_프리미엄 직화불고기 피자 오리지널 (P)","파파존스","피자","피자","외식(프랜차이즈 등 업체 제공 영양정보) | 빵 및 과자류 | 피자",""
"kfind-d202-120000000-3743","피자_프리미엄 직화불고기 피자 오리지널 (L)","파파존스","피자","피자","외식(프랜차이즈 등 업체 제공 영양정보) | 빵 및 과자류 | 피자",""
"kfind-d202-120000000-3742","피자_프리미엄 직화불고기 피자 오리지널 (F)","파파존스","피자","피자","외식(프랜차이즈 등 업체 제공 영양정보) | 빵 및 과자류 | 피자",""
"kfind-d202-120000000-3741","피자_프리미엄 직화불고기 피자 씬 (F)","파파존스","피자","피자","외식(프랜차이즈 등 업체 제공 영양정보) | 빵 및 과자류 | 피자",""
"kfind-d202-120000000-3740","피자_프리미엄 직화불고기 피자 골드링씬 (F)","파파존스","피자","피자","외식(프랜차이즈 등 업체 제공 영양정보) | 빵 및 과자류 | 피자",""
"kfind-d202-120000000-3739","피자_프리미엄 직화불고기 피자 골드링 (P)","파파존스","피자","피자","외식(프랜차이즈 등 업체 제공 영양정보) | 빵 및 과자류 | 피자",""
"kfind-d202-120000000-3738","피자_프리미엄 직화불고기 피자 골드링 (L)","파파존스","피자","피자","외식(프랜차이즈 등 업체 제공 영양정보) | 빵 및 과자류 | 피자",""
"kfind-d202-120000000-3737","피자_프리미엄 직화불고기 피자 골드링 (F)","파파존스","피자","피자","외식(프랜차이즈 등 업체 제공 영양정보) | 빵 및 과자류 | 피자",""
"kfind-d202-120180000-0129","피자_프리미엄 직화불고기 크루아상","파파존스","피자","피자","외식(프랜차이즈 등 업체 제공 영양정보) | 빵 및 과자류 | 피자 | 불고기피자",""
"kfind-d202-120180000-0128","피자_프리미엄 직화불고기 치즈롤 (P)","파파존스","피자","피자","외식(프랜차이즈 등 업체 제공 영양정보) | 빵 및 과자류 | 피자 | 불고기피자",""
"kfind-d202-120180000-0127","피자_프리미엄 직화불고기 치즈롤 (L)","파파존스","피자","피자","외식(프랜차이즈 등 업체 제공 영양정보) | 빵 및 과자류 | 피자 | 불고기피자",""
"kfind-d202-120180000-0126","피자_프리미엄 직화불고기 치즈롤 (F)","파파존스","피자","피자","외식(프랜차이즈 등 업체 제공 영양정보) | 빵 및 과자류 | 피자 | 불고기피자",""
"kfind-d202-120180000-0125","피자_프리미엄 직화불고기 씬","파파존스","피자","피자","외식(프랜차이즈 등 업체 제공 영양정보) | 빵 및 과자류 | 피자 | 불고기피자",""
"kfind-d202-120180000-0124","피자_프리미엄 직화불고기 스파이시 갈릭 치즈롤 (P)","파파존스","피자","피자","외식(프랜차이즈 등 업체 제공 영양정보) | 빵 및 과자류 | 피자 | 불고기피자",""
"kfind-d202-120180000-0123","피자_프리미엄 직화불고기 스파이시 갈릭 치즈롤 (L)","파파존스","피자","피자","외식(프랜차이즈 등 업체 제공 영양정보) | 빵 및 과자류 | 피자 | 불고기피자",""
"kfind-d202-120180000-0122","피자_프리미엄 직화불고기 스파이시 갈릭 치즈롤 (F)","파파존스","피자","피자","외식(프랜차이즈 등 업체 제공 영양정보) | 빵 및 과자류 | 피자 | 불고기피자",""
"kfind-d202-120180000-0121","피자_프리미엄 직화불고기 골드링 씬","파파존스","피자","피자","외식(프랜차이즈 등 업체 제공 영양정보) | 빵 및 과자류 | 피자 | 불고기피자",""
"kfind-d202-120180000-0120","피자_프리미엄 직화불고기 골드링 (P)","파파존스","피자","피자","외식(프랜차이즈 등 업체 제공 영양정보) | 빵 및 과자류 | 피자 | 불고기피자",""
"kfind-d202-120180000-0119","피자_프리미엄 직화불고기 골드링 (L)","파파존스","피자","피자","외식(프랜차이즈 등 업체 제공 영양정보) | 빵 및 과자류 | 피자 | 불고기피자",""
"kfind-d202-120180000-0118","피자_프리미엄 직화불고기 골드링 (F)","파파존스","피자","피자","외식(프랜차이즈 등 업체 제공 영양정보) | 빵 및 과자류 | 피자 | 불고기피자",""
"kfind-d202-120180000-0117","피자_프리미엄 직화불고기 (P)","파파존스","피자","피자","외식(프랜차이즈 등 업체 제공 영양정보) | 빵 및 과자류 | 피자 | 불고기피자",""
"kfind-d202-120180000-0116","피자_프리미엄 직화불고기 (L)","파파존스","피자","피자","외식(프랜차이즈 등 업체 제공 영양정보) | 빵 및 과자류 | 피자 | 불고기피자",""
"kfind-d202-120000000-1717","피자_풀드포크바베큐 피자 (P)","파파존스","피자","피자","외식(프랜차이즈 등 업체 제공 영양정보) | 빵 및 과자류 | 피자",""
"kfind-d202-120000000-1716","피자_풀드포크바베큐 피자 (L)","파파존스","피자","피자","외식(프랜차이즈 등 업체 제공 영양정보) | 빵 및 과자류 | 피자",""
"kfind-d202-120000000-1715","피자_풀드포크바베큐 피자 (F)","파파존스","피자","피자","외식(프랜차이즈 등 업체 제공 영양정보) | 빵 및 과자류 | 피자",""
"kfind-d202-120000000-1713","피자_푸팟퐁커리 피자 마니아 파마산엣지 (L)","피자헛","피자","피자","외식(프랜차이즈 등 업체 제공 영양정보) | 빵 및 과자류 | 피자",""
"kfind-d202-120000000-1712","피자_푸팟퐁커리 피자 마니아 에어도우 (L)","피자헛","피자","피자","외식(프랜차이즈 등 업체 제공 영양정보) | 빵 및 과자류 | 피자",""
"kfind-d202-120000000-1711","피자_푸팟퐁커리 피자 (L)","피자헛","피자","피자","외식(프랜차이즈 등 업체 제공 영양정보) | 빵 및 과자류 | 피자",""
"kfind-d202-120000000-1714","피자_푸팟퐁커리 피자","피자헛","피자","피자","외식(프랜차이즈 등 업체 제공 영양정보) | 빵 및 과자류 | 피자",""
"kfind-d202-120000000-3731","피자_폴드포크 피자 (L)","반올림피자","피자","피자","외식(프랜차이즈 등 업체 제공 영양정보) | 빵 및 과자류 | 피자",""
"kfind-d202-120000000-3726","피자_포텐 피자 (L)","반올림피자","피자","피자","외식(프랜차이즈 등 업체 제공 영양정보) | 빵 및 과자류 | 피자",""
"kfind-d202-120420000-0134","피자_포테이토피자오리지널(M)","도미노피자","피자","피자","외식(프랜차이즈 등 업체 제공 영양정보) | 빵 및 과자류 | 피자 | 포테이토피자",""
"kfind-d202-120420000-0133","피자_포테이토피자씬(M)","도미노피자","피자","피자","외식(프랜차이즈 등 업체 제공 영양정보) | 빵 및 과자류 | 피자 | 포테이토피자",""
"kfind-d202-120420000-0132","피자_포테이토피자씬(L)","도미노피자","피자","피자","외식(프랜차이즈 등 업체 제공 영양정보) | 빵 및 과자류 | 피자 | 포테이토피자",""
"kfind-d202-120420000-0131","피자_포테이토피자바이트","피자마루","피자","피자","외식(프랜차이즈 등 업체 제공 영양정보) | 빵 및 과자류 | 피자 | 포테이토피자",""
"kfind-d202-120420000-0119","피자_포테이토피자","피자스쿨","피자","피자","외식(프랜차이즈 등 업체 제공 영양정보) | 빵 및 과자류 | 피자 | 포테이토피자",""
"kfind-d202-120420000-0118","피자_포테이토피자","피자마루","피자","피자","외식(프랜차이즈 등 업체 제공 영양정보) | 빵 및 과자류 | 피자 | 포테이토피자",""
"kfind-d202-120420000-0111","피자_포테이토오리지널(L)","도미노피자","피자","피자","외식(프랜차이즈 등 업체 제공 영양정보) | 빵 및 과자류 | 피자 | 포테이토피자",""
"kfind-d202-120420000-0100","피자_포테이토나폴리(L)","도미노피자","피자","피자","외식(프랜차이즈 등 업체 제공 영양정보) | 빵 및 과자류 | 피자 | 포테이토피자",""
"kfind-d202-120000000-1680","피자_포테이토 피자바이트 (L)","피자마루","피자","피자","외식(프랜차이즈 등 업체 제공 영양정보) | 빵 및 과자류 | 피자",""
"kfind-d202-120000000-1652","피자_포테이토 피자 트리플치즈버스트 엣지 (L)","도미노피자","피자","피자","외식(프랜차이즈 등 업체 제공 영양정보) | 빵 및 과자류 | 피자",""
"kfind-d202-120000000-1698","피자_포테이토 피자 크림치즈 (R)","미스터피자","피자","피자","외식(프랜차이즈 등 업체 제공 영양정보) | 빵 및 과자류 | 피자",""
"kfind-d202-120000000-3671","피자_포테이토 피자 크림치즈 (M)","미스터피자","피자","피자","외식(프랜차이즈 등 업체 제공 영양정보) | 빵 및 과자류 | 피자",""
"kfind-d202-120000000-1697","피자_포테이토 피자 크림치즈 (L)","미스터피자","피자","피자","외식(프랜차이즈 등 업체 제공 영양정보) | 빵 및 과자류 | 피자",""
"kfind-d202-120000000-1694","피자_포테이토 피자 치즈캡 (R)","미스터피자","피자","피자","외식(프랜차이즈 등 업체 제공 영양정보) | 빵 및 과자류 | 피자",""
"kfind-d202-120000000-3720","피자_포테이토 피자 치즈캡 (M)","미스터피자","피자","피자","외식(프랜차이즈 등 업체 제공 영양정보) | 빵 및 과자류 | 피자",""
"kfind-d202-120000000-1693","피자_포테이토 피자 치즈캡 (L)","미스터피자","피자","피자","외식(프랜차이즈 등 업체 제공 영양정보) | 빵 및 과자류 | 피자",""
"kfind-d202-120000000-3669","피자_포테이토 피자 치즈버스트 오리지널 (L)","도미노피자","피자","피자","외식(프랜차이즈 등 업체 제공 영양정보) | 빵 및 과자류 | 피자",""
"kfind-d202-120000000-3668","피자_포테이토 피자 치즈버스트 나폴리 (L)","도미노피자","피자","피자","외식(프랜차이즈 등 업체 제공 영양정보) | 빵 및 과자류 | 피자",""
"kfind-d202-120000000-3719","피자_포테이토 피자 치즈링 (R)","7번가피자","피자","피자","외식(프랜차이즈 등 업체 제공 영양정보) | 빵 및 과자류 | 피자",""
"kfind-d202-120000000-3718","피자_포테이토 피자 치즈링 (L)","7번가피자","피자","피자","외식(프랜차이즈 등 업체 제공 영양정보) | 빵 및 과자류 | 피자",""
"kfind-d202-120000000-1690","피자_포테이토 피자 오리진 (R)","미스터피자","피자","피자","외식(프랜차이즈 등 업체 제공 영양정보) | 빵 및 과자류 | 피자",""
"kfind-d202-120000000-3717","피자_포테이토 피자 오리진 (M)","미스터피자","피자","피자","외식(프랜차이즈 등 업체 제공 영양정보) | 빵 및 과자류 | 피자",""
"kfind-d202-120000000-1689","피자_포테이토 피자 오리진 (L)","미스터피자","피자","피자","외식(프랜차이즈 등 업체 제공 영양정보) | 빵 및 과자류 | 피자",""
"kfind-d202-120000000-1651","피자_포테이토 피자 오리지널 (M)","도미노피자","피자","피자","외식(프랜차이즈 등 업체 제공 영양정보) | 빵 및 과자류 | 피자",""
"kfind-d202-120000000-1650","피자_포테이토 피자 오리지널 (L)","도미노피자","피자","피자","외식(프랜차이즈 등 업체 제공 영양정보) | 빵 및 과자류 | 피자",""
"kfind-d202-120000000-1688","피자_포테이토 피자 에그타르트 (R)","미스터피자","피자","피자","외식(프랜차이즈 등 업체 제공 영양정보) | 빵 및 과자류 | 피자",""
"kfind-d202-120000000-1687","피자_포테이토 피자 에그타르트 (L)","미스터피자","피자","피자","외식(프랜차이즈 등 업체 제공 영양정보) | 빵 및 과자류 | 피자",""
"kfind-d202-120000000-3716","피자_포테이토 피자 씬바샤삭 (R)","7번가피자","피자","피자","외식(프랜차이즈 등 업체 제공 영양정보) | 빵 및 과자류 | 피자",""
"kfind-d202-120000000-3715","피자_포테이토 피자 씬바샤삭 (L)","7번가피자","피자","피자","외식(프랜차이즈 등 업체 제공 영양정보) | 빵 및 과자류 | 피자",""
"kfind-d202-120000000-1649","피자_포테이토 피자 씬 (M)","도미노피자","피자","피자","외식(프랜차이즈 등 업체 제공 영양정보) | 빵 및 과자류 | 피자",""
"kfind-d202-120000000-1648","피자_포테이토 피자 씬 (L)","도미노피자","피자","피자","외식(프랜차이즈 등 업체 제공 영양정보) | 빵 및 과자류 | 피자",""
"kfind-d202-120000000-3667","피자_포테이토 피자 슈화 더블 치즈 페퍼로니 엣지 (M)","도미노피자","피자","피자","외식(프랜차이즈 등 업체 제공 영양정보) | 빵 및 과자류 | 피자",""
"kfind-d202-120000000-3666","피자_포테이토 피자 슈화 더블 치즈 페퍼로니 엣지 (L)","도미노피자","피자","피자","외식(프랜차이즈 등 업체 제공 영양정보) | 빵 및 과자류 | 피자",""
"kfind-d202-120000000-3665","피자_포테이토 피자 슈퍼시드 화이버 오리지널 (M)","도미노피자","피자","피자","외식(프랜차이즈 등 업체 제공 영양정보) | 빵 및 과자류 | 피자",""
"kfind-d202-120000000-3664","피자_포테이토 피자 슈퍼시드 화이버 오리지널 (L)","도미노피자","피자","피자","외식(프랜차이즈 등 업체 제공 영양정보) | 빵 및 과자류 | 피자",""
"kfind-d202-120000000-3661","피자_포테이토 피자 슈퍼시드 화이버 버스트 오리지널 (L)","도미노피자","피자","피자","외식(프랜차이즈 등 업체 제공 영양정보) | 빵 및 과자류 | 피자",""
"kfind-d202-120000000-3714","피자_포테이토 피자 석쇠 (R)","7번가피자","피자","피자","외식(프랜차이즈 등 업체 제공 영양정보) | 빵 및 과자류 | 피자",""
"kfind-d202-120000000-3713","피자_포테이토 피자 석쇠 (L)","7번가피자","피자","피자","외식(프랜차이즈 등 업체 제공 영양정보) | 빵 및 과자류 | 피자",""
"kfind-d202-120000000-3712","피자_포테이토 피자 리코타링 (R)","7번가피자","피자","피자","외식(프랜차이즈 등 업체 제공 영양정보) | 빵 및 과자류 | 피자",""
"kfind-d202-120000000-3711","피자_포테이토 피자 리코타링 (L)","7번가피자","피자","피자","외식(프랜차이즈 등 업체 제공 영양정보) | 빵 및 과자류 | 피자",""
"kfind-d202-120000000-3658","피자_포테이토 피자 더블치즈 페퍼로니 엣지 (M)","도미노피자","피자","피자","외식(프랜차이즈 등 업체 제공 영양정보) | 빵 및 과자류 | 피자",""
"kfind-d202-120000000-3657","피자_포테이토 피자 더블치즈 페퍼로니 엣지 (L)","도미노피자","피자","피자","외식(프랜차이즈 등 업체 제공 영양정보) | 빵 및 과자류 | 피자",""
"kfind-d202-120000000-3660","피자_포테이토 피자 더블치즈 엣지 (M)","도미노피자","피자","피자","외식(프랜차이즈 등 업체 제공 영양정보) | 빵 및 과자류 | 피자",""
"kfind-d202-120000000-3659","피자_포테이토 피자 더블치즈 엣지 (L)","도미노피자","피자","피자","외식(프랜차이즈 등 업체 제공 영양정보) | 빵 및 과자류 | 피자",""
"kfind-d202-120000000-3656","피자_포테이토 피자 나폴리 (M)","도미노피자","피자","피자","외식(프랜차이즈 등 업체 제공 영양정보) | 빵 및 과자류 | 피자",""
"kfind-d202-120000000-1647","피자_포테이토 피자 나폴리 (L)","도미노피자","피자","피자","외식(프랜차이즈 등 업체 제공 영양정보) | 빵 및 과자류 | 피자",""
"kfind-d202-120000000-3710","피자_포테이토 피자 골드스윗 (R)","7번가피자","피자","피자","외식(프랜차이즈 등 업체 제공 영양정보) | 빵 및 과자류 | 피자",""
"kfind-d202-120000000-3709","피자_포테이토 피자 골드스윗 (L)","7번가피자","피자","피자","외식(프랜차이즈 등 업체 제공 영양정보) | 빵 및 과자류 | 피자",""
"kfind-d202-120000000-3655","피자_포테이토 피자 골드 에그타르트 (M)","미스터피자","피자","피자","외식(프랜차이즈 등 업체 제공 영양정보) | 빵 및 과자류 | 피자",""
"kfind-d202-120000000-1671","피자_포테이토 피자 골드 (R)","미스터피자","피자","피자","외식(프랜차이즈 등 업체 제공 영양정보) | 빵 및 과자류 | 피자",""
"kfind-d202-120000000-3653","피자_포테이토 피자 골드 (M)","미스터피자","피자","피자","외식(프랜차이즈 등 업체 제공 영양정보) | 빵 및 과자류 | 피자",""
"kfind-d202-120000000-1670","피자_포테이토 피자 골드 (L)","미스터피자","피자","피자","외식(프랜차이즈 등 업체 제공 영양정보) | 빵 및 과자류 | 피자",""
"kfind-d202-120000000-1661","피자_포테이토 피자 (L)","피자마루","피자","피자","외식(프랜차이즈 등 업체 제공 영양정보) | 빵 및 과자류 | 피자",""
"kfind-d202-120000000-3672","피자_포테이토 피자 (L)","반올림피자","피자","피자","외식(프랜차이즈 등 업체 제공 영양정보) | 빵 및 과자류 | 피자",""
"kfind-d202-120000000-1706","피자_포테이토 피자","피자스쿨","피자","피자","외식(프랜차이즈 등 업체 제공 영양정보) | 빵 및 과자류 | 피자",""
"kfind-d202-120420000-0095","피자_포테이토 오리지널 트리플치즈버스트엣지 (L)","도미노피자","피자","피자","외식(프랜차이즈 등 업체 제공 영양정보) | 빵 및 과자류 | 피자 | 포테이토피자",""
"kfind-d202-120420000-0093","피자_포테이토 스페셜치즈크러스트 골드 (M)","피자헛","피자","피자","외식(프랜차이즈 등 업체 제공 영양정보) | 빵 및 과자류 | 피자 | 포테이토피자",""
"kfind-d202-120420000-0092","피자_포테이토 스페셜치즈크러스트 (M)","피자헛","피자","피자","외식(프랜차이즈 등 업체 제공 영양정보) | 빵 및 과자류 | 피자 | 포테이토피자",""
"kfind-d202-120420000-0091","피자_포테이토 스페셜오리지널 (M)","피자헛","피자","피자","외식(프랜차이즈 등 업체 제공 영양정보) | 빵 및 과자류 | 피자 | 포테이토피자",""
"kfind-d202-120420000-0090","피자_포테이토 스페셜리치골드 (M)","피자헛","피자","피자","외식(프랜차이즈 등 업체 제공 영양정보) | 빵 및 과자류 | 피자 | 포테이토피자",""
"kfind-d202-120000000-1646","피자_포슬포슬 감자 피자 씬 크러스트 (R)","미스터피자","피자","피자","외식(프랜차이즈 등 업체 제공 영양정보) | 빵 및 과자류 | 피자",""
"kfind-d202-120000000-3648","피자_포게더 피자 크림치즈 (M)","미스터피자","피자","피자","외식(프랜차이즈 등 업체 제공 영양정보) | 빵 및 과자류 | 피자",""
"kfind-d202-120000000-3647","피자_포게더 피자 크림치즈 (L)","미스터피자","피자","피자","외식(프랜차이즈 등 업체 제공 영양정보) | 빵 및 과자류 | 피자",""
"kfind-d202-120000000-3646","피자_포게더 피자 치즈캡 (M)","미스터피자","피자","피자","외식(프랜차이즈 등 업체 제공 영양정보) | 빵 및 과자류 | 피자",""
"kfind-d202-120000000-3645","피자_포게더 피자 치즈캡 (L)","미스터피자","피자","피자","외식(프랜차이즈 등 업체 제공 영양정보) | 빵 및 과자류 | 피자",""
"kfind-d202-120000000-3644","피자_포게더 피자 오리진 (M)","미스터피자","피자","피자","외식(프랜차이즈 등 업체 제공 영양정보) | 빵 및 과자류 | 피자",""
"kfind-d202-120000000-3643","피자_포게더 피자 오리진 (L)","미스터피자","피자","피자","외식(프랜차이즈 등 업체 제공 영양정보) | 빵 및 과자류 | 피자",""
"kfind-d202-120000000-3642","피자_포게더 피자 에그타르트 (M)","미스터피자","피자","피자","외식(프랜차이즈 등 업체 제공 영양정보) | 빵 및 과자류 | 피자",""
"kfind-d202-120000000-3641","피자_포게더 피자 에그타르트 (L)","미스터피자","피자","피자","외식(프랜차이즈 등 업체 제공 영양정보) | 빵 및 과자류 | 피자",""
"kfind-d202-120000000-3640","피자_포게더 피자 골드 (M)","미스터피자","피자","피자","외식(프랜차이즈 등 업체 제공 영양정보) | 빵 및 과자류 | 피자",""
"kfind-d202-120000000-3639","피자_포게더 피자 골드 (L)","미스터피자","피자","피자","외식(프랜차이즈 등 업체 제공 영양정보) | 빵 및 과자류 | 피자",""
"kfind-d202-120000000-3633","피자_페페로니&할라피뇨 피자 씬 (L)","피자헛","피자","피자","외식(프랜차이즈 등 업체 제공 영양정보) | 빵 및 과자류 | 피자",""
"kfind-d202-120000000-1530","피자_페페로니 피자 팬 (M)","피자헛","피자","피자","외식(프랜차이즈 등 업체 제공 영양정보) | 빵 및 과자류 | 피자",""
"kfind-d202-120000000-1529","피자_페페로니 피자 팬 (L)","피자헛","피자","피자","외식(프랜차이즈 등 업체 제공 영양정보) | 빵 및 과자류 | 피자",""
"kfind-d202-120000000-1644","피자_페페로니 피자 치즈크러스트 (M)","피자헛","피자","피자","외식(프랜차이즈 등 업체 제공 영양정보) | 빵 및 과자류 | 피자",""
"kfind-d202-120000000-1643","피자_페페로니 피자 치즈크러스트 (L)","피자헛","피자","피자","외식(프랜차이즈 등 업체 제공 영양정보) | 빵 및 과자류 | 피자",""
"kfind-d202-120000000-1642","피자_페페로니 피자 치즈링 (R)","7번가피자","피자","피자","외식(프랜차이즈 등 업체 제공 영양정보) | 빵 및 과자류 | 피자",""
"kfind-d202-120000000-1641","피자_페페로니 피자 치즈링 (L)","7번가피자","피자","피자","외식(프랜차이즈 등 업체 제공 영양정보) | 빵 및 과자류 | 피자",""
"kfind-d202-120000000-1640","피자_페페로니 피자 치즈링 (G)","7번가피자","피자","피자","외식(프랜차이즈 등 업체 제공 영양정보) | 빵 및 과자류 | 피자",""
"kfind-d202-120000000-3637","피자_페페로니 피자 씬바샤삭 (R)","7번가피자","피자","피자","외식(프랜차이즈 등 업체 제공 영양정보) | 빵 및 과자류 | 피자",""
"kfind-d202-120000000-3636","피자_페페로니 피자 씬바샤삭 (L)","7번가피자","피자","피자","외식(프랜차이즈 등 업체 제공 영양정보) | 빵 및 과자류 | 피자",""
"kfind-d202-120000000-1638","피자_페페로니 피자 씬도우 (R)","7번가피자","피자","피자","외식(프랜차이즈 등 업체 제공 영양정보) | 빵 및 과자류 | 피자",""
"kfind-d202-120000000-1636","피자_페페로니 피자 씬도우 (L)","7번가피자","피자","피자","외식(프랜차이즈 등 업체 제공 영양정보) | 빵 및 과자류 | 피자",""
"kfind-d202-120000000-1635","피자_페페로니 피자 석쇠 (R)","7번가피자","피자","피자","외식(프랜차이즈 등 업체 제공 영양정보) | 빵 및 과자류 | 피자",""
"kfind-d202-120000000-1634","피자_페페로니 피자 석쇠 (L)","7번가피자","피자","피자","외식(프랜차이즈 등 업체 제공 영양정보) | 빵 및 과자류 | 피자",""
"kfind-d202-120000000-1633","피자_페페로니 피자 석쇠 (G)","7번가피자","피자","피자","외식(프랜차이즈 등 업체 제공 영양정보) | 빵 및 과자류 | 피자",""
"kfind-d202-120000000-1630","피자_페페로니 피자 리코타링 (R)","7번가피자","피자","피자","외식(프랜차이즈 등 업체 제공 영양정보) | 빵 및 과자류 | 피자",""
"kfind-d202-120000000-1629","피자_페페로니 피자 리코타링 (L)","7번가피자","피자","피자","외식(프랜차이즈 등 업체 제공 영양정보) | 빵 및 과자류 | 피자",""
"kfind-d202-120000000-1628","피자_페페로니 피자 리코타링 (G)","7번가피자","피자","피자","외식(프랜차이즈 등 업체 제공 영양정보) | 빵 및 과자류 | 피자",""
"kfind-d202-120000000-1626","피자_페페로니 피자 리치골드(L)","피자헛","피자","피자","외식(프랜차이즈 등 업체 제공 영양정보) | 빵 및 과자류 | 피자",""
"kfind-d202-120000000-1627","피자_페페로니 피자 리치골드 (M)","피자헛","피자","피자","외식(프랜차이즈 등 업체 제공 영양정보) | 빵 및 과자류 | 피자",""
"kfind-d202-120000000-1625","피자_페페로니 피자 골드스윗 (R)","7번가피자","피자","피자","외식(프랜차이즈 등 업체 제공 영양정보) | 빵 및 과자류 | 피자",""
"kfind-d202-120000000-1624","피자_페페로니 피자 골드스윗 (L)","7번가피자","피자","피자","외식(프랜차이즈 등 업체 제공 영양정보) | 빵 및 과자류 | 피자",""
"kfind-d202-120000000-1623","피자_페페로니 피자 골드스윗 (G)","7번가피자","피자","피자","외식(프랜차이즈 등 업체 제공 영양정보) | 빵 및 과자류 | 피자",""
"kfind-d202-120410000-0094","피자_페페로니 러버팬 (L)","피자헛","피자","피자","외식(프랜차이즈 등 업체 제공 영양정보) | 빵 및 과자류 | 피자 | 페퍼로니피자",""
"kfind-d202-120410000-0093","피자_페페로니 러버치즈크러스트 골드 (M)","피자헛","피자","피자","외식(프랜차이즈 등 업체 제공 영양정보) | 빵 및 과자류 | 피자 | 페퍼로니피자",""
"kfind-d202-120410000-0092","피자_페페로니 러버치즈크러스트 골드 (L)","피자헛","피자","피자","외식(프랜차이즈 등 업체 제공 영양정보) | 빵 및 과자류 | 피자 | 페퍼로니피자",""
"kfind-d202-120410000-0091","피자_페페로니 러버치즈크러스트 (M)","피자헛","피자","피자","외식(프랜차이즈 등 업체 제공 영양정보) | 빵 및 과자류 | 피자 | 페퍼로니피자",""
"kfind-d202-120410000-0090","피자_페페로니 러버치즈크러스트 (L)","피자헛","피자","피자","외식(프랜차이즈 등 업체 제공 영양정보) | 빵 및 과자류 | 피자 | 페퍼로니피자",""
"kfind-d202-120410000-0089","피자_페페로니 러버오리지널 (M)","피자헛","피자","피자","외식(프랜차이즈 등 업체 제공 영양정보) | 빵 및 과자류 | 피자 | 페퍼로니피자",""
"kfind-d202-120410000-0088","피자_페페로니 러버오리지널 (L)","피자헛","피자","피자","외식(프랜차이즈 등 업체 제공 영양정보) | 빵 및 과자류 | 피자 | 페퍼로니피자",""
"kfind-d202-120410000-0087","피자_페페로니 러버씬 (L)","피자헛","피자","피자","외식(프랜차이즈 등 업체 제공 영양정보) | 빵 및 과자류 | 피자 | 페퍼로니피자",""
"kfind-d202-120410000-0086","피자_페페로니 러버리치골드 (M)","피자헛","피자","피자","외식(프랜차이즈 등 업체 제공 영양정보) | 빵 및 과자류 | 피자 | 페퍼로니피자",""
"kfind-d202-120410000-0085","피자_페페로니 러버리치골드 (L)","피자헛","피자","피자","외식(프랜차이즈 등 업체 제공 영양정보) | 빵 및 과자류 | 피자 | 페퍼로니피자",""
"kfind-d202-120000000-3631","피자_페페로니 러버 피자 팬 (L)","피자헛","피자","피자","외식(프랜차이즈 등 업체 제공 영양정보) | 빵 및 과자류 | 피자",""
"kfind-d202-120000000-3630","피자_페페로니 러버 피자 오리지널 파마산 치즈 (M)","피자헛","피자","피자","외식(프랜차이즈 등 업체 제공 영양정보) | 빵 및 과자류 | 피자",""
"kfind-d202-120000000-3629","피자_페페로니 러버 피자 오리지널 파마산 치즈 (L)","피자헛","피자","피자","외식(프랜차이즈 등 업체 제공 영양정보) | 빵 및 과자류 | 피자",""
"kfind-d202-120000000-3628","피자_페페로니 러버 피자 오리지널 (M)","피자헛","피자","피자","외식(프랜차이즈 등 업체 제공 영양정보) | 빵 및 과자류 | 피자",""
"kfind-d202-120000000-3627","피자_페페로니 러버 피자 오리지널 (L)","피자헛","피자","피자","외식(프랜차이즈 등 업체 제공 영양정보) | 빵 및 과자류 | 피자",""
"kfind-d202-120000000-3626","피자_페페로니 러버 피자 씬 (L)","피자헛","피자","피자","외식(프랜차이즈 등 업체 제공 영양정보) | 빵 및 과자류 | 피자",""
"kfind-d202-120410000-0084","피자_페퍼로니피자오리지널(L)","도미노피자","피자","피자","외식(프랜차이즈 등 업체 제공 영양정보) | 빵 및 과자류 | 피자 | 페퍼로니피자",""
"kfind-d202-120410000-0082","피자_페퍼로니피자바이트","피자마루","피자","피자","외식(프랜차이즈 등 업체 제공 영양정보) | 빵 및 과자류 | 피자 | 페퍼로니피자",""
"kfind-d202-120410000-0071","피자_페퍼로니피자 (1인)","피자마루","피자","피자","외식(프랜차이즈 등 업체 제공 영양정보) | 빵 및 과자류 | 피자 | 페퍼로니피자",""
"kfind-d202-120410000-0069","피자_페퍼로니피자","피자스쿨","피자","피자","외식(프랜차이즈 등 업체 제공 영양정보) | 빵 및 과자류 | 피자 | 페퍼로니피자",""
"kfind-d202-120410000-0070","피자_페퍼로니피자","피자마루","피자","피자","외식(프랜차이즈 등 업체 제공 영양정보) | 빵 및 과자류 | 피자 | 페퍼로니피자",""
"kfind-d202-120410000-0068","피자_페퍼로니치즈폭탄피자","피자마루","피자","피자","외식(프랜차이즈 등 업체 제공 영양정보) | 빵 및 과자류 | 피자 | 페퍼로니피자",""
"kfind-d202-120000000-1579","피자_페퍼로니치즈폭탄 피자 (L)","피자마루","피자","피자","외식(프랜차이즈 등 업체 제공 영양정보) | 빵 및 과자류 | 피자",""
"kfind-d202-120410000-0067","피자_페퍼로니씬(L)","도미노피자","피자","피자","외식(프랜차이즈 등 업체 제공 영양정보) | 빵 및 과자류 | 피자 | 페퍼로니피자",""
"kfind-d202-120410000-0062","피자_페퍼로니 하트씬","파파존스","피자","피자","외식(프랜차이즈 등 업체 제공 영양정보) | 빵 및 과자류 | 피자 | 페퍼로니피자",""
"kfind-d202-120000000-3592","피자_페퍼로니 피자 치즈버스트 오리지널 (L)","도미노피자","피자","피자","외식(프랜차이즈 등 업체 제공 영양정보) | 빵 및 과자류 | 피자",""
"kfind-d202-120000000-3591","피자_페퍼로니 피자 치즈버스트 나폴리 (L)","도미노피자","피자","피자","외식(프랜차이즈 등 업체 제공 영양정보) | 빵 및 과자류 | 피자",""
"kfind-d202-120000000-3590","피자_페퍼로니 피자 치즈롤 (P)","파파존스","피자","피자","외식(프랜차이즈 등 업체 제공 영양정보) | 빵 및 과자류 | 피자",""
"kfind-d202-120000000-3589","피자_페퍼로니 피자 치즈롤 (L)","파파존스","피자","피자","외식(프랜차이즈 등 업체 제공 영양정보) | 빵 및 과자류 | 피자",""
"kfind-d202-120000000-3588","피자_페퍼로니 피자 치즈롤 (F)","파파존스","피자","피자","외식(프랜차이즈 등 업체 제공 영양정보) | 빵 및 과자류 | 피자",""
"kfind-d202-120000000-3587","피자_페퍼로니 피자 오리지널 (R)","파파존스","피자","피자","외식(프랜차이즈 등 업체 제공 영양정보) | 빵 및 과자류 | 피자",""
"kfind-d202-120000000-3586","피자_페퍼로니 피자 오리지널 (P)","파파존스","피자","피자","외식(프랜차이즈 등 업체 제공 영양정보) | 빵 및 과자류 | 피자",""
"kfind-d202-120000000-3585","피자_페퍼로니 피자 오리지널 (M)","도미노피자","피자","피자","외식(프랜차이즈 등 업체 제공 영양정보) | 빵 및 과자류 | 피자",""
"kfind-d202-120000000-1573","피자_페퍼로니 피자 오리지널 (L)","도미노피자","피자","피자","외식(프랜차이즈 등 업체 제공 영양정보) | 빵 및 과자류 | 피자",""
"kfind-d202-120000000-3584","피자_페퍼로니 피자 오리지널 (L)","파파존스","피자","피자","외식(프랜차이즈 등 업체 제공 영양정보) | 빵 및 과자류 | 피자",""
"kfind-d202-120000000-3583","피자_페퍼로니 피자 오리지널 (F)","파파존스","피자","피자","외식(프랜차이즈 등 업체 제공 영양정보) | 빵 및 과자류 | 피자",""
"kfind-d202-120000000-3582","피자_페퍼로니 피자 씬 (M)","도미노피자","피자","피자","외식(프랜차이즈 등 업체 제공 영양정보) | 빵 및 과자류 | 피자",""
"kfind-d202-120000000-1572","피자_페퍼로니 피자 씬 (L)","도미노피자","피자","피자","외식(프랜차이즈 등 업체 제공 영양정보) | 빵 및 과자류 | 피자",""
"kfind-d202-120000000-3581","피자_페퍼로니 피자 씬 (F)","파파존스","피자","피자","외식(프랜차이즈 등 업체 제공 영양정보) | 빵 및 과자류 | 피자",""
"kfind-d202-120000000-3579","피자_페퍼로니 피자 슈화 더블 치즈 페퍼로니 엣지 (M)","도미노피자","피자","피자","외식(프랜차이즈 등 업체 제공 영양정보) | 빵 및 과자류 | 피자",""
"kfind-d202-120000000-3578","피자_페퍼로니 피자 슈화 더블 치즈 페퍼로니 엣지 (L)","도미노피자","피자","피자","외식(프랜차이즈 등 업체 제공 영양정보) | 빵 및 과자류 | 피자",""
"kfind-d202-120000000-3577","피자_페퍼로니 피자 슈퍼시드 화이버 오리지널 (M)","도미노피자","피자","피자","외식(프랜차이즈 등 업체 제공 영양정보) | 빵 및 과자류 | 피자",""
"kfind-d202-120000000-3576","피자_페퍼로니 피자 슈퍼시드 화이버 오리지널 (L)","도미노피자","피자","피자","외식(프랜차이즈 등 업체 제공 영양정보) | 빵 및 과자류 | 피자",""
"kfind-d202-120000000-3573","피자_페퍼로니 피자 슈퍼시드 화이버 버스트 오리지널 (L)","도미노피자","피자","피자","외식(프랜차이즈 등 업체 제공 영양정보) | 빵 및 과자류 | 피자",""
"kfind-d202-120000000-1605","피자_페퍼로니 피자 마니아 파마산엣지 (M)","피자헛","피자","피자","외식(프랜차이즈 등 업체 제공 영양정보) | 빵 및 과자류 | 피자",""
"kfind-d202-120000000-1604","피자_페퍼로니 피자 마니아 파마산엣지 (L)","피자헛","피자","피자","외식(프랜차이즈 등 업체 제공 영양정보) | 빵 및 과자류 | 피자",""
"kfind-d202-120000000-1603","피자_페퍼로니 피자 마니아 에어도우 (M)","피자헛","피자","피자","외식(프랜차이즈 등 업체 제공 영양정보) | 빵 및 과자류 | 피자",""
"kfind-d202-120000000-1602","피자_페퍼로니 피자 마니아 에어도우 (L)","피자헛","피자","피자","외식(프랜차이즈 등 업체 제공 영양정보) | 빵 및 과자류 | 피자",""
"kfind-d202-120000000-3570","피자_페퍼로니 피자 더블치즈 페퍼로니 엣지 (M)","도미노피자","피자","피자","외식(프랜차이즈 등 업체 제공 영양정보) | 빵 및 과자류 | 피자",""
"kfind-d202-120000000-3569","피자_페퍼로니 피자 더블치즈 페퍼로니 엣지 (L)","도미노피자","피자","피자","외식(프랜차이즈 등 업체 제공 영양정보) | 빵 및 과자류 | 피자",""
"kfind-d202-120000000-1570","피자_페퍼로니 피자 더블치즈 엣지 오리지널 (M)","도미노피자","피자","피자","외식(프랜차이즈 등 업체 제공 영양정보) | 빵 및 과자류 | 피자",""
"kfind-d202-120000000-3572","피자_페퍼로니 피자 더블치즈 엣지 (M)","도미노피자","피자","피자","외식(프랜차이즈 등 업체 제공 영양정보) | 빵 및 과자류 | 피자",""
"kfind-d202-120000000-3571","피자_페퍼로니 피자 더블치즈 엣지 (L)","도미노피자","피자","피자","외식(프랜차이즈 등 업체 제공 영양정보) | 빵 및 과자류 | 피자",""
"kfind-d202-120000000-3568","피자_페퍼로니 피자 나폴리 (M)","도미노피자","피자","피자","외식(프랜차이즈 등 업체 제공 영양정보) | 빵 및 과자류 | 피자",""
"kfind-d202-120000000-1569","피자_페퍼로니 피자 나폴리 (L)","도미노피자","피자","피자","외식(프랜차이즈 등 업체 제공 영양정보) | 빵 및 과자류 | 피자",""
"kfind-d202-120000000-3567","피자_페퍼로니 피자 골드링씬 (F)","파파존스","피자","피자","외식(프랜차이즈 등 업체 제공 영양정보) | 빵 및 과자류 | 피자",""
"kfind-d202-120000000-3566","피자_페퍼로니 피자 골드링 (P)","파파존스","피자","피자","외식(프랜차이즈 등 업체 제공 영양정보) | 빵 및 과자류 | 피자",""
"kfind-d202-120000000-3565","피자_페퍼로니 피자 골드링 (L)","파파존스","피자","피자","외식(프랜차이즈 등 업체 제공 영양정보) | 빵 및 과자류 | 피자",""
"kfind-d202-120000000-3564","피자_페퍼로니 피자 골드링 (F)","파파존스","피자","피자","외식(프랜차이즈 등 업체 제공 영양정보) | 빵 및 과자류 | 피자",""
"kfind-d202-120000000-1593","피자_페퍼로니 피자 (R)","파파존스","피자","피자","외식(프랜차이즈 등 업체 제공 영양정보) | 빵 및 과자류 | 피자",""
"kfind-d202-120000000-1592","피자_페퍼로니 피자 (P)","파파존스","피자","피자","외식(프랜차이즈 등 업체 제공 영양정보) | 빵 및 과자류 | 피자",""
"kfind-d202-120000000-1584","피자_페퍼로니 피자 (L)","파파존스","피자","피자","외식(프랜차이즈 등 업체 제공 영양정보) | 빵 및 과자류 | 피자",""
"kfind-d202-120000000-3616","피자_페퍼로니 피자 (L)","반올림피자","피자","피자","외식(프랜차이즈 등 업체 제공 영양정보) | 빵 및 과자류 | 피자",""
"kfind-d202-120000000-1581","피자_페퍼로니 피자 (F)","파파존스","피자","피자","외식(프랜차이즈 등 업체 제공 영양정보) | 빵 및 과자류 | 피자",""
"kfind-d202-120000000-1618","피자_페퍼로니 피자","피자스쿨","피자","피자","외식(프랜차이즈 등 업체 제공 영양정보) | 빵 및 과자류 | 피자",""
"kfind-d202-120000000-1577","피자_페퍼로니 플러스 피자 치즈캡 (R)","미스터피자","피자","피자","외식(프랜차이즈 등 업체 제공 영양정보) | 빵 및 과자류 | 피자",""
"kfind-d202-120000000-3597","피자_페퍼로니 플러스 피자 치즈캡 (M)","미스터피자","피자","피자","외식(프랜차이즈 등 업체 제공 영양정보) | 빵 및 과자류 | 피자",""
"kfind-d202-120000000-1576","피자_페퍼로니 플러스 피자 치즈캡 (L)","미스터피자","피자","피자","외식(프랜차이즈 등 업체 제공 영양정보) | 빵 및 과자류 | 피자",""
"kfind-d202-120000000-1575","피자_페퍼로니 플러스 피자 오리진 (R)","미스터피자","피자","피자","외식(프랜차이즈 등 업체 제공 영양정보) | 빵 및 과자류 | 피자",""
"kfind-d202-120000000-3595","피자_페퍼로니 플러스 피자 오리진 (M)","미스터피자","피자","피자","외식(프랜차이즈 등 업체 제공 영양정보) | 빵 및 과자류 | 피자",""
"kfind-d202-120000000-1574","피자_페퍼로니 플러스 피자 오리진 (L)","미스터피자","피자","피자","외식(프랜차이즈 등 업체 제공 영양정보) | 빵 및 과자류 | 피자",""
"kfind-d202-120000000-3593","피자_페퍼로니 플러스 1인피자","미스터피자","피자","피자","외식(프랜차이즈 등 업체 제공 영양정보) | 빵 및 과자류 | 피자",""
"kfind-d202-120410000-0061","피자_페퍼로니 크루아상","파파존스","피자","피자","외식(프랜차이즈 등 업체 제공 영양정보) | 빵 및 과자류 | 피자 | 페퍼로니피자",""
"kfind-d202-120410000-0060","피자_페퍼로니 치즈롤 (P)","파파존스","피자","피자","외식(프랜차이즈 등 업체 제공 영양정보) | 빵 및 과자류 | 피자 | 페퍼로니피자",""
"kfind-d202-120410000-0059","피자_페퍼로니 치즈롤 (L)","파파존스","피자","피자","외식(프랜차이즈 등 업체 제공 영양정보) | 빵 및 과자류 | 피자 | 페퍼로니피자",""
"kfind-d202-120410000-0058","피자_페퍼로니 치즈롤 (F)","파파존스","피자","피자","외식(프랜차이즈 등 업체 제공 영양정보) | 빵 및 과자류 | 피자 | 페퍼로니피자",""
"kfind-d202-120410000-0057","피자_페퍼로니 씬","파파존스","피자","피자","외식(프랜차이즈 등 업체 제공 영양정보) | 빵 및 과자류 | 피자 | 페퍼로니피자",""
"kfind-d202-120000000-3604","피자_페퍼로니 시카고 피자","굽네치킨","치킨","피자","외식(프랜차이즈 등 업체 제공 영양정보) | 빵 및 과자류 | 피자",""
"kfind-d202-120410000-0056","피자_페퍼로니 스파이시 갈릭 치즈롤 (P)","파파존스","피자","피자","외식(프랜차이즈 등 업체 제공 영양정보) | 빵 및 과자류 | 피자 | 페퍼로니피자",""
"kfind-d202-120410000-0055","피자_페퍼로니 스파이시 갈릭 치즈롤 (L)","파파존스","피자","피자","외식(프랜차이즈 등 업체 제공 영양정보) | 빵 및 과자류 | 피자 | 페퍼로니피자",""
"kfind-d202-120410000-0054","피자_페퍼로니 스파이시 갈릭 치즈롤 (F)","파파존스","피자","피자","외식(프랜차이즈 등 업체 제공 영양정보) | 빵 및 과자류 | 피자 | 페퍼로니피자",""
"kfind-d202-120410000-0053","피자_페퍼로니 골드링 씬","파파존스","피자","피자","외식(프랜차이즈 등 업체 제공 영양정보) | 빵 및 과자류 | 피자 | 페퍼로니피자",""
"kfind-d202-120410000-0052","피자_페퍼로니 골드링 (P)","파파존스","피자","피자","외식(프랜차이즈 등 업체 제공 영양정보) | 빵 및 과자류 | 피자 | 페퍼로니피자",""
"kfind-d202-120410000-0051","피자_페퍼로니 골드링 (L)","파파존스","피자","피자","외식(프랜차이즈 등 업체 제공 영양정보) | 빵 및 과자류 | 피자 | 페퍼로니피자",""
"kfind-d202-120410000-0050","피자_페퍼로니 골드링 (F)","파파존스","피자","피자","외식(프랜차이즈 등 업체 제공 영양정보) | 빵 및 과자류 | 피자 | 페퍼로니피자",""
"kfind-d202-120410000-0049","피자_페퍼로니 (R)","파파존스","피자","피자","외식(프랜차이즈 등 업체 제공 영양정보) | 빵 및 과자류 | 피자 | 페퍼로니피자",""
"kfind-d202-120410000-0048","피자_페퍼로니 (P)","파파존스","피자","피자","외식(프랜차이즈 등 업체 제공 영양정보) | 빵 및 과자류 | 피자 | 페퍼로니피자",""
"kfind-d202-120410000-0046","피자_페퍼로니 (L)","파파존스","피자","피자","외식(프랜차이즈 등 업체 제공 영양정보) | 빵 및 과자류 | 피자 | 페퍼로니피자",""
"kfind-d202-120410000-0045","피자_페퍼로니 (F)","파파존스","피자","피자","외식(프랜차이즈 등 업체 제공 영양정보) | 빵 및 과자류 | 피자 | 페퍼로니피자",""
"kfind-d202-120000000-1549","피자_페파로니 피자바이트 (L)","피자마루","피자","피자","외식(프랜차이즈 등 업체 제공 영양정보) | 빵 및 과자류 | 피자",""
"kfind-d202-120000000-1537","피자_페파로니 피자 (L)","피자마루","피자","피자","외식(프랜차이즈 등 업체 제공 영양정보) | 빵 및 과자류 | 피자",""
"kfind-d202-120000000-3543","피자_페스티벌 피자 치즈링 (R)","7번가피자","피자","피자","외식(프랜차이즈 등 업체 제공 영양정보) | 빵 및 과자류 | 피자",""
"kfind-d202-120000000-3542","피자_페스티벌 피자 치즈링 (L)","7번가피자","피자","피자","외식(프랜차이즈 등 업체 제공 영양정보) | 빵 및 과자류 | 피자",""
"kfind-d202-120000000-3541","피자_페스티벌 피자 씬바샤삭 (R)","7번가피자","피자","피자","외식(프랜차이즈 등 업체 제공 영양정보) | 빵 및 과자류 | 피자",""
"kfind-d202-120000000-3540","피자_페스티벌 피자 씬바샤삭 (L)","7번가피자","피자","피자","외식(프랜차이즈 등 업체 제공 영양정보) | 빵 및 과자류 | 피자",""
"kfind-d202-120000000-3539","피자_페스티벌 피자 석쇠 (R)","7번가피자","피자","피자","외식(프랜차이즈 등 업체 제공 영양정보) | 빵 및 과자류 | 피자",""
"kfind-d202-120000000-3538","피자_페스티벌 피자 석쇠 (L)","7번가피자","피자","피자","외식(프랜차이즈 등 업체 제공 영양정보) | 빵 및 과자류 | 피자",""
"kfind-d202-120000000-3537","피자_페스티벌 피자 리코타링 (R)","7번가피자","피자","피자","외식(프랜차이즈 등 업체 제공 영양정보) | 빵 및 과자류 | 피자",""
"kfind-d202-120000000-3536","피자_페스티벌 피자 리코타링 (L)","7번가피자","피자","피자","외식(프랜차이즈 등 업체 제공 영양정보) | 빵 및 과자류 | 피자",""
"kfind-d202-120000000-3535","피자_페스티벌 피자 골드스윗 (R)","7번가피자","피자","피자","외식(프랜차이즈 등 업체 제공 영양정보) | 빵 및 과자류 | 피자",""
"kfind-d202-120000000-3534","피자_페스티벌 피자 골드스윗 (L)","7번가피자","피자","피자","외식(프랜차이즈 등 업체 제공 영양정보) | 빵 및 과자류 | 피자",""
"kfind-d202-120340000-0122","피자_트리플치즈피자 (1인)","피자마루","피자","피자","외식(프랜차이즈 등 업체 제공 영양정보) | 빵 및 과자류 | 피자 | 치즈피자",""
"kfind-d202-120340000-0121","피자_트리플 치즈크래프티드 플래츠 (P)","피자헛","피자","피자","외식(프랜차이즈 등 업체 제공 영양정보) | 빵 및 과자류 | 피자 | 치즈피자",""
"kfind-d202-120420000-0087","피자_트러플포테이토피자","피자스쿨","피자","피자","외식(프랜차이즈 등 업체 제공 영양정보) | 빵 및 과자류 | 피자 | 포테이토피자",""
"kfind-d202-120000000-1491","피자_트러플포테이토 피자","피자스쿨","피자","피자","외식(프랜차이즈 등 업체 제공 영양정보) | 빵 및 과자류 | 피자",""
"kfind-d202-120000000-1490","피자_트러플베지테리안 피자 치즈캡 (R)","미스터피자","피자","피자","외식(프랜차이즈 등 업체 제공 영양정보) | 빵 및 과자류 | 피자",""
"kfind-d202-120000000-1489","피자_트러플베지테리안 피자 치즈캡 (L)","미스터피자","피자","피자","외식(프랜차이즈 등 업체 제공 영양정보) | 빵 및 과자류 | 피자",""
"kfind-d202-120000000-1488","피자_트러플베지테리안 피자 오리진 (R)","미스터피자","피자","피자","외식(프랜차이즈 등 업체 제공 영양정보) | 빵 및 과자류 | 피자",""
"kfind-d202-120000000-1487","피자_트러플베지테리안 피자 오리진 (L)","미스터피자","피자","피자","외식(프랜차이즈 등 업체 제공 영양정보) | 빵 및 과자류 | 피자",""
"kfind-d202-120000000-3499","피자_트러플베이컨 피자 (L)","반올림피자","피자","피자","외식(프랜차이즈 등 업체 제공 영양정보) | 빵 및 과자류 | 피자",""
"kfind-d202-120000000-1486","피자_트러플버섯 피자바이트 (L)","피자마루","피자","피자","외식(프랜차이즈 등 업체 제공 영양정보) | 빵 및 과자류 | 피자",""
"kfind-d202-120000000-1485","피자_트러플버섯 피자 (L)","피자마루","피자","피자","외식(프랜차이즈 등 업체 제공 영양정보) | 빵 및 과자류 | 피자",""
"kfind-d202-120000000-4739","피자_트러플머쉬룸피자","피자스쿨","피자","피자","외식(프랜차이즈 등 업체 제공 영양정보) | 빵 및 과자류 | 피자",""
"kfind-d202-120000000-3496","피자_트러플머쉬룸 피자","피자스쿨","피자","피자","외식(프랜차이즈 등 업체 제공 영양정보) | 빵 및 과자류 | 피자",""
"kfind-d202-120180000-0115","피자_트러플 불고기크래프티드 플래츠 (P)","피자헛","피자","피자","외식(프랜차이즈 등 업체 제공 영양정보) | 빵 및 과자류 | 피자 | 불고기피자",""
"kfind-d202-120000000-4738","피자_투움바피자바이트","피자마루","피자","피자","외식(프랜차이즈 등 업체 제공 영양정보) | 빵 및 과자류 | 피자",""
"kfind-d202-120000000-4737","피자_투움바피자","피자마루","피자","피자","외식(프랜차이즈 등 업체 제공 영양정보) | 빵 및 과자류 | 피자",""
"kfind-d202-120000000-1484","피자_투움바파스타 피자바이트 (L)","피자마루","피자","피자","외식(프랜차이즈 등 업체 제공 영양정보) | 빵 및 과자류 | 피자",""
"kfind-d202-120000000-1483","피자_투움바파스타 피자 (L)","피자마루","피자","피자","외식(프랜차이즈 등 업체 제공 영양정보) | 빵 및 과자류 | 피자",""
"kfind-d202-120000000-1480","피자_통마늘불고기 피자 (L)","반올림피자","피자","피자","외식(프랜차이즈 등 업체 제공 영양정보) | 빵 및 과자류 | 피자",""
"kfind-d202-120000000-3486","피자_토핑킹&수퍼슈프림 피자 프리첼 치즈 (L)","피자헛","피자","피자","외식(프랜차이즈 등 업체 제공 영양정보) | 빵 및 과자류 | 피자",""
"kfind-d202-120000000-3485","피자_토핑킹&수퍼슈프림 피자 프리미엄 오리지널 (L)","피자헛","피자","피자","외식(프랜차이즈 등 업체 제공 영양정보) | 빵 및 과자류 | 피자",""
"kfind-d202-120000000-3484","피자_토핑킹&수퍼슈프림 피자 리치골드 (L)","피자헛","피자","피자","외식(프랜차이즈 등 업체 제공 영양정보) | 빵 및 과자류 | 피자",""
"kfind-d202-120000000-3483","피자_토핑킹&수퍼슈프림 피자 더블치즈크러스트 (L)","피자헛","피자","피자","외식(프랜차이즈 등 업체 제공 영양정보) | 빵 및 과자류 | 피자",""
"kfind-d202-120000000-3482","피자_토핑킹 피자 프리첼 치즈 (M)","피자헛","피자","피자","외식(프랜차이즈 등 업체 제공 영양정보) | 빵 및 과자류 | 피자",""
"kfind-d202-120000000-3481","피자_토핑킹 피자 프리첼 치즈 (L)","피자헛","피자","피자","외식(프랜차이즈 등 업체 제공 영양정보) | 빵 및 과자류 | 피자",""
"kfind-d202-120000000-3480","피자_토핑킹 피자 프리미엄 오리지널 (M)","피자헛","피자","피자","외식(프랜차이즈 등 업체 제공 영양정보) | 빵 및 과자류 | 피자",""
"kfind-d202-120000000-3479","피자_토핑킹 피자 프리미엄 오리지널 (L)","피자헛","피자","피자","외식(프랜차이즈 등 업체 제공 영양정보) | 빵 및 과자류 | 피자",""
"kfind-d202-120000000-3478","피자_토핑킹 피자 리치골드 M","피자헛","피자","피자","외식(프랜차이즈 등 업체 제공 영양정보) | 빵 및 과자류 | 피자",""
"kfind-d202-120000000-3477","피자_토핑킹 피자 리치골드 (L)","피자헛","피자","피자","외식(프랜차이즈 등 업체 제공 영양정보) | 빵 및 과자류 | 피자",""
"kfind-d202-120000000-3476","피자_토핑킹 피자 더블치즈크러스트 (M)","피자헛","피자","피자","외식(프랜차이즈 등 업체 제공 영양정보) | 빵 및 과자류 | 피자",""
"kfind-d202-120000000-3475","피자_토핑킹 피자 더블치즈크러스트 (L)","피자헛","피자","피자","외식(프랜차이즈 등 업체 제공 영양정보) | 빵 및 과자류 | 피자",""
"kfind-d202-120000000-3474","피자_토핑농장 피자 (L)","청년피자","피자","피자","외식(프랜차이즈 등 업체 제공 영양정보) | 빵 및 과자류 | 피자",""
"kfind-d202-120000000-1467","피자_킹소시지 피자","피자스쿨","피자","피자","외식(프랜차이즈 등 업체 제공 영양정보) | 빵 및 과자류 | 피자",""
"kfind-d202-120000000-1466","피자_킹 브레드 쉬림프 골드 피자 크림치즈 (R)","미스터피자","피자","피자","외식(프랜차이즈 등 업체 제공 영양정보) | 빵 및 과자류 | 피자",""
"kfind-d202-120000000-3466","피자_킹 브레드 쉬림프 골드 피자 크림치즈 (M)","미스터피자","피자","피자","외식(프랜차이즈 등 업체 제공 영양정보) | 빵 및 과자류 | 피자",""
"kfind-d202-120000000-1465","피자_킹 브레드 쉬림프 골드 피자 크림치즈 (L)","미스터피자","피자","피자","외식(프랜차이즈 등 업체 제공 영양정보) | 빵 및 과자류 | 피자",""
"kfind-d202-120000000-1464","피자_킹 브레드 쉬림프 골드 피자 치즈캡 (R)","미스터피자","피자","피자","외식(프랜차이즈 등 업체 제공 영양정보) | 빵 및 과자류 | 피자",""
"kfind-d202-120000000-3454","피자_킹 브레드 쉬림프 골드 피자 치즈캡 (M)","미스터피자","피자","피자","외식(프랜차이즈 등 업체 제공 영양정보) | 빵 및 과자류 | 피자",""
"kfind-d202-120000000-1463","피자_킹 브레드 쉬림프 골드 피자 치즈캡 (L)","미스터피자","피자","피자","외식(프랜차이즈 등 업체 제공 영양정보) | 빵 및 과자류 | 피자",""
"kfind-d202-120000000-1462","피자_킹 브레드 쉬림프 골드 피자 에그타르트 (R)","미스터피자","피자","피자","외식(프랜차이즈 등 업체 제공 영양정보) | 빵 및 과자류 | 피자",""
"kfind-d202-120000000-3452","피자_킹 브레드 쉬림프 골드 피자 에그타르트 (M)","미스터피자","피자","피자","외식(프랜차이즈 등 업체 제공 영양정보) | 빵 및 과자류 | 피자",""
"kfind-d202-120000000-1461","피자_킹 브레드 쉬림프 골드 피자 에그타르트 (L)","미스터피자","피자","피자","외식(프랜차이즈 등 업체 제공 영양정보) | 빵 및 과자류 | 피자",""
"kfind-d202-120000000-1460","피자_킹 브레드 쉬림프 골드 피자 노엣지 (R)","미스터피자","피자","피자","외식(프랜차이즈 등 업체 제공 영양정보) | 빵 및 과자류 | 피자",""
"kfind-d202-120000000-3448","피자_킹 브레드 쉬림프 골드 피자 노엣지 (M)","미스터피자","피자","피자","외식(프랜차이즈 등 업체 제공 영양정보) | 빵 및 과자류 | 피자",""
"kfind-d202-120000000-1459","피자_킹 브레드 쉬림프 골드 피자 노엣지 (L)","미스터피자","피자","피자","외식(프랜차이즈 등 업체 제공 영양정보) | 빵 및 과자류 | 피자",""
"kfind-d202-120000000-1458","피자_킹 브레드 쉬림프 골드 피자 골드 (R)","미스터피자","피자","피자","외식(프랜차이즈 등 업체 제공 영양정보) | 빵 및 과자류 | 피자",""
"kfind-d202-120000000-3450","피자_킹 브레드 쉬림프 골드 피자 골드 (M)","미스터피자","피자","피자","외식(프랜차이즈 등 업체 제공 영양정보) | 빵 및 과자류 | 피자",""
"kfind-d202-120000000-1457","피자_킹 브레드 쉬림프 골드 피자 골드 (L)","미스터피자","피자","피자","외식(프랜차이즈 등 업체 제공 영양정보) | 빵 및 과자류 | 피자",""
"kfind-d202-120000000-3464","피자_킹 브레드 쉬림프 골드 칠리 피자 크림치즈 (M)","미스터피자","피자","피자","외식(프랜차이즈 등 업체 제공 영양정보) | 빵 및 과자류 | 피자",""
"kfind-d202-120000000-3463","피자_킹 브레드 쉬림프 골드 칠리 피자 크림치즈 (L)","미스터피자","피자","피자","외식(프랜차이즈 등 업체 제공 영양정보) | 빵 및 과자류 | 피자",""
"kfind-d202-120000000-3462","피자_킹 브레드 쉬림프 골드 칠리 피자 치즈캡 (M)","미스터피자","피자","피자","외식(프랜차이즈 등 업체 제공 영양정보) | 빵 및 과자류 | 피자",""
"kfind-d202-120000000-3461","피자_킹 브레드 쉬림프 골드 칠리 피자 치즈캡 (L)","미스터피자","피자","피자","외식(프랜차이즈 등 업체 제공 영양정보) | 빵 및 과자류 | 피자",""
"kfind-d202-120000000-3460","피자_킹 브레드 쉬림프 골드 칠리 피자 에그타르트 (M)","미스터피자","피자","피자","외식(프랜차이즈 등 업체 제공 영양정보) | 빵 및 과자류 | 피자",""
"kfind-d202-120000000-3459","피자_킹 브레드 쉬림프 골드 칠리 피자 에그타르트 (L)","미스터피자","피자","피자","외식(프랜차이즈 등 업체 제공 영양정보) | 빵 및 과자류 | 피자",""
"kfind-d202-120000000-3458","피자_킹 브레드 쉬림프 골드 칠리 피자 노엣지 (M)","미스터피자","피자","피자","외식(프랜차이즈 등 업체 제공 영양정보) | 빵 및 과자류 | 피자",""
"kfind-d202-120000000-3457","피자_킹 브레드 쉬림프 골드 칠리 피자 노엣지 (L)","미스터피자","피자","피자","외식(프랜차이즈 등 업체 제공 영양정보) | 빵 및 과자류 | 피자",""
"kfind-d202-120000000-3456","피자_킹 브레드 쉬림프 골드 칠리 피자 골드 칠리 (M)","미스터피자","피자","피자","외식(프랜차이즈 등 업체 제공 영양정보) | 빵 및 과자류 | 피자",""
"kfind-d202-120000000-3455","피자_킹 브레드 쉬림프 골드 칠리 피자 골드 칠리 (L)","미스터피자","피자","피자","외식(프랜차이즈 등 업체 제공 영양정보) | 빵 및 과자류 | 피자",""
"kfind-d202-120000000-3444","피자_크림치즈볼 피자 치즈링 (R)","7번가피자","피자","피자","외식(프랜차이즈 등 업체 제공 영양정보) | 빵 및 과자류 | 피자",""
"kfind-d202-120000000-3443","피자_크림치즈볼 피자 치즈링 (L)","7번가피자","피자","피자","외식(프랜차이즈 등 업체 제공 영양정보) | 빵 및 과자류 | 피자",""
"kfind-d202-120000000-3442","피자_크림치즈볼 피자 씬바샤삭 (R)","7번가피자","피자","피자","외식(프랜차이즈 등 업체 제공 영양정보) | 빵 및 과자류 | 피자",""
"kfind-d202-120000000-3441","피자_크림치즈볼 피자 씬바샤삭 (L)","7번가피자","피자","피자","외식(프랜차이즈 등 업체 제공 영양정보) | 빵 및 과자류 | 피자",""
"kfind-d202-120000000-3440","피자_크림치즈볼 피자 석쇠 (R)","7번가피자","피자","피자","외식(프랜차이즈 등 업체 제공 영양정보) | 빵 및 과자류 | 피자",""
"kfind-d202-120000000-3439","피자_크림치즈볼 피자 석쇠 (L)","7번가피자","피자","피자","외식(프랜차이즈 등 업체 제공 영양정보) | 빵 및 과자류 | 피자",""
"kfind-d202-120000000-3438","피자_크림치즈볼 피자 리코타링 (R)","7번가피자","피자","피자","외식(프랜차이즈 등 업체 제공 영양정보) | 빵 및 과자류 | 피자",""
"kfind-d202-120000000-3437","피자_크림치즈볼 피자 리코타링 (L)","7번가피자","피자","피자","외식(프랜차이즈 등 업체 제공 영양정보) | 빵 및 과자류 | 피자",""
"kfind-d202-120000000-3436","피자_크림치즈볼 피자 골드스윗 (R)","7번가피자","피자","피자","외식(프랜차이즈 등 업체 제공 영양정보) | 빵 및 과자류 | 피자",""
"kfind-d202-120000000-3435","피자_크림치즈볼 피자 골드스윗 (L)","7번가피자","피자","피자","외식(프랜차이즈 등 업체 제공 영양정보) | 빵 및 과자류 | 피자",""
"kfind-d202-120000000-4729","피자_크리스피 치즈트리플","파파존스","피자","피자","외식(프랜차이즈 등 업체 제공 영양정보) | 빵 및 과자류 | 피자",""
"kfind-d202-120000000-3432","피자_크리스피 치즈 페퍼로니 피자 씬 (F)","파파존스","피자","피자","외식(프랜차이즈 등 업체 제공 영양정보) | 빵 및 과자류 | 피자",""
"kfind-d202-120410000-0022","피자_크리스피 치즈 페퍼로니","파파존스","피자","피자","외식(프랜차이즈 등 업체 제공 영양정보) | 빵 및 과자류 | 피자 | 페퍼로니피자",""
"kfind-d202-120000000-3431","피자_크리스피 치즈 트리플 피자 씬 (F)","파파존스","피자","피자","외식(프랜차이즈 등 업체 제공 영양정보) | 빵 및 과자류 | 피자",""
"kfind-d202-120000000-4727","피자_크레이지불새피자","피자마루","피자","피자","외식(프랜차이즈 등 업체 제공 영양정보) | 빵 및 과자류 | 피자",""
"kfind-d202-120000000-1452","피자_크레이지불새 피자 (L)","피자마루","피자","피자","외식(프랜차이즈 등 업체 제공 영양정보) | 빵 및 과자류 | 피자",""
"kfind-d202-120000000-3426","피자_크랩&립하우스 피자 치즈버스트 오리지널 (L)","도미노피자","피자","피자","외식(프랜차이즈 등 업체 제공 영양정보) | 빵 및 과자류 | 피자",""
"kfind-d202-120000000-3425","피자_크랩&립하우스 피자 치즈버스트 나폴리 (L)","도미노피자","피자","피자","외식(프랜차이즈 등 업체 제공 영양정보) | 빵 및 과자류 | 피자",""
"kfind-d202-120000000-3424","피자_크랩&립하우스 피자 오리지널 (M)","도미노피자","피자","피자","외식(프랜차이즈 등 업체 제공 영양정보) | 빵 및 과자류 | 피자",""
"kfind-d202-120000000-3423","피자_크랩&립하우스 피자 오리지널 (L)","도미노피자","피자","피자","외식(프랜차이즈 등 업체 제공 영양정보) | 빵 및 과자류 | 피자",""
"kfind-d202-120000000-3422","피자_크랩&립하우스 피자 씬 (M)","도미노피자","피자","피자","외식(프랜차이즈 등 업체 제공 영양정보) | 빵 및 과자류 | 피자",""
"kfind-d202-120000000-3421","피자_크랩&립하우스 피자 씬 (L)","도미노피자","피자","피자","외식(프랜차이즈 등 업체 제공 영양정보) | 빵 및 과자류 | 피자",""
"kfind-d202-120000000-3420","피자_크랩&립하우스 피자 슈화 더블 치즈 페퍼로니 엣지 (M)","도미노피자","피자","피자","외식(프랜차이즈 등 업체 제공 영양정보) | 빵 및 과자류 | 피자",""
"kfind-d202-120000000-3419","피자_크랩&립하우스 피자 슈화 더블 치즈 페퍼로니 엣지 (L)","도미노피자","피자","피자","외식(프랜차이즈 등 업체 제공 영양정보) | 빵 및 과자류 | 피자",""
"kfind-d202-120000000-3418","피자_크랩&립하우스 피자 슈퍼시드 화이버 오리지널 (M)","도미노피자","피자","피자","외식(프랜차이즈 등 업체 제공 영양정보) | 빵 및 과자류 | 피자",""
"kfind-d202-120000000-3417","피자_크랩&립하우스 피자 슈퍼시드 화이버 오리지널 (L)","도미노피자","피자","피자","외식(프랜차이즈 등 업체 제공 영양정보) | 빵 및 과자류 | 피자",""
"kfind-d202-120000000-3414","피자_크랩&립하우스 피자 슈퍼시드 화이버 버스트 오리지널 (L)","도미노피자","피자","피자","외식(프랜차이즈 등 업체 제공 영양정보) | 빵 및 과자류 | 피자",""
"kfind-d202-120000000-3409","피자_크랩&립하우스 피자 더블치즈 페퍼로니 엣지 (M)","도미노피자","피자","피자","외식(프랜차이즈 등 업체 제공 영양정보) | 빵 및 과자류 | 피자",""
"kfind-d202-120000000-3408","피자_크랩&립하우스 피자 더블치즈 페퍼로니 엣지 (L)","도미노피자","피자","피자","외식(프랜차이즈 등 업체 제공 영양정보) | 빵 및 과자류 | 피자",""
"kfind-d202-120000000-3413","피자_크랩&립하우스 피자 더블치즈 엣지 (M)","도미노피자","피자","피자","외식(프랜차이즈 등 업체 제공 영양정보) | 빵 및 과자류 | 피자",""
"kfind-d202-120000000-3412","피자_크랩&립하우스 피자 더블치즈 엣지 (L)","도미노피자","피자","피자","외식(프랜차이즈 등 업체 제공 영양정보) | 빵 및 과자류 | 피자",""
"kfind-d202-120000000-3411","피자_크랩&립하우스 피자 나폴리 (M)","도미노피자","피자","피자","외식(프랜차이즈 등 업체 제공 영양정보) | 빵 및 과자류 | 피자",""
"kfind-d202-120000000-3410","피자_크랩&립하우스 피자 나폴리 (L)","도미노피자","피자","피자","외식(프랜차이즈 등 업체 제공 영양정보) | 빵 및 과자류 | 피자",""
"kfind-d202-120350000-0044","피자_콤비네이션피자 (1인)","피자마루","피자","피자","외식(프랜차이즈 등 업체 제공 영양정보) | 빵 및 과자류 | 피자 | 콤비네이션피자",""
"kfind-d202-120350000-0043","피자_콤비네이션피자","피자마루","피자","피자","외식(프랜차이즈 등 업체 제공 영양정보) | 빵 및 과자류 | 피자 | 콤비네이션피자",""
"kfind-d202-120350000-0042","피자_콤비네이션피자","피자스쿨","피자","피자","외식(프랜차이즈 등 업체 제공 영양정보) | 빵 및 과자류 | 피자 | 콤비네이션피자",""
"kfind-d202-120350000-0040","피자_콤비네이션팬 (L)","피자헛","피자","피자","외식(프랜차이즈 등 업체 제공 영양정보) | 빵 및 과자류 | 피자 | 콤비네이션피자",""
"kfind-d202-120350000-0039","피자_콤비네이션치즈크러스트 골드 (M)","피자헛","피자","피자","외식(프랜차이즈 등 업체 제공 영양정보) | 빵 및 과자류 | 피자 | 콤비네이션피자",""
"kfind-d202-120350000-0038","피자_콤비네이션치즈크러스트 골드 (L)","피자헛","피자","피자","외식(프랜차이즈 등 업체 제공 영양정보) | 빵 및 과자류 | 피자 | 콤비네이션피자",""
"kfind-d202-120350000-0037","피자_콤비네이션치즈크러스트 (M)","피자헛","피자","피자","외식(프랜차이즈 등 업체 제공 영양정보) | 빵 및 과자류 | 피자 | 콤비네이션피자",""
"kfind-d202-120350000-0036","피자_콤비네이션치즈크러스트 (L)","피자헛","피자","피자","외식(프랜차이즈 등 업체 제공 영양정보) | 빵 및 과자류 | 피자 | 콤비네이션피자",""
"kfind-d202-120350000-0035","피자_콤비네이션오리지널 (M)","피자헛","피자","피자","외식(프랜차이즈 등 업체 제공 영양정보) | 빵 및 과자류 | 피자 | 콤비네이션피자",""
"kfind-d202-120350000-0034","피자_콤비네이션오리지널 (L)","피자헛","피자","피자","외식(프랜차이즈 등 업체 제공 영양정보) | 빵 및 과자류 | 피자 | 콤비네이션피자",""
"kfind-d202-120350000-0033","피자_콤비네이션씬 (L)","피자헛","피자","피자","외식(프랜차이즈 등 업체 제공 영양정보) | 빵 및 과자류 | 피자 | 콤비네이션피자",""
"kfind-d202-120350000-0032","피자_콤비네이션바이트피자","피자마루","피자","피자","외식(프랜차이즈 등 업체 제공 영양정보) | 빵 및 과자류 | 피자 | 콤비네이션피자",""
"kfind-d202-120000000-3400","피자_콤비네이션바이트 피자","피자마루","피자","피자","외식(프랜차이즈 등 업체 제공 영양정보) | 빵 및 과자류 | 피자",""
"kfind-d202-120350000-0031","피자_콤비네이션리치골드 (M)","피자헛","피자","피자","외식(프랜차이즈 등 업체 제공 영양정보) | 빵 및 과자류 | 피자 | 콤비네이션피자",""
"kfind-d202-120350000-0030","피자_콤비네이션리치골드 (L)","피자헛","피자","피자","외식(프랜차이즈 등 업체 제공 영양정보) | 빵 및 과자류 | 피자 | 콤비네이션피자",""
"kfind-d202-120000000-3399","피자_콤비네이션+페페로니 피자 팬 (L)","피자헛","피자","피자","외식(프랜차이즈 등 업체 제공 영양정보) | 빵 및 과자류 | 피자",""
"kfind-d202-120000000-3398","피자_콤비네이션+페페로니 피자 오리지널 파마산엣지 (L)","피자헛","피자","피자","외식(프랜차이즈 등 업체 제공 영양정보) | 빵 및 과자류 | 피자",""
"kfind-d202-120000000-3397","피자_콤비네이션+페페로니 피자 오리지널 (L)","피자헛","피자","피자","외식(프랜차이즈 등 업체 제공 영양정보) | 빵 및 과자류 | 피자",""
"kfind-d202-120000000-3396","피자_콤비네이션+페페로니 피자 씬 (L)","피자헛","피자","피자","외식(프랜차이즈 등 업체 제공 영양정보) | 빵 및 과자류 | 피자",""
"kfind-d202-120000000-3395","피자_콤비네이션+LA BBQ불고기 피자 팬 (L)","피자헛","피자","피자","외식(프랜차이즈 등 업체 제공 영양정보) | 빵 및 과자류 | 피자",""
"kfind-d202-120000000-3394","피자_콤비네이션+LA BBQ불고기 피자 오리지널 파마산엣지 (L)","피자헛","피자","피자","외식(프랜차이즈 등 업체 제공 영양정보) | 빵 및 과자류 | 피자",""
"kfind-d202-120000000-3392","피자_콤비네이션+LA BBQ불고기 피자 오리지날 (L)","피자헛","피자","피자","외식(프랜차이즈 등 업체 제공 영양정보) | 빵 및 과자류 | 피자",""
"kfind-d202-120000000-3393","피자_콤비네이션+LA BBQ불고기 피자 씬 (L)","피자헛","피자","피자","외식(프랜차이즈 등 업체 제공 영양정보) | 빵 및 과자류 | 피자",""
"kfind-d202-120000000-1442","피자_콤비네이션 피자 치즈캡 (R)","미스터피자","피자","피자","외식(프랜차이즈 등 업체 제공 영양정보) | 빵 및 과자류 | 피자",""
"kfind-d202-120000000-3391","피자_콤비네이션 피자 치즈캡 (M)","미스터피자","피자","피자","외식(프랜차이즈 등 업체 제공 영양정보) | 빵 및 과자류 | 피자",""
"kfind-d202-120000000-1441","피자_콤비네이션 피자 치즈캡 (L)","미스터피자","피자","피자","외식(프랜차이즈 등 업체 제공 영양정보) | 빵 및 과자류 | 피자",""
"kfind-d202-120000000-1440","피자_콤비네이션 피자 오리진 (R)","미스터피자","피자","피자","외식(프랜차이즈 등 업체 제공 영양정보) | 빵 및 과자류 | 피자",""
"kfind-d202-120000000-3389","피자_콤비네이션 피자 오리진 (M)","미스터피자","피자","피자","외식(프랜차이즈 등 업체 제공 영양정보) | 빵 및 과자류 | 피자",""
"kfind-d202-120000000-1439","피자_콤비네이션 피자 오리진 (L)","미스터피자","피자","피자","외식(프랜차이즈 등 업체 제공 영양정보) | 빵 및 과자류 | 피자",""
"kfind-d202-120000000-1438","피자_콤비네이션 피자 바이트 (L)","피자마루","피자","피자","외식(프랜차이즈 등 업체 제공 영양정보) | 빵 및 과자류 | 피자",""
"kfind-d202-120000000-1432","피자_콤비네이션 피자 (L)","피자마루","피자","피자","외식(프랜차이즈 등 업체 제공 영양정보) | 빵 및 과자류 | 피자",""
"kfind-d202-120000000-1181","피자_콤비네이션 피자 (J)","피자마루","피자","피자","외식(프랜차이즈 등 업체 제공 영양정보) | 빵 및 과자류 | 피자",""
"kfind-d202-120000000-1445","피자_콤비네이션 피자","피자스쿨","피자","피자","외식(프랜차이즈 등 업체 제공 영양정보) | 빵 및 과자류 | 피자",""
"kfind-d202-120000000-3387","피자_콤비네이션 1인피자","미스터피자","피자","피자","외식(프랜차이즈 등 업체 제공 영양정보) | 빵 및 과자류 | 피자",""
"kfind-d202-120000000-3386","피자_콤비네이션 1958 피자 팬 (L)","피자헛","피자","피자","외식(프랜차이즈 등 업체 제공 영양정보) | 빵 및 과자류 | 피자",""
"kfind-d202-120000000-3385","피자_콤비네이션 1958 피자 오리지널 파마산 치즈 (M)","피자헛","피자","피자","외식(프랜차이즈 등 업체 제공 영양정보) | 빵 및 과자류 | 피자",""
"kfind-d202-120000000-3384","피자_콤비네이션 1958 피자 오리지널 파마산 치즈 (L)","피자헛","피자","피자","외식(프랜차이즈 등 업체 제공 영양정보) | 빵 및 과자류 | 피자",""
"kfind-d202-120000000-3383","피자_콤비네이션 1958 피자 오리지널 (M)","피자헛","피자","피자","외식(프랜차이즈 등 업체 제공 영양정보) | 빵 및 과자류 | 피자",""
"kfind-d202-120000000-3382","피자_콤비네이션 1958 피자 오리지널 (L)","피자헛","피자","피자","외식(프랜차이즈 등 업체 제공 영양정보) | 빵 및 과자류 | 피자",""
"kfind-d202-120000000-3381","피자_콤비네이션 1958 피자 씬 (L)","피자헛","피자","피자","외식(프랜차이즈 등 업체 제공 영양정보) | 빵 및 과자류 | 피자",""
"kfind-d202-120000000-4717","피자_콘마요피자","피자마루","피자","피자","외식(프랜차이즈 등 업체 제공 영양정보) | 빵 및 과자류 | 피자",""
"kfind-d202-120000000-3373","피자_콘마요 피자 (L)","반올림피자","피자","피자","외식(프랜차이즈 등 업체 제공 영양정보) | 빵 및 과자류 | 피자",""
"kfind-d202-120000000-3368","피자_케이준더블쉬림프 피자 프리첼 치즈 (M)","피자헛","피자","피자","외식(프랜차이즈 등 업체 제공 영양정보) | 빵 및 과자류 | 피자",""
"kfind-d202-120000000-3367","피자_케이준더블쉬림프 피자 프리첼 치즈 (L)","피자헛","피자","피자","외식(프랜차이즈 등 업체 제공 영양정보) | 빵 및 과자류 | 피자",""
"kfind-d202-120000000-3366","피자_케이준더블쉬림프 피자 프리미엄 오리지널 (M)","피자헛","피자","피자","외식(프랜차이즈 등 업체 제공 영양정보) | 빵 및 과자류 | 피자",""
"kfind-d202-120000000-3365","피자_케이준더블쉬림프 피자 프리미엄 오리지널 (L)","피자헛","피자","피자","외식(프랜차이즈 등 업체 제공 영양정보) | 빵 및 과자류 | 피자",""
"kfind-d202-120000000-1417","피자_케이준더블쉬림프 피자 포켓 피자 콘치즈포켓 (M)","피자헛","피자","피자","외식(프랜차이즈 등 업체 제공 영양정보) | 빵 및 과자류 | 피자",""
"kfind-d202-120000000-1416","피자_케이준더블쉬림프 피자 포켓 피자 콘치즈포켓 (L)","피자헛","피자","피자","외식(프랜차이즈 등 업체 제공 영양정보) | 빵 및 과자류 | 피자",""
"kfind-d202-120000000-1415","피자_케이준더블쉬림프 피자 포켓 피자 치즈크러스트 (M)","피자헛","피자","피자","외식(프랜차이즈 등 업체 제공 영양정보) | 빵 및 과자류 | 피자",""
"kfind-d202-120000000-3364","피자_케이준더블쉬림프 피자 리치골드 M","피자헛","피자","피자","외식(프랜차이즈 등 업체 제공 영양정보) | 빵 및 과자류 | 피자",""
"kfind-d202-120000000-3363","피자_케이준더블쉬림프 피자 리치골드 (L)","피자헛","피자","피자","외식(프랜차이즈 등 업체 제공 영양정보) | 빵 및 과자류 | 피자",""
"kfind-d202-120000000-3362","피자_케이준더블쉬림프 피자 더블치즈크러스트 (M)","피자헛","피자","피자","외식(프랜차이즈 등 업체 제공 영양정보) | 빵 및 과자류 | 피자",""
"kfind-d202-120000000-3361","피자_케이준더블쉬림프 피자 더블치즈크러스트 (L)","피자헛","피자","피자","외식(프랜차이즈 등 업체 제공 영양정보) | 빵 및 과자류 | 피자",""
"kfind-d202-120000000-1414","피자_케이준더블쉬림프 포켓 피자 치즈크러스트 (L)","피자헛","피자","피자","외식(프랜차이즈 등 업체 제공 영양정보) | 빵 및 과자류 | 피자",""
"kfind-d202-120000000-1413","피자_케이준더블쉬림프 포켓 피자 리치골드 (M)","피자헛","피자","피자","외식(프랜차이즈 등 업체 제공 영양정보) | 빵 및 과자류 | 피자",""
"kfind-d202-120000000-1412","피자_케이준더블쉬림프 포켓 피자 리치골드 (L)","피자헛","피자","피자","외식(프랜차이즈 등 업체 제공 영양정보) | 빵 및 과자류 | 피자",""
"kfind-d202-120000000-1411","피자_케이준더블쉬림프 포켓 피자 노엣지 (M)","피자헛","피자","피자","외식(프랜차이즈 등 업체 제공 영양정보) | 빵 및 과자류 | 피자",""
"kfind-d202-120000000-1410","피자_케이준더블쉬림프 포켓 피자 노엣지 (L)","피자헛","피자","피자","외식(프랜차이즈 등 업체 제공 영양정보) | 빵 및 과자류 | 피자",""
"kfind-d202-120000000-3360","피자_케미콤보 피자 씬 (L)","피자헛","피자","피자","외식(프랜차이즈 등 업체 제공 영양정보) | 빵 및 과자류 | 피자",""
"kfind-d202-120000000-1409","피자_케미콤보 피자","피자헛","피자","피자","외식(프랜차이즈 등 업체 제공 영양정보) | 빵 및 과자류 | 피자",""
"kfind-d202-120000000-4715","피자_칠리하와이안피자 (1인)","피자마루","피자","피자","외식(프랜차이즈 등 업체 제공 영양정보) | 빵 및 과자류 | 피자",""
"kfind-d202-120000000-1399","피자_칠리새우 피자 치즈링 (R)","7번가피자","피자","피자","외식(프랜차이즈 등 업체 제공 영양정보) | 빵 및 과자류 | 피자",""
"kfind-d202-120000000-1398","피자_칠리새우 피자 치즈링 (L)","7번가피자","피자","피자","외식(프랜차이즈 등 업체 제공 영양정보) | 빵 및 과자류 | 피자",""
"kfind-d202-120000000-1397","피자_칠리새우 피자 씬도우 (R)","7번가피자","피자","피자","외식(프랜차이즈 등 업체 제공 영양정보) | 빵 및 과자류 | 피자",""
"kfind-d202-120000000-1396","피자_칠리새우 피자 씬도우 (L)","7번가피자","피자","피자","외식(프랜차이즈 등 업체 제공 영양정보) | 빵 및 과자류 | 피자",""
"kfind-d202-120000000-1395","피자_칠리새우 피자 석쇠 (R)","7번가피자","피자","피자","외식(프랜차이즈 등 업체 제공 영양정보) | 빵 및 과자류 | 피자",""
"kfind-d202-120000000-1394","피자_칠리새우 피자 석쇠 (L)","7번가피자","피자","피자","외식(프랜차이즈 등 업체 제공 영양정보) | 빵 및 과자류 | 피자",""
"kfind-d202-120000000-1393","피자_칠리새우 피자 리코타링 (R)","7번가피자","피자","피자","외식(프랜차이즈 등 업체 제공 영양정보) | 빵 및 과자류 | 피자",""
"kfind-d202-120000000-1392","피자_칠리새우 피자 리코타링 (L)","7번가피자","피자","피자","외식(프랜차이즈 등 업체 제공 영양정보) | 빵 및 과자류 | 피자",""
"kfind-d202-120000000-1391","피자_칠리새우 피자 골드스윗 (R)","7번가피자","피자","피자","외식(프랜차이즈 등 업체 제공 영양정보) | 빵 및 과자류 | 피자",""
"kfind-d202-120000000-1390","피자_칠리새우 피자 골드스윗 (L)","7번가피자","피자","피자","외식(프랜차이즈 등 업체 제공 영양정보) | 빵 및 과자류 | 피자",""
"kfind-d202-120000000-1388","피자_칠리불갈비 피자 치즈링 (R)","7번가피자","피자","피자","외식(프랜차이즈 등 업체 제공 영양정보) | 빵 및 과자류 | 피자",""
"kfind-d202-120000000-1387","피자_칠리불갈비 피자 치즈링 (L)","7번가피자","피자","피자","외식(프랜차이즈 등 업체 제공 영양정보) | 빵 및 과자류 | 피자",""
"kfind-d202-120000000-3353","피자_칠리불갈비 피자 씬바샤삭 (R)","7번가피자","피자","피자","외식(프랜차이즈 등 업체 제공 영양정보) | 빵 및 과자류 | 피자",""
"kfind-d202-120000000-3352","피자_칠리불갈비 피자 씬바샤삭 (L)","7번가피자","피자","피자","외식(프랜차이즈 등 업체 제공 영양정보) | 빵 및 과자류 | 피자",""
"kfind-d202-120000000-1386","피자_칠리불갈비 피자 씬도우 (R)","7번가피자","피자","피자","외식(프랜차이즈 등 업체 제공 영양정보) | 빵 및 과자류 | 피자",""
"kfind-d202-120000000-1385","피자_칠리불갈비 피자 씬도우 (L)","7번가피자","피자","피자","외식(프랜차이즈 등 업체 제공 영양정보) | 빵 및 과자류 | 피자",""
"kfind-d202-120000000-1384","피자_칠리불갈비 피자 석쇠 (R)","7번가피자","피자","피자","외식(프랜차이즈 등 업체 제공 영양정보) | 빵 및 과자류 | 피자",""
"kfind-d202-120000000-1383","피자_칠리불갈비 피자 석쇠 (L)","7번가피자","피자","피자","외식(프랜차이즈 등 업체 제공 영양정보) | 빵 및 과자류 | 피자",""
"kfind-d202-120000000-1382","피자_칠리불갈비 피자 리코타링 (R)","7번가피자","피자","피자","외식(프랜차이즈 등 업체 제공 영양정보) | 빵 및 과자류 | 피자",""
"kfind-d202-120000000-1381","피자_칠리불갈비 피자 리코타링 (L)","7번가피자","피자","피자","외식(프랜차이즈 등 업체 제공 영양정보) | 빵 및 과자류 | 피자",""
"kfind-d202-120000000-1380","피자_칠리불갈비 피자 골드스윗 (R)","7번가피자","피자","피자","외식(프랜차이즈 등 업체 제공 영양정보) | 빵 및 과자류 | 피자",""
"kfind-d202-120000000-1379","피자_칠리불갈비 피자 골드스윗 (L)","7번가피자","피자","피자","외식(프랜차이즈 등 업체 제공 영양정보) | 빵 및 과자류 | 피자",""
"kfind-d202-120000000-1377","피자_치킨할라피뇨 피자 치즈링 (R)","7번가피자","피자","피자","외식(프랜차이즈 등 업체 제공 영양정보) | 빵 및 과자류 | 피자",""
"kfind-d202-120000000-1376","피자_치킨할라피뇨 피자 치즈링 (L)","7번가피자","피자","피자","외식(프랜차이즈 등 업체 제공 영양정보) | 빵 및 과자류 | 피자",""
"kfind-d202-120000000-1375","피자_치킨할라피뇨 피자 치즈링 (G)","7번가피자","피자","피자","외식(프랜차이즈 등 업체 제공 영양정보) | 빵 및 과자류 | 피자",""
"kfind-d202-120000000-3350","피자_치킨할라피뇨 피자 씬바샤삭 (R)","7번가피자","피자","피자","외식(프랜차이즈 등 업체 제공 영양정보) | 빵 및 과자류 | 피자",""
"kfind-d202-120000000-3349","피자_치킨할라피뇨 피자 씬바샤삭 (L)","7번가피자","피자","피자","외식(프랜차이즈 등 업체 제공 영양정보) | 빵 및 과자류 | 피자",""
"kfind-d202-120000000-1374","피자_치킨할라피뇨 피자 씬도우 (R)","7번가피자","피자","피자","외식(프랜차이즈 등 업체 제공 영양정보) | 빵 및 과자류 | 피자",""
"kfind-d202-120000000-1373","피자_치킨할라피뇨 피자 씬도우 (L)","7번가피자","피자","피자","외식(프랜차이즈 등 업체 제공 영양정보) | 빵 및 과자류 | 피자",""
"kfind-d202-120000000-1372","피자_치킨할라피뇨 피자 석쇠 (R)","7번가피자","피자","피자","외식(프랜차이즈 등 업체 제공 영양정보) | 빵 및 과자류 | 피자",""
"kfind-d202-120000000-1371","피자_치킨할라피뇨 피자 석쇠 (L)","7번가피자","피자","피자","외식(프랜차이즈 등 업체 제공 영양정보) | 빵 및 과자류 | 피자",""
"kfind-d202-120000000-1370","피자_치킨할라피뇨 피자 석쇠 (G)","7번가피자","피자","피자","외식(프랜차이즈 등 업체 제공 영양정보) | 빵 및 과자류 | 피자",""
"kfind-d202-120000000-1369","피자_치킨할라피뇨 피자 리코타링 (R)","7번가피자","피자","피자","외식(프랜차이즈 등 업체 제공 영양정보) | 빵 및 과자류 | 피자",""
"kfind-d202-120000000-1368","피자_치킨할라피뇨 피자 리코타링 (L)","7번가피자","피자","피자","외식(프랜차이즈 등 업체 제공 영양정보) | 빵 및 과자류 | 피자",""
"kfind-d202-120000000-1367","피자_치킨할라피뇨 피자 리코타링 (G)","7번가피자","피자","피자","외식(프랜차이즈 등 업체 제공 영양정보) | 빵 및 과자류 | 피자",""
"kfind-d202-120000000-1366","피자_치킨할라피뇨 피자 골드스윗 (R)","7번가피자","피자","피자","외식(프랜차이즈 등 업체 제공 영양정보) | 빵 및 과자류 | 피자",""
"kfind-d202-120000000-1365","피자_치킨할라피뇨 피자 골드스윗 (L)","7번가피자","피자","피자","외식(프랜차이즈 등 업체 제공 영양정보) | 빵 및 과자류 | 피자",""
"kfind-d202-120000000-1364","피자_치킨할라피뇨 피자 골드스윗 (G)","7번가피자","피자","피자","외식(프랜차이즈 등 업체 제공 영양정보) | 빵 및 과자류 | 피자",""
"kfind-d202-120000000-4708","피자_치킨퀘사디아피자","피자스쿨","피자","피자","외식(프랜차이즈 등 업체 제공 영양정보) | 빵 및 과자류 | 피자",""
"kfind-d202-120000000-1361","피자_치킨퀘사디아 피자","피자스쿨","피자","피자","외식(프랜차이즈 등 업체 제공 영양정보) | 빵 및 과자류 | 피자",""
"kfind-d202-120000000-1353","피자_치킨바베큐 피자 (R)","파파존스","피자","피자","외식(프랜차이즈 등 업체 제공 영양정보) | 빵 및 과자류 | 피자",""
"kfind-d202-120000000-1352","피자_치킨바베큐 피자 (P)","파파존스","피자","피자","외식(프랜차이즈 등 업체 제공 영양정보) | 빵 및 과자류 | 피자",""
"kfind-d202-120000000-1350","피자_치킨바베큐 피자 (L)","파파존스","피자","피자","외식(프랜차이즈 등 업체 제공 영양정보) | 빵 및 과자류 | 피자",""
"kfind-d202-120000000-3345","피자_치킨바베큐 피자 (L)","반올림피자","피자","피자","외식(프랜차이즈 등 업체 제공 영양정보) | 빵 및 과자류 | 피자",""
"kfind-d202-120000000-1347","피자_치킨바베큐 피자 (F)","파파존스","피자","피자","외식(프랜차이즈 등 업체 제공 영양정보) | 빵 및 과자류 | 피자",""
"kfind-d202-120000000-4701","피자_치킨바베큐 (R)","파파존스","피자","피자","외식(프랜차이즈 등 업체 제공 영양정보) | 빵 및 과자류 | 피자",""
"kfind-d202-120000000-3344","피자_치킨 바베큐 피자 치즈롤 (P)","파파존스","피자","피자","외식(프랜차이즈 등 업체 제공 영양정보) | 빵 및 과자류 | 피자",""
"kfind-d202-120000000-3343","피자_치킨 바베큐 피자 치즈롤 (L)","파파존스","피자","피자","외식(프랜차이즈 등 업체 제공 영양정보) | 빵 및 과자류 | 피자",""
"kfind-d202-120000000-3342","피자_치킨 바베큐 피자 치즈롤 (F)","파파존스","피자","피자","외식(프랜차이즈 등 업체 제공 영양정보) | 빵 및 과자류 | 피자",""
"kfind-d202-120000000-3341","피자_치킨 바베큐 피자 오리지널 (R)","파파존스","피자","피자","외식(프랜차이즈 등 업체 제공 영양정보) | 빵 및 과자류 | 피자",""
"kfind-d202-120000000-3340","피자_치킨 바베큐 피자 오리지널 (P)","파파존스","피자","피자","외식(프랜차이즈 등 업체 제공 영양정보) | 빵 및 과자류 | 피자",""
"kfind-d202-120000000-3339","피자_치킨 바베큐 피자 오리지널 (L)","파파존스","피자","피자","외식(프랜차이즈 등 업체 제공 영양정보) | 빵 및 과자류 | 피자",""
"kfind-d202-120000000-3338","피자_치킨 바베큐 피자 오리지널 (F)","파파존스","피자","피자","외식(프랜차이즈 등 업체 제공 영양정보) | 빵 및 과자류 | 피자",""
"kfind-d202-120000000-3337","피자_치킨 바베큐 피자 씬 (F)","파파존스","피자","피자","외식(프랜차이즈 등 업체 제공 영양정보) | 빵 및 과자류 | 피자",""
"kfind-d202-120000000-3336","피자_치킨 바베큐 피자 골드링씬 (F)","파파존스","피자","피자","외식(프랜차이즈 등 업체 제공 영양정보) | 빵 및 과자류 | 피자",""
"kfind-d202-120000000-3335","피자_치킨 바베큐 피자 골드링 (P)","파파존스","피자","피자","외식(프랜차이즈 등 업체 제공 영양정보) | 빵 및 과자류 | 피자",""
"kfind-d202-120000000-3334","피자_치킨 바베큐 피자 골드링 (L)","파파존스","피자","피자","외식(프랜차이즈 등 업체 제공 영양정보) | 빵 및 과자류 | 피자",""
"kfind-d202-120000000-3333","피자_치킨 바베큐 피자 골드링 (F)","파파존스","피자","피자","외식(프랜차이즈 등 업체 제공 영양정보) | 빵 및 과자류 | 피자",""
"kfind-d202-120000000-4700","피자_치킨 바베큐 크루아상","파파존스","피자","피자","외식(프랜차이즈 등 업체 제공 영양정보) | 빵 및 과자류 | 피자",""
"kfind-d202-120000000-4699","피자_치킨 바베큐 치즈롤 (P)","파파존스","피자","피자","외식(프랜차이즈 등 업체 제공 영양정보) | 빵 및 과자류 | 피자",""
"kfind-d202-120000000-4698","피자_치킨 바베큐 치즈롤 (L)","파파존스","피자","피자","외식(프랜차이즈 등 업체 제공 영양정보) | 빵 및 과자류 | 피자",""
"kfind-d202-120000000-4697","피자_치킨 바베큐 치즈롤 (F)","파파존스","피자","피자","외식(프랜차이즈 등 업체 제공 영양정보) | 빵 및 과자류 | 피자",""
"kfind-d202-120000000-4696","피자_치킨 바베큐 씬","파파존스","피자","피자","외식(프랜차이즈 등 업체 제공 영양정보) | 빵 및 과자류 | 피자",""
"kfind-d202-120000000-4695","피자_치킨 바베큐 스파이시 갈릭 치즈롤 (P)","파파존스","피자","피자","외식(프랜차이즈 등 업체 제공 영양정보) | 빵 및 과자류 | 피자",""
"kfind-d202-120000000-4694","피자_치킨 바베큐 스파이시 갈릭 치즈롤 (L)","파파존스","피자","피자","외식(프랜차이즈 등 업체 제공 영양정보) | 빵 및 과자류 | 피자",""
"kfind-d202-120000000-4693","피자_치킨 바베큐 스파이시 갈릭 치즈롤 (F)","파파존스","피자","피자","외식(프랜차이즈 등 업체 제공 영양정보) | 빵 및 과자류 | 피자",""
"kfind-d202-120000000-4692","피자_치킨 바베큐 골드링 씬","파파존스","피자","피자","외식(프랜차이즈 등 업체 제공 영양정보) | 빵 및 과자류 | 피자",""
"kfind-d202-120000000-4691","피자_치킨 바베큐 골드링 (P)","파파존스","피자","피자","외식(프랜차이즈 등 업체 제공 영양정보) | 빵 및 과자류 | 피자",""
"kfind-d202-120000000-4690","피자_치킨 바베큐 골드링 (L)","파파존스","피자","피자","외식(프랜차이즈 등 업체 제공 영양정보) | 빵 및 과자류 | 피자",""
"kfind-d202-120000000-4689","피자_치킨 바베큐 골드링 (F)","파파존스","피자","피자","외식(프랜차이즈 등 업체 제공 영양정보) | 빵 및 과자류 | 피자",""
"kfind-d202-120000000-4688","피자_치킨 바베큐 (P)","파파존스","피자","피자","외식(프랜차이즈 등 업체 제공 영양정보) | 빵 및 과자류 | 피자",""
"kfind-d202-120000000-4687","피자_치킨 바베큐 (L)","파파존스","피자","피자","외식(프랜차이즈 등 업체 제공 영양정보) | 빵 및 과자류 | 피자",""
"kfind-d202-120000000-4686","피자_치킨 바베큐 (F)","파파존스","피자","피자","외식(프랜차이즈 등 업체 제공 영양정보) | 빵 및 과자류 | 피자",""
"kfind-d202-120000000-1346","피자_치즈후라이크림치즈 피자 (L)","반올림피자","피자","피자","외식(프랜차이즈 등 업체 제공 영양정보) | 빵 및 과자류 | 피자",""
"kfind-d202-120000000-3332","피자_치즈후라이 피자 (L)","반올림피자","피자","피자","외식(프랜차이즈 등 업체 제공 영양정보) | 빵 및 과자류 | 피자",""
"kfind-d202-120000000-1345","피자_치즈핵폭탄 피자 (L)","피자마루","피자","피자","외식(프랜차이즈 등 업체 제공 영양정보) | 빵 및 과자류 | 피자",""
"kfind-d202-120340000-0117","피자_치즈하이프로틴도우(L)","도미노피자","피자","피자","외식(프랜차이즈 등 업체 제공 영양정보) | 빵 및 과자류 | 피자 | 치즈피자",""
"kfind-d202-120340000-0099","피자_치즈피자","피자스쿨","피자","피자","외식(프랜차이즈 등 업체 제공 영양정보) | 빵 및 과자류 | 피자 | 치즈피자",""
"kfind-d202-120000000-1319","피자_치즈퐁듀파이어미트 피자 오리지널 (L)","도미노피자","피자","피자","외식(프랜차이즈 등 업체 제공 영양정보) | 빵 및 과자류 | 피자",""
"kfind-d202-120340000-0098","피자_치즈폭탄피자","피자마루","피자","피자","외식(프랜차이즈 등 업체 제공 영양정보) | 빵 및 과자류 | 피자 | 치즈피자",""
"kfind-d202-120000000-1317","피자_치즈폭탄 피자 (L)","피자마루","피자","피자","외식(프랜차이즈 등 업체 제공 영양정보) | 빵 및 과자류 | 피자",""
"kfind-d202-120420000-0085","피자_치즈포테이토피자 (1인)","피자마루","피자","피자","외식(프랜차이즈 등 업체 제공 영양정보) | 빵 및 과자류 | 피자 | 포테이토피자",""
"kfind-d202-120000000-4677","피자_치즈킹치즈크러스트 골드 (L)","피자헛","피자","피자","외식(프랜차이즈 등 업체 제공 영양정보) | 빵 및 과자류 | 피자",""
"kfind-d202-120340000-0097","피자_치즈킹치즈크러스트 (L)","피자헛","피자","피자","외식(프랜차이즈 등 업체 제공 영양정보) | 빵 및 과자류 | 피자 | 치즈피자",""
"kfind-d202-120000000-4676","피자_치즈킹오리지널 (L)","피자헛","피자","피자","외식(프랜차이즈 등 업체 제공 영양정보) | 빵 및 과자류 | 피자",""
"kfind-d202-120000000-4675","피자_치즈킹리치골드 (L)","피자헛","피자","피자","외식(프랜차이즈 등 업체 제공 영양정보) | 빵 및 과자류 | 피자",""
"kfind-d202-120180000-0101","피자_치즈크러스트흑마늘불고기피자","피자마루","피자","피자","외식(프랜차이즈 등 업체 제공 영양정보) | 빵 및 과자류 | 피자 | 불고기피자",""
"kfind-d202-120000000-4674","피자_치즈크러스트하와이안쉬림프피자","피자마루","피자","피자","외식(프랜차이즈 등 업체 제공 영양정보) | 빵 및 과자류 | 피자",""
"kfind-d202-120420000-0084","피자_치즈크러스트포테이토피자","피자마루","피자","피자","외식(프랜차이즈 등 업체 제공 영양정보) | 빵 및 과자류 | 피자 | 포테이토피자",""
"kfind-d202-120410000-0020","피자_치즈크러스트페퍼로니피자","피자마루","피자","피자","외식(프랜차이즈 등 업체 제공 영양정보) | 빵 및 과자류 | 피자 | 페퍼로니피자",""
"kfind-d202-120000000-4673","피자_치즈크러스트투움바피자","피자마루","피자","피자","외식(프랜차이즈 등 업체 제공 영양정보) | 빵 및 과자류 | 피자",""
"kfind-d202-120350000-0027","피자_치즈크러스트콤비네이션피자","피자마루","피자","피자","외식(프랜차이즈 등 업체 제공 영양정보) | 빵 및 과자류 | 피자 | 콤비네이션피자",""
"kfind-d202-120340000-0096","피자_치즈크러스트이탈리안치즈피자","피자마루","피자","피자","외식(프랜차이즈 등 업체 제공 영양정보) | 빵 및 과자류 | 피자 | 치즈피자",""
"kfind-d202-120000000-4672","피자_치즈크러스트아메리칸체다피자","피자마루","피자","피자","외식(프랜차이즈 등 업체 제공 영양정보) | 빵 및 과자류 | 피자",""
"kfind-d202-120000000-4671","피자_치즈크러스트스테이크불갈비피자","피자마루","피자","피자","외식(프랜차이즈 등 업체 제공 영양정보) | 빵 및 과자류 | 피자",""
"kfind-d202-120180000-0100","피자_치즈크러스트불고기피자","피자마루","피자","피자","외식(프랜차이즈 등 업체 제공 영양정보) | 빵 및 과자류 | 피자 | 불고기피자",""
"kfind-d202-120000000-4670","피자_치즈크러스트바베큐치킨피자","피자마루","피자","피자","외식(프랜차이즈 등 업체 제공 영양정보) | 빵 및 과자류 | 피자",""
"kfind-d202-120000000-4669","피자_치즈크러스트명란크림새우피자","피자마루","피자","피자","외식(프랜차이즈 등 업체 제공 영양정보) | 빵 및 과자류 | 피자",""
"kfind-d202-120000000-4668","피자_치즈크러스트레드콘피자","피자마루","피자","피자","외식(프랜차이즈 등 업체 제공 영양정보) | 빵 및 과자류 | 피자",""
"kfind-d202-120000000-4667","피자_치즈크러스트돼지불백피자","피자마루","피자","피자","외식(프랜차이즈 등 업체 제공 영양정보) | 빵 및 과자류 | 피자",""
"kfind-d202-120000000-4666","피자_치즈크러스트꿀고구마피자","피자마루","피자","피자","외식(프랜차이즈 등 업체 제공 영양정보) | 빵 및 과자류 | 피자",""
"kfind-d202-120000000-4665","피자_치즈크러스트고추마요치킨피자","피자마루","피자","피자","외식(프랜차이즈 등 업체 제공 영양정보) | 빵 및 과자류 | 피자",""
"kfind-d202-120340000-0093","피자_치즈오리지널 (L)","도미노피자","피자","피자","외식(프랜차이즈 등 업체 제공 영양정보) | 빵 및 과자류 | 피자 | 치즈피자",""
"kfind-d202-120340000-0092","피자_치즈씬(L)","도미노피자","피자","피자","외식(프랜차이즈 등 업체 제공 영양정보) | 빵 및 과자류 | 피자 | 치즈피자",""
"kfind-d202-120000000-1297","피자_치즈스테이크 피자(L)","청년피자","피자","피자","외식(프랜차이즈 등 업체 제공 영양정보) | 빵 및 과자류 | 피자",""
"kfind-d202-120000000-1296","피자_치즈블라썸 스테이크 피자 크림치즈 (R)","미스터피자","피자","피자","외식(프랜차이즈 등 업체 제공 영양정보) | 빵 및 과자류 | 피자",""
"kfind-d202-120000000-3290","피자_치즈블라썸 스테이크 피자 크림치즈 (M)","미스터피자","피자","피자","외식(프랜차이즈 등 업체 제공 영양정보) | 빵 및 과자류 | 피자",""
"kfind-d202-120000000-1295","피자_치즈블라썸 스테이크 피자 크림치즈 (L)","미스터피자","피자","피자","외식(프랜차이즈 등 업체 제공 영양정보) | 빵 및 과자류 | 피자",""
"kfind-d202-120000000-1294","피자_치즈블라썸 스테이크 피자 치즈캡 (R)","미스터피자","피자","피자","외식(프랜차이즈 등 업체 제공 영양정보) | 빵 및 과자류 | 피자",""
"kfind-d202-120000000-3288","피자_치즈블라썸 스테이크 피자 치즈캡 (M)","미스터피자","피자","피자","외식(프랜차이즈 등 업체 제공 영양정보) | 빵 및 과자류 | 피자",""
"kfind-d202-120000000-1293","피자_치즈블라썸 스테이크 피자 치즈캡 (L)","미스터피자","피자","피자","외식(프랜차이즈 등 업체 제공 영양정보) | 빵 및 과자류 | 피자",""
"kfind-d202-120000000-1292","피자_치즈블라썸 스테이크 피자 에그타르트 (R)","미스터피자","피자","피자","외식(프랜차이즈 등 업체 제공 영양정보) | 빵 및 과자류 | 피자",""
"kfind-d202-120000000-3286","피자_치즈블라썸 스테이크 피자 에그타르트 (M)","미스터피자","피자","피자","외식(프랜차이즈 등 업체 제공 영양정보) | 빵 및 과자류 | 피자",""
"kfind-d202-120000000-1291","피자_치즈블라썸 스테이크 피자 에그타르트 (L)","미스터피자","피자","피자","외식(프랜차이즈 등 업체 제공 영양정보) | 빵 및 과자류 | 피자",""
"kfind-d202-120000000-1290","피자_치즈블라썸 스테이크 피자 노엣지 (R)","미스터피자","피자","피자","외식(프랜차이즈 등 업체 제공 영양정보) | 빵 및 과자류 | 피자",""
"kfind-d202-120000000-3284","피자_치즈블라썸 스테이크 피자 노엣지 (M)","미스터피자","피자","피자","외식(프랜차이즈 등 업체 제공 영양정보) | 빵 및 과자류 | 피자",""
"kfind-d202-120000000-1289","피자_치즈블라썸 스테이크 피자 노엣지 (L)","미스터피자","피자","피자","외식(프랜차이즈 등 업체 제공 영양정보) | 빵 및 과자류 | 피자",""
"kfind-d202-120000000-1288","피자_치즈블라썸 스테이크 피자 골드 (R)","미스터피자","피자","피자","외식(프랜차이즈 등 업체 제공 영양정보) | 빵 및 과자류 | 피자",""
"kfind-d202-120000000-3282","피자_치즈블라썸 스테이크 피자 골드 (M)","미스터피자","피자","피자","외식(프랜차이즈 등 업체 제공 영양정보) | 빵 및 과자류 | 피자",""
"kfind-d202-120000000-1287","피자_치즈블라썸 스테이크 피자 골드 (L)","미스터피자","피자","피자","외식(프랜차이즈 등 업체 제공 영양정보) | 빵 및 과자류 | 피자",""
"kfind-d202-120410000-0019","피자_치즈딥 페페로니 (L)","피자헛","피자","피자","외식(프랜차이즈 등 업체 제공 영양정보) | 빵 및 과자류 | 피자 | 페퍼로니피자",""
"kfind-d202-120350000-0026","피자_치즈딥 콤비네이션 (L)","피자헛","피자","피자","외식(프랜차이즈 등 업체 제공 영양정보) | 빵 및 과자류 | 피자 | 콤비네이션피자",""
"kfind-d202-120180000-0099","피자_치즈딥 LA BBQ 불고기(L)","피자헛","피자","피자","외식(프랜차이즈 등 업체 제공 영양정보) | 빵 및 과자류 | 피자 | 불고기피자",""
"kfind-d202-120000000-1283","피자_치즈더포테이토 피자 마니아 파마산엣지 (M)","피자헛","피자","피자","외식(프랜차이즈 등 업체 제공 영양정보) | 빵 및 과자류 | 피자",""
"kfind-d202-120000000-1282","피자_치즈더포테이토 피자 마니아 파마산엣지 (L)","피자헛","피자","피자","외식(프랜차이즈 등 업체 제공 영양정보) | 빵 및 과자류 | 피자",""
"kfind-d202-120000000-1281","피자_치즈더포테이토 피자 마니아 에어도우 (M)","피자헛","피자","피자","외식(프랜차이즈 등 업체 제공 영양정보) | 빵 및 과자류 | 피자",""
"kfind-d202-120000000-1280","피자_치즈더포테이토 피자 마니아 에어도우 (L)","피자헛","피자","피자","외식(프랜차이즈 등 업체 제공 영양정보) | 빵 및 과자류 | 피자",""
"kfind-d202-120340000-0091","피자_치즈더블치즈엣지 오리지널 (L)","도미노피자","피자","피자","외식(프랜차이즈 등 업체 제공 영양정보) | 빵 및 과자류 | 피자 | 치즈피자",""
"kfind-d202-120000000-1528","피자_치즈 피자 팬 (M)","피자헛","피자","피자","외식(프랜차이즈 등 업체 제공 영양정보) | 빵 및 과자류 | 피자",""
"kfind-d202-120000000-1527","피자_치즈 피자 팬 (L)","피자헛","피자","피자","외식(프랜차이즈 등 업체 제공 영양정보) | 빵 및 과자류 | 피자",""
"kfind-d202-120000000-3279","피자_치즈 피자 크레이프 샌드 피자 (M)","도미노피자","피자","피자","외식(프랜차이즈 등 업체 제공 영양정보) | 빵 및 과자류 | 피자",""
"kfind-d202-120000000-3278","피자_치즈 피자 크레이프 샌드 피자 (L)","도미노피자","피자","피자","외식(프랜차이즈 등 업체 제공 영양정보) | 빵 및 과자류 | 피자",""
"kfind-d202-120000000-3277","피자_치즈 피자 치즈버스트 오리지널 (L)","도미노피자","피자","피자","외식(프랜차이즈 등 업체 제공 영양정보) | 빵 및 과자류 | 피자",""
"kfind-d202-120000000-3276","피자_치즈 피자 치즈버스트 나폴리 (L)","도미노피자","피자","피자","외식(프랜차이즈 등 업체 제공 영양정보) | 빵 및 과자류 | 피자",""
"kfind-d202-120000000-3330","피자_치즈 피자 치즈링 (R)","7번가피자","피자","피자","외식(프랜차이즈 등 업체 제공 영양정보) | 빵 및 과자류 | 피자",""
"kfind-d202-120000000-3329","피자_치즈 피자 치즈링 (L)","7번가피자","피자","피자","외식(프랜차이즈 등 업체 제공 영양정보) | 빵 및 과자류 | 피자",""
"kfind-d202-120000000-3275","피자_치즈 피자 오리지널 (M)","도미노피자","피자","피자","외식(프랜차이즈 등 업체 제공 영양정보) | 빵 및 과자류 | 피자",""
"kfind-d202-120000000-1278","피자_치즈 피자 오리지널 (L)","도미노피자","피자","피자","외식(프랜차이즈 등 업체 제공 영양정보) | 빵 및 과자류 | 피자",""
"kfind-d202-120000000-3327","피자_치즈 피자 씬바샤삭 (R)","7번가피자","피자","피자","외식(프랜차이즈 등 업체 제공 영양정보) | 빵 및 과자류 | 피자",""
"kfind-d202-120000000-3326","피자_치즈 피자 씬바샤삭 (L)","7번가피자","피자","피자","외식(프랜차이즈 등 업체 제공 영양정보) | 빵 및 과자류 | 피자",""
"kfind-d202-120000000-3274","피자_치즈 피자 씬 (M)","도미노피자","피자","피자","외식(프랜차이즈 등 업체 제공 영양정보) | 빵 및 과자류 | 피자",""
"kfind-d202-120000000-1277","피자_치즈 피자 씬 (L)","도미노피자","피자","피자","외식(프랜차이즈 등 업체 제공 영양정보) | 빵 및 과자류 | 피자",""
"kfind-d202-120000000-3273","피자_치즈 피자 슈화 더블 치즈 피자 페퍼로니 엣지 (M)","도미노피자","피자","피자","외식(프랜차이즈 등 업체 제공 영양정보) | 빵 및 과자류 | 피자",""
"kfind-d202-120000000-3272","피자_치즈 피자 슈화 더블 치즈 피자 페퍼로니 엣지 (L)","도미노피자","피자","피자","외식(프랜차이즈 등 업체 제공 영양정보) | 빵 및 과자류 | 피자",""
"kfind-d202-120000000-1276","피자_치즈 피자 슈퍼시드함유도우 (L)","도미노피자","피자","피자","외식(프랜차이즈 등 업체 제공 영양정보) | 빵 및 과자류 | 피자",""
"kfind-d202-120000000-3271","피자_치즈 피자 슈퍼시드 화이버 오리지널 (M)","도미노피자","피자","피자","외식(프랜차이즈 등 업체 제공 영양정보) | 빵 및 과자류 | 피자",""
"kfind-d202-120000000-3270","피자_치즈 피자 슈퍼시드 화이버 오리지널 (L)","도미노피자","피자","피자","외식(프랜차이즈 등 업체 제공 영양정보) | 빵 및 과자류 | 피자",""
"kfind-d202-120000000-3269","피자_치즈 피자 슈퍼시드 화이버 버스트 오리지널 (L)","도미노피자","피자","피자","외식(프랜차이즈 등 업체 제공 영양정보) | 빵 및 과자류 | 피자",""
"kfind-d202-120000000-3323","피자_치즈 피자 석쇠 (R)","7번가피자","피자","피자","외식(프랜차이즈 등 업체 제공 영양정보) | 빵 및 과자류 | 피자",""
"kfind-d202-120000000-3322","피자_치즈 피자 석쇠 (L)","7번가피자","피자","피자","외식(프랜차이즈 등 업체 제공 영양정보) | 빵 및 과자류 | 피자",""
"kfind-d202-120000000-1341","피자_치즈 피자 마니아 파마산엣지 (M)","피자헛","피자","피자","외식(프랜차이즈 등 업체 제공 영양정보) | 빵 및 과자류 | 피자",""
"kfind-d202-120000000-1340","피자_치즈 피자 마니아 파마산엣지 (L)","피자헛","피자","피자","외식(프랜차이즈 등 업체 제공 영양정보) | 빵 및 과자류 | 피자",""
"kfind-d202-120000000-1339","피자_치즈 피자 마니아 에어도우 (M)","피자헛","피자","피자","외식(프랜차이즈 등 업체 제공 영양정보) | 빵 및 과자류 | 피자",""
"kfind-d202-120000000-1338","피자_치즈 피자 마니아 에어도우 (L)","피자헛","피자","피자","외식(프랜차이즈 등 업체 제공 영양정보) | 빵 및 과자류 | 피자",""
"kfind-d202-120000000-3321","피자_치즈 피자 리코타링 (R)","7번가피자","피자","피자","외식(프랜차이즈 등 업체 제공 영양정보) | 빵 및 과자류 | 피자",""
"kfind-d202-120000000-3320","피자_치즈 피자 리코타링 (L)","7번가피자","피자","피자","외식(프랜차이즈 등 업체 제공 영양정보) | 빵 및 과자류 | 피자",""
"kfind-d202-120000000-1336","피자_치즈 피자 리치골드(L)","피자헛","피자","피자","외식(프랜차이즈 등 업체 제공 영양정보) | 빵 및 과자류 | 피자",""
"kfind-d202-120000000-1337","피자_치즈 피자 리치골드 (M)","피자헛","피자","피자","외식(프랜차이즈 등 업체 제공 영양정보) | 빵 및 과자류 | 피자",""
"kfind-d202-120000000-3261","피자_치즈 피자 더블치즈 페퍼로니 엣지 (M)","도미노피자","피자","피자","외식(프랜차이즈 등 업체 제공 영양정보) | 빵 및 과자류 | 피자",""
"kfind-d202-120000000-3260","피자_치즈 피자 더블치즈 페퍼로니 엣지 (L)","도미노피자","피자","피자","외식(프랜차이즈 등 업체 제공 영양정보) | 빵 및 과자류 | 피자",""
"kfind-d202-120000000-1274","피자_치즈 피자 더블치즈 엣지 오리지널 (L)","도미노피자","피자","피자","외식(프랜차이즈 등 업체 제공 영양정보) | 빵 및 과자류 | 피자",""
"kfind-d202-120000000-3319","피자_치즈 피자 더블치즈 엣지 (M)","도미노피자","피자","피자","외식(프랜차이즈 등 업체 제공 영양정보) | 빵 및 과자류 | 피자",""
"kfind-d202-120000000-3318","피자_치즈 피자 더블치즈 엣지 (L)","도미노피자","피자","피자","외식(프랜차이즈 등 업체 제공 영양정보) | 빵 및 과자류 | 피자",""
"kfind-d202-120000000-3259","피자_치즈 피자 나폴리 (M)","도미노피자","피자","피자","외식(프랜차이즈 등 업체 제공 영양정보) | 빵 및 과자류 | 피자",""
"kfind-d202-120000000-1273","피자_치즈 피자 나폴리 (L)","도미노피자","피자","피자","외식(프랜차이즈 등 업체 제공 영양정보) | 빵 및 과자류 | 피자",""
"kfind-d202-120000000-3317","피자_치즈 피자 골드스윗 (R)","7번가피자","피자","피자","외식(프랜차이즈 등 업체 제공 영양정보) | 빵 및 과자류 | 피자",""
"kfind-d202-120000000-3316","피자_치즈 피자 골드스윗 (L)","7번가피자","피자","피자","외식(프랜차이즈 등 업체 제공 영양정보) | 빵 및 과자류 | 피자",""
"kfind-d202-120000000-3314","피자_치즈 피자 (L)","반올림피자","피자","피자","외식(프랜차이즈 등 업체 제공 영양정보) | 빵 및 과자류 | 피자",""
"kfind-d202-120000000-1344","피자_치즈 피자","피자스쿨","피자","피자","외식(프랜차이즈 등 업체 제공 영양정보) | 빵 및 과자류 | 피자",""
"kfind-d202-120410000-0018","피자_치즈 페페로니크래프티드 플래츠 (P)","피자헛","피자","피자","외식(프랜차이즈 등 업체 제공 영양정보) | 빵 및 과자류 | 피자 | 페퍼로니피자",""
"kfind-d202-120340000-0088","피자_치즈 러버팬 (L)","피자헛","피자","피자","외식(프랜차이즈 등 업체 제공 영양정보) | 빵 및 과자류 | 피자 | 치즈피자",""
"kfind-d202-120340000-0087","피자_치즈 러버치즈크러스트 골드 (M)","피자헛","피자","피자","외식(프랜차이즈 등 업체 제공 영양정보) | 빵 및 과자류 | 피자 | 치즈피자",""
"kfind-d202-120340000-0086","피자_치즈 러버치즈크러스트 골드 (L)","피자헛","피자","피자","외식(프랜차이즈 등 업체 제공 영양정보) | 빵 및 과자류 | 피자 | 치즈피자",""
"kfind-d202-120340000-0085","피자_치즈 러버치즈크러스트 (M)","피자헛","피자","피자","외식(프랜차이즈 등 업체 제공 영양정보) | 빵 및 과자류 | 피자 | 치즈피자",""
"kfind-d202-120340000-0084","피자_치즈 러버치즈크러스트 (L)","피자헛","피자","피자","외식(프랜차이즈 등 업체 제공 영양정보) | 빵 및 과자류 | 피자 | 치즈피자",""
"kfind-d202-120000000-4658","피자_치즈 러버오리지널 (M)","피자헛","피자","피자","외식(프랜차이즈 등 업체 제공 영양정보) | 빵 및 과자류 | 피자",""
"kfind-d202-120000000-4657","피자_치즈 러버오리지널 (L)","피자헛","피자","피자","외식(프랜차이즈 등 업체 제공 영양정보) | 빵 및 과자류 | 피자",""
"kfind-d202-120340000-0083","피자_치즈 러버씬 (L)","피자헛","피자","피자","외식(프랜차이즈 등 업체 제공 영양정보) | 빵 및 과자류 | 피자 | 치즈피자",""
"kfind-d202-120340000-0082","피자_치즈 러버리치골드 (M)","피자헛","피자","피자","외식(프랜차이즈 등 업체 제공 영양정보) | 빵 및 과자류 | 피자 | 치즈피자",""
"kfind-d202-120340000-0081","피자_치즈 러버리치골드 (L)","피자헛","피자","피자","외식(프랜차이즈 등 업체 제공 영양정보) | 빵 및 과자류 | 피자 | 치즈피자",""
"kfind-d202-120000000-3267","피자_치즈 러버 피자 팬 (L)","피자헛","피자","피자","외식(프랜차이즈 등 업체 제공 영양정보) | 빵 및 과자류 | 피자",""
"kfind-d202-120000000-3266","피자_치즈 러버 피자 오리지널 파마산 치즈 (M)","피자헛","피자","피자","외식(프랜차이즈 등 업체 제공 영양정보) | 빵 및 과자류 | 피자",""
"kfind-d202-120000000-3265","피자_치즈 러버 피자 오리지널 파마산 치즈 (L)","피자헛","피자","피자","외식(프랜차이즈 등 업체 제공 영양정보) | 빵 및 과자류 | 피자",""
"kfind-d202-120000000-3264","피자_치즈 러버 피자 오리지널 (M)","피자헛","피자","피자","외식(프랜차이즈 등 업체 제공 영양정보) | 빵 및 과자류 | 피자",""
"kfind-d202-120000000-3263","피자_치즈 러버 피자 오리지널 (L)","피자헛","피자","피자","외식(프랜차이즈 등 업체 제공 영양정보) | 빵 및 과자류 | 피자",""
"kfind-d202-120000000-3262","피자_치즈 러버 피자 씬 (L)","피자헛","피자","피자","외식(프랜차이즈 등 업체 제공 영양정보) | 빵 및 과자류 | 피자",""
"kfind-d202-120000000-3251","피자_체다파인애플 피자 치즈링 (R)","7번가피자","피자","피자","외식(프랜차이즈 등 업체 제공 영양정보) | 빵 및 과자류 | 피자",""
"kfind-d202-120000000-3250","피자_체다파인애플 피자 치즈링 (L)","7번가피자","피자","피자","외식(프랜차이즈 등 업체 제공 영양정보) | 빵 및 과자류 | 피자",""
"kfind-d202-120000000-3249","피자_체다파인애플 피자 씬바샤삭 (R)","7번가피자","피자","피자","외식(프랜차이즈 등 업체 제공 영양정보) | 빵 및 과자류 | 피자",""
"kfind-d202-120000000-3248","피자_체다파인애플 피자 씬바샤삭 (L)","7번가피자","피자","피자","외식(프랜차이즈 등 업체 제공 영양정보) | 빵 및 과자류 | 피자",""
"kfind-d202-120000000-3247","피자_체다파인애플 피자 석쇠 (R)","7번가피자","피자","피자","외식(프랜차이즈 등 업체 제공 영양정보) | 빵 및 과자류 | 피자",""
"kfind-d202-120000000-3246","피자_체다파인애플 피자 석쇠 (L)","7번가피자","피자","피자","외식(프랜차이즈 등 업체 제공 영양정보) | 빵 및 과자류 | 피자",""
"kfind-d202-120000000-3245","피자_체다파인애플 피자 리코타링 (R)","7번가피자","피자","피자","외식(프랜차이즈 등 업체 제공 영양정보) | 빵 및 과자류 | 피자",""
"kfind-d202-120000000-3244","피자_체다파인애플 피자 리코타링 (L)","7번가피자","피자","피자","외식(프랜차이즈 등 업체 제공 영양정보) | 빵 및 과자류 | 피자",""
"kfind-d202-120000000-3243","피자_체다파인애플 피자 골드스윗 (R)","7번가피자","피자","피자","외식(프랜차이즈 등 업체 제공 영양정보) | 빵 및 과자류 | 피자",""
"kfind-d202-120000000-3242","피자_체다파인애플 피자 골드스윗 (L)","7번가피자","피자","피자","외식(프랜차이즈 등 업체 제공 영양정보) | 빵 및 과자류 | 피자",""
"kfind-d202-120000000-4650","피자_체다치즈브레드 (1인)","피자마루","피자","피자","외식(프랜차이즈 등 업체 제공 영양정보) | 빵 및 과자류 | 피자",""
"kfind-d202-120000000-1261","피자_체다소세지 피자 바이트 (L)","피자마루","피자","피자","외식(프랜차이즈 등 업체 제공 영양정보) | 빵 및 과자류 | 피자",""
"kfind-d202-120000000-1260","피자_체다소세지 피자 (L)","피자마루","피자","피자","외식(프랜차이즈 등 업체 제공 영양정보) | 빵 및 과자류 | 피자",""
"kfind-d202-120000000-1257","피자_체다골드포테이토 피자 치즈링 (R)","7번가피자","피자","피자","외식(프랜차이즈 등 업체 제공 영양정보) | 빵 및 과자류 | 피자",""
"kfind-d202-120000000-1256","피자_체다골드포테이토 피자 치즈링 (L)","7번가피자","피자","피자","외식(프랜차이즈 등 업체 제공 영양정보) | 빵 및 과자류 | 피자",""
"kfind-d202-120000000-3234","피자_체다골드포테이토 피자 씬바샤삭 (R)","7번가피자","피자","피자","외식(프랜차이즈 등 업체 제공 영양정보) | 빵 및 과자류 | 피자",""
"kfind-d202-120000000-3233","피자_체다골드포테이토 피자 씬바샤삭 (L)","7번가피자","피자","피자","외식(프랜차이즈 등 업체 제공 영양정보) | 빵 및 과자류 | 피자",""
"kfind-d202-120000000-1255","피자_체다골드포테이토 피자 씬도우 (R)","7번가피자","피자","피자","외식(프랜차이즈 등 업체 제공 영양정보) | 빵 및 과자류 | 피자",""
"kfind-d202-120000000-1254","피자_체다골드포테이토 피자 씬도우 (L)","7번가피자","피자","피자","외식(프랜차이즈 등 업체 제공 영양정보) | 빵 및 과자류 | 피자",""
"kfind-d202-120000000-1253","피자_체다골드포테이토 피자 석쇠 (R)","7번가피자","피자","피자","외식(프랜차이즈 등 업체 제공 영양정보) | 빵 및 과자류 | 피자",""
"kfind-d202-120000000-1252","피자_체다골드포테이토 피자 석쇠 (L)","7번가피자","피자","피자","외식(프랜차이즈 등 업체 제공 영양정보) | 빵 및 과자류 | 피자",""
"kfind-d202-120000000-1251","피자_체다골드포테이토 피자 리코타링 (R)","7번가피자","피자","피자","외식(프랜차이즈 등 업체 제공 영양정보) | 빵 및 과자류 | 피자",""
"kfind-d202-120000000-1250","피자_체다골드포테이토 피자 리코타링 (L)","7번가피자","피자","피자","외식(프랜차이즈 등 업체 제공 영양정보) | 빵 및 과자류 | 피자",""
"kfind-d202-120000000-1249","피자_체다골드포테이토 피자 골드스윗 (R)","7번가피자","피자","피자","외식(프랜차이즈 등 업체 제공 영양정보) | 빵 및 과자류 | 피자",""
"kfind-d202-120000000-1248","피자_체다골드포테이토 피자 골드스윗 (L)","7번가피자","피자","피자","외식(프랜차이즈 등 업체 제공 영양정보) | 빵 및 과자류 | 피자",""
"kfind-d202-120000000-3225","피자_찐페퍼로니 피자 씬 크러스트","미스터피자","피자","피자","외식(프랜차이즈 등 업체 제공 영양정보) | 빵 및 과자류 | 피자",""
"kfind-d202-120000000-1200","피자_진짜감자 피자 (L)","청년피자","피자","피자","외식(프랜차이즈 등 업체 제공 영양정보) | 빵 및 과자류 | 피자",""
"kfind-d202-120000000-4622","피자_직화홀릭바이트피자","피자스쿨","피자","피자","외식(프랜차이즈 등 업체 제공 영양정보) | 빵 및 과자류 | 피자",""
"kfind-d202-120000000-1199","피자_직화홀릭바이트 피자","피자스쿨","피자","피자","외식(프랜차이즈 등 업체 제공 영양정보) | 빵 및 과자류 | 피자",""
"kfind-d202-120000000-4621","피자_직화파인애플피자","피자스쿨","피자","피자","외식(프랜차이즈 등 업체 제공 영양정보) | 빵 및 과자류 | 피자",""
"kfind-d202-120000000-1198","피자_직화파인애플 피자","피자스쿨","피자","피자","외식(프랜차이즈 등 업체 제공 영양정보) | 빵 및 과자류 | 피자",""
"kfind-d202-120000000-3194","피자_직화불고기 피자 프리첼 치즈 (M)","피자헛","피자","피자","외식(프랜차이즈 등 업체 제공 영양정보) | 빵 및 과자류 | 피자",""
"kfind-d202-120000000-3193","피자_직화불고기 피자 프리첼 치즈 (L)","피자헛","피자","피자","외식(프랜차이즈 등 업체 제공 영양정보) | 빵 및 과자류 | 피자",""
"kfind-d202-120000000-3189","피자_직화불고기 피자 프리미엄 오리지널 (M)","피자헛","피자","피자","외식(프랜차이즈 등 업체 제공 영양정보) | 빵 및 과자류 | 피자",""
"kfind-d202-120000000-3188","피자_직화불고기 피자 프리미엄 오리지널 (L)","피자헛","피자","피자","외식(프랜차이즈 등 업체 제공 영양정보) | 빵 및 과자류 | 피자",""
"kfind-d202-120000000-1526","피자_직화불고기 피자 팬 (L)","피자헛","피자","피자","외식(프랜차이즈 등 업체 제공 영양정보) | 빵 및 과자류 | 피자",""
"kfind-d202-120000000-1195","피자_직화불고기 피자 치즈크러스트 (M)","피자헛","피자","피자","외식(프랜차이즈 등 업체 제공 영양정보) | 빵 및 과자류 | 피자",""
"kfind-d202-120000000-1194","피자_직화불고기 피자 치즈크러스트 (L)","피자헛","피자","피자","외식(프랜차이즈 등 업체 제공 영양정보) | 빵 및 과자류 | 피자",""
"kfind-d202-120000000-1193","피자_직화불고기 피자 리치골드(M)","피자헛","피자","피자","외식(프랜차이즈 등 업체 제공 영양정보) | 빵 및 과자류 | 피자",""
"kfind-d202-120000000-1192","피자_직화불고기 피자 리치골드(L)","피자헛","피자","피자","외식(프랜차이즈 등 업체 제공 영양정보) | 빵 및 과자류 | 피자",""
"kfind-d202-120000000-3186","피자_직화불고기 피자 더블치즈크러스트 (M)","피자헛","피자","피자","외식(프랜차이즈 등 업체 제공 영양정보) | 빵 및 과자류 | 피자",""
"kfind-d202-120000000-3185","피자_직화불고기 피자 더블치즈크러스트 (L)","피자헛","피자","피자","외식(프랜차이즈 등 업체 제공 영양정보) | 빵 및 과자류 | 피자",""
"kfind-d202-120180000-0094","피자_직화 불고기치즈크러스트 골드 (M)","피자헛","피자","피자","외식(프랜차이즈 등 업체 제공 영양정보) | 빵 및 과자류 | 피자 | 불고기피자",""
"kfind-d202-120180000-0093","피자_직화 불고기치즈크러스트 골드 (L)","피자헛","피자","피자","외식(프랜차이즈 등 업체 제공 영양정보) | 빵 및 과자류 | 피자 | 불고기피자",""
"kfind-d202-120180000-0092","피자_직화 불고기치즈크러스트 (M)","피자헛","피자","피자","외식(프랜차이즈 등 업체 제공 영양정보) | 빵 및 과자류 | 피자 | 불고기피자",""
"kfind-d202-120180000-0091","피자_직화 불고기치즈크러스트 (L)","피자헛","피자","피자","외식(프랜차이즈 등 업체 제공 영양정보) | 빵 및 과자류 | 피자 | 불고기피자",""
"kfind-d202-120180000-0090","피자_직화 불고기오리지널 (M)","피자헛","피자","피자","외식(프랜차이즈 등 업체 제공 영양정보) | 빵 및 과자류 | 피자 | 불고기피자",""
"kfind-d202-120180000-0089","피자_직화 불고기오리지널 (L)","피자헛","피자","피자","외식(프랜차이즈 등 업체 제공 영양정보) | 빵 및 과자류 | 피자 | 불고기피자",""
"kfind-d202-120180000-0088","피자_직화 불고기리치골드 (M)","피자헛","피자","피자","외식(프랜차이즈 등 업체 제공 영양정보) | 빵 및 과자류 | 피자 | 불고기피자",""
"kfind-d202-120180000-0087","피자_직화 불고기리치골드 (L)","피자헛","피자","피자","외식(프랜차이즈 등 업체 제공 영양정보) | 빵 및 과자류 | 피자 | 불고기피자",""
"kfind-d202-120000000-4618","피자_지구식단직화피자","피자스쿨","피자","피자","외식(프랜차이즈 등 업체 제공 영양정보) | 빵 및 과자류 | 피자",""
"kfind-d202-120000000-1188","피자_존스페이버릿 피자 (P)","파파존스","피자","피자","외식(프랜차이즈 등 업체 제공 영양정보) | 빵 및 과자류 | 피자",""
"kfind-d202-120000000-1187","피자_존스페이버릿 피자 (L)","파파존스","피자","피자","외식(프랜차이즈 등 업체 제공 영양정보) | 빵 및 과자류 | 피자",""
"kfind-d202-120000000-1186","피자_존스페이버릿 피자 (F)","파파존스","피자","피자","외식(프랜차이즈 등 업체 제공 영양정보) | 빵 및 과자류 | 피자",""
"kfind-d202-120000000-4617","피자_존스페이버릿 (L)","파파존스","피자","피자","외식(프랜차이즈 등 업체 제공 영양정보) | 빵 및 과자류 | 피자",""
"kfind-d202-120000000-3180","피자_존스 페이버릿 피자 치즈롤 (P)","파파존스","피자","피자","외식(프랜차이즈 등 업체 제공 영양정보) | 빵 및 과자류 | 피자",""
"kfind-d202-120000000-3179","피자_존스 페이버릿 피자 치즈롤 (L)","파파존스","피자","피자","외식(프랜차이즈 등 업체 제공 영양정보) | 빵 및 과자류 | 피자",""
"kfind-d202-120000000-3178","피자_존스 페이버릿 피자 치즈롤 (F)","파파존스","피자","피자","외식(프랜차이즈 등 업체 제공 영양정보) | 빵 및 과자류 | 피자",""
"kfind-d202-120000000-3177","피자_존스 페이버릿 피자 오리지널 (P)","파파존스","피자","피자","외식(프랜차이즈 등 업체 제공 영양정보) | 빵 및 과자류 | 피자",""
"kfind-d202-120000000-3176","피자_존스 페이버릿 피자 오리지널 (L)","파파존스","피자","피자","외식(프랜차이즈 등 업체 제공 영양정보) | 빵 및 과자류 | 피자",""
"kfind-d202-120000000-3175","피자_존스 페이버릿 피자 오리지널 (F)","파파존스","피자","피자","외식(프랜차이즈 등 업체 제공 영양정보) | 빵 및 과자류 | 피자",""
"kfind-d202-120000000-3174","피자_존스 페이버릿 피자 씬 (F)","파파존스","피자","피자","외식(프랜차이즈 등 업체 제공 영양정보) | 빵 및 과자류 | 피자",""
"kfind-d202-120000000-3173","피자_존스 페이버릿 피자 골드링씬 (F)","파파존스","피자","피자","외식(프랜차이즈 등 업체 제공 영양정보) | 빵 및 과자류 | 피자",""
"kfind-d202-120000000-3172","피자_존스 페이버릿 피자 골드링 (P)","파파존스","피자","피자","외식(프랜차이즈 등 업체 제공 영양정보) | 빵 및 과자류 | 피자",""
"kfind-d202-120000000-3171","피자_존스 페이버릿 피자 골드링 (L)","파파존스","피자","피자","외식(프랜차이즈 등 업체 제공 영양정보) | 빵 및 과자류 | 피자",""
"kfind-d202-120000000-3170","피자_존스 페이버릿 피자 골드링 (F)","파파존스","피자","피자","외식(프랜차이즈 등 업체 제공 영양정보) | 빵 및 과자류 | 피자",""
"kfind-d202-120000000-4616","피자_존스 페이버릿 크루아상","파파존스","피자","피자","외식(프랜차이즈 등 업체 제공 영양정보) | 빵 및 과자류 | 피자",""
"kfind-d202-120000000-4615","피자_존스 페이버릿 치즈롤 (P)","파파존스","피자","피자","외식(프랜차이즈 등 업체 제공 영양정보) | 빵 및 과자류 | 피자",""
"kfind-d202-120000000-4614","피자_존스 페이버릿 치즈롤 (L)","파파존스","피자","피자","외식(프랜차이즈 등 업체 제공 영양정보) | 빵 및 과자류 | 피자",""
"kfind-d202-120000000-4613","피자_존스 페이버릿 치즈롤 (F)","파파존스","피자","피자","외식(프랜차이즈 등 업체 제공 영양정보) | 빵 및 과자류 | 피자",""
"kfind-d202-120000000-4612","피자_존스 페이버릿 씬","파파존스","피자","피자","외식(프랜차이즈 등 업체 제공 영양정보) | 빵 및 과자류 | 피자",""
"kfind-d202-120000000-4611","피자_존스 페이버릿 스파이시 갈릭 치즈롤 (P)","파파존스","피자","피자","외식(프랜차이즈 등 업체 제공 영양정보) | 빵 및 과자류 | 피자",""
"kfind-d202-120000000-4610","피자_존스 페이버릿 스파이시 갈릭 치즈롤 (L)","파파존스","피자","피자","외식(프랜차이즈 등 업체 제공 영양정보) | 빵 및 과자류 | 피자",""
"kfind-d202-120000000-4609","피자_존스 페이버릿 스파이시 갈릭 치즈롤 (F)","파파존스","피자","피자","외식(프랜차이즈 등 업체 제공 영양정보) | 빵 및 과자류 | 피자",""
"kfind-d202-120000000-4608","피자_존스 페이버릿 골드링 씬","파파존스","피자","피자","외식(프랜차이즈 등 업체 제공 영양정보) | 빵 및 과자류 | 피자",""
"kfind-d202-120000000-4607","피자_존스 페이버릿 골드링 (P)","파파존스","피자","피자","외식(프랜차이즈 등 업체 제공 영양정보) | 빵 및 과자류 | 피자",""
"kfind-d202-120000000-4606","피자_존스 페이버릿 골드링 (L)","파파존스","피자","피자","외식(프랜차이즈 등 업체 제공 영양정보) | 빵 및 과자류 | 피자",""
"kfind-d202-120000000-4605","피자_존스 페이버릿 골드링 (F)","파파존스","피자","피자","외식(프랜차이즈 등 업체 제공 영양정보) | 빵 및 과자류 | 피자",""
"kfind-d202-120000000-4604","피자_존스 페이버릿 (P)","파파존스","피자","피자","외식(프랜차이즈 등 업체 제공 영양정보) | 빵 및 과자류 | 피자",""
"kfind-d202-120000000-4603","피자_존스 페이버릿 (F)","파파존스","피자","피자","외식(프랜차이즈 등 업체 제공 영양정보) | 빵 및 과자류 | 피자",""
"kfind-d202-120000000-1185","피자_제주 고르곤졸라 피자 메가크런치 씬 (L)","피자헛","피자","피자","외식(프랜차이즈 등 업체 제공 영양정보) | 빵 및 과자류 | 피자",""
"kfind-d202-120000000-4602","피자_점보하와이안쉬림프피자","피자마루","피자","피자","외식(프랜차이즈 등 업체 제공 영양정보) | 빵 및 과자류 | 피자",""
"kfind-d202-120420000-0083","피자_점보포테이토피자","피자마루","피자","피자","외식(프랜차이즈 등 업체 제공 영양정보) | 빵 및 과자류 | 피자 | 포테이토피자",""
"kfind-d202-120000000-1182","피자_점보포테이토 피자 (L)","피자마루","피자","피자","외식(프랜차이즈 등 업체 제공 영양정보) | 빵 및 과자류 | 피자",""
"kfind-d202-120410000-0017","피자_점보페퍼로니피자","피자마루","피자","피자","외식(프랜차이즈 등 업체 제공 영양정보) | 빵 및 과자류 | 피자 | 페퍼로니피자",""
"kfind-d202-120350000-0023","피자_점보콤비네이션피자","피자마루","피자","피자","외식(프랜차이즈 등 업체 제공 영양정보) | 빵 및 과자류 | 피자 | 콤비네이션피자",""
"kfind-d202-120340000-0079","피자_점보이탈리안치즈피자","피자마루","피자","피자","외식(프랜차이즈 등 업체 제공 영양정보) | 빵 및 과자류 | 피자 | 치즈피자",""
"kfind-d202-120000000-4601","피자_점보스테이크불갈비피자","피자마루","피자","피자","외식(프랜차이즈 등 업체 제공 영양정보) | 빵 및 과자류 | 피자",""
"kfind-d202-120000000-1180","피자_점보스테이크불갈비 피자 (L)","피자마루","피자","피자","외식(프랜차이즈 등 업체 제공 영양정보) | 빵 및 과자류 | 피자",""
"kfind-d202-120180000-0086","피자_점보불고기피자","피자마루","피자","피자","외식(프랜차이즈 등 업체 제공 영양정보) | 빵 및 과자류 | 피자 | 불고기피자",""
"kfind-d202-120000000-1179","피자_점보불고기 피자","피자마루","피자","피자","외식(프랜차이즈 등 업체 제공 영양정보) | 빵 및 과자류 | 피자",""
"kfind-d202-120000000-4600","피자_점보꿀고구마피자","피자마루","피자","피자","외식(프랜차이즈 등 업체 제공 영양정보) | 빵 및 과자류 | 피자",""
"kfind-d202-120000000-1178","피자_점보꿀고구마 피자","피자마루","피자","피자","외식(프랜차이즈 등 업체 제공 영양정보) | 빵 및 과자류 | 피자",""
"kfind-d202-120340000-0078","피자_이탈리안치즈피자바이트","피자마루","피자","피자","외식(프랜차이즈 등 업체 제공 영양정보) | 빵 및 과자류 | 피자 | 치즈피자",""
"kfind-d202-120340000-0077","피자_이탈리안치즈피자","피자마루","피자","피자","외식(프랜차이즈 등 업체 제공 영양정보) | 빵 및 과자류 | 피자 | 치즈피자",""
"kfind-d202-120000000-1174","피자_이탈리안치즈 피자 바이트 (L)","피자마루","피자","피자","외식(프랜차이즈 등 업체 제공 영양정보) | 빵 및 과자류 | 피자",""
"kfind-d202-120000000-1172","피자_이탈리안치즈 피자 (L)","피자마루","피자","피자","외식(프랜차이즈 등 업체 제공 영양정보) | 빵 및 과자류 | 피자",""
"kfind-d202-120000000-4592","피자_이탈리안미트피자","피자마루","피자","피자","외식(프랜차이즈 등 업체 제공 영양정보) | 빵 및 과자류 | 피자",""
"kfind-d202-120000000-3159","피자_이탈리아 마르게리따 피자 치즈버스트 오리지널 (L)","도미노피자","피자","피자","외식(프랜차이즈 등 업체 제공 영양정보) | 빵 및 과자류 | 피자",""
"kfind-d202-120000000-3158","피자_이탈리아 마르게리따 피자 치즈버스트 나폴리 (L)","도미노피자","피자","피자","외식(프랜차이즈 등 업체 제공 영양정보) | 빵 및 과자류 | 피자",""
"kfind-d202-120000000-3157","피자_이탈리아 마르게리따 피자 오리지널 (L)","도미노피자","피자","피자","외식(프랜차이즈 등 업체 제공 영양정보) | 빵 및 과자류 | 피자",""
"kfind-d202-120000000-3156","피자_이탈리아 마르게리따 피자 씬 (L)","도미노피자","피자","피자","외식(프랜차이즈 등 업체 제공 영양정보) | 빵 및 과자류 | 피자",""
"kfind-d202-120000000-3155","피자_이탈리아 마르게리따 피자 슈화 더블치즈 페퍼로니 엣지 (L)","도미노피자","피자","피자","외식(프랜차이즈 등 업체 제공 영양정보) | 빵 및 과자류 | 피자",""
"kfind-d202-120000000-3154","피자_이탈리아 마르게리따 피자 슈퍼시드 화이버 오리지널 (L)","도미노피자","피자","피자","외식(프랜차이즈 등 업체 제공 영양정보) | 빵 및 과자류 | 피자",""
"kfind-d202-120000000-3152","피자_이탈리아 마르게리따 피자 슈퍼시드 화이버 버스트 오리지널 (L)","도미노피자","피자","피자","외식(프랜차이즈 등 업체 제공 영양정보) | 빵 및 과자류 | 피자",""
"kfind-d202-120000000-3150","피자_이탈리아 마르게리따 피자 더블치즈 페퍼로니 엣지 (L)","도미노피자","피자","피자","외식(프랜차이즈 등 업체 제공 영양정보) | 빵 및 과자류 | 피자",""
"kfind-d202-120000000-3151","피자_이탈리아 마르게리따 피자 더블치즈 엣지 (L)","도미노피자","피자","피자","외식(프랜차이즈 등 업체 제공 영양정보) | 빵 및 과자류 | 피자",""
"kfind-d202-120000000-3149","피자_이탈리아 마르게리따 피자 나폴리 (L)","도미노피자","피자","피자","외식(프랜차이즈 등 업체 제공 영양정보) | 빵 및 과자류 | 피자",""
"kfind-d202-120000000-1170","피자_위스콘신치즈포테이토 피자 (P)","파파존스","피자","피자","외식(프랜차이즈 등 업체 제공 영양정보) | 빵 및 과자류 | 피자",""
"kfind-d202-120000000-1169","피자_위스콘신치즈포테이토 피자 (L)","파파존스","피자","피자","외식(프랜차이즈 등 업체 제공 영양정보) | 빵 및 과자류 | 피자",""
"kfind-d202-120000000-1168","피자_위스콘신치즈포테이토 피자 (F)","파파존스","피자","피자","외식(프랜차이즈 등 업체 제공 영양정보) | 빵 및 과자류 | 피자",""
"kfind-d202-120420000-0082","피자_위스콘신치즈포테이토 (L)","파파존스","피자","피자","외식(프랜차이즈 등 업체 제공 영양정보) | 빵 및 과자류 | 피자 | 포테이토피자",""
"kfind-d202-120000000-3145","피자_위스콘신 치즈 포테이토 피자 치즈롤 (P)","파파존스","피자","피자","외식(프랜차이즈 등 업체 제공 영양정보) | 빵 및 과자류 | 피자",""
"kfind-d202-120000000-3144","피자_위스콘신 치즈 포테이토 피자 치즈롤 (L)","파파존스","피자","피자","외식(프랜차이즈 등 업체 제공 영양정보) | 빵 및 과자류 | 피자",""
"kfind-d202-120000000-3143","피자_위스콘신 치즈 포테이토 피자 치즈롤 (F)","파파존스","피자","피자","외식(프랜차이즈 등 업체 제공 영양정보) | 빵 및 과자류 | 피자",""
"kfind-d202-120000000-3142","피자_위스콘신 치즈 포테이토 피자 오리지널 (P)","파파존스","피자","피자","외식(프랜차이즈 등 업체 제공 영양정보) | 빵 및 과자류 | 피자",""
"kfind-d202-120000000-3141","피자_위스콘신 치즈 포테이토 피자 오리지널 (L)","파파존스","피자","피자","외식(프랜차이즈 등 업체 제공 영양정보) | 빵 및 과자류 | 피자",""
"kfind-d202-120000000-3140","피자_위스콘신 치즈 포테이토 피자 오리지널 (F)","파파존스","피자","피자","외식(프랜차이즈 등 업체 제공 영양정보) | 빵 및 과자류 | 피자",""
"kfind-d202-120000000-3139","피자_위스콘신 치즈 포테이토 피자 골드링 (P)","파파존스","피자","피자","외식(프랜차이즈 등 업체 제공 영양정보) | 빵 및 과자류 | 피자",""
"kfind-d202-120000000-3138","피자_위스콘신 치즈 포테이토 피자 골드링 (L)","파파존스","피자","피자","외식(프랜차이즈 등 업체 제공 영양정보) | 빵 및 과자류 | 피자",""
"kfind-d202-120000000-3137","피자_위스콘신 치즈 포테이토 피자 골드링 (F)","파파존스","피자","피자","외식(프랜차이즈 등 업체 제공 영양정보) | 빵 및 과자류 | 피자",""
"kfind-d202-120420000-0081","피자_위스콘신 치즈 포테이토 크루아상","파파존스","피자","피자","외식(프랜차이즈 등 업체 제공 영양정보) | 빵 및 과자류 | 피자 | 포테이토피자",""
"kfind-d202-120420000-0080","피자_위스콘신 치즈 포테이토 치즈롤 (P)","파파존스","피자","피자","외식(프랜차이즈 등 업체 제공 영양정보) | 빵 및 과자류 | 피자 | 포테이토피자",""
"kfind-d202-120420000-0079","피자_위스콘신 치즈 포테이토 치즈롤 (L)","파파존스","피자","피자","외식(프랜차이즈 등 업체 제공 영양정보) | 빵 및 과자류 | 피자 | 포테이토피자",""
"kfind-d202-120420000-0078","피자_위스콘신 치즈 포테이토 치즈롤 (F)","파파존스","피자","피자","외식(프랜차이즈 등 업체 제공 영양정보) | 빵 및 과자류 | 피자 | 포테이토피자",""
"kfind-d202-120420000-0077","피자_위스콘신 치즈 포테이토 스파이시 갈릭 치즈롤 (P)","파파존스","피자","피자","외식(프랜차이즈 등 업체 제공 영양정보) | 빵 및 과자류 | 피자 | 포테이토피자",""
"kfind-d202-120420000-0076","피자_위스콘신 치즈 포테이토 스파이시 갈릭 치즈롤 (L)","파파존스","피자","피자","외식(프랜차이즈 등 업체 제공 영양정보) | 빵 및 과자류 | 피자 | 포테이토피자",""
"kfind-d202-120420000-0075","피자_위스콘신 치즈 포테이토 스파이시 갈릭 치즈롤 (F)","파파존스","피자","피자","외식(프랜차이즈 등 업체 제공 영양정보) | 빵 및 과자류 | 피자 | 포테이토피자",""
"kfind-d202-120420000-0074","피자_위스콘신 치즈 포테이토 골드링 (P)","파파존스","피자","피자","외식(프랜차이즈 등 업체 제공 영양정보) | 빵 및 과자류 | 피자 | 포테이토피자",""
"kfind-d202-120420000-0073","피자_위스콘신 치즈 포테이토 골드링 (L)","파파존스","피자","피자","외식(프랜차이즈 등 업체 제공 영양정보) | 빵 및 과자류 | 피자 | 포테이토피자",""
"kfind-d202-120420000-0072","피자_위스콘신 치즈 포테이토 골드링 (F)","파파존스","피자","피자","외식(프랜차이즈 등 업체 제공 영양정보) | 빵 및 과자류 | 피자 | 포테이토피자",""
"kfind-d202-120420000-0071","피자_위스콘신 치즈 포테이토 (P)","파파존스","피자","피자","외식(프랜차이즈 등 업체 제공 영양정보) | 빵 및 과자류 | 피자 | 포테이토피자",""
"kfind-d202-120420000-0070","피자_위스콘신 치즈 포테이토 (F)","파파존스","피자","피자","외식(프랜차이즈 등 업체 제공 영양정보) | 빵 및 과자류 | 피자 | 포테이토피자",""
"kfind-d202-120000000-3134","피자_웨지포테이토 피자 씬 (L)","피자헛","피자","피자","외식(프랜차이즈 등 업체 제공 영양정보) | 빵 및 과자류 | 피자",""
"kfind-d202-120000000-1163","피자_웨지포테이토 피자 마니아 파마산엣지 (M)","피자헛","피자","피자","외식(프랜차이즈 등 업체 제공 영양정보) | 빵 및 과자류 | 피자",""
"kfind-d202-120000000-1162","피자_웨지포테이토 피자 마니아 파마산엣지 (L)","피자헛","피자","피자","외식(프랜차이즈 등 업체 제공 영양정보) | 빵 및 과자류 | 피자",""
"kfind-d202-120000000-1161","피자_웨지포테이토 피자 마니아 에어도우 (M)","피자헛","피자","피자","외식(프랜차이즈 등 업체 제공 영양정보) | 빵 및 과자류 | 피자",""
"kfind-d202-120000000-1160","피자_웨지포테이토 피자 마니아 에어도우 (L)","피자헛","피자","피자","외식(프랜차이즈 등 업체 제공 영양정보) | 빵 및 과자류 | 피자",""
"kfind-d202-120000000-1167","피자_웨지포테이토 피자","피자헛","피자","피자","외식(프랜차이즈 등 업체 제공 영양정보) | 빵 및 과자류 | 피자",""
"kfind-d202-120000000-4591","피자_우리고구마오리지널(L)","도미노피자","피자","피자","외식(프랜차이즈 등 업체 제공 영양정보) | 빵 및 과자류 | 피자",""
"kfind-d202-120000000-3124","피자_우리 고구마 피자 치즈버스트 오리지널 (L)","도미노피자","피자","피자","외식(프랜차이즈 등 업체 제공 영양정보) | 빵 및 과자류 | 피자",""
"kfind-d202-120000000-3123","피자_우리 고구마 피자 치즈버스트 나폴리 (L)","도미노피자","피자","피자","외식(프랜차이즈 등 업체 제공 영양정보) | 빵 및 과자류 | 피자",""
"kfind-d202-120000000-3126","피자_우리 고구마 피자 치즈 엣지 (M)","도미노피자","피자","피자","외식(프랜차이즈 등 업체 제공 영양정보) | 빵 및 과자류 | 피자",""
"kfind-d202-120000000-3125","피자_우리 고구마 피자 치즈 엣지 (L)","도미노피자","피자","피자","외식(프랜차이즈 등 업체 제공 영양정보) | 빵 및 과자류 | 피자",""
"kfind-d202-120000000-3122","피자_우리 고구마 피자 오리지널 (M)","도미노피자","피자","피자","외식(프랜차이즈 등 업체 제공 영양정보) | 빵 및 과자류 | 피자",""
"kfind-d202-120000000-1155","피자_우리 고구마 피자 오리지널 (L)","도미노피자","피자","피자","외식(프랜차이즈 등 업체 제공 영양정보) | 빵 및 과자류 | 피자",""
"kfind-d202-120000000-3121","피자_우리 고구마 피자 씬 (M)","도미노피자","피자","피자","외식(프랜차이즈 등 업체 제공 영양정보) | 빵 및 과자류 | 피자",""
"kfind-d202-120000000-3120","피자_우리 고구마 피자 씬 (L)","도미노피자","피자","피자","외식(프랜차이즈 등 업체 제공 영양정보) | 빵 및 과자류 | 피자",""
"kfind-d202-120000000-3119","피자_우리 고구마 피자 슈화 더블 치즈 페퍼로니 엣지 (M)","도미노피자","피자","피자","외식(프랜차이즈 등 업체 제공 영양정보) | 빵 및 과자류 | 피자",""
"kfind-d202-120000000-3118","피자_우리 고구마 피자 슈화 더블 치즈 페퍼로니 엣지 (L)","도미노피자","피자","피자","외식(프랜차이즈 등 업체 제공 영양정보) | 빵 및 과자류 | 피자",""
"kfind-d202-120000000-3117","피자_우리 고구마 피자 슈퍼시드 화이버 오리지널 (M)","도미노피자","피자","피자","외식(프랜차이즈 등 업체 제공 영양정보) | 빵 및 과자류 | 피자",""
"kfind-d202-120000000-3116","피자_우리 고구마 피자 슈퍼시드 화이버 오리지널 (L)","도미노피자","피자","피자","외식(프랜차이즈 등 업체 제공 영양정보) | 빵 및 과자류 | 피자",""
"kfind-d202-120000000-3113","피자_우리 고구마 피자 슈퍼시드 화이버 버스트 오리지널 (L)","도미노피자","피자","피자","외식(프랜차이즈 등 업체 제공 영양정보) | 빵 및 과자류 | 피자",""
"kfind-d202-120000000-3112","피자_우리 고구마 피자 더블치즈 페퍼로니 엣지 (M)","도미노피자","피자","피자","외식(프랜차이즈 등 업체 제공 영양정보) | 빵 및 과자류 | 피자",""
"kfind-d202-120000000-3111","피자_우리 고구마 피자 더블치즈 페퍼로니 엣지 (L)","도미노피자","피자","피자","외식(프랜차이즈 등 업체 제공 영양정보) | 빵 및 과자류 | 피자",""
"kfind-d202-120000000-3110","피자_우리 고구마 피자 나폴리 (M)","도미노피자","피자","피자","외식(프랜차이즈 등 업체 제공 영양정보) | 빵 및 과자류 | 피자",""
"kfind-d202-120000000-3109","피자_우리 고구마 피자 나폴리 (L)","도미노피자","피자","피자","외식(프랜차이즈 등 업체 제공 영양정보) | 빵 및 과자류 | 피자",""
"kfind-d202-120000000-4590","피자_와일드와일드웨스트스테이크오리지널(L)","도미노피자","피자","피자","외식(프랜차이즈 등 업체 제공 영양정보) | 빵 및 과자류 | 피자",""
"kfind-d202-120000000-1151","피자_와이키키 피자 치즈링 (R)","7번가피자","피자","피자","외식(프랜차이즈 등 업체 제공 영양정보) | 빵 및 과자류 | 피자",""
"kfind-d202-120000000-1150","피자_와이키키 피자 치즈링 (L)","7번가피자","피자","피자","외식(프랜차이즈 등 업체 제공 영양정보) | 빵 및 과자류 | 피자",""
"kfind-d202-120000000-3102","피자_와이키키 피자 씬바샤삭 (R)","7번가피자","피자","피자","외식(프랜차이즈 등 업체 제공 영양정보) | 빵 및 과자류 | 피자",""
"kfind-d202-120000000-3101","피자_와이키키 피자 씬바샤삭 (L)","7번가피자","피자","피자","외식(프랜차이즈 등 업체 제공 영양정보) | 빵 및 과자류 | 피자",""
"kfind-d202-120000000-1149","피자_와이키키 피자 씬도우 (R)","7번가피자","피자","피자","외식(프랜차이즈 등 업체 제공 영양정보) | 빵 및 과자류 | 피자",""
"kfind-d202-120000000-1148","피자_와이키키 피자 씬도우 (L)","7번가피자","피자","피자","외식(프랜차이즈 등 업체 제공 영양정보) | 빵 및 과자류 | 피자",""
"kfind-d202-120000000-1147","피자_와이키키 피자 석쇠 (R)","7번가피자","피자","피자","외식(프랜차이즈 등 업체 제공 영양정보) | 빵 및 과자류 | 피자",""
"kfind-d202-120000000-1146","피자_와이키키 피자 석쇠 (L)","7번가피자","피자","피자","외식(프랜차이즈 등 업체 제공 영양정보) | 빵 및 과자류 | 피자",""
"kfind-d202-120000000-1145","피자_와이키키 피자 리코타링 (R)","7번가피자","피자","피자","외식(프랜차이즈 등 업체 제공 영양정보) | 빵 및 과자류 | 피자",""
"kfind-d202-120000000-1144","피자_와이키키 피자 리코타링 (L)","7번가피자","피자","피자","외식(프랜차이즈 등 업체 제공 영양정보) | 빵 및 과자류 | 피자",""
"kfind-d202-120000000-1143","피자_와이키키 피자 골드스윗 (R)","7번가피자","피자","피자","외식(프랜차이즈 등 업체 제공 영양정보) | 빵 및 과자류 | 피자",""
"kfind-d202-120000000-1142","피자_와이키키 피자 골드스윗 (L)","7번가피자","피자","피자","외식(프랜차이즈 등 업체 제공 영양정보) | 빵 및 과자류 | 피자",""
"kfind-d202-120000000-3083","피자_와와웨 피자 더블치즈 페퍼로니 엣지 (M)","도미노피자","피자","피자","외식(프랜차이즈 등 업체 제공 영양정보) | 빵 및 과자류 | 피자",""
"kfind-d202-120000000-3082","피자_와와웨 피자 더블치즈 페퍼로니 엣지 (L)","도미노피자","피자","피자","외식(프랜차이즈 등 업체 제공 영양정보) | 빵 및 과자류 | 피자",""
"kfind-d202-120000000-3100","피자_와와웨 스테이크 피자 치즈버스트 오리지널 (L)","도미노피자","피자","피자","외식(프랜차이즈 등 업체 제공 영양정보) | 빵 및 과자류 | 피자",""
"kfind-d202-120000000-3099","피자_와와웨 스테이크 피자 치즈버스트 나폴리 (L)","도미노피자","피자","피자","외식(프랜차이즈 등 업체 제공 영양정보) | 빵 및 과자류 | 피자",""
"kfind-d202-120000000-3098","피자_와와웨 스테이크 피자 오리지널 (M)","도미노피자","피자","피자","외식(프랜차이즈 등 업체 제공 영양정보) | 빵 및 과자류 | 피자",""
"kfind-d202-120000000-3097","피자_와와웨 스테이크 피자 오리지널 (L)","도미노피자","피자","피자","외식(프랜차이즈 등 업체 제공 영양정보) | 빵 및 과자류 | 피자",""
"kfind-d202-120000000-3096","피자_와와웨 스테이크 피자 씬 (M)","도미노피자","피자","피자","외식(프랜차이즈 등 업체 제공 영양정보) | 빵 및 과자류 | 피자",""
"kfind-d202-120000000-3095","피자_와와웨 스테이크 피자 씬 (L)","도미노피자","피자","피자","외식(프랜차이즈 등 업체 제공 영양정보) | 빵 및 과자류 | 피자",""
"kfind-d202-120000000-3094","피자_와와웨 스테이크 피자 슈화 더블 치즈 페퍼로니 엣지 (M)","도미노피자","피자","피자","외식(프랜차이즈 등 업체 제공 영양정보) | 빵 및 과자류 | 피자",""
"kfind-d202-120000000-3093","피자_와와웨 스테이크 피자 슈화 더블 치즈 페퍼로니 엣지 (L)","도미노피자","피자","피자","외식(프랜차이즈 등 업체 제공 영양정보) | 빵 및 과자류 | 피자",""
"kfind-d202-120000000-3092","피자_와와웨 스테이크 피자 슈퍼시드 화이버 오리지널 (M)","도미노피자","피자","피자","외식(프랜차이즈 등 업체 제공 영양정보) | 빵 및 과자류 | 피자",""
"kfind-d202-120000000-3091","피자_와와웨 스테이크 피자 슈퍼시드 화이버 오리지널 (L)","도미노피자","피자","피자","외식(프랜차이즈 등 업체 제공 영양정보) | 빵 및 과자류 | 피자",""
"kfind-d202-120000000-3088","피자_와와웨 스테이크 피자 슈퍼시드 화이버 버스트 오리지널 (L)","도미노피자","피자","피자","외식(프랜차이즈 등 업체 제공 영양정보) | 빵 및 과자류 | 피자",""
"kfind-d202-120000000-3087","피자_와와웨 스테이크 피자 더블치즈 엣지 (M)","도미노피자","피자","피자","외식(프랜차이즈 등 업체 제공 영양정보) | 빵 및 과자류 | 피자",""
"kfind-d202-120000000-3086","피자_와와웨 스테이크 피자 더블치즈 엣지 (L)","도미노피자","피자","피자","외식(프랜차이즈 등 업체 제공 영양정보) | 빵 및 과자류 | 피자",""
"kfind-d202-120000000-3085","피자_와와웨 스테이크 피자 나폴리 (M)","도미노피자","피자","피자","외식(프랜차이즈 등 업체 제공 영양정보) | 빵 및 과자류 | 피자",""
"kfind-d202-120000000-3084","피자_와와웨 스테이크 피자 나폴리 (L)","도미노피자","피자","피자","외식(프랜차이즈 등 업체 제공 영양정보) | 빵 및 과자류 | 피자",""
"kfind-d202-120000000-1139","피자_와규베스트플래버 피자 (L)","청년피자","피자","피자","외식(프랜차이즈 등 업체 제공 영양정보) | 빵 및 과자류 | 피자",""
"kfind-d202-120000000-3079","피자_올미트 피자 치즈롤 (P)","파파존스","피자","피자","외식(프랜차이즈 등 업체 제공 영양정보) | 빵 및 과자류 | 피자",""
"kfind-d202-120000000-3078","피자_올미트 피자 치즈롤 (L)","파파존스","피자","피자","외식(프랜차이즈 등 업체 제공 영양정보) | 빵 및 과자류 | 피자",""
"kfind-d202-120000000-3077","피자_올미트 피자 치즈롤 (F)","파파존스","피자","피자","외식(프랜차이즈 등 업체 제공 영양정보) | 빵 및 과자류 | 피자",""
"kfind-d202-120000000-3076","피자_올미트 피자 오리지널 (R)","파파존스","피자","피자","외식(프랜차이즈 등 업체 제공 영양정보) | 빵 및 과자류 | 피자",""
"kfind-d202-120000000-3075","피자_올미트 피자 오리지널 (P)","파파존스","피자","피자","외식(프랜차이즈 등 업체 제공 영양정보) | 빵 및 과자류 | 피자",""
"kfind-d202-120000000-3074","피자_올미트 피자 오리지널 (L)","파파존스","피자","피자","외식(프랜차이즈 등 업체 제공 영양정보) | 빵 및 과자류 | 피자",""
"kfind-d202-120000000-3073","피자_올미트 피자 오리지널 (F)","파파존스","피자","피자","외식(프랜차이즈 등 업체 제공 영양정보) | 빵 및 과자류 | 피자",""
"kfind-d202-120000000-3072","피자_올미트 피자 씬 (F)","파파존스","피자","피자","외식(프랜차이즈 등 업체 제공 영양정보) | 빵 및 과자류 | 피자",""
"kfind-d202-120000000-3071","피자_올미트 피자 골드링씬 (F)","파파존스","피자","피자","외식(프랜차이즈 등 업체 제공 영양정보) | 빵 및 과자류 | 피자",""
"kfind-d202-120000000-3070","피자_올미트 피자 골드링 (P)","파파존스","피자","피자","외식(프랜차이즈 등 업체 제공 영양정보) | 빵 및 과자류 | 피자",""
"kfind-d202-120000000-3069","피자_올미트 피자 골드링 (L)","파파존스","피자","피자","외식(프랜차이즈 등 업체 제공 영양정보) | 빵 및 과자류 | 피자",""
"kfind-d202-120000000-3068","피자_올미트 피자 골드링 (F)","파파존스","피자","피자","외식(프랜차이즈 등 업체 제공 영양정보) | 빵 및 과자류 | 피자",""
"kfind-d202-120000000-1135","피자_올미트 피자 (R)","파파존스","피자","피자","외식(프랜차이즈 등 업체 제공 영양정보) | 빵 및 과자류 | 피자",""
"kfind-d202-120000000-1134","피자_올미트 피자 (P)","파파존스","피자","피자","외식(프랜차이즈 등 업체 제공 영양정보) | 빵 및 과자류 | 피자",""
"kfind-d202-120000000-1133","피자_올미트 피자 (L)","파파존스","피자","피자","외식(프랜차이즈 등 업체 제공 영양정보) | 빵 및 과자류 | 피자",""
"kfind-d202-120000000-1132","피자_올미트 피자 (F)","파파존스","피자","피자","외식(프랜차이즈 등 업체 제공 영양정보) | 빵 및 과자류 | 피자",""
"kfind-d202-120000000-4581","피자_올미트 크루아상","파파존스","피자","피자","외식(프랜차이즈 등 업체 제공 영양정보) | 빵 및 과자류 | 피자",""
"kfind-d202-120000000-4580","피자_올미트 치즈롤 (P)","파파존스","피자","피자","외식(프랜차이즈 등 업체 제공 영양정보) | 빵 및 과자류 | 피자",""
"kfind-d202-120000000-4579","피자_올미트 치즈롤 (L)","파파존스","피자","피자","외식(프랜차이즈 등 업체 제공 영양정보) | 빵 및 과자류 | 피자",""
"kfind-d202-120000000-4578","피자_올미트 치즈롤 (F)","파파존스","피자","피자","외식(프랜차이즈 등 업체 제공 영양정보) | 빵 및 과자류 | 피자",""
"kfind-d202-120000000-4577","피자_올미트 씬","파파존스","피자","피자","외식(프랜차이즈 등 업체 제공 영양정보) | 빵 및 과자류 | 피자",""
"kfind-d202-120000000-4576","피자_올미트 스파이시 갈릭 치즈롤 (P)","파파존스","피자","피자","외식(프랜차이즈 등 업체 제공 영양정보) | 빵 및 과자류 | 피자",""
"kfind-d202-120000000-4575","피자_올미트 스파이시 갈릭 치즈롤 (L)","파파존스","피자","피자","외식(프랜차이즈 등 업체 제공 영양정보) | 빵 및 과자류 | 피자",""
"kfind-d202-120000000-4574","피자_올미트 스파이시 갈릭 치즈롤 (F)","파파존스","피자","피자","외식(프랜차이즈 등 업체 제공 영양정보) | 빵 및 과자류 | 피자",""
"kfind-d202-120000000-4573","피자_올미트 골드링 씬","파파존스","피자","피자","외식(프랜차이즈 등 업체 제공 영양정보) | 빵 및 과자류 | 피자",""
"kfind-d202-120000000-4572","피자_올미트 골드링 (P)","파파존스","피자","피자","외식(프랜차이즈 등 업체 제공 영양정보) | 빵 및 과자류 | 피자",""
"kfind-d202-120000000-4571","피자_올미트 골드링 (L)","파파존스","피자","피자","외식(프랜차이즈 등 업체 제공 영양정보) | 빵 및 과자류 | 피자",""
"kfind-d202-120000000-4570","피자_올미트 골드링 (F)","파파존스","피자","피자","외식(프랜차이즈 등 업체 제공 영양정보) | 빵 및 과자류 | 피자",""
"kfind-d202-120000000-4569","피자_올미트 (R)","파파존스","피자","피자","외식(프랜차이즈 등 업체 제공 영양정보) | 빵 및 과자류 | 피자",""
"kfind-d202-120000000-4568","피자_올미트 (P)","파파존스","피자","피자","외식(프랜차이즈 등 업체 제공 영양정보) | 빵 및 과자류 | 피자",""
"kfind-d202-120000000-4567","피자_올미트 (L)","파파존스","피자","피자","외식(프랜차이즈 등 업체 제공 영양정보) | 빵 및 과자류 | 피자",""
"kfind-d202-120000000-4566","피자_올미트 (F)","파파존스","피자","피자","외식(프랜차이즈 등 업체 제공 영양정보) | 빵 및 과자류 | 피자",""
"kfind-d202-120000000-4561","피자_옥수수콘피자 (1인)","피자마루","피자","피자","외식(프랜차이즈 등 업체 제공 영양정보) | 빵 및 과자류 | 피자",""
"kfind-d202-120420000-0069","피자_오지치즈포테이토피자","피자스쿨","피자","피자","외식(프랜차이즈 등 업체 제공 영양정보) | 빵 및 과자류 | 피자 | 포테이토피자",""
"kfind-d202-120000000-3064","피자_오지치즈포테이토 피자","피자스쿨","피자","피자","외식(프랜차이즈 등 업체 제공 영양정보) | 빵 및 과자류 | 피자",""
"kfind-d202-120000000-1129","피자_오리지널슈프림 피자 마니아 파마산엣지 (M)","피자헛","피자","피자","외식(프랜차이즈 등 업체 제공 영양정보) | 빵 및 과자류 | 피자",""
"kfind-d202-120000000-1128","피자_오리지널슈프림 피자 마니아 파마산엣지 (L)","피자헛","피자","피자","외식(프랜차이즈 등 업체 제공 영양정보) | 빵 및 과자류 | 피자",""
"kfind-d202-120000000-1127","피자_오리지널슈프림 피자 마니아 에어도우 (M)","피자헛","피자","피자","외식(프랜차이즈 등 업체 제공 영양정보) | 빵 및 과자류 | 피자",""
"kfind-d202-120000000-1126","피자_오리지널슈프림 피자 마니아 에어도우 (L)","피자헛","피자","피자","외식(프랜차이즈 등 업체 제공 영양정보) | 빵 및 과자류 | 피자",""
"kfind-d202-120000000-4555","피자_연유피자 (1인)","피자마루","피자","피자","외식(프랜차이즈 등 업체 제공 영양정보) | 빵 및 과자류 | 피자",""
"kfind-d202-120000000-1125","피자_에그콘 피자 (L)","청년피자","피자","피자","외식(프랜차이즈 등 업체 제공 영양정보) | 빵 및 과자류 | 피자",""
"kfind-d202-120350000-0021","피자_얼티밋 콤비네이션크래프티드 플래츠 (P)","피자헛","피자","피자","외식(프랜차이즈 등 업체 제공 영양정보) | 빵 및 과자류 | 피자 | 콤비네이션피자",""
"kfind-d202-120000000-1118","피자_얌얌페페로니 피자","피자헛","피자","피자","외식(프랜차이즈 등 업체 제공 영양정보) | 빵 및 과자류 | 피자",""
"kfind-d202-120000000-4544","피자_야채퀘사디아피자","피자스쿨","피자","피자","외식(프랜차이즈 등 업체 제공 영양정보) | 빵 및 과자류 | 피자",""
"kfind-d202-120000000-1101","피자_야채퀘사디아 피자","피자스쿨","피자","피자","외식(프랜차이즈 등 업체 제공 영양정보) | 빵 및 과자류 | 피자",""
"kfind-d202-120000000-1116","피자_야채 피자 리치골드(L)","피자헛","피자","피자","외식(프랜차이즈 등 업체 제공 영양정보) | 빵 및 과자류 | 피자",""
"kfind-d202-120000000-1117","피자_야채 피자 리치골드 (M)","피자헛","피자","피자","외식(프랜차이즈 등 업체 제공 영양정보) | 빵 및 과자류 | 피자",""
"kfind-d202-120000000-1107","피자_야채 피자 (L)","청년피자","피자","피자","외식(프랜차이즈 등 업체 제공 영양정보) | 빵 및 과자류 | 피자",""
"kfind-d202-120000000-4537","피자_알로하 하와이팬 (L)","피자헛","피자","피자","외식(프랜차이즈 등 업체 제공 영양정보) | 빵 및 과자류 | 피자",""
"kfind-d202-120000000-4536","피자_알로하 하와이치즈크러스트 골드 (M)","피자헛","피자","피자","외식(프랜차이즈 등 업체 제공 영양정보) | 빵 및 과자류 | 피자",""
"kfind-d202-120000000-4535","피자_알로하 하와이치즈크러스트 골드 (L)","피자헛","피자","피자","외식(프랜차이즈 등 업체 제공 영양정보) | 빵 및 과자류 | 피자",""
"kfind-d202-120000000-4534","피자_알로하 하와이치즈크러스트 (M)","피자헛","피자","피자","외식(프랜차이즈 등 업체 제공 영양정보) | 빵 및 과자류 | 피자",""
"kfind-d202-120000000-4533","피자_알로하 하와이치즈크러스트 (L)","피자헛","피자","피자","외식(프랜차이즈 등 업체 제공 영양정보) | 빵 및 과자류 | 피자",""
"kfind-d202-120000000-4532","피자_알로하 하와이오리지널 (M)","피자헛","피자","피자","외식(프랜차이즈 등 업체 제공 영양정보) | 빵 및 과자류 | 피자",""
"kfind-d202-120000000-4531","피자_알로하 하와이오리지널 (L)","피자헛","피자","피자","외식(프랜차이즈 등 업체 제공 영양정보) | 빵 및 과자류 | 피자",""
"kfind-d202-120000000-4530","피자_알로하 하와이씬 (L)","피자헛","피자","피자","외식(프랜차이즈 등 업체 제공 영양정보) | 빵 및 과자류 | 피자",""
"kfind-d202-120000000-4529","피자_알로하 하와이리치골드 (M)","피자헛","피자","피자","외식(프랜차이즈 등 업체 제공 영양정보) | 빵 및 과자류 | 피자",""
"kfind-d202-120000000-4528","피자_알로하 하와이리치골드 (L)","피자헛","피자","피자","외식(프랜차이즈 등 업체 제공 영양정보) | 빵 및 과자류 | 피자",""
"kfind-d202-120000000-3041","피자_알로하 하와이 피자 팬 (L)","피자헛","피자","피자","외식(프랜차이즈 등 업체 제공 영양정보) | 빵 및 과자류 | 피자",""
"kfind-d202-120000000-3040","피자_알로하 하와이 피자 씬 (L)","피자헛","피자","피자","외식(프랜차이즈 등 업체 제공 영양정보) | 빵 및 과자류 | 피자",""
"kfind-d202-120000000-3039","피자_알로아 하와이 피자 오리지널 파마산 치즈 (M)","피자헛","피자","피자","외식(프랜차이즈 등 업체 제공 영양정보) | 빵 및 과자류 | 피자",""
"kfind-d202-120000000-3038","피자_알로아 하와이 피자 오리지널 파마산 치즈 (L)","피자헛","피자","피자","외식(프랜차이즈 등 업체 제공 영양정보) | 빵 및 과자류 | 피자",""
"kfind-d202-120000000-3037","피자_알로아 하와이 피자 오리지널 (M)","피자헛","피자","피자","외식(프랜차이즈 등 업체 제공 영양정보) | 빵 및 과자류 | 피자",""
"kfind-d202-120000000-3036","피자_알로아 하와이 피자 오리지널 (L)","피자헛","피자","피자","외식(프랜차이즈 등 업체 제공 영양정보) | 빵 및 과자류 | 피자",""
"kfind-d202-120420000-0068","피자_아이리쉬포테이토피자","피자스쿨","피자","피자","외식(프랜차이즈 등 업체 제공 영양정보) | 빵 및 과자류 | 피자 | 포테이토피자",""
"kfind-d202-120000000-1095","피자_아이리쉬포테이토 피자 (R)","파파존스","피자","피자","외식(프랜차이즈 등 업체 제공 영양정보) | 빵 및 과자류 | 피자",""
"kfind-d202-120000000-1094","피자_아이리쉬포테이토 피자 (P)","파파존스","피자","피자","외식(프랜차이즈 등 업체 제공 영양정보) | 빵 및 과자류 | 피자",""
"kfind-d202-120000000-1093","피자_아이리쉬포테이토 피자 (L)","파파존스","피자","피자","외식(프랜차이즈 등 업체 제공 영양정보) | 빵 및 과자류 | 피자",""
"kfind-d202-120000000-1092","피자_아이리쉬포테이토 피자 (F)","파파존스","피자","피자","외식(프랜차이즈 등 업체 제공 영양정보) | 빵 및 과자류 | 피자",""
"kfind-d202-120000000-1096","피자_아이리쉬포테이토 피자","피자스쿨","피자","피자","외식(프랜차이즈 등 업체 제공 영양정보) | 빵 및 과자류 | 피자",""
"kfind-d202-120420000-0067","피자_아이리쉬포테이토 (R)","파파존스","피자","피자","외식(프랜차이즈 등 업체 제공 영양정보) | 빵 및 과자류 | 피자 | 포테이토피자",""
"kfind-d202-120000000-3032","피자_아이리쉬 포테이토 피자 치즈롤 (P)","파파존스","피자","피자","외식(프랜차이즈 등 업체 제공 영양정보) | 빵 및 과자류 | 피자",""
"kfind-d202-120000000-3031","피자_아이리쉬 포테이토 피자 치즈롤 (L)","파파존스","피자","피자","외식(프랜차이즈 등 업체 제공 영양정보) | 빵 및 과자류 | 피자",""
"kfind-d202-120000000-3030","피자_아이리쉬 포테이토 피자 치즈롤 (F)","파파존스","피자","피자","외식(프랜차이즈 등 업체 제공 영양정보) | 빵 및 과자류 | 피자",""
"kfind-d202-120000000-3029","피자_아이리쉬 포테이토 피자 오리지널 (R)","파파존스","피자","피자","외식(프랜차이즈 등 업체 제공 영양정보) | 빵 및 과자류 | 피자",""
"kfind-d202-120000000-3028","피자_아이리쉬 포테이토 피자 오리지널 (P)","파파존스","피자","피자","외식(프랜차이즈 등 업체 제공 영양정보) | 빵 및 과자류 | 피자",""
"kfind-d202-120000000-3027","피자_아이리쉬 포테이토 피자 오리지널 (L)","파파존스","피자","피자","외식(프랜차이즈 등 업체 제공 영양정보) | 빵 및 과자류 | 피자",""
"kfind-d202-120000000-3026","피자_아이리쉬 포테이토 피자 오리지널 (F)","파파존스","피자","피자","외식(프랜차이즈 등 업체 제공 영양정보) | 빵 및 과자류 | 피자",""
"kfind-d202-120000000-3025","피자_아이리쉬 포테이토 피자 씬 (F)","파파존스","피자","피자","외식(프랜차이즈 등 업체 제공 영양정보) | 빵 및 과자류 | 피자",""
"kfind-d202-120000000-3024","피자_아이리쉬 포테이토 피자 골드링씬 (F)","파파존스","피자","피자","외식(프랜차이즈 등 업체 제공 영양정보) | 빵 및 과자류 | 피자",""
"kfind-d202-120000000-3023","피자_아이리쉬 포테이토 피자 골드링 (P)","파파존스","피자","피자","외식(프랜차이즈 등 업체 제공 영양정보) | 빵 및 과자류 | 피자",""
"kfind-d202-120000000-3022","피자_아이리쉬 포테이토 피자 골드링 (L)","파파존스","피자","피자","외식(프랜차이즈 등 업체 제공 영양정보) | 빵 및 과자류 | 피자",""
"kfind-d202-120000000-3021","피자_아이리쉬 포테이토 피자 골드링 (F)","파파존스","피자","피자","외식(프랜차이즈 등 업체 제공 영양정보) | 빵 및 과자류 | 피자",""
"kfind-d202-120420000-0066","피자_아이리쉬 포테이토 크루아상","파파존스","피자","피자","외식(프랜차이즈 등 업체 제공 영양정보) | 빵 및 과자류 | 피자 | 포테이토피자",""
"kfind-d202-120420000-0065","피자_아이리쉬 포테이토 치즈롤 (P)","파파존스","피자","피자","외식(프랜차이즈 등 업체 제공 영양정보) | 빵 및 과자류 | 피자 | 포테이토피자",""
"kfind-d202-120420000-0064","피자_아이리쉬 포테이토 치즈롤 (L)","파파존스","피자","피자","외식(프랜차이즈 등 업체 제공 영양정보) | 빵 및 과자류 | 피자 | 포테이토피자",""
"kfind-d202-120420000-0063","피자_아이리쉬 포테이토 치즈롤 (F)","파파존스","피자","피자","외식(프랜차이즈 등 업체 제공 영양정보) | 빵 및 과자류 | 피자 | 포테이토피자",""
"kfind-d202-120420000-0062","피자_아이리쉬 포테이토 씬","파파존스","피자","피자","외식(프랜차이즈 등 업체 제공 영양정보) | 빵 및 과자류 | 피자 | 포테이토피자",""
"kfind-d202-120420000-0061","피자_아이리쉬 포테이토 스파이시 갈릭 치즈롤 (P)","파파존스","피자","피자","외식(프랜차이즈 등 업체 제공 영양정보) | 빵 및 과자류 | 피자 | 포테이토피자",""
"kfind-d202-120420000-0060","피자_아이리쉬 포테이토 스파이시 갈릭 치즈롤 (L)","파파존스","피자","피자","외식(프랜차이즈 등 업체 제공 영양정보) | 빵 및 과자류 | 피자 | 포테이토피자",""
"kfind-d202-120420000-0059","피자_아이리쉬 포테이토 스파이시 갈릭 치즈롤 (F)","파파존스","피자","피자","외식(프랜차이즈 등 업체 제공 영양정보) | 빵 및 과자류 | 피자 | 포테이토피자",""
"kfind-d202-120420000-0058","피자_아이리쉬 포테이토 골드링 씬","파파존스","피자","피자","외식(프랜차이즈 등 업체 제공 영양정보) | 빵 및 과자류 | 피자 | 포테이토피자",""
"kfind-d202-120420000-0057","피자_아이리쉬 포테이토 골드링 (P)","파파존스","피자","피자","외식(프랜차이즈 등 업체 제공 영양정보) | 빵 및 과자류 | 피자 | 포테이토피자",""
"kfind-d202-120420000-0056","피자_아이리쉬 포테이토 골드링 (L)","파파존스","피자","피자","외식(프랜차이즈 등 업체 제공 영양정보) | 빵 및 과자류 | 피자 | 포테이토피자",""
"kfind-d202-120420000-0055","피자_아이리쉬 포테이토 골드링 (F)","파파존스","피자","피자","외식(프랜차이즈 등 업체 제공 영양정보) | 빵 및 과자류 | 피자 | 포테이토피자",""
"kfind-d202-120420000-0054","피자_아이리쉬 포테이토 (P)","파파존스","피자","피자","외식(프랜차이즈 등 업체 제공 영양정보) | 빵 및 과자류 | 피자 | 포테이토피자",""
"kfind-d202-120420000-0053","피자_아이리쉬 포테이토 (L)","파파존스","피자","피자","외식(프랜차이즈 등 업체 제공 영양정보) | 빵 및 과자류 | 피자 | 포테이토피자",""
"kfind-d202-120420000-0052","피자_아이리쉬 포테이토 (F)","파파존스","피자","피자","외식(프랜차이즈 등 업체 제공 영양정보) | 빵 및 과자류 | 피자 | 포테이토피자",""
"kfind-d202-120000000-3003","피자_아보카도 새우 피자 치즈버스트 오리지널 (L)","도미노피자","피자","피자","외식(프랜차이즈 등 업체 제공 영양정보) | 빵 및 과자류 | 피자",""
"kfind-d202-120000000-3002","피자_아보카도 새우 피자 치즈버스트 나폴리 (L)","도미노피자","피자","피자","외식(프랜차이즈 등 업체 제공 영양정보) | 빵 및 과자류 | 피자",""
"kfind-d202-120000000-3001","피자_아보카도 새우 피자 오리지널 (M)","도미노피자","피자","피자","외식(프랜차이즈 등 업체 제공 영양정보) | 빵 및 과자류 | 피자",""
"kfind-d202-120000000-3000","피자_아보카도 새우 피자 오리지널 (L)","도미노피자","피자","피자","외식(프랜차이즈 등 업체 제공 영양정보) | 빵 및 과자류 | 피자",""
"kfind-d202-120000000-2999","피자_아보카도 새우 피자 씬 (M)","도미노피자","피자","피자","외식(프랜차이즈 등 업체 제공 영양정보) | 빵 및 과자류 | 피자",""
"kfind-d202-120000000-2998","피자_아보카도 새우 피자 씬 (L)","도미노피자","피자","피자","외식(프랜차이즈 등 업체 제공 영양정보) | 빵 및 과자류 | 피자",""
"kfind-d202-120000000-2997","피자_아보카도 새우 피자 슈화 더블 치즈 페퍼로니 엣지 (M)","도미노피자","피자","피자","외식(프랜차이즈 등 업체 제공 영양정보) | 빵 및 과자류 | 피자",""
"kfind-d202-120000000-2996","피자_아보카도 새우 피자 슈화 더블 치즈 페퍼로니 엣지 (L)","도미노피자","피자","피자","외식(프랜차이즈 등 업체 제공 영양정보) | 빵 및 과자류 | 피자",""
"kfind-d202-120000000-2995","피자_아보카도 새우 피자 슈퍼시드 화이버 오리지널 (M)","도미노피자","피자","피자","외식(프랜차이즈 등 업체 제공 영양정보) | 빵 및 과자류 | 피자",""
"kfind-d202-120000000-2994","피자_아보카도 새우 피자 슈퍼시드 화이버 오리지널 (L)","도미노피자","피자","피자","외식(프랜차이즈 등 업체 제공 영양정보) | 빵 및 과자류 | 피자",""
"kfind-d202-120000000-3004","피자_아보카도 새우 피자 슈퍼시드 화이버 버스트 오리지널 (L)","도미노피자","피자","피자","외식(프랜차이즈 등 업체 제공 영양정보) | 빵 및 과자류 | 피자",""
"kfind-d202-120000000-2991","피자_아보카도 새우 피자 더블치즈 페퍼로니 엣지 (M)","도미노피자","피자","피자","외식(프랜차이즈 등 업체 제공 영양정보) | 빵 및 과자류 | 피자",""
"kfind-d202-120000000-2990","피자_아보카도 새우 피자 더블치즈 페퍼로니 엣지 (L)","도미노피자","피자","피자","외식(프랜차이즈 등 업체 제공 영양정보) | 빵 및 과자류 | 피자",""
"kfind-d202-120000000-2993","피자_아보카도 새우 피자 더블치즈 엣지 (M)","도미노피자","피자","피자","외식(프랜차이즈 등 업체 제공 영양정보) | 빵 및 과자류 | 피자",""
"kfind-d202-120000000-2992","피자_아보카도 새우 피자 더블치즈 엣지 (L)","도미노피자","피자","피자","외식(프랜차이즈 등 업체 제공 영양정보) | 빵 및 과자류 | 피자",""
"kfind-d202-120000000-2989","피자_아보카도 새우 피자 나폴리 (M)","도미노피자","피자","피자","외식(프랜차이즈 등 업체 제공 영양정보) | 빵 및 과자류 | 피자",""
"kfind-d202-120000000-2988","피자_아보카도 새우 피자 나폴리 (L)","도미노피자","피자","피자","외식(프랜차이즈 등 업체 제공 영양정보) | 빵 및 과자류 | 피자",""
"kfind-d202-120000000-4505","피자_아메리칸체다피자바이트","피자마루","피자","피자","외식(프랜차이즈 등 업체 제공 영양정보) | 빵 및 과자류 | 피자",""
"kfind-d202-120000000-4504","피자_아메리칸체다피자","피자마루","피자","피자","외식(프랜차이즈 등 업체 제공 영양정보) | 빵 및 과자류 | 피자",""
"kfind-d202-120000000-2986","피자_아메리칸 스페셜 피자 오리지널 파마산 치즈 (M)","피자헛","피자","피자","외식(프랜차이즈 등 업체 제공 영양정보) | 빵 및 과자류 | 피자",""
"kfind-d202-120000000-2985","피자_아메리칸 스페셜 피자 오리지널 (M)","피자헛","피자","피자","외식(프랜차이즈 등 업체 제공 영양정보) | 빵 및 과자류 | 피자",""
"kfind-d202-120000000-4502","피자_씨푸드킹치즈크러스트 골드 (M)","피자헛","피자","피자","외식(프랜차이즈 등 업체 제공 영양정보) | 빵 및 과자류 | 피자",""
"kfind-d202-120000000-4501","피자_씨푸드킹치즈크러스트 골드 (L)","피자헛","피자","피자","외식(프랜차이즈 등 업체 제공 영양정보) | 빵 및 과자류 | 피자",""
"kfind-d202-120000000-4500","피자_씨푸드킹치즈크러스트 (M)","피자헛","피자","피자","외식(프랜차이즈 등 업체 제공 영양정보) | 빵 및 과자류 | 피자",""
"kfind-d202-120000000-4499","피자_씨푸드킹치즈크러스트 (L)","피자헛","피자","피자","외식(프랜차이즈 등 업체 제공 영양정보) | 빵 및 과자류 | 피자",""
"kfind-d202-120000000-4498","피자_씨푸드킹오리지널 (M)","피자헛","피자","피자","외식(프랜차이즈 등 업체 제공 영양정보) | 빵 및 과자류 | 피자",""
"kfind-d202-120000000-4497","피자_씨푸드킹오리지널 (L)","피자헛","피자","피자","외식(프랜차이즈 등 업체 제공 영양정보) | 빵 및 과자류 | 피자",""
"kfind-d202-120000000-4496","피자_씨푸드킹리치골드 (M)","피자헛","피자","피자","외식(프랜차이즈 등 업체 제공 영양정보) | 빵 및 과자류 | 피자",""
"kfind-d202-120000000-4495","피자_씨푸드킹리치골드 (L)","피자헛","피자","피자","외식(프랜차이즈 등 업체 제공 영양정보) | 빵 및 과자류 | 피자",""
"kfind-d202-120000000-2981","피자_씨푸드킹 피자 프리첼 치즈 (M)","피자헛","피자","피자","외식(프랜차이즈 등 업체 제공 영양정보) | 빵 및 과자류 | 피자",""
"kfind-d202-120000000-2980","피자_씨푸드킹 피자 프리미엄 오리지널 (M)","피자헛","피자","피자","외식(프랜차이즈 등 업체 제공 영양정보) | 빵 및 과자류 | 피자",""
"kfind-d202-120000000-2979","피자_씨푸드킹 피자 프리미엄 오리지널 (L)","피자헛","피자","피자","외식(프랜차이즈 등 업체 제공 영양정보) | 빵 및 과자류 | 피자",""
"kfind-d202-120000000-2978","피자_씨푸드킹 피자 프레첼 치즈 (L)","피자헛","피자","피자","외식(프랜차이즈 등 업체 제공 영양정보) | 빵 및 과자류 | 피자",""
"kfind-d202-120000000-2977","피자_씨푸드킹 피자 리치골드 M","피자헛","피자","피자","외식(프랜차이즈 등 업체 제공 영양정보) | 빵 및 과자류 | 피자",""
"kfind-d202-120000000-2976","피자_씨푸드킹 피자 리치골드 (L)","피자헛","피자","피자","외식(프랜차이즈 등 업체 제공 영양정보) | 빵 및 과자류 | 피자",""
"kfind-d202-120000000-2975","피자_씨푸드킹 피자 더블치즈크러스트 (M)","피자헛","피자","피자","외식(프랜차이즈 등 업체 제공 영양정보) | 빵 및 과자류 | 피자",""
"kfind-d202-120000000-2974","피자_씨푸드킹 피자 더블치즈크러스트 (L)","피자헛","피자","피자","외식(프랜차이즈 등 업체 제공 영양정보) | 빵 및 과자류 | 피자",""
"kfind-d202-120000000-2973","피자_씨푸드콘바스켓 피자 (L)","청년피자","피자","피자","외식(프랜차이즈 등 업체 제공 영양정보) | 빵 및 과자류 | 피자",""
"kfind-d202-120000000-1056","피자_쏘핫불고기 피자 (R)","반올림피자","피자","피자","외식(프랜차이즈 등 업체 제공 영양정보) | 빵 및 과자류 | 피자",""
"kfind-d202-120000000-1054","피자_쏘핫불고기 피자 (L)","반올림피자","피자","피자","외식(프랜차이즈 등 업체 제공 영양정보) | 빵 및 과자류 | 피자",""
"kfind-d202-120000000-1051","피자_식스치즈 피자 (P)","파파존스","피자","피자","외식(프랜차이즈 등 업체 제공 영양정보) | 빵 및 과자류 | 피자",""
"kfind-d202-120000000-1050","피자_식스치즈 피자 (L)","파파존스","피자","피자","외식(프랜차이즈 등 업체 제공 영양정보) | 빵 및 과자류 | 피자",""
"kfind-d202-120000000-1049","피자_식스치즈 피자 (F)","파파존스","피자","피자","외식(프랜차이즈 등 업체 제공 영양정보) | 빵 및 과자류 | 피자",""
"kfind-d202-120340000-0073","피자_식스치즈 (L)","파파존스","피자","피자","외식(프랜차이즈 등 업체 제공 영양정보) | 빵 및 과자류 | 피자 | 치즈피자",""
"kfind-d202-120000000-2968","피자_식스 치즈 피자 치즈 피자롤 (P)","파파존스","피자","피자","외식(프랜차이즈 등 업체 제공 영양정보) | 빵 및 과자류 | 피자",""
"kfind-d202-120000000-2967","피자_식스 치즈 피자 치즈 피자롤 (L)","파파존스","피자","피자","외식(프랜차이즈 등 업체 제공 영양정보) | 빵 및 과자류 | 피자",""
"kfind-d202-120000000-2966","피자_식스 치즈 피자 치즈 피자롤 (F)","파파존스","피자","피자","외식(프랜차이즈 등 업체 제공 영양정보) | 빵 및 과자류 | 피자",""
"kfind-d202-120000000-2965","피자_식스 치즈 피자 오리지널 (P)","파파존스","피자","피자","외식(프랜차이즈 등 업체 제공 영양정보) | 빵 및 과자류 | 피자",""
"kfind-d202-120000000-2964","피자_식스 치즈 피자 오리지널 (L)","파파존스","피자","피자","외식(프랜차이즈 등 업체 제공 영양정보) | 빵 및 과자류 | 피자",""
"kfind-d202-120000000-2963","피자_식스 치즈 피자 오리지널 (F)","파파존스","피자","피자","외식(프랜차이즈 등 업체 제공 영양정보) | 빵 및 과자류 | 피자",""
"kfind-d202-120000000-2962","피자_식스 치즈 피자 씬 (F)","파파존스","피자","피자","외식(프랜차이즈 등 업체 제공 영양정보) | 빵 및 과자류 | 피자",""
"kfind-d202-120000000-2961","피자_식스 치즈 피자 골드링씬 (F)","파파존스","피자","피자","외식(프랜차이즈 등 업체 제공 영양정보) | 빵 및 과자류 | 피자",""
"kfind-d202-120000000-2960","피자_식스 치즈 피자 골드링 (P)","파파존스","피자","피자","외식(프랜차이즈 등 업체 제공 영양정보) | 빵 및 과자류 | 피자",""
"kfind-d202-120000000-2959","피자_식스 치즈 피자 골드링 (L)","파파존스","피자","피자","외식(프랜차이즈 등 업체 제공 영양정보) | 빵 및 과자류 | 피자",""
"kfind-d202-120000000-2958","피자_식스 치즈 피자 골드링 (F)","파파존스","피자","피자","외식(프랜차이즈 등 업체 제공 영양정보) | 빵 및 과자류 | 피자",""
"kfind-d202-120340000-0072","피자_식스 치즈 크루아상","파파존스","피자","베이커리","외식(프랜차이즈 등 업체 제공 영양정보) | 빵 및 과자류 | 피자 | 치즈피자",""
"kfind-d202-120340000-0071","피자_식스 치즈 치즈롤 (P)","파파존스","피자","피자","외식(프랜차이즈 등 업체 제공 영양정보) | 빵 및 과자류 | 피자 | 치즈피자",""
"kfind-d202-120340000-0070","피자_식스 치즈 치즈롤 (L)","파파존스","피자","피자","외식(프랜차이즈 등 업체 제공 영양정보) | 빵 및 과자류 | 피자 | 치즈피자",""
"kfind-d202-120340000-0069","피자_식스 치즈 치즈롤 (F)","파파존스","피자","피자","외식(프랜차이즈 등 업체 제공 영양정보) | 빵 및 과자류 | 피자 | 치즈피자",""
"kfind-d202-120340000-0068","피자_식스 치즈 씬","파파존스","피자","피자","외식(프랜차이즈 등 업체 제공 영양정보) | 빵 및 과자류 | 피자 | 치즈피자",""
"kfind-d202-120340000-0067","피자_식스 치즈 스파이시 갈릭 치즈롤 (P)","파파존스","피자","피자","외식(프랜차이즈 등 업체 제공 영양정보) | 빵 및 과자류 | 피자 | 치즈피자",""
"kfind-d202-120340000-0066","피자_식스 치즈 스파이시 갈릭 치즈롤 (L)","파파존스","피자","피자","외식(프랜차이즈 등 업체 제공 영양정보) | 빵 및 과자류 | 피자 | 치즈피자",""
"kfind-d202-120340000-0065","피자_식스 치즈 스파이시 갈릭 치즈롤 (F)","파파존스","피자","피자","외식(프랜차이즈 등 업체 제공 영양정보) | 빵 및 과자류 | 피자 | 치즈피자",""
"kfind-d202-120340000-0064","피자_식스 치즈 골드링 씬","파파존스","피자","피자","외식(프랜차이즈 등 업체 제공 영양정보) | 빵 및 과자류 | 피자 | 치즈피자",""
"kfind-d202-120340000-0063","피자_식스 치즈 골드링 (P)","파파존스","피자","피자","외식(프랜차이즈 등 업체 제공 영양정보) | 빵 및 과자류 | 피자 | 치즈피자",""
"kfind-d202-120340000-0062","피자_식스 치즈 골드링 (L)","파파존스","피자","피자","외식(프랜차이즈 등 업체 제공 영양정보) | 빵 및 과자류 | 피자 | 치즈피자",""
"kfind-d202-120340000-0061","피자_식스 치즈 골드링 (F)","파파존스","피자","피자","외식(프랜차이즈 등 업체 제공 영양정보) | 빵 및 과자류 | 피자 | 치즈피자",""
"kfind-d202-120340000-0060","피자_식스 치즈 (P)","파파존스","피자","피자","외식(프랜차이즈 등 업체 제공 영양정보) | 빵 및 과자류 | 피자 | 치즈피자",""
"kfind-d202-120340000-0059","피자_식스 치즈 (F)","파파존스","피자","피자","외식(프랜차이즈 등 업체 제공 영양정보) | 빵 및 과자류 | 피자 | 치즈피자",""
"kfind-d202-120000000-2957","피자_시크릿더블크런치 피자 (L)","청년피자","피자","피자","외식(프랜차이즈 등 업체 제공 영양정보) | 빵 및 과자류 | 피자",""
"kfind-d202-120000000-1048","피자_시카고딥 피자 노엣지 (R)","미스터피자","피자","피자","외식(프랜차이즈 등 업체 제공 영양정보) | 빵 및 과자류 | 피자",""
"kfind-d202-120000000-2956","피자_시카고딥 피자 노엣지 (M)","미스터피자","피자","피자","외식(프랜차이즈 등 업체 제공 영양정보) | 빵 및 과자류 | 피자",""
"kfind-d202-120000000-1047","피자_시카고딥 피자 노엣지 (L)","미스터피자","피자","피자","외식(프랜차이즈 등 업체 제공 영양정보) | 빵 및 과자류 | 피자",""
"kfind-d202-120000000-2954","피자_시카고 딥디쉬 피자","굽네치킨","치킨","피자","외식(프랜차이즈 등 업체 제공 영양정보) | 빵 및 과자류 | 피자",""
"kfind-d202-120000000-2951","피자_스페셜 포테이토 피자 오리지널 파마산 치즈 (M)","피자헛","피자","피자","외식(프랜차이즈 등 업체 제공 영양정보) | 빵 및 과자류 | 피자",""
"kfind-d202-120000000-2950","피자_스페셜 포테이토 피자 오리지널 (M)","피자헛","피자","피자","외식(프랜차이즈 등 업체 제공 영양정보) | 빵 및 과자류 | 피자",""
"kfind-d202-120000000-4484","피자_스팸체다피자 (1인)","피자마루","피자","피자","외식(프랜차이즈 등 업체 제공 영양정보) | 빵 및 과자류 | 피자",""
"kfind-d202-120000000-1042","피자_스파이시치킨랜치 피자 (R)","파파존스","피자","피자","외식(프랜차이즈 등 업체 제공 영양정보) | 빵 및 과자류 | 피자",""
"kfind-d202-120000000-1041","피자_스파이시치킨랜치 피자 (P)","파파존스","피자","피자","외식(프랜차이즈 등 업체 제공 영양정보) | 빵 및 과자류 | 피자",""
"kfind-d202-120000000-1040","피자_스파이시치킨랜치 피자 (L)","파파존스","피자","피자","외식(프랜차이즈 등 업체 제공 영양정보) | 빵 및 과자류 | 피자",""
"kfind-d202-120000000-1039","피자_스파이시치킨랜치 피자 (F)","파파존스","피자","피자","외식(프랜차이즈 등 업체 제공 영양정보) | 빵 및 과자류 | 피자",""
"kfind-d202-120000000-4483","피자_스파이시치킨랜치 (R)","파파존스","피자","피자","외식(프랜차이즈 등 업체 제공 영양정보) | 빵 및 과자류 | 피자",""
"kfind-d202-120000000-1038","피자_스파이시이탈리안 피자 (P)","파파존스","피자","피자","외식(프랜차이즈 등 업체 제공 영양정보) | 빵 및 과자류 | 피자",""
"kfind-d202-120000000-1037","피자_스파이시이탈리안 피자 (L)","파파존스","피자","피자","외식(프랜차이즈 등 업체 제공 영양정보) | 빵 및 과자류 | 피자",""
"kfind-d202-120000000-1036","피자_스파이시이탈리안 피자 (F)","파파존스","피자","피자","외식(프랜차이즈 등 업체 제공 영양정보) | 빵 및 과자류 | 피자",""
"kfind-d202-120000000-4482","피자_스파이시이탈리안 (L)","파파존스","피자","피자","외식(프랜차이즈 등 업체 제공 영양정보) | 빵 및 과자류 | 피자",""
"kfind-d202-120000000-2947","피자_스파이시 치킨 랜치 피자 치즈롤 (P)","파파존스","피자","피자","외식(프랜차이즈 등 업체 제공 영양정보) | 빵 및 과자류 | 피자",""
"kfind-d202-120000000-2946","피자_스파이시 치킨 랜치 피자 치즈롤 (L)","파파존스","피자","피자","외식(프랜차이즈 등 업체 제공 영양정보) | 빵 및 과자류 | 피자",""
"kfind-d202-120000000-2945","피자_스파이시 치킨 랜치 피자 치즈롤 (F)","파파존스","피자","피자","외식(프랜차이즈 등 업체 제공 영양정보) | 빵 및 과자류 | 피자",""
"kfind-d202-120000000-2944","피자_스파이시 치킨 랜치 피자 오리지널 (R)","파파존스","피자","피자","외식(프랜차이즈 등 업체 제공 영양정보) | 빵 및 과자류 | 피자",""
"kfind-d202-120000000-2943","피자_스파이시 치킨 랜치 피자 오리지널 (P)","파파존스","피자","피자","외식(프랜차이즈 등 업체 제공 영양정보) | 빵 및 과자류 | 피자",""
"kfind-d202-120000000-2942","피자_스파이시 치킨 랜치 피자 오리지널 (L)","파파존스","피자","피자","외식(프랜차이즈 등 업체 제공 영양정보) | 빵 및 과자류 | 피자",""
"kfind-d202-120000000-2941","피자_스파이시 치킨 랜치 피자 오리지널 (F)","파파존스","피자","피자","외식(프랜차이즈 등 업체 제공 영양정보) | 빵 및 과자류 | 피자",""
"kfind-d202-120000000-2940","피자_스파이시 치킨 랜치 피자 씬 (F)","파파존스","피자","피자","외식(프랜차이즈 등 업체 제공 영양정보) | 빵 및 과자류 | 피자",""
"kfind-d202-120000000-2939","피자_스파이시 치킨 랜치 피자 골드링씬 (F)","파파존스","피자","피자","외식(프랜차이즈 등 업체 제공 영양정보) | 빵 및 과자류 | 피자",""
"kfind-d202-120000000-2938","피자_스파이시 치킨 랜치 피자 골드링 (P)","파파존스","피자","피자","외식(프랜차이즈 등 업체 제공 영양정보) | 빵 및 과자류 | 피자",""
"kfind-d202-120000000-2937","피자_스파이시 치킨 랜치 피자 골드링 (L)","파파존스","피자","피자","외식(프랜차이즈 등 업체 제공 영양정보) | 빵 및 과자류 | 피자",""
"kfind-d202-120000000-2936","피자_스파이시 치킨 랜치 피자 골드링 (F)","파파존스","피자","피자","외식(프랜차이즈 등 업체 제공 영양정보) | 빵 및 과자류 | 피자",""
"kfind-d202-120000000-4481","피자_스파이시 치킨 랜치 크루아상","파파존스","피자","피자","외식(프랜차이즈 등 업체 제공 영양정보) | 빵 및 과자류 | 피자",""
"kfind-d202-120000000-4480","피자_스파이시 치킨 랜치 치즈롤 (P)","파파존스","피자","피자","외식(프랜차이즈 등 업체 제공 영양정보) | 빵 및 과자류 | 피자",""
"kfind-d202-120000000-4479","피자_스파이시 치킨 랜치 치즈롤 (L)","파파존스","피자","피자","외식(프랜차이즈 등 업체 제공 영양정보) | 빵 및 과자류 | 피자",""
"kfind-d202-120000000-4478","피자_스파이시 치킨 랜치 치즈롤 (F)","파파존스","피자","피자","외식(프랜차이즈 등 업체 제공 영양정보) | 빵 및 과자류 | 피자",""
"kfind-d202-120000000-4477","피자_스파이시 치킨 랜치 씬","파파존스","피자","피자","외식(프랜차이즈 등 업체 제공 영양정보) | 빵 및 과자류 | 피자",""
"kfind-d202-120000000-4476","피자_스파이시 치킨 랜치 스파이시 갈릭 치즈롤 (P)","파파존스","피자","피자","외식(프랜차이즈 등 업체 제공 영양정보) | 빵 및 과자류 | 피자",""
"kfind-d202-120000000-4475","피자_스파이시 치킨 랜치 스파이시 갈릭 치즈롤 (L)","파파존스","피자","피자","외식(프랜차이즈 등 업체 제공 영양정보) | 빵 및 과자류 | 피자",""
"kfind-d202-120000000-4474","피자_스파이시 치킨 랜치 스파이시 갈릭 치즈롤 (F)","파파존스","피자","피자","외식(프랜차이즈 등 업체 제공 영양정보) | 빵 및 과자류 | 피자",""
"kfind-d202-120000000-4473","피자_스파이시 치킨 랜치 골드링 씬","파파존스","피자","피자","외식(프랜차이즈 등 업체 제공 영양정보) | 빵 및 과자류 | 피자",""
"kfind-d202-120000000-4472","피자_스파이시 치킨 랜치 골드링 (P)","파파존스","피자","피자","외식(프랜차이즈 등 업체 제공 영양정보) | 빵 및 과자류 | 피자",""
"kfind-d202-120000000-4471","피자_스파이시 치킨 랜치 골드링 (L)","파파존스","피자","피자","외식(프랜차이즈 등 업체 제공 영양정보) | 빵 및 과자류 | 피자",""
"kfind-d202-120000000-4470","피자_스파이시 치킨 랜치 골드링 (F)","파파존스","피자","피자","외식(프랜차이즈 등 업체 제공 영양정보) | 빵 및 과자류 | 피자",""
"kfind-d202-120000000-4469","피자_스파이시 치킨 랜치 (P)","파파존스","피자","피자","외식(프랜차이즈 등 업체 제공 영양정보) | 빵 및 과자류 | 피자",""
"kfind-d202-120000000-4468","피자_스파이시 치킨 랜치 (L)","파파존스","피자","피자","외식(프랜차이즈 등 업체 제공 영양정보) | 빵 및 과자류 | 피자",""
"kfind-d202-120000000-4467","피자_스파이시 치킨 랜치 (F)","파파존스","피자","피자","외식(프랜차이즈 등 업체 제공 영양정보) | 빵 및 과자류 | 피자",""
"kfind-d202-120000000-2935","피자_스파이시 이탈리안 피자 치즈롤 (P)","파파존스","피자","피자","외식(프랜차이즈 등 업체 제공 영양정보) | 빵 및 과자류 | 피자",""
"kfind-d202-120000000-2934","피자_스파이시 이탈리안 피자 치즈롤 (L)","파파존스","피자","피자","외식(프랜차이즈 등 업체 제공 영양정보) | 빵 및 과자류 | 피자",""
"kfind-d202-120000000-2933","피자_스파이시 이탈리안 피자 치즈롤 (F)","파파존스","피자","피자","외식(프랜차이즈 등 업체 제공 영양정보) | 빵 및 과자류 | 피자",""
"kfind-d202-120000000-2932","피자_스파이시 이탈리안 피자 오리지널 (P)","파파존스","피자","피자","외식(프랜차이즈 등 업체 제공 영양정보) | 빵 및 과자류 | 피자",""
"kfind-d202-120000000-2931","피자_스파이시 이탈리안 피자 오리지널 (L)","파파존스","피자","피자","외식(프랜차이즈 등 업체 제공 영양정보) | 빵 및 과자류 | 피자",""
"kfind-d202-120000000-2930","피자_스파이시 이탈리안 피자 오리지널 (F)","파파존스","피자","피자","외식(프랜차이즈 등 업체 제공 영양정보) | 빵 및 과자류 | 피자",""
"kfind-d202-120000000-2929","피자_스파이시 이탈리안 피자 씬 (F)","파파존스","피자","피자","외식(프랜차이즈 등 업체 제공 영양정보) | 빵 및 과자류 | 피자",""
"kfind-d202-120000000-2928","피자_스파이시 이탈리안 피자 골드링씬 (F)","파파존스","피자","피자","외식(프랜차이즈 등 업체 제공 영양정보) | 빵 및 과자류 | 피자",""
"kfind-d202-120000000-2927","피자_스파이시 이탈리안 피자 골드링 (P)","파파존스","피자","피자","외식(프랜차이즈 등 업체 제공 영양정보) | 빵 및 과자류 | 피자",""
"kfind-d202-120000000-2926","피자_스파이시 이탈리안 피자 골드링 (L)","파파존스","피자","피자","외식(프랜차이즈 등 업체 제공 영양정보) | 빵 및 과자류 | 피자",""
"kfind-d202-120000000-2925","피자_스파이시 이탈리안 피자 골드링 (F)","파파존스","피자","피자","외식(프랜차이즈 등 업체 제공 영양정보) | 빵 및 과자류 | 피자",""
"kfind-d202-120000000-4466","피자_스파이시 이탈리안 크루아상","파파존스","피자","피자","외식(프랜차이즈 등 업체 제공 영양정보) | 빵 및 과자류 | 피자",""
"kfind-d202-120000000-4465","피자_스파이시 이탈리안 치즈롤 (P)","파파존스","피자","피자","외식(프랜차이즈 등 업체 제공 영양정보) | 빵 및 과자류 | 피자",""
"kfind-d202-120000000-4464","피자_스파이시 이탈리안 치즈롤 (L)","파파존스","피자","피자","외식(프랜차이즈 등 업체 제공 영양정보) | 빵 및 과자류 | 피자",""
"kfind-d202-120000000-4463","피자_스파이시 이탈리안 치즈롤 (F)","파파존스","피자","피자","외식(프랜차이즈 등 업체 제공 영양정보) | 빵 및 과자류 | 피자",""
"kfind-d202-120000000-4462","피자_스파이시 이탈리안 씬","파파존스","피자","피자","외식(프랜차이즈 등 업체 제공 영양정보) | 빵 및 과자류 | 피자",""
"kfind-d202-120000000-4461","피자_스파이시 이탈리안 스파이시 갈릭 치즈롤 (P)","파파존스","피자","피자","외식(프랜차이즈 등 업체 제공 영양정보) | 빵 및 과자류 | 피자",""
"kfind-d202-120000000-4460","피자_스파이시 이탈리안 스파이시 갈릭 치즈롤 (L)","파파존스","피자","피자","외식(프랜차이즈 등 업체 제공 영양정보) | 빵 및 과자류 | 피자",""
"kfind-d202-120000000-4459","피자_스파이시 이탈리안 스파이시 갈릭 치즈롤 (F)","파파존스","피자","피자","외식(프랜차이즈 등 업체 제공 영양정보) | 빵 및 과자류 | 피자",""
"kfind-d202-120000000-4458","피자_스파이시 이탈리안 골드링 씬","파파존스","피자","피자","외식(프랜차이즈 등 업체 제공 영양정보) | 빵 및 과자류 | 피자",""
"kfind-d202-120000000-4457","피자_스파이시 이탈리안 골드링 (P)","파파존스","피자","피자","외식(프랜차이즈 등 업체 제공 영양정보) | 빵 및 과자류 | 피자",""
"kfind-d202-120000000-4456","피자_스파이시 이탈리안 골드링 (L)","파파존스","피자","피자","외식(프랜차이즈 등 업체 제공 영양정보) | 빵 및 과자류 | 피자",""
"kfind-d202-120000000-4455","피자_스파이시 이탈리안 골드링 (F)","파파존스","피자","피자","외식(프랜차이즈 등 업체 제공 영양정보) | 빵 및 과자류 | 피자",""
"kfind-d202-120000000-4454","피자_스파이시 이탈리안 (P)","파파존스","피자","피자","외식(프랜차이즈 등 업체 제공 영양정보) | 빵 및 과자류 | 피자",""
"kfind-d202-120000000-4453","피자_스파이시 이탈리안 (F)","파파존스","피자","피자","외식(프랜차이즈 등 업체 제공 영양정보) | 빵 및 과자류 | 피자",""
"kfind-d202-120000000-4450","피자_스테이크불갈비피자바이트","피자마루","피자","피자","외식(프랜차이즈 등 업체 제공 영양정보) | 빵 및 과자류 | 피자",""
"kfind-d202-120000000-4449","피자_스테이크불갈비피자","피자마루","피자","피자","외식(프랜차이즈 등 업체 제공 영양정보) | 빵 및 과자류 | 피자",""
"kfind-d202-120000000-1025","피자_스테이크불갈비 피자 바이트 (L)","피자마루","피자","피자","외식(프랜차이즈 등 업체 제공 영양정보) | 빵 및 과자류 | 피자",""
"kfind-d202-120000000-1024","피자_스테이크불갈비 피자 (L)","피자마루","피자","피자","외식(프랜차이즈 등 업체 제공 영양정보) | 빵 및 과자류 | 피자",""
"kfind-d202-120000000-1031","피자_스테이크 피자","피자스쿨","피자","피자","외식(프랜차이즈 등 업체 제공 영양정보) | 빵 및 과자류 | 피자",""
"kfind-d202-120000000-4448","피자_스타라이트 바질  (L)","파파존스","피자","피자","외식(프랜차이즈 등 업체 제공 영양정보) | 빵 및 과자류 | 피자",""
"kfind-d202-120000000-4447","피자_스타라이트 바질  (F)","파파존스","피자","피자","외식(프랜차이즈 등 업체 제공 영양정보) | 빵 및 과자류 | 피자",""
"kfind-d202-120000000-1015","피자_스윗고구마 피자 치즈캡 (R)","미스터피자","피자","피자","외식(프랜차이즈 등 업체 제공 영양정보) | 빵 및 과자류 | 피자",""
"kfind-d202-120000000-2916","피자_스윗고구마 피자 치즈캡 (M)","미스터피자","피자","피자","외식(프랜차이즈 등 업체 제공 영양정보) | 빵 및 과자류 | 피자",""
"kfind-d202-120000000-1014","피자_스윗고구마 피자 치즈캡 (L)","미스터피자","피자","피자","외식(프랜차이즈 등 업체 제공 영양정보) | 빵 및 과자류 | 피자",""
"kfind-d202-120000000-1013","피자_스윗고구마 피자 오리진 (R)","미스터피자","피자","피자","외식(프랜차이즈 등 업체 제공 영양정보) | 빵 및 과자류 | 피자",""
"kfind-d202-120000000-2914","피자_스윗고구마 피자 오리진 (M)","미스터피자","피자","피자","외식(프랜차이즈 등 업체 제공 영양정보) | 빵 및 과자류 | 피자",""
"kfind-d202-120000000-1012","피자_스윗고구마 피자 오리진 (L)","미스터피자","피자","피자","외식(프랜차이즈 등 업체 제공 영양정보) | 빵 및 과자류 | 피자",""
"kfind-d202-120000000-2912","피자_스윗고구마 1인피자","미스터피자","피자","피자","외식(프랜차이즈 등 업체 제공 영양정보) | 빵 및 과자류 | 피자",""
"kfind-d202-120000000-2909","피자_스위트바질불고기 피자 (L)","반올림피자","피자","피자","외식(프랜차이즈 등 업체 제공 영양정보) | 빵 및 과자류 | 피자",""
"kfind-d202-120000000-4439","피자_스모키미트 스페셜치즈크러스트 골드 (M)","피자헛","피자","피자","외식(프랜차이즈 등 업체 제공 영양정보) | 빵 및 과자류 | 피자",""
"kfind-d202-120000000-4438","피자_스모키미트 스페셜치즈크러스트 (M)","피자헛","피자","피자","외식(프랜차이즈 등 업체 제공 영양정보) | 빵 및 과자류 | 피자",""
"kfind-d202-120000000-4437","피자_스모키미트 스페셜오리지널 (M)","피자헛","피자","피자","외식(프랜차이즈 등 업체 제공 영양정보) | 빵 및 과자류 | 피자",""
"kfind-d202-120000000-4436","피자_스모키미트 스페셜리치골드 (M)","피자헛","피자","피자","외식(프랜차이즈 등 업체 제공 영양정보) | 빵 및 과자류 | 피자",""
"kfind-d202-120000000-2902","피자_슈퍼하와이안 피자 (L)","반올림피자","피자","피자","외식(프랜차이즈 등 업체 제공 영양정보) | 빵 및 과자류 | 피자",""
"kfind-d202-120000000-0992","피자_슈퍼콤비네이션 피자 치즈링 (R)","7번가피자","피자","피자","외식(프랜차이즈 등 업체 제공 영양정보) | 빵 및 과자류 | 피자",""
"kfind-d202-120000000-0991","피자_슈퍼콤비네이션 피자 치즈링 (L)","7번가피자","피자","피자","외식(프랜차이즈 등 업체 제공 영양정보) | 빵 및 과자류 | 피자",""
"kfind-d202-120000000-0990","피자_슈퍼콤비네이션 피자 치즈링 (G)","7번가피자","피자","피자","외식(프랜차이즈 등 업체 제공 영양정보) | 빵 및 과자류 | 피자",""
"kfind-d202-120000000-2900","피자_슈퍼콤비네이션 피자 씬바샤삭 (R)","7번가피자","피자","피자","외식(프랜차이즈 등 업체 제공 영양정보) | 빵 및 과자류 | 피자",""
"kfind-d202-120000000-2899","피자_슈퍼콤비네이션 피자 씬바샤삭 (L)","7번가피자","피자","피자","외식(프랜차이즈 등 업체 제공 영양정보) | 빵 및 과자류 | 피자",""
"kfind-d202-120000000-0987","피자_슈퍼콤비네이션 피자 씬도우 (R)","7번가피자","피자","피자","외식(프랜차이즈 등 업체 제공 영양정보) | 빵 및 과자류 | 피자",""
"kfind-d202-120000000-0985","피자_슈퍼콤비네이션 피자 씬도우 (L)","7번가피자","피자","피자","외식(프랜차이즈 등 업체 제공 영양정보) | 빵 및 과자류 | 피자",""
"kfind-d202-120000000-0984","피자_슈퍼콤비네이션 피자 석쇠 (R)","7번가피자","피자","피자","외식(프랜차이즈 등 업체 제공 영양정보) | 빵 및 과자류 | 피자",""
"kfind-d202-120000000-0983","피자_슈퍼콤비네이션 피자 석쇠 (L)","7번가피자","피자","피자","외식(프랜차이즈 등 업체 제공 영양정보) | 빵 및 과자류 | 피자",""
"kfind-d202-120000000-0982","피자_슈퍼콤비네이션 피자 석쇠 (G)","7번가피자","피자","피자","외식(프랜차이즈 등 업체 제공 영양정보) | 빵 및 과자류 | 피자",""
"kfind-d202-120000000-0979","피자_슈퍼콤비네이션 피자 리코타링 (R)","7번가피자","피자","피자","외식(프랜차이즈 등 업체 제공 영양정보) | 빵 및 과자류 | 피자",""
"kfind-d202-120000000-0978","피자_슈퍼콤비네이션 피자 리코타링 (L)","7번가피자","피자","피자","외식(프랜차이즈 등 업체 제공 영양정보) | 빵 및 과자류 | 피자",""
"kfind-d202-120000000-0977","피자_슈퍼콤비네이션 피자 리코타링 (G)","7번가피자","피자","피자","외식(프랜차이즈 등 업체 제공 영양정보) | 빵 및 과자류 | 피자",""
"kfind-d202-120000000-0976","피자_슈퍼콤비네이션 피자 골드스윗 (R)","7번가피자","피자","피자","외식(프랜차이즈 등 업체 제공 영양정보) | 빵 및 과자류 | 피자",""
"kfind-d202-120000000-0975","피자_슈퍼콤비네이션 피자 골드스윗 (L)","7번가피자","피자","피자","외식(프랜차이즈 등 업체 제공 영양정보) | 빵 및 과자류 | 피자",""
"kfind-d202-120000000-0974","피자_슈퍼콤비네이션 피자 골드스윗 (G)","7번가피자","피자","피자","외식(프랜차이즈 등 업체 제공 영양정보) | 빵 및 과자류 | 피자",""
"kfind-d202-120000000-4429","피자_슈퍼슈프림하이프로틴도우(M)","도미노피자","피자","피자","외식(프랜차이즈 등 업체 제공 영양정보) | 빵 및 과자류 | 피자",""
"kfind-d202-120000000-4412","피자_슈퍼슈프림더블치즈엣지오리지널 (M)","도미노피자","피자","피자","외식(프랜차이즈 등 업체 제공 영양정보) | 빵 및 과자류 | 피자",""
"kfind-d202-120000000-4411","피자_슈퍼슈프림나폴리(L)","도미노피자","피자","피자","외식(프랜차이즈 등 업체 제공 영양정보) | 빵 및 과자류 | 피자",""
"kfind-d202-120000000-2868","피자_슈퍼슈프림 피자 치즈버스트 오리지널 (L)","도미노피자","피자","피자","외식(프랜차이즈 등 업체 제공 영양정보) | 빵 및 과자류 | 피자",""
"kfind-d202-120000000-2867","피자_슈퍼슈프림 피자 치즈버스트 나폴리 (L)","도미노피자","피자","피자","외식(프랜차이즈 등 업체 제공 영양정보) | 빵 및 과자류 | 피자",""
"kfind-d202-120000000-2866","피자_슈퍼슈프림 피자 오리지널 (M)","도미노피자","피자","피자","외식(프랜차이즈 등 업체 제공 영양정보) | 빵 및 과자류 | 피자",""
"kfind-d202-120000000-2865","피자_슈퍼슈프림 피자 오리지널 (L)","도미노피자","피자","피자","외식(프랜차이즈 등 업체 제공 영양정보) | 빵 및 과자류 | 피자",""
"kfind-d202-120000000-2864","피자_슈퍼슈프림 피자 씬 (M)","도미노피자","피자","피자","외식(프랜차이즈 등 업체 제공 영양정보) | 빵 및 과자류 | 피자",""
"kfind-d202-120000000-2863","피자_슈퍼슈프림 피자 씬 (L)","도미노피자","피자","피자","외식(프랜차이즈 등 업체 제공 영양정보) | 빵 및 과자류 | 피자",""
"kfind-d202-120000000-2862","피자_슈퍼슈프림 피자 슈화 더블 치즈 페퍼로니 엣지 (M)","도미노피자","피자","피자","외식(프랜차이즈 등 업체 제공 영양정보) | 빵 및 과자류 | 피자",""
"kfind-d202-120000000-2861","피자_슈퍼슈프림 피자 슈화 더블 치즈 페퍼로니 엣지 (L)","도미노피자","피자","피자","외식(프랜차이즈 등 업체 제공 영양정보) | 빵 및 과자류 | 피자",""
"kfind-d202-120000000-0925","피자_슈퍼슈프림 피자 슈퍼시드함유도우 (M)","도미노피자","피자","피자","외식(프랜차이즈 등 업체 제공 영양정보) | 빵 및 과자류 | 피자",""
"kfind-d202-120000000-2860","피자_슈퍼슈프림 피자 슈퍼시드 화이버 오리지널 (M)","도미노피자","피자","피자","외식(프랜차이즈 등 업체 제공 영양정보) | 빵 및 과자류 | 피자",""
"kfind-d202-120000000-2859","피자_슈퍼슈프림 피자 슈퍼시드 화이버 오리지널 (L)","도미노피자","피자","피자","외식(프랜차이즈 등 업체 제공 영양정보) | 빵 및 과자류 | 피자",""
"kfind-d202-120000000-2856","피자_슈퍼슈프림 피자 슈퍼시드 화이버 버스트 오리지널 (L)","도미노피자","피자","피자","외식(프랜차이즈 등 업체 제공 영양정보) | 빵 및 과자류 | 피자",""
"kfind-d202-120000000-2853","피자_슈퍼슈프림 피자 더블치즈 페퍼로니 엣지 (M)","도미노피자","피자","피자","외식(프랜차이즈 등 업체 제공 영양정보) | 빵 및 과자류 | 피자",""
"kfind-d202-120000000-2852","피자_슈퍼슈프림 피자 더블치즈 페퍼로니 엣지 (L)","도미노피자","피자","피자","외식(프랜차이즈 등 업체 제공 영양정보) | 빵 및 과자류 | 피자",""
"kfind-d202-120000000-0926","피자_슈퍼슈프림 피자 더블치즈 엣지 오리지널 (M)","도미노피자","피자","피자","외식(프랜차이즈 등 업체 제공 영양정보) | 빵 및 과자류 | 피자",""
"kfind-d202-120000000-2855","피자_슈퍼슈프림 피자 더블치즈 엣지 (M)","도미노피자","피자","피자","외식(프랜차이즈 등 업체 제공 영양정보) | 빵 및 과자류 | 피자",""
"kfind-d202-120000000-2854","피자_슈퍼슈프림 피자 더블치즈 엣지 (L)","도미노피자","피자","피자","외식(프랜차이즈 등 업체 제공 영양정보) | 빵 및 과자류 | 피자",""
"kfind-d202-120000000-2851","피자_슈퍼슈프림 피자 나폴리 (M)","도미노피자","피자","피자","외식(프랜차이즈 등 업체 제공 영양정보) | 빵 및 과자류 | 피자",""
"kfind-d202-120000000-0924","피자_슈퍼슈프림 피자 나폴리 (L)","도미노피자","피자","피자","외식(프랜차이즈 등 업체 제공 영양정보) | 빵 및 과자류 | 피자",""
"kfind-d202-120000000-0928","피자_슈퍼슈프림 피자 (L)","청년피자","피자","피자","외식(프랜차이즈 등 업체 제공 영양정보) | 빵 및 과자류 | 피자",""
"kfind-d202-120000000-4408","피자_슈퍼디럭스나폴리하이프로틴도우(M)","도미노피자","피자","피자","외식(프랜차이즈 등 업체 제공 영양정보) | 빵 및 과자류 | 피자",""
"kfind-d202-120000000-4407","피자_슈퍼디럭스나폴리(L)","도미노피자","피자","피자","외식(프랜차이즈 등 업체 제공 영양정보) | 빵 및 과자류 | 피자",""
"kfind-d202-120000000-2848","피자_슈퍼디럭스 피자 치즈버스트 오리지널 (L)","도미노피자","피자","피자","외식(프랜차이즈 등 업체 제공 영양정보) | 빵 및 과자류 | 피자",""
"kfind-d202-120000000-2847","피자_슈퍼디럭스 피자 치즈버스트 나폴리 (L)","도미노피자","피자","피자","외식(프랜차이즈 등 업체 제공 영양정보) | 빵 및 과자류 | 피자",""
"kfind-d202-120000000-2846","피자_슈퍼디럭스 피자 오리지널 (M)","도미노피자","피자","피자","외식(프랜차이즈 등 업체 제공 영양정보) | 빵 및 과자류 | 피자",""
"kfind-d202-120000000-2845","피자_슈퍼디럭스 피자 오리지널 (L)","도미노피자","피자","피자","외식(프랜차이즈 등 업체 제공 영양정보) | 빵 및 과자류 | 피자",""
"kfind-d202-120000000-2844","피자_슈퍼디럭스 피자 씬 (M)","도미노피자","피자","피자","외식(프랜차이즈 등 업체 제공 영양정보) | 빵 및 과자류 | 피자",""
"kfind-d202-120000000-0923","피자_슈퍼디럭스 피자 씬 (L)","도미노피자","피자","피자","외식(프랜차이즈 등 업체 제공 영양정보) | 빵 및 과자류 | 피자",""
"kfind-d202-120000000-2843","피자_슈퍼디럭스 피자 슈화 더블 치즈 페퍼로니 엣지 (M)","도미노피자","피자","피자","외식(프랜차이즈 등 업체 제공 영양정보) | 빵 및 과자류 | 피자",""
"kfind-d202-120000000-2842","피자_슈퍼디럭스 피자 슈화 더블 치즈 페퍼로니 엣지 (L)","도미노피자","피자","피자","외식(프랜차이즈 등 업체 제공 영양정보) | 빵 및 과자류 | 피자",""
"kfind-d202-120000000-0922","피자_슈퍼디럭스 피자 슈퍼시드함유도우 (M)","도미노피자","피자","피자","외식(프랜차이즈 등 업체 제공 영양정보) | 빵 및 과자류 | 피자",""
"kfind-d202-120000000-2841","피자_슈퍼디럭스 피자 슈퍼시드 화이버 오리지널 (M)","도미노피자","피자","피자","외식(프랜차이즈 등 업체 제공 영양정보) | 빵 및 과자류 | 피자",""
"kfind-d202-120000000-2840","피자_슈퍼디럭스 피자 슈퍼시드 화이버 오리지널 (L)","도미노피자","피자","피자","외식(프랜차이즈 등 업체 제공 영양정보) | 빵 및 과자류 | 피자",""
"kfind-d202-120000000-2837","피자_슈퍼디럭스 피자 슈퍼시드 화이버 버스트 오리지널 (L)","도미노피자","피자","피자","외식(프랜차이즈 등 업체 제공 영양정보) | 빵 및 과자류 | 피자",""
"kfind-d202-120000000-2834","피자_슈퍼디럭스 피자 더블치즈 페퍼로니 엣지 (M)","도미노피자","피자","피자","외식(프랜차이즈 등 업체 제공 영양정보) | 빵 및 과자류 | 피자",""
"kfind-d202-120000000-2833","피자_슈퍼디럭스 피자 더블치즈 페퍼로니 엣지 (L)","도미노피자","피자","피자","외식(프랜차이즈 등 업체 제공 영양정보) | 빵 및 과자류 | 피자",""
"kfind-d202-120000000-2836","피자_슈퍼디럭스 피자 더블치즈 엣지 (M)","도미노피자","피자","피자","외식(프랜차이즈 등 업체 제공 영양정보) | 빵 및 과자류 | 피자",""
"kfind-d202-120000000-2835","피자_슈퍼디럭스 피자 더블치즈 엣지 (L)","도미노피자","피자","피자","외식(프랜차이즈 등 업체 제공 영양정보) | 빵 및 과자류 | 피자",""
"kfind-d202-120000000-2832","피자_슈퍼디럭스 피자 나폴리 (M)","도미노피자","피자","피자","외식(프랜차이즈 등 업체 제공 영양정보) | 빵 및 과자류 | 피자",""
"kfind-d202-120000000-0921","피자_슈퍼디럭스 피자 나폴리 (L)","도미노피자","피자","피자","외식(프랜차이즈 등 업체 제공 영양정보) | 빵 및 과자류 | 피자",""
"kfind-d202-120000000-2830","피자_슈퍼 디럭스 히어로 피자 화이버 엣지 오리지널 (M)","도미노피자","피자","피자","외식(프랜차이즈 등 업체 제공 영양정보) | 빵 및 과자류 | 피자",""
"kfind-d202-120000000-2829","피자_슈퍼 디럭스 히어로 피자 화이버 엣지 오리지널 (L)","도미노피자","피자","피자","외식(프랜차이즈 등 업체 제공 영양정보) | 빵 및 과자류 | 피자",""
"kfind-d202-120000000-2828","피자_슈퍼 디럭스 히어로 피자 화이버 버스트 오리지널 (L)","도미노피자","피자","피자","외식(프랜차이즈 등 업체 제공 영양정보) | 빵 및 과자류 | 피자",""
"kfind-d202-120000000-2827","피자_슈퍼 디럭스 히어로 피자 치즈버스트 오리지널 (L)","도미노피자","피자","피자","외식(프랜차이즈 등 업체 제공 영양정보) | 빵 및 과자류 | 피자",""
"kfind-d202-120000000-2826","피자_슈퍼 디럭스 히어로 피자 치즈버스트 나폴리 (L)","도미노피자","피자","피자","외식(프랜차이즈 등 업체 제공 영양정보) | 빵 및 과자류 | 피자",""
"kfind-d202-120000000-2825","피자_슈퍼 디럭스 히어로 피자 오리지널 (M)","도미노피자","피자","피자","외식(프랜차이즈 등 업체 제공 영양정보) | 빵 및 과자류 | 피자",""
"kfind-d202-120000000-2824","피자_슈퍼 디럭스 히어로 피자 오리지널 (L)","도미노피자","피자","피자","외식(프랜차이즈 등 업체 제공 영양정보) | 빵 및 과자류 | 피자",""
"kfind-d202-120000000-2823","피자_슈퍼 디럭스 히어로 피자 씬 (M)","도미노피자","피자","피자","외식(프랜차이즈 등 업체 제공 영양정보) | 빵 및 과자류 | 피자",""
"kfind-d202-120000000-2822","피자_슈퍼 디럭스 히어로 피자 씬 (L)","도미노피자","피자","피자","외식(프랜차이즈 등 업체 제공 영양정보) | 빵 및 과자류 | 피자",""
"kfind-d202-120000000-2821","피자_슈퍼 디럭스 히어로 피자 슈화 더블 치즈 페퍼로니 엣지 (M)","도미노피자","피자","피자","외식(프랜차이즈 등 업체 제공 영양정보) | 빵 및 과자류 | 피자",""
"kfind-d202-120000000-2820","피자_슈퍼 디럭스 히어로 피자 슈화 더블 치즈 페퍼로니 엣지 (L)","도미노피자","피자","피자","외식(프랜차이즈 등 업체 제공 영양정보) | 빵 및 과자류 | 피자",""
"kfind-d202-120000000-2819","피자_슈퍼 디럭스 히어로 피자 슈퍼시드 화이버 오리지널 (M)","도미노피자","피자","피자","외식(프랜차이즈 등 업체 제공 영양정보) | 빵 및 과자류 | 피자",""
"kfind-d202-120000000-2818","피자_슈퍼 디럭스 히어로 피자 슈퍼시드 화이버 오리지널 (L)","도미노피자","피자","피자","외식(프랜차이즈 등 업체 제공 영양정보) | 빵 및 과자류 | 피자",""
"kfind-d202-120000000-2815","피자_슈퍼 디럭스 히어로 피자 더블치즈 페퍼로니 엣지 (M)","도미노피자","피자","피자","외식(프랜차이즈 등 업체 제공 영양정보) | 빵 및 과자류 | 피자",""
"kfind-d202-120000000-2814","피자_슈퍼 디럭스 히어로 피자 더블치즈 페퍼로니 엣지 (L)","도미노피자","피자","피자","외식(프랜차이즈 등 업체 제공 영양정보) | 빵 및 과자류 | 피자",""
"kfind-d202-120000000-2817","피자_슈퍼 디럭스 히어로 피자 더블치즈 엣지 (M)","도미노피자","피자","피자","외식(프랜차이즈 등 업체 제공 영양정보) | 빵 및 과자류 | 피자",""
"kfind-d202-120000000-2816","피자_슈퍼 디럭스 히어로 피자 더블치즈 엣지 (L)","도미노피자","피자","피자","외식(프랜차이즈 등 업체 제공 영양정보) | 빵 및 과자류 | 피자",""
"kfind-d202-120000000-2813","피자_슈퍼 디럭스 히어로 피자 나폴리 (M)","도미노피자","피자","피자","외식(프랜차이즈 등 업체 제공 영양정보) | 빵 및 과자류 | 피자",""
"kfind-d202-120000000-2812","피자_슈퍼 디럭스 히어로 피자 나폴리 (L)","도미노피자","피자","피자","외식(프랜차이즈 등 업체 제공 영양정보) | 빵 및 과자류 | 피자",""
"kfind-d202-120000000-4406","피자_슈림프 알프레도(TH)","파파존스","피자","피자","외식(프랜차이즈 등 업체 제공 영양정보) | 빵 및 과자류 | 피자",""
"kfind-d202-120000000-2811","피자_슈림프 알프레도 피자 씬 (F)","파파존스","피자","피자","외식(프랜차이즈 등 업체 제공 영양정보) | 빵 및 과자류 | 피자",""
"kfind-d202-120000000-4404","피자_쉬림프투움바피자 (1인)","피자마루","피자","피자","외식(프랜차이즈 등 업체 제공 영양정보) | 빵 및 과자류 | 피자",""
"kfind-d202-120000000-0920","피자_쉬림프 피자 크림치즈 (R)","미스터피자","피자","피자","외식(프랜차이즈 등 업체 제공 영양정보) | 빵 및 과자류 | 피자",""
"kfind-d202-120000000-0919","피자_쉬림프 피자 크림치즈 (L)","미스터피자","피자","피자","외식(프랜차이즈 등 업체 제공 영양정보) | 빵 및 과자류 | 피자",""
"kfind-d202-120000000-0918","피자_쉬림프 피자 치즈캡 (R)","미스터피자","피자","피자","외식(프랜차이즈 등 업체 제공 영양정보) | 빵 및 과자류 | 피자",""
"kfind-d202-120000000-0917","피자_쉬림프 피자 치즈캡 (L)","미스터피자","피자","피자","외식(프랜차이즈 등 업체 제공 영양정보) | 빵 및 과자류 | 피자",""
"kfind-d202-120000000-0916","피자_쉬림프 피자 오리진 (R)","미스터피자","피자","피자","외식(프랜차이즈 등 업체 제공 영양정보) | 빵 및 과자류 | 피자",""
"kfind-d202-120000000-0915","피자_쉬림프 피자 오리진 (L)","미스터피자","피자","피자","외식(프랜차이즈 등 업체 제공 영양정보) | 빵 및 과자류 | 피자",""
"kfind-d202-120000000-0914","피자_쉬림프 피자 에그타르트 (R)","미스터피자","피자","피자","외식(프랜차이즈 등 업체 제공 영양정보) | 빵 및 과자류 | 피자",""
"kfind-d202-120000000-0913","피자_쉬림프 피자 에그타르트 (L)","미스터피자","피자","피자","외식(프랜차이즈 등 업체 제공 영양정보) | 빵 및 과자류 | 피자",""
"kfind-d202-120000000-0912","피자_쉬림프 피자 골드 (R)","미스터피자","피자","피자","외식(프랜차이즈 등 업체 제공 영양정보) | 빵 및 과자류 | 피자",""
"kfind-d202-120000000-0896","피자_쉬림프 피자 골드 (L)","미스터피자","피자","피자","외식(프랜차이즈 등 업체 제공 영양정보) | 빵 및 과자류 | 피자",""
"kfind-d202-120000000-2792","피자_쉬림프 골드 피자 크림치즈 (M)","미스터피자","피자","피자","외식(프랜차이즈 등 업체 제공 영양정보) | 빵 및 과자류 | 피자",""
"kfind-d202-120000000-2791","피자_쉬림프 골드 피자 크림치즈 (L)","미스터피자","피자","피자","외식(프랜차이즈 등 업체 제공 영양정보) | 빵 및 과자류 | 피자",""
"kfind-d202-120000000-2790","피자_쉬림프 골드 피자 치즈캡 (M)","미스터피자","피자","피자","외식(프랜차이즈 등 업체 제공 영양정보) | 빵 및 과자류 | 피자",""
"kfind-d202-120000000-2789","피자_쉬림프 골드 피자 치즈캡 (L)","미스터피자","피자","피자","외식(프랜차이즈 등 업체 제공 영양정보) | 빵 및 과자류 | 피자",""
"kfind-d202-120000000-2788","피자_쉬림프 골드 피자 오리진 (M)","미스터피자","피자","피자","외식(프랜차이즈 등 업체 제공 영양정보) | 빵 및 과자류 | 피자",""
"kfind-d202-120000000-2787","피자_쉬림프 골드 피자 오리진 (L)","미스터피자","피자","피자","외식(프랜차이즈 등 업체 제공 영양정보) | 빵 및 과자류 | 피자",""
"kfind-d202-120000000-2786","피자_쉬림프 골드 피자 에그타르트 (M)","미스터피자","피자","피자","외식(프랜차이즈 등 업체 제공 영양정보) | 빵 및 과자류 | 피자",""
"kfind-d202-120000000-2785","피자_쉬림프 골드 피자 에그타르트 (L)","미스터피자","피자","피자","외식(프랜차이즈 등 업체 제공 영양정보) | 빵 및 과자류 | 피자",""
"kfind-d202-120000000-2784","피자_쉬림프 골드 피자 (M)","미스터피자","피자","피자","외식(프랜차이즈 등 업체 제공 영양정보) | 빵 및 과자류 | 피자",""
"kfind-d202-120000000-4389","피자_숯불포크피자 (1인)","피자마루","피자","피자","외식(프랜차이즈 등 업체 제공 영양정보) | 빵 및 과자류 | 피자",""
"kfind-d202-120000000-0890","피자_순삭포테이토 피자","피자헛","피자","피자","외식(프랜차이즈 등 업체 제공 영양정보) | 빵 및 과자류 | 피자",""
"kfind-d202-120000000-2782","피자_순삭 크런치 포테이토 피자 팬 (L)","피자헛","피자","피자","외식(프랜차이즈 등 업체 제공 영양정보) | 빵 및 과자류 | 피자",""
"kfind-d202-120000000-2781","피자_순삭 크런치 포테이토 피자 오리지널 파마산 치즈 (M)","피자헛","피자","피자","외식(프랜차이즈 등 업체 제공 영양정보) | 빵 및 과자류 | 피자",""
"kfind-d202-120000000-2780","피자_순삭 크런치 포테이토 피자 오리지널 파마산 치즈 (L)","피자헛","피자","피자","외식(프랜차이즈 등 업체 제공 영양정보) | 빵 및 과자류 | 피자",""
"kfind-d202-120000000-2779","피자_순삭 크런치 포테이토 피자 오리지널 (M)","피자헛","피자","피자","외식(프랜차이즈 등 업체 제공 영양정보) | 빵 및 과자류 | 피자",""
"kfind-d202-120000000-2778","피자_순삭 크런치 포테이토 피자 오리지널 (L)","피자헛","피자","피자","외식(프랜차이즈 등 업체 제공 영양정보) | 빵 및 과자류 | 피자",""
"kfind-d202-120000000-2777","피자_순삭 크런치 포테이토 피자 씬 (L)","피자헛","피자","피자","외식(프랜차이즈 등 업체 제공 영양정보) | 빵 및 과자류 | 피자",""
"kfind-d202-120000000-0889","피자_수퍼파파스 피자 (R)","파파존스","피자","피자","외식(프랜차이즈 등 업체 제공 영양정보) | 빵 및 과자류 | 피자",""
"kfind-d202-120000000-0888","피자_수퍼파파스 피자 (P)","파파존스","피자","피자","외식(프랜차이즈 등 업체 제공 영양정보) | 빵 및 과자류 | 피자",""
"kfind-d202-120000000-0887","피자_수퍼파파스 피자 (L)","파파존스","피자","피자","외식(프랜차이즈 등 업체 제공 영양정보) | 빵 및 과자류 | 피자",""
"kfind-d202-120000000-0886","피자_수퍼파파스 피자 (F)","파파존스","피자","피자","외식(프랜차이즈 등 업체 제공 영양정보) | 빵 및 과자류 | 피자",""
"kfind-d202-120000000-4388","피자_수퍼파파스 (R)","파파존스","피자","피자","외식(프랜차이즈 등 업체 제공 영양정보) | 빵 및 과자류 | 피자",""
"kfind-d202-120000000-4387","피자_수퍼슈프림치즈크러스트 골드 (M)","피자헛","피자","피자","외식(프랜차이즈 등 업체 제공 영양정보) | 빵 및 과자류 | 피자",""
"kfind-d202-120000000-4386","피자_수퍼슈프림치즈크러스트 골드 (L)","피자헛","피자","피자","외식(프랜차이즈 등 업체 제공 영양정보) | 빵 및 과자류 | 피자",""
"kfind-d202-120000000-4385","피자_수퍼슈프림치즈크러스트 (M)","피자헛","피자","피자","외식(프랜차이즈 등 업체 제공 영양정보) | 빵 및 과자류 | 피자",""
"kfind-d202-120000000-4384","피자_수퍼슈프림치즈크러스트 (L)","피자헛","피자","피자","외식(프랜차이즈 등 업체 제공 영양정보) | 빵 및 과자류 | 피자",""
"kfind-d202-120000000-4383","피자_수퍼슈프림오리지널 (M)","피자헛","피자","피자","외식(프랜차이즈 등 업체 제공 영양정보) | 빵 및 과자류 | 피자",""
"kfind-d202-120000000-4382","피자_수퍼슈프림오리지널 (L)","피자헛","피자","피자","외식(프랜차이즈 등 업체 제공 영양정보) | 빵 및 과자류 | 피자",""
"kfind-d202-120000000-4381","피자_수퍼슈프림리치골드 (M)","피자헛","피자","피자","외식(프랜차이즈 등 업체 제공 영양정보) | 빵 및 과자류 | 피자",""
"kfind-d202-120000000-4380","피자_수퍼슈프림리치골드 (L)","피자헛","피자","피자","외식(프랜차이즈 등 업체 제공 영양정보) | 빵 및 과자류 | 피자",""
"kfind-d202-120000000-2776","피자_수퍼슈프림 피자 프리첼 치즈 (M)","피자헛","피자","피자","외식(프랜차이즈 등 업체 제공 영양정보) | 빵 및 과자류 | 피자",""
"kfind-d202-120000000-2775","피자_수퍼슈프림 피자 프리첼 치즈 (L)","피자헛","피자","피자","외식(프랜차이즈 등 업체 제공 영양정보) | 빵 및 과자류 | 피자",""
"kfind-d202-120000000-2774","피자_수퍼슈프림 피자 프리미엄 오리지널 (M)","피자헛","피자","피자","외식(프랜차이즈 등 업체 제공 영양정보) | 빵 및 과자류 | 피자",""
"kfind-d202-120000000-2773","피자_수퍼슈프림 피자 프리미엄 오리지널 (L)","피자헛","피자","피자","외식(프랜차이즈 등 업체 제공 영양정보) | 빵 및 과자류 | 피자",""
"kfind-d202-120000000-1525","피자_수퍼슈프림 피자 팬 (L)","피자헛","피자","피자","외식(프랜차이즈 등 업체 제공 영양정보) | 빵 및 과자류 | 피자",""
"kfind-d202-120000000-0882","피자_수퍼슈프림 피자 치즈크러스트 (M)","피자헛","피자","피자","외식(프랜차이즈 등 업체 제공 영양정보) | 빵 및 과자류 | 피자",""
"kfind-d202-120000000-0881","피자_수퍼슈프림 피자 치즈크러스트 (L)","피자헛","피자","피자","외식(프랜차이즈 등 업체 제공 영양정보) | 빵 및 과자류 | 피자",""
"kfind-d202-120000000-0880","피자_수퍼슈프림 피자 리치골드(M)","피자헛","피자","피자","외식(프랜차이즈 등 업체 제공 영양정보) | 빵 및 과자류 | 피자",""
"kfind-d202-120000000-0879","피자_수퍼슈프림 피자 리치골드(L)","피자헛","피자","피자","외식(프랜차이즈 등 업체 제공 영양정보) | 빵 및 과자류 | 피자",""
"kfind-d202-120000000-2771","피자_수퍼슈프림 피자 더블치즈크러스트 (M)","피자헛","피자","피자","외식(프랜차이즈 등 업체 제공 영양정보) | 빵 및 과자류 | 피자",""
"kfind-d202-120000000-2770","피자_수퍼슈프림 피자 더블치즈크러스트 (L)","피자헛","피자","피자","외식(프랜차이즈 등 업체 제공 영양정보) | 빵 및 과자류 | 피자",""
"kfind-d202-120000000-4378","피자_수퍼 파파스 하트씬","파파존스","피자","피자","외식(프랜차이즈 등 업체 제공 영양정보) | 빵 및 과자류 | 피자",""
"kfind-d202-120000000-2768","피자_수퍼 파파스 피자 치즈롤 (P)","파파존스","피자","피자","외식(프랜차이즈 등 업체 제공 영양정보) | 빵 및 과자류 | 피자",""
"kfind-d202-120000000-2767","피자_수퍼 파파스 피자 치즈롤 (L)","파파존스","피자","피자","외식(프랜차이즈 등 업체 제공 영양정보) | 빵 및 과자류 | 피자",""
"kfind-d202-120000000-2766","피자_수퍼 파파스 피자 치즈롤 (F)","파파존스","피자","피자","외식(프랜차이즈 등 업체 제공 영양정보) | 빵 및 과자류 | 피자",""
"kfind-d202-120000000-2765","피자_수퍼 파파스 피자 오리지널 (R)","파파존스","피자","피자","외식(프랜차이즈 등 업체 제공 영양정보) | 빵 및 과자류 | 피자",""
"kfind-d202-120000000-2764","피자_수퍼 파파스 피자 오리지널 (P)","파파존스","피자","피자","외식(프랜차이즈 등 업체 제공 영양정보) | 빵 및 과자류 | 피자",""
"kfind-d202-120000000-2763","피자_수퍼 파파스 피자 오리지널 (L)","파파존스","피자","피자","외식(프랜차이즈 등 업체 제공 영양정보) | 빵 및 과자류 | 피자",""
"kfind-d202-120000000-2762","피자_수퍼 파파스 피자 오리지널 (F)","파파존스","피자","피자","외식(프랜차이즈 등 업체 제공 영양정보) | 빵 및 과자류 | 피자",""
"kfind-d202-120000000-2761","피자_수퍼 파파스 피자 씬 (F)","파파존스","피자","피자","외식(프랜차이즈 등 업체 제공 영양정보) | 빵 및 과자류 | 피자",""
"kfind-d202-120000000-2760","피자_수퍼 파파스 피자 골드링씬 (F)","파파존스","피자","피자","외식(프랜차이즈 등 업체 제공 영양정보) | 빵 및 과자류 | 피자",""
"kfind-d202-120000000-2759","피자_수퍼 파파스 피자 골드링 (P)","파파존스","피자","피자","외식(프랜차이즈 등 업체 제공 영양정보) | 빵 및 과자류 | 피자",""
"kfind-d202-120000000-2758","피자_수퍼 파파스 피자 골드링 (L)","파파존스","피자","피자","외식(프랜차이즈 등 업체 제공 영양정보) | 빵 및 과자류 | 피자",""
"kfind-d202-120000000-2757","피자_수퍼 파파스 피자 골드링 (F)","파파존스","피자","피자","외식(프랜차이즈 등 업체 제공 영양정보) | 빵 및 과자류 | 피자",""
"kfind-d202-120000000-4377","피자_수퍼 파파스 크루아상","파파존스","피자","피자","외식(프랜차이즈 등 업체 제공 영양정보) | 빵 및 과자류 | 피자",""
"kfind-d202-120000000-4376","피자_수퍼 파파스 치즈롤 (P)","파파존스","피자","피자","외식(프랜차이즈 등 업체 제공 영양정보) | 빵 및 과자류 | 피자",""
"kfind-d202-120000000-4375","피자_수퍼 파파스 치즈롤 (L)","파파존스","피자","피자","외식(프랜차이즈 등 업체 제공 영양정보) | 빵 및 과자류 | 피자",""
"kfind-d202-120000000-4374","피자_수퍼 파파스 치즈롤 (F)","파파존스","피자","피자","외식(프랜차이즈 등 업체 제공 영양정보) | 빵 및 과자류 | 피자",""
"kfind-d202-120000000-4373","피자_수퍼 파파스 씬","파파존스","피자","피자","외식(프랜차이즈 등 업체 제공 영양정보) | 빵 및 과자류 | 피자",""
"kfind-d202-120000000-4372","피자_수퍼 파파스 스파이시 갈릭 치즈롤 (P)","파파존스","피자","피자","외식(프랜차이즈 등 업체 제공 영양정보) | 빵 및 과자류 | 피자",""
"kfind-d202-120000000-4371","피자_수퍼 파파스 스파이시 갈릭 치즈롤 (L)","파파존스","피자","피자","외식(프랜차이즈 등 업체 제공 영양정보) | 빵 및 과자류 | 피자",""
"kfind-d202-120000000-4370","피자_수퍼 파파스 스파이시 갈릭 치즈롤 (F)","파파존스","피자","피자","외식(프랜차이즈 등 업체 제공 영양정보) | 빵 및 과자류 | 피자",""
"kfind-d202-120000000-4369","피자_수퍼 파파스 골드링 씬","파파존스","피자","피자","외식(프랜차이즈 등 업체 제공 영양정보) | 빵 및 과자류 | 피자",""
"kfind-d202-120000000-4368","피자_수퍼 파파스 골드링 (P)","파파존스","피자","피자","외식(프랜차이즈 등 업체 제공 영양정보) | 빵 및 과자류 | 피자",""
"kfind-d202-120000000-4367","피자_수퍼 파파스 골드링 (L)","파파존스","피자","피자","외식(프랜차이즈 등 업체 제공 영양정보) | 빵 및 과자류 | 피자",""
"kfind-d202-120000000-4366","피자_수퍼 파파스 골드링 (F)","파파존스","피자","피자","외식(프랜차이즈 등 업체 제공 영양정보) | 빵 및 과자류 | 피자",""
"kfind-d202-120000000-4365","피자_수퍼 파파스 (P)","파파존스","피자","피자","외식(프랜차이즈 등 업체 제공 영양정보) | 빵 및 과자류 | 피자",""
"kfind-d202-120000000-4364","피자_수퍼 파파스 (L)","파파존스","피자","피자","외식(프랜차이즈 등 업체 제공 영양정보) | 빵 및 과자류 | 피자",""
"kfind-d202-120000000-4363","피자_수퍼 파파스 (F)","파파존스","피자","피자","외식(프랜차이즈 등 업체 제공 영양정보) | 빵 및 과자류 | 피자",""
"kfind-d202-120000000-4362","피자_소시지맥스나폴리(L)","도미노피자","피자","피자","외식(프랜차이즈 등 업체 제공 영양정보) | 빵 및 과자류 | 피자",""
"kfind-d202-120000000-0864","피자_샘스테이크 피자 치즈링 (R)","7번가피자","피자","피자","외식(프랜차이즈 등 업체 제공 영양정보) | 빵 및 과자류 | 피자",""
"kfind-d202-120000000-0863","피자_샘스테이크 피자 치즈링 (L)","7번가피자","피자","피자","외식(프랜차이즈 등 업체 제공 영양정보) | 빵 및 과자류 | 피자",""
"kfind-d202-120000000-2750","피자_샘스테이크 피자 씬바샤삭 (R)","7번가피자","피자","피자","외식(프랜차이즈 등 업체 제공 영양정보) | 빵 및 과자류 | 피자",""
"kfind-d202-120000000-2749","피자_샘스테이크 피자 씬바샤삭 (L)","7번가피자","피자","피자","외식(프랜차이즈 등 업체 제공 영양정보) | 빵 및 과자류 | 피자",""
"kfind-d202-120000000-0862","피자_샘스테이크 피자 씬도우 (R)","7번가피자","피자","피자","외식(프랜차이즈 등 업체 제공 영양정보) | 빵 및 과자류 | 피자",""
"kfind-d202-120000000-0861","피자_샘스테이크 피자 씬도우 (L)","7번가피자","피자","피자","외식(프랜차이즈 등 업체 제공 영양정보) | 빵 및 과자류 | 피자",""
"kfind-d202-120000000-0860","피자_샘스테이크 피자 석쇠 (R)","7번가피자","피자","피자","외식(프랜차이즈 등 업체 제공 영양정보) | 빵 및 과자류 | 피자",""
"kfind-d202-120000000-0002","피자_샘스테이크 피자 석쇠 (L)","7번가피자","피자","피자","외식(프랜차이즈 등 업체 제공 영양정보) | 빵 및 과자류 | 피자",""
"kfind-d202-120000000-0859","피자_샘스테이크 피자 리코타링 (R)","7번가피자","피자","피자","외식(프랜차이즈 등 업체 제공 영양정보) | 빵 및 과자류 | 피자",""
"kfind-d202-120000000-0858","피자_샘스테이크 피자 리코타링 (L)","7번가피자","피자","피자","외식(프랜차이즈 등 업체 제공 영양정보) | 빵 및 과자류 | 피자",""
"kfind-d202-120000000-0001","피자_샘스테이크 피자 골드스윗 (R)","7번가피자","피자","피자","외식(프랜차이즈 등 업체 제공 영양정보) | 빵 및 과자류 | 피자",""
"kfind-d202-120000000-0857","피자_샘스테이크 피자 골드스윗 (L)","7번가피자","피자","피자","외식(프랜차이즈 등 업체 제공 영양정보) | 빵 및 과자류 | 피자",""
"kfind-d202-120000000-0855","피자_새우파티 피자 치즈링 (R)","7번가피자","피자","피자","외식(프랜차이즈 등 업체 제공 영양정보) | 빵 및 과자류 | 피자",""
"kfind-d202-120000000-0854","피자_새우파티 피자 치즈링 (L)","7번가피자","피자","피자","외식(프랜차이즈 등 업체 제공 영양정보) | 빵 및 과자류 | 피자",""
"kfind-d202-120000000-2748","피자_새우파티 피자 씬바샤삭 (R)","7번가피자","피자","피자","외식(프랜차이즈 등 업체 제공 영양정보) | 빵 및 과자류 | 피자",""
"kfind-d202-120000000-2747","피자_새우파티 피자 씬바샤삭 (L)","7번가피자","피자","피자","외식(프랜차이즈 등 업체 제공 영양정보) | 빵 및 과자류 | 피자",""
"kfind-d202-120000000-0853","피자_새우파티 피자 씬도우 (R)","7번가피자","피자","피자","외식(프랜차이즈 등 업체 제공 영양정보) | 빵 및 과자류 | 피자",""
"kfind-d202-120000000-0852","피자_새우파티 피자 씬도우 (L)","7번가피자","피자","피자","외식(프랜차이즈 등 업체 제공 영양정보) | 빵 및 과자류 | 피자",""
"kfind-d202-120000000-0851","피자_새우파티 피자 석쇠 (R)","7번가피자","피자","피자","외식(프랜차이즈 등 업체 제공 영양정보) | 빵 및 과자류 | 피자",""
"kfind-d202-120000000-0850","피자_새우파티 피자 석쇠 (L)","7번가피자","피자","피자","외식(프랜차이즈 등 업체 제공 영양정보) | 빵 및 과자류 | 피자",""
"kfind-d202-120000000-0849","피자_새우파티 피자 리코타링 (R)","7번가피자","피자","피자","외식(프랜차이즈 등 업체 제공 영양정보) | 빵 및 과자류 | 피자",""
"kfind-d202-120000000-0848","피자_새우파티 피자 리코타링 (L)","7번가피자","피자","피자","외식(프랜차이즈 등 업체 제공 영양정보) | 빵 및 과자류 | 피자",""
"kfind-d202-120000000-0847","피자_새우파티 피자 골드스윗 (R)","7번가피자","피자","피자","외식(프랜차이즈 등 업체 제공 영양정보) | 빵 및 과자류 | 피자",""
"kfind-d202-120000000-0846","피자_새우파티 피자 골드스윗 (L)","7번가피자","피자","피자","외식(프랜차이즈 등 업체 제공 영양정보) | 빵 및 과자류 | 피자",""
"kfind-d202-120000000-0844","피자_새우천왕 피자 크림치즈 (R)","미스터피자","피자","피자","외식(프랜차이즈 등 업체 제공 영양정보) | 빵 및 과자류 | 피자",""
"kfind-d202-120000000-2746","피자_새우천왕 피자 크림치즈 (M)","미스터피자","피자","피자","외식(프랜차이즈 등 업체 제공 영양정보) | 빵 및 과자류 | 피자",""
"kfind-d202-120000000-0843","피자_새우천왕 피자 크림치즈 (L)","미스터피자","피자","피자","외식(프랜차이즈 등 업체 제공 영양정보) | 빵 및 과자류 | 피자",""
"kfind-d202-120000000-0842","피자_새우천왕 피자 치즈캡 (R)","미스터피자","피자","피자","외식(프랜차이즈 등 업체 제공 영양정보) | 빵 및 과자류 | 피자",""
"kfind-d202-120000000-2744","피자_새우천왕 피자 치즈캡 (M)","미스터피자","피자","피자","외식(프랜차이즈 등 업체 제공 영양정보) | 빵 및 과자류 | 피자",""
"kfind-d202-120000000-0841","피자_새우천왕 피자 치즈캡 (L)","미스터피자","피자","피자","외식(프랜차이즈 등 업체 제공 영양정보) | 빵 및 과자류 | 피자",""
"kfind-d202-120000000-0840","피자_새우천왕 피자 에그타르트 (R)","미스터피자","피자","피자","외식(프랜차이즈 등 업체 제공 영양정보) | 빵 및 과자류 | 피자",""
"kfind-d202-120000000-2742","피자_새우천왕 피자 에그타르트 (M)","미스터피자","피자","피자","외식(프랜차이즈 등 업체 제공 영양정보) | 빵 및 과자류 | 피자",""
"kfind-d202-120000000-0839","피자_새우천왕 피자 에그타르트 (L)","미스터피자","피자","피자","외식(프랜차이즈 등 업체 제공 영양정보) | 빵 및 과자류 | 피자",""
"kfind-d202-120000000-0838","피자_새우천왕 피자 노엣지 오리진 (R)","미스터피자","피자","피자","외식(프랜차이즈 등 업체 제공 영양정보) | 빵 및 과자류 | 피자",""
"kfind-d202-120000000-2740","피자_새우천왕 피자 노엣지 오리진 (M)","미스터피자","피자","피자","외식(프랜차이즈 등 업체 제공 영양정보) | 빵 및 과자류 | 피자",""
"kfind-d202-120000000-0837","피자_새우천왕 피자 노엣지 오리진 (L)","미스터피자","피자","피자","외식(프랜차이즈 등 업체 제공 영양정보) | 빵 및 과자류 | 피자",""
"kfind-d202-120000000-0836","피자_새우천왕 피자 골드 (R)","미스터피자","피자","피자","외식(프랜차이즈 등 업체 제공 영양정보) | 빵 및 과자류 | 피자",""
"kfind-d202-120000000-2738","피자_새우천왕 피자 골드 (M)","미스터피자","피자","피자","외식(프랜차이즈 등 업체 제공 영양정보) | 빵 및 과자류 | 피자",""
"kfind-d202-120000000-0835","피자_새우천왕 피자 골드 (L)","미스터피자","피자","피자","외식(프랜차이즈 등 업체 제공 영양정보) | 빵 및 과자류 | 피자",""
"kfind-d202-120000000-0822","피자_뿜뿜불고기 피자","피자헛","피자","피자","외식(프랜차이즈 등 업체 제공 영양정보) | 빵 및 과자류 | 피자",""
"kfind-d202-120000000-4353","피자_빙빙회오리감자피자 (1인)","피자마루","피자","피자","외식(프랜차이즈 등 업체 제공 영양정보) | 빵 및 과자류 | 피자",""
"kfind-d202-120000000-0819","피자_비프홀리데이 피자(L)","청년피자","피자","피자","외식(프랜차이즈 등 업체 제공 영양정보) | 빵 및 과자류 | 피자",""
"kfind-d202-120000000-4352","피자_비프퀘사디아피자","피자스쿨","피자","피자","외식(프랜차이즈 등 업체 제공 영양정보) | 빵 및 과자류 | 피자",""
"kfind-d202-120000000-0818","피자_비프퀘사디아 피자","피자스쿨","피자","피자","외식(프랜차이즈 등 업체 제공 영양정보) | 빵 및 과자류 | 피자",""
"kfind-d202-120000000-2725","피자_블록버스터4 피자 치즈버스트 오리지널 (L)","도미노피자","피자","피자","외식(프랜차이즈 등 업체 제공 영양정보) | 빵 및 과자류 | 피자",""
"kfind-d202-120000000-2724","피자_블록버스터4 피자 치즈버스트 나폴리 (L)","도미노피자","피자","피자","외식(프랜차이즈 등 업체 제공 영양정보) | 빵 및 과자류 | 피자",""
"kfind-d202-120000000-2723","피자_블록버스터4 피자 오리지널 (M)","도미노피자","피자","피자","외식(프랜차이즈 등 업체 제공 영양정보) | 빵 및 과자류 | 피자",""
"kfind-d202-120000000-2722","피자_블록버스터4 피자 오리지널 (L)","도미노피자","피자","피자","외식(프랜차이즈 등 업체 제공 영양정보) | 빵 및 과자류 | 피자",""
"kfind-d202-120000000-2721","피자_블록버스터4 피자 씬 (M)","도미노피자","피자","피자","외식(프랜차이즈 등 업체 제공 영양정보) | 빵 및 과자류 | 피자",""
"kfind-d202-120000000-2720","피자_블록버스터4 피자 씬 (L)","도미노피자","피자","피자","외식(프랜차이즈 등 업체 제공 영양정보) | 빵 및 과자류 | 피자",""
"kfind-d202-120000000-2719","피자_블록버스터4 피자 슈화 더블 치즈 페퍼로니 엣지 (M)","도미노피자","피자","피자","외식(프랜차이즈 등 업체 제공 영양정보) | 빵 및 과자류 | 피자",""
"kfind-d202-120000000-2718","피자_블록버스터4 피자 슈화 더블 치즈 페퍼로니 엣지 (L)","도미노피자","피자","피자","외식(프랜차이즈 등 업체 제공 영양정보) | 빵 및 과자류 | 피자",""
"kfind-d202-120000000-2717","피자_블록버스터4 피자 슈퍼시드 화이버 오리지널 (M)","도미노피자","피자","피자","외식(프랜차이즈 등 업체 제공 영양정보) | 빵 및 과자류 | 피자",""
"kfind-d202-120000000-2716","피자_블록버스터4 피자 슈퍼시드 화이버 오리지널 (L)","도미노피자","피자","피자","외식(프랜차이즈 등 업체 제공 영양정보) | 빵 및 과자류 | 피자",""
"kfind-d202-120000000-2713","피자_블록버스터4 피자 슈퍼시드 화이버 버스트 오리지널 (L)","도미노피자","피자","피자","외식(프랜차이즈 등 업체 제공 영양정보) | 빵 및 과자류 | 피자",""
"kfind-d202-120000000-2710","피자_블록버스터4 피자 더블치즈 페퍼로니 엣지 (M)","도미노피자","피자","피자","외식(프랜차이즈 등 업체 제공 영양정보) | 빵 및 과자류 | 피자",""
"kfind-d202-120000000-2709","피자_블록버스터4 피자 더블치즈 페퍼로니 엣지 (L)","도미노피자","피자","피자","외식(프랜차이즈 등 업체 제공 영양정보) | 빵 및 과자류 | 피자",""
"kfind-d202-120000000-0816","피자_블록버스터4 피자 더블치즈 엣지 오리지널 (L)","도미노피자","피자","피자","외식(프랜차이즈 등 업체 제공 영양정보) | 빵 및 과자류 | 피자",""
"kfind-d202-120000000-2712","피자_블록버스터4 피자 더블치즈 엣지 (M)","도미노피자","피자","피자","외식(프랜차이즈 등 업체 제공 영양정보) | 빵 및 과자류 | 피자",""
"kfind-d202-120000000-2711","피자_블록버스터4 피자 더블치즈 엣지 (L)","도미노피자","피자","피자","외식(프랜차이즈 등 업체 제공 영양정보) | 빵 및 과자류 | 피자",""
"kfind-d202-120000000-2708","피자_블록버스터4 피자 나폴리 (M)","도미노피자","피자","피자","외식(프랜차이즈 등 업체 제공 영양정보) | 빵 및 과자류 | 피자",""
"kfind-d202-120000000-2707","피자_블록버스터4 피자 나폴리 (L)","도미노피자","피자","피자","외식(프랜차이즈 등 업체 제공 영양정보) | 빵 및 과자류 | 피자",""
"kfind-d202-120000000-2705","피자_블랙트러플 스테이크 시카고 피자","굽네치킨","치킨","피자","외식(프랜차이즈 등 업체 제공 영양정보) | 빵 및 과자류 | 피자",""
"kfind-d202-120000000-0815","피자_블랙타이거슈림프 피자 트리플치즈버스트 엣지 (L)","도미노피자","피자","피자","외식(프랜차이즈 등 업체 제공 영양정보) | 빵 및 과자류 | 피자",""
"kfind-d202-120000000-0814","피자_블랙타이거슈림프 피자 오리지널 (L)","도미노피자","피자","피자","외식(프랜차이즈 등 업체 제공 영양정보) | 빵 및 과자류 | 피자",""
"kfind-d202-120000000-4351","피자_블랙타이거슈림프 오리지널 트리플치즈버스트엣지 (L)","도미노피자","피자","피자","외식(프랜차이즈 등 업체 제공 영양정보) | 빵 및 과자류 | 피자",""
"kfind-d202-120000000-2695","피자_블랙타이거 슈림프 피자 치즈버스트 오리지널 (L)","도미노피자","피자","피자","외식(프랜차이즈 등 업체 제공 영양정보) | 빵 및 과자류 | 피자",""
"kfind-d202-120000000-2694","피자_블랙타이거 슈림프 피자 치즈버스트 나폴리 (L)","도미노피자","피자","피자","외식(프랜차이즈 등 업체 제공 영양정보) | 빵 및 과자류 | 피자",""
"kfind-d202-120000000-2703","피자_블랙타이거 슈림프 피자 치즈 엣지 (M)","도미노피자","피자","피자","외식(프랜차이즈 등 업체 제공 영양정보) | 빵 및 과자류 | 피자",""
"kfind-d202-120000000-2702","피자_블랙타이거 슈림프 피자 치즈 엣지 (L)","도미노피자","피자","피자","외식(프랜차이즈 등 업체 제공 영양정보) | 빵 및 과자류 | 피자",""
"kfind-d202-120000000-2693","피자_블랙타이거 슈림프 피자 오리지널 (M)","도미노피자","피자","피자","외식(프랜차이즈 등 업체 제공 영양정보) | 빵 및 과자류 | 피자",""
"kfind-d202-120000000-2692","피자_블랙타이거 슈림프 피자 씬 (M)","도미노피자","피자","피자","외식(프랜차이즈 등 업체 제공 영양정보) | 빵 및 과자류 | 피자",""
"kfind-d202-120000000-2691","피자_블랙타이거 슈림프 피자 씬 (L)","도미노피자","피자","피자","외식(프랜차이즈 등 업체 제공 영양정보) | 빵 및 과자류 | 피자",""
"kfind-d202-120000000-2701","피자_블랙타이거 슈림프 피자 슈화 더블 치즈 페퍼로니 엣지 (M)","도미노피자","피자","피자","외식(프랜차이즈 등 업체 제공 영양정보) | 빵 및 과자류 | 피자",""
"kfind-d202-120000000-2700","피자_블랙타이거 슈림프 피자 슈화 더블 치즈 페퍼로니 엣지 (L)","도미노피자","피자","피자","외식(프랜차이즈 등 업체 제공 영양정보) | 빵 및 과자류 | 피자",""
"kfind-d202-120000000-2699","피자_블랙타이거 슈림프 피자 슈퍼시드 화이버 오리지널 (M)","도미노피자","피자","피자","외식(프랜차이즈 등 업체 제공 영양정보) | 빵 및 과자류 | 피자",""
"kfind-d202-120000000-2698","피자_블랙타이거 슈림프 피자 슈퍼시드 화이버 오리지널 (L)","도미노피자","피자","피자","외식(프랜차이즈 등 업체 제공 영양정보) | 빵 및 과자류 | 피자",""
"kfind-d202-120000000-2690","피자_블랙타이거 슈림프 피자 슈퍼시드 화이버 버스트 오리지널 (L)","도미노피자","피자","피자","외식(프랜차이즈 등 업체 제공 영양정보) | 빵 및 과자류 | 피자",""
"kfind-d202-120000000-2689","피자_블랙타이거 슈림프 피자 더블치즈 페퍼로니 엣지 (M)","도미노피자","피자","피자","외식(프랜차이즈 등 업체 제공 영양정보) | 빵 및 과자류 | 피자",""
"kfind-d202-120000000-2688","피자_블랙타이거 슈림프 피자 더블치즈 페퍼로니 엣지 (L)","도미노피자","피자","피자","외식(프랜차이즈 등 업체 제공 영양정보) | 빵 및 과자류 | 피자",""
"kfind-d202-120000000-2687","피자_블랙타이거 슈림프 피자 나폴리 (M)","도미노피자","피자","피자","외식(프랜차이즈 등 업체 제공 영양정보) | 빵 및 과자류 | 피자",""
"kfind-d202-120000000-2686","피자_블랙타이거 슈림프 피자 나폴리 (L)","도미노피자","피자","피자","외식(프랜차이즈 등 업체 제공 영양정보) | 빵 및 과자류 | 피자",""
"kfind-d202-120000000-0812","피자_블랙앵거스 스테이크 피자 트리플치즈버스트 엣지 (L)","도미노피자","피자","피자","외식(프랜차이즈 등 업체 제공 영양정보) | 빵 및 과자류 | 피자",""
"kfind-d202-120000000-2677","피자_블랙앵거스 스테이크 피자 치즈버스트 오리지널 (L)","도미노피자","피자","피자","외식(프랜차이즈 등 업체 제공 영양정보) | 빵 및 과자류 | 피자",""
"kfind-d202-120000000-2676","피자_블랙앵거스 스테이크 피자 치즈버스트 나폴리 (L)","도미노피자","피자","피자","외식(프랜차이즈 등 업체 제공 영양정보) | 빵 및 과자류 | 피자",""
"kfind-d202-120000000-2685","피자_블랙앵거스 스테이크 피자 치즈 엣지 (M)","도미노피자","피자","피자","외식(프랜차이즈 등 업체 제공 영양정보) | 빵 및 과자류 | 피자",""
"kfind-d202-120000000-2684","피자_블랙앵거스 스테이크 피자 치즈 엣지 (L)","도미노피자","피자","피자","외식(프랜차이즈 등 업체 제공 영양정보) | 빵 및 과자류 | 피자",""
"kfind-d202-120000000-0811","피자_블랙앵거스 스테이크 피자 오리지널 (L)","도미노피자","피자","피자","외식(프랜차이즈 등 업체 제공 영양정보) | 빵 및 과자류 | 피자",""
"kfind-d202-120000000-2674","피자_블랙앵거스 스테이크 피자 씬 (M)","도미노피자","피자","피자","외식(프랜차이즈 등 업체 제공 영양정보) | 빵 및 과자류 | 피자",""
"kfind-d202-120000000-2673","피자_블랙앵거스 스테이크 피자 씬 (L)","도미노피자","피자","피자","외식(프랜차이즈 등 업체 제공 영양정보) | 빵 및 과자류 | 피자",""
"kfind-d202-120000000-2683","피자_블랙앵거스 스테이크 피자 슈화 더블 치즈 페퍼로니 엣지 (M)","도미노피자","피자","피자","외식(프랜차이즈 등 업체 제공 영양정보) | 빵 및 과자류 | 피자",""
"kfind-d202-120000000-2682","피자_블랙앵거스 스테이크 피자 슈화 더블 치즈 페퍼로니 엣지 (L)","도미노피자","피자","피자","외식(프랜차이즈 등 업체 제공 영양정보) | 빵 및 과자류 | 피자",""
"kfind-d202-120000000-2681","피자_블랙앵거스 스테이크 피자 슈퍼시드 화이버 오리지널 (M)","도미노피자","피자","피자","외식(프랜차이즈 등 업체 제공 영양정보) | 빵 및 과자류 | 피자",""
"kfind-d202-120000000-2680","피자_블랙앵거스 스테이크 피자 슈퍼시드 화이버 오리지널 (L)","도미노피자","피자","피자","외식(프랜차이즈 등 업체 제공 영양정보) | 빵 및 과자류 | 피자",""
"kfind-d202-120000000-2672","피자_블랙앵거스 스테이크 피자 슈퍼시드 화이버 버스트 오리지널 (L)","도미노피자","피자","피자","외식(프랜차이즈 등 업체 제공 영양정보) | 빵 및 과자류 | 피자",""
"kfind-d202-120000000-2670","피자_블랙앵거스 스테이크 피자 더블치즈 페퍼로니 엣지 (L)","도미노피자","피자","피자","외식(프랜차이즈 등 업체 제공 영양정보) | 빵 및 과자류 | 피자",""
"kfind-d202-120000000-2669","피자_블랙앵거스 스테이크 피자 나폴리 (M)","도미노피자","피자","피자","외식(프랜차이즈 등 업체 제공 영양정보) | 빵 및 과자류 | 피자",""
"kfind-d202-120000000-2668","피자_블랙앵거스 스테이크 피자 나폴리 (L)","도미노피자","피자","피자","외식(프랜차이즈 등 업체 제공 영양정보) | 빵 및 과자류 | 피자",""
"kfind-d202-120000000-2665","피자_브루클린 버거 피자 팬 (L)","피자헛","피자","피자","외식(프랜차이즈 등 업체 제공 영양정보) | 빵 및 과자류 | 피자",""
"kfind-d202-120000000-2664","피자_브루클린 버거 피자 오리지널 파마산 치즈 (M)","피자헛","피자","피자","외식(프랜차이즈 등 업체 제공 영양정보) | 빵 및 과자류 | 피자",""
"kfind-d202-120000000-2663","피자_브루클린 버거 피자 오리지널 파마산 치즈 (L)","피자헛","피자","피자","외식(프랜차이즈 등 업체 제공 영양정보) | 빵 및 과자류 | 피자",""
"kfind-d202-120000000-2662","피자_브루클린 버거 피자 오리지널 (M)","피자헛","피자","피자","외식(프랜차이즈 등 업체 제공 영양정보) | 빵 및 과자류 | 피자",""
"kfind-d202-120000000-2661","피자_브루클린 버거 피자 오리지널 (L)","피자헛","피자","피자","외식(프랜차이즈 등 업체 제공 영양정보) | 빵 및 과자류 | 피자",""
"kfind-d202-120000000-2660","피자_브루클린 버거 피자 씬 (L)","피자헛","피자","피자","외식(프랜차이즈 등 업체 제공 영양정보) | 빵 및 과자류 | 피자",""
"kfind-d202-120000000-0805","피자_불사조쉬림프 피자 (L)","청년피자","피자","피자","외식(프랜차이즈 등 업체 제공 영양정보) | 빵 및 과자류 | 피자",""
"kfind-d202-120000000-2656","피자_불벅치즈링 피자 (R)","반올림피자","피자","피자","외식(프랜차이즈 등 업체 제공 영양정보) | 빵 및 과자류 | 피자",""
"kfind-d202-120000000-2657","피자_불벅 피자 (L)","반올림피자","피자","피자","외식(프랜차이즈 등 업체 제공 영양정보) | 빵 및 과자류 | 피자",""
"kfind-d202-120000000-4348","피자_불닭치킨피자 (1인)","피자마루","피자","피자","외식(프랜차이즈 등 업체 제공 영양정보) | 빵 및 과자류 | 피자",""
"kfind-d202-120000000-4339","피자_불닭고구마피자","피자스쿨","피자","피자","외식(프랜차이즈 등 업체 제공 영양정보) | 빵 및 과자류 | 피자",""
"kfind-d202-120000000-2652","피자_불닭고구마 피자","피자스쿨","피자","피자","외식(프랜차이즈 등 업체 제공 영양정보) | 빵 및 과자류 | 피자",""
"kfind-d202-120180000-0067","피자_불고기피자바이트","피자마루","피자","피자","외식(프랜차이즈 등 업체 제공 영양정보) | 빵 및 과자류 | 피자 | 불고기피자",""
"kfind-d202-120000000-0738","피자_불고기피자 (R)","반올림피자","피자","피자","외식(프랜차이즈 등 업체 제공 영양정보) | 빵 및 과자류 | 피자",""
"kfind-d202-120180000-0057","피자_불고기피자","피자스쿨","피자","피자","외식(프랜차이즈 등 업체 제공 영양정보) | 빵 및 과자류 | 피자 | 불고기피자",""
"kfind-d202-120180000-0056","피자_불고기피자","피자마루","피자","피자","외식(프랜차이즈 등 업체 제공 영양정보) | 빵 및 과자류 | 피자 | 불고기피자",""
"kfind-d202-120000000-0777","피자_불고기 피자 치즈캡 (R)","미스터피자","피자","피자","외식(프랜차이즈 등 업체 제공 영양정보) | 빵 및 과자류 | 피자",""
"kfind-d202-120000000-2618","피자_불고기 피자 치즈캡 (M)","미스터피자","피자","피자","외식(프랜차이즈 등 업체 제공 영양정보) | 빵 및 과자류 | 피자",""
"kfind-d202-120000000-0776","피자_불고기 피자 치즈캡 (L)","미스터피자","피자","피자","외식(프랜차이즈 등 업체 제공 영양정보) | 빵 및 과자류 | 피자",""
"kfind-d202-120000000-0775","피자_불고기 피자 치즈링 (R)","7번가피자","피자","피자","외식(프랜차이즈 등 업체 제공 영양정보) | 빵 및 과자류 | 피자",""
"kfind-d202-120000000-0774","피자_불고기 피자 치즈링 (L)","7번가피자","피자","피자","외식(프랜차이즈 등 업체 제공 영양정보) | 빵 및 과자류 | 피자",""
"kfind-d202-120000000-0773","피자_불고기 피자 치즈링 (G)","7번가피자","피자","피자","외식(프랜차이즈 등 업체 제공 영양정보) | 빵 및 과자류 | 피자",""
"kfind-d202-120000000-0770","피자_불고기 피자 오리진 (R)","미스터피자","피자","피자","외식(프랜차이즈 등 업체 제공 영양정보) | 빵 및 과자류 | 피자",""
"kfind-d202-120000000-2597","피자_불고기 피자 오리진 (M)","미스터피자","피자","피자","외식(프랜차이즈 등 업체 제공 영양정보) | 빵 및 과자류 | 피자",""
"kfind-d202-120000000-0769","피자_불고기 피자 오리진 (L)","미스터피자","피자","피자","외식(프랜차이즈 등 업체 제공 영양정보) | 빵 및 과자류 | 피자",""
"kfind-d202-120000000-2646","피자_불고기 피자 씬바샤삭 (R)","7번가피자","피자","피자","외식(프랜차이즈 등 업체 제공 영양정보) | 빵 및 과자류 | 피자",""
"kfind-d202-120000000-2645","피자_불고기 피자 씬바샤삭 (L)","7번가피자","피자","피자","외식(프랜차이즈 등 업체 제공 영양정보) | 빵 및 과자류 | 피자",""
"kfind-d202-120000000-0768","피자_불고기 피자 씬도우 (R)","7번가피자","피자","피자","외식(프랜차이즈 등 업체 제공 영양정보) | 빵 및 과자류 | 피자",""
"kfind-d202-120000000-0767","피자_불고기 피자 씬도우 (L)","7번가피자","피자","피자","외식(프랜차이즈 등 업체 제공 영양정보) | 빵 및 과자류 | 피자",""
"kfind-d202-120000000-0764","피자_불고기 피자 석쇠 (R)","7번가피자","피자","피자","외식(프랜차이즈 등 업체 제공 영양정보) | 빵 및 과자류 | 피자",""
"kfind-d202-120000000-0763","피자_불고기 피자 석쇠 (L)","7번가피자","피자","피자","외식(프랜차이즈 등 업체 제공 영양정보) | 빵 및 과자류 | 피자",""
"kfind-d202-120000000-0762","피자_불고기 피자 석쇠 (G)","7번가피자","피자","피자","외식(프랜차이즈 등 업체 제공 영양정보) | 빵 및 과자류 | 피자",""
"kfind-d202-120000000-0757","피자_불고기 피자 바이트 (L)","피자마루","피자","피자","외식(프랜차이즈 등 업체 제공 영양정보) | 빵 및 과자류 | 피자",""
"kfind-d202-120000000-0748","피자_불고기 피자 리코타링 (R)","7번가피자","피자","피자","외식(프랜차이즈 등 업체 제공 영양정보) | 빵 및 과자류 | 피자",""
"kfind-d202-120000000-0747","피자_불고기 피자 리코타링 (L)","7번가피자","피자","피자","외식(프랜차이즈 등 업체 제공 영양정보) | 빵 및 과자류 | 피자",""
"kfind-d202-120000000-0746","피자_불고기 피자 리코타링 (G)","7번가피자","피자","피자","외식(프랜차이즈 등 업체 제공 영양정보) | 빵 및 과자류 | 피자",""
"kfind-d202-120000000-0745","피자_불고기 피자 골드스윗 (R)","7번가피자","피자","피자","외식(프랜차이즈 등 업체 제공 영양정보) | 빵 및 과자류 | 피자",""
"kfind-d202-120000000-0744","피자_불고기 피자 골드스윗 (L)","7번가피자","피자","피자","외식(프랜차이즈 등 업체 제공 영양정보) | 빵 및 과자류 | 피자",""
"kfind-d202-120000000-0743","피자_불고기 피자 골드스윗 (G)","7번가피자","피자","피자","외식(프랜차이즈 등 업체 제공 영양정보) | 빵 및 과자류 | 피자",""
"kfind-d202-120000000-0730","피자_불고기 피자 (L)","피자마루","피자","피자","외식(프랜차이즈 등 업체 제공 영양정보) | 빵 및 과자류 | 피자",""
"kfind-d202-120000000-0789","피자_불고기 피자","피자스쿨","피자","피자","외식(프랜차이즈 등 업체 제공 영양정보) | 빵 및 과자류 | 피자",""
"kfind-d202-120000000-2616","피자_불고기 체다 스타라이트 피자 화이버 엣지 오리지널 (M)","도미노피자","피자","피자","외식(프랜차이즈 등 업체 제공 영양정보) | 빵 및 과자류 | 피자",""
"kfind-d202-120000000-2615","피자_불고기 체다 스타라이트 피자 화이버 엣지 오리지널 (L)","도미노피자","피자","피자","외식(프랜차이즈 등 업체 제공 영양정보) | 빵 및 과자류 | 피자",""
"kfind-d202-120000000-2614","피자_불고기 체다 스타라이트 피자 화이버 버스트 오리지널 (L)","도미노피자","피자","피자","외식(프랜차이즈 등 업체 제공 영양정보) | 빵 및 과자류 | 피자",""
"kfind-d202-120000000-2613","피자_불고기 체다 스타라이트 피자 치즈버스트 오리지널 (L)","도미노피자","피자","피자","외식(프랜차이즈 등 업체 제공 영양정보) | 빵 및 과자류 | 피자",""
"kfind-d202-120000000-2612","피자_불고기 체다 스타라이트 피자 치즈버스트 나폴리 (L)","도미노피자","피자","피자","외식(프랜차이즈 등 업체 제공 영양정보) | 빵 및 과자류 | 피자",""
"kfind-d202-120000000-2611","피자_불고기 체다 스타라이트 피자 오리지널 (M)","도미노피자","피자","피자","외식(프랜차이즈 등 업체 제공 영양정보) | 빵 및 과자류 | 피자",""
"kfind-d202-120000000-2610","피자_불고기 체다 스타라이트 피자 오리지널 (L)","도미노피자","피자","피자","외식(프랜차이즈 등 업체 제공 영양정보) | 빵 및 과자류 | 피자",""
"kfind-d202-120000000-2609","피자_불고기 체다 스타라이트 피자 씬 (M)","도미노피자","피자","피자","외식(프랜차이즈 등 업체 제공 영양정보) | 빵 및 과자류 | 피자",""
"kfind-d202-120000000-2608","피자_불고기 체다 스타라이트 피자 씬 (L)","도미노피자","피자","피자","외식(프랜차이즈 등 업체 제공 영양정보) | 빵 및 과자류 | 피자",""
"kfind-d202-120000000-2607","피자_불고기 체다 스타라이트 피자 슈화 더블치즈 페퍼로니 엣지 (M)","도미노피자","피자","피자","외식(프랜차이즈 등 업체 제공 영양정보) | 빵 및 과자류 | 피자",""
"kfind-d202-120000000-2606","피자_불고기 체다 스타라이트 피자 슈화 더블치즈 페퍼로니 엣지 (L)","도미노피자","피자","피자","외식(프랜차이즈 등 업체 제공 영양정보) | 빵 및 과자류 | 피자",""
"kfind-d202-120000000-2605","피자_불고기 체다 스타라이트 피자 슈퍼시드 화이버 오리지널 (M)","도미노피자","피자","피자","외식(프랜차이즈 등 업체 제공 영양정보) | 빵 및 과자류 | 피자",""
"kfind-d202-120000000-2604","피자_불고기 체다 스타라이트 피자 슈퍼시드 화이버 오리지널 (L)","도미노피자","피자","피자","외식(프랜차이즈 등 업체 제공 영양정보) | 빵 및 과자류 | 피자",""
"kfind-d202-120000000-2601","피자_불고기 체다 스타라이트 피자 더블치즈 페퍼로니 엣지 (M)","도미노피자","피자","피자","외식(프랜차이즈 등 업체 제공 영양정보) | 빵 및 과자류 | 피자",""
"kfind-d202-120000000-2600","피자_불고기 체다 스타라이트 피자 더블치즈 페퍼로니 엣지 (L)","도미노피자","피자","피자","외식(프랜차이즈 등 업체 제공 영양정보) | 빵 및 과자류 | 피자",""
"kfind-d202-120000000-2603","피자_불고기 체다 스타라이트 피자 더블치즈 엣지 (M)","도미노피자","피자","피자","외식(프랜차이즈 등 업체 제공 영양정보) | 빵 및 과자류 | 피자",""
"kfind-d202-120000000-2602","피자_불고기 체다 스타라이트 피자 더블치즈 엣지 (L)","도미노피자","피자","피자","외식(프랜차이즈 등 업체 제공 영양정보) | 빵 및 과자류 | 피자",""
"kfind-d202-120000000-2599","피자_불고기 체다 스타라이트 피자 나폴리 (M)","도미노피자","피자","피자","외식(프랜차이즈 등 업체 제공 영양정보) | 빵 및 과자류 | 피자",""
"kfind-d202-120000000-2598","피자_불고기 체다 스타라이트 피자 나폴리 (L)","도미노피자","피자","피자","외식(프랜차이즈 등 업체 제공 영양정보) | 빵 및 과자류 | 피자",""
"kfind-d202-120000000-2595","피자_불고기 1인피자","미스터피자","피자","피자","외식(프랜차이즈 등 업체 제공 영양정보) | 빵 및 과자류 | 피자",""
"kfind-d202-120000000-2590","피자_베지테리안 피자 치즈캡 (M)","미스터피자","피자","피자","외식(프랜차이즈 등 업체 제공 영양정보) | 빵 및 과자류 | 피자",""
"kfind-d202-120000000-2589","피자_베지테리안 피자 치즈캡 (L)","미스터피자","피자","피자","외식(프랜차이즈 등 업체 제공 영양정보) | 빵 및 과자류 | 피자",""
"kfind-d202-120000000-2588","피자_베지테리안 피자 오리진 (M)","미스터피자","피자","피자","외식(프랜차이즈 등 업체 제공 영양정보) | 빵 및 과자류 | 피자",""
"kfind-d202-120000000-2587","피자_베지테리안 피자 오리진 (L)","미스터피자","피자","피자","외식(프랜차이즈 등 업체 제공 영양정보) | 빵 및 과자류 | 피자",""
"kfind-d202-120000000-2586","피자_베지테리안 1인피자","미스터피자","피자","피자","외식(프랜차이즈 등 업체 제공 영양정보) | 빵 및 과자류 | 피자",""
"kfind-d202-120000000-4338","피자_베지러버오리지널 (M)","피자헛","피자","피자","외식(프랜차이즈 등 업체 제공 영양정보) | 빵 및 과자류 | 피자",""
"kfind-d202-120000000-4337","피자_베지러버오리지널 (L)","피자헛","피자","피자","외식(프랜차이즈 등 업체 제공 영양정보) | 빵 및 과자류 | 피자",""
"kfind-d202-120000000-4336","피자_베지 러버팬 (L)","피자헛","피자","피자","외식(프랜차이즈 등 업체 제공 영양정보) | 빵 및 과자류 | 피자",""
"kfind-d202-120000000-4335","피자_베지 러버치치골드 (M)","피자헛","피자","피자","외식(프랜차이즈 등 업체 제공 영양정보) | 빵 및 과자류 | 피자",""
"kfind-d202-120000000-4334","피자_베지 러버치치골드 (L)","피자헛","피자","피자","외식(프랜차이즈 등 업체 제공 영양정보) | 빵 및 과자류 | 피자",""
"kfind-d202-120000000-4333","피자_베지 러버치즈크러스트 골드 (M)","피자헛","피자","피자","외식(프랜차이즈 등 업체 제공 영양정보) | 빵 및 과자류 | 피자",""
"kfind-d202-120000000-4332","피자_베지 러버치즈크러스트 골드 (L)","피자헛","피자","피자","외식(프랜차이즈 등 업체 제공 영양정보) | 빵 및 과자류 | 피자",""
"kfind-d202-120000000-4331","피자_베지 러버치즈크러스트 (M)","피자헛","피자","피자","외식(프랜차이즈 등 업체 제공 영양정보) | 빵 및 과자류 | 피자",""
"kfind-d202-120000000-4330","피자_베지 러버치즈크러스트 (L)","피자헛","피자","피자","외식(프랜차이즈 등 업체 제공 영양정보) | 빵 및 과자류 | 피자",""
"kfind-d202-120000000-4329","피자_베지 러버씬 (L)","피자헛","피자","피자","외식(프랜차이즈 등 업체 제공 영양정보) | 빵 및 과자류 | 피자",""
"kfind-d202-120000000-2548","피자_베이컨포테이토 피자 프리첼 치즈 (M)","피자헛","피자","피자","외식(프랜차이즈 등 업체 제공 영양정보) | 빵 및 과자류 | 피자",""
"kfind-d202-120000000-2547","피자_베이컨포테이토 피자 프리첼 치즈 (L)","피자헛","피자","피자","외식(프랜차이즈 등 업체 제공 영양정보) | 빵 및 과자류 | 피자",""
"kfind-d202-120000000-0676","피자_베이컨포테이토 피자 치즈크러스트 (M)","피자헛","피자","피자","외식(프랜차이즈 등 업체 제공 영양정보) | 빵 및 과자류 | 피자",""
"kfind-d202-120000000-0675","피자_베이컨포테이토 피자 치즈크러스트 (L)","피자헛","피자","피자","외식(프랜차이즈 등 업체 제공 영양정보) | 빵 및 과자류 | 피자",""
"kfind-d202-120000000-0670","피자_베이컨포테이토 피자 리치골드 (M)","피자헛","피자","피자","외식(프랜차이즈 등 업체 제공 영양정보) | 빵 및 과자류 | 피자",""
"kfind-d202-120000000-0669","피자_베이컨포테이토 피자 리치골드 (L)","피자헛","피자","피자","외식(프랜차이즈 등 업체 제공 영양정보) | 빵 및 과자류 | 피자",""
"kfind-d202-120000000-2542","피자_베이컨포테이토 피자 더블치즈크러스트 (M)","피자헛","피자","피자","외식(프랜차이즈 등 업체 제공 영양정보) | 빵 및 과자류 | 피자",""
"kfind-d202-120000000-2541","피자_베이컨포테이토 피자 더블치즈크러스트 (L)","피자헛","피자","피자","외식(프랜차이즈 등 업체 제공 영양정보) | 빵 및 과자류 | 피자",""
"kfind-d202-120000000-4320","피자_베이컨체더치즈피자오리지널(L)","도미노피자","피자","피자","외식(프랜차이즈 등 업체 제공 영양정보) | 빵 및 과자류 | 피자",""
"kfind-d202-120000000-4319","피자_베이컨체더치즈씬(L)","도미노피자","피자","피자","외식(프랜차이즈 등 업체 제공 영양정보) | 빵 및 과자류 | 피자",""
"kfind-d202-120000000-2573","피자_베이컨체더치즈 피자 치즈버스트 나폴리 (L)","도미노피자","피자","피자","외식(프랜차이즈 등 업체 제공 영양정보) | 빵 및 과자류 | 피자",""
"kfind-d202-120000000-2572","피자_베이컨체더치즈 피자 오리지널 (M)","도미노피자","피자","피자","외식(프랜차이즈 등 업체 제공 영양정보) | 빵 및 과자류 | 피자",""
"kfind-d202-120000000-0700","피자_베이컨체더치즈 피자 오리지널 (L)","도미노피자","피자","피자","외식(프랜차이즈 등 업체 제공 영양정보) | 빵 및 과자류 | 피자",""
"kfind-d202-120000000-2571","피자_베이컨체더치즈 피자 씬 (M)","도미노피자","피자","피자","외식(프랜차이즈 등 업체 제공 영양정보) | 빵 및 과자류 | 피자",""
"kfind-d202-120000000-0699","피자_베이컨체더치즈 피자 씬 (L)","도미노피자","피자","피자","외식(프랜차이즈 등 업체 제공 영양정보) | 빵 및 과자류 | 피자",""
"kfind-d202-120000000-2570","피자_베이컨체더치즈 피자 더블치즈 페퍼로니 엣지 (M)","도미노피자","피자","피자","외식(프랜차이즈 등 업체 제공 영양정보) | 빵 및 과자류 | 피자",""
"kfind-d202-120000000-2569","피자_베이컨체더치즈 피자 더블치즈 페퍼로니 엣지 (L)","도미노피자","피자","피자","외식(프랜차이즈 등 업체 제공 영양정보) | 빵 및 과자류 | 피자",""
"kfind-d202-120000000-2568","피자_베이컨체더치즈 피자 나폴리 (M)","도미노피자","피자","피자","외식(프랜차이즈 등 업체 제공 영양정보) | 빵 및 과자류 | 피자",""
"kfind-d202-120000000-0698","피자_베이컨체더치즈 피자 나폴리 (L)","도미노피자","피자","피자","외식(프랜차이즈 등 업체 제공 영양정보) | 빵 및 과자류 | 피자",""
"kfind-d202-120000000-2567","피자_베이컨체더 피자 슈화 더블 치즈 페퍼로니 엣지 (M)","도미노피자","피자","피자","외식(프랜차이즈 등 업체 제공 영양정보) | 빵 및 과자류 | 피자",""
"kfind-d202-120000000-2566","피자_베이컨체더 피자 슈화 더블 치즈 페퍼로니 엣지 (L)","도미노피자","피자","피자","외식(프랜차이즈 등 업체 제공 영양정보) | 빵 및 과자류 | 피자",""
"kfind-d202-120000000-2565","피자_베이컨체더 피자 슈퍼시드 화이버 오리지널 (M)","도미노피자","피자","피자","외식(프랜차이즈 등 업체 제공 영양정보) | 빵 및 과자류 | 피자",""
"kfind-d202-120000000-2564","피자_베이컨체더 피자 슈퍼시드 화이버 오리지널 (L)","도미노피자","피자","피자","외식(프랜차이즈 등 업체 제공 영양정보) | 빵 및 과자류 | 피자",""
"kfind-d202-120000000-2561","피자_베이컨체더 피자 슈퍼시드 화이버 버스트 오리지널 (L)","도미노피자","피자","피자","외식(프랜차이즈 등 업체 제공 영양정보) | 빵 및 과자류 | 피자",""
"kfind-d202-120000000-2560","피자_베이컨체더 피자 더블치즈 엣지 (M)","도미노피자","피자","피자","외식(프랜차이즈 등 업체 제공 영양정보) | 빵 및 과자류 | 피자",""
"kfind-d202-120000000-2559","피자_베이컨체더 피자 더블치즈 엣지 (L)","도미노피자","피자","피자","외식(프랜차이즈 등 업체 제공 영양정보) | 빵 및 과자류 | 피자",""
"kfind-d202-120000000-4318","피자_베이컨체다피자","피자마루","피자","피자","외식(프랜차이즈 등 업체 제공 영양정보) | 빵 및 과자류 | 피자",""
"kfind-d202-120000000-0691","피자_베이컨체다치즈 피자 (R)","반올림피자","피자","피자","외식(프랜차이즈 등 업체 제공 영양정보) | 빵 및 과자류 | 피자",""
"kfind-d202-120000000-0678","피자_베이컨쉬림프 피자 (R)","반올림피자","피자","피자","외식(프랜차이즈 등 업체 제공 영양정보) | 빵 및 과자류 | 피자",""
"kfind-d202-120420000-0039","피자_베이컨 포테이토치즈크러스트 골드 (M)","피자헛","피자","피자","외식(프랜차이즈 등 업체 제공 영양정보) | 빵 및 과자류 | 피자 | 포테이토피자",""
"kfind-d202-120420000-0038","피자_베이컨 포테이토치즈크러스트 골드 (L)","피자헛","피자","피자","외식(프랜차이즈 등 업체 제공 영양정보) | 빵 및 과자류 | 피자 | 포테이토피자",""
"kfind-d202-120420000-0037","피자_베이컨 포테이토치즈크러스트 (M)","피자헛","피자","피자","외식(프랜차이즈 등 업체 제공 영양정보) | 빵 및 과자류 | 피자 | 포테이토피자",""
"kfind-d202-120420000-0036","피자_베이컨 포테이토치즈크러스트 (L)","피자헛","피자","피자","외식(프랜차이즈 등 업체 제공 영양정보) | 빵 및 과자류 | 피자 | 포테이토피자",""
"kfind-d202-120420000-0035","피자_베이컨 포테이토오리지널 (M)","피자헛","피자","피자","외식(프랜차이즈 등 업체 제공 영양정보) | 빵 및 과자류 | 피자 | 포테이토피자",""
"kfind-d202-120420000-0034","피자_베이컨 포테이토오리지널 (L)","피자헛","피자","피자","외식(프랜차이즈 등 업체 제공 영양정보) | 빵 및 과자류 | 피자 | 포테이토피자",""
"kfind-d202-120420000-0033","피자_베이컨 포테이토리치골드 (M)","피자헛","피자","피자","외식(프랜차이즈 등 업체 제공 영양정보) | 빵 및 과자류 | 피자 | 포테이토피자",""
"kfind-d202-120420000-0032","피자_베이컨 포테이토리치골드 (L)","피자헛","피자","피자","외식(프랜차이즈 등 업체 제공 영양정보) | 빵 및 과자류 | 피자 | 포테이토피자",""
"kfind-d202-120000000-0666","피자_베이컨 포테이토 스퀘어 피자","이디야","카페","피자","외식(프랜차이즈 등 업체 제공 영양정보) | 빵 및 과자류 | 피자",""
"kfind-d202-120420000-0142","피자_베이컨 포테이토 스퀘어","이디야","카페","피자","외식(프랜차이즈 등 업체 제공 영양정보) | 빵 및 과자류 | 피자 | 포테이토피자",""
"kfind-d202-120000000-2536","피자_베스트 콰트로 피자 오리지널 (M)","도미노피자","피자","피자","외식(프랜차이즈 등 업체 제공 영양정보) | 빵 및 과자류 | 피자",""
"kfind-d202-120000000-2535","피자_베스트 콰트로 피자 오리지널 (L)","도미노피자","피자","피자","외식(프랜차이즈 등 업체 제공 영양정보) | 빵 및 과자류 | 피자",""
"kfind-d202-120000000-2534","피자_베스트 콰트로 피자 씬 (M)","도미노피자","피자","피자","외식(프랜차이즈 등 업체 제공 영양정보) | 빵 및 과자류 | 피자",""
"kfind-d202-120000000-2533","피자_베스트 콰트로 피자 씬 (L)","도미노피자","피자","피자","외식(프랜차이즈 등 업체 제공 영양정보) | 빵 및 과자류 | 피자",""
"kfind-d202-120000000-2532","피자_베스트 콰트로 피자 슈화 더블 치즈 페퍼로니 엣지 (M)","도미노피자","피자","피자","외식(프랜차이즈 등 업체 제공 영양정보) | 빵 및 과자류 | 피자",""
"kfind-d202-120000000-2531","피자_베스트 콰트로 피자 슈화 더블 치즈 페퍼로니 엣지 (L)","도미노피자","피자","피자","외식(프랜차이즈 등 업체 제공 영양정보) | 빵 및 과자류 | 피자",""
"kfind-d202-120000000-2530","피자_베스트 콰트로 피자 슈퍼시드 화이버 오리지널 (M)","도미노피자","피자","피자","외식(프랜차이즈 등 업체 제공 영양정보) | 빵 및 과자류 | 피자",""
"kfind-d202-120000000-2529","피자_베스트 콰트로 피자 슈퍼시드 화이버 오리지널 (L)","도미노피자","피자","피자","외식(프랜차이즈 등 업체 제공 영양정보) | 빵 및 과자류 | 피자",""
"kfind-d202-120000000-2526","피자_베스트 콰트로 피자 슈퍼시드 화이버 버스트 오리지널 (L)","도미노피자","피자","피자","외식(프랜차이즈 등 업체 제공 영양정보) | 빵 및 과자류 | 피자",""
"kfind-d202-120000000-2523","피자_베스트 콰트로 피자 더블치즈 페퍼로니 엣지 (M)","도미노피자","피자","피자","외식(프랜차이즈 등 업체 제공 영양정보) | 빵 및 과자류 | 피자",""
"kfind-d202-120000000-2522","피자_베스트 콰트로 피자 더블치즈 페퍼로니 엣지 (L)","도미노피자","피자","피자","외식(프랜차이즈 등 업체 제공 영양정보) | 빵 및 과자류 | 피자",""
"kfind-d202-120000000-2525","피자_베스트 콰트로 피자 더블치즈 엣지 (M)","도미노피자","피자","피자","외식(프랜차이즈 등 업체 제공 영양정보) | 빵 및 과자류 | 피자",""
"kfind-d202-120000000-2524","피자_베스트 콰트로 피자 더블치즈 엣지 (L)","도미노피자","피자","피자","외식(프랜차이즈 등 업체 제공 영양정보) | 빵 및 과자류 | 피자",""
"kfind-d202-120000000-2521","피자_베스트 콰트로 피자 나폴리 (M)","도미노피자","피자","피자","외식(프랜차이즈 등 업체 제공 영양정보) | 빵 및 과자류 | 피자",""
"kfind-d202-120000000-2520","피자_베스트 콰트로 피자 나폴리 (L)","도미노피자","피자","피자","외식(프랜차이즈 등 업체 제공 영양정보) | 빵 및 과자류 | 피자",""
"kfind-d202-120000000-2538","피자_베스트 콰트로 치즈버스트 피자 오리지널 (L)","도미노피자","피자","피자","외식(프랜차이즈 등 업체 제공 영양정보) | 빵 및 과자류 | 피자",""
"kfind-d202-120000000-2537","피자_베스트 콰트로 치즈버스트 피자 나폴리 (L)","도미노피자","피자","피자","외식(프랜차이즈 등 업체 제공 영양정보) | 빵 및 과자류 | 피자",""
"kfind-d202-120000000-0608","피자_반올림고구마골드 피자 (R)","반올림피자","피자","피자","외식(프랜차이즈 등 업체 제공 영양정보) | 빵 및 과자류 | 피자",""
"kfind-d202-120000000-0606","피자_반&반 피자 치즈링 (R)","7번가피자","피자","피자","외식(프랜차이즈 등 업체 제공 영양정보) | 빵 및 과자류 | 피자",""
"kfind-d202-120000000-0605","피자_반&반 피자 치즈링 (L)","7번가피자","피자","피자","외식(프랜차이즈 등 업체 제공 영양정보) | 빵 및 과자류 | 피자",""
"kfind-d202-120000000-2471","피자_반&반 피자 씬바샤삭 (R)","7번가피자","피자","피자","외식(프랜차이즈 등 업체 제공 영양정보) | 빵 및 과자류 | 피자",""
"kfind-d202-120000000-2470","피자_반&반 피자 씬바샤삭 (L)","7번가피자","피자","피자","외식(프랜차이즈 등 업체 제공 영양정보) | 빵 및 과자류 | 피자",""
"kfind-d202-120000000-0604","피자_반&반 피자 씬도우 (R)","7번가피자","피자","피자","외식(프랜차이즈 등 업체 제공 영양정보) | 빵 및 과자류 | 피자",""
"kfind-d202-120000000-0603","피자_반&반 피자 씬도우 (L)","7번가피자","피자","피자","외식(프랜차이즈 등 업체 제공 영양정보) | 빵 및 과자류 | 피자",""
"kfind-d202-120000000-0602","피자_반&반 피자 석쇠 (R)","7번가피자","피자","피자","외식(프랜차이즈 등 업체 제공 영양정보) | 빵 및 과자류 | 피자",""
"kfind-d202-120000000-0601","피자_반&반 피자 석쇠 (L)","7번가피자","피자","피자","외식(프랜차이즈 등 업체 제공 영양정보) | 빵 및 과자류 | 피자",""
"kfind-d202-120000000-0600","피자_반&반 피자 리코타링 (R)","7번가피자","피자","피자","외식(프랜차이즈 등 업체 제공 영양정보) | 빵 및 과자류 | 피자",""
"kfind-d202-120000000-0599","피자_반&반 피자 리코타링 (L)","7번가피자","피자","피자","외식(프랜차이즈 등 업체 제공 영양정보) | 빵 및 과자류 | 피자",""
"kfind-d202-120000000-0598","피자_반&반 피자 골드스윗 (R)","7번가피자","피자","피자","외식(프랜차이즈 등 업체 제공 영양정보) | 빵 및 과자류 | 피자",""
"kfind-d202-120000000-0597","피자_반&반 피자 골드스윗 (L)","7번가피자","피자","피자","외식(프랜차이즈 등 업체 제공 영양정보) | 빵 및 과자류 | 피자",""
"kfind-d202-120000000-2469","피자_바질크림치즈디쉬 피자 (L)","청년피자","피자","피자","외식(프랜차이즈 등 업체 제공 영양정보) | 빵 및 과자류 | 피자",""
"kfind-d202-120000000-0593","피자_바삭한허니비피자(L)","청년피자","피자","피자","외식(프랜차이즈 등 업체 제공 영양정보) | 빵 및 과자류 | 피자",""
"kfind-d202-120000000-2462","피자_바비큐 시카고 딥디쉬 피자","굽네치킨","치킨","피자","외식(프랜차이즈 등 업체 제공 영양정보) | 빵 및 과자류 | 피자",""
"kfind-d202-120000000-4237","피자_바베큐치킨피자바이트","피자마루","피자","피자","외식(프랜차이즈 등 업체 제공 영양정보) | 빵 및 과자류 | 피자",""
"kfind-d202-120000000-4236","피자_바베큐치킨피자","피자마루","피자","피자","외식(프랜차이즈 등 업체 제공 영양정보) | 빵 및 과자류 | 피자",""
"kfind-d202-120000000-0589","피자_바베큐치킨 피자 바이트 (L)","피자마루","피자","피자","외식(프랜차이즈 등 업체 제공 영양정보) | 빵 및 과자류 | 피자",""
"kfind-d202-120000000-0586","피자_바베큐치킨 피자 (L)","피자마루","피자","피자","외식(프랜차이즈 등 업체 제공 영양정보) | 빵 및 과자류 | 피자",""
"kfind-d202-120000000-4233","피자_미트러버피자","피자스쿨","피자","피자","외식(프랜차이즈 등 업체 제공 영양정보) | 빵 및 과자류 | 피자",""
"kfind-d202-120000000-0579","피자_미트러버 피자","피자스쿨","피자","피자","외식(프랜차이즈 등 업체 제공 영양정보) | 빵 및 과자류 | 피자",""
"kfind-d202-120000000-0578","피자_미스터트리오 피자 크림치즈 (R)","미스터피자","피자","피자","외식(프랜차이즈 등 업체 제공 영양정보) | 빵 및 과자류 | 피자",""
"kfind-d202-120000000-2453","피자_미스터트리오 피자 크림치즈 (M)","미스터피자","피자","피자","외식(프랜차이즈 등 업체 제공 영양정보) | 빵 및 과자류 | 피자",""
"kfind-d202-120000000-0577","피자_미스터트리오 피자 크림치즈 (L)","미스터피자","피자","피자","외식(프랜차이즈 등 업체 제공 영양정보) | 빵 및 과자류 | 피자",""
"kfind-d202-120000000-0576","피자_미스터트리오 피자 치즈캡 (R)","미스터피자","피자","피자","외식(프랜차이즈 등 업체 제공 영양정보) | 빵 및 과자류 | 피자",""
"kfind-d202-120000000-2451","피자_미스터트리오 피자 치즈캡 (M)","미스터피자","피자","피자","외식(프랜차이즈 등 업체 제공 영양정보) | 빵 및 과자류 | 피자",""
"kfind-d202-120000000-0575","피자_미스터트리오 피자 치즈캡 (L)","미스터피자","피자","피자","외식(프랜차이즈 등 업체 제공 영양정보) | 빵 및 과자류 | 피자",""
"kfind-d202-120000000-0574","피자_미스터트리오 피자 에그타르트 (R)","미스터피자","피자","피자","외식(프랜차이즈 등 업체 제공 영양정보) | 빵 및 과자류 | 피자",""
"kfind-d202-120000000-2449","피자_미스터트리오 피자 에그타르트 (M)","미스터피자","피자","피자","외식(프랜차이즈 등 업체 제공 영양정보) | 빵 및 과자류 | 피자",""
"kfind-d202-120000000-0573","피자_미스터트리오 피자 에그타르트 (L)","미스터피자","피자","피자","외식(프랜차이즈 등 업체 제공 영양정보) | 빵 및 과자류 | 피자",""
"kfind-d202-120000000-0572","피자_미스터트리오 피자 노엣지 (R)","미스터피자","피자","피자","외식(프랜차이즈 등 업체 제공 영양정보) | 빵 및 과자류 | 피자",""
"kfind-d202-120000000-2447","피자_미스터트리오 피자 노엣지 (M)","미스터피자","피자","피자","외식(프랜차이즈 등 업체 제공 영양정보) | 빵 및 과자류 | 피자",""
"kfind-d202-120000000-0571","피자_미스터트리오 피자 노엣지 (L)","미스터피자","피자","피자","외식(프랜차이즈 등 업체 제공 영양정보) | 빵 및 과자류 | 피자",""
"kfind-d202-120000000-0570","피자_미스터트리오 피자 골드 (R)","미스터피자","피자","피자","외식(프랜차이즈 등 업체 제공 영양정보) | 빵 및 과자류 | 피자",""
"kfind-d202-120000000-2445","피자_미스터트리오 피자 골드 (M)","미스터피자","피자","피자","외식(프랜차이즈 등 업체 제공 영양정보) | 빵 및 과자류 | 피자",""
"kfind-d202-120000000-0569","피자_미스터트리오 피자 골드 (L)","미스터피자","피자","피자","외식(프랜차이즈 등 업체 제공 영양정보) | 빵 및 과자류 | 피자",""
"kfind-d202-120000000-0566","피자_몽뻬르 피자 (L)","피자마루","피자","피자","외식(프랜차이즈 등 업체 제공 영양정보) | 빵 및 과자류 | 피자",""
"kfind-d202-120180000-0030","피자_몬스터흑마늘불고기피자","피자마루","피자","피자","외식(프랜차이즈 등 업체 제공 영양정보) | 빵 및 과자류 | 피자 | 불고기피자",""
"kfind-d202-120000000-4231","피자_몬스터하와이안쉬림프피자","피자마루","피자","피자","외식(프랜차이즈 등 업체 제공 영양정보) | 빵 및 과자류 | 피자",""
"kfind-d202-120000000-0565","피자_몬스터하와이안쉬림프 피자 (L)","피자마루","피자","피자","외식(프랜차이즈 등 업체 제공 영양정보) | 빵 및 과자류 | 피자",""
"kfind-d202-120420000-0025","피자_몬스터포테이토피자","피자마루","피자","피자","외식(프랜차이즈 등 업체 제공 영양정보) | 빵 및 과자류 | 피자 | 포테이토피자",""
"kfind-d202-120000000-0564","피자_몬스터포테이토 피자 (L)","피자마루","피자","피자","외식(프랜차이즈 등 업체 제공 영양정보) | 빵 및 과자류 | 피자",""
"kfind-d202-120410000-0012","피자_몬스터페퍼로니피자","피자마루","피자","피자","외식(프랜차이즈 등 업체 제공 영양정보) | 빵 및 과자류 | 피자 | 페퍼로니피자",""
"kfind-d202-120000000-0563","피자_몬스터페퍼로니 피자 (L)","피자마루","피자","피자","외식(프랜차이즈 등 업체 제공 영양정보) | 빵 및 과자류 | 피자",""
"kfind-d202-120000000-4230","피자_몬스터투움바피자","피자마루","피자","피자","외식(프랜차이즈 등 업체 제공 영양정보) | 빵 및 과자류 | 피자",""
"kfind-d202-120350000-0007","피자_몬스터콤비네이션피자","피자마루","피자","피자","외식(프랜차이즈 등 업체 제공 영양정보) | 빵 및 과자류 | 피자 | 콤비네이션피자",""
"kfind-d202-120000000-0562","피자_몬스터콤비네이션 피자 (L)","피자마루","피자","피자","외식(프랜차이즈 등 업체 제공 영양정보) | 빵 및 과자류 | 피자",""
"kfind-d202-120340000-0058","피자_몬스터이탈리안치즈피자","피자마루","피자","피자","외식(프랜차이즈 등 업체 제공 영양정보) | 빵 및 과자류 | 피자 | 치즈피자",""
"kfind-d202-120000000-0561","피자_몬스터이탈리안 피자 (L)","피자마루","피자","피자","외식(프랜차이즈 등 업체 제공 영양정보) | 빵 및 과자류 | 피자",""
"kfind-d202-120000000-4229","피자_몬스터아메리칸체다피자","피자마루","피자","피자","외식(프랜차이즈 등 업체 제공 영양정보) | 빵 및 과자류 | 피자",""
"kfind-d202-120000000-4228","피자_몬스터스테이크불갈비피자","피자마루","피자","피자","외식(프랜차이즈 등 업체 제공 영양정보) | 빵 및 과자류 | 피자",""
"kfind-d202-120000000-0560","피자_몬스터스테이크불갈비 피자 (L)","피자마루","피자","피자","외식(프랜차이즈 등 업체 제공 영양정보) | 빵 및 과자류 | 피자",""
"kfind-d202-120180000-0029","피자_몬스터불고기피자","피자마루","피자","피자","외식(프랜차이즈 등 업체 제공 영양정보) | 빵 및 과자류 | 피자 | 불고기피자",""
"kfind-d202-120000000-0559","피자_몬스터불고기 피자 (L)","피자마루","피자","피자","외식(프랜차이즈 등 업체 제공 영양정보) | 빵 및 과자류 | 피자",""
"kfind-d202-120000000-4227","피자_몬스터바베큐치킨피자","피자마루","피자","피자","외식(프랜차이즈 등 업체 제공 영양정보) | 빵 및 과자류 | 피자",""
"kfind-d202-120000000-4226","피자_몬스터명란크림새우피자","피자마루","피자","피자","외식(프랜차이즈 등 업체 제공 영양정보) | 빵 및 과자류 | 피자",""
"kfind-d202-120000000-4225","피자_몬스터레드콘피자","피자마루","피자","피자","외식(프랜차이즈 등 업체 제공 영양정보) | 빵 및 과자류 | 피자",""
"kfind-d202-120000000-4224","피자_몬스터돼지불백피자","피자마루","피자","피자","외식(프랜차이즈 등 업체 제공 영양정보) | 빵 및 과자류 | 피자",""
"kfind-d202-120000000-4223","피자_몬스터꿀고구마피자","피자마루","피자","피자","외식(프랜차이즈 등 업체 제공 영양정보) | 빵 및 과자류 | 피자",""
"kfind-d202-120000000-0558","피자_몬스터꿀고구마 피자 (L)","피자마루","피자","피자","외식(프랜차이즈 등 업체 제공 영양정보) | 빵 및 과자류 | 피자",""
"kfind-d202-120000000-4222","피자_몬스터고추마요치킨피자","피자마루","피자","피자","외식(프랜차이즈 등 업체 제공 영양정보) | 빵 및 과자류 | 피자",""
"kfind-d202-120000000-0557","피자_몬스터고구마 피자 (L)","피자마루","피자","피자","외식(프랜차이즈 등 업체 제공 영양정보) | 빵 및 과자류 | 피자",""
"kfind-d202-120000000-4215","피자_명란크림새우피자바이트","피자마루","피자","피자","외식(프랜차이즈 등 업체 제공 영양정보) | 빵 및 과자류 | 피자",""
"kfind-d202-120000000-4214","피자_명란크림새우피자","피자마루","피자","피자","외식(프랜차이즈 등 업체 제공 영양정보) | 빵 및 과자류 | 피자",""
"kfind-d202-120000000-4213","피자_명란쉬림프피자 (1인)","피자마루","피자","피자","외식(프랜차이즈 등 업체 제공 영양정보) | 빵 및 과자류 | 피자",""
"kfind-d202-120420000-0024","피자_멜팅치즈 포테이토팬 (L)","피자헛","피자","피자","외식(프랜차이즈 등 업체 제공 영양정보) | 빵 및 과자류 | 피자 | 포테이토피자",""
"kfind-d202-120420000-0023","피자_멜팅치즈 포테이토치즈크러스트 골드 (M)","피자헛","피자","피자","외식(프랜차이즈 등 업체 제공 영양정보) | 빵 및 과자류 | 피자 | 포테이토피자",""
"kfind-d202-120420000-0022","피자_멜팅치즈 포테이토치즈크러스트 골드 (L)","피자헛","피자","피자","외식(프랜차이즈 등 업체 제공 영양정보) | 빵 및 과자류 | 피자 | 포테이토피자",""
"kfind-d202-120420000-0021","피자_멜팅치즈 포테이토치즈크러스트 (M)","피자헛","피자","피자","외식(프랜차이즈 등 업체 제공 영양정보) | 빵 및 과자류 | 피자 | 포테이토피자",""
"kfind-d202-120420000-0020","피자_멜팅치즈 포테이토치즈크러스트 (L)","피자헛","피자","피자","외식(프랜차이즈 등 업체 제공 영양정보) | 빵 및 과자류 | 피자 | 포테이토피자",""
"kfind-d202-120420000-0019","피자_멜팅치즈 포테이토오리지널 (M)","피자헛","피자","피자","외식(프랜차이즈 등 업체 제공 영양정보) | 빵 및 과자류 | 피자 | 포테이토피자",""
"kfind-d202-120420000-0018","피자_멜팅치즈 포테이토오리지널 (L)","피자헛","피자","피자","외식(프랜차이즈 등 업체 제공 영양정보) | 빵 및 과자류 | 피자 | 포테이토피자",""
"kfind-d202-120420000-0017","피자_멜팅치즈 포테이토씬 (L)","피자헛","피자","피자","외식(프랜차이즈 등 업체 제공 영양정보) | 빵 및 과자류 | 피자 | 포테이토피자",""
"kfind-d202-120420000-0016","피자_멜팅치즈 포테이토리치골드 (M)","피자헛","피자","피자","외식(프랜차이즈 등 업체 제공 영양정보) | 빵 및 과자류 | 피자 | 포테이토피자",""
"kfind-d202-120420000-0015","피자_멜팅치즈 포테이토리치골드 (L)","피자헛","피자","피자","외식(프랜차이즈 등 업체 제공 영양정보) | 빵 및 과자류 | 피자 | 포테이토피자",""
"kfind-d202-120000000-0545","피자_멜로우머쉬룸 피자 (R)","파파존스","피자","피자","외식(프랜차이즈 등 업체 제공 영양정보) | 빵 및 과자류 | 피자",""
"kfind-d202-120000000-0544","피자_멜로우머쉬룸 피자 (P)","파파존스","피자","피자","외식(프랜차이즈 등 업체 제공 영양정보) | 빵 및 과자류 | 피자",""
"kfind-d202-120000000-0543","피자_멜로우머쉬룸 피자 (L)","파파존스","피자","피자","외식(프랜차이즈 등 업체 제공 영양정보) | 빵 및 과자류 | 피자",""
"kfind-d202-120000000-0542","피자_멜로우머쉬룸 피자 (F)","파파존스","피자","피자","외식(프랜차이즈 등 업체 제공 영양정보) | 빵 및 과자류 | 피자",""
"kfind-d202-120000000-4212","피자_멜로우 콘크림 치즈롤 (P)","파파존스","피자","피자","외식(프랜차이즈 등 업체 제공 영양정보) | 빵 및 과자류 | 피자",""
"kfind-d202-120000000-4211","피자_멜로우 콘크림 치즈롤 (L)","파파존스","피자","피자","외식(프랜차이즈 등 업체 제공 영양정보) | 빵 및 과자류 | 피자",""
"kfind-d202-120000000-4210","피자_멜로우 콘크림 치즈롤 (F)","파파존스","피자","피자","외식(프랜차이즈 등 업체 제공 영양정보) | 빵 및 과자류 | 피자",""
"kfind-d202-120000000-4209","피자_멜로우 콘크림 씬","파파존스","피자","피자","외식(프랜차이즈 등 업체 제공 영양정보) | 빵 및 과자류 | 피자",""
"kfind-d202-120000000-4208","피자_멜로우 콘크림 스파이시 갈릭 치즈롤 (P)","파파존스","피자","피자","외식(프랜차이즈 등 업체 제공 영양정보) | 빵 및 과자류 | 피자",""
"kfind-d202-120000000-4207","피자_멜로우 콘크림 스파이시 갈릭 치즈롤 (L)","파파존스","피자","피자","외식(프랜차이즈 등 업체 제공 영양정보) | 빵 및 과자류 | 피자",""
"kfind-d202-120000000-4206","피자_멜로우 콘크림 스파이시 갈릭 치즈롤 (F)","파파존스","피자","피자","외식(프랜차이즈 등 업체 제공 영양정보) | 빵 및 과자류 | 피자",""
"kfind-d202-120000000-4205","피자_멜로우 콘크림 골드링 씬","파파존스","피자","피자","외식(프랜차이즈 등 업체 제공 영양정보) | 빵 및 과자류 | 피자",""
"kfind-d202-120000000-4204","피자_멜로우 콘크림 골드링 (P)","파파존스","피자","피자","외식(프랜차이즈 등 업체 제공 영양정보) | 빵 및 과자류 | 피자",""
"kfind-d202-120000000-4203","피자_멜로우 콘크림 골드링 (L)","파파존스","피자","피자","외식(프랜차이즈 등 업체 제공 영양정보) | 빵 및 과자류 | 피자",""
"kfind-d202-120000000-4202","피자_멜로우 콘크림 골드링 (F)","파파존스","피자","피자","외식(프랜차이즈 등 업체 제공 영양정보) | 빵 및 과자류 | 피자",""
"kfind-d202-120000000-4201","피자_멜로우 콘크림 (P)","파파존스","피자","피자","외식(프랜차이즈 등 업체 제공 영양정보) | 빵 및 과자류 | 피자",""
"kfind-d202-120000000-4200","피자_멜로우 콘크림 (L)","파파존스","피자","피자","외식(프랜차이즈 등 업체 제공 영양정보) | 빵 및 과자류 | 피자",""
"kfind-d202-120000000-4199","피자_멜로우 콘크림 (F)","파파존스","피자","피자","외식(프랜차이즈 등 업체 제공 영양정보) | 빵 및 과자류 | 피자",""
"kfind-d202-120000000-4198","피자_멜로우 콘크림  크루아상","파파존스","피자","피자","외식(프랜차이즈 등 업체 제공 영양정보) | 빵 및 과자류 | 피자",""
"kfind-d202-120000000-0541","피자_멕시칸하바네로 피자 크림치즈 (R)","미스터피자","피자","피자","외식(프랜차이즈 등 업체 제공 영양정보) | 빵 및 과자류 | 피자",""
"kfind-d202-120000000-0540","피자_멕시칸하바네로 피자 크림치즈 (L)","미스터피자","피자","피자","외식(프랜차이즈 등 업체 제공 영양정보) | 빵 및 과자류 | 피자",""
"kfind-d202-120000000-0539","피자_멕시칸하바네로 피자 치즈캡 (R)","미스터피자","피자","피자","외식(프랜차이즈 등 업체 제공 영양정보) | 빵 및 과자류 | 피자",""
"kfind-d202-120000000-0538","피자_멕시칸하바네로 피자 치즈캡 (L)","미스터피자","피자","피자","외식(프랜차이즈 등 업체 제공 영양정보) | 빵 및 과자류 | 피자",""
"kfind-d202-120000000-0537","피자_멕시칸하바네로 피자 오리진 (R)","미스터피자","피자","피자","외식(프랜차이즈 등 업체 제공 영양정보) | 빵 및 과자류 | 피자",""
"kfind-d202-120000000-0536","피자_멕시칸하바네로 피자 오리진 (L)","미스터피자","피자","피자","외식(프랜차이즈 등 업체 제공 영양정보) | 빵 및 과자류 | 피자",""
"kfind-d202-120000000-0535","피자_멕시칸하바네로 피자 에그타르트 (R)","미스터피자","피자","피자","외식(프랜차이즈 등 업체 제공 영양정보) | 빵 및 과자류 | 피자",""
"kfind-d202-120000000-0534","피자_멕시칸하바네로 피자 에그타르트 (L)","미스터피자","피자","피자","외식(프랜차이즈 등 업체 제공 영양정보) | 빵 및 과자류 | 피자",""
"kfind-d202-120000000-0533","피자_멕시칸하바네로 피자 씬크러스트 (R)","미스터피자","피자","피자","외식(프랜차이즈 등 업체 제공 영양정보) | 빵 및 과자류 | 피자",""
"kfind-d202-120000000-0532","피자_멕시칸하바네로 피자 골드 (R)","미스터피자","피자","피자","외식(프랜차이즈 등 업체 제공 영양정보) | 빵 및 과자류 | 피자",""
"kfind-d202-120000000-0531","피자_멕시칸하바네로 피자 골드 (L)","미스터피자","피자","피자","외식(프랜차이즈 등 업체 제공 영양정보) | 빵 및 과자류 | 피자",""
"kfind-d202-120000000-4196","피자_멕시칸바이트피자","피자스쿨","피자","피자","외식(프랜차이즈 등 업체 제공 영양정보) | 빵 및 과자류 | 피자",""
"kfind-d202-120000000-0530","피자_멕시칸바이트 피자","피자스쿨","피자","피자","외식(프랜차이즈 등 업체 제공 영양정보) | 빵 및 과자류 | 피자",""
"kfind-d202-120000000-2427","피자_멕시칸맥쉬림프 피자 (L)","청년피자","피자","피자","외식(프랜차이즈 등 업체 제공 영양정보) | 빵 및 과자류 | 피자",""
"kfind-d202-120000000-4194","피자_맵퍼로니","도미노피자","피자","피자","외식(프랜차이즈 등 업체 제공 영양정보) | 빵 및 과자류 | 피자",""
"kfind-d202-120000000-4193","피자_맥콘베이컨나폴리(L)","도미노피자","피자","피자","외식(프랜차이즈 등 업체 제공 영양정보) | 빵 및 과자류 | 피자",""
"kfind-d202-120000000-0523","피자_매드쉬림프피자(L)","청년피자","피자","피자","외식(프랜차이즈 등 업체 제공 영양정보) | 빵 및 과자류 | 피자",""
"kfind-d202-120000000-0519","피자_마스터트리플코스 피자 오리지널 (L)","도미노피자","피자","피자","외식(프랜차이즈 등 업체 제공 영양정보) | 빵 및 과자류 | 피자",""
"kfind-d202-120000000-2419","피자_마르게리타 피자 팬 (L)","피자헛","피자","피자","외식(프랜차이즈 등 업체 제공 영양정보) | 빵 및 과자류 | 피자",""
"kfind-d202-120000000-2415","피자_마르게리타 피자 오리지널 파마산 치즈 (M)","피자헛","피자","피자","외식(프랜차이즈 등 업체 제공 영양정보) | 빵 및 과자류 | 피자",""
"kfind-d202-120000000-2414","피자_마르게리타 피자 오리지널 파마산 치즈 (L)","피자헛","피자","피자","외식(프랜차이즈 등 업체 제공 영양정보) | 빵 및 과자류 | 피자",""
"kfind-d202-120000000-2418","피자_마르게리타 피자 오리지널 (M)","피자헛","피자","피자","외식(프랜차이즈 등 업체 제공 영양정보) | 빵 및 과자류 | 피자",""
"kfind-d202-120000000-2417","피자_마르게리타 피자 오리지널 (L)","피자헛","피자","피자","외식(프랜차이즈 등 업체 제공 영양정보) | 빵 및 과자류 | 피자",""
"kfind-d202-120000000-2416","피자_마르게리타 피자 씬 (L)","피자헛","피자","피자","외식(프랜차이즈 등 업체 제공 영양정보) | 빵 및 과자류 | 피자",""
"kfind-d202-120000000-0516","피자_마루베스트 피자 (L)","피자마루","피자","피자","외식(프랜차이즈 등 업체 제공 영양정보) | 빵 및 과자류 | 피자",""
"kfind-d202-120000000-2412","피자_마라 피자 씬바샤삭 (R)","7번가피자","피자","피자","외식(프랜차이즈 등 업체 제공 영양정보) | 빵 및 과자류 | 피자",""
"kfind-d202-120000000-2411","피자_마라 피자 씬바샤삭 (L)","7번가피자","피자","피자","외식(프랜차이즈 등 업체 제공 영양정보) | 빵 및 과자류 | 피자",""
"kfind-d202-120000000-2410","피자_마라 피자 석쇠 (R)","7번가피자","피자","피자","외식(프랜차이즈 등 업체 제공 영양정보) | 빵 및 과자류 | 피자",""
"kfind-d202-120000000-2409","피자_마라 피자 석쇠 (L)","7번가피자","피자","피자","외식(프랜차이즈 등 업체 제공 영양정보) | 빵 및 과자류 | 피자",""
"kfind-d202-120000000-2408","피자_마라 피자 마라링 (R)","7번가피자","피자","피자","외식(프랜차이즈 등 업체 제공 영양정보) | 빵 및 과자류 | 피자",""
"kfind-d202-120000000-2407","피자_마라 피자 마라링 (L)","7번가피자","피자","피자","외식(프랜차이즈 등 업체 제공 영양정보) | 빵 및 과자류 | 피자",""
"kfind-d202-120000000-2406","피자_마라 피자 리코타링 (R)","7번가피자","피자","피자","외식(프랜차이즈 등 업체 제공 영양정보) | 빵 및 과자류 | 피자",""
"kfind-d202-120000000-2405","피자_마라 피자 리코타링 (L)","7번가피자","피자","피자","외식(프랜차이즈 등 업체 제공 영양정보) | 빵 및 과자류 | 피자",""
"kfind-d202-120000000-2404","피자_마라 피자 골드스윗 (R)","7번가피자","피자","피자","외식(프랜차이즈 등 업체 제공 영양정보) | 빵 및 과자류 | 피자",""
"kfind-d202-120000000-2403","피자_마라 피자 골드스윗 (L)","7번가피자","피자","피자","외식(프랜차이즈 등 업체 제공 영양정보) | 빵 및 과자류 | 피자",""
"kfind-d202-120000000-2402","피자_마가리타 피자 치즈롤 (P)","파파존스","피자","피자","외식(프랜차이즈 등 업체 제공 영양정보) | 빵 및 과자류 | 피자",""
"kfind-d202-120000000-2401","피자_마가리타 피자 치즈롤 (L)","파파존스","피자","피자","외식(프랜차이즈 등 업체 제공 영양정보) | 빵 및 과자류 | 피자",""
"kfind-d202-120000000-2400","피자_마가리타 피자 치즈롤 (F)","파파존스","피자","피자","외식(프랜차이즈 등 업체 제공 영양정보) | 빵 및 과자류 | 피자",""
"kfind-d202-120000000-2399","피자_마가리타 피자 오리지널 (R)","파파존스","피자","피자","외식(프랜차이즈 등 업체 제공 영양정보) | 빵 및 과자류 | 피자",""
"kfind-d202-120000000-2398","피자_마가리타 피자 오리지널 (P)","파파존스","피자","피자","외식(프랜차이즈 등 업체 제공 영양정보) | 빵 및 과자류 | 피자",""
"kfind-d202-120000000-2397","피자_마가리타 피자 오리지널 (L)","파파존스","피자","피자","외식(프랜차이즈 등 업체 제공 영양정보) | 빵 및 과자류 | 피자",""
"kfind-d202-120000000-2396","피자_마가리타 피자 오리지널 (F)","파파존스","피자","피자","외식(프랜차이즈 등 업체 제공 영양정보) | 빵 및 과자류 | 피자",""
"kfind-d202-120000000-2395","피자_마가리타 피자 씬 (F)","파파존스","피자","피자","외식(프랜차이즈 등 업체 제공 영양정보) | 빵 및 과자류 | 피자",""
"kfind-d202-120000000-2394","피자_마가리타 피자 골드링씬 (F)","파파존스","피자","피자","외식(프랜차이즈 등 업체 제공 영양정보) | 빵 및 과자류 | 피자",""
"kfind-d202-120000000-2393","피자_마가리타 피자 골드링 (P)","파파존스","피자","피자","외식(프랜차이즈 등 업체 제공 영양정보) | 빵 및 과자류 | 피자",""
"kfind-d202-120000000-2392","피자_마가리타 피자 골드링 (L)","파파존스","피자","피자","외식(프랜차이즈 등 업체 제공 영양정보) | 빵 및 과자류 | 피자",""
"kfind-d202-120000000-2391","피자_마가리타 피자 골드링 (F)","파파존스","피자","피자","외식(프랜차이즈 등 업체 제공 영양정보) | 빵 및 과자류 | 피자",""
"kfind-d202-120000000-0514","피자_마가리타 피자 (R)","파파존스","피자","피자","외식(프랜차이즈 등 업체 제공 영양정보) | 빵 및 과자류 | 피자",""
"kfind-d202-120000000-0513","피자_마가리타 피자 (P)","파파존스","피자","피자","외식(프랜차이즈 등 업체 제공 영양정보) | 빵 및 과자류 | 피자",""
"kfind-d202-120000000-0512","피자_마가리타 피자 (L)","파파존스","피자","피자","외식(프랜차이즈 등 업체 제공 영양정보) | 빵 및 과자류 | 피자",""
"kfind-d202-120000000-0511","피자_마가리타 피자 (F)","파파존스","피자","피자","외식(프랜차이즈 등 업체 제공 영양정보) | 빵 및 과자류 | 피자",""
"kfind-d202-120340000-0056","피자_마가리타 크루아상","파파존스","피자","베이커리","외식(프랜차이즈 등 업체 제공 영양정보) | 빵 및 과자류 | 피자 | 치즈피자",""
"kfind-d202-120340000-0055","피자_마가리타 치즈롤 (P)","파파존스","피자","피자","외식(프랜차이즈 등 업체 제공 영양정보) | 빵 및 과자류 | 피자 | 치즈피자",""
"kfind-d202-120340000-0054","피자_마가리타 치즈롤 (L)","파파존스","피자","피자","외식(프랜차이즈 등 업체 제공 영양정보) | 빵 및 과자류 | 피자 | 치즈피자",""
"kfind-d202-120340000-0053","피자_마가리타 치즈롤 (F)","파파존스","피자","피자","외식(프랜차이즈 등 업체 제공 영양정보) | 빵 및 과자류 | 피자 | 치즈피자",""
"kfind-d202-120340000-0052","피자_마가리타 씬","파파존스","피자","피자","외식(프랜차이즈 등 업체 제공 영양정보) | 빵 및 과자류 | 피자 | 치즈피자",""
"kfind-d202-120340000-0051","피자_마가리타 스파이시 갈릭 치즈롤 (P)","파파존스","피자","피자","외식(프랜차이즈 등 업체 제공 영양정보) | 빵 및 과자류 | 피자 | 치즈피자",""
"kfind-d202-120340000-0050","피자_마가리타 스파이시 갈릭 치즈롤 (L)","파파존스","피자","피자","외식(프랜차이즈 등 업체 제공 영양정보) | 빵 및 과자류 | 피자 | 치즈피자",""
"kfind-d202-120340000-0049","피자_마가리타 스파이시 갈릭 치즈롤 (F)","파파존스","피자","피자","외식(프랜차이즈 등 업체 제공 영양정보) | 빵 및 과자류 | 피자 | 치즈피자",""
"kfind-d202-120340000-0048","피자_마가리타 골드링 씬","파파존스","피자","피자","외식(프랜차이즈 등 업체 제공 영양정보) | 빵 및 과자류 | 피자 | 치즈피자",""
"kfind-d202-120340000-0047","피자_마가리타 골드링 (P)","파파존스","피자","피자","외식(프랜차이즈 등 업체 제공 영양정보) | 빵 및 과자류 | 피자 | 치즈피자",""
"kfind-d202-120340000-0046","피자_마가리타 골드링 (L)","파파존스","피자","피자","외식(프랜차이즈 등 업체 제공 영양정보) | 빵 및 과자류 | 피자 | 치즈피자",""
"kfind-d202-120340000-0045","피자_마가리타 골드링 (F)","파파존스","피자","피자","외식(프랜차이즈 등 업체 제공 영양정보) | 빵 및 과자류 | 피자 | 치즈피자",""
"kfind-d202-120340000-0044","피자_마가리타 (R)","파파존스","피자","피자","외식(프랜차이즈 등 업체 제공 영양정보) | 빵 및 과자류 | 피자 | 치즈피자",""
"kfind-d202-120340000-0043","피자_마가리타 (P)","파파존스","피자","피자","외식(프랜차이즈 등 업체 제공 영양정보) | 빵 및 과자류 | 피자 | 치즈피자",""
"kfind-d202-120340000-0042","피자_마가리타 (L)","파파존스","피자","피자","외식(프랜차이즈 등 업체 제공 영양정보) | 빵 및 과자류 | 피자 | 치즈피자",""
"kfind-d202-120340000-0041","피자_마가리타 (F)","파파존스","피자","피자","외식(프랜차이즈 등 업체 제공 영양정보) | 빵 및 과자류 | 피자 | 치즈피자",""
"kfind-d202-120000000-0510","피자_립스테이크&케이준쉬림프 피자 콘치즈포켓 (L)","피자헛","피자","피자","외식(프랜차이즈 등 업체 제공 영양정보) | 빵 및 과자류 | 피자",""
"kfind-d202-120000000-0509","피자_립스테이크&케이준쉬림프 피자 치즈크러스트 (L)","피자헛","피자","피자","외식(프랜차이즈 등 업체 제공 영양정보) | 빵 및 과자류 | 피자",""
"kfind-d202-120000000-0508","피자_립스테이크&케이준쉬림프 피자 리치골드 (L)","피자헛","피자","피자","외식(프랜차이즈 등 업체 제공 영양정보) | 빵 및 과자류 | 피자",""
"kfind-d202-120000000-0507","피자_립스테이크&케이준쉬림프 피자 노엣지 (L)","피자헛","피자","피자","외식(프랜차이즈 등 업체 제공 영양정보) | 빵 및 과자류 | 피자",""
"kfind-d202-120000000-0506","피자_립스테이크&케이준쉬림프 피자 골드바이트 (L)","피자헛","피자","피자","외식(프랜차이즈 등 업체 제공 영양정보) | 빵 및 과자류 | 피자",""
"kfind-d202-120000000-2390","피자_립스테이크&쉬림프 피자 프리첼 치즈 (L)","피자헛","피자","피자","외식(프랜차이즈 등 업체 제공 영양정보) | 빵 및 과자류 | 피자",""
"kfind-d202-120000000-2389","피자_립스테이크&쉬림프 피자 프리미엄 오리지널 (L)","피자헛","피자","피자","외식(프랜차이즈 등 업체 제공 영양정보) | 빵 및 과자류 | 피자",""
"kfind-d202-120000000-2388","피자_립스테이크&쉬림프 피자 리치골드 (L)","피자헛","피자","피자","외식(프랜차이즈 등 업체 제공 영양정보) | 빵 및 과자류 | 피자",""
"kfind-d202-120000000-2387","피자_립스테이크&쉬림프 피자 더블치즈크러스트 (L)","피자헛","피자","피자","외식(프랜차이즈 등 업체 제공 영양정보) | 빵 및 과자류 | 피자",""
"kfind-d202-120000000-2386","피자_립스테이크 피자 프리첼 치즈 (M)","피자헛","피자","피자","외식(프랜차이즈 등 업체 제공 영양정보) | 빵 및 과자류 | 피자",""
"kfind-d202-120000000-2385","피자_립스테이크 피자 프리첼 치즈 (L)","피자헛","피자","피자","외식(프랜차이즈 등 업체 제공 영양정보) | 빵 및 과자류 | 피자",""
"kfind-d202-120000000-2382","피자_립스테이크 피자 프리미엄 오리지널 (M)","피자헛","피자","피자","외식(프랜차이즈 등 업체 제공 영양정보) | 빵 및 과자류 | 피자",""
"kfind-d202-120000000-2381","피자_립스테이크 피자 프리미엄 오리지널 (L)","피자헛","피자","피자","외식(프랜차이즈 등 업체 제공 영양정보) | 빵 및 과자류 | 피자",""
"kfind-d202-120000000-2380","피자_립스테이크 피자 리치골드 (M)","피자헛","피자","피자","외식(프랜차이즈 등 업체 제공 영양정보) | 빵 및 과자류 | 피자",""
"kfind-d202-120000000-2379","피자_립스테이크 피자 리치골드 (L)","피자헛","피자","피자","외식(프랜차이즈 등 업체 제공 영양정보) | 빵 및 과자류 | 피자",""
"kfind-d202-120000000-2384","피자_립스테이크 피자 더블치즈크러스트 (M)","피자헛","피자","피자","외식(프랜차이즈 등 업체 제공 영양정보) | 빵 및 과자류 | 피자",""
"kfind-d202-120000000-2383","피자_립스테이크 피자 더블치즈크러스트 (L)","피자헛","피자","피자","외식(프랜차이즈 등 업체 제공 영양정보) | 빵 및 과자류 | 피자",""
"kfind-d202-120000000-4184","피자_립 스테이크치즈크러스트 골드 (M)","피자헛","피자","피자","외식(프랜차이즈 등 업체 제공 영양정보) | 빵 및 과자류 | 피자",""
"kfind-d202-120000000-4183","피자_립 스테이크치즈크러스트 골드 (L)","피자헛","피자","피자","외식(프랜차이즈 등 업체 제공 영양정보) | 빵 및 과자류 | 피자",""
"kfind-d202-120000000-4182","피자_립 스테이크치즈크러스트 (M)","피자헛","피자","피자","외식(프랜차이즈 등 업체 제공 영양정보) | 빵 및 과자류 | 피자",""
"kfind-d202-120000000-4181","피자_립 스테이크치즈크러스트 (L)","피자헛","피자","피자","외식(프랜차이즈 등 업체 제공 영양정보) | 빵 및 과자류 | 피자",""
"kfind-d202-120000000-4180","피자_립 스테이크오리지널 (M)","피자헛","피자","피자","외식(프랜차이즈 등 업체 제공 영양정보) | 빵 및 과자류 | 피자",""
"kfind-d202-120000000-4179","피자_립 스테이크오리지널 (L)","피자헛","피자","피자","외식(프랜차이즈 등 업체 제공 영양정보) | 빵 및 과자류 | 피자",""
"kfind-d202-120000000-4178","피자_립 스테이크리치골드 (M)","피자헛","피자","피자","외식(프랜차이즈 등 업체 제공 영양정보) | 빵 및 과자류 | 피자",""
"kfind-d202-120000000-4177","피자_립 스테이크리치골드 (L)","피자헛","피자","피자","외식(프랜차이즈 등 업체 제공 영양정보) | 빵 및 과자류 | 피자",""
"kfind-d202-120000000-2378","피자_리코타 페퍼로니 킹덤 피자 화이버 엣지 오리지널 (M)","도미노피자","피자","피자","외식(프랜차이즈 등 업체 제공 영양정보) | 빵 및 과자류 | 피자",""
"kfind-d202-120000000-2377","피자_리코타 페퍼로니 킹덤 피자 화이버 엣지 오리지널 (L)","도미노피자","피자","피자","외식(프랜차이즈 등 업체 제공 영양정보) | 빵 및 과자류 | 피자",""
"kfind-d202-120000000-2376","피자_리코타 페퍼로니 킹덤 피자 화이버 버스트 오리지널 (L)","도미노피자","피자","피자","외식(프랜차이즈 등 업체 제공 영양정보) | 빵 및 과자류 | 피자",""
"kfind-d202-120000000-2375","피자_리코타 페퍼로니 킹덤 피자 치즈버스트 오리지널 (L)","도미노피자","피자","피자","외식(프랜차이즈 등 업체 제공 영양정보) | 빵 및 과자류 | 피자",""
"kfind-d202-120000000-2374","피자_리코타 페퍼로니 킹덤 피자 치즈버스트 나폴리 (L)","도미노피자","피자","피자","외식(프랜차이즈 등 업체 제공 영양정보) | 빵 및 과자류 | 피자",""
"kfind-d202-120000000-2373","피자_리코타 페퍼로니 킹덤 피자 오리지널 (M)","도미노피자","피자","피자","외식(프랜차이즈 등 업체 제공 영양정보) | 빵 및 과자류 | 피자",""
"kfind-d202-120000000-2372","피자_리코타 페퍼로니 킹덤 피자 오리지널 (L)","도미노피자","피자","피자","외식(프랜차이즈 등 업체 제공 영양정보) | 빵 및 과자류 | 피자",""
"kfind-d202-120000000-2371","피자_리코타 페퍼로니 킹덤 피자 씬 (M)","도미노피자","피자","피자","외식(프랜차이즈 등 업체 제공 영양정보) | 빵 및 과자류 | 피자",""
"kfind-d202-120000000-2370","피자_리코타 페퍼로니 킹덤 피자 씬 (L)","도미노피자","피자","피자","외식(프랜차이즈 등 업체 제공 영양정보) | 빵 및 과자류 | 피자",""
"kfind-d202-120000000-2369","피자_리코타 페퍼로니 킹덤 피자 슈화 더블치즈 페퍼로니 엣지 (M)","도미노피자","피자","피자","외식(프랜차이즈 등 업체 제공 영양정보) | 빵 및 과자류 | 피자",""
"kfind-d202-120000000-2368","피자_리코타 페퍼로니 킹덤 피자 슈화 더블치즈 페퍼로니 엣지 (L)","도미노피자","피자","피자","외식(프랜차이즈 등 업체 제공 영양정보) | 빵 및 과자류 | 피자",""
"kfind-d202-120000000-2367","피자_리코타 페퍼로니 킹덤 피자 슈퍼시드 화이버 오리지널 (M)","도미노피자","피자","피자","외식(프랜차이즈 등 업체 제공 영양정보) | 빵 및 과자류 | 피자",""
"kfind-d202-120000000-2366","피자_리코타 페퍼로니 킹덤 피자 슈퍼시드 화이버 오리지널 (L)","도미노피자","피자","피자","외식(프랜차이즈 등 업체 제공 영양정보) | 빵 및 과자류 | 피자",""
"kfind-d202-120000000-2363","피자_리코타 페퍼로니 킹덤 피자 더블치즈 페퍼로니 엣지 (M)","도미노피자","피자","피자","외식(프랜차이즈 등 업체 제공 영양정보) | 빵 및 과자류 | 피자",""
"kfind-d202-120000000-2362","피자_리코타 페퍼로니 킹덤 피자 더블치즈 페퍼로니 엣지 (L)","도미노피자","피자","피자","외식(프랜차이즈 등 업체 제공 영양정보) | 빵 및 과자류 | 피자",""
"kfind-d202-120000000-2365","피자_리코타 페퍼로니 킹덤 피자 더블치즈 엣지 (M)","도미노피자","피자","피자","외식(프랜차이즈 등 업체 제공 영양정보) | 빵 및 과자류 | 피자",""
"kfind-d202-120000000-2364","피자_리코타 페퍼로니 킹덤 피자 더블치즈 엣지 (L)","도미노피자","피자","피자","외식(프랜차이즈 등 업체 제공 영양정보) | 빵 및 과자류 | 피자",""
"kfind-d202-120000000-2361","피자_리코타 페퍼로니 킹덤 피자 나폴리 (M)","도미노피자","피자","피자","외식(프랜차이즈 등 업체 제공 영양정보) | 빵 및 과자류 | 피자",""
"kfind-d202-120000000-2360","피자_리코타 페퍼로니 킹덤 피자 나폴리 (L)","도미노피자","피자","피자","외식(프랜차이즈 등 업체 제공 영양정보) | 빵 및 과자류 | 피자",""
"kfind-d202-120000000-0502","피자_리치고구마치킨 피자 치즈링 (R)","7번가피자","피자","피자","외식(프랜차이즈 등 업체 제공 영양정보) | 빵 및 과자류 | 피자",""
"kfind-d202-120000000-0501","피자_리치고구마치킨 피자 치즈링 (L)","7번가피자","피자","피자","외식(프랜차이즈 등 업체 제공 영양정보) | 빵 및 과자류 | 피자",""
"kfind-d202-120000000-2358","피자_리치고구마치킨 피자 씬바샤삭 (R)","7번가피자","피자","피자","외식(프랜차이즈 등 업체 제공 영양정보) | 빵 및 과자류 | 피자",""
"kfind-d202-120000000-2357","피자_리치고구마치킨 피자 씬바샤삭 (L)","7번가피자","피자","피자","외식(프랜차이즈 등 업체 제공 영양정보) | 빵 및 과자류 | 피자",""
"kfind-d202-120000000-0500","피자_리치고구마치킨 피자 씬도우 (R)","7번가피자","피자","피자","외식(프랜차이즈 등 업체 제공 영양정보) | 빵 및 과자류 | 피자",""
"kfind-d202-120000000-0499","피자_리치고구마치킨 피자 씬도우 (L)","7번가피자","피자","피자","외식(프랜차이즈 등 업체 제공 영양정보) | 빵 및 과자류 | 피자",""
"kfind-d202-120000000-0498","피자_리치고구마치킨 피자 석쇠 (R)","7번가피자","피자","피자","외식(프랜차이즈 등 업체 제공 영양정보) | 빵 및 과자류 | 피자",""
"kfind-d202-120000000-0497","피자_리치고구마치킨 피자 석쇠 (L)","7번가피자","피자","피자","외식(프랜차이즈 등 업체 제공 영양정보) | 빵 및 과자류 | 피자",""
"kfind-d202-120000000-0496","피자_리치고구마치킨 피자 리코타링 (R)","7번가피자","피자","피자","외식(프랜차이즈 등 업체 제공 영양정보) | 빵 및 과자류 | 피자",""
"kfind-d202-120000000-0495","피자_리치고구마치킨 피자 리코타링 (L)","7번가피자","피자","피자","외식(프랜차이즈 등 업체 제공 영양정보) | 빵 및 과자류 | 피자",""
"kfind-d202-120000000-0494","피자_리치고구마치킨 피자 골드스윗 (R)","7번가피자","피자","피자","외식(프랜차이즈 등 업체 제공 영양정보) | 빵 및 과자류 | 피자",""
"kfind-d202-120000000-0493","피자_리치고구마치킨 피자 골드스윗 (L)","7번가피자","피자","피자","외식(프랜차이즈 등 업체 제공 영양정보) | 빵 및 과자류 | 피자",""
"kfind-d202-120000000-0490","피자_리얼페퍼로니피자(L)","청년피자","피자","피자","외식(프랜차이즈 등 업체 제공 영양정보) | 빵 및 과자류 | 피자",""
"kfind-d202-120000000-0484","피자_리얼치즈피자 (L)","청년피자","피자","피자","외식(프랜차이즈 등 업체 제공 영양정보) | 빵 및 과자류 | 피자",""
"kfind-d202-120000000-4176","피자_리얼시카고오리지널피자","피자마루","피자","피자","외식(프랜차이즈 등 업체 제공 영양정보) | 빵 및 과자류 | 피자",""
"kfind-d202-120000000-0483","피자_리얼시카고오리지널 피자 (L)","피자마루","피자","피자","외식(프랜차이즈 등 업체 제공 영양정보) | 빵 및 과자류 | 피자",""
"kfind-d202-120000000-0479","피자_리얼불고기피자 (L)","청년피자","피자","피자","외식(프랜차이즈 등 업체 제공 영양정보) | 빵 및 과자류 | 피자",""
"kfind-d202-120180000-0026","피자_리얼불고기오리지널(L)","도미노피자","피자","피자","외식(프랜차이즈 등 업체 제공 영양정보) | 빵 및 과자류 | 피자 | 불고기피자",""
"kfind-d202-120000000-0478","피자_리얼불고기 피자 트리플치즈버스트 엣지 (L)","도미노피자","피자","피자","외식(프랜차이즈 등 업체 제공 영양정보) | 빵 및 과자류 | 피자",""
"kfind-d202-120000000-2353","피자_리얼불고기 피자 치즈버스트 오리지널 (L)","도미노피자","피자","피자","외식(프랜차이즈 등 업체 제공 영양정보) | 빵 및 과자류 | 피자",""
"kfind-d202-120000000-2352","피자_리얼불고기 피자 치즈버스트 나폴리 (L)","도미노피자","피자","피자","외식(프랜차이즈 등 업체 제공 영양정보) | 빵 및 과자류 | 피자",""
"kfind-d202-120000000-2351","피자_리얼불고기 피자 오리지널 (M)","도미노피자","피자","피자","외식(프랜차이즈 등 업체 제공 영양정보) | 빵 및 과자류 | 피자",""
"kfind-d202-120000000-0477","피자_리얼불고기 피자 오리지널 (L)","도미노피자","피자","피자","외식(프랜차이즈 등 업체 제공 영양정보) | 빵 및 과자류 | 피자",""
"kfind-d202-120000000-2350","피자_리얼불고기 피자 씬 (M)","도미노피자","피자","피자","외식(프랜차이즈 등 업체 제공 영양정보) | 빵 및 과자류 | 피자",""
"kfind-d202-120000000-0476","피자_리얼불고기 피자 씬 (L)","도미노피자","피자","피자","외식(프랜차이즈 등 업체 제공 영양정보) | 빵 및 과자류 | 피자",""
"kfind-d202-120000000-2349","피자_리얼불고기 피자 슈화 더블 치즈 페퍼로니 엣지 (M)","도미노피자","피자","피자","외식(프랜차이즈 등 업체 제공 영양정보) | 빵 및 과자류 | 피자",""
"kfind-d202-120000000-2348","피자_리얼불고기 피자 슈화 더블 치즈 페퍼로니 엣지 (L)","도미노피자","피자","피자","외식(프랜차이즈 등 업체 제공 영양정보) | 빵 및 과자류 | 피자",""
"kfind-d202-120000000-2347","피자_리얼불고기 피자 슈퍼시드 화이버 오리지널 (M)","도미노피자","피자","피자","외식(프랜차이즈 등 업체 제공 영양정보) | 빵 및 과자류 | 피자",""
"kfind-d202-120000000-2346","피자_리얼불고기 피자 슈퍼시드 화이버 오리지널 (L)","도미노피자","피자","피자","외식(프랜차이즈 등 업체 제공 영양정보) | 빵 및 과자류 | 피자",""
"kfind-d202-120000000-2343","피자_리얼불고기 피자 슈퍼시드 화이버 버스트 오리지널 (L)","도미노피자","피자","피자","외식(프랜차이즈 등 업체 제공 영양정보) | 빵 및 과자류 | 피자",""
"kfind-d202-120000000-2340","피자_리얼불고기 피자 더블치즈 페퍼로니 엣지 (M)","도미노피자","피자","피자","외식(프랜차이즈 등 업체 제공 영양정보) | 빵 및 과자류 | 피자",""
"kfind-d202-120000000-2339","피자_리얼불고기 피자 더블치즈 페퍼로니 엣지 (L)","도미노피자","피자","피자","외식(프랜차이즈 등 업체 제공 영양정보) | 빵 및 과자류 | 피자",""
"kfind-d202-120000000-2342","피자_리얼불고기 피자 더블치즈 엣지 (M)","도미노피자","피자","피자","외식(프랜차이즈 등 업체 제공 영양정보) | 빵 및 과자류 | 피자",""
"kfind-d202-120000000-2341","피자_리얼불고기 피자 더블치즈 엣지 (L)","도미노피자","피자","피자","외식(프랜차이즈 등 업체 제공 영양정보) | 빵 및 과자류 | 피자",""
"kfind-d202-120000000-2338","피자_리얼불고기 피자 나폴리 (M)","도미노피자","피자","피자","외식(프랜차이즈 등 업체 제공 영양정보) | 빵 및 과자류 | 피자",""
"kfind-d202-120000000-0475","피자_리얼불고기 피자 나폴리 (L)","도미노피자","피자","피자","외식(프랜차이즈 등 업체 제공 영양정보) | 빵 및 과자류 | 피자",""
"kfind-d202-120000000-0474","피자_리얼랍스터스테이크 피자 치즈링 (L)","7번가피자","피자","피자","외식(프랜차이즈 등 업체 제공 영양정보) | 빵 및 과자류 | 피자",""
"kfind-d202-120000000-0473","피자_리얼랍스터스테이크 피자 씬도우 (L)","7번가피자","피자","피자","외식(프랜차이즈 등 업체 제공 영양정보) | 빵 및 과자류 | 피자",""
"kfind-d202-120000000-0472","피자_리얼랍스터스테이크 피자 석쇠 (L)","7번가피자","피자","피자","외식(프랜차이즈 등 업체 제공 영양정보) | 빵 및 과자류 | 피자",""
"kfind-d202-120000000-0471","피자_리얼랍스터스테이크 피자 리코타링 (L)","7번가피자","피자","피자","외식(프랜차이즈 등 업체 제공 영양정보) | 빵 및 과자류 | 피자",""
"kfind-d202-120000000-0470","피자_리얼랍스터스테이크 피자 골드스윗 (L)","7번가피자","피자","피자","외식(프랜차이즈 등 업체 제공 영양정보) | 빵 및 과자류 | 피자",""
"kfind-d202-120000000-0464","피자_리모 피자","피자헛","피자","피자","외식(프랜차이즈 등 업체 제공 영양정보) | 빵 및 과자류 | 피자",""
"kfind-d202-120000000-0456","피자_로얄 립 스테이크 피자 치즈크러스트 (M)","피자헛","피자","피자","외식(프랜차이즈 등 업체 제공 영양정보) | 빵 및 과자류 | 피자",""
"kfind-d202-120000000-0455","피자_로얄 립 스테이크 피자 치즈크러스트 (L)","피자헛","피자","피자","외식(프랜차이즈 등 업체 제공 영양정보) | 빵 및 과자류 | 피자",""
"kfind-d202-120000000-0454","피자_로얄 립 스테이크 피자 리치골드 (M)","피자헛","피자","피자","외식(프랜차이즈 등 업체 제공 영양정보) | 빵 및 과자류 | 피자",""
"kfind-d202-120000000-0453","피자_로얄 립 스테이크 피자 리치골드 (L)","피자헛","피자","피자","외식(프랜차이즈 등 업체 제공 영양정보) | 빵 및 과자류 | 피자",""
"kfind-d202-120000000-0452","피자_로얄 립 스테이크 피자 노엣지 (M)","피자헛","피자","피자","외식(프랜차이즈 등 업체 제공 영양정보) | 빵 및 과자류 | 피자",""
"kfind-d202-120000000-0451","피자_로얄 립 스테이크 피자 노엣지 (L)","피자헛","피자","피자","외식(프랜차이즈 등 업체 제공 영양정보) | 빵 및 과자류 | 피자",""
"kfind-d202-120000000-0450","피자_로얄 립 스테이크 피자 골드바이트 (M)","피자헛","피자","피자","외식(프랜차이즈 등 업체 제공 영양정보) | 빵 및 과자류 | 피자",""
"kfind-d202-120000000-0449","피자_로얄 립 스테이크 피자 골드바이트 (L)","피자헛","피자","피자","외식(프랜차이즈 등 업체 제공 영양정보) | 빵 및 과자류 | 피자",""
"kfind-d202-120000000-4162","피자_레드콘피자바이트","피자마루","피자","피자","외식(프랜차이즈 등 업체 제공 영양정보) | 빵 및 과자류 | 피자",""
"kfind-d202-120000000-4161","피자_레드콘피자","피자마루","피자","피자","외식(프랜차이즈 등 업체 제공 영양정보) | 빵 및 과자류 | 피자",""
"kfind-d202-120000000-4159","피자_레귤러 하와이안쉬림프피자","피자마루","피자","피자","외식(프랜차이즈 등 업체 제공 영양정보) | 빵 및 과자류 | 피자",""
"kfind-d202-120420000-0014","피자_레귤러 포테이토피자","피자마루","피자","피자","외식(프랜차이즈 등 업체 제공 영양정보) | 빵 및 과자류 | 피자 | 포테이토피자",""
"kfind-d202-120410000-0009","피자_레귤러 페퍼로니피자","피자마루","피자","피자","외식(프랜차이즈 등 업체 제공 영양정보) | 빵 및 과자류 | 피자 | 페퍼로니피자",""
"kfind-d202-120350000-0006","피자_레귤러 콤비네이션피자","피자마루","피자","피자","외식(프랜차이즈 등 업체 제공 영양정보) | 빵 및 과자류 | 피자 | 콤비네이션피자",""
"kfind-d202-120340000-0036","피자_레귤러 이탈리안치즈피자","피자마루","피자","피자","외식(프랜차이즈 등 업체 제공 영양정보) | 빵 및 과자류 | 피자 | 치즈피자",""
"kfind-d202-120000000-4158","피자_레귤러 스테이크불갈비피자","피자마루","피자","피자","외식(프랜차이즈 등 업체 제공 영양정보) | 빵 및 과자류 | 피자",""
"kfind-d202-120180000-0024","피자_레귤러 불고기피자","피자마루","피자","피자","외식(프랜차이즈 등 업체 제공 영양정보) | 빵 및 과자류 | 피자 | 불고기피자",""
"kfind-d202-120000000-4157","피자_레귤러 몬스터하와이안쉬림프피자","피자마루","피자","피자","외식(프랜차이즈 등 업체 제공 영양정보) | 빵 및 과자류 | 피자",""
"kfind-d202-120420000-0013","피자_레귤러 몬스터포테이토피자","피자마루","피자","피자","외식(프랜차이즈 등 업체 제공 영양정보) | 빵 및 과자류 | 피자 | 포테이토피자",""
"kfind-d202-120350000-0005","피자_레귤러 몬스터콤비네이션피자","피자마루","피자","피자","외식(프랜차이즈 등 업체 제공 영양정보) | 빵 및 과자류 | 피자 | 콤비네이션피자",""
"kfind-d202-120000000-4156","피자_레귤러 몬스터이탈리안피자","피자마루","피자","피자","외식(프랜차이즈 등 업체 제공 영양정보) | 빵 및 과자류 | 피자",""
"kfind-d202-120180000-0023","피자_레귤러 몬스터불고기피자","피자마루","피자","피자","외식(프랜차이즈 등 업체 제공 영양정보) | 빵 및 과자류 | 피자 | 불고기피자",""
"kfind-d202-120000000-4155","피자_레귤러 몬스터꿀고구마피자","피자마루","피자","피자","외식(프랜차이즈 등 업체 제공 영양정보) | 빵 및 과자류 | 피자",""
"kfind-d202-120000000-4154","피자_레귤러 꿀고구마피자","피자마루","피자","피자","외식(프랜차이즈 등 업체 제공 영양정보) | 빵 및 과자류 | 피자",""
"kfind-d202-120000000-4153","피자_레귤러 골드 하와이안쉬림프피자","피자마루","피자","피자","외식(프랜차이즈 등 업체 제공 영양정보) | 빵 및 과자류 | 피자",""
"kfind-d202-120420000-0012","피자_레귤러 골드 포테이토피자","피자마루","피자","피자","외식(프랜차이즈 등 업체 제공 영양정보) | 빵 및 과자류 | 피자 | 포테이토피자",""
"kfind-d202-120410000-0008","피자_레귤러 골드 페퍼로니피자","피자마루","피자","피자","외식(프랜차이즈 등 업체 제공 영양정보) | 빵 및 과자류 | 피자 | 페퍼로니피자",""
"kfind-d202-120350000-0004","피자_레귤러 골드 콤비네이션피자","피자마루","피자","피자","외식(프랜차이즈 등 업체 제공 영양정보) | 빵 및 과자류 | 피자 | 콤비네이션피자",""
"kfind-d202-120340000-0035","피자_레귤러 골드 이탈리안치즈피자","피자마루","피자","피자","외식(프랜차이즈 등 업체 제공 영양정보) | 빵 및 과자류 | 피자 | 치즈피자",""
"kfind-d202-120000000-4152","피자_레귤러 골드 스테이크불갈비피자","피자마루","피자","피자","외식(프랜차이즈 등 업체 제공 영양정보) | 빵 및 과자류 | 피자",""
"kfind-d202-120180000-0022","피자_레귤러 골드 불고기피자","피자마루","피자","피자","외식(프랜차이즈 등 업체 제공 영양정보) | 빵 및 과자류 | 피자 | 불고기피자",""
"kfind-d202-120000000-4151","피자_레귤러 골드 꿀고구마피자","피자마루","피자","피자","외식(프랜차이즈 등 업체 제공 영양정보) | 빵 및 과자류 | 피자",""
"kfind-d202-120000000-4150","피자_랍스터슈림프투움바오리지널(L)","도미노피자","피자","피자","외식(프랜차이즈 등 업체 제공 영양정보) | 빵 및 과자류 | 피자",""
"kfind-d202-120000000-0422","피자_떡갈비 피자","피자스쿨","피자","피자","외식(프랜차이즈 등 업체 제공 영양정보) | 빵 및 과자류 | 피자",""
"kfind-d202-120000000-2304","피자_딜라이트치킨볼 피자 크림치즈 (M)","미스터피자","피자","피자","외식(프랜차이즈 등 업체 제공 영양정보) | 빵 및 과자류 | 피자",""
"kfind-d202-120000000-2303","피자_딜라이트치킨볼 피자 크림치즈 (L)","미스터피자","피자","피자","외식(프랜차이즈 등 업체 제공 영양정보) | 빵 및 과자류 | 피자",""
"kfind-d202-120000000-2302","피자_딜라이트치킨볼 피자 치즈캡 (M)","미스터피자","피자","피자","외식(프랜차이즈 등 업체 제공 영양정보) | 빵 및 과자류 | 피자",""
"kfind-d202-120000000-2301","피자_딜라이트치킨볼 피자 치즈캡 (L)","미스터피자","피자","피자","외식(프랜차이즈 등 업체 제공 영양정보) | 빵 및 과자류 | 피자",""
"kfind-d202-120000000-2300","피자_딜라이트치킨볼 피자 에그타르트 (M)","미스터피자","피자","피자","외식(프랜차이즈 등 업체 제공 영양정보) | 빵 및 과자류 | 피자",""
"kfind-d202-120000000-2299","피자_딜라이트치킨볼 피자 에그타르트 (L)","미스터피자","피자","피자","외식(프랜차이즈 등 업체 제공 영양정보) | 빵 및 과자류 | 피자",""
"kfind-d202-120000000-2298","피자_딜라이트치킨볼 피자 노엣지 (M)","미스터피자","피자","피자","외식(프랜차이즈 등 업체 제공 영양정보) | 빵 및 과자류 | 피자",""
"kfind-d202-120000000-2297","피자_딜라이트치킨볼 피자 노엣지 (L)","미스터피자","피자","피자","외식(프랜차이즈 등 업체 제공 영양정보) | 빵 및 과자류 | 피자",""
"kfind-d202-120000000-2296","피자_딜라이트치킨볼 피자 골드 (M)","미스터피자","피자","피자","외식(프랜차이즈 등 업체 제공 영양정보) | 빵 및 과자류 | 피자",""
"kfind-d202-120000000-2295","피자_딜라이트치킨볼 피자 골드 (L)","미스터피자","피자","피자","외식(프랜차이즈 등 업체 제공 영양정보) | 빵 및 과자류 | 피자",""
"kfind-d202-120000000-1980","피자_디트로이트 하와이안 피자 (L)","피자헛","피자","피자","외식(프랜차이즈 등 업체 제공 영양정보) | 빵 및 과자류 | 피자",""
"kfind-d202-120000000-1979","피자_디트로이트 미티디럭스 피자 (L)","피자헛","피자","피자","외식(프랜차이즈 등 업체 제공 영양정보) | 빵 및 과자류 | 피자",""
"kfind-d202-120000000-1978","피자_디트로이트 더블페퍼로니 피자 (L)","피자헛","피자","피자","외식(프랜차이즈 등 업체 제공 영양정보) | 빵 및 과자류 | 피자",""
"kfind-d202-120000000-4143","피자_돼지불백피자바이트","피자마루","피자","피자","외식(프랜차이즈 등 업체 제공 영양정보) | 빵 및 과자류 | 피자",""
"kfind-d202-120000000-4142","피자_돼지불백피자","피자마루","피자","피자","외식(프랜차이즈 등 업체 제공 영양정보) | 빵 및 과자류 | 피자",""
"kfind-d202-120000000-4137","피자_도이치바이트피자","피자스쿨","피자","피자","외식(프랜차이즈 등 업체 제공 영양정보) | 빵 및 과자류 | 피자",""
"kfind-d202-120000000-0365","피자_도이치바이트 피자","피자스쿨","피자","피자","외식(프랜차이즈 등 업체 제공 영양정보) | 빵 및 과자류 | 피자",""
"kfind-d202-120000000-2262","피자_더블포크쉬림프 피자 (L)","반올림피자","피자","피자","외식(프랜차이즈 등 업체 제공 영양정보) | 빵 및 과자류 | 피자",""
"kfind-d202-120000000-4136","피자_더블치즈버거피자 (F)","파파존스","피자","피자","외식(프랜차이즈 등 업체 제공 영양정보) | 빵 및 과자류 | 피자",""
"kfind-d202-120000000-0336","피자_더블치즈버거 피자 (P)","파파존스","피자","피자","외식(프랜차이즈 등 업체 제공 영양정보) | 빵 및 과자류 | 피자",""
"kfind-d202-120000000-0335","피자_더블치즈버거 피자 (L)","파파존스","피자","피자","외식(프랜차이즈 등 업체 제공 영양정보) | 빵 및 과자류 | 피자",""
"kfind-d202-120000000-0334","피자_더블치즈버거 피자 (F)","파파존스","피자","피자","외식(프랜차이즈 등 업체 제공 영양정보) | 빵 및 과자류 | 피자",""
"kfind-d202-120000000-0355","피자_더블치즈 피자 치즈링 (R)","7번가피자","피자","피자","외식(프랜차이즈 등 업체 제공 영양정보) | 빵 및 과자류 | 피자",""
"kfind-d202-120000000-0354","피자_더블치즈 피자 치즈링 (L)","7번가피자","피자","피자","외식(프랜차이즈 등 업체 제공 영양정보) | 빵 및 과자류 | 피자",""
"kfind-d202-120000000-0353","피자_더블치즈 피자 치즈링 (G)","7번가피자","피자","피자","외식(프랜차이즈 등 업체 제공 영양정보) | 빵 및 과자류 | 피자",""
"kfind-d202-120000000-0352","피자_더블치즈 피자 씬도우 (R)","7번가피자","피자","피자","외식(프랜차이즈 등 업체 제공 영양정보) | 빵 및 과자류 | 피자",""
"kfind-d202-120000000-0351","피자_더블치즈 피자 씬도우 (L)","7번가피자","피자","피자","외식(프랜차이즈 등 업체 제공 영양정보) | 빵 및 과자류 | 피자",""
"kfind-d202-120000000-0350","피자_더블치즈 피자 석쇠 (R)","7번가피자","피자","피자","외식(프랜차이즈 등 업체 제공 영양정보) | 빵 및 과자류 | 피자",""
"kfind-d202-120000000-0349","피자_더블치즈 피자 석쇠 (L)","7번가피자","피자","피자","외식(프랜차이즈 등 업체 제공 영양정보) | 빵 및 과자류 | 피자",""
"kfind-d202-120000000-0348","피자_더블치즈 피자 석쇠 (G)","7번가피자","피자","피자","외식(프랜차이즈 등 업체 제공 영양정보) | 빵 및 과자류 | 피자",""
"kfind-d202-120000000-0347","피자_더블치즈 피자 리코타링 (R)","7번가피자","피자","피자","외식(프랜차이즈 등 업체 제공 영양정보) | 빵 및 과자류 | 피자",""
"kfind-d202-120000000-0346","피자_더블치즈 피자 리코타링 (L)","7번가피자","피자","피자","외식(프랜차이즈 등 업체 제공 영양정보) | 빵 및 과자류 | 피자",""
"kfind-d202-120000000-0345","피자_더블치즈 피자 리코타링 (G)","7번가피자","피자","피자","외식(프랜차이즈 등 업체 제공 영양정보) | 빵 및 과자류 | 피자",""
"kfind-d202-120000000-0344","피자_더블치즈 피자 골드스윗 (R)","7번가피자","피자","피자","외식(프랜차이즈 등 업체 제공 영양정보) | 빵 및 과자류 | 피자",""
"kfind-d202-120000000-0343","피자_더블치즈 피자 골드스윗 (L)","7번가피자","피자","피자","외식(프랜차이즈 등 업체 제공 영양정보) | 빵 및 과자류 | 피자",""
"kfind-d202-120000000-0342","피자_더블치즈 피자 골드스윗 (G)","7번가피자","피자","피자","외식(프랜차이즈 등 업체 제공 영양정보) | 빵 및 과자류 | 피자",""
"kfind-d202-120000000-0333","피자_더블치즈 스테이크 피자 치즈크러스트 (M)","피자헛","피자","피자","외식(프랜차이즈 등 업체 제공 영양정보) | 빵 및 과자류 | 피자",""
"kfind-d202-120000000-0332","피자_더블치즈 스테이크 피자 치즈크러스트 (L)","피자헛","피자","피자","외식(프랜차이즈 등 업체 제공 영양정보) | 빵 및 과자류 | 피자",""
"kfind-d202-120000000-0331","피자_더블치즈 스테이크 피자 리치골드 (M)","피자헛","피자","피자","외식(프랜차이즈 등 업체 제공 영양정보) | 빵 및 과자류 | 피자",""
"kfind-d202-120000000-0330","피자_더블치즈 스테이크 피자 리치골드 (L)","피자헛","피자","피자","외식(프랜차이즈 등 업체 제공 영양정보) | 빵 및 과자류 | 피자",""
"kfind-d202-120000000-0329","피자_더블체다치즈버거 피자 (P)","파파존스","피자","피자","외식(프랜차이즈 등 업체 제공 영양정보) | 빵 및 과자류 | 피자",""
"kfind-d202-120000000-0328","피자_더블체다치즈버거 피자 (L)","파파존스","피자","피자","외식(프랜차이즈 등 업체 제공 영양정보) | 빵 및 과자류 | 피자",""
"kfind-d202-120000000-0327","피자_더블체다치즈버거 피자 (F)","파파존스","피자","피자","외식(프랜차이즈 등 업체 제공 영양정보) | 빵 및 과자류 | 피자",""
"kfind-d202-120000000-2261","피자_더블체다 치즈버거 피자 치즈롤 (P)","파파존스","피자","피자","외식(프랜차이즈 등 업체 제공 영양정보) | 빵 및 과자류 | 피자",""
"kfind-d202-120000000-2260","피자_더블체다 치즈버거 피자 치즈롤 (L)","파파존스","피자","피자","외식(프랜차이즈 등 업체 제공 영양정보) | 빵 및 과자류 | 피자",""
"kfind-d202-120000000-2259","피자_더블체다 치즈버거 피자 치즈롤 (F)","파파존스","피자","피자","외식(프랜차이즈 등 업체 제공 영양정보) | 빵 및 과자류 | 피자",""
"kfind-d202-120000000-2258","피자_더블체다 치즈버거 피자 오리지널 (P)","파파존스","피자","피자","외식(프랜차이즈 등 업체 제공 영양정보) | 빵 및 과자류 | 피자",""
"kfind-d202-120000000-2257","피자_더블체다 치즈버거 피자 오리지널 (L)","파파존스","피자","피자","외식(프랜차이즈 등 업체 제공 영양정보) | 빵 및 과자류 | 피자",""
"kfind-d202-120000000-2256","피자_더블체다 치즈버거 피자 오리지널 (F)","파파존스","피자","피자","외식(프랜차이즈 등 업체 제공 영양정보) | 빵 및 과자류 | 피자",""
"kfind-d202-120000000-2255","피자_더블체다 치즈버거 피자 씬 (F)","파파존스","피자","피자","외식(프랜차이즈 등 업체 제공 영양정보) | 빵 및 과자류 | 피자",""
"kfind-d202-120000000-2254","피자_더블체다 치즈버거 피자 골드링씬 (F)","파파존스","피자","피자","외식(프랜차이즈 등 업체 제공 영양정보) | 빵 및 과자류 | 피자",""
"kfind-d202-120000000-2253","피자_더블체다 치즈버거 피자 골드링 (P)","파파존스","피자","피자","외식(프랜차이즈 등 업체 제공 영양정보) | 빵 및 과자류 | 피자",""
"kfind-d202-120000000-2252","피자_더블체다 치즈버거 피자 골드링 (L)","파파존스","피자","피자","외식(프랜차이즈 등 업체 제공 영양정보) | 빵 및 과자류 | 피자",""
"kfind-d202-120000000-2251","피자_더블체다 치즈버거 피자 골드링 (F)","파파존스","피자","피자","외식(프랜차이즈 등 업체 제공 영양정보) | 빵 및 과자류 | 피자",""
"kfind-d202-120420000-0007","피자_더블쉬림프크런치오리지널포테이토엣지 (M)","피자헛","피자","피자","외식(프랜차이즈 등 업체 제공 영양정보) | 빵 및 과자류 | 피자 | 포테이토피자",""
"kfind-d202-120420000-0006","피자_더블쉬림프크런치오리지널포테이토엣지 (L)","피자헛","피자","피자","외식(프랜차이즈 등 업체 제공 영양정보) | 빵 및 과자류 | 피자 | 포테이토피자",""
"kfind-d202-120420000-0005","피자_더블쉬림프크런치씬 포테이토엣지 (L)","피자헛","피자","피자","외식(프랜차이즈 등 업체 제공 영양정보) | 빵 및 과자류 | 피자 | 포테이토피자",""
"kfind-d202-120000000-0322","피자_더블바베큐피자 (L)","청년피자","피자","피자","외식(프랜차이즈 등 업체 제공 영양정보) | 빵 및 과자류 | 피자",""
"kfind-d202-120000000-0320","피자_더블바베큐 피자 (L)","반올림피자","피자","피자","외식(프랜차이즈 등 업체 제공 영양정보) | 빵 및 과자류 | 피자",""
"kfind-d202-120000000-4135","피자_더블갈릭바베큐피자","피자스쿨","피자","피자","외식(프랜차이즈 등 업체 제공 영양정보) | 빵 및 과자류 | 피자",""
"kfind-d202-120000000-0314","피자_더블갈릭바베큐 피자","피자스쿨","피자","피자","외식(프랜차이즈 등 업체 제공 영양정보) | 빵 및 과자류 | 피자",""
"kfind-d202-120000000-4134","피자_더블 핫&스파이시 멕시칸  (P)","파파존스","피자","피자","외식(프랜차이즈 등 업체 제공 영양정보) | 빵 및 과자류 | 피자",""
"kfind-d202-120000000-4133","피자_더블 핫&스파이시 멕시칸  (L)","파파존스","피자","피자","외식(프랜차이즈 등 업체 제공 영양정보) | 빵 및 과자류 | 피자",""
"kfind-d202-120000000-4132","피자_더블 핫&스파이시 멕시칸  (F)","파파존스","피자","피자","외식(프랜차이즈 등 업체 제공 영양정보) | 빵 및 과자류 | 피자",""
"kfind-d202-120420000-0004","피자_더블 포테이토크래프티드 플래츠 (P)","피자헛","피자","피자","외식(프랜차이즈 등 업체 제공 영양정보) | 빵 및 과자류 | 피자 | 포테이토피자",""
"kfind-d202-120000000-4131","피자_더블 치즈버거 피자 크루아상","파파존스","피자","피자","외식(프랜차이즈 등 업체 제공 영양정보) | 빵 및 과자류 | 피자",""
"kfind-d202-120000000-4130","피자_더블 치즈버거 피자 치즈롤 (P)","파파존스","피자","피자","외식(프랜차이즈 등 업체 제공 영양정보) | 빵 및 과자류 | 피자",""
"kfind-d202-120000000-4129","피자_더블 치즈버거 피자 치즈롤 (L)","파파존스","피자","피자","외식(프랜차이즈 등 업체 제공 영양정보) | 빵 및 과자류 | 피자",""
"kfind-d202-120000000-4128","피자_더블 치즈버거 피자 치즈롤 (F)","파파존스","피자","피자","외식(프랜차이즈 등 업체 제공 영양정보) | 빵 및 과자류 | 피자",""
"kfind-d202-120000000-2243","피자_더블 치즈버거 피자 오리지널 (P)","파파존스","피자","피자","외식(프랜차이즈 등 업체 제공 영양정보) | 빵 및 과자류 | 피자",""
"kfind-d202-120000000-2242","피자_더블 치즈버거 피자 오리지널 (L)","파파존스","피자","피자","외식(프랜차이즈 등 업체 제공 영양정보) | 빵 및 과자류 | 피자",""
"kfind-d202-120000000-2241","피자_더블 치즈버거 피자 오리지널 (F)","파파존스","피자","피자","외식(프랜차이즈 등 업체 제공 영양정보) | 빵 및 과자류 | 피자",""
"kfind-d202-120000000-2240","피자_더블 치즈버거 피자 씬 (F)","파파존스","피자","피자","외식(프랜차이즈 등 업체 제공 영양정보) | 빵 및 과자류 | 피자",""
"kfind-d202-120000000-4127","피자_더블 치즈버거 피자 씬","파파존스","피자","피자","외식(프랜차이즈 등 업체 제공 영양정보) | 빵 및 과자류 | 피자",""
"kfind-d202-120000000-4126","피자_더블 치즈버거 피자 스파이시 갈릭 치즈롤 (P)","파파존스","피자","피자","외식(프랜차이즈 등 업체 제공 영양정보) | 빵 및 과자류 | 피자",""
"kfind-d202-120000000-4125","피자_더블 치즈버거 피자 스파이시 갈릭 치즈롤 (L)","파파존스","피자","피자","외식(프랜차이즈 등 업체 제공 영양정보) | 빵 및 과자류 | 피자",""
"kfind-d202-120000000-4124","피자_더블 치즈버거 피자 스파이시 갈릭 치즈롤 (F)","파파존스","피자","피자","외식(프랜차이즈 등 업체 제공 영양정보) | 빵 및 과자류 | 피자",""
"kfind-d202-120000000-2239","피자_더블 치즈버거 피자 골드링씬 (F)","파파존스","피자","피자","외식(프랜차이즈 등 업체 제공 영양정보) | 빵 및 과자류 | 피자",""
"kfind-d202-120000000-4123","피자_더블 치즈버거 피자 골드링 씬","파파존스","피자","피자","외식(프랜차이즈 등 업체 제공 영양정보) | 빵 및 과자류 | 피자",""
"kfind-d202-120000000-4122","피자_더블 치즈버거 피자 골드링 (P)","파파존스","피자","피자","외식(프랜차이즈 등 업체 제공 영양정보) | 빵 및 과자류 | 피자",""
"kfind-d202-120000000-4121","피자_더블 치즈버거 피자 골드링 (L)","파파존스","피자","피자","외식(프랜차이즈 등 업체 제공 영양정보) | 빵 및 과자류 | 피자",""
"kfind-d202-120000000-4120","피자_더블 치즈버거 피자 골드링 (F)","파파존스","피자","피자","외식(프랜차이즈 등 업체 제공 영양정보) | 빵 및 과자류 | 피자",""
"kfind-d202-120000000-4119","피자_더블 치즈버거 피자 (P)","파파존스","피자","피자","외식(프랜차이즈 등 업체 제공 영양정보) | 빵 및 과자류 | 피자",""
"kfind-d202-120000000-4118","피자_더블 치즈버거 피자 (L)","파파존스","피자","피자","외식(프랜차이즈 등 업체 제공 영양정보) | 빵 및 과자류 | 피자",""
"kfind-d202-120000000-2230","피자_대만 콘 치즈 감자 피자 치즈버스트 오리지널 (L)","도미노피자","피자","피자","외식(프랜차이즈 등 업체 제공 영양정보) | 빵 및 과자류 | 피자",""
"kfind-d202-120000000-2229","피자_대만 콘 치즈 감자 피자 치즈버스트 나폴리 (L)","도미노피자","피자","피자","외식(프랜차이즈 등 업체 제공 영양정보) | 빵 및 과자류 | 피자",""
"kfind-d202-120000000-2228","피자_대만 콘 치즈 감자 피자 오리지널 (L)","도미노피자","피자","피자","외식(프랜차이즈 등 업체 제공 영양정보) | 빵 및 과자류 | 피자",""
"kfind-d202-120000000-2227","피자_대만 콘 치즈 감자 피자 씬 (L)","도미노피자","피자","피자","외식(프랜차이즈 등 업체 제공 영양정보) | 빵 및 과자류 | 피자",""
"kfind-d202-120000000-2226","피자_대만 콘 치즈 감자 피자 슈화 더블치즈 페퍼로니 엣지 (L)","도미노피자","피자","피자","외식(프랜차이즈 등 업체 제공 영양정보) | 빵 및 과자류 | 피자",""
"kfind-d202-120000000-2225","피자_대만 콘 치즈 감자 피자 슈퍼시드 화이버 오리지널 (L)","도미노피자","피자","피자","외식(프랜차이즈 등 업체 제공 영양정보) | 빵 및 과자류 | 피자",""
"kfind-d202-120000000-2231","피자_대만 콘 치즈 감자 피자 슈퍼시드 화이버 버스트 오리지널 (L)","도미노피자","피자","피자","외식(프랜차이즈 등 업체 제공 영양정보) | 빵 및 과자류 | 피자",""
"kfind-d202-120000000-2224","피자_대만 콘 치즈 감자 피자 더블치즈 페퍼로니 엣지 (L)","도미노피자","피자","피자","외식(프랜차이즈 등 업체 제공 영양정보) | 빵 및 과자류 | 피자",""
"kfind-d202-120000000-2232","피자_대만 콘 치즈 감자 피자 더블치즈 엣지 (L)","도미노피자","피자","피자","외식(프랜차이즈 등 업체 제공 영양정보) | 빵 및 과자류 | 피자",""
"kfind-d202-120000000-2223","피자_대만 콘 치즈 감자 피자 나폴리 (L)","도미노피자","피자","피자","외식(프랜차이즈 등 업체 제공 영양정보) | 빵 및 과자류 | 피자",""
"kfind-d202-120000000-4117","피자_닭안심살피자","피자스쿨","피자","피자","외식(프랜차이즈 등 업체 제공 영양정보) | 빵 및 과자류 | 피자",""
"kfind-d202-120000000-0310","피자_닭안심살 피자","피자스쿨","피자","피자","외식(프랜차이즈 등 업체 제공 영양정보) | 빵 및 과자류 | 피자",""
"kfind-d202-120000000-0306","피자_달콤한나의고구마피자(L)","청년피자","피자","피자","외식(프랜차이즈 등 업체 제공 영양정보) | 빵 및 과자류 | 피자",""
"kfind-d202-120000000-2219","피자_달달옥수수 피자 씬 (L)","피자헛","피자","피자","외식(프랜차이즈 등 업체 제공 영양정보) | 빵 및 과자류 | 피자",""
"kfind-d202-120000000-4092","피자_뉴욕오리진 오리지널 트리플치즈버스트엣지 (L)","도미노피자","피자","피자","외식(프랜차이즈 등 업체 제공 영양정보) | 빵 및 과자류 | 피자",""
"kfind-d202-120000000-4091","피자_뉴욕 핫도그핫도그엣지 (M)","피자헛","피자","피자","외식(프랜차이즈 등 업체 제공 영양정보) | 빵 및 과자류 | 피자",""
"kfind-d202-120000000-4090","피자_뉴욕 핫도그핫도그엣지 (L)","피자헛","피자","피자","외식(프랜차이즈 등 업체 제공 영양정보) | 빵 및 과자류 | 피자",""
"kfind-d202-120000000-4089","피자_뉴욕 핫도그씬 핫도그엣지 (L)","피자헛","피자","피자","외식(프랜차이즈 등 업체 제공 영양정보) | 빵 및 과자류 | 피자",""
"kfind-d202-120000000-0266","피자_뉴욕 오리진 피자 트리플치즈버스트 엣지 (L)","도미노피자","피자","피자","외식(프랜차이즈 등 업체 제공 영양정보) | 빵 및 과자류 | 피자",""
"kfind-d202-120000000-2192","피자_뉴욕 오리진 피자 치즈버스트 오리지널 (L)","도미노피자","피자","피자","외식(프랜차이즈 등 업체 제공 영양정보) | 빵 및 과자류 | 피자",""
"kfind-d202-120000000-2191","피자_뉴욕 오리진 피자 치즈버스트 나폴리 (L)","도미노피자","피자","피자","외식(프랜차이즈 등 업체 제공 영양정보) | 빵 및 과자류 | 피자",""
"kfind-d202-120000000-2190","피자_뉴욕 오리진 피자 오리지널 (M)","도미노피자","피자","피자","외식(프랜차이즈 등 업체 제공 영양정보) | 빵 및 과자류 | 피자",""
"kfind-d202-120000000-0265","피자_뉴욕 오리진 피자 오리지널 (L)","도미노피자","피자","피자","외식(프랜차이즈 등 업체 제공 영양정보) | 빵 및 과자류 | 피자",""
"kfind-d202-120000000-2189","피자_뉴욕 오리진 피자 씬 (M)","도미노피자","피자","피자","외식(프랜차이즈 등 업체 제공 영양정보) | 빵 및 과자류 | 피자",""
"kfind-d202-120000000-2188","피자_뉴욕 오리진 피자 씬 (L)","도미노피자","피자","피자","외식(프랜차이즈 등 업체 제공 영양정보) | 빵 및 과자류 | 피자",""
"kfind-d202-120000000-2187","피자_뉴욕 오리진 피자 슈화 더블 치즈 페퍼로니 엣지 (M)","도미노피자","피자","피자","외식(프랜차이즈 등 업체 제공 영양정보) | 빵 및 과자류 | 피자",""
"kfind-d202-120000000-2186","피자_뉴욕 오리진 피자 슈화 더블 치즈 페퍼로니 엣지 (L)","도미노피자","피자","피자","외식(프랜차이즈 등 업체 제공 영양정보) | 빵 및 과자류 | 피자",""
"kfind-d202-120000000-2185","피자_뉴욕 오리진 피자 슈퍼시드 화이버 오리지널 (M)","도미노피자","피자","피자","외식(프랜차이즈 등 업체 제공 영양정보) | 빵 및 과자류 | 피자",""
"kfind-d202-120000000-2184","피자_뉴욕 오리진 피자 슈퍼시드 화이버 오리지널 (L)","도미노피자","피자","피자","외식(프랜차이즈 등 업체 제공 영양정보) | 빵 및 과자류 | 피자",""
"kfind-d202-120000000-2181","피자_뉴욕 오리진 피자 슈퍼시드 화이버 버스트 오리지널 (L)","도미노피자","피자","피자","외식(프랜차이즈 등 업체 제공 영양정보) | 빵 및 과자류 | 피자",""
"kfind-d202-120000000-2178","피자_뉴욕 오리진 피자 더블치즈 페퍼로니 엣지 (M)","도미노피자","피자","피자","외식(프랜차이즈 등 업체 제공 영양정보) | 빵 및 과자류 | 피자",""
"kfind-d202-120000000-2177","피자_뉴욕 오리진 피자 더블치즈 페퍼로니 엣지 (L)","도미노피자","피자","피자","외식(프랜차이즈 등 업체 제공 영양정보) | 빵 및 과자류 | 피자",""
"kfind-d202-120000000-2180","피자_뉴욕 오리진 피자 더블치즈 엣지 (M)","도미노피자","피자","피자","외식(프랜차이즈 등 업체 제공 영양정보) | 빵 및 과자류 | 피자",""
"kfind-d202-120000000-2179","피자_뉴욕 오리진 피자 더블치즈 엣지 (L)","도미노피자","피자","피자","외식(프랜차이즈 등 업체 제공 영양정보) | 빵 및 과자류 | 피자",""
"kfind-d202-120000000-2176","피자_뉴욕 오리진 피자 나폴리 (M)","도미노피자","피자","피자","외식(프랜차이즈 등 업체 제공 영양정보) | 빵 및 과자류 | 피자",""
"kfind-d202-120000000-2175","피자_뉴욕 오리진 피자 나폴리 (L)","도미노피자","피자","피자","외식(프랜차이즈 등 업체 제공 영양정보) | 빵 및 과자류 | 피자",""
"kfind-d202-120000000-0233","피자_놀부단호박 피자 치즈링 (R)","7번가피자","피자","피자","외식(프랜차이즈 등 업체 제공 영양정보) | 빵 및 과자류 | 피자",""
"kfind-d202-120000000-0232","피자_놀부단호박 피자 치즈링 (L)","7번가피자","피자","피자","외식(프랜차이즈 등 업체 제공 영양정보) | 빵 및 과자류 | 피자",""
"kfind-d202-120000000-0231","피자_놀부단호박 피자 씬도우 (R)","7번가피자","피자","피자","외식(프랜차이즈 등 업체 제공 영양정보) | 빵 및 과자류 | 피자",""
"kfind-d202-120000000-0230","피자_놀부단호박 피자 씬도우 (L)","7번가피자","피자","피자","외식(프랜차이즈 등 업체 제공 영양정보) | 빵 및 과자류 | 피자",""
"kfind-d202-120000000-0229","피자_놀부단호박 피자 석쇠 (R)","7번가피자","피자","피자","외식(프랜차이즈 등 업체 제공 영양정보) | 빵 및 과자류 | 피자",""
"kfind-d202-120000000-0228","피자_놀부단호박 피자 석쇠 (L)","7번가피자","피자","피자","외식(프랜차이즈 등 업체 제공 영양정보) | 빵 및 과자류 | 피자",""
"kfind-d202-120000000-0227","피자_놀부단호박 피자 리코타링 (R)","7번가피자","피자","피자","외식(프랜차이즈 등 업체 제공 영양정보) | 빵 및 과자류 | 피자",""
"kfind-d202-120000000-0226","피자_놀부단호박 피자 리코타링 (L)","7번가피자","피자","피자","외식(프랜차이즈 등 업체 제공 영양정보) | 빵 및 과자류 | 피자",""
"kfind-d202-120000000-0225","피자_놀부단호박 피자 골드스윗 (R)","7번가피자","피자","피자","외식(프랜차이즈 등 업체 제공 영양정보) | 빵 및 과자류 | 피자",""
"kfind-d202-120000000-0224","피자_놀부단호박 피자 골드스윗 (L)","7번가피자","피자","피자","외식(프랜차이즈 등 업체 제공 영양정보) | 빵 및 과자류 | 피자",""
"kfind-d202-120000000-4066","피자_나폴리피자","피자스쿨","피자","피자","외식(프랜차이즈 등 업체 제공 영양정보) | 빵 및 과자류 | 피자",""
"kfind-d202-120000000-0219","피자_나폴리 피자","피자스쿨","피자","피자","외식(프랜차이즈 등 업체 제공 영양정보) | 빵 및 과자류 | 피자",""
"kfind-d202-120000000-2146","피자_나이스투미트유 피자 (L)","반올림피자","피자","피자","외식(프랜차이즈 등 업체 제공 영양정보) | 빵 및 과자류 | 피자",""
"kfind-d202-120000000-4059","피자_꿀고구마피자바이트","피자마루","피자","피자","외식(프랜차이즈 등 업체 제공 영양정보) | 빵 및 과자류 | 피자",""
"kfind-d202-120000000-4058","피자_꿀고구마피자","피자마루","피자","피자","외식(프랜차이즈 등 업체 제공 영양정보) | 빵 및 과자류 | 피자",""
"kfind-d202-120000000-0215","피자_꿀고구마 피자 바이트 (L)","피자마루","피자","피자","외식(프랜차이즈 등 업체 제공 영양정보) | 빵 및 과자류 | 피자",""
"kfind-d202-120000000-0214","피자_꿀고구마 피자 (L)","피자마루","피자","피자","외식(프랜차이즈 등 업체 제공 영양정보) | 빵 및 과자류 | 피자",""
"kfind-d202-120000000-4055","피자_깐쇼새우피자","피자스쿨","피자","피자","외식(프랜차이즈 등 업체 제공 영양정보) | 빵 및 과자류 | 피자",""
"kfind-d202-120000000-0212","피자_깐쇼새우 피자","피자스쿨","피자","피자","외식(프랜차이즈 등 업체 제공 영양정보) | 빵 및 과자류 | 피자",""
"kfind-d202-120000000-0211","피자_깐쇼불갈비 피자 치즈링 (R)","7번가피자","피자","피자","외식(프랜차이즈 등 업체 제공 영양정보) | 빵 및 과자류 | 피자",""
"kfind-d202-120000000-0210","피자_깐쇼불갈비 피자 치즈링 (L)","7번가피자","피자","피자","외식(프랜차이즈 등 업체 제공 영양정보) | 빵 및 과자류 | 피자",""
"kfind-d202-120000000-2137","피자_깐쇼불갈비 피자 씬바샤삭 (R)","7번가피자","피자","피자","외식(프랜차이즈 등 업체 제공 영양정보) | 빵 및 과자류 | 피자",""
"kfind-d202-120000000-2136","피자_깐쇼불갈비 피자 씬바샤삭 (L)","7번가피자","피자","피자","외식(프랜차이즈 등 업체 제공 영양정보) | 빵 및 과자류 | 피자",""
"kfind-d202-120000000-0209","피자_깐쇼불갈비 피자 씬도우 (R)","7번가피자","피자","피자","외식(프랜차이즈 등 업체 제공 영양정보) | 빵 및 과자류 | 피자",""
"kfind-d202-120000000-0208","피자_깐쇼불갈비 피자 씬도우 (L)","7번가피자","피자","피자","외식(프랜차이즈 등 업체 제공 영양정보) | 빵 및 과자류 | 피자",""
"kfind-d202-120000000-0207","피자_깐쇼불갈비 피자 석쇠 (R)","7번가피자","피자","피자","외식(프랜차이즈 등 업체 제공 영양정보) | 빵 및 과자류 | 피자",""
"kfind-d202-120000000-0206","피자_깐쇼불갈비 피자 석쇠 (L)","7번가피자","피자","피자","외식(프랜차이즈 등 업체 제공 영양정보) | 빵 및 과자류 | 피자",""
"kfind-d202-120000000-0205","피자_깐쇼불갈비 피자 리코타링 (R)","7번가피자","피자","피자","외식(프랜차이즈 등 업체 제공 영양정보) | 빵 및 과자류 | 피자",""
"kfind-d202-120000000-0204","피자_깐쇼불갈비 피자 리코타링 (L)","7번가피자","피자","피자","외식(프랜차이즈 등 업체 제공 영양정보) | 빵 및 과자류 | 피자",""
"kfind-d202-120000000-0203","피자_깐쇼불갈비 피자 골드스윗 (R)","7번가피자","피자","피자","외식(프랜차이즈 등 업체 제공 영양정보) | 빵 및 과자류 | 피자",""
"kfind-d202-120000000-0202","피자_깐쇼불갈비 피자 골드스윗 (L)","7번가피자","피자","피자","외식(프랜차이즈 등 업체 제공 영양정보) | 빵 및 과자류 | 피자",""
"kfind-d202-120000000-2135","피자_까르보치킨 피자 (L)","반올림피자","피자","피자","외식(프랜차이즈 등 업체 제공 영양정보) | 빵 및 과자류 | 피자",""
"kfind-d202-120000000-4054","피자_까르보네피자","피자스쿨","피자","피자","외식(프랜차이즈 등 업체 제공 영양정보) | 빵 및 과자류 | 피자",""
"kfind-d202-120000000-0201","피자_까르보네 피자","피자스쿨","피자","피자","외식(프랜차이즈 등 업체 제공 영양정보) | 빵 및 과자류 | 피자",""
"kfind-d202-120000000-2134","피자_그릴드비프 갈비천왕 피자","굽네치킨","치킨","피자","외식(프랜차이즈 등 업체 제공 영양정보) | 빵 및 과자류 | 피자",""
"kfind-d202-120000000-2133","피자_그린잇 식물성 마가리타 피자 오리지널 (L)","파파존스","피자","피자","외식(프랜차이즈 등 업체 제공 영양정보) | 빵 및 과자류 | 피자",""
"kfind-d202-120000000-4053","피자_그린잇 식물성 마가리타","파파존스","피자","피자","외식(프랜차이즈 등 업체 제공 영양정보) | 빵 및 과자류 | 피자",""
"kfind-d202-120000000-2132","피자_그린잇 식물성 가든 스페셜 피자 오리지널 (L)","파파존스","피자","피자","외식(프랜차이즈 등 업체 제공 영양정보) | 빵 및 과자류 | 피자",""
"kfind-d202-120000000-4052","피자_그린잇 식물성 가든 스페셜","파파존스","피자","피자","외식(프랜차이즈 등 업체 제공 영양정보) | 빵 및 과자류 | 피자",""
"kfind-d202-120000000-2131","피자_그린머쉬룸 피자 치즈링 (R)","7번가피자","피자","피자","외식(프랜차이즈 등 업체 제공 영양정보) | 빵 및 과자류 | 피자",""
"kfind-d202-120000000-2130","피자_그린머쉬룸 피자 치즈링 (L)","7번가피자","피자","피자","외식(프랜차이즈 등 업체 제공 영양정보) | 빵 및 과자류 | 피자",""
"kfind-d202-120000000-2129","피자_그린머쉬룸 피자 씬바샤삭 (R)","7번가피자","피자","피자","외식(프랜차이즈 등 업체 제공 영양정보) | 빵 및 과자류 | 피자",""
"kfind-d202-120000000-2128","피자_그린머쉬룸 피자 씬바샤삭 (L)","7번가피자","피자","피자","외식(프랜차이즈 등 업체 제공 영양정보) | 빵 및 과자류 | 피자",""
"kfind-d202-120000000-2127","피자_그린머쉬룸 피자 석쇠 (R)","7번가피자","피자","피자","외식(프랜차이즈 등 업체 제공 영양정보) | 빵 및 과자류 | 피자",""
"kfind-d202-120000000-2126","피자_그린머쉬룸 피자 석쇠 (L)","7번가피자","피자","피자","외식(프랜차이즈 등 업체 제공 영양정보) | 빵 및 과자류 | 피자",""
"kfind-d202-120000000-2125","피자_그린머쉬룸 피자 리코타링 (R)","7번가피자","피자","피자","외식(프랜차이즈 등 업체 제공 영양정보) | 빵 및 과자류 | 피자",""
"kfind-d202-120000000-2124","피자_그린머쉬룸 피자 리코타링 (L)","7번가피자","피자","피자","외식(프랜차이즈 등 업체 제공 영양정보) | 빵 및 과자류 | 피자",""
"kfind-d202-120000000-2123","피자_그린머쉬룸 피자 골드스윗 (R)","7번가피자","피자","피자","외식(프랜차이즈 등 업체 제공 영양정보) | 빵 및 과자류 | 피자",""
"kfind-d202-120000000-2122","피자_그린머쉬룸 피자 골드스윗 (L)","7번가피자","피자","피자","외식(프랜차이즈 등 업체 제공 영양정보) | 빵 및 과자류 | 피자",""
"kfind-d202-120180000-0016","피자_골드흑마늘불고기피자","피자마루","피자","피자","외식(프랜차이즈 등 업체 제공 영양정보) | 빵 및 과자류 | 피자 | 불고기피자",""
"kfind-d202-120000000-4043","피자_골드하와이언쉬림프피자","피자마루","피자","피자","외식(프랜차이즈 등 업체 제공 영양정보) | 빵 및 과자류 | 피자",""
"kfind-d202-120000000-0191","피자_골드하와이언쉬림프 피자 (L)","피자마루","피자","피자","외식(프랜차이즈 등 업체 제공 영양정보) | 빵 및 과자류 | 피자",""
"kfind-d202-120420000-0003","피자_골드포테이토피자","피자마루","피자","피자","외식(프랜차이즈 등 업체 제공 영양정보) | 빵 및 과자류 | 피자 | 포테이토피자",""
"kfind-d202-120000000-0189","피자_골드포테이토 피자 (L)","피자마루","피자","피자","외식(프랜차이즈 등 업체 제공 영양정보) | 빵 및 과자류 | 피자",""
"kfind-d202-120410000-0002","피자_골드페퍼로니피자","피자마루","피자","피자","외식(프랜차이즈 등 업체 제공 영양정보) | 빵 및 과자류 | 피자 | 페퍼로니피자",""
"kfind-d202-120000000-0187","피자_골드페파로니 피자 (L)","피자마루","피자","피자","외식(프랜차이즈 등 업체 제공 영양정보) | 빵 및 과자류 | 피자",""
"kfind-d202-120000000-0186","피자_골드트러플버섯 피자 (L)","피자마루","피자","피자","외식(프랜차이즈 등 업체 제공 영양정보) | 빵 및 과자류 | 피자",""
"kfind-d202-120000000-4042","피자_골드투움바피자","피자마루","피자","피자","외식(프랜차이즈 등 업체 제공 영양정보) | 빵 및 과자류 | 피자",""
"kfind-d202-120000000-0185","피자_골드투움바파스타 피자 (L)","피자마루","피자","피자","외식(프랜차이즈 등 업체 제공 영양정보) | 빵 및 과자류 | 피자",""
"kfind-d202-120350000-0003","피자_골드콤비네이션피자","피자마루","피자","피자","외식(프랜차이즈 등 업체 제공 영양정보) | 빵 및 과자류 | 피자 | 콤비네이션피자",""
"kfind-d202-120000000-0184","피자_골드콤비네이션 피자 (L)","피자마루","피자","피자","외식(프랜차이즈 등 업체 제공 영양정보) | 빵 및 과자류 | 피자",""
"kfind-d202-120000000-0183","피자_골드체다소세지 피자 (L)","피자마루","피자","피자","외식(프랜차이즈 등 업체 제공 영양정보) | 빵 및 과자류 | 피자",""
"kfind-d202-120340000-0012","피자_골드이탈리안치즈피자","피자마루","피자","피자","외식(프랜차이즈 등 업체 제공 영양정보) | 빵 및 과자류 | 피자 | 치즈피자",""
"kfind-d202-120000000-0182","피자_골드이탈리안치즈 피자 (L)","피자마루","피자","피자","외식(프랜차이즈 등 업체 제공 영양정보) | 빵 및 과자류 | 피자",""
"kfind-d202-120000000-4041","피자_골드아메리칸체다피자","피자마루","피자","피자","외식(프랜차이즈 등 업체 제공 영양정보) | 빵 및 과자류 | 피자",""
"kfind-d202-120000000-4040","피자_골드스테이크불갈비피자","피자마루","피자","피자","외식(프랜차이즈 등 업체 제공 영양정보) | 빵 및 과자류 | 피자",""
"kfind-d202-120000000-0180","피자_골드스테이크불갈비 피자 (L)","피자마루","피자","피자","외식(프랜차이즈 등 업체 제공 영양정보) | 빵 및 과자류 | 피자",""
"kfind-d202-120000000-0179","피자_골드스윗하새우 피자 (L)","피자마루","피자","피자","외식(프랜차이즈 등 업체 제공 영양정보) | 빵 및 과자류 | 피자",""
"kfind-d202-120180000-0015","피자_골드불고기피자","피자마루","피자","피자","외식(프랜차이즈 등 업체 제공 영양정보) | 빵 및 과자류 | 피자 | 불고기피자",""
"kfind-d202-120000000-0177","피자_골드불고기 피자 (L)","피자마루","피자","피자","외식(프랜차이즈 등 업체 제공 영양정보) | 빵 및 과자류 | 피자",""
"kfind-d202-120000000-4039","피자_골드바베큐치킨피자","피자마루","피자","피자","외식(프랜차이즈 등 업체 제공 영양정보) | 빵 및 과자류 | 피자",""
"kfind-d202-120000000-0173","피자_골드바베큐치킨 피자 (L)","피자마루","피자","피자","외식(프랜차이즈 등 업체 제공 영양정보) | 빵 및 과자류 | 피자",""
"kfind-d202-120000000-4038","피자_골드명란크림새우피자","피자마루","피자","피자","외식(프랜차이즈 등 업체 제공 영양정보) | 빵 및 과자류 | 피자",""
"kfind-d202-120000000-4037","피자_골드레드콘피자","피자마루","피자","피자","외식(프랜차이즈 등 업체 제공 영양정보) | 빵 및 과자류 | 피자",""
"kfind-d202-120000000-4036","피자_골드돼지불백피자","피자마루","피자","피자","외식(프랜차이즈 등 업체 제공 영양정보) | 빵 및 과자류 | 피자",""
"kfind-d202-120000000-4035","피자_골드데리치킨피자","피자마루","피자","피자","외식(프랜차이즈 등 업체 제공 영양정보) | 빵 및 과자류 | 피자",""
"kfind-d202-120000000-4034","피자_골드꿀고구마피자","피자마루","피자","피자","외식(프랜차이즈 등 업체 제공 영양정보) | 빵 및 과자류 | 피자",""
"kfind-d202-120000000-0172","피자_골드꿀고구마 피자 (L)","피자마루","피자","피자","외식(프랜차이즈 등 업체 제공 영양정보) | 빵 및 과자류 | 피자",""
"kfind-d202-120000000-4033","피자_골드고추마요치킨피자","피자마루","피자","피자","외식(프랜차이즈 등 업체 제공 영양정보) | 빵 및 과자류 | 피자",""
"kfind-d202-120000000-4031","피자_골드 콘 하베스트팬 (L)","피자헛","피자","피자","외식(프랜차이즈 등 업체 제공 영양정보) | 빵 및 과자류 | 피자",""
"kfind-d202-120000000-4030","피자_골드 콘 하베스트치즈크러스트 골드 (M)","피자헛","피자","피자","외식(프랜차이즈 등 업체 제공 영양정보) | 빵 및 과자류 | 피자",""
"kfind-d202-120000000-4029","피자_골드 콘 하베스트치즈크러스트 골드 (L)","피자헛","피자","피자","외식(프랜차이즈 등 업체 제공 영양정보) | 빵 및 과자류 | 피자",""
"kfind-d202-120000000-4028","피자_골드 콘 하베스트치즈크러스트 (M)","피자헛","피자","피자","외식(프랜차이즈 등 업체 제공 영양정보) | 빵 및 과자류 | 피자",""
"kfind-d202-120000000-4027","피자_골드 콘 하베스트치즈크러스트 (L)","피자헛","피자","피자","외식(프랜차이즈 등 업체 제공 영양정보) | 빵 및 과자류 | 피자",""
"kfind-d202-120000000-4026","피자_골드 콘 하베스트오리지널 (M)","피자헛","피자","피자","외식(프랜차이즈 등 업체 제공 영양정보) | 빵 및 과자류 | 피자",""
"kfind-d202-120000000-4025","피자_골드 콘 하베스트오리지널 (L)","피자헛","피자","피자","외식(프랜차이즈 등 업체 제공 영양정보) | 빵 및 과자류 | 피자",""
"kfind-d202-120000000-4024","피자_골드 콘 하베스트씬 (L)","피자헛","피자","피자","외식(프랜차이즈 등 업체 제공 영양정보) | 빵 및 과자류 | 피자",""
"kfind-d202-120000000-4023","피자_골드 콘 하베스트리치골드 (M)","피자헛","피자","피자","외식(프랜차이즈 등 업체 제공 영양정보) | 빵 및 과자류 | 피자",""
"kfind-d202-120000000-4022","피자_골드 콘 하베스트리치골드 (L)","피자헛","피자","피자","외식(프랜차이즈 등 업체 제공 영양정보) | 빵 및 과자류 | 피자",""
"kfind-d202-120000000-4021","피자_고추마요치킨피자바이트","피자마루","피자","피자","외식(프랜차이즈 등 업체 제공 영양정보) | 빵 및 과자류 | 피자",""
"kfind-d202-120000000-4020","피자_고추마요치킨피자","피자마루","피자","피자","외식(프랜차이즈 등 업체 제공 영양정보) | 빵 및 과자류 | 피자",""
"kfind-d202-120000000-0169","피자_고스트페퍼로니 피자 (L)","반올림피자","피자","피자","외식(프랜차이즈 등 업체 제공 영양정보) | 빵 및 과자류 | 피자",""
"kfind-d202-120340000-0007","피자_고르곤졸라피자","피자스쿨","피자","피자","외식(프랜차이즈 등 업체 제공 영양정보) | 빵 및 과자류 | 피자 | 치즈피자",""
"kfind-d202-120000000-0161","피자_고르곤졸라 피자 치즈링 (R)","7번가피자","피자","피자","외식(프랜차이즈 등 업체 제공 영양정보) | 빵 및 과자류 | 피자",""
"kfind-d202-120000000-0160","피자_고르곤졸라 피자 치즈링 (L)","7번가피자","피자","피자","외식(프랜차이즈 등 업체 제공 영양정보) | 빵 및 과자류 | 피자",""
"kfind-d202-120000000-0159","피자_고르곤졸라 피자 치즈링 (G)","7번가피자","피자","피자","외식(프랜차이즈 등 업체 제공 영양정보) | 빵 및 과자류 | 피자",""
"kfind-d202-120000000-2096","피자_고르곤졸라 피자 씬바샤삭 (R)","7번가피자","피자","피자","외식(프랜차이즈 등 업체 제공 영양정보) | 빵 및 과자류 | 피자",""
"kfind-d202-120000000-2095","피자_고르곤졸라 피자 씬바샤삭 (L)","7번가피자","피자","피자","외식(프랜차이즈 등 업체 제공 영양정보) | 빵 및 과자류 | 피자",""
"kfind-d202-120000000-0158","피자_고르곤졸라 피자 씬도우 (R)","7번가피자","피자","피자","외식(프랜차이즈 등 업체 제공 영양정보) | 빵 및 과자류 | 피자",""
"kfind-d202-120000000-0157","피자_고르곤졸라 피자 씬도우 (L)","7번가피자","피자","피자","외식(프랜차이즈 등 업체 제공 영양정보) | 빵 및 과자류 | 피자",""
"kfind-d202-120000000-0156","피자_고르곤졸라 피자 석쇠 (R)","7번가피자","피자","피자","외식(프랜차이즈 등 업체 제공 영양정보) | 빵 및 과자류 | 피자",""
"kfind-d202-120000000-0155","피자_고르곤졸라 피자 석쇠 (L)","7번가피자","피자","피자","외식(프랜차이즈 등 업체 제공 영양정보) | 빵 및 과자류 | 피자",""
"kfind-d202-120000000-0154","피자_고르곤졸라 피자 석쇠 (G)","7번가피자","피자","피자","외식(프랜차이즈 등 업체 제공 영양정보) | 빵 및 과자류 | 피자",""
"kfind-d202-120000000-0153","피자_고르곤졸라 피자 리코타링 (R)","7번가피자","피자","피자","외식(프랜차이즈 등 업체 제공 영양정보) | 빵 및 과자류 | 피자",""
"kfind-d202-120000000-0152","피자_고르곤졸라 피자 리코타링 (L)","7번가피자","피자","피자","외식(프랜차이즈 등 업체 제공 영양정보) | 빵 및 과자류 | 피자",""
"kfind-d202-120000000-0151","피자_고르곤졸라 피자 리코타링 (G)","7번가피자","피자","피자","외식(프랜차이즈 등 업체 제공 영양정보) | 빵 및 과자류 | 피자",""
"kfind-d202-120000000-0150","피자_고르곤졸라 피자 골드스윗 (R)","7번가피자","피자","피자","외식(프랜차이즈 등 업체 제공 영양정보) | 빵 및 과자류 | 피자",""
"kfind-d202-120000000-0149","피자_고르곤졸라 피자 골드스윗 (L)","7번가피자","피자","피자","외식(프랜차이즈 등 업체 제공 영양정보) | 빵 및 과자류 | 피자",""
"kfind-d202-120000000-0148","피자_고르곤졸라 피자 골드스윗 (G)","7번가피자","피자","피자","외식(프랜차이즈 등 업체 제공 영양정보) | 빵 및 과자류 | 피자",""
"kfind-d202-120000000-0165","피자_고르곤졸라 피자","피자스쿨","피자","피자","외식(프랜차이즈 등 업체 제공 영양정보) | 빵 및 과자류 | 피자",""
"kfind-d202-120000000-0133","피자_고기밭피자 (L)","청년피자","피자","피자","외식(프랜차이즈 등 업체 제공 영양정보) | 빵 및 과자류 | 피자",""
"kfind-d202-120000000-4004","피자_고구마피자 (1인)","피자마루","피자","피자","외식(프랜차이즈 등 업체 제공 영양정보) | 빵 및 과자류 | 피자",""
"kfind-d202-120000000-4003","피자_고구마피자","피자스쿨","피자","피자","외식(프랜차이즈 등 업체 제공 영양정보) | 빵 및 과자류 | 피자",""
"kfind-d202-120000000-0115","피자_고구마 피자 치즈링 (R)","7번가피자","피자","피자","외식(프랜차이즈 등 업체 제공 영양정보) | 빵 및 과자류 | 피자",""
"kfind-d202-120000000-0114","피자_고구마 피자 치즈링 (L)","7번가피자","피자","피자","외식(프랜차이즈 등 업체 제공 영양정보) | 빵 및 과자류 | 피자",""
"kfind-d202-120000000-2070","피자_고구마 피자 씬바샤삭 (R)","7번가피자","피자","피자","외식(프랜차이즈 등 업체 제공 영양정보) | 빵 및 과자류 | 피자",""
"kfind-d202-120000000-2069","피자_고구마 피자 씬바샤삭 (L)","7번가피자","피자","피자","외식(프랜차이즈 등 업체 제공 영양정보) | 빵 및 과자류 | 피자",""
"kfind-d202-120000000-0111","피자_고구마 피자 씬도우 (R)","7번가피자","피자","피자","외식(프랜차이즈 등 업체 제공 영양정보) | 빵 및 과자류 | 피자",""
"kfind-d202-120000000-0110","피자_고구마 피자 씬도우 (L)","7번가피자","피자","피자","외식(프랜차이즈 등 업체 제공 영양정보) | 빵 및 과자류 | 피자",""
"kfind-d202-120000000-0107","피자_고구마 피자 석쇠 (R)","7번가피자","피자","피자","외식(프랜차이즈 등 업체 제공 영양정보) | 빵 및 과자류 | 피자",""
"kfind-d202-120000000-0105","피자_고구마 피자 석쇠 (L)","7번가피자","피자","피자","외식(프랜차이즈 등 업체 제공 영양정보) | 빵 및 과자류 | 피자",""
"kfind-d202-120000000-0089","피자_고구마 피자 리코타링 (R)","7번가피자","피자","피자","외식(프랜차이즈 등 업체 제공 영양정보) | 빵 및 과자류 | 피자",""
"kfind-d202-120000000-0088","피자_고구마 피자 리코타링 (L)","7번가피자","피자","피자","외식(프랜차이즈 등 업체 제공 영양정보) | 빵 및 과자류 | 피자",""
"kfind-d202-120000000-0082","피자_고구마 피자 골드스윗 (R)","7번가피자","피자","피자","외식(프랜차이즈 등 업체 제공 영양정보) | 빵 및 과자류 | 피자",""
"kfind-d202-120000000-0081","피자_고구마 피자 골드스윗 (L)","7번가피자","피자","피자","외식(프랜차이즈 등 업체 제공 영양정보) | 빵 및 과자류 | 피자",""
"kfind-d202-120000000-0132","피자_고구마 피자","피자스쿨","피자","피자","외식(프랜차이즈 등 업체 제공 영양정보) | 빵 및 과자류 | 피자",""
"kfind-d202-120000000-0052","피자_감자별한웅큼피자 (L)","청년피자","피자","피자","외식(프랜차이즈 등 업체 제공 영양정보) | 빵 및 과자류 | 피자",""
"kfind-d202-120000000-0046","피자_갈릭페퍼스테이크 피자 (P)","파파존스","피자","피자","외식(프랜차이즈 등 업체 제공 영양정보) | 빵 및 과자류 | 피자",""
"kfind-d202-120000000-0045","피자_갈릭페퍼스테이크 피자 (L)","파파존스","피자","피자","외식(프랜차이즈 등 업체 제공 영양정보) | 빵 및 과자류 | 피자",""
"kfind-d202-120000000-0044","피자_갈릭페퍼스테이크 피자 (F)","파파존스","피자","피자","외식(프랜차이즈 등 업체 제공 영양정보) | 빵 및 과자류 | 피자",""
"kfind-d202-120000000-3967","피자_갈릭버터쉬림프치즈크러스트 골드 (L)","피자헛","피자","피자","외식(프랜차이즈 등 업체 제공 영양정보) | 빵 및 과자류 | 피자",""
"kfind-d202-120000000-3966","피자_갈릭버터쉬림프치즈크러스트 (L)","피자헛","피자","피자","외식(프랜차이즈 등 업체 제공 영양정보) | 빵 및 과자류 | 피자",""
"kfind-d202-120000000-3965","피자_갈릭버터쉬림프오리지널 (L)","피자헛","피자","피자","외식(프랜차이즈 등 업체 제공 영양정보) | 빵 및 과자류 | 피자",""
"kfind-d202-120000000-3964","피자_갈릭버터쉬림프리치골드 (L)","피자헛","피자","피자","외식(프랜차이즈 등 업체 제공 영양정보) | 빵 및 과자류 | 피자",""
"kfind-d202-120000000-3963","피자_갈릭버터브레드 (1인)","피자마루","피자","피자","외식(프랜차이즈 등 업체 제공 영양정보) | 빵 및 과자류 | 피자",""
"kfind-d202-120000000-0034","피자_갈릭 버터 쉬림프 피자 치즈크러스트 (M)","피자헛","피자","피자","외식(프랜차이즈 등 업체 제공 영양정보) | 빵 및 과자류 | 피자",""
"kfind-d202-120000000-0033","피자_갈릭 버터 쉬림프 피자 치즈크러스트 (L)","피자헛","피자","피자","외식(프랜차이즈 등 업체 제공 영양정보) | 빵 및 과자류 | 피자",""
"kfind-d202-120000000-0032","피자_갈릭 버터 쉬림프 피자 리치골드 (M)","피자헛","피자","피자","외식(프랜차이즈 등 업체 제공 영양정보) | 빵 및 과자류 | 피자",""
"kfind-d202-120000000-0031","피자_갈릭 버터 쉬림프 피자 리치골드 (L)","피자헛","피자","피자","외식(프랜차이즈 등 업체 제공 영양정보) | 빵 및 과자류 | 피자",""
"kfind-d302-120000000-0006","피자_간편조리세트_피자(기타)","도미노피자","피자","피자","외식(분석함량) | 빵 및 과자류 | 피자",""
"kfind-d302-120420000-0004","피자_간편조리세트_포테이토피자","도미노피자","피자","피자","외식(분석함량) | 빵 및 과자류 | 피자 | 포테이토피자",""
"kfind-d302-120000000-0004","피자_간편조리세트_스테이크피자","도미노피자","피자","피자","외식(분석함량) | 빵 및 과자류 | 피자",""
"kfind-d302-120000000-0003","피자_간편조리세트_새우피자","도미노피자","피자","피자","외식(분석함량) | 빵 및 과자류 | 피자",""
"kfind-d302-120180000-0003","피자_간편조리세트_불고기피자","도미노피자","피자","피자","외식(분석함량) | 빵 및 과자류 | 피자 | 불고기피자",""
"kfind-d202-120000000-0030","피자_가든스페셜 피자 (R)","파파존스","피자","피자","외식(프랜차이즈 등 업체 제공 영양정보) | 빵 및 과자류 | 피자",""
"kfind-d202-120000000-0029","피자_가든스페셜 피자 (P)","파파존스","피자","피자","외식(프랜차이즈 등 업체 제공 영양정보) | 빵 및 과자류 | 피자",""
"kfind-d202-120000000-0028","피자_가든스페셜 피자 (L)","파파존스","피자","피자","외식(프랜차이즈 등 업체 제공 영양정보) | 빵 및 과자류 | 피자",""
"kfind-d202-120000000-0027","피자_가든스페셜 피자 (F)","파파존스","피자","피자","외식(프랜차이즈 등 업체 제공 영양정보) | 빵 및 과자류 | 피자",""
"kfind-d202-120000000-3962","피자_가든스페셜 (R)","파파존스","피자","피자","외식(프랜차이즈 등 업체 제공 영양정보) | 빵 및 과자류 | 피자",""
"kfind-d202-120000000-3961","피자_가든스페셜 (L)","파파존스","피자","피자","외식(프랜차이즈 등 업체 제공 영양정보) | 빵 및 과자류 | 피자",""
"kfind-d202-120000000-3960","피자_가든 스페셜 하트씬","파파존스","피자","피자","외식(프랜차이즈 등 업체 제공 영양정보) | 빵 및 과자류 | 피자",""
"kfind-d202-120000000-2012","피자_가든 스페셜 피자 치즈롤 (P)","파파존스","피자","피자","외식(프랜차이즈 등 업체 제공 영양정보) | 빵 및 과자류 | 피자",""
"kfind-d202-120000000-2011","피자_가든 스페셜 피자 치즈롤 (L)","파파존스","피자","피자","외식(프랜차이즈 등 업체 제공 영양정보) | 빵 및 과자류 | 피자",""
"kfind-d202-120000000-2010","피자_가든 스페셜 피자 치즈롤 (F)","파파존스","피자","피자","외식(프랜차이즈 등 업체 제공 영양정보) | 빵 및 과자류 | 피자",""
"kfind-d202-120000000-2009","피자_가든 스페셜 피자 오리지널 (R)","파파존스","피자","피자","외식(프랜차이즈 등 업체 제공 영양정보) | 빵 및 과자류 | 피자",""
"kfind-d202-120000000-2008","피자_가든 스페셜 피자 오리지널 (P)","파파존스","피자","피자","외식(프랜차이즈 등 업체 제공 영양정보) | 빵 및 과자류 | 피자",""
"kfind-d202-120000000-2007","피자_가든 스페셜 피자 오리지널 (L)","파파존스","피자","피자","외식(프랜차이즈 등 업체 제공 영양정보) | 빵 및 과자류 | 피자",""
"kfind-d202-120000000-2006","피자_가든 스페셜 피자 오리지널 (F)","파파존스","피자","피자","외식(프랜차이즈 등 업체 제공 영양정보) | 빵 및 과자류 | 피자",""
"kfind-d202-120000000-2005","피자_가든 스페셜 피자 씬 (F)","파파존스","피자","피자","외식(프랜차이즈 등 업체 제공 영양정보) | 빵 및 과자류 | 피자",""
"kfind-d202-120000000-2004","피자_가든 스페셜 피자 골드링씬 (F)","파파존스","피자","피자","외식(프랜차이즈 등 업체 제공 영양정보) | 빵 및 과자류 | 피자",""
"kfind-d202-120000000-2003","피자_가든 스페셜 피자 골드링 (P)","파파존스","피자","피자","외식(프랜차이즈 등 업체 제공 영양정보) | 빵 및 과자류 | 피자",""
"kfind-d202-120000000-2002","피자_가든 스페셜 피자 골드링 (L)","파파존스","피자","피자","외식(프랜차이즈 등 업체 제공 영양정보) | 빵 및 과자류 | 피자",""
"kfind-d202-120000000-2001","피자_가든 스페셜 피자 골드링 (F)","파파존스","피자","피자","외식(프랜차이즈 등 업체 제공 영양정보) | 빵 및 과자류 | 피자",""
"kfind-d202-120000000-3959","피자_가든 스페셜 크루아상","파파존스","피자","피자","외식(프랜차이즈 등 업체 제공 영양정보) | 빵 및 과자류 | 피자",""
"kfind-d202-120000000-3958","피자_가든 스페셜 치즈롤 (P)","파파존스","피자","피자","외식(프랜차이즈 등 업체 제공 영양정보) | 빵 및 과자류 | 피자",""
"kfind-d202-120000000-3957","피자_가든 스페셜 치즈롤 (L)","파파존스","피자","피자","외식(프랜차이즈 등 업체 제공 영양정보) | 빵 및 과자류 | 피자",""
"kfind-d202-120000000-3956","피자_가든 스페셜 치즈롤 (F)","파파존스","피자","피자","외식(프랜차이즈 등 업체 제공 영양정보) | 빵 및 과자류 | 피자",""
"kfind-d202-120000000-3955","피자_가든 스페셜 씬","파파존스","피자","피자","외식(프랜차이즈 등 업체 제공 영양정보) | 빵 및 과자류 | 피자",""
"kfind-d202-120000000-3954","피자_가든 스페셜 스파이시 갈릭 치즈롤 (P)","파파존스","피자","피자","외식(프랜차이즈 등 업체 제공 영양정보) | 빵 및 과자류 | 피자",""
"kfind-d202-120000000-3953","피자_가든 스페셜 스파이시 갈릭 치즈롤 (L)","파파존스","피자","피자","외식(프랜차이즈 등 업체 제공 영양정보) | 빵 및 과자류 | 피자",""
"kfind-d202-120000000-3952","피자_가든 스페셜 스파이시 갈릭 치즈롤 (F)","파파존스","피자","피자","외식(프랜차이즈 등 업체 제공 영양정보) | 빵 및 과자류 | 피자",""
"kfind-d202-120000000-3951","피자_가든 스페셜 골드링 씬","파파존스","피자","피자","외식(프랜차이즈 등 업체 제공 영양정보) | 빵 및 과자류 | 피자",""
"kfind-d202-120000000-3950","피자_가든 스페셜 골드링 (P)","파파존스","피자","피자","외식(프랜차이즈 등 업체 제공 영양정보) | 빵 및 과자류 | 피자",""
"kfind-d202-120000000-3949","피자_가든 스페셜 골드링 (L)","파파존스","피자","피자","외식(프랜차이즈 등 업체 제공 영양정보) | 빵 및 과자류 | 피자",""
"kfind-d202-120000000-3948","피자_가든 스페셜 골드링 (F)","파파존스","피자","피자","외식(프랜차이즈 등 업체 제공 영양정보) | 빵 및 과자류 | 피자",""
"kfind-d202-120000000-3947","피자_가든 스페셜 (P)","파파존스","피자","피자","외식(프랜차이즈 등 업체 제공 영양정보) | 빵 및 과자류 | 피자",""
"kfind-d202-120000000-3946","피자_가든 스페셜 (F)","파파존스","피자","피자","외식(프랜차이즈 등 업체 제공 영양정보) | 빵 및 과자류 | 피자",""
"kfind-d202-120000000-1999","피자_LA BBQ불고기+페페로니 피자 팬 (L)","피자헛","피자","피자","외식(프랜차이즈 등 업체 제공 영양정보) | 빵 및 과자류 | 피자",""
"kfind-d202-120000000-1998","피자_LA BBQ불고기+페페로니 피자 오리지널 파마산엣지 (L)","피자헛","피자","피자","외식(프랜차이즈 등 업체 제공 영양정보) | 빵 및 과자류 | 피자",""
"kfind-d202-120000000-2000","피자_LA BBQ불고기+페페로니 피자 오리지날 (L)","피자헛","피자","피자","외식(프랜차이즈 등 업체 제공 영양정보) | 빵 및 과자류 | 피자",""
"kfind-d202-120000000-1997","피자_LA BBQ불고기+페페로니 피자 씬 (L)","피자헛","피자","피자","외식(프랜차이즈 등 업체 제공 영양정보) | 빵 및 과자류 | 피자",""
"kfind-d202-120180000-0012","피자_LA BBQ 불고기팬 (L)","피자헛","피자","피자","외식(프랜차이즈 등 업체 제공 영양정보) | 빵 및 과자류 | 피자 | 불고기피자",""
"kfind-d202-120180000-0011","피자_LA BBQ 불고기치즈크러스트 골드 (M)","피자헛","피자","피자","외식(프랜차이즈 등 업체 제공 영양정보) | 빵 및 과자류 | 피자 | 불고기피자",""
"kfind-d202-120180000-0010","피자_LA BBQ 불고기치즈크러스트 골드 (L)","피자헛","피자","피자","외식(프랜차이즈 등 업체 제공 영양정보) | 빵 및 과자류 | 피자 | 불고기피자",""
"kfind-d202-120180000-0009","피자_LA BBQ 불고기치즈크러스트 (M)","피자헛","피자","피자","외식(프랜차이즈 등 업체 제공 영양정보) | 빵 및 과자류 | 피자 | 불고기피자",""
"kfind-d202-120180000-0008","피자_LA BBQ 불고기치즈크러스트 (L)","피자헛","피자","피자","외식(프랜차이즈 등 업체 제공 영양정보) | 빵 및 과자류 | 피자 | 불고기피자",""
"kfind-d202-120180000-0007","피자_LA BBQ 불고기오리지널 (M)","피자헛","피자","피자","외식(프랜차이즈 등 업체 제공 영양정보) | 빵 및 과자류 | 피자 | 불고기피자",""
"kfind-d202-120180000-0006","피자_LA BBQ 불고기오리지널 (L)","피자헛","피자","피자","외식(프랜차이즈 등 업체 제공 영양정보) | 빵 및 과자류 | 피자 | 불고기피자",""
"kfind-d202-120180000-0005","피자_LA BBQ 불고기씬 (L)","피자헛","피자","피자","외식(프랜차이즈 등 업체 제공 영양정보) | 빵 및 과자류 | 피자 | 불고기피자",""
"kfind-d202-120180000-0004","피자_LA BBQ 불고기리치골드 (M)","피자헛","피자","피자","외식(프랜차이즈 등 업체 제공 영양정보) | 빵 및 과자류 | 피자 | 불고기피자",""
"kfind-d202-120180000-0003","피자_LA BBQ 불고기리치골드 (L)","피자헛","피자","피자","외식(프랜차이즈 등 업체 제공 영양정보) | 빵 및 과자류 | 피자 | 불고기피자",""
"kfind-d202-120000000-1996","피자_LA BBQ 불고기 피자 팬 (L)","피자헛","피자","피자","외식(프랜차이즈 등 업체 제공 영양정보) | 빵 및 과자류 | 피자",""
"kfind-d202-120000000-1995","피자_LA BBQ 불고기 피자 오리지널 파마산 치즈 (M)","피자헛","피자","피자","외식(프랜차이즈 등 업체 제공 영양정보) | 빵 및 과자류 | 피자",""
"kfind-d202-120000000-1994","피자_LA BBQ 불고기 피자 오리지널 파마산 치즈 (L)","피자헛","피자","피자","외식(프랜차이즈 등 업체 제공 영양정보) | 빵 및 과자류 | 피자",""
"kfind-d202-120000000-1993","피자_LA BBQ 불고기 피자 오리지널 (M)","피자헛","피자","피자","외식(프랜차이즈 등 업체 제공 영양정보) | 빵 및 과자류 | 피자",""
"kfind-d202-120000000-1992","피자_LA BBQ 불고기 피자 오리지널 (L)","피자헛","피자","피자","외식(프랜차이즈 등 업체 제공 영양정보) | 빵 및 과자류 | 피자",""
"kfind-d202-120000000-1991","피자_LA BBQ 불고기 피자 씬 (L)","피자헛","피자","피자","외식(프랜차이즈 등 업체 제공 영양정보) | 빵 및 과자류 | 피자",""
"kfind-d202-120000000-3945","피자_K-쌈장채끝스테이크 오리지널 (L)","도미노피자","피자","피자","외식(프랜차이즈 등 업체 제공 영양정보) | 빵 및 과자류 | 피자",""
"kfind-d202-120000000-3944","피자_K-Rib&치즈 오리지널 (L)","도미노피자","피자","피자","외식(프랜차이즈 등 업체 제공 영양정보) | 빵 및 과자류 | 피자",""
"kfind-d202-120000000-0026","피자_BBQ불고기 피자 마니아 파마산엣지 (M)","피자헛","피자","피자","외식(프랜차이즈 등 업체 제공 영양정보) | 빵 및 과자류 | 피자",""
"kfind-d202-120000000-0025","피자_BBQ불고기 피자 마니아 파마산엣지 (L)","피자헛","피자","피자","외식(프랜차이즈 등 업체 제공 영양정보) | 빵 및 과자류 | 피자",""
"kfind-d202-120000000-0024","피자_BBQ불고기 피자 마니아 에어도우 (M)","피자헛","피자","피자","외식(프랜차이즈 등 업체 제공 영양정보) | 빵 및 과자류 | 피자",""
"kfind-d202-120000000-0023","피자_BBQ불고기 피자 마니아 에어도우 (L)","피자헛","피자","피자","외식(프랜차이즈 등 업체 제공 영양정보) | 빵 및 과자류 | 피자",""
"kfind-d202-120000000-0022","피자_BBQ리얼 시카고 피자 (L)","피자마루","피자","피자","외식(프랜차이즈 등 업체 제공 영양정보) | 빵 및 과자류 | 피자",""
"kfind-d202-120000000-0020","피자_7번가스페셜 피자 치즈링 (R)","7번가피자","피자","피자","외식(프랜차이즈 등 업체 제공 영양정보) | 빵 및 과자류 | 피자",""
"kfind-d202-120000000-0019","피자_7번가스페셜 피자 치즈링 (L)","7번가피자","피자","피자","외식(프랜차이즈 등 업체 제공 영양정보) | 빵 및 과자류 | 피자",""
"kfind-d202-120000000-1987","피자_7번가스페셜 피자 씬바샤삭 (R)","7번가피자","피자","피자","외식(프랜차이즈 등 업체 제공 영양정보) | 빵 및 과자류 | 피자",""
"kfind-d202-120000000-1986","피자_7번가스페셜 피자 씬바샤삭 (L)","7번가피자","피자","피자","외식(프랜차이즈 등 업체 제공 영양정보) | 빵 및 과자류 | 피자",""
"kfind-d202-120000000-0018","피자_7번가스페셜 피자 씬도우 (R)","7번가피자","피자","피자","외식(프랜차이즈 등 업체 제공 영양정보) | 빵 및 과자류 | 피자",""
"kfind-d202-120000000-0017","피자_7번가스페셜 피자 씬도우 (L)","7번가피자","피자","피자","외식(프랜차이즈 등 업체 제공 영양정보) | 빵 및 과자류 | 피자",""
"kfind-d202-120000000-0016","피자_7번가스페셜 피자 석쇠 (R)","7번가피자","피자","피자","외식(프랜차이즈 등 업체 제공 영양정보) | 빵 및 과자류 | 피자",""
"kfind-d202-120000000-0015","피자_7번가스페셜 피자 석쇠 (L)","7번가피자","피자","피자","외식(프랜차이즈 등 업체 제공 영양정보) | 빵 및 과자류 | 피자",""
"kfind-d202-120000000-0014","피자_7번가스페셜 피자 리코타링 (R)","7번가피자","피자","피자","외식(프랜차이즈 등 업체 제공 영양정보) | 빵 및 과자류 | 피자",""
"kfind-d202-120000000-0013","피자_7번가스페셜 피자 리코타링 (L)","7번가피자","피자","피자","외식(프랜차이즈 등 업체 제공 영양정보) | 빵 및 과자류 | 피자",""
"kfind-d202-120000000-0012","피자_7번가스페셜 피자 골드스윗 (R)","7번가피자","피자","피자","외식(프랜차이즈 등 업체 제공 영양정보) | 빵 및 과자류 | 피자",""
"kfind-d202-120000000-0011","피자_7번가스페셜 피자 골드스윗 (L)","7번가피자","피자","피자","외식(프랜차이즈 등 업체 제공 영양정보) | 빵 및 과자류 | 피자",""
"kfind-d202-119000000-0064","프레즐_프레즐","이디야","카페","베이커리","외식(프랜차이즈 등 업체 제공 영양정보) | 빵 및 과자류 | 프레즐",""
"kfind-d202-119000000-0061","프레즐_콰트로 치즈 프레즐","할리스","카페","베이커리","외식(프랜차이즈 등 업체 제공 영양정보) | 빵 및 과자류 | 프레즐",""
"kfind-d202-119000000-0060","프레즐_자이언트 페퍼로니 프레즐","할리스","카페","베이커리","외식(프랜차이즈 등 업체 제공 영양정보) | 빵 및 과자류 | 프레즐",""
"kfind-d202-118000000-0057","페이스트리_프렌치뀐아망","파리바게뜨","베이커리","베이커리","외식(프랜차이즈 등 업체 제공 영양정보) | 빵 및 과자류 | 페이스트리",""
"kfind-d202-118000000-0073","페이스트리_크림치즈롤페스츄리","파리바게뜨","베이커리","베이커리","외식(프랜차이즈 등 업체 제공 영양정보) | 빵 및 과자류 | 페이스트리",""
"kfind-d202-118000000-0055","페이스트리_크림치즈데니쉬","파리바게뜨","베이커리","베이커리","외식(프랜차이즈 등 업체 제공 영양정보) | 빵 및 과자류 | 페이스트리",""
"kfind-d202-118000000-0081","페이스트리_콘 치즈 데니쉬","할리스","카페","베이커리","외식(프랜차이즈 등 업체 제공 영양정보) | 빵 및 과자류 | 페이스트리",""
"kfind-d202-118000000-0070","페이스트리_치즈소시지페스츄리","파리바게뜨","베이커리","베이커리","외식(프랜차이즈 등 업체 제공 영양정보) | 빵 및 과자류 | 페이스트리",""
"kfind-d202-118000000-0054","페이스트리_촉촉한몽블랑","파리바게뜨","베이커리","베이커리","외식(프랜차이즈 등 업체 제공 영양정보) | 빵 및 과자류 | 페이스트리",""
"kfind-d202-118000000-0069","페이스트리_초코칩쏙쏙트위스트","파리바게뜨","베이커리","베이커리","외식(프랜차이즈 등 업체 제공 영양정보) | 빵 및 과자류 | 페이스트리",""
"kfind-d202-118000000-0068","페이스트리_초코범벅페스츄리","파리바게뜨","베이커리","베이커리","외식(프랜차이즈 등 업체 제공 영양정보) | 빵 및 과자류 | 페이스트리",""
"kfind-d202-118000000-0031","페이스트리_쟌슨빌소시지페이스트리","투썸플레이스","카페","베이커리","외식(프랜차이즈 등 업체 제공 영양정보) | 빵 및 과자류 | 페이스트리",""
"kfind-d202-118000000-0030","페이스트리_오름 치즈 케이츄리","스타벅스","카페","베이커리","외식(프랜차이즈 등 업체 제공 영양정보) | 빵 및 과자류 | 페이스트리",""
"kfind-d202-118000000-0029","페이스트리_에그베이컨페이스트리","투썸플레이스","카페","베이커리","외식(프랜차이즈 등 업체 제공 영양정보) | 빵 및 과자류 | 페이스트리",""
"kfind-d202-118000000-0026","페이스트리_스위트갈릭고구마페스츄리","파리바게뜨","베이커리","베이커리","외식(프랜차이즈 등 업체 제공 영양정보) | 빵 및 과자류 | 페이스트리",""
"kfind-d202-118000000-0019","페이스트리_뺑 오 쇼콜라","스타벅스","카페","베이커리","외식(프랜차이즈 등 업체 제공 영양정보) | 빵 및 과자류 | 페이스트리",""
"kfind-d202-118000000-0067","페이스트리_비프카레페스츄리(1개입)","파리바게뜨","베이커리","베이커리","외식(프랜차이즈 등 업체 제공 영양정보) | 빵 및 과자류 | 페이스트리",""
"kfind-d202-118000000-0066","페이스트리_비프볼로네제 페스츄리(1개입)","파리바게뜨","베이커리","베이커리","외식(프랜차이즈 등 업체 제공 영양정보) | 빵 및 과자류 | 페이스트리",""
"kfind-d202-118000000-0077","페이스트리_베이컨 포테이토 데니쉬","할리스","카페","베이커리","외식(프랜차이즈 등 업체 제공 영양정보) | 빵 및 과자류 | 페이스트리",""
"kfind-d202-118000000-0011","페이스트리_미니초코칩트위스트","파리바게뜨","베이커리","베이커리","외식(프랜차이즈 등 업체 제공 영양정보) | 빵 및 과자류 | 페이스트리",""
"kfind-d202-118000000-0048","페이스트리_미니소시지페스츄리","파리바게뜨","베이커리","베이커리","외식(프랜차이즈 등 업체 제공 영양정보) | 빵 및 과자류 | 페이스트리",""
"kfind-d202-118000000-0062","페이스트리_딸기롤페스츄리","파리바게뜨","베이커리","베이커리","외식(프랜차이즈 등 업체 제공 영양정보) | 빵 및 과자류 | 페이스트리",""
"kfind-d202-118000000-0005","페이스트리_넛츠크림치즈크럼블페이스트리","투썸플레이스","카페","베이커리","외식(프랜차이즈 등 업체 제공 영양정보) | 빵 및 과자류 | 페이스트리",""
"kfind-d202-118000000-0059","페이스트리_갈릭고구마페스츄리","파리바게뜨","베이커리","베이커리","외식(프랜차이즈 등 업체 제공 영양정보) | 빵 및 과자류 | 페이스트리",""
"kfind-d202-118000000-0001","페이스트리_64겹골든페스츄리","파리바게뜨","베이커리","베이커리","외식(프랜차이즈 등 업체 제공 영양정보) | 빵 및 과자류 | 페이스트리",""
"kfind-d202-117000000-0016","팥빵_호두단팥빵","파리바게뜨","베이커리","베이커리","외식(프랜차이즈 등 업체 제공 영양정보) | 빵 및 과자류 | 팥빵",""
"kfind-d202-117000000-0052","팥빵_팥 붕어빵","이디야","카페","베이커리","외식(프랜차이즈 등 업체 제공 영양정보) | 빵 및 과자류 | 팥빵",""
"kfind-d202-117000000-0021","팥빵_추억의 팥절미빵","파리바게뜨","베이커리","베이커리","외식(프랜차이즈 등 업체 제공 영양정보) | 빵 및 과자류 | 팥빵",""
"kfind-d202-117000000-0008","팥빵_생크림단팥빵","파리바게뜨","베이커리","베이커리","외식(프랜차이즈 등 업체 제공 영양정보) | 빵 및 과자류 | 팥빵",""
"kfind-d202-117000000-0028","팥빵_단팥빵","파리바게뜨","베이커리","베이커리","외식(프랜차이즈 등 업체 제공 영양정보) | 빵 및 과자류 | 팥빵",""
"kfind-d219-716000000-0001","팥빙수_팥빙수","롯데리아","햄버거","아이스크림","외식(프랜차이즈 등 업체 제공 영양정보) | 유제품류 및 빙과류 | 팥빙수",""
"kfind-d202-116000000-0009","파이/만주_하트 파이","스타벅스","카페","베이커리","외식(프랜차이즈 등 업체 제공 영양정보) | 빵 및 과자류 | 파이/만주",""
"kfind-d202-116000000-0023","파이/만주_클래식애플파이","파리바게뜨","베이커리","베이커리","외식(프랜차이즈 등 업체 제공 영양정보) | 빵 및 과자류 | 파이/만주",""
"kfind-d202-116000000-0022","파이/만주_크림치즈롤파이","파리바게뜨","베이커리","베이커리","외식(프랜차이즈 등 업체 제공 영양정보) | 빵 및 과자류 | 파이/만주",""
"kfind-d202-116190000-0002","파이/만주_커스타드애플파이","파리바게뜨","베이커리","베이커리","외식(프랜차이즈 등 업체 제공 영양정보) | 빵 및 과자류 | 파이/만주 | 사과파이",""
"kfind-d202-116000000-0041","파이/만주_진한크림치즈롤파이","파리바게뜨","베이커리","베이커리","외식(프랜차이즈 등 업체 제공 영양정보) | 빵 및 과자류 | 파이/만주",""
"kfind-d202-116000000-0006","파이/만주_주상절리 파이","스타벅스","카페","베이커리","외식(프랜차이즈 등 업체 제공 영양정보) | 빵 및 과자류 | 파이/만주",""
"kfind-d202-116000000-0043","파이/만주_로스팅호두로더고소한호두파이(조각)","파리바게뜨","베이커리","베이커리","외식(프랜차이즈 등 업체 제공 영양정보) | 빵 및 과자류 | 파이/만주",""
"kfind-d202-116000000-0011","파이/만주_로스팅호두로더고소한호두파이 (조각)","파리바게뜨","베이커리","베이커리","외식(프랜차이즈 등 업체 제공 영양정보) | 빵 및 과자류 | 파이/만주",""
"kfind-d202-116000000-0010","파이/만주_딸기잼롤파이","파리바게뜨","베이커리","베이커리","외식(프랜차이즈 등 업체 제공 영양정보) | 빵 및 과자류 | 파이/만주",""
"kfind-d202-116000000-0033","파이/만주_달콤한딸기롤파이 (5개입)","파리바게뜨","베이커리","베이커리","외식(프랜차이즈 등 업체 제공 영양정보) | 빵 및 과자류 | 파이/만주",""
"kfind-d202-116000000-0030","파이/만주_달콤한딸기롤파이 (2개입)","파리바게뜨","베이커리","베이커리","외식(프랜차이즈 등 업체 제공 영양정보) | 빵 및 과자류 | 파이/만주",""
"kfind-d202-116000000-0029","파이/만주_달콤한딸기롤파이","파리바게뜨","베이커리","베이커리","외식(프랜차이즈 등 업체 제공 영양정보) | 빵 및 과자류 | 파이/만주",""
"kfind-d202-147000000-0004","파운드케이크_레몬 아이싱 파운드","이디야","카페","디저트","외식(프랜차이즈 등 업체 제공 영양정보) | 빵 및 과자류 | 파운드케이크",""
"kfind-d202-115000000-0023","토스트_허니버터토스트","파리바게뜨","베이커리","토스트","외식(프랜차이즈 등 업체 제공 영양정보) | 빵 및 과자류 | 토스트",""
"kfind-d202-115000000-0038","토스트_햄치즈 스크램블 토스트","할리스","카페","토스트","외식(프랜차이즈 등 업체 제공 영양정보) | 빵 및 과자류 | 토스트",""
"kfind-d202-115000000-0018","토스트_통버터 프렌치토스트","파리바게뜨","베이커리","토스트","외식(프랜차이즈 등 업체 제공 영양정보) | 빵 및 과자류 | 토스트",""
"kfind-d202-115000000-0016","토스트_카라멜버터토스트","투썸플레이스","카페","토스트","외식(프랜차이즈 등 업체 제공 영양정보) | 빵 및 과자류 | 토스트",""
"kfind-d202-115000000-0014","토스트_촉촉한 허니버터토스트","파리바게뜨","베이커리","토스트","외식(프랜차이즈 등 업체 제공 영양정보) | 빵 및 과자류 | 토스트",""
"kfind-d202-115000000-0005","토스트_마늘토스트","파리바게뜨","베이커리","토스트","외식(프랜차이즈 등 업체 제공 영양정보) | 빵 및 과자류 | 토스트",""
"kfind-d202-115000000-0001","토스트_갈릭스틱토스트","파리바게뜨","베이커리","토스트","외식(프랜차이즈 등 업체 제공 영양정보) | 빵 및 과자류 | 토스트",""
"kfind-d220-751000000-0006","탄산음료_패션 탱고티 레모네이드 피지오 (Tall)","스타벅스","카페","음료","외식(프랜차이즈 등 업체 제공 영양정보) | 음료 및 차류 | 탄산음료",""
"kfind-d220-751000000-0005","탄산음료_쿨 라임 피지오 (Tall)","스타벅스","카페","음료","외식(프랜차이즈 등 업체 제공 영양정보) | 음료 및 차류 | 탄산음료",""
"kfind-d220-751000000-0004","탄산음료_체리콕콕 아이스(ICED)","빽다방","카페","음료","외식(프랜차이즈 등 업체 제공 영양정보) | 음료 및 차류 | 탄산음료",""
"kfind-d220-751000000-0003","탄산음료_유자 패션 피지오 (Tall)","스타벅스","카페","음료","외식(프랜차이즈 등 업체 제공 영양정보) | 음료 및 차류 | 탄산음료",""
"kfind-d220-751000000-0002","탄산음료_블루캔디소다 아이스(ICED)","빽다방","카페","음료","외식(프랜차이즈 등 업체 제공 영양정보) | 음료 및 차류 | 탄산음료",""
"kfind-d220-751000000-0001","탄산음료_블랙티 레모네이드 피지오 (Tall)","스타벅스","카페","음료","외식(프랜차이즈 등 업체 제공 영양정보) | 음료 및 차류 | 탄산음료",""
"kfind-d202-114000000-0016","타르트_호두듬뿍타르트","파리바게뜨","베이커리","베이커리","외식(프랜차이즈 등 업체 제공 영양정보) | 빵 및 과자류 | 타르트",""
"kfind-d202-114000000-0025","타르트_정통에그타르트","파리바게뜨","베이커리","베이커리","외식(프랜차이즈 등 업체 제공 영양정보) | 빵 및 과자류 | 타르트",""
"kfind-d202-114000000-0014","타르트_에그타르트","파리바게뜨","베이커리","베이커리","외식(프랜차이즈 등 업체 제공 영양정보) | 빵 및 과자류 | 타르트",""
"kfind-d202-114000000-0024","타르트_에그타르트","던킨","베이커리","베이커리","외식(프랜차이즈 등 업체 제공 영양정보) | 빵 및 과자류 | 타르트",""
"kfind-d202-114000000-0023","타르트_스모어마시멜로우타르트","파리바게뜨","베이커리","베이커리","외식(프랜차이즈 등 업체 제공 영양정보) | 빵 및 과자류 | 타르트",""
"kfind-d202-114000000-0022","타르트_쉬림프 피자 타르트","던킨","베이커리","피자","외식(프랜차이즈 등 업체 제공 영양정보) | 빵 및 과자류 | 타르트",""
"kfind-d202-114000000-0007","타르트_밀당 에그 타르트","스타벅스","카페","베이커리","외식(프랜차이즈 등 업체 제공 영양정보) | 빵 및 과자류 | 타르트",""
"kfind-d202-114000000-0021","타르트_무화과 레어치즈 타르트","파리바게뜨","베이커리","베이커리","외식(프랜차이즈 등 업체 제공 영양정보) | 빵 및 과자류 | 타르트",""
"kfind-d202-114000000-0020","타르트_뉴욕치즈타르트","파리바게뜨","베이커리","베이커리","외식(프랜차이즈 등 업체 제공 영양정보) | 빵 및 과자류 | 타르트",""
"kfind-d202-113000000-0111","크림빵_후레쉬크림샌드빵(소)","파리바게뜨","베이커리","베이커리","외식(프랜차이즈 등 업체 제공 영양정보) | 빵 및 과자류 | 크림빵",""
"kfind-d202-113000000-0053","크림빵_후레쉬크림샌드빵 (소)","파리바게뜨","베이커리","베이커리","외식(프랜차이즈 등 업체 제공 영양정보) | 빵 및 과자류 | 크림빵",""
"kfind-d202-113000000-0110","크림빵_후레쉬크림샌드빵","파리바게뜨","베이커리","베이커리","외식(프랜차이즈 등 업체 제공 영양정보) | 빵 및 과자류 | 크림빵",""
"kfind-d202-113000000-0052","크림빵_후레쉬크림빵","파리바게뜨","베이커리","베이커리","외식(프랜차이즈 등 업체 제공 영양정보) | 빵 및 과자류 | 크림빵",""
"kfind-d202-113000000-0048","크림빵_티라미수 크림 데니쉬","스타벅스","카페","베이커리","외식(프랜차이즈 등 업체 제공 영양정보) | 빵 및 과자류 | 크림빵",""
"kfind-d202-113000000-0046","크림빵_크림듬뿍초코크림아몬드볼","파리바게뜨","베이커리","베이커리","외식(프랜차이즈 등 업체 제공 영양정보) | 빵 및 과자류 | 크림빵",""
"kfind-d202-113000000-0073","크림빵_추억의 고구마생크림빵","파리바게뜨","베이커리","베이커리","외식(프랜차이즈 등 업체 제공 영양정보) | 빵 및 과자류 | 크림빵",""
"kfind-d202-113000000-0038","크림빵_초콜릿크로캉롱슈","투썸플레이스","카페","디저트","외식(프랜차이즈 등 업체 제공 영양정보) | 빵 및 과자류 | 크림빵",""
"kfind-d202-113000000-0037","크림빵_초코크림아몬드볼","파리바게뜨","베이커리","베이커리","외식(프랜차이즈 등 업체 제공 영양정보) | 빵 및 과자류 | 크림빵",""
"kfind-d202-113000000-0102","크림빵_인생크림빵 초코바나나","파리바게뜨","베이커리","베이커리","외식(프랜차이즈 등 업체 제공 영양정보) | 빵 및 과자류 | 크림빵",""
"kfind-d202-113000000-0101","크림빵_인생크림빵 애플망고","파리바게뜨","베이커리","베이커리","외식(프랜차이즈 등 업체 제공 영양정보) | 빵 및 과자류 | 크림빵",""
"kfind-d202-113000000-0100","크림빵_인생크림빵 메론","파리바게뜨","베이커리","베이커리","외식(프랜차이즈 등 업체 제공 영양정보) | 빵 및 과자류 | 크림빵",""
"kfind-d202-113000000-0099","크림빵_인생크림빵 말차단팥","파리바게뜨","베이커리","베이커리","외식(프랜차이즈 등 업체 제공 영양정보) | 빵 및 과자류 | 크림빵",""
"kfind-d202-113000000-0069","크림빵_인생 딸기생크림빵","파리바게뜨","베이커리","베이커리","외식(프랜차이즈 등 업체 제공 영양정보) | 빵 및 과자류 | 크림빵",""
"kfind-d202-113000000-0033","크림빵_우유크림슈","파리바게뜨","베이커리","베이커리","외식(프랜차이즈 등 업체 제공 영양정보) | 빵 및 과자류 | 크림빵",""
"kfind-d202-113000000-0068","크림빵_우유생크림빵","파리바게뜨","베이커리","베이커리","외식(프랜차이즈 등 업체 제공 영양정보) | 빵 및 과자류 | 크림빵",""
"kfind-d202-113000000-0032","크림빵_요구르트 슈스틱","공차","음료","베이커리","외식(프랜차이즈 등 업체 제공 영양정보) | 빵 및 과자류 | 크림빵",""
"kfind-d202-113000000-0066","크림빵_왕구름크림빵","파리바게뜨","베이커리","베이커리","외식(프랜차이즈 등 업체 제공 영양정보) | 빵 및 과자류 | 크림빵",""
"kfind-d202-113000000-0065","크림빵_옥수수콘크림샌드","파리바게뜨","베이커리","베이커리","외식(프랜차이즈 등 업체 제공 영양정보) | 빵 및 과자류 | 크림빵",""
"kfind-d202-113000000-0026","크림빵_시원하게 즐기는 메론빵","파리바게뜨","베이커리","베이커리","외식(프랜차이즈 등 업체 제공 영양정보) | 빵 및 과자류 | 크림빵",""
"kfind-d202-113000000-0024","크림빵_스노우쿠키슈","이디야","카페","디저트","외식(프랜차이즈 등 업체 제공 영양정보) | 빵 및 과자류 | 크림빵",""
"kfind-d202-113000000-0117","크림빵_스노우 쿠키슈","이디야","카페","디저트","외식(프랜차이즈 등 업체 제공 영양정보) | 빵 및 과자류 | 크림빵",""
"kfind-d202-113000000-0098","크림빵_슈크림슈","파리바게뜨","베이커리","베이커리","외식(프랜차이즈 등 업체 제공 영양정보) | 빵 및 과자류 | 크림빵",""
"kfind-d202-113000000-0096","크림빵_슈크림빵","파리바게뜨","베이커리","베이커리","외식(프랜차이즈 등 업체 제공 영양정보) | 빵 및 과자류 | 크림빵",""
"kfind-d202-113000000-0116","크림빵_슈크림 붕어빵","이디야","카페","베이커리","외식(프랜차이즈 등 업체 제공 영양정보) | 빵 및 과자류 | 크림빵",""
"kfind-d202-113000000-0061","크림빵_생크림메론크림빵","파리바게뜨","베이커리","베이커리","외식(프랜차이즈 등 업체 제공 영양정보) | 빵 및 과자류 | 크림빵",""
"kfind-d202-113000000-0018","크림빵_브리오슈슈크레","투썸플레이스","카페","베이커리","외식(프랜차이즈 등 업체 제공 영양정보) | 빵 및 과자류 | 크림빵",""
"kfind-d202-113000000-0016","크림빵_부드러운모카크림빵","파리바게뜨","베이커리","베이커리","외식(프랜차이즈 등 업체 제공 영양정보) | 빵 및 과자류 | 크림빵",""
"kfind-d202-113000000-0060","크림빵_보슬보슬옥수수크림빵","파리바게뜨","베이커리","베이커리","외식(프랜차이즈 등 업체 제공 영양정보) | 빵 및 과자류 | 크림빵",""
"kfind-d202-113000000-0089","크림빵_반반 후.크.샌 연유와 옥수수","파리바게뜨","베이커리","베이커리","외식(프랜차이즈 등 업체 제공 영양정보) | 빵 및 과자류 | 크림빵",""
"kfind-d202-113000000-0015","크림빵_바닐라크로캉롱슈","투썸플레이스","카페","베이커리","외식(프랜차이즈 등 업체 제공 영양정보) | 빵 및 과자류 | 크림빵",""
"kfind-d202-113000000-0059","크림빵_바닐라 우유 크림슈","파리바게뜨","베이커리","베이커리","외식(프랜차이즈 등 업체 제공 영양정보) | 빵 및 과자류 | 크림빵",""
"kfind-d202-113000000-0013","크림빵_밀크크림브레드","파리바게뜨","베이커리","베이커리","외식(프랜차이즈 등 업체 제공 영양정보) | 빵 및 과자류 | 크림빵",""
"kfind-d202-113000000-0012","크림빵_민트초코 생크림 브레드","이디야","카페","베이커리","외식(프랜차이즈 등 업체 제공 영양정보) | 빵 및 과자류 | 크림빵",""
"kfind-d202-113000000-0088","크림빵_모카크림샌드빵","파리바게뜨","베이커리","베이커리","외식(프랜차이즈 등 업체 제공 영양정보) | 빵 및 과자류 | 크림빵",""
"kfind-d202-113000000-0058","크림빵_메론크림빵","파리바게뜨","베이커리","베이커리","외식(프랜차이즈 등 업체 제공 영양정보) | 빵 및 과자류 | 크림빵",""
"kfind-d202-113000000-0009","크림빵_땅콩크림빵","파리바게뜨","베이커리","베이커리","외식(프랜차이즈 등 업체 제공 영양정보) | 빵 및 과자류 | 크림빵",""
"kfind-d202-113000000-0005","크림빵_단팥크림코팡","파리바게뜨","베이커리","베이커리","외식(프랜차이즈 등 업체 제공 영양정보) | 빵 및 과자류 | 크림빵",""
"kfind-d202-113000000-0055","크림빵_단팥생크림빵","파리바게뜨","베이커리","베이커리","외식(프랜차이즈 등 업체 제공 영양정보) | 빵 및 과자류 | 크림빵",""
"kfind-d202-113000000-0084","크림빵_그릭요거트슈","파리바게뜨","베이커리","베이커리","외식(프랜차이즈 등 업체 제공 영양정보) | 빵 및 과자류 | 크림빵",""
"kfind-d202-113000000-0002","크림빵_골든크림메론빵","파리바게뜨","베이커리","베이커리","외식(프랜차이즈 등 업체 제공 영양정보) | 빵 및 과자류 | 크림빵",""
"kfind-d202-142000000-0176","크로플_플레인 크로플","이디야","카페","베이커리","외식(프랜차이즈 등 업체 제공 영양정보) | 빵 및 과자류 | 크로플",""
"kfind-d202-142000000-0165","크로플_아이스크림 크로플","할리스","카페","아이스크림","외식(프랜차이즈 등 업체 제공 영양정보) | 빵 및 과자류 | 크로플",""
"kfind-d202-112000000-0041","크로켓(고로케)_화끈한 마라고로케","파리바게뜨","베이커리","베이커리","외식(프랜차이즈 등 업체 제공 영양정보) | 빵 및 과자류 | 크로켓(고로케)",""
"kfind-d202-112000000-0025","크로켓(고로케)_칠리꽃맛살 고로케","파리바게뜨","베이커리","베이커리","외식(프랜차이즈 등 업체 제공 영양정보) | 빵 및 과자류 | 크로켓(고로케)",""
"kfind-d202-112000000-0057","크로켓(고로케)_치킨듬뿍 고추마요 도로케","던킨","베이커리","치킨","외식(프랜차이즈 등 업체 제공 영양정보) | 빵 및 과자류 | 크로켓(고로케)",""
"kfind-d202-112000000-0053","크로켓(고로케)_야채감자 샐러드고로케","파리바게뜨","베이커리","샐러드·포케","외식(프랜차이즈 등 업체 제공 영양정보) | 빵 및 과자류 | 크로켓(고로케)",""
"kfind-d202-112000000-0017","크로켓(고로케)_야채감자 고로케","파리바게뜨","베이커리","베이커리","외식(프랜차이즈 등 업체 제공 영양정보) | 빵 및 과자류 | 크로켓(고로케)",""
"kfind-d202-112000000-0015","크로켓(고로케)_바삭쫄깃한 로제품은달걀","파리바게뜨","베이커리","베이커리","외식(프랜차이즈 등 업체 제공 영양정보) | 빵 및 과자류 | 크로켓(고로케)",""
"kfind-d202-112000000-0051","크로켓(고로케)_모짜렐라감자고로케","파리바게뜨","베이커리","베이커리","외식(프랜차이즈 등 업체 제공 영양정보) | 빵 및 과자류 | 크로켓(고로케)",""
"kfind-d202-112000000-0014","크로켓(고로케)_명품카레 고로케","파리바게뜨","베이커리","베이커리","외식(프랜차이즈 등 업체 제공 영양정보) | 빵 및 과자류 | 크로켓(고로케)",""
"kfind-d202-112000000-0013","크로켓(고로케)_명품잡채 고로케","파리바게뜨","베이커리","베이커리","외식(프랜차이즈 등 업체 제공 영양정보) | 빵 및 과자류 | 크로켓(고로케)",""
"kfind-d202-112000000-0050","크로켓(고로케)_명품고기잡채고로케","파리바게뜨","베이커리","베이커리","외식(프랜차이즈 등 업체 제공 영양정보) | 빵 및 과자류 | 크로켓(고로케)",""
"kfind-d202-112000000-0010","크로켓(고로케)_매콤아삭 고로케","파리바게뜨","베이커리","베이커리","외식(프랜차이즈 등 업체 제공 영양정보) | 빵 및 과자류 | 크로켓(고로케)",""
"kfind-d202-112000000-0033","크로켓(고로케)_매콤마라모찌 (6개입)","파리바게뜨","베이커리","베이커리","외식(프랜차이즈 등 업체 제공 영양정보) | 빵 및 과자류 | 크로켓(고로케)",""
"kfind-d202-112000000-0049","크로켓(고로케)_매콤고추잡채고로케","파리바게뜨","베이커리","베이커리","외식(프랜차이즈 등 업체 제공 영양정보) | 빵 및 과자류 | 크로켓(고로케)",""
"kfind-d202-112000000-0007","크로켓(고로케)_납작김치고로전","파리바게뜨","베이커리","베이커리","외식(프랜차이즈 등 업체 제공 영양정보) | 빵 및 과자류 | 크로켓(고로케)",""
"kfind-d202-112000000-0006","크로켓(고로케)_꽃맛살 고로케","파리바게뜨","베이커리","베이커리","외식(프랜차이즈 등 업체 제공 영양정보) | 빵 및 과자류 | 크로켓(고로케)",""
"kfind-d202-112000000-0047","크로켓(고로케)_고기듬뿍 갈릭마요 도로케","던킨","베이커리","베이커리","외식(프랜차이즈 등 업체 제공 영양정보) | 빵 및 과자류 | 크로켓(고로케)",""
"kfind-d202-111000000-0061","크로와상_플레인 꽈루아상","이디야","카페","베이커리","외식(프랜차이즈 등 업체 제공 영양정보) | 빵 및 과자류 | 크로와상",""
"kfind-d202-111000000-0075","크로와상_프렌치크라상","파리바게뜨","베이커리","베이커리","외식(프랜차이즈 등 업체 제공 영양정보) | 빵 및 과자류 | 크로와상",""
"kfind-d202-111000000-0056","크로와상_토피넛 꽈루아상","이디야","카페","베이커리","외식(프랜차이즈 등 업체 제공 영양정보) | 빵 및 과자류 | 크로와상",""
"kfind-d202-111000000-0054","크로와상_크루아상","투썸플레이스","카페","베이커리","외식(프랜차이즈 등 업체 제공 영양정보) | 빵 및 과자류 | 크로와상",""
"kfind-d202-111000000-0098","크로와상_크루아상","이디야","카페","베이커리","외식(프랜차이즈 등 업체 제공 영양정보) | 빵 및 과자류 | 크로와상",""
"kfind-d202-111000000-0051","크로와상_코코넛카야 크루아상","투썸플레이스","카페","베이커리","외식(프랜차이즈 등 업체 제공 영양정보) | 빵 및 과자류 | 크로와상",""
"kfind-d202-111000000-0086","크로와상_커피카라멜크라상","파리바게뜨","베이커리","베이커리","외식(프랜차이즈 등 업체 제공 영양정보) | 빵 및 과자류 | 크로와상",""
"kfind-d202-111000000-0084","크로와상_초코롤링크라상","파리바게뜨","베이커리","베이커리","외식(프랜차이즈 등 업체 제공 영양정보) | 빵 및 과자류 | 크로와상",""
"kfind-d202-111000000-0095","크로와상_청크초코칩 크루키","이디야","카페","베이커리","외식(프랜차이즈 등 업체 제공 영양정보) | 빵 및 과자류 | 크로와상",""
"kfind-d202-111000000-0083","크로와상_인절미콩고물크라상","파리바게뜨","베이커리","베이커리","외식(프랜차이즈 등 업체 제공 영양정보) | 빵 및 과자류 | 크로와상",""
"kfind-d202-111000000-0082","크로와상_우유크림크라상","파리바게뜨","베이커리","베이커리","외식(프랜차이즈 등 업체 제공 영양정보) | 빵 및 과자류 | 크로와상",""
"kfind-d202-111000000-0031","크로와상_스노우미니크라상","파리바게뜨","베이커리","베이커리","외식(프랜차이즈 등 업체 제공 영양정보) | 빵 및 과자류 | 크로와상",""
"kfind-d202-111000000-0078","크로와상_솔티연유버터 크로스트","던킨","베이커리","베이커리","외식(프랜차이즈 등 업체 제공 영양정보) | 빵 및 과자류 | 크로와상",""
"kfind-d202-111000000-0022","크로와상_블루베리아몬드 크루아상","투썸플레이스","카페","베이커리","외식(프랜차이즈 등 업체 제공 영양정보) | 빵 및 과자류 | 크로와상",""
"kfind-d202-111000000-0077","크로와상_바닐라 피칸 크로스트","던킨","베이커리","베이커리","외식(프랜차이즈 등 업체 제공 영양정보) | 빵 및 과자류 | 크로와상",""
"kfind-d202-111000000-0018","크로와상_미니크라상","파리바게뜨","베이커리","베이커리","외식(프랜차이즈 등 업체 제공 영양정보) | 빵 및 과자류 | 크로와상",""
"kfind-d202-111000000-0069","크로와상_달콤한크림크라상","파리바게뜨","베이커리","베이커리","외식(프랜차이즈 등 업체 제공 영양정보) | 빵 및 과자류 | 크로와상",""
"kfind-d202-111000000-0076","크로와상_달콤바삭크룽지","파리바게뜨","베이커리","베이커리","외식(프랜차이즈 등 업체 제공 영양정보) | 빵 및 과자류 | 크로와상",""
"kfind-d202-111000000-0005","크로와상_거문 오름 크루아상","스타벅스","카페","베이커리","외식(프랜차이즈 등 업체 제공 영양정보) | 빵 및 과자류 | 크로와상",""
"kfind-d202-111000000-0087","크로와상_AOP 버터 크루아상","할리스","카페","베이커리","외식(프랜차이즈 등 업체 제공 영양정보) | 빵 및 과자류 | 크로와상",""
"kfind-d220-749000000-0018","코코아_화이트초코 핫(HOT)","할리스","카페","음료","외식(프랜차이즈 등 업체 제공 영양정보) | 음료 및 차류 | 코코아",""
"kfind-d220-749000000-0017","코코아_화이트초코 아이스(ICED)","할리스","카페","음료","외식(프랜차이즈 등 업체 제공 영양정보) | 음료 및 차류 | 코코아",""
"kfind-d220-749000000-0016","코코아_핫초코 핫(HOT)","할리스","카페","음료","외식(프랜차이즈 등 업체 제공 영양정보) | 음료 및 차류 | 코코아",""
"kfind-d220-749000000-0013","코코아_핫초코 아이스(ICED)","할리스","카페","음료","외식(프랜차이즈 등 업체 제공 영양정보) | 음료 및 차류 | 코코아",""
"kfind-d220-749000000-0009","코코아_플러피 판다 핫 초콜릿 핫(HOT) (Grande)","스타벅스","카페","디저트","외식(프랜차이즈 등 업체 제공 영양정보) | 음료 및 차류 | 코코아",""
"kfind-d220-749000000-0008","코코아_플러피 판다 초콜릿 아이스(ICED) (Grande)","스타벅스","카페","디저트","외식(프랜차이즈 등 업체 제공 영양정보) | 음료 및 차류 | 코코아",""
"kfind-d220-749000000-0002","코코아_시그니처 초콜릿 핫(HOT) (Tall)","스타벅스","카페","디저트","외식(프랜차이즈 등 업체 제공 영양정보) | 음료 및 차류 | 코코아",""
"kfind-d220-749000000-0001","코코아_시그니처 초콜릿 아이스(ICED) (Tall)","스타벅스","카페","디저트","외식(프랜차이즈 등 업체 제공 영양정보) | 음료 및 차류 | 코코아",""
"kfind-d202-110000000-0416","케이크_히든하트레드벨벳 케이크","파리바게뜨","베이커리","디저트","외식(프랜차이즈 등 업체 제공 영양정보) | 빵 및 과자류 | 케이크",""
"kfind-d202-110000000-0415","케이크_흑임자 크림 케이크","스타벅스","카페","디저트","외식(프랜차이즈 등 업체 제공 영양정보) | 빵 및 과자류 | 케이크",""
"kfind-d202-110000000-0413","케이크_화이트포레스트생크림 케이크","투썸플레이스","카페","디저트","외식(프랜차이즈 등 업체 제공 영양정보) | 빵 및 과자류 | 케이크",""
"kfind-d202-110000000-0409","케이크_화이트바닐라빈무스 케이크 (조각)","투썸플레이스","카페","디저트","외식(프랜차이즈 등 업체 제공 영양정보) | 빵 및 과자류 | 케이크",""
"kfind-d202-110000000-0402","케이크_호두 당근 케이크","스타벅스","카페","디저트","외식(프랜차이즈 등 업체 제공 영양정보) | 빵 및 과자류 | 케이크",""
"kfind-d202-110000000-0401","케이크_헤이즐넛마스카포네치즈 케이크","투썸플레이스","카페","디저트","외식(프랜차이즈 등 업체 제공 영양정보) | 빵 및 과자류 | 케이크",""
"kfind-d202-110310000-0009","케이크_할리베어 초코홀릭 케이크","할리스","카페","디저트","외식(프랜차이즈 등 업체 제공 영양정보) | 빵 및 과자류 | 케이크 | 초콜릿케이크",""
"kfind-d202-110000000-0398","케이크_한라산 녹차 치즈 바스크 케이크","할리스","카페","디저트","외식(프랜차이즈 등 업체 제공 영양정보) | 빵 및 과자류 | 케이크",""
"kfind-d202-110000000-0609","케이크_핑크 스트로베리머치 라운드 케이크","할리스","카페","디저트","외식(프랜차이즈 등 업체 제공 영양정보) | 빵 및 과자류 | 케이크",""
"kfind-d202-110000000-0397","케이크_필라델피아 치즈 케이크","이디야","카페","디저트","외식(프랜차이즈 등 업체 제공 영양정보) | 빵 및 과자류 | 케이크",""
"kfind-d202-110000000-0396","케이크_피넛 크림 바나나 케이크","스타벅스","카페","디저트","외식(프랜차이즈 등 업체 제공 영양정보) | 빵 및 과자류 | 케이크",""
"kfind-d202-110000000-0608","케이크_플레인 치즈 스틱케이크","이디야","카페","디저트","외식(프랜차이즈 등 업체 제공 영양정보) | 빵 및 과자류 | 케이크",""
"kfind-d202-110000000-0394","케이크_플레인 치즈 스틱 케이크","이디야","카페","디저트","외식(프랜차이즈 등 업체 제공 영양정보) | 빵 및 과자류 | 케이크",""
"kfind-d202-110000000-0546","케이크_플레인 저당 그릭요거트 케이크","파리바게뜨","베이커리","디저트","외식(프랜차이즈 등 업체 제공 영양정보) | 빵 및 과자류 | 케이크",""
"kfind-d202-110000000-0545","케이크_플레인 저당 그릭요거트 컵케이크","파리바게뜨","베이커리","디저트","외식(프랜차이즈 등 업체 제공 영양정보) | 빵 및 과자류 | 케이크",""
"kfind-d202-110000000-0544","케이크_플레인 저당 그릭요거트 미니케이크","파리바게뜨","베이커리","디저트","외식(프랜차이즈 등 업체 제공 영양정보) | 빵 및 과자류 | 케이크",""
"kfind-d202-110000000-0392","케이크_파티팩티라미수 케이크","투썸플레이스","카페","디저트","외식(프랜차이즈 등 업체 제공 영양정보) | 빵 및 과자류 | 케이크",""
"kfind-d202-110000000-0391","케이크_파티팩아이스박스 케이크","투썸플레이스","카페","디저트","외식(프랜차이즈 등 업체 제공 영양정보) | 빵 및 과자류 | 케이크",""
"kfind-d202-110000000-0390","케이크_파티팩스트로베리초콜릿생크림 케이크","투썸플레이스","카페","디저트","외식(프랜차이즈 등 업체 제공 영양정보) | 빵 및 과자류 | 케이크",""
"kfind-d202-110000000-0389","케이크_파티팩블루베리요거트생크림 케이크","투썸플레이스","카페","디저트","외식(프랜차이즈 등 업체 제공 영양정보) | 빵 및 과자류 | 케이크",""
"kfind-d202-110000000-0388","케이크_파티팩딸기레어치즈 케이크","투썸플레이스","카페","디저트","외식(프랜차이즈 등 업체 제공 영양정보) | 빵 및 과자류 | 케이크",""
"kfind-d202-110000000-0387","케이크_파티팩고구마밀크생크림 케이크","투썸플레이스","카페","디저트","외식(프랜차이즈 등 업체 제공 영양정보) | 빵 및 과자류 | 케이크",""
"kfind-d202-110210000-0038","케이크_티아라 딸기 생크림 케이크","할리스","카페","디저트","외식(프랜차이즈 등 업체 제공 영양정보) | 빵 및 과자류 | 케이크 | 생크림케이크",""
"kfind-d202-110000000-0607","케이크_티라미수 케이크 쏘스윗박스 파티팩","할리스","카페","디저트","외식(프랜차이즈 등 업체 제공 영양정보) | 빵 및 과자류 | 케이크",""
"kfind-d202-110000000-0606","케이크_티라미수 케이크 쏘스윗박스","할리스","카페","디저트","외식(프랜차이즈 등 업체 제공 영양정보) | 빵 및 과자류 | 케이크",""
"kfind-d202-110110000-0001","케이크_티라미수 롤 케이크","던킨","베이커리","디저트","외식(프랜차이즈 등 업체 제공 영양정보) | 빵 및 과자류 | 케이크 | 롤케이크",""
"kfind-d202-110000000-0374","케이크_트리플쇼콜라무스 케이크 (조각)","투썸플레이스","카페","디저트","외식(프랜차이즈 등 업체 제공 영양정보) | 빵 및 과자류 | 케이크",""
"kfind-d202-110000000-0375","케이크_트리플쇼콜라무스 케이크","투썸플레이스","카페","디저트","외식(프랜차이즈 등 업체 제공 영양정보) | 빵 및 과자류 | 케이크",""
"kfind-d202-110000000-0372","케이크_트리플베리생크림 케이크 (조각)","투썸플레이스","카페","디저트","외식(프랜차이즈 등 업체 제공 영양정보) | 빵 및 과자류 | 케이크",""
"kfind-d202-110000000-0373","케이크_트리플베리생크림 케이크","투썸플레이스","카페","디저트","외식(프랜차이즈 등 업체 제공 영양정보) | 빵 및 과자류 | 케이크",""
"kfind-d202-110310000-0008","케이크_트리플 초코 케이크","할리스","카페","디저트","외식(프랜차이즈 등 업체 제공 영양정보) | 빵 및 과자류 | 케이크 | 초콜릿케이크",""
"kfind-d202-110000000-0370","케이크_트리플 초코 라운드 케이크","할리스","카페","디저트","외식(프랜차이즈 등 업체 제공 영양정보) | 빵 및 과자류 | 케이크",""
"kfind-d202-110000000-0369","케이크_트리플 베리 치즈 스윗박스 케이크","할리스","카페","디저트","외식(프랜차이즈 등 업체 제공 영양정보) | 빵 및 과자류 | 케이크",""
"kfind-d202-110000000-0601","케이크_트리플 베리 요거트 케이크","할리스","카페","디저트","외식(프랜차이즈 등 업체 제공 영양정보) | 빵 및 과자류 | 케이크",""
"kfind-d202-110000000-0368","케이크_트리플 베리 생크림 케이크","할리스","카페","디저트","외식(프랜차이즈 등 업체 제공 영양정보) | 빵 및 과자류 | 케이크",""
"kfind-d202-110000000-0367","케이크_트리플 베리 생크림 라운드 케이크","할리스","카페","디저트","외식(프랜차이즈 등 업체 제공 영양정보) | 빵 및 과자류 | 케이크",""
"kfind-d202-110000000-0365","케이크_투썸얼그레이밀크티쉬폰 케이크 (조각)","투썸플레이스","카페","디저트","외식(프랜차이즈 등 업체 제공 영양정보) | 빵 및 과자류 | 케이크",""
"kfind-d202-110000000-0366","케이크_투썸얼그레이밀크티쉬폰 케이크","투썸플레이스","카페","디저트","외식(프랜차이즈 등 업체 제공 영양정보) | 빵 및 과자류 | 케이크",""
"kfind-d202-110000000-0363","케이크_클래식가토쇼콜라 케이크 (조각)","투썸플레이스","카페","디저트","외식(프랜차이즈 등 업체 제공 영양정보) | 빵 및 과자류 | 케이크",""
"kfind-d202-110000000-0364","케이크_클래식가토쇼콜라 케이크","투썸플레이스","카페","디저트","외식(프랜차이즈 등 업체 제공 영양정보) | 빵 및 과자류 | 케이크",""
"kfind-d202-110000000-0362","케이크_클래식 치즈 케이크 (조각)","파리바게뜨","베이커리","디저트","외식(프랜차이즈 등 업체 제공 영양정보) | 빵 및 과자류 | 케이크",""
"kfind-d202-110000000-0476","케이크_클래식 고구마 케이크","파리바게뜨","베이커리","디저트","외식(프랜차이즈 등 업체 제공 영양정보) | 빵 및 과자류 | 케이크",""
"kfind-d202-110000000-0361","케이크_클라우드 치즈 케이크","스타벅스","카페","디저트","외식(프랜차이즈 등 업체 제공 영양정보) | 빵 및 과자류 | 케이크",""
"kfind-d202-110000000-0360","케이크_크림치즈 브리오슈 보스톡 케이크","스타벅스","카페","디저트","외식(프랜차이즈 등 업체 제공 영양정보) | 빵 및 과자류 | 케이크",""
"kfind-d202-110000000-0359","케이크_크레이프 에멘탈 치즈 케이크","스타벅스","카페","디저트","외식(프랜차이즈 등 업체 제공 영양정보) | 빵 및 과자류 | 케이크",""
"kfind-d202-110000000-0358","케이크_크런치 쿠키 마스카포네 케이크","스타벅스","카페","디저트","외식(프랜차이즈 등 업체 제공 영양정보) | 빵 및 과자류 | 케이크",""
"kfind-d202-110000000-0355","케이크_퀀즈캐롯 케이크 (조각)","투썸플레이스","카페","디저트","외식(프랜차이즈 등 업체 제공 영양정보) | 빵 및 과자류 | 케이크",""
"kfind-d202-110000000-0356","케이크_퀀즈캐롯 케이크","투썸플레이스","카페","디저트","외식(프랜차이즈 등 업체 제공 영양정보) | 빵 및 과자류 | 케이크",""
"kfind-d202-110000000-0599","케이크_쿠키앤크림 케이크 쏘스윗박스 파티팩","할리스","카페","디저트","외식(프랜차이즈 등 업체 제공 영양정보) | 빵 및 과자류 | 케이크",""
"kfind-d202-110000000-0598","케이크_쿠키앤크림 케이크 쏘스윗박스","할리스","카페","디저트","외식(프랜차이즈 등 업체 제공 영양정보) | 빵 및 과자류 | 케이크",""
"kfind-d202-110000000-0351","케이크_쿠키 앤 크림 스틱 치즈 케이크","공차","음료","디저트","외식(프랜차이즈 등 업체 제공 영양정보) | 빵 및 과자류 | 케이크",""
"kfind-d202-110330000-0002","케이크_촉촉한 클래식 치즈케이크","파리바게뜨","베이커리","디저트","외식(프랜차이즈 등 업체 제공 영양정보) | 빵 및 과자류 | 케이크 | 치즈케이크",""
"kfind-d202-110000000-0324","케이크_초코쉬폰 케이크","투썸플레이스","카페","디저트","외식(프랜차이즈 등 업체 제공 영양정보) | 빵 및 과자류 | 케이크",""
"kfind-d202-110000000-0473","케이크_초코생크림뉴욕롤","파리바게뜨","베이커리","디저트","외식(프랜차이즈 등 업체 제공 영양정보) | 빵 및 과자류 | 케이크",""
"kfind-d202-110000000-0472","케이크_초코반 딸기반","파리바게뜨","베이커리","디저트","외식(프랜차이즈 등 업체 제공 영양정보) | 빵 및 과자류 | 케이크",""
"kfind-d202-110000000-0471","케이크_초코바닐라 마블쉬폰","파리바게뜨","베이커리","디저트","외식(프랜차이즈 등 업체 제공 영양정보) | 빵 및 과자류 | 케이크",""
"kfind-d202-110000000-0590","케이크_초코 티라미수 케이크","이디야","카페","디저트","외식(프랜차이즈 등 업체 제공 영양정보) | 빵 및 과자류 | 케이크",""
"kfind-d202-110000000-0589","케이크_초코 치즈 스틱 케이크","이디야","카페","디저트","외식(프랜차이즈 등 업체 제공 영양정보) | 빵 및 과자류 | 케이크",""
"kfind-d202-110210000-0037","케이크_초코 생크림 케이크","이디야","카페","디저트","외식(프랜차이즈 등 업체 제공 영양정보) | 빵 및 과자류 | 케이크 | 생크림케이크",""
"kfind-d202-110000000-0469","케이크_초코 블라썸 케이크","파리바게뜨","베이커리","디저트","외식(프랜차이즈 등 업체 제공 영양정보) | 빵 및 과자류 | 케이크",""
"kfind-d202-110000000-0312","케이크_청담스타 오 허니 케이크","스타벅스","카페","디저트","외식(프랜차이즈 등 업체 제공 영양정보) | 빵 및 과자류 | 케이크",""
"kfind-d202-110000000-0311","케이크_청담스타 얼 그레이 밀크 케이크","스타벅스","카페","디저트","외식(프랜차이즈 등 업체 제공 영양정보) | 빵 및 과자류 | 케이크",""
"kfind-d202-110000000-0538","케이크_쫀득카카오브라우니","파리바게뜨","베이커리","디저트","외식(프랜차이즈 등 업체 제공 영양정보) | 빵 및 과자류 | 케이크",""
"kfind-d202-110000000-0537","케이크_쫀득제주말차브라우니","파리바게뜨","베이커리","디저트","외식(프랜차이즈 등 업체 제공 영양정보) | 빵 및 과자류 | 케이크",""
"kfind-d202-110000000-0468","케이크_진한크림치즈 가득 클래식 치즈 케이크","파리바게뜨","베이커리","디저트","외식(프랜차이즈 등 업체 제공 영양정보) | 빵 및 과자류 | 케이크",""
"kfind-d202-110000000-0309","케이크_진한초코퍼지 케이크","파리바게뜨","베이커리","디저트","외식(프랜차이즈 등 업체 제공 영양정보) | 빵 및 과자류 | 케이크",""
"kfind-d202-110000000-0306","케이크_진한 마스카포네 티라미스 케이크","할리스","카페","디저트","외식(프랜차이즈 등 업체 제공 영양정보) | 빵 및 과자류 | 케이크",""
"kfind-d202-110000000-0304","케이크_제주 땅콩 생크림 롤케이크","스타벅스","카페","디저트","외식(프랜차이즈 등 업체 제공 영양정보) | 빵 및 과자류 | 케이크",""
"kfind-d202-110000000-0303","케이크_제주 녹차 생크림 롤케이크","스타벅스","카페","디저트","외식(프랜차이즈 등 업체 제공 영양정보) | 빵 및 과자류 | 케이크",""
"kfind-d202-110000000-0535","케이크_저당그릭요거트케이크","파리바게뜨","베이커리","디저트","외식(프랜차이즈 등 업체 제공 영양정보) | 빵 및 과자류 | 케이크",""
"kfind-d202-110000000-0302","케이크_장미요거생크림 케이크 1호","투썸플레이스","카페","디저트","외식(프랜차이즈 등 업체 제공 영양정보) | 빵 및 과자류 | 케이크",""
"kfind-d202-110000000-0300","케이크_이디야 티라미수 케이크","이디야","카페","디저트","외식(프랜차이즈 등 업체 제공 영양정보) | 빵 및 과자류 | 케이크",""
"kfind-d202-110000000-0298","케이크_유메이크미스마일(바닐라초콜릿카라멜무스) 케이크 (조각)","투썸플레이스","카페","디저트","외식(프랜차이즈 등 업체 제공 영양정보) | 빵 및 과자류 | 케이크",""
"kfind-d202-110000000-0297","케이크_유메이크리스마일(바닐라초콜릿카라멜무스) 케이크","투썸플레이스","카페","디저트","외식(프랜차이즈 등 업체 제공 영양정보) | 빵 및 과자류 | 케이크",""
"kfind-d202-110210000-0024","케이크_우유퐁당생크림케이크 2호","파리바게뜨","베이커리","디저트","외식(프랜차이즈 등 업체 제공 영양정보) | 빵 및 과자류 | 케이크 | 생크림케이크",""
"kfind-d202-110210000-0023","케이크_우유퐁당생크림케이크 1호","파리바게뜨","베이커리","디저트","외식(프랜차이즈 등 업체 제공 영양정보) | 빵 및 과자류 | 케이크 | 생크림케이크",""
"kfind-d202-110000000-0296","케이크_우유퐁당생크림 케이크 2호","파리바게뜨","베이커리","디저트","외식(프랜차이즈 등 업체 제공 영양정보) | 빵 및 과자류 | 케이크",""
"kfind-d202-110000000-0295","케이크_우유퐁당생크림 케이크 1호","파리바게뜨","베이커리","디저트","외식(프랜차이즈 등 업체 제공 영양정보) | 빵 및 과자류 | 케이크",""
"kfind-d202-110000000-0294","케이크_우유듬뿍생크림 케이크(선샤인) 6호","파리바게뜨","베이커리","디저트","외식(프랜차이즈 등 업체 제공 영양정보) | 빵 및 과자류 | 케이크",""
"kfind-d202-110000000-0293","케이크_우유듬뿍생크림 케이크(선샤인) 3호","파리바게뜨","베이커리","디저트","외식(프랜차이즈 등 업체 제공 영양정보) | 빵 및 과자류 | 케이크",""
"kfind-d202-110000000-0292","케이크_우유듬뿍생크림 케이크(선샤인) 2호","파리바게뜨","베이커리","디저트","외식(프랜차이즈 등 업체 제공 영양정보) | 빵 및 과자류 | 케이크",""
"kfind-d202-110000000-0291","케이크_우유듬뿍생크림 케이크(선샤인) 1호","파리바게뜨","베이커리","디저트","외식(프랜차이즈 등 업체 제공 영양정보) | 빵 및 과자류 | 케이크",""
"kfind-d202-110000000-0290","케이크_우유듬뿍생크림 케이크(블라썸) 3호","파리바게뜨","베이커리","디저트","외식(프랜차이즈 등 업체 제공 영양정보) | 빵 및 과자류 | 케이크",""
"kfind-d202-110000000-0289","케이크_우유듬뿍생크림 케이크(블라썸) 2호","파리바게뜨","베이커리","디저트","외식(프랜차이즈 등 업체 제공 영양정보) | 빵 및 과자류 | 케이크",""
"kfind-d202-110000000-0288","케이크_우유듬뿍생크림 케이크(블라썸) 1호","파리바게뜨","베이커리","디저트","외식(프랜차이즈 등 업체 제공 영양정보) | 빵 및 과자류 | 케이크",""
"kfind-d202-110210000-0022","케이크_우유가득생크림케이크 2호","파리바게뜨","베이커리","디저트","외식(프랜차이즈 등 업체 제공 영양정보) | 빵 및 과자류 | 케이크 | 생크림케이크",""
"kfind-d202-110210000-0021","케이크_우유가득생크림케이크 1호","파리바게뜨","베이커리","디저트","외식(프랜차이즈 등 업체 제공 영양정보) | 빵 및 과자류 | 케이크 | 생크림케이크",""
"kfind-d202-110000000-0287","케이크_우유가득생크림 케이크 2호","파리바게뜨","베이커리","디저트","외식(프랜차이즈 등 업체 제공 영양정보) | 빵 및 과자류 | 케이크",""
"kfind-d202-110000000-0286","케이크_우유가득생크림 케이크 1호","파리바게뜨","베이커리","디저트","외식(프랜차이즈 등 업체 제공 영양정보) | 빵 및 과자류 | 케이크",""
"kfind-d202-110210000-0020","케이크_우유 생크림케이크딸기 1호 B타입","파리바게뜨","베이커리","디저트","외식(프랜차이즈 등 업체 제공 영양정보) | 빵 및 과자류 | 케이크 | 생크림케이크",""
"kfind-d202-110210000-0019","케이크_우유 생크림케이크딸기 1호 A타입","파리바게뜨","베이커리","디저트","외식(프랜차이즈 등 업체 제공 영양정보) | 빵 및 과자류 | 케이크 | 생크림케이크",""
"kfind-d202-110210000-0035","케이크_우유 생크림 케이크","이디야","카페","디저트","외식(프랜차이즈 등 업체 제공 영양정보) | 빵 및 과자류 | 케이크 | 생크림케이크",""
"kfind-d202-110000000-0284","케이크_우리쌀베리무스 케이크","투썸플레이스","카페","디저트","외식(프랜차이즈 등 업체 제공 영양정보) | 빵 및 과자류 | 케이크",""
"kfind-d202-110000000-0467","케이크_우리쌀 막걸리로 만든 우리 오미자빵","파리바게뜨","베이커리","디저트","외식(프랜차이즈 등 업체 제공 영양정보) | 빵 및 과자류 | 케이크",""
"kfind-d202-110000000-0466","케이크_우리쌀 막걸리로 만든 강낭콩참쑥빵","파리바게뜨","베이커리","디저트","외식(프랜차이즈 등 업체 제공 영양정보) | 빵 및 과자류 | 케이크",""
"kfind-d202-110000000-0283","케이크_우리당근 케이크 (미니)","파리바게뜨","베이커리","디저트","외식(프랜차이즈 등 업체 제공 영양정보) | 빵 및 과자류 | 케이크",""
"kfind-d202-110000000-0281","케이크_요거하트 케이크","투썸플레이스","카페","디저트","외식(프랜차이즈 등 업체 제공 영양정보) | 빵 및 과자류 | 케이크",""
"kfind-d202-110000000-0280","케이크_요거생크림 케이크 3호","투썸플레이스","카페","디저트","외식(프랜차이즈 등 업체 제공 영양정보) | 빵 및 과자류 | 케이크",""
"kfind-d202-110000000-0279","케이크_요거생크림 케이크 2호","투썸플레이스","카페","디저트","외식(프랜차이즈 등 업체 제공 영양정보) | 빵 및 과자류 | 케이크",""
"kfind-d202-110000000-0278","케이크_요거생크림 케이크 1호","투썸플레이스","카페","디저트","외식(프랜차이즈 등 업체 제공 영양정보) | 빵 및 과자류 | 케이크",""
"kfind-d202-110000000-0273","케이크_오렌지쇼콜라파운드 케이크","투썸플레이스","카페","디저트","외식(프랜차이즈 등 업체 제공 영양정보) | 빵 및 과자류 | 케이크",""
"kfind-d202-110000000-0264","케이크_얼그레이 쉬폰 케이크","할리스","카페","디저트","외식(프랜차이즈 등 업체 제공 영양정보) | 빵 및 과자류 | 케이크",""
"kfind-d202-110210000-0018","케이크_시그니처 생딸기 우유생크림케이크","파리바게뜨","베이커리","디저트","외식(프랜차이즈 등 업체 제공 영양정보) | 빵 및 과자류 | 케이크 | 생크림케이크",""
"kfind-d202-110000000-0254","케이크_스틱 치즈 케이크","공차","음료","디저트","외식(프랜차이즈 등 업체 제공 영양정보) | 빵 및 과자류 | 케이크",""
"kfind-d202-110000000-0252","케이크_스트로베리초콜릿생크림 케이크","투썸플레이스","카페","디저트","외식(프랜차이즈 등 업체 제공 영양정보) | 빵 및 과자류 | 케이크",""
"kfind-d202-110000000-0247","케이크_스트로베리서프라이즈 케이크","파리바게뜨","베이커리","디저트","외식(프랜차이즈 등 업체 제공 영양정보) | 빵 및 과자류 | 케이크",""
"kfind-d202-110000000-0528","케이크_스트로베리 서프라이즈 케이크","파리바게뜨","베이커리","디저트","외식(프랜차이즈 등 업체 제공 영양정보) | 빵 및 과자류 | 케이크",""
"kfind-d202-110000000-0460","케이크_스트로베리 굿굿 생크림","파리바게뜨","베이커리","디저트","외식(프랜차이즈 등 업체 제공 영양정보) | 빵 및 과자류 | 케이크",""
"kfind-d202-110000000-0242","케이크_스노우화이트치즈 케이크","파리바게뜨","베이커리","디저트","외식(프랜차이즈 등 업체 제공 영양정보) | 빵 및 과자류 | 케이크",""
"kfind-d202-110000000-0241","케이크_슈크림 가득 바움쿠헨 케이크","스타벅스","카페","디저트","외식(프랜차이즈 등 업체 제공 영양정보) | 빵 및 과자류 | 케이크",""
"kfind-d202-110000000-0576","케이크_수플레 치즈 케이크","이디야","카페","디저트","외식(프랜차이즈 등 업체 제공 영양정보) | 빵 및 과자류 | 케이크",""
"kfind-d202-110000000-0216","케이크_세븐컬러스 조각 케이크","파리바게뜨","베이커리","디저트","외식(프랜차이즈 등 업체 제공 영양정보) | 빵 및 과자류 | 케이크",""
"kfind-d202-110000000-0214","케이크_세븐 레이어 가나슈 케이크 (조각)","스타벅스","카페","디저트","외식(프랜차이즈 등 업체 제공 영양정보) | 빵 및 과자류 | 케이크",""
"kfind-d202-110000000-0215","케이크_세븐 레이어 가나슈 케이크","스타벅스","카페","디저트","외식(프랜차이즈 등 업체 제공 영양정보) | 빵 및 과자류 | 케이크",""
"kfind-d202-110000000-0574","케이크_설향 딸기 미니 케이크","할리스","카페","디저트","외식(프랜차이즈 등 업체 제공 영양정보) | 빵 및 과자류 | 케이크",""
"kfind-d202-110000000-0201","케이크_생크림소프트쉬폰 케이크","투썸플레이스","카페","디저트","외식(프랜차이즈 등 업체 제공 영양정보) | 빵 및 과자류 | 케이크",""
"kfind-d202-110000000-0200","케이크_생크림바스크치즈 케이크","투썸플레이스","카페","디저트","외식(프랜차이즈 등 업체 제공 영양정보) | 빵 및 과자류 | 케이크",""
"kfind-d202-110000000-0197","케이크_생딸기치즈 케이크","파리바게뜨","베이커리","디저트","외식(프랜차이즈 등 업체 제공 영양정보) | 빵 및 과자류 | 케이크",""
"kfind-d202-110000000-0196","케이크_생딸기요거트 케이크","파리바게뜨","베이커리","디저트","외식(프랜차이즈 등 업체 제공 영양정보) | 빵 및 과자류 | 케이크",""
"kfind-d202-110000000-0454","케이크_생딸기 프레지에","파리바게뜨","베이커리","디저트","외식(프랜차이즈 등 업체 제공 영양정보) | 빵 및 과자류 | 케이크",""
"kfind-d202-110000000-0453","케이크_생딸기 레어치즈 타르트 (조각)","파리바게뜨","베이커리","디저트","외식(프랜차이즈 등 업체 제공 영양정보) | 빵 및 과자류 | 케이크",""
"kfind-d202-110000000-0194","케이크_새코롬 돌코롬 한라봉 케이크","스타벅스","카페","디저트","외식(프랜차이즈 등 업체 제공 영양정보) | 빵 및 과자류 | 케이크",""
"kfind-d202-110000000-0452","케이크_상큼한 블루베리쉬폰","파리바게뜨","베이커리","디저트","외식(프랜차이즈 등 업체 제공 영양정보) | 빵 및 과자류 | 케이크",""
"kfind-d202-110000000-0450","케이크_사르르 연유수플레","파리바게뜨","베이커리","디저트","외식(프랜차이즈 등 업체 제공 영양정보) | 빵 및 과자류 | 케이크",""
"kfind-d202-110000000-0188","케이크_블루베리요거트 케이크","파리바게뜨","베이커리","디저트","외식(프랜차이즈 등 업체 제공 영양정보) | 빵 및 과자류 | 케이크",""
"kfind-d202-110000000-0186","케이크_블루베리쉬폰 케이크","투썸플레이스","카페","디저트","외식(프랜차이즈 등 업체 제공 영양정보) | 빵 및 과자류 | 케이크",""
"kfind-d202-110000000-0183","케이크_블루베리 크림치즈 케이크","이디야","카페","디저트","외식(프랜차이즈 등 업체 제공 영양정보) | 빵 및 과자류 | 케이크",""
"kfind-d202-110000000-0180","케이크_블루베리 쿠키 치즈 케이크 (조각)","스타벅스","카페","디저트","외식(프랜차이즈 등 업체 제공 영양정보) | 빵 및 과자류 | 케이크",""
"kfind-d202-110000000-0181","케이크_블루베리 쿠키 치즈 케이크","스타벅스","카페","디저트","외식(프랜차이즈 등 업체 제공 영양정보) | 빵 및 과자류 | 케이크",""
"kfind-d202-110000000-0179","케이크_블루베리 치즈 스틱 케이크","이디야","카페","디저트","외식(프랜차이즈 등 업체 제공 영양정보) | 빵 및 과자류 | 케이크",""
"kfind-d202-110000000-0520","케이크_블루베리 요거트 케이크(조각)","파리바게뜨","베이커리","디저트","외식(프랜차이즈 등 업체 제공 영양정보) | 빵 및 과자류 | 케이크",""
"kfind-d202-110000000-0176","케이크_블레싱초코베리 케이크","파리바게뜨","베이커리","디저트","외식(프랜차이즈 등 업체 제공 영양정보) | 빵 및 과자류 | 케이크",""
"kfind-d202-110000000-0175","케이크_블레싱레드베리 케이크","파리바게뜨","베이커리","디저트","외식(프랜차이즈 등 업체 제공 영양정보) | 빵 및 과자류 | 케이크",""
"kfind-d202-110000000-0448","케이크_블레싱레드베리 (4단)","파리바게뜨","베이커리","디저트","외식(프랜차이즈 등 업체 제공 영양정보) | 빵 및 과자류 | 케이크",""
"kfind-d202-110000000-0174","케이크_블레싱 초코베리 미니 케이크","파리바게뜨","베이커리","디저트","외식(프랜차이즈 등 업체 제공 영양정보) | 빵 및 과자류 | 케이크",""
"kfind-d202-110000000-0173","케이크_블레싱 레드베리 미니 케이크","파리바게뜨","베이커리","디저트","외식(프랜차이즈 등 업체 제공 영양정보) | 빵 및 과자류 | 케이크",""
"kfind-d202-110000000-0172","케이크_블랙포레스트 케이크 (조각)","파리바게뜨","베이커리","디저트","외식(프랜차이즈 등 업체 제공 영양정보) | 빵 및 과자류 | 케이크",""
"kfind-d202-110000000-0167","케이크_블라썸그릭요거트무스 케이크","투썸플레이스","카페","디저트","외식(프랜차이즈 등 업체 제공 영양정보) | 빵 및 과자류 | 케이크",""
"kfind-d202-110310000-0002","케이크_부드러운초코가나슈케이크","파리바게뜨","베이커리","디저트","외식(프랜차이즈 등 업체 제공 영양정보) | 빵 및 과자류 | 케이크 | 초콜릿케이크",""
"kfind-d202-110000000-0162","케이크_부드러운 티라미수 롤케이크","스타벅스","카페","디저트","외식(프랜차이즈 등 업체 제공 영양정보) | 빵 및 과자류 | 케이크",""
"kfind-d202-110000000-0161","케이크_부드러운 쿠키 앤 크림 케이크","할리스","카페","디저트","외식(프랜차이즈 등 업체 제공 영양정보) | 빵 및 과자류 | 케이크",""
"kfind-d202-110000000-0445","케이크_보랏빛 블루베리 쉬폰","파리바게뜨","베이커리","디저트","외식(프랜차이즈 등 업체 제공 영양정보) | 빵 및 과자류 | 케이크",""
"kfind-d202-110000000-0157","케이크_벨지안멜팅가니슈 케이크","투썸플레이스","카페","디저트","외식(프랜차이즈 등 업체 제공 영양정보) | 빵 및 과자류 | 케이크",""
"kfind-d202-110000000-0156","케이크_벨지안가나슈 케이크 (조각)","투썸플레이스","카페","디저트","외식(프랜차이즈 등 업체 제공 영양정보) | 빵 및 과자류 | 케이크",""
"kfind-d202-110000000-0154","케이크_베리치즈브라우니","투썸플레이스","카페","디저트","외식(프랜차이즈 등 업체 제공 영양정보) | 빵 및 과자류 | 케이크",""
"kfind-d202-110000000-0571","케이크_베리베리 딸기 요거트 케이크","할리스","카페","디저트","외식(프랜차이즈 등 업체 제공 영양정보) | 빵 및 과자류 | 케이크",""
"kfind-d202-110000000-0152","케이크_번트 치즈 케이크","스타벅스","카페","디저트","외식(프랜차이즈 등 업체 제공 영양정보) | 빵 및 과자류 | 케이크",""
"kfind-d202-110000000-0150","케이크_백년초콜릿 크런치 케이크","스타벅스","카페","디저트","외식(프랜차이즈 등 업체 제공 영양정보) | 빵 및 과자류 | 케이크",""
"kfind-d202-110210000-0007","케이크_반)고구마반생크림반케이크","파리바게뜨","베이커리","디저트","외식(프랜차이즈 등 업체 제공 영양정보) | 빵 및 과자류 | 케이크 | 생크림케이크",""
"kfind-d202-110000000-0515","케이크_바스크 치즈 케이크","던킨","베이커리","디저트","외식(프랜차이즈 등 업체 제공 영양정보) | 빵 및 과자류 | 케이크",""
"kfind-d202-110000000-0443","케이크_바스크 치즈 케이크","파리바게뜨","베이커리","디저트","외식(프랜차이즈 등 업체 제공 영양정보) | 빵 및 과자류 | 케이크",""
"kfind-d202-110000000-0146","케이크_밀키프로마쥬무스 케이크 체리","투썸플레이스","카페","디저트","외식(프랜차이즈 등 업체 제공 영양정보) | 빵 및 과자류 | 케이크",""
"kfind-d202-110000000-0145","케이크_밀키프로마쥬무스 케이크 청포도","투썸플레이스","카페","디저트","외식(프랜차이즈 등 업체 제공 영양정보) | 빵 및 과자류 | 케이크",""
"kfind-d202-110000000-0144","케이크_밀키프로마쥬무스 케이크 믹스드베리","투썸플레이스","카페","디저트","외식(프랜차이즈 등 업체 제공 영양정보) | 빵 및 과자류 | 케이크",""
"kfind-d202-110000000-0143","케이크_밀키프로마쥬무스 케이크 딸기","투썸플레이스","카페","디저트","외식(프랜차이즈 등 업체 제공 영양정보) | 빵 및 과자류 | 케이크",""
"kfind-d202-110000000-0142","케이크_밀키프로마쥬무스 딸기 케이크 (조각)","투썸플레이스","카페","디저트","외식(프랜차이즈 등 업체 제공 영양정보) | 빵 및 과자류 | 케이크",""
"kfind-d202-110000000-0139","케이크_밀크생크림초콜릿수플레 케이크 (조각)","투썸플레이스","카페","디저트","외식(프랜차이즈 등 업체 제공 영양정보) | 빵 및 과자류 | 케이크",""
"kfind-d202-110000000-0140","케이크_밀크생크림초콜릿수플레 케이크","투썸플레이스","카페","디저트","외식(프랜차이즈 등 업체 제공 영양정보) | 빵 및 과자류 | 케이크",""
"kfind-d202-110000000-0133","케이크_믹스드베리초콜릿생크림 케이크","투썸플레이스","카페","디저트","외식(프랜차이즈 등 업체 제공 영양정보) | 빵 및 과자류 | 케이크",""
"kfind-d202-110000000-0125","케이크_모어댄쿠키앤크림 케이크 1호","투썸플레이스","카페","디저트","외식(프랜차이즈 등 업체 제공 영양정보) | 빵 및 과자류 | 케이크",""
"kfind-d202-110000000-0124","케이크_멘지락 쑥팥 생크림 케이크","스타벅스","카페","디저트","외식(프랜차이즈 등 업체 제공 영양정보) | 빵 및 과자류 | 케이크",""
"kfind-d202-110000000-0439","케이크_망고 크레이프 볼","파리바게뜨","베이커리","디저트","외식(프랜차이즈 등 업체 제공 영양정보) | 빵 및 과자류 | 케이크",""
"kfind-d202-110000000-0119","케이크_말렌카 케이크 코코아","공차","음료","디저트","외식(프랜차이즈 등 업체 제공 영양정보) | 빵 및 과자류 | 케이크",""
"kfind-d202-110000000-0118","케이크_말렌카 케이크 월넛","공차","음료","디저트","외식(프랜차이즈 등 업체 제공 영양정보) | 빵 및 과자류 | 케이크",""
"kfind-d202-110000000-0116","케이크_마이투썸하트 케이크","투썸플레이스","카페","디저트","외식(프랜차이즈 등 업체 제공 영양정보) | 빵 및 과자류 | 케이크",""
"kfind-d202-110000000-0438","케이크_마이넘버원","파리바게뜨","베이커리","디저트","외식(프랜차이즈 등 업체 제공 영양정보) | 빵 및 과자류 | 케이크",""
"kfind-d202-110000000-0115","케이크_마스카포네티라미수 케이크","투썸플레이스","카페","디저트","외식(프랜차이즈 등 업체 제공 영양정보) | 빵 및 과자류 | 케이크",""
"kfind-d202-110000000-0114","케이크_마스카포네생크림 케이크 자몽/오렌지","투썸플레이스","카페","디저트","외식(프랜차이즈 등 업체 제공 영양정보) | 빵 및 과자류 | 케이크",""
"kfind-d202-110000000-0113","케이크_마스카포네 티라미수 케이크","이디야","카페","디저트","외식(프랜차이즈 등 업체 제공 영양정보) | 빵 및 과자류 | 케이크",""
"kfind-d202-110000000-0111","케이크_마스카포네 티라미수 케이크","스타벅스","카페","디저트","외식(프랜차이즈 등 업체 제공 영양정보) | 빵 및 과자류 | 케이크",""
"kfind-d202-110000000-0436","케이크_마스카포네 티라미수","파리바게뜨","베이커리","디저트","외식(프랜차이즈 등 업체 제공 영양정보) | 빵 및 과자류 | 케이크",""
"kfind-d202-110000000-0110","케이크_마스카포네 생크림 믹스드베리 케이크","투썸플레이스","카페","디저트","외식(프랜차이즈 등 업체 제공 영양정보) | 빵 및 과자류 | 케이크",""
"kfind-d202-110000000-0109","케이크_리치 가나슈 케이크","스타벅스","카페","디저트","외식(프랜차이즈 등 업체 제공 영양정보) | 빵 및 과자류 | 케이크",""
"kfind-d202-110000000-0108","케이크_리얼생크림 케이크 2호","투썸플레이스","카페","디저트","외식(프랜차이즈 등 업체 제공 영양정보) | 빵 및 과자류 | 케이크",""
"kfind-d202-110000000-0100","케이크_레몬 슈가 파운드 케이크","공차","음료","디저트","외식(프랜차이즈 등 업체 제공 영양정보) | 빵 및 과자류 | 케이크",""
"kfind-d202-110000000-0099","케이크_레몬 마스카포네 케이크","이디야","카페","디저트","외식(프랜차이즈 등 업체 제공 영양정보) | 빵 및 과자류 | 케이크",""
"kfind-d202-110000000-0090","케이크_레드벨벳 크림치즈 케이크","스타벅스","카페","디저트","외식(프랜차이즈 등 업체 제공 영양정보) | 빵 및 과자류 | 케이크",""
"kfind-d202-110000000-0091","케이크_레드벨벳 케이크 (조각)","투썸플레이스","카페","디저트","외식(프랜차이즈 등 업체 제공 영양정보) | 빵 및 과자류 | 케이크",""
"kfind-d202-110000000-0097","케이크_레드벨벳 케이크","투썸플레이스","카페","디저트","외식(프랜차이즈 등 업체 제공 영양정보) | 빵 및 과자류 | 케이크",""
"kfind-d202-110000000-0088","케이크_라즈베리 쇼콜라 케이크","스타벅스","카페","디저트","외식(프랜차이즈 등 업체 제공 영양정보) | 빵 및 과자류 | 케이크",""
"kfind-d202-110000000-0086","케이크_떠먹는티라미수 케이크","투썸플레이스","카페","디저트","외식(프랜차이즈 등 업체 제공 영양정보) | 빵 및 과자류 | 케이크",""
"kfind-d202-110000000-0084","케이크_떠먹는아이스박스 케이크","투썸플레이스","카페","디저트","외식(프랜차이즈 등 업체 제공 영양정보) | 빵 및 과자류 | 케이크",""
"kfind-d202-110000000-0083","케이크_떠먹는스트로베리초콜릿생크림 케이크","투썸플레이스","카페","디저트","외식(프랜차이즈 등 업체 제공 영양정보) | 빵 및 과자류 | 케이크",""
"kfind-d202-110000000-0082","케이크_떠먹는블루베리요거트생크림 케이크","투썸플레이스","카페","디저트","외식(프랜차이즈 등 업체 제공 영양정보) | 빵 및 과자류 | 케이크",""
"kfind-d202-110000000-0081","케이크_떠먹는딸기레어치즈 케이크","투썸플레이스","카페","디저트","외식(프랜차이즈 등 업체 제공 영양정보) | 빵 및 과자류 | 케이크",""
"kfind-d202-110000000-0080","케이크_떠먹는고구마밀크생크림 케이크","투썸플레이스","카페","디저트","외식(프랜차이즈 등 업체 제공 영양정보) | 빵 및 과자류 | 케이크",""
"kfind-d202-110000000-0078","케이크_떠먹는 티라미수 케이크","이디야","카페","디저트","외식(프랜차이즈 등 업체 제공 영양정보) | 빵 및 과자류 | 케이크",""
"kfind-d202-110000000-0559","케이크_떠먹는 티라미수","이디야","카페","디저트","외식(프랜차이즈 등 업체 제공 영양정보) | 빵 및 과자류 | 케이크",""
"kfind-d202-110000000-0506","케이크_떠먹는 제로 티라미수","던킨","베이커리","디저트","외식(프랜차이즈 등 업체 제공 영양정보) | 빵 및 과자류 | 케이크",""
"kfind-d202-110000000-0070","케이크_딸기우유생크림 케이크 (조각)","파리바게뜨","베이커리","디저트","외식(프랜차이즈 등 업체 제공 영양정보) | 빵 및 과자류 | 케이크",""
"kfind-d202-110000000-0068","케이크_딸기요거생크림 케이크 (조각)","투썸플레이스","카페","디저트","외식(프랜차이즈 등 업체 제공 영양정보) | 빵 및 과자류 | 케이크",""
"kfind-d202-110000000-0069","케이크_딸기요거생크림 케이크","투썸플레이스","카페","디저트","외식(프랜차이즈 등 업체 제공 영양정보) | 빵 및 과자류 | 케이크",""
"kfind-d202-110000000-0065","케이크_딸기생크림 케이크 2호","투썸플레이스","카페","디저트","외식(프랜차이즈 등 업체 제공 영양정보) | 빵 및 과자류 | 케이크",""
"kfind-d202-110000000-0064","케이크_딸기생크림 케이크 1호","투썸플레이스","카페","디저트","외식(프랜차이즈 등 업체 제공 영양정보) | 빵 및 과자류 | 케이크",""
"kfind-d202-110000000-0063","케이크_딸기생크림 케이크 (조각)","투썸플레이스","카페","디저트","외식(프랜차이즈 등 업체 제공 영양정보) | 빵 및 과자류 | 케이크",""
"kfind-d202-110000000-0558","케이크_딸기는 파티 중","할리스","카페","디저트","외식(프랜차이즈 등 업체 제공 영양정보) | 빵 및 과자류 | 케이크",""
"kfind-d202-110000000-0061","케이크_딸기&치즈 케이크 (조각)","파리바게뜨","베이커리","디저트","외식(프랜차이즈 등 업체 제공 영양정보) | 빵 및 과자류 | 케이크",""
"kfind-d202-110000000-0556","케이크_딸기 쿠키앤크림 크레이프","할리스","카페","디저트","외식(프랜차이즈 등 업체 제공 영양정보) | 빵 및 과자류 | 케이크",""
"kfind-d202-110330000-0005","케이크_딸기 치즈케이크 쏘스윗박스","할리스","카페","디저트","외식(프랜차이즈 등 업체 제공 영양정보) | 빵 및 과자류 | 케이크 | 치즈케이크",""
"kfind-d202-110210000-0001","케이크_딸기 생크림 케이크","파리바게뜨","베이커리","디저트","외식(프랜차이즈 등 업체 제공 영양정보) | 빵 및 과자류 | 케이크 | 생크림케이크",""
"kfind-d202-110000000-0425","케이크_딸기 블라썸 케이크","파리바게뜨","베이커리","디저트","외식(프랜차이즈 등 업체 제공 영양정보) | 빵 및 과자류 | 케이크",""
"kfind-d202-110000000-0059","케이크_듬뿍생딸기생크림 케이크 (15CM)","파리바게뜨","베이커리","디저트","외식(프랜차이즈 등 업체 제공 영양정보) | 빵 및 과자류 | 케이크",""
"kfind-d202-110000000-0058","케이크_듬뿍생딸기생크림 케이크 (12CM)","파리바게뜨","베이커리","디저트","외식(프랜차이즈 등 업체 제공 영양정보) | 빵 및 과자류 | 케이크",""
"kfind-d202-110310000-0004","케이크_데블스 초코 케이크","이디야","카페","디저트","외식(프랜차이즈 등 업체 제공 영양정보) | 빵 및 과자류 | 케이크 | 초콜릿케이크",""
"kfind-d202-110000000-0054","케이크_더스퀘어 순수(秀)우유 케이크","파리바게뜨","베이커리","디저트","외식(프랜차이즈 등 업체 제공 영양정보) | 빵 및 과자류 | 케이크",""
"kfind-d202-110000000-0053","케이크_더스퀘어 라떼아트 케이크","파리바게뜨","베이커리","디저트","외식(프랜차이즈 등 업체 제공 영양정보) | 빵 및 과자류 | 케이크",""
"kfind-d202-110000000-0052","케이크_더스퀘어 딸기초코생크림 케이크","파리바게뜨","베이커리","디저트","외식(프랜차이즈 등 업체 제공 영양정보) | 빵 및 과자류 | 케이크",""
"kfind-d202-110000000-0051","케이크_더스퀘어 딸기우유생크림 케이크","파리바게뜨","베이커리","디저트","외식(프랜차이즈 등 업체 제공 영양정보) | 빵 및 과자류 | 케이크",""
"kfind-d202-110000000-0050","케이크_더스퀘어 딸기요거트 케이크","파리바게뜨","베이커리","디저트","외식(프랜차이즈 등 업체 제공 영양정보) | 빵 및 과자류 | 케이크",""
"kfind-d202-110000000-0049","케이크_더스퀘어 고구마 케이크","파리바게뜨","베이커리","디저트","외식(프랜차이즈 등 업체 제공 영양정보) | 빵 및 과자류 | 케이크",""
"kfind-d202-110000000-0047","케이크_더블치즈 케이크","이디야","카페","디저트","외식(프랜차이즈 등 업체 제공 영양정보) | 빵 및 과자류 | 케이크",""
"kfind-d202-110000000-0046","케이크_더블베리숲 치즈 케이크","할리스","카페","디저트","외식(프랜차이즈 등 업체 제공 영양정보) | 빵 및 과자류 | 케이크",""
"kfind-d202-110000000-0042","케이크_당근 현무암 케이크","스타벅스","카페","디저트","외식(프랜차이즈 등 업체 제공 영양정보) | 빵 및 과자류 | 케이크",""
"kfind-d202-110000000-0038","케이크_달콤 부드러운 호박고구마 케이크","파리바게뜨","베이커리","디저트","외식(프랜차이즈 등 업체 제공 영양정보) | 빵 및 과자류 | 케이크",""
"kfind-d202-110000000-0037","케이크_다크피칸브라우니","투썸플레이스","카페","디저트","외식(프랜차이즈 등 업체 제공 영양정보) | 빵 및 과자류 | 케이크",""
"kfind-d202-110000000-0031","케이크_뉴욕치즈 케이크 케이크 (조각)","투썸플레이스","카페","디저트","외식(프랜차이즈 등 업체 제공 영양정보) | 빵 및 과자류 | 케이크",""
"kfind-d202-110000000-0032","케이크_뉴욕치즈 케이크","투썸플레이스","카페","디저트","외식(프랜차이즈 등 업체 제공 영양정보) | 빵 및 과자류 | 케이크",""
"kfind-d202-110000000-0553","케이크_뉴욕 치즈 케이크","할리스","카페","디저트","외식(프랜차이즈 등 업체 제공 영양정보) | 빵 및 과자류 | 케이크",""
"kfind-d202-110000000-0023","케이크_너트 브라우니","공차","음료","디저트","외식(프랜차이즈 등 업체 제공 영양정보) | 빵 및 과자류 | 케이크",""
"kfind-d202-110000000-0419","케이크_꿀고구마 생크림 케이크","파리바게뜨","베이커리","디저트","외식(프랜차이즈 등 업체 제공 영양정보) | 빵 및 과자류 | 케이크",""
"kfind-d202-110000000-0417","케이크_기분이 초코 생크림","파리바게뜨","베이커리","디저트","외식(프랜차이즈 등 업체 제공 영양정보) | 빵 및 과자류 | 케이크",""
"kfind-d202-110000000-0018","케이크_그뤼에르치즈무스 케이크","투썸플레이스","카페","디저트","외식(프랜차이즈 등 업체 제공 영양정보) | 빵 및 과자류 | 케이크",""
"kfind-d202-110000000-0016","케이크_곰곰이너만생각해 케이크","파리바게뜨","베이커리","디저트","외식(프랜차이즈 등 업체 제공 영양정보) | 빵 및 과자류 | 케이크",""
"kfind-d202-110000000-0011","케이크_고구마반생크림반 케이크","파리바게뜨","베이커리","디저트","외식(프랜차이즈 등 업체 제공 영양정보) | 빵 및 과자류 | 케이크",""
"kfind-d202-110000000-0010","케이크_고구마밀크생크림 케이크","투썸플레이스","카페","디저트","외식(프랜차이즈 등 업체 제공 영양정보) | 빵 및 과자류 | 케이크",""
"kfind-d202-110000000-0008","케이크_고구마건포도롤 케이크","파리바게뜨","베이커리","디저트","외식(프랜차이즈 등 업체 제공 영양정보) | 빵 및 과자류 | 케이크",""
"kfind-d202-110000000-0006","케이크_가나슈초콜릿 케이크 (조각)","파리바게뜨","베이커리","디저트","외식(프랜차이즈 등 업체 제공 영양정보) | 빵 및 과자류 | 케이크",""
"kfind-d202-110000000-0004","케이크_The 촉촉 초콜릿 생크 림케이크","스타벅스","카페","디저트","외식(프랜차이즈 등 업체 제공 영양정보) | 빵 및 과자류 | 케이크",""
"kfind-d202-110000000-0005","케이크_TWG밀크티파운드 케이크","투썸플레이스","카페","디저트","외식(프랜차이즈 등 업체 제공 영양정보) | 빵 및 과자류 | 케이크",""
"kfind-d220-748000000-0686","커피_흑임자카페 라떼 핫(HOT) (R)","투썸플레이스","카페","카페","외식(프랜차이즈 등 업체 제공 영양정보) | 음료 및 차류 | 커피",""
"kfind-d220-748000000-0685","커피_흑임자카페 라떼 핫(HOT) (L)","투썸플레이스","카페","카페","외식(프랜차이즈 등 업체 제공 영양정보) | 음료 및 차류 | 커피",""
"kfind-d220-748000000-0684","커피_흑임자카페 라떼 아이스(ICED) (R)","투썸플레이스","카페","카페","외식(프랜차이즈 등 업체 제공 영양정보) | 음료 및 차류 | 커피",""
"kfind-d220-748000000-0683","커피_흑임자카페 라떼 아이스(ICED) (Max)","투썸플레이스","카페","카페","외식(프랜차이즈 등 업체 제공 영양정보) | 음료 및 차류 | 커피",""
"kfind-d220-748000000-0682","커피_흑임자카페 라떼 아이스(ICED) (L)","투썸플레이스","카페","카페","외식(프랜차이즈 등 업체 제공 영양정보) | 음료 및 차류 | 커피",""
"kfind-d220-748000000-0680","커피_흑당콜드브루 (EX)","이디야","카페","카페","외식(프랜차이즈 등 업체 제공 영양정보) | 음료 및 차류 | 커피",""
"kfind-d220-748000000-0681","커피_흑당콜드브루","이디야","카페","카페","외식(프랜차이즈 등 업체 제공 영양정보) | 음료 및 차류 | 커피",""
"kfind-d220-748000000-1692","커피_흑당 콜드브루 (EX)","이디야","카페","카페","외식(프랜차이즈 등 업체 제공 영양정보) | 음료 및 차류 | 커피",""
"kfind-d220-748000000-1691","커피_흑당 콜드브루","이디야","카페","카페","외식(프랜차이즈 등 업체 제공 영양정보) | 음료 및 차류 | 커피",""
"kfind-d220-748110000-0003","커피_흑당 카페라떼 아이스(ICED)","컴포즈커피","카페","카페","외식(프랜차이즈 등 업체 제공 영양정보) | 음료 및 차류 | 커피 | 카페라떼",""
"kfind-d220-748000000-0675","커피_화이트 초콜릿 모카 핫(HOT) (Tall)","스타벅스","카페","디저트","외식(프랜차이즈 등 업체 제공 영양정보) | 음료 및 차류 | 커피",""
"kfind-d220-748000000-1686","커피_화이트 초콜릿 모카 핫(HOT) (L)","이디야","카페","디저트","외식(프랜차이즈 등 업체 제공 영양정보) | 음료 및 차류 | 커피",""
"kfind-d220-748000000-1685","커피_화이트 초콜릿 모카 핫(HOT) (EX)","이디야","카페","디저트","외식(프랜차이즈 등 업체 제공 영양정보) | 음료 및 차류 | 커피",""
"kfind-d220-748000000-0674","커피_화이트 초콜릿 모카 아이스(ICED) (Tall)","스타벅스","카페","디저트","외식(프랜차이즈 등 업체 제공 영양정보) | 음료 및 차류 | 커피",""
"kfind-d220-748000000-1684","커피_화이트 초콜릿 모카 아이스(ICED) (L)","이디야","카페","디저트","외식(프랜차이즈 등 업체 제공 영양정보) | 음료 및 차류 | 커피",""
"kfind-d220-748000000-1683","커피_화이트 초콜릿 모카 아이스(ICED) (EX)","이디야","카페","디저트","외식(프랜차이즈 등 업체 제공 영양정보) | 음료 및 차류 | 커피",""
"kfind-d220-748000000-0672","커피_화이트 초콜렛 모카 핫(HOT) (EX)","이디야","카페","카페","외식(프랜차이즈 등 업체 제공 영양정보) | 음료 및 차류 | 커피",""
"kfind-d220-748000000-0673","커피_화이트 초콜렛 모카 핫(HOT)","이디야","카페","카페","외식(프랜차이즈 등 업체 제공 영양정보) | 음료 및 차류 | 커피",""
"kfind-d220-748000000-0670","커피_화이트 초콜렛 모카 아이스(ICED) (EX)","이디야","카페","카페","외식(프랜차이즈 등 업체 제공 영양정보) | 음료 및 차류 | 커피",""
"kfind-d220-748000000-0671","커피_화이트 초콜렛 모카 아이스(ICED)","이디야","카페","카페","외식(프랜차이즈 등 업체 제공 영양정보) | 음료 및 차류 | 커피",""
"kfind-d220-748000000-1192","커피_헤이즐넛라떼 핫(HOT)","컴포즈커피","카페","카페","외식(프랜차이즈 등 업체 제공 영양정보) | 음료 및 차류 | 커피",""
"kfind-d220-748000000-1191","커피_헤이즐넛라떼 아이스(ICED)","컴포즈커피","카페","카페","외식(프랜차이즈 등 업체 제공 영양정보) | 음료 및 차류 | 커피",""
"kfind-d220-748000000-0659","커피_헤이즐넛 스타벅스 더블 샷","스타벅스","카페","카페","외식(프랜차이즈 등 업체 제공 영양정보) | 음료 및 차류 | 커피",""
"kfind-d220-748000000-0649","커피_프리미엄 블렌드 아메리카노 핫(HOT)","할리스","카페","카페","외식(프랜차이즈 등 업체 제공 영양정보) | 음료 및 차류 | 커피",""
"kfind-d220-748000000-0648","커피_프리미엄 블렌드 아메리카노 아이스(ICED)","할리스","카페","카페","외식(프랜차이즈 등 업체 제공 영양정보) | 음료 및 차류 | 커피",""
"kfind-d220-748000000-0647","커피_프리미엄 블렌드 딥 라떼 핫(HOT)","할리스","카페","카페","외식(프랜차이즈 등 업체 제공 영양정보) | 음료 및 차류 | 커피",""
"kfind-d220-748000000-0646","커피_프리미엄 블렌드 딥 라떼 아이스(ICED)","할리스","카페","카페","외식(프랜차이즈 등 업체 제공 영양정보) | 음료 및 차류 | 커피",""
"kfind-d220-748000000-0641","커피_클래식 아포가토 (Tall)","스타벅스","카페","카페","외식(프랜차이즈 등 업체 제공 영양정보) | 음료 및 차류 | 커피",""
"kfind-d220-748000000-1634","커피_콜드브루 흑당 라떼 핫(HOT)","빽다방","카페","카페","외식(프랜차이즈 등 업체 제공 영양정보) | 음료 및 차류 | 커피",""
"kfind-d220-748000000-1633","커피_콜드브루 흑당 라떼 아이스(ICED)","빽다방","카페","카페","외식(프랜차이즈 등 업체 제공 영양정보) | 음료 및 차류 | 커피",""
"kfind-d220-748000000-1632","커피_콜드브루 화이트 비엔나","이디야","카페","카페","외식(프랜차이즈 등 업체 제공 영양정보) | 음료 및 차류 | 커피",""
"kfind-d220-748000000-1630","커피_콜드브루 핫(HOT)","빽다방","카페","카페","외식(프랜차이즈 등 업체 제공 영양정보) | 음료 및 차류 | 커피",""
"kfind-d220-748000000-0613","커피_콜드브루 크림넛","이디야","카페","카페","외식(프랜차이즈 등 업체 제공 영양정보) | 음료 및 차류 | 커피",""
"kfind-d220-748000000-1629","커피_콜드브루 연유 라떼 핫(HOT)","빽다방","카페","카페","외식(프랜차이즈 등 업체 제공 영양정보) | 음료 및 차류 | 커피",""
"kfind-d220-748000000-1628","커피_콜드브루 연유 라떼 아이스(ICED)","빽다방","카페","카페","외식(프랜차이즈 등 업체 제공 영양정보) | 음료 및 차류 | 커피",""
"kfind-d220-748000000-0602","커피_콜드브루 아인슈페너","이디야","카페","카페","외식(프랜차이즈 등 업체 제공 영양정보) | 음료 및 차류 | 커피",""
"kfind-d220-748000000-0599","커피_콜드브루 아이스(ICED) (Max)","투썸플레이스","카페","카페","외식(프랜차이즈 등 업체 제공 영양정보) | 음료 및 차류 | 커피",""
"kfind-d220-748000000-1620","커피_콜드브루 아이스(ICED)","빽다방","카페","카페","외식(프랜차이즈 등 업체 제공 영양정보) | 음료 및 차류 | 커피",""
"kfind-d220-748000000-1621","커피_콜드브루 아이스(ICED)","할리스","카페","카페","외식(프랜차이즈 등 업체 제공 영양정보) | 음료 및 차류 | 커피",""
"kfind-d220-748080000-0106","커피_콜드브루 아메리카노 (EX)","이디야","카페","카페","외식(프랜차이즈 등 업체 제공 영양정보) | 음료 및 차류 | 커피 | 아메리카노",""
"kfind-d220-748080000-0105","커피_콜드브루 아메리카노","이디야","카페","카페","외식(프랜차이즈 등 업체 제공 영양정보) | 음료 및 차류 | 커피 | 아메리카노",""
"kfind-d220-748000000-0630","커피_콜드브루 라떼 흑당","빽다방","카페","카페","외식(프랜차이즈 등 업체 제공 영양정보) | 음료 및 차류 | 커피",""
"kfind-d220-748000000-1610","커피_콜드브루 라떼 핫(HOT)","빽다방","카페","카페","외식(프랜차이즈 등 업체 제공 영양정보) | 음료 및 차류 | 커피",""
"kfind-d220-748000000-0627","커피_콜드브루 라떼 연유","빽다방","카페","카페","외식(프랜차이즈 등 업체 제공 영양정보) | 음료 및 차류 | 커피",""
"kfind-d220-748000000-0624","커피_콜드브루 라떼 아이스(ICED) (R)","투썸플레이스","카페","카페","외식(프랜차이즈 등 업체 제공 영양정보) | 음료 및 차류 | 커피",""
"kfind-d220-748000000-0623","커피_콜드브루 라떼 아이스(ICED) (Max)","투썸플레이스","카페","카페","외식(프랜차이즈 등 업체 제공 영양정보) | 음료 및 차류 | 커피",""
"kfind-d220-748000000-0622","커피_콜드브루 라떼 아이스(ICED) (L)","투썸플레이스","카페","카페","외식(프랜차이즈 등 업체 제공 영양정보) | 음료 및 차류 | 커피",""
"kfind-d220-748000000-1601","커피_콜드브루 라떼 아이스(ICED)","빽다방","카페","카페","외식(프랜차이즈 등 업체 제공 영양정보) | 음료 및 차류 | 커피",""
"kfind-d220-748000000-1598","커피_콜드브루 라떼 아이스(ICED)","할리스","카페","카페","외식(프랜차이즈 등 업체 제공 영양정보) | 음료 및 차류 | 커피",""
"kfind-d220-748000000-1592","커피_콜드브루 라떼 (EX)","이디야","카페","카페","외식(프랜차이즈 등 업체 제공 영양정보) | 음료 및 차류 | 커피",""
"kfind-d220-748000000-1591","커피_콜드브루 라떼","이디야","카페","카페","외식(프랜차이즈 등 업체 제공 영양정보) | 음료 및 차류 | 커피",""
"kfind-d220-748000000-0631","커피_콜드브루 라떼","빽다방","카페","카페","외식(프랜차이즈 등 업체 제공 영양정보) | 음료 및 차류 | 커피",""
"kfind-d220-748000000-1588","커피_콜드브루 딜라이트 아이스(ICED)","할리스","카페","카페","외식(프랜차이즈 등 업체 제공 영양정보) | 음료 및 차류 | 커피",""
"kfind-d220-748000000-1587","커피_콜드브루 니트로","이디야","카페","카페","외식(프랜차이즈 등 업체 제공 영양정보) | 음료 및 차류 | 커피",""
"kfind-d220-748000000-0632","커피_콜드브루","빽다방","카페","카페","외식(프랜차이즈 등 업체 제공 영양정보) | 음료 및 차류 | 커피",""
"kfind-d220-748000000-0569","커피_콜드 브루 플로트 (Tall)","스타벅스","카페","카페","외식(프랜차이즈 등 업체 제공 영양정보) | 음료 및 차류 | 커피",""
"kfind-d220-748000000-0568","커피_콜드 브루 오트 라떼 (Tall)","스타벅스","카페","카페","외식(프랜차이즈 등 업체 제공 영양정보) | 음료 및 차류 | 커피",""
"kfind-d220-748000000-0567","커피_콜드 브루 몰트 (Tall)","스타벅스","카페","카페","외식(프랜차이즈 등 업체 제공 영양정보) | 음료 및 차류 | 커피",""
"kfind-d220-748000000-0566","커피_콜드 브루 (Tall)","스타벅스","카페","카페","외식(프랜차이즈 등 업체 제공 영양정보) | 음료 및 차류 | 커피",""
"kfind-d220-748000000-0564","커피_커피 아이스(ICED) (Tall)","스타벅스","카페","카페","외식(프랜차이즈 등 업체 제공 영양정보) | 음료 및 차류 | 커피",""
"kfind-d220-748000000-0563","커피_커피 스타벅스 더블 샷","스타벅스","카페","카페","외식(프랜차이즈 등 업체 제공 영양정보) | 음료 및 차류 | 커피",""
"kfind-d220-748000000-0550","커피_카푸치노 핫(HOT) (Tall)","스타벅스","카페","카페","외식(프랜차이즈 등 업체 제공 영양정보) | 음료 및 차류 | 커피",""
"kfind-d220-748000000-0548","커피_카푸치노 핫(HOT) (R)","투썸플레이스","카페","카페","외식(프랜차이즈 등 업체 제공 영양정보) | 음료 및 차류 | 커피",""
"kfind-d220-748000000-0545","커피_카푸치노 핫(HOT) (L)","투썸플레이스","카페","카페","외식(프랜차이즈 등 업체 제공 영양정보) | 음료 및 차류 | 커피",""
"kfind-d220-748130000-0027","커피_카푸치노 핫(HOT)","이디야","카페","카페","외식(프랜차이즈 등 업체 제공 영양정보) | 음료 및 차류 | 커피 | 카푸치노",""
"kfind-d220-748130000-0001","커피_카푸치노 핫(HOT)","컴포즈커피","카페","카페","외식(프랜차이즈 등 업체 제공 영양정보) | 음료 및 차류 | 커피 | 카푸치노",""
"kfind-d220-748130000-0025","커피_카푸치노 핫(HOT)","할리스","카페","카페","외식(프랜차이즈 등 업체 제공 영양정보) | 음료 및 차류 | 커피 | 카푸치노",""
"kfind-d220-748000000-0530","커피_카푸치노 아이스(ICED) (Tall)","스타벅스","카페","카페","외식(프랜차이즈 등 업체 제공 영양정보) | 음료 및 차류 | 커피",""
"kfind-d220-748130000-0017","커피_카푸치노 아이스(ICED)","이디야","카페","카페","외식(프랜차이즈 등 업체 제공 영양정보) | 음료 및 차류 | 커피 | 카푸치노",""
"kfind-d220-748000000-0517","커피_카페모카 핫(HOT) (R)","투썸플레이스","카페","카페","외식(프랜차이즈 등 업체 제공 영양정보) | 음료 및 차류 | 커피",""
"kfind-d220-748000000-0514","커피_카페모카 핫(HOT) (L)","투썸플레이스","카페","카페","외식(프랜차이즈 등 업체 제공 영양정보) | 음료 및 차류 | 커피",""
"kfind-d220-748000000-0512","커피_카페모카 핫(HOT) (EX)","이디야","카페","카페","외식(프랜차이즈 등 업체 제공 영양정보) | 음료 및 차류 | 커피",""
"kfind-d220-748120000-0059","커피_카페모카 핫(HOT)","빽다방","카페","카페","외식(프랜차이즈 등 업체 제공 영양정보) | 음료 및 차류 | 커피 | 카페모카",""
"kfind-d220-748000000-0523","커피_카페모카 핫(HOT)","이디야","카페","카페","외식(프랜차이즈 등 업체 제공 영양정보) | 음료 및 차류 | 커피",""
"kfind-d220-748120000-0056","커피_카페모카 핫(HOT)","할리스","카페","카페","외식(프랜차이즈 등 업체 제공 영양정보) | 음료 및 차류 | 커피 | 카페모카",""
"kfind-d220-748000000-0498","커피_카페모카 아이스(ICED) (R)","투썸플레이스","카페","카페","외식(프랜차이즈 등 업체 제공 영양정보) | 음료 및 차류 | 커피",""
"kfind-d220-748000000-0496","커피_카페모카 아이스(ICED) (Max)","투썸플레이스","카페","카페","외식(프랜차이즈 등 업체 제공 영양정보) | 음료 및 차류 | 커피",""
"kfind-d220-748000000-0494","커피_카페모카 아이스(ICED) (L)","투썸플레이스","카페","카페","외식(프랜차이즈 등 업체 제공 영양정보) | 음료 및 차류 | 커피",""
"kfind-d220-748000000-0492","커피_카페모카 아이스(ICED) (EX)","이디야","카페","카페","외식(프랜차이즈 등 업체 제공 영양정보) | 음료 및 차류 | 커피",""
"kfind-d220-748000000-0505","커피_카페모카 아이스(ICED)","이디야","카페","카페","외식(프랜차이즈 등 업체 제공 영양정보) | 음료 및 차류 | 커피",""
"kfind-d220-748120000-0001","커피_카페모카 아이스(ICED)","컴포즈커피","카페","카페","외식(프랜차이즈 등 업체 제공 영양정보) | 음료 및 차류 | 커피 | 카페모카",""
"kfind-d220-748120000-0039","커피_카페모카 아이스(ICED)","할리스","카페","카페","외식(프랜차이즈 등 업체 제공 영양정보) | 음료 및 차류 | 커피 | 카페모카",""
"kfind-d220-748120000-0043","커피_카페모카 아이스(ICED)","빽다방","카페","카페","외식(프랜차이즈 등 업체 제공 영양정보) | 음료 및 차류 | 커피 | 카페모카",""
"kfind-d220-748110000-0002","커피_카페라떼 핫(HOT)","컴포즈커피","카페","카페","외식(프랜차이즈 등 업체 제공 영양정보) | 음료 및 차류 | 커피 | 카페라떼",""
"kfind-d220-748110000-0001","커피_카페라떼 아이스(ICED)","컴포즈커피","카페","카페","외식(프랜차이즈 등 업체 제공 영양정보) | 음료 및 차류 | 커피 | 카페라떼",""
"kfind-d220-748000000-0450","커피_카페 아메리카노 핫(HOT) (Tall)","스타벅스","카페","카페","외식(프랜차이즈 등 업체 제공 영양정보) | 음료 및 차류 | 커피",""
"kfind-d220-748080000-0102","커피_카페 아메리카노 핫(HOT) (L)","이디야","카페","카페","외식(프랜차이즈 등 업체 제공 영양정보) | 음료 및 차류 | 커피 | 아메리카노",""
"kfind-d220-748080000-0101","커피_카페 아메리카노 핫(HOT) (EX)","이디야","카페","카페","외식(프랜차이즈 등 업체 제공 영양정보) | 음료 및 차류 | 커피 | 아메리카노",""
"kfind-d220-748000000-0448","커피_카페 아메리카노 아이스(ICED) (Tall)","스타벅스","카페","카페","외식(프랜차이즈 등 업체 제공 영양정보) | 음료 및 차류 | 커피",""
"kfind-d220-748080000-0100","커피_카페 아메리카노 아이스(ICED) (L)","이디야","카페","카페","외식(프랜차이즈 등 업체 제공 영양정보) | 음료 및 차류 | 커피 | 아메리카노",""
"kfind-d220-748080000-0099","커피_카페 아메리카노 아이스(ICED) (EX)","이디야","카페","카페","외식(프랜차이즈 등 업체 제공 영양정보) | 음료 및 차류 | 커피 | 아메리카노",""
"kfind-d220-748000000-0447","커피_카페 모카 핫(HOT) (Tall)","스타벅스","카페","카페","외식(프랜차이즈 등 업체 제공 영양정보) | 음료 및 차류 | 커피",""
"kfind-d220-748120000-0035","커피_카페 모카 핫(HOT) (L)","이디야","카페","카페","외식(프랜차이즈 등 업체 제공 영양정보) | 음료 및 차류 | 커피 | 카페모카",""
"kfind-d220-748120000-0032","커피_카페 모카 핫(HOT) (EX)","이디야","카페","카페","외식(프랜차이즈 등 업체 제공 영양정보) | 음료 및 차류 | 커피 | 카페모카",""
"kfind-d220-748000000-0444","커피_카페 모카 아이스(ICED) (Tall)","스타벅스","카페","카페","외식(프랜차이즈 등 업체 제공 영양정보) | 음료 및 차류 | 커피",""
"kfind-d220-748120000-0023","커피_카페 모카 아이스(ICED) (L)","이디야","카페","카페","외식(프랜차이즈 등 업체 제공 영양정보) | 음료 및 차류 | 커피 | 카페모카",""
"kfind-d220-748120000-0022","커피_카페 모카 아이스(ICED) (EX)","이디야","카페","카페","외식(프랜차이즈 등 업체 제공 영양정보) | 음료 및 차류 | 커피 | 카페모카",""
"kfind-d220-748120000-0018","커피_카페 모카 ESP 핫(HOT) (L)","공차","음료","카페","외식(프랜차이즈 등 업체 제공 영양정보) | 음료 및 차류 | 커피 | 카페모카",""
"kfind-d220-748120000-0017","커피_카페 모카 ESP 핫(HOT) (J)","공차","음료","카페","외식(프랜차이즈 등 업체 제공 영양정보) | 음료 및 차류 | 커피 | 카페모카",""
"kfind-d220-748120000-0016","커피_카페 모카 ESP 아이스(ICED) (L)","공차","음료","카페","외식(프랜차이즈 등 업체 제공 영양정보) | 음료 및 차류 | 커피 | 카페모카",""
"kfind-d220-748120000-0015","커피_카페 모카 ESP 아이스(ICED) (J)","공차","음료","카페","외식(프랜차이즈 등 업체 제공 영양정보) | 음료 및 차류 | 커피 | 카페모카",""
"kfind-d220-748120000-0014","커피_카페 모카 DRIP 핫(HOT) (L)","공차","음료","카페","외식(프랜차이즈 등 업체 제공 영양정보) | 음료 및 차류 | 커피 | 카페모카",""
"kfind-d220-748120000-0013","커피_카페 모카 DRIP 핫(HOT) (J)","공차","음료","카페","외식(프랜차이즈 등 업체 제공 영양정보) | 음료 및 차류 | 커피 | 카페모카",""
"kfind-d220-748120000-0012","커피_카페 모카 DRIP 아이스(ICED) (L)","공차","음료","카페","외식(프랜차이즈 등 업체 제공 영양정보) | 음료 및 차류 | 커피 | 카페모카",""
"kfind-d220-748120000-0011","커피_카페 모카 DRIP 아이스(ICED) (J)","공차","음료","카페","외식(프랜차이즈 등 업체 제공 영양정보) | 음료 및 차류 | 커피 | 카페모카",""
"kfind-d220-748000000-0440","커피_카페 라떼 핫(HOT) (Tall)","스타벅스","카페","카페","외식(프랜차이즈 등 업체 제공 영양정보) | 음료 및 차류 | 커피",""
"kfind-d220-748000000-0480","커피_카페 라떼 핫(HOT) (R)","투썸플레이스","카페","카페","외식(프랜차이즈 등 업체 제공 영양정보) | 음료 및 차류 | 커피",""
"kfind-d220-748000000-0477","커피_카페 라떼 핫(HOT) (L)","투썸플레이스","카페","카페","외식(프랜차이즈 등 업체 제공 영양정보) | 음료 및 차류 | 커피",""
"kfind-d220-748110000-0112","커피_카페 라떼 핫(HOT) (L)","이디야","카페","카페","외식(프랜차이즈 등 업체 제공 영양정보) | 음료 및 차류 | 커피 | 카페라떼",""
"kfind-d220-748110000-0110","커피_카페 라떼 핫(HOT) (L)","공차","음료","카페","외식(프랜차이즈 등 업체 제공 영양정보) | 음료 및 차류 | 커피 | 카페라떼",""
"kfind-d220-748110000-0109","커피_카페 라떼 핫(HOT) (J)","공차","음료","카페","외식(프랜차이즈 등 업체 제공 영양정보) | 음료 및 차류 | 커피 | 카페라떼",""
"kfind-d220-748110000-0107","커피_카페 라떼 핫(HOT) (EX)","이디야","카페","카페","외식(프랜차이즈 등 업체 제공 영양정보) | 음료 및 차류 | 커피 | 카페라떼",""
"kfind-d220-748110000-0105","커피_카페 라떼 핫(HOT)","할리스","카페","카페","외식(프랜차이즈 등 업체 제공 영양정보) | 음료 및 차류 | 커피 | 카페라떼",""
"kfind-d220-748110000-0101","커피_카페 라떼 핫(HOT)","빽다방","카페","카페","외식(프랜차이즈 등 업체 제공 영양정보) | 음료 및 차류 | 커피 | 카페라떼",""
"kfind-d220-748000000-0485","커피_카페 라떼 핫(HOT)","이디야","카페","카페","외식(프랜차이즈 등 업체 제공 영양정보) | 음료 및 차류 | 커피",""
"kfind-d220-748110000-0092","커피_카페 라떼 아이스(ICED) 빽사이즈","빽다방","카페","카페","외식(프랜차이즈 등 업체 제공 영양정보) | 음료 및 차류 | 커피 | 카페라떼",""
"kfind-d220-748000000-0436","커피_카페 라떼 아이스(ICED) (Tall)","스타벅스","카페","카페","외식(프랜차이즈 등 업체 제공 영양정보) | 음료 및 차류 | 커피",""
"kfind-d220-748000000-0461","커피_카페 라떼 아이스(ICED) (R)","투썸플레이스","카페","카페","외식(프랜차이즈 등 업체 제공 영양정보) | 음료 및 차류 | 커피",""
"kfind-d220-748000000-0459","커피_카페 라떼 아이스(ICED) (Max)","투썸플레이스","카페","카페","외식(프랜차이즈 등 업체 제공 영양정보) | 음료 및 차류 | 커피",""
"kfind-d220-748110000-0077","커피_카페 라떼 아이스(ICED) (L)","이디야","카페","카페","외식(프랜차이즈 등 업체 제공 영양정보) | 음료 및 차류 | 커피 | 카페라떼",""
"kfind-d220-748110000-0078","커피_카페 라떼 아이스(ICED) (L)","공차","음료","카페","외식(프랜차이즈 등 업체 제공 영양정보) | 음료 및 차류 | 커피 | 카페라떼",""
"kfind-d220-748000000-0457","커피_카페 라떼 아이스(ICED) (L)","투썸플레이스","카페","카페","외식(프랜차이즈 등 업체 제공 영양정보) | 음료 및 차류 | 커피",""
"kfind-d220-748110000-0075","커피_카페 라떼 아이스(ICED) (J)","공차","음료","카페","외식(프랜차이즈 등 업체 제공 영양정보) | 음료 및 차류 | 커피 | 카페라떼",""
"kfind-d220-748110000-0073","커피_카페 라떼 아이스(ICED) (EX)","이디야","카페","카페","외식(프랜차이즈 등 업체 제공 영양정보) | 음료 및 차류 | 커피 | 카페라떼",""
"kfind-d220-748110000-0065","커피_카페 라떼 아이스(ICED)","빽다방","카페","카페","외식(프랜차이즈 등 업체 제공 영양정보) | 음료 및 차류 | 커피 | 카페라떼",""
"kfind-d220-748110000-0067","커피_카페 라떼 아이스(ICED)","할리스","카페","카페","외식(프랜차이즈 등 업체 제공 영양정보) | 음료 및 차류 | 커피 | 카페라떼",""
"kfind-d220-748000000-0467","커피_카페 라떼 아이스(ICED)","이디야","카페","카페","외식(프랜차이즈 등 업체 제공 영양정보) | 음료 및 차류 | 커피",""
"kfind-d220-748000000-0379","커피_카라멜마키아또 핫(HOT) (R)","투썸플레이스","카페","카페","외식(프랜차이즈 등 업체 제공 영양정보) | 음료 및 차류 | 커피",""
"kfind-d220-748000000-0378","커피_카라멜마키아또 핫(HOT) (L)","투썸플레이스","카페","카페","외식(프랜차이즈 등 업체 제공 영양정보) | 음료 및 차류 | 커피",""
"kfind-d220-748130000-0010","커피_카라멜마키아또 핫(HOT)","빽다방","카페","카페","외식(프랜차이즈 등 업체 제공 영양정보) | 음료 및 차류 | 커피 | 카푸치노",""
"kfind-d220-748000000-0377","커피_카라멜마키아또 아이스(ICED) (R)","투썸플레이스","카페","카페","외식(프랜차이즈 등 업체 제공 영양정보) | 음료 및 차류 | 커피",""
"kfind-d220-748000000-0376","커피_카라멜마키아또 아이스(ICED) (Max)","투썸플레이스","카페","카페","외식(프랜차이즈 등 업체 제공 영양정보) | 음료 및 차류 | 커피",""
"kfind-d220-748000000-0375","커피_카라멜마키아또 아이스(ICED) (L)","투썸플레이스","카페","카페","외식(프랜차이즈 등 업체 제공 영양정보) | 음료 및 차류 | 커피",""
"kfind-d220-748130000-0009","커피_카라멜마키아또 아이스(ICED)","빽다방","카페","카페","외식(프랜차이즈 등 업체 제공 영양정보) | 음료 및 차류 | 커피 | 카푸치노",""
"kfind-d220-748000000-0425","커피_카라멜마끼야또 핫(HOT) (EX)","이디야","카페","카페","외식(프랜차이즈 등 업체 제공 영양정보) | 음료 및 차류 | 커피",""
"kfind-d220-748000000-0426","커피_카라멜마끼야또 핫(HOT)","이디야","카페","카페","외식(프랜차이즈 등 업체 제공 영양정보) | 음료 및 차류 | 커피",""
"kfind-d220-748000000-0423","커피_카라멜마끼야또 아이스(ICED) (EX)","이디야","카페","카페","외식(프랜차이즈 등 업체 제공 영양정보) | 음료 및 차류 | 커피",""
"kfind-d220-748000000-0424","커피_카라멜마끼야또 아이스(ICED)","이디야","카페","카페","외식(프랜차이즈 등 업체 제공 영양정보) | 음료 및 차류 | 커피",""
"kfind-d220-748100000-0002","커피_카라멜마끼아또 핫(HOT)","컴포즈커피","카페","카페","외식(프랜차이즈 등 업체 제공 영양정보) | 음료 및 차류 | 커피 | 카라멜마끼아토",""
"kfind-d220-748100000-0001","커피_카라멜마끼아또 아이스(ICED)","컴포즈커피","카페","카페","외식(프랜차이즈 등 업체 제공 영양정보) | 음료 및 차류 | 커피 | 카라멜마끼아토",""
"kfind-d220-748000000-0409","커피_카라멜 카페 라떼 핫(HOT) (L)","공차","음료","카페","외식(프랜차이즈 등 업체 제공 영양정보) | 음료 및 차류 | 커피",""
"kfind-d220-748000000-0408","커피_카라멜 카페 라떼 핫(HOT) (J)","공차","음료","카페","외식(프랜차이즈 등 업체 제공 영양정보) | 음료 및 차류 | 커피",""
"kfind-d220-748000000-0407","커피_카라멜 카페 라떼 아이스(ICED) (L)","공차","음료","카페","외식(프랜차이즈 등 업체 제공 영양정보) | 음료 및 차류 | 커피",""
"kfind-d220-748000000-0406","커피_카라멜 카페 라떼 아이스(ICED) (J)","공차","음료","카페","외식(프랜차이즈 등 업체 제공 영양정보) | 음료 및 차류 | 커피",""
"kfind-d220-748000000-0404","커피_카라멜 마키아또 핫(HOT) (Tall)","스타벅스","카페","카페","외식(프랜차이즈 등 업체 제공 영양정보) | 음료 및 차류 | 커피",""
"kfind-d220-748100000-0033","커피_카라멜 마키아또 핫(HOT)","할리스","카페","카페","외식(프랜차이즈 등 업체 제공 영양정보) | 음료 및 차류 | 커피 | 카라멜마끼아토",""
"kfind-d220-748000000-0402","커피_카라멜 마키아또 아이스(ICED) (Tall)","스타벅스","카페","카페","외식(프랜차이즈 등 업체 제공 영양정보) | 음료 및 차류 | 커피",""
"kfind-d220-748100000-0032","커피_카라멜 마키아또 아이스(ICED)","할리스","카페","카페","외식(프랜차이즈 등 업체 제공 영양정보) | 음료 및 차류 | 커피 | 카라멜마끼아토",""
"kfind-d220-748100000-0024","커피_카라멜 마끼아또 핫(HOT) (L)","이디야","카페","카페","외식(프랜차이즈 등 업체 제공 영양정보) | 음료 및 차류 | 커피 | 카라멜마끼아토",""
"kfind-d220-748100000-0022","커피_카라멜 마끼아또 핫(HOT) (EX)","이디야","카페","카페","외식(프랜차이즈 등 업체 제공 영양정보) | 음료 및 차류 | 커피 | 카라멜마끼아토",""
"kfind-d220-748100000-0015","커피_카라멜 마끼아또 아이스(ICED) (L)","이디야","카페","카페","외식(프랜차이즈 등 업체 제공 영양정보) | 음료 및 차류 | 커피 | 카라멜마끼아토",""
"kfind-d220-748100000-0012","커피_카라멜 마끼아또 아이스(ICED) (EX)","이디야","카페","카페","외식(프랜차이즈 등 업체 제공 영양정보) | 음료 및 차류 | 커피 | 카라멜마끼아토",""
"kfind-d220-748000000-0373","커피_제주 비자림 콜드 브루 (Grande)","스타벅스","카페","카페","외식(프랜차이즈 등 업체 제공 영양정보) | 음료 및 차류 | 커피",""
"kfind-d220-748000000-1540","커피_원조커피 핫(HOT)","빽다방","카페","카페","외식(프랜차이즈 등 업체 제공 영양정보) | 음료 및 차류 | 커피",""
"kfind-d220-748000000-1539","커피_원조커피 제로슈거 핫(HOT)","빽다방","카페","카페","외식(프랜차이즈 등 업체 제공 영양정보) | 음료 및 차류 | 커피",""
"kfind-d220-748000000-1538","커피_원조커피 제로슈거 아이스(ICED) 빽사이즈","빽다방","카페","카페","외식(프랜차이즈 등 업체 제공 영양정보) | 음료 및 차류 | 커피",""
"kfind-d220-748000000-1537","커피_원조커피 제로슈거 아이스(ICED)","빽다방","카페","카페","외식(프랜차이즈 등 업체 제공 영양정보) | 음료 및 차류 | 커피",""
"kfind-d220-748000000-1536","커피_원조커피 아이스(ICED) 빽사이즈","빽다방","카페","카페","외식(프랜차이즈 등 업체 제공 영양정보) | 음료 및 차류 | 커피",""
"kfind-d220-748000000-1535","커피_원조커피 아이스(ICED)","빽다방","카페","카페","외식(프랜차이즈 등 업체 제공 영양정보) | 음료 및 차류 | 커피",""
"kfind-d220-748000000-0366","커피_오늘의 커피 (Tall)","스타벅스","카페","카페","외식(프랜차이즈 등 업체 제공 영양정보) | 음료 및 차류 | 커피",""
"kfind-d220-748000000-1529","커피_연유 콜드브루 (EX)","이디야","카페","카페","외식(프랜차이즈 등 업체 제공 영양정보) | 음료 및 차류 | 커피",""
"kfind-d220-748000000-1528","커피_연유 콜드브루","이디야","카페","카페","외식(프랜차이즈 등 업체 제공 영양정보) | 음료 및 차류 | 커피",""
"kfind-d220-748110000-0046","커피_연유 카페 라떼 핫(HOT) (L)","이디야","카페","카페","외식(프랜차이즈 등 업체 제공 영양정보) | 음료 및 차류 | 커피 | 카페라떼",""
"kfind-d220-748110000-0045","커피_연유 카페 라떼 핫(HOT) (EX)","이디야","카페","카페","외식(프랜차이즈 등 업체 제공 영양정보) | 음료 및 차류 | 커피 | 카페라떼",""
"kfind-d220-748000000-0358","커피_연유 카페 라떼 핫(HOT)","이디야","카페","카페","외식(프랜차이즈 등 업체 제공 영양정보) | 음료 및 차류 | 커피",""
"kfind-d220-748110000-0044","커피_연유 카페 라떼 아이스(ICED) (L)","이디야","카페","카페","외식(프랜차이즈 등 업체 제공 영양정보) | 음료 및 차류 | 커피 | 카페라떼",""
"kfind-d220-748110000-0043","커피_연유 카페 라떼 아이스(ICED) (EX)","이디야","카페","카페","외식(프랜차이즈 등 업체 제공 영양정보) | 음료 및 차류 | 커피 | 카페라떼",""
"kfind-d220-748000000-0356","커피_연유 카페 라떼 아이스(ICED)","이디야","카페","카페","외식(프랜차이즈 등 업체 제공 영양정보) | 음료 및 차류 | 커피",""
"kfind-d220-748000000-1519","커피_에스프레소 핫(HOT)","이디야","카페","카페","외식(프랜차이즈 등 업체 제공 영양정보) | 음료 및 차류 | 커피",""
"kfind-d220-748000000-1516","커피_에스프레소 콘파냐 핫(HOT)","이디야","카페","카페","외식(프랜차이즈 등 업체 제공 영양정보) | 음료 및 차류 | 커피",""
"kfind-d220-748000000-0341","커피_에스프레소 콘 파나 (Solo)","스타벅스","카페","카페","외식(프랜차이즈 등 업체 제공 영양정보) | 음료 및 차류 | 커피",""
"kfind-d220-748000000-0339","커피_에스프레소 마키아또 (Solo)","스타벅스","카페","카페","외식(프랜차이즈 등 업체 제공 영양정보) | 음료 및 차류 | 커피",""
"kfind-d220-748000000-1511","커피_에스프레소 마끼아또 핫(HOT)","이디야","카페","카페","외식(프랜차이즈 등 업체 제공 영양정보) | 음료 및 차류 | 커피",""
"kfind-d220-748000000-0334","커피_에스프레소 (Solo)","스타벅스","카페","카페","외식(프랜차이즈 등 업체 제공 영양정보) | 음료 및 차류 | 커피",""
"kfind-d220-748000000-1190","커피_에스프레소","컴포즈커피","카페","카페","외식(프랜차이즈 등 업체 제공 영양정보) | 음료 및 차류 | 커피",""
"kfind-d220-748000000-1503","커피_에스프레소","할리스","카페","카페","외식(프랜차이즈 등 업체 제공 영양정보) | 음료 및 차류 | 커피",""
"kfind-d220-748000000-0330","커피_에소프레소 핫(HOT) (싱글)","투썸플레이스","카페","카페","외식(프랜차이즈 등 업체 제공 영양정보) | 음료 및 차류 | 커피",""
"kfind-d220-748000000-0329","커피_에소프레소 핫(HOT) (더블)","투썸플레이스","카페","카페","외식(프랜차이즈 등 업체 제공 영양정보) | 음료 및 차류 | 커피",""
"kfind-d220-748080000-0095","커피_얼그레이 아메리카노 ESP 핫(HOT) (L)","공차","음료","카페","외식(프랜차이즈 등 업체 제공 영양정보) | 음료 및 차류 | 커피 | 아메리카노",""
"kfind-d220-748080000-0094","커피_얼그레이 아메리카노 ESP 핫(HOT) (J)","공차","음료","카페","외식(프랜차이즈 등 업체 제공 영양정보) | 음료 및 차류 | 커피 | 아메리카노",""
"kfind-d220-748080000-0093","커피_얼그레이 아메리카노 ESP 아이스(ICED) (L)","공차","음료","카페","외식(프랜차이즈 등 업체 제공 영양정보) | 음료 및 차류 | 커피 | 아메리카노",""
"kfind-d220-748080000-0092","커피_얼그레이 아메리카노 ESP 아이스(ICED) (J)","공차","음료","카페","외식(프랜차이즈 등 업체 제공 영양정보) | 음료 및 차류 | 커피 | 아메리카노",""
"kfind-d220-748080000-0091","커피_얼그레이 아메리카노 DRIP 핫(HOT) (L)","공차","음료","카페","외식(프랜차이즈 등 업체 제공 영양정보) | 음료 및 차류 | 커피 | 아메리카노",""
"kfind-d220-748080000-0090","커피_얼그레이 아메리카노 DRIP 핫(HOT) (J)","공차","음료","카페","외식(프랜차이즈 등 업체 제공 영양정보) | 음료 및 차류 | 커피 | 아메리카노",""
"kfind-d220-748080000-0089","커피_얼그레이 아메리카노 DRIP 아이스(ICED) (L)","공차","음료","카페","외식(프랜차이즈 등 업체 제공 영양정보) | 음료 및 차류 | 커피 | 아메리카노",""
"kfind-d220-748080000-0088","커피_얼그레이 아메리카노 DRIP 아이스(ICED) (J)","공차","음료","카페","외식(프랜차이즈 등 업체 제공 영양정보) | 음료 및 차류 | 커피 | 아메리카노",""
"kfind-d220-748000000-0327","커피_앗메리카노 핫(HOT)","빽다방","카페","카페","외식(프랜차이즈 등 업체 제공 영양정보) | 음료 및 차류 | 커피",""
"kfind-d220-748000000-0325","커피_앗메리카노 아이스(ICED) 빽사이즈","빽다방","카페","카페","외식(프랜차이즈 등 업체 제공 영양정보) | 음료 및 차류 | 커피",""
"kfind-d220-748000000-0326","커피_앗메리카노 아이스(ICED)","빽다방","카페","카페","외식(프랜차이즈 등 업체 제공 영양정보) | 음료 및 차류 | 커피",""
"kfind-d220-748000000-1498","커피_아포가토 오리지널","이디야","카페","카페","외식(프랜차이즈 등 업체 제공 영양정보) | 음료 및 차류 | 커피",""
"kfind-d220-748000000-1495","커피_아포가토","할리스","카페","카페","외식(프랜차이즈 등 업체 제공 영양정보) | 음료 및 차류 | 커피",""
"kfind-d220-748000000-0318","커피_아인슈페너 핫(HOT)","이디야","카페","카페","외식(프랜차이즈 등 업체 제공 영양정보) | 음료 및 차류 | 커피",""
"kfind-d220-748000000-1189","커피_아인슈페너 아이스(ICED)","컴포즈커피","카페","카페","외식(프랜차이즈 등 업체 제공 영양정보) | 음료 및 차류 | 커피",""
"kfind-d220-748000000-0316","커피_아인슈페너 아이스(ICED)","이디야","카페","카페","외식(프랜차이즈 등 업체 제공 영양정보) | 음료 및 차류 | 커피",""
"kfind-d220-748000000-1188","커피_아인슈페너 라떼 아이스(ICED)","컴포즈커피","카페","카페","외식(프랜차이즈 등 업체 제공 영양정보) | 음료 및 차류 | 커피",""
"kfind-d220-748000000-0312","커피_아이스크림카페 라떼 아이스(ICED) (R)","투썸플레이스","카페","아이스크림","외식(프랜차이즈 등 업체 제공 영양정보) | 음료 및 차류 | 커피",""
"kfind-d220-748000000-0311","커피_아이스크림카페 라떼 아이스(ICED) (Max)","투썸플레이스","카페","아이스크림","외식(프랜차이즈 등 업체 제공 영양정보) | 음료 및 차류 | 커피",""
"kfind-d220-748000000-0310","커피_아이스크림카페 라떼 아이스(ICED) (L)","투썸플레이스","카페","아이스크림","외식(프랜차이즈 등 업체 제공 영양정보) | 음료 및 차류 | 커피",""
"kfind-d220-748120000-0010","커피_아이스크림 카페모카 아이스(ICED)","빽다방","카페","아이스크림","외식(프랜차이즈 등 업체 제공 영양정보) | 음료 및 차류 | 커피 | 카페모카",""
"kfind-d220-748110000-0041","커피_아이스크림 카페 라떼 아이스(ICED)","빽다방","카페","아이스크림","외식(프랜차이즈 등 업체 제공 영양정보) | 음료 및 차류 | 커피 | 카페라떼",""
"kfind-d220-748110000-0040","커피_아이스크림 카페 라떼","이디야","카페","아이스크림","외식(프랜차이즈 등 업체 제공 영양정보) | 음료 및 차류 | 커피 | 카페라떼",""
"kfind-d220-748000000-1489","커피_아이스크림 바닐라 라떼 아이스(ICED)","빽다방","카페","아이스크림","외식(프랜차이즈 등 업체 제공 영양정보) | 음료 및 차류 | 커피",""
"kfind-d220-748000000-0306","커피_아메리키토 아이스(ICED) (Max)","투썸플레이스","카페","카페","외식(프랜차이즈 등 업체 제공 영양정보) | 음료 및 차류 | 커피",""
"kfind-d220-748000000-0295","커피_아메리카노 핫(HOT) (R)","투썸플레이스","카페","카페","외식(프랜차이즈 등 업체 제공 영양정보) | 음료 및 차류 | 커피",""
"kfind-d220-748000000-0290","커피_아메리카노 핫(HOT) (L)","공차","음료","카페","외식(프랜차이즈 등 업체 제공 영양정보) | 음료 및 차류 | 커피",""
"kfind-d220-748000000-0292","커피_아메리카노 핫(HOT) (L)","투썸플레이스","카페","카페","외식(프랜차이즈 등 업체 제공 영양정보) | 음료 및 차류 | 커피",""
"kfind-d220-748000000-0289","커피_아메리카노 핫(HOT) (J)","공차","음료","카페","외식(프랜차이즈 등 업체 제공 영양정보) | 음료 및 차류 | 커피",""
"kfind-d220-748000000-0288","커피_아메리카노 핫(HOT) (EX)","이디야","카페","카페","외식(프랜차이즈 등 업체 제공 영양정보) | 음료 및 차류 | 커피",""
"kfind-d220-748080000-0003","커피_아메리카노 핫(HOT)","컴포즈커피","카페","카페","외식(프랜차이즈 등 업체 제공 영양정보) | 음료 및 차류 | 커피 | 아메리카노",""
"kfind-d220-748080000-0069","커피_아메리카노 핫(HOT)","할리스","카페","카페","외식(프랜차이즈 등 업체 제공 영양정보) | 음료 및 차류 | 커피 | 아메리카노",""
"kfind-d220-748080000-0080","커피_아메리카노 핫(HOT)","빽다방","카페","카페","외식(프랜차이즈 등 업체 제공 영양정보) | 음료 및 차류 | 커피 | 아메리카노",""
"kfind-d220-748000000-0300","커피_아메리카노 핫(HOT)","이디야","카페","카페","외식(프랜차이즈 등 업체 제공 영양정보) | 음료 및 차류 | 커피",""
"kfind-d220-748080000-0065","커피_아메리카노 아이스(ICED) 빽사이즈","빽다방","카페","카페","외식(프랜차이즈 등 업체 제공 영양정보) | 음료 및 차류 | 커피 | 아메리카노",""
"kfind-d220-748000000-0278","커피_아메리카노 아이스(ICED) (R)","투썸플레이스","카페","카페","외식(프랜차이즈 등 업체 제공 영양정보) | 음료 및 차류 | 커피",""
"kfind-d220-748000000-0275","커피_아메리카노 아이스(ICED) (L)","투썸플레이스","카페","카페","외식(프랜차이즈 등 업체 제공 영양정보) | 음료 및 차류 | 커피",""
"kfind-d220-748000000-0273","커피_아메리카노 아이스(ICED) (L)","공차","음료","카페","외식(프랜차이즈 등 업체 제공 영양정보) | 음료 및 차류 | 커피",""
"kfind-d220-748000000-0272","커피_아메리카노 아이스(ICED) (J)","공차","음료","카페","외식(프랜차이즈 등 업체 제공 영양정보) | 음료 및 차류 | 커피",""
"kfind-d220-748000000-0271","커피_아메리카노 아이스(ICED) (EX)","이디야","카페","카페","외식(프랜차이즈 등 업체 제공 영양정보) | 음료 및 차류 | 커피",""
"kfind-d220-748080000-0049","커피_아메리카노 아이스(ICED)","할리스","카페","카페","외식(프랜차이즈 등 업체 제공 영양정보) | 음료 및 차류 | 커피 | 아메리카노",""
"kfind-d220-748080000-0052","커피_아메리카노 아이스(ICED)","빽다방","카페","카페","외식(프랜차이즈 등 업체 제공 영양정보) | 음료 및 차류 | 커피 | 아메리카노",""
"kfind-d220-748080000-0002","커피_아메리카노 아이스(ICED)","컴포즈커피","카페","카페","외식(프랜차이즈 등 업체 제공 영양정보) | 음료 및 차류 | 커피 | 아메리카노",""
"kfind-d220-748000000-0284","커피_아메리카노 아이스(ICED)","이디야","카페","카페","외식(프랜차이즈 등 업체 제공 영양정보) | 음료 및 차류 | 커피",""
"kfind-d220-748080000-0036","커피_아메리카노 ESP 핫(HOT) (L)","공차","음료","카페","외식(프랜차이즈 등 업체 제공 영양정보) | 음료 및 차류 | 커피 | 아메리카노",""
"kfind-d220-748080000-0035","커피_아메리카노 ESP 핫(HOT) (J)","공차","음료","카페","외식(프랜차이즈 등 업체 제공 영양정보) | 음료 및 차류 | 커피 | 아메리카노",""
"kfind-d220-748080000-0034","커피_아메리카노 ESP 아이스(ICED) (L)","공차","음료","카페","외식(프랜차이즈 등 업체 제공 영양정보) | 음료 및 차류 | 커피 | 아메리카노",""
"kfind-d220-748080000-0033","커피_아메리카노 ESP 아이스(ICED) (J)","공차","음료","카페","외식(프랜차이즈 등 업체 제공 영양정보) | 음료 및 차류 | 커피 | 아메리카노",""
"kfind-d220-748080000-0032","커피_아메리카노 DRIP 핫(HOT) (L)","공차","음료","카페","외식(프랜차이즈 등 업체 제공 영양정보) | 음료 및 차류 | 커피 | 아메리카노",""
"kfind-d220-748080000-0031","커피_아메리카노 DRIP 핫(HOT) (J)","공차","음료","카페","외식(프랜차이즈 등 업체 제공 영양정보) | 음료 및 차류 | 커피 | 아메리카노",""
"kfind-d220-748080000-0030","커피_아메리카노 DRIP 아이스(ICED) (L)","공차","음료","카페","외식(프랜차이즈 등 업체 제공 영양정보) | 음료 및 차류 | 커피 | 아메리카노",""
"kfind-d220-748080000-0029","커피_아메리카노 DRIP 아이스(ICED) (J)","공차","음료","카페","외식(프랜차이즈 등 업체 제공 영양정보) | 음료 및 차류 | 커피 | 아메리카노",""
"kfind-d220-748000000-1478","커피_시그니처 라떼 핫(HOT) (L)","이디야","카페","카페","외식(프랜차이즈 등 업체 제공 영양정보) | 음료 및 차류 | 커피",""
"kfind-d220-748000000-1477","커피_시그니처 라떼 핫(HOT) (EX)","이디야","카페","카페","외식(프랜차이즈 등 업체 제공 영양정보) | 음료 및 차류 | 커피",""
"kfind-d220-748000000-1476","커피_시그니처 라떼 아이스(ICED) (EX)","이디야","카페","카페","외식(프랜차이즈 등 업체 제공 영양정보) | 음료 및 차류 | 커피",""
"kfind-d220-748000000-0232","커피_시그니처 더 블랙 콜드 브루 보틀","스타벅스","카페","카페","외식(프랜차이즈 등 업체 제공 영양정보) | 음료 및 차류 | 커피",""
"kfind-d220-748000000-0225","커피_스페니쉬연유카페 라떼 핫(HOT) (R)","투썸플레이스","카페","카페","외식(프랜차이즈 등 업체 제공 영양정보) | 음료 및 차류 | 커피",""
"kfind-d220-748000000-0224","커피_스페니쉬연유카페 라떼 핫(HOT) (L)","투썸플레이스","카페","카페","외식(프랜차이즈 등 업체 제공 영양정보) | 음료 및 차류 | 커피",""
"kfind-d220-748000000-0223","커피_스페니쉬연유카페 라떼 아이스(ICED) (R)","투썸플레이스","카페","카페","외식(프랜차이즈 등 업체 제공 영양정보) | 음료 및 차류 | 커피",""
"kfind-d220-748000000-0222","커피_스페니쉬연유카페 라떼 아이스(ICED) (Max)","투썸플레이스","카페","카페","외식(프랜차이즈 등 업체 제공 영양정보) | 음료 및 차류 | 커피",""
"kfind-d220-748000000-0221","커피_스페니쉬연유카페 라떼 아이스(ICED) (L)","투썸플레이스","카페","카페","외식(프랜차이즈 등 업체 제공 영양정보) | 음료 및 차류 | 커피",""
"kfind-d220-748000000-0220","커피_스파클링 시트러스 에스프레소 (Tall)","스타벅스","카페","카페","외식(프랜차이즈 등 업체 제공 영양정보) | 음료 및 차류 | 커피",""
"kfind-d220-748000000-0219","커피_스타벅스 돌체 라떼 핫(HOT) (Tall)","스타벅스","카페","카페","외식(프랜차이즈 등 업체 제공 영양정보) | 음료 및 차류 | 커피",""
"kfind-d220-748000000-0218","커피_스타벅스 돌체 라떼 아이스(ICED) (Tall)","스타벅스","카페","카페","외식(프랜차이즈 등 업체 제공 영양정보) | 음료 및 차류 | 커피",""
"kfind-d220-748000000-0217","커피_숏카페 라떼 핫(HOT) (Short)","투썸플레이스","카페","카페","외식(프랜차이즈 등 업체 제공 영양정보) | 음료 및 차류 | 커피",""
"kfind-d220-748000000-0216","커피_숏카페 라떼 아이스(ICED) (Short)","투썸플레이스","카페","카페","외식(프랜차이즈 등 업체 제공 영양정보) | 음료 및 차류 | 커피",""
"kfind-d220-748000000-0213","커피_사케라또 아포가토 (Tall)","스타벅스","카페","카페","외식(프랜차이즈 등 업체 제공 영양정보) | 음료 및 차류 | 커피",""
"kfind-d220-748000000-0212","커피_사케라또 비안코 오버 아이스(ICED) (Tall)","스타벅스","카페","카페","외식(프랜차이즈 등 업체 제공 영양정보) | 음료 및 차류 | 커피",""
"kfind-d220-748000000-0210","커피_빽’s 카페 라떼 핫(HOT)","빽다방","카페","카페","외식(프랜차이즈 등 업체 제공 영양정보) | 음료 및 차류 | 커피",""
"kfind-d220-748000000-0211","커피_빽’s 카페 라떼 아이스(ICED) 빽사이즈","빽다방","카페","카페","외식(프랜차이즈 등 업체 제공 영양정보) | 음료 및 차류 | 커피",""
"kfind-d220-748000000-0209","커피_빽’s 카페 라떼 아이스(ICED)","빽다방","카페","카페","외식(프랜차이즈 등 업체 제공 영양정보) | 음료 및 차류 | 커피",""
"kfind-d220-748080000-0001","커피_빅포즈 아메리카노","컴포즈커피","카페","카페","외식(프랜차이즈 등 업체 제공 영양정보) | 음료 및 차류 | 커피 | 아메리카노",""
"kfind-d220-748000000-0193","커피_블론드 바닐라 더블 샷 마키아또 핫(HOT) (Tall)","스타벅스","카페","카페","외식(프랜차이즈 등 업체 제공 영양정보) | 음료 및 차류 | 커피",""
"kfind-d220-748000000-0192","커피_블론드 바닐라 더블 샷 마키아또 아이스(ICED) (Tall)","스타벅스","카페","카페","외식(프랜차이즈 등 업체 제공 영양정보) | 음료 및 차류 | 커피",""
"kfind-d220-748110000-0033","커피_블랙펄 카페 라떼 아이스(ICED)","빽다방","카페","카페","외식(프랜차이즈 등 업체 제공 영양정보) | 음료 및 차류 | 커피 | 카페라떼",""
"kfind-d220-748080000-0024","커피_블랙아리아 아메리카노 핫(HOT)","할리스","카페","카페","외식(프랜차이즈 등 업체 제공 영양정보) | 음료 및 차류 | 커피 | 아메리카노",""
"kfind-d220-748080000-0023","커피_블랙아리아 아메리카노 아이스(ICED)","할리스","카페","카페","외식(프랜차이즈 등 업체 제공 영양정보) | 음료 및 차류 | 커피 | 아메리카노",""
"kfind-d220-748000000-1466","커피_블랙아리아 딥라떼 핫(HOT)","할리스","카페","카페","외식(프랜차이즈 등 업체 제공 영양정보) | 음료 및 차류 | 커피",""
"kfind-d220-748000000-1465","커피_블랙아리아 딥라떼 아이스(ICED)","할리스","카페","카페","외식(프랜차이즈 등 업체 제공 영양정보) | 음료 및 차류 | 커피",""
"kfind-d220-748000000-0183","커피_벨벳 다크 모카 나이트로 (Tall)","스타벅스","카페","카페","외식(프랜차이즈 등 업체 제공 영양정보) | 음료 및 차류 | 커피",""
"kfind-d220-748000000-0178","커피_버블흑당콜드브루","이디야","카페","카페","외식(프랜차이즈 등 업체 제공 영양정보) | 음료 및 차류 | 커피",""
"kfind-d220-748000000-0177","커피_바닐라카페 라떼 핫(HOT) (R)","투썸플레이스","카페","카페","외식(프랜차이즈 등 업체 제공 영양정보) | 음료 및 차류 | 커피",""
"kfind-d220-748000000-0176","커피_바닐라카페 라떼 핫(HOT) (L)","투썸플레이스","카페","카페","외식(프랜차이즈 등 업체 제공 영양정보) | 음료 및 차류 | 커피",""
"kfind-d220-748000000-0175","커피_바닐라카페 라떼 아이스(ICED) (R)","투썸플레이스","카페","카페","외식(프랜차이즈 등 업체 제공 영양정보) | 음료 및 차류 | 커피",""
"kfind-d220-748000000-0174","커피_바닐라카페 라떼 아이스(ICED) (Max)","투썸플레이스","카페","카페","외식(프랜차이즈 등 업체 제공 영양정보) | 음료 및 차류 | 커피",""
"kfind-d220-748000000-0173","커피_바닐라카페 라떼 아이스(ICED) (L)","투썸플레이스","카페","카페","외식(프랜차이즈 등 업체 제공 영양정보) | 음료 및 차류 | 커피",""
"kfind-d220-748000000-0149","커피_바닐라딜라이트 핫(HOT)","할리스","카페","카페","외식(프랜차이즈 등 업체 제공 영양정보) | 음료 및 차류 | 커피",""
"kfind-d220-748000000-0148","커피_바닐라딜라이트 아이스(ICED)","할리스","카페","카페","외식(프랜차이즈 등 업체 제공 영양정보) | 음료 및 차류 | 커피",""
"kfind-d220-748000000-0147","커피_바닐라 플랫 화이트 (Tall)","스타벅스","카페","카페","외식(프랜차이즈 등 업체 제공 영양정보) | 음료 및 차류 | 커피",""
"kfind-d220-748000000-0146","커피_바닐라 크림 콜드 브루 (Tall)","스타벅스","카페","카페","외식(프랜차이즈 등 업체 제공 영양정보) | 음료 및 차류 | 커피",""
"kfind-d220-748000000-0143","커피_바닐라 카페 라떼 핫(HOT) (L)","공차","음료","카페","외식(프랜차이즈 등 업체 제공 영양정보) | 음료 및 차류 | 커피",""
"kfind-d220-748000000-0142","커피_바닐라 카페 라떼 핫(HOT) (J)","공차","음료","카페","외식(프랜차이즈 등 업체 제공 영양정보) | 음료 및 차류 | 커피",""
"kfind-d220-748000000-0139","커피_바닐라 카페 라떼 아이스(ICED) (L)","공차","음료","카페","외식(프랜차이즈 등 업체 제공 영양정보) | 음료 및 차류 | 커피",""
"kfind-d220-748000000-0138","커피_바닐라 카페 라떼 아이스(ICED) (J)","공차","음료","카페","외식(프랜차이즈 등 업체 제공 영양정보) | 음료 및 차류 | 커피",""
"kfind-d220-748110000-0030","커피_바닐라 카페 라떼 ESP 핫(HOT) (L)","공차","음료","카페","외식(프랜차이즈 등 업체 제공 영양정보) | 음료 및 차류 | 커피 | 카페라떼",""
"kfind-d220-748110000-0029","커피_바닐라 카페 라떼 ESP 핫(HOT) (J)","공차","음료","카페","외식(프랜차이즈 등 업체 제공 영양정보) | 음료 및 차류 | 커피 | 카페라떼",""
"kfind-d220-748110000-0028","커피_바닐라 카페 라떼 ESP 아이스(ICED) (L)","공차","음료","카페","외식(프랜차이즈 등 업체 제공 영양정보) | 음료 및 차류 | 커피 | 카페라떼",""
"kfind-d220-748110000-0027","커피_바닐라 카페 라떼 ESP 아이스(ICED) (J)","공차","음료","카페","외식(프랜차이즈 등 업체 제공 영양정보) | 음료 및 차류 | 커피 | 카페라떼",""
"kfind-d220-748110000-0026","커피_바닐라 카페 라떼 DRIP 핫(HOT) (L)","공차","음료","카페","외식(프랜차이즈 등 업체 제공 영양정보) | 음료 및 차류 | 커피 | 카페라떼",""
"kfind-d220-748110000-0025","커피_바닐라 카페 라떼 DRIP 핫(HOT) (J)","공차","음료","카페","외식(프랜차이즈 등 업체 제공 영양정보) | 음료 및 차류 | 커피 | 카페라떼",""
"kfind-d220-748110000-0024","커피_바닐라 카페 라떼 DRIP 아이스(ICED) (L)","공차","음료","카페","외식(프랜차이즈 등 업체 제공 영양정보) | 음료 및 차류 | 커피 | 카페라떼",""
"kfind-d220-748110000-0023","커피_바닐라 카페 라떼 DRIP 아이스(ICED) (J)","공차","음료","카페","외식(프랜차이즈 등 업체 제공 영양정보) | 음료 및 차류 | 커피 | 카페라떼",""
"kfind-d220-748000000-1441","커피_바닐라 오트 콜드브루","이디야","카페","카페","외식(프랜차이즈 등 업체 제공 영양정보) | 음료 및 차류 | 커피",""
"kfind-d220-748000000-0137","커피_바닐라 스타벅스 더블 샷","스타벅스","카페","카페","외식(프랜차이즈 등 업체 제공 영양정보) | 음료 및 차류 | 커피",""
"kfind-d220-748000000-0136","커피_바닐라 빈 라떼 핫(HOT) (Tall)","스타벅스","카페","카페","외식(프랜차이즈 등 업체 제공 영양정보) | 음료 및 차류 | 커피",""
"kfind-d220-748000000-0135","커피_바닐라 빈 라떼 아이스(ICED) (Tall)","스타벅스","카페","카페","외식(프랜차이즈 등 업체 제공 영양정보) | 음료 및 차류 | 커피",""
"kfind-d220-748000000-1429","커피_바닐라 라떼 핫(HOT) (L)","이디야","카페","카페","외식(프랜차이즈 등 업체 제공 영양정보) | 음료 및 차류 | 커피",""
"kfind-d220-748000000-1427","커피_바닐라 라떼 핫(HOT) (EX)","이디야","카페","카페","외식(프랜차이즈 등 업체 제공 영양정보) | 음료 및 차류 | 커피",""
"kfind-d220-748000000-0166","커피_바닐라 라떼 핫(HOT)","이디야","카페","카페","외식(프랜차이즈 등 업체 제공 영양정보) | 음료 및 차류 | 커피",""
"kfind-d220-748000000-1424","커피_바닐라 라떼 핫(HOT)","빽다방","카페","카페","외식(프랜차이즈 등 업체 제공 영양정보) | 음료 및 차류 | 커피",""
"kfind-d220-748000000-1409","커피_바닐라 라떼 아이스(ICED) (L)","이디야","카페","카페","외식(프랜차이즈 등 업체 제공 영양정보) | 음료 및 차류 | 커피",""
"kfind-d220-748000000-1406","커피_바닐라 라떼 아이스(ICED) (EX)","이디야","카페","카페","외식(프랜차이즈 등 업체 제공 영양정보) | 음료 및 차류 | 커피",""
"kfind-d220-748000000-0159","커피_바닐라 라떼 아이스(ICED)","이디야","카페","카페","외식(프랜차이즈 등 업체 제공 영양정보) | 음료 및 차류 | 커피",""
"kfind-d220-748000000-1402","커피_바닐라 라떼 아이스(ICED)","빽다방","카페","카페","외식(프랜차이즈 등 업체 제공 영양정보) | 음료 및 차류 | 커피",""
"kfind-d220-748000000-1389","커피_바닐라 딜라이트 핫(HOT)","할리스","카페","카페","외식(프랜차이즈 등 업체 제공 영양정보) | 음료 및 차류 | 커피",""
"kfind-d220-748000000-1388","커피_바닐라 딜라이트 아이스(ICED)","할리스","카페","카페","외식(프랜차이즈 등 업체 제공 영양정보) | 음료 및 차류 | 커피",""
"kfind-d220-748110000-0021","커피_바나나 카페 라떼 핫(HOT)","빽다방","카페","카페","외식(프랜차이즈 등 업체 제공 영양정보) | 음료 및 차류 | 커피 | 카페라떼",""
"kfind-d220-748110000-0020","커피_바나나 카페 라떼 아이스(ICED)","빽다방","카페","카페","외식(프랜차이즈 등 업체 제공 영양정보) | 음료 및 차류 | 커피 | 카페라떼",""
"kfind-d220-748000000-0118","커피_민트모카 핫(HOT)","이디야","카페","카페","외식(프랜차이즈 등 업체 제공 영양정보) | 음료 및 차류 | 커피",""
"kfind-d220-748000000-0114","커피_민트모카 아이스(ICED)","이디야","카페","카페","외식(프랜차이즈 등 업체 제공 영양정보) | 음료 및 차류 | 커피",""
"kfind-d220-748000000-1373","커피_민트 모카 핫(HOT)","이디야","카페","카페","외식(프랜차이즈 등 업체 제공 영양정보) | 음료 및 차류 | 커피",""
"kfind-d220-748000000-1372","커피_민트 모카 아이스(ICED)","이디야","카페","카페","외식(프랜차이즈 등 업체 제공 영양정보) | 음료 및 차류 | 커피",""
"kfind-d220-748000000-0111","커피_모카 카페 라떼 핫(HOT) (L)","공차","음료","카페","외식(프랜차이즈 등 업체 제공 영양정보) | 음료 및 차류 | 커피",""
"kfind-d220-748000000-0110","커피_모카 카페 라떼 핫(HOT) (J)","공차","음료","카페","외식(프랜차이즈 등 업체 제공 영양정보) | 음료 및 차류 | 커피",""
"kfind-d220-748000000-0109","커피_모카 카페 라떼 아이스(ICED) (L)","공차","음료","카페","외식(프랜차이즈 등 업체 제공 영양정보) | 음료 및 차류 | 커피",""
"kfind-d220-748000000-0108","커피_모카 카페 라떼 아이스(ICED) (J)","공차","음료","카페","외식(프랜차이즈 등 업체 제공 영양정보) | 음료 및 차류 | 커피",""
"kfind-d220-748000000-0105","커피_리스트레또 딜라이트 핫(HOT)","할리스","카페","카페","외식(프랜차이즈 등 업체 제공 영양정보) | 음료 및 차류 | 커피",""
"kfind-d220-748000000-0104","커피_리스트레또 딜라이트 아이스(ICED)","할리스","카페","카페","외식(프랜차이즈 등 업체 제공 영양정보) | 음료 및 차류 | 커피",""
"kfind-d220-748000000-0103","커피_롱블랫 핫(HOT) (Short)","투썸플레이스","카페","카페","외식(프랜차이즈 등 업체 제공 영양정보) | 음료 및 차류 | 커피",""
"kfind-d220-748000000-0102","커피_롱블랫 아이스(ICED) (Short)","투썸플레이스","카페","카페","외식(프랜차이즈 등 업체 제공 영양정보) | 음료 및 차류 | 커피",""
"kfind-d220-748000000-0101","커피_럼 샷 코르타도 (Short)","스타벅스","카페","카페","외식(프랜차이즈 등 업체 제공 영양정보) | 음료 및 차류 | 커피",""
"kfind-d220-748000000-0100","커피_라벤더 카페 브레베 핫(HOT) (Tall)","스타벅스","카페","카페","외식(프랜차이즈 등 업체 제공 영양정보) | 음료 및 차류 | 커피",""
"kfind-d220-748000000-0099","커피_라벤더 카페 브레베 아이스(ICED) (Tall)","스타벅스","카페","카페","외식(프랜차이즈 등 업체 제공 영양정보) | 음료 및 차류 | 커피",""
"kfind-d220-748000000-0098","커피_라벤더 블론드 스타벅스 더블 샷","스타벅스","카페","카페","외식(프랜차이즈 등 업체 제공 영양정보) | 음료 및 차류 | 커피",""
"kfind-d220-748000000-1187","커피_디카페인커피 핫(HOT)","컴포즈커피","카페","카페","외식(프랜차이즈 등 업체 제공 영양정보) | 음료 및 차류 | 커피",""
"kfind-d220-748000000-1186","커피_디카페인커피 아이스(ICED)","컴포즈커피","카페","카페","외식(프랜차이즈 등 업체 제공 영양정보) | 음료 및 차류 | 커피",""
"kfind-d220-748000000-1185","커피_디카페인라떼 핫(HOT)","컴포즈커피","카페","카페","외식(프랜차이즈 등 업체 제공 영양정보) | 음료 및 차류 | 커피",""
"kfind-d220-748000000-1184","커피_디카페인라떼 아이스(ICED)","컴포즈커피","카페","카페","외식(프랜차이즈 등 업체 제공 영양정보) | 음료 및 차류 | 커피",""
"kfind-d220-748000000-1347","커피_디카페인 흑당 콜드브루 (EX)","이디야","카페","카페","외식(프랜차이즈 등 업체 제공 영양정보) | 음료 및 차류 | 커피",""
"kfind-d220-748000000-1346","커피_디카페인 흑당 콜드브루","이디야","카페","카페","외식(프랜차이즈 등 업체 제공 영양정보) | 음료 및 차류 | 커피",""
"kfind-d220-748000000-1343","커피_디카페인 화이트 초콜릿 모카 핫(HOT) (L)","이디야","카페","디저트","외식(프랜차이즈 등 업체 제공 영양정보) | 음료 및 차류 | 커피",""
"kfind-d220-748000000-1342","커피_디카페인 화이트 초콜릿 모카 핫(HOT) (EX)","이디야","카페","디저트","외식(프랜차이즈 등 업체 제공 영양정보) | 음료 및 차류 | 커피",""
"kfind-d220-748000000-1341","커피_디카페인 화이트 초콜릿 모카 아이스(ICED) (L)","이디야","카페","디저트","외식(프랜차이즈 등 업체 제공 영양정보) | 음료 및 차류 | 커피",""
"kfind-d220-748000000-1340","커피_디카페인 화이트 초콜릿 모카 아이스(ICED) (EX)","이디야","카페","디저트","외식(프랜차이즈 등 업체 제공 영양정보) | 음료 및 차류 | 커피",""
"kfind-d220-748000000-1332","커피_디카페인 콜드브루 흑당 라떼 아이스(ICED)","빽다방","카페","카페","외식(프랜차이즈 등 업체 제공 영양정보) | 음료 및 차류 | 커피",""
"kfind-d220-748000000-0090","커피_디카페인 콜드브루 화이트비엔나","이디야","카페","카페","외식(프랜차이즈 등 업체 제공 영양정보) | 음료 및 차류 | 커피",""
"kfind-d220-748000000-1331","커피_디카페인 콜드브루 화이트 비엔나","이디야","카페","카페","외식(프랜차이즈 등 업체 제공 영양정보) | 음료 및 차류 | 커피",""
"kfind-d220-748000000-0089","커피_디카페인 콜드브루 티라미수","이디야","카페","카페","외식(프랜차이즈 등 업체 제공 영양정보) | 음료 및 차류 | 커피",""
"kfind-d220-748000000-0088","커피_디카페인 콜드브루 크림넛","이디야","카페","카페","외식(프랜차이즈 등 업체 제공 영양정보) | 음료 및 차류 | 커피",""
"kfind-d220-748000000-1328","커피_디카페인 콜드브루 연유 라떼 아이스(ICED)","빽다방","카페","카페","외식(프랜차이즈 등 업체 제공 영양정보) | 음료 및 차류 | 커피",""
"kfind-d220-748000000-0087","커피_디카페인 콜드브루 아인슈페너","이디야","카페","카페","외식(프랜차이즈 등 업체 제공 영양정보) | 음료 및 차류 | 커피",""
"kfind-d220-748000000-1321","커피_디카페인 콜드브루 아이스(ICED)","빽다방","카페","카페","외식(프랜차이즈 등 업체 제공 영양정보) | 음료 및 차류 | 커피",""
"kfind-d220-748080000-0017","커피_디카페인 콜드브루 아메리카노 (EX)","이디야","카페","카페","외식(프랜차이즈 등 업체 제공 영양정보) | 음료 및 차류 | 커피 | 아메리카노",""
"kfind-d220-748080000-0016","커피_디카페인 콜드브루 아메리카노","이디야","카페","카페","외식(프랜차이즈 등 업체 제공 영양정보) | 음료 및 차류 | 커피 | 아메리카노",""
"kfind-d220-748000000-0092","커피_디카페인 콜드브루 라떼 흑당","빽다방","카페","카페","외식(프랜차이즈 등 업체 제공 영양정보) | 음료 및 차류 | 커피",""
"kfind-d220-748000000-0091","커피_디카페인 콜드브루 라떼 연유","빽다방","카페","카페","외식(프랜차이즈 등 업체 제공 영양정보) | 음료 및 차류 | 커피",""
"kfind-d220-748000000-1317","커피_디카페인 콜드브루 라떼 아이스(ICED)","빽다방","카페","카페","외식(프랜차이즈 등 업체 제공 영양정보) | 음료 및 차류 | 커피",""
"kfind-d220-748000000-1313","커피_디카페인 콜드브루 라떼 (EX)","이디야","카페","카페","외식(프랜차이즈 등 업체 제공 영양정보) | 음료 및 차류 | 커피",""
"kfind-d220-748000000-1312","커피_디카페인 콜드브루 라떼","이디야","카페","카페","외식(프랜차이즈 등 업체 제공 영양정보) | 음료 및 차류 | 커피",""
"kfind-d220-748000000-0093","커피_디카페인 콜드브루 라떼","빽다방","카페","카페","외식(프랜차이즈 등 업체 제공 영양정보) | 음료 및 차류 | 커피",""
"kfind-d220-748000000-1311","커피_디카페인 콜드브루 니트로 아이스(ICED)","이디야","카페","카페","외식(프랜차이즈 등 업체 제공 영양정보) | 음료 및 차류 | 커피",""
"kfind-d220-748000000-0094","커피_디카페인 콜드브루","빽다방","카페","카페","외식(프랜차이즈 등 업체 제공 영양정보) | 음료 및 차류 | 커피",""
"kfind-d220-748130000-0006","커피_디카페인 카푸치노 핫(HOT)","이디야","카페","카페","외식(프랜차이즈 등 업체 제공 영양정보) | 음료 및 차류 | 커피 | 카푸치노",""
"kfind-d220-748130000-0005","커피_디카페인 카푸치노 아이스(ICED)","이디야","카페","카페","외식(프랜차이즈 등 업체 제공 영양정보) | 음료 및 차류 | 커피 | 카푸치노",""
"kfind-d220-748080000-0015","커피_디카페인 카페 아메리카노 핫(HOT) (L)","이디야","카페","카페","외식(프랜차이즈 등 업체 제공 영양정보) | 음료 및 차류 | 커피 | 아메리카노",""
"kfind-d220-748080000-0014","커피_디카페인 카페 아메리카노 핫(HOT) (EX)","이디야","카페","카페","외식(프랜차이즈 등 업체 제공 영양정보) | 음료 및 차류 | 커피 | 아메리카노",""
"kfind-d220-748080000-0013","커피_디카페인 카페 아메리카노 아이스(ICED) (L)","이디야","카페","카페","외식(프랜차이즈 등 업체 제공 영양정보) | 음료 및 차류 | 커피 | 아메리카노",""
"kfind-d220-748080000-0012","커피_디카페인 카페 아메리카노 아이스(ICED) (EX)","이디야","카페","카페","외식(프랜차이즈 등 업체 제공 영양정보) | 음료 및 차류 | 커피 | 아메리카노",""
"kfind-d220-748120000-0007","커피_디카페인 카페 모카 핫(HOT) (L)","이디야","카페","카페","외식(프랜차이즈 등 업체 제공 영양정보) | 음료 및 차류 | 커피 | 카페모카",""
"kfind-d220-748120000-0006","커피_디카페인 카페 모카 핫(HOT) (EX)","이디야","카페","카페","외식(프랜차이즈 등 업체 제공 영양정보) | 음료 및 차류 | 커피 | 카페모카",""
"kfind-d220-748120000-0004","커피_디카페인 카페 모카 아이스(ICED) (L)","이디야","카페","카페","외식(프랜차이즈 등 업체 제공 영양정보) | 음료 및 차류 | 커피 | 카페모카",""
"kfind-d220-748120000-0003","커피_디카페인 카페 모카 아이스(ICED) (EX)","이디야","카페","카페","외식(프랜차이즈 등 업체 제공 영양정보) | 음료 및 차류 | 커피 | 카페모카",""
"kfind-d220-748110000-0017","커피_디카페인 카페 라떼 핫(HOT) (L)","이디야","카페","카페","외식(프랜차이즈 등 업체 제공 영양정보) | 음료 및 차류 | 커피 | 카페라떼",""
"kfind-d220-748110000-0016","커피_디카페인 카페 라떼 핫(HOT) (EX)","이디야","카페","카페","외식(프랜차이즈 등 업체 제공 영양정보) | 음료 및 차류 | 커피 | 카페라떼",""
"kfind-d220-748110000-0013","커피_디카페인 카페 라떼 핫(HOT)","할리스","카페","카페","외식(프랜차이즈 등 업체 제공 영양정보) | 음료 및 차류 | 커피 | 카페라떼",""
"kfind-d220-748110000-0012","커피_디카페인 카페 라떼 아이스(ICED) (L)","이디야","카페","카페","외식(프랜차이즈 등 업체 제공 영양정보) | 음료 및 차류 | 커피 | 카페라떼",""
"kfind-d220-748110000-0011","커피_디카페인 카페 라떼 아이스(ICED) (EX)","이디야","카페","카페","외식(프랜차이즈 등 업체 제공 영양정보) | 음료 및 차류 | 커피 | 카페라떼",""
"kfind-d220-748110000-0010","커피_디카페인 카페 라떼 아이스(ICED)","할리스","카페","카페","외식(프랜차이즈 등 업체 제공 영양정보) | 음료 및 차류 | 커피 | 카페라떼",""
"kfind-d220-748100000-0008","커피_디카페인 카라멜 마끼아또 핫(HOT) (L)","이디야","카페","카페","외식(프랜차이즈 등 업체 제공 영양정보) | 음료 및 차류 | 커피 | 카라멜마끼아토",""
"kfind-d220-748100000-0007","커피_디카페인 카라멜 마끼아또 핫(HOT) (EX)","이디야","카페","카페","외식(프랜차이즈 등 업체 제공 영양정보) | 음료 및 차류 | 커피 | 카라멜마끼아토",""
"kfind-d220-748100000-0006","커피_디카페인 카라멜 마끼아또 아이스(ICED) (L)","이디야","카페","카페","외식(프랜차이즈 등 업체 제공 영양정보) | 음료 및 차류 | 커피 | 카라멜마끼아토",""
"kfind-d220-748100000-0005","커피_디카페인 카라멜 마끼아또 아이스(ICED) (EX)","이디야","카페","카페","외식(프랜차이즈 등 업체 제공 영양정보) | 음료 및 차류 | 커피 | 카라멜마끼아토",""
"kfind-d220-748000000-1310","커피_디카페인 연유 콜드브루 (EX)","이디야","카페","카페","외식(프랜차이즈 등 업체 제공 영양정보) | 음료 및 차류 | 커피",""
"kfind-d220-748000000-1309","커피_디카페인 연유 콜드브루","이디야","카페","카페","외식(프랜차이즈 등 업체 제공 영양정보) | 음료 및 차류 | 커피",""
"kfind-d220-748110000-0007","커피_디카페인 연유 카페 라떼 핫(HOT) (L)","이디야","카페","카페","외식(프랜차이즈 등 업체 제공 영양정보) | 음료 및 차류 | 커피 | 카페라떼",""
"kfind-d220-748110000-0006","커피_디카페인 연유 카페 라떼 핫(HOT) (EX)","이디야","카페","카페","외식(프랜차이즈 등 업체 제공 영양정보) | 음료 및 차류 | 커피 | 카페라떼",""
"kfind-d220-748110000-0005","커피_디카페인 연유 카페 라떼 아이스(ICED) (L)","이디야","카페","카페","외식(프랜차이즈 등 업체 제공 영양정보) | 음료 및 차류 | 커피 | 카페라떼",""
"kfind-d220-748110000-0004","커피_디카페인 연유 카페 라떼 아이스(ICED) (EX)","이디야","카페","카페","외식(프랜차이즈 등 업체 제공 영양정보) | 음료 및 차류 | 커피 | 카페라떼",""
"kfind-d220-748000000-1305","커피_디카페인 에스프레소 핫(HOT)","이디야","카페","카페","외식(프랜차이즈 등 업체 제공 영양정보) | 음료 및 차류 | 커피",""
"kfind-d220-748000000-1304","커피_디카페인 에스프레소 콘파냐 핫(HOT)","이디야","카페","카페","외식(프랜차이즈 등 업체 제공 영양정보) | 음료 및 차류 | 커피",""
"kfind-d220-748000000-1303","커피_디카페인 에스프레소 마끼아또 핫(HOT)","이디야","카페","카페","외식(프랜차이즈 등 업체 제공 영양정보) | 음료 및 차류 | 커피",""
"kfind-d220-748000000-1302","커피_디카페인 아포가토 오리지널","이디야","카페","카페","외식(프랜차이즈 등 업체 제공 영양정보) | 음료 및 차류 | 커피",""
"kfind-d220-748080000-0009","커피_디카페인 아메리카노 핫(HOT)","할리스","카페","카페","외식(프랜차이즈 등 업체 제공 영양정보) | 음료 및 차류 | 커피 | 아메리카노",""
"kfind-d220-748080000-0008","커피_디카페인 아메리카노 아이스(ICED)","할리스","카페","카페","외식(프랜차이즈 등 업체 제공 영양정보) | 음료 및 차류 | 커피 | 아메리카노",""
"kfind-d220-748000000-1295","커피_디카페인 시그니처 라떼 핫(HOT) (L)","이디야","카페","카페","외식(프랜차이즈 등 업체 제공 영양정보) | 음료 및 차류 | 커피",""
"kfind-d220-748000000-1294","커피_디카페인 시그니처 라떼 핫(HOT) (EX)","이디야","카페","카페","외식(프랜차이즈 등 업체 제공 영양정보) | 음료 및 차류 | 커피",""
"kfind-d220-748000000-1293","커피_디카페인 시그니처 라떼 아이스(ICED) (L)","이디야","카페","카페","외식(프랜차이즈 등 업체 제공 영양정보) | 음료 및 차류 | 커피",""
"kfind-d220-748000000-1292","커피_디카페인 시그니처 라떼 아이스(ICED) (EX)","이디야","카페","카페","외식(프랜차이즈 등 업체 제공 영양정보) | 음료 및 차류 | 커피",""
"kfind-d220-748000000-0066","커피_디카페인 버블 흑당 콜드브루 (EX)","이디야","카페","카페","외식(프랜차이즈 등 업체 제공 영양정보) | 음료 및 차류 | 커피",""
"kfind-d220-748000000-0067","커피_디카페인 버블 흑당 콜드브루","이디야","카페","카페","외식(프랜차이즈 등 업체 제공 영양정보) | 음료 및 차류 | 커피",""
"kfind-d220-748000000-1287","커피_디카페인 바닐라 오트 콜드브루","이디야","카페","카페","외식(프랜차이즈 등 업체 제공 영양정보) | 음료 및 차류 | 커피",""
"kfind-d220-748000000-1286","커피_디카페인 바닐라 라떼 핫(HOT) (L)","이디야","카페","카페","외식(프랜차이즈 등 업체 제공 영양정보) | 음료 및 차류 | 커피",""
"kfind-d220-748000000-1285","커피_디카페인 바닐라 라떼 핫(HOT) (EX)","이디야","카페","카페","외식(프랜차이즈 등 업체 제공 영양정보) | 음료 및 차류 | 커피",""
"kfind-d220-748000000-1282","커피_디카페인 바닐라 라떼 아이스(ICED) (L)","이디야","카페","카페","외식(프랜차이즈 등 업체 제공 영양정보) | 음료 및 차류 | 커피",""
"kfind-d220-748000000-1281","커피_디카페인 바닐라 라떼 아이스(ICED) (EX)","이디야","카페","카페","외식(프랜차이즈 등 업체 제공 영양정보) | 음료 및 차류 | 커피",""
"kfind-d220-748000000-1278","커피_디카페인 바닐라 딜라이트 핫(HOT)","할리스","카페","카페","외식(프랜차이즈 등 업체 제공 영양정보) | 음료 및 차류 | 커피",""
"kfind-d220-748000000-1277","커피_디카페인 바닐라 딜라이트 아이스(ICED)","할리스","카페","카페","외식(프랜차이즈 등 업체 제공 영양정보) | 음료 및 차류 | 커피",""
"kfind-d220-748000000-0063","커피_디카페인 니트로 커피","이디야","카페","카페","외식(프랜차이즈 등 업체 제공 영양정보) | 음료 및 차류 | 커피",""
"kfind-d220-748000000-1268","커피_디카페인 넛츠 크림 라떼 아이스(ICED)","이디야","카페","카페","외식(프랜차이즈 등 업체 제공 영양정보) | 음료 및 차류 | 커피",""
"kfind-d220-748000000-1183","커피_돌체라떼 아이스(ICED)","컴포즈커피","카페","카페","외식(프랜차이즈 등 업체 제공 영양정보) | 음료 및 차류 | 커피",""
"kfind-d220-748000000-0049","커피_돌체 콜드 브루 (Tall)","스타벅스","카페","카페","외식(프랜차이즈 등 업체 제공 영양정보) | 음료 및 차류 | 커피",""
"kfind-d220-748000000-0047","커피_돌체 카페 라떼 핫(HOT) (L)","공차","음료","카페","외식(프랜차이즈 등 업체 제공 영양정보) | 음료 및 차류 | 커피",""
"kfind-d220-748000000-0046","커피_돌체 카페 라떼 핫(HOT) (J)","공차","음료","카페","외식(프랜차이즈 등 업체 제공 영양정보) | 음료 및 차류 | 커피",""
"kfind-d220-748000000-0045","커피_돌체 카페 라떼 아이스(ICED) (L)","공차","음료","카페","외식(프랜차이즈 등 업체 제공 영양정보) | 음료 및 차류 | 커피",""
"kfind-d220-748000000-0044","커피_돌체 카페 라떼 아이스(ICED) (J)","공차","음료","카페","외식(프랜차이즈 등 업체 제공 영양정보) | 음료 및 차류 | 커피",""
"kfind-d220-748000000-1245","커피_돌체 라떼 핫(HOT)","할리스","카페","카페","외식(프랜차이즈 등 업체 제공 영양정보) | 음료 및 차류 | 커피",""
"kfind-d220-748000000-1231","커피_돌체 라떼 아이스(ICED)","할리스","카페","카페","외식(프랜차이즈 등 업체 제공 영양정보) | 음료 및 차류 | 커피",""
"kfind-d220-748000000-0043","커피_데일리오트코코넛 라떼 핫(HOT) (R)","투썸플레이스","카페","카페","외식(프랜차이즈 등 업체 제공 영양정보) | 음료 및 차류 | 커피",""
"kfind-d220-748000000-0042","커피_데일리오트코코넛 라떼 핫(HOT) (L)","투썸플레이스","카페","카페","외식(프랜차이즈 등 업체 제공 영양정보) | 음료 및 차류 | 커피",""
"kfind-d220-748000000-0041","커피_데일리오트코코넛 라떼 아이스(ICED) (R)","투썸플레이스","카페","카페","외식(프랜차이즈 등 업체 제공 영양정보) | 음료 및 차류 | 커피",""
"kfind-d220-748000000-0040","커피_데일리오트코코넛 라떼 아이스(ICED) (Max)","투썸플레이스","카페","카페","외식(프랜차이즈 등 업체 제공 영양정보) | 음료 및 차류 | 커피",""
"kfind-d220-748000000-0039","커피_데일리오트코코넛 라떼 아이스(ICED) (L)","투썸플레이스","카페","카페","외식(프랜차이즈 등 업체 제공 영양정보) | 음료 및 차류 | 커피",""
"kfind-d220-748000000-1182","커피_더치커피 핫(HOT)","컴포즈커피","카페","카페","외식(프랜차이즈 등 업체 제공 영양정보) | 음료 및 차류 | 커피",""
"kfind-d220-748000000-1181","커피_더치라떼 아이스(ICED)","컴포즈커피","카페","카페","외식(프랜차이즈 등 업체 제공 영양정보) | 음료 및 차류 | 커피",""
"kfind-d220-748000000-0032","커피_더블에스프레소","빽다방","카페","카페","외식(프랜차이즈 등 업체 제공 영양정보) | 음료 및 차류 | 커피",""
"kfind-d220-748000000-0031","커피_더블샷 바닐라 딜라이트 핫(HOT)","할리스","카페","카페","외식(프랜차이즈 등 업체 제공 영양정보) | 음료 및 차류 | 커피",""
"kfind-d220-748000000-0030","커피_더블샷 바닐라 딜라이트 아이스(ICED)","할리스","카페","카페","외식(프랜차이즈 등 업체 제공 영양정보) | 음료 및 차류 | 커피",""
"kfind-d220-748000000-1224","커피_더블 에스프레소","빽다방","카페","카페","외식(프랜차이즈 등 업체 제공 영양정보) | 음료 및 차류 | 커피",""
"kfind-d220-748000000-1212","커피_달달커피 (L)","이디야","카페","카페","외식(프랜차이즈 등 업체 제공 영양정보) | 음료 및 차류 | 커피",""
"kfind-d220-748000000-1211","커피_달달커피 (EX)","이디야","카페","카페","외식(프랜차이즈 등 업체 제공 영양정보) | 음료 및 차류 | 커피",""
"kfind-d220-748000000-1210","커피_달달연유 라떼 핫(HOT)","빽다방","카페","카페","외식(프랜차이즈 등 업체 제공 영양정보) | 음료 및 차류 | 커피",""
"kfind-d220-748000000-1209","커피_달달연유 라떼 아이스(ICED)","빽다방","카페","카페","외식(프랜차이즈 등 업체 제공 영양정보) | 음료 및 차류 | 커피",""
"kfind-d220-748000000-0024","커피_달고나카페 라떼 핫(HOT) (R)","투썸플레이스","카페","카페","외식(프랜차이즈 등 업체 제공 영양정보) | 음료 및 차류 | 커피",""
"kfind-d220-748000000-0023","커피_달고나카페 라떼 핫(HOT) (L)","투썸플레이스","카페","카페","외식(프랜차이즈 등 업체 제공 영양정보) | 음료 및 차류 | 커피",""
"kfind-d220-748000000-0022","커피_달고나카페 라떼 아이스(ICED) (R)","투썸플레이스","카페","카페","외식(프랜차이즈 등 업체 제공 영양정보) | 음료 및 차류 | 커피",""
"kfind-d220-748000000-0021","커피_달고나카페 라떼 아이스(ICED) (Max)","투썸플레이스","카페","카페","외식(프랜차이즈 등 업체 제공 영양정보) | 음료 및 차류 | 커피",""
"kfind-d220-748000000-0020","커피_달고나카페 라떼 아이스(ICED) (L)","투썸플레이스","카페","카페","외식(프랜차이즈 등 업체 제공 영양정보) | 음료 및 차류 | 커피",""
"kfind-d220-748000000-0017","커피_니트로커피","이디야","카페","카페","외식(프랜차이즈 등 업체 제공 영양정보) | 음료 및 차류 | 커피",""
"kfind-d220-748000000-0009","커피_나이트로 콜드 브루 (Tall)","스타벅스","카페","카페","외식(프랜차이즈 등 업체 제공 영양정보) | 음료 및 차류 | 커피",""
"kfind-d220-748000000-0008","커피_나이트로 바닐라 크림 (Tall)","스타벅스","카페","카페","외식(프랜차이즈 등 업체 제공 영양정보) | 음료 및 차류 | 커피",""
"kfind-d220-748000000-1194","커피_공차슈페너 ESP 아이스(ICED) (L)","공차","음료","카페","외식(프랜차이즈 등 업체 제공 영양정보) | 음료 및 차류 | 커피",""
"kfind-d220-748000000-1193","커피_공차슈페너 DRIP 아이스(ICED) (L)","공차","음료","카페","외식(프랜차이즈 등 업체 제공 영양정보) | 음료 및 차류 | 커피",""
"kfind-d202-139000000-0003","캔디_아몬드 토피넛 캔디","스타벅스","카페","베이커리","외식(프랜차이즈 등 업체 제공 영양정보) | 빵 및 과자류 | 캔디",""
"kfind-d202-139000000-0002","캔디_씨프렌즈 캔디","스타벅스","카페","베이커리","외식(프랜차이즈 등 업체 제공 영양정보) | 빵 및 과자류 | 캔디",""
"kfind-d202-109000000-0027","카스텔라_펄 슈가 카스테라","이디야","카페","베이커리","외식(프랜차이즈 등 업체 제공 영양정보) | 빵 및 과자류 | 카스텔라",""
"kfind-d202-109000000-0013","카스텔라_큐브 라이스 카스텔라","스타벅스","카페","베이커리","외식(프랜차이즈 등 업체 제공 영양정보) | 빵 및 과자류 | 카스텔라",""
"kfind-d202-109000000-0011","카스텔라_카스테라구마","파리바게뜨","베이커리","베이커리","외식(프랜차이즈 등 업체 제공 영양정보) | 빵 및 과자류 | 카스텔라",""
"kfind-d202-109000000-0020","카스텔라_우유생크림 카스테라","파리바게뜨","베이커리","베이커리","외식(프랜차이즈 등 업체 제공 영양정보) | 빵 및 과자류 | 카스텔라",""
"kfind-d202-109000000-0007","카스텔라_우리米 카스텔라","스타벅스","카페","베이커리","외식(프랜차이즈 등 업체 제공 영양정보) | 빵 및 과자류 | 카스텔라",""
"kfind-d202-109000000-0006","카스텔라_우리 흑米 카스텔라","스타벅스","카페","베이커리","외식(프랜차이즈 등 업체 제공 영양정보) | 빵 및 과자류 | 카스텔라",""
"kfind-d202-109000000-0022","카스텔라_생크림 가득 카스텔라","할리스","카페","베이커리","외식(프랜차이즈 등 업체 제공 영양정보) | 빵 및 과자류 | 카스텔라",""
"kfind-d202-109000000-0003","카스텔라_부드러운 생크림 카스텔라","스타벅스","카페","베이커리","외식(프랜차이즈 등 업체 제공 영양정보) | 빵 및 과자류 | 카스텔라",""
"kfind-d202-109000000-0001","카스텔라_민트초코 생크림 카스텔라","이디야","카페","베이커리","외식(프랜차이즈 등 업체 제공 영양정보) | 빵 및 과자류 | 카스텔라",""
"kfind-d218-707000000-0001","카레소스_치킨마크니 찍먹커리","굽네치킨","치킨","사이드","외식(프랜차이즈 등 업체 제공 영양정보) | 장류, 양념류 | 카레소스",""
"kfind-d212-564000000-0007","치즈스틱_치즈스틱","롯데리아","햄버거","","외식(프랜차이즈 등 업체 제공 영양정보) | 튀김류 | 치즈스틱","UNKNOWN_INDIVIDUAL_MENU_CATEGORY"
"kfind-d212-564000000-0004","치즈스틱_모짜렐라치즈스틱(1개입)","파리바게뜨","베이커리","","외식(프랜차이즈 등 업체 제공 영양정보) | 튀김류 | 치즈스틱","UNKNOWN_INDIVIDUAL_MENU_CATEGORY"
"kfind-d212-564000000-0003","치즈스틱_롱치즈스틱","롯데리아","햄버거","","외식(프랜차이즈 등 업체 제공 영양정보) | 튀김류 | 치즈스틱","UNKNOWN_INDIVIDUAL_MENU_CATEGORY"
"kfind-d202-108000000-0042","치즈빵_화이트치즈볼 (5개입)","파리바게뜨","베이커리","베이커리","외식(프랜차이즈 등 업체 제공 영양정보) | 빵 및 과자류 | 치즈빵",""
"kfind-d202-108000000-0041","치즈빵_화이트치즈볼 (4개입)","파리바게뜨","베이커리","베이커리","외식(프랜차이즈 등 업체 제공 영양정보) | 빵 및 과자류 | 치즈빵",""
"kfind-d202-108000000-0040","치즈빵_화이트치즈볼 (3개입)","파리바게뜨","베이커리","베이커리","외식(프랜차이즈 등 업체 제공 영양정보) | 빵 및 과자류 | 치즈빵",""
"kfind-d202-108000000-0039","치즈빵_화이트치즈볼 (2개입)","파리바게뜨","베이커리","베이커리","외식(프랜차이즈 등 업체 제공 영양정보) | 빵 및 과자류 | 치즈빵",""
"kfind-d202-108000000-0038","치즈빵_화이트치즈볼 (1개입)","파리바게뜨","베이커리","베이커리","외식(프랜차이즈 등 업체 제공 영양정보) | 빵 및 과자류 | 치즈빵",""
"kfind-d202-108000000-0054","치즈빵_호두아몬드크림치즈빵","파리바게뜨","베이커리","베이커리","외식(프랜차이즈 등 업체 제공 영양정보) | 빵 및 과자류 | 치즈빵",""
"kfind-d202-108000000-0037","치즈빵_햄치즈조리빵","파리바게뜨","베이커리","베이커리","외식(프랜차이즈 등 업체 제공 영양정보) | 빵 및 과자류 | 치즈빵",""
"kfind-d202-108000000-0053","치즈빵_트리플치즈캐슈넛&스위트콘크림치즈","파리바게뜨","베이커리","베이커리","외식(프랜차이즈 등 업체 제공 영양정보) | 빵 및 과자류 | 치즈빵",""
"kfind-d202-108000000-0052","치즈빵_트리플치즈캐슈넛","파리바게뜨","베이커리","베이커리","외식(프랜차이즈 등 업체 제공 영양정보) | 빵 및 과자류 | 치즈빵",""
"kfind-d202-108000000-0051","치즈빵_톡톡콘치즈브레드 (2개입)","파리바게뜨","베이커리","베이커리","외식(프랜차이즈 등 업체 제공 영양정보) | 빵 및 과자류 | 치즈빵",""
"kfind-d202-108000000-0050","치즈빵_톡톡콘치즈브레드","파리바게뜨","베이커리","베이커리","외식(프랜차이즈 등 업체 제공 영양정보) | 빵 및 과자류 | 치즈빵",""
"kfind-d202-108000000-0032","치즈빵_크림치즈호두빵","파리바게뜨","베이커리","베이커리","외식(프랜차이즈 등 업체 제공 영양정보) | 빵 및 과자류 | 치즈빵",""
"kfind-d202-108000000-0071","치즈빵_크림치즈쫀득이(1EA)","파리바게뜨","베이커리","베이커리","외식(프랜차이즈 등 업체 제공 영양정보) | 빵 및 과자류 | 치즈빵",""
"kfind-d202-108000000-0027","치즈빵_카스타드화이트치즈볼 (5개입)","파리바게뜨","베이커리","베이커리","외식(프랜차이즈 등 업체 제공 영양정보) | 빵 및 과자류 | 치즈빵",""
"kfind-d202-108000000-0026","치즈빵_카스타드화이트치즈볼 (4개입)","파리바게뜨","베이커리","베이커리","외식(프랜차이즈 등 업체 제공 영양정보) | 빵 및 과자류 | 치즈빵",""
"kfind-d202-108000000-0025","치즈빵_카스타드화이트치즈볼 (3개입)","파리바게뜨","베이커리","베이커리","외식(프랜차이즈 등 업체 제공 영양정보) | 빵 및 과자류 | 치즈빵",""
"kfind-d202-108000000-0028","치즈빵_카스타드화이트치즈볼","파리바게뜨","베이커리","베이커리","외식(프랜차이즈 등 업체 제공 영양정보) | 빵 및 과자류 | 치즈빵",""
"kfind-d202-108000000-0023","치즈빵_치즈퐁듀","파리바게뜨","베이커리","베이커리","외식(프랜차이즈 등 업체 제공 영양정보) | 빵 및 과자류 | 치즈빵",""
"kfind-d202-108000000-0020","치즈빵_치즈감자봉","파리바게뜨","베이커리","베이커리","외식(프랜차이즈 등 업체 제공 영양정보) | 빵 및 과자류 | 치즈빵",""
"kfind-d202-108000000-0049","치즈빵_쫀득치즈스틱 (3개입)","파리바게뜨","베이커리","베이커리","외식(프랜차이즈 등 업체 제공 영양정보) | 빵 및 과자류 | 치즈빵",""
"kfind-d202-108000000-0067","치즈빵_쫀득치즈스틱","파리바게뜨","베이커리","베이커리","외식(프랜차이즈 등 업체 제공 영양정보) | 빵 및 과자류 | 치즈빵",""
"kfind-d202-108000000-0065","치즈빵_양파치즈브레드","파리바게뜨","베이커리","베이커리","외식(프랜차이즈 등 업체 제공 영양정보) | 빵 및 과자류 | 치즈빵",""
"kfind-d202-108000000-0015","치즈빵_쉑쉑모찌볼 어니언 (9개입)","파리바게뜨","베이커리","베이커리","외식(프랜차이즈 등 업체 제공 영양정보) | 빵 및 과자류 | 치즈빵",""
"kfind-d202-108000000-0014","치즈빵_쉑쉑모찌볼 어니언 (6개입)","파리바게뜨","베이커리","베이커리","외식(프랜차이즈 등 업체 제공 영양정보) | 빵 및 과자류 | 치즈빵",""
"kfind-d202-108000000-0013","치즈빵_쉑쉑모찌볼 어니언 (3개입)","파리바게뜨","베이커리","베이커리","외식(프랜차이즈 등 업체 제공 영양정보) | 빵 및 과자류 | 치즈빵",""
"kfind-d202-108000000-0012","치즈빵_쉑쉑모찌볼 어니언 (1개입)","파리바게뜨","베이커리","베이커리","외식(프랜차이즈 등 업체 제공 영양정보) | 빵 및 과자류 | 치즈빵",""
"kfind-d202-108000000-0063","치즈빵_블루치즈브레드","파리바게뜨","베이커리","베이커리","외식(프랜차이즈 등 업체 제공 영양정보) | 빵 및 과자류 | 치즈빵",""
"kfind-d202-108000000-0061","치즈빵_부드러운 시골 치즈빵(W)","파리바게뜨","베이커리","베이커리","외식(프랜차이즈 등 업체 제공 영양정보) | 빵 및 과자류 | 치즈빵",""
"kfind-d202-108000000-0046","치즈빵_미니호두아몬드크림치즈빵 (5개입)","파리바게뜨","베이커리","베이커리","외식(프랜차이즈 등 업체 제공 영양정보) | 빵 및 과자류 | 치즈빵",""
"kfind-d202-108000000-0059","치즈빵_미니크림치즈호두빵(8개입)","파리바게뜨","베이커리","베이커리","외식(프랜차이즈 등 업체 제공 영양정보) | 빵 및 과자류 | 치즈빵",""
"kfind-d202-108000000-0008","치즈빵_미니크림치즈호두빵 (8개입)","파리바게뜨","베이커리","베이커리","외식(프랜차이즈 등 업체 제공 영양정보) | 빵 및 과자류 | 치즈빵",""
"kfind-d202-108000000-0058","치즈빵_미니크림치즈호두빵","파리바게뜨","베이커리","베이커리","외식(프랜차이즈 등 업체 제공 영양정보) | 빵 및 과자류 | 치즈빵",""
"kfind-d202-108000000-0007","치즈빵_모찌모찌치즈스틱","파리바게뜨","베이커리","베이커리","외식(프랜차이즈 등 업체 제공 영양정보) | 빵 및 과자류 | 치즈빵",""
"kfind-d202-108000000-0003","치즈빵_달콤한고르곤졸라","파리바게뜨","베이커리","베이커리","외식(프랜차이즈 등 업체 제공 영양정보) | 빵 및 과자류 | 치즈빵",""
"kfind-d202-108000000-0045","치즈빵_고소짭짤 햄치즈브레드","파리바게뜨","베이커리","베이커리","외식(프랜차이즈 등 업체 제공 영양정보) | 빵 및 과자류 | 치즈빵",""
"kfind-d202-108000000-0055","치즈빵_고다치즈와 체다치즈를 넣은 롤치즈빵(8개입)","파리바게뜨","베이커리","베이커리","외식(프랜차이즈 등 업체 제공 영양정보) | 빵 및 과자류 | 치즈빵",""
"kfind-d202-108000000-0044","치즈빵_고다치즈와 체다치즈를 넣은 롤치즈빵","파리바게뜨","베이커리","베이커리","외식(프랜차이즈 등 업체 제공 영양정보) | 빵 및 과자류 | 치즈빵",""
"kfind-d212-563000000-0008","치즈볼_퐁듀 치즈볼","교촌치킨","치킨","사이드","외식(프랜차이즈 등 업체 제공 영양정보) | 튀김류 | 치즈볼",""
"kfind-d212-563000000-0007","치즈볼_트리플치즈볼 (6개)","호식이두마리치킨","치킨","사이드","외식(프랜차이즈 등 업체 제공 영양정보) | 튀김류 | 치즈볼",""
"kfind-d212-563000000-0010","치즈볼_크림치즈볼","피자스쿨","피자","사이드","외식(프랜차이즈 등 업체 제공 영양정보) | 튀김류 | 치즈볼",""
"kfind-d212-563000000-0002","치즈볼_로제크림치즈볼 (6개)","호식이두마리치킨","치킨","사이드","외식(프랜차이즈 등 업체 제공 영양정보) | 튀김류 | 치즈볼",""
"kfind-d212-563000000-0001","치즈볼_고르곤 치즈볼","교촌치킨","치킨","사이드","외식(프랜차이즈 등 업체 제공 영양정보) | 튀김류 | 치즈볼",""
"kfind-d202-107000000-0010","치아바타_치즈감자치아바타","파리바게뜨","베이커리","베이커리","외식(프랜차이즈 등 업체 제공 영양정보) | 빵 및 과자류 | 치아바타",""
"kfind-d202-107000000-0009","치아바타_블랙올리브치즈 치아바타","파리바게뜨","베이커리","베이커리","외식(프랜차이즈 등 업체 제공 영양정보) | 빵 및 과자류 | 치아바타",""
"kfind-d202-106000000-0028","츄러스_츄러스","파리바게뜨","베이커리","베이커리","외식(프랜차이즈 등 업체 제공 영양정보) | 빵 및 과자류 | 츄러스",""
"kfind-d202-106000000-0039","츄러스_아이스크림 시나몬 츄로넛","던킨","베이커리","아이스크림","외식(프랜차이즈 등 업체 제공 영양정보) | 빵 및 과자류 | 츄러스",""
"kfind-d202-106000000-0040","츄러스_쌍쌍 츄로스","이디야","카페","베이커리","외식(프랜차이즈 등 업체 제공 영양정보) | 빵 및 과자류 | 츄러스",""
"kfind-d202-138000000-0007","초콜릿_리저브 초콜릿 세트","스타벅스","카페","디저트","외식(프랜차이즈 등 업체 제공 영양정보) | 빵 및 과자류 | 초콜릿",""
"kfind-d202-138000000-0003","초콜릿_로스티드 아몬드 앤 초콜릿","스타벅스","카페","디저트","외식(프랜차이즈 등 업체 제공 영양정보) | 빵 및 과자류 | 초콜릿",""
"kfind-d202-138000000-0002","초콜릿_로고 코인 밀크 초콜릿 실버","스타벅스","카페","디저트","외식(프랜차이즈 등 업체 제공 영양정보) | 빵 및 과자류 | 초콜릿",""
"kfind-d202-138000000-0001","초콜릿_로고 코인 다크 초콜릿 골드","스타벅스","카페","디저트","외식(프랜차이즈 등 업체 제공 영양정보) | 빵 및 과자류 | 초콜릿",""
"kfind-d212-561000000-0001","쥐포튀김_쥐포튀김","롯데리아","햄버거","","외식(프랜차이즈 등 업체 제공 영양정보) | 튀김류 | 쥐포튀김","UNKNOWN_INDIVIDUAL_MENU_CATEGORY"
"kfind-d201-035000000-0003","주먹밥_전주비빔라이스버거","롯데리아","햄버거","햄버거","외식(프랜차이즈 등 업체 제공 영양정보) | 밥류 | 주먹밥",""
"kfind-d201-035000000-0005","주먹밥_매콤 로제 구운주먹밥","이디야","카페","분식","외식(프랜차이즈 등 업체 제공 영양정보) | 밥류 | 주먹밥",""
"kfind-d201-035000000-0004","주먹밥_까르보나라 구운주먹밥","이디야","카페","분식","외식(프랜차이즈 등 업체 제공 영양정보) | 밥류 | 주먹밥",""
"kfind-d301-035000000-0001","주먹밥_간편조리세트_라이스버거","롯데리아","햄버거","햄버거","외식(분석함량) | 밥류 | 주먹밥",""
"kfind-d202-137000000-0006","젤리_트로피컬원더젤리","투썸플레이스","카페","디저트","외식(프랜차이즈 등 업체 제공 영양정보) | 빵 및 과자류 | 젤리",""
"kfind-d202-137000000-0001","젤리_베어리스타 오가닉 젤리","스타벅스","카페","디저트","외식(프랜차이즈 등 업체 제공 영양정보) | 빵 및 과자류 | 젤리",""
"kfind-d220-747000000-0026","자몽홍차_허니 자몽 블랙티 핫(HOT) (L)","공차","음료","음료","외식(프랜차이즈 등 업체 제공 영양정보) | 음료 및 차류 | 자몽홍차",""
"kfind-d220-747000000-0025","자몽홍차_허니 자몽 블랙티 핫(HOT) (J)","공차","음료","음료","외식(프랜차이즈 등 업체 제공 영양정보) | 음료 및 차류 | 자몽홍차",""
"kfind-d220-747000000-0023","자몽홍차_허니 자몽 블랙티 아이스(ICED) (L)","공차","음료","음료","외식(프랜차이즈 등 업체 제공 영양정보) | 음료 및 차류 | 자몽홍차",""
"kfind-d220-747000000-0022","자몽홍차_허니 자몽 블랙티 아이스(ICED) (J)","공차","음료","음료","외식(프랜차이즈 등 업체 제공 영양정보) | 음료 및 차류 | 자몽홍차",""
"kfind-d220-747000000-0014","자몽홍차_자몽허니블랙티 아이스(ICED)","컴포즈커피","카페","음료","외식(프랜차이즈 등 업체 제공 영양정보) | 음료 및 차류 | 자몽홍차",""
"kfind-d220-747000000-0005","자몽홍차_자몽 허니 블랙티 핫(HOT) (Tall)","스타벅스","카페","음료","외식(프랜차이즈 등 업체 제공 영양정보) | 음료 및 차류 | 자몽홍차",""
"kfind-d220-747000000-0004","자몽홍차_자몽 허니 블랙티 아이스(ICED) (Tall)","스타벅스","카페","음료","외식(프랜차이즈 등 업체 제공 영양정보) | 음료 및 차류 | 자몽홍차",""
"kfind-d220-747000000-0016","자몽홍차_오렌지자몽블랙티 핫(HOT)","빽다방","카페","음료","외식(프랜차이즈 등 업체 제공 영양정보) | 음료 및 차류 | 자몽홍차",""
"kfind-d220-747000000-0015","자몽홍차_오렌지자몽블랙티 아이스(ICED)","빽다방","카페","음료","외식(프랜차이즈 등 업체 제공 영양정보) | 음료 및 차류 | 자몽홍차",""
"kfind-d220-746000000-0077","자몽차_홍자몽차 핫(HOT)","할리스","카페","음료","외식(프랜차이즈 등 업체 제공 영양정보) | 음료 및 차류 | 자몽차",""
"kfind-d220-746000000-0076","자몽차_홍자몽차 아이스(ICED)","할리스","카페","음료","외식(프랜차이즈 등 업체 제공 영양정보) | 음료 및 차류 | 자몽차",""
"kfind-d220-746000000-0070","자몽차_자몽티 핫(HOT)","빽다방","카페","음료","외식(프랜차이즈 등 업체 제공 영양정보) | 음료 및 차류 | 자몽차",""
"kfind-d220-746000000-0068","자몽차_자몽티 아이스(ICED)","빽다방","카페","음료","외식(프랜차이즈 등 업체 제공 영양정보) | 음료 및 차류 | 자몽차",""
"kfind-d220-746000000-0053","자몽차_자몽티","컴포즈커피","카페","음료","외식(프랜차이즈 등 업체 제공 영양정보) | 음료 및 차류 | 자몽차",""
"kfind-d220-746000000-0065","자몽차_자몽차 핫(HOT)","이디야","카페","음료","외식(프랜차이즈 등 업체 제공 영양정보) | 음료 및 차류 | 자몽차",""
"kfind-d220-746000000-0020","자몽차_자몽차","이디야","카페","음료","외식(프랜차이즈 등 업체 제공 영양정보) | 음료 및 차류 | 자몽차",""
"kfind-d220-746000000-0059","자몽차_자몽 네이블오렌지 아이스(ICED)","이디야","카페","음료","외식(프랜차이즈 등 업체 제공 영양정보) | 음료 및 차류 | 자몽차",""
"kfind-d220-746000000-0010","자몽차_자몽 네이블오렌지","이디야","카페","음료","외식(프랜차이즈 등 업체 제공 영양정보) | 음료 및 차류 | 자몽차",""
"kfind-d220-746000000-0058","자몽차_자몽 네이블 오렌지 핫(HOT)","이디야","카페","음료","외식(프랜차이즈 등 업체 제공 영양정보) | 음료 및 차류 | 자몽차",""
"kfind-d220-746000000-0008","자몽차_자몽 네이블 오렌지 아이스(ICED)","이디야","카페","음료","외식(프랜차이즈 등 업체 제공 영양정보) | 음료 및 차류 | 자몽차",""
"kfind-d220-746000000-0007","자몽차_오렌지자몽티 핫(HOT) (L)","투썸플레이스","카페","음료","외식(프랜차이즈 등 업체 제공 영양정보) | 음료 및 차류 | 자몽차",""
"kfind-d220-746000000-0006","자몽차_오렌지자몽티 아이스(ICED) (R)","투썸플레이스","카페","음료","외식(프랜차이즈 등 업체 제공 영양정보) | 음료 및 차류 | 자몽차",""
"kfind-d220-746000000-0005","자몽차_오렌지자몽티 아이스(ICED) (L)","투썸플레이스","카페","음료","외식(프랜차이즈 등 업체 제공 영양정보) | 음료 및 차류 | 자몽차",""
"kfind-d220-745000000-0065","유자차_유자피나콜라다 아이스(ICED)","이디야","카페","음료","외식(프랜차이즈 등 업체 제공 영양정보) | 음료 및 차류 | 유자차",""
"kfind-d220-745000000-0064","유자차_유자티 핫(HOT)","빽다방","카페","음료","외식(프랜차이즈 등 업체 제공 영양정보) | 음료 및 차류 | 유자차",""
"kfind-d220-745000000-0063","유자차_유자티 아이스(ICED)","빽다방","카페","음료","외식(프랜차이즈 등 업체 제공 영양정보) | 음료 및 차류 | 유자차",""
"kfind-d220-745000000-0061","유자차_유자차 핫(HOT)","이디야","카페","음료","외식(프랜차이즈 등 업체 제공 영양정보) | 음료 및 차류 | 유자차",""
"kfind-d220-745000000-0027","유자차_유자차","이디야","카페","음료","외식(프랜차이즈 등 업체 제공 영양정보) | 음료 및 차류 | 유자차",""
"kfind-d220-745000000-0022","유자차_유자레몬티 핫(HOT) (R)","투썸플레이스","카페","음료","외식(프랜차이즈 등 업체 제공 영양정보) | 음료 및 차류 | 유자차",""
"kfind-d220-745000000-0024","유자차_유자레몬티 핫(HOT) (L)","투썸플레이스","카페","음료","외식(프랜차이즈 등 업체 제공 영양정보) | 음료 및 차류 | 유자차",""
"kfind-d220-745000000-0023","유자차_유자레몬티 아이스(ICED) (R)","투썸플레이스","카페","음료","외식(프랜차이즈 등 업체 제공 영양정보) | 음료 및 차류 | 유자차",""
"kfind-d220-745000000-0057","유자차_유자 피나콜라다 핫(HOT)","이디야","카페","음료","외식(프랜차이즈 등 업체 제공 영양정보) | 음료 및 차류 | 유자차",""
"kfind-d220-745000000-0019","유자차_유자 피나콜라다 아이스(ICED)","이디야","카페","음료","외식(프랜차이즈 등 업체 제공 영양정보) | 음료 및 차류 | 유자차",""
"kfind-d220-745000000-0021","유자차_유자 피나콜라다","이디야","카페","음료","외식(프랜차이즈 등 업체 제공 영양정보) | 음료 및 차류 | 유자차",""
"kfind-d220-745000000-0056","유자차_유자 캐모마일 핫(HOT)","할리스","카페","음료","외식(프랜차이즈 등 업체 제공 영양정보) | 음료 및 차류 | 유자차",""
"kfind-d220-745000000-0055","유자차_유자 캐모마일 아이스(ICED)","할리스","카페","음료","외식(프랜차이즈 등 업체 제공 영양정보) | 음료 및 차류 | 유자차",""
"kfind-d220-745000000-0013","유자차_유자 민트티 핫(HOT) (Tall)","스타벅스","카페","음료","외식(프랜차이즈 등 업체 제공 영양정보) | 음료 및 차류 | 유자차",""
"kfind-d220-745000000-0012","유자차_유자 민트티 아이스(ICED) (Tall)","스타벅스","카페","음료","외식(프랜차이즈 등 업체 제공 영양정보) | 음료 및 차류 | 유자차",""
"kfind-d220-745000000-0049","유자차_고흥 유자차 핫(HOT)","할리스","카페","음료","외식(프랜차이즈 등 업체 제공 영양정보) | 음료 및 차류 | 유자차",""
"kfind-d220-745000000-0048","유자차_고흥 유자차 아이스(ICED)","할리스","카페","음료","외식(프랜차이즈 등 업체 제공 영양정보) | 음료 및 차류 | 유자차",""
"kfind-d202-135000000-0001","웨이퍼_크리스피초콜릿웨이퍼","투썸플레이스","카페","디저트","외식(프랜차이즈 등 업체 제공 영양정보) | 빵 및 과자류 | 웨이퍼",""
"kfind-d219-714000000-0002","우유_우유 (Tall)","스타벅스","카페","아이스크림","외식(프랜차이즈 등 업체 제공 영양정보) | 유제품류 및 빙과류 | 우유",""
"kfind-d219-714000000-0001","우유_스팀 우유 (Tall)","스타벅스","카페","아이스크림","외식(프랜차이즈 등 업체 제공 영양정보) | 유제품류 및 빙과류 | 우유",""
"kfind-d220-744000000-0022","우롱차_우롱티 핫(HOT) (L)","공차","음료","음료","외식(프랜차이즈 등 업체 제공 영양정보) | 음료 및 차류 | 우롱차",""
"kfind-d220-744000000-0021","우롱차_우롱티 핫(HOT) (J)","공차","음료","음료","외식(프랜차이즈 등 업체 제공 영양정보) | 음료 및 차류 | 우롱차",""
"kfind-d220-744000000-0020","우롱차_우롱티 핫(HOT)","빽다방","카페","음료","외식(프랜차이즈 등 업체 제공 영양정보) | 음료 및 차류 | 우롱차",""
"kfind-d220-744000000-0018","우롱차_우롱티 아이스(ICED) (L)","공차","음료","음료","외식(프랜차이즈 등 업체 제공 영양정보) | 음료 및 차류 | 우롱차",""
"kfind-d220-744000000-0017","우롱차_우롱티 아이스(ICED) (J)","공차","음료","음료","외식(프랜차이즈 등 업체 제공 영양정보) | 음료 및 차류 | 우롱차",""
"kfind-d220-744000000-0015","우롱차_우롱티 아이스(ICED)","빽다방","카페","음료","외식(프랜차이즈 등 업체 제공 영양정보) | 음료 및 차류 | 우롱차",""
"kfind-d219-713000000-0005","요구르트(호상)_허니바나나그릭요거트","투썸플레이스","카페","아이스크림","외식(프랜차이즈 등 업체 제공 영양정보) | 유제품류 및 빙과류 | 요구르트(호상)",""
"kfind-d219-713000000-0004","요구르트(호상)_플레인그릭요거트","투썸플레이스","카페","아이스크림","외식(프랜차이즈 등 업체 제공 영양정보) | 유제품류 및 빙과류 | 요구르트(호상)",""
"kfind-d219-713000000-0003","요구르트(호상)_오가닉 프로틴 그릭 요거트 & 그래놀라","스타벅스","카페","아이스크림","외식(프랜차이즈 등 업체 제공 영양정보) | 유제품류 및 빙과류 | 요구르트(호상)",""
"kfind-d219-712000000-0017","요구르트(액상)_치아씨드 요거트 병음료","스타벅스","카페","아이스크림","외식(프랜차이즈 등 업체 제공 영양정보) | 유제품류 및 빙과류 | 요구르트(액상)",""
"kfind-d219-712000000-0016","요구르트(액상)_자몽요구르트 (L)","공차","음료","아이스크림","외식(프랜차이즈 등 업체 제공 영양정보) | 유제품류 및 빙과류 | 요구르트(액상)",""
"kfind-d219-712000000-0015","요구르트(액상)_자몽요구르트 (J)","공차","음료","아이스크림","외식(프랜차이즈 등 업체 제공 영양정보) | 유제품류 및 빙과류 | 요구르트(액상)",""
"kfind-d219-712000000-0024","요구르트(액상)_자몽 요구르트 (L)","공차","음료","아이스크림","외식(프랜차이즈 등 업체 제공 영양정보) | 유제품류 및 빙과류 | 요구르트(액상)",""
"kfind-d219-712000000-0023","요구르트(액상)_자몽 요구르트 (J)","공차","음료","아이스크림","외식(프랜차이즈 등 업체 제공 영양정보) | 유제품류 및 빙과류 | 요구르트(액상)",""
"kfind-d219-712000000-0013","요구르트(액상)_블루베리 요거트 병음료","스타벅스","카페","아이스크림","외식(프랜차이즈 등 업체 제공 영양정보) | 유제품류 및 빙과류 | 요구르트(액상)",""
"kfind-d219-712000000-0012","요구르트(액상)_망고요구르트 (L)","공차","음료","아이스크림","외식(프랜차이즈 등 업체 제공 영양정보) | 유제품류 및 빙과류 | 요구르트(액상)",""
"kfind-d219-712000000-0011","요구르트(액상)_망고요구르트 (J)","공차","음료","아이스크림","외식(프랜차이즈 등 업체 제공 영양정보) | 유제품류 및 빙과류 | 요구르트(액상)",""
"kfind-d219-712000000-0009","요구르트(액상)_망고 요구르트+화이트펄 (L)","공차","음료","아이스크림","외식(프랜차이즈 등 업체 제공 영양정보) | 유제품류 및 빙과류 | 요구르트(액상)",""
"kfind-d219-712000000-0008","요구르트(액상)_망고 요구르트+화이트펄 (J)","공차","음료","아이스크림","외식(프랜차이즈 등 업체 제공 영양정보) | 유제품류 및 빙과류 | 요구르트(액상)",""
"kfind-d219-712000000-0022","요구르트(액상)_망고 요구르트 (L)","공차","음료","아이스크림","외식(프랜차이즈 등 업체 제공 영양정보) | 유제품류 및 빙과류 | 요구르트(액상)",""
"kfind-d219-712000000-0021","요구르트(액상)_망고 요구르트 (J)","공차","음료","아이스크림","외식(프랜차이즈 등 업체 제공 영양정보) | 유제품류 및 빙과류 | 요구르트(액상)",""
"kfind-d219-712000000-0020","요구르트(액상)_레몬 요구르트 (L)","공차","음료","아이스크림","외식(프랜차이즈 등 업체 제공 영양정보) | 유제품류 및 빙과류 | 요구르트(액상)",""
"kfind-d219-712000000-0019","요구르트(액상)_레몬 요구르트 (J)","공차","음료","아이스크림","외식(프랜차이즈 등 업체 제공 영양정보) | 유제품류 및 빙과류 | 요구르트(액상)",""
"kfind-d202-103000000-0219","와플_플레인 와플","이디야","카페","디저트","외식(프랜차이즈 등 업체 제공 영양정보) | 빵 및 과자류 | 와플",""
"kfind-d202-103000000-0135","와플_토피넛 아이스크림 크로플","이디야","카페","아이스크림","외식(프랜차이즈 등 업체 제공 영양정보) | 빵 및 과자류 | 와플",""
"kfind-d202-103000000-0215","와플_크림치즈 와플","이디야","카페","디저트","외식(프랜차이즈 등 업체 제공 영양정보) | 빵 및 과자류 | 와플",""
"kfind-d202-103000000-0113","와플_치즈 크로플","투썸플레이스","카페","디저트","외식(프랜차이즈 등 업체 제공 영양정보) | 빵 및 과자류 | 와플",""
"kfind-d202-103000000-0109","와플_초코카라멜 와플","투썸플레이스","카페","디저트","외식(프랜차이즈 등 업체 제공 영양정보) | 빵 및 과자류 | 와플",""
"kfind-d202-103000000-0089","와플_아이스크림 크로플","투썸플레이스","카페","아이스크림","외식(프랜차이즈 등 업체 제공 영양정보) | 빵 및 과자류 | 와플",""
"kfind-d202-103000000-0210","와플_생크림 와플","이디야","카페","디저트","외식(프랜차이즈 등 업체 제공 영양정보) | 빵 및 과자류 | 와플",""
"kfind-d202-103000000-0039","와플_민트초코 크로플","이디야","카페","디저트","외식(프랜차이즈 등 업체 제공 영양정보) | 빵 및 과자류 | 와플",""
"kfind-d202-103000000-0038","와플_민트초코 아이스크림 와플","이디야","카페","아이스크림","외식(프랜차이즈 등 업체 제공 영양정보) | 빵 및 과자류 | 와플",""
"kfind-d202-103000000-0209","와플_메이플 와플","이디야","카페","디저트","외식(프랜차이즈 등 업체 제공 영양정보) | 빵 및 과자류 | 와플",""
"kfind-d202-103000000-0017","와플_더치카라멜 와플","투썸플레이스","카페","디저트","외식(프랜차이즈 등 업체 제공 영양정보) | 빵 및 과자류 | 와플",""
"kfind-d202-103000000-0016","와플_달고나 아이스크림 와플","이디야","카페","아이스크림","외식(프랜차이즈 등 업체 제공 영양정보) | 빵 및 과자류 | 와플",""
"kfind-d212-571000000-0004","오징어튀김_통오징어링","롯데리아","햄버거","","외식(프랜차이즈 등 업체 제공 영양정보) | 튀김류 | 오징어튀김","UNKNOWN_INDIVIDUAL_MENU_CATEGORY"
"kfind-d203-194000000-0006","오븐스파게티_치즈오븐크림스파게티","피자스쿨","피자","국수·우동","외식(프랜차이즈 등 업체 제공 영양정보) | 면 및 만두류 | 오븐스파게티",""
"kfind-d203-194000000-0004","오븐스파게티_치즈오븐스파게티","피자스쿨","피자","국수·우동","외식(프랜차이즈 등 업체 제공 영양정보) | 면 및 만두류 | 오븐스파게티",""
"kfind-d201-028000000-0001","오므라이스_수플레 오믈렛 라이스","할리스","카페","덮밥","외식(프랜차이즈 등 업체 제공 영양정보) | 밥류 | 오므라이스",""
"kfind-d220-742000000-0288","에이드_체리콕콕","빽다방","카페","음료","외식(프랜차이즈 등 업체 제공 영양정보) | 음료 및 차류 | 에이드",""
"kfind-d220-742000000-0090","에이드_청포도 에이드 (EX)","이디야","카페","음료","외식(프랜차이즈 등 업체 제공 영양정보) | 음료 및 차류 | 에이드",""
"kfind-d220-742000000-0092","에이드_청포도 에이드","이디야","카페","음료","외식(프랜차이즈 등 업체 제공 영양정보) | 음료 및 차류 | 에이드",""
"kfind-d220-742000000-0284","에이드_청포도 에이드","빽다방","카페","음료","외식(프랜차이즈 등 업체 제공 영양정보) | 음료 및 차류 | 에이드",""
"kfind-d220-742000000-0278","에이드_청포도 스파클링","할리스","카페","음료","외식(프랜차이즈 등 업체 제공 영양정보) | 음료 및 차류 | 에이드",""
"kfind-d220-742000000-0275","에이드_청귤 스파클링 티 (L)","공차","음료","음료","외식(프랜차이즈 등 업체 제공 영양정보) | 음료 및 차류 | 에이드",""
"kfind-d220-742000000-0263","에이드_자몽 포멜로 에이드 (L)","이디야","카페","음료","외식(프랜차이즈 등 업체 제공 영양정보) | 음료 및 차류 | 에이드",""
"kfind-d220-742000000-0262","에이드_자몽 포멜로 에이드 (EX)","이디야","카페","음료","외식(프랜차이즈 등 업체 제공 영양정보) | 음료 및 차류 | 에이드",""
"kfind-d220-742000000-0080","에이드_자몽 파인 스파클링","할리스","카페","음료","외식(프랜차이즈 등 업체 제공 영양정보) | 음료 및 차류 | 에이드",""
"kfind-d220-742000000-0075","에이드_자몽 에이드 (EX)","이디야","카페","음료","외식(프랜차이즈 등 업체 제공 영양정보) | 음료 및 차류 | 에이드",""
"kfind-d220-742000000-0255","에이드_자몽 에이드","빽다방","카페","음료","외식(프랜차이즈 등 업체 제공 영양정보) | 음료 및 차류 | 에이드",""
"kfind-d220-742000000-0077","에이드_자몽 에이드","이디야","카페","음료","외식(프랜차이즈 등 업체 제공 영양정보) | 음료 및 차류 | 에이드",""
"kfind-d220-742000000-0248","에이드_유자몽 스파클링","할리스","카페","음료","외식(프랜차이즈 등 업체 제공 영양정보) | 음료 및 차류 | 에이드",""
"kfind-d220-742000000-0245","에이드_유자 에이드","빽다방","카페","음료","외식(프랜차이즈 등 업체 제공 영양정보) | 음료 및 차류 | 에이드",""
"kfind-d220-742000000-0054","에이드_선샤인청사과 에이드 (Max)","투썸플레이스","카페","음료","외식(프랜차이즈 등 업체 제공 영양정보) | 음료 및 차류 | 에이드",""
"kfind-d220-742000000-0053","에이드_선샤인청사과 에이드 (L)","투썸플레이스","카페","음료","외식(프랜차이즈 등 업체 제공 영양정보) | 음료 및 차류 | 에이드",""
"kfind-d220-742000000-0052","에이드_선샤인청귤 에이드 (Max)","투썸플레이스","카페","음료","외식(프랜차이즈 등 업체 제공 영양정보) | 음료 및 차류 | 에이드",""
"kfind-d220-742000000-0051","에이드_선샤인청귤 에이드 (L)","투썸플레이스","카페","음료","외식(프랜차이즈 등 업체 제공 영양정보) | 음료 및 차류 | 에이드",""
"kfind-d220-742000000-0049","에이드_샤인머스캣청포도 에이드 (Max)","투썸플레이스","카페","음료","외식(프랜차이즈 등 업체 제공 영양정보) | 음료 및 차류 | 에이드",""
"kfind-d220-742000000-0048","에이드_샤인머스캣청포도 에이드 (L)","투썸플레이스","카페","음료","외식(프랜차이즈 등 업체 제공 영양정보) | 음료 및 차류 | 에이드",""
"kfind-d220-742000000-0044","에이드_삼라봉 에이드","빽다방","카페","음료","외식(프랜차이즈 등 업체 제공 영양정보) | 음료 및 차류 | 에이드",""
"kfind-d220-742000000-0224","에이드_복숭아 자두 스파클링","할리스","카페","음료","외식(프랜차이즈 등 업체 제공 영양정보) | 음료 및 차류 | 에이드",""
"kfind-d220-742000000-0037","에이드_복숭아 에이드 (Max)","투썸플레이스","카페","음료","외식(프랜차이즈 등 업체 제공 영양정보) | 음료 및 차류 | 에이드",""
"kfind-d220-742000000-0036","에이드_복숭아 에이드 (L)","투썸플레이스","카페","음료","외식(프랜차이즈 등 업체 제공 영양정보) | 음료 및 차류 | 에이드",""
"kfind-d220-742000000-0223","에이드_복숭아 에이드","빽다방","카페","음료","외식(프랜차이즈 등 업체 제공 영양정보) | 음료 및 차류 | 에이드",""
"kfind-d220-742000000-0034","에이드_배 에이드","빽다방","카페","음료","외식(프랜차이즈 등 업체 제공 영양정보) | 음료 및 차류 | 에이드",""
"kfind-d220-742000000-0033","에이드_미초(석류) 에이드","빽다방","카페","음료","외식(프랜차이즈 등 업체 제공 영양정보) | 음료 및 차류 | 에이드",""
"kfind-d220-742000000-0222","에이드_미초 석류 에이드","빽다방","카페","음료","외식(프랜차이즈 등 업체 제공 영양정보) | 음료 및 차류 | 에이드",""
"kfind-d220-742000000-0221","에이드_멜론소다","빽다방","카페","음료","외식(프랜차이즈 등 업체 제공 영양정보) | 음료 및 차류 | 에이드",""
"kfind-d220-742000000-0220","에이드_머스캣 모히또 에이드 (L)","이디야","카페","음료","외식(프랜차이즈 등 업체 제공 영양정보) | 음료 및 차류 | 에이드",""
"kfind-d220-742000000-0219","에이드_머스캣 모히또 에이드 (EX)","이디야","카페","음료","외식(프랜차이즈 등 업체 제공 영양정보) | 음료 및 차류 | 에이드",""
"kfind-d220-742000000-0019","에이드_레몬 에이드 (EX)","이디야","카페","음료","외식(프랜차이즈 등 업체 제공 영양정보) | 음료 및 차류 | 에이드",""
"kfind-d220-742000000-0021","에이드_레몬 에이드","이디야","카페","음료","외식(프랜차이즈 등 업체 제공 영양정보) | 음료 및 차류 | 에이드",""
"kfind-d220-742000000-0198","에이드_레모네이드","빽다방","카페","음료","외식(프랜차이즈 등 업체 제공 영양정보) | 음료 및 차류 | 에이드",""
"kfind-d220-742000000-0015","에이드_레모 네이드","빽다방","카페","음료","외식(프랜차이즈 등 업체 제공 영양정보) | 음료 및 차류 | 에이드",""
"kfind-d220-742000000-0195","에이드_딸기 에이드","빽다방","카페","음료","외식(프랜차이즈 등 업체 제공 영양정보) | 음료 및 차류 | 에이드",""
"kfind-d220-742000000-0007","에이드_딸기 아사이 레모네이드 스타벅스 리프레셔 (Tall)","스타벅스","카페","음료","외식(프랜차이즈 등 업체 제공 영양정보) | 음료 및 차류 | 에이드",""
"kfind-d220-742000000-0193","에이드_깔라만시 에이드","빽다방","카페","음료","외식(프랜차이즈 등 업체 제공 영양정보) | 음료 및 차류 | 에이드",""
"kfind-d220-742000000-0191","에이드_감귤 레몬 에이드 (L)","이디야","카페","음료","외식(프랜차이즈 등 업체 제공 영양정보) | 음료 및 차류 | 에이드",""
"kfind-d220-742000000-0190","에이드_감귤 레몬 에이드 (EX)","이디야","카페","음료","외식(프랜차이즈 등 업체 제공 영양정보) | 음료 및 차류 | 에이드",""
"kfind-d205-237000000-0001","어묵국(어묵탕)_츠쿠네 어묵탕","교촌치킨","치킨","","외식(프랜차이즈 등 업체 제공 영양정보) | 국 및 탕류 | 어묵국(어묵탕)","UNKNOWN_INDIVIDUAL_MENU_CATEGORY"
"kfind-d202-134000000-0001","약과_아카시아 허니 글레이즈드","던킨","베이커리","베이커리","외식(프랜차이즈 등 업체 제공 영양정보) | 빵 및 과자류 | 약과",""
"kfind-d202-102000000-0002","야채빵_양파꽃이피었습니다","파리바게뜨","베이커리","베이커리","외식(프랜차이즈 등 업체 제공 영양정보) | 빵 및 과자류 | 야채빵",""
"kfind-d202-101000000-0010","앙금빵_찹쌀앙금빵","파리바게뜨","베이커리","베이커리","외식(프랜차이즈 등 업체 제공 영양정보) | 빵 및 과자류 | 앙금빵",""
"kfind-d202-101000000-0007","앙금빵_완두앙금빵","파리바게뜨","베이커리","베이커리","외식(프랜차이즈 등 업체 제공 영양정보) | 빵 및 과자류 | 앙금빵",""
"kfind-d202-101000000-0001","앙금빵_고구마앙금빵","파리바게뜨","베이커리","베이커리","외식(프랜차이즈 등 업체 제공 영양정보) | 빵 및 과자류 | 앙금빵",""
"kfind-d220-740000000-0122","아이스티_제로슈가 아이스티 (R)","이디야","카페","음료","외식(프랜차이즈 등 업체 제공 영양정보) | 음료 및 차류 | 아이스티",""
"kfind-d220-740000000-0121","아이스티_제로슈가 아샷추 (R)","이디야","카페","음료","외식(프랜차이즈 등 업체 제공 영양정보) | 음료 및 차류 | 아이스티",""
"kfind-d220-740000000-0109","아이스티_아이스티샷추가 아샷추 빽사이즈","빽다방","카페","음료","외식(프랜차이즈 등 업체 제공 영양정보) | 음료 및 차류 | 아이스티",""
"kfind-d220-740000000-0108","아이스티_아이스티샷추가 아샷추","빽다방","카페","음료","외식(프랜차이즈 등 업체 제공 영양정보) | 음료 및 차류 | 아이스티",""
"kfind-d220-740000000-0098","아이스티_아샷추 (R)","이디야","카페","음료","외식(프랜차이즈 등 업체 제공 영양정보) | 음료 및 차류 | 아이스티",""
"kfind-d220-740000000-0097","아이스티_아샷추 (EX)","이디야","카페","음료","외식(프랜차이즈 등 업체 제공 영양정보) | 음료 및 차류 | 아이스티",""
"kfind-d220-740000000-0094","아이스티_아샷망추 빽사이즈","빽다방","카페","음료","외식(프랜차이즈 등 업체 제공 영양정보) | 음료 및 차류 | 아이스티",""
"kfind-d220-740000000-0093","아이스티_아샷망추","빽다방","카페","음료","외식(프랜차이즈 등 업체 제공 영양정보) | 음료 및 차류 | 아이스티",""
"kfind-d220-740000000-0092","아이스티_아망추 빽사이즈","빽다방","카페","음료","외식(프랜차이즈 등 업체 제공 영양정보) | 음료 및 차류 | 아이스티",""
"kfind-d220-740000000-0090","아이스티_아망추 (R)","이디야","카페","음료","외식(프랜차이즈 등 업체 제공 영양정보) | 음료 및 차류 | 아이스티",""
"kfind-d220-740000000-0087","아이스티_아망추 (EX)","이디야","카페","음료","외식(프랜차이즈 등 업체 제공 영양정보) | 음료 및 차류 | 아이스티",""
"kfind-d220-740000000-0086","아이스티_아망추","빽다방","카페","음료","외식(프랜차이즈 등 업체 제공 영양정보) | 음료 및 차류 | 아이스티",""
"kfind-d220-740000000-0078","아이스티_복숭아 아이스티 (EX)","이디야","카페","음료","외식(프랜차이즈 등 업체 제공 영양정보) | 음료 및 차류 | 아이스티",""
"kfind-d220-740000000-0074","아이스티_복숭아 아이스티","이디야","카페","음료","외식(프랜차이즈 등 업체 제공 영양정보) | 음료 및 차류 | 아이스티",""
"kfind-d220-740000000-0072","아이스티_레몬 아이스티 (EX)","이디야","카페","음료","외식(프랜차이즈 등 업체 제공 영양정보) | 음료 및 차류 | 아이스티",""
"kfind-d220-740000000-0070","아이스티_레몬 아이스티","이디야","카페","음료","외식(프랜차이즈 등 업체 제공 영양정보) | 음료 및 차류 | 아이스티",""
"kfind-d220-740000000-0065","아이스티_디카페인 제로슈가 아샷추 (R)","이디야","카페","음료","외식(프랜차이즈 등 업체 제공 영양정보) | 음료 및 차류 | 아이스티",""
"kfind-d220-740000000-0064","아이스티_디카페인 아샷추 (R)","이디야","카페","음료","외식(프랜차이즈 등 업체 제공 영양정보) | 음료 및 차류 | 아이스티",""
"kfind-d220-740000000-0063","아이스티_디카페인 아샷추 (EX)","이디야","카페","음료","외식(프랜차이즈 등 업체 제공 영양정보) | 음료 및 차류 | 아이스티",""
"kfind-d220-740000000-0001","아이스티_달콤아이스티 아이스(ICED) 빽사이즈","빽다방","카페","음료","외식(프랜차이즈 등 업체 제공 영양정보) | 음료 및 차류 | 아이스티",""
"kfind-d220-740000000-0062","아이스티_달콤아이스티 빽사이즈","빽다방","카페","음료","외식(프랜차이즈 등 업체 제공 영양정보) | 음료 및 차류 | 아이스티",""
"kfind-d220-740000000-0061","아이스티_달콤아이스티","빽다방","카페","음료","외식(프랜차이즈 등 업체 제공 영양정보) | 음료 및 차류 | 아이스티",""
"kfind-d219-711000000-0443","아이스크림_허니 크런치","배스킨라빈스","아이스크림","아이스크림","외식(프랜차이즈 등 업체 제공 영양정보) | 유제품류 및 빙과류 | 아이스크림",""
"kfind-d219-711000000-0289","아이스크림_피치 요거트 아이스크림","배스킨라빈스","아이스크림","아이스크림","외식(프랜차이즈 등 업체 제공 영양정보) | 유제품류 및 빙과류 | 아이스크림",""
"kfind-d219-711000000-0441","아이스크림_피치 요거트","배스킨라빈스","아이스크림","아이스크림","외식(프랜차이즈 등 업체 제공 영양정보) | 유제품류 및 빙과류 | 아이스크림",""
"kfind-d219-711000000-0440","아이스크림_피치 Pang 망고 Pang","배스킨라빈스","아이스크림","아이스크림","외식(프랜차이즈 등 업체 제공 영양정보) | 유제품류 및 빙과류 | 아이스크림",""
"kfind-d219-711000000-0200","아이스크림_피스타치오아몬드 아이스크림","배스킨라빈스","아이스크림","아이스크림","외식(프랜차이즈 등 업체 제공 영양정보) | 유제품류 및 빙과류 | 아이스크림",""
"kfind-d219-711000000-0439","아이스크림_피스타치오 아몬드","배스킨라빈스","아이스크림","아이스크림","외식(프랜차이즈 등 업체 제공 영양정보) | 유제품류 및 빙과류 | 아이스크림",""
"kfind-d219-711000000-0288","아이스크림_피나콜라다 아이스크림","배스킨라빈스","아이스크림","아이스크림","외식(프랜차이즈 등 업체 제공 영양정보) | 유제품류 및 빙과류 | 아이스크림",""
"kfind-d219-711000000-0287","아이스크림_프릳츠 커피 아이스크림","배스킨라빈스","아이스크림","아이스크림","외식(프랜차이즈 등 업체 제공 영양정보) | 유제품류 및 빙과류 | 아이스크림",""
"kfind-d219-711000000-0438","아이스크림_팥있는 말차당","배스킨라빈스","아이스크림","아이스크림","외식(프랜차이즈 등 업체 제공 영양정보) | 유제품류 및 빙과류 | 아이스크림",""
"kfind-d219-711000000-0285","아이스크림_팝핑 스타 라이즈 아이스크림","배스킨라빈스","아이스크림","아이스크림","외식(프랜차이즈 등 업체 제공 영양정보) | 유제품류 및 빙과류 | 아이스크림",""
"kfind-d219-711000000-0284","아이스크림_파핑파핑 바나나 아이스크림","배스킨라빈스","아이스크림","아이스크림","외식(프랜차이즈 등 업체 제공 영양정보) | 유제품류 및 빙과류 | 아이스크림",""
"kfind-d219-711000000-0189","아이스크림_트리플민초 아이스크림 레디팩","배스킨라빈스","아이스크림","아이스크림","외식(프랜차이즈 등 업체 제공 영양정보) | 유제품류 및 빙과류 | 아이스크림",""
"kfind-d219-711000000-0436","아이스크림_트로피컬 콜라다","배스킨라빈스","아이스크림","아이스크림","외식(프랜차이즈 등 업체 제공 영양정보) | 유제품류 및 빙과류 | 아이스크림",""
"kfind-d219-711000000-0435","아이스크림_트로피컬 썸머 플레이","배스킨라빈스","아이스크림","아이스크림","외식(프랜차이즈 등 업체 제공 영양정보) | 유제품류 및 빙과류 | 아이스크림",""
"kfind-d219-711000000-0283","아이스크림_투둠초콜릿 프레첼 아이스크림","배스킨라빈스","아이스크림","아이스크림","외식(프랜차이즈 등 업체 제공 영양정보) | 유제품류 및 빙과류 | 아이스크림",""
"kfind-d219-711000000-0434","아이스크림_토네이도초코쿠키","롯데리아","햄버거","아이스크림","외식(프랜차이즈 등 업체 제공 영양정보) | 유제품류 및 빙과류 | 아이스크림",""
"kfind-d219-711000000-0433","아이스크림_토네이도요거트맛 초코쿠키","롯데리아","햄버거","아이스크림","외식(프랜차이즈 등 업체 제공 영양정보) | 유제품류 및 빙과류 | 아이스크림",""
"kfind-d219-711000000-0432","아이스크림_토네이도요거트맛 스트로베리","롯데리아","햄버거","아이스크림","외식(프랜차이즈 등 업체 제공 영양정보) | 유제품류 및 빙과류 | 아이스크림",""
"kfind-d219-711000000-0431","아이스크림_토네이도요거트맛 망고젤리","롯데리아","햄버거","아이스크림","외식(프랜차이즈 등 업체 제공 영양정보) | 유제품류 및 빙과류 | 아이스크림",""
"kfind-d219-711000000-0430","아이스크림_토네이도스트로베리","롯데리아","햄버거","아이스크림","외식(프랜차이즈 등 업체 제공 영양정보) | 유제품류 및 빙과류 | 아이스크림",""
"kfind-d219-711000000-0429","아이스크림_토네이도망고젤리","롯데리아","햄버거","아이스크림","외식(프랜차이즈 등 업체 제공 영양정보) | 유제품류 및 빙과류 | 아이스크림",""
"kfind-d219-711000000-0428","아이스크림_토네이도더블초코","롯데리아","햄버거","아이스크림","외식(프랜차이즈 등 업체 제공 영양정보) | 유제품류 및 빙과류 | 아이스크림",""
"kfind-d219-711000000-0427","아이스크림_탕탕! 스트로베리","배스킨라빈스","아이스크림","아이스크림","외식(프랜차이즈 등 업체 제공 영양정보) | 유제품류 및 빙과류 | 아이스크림",""
"kfind-d219-711000000-0426","아이스크림_키세스 브라우니 초콜릿","배스킨라빈스","아이스크림","아이스크림","외식(프랜차이즈 등 업체 제공 영양정보) | 유제품류 및 빙과류 | 아이스크림",""
"kfind-d219-711000000-0185","아이스크림_쿠키앤크림 아이스크림","배스킨라빈스","아이스크림","아이스크림","외식(프랜차이즈 등 업체 제공 영양정보) | 유제품류 및 빙과류 | 아이스크림",""
"kfind-d219-711000000-0278","아이스크림_캠핑 앤 스모어 아이스크림","배스킨라빈스","아이스크림","아이스크림","외식(프랜차이즈 등 업체 제공 영양정보) | 유제품류 및 빙과류 | 아이스크림",""
"kfind-d219-711000000-0424","아이스크림_카페오레 초코 크런치","배스킨라빈스","아이스크림","아이스크림","외식(프랜차이즈 등 업체 제공 영양정보) | 유제품류 및 빙과류 | 아이스크림",""
"kfind-d219-711000000-0422","아이스크림_치토스 밀크쉐이크 아이스크림 아이스크림","배스킨라빈스","아이스크림","아이스크림","외식(프랜차이즈 등 업체 제공 영양정보) | 유제품류 및 빙과류 | 아이스크림",""
"kfind-d219-711000000-0421","아이스크림_치즈가 브러우니","배스킨라빈스","아이스크림","아이스크림","외식(프랜차이즈 등 업체 제공 영양정보) | 유제품류 및 빙과류 | 아이스크림",""
"kfind-d219-711000000-0420","아이스크림_치즈 고구마구마","배스킨라빈스","아이스크림","아이스크림","외식(프랜차이즈 등 업체 제공 영양정보) | 유제품류 및 빙과류 | 아이스크림",""
"kfind-d219-711000000-0419","아이스크림_춘식이의 고구마얌","배스킨라빈스","아이스크림","아이스크림","외식(프랜차이즈 등 업체 제공 영양정보) | 유제품류 및 빙과류 | 아이스크림",""
"kfind-d219-711000000-0275","아이스크림_춘식이가 반할수박에 아이스크림","배스킨라빈스","아이스크림","아이스크림","외식(프랜차이즈 등 업체 제공 영양정보) | 유제품류 및 빙과류 | 아이스크림",""
"kfind-d219-711000000-0172","아이스크림_초콜릿파르페 아이스(ICED) (Short)","투썸플레이스","카페","아이스크림","외식(프랜차이즈 등 업체 제공 영양정보) | 유제품류 및 빙과류 | 아이스크림",""
"kfind-d219-711000000-0170","아이스크림_초콜릿무스 아이스크림","배스킨라빈스","아이스크림","아이스크림","외식(프랜차이즈 등 업체 제공 영양정보) | 유제품류 및 빙과류 | 아이스크림",""
"kfind-d219-711000000-0418","아이스크림_초콜릿무스","배스킨라빈스","아이스크림","아이스크림","외식(프랜차이즈 등 업체 제공 영양정보) | 유제품류 및 빙과류 | 아이스크림",""
"kfind-d219-711000000-0274","아이스크림_초콜릿 칩 아이스크림","배스킨라빈스","아이스크림","아이스크림","외식(프랜차이즈 등 업체 제공 영양정보) | 유제품류 및 빙과류 | 아이스크림",""
"kfind-d219-711000000-0169","아이스크림_초콜릿 아포가토","스타벅스","카페","아이스크림","외식(프랜차이즈 등 업체 제공 영양정보) | 유제품류 및 빙과류 | 아이스크림",""
"kfind-d219-711000000-0171","아이스크림_초콜릿 아이스크림","배스킨라빈스","아이스크림","아이스크림","외식(프랜차이즈 등 업체 제공 영양정보) | 유제품류 및 빙과류 | 아이스크림",""
"kfind-d219-711000000-0417","아이스크림_초콜릿","배스킨라빈스","아이스크림","아이스크림","외식(프랜차이즈 등 업체 제공 영양정보) | 유제품류 및 빙과류 | 아이스크림",""
"kfind-d219-711000000-0494","아이스크림_초코쿠키 아이스크림","이디야","카페","아이스크림","외식(프랜차이즈 등 업체 제공 영양정보) | 유제품류 및 빙과류 | 아이스크림",""
"kfind-d219-711000000-0273","아이스크림_초코야 민트해 아이스크림","배스킨라빈스","아이스크림","아이스크림","외식(프랜차이즈 등 업체 제공 영양정보) | 유제품류 및 빙과류 | 아이스크림",""
"kfind-d219-711000000-0268","아이스크림_초코넛 마카다미아 아이스크림","배스킨라빈스","아이스크림","아이스크림","외식(프랜차이즈 등 업체 제공 영양정보) | 유제품류 및 빙과류 | 아이스크림",""
"kfind-d219-711000000-0164","아이스크림_초코나무숲 아이스크림","배스킨라빈스","아이스크림","아이스크림","외식(프랜차이즈 등 업체 제공 영양정보) | 유제품류 및 빙과류 | 아이스크림",""
"kfind-d219-711000000-0413","아이스크림_초코나무 숲","배스킨라빈스","아이스크림","아이스크림","외식(프랜차이즈 등 업체 제공 영양정보) | 유제품류 및 빙과류 | 아이스크림",""
"kfind-d219-711000000-0412","아이스크림_초코  우리 이제 헤이즐넛","배스킨라빈스","아이스크림","아이스크림","외식(프랜차이즈 등 업체 제공 영양정보) | 유제품류 및 빙과류 | 아이스크림",""
"kfind-d219-711000000-0267","아이스크림_초코 퐁당 쿠키런 아이스크림","배스킨라빈스","아이스크림","아이스크림","외식(프랜차이즈 등 업체 제공 영양정보) | 유제품류 및 빙과류 | 아이스크림",""
"kfind-d219-711000000-0266","아이스크림_초코 아몬드 봉봉 아이스크림","배스킨라빈스","아이스크림","아이스크림","외식(프랜차이즈 등 업체 제공 영양정보) | 유제품류 및 빙과류 | 아이스크림",""
"kfind-d219-711000000-0162","아이스크림_체리쥬빌레 아이스크림 레디팩","배스킨라빈스","아이스크림","아이스크림","외식(프랜차이즈 등 업체 제공 영양정보) | 유제품류 및 빙과류 | 아이스크림",""
"kfind-d219-711000000-0163","아이스크림_체리쥬빌레 아이스크림","배스킨라빈스","아이스크림","아이스크림","외식(프랜차이즈 등 업체 제공 영양정보) | 유제품류 및 빙과류 | 아이스크림",""
"kfind-d219-711000000-0411","아이스크림_체리쥬빌레","배스킨라빈스","아이스크림","아이스크림","외식(프랜차이즈 등 업체 제공 영양정보) | 유제품류 및 빙과류 | 아이스크림",""
"kfind-d219-711000000-0410","아이스크림_청포도 샤베트","배스킨라빈스","아이스크림","아이스크림","외식(프랜차이즈 등 업체 제공 영양정보) | 유제품류 및 빙과류 | 아이스크림",""
"kfind-d219-711000000-0264","아이스크림_찰떡이구마 아이스크림","배스킨라빈스","아이스크림","아이스크림","외식(프랜차이즈 등 업체 제공 영양정보) | 유제품류 및 빙과류 | 아이스크림",""
"kfind-d219-711000000-0409","아이스크림_찰떡이구마","배스킨라빈스","아이스크림","아이스크림","외식(프랜차이즈 등 업체 제공 영양정보) | 유제품류 및 빙과류 | 아이스크림",""
"kfind-d219-711000000-0158","아이스크림_찰떡꽁떡 아이스크림","배스킨라빈스","아이스크림","아이스크림","외식(프랜차이즈 등 업체 제공 영양정보) | 유제품류 및 빙과류 | 아이스크림",""
"kfind-d219-711000000-0157","아이스크림_쫀떡궁합 아이스크림","배스킨라빈스","아이스크림","아이스크림","외식(프랜차이즈 등 업체 제공 영양정보) | 유제품류 및 빙과류 | 아이스크림",""
"kfind-d219-711000000-0408","아이스크림_쫀떡궁합","배스킨라빈스","아이스크림","아이스크림","외식(프랜차이즈 등 업체 제공 영양정보) | 유제품류 및 빙과류 | 아이스크림",""
"kfind-d219-711000000-0407","아이스크림_저니 오브 모나크","배스킨라빈스","아이스크림","아이스크림","외식(프랜차이즈 등 업체 제공 영양정보) | 유제품류 및 빙과류 | 아이스크림",""
"kfind-d219-711000000-0154","아이스크림_자바 칩 초콜릿 아포가토","스타벅스","카페","아이스크림","외식(프랜차이즈 등 업체 제공 영양정보) | 유제품류 및 빙과류 | 아이스크림",""
"kfind-d219-711000000-0153","아이스크림_자바 칩 유기농 아이스크림 초콜릿","스타벅스","카페","아이스크림","외식(프랜차이즈 등 업체 제공 영양정보) | 유제품류 및 빙과류 | 아이스크림",""
"kfind-d219-711000000-0152","아이스크림_자바 칩 유기농 아이스크림 바닐라","스타벅스","카페","아이스크림","외식(프랜차이즈 등 업체 제공 영양정보) | 유제품류 및 빙과류 | 아이스크림",""
"kfind-d219-711000000-0151","아이스크림_자바 칩 바닐라 아포가토","스타벅스","카페","아이스크림","외식(프랜차이즈 등 업체 제공 영양정보) | 유제품류 및 빙과류 | 아이스크림",""
"kfind-d219-711000000-0150","아이스크림_자모카아몬드훠지 아이스크림","배스킨라빈스","아이스크림","아이스크림","외식(프랜차이즈 등 업체 제공 영양정보) | 유제품류 및 빙과류 | 아이스크림",""
"kfind-d219-711000000-0405","아이스크림_자모카아몬드훠지","배스킨라빈스","아이스크림","아이스크림","외식(프랜차이즈 등 업체 제공 영양정보) | 유제품류 및 빙과류 | 아이스크림",""
"kfind-d219-711000000-0149","아이스크림_이상한나라의솜사탕 아이스크림","배스킨라빈스","아이스크림","아이스크림","외식(프랜차이즈 등 업체 제공 영양정보) | 유제품류 및 빙과류 | 아이스크림",""
"kfind-d219-711000000-0404","아이스크림_이상한나라의솜사탕","배스킨라빈스","아이스크림","아이스크림","외식(프랜차이즈 등 업체 제공 영양정보) | 유제품류 및 빙과류 | 아이스크림",""
"kfind-d219-711000000-0403","아이스크림_이상한 나라의 슈팅스타","배스킨라빈스","아이스크림","아이스크림","외식(프랜차이즈 등 업체 제공 영양정보) | 유제품류 및 빙과류 | 아이스크림",""
"kfind-d219-711000000-0148","아이스크림_유기농 아이스크림 초콜릿","스타벅스","카페","아이스크림","외식(프랜차이즈 등 업체 제공 영양정보) | 유제품류 및 빙과류 | 아이스크림",""
"kfind-d219-711000000-0147","아이스크림_유기농 아이스크림 바닐라","스타벅스","카페","아이스크림","외식(프랜차이즈 등 업체 제공 영양정보) | 유제품류 및 빙과류 | 아이스크림",""
"kfind-d219-711000000-0402","아이스크림_윈터 민트 초콜릿 칩","배스킨라빈스","아이스크림","아이스크림","외식(프랜차이즈 등 업체 제공 영양정보) | 유제품류 및 빙과류 | 아이스크림",""
"kfind-d219-711000000-0401","아이스크림_위대한 비쵸비","배스킨라빈스","아이스크림","아이스크림","외식(프랜차이즈 등 업체 제공 영양정보) | 유제품류 및 빙과류 | 아이스크림",""
"kfind-d219-711000000-0261","아이스크림_월넛 아이스크림","배스킨라빈스","아이스크림","아이스크림","외식(프랜차이즈 등 업체 제공 영양정보) | 유제품류 및 빙과류 | 아이스크림",""
"kfind-d219-711000000-0400","아이스크림_월넛","배스킨라빈스","아이스크림","아이스크림","외식(프랜차이즈 등 업체 제공 영양정보) | 유제품류 및 빙과류 | 아이스크림",""
"kfind-d219-711000000-0399","아이스크림_우주 라이크 봉봉","배스킨라빈스","아이스크림","아이스크림","외식(프랜차이즈 등 업체 제공 영양정보) | 유제품류 및 빙과류 | 아이스크림",""
"kfind-d219-711000000-0395","아이스크림_와사비 아이스크림","배스킨라빈스","아이스크림","아이스크림","외식(프랜차이즈 등 업체 제공 영양정보) | 유제품류 및 빙과류 | 아이스크림",""
"kfind-d219-711000000-0140","아이스크림_오레오쿠키앤크림 아이스크림 레디팩","배스킨라빈스","아이스크림","아이스크림","외식(프랜차이즈 등 업체 제공 영양정보) | 유제품류 및 빙과류 | 아이스크림",""
"kfind-d219-711000000-0139","아이스크림_오레오쿠키앤카라멜 아이스크림 레디팩","배스킨라빈스","아이스크림","아이스크림","외식(프랜차이즈 등 업체 제공 영양정보) | 유제품류 및 빙과류 | 아이스크림",""
"kfind-d219-711000000-0257","아이스크림_오레오 쿠키 앤 크림치즈 아이스크림","배스킨라빈스","아이스크림","아이스크림","외식(프랜차이즈 등 업체 제공 영양정보) | 유제품류 및 빙과류 | 아이스크림",""
"kfind-d219-711000000-0390","아이스크림_오레오 쿠키 앤 크림","배스킨라빈스","아이스크림","아이스크림","외식(프랜차이즈 등 업체 제공 영양정보) | 유제품류 및 빙과류 | 아이스크림",""
"kfind-d219-711000000-0389","아이스크림_오레오 쿠키 앤 콜드브루","배스킨라빈스","아이스크림","아이스크림","외식(프랜차이즈 등 업체 제공 영양정보) | 유제품류 및 빙과류 | 아이스크림",""
"kfind-d219-711000000-0253","아이스크림_에스프레소 앤 크림 아이스크림","배스킨라빈스","아이스크림","아이스크림","외식(프랜차이즈 등 업체 제공 영양정보) | 유제품류 및 빙과류 | 아이스크림",""
"kfind-d219-711000000-0388","아이스크림_에스프레소 앤 크림","배스킨라빈스","아이스크림","아이스크림","외식(프랜차이즈 등 업체 제공 영양정보) | 유제품류 및 빙과류 | 아이스크림",""
"kfind-d219-711000000-0135","아이스크림_엄마는외계인 아이스크림","배스킨라빈스","아이스크림","아이스크림","외식(프랜차이즈 등 업체 제공 영양정보) | 유제품류 및 빙과류 | 아이스크림",""
"kfind-d219-711000000-0387","아이스크림_엄마는외계인","배스킨라빈스","아이스크림","아이스크림","외식(프랜차이즈 등 업체 제공 영양정보) | 유제품류 및 빙과류 | 아이스크림",""
"kfind-d219-711000000-0252","아이스크림_애플 민트 아이스크림","배스킨라빈스","아이스크림","아이스크림","외식(프랜차이즈 등 업체 제공 영양정보) | 유제품류 및 빙과류 | 아이스크림",""
"kfind-d219-711000000-0386","아이스크림_애플 민트","배스킨라빈스","아이스크림","아이스크림","외식(프랜차이즈 등 업체 제공 영양정보) | 유제품류 및 빙과류 | 아이스크림",""
"kfind-d219-711000000-0385","아이스크림_애망빙","배스킨라빈스","아이스크림","아이스크림","외식(프랜차이즈 등 업체 제공 영양정보) | 유제품류 및 빙과류 | 아이스크림",""
"kfind-d219-711000000-0251","아이스크림_알폰소 망고 아이스크림","배스킨라빈스","아이스크림","아이스크림","외식(프랜차이즈 등 업체 제공 영양정보) | 유제품류 및 빙과류 | 아이스크림",""
"kfind-d219-711000000-0384","아이스크림_알폰소 망고","배스킨라빈스","아이스크림","아이스크림","외식(프랜차이즈 등 업체 제공 영양정보) | 유제품류 및 빙과류 | 아이스크림",""
"kfind-d219-711000000-0133","아이스크림_아이스크림롤 초콜릿","배스킨라빈스","아이스크림","아이스크림","외식(프랜차이즈 등 업체 제공 영양정보) | 유제품류 및 빙과류 | 아이스크림",""
"kfind-d219-711000000-0132","아이스크림_아이스크림롤 바닐라","배스킨라빈스","아이스크림","아이스크림","외식(프랜차이즈 등 업체 제공 영양정보) | 유제품류 및 빙과류 | 아이스크림",""
"kfind-d219-711000000-0383","아이스크림_아이스크림 스틱바 초코그린티","배스킨라빈스","아이스크림","아이스크림","외식(프랜차이즈 등 업체 제공 영양정보) | 유제품류 및 빙과류 | 아이스크림",""
"kfind-d219-711000000-0382","아이스크림_아이스크림 스틱바 민트쿠앤크","배스킨라빈스","아이스크림","아이스크림","외식(프랜차이즈 등 업체 제공 영양정보) | 유제품류 및 빙과류 | 아이스크림",""
"kfind-d219-711000000-0381","아이스크림_아이스크림","던킨","베이커리","아이스크림","외식(프랜차이즈 등 업체 제공 영양정보) | 유제품류 및 빙과류 | 아이스크림",""
"kfind-d219-711000000-0129","아이스크림_아이스죠리퐁 아이스크림 레디팩","배스킨라빈스","아이스크림","아이스크림","외식(프랜차이즈 등 업체 제공 영양정보) | 유제품류 및 빙과류 | 아이스크림",""
"kfind-d219-711000000-0380","아이스크림_아이스마카롱 쿠키앤크림","배스킨라빈스","아이스크림","아이스크림","외식(프랜차이즈 등 업체 제공 영양정보) | 유제품류 및 빙과류 | 아이스크림",""
"kfind-d219-711000000-0379","아이스크림_아이스마카롱 체리쥬빌레","배스킨라빈스","아이스크림","아이스크림","외식(프랜차이즈 등 업체 제공 영양정보) | 유제품류 및 빙과류 | 아이스크림",""
"kfind-d219-711000000-0378","아이스크림_아이스 호떡","배스킨라빈스","아이스크림","아이스크림","외식(프랜차이즈 등 업체 제공 영양정보) | 유제품류 및 빙과류 | 아이스크림",""
"kfind-d219-711000000-0377","아이스크림_아이스 칸탈로프 멜론","배스킨라빈스","아이스크림","아이스크림","외식(프랜차이즈 등 업체 제공 영양정보) | 유제품류 및 빙과류 | 아이스크림",""
"kfind-d219-711000000-0376","아이스크림_아이스 초코 도쿄바나나","배스킨라빈스","아이스크림","아이스크림","외식(프랜차이즈 등 업체 제공 영양정보) | 유제품류 및 빙과류 | 아이스크림",""
"kfind-d219-711000000-0375","아이스크림_아이스 메론빵","배스킨라빈스","아이스크림","아이스크림","외식(프랜차이즈 등 업체 제공 영양정보) | 유제품류 및 빙과류 | 아이스크림",""
"kfind-d219-711000000-0374","아이스크림_아이스 맥심 모카골드","배스킨라빈스","아이스크림","아이스크림","외식(프랜차이즈 등 업체 제공 영양정보) | 유제품류 및 빙과류 | 아이스크림",""
"kfind-d219-711000000-0373","아이스크림_아이스 도쿄바나나","배스킨라빈스","아이스크림","아이스크림","외식(프랜차이즈 등 업체 제공 영양정보) | 유제품류 및 빙과류 | 아이스크림",""
"kfind-d219-711000000-0246","아이스크림_아이스 노티드 클래식 바닐라 아이스크림","배스킨라빈스","아이스크림","아이스크림","외식(프랜차이즈 등 업체 제공 영양정보) | 유제품류 및 빙과류 | 아이스크림",""
"kfind-d219-711000000-0245","아이스크림_아이스 노티드 우유 생크림 아이스크림","배스킨라빈스","아이스크림","아이스크림","외식(프랜차이즈 등 업체 제공 영양정보) | 유제품류 및 빙과류 | 아이스크림",""
"kfind-d219-711000000-0372","아이스크림_아이스 그린티 킷캣","배스킨라빈스","아이스크림","아이스크림","외식(프랜차이즈 등 업체 제공 영양정보) | 유제품류 및 빙과류 | 아이스크림",""
"kfind-d219-711000000-0371","아이스크림_아이 원 츄","배스킨라빈스","아이스크림","아이스크림","외식(프랜차이즈 등 업체 제공 영양정보) | 유제품류 및 빙과류 | 아이스크림",""
"kfind-d219-711000000-0370","아이스크림_아빠는 딸바봉","배스킨라빈스","아이스크림","아이스크림","외식(프랜차이즈 등 업체 제공 영양정보) | 유제품류 및 빙과류 | 아이스크림",""
"kfind-d219-711000000-0126","아이스크림_아몬드봉봉 아이스크림","배스킨라빈스","아이스크림","아이스크림","외식(프랜차이즈 등 업체 제공 영양정보) | 유제품류 및 빙과류 | 아이스크림",""
"kfind-d219-711000000-0369","아이스크림_아몬드봉봉","배스킨라빈스","아이스크림","아이스크림","외식(프랜차이즈 등 업체 제공 영양정보) | 유제품류 및 빙과류 | 아이스크림",""
"kfind-d219-711000000-0125","아이스크림_쌀떡궁합 아이스크림","배스킨라빈스","아이스크림","아이스크림","외식(프랜차이즈 등 업체 제공 영양정보) | 유제품류 및 빙과류 | 아이스크림",""
"kfind-d219-711000000-0243","아이스크림_시카고팝콘 아이스크림","배스킨라빈스","아이스크림","아이스크림","외식(프랜차이즈 등 업체 제공 영양정보) | 유제품류 및 빙과류 | 아이스크림",""
"kfind-d219-711000000-0131","아이스크림_스틱바초코그린티 아이스크림","배스킨라빈스","아이스크림","아이스크림","외식(프랜차이즈 등 업체 제공 영양정보) | 유제품류 및 빙과류 | 아이스크림",""
"kfind-d219-711000000-0130","아이스크림_스틱바민트쿠앤크 아이스크림","배스킨라빈스","아이스크림","아이스크림","외식(프랜차이즈 등 업체 제공 영양정보) | 유제품류 및 빙과류 | 아이스크림",""
"kfind-d219-711000000-0117","아이스크림_슈팅스타 아이스크림 레디팩","배스킨라빈스","아이스크림","아이스크림","외식(프랜차이즈 등 업체 제공 영양정보) | 유제품류 및 빙과류 | 아이스크림",""
"kfind-d219-711000000-0118","아이스크림_슈팅스타 아이스크림","배스킨라빈스","아이스크림","아이스크림","외식(프랜차이즈 등 업체 제공 영양정보) | 유제품류 및 빙과류 | 아이스크림",""
"kfind-d219-711000000-0368","아이스크림_슈팅스타","배스킨라빈스","아이스크림","아이스크림","외식(프랜차이즈 등 업체 제공 영양정보) | 유제품류 및 빙과류 | 아이스크림",""
"kfind-d219-711000000-0367","아이스크림_숭아야  그릭다","배스킨라빈스","아이스크림","아이스크림","외식(프랜차이즈 등 업체 제공 영양정보) | 유제품류 및 빙과류 | 아이스크림",""
"kfind-d219-711000000-0240","아이스크림_수퍼 펭귄 시리얼 아이스크림","배스킨라빈스","아이스크림","아이스크림","외식(프랜차이즈 등 업체 제공 영양정보) | 유제품류 및 빙과류 | 아이스크림",""
"kfind-d219-711000000-0365","아이스크림_수박 Hero","배스킨라빈스","아이스크림","아이스크림","외식(프랜차이즈 등 업체 제공 영양정보) | 유제품류 및 빙과류 | 아이스크림",""
"kfind-d219-711000000-0364","아이스크림_솔티끼 나 너 초코","배스킨라빈스","아이스크림","아이스크림","외식(프랜차이즈 등 업체 제공 영양정보) | 유제품류 및 빙과류 | 아이스크림",""
"kfind-d219-711000000-0361","아이스크림_소프트콘","롯데리아","햄버거","아이스크림","외식(프랜차이즈 등 업체 제공 영양정보) | 유제품류 및 빙과류 | 아이스크림",""
"kfind-d219-711000000-0111","아이스크림_소프트 아이스크림 (콘)","투썸플레이스","카페","아이스크림","외식(프랜차이즈 등 업체 제공 영양정보) | 유제품류 및 빙과류 | 아이스크림",""
"kfind-d219-711000000-0110","아이스크림_소프트 아이스크림 (컵)","투썸플레이스","카페","아이스크림","외식(프랜차이즈 등 업체 제공 영양정보) | 유제품류 및 빙과류 | 아이스크림",""
"kfind-d219-711000000-0477","아이스크림_소프트 아이스크림","이디야","카페","아이스크림","외식(프랜차이즈 등 업체 제공 영양정보) | 유제품류 및 빙과류 | 아이스크림",""
"kfind-d219-711000000-0478","아이스크림_소프트 아이스크림","빽다방","카페","아이스크림","외식(프랜차이즈 등 업체 제공 영양정보) | 유제품류 및 빙과류 | 아이스크림",""
"kfind-d219-711000000-0360","아이스크림_소금 우유 아이스크림","배스킨라빈스","아이스크림","아이스크림","외식(프랜차이즈 등 업체 제공 영양정보) | 유제품류 및 빙과류 | 아이스크림",""
"kfind-d219-711000000-0359","아이스크림_선데아이스크림허쉬초코","롯데리아","햄버거","아이스크림","외식(프랜차이즈 등 업체 제공 영양정보) | 유제품류 및 빙과류 | 아이스크림",""
"kfind-d219-711000000-0358","아이스크림_선데아이스크림플레인","롯데리아","햄버거","아이스크림","외식(프랜차이즈 등 업체 제공 영양정보) | 유제품류 및 빙과류 | 아이스크림",""
"kfind-d219-711000000-0357","아이스크림_선데아이스크림스트로베리","롯데리아","햄버거","아이스크림","외식(프랜차이즈 등 업체 제공 영양정보) | 유제품류 및 빙과류 | 아이스크림",""
"kfind-d219-711000000-0237","아이스크림_사랑에 빠진 딸기 아이스크림","배스킨라빈스","아이스크림","아이스크림","외식(프랜차이즈 등 업체 제공 영양정보) | 유제품류 및 빙과류 | 아이스크림",""
"kfind-d219-711000000-0355","아이스크림_사랑에 빠진 딸기","배스킨라빈스","아이스크림","아이스크림","외식(프랜차이즈 등 업체 제공 영양정보) | 유제품류 및 빙과류 | 아이스크림",""
"kfind-d219-711000000-0350","아이스크림_블루베리 파나코타","배스킨라빈스","아이스크림","아이스크림","외식(프랜차이즈 등 업체 제공 영양정보) | 유제품류 및 빙과류 | 아이스크림",""
"kfind-d219-711000000-0349","아이스크림_블루베리 요거트","배스킨라빈스","아이스크림","아이스크림","외식(프랜차이즈 등 업체 제공 영양정보) | 유제품류 및 빙과류 | 아이스크림",""
"kfind-d219-711000000-0348","아이스크림_블루 서퍼 비치","배스킨라빈스","아이스크림","아이스크림","외식(프랜차이즈 등 업체 제공 영양정보) | 유제품류 및 빙과류 | 아이스크림",""
"kfind-d219-711000000-0347","아이스크림_블루 바나나 브륄레","배스킨라빈스","아이스크림","아이스크림","외식(프랜차이즈 등 업체 제공 영양정보) | 유제품류 및 빙과류 | 아이스크림",""
"kfind-d219-711000000-0100","아이스크림_블록팩 쿠키앤크림 아이스크림","배스킨라빈스","아이스크림","아이스크림","외식(프랜차이즈 등 업체 제공 영양정보) | 유제품류 및 빙과류 | 아이스크림",""
"kfind-d219-711000000-0099","아이스크림_블록팩 초콜릿무스 아이스크림","배스킨라빈스","아이스크림","아이스크림","외식(프랜차이즈 등 업체 제공 영양정보) | 유제품류 및 빙과류 | 아이스크림",""
"kfind-d219-711000000-0098","아이스크림_블록팩 체리쥬빌레 아이스크림","배스킨라빈스","아이스크림","아이스크림","외식(프랜차이즈 등 업체 제공 영양정보) | 유제품류 및 빙과류 | 아이스크림",""
"kfind-d219-711000000-0097","아이스크림_블록팩 이상한나라의솜사탕 아이스크림","배스킨라빈스","아이스크림","아이스크림","외식(프랜차이즈 등 업체 제공 영양정보) | 유제품류 및 빙과류 | 아이스크림",""
"kfind-d219-711000000-0096","아이스크림_블록팩 엄마는외계인 아이스크림","배스킨라빈스","아이스크림","아이스크림","외식(프랜차이즈 등 업체 제공 영양정보) | 유제품류 및 빙과류 | 아이스크림",""
"kfind-d219-711000000-0095","아이스크림_블록팩 아몬드봉봉 아이스크림","배스킨라빈스","아이스크림","아이스크림","외식(프랜차이즈 등 업체 제공 영양정보) | 유제품류 및 빙과류 | 아이스크림",""
"kfind-d219-711000000-0094","아이스크림_블록팩 슈팅스타 아이스크림","배스킨라빈스","아이스크림","아이스크림","외식(프랜차이즈 등 업체 제공 영양정보) | 유제품류 및 빙과류 | 아이스크림",""
"kfind-d219-711000000-0093","아이스크림_블록팩 바람과함께사라지다 아이스크림","배스킨라빈스","아이스크림","아이스크림","외식(프랜차이즈 등 업체 제공 영양정보) | 유제품류 및 빙과류 | 아이스크림",""
"kfind-d219-711000000-0092","아이스크림_블록팩 뉴욕치즈 케이크 아이스크림","배스킨라빈스","아이스크림","아이스크림","외식(프랜차이즈 등 업체 제공 영양정보) | 유제품류 및 빙과류 | 아이스크림",""
"kfind-d219-711000000-0235","아이스크림_블랙 소르베 아이스크림","배스킨라빈스","아이스크림","아이스크림","외식(프랜차이즈 등 업체 제공 영양정보) | 유제품류 및 빙과류 | 아이스크림",""
"kfind-d219-711000000-0346","아이스크림_블랙 소르베","배스킨라빈스","아이스크림","아이스크림","외식(프랜차이즈 등 업체 제공 영양정보) | 유제품류 및 빙과류 | 아이스크림",""
"kfind-d219-711000000-0345","아이스크림_북극곰 폴라베어","배스킨라빈스","아이스크림","아이스크림","외식(프랜차이즈 등 업체 제공 영양정보) | 유제품류 및 빙과류 | 아이스크림",""
"kfind-d219-711000000-0344","아이스크림_봉쥬르  마카롱","배스킨라빈스","아이스크림","아이스크림","외식(프랜차이즈 등 업체 제공 영양정보) | 유제품류 및 빙과류 | 아이스크림",""
"kfind-d219-711000000-0343","아이스크림_봄날의 곰을 좋아하세요","배스킨라빈스","아이스크림","아이스크림","외식(프랜차이즈 등 업체 제공 영양정보) | 유제품류 및 빙과류 | 아이스크림",""
"kfind-d219-711000000-0087","아이스크림_베리베리스트로베리 아이스크림 레디팩","배스킨라빈스","아이스크림","아이스크림","외식(프랜차이즈 등 업체 제공 영양정보) | 유제품류 및 빙과류 | 아이스크림",""
"kfind-d219-711000000-0088","아이스크림_베리베리스트로베리 아이스크림","배스킨라빈스","아이스크림","아이스크림","외식(프랜차이즈 등 업체 제공 영양정보) | 유제품류 및 빙과류 | 아이스크림",""
"kfind-d219-711000000-0341","아이스크림_베리베리스트로베리","배스킨라빈스","아이스크림","아이스크림","외식(프랜차이즈 등 업체 제공 영양정보) | 유제품류 및 빙과류 | 아이스크림",""
"kfind-d219-711000000-0233","아이스크림_벅스 버니버니 당근당근 아이스크림","배스킨라빈스","아이스크림","아이스크림","외식(프랜차이즈 등 업체 제공 영양정보) | 유제품류 및 빙과류 | 아이스크림",""
"kfind-d219-711000000-0340","아이스크림_바삭한 쫀꾸렛","배스킨라빈스","아이스크림","아이스크림","외식(프랜차이즈 등 업체 제공 영양정보) | 유제품류 및 빙과류 | 아이스크림",""
"kfind-d219-711000000-0086","아이스크림_바람과함께사라지다 아이스크림","배스킨라빈스","아이스크림","아이스크림","외식(프랜차이즈 등 업체 제공 영양정보) | 유제품류 및 빙과류 | 아이스크림",""
"kfind-d219-711000000-0339","아이스크림_바람과함께사라지다","배스킨라빈스","아이스크림","아이스크림","외식(프랜차이즈 등 업체 제공 영양정보) | 유제품류 및 빙과류 | 아이스크림",""
"kfind-d219-711000000-0084","아이스크림_바닐라아포가토","투썸플레이스","카페","아이스크림","외식(프랜차이즈 등 업체 제공 영양정보) | 유제품류 및 빙과류 | 아이스크림",""
"kfind-d219-711000000-0232","아이스크림_바닐라아몬드 크런치 아이스크림","배스킨라빈스","아이스크림","아이스크림","외식(프랜차이즈 등 업체 제공 영양정보) | 유제품류 및 빙과류 | 아이스크림",""
"kfind-d219-711000000-0077","아이스크림_바닐라 아포가토","스타벅스","카페","아이스크림","외식(프랜차이즈 등 업체 제공 영양정보) | 유제품류 및 빙과류 | 아이스크림",""
"kfind-d219-711000000-0082","아이스크림_바닐라 아이스크림","배스킨라빈스","아이스크림","아이스크림","외식(프랜차이즈 등 업체 제공 영양정보) | 유제품류 및 빙과류 | 아이스크림",""
"kfind-d219-711000000-0338","아이스크림_바닐라","배스킨라빈스","아이스크림","아이스크림","외식(프랜차이즈 등 업체 제공 영양정보) | 유제품류 및 빙과류 | 아이스크림",""
"kfind-d219-711000000-0231","아이스크림_바나나쥬빌레 아이스크림","배스킨라빈스","아이스크림","아이스크림","외식(프랜차이즈 등 업체 제공 영양정보) | 유제품류 및 빙과류 | 아이스크림",""
"kfind-d219-711000000-0064","아이스크림_민트초콜릿칩 아이스크림 레디팩","배스킨라빈스","아이스크림","아이스크림","외식(프랜차이즈 등 업체 제공 영양정보) | 유제품류 및 빙과류 | 아이스크림",""
"kfind-d219-711000000-0065","아이스크림_민트초콜릿칩 아이스크림","배스킨라빈스","아이스크림","아이스크림","외식(프랜차이즈 등 업체 제공 영양정보) | 유제품류 및 빙과류 | 아이스크림",""
"kfind-d219-711000000-0337","아이스크림_민트초콜릿칩","배스킨라빈스","아이스크림","아이스크림","외식(프랜차이즈 등 업체 제공 영양정보) | 유제품류 및 빙과류 | 아이스크림",""
"kfind-d219-711000000-0336","아이스크림_민트 초코 봉봉","배스킨라빈스","아이스크림","아이스크림","외식(프랜차이즈 등 업체 제공 영양정보) | 유제품류 및 빙과류 | 아이스크림",""
"kfind-d219-711000000-0335","아이스크림_민트 블리스","배스킨라빈스","아이스크림","아이스크림","외식(프랜차이즈 등 업체 제공 영양정보) | 유제품류 및 빙과류 | 아이스크림",""
"kfind-d219-711000000-0060","아이스크림_미니 스노우모찌(그린티  스트로베리  망고)","배스킨라빈스","아이스크림","아이스크림","외식(프랜차이즈 등 업체 제공 영양정보) | 유제품류 및 빙과류 | 아이스크림",""
"kfind-d219-711000000-0331","아이스크림_메롱멜론","배스킨라빈스","아이스크림","아이스크림","외식(프랜차이즈 등 업체 제공 영양정보) | 유제품류 및 빙과류 | 아이스크림",""
"kfind-d219-711000000-0056","아이스크림_망고탱고 아이스크림 레디팩","배스킨라빈스","아이스크림","아이스크림","외식(프랜차이즈 등 업체 제공 영양정보) | 유제품류 및 빙과류 | 아이스크림",""
"kfind-d219-711000000-0057","아이스크림_망고탱고 아이스크림","배스킨라빈스","아이스크림","아이스크림","외식(프랜차이즈 등 업체 제공 영양정보) | 유제품류 및 빙과류 | 아이스크림",""
"kfind-d219-711000000-0330","아이스크림_망고탱고","배스킨라빈스","아이스크림","아이스크림","외식(프랜차이즈 등 업체 제공 영양정보) | 유제품류 및 빙과류 | 아이스크림",""
"kfind-d219-711000000-0326","아이스크림_말차다미아","배스킨라빈스","아이스크림","아이스크림","외식(프랜차이즈 등 업체 제공 영양정보) | 유제품류 및 빙과류 | 아이스크림",""
"kfind-d219-711000000-0325","아이스크림_말랑 딸기 찹쌀떡","배스킨라빈스","아이스크림","아이스크림","외식(프랜차이즈 등 업체 제공 영양정보) | 유제품류 및 빙과류 | 아이스크림",""
"kfind-d219-711000000-0324","아이스크림_말랑 꿀떡 모찌","배스킨라빈스","아이스크림","아이스크림","외식(프랜차이즈 등 업체 제공 영양정보) | 유제품류 및 빙과류 | 아이스크림",""
"kfind-d219-711000000-0225","아이스크림_마법사의 할로윈 아이스크림","배스킨라빈스","아이스크림","아이스크림","외식(프랜차이즈 등 업체 제공 영양정보) | 유제품류 및 빙과류 | 아이스크림",""
"kfind-d219-711000000-0323","아이스크림_마법사의 비밀 레시피","배스킨라빈스","아이스크림","아이스크림","외식(프랜차이즈 등 업체 제공 영양정보) | 유제품류 및 빙과류 | 아이스크림",""
"kfind-d219-711000000-0322","아이스크림_리콜라 레몬민트 샤베트","배스킨라빈스","아이스크림","아이스크림","외식(프랜차이즈 등 업체 제공 영양정보) | 유제품류 및 빙과류 | 아이스크림",""
"kfind-d219-711000000-0040","아이스크림_로투스비스코프 아이스크림 레디팩","배스킨라빈스","아이스크림","아이스크림","외식(프랜차이즈 등 업체 제공 영양정보) | 유제품류 및 빙과류 | 아이스크림",""
"kfind-d219-711000000-0039","아이스크림_로얄밀크티파르페 아이스(ICED) (Short)","투썸플레이스","카페","아이스크림","외식(프랜차이즈 등 업체 제공 영양정보) | 유제품류 및 빙과류 | 아이스크림",""
"kfind-d219-711000000-0223","아이스크림_레인보우샤베트 아이스크림","배스킨라빈스","아이스크림","아이스크림","외식(프랜차이즈 등 업체 제공 영양정보) | 유제품류 및 빙과류 | 아이스크림",""
"kfind-d219-711000000-0321","아이스크림_레인보우샤베트","배스킨라빈스","아이스크림","아이스크림","외식(프랜차이즈 등 업체 제공 영양정보) | 유제품류 및 빙과류 | 아이스크림",""
"kfind-d219-711000000-0222","아이스크림_레드 라즈베리 소르베 아이스크림","배스킨라빈스","아이스크림","아이스크림","외식(프랜차이즈 등 업체 제공 영양정보) | 유제품류 및 빙과류 | 아이스크림",""
"kfind-d219-711000000-0034","아이스크림_럭키카라멜터틀 아이스크림","배스킨라빈스","아이스크림","아이스크림","외식(프랜차이즈 등 업체 제공 영양정보) | 유제품류 및 빙과류 | 아이스크림",""
"kfind-d219-711000000-0221","아이스크림_러브미 아이스크림","배스킨라빈스","아이스크림","아이스크림","외식(프랜차이즈 등 업체 제공 영양정보) | 유제품류 및 빙과류 | 아이스크림",""
"kfind-d219-711000000-0320","아이스크림_러브미","배스킨라빈스","아이스크림","아이스크림","외식(프랜차이즈 등 업체 제공 영양정보) | 유제품류 및 빙과류 | 아이스크림",""
"kfind-d219-711000000-0220","아이스크림_라이언망고 마카롱 아이스크림","배스킨라빈스","아이스크림","아이스크림","외식(프랜차이즈 등 업체 제공 영양정보) | 유제품류 및 빙과류 | 아이스크림",""
"kfind-d219-711000000-0456","아이스크림_딸기쿠키 아이스크림","이디야","카페","아이스크림","외식(프랜차이즈 등 업체 제공 영양정보) | 유제품류 및 빙과류 | 아이스크림",""
"kfind-d219-711000000-0318","아이스크림_딸기 연유 퐁당","배스킨라빈스","아이스크림","아이스크림","외식(프랜차이즈 등 업체 제공 영양정보) | 유제품류 및 빙과류 | 아이스크림",""
"kfind-d219-711000000-0219","아이스크림_디노 젤리 아이스크림","배스킨라빈스","아이스크림","아이스크림","외식(프랜차이즈 등 업체 제공 영양정보) | 유제품류 및 빙과류 | 아이스크림",""
"kfind-d219-711000000-0317","아이스크림_디노 젤리","배스킨라빈스","아이스크림","아이스크림","외식(프랜차이즈 등 업체 제공 영양정보) | 유제품류 및 빙과류 | 아이스크림",""
"kfind-d219-711000000-0316","아이스크림_두바이스타일 초코 통통","배스킨라빈스","아이스크림","아이스크림","외식(프랜차이즈 등 업체 제공 영양정보) | 유제품류 및 빙과류 | 아이스크림",""
"kfind-d219-711000000-0019","아이스크림_달고나크런치 아이스크림","빽다방","카페","아이스크림","외식(프랜차이즈 등 업체 제공 영양정보) | 유제품류 및 빙과류 | 아이스크림",""
"kfind-d219-711000000-0217","아이스크림_다크 초코 나이트 아이스크림","배스킨라빈스","아이스크림","아이스크림","외식(프랜차이즈 등 업체 제공 영양정보) | 유제품류 및 빙과류 | 아이스크림",""
"kfind-d219-711000000-0310","아이스크림_뉴욕치즈케이크","배스킨라빈스","아이스크림","아이스크림","외식(프랜차이즈 등 업체 제공 영양정보) | 유제품류 및 빙과류 | 아이스크림",""
"kfind-d219-711000000-0013","아이스크림_뉴욕치즈 케이크 아이스크림 레디팩","배스킨라빈스","아이스크림","아이스크림","외식(프랜차이즈 등 업체 제공 영양정보) | 유제품류 및 빙과류 | 아이스크림",""
"kfind-d219-711000000-0014","아이스크림_뉴욕치즈 케이크 아이스크림","배스킨라빈스","아이스크림","아이스크림","외식(프랜차이즈 등 업체 제공 영양정보) | 유제품류 및 빙과류 | 아이스크림",""
"kfind-d219-711000000-0012","아이스크림_노말한소프트 아이스크림","빽다방","카페","아이스크림","외식(프랜차이즈 등 업체 제공 영양정보) | 유제품류 및 빙과류 | 아이스크림",""
"kfind-d219-711000000-0011","아이스크림_너는참달고나 아이스크림 레디팩","배스킨라빈스","아이스크림","아이스크림","외식(프랜차이즈 등 업체 제공 영양정보) | 유제품류 및 빙과류 | 아이스크림",""
"kfind-d219-711000000-0308","아이스크림_너는 참 달고나","배스킨라빈스","아이스크림","아이스크림","외식(프랜차이즈 등 업체 제공 영양정보) | 유제품류 및 빙과류 | 아이스크림",""
"kfind-d219-711000000-0307","아이스크림_너 T(tea)야","배스킨라빈스","아이스크림","아이스크림","외식(프랜차이즈 등 업체 제공 영양정보) | 유제품류 및 빙과류 | 아이스크림",""
"kfind-d219-711000000-0306","아이스크림_내가 아인슈페너","배스킨라빈스","아이스크림","아이스크림","외식(프랜차이즈 등 업체 제공 영양정보) | 유제품류 및 빙과류 | 아이스크림",""
"kfind-d219-711000000-0305","아이스크림_나주배 소르베","배스킨라빈스","아이스크림","아이스크림","외식(프랜차이즈 등 업체 제공 영양정보) | 유제품류 및 빙과류 | 아이스크림",""
"kfind-d219-711000000-0304","아이스크림_나는 딸기치오","배스킨라빈스","아이스크림","아이스크림","외식(프랜차이즈 등 업체 제공 영양정보) | 유제품류 및 빙과류 | 아이스크림",""
"kfind-d219-711000000-0010","아이스크림_끼리크림치즈앤스트로베리 아이스크림 레디팩","배스킨라빈스","아이스크림","아이스크림","외식(프랜차이즈 등 업체 제공 영양정보) | 유제품류 및 빙과류 | 아이스크림",""
"kfind-d219-711000000-0450","아이스크림_꿀 인절미 아이스크림","이디야","카페","아이스크림","외식(프랜차이즈 등 업체 제공 영양정보) | 유제품류 및 빙과류 | 아이스크림",""
"kfind-d219-711000000-0006","아이스크림_그린티 아이스크림","배스킨라빈스","아이스크림","아이스크림","외식(프랜차이즈 등 업체 제공 영양정보) | 유제품류 및 빙과류 | 아이스크림",""
"kfind-d219-711000000-0303","아이스크림_그린티","배스킨라빈스","아이스크림","아이스크림","외식(프랜차이즈 등 업체 제공 영양정보) | 유제품류 및 빙과류 | 아이스크림",""
"kfind-d219-711000000-0213","아이스크림_구름 속 시나모롤 아이스크림","배스킨라빈스","아이스크림","아이스크림","외식(프랜차이즈 등 업체 제공 영양정보) | 유제품류 및 빙과류 | 아이스크림",""
"kfind-d219-711000000-0300","아이스크림_골든 애플 요거트","배스킨라빈스","아이스크림","아이스크림","외식(프랜차이즈 등 업체 제공 영양정보) | 유제품류 및 빙과류 | 아이스크림",""
"kfind-d219-711000000-0298","아이스크림_Lessly Edition 초콜릿","배스킨라빈스","아이스크림","아이스크림","외식(프랜차이즈 등 업체 제공 영양정보) | 유제품류 및 빙과류 | 아이스크림",""
"kfind-d219-711000000-0297","아이스크림_Lessly Edition 초코나무 숲","배스킨라빈스","아이스크림","아이스크림","외식(프랜차이즈 등 업체 제공 영양정보) | 유제품류 및 빙과류 | 아이스크림",""
"kfind-d219-711000000-0296","아이스크림_Lessly Edition 엄마는 외계인","배스킨라빈스","아이스크림","아이스크림","외식(프랜차이즈 등 업체 제공 영양정보) | 유제품류 및 빙과류 | 아이스크림",""
"kfind-d219-711000000-0295","아이스크림_Lessly Edition 아몬드 봉봉","배스킨라빈스","아이스크림","아이스크림","외식(프랜차이즈 등 업체 제공 영양정보) | 유제품류 및 빙과류 | 아이스크림",""
"kfind-d219-711000000-0294","아이스크림_Lessly Edition 민트 초콜릿 칩","배스킨라빈스","아이스크림","아이스크림","외식(프랜차이즈 등 업체 제공 영양정보) | 유제품류 및 빙과류 | 아이스크림",""
"kfind-d219-711000000-0001","아이스크림_31요거트 아이스크림","배스킨라빈스","아이스크림","아이스크림","외식(프랜차이즈 등 업체 제공 영양정보) | 유제품류 및 빙과류 | 아이스크림",""
"kfind-d219-711000000-0293","아이스크림_31요거트","배스킨라빈스","아이스크림","아이스크림","외식(프랜차이즈 등 업체 제공 영양정보) | 유제품류 및 빙과류 | 아이스크림",""
"kfind-d219-711000000-0212","아이스크림_31 올스타 아이스크림","배스킨라빈스","아이스크림","아이스크림","외식(프랜차이즈 등 업체 제공 영양정보) | 유제품류 및 빙과류 | 아이스크림",""
"kfind-d220-739000000-0016","쌍화차_쌍화차 핫(HOT)","이디야","카페","음료","외식(프랜차이즈 등 업체 제공 영양정보) | 음료 및 차류 | 쌍화차",""
"kfind-d220-739000000-0013","쌍화차_쌍화차 핫(HOT)","빽다방","카페","음료","외식(프랜차이즈 등 업체 제공 영양정보) | 음료 및 차류 | 쌍화차",""
"kfind-d220-739000000-0011","쌍화차_쌍화차 아이스(ICED)","빽다방","카페","음료","외식(프랜차이즈 등 업체 제공 영양정보) | 음료 및 차류 | 쌍화차",""
"kfind-d220-739000000-0012","쌍화차_쌍화차 아이스(ICED)","이디야","카페","음료","외식(프랜차이즈 등 업체 제공 영양정보) | 음료 및 차류 | 쌍화차",""
"kfind-d220-738000000-0005","식혜_식혜 아이스(ICED)","빽다방","카페","음료","외식(프랜차이즈 등 업체 제공 영양정보) | 음료 및 차류 | 식혜",""
"kfind-d220-738000000-0004","식혜_살얼음 식혜 아이스(ICED) (R)","이디야","카페","음료","외식(프랜차이즈 등 업체 제공 영양정보) | 음료 및 차류 | 식혜",""
"kfind-d220-738000000-0003","식혜_살얼음 식혜 아이스(ICED) (EX)","이디야","카페","음료","외식(프랜차이즈 등 업체 제공 영양정보) | 음료 및 차류 | 식혜",""
"kfind-d202-100000000-0099","식빵_파란라벨 통곡물깜빠뉴","파리바게뜨","베이커리","베이커리","외식(프랜차이즈 등 업체 제공 영양정보) | 빵 및 과자류 | 식빵",""
"kfind-d202-100000000-0098","식빵_파란라벨 크랜베리호밀깜빠뉴","파리바게뜨","베이커리","베이커리","외식(프랜차이즈 등 업체 제공 영양정보) | 빵 및 과자류 | 식빵",""
"kfind-d202-100000000-0097","식빵_파란라벨 쫄깃담백루스틱","파리바게뜨","베이커리","베이커리","외식(프랜차이즈 등 업체 제공 영양정보) | 빵 및 과자류 | 식빵",""
"kfind-d202-100000000-0070","식빵_촉촉함을 담은 쫄깃한 식빵","파리바게뜨","베이커리","베이커리","외식(프랜차이즈 등 업체 제공 영양정보) | 빵 및 과자류 | 식빵",""
"kfind-d202-100000000-0041","식빵_촉촉함은 담은 쫄깃한 식빵","파리바게뜨","베이커리","베이커리","외식(프랜차이즈 등 업체 제공 영양정보) | 빵 및 과자류 | 식빵",""
"kfind-d202-100000000-0094","식빵_찰~토스트식빵","파리바게뜨","베이커리","토스트","외식(프랜차이즈 등 업체 제공 영양정보) | 빵 및 과자류 | 식빵",""
"kfind-d202-100000000-0065","식빵_시나몬모닝토스트","파리바게뜨","베이커리","토스트","외식(프랜차이즈 등 업체 제공 영양정보) | 빵 및 과자류 | 식빵",""
"kfind-d202-100000000-0036","식빵_시나몬롤식빵","파리바게뜨","베이커리","베이커리","외식(프랜차이즈 등 업체 제공 영양정보) | 빵 및 과자류 | 식빵",""
"kfind-d202-100000000-0034","식빵_스위트밀크식빵 (소)","파리바게뜨","베이커리","베이커리","외식(프랜차이즈 등 업체 제공 영양정보) | 빵 및 과자류 | 식빵",""
"kfind-d202-100000000-0035","식빵_스위트밀크식빵","파리바게뜨","베이커리","베이커리","외식(프랜차이즈 등 업체 제공 영양정보) | 빵 및 과자류 | 식빵",""
"kfind-d202-100000000-0032","식빵_소보루듬뿍데니쉬식빵","파리바게뜨","베이커리","베이커리","외식(프랜차이즈 등 업체 제공 영양정보) | 빵 및 과자류 | 식빵",""
"kfind-d202-100000000-0031","식빵_상미종 생식빵","파리바게뜨","베이커리","베이커리","외식(프랜차이즈 등 업체 제공 영양정보) | 빵 및 과자류 | 식빵",""
"kfind-d202-100000000-0063","식빵_블랙올리브탕종식빵","파리바게뜨","베이커리","베이커리","외식(프랜차이즈 등 업체 제공 영양정보) | 빵 및 과자류 | 식빵",""
"kfind-d202-100000000-0025","식빵_밤콩달콩 두유 브레드","스타벅스","카페","베이커리","외식(프랜차이즈 등 업체 제공 영양정보) | 빵 및 과자류 | 식빵",""
"kfind-d202-100000000-0023","식빵_밤식빵 (H)","파리바게뜨","베이커리","베이커리","외식(프랜차이즈 등 업체 제공 영양정보) | 빵 및 과자류 | 식빵",""
"kfind-d202-100000000-0024","식빵_밤식빵","파리바게뜨","베이커리","베이커리","외식(프랜차이즈 등 업체 제공 영양정보) | 빵 및 과자류 | 식빵",""
"kfind-d202-100000000-0018","식빵_모카크림식빵 (H)","파리바게뜨","베이커리","베이커리","외식(프랜차이즈 등 업체 제공 영양정보) | 빵 및 과자류 | 식빵",""
"kfind-d202-100000000-0019","식빵_모카크림식빵","파리바게뜨","베이커리","베이커리","외식(프랜차이즈 등 업체 제공 영양정보) | 빵 및 과자류 | 식빵",""
"kfind-d202-100000000-0017","식빵_모닝토스트","파리바게뜨","베이커리","토스트","외식(프랜차이즈 등 업체 제공 영양정보) | 빵 및 과자류 | 식빵",""
"kfind-d202-100000000-0016","식빵_롤치즈식빵","파리바게뜨","베이커리","베이커리","외식(프랜차이즈 등 업체 제공 영양정보) | 빵 및 과자류 | 식빵",""
"kfind-d202-100000000-0088","식빵_러스크","파리바게뜨","베이커리","베이커리","외식(프랜차이즈 등 업체 제공 영양정보) | 빵 및 과자류 | 식빵",""
"kfind-d202-100000000-0014","식빵_뜯어먹는크랜베리식빵 (H)","파리바게뜨","베이커리","베이커리","외식(프랜차이즈 등 업체 제공 영양정보) | 빵 및 과자류 | 식빵",""
"kfind-d202-100000000-0015","식빵_뜯어먹는크랜베리식빵","파리바게뜨","베이커리","베이커리","외식(프랜차이즈 등 업체 제공 영양정보) | 빵 및 과자류 | 식빵",""
"kfind-d202-100000000-0012","식빵_뜯어먹는밤식빵 (H)","파리바게뜨","베이커리","베이커리","외식(프랜차이즈 등 업체 제공 영양정보) | 빵 및 과자류 | 식빵",""
"kfind-d202-100000000-0013","식빵_뜯어먹는밤식빵","파리바게뜨","베이커리","베이커리","외식(프랜차이즈 등 업체 제공 영양정보) | 빵 및 과자류 | 식빵",""
"kfind-d202-100000000-0011","식빵_뜯어먹는롤치즈식빵","파리바게뜨","베이커리","베이커리","외식(프랜차이즈 등 업체 제공 영양정보) | 빵 및 과자류 | 식빵",""
"kfind-d202-100000000-0087","식빵_뜯어먹는롤치즈브레드(1/2)","파리바게뜨","베이커리","베이커리","외식(프랜차이즈 등 업체 제공 영양정보) | 빵 및 과자류 | 식빵",""
"kfind-d202-100000000-0010","식빵_뜯어먹는롤치즈브레드 (H)","파리바게뜨","베이커리","베이커리","외식(프랜차이즈 등 업체 제공 영양정보) | 빵 및 과자류 | 식빵",""
"kfind-d202-100000000-0058","식빵_뜯어먹는롤치즈브레드","파리바게뜨","베이커리","베이커리","외식(프랜차이즈 등 업체 제공 영양정보) | 빵 및 과자류 | 식빵",""
"kfind-d202-100000000-0009","식빵_뜯어먹는 쫄깃하고담백한식빵","파리바게뜨","베이커리","베이커리","외식(프랜차이즈 등 업체 제공 영양정보) | 빵 및 과자류 | 식빵",""
"kfind-d202-100000000-0008","식빵_데니쉬식빵","파리바게뜨","베이커리","베이커리","외식(프랜차이즈 등 업체 제공 영양정보) | 빵 및 과자류 | 식빵",""
"kfind-d202-100000000-0005","식빵_담백하고 쫄깃한 뜯어먹는 식빵 (H)","파리바게뜨","베이커리","베이커리","외식(프랜차이즈 등 업체 제공 영양정보) | 빵 및 과자류 | 식빵",""
"kfind-d202-100000000-0057","식빵_담백하고 쫄깃한 뜯어먹는 식빵","파리바게뜨","베이커리","베이커리","외식(프랜차이즈 등 업체 제공 영양정보) | 빵 및 과자류 | 식빵",""
"kfind-d202-100000000-0056","식빵_달콤향긋한시나몬식빵","파리바게뜨","베이커리","베이커리","외식(프랜차이즈 등 업체 제공 영양정보) | 빵 및 과자류 | 식빵",""
"kfind-d202-100000000-0083","식빵_고소한소보루데니쉬식빵","파리바게뜨","베이커리","베이커리","외식(프랜차이즈 등 업체 제공 영양정보) | 빵 및 과자류 | 식빵",""
"kfind-d202-100000000-0054","식빵_고소한 소보루데니쉬식빵 (H)","파리바게뜨","베이커리","베이커리","외식(프랜차이즈 등 업체 제공 영양정보) | 빵 및 과자류 | 식빵",""
"kfind-d202-100000000-0053","식빵_고소한 소보루데니쉬식빵","파리바게뜨","베이커리","베이커리","외식(프랜차이즈 등 업체 제공 영양정보) | 빵 및 과자류 | 식빵",""
"kfind-d202-100000000-0051","식빵_고구마슈크림식빵","파리바게뜨","베이커리","베이커리","외식(프랜차이즈 등 업체 제공 영양정보) | 빵 및 과자류 | 식빵",""
"kfind-d202-100000000-0002","식빵_고구마가달구마","파리바게뜨","베이커리","베이커리","외식(프랜차이즈 등 업체 제공 영양정보) | 빵 및 과자류 | 식빵",""
"kfind-d202-100000000-0077","식빵_NEW 밤식빵 (half)","파리바게뜨","베이커리","베이커리","외식(프랜차이즈 등 업체 제공 영양정보) | 빵 및 과자류 | 식빵",""
"kfind-d202-100000000-0050","식빵_NEW 밤식빵 (H)","파리바게뜨","베이커리","베이커리","외식(프랜차이즈 등 업체 제공 영양정보) | 빵 및 과자류 | 식빵",""
"kfind-d202-100000000-0076","식빵_NEW 밤식빵","파리바게뜨","베이커리","베이커리","외식(프랜차이즈 등 업체 제공 영양정보) | 빵 및 과자류 | 식빵",""
"kfind-d202-100000000-0048","식빵_NEW 모닝토스트","파리바게뜨","베이커리","토스트","외식(프랜차이즈 등 업체 제공 영양정보) | 빵 및 과자류 | 식빵",""
"kfind-d204-185000000-0011","스프_트러플 머쉬룸 수프볼","할리스","카페","","외식(프랜차이즈 등 업체 제공 영양정보) | 죽 및 스프류 | 스프","UNKNOWN_INDIVIDUAL_MENU_CATEGORY"
"kfind-d204-185000000-0006","스프_트러플 머쉬룸 수프","스타벅스","카페","","외식(프랜차이즈 등 업체 제공 영양정보) | 죽 및 스프류 | 스프","UNKNOWN_INDIVIDUAL_MENU_CATEGORY"
"kfind-d204-185000000-0004","스프_토마토 로제 수프","스타벅스","카페","","외식(프랜차이즈 등 업체 제공 영양정보) | 죽 및 스프류 | 스프","UNKNOWN_INDIVIDUAL_MENU_CATEGORY"
"kfind-d204-185000000-0003","스프_콘 수프","이디야","카페","","외식(프랜차이즈 등 업체 제공 영양정보) | 죽 및 스프류 | 스프","UNKNOWN_INDIVIDUAL_MENU_CATEGORY"
"kfind-d204-185000000-0002","스프_양송이 수프","이디야","카페","","외식(프랜차이즈 등 업체 제공 영양정보) | 죽 및 스프류 | 스프","UNKNOWN_INDIVIDUAL_MENU_CATEGORY"
"kfind-d204-185000000-0001","스프_단호박 크림 수프","스타벅스","카페","","외식(프랜차이즈 등 업체 제공 영양정보) | 죽 및 스프류 | 스프","UNKNOWN_INDIVIDUAL_MENU_CATEGORY"
"kfind-d203-161000000-0024","스파게티_투움바 스파게티","피자마루","피자","국수·우동","외식(프랜차이즈 등 업체 제공 영양정보) | 면 및 만두류 | 스파게티",""
"kfind-d203-161000000-0015","스파게티_치즈 오븐 스파게티","피자마루","피자","국수·우동","외식(프랜차이즈 등 업체 제공 영양정보) | 면 및 만두류 | 스파게티",""
"kfind-d203-161000000-0009","스파게티_명란크림스파게티","피자마루","피자","국수·우동","외식(프랜차이즈 등 업체 제공 영양정보) | 면 및 만두류 | 스파게티",""
"kfind-d202-099000000-0032","스콘_피넛 쑥 떡 스콘","스타벅스","카페","베이커리","외식(프랜차이즈 등 업체 제공 영양정보) | 빵 및 과자류 | 스콘",""
"kfind-d202-099000000-0042","스콘_플레인 스콘","던킨","베이커리","베이커리","외식(프랜차이즈 등 업체 제공 영양정보) | 빵 및 과자류 | 스콘",""
"kfind-d202-099000000-0027","스콘_트리플 미니 스콘","스타벅스","카페","베이커리","외식(프랜차이즈 등 업체 제공 영양정보) | 빵 및 과자류 | 스콘",""
"kfind-d202-099000000-0026","스콘_클래식 스콘","스타벅스","카페","베이커리","외식(프랜차이즈 등 업체 제공 영양정보) | 빵 및 과자류 | 스콘",""
"kfind-d202-099000000-0049","스콘_클래식 버터 스콘 & 딸기잼","할리스","카페","베이커리","외식(프랜차이즈 등 업체 제공 영양정보) | 빵 및 과자류 | 스콘",""
"kfind-d202-099000000-0041","스콘_카라멜 스콘","던킨","베이커리","베이커리","외식(프랜차이즈 등 업체 제공 영양정보) | 빵 및 과자류 | 스콘",""
"kfind-d202-099000000-0040","스콘_초코칩스콘","파리바게뜨","베이커리","베이커리","외식(프랜차이즈 등 업체 제공 영양정보) | 빵 및 과자류 | 스콘",""
"kfind-d202-099000000-0047","스콘_초코칩 콕콕 스콘","할리스","카페","베이커리","외식(프랜차이즈 등 업체 제공 영양정보) | 빵 및 과자류 | 스콘",""
"kfind-d202-099000000-0019","스콘_오리지널버터","투썸플레이스","카페","베이커리","외식(프랜차이즈 등 업체 제공 영양정보) | 빵 및 과자류 | 스콘",""
"kfind-d202-099000000-0046","스콘_소금 버터 스콘","이디야","카페","베이커리","외식(프랜차이즈 등 업체 제공 영양정보) | 빵 및 과자류 | 스콘",""
"kfind-d202-099000000-0009","스콘_미니 클래식 스콘","스타벅스","카페","베이커리","외식(프랜차이즈 등 업체 제공 영양정보) | 빵 및 과자류 | 스콘",""
"kfind-d202-099000000-0008","스콘_무화과스콘","투썸플레이스","카페","베이커리","외식(프랜차이즈 등 업체 제공 영양정보) | 빵 및 과자류 | 스콘",""
"kfind-d202-099000000-0036","스콘_레몬 스콘","던킨","베이커리","베이커리","외식(프랜차이즈 등 업체 제공 영양정보) | 빵 및 과자류 | 스콘",""
"kfind-d202-099000000-0003","스콘_녹차 마카다미아 스콘","스타벅스","카페","베이커리","외식(프랜차이즈 등 업체 제공 영양정보) | 빵 및 과자류 | 스콘",""
"kfind-d220-737000000-1358","스무디_흰둥이도 반한 푸딩밀크 쉐이크","빽다방","카페","디저트","외식(프랜차이즈 등 업체 제공 영양정보) | 음료 및 차류 | 스무디",""
"kfind-d220-737000000-0427","스무디_화이트 타이거 프라푸치노 (Grande)","스타벅스","카페","음료","외식(프랜차이즈 등 업체 제공 영양정보) | 음료 및 차류 | 스무디",""
"kfind-d220-737000000-0426","스무디_화이트 초콜릿 모카 프라푸치노 (Tall)","스타벅스","카페","디저트","외식(프랜차이즈 등 업체 제공 영양정보) | 음료 및 차류 | 스무디",""
"kfind-d220-737000000-1356","스무디_헤이즐넛 초코칩 할리치노","할리스","카페","음료","외식(프랜차이즈 등 업체 제공 영양정보) | 음료 및 차류 | 스무디",""
"kfind-d220-737000000-0423","스무디_피치 딸기 크러쉬","할리스","카페","음료","외식(프랜차이즈 등 업체 제공 영양정보) | 음료 및 차류 | 스무디",""
"kfind-d220-737000000-1339","스무디_피치 딸기 블렌디드","할리스","카페","음료","외식(프랜차이즈 등 업체 제공 영양정보) | 음료 및 차류 | 스무디",""
"kfind-d220-737000000-1335","스무디_피스타치오 빽스치노 소프트","빽다방","카페","음료","외식(프랜차이즈 등 업체 제공 영양정보) | 음료 및 차류 | 스무디",""
"kfind-d220-737000000-1334","스무디_피스타치오 빽스치노","빽다방","카페","음료","외식(프랜차이즈 등 업체 제공 영양정보) | 음료 및 차류 | 스무디",""
"kfind-d220-737000000-0786","스무디_플레인요거트스무디","컴포즈커피","카페","음료","외식(프랜차이즈 등 업체 제공 영양정보) | 음료 및 차류 | 스무디",""
"kfind-d220-737000000-1322","스무디_플레인 요거트 할리치노","할리스","카페","음료","외식(프랜차이즈 등 업체 제공 영양정보) | 음료 및 차류 | 스무디",""
"kfind-d220-737000000-1321","스무디_플레인 요거트 플랫치노","이디야","카페","음료","외식(프랜차이즈 등 업체 제공 영양정보) | 음료 및 차류 | 스무디",""
"kfind-d220-737000000-1314","스무디_플레인 요거트 스무디","빽다방","카페","음료","외식(프랜차이즈 등 업체 제공 영양정보) | 음료 및 차류 | 스무디",""
"kfind-d220-737000000-0785","스무디_플레인 밀크쉐이크","컴포즈커피","카페","음료","외식(프랜차이즈 등 업체 제공 영양정보) | 음료 및 차류 | 스무디",""
"kfind-d220-737000000-1298","스무디_퐁당치노 원조커피","빽다방","카페","카페","외식(프랜차이즈 등 업체 제공 영양정보) | 음료 및 차류 | 스무디",""
"kfind-d220-737000000-1297","스무디_퐁당치노 바닐라","빽다방","카페","음료","외식(프랜차이즈 등 업체 제공 영양정보) | 음료 및 차류 | 스무디",""
"kfind-d220-737000000-1296","스무디_퐁당치노 미숫가루","빽다방","카페","음료","외식(프랜차이즈 등 업체 제공 영양정보) | 음료 및 차류 | 스무디",""
"kfind-d220-737000000-0398","스무디_퍼플 사워 블렌디드 (Tall)","스타벅스","카페","음료","외식(프랜차이즈 등 업체 제공 영양정보) | 음료 및 차류 | 스무디",""
"kfind-d220-737000000-0394","스무디_트위스트 피치 요거트 블렌디드 (Grande)","스타벅스","카페","음료","외식(프랜차이즈 등 업체 제공 영양정보) | 음료 및 차류 | 스무디",""
"kfind-d220-737000000-1286","스무디_트로피칼팝핑 스무디","빽다방","카페","음료","외식(프랜차이즈 등 업체 제공 영양정보) | 음료 및 차류 | 스무디",""
"kfind-d220-737000000-0393","스무디_토피넛 플랫치노","이디야","카페","음료","외식(프랜차이즈 등 업체 제공 영양정보) | 음료 및 차류 | 스무디",""
"kfind-d220-737000000-1283","스무디_타로 스무디","공차","음료","음료","외식(프랜차이즈 등 업체 제공 영양정보) | 음료 및 차류 | 스무디",""
"kfind-d220-737000000-1280","스무디_쿠키크런치 빽스치노 소프트","빽다방","카페","디저트","외식(프랜차이즈 등 업체 제공 영양정보) | 음료 및 차류 | 스무디",""
"kfind-d220-737000000-1279","스무디_쿠키크런치 빽스치노","빽다방","카페","디저트","외식(프랜차이즈 등 업체 제공 영양정보) | 음료 및 차류 | 스무디",""
"kfind-d220-737000000-0784","스무디_쿠키초코프라페","컴포즈커피","카페","디저트","외식(프랜차이즈 등 업체 제공 영양정보) | 음료 및 차류 | 스무디",""
"kfind-d220-737000000-0783","스무디_쿠키 밀크쉐이크","컴포즈커피","카페","디저트","외식(프랜차이즈 등 업체 제공 영양정보) | 음료 및 차류 | 스무디",""
"kfind-d220-737000000-1260","스무디_콜드브루 할리치노","할리스","카페","카페","외식(프랜차이즈 등 업체 제공 영양정보) | 음료 및 차류 | 스무디",""
"kfind-d220-737000000-1258","스무디_콜드브루 모카 할리치노","할리스","카페","카페","외식(프랜차이즈 등 업체 제공 영양정보) | 음료 및 차류 | 스무디",""
"kfind-d220-737000000-0359","스무디_커피밀크쉐이크 (R)","투썸플레이스","카페","카페","외식(프랜차이즈 등 업체 제공 영양정보) | 음료 및 차류 | 스무디",""
"kfind-d220-737000000-0361","스무디_커피 플랫치노","이디야","카페","카페","외식(프랜차이즈 등 업체 제공 영양정보) | 음료 및 차류 | 스무디",""
"kfind-d220-737000000-0782","스무디_커피 밀크쉐이크","컴포즈커피","카페","카페","외식(프랜차이즈 등 업체 제공 영양정보) | 음료 및 차류 | 스무디",""
"kfind-d220-737000000-0358","스무디_커피 드로잉 말차 프라푸치노 (Tall)","스타벅스","카페","카페","외식(프랜차이즈 등 업체 제공 영양정보) | 음료 및 차류 | 스무디",""
"kfind-d220-737000000-0781","스무디_캔디소다 밀크쉐이크","컴포즈커피","카페","음료","외식(프랜차이즈 등 업체 제공 영양정보) | 음료 및 차류 | 스무디",""
"kfind-d220-737000000-1223","스무디_카페 스무디 with 블랙티 공차치노 ESP 아이스(ICED) (L)","공차","음료","음료","외식(프랜차이즈 등 업체 제공 영양정보) | 음료 및 차류 | 스무디",""
"kfind-d220-737000000-1222","스무디_카페 스무디 with 블랙티 공차치노 DRIP 아이스(ICED) (L)","공차","음료","음료","외식(프랜차이즈 등 업체 제공 영양정보) | 음료 및 차류 | 스무디",""
"kfind-d220-737000000-0355","스무디_카라멜커피 프라페 (R)","투썸플레이스","카페","카페","외식(프랜차이즈 등 업체 제공 영양정보) | 음료 및 차류 | 스무디",""
"kfind-d220-737000000-0354","스무디_카라멜커피 프라페 (Max)","투썸플레이스","카페","카페","외식(프랜차이즈 등 업체 제공 영양정보) | 음료 및 차류 | 스무디",""
"kfind-d220-737000000-0353","스무디_카라멜커피 프라페 (L)","투썸플레이스","카페","카페","외식(프랜차이즈 등 업체 제공 영양정보) | 음료 및 차류 | 스무디",""
"kfind-d220-737000000-0356","스무디_카라멜 플랫치노","이디야","카페","음료","외식(프랜차이즈 등 업체 제공 영양정보) | 음료 및 차류 | 스무디",""
"kfind-d220-737000000-0350","스무디_카라멜 프라푸치노 (Tall)","스타벅스","카페","음료","외식(프랜차이즈 등 업체 제공 영양정보) | 음료 및 차류 | 스무디",""
"kfind-d220-737000000-0344","스무디_초콜릿 크림 칩 프라푸치노 (Tall)","스타벅스","카페","디저트","외식(프랜차이즈 등 업체 제공 영양정보) | 음료 및 차류 | 스무디",""
"kfind-d220-737000000-1212","스무디_초콜릿 칩 플랫치노","이디야","카페","디저트","외식(프랜차이즈 등 업체 제공 영양정보) | 음료 및 차류 | 스무디",""
"kfind-d220-737000000-1207","스무디_초콜렛 쿠키&크림 스무디","공차","음료","디저트","외식(프랜차이즈 등 업체 제공 영양정보) | 음료 및 차류 | 스무디",""
"kfind-d220-737000000-0337","스무디_초코크림 프라페","빽다방","카페","음료","외식(프랜차이즈 등 업체 제공 영양정보) | 음료 및 차류 | 스무디",""
"kfind-d220-737000000-1205","스무디_초코쿠키 쉐이크","이디야","카페","디저트","외식(프랜차이즈 등 업체 제공 영양정보) | 음료 및 차류 | 스무디",""
"kfind-d220-737000000-0331","스무디_초코빽스치노 소프트","빽다방","카페","음료","외식(프랜차이즈 등 업체 제공 영양정보) | 음료 및 차류 | 스무디",""
"kfind-d220-737000000-0332","스무디_초코빽스치노","빽다방","카페","음료","외식(프랜차이즈 등 업체 제공 영양정보) | 음료 및 차류 | 스무디",""
"kfind-d220-737000000-1204","스무디_초코바른 피스타치오 스무디","공차","음료","음료","외식(프랜차이즈 등 업체 제공 영양정보) | 음료 및 차류 | 스무디",""
"kfind-d220-737000000-1203","스무디_초코바른 초코 스무디","공차","음료","음료","외식(프랜차이즈 등 업체 제공 영양정보) | 음료 및 차류 | 스무디",""
"kfind-d220-737000000-1202","스무디_초코바른 제주 그린 스무디","공차","음료","음료","외식(프랜차이즈 등 업체 제공 영양정보) | 음료 및 차류 | 스무디",""
"kfind-d220-737000000-1201","스무디_초코바나나 빽스치노 소프트","빽다방","카페","음료","외식(프랜차이즈 등 업체 제공 영양정보) | 음료 및 차류 | 스무디",""
"kfind-d220-737000000-1200","스무디_초코바나나 빽스치노","빽다방","카페","음료","외식(프랜차이즈 등 업체 제공 영양정보) | 음료 및 차류 | 스무디",""
"kfind-d220-737000000-0324","스무디_초코밀크 쉐이크 (R)","투썸플레이스","카페","음료","외식(프랜차이즈 등 업체 제공 영양정보) | 음료 및 차류 | 스무디",""
"kfind-d220-737000000-1199","스무디_초코멜로 스무디","공차","음료","음료","외식(프랜차이즈 등 업체 제공 영양정보) | 음료 및 차류 | 스무디",""
"kfind-d220-737000000-1190","스무디_초코 빽스치노 소프트","빽다방","카페","음료","외식(프랜차이즈 등 업체 제공 영양정보) | 음료 및 차류 | 스무디",""
"kfind-d220-737000000-1189","스무디_초코 빽스치노","빽다방","카페","음료","외식(프랜차이즈 등 업체 제공 영양정보) | 음료 및 차류 | 스무디",""
"kfind-d220-737000000-0314","스무디_초당옥수수 팝핑 스무디","공차","음료","음료","외식(프랜차이즈 등 업체 제공 영양정보) | 음료 및 차류 | 스무디",""
"kfind-d220-737000000-1179","스무디_청포도 스무디","공차","음료","음료","외식(프랜차이즈 등 업체 제공 영양정보) | 음료 및 차류 | 스무디",""
"kfind-d220-737000000-1178","스무디_짱구가 좋아하는 푸딩멜론 쉐이크","빽다방","카페","디저트","외식(프랜차이즈 등 업체 제공 영양정보) | 음료 및 차류 | 스무디",""
"kfind-d220-737000000-0308","스무디_제주말차 프라페 (R)","투썸플레이스","카페","음료","외식(프랜차이즈 등 업체 제공 영양정보) | 음료 및 차류 | 스무디",""
"kfind-d220-737000000-0307","스무디_제주말차 프라페 (Max)","투썸플레이스","카페","음료","외식(프랜차이즈 등 업체 제공 영양정보) | 음료 및 차류 | 스무디",""
"kfind-d220-737000000-0306","스무디_제주말차 프라페 (L)","투썸플레이스","카페","음료","외식(프랜차이즈 등 업체 제공 영양정보) | 음료 및 차류 | 스무디",""
"kfind-d220-737000000-0301","스무디_제주 유기농 말차로 만든 크림 프라푸치노 (Tall)","스타벅스","카페","음료","외식(프랜차이즈 등 업체 제공 영양정보) | 음료 및 차류 | 스무디",""
"kfind-d220-737000000-0300","스무디_제주 쑥떡 크림 프라푸치노 (Grande)","스타벅스","카페","음료","외식(프랜차이즈 등 업체 제공 영양정보) | 음료 및 차류 | 스무디",""
"kfind-d220-737000000-1169","스무디_제주 말차 할리치노","할리스","카페","음료","외식(프랜차이즈 등 업체 제공 영양정보) | 음료 및 차류 | 스무디",""
"kfind-d220-737000000-0299","스무디_제주 까망 크림 프라푸치노 (Grande)","스타벅스","카페","음료","외식(프랜차이즈 등 업체 제공 영양정보) | 음료 및 차류 | 스무디",""
"kfind-d220-737000000-0298","스무디_제주 그린티 스무디","공차","음료","음료","외식(프랜차이즈 등 업체 제공 영양정보) | 음료 및 차류 | 스무디",""
"kfind-d220-737000000-0297","스무디_제주 그린 한라봉 모히또 블렌디드 (Grande)","스타벅스","카페","음료","외식(프랜차이즈 등 업체 제공 영양정보) | 음료 및 차류 | 스무디",""
"kfind-d220-737000000-1166","스무디_제주 그린 스무디","공차","음료","음료","외식(프랜차이즈 등 업체 제공 영양정보) | 음료 및 차류 | 스무디",""
"kfind-d220-737000000-0287","스무디_자바 칩 프라푸치노 (Tall)","스타벅스","카페","음료","외식(프랜차이즈 등 업체 제공 영양정보) | 음료 및 차류 | 스무디",""
"kfind-d220-737000000-0285","스무디_자몽 플랫치노","이디야","카페","음료","외식(프랜차이즈 등 업체 제공 영양정보) | 음료 및 차류 | 스무디",""
"kfind-d220-737000000-1142","스무디_자몽 포멜로 크러시","빽다방","카페","음료","외식(프랜차이즈 등 업체 제공 영양정보) | 음료 및 차류 | 스무디",""
"kfind-d220-737000000-0780","스무디_유자스무디","컴포즈커피","카페","음료","외식(프랜차이즈 등 업체 제공 영양정보) | 음료 및 차류 | 스무디",""
"kfind-d220-737000000-0277","스무디_원조빽스치노 소프트","빽다방","카페","음료","외식(프랜차이즈 등 업체 제공 영양정보) | 음료 및 차류 | 스무디",""
"kfind-d220-737000000-0278","스무디_원조빽스치노","빽다방","카페","음료","외식(프랜차이즈 등 업체 제공 영양정보) | 음료 및 차류 | 스무디",""
"kfind-d220-737000000-1135","스무디_원조 빽스치노 소프트","빽다방","카페","음료","외식(프랜차이즈 등 업체 제공 영양정보) | 음료 및 차류 | 스무디",""
"kfind-d220-737000000-1134","스무디_원조 빽스치노","빽다방","카페","음료","외식(프랜차이즈 등 업체 제공 영양정보) | 음료 및 차류 | 스무디",""
"kfind-d220-737000000-1133","스무디_우리쌀 쉐이크","빽다방","카페","음료","외식(프랜차이즈 등 업체 제공 영양정보) | 음료 및 차류 | 스무디",""
"kfind-d220-737000000-0275","스무디_요거트 프라페 (R)","투썸플레이스","카페","음료","외식(프랜차이즈 등 업체 제공 영양정보) | 음료 및 차류 | 스무디",""
"kfind-d220-737000000-0274","스무디_요거트 프라페 (Max)","투썸플레이스","카페","음료","외식(프랜차이즈 등 업체 제공 영양정보) | 음료 및 차류 | 스무디",""
"kfind-d220-737000000-0273","스무디_요거트 프라페 (L)","투썸플레이스","카페","음료","외식(프랜차이즈 등 업체 제공 영양정보) | 음료 및 차류 | 스무디",""
"kfind-d220-737000000-1125","스무디_오리진 쉐이크","이디야","카페","음료","외식(프랜차이즈 등 업체 제공 영양정보) | 음료 및 차류 | 스무디",""
"kfind-d220-737000000-0258","스무디_에스프레소 프라푸치노 (Tall)","스타벅스","카페","카페","외식(프랜차이즈 등 업체 제공 영양정보) | 음료 및 차류 | 스무디",""
"kfind-d220-737000000-1103","스무디_애플망고 스무디","할리스","카페","음료","외식(프랜차이즈 등 업체 제공 영양정보) | 음료 및 차류 | 스무디",""
"kfind-d220-737000000-1098","스무디_아이스크러시 멜론","빽다방","카페","음료","외식(프랜차이즈 등 업체 제공 영양정보) | 음료 및 차류 | 스무디",""
"kfind-d220-737000000-0248","스무디_스트로베리피치 프라페 (R)","투썸플레이스","카페","음료","외식(프랜차이즈 등 업체 제공 영양정보) | 음료 및 차류 | 스무디",""
"kfind-d220-737000000-0247","스무디_스트로베리피치 프라페 (L)","투썸플레이스","카페","음료","외식(프랜차이즈 등 업체 제공 영양정보) | 음료 및 차류 | 스무디",""
"kfind-d220-737000000-0245","스무디_스트로베리초콜릿 프라페 (R)","투썸플레이스","카페","디저트","외식(프랜차이즈 등 업체 제공 영양정보) | 음료 및 차류 | 스무디",""
"kfind-d220-737000000-0244","스무디_스트로베리초콜릿 프라페 (Max)","투썸플레이스","카페","디저트","외식(프랜차이즈 등 업체 제공 영양정보) | 음료 및 차류 | 스무디",""
"kfind-d220-737000000-0243","스무디_스트로베리초콜릿 프라페 (L)","투썸플레이스","카페","디저트","외식(프랜차이즈 등 업체 제공 영양정보) | 음료 및 차류 | 스무디",""
"kfind-d220-737000000-0234","스무디_수박 달달 스무디","할리스","카페","음료","외식(프랜차이즈 등 업체 제공 영양정보) | 음료 및 차류 | 스무디",""
"kfind-d220-737000000-1079","스무디_솜사탕 딸기 밀크 쉐이크","빽다방","카페","음료","외식(프랜차이즈 등 업체 제공 영양정보) | 음료 및 차류 | 스무디",""
"kfind-d220-737000000-0232","스무디_성주참외꿀 스무디","빽다방","카페","음료","외식(프랜차이즈 등 업체 제공 영양정보) | 음료 및 차류 | 스무디",""
"kfind-d220-737000000-0225","스무디_삼라봉 요거트 스무디","빽다방","카페","음료","외식(프랜차이즈 등 업체 제공 영양정보) | 음료 및 차류 | 스무디",""
"kfind-d220-737000000-0779","스무디_블루베리요거트스무디","컴포즈커피","카페","음료","외식(프랜차이즈 등 업체 제공 영양정보) | 음료 및 차류 | 스무디",""
"kfind-d220-737000000-0778","스무디_블루베리스무디","컴포즈커피","카페","음료","외식(프랜차이즈 등 업체 제공 영양정보) | 음료 및 차류 | 스무디",""
"kfind-d220-737000000-1061","스무디_블루베리 요거트 플랫치노","이디야","카페","음료","외식(프랜차이즈 등 업체 제공 영양정보) | 음료 및 차류 | 스무디",""
"kfind-d220-737000000-1050","스무디_블루베리 요거트 스무디","빽다방","카페","음료","외식(프랜차이즈 등 업체 제공 영양정보) | 음료 및 차류 | 스무디",""
"kfind-d220-737000000-1041","스무디_브라운슈가 쥬얼리 치즈폼 스무디","공차","음료","음료","외식(프랜차이즈 등 업체 제공 영양정보) | 음료 및 차류 | 스무디",""
"kfind-d220-737000000-0206","스무디_브라운 슈가 쥬얼리 치즈폼 스무디 아이스(ICED)","공차","음료","음료","외식(프랜차이즈 등 업체 제공 영양정보) | 음료 및 차류 | 스무디",""
"kfind-d220-737000000-0202","스무디_복숭아 발그레 스무디","할리스","카페","음료","외식(프랜차이즈 등 업체 제공 영양정보) | 음료 및 차류 | 스무디",""
"kfind-d220-737000000-0198","스무디_배꿀 스무디","빽다방","카페","음료","외식(프랜차이즈 등 업체 제공 영양정보) | 음료 및 차류 | 스무디",""
"kfind-d220-737000000-0197","스무디_바닐라밀크쉐이크 (R)","투썸플레이스","카페","음료","외식(프랜차이즈 등 업체 제공 영양정보) | 음료 및 차류 | 스무디",""
"kfind-d220-737000000-0195","스무디_바닐라 크림 프라푸치노 (Tall)","스타벅스","카페","음료","외식(프랜차이즈 등 업체 제공 영양정보) | 음료 및 차류 | 스무디",""
"kfind-d220-737000000-1021","스무디_바나나 커피 쉐이크","빽다방","카페","카페","외식(프랜차이즈 등 업체 제공 영양정보) | 음료 및 차류 | 스무디",""
"kfind-d220-737000000-1015","스무디_바나나 밀크 쉐이크","빽다방","카페","음료","외식(프랜차이즈 등 업체 제공 영양정보) | 음료 및 차류 | 스무디",""
"kfind-d220-737000000-0787","스무디_밀크쉐이크","롯데리아","햄버거","음료","외식(프랜차이즈 등 업체 제공 영양정보) | 음료 및 차류 | 스무디",""
"kfind-d220-737000000-1011","스무디_밀크 쿠앤크 스무디","공차","음료","음료","외식(프랜차이즈 등 업체 제공 영양정보) | 음료 및 차류 | 스무디",""
"kfind-d220-737000000-1007","스무디_밀크 쉐이크","빽다방","카페","음료","외식(프랜차이즈 등 업체 제공 영양정보) | 음료 및 차류 | 스무디",""
"kfind-d220-737000000-0777","스무디_민트초코오레오프라페","컴포즈커피","카페","음료","외식(프랜차이즈 등 업체 제공 영양정보) | 음료 및 차류 | 스무디",""
"kfind-d220-737000000-0187","스무디_민트초코 프라페 (R)","투썸플레이스","카페","음료","외식(프랜차이즈 등 업체 제공 영양정보) | 음료 및 차류 | 스무디",""
"kfind-d220-737000000-0186","스무디_민트초코 프라페 (Max)","투썸플레이스","카페","음료","외식(프랜차이즈 등 업체 제공 영양정보) | 음료 및 차류 | 스무디",""
"kfind-d220-737000000-0185","스무디_민트초코 프라페 (L)","투썸플레이스","카페","음료","외식(프랜차이즈 등 업체 제공 영양정보) | 음료 및 차류 | 스무디",""
"kfind-d220-737000000-0998","스무디_민트초코 빽스치노 소프트","빽다방","카페","음료","외식(프랜차이즈 등 업체 제공 영양정보) | 음료 및 차류 | 스무디",""
"kfind-d220-737000000-0997","스무디_민트초코 빽스치노","빽다방","카페","음료","외식(프랜차이즈 등 업체 제공 영양정보) | 음료 및 차류 | 스무디",""
"kfind-d220-737000000-0993","스무디_민트 초콜릿 칩 플랫치노","이디야","카페","디저트","외식(프랜차이즈 등 업체 제공 영양정보) | 음료 및 차류 | 스무디",""
"kfind-d220-737000000-0176","스무디_민트 초콜릿 칩 블렌디드 (Tall)","스타벅스","카페","디저트","외식(프랜차이즈 등 업체 제공 영양정보) | 음료 및 차류 | 스무디",""
"kfind-d220-737000000-0990","스무디_민트 초코칩 할리치노","할리스","카페","음료","외식(프랜차이즈 등 업체 제공 영양정보) | 음료 및 차류 | 스무디",""
"kfind-d220-737000000-0983","스무디_미니펄 망고 크러쉬","공차","음료","음료","외식(프랜차이즈 등 업체 제공 영양정보) | 음료 및 차류 | 스무디",""
"kfind-d220-737000000-0982","스무디_미니펄 딸기 크러쉬","공차","음료","음료","외식(프랜차이즈 등 업체 제공 영양정보) | 음료 및 차류 | 스무디",""
"kfind-d220-737000000-0167","스무디_모카칩커피 프라페 (R)","투썸플레이스","카페","카페","외식(프랜차이즈 등 업체 제공 영양정보) | 음료 및 차류 | 스무디",""
"kfind-d220-737000000-0166","스무디_모카칩커피 프라페 (Max)","투썸플레이스","카페","카페","외식(프랜차이즈 등 업체 제공 영양정보) | 음료 및 차류 | 스무디",""
"kfind-d220-737000000-0165","스무디_모카칩커피 프라페 (L)","투썸플레이스","카페","카페","외식(프랜차이즈 등 업체 제공 영양정보) | 음료 및 차류 | 스무디",""
"kfind-d220-737000000-0776","스무디_모카자바칩프라페","컴포즈커피","카페","음료","외식(프랜차이즈 등 업체 제공 영양정보) | 음료 및 차류 | 스무디",""
"kfind-d220-737000000-0169","스무디_모카 플랫치노","이디야","카페","음료","외식(프랜차이즈 등 업체 제공 영양정보) | 음료 및 차류 | 스무디",""
"kfind-d220-737000000-0162","스무디_모카 프라푸치노 (Tall)","스타벅스","카페","음료","외식(프랜차이즈 등 업체 제공 영양정보) | 음료 및 차류 | 스무디",""
"kfind-d220-737000000-0775","스무디_망고요거트스무디","컴포즈커피","카페","음료","외식(프랜차이즈 등 업체 제공 영양정보) | 음료 및 차류 | 스무디",""
"kfind-d220-737000000-0774","스무디_망고스무디","컴포즈커피","카페","음료","외식(프랜차이즈 등 업체 제공 영양정보) | 음료 및 차류 | 스무디",""
"kfind-d220-737000000-0952","스무디_망고 플랫치노","이디야","카페","음료","외식(프랜차이즈 등 업체 제공 영양정보) | 음료 및 차류 | 스무디",""
"kfind-d220-737000000-0141","스무디_망고 프라페 (R)","투썸플레이스","카페","음료","외식(프랜차이즈 등 업체 제공 영양정보) | 음료 및 차류 | 스무디",""
"kfind-d220-737000000-0140","스무디_망고 프라페 (Max)","투썸플레이스","카페","음료","외식(프랜차이즈 등 업체 제공 영양정보) | 음료 및 차류 | 스무디",""
"kfind-d220-737000000-0139","스무디_망고 프라페 (L)","투썸플레이스","카페","음료","외식(프랜차이즈 등 업체 제공 영양정보) | 음료 및 차류 | 스무디",""
"kfind-d220-737000000-0133","스무디_망고 패션 프루트 블렌디드 (Tall)","스타벅스","카페","음료","외식(프랜차이즈 등 업체 제공 영양정보) | 음료 및 차류 | 스무디",""
"kfind-d220-737000000-0938","스무디_망고 스무디","공차","음료","음료","외식(프랜차이즈 등 업체 제공 영양정보) | 음료 및 차류 | 스무디",""
"kfind-d220-737000000-0120","스무디_망고 바나나 블렌디드 (Grande)","스타벅스","카페","음료","외식(프랜차이즈 등 업체 제공 영양정보) | 음료 및 차류 | 스무디",""
"kfind-d220-737000000-0773","스무디_리얼초코자바칩프라페","컴포즈커피","카페","음료","외식(프랜차이즈 등 업체 제공 영양정보) | 음료 및 차류 | 스무디",""
"kfind-d220-737000000-0898","스무디_레몬 요구르트 스무디","공차","음료","음료","외식(프랜차이즈 등 업체 제공 영양정보) | 음료 및 차류 | 스무디",""
"kfind-d220-737000000-0892","스무디_레몬 구아바 크러시","빽다방","카페","음료","외식(프랜차이즈 등 업체 제공 영양정보) | 음료 및 차류 | 스무디",""
"kfind-d220-737000000-0103","스무디_딸기크림 프라페","빽다방","카페","음료","외식(프랜차이즈 등 업체 제공 영양정보) | 음료 및 차류 | 스무디",""
"kfind-d220-737000000-0772","스무디_딸기요거트스무디","컴포즈커피","카페","음료","외식(프랜차이즈 등 업체 제공 영양정보) | 음료 및 차류 | 스무디",""
"kfind-d220-737000000-0097","스무디_딸기요거트 스무디","빽다방","카페","음료","외식(프랜차이즈 등 업체 제공 영양정보) | 음료 및 차류 | 스무디",""
"kfind-d220-737000000-0771","스무디_딸기스무디","컴포즈커피","카페","음료","외식(프랜차이즈 등 업체 제공 영양정보) | 음료 및 차류 | 스무디",""
"kfind-d220-737000000-0877","스무디_딸기바나나 빽스치노 소프트","빽다방","카페","음료","외식(프랜차이즈 등 업체 제공 영양정보) | 음료 및 차류 | 스무디",""
"kfind-d220-737000000-0876","스무디_딸기바나나 빽스치노","빽다방","카페","음료","외식(프랜차이즈 등 업체 제공 영양정보) | 음료 및 차류 | 스무디",""
"kfind-d220-737000000-0872","스무디_딸기 쿠키 스무디","공차","음료","디저트","외식(프랜차이즈 등 업체 제공 영양정보) | 음료 및 차류 | 스무디",""
"kfind-d220-737000000-0086","스무디_딸기 치즈케익 할리치노","할리스","카페","음료","외식(프랜차이즈 등 업체 제공 영양정보) | 음료 및 차류 | 스무디",""
"kfind-d220-737000000-0871","스무디_딸기 치즈케이크 할리치노","할리스","카페","디저트","외식(프랜차이즈 등 업체 제공 영양정보) | 음료 및 차류 | 스무디",""
"kfind-d220-737000000-0870","스무디_딸기 쥬얼리 요구르트 크러쉬","공차","음료","음료","외식(프랜차이즈 등 업체 제공 영양정보) | 음료 및 차류 | 스무디",""
"kfind-d220-737000000-0868","스무디_딸기 요거트 플랫치노","이디야","카페","음료","외식(프랜차이즈 등 업체 제공 영양정보) | 음료 및 차류 | 스무디",""
"kfind-d220-737000000-0857","스무디_딸기 요거트 스무디","빽다방","카페","음료","외식(프랜차이즈 등 업체 제공 영양정보) | 음료 및 차류 | 스무디",""
"kfind-d220-737000000-0845","스무디_딸기 스무디","할리스","카페","음료","외식(프랜차이즈 등 업체 제공 영양정보) | 음료 및 차류 | 스무디",""
"kfind-d220-737000000-0842","스무디_딸기 쉐이크","이디야","카페","음료","외식(프랜차이즈 등 업체 제공 영양정보) | 음료 및 차류 | 스무디",""
"kfind-d220-737000000-0840","스무디_딸기 빽스치노 소프트","빽다방","카페","음료","외식(프랜차이즈 등 업체 제공 영양정보) | 음료 및 차류 | 스무디",""
"kfind-d220-737000000-0839","스무디_딸기 빽스치노","빽다방","카페","음료","외식(프랜차이즈 등 업체 제공 영양정보) | 음료 및 차류 | 스무디",""
"kfind-d220-737000000-0059","스무디_딸기 딜라이트 요거트 블렌디드 (Tall)","스타벅스","카페","음료","외식(프랜차이즈 등 업체 제공 영양정보) | 음료 및 차류 | 스무디",""
"kfind-d220-737000000-0057","스무디_돌체 크러쉬 위드 샷","공차","음료","음료","외식(프랜차이즈 등 업체 제공 영양정보) | 음료 및 차류 | 스무디",""
"kfind-d220-737000000-0056","스무디_데일리오트바나나 프라페 (R)","투썸플레이스","카페","음료","외식(프랜차이즈 등 업체 제공 영양정보) | 음료 및 차류 | 스무디",""
"kfind-d220-737000000-0055","스무디_데일리오트바나나 프라페 (Max)","투썸플레이스","카페","음료","외식(프랜차이즈 등 업체 제공 영양정보) | 음료 및 차류 | 스무디",""
"kfind-d220-737000000-0054","스무디_데일리오트바나나 프라페 (L)","투썸플레이스","카페","음료","외식(프랜차이즈 등 업체 제공 영양정보) | 음료 및 차류 | 스무디",""
"kfind-d220-737000000-0053","스무디_더블 토피넛 위드샷 핫(HOT)","이디야","카페","음료","외식(프랜차이즈 등 업체 제공 영양정보) | 음료 및 차류 | 스무디",""
"kfind-d220-737000000-0052","스무디_더블 토피넛 위드샷 아이스(ICED)","이디야","카페","음료","외식(프랜차이즈 등 업체 제공 영양정보) | 음료 및 차류 | 스무디",""
"kfind-d220-737000000-0051","스무디_더블 에스프레소 칩 프라푸치노 (Tall)","스타벅스","카페","카페","외식(프랜차이즈 등 업체 제공 영양정보) | 음료 및 차류 | 스무디",""
"kfind-d220-737000000-0047","스무디_다크초코칩 할리치노","할리스","카페","음료","외식(프랜차이즈 등 업체 제공 영양정보) | 음료 및 차류 | 스무디",""
"kfind-d220-737000000-0045","스무디_녹차 플랫치노","이디야","카페","음료","외식(프랜차이즈 등 업체 제공 영양정보) | 음료 및 차류 | 스무디",""
"kfind-d220-737000000-0829","스무디_녹차 빽스치노 소프트","빽다방","카페","음료","외식(프랜차이즈 등 업체 제공 영양정보) | 음료 및 차류 | 스무디",""
"kfind-d220-737000000-0828","스무디_녹차 빽스치노","빽다방","카페","음료","외식(프랜차이즈 등 업체 제공 영양정보) | 음료 및 차류 | 스무디",""
"kfind-d220-737000000-0035","스무디_납작복숭아 타르트 크러쉬","공차","음료","음료","외식(프랜차이즈 등 업체 제공 영양정보) | 음료 및 차류 | 스무디",""
"kfind-d220-737000000-0034","스무디_납작복숭아 블루밍 크러쉬","공차","음료","음료","외식(프랜차이즈 등 업체 제공 영양정보) | 음료 및 차류 | 스무디",""
"kfind-d220-737000000-0825","스무디_꿀복숭아 플랫치노","이디야","카페","음료","외식(프랜차이즈 등 업체 제공 영양정보) | 음료 및 차류 | 스무디",""
"kfind-d220-737000000-0770","스무디_그린티프라페","컴포즈커피","카페","음료","외식(프랜차이즈 등 업체 제공 영양정보) | 음료 및 차류 | 스무디",""
"kfind-d220-737000000-0027","스무디_그린티 할리치노","할리스","카페","음료","외식(프랜차이즈 등 업체 제공 영양정보) | 음료 및 차류 | 스무디",""
"kfind-d220-737000000-0015","스무디_그릭요거트&밀크티 크러쉬","공차","음료","음료","외식(프랜차이즈 등 업체 제공 영양정보) | 음료 및 차류 | 스무디",""
"kfind-d220-737000000-0014","스무디_그릭요거트&망고 밀크티 크러쉬","공차","음료","음료","외식(프랜차이즈 등 업체 제공 영양정보) | 음료 및 차류 | 스무디",""
"kfind-d220-737000000-0013","스무디_그릭요거트&딸기 밀크티 크러쉬","공차","음료","음료","외식(프랜차이즈 등 업체 제공 영양정보) | 음료 및 차류 | 스무디",""
"kfind-d220-737000000-0004","스무디_골든펄 돌체 밀크티 스무디","공차","음료","음료","외식(프랜차이즈 등 업체 제공 영양정보) | 음료 및 차류 | 스무디",""
"kfind-d220-737000000-0789","스무디_고구마 스무디","빽다방","카페","음료","외식(프랜차이즈 등 업체 제공 영양정보) | 음료 및 차류 | 스무디",""
"kfind-d218-705000000-0001","소스/드레싱_이디야초콜릿디핑소스","이디야","카페","디저트","외식(프랜차이즈 등 업체 제공 영양정보) | 장류, 양념류 | 소스/드레싱",""
"kfind-d202-098000000-0026","소세지빵_탱글탱글뽀드득소시지","파리바게뜨","베이커리","베이커리","외식(프랜차이즈 등 업체 제공 영양정보) | 빵 및 과자류 | 소세지빵",""
"kfind-d202-098000000-0018","소세지빵_탱글탱글 뽀드득 소시지","파리바게뜨","베이커리","베이커리","외식(프랜차이즈 등 업체 제공 영양정보) | 빵 및 과자류 | 소세지빵",""
"kfind-d202-098000000-0013","소세지빵_추억의소시지빵","파리바게뜨","베이커리","베이커리","외식(프랜차이즈 등 업체 제공 영양정보) | 빵 및 과자류 | 소세지빵",""
"kfind-d202-098000000-0012","소세지빵_오징어깨임","파리바게뜨","베이커리","베이커리","외식(프랜차이즈 등 업체 제공 영양정보) | 빵 및 과자류 | 소세지빵",""
"kfind-d202-098000000-0009","소세지빵_소시지조리빵","파리바게뜨","베이커리","베이커리","외식(프랜차이즈 등 업체 제공 영양정보) | 빵 및 과자류 | 소세지빵",""
"kfind-d202-098000000-0008","소세지빵_소시지소프트프랑스","파리바게뜨","베이커리","베이커리","외식(프랜차이즈 등 업체 제공 영양정보) | 빵 및 과자류 | 소세지빵",""
"kfind-d202-098000000-0027","소세지빵_소세지빵","빽다방","카페","베이커리","외식(프랜차이즈 등 업체 제공 영양정보) | 빵 및 과자류 | 소세지빵",""
"kfind-d202-098000000-0005","소세지빵_뽀드득그릴소시지","파리바게뜨","베이커리","베이커리","외식(프랜차이즈 등 업체 제공 영양정보) | 빵 및 과자류 | 소세지빵",""
"kfind-d202-098000000-0025","소세지빵_매콤할라 소시지빵","파리바게뜨","베이커리","베이커리","외식(프랜차이즈 등 업체 제공 영양정보) | 빵 및 과자류 | 소세지빵",""
"kfind-d202-098000000-0003","소세지빵_든든한통소시지빵","파리바게뜨","베이커리","베이커리","외식(프랜차이즈 등 업체 제공 영양정보) | 빵 및 과자류 | 소세지빵",""
"kfind-d202-098000000-0002","소세지빵_돌돌말린모짜렐라치즈소시지","파리바게뜨","베이커리","베이커리","외식(프랜차이즈 등 업체 제공 영양정보) | 빵 및 과자류 | 소세지빵",""
"kfind-d202-098000000-0023","소세지빵_길어서 더 든든한 롱롱소시지빵","파리바게뜨","베이커리","베이커리","외식(프랜차이즈 등 업체 제공 영양정보) | 빵 및 과자류 | 소세지빵",""
"kfind-d202-098000000-0022","소세지빵_NEW추억의소시지빵","파리바게뜨","베이커리","베이커리","외식(프랜차이즈 등 업체 제공 영양정보) | 빵 및 과자류 | 소세지빵",""
"kfind-d202-097000000-0021","소보로빵_쫄깃한 찰떡맘모스 (H)","파리바게뜨","베이커리","베이커리","외식(프랜차이즈 등 업체 제공 영양정보) | 빵 및 과자류 | 소보로빵",""
"kfind-d202-097000000-0020","소보로빵_쫄깃한 찰떡맘모스 (1/8)","파리바게뜨","베이커리","베이커리","외식(프랜차이즈 등 업체 제공 영양정보) | 빵 및 과자류 | 소보로빵",""
"kfind-d202-097000000-0019","소보로빵_쫄깃한 찰떡맘모스 (1/4)","파리바게뜨","베이커리","베이커리","외식(프랜차이즈 등 업체 제공 영양정보) | 빵 및 과자류 | 소보로빵",""
"kfind-d202-097000000-0022","소보로빵_쫄깃한 찰떡맘모스","파리바게뜨","베이커리","베이커리","외식(프랜차이즈 등 업체 제공 영양정보) | 빵 및 과자류 | 소보로빵",""
"kfind-d202-097000000-0040","소보로빵_왕단팥소보루","파리바게뜨","베이커리","베이커리","외식(프랜차이즈 등 업체 제공 영양정보) | 빵 및 과자류 | 소보로빵",""
"kfind-d202-097000000-0017","소보로빵_스위트밀크브레드","파리바게뜨","베이커리","베이커리","외식(프랜차이즈 등 업체 제공 영양정보) | 빵 및 과자류 | 소보로빵",""
"kfind-d202-097000000-0030","소보로빵_소보루생크림빵","파리바게뜨","베이커리","베이커리","외식(프랜차이즈 등 업체 제공 영양정보) | 빵 및 과자류 | 소보로빵",""
"kfind-d202-097000000-0039","소보로빵_소보루빵","파리바게뜨","베이커리","베이커리","외식(프랜차이즈 등 업체 제공 영양정보) | 빵 및 과자류 | 소보로빵",""
"kfind-d202-097000000-0038","소보로빵_소보루 완두앙금빵","파리바게뜨","베이커리","베이커리","외식(프랜차이즈 등 업체 제공 영양정보) | 빵 및 과자류 | 소보로빵",""
"kfind-d202-097000000-0012","소보로빵_생크림소보루","파리바게뜨","베이커리","베이커리","외식(프랜차이즈 등 업체 제공 영양정보) | 빵 및 과자류 | 소보로빵",""
"kfind-d202-097000000-0028","소보로빵_밤소보루맘모스 (H)","파리바게뜨","베이커리","베이커리","외식(프랜차이즈 등 업체 제공 영양정보) | 빵 및 과자류 | 소보로빵",""
"kfind-d202-097000000-0027","소보로빵_밤소보루맘모스","파리바게뜨","베이커리","베이커리","외식(프랜차이즈 등 업체 제공 영양정보) | 빵 및 과자류 | 소보로빵",""
"kfind-d202-097000000-0009","소보로빵_밤롤브레드","파리바게뜨","베이커리","베이커리","외식(프랜차이즈 등 업체 제공 영양정보) | 빵 및 과자류 | 소보로빵",""
"kfind-d202-097140000-0002","소보로빵_맘모스브레드(half)","파리바게뜨","베이커리","베이커리","외식(프랜차이즈 등 업체 제공 영양정보) | 빵 및 과자류 | 소보로빵 | 맘모스빵",""
"kfind-d202-097000000-0006","소보로빵_맘모스브레드 (H)","파리바게뜨","베이커리","베이커리","외식(프랜차이즈 등 업체 제공 영양정보) | 빵 및 과자류 | 소보로빵",""
"kfind-d202-097140000-0001","소보로빵_맘모스브레드","파리바게뜨","베이커리","베이커리","외식(프랜차이즈 등 업체 제공 영양정보) | 빵 및 과자류 | 소보로빵 | 맘모스빵",""
"kfind-d202-097000000-0003","소보로빵_달콤고소한밤롤브레드","파리바게뜨","베이커리","베이커리","외식(프랜차이즈 등 업체 제공 영양정보) | 빵 및 과자류 | 소보로빵",""
"kfind-d202-097000000-0034","소보로빵_단팥소보루","파리바게뜨","베이커리","베이커리","외식(프랜차이즈 등 업체 제공 영양정보) | 빵 및 과자류 | 소보로빵",""
"kfind-d202-097000000-0026","소보로빵_PB정통소보루","파리바게뜨","베이커리","베이커리","외식(프랜차이즈 등 업체 제공 영양정보) | 빵 및 과자류 | 소보로빵",""
"kfind-d202-097000000-0025","소보로빵_PB달콤한크림정통소보루","파리바게뜨","베이커리","베이커리","외식(프랜차이즈 등 업체 제공 영양정보) | 빵 및 과자류 | 소보로빵",""
"kfind-d202-141000000-0011","소금빵_치즈할라피뇨소금빵","파리바게뜨","베이커리","베이커리","외식(프랜차이즈 등 업체 제공 영양정보) | 빵 및 과자류 | 소금빵",""
"kfind-d202-141000000-0016","소금빵_소금빵","이디야","카페","베이커리","외식(프랜차이즈 등 업체 제공 영양정보) | 빵 및 과자류 | 소금빵",""
"kfind-d202-141000000-0010","소금빵_발효버터 소금빵","파리바게뜨","베이커리","베이커리","외식(프랜차이즈 등 업체 제공 영양정보) | 빵 및 과자류 | 소금빵",""
"kfind-d202-141000000-0002","소금빵_발효버터 명란소금빵","파리바게뜨","베이커리","베이커리","외식(프랜차이즈 등 업체 제공 영양정보) | 빵 및 과자류 | 소금빵",""
"kfind-d202-141000000-0009","소금빵_발효버터 먹물소금빵","파리바게뜨","베이커리","베이커리","외식(프랜차이즈 등 업체 제공 영양정보) | 빵 및 과자류 | 소금빵",""
"kfind-d202-141000000-0008","소금빵_매콤할라 소금빵","파리바게뜨","베이커리","베이커리","외식(프랜차이즈 등 업체 제공 영양정보) | 빵 및 과자류 | 소금빵",""
"kfind-d202-141000000-0001","소금빵_고짠고짠소금버터링","파리바게뜨","베이커리","베이커리","외식(프랜차이즈 등 업체 제공 영양정보) | 빵 및 과자류 | 소금빵",""
"kfind-d202-141000000-0007","소금빵_갈릭버터소금빵","파리바게뜨","베이커리","베이커리","외식(프랜차이즈 등 업체 제공 영양정보) | 빵 및 과자류 | 소금빵",""
"kfind-d220-736000000-0020","생강차_홍시 동동 수정과 핫(HOT) (R)","이디야","카페","음료","외식(프랜차이즈 등 업체 제공 영양정보) | 음료 및 차류 | 생강차",""
"kfind-d220-736000000-0019","생강차_홍시 동동 수정과 핫(HOT) (EX)","이디야","카페","음료","외식(프랜차이즈 등 업체 제공 영양정보) | 음료 및 차류 | 생강차",""
"kfind-d220-736000000-0018","생강차_홍시 동동 수정과 아이스(ICED) (R)","이디야","카페","음료","외식(프랜차이즈 등 업체 제공 영양정보) | 음료 및 차류 | 생강차",""
"kfind-d220-736000000-0017","생강차_홍시 동동 수정과 아이스(ICED) (EX)","이디야","카페","음료","외식(프랜차이즈 등 업체 제공 영양정보) | 음료 및 차류 | 생강차",""
"kfind-d220-736000000-0013","생강차_생강차 핫(HOT)","이디야","카페","음료","외식(프랜차이즈 등 업체 제공 영양정보) | 음료 및 차류 | 생강차",""
"kfind-d220-736000000-0011","생강차_생강차 아이스(ICED)","이디야","카페","음료","외식(프랜차이즈 등 업체 제공 영양정보) | 음료 및 차류 | 생강차",""
"kfind-d220-736000000-0010","생강차_레몬 생강차 핫(HOT)","할리스","카페","음료","외식(프랜차이즈 등 업체 제공 영양정보) | 음료 및 차류 | 생강차",""
"kfind-d220-736000000-0009","생강차_레몬 생강차 아이스(ICED)","할리스","카페","음료","외식(프랜차이즈 등 업체 제공 영양정보) | 음료 및 차류 | 생강차",""
"kfind-d220-736000000-0008","생강차_대추 생강차 핫(HOT)","할리스","카페","음료","외식(프랜차이즈 등 업체 제공 영양정보) | 음료 및 차류 | 생강차",""
"kfind-d220-736000000-0007","생강차_대추 생강차 아이스(ICED)","할리스","카페","음료","외식(프랜차이즈 등 업체 제공 영양정보) | 음료 및 차류 | 생강차",""
"kfind-d214-640000000-0018","샐러드_프레시리코타치즈 샐러드","투썸플레이스","카페","샐러드·포케","외식(프랜차이즈 등 업체 제공 영양정보) | 생채·무침류 | 샐러드",""
"kfind-d214-640000000-0043","샐러드_코울슬로","롯데리아","햄버거","샐러드·포케","외식(프랜차이즈 등 업체 제공 영양정보) | 생채·무침류 | 샐러드",""
"kfind-d214-640000000-0010","샐러드_쉬림프에그 샐러드","투썸플레이스","카페","샐러드·포케","외식(프랜차이즈 등 업체 제공 영양정보) | 생채·무침류 | 샐러드",""
"kfind-d214-640000000-0021","샐러드_샐러드","교촌치킨","치킨","샐러드·포케","외식(프랜차이즈 등 업체 제공 영양정보) | 생채·무침류 | 샐러드",""
"kfind-d214-640000000-0006","샐러드_두부포케 샐러드","투썸플레이스","카페","샐러드·포케","외식(프랜차이즈 등 업체 제공 영양정보) | 생채·무침류 | 샐러드",""
"kfind-d214-640000000-0004","샐러드_그릴드치킨 샐러드","투썸플레이스","카페","샐러드·포케","외식(프랜차이즈 등 업체 제공 영양정보) | 생채·무침류 | 샐러드",""
"kfind-d214-640000000-0002","샐러드_그릴드 치킨 샐러드","할리스","카페","샐러드·포케","외식(프랜차이즈 등 업체 제공 영양정보) | 생채·무침류 | 샐러드",""
"kfind-d214-640000000-0001","샐러드_과카몰리치킨 샐러드","투썸플레이스","카페","샐러드·포케","외식(프랜차이즈 등 업체 제공 영양정보) | 생채·무침류 | 샐러드",""
"kfind-d202-096000000-0111","샌드위치_햄앤치즈 샌드위치","이디야","카페","샌드위치","외식(프랜차이즈 등 업체 제공 영양정보) | 빵 및 과자류 | 샌드위치",""
"kfind-d202-096434400-0002","샌드위치_햄&치즈 프레시 샌드위치","할리스","카페","샌드위치","외식(프랜차이즈 등 업체 제공 영양정보) | 빵 및 과자류 | 샌드위치 | 햄 | 치즈",""
"kfind-d202-096000000-0108","샌드위치_햄&루꼴라 올리브 샌드위치","스타벅스","카페","샌드위치","외식(프랜차이즈 등 업체 제공 영양정보) | 빵 및 과자류 | 샌드위치",""
"kfind-d202-096000000-0106","샌드위치_할라피뇨스테이크바게트 샌드위치","투썸플레이스","카페","샌드위치","외식(프랜차이즈 등 업체 제공 영양정보) | 빵 및 과자류 | 샌드위치",""
"kfind-d202-096000000-0103","샌드위치_플랜트 햄&루꼴라 샌드위치","스타벅스","카페","샌드위치","외식(프랜차이즈 등 업체 제공 영양정보) | 빵 및 과자류 | 샌드위치",""
"kfind-d202-096000000-0101","샌드위치_페퍼로니 피자 샌드위치","이디야","카페","샌드위치","외식(프랜차이즈 등 업체 제공 영양정보) | 빵 및 과자류 | 샌드위치",""
"kfind-d202-096000000-0230","샌드위치_페퍼로니 샌드위치","이디야","카페","샌드위치","외식(프랜차이즈 등 업체 제공 영양정보) | 빵 및 과자류 | 샌드위치",""
"kfind-d202-096000000-0099","샌드위치_페스토햄치즈 파니니","투썸플레이스","카페","샌드위치","외식(프랜차이즈 등 업체 제공 영양정보) | 빵 및 과자류 | 샌드위치",""
"kfind-d202-096000000-0229","샌드위치_페스토 햄 파니니","할리스","카페","샌드위치","외식(프랜차이즈 등 업체 제공 영양정보) | 빵 및 과자류 | 샌드위치",""
"kfind-d202-096000000-0098","샌드위치_페스토 햄 모짜렐라 샌드위치","할리스","카페","샌드위치","외식(프랜차이즈 등 업체 제공 영양정보) | 빵 및 과자류 | 샌드위치",""
"kfind-d202-096000000-0095","샌드위치_트리플머쉬룸치즈 파니니","투썸플레이스","카페","샌드위치","외식(프랜차이즈 등 업체 제공 영양정보) | 빵 및 과자류 | 샌드위치",""
"kfind-d202-096000000-0091","샌드위치_토마토모짜렐라 샌드위치","투썸플레이스","카페","샌드위치","외식(프랜차이즈 등 업체 제공 영양정보) | 빵 및 과자류 | 샌드위치",""
"kfind-d202-096000000-0090","샌드위치_클래식루벤 샌드위치","투썸플레이스","카페","샌드위치","외식(프랜차이즈 등 업체 제공 영양정보) | 빵 및 과자류 | 샌드위치",""
"kfind-d202-096000000-0227","샌드위치_크로크무슈","할리스","카페","샌드위치","외식(프랜차이즈 등 업체 제공 영양정보) | 빵 및 과자류 | 샌드위치",""
"kfind-d202-096000000-0083","샌드위치_크로크무슈","이디야","카페","샌드위치","외식(프랜차이즈 등 업체 제공 영양정보) | 빵 및 과자류 | 샌드위치",""
"kfind-d202-096000000-0088","샌드위치_크로크무슈","투썸플레이스","카페","샌드위치","외식(프랜차이즈 등 업체 제공 영양정보) | 빵 및 과자류 | 샌드위치",""
"kfind-d202-096000000-0223","샌드위치_크로크 무슈","이디야","카페","샌드위치","외식(프랜차이즈 등 업체 제공 영양정보) | 빵 및 과자류 | 샌드위치",""
"kfind-d202-096000000-0077","샌드위치_크랜베리치킨 샌드위치","투썸플레이스","카페","샌드위치","외식(프랜차이즈 등 업체 제공 영양정보) | 빵 및 과자류 | 샌드위치",""
"kfind-d202-096000000-0076","샌드위치_크랜베리 치킨 치즈 샌드위치","스타벅스","카페","샌드위치","외식(프랜차이즈 등 업체 제공 영양정보) | 빵 및 과자류 | 샌드위치",""
"kfind-d202-096000000-0075","샌드위치_크랜베리 치킨 샌드위치","할리스","카페","샌드위치","외식(프랜차이즈 등 업체 제공 영양정보) | 빵 및 과자류 | 샌드위치",""
"kfind-d202-096000000-0073","샌드위치_콤비네이션 샌드위치","투썸플레이스","카페","샌드위치","외식(프랜차이즈 등 업체 제공 영양정보) | 빵 및 과자류 | 샌드위치",""
"kfind-d202-096000000-0070","샌드위치_칠리소시지바게트 샌드위치","투썸플레이스","카페","샌드위치","외식(프랜차이즈 등 업체 제공 영양정보) | 빵 및 과자류 | 샌드위치",""
"kfind-d202-096000000-0069","샌드위치_치킨 클럽","스타벅스","카페","샌드위치","외식(프랜차이즈 등 업체 제공 영양정보) | 빵 및 과자류 | 샌드위치",""
"kfind-d202-096000000-0068","샌드위치_치즈 파니니","파리바게뜨","베이커리","샌드위치","외식(프랜차이즈 등 업체 제공 영양정보) | 빵 및 과자류 | 샌드위치",""
"kfind-d202-096000000-0215","샌드위치_치즈 에그 브리오슈","할리스","카페","샌드위치","외식(프랜차이즈 등 업체 제공 영양정보) | 빵 및 과자류 | 샌드위치",""
"kfind-d202-096000000-0064","샌드위치_제주 흑돼지 아보카도 샌드위치","스타벅스","카페","샌드위치","외식(프랜차이즈 등 업체 제공 영양정보) | 빵 및 과자류 | 샌드위치",""
"kfind-d202-096000000-0057","샌드위치_잉글리쉬 머핀 샌드위치","공차","음료","베이커리","외식(프랜차이즈 등 업체 제공 영양정보) | 빵 및 과자류 | 샌드위치",""
"kfind-d202-096000000-0214","샌드위치_잉글리쉬 머핀","이디야","카페","베이커리","외식(프랜차이즈 등 업체 제공 영양정보) | 빵 및 과자류 | 샌드위치",""
"kfind-d202-096000000-0055","샌드위치_올리브치킨 파니니","투썸플레이스","카페","샌드위치","외식(프랜차이즈 등 업체 제공 영양정보) | 빵 및 과자류 | 샌드위치",""
"kfind-d202-096000000-0212","샌드위치_올리브 베이컨 파니니","할리스","카페","샌드위치","외식(프랜차이즈 등 업체 제공 영양정보) | 빵 및 과자류 | 샌드위치",""
"kfind-d202-096000000-0054","샌드위치_올리브 베이컨 치아바타 샌드위치","할리스","카페","샌드위치","외식(프랜차이즈 등 업체 제공 영양정보) | 빵 및 과자류 | 샌드위치",""
"kfind-d202-096000000-0206","샌드위치_에그 베이컨 과카몰리 샌드위치","이디야","카페","샌드위치","외식(프랜차이즈 등 업체 제공 영양정보) | 빵 및 과자류 | 샌드위치",""
"kfind-d202-096000000-0205","샌드위치_에그 마요 샌드위치","할리스","카페","샌드위치","외식(프랜차이즈 등 업체 제공 영양정보) | 빵 및 과자류 | 샌드위치",""
"kfind-d202-096000000-0045","샌드위치_식물성대체육옴미니트샐러드랩","투썸플레이스","카페","샌드위치","외식(프랜차이즈 등 업체 제공 영양정보) | 빵 및 과자류 | 샌드위치",""
"kfind-d202-096000000-0044","샌드위치_스파이시치킨샐러드랩","투썸플레이스","카페","샌드위치","외식(프랜차이즈 등 업체 제공 영양정보) | 빵 및 과자류 | 샌드위치",""
"kfind-d202-096000000-0043","샌드위치_스크램블에그 샌드위치","투썸플레이스","카페","샌드위치","외식(프랜차이즈 등 업체 제공 영양정보) | 빵 및 과자류 | 샌드위치",""
"kfind-d202-096000000-0042","샌드위치_소프트 잠봉뵈르 샌드위치","할리스","카페","샌드위치","외식(프랜차이즈 등 업체 제공 영양정보) | 빵 및 과자류 | 샌드위치",""
"kfind-d202-096000000-0203","샌드위치_사라다빵","빽다방","카페","베이커리","외식(프랜차이즈 등 업체 제공 영양정보) | 빵 및 과자류 | 샌드위치",""
"kfind-d202-096000000-0036","샌드위치_브렉퍼스트 잉글리쉬 머핀","스타벅스","카페","베이커리","외식(프랜차이즈 등 업체 제공 영양정보) | 빵 및 과자류 | 샌드위치",""
"kfind-d202-096000000-0035","샌드위치_베이컨체다 베이글","투썸플레이스","카페","베이커리","외식(프랜차이즈 등 업체 제공 영양정보) | 빵 및 과자류 | 샌드위치",""
"kfind-d202-096000000-0034","샌드위치_베리머치에그 샌드위치","투썸플레이스","카페","샌드위치","외식(프랜차이즈 등 업체 제공 영양정보) | 빵 및 과자류 | 샌드위치",""
"kfind-d202-096000000-0033","샌드위치_베리머치감자 샌드위치","투썸플레이스","카페","샌드위치","외식(프랜차이즈 등 업체 제공 영양정보) | 빵 및 과자류 | 샌드위치",""
"kfind-d202-096000000-0032","샌드위치_반반마요 에그 감자 샌드위치","할리스","카페","샌드위치","외식(프랜차이즈 등 업체 제공 영양정보) | 빵 및 과자류 | 샌드위치",""
"kfind-d202-096000000-0029","샌드위치_바베큐치킨 파니니","투썸플레이스","카페","샌드위치","외식(프랜차이즈 등 업체 제공 영양정보) | 빵 및 과자류 | 샌드위치",""
"kfind-d202-096000000-0026","샌드위치_무화과 햄 바게트 샌드위치","스타벅스","카페","샌드위치","외식(프랜차이즈 등 업체 제공 영양정보) | 빵 및 과자류 | 샌드위치",""
"kfind-d202-096000000-0025","샌드위치_멜팅치즈&비프 샌드위치","투썸플레이스","카페","샌드위치","외식(프랜차이즈 등 업체 제공 영양정보) | 빵 및 과자류 | 샌드위치",""
"kfind-d202-096000000-0024","샌드위치_멕시칸 파니니","투썸플레이스","카페","샌드위치","외식(프랜차이즈 등 업체 제공 영양정보) | 빵 및 과자류 | 샌드위치",""
"kfind-d202-096000000-0017","샌드위치_돌코롬 쫍지롱 와플 샌드","스타벅스","카페","디저트","외식(프랜차이즈 등 업체 제공 영양정보) | 빵 및 과자류 | 샌드위치",""
"kfind-d202-096060000-0001","샌드위치_닭가슴살 프레시 샌드위치","할리스","카페","샌드위치","외식(프랜차이즈 등 업체 제공 영양정보) | 빵 및 과자류 | 샌드위치 | 닭가슴살",""
"kfind-d202-096000000-0013","샌드위치_단호박크림치즈 샌드위치","투썸플레이스","카페","샌드위치","외식(프랜차이즈 등 업체 제공 영양정보) | 빵 및 과자류 | 샌드위치",""
"kfind-d202-096000000-0012","샌드위치_단호박 에그 샌드위치","스타벅스","카페","샌드위치","외식(프랜차이즈 등 업체 제공 영양정보) | 빵 및 과자류 | 샌드위치",""
"kfind-d302-096070000-0002","샌드위치_간편조리세트_닭고기또띠아샌드위치","맥도날드","햄버거","샌드위치","외식(분석함량) | 빵 및 과자류 | 샌드위치 | 닭고기",""
"kfind-d202-096000000-0005","샌드위치_BELT 클럽 샌드위치","할리스","카페","샌드위치","외식(프랜차이즈 등 업체 제공 영양정보) | 빵 및 과자류 | 샌드위치",""
"kfind-d202-096000000-0003","샌드위치_B.E.L.T. 샌드위치","투썸플레이스","카페","샌드위치","외식(프랜차이즈 등 업체 제공 영양정보) | 빵 및 과자류 | 샌드위치",""
"kfind-d202-096000000-0002","샌드위치_B.E.L.T. 샌드위치","스타벅스","카페","샌드위치","외식(프랜차이즈 등 업체 제공 영양정보) | 빵 및 과자류 | 샌드위치",""
"kfind-d212-570000000-0007","새우튀김_새우링(8조각)","피자마루","피자","","외식(프랜차이즈 등 업체 제공 영양정보) | 튀김류 | 새우튀김","UNKNOWN_INDIVIDUAL_MENU_CATEGORY"
"kfind-d212-570000000-0006","새우튀김_새우링(4조각)","피자마루","피자","","외식(프랜차이즈 등 업체 제공 영양정보) | 튀김류 | 새우튀김","UNKNOWN_INDIVIDUAL_MENU_CATEGORY"
"kfind-d212-570000000-0005","새우튀김_새우링(2조각)","피자마루","피자","","외식(프랜차이즈 등 업체 제공 영양정보) | 튀김류 | 새우튀김","UNKNOWN_INDIVIDUAL_MENU_CATEGORY"
"kfind-d212-570000000-0004","새우튀김_새우링","피자스쿨","피자","","외식(프랜차이즈 등 업체 제공 영양정보) | 튀김류 | 새우튀김","UNKNOWN_INDIVIDUAL_MENU_CATEGORY"
"kfind-d220-735000000-0010","사과차_애플민트티 핫(HOT) (R)","투썸플레이스","카페","음료","외식(프랜차이즈 등 업체 제공 영양정보) | 음료 및 차류 | 사과차",""
"kfind-d220-735000000-0009","사과차_애플민트티 아이스(ICED) (R)","투썸플레이스","카페","음료","외식(프랜차이즈 등 업체 제공 영양정보) | 음료 및 차류 | 사과차",""
"kfind-d220-735000000-0003","사과차_석류애플라임 아이스(ICED)","이디야","카페","음료","외식(프랜차이즈 등 업체 제공 영양정보) | 음료 및 차류 | 사과차",""
"kfind-d220-735000000-0002","사과차_석류 애플라임","이디야","카페","음료","외식(프랜차이즈 등 업체 제공 영양정보) | 음료 및 차류 | 사과차",""
"kfind-d219-709000000-0112","빙수_팥인절미 눈꽃빙수","이디야","카페","아이스크림","외식(프랜차이즈 등 업체 제공 영양정보) | 유제품류 및 빙과류 | 빙수",""
"kfind-d219-709000000-0171","빙수_팥인절미 1인빙수","이디야","카페","아이스크림","외식(프랜차이즈 등 업체 제공 영양정보) | 유제품류 및 빙과류 | 빙수",""
"kfind-d219-709000000-0108","빙수_티라미수케이크 빙수","투썸플레이스","카페","아이스크림","외식(프랜차이즈 등 업체 제공 영양정보) | 유제품류 및 빙과류 | 빙수",""
"kfind-d219-709000000-0070","빙수_애플망고케이크 빙수","투썸플레이스","카페","아이스크림","외식(프랜차이즈 등 업체 제공 영양정보) | 유제품류 및 빙과류 | 빙수",""
"kfind-d219-709000000-0069","빙수_애플망고 치즈 케이크 빙수 (2인)","할리스","카페","아이스크림","외식(프랜차이즈 등 업체 제공 영양정보) | 유제품류 및 빙과류 | 빙수",""
"kfind-d219-709000000-0068","빙수_애플망고 치즈 케이크 빙수 (1인)","할리스","카페","아이스크림","외식(프랜차이즈 등 업체 제공 영양정보) | 유제품류 및 빙과류 | 빙수",""
"kfind-d219-709000000-0063","빙수_실크 팥빙수","공차","음료","아이스크림","외식(프랜차이즈 등 업체 제공 영양정보) | 유제품류 및 빙과류 | 빙수",""
"kfind-d219-709000000-0062","빙수_실크 망고 빙수","공차","음료","아이스크림","외식(프랜차이즈 등 업체 제공 영양정보) | 유제품류 및 빙과류 | 빙수",""
"kfind-d219-709000000-0059","빙수_블루베리케이크 빙수","투썸플레이스","카페","아이스크림","외식(프랜차이즈 등 업체 제공 영양정보) | 유제품류 및 빙과류 | 빙수",""
"kfind-d219-709000000-0049","빙수_망고패션 요거놀라 1인빙수","이디야","카페","아이스크림","외식(프랜차이즈 등 업체 제공 영양정보) | 유제품류 및 빙과류 | 빙수",""
"kfind-d219-709000000-0036","빙수_망고 눈꽃빙수","이디야","카페","아이스크림","외식(프랜차이즈 등 업체 제공 영양정보) | 유제품류 및 빙과류 | 빙수",""
"kfind-d219-709000000-0034","빙수_딸기피치 요거놀라 1인빙수","이디야","카페","아이스크림","외식(프랜차이즈 등 업체 제공 영양정보) | 유제품류 및 빙과류 | 빙수",""
"kfind-d219-709000000-0032","빙수_딸기치즈 눈꽃빙수","이디야","카페","아이스크림","외식(프랜차이즈 등 업체 제공 영양정보) | 유제품류 및 빙과류 | 빙수",""
"kfind-d219-709000000-0006","빙수_눈꽃 팥빙수 (2인)","할리스","카페","아이스크림","외식(프랜차이즈 등 업체 제공 영양정보) | 유제품류 및 빙과류 | 빙수",""
"kfind-d219-709000000-0005","빙수_눈꽃 팥빙수 (1인)","할리스","카페","아이스크림","외식(프랜차이즈 등 업체 제공 영양정보) | 유제품류 및 빙과류 | 빙수",""
"kfind-d219-709000000-0001","빙수_22오리지널 팥빙수","투썸플레이스","카페","아이스크림","외식(프랜차이즈 등 업체 제공 영양정보) | 유제품류 및 빙과류 | 빙수",""
"kfind-d202-131000000-0128","비스킷/쿠키/크래커_화이트초코 마카다미아 쿠키","이디야","카페","디저트","외식(프랜차이즈 등 업체 제공 영양정보) | 빵 및 과자류 | 비스킷/쿠키/크래커",""
"kfind-d202-131000000-0059","비스킷/쿠키/크래커_화이트 초콜릿 카우보이 쿠키","스타벅스","카페","디저트","외식(프랜차이즈 등 업체 제공 영양정보) | 빵 및 과자류 | 비스킷/쿠키/크래커",""
"kfind-d202-131000000-0058","비스킷/쿠키/크래커_현미누룽지칩","투썸플레이스","카페","디저트","외식(프랜차이즈 등 업체 제공 영양정보) | 빵 및 과자류 | 비스킷/쿠키/크래커",""
"kfind-d202-131000000-0087","비스킷/쿠키/크래커_포테이토앤칩스 점보팩","교촌치킨","치킨","디저트","외식(프랜차이즈 등 업체 제공 영양정보) | 빵 및 과자류 | 비스킷/쿠키/크래커",""
"kfind-d202-131000000-0086","비스킷/쿠키/크래커_퍼지월넛 쿠키","파리바게뜨","베이커리","디저트","외식(프랜차이즈 등 업체 제공 영양정보) | 빵 및 과자류 | 비스킷/쿠키/크래커",""
"kfind-d202-131000000-0055","비스킷/쿠키/크래커_트리플 초코 쿠키","할리스","카페","디저트","외식(프랜차이즈 등 업체 제공 영양정보) | 빵 및 과자류 | 비스킷/쿠키/크래커",""
"kfind-d202-131000000-0053","비스킷/쿠키/크래커_크림치즈비스켓&딸기잼","할리스","카페","디저트","외식(프랜차이즈 등 업체 제공 영양정보) | 빵 및 과자류 | 비스킷/쿠키/크래커",""
"kfind-d202-131000000-0052","비스킷/쿠키/크래커_크리미치즈 그레인 쿠키","이디야","카페","디저트","외식(프랜차이즈 등 업체 제공 영양정보) | 빵 및 과자류 | 비스킷/쿠키/크래커",""
"kfind-d202-131000000-0051","비스킷/쿠키/크래커_크리미초코 감자 쿠키","이디야","카페","디저트","외식(프랜차이즈 등 업체 제공 영양정보) | 빵 및 과자류 | 비스킷/쿠키/크래커",""
"kfind-d202-131000000-0083","비스킷/쿠키/크래커_크랜베리월넛 쿠키","파리바게뜨","베이커리","디저트","외식(프랜차이즈 등 업체 제공 영양정보) | 빵 및 과자류 | 비스킷/쿠키/크래커",""
"kfind-d202-131000000-0050","비스킷/쿠키/크래커_크랜베리 화이트 초코 쿠키","할리스","카페","디저트","외식(프랜차이즈 등 업체 제공 영양정보) | 빵 및 과자류 | 비스킷/쿠키/크래커",""
"kfind-d202-131000000-0080","비스킷/쿠키/크래커_칩카사바","교촌치킨","치킨","디저트","외식(프랜차이즈 등 업체 제공 영양정보) | 빵 및 과자류 | 비스킷/쿠키/크래커",""
"kfind-d202-131000000-0038","비스킷/쿠키/크래커_초콜릿 월넛 돔 쿠키","스타벅스","카페","디저트","외식(프랜차이즈 등 업체 제공 영양정보) | 빵 및 과자류 | 비스킷/쿠키/크래커",""
"kfind-d202-131000000-0034","비스킷/쿠키/크래커_초코마카다미아 쿠키","투썸플레이스","카페","디저트","외식(프랜차이즈 등 업체 제공 영양정보) | 빵 및 과자류 | 비스킷/쿠키/크래커",""
"kfind-d202-131000000-0119","비스킷/쿠키/크래커_초코렛 청크 쿠키","이디야","카페","디저트","외식(프랜차이즈 등 업체 제공 영양정보) | 빵 및 과자류 | 비스킷/쿠키/크래커",""
"kfind-d202-131000000-0032","비스킷/쿠키/크래커_청크 초콜릿 쿠키 틴 세트","스타벅스","카페","디저트","외식(프랜차이즈 등 업체 제공 영양정보) | 빵 및 과자류 | 비스킷/쿠키/크래커",""
"kfind-d202-131000000-0076","비스킷/쿠키/크래커_잉글리쉬토피 쿠키","파리바게뜨","베이커리","디저트","외식(프랜차이즈 등 업체 제공 영양정보) | 빵 및 과자류 | 비스킷/쿠키/크래커",""
"kfind-d202-131000000-0029","비스킷/쿠키/크래커_월넛초코칩 쿠키","투썸플레이스","카페","디저트","외식(프랜차이즈 등 업체 제공 영양정보) | 빵 및 과자류 | 비스킷/쿠키/크래커",""
"kfind-d202-131000000-0072","비스킷/쿠키/크래커_알콘칩스","호식이두마리치킨","치킨","디저트","외식(프랜차이즈 등 업체 제공 영양정보) | 빵 및 과자류 | 비스킷/쿠키/크래커",""
"kfind-d202-131000000-0026","비스킷/쿠키/크래커_아몬드튀일","투썸플레이스","카페","디저트","외식(프랜차이즈 등 업체 제공 영양정보) | 빵 및 과자류 | 비스킷/쿠키/크래커",""
"kfind-d202-131000000-0025","비스킷/쿠키/크래커_쇼콜라 쿠키","투썸플레이스","카페","디저트","외식(프랜차이즈 등 업체 제공 영양정보) | 빵 및 과자류 | 비스킷/쿠키/크래커",""
"kfind-d202-131000000-0019","비스킷/쿠키/크래커_베리화이트초코 쿠키","투썸플레이스","카페","디저트","외식(프랜차이즈 등 업체 제공 영양정보) | 빵 및 과자류 | 비스킷/쿠키/크래커",""
"kfind-d202-131000000-0009","비스킷/쿠키/크래커_라이스 칩 블루베리잼","스타벅스","카페","디저트","외식(프랜차이즈 등 업체 제공 영양정보) | 빵 및 과자류 | 비스킷/쿠키/크래커",""
"kfind-d202-131000000-0063","비스킷/쿠키/크래커_더블퍼지 쿠키","파리바게뜨","베이커리","디저트","외식(프랜차이즈 등 업체 제공 영양정보) | 빵 및 과자류 | 비스킷/쿠키/크래커",""
"kfind-d202-131000000-0007","비스킷/쿠키/크래커_더블 치즈 베이글 칩","스타벅스","카페","디저트","외식(프랜차이즈 등 업체 제공 영양정보) | 빵 및 과자류 | 비스킷/쿠키/크래커",""
"kfind-d202-131000000-0062","비스킷/쿠키/크래커_다크초콜릿마카다미아 쿠키","파리바게뜨","베이커리","디저트","외식(프랜차이즈 등 업체 제공 영양정보) | 빵 및 과자류 | 비스킷/쿠키/크래커",""
"kfind-d202-131000000-0005","비스킷/쿠키/크래커_다크 초콜릿 카우보이 쿠키","스타벅스","카페","디저트","외식(프랜차이즈 등 업체 제공 영양정보) | 빵 및 과자류 | 비스킷/쿠키/크래커",""
"kfind-d202-131000000-0003","비스킷/쿠키/크래커_꿀오란다","이디야","카페","디저트","외식(프랜차이즈 등 업체 제공 영양정보) | 빵 및 과자류 | 비스킷/쿠키/크래커",""
"kfind-d202-131000000-0002","비스킷/쿠키/크래커_그릭요거트그래놀라바","투썸플레이스","카페","디저트","외식(프랜차이즈 등 업체 제공 영양정보) | 빵 및 과자류 | 비스킷/쿠키/크래커",""
"kfind-d202-131000000-0001","비스킷/쿠키/크래커_5가지 스낵 & 3way 파우치","스타벅스","카페","디저트","외식(프랜차이즈 등 업체 제공 영양정보) | 빵 및 과자류 | 비스킷/쿠키/크래커",""
"kfind-d212-569000000-0001","북어튀김_아  귀한 먹태","교촌치킨","치킨","","외식(프랜차이즈 등 업체 제공 영양정보) | 튀김류 | 북어튀김","UNKNOWN_INDIVIDUAL_MENU_CATEGORY"
"kfind-d201-017000000-0005","볶음밥_의성마늘 볶음밥","교촌치킨","치킨","덮밥","외식(프랜차이즈 등 업체 제공 영양정보) | 밥류 | 볶음밥",""
"kfind-d201-017000000-0004","볶음밥_볼케이노 치즈 치밥","굽네치킨","치킨","덮밥","외식(프랜차이즈 등 업체 제공 영양정보) | 밥류 | 볶음밥",""
"kfind-d201-017000000-0003","볶음밥_닭갈비 볶음밥","교촌치킨","치킨","덮밥","외식(프랜차이즈 등 업체 제공 영양정보) | 밥류 | 볶음밥",""
"kfind-d201-017000000-0002","볶음밥_달걀듬뿍 볶음밥","교촌치킨","치킨","덮밥","외식(프랜차이즈 등 업체 제공 영양정보) | 밥류 | 볶음밥",""
"kfind-d201-017000000-0001","볶음밥_갈비천왕 치즈 치밥","굽네치킨","치킨","덮밥","외식(프랜차이즈 등 업체 제공 영양정보) | 밥류 | 볶음밥",""
"kfind-d220-734000000-0004","복숭아홍차_피치얼그레이 핫(HOT)","이디야","카페","음료","외식(프랜차이즈 등 업체 제공 영양정보) | 음료 및 차류 | 복숭아홍차",""
"kfind-d220-734000000-0003","복숭아홍차_피치얼그레이 아이스(ICED)","이디야","카페","음료","외식(프랜차이즈 등 업체 제공 영양정보) | 음료 및 차류 | 복숭아홍차",""
"kfind-d220-734000000-0008","복숭아홍차_복숭아 얼그레이 핫(HOT)","할리스","카페","음료","외식(프랜차이즈 등 업체 제공 영양정보) | 음료 및 차류 | 복숭아홍차",""
"kfind-d220-734000000-0007","복숭아홍차_복숭아 얼그레이 아이스(ICED)","할리스","카페","음료","외식(프랜차이즈 등 업체 제공 영양정보) | 음료 및 차류 | 복숭아홍차",""
"kfind-d202-095000000-0054","베이글_호두베이글","투썸플레이스","카페","베이커리","외식(프랜차이즈 등 업체 제공 영양정보) | 빵 및 과자류 | 베이글",""
"kfind-d202-095000000-0051","베이글_플레인베이글","투썸플레이스","카페","베이커리","외식(프랜차이즈 등 업체 제공 영양정보) | 빵 및 과자류 | 베이글",""
"kfind-d202-095000000-0053","베이글_플레인 베이글허니월넛크림치즈","파리바게뜨","베이커리","베이커리","외식(프랜차이즈 등 업체 제공 영양정보) | 빵 및 과자류 | 베이글",""
"kfind-d202-095000000-0052","베이글_플레인 베이글피자","파리바게뜨","베이커리","베이커리","외식(프랜차이즈 등 업체 제공 영양정보) | 빵 및 과자류 | 베이글",""
"kfind-d202-095000000-0108","베이글_플레인 베이글(파베이크)","파리바게뜨","베이커리","베이커리","외식(프랜차이즈 등 업체 제공 영양정보) | 빵 및 과자류 | 베이글",""
"kfind-d202-095000000-0127","베이글_플레인 베이글(두번 쫄깃)","파리바게뜨","베이커리","베이커리","외식(프랜차이즈 등 업체 제공 영양정보) | 빵 및 과자류 | 베이글",""
"kfind-d202-095000000-0107","베이글_플레인 베이글&허니월넛크림치즈(파베이크)","파리바게뜨","베이커리","베이커리","외식(프랜차이즈 등 업체 제공 영양정보) | 빵 및 과자류 | 베이글",""
"kfind-d202-095000000-0040","베이글_플레인 베이글&크림치즈","할리스","카페","베이커리","외식(프랜차이즈 등 업체 제공 영양정보) | 빵 및 과자류 | 베이글",""
"kfind-d202-095000000-0106","베이글_플레인 베이글&솔티드카라멜크림치즈(파베이크)","파리바게뜨","베이커리","베이커리","외식(프랜차이즈 등 업체 제공 영양정보) | 빵 및 과자류 | 베이글",""
"kfind-d202-095000000-0105","베이글_플레인 베이글&솔티드카라멜크림치즈","파리바게뜨","베이커리","베이커리","외식(프랜차이즈 등 업체 제공 영양정보) | 빵 및 과자류 | 베이글",""
"kfind-d202-095000000-0104","베이글_플레인 베이글","파리바게뜨","베이커리","베이커리","외식(프랜차이즈 등 업체 제공 영양정보) | 빵 및 과자류 | 베이글",""
"kfind-d202-095000000-0126","베이글_플레인 베이글","던킨","베이커리","베이커리","외식(프랜차이즈 등 업체 제공 영양정보) | 빵 및 과자류 | 베이글",""
"kfind-d202-095000000-0148","베이글_플레인 베이글","이디야","카페","베이커리","외식(프랜차이즈 등 업체 제공 영양정보) | 빵 및 과자류 | 베이글",""
"kfind-d202-095000000-0125","베이글_통곡물베이글","파리바게뜨","베이커리","베이커리","외식(프랜차이즈 등 업체 제공 영양정보) | 빵 및 과자류 | 베이글",""
"kfind-d202-095000000-0038","베이글_크림치즈 베이글","파리바게뜨","베이커리","베이커리","외식(프랜차이즈 등 업체 제공 영양정보) | 빵 및 과자류 | 베이글",""
"kfind-d202-095000000-0145","베이글_크랜베리 월넛 베이글","이디야","카페","베이커리","외식(프랜차이즈 등 업체 제공 영양정보) | 빵 및 과자류 | 베이글",""
"kfind-d202-095000000-0096","베이글_콘치즈피자 베이글","파리바게뜨","베이커리","베이커리","외식(프랜차이즈 등 업체 제공 영양정보) | 빵 및 과자류 | 베이글",""
"kfind-d202-095000000-0094","베이글_쫀득쫀득소시지 베이글","파리바게뜨","베이커리","베이커리","외식(프랜차이즈 등 업체 제공 영양정보) | 빵 및 과자류 | 베이글",""
"kfind-d202-095000000-0091","베이글_어니언 베이글&고추장아찌크림치즈","파리바게뜨","베이커리","베이커리","외식(프랜차이즈 등 업체 제공 영양정보) | 빵 및 과자류 | 베이글",""
"kfind-d202-095000000-0090","베이글_어니언 베이글","파리바게뜨","베이커리","베이커리","외식(프랜차이즈 등 업체 제공 영양정보) | 빵 및 과자류 | 베이글",""
"kfind-d202-095000000-0024","베이글_어니언 베이글","이디야","카페","베이커리","외식(프랜차이즈 등 업체 제공 영양정보) | 빵 및 과자류 | 베이글",""
"kfind-d202-095000000-0124","베이글_아메리칸 치즈 베이글","던킨","베이커리","베이커리","외식(프랜차이즈 등 업체 제공 영양정보) | 빵 및 과자류 | 베이글",""
"kfind-d202-095000000-0085","베이글_씨앗 베이글&솔티드카라멜크림치즈","파리바게뜨","베이커리","베이커리","외식(프랜차이즈 등 업체 제공 영양정보) | 빵 및 과자류 | 베이글",""
"kfind-d202-095000000-0084","베이글_씨앗 베이글","파리바게뜨","베이커리","베이커리","외식(프랜차이즈 등 업체 제공 영양정보) | 빵 및 과자류 | 베이글",""
"kfind-d202-095000000-0080","베이글_시금치바질&토마토크림치즈","파리바게뜨","베이커리","베이커리","외식(프랜차이즈 등 업체 제공 영양정보) | 빵 및 과자류 | 베이글",""
"kfind-d202-095000000-0082","베이글_시금치바질 베이글&플레인크림치즈(파베이크)","파리바게뜨","베이커리","베이커리","외식(프랜차이즈 등 업체 제공 영양정보) | 빵 및 과자류 | 베이글",""
"kfind-d202-095000000-0081","베이글_시금치바질 베이글&플레인크림치즈","파리바게뜨","베이커리","베이커리","외식(프랜차이즈 등 업체 제공 영양정보) | 빵 및 과자류 | 베이글",""
"kfind-d202-095000000-0123","베이글_소시지 인 치즈 베이글","던킨","베이커리","베이커리","외식(프랜차이즈 등 업체 제공 영양정보) | 빵 및 과자류 | 베이글",""
"kfind-d202-095000000-0134","베이글_소금버터 베이글","할리스","카페","베이커리","외식(프랜차이즈 등 업체 제공 영양정보) | 빵 및 과자류 | 베이글",""
"kfind-d202-095000000-0122","베이글_세가지치즈베이글","파리바게뜨","베이커리","베이커리","외식(프랜차이즈 등 업체 제공 영양정보) | 빵 및 과자류 | 베이글",""
"kfind-d202-095000000-0121","베이글_블루베리베이글","파리바게뜨","베이커리","베이커리","외식(프랜차이즈 등 업체 제공 영양정보) | 빵 및 과자류 | 베이글",""
"kfind-d202-095000000-0021","베이글_블루베리 베이글허니월넛크림치즈","파리바게뜨","베이커리","베이커리","외식(프랜차이즈 등 업체 제공 영양정보) | 빵 및 과자류 | 베이글",""
"kfind-d202-095000000-0078","베이글_블루베리 베이글&허니월넛크림치즈","파리바게뜨","베이커리","베이커리","외식(프랜차이즈 등 업체 제공 영양정보) | 빵 및 과자류 | 베이글",""
"kfind-d202-095000000-0009","베이글_블루베리 베이글&크림치즈","할리스","카페","베이커리","외식(프랜차이즈 등 업체 제공 영양정보) | 빵 및 과자류 | 베이글",""
"kfind-d202-095000000-0120","베이글_블루베리 베이글","던킨","베이커리","베이커리","외식(프랜차이즈 등 업체 제공 영양정보) | 빵 및 과자류 | 베이글",""
"kfind-d202-095000000-0131","베이글_블루베리 베이글","할리스","카페","베이커리","외식(프랜차이즈 등 업체 제공 영양정보) | 빵 및 과자류 | 베이글",""
"kfind-d202-095000000-0012","베이글_블루베리 베이글","이디야","카페","베이커리","외식(프랜차이즈 등 업체 제공 영양정보) | 빵 및 과자류 | 베이글",""
"kfind-d202-095000000-0119","베이글_블랙올리브치즈 베이글(두번 쫄깃)","파리바게뜨","베이커리","베이커리","외식(프랜차이즈 등 업체 제공 영양정보) | 빵 및 과자류 | 베이글",""
"kfind-d202-095000000-0075","베이글_블랙올리브치즈 베이글","파리바게뜨","베이커리","베이커리","외식(프랜차이즈 등 업체 제공 영양정보) | 빵 및 과자류 | 베이글",""
"kfind-d202-095000000-0074","베이글_블랙올리브 베이글(파베이크)","파리바게뜨","베이커리","베이커리","외식(프랜차이즈 등 업체 제공 영양정보) | 빵 및 과자류 | 베이글",""
"kfind-d202-095000000-0073","베이글_블랙올리브 베이글&어니언부추크림치즈(파베이크)","파리바게뜨","베이커리","베이커리","외식(프랜차이즈 등 업체 제공 영양정보) | 빵 및 과자류 | 베이글",""
"kfind-d202-095000000-0072","베이글_블랙올리브 베이글&어니언부추크림치즈","파리바게뜨","베이커리","베이커리","외식(프랜차이즈 등 업체 제공 영양정보) | 빵 및 과자류 | 베이글",""
"kfind-d202-095000000-0116","베이글_무화과 베이글","던킨","베이커리","베이커리","외식(프랜차이즈 등 업체 제공 영양정보) | 빵 및 과자류 | 베이글",""
"kfind-d202-095000000-0129","베이글_모카번 베이글","할리스","카페","베이커리","외식(프랜차이즈 등 업체 제공 영양정보) | 빵 및 과자류 | 베이글",""
"kfind-d202-095000000-0061","베이글_메이플피칸 베이글","파리바게뜨","베이커리","베이커리","외식(프랜차이즈 등 업체 제공 영양정보) | 빵 및 과자류 | 베이글",""
"kfind-d202-095000000-0060","베이글_멀티그레인 베이글&허니월넛크림치즈","파리바게뜨","베이커리","베이커리","외식(프랜차이즈 등 업체 제공 영양정보) | 빵 및 과자류 | 베이글",""
"kfind-d202-095000000-0115","베이글_멀티그레인 베이글","던킨","베이커리","베이커리","외식(프랜차이즈 등 업체 제공 영양정보) | 빵 및 과자류 | 베이글",""
"kfind-d202-095000000-0059","베이글_멀티그레인 베이글","파리바게뜨","베이커리","베이커리","외식(프랜차이즈 등 업체 제공 영양정보) | 빵 및 과자류 | 베이글",""
"kfind-d202-095000000-0004","베이글_리얼 치즈 베이글","스타벅스","카페","베이커리","외식(프랜차이즈 등 업체 제공 영양정보) | 빵 및 과자류 | 베이글",""
"kfind-d202-095000000-0003","베이글_리얼 블루베리 베이글","스타벅스","카페","베이커리","외식(프랜차이즈 등 업체 제공 영양정보) | 빵 및 과자류 | 베이글",""
"kfind-d202-095000000-0128","베이글_대파베이컨 크림치즈 베이글","이디야","카페","베이커리","외식(프랜차이즈 등 업체 제공 영양정보) | 빵 및 과자류 | 베이글",""
"kfind-d202-095000000-0056","베이글_갈릭크림치즈 베이글(파베이크)","파리바게뜨","베이커리","베이커리","외식(프랜차이즈 등 업체 제공 영양정보) | 빵 및 과자류 | 베이글",""
"kfind-d202-095000000-0055","베이글_갈릭크림치즈 베이글","파리바게뜨","베이커리","베이커리","외식(프랜차이즈 등 업체 제공 영양정보) | 빵 및 과자류 | 베이글",""
"kfind-d202-094000000-0025","번_핫 치즈번","이디야","카페","베이커리","외식(프랜차이즈 등 업체 제공 영양정보) | 빵 및 과자류 | 번",""
"kfind-d202-094000000-0032","번_카페모카빵 (소)","파리바게뜨","베이커리","베이커리","외식(프랜차이즈 등 업체 제공 영양정보) | 빵 및 과자류 | 번",""
"kfind-d202-094000000-0031","번_카페모카빵","파리바게뜨","베이커리","베이커리","외식(프랜차이즈 등 업체 제공 영양정보) | 빵 및 과자류 | 번",""
"kfind-d202-094000000-0039","번_카페 모카빵(소)","파리바게뜨","베이커리","베이커리","외식(프랜차이즈 등 업체 제공 영양정보) | 빵 및 과자류 | 번",""
"kfind-d202-094000000-0030","번_옥수수콘크림번","파리바게뜨","베이커리","베이커리","외식(프랜차이즈 등 업체 제공 영양정보) | 빵 및 과자류 | 번",""
"kfind-d202-094000000-0044","번_오리지널 핫 번","이디야","카페","베이커리","외식(프랜차이즈 등 업체 제공 영양정보) | 빵 및 과자류 | 번",""
"kfind-d202-094000000-0007","번_미니모카빵","파리바게뜨","베이커리","베이커리","외식(프랜차이즈 등 업체 제공 영양정보) | 빵 및 과자류 | 번",""
"kfind-d202-094000000-0037","번_모카빵(소)","파리바게뜨","베이커리","베이커리","외식(프랜차이즈 등 업체 제공 영양정보) | 빵 및 과자류 | 번",""
"kfind-d202-094000000-0005","번_모카빵 (소)","파리바게뜨","베이커리","베이커리","외식(프랜차이즈 등 업체 제공 영양정보) | 빵 및 과자류 | 번",""
"kfind-d202-094000000-0035","번_골든버터번","파리바게뜨","베이커리","베이커리","외식(프랜차이즈 등 업체 제공 영양정보) | 빵 및 과자류 | 번",""
"kfind-d202-094000000-0034","번_NEW)아다지오커피번","파리바게뜨","베이커리","카페","외식(프랜차이즈 등 업체 제공 영양정보) | 빵 및 과자류 | 번",""
"kfind-d202-092000000-0005","버터빵_버터롤","파리바게뜨","베이커리","베이커리","외식(프랜차이즈 등 업체 제공 영양정보) | 빵 및 과자류 | 버터빵",""
"kfind-d202-091000000-0314","버거_휠렛버거","맘스터치","햄버거","햄버거","외식(프랜차이즈 등 업체 제공 영양정보) | 빵 및 과자류 | 버거",""
"kfind-d202-091000000-0141","버거_휠렛 버거","맘스터치","햄버거","햄버거","외식(프랜차이즈 등 업체 제공 영양정보) | 빵 및 과자류 | 버거",""
"kfind-d202-091000000-0313","버거_화이트갈릭싸이버거","맘스터치","햄버거","햄버거","외식(프랜차이즈 등 업체 제공 영양정보) | 빵 및 과자류 | 버거",""
"kfind-d202-091000000-0241","버거_화이트갈릭싸이 버거","맘스터치","햄버거","햄버거","외식(프랜차이즈 등 업체 제공 영양정보) | 빵 및 과자류 | 버거",""
"kfind-d202-091000000-0312","버거_화이트갈릭버거","맘스터치","햄버거","햄버거","외식(프랜차이즈 등 업체 제공 영양정보) | 빵 및 과자류 | 버거",""
"kfind-d202-091000000-0140","버거_화이트갈릭 버거","맘스터치","햄버거","햄버거","외식(프랜차이즈 등 업체 제공 영양정보) | 빵 및 과자류 | 버거",""
"kfind-d202-091000000-0139","버거_햄치즈휠렛 버거","맘스터치","햄버거","햄버거","외식(프랜차이즈 등 업체 제공 영양정보) | 빵 및 과자류 | 버거",""
"kfind-d202-091000000-0240","버거_햄버거","맥도날드","햄버거","햄버거","외식(프랜차이즈 등 업체 제공 영양정보) | 빵 및 과자류 | 버거",""
"kfind-d202-091000000-0137","버거_핫통삼겹베이컨 버거","KFC","햄버거","햄버거","외식(프랜차이즈 등 업체 제공 영양정보) | 빵 및 과자류 | 버거",""
"kfind-d202-091000000-0311","버거_핫크리스피치킨버거","롯데리아","햄버거","햄버거","외식(프랜차이즈 등 업체 제공 영양정보) | 빵 및 과자류 | 버거",""
"kfind-d202-091000000-0136","버거_핫크리스피 버거","롯데리아","햄버거","햄버거","외식(프랜차이즈 등 업체 제공 영양정보) | 빵 및 과자류 | 버거",""
"kfind-d202-091000000-0135","버거_핫치즈징거 버거","KFC","햄버거","햄버거","외식(프랜차이즈 등 업체 제공 영양정보) | 빵 및 과자류 | 버거",""
"kfind-d202-091000000-0132","버거_할라피뇨통살 버거","맘스터치","햄버거","햄버거","외식(프랜차이즈 등 업체 제공 영양정보) | 빵 및 과자류 | 버거",""
"kfind-d202-091000000-0131","버거_할라피뇨와퍼주니어 버거","버거킹","햄버거","햄버거","외식(프랜차이즈 등 업체 제공 영양정보) | 빵 및 과자류 | 버거",""
"kfind-d202-091000000-0130","버거_할라피뇨와퍼 버거","버거킹","햄버거","햄버거","외식(프랜차이즈 등 업체 제공 영양정보) | 빵 및 과자류 | 버거",""
"kfind-d202-091000000-0239","버거_한우트러플머쉬룸 버거","롯데리아","햄버거","햄버거","외식(프랜차이즈 등 업체 제공 영양정보) | 빵 및 과자류 | 버거",""
"kfind-d202-091000000-0129","버거_한우불고기 버거","롯데리아","햄버거","햄버거","외식(프랜차이즈 등 업체 제공 영양정보) | 빵 및 과자류 | 버거",""
"kfind-d202-091000000-0127","버거_필레오피쉬 버거","맥도날드","햄버거","햄버거","외식(프랜차이즈 등 업체 제공 영양정보) | 빵 및 과자류 | 버거",""
"kfind-d202-091000000-0126","버거_프랭크 버거 (R)","프랭크버거","햄버거","햄버거","외식(프랜차이즈 등 업체 제공 영양정보) | 빵 및 과자류 | 버거",""
"kfind-d202-091000000-0238","버거_프랭크 버거 (L)","프랭크버거","햄버거","햄버거","외식(프랜차이즈 등 업체 제공 영양정보) | 빵 및 과자류 | 버거",""
"kfind-d202-091000000-0237","버거_프랭크 버거","프랭크버거","햄버거","햄버거","외식(프랜차이즈 등 업체 제공 영양정보) | 빵 및 과자류 | 버거",""
"kfind-d202-091000000-0124","버거_폴더 버거 비프","롯데리아","햄버거","햄버거","외식(프랜차이즈 등 업체 제공 영양정보) | 빵 및 과자류 | 버거",""
"kfind-d202-091000000-0236","버거_페퍼로니피자 치킨 버거","노브랜드버거","햄버거","햄버거","외식(프랜차이즈 등 업체 제공 영양정보) | 빵 및 과자류 | 버거",""
"kfind-d202-091000000-0123","버거_페퍼로니치킨 버거","노브랜드버거","햄버거","햄버거","외식(프랜차이즈 등 업체 제공 영양정보) | 빵 및 과자류 | 버거",""
"kfind-d202-091000000-0122","버거_페퍼로니 버거","노브랜드버거","햄버거","햄버거","외식(프랜차이즈 등 업체 제공 영양정보) | 빵 및 과자류 | 버거",""
"kfind-d202-091000000-0234","버거_티렉스버거 T-REX 버거","롯데리아","햄버거","햄버거","외식(프랜차이즈 등 업체 제공 영양정보) | 빵 및 과자류 | 버거",""
"kfind-d202-091000000-0310","버거_티렉스버거","롯데리아","햄버거","햄버거","외식(프랜차이즈 등 업체 제공 영양정보) | 빵 및 과자류 | 버거",""
"kfind-d202-091000000-0233","버거_트리플치즈 버거","맥도날드","햄버거","햄버거","외식(프랜차이즈 등 업체 제공 영양정보) | 빵 및 과자류 | 버거",""
"kfind-d202-091000000-0309","버거_트리플딥치즈싸이버거","맘스터치","햄버거","햄버거","외식(프랜차이즈 등 업체 제공 영양정보) | 빵 및 과자류 | 버거",""
"kfind-d202-091000000-0232","버거_트리플딥치즈싸이 버거","맘스터치","햄버거","햄버거","외식(프랜차이즈 등 업체 제공 영양정보) | 빵 및 과자류 | 버거",""
"kfind-d202-091000000-0231","버거_트리플딥치즈비프 버거","맘스터치","햄버거","햄버거","외식(프랜차이즈 등 업체 제공 영양정보) | 빵 및 과자류 | 버거",""
"kfind-d202-091000000-0230","버거_투머치 베이컨 버거","노브랜드버거","햄버거","햄버거","외식(프랜차이즈 등 업체 제공 영양정보) | 빵 및 과자류 | 버거",""
"kfind-d202-091000000-0120","버거_통새우와퍼주니어 버거","버거킹","햄버거","햄버거","외식(프랜차이즈 등 업체 제공 영양정보) | 빵 및 과자류 | 버거",""
"kfind-d202-091000000-0308","버거_통새우와퍼주니어","버거킹","햄버거","햄버거","외식(프랜차이즈 등 업체 제공 영양정보) | 빵 및 과자류 | 버거",""
"kfind-d202-091000000-0119","버거_통새우와퍼 버거","버거킹","햄버거","햄버거","외식(프랜차이즈 등 업체 제공 영양정보) | 빵 및 과자류 | 버거",""
"kfind-d202-091000000-0307","버거_통새우와퍼","버거킹","햄버거","햄버거","외식(프랜차이즈 등 업체 제공 영양정보) | 빵 및 과자류 | 버거",""
"kfind-d202-091000000-0306","버거_통새우슈림프버거","버거킹","햄버거","햄버거","외식(프랜차이즈 등 업체 제공 영양정보) | 빵 및 과자류 | 버거",""
"kfind-d202-091000000-0229","버거_통새우슈림프 버거","버거킹","햄버거","햄버거","외식(프랜차이즈 등 업체 제공 영양정보) | 빵 및 과자류 | 버거",""
"kfind-d202-091000000-0304","버거_통새우버거","맘스터치","햄버거","햄버거","외식(프랜차이즈 등 업체 제공 영양정보) | 빵 및 과자류 | 버거",""
"kfind-d202-091000000-0118","버거_통새우 버거","맘스터치","햄버거","햄버거","외식(프랜차이즈 등 업체 제공 영양정보) | 빵 및 과자류 | 버거",""
"kfind-d202-091000000-0115","버거_텍사스바비큐치킨 버거","맘스터치","햄버거","햄버거","외식(프랜차이즈 등 업체 제공 영양정보) | 빵 및 과자류 | 버거",""
"kfind-d202-091000000-0303","버거_텍사스바베큐버거","맘스터치","햄버거","햄버거","외식(프랜차이즈 등 업체 제공 영양정보) | 빵 및 과자류 | 버거",""
"kfind-d202-091000000-0227","버거_탄두리싸이 버거","맘스터치","햄버거","햄버거","외식(프랜차이즈 등 업체 제공 영양정보) | 빵 및 과자류 | 버거",""
"kfind-d202-091000000-0114","버거_타워 버거","KFC","햄버거","햄버거","외식(프랜차이즈 등 업체 제공 영양정보) | 빵 및 과자류 | 버거",""
"kfind-d202-091000000-0113","버거_킹치킨 버거","버거킹","햄버거","햄버거","외식(프랜차이즈 등 업체 제공 영양정보) | 빵 및 과자류 | 버거",""
"kfind-d202-091000000-0301","버거_클래식치즈버거","롯데리아","햄버거","햄버거","외식(프랜차이즈 등 업체 제공 영양정보) | 빵 및 과자류 | 버거",""
"kfind-d202-091000000-0225","버거_클래식치즈 버거 버터번","롯데리아","햄버거","햄버거","외식(프랜차이즈 등 업체 제공 영양정보) | 빵 및 과자류 | 버거",""
"kfind-d202-091000000-0112","버거_클래식치즈 버거","롯데리아","햄버거","햄버거","외식(프랜차이즈 등 업체 제공 영양정보) | 빵 및 과자류 | 버거",""
"kfind-d202-091000000-0300","버거_클래식징거통다리","KFC","햄버거","햄버거","외식(프랜차이즈 등 업체 제공 영양정보) | 빵 및 과자류 | 버거",""
"kfind-d202-091000000-0298","버거_크리스퍼 마늘치킨","버거킹","햄버거","햄버거","외식(프랜차이즈 등 업체 제공 영양정보) | 빵 및 과자류 | 버거",""
"kfind-d202-091000000-0111","버거_쿼터파운더치즈 버거","맥도날드","햄버거","햄버거","외식(프랜차이즈 등 업체 제공 영양정보) | 빵 및 과자류 | 버거",""
"kfind-d202-091000000-0110","버거_콰트로치즈와퍼주니어 버거","버거킹","햄버거","햄버거","외식(프랜차이즈 등 업체 제공 영양정보) | 빵 및 과자류 | 버거",""
"kfind-d202-091000000-0109","버거_콰트로치즈와퍼 버거","버거킹","햄버거","햄버거","외식(프랜차이즈 등 업체 제공 영양정보) | 빵 및 과자류 | 버거",""
"kfind-d202-091000000-0224","버거_콰트로 맥앤치즈 버거","노브랜드버거","햄버거","햄버거","외식(프랜차이즈 등 업체 제공 영양정보) | 빵 및 과자류 | 버거",""
"kfind-d202-091000000-0108","버거_코울슬로치킨 버거","노브랜드버거","햄버거","햄버거","외식(프랜차이즈 등 업체 제공 영양정보) | 빵 및 과자류 | 버거",""
"kfind-d202-091000000-0297","버거_코울슬로 치킨","노브랜드버거","햄버거","햄버거","외식(프랜차이즈 등 업체 제공 영양정보) | 빵 및 과자류 | 버거",""
"kfind-d202-091000000-0223","버거_케이준비프 스낵랩","맥도날드","햄버거","햄버거","외식(프랜차이즈 등 업체 제공 영양정보) | 빵 및 과자류 | 버거",""
"kfind-d202-091000000-0296","버거_커넬 오리지널","KFC","햄버거","햄버거","외식(프랜차이즈 등 업체 제공 영양정보) | 빵 및 과자류 | 버거",""
"kfind-d202-091000000-0295","버거_커넬 데리야끼","KFC","햄버거","햄버거","외식(프랜차이즈 등 업체 제공 영양정보) | 빵 및 과자류 | 버거",""
"kfind-d202-091000000-0107","버거_캡새 버거","KFC","햄버거","햄버거","외식(프랜차이즈 등 업체 제공 영양정보) | 빵 및 과자류 | 버거",""
"kfind-d202-091000000-0293","버거_칠리징거통다리","KFC","햄버거","햄버거","외식(프랜차이즈 등 업체 제공 영양정보) | 빵 및 과자류 | 버거",""
"kfind-d202-091000000-0221","버거_칠리새우 버거","맘스터치","햄버거","햄버거","외식(프랜차이즈 등 업체 제공 영양정보) | 빵 및 과자류 | 버거",""
"kfind-d202-091000000-0220","버거_치플레핫치킨 버거","노브랜드버거","햄버거","햄버거","외식(프랜차이즈 등 업체 제공 영양정보) | 빵 및 과자류 | 버거",""
"kfind-d202-091000000-0292","버거_치폴레 핫 치킨","노브랜드버거","햄버거","햄버거","외식(프랜차이즈 등 업체 제공 영양정보) | 빵 및 과자류 | 버거",""
"kfind-d202-091000000-0218","버거_치킨킹버거","버거킹","햄버거","햄버거","외식(프랜차이즈 등 업체 제공 영양정보) | 빵 및 과자류 | 버거",""
"kfind-d202-091000000-0219","버거_치킨킹BLT 버거","버거킹","햄버거","햄버거","외식(프랜차이즈 등 업체 제공 영양정보) | 빵 및 과자류 | 버거",""
"kfind-d202-091000000-0291","버거_치킨킹BLT","버거킹","햄버거","햄버거","외식(프랜차이즈 등 업체 제공 영양정보) | 빵 및 과자류 | 버거",""
"kfind-d202-091000000-0290","버거_치킨킹","버거킹","햄버거","햄버거","외식(프랜차이즈 등 업체 제공 영양정보) | 빵 및 과자류 | 버거",""
"kfind-d202-091000000-0289","버거_치킨버거","버거킹","햄버거","햄버거","외식(프랜차이즈 등 업체 제공 영양정보) | 빵 및 과자류 | 버거",""
"kfind-d202-091000000-0288","버거_치킨버거","롯데리아","햄버거","햄버거","외식(프랜차이즈 등 업체 제공 영양정보) | 빵 및 과자류 | 버거",""
"kfind-d202-091000000-0103","버거_치킨 버거","롯데리아","햄버거","햄버거","외식(프랜차이즈 등 업체 제공 영양정보) | 빵 및 과자류 | 버거",""
"kfind-d202-091000000-0217","버거_치킨 버거","버거킹","햄버거","햄버거","외식(프랜차이즈 등 업체 제공 영양정보) | 빵 및 과자류 | 버거",""
"kfind-d202-091000000-0101","버거_치즈홀릭 버거 체다","맘스터치","햄버거","햄버거","외식(프랜차이즈 등 업체 제공 영양정보) | 빵 및 과자류 | 버거",""
"kfind-d202-091000000-0287","버거_치즈징거통다리","KFC","햄버거","햄버거","외식(프랜차이즈 등 업체 제공 영양정보) | 빵 및 과자류 | 버거",""
"kfind-d202-091000000-0100","버거_치즈와퍼주니어 버거","버거킹","햄버거","햄버거","외식(프랜차이즈 등 업체 제공 영양정보) | 빵 및 과자류 | 버거",""
"kfind-d202-091000000-0099","버거_치즈와퍼 버거","버거킹","햄버거","햄버거","외식(프랜차이즈 등 업체 제공 영양정보) | 빵 및 과자류 | 버거",""
"kfind-d202-091000000-0098","버거_치즈베이컨 버거","맘스터치","햄버거","햄버거","외식(프랜차이즈 등 업체 제공 영양정보) | 빵 및 과자류 | 버거",""
"kfind-d202-091000000-0095","버거_치즈 버거라지 (L)","프랭크버거","햄버거","햄버거","외식(프랜차이즈 등 업체 제공 영양정보) | 빵 및 과자류 | 버거",""
"kfind-d202-091000000-0094","버거_치즈 버거 (R)","프랭크버거","햄버거","햄버거","외식(프랜차이즈 등 업체 제공 영양정보) | 빵 및 과자류 | 버거",""
"kfind-d202-091000000-0215","버거_치즈 버거 (L)","프랭크버거","햄버거","햄버거","외식(프랜차이즈 등 업체 제공 영양정보) | 빵 및 과자류 | 버거",""
"kfind-d202-091000000-0214","버거_치즈 버거","프랭크버거","햄버거","햄버거","외식(프랜차이즈 등 업체 제공 영양정보) | 빵 및 과자류 | 버거",""
"kfind-d202-091000000-0097","버거_치즈 버거","버거킹","햄버거","햄버거","외식(프랜차이즈 등 업체 제공 영양정보) | 빵 및 과자류 | 버거",""
"kfind-d202-091000000-0096","버거_치즈 버거","맥도날드","햄버거","햄버거","외식(프랜차이즈 등 업체 제공 영양정보) | 빵 및 과자류 | 버거",""
"kfind-d202-091000000-0093","버거_치즈 NO.5 버거","롯데리아","햄버거","햄버거","외식(프랜차이즈 등 업체 제공 영양정보) | 빵 및 과자류 | 버거",""
"kfind-d202-091000000-0286","버거_청양칠리 새우 베이컨","롯데리아","햄버거","햄버거","외식(프랜차이즈 등 업체 제공 영양정보) | 빵 및 과자류 | 버거",""
"kfind-d202-091000000-0213","버거_청양마요미트볼 버거","맘스터치","햄버거","햄버거","외식(프랜차이즈 등 업체 제공 영양정보) | 빵 및 과자류 | 버거",""
"kfind-d202-091000000-0285","버거_청양 바삭 통새우버거","롯데리아","햄버거","햄버거","외식(프랜차이즈 등 업체 제공 영양정보) | 빵 및 과자류 | 버거",""
"kfind-d202-091000000-0212","버거_창녕갈릭치킨 버거","맥도날드","햄버거","햄버거","외식(프랜차이즈 등 업체 제공 영양정보) | 빵 및 과자류 | 버거",""
"kfind-d202-091000000-0211","버거_창녕갈릭비프 버거","맥도날드","햄버거","햄버거","외식(프랜차이즈 등 업체 제공 영양정보) | 빵 및 과자류 | 버거",""
"kfind-d202-091000000-0284","버거_징거타워버거","KFC","햄버거","햄버거","외식(프랜차이즈 등 업체 제공 영양정보) | 빵 및 과자류 | 버거",""
"kfind-d202-091000000-0283","버거_징거버거","KFC","햄버거","햄버거","외식(프랜차이즈 등 업체 제공 영양정보) | 빵 및 과자류 | 버거",""
"kfind-d202-091000000-0282","버거_징거더블다운통다리","KFC","햄버거","햄버거","외식(프랜차이즈 등 업체 제공 영양정보) | 빵 및 과자류 | 버거",""
"kfind-d202-091000000-0281","버거_징거BLT버거","KFC","햄버거","햄버거","외식(프랜차이즈 등 업체 제공 영양정보) | 빵 및 과자류 | 버거",""
"kfind-d202-091000000-0090","버거_징거 더블다운맥스 버거","KFC","햄버거","햄버거","외식(프랜차이즈 등 업체 제공 영양정보) | 빵 및 과자류 | 버거",""
"kfind-d202-091000000-0210","버거_징거 BLT 버거","KFC","햄버거","햄버거","외식(프랜차이즈 등 업체 제공 영양정보) | 빵 및 과자류 | 버거",""
"kfind-d202-091000000-0089","버거_직화소불고기버거","버거킹","햄버거","햄버거","외식(프랜차이즈 등 업체 제공 영양정보) | 빵 및 과자류 | 버거",""
"kfind-d202-091000000-0088","버거_직화버섯소불고기 버거","버거킹","햄버거","햄버거","외식(프랜차이즈 등 업체 제공 영양정보) | 빵 및 과자류 | 버거",""
"kfind-d202-091000000-0280","버거_인크레더블버거","맘스터치","햄버거","햄버거","외식(프랜차이즈 등 업체 제공 영양정보) | 빵 및 과자류 | 버거",""
"kfind-d202-091000000-0087","버거_인크레더블 버거","맘스터치","햄버거","햄버거","외식(프랜차이즈 등 업체 제공 영양정보) | 빵 및 과자류 | 버거",""
"kfind-d202-091000000-0086","버거_와퍼주니어 버거","버거킹","햄버거","햄버거","외식(프랜차이즈 등 업체 제공 영양정보) | 빵 및 과자류 | 버거",""
"kfind-d202-091000000-0085","버거_와퍼 버거","버거킹","햄버거","햄버거","외식(프랜차이즈 등 업체 제공 영양정보) | 빵 및 과자류 | 버거",""
"kfind-d202-091000000-0278","버거_와우스모크디럭스버거","맘스터치","햄버거","햄버거","외식(프랜차이즈 등 업체 제공 영양정보) | 빵 및 과자류 | 버거",""
"kfind-d202-091000000-0084","버거_와규에디션 Ⅱ","롯데리아","햄버거","햄버거","외식(프랜차이즈 등 업체 제공 영양정보) | 빵 및 과자류 | 버거",""
"kfind-d202-091000000-0276","버거_오징어 얼라이브버거 블랙페퍼맛","롯데리아","햄버거","햄버거","외식(프랜차이즈 등 업체 제공 영양정보) | 빵 및 과자류 | 버거",""
"kfind-d202-091000000-0275","버거_오징어 얼라이브버거 매운맛","롯데리아","햄버거","햄버거","외식(프랜차이즈 등 업체 제공 영양정보) | 빵 및 과자류 | 버거",""
"kfind-d202-091000000-0274","버거_오믈렛킹모닝","버거킹","햄버거","햄버거","외식(프랜차이즈 등 업체 제공 영양정보) | 빵 및 과자류 | 버거",""
"kfind-d202-091000000-0207","버거_오리지널스 페퍼잭 싱글","버거킹","햄버거","햄버거","외식(프랜차이즈 등 업체 제공 영양정보) | 빵 및 과자류 | 버거",""
"kfind-d202-091000000-0206","버거_오리지널스 페퍼잭 더블","버거킹","햄버거","햄버거","외식(프랜차이즈 등 업체 제공 영양정보) | 빵 및 과자류 | 버거",""
"kfind-d202-091000000-0205","버거_오리지널미트볼 버거","맘스터치","햄버거","햄버거","외식(프랜차이즈 등 업체 제공 영양정보) | 빵 및 과자류 | 버거",""
"kfind-d202-091000000-0273","버거_오리지널 새우","노브랜드버거","햄버거","햄버거","외식(프랜차이즈 등 업체 제공 영양정보) | 빵 및 과자류 | 버거",""
"kfind-d202-091000000-0272","버거_에드워드리 싸이버거","맘스터치","햄버거","햄버거","외식(프랜차이즈 등 업체 제공 영양정보) | 빵 및 과자류 | 버거",""
"kfind-d202-091000000-0270","버거_에그샐러드번","롯데리아","햄버거","햄버거","외식(프랜차이즈 등 업체 제공 영양정보) | 빵 및 과자류 | 버거",""
"kfind-d202-091000000-0081","버거_에그불고기 버거","맥도날드","햄버거","햄버거","외식(프랜차이즈 등 업체 제공 영양정보) | 빵 및 과자류 | 버거",""
"kfind-d202-091000000-0080","버거_에그불고기 버거","맘스터치","햄버거","햄버거","외식(프랜차이즈 등 업체 제공 영양정보) | 빵 및 과자류 | 버거",""
"kfind-d202-091000000-0269","버거_업그레이비타워","KFC","햄버거","햄버거","외식(프랜차이즈 등 업체 제공 영양정보) | 빵 및 과자류 | 버거",""
"kfind-d202-091000000-0268","버거_언빌리버블버거","맘스터치","햄버거","햄버거","외식(프랜차이즈 등 업체 제공 영양정보) | 빵 및 과자류 | 버거",""
"kfind-d202-091000000-0079","버거_언빌리버블 버거","맘스터치","햄버거","햄버거","외식(프랜차이즈 등 업체 제공 영양정보) | 빵 및 과자류 | 버거",""
"kfind-d202-091000000-0078","버거_양념치킨싸이 버거","맘스터치","햄버거","햄버거","외식(프랜차이즈 등 업체 제공 영양정보) | 빵 및 과자류 | 버거",""
"kfind-d202-091000000-0267","버거_아라비아따치즈버거","맘스터치","햄버거","햄버거","외식(프랜차이즈 등 업체 제공 영양정보) | 빵 및 과자류 | 버거",""
"kfind-d202-091000000-0202","버거_아라비아따치즈 버거","맘스터치","햄버거","햄버거","외식(프랜차이즈 등 업체 제공 영양정보) | 빵 및 과자류 | 버거",""
"kfind-d202-091000000-0266","버거_싸이플렉스버거","맘스터치","햄버거","햄버거","외식(프랜차이즈 등 업체 제공 영양정보) | 빵 및 과자류 | 버거",""
"kfind-d202-091000000-0076","버거_싸이플렉스 버거","맘스터치","햄버거","햄버거","외식(프랜차이즈 등 업체 제공 영양정보) | 빵 및 과자류 | 버거",""
"kfind-d202-091000000-0265","버거_싸이버거","맘스터치","햄버거","햄버거","외식(프랜차이즈 등 업체 제공 영양정보) | 빵 및 과자류 | 버거",""
"kfind-d202-091000000-0075","버거_싸이 버거","맘스터치","햄버거","햄버거","외식(프랜차이즈 등 업체 제공 영양정보) | 빵 및 과자류 | 버거",""
"kfind-d202-091000000-0201","버거_스파이시치킨 스낵랩","맥도날드","햄버거","햄버거","외식(프랜차이즈 등 업체 제공 영양정보) | 빵 및 과자류 | 버거",""
"kfind-d202-091000000-0072","버거_스태커4와퍼 버거","버거킹","햄버거","햄버거","외식(프랜차이즈 등 업체 제공 영양정보) | 빵 및 과자류 | 버거",""
"kfind-d202-091000000-0071","버거_스태커3와퍼 버거","버거킹","햄버거","햄버거","외식(프랜차이즈 등 업체 제공 영양정보) | 빵 및 과자류 | 버거",""
"kfind-d202-091000000-0070","버거_스태커2와퍼 버거","버거킹","햄버거","햄버거","외식(프랜차이즈 등 업체 제공 영양정보) | 빵 및 과자류 | 버거",""
"kfind-d202-091000000-0200","버거_스콜쳐 버거 플러스","KFC","햄버거","햄버거","외식(프랜차이즈 등 업체 제공 영양정보) | 빵 및 과자류 | 버거",""
"kfind-d202-091000000-0068","버거_스모키살사 버거","노브랜드버거","햄버거","햄버거","외식(프랜차이즈 등 업체 제공 영양정보) | 빵 및 과자류 | 버거",""
"kfind-d202-091000000-0067","버거_스리라차치킨 버거","노브랜드버거","햄버거","햄버거","외식(프랜차이즈 등 업체 제공 영양정보) | 빵 및 과자류 | 버거",""
"kfind-d202-091000000-0066","버거_슈슈 버거","맥도날드","햄버거","햄버거","외식(프랜차이즈 등 업체 제공 영양정보) | 빵 및 과자류 | 버거",""
"kfind-d202-091000000-0065","버거_슈비 버거","맥도날드","햄버거","햄버거","외식(프랜차이즈 등 업체 제공 영양정보) | 빵 및 과자류 | 버거",""
"kfind-d202-091000000-0263","버거_슈림프버거","버거킹","햄버거","햄버거","외식(프랜차이즈 등 업체 제공 영양정보) | 빵 및 과자류 | 버거",""
"kfind-d202-091000000-0199","버거_슈림프 버거","버거킹","햄버거","햄버거","외식(프랜차이즈 등 업체 제공 영양정보) | 빵 및 과자류 | 버거",""
"kfind-d202-091000000-0063","버거_쉬림프페퍼로니모짜 버거 (R)","프랭크버거","햄버거","햄버거","외식(프랜차이즈 등 업체 제공 영양정보) | 빵 및 과자류 | 버거",""
"kfind-d202-091000000-0262","버거_쉬림프싸이플렉스버거","맘스터치","햄버거","햄버거","외식(프랜차이즈 등 업체 제공 영양정보) | 빵 및 과자류 | 버거",""
"kfind-d202-091000000-0198","버거_쉬림프싸이플렉스 버거","맘스터치","햄버거","햄버거","외식(프랜차이즈 등 업체 제공 영양정보) | 빵 및 과자류 | 버거",""
"kfind-d202-091000000-0197","버거_쉬림프 버거","프랭크버거","햄버거","햄버거","외식(프랜차이즈 등 업체 제공 영양정보) | 빵 및 과자류 | 버거",""
"kfind-d202-091000000-0196","버거_새우익스트림 레몬크림 버거","롯데리아","햄버거","햄버거","외식(프랜차이즈 등 업체 제공 영양정보) | 빵 및 과자류 | 버거",""
"kfind-d202-091000000-0062","버거_새우불고기 버거","맘스터치","햄버거","햄버거","외식(프랜차이즈 등 업체 제공 영양정보) | 빵 및 과자류 | 버거",""
"kfind-d202-091000000-0195","버거_새우베이컨 버거","롯데리아","햄버거","햄버거","외식(프랜차이즈 등 업체 제공 영양정보) | 빵 및 과자류 | 버거",""
"kfind-d202-091000000-0061","버거_새우 버거","롯데리아","햄버거","햄버거","외식(프랜차이즈 등 업체 제공 영양정보) | 빵 및 과자류 | 버거",""
"kfind-d202-091000000-0060","버거_살사리코 버거","맘스터치","햄버거","햄버거","외식(프랜차이즈 등 업체 제공 영양정보) | 빵 및 과자류 | 버거",""
"kfind-d202-091000000-0059","버거_산체스 버거","노브랜드버거","햄버거","햄버거","외식(프랜차이즈 등 업체 제공 영양정보) | 빵 및 과자류 | 버거",""
"kfind-d202-091000000-0058","버거_사각새우 더블 버거","롯데리아","햄버거","햄버거","외식(프랜차이즈 등 업체 제공 영양정보) | 빵 및 과자류 | 버거",""
"kfind-d202-091000000-0057","버거_빅불 버거","롯데리아","햄버거","햄버거","외식(프랜차이즈 등 업체 제공 영양정보) | 빵 및 과자류 | 버거",""
"kfind-d202-091000000-0056","버거_빅맥 버거","맥도날드","햄버거","햄버거","외식(프랜차이즈 등 업체 제공 영양정보) | 빵 및 과자류 | 버거",""
"kfind-d202-091000000-0193","버거_비프스테이크 버거","맘스터치","햄버거","햄버거","외식(프랜차이즈 등 업체 제공 영양정보) | 빵 및 과자류 | 버거",""
"kfind-d202-091000000-0192","버거_비프&슈림프 버거","버거킹","햄버거","햄버거","외식(프랜차이즈 등 업체 제공 영양정보) | 빵 및 과자류 | 버거",""
"kfind-d202-091000000-0260","버거_비스크 치즈 새우","노브랜드버거","햄버거","햄버거","외식(프랜차이즈 등 업체 제공 영양정보) | 빵 및 과자류 | 버거",""
"kfind-d202-091000000-0191","버거_블랙바비큐콰트로치즈와퍼 버거","버거킹","햄버거","햄버거","외식(프랜차이즈 등 업체 제공 영양정보) | 빵 및 과자류 | 버거",""
"kfind-d202-091000000-0190","버거_블랙바비큐와퍼 버거","버거킹","햄버거","햄버거","외식(프랜차이즈 등 업체 제공 영양정보) | 빵 및 과자류 | 버거",""
"kfind-d202-091000000-0054","버거_블랙라벨폴인치즈 버거","KFC","햄버거","햄버거","외식(프랜차이즈 등 업체 제공 영양정보) | 빵 및 과자류 | 버거",""
"kfind-d202-091000000-0053","버거_블랙라벨더블다운맥스 버거","KFC","햄버거","햄버거","외식(프랜차이즈 등 업체 제공 영양정보) | 빵 및 과자류 | 버거",""
"kfind-d202-091000000-0259","버거_불싸이버거","맘스터치","햄버거","햄버거","외식(프랜차이즈 등 업체 제공 영양정보) | 빵 및 과자류 | 버거",""
"kfind-d202-091000000-0052","버거_불싸이 버거","맘스터치","햄버거","햄버거","외식(프랜차이즈 등 업체 제공 영양정보) | 빵 및 과자류 | 버거",""
"kfind-d202-091000000-0258","버거_불불불불싸이버거","맘스터치","햄버거","햄버거","외식(프랜차이즈 등 업체 제공 영양정보) | 빵 및 과자류 | 버거",""
"kfind-d202-091000000-0051","버거_불고기와퍼주니어 버거","버거킹","햄버거","햄버거","외식(프랜차이즈 등 업체 제공 영양정보) | 빵 및 과자류 | 버거",""
"kfind-d202-091000000-0050","버거_불고기와퍼 버거","버거킹","햄버거","햄버거","외식(프랜차이즈 등 업체 제공 영양정보) | 빵 및 과자류 | 버거",""
"kfind-d202-091000000-0043","버거_불고기몬스터 버거","버거킹","햄버거","햄버거","외식(프랜차이즈 등 업체 제공 영양정보) | 빵 및 과자류 | 버거",""
"kfind-d202-091000000-0042","버거_불고기롱치킨 버거","버거킹","햄버거","햄버거","외식(프랜차이즈 등 업체 제공 영양정보) | 빵 및 과자류 | 버거",""
"kfind-d202-091000000-0189","버거_불고기 익스트림 오징어 버거","롯데리아","햄버거","햄버거","외식(프랜차이즈 등 업체 제공 영양정보) | 빵 및 과자류 | 버거",""
"kfind-d202-091000000-0188","버거_불고기 베이컨 버거","롯데리아","햄버거","햄버거","외식(프랜차이즈 등 업체 제공 영양정보) | 빵 및 과자류 | 버거",""
"kfind-d202-091000000-0047","버거_불고기 버거","맥도날드","햄버거","햄버거","외식(프랜차이즈 등 업체 제공 영양정보) | 빵 및 과자류 | 버거",""
"kfind-d202-091000000-0048","버거_불고기 버거","버거킹","햄버거","햄버거","외식(프랜차이즈 등 업체 제공 영양정보) | 빵 및 과자류 | 버거",""
"kfind-d202-091000000-0045","버거_불고기 버거","롯데리아","햄버거","햄버거","외식(프랜차이즈 등 업체 제공 영양정보) | 빵 및 과자류 | 버거",""
"kfind-d202-091000000-0046","버거_불고기 버거","맘스터치","햄버거","햄버거","외식(프랜차이즈 등 업체 제공 영양정보) | 빵 및 과자류 | 버거",""
"kfind-d202-091000000-0040","버거_불고기 4DX 버거","롯데리아","햄버거","햄버거","외식(프랜차이즈 등 업체 제공 영양정보) | 빵 및 과자류 | 버거",""
"kfind-d202-091000000-0187","버거_베이컨햄 에그번","롯데리아","햄버거","햄버거","외식(프랜차이즈 등 업체 제공 영양정보) | 빵 및 과자류 | 버거",""
"kfind-d202-091000000-0039","버거_베이컨토마토디럭스 버거","맥도날드","햄버거","햄버거","외식(프랜차이즈 등 업체 제공 영양정보) | 빵 및 과자류 | 버거",""
"kfind-d202-091000000-0038","버거_베이컨치즈와퍼 버거","버거킹","햄버거","햄버거","외식(프랜차이즈 등 업체 제공 영양정보) | 빵 및 과자류 | 버거",""
"kfind-d202-091000000-0037","버거_베이컨치즈 버거 (R)","프랭크버거","햄버거","햄버거","외식(프랜차이즈 등 업체 제공 영양정보) | 빵 및 과자류 | 버거",""
"kfind-d202-091000000-0186","버거_베이컨치즈 버거 (L)","프랭크버거","햄버거","햄버거","외식(프랜차이즈 등 업체 제공 영양정보) | 빵 및 과자류 | 버거",""
"kfind-d202-091000000-0185","버거_베이컨치즈 버거","프랭크버거","햄버거","햄버거","외식(프랜차이즈 등 업체 제공 영양정보) | 빵 및 과자류 | 버거",""
"kfind-d202-091000000-0257","버거_베이컨에그번","롯데리아","햄버거","햄버거","외식(프랜차이즈 등 업체 제공 영양정보) | 빵 및 과자류 | 버거",""
"kfind-d202-091000000-0034","버거_바비큐킹치킨 버거","버거킹","햄버거","햄버거","외식(프랜차이즈 등 업체 제공 영양정보) | 빵 및 과자류 | 버거",""
"kfind-d202-091000000-0182","버거_바비큐치킨 버거","버거킹","햄버거","햄버거","외식(프랜차이즈 등 업체 제공 영양정보) | 빵 및 과자류 | 버거",""
"kfind-d202-091000000-0032","버거_미트마니아 버거","노브랜드버거","햄버거","햄버거","외식(프랜차이즈 등 업체 제공 영양정보) | 빵 및 과자류 | 버거",""
"kfind-d202-091000000-0256","버거_미라클버거","롯데리아","햄버거","햄버거","외식(프랜차이즈 등 업체 제공 영양정보) | 빵 및 과자류 | 버거",""
"kfind-d202-091000000-0031","버거_몬스터와퍼 버거","버거킹","햄버거","햄버거","외식(프랜차이즈 등 업체 제공 영양정보) | 빵 및 과자류 | 버거",""
"kfind-d202-091000000-0030","버거_모짜렐라인더 버거 베이컨","롯데리아","햄버거","햄버거","외식(프랜차이즈 등 업체 제공 영양정보) | 빵 및 과자류 | 버거",""
"kfind-d202-091000000-0029","버거_메가바이트 버거","노브랜드버거","햄버거","햄버거","외식(프랜차이즈 등 업체 제공 영양정보) | 빵 및 과자류 | 버거",""
"kfind-d202-091000000-0181","버거_머쉬룸 버거 (L)","프랭크버거","햄버거","햄버거","외식(프랜차이즈 등 업체 제공 영양정보) | 빵 및 과자류 | 버거",""
"kfind-d202-091000000-0180","버거_머쉬룸 버거","프랭크버거","햄버거","햄버거","외식(프랜차이즈 등 업체 제공 영양정보) | 빵 및 과자류 | 버거",""
"kfind-d202-091000000-0179","버거_맥크리스피클래식 버거","맥도날드","햄버거","햄버거","외식(프랜차이즈 등 업체 제공 영양정보) | 빵 및 과자류 | 버거",""
"kfind-d202-091000000-0178","버거_맥크리스피디럭스 버거","맥도날드","햄버거","햄버거","외식(프랜차이즈 등 업체 제공 영양정보) | 빵 및 과자류 | 버거",""
"kfind-d202-091000000-0028","버거_맥치킨모짜렐라 버거","맥도날드","햄버거","햄버거","외식(프랜차이즈 등 업체 제공 영양정보) | 빵 및 과자류 | 버거",""
"kfind-d202-091000000-0027","버거_맥치킨 버거","맥도날드","햄버거","햄버거","외식(프랜차이즈 등 업체 제공 영양정보) | 빵 및 과자류 | 버거",""
"kfind-d202-091000000-0177","버거_맥스파이시상하이 버거","맥도날드","햄버거","햄버거","외식(프랜차이즈 등 업체 제공 영양정보) | 빵 및 과자류 | 버거",""
"kfind-d202-091000000-0176","버거_마라싸이 버거","맘스터치","햄버거","햄버거","외식(프랜차이즈 등 업체 제공 영양정보) | 빵 및 과자류 | 버거",""
"kfind-d202-091000000-0174","버거_리아미라클2 버거","롯데리아","햄버거","햄버거","외식(프랜차이즈 등 업체 제공 영양정보) | 빵 및 과자류 | 버거",""
"kfind-d202-091000000-0026","버거_리아미라클 버거","롯데리아","햄버거","햄버거","외식(프랜차이즈 등 업체 제공 영양정보) | 빵 및 과자류 | 버거",""
"kfind-d202-091000000-0255","버거_리아 새우 베이컨","롯데리아","햄버거","햄버거","외식(프랜차이즈 등 업체 제공 영양정보) | 빵 및 과자류 | 버거",""
"kfind-d202-091000000-0254","버거_리아 새우","롯데리아","햄버거","햄버거","외식(프랜차이즈 등 업체 제공 영양정보) | 빵 및 과자류 | 버거",""
"kfind-d202-091000000-0253","버거_리아 사각새우 더블","롯데리아","햄버거","햄버거","외식(프랜차이즈 등 업체 제공 영양정보) | 빵 및 과자류 | 버거",""
"kfind-d202-091000000-0025","버거_롱치킨 버거","버거킹","햄버거","햄버거","외식(프랜차이즈 등 업체 제공 영양정보) | 빵 및 과자류 | 버거",""
"kfind-d202-091000000-0252","버거_딥치즈싸이버거","맘스터치","햄버거","햄버거","외식(프랜차이즈 등 업체 제공 영양정보) | 빵 및 과자류 | 버거",""
"kfind-d202-091000000-0172","버거_딥치즈싸이 버거","맘스터치","햄버거","햄버거","외식(프랜차이즈 등 업체 제공 영양정보) | 빵 및 과자류 | 버거",""
"kfind-d202-091000000-0251","버거_딥치즈버거","맘스터치","햄버거","햄버거","외식(프랜차이즈 등 업체 제공 영양정보) | 빵 및 과자류 | 버거",""
"kfind-d202-091000000-0024","버거_딥치즈 버거","맘스터치","햄버거","햄버거","외식(프랜차이즈 등 업체 제공 영양정보) | 빵 및 과자류 | 버거",""
"kfind-d202-091000000-0170","버거_디럭스불고기 버거","맘스터치","햄버거","햄버거","외식(프랜차이즈 등 업체 제공 영양정보) | 빵 및 과자류 | 버거",""
"kfind-d202-091000000-0022","버거_데리마요 버거","노브랜드버거","햄버거","햄버거","외식(프랜차이즈 등 업체 제공 영양정보) | 빵 및 과자류 | 버거",""
"kfind-d202-091000000-0021","버거_더블쿼터파운더치즈 버거","맥도날드","햄버거","햄버거","외식(프랜차이즈 등 업체 제공 영양정보) | 빵 및 과자류 | 버거",""
"kfind-d202-091000000-0250","버거_더블치즈타워","KFC","햄버거","햄버거","외식(프랜차이즈 등 업체 제공 영양정보) | 빵 및 과자류 | 버거",""
"kfind-d202-091000000-0166","버거_더블치즈 베이컨 시그니처 버거","노브랜드버거","햄버거","햄버거","외식(프랜차이즈 등 업체 제공 영양정보) | 빵 및 과자류 | 버거",""
"kfind-d202-091000000-0019","버거_더블치즈 버거 (R)","프랭크버거","햄버거","햄버거","외식(프랜차이즈 등 업체 제공 영양정보) | 빵 및 과자류 | 버거",""
"kfind-d202-091000000-0168","버거_더블치즈 버거 (L)","프랭크버거","햄버거","햄버거","외식(프랜차이즈 등 업체 제공 영양정보) | 빵 및 과자류 | 버거",""
"kfind-d202-091000000-0020","버거_더블치즈 버거","맥도날드","햄버거","햄버거","외식(프랜차이즈 등 업체 제공 영양정보) | 빵 및 과자류 | 버거",""
"kfind-d202-091000000-0167","버거_더블치즈 버거","프랭크버거","햄버거","햄버거","외식(프랜차이즈 등 업체 제공 영양정보) | 빵 및 과자류 | 버거",""
"kfind-d202-091000000-0017","버거_더블와퍼 버거","버거킹","햄버거","햄버거","외식(프랜차이즈 등 업체 제공 영양정보) | 빵 및 과자류 | 버거",""
"kfind-d202-091000000-0165","버거_더블오리지널치즈 버거","버거킹","햄버거","햄버거","외식(프랜차이즈 등 업체 제공 영양정보) | 빵 및 과자류 | 버거",""
"kfind-d202-091000000-0015","버거_더블빅맥 버거","맥도날드","햄버거","햄버거","외식(프랜차이즈 등 업체 제공 영양정보) | 빵 및 과자류 | 버거",""
"kfind-d202-091000000-0164","버거_더블비프불고기 버거","버거킹","햄버거","햄버거","외식(프랜차이즈 등 업체 제공 영양정보) | 빵 및 과자류 | 버거",""
"kfind-d202-091000000-0014","버거_더블불고기 버거","맥도날드","햄버거","햄버거","외식(프랜차이즈 등 업체 제공 영양정보) | 빵 및 과자류 | 버거",""
"kfind-d202-091000000-0013","버거_더블X2 버거","롯데리아","햄버거","햄버거","외식(프랜차이즈 등 업체 제공 영양정보) | 빵 및 과자류 | 버거",""
"kfind-d202-091000000-0169","버거_더블 한우불고기 버거","롯데리아","햄버거","햄버거","외식(프랜차이즈 등 업체 제공 영양정보) | 빵 및 과자류 | 버거",""
"kfind-d202-091000000-0249","버거_더블 클래식치즈버거","롯데리아","햄버거","햄버거","외식(프랜차이즈 등 업체 제공 영양정보) | 빵 및 과자류 | 버거",""
"kfind-d202-091000000-0162","버거_더블 클래식 치즈 버거 버터번","롯데리아","햄버거","햄버거","외식(프랜차이즈 등 업체 제공 영양정보) | 빵 및 과자류 | 버거",""
"kfind-d202-091000000-0248","버거_더블 치킨버거","롯데리아","햄버거","햄버거","외식(프랜차이즈 등 업체 제공 영양정보) | 빵 및 과자류 | 버거",""
"kfind-d202-091000000-0161","버거_더블 치킨 버거","롯데리아","햄버거","햄버거","외식(프랜차이즈 등 업체 제공 영양정보) | 빵 및 과자류 | 버거",""
"kfind-d202-091000000-0247","버거_더블 미라클버거","롯데리아","햄버거","햄버거","외식(프랜차이즈 등 업체 제공 영양정보) | 빵 및 과자류 | 버거",""
"kfind-d202-091000000-0163","버거_더블 리아미라클2 버거","롯데리아","햄버거","햄버거","외식(프랜차이즈 등 업체 제공 영양정보) | 빵 및 과자류 | 버거",""
"kfind-d202-091000000-0160","버거_더블 데리버거","롯데리아","햄버거","햄버거","외식(프랜차이즈 등 업체 제공 영양정보) | 빵 및 과자류 | 버거",""
"kfind-d202-091000000-0010","버거_내슈빌핫치킨 버거","맘스터치","햄버거","햄버거","외식(프랜차이즈 등 업체 제공 영양정보) | 빵 및 과자류 | 버거",""
"kfind-d202-091000000-0009","버거_기네스콰트로치 와퍼 버거","버거킹","햄버거","햄버거","외식(프랜차이즈 등 업체 제공 영양정보) | 빵 및 과자류 | 버거",""
"kfind-d202-091000000-0008","버거_기네스와퍼 버거","버거킹","햄버거","햄버거","외식(프랜차이즈 등 업체 제공 영양정보) | 빵 및 과자류 | 버거",""
"kfind-d202-091000000-0007","버거_기네스머쉬룸와퍼 버거","버거킹","햄버거","햄버거","외식(프랜차이즈 등 업체 제공 영양정보) | 빵 및 과자류 | 버거",""
"kfind-d202-091000000-0157","버거_그릴드비프 버거","맘스터치","햄버거","햄버거","외식(프랜차이즈 등 업체 제공 영양정보) | 빵 및 과자류 | 버거",""
"kfind-d202-091000000-0006","버거_그릴드불고기 버거","노브랜드버거","햄버거","햄버거","외식(프랜차이즈 등 업체 제공 영양정보) | 빵 및 과자류 | 버거",""
"kfind-d202-091000000-0156","버거_그릴드더블비프 버거","맘스터치","햄버거","햄버거","외식(프랜차이즈 등 업체 제공 영양정보) | 빵 및 과자류 | 버거",""
"kfind-d202-091000000-0155","버거_골든맥앤치즈치킨 버거","맘스터치","햄버거","햄버거","외식(프랜차이즈 등 업체 제공 영양정보) | 빵 및 과자류 | 버거",""
"kfind-d202-091000000-0154","버거_골든맥앤치즈비프 버거","맘스터치","햄버거","햄버거","외식(프랜차이즈 등 업체 제공 영양정보) | 빵 및 과자류 | 버거",""
"kfind-d202-091000000-0246","버거_갓양념징거","KFC","햄버거","햄버거","외식(프랜차이즈 등 업체 제공 영양정보) | 빵 및 과자류 | 버거",""
"kfind-d202-091000000-0152","버거_갈릭앤갈릭 버거","노브랜드버거","햄버거","햄버거","외식(프랜차이즈 등 업체 제공 영양정보) | 빵 및 과자류 | 버거",""
"kfind-d202-091000000-0150","버거_갈릭불고기와퍼 버거","버거킹","햄버거","햄버거","외식(프랜차이즈 등 업체 제공 영양정보) | 빵 및 과자류 | 버거",""
"kfind-d202-091000000-0149","버거_갈릭바베큐치킨 버거","맘스터치","햄버거","햄버거","외식(프랜차이즈 등 업체 제공 영양정보) | 빵 및 과자류 | 버거",""
"kfind-d202-091000000-0005","버거_간장마늘싸이 버거","맘스터치","햄버거","햄버거","외식(프랜차이즈 등 업체 제공 영양정보) | 빵 및 과자류 | 버거",""
"kfind-d202-091000000-0148","버거_SG크림치즈 버거 (L)","프랭크버거","햄버거","햄버거","외식(프랜차이즈 등 업체 제공 영양정보) | 빵 및 과자류 | 버거",""
"kfind-d202-091000000-0147","버거_SG크림치즈 버거","프랭크버거","햄버거","햄버거","외식(프랜차이즈 등 업체 제공 영양정보) | 빵 및 과자류 | 버거",""
"kfind-d202-091000000-0146","버거_SG불고기 버거 (L)","프랭크버거","햄버거","햄버거","외식(프랜차이즈 등 업체 제공 영양정보) | 빵 및 과자류 | 버거",""
"kfind-d202-091000000-0145","버거_SG불고기 버거","프랭크버거","햄버거","햄버거","외식(프랜차이즈 등 업체 제공 영양정보) | 빵 및 과자류 | 버거",""
"kfind-d202-091000000-0004","버거_NBB 오리지널 버거","노브랜드버거","햄버거","햄버거","외식(프랜차이즈 등 업체 제공 영양정보) | 빵 및 과자류 | 버거",""
"kfind-d202-091000000-0003","버거_NBB 어메이징 버거","노브랜드버거","햄버거","햄버거","외식(프랜차이즈 등 업체 제공 영양정보) | 빵 및 과자류 | 버거",""
"kfind-d202-091000000-0244","버거_NBB 어메이징 감바스 새우","노브랜드버거","햄버거","햄버거","외식(프랜차이즈 등 업체 제공 영양정보) | 빵 및 과자류 | 버거",""
"kfind-d202-091000000-0243","버거_NBB 어메이징 감바스","노브랜드버거","햄버거","햄버거","외식(프랜차이즈 등 업체 제공 영양정보) | 빵 및 과자류 | 버거",""
"kfind-d202-091000000-0002","버거_NBB 시그니처 버거","노브랜드버거","햄버거","햄버거","외식(프랜차이즈 등 업체 제공 영양정보) | 빵 및 과자류 | 버거",""
"kfind-d202-091000000-0144","버거_JG 버거 (L)","프랭크버거","햄버거","햄버거","외식(프랜차이즈 등 업체 제공 영양정보) | 빵 및 과자류 | 버거",""
"kfind-d202-091000000-0143","버거_JG 버거","프랭크버거","햄버거","햄버거","외식(프랜차이즈 등 업체 제공 영양정보) | 빵 및 과자류 | 버거",""
"kfind-d202-091000000-0242","버거_BLT오믈렛킹모닝","버거킹","햄버거","햄버거","외식(프랜차이즈 등 업체 제공 영양정보) | 빵 및 과자류 | 버거",""
"kfind-d202-091000000-0142","버거_BLT 오믈렛 킹모닝","버거킹","햄버거","햄버거","외식(프랜차이즈 등 업체 제공 영양정보) | 빵 및 과자류 | 버거",""
"kfind-d202-091000000-0001","버거_1955 버거","맥도날드","햄버거","햄버거","외식(프랜차이즈 등 업체 제공 영양정보) | 빵 및 과자류 | 버거",""
"kfind-d220-733000000-0030","뱅쇼_홀리데이 레드뱅쇼 핫(HOT) (R)","이디야","카페","음료","외식(프랜차이즈 등 업체 제공 영양정보) | 음료 및 차류 | 뱅쇼",""
"kfind-d220-733000000-0029","뱅쇼_홀리데이 레드뱅쇼 핫(HOT) (EX)","이디야","카페","음료","외식(프랜차이즈 등 업체 제공 영양정보) | 음료 및 차류 | 뱅쇼",""
"kfind-d220-733000000-0028","뱅쇼_홀리데이 레드뱅쇼 아이스(ICED) (R)","이디야","카페","음료","외식(프랜차이즈 등 업체 제공 영양정보) | 음료 및 차류 | 뱅쇼",""
"kfind-d220-733000000-0027","뱅쇼_홀리데이 레드뱅쇼 아이스(ICED) (EX)","이디야","카페","음료","외식(프랜차이즈 등 업체 제공 영양정보) | 음료 및 차류 | 뱅쇼",""
"kfind-d220-733000000-0025","뱅쇼_원터 화이트 뱅쇼 핫(HOT) (R)","이디야","카페","음료","외식(프랜차이즈 등 업체 제공 영양정보) | 음료 및 차류 | 뱅쇼",""
"kfind-d220-733000000-0024","뱅쇼_원터 화이트 뱅쇼 핫(HOT) (EX)","이디야","카페","음료","외식(프랜차이즈 등 업체 제공 영양정보) | 음료 및 차류 | 뱅쇼",""
"kfind-d220-733000000-0023","뱅쇼_원터 화이트 뱅쇼 아이스(ICED) (R)","이디야","카페","음료","외식(프랜차이즈 등 업체 제공 영양정보) | 음료 및 차류 | 뱅쇼",""
"kfind-d220-733000000-0022","뱅쇼_원터 화이트 뱅쇼 아이스(ICED) (EX)","이디야","카페","음료","외식(프랜차이즈 등 업체 제공 영양정보) | 음료 및 차류 | 뱅쇼",""
"kfind-d220-733000000-0013","뱅쇼_뱅쇼 핫(HOT)","빽다방","카페","음료","외식(프랜차이즈 등 업체 제공 영양정보) | 음료 및 차류 | 뱅쇼",""
"kfind-d220-733000000-0010","뱅쇼_뱅쇼 아이스(ICED)","빽다방","카페","음료","외식(프랜차이즈 등 업체 제공 영양정보) | 음료 및 차류 | 뱅쇼",""
"kfind-d220-733000000-0008","뱅쇼_레드 시나몬 뱅쇼 핫(HOT)","할리스","카페","음료","외식(프랜차이즈 등 업체 제공 영양정보) | 음료 및 차류 | 뱅쇼",""
"kfind-d220-733000000-0007","뱅쇼_레드 시나몬 뱅쇼 아이스(ICED)","할리스","카페","음료","외식(프랜차이즈 등 업체 제공 영양정보) | 음료 및 차류 | 뱅쇼",""
"kfind-d202-090000000-0059","바게트_허니바게트볼","할리스","카페","베이커리","외식(프랜차이즈 등 업체 제공 영양정보) | 빵 및 과자류 | 바게트",""
"kfind-d202-090000000-0052","바게트_프렌치바게뜨","파리바게뜨","베이커리","베이커리","외식(프랜차이즈 등 업체 제공 영양정보) | 빵 및 과자류 | 바게트",""
"kfind-d202-090000000-0028","바게트_프렌치마늘바게뜨","파리바게뜨","베이커리","베이커리","외식(프랜차이즈 등 업체 제공 영양정보) | 빵 및 과자류 | 바게트",""
"kfind-d202-090000000-0027","바게트_파리의 바게뜨","파리바게뜨","베이커리","베이커리","외식(프랜차이즈 등 업체 제공 영양정보) | 빵 및 과자류 | 바게트",""
"kfind-d202-090000000-0026","바게트_파리의 갈릭바게뜨","파리바게뜨","베이커리","베이커리","외식(프랜차이즈 등 업체 제공 영양정보) | 빵 및 과자류 | 바게트",""
"kfind-d202-090000000-0021","바게트_크림치즈모닝바게뜨 (H)","파리바게뜨","베이커리","베이커리","외식(프랜차이즈 등 업체 제공 영양정보) | 빵 및 과자류 | 바게트",""
"kfind-d202-090000000-0022","바게트_크림치즈모닝바게뜨","파리바게뜨","베이커리","베이커리","외식(프랜차이즈 등 업체 제공 영양정보) | 빵 및 과자류 | 바게트",""
"kfind-d202-090000000-0044","바게트_콘에그바게뜨","파리바게뜨","베이커리","베이커리","외식(프랜차이즈 등 업체 제공 영양정보) | 빵 및 과자류 | 바게트",""
"kfind-d202-090000000-0018","바게트_치즈바게뜨","파리바게뜨","베이커리","베이커리","외식(프랜차이즈 등 업체 제공 영양정보) | 빵 및 과자류 | 바게트",""
"kfind-d202-090000000-0043","바게트_정통바게뜨","파리바게뜨","베이커리","베이커리","외식(프랜차이즈 등 업체 제공 영양정보) | 빵 및 과자류 | 바게트",""
"kfind-d202-090000000-0017","바게트_자꾸 생각나는 갈릭바게뜨","파리바게뜨","베이커리","베이커리","외식(프랜차이즈 등 업체 제공 영양정보) | 빵 및 과자류 | 바게트",""
"kfind-d202-090000000-0040","바게트_바게트볼","굽네치킨","치킨","베이커리","외식(프랜차이즈 등 업체 제공 영양정보) | 빵 및 과자류 | 바게트",""
"kfind-d202-090000000-0011","바게트_모닝바게뜨","파리바게뜨","베이커리","베이커리","외식(프랜차이즈 등 업체 제공 영양정보) | 빵 및 과자류 | 바게트",""
"kfind-d202-090000000-0039","바게트_명란바게뜨","파리바게뜨","베이커리","베이커리","외식(프랜차이즈 등 업체 제공 영양정보) | 빵 및 과자류 | 바게트",""
"kfind-d202-090000000-0009","바게트_마늘빵 (5개입)","파리바게뜨","베이커리","베이커리","외식(프랜차이즈 등 업체 제공 영양정보) | 빵 및 과자류 | 바게트",""
"kfind-d202-090000000-0006","바게트_마늘모닝바게뜨","파리바게뜨","베이커리","베이커리","외식(프랜차이즈 등 업체 제공 영양정보) | 빵 및 과자류 | 바게트",""
"kfind-d202-090000000-0003","바게트_달콤한 연유바게뜨","파리바게뜨","베이커리","베이커리","외식(프랜차이즈 등 업체 제공 영양정보) | 빵 및 과자류 | 바게트",""
"kfind-d202-090000000-0038","바게트_달콤바삭연유바게뜨","파리바게뜨","베이커리","베이커리","외식(프랜차이즈 등 업체 제공 영양정보) | 빵 및 과자류 | 바게트",""
"kfind-d202-090000000-0049","바게트_달콤바삭 연유 바게뜨","파리바게뜨","베이커리","베이커리","외식(프랜차이즈 등 업체 제공 영양정보) | 빵 및 과자류 | 바게트",""
"kfind-d202-090000000-0036","바게트_갈릭바게뜨","파리바게뜨","베이커리","베이커리","외식(프랜차이즈 등 업체 제공 영양정보) | 빵 및 과자류 | 바게트",""
"kfind-d202-090000000-0035","바게트_NEW마늘바게뜨","파리바게뜨","베이커리","베이커리","외식(프랜차이즈 등 업체 제공 영양정보) | 빵 및 과자류 | 바게트",""
"kfind-d202-090000000-0034","바게트_NEW 모닝바게뜨","파리바게뜨","베이커리","베이커리","외식(프랜차이즈 등 업체 제공 영양정보) | 빵 및 과자류 | 바게트",""
"kfind-d202-090000000-0045","바게트_NEW 마늘바게뜨","파리바게뜨","베이커리","베이커리","외식(프랜차이즈 등 업체 제공 영양정보) | 빵 및 과자류 | 바게트",""
"kfind-d220-731190000-0001","밀크티_흑당밀크 아이스(ICED)","컴포즈커피","카페","음료","외식(프랜차이즈 등 업체 제공 영양정보) | 음료 및 차류 | 밀크티 | 흑당",""
"kfind-d220-732000000-0371","밀크티/버블티_흑당 버블티","할리스","카페","음료","외식(프랜차이즈 등 업체 제공 영양정보) | 음료 및 차류 | 밀크티/버블티",""
"kfind-d220-732000000-0109","밀크티/버블티_허니 얼 그레이 밀크티 핫(HOT) (Grande)","스타벅스","카페","음료","외식(프랜차이즈 등 업체 제공 영양정보) | 음료 및 차류 | 밀크티/버블티",""
"kfind-d220-732000000-0108","밀크티/버블티_허니 얼 그레이 밀크티 아이스(ICED) (Grande)","스타벅스","카페","음료","외식(프랜차이즈 등 업체 제공 영양정보) | 음료 및 차류 | 밀크티/버블티",""
"kfind-d220-732000000-0107","밀크티/버블티_하동 호지 밀크티 핫(HOT) (L)","공차","음료","음료","외식(프랜차이즈 등 업체 제공 영양정보) | 음료 및 차류 | 밀크티/버블티",""
"kfind-d220-732000000-0106","밀크티/버블티_하동 호지 밀크티 핫(HOT) (J)","공차","음료","음료","외식(프랜차이즈 등 업체 제공 영양정보) | 음료 및 차류 | 밀크티/버블티",""
"kfind-d220-732000000-0105","밀크티/버블티_하동 호지 밀크티 아이스(ICED) (L)","공차","음료","음료","외식(프랜차이즈 등 업체 제공 영양정보) | 음료 및 차류 | 밀크티/버블티",""
"kfind-d220-732000000-0104","밀크티/버블티_하동 호지 밀크티 아이스(ICED) (J)","공차","음료","음료","외식(프랜차이즈 등 업체 제공 영양정보) | 음료 및 차류 | 밀크티/버블티",""
"kfind-d220-732000000-0103","밀크티/버블티_피스타치오 밀크티+펄 핫(HOT) (L)","공차","음료","음료","외식(프랜차이즈 등 업체 제공 영양정보) | 음료 및 차류 | 밀크티/버블티",""
"kfind-d220-732000000-0102","밀크티/버블티_피스타치오 밀크티+펄 핫(HOT) (J)","공차","음료","음료","외식(프랜차이즈 등 업체 제공 영양정보) | 음료 및 차류 | 밀크티/버블티",""
"kfind-d220-732000000-0101","밀크티/버블티_피스타치오 밀크티+펄 아이스(ICED)) (L)","공차","음료","음료","외식(프랜차이즈 등 업체 제공 영양정보) | 음료 및 차류 | 밀크티/버블티",""
"kfind-d220-732000000-0100","밀크티/버블티_피스타치오 밀크티+펄 아이스(ICED) (J)","공차","음료","음료","외식(프랜차이즈 등 업체 제공 영양정보) | 음료 및 차류 | 밀크티/버블티",""
"kfind-d220-732000000-0356","밀크티/버블티_피스타치오 밀크티 핫(HOT) (L)","공차","음료","음료","외식(프랜차이즈 등 업체 제공 영양정보) | 음료 및 차류 | 밀크티/버블티",""
"kfind-d220-732000000-0355","밀크티/버블티_피스타치오 밀크티 핫(HOT) (J)","공차","음료","음료","외식(프랜차이즈 등 업체 제공 영양정보) | 음료 및 차류 | 밀크티/버블티",""
"kfind-d220-732000000-0352","밀크티/버블티_피스타치오 밀크티 아이스(ICED) (L)","공차","음료","음료","외식(프랜차이즈 등 업체 제공 영양정보) | 음료 및 차류 | 밀크티/버블티",""
"kfind-d220-732000000-0351","밀크티/버블티_피스타치오 밀크티 아이스(ICED) (J)","공차","음료","음료","외식(프랜차이즈 등 업체 제공 영양정보) | 음료 및 차류 | 밀크티/버블티",""
"kfind-d220-732000000-0092","밀크티/버블티_타로 밀크티+펄 핫(HOT) (L)","공차","음료","음료","외식(프랜차이즈 등 업체 제공 영양정보) | 음료 및 차류 | 밀크티/버블티",""
"kfind-d220-732000000-0091","밀크티/버블티_타로 밀크티+펄 핫(HOT) (J)","공차","음료","음료","외식(프랜차이즈 등 업체 제공 영양정보) | 음료 및 차류 | 밀크티/버블티",""
"kfind-d220-732000000-0090","밀크티/버블티_타로 밀크티+펄 아이스(ICED) (L)","공차","음료","음료","외식(프랜차이즈 등 업체 제공 영양정보) | 음료 및 차류 | 밀크티/버블티",""
"kfind-d220-732000000-0089","밀크티/버블티_타로 밀크티+펄 아이스(ICED) (J)","공차","음료","음료","외식(프랜차이즈 등 업체 제공 영양정보) | 음료 및 차류 | 밀크티/버블티",""
"kfind-d220-732000000-0339","밀크티/버블티_타로 밀크티 핫(HOT) (L)","공차","음료","음료","외식(프랜차이즈 등 업체 제공 영양정보) | 음료 및 차류 | 밀크티/버블티",""
"kfind-d220-732000000-0338","밀크티/버블티_타로 밀크티 핫(HOT) (J)","공차","음료","음료","외식(프랜차이즈 등 업체 제공 영양정보) | 음료 및 차류 | 밀크티/버블티",""
"kfind-d220-732000000-0336","밀크티/버블티_타로 밀크티 아이스(ICED) (L)","공차","음료","음료","외식(프랜차이즈 등 업체 제공 영양정보) | 음료 및 차류 | 밀크티/버블티",""
"kfind-d220-732000000-0335","밀크티/버블티_타로 밀크티 아이스(ICED) (J)","공차","음료","음료","외식(프랜차이즈 등 업체 제공 영양정보) | 음료 및 차류 | 밀크티/버블티",""
"kfind-d220-732000000-0331","밀크티/버블티_초콜렛 밀크티 핫(HOT) (L)","공차","음료","음료","외식(프랜차이즈 등 업체 제공 영양정보) | 음료 및 차류 | 밀크티/버블티",""
"kfind-d220-732000000-0330","밀크티/버블티_초콜렛 밀크티 핫(HOT) (J)","공차","음료","음료","외식(프랜차이즈 등 업체 제공 영양정보) | 음료 및 차류 | 밀크티/버블티",""
"kfind-d220-732000000-0329","밀크티/버블티_초콜렛 밀크티 아이스(ICED) (L)","공차","음료","음료","외식(프랜차이즈 등 업체 제공 영양정보) | 음료 및 차류 | 밀크티/버블티",""
"kfind-d220-732000000-0328","밀크티/버블티_초콜렛 밀크티 아이스(ICED) (J)","공차","음료","음료","외식(프랜차이즈 등 업체 제공 영양정보) | 음료 및 차류 | 밀크티/버블티",""
"kfind-d220-732000000-0075","밀크티/버블티_초당옥수수 밀크티+펄","공차","음료","음료","외식(프랜차이즈 등 업체 제공 영양정보) | 음료 및 차류 | 밀크티/버블티",""
"kfind-d220-732000000-0067","밀크티/버블티_제주 그린 밀크티+펄 핫(HOT) (L)","공차","음료","음료","외식(프랜차이즈 등 업체 제공 영양정보) | 음료 및 차류 | 밀크티/버블티",""
"kfind-d220-732000000-0066","밀크티/버블티_제주 그린 밀크티+펄 핫(HOT) (J)","공차","음료","음료","외식(프랜차이즈 등 업체 제공 영양정보) | 음료 및 차류 | 밀크티/버블티",""
"kfind-d220-732000000-0065","밀크티/버블티_제주 그린 밀크티+펄 아이스(ICED) (L)","공차","음료","음료","외식(프랜차이즈 등 업체 제공 영양정보) | 음료 및 차류 | 밀크티/버블티",""
"kfind-d220-732000000-0064","밀크티/버블티_제주 그린 밀크티+펄 아이스(ICED) (J)","공차","음료","음료","외식(프랜차이즈 등 업체 제공 영양정보) | 음료 및 차류 | 밀크티/버블티",""
"kfind-d220-732000000-0316","밀크티/버블티_제주 그린 밀크티 핫(HOT) (L)","공차","음료","음료","외식(프랜차이즈 등 업체 제공 영양정보) | 음료 및 차류 | 밀크티/버블티",""
"kfind-d220-732000000-0315","밀크티/버블티_제주 그린 밀크티 핫(HOT) (J)","공차","음료","음료","외식(프랜차이즈 등 업체 제공 영양정보) | 음료 및 차류 | 밀크티/버블티",""
"kfind-d220-732000000-0314","밀크티/버블티_제주 그린 밀크티 아이스(ICED) (L)","공차","음료","음료","외식(프랜차이즈 등 업체 제공 영양정보) | 음료 및 차류 | 밀크티/버블티",""
"kfind-d220-732000000-0313","밀크티/버블티_제주 그린 밀크티 아이스(ICED) (J)","공차","음료","음료","외식(프랜차이즈 등 업체 제공 영양정보) | 음료 및 차류 | 밀크티/버블티",""
"kfind-d220-732000000-0312","밀크티/버블티_자스민 밀크티 핫(HOT) (L)","공차","음료","음료","외식(프랜차이즈 등 업체 제공 영양정보) | 음료 및 차류 | 밀크티/버블티",""
"kfind-d220-732000000-0311","밀크티/버블티_자스민 밀크티 핫(HOT) (J)","공차","음료","음료","외식(프랜차이즈 등 업체 제공 영양정보) | 음료 및 차류 | 밀크티/버블티",""
"kfind-d220-732000000-0310","밀크티/버블티_자스민 밀크티 아이스(ICED) (L)","공차","음료","음료","외식(프랜차이즈 등 업체 제공 영양정보) | 음료 및 차류 | 밀크티/버블티",""
"kfind-d220-732000000-0309","밀크티/버블티_자스민 밀크티 아이스(ICED) (J)","공차","음료","음료","외식(프랜차이즈 등 업체 제공 영양정보) | 음료 및 차류 | 밀크티/버블티",""
"kfind-d220-732000000-0063","밀크티/버블티_자스민 그린 밀크티 핫(HOT) (L)","공차","음료","음료","외식(프랜차이즈 등 업체 제공 영양정보) | 음료 및 차류 | 밀크티/버블티",""
"kfind-d220-732000000-0062","밀크티/버블티_자스민 그린 밀크티 핫(HOT) (J)","공차","음료","음료","외식(프랜차이즈 등 업체 제공 영양정보) | 음료 및 차류 | 밀크티/버블티",""
"kfind-d220-732000000-0061","밀크티/버블티_자스민 그린 밀크티 아이스(ICED) (L)","공차","음료","음료","외식(프랜차이즈 등 업체 제공 영양정보) | 음료 및 차류 | 밀크티/버블티",""
"kfind-d220-732000000-0060","밀크티/버블티_자스민 그린 밀크티 아이스(ICED) (J)","공차","음료","음료","외식(프랜차이즈 등 업체 제공 영양정보) | 음료 및 차류 | 밀크티/버블티",""
"kfind-d220-732000000-0299","밀크티/버블티_우롱 밀크티 핫(HOT) (L)","공차","음료","음료","외식(프랜차이즈 등 업체 제공 영양정보) | 음료 및 차류 | 밀크티/버블티",""
"kfind-d220-732000000-0298","밀크티/버블티_우롱 밀크티 핫(HOT) (J)","공차","음료","음료","외식(프랜차이즈 등 업체 제공 영양정보) | 음료 및 차류 | 밀크티/버블티",""
"kfind-d220-732000000-0292","밀크티/버블티_우롱 밀크티 아이스(ICED) (L)","공차","음료","음료","외식(프랜차이즈 등 업체 제공 영양정보) | 음료 및 차류 | 밀크티/버블티",""
"kfind-d220-732000000-0291","밀크티/버블티_우롱 밀크티 아이스(ICED) (J)","공차","음료","음료","외식(프랜차이즈 등 업체 제공 영양정보) | 음료 및 차류 | 밀크티/버블티",""
"kfind-d220-732000000-0286","밀크티/버블티_얼그레이 밀크티 핫(HOT) (L)","공차","음료","음료","외식(프랜차이즈 등 업체 제공 영양정보) | 음료 및 차류 | 밀크티/버블티",""
"kfind-d220-732000000-0285","밀크티/버블티_얼그레이 밀크티 핫(HOT) (J)","공차","음료","음료","외식(프랜차이즈 등 업체 제공 영양정보) | 음료 및 차류 | 밀크티/버블티",""
"kfind-d220-732000000-0280","밀크티/버블티_얼그레이 밀크티 아이스(ICED) (L)","공차","음료","음료","외식(프랜차이즈 등 업체 제공 영양정보) | 음료 및 차류 | 밀크티/버블티",""
"kfind-d220-732000000-0279","밀크티/버블티_얼그레이 밀크티 아이스(ICED) (J)","공차","음료","음료","외식(프랜차이즈 등 업체 제공 영양정보) | 음료 및 차류 | 밀크티/버블티",""
"kfind-d220-732000000-0046","밀크티/버블티_아이스버블 밀크티 아이스(ICED) (R)","투썸플레이스","카페","음료","외식(프랜차이즈 등 업체 제공 영양정보) | 음료 및 차류 | 밀크티/버블티",""
"kfind-d220-732000000-0045","밀크티/버블티_아이스버블 밀크티 아이스(ICED) (L)","투썸플레이스","카페","음료","외식(프랜차이즈 등 업체 제공 영양정보) | 음료 및 차류 | 밀크티/버블티",""
"kfind-d220-732000000-0268","밀크티/버블티_블랙펄 밀크티 아이스(ICED)","빽다방","카페","음료","외식(프랜차이즈 등 업체 제공 영양정보) | 음료 및 차류 | 밀크티/버블티",""
"kfind-d220-732000000-0038","밀크티/버블티_블랙 밀크티+펄 핫(HOT) (L)","공차","음료","음료","외식(프랜차이즈 등 업체 제공 영양정보) | 음료 및 차류 | 밀크티/버블티",""
"kfind-d220-732000000-0037","밀크티/버블티_블랙 밀크티+펄 핫(HOT) (J)","공차","음료","음료","외식(프랜차이즈 등 업체 제공 영양정보) | 음료 및 차류 | 밀크티/버블티",""
"kfind-d220-732000000-0036","밀크티/버블티_블랙 밀크티+펄 아이스(ICED) (L)","공차","음료","음료","외식(프랜차이즈 등 업체 제공 영양정보) | 음료 및 차류 | 밀크티/버블티",""
"kfind-d220-732000000-0035","밀크티/버블티_블랙 밀크티+펄 아이스(ICED) (J)","공차","음료","음료","외식(프랜차이즈 등 업체 제공 영양정보) | 음료 및 차류 | 밀크티/버블티",""
"kfind-d220-732000000-0262","밀크티/버블티_블랙 밀크티 핫(HOT) (L)","공차","음료","음료","외식(프랜차이즈 등 업체 제공 영양정보) | 음료 및 차류 | 밀크티/버블티",""
"kfind-d220-732000000-0261","밀크티/버블티_블랙 밀크티 핫(HOT) (J)","공차","음료","음료","외식(프랜차이즈 등 업체 제공 영양정보) | 음료 및 차류 | 밀크티/버블티",""
"kfind-d220-732000000-0258","밀크티/버블티_블랙 밀크티 아이스(ICED) (L)","공차","음료","음료","외식(프랜차이즈 등 업체 제공 영양정보) | 음료 및 차류 | 밀크티/버블티",""
"kfind-d220-732000000-0257","밀크티/버블티_블랙 밀크티 아이스(ICED) (J)","공차","음료","음료","외식(프랜차이즈 등 업체 제공 영양정보) | 음료 및 차류 | 밀크티/버블티",""
"kfind-d220-732000000-0255","밀크티/버블티_브라운슈가 쥬얼리 밀크티 핫(HOT)","공차","음료","음료","외식(프랜차이즈 등 업체 제공 영양정보) | 음료 및 차류 | 밀크티/버블티",""
"kfind-d220-732000000-0254","밀크티/버블티_브라운슈가 쥬얼리 밀크티 아이스(ICED)","공차","음료","음료","외식(프랜차이즈 등 업체 제공 영양정보) | 음료 및 차류 | 밀크티/버블티",""
"kfind-d220-732000000-0028","밀크티/버블티_브라운 슈가 쥬얼리 밀크티 핫(HOT)","공차","음료","음료","외식(프랜차이즈 등 업체 제공 영양정보) | 음료 및 차류 | 밀크티/버블티",""
"kfind-d220-732000000-0027","밀크티/버블티_브라운 슈가 쥬얼리 밀크티 아이스(ICED)","공차","음료","음료","외식(프랜차이즈 등 업체 제공 영양정보) | 음료 및 차류 | 밀크티/버블티",""
"kfind-d220-732000000-0252","밀크티/버블티_버블 크림 밀크티 아이스(ICED)","이디야","카페","음료","외식(프랜차이즈 등 업체 제공 영양정보) | 음료 및 차류 | 밀크티/버블티",""
"kfind-d220-732000000-0023","밀크티/버블티_밀크티 핫(HOT) (EX)","이디야","카페","음료","외식(프랜차이즈 등 업체 제공 영양정보) | 음료 및 차류 | 밀크티/버블티",""
"kfind-d220-732000000-0247","밀크티/버블티_밀크티 핫(HOT)","빽다방","카페","음료","외식(프랜차이즈 등 업체 제공 영양정보) | 음료 및 차류 | 밀크티/버블티",""
"kfind-d220-732000000-0245","밀크티/버블티_밀크티 핫(HOT)","이디야","카페","음료","외식(프랜차이즈 등 업체 제공 영양정보) | 음료 및 차류 | 밀크티/버블티",""
"kfind-d220-732000000-0019","밀크티/버블티_밀크티 아이스(ICED) (EX)","이디야","카페","음료","외식(프랜차이즈 등 업체 제공 영양정보) | 음료 및 차류 | 밀크티/버블티",""
"kfind-d220-732000000-0241","밀크티/버블티_밀크티 아이스(ICED)","빽다방","카페","음료","외식(프랜차이즈 등 업체 제공 영양정보) | 음료 및 차류 | 밀크티/버블티",""
"kfind-d220-732000000-0197","밀크티/버블티_밀크티 아이스(ICED)","컴포즈커피","카페","음료","외식(프랜차이즈 등 업체 제공 영양정보) | 음료 및 차류 | 밀크티/버블티",""
"kfind-d220-732000000-0243","밀크티/버블티_밀크티 아이스(ICED)","이디야","카페","음료","외식(프랜차이즈 등 업체 제공 영양정보) | 음료 및 차류 | 밀크티/버블티",""
"kfind-d220-732000000-0234","밀크티/버블티_미니펄 망고 밀크 아이스(ICED) (L)","공차","음료","음료","외식(프랜차이즈 등 업체 제공 영양정보) | 음료 및 차류 | 밀크티/버블티",""
"kfind-d220-732000000-0233","밀크티/버블티_미니펄 망고 밀크 아이스(ICED) (J)","공차","음료","음료","외식(프랜차이즈 등 업체 제공 영양정보) | 음료 및 차류 | 밀크티/버블티",""
"kfind-d220-732000000-0232","밀크티/버블티_미니펄 딸기 밀크티 아이스(ICED) (L)","공차","음료","음료","외식(프랜차이즈 등 업체 제공 영양정보) | 음료 및 차류 | 밀크티/버블티",""
"kfind-d220-732000000-0231","밀크티/버블티_미니펄 딸기 밀크티 아이스(ICED) (J)","공차","음료","음료","외식(프랜차이즈 등 업체 제공 영양정보) | 음료 및 차류 | 밀크티/버블티",""
"kfind-d220-732000000-0018","밀크티/버블티_리얼 딸기 쥬얼리 밀크티","공차","음료","음료","외식(프랜차이즈 등 업체 제공 영양정보) | 음료 및 차류 | 밀크티/버블티",""
"kfind-d220-732000000-0017","밀크티/버블티_로얄 밀크티 핫(HOT) (R)","투썸플레이스","카페","음료","외식(프랜차이즈 등 업체 제공 영양정보) | 음료 및 차류 | 밀크티/버블티",""
"kfind-d220-732000000-0016","밀크티/버블티_로얄 밀크티 핫(HOT) (L)","투썸플레이스","카페","음료","외식(프랜차이즈 등 업체 제공 영양정보) | 음료 및 차류 | 밀크티/버블티",""
"kfind-d220-732000000-0015","밀크티/버블티_로얄 밀크티 아이스(ICED) (R)","투썸플레이스","카페","음료","외식(프랜차이즈 등 업체 제공 영양정보) | 음료 및 차류 | 밀크티/버블티",""
"kfind-d220-732000000-0014","밀크티/버블티_로얄 밀크티 아이스(ICED) (L)","투썸플레이스","카페","음료","외식(프랜차이즈 등 업체 제공 영양정보) | 음료 및 차류 | 밀크티/버블티",""
"kfind-d220-732000000-0215","밀크티/버블티_로얄 밀크 버블티","할리스","카페","음료","외식(프랜차이즈 등 업체 제공 영양정보) | 음료 및 차류 | 밀크티/버블티",""
"kfind-d220-732000000-0212","밀크티/버블티_딸기 쥬얼리 밀크티 아이스(ICED)","공차","음료","음료","외식(프랜차이즈 등 업체 제공 영양정보) | 음료 및 차류 | 밀크티/버블티",""
"kfind-d220-732000000-0007","밀크티/버블티_딸기 듬뿍 밀크티","공차","음료","음료","외식(프랜차이즈 등 업체 제공 영양정보) | 음료 및 차류 | 밀크티/버블티",""
"kfind-d220-732000000-0006","밀크티/버블티_돌체 블랙 밀크티 핫(HOT) (Tall)","스타벅스","카페","음료","외식(프랜차이즈 등 업체 제공 영양정보) | 음료 및 차류 | 밀크티/버블티",""
"kfind-d220-732000000-0005","밀크티/버블티_돌체 블랙 밀크티 아이스(ICED) (Tall)","스타벅스","카페","음료","외식(프랜차이즈 등 업체 제공 영양정보) | 음료 및 차류 | 밀크티/버블티",""
"kfind-d220-732000000-0004","밀크티/버블티_납작복숭아 쥬얼리 밀크티","공차","음료","음료","외식(프랜차이즈 등 업체 제공 영양정보) | 음료 및 차류 | 밀크티/버블티",""
"kfind-d220-732000000-0001","밀크티/버블티_골든펄 돌체 밀크티","공차","음료","음료","외식(프랜차이즈 등 업체 제공 영양정보) | 음료 및 차류 | 밀크티/버블티",""
"kfind-d220-730000000-0011","미숫가루_미숫가루","빽다방","카페","음료","외식(프랜차이즈 등 업체 제공 영양정보) | 음료 및 차류 | 미숫가루",""
"kfind-d202-088000000-0016","모닝빵_혼자서도즐기는연유브레드","파리바게뜨","베이커리","베이커리","외식(프랜차이즈 등 업체 제공 영양정보) | 빵 및 과자류 | 모닝빵",""
"kfind-d202-088000000-0020","모닝빵_초코아몬드브레드","파리바게뜨","베이커리","베이커리","외식(프랜차이즈 등 업체 제공 영양정보) | 빵 및 과자류 | 모닝빵",""
"kfind-d202-088000000-0013","모닝빵_진한초코브레드","파리바게뜨","베이커리","베이커리","외식(프랜차이즈 등 업체 제공 영양정보) | 빵 및 과자류 | 모닝빵",""
"kfind-d202-088000000-0019","모닝빵_우유듬뿍연유브레드 (대)","파리바게뜨","베이커리","베이커리","외식(프랜차이즈 등 업체 제공 영양정보) | 빵 및 과자류 | 모닝빵",""
"kfind-d202-088000000-0018","모닝빵_우유듬뿍연유브레드","파리바게뜨","베이커리","베이커리","외식(프랜차이즈 등 업체 제공 영양정보) | 빵 및 과자류 | 모닝빵",""
"kfind-d202-088000000-0025","모닝빵_우유 듬뿍 연유 브레드","파리바게뜨","베이커리","베이커리","외식(프랜차이즈 등 업체 제공 영양정보) | 빵 및 과자류 | 모닝빵",""
"kfind-d202-088000000-0009","모닝빵_스위트밀크롤 (6개입)","파리바게뜨","베이커리","베이커리","외식(프랜차이즈 등 업체 제공 영양정보) | 빵 및 과자류 | 모닝빵",""
"kfind-d202-088000000-0008","모닝빵_스위트밀크롤 (5개입)","파리바게뜨","베이커리","베이커리","외식(프랜차이즈 등 업체 제공 영양정보) | 빵 및 과자류 | 모닝빵",""
"kfind-d202-088000000-0007","모닝빵_스위트밀크롤 (4개입)","파리바게뜨","베이커리","베이커리","외식(프랜차이즈 등 업체 제공 영양정보) | 빵 및 과자류 | 모닝빵",""
"kfind-d202-088000000-0006","모닝빵_스위트밀크롤 (3개입)","파리바게뜨","베이커리","베이커리","외식(프랜차이즈 등 업체 제공 영양정보) | 빵 및 과자류 | 모닝빵",""
"kfind-d202-088000000-0005","모닝빵_스위트밀크롤 (2개입)","파리바게뜨","베이커리","베이커리","외식(프랜차이즈 등 업체 제공 영양정보) | 빵 및 과자류 | 모닝빵",""
"kfind-d202-088000000-0004","모닝빵_스위트밀크롤 (1개입)","파리바게뜨","베이커리","베이커리","외식(프랜차이즈 등 업체 제공 영양정보) | 빵 및 과자류 | 모닝빵",""
"kfind-d202-088000000-0002","모닝빵_부드러운연유브레드","파리바게뜨","베이커리","베이커리","외식(프랜차이즈 등 업체 제공 영양정보) | 빵 및 과자류 | 모닝빵",""
"kfind-d212-554000000-0001","멘보샤_텃만꿍멘보샤 (4개)","호식이두마리치킨","치킨","","외식(프랜차이즈 등 업체 제공 영양정보) | 튀김류 | 멘보샤","UNKNOWN_INDIVIDUAL_MENU_CATEGORY"
"kfind-d202-087000000-0029","머핀_휘낭시에 글루텐프리","투썸플레이스","카페","베이커리","외식(프랜차이즈 등 업체 제공 영양정보) | 빵 및 과자류 | 머핀",""
"kfind-d202-087000000-0070","머핀_클래식 휘낭시에","할리스","카페","베이커리","외식(프랜차이즈 등 업체 제공 영양정보) | 빵 및 과자류 | 머핀",""
"kfind-d202-087000000-0026","머핀_크림치즈 머핀","이디야","카페","베이커리","외식(프랜차이즈 등 업체 제공 영양정보) | 빵 및 과자류 | 머핀",""
"kfind-d202-087000000-0022","머핀_초콜릿휘낭시에 글루텐프리","투썸플레이스","카페","디저트","외식(프랜차이즈 등 업체 제공 영양정보) | 빵 및 과자류 | 머핀",""
"kfind-d202-087000000-0067","머핀_초콜릿 휘낭시에","할리스","카페","디저트","외식(프랜차이즈 등 업체 제공 영양정보) | 빵 및 과자류 | 머핀",""
"kfind-d202-087000000-0066","머핀_초코칩 머핀","이디야","카페","베이커리","외식(프랜차이즈 등 업체 제공 영양정보) | 빵 및 과자류 | 머핀",""
"kfind-d202-087000000-0008","머핀_생미쉘시트러스마들렌","투썸플레이스","카페","베이커리","외식(프랜차이즈 등 업체 제공 영양정보) | 빵 및 과자류 | 머핀",""
"kfind-d202-087000000-0005","머핀_블루베리 머핀","이디야","카페","베이커리","외식(프랜차이즈 등 업체 제공 영양정보) | 빵 및 과자류 | 머핀",""
"kfind-d202-087000000-0059","머핀_밀크 휘낭시에","이디야","카페","베이커리","외식(프랜차이즈 등 업체 제공 영양정보) | 빵 및 과자류 | 머핀",""
"kfind-d202-087000000-0055","머핀_레몬 글라세 마들렌","할리스","카페","베이커리","외식(프랜차이즈 등 업체 제공 영양정보) | 빵 및 과자류 | 머핀",""
"kfind-d202-087000000-0050","머핀_던킨 초코 머핀","던킨","베이커리","베이커리","외식(프랜차이즈 등 업체 제공 영양정보) | 빵 및 과자류 | 머핀",""
"kfind-d202-087000000-0001","머핀_까놀레","투썸플레이스","카페","베이커리","외식(프랜차이즈 등 업체 제공 영양정보) | 빵 및 과자류 | 머핀",""
"kfind-d202-086000000-0092","마카롱_핑크솔티드 카라멜 마카롱","파리바게뜨","베이커리","디저트","외식(프랜차이즈 등 업체 제공 영양정보) | 빵 및 과자류 | 마카롱",""
"kfind-d202-086000000-0089","마카롱_피스타치오 마카롱","투썸플레이스","카페","디저트","외식(프랜차이즈 등 업체 제공 영양정보) | 빵 및 과자류 | 마카롱",""
"kfind-d202-086000000-0087","마카롱_프렌치 블루베리 마카롱","파리바게뜨","베이커리","디저트","외식(프랜차이즈 등 업체 제공 영양정보) | 빵 및 과자류 | 마카롱",""
"kfind-d202-086000000-0080","마카롱_쿠키 앤 크림 마카롱","이디야","카페","디저트","외식(프랜차이즈 등 업체 제공 영양정보) | 빵 및 과자류 | 마카롱",""
"kfind-d202-086000000-0070","마카롱_초콜릿 마카롱","이디야","카페","디저트","외식(프랜차이즈 등 업체 제공 영양정보) | 빵 및 과자류 | 마카롱",""
"kfind-d202-086000000-0064","마카롱_초코떡카롱","파리바게뜨","베이커리","디저트","외식(프랜차이즈 등 업체 제공 영양정보) | 빵 및 과자류 | 마카롱",""
"kfind-d202-086000000-0066","마카롱_초코 마카롱","파리바게뜨","베이커리","디저트","외식(프랜차이즈 등 업체 제공 영양정보) | 빵 및 과자류 | 마카롱",""
"kfind-d202-086000000-0058","마카롱_유자가나슈 마카롱","파리바게뜨","베이커리","디저트","외식(프랜차이즈 등 업체 제공 영양정보) | 빵 및 과자류 | 마카롱",""
"kfind-d202-086000000-0052","마카롱_얼그레이 쇼콜라 마카롱","이디야","카페","디저트","외식(프랜차이즈 등 업체 제공 영양정보) | 빵 및 과자류 | 마카롱",""
"kfind-d202-086000000-0142","마카롱_신)초코마카롱","파리바게뜨","베이커리","디저트","외식(프랜차이즈 등 업체 제공 영양정보) | 빵 및 과자류 | 마카롱",""
"kfind-d202-086000000-0141","마카롱_신)유자가나슈마카롱","파리바게뜨","베이커리","디저트","외식(프랜차이즈 등 업체 제공 영양정보) | 빵 및 과자류 | 마카롱",""
"kfind-d202-086000000-0140","마카롱_신)블루베리마카롱","파리바게뜨","베이커리","디저트","외식(프랜차이즈 등 업체 제공 영양정보) | 빵 및 과자류 | 마카롱",""
"kfind-d202-086000000-0139","마카롱_신)바닐라마카롱","파리바게뜨","베이커리","디저트","외식(프랜차이즈 등 업체 제공 영양정보) | 빵 및 과자류 | 마카롱",""
"kfind-d202-086000000-0138","마카롱_신)딸기가나슈마카롱","파리바게뜨","베이커리","디저트","외식(프랜차이즈 등 업체 제공 영양정보) | 빵 및 과자류 | 마카롱",""
"kfind-d202-086000000-0051","마카롱_스트로베리 치즈 마카롱","이디야","카페","디저트","외식(프랜차이즈 등 업체 제공 영양정보) | 빵 및 과자류 | 마카롱",""
"kfind-d202-086000000-0050","마카롱_스트로베리 마카롱","스타벅스","카페","디저트","외식(프랜차이즈 등 업체 제공 영양정보) | 빵 및 과자류 | 마카롱",""
"kfind-d202-086000000-0042","마카롱_산딸기 마카롱","이디야","카페","디저트","외식(프랜차이즈 등 업체 제공 영양정보) | 빵 및 과자류 | 마카롱",""
"kfind-d202-086000000-0043","마카롱_산딸기 마카롱","투썸플레이스","카페","디저트","외식(프랜차이즈 등 업체 제공 영양정보) | 빵 및 과자류 | 마카롱",""
"kfind-d202-086000000-0039","마카롱_블루베리 마카롱","투썸플레이스","카페","디저트","외식(프랜차이즈 등 업체 제공 영양정보) | 빵 및 과자류 | 마카롱",""
"kfind-d202-086000000-0037","마카롱_블루베리 마카롱","스타벅스","카페","디저트","외식(프랜차이즈 등 업체 제공 영양정보) | 빵 및 과자류 | 마카롱",""
"kfind-d202-086000000-0036","마카롱_벨지안초콜릿 마카롱","투썸플레이스","카페","디저트","외식(프랜차이즈 등 업체 제공 영양정보) | 빵 및 과자류 | 마카롱",""
"kfind-d202-086000000-0030","마카롱_바닐라 마카롱","스타벅스","카페","디저트","외식(프랜차이즈 등 업체 제공 영양정보) | 빵 및 과자류 | 마카롱",""
"kfind-d202-086000000-0031","마카롱_바닐라 마카롱","이디야","카페","디저트","외식(프랜차이즈 등 업체 제공 영양정보) | 빵 및 과자류 | 마카롱",""
"kfind-d202-086000000-0034","마카롱_바닐라 마카롱","파리바게뜨","베이커리","디저트","외식(프랜차이즈 등 업체 제공 영양정보) | 빵 및 과자류 | 마카롱",""
"kfind-d202-086000000-0169","마카롱_바닐라 딜라이트 뚱카롱","할리스","카페","디저트","외식(프랜차이즈 등 업체 제공 영양정보) | 빵 및 과자류 | 마카롱",""
"kfind-d202-086000000-0025","마카롱_망고프로피컬 마카롱","투썸플레이스","카페","디저트","외식(프랜차이즈 등 업체 제공 영양정보) | 빵 및 과자류 | 마카롱",""
"kfind-d202-086000000-0022","마카롱_마다가스카르바닐라 마카롱","투썸플레이스","카페","디저트","외식(프랜차이즈 등 업체 제공 영양정보) | 빵 및 과자류 | 마카롱",""
"kfind-d202-086000000-0012","마카롱_딸기가나슈 마카롱","파리바게뜨","베이커리","디저트","외식(프랜차이즈 등 업체 제공 영양정보) | 빵 및 과자류 | 마카롱",""
"kfind-d202-086000000-0011","마카롱_딸기 치즈케익 뚱카롱","할리스","카페","디저트","외식(프랜차이즈 등 업체 제공 영양정보) | 빵 및 과자류 | 마카롱",""
"kfind-d202-086000000-0155","마카롱_딸기 치즈케이크 뚱카롱","할리스","카페","디저트","외식(프랜차이즈 등 업체 제공 영양정보) | 빵 및 과자류 | 마카롱",""
"kfind-d202-086000000-0152","마카롱_더블 초코 뚱카롱","할리스","카페","디저트","외식(프랜차이즈 등 업체 제공 영양정보) | 빵 및 과자류 | 마카롱",""
"kfind-d202-086000000-0005","마카롱_다크 초콜릿 마카롱","스타벅스","카페","디저트","외식(프랜차이즈 등 업체 제공 영양정보) | 빵 및 과자류 | 마카롱",""
"kfind-d202-086000000-0002","마카롱_까망베르 치즈 마카롱","파리바게뜨","베이커리","디저트","외식(프랜차이즈 등 업체 제공 영양정보) | 빵 및 과자류 | 마카롱",""
"kfind-d202-085000000-0003","마늘빵_프렌치마늘빵 (5개입)","파리바게뜨","베이커리","베이커리","외식(프랜차이즈 등 업체 제공 영양정보) | 빵 및 과자류 | 마늘빵",""
"kfind-d202-085000000-0002","마늘빵_프렌치마늘빵","파리바게뜨","베이커리","베이커리","외식(프랜차이즈 등 업체 제공 영양정보) | 빵 및 과자류 | 마늘빵",""
"kfind-d202-085000000-0001","마늘빵_부드러운갈릭브레드","파리바게뜨","베이커리","베이커리","외식(프랜차이즈 등 업체 제공 영양정보) | 빵 및 과자류 | 마늘빵",""
"kfind-d202-085000000-0004","마늘빵_마늘빵(5개입)","파리바게뜨","베이커리","베이커리","외식(프랜차이즈 등 업체 제공 영양정보) | 빵 및 과자류 | 마늘빵",""
"kfind-d201-013000000-0002","리소토/리조또_치킨 크림 리조또","할리스","카페","치킨","외식(프랜차이즈 등 업체 제공 영양정보) | 밥류 | 리소토/리조또",""
"kfind-d201-013000000-0001","리소토/리조또_스파이시 씨푸드 리조또","할리스","카페","","외식(프랜차이즈 등 업체 제공 영양정보) | 밥류 | 리소토/리조또","UNKNOWN_INDIVIDUAL_MENU_CATEGORY"
"kfind-d202-084000000-0002","롤빵_클래식시나몬롤","파리바게뜨","베이커리","베이커리","외식(프랜차이즈 등 업체 제공 영양정보) | 빵 및 과자류 | 롤빵",""
"kfind-d202-084000000-0012","롤빵_우유 생크림롤","파리바게뜨","베이커리","베이커리","외식(프랜차이즈 등 업체 제공 영양정보) | 빵 및 과자류 | 롤빵",""
"kfind-d202-084000000-0001","롤빵_달콤한크림치즈시나몬롤","파리바게뜨","베이커리","베이커리","외식(프랜차이즈 등 업체 제공 영양정보) | 빵 및 과자류 | 롤빵",""
"kfind-d202-084000000-0006","롤빵_달달연유롤빵 (3개입)","파리바게뜨","베이커리","베이커리","외식(프랜차이즈 등 업체 제공 영양정보) | 빵 및 과자류 | 롤빵",""
"kfind-d202-084000000-0005","롤빵_달달연유롤빵","파리바게뜨","베이커리","베이커리","외식(프랜차이즈 등 업체 제공 영양정보) | 빵 및 과자류 | 롤빵",""
"kfind-d220-726000000-0007","레몬홍차_레몬얼그레이티 핫(HOT)","빽다방","카페","음료","외식(프랜차이즈 등 업체 제공 영양정보) | 음료 및 차류 | 레몬홍차",""
"kfind-d220-726000000-0006","레몬홍차_레몬얼그레이티 아이스(ICED)","빽다방","카페","음료","외식(프랜차이즈 등 업체 제공 영양정보) | 음료 및 차류 | 레몬홍차",""
"kfind-d220-724000000-0056","레몬차_레몬티 핫(HOT)","빽다방","카페","음료","외식(프랜차이즈 등 업체 제공 영양정보) | 음료 및 차류 | 레몬차",""
"kfind-d220-724000000-0051","레몬차_레몬티 아이스(ICED)","빽다방","카페","음료","외식(프랜차이즈 등 업체 제공 영양정보) | 음료 및 차류 | 레몬차",""
"kfind-d220-724000000-0044","레몬차_레몬티","컴포즈커피","카페","음료","외식(프랜차이즈 등 업체 제공 영양정보) | 음료 및 차류 | 레몬차",""
"kfind-d220-724000000-0014","레몬차_레몬차","이디야","카페","음료","외식(프랜차이즈 등 업체 제공 영양정보) | 음료 및 차류 | 레몬차",""
"kfind-d220-724000000-0010","레몬차_레몬블루밍티 핫(HOT) (R)","투썸플레이스","카페","음료","외식(프랜차이즈 등 업체 제공 영양정보) | 음료 및 차류 | 레몬차",""
"kfind-d220-724000000-0009","레몬차_레몬블루밍티 핫(HOT) (L)","투썸플레이스","카페","음료","외식(프랜차이즈 등 업체 제공 영양정보) | 음료 및 차류 | 레몬차",""
"kfind-d220-724000000-0008","레몬차_레몬블루밍티 아이스(ICED) (R)","투썸플레이스","카페","음료","외식(프랜차이즈 등 업체 제공 영양정보) | 음료 및 차류 | 레몬차",""
"kfind-d220-724000000-0007","레몬차_레몬블루밍티 아이스(ICED) (Max)","투썸플레이스","카페","음료","외식(프랜차이즈 등 업체 제공 영양정보) | 음료 및 차류 | 레몬차",""
"kfind-d220-724000000-0006","레몬차_레몬블루밍티 아이스(ICED) (L)","투썸플레이스","카페","음료","외식(프랜차이즈 등 업체 제공 영양정보) | 음료 및 차류 | 레몬차",""
"kfind-d220-724000000-0001","레몬차_레몬 스윗플럼 핫(HOT)","이디야","카페","음료","외식(프랜차이즈 등 업체 제공 영양정보) | 음료 및 차류 | 레몬차",""
"kfind-d220-723000000-1021","라떼_흑임자 크림라떼 핫(HOT) (R)","이디야","카페","카페","외식(프랜차이즈 등 업체 제공 영양정보) | 음료 및 차류 | 라떼",""
"kfind-d220-723000000-1020","라떼_흑임자 크림라떼 핫(HOT) (EX)","이디야","카페","카페","외식(프랜차이즈 등 업체 제공 영양정보) | 음료 및 차류 | 라떼",""
"kfind-d220-723000000-1019","라떼_흑임자 크림라떼 아이스(ICED) (R)","이디야","카페","카페","외식(프랜차이즈 등 업체 제공 영양정보) | 음료 및 차류 | 라떼",""
"kfind-d220-723000000-1018","라떼_흑임자 크림라떼 아이스(ICED) (EX)","이디야","카페","카페","외식(프랜차이즈 등 업체 제공 영양정보) | 음료 및 차류 | 라떼",""
"kfind-d220-723000000-0348","라떼_흑당 라떼 핫(HOT)","이디야","카페","카페","외식(프랜차이즈 등 업체 제공 영양정보) | 음료 및 차류 | 라떼",""
"kfind-d220-723000000-1000","라떼_흑당 라떼 아이스(ICED) (R)","이디야","카페","카페","외식(프랜차이즈 등 업체 제공 영양정보) | 음료 및 차류 | 라떼",""
"kfind-d220-723000000-0999","라떼_흑당 라떼 아이스(ICED) (EX)","이디야","카페","카페","외식(프랜차이즈 등 업체 제공 영양정보) | 음료 및 차류 | 라떼",""
"kfind-d220-723000000-0347","라떼_흑당 라떼 아이스(ICED)","이디야","카페","카페","외식(프랜차이즈 등 업체 제공 영양정보) | 음료 및 차류 | 라떼",""
"kfind-d220-723000000-0335","라떼_화이트 초콜릿 핫(HOT) (EX)","이디야","카페","디저트","외식(프랜차이즈 등 업체 제공 영양정보) | 음료 및 차류 | 라떼",""
"kfind-d220-723000000-0336","라떼_화이트 초콜릿 핫(HOT)","이디야","카페","디저트","외식(프랜차이즈 등 업체 제공 영양정보) | 음료 및 차류 | 라떼",""
"kfind-d220-723000000-0333","라떼_화이트 초콜릿 아이스(ICED) (EX)","이디야","카페","디저트","외식(프랜차이즈 등 업체 제공 영양정보) | 음료 및 차류 | 라떼",""
"kfind-d220-723000000-0334","라떼_화이트 초콜릿 아이스(ICED)","이디야","카페","디저트","외식(프랜차이즈 등 업체 제공 영양정보) | 음료 및 차류 | 라떼",""
"kfind-d220-723000000-0996","라떼_화이트 초코 핫(HOT)","할리스","카페","카페","외식(프랜차이즈 등 업체 제공 영양정보) | 음료 및 차류 | 라떼",""
"kfind-d220-723000000-0995","라떼_화이트 초코 아이스(ICED)","할리스","카페","카페","외식(프랜차이즈 등 업체 제공 영양정보) | 음료 및 차류 | 라떼",""
"kfind-d220-723000000-0968","라떼_토피넛 라떼 핫(HOT) (EX)","이디야","카페","카페","외식(프랜차이즈 등 업체 제공 영양정보) | 음료 및 차류 | 라떼",""
"kfind-d220-723000000-0965","라떼_토피넛 라떼 핫(HOT)","빽다방","카페","카페","외식(프랜차이즈 등 업체 제공 영양정보) | 음료 및 차류 | 라떼",""
"kfind-d220-723000000-0966","라떼_토피넛 라떼 핫(HOT)","이디야","카페","카페","외식(프랜차이즈 등 업체 제공 영양정보) | 음료 및 차류 | 라떼",""
"kfind-d220-723000000-0961","라떼_토피넛 라떼 아이스(ICED) (EX)","이디야","카페","카페","외식(프랜차이즈 등 업체 제공 영양정보) | 음료 및 차류 | 라떼",""
"kfind-d220-723000000-0960","라떼_토피넛 라떼 아이스(ICED)","이디야","카페","카페","외식(프랜차이즈 등 업체 제공 영양정보) | 음료 및 차류 | 라떼",""
"kfind-d220-723000000-0958","라떼_토피넛 라떼 아이스(ICED)","빽다방","카페","카페","외식(프랜차이즈 등 업체 제공 영양정보) | 음료 및 차류 | 라떼",""
"kfind-d220-723000000-0294","라떼_토피 넛 라떼 핫(HOT) (EX)","이디야","카페","카페","외식(프랜차이즈 등 업체 제공 영양정보) | 음료 및 차류 | 라떼",""
"kfind-d220-723000000-0295","라떼_토피 넛 라떼 핫(HOT)","이디야","카페","카페","외식(프랜차이즈 등 업체 제공 영양정보) | 음료 및 차류 | 라떼",""
"kfind-d220-723000000-0292","라떼_토피 넛 라떼 아이스(ICED) (EX)","이디야","카페","카페","외식(프랜차이즈 등 업체 제공 영양정보) | 음료 및 차류 | 라떼",""
"kfind-d220-723000000-0293","라떼_토피 넛 라떼 아이스(ICED)","이디야","카페","카페","외식(프랜차이즈 등 업체 제공 영양정보) | 음료 및 차류 | 라떼",""
"kfind-d220-723000000-0587","라떼_쿠키초코라떼 핫(HOT)","컴포즈커피","카페","디저트","외식(프랜차이즈 등 업체 제공 영양정보) | 음료 및 차류 | 라떼",""
"kfind-d220-723000000-0586","라떼_쿠키초코라떼 아이스(ICED)","컴포즈커피","카페","디저트","외식(프랜차이즈 등 업체 제공 영양정보) | 음료 및 차류 | 라떼",""
"kfind-d220-723000000-0948","라떼_초콜릿 핫(HOT) (EX)","이디야","카페","디저트","외식(프랜차이즈 등 업체 제공 영양정보) | 음료 및 차류 | 라떼",""
"kfind-d220-723000000-0947","라떼_초콜릿 핫(HOT)","이디야","카페","디저트","외식(프랜차이즈 등 업체 제공 영양정보) | 음료 및 차류 | 라떼",""
"kfind-d220-723000000-0946","라떼_초콜릿 아이스(ICED) (EX)","이디야","카페","디저트","외식(프랜차이즈 등 업체 제공 영양정보) | 음료 및 차류 | 라떼",""
"kfind-d220-723000000-0945","라떼_초콜릿 아이스(ICED)","이디야","카페","디저트","외식(프랜차이즈 등 업체 제공 영양정보) | 음료 및 차류 | 라떼",""
"kfind-d220-723000000-0932","라떼_초코 핫(HOT)","할리스","카페","카페","외식(프랜차이즈 등 업체 제공 영양정보) | 음료 및 차류 | 라떼",""
"kfind-d220-723000000-0931","라떼_초코 아이스(ICED)","할리스","카페","카페","외식(프랜차이즈 등 업체 제공 영양정보) | 음료 및 차류 | 라떼",""
"kfind-d220-723000000-0903","라떼_초코 라떼 핫(HOT)","빽다방","카페","카페","외식(프랜차이즈 등 업체 제공 영양정보) | 음료 및 차류 | 라떼",""
"kfind-d220-723000000-0899","라떼_초코 라떼 아이스(ICED) 빽사이즈","빽다방","카페","카페","외식(프랜차이즈 등 업체 제공 영양정보) | 음료 및 차류 | 라떼",""
"kfind-d220-723000000-0890","라떼_초코 라떼 아이스(ICED)","빽다방","카페","카페","외식(프랜차이즈 등 업체 제공 영양정보) | 음료 및 차류 | 라떼",""
"kfind-d220-723000000-0252","라떼_차이티 라떼 핫(HOT) (Tall)","스타벅스","카페","카페","외식(프랜차이즈 등 업체 제공 영양정보) | 음료 및 차류 | 라떼",""
"kfind-d220-723000000-0251","라떼_차이티 라떼 아이스(ICED) (Tall)","스타벅스","카페","카페","외식(프랜차이즈 등 업체 제공 영양정보) | 음료 및 차류 | 라떼",""
"kfind-d220-723000000-0236","라떼_제주 유기농 말차로 만든 라떼 핫(HOT) (Tall)","스타벅스","카페","카페","외식(프랜차이즈 등 업체 제공 영양정보) | 음료 및 차류 | 라떼",""
"kfind-d220-723000000-0235","라떼_제주 유기농 말차로 만든 라떼 아이스(ICED) (Tall)","스타벅스","카페","카페","외식(프랜차이즈 등 업체 제공 영양정보) | 음료 및 차류 | 라떼",""
"kfind-d220-723000000-0234","라떼_제주 쑥쑥 라떼 핫(HOT) (Grande)","스타벅스","카페","카페","외식(프랜차이즈 등 업체 제공 영양정보) | 음료 및 차류 | 라떼",""
"kfind-d220-723010000-0047","라떼_제주 말차 라떼 핫(HOT)","할리스","카페","카페","외식(프랜차이즈 등 업체 제공 영양정보) | 음료 및 차류 | 라떼 | 그린티",""
"kfind-d220-723010000-0044","라떼_제주 말차 라떼 아이스(ICED)","할리스","카페","카페","외식(프랜차이즈 등 업체 제공 영양정보) | 음료 및 차류 | 라떼 | 그린티",""
"kfind-d220-723000000-0233","라떼_제주 까망 라떼 핫(HOT) (Grande)","스타벅스","카페","카페","외식(프랜차이즈 등 업체 제공 영양정보) | 음료 및 차류 | 라떼",""
"kfind-d220-723000000-0232","라떼_제주 까망 라떼 아이스(ICED) (Grande)","스타벅스","카페","카페","외식(프랜차이즈 등 업체 제공 영양정보) | 음료 및 차류 | 라떼",""
"kfind-d220-723000000-0224","라떼_이곡 라떼 핫(HOT)","이디야","카페","카페","외식(프랜차이즈 등 업체 제공 영양정보) | 음료 및 차류 | 라떼",""
"kfind-d220-723000000-0223","라떼_이곡 라떼 아이스(ICED)","이디야","카페","카페","외식(프랜차이즈 등 업체 제공 영양정보) | 음료 및 차류 | 라떼",""
"kfind-d220-723000000-0858","라떼_우리쌀 라떼 핫(HOT)","빽다방","카페","카페","외식(프랜차이즈 등 업체 제공 영양정보) | 음료 및 차류 | 라떼",""
"kfind-d220-723000000-0857","라떼_우리쌀 라떼 아이스(ICED)","빽다방","카페","카페","외식(프랜차이즈 등 업체 제공 영양정보) | 음료 및 차류 | 라떼",""
"kfind-d220-723000000-0856","라떼_우리 고구마 밀크폼 라떼 핫(HOT)","할리스","카페","카페","외식(프랜차이즈 등 업체 제공 영양정보) | 음료 및 차류 | 라떼",""
"kfind-d220-723000000-0855","라떼_우리 고구마 밀크폼 라떼 아이스(ICED)","할리스","카페","카페","외식(프랜차이즈 등 업체 제공 영양정보) | 음료 및 차류 | 라떼",""
"kfind-d220-723000000-0222","라떼_우리 고구마 라떼 핫(HOT)","할리스","카페","카페","외식(프랜차이즈 등 업체 제공 영양정보) | 음료 및 차류 | 라떼",""
"kfind-d220-723000000-0221","라떼_우리 고구마 라떼 아이스(ICED)","할리스","카페","카페","외식(프랜차이즈 등 업체 제공 영양정보) | 음료 및 차류 | 라떼",""
"kfind-d220-723000000-0199","라떼_아이스버블 밀크티 라떼 아이스(ICED) (R)","투썸플레이스","카페","카페","외식(프랜차이즈 등 업체 제공 영양정보) | 음료 및 차류 | 라떼",""
"kfind-d220-723000000-0198","라떼_아이스버블 밀크티 라떼 아이스(ICED) (L)","투썸플레이스","카페","카페","외식(프랜차이즈 등 업체 제공 영양정보) | 음료 및 차류 | 라떼",""
"kfind-d220-723000000-0197","라떼_쑥 라떼 핫(HOT) (R)","투썸플레이스","카페","카페","외식(프랜차이즈 등 업체 제공 영양정보) | 음료 및 차류 | 라떼",""
"kfind-d220-723000000-0196","라떼_쑥 라떼 핫(HOT) (L)","투썸플레이스","카페","카페","외식(프랜차이즈 등 업체 제공 영양정보) | 음료 및 차류 | 라떼",""
"kfind-d220-723000000-0195","라떼_쑥 라떼 아이스(ICED) (R)","투썸플레이스","카페","카페","외식(프랜차이즈 등 업체 제공 영양정보) | 음료 및 차류 | 라떼",""
"kfind-d220-723000000-0194","라떼_쑥 라떼 아이스(ICED) (Max)","투썸플레이스","카페","카페","외식(프랜차이즈 등 업체 제공 영양정보) | 음료 및 차류 | 라떼",""
"kfind-d220-723000000-0193","라떼_쑥 라떼 아이스(ICED) (L)","투썸플레이스","카페","카페","외식(프랜차이즈 등 업체 제공 영양정보) | 음료 및 차류 | 라떼",""
"kfind-d220-723000000-0829","라떼_쌍화 라떼 핫(HOT)","빽다방","카페","카페","외식(프랜차이즈 등 업체 제공 영양정보) | 음료 및 차류 | 라떼",""
"kfind-d220-723000000-0828","라떼_쌍화 라떼 아이스(ICED)","빽다방","카페","카페","외식(프랜차이즈 등 업체 제공 영양정보) | 음료 및 차류 | 라떼",""
"kfind-d220-723000000-0827","라떼_시그리처 라떼 아이스(ICED) (L)","이디야","카페","카페","외식(프랜차이즈 등 업체 제공 영양정보) | 음료 및 차류 | 라떼",""
"kfind-d220-723000000-0812","라떼_설향 생딸기 라떼","할리스","카페","카페","외식(프랜차이즈 등 업체 제공 영양정보) | 음료 및 차류 | 라떼",""
"kfind-d220-723000000-0177","라떼_생딸기 라떼","이디야","카페","카페","외식(프랜차이즈 등 업체 제공 영양정보) | 음료 및 차류 | 라떼",""
"kfind-d220-723000000-0585","라떼_블루베리라떼 아이스(ICED)","컴포즈커피","카페","카페","외식(프랜차이즈 등 업체 제공 영양정보) | 음료 및 차류 | 라떼",""
"kfind-d220-723000000-0807","라떼_블랙펄 라떼 아이스(ICED)","빽다방","카페","카페","외식(프랜차이즈 등 업체 제공 영양정보) | 음료 및 차류 | 라떼",""
"kfind-d220-723000000-0169","라떼_버블흑당 라떼","이디야","카페","카페","외식(프랜차이즈 등 업체 제공 영양정보) | 음료 및 차류 | 라떼",""
"kfind-d220-723000000-0798","라떼_버블 흑당 라떼 아이스(ICED) (R)","이디야","카페","카페","외식(프랜차이즈 등 업체 제공 영양정보) | 음료 및 차류 | 라떼",""
"kfind-d220-723000000-0797","라떼_버블 흑당 라떼 아이스(ICED) (EX)","이디야","카페","카페","외식(프랜차이즈 등 업체 제공 영양정보) | 음료 및 차류 | 라떼",""
"kfind-d220-723050000-0002","라떼_바닐라라떼 핫(HOT)","컴포즈커피","카페","카페","외식(프랜차이즈 등 업체 제공 영양정보) | 음료 및 차류 | 라떼 | 바닐라",""
"kfind-d220-723050000-0001","라떼_바닐라라떼 아이스(ICED)","컴포즈커피","카페","카페","외식(프랜차이즈 등 업체 제공 영양정보) | 음료 및 차류 | 라떼 | 바닐라",""
"kfind-d220-723000000-0784","라떼_바나나 라떼 핫(HOT)","빽다방","카페","카페","외식(프랜차이즈 등 업체 제공 영양정보) | 음료 및 차류 | 라떼",""
"kfind-d220-723000000-0782","라떼_바나나 라떼 아이스(ICED)","빽다방","카페","카페","외식(프랜차이즈 등 업체 제공 영양정보) | 음료 및 차류 | 라떼",""
"kfind-d220-723000000-0155","라떼_밀크티 라떼 핫(HOT)","할리스","카페","카페","외식(프랜차이즈 등 업체 제공 영양정보) | 음료 및 차류 | 라떼",""
"kfind-d220-723000000-0153","라떼_밀크티 라떼 아이스(ICED)","할리스","카페","카페","외식(프랜차이즈 등 업체 제공 영양정보) | 음료 및 차류 | 라떼",""
"kfind-d220-723000000-0146","라떼_민트초콜릿 핫(HOT)","이디야","카페","디저트","외식(프랜차이즈 등 업체 제공 영양정보) | 음료 및 차류 | 라떼",""
"kfind-d220-723000000-0145","라떼_민트초콜릿 아이스(ICED)","이디야","카페","디저트","외식(프랜차이즈 등 업체 제공 영양정보) | 음료 및 차류 | 라떼",""
"kfind-d220-723000000-0584","라떼_민트초코오레오라떼 아이스(ICED)","컴포즈커피","카페","카페","외식(프랜차이즈 등 업체 제공 영양정보) | 음료 및 차류 | 라떼",""
"kfind-d220-723000000-0138","라떼_민트초코 핫(HOT)","할리스","카페","카페","외식(프랜차이즈 등 업체 제공 영양정보) | 음료 및 차류 | 라떼",""
"kfind-d220-723000000-0137","라떼_민트초코 아이스(ICED)","할리스","카페","카페","외식(프랜차이즈 등 업체 제공 영양정보) | 음료 및 차류 | 라떼",""
"kfind-d220-723000000-0142","라떼_민트초코 라떼 핫(HOT)","빽다방","카페","카페","외식(프랜차이즈 등 업체 제공 영양정보) | 음료 및 차류 | 라떼",""
"kfind-d220-723000000-0765","라떼_민트초코 라떼 핫(HOT)","할리스","카페","카페","외식(프랜차이즈 등 업체 제공 영양정보) | 음료 및 차류 | 라떼",""
"kfind-d220-723000000-0757","라떼_민트초코 라떼 아이스(ICED)","할리스","카페","카페","외식(프랜차이즈 등 업체 제공 영양정보) | 음료 및 차류 | 라떼",""
"kfind-d220-723000000-0139","라떼_민트초코 라떼 아이스(ICED)","빽다방","카페","카페","외식(프랜차이즈 등 업체 제공 영양정보) | 음료 및 차류 | 라떼",""
"kfind-d220-723000000-0756","라떼_민트모히또 라떼 핫(HOT) (L)","이디야","카페","카페","외식(프랜차이즈 등 업체 제공 영양정보) | 음료 및 차류 | 라떼",""
"kfind-d220-723000000-0755","라떼_민트모히또 라떼 핫(HOT) (EX)","이디야","카페","카페","외식(프랜차이즈 등 업체 제공 영양정보) | 음료 및 차류 | 라떼",""
"kfind-d220-723000000-0754","라떼_민트모히또 라떼 아이스(ICED) (L)","이디야","카페","카페","외식(프랜차이즈 등 업체 제공 영양정보) | 음료 및 차류 | 라떼",""
"kfind-d220-723000000-0753","라떼_민트모히또 라떼 아이스(ICED) (EX)","이디야","카페","카페","외식(프랜차이즈 등 업체 제공 영양정보) | 음료 및 차류 | 라떼",""
"kfind-d220-723000000-0751","라떼_민트 초콜릿 핫(HOT)","이디야","카페","디저트","외식(프랜차이즈 등 업체 제공 영양정보) | 음료 및 차류 | 라떼",""
"kfind-d220-723000000-0750","라떼_민트 초콜릿 아이스(ICED)","이디야","카페","디저트","외식(프랜차이즈 등 업체 제공 영양정보) | 음료 및 차류 | 라떼",""
"kfind-d220-723000000-0747","라떼_민트 초코 라떼 핫(HOT)","빽다방","카페","카페","외식(프랜차이즈 등 업체 제공 영양정보) | 음료 및 차류 | 라떼",""
"kfind-d220-723000000-0746","라떼_민트 초코 라떼 아이스(ICED)","빽다방","카페","카페","외식(프랜차이즈 등 업체 제공 영양정보) | 음료 및 차류 | 라떼",""
"kfind-d220-723000000-0583","라떼_망고라떼 아이스(ICED)","컴포즈커피","카페","카페","외식(프랜차이즈 등 업체 제공 영양정보) | 음료 및 차류 | 라떼",""
"kfind-d220-723000000-0721","라떼_로얄 밀크티 라떼 핫(HOT)","할리스","카페","카페","외식(프랜차이즈 등 업체 제공 영양정보) | 음료 및 차류 | 라떼",""
"kfind-d220-723000000-0720","라떼_로얄 밀크티 라떼 아이스(ICED)","할리스","카페","카페","외식(프랜차이즈 등 업체 제공 영양정보) | 음료 및 차류 | 라떼",""
"kfind-d220-723000000-0582","라떼_딸기라떼 아이스(ICED)","컴포즈커피","카페","카페","외식(프랜차이즈 등 업체 제공 영양정보) | 음료 및 차류 | 라떼",""
"kfind-d220-723000000-0696","라떼_딸기 라떼 아이스(ICED)","빽다방","카페","카페","외식(프랜차이즈 등 업체 제공 영양정보) | 음료 및 차류 | 라떼",""
"kfind-d220-723000000-0688","라떼_딸기 듬뿍 라떼 (R)","이디야","카페","카페","외식(프랜차이즈 등 업체 제공 영양정보) | 음료 및 차류 | 라떼",""
"kfind-d220-723000000-0687","라떼_딸기 듬뿍 라떼 (EX)","이디야","카페","카페","외식(프랜차이즈 등 업체 제공 영양정보) | 음료 및 차류 | 라떼",""
"kfind-d220-723000000-0681","라떼_디카페인 민트 모히또 라떼 핫(HOT) (L)","이디야","카페","카페","외식(프랜차이즈 등 업체 제공 영양정보) | 음료 및 차류 | 라떼",""
"kfind-d220-723000000-0680","라떼_디카페인 민트 모히또 라떼 핫(HOT) (EX)","이디야","카페","카페","외식(프랜차이즈 등 업체 제공 영양정보) | 음료 및 차류 | 라떼",""
"kfind-d220-723000000-0679","라떼_디카페인 민트 모히또 라떼 아이스(ICED) (L)","이디야","카페","카페","외식(프랜차이즈 등 업체 제공 영양정보) | 음료 및 차류 | 라떼",""
"kfind-d220-723000000-0678","라떼_디카페인 민트 모히또 라떼 아이스(ICED) (EX)","이디야","카페","카페","외식(프랜차이즈 등 업체 제공 영양정보) | 음료 및 차류 | 라떼",""
"kfind-d220-723000000-0677","라떼_디카페인 민트 모카 핫(HOT)","이디야","카페","카페","외식(프랜차이즈 등 업체 제공 영양정보) | 음료 및 차류 | 라떼",""
"kfind-d220-723000000-0676","라떼_디카페인 민트 모카 아이스(ICED)","이디야","카페","카페","외식(프랜차이즈 등 업체 제공 영양정보) | 음료 및 차류 | 라떼",""
"kfind-d220-723000000-0581","라떼_더블초코라떼 핫(HOT)","컴포즈커피","카페","카페","외식(프랜차이즈 등 업체 제공 영양정보) | 음료 및 차류 | 라떼",""
"kfind-d220-723000000-0580","라떼_더블초코라떼 아이스(ICED)","컴포즈커피","카페","카페","외식(프랜차이즈 등 업체 제공 영양정보) | 음료 및 차류 | 라떼",""
"kfind-d220-723000000-0095","라떼_더블 토피넛 라떼 핫(HOT)","이디야","카페","카페","외식(프랜차이즈 등 업체 제공 영양정보) | 음료 및 차류 | 라떼",""
"kfind-d220-723000000-0094","라떼_더블 토피넛 라떼 아이스(ICED)","이디야","카페","카페","외식(프랜차이즈 등 업체 제공 영양정보) | 음료 및 차류 | 라떼",""
"kfind-d220-723000000-0667","라떼_대추 라떼 핫(HOT)","빽다방","카페","카페","외식(프랜차이즈 등 업체 제공 영양정보) | 음료 및 차류 | 라떼",""
"kfind-d220-723000000-0666","라떼_대추 라떼 아이스(ICED)","빽다방","카페","카페","외식(프랜차이즈 등 업체 제공 영양정보) | 음료 및 차류 | 라떼",""
"kfind-d220-723000000-0092","라떼_달고나 라떼 핫(HOT)","이디야","카페","카페","외식(프랜차이즈 등 업체 제공 영양정보) | 음료 및 차류 | 라떼",""
"kfind-d220-723000000-0662","라떼_달고나 라떼 아이스(ICED) (R)","이디야","카페","카페","외식(프랜차이즈 등 업체 제공 영양정보) | 음료 및 차류 | 라떼",""
"kfind-d220-723000000-0661","라떼_달고나 라떼 아이스(ICED) (EX)","이디야","카페","카페","외식(프랜차이즈 등 업체 제공 영양정보) | 음료 및 차류 | 라떼",""
"kfind-d220-723000000-0091","라떼_달고나 라떼 아이스(ICED)","이디야","카페","카페","외식(프랜차이즈 등 업체 제공 영양정보) | 음료 및 차류 | 라떼",""
"kfind-d220-723010000-0033","라떼_녹차 라떼 핫(HOT) (EX)","이디야","카페","카페","외식(프랜차이즈 등 업체 제공 영양정보) | 음료 및 차류 | 라떼 | 그린티",""
"kfind-d220-723010000-0031","라떼_녹차 라떼 핫(HOT)","빽다방","카페","카페","외식(프랜차이즈 등 업체 제공 영양정보) | 음료 및 차류 | 라떼 | 그린티",""
"kfind-d220-723010000-0029","라떼_녹차 라떼 핫(HOT)","이디야","카페","카페","외식(프랜차이즈 등 업체 제공 영양정보) | 음료 및 차류 | 라떼 | 그린티",""
"kfind-d220-723010000-0028","라떼_녹차 라떼 아이스(ICED) (EX)","이디야","카페","카페","외식(프랜차이즈 등 업체 제공 영양정보) | 음료 및 차류 | 라떼 | 그린티",""
"kfind-d220-723010000-0023","라떼_녹차 라떼 아이스(ICED)","빽다방","카페","카페","외식(프랜차이즈 등 업체 제공 영양정보) | 음료 및 차류 | 라떼 | 그린티",""
"kfind-d220-723010000-0026","라떼_녹차 라떼 아이스(ICED)","이디야","카페","카페","외식(프랜차이즈 등 업체 제공 영양정보) | 음료 및 차류 | 라떼 | 그린티",""
"kfind-d220-723000000-0648","라떼_넛츠 크림 라떼 아이스(ICED)","이디야","카페","카페","외식(프랜차이즈 등 업체 제공 영양정보) | 음료 및 차류 | 라떼",""
"kfind-d220-723000000-0647","라떼_꿀밤 라떼 핫(HOT)","빽다방","카페","카페","외식(프랜차이즈 등 업체 제공 영양정보) | 음료 및 차류 | 라떼",""
"kfind-d220-723000000-0646","라떼_꿀밤 라떼 아이스(ICED)","빽다방","카페","카페","외식(프랜차이즈 등 업체 제공 영양정보) | 음료 및 차류 | 라떼",""
"kfind-d220-723010000-0002","라떼_그린티라떼 핫(HOT)","컴포즈커피","카페","카페","외식(프랜차이즈 등 업체 제공 영양정보) | 음료 및 차류 | 라떼 | 그린티",""
"kfind-d220-723010000-0001","라떼_그린티라떼 아이스(ICED)","컴포즈커피","카페","카페","외식(프랜차이즈 등 업체 제공 영양정보) | 음료 및 차류 | 라떼 | 그린티",""
"kfind-d220-723000000-0059","라떼_그린티 라떼 핫(HOT) (R)","투썸플레이스","카페","카페","외식(프랜차이즈 등 업체 제공 영양정보) | 음료 및 차류 | 라떼",""
"kfind-d220-723000000-0058","라떼_그린티 라떼 핫(HOT) (L)","투썸플레이스","카페","카페","외식(프랜차이즈 등 업체 제공 영양정보) | 음료 및 차류 | 라떼",""
"kfind-d220-723000000-0061","라떼_그린티 라떼 핫(HOT)","할리스","카페","카페","외식(프랜차이즈 등 업체 제공 영양정보) | 음료 및 차류 | 라떼",""
"kfind-d220-723000000-0055","라떼_그린티 라떼 아이스(ICED) (R)","투썸플레이스","카페","카페","외식(프랜차이즈 등 업체 제공 영양정보) | 음료 및 차류 | 라떼",""
"kfind-d220-723000000-0053","라떼_그린티 라떼 아이스(ICED) (Max)","투썸플레이스","카페","카페","외식(프랜차이즈 등 업체 제공 영양정보) | 음료 및 차류 | 라떼",""
"kfind-d220-723000000-0052","라떼_그린티 라떼 아이스(ICED) (L)","투썸플레이스","카페","카페","외식(프랜차이즈 등 업체 제공 영양정보) | 음료 및 차류 | 라떼",""
"kfind-d220-723000000-0057","라떼_그린티 라떼 아이스(ICED)","할리스","카페","카페","외식(프랜차이즈 등 업체 제공 영양정보) | 음료 및 차류 | 라떼",""
"kfind-d220-723000000-0579","라떼_곡물라떼 핫(HOT)","컴포즈커피","카페","카페","외식(프랜차이즈 등 업체 제공 영양정보) | 음료 및 차류 | 라떼",""
"kfind-d220-723000000-0578","라떼_곡물라떼 아이스(ICED)","컴포즈커피","카페","카페","외식(프랜차이즈 등 업체 제공 영양정보) | 음료 및 차류 | 라떼",""
"kfind-d220-723000000-0577","라떼_고구마라떼 핫(HOT)","컴포즈커피","카페","카페","외식(프랜차이즈 등 업체 제공 영양정보) | 음료 및 차류 | 라떼",""
"kfind-d220-723000000-0576","라떼_고구마라떼 아이스(ICED)","컴포즈커피","카페","카페","외식(프랜차이즈 등 업체 제공 영양정보) | 음료 및 차류 | 라떼",""
"kfind-d220-723000000-0025","라떼_고구마 라떼 핫(HOT) (R)","투썸플레이스","카페","카페","외식(프랜차이즈 등 업체 제공 영양정보) | 음료 및 차류 | 라떼",""
"kfind-d220-723000000-0023","라떼_고구마 라떼 핫(HOT) (L)","투썸플레이스","카페","카페","외식(프랜차이즈 등 업체 제공 영양정보) | 음료 및 차류 | 라떼",""
"kfind-d220-723000000-0618","라떼_고구마 라떼 핫(HOT)","빽다방","카페","카페","외식(프랜차이즈 등 업체 제공 영양정보) | 음료 및 차류 | 라떼",""
"kfind-d220-723000000-0621","라떼_고구마 라떼 핫(HOT)","이디야","카페","카페","외식(프랜차이즈 등 업체 제공 영양정보) | 음료 및 차류 | 라떼",""
"kfind-d220-723000000-0016","라떼_고구마 라떼 아이스(ICED) (R)","투썸플레이스","카페","카페","외식(프랜차이즈 등 업체 제공 영양정보) | 음료 및 차류 | 라떼",""
"kfind-d220-723000000-0018","라떼_고구마 라떼 아이스(ICED) (L)","투썸플레이스","카페","카페","외식(프랜차이즈 등 업체 제공 영양정보) | 음료 및 차류 | 라떼",""
"kfind-d220-723000000-0606","라떼_고구마 라떼 아이스(ICED)","이디야","카페","카페","외식(프랜차이즈 등 업체 제공 영양정보) | 음료 및 차류 | 라떼",""
"kfind-d220-723000000-0608","라떼_고구마 라떼 아이스(ICED)","빽다방","카페","카페","외식(프랜차이즈 등 업체 제공 영양정보) | 음료 및 차류 | 라떼",""
"kfind-d220-723000000-0589","라떼_12곡 라떼 핫(HOT)","이디야","카페","카페","외식(프랜차이즈 등 업체 제공 영양정보) | 음료 및 차류 | 라떼",""
"kfind-d220-723000000-0588","라떼_12곡 라떼 아이스(ICED)","이디야","카페","카페","외식(프랜차이즈 등 업체 제공 영양정보) | 음료 및 차류 | 라떼",""
"kfind-d202-083000000-0013","또띠아_핫치킨 브리또","공차","음료","치킨","외식(프랜차이즈 등 업체 제공 영양정보) | 빵 및 과자류 | 또띠아",""
"kfind-d202-083000000-0029","또띠아_핫치킨 브리또","이디야","카페","치킨","외식(프랜차이즈 등 업체 제공 영양정보) | 빵 및 과자류 | 또띠아",""
"kfind-d202-083000000-0019","또띠아_트위스터","KFC","햄버거","베이커리","외식(프랜차이즈 등 업체 제공 영양정보) | 빵 및 과자류 | 또띠아",""
"kfind-d202-083000000-0023","또띠아_크리스퍼랩","버거킹","햄버거","베이커리","외식(프랜차이즈 등 업체 제공 영양정보) | 빵 및 과자류 | 또띠아",""
"kfind-d202-083000000-0012","또띠아_치킨 치즈 브리또","공차","음료","치킨","외식(프랜차이즈 등 업체 제공 영양정보) | 빵 및 과자류 | 또띠아",""
"kfind-d202-083000000-0027","또띠아_소고기 브리또","이디야","카페","베이커리","외식(프랜차이즈 등 업체 제공 영양정보) | 빵 및 과자류 | 또띠아",""
"kfind-d202-083000000-0010","또띠아_불닭 베이크","공차","음료","베이커리","외식(프랜차이즈 등 업체 제공 영양정보) | 빵 및 과자류 | 또띠아",""
"kfind-d202-083000000-0009","또띠아_불고기 베이크","공차","음료","베이커리","외식(프랜차이즈 등 업체 제공 영양정보) | 빵 및 과자류 | 또띠아",""
"kfind-d202-083000000-0007","또띠아_바삭 불고기&트리플 치즈 치킨 퀘사디아","할리스","카페","치킨","외식(프랜차이즈 등 업체 제공 영양정보) | 빵 및 과자류 | 또띠아",""
"kfind-d202-083000000-0025","또띠아_바삭 불고기 & 트리플 치즈 치킨 퀘사디아","할리스","카페","치킨","외식(프랜차이즈 등 업체 제공 영양정보) | 빵 및 과자류 | 또띠아",""
"kfind-d210-467330000-0004","떡볶이_치즈마떡","피자마루","피자","분식","외식(프랜차이즈 등 업체 제공 영양정보) | 볶음류 | 떡볶이 | 치즈",""
"kfind-d210-467000000-0011","떡볶이_마떡","피자마루","피자","분식","외식(프랜차이즈 등 업체 제공 영양정보) | 볶음류 | 떡볶이",""
"kfind-d210-467000000-0006","떡볶이_마늘 떡볶이","호식이두마리치킨","치킨","분식","외식(프랜차이즈 등 업체 제공 영양정보) | 볶음류 | 떡볶이",""
"kfind-d210-467000000-0005","떡볶이_로제비엔나 떡볶이","호식이두마리치킨","치킨","분식","외식(프랜차이즈 등 업체 제공 영양정보) | 볶음류 | 떡볶이",""
"kfind-d210-467000000-0009","떡볶이_로제떡볶이","피자마루","피자","분식","외식(프랜차이즈 등 업체 제공 영양정보) | 볶음류 | 떡볶이",""
"kfind-d210-467000000-0001","떡볶이_국물맵떡","교촌치킨","치킨","분식","외식(프랜차이즈 등 업체 제공 영양정보) | 볶음류 | 떡볶이",""
"kfind-d212-552000000-0002","떡강정_매콤치즈 소떡소떡","굽네치킨","치킨","","외식(프랜차이즈 등 업체 제공 영양정보) | 튀김류 | 떡강정","UNKNOWN_INDIVIDUAL_MENU_CATEGORY"
"kfind-d208-373000000-0001","돼지갈비구이_폭립","굽네치킨","치킨","","외식(프랜차이즈 등 업체 제공 영양정보) | 구이류 | 돼지갈비구이","UNKNOWN_INDIVIDUAL_MENU_CATEGORY"
"kfind-d202-082000000-0270","도넛_흑임자 카스텔라 도넛","던킨","베이커리","디저트","외식(프랜차이즈 등 업체 제공 영양정보) | 빵 및 과자류 | 도넛",""
"kfind-d202-082000000-0107","도넛_화이트초코츄잉스타 도넛","파리바게뜨","베이커리","디저트","외식(프랜차이즈 등 업체 제공 영양정보) | 빵 및 과자류 | 도넛",""
"kfind-d202-082000000-0106","도넛_화이트초코링 도넛","파리바게뜨","베이커리","디저트","외식(프랜차이즈 등 업체 제공 영양정보) | 빵 및 과자류 | 도넛",""
"kfind-d202-082000000-0268","도넛_헤이즐넛 로쉐","던킨","베이커리","디저트","외식(프랜차이즈 등 업체 제공 영양정보) | 빵 및 과자류 | 도넛",""
"kfind-d202-082290000-0018","도넛_허니찹쌀스틱","던킨","베이커리","디저트","외식(프랜차이즈 등 업체 제공 영양정보) | 빵 및 과자류 | 도넛 | 찹쌀",""
"kfind-d202-082000000-0267","도넛_허니 후리터","던킨","베이커리","디저트","외식(프랜차이즈 등 업체 제공 영양정보) | 빵 및 과자류 | 도넛",""
"kfind-d202-082290000-0017","도넛_허니 찹쌀스틱","던킨","베이커리","디저트","외식(프랜차이즈 등 업체 제공 영양정보) | 빵 및 과자류 | 도넛 | 찹쌀",""
"kfind-d202-082000000-0266","도넛_허니 올드훼션드","던킨","베이커리","디저트","외식(프랜차이즈 등 업체 제공 영양정보) | 빵 및 과자류 | 도넛",""
"kfind-d202-082000000-0265","도넛_하이 카카오 도넛","던킨","베이커리","디저트","외식(프랜차이즈 등 업체 제공 영양정보) | 빵 및 과자류 | 도넛",""
"kfind-d202-082000000-0264","도넛_핑크 블라썸 듀얼하트","던킨","베이커리","디저트","외식(프랜차이즈 등 업체 제공 영양정보) | 빵 및 과자류 | 도넛",""
"kfind-d202-082000000-0101","도넛_팥이팅 소보루 도넛","파리바게뜨","베이커리","디저트","외식(프랜차이즈 등 업체 제공 영양정보) | 빵 및 과자류 | 도넛",""
"kfind-d202-082000000-0262","도넛_팥빙수맛 크림도넛","던킨","베이커리","디저트","외식(프랜차이즈 등 업체 제공 영양정보) | 빵 및 과자류 | 도넛",""
"kfind-d202-082000000-0260","도넛_킷캣 초코 스트로베리","던킨","베이커리","디저트","외식(프랜차이즈 등 업체 제공 영양정보) | 빵 및 과자류 | 도넛",""
"kfind-d202-082000000-0259","도넛_크림치즈꽈배기","피자스쿨","피자","디저트","외식(프랜차이즈 등 업체 제공 영양정보) | 빵 및 과자류 | 도넛",""
"kfind-d202-082000000-0096","도넛_크림치즈 찹쌀도넛 (2개입)","파리바게뜨","베이커리","디저트","외식(프랜차이즈 등 업체 제공 영양정보) | 빵 및 과자류 | 도넛",""
"kfind-d202-082000000-0097","도넛_크림치즈 찹쌀도넛","파리바게뜨","베이커리","디저트","외식(프랜차이즈 등 업체 제공 영양정보) | 빵 및 과자류 | 도넛",""
"kfind-d202-082000000-0257","도넛_쿠키앤 크림 도넛","던킨","베이커리","디저트","외식(프랜차이즈 등 업체 제공 영양정보) | 빵 및 과자류 | 도넛",""
"kfind-d202-082000000-0256","도넛_쿠키밤 원더볼","던킨","베이커리","디저트","외식(프랜차이즈 등 업체 제공 영양정보) | 빵 및 과자류 | 도넛",""
"kfind-d202-082000000-0094","도넛_쿠키&화이트초코링도넛","파리바게뜨","베이커리","디저트","외식(프랜차이즈 등 업체 제공 영양정보) | 빵 및 과자류 | 도넛",""
"kfind-d202-082000000-0093","도넛_쿠키&다크초코링도넛","파리바게뜨","베이커리","디저트","외식(프랜차이즈 등 업체 제공 영양정보) | 빵 및 과자류 | 도넛",""
"kfind-d202-082000000-0255","도넛_쿠키 앤 화이트 크림","던킨","베이커리","디저트","외식(프랜차이즈 등 업체 제공 영양정보) | 빵 및 과자류 | 도넛",""
"kfind-d202-082000000-0254","도넛_콘크림 브륄레","던킨","베이커리","디저트","외식(프랜차이즈 등 업체 제공 영양정보) | 빵 및 과자류 | 도넛",""
"kfind-d202-082000000-0253","도넛_콘버터 브륄레 with 에쉬레 버터","던킨","베이커리","디저트","외식(프랜차이즈 등 업체 제공 영양정보) | 빵 및 과자류 | 도넛",""
"kfind-d202-082000000-0252","도넛_콘버터 바이츠 with 에쉬레 버터","던킨","베이커리","디저트","외식(프랜차이즈 등 업체 제공 영양정보) | 빵 및 과자류 | 도넛",""
"kfind-d202-082000000-0251","도넛_콘버터 꽈배기 with 에쉬레 버터","던킨","베이커리","디저트","외식(프랜차이즈 등 업체 제공 영양정보) | 빵 및 과자류 | 도넛",""
"kfind-d202-082000000-0250","도넛_케익꽈배기도넛","파리바게뜨","베이커리","디저트","외식(프랜차이즈 등 업체 제공 영양정보) | 빵 및 과자류 | 도넛",""
"kfind-d202-082000000-0091","도넛_케익꽈배기 도넛","파리바게뜨","베이커리","디저트","외식(프랜차이즈 등 업체 제공 영양정보) | 빵 및 과자류 | 도넛",""
"kfind-d202-082000000-0249","도넛_카푸치노 츄이스티","던킨","베이커리","디저트","외식(프랜차이즈 등 업체 제공 영양정보) | 빵 및 과자류 | 도넛",""
"kfind-d202-082000000-0248","도넛_카카오하니딥 먼치킨","던킨","베이커리","디저트","외식(프랜차이즈 등 업체 제공 영양정보) | 빵 및 과자류 | 도넛",""
"kfind-d202-082000000-0247","도넛_카카오 후로스티드","던킨","베이커리","디저트","외식(프랜차이즈 등 업체 제공 영양정보) | 빵 및 과자류 | 도넛",""
"kfind-d202-082000000-0246","도넛_카카오 하니딥","던킨","베이커리","디저트","외식(프랜차이즈 등 업체 제공 영양정보) | 빵 및 과자류 | 도넛",""
"kfind-d202-082000000-0245","도넛_카카오 파운드 케이크","던킨","베이커리","디저트","외식(프랜차이즈 등 업체 제공 영양정보) | 빵 및 과자류 | 도넛",""
"kfind-d202-082000000-0244","도넛_카스텔라 도넛","던킨","베이커리","디저트","외식(프랜차이즈 등 업체 제공 영양정보) | 빵 및 과자류 | 도넛",""
"kfind-d202-082000000-0243","도넛_카스테라생크림도넛(1개입)","파리바게뜨","베이커리","디저트","외식(프랜차이즈 등 업체 제공 영양정보) | 빵 및 과자류 | 도넛",""
"kfind-d202-082000000-0149","도넛_추억의생도나스 (3개입)","파리바게뜨","베이커리","디저트","외식(프랜차이즈 등 업체 제공 영양정보) | 빵 및 과자류 | 도넛",""
"kfind-d202-082000000-0148","도넛_추억의생도나스 (2개입)","파리바게뜨","베이커리","디저트","외식(프랜차이즈 등 업체 제공 영양정보) | 빵 및 과자류 | 도넛",""
"kfind-d202-082000000-0241","도넛_추억의생도나스","파리바게뜨","베이커리","디저트","외식(프랜차이즈 등 업체 제공 영양정보) | 빵 및 과자류 | 도넛",""
"kfind-d202-082000000-0240","도넛_추억의 생도나스","파리바게뜨","베이커리","디저트","외식(프랜차이즈 등 업체 제공 영양정보) | 빵 및 과자류 | 도넛",""
"kfind-d202-082000000-0237","도넛_초코밤 원더볼","던킨","베이커리","디저트","외식(프랜차이즈 등 업체 제공 영양정보) | 빵 및 과자류 | 도넛",""
"kfind-d202-082000000-0235","도넛_초코 크러쉬 도넛","던킨","베이커리","디저트","외식(프랜차이즈 등 업체 제공 영양정보) | 빵 및 과자류 | 도넛",""
"kfind-d202-082000000-0234","도넛_초코 올드훼션드","던킨","베이커리","디저트","외식(프랜차이즈 등 업체 제공 영양정보) | 빵 및 과자류 | 도넛",""
"kfind-d202-082000000-0080","도넛_찹쌀페스츄리 도넛","파리바게뜨","베이커리","디저트","외식(프랜차이즈 등 업체 제공 영양정보) | 빵 및 과자류 | 도넛",""
"kfind-d202-082290000-0016","도넛_찹쌀도넛","파리바게뜨","베이커리","디저트","외식(프랜차이즈 등 업체 제공 영양정보) | 빵 및 과자류 | 도넛 | 찹쌀",""
"kfind-d202-082000000-0079","도넛_찹쌀 도넛","파리바게뜨","베이커리","디저트","외식(프랜차이즈 등 업체 제공 영양정보) | 빵 및 과자류 | 도넛",""
"kfind-d202-082000000-0074","도넛_쫄깃한찹쌀스틱 시나몬","파리바게뜨","베이커리","디저트","외식(프랜차이즈 등 업체 제공 영양정보) | 빵 및 과자류 | 도넛",""
"kfind-d202-082000000-0072","도넛_쫄깃한 왕꽈배기","파리바게뜨","베이커리","디저트","외식(프랜차이즈 등 업체 제공 영양정보) | 빵 및 과자류 | 도넛",""
"kfind-d202-082000000-0139","도넛_쫀드칸꽈배기 시나몬슈가","교촌치킨","치킨","디저트","외식(프랜차이즈 등 업체 제공 영양정보) | 빵 및 과자류 | 도넛",""
"kfind-d202-082000000-0232","도넛_조청 유과 도넛","던킨","베이커리","디저트","외식(프랜차이즈 등 업체 제공 영양정보) | 빵 및 과자류 | 도넛",""
"kfind-d202-082000000-0231","도넛_젠틀 머스태쉬 도넛","던킨","베이커리","디저트","외식(프랜차이즈 등 업체 제공 영양정보) | 빵 및 과자류 | 도넛",""
"kfind-d202-082290000-0012","도넛_우리찹쌀왕꽈배기","파리바게뜨","베이커리","디저트","외식(프랜차이즈 등 업체 제공 영양정보) | 빵 및 과자류 | 도넛 | 찹쌀",""
"kfind-d202-082000000-0136","도넛_우리찹쌀 왕꽈배기","파리바게뜨","베이커리","디저트","외식(프랜차이즈 등 업체 제공 영양정보) | 빵 및 과자류 | 도넛",""
"kfind-d202-082000000-0069","도넛_왕크림 도넛","파리바게뜨","베이커리","디저트","외식(프랜차이즈 등 업체 제공 영양정보) | 빵 및 과자류 | 도넛",""
"kfind-d202-082000000-0229","도넛_올리브 츄이스티","던킨","베이커리","디저트","외식(프랜차이즈 등 업체 제공 영양정보) | 빵 및 과자류 | 도넛",""
"kfind-d202-082000000-0228","도넛_오리지널 케이크 먼치킨","던킨","베이커리","디저트","외식(프랜차이즈 등 업체 제공 영양정보) | 빵 및 과자류 | 도넛",""
"kfind-d202-082000000-0224","도넛_옛날왕슈크림도넛","파리바게뜨","베이커리","디저트","외식(프랜차이즈 등 업체 제공 영양정보) | 빵 및 과자류 | 도넛",""
"kfind-d202-082000000-0221","도넛_애플시나몬 파이필드","던킨","베이커리","디저트","외식(프랜차이즈 등 업체 제공 영양정보) | 빵 및 과자류 | 도넛",""
"kfind-d202-082000000-0220","도넛_아임 파인","던킨","베이커리","디저트","외식(프랜차이즈 등 업체 제공 영양정보) | 빵 및 과자류 | 도넛",""
"kfind-d202-082000000-0219","도넛_아이스크림 레몬파운드 도넛","던킨","베이커리","아이스크림","외식(프랜차이즈 등 업체 제공 영양정보) | 빵 및 과자류 | 도넛",""
"kfind-d202-082000000-0058","도넛_아몬드초코링 도넛","파리바게뜨","베이커리","디저트","외식(프랜차이즈 등 업체 제공 영양정보) | 빵 및 과자류 | 도넛",""
"kfind-d202-082000000-0215","도넛_시나몬피칸 크럼블도넛","던킨","베이커리","디저트","외식(프랜차이즈 등 업체 제공 영양정보) | 빵 및 과자류 | 도넛",""
"kfind-d202-082000000-0057","도넛_시나몬슈가링 도넛","파리바게뜨","베이커리","디저트","외식(프랜차이즈 등 업체 제공 영양정보) | 빵 및 과자류 | 도넛",""
"kfind-d202-082000000-0214","도넛_시나몬 츄로넛","던킨","베이커리","디저트","외식(프랜차이즈 등 업체 제공 영양정보) | 빵 및 과자류 | 도넛",""
"kfind-d202-082000000-0212","도넛_스트로베리 먼치킨","던킨","베이커리","디저트","외식(프랜차이즈 등 업체 제공 영양정보) | 빵 및 과자류 | 도넛",""
"kfind-d202-082000000-0210","도넛_스리라차 에그베네딕트","던킨","베이커리","디저트","외식(프랜차이즈 등 업체 제공 영양정보) | 빵 및 과자류 | 도넛",""
"kfind-d202-082000000-0056","도넛_스노우링 도넛","파리바게뜨","베이커리","디저트","외식(프랜차이즈 등 업체 제공 영양정보) | 빵 및 과자류 | 도넛",""
"kfind-d202-082000000-0209","도넛_스노우 원더볼","던킨","베이커리","디저트","외식(프랜차이즈 등 업체 제공 영양정보) | 빵 및 과자류 | 도넛",""
"kfind-d202-082000000-0207","도넛_슈크림브륄레","던킨","베이커리","디저트","외식(프랜차이즈 등 업체 제공 영양정보) | 빵 및 과자류 | 도넛",""
"kfind-d202-082000000-0204","도넛_솔티연유 퍼프","던킨","베이커리","디저트","외식(프랜차이즈 등 업체 제공 영양정보) | 빵 및 과자류 | 도넛",""
"kfind-d202-082000000-0203","도넛_솔티드 쿠키도우 도넛","던킨","베이커리","디저트","외식(프랜차이즈 등 업체 제공 영양정보) | 빵 및 과자류 | 도넛",""
"kfind-d202-082000000-0202","도넛_소금 우유도넛","던킨","베이커리","디저트","외식(프랜차이즈 등 업체 제공 영양정보) | 빵 및 과자류 | 도넛",""
"kfind-d202-082000000-0201","도넛_서울우유 크림도넛","던킨","베이커리","디저트","외식(프랜차이즈 등 업체 제공 영양정보) | 빵 및 과자류 | 도넛",""
"kfind-d202-082000000-0130","도넛_생크림폭탄 도넛 (3개입)","파리바게뜨","베이커리","디저트","외식(프랜차이즈 등 업체 제공 영양정보) | 빵 및 과자류 | 도넛",""
"kfind-d202-082000000-0129","도넛_생크림폭탄 도넛","파리바게뜨","베이커리","디저트","외식(프랜차이즈 등 업체 제공 영양정보) | 빵 및 과자류 | 도넛",""
"kfind-d202-082000000-0050","도넛_생도넛","파리바게뜨","베이커리","디저트","외식(프랜차이즈 등 업체 제공 영양정보) | 빵 및 과자류 | 도넛",""
"kfind-d202-082000000-0200","도넛_보스톤 크림","던킨","베이커리","디저트","외식(프랜차이즈 등 업체 제공 영양정보) | 빵 및 과자류 | 도넛",""
"kfind-d202-082000000-0047","도넛_베이크드 헤이즐넛 쇼콜라넛","스타벅스","카페","디저트","외식(프랜차이즈 등 업체 제공 영양정보) | 빵 및 과자류 | 도넛",""
"kfind-d202-082000000-0046","도넛_베리베리크림 도넛","파리바게뜨","베이커리","디저트","외식(프랜차이즈 등 업체 제공 영양정보) | 빵 및 과자류 | 도넛",""
"kfind-d202-082000000-0199","도넛_베리머치 퍼프","던킨","베이커리","디저트","외식(프랜차이즈 등 업체 제공 영양정보) | 빵 및 과자류 | 도넛",""
"kfind-d202-082000000-0198","도넛_밤티라미수 퍼프","던킨","베이커리","디저트","외식(프랜차이즈 등 업체 제공 영양정보) | 빵 및 과자류 | 도넛",""
"kfind-d202-082000000-0197","도넛_바질 에그베네딕트","던킨","베이커리","디저트","외식(프랜차이즈 등 업체 제공 영양정보) | 빵 및 과자류 | 도넛",""
"kfind-d202-082000000-0196","도넛_바바리안 필드","던킨","베이커리","디저트","외식(프랜차이즈 등 업체 제공 영양정보) | 빵 및 과자류 | 도넛",""
"kfind-d202-082000000-0195","도넛_바바리안 먼치킨","던킨","베이커리","디저트","외식(프랜차이즈 등 업체 제공 영양정보) | 빵 및 과자류 | 도넛",""
"kfind-d202-082000000-0194","도넛_바닐라 슈크림도넛","던킨","베이커리","디저트","외식(프랜차이즈 등 업체 제공 영양정보) | 빵 및 과자류 | 도넛",""
"kfind-d202-082000000-0193","도넛_바나나크림도넛(1개입)","파리바게뜨","베이커리","디저트","외식(프랜차이즈 등 업체 제공 영양정보) | 빵 및 과자류 | 도넛",""
"kfind-d202-082290000-0011","도넛_미니찹쌀도넛(5개입)","파리바게뜨","베이커리","디저트","외식(프랜차이즈 등 업체 제공 영양정보) | 빵 및 과자류 | 도넛 | 찹쌀",""
"kfind-d202-082290000-0010","도넛_미니찹쌀도넛(4개입)","파리바게뜨","베이커리","디저트","외식(프랜차이즈 등 업체 제공 영양정보) | 빵 및 과자류 | 도넛 | 찹쌀",""
"kfind-d202-082290000-0009","도넛_미니찹쌀도넛(3개입)","파리바게뜨","베이커리","디저트","외식(프랜차이즈 등 업체 제공 영양정보) | 빵 및 과자류 | 도넛 | 찹쌀",""
"kfind-d202-082290000-0008","도넛_미니찹쌀도넛","파리바게뜨","베이커리","디저트","외식(프랜차이즈 등 업체 제공 영양정보) | 빵 및 과자류 | 도넛 | 찹쌀",""
"kfind-d202-082000000-0042","도넛_미니찹쌀 도넛 (5개입)","파리바게뜨","베이커리","디저트","외식(프랜차이즈 등 업체 제공 영양정보) | 빵 및 과자류 | 도넛",""
"kfind-d202-082000000-0041","도넛_미니찹쌀 도넛 (4개입)","파리바게뜨","베이커리","디저트","외식(프랜차이즈 등 업체 제공 영양정보) | 빵 및 과자류 | 도넛",""
"kfind-d202-082000000-0040","도넛_미니찹쌀 도넛 (3개입)","파리바게뜨","베이커리","디저트","외식(프랜차이즈 등 업체 제공 영양정보) | 빵 및 과자류 | 도넛",""
"kfind-d202-082000000-0044","도넛_미니찹쌀 도넛","파리바게뜨","베이커리","디저트","외식(프랜차이즈 등 업체 제공 영양정보) | 빵 및 과자류 | 도넛",""
"kfind-d202-082000000-0191","도넛_모카무스 초코퍼프","던킨","베이커리","디저트","외식(프랜차이즈 등 업체 제공 영양정보) | 빵 및 과자류 | 도넛",""
"kfind-d202-082000000-0190","도넛_맘모스 듀얼필드","던킨","베이커리","디저트","외식(프랜차이즈 등 업체 제공 영양정보) | 빵 및 과자류 | 도넛",""
"kfind-d202-082000000-0189","도넛_마쵸 머스태쉬 도넛","던킨","베이커리","디저트","외식(프랜차이즈 등 업체 제공 영양정보) | 빵 및 과자류 | 도넛",""
"kfind-d202-082120000-0002","도넛_로우슈가 초코링","던킨","베이커리","디저트","외식(프랜차이즈 등 업체 제공 영양정보) | 빵 및 과자류 | 도넛 | 링도넛",""
"kfind-d202-082000000-0186","도넛_레인보우 원더볼","던킨","베이커리","디저트","외식(프랜차이즈 등 업체 제공 영양정보) | 빵 및 과자류 | 도넛",""
"kfind-d202-082000000-0185","도넛_레몬 파운드 도넛","던킨","베이커리","디저트","외식(프랜차이즈 등 업체 제공 영양정보) | 빵 및 과자류 | 도넛",""
"kfind-d202-082000000-0184","도넛_레몬 크림브륄레 도넛","던킨","베이커리","디저트","외식(프랜차이즈 등 업체 제공 영양정보) | 빵 및 과자류 | 도넛",""
"kfind-d202-082000000-0183","도넛_레몬 크림도넛","던킨","베이커리","디저트","외식(프랜차이즈 등 업체 제공 영양정보) | 빵 및 과자류 | 도넛",""
"kfind-d202-082000000-0181","도넛_라즈베리 치즈케이크 퍼프","던킨","베이커리","디저트","외식(프랜차이즈 등 업체 제공 영양정보) | 빵 및 과자류 | 도넛",""
"kfind-d202-082000000-0180","도넛_라이브 글레이즈드","던킨","베이커리","디저트","외식(프랜차이즈 등 업체 제공 영양정보) | 빵 및 과자류 | 도넛",""
"kfind-d202-082120000-0001","도넛_딸기필링 듬뿍 생도넛","던킨","베이커리","디저트","외식(프랜차이즈 등 업체 제공 영양정보) | 빵 및 과자류 | 도넛 | 링도넛",""
"kfind-d202-082000000-0179","도넛_딸기 크림 가득 수줍은 스마일","던킨","베이커리","디저트","외식(프랜차이즈 등 업체 제공 영양정보) | 빵 및 과자류 | 도넛",""
"kfind-d202-082000000-0178","도넛_딸기 요거트 크림도넛","던킨","베이커리","디저트","외식(프랜차이즈 등 업체 제공 영양정보) | 빵 및 과자류 | 도넛",""
"kfind-d202-082000000-0177","도넛_두바이 스타일 초콜릿 도넛","던킨","베이커리","디저트","외식(프랜차이즈 등 업체 제공 영양정보) | 빵 및 과자류 | 도넛",""
"kfind-d202-082000000-0176","도넛_두바이 스타일 초코","던킨","베이커리","디저트","외식(프랜차이즈 등 업체 제공 영양정보) | 빵 및 과자류 | 도넛",""
"kfind-d202-082000000-0175","도넛_돌돌말린소시지도넛","파리바게뜨","베이커리","디저트","외식(프랜차이즈 등 업체 제공 영양정보) | 빵 및 과자류 | 도넛",""
"kfind-d202-082000000-0022","도넛_돌돌말린소시지 도넛","파리바게뜨","베이커리","디저트","외식(프랜차이즈 등 업체 제공 영양정보) | 빵 및 과자류 | 도넛",""
"kfind-d202-082000000-0174","도넛_던킨 카페모카롤","던킨","베이커리","디저트","외식(프랜차이즈 등 업체 제공 영양정보) | 빵 및 과자류 | 도넛",""
"kfind-d202-082000000-0018","도넛_달콤한꿀도넛 (5개입)","파리바게뜨","베이커리","디저트","외식(프랜차이즈 등 업체 제공 영양정보) | 빵 및 과자류 | 도넛",""
"kfind-d202-082000000-0017","도넛_달콤한꿀도넛 (4개입)","파리바게뜨","베이커리","디저트","외식(프랜차이즈 등 업체 제공 영양정보) | 빵 및 과자류 | 도넛",""
"kfind-d202-082000000-0016","도넛_달콤한꿀도넛 (3개입)","파리바게뜨","베이커리","디저트","외식(프랜차이즈 등 업체 제공 영양정보) | 빵 및 과자류 | 도넛",""
"kfind-d202-082290000-0001","도넛_달콤한 우리찹쌀 왕꽈배기","파리바게뜨","베이커리","디저트","외식(프랜차이즈 등 업체 제공 영양정보) | 빵 및 과자류 | 도넛 | 찹쌀",""
"kfind-d202-082000000-0019","도넛_달콤한 왕꽈배기","파리바게뜨","베이커리","디저트","외식(프랜차이즈 등 업체 제공 영양정보) | 빵 및 과자류 | 도넛",""
"kfind-d202-082000000-0015","도넛_달콤한 꿀도넛","파리바게뜨","베이커리","디저트","외식(프랜차이즈 등 업체 제공 영양정보) | 빵 및 과자류 | 도넛",""
"kfind-d202-082000000-0014","도넛_단팥품은 꽈배기","파리바게뜨","베이커리","디저트","외식(프랜차이즈 등 업체 제공 영양정보) | 빵 및 과자류 | 도넛",""
"kfind-d202-082000000-0112","도넛_단팥 도넛","파리바게뜨","베이커리","디저트","외식(프랜차이즈 등 업체 제공 영양정보) | 빵 및 과자류 | 도넛",""
"kfind-d202-082000000-0172","도넛_다크초코츄잉스타","파리바게뜨","베이커리","디저트","외식(프랜차이즈 등 업체 제공 영양정보) | 빵 및 과자류 | 도넛",""
"kfind-d202-082000000-0011","도넛_다크초코링도넛","파리바게뜨","베이커리","디저트","외식(프랜차이즈 등 업체 제공 영양정보) | 빵 및 과자류 | 도넛",""
"kfind-d202-082000000-0171","도넛_꿀고구마 츄이스티","던킨","베이커리","디저트","외식(프랜차이즈 등 업체 제공 영양정보) | 빵 및 과자류 | 도넛",""
"kfind-d202-082000000-0170","도넛_꿀고구마 브륄레 도넛","던킨","베이커리","디저트","외식(프랜차이즈 등 업체 제공 영양정보) | 빵 및 과자류 | 도넛",""
"kfind-d202-082000000-0005","도넛_글레이즈츄잉스타","파리바게뜨","베이커리","디저트","외식(프랜차이즈 등 업체 제공 영양정보) | 빵 및 과자류 | 도넛",""
"kfind-d202-082000000-0167","도넛_골든 카레 초코 퍼프","던킨","베이커리","디저트","외식(프랜차이즈 등 업체 제공 영양정보) | 빵 및 과자류 | 도넛",""
"kfind-d202-082000000-0001","도넛_고구마품은 꽈배기","파리바게뜨","베이커리","디저트","외식(프랜차이즈 등 업체 제공 영양정보) | 빵 및 과자류 | 도넛",""
"kfind-d202-082000000-0166","도넛_가을 밤 필드","던킨","베이커리","디저트","외식(프랜차이즈 등 업체 제공 영양정보) | 빵 및 과자류 | 도넛",""
"kfind-d220-722000000-0007","대추차_대추차 핫(HOT)","빽다방","카페","음료","외식(프랜차이즈 등 업체 제공 영양정보) | 음료 및 차류 | 대추차",""
"kfind-d220-722000000-0006","대추차_대추차 아이스(ICED)","빽다방","카페","음료","외식(프랜차이즈 등 업체 제공 영양정보) | 음료 및 차류 | 대추차",""
"kfind-d212-549000000-0143","닭튀김_후라이드 치킨","호식이두마리치킨","치킨","치킨","외식(프랜차이즈 등 업체 제공 영양정보) | 튀김류 | 닭튀김",""
"kfind-d212-549000000-0144","닭튀김_후라이드 치킨","멕시카나","치킨","치킨","외식(프랜차이즈 등 업체 제공 영양정보) | 튀김류 | 닭튀김",""
"kfind-d212-549040000-0006","닭튀김_화이어윙 (4조각)","롯데리아","햄버거","치킨","외식(프랜차이즈 등 업체 제공 영양정보) | 튀김류 | 닭튀김 | 날개",""
"kfind-d212-549040000-0005","닭튀김_화이어윙 (2조각)","롯데리아","햄버거","치킨","외식(프랜차이즈 등 업체 제공 영양정보) | 튀김류 | 닭튀김 | 날개",""
"kfind-d212-549000000-0125","닭튀김_호식이 안심텐더","호식이두마리치킨","치킨","","외식(프랜차이즈 등 업체 제공 영양정보) | 튀김류 | 닭튀김","UNKNOWN_INDIVIDUAL_MENU_CATEGORY"
"kfind-d212-549000000-0124","닭튀김_허니콤보 치킨","교촌치킨","치킨","치킨","외식(프랜차이즈 등 업체 제공 영양정보) | 튀김류 | 닭튀김",""
"kfind-d212-549000000-0123","닭튀김_허니점보윙 치킨","교촌치킨","치킨","치킨","외식(프랜차이즈 등 업체 제공 영양정보) | 튀김류 | 닭튀김",""
"kfind-d212-549000000-0122","닭튀김_허니오리지날 치킨","교촌치킨","치킨","치킨","외식(프랜차이즈 등 업체 제공 영양정보) | 튀김류 | 닭튀김",""
"kfind-d212-549000000-0121","닭튀김_허니순살 치킨 (S)","교촌치킨","치킨","치킨","외식(프랜차이즈 등 업체 제공 영양정보) | 튀김류 | 닭튀김",""
"kfind-d212-549000000-0120","닭튀김_허니순살 치킨","교촌치킨","치킨","치킨","외식(프랜차이즈 등 업체 제공 영양정보) | 튀김류 | 닭튀김",""
"kfind-d212-549000000-0119","닭튀김_허니멜로 치킨","굽네치킨","치킨","치킨","외식(프랜차이즈 등 업체 제공 영양정보) | 튀김류 | 닭튀김",""
"kfind-d212-549000000-0113","닭튀김_파채소이살살 치킨","교촌치킨","치킨","치킨","외식(프랜차이즈 등 업체 제공 영양정보) | 튀김류 | 닭튀김",""
"kfind-d212-549000000-0174","닭튀김_텐더 치킨(6조각)","피자마루","피자","치킨","외식(프랜차이즈 등 업체 제공 영양정보) | 튀김류 | 닭튀김",""
"kfind-d212-549000000-0173","닭튀김_텐더 치킨(2조각)","피자마루","피자","치킨","외식(프랜차이즈 등 업체 제공 영양정보) | 튀김류 | 닭튀김",""
"kfind-d212-549000000-0172","닭튀김_텐더 치킨(10조각)","피자마루","피자","치킨","외식(프랜차이즈 등 업체 제공 영양정보) | 튀김류 | 닭튀김",""
"kfind-d212-549000000-0109","닭튀김_타코마요 치킨","호식이두마리치킨","치킨","치킨","외식(프랜차이즈 등 업체 제공 영양정보) | 튀김류 | 닭튀김",""
"kfind-d212-549000000-0170","닭튀김_치킨휠레 (4조각)","롯데리아","햄버거","치킨","외식(프랜차이즈 등 업체 제공 영양정보) | 튀김류 | 닭튀김",""
"kfind-d212-549000000-0169","닭튀김_치킨휠레 (2조각)","롯데리아","햄버거","치킨","외식(프랜차이즈 등 업체 제공 영양정보) | 튀김류 | 닭튀김",""
"kfind-d212-549000000-0166","닭튀김_치킨텐더","피자스쿨","피자","치킨","외식(프랜차이즈 등 업체 제공 영양정보) | 튀김류 | 닭튀김",""
"kfind-d212-549000000-0165","닭튀김_치킨 스틱&윙","피자스쿨","피자","치킨","외식(프랜차이즈 등 업체 제공 영양정보) | 튀김류 | 닭튀김",""
"kfind-d212-549000000-0101","닭튀김_치즈바사삭 치킨","굽네치킨","치킨","치킨","외식(프랜차이즈 등 업체 제공 영양정보) | 튀김류 | 닭튀김",""
"kfind-d212-549000000-0099","닭튀김_청양고추마요 치킨","호식이두마리치킨","치킨","치킨","외식(프랜차이즈 등 업체 제공 영양정보) | 튀김류 | 닭튀김",""
"kfind-d212-549000000-0164","닭튀김_지파이 하바네로(L)","롯데리아","햄버거","","외식(프랜차이즈 등 업체 제공 영양정보) | 튀김류 | 닭튀김","UNKNOWN_INDIVIDUAL_MENU_CATEGORY"
"kfind-d212-549000000-0163","닭튀김_지파이 고소한맛(S)","롯데리아","햄버거","","외식(프랜차이즈 등 업체 제공 영양정보) | 튀김류 | 닭튀김","UNKNOWN_INDIVIDUAL_MENU_CATEGORY"
"kfind-d212-549000000-0090","닭튀김_윙+다리 치킨","호식이두마리치킨","치킨","치킨","외식(프랜차이즈 등 업체 제공 영양정보) | 튀김류 | 닭튀김",""
"kfind-d212-549000000-0089","닭튀김_요거치즈닝치킨 안심 순살","호식이두마리치킨","치킨","치킨","외식(프랜차이즈 등 업체 제공 영양정보) | 튀김류 | 닭튀김",""
"kfind-d212-549000000-0088","닭튀김_오븐 바사삭 치킨","굽네치킨","치킨","치킨","외식(프랜차이즈 등 업체 제공 영양정보) | 튀김류 | 닭튀김",""
"kfind-d212-549000000-0087","닭튀김_오븐 바사삭 윙 치킨","굽네치킨","치킨","치킨","외식(프랜차이즈 등 업체 제공 영양정보) | 튀김류 | 닭튀김",""
"kfind-d212-549000000-0084","닭튀김_양념히어로 치킨","굽네치킨","치킨","치킨","외식(프랜차이즈 등 업체 제공 영양정보) | 튀김류 | 닭튀김",""
"kfind-d212-549150000-0004","닭튀김_양념너겟 칠리","롯데리아","햄버거","","외식(프랜차이즈 등 업체 제공 영양정보) | 튀김류 | 닭튀김 | 너겟","UNKNOWN_INDIVIDUAL_MENU_CATEGORY"
"kfind-d212-549150000-0003","닭튀김_양념너겟 치즈","롯데리아","햄버거","","외식(프랜차이즈 등 업체 제공 영양정보) | 튀김류 | 닭튀김 | 너겟","UNKNOWN_INDIVIDUAL_MENU_CATEGORY"
"kfind-d212-549150000-0002","닭튀김_양념너겟 어니언","롯데리아","햄버거","","외식(프랜차이즈 등 업체 제공 영양정보) | 튀김류 | 닭튀김 | 너겟","UNKNOWN_INDIVIDUAL_MENU_CATEGORY"
"kfind-d212-549000000-0082","닭튀김_양념 치킨","멕시카나","치킨","치킨","외식(프랜차이즈 등 업체 제공 영양정보) | 튀김류 | 닭튀김",""
"kfind-d212-549000000-0081","닭튀김_양념 치킨","호식이두마리치킨","치킨","치킨","외식(프랜차이즈 등 업체 제공 영양정보) | 튀김류 | 닭튀김",""
"kfind-d212-549000000-0079","닭튀김_시그니처순살 치킨 세트","교촌치킨","치킨","치킨","외식(프랜차이즈 등 업체 제공 영양정보) | 튀김류 | 닭튀김",""
"kfind-d212-549000000-0078","닭튀김_스윗츠갈릭 치킨","호식이두마리치킨","치킨","치킨","외식(프랜차이즈 등 업체 제공 영양정보) | 튀김류 | 닭튀김",""
"kfind-d212-549000000-0160","닭튀김_순살치킨 하프팩","롯데리아","햄버거","치킨","외식(프랜차이즈 등 업체 제공 영양정보) | 튀김류 | 닭튀김",""
"kfind-d212-549000000-0159","닭튀김_순살치킨 풀팩","롯데리아","햄버거","치킨","외식(프랜차이즈 등 업체 제공 영양정보) | 튀김류 | 닭튀김",""
"kfind-d212-549000000-0073","닭튀김_순살 뿌리고 치킨 오리지날","멕시카나","치킨","치킨","외식(프랜차이즈 등 업체 제공 영양정보) | 튀김류 | 닭튀김",""
"kfind-d212-549000000-0072","닭튀김_순살 뿌리고 치킨 매콤달콤한맛","멕시카나","치킨","치킨","외식(프랜차이즈 등 업체 제공 영양정보) | 튀김류 | 닭튀김",""
"kfind-d212-549000000-0067","닭튀김_살살후라이드 치킨","교촌치킨","치킨","치킨","외식(프랜차이즈 등 업체 제공 영양정보) | 튀김류 | 닭튀김",""
"kfind-d212-549000000-0068","닭튀김_살살후라이드 미니 치킨","교촌치킨","치킨","치킨","외식(프랜차이즈 등 업체 제공 영양정보) | 튀김류 | 닭튀김",""
"kfind-d212-549000000-0065","닭튀김_블랙시크릿 콤보 치킨 (S)","교촌치킨","치킨","치킨","외식(프랜차이즈 등 업체 제공 영양정보) | 튀김류 | 닭튀김",""
"kfind-d212-549000000-0064","닭튀김_블랙시크릿 콤보 치킨","교촌치킨","치킨","치킨","외식(프랜차이즈 등 업체 제공 영양정보) | 튀김류 | 닭튀김",""
"kfind-d212-549000000-0063","닭튀김_블랙시크릿 오리지날 치킨","교촌치킨","치킨","치킨","외식(프랜차이즈 등 업체 제공 영양정보) | 튀김류 | 닭튀김",""
"kfind-d212-549000000-0062","닭튀김_블랙시크릿 순살 치킨 (S)","교촌치킨","치킨","치킨","외식(프랜차이즈 등 업체 제공 영양정보) | 튀김류 | 닭튀김",""
"kfind-d212-549000000-0061","닭튀김_블랙시크릿 순살 치킨","교촌치킨","치킨","치킨","외식(프랜차이즈 등 업체 제공 영양정보) | 튀김류 | 닭튀김",""
"kfind-d212-549000000-0059","닭튀김_불짬뽕 치킨","호식이두마리치킨","치킨","중식","외식(프랜차이즈 등 업체 제공 영양정보) | 튀김류 | 닭튀김",""
"kfind-d212-549000000-0058","닭튀김_불금 치킨","굽네치킨","치킨","치킨","외식(프랜차이즈 등 업체 제공 영양정보) | 튀김류 | 닭튀김",""
"kfind-d212-549000000-0057","닭튀김_볼케이노 치킨","굽네치킨","치킨","치킨","외식(프랜차이즈 등 업체 제공 영양정보) | 튀김류 | 닭튀김",""
"kfind-d212-549000000-0056","닭튀김_반반콤보 치킨","교촌치킨","치킨","치킨","외식(프랜차이즈 등 업체 제공 영양정보) | 튀김류 | 닭튀김",""
"kfind-d212-549000000-0055","닭튀김_반반윙 치킨","교촌치킨","치킨","치킨","외식(프랜차이즈 등 업체 제공 영양정보) | 튀김류 | 닭튀김",""
"kfind-d212-549000000-0054","닭튀김_반반오리지날 치킨","교촌치킨","치킨","치킨","외식(프랜차이즈 등 업체 제공 영양정보) | 튀김류 | 닭튀김",""
"kfind-d212-549000000-0053","닭튀김_반반순살 치킨","교촌치킨","치킨","치킨","외식(프랜차이즈 등 업체 제공 영양정보) | 튀김류 | 닭튀김",""
"kfind-d212-549000000-0050","닭튀김_모두의마요 치킨","멕시카나","치킨","치킨","외식(프랜차이즈 등 업체 제공 영양정보) | 튀김류 | 닭튀김",""
"kfind-d212-549000000-0045","닭튀김_매운 양념 치킨","호식이두마리치킨","치킨","치킨","외식(프랜차이즈 등 업체 제공 영양정보) | 튀김류 | 닭튀김",""
"kfind-d212-549000000-0044","닭튀김_매운 간장 치킨","호식이두마리치킨","치킨","치킨","외식(프랜차이즈 등 업체 제공 영양정보) | 튀김류 | 닭튀김",""
"kfind-d212-549000000-0041","닭튀김_마늘알마니 치킨","멕시카나","치킨","치킨","외식(프랜차이즈 등 업체 제공 영양정보) | 튀김류 | 닭튀김",""
"kfind-d212-549000000-0039","닭튀김_리얼후라이드 치킨","교촌치킨","치킨","치킨","외식(프랜차이즈 등 업체 제공 영양정보) | 튀김류 | 닭튀김",""
"kfind-d212-549000000-0038","닭튀김_리얼 치킨 꿔바로우","멕시카나","치킨","치킨","외식(프랜차이즈 등 업체 제공 영양정보) | 튀김류 | 닭튀김",""
"kfind-d212-549000000-0148","닭튀김_로스트 치킨 윙/봉(6조각)","피자마루","피자","치킨","외식(프랜차이즈 등 업체 제공 영양정보) | 튀김류 | 닭튀김",""
"kfind-d212-549000000-0147","닭튀김_로스트 치킨 윙/봉(2조각)","피자마루","피자","치킨","외식(프랜차이즈 등 업체 제공 영양정보) | 튀김류 | 닭튀김",""
"kfind-d212-549000000-0146","닭튀김_로스트 치킨 윙/봉(10조각)","피자마루","피자","치킨","외식(프랜차이즈 등 업체 제공 영양정보) | 튀김류 | 닭튀김",""
"kfind-d212-549000000-0037","닭튀김_레허반반순살 치킨","교촌치킨","치킨","치킨","외식(프랜차이즈 등 업체 제공 영양정보) | 튀김류 | 닭튀김",""
"kfind-d212-549000000-0036","닭튀김_레블반반콤보 치킨","교촌치킨","치킨","치킨","외식(프랜차이즈 등 업체 제공 영양정보) | 튀김류 | 닭튀김",""
"kfind-d212-549000000-0035","닭튀김_레몬크림탕슈 안심 순살","호식이두마리치킨","치킨","","외식(프랜차이즈 등 업체 제공 영양정보) | 튀김류 | 닭튀김","UNKNOWN_INDIVIDUAL_MENU_CATEGORY"
"kfind-d212-549000000-0034","닭튀김_레드콤보 치킨 (S)","교촌치킨","치킨","치킨","외식(프랜차이즈 등 업체 제공 영양정보) | 튀김류 | 닭튀김",""
"kfind-d212-549000000-0033","닭튀김_레드콤보 치킨","교촌치킨","치킨","치킨","외식(프랜차이즈 등 업체 제공 영양정보) | 튀김류 | 닭튀김",""
"kfind-d212-549000000-0032","닭튀김_레드윙 치킨 (S)","교촌치킨","치킨","치킨","외식(프랜차이즈 등 업체 제공 영양정보) | 튀김류 | 닭튀김",""
"kfind-d212-549000000-0031","닭튀김_레드윙 치킨","교촌치킨","치킨","치킨","외식(프랜차이즈 등 업체 제공 영양정보) | 튀김류 | 닭튀김",""
"kfind-d212-549000000-0030","닭튀김_레드오리지날 치킨","교촌치킨","치킨","치킨","외식(프랜차이즈 등 업체 제공 영양정보) | 튀김류 | 닭튀김",""
"kfind-d212-549000000-0029","닭튀김_레드순살 치킨 (S)","교촌치킨","치킨","치킨","외식(프랜차이즈 등 업체 제공 영양정보) | 튀김류 | 닭튀김",""
"kfind-d212-549000000-0028","닭튀김_레드순살 치킨","교촌치킨","치킨","치킨","외식(프랜차이즈 등 업체 제공 영양정보) | 튀김류 | 닭튀김",""
"kfind-d212-549000000-0026","닭튀김_땡초불꽃 치킨","호식이두마리치킨","치킨","치킨","외식(프랜차이즈 등 업체 제공 영양정보) | 튀김류 | 닭튀김",""
"kfind-d212-549000000-0027","닭튀김_땡초 치킨","멕시카나","치킨","치킨","외식(프랜차이즈 등 업체 제공 영양정보) | 튀김류 | 닭튀김",""
"kfind-d212-549000000-0017","닭튀김_깐풍요리 치킨","멕시카나","치킨","중식","외식(프랜차이즈 등 업체 제공 영양정보) | 튀김류 | 닭튀김",""
"kfind-d212-549000000-0014","닭튀김_교촌콤보 치킨 (S)","교촌치킨","치킨","치킨","외식(프랜차이즈 등 업체 제공 영양정보) | 튀김류 | 닭튀김",""
"kfind-d212-549000000-0013","닭튀김_교촌콤보 치킨","교촌치킨","치킨","치킨","외식(프랜차이즈 등 업체 제공 영양정보) | 튀김류 | 닭튀김",""
"kfind-d212-549000000-0012","닭튀김_교촌윙 치킨 (S)","교촌치킨","치킨","치킨","외식(프랜차이즈 등 업체 제공 영양정보) | 튀김류 | 닭튀김",""
"kfind-d212-549000000-0011","닭튀김_교촌윙 치킨","교촌치킨","치킨","치킨","외식(프랜차이즈 등 업체 제공 영양정보) | 튀김류 | 닭튀김",""
"kfind-d212-549000000-0010","닭튀김_교촌오리지날 치킨","교촌치킨","치킨","치킨","외식(프랜차이즈 등 업체 제공 영양정보) | 튀김류 | 닭튀김",""
"kfind-d212-549000000-0009","닭튀김_교촌순살 치킨 (S)","교촌치킨","치킨","치킨","외식(프랜차이즈 등 업체 제공 영양정보) | 튀김류 | 닭튀김",""
"kfind-d212-549000000-0008","닭튀김_교촌순살 치킨","교촌치킨","치킨","치킨","외식(프랜차이즈 등 업체 제공 영양정보) | 튀김류 | 닭튀김",""
"kfind-d212-549000000-0007","닭튀김_고추바사삭 치킨","굽네치킨","치킨","치킨","외식(프랜차이즈 등 업체 제공 영양정보) | 튀김류 | 닭튀김",""
"kfind-d212-549000000-0005","닭튀김_갈비천왕 치킨","굽네치킨","치킨","치킨","외식(프랜차이즈 등 업체 제공 영양정보) | 튀김류 | 닭튀김",""
"kfind-d312-549000000-0018","닭튀김_간편조리세트_후라이드치킨_콤보","BHC","치킨","치킨","외식(분석함량) | 튀김류 | 닭튀김",""
"kfind-d312-549160000-0012","닭튀김_간편조리세트_후라이드치킨_양념치킨_반반","BHC","치킨","치킨","외식(분석함량) | 튀김류 | 닭튀김 | 양념",""
"kfind-d312-549000000-0017","닭튀김_간편조리세트_후라이드치킨_매운맛_콤보","BHC","치킨","치킨","외식(분석함량) | 튀김류 | 닭튀김",""
"kfind-d312-549050000-0003","닭튀김_간편조리세트_후라이드치킨_매운맛_다리","KFC","햄버거","치킨","외식(분석함량) | 튀김류 | 닭튀김 | 다리(넓적다리)",""
"kfind-d312-549000000-0016","닭튀김_간편조리세트_후라이드치킨_매운맛","BHC","치킨","치킨","외식(분석함량) | 튀김류 | 닭튀김",""
"kfind-d312-549000000-0014","닭튀김_간편조리세트_후라이드치킨_매운맛","KFC","햄버거","치킨","외식(분석함량) | 튀김류 | 닭튀김",""
"kfind-d312-549000000-0010","닭튀김_간편조리세트_후라이드치킨","BHC","치킨","치킨","외식(분석함량) | 튀김류 | 닭튀김",""
"kfind-d312-549000000-0013","닭튀김_간편조리세트_후라이드치킨","KFC","햄버거","치킨","외식(분석함량) | 튀김류 | 닭튀김",""
"kfind-d312-549000000-0012","닭튀김_간편조리세트_후라이드치킨","교촌치킨","치킨","치킨","외식(분석함량) | 튀김류 | 닭튀김",""
"kfind-d312-549150000-0004","닭튀김_간편조리세트_치킨너겟","맥도날드","햄버거","치킨","외식(분석함량) | 튀김류 | 닭튀김 | 너겟",""
"kfind-d312-549150000-0003","닭튀김_간편조리세트_치킨너겟","버거킹","햄버거","치킨","외식(분석함량) | 튀김류 | 닭튀김 | 너겟",""
"kfind-d312-549160000-0010","닭튀김_간편조리세트_시즈닝치킨_치즈맛_콤보","BHC","치킨","사이드","외식(분석함량) | 튀김류 | 닭튀김 | 양념",""
"kfind-d312-549110000-0005","닭튀김_간편조리세트_시즈닝치킨_치즈맛_순살","BHC","치킨","사이드","외식(분석함량) | 튀김류 | 닭튀김 | 살코기",""
"kfind-d312-549160000-0009","닭튀김_간편조리세트_시즈닝치킨_치즈맛","BHC","치킨","사이드","외식(분석함량) | 튀김류 | 닭튀김 | 양념",""
"kfind-d312-549160000-0007","닭튀김_간편조리세트_간장양념치킨_콤보","BHC","치킨","치킨","외식(분석함량) | 튀김류 | 닭튀김 | 양념",""
"kfind-d312-549000000-0003","닭튀김_간편조리세트_간장양념치킨_콤보","교촌치킨","치킨","치킨","외식(분석함량) | 튀김류 | 닭튀김",""
"kfind-d312-549160000-0008","닭튀김_간편조리세트_간장양념치킨_콤보","교촌치킨","치킨","치킨","외식(분석함량) | 튀김류 | 닭튀김 | 양념",""
"kfind-d312-549040000-0003","닭튀김_간편조리세트_간장양념치킨_윙","교촌치킨","치킨","치킨","외식(분석함량) | 튀김류 | 닭튀김 | 날개",""
"kfind-d312-549110000-0003","닭튀김_간편조리세트_간장양념치킨_순살","교촌치킨","치킨","치킨","외식(분석함량) | 튀김류 | 닭튀김 | 살코기",""
"kfind-d312-549110000-0002","닭튀김_간편조리세트_간장양념치킨_순살","교촌치킨","치킨","치킨","외식(분석함량) | 튀김류 | 닭튀김 | 살코기",""
"kfind-d312-549160000-0005","닭튀김_간편조리세트_간장양념치킨_매운맛_콤보","교촌치킨","치킨","치킨","외식(분석함량) | 튀김류 | 닭튀김 | 양념",""
"kfind-d312-549160000-0006","닭튀김_간편조리세트_간장양념치킨_매운맛_콤보","BHC","치킨","치킨","외식(분석함량) | 튀김류 | 닭튀김 | 양념",""
"kfind-d312-549040000-0002","닭튀김_간편조리세트_간장양념치킨_매운맛_윙","교촌치킨","치킨","치킨","외식(분석함량) | 튀김류 | 닭튀김 | 날개",""
"kfind-d312-549160000-0004","닭튀김_간편조리세트_간장양념치킨_매운맛_반반_콤보","교촌치킨","치킨","치킨","외식(분석함량) | 튀김류 | 닭튀김 | 양념",""
"kfind-d312-549040000-0001","닭튀김_간편조리세트_간장양념치킨_매운맛_반반_윙","교촌치킨","치킨","치킨","외식(분석함량) | 튀김류 | 닭튀김 | 날개",""
"kfind-d312-549160000-0003","닭튀김_간편조리세트_간장양념치킨_매운맛_반반","교촌치킨","치킨","치킨","외식(분석함량) | 튀김류 | 닭튀김 | 양념",""
"kfind-d312-549160000-0002","닭튀김_간편조리세트_간장양념치킨_매운맛","교촌치킨","치킨","치킨","외식(분석함량) | 튀김류 | 닭튀김 | 양념",""
"kfind-d312-549000000-0002","닭튀김_간편조리세트_간장양념치킨","교촌치킨","치킨","치킨","외식(분석함량) | 튀김류 | 닭튀김",""
"kfind-d212-549000000-0002","닭튀김_간장 치킨","호식이두마리치킨","치킨","치킨","외식(프랜차이즈 등 업체 제공 영양정보) | 튀김류 | 닭튀김",""
"kfind-d212-549150000-0001","닭튀김_New치킨너겟","롯데리아","햄버거","치킨","외식(프랜차이즈 등 업체 제공 영양정보) | 튀김류 | 닭튀김 | 너겟",""
"kfind-d208-368000000-0002","닭발구이_한입쏙직화 닭발","교촌치킨","치킨","","외식(프랜차이즈 등 업체 제공 영양정보) | 구이류 | 닭발구이","UNKNOWN_INDIVIDUAL_MENU_CATEGORY"
"kfind-d208-368000000-0001","닭발구이_불닭발","굽네치킨","치킨","","외식(프랜차이즈 등 업체 제공 영양정보) | 구이류 | 닭발구이","UNKNOWN_INDIVIDUAL_MENU_CATEGORY"
"kfind-d208-368000000-0004","닭발구이_무뼈닭발","피자마루","피자","","외식(프랜차이즈 등 업체 제공 영양정보) | 구이류 | 닭발구이","UNKNOWN_INDIVIDUAL_MENU_CATEGORY"
"kfind-d208-368000000-0003","닭발구이_마닭 불닭발","피자마루","피자","","외식(프랜차이즈 등 업체 제공 영양정보) | 구이류 | 닭발구이","UNKNOWN_INDIVIDUAL_MENU_CATEGORY"
"kfind-d212-547000000-0005","닭다리튀김_치킨다리 (1조각)","롯데리아","햄버거","치킨","외식(프랜차이즈 등 업체 제공 영양정보) | 튀김류 | 닭다리튀김",""
"kfind-d212-547000000-0001","닭다리튀김_다리 스틱","호식이두마리치킨","치킨","치킨","외식(프랜차이즈 등 업체 제공 영양정보) | 튀김류 | 닭다리튀김",""
"kfind-d220-721000000-0039","녹차_해남 녹차 핫(HOT)","할리스","카페","음료","외식(프랜차이즈 등 업체 제공 영양정보) | 음료 및 차류 | 녹차",""
"kfind-d220-721000000-0038","녹차_해남 녹차 아이스(ICED)","할리스","카페","음료","외식(프랜차이즈 등 업체 제공 영양정보) | 음료 및 차류 | 녹차",""
"kfind-d220-721000000-0019","녹차_프레시그린티 핫(HOT)","이디야","카페","음료","외식(프랜차이즈 등 업체 제공 영양정보) | 음료 및 차류 | 녹차",""
"kfind-d220-721000000-0018","녹차_프레시그린티 아이스(ICED)","이디야","카페","음료","외식(프랜차이즈 등 업체 제공 영양정보) | 음료 및 차류 | 녹차",""
"kfind-d220-721000000-0017","녹차_제주유기농녹차 핫(HOT) (L)","투썸플레이스","카페","음료","외식(프랜차이즈 등 업체 제공 영양정보) | 음료 및 차류 | 녹차",""
"kfind-d220-721000000-0016","녹차_제주유기농녹차 아이스(ICED) (L)","투썸플레이스","카페","음료","외식(프랜차이즈 등 업체 제공 영양정보) | 음료 및 차류 | 녹차",""
"kfind-d220-721000000-0015","녹차_제주 유기 녹차 핫(HOT) (Tall)","스타벅스","카페","음료","외식(프랜차이즈 등 업체 제공 영양정보) | 음료 및 차류 | 녹차",""
"kfind-d220-721000000-0014","녹차_제주 유기 녹차 아이스(ICED) (Tall)","스타벅스","카페","음료","외식(프랜차이즈 등 업체 제공 영양정보) | 음료 및 차류 | 녹차",""
"kfind-d220-721000000-0013","녹차_자스민 그린티 핫(HOT) (L)","공차","음료","음료","외식(프랜차이즈 등 업체 제공 영양정보) | 음료 및 차류 | 녹차",""
"kfind-d220-721000000-0012","녹차_자스민 그린티 핫(HOT) (J)","공차","음료","음료","외식(프랜차이즈 등 업체 제공 영양정보) | 음료 및 차류 | 녹차",""
"kfind-d220-721000000-0011","녹차_자스민 그린티 아이스(ICED) (L)","공차","음료","음료","외식(프랜차이즈 등 업체 제공 영양정보) | 음료 및 차류 | 녹차",""
"kfind-d220-721000000-0010","녹차_자스민 그린티 아이스(ICED) (J)","공차","음료","음료","외식(프랜차이즈 등 업체 제공 영양정보) | 음료 및 차류 | 녹차",""
"kfind-d202-079000000-0006","깨찰빵_쫀득한모카찰깨빵","파리바게뜨","베이커리","베이커리","외식(프랜차이즈 등 업체 제공 영양정보) | 빵 및 과자류 | 깨찰빵",""
"kfind-d202-079000000-0004","깨찰빵_쫀득쫀득한찰깨빵 (2개입)","파리바게뜨","베이커리","베이커리","외식(프랜차이즈 등 업체 제공 영양정보) | 빵 및 과자류 | 깨찰빵",""
"kfind-d202-079000000-0005","깨찰빵_쫀득쫀득한찰깨빵","파리바게뜨","베이커리","베이커리","외식(프랜차이즈 등 업체 제공 영양정보) | 빵 및 과자류 | 깨찰빵",""
"kfind-d202-079000000-0009","깨찰빵_쫀득고소한 추억의 찰깨빵","파리바게뜨","베이커리","베이커리","외식(프랜차이즈 등 업체 제공 영양정보) | 빵 및 과자류 | 깨찰빵",""
"kfind-d202-079000000-0008","깨찰빵_우리찹쌀모카찰떡빵","파리바게뜨","베이커리","베이커리","외식(프랜차이즈 등 업체 제공 영양정보) | 빵 및 과자류 | 깨찰빵",""
"kfind-d220-719000000-0192","기타차_핑크 파인 캐모마일티","할리스","카페","음료","외식(프랜차이즈 등 업체 제공 영양정보) | 음료 및 차류 | 기타차",""
"kfind-d220-719000000-0190","기타차_피치우롱스위티 핫(HOT)","빽다방","카페","음료","외식(프랜차이즈 등 업체 제공 영양정보) | 음료 및 차류 | 기타차",""
"kfind-d220-719000000-0189","기타차_피치우롱스위티 아이스(ICED)","빽다방","카페","음료","외식(프랜차이즈 등 업체 제공 영양정보) | 음료 및 차류 | 기타차",""
"kfind-d220-719000000-0035","기타차_폼폼 유스베리티 (Grande)","스타벅스","카페","음료","외식(프랜차이즈 등 업체 제공 영양정보) | 음료 및 차류 | 기타차",""
"kfind-d220-719000000-0034","기타차_폼폼 민트티 (Grande)","스타벅스","카페","음료","외식(프랜차이즈 등 업체 제공 영양정보) | 음료 및 차류 | 기타차",""
"kfind-d220-719000000-0185","기타차_패션 프룻 히비스커스 핫(HOT) (L)","공차","음료","음료","외식(프랜차이즈 등 업체 제공 영양정보) | 음료 및 차류 | 기타차",""
"kfind-d220-719000000-0184","기타차_패션 프룻 히비스커스 핫(HOT) (J)","공차","음료","음료","외식(프랜차이즈 등 업체 제공 영양정보) | 음료 및 차류 | 기타차",""
"kfind-d220-719000000-0183","기타차_패션 프룻 히비스커스 아이스(ICED) (L)","공차","음료","음료","외식(프랜차이즈 등 업체 제공 영양정보) | 음료 및 차류 | 기타차",""
"kfind-d220-719000000-0182","기타차_패션 프룻 히비스커스 아이스(ICED) (J)","공차","음료","음료","외식(프랜차이즈 등 업체 제공 영양정보) | 음료 및 차류 | 기타차",""
"kfind-d220-719000000-0033","기타차_패션 프룻 히비스커스 (L)","공차","음료","음료","외식(프랜차이즈 등 업체 제공 영양정보) | 음료 및 차류 | 기타차",""
"kfind-d220-719000000-0032","기타차_패션 프룻 히비스커스 (J)","공차","음료","음료","외식(프랜차이즈 등 업체 제공 영양정보) | 음료 및 차류 | 기타차",""
"kfind-d220-719000000-0181","기타차_트로피칼 후르츠티 핫(HOT)","빽다방","카페","음료","외식(프랜차이즈 등 업체 제공 영양정보) | 음료 및 차류 | 기타차",""
"kfind-d220-719000000-0180","기타차_트로피칼 후르츠티 아이스(ICED)","빽다방","카페","음료","외식(프랜차이즈 등 업체 제공 영양정보) | 음료 및 차류 | 기타차",""
"kfind-d220-719000000-0179","기타차_청포도 자스민티 핫(HOT) (L)","공차","음료","음료","외식(프랜차이즈 등 업체 제공 영양정보) | 음료 및 차류 | 기타차",""
"kfind-d220-719000000-0178","기타차_청포도 자스민티 핫(HOT) (J)","공차","음료","음료","외식(프랜차이즈 등 업체 제공 영양정보) | 음료 및 차류 | 기타차",""
"kfind-d220-719000000-0177","기타차_청포도 자스민티 아이스(ICED) (L)","공차","음료","음료","외식(프랜차이즈 등 업체 제공 영양정보) | 음료 및 차류 | 기타차",""
"kfind-d220-719000000-0176","기타차_청포도 자스민티 아이스(ICED) (J)","공차","음료","음료","외식(프랜차이즈 등 업체 제공 영양정보) | 음료 및 차류 | 기타차",""
"kfind-d220-719000000-0029","기타차_청포도 그린티+알로에 (L)","공차","음료","음료","외식(프랜차이즈 등 업체 제공 영양정보) | 음료 및 차류 | 기타차",""
"kfind-d220-719000000-0028","기타차_청포도 그린티+알로에 (J)","공차","음료","음료","외식(프랜차이즈 등 업체 제공 영양정보) | 음료 및 차류 | 기타차",""
"kfind-d220-719000000-0027","기타차_청포도 그린티 (L)","공차","음료","음료","외식(프랜차이즈 등 업체 제공 영양정보) | 음료 및 차류 | 기타차",""
"kfind-d220-719000000-0026","기타차_청포도 그린티 (J)","공차","음료","음료","외식(프랜차이즈 등 업체 제공 영양정보) | 음료 및 차류 | 기타차",""
"kfind-d220-719000000-0024","기타차_제주 키위 오션 그린티 (Grande)","스타벅스","카페","음료","외식(프랜차이즈 등 업체 제공 영양정보) | 음료 및 차류 | 기타차",""
"kfind-d220-719000000-0172","기타차_제주 레몬 애플티 핫(HOT)","할리스","카페","음료","외식(프랜차이즈 등 업체 제공 영양정보) | 음료 및 차류 | 기타차",""
"kfind-d220-719000000-0171","기타차_제주 레몬 애플티 아이스(ICED)","할리스","카페","음료","외식(프랜차이즈 등 업체 제공 영양정보) | 음료 및 차류 | 기타차",""
"kfind-d220-719000000-0023","기타차_제주 그린티 브리즈 (Grande)","스타벅스","카페","음료","외식(프랜차이즈 등 업체 제공 영양정보) | 음료 및 차류 | 기타차",""
"kfind-d220-719000000-0161","기타차_자몽 자스민티 핫(HOT) (L)","공차","음료","음료","외식(프랜차이즈 등 업체 제공 영양정보) | 음료 및 차류 | 기타차",""
"kfind-d220-719000000-0160","기타차_자몽 자스민티 핫(HOT) (J)","공차","음료","음료","외식(프랜차이즈 등 업체 제공 영양정보) | 음료 및 차류 | 기타차",""
"kfind-d220-719000000-0159","기타차_자몽 자스민티 아이스(ICED) (L)","공차","음료","음료","외식(프랜차이즈 등 업체 제공 영양정보) | 음료 및 차류 | 기타차",""
"kfind-d220-719000000-0158","기타차_자몽 자스민티 아이스(ICED) (J)","공차","음료","음료","외식(프랜차이즈 등 업체 제공 영양정보) | 음료 및 차류 | 기타차",""
"kfind-d220-719000000-0022","기타차_자몽 그린티 (L)","공차","음료","음료","외식(프랜차이즈 등 업체 제공 영양정보) | 음료 및 차류 | 기타차",""
"kfind-d220-719000000-0021","기타차_자몽 그린티 (J)","공차","음료","음료","외식(프랜차이즈 등 업체 제공 영양정보) | 음료 및 차류 | 기타차",""
"kfind-d220-719000000-0020","기타차_유스베리 로즈티 브리즈 핫(HOT) (Grande)","스타벅스","카페","음료","외식(프랜차이즈 등 업체 제공 영양정보) | 음료 및 차류 | 기타차",""
"kfind-d220-719000000-0019","기타차_유스베리 로즈티 브리즈 아이스(ICED) (Grande)","스타벅스","카페","음료","외식(프랜차이즈 등 업체 제공 영양정보) | 음료 및 차류 | 기타차",""
"kfind-d220-719000000-0148","기타차_아임파인 민트티 핫(HOT)","빽다방","카페","음료","외식(프랜차이즈 등 업체 제공 영양정보) | 음료 및 차류 | 기타차",""
"kfind-d220-719000000-0147","기타차_아임파인 민트티 아이스(ICED)","빽다방","카페","음료","외식(프랜차이즈 등 업체 제공 영양정보) | 음료 및 차류 | 기타차",""
"kfind-d220-719000000-0146","기타차_석류 오리지널 핫(HOT)","이디야","카페","음료","외식(프랜차이즈 등 업체 제공 영양정보) | 음료 및 차류 | 기타차",""
"kfind-d220-719000000-0145","기타차_석류 애플라임 핫(HOT)","이디야","카페","음료","외식(프랜차이즈 등 업체 제공 영양정보) | 음료 및 차류 | 기타차",""
"kfind-d220-719000000-0144","기타차_석류 애플라임 아이스(ICED)","이디야","카페","음료","외식(프랜차이즈 등 업체 제공 영양정보) | 음료 및 차류 | 기타차",""
"kfind-d220-719000000-0012","기타차_삼라봉티 핫(HOT)","빽다방","카페","음료","외식(프랜차이즈 등 업체 제공 영양정보) | 음료 및 차류 | 기타차",""
"kfind-d220-719000000-0011","기타차_삼라봉티 아이스(ICED)","빽다방","카페","음료","외식(프랜차이즈 등 업체 제공 영양정보) | 음료 및 차류 | 기타차",""
"kfind-d220-719000000-0136","기타차_배 모과차 핫(HOT) (R)","이디야","카페","음료","외식(프랜차이즈 등 업체 제공 영양정보) | 음료 및 차류 | 기타차",""
"kfind-d220-719000000-0135","기타차_배 모과차 핫(HOT) (EX)","이디야","카페","음료","외식(프랜차이즈 등 업체 제공 영양정보) | 음료 및 차류 | 기타차",""
"kfind-d220-719000000-0134","기타차_배 모과차 아이스(ICED) (R)","이디야","카페","음료","외식(프랜차이즈 등 업체 제공 영양정보) | 음료 및 차류 | 기타차",""
"kfind-d220-719000000-0133","기타차_배 모과차 아이스(ICED) (EX)","이디야","카페","음료","외식(프랜차이즈 등 업체 제공 영양정보) | 음료 및 차류 | 기타차",""
"kfind-d220-719000000-0124","기타차_레몬 자스민티 핫(HOT) (L)","공차","음료","음료","외식(프랜차이즈 등 업체 제공 영양정보) | 음료 및 차류 | 기타차",""
"kfind-d220-719000000-0123","기타차_레몬 자스민티 핫(HOT) (J)","공차","음료","음료","외식(프랜차이즈 등 업체 제공 영양정보) | 음료 및 차류 | 기타차",""
"kfind-d220-719000000-0122","기타차_레몬 자스민티 아이스(ICED) (L)","공차","음료","음료","외식(프랜차이즈 등 업체 제공 영양정보) | 음료 및 차류 | 기타차",""
"kfind-d220-719000000-0121","기타차_레몬 자스민티 아이스(ICED) (J)","공차","음료","음료","외식(프랜차이즈 등 업체 제공 영양정보) | 음료 및 차류 | 기타차",""
"kfind-d220-719000000-0113","기타차_깔라만시티 핫(HOT)","빽다방","카페","음료","외식(프랜차이즈 등 업체 제공 영양정보) | 음료 및 차류 | 기타차",""
"kfind-d220-719000000-0112","기타차_깔라만시티 아이스(ICED)","빽다방","카페","음료","외식(프랜차이즈 등 업체 제공 영양정보) | 음료 및 차류 | 기타차",""
"kfind-d220-719000000-0002","기타차_골든펄 망고 패션프룻 그린티","공차","음료","음료","외식(프랜차이즈 등 업체 제공 영양정보) | 음료 및 차류 | 기타차",""
"kfind-d220-719000000-0001","기타차_골든펄 딸기 캐모마일티","공차","음료","음료","외식(프랜차이즈 등 업체 제공 영양정보) | 음료 및 차류 | 기타차",""
"kfind-d220-718000000-0028","기타음료_청포도플라워 아이스(ICED)","빽다방","카페","음료","외식(프랜차이즈 등 업체 제공 영양정보) | 음료 및 차류 | 기타음료",""
"kfind-d220-718000000-0003","기타음료_스타벅스 슬래머 (Grande)","스타벅스","카페","음료","외식(프랜차이즈 등 업체 제공 영양정보) | 음료 및 차류 | 기타음료",""
"kfind-d220-718000000-0021","기타음료_미초 아이스(ICED)","빽다방","카페","음료","외식(프랜차이즈 등 업체 제공 영양정보) | 음료 및 차류 | 기타음료",""
"kfind-d220-718000000-0002","기타음료_레드 파워 스매셔 (Grande)","스타벅스","카페","음료","외식(프랜차이즈 등 업체 제공 영양정보) | 음료 및 차류 | 기타음료",""
"kfind-d202-078000000-0040","기타빵_통통 옥수수빵","할리스","카페","베이커리","외식(프랜차이즈 등 업체 제공 영양정보) | 빵 및 과자류 | 기타빵",""
"kfind-d202-078000000-0027","기타빵_제주쑥오메기빵","파리바게뜨","베이커리","베이커리","외식(프랜차이즈 등 업체 제공 영양정보) | 빵 및 과자류 | 기타빵",""
"kfind-d202-078000000-0011","기타빵_우리쌀 막걸리로 만든 초당옥수수빵","파리바게뜨","베이커리","베이커리","외식(프랜차이즈 등 업체 제공 영양정보) | 빵 및 과자류 | 기타빵",""
"kfind-d202-078000000-0035","기타빵_달달 고구마빵","할리스","카페","베이커리","외식(프랜차이즈 등 업체 제공 영양정보) | 빵 및 과자류 | 기타빵",""
"kfind-d208-447000000-0001","그라탕_오지치즈그라탕","피자스쿨","피자","","외식(프랜차이즈 등 업체 제공 영양정보) | 구이류 | 그라탕","UNKNOWN_INDIVIDUAL_MENU_CATEGORY"
"kfind-d220-717000000-0005","귤차_제주청귤 오리지널 핫(HOT)","이디야","카페","음료","외식(프랜차이즈 등 업체 제공 영양정보) | 음료 및 차류 | 귤차",""
"kfind-d220-717000000-0004","귤차_제주청귤 블라썸 핫(HOT)","이디야","카페","음료","외식(프랜차이즈 등 업체 제공 영양정보) | 음료 및 차류 | 귤차",""
"kfind-d220-717000000-0003","귤차_제주 한라봉감귤차 핫(HOT)","할리스","카페","음료","외식(프랜차이즈 등 업체 제공 영양정보) | 음료 및 차류 | 귤차",""
"kfind-d220-717000000-0002","귤차_제주 한라봉감귤차 아이스(ICED)","할리스","카페","음료","외식(프랜차이즈 등 업체 제공 영양정보) | 음료 및 차류 | 귤차",""
"kfind-d220-717000000-0020","귤차_제주 한라봉 감귤차 핫(HOT)","할리스","카페","음료","외식(프랜차이즈 등 업체 제공 영양정보) | 음료 및 차류 | 귤차",""
"kfind-d220-717000000-0019","귤차_제주 한라봉 감귤차 아이스(ICED)","할리스","카페","음료","외식(프랜차이즈 등 업체 제공 영양정보) | 음료 및 차류 | 귤차",""
"kfind-d220-717000000-0001","귤차_제주 청귤 그린티 아이스(ICED)","할리스","카페","음료","외식(프랜차이즈 등 업체 제공 영양정보) | 음료 및 차류 | 귤차",""
"kfind-d222-754000000-0001","과일_하루 한 컵 RED","스타벅스","카페","","외식(프랜차이즈 등 업체 제공 영양정보) | 과일류 | 과일","UNKNOWN_INDIVIDUAL_MENU_CATEGORY"
"kfind-d220-716000000-0264","과ㆍ채주스_홍시주스","이디야","카페","음료","외식(프랜차이즈 등 업체 제공 영양정보) | 음료 및 차류 | 과ㆍ채주스",""
"kfind-d220-716000000-0133","과ㆍ채주스_홍시 주스","이디야","카페","음료","외식(프랜차이즈 등 업체 제공 영양정보) | 음료 및 차류 | 과ㆍ채주스",""
"kfind-d220-716000000-0131","과ㆍ채주스_햇사과 주스 병음료","스타벅스","카페","음료","외식(프랜차이즈 등 업체 제공 영양정보) | 음료 및 차류 | 과ㆍ채주스",""
"kfind-d220-716000000-0130","과ㆍ채주스_한방에 쭉 감당 병음료","스타벅스","카페","음료","외식(프랜차이즈 등 업체 제공 영양정보) | 음료 및 차류 | 과ㆍ채주스",""
"kfind-d220-716000000-0129","과ㆍ채주스_한라봉주스 병음료","스타벅스","카페","음료","외식(프랜차이즈 등 업체 제공 영양정보) | 음료 및 차류 | 과ㆍ채주스",""
"kfind-d220-716000000-0262","과ㆍ채주스_포멜로 크림 주스","빽다방","카페","음료","외식(프랜차이즈 등 업체 제공 영양정보) | 음료 및 차류 | 과ㆍ채주스",""
"kfind-d220-716000000-0126","과ㆍ채주스_파이팅 청귤 병음료","스타벅스","카페","음료","외식(프랜차이즈 등 업체 제공 영양정보) | 음료 및 차류 | 과ㆍ채주스",""
"kfind-d220-716000000-0123","과ㆍ채주스_토마토 주스 병음료","스타벅스","카페","음료","외식(프랜차이즈 등 업체 제공 영양정보) | 음료 및 차류 | 과ㆍ채주스",""
"kfind-d220-716000000-0259","과ㆍ채주스_토마토 생과일 주스","할리스","카페","음료","외식(프랜차이즈 등 업체 제공 영양정보) | 음료 및 차류 | 과ㆍ채주스",""
"kfind-d220-716000000-0252","과ㆍ채주스_청포도케일 착즙 주스","할리스","카페","음료","외식(프랜차이즈 등 업체 제공 영양정보) | 음료 및 차류 | 과ㆍ채주스",""
"kfind-d220-716000000-0105","과ㆍ채주스_자몽 주스 (L)","공차","음료","음료","외식(프랜차이즈 등 업체 제공 영양정보) | 음료 및 차류 | 과ㆍ채주스",""
"kfind-d220-716000000-0104","과ㆍ채주스_자몽 주스 (J)","공차","음료","음료","외식(프랜차이즈 등 업체 제공 영양정보) | 음료 및 차류 | 과ㆍ채주스",""
"kfind-d220-716000000-0095","과ㆍ채주스_완전토마토 주스","빽다방","카페","음료","외식(프랜차이즈 등 업체 제공 영양정보) | 음료 및 차류 | 과ㆍ채주스",""
"kfind-d220-716000000-0094","과ㆍ채주스_완전수박 주스","빽다방","카페","음료","외식(프랜차이즈 등 업체 제공 영양정보) | 음료 및 차류 | 과ㆍ채주스",""
"kfind-d220-716000000-0093","과ㆍ채주스_완전성주참외 주스","빽다방","카페","음료","외식(프랜차이즈 등 업체 제공 영양정보) | 음료 및 차류 | 과ㆍ채주스",""
"kfind-d220-716000000-0092","과ㆍ채주스_완전블루베리 주스","빽다방","카페","음료","외식(프랜차이즈 등 업체 제공 영양정보) | 음료 및 차류 | 과ㆍ채주스",""
"kfind-d220-716000000-0091","과ㆍ채주스_완전망고 주스","빽다방","카페","음료","외식(프랜차이즈 등 업체 제공 영양정보) | 음료 및 차류 | 과ㆍ채주스",""
"kfind-d220-716000000-0090","과ㆍ채주스_완전딸기 주스","빽다방","카페","음료","외식(프랜차이즈 등 업체 제공 영양정보) | 음료 및 차류 | 과ㆍ채주스",""
"kfind-d220-716000000-0247","과ㆍ채주스_완전 블루베리 주스","빽다방","카페","음료","외식(프랜차이즈 등 업체 제공 영양정보) | 음료 및 차류 | 과ㆍ채주스",""
"kfind-d220-716000000-0246","과ㆍ채주스_완전 망고 주스","빽다방","카페","음료","외식(프랜차이즈 등 업체 제공 영양정보) | 음료 및 차류 | 과ㆍ채주스",""
"kfind-d220-716000000-0245","과ㆍ채주스_완전 딸기 주스","빽다방","카페","음료","외식(프랜차이즈 등 업체 제공 영양정보) | 음료 및 차류 | 과ㆍ채주스",""
"kfind-d220-716000000-0187","과ㆍ채주스_오렌지당근주스","컴포즈커피","카페","음료","외식(프랜차이즈 등 업체 제공 영양정보) | 음료 및 차류 | 과ㆍ채주스",""
"kfind-d220-716000000-0242","과ㆍ채주스_오렌지 자몽 생과일 주스","할리스","카페","음료","외식(프랜차이즈 등 업체 제공 영양정보) | 음료 및 차류 | 과ㆍ채주스",""
"kfind-d220-716000000-0241","과ㆍ채주스_오렌지 당근 착즙 주스","할리스","카페","음료","외식(프랜차이즈 등 업체 제공 영양정보) | 음료 및 차류 | 과ㆍ채주스",""
"kfind-d220-716000000-0237","과ㆍ채주스_설향 생딸기 주스","할리스","카페","음료","외식(프랜차이즈 등 업체 제공 영양정보) | 음료 및 차류 | 과ㆍ채주스",""
"kfind-d220-716000000-0186","과ㆍ채주스_샤인머스켓케일주스","컴포즈커피","카페","음료","외식(프랜차이즈 등 업체 제공 영양정보) | 음료 및 차류 | 과ㆍ채주스",""
"kfind-d220-716000000-0066","과ㆍ채주스_생과일 토마토 주스","이디야","카페","음료","외식(프랜차이즈 등 업체 제공 영양정보) | 음료 및 차류 | 과ㆍ채주스",""
"kfind-d220-716000000-0065","과ㆍ채주스_생과일 수박 주스","이디야","카페","음료","외식(프랜차이즈 등 업체 제공 영양정보) | 음료 및 차류 | 과ㆍ채주스",""
"kfind-d220-716000000-0228","과ㆍ채주스_사과 비트 착즙 주스","할리스","카페","음료","외식(프랜차이즈 등 업체 제공 영양정보) | 음료 및 차류 | 과ㆍ채주스",""
"kfind-d220-716000000-0057","과ㆍ채주스_배 주스 (R)","투썸플레이스","카페","음료","외식(프랜차이즈 등 업체 제공 영양정보) | 음료 및 차류 | 과ㆍ채주스",""
"kfind-d220-716000000-0056","과ㆍ채주스_배 주스 (Max)","투썸플레이스","카페","음료","외식(프랜차이즈 등 업체 제공 영양정보) | 음료 및 차류 | 과ㆍ채주스",""
"kfind-d220-716000000-0055","과ㆍ채주스_배 주스 (L)","투썸플레이스","카페","음료","외식(프랜차이즈 등 업체 제공 영양정보) | 음료 및 차류 | 과ㆍ채주스",""
"kfind-d220-716000000-0048","과ㆍ채주스_망고 주스 병음료","스타벅스","카페","음료","외식(프랜차이즈 등 업체 제공 영양정보) | 음료 및 차류 | 과ㆍ채주스",""
"kfind-d220-716000000-0214","과ㆍ채주스_망고 주스 (L)","공차","음료","음료","외식(프랜차이즈 등 업체 제공 영양정보) | 음료 및 차류 | 과ㆍ채주스",""
"kfind-d220-716000000-0213","과ㆍ채주스_망고 주스 (J)","공차","음료","음료","외식(프랜차이즈 등 업체 제공 영양정보) | 음료 및 차류 | 과ㆍ채주스",""
"kfind-d220-716000000-0206","과ㆍ채주스_딸기주스","이디야","카페","음료","외식(프랜차이즈 등 업체 제공 영양정보) | 음료 및 차류 | 과ㆍ채주스",""
"kfind-d220-716000000-0025","과ㆍ채주스_딸기 주스 병음료","스타벅스","카페","음료","외식(프랜차이즈 등 업체 제공 영양정보) | 음료 및 차류 | 과ㆍ채주스",""
"kfind-d220-716000000-0027","과ㆍ채주스_딸기 주스","이디야","카페","음료","외식(프랜차이즈 등 업체 제공 영양정보) | 음료 및 차류 | 과ㆍ채주스",""
"kfind-d220-716000000-0010","과ㆍ채주스_기운내라임 병음료","스타벅스","카페","음료","외식(프랜차이즈 등 업체 제공 영양정보) | 음료 및 차류 | 과ㆍ채주스",""
"kfind-d220-716000000-0192","과ㆍ채주스_구아바 크림 주스","빽다방","카페","음료","외식(프랜차이즈 등 업체 제공 영양정보) | 음료 및 차류 | 과ㆍ채주스",""
"kfind-d220-716000000-0191","과ㆍ채주스_골드키위주스","이디야","카페","음료","외식(프랜차이즈 등 업체 제공 영양정보) | 음료 및 차류 | 과ㆍ채주스",""
"kfind-d220-716000000-0006","과ㆍ채주스_골드키위 주스","이디야","카페","음료","외식(프랜차이즈 등 업체 제공 영양정보) | 음료 및 차류 | 과ㆍ채주스",""
"kfind-d220-716000000-0003","과ㆍ채주스_22수박 주스 (R)","투썸플레이스","카페","음료","외식(프랜차이즈 등 업체 제공 영양정보) | 음료 및 차류 | 과ㆍ채주스",""
"kfind-d220-716000000-0002","과ㆍ채주스_22수박 주스 (Max)","투썸플레이스","카페","음료","외식(프랜차이즈 등 업체 제공 영양정보) | 음료 및 차류 | 과ㆍ채주스",""
"kfind-d220-716000000-0001","과ㆍ채주스_22수박 주스 (L)","투썸플레이스","카페","음료","외식(프랜차이즈 등 업체 제공 영양정보) | 음료 및 차류 | 과ㆍ채주스",""
"kfind-d202-077000000-0003","계란빵_콘치즈 계란빵","이디야","카페","베이커리","외식(프랜차이즈 등 업체 제공 영양정보) | 빵 및 과자류 | 계란빵",""
"kfind-d225-757000000-0001","견과_넛츠앤푸르츠","투썸플레이스","카페","","외식(프랜차이즈 등 업체 제공 영양정보) | 두류, 견과 및 종실류 | 견과","UNKNOWN_INDIVIDUAL_MENU_CATEGORY"
"kfind-d212-537000000-0015","감자튀김_포테이트(R)","롯데리아","햄버거","사이드","외식(프랜차이즈 등 업체 제공 영양정보) | 튀김류 | 감자튀김",""
"kfind-d212-537000000-0014","감자튀김_포테이토(L)","롯데리아","햄버거","사이드","외식(프랜차이즈 등 업체 제공 영양정보) | 튀김류 | 감자튀김",""
"kfind-d212-537000000-0012","감자튀김_트러플포테이토스틱","피자스쿨","피자","사이드","외식(프랜차이즈 등 업체 제공 영양정보) | 튀김류 | 감자튀김",""
"kfind-d212-537000000-0004","감자튀김_웨지감자","교촌치킨","치킨","사이드","외식(프랜차이즈 등 업체 제공 영양정보) | 튀김류 | 감자튀김",""
"kfind-d212-537000000-0005","감자튀김_웨지감자","굽네치킨","치킨","사이드","외식(프랜차이즈 등 업체 제공 영양정보) | 튀김류 | 감자튀김",""
"kfind-d212-537000000-0011","감자튀김_양념감자 칠리","롯데리아","햄버거","사이드","외식(프랜차이즈 등 업체 제공 영양정보) | 튀김류 | 감자튀김",""
"kfind-d212-537000000-0010","감자튀김_양념감자 치즈","롯데리아","햄버거","사이드","외식(프랜차이즈 등 업체 제공 영양정보) | 튀김류 | 감자튀김",""
"kfind-d212-537000000-0009","감자튀김_양념감자 어니언","롯데리아","햄버거","사이드","외식(프랜차이즈 등 업체 제공 영양정보) | 튀김류 | 감자튀김",""
"kfind-d212-537000000-0008","감자튀김_못난이치즈감자","롯데리아","햄버거","사이드","외식(프랜차이즈 등 업체 제공 영양정보) | 튀김류 | 감자튀김",""
"kfind-d212-537000000-0002","감자튀김_감자볼튀김","호식이두마리치킨","치킨","사이드","외식(프랜차이즈 등 업체 제공 영양정보) | 튀김류 | 감자튀김",""
"kfind-d212-537000000-0007","감자튀김_갈릭포테이토","피자스쿨","피자","사이드","외식(프랜차이즈 등 업체 제공 영양정보) | 튀김류 | 감자튀김",""
"kfind-d312-537000000-0003","감자튀김_간편조리세트_감자튀김","맥도날드","햄버거","사이드","외식(분석함량) | 튀김류 | 감자튀김",""
"kfind-d312-537000000-0004","감자튀김_간편조리세트_감자튀김","롯데리아","햄버거","사이드","외식(분석함량) | 튀김류 | 감자튀김",""
"kfind-d312-537000000-0002","감자튀김_간편조리세트_감자튀김","맘스터치","햄버거","사이드","외식(분석함량) | 튀김류 | 감자튀김",""
"kfind-d202-075000000-0009","감자빵_찐찐 감자빵","할리스","카페","베이커리","외식(프랜차이즈 등 업체 제공 영양정보) | 빵 및 과자류 | 감자빵",""
"kfind-d202-075000000-0001","감자빵_강원도알감자빵 (5개입)","파리바게뜨","베이커리","베이커리","외식(프랜차이즈 등 업체 제공 영양정보) | 빵 및 과자류 | 감자빵",""
"kfind-d202-075000000-0002","감자빵_강원도알감자빵","파리바게뜨","베이커리","베이커리","외식(프랜차이즈 등 업체 제공 영양정보) | 빵 및 과자류 | 감자빵",""
"official-bbq-2247","황금올리브치킨","BBQ","치킨","치킨","",""
"official-bbq-2259","황금올리브치킨 순살","BBQ","치킨","치킨","",""
"official-bbq-2253","자메이카 통다리구이","BBQ","치킨","","","UNKNOWN_INDIVIDUAL_MENU_CATEGORY"
"official-bbq-2283","황금올리브치킨 크런치 버터","BBQ","치킨","치킨","",""
"official-nene-mild-whole","후라이드 마일드 한마리","네네치킨","치킨","","","UNKNOWN_INDIVIDUAL_MENU_CATEGORY"
"official-nene-mild-leg","후라이드 마일드 다리","네네치킨","치킨","","","UNKNOWN_INDIVIDUAL_MENU_CATEGORY"
"official-nene-mild-wing","후라이드 마일드 날개","네네치킨","치킨","","","UNKNOWN_INDIVIDUAL_MENU_CATEGORY"
"official-nene-mild-boneless","후라이드 마일드 순살","네네치킨","치킨","","","UNKNOWN_INDIVIDUAL_MENU_CATEGORY"
"official-nene-hot-whole","후라이드 핫 한마리","네네치킨","치킨","","","UNKNOWN_INDIVIDUAL_MENU_CATEGORY"
"official-nene-hot-boneless","후라이드 핫 순살","네네치킨","치킨","","","UNKNOWN_INDIVIDUAL_MENU_CATEGORY"
"official-nene-soy-wing","소이크런치윙봉","네네치킨","치킨","치킨","",""
"official-nene-soy-combo","소이크런치콤보","네네치킨","치킨","","","UNKNOWN_INDIVIDUAL_MENU_CATEGORY"
"official-nene-snowing-maxx","스노윙MAXX 한마리","네네치킨","치킨","치킨","",""
"official-mega-americano-hot","아메리카노 HOT","메가MGC커피","카페","카페","",""
"official-mega-americano-ice","아메리카노 ICE","메가MGC커피","카페","카페","",""
"official-mega-megaricano-ice","메가리카노 ICE","메가MGC커피","카페","","","UNKNOWN_INDIVIDUAL_MENU_CATEGORY"
"official-mega-latte-hot","카페라떼 HOT","메가MGC커피","카페","카페","",""
"official-mega-latte-ice","카페라떼 ICE","메가MGC커피","카페","카페","",""
"official-mega-vanilla-hot","바닐라라떼 HOT","메가MGC커피","카페","카페","",""
"official-mega-vanilla-ice","바닐라라떼 ICE","메가MGC커피","카페","카페","",""
"official-mega-strawberry-latte","딸기라떼 ICE","메가MGC커피","카페","카페","",""
"official-mega-plain-yogurt","플레인요거트스무디","메가MGC커피","카페","음료","",""
"official-mammoth-choco-cookie","매머드 초콜릿 칩 쿠키","매머드커피","카페","디저트","",""
"official-mammoth-macadamia-cookie","매머드 마카다미아 쿠키","매머드커피","카페","디저트","",""
"official-mammoth-banana-cookie","바나나 쿠키","매머드커피","카페","디저트","",""
"official-mammoth-brownie-cookie","브라우니 쿠키","매머드커피","카페","디저트","",""
"official-mammoth-plain-cheese-stick","끼리 플레인 치즈 스틱 케이크","매머드커피","카페","디저트","",""
"official-mammoth-honey-cream-donut","꿀 우유 크림 도넛","매머드커피","카페","디저트","",""
"official-mammoth-mini-macaron","미니 쁘띠 마카롱","매머드커피","카페","디저트","",""
"official-mammoth-choco-macaron","초콜릿 마카롱","매머드커피","카페","디저트","",""
"official-salady-d8d5ebfbe04f","탄단지 샐러디","샐러디","샐러드·포케","","","UNKNOWN_INDIVIDUAL_MENU_CATEGORY"
"official-salady-a24228891bc3","단호박 노릇두부 샐러디","샐러디","샐러드·포케","","","UNKNOWN_INDIVIDUAL_MENU_CATEGORY"
"official-salady-3ba62bc9be94","치킨 콥 샐러디","샐러디","샐러드·포케","치킨","",""
"official-salady-cc8ec97c2b51","로스트닭다리살 샐러디","샐러디","샐러드·포케","치킨","",""
"official-salady-a29f8e40232e","타코 쉬림프 샐러디","샐러디","샐러드·포케","","","UNKNOWN_INDIVIDUAL_MENU_CATEGORY"
"official-salady-275a2e5af7a5","그라브락스 연어 샐러디","샐러디","샐러드·포케","","","UNKNOWN_INDIVIDUAL_MENU_CATEGORY"
"official-salady-7f56eab08313","칠리베이컨 포케볼","샐러디","샐러드·포케","샐러드·포케","",""
"official-salady-b803311b84ed","우삼겹 포케볼","샐러디","샐러드·포케","샐러드·포케","",""
"official-salady-799fd787fbbf","청양간장 두부 비빔밥","샐러디","샐러드·포케","덮밥","",""
"official-salady-677acfb827b9","그라브락스 연어 포케볼","샐러디","샐러드·포케","샐러드·포케","",""
"official-salady-6d3fc64b2777","바베큐닭다리살 포케볼","샐러디","샐러드·포케","샐러드·포케","",""
"official-salady-86c5c600ad1f","고추장제육 포케볼","샐러디","샐러드·포케","샐러드·포케","",""
"official-salady-1665b1484544","고추장제육 들기름파스타 누들볼","샐러디","샐러드·포케","국수·우동","",""
"official-salady-7f9a726c405d","그라브락스 연어 파스타 누들볼","샐러디","샐러드·포케","국수·우동","",""
"official-salady-4e61ca51c380","소고기 비빔메밀 누들볼","샐러디","샐러드·포케","","","UNKNOWN_INDIVIDUAL_MENU_CATEGORY"
"official-salady-cd6cb69fe798","우삼겹메밀 누들볼","샐러디","샐러드·포케","","","UNKNOWN_INDIVIDUAL_MENU_CATEGORY"
"official-salady-73a5e7f3d67e","고추장제육 간장메밀 누들볼","샐러디","샐러드·포케","","","UNKNOWN_INDIVIDUAL_MENU_CATEGORY"
"official-salady-bc764775a372","닭다리살 MAX 프로틴 박스","샐러디","샐러드·포케","치킨","",""
"official-salady-200f57a69edc","우삼겹 MAX 프로틴 박스","샐러디","샐러드·포케","","","UNKNOWN_INDIVIDUAL_MENU_CATEGORY"
"official-salady-9908a36593f7","치킨 MAX 프로틴 파스타","샐러디","샐러드·포케","국수·우동","",""
"official-salady-90eab2f49fb5","에그마요 랩","샐러디","샐러드·포케","","","UNKNOWN_INDIVIDUAL_MENU_CATEGORY"
"official-salady-08ad1855aef4","멕시칸 랩","샐러디","샐러드·포케","","","UNKNOWN_INDIVIDUAL_MENU_CATEGORY"
"official-salady-620f55c559b5","타코 쉬림프 랩","샐러디","샐러드·포케","","","UNKNOWN_INDIVIDUAL_MENU_CATEGORY"
"official-salady-ab64fd56776e","그라브락스 연어 랩","샐러디","샐러드·포케","","","UNKNOWN_INDIVIDUAL_MENU_CATEGORY"
"official-salady-fd26193b49d1","로스트닭다리살 랩","샐러디","샐러드·포케","치킨","",""
"official-salady-823c02f31540","시저치킨 랩","샐러디","샐러드·포케","치킨","",""
"official-salady-465f6aaaadfd","바질치킨 랩","샐러디","샐러드·포케","치킨","",""
"official-salady-fadc5a4b40f8","바질크림 잠봉 랩","샐러디","샐러드·포케","","","UNKNOWN_INDIVIDUAL_MENU_CATEGORY"
"official-salady-a5ebd9a4b805","칠리베이컨 곡물랩","샐러디","샐러드·포케","","","UNKNOWN_INDIVIDUAL_MENU_CATEGORY"
"official-salady-09f623874d63","고소우삼겹 곡물랩","샐러디","샐러드·포케","","","UNKNOWN_INDIVIDUAL_MENU_CATEGORY"
"official-salady-6ea0dd78acfd","바베큐닭다리살 곡물랩","샐러디","샐러드·포케","치킨","",""
"official-salady-169773a1193c","클래식 치킨 샌드위치","샐러디","샐러드·포케","샌드위치","",""
"official-salady-f9a526f5dd4e","[프로틴]바질 레몬연어 샌드위치","샐러디","샐러드·포케","샌드위치","",""
"official-salady-910de548644e","[프로틴]바질크림 치킨 샌드위치","샐러디","샐러드·포케","샌드위치","",""
"official-salady-088f6a1bd74c","[프로틴]치킨 반미 샌드위치","샐러디","샐러드·포케","샌드위치","",""
"official-salady-44ca57bc0742","불고기 반미 샌드위치","샐러디","샐러드·포케","샌드위치","",""
"official-salady-604f05893832","[프로틴]비프에그마요 샌드위치","샐러디","샐러드·포케","샌드위치","",""
"official-salady-ac816d814608","[프로틴]프레시 잠봉 샌드위치","샐러디","샐러드·포케","샌드위치","",""
"official-salady-04a3c579ce87","스파이시 쉬림프 샌드위치","샐러디","샐러드·포케","샌드위치","",""
"official-salady-d83ff0d8d3ad","양송이 크림스프","샐러디","샐러드·포케","","","UNKNOWN_INDIVIDUAL_MENU_CATEGORY"
"official-salady-4d604e181424","단호박 크림스프","샐러디","샐러드·포케","","","UNKNOWN_INDIVIDUAL_MENU_CATEGORY"
"official-salady-ec710352d748","포테이토 크림스프","샐러디","샐러드·포케","","","UNKNOWN_INDIVIDUAL_MENU_CATEGORY"
"official-salady-cb93f0e4e471","치킨토마토 스튜","샐러디","샐러드·포케","치킨","",""
"official-salady-8f3ab04c2b09","카사바칩","샐러디","샐러드·포케","","","UNKNOWN_INDIVIDUAL_MENU_CATEGORY"
"official-salady-sandwich-d8d5ebfbe04f","탄단지 샐러디","샐러디&샌드위치","샌드위치","샐러드·포케","",""
"official-salady-sandwich-a24228891bc3","단호박 노릇두부 샐러디","샐러디&샌드위치","샌드위치","샐러드·포케","",""
"official-salady-sandwich-3ba62bc9be94","치킨 콥 샐러디","샐러디&샌드위치","샌드위치","샐러드·포케","",""
"official-salady-sandwich-cc8ec97c2b51","로스트닭다리살 샐러디","샐러디&샌드위치","샌드위치","샐러드·포케","",""
"official-salady-sandwich-a29f8e40232e","타코 쉬림프 샐러디","샐러디&샌드위치","샌드위치","샐러드·포케","",""
"official-salady-sandwich-275a2e5af7a5","그라브락스 연어 샐러디","샐러디&샌드위치","샌드위치","샐러드·포케","",""
"official-salady-sandwich-ec1805fb8d34","프루티 가든 샐러디","샐러디&샌드위치","샌드위치","샐러드·포케","",""
"official-salady-sandwich-7f56eab08313","칠리베이컨 포케볼","샐러디&샌드위치","샌드위치","샐러드·포케","",""
"official-salady-sandwich-b803311b84ed","우삼겹 포케볼","샐러디&샌드위치","샌드위치","샐러드·포케","",""
"official-salady-sandwich-799fd787fbbf","청양간장 두부 비빔밥","샐러디&샌드위치","샌드위치","덮밥","",""
"official-salady-sandwich-677acfb827b9","그라브락스 연어 포케볼","샐러디&샌드위치","샌드위치","샐러드·포케","",""
"official-salady-sandwich-6d3fc64b2777","바베큐닭다리살 포케볼","샐러디&샌드위치","샌드위치","샐러드·포케","",""
"official-salady-sandwich-86c5c600ad1f","고추장제육 포케볼","샐러디&샌드위치","샌드위치","샐러드·포케","",""
"official-salady-sandwich-1665b1484544","고추장제육 들기름파스타 누들볼","샐러디&샌드위치","샌드위치","국수·우동","",""
"official-salady-sandwich-7f9a726c405d","그라브락스 연어 파스타 누들볼","샐러디&샌드위치","샌드위치","국수·우동","",""
"official-salady-sandwich-4e61ca51c380","소고기 비빔메밀 누들볼","샐러디&샌드위치","샌드위치","","","UNKNOWN_INDIVIDUAL_MENU_CATEGORY"
"official-salady-sandwich-cd6cb69fe798","우삼겹메밀 누들볼","샐러디&샌드위치","샌드위치","","","UNKNOWN_INDIVIDUAL_MENU_CATEGORY"
"official-salady-sandwich-73a5e7f3d67e","고추장제육 간장메밀 누들볼","샐러디&샌드위치","샌드위치","","","UNKNOWN_INDIVIDUAL_MENU_CATEGORY"
"official-salady-sandwich-bc764775a372","닭다리살 MAX 프로틴 박스","샐러디&샌드위치","샌드위치","치킨","",""
"official-salady-sandwich-200f57a69edc","우삼겹 MAX 프로틴 박스","샐러디&샌드위치","샌드위치","","","UNKNOWN_INDIVIDUAL_MENU_CATEGORY"
"official-salady-sandwich-9908a36593f7","치킨 MAX 프로틴 파스타","샐러디&샌드위치","샌드위치","국수·우동","",""
"official-salady-sandwich-90eab2f49fb5","에그마요 랩","샐러디&샌드위치","샌드위치","","","UNKNOWN_INDIVIDUAL_MENU_CATEGORY"
"official-salady-sandwich-08ad1855aef4","멕시칸 랩","샐러디&샌드위치","샌드위치","","","UNKNOWN_INDIVIDUAL_MENU_CATEGORY"
"official-salady-sandwich-620f55c559b5","타코 쉬림프 랩","샐러디&샌드위치","샌드위치","","","UNKNOWN_INDIVIDUAL_MENU_CATEGORY"
"official-salady-sandwich-ab64fd56776e","그라브락스 연어 랩","샐러디&샌드위치","샌드위치","","","UNKNOWN_INDIVIDUAL_MENU_CATEGORY"
"official-salady-sandwich-fd26193b49d1","로스트닭다리살 랩","샐러디&샌드위치","샌드위치","치킨","",""
"official-salady-sandwich-823c02f31540","시저치킨 랩","샐러디&샌드위치","샌드위치","치킨","",""
"official-salady-sandwich-465f6aaaadfd","바질치킨 랩","샐러디&샌드위치","샌드위치","치킨","",""
"official-salady-sandwich-fadc5a4b40f8","바질크림 잠봉 랩","샐러디&샌드위치","샌드위치","","","UNKNOWN_INDIVIDUAL_MENU_CATEGORY"
"official-salady-sandwich-a5ebd9a4b805","칠리베이컨 곡물랩","샐러디&샌드위치","샌드위치","","","UNKNOWN_INDIVIDUAL_MENU_CATEGORY"
"official-salady-sandwich-09f623874d63","고소우삼겹 곡물랩","샐러디&샌드위치","샌드위치","","","UNKNOWN_INDIVIDUAL_MENU_CATEGORY"
"official-salady-sandwich-6ea0dd78acfd","바베큐닭다리살 곡물랩","샐러디&샌드위치","샌드위치","치킨","",""
"official-salady-sandwich-169773a1193c","클래식 치킨 샌드위치","샐러디&샌드위치","샌드위치","샌드위치","",""
"official-salady-sandwich-f9a526f5dd4e","[프로틴]바질 레몬연어 샌드위치","샐러디&샌드위치","샌드위치","샌드위치","",""
"official-salady-sandwich-910de548644e","[프로틴]바질크림 치킨 샌드위치","샐러디&샌드위치","샌드위치","샌드위치","",""
"official-salady-sandwich-088f6a1bd74c","[프로틴]치킨 반미 샌드위치","샐러디&샌드위치","샌드위치","샌드위치","",""
"official-salady-sandwich-44ca57bc0742","불고기 반미 샌드위치","샐러디&샌드위치","샌드위치","샌드위치","",""
"official-salady-sandwich-604f05893832","[프로틴]비프에그마요 샌드위치","샐러디&샌드위치","샌드위치","샌드위치","",""
"official-salady-sandwich-ac816d814608","[프로틴]프레시 잠봉 샌드위치","샐러디&샌드위치","샌드위치","샌드위치","",""
"official-salady-sandwich-04a3c579ce87","스파이시 쉬림프 샌드위치","샐러디&샌드위치","샌드위치","샌드위치","",""
"official-salady-sandwich-d61ce99652e6","바질 카프레제 샌드위치","샐러디&샌드위치","샌드위치","샌드위치","",""
"official-salady-sandwich-1218599ac5ad","하와이안 잠봉 샌드위치","샐러디&샌드위치","샌드위치","샌드위치","",""
"official-salady-sandwich-1164b75cb830","[프로틴]선데이 아보카도 치킨 샌드위치","샐러디&샌드위치","샌드위치","샌드위치","",""
"official-salady-sandwich-07109176a7db","선데이 아보카도 쉬림프 샌드위치","샐러디&샌드위치","샌드위치","샌드위치","",""
"official-salady-sandwich-16ddd13203ee","[프로틴]멜팅치즈 치킨 샌드위치","샐러디&샌드위치","샌드위치","샌드위치","",""
"official-salady-sandwich-503f7b157084","[프로틴]멜팅치즈 비프 샌드위치","샐러디&샌드위치","샌드위치","샌드위치","",""
"official-salady-sandwich-355b5c88fe73","[프로틴]멜팅치즈 우삼겹 샌드위치","샐러디&샌드위치","샌드위치","샌드위치","",""
"official-salady-sandwich-d83ff0d8d3ad","양송이 크림스프","샐러디&샌드위치","샌드위치","","","UNKNOWN_INDIVIDUAL_MENU_CATEGORY"
"official-salady-sandwich-4d604e181424","단호박 크림스프","샐러디&샌드위치","샌드위치","","","UNKNOWN_INDIVIDUAL_MENU_CATEGORY"
"official-salady-sandwich-ec710352d748","포테이토 크림스프","샐러디&샌드위치","샌드위치","","","UNKNOWN_INDIVIDUAL_MENU_CATEGORY"
"official-salady-sandwich-cb93f0e4e471","치킨토마토 스튜","샐러디&샌드위치","샌드위치","치킨","",""
"official-salady-sandwich-8f3ab04c2b09","카사바칩","샐러디&샌드위치","샌드위치","","","UNKNOWN_INDIVIDUAL_MENU_CATEGORY"
"official-sinjeon-sgs-20181116-1","떡볶이(순한맛)","신전떡볶이","분식","분식","",""
"official-sinjeon-sgs-20181116-2","떡볶이(매운맛)","신전떡볶이","분식","분식","",""
"official-quality-eggdrop-12659f6a2324","햄 앤 치즈 프렌치토스트","에그드랍","토스트","토스트","",""
"official-quality-eggdrop-1cc56c59a082","아보홀릭","에그드랍","토스트","","","UNKNOWN_INDIVIDUAL_MENU_CATEGORY"
"official-quality-eggdrop-5446bd8a5a01","아메리칸 햄 치즈","에그드랍","토스트","","","UNKNOWN_INDIVIDUAL_MENU_CATEGORY"
"official-quality-eggdrop-7d47874b3b45","베이컨 딥 치즈 번","에그드랍","토스트","","","UNKNOWN_INDIVIDUAL_MENU_CATEGORY"
"official-quality-eggdrop-8767c6076e82","미스터 에그","에그드랍","토스트","","","UNKNOWN_INDIVIDUAL_MENU_CATEGORY"
"official-quality-eggdrop-92f88de75932","베이컨 더블 치즈","에그드랍","토스트","","","UNKNOWN_INDIVIDUAL_MENU_CATEGORY"
"official-quality-eggdrop-a67caa18d6a1","갈릭 베이컨 치즈","에그드랍","토스트","","","UNKNOWN_INDIVIDUAL_MENU_CATEGORY"
"official-quality-eggdrop-d01989c465ec","비프 데리야끼","에그드랍","토스트","","","UNKNOWN_INDIVIDUAL_MENU_CATEGORY"
"official-quality-pokeallday-470b38d0102e","닭다리살 밸런스 박스","포케올데이","샐러드·포케","치킨","",""
"official-quality-pokeallday-5348daeb79aa","훈제오리 밸런스 박스","포케올데이","샐러드·포케","","","UNKNOWN_INDIVIDUAL_MENU_CATEGORY"
"official-quality-pokeallday-631144c60af7","닭가슴살 밸런스 박스","포케올데이","샐러드·포케","","","UNKNOWN_INDIVIDUAL_MENU_CATEGORY"
"official-quality-pokeallday-7de2c7b68ab3","소고기 밸런스 박스","포케올데이","샐러드·포케","","","UNKNOWN_INDIVIDUAL_MENU_CATEGORY"
"official-quality-pokeallday-e7e9b01e14b1","두부버섯 밸런스 박스","포케올데이","샐러드·포케","","","UNKNOWN_INDIVIDUAL_MENU_CATEGORY"
"official-quality-slowcali-0786a82a713d","훈제오리 40g","슬로우캘리","샐러드·포케","","","UNKNOWN_INDIVIDUAL_MENU_CATEGORY"
"official-quality-slowcali-09d8fb1df774","콤부차 석류","슬로우캘리","샐러드·포케","","","UNKNOWN_INDIVIDUAL_MENU_CATEGORY"
"official-quality-slowcali-0b81a83489f9","참치 포케 (메밀면&샐러드)","슬로우캘리","샐러드·포케","샐러드·포케","",""
"official-quality-slowcali-0f1f4814fdf0","오리엔탈 소스","슬로우캘리","샐러드·포케","사이드","",""
"official-quality-slowcali-0fa3c4a6f03f","부채살 스테이크 보울 (메밀면&샐러드)","슬로우캘리","샐러드·포케","샐러드·포케","",""
"official-quality-slowcali-10469cb1c517","스리라차 마요소스","슬로우캘리","샐러드·포케","사이드","",""
"official-quality-slowcali-10e01a89dff2","훈제오리 샐러드","슬로우캘리","샐러드·포케","샐러드·포케","",""
"official-quality-slowcali-151df012213b","매콤 깻잎 소이소스","슬로우캘리","샐러드·포케","사이드","",""
"official-quality-slowcali-1622206e1aa6","오리엔탈 두부 포케 (현미밥&샐러드)","슬로우캘리","샐러드·포케","샐러드·포케","",""
"official-quality-slowcali-1add632ce690","베이컨칩 5g","슬로우캘리","샐러드·포케","","","UNKNOWN_INDIVIDUAL_MENU_CATEGORY"
"official-quality-slowcali-1c57c17dddf8","어니언 후레이크 18g","슬로우캘리","샐러드·포케","","","UNKNOWN_INDIVIDUAL_MENU_CATEGORY"
"official-quality-slowcali-1e2ef8512a74","육회 30g","슬로우캘리","샐러드·포케","","","UNKNOWN_INDIVIDUAL_MENU_CATEGORY"
"official-quality-slowcali-250e7cbd17f8","블랙페퍼 치킨 보울 (현미밥&샐러드)","슬로우캘리","샐러드·포케","샐러드·포케","",""
"official-quality-slowcali-27352742c388","탄단지데이 샐러드","슬로우캘리","샐러드·포케","샐러드·포케","",""
"official-quality-slowcali-2be81a2ad038","샐러드 30g","슬로우캘리","샐러드·포케","샐러드·포케","",""
"official-quality-slowcali-2c7af11f83a0","오리엔탈 두부 포케 (샐러드 ONLY)","슬로우캘리","샐러드·포케","샐러드·포케","",""
"official-quality-slowcali-2cdad9a31df7","솔트앤페퍼 소스","슬로우캘리","샐러드·포케","사이드","",""
"official-quality-slowcali-2ce5b62049d4","연.참.문.퐄","슬로우캘리","샐러드·포케","","","UNKNOWN_INDIVIDUAL_MENU_CATEGORY"
"official-quality-slowcali-35858100716b","올인원 포케 (현미밥&샐러드)","슬로우캘리","샐러드·포케","샐러드·포케","",""
"official-quality-slowcali-3b21b05da273","라임폰즈 문어 포케 (메밀면&샐러드)","슬로우캘리","샐러드·포케","샐러드·포케","",""
"official-quality-slowcali-3dfe6a61fd58","훈제오리&치킨 더블프로틴 보울(샐러드 ONLY)","슬로우캘리","샐러드·포케","샐러드·포케","",""
"official-quality-slowcali-4272785940ef","블랙페퍼 치킨 보울 (메밀면&샐러드)","슬로우캘리","샐러드·포케","샐러드·포케","",""
"official-quality-slowcali-43028619a4ad","병아리콩 15g","슬로우캘리","샐러드·포케","","","UNKNOWN_INDIVIDUAL_MENU_CATEGORY"
"official-quality-slowcali-44e392d2df7b","문어 30g","슬로우캘리","샐러드·포케","","","UNKNOWN_INDIVIDUAL_MENU_CATEGORY"
"official-quality-slowcali-45221c2ec443","라임폰즈 소스","슬로우캘리","샐러드·포케","사이드","",""
"official-quality-slowcali-47cdfb1811a5","삶은 계란 1EA","슬로우캘리","샐러드·포케","","","UNKNOWN_INDIVIDUAL_MENU_CATEGORY"
"official-quality-slowcali-4dbbfb45ea18","부채살 스테이크 보울 (현미밥&샐러드)","슬로우캘리","샐러드·포케","샐러드·포케","",""
"official-quality-slowcali-4f3de41e4628","부채살 스테이크 보울 (샐러드 ONLY)","슬로우캘리","샐러드·포케","샐러드·포케","",""
"official-quality-slowcali-509619beb409","소이 소스","슬로우캘리","샐러드·포케","사이드","",""
"official-quality-slowcali-5370a2ad46b2","육회 포케 (현미밥&샐러드)","슬로우캘리","샐러드·포케","샐러드·포케","",""
"official-quality-slowcali-53d7e956f486","부채살 120g","슬로우캘리","샐러드·포케","","","UNKNOWN_INDIVIDUAL_MENU_CATEGORY"
"official-quality-slowcali-5b7d806f1081","시저 소스","슬로우캘리","샐러드·포케","사이드","",""
"official-quality-slowcali-646b41ee617d","라임폰즈 문어 포케 (현미밥&샐러드)","슬로우캘리","샐러드·포케","샐러드·포케","",""
"official-quality-slowcali-6a54190240ab","트러플 버섯 포케 (현미밥&샐러드)","슬로우캘리","샐러드·포케","샐러드·포케","",""
"official-quality-slowcali-6a5bff39c906","로스팅 닭다리살 40g","슬로우캘리","샐러드·포케","치킨","",""
"official-quality-slowcali-6fea2f26c14c","비프&치킨 더블프로틴 보울(샐러드 ONLY)","슬로우캘리","샐러드·포케","샐러드·포케","",""
"official-quality-slowcali-7249fe909f7f","해초볶음 30g","슬로우캘리","샐러드·포케","","","UNKNOWN_INDIVIDUAL_MENU_CATEGORY"
"official-quality-slowcali-74826ef591d3","트러플 버섯 포케 (메밀면&샐러드)","슬로우캘리","샐러드·포케","샐러드·포케","",""
"official-quality-slowcali-74cae90a526f","문어 포케 (현미밥&샐러드)","슬로우캘리","샐러드·포케","샐러드·포케","",""
"official-quality-slowcali-78014fcd587a","프리미엄 연어 스테이크 (메밀면&샐러드)","슬로우캘리","샐러드·포케","샐러드·포케","",""
"official-quality-slowcali-7a5d9c29d27a","하와이안 갈릭 쉬림프 (현미밥&샐러드)","슬로우캘리","샐러드·포케","샐러드·포케","",""
"official-quality-slowcali-7ae23a4ca903","에다마메 15g","슬로우캘리","샐러드·포케","","","UNKNOWN_INDIVIDUAL_MENU_CATEGORY"
"official-quality-slowcali-7b2eb34c2fe5","연어 30g","슬로우캘리","샐러드·포케","","","UNKNOWN_INDIVIDUAL_MENU_CATEGORY"
"official-quality-slowcali-7dd6a65938eb","참치 포케 (샐러드 ONLY)","슬로우캘리","샐러드·포케","샐러드·포케","",""
"official-quality-slowcali-7f31f86d4542","문어 포케 (메밀면&샐러드)","슬로우캘리","샐러드·포케","샐러드·포케","",""
"official-quality-slowcali-8187dbcb2288","그래놀라 10g","슬로우캘리","샐러드·포케","","","UNKNOWN_INDIVIDUAL_MENU_CATEGORY"
"official-quality-slowcali-825fcfeeb579","레드머스타드 소스","슬로우캘리","샐러드·포케","사이드","",""
"official-quality-slowcali-8397ae5395fc","블랙페퍼 치킨 보울 (샐러드 ONLY)","슬로우캘리","샐러드·포케","샐러드·포케","",""
"official-quality-slowcali-85b27cc3a258","스파이시 소스","슬로우캘리","샐러드·포케","사이드","",""
"official-quality-slowcali-8ba31fce1f20","하와이안 갈릭 쉬림프 (샐러드 ONLY)","슬로우캘리","샐러드·포케","샐러드·포케","",""
"official-quality-slowcali-904a1450e52a","하와이안 갈릭 쉬림프 (메밀면&샐러드)","슬로우캘리","샐러드·포케","샐러드·포케","",""
"official-quality-slowcali-9a23ff864233","트러플폰즈 소스","슬로우캘리","샐러드·포케","사이드","",""
"official-quality-slowcali-9acb34672c9f","참치 30g","슬로우캘리","샐러드·포케","","","UNKNOWN_INDIVIDUAL_MENU_CATEGORY"
"official-quality-slowcali-9db5851f9f9f","육회 포케 (메밀면&샐러드)","슬로우캘리","샐러드·포케","샐러드·포케","",""
"official-quality-slowcali-9f0e1f0bbc16","크런치 시저 샐러드","슬로우캘리","샐러드·포케","샐러드·포케","",""
"official-quality-slowcali-a1029ceab769","와사비렌치 소스","슬로우캘리","샐러드·포케","사이드","",""
"official-quality-slowcali-a1cace377ce2","클래식 소스","슬로우캘리","샐러드·포케","사이드","",""
"official-quality-slowcali-a2c449ff7165","아보카도 1/4","슬로우캘리","샐러드·포케","","","UNKNOWN_INDIVIDUAL_MENU_CATEGORY"
"official-quality-slowcali-a4660546ae6a","육회 포케 (샐러드 ONLY)","슬로우캘리","샐러드·포케","샐러드·포케","",""
"official-quality-slowcali-a891e79a883f","갈릭새우 5EA","슬로우캘리","샐러드·포케","","","UNKNOWN_INDIVIDUAL_MENU_CATEGORY"
"official-quality-slowcali-b1b789657aca","크루통 10g","슬로우캘리","샐러드·포케","","","UNKNOWN_INDIVIDUAL_MENU_CATEGORY"
"official-quality-slowcali-b1ff59648bb6","닭가슴살 에그 포케 (메밀면&샐러드)","슬로우캘리","샐러드·포케","샐러드·포케","",""
"official-quality-slowcali-b69fd02e4ef3","유기농 ABC 주스","슬로우캘리","샐러드·포케","음료","",""
"official-quality-slowcali-b7811b111fb5","닭가슴살 에그 포케 (샐러드 ONLY)","슬로우캘리","샐러드·포케","샐러드·포케","",""
"official-quality-slowcali-bc2cd0f30fb5","로스팅 닭다리살 샐러드","슬로우캘리","샐러드·포케","샐러드·포케","",""
"official-quality-slowcali-c2600a4653d0","비프&치킨 더블프로틴 보울(현미밥&샐러드)","슬로우캘리","샐러드·포케","샐러드·포케","",""
"official-quality-slowcali-c40624616c48","콤부차 진저레몬","슬로우캘리","샐러드·포케","","","UNKNOWN_INDIVIDUAL_MENU_CATEGORY"
"official-quality-slowcali-c7fe2e85b5d0","현미밥 130g","슬로우캘리","샐러드·포케","","","UNKNOWN_INDIVIDUAL_MENU_CATEGORY"
"official-quality-slowcali-c926ed1f2e24","그라노파다노 치즈 3g","슬로우캘리","샐러드·포케","","","UNKNOWN_INDIVIDUAL_MENU_CATEGORY"
"official-quality-slowcali-caaacca09bfb","날치알 15g","슬로우캘리","샐러드·포케","","","UNKNOWN_INDIVIDUAL_MENU_CATEGORY"
"official-quality-slowcali-cae6afe3db59","서울 고추장 소스","슬로우캘리","샐러드·포케","사이드","",""
"official-quality-slowcali-cd10674c964e","올인원 포케 (메밀면&샐러드)","슬로우캘리","샐러드·포케","샐러드·포케","",""
"official-quality-slowcali-cd211ed004d2","메밀면 130g","슬로우캘리","샐러드·포케","","","UNKNOWN_INDIVIDUAL_MENU_CATEGORY"
"official-quality-slowcali-d244cf77372d","블랙페퍼 닭다리살 70g","슬로우캘리","샐러드·포케","치킨","",""
"official-quality-slowcali-d431fbbb2b95","스파이시 토마토 야채 스프","슬로우캘리","샐러드·포케","","","UNKNOWN_INDIVIDUAL_MENU_CATEGORY"
"official-quality-slowcali-d44d57217ead","비프&치킨 더블프로틴 보울(메밀면&샐러드)","슬로우캘리","샐러드·포케","샐러드·포케","",""
"official-quality-slowcali-d55d574ae482","부채살 스테이크 통밀랩","슬로우캘리","샐러드·포케","","","UNKNOWN_INDIVIDUAL_MENU_CATEGORY"
"official-quality-slowcali-d575aeac6d62","프리미엄 연어 스테이크 (샐러드 ONLY)","슬로우캘리","샐러드·포케","샐러드·포케","",""
"official-quality-slowcali-dc28f13a796d","닭가슴살 40g","슬로우캘리","샐러드·포케","","","UNKNOWN_INDIVIDUAL_MENU_CATEGORY"
"official-quality-slowcali-dfacee991478","참치 포케 (현미밥&샐러드)","슬로우캘리","샐러드·포케","샐러드·포케","",""
"official-quality-slowcali-e21feb2da021","사워크림 랩 소스","슬로우캘리","샐러드·포케","사이드","",""
"official-quality-slowcali-e5edf17cce08","아보카도 1/2","슬로우캘리","샐러드·포케","","","UNKNOWN_INDIVIDUAL_MENU_CATEGORY"
"official-quality-slowcali-e6aaa6900f3f","할라피뇨 10g","슬로우캘리","샐러드·포케","","","UNKNOWN_INDIVIDUAL_MENU_CATEGORY"
"official-quality-slowcali-e832b5266dac","프리미엄 연어 스테이크 (현미밥&샐러드)","슬로우캘리","샐러드·포케","샐러드·포케","",""
"official-quality-slowcali-e9edceff679e","훈제오리&치킨 더블프로틴 보울(현미밥&샐러드)","슬로우캘리","샐러드·포케","샐러드·포케","",""
"official-quality-slowcali-edba9a1ea6fe","발사믹 소스","슬로우캘리","샐러드·포케","사이드","",""
"official-quality-slowcali-ee5e4f91853f","두부 40g","슬로우캘리","샐러드·포케","","","UNKNOWN_INDIVIDUAL_MENU_CATEGORY"
"official-quality-slowcali-f1fef49abbc1","훈제오리&치킨 더블프로틴 보울(메밀면&샐러드)","슬로우캘리","샐러드·포케","샐러드·포케","",""
"official-quality-slowcali-f58264c9e2e7","구운버섯 40g","슬로우캘리","샐러드·포케","","","UNKNOWN_INDIVIDUAL_MENU_CATEGORY"
"official-quality-slowcali-f652e773f712","구운 단호박 2EA","슬로우캘리","샐러드·포케","","","UNKNOWN_INDIVIDUAL_MENU_CATEGORY"
"official-quality-slowcali-f89ba911bbee","닭가슴살 에그 포케 (현미밥&샐러드)","슬로우캘리","샐러드·포케","샐러드·포케","",""
"official-quality-slowcali-fb00c3c496d3","오리엔탈 두부 포케 (메밀면&샐러드)","슬로우캘리","샐러드·포케","샐러드·포케","",""
"official-quality-slowcali-fb4be08a8ae5","닭가슴살 에그 통밀랩","슬로우캘리","샐러드·포케","","","UNKNOWN_INDIVIDUAL_MENU_CATEGORY"
"official-quality-subway-026f1edfacbc","스테이크 & 머쉬룸 샐러드","써브웨이","샌드위치","샐러드·포케","",""
"official-quality-subway-02a71989ca62","쉬림프","써브웨이","샌드위치","","","UNKNOWN_INDIVIDUAL_MENU_CATEGORY"
"official-quality-subway-03ffe5a06407","에그마요 베이컨 그레인 샐러드","써브웨이","샌드위치","샐러드·포케","",""
"official-quality-subway-0b08236432aa","치킨 슬라이스","써브웨이","샌드위치","치킨","",""
"official-quality-subway-0e96216d54ec","로스트 치킨 아보카도","써브웨이","샌드위치","치킨","",""
"official-quality-subway-11f1718eec73","로스트 치킨 베이컨 샐러드","써브웨이","샌드위치","샐러드·포케","",""
"official-quality-subway-1269820f04f1","치킨 데리야끼","써브웨이","샌드위치","치킨","",""
"official-quality-subway-185dfa3e9224","스파이시 쉬림프","써브웨이","샌드위치","","","UNKNOWN_INDIVIDUAL_MENU_CATEGORY"
"official-quality-subway-1ef6bf91e2c1","머쉬룸(F)","써브웨이","샌드위치","","","UNKNOWN_INDIVIDUAL_MENU_CATEGORY"
"official-quality-subway-2001caaf4b3b","쉬림프 아보카도 그레인 샐러드","써브웨이","샌드위치","샐러드·포케","",""
"official-quality-subway-22805f0b9a4e","비엘티","써브웨이","샌드위치","","","UNKNOWN_INDIVIDUAL_MENU_CATEGORY"
"official-quality-subway-22c256907baa","Bacon Cheesy 웨지 포테이토","써브웨이","샌드위치","","","UNKNOWN_INDIVIDUAL_MENU_CATEGORY"
"official-quality-subway-24345cad8cb5","웨지 포테이토","써브웨이","샌드위치","","","UNKNOWN_INDIVIDUAL_MENU_CATEGORY"
"official-quality-subway-3122955efaf9","스파이시 쉬림프 타코 샐러드","써브웨이","샌드위치","샐러드·포케","",""
"official-quality-subway-3412729aab33","로티세리 치킨 타코 샐러드","써브웨이","샌드위치","샐러드·포케","",""
"official-quality-subway-3c88fb7f75b8","풀드포크 바비큐","써브웨이","샌드위치","","","UNKNOWN_INDIVIDUAL_MENU_CATEGORY"
"official-quality-subway-416af61316b0","라즈베리 치즈케익","써브웨이","샌드위치","","","UNKNOWN_INDIVIDUAL_MENU_CATEGORY"
"official-quality-subway-44c34e967bb5","스파이시 쉬림프 타코 그레인 샐러드","써브웨이","샌드위치","샐러드·포케","",""
"official-quality-subway-4947b7c366aa","로티세리 치킨 더블치즈 샐러드","써브웨이","샌드위치","샐러드·포케","",""
"official-quality-subway-52e02dfb20a9","스테이크 & 치즈","써브웨이","샌드위치","","","UNKNOWN_INDIVIDUAL_MENU_CATEGORY"
"official-quality-subway-5c7c8c124f43","써브웨이 클럽","써브웨이","샌드위치","","","UNKNOWN_INDIVIDUAL_MENU_CATEGORY"
"official-quality-subway-5d5b7ee3fffe","스테이크 & 머쉬룸 그레인 샐러드","써브웨이","샌드위치","샐러드·포케","",""
"official-quality-subway-628a263bd9b9","로스트 치킨","써브웨이","샌드위치","치킨","",""
"official-quality-subway-633e5e7c8f5a","스테이크 & 치즈 아보카도 랩","써브웨이","샌드위치","","","UNKNOWN_INDIVIDUAL_MENU_CATEGORY"
"official-quality-subway-659e7dda7864","Cheesy 웨지 포테이토","써브웨이","샌드위치","","","UNKNOWN_INDIVIDUAL_MENU_CATEGORY"
"official-quality-subway-66ac41d167d2","참치 아보카도 그레인 샐러드","써브웨이","샌드위치","샐러드·포케","",""
"official-quality-subway-6c41bd322c51","로티세리 치킨 더블치즈 그레인 샐러드","써브웨이","샌드위치","샐러드·포케","",""
"official-quality-subway-6ca504fcd641","안창비프&머쉬룸(S)","써브웨이","샌드위치","","","UNKNOWN_INDIVIDUAL_MENU_CATEGORY"
"official-quality-subway-6cd1252b2a04","화이트 초코 마카다미아","써브웨이","샌드위치","","","UNKNOWN_INDIVIDUAL_MENU_CATEGORY"
"official-quality-subway-7017b2ef2329","치킨 베이컨 미니 랩","써브웨이","샌드위치","치킨","",""
"official-quality-subway-70fdb2cd788f","머쉬룸(S)","써브웨이","샌드위치","","","UNKNOWN_INDIVIDUAL_MENU_CATEGORY"
"official-quality-subway-77be02d2e267","안창 비프","써브웨이","샌드위치","","","UNKNOWN_INDIVIDUAL_MENU_CATEGORY"
"official-quality-subway-7aefc65dc710","참치","써브웨이","샌드위치","","","UNKNOWN_INDIVIDUAL_MENU_CATEGORY"
"official-quality-subway-7c7c3bab8afe","피자썹","써브웨이","샌드위치","피자","",""
"official-quality-subway-7d8744f95095","에그 슬라이스","써브웨이","샌드위치","","","UNKNOWN_INDIVIDUAL_MENU_CATEGORY"
"official-quality-subway-82774e3dc812","로티세리 바비큐 치킨","써브웨이","샌드위치","치킨","",""
"official-quality-subway-83d2e5889d65","에그마요","써브웨이","샌드위치","","","UNKNOWN_INDIVIDUAL_MENU_CATEGORY"
"official-quality-subway-85ab44c255d5","미니 로티세리 치킨 샐러드","써브웨이","샌드위치","샐러드·포케","",""
"official-quality-subway-899bbe98906e","잠봉, 에그&치즈","써브웨이","샌드위치","","","UNKNOWN_INDIVIDUAL_MENU_CATEGORY"
"official-quality-subway-8a82a61151ee","아기맹새우","써브웨이","샌드위치","","","UNKNOWN_INDIVIDUAL_MENU_CATEGORY"
"official-quality-subway-8caf96306a86","참치 아보카도 샐러드","써브웨이","샌드위치","샐러드·포케","",""
"official-quality-subway-8d96fd03e66b","잠봉","써브웨이","샌드위치","","","UNKNOWN_INDIVIDUAL_MENU_CATEGORY"
"official-quality-subway-90e094754a76","로티세리 치킨 타코 그레인 샐러드","써브웨이","샌드위치","샐러드·포케","",""
"official-quality-subway-9b0081f452a2","더블 초코칩","써브웨이","샌드위치","","","UNKNOWN_INDIVIDUAL_MENU_CATEGORY"
"official-quality-subway-a0b95d339886","잠봉 플러스","써브웨이","샌드위치","","","UNKNOWN_INDIVIDUAL_MENU_CATEGORY"
"official-quality-subway-a2a4d5683c6f","에그마요 베이컨 샐러드","써브웨이","샌드위치","샐러드·포케","",""
"official-quality-subway-ae49ebc3651f","풀드포크 타코 그레인 샐러드","써브웨이","샌드위치","샐러드·포케","",""
"official-quality-subway-b2f54c0a5caa","로스트 치킨 베이컨 그레인 샐러드","써브웨이","샌드위치","샐러드·포케","",""
"official-quality-subway-bebec5bb5a60","이탈리안 비엠티","써브웨이","샌드위치","","","UNKNOWN_INDIVIDUAL_MENU_CATEGORY"
"official-quality-subway-c11a2a1cf5c2","스파이시 이탈리안","써브웨이","샌드위치","","","UNKNOWN_INDIVIDUAL_MENU_CATEGORY"
"official-quality-subway-cdf173b3fcaf","잠봉, 에그 & 치즈 랩","써브웨이","샌드위치","","","UNKNOWN_INDIVIDUAL_MENU_CATEGORY"
"official-quality-subway-d284edb2ea7f","쉬림프 에그마요 랩","써브웨이","샌드위치","","","UNKNOWN_INDIVIDUAL_MENU_CATEGORY"
"official-quality-subway-d550ef40160a","초코칩","써브웨이","샌드위치","","","UNKNOWN_INDIVIDUAL_MENU_CATEGORY"
"official-quality-subway-d633df0bd681","웨스턴, 에그 & 치즈","써브웨이","샌드위치","","","UNKNOWN_INDIVIDUAL_MENU_CATEGORY"
"official-quality-subway-d67759e7643f","안창비프&머쉬룸(F)","써브웨이","샌드위치","","","UNKNOWN_INDIVIDUAL_MENU_CATEGORY"
"official-quality-subway-e34b3bc13ae8","오트밀 레이즌","써브웨이","샌드위치","","","UNKNOWN_INDIVIDUAL_MENU_CATEGORY"
"official-quality-subway-e6ea2a997398","베지","써브웨이","샌드위치","","","UNKNOWN_INDIVIDUAL_MENU_CATEGORY"
"official-quality-subway-e71fe5fde1e3","웨스턴, 에그 & 치즈 랩","써브웨이","샌드위치","","","UNKNOWN_INDIVIDUAL_MENU_CATEGORY"
"official-quality-subway-ec2e335a7c37","그린 샐러드","써브웨이","샌드위치","샐러드·포케","",""
"official-quality-subway-ed0c15cd5b74","풀드포크 타코 샐러드","써브웨이","샌드위치","샐러드·포케","",""
"official-quality-subway-f590157db9c1","치킨 베이컨 아보카도","써브웨이","샌드위치","치킨","",""
"official-quality-subway-f63e4053cd85","그린 그레인 샐러드","써브웨이","샌드위치","샐러드·포케","",""
"official-quality-subway-fde946a26ff3","쉬림프 아보카도 샐러드","써브웨이","샌드위치","샐러드·포케","",""
"official-delivery-00473104b4490c38","슈팅스타","배스킨라빈스","아이스크림","아이스크림","",""
"official-delivery-041914298b27b25f","카라멜 퐁당 몬치치","배스킨라빈스","아이스크림","아이스크림","",""
"official-delivery-049528b22dbde30d","너는 참 달고나","배스킨라빈스","아이스크림","아이스크림","",""
"official-delivery-140f6137eff42787","베리베리 스트로베리","배스킨라빈스","아이스크림","아이스크림","",""
"official-delivery-1a32145f5776d83f","(Lessly Edition) 바 베 바","배스킨라빈스","아이스크림","아이스크림","",""
"official-delivery-2066fd52251df6e5","고무고무 블루베리 마카롱","배스킨라빈스","아이스크림","아이스크림","",""
"official-delivery-3f00ccd6407eaddd","체리쥬빌레","배스킨라빈스","아이스크림","아이스크림","",""
"official-delivery-4002612c415f4542","민트 초콜릿 칩","배스킨라빈스","아이스크림","아이스크림","",""
"official-delivery-4ba2846fc0aaf91b","그린티","배스킨라빈스","아이스크림","아이스크림","",""
"official-delivery-575170c4a995983e","사랑에 빠진 딸기","배스킨라빈스","아이스크림","아이스크림","",""
"official-delivery-6645017a814d2947","망고 탱고","배스킨라빈스","아이스크림","아이스크림","",""
"official-delivery-676e73bc67672e12","산딸기가 끌리는 연유","배스킨라빈스","아이스크림","아이스크림","",""
"official-delivery-6927f6569ba13a89","우디의 후르츠 어드벤처","배스킨라빈스","아이스크림","아이스크림","",""
"official-delivery-69d77582934f8095","초콜릿 무스","배스킨라빈스","아이스크림","아이스크림","",""
"official-delivery-6a671b0d3871c86b","트로피컬 콜라다","배스킨라빈스","아이스크림","아이스크림","",""
"official-delivery-6d4c2221f5050b95","(Lessly Edition) 엄마는 외계인","배스킨라빈스","아이스크림","아이스크림","",""
"official-delivery-7773a493851074ff","31요거트","배스킨라빈스","아이스크림","아이스크림","",""
"official-delivery-7e10a792171f61ef","뉴욕 치즈케이크","배스킨라빈스","아이스크림","아이스크림","",""
"official-delivery-867d0013f728f868","말차에 바나나","배스킨라빈스","아이스크림","아이스크림","",""
"official-delivery-919828af76561825","팥있는 말차당","배스킨라빈스","아이스크림","아이스크림","",""
"official-delivery-9f0b7f282b0ef70f","피스타치오 아몬드","배스킨라빈스","아이스크림","아이스크림","",""
"official-delivery-a0c91e9fc7d63593","바람과 함께 사라지다","배스킨라빈스","아이스크림","아이스크림","",""
"official-delivery-b33784d1fc6cca95","메롱 멜론","배스킨라빈스","아이스크림","아이스크림","",""
"official-delivery-b36470b5c60cd5ef","레인보우 샤베트","배스킨라빈스","아이스크림","아이스크림","",""
"official-delivery-b5bec6dc98cb5dba","오레오 쿠키 앤 크림","배스킨라빈스","아이스크림","아이스크림","",""
"official-delivery-b98f83bea2b47613","몬스터 크런치 쿠키","배스킨라빈스","아이스크림","아이스크림","",""
"official-delivery-ce10a5210b2641a2","엄마는 외계인","배스킨라빈스","아이스크림","아이스크림","",""
"official-delivery-d3c202c8881bf0d4","초콜릿","배스킨라빈스","아이스크림","아이스크림","",""
"official-delivery-d4c9e08e1ae71e76","자모카 아몬드 훠지","배스킨라빈스","아이스크림","아이스크림","",""
"official-delivery-da16561591632a14","골드 메달 리본","배스킨라빈스","아이스크림","아이스크림","",""
"official-delivery-e12add341623e30a","두바이에서 온 엄마는 외계인","배스킨라빈스","아이스크림","아이스크림","",""
"official-delivery-ec280af0ce3c5f31","비스코프 에스프레소 크런치","배스킨라빈스","아이스크림","아이스크림","",""
"official-delivery-f638c06c437a8329","바닐라","배스킨라빈스","아이스크림","아이스크림","",""
"official-delivery-f78925a5b670711a","도쿄바나나 크렘브륄레","배스킨라빈스","아이스크림","아이스크림","",""
"official-delivery-f79dfd49f5d60236","아몬드 봉봉","배스킨라빈스","아이스크림","아이스크림","",""
"official-delivery-431cef8720402dd3","양념치킨","지코바","치킨","치킨","",""
"official-delivery-948ebda660b09ff7","순살반반","지코바","치킨","치킨","",""
"official-delivery-adf18982a0ce361b","순살소금구이","지코바","치킨","치킨","",""
"official-delivery-f771f86c05d09057","소금구이치킨","지코바","치킨","치킨","",""
"official-delivery-fc00bc8aa4325659","순살양념구이","지코바","치킨","치킨","",""
"official-delivery-1d77a8a8bc7e4d0f","치즈수플레미트파이 (R)","청년피자","피자","피자","",""
"official-delivery-47af8ad30275d995","크리스피핫윙 4개","청년피자","피자","치킨","",""
"official-delivery-4a0a550c4c2e1ba5","불고기크림파스타","청년피자","피자","파스타","",""
"official-delivery-4ea8d8880cc30af0","크리스피 직화 바베큐 (R)","청년피자","피자","피자","",""
"official-delivery-5f4a0608eacd031e","미트소스스파게티","청년피자","피자","파스타","",""
"official-delivery-695479d4e13c5599","청년너겟 15개","청년피자","피자","","","UNKNOWN_INDIVIDUAL_MENU_CATEGORY"
"official-delivery-6a3697a83056a6f7","크리스피 직화 바베큐 (L)","청년피자","피자","피자","",""
"official-delivery-6a89f4e115e269d8","후라이드치킨닭다리 4개","청년피자","피자","치킨","",""
"official-delivery-6e43ce8dd66923c0","로제베이컨스파게티","청년피자","피자","파스타","",""
"official-delivery-6efc6a897dd31595","오븐베이크치킨","청년피자","피자","치킨","",""
"official-delivery-75c4b9a97f13eecb","메가모짜 치즈디쉬 (L)","청년피자","피자","피자","",""
"official-delivery-7cf355b03790acee","뉴욕비프 갈릭크런치 (L)","청년피자","피자","피자","",""
"official-delivery-80e888151922287d","고구마크림치즈스틱","청년피자","피자","","","UNKNOWN_INDIVIDUAL_MENU_CATEGORY"
"official-delivery-927ae2a844f4f89c","메가모짜 치즈디쉬 (R)","청년피자","피자","피자","",""
"official-delivery-a175d36933518153","베이컨까르보나라","청년피자","피자","","","UNKNOWN_INDIVIDUAL_MENU_CATEGORY"
"official-delivery-ac651aaa41acc260","후라이드치킨닭다리 2개","청년피자","피자","치킨","",""
"official-delivery-b2c1fa98b4efc350","메가쉬림프 갈릭크런치 (R)","청년피자","피자","피자","",""
"official-delivery-b9603cf70c692541","크리스피핫윙 10개","청년피자","피자","치킨","",""
"official-delivery-c5042a81eee2440d","핫윙봉 8개","청년피자","피자","치킨","",""
"official-delivery-cbbbccb166db8c0d","뉴욕비프 갈릭크런치 (R)","청년피자","피자","피자","",""
"official-delivery-ce1b8f27c3c39e19","핫윙봉 5개","청년피자","피자","치킨","",""
"official-delivery-db3937ccfc31bd20","메가쉬림프 갈릭크런치 (L)","청년피자","피자","피자","",""
"official-delivery-e0f23fd443c2239d","로제쉬림프파스타","청년피자","피자","파스타","",""
"official-delivery-e76d1ec542109c1c","치즈수플레미트파이 (L)","청년피자","피자","피자","",""
"official-delivery-f81140daf5d9b70c","나초치즈감자튀김","청년피자","피자","사이드","",""
"official-delivery-098d87c0b07683ad","만월빵","파리바게뜨","베이커리","베이커리","",""
"official-delivery-0c7054857b8c6cab","햄치즈 피크닉 샌드위치","파리바게뜨","베이커리","샌드위치","",""
"official-delivery-143c4dc2ad7801c6","[파란라벨]고단백 로만밀 식빵","파리바게뜨","베이커리","베이커리","",""
"official-delivery-1c1a882fc95d7144","햄에그 컵 샐러드","파리바게뜨","베이커리","샐러드·포케","",""
"official-delivery-20c5900fa0b53d47","바질 리코타 토마토 파스타","파리바게뜨","베이커리","파스타","",""
"official-delivery-22b52d21cdab77ac","고추장 불고기 샌드위치","파리바게뜨","베이커리","샌드위치","",""
"official-delivery-254d8b57661d14a2","초코쫀득츄러스","파리바게뜨","베이커리","베이커리","",""
"official-delivery-272edd7bd0082ef1","[안녕K파바]제주 청보리빵","파리바게뜨","베이커리","베이커리","",""
"official-delivery-283ace520b09073a","젤리베어 사우어 메론소다맛","파리바게뜨","베이커리","디저트","",""
"official-delivery-29f1953a7fcdb9b4","망고밤 샌드","파리바게뜨","베이커리","","","UNKNOWN_INDIVIDUAL_MENU_CATEGORY"
"official-delivery-3b6b5b4c8de4c779","치즈듬뿍 볼로네제 파스타","파리바게뜨","베이커리","파스타","",""
"official-delivery-3de0c2acc5a7e3d7","젤리베어 사우어 청사과맛","파리바게뜨","베이커리","디저트","",""
"official-delivery-4578b564af5eb58f","쉬림프 포테이토 샐러드","파리바게뜨","베이커리","샐러드·포케","",""
"official-delivery-4e222ffad3ac374d","[안녕K파바]제주 메밀 카스테라","파리바게뜨","베이커리","베이커리","",""
"official-delivery-51fa82fdc04da9c6","레몬 크림 마들렌","파리바게뜨","베이커리","베이커리","",""
"official-delivery-524dcc5da5eab567","쉬림프 투움바 파스타","파리바게뜨","베이커리","파스타","",""
"official-delivery-5527887687972ac6","미트볼 토마토 파스타","파리바게뜨","베이커리","파스타","",""
"official-delivery-5af35a139c6cd63b","티트라 베르가못 밀크티","파리바게뜨","베이커리","음료","",""
"official-delivery-5b26e96269fec4b3","우유 생크림 카스테라","파리바게뜨","베이커리","베이커리","",""
"official-delivery-6b08b5caf97d982e","시칠리아 레몬 에이드","파리바게뜨","베이커리","음료","",""
"official-delivery-761ff2bd7d4f3b35","고단백 저당 넛츠바","파리바게뜨","베이커리","디저트","",""
"official-delivery-776e06f580270aa8","시저치킨 샐러드","파리바게뜨","베이커리","샐러드·포케","",""
"official-delivery-84ea6f7ec0d6cb71","트러플오일 버섯크림 파스타","파리바게뜨","베이커리","파스타","",""
"official-delivery-872a6bd58e843337","샤인머스캣 그린티 제로","파리바게뜨","베이커리","음료","",""
"official-delivery-9006a31b0c5211bc","에그샐러드 크로켓","파리바게뜨","베이커리","샐러드·포케","",""
"official-delivery-90cbf7ed1f26f822","감자쫀떡(1개입)","파리바게뜨","베이커리","베이커리","",""
"official-delivery-92f2547dc3b2718b","트러플오일 까르보나라","파리바게뜨","베이커리","","","UNKNOWN_INDIVIDUAL_MENU_CATEGORY"
"official-delivery-956038836beff186","쿠키 앤 치즈 케이크","파리바게뜨","베이커리","디저트","",""
"official-delivery-9636617c03d49ba9","파베 초콜릿 케이크","파리바게뜨","베이커리","디저트","",""
"official-delivery-97df7e7a3bd86480","불고기 샐러드","파리바게뜨","베이커리","샐러드·포케","",""
"official-delivery-9daa4ba04e0329c6","쉬림프 비스큐 리조또","파리바게뜨","베이커리","","","UNKNOWN_INDIVIDUAL_MENU_CATEGORY"
"official-delivery-9dcab97c56fb585e","바스크 치즈 케익","파리바게뜨","베이커리","디저트","",""
"official-delivery-a81265629da66a16","브라우니 쿠키","파리바게뜨","베이커리","디저트","",""
"official-delivery-b0ac64a59dcd2015","단팥만주","파리바게뜨","베이커리","베이커리","",""
"official-delivery-b69a58b99239e186","포테이토 크랩 샌드위치","파리바게뜨","베이커리","샌드위치","",""
"official-delivery-b836118ae37f0663","당근이세요? 케이크","파리바게뜨","베이커리","디저트","",""
"official-delivery-c4b9387128592499","산베네데토 워터","파리바게뜨","베이커리","음료","",""
"official-delivery-dd97c910b1bb7223","카레 크로켓","파리바게뜨","베이커리","베이커리","",""
"official-delivery-e20a694d0479532f","치즈듬뿍 치킨로제 도리아","파리바게뜨","베이커리","치킨","",""
"official-delivery-e88f933bcf9955b5","[파란라벨]홀그레인 오트 식빵(11쪽)","파리바게뜨","베이커리","베이커리","",""
"official-delivery-075f8ad86a0beb83","불닭고구마피자 (오리지널)","피자스쿨","피자","피자","",""
"official-delivery-0d54891c55e6d0a5","치킨퀘사디아피자 (오리지널)","피자스쿨","피자","피자","",""
"official-delivery-1a9c433e8abf9ece","콘치즈피자 (오리지널)","피자스쿨","피자","피자","",""
"official-delivery-200d1c1d695f5746","치킨타코피자 (오리지널)","피자스쿨","피자","피자","",""
"official-delivery-202c8dae816572d0","포테이토피자 (오리지널)","피자스쿨","피자","피자","",""
"official-delivery-2f726c297c50d14c","치즈피자 (오리지널)","피자스쿨","피자","피자","",""
"official-delivery-50edec40bfdd808c","직화홀릭바이트피자 (오리지널)","피자스쿨","피자","피자","",""
"official-delivery-5141d935755f9907","고구마피자 (오리지널)","피자스쿨","피자","피자","",""
"official-delivery-5182355257daf906","아이리쉬포테이토피자 (오리지널)","피자스쿨","피자","피자","",""
"official-delivery-578bfe50a4c63594","비프타코피자 (오리지널)","피자스쿨","피자","피자","",""
"official-delivery-5b5453754f0ef0af","깐쇼새우피자 (오리지널)","피자스쿨","피자","피자","",""
"official-delivery-61f96a7e6edc9c1c","도이치바이트피자 (오리지널)","피자스쿨","피자","피자","",""
"official-delivery-6a103664d7ea0eb4","나폴리피자 (오리지널)","피자스쿨","피자","피자","",""
"official-delivery-6d572eb4f4d92987","닭안심살피자 (오리지널)","피자스쿨","피자","피자","",""
"official-delivery-7e676574d6ac3c51","핫치킨피자 (오리지널)","피자스쿨","피자","피자","",""
"official-delivery-8106b86720ae860b","고르곤졸라피자 (오리지널)","피자스쿨","피자","피자","",""
"official-delivery-81c4f9cf40dad601","야채퀘사디아피자 (오리지널)","피자스쿨","피자","피자","",""
"official-delivery-88e90c4756331abb","불고기피자 (오리지널)","피자스쿨","피자","피자","",""
"official-delivery-8a0c966de0c270f4","까르보네피자 (오리지널)","피자스쿨","피자","피자","",""
"official-delivery-a0789b90a7f90445","프리미엄스테이크피자 (오리지널)","피자스쿨","피자","피자","",""
"official-delivery-a7b3a045eeb87df9","콤비네이션피자 (오리지널)","피자스쿨","피자","피자","",""
"official-delivery-b8f9ff8a4017ae81","비프퀘사디아피자 (오리지널)","피자스쿨","피자","피자","",""
"official-delivery-c4a6ed043ce37d03","더블갈릭바베큐피자 (오리지널)","피자스쿨","피자","피자","",""
"official-delivery-cb7fb2422a9c471d","페퍼로니피자 (오리지널)","피자스쿨","피자","피자","",""
"official-delivery-f1544139cf8886ed","멕시칸바이트피자 (오리지널)","피자스쿨","피자","피자","",""
"official-delivery-f5b76a77f23cfcc1","직화파인애플피자 (오리지널)","피자스쿨","피자","피자","",""
"official-menu-twozzim-248b91458610","실비한우곱찜닭","두찜","찜닭","","","UNKNOWN_INDIVIDUAL_MENU_CATEGORY"
"official-menu-twozzim-7086d85ab013","한우대창맵닭발","두찜","찜닭","","","UNKNOWN_INDIVIDUAL_MENU_CATEGORY"
"official-menu-twozzim-463db4e1fdf4","묵은지찜닭","두찜","찜닭","","","UNKNOWN_INDIVIDUAL_MENU_CATEGORY"
"official-menu-twozzim-6bb472692c01","로제찜닭","두찜","찜닭","","","UNKNOWN_INDIVIDUAL_MENU_CATEGORY"
"official-menu-twozzim-315de057e744","까만찜닭","두찜","찜닭","","","UNKNOWN_INDIVIDUAL_MENU_CATEGORY"
"official-menu-twozzim-f84211e3dc5f","로제칼낙지찜닭","두찜","찜닭","","","UNKNOWN_INDIVIDUAL_MENU_CATEGORY"
"official-menu-twozzim-f38020f195ea","불닭로제찜닭","두찜","찜닭","","","UNKNOWN_INDIVIDUAL_MENU_CATEGORY"
"official-menu-twozzim-eabdaf8559cf","마라로제찜닭","두찜","찜닭","","","UNKNOWN_INDIVIDUAL_MENU_CATEGORY"
"official-menu-twozzim-01b942715578","치즈몽땅찜닭(까만)","두찜","찜닭","","","UNKNOWN_INDIVIDUAL_MENU_CATEGORY"
"official-menu-twozzim-cda3250a3cb5","로제닭발","두찜","찜닭","","","UNKNOWN_INDIVIDUAL_MENU_CATEGORY"
"official-menu-twozzim-500bfbd43cab","트러플크림찜닭","두찜","찜닭","","","UNKNOWN_INDIVIDUAL_MENU_CATEGORY"
"official-menu-twozzim-93892cd5a44e","칼낙지찜닭","두찜","찜닭","","","UNKNOWN_INDIVIDUAL_MENU_CATEGORY"
"official-menu-twozzim-8a4b4ea3a653","한우대창마라닭발","두찜","찜닭","","","UNKNOWN_INDIVIDUAL_MENU_CATEGORY"
"official-menu-twozzim-02016c7bfaf1","매운갈비찜닭","두찜","찜닭","","","UNKNOWN_INDIVIDUAL_MENU_CATEGORY"
"official-menu-twozzim-ce92b78110f2","스팸부대찜닭","두찜","찜닭","","","UNKNOWN_INDIVIDUAL_MENU_CATEGORY"
"official-menu-twozzim-4e228187afc1","시래기찜닭","두찜","찜닭","","","UNKNOWN_INDIVIDUAL_MENU_CATEGORY"
"official-menu-twozzim-fa535ddd6b61","빨간찜닭","두찜","찜닭","","","UNKNOWN_INDIVIDUAL_MENU_CATEGORY"
"official-menu-twozzim-ea9ff48c5f2f","치즈몽땅찜닭(빨간)","두찜","찜닭","","","UNKNOWN_INDIVIDUAL_MENU_CATEGORY"
"official-menu-twozzim-f6e7243c4d88","닭볶음탕","두찜","찜닭","","","UNKNOWN_INDIVIDUAL_MENU_CATEGORY"
"official-quality-bongchu-11fae3c79a32","두가지치즈","봉추찜닭","찜닭","","","UNKNOWN_INDIVIDUAL_MENU_CATEGORY"
"official-quality-bongchu-23b74cf4b92e","떡토핑","봉추찜닭","찜닭","","","UNKNOWN_INDIVIDUAL_MENU_CATEGORY"
"official-quality-bongchu-2fcb97141dcf","누룽지","봉추찜닭","찜닭","","","UNKNOWN_INDIVIDUAL_MENU_CATEGORY"
"official-quality-bongchu-4fbb98548f35","닭매운탕","봉추찜닭","찜닭","","","UNKNOWN_INDIVIDUAL_MENU_CATEGORY"
"official-quality-bongchu-6517012fdf09","삼계죽","봉추찜닭","찜닭","죽","",""
"official-quality-bongchu-9bbe44a999e4","봉추찜닭","봉추찜닭","찜닭","","","UNKNOWN_INDIVIDUAL_MENU_CATEGORY"
"official-quality-bongchu-f109a3718e71","뼈없는찜닭","봉추찜닭","찜닭","","","UNKNOWN_INDIVIDUAL_MENU_CATEGORY"
"official-quality-ilmiri-01492905ed1a","로제마라찜닭","일미리금계찜닭","찜닭","","","UNKNOWN_INDIVIDUAL_MENU_CATEGORY"
"official-quality-ilmiri-0a6a27fb10c3","계란밥","일미리금계찜닭","찜닭","","","UNKNOWN_INDIVIDUAL_MENU_CATEGORY"
"official-quality-ilmiri-0bdb291d7cf8","짜장마라찜닭","일미리금계찜닭","찜닭","","","UNKNOWN_INDIVIDUAL_MENU_CATEGORY"
"official-quality-ilmiri-33d908dec07d","마라찜닭","일미리금계찜닭","찜닭","","","UNKNOWN_INDIVIDUAL_MENU_CATEGORY"
"official-quality-ilmiri-3f1eb968c35d","콰트로치즈찜닭","일미리금계찜닭","찜닭","","","UNKNOWN_INDIVIDUAL_MENU_CATEGORY"
"official-quality-ilmiri-47dd5f3df1c7","누룽바베큐찜닭","일미리금계찜닭","찜닭","","","UNKNOWN_INDIVIDUAL_MENU_CATEGORY"
"official-quality-ilmiri-4e0e939c6d9f","짜장 찜닭","일미리금계찜닭","찜닭","","","UNKNOWN_INDIVIDUAL_MENU_CATEGORY"
"official-quality-ilmiri-68ab4fc777a7","신불찜닭","일미리금계찜닭","찜닭","","","UNKNOWN_INDIVIDUAL_MENU_CATEGORY"
"official-quality-ilmiri-6bb472692c01","로제 찜닭","일미리금계찜닭","찜닭","","","UNKNOWN_INDIVIDUAL_MENU_CATEGORY"
"official-quality-ilmiri-b0e316093848","야끼우동찜닭","일미리금계찜닭","찜닭","국수·우동","",""
"official-quality-ilmiri-b1f1bfb8db16","금계찜닭","일미리금계찜닭","찜닭","","","UNKNOWN_INDIVIDUAL_MENU_CATEGORY"
"official-quality-ilmiri-c13877ca26b0","신마라찜닭","일미리금계찜닭","찜닭","","","UNKNOWN_INDIVIDUAL_MENU_CATEGORY"
"official-quality-ilmiri-c4e34afd8322","콘치즈맵찜닭","일미리금계찜닭","찜닭","","","UNKNOWN_INDIVIDUAL_MENU_CATEGORY"
"official-quality-ilmiri-e1a924ad3361","고추장찜닭","일미리금계찜닭","찜닭","","","UNKNOWN_INDIVIDUAL_MENU_CATEGORY"
"official-quality-ilmiri-ea4dc99c33b1","구름치즈찜닭","일미리금계찜닭","찜닭","","","UNKNOWN_INDIVIDUAL_MENU_CATEGORY"
"official-quality-yuksudang-010ddc28d631","순두부국밥","육수당","국밥","국밥","",""
"official-quality-yuksudang-19832fe431c6","물막국수","육수당","국밥","국수·우동","",""
"official-quality-yuksudang-20a0cde12aef","부대국밥","육수당","국밥","국밥","",""
"official-quality-yuksudang-22f93aa82225","수육","육수당","국밥","","","UNKNOWN_INDIVIDUAL_MENU_CATEGORY"
"official-quality-yuksudang-394aa47402e5","소양곰탕","육수당","국밥","국밥","",""
"official-quality-yuksudang-52e5a8a0c82f","뼈해장국","육수당","국밥","국밥","",""
"official-quality-yuksudang-57a19eae8737","순대국밥","육수당","국밥","분식","",""
"official-quality-yuksudang-7614a495868d","부대찌개","육수당","국밥","부대찌개","",""
"official-quality-yuksudang-7dad2fa509c8","비빔막국수","육수당","국밥","국수·우동","",""
"official-quality-yuksudang-8ac8aa9e05fa","갈비만두","육수당","국밥","분식","",""
"official-quality-yuksudang-9ed3613568dd","수만두","육수당","국밥","분식","",""
"official-quality-yuksudang-a81f939374ea","반계탕","육수당","국밥","","","UNKNOWN_INDIVIDUAL_MENU_CATEGORY"
"official-quality-yuksudang-abdcf2715e64","소곱창전골","육수당","국밥","샤브샤브","",""
"official-quality-yuksudang-b29a1693105b","콩나물국밥","육수당","국밥","국밥","",""
"official-quality-yuksudang-ca6eab077df9","육개장","육수당","국밥","","","UNKNOWN_INDIVIDUAL_MENU_CATEGORY"
"official-quality-yuksudang-cdb642044295","수육국밥","육수당","국밥","국밥","",""
"official-quality-yuksudang-dcf82d5dfacf","순대전골","육수당","국밥","분식","",""
"official-quality-yuksudang-f048787ad1ca","얼큰 국밥","육수당","국밥","국밥","",""
"official-quality-yuksudang-fc5d0e26e2bd","순대","육수당","국밥","분식","",""
"official-quality-hyundaiok-05e2be06d630","[토렴응용식] 전주남부시장식 콩나물국밥","현대옥","국밥","국밥","",""
"official-quality-hyundaiok-05e8a2eca6ab","모주","현대옥","국밥","","","UNKNOWN_INDIVIDUAL_MENU_CATEGORY"
"official-quality-hyundaiok-0f72895bc8ff","현대옥순한두부찌개","현대옥","국밥","","","UNKNOWN_INDIVIDUAL_MENU_CATEGORY"
"official-quality-hyundaiok-244f5882f18f","데친큰오징어 한마리","현대옥","국밥","","","UNKNOWN_INDIVIDUAL_MENU_CATEGORY"
"official-quality-hyundaiok-28f720112d8c","[맑은탕식- 펄펄 끓인식 ] 전주끓이는식 콩나물국밥","현대옥","국밥","국밥","",""
"official-quality-hyundaiok-357b1eb7d5fb","[매운탕식- 펄펄 끓인식 ] 전주끓이는식 콩나물국밥","현대옥","국밥","국밥","",""
"official-quality-hyundaiok-66e22c694ae4","목우촌바베큐삼겹살","현대옥","국밥","","","UNKNOWN_INDIVIDUAL_MENU_CATEGORY"
"official-quality-hyundaiok-bfb6823de9e9","얼큰돼지국밥","현대옥","국밥","국밥","",""
"official-quality-hyundaiok-d3698d53d16e","오징어사리","현대옥","국밥","","","UNKNOWN_INDIVIDUAL_MENU_CATEGORY"
"official-quality-hyundaiok-fffdd1a8a192","[전통직화식- 펄펄 끓인식 ] 전주끓이는식 콩나물국밥","현대옥","국밥","국밥","",""
"official-quality-ihwasoo-1a5bef3711da","전통육개장","이화수전통육개장","국밥","","","UNKNOWN_INDIVIDUAL_MENU_CATEGORY"
"official-quality-ihwasoo-21de5ff9458a","육개장칼국수","이화수전통육개장","국밥","국수·우동","",""
"official-quality-ihwasoo-28cfc003d838","양지육개장전골","이화수전통육개장","국밥","샤브샤브","",""
"official-quality-ihwasoo-32e10ba0e3d3","왕만두","이화수전통육개장","국밥","분식","",""
"official-quality-ihwasoo-57bfc9007454","차돌육개장","이화수전통육개장","국밥","","","UNKNOWN_INDIVIDUAL_MENU_CATEGORY"
"official-quality-ihwasoo-580c0f2041c5","모듬수육전골","이화수전통육개장","국밥","샤브샤브","",""
"official-quality-ihwasoo-95958d6d52e8","부대육개장","이화수전통육개장","국밥","","","UNKNOWN_INDIVIDUAL_MENU_CATEGORY"
"official-quality-ihwasoo-9bf94e807d6f","사골떡만두국","이화수전통육개장","국밥","분식","",""
"official-quality-ihwasoo-a157118ae758","튀김만두","이화수전통육개장","국밥","분식","",""
"official-quality-ihwasoo-c453eee78946","순두부육개장","이화수전통육개장","국밥","","","UNKNOWN_INDIVIDUAL_MENU_CATEGORY"
"official-quality-ihwasoo-dc788e895249","버섯육개장","이화수전통육개장","국밥","","","UNKNOWN_INDIVIDUAL_MENU_CATEGORY"
"official-quality-ihwasoo-e9485d591bbf","한판보쌈","이화수전통육개장","국밥","족발·보쌈","",""
"official-quality-ihwasoo-fb33546ac9b3","진곰탕","이화수전통육개장","국밥","국밥","",""
"official-menu-sinjeon-694b11f55ee8","떡볶이","신전떡볶이","분식","분식","",""
"official-menu-sinjeon-fbbbba5fc814","치즈떡볶이","신전떡볶이","분식","분식","",""
"official-menu-sinjeon-235065848168","로제떡볶이","신전떡볶이","분식","분식","",""
"official-menu-sinjeon-e2fa0a2069f3","마라로제떡볶이","신전떡볶이","분식","분식","",""
"official-menu-sinjeon-c8b4aa12f381","쌀떡볶이","신전떡볶이","분식","분식","",""
"official-menu-sinjeon-8adf5898603b","맵닭","신전떡볶이","분식","","","UNKNOWN_INDIVIDUAL_MENU_CATEGORY"
"official-menu-sinjeon-1c9b56c18075","로제맵닭","신전떡볶이","분식","","","UNKNOWN_INDIVIDUAL_MENU_CATEGORY"
"official-menu-sinjeon-5ba1b7f5e2d5","튀김오뎅","신전떡볶이","분식","","","UNKNOWN_INDIVIDUAL_MENU_CATEGORY"
"official-menu-sinjeon-a157118ae758","튀김만두","신전떡볶이","분식","분식","",""
"official-menu-sinjeon-fd352f027f33","김말이","신전떡볶이","분식","분식","",""
"official-menu-sinjeon-3b5895dd25fb","잡채말이","신전떡볶이","분식","","","UNKNOWN_INDIVIDUAL_MENU_CATEGORY"
"official-menu-sinjeon-07a30b72c35b","크림치즈볼","신전떡볶이","분식","사이드","",""
"official-menu-sinjeon-19101b2afee2","치즈스틱","신전떡볶이","분식","","","UNKNOWN_INDIVIDUAL_MENU_CATEGORY"
"official-menu-sinjeon-4614deb2609f","오징어튀김","신전떡볶이","분식","","","UNKNOWN_INDIVIDUAL_MENU_CATEGORY"
"official-menu-sinjeon-7f4aad3edacd","미니핫도그","신전떡볶이","분식","햄버거","",""
"official-menu-sinjeon-3b0507a8cc9e","치킨텐더","신전떡볶이","분식","치킨","",""
"official-menu-sinjeon-c2bd785f9e0c","고구마치즈볼","신전떡볶이","분식","사이드","",""
"official-menu-sinjeon-2874bbbac3f1","닭껍질튀김","신전떡볶이","분식","","","UNKNOWN_INDIVIDUAL_MENU_CATEGORY"
"official-menu-sinjeon-7068f6eae2f0","통살오징어튀김","신전떡볶이","분식","","","UNKNOWN_INDIVIDUAL_MENU_CATEGORY"
"official-menu-sinjeon-1f9506ef5759","치킨링","신전떡볶이","분식","치킨","",""
"official-menu-sinjeon-124617065c17","납작만두","신전떡볶이","분식","분식","",""
"official-menu-sinjeon-affed40e4678","해쉬브라운","신전떡볶이","분식","","","UNKNOWN_INDIVIDUAL_MENU_CATEGORY"
"official-menu-sinjeon-e4f68829f7bc","단호박튀김","신전떡볶이","분식","","","UNKNOWN_INDIVIDUAL_MENU_CATEGORY"
"official-menu-sinjeon-46a115cf35ff","고추튀김","신전떡볶이","분식","","","UNKNOWN_INDIVIDUAL_MENU_CATEGORY"
"official-menu-sinjeon-970457526cf5","통콘너겟","신전떡볶이","분식","","","UNKNOWN_INDIVIDUAL_MENU_CATEGORY"
"official-menu-sinjeon-0cf9037abd88","야채튀김","신전떡볶이","분식","","","UNKNOWN_INDIVIDUAL_MENU_CATEGORY"
"official-menu-sinjeon-deea5ae11b96","포테이토치즈스틱","신전떡볶이","분식","","","UNKNOWN_INDIVIDUAL_MENU_CATEGORY"
"official-menu-sinjeon-0d2bae52f1bd","신전치즈김밥","신전떡볶이","분식","분식","",""
"official-menu-sinjeon-de42610af2d6","신전김밥","신전떡볶이","분식","분식","",""
"official-menu-sinjeon-72651689ea28","참치마요김밥","신전떡볶이","분식","분식","",""
"official-menu-sinjeon-ddb73d14651a","스팸마요컵밥","신전떡볶이","분식","","","UNKNOWN_INDIVIDUAL_MENU_CATEGORY"
"official-menu-sinjeon-aa206856ae16","참치마요컵밥","신전떡볶이","분식","덮밥","",""
"official-menu-sinjeon-0813426d67ca","치킨마요컵밥","신전떡볶이","분식","덮밥","",""
"official-menu-sinjeon-b034286e3fc6","신전라이스","신전떡볶이","분식","","","UNKNOWN_INDIVIDUAL_MENU_CATEGORY"
"official-menu-sinjeon-6d52c2afab5b","맵크림리조또","신전떡볶이","분식","","","UNKNOWN_INDIVIDUAL_MENU_CATEGORY"
"official-menu-sinjeon-fc5d0e26e2bd","순대","신전떡볶이","분식","분식","",""
"official-menu-sinjeon-ed57df83db01","팥빙수","신전떡볶이","분식","","","UNKNOWN_INDIVIDUAL_MENU_CATEGORY"
"official-menu-sinjeon-ae91d066af0a","맑은오뎅탕","신전떡볶이","분식","","","UNKNOWN_INDIVIDUAL_MENU_CATEGORY"
"official-menu-sinjeon-446faf779699","치즈토핑","신전떡볶이","분식","","","UNKNOWN_INDIVIDUAL_MENU_CATEGORY"
"official-menu-sinjeon-306c8d51b5f4","납작면","신전떡볶이","분식","","","UNKNOWN_INDIVIDUAL_MENU_CATEGORY"
"official-menu-sinjeon-4546732a7075","베이컨","신전떡볶이","분식","","","UNKNOWN_INDIVIDUAL_MENU_CATEGORY"
"official-menu-sinjeon-c07a24dc2433","메추리알","신전떡볶이","분식","","","UNKNOWN_INDIVIDUAL_MENU_CATEGORY"
"official-menu-sinjeon-b66894f0810b","비엔나","신전떡볶이","분식","","","UNKNOWN_INDIVIDUAL_MENU_CATEGORY"
"official-menu-sinjeon-58da808d8e10","단무지","신전떡볶이","분식","","","UNKNOWN_INDIVIDUAL_MENU_CATEGORY"
"official-menu-sinjeon-a5b53bc661ee","미니어묵","신전떡볶이","분식","","","UNKNOWN_INDIVIDUAL_MENU_CATEGORY"
"official-menu-sinjeon-25cb7568cb82","신전토스트","신전떡볶이","분식","토스트","",""
"official-menu-sinjeon-5ac09b604849","분모자","신전떡볶이","분식","","","UNKNOWN_INDIVIDUAL_MENU_CATEGORY"
"official-menu-sinjeon-1a9bb5c074c5","콘버터","신전떡볶이","분식","","","UNKNOWN_INDIVIDUAL_MENU_CATEGORY"
"official-quality-jaws-06725234a723","부산어묵","죠스떡볶이","분식","","","UNKNOWN_INDIVIDUAL_MENU_CATEGORY"
"official-quality-jaws-082dee9bac5c","콰삭닭강정","죠스떡볶이","분식","치킨","",""
"official-quality-jaws-19b176949c19","국물떡볶이","죠스떡볶이","분식","분식","",""
"official-quality-jaws-5eb9dcb78962","짜빠떡볶이","죠스떡볶이","분식","분식","",""
"official-quality-jaws-67e1712ecdfc","수제튀김","죠스떡볶이","분식","","","UNKNOWN_INDIVIDUAL_MENU_CATEGORY"
"official-quality-jaws-759f1c4c9ab6","유부주머니어묵","죠스떡볶이","분식","","","UNKNOWN_INDIVIDUAL_MENU_CATEGORY"
"official-quality-jaws-75d501b7bd5e","버섯크림떡볶이","죠스떡볶이","분식","분식","",""
"official-quality-jaws-a248bbe688a1","죠스찰순대","죠스떡볶이","분식","분식","",""
"official-quality-jaws-a3df830aa13d","새우튀김우동","죠스떡볶이","분식","국수·우동","",""
"official-quality-jaws-ca56573769d7","빠삭촉촉만두","죠스떡볶이","분식","분식","",""
"official-quality-jaws-d12ac5629277","죠스떡볶이","죠스떡볶이","분식","분식","",""
"official-quality-jaws-e89ae9e80dc4","죠스쿨","죠스떡볶이","분식","","","UNKNOWN_INDIVIDUAL_MENU_CATEGORY"
"official-quality-jaws-fb8c76a9f979","로제크림떡볶이","죠스떡볶이","분식","분식","",""
"official-quality-jaws-fbbbba5fc814","치즈떡볶이","죠스떡볶이","분식","분식","",""
"official-quality-youngdabang-03ded7065310","말차크림 떡볶이","청년다방","분식","분식","",""
"official-quality-youngdabang-057b4ae049eb","핫버터갈릭 옥수수튀김","청년다방","분식","","","UNKNOWN_INDIVIDUAL_MENU_CATEGORY"
"official-quality-youngdabang-0813426d67ca","치킨마요컵밥","청년다방","분식","덮밥","",""
"official-quality-youngdabang-0894520e34ad","떡튀순 떡볶이","청년다방","분식","분식","",""
"official-quality-youngdabang-0cf9037abd88","야채튀김","청년다방","분식","","","UNKNOWN_INDIVIDUAL_MENU_CATEGORY"
"official-quality-youngdabang-0df7eec84e4b","허니간장순살치킨","청년다방","분식","치킨","",""
"official-quality-youngdabang-0f4a1f6a128b","날치알볶음밥","청년다방","분식","덮밥","",""
"official-quality-youngdabang-13eb1dd5c89e","순살치킨토핑","청년다방","분식","치킨","",""
"official-quality-youngdabang-15687b585e9c","두부피롤","청년다방","분식","","","UNKNOWN_INDIVIDUAL_MENU_CATEGORY"
"official-quality-youngdabang-19b8341dea5f","불향차돌떡볶이","청년다방","분식","분식","",""
"official-quality-youngdabang-1d8d7f00a660","라면사리","청년다방","분식","","","UNKNOWN_INDIVIDUAL_MENU_CATEGORY"
"official-quality-youngdabang-1f989fd56672","반반핫도그","청년다방","분식","햄버거","",""
"official-quality-youngdabang-2752dee02618","파채토핑","청년다방","분식","","","UNKNOWN_INDIVIDUAL_MENU_CATEGORY"
"official-quality-youngdabang-299d7b20cc2a","반반 돈가스","청년다방","분식","돈가스","",""
"official-quality-youngdabang-2b4aff955a70","김말이튀김","청년다방","분식","분식","",""
"official-quality-youngdabang-38422c285f79","비엔나햄","청년다방","분식","","","UNKNOWN_INDIVIDUAL_MENU_CATEGORY"
"official-quality-youngdabang-3903de4918b3","통큰오짱 떡볶이","청년다방","분식","분식","",""
"official-quality-youngdabang-3bfcd1ca8db4","대패삼겹떡볶이","청년다방","분식","분식","",""
"official-quality-youngdabang-446faf779699","치즈토핑","청년다방","분식","","","UNKNOWN_INDIVIDUAL_MENU_CATEGORY"
"official-quality-youngdabang-4614deb2609f","오징어튀김","청년다방","분식","","","UNKNOWN_INDIVIDUAL_MENU_CATEGORY"
"official-quality-youngdabang-55a8f9e3b9a4","우동사리","청년다방","분식","국수·우동","",""
"official-quality-youngdabang-55abf39c8e99","멕시칸 돈가스","청년다방","분식","돈가스","",""
"official-quality-youngdabang-569da301eb06","감자후레이크","청년다방","분식","","","UNKNOWN_INDIVIDUAL_MENU_CATEGORY"
"official-quality-youngdabang-5ac09b604849","분모자","청년다방","분식","","","UNKNOWN_INDIVIDUAL_MENU_CATEGORY"
"official-quality-youngdabang-5af76cf7717a","경양식 돈가스","청년다방","분식","돈가스","",""
"official-quality-youngdabang-5d21866d0959","버터갈릭 감자튀김","청년다방","분식","사이드","",""
"official-quality-youngdabang-6a543d31c4f6","파인스윗 돈가스","청년다방","분식","돈가스","",""
"official-quality-youngdabang-6e5f39379c3b","공기밥","청년다방","분식","","","UNKNOWN_INDIVIDUAL_MENU_CATEGORY"
"official-quality-youngdabang-6e69eed9bdde","모짜 치즈볼","청년다방","분식","사이드","",""
"official-quality-youngdabang-72516ac52cdf","모듬튀김","청년다방","분식","","","UNKNOWN_INDIVIDUAL_MENU_CATEGORY"
"official-quality-youngdabang-7572bf1af556","차돌토핑","청년다방","분식","","","UNKNOWN_INDIVIDUAL_MENU_CATEGORY"
"official-quality-youngdabang-8318ef71e3da","넓적 당면사리","청년다방","분식","","","UNKNOWN_INDIVIDUAL_MENU_CATEGORY"
"official-quality-youngdabang-896ab4b71dd5","대창토핑","청년다방","분식","","","UNKNOWN_INDIVIDUAL_MENU_CATEGORY"
"official-quality-youngdabang-9886bcc1d24d","어묵토핑","청년다방","분식","","","UNKNOWN_INDIVIDUAL_MENU_CATEGORY"
"official-quality-youngdabang-99a961fe5451","찰순대","청년다방","분식","분식","",""
"official-quality-youngdabang-a157118ae758","튀김만두","청년다방","분식","분식","",""
"official-quality-youngdabang-aa206856ae16","참치마요컵밥","청년다방","분식","덮밥","",""
"official-quality-youngdabang-b303712b8e72","치즈 돈가스","청년다방","분식","돈가스","",""
"official-quality-youngdabang-b8c2716272f2","통통순살치킨","청년다방","분식","치킨","",""
"official-quality-youngdabang-b9a5d0322881","고구마튀김","청년다방","분식","","","UNKNOWN_INDIVIDUAL_MENU_CATEGORY"
"official-quality-youngdabang-c07a24dc2433","메추리알","청년다방","분식","","","UNKNOWN_INDIVIDUAL_MENU_CATEGORY"
"official-quality-youngdabang-c19467b2db1c","쫄면토핑","청년다방","분식","국수·우동","",""
"official-quality-youngdabang-c2bee6d770e5","차새대떡볶이","청년다방","분식","분식","",""
"official-quality-youngdabang-c61e3be29e68","치즈폭포떡볶이","청년다방","분식","분식","",""
"official-quality-youngdabang-cef34db63216","오짱토핑","청년다방","분식","","","UNKNOWN_INDIVIDUAL_MENU_CATEGORY"
"official-quality-youngdabang-cf2eb1e941e5","치즈밥","청년다방","분식","","","UNKNOWN_INDIVIDUAL_MENU_CATEGORY"
"official-quality-youngdabang-da3be9b40d29","크림차돌 떡볶이","청년다방","분식","분식","",""
"official-quality-youngdabang-de3f3216563f","스파이시 돈가스","청년다방","분식","돈가스","",""
"official-quality-youngdabang-debf0a4956af","말차 버터갈릭 감자튀김","청년다방","분식","사이드","",""
"official-quality-youngdabang-e2cd038f3d19","김가루주먹밥","청년다방","분식","분식","",""
"official-quality-youngdabang-e2fa0a2069f3","마라로제떡볶이","청년다방","분식","분식","",""
"official-quality-youngdabang-e30baee88b10","새우토핑","청년다방","분식","","","UNKNOWN_INDIVIDUAL_MENU_CATEGORY"
"official-quality-youngdabang-e318f88df30a","엔젤치즈","청년다방","분식","","","UNKNOWN_INDIVIDUAL_MENU_CATEGORY"
"official-quality-youngdabang-f2ad3b947d36","꼬지어묵탕","청년다방","분식","","","UNKNOWN_INDIVIDUAL_MENU_CATEGORY"
"official-quality-dookki-16e8024ce558","크림 카레 떡볶이","두끼","분식","분식","",""
"official-quality-dookki-2d85df565d73","까르보나라 떡볶이","두끼","분식","분식","",""
"official-quality-dookki-81bb747a515d","욕망 떡볶이","두끼","분식","분식","",""
"official-quality-dookki-9caffbebadcb","몰래 먹는 마라샹궈","두끼","분식","중식","",""
"official-quality-dookki-b9f9cdded4e3","매콤 빨간 어묵","두끼","분식","","","UNKNOWN_INDIVIDUAL_MENU_CATEGORY"
"official-quality-dookki-e10dcba78a86","태국 스트릿 팟타이","두끼","분식","","","UNKNOWN_INDIVIDUAL_MENU_CATEGORY"
"official-quality-schoolfood-01436b2c6a63","소고기 얼큰 쌀국수","스쿨푸드","분식","국수·우동","",""
"official-quality-schoolfood-03d1d2db2cc2","모짜렐라 스페셜Ⅰ","스쿨푸드","분식","","","UNKNOWN_INDIVIDUAL_MENU_CATEGORY"
"official-quality-schoolfood-1663e51ffeb2","로스카츠","스쿨푸드","분식","돈가스","",""
"official-quality-schoolfood-170563e17c5d","마요소스","스쿨푸드","분식","사이드","",""
"official-quality-schoolfood-17cd793452d1","이태원 부대국밥","스쿨푸드","분식","국밥","",""
"official-quality-schoolfood-182e9c167be0","양념범벅 오징어튀김","스쿨푸드","분식","","","UNKNOWN_INDIVIDUAL_MENU_CATEGORY"
"official-quality-schoolfood-18a5d6b2adaf","스페셜마리 IV","스쿨푸드","분식","","","UNKNOWN_INDIVIDUAL_MENU_CATEGORY"
"official-quality-schoolfood-19101b2afee2","치즈스틱","스쿨푸드","분식","","","UNKNOWN_INDIVIDUAL_MENU_CATEGORY"
"official-quality-schoolfood-1b46b12618be","함바그 스테이크","스쿨푸드","분식","","","UNKNOWN_INDIVIDUAL_MENU_CATEGORY"
"official-quality-schoolfood-1ffeeb95e8a3","떡순이모둠","스쿨푸드","분식","","","UNKNOWN_INDIVIDUAL_MENU_CATEGORY"
"official-quality-schoolfood-200c11a53672","청양슈프림 순살치킨","스쿨푸드","분식","치킨","",""
"official-quality-schoolfood-234b1e4f0da8","신김치말이국수","스쿨푸드","분식","국수·우동","",""
"official-quality-schoolfood-299166c9b9a7","통새우마리","스쿨푸드","분식","","","UNKNOWN_INDIVIDUAL_MENU_CATEGORY"
"official-quality-schoolfood-29e199c81745","소불고기 덮밥","스쿨푸드","분식","덮밥","",""
"official-quality-schoolfood-2c91f5a6e282","신비 물냉면","스쿨푸드","분식","국수·우동","",""
"official-quality-schoolfood-2e7168ec0cc2","쟁반국떡","스쿨푸드","분식","","","UNKNOWN_INDIVIDUAL_MENU_CATEGORY"
"official-quality-schoolfood-31181e3c7d6e","오리지널 스팸 필라프","스쿨푸드","분식","","","UNKNOWN_INDIVIDUAL_MENU_CATEGORY"
"official-quality-schoolfood-34c7c6f8d2f6","치킨 마요 덮밥","스쿨푸드","분식","덮밥","",""
"official-quality-schoolfood-3ebd1f211bbc","모둠튀김","스쿨푸드","분식","","","UNKNOWN_INDIVIDUAL_MENU_CATEGORY"
"official-quality-schoolfood-3f7860c9c490","베이컨 오므라이스","스쿨푸드","분식","덮밥","",""
"official-quality-schoolfood-411d2bc9cc00","어간장 들기름 막국수","스쿨푸드","분식","국수·우동","",""
"official-quality-schoolfood-4614deb2609f","오징어튀김","스쿨푸드","분식","","","UNKNOWN_INDIVIDUAL_MENU_CATEGORY"
"official-quality-schoolfood-465d5537bfb7","학교 앞 떡볶이","스쿨푸드","분식","분식","",""
"official-quality-schoolfood-47edfe5e9982","치즈돈까스","스쿨푸드","분식","돈가스","",""
"official-quality-schoolfood-48355a13f817","짱아치라면","스쿨푸드","분식","","","UNKNOWN_INDIVIDUAL_MENU_CATEGORY"
"official-quality-schoolfood-48e4bbf36bfa","양념범벅 야끼만두","스쿨푸드","분식","분식","",""
"official-quality-schoolfood-493f2f759b20","먹물 까르보나라 파스타 떡볶이","스쿨푸드","분식","국수·우동","",""
"official-quality-schoolfood-5435a8e2bace","옛날 김치볶음밥","스쿨푸드","분식","덮밥","",""
"official-quality-schoolfood-58a585e1fb6a","셀프 주먹밥","스쿨푸드","분식","분식","",""
"official-quality-schoolfood-599b67031885","신비 비빔냉면","스쿨푸드","분식","국수·우동","",""
"official-quality-schoolfood-5aa308066c34","길거리표 떡볶이","스쿨푸드","분식","분식","",""
"official-quality-schoolfood-5d349e918da2","김치 콩나물 우동","스쿨푸드","분식","국수·우동","",""
"official-quality-schoolfood-5e9f5dce05ab","열무 막국수","스쿨푸드","분식","국수·우동","",""
"official-quality-schoolfood-5f5840459782","오도독매콤 짱아치","스쿨푸드","분식","","","UNKNOWN_INDIVIDUAL_MENU_CATEGORY"
"official-quality-schoolfood-6231edeafc43","쉬림프 팟타이","스쿨푸드","분식","","","UNKNOWN_INDIVIDUAL_MENU_CATEGORY"
"official-quality-schoolfood-6280cbc2a473","짱아치 충무마리","스쿨푸드","분식","","","UNKNOWN_INDIVIDUAL_MENU_CATEGORY"
"official-quality-schoolfood-6b99bce52c2a","어간장 육감쫄면","스쿨푸드","분식","국수·우동","",""
"official-quality-schoolfood-6e951c36b121","돼지양념 왕구이 덮밥","스쿨푸드","분식","덮밥","",""
"official-quality-schoolfood-716666b600e1","모짜렐라 통새우 계란 마리","스쿨푸드","분식","","","UNKNOWN_INDIVIDUAL_MENU_CATEGORY"
"official-quality-schoolfood-71ba13647a07","모짜렐라 스팸 계란 마리","스쿨푸드","분식","","","UNKNOWN_INDIVIDUAL_MENU_CATEGORY"
"official-quality-schoolfood-731dc6ee64e2","멸치마리","스쿨푸드","분식","","","UNKNOWN_INDIVIDUAL_MENU_CATEGORY"
"official-quality-schoolfood-80268713246d","고구마 치즈스틱","스쿨푸드","분식","","","UNKNOWN_INDIVIDUAL_MENU_CATEGORY"
"official-quality-schoolfood-81f9c6361527","모짜레드 통새우 계란 마리","스쿨푸드","분식","","","UNKNOWN_INDIVIDUAL_MENU_CATEGORY"
"official-quality-schoolfood-845cc1049107","듬뿍야채쫄면","스쿨푸드","분식","국수·우동","",""
"official-quality-schoolfood-84a7cc3552b8","전복 계란 마리","스쿨푸드","분식","","","UNKNOWN_INDIVIDUAL_MENU_CATEGORY"
"official-quality-schoolfood-85dfda827405","양념범벅 순대","스쿨푸드","분식","분식","",""
"official-quality-schoolfood-8866a81390c0","장조림 버터비빔밥","스쿨푸드","분식","덮밥","",""
"official-quality-schoolfood-8af046799877","해물야채튀김우동","스쿨푸드","분식","국수·우동","",""
"official-quality-schoolfood-8b40dad47aa1","새우튀김 냉소바","스쿨푸드","분식","","","UNKNOWN_INDIVIDUAL_MENU_CATEGORY"
"official-quality-schoolfood-8e5102e100c3","고추멸치마리","스쿨푸드","분식","","","UNKNOWN_INDIVIDUAL_MENU_CATEGORY"
"official-quality-schoolfood-903dd5e3f308","마라떡볶이","스쿨푸드","분식","분식","",""
"official-quality-schoolfood-93215cdcf458","스쿨푸드 돈까스","스쿨푸드","분식","돈가스","",""
"official-quality-schoolfood-936a3dc3e596","매운 물비빔냉면","스쿨푸드","분식","국수·우동","",""
"official-quality-schoolfood-96b90b1725fd","부산어묵우동","스쿨푸드","분식","국수·우동","",""
"official-quality-schoolfood-9e4e2cac16b7","쏘이 까르보나라 파스타 떡볶이","스쿨푸드","분식","국수·우동","",""
"official-quality-schoolfood-9e6e7f37eab9","신김치 비빔국수","스쿨푸드","분식","국수·우동","",""
"official-quality-schoolfood-9f85a0b4105d","레드스윗 순살치킨","스쿨푸드","분식","치킨","",""
"official-quality-schoolfood-a267eaaec16e","양념범벅 김말이","스쿨푸드","분식","분식","",""
"official-quality-schoolfood-a87f7b256595","유자쏘이 순살치킨","스쿨푸드","분식","치킨","",""
"official-quality-schoolfood-a8c122dde0fe","에비텐 비빔우동","스쿨푸드","분식","국수·우동","",""
"official-quality-schoolfood-a98ea1a99088","스패니쉬 오징어 먹물 마리","스쿨푸드","분식","","","UNKNOWN_INDIVIDUAL_MENU_CATEGORY"
"official-quality-schoolfood-ab90ff315b6f","김치마리","스쿨푸드","분식","","","UNKNOWN_INDIVIDUAL_MENU_CATEGORY"
"official-quality-schoolfood-abe7b7681ffd","들기름 순대야채볶음","스쿨푸드","분식","분식","",""
"official-quality-schoolfood-b6917f8c2e41","베이컨마늘마리","스쿨푸드","분식","","","UNKNOWN_INDIVIDUAL_MENU_CATEGORY"
"official-quality-schoolfood-b6fe8cda93d9","치즈 길떡 돈까스","스쿨푸드","분식","돈가스","",""
"official-quality-schoolfood-b93fd79d0c47","부산어묵탕","스쿨푸드","분식","","","UNKNOWN_INDIVIDUAL_MENU_CATEGORY"
"official-quality-schoolfood-b9a5d0322881","고구마튀김","스쿨푸드","분식","","","UNKNOWN_INDIVIDUAL_MENU_CATEGORY"
"official-quality-schoolfood-bce42c7713b1","제육덮밥","스쿨푸드","분식","덮밥","",""
"official-quality-schoolfood-bf2ccc4f14e7","대창구이덮밥","스쿨푸드","분식","덮밥","",""
"official-quality-schoolfood-c425cb1c7a2a","군만두","스쿨푸드","분식","분식","",""
"official-quality-schoolfood-c5687158ded9","매콤달콤소떡꼬치","스쿨푸드","분식","","","UNKNOWN_INDIVIDUAL_MENU_CATEGORY"
"official-quality-schoolfood-c5914d542963","돼지목살 김치찜","스쿨푸드","분식","","","UNKNOWN_INDIVIDUAL_MENU_CATEGORY"
"official-quality-schoolfood-c8f35755dc23","새우튀김 냉우동","스쿨푸드","분식","국수·우동","",""
"official-quality-schoolfood-c94c18525605","김치 콩나물국밥","스쿨푸드","분식","국밥","",""
"official-quality-schoolfood-d151ba1bf684","쫀득고구마치즈볼","스쿨푸드","분식","사이드","",""
"official-quality-schoolfood-d4532226b3f8","차돌 떡볶이","스쿨푸드","분식","분식","",""
"official-quality-schoolfood-d4915d7818ed","매운 까르보나라 파스타 떡볶이","스쿨푸드","분식","국수·우동","",""
"official-quality-schoolfood-dc4adc688e55","소고기 쌀국수","스쿨푸드","분식","국수·우동","",""
"official-quality-schoolfood-e416c6a1ce17","등심 돈까스 마리","스쿨푸드","분식","돈가스","",""
"official-quality-schoolfood-e4e2901e148b","통통김말이","스쿨푸드","분식","분식","",""
"official-quality-schoolfood-ed6135ab514d","스페셜마리 Ⅱ","스쿨푸드","분식","","","UNKNOWN_INDIVIDUAL_MENU_CATEGORY"
"official-quality-schoolfood-eefabc595388","참치마리","스쿨푸드","분식","","","UNKNOWN_INDIVIDUAL_MENU_CATEGORY"
"official-quality-schoolfood-f55e8bb2b9ee","오리지널 스팸마리","스쿨푸드","분식","","","UNKNOWN_INDIVIDUAL_MENU_CATEGORY"
"official-quality-schoolfood-f76919969dfe","전복마리","스쿨푸드","분식","","","UNKNOWN_INDIVIDUAL_MENU_CATEGORY"
"official-quality-schoolfood-f9e7df3b29a2","까르보나라 파스타 떡볶이","스쿨푸드","분식","국수·우동","",""
"official-quality-schoolfood-fc5d0e26e2bd","순대","스쿨푸드","분식","분식","",""
"official-quality-schoolfood-fec35a930139","톡톡 날치알 마리","스쿨푸드","분식","","","UNKNOWN_INDIVIDUAL_MENU_CATEGORY"
"official-menu-gimgane-9ff0a81c608a","꼬마김밥","김가네","김밥","분식","",""
"official-menu-gimgane-df7f7c0834d7","김가네 김밥","김가네","김밥","분식","",""
"official-menu-gimgane-a572bf14b8e8","샐러드김밥","김가네","김밥","분식","",""
"official-menu-gimgane-c425529798fb","참치김밥","김가네","김밥","분식","",""
"official-menu-gimgane-253ba2987ffc","멸추김밥","김가네","김밥","분식","",""
"official-menu-gimgane-3bcd6c35486d","소고기김밥","김가네","김밥","분식","",""
"official-menu-gimgane-51b3599719a2","더블치즈김밥","김가네","김밥","분식","",""
"official-menu-gimgane-99e91da75470","에그스팸김밥","김가네","김밥","분식","",""
"official-menu-gimgane-1b20aba9488d","와사비크래미김밥","김가네","김밥","분식","",""
"official-menu-gimgane-69c6b63a2ee9","돈까스롤","김가네","김밥","돈가스","",""
"official-menu-gimgane-65af7e9f404b","통새우롤","김가네","김밥","","","UNKNOWN_INDIVIDUAL_MENU_CATEGORY"
"official-menu-gimgane-0446f87516a7","물쫄면","김가네","김밥","국수·우동","",""
"official-menu-gimgane-c8b4aa12f381","쌀떡볶이","김가네","김밥","분식","",""
"official-menu-gimgane-33c148d027b7","초계국수","김가네","김밥","국수·우동","",""
"official-menu-gimgane-b24a17f7e57f","라볶이","김가네","김밥","","","UNKNOWN_INDIVIDUAL_MENU_CATEGORY"
"official-menu-gimgane-e156015758fb","콩국수","김가네","김밥","국수·우동","",""
"official-menu-gimgane-6454befbdb61","라면","김가네","김밥","","","UNKNOWN_INDIVIDUAL_MENU_CATEGORY"
"official-menu-gimgane-ce86307eadcd","잔치국수","김가네","김밥","국수·우동","",""
"official-menu-gimgane-3083cb767b81","쫄면","김가네","김밥","국수·우동","",""
"official-menu-gimgane-c4d077f1a6a5","철판치즈불닭쫄면","김가네","김밥","국수·우동","",""
"official-menu-gimgane-f2a81b544866","유부우동","김가네","김밥","국수·우동","",""
"official-menu-gimgane-4bace48351d9","튀김우동(새우튀김)","김가네","김밥","국수·우동","",""
"official-menu-gimgane-368656b7e17c","떡만두국(김치손만두)","김가네","김밥","분식","",""
"official-menu-gimgane-8f761249090e","모듬오뎅","김가네","김밥","","","UNKNOWN_INDIVIDUAL_MENU_CATEGORY"
"official-menu-gimgane-671db6593fbf","냉소바","김가네","김밥","","","UNKNOWN_INDIVIDUAL_MENU_CATEGORY"
"official-menu-gimgane-85629687296a","(계절) 김치말이국수","김가네","김밥","국수·우동","",""
"official-menu-gimgane-8610e75b78af","(계절) 물냉면","김가네","김밥","국수·우동","",""
"official-menu-gimgane-53d7c91309dd","(계절) 비빔냉면","김가네","김밥","국수·우동","",""
"official-menu-gimgane-0022508c2d65","등심돈까스","김가네","김밥","돈가스","",""
"official-menu-gimgane-47edfe5e9982","치즈돈까스","김가네","김밥","돈가스","",""
"official-menu-gimgane-a0eef88f4815","함박정식","김가네","김밥","도시락","",""
"official-menu-gimgane-a6da08974944","뚝배기불고기","김가네","김밥","","","UNKNOWN_INDIVIDUAL_MENU_CATEGORY"
"official-menu-gimgane-6b75a23e6b61","어린이돈까스","김가네","김밥","돈가스","",""
"official-menu-gimgane-e6e7a11ea966","김치찌개","김가네","김밥","","","UNKNOWN_INDIVIDUAL_MENU_CATEGORY"
"official-menu-gimgane-63783c5967c7","차돌 된장찌개","김가네","김밥","","","UNKNOWN_INDIVIDUAL_MENU_CATEGORY"
"official-menu-gimgane-8fc7865ba026","스팸김치볶음밥","김가네","김밥","덮밥","",""
"official-menu-gimgane-b6c90eecfd92","철판치즈김치볶음밥","김가네","김밥","덮밥","",""
"official-menu-gimgane-e74ee183ac24","매콤철판해물볶음밥","김가네","김밥","덮밥","",""
"official-menu-gimgane-a34a126e3fca","오므라이스","김가네","김밥","덮밥","",""
"official-menu-gimgane-e8b79404060b","소고기돌솥비빔밥","김가네","김밥","덮밥","",""
"official-menu-gimgane-85ab22195810","야채비빔밥","김가네","김밥","덮밥","",""
"official-menu-gimgane-34c7c6f8d2f6","치킨마요덮밥","김가네","김밥","덮밥","",""
"official-menu-gimgane-6ba641a25342","커리덮밥(돈까스)","김가네","김밥","덮밥","",""
"official-menu-gimgane-dcd7730e419a","커리덮밥(치킨가라아게)","김가네","김밥","덮밥","",""
"official-menu-gimgane-6492d48a2fd0","커리덮밥(새우튀김)","김가네","김밥","덮밥","",""
"official-menu-gimgane-bce42c7713b1","제육덮밥","김가네","김밥","덮밥","",""
"official-menu-gimgane-b8b2cd84a8a3","철판낙지덮밥","김가네","김밥","덮밥","",""
"official-menu-gimgane-75f3c6f8dfe7","닭갈비덮밥","김가네","김밥","덮밥","",""
"official-menu-gimgane-82755e75543e","스팸옛날도시락","김가네","김밥","도시락","",""
"official-menu-gimgane-7614a495868d","부대찌개","김가네","김밥","부대찌개","",""
"official-menu-gimgane-b8bc7066bf89","순두부찌개","김가네","김밥","","","UNKNOWN_INDIVIDUAL_MENU_CATEGORY"
"official-menu-gimgane-ca6eab077df9","육개장","김가네","김밥","","","UNKNOWN_INDIVIDUAL_MENU_CATEGORY"
"official-menu-gimgane-3e85d51c553f","찐만두","김가네","김밥","분식","",""
"official-menu-gimgane-7fceb9afd2fa","닭깡정","김가네","김밥","","","UNKNOWN_INDIVIDUAL_MENU_CATEGORY"
"official-menu-gimgane-8ac8aa9e05fa","갈비만두","김가네","김밥","분식","",""
"official-menu-gimgane-16504eaf38eb","왕새우튀김","김가네","김밥","","","UNKNOWN_INDIVIDUAL_MENU_CATEGORY"
"official-menu-gimgane-4614deb2609f","오징어튀김","김가네","김밥","","","UNKNOWN_INDIVIDUAL_MENU_CATEGORY"
"official-menu-gimgane-2b4aff955a70","김말이튀김","김가네","김밥","분식","",""
"official-menu-gimgane-326ec9741d92","소떡소떡","김가네","김밥","","","UNKNOWN_INDIVIDUAL_MENU_CATEGORY"
"official-menu-gimgane-35494bd2c61e","떡꼬치","김가네","김밥","","","UNKNOWN_INDIVIDUAL_MENU_CATEGORY"
"official-menu-gimgane-c425cb1c7a2a","군만두","김가네","김밥","분식","",""
"official-menu-kobongmin-debf70b8bd5f","고봉민김밥","고봉민김밥인","김밥","분식","",""
"official-menu-kobongmin-3f6e955e4816","돈까스김밥","고봉민김밥인","김밥","분식","",""
"official-menu-kobongmin-be9054150d8b","맵돈김밥","고봉민김밥인","김밥","분식","",""
"official-menu-kobongmin-8b062df7dd88","매운김밥","고봉민김밥인","김밥","분식","",""
"official-menu-kobongmin-c425529798fb","참치김밥","고봉민김밥인","김밥","분식","",""
"official-menu-kobongmin-c59ce2b2d53c","치즈김밥","고봉민김밥인","김밥","분식","",""
"official-menu-kobongmin-3262fdf64f79","떡갈비김밥","고봉민김밥인","김밥","분식","",""
"official-menu-kobongmin-adc8b8611b82","새우김밥","고봉민김밥인","김밥","분식","",""
"official-menu-kobongmin-5dd2b78075c0","소불고기김밥","고봉민김밥인","김밥","분식","",""
"official-menu-kobongmin-e9357e8d8d1f","매콤어묵김밥","고봉민김밥인","김밥","분식","",""
"official-menu-kobongmin-21c703798b70","진미채김밥","고봉민김밥인","김밥","분식","",""
"official-menu-kobongmin-a3a9d8542e69","멸치새우김밥","고봉민김밥인","김밥","분식","",""
"official-menu-kobongmin-c3c859fc0f0b","통소시지김밥","고봉민김밥인","김밥","분식","",""
"official-menu-kobongmin-238e28b42dc6","여수갓참치김밥","고봉민김밥인","김밥","분식","",""
"official-menu-kobongmin-0cbaed0509f0","맵엉마라통","고봉민김밥인","김밥","","","UNKNOWN_INDIVIDUAL_MENU_CATEGORY"
"official-menu-kobongmin-ff82cd681c2f","맵엉청양모짜통","고봉민김밥인","김밥","","","UNKNOWN_INDIVIDUAL_MENU_CATEGORY"
"official-menu-kobongmin-72478616d1b3","맵엉소시지통","고봉민김밥인","김밥","","","UNKNOWN_INDIVIDUAL_MENU_CATEGORY"
"official-menu-kobongmin-5a4ec926d0f3","맵엉와사크래미통","고봉민김밥인","김밥","","","UNKNOWN_INDIVIDUAL_MENU_CATEGORY"
"official-menu-kobongmin-e34d69d4fd05","그린김밥","고봉민김밥인","김밥","분식","",""
"official-menu-kobongmin-e129a8ec0d39","그린에그김밥","고봉민김밥인","김밥","분식","",""
"official-menu-kobongmin-bc959c7a9d9f","그린참치김밥","고봉민김밥인","김밥","분식","",""
"official-menu-kobongmin-7b44b3ba7a71","그린더블치즈김밥","고봉민김밥인","김밥","분식","",""
"official-menu-kobongmin-a475452b1270","그린허브치킨김밥","고봉민김밥인","김밥","분식","",""
"official-menu-kobongmin-377d90cd39f5","그린바질새우김밥","고봉민김밥인","김밥","분식","",""
"official-menu-kobongmin-ec1f98c4f3e4","우동","고봉민김밥인","김밥","국수·우동","",""
"official-menu-kobongmin-ce86307eadcd","잔치국수","고봉민김밥인","김밥","국수·우동","",""
"official-menu-kobongmin-3083cb767b81","쫄면","고봉민김밥인","김밥","국수·우동","",""
"official-menu-kobongmin-bc0d392ec241","비빔국수","고봉민김밥인","김밥","국수·우동","",""
"official-menu-kobongmin-3c6fd141afd9","손수제비","고봉민김밥인","김밥","","","UNKNOWN_INDIVIDUAL_MENU_CATEGORY"
"official-menu-kobongmin-d0d57d3675a9","만둣국","고봉민김밥인","김밥","","","UNKNOWN_INDIVIDUAL_MENU_CATEGORY"
"official-menu-kobongmin-46dc80385185","신라면","고봉민김밥인","김밥","","","UNKNOWN_INDIVIDUAL_MENU_CATEGORY"
"official-menu-kobongmin-f5497e7759c3","부대신라면","고봉민김밥인","김밥","","","UNKNOWN_INDIVIDUAL_MENU_CATEGORY"
"official-menu-kobongmin-85d610ac9e73","대전얼큰이칼국수","고봉민김밥인","김밥","국수·우동","",""
"official-menu-kobongmin-96123e9add47","고봉민돈까스","고봉민김밥인","김밥","돈가스","",""
"official-menu-kobongmin-47edfe5e9982","치즈돈까스","고봉민김밥인","김밥","돈가스","",""
"official-menu-kobongmin-48e962f57fe5","고구마치즈돈까스","고봉민김밥인","김밥","돈가스","",""
"official-menu-kobongmin-a33934595e73","롤치즈까스","고봉민김밥인","김밥","","","UNKNOWN_INDIVIDUAL_MENU_CATEGORY"
"official-menu-kobongmin-49c253aef78f","돈까스세트","고봉민김밥인","김밥","돈가스","",""
"official-menu-kobongmin-a34a126e3fca","오므라이스","고봉민김밥인","김밥","덮밥","",""
"official-menu-kobongmin-b8bc7066bf89","순두부찌개","고봉민김밥인","김밥","","","UNKNOWN_INDIVIDUAL_MENU_CATEGORY"
"official-menu-kobongmin-9c4455c84ef8","돌판비빔밥","고봉민김밥인","김밥","덮밥","",""
"official-menu-kobongmin-6c89b452a8a7","육개장한상","고봉민김밥인","김밥","","","UNKNOWN_INDIVIDUAL_MENU_CATEGORY"
"official-menu-kobongmin-29e199c81745","소불고기 덮밥","고봉민김밥인","김밥","덮밥","",""
"official-menu-kobongmin-2f59cdf754f0","고봉민돼지국밥","고봉민김밥인","김밥","국밥","",""
"official-menu-kobongmin-dba58cdfc6ae","강릉짬뽕순두부","고봉민김밥인","김밥","중식","",""
"official-menu-kobongmin-11fad0d8673a","대구중화비빔밥","고봉민김밥인","김밥","덮밥","",""
"official-menu-kobongmin-30445430d490","물냉면","고봉민김밥인","김밥","국수·우동","",""
"official-menu-kobongmin-450d5926a8e3","비빔냉면","고봉민김밥인","김밥","국수·우동","",""
"official-menu-kobongmin-d5a05923c3cf","냉모밀","고봉민김밥인","김밥","","","UNKNOWN_INDIVIDUAL_MENU_CATEGORY"
"official-menu-kobongmin-1e223bd1bfd2","떡국","고봉민김밥인","김밥","","","UNKNOWN_INDIVIDUAL_MENU_CATEGORY"
"official-menu-kobongmin-98453feae8b0","납작탕수육","고봉민김밥인","김밥","중식","",""
"official-menu-kobongmin-3df88a89469b","비빔라면(냉)","고봉민김밥인","김밥","","","UNKNOWN_INDIVIDUAL_MENU_CATEGORY"
"official-menu-kobongmin-65821f8cd444","비빔우동(온)","고봉민김밥인","김밥","국수·우동","",""
"official-menu-kobongmin-d559d6816403","가래떡떡볶이","고봉민김밥인","김밥","분식","",""
"official-menu-kobongmin-941690dce822","강정떡볶이","고봉민김밥인","김밥","분식","",""
"official-menu-kobongmin-19b176949c19","국물떡볶이","고봉민김밥인","김밥","분식","",""
"official-menu-kobongmin-8a866e0925bc","깻잎국물떡볶이","고봉민김밥인","김밥","분식","",""
"official-menu-kobongmin-33374bffe08f","짜장국물떡볶이","고봉민김밥인","김밥","분식","",""
"official-menu-kobongmin-080fc765b7f7","마라국물떡볶이","고봉민김밥인","김밥","분식","",""
"official-menu-kobongmin-e2fa0a2069f3","마라로제떡볶이","고봉민김밥인","김밥","분식","",""
"official-menu-kobongmin-189751c4101a","스페샬떡볶이","고봉민김밥인","김밥","분식","",""
"official-menu-kobongmin-18969341b84d","스페샬마라떡볶이","고봉민김밥인","김밥","분식","",""
"official-menu-kobongmin-ab2671b9eb7b","스페샬불고기떡볶이","고봉민김밥인","김밥","분식","",""
"official-menu-kobongmin-a2b2301e1a8f","스페샬마라기름떡볶이","고봉민김밥인","김밥","분식","",""
"official-quality-teacherkim-01038654f1bc","새우딤섬 튀김만두","바르다김선생","김밥","분식","",""
"official-quality-teacherkim-091de1beb583","바른 참기름 막국수","바르다김선생","김밥","국수·우동","",""
"official-quality-teacherkim-0a893eb72157","바른 김밥","바르다김선생","김밥","분식","",""
"official-quality-teacherkim-0c1e186d7b39","해물 짬뽕 생라면","바르다김선생","김밥","중식","",""
"official-quality-teacherkim-0fc04df58a65","바른 호두강정","바르다김선생","김밥","","","UNKNOWN_INDIVIDUAL_MENU_CATEGORY"
"official-quality-teacherkim-13d3a356e2a1","키토 새우튀김 김밥","바르다김선생","김밥","분식","",""
"official-quality-teacherkim-15db6b3b58b4","새우딤섬튀김 카레우동","바르다김선생","김밥","국수·우동","",""
"official-quality-teacherkim-162e7947a867","쫄깃 냉우동","바르다김선생","김밥","국수·우동","",""
"official-quality-teacherkim-172bef6f12f9","키토 크림치즈 호두 김밥","바르다김선생","김밥","분식","",""
"official-quality-teacherkim-18162f7ea3f5","제육 튀김 만두","바르다김선생","김밥","분식","",""
"official-quality-teacherkim-2391a71d4538","돈가스 김밥","바르다김선생","김밥","분식","",""
"official-quality-teacherkim-28b9da968600","바른 등심 돈가스","바르다김선생","김밥","돈가스","",""
"official-quality-teacherkim-315a045c8e3f","김선생 비빔면","바르다김선생","김밥","","","UNKNOWN_INDIVIDUAL_MENU_CATEGORY"
"official-quality-teacherkim-34e5d56e1196","한입 메밀전병","바르다김선생","김밥","","","UNKNOWN_INDIVIDUAL_MENU_CATEGORY"
"official-quality-teacherkim-367a62434a66","바른 참기름","바르다김선생","김밥","","","UNKNOWN_INDIVIDUAL_MENU_CATEGORY"
"official-quality-teacherkim-40fa3f7954b5","가락 떡볶이","바르다김선생","김밥","분식","",""
"official-quality-teacherkim-44b7b3e9cbc8","닭가슴살 냉국수","바르다김선생","김밥","국수·우동","",""
"official-quality-teacherkim-48d91e9e05d9","생 세트","바르다김선생","김밥","","","UNKNOWN_INDIVIDUAL_MENU_CATEGORY"
"official-quality-teacherkim-53d528fc3669","매콤 장아찌 김밥","바르다김선생","김밥","분식","",""
"official-quality-teacherkim-5514f511e2c7","강릉 장칼국수","바르다김선생","김밥","국수·우동","",""
"official-quality-teacherkim-56bb510dc089","새우튀김 김밥","바르다김선생","김밥","분식","",""
"official-quality-teacherkim-5b3218e34e93","바른 멸치국수","바르다김선생","김밥","국수·우동","",""
"official-quality-teacherkim-672ed6e1f050","철판 제육 덮밥","바르다김선생","김밥","덮밥","",""
"official-quality-teacherkim-67969c370f36","치즈 등심 돈가스","바르다김선생","김밥","돈가스","",""
"official-quality-teacherkim-6a7c1d93601d","어묵튀김 우동","바르다김선생","김밥","국수·우동","",""
"official-quality-teacherkim-6a988ed376ad","바른 삼계죽","바르다김선생","김밥","죽","",""
"official-quality-teacherkim-6d6916192166","바른 콩국수","바르다김선생","김밥","국수·우동","",""
"official-quality-teacherkim-7370572d1c0a","철판 불고기 덮밥","바르다김선생","김밥","덮밥","",""
"official-quality-teacherkim-7bd7f5a7870d","바삭 감자채 튀김","바르다김선생","김밥","","","UNKNOWN_INDIVIDUAL_MENU_CATEGORY"
"official-quality-teacherkim-8ac8aa9e05fa","갈비 만두","바르다김선생","김밥","분식","",""
"official-quality-teacherkim-92fea9adb6fe","달래향 간장 비빔밥","바르다김선생","김밥","덮밥","",""
"official-quality-teacherkim-9d3256c6b86d","김 세트","바르다김선생","김밥","","","UNKNOWN_INDIVIDUAL_MENU_CATEGORY"
"official-quality-teacherkim-ac2142486e4a","숙성지 참치 김밥","바르다김선생","김밥","분식","",""
"official-quality-teacherkim-b016ea5a7a2b","안동국시","바르다김선생","김밥","","","UNKNOWN_INDIVIDUAL_MENU_CATEGORY"
"official-quality-teacherkim-b6f0c775e3be","눈꽃치즈 닭갈비 덮밥","바르다김선생","김밥","덮밥","",""
"official-quality-teacherkim-b6f9c061e6c9","매운 멸추 김밥","바르다김선생","김밥","분식","",""
"official-quality-teacherkim-c425529798fb","참치 김밥","바르다김선생","김밥","분식","",""
"official-quality-teacherkim-c456ac9e3432","크림치즈 호두 김밥","바르다김선생","김밥","분식","",""
"official-quality-teacherkim-cbbf0f6b9dd1","든든 치킨 카레","바르다김선생","김밥","치킨","",""
"official-quality-teacherkim-cec4dd566b03","새우 표고 떡만두국","바르다김선생","김밥","분식","",""
"official-quality-teacherkim-cfdd04b8dd87","매운 제육 쌈 김밥","바르다김선생","김밥","분식","",""
"official-quality-teacherkim-db833acb6998","로제 가락 떡볶이","바르다김선생","김밥","분식","",""
"official-quality-teacherkim-e460af06aab1","치즈 가락 떡볶이","바르다김선생","김밥","분식","",""
"official-quality-teacherkim-f0f35de67d96","선 세트","바르다김선생","김밥","","","UNKNOWN_INDIVIDUAL_MENU_CATEGORY"
"official-quality-teacherkim-f810d23bf3e1","불고기 김밥","바르다김선생","김밥","분식","",""
"official-quality-teacherkim-fb0ddc08b96a","새우 표고 만두","바르다김선생","김밥","분식","",""
"official-quality-hongkong-0ac68547816b","고기짬뽕","홍콩반점0410","중식","중식","",""
"official-quality-hongkong-17b434fb9958","차돌박이숙주볶음","홍콩반점0410","중식","","","UNKNOWN_INDIVIDUAL_MENU_CATEGORY"
"official-quality-hongkong-22c5eac50e90","멘보샤","홍콩반점0410","중식","","","UNKNOWN_INDIVIDUAL_MENU_CATEGORY"
"official-quality-hongkong-2ee3c87f4acd","잡채밥","홍콩반점0410","중식","","","UNKNOWN_INDIVIDUAL_MENU_CATEGORY"
"official-quality-hongkong-2f2468787ade","크림새우","홍콩반점0410","중식","","","UNKNOWN_INDIVIDUAL_MENU_CATEGORY"
"official-quality-hongkong-32d30f755ad9","깐풍기","홍콩반점0410","중식","중식","",""
"official-quality-hongkong-388abda9273d","탕수육","홍콩반점0410","중식","중식","",""
"official-quality-hongkong-3cbc52205760","짜장밥","홍콩반점0410","중식","","","UNKNOWN_INDIVIDUAL_MENU_CATEGORY"
"official-quality-hongkong-47faf2768c74","고추짬뽕","홍콩반점0410","중식","중식","",""
"official-quality-hongkong-5f4ad33ee92f","볶음짬뽕","홍콩반점0410","중식","중식","",""
"official-quality-hongkong-68b4f659b0bb","차돌짬뽕","홍콩반점0410","중식","중식","",""
"official-quality-hongkong-82936e2a74fc","홍콩 꽃빵","홍콩반점0410","중식","베이커리","",""
"official-quality-hongkong-a1d40011ed5b","고기짜장","홍콩반점0410","중식","","","UNKNOWN_INDIVIDUAL_MENU_CATEGORY"
"official-quality-hongkong-aa14e601c7ed","짜장면","홍콩반점0410","중식","중식","",""
"official-quality-hongkong-c425cb1c7a2a","군만두","홍콩반점0410","중식","분식","",""
"official-quality-hongkong-c6d10adaeb1f","고추짜장","홍콩반점0410","중식","","","UNKNOWN_INDIVIDUAL_MENU_CATEGORY"
"official-quality-hongkong-c6f8d15cc54d","슈림프 투움바 짬뽕","홍콩반점0410","중식","중식","",""
"official-quality-hongkong-c753976a60a9","해물육교자","홍콩반점0410","중식","","","UNKNOWN_INDIVIDUAL_MENU_CATEGORY"
"official-quality-hongkong-ce5ff89346f9","짬뽕","홍콩반점0410","중식","중식","",""
"official-quality-hongkong-e1687e220051","꿔바로우","홍콩반점0410","중식","","","UNKNOWN_INDIVIDUAL_MENU_CATEGORY"
"official-quality-hongkong-e47557bad242","깐풍새우","홍콩반점0410","중식","중식","",""
"official-quality-hongkong-f21a0587877f","볶음밥","홍콩반점0410","중식","덮밥","",""
"official-quality-ebiga-0ac68547816b","고기짬뽕","이비가짬뽕","중식","중식","",""
"official-quality-ebiga-1782a7fadd00","해물볶음","이비가짬뽕","중식","","","UNKNOWN_INDIVIDUAL_MENU_CATEGORY"
"official-quality-ebiga-178c2e5969cc","마라짬뽕","이비가짬뽕","중식","중식","",""
"official-quality-ebiga-2065eb52c7c8","한우라이스","이비가짬뽕","중식","","","UNKNOWN_INDIVIDUAL_MENU_CATEGORY"
"official-quality-ebiga-24065b1018b7","우삼겹백짬뽕","이비가짬뽕","중식","중식","",""
"official-quality-ebiga-32d30f755ad9","깐풍기","이비가짬뽕","중식","중식","",""
"official-quality-ebiga-388abda9273d","탕수육","이비가짬뽕","중식","중식","",""
"official-quality-ebiga-5a7aafc56f8c","매콤로제짬뽕","이비가짬뽕","중식","중식","",""
"official-quality-ebiga-5f4ad33ee92f","볶음짬뽕","이비가짬뽕","중식","중식","",""
"official-quality-ebiga-67576bc9d4ec","짬뽕탕","이비가짬뽕","중식","중식","",""
"official-quality-ebiga-6e5159f2588e","국민짬뽕","이비가짬뽕","중식","중식","",""
"official-quality-ebiga-772e67d7089c","한우짜장","이비가짬뽕","중식","","","UNKNOWN_INDIVIDUAL_MENU_CATEGORY"
"official-quality-ebiga-8848ee33e147","튀김꽃빵","이비가짬뽕","중식","베이커리","",""
"official-quality-ebiga-8b8e02a59f7a","유린기","이비가짬뽕","중식","","","UNKNOWN_INDIVIDUAL_MENU_CATEGORY"
"official-quality-ebiga-98d0269278f5","이비가짬뽕","이비가짬뽕","중식","중식","",""
"official-quality-ebiga-9b73a34f2f13","백짬뽕","이비가짬뽕","중식","중식","",""
"official-quality-ebiga-9d5c0b18329b","우삼겹짬뽕","이비가짬뽕","중식","중식","",""
"official-quality-ebiga-9de1b2c9732c","깐풍새우닭","이비가짬뽕","중식","중식","",""
"official-quality-ebiga-d25ed847007f","고추만두","이비가짬뽕","중식","분식","",""
"official-quality-ebiga-e47557bad242","깐풍새우","이비가짬뽕","중식","중식","",""
"official-quality-ebiga-f96e6a487273","국민짜장","이비가짬뽕","중식","","","UNKNOWN_INDIVIDUAL_MENU_CATEGORY"
"official-quality-tanghua-86b69b02eba6","마라탕","탕화쿵푸","마라탕","중식","",""
"official-quality-tanghua-dc560a83f746","마라비빔","탕화쿵푸","마라탕","","","UNKNOWN_INDIVIDUAL_MENU_CATEGORY"
"official-quality-tanghua-e1687e220051","꿔바로우","탕화쿵푸","마라탕","","","UNKNOWN_INDIVIDUAL_MENU_CATEGORY"
"official-quality-tanghua-e384e84cc419","마라샹궈","탕화쿵푸","마라탕","중식","",""
"official-quality-tanghua-f28f94877d66","토마토 마라탕","탕화쿵푸","마라탕","중식","",""
"official-quality-chunli-62dd601ecc58","가맹문의 1688-5938","춘리마라탕","마라탕","","","UNKNOWN_INDIVIDUAL_MENU_CATEGORY"
"official-quality-chunli-86b69b02eba6","마라탕","춘리마라탕","마라탕","중식","",""
"official-quality-chunli-e1687e220051","꿔바로우","춘리마라탕","마라탕","","","UNKNOWN_INDIVIDUAL_MENU_CATEGORY"
"official-quality-chunli-e384e84cc419","마라샹궈","춘리마라탕","마라탕","중식","",""
"official-bon-bf101-540319","본죽팥칼국수","본죽","죽","국수·우동","",""
"official-bon-bf101-7","삼계죽","본죽","죽","죽","",""
"official-bon-bf101-539891","추어죽","본죽","죽","죽","",""
"official-bon-bf101-8","삼계전복죽","본죽","죽","죽","",""
"official-bon-bf101-540290","우리 파주 장단콩 메밀콩국수","본죽","죽","국수·우동","",""
"official-bon-bf101-1","전복죽","본죽","죽","죽","",""
"official-bon-bf101-2","진전복죽","본죽","죽","죽","",""
"official-bon-bf101-3","특전복죽","본죽","죽","죽","",""
"official-bon-bf101-4","전복내장죽","본죽","죽","죽","",""
"official-bon-bf101-5","진전복내장죽","본죽","죽","죽","",""
"official-bon-bf101-6","특전복내장죽","본죽","죽","죽","",""
"official-bon-bf101-248","트러플전복죽","본죽","죽","죽","",""
"official-bon-bf101-249","특트러플전복죽","본죽","죽","죽","",""
"official-bon-bf101-11","쇠고기야채죽","본죽","죽","죽","",""
"official-bon-bf101-12","쇠고기버섯죽","본죽","죽","죽","",""
"official-bon-bf101-15","참치야채죽","본죽","죽","죽","",""
"official-bon-bf101-14","7가지야채죽","본죽","죽","죽","",""
"official-bon-bf101-17","해물죽","본죽","죽","죽","",""
"official-bon-bf101-18","특해물죽 (해물2배)","본죽","죽","죽","",""
"official-bon-bf101-21","새우죽","본죽","죽","죽","",""
"official-bon-bf101-22","특새우죽 (새우2배)","본죽","죽","죽","",""
"official-bon-bf101-19","통영굴버섯죽","본죽","죽","죽","",""
"official-bon-bf101-20","특통영굴버섯죽","본죽","죽","죽","",""
"official-bon-bf101-321","흰죽","본죽","죽","죽","",""
"official-bon-bf101-27","낙지김치죽","본죽","죽","죽","",""
"official-bon-bf101-25","신짬뽕죽","본죽","죽","중식","",""
"official-bon-bf101-230","홍게품은죽","본죽","죽","죽","",""
"official-bon-bf101-231","진홍게품은죽 (홍게다리살2배)","본죽","죽","죽","",""
"official-bon-bf101-232","특홍게품은죽 (홍게다리살3배)","본죽","죽","죽","",""
"official-bon-bf101-539684","푸팟퐁커리게살죽","본죽","죽","죽","",""
"official-bon-bf101-539594","참깨계란새우죽","본죽","죽","죽","",""
"official-bon-bf101-29","불고기낙지죽(불낙)","본죽","죽","죽","",""
"official-bon-bf101-9","자연송이쇠고기죽","본죽","죽","죽","",""
"official-bon-bf101-10","특자연송이쇠고기죽","본죽","죽","죽","",""
"official-bon-bf101-31","단호박죽","본죽","죽","죽","",""
"official-bon-bf101-32","동지팥죽","본죽","죽","죽","",""
"official-bon-bf101-467","단팥죽","본죽","죽","죽","",""
"official-bon-bf101-34","녹두죽","본죽","죽","죽","",""
"official-bon-bf101-33","흑임자죽","본죽","죽","죽","",""
"official-bon-bf101-35","명품잣죽","본죽","죽","죽","",""
"official-bon-bf101-539690","본메추리알장조림(400g)","본죽","죽","","","UNKNOWN_INDIVIDUAL_MENU_CATEGORY"
"official-bon-bf101-212","든든한끼 본쇠고기장조림(80g)","본죽","죽","","","UNKNOWN_INDIVIDUAL_MENU_CATEGORY"
"official-bon-bf101-526","든든한끼 오징어초무침(80g)","본죽","죽","","","UNKNOWN_INDIVIDUAL_MENU_CATEGORY"
"official-bon-bf101-539445","키즈장조림(80g)","본죽","죽","","","UNKNOWN_INDIVIDUAL_MENU_CATEGORY"
"official-bon-bf101-341","본쇠고기장조림(300g)","본죽","죽","","","UNKNOWN_INDIVIDUAL_MENU_CATEGORY"
"official-bon-bf101-545","든든한끼 본버터쇠고기장조림(70g)","본죽","죽","","","UNKNOWN_INDIVIDUAL_MENU_CATEGORY"
"official-bon-bf101-343","본메추리알쇠고기장조림(150g)","본죽","죽","","","UNKNOWN_INDIVIDUAL_MENU_CATEGORY"
"official-bon-bf101-477","본오징어초무침(150g)","본죽","죽","","","UNKNOWN_INDIVIDUAL_MENU_CATEGORY"
"official-bon-bf101-538","본비트동치미(1kg)","본죽","죽","","","UNKNOWN_INDIVIDUAL_MENU_CATEGORY"
"official-bon-bf101-549","본죽 오징어젓갈","본죽","죽","죽","",""
"official-bon-bf101-547","본죽 낙지젓갈","본죽","죽","죽","",""
"official-bon-bf101-363","한우야채진밥","본죽","죽","","","UNKNOWN_INDIVIDUAL_MENU_CATEGORY"
"official-bon-bf101-359","한우참깨애호박죽","본죽","죽","죽","",""
"official-bon-bf101-539354","시그니처[통단팥죽]","본죽","죽","죽","",""
"official-bon-bf101-539356","시그니처[단호박죽]","본죽","죽","죽","",""
"official-bon-bf101-539897","코카콜라(355ml)","본죽","죽","음료","",""
"official-bon-bf101-539898","코카콜라 제로(355ml)","본죽","죽","음료","",""
"official-bon-bf101-539899","스프라이트(355ml)","본죽","죽","","","UNKNOWN_INDIVIDUAL_MENU_CATEGORY"
"official-bon-bf101-539900","스프라이트 제로(355ml)","본죽","죽","","","UNKNOWN_INDIVIDUAL_MENU_CATEGORY"
"official-bon-bf101-372","단호박식혜","본죽","죽","","","UNKNOWN_INDIVIDUAL_MENU_CATEGORY"
"official-bon-bf101-539443","(낱개)우리땅,청매실","본죽","죽","","","UNKNOWN_INDIVIDUAL_MENU_CATEGORY"
"official-bon-bf101-373","(낱개)양배추사과즙","본죽","죽","","","UNKNOWN_INDIVIDUAL_MENU_CATEGORY"
"official-bon-bf101-337","(낱개)진짜배즙","본죽","죽","","","UNKNOWN_INDIVIDUAL_MENU_CATEGORY"
"official-bon-bf101-539455","(낱개)뽀로로 홍삼쏙쏙","본죽","죽","","","UNKNOWN_INDIVIDUAL_MENU_CATEGORY"
"official-bon-bf101-369","(500ml)본매실골드","본죽","죽","","","UNKNOWN_INDIVIDUAL_MENU_CATEGORY"
"official-bon-bf102-540320","본죽팥칼국수","본죽&비빔밥","죽·비빔밥","국수·우동","",""
"official-bon-bf102-42","삼계죽","본죽&비빔밥","죽·비빔밥","죽","",""
"official-bon-bf102-539893","추어죽","본죽&비빔밥","죽·비빔밥","죽","",""
"official-bon-bf102-43","삼계전복죽","본죽&비빔밥","죽·비빔밥","죽","",""
"official-bon-bf102-540268","열무칼비빔면","본죽&비빔밥","죽·비빔밥","","","UNKNOWN_INDIVIDUAL_MENU_CATEGORY"
"official-bon-bf102-540258","열무돈불백비빔밥","본죽&비빔밥","죽·비빔밥","덮밥","",""
"official-bon-bf102-540140","본죽장조림버터비빔밥","본죽&비빔밥","죽·비빔밥","덮밥","",""
"official-bon-bf102-540139","낙지김치비빔밥","본죽&비빔밥","죽·비빔밥","덮밥","",""
"official-bon-bf102-540137","불고기낙지비빔밥","본죽&비빔밥","죽·비빔밥","덮밥","",""
"official-bon-bf102-540138","신짬뽕비빔밥","본죽&비빔밥","죽·비빔밥","중식","",""
"official-bon-bf102-540136","전복내장해물비빔밥","본죽&비빔밥","죽·비빔밥","덮밥","",""
"official-bon-bf102-540135","참치야채비빔밥","본죽&비빔밥","죽·비빔밥","덮밥","",""
"official-bon-bf102-485","6가지나물비빔밥","본죽&비빔밥","죽·비빔밥","덮밥","",""
"official-bon-bf102-489","제육볶음나물비빔밥","본죽&비빔밥","죽·비빔밥","덮밥","",""
"official-bon-bf102-491","소불고기나물비빔밥","본죽&비빔밥","죽·비빔밥","덮밥","",""
"official-bon-bf102-540134","돌솥 본죽장조림버터비빔밥","본죽&비빔밥","죽·비빔밥","덮밥","",""
"official-bon-bf102-540133","돌솥 낙지김치비빔밥","본죽&비빔밥","죽·비빔밥","덮밥","",""
"official-bon-bf102-540131","돌솥 불고기낙지비빔밥","본죽&비빔밥","죽·비빔밥","덮밥","",""
"official-bon-bf102-540132","돌솥 신짬뽕비빔밥","본죽&비빔밥","죽·비빔밥","중식","",""
"official-bon-bf102-540130","돌솥 전복내장해물비빔밥","본죽&비빔밥","죽·비빔밥","덮밥","",""
"official-bon-bf102-540129","돌솥 참치야채비빔밥","본죽&비빔밥","죽·비빔밥","덮밥","",""
"official-bon-bf102-486","돌솥 6가지나물비빔밥","본죽&비빔밥","죽·비빔밥","덮밥","",""
"official-bon-bf102-490","돌솥 제육볶음나물비빔밥","본죽&비빔밥","죽·비빔밥","덮밥","",""
"official-bon-bf102-492","돌솥 소불고기나물비빔밥","본죽&비빔밥","죽·비빔밥","덮밥","",""
"official-bon-bf102-540178","해물된장뚝배기","본죽&비빔밥","죽·비빔밥","","","UNKNOWN_INDIVIDUAL_MENU_CATEGORY"
"official-bon-bf102-540141","뚝배기 제육볶음","본죽&비빔밥","죽·비빔밥","","","UNKNOWN_INDIVIDUAL_MENU_CATEGORY"
"official-bon-bf102-539896","콩비지뚝배기","본죽&비빔밥","죽·비빔밥","","","UNKNOWN_INDIVIDUAL_MENU_CATEGORY"
"official-bon-bf102-539429","소불고기버섯뚝배기","본죽&비빔밥","죽·비빔밥","","","UNKNOWN_INDIVIDUAL_MENU_CATEGORY"
"official-bon-bf102-36","전복죽","본죽&비빔밥","죽·비빔밥","죽","",""
"official-bon-bf102-37","진전복죽","본죽&비빔밥","죽·비빔밥","죽","",""
"official-bon-bf102-38","특전복죽","본죽&비빔밥","죽·비빔밥","죽","",""
"official-bon-bf102-39","전복내장죽","본죽&비빔밥","죽·비빔밥","죽","",""
"official-bon-bf102-40","진전복내장죽","본죽&비빔밥","죽·비빔밥","죽","",""
"official-bon-bf102-41","특전복내장죽","본죽&비빔밥","죽·비빔밥","죽","",""
"official-bon-bf102-250","트러플전복죽","본죽&비빔밥","죽·비빔밥","죽","",""
"official-bon-bf102-251","특트러플전복죽","본죽&비빔밥","죽·비빔밥","죽","",""
"official-bon-bf102-46","쇠고기야채죽","본죽&비빔밥","죽·비빔밥","죽","",""
"official-bon-bf102-47","쇠고기버섯죽","본죽&비빔밥","죽·비빔밥","죽","",""
"official-bon-bf102-50","참치야채죽","본죽&비빔밥","죽·비빔밥","죽","",""
"official-bon-bf102-49","7가지야채죽","본죽&비빔밥","죽·비빔밥","죽","",""
"official-bon-bf102-51","해물죽","본죽&비빔밥","죽·비빔밥","죽","",""
"official-bon-bf102-52","특해물죽 (해물2배)","본죽&비빔밥","죽·비빔밥","죽","",""
"official-bon-bf102-55","새우죽","본죽&비빔밥","죽·비빔밥","죽","",""
"official-bon-bf102-56","특새우죽 (새우2배)","본죽&비빔밥","죽·비빔밥","죽","",""
"official-bon-bf102-53","통영굴버섯죽","본죽&비빔밥","죽·비빔밥","죽","",""
"official-bon-bf102-54","특통영굴버섯죽 (굴2배)","본죽&비빔밥","죽·비빔밥","죽","",""
"official-bon-bf102-322","흰죽","본죽&비빔밥","죽·비빔밥","죽","",""
"official-bon-bf102-61","낙지김치죽","본죽&비빔밥","죽·비빔밥","죽","",""
"official-bon-bf102-59","신짬뽕죽","본죽&비빔밥","죽·비빔밥","중식","",""
"official-bon-bf102-236","홍게품은죽","본죽&비빔밥","죽·비빔밥","죽","",""
"official-bon-bf102-237","진홍게품은죽 (홍게다리살2배)","본죽&비빔밥","죽·비빔밥","죽","",""
"official-bon-bf102-238","특홍게품은죽 (홍게다리살3배)","본죽&비빔밥","죽·비빔밥","죽","",""
"official-bon-bf102-539685","푸팟퐁커리게살죽","본죽&비빔밥","죽·비빔밥","죽","",""
"official-bon-bf102-539598","참깨계란새우죽","본죽&비빔밥","죽·비빔밥","죽","",""
"official-bon-bf102-63","불고기낙지죽(불낙)","본죽&비빔밥","죽·비빔밥","죽","",""
"official-bon-bf102-44","자연송이쇠고기죽","본죽&비빔밥","죽·비빔밥","죽","",""
"official-bon-bf102-45","특자연송이쇠고기죽","본죽&비빔밥","죽·비빔밥","죽","",""
"official-bon-bf102-65","단호박죽","본죽&비빔밥","죽·비빔밥","죽","",""
"official-bon-bf102-66","동지팥죽","본죽&비빔밥","죽·비빔밥","죽","",""
"official-bon-bf102-468","단팥죽","본죽&비빔밥","죽·비빔밥","죽","",""
"official-bon-bf102-67","녹두죽","본죽&비빔밥","죽·비빔밥","죽","",""
"official-bon-bf102-454","흑임자죽","본죽&비빔밥","죽·비빔밥","죽","",""
"official-bon-bf102-452","명품잣죽","본죽&비빔밥","죽·비빔밥","죽","",""
"official-bon-bf102-90","쫄깃감자 찐만두","본죽&비빔밥","죽·비빔밥","분식","",""
"official-bon-bf102-539396","철판소불고기","본죽&비빔밥","죽·비빔밥","","","UNKNOWN_INDIVIDUAL_MENU_CATEGORY"
"official-bon-bf102-539691","본메추리알장조림(400g)","본죽&비빔밥","죽·비빔밥","","","UNKNOWN_INDIVIDUAL_MENU_CATEGORY"
"official-bon-bf102-213","든든한끼 본쇠고기장조림(80g)","본죽&비빔밥","죽·비빔밥","","","UNKNOWN_INDIVIDUAL_MENU_CATEGORY"
"official-bon-bf102-527","든든한끼 오징어초무침(80g)","본죽&비빔밥","죽·비빔밥","","","UNKNOWN_INDIVIDUAL_MENU_CATEGORY"
"official-bon-bf102-539446","키즈장조림(80g)","본죽&비빔밥","죽·비빔밥","","","UNKNOWN_INDIVIDUAL_MENU_CATEGORY"
"official-bon-bf102-342","본쇠고기장조림(300g)","본죽&비빔밥","죽·비빔밥","","","UNKNOWN_INDIVIDUAL_MENU_CATEGORY"
"official-bon-bf102-546","든든한끼 본버터쇠고기장조림(70g)","본죽&비빔밥","죽·비빔밥","","","UNKNOWN_INDIVIDUAL_MENU_CATEGORY"
"official-bon-bf102-344","본메추리알쇠고기장조림(150g)","본죽&비빔밥","죽·비빔밥","","","UNKNOWN_INDIVIDUAL_MENU_CATEGORY"
"official-bon-bf102-476","본오징어초무침(150g)","본죽&비빔밥","죽·비빔밥","","","UNKNOWN_INDIVIDUAL_MENU_CATEGORY"
"official-bon-bf102-539","본비트동치미(1kg)","본죽&비빔밥","죽·비빔밥","","","UNKNOWN_INDIVIDUAL_MENU_CATEGORY"
"official-bon-bf102-548","본죽 낙지젓갈","본죽&비빔밥","죽·비빔밥","죽","",""
"official-bon-bf102-550","본죽 오징어젓갈","본죽&비빔밥","죽·비빔밥","죽","",""
"official-bon-bf102-364","한우야채진밥","본죽&비빔밥","죽·비빔밥","","","UNKNOWN_INDIVIDUAL_MENU_CATEGORY"
"official-bon-bf102-360","한우참깨애호박죽","본죽&비빔밥","죽·비빔밥","죽","",""
"official-bon-bf102-539355","시그니처[통단팥죽]","본죽&비빔밥","죽·비빔밥","죽","",""
"official-bon-bf102-539357","시그니처[단호박죽]","본죽&비빔밥","죽·비빔밥","죽","",""
"official-bon-bf102-539901","코카콜라(355ml)","본죽&비빔밥","죽·비빔밥","음료","",""
"official-bon-bf102-539902","코카콜라 제로(355ml)","본죽&비빔밥","죽·비빔밥","음료","",""
"official-bon-bf102-539903","스프라이트(355ml)","본죽&비빔밥","죽·비빔밥","","","UNKNOWN_INDIVIDUAL_MENU_CATEGORY"
"official-bon-bf102-539904","스프라이트 제로(355ml)","본죽&비빔밥","죽·비빔밥","","","UNKNOWN_INDIVIDUAL_MENU_CATEGORY"
"official-bon-bf102-371","단호박식혜","본죽&비빔밥","죽·비빔밥","","","UNKNOWN_INDIVIDUAL_MENU_CATEGORY"
"official-bon-bf102-539444","(낱개)우리땅,청매실","본죽&비빔밥","죽·비빔밥","","","UNKNOWN_INDIVIDUAL_MENU_CATEGORY"
"official-bon-bf102-374","(낱개)양배추사과즙","본죽&비빔밥","죽·비빔밥","","","UNKNOWN_INDIVIDUAL_MENU_CATEGORY"
"official-bon-bf102-375","(낱개)진짜배즙","본죽&비빔밥","죽·비빔밥","","","UNKNOWN_INDIVIDUAL_MENU_CATEGORY"
"official-bon-bf102-539460","(낱개)뽀로로 홍삼쏙쏙","본죽&비빔밥","죽·비빔밥","","","UNKNOWN_INDIVIDUAL_MENU_CATEGORY"
"official-bon-bf102-370","(500ml)본매실골드","본죽&비빔밥","죽·비빔밥","","","UNKNOWN_INDIVIDUAL_MENU_CATEGORY"
"official-quality-jukstory-00aa2ac77503","완도전복솥죽","죽이야기","죽","죽","",""
"official-quality-jukstory-02fef8e96f05","자연송이한우솥죽","죽이야기","죽","죽","",""
"official-quality-jukstory-046222808afe","치킨대파솥밥","죽이야기","죽","치킨","",""
"official-quality-jukstory-0e3cb47453f5","매생이굴솥죽","죽이야기","죽","죽","",""
"official-quality-jukstory-119b9e27f593","삼선짬뽕솥죽","죽이야기","죽","중식","",""
"official-quality-jukstory-13dcd84e5738","매운낙지볶음밥","죽이야기","죽","덮밥","",""
"official-quality-jukstory-18e1d0308fde","흑임자귀리죽","죽이야기","죽","죽","",""
"official-quality-jukstory-1f1a2a92d150","육개장솥밥","죽이야기","죽","","","UNKNOWN_INDIVIDUAL_MENU_CATEGORY"
"official-quality-jukstory-21c24844b335","호박죽","죽이야기","죽","죽","",""
"official-quality-jukstory-24a9b42a6b90","크리미감자죽","죽이야기","죽","죽","",""
"official-quality-jukstory-272947e895b3","김치볶음밥","죽이야기","죽","덮밥","",""
"official-quality-jukstory-37de9a26a504","완도전복버섯솥밥","죽이야기","죽","","","UNKNOWN_INDIVIDUAL_MENU_CATEGORY"
"official-quality-jukstory-3be6539dfd80","들깨삼계탕","죽이야기","죽","삼계탕","",""
"official-quality-jukstory-45e17d45117b","모듬해물죽","죽이야기","죽","죽","",""
"official-quality-jukstory-46c29cbef5c9","참치야채솥죽","죽이야기","죽","죽","",""
"official-quality-jukstory-4adc179e5008","유산슬해물솥밥","죽이야기","죽","","","UNKNOWN_INDIVIDUAL_MENU_CATEGORY"
"official-quality-jukstory-55f763f7e643","낙지김치솥죽","죽이야기","죽","죽","",""
"official-quality-jukstory-5816ed2620c6","소불고기볶음밥","죽이야기","죽","덮밥","",""
"official-quality-jukstory-5f1b67101371","흰죽","죽이야기","죽","죽","",""
"official-quality-jukstory-6176e4e6982d","전복인삼닭솥죽","죽이야기","죽","죽","",""
"official-quality-jukstory-637f654931e7","돈새우솥밥","죽이야기","죽","","","UNKNOWN_INDIVIDUAL_MENU_CATEGORY"
"official-quality-jukstory-646f79fa7320","달콩팥죽","죽이야기","죽","죽","",""
"official-quality-jukstory-6779cbfc6db7","시래기솥밥","죽이야기","죽","","","UNKNOWN_INDIVIDUAL_MENU_CATEGORY"
"official-quality-jukstory-6b82a19f3540","낙치김치솥죽","죽이야기","죽","죽","",""
"official-quality-jukstory-70f000943f56","게살날치알솥죽","죽이야기","죽","죽","",""
"official-quality-jukstory-75a9a4aef04e","얼큰김치솥죽","죽이야기","죽","죽","",""
"official-quality-jukstory-88d6723667e6","된장찌개솥밥","죽이야기","죽","","","UNKNOWN_INDIVIDUAL_MENU_CATEGORY"
"official-quality-jukstory-8d234bd40bf6","치킨카레솥밥","죽이야기","죽","치킨","",""
"official-quality-jukstory-9081e3107f2e","버섯야채솥죽","죽이야기","죽","죽","",""
"official-quality-jukstory-966a7359a9ec","단호박죽","죽이야기","죽","죽","",""
"official-quality-jukstory-9d09ff2374d0","콩비지솥밥","죽이야기","죽","","","UNKNOWN_INDIVIDUAL_MENU_CATEGORY"
"official-quality-jukstory-9f25963acf54","뚝배기불고기솥밥","죽이야기","죽","","","UNKNOWN_INDIVIDUAL_MENU_CATEGORY"
"official-quality-jukstory-9fb37054b1dc","특전복솥죽","죽이야기","죽","죽","",""
"official-quality-jukstory-a823d976bc20","호박귀리죽","죽이야기","죽","죽","",""
"official-quality-jukstory-aa436321cdd9","흑임자죽","죽이야기","죽","죽","",""
"official-quality-jukstory-aaa22693a9fc","팥죽","죽이야기","죽","죽","",""
"official-quality-jukstory-ae236cddc1e8","불낙솥죽(순한맛)","죽이야기","죽","죽","",""
"official-quality-jukstory-af9326bb7e0f","굴솥밥","죽이야기","죽","","","UNKNOWN_INDIVIDUAL_MENU_CATEGORY"
"official-quality-jukstory-b4303588ca26","자연송이전복솥죽","죽이야기","죽","죽","",""
"official-quality-jukstory-b71ed6a934b8","곱대창솥밥","죽이야기","죽","","","UNKNOWN_INDIVIDUAL_MENU_CATEGORY"
"official-quality-jukstory-bb1b712e6ace","모듬해물솥죽","죽이야기","죽","죽","",""
"official-quality-jukstory-c67e510b91a3","진품전복솥죽","죽이야기","죽","죽","",""
"official-quality-jukstory-d4cce5af6330","고구마옥수수죽","죽이야기","죽","죽","",""
"official-quality-jukstory-d776175d4236","소고기솥밥","죽이야기","죽","","","UNKNOWN_INDIVIDUAL_MENU_CATEGORY"
"official-quality-jukstory-d85712a2b959","얼큰삼계탕","죽이야기","죽","삼계탕","",""
"official-quality-jukstory-d98b6059f274","한우야채솥죽","죽이야기","죽","죽","",""
"official-quality-jukstory-dcabe79cbf11","진삼계탕","죽이야기","죽","삼계탕","",""
"official-quality-jukstory-dd5b621ada41","야채솥죽","죽이야기","죽","죽","",""
"official-quality-jukstory-e156015758fb","콩국수","죽이야기","죽","국수·우동","",""
"official-quality-jukstory-e18cc3ada24a","해물볶음밥","죽이야기","죽","덮밥","",""
"official-quality-jukstory-e205c104792b","오곡고소미죽","죽이야기","죽","죽","",""
"official-quality-jukstory-e4276499d2f5","고소미8곡죽","죽이야기","죽","죽","",""
"official-quality-jukstory-e8303a1e47b1","한우버섯솥죽","죽이야기","죽","죽","",""
"official-quality-jukstory-e9db54f17ec0","인삼닭솥죽","죽이야기","죽","죽","",""
"official-quality-jukstory-ea9a22ac64de","불낙솥죽(매운맛)","죽이야기","죽","죽","",""
"official-quality-jukstory-eb485275f624","돈채솥밥","죽이야기","죽","","","UNKNOWN_INDIVIDUAL_MENU_CATEGORY"
"official-quality-jukstory-fec01e17d90e","녹두전","죽이야기","죽","","","UNKNOWN_INDIVIDUAL_MENU_CATEGORY"
"official-quality-namuya-01a66a40b7da","상하이진한짬뽕밥","국수나무","국수·우동","중식","",""
"official-quality-namuya-031baa341a26","돈므라이스","국수나무","국수·우동","","","UNKNOWN_INDIVIDUAL_MENU_CATEGORY"
"official-quality-namuya-037929903b08","맑은고기국수","국수나무","국수·우동","국수·우동","",""
"official-quality-namuya-0664cf3aed81","열무국수","국수나무","국수·우동","국수·우동","",""
"official-quality-namuya-15af480ec4f7","열냉불고기정식","국수나무","국수·우동","도시락","",""
"official-quality-namuya-19b176949c19","국물떡볶이","국수나무","국수·우동","분식","",""
"official-quality-namuya-1c51fd0efc6d","리얼치즈돈까스","국수나무","국수·우동","돈가스","",""
"official-quality-namuya-1c534c05422a","미니등심돈까스","국수나무","국수·우동","돈가스","",""
"official-quality-namuya-1c8bf4f124f3","우삼겹깍두기볶음밥","국수나무","국수·우동","덮밥","",""
"official-quality-namuya-1d0cd019369e","소고기짬뽕밥","국수나무","국수·우동","중식","",""
"official-quality-namuya-21d50b3d03be","국수나무알밥","국수나무","국수·우동","국수·우동","",""
"official-quality-namuya-22db185728fc","국치정식","국수나무","국수·우동","도시락","",""
"official-quality-namuya-253908c3a523","청양마요가라아게","국수나무","국수·우동","","","UNKNOWN_INDIVIDUAL_MENU_CATEGORY"
"official-quality-namuya-281f9ef8db8d","미니치즈돈까스","국수나무","국수·우동","돈가스","",""
"official-quality-namuya-2ae8dd49a869","물냉불고기정식","국수나무","국수·우동","도시락","",""
"official-quality-namuya-2b98c67c5975","돈코츠라멘","국수나무","국수·우동","국수·우동","",""
"official-quality-namuya-2c2f87fed673","소고기낙지덮밥","국수나무","국수·우동","덮밥","",""
"official-quality-namuya-2e60de202244","제육돈까스","국수나무","국수·우동","돈가스","",""
"official-quality-namuya-30445430d490","물냉면","국수나무","국수·우동","국수·우동","",""
"official-quality-namuya-3083cb767b81","쫄면","국수나무","국수·우동","국수·우동","",""
"official-quality-namuya-30ad112ba845","쫄비빔면","국수나무","국수·우동","","","UNKNOWN_INDIVIDUAL_MENU_CATEGORY"
"official-quality-namuya-32e10ba0e3d3","왕만두","국수나무","국수·우동","분식","",""
"official-quality-namuya-33c148d027b7","초계국수","국수나무","국수·우동","국수·우동","",""
"official-quality-namuya-369d3312f69f","바삭갈비만두","국수나무","국수·우동","분식","",""
"official-quality-namuya-3747582df72b","폭신폭신계란짬뽕밥 (소고기)","국수나무","국수·우동","중식","",""
"official-quality-namuya-397f550117a8","청양마요돈까스","국수나무","국수·우동","돈가스","",""
"official-quality-namuya-3992e4e5a28e","냉국수","국수나무","국수·우동","국수·우동","",""
"official-quality-namuya-3b85a8642b49","규동(소고기덮밥)","국수나무","국수·우동","덮밥","",""
"official-quality-namuya-3babe2c6bf7e","지단육개장우동","국수나무","국수·우동","국수·우동","",""
"official-quality-namuya-42d72dff96cc","미니수육","국수나무","국수·우동","","","UNKNOWN_INDIVIDUAL_MENU_CATEGORY"
"official-quality-namuya-4481a579301e","만들어먹는주먹밥","국수나무","국수·우동","분식","",""
"official-quality-namuya-450d5926a8e3","비빔냉면","국수나무","국수·우동","국수·우동","",""
"official-quality-namuya-48264add0563","로제돈까스","국수나무","국수·우동","돈가스","",""
"official-quality-namuya-494727279a90","치킨가라아게","국수나무","국수·우동","치킨","",""
"official-quality-namuya-5150a0d91129","낙지비빔칼국수","국수나무","국수·우동","국수·우동","",""
"official-quality-namuya-54d980a9eed0","돈까스카레덮밥","국수나무","국수·우동","덮밥","",""
"official-quality-namuya-57f525c66f2a","15cm 감자전","국수나무","국수·우동","","","UNKNOWN_INDIVIDUAL_MENU_CATEGORY"
"official-quality-namuya-5d2b366ea2d1","옛날왕돈까스","국수나무","국수·우동","돈가스","",""
"official-quality-namuya-5d6928621487","미니우동","국수나무","국수·우동","국수·우동","",""
"official-quality-namuya-5daec0147e0e","냉치정식","국수나무","국수·우동","도시락","",""
"official-quality-namuya-5dc2e12a0a30","탄탄멘","국수나무","국수·우동","","","UNKNOWN_INDIVIDUAL_MENU_CATEGORY"
"official-quality-namuya-6c252192b8be","가츠동","국수나무","국수·우동","일식","",""
"official-quality-namuya-720abe6e35d9","소치정식","국수나무","국수·우동","도시락","",""
"official-quality-namuya-816dec069012","잔치(생면)국수","국수나무","국수·우동","국수·우동","",""
"official-quality-namuya-8a1bb533bf2c","직화제육면","국수나무","국수·우동","","","UNKNOWN_INDIVIDUAL_MENU_CATEGORY"
"official-quality-namuya-8a84939ef5cf","우삼겹중화얼큰국수","국수나무","국수·우동","국수·우동","",""
"official-quality-namuya-8ac8aa9e05fa","갈비만두","국수나무","국수·우동","분식","",""
"official-quality-namuya-9d4979407091","열무냉면","국수나무","국수·우동","국수·우동","",""
"official-quality-namuya-a3df830aa13d","새우튀김우동","국수나무","국수·우동","국수·우동","",""
"official-quality-namuya-a4101a43101e","깨마니비빔막국수","국수나무","국수·우동","국수·우동","",""
"official-quality-namuya-a76ac509be65","폭신폭신계란짬뽕밥 (해물)","국수나무","국수·우동","중식","",""
"official-quality-namuya-b036e56716bb","메밀소바","국수나무","국수·우동","","","UNKNOWN_INDIVIDUAL_MENU_CATEGORY"
"official-quality-namuya-b32504722c7d","소고기짬뽕","국수나무","국수·우동","중식","",""
"official-quality-namuya-b4d32b2d3915","소낙정식","국수나무","국수·우동","도시락","",""
"official-quality-namuya-b50993f75dee","아쿠아돈까스","국수나무","국수·우동","돈가스","",""
"official-quality-namuya-b5993435b2f4","순콩국수","국수나무","국수·우동","국수·우동","",""
"official-quality-namuya-bf2e4624d123","직화제육덮밥","국수나무","국수·우동","덮밥","",""
"official-quality-namuya-c32ee6456393","칼국수","국수나무","국수·우동","국수·우동","",""
"official-quality-namuya-c35655039913","미니고구마치즈돈까스","국수나무","국수·우동","돈가스","",""
"official-quality-namuya-c8c10030c646","비냉불고기정식","국수나무","국수·우동","도시락","",""
"official-quality-namuya-ca4554268fb0","비빔납작만두","국수나무","국수·우동","분식","",""
"official-quality-namuya-ce327c83fb65","국만정식","국수나무","국수·우동","도시락","",""
"official-quality-namuya-d1060ce9460e","등심치즈돈까스","국수나무","국수·우동","돈가스","",""
"official-quality-namuya-d1b3bf3339ee","국수나무우동","국수나무","국수·우동","국수·우동","",""
"official-quality-namuya-d2b2189625fa","오리엔탈오므라이스","국수나무","국수·우동","덮밥","",""
"official-quality-namuya-d3dc989bab36","오므라이스정식","국수나무","국수·우동","덮밥","",""
"official-quality-namuya-d52c1b5d7c8c","상하이진한짬뽕","국수나무","국수·우동","중식","",""
"official-quality-namuya-d97df593689a","직화제육정식","국수나무","국수·우동","도시락","",""
"official-quality-namuya-dd05a25d9b27","깨마니정식","국수나무","국수·우동","도시락","",""
"official-quality-namuya-e40617603209","매콤달달 生 비빔국수","국수나무","국수·우동","국수·우동","",""
"official-quality-namuya-e68824e57c19","새우튀김","국수나무","국수·우동","","","UNKNOWN_INDIVIDUAL_MENU_CATEGORY"
"official-quality-namuya-e6a85402be00","돈쭐정식","국수나무","국수·우동","도시락","",""
"official-quality-namuya-e701d08bf388","산더미 애호박국수","국수나무","국수·우동","국수·우동","",""
"official-quality-namuya-ed52e3f05cd9","해물칼국수","국수나무","국수·우동","국수·우동","",""
"official-quality-namuya-ef415ef29efe","지단육개장","국수나무","국수·우동","","","UNKNOWN_INDIVIDUAL_MENU_CATEGORY"
"official-quality-namuya-f33869f9fb5a","치킨카레덮밥","국수나무","국수·우동","덮밥","",""
"official-quality-namuya-f4f6805e3d8d","연탄직화불고기","국수나무","국수·우동","","","UNKNOWN_INDIVIDUAL_MENU_CATEGORY"
"official-quality-namuya-f752b968562d","15cm 김치전","국수나무","국수·우동","","","UNKNOWN_INDIVIDUAL_MENU_CATEGORY"
"official-quality-namuya-f8766108a3f8","김치찌개돈까스","국수나무","국수·우동","돈가스","",""
"official-quality-namuya-f9bc98bb32dd","김치듬뿍국수","국수나무","국수·우동","국수·우동","",""
"official-quality-namuya-fbba73579db1","베트남소고기쌀국수","국수나무","국수·우동","국수·우동","",""
"official-quality-namuya-fd352f027f33","김말이","국수나무","국수·우동","분식","",""
"official-quality-namuya-fe0466842fd1","초계비빔국수","국수나무","국수·우동","국수·우동","",""
"official-quality-yeokjeon-05f038c96db9","양파마요치킨","역전우동0410","국수·우동","치킨","",""
"official-quality-yeokjeon-0c2345dad085","데리마요롤","역전우동0410","국수·우동","","","UNKNOWN_INDIVIDUAL_MENU_CATEGORY"
"official-quality-yeokjeon-0c92461d2837","불오뎅","역전우동0410","국수·우동","","","UNKNOWN_INDIVIDUAL_MENU_CATEGORY"
"official-quality-yeokjeon-0cf9037abd88","야채튀김","역전우동0410","국수·우동","","","UNKNOWN_INDIVIDUAL_MENU_CATEGORY"
"official-quality-yeokjeon-124617065c17","납작만두","역전우동0410","국수·우동","분식","",""
"official-quality-yeokjeon-2bc7f52f7b02","우볶이","역전우동0410","국수·우동","","","UNKNOWN_INDIVIDUAL_MENU_CATEGORY"
"official-quality-yeokjeon-2cb4a39c1c8a","돈까스덮밥","역전우동0410","국수·우동","덮밥","",""
"official-quality-yeokjeon-2e60de202244","제육돈까스","역전우동0410","국수·우동","돈가스","",""
"official-quality-yeokjeon-2f7fff2eb748","초계비빔면","역전우동0410","국수·우동","","","UNKNOWN_INDIVIDUAL_MENU_CATEGORY"
"official-quality-yeokjeon-3b34ac6fe0ce","냉우동","역전우동0410","국수·우동","국수·우동","",""
"official-quality-yeokjeon-49f8a637f900","옛날우동","역전우동0410","국수·우동","국수·우동","",""
"official-quality-yeokjeon-5071d9b45f3e","카레덮밥","역전우동0410","국수·우동","덮밥","",""
"official-quality-yeokjeon-530ce286dfe3","김치우동","역전우동0410","국수·우동","국수·우동","",""
"official-quality-yeokjeon-56ef86ac91be","더블치즈 돈까스","역전우동0410","국수·우동","돈가스","",""
"official-quality-yeokjeon-5791c3e89d27","참치마요롤","역전우동0410","국수·우동","덮밥","",""
"official-quality-yeokjeon-733738302517","초계면","역전우동0410","국수·우동","","","UNKNOWN_INDIVIDUAL_MENU_CATEGORY"
"official-quality-yeokjeon-764e1feeb280","판모밀","역전우동0410","국수·우동","","","UNKNOWN_INDIVIDUAL_MENU_CATEGORY"
"official-quality-yeokjeon-77858aa40a3f","사이드돈까스","역전우동0410","국수·우동","돈가스","",""
"official-quality-yeokjeon-78cc18adbed4","우삼겹볶음김치덮밥","역전우동0410","국수·우동","덮밥","",""
"official-quality-yeokjeon-8624a6e36125","열탄제육덮밥","역전우동0410","국수·우동","덮밥","",""
"official-quality-yeokjeon-9014c2dc2171","꼬치어묵우동","역전우동0410","국수·우동","국수·우동","",""
"official-quality-yeokjeon-9082e2e3a15c","매콤치킨마요덮밥","역전우동0410","국수·우동","덮밥","",""
"official-quality-yeokjeon-90bd78240958","명란마요롤","역전우동0410","국수·우동","","","UNKNOWN_INDIVIDUAL_MENU_CATEGORY"
"official-quality-yeokjeon-930582f7c329","치킨미니덮밥","역전우동0410","국수·우동","덮밥","",""
"official-quality-yeokjeon-94cbe36ba080","우삼겹마늘후추우동","역전우동0410","국수·우동","국수·우동","",""
"official-quality-yeokjeon-968c36b80dfe","야채튀김우동","역전우동0410","국수·우동","국수·우동","",""
"official-quality-yeokjeon-a112f0c59581","명란미니덮밥","역전우동0410","국수·우동","덮밥","",""
"official-quality-yeokjeon-a3df830aa13d","새우튀김우동","역전우동0410","국수·우동","국수·우동","",""
"official-quality-yeokjeon-a688d43be9f4","타르타르롤","역전우동0410","국수·우동","","","UNKNOWN_INDIVIDUAL_MENU_CATEGORY"
"official-quality-yeokjeon-c2a3f0a9e591","왕만두튀김","역전우동0410","국수·우동","분식","",""
"official-quality-yeokjeon-c31ed028915d","역전돈까스","역전우동0410","국수·우동","돈가스","",""
"official-quality-yeokjeon-c612f865c2be","간장양념구이덮밥","역전우동0410","국수·우동","덮밥","",""
"official-quality-yeokjeon-c957e89e2648","미니오코노미야키","역전우동0410","국수·우동","","","UNKNOWN_INDIVIDUAL_MENU_CATEGORY"
"official-quality-yeokjeon-cce5569d3d6f","매콤김말이","역전우동0410","국수·우동","분식","",""
"official-quality-yeokjeon-d5a05923c3cf","냉모밀","역전우동0410","국수·우동","","","UNKNOWN_INDIVIDUAL_MENU_CATEGORY"
"official-quality-yeokjeon-e603807b4827","대왕유부우동","역전우동0410","국수·우동","국수·우동","",""
"official-quality-yeokjeon-e68824e57c19","새우튀김","역전우동0410","국수·우동","","","UNKNOWN_INDIVIDUAL_MENU_CATEGORY"
"official-quality-yeokjeon-e78a4d0977df","모둠까스","역전우동0410","국수·우동","","","UNKNOWN_INDIVIDUAL_MENU_CATEGORY"
"official-quality-yeokjeon-f1694cb182df","치킨가라아게정식","역전우동0410","국수·우동","도시락","",""
"official-quality-yeokjeon-f5c986e765f6","유린기돈까스","역전우동0410","국수·우동","돈가스","",""
"official-quality-yeokjeon-fb69dab49699","얼큰가쓰오우동","역전우동0410","국수·우동","국수·우동","",""
"official-menu-백소정-돈카츠","돈카츠","백소정","돈가스","돈가스","",""
"official-menu-백소정-마제소바돈카츠","마제소바+돈카츠","백소정","돈가스","돈가스","",""
"official-menu-백소정-냉소바돈카츠","냉소바+돈카츠","백소정","돈가스","돈가스","",""
"official-menu-백소정-스페셜가츠동","스페셜가츠동","백소정","돈가스","일식","",""
"official-menu-백소정-모짜렐라치즈카츠","모짜렐라치즈카츠","백소정","돈가스","돈가스","",""
"official-quality-hongik-032172a46b01","불고기볶음밥","홍익돈까스","돈가스","덮밥","",""
"official-quality-hongik-0a8efd2dd3f3","베이컨볶음우동","홍익돈까스","돈가스","국수·우동","",""
"official-quality-hongik-17425fde919f","알리오올리오","홍익돈까스","돈가스","","","UNKNOWN_INDIVIDUAL_MENU_CATEGORY"
"official-quality-hongik-231e7a3adfed","레몬에이드","홍익돈까스","돈가스","음료","",""
"official-quality-hongik-28838c3fde40","홍익우동","홍익돈까스","돈가스","국수·우동","",""
"official-quality-hongik-3af342ba7fa2","함박돈까스","홍익돈까스","돈가스","돈가스","",""
"official-quality-hongik-3e4c40c022ae","생선까스 정식","홍익돈까스","돈가스","도시락","",""
"official-quality-hongik-433d735b31ef","해물크림파스타","홍익돈까스","돈가스","국수·우동","",""
"official-quality-hongik-49516c7bb9c9","순살치킨","홍익돈까스","돈가스","치킨","",""
"official-quality-hongik-4b934d3008ba","해물토마토파스타","홍익돈까스","돈가스","국수·우동","",""
"official-quality-hongik-56ef86ac91be","더블치즈돈까스","홍익돈까스","돈가스","돈가스","",""
"official-quality-hongik-5f4ad33ee92f","볶음짬뽕","홍익돈까스","돈가스","중식","",""
"official-quality-hongik-7bf075bac2cc","돈까스 정식","홍익돈까스","돈가스","도시락","",""
"official-quality-hongik-7e9d71d62860","특등심까스","홍익돈까스","돈가스","","","UNKNOWN_INDIVIDUAL_MENU_CATEGORY"
"official-quality-hongik-8099a0e2b465","세트A","홍익돈까스","돈가스","","","UNKNOWN_INDIVIDUAL_MENU_CATEGORY"
"official-quality-hongik-8420421dae1f","홍익돈까스","홍익돈까스","돈가스","돈가스","",""
"official-quality-hongik-9002573761df","새우볶음밥","홍익돈까스","돈가스","덮밥","",""
"official-quality-hongik-a733d680bdb0","안심까스","홍익돈까스","돈가스","","","UNKNOWN_INDIVIDUAL_MENU_CATEGORY"
"official-quality-hongik-a8de109a4641","오렌지에이드","홍익돈까스","돈가스","음료","",""
"official-quality-hongik-b93a68d4e950","스파이시어니언돈까스","홍익돈까스","돈가스","돈가스","",""
"official-quality-hongik-bba58a8c3bf1","세트B","홍익돈까스","돈가스","","","UNKNOWN_INDIVIDUAL_MENU_CATEGORY"
"official-quality-hongik-cecb6d2a3f77","로제파스타","홍익돈까스","돈가스","국수·우동","",""
"official-quality-hongik-d46d0f686989","해물볶음우동","홍익돈까스","돈가스","국수·우동","",""
"official-quality-hongik-dbaaefd742d1","소우동","홍익돈까스","돈가스","국수·우동","",""
"official-quality-hongik-dc9c043ddbf6","치즈까스","홍익돈까스","돈가스","","","UNKNOWN_INDIVIDUAL_MENU_CATEGORY"
"official-quality-hongik-dedcc01e05cc","치즈롤까스","홍익돈까스","돈가스","","","UNKNOWN_INDIVIDUAL_MENU_CATEGORY"
"official-quality-hongik-e582b2bd52cc","씨푸드사이드콤보","홍익돈까스","돈가스","","","UNKNOWN_INDIVIDUAL_MENU_CATEGORY"
"official-quality-hongik-e78a4d0977df","모둠까스","홍익돈까스","돈가스","","","UNKNOWN_INDIVIDUAL_MENU_CATEGORY"
"official-quality-hongik-ea21cb1a22b0","토마토치즈파스타","홍익돈까스","돈가스","국수·우동","",""
"official-quality-hongik-f1f2b98aba68","사이드콤보","홍익돈까스","돈가스","","","UNKNOWN_INDIVIDUAL_MENU_CATEGORY"
"official-quality-hongik-f7ce28aaee43","쉬림프볼","홍익돈까스","돈가스","","","UNKNOWN_INDIVIDUAL_MENU_CATEGORY"
"official-quality-hongik-fbacc61167c5","자몽에이드","홍익돈까스","돈가스","음료","",""
"official-quality-wonhalmoni-05f85c5233a1","의성마늘떡보쌈","원할머니보쌈","족발·보쌈","족발·보쌈","",""
"official-quality-wonhalmoni-0c237ffbac08","1인보쌈","원할머니보쌈","족발·보쌈","족발·보쌈","",""
"official-quality-wonhalmoni-1580a58dc4dc","매운화보쌈","원할머니보쌈","족발·보쌈","족발·보쌈","",""
"official-quality-wonhalmoni-193fbea1356a","보쌈도시락","원할머니보쌈","족발·보쌈","도시락","",""
"official-quality-wonhalmoni-22ab438f30da","실속원쌈","원할머니보쌈","족발·보쌈","","","UNKNOWN_INDIVIDUAL_MENU_CATEGORY"
"official-quality-wonhalmoni-2668cf889374","50주년불족세트","원할머니보쌈","족발·보쌈","","","UNKNOWN_INDIVIDUAL_MENU_CATEGORY"
"official-quality-wonhalmoni-41e881765f25","불맛낙지원쌈","원할머니보쌈","족발·보쌈","","","UNKNOWN_INDIVIDUAL_MENU_CATEGORY"
"official-quality-wonhalmoni-45c8087a9990","명품소갈비찜도시락","원할머니보쌈","족발·보쌈","도시락","",""
"official-quality-wonhalmoni-482f21dd3e49","육즙가득떡갈비도시락","원할머니보쌈","족발·보쌈","도시락","",""
"official-quality-wonhalmoni-4bec5f102479","커플원쌈","원할머니보쌈","족발·보쌈","","","UNKNOWN_INDIVIDUAL_MENU_CATEGORY"
"official-quality-wonhalmoni-58247c678f3a","반반 실비&보쌈김치 보쌈","원할머니보쌈","족발·보쌈","족발·보쌈","",""
"official-quality-wonhalmoni-63a52987cf41","간편보쌈도시락","원할머니보쌈","족발·보쌈","도시락","",""
"official-quality-wonhalmoni-717a8a5f3695","반반보쌈","원할머니보쌈","족발·보쌈","족발·보쌈","",""
"official-quality-wonhalmoni-7461427ecc2f","간편제육도시락","원할머니보쌈","족발·보쌈","도시락","",""
"official-quality-wonhalmoni-89e3bbf67b7d","보쌈+광릉식불고기도시락","원할머니보쌈","족발·보쌈","도시락","",""
"official-quality-wonhalmoni-965f324e790c","맛보쌈","원할머니보쌈","족발·보쌈","족발·보쌈","",""
"official-quality-wonhalmoni-984ee76a0979","제육도시락","원할머니보쌈","족발·보쌈","도시락","",""
"official-quality-wonhalmoni-a3d8f23dd353","곱빼기보쌈도시락","원할머니보쌈","족발·보쌈","도시락","",""
"official-quality-wonhalmoni-ab76aee62ad1","명품소갈비찜+보쌈도시락","원할머니보쌈","족발·보쌈","도시락","",""
"official-quality-wonhalmoni-b95d687045ea","보쌈+제육도시락","원할머니보쌈","족발·보쌈","도시락","",""
"official-quality-wonhalmoni-c2351780b363","모둠보쌈","원할머니보쌈","족발·보쌈","족발·보쌈","",""
"official-quality-wonhalmoni-c2e67e117b5d","50주년보족세트","원할머니보쌈","족발·보쌈","","","UNKNOWN_INDIVIDUAL_MENU_CATEGORY"
"official-quality-wonhalmoni-c405ca03c299","간편광릉식불고기도시락","원할머니보쌈","족발·보쌈","도시락","",""
"official-quality-wonhalmoni-dde168571d6b","솜씨보쌈","원할머니보쌈","족발·보쌈","족발·보쌈","",""
"official-quality-wonhalmoni-ebd8c5a2f118","광릉식불고기도시락","원할머니보쌈","족발·보쌈","도시락","",""
"official-menu-한솥-치킨마요","치킨마요","한솥","도시락","덮밥","",""
"official-menu-한솥-동백","동백","한솥","도시락","","","UNKNOWN_INDIVIDUAL_MENU_CATEGORY"
"official-menu-한솥-돈까스도련님","돈까스도련님","한솥","도시락","돈가스","",""
"official-bon-bf104-540355","크림새우 게살볶음밥","본도시락","도시락","덮밥","",""
"official-bon-bf104-540148","오리지널 닭강정","본도시락","도시락","치킨","",""
"official-bon-bf104-540356","허니간장 닭강정","본도시락","도시락","치킨","",""
"official-bon-bf104-540358","치킨감자소시지","본도시락","도시락","치킨","",""
"official-bon-bf104-540357","모둠감자튀김","본도시락","도시락","사이드","",""
"official-bon-bf104-540316","잔치 차림 한상","본도시락","도시락","","","UNKNOWN_INDIVIDUAL_MENU_CATEGORY"
"official-bon-bf104-540312","오색진미 소불고기 잡채밥","본도시락","도시락","","","UNKNOWN_INDIVIDUAL_MENU_CATEGORY"
"official-bon-bf104-540313","잔치요리 1호(전&잡채)","본도시락","도시락","","","UNKNOWN_INDIVIDUAL_MENU_CATEGORY"
"official-bon-bf104-540314","잔치 요리 2호(단호박 갈비찜&잡채)","본도시락","도시락","","","UNKNOWN_INDIVIDUAL_MENU_CATEGORY"
"official-bon-bf104-540311","잔치 요리 3호(전&단호박 갈비찜)","본도시락","도시락","","","UNKNOWN_INDIVIDUAL_MENU_CATEGORY"
"official-bon-bf104-540280","매콤 제육 쌈밥","본도시락","도시락","","","UNKNOWN_INDIVIDUAL_MENU_CATEGORY"
"official-bon-bf104-540281","석갈비 쌈밥","본도시락","도시락","","","UNKNOWN_INDIVIDUAL_MENU_CATEGORY"
"official-bon-bf104-540282","바싹불고기 쌈밥","본도시락","도시락","","","UNKNOWN_INDIVIDUAL_MENU_CATEGORY"
"official-bon-bf104-540247","우리땅 정선 곤드레도시락","본도시락","도시락","도시락","",""
"official-bon-bf104-539849","본격도시락(스팸두부조림)","본도시락","도시락","도시락","",""
"official-bon-bf104-539628","본격도시락 (카츠&전)","본도시락","도시락","도시락","",""
"official-bon-bf104-539633","바싹불고기 깻잎제육 한상","본도시락","도시락","","","UNKNOWN_INDIVIDUAL_MENU_CATEGORY"
"official-bon-bf104-539634","버섯소불고기 깻잎제육 한상","본도시락","도시락","","","UNKNOWN_INDIVIDUAL_MENU_CATEGORY"
"official-bon-bf104-539760","바싹불고기 숯불닭구이 한상","본도시락","도시락","","","UNKNOWN_INDIVIDUAL_MENU_CATEGORY"
"official-bon-bf104-539923","우삼겹된장찌개 제육 백반 한상","본도시락","도시락","","","UNKNOWN_INDIVIDUAL_MENU_CATEGORY"
"official-bon-bf104-539635","바싹불고기 여수꼬막무침 한상","본도시락","도시락","","","UNKNOWN_INDIVIDUAL_MENU_CATEGORY"
"official-bon-bf104-539637","바싹불고기 오징어두루치기 한상","본도시락","도시락","","","UNKNOWN_INDIVIDUAL_MENU_CATEGORY"
"official-bon-bf104-539646","바싹불고기 국반상","본도시락","도시락","도시락","",""
"official-bon-bf104-539647","깻잎제육 국반상","본도시락","도시락","도시락","",""
"official-bon-bf104-539648","버섯소불고기 국반상","본도시락","도시락","도시락","",""
"official-bon-bf104-539754","숯불닭구이 국반상","본도시락","도시락","도시락","",""
"official-bon-bf104-539649","꽈리닭구이 국반상","본도시락","도시락","도시락","",""
"official-bon-bf104-539651","오징어두루치기 국반상","본도시락","도시락","도시락","",""
"official-bon-bf104-539652","수작돈까스 국반상","본도시락","도시락","도시락","",""
"official-bon-bf104-540294","직화 마늘석갈비 국반상","본도시락","도시락","도시락","",""
"official-bon-bf104-539655","직화 떡갈비 국반상","본도시락","도시락","도시락","",""
"official-bon-bf104-539656","바싹불고기 반상","본도시락","도시락","도시락","",""
"official-bon-bf104-539657","깻잎제육 반상","본도시락","도시락","도시락","",""
"official-bon-bf104-539658","버섯소불고기 반상","본도시락","도시락","도시락","",""
"official-bon-bf104-539759","숯불닭구이 반상","본도시락","도시락","도시락","",""
"official-bon-bf104-539659","꽈리닭구이 반상","본도시락","도시락","도시락","",""
"official-bon-bf104-539661","오징어두루치기 반상","본도시락","도시락","도시락","",""
"official-bon-bf104-383","수작돈까스 반상","본도시락","도시락","도시락","",""
"official-bon-bf104-540295","직화 마늘석갈비 반상","본도시락","도시락","도시락","",""
"official-bon-bf104-382","직화 떡갈비 반상","본도시락","도시락","도시락","",""
"official-bon-bf104-539671","(정식) 스팸김치찌개","본도시락","도시락","도시락","",""
"official-bon-bf104-539672","(국+밥) 스팸김치찌개","본도시락","도시락","국밥","",""
"official-bon-bf104-539673","(국) 스팸김치찌개","본도시락","도시락","","","UNKNOWN_INDIVIDUAL_MENU_CATEGORY"
"official-bon-bf104-539924","(정식) 우삼겹된장찌개","본도시락","도시락","도시락","",""
"official-bon-bf104-539925","(국+밥) 우삼겹된장찌개","본도시락","도시락","국밥","",""
"official-bon-bf104-539926","(국) 우삼겹된장찌개","본도시락","도시락","","","UNKNOWN_INDIVIDUAL_MENU_CATEGORY"
"official-bon-bf104-540221","(정식) 바지락미역국","본도시락","도시락","도시락","",""
"official-bon-bf104-540220","(국+밥) 바지락미역국","본도시락","도시락","국밥","",""
"official-bon-bf104-540219","(국) 바지락미역국","본도시락","도시락","","","UNKNOWN_INDIVIDUAL_MENU_CATEGORY"
"official-bon-bf104-540257","매콤낙지 꽈리닭구이 한상","본도시락","도시락","","","UNKNOWN_INDIVIDUAL_MENU_CATEGORY"
"official-bon-bf104-540209","매콤낙지 석갈비 한상","본도시락","도시락","","","UNKNOWN_INDIVIDUAL_MENU_CATEGORY"
"official-bon-bf104-540210","울릉도 오징어 석갈비 한상","본도시락","도시락","","","UNKNOWN_INDIVIDUAL_MENU_CATEGORY"
"official-bon-bf104-540161","더덕 장어구이 바싹불고기 한상","본도시락","도시락","","","UNKNOWN_INDIVIDUAL_MENU_CATEGORY"
"official-bon-bf104-539630","특선 LA갈비구이 한정식","본도시락","도시락","도시락","",""
"official-bon-bf104-539631","궁중 전복소갈비찜 한정식","본도시락","도시락","도시락","",""
"official-bon-bf104-539632","보양 고추장 더덕 장어구이 한정식","본도시락","도시락","도시락","",""
"official-bon-bf104-539664","울릉도 나물 버섯영양밥","본도시락","도시락","","","UNKNOWN_INDIVIDUAL_MENU_CATEGORY"
"official-bon-bf104-540157","닭가슴살 샐러드","본도시락","도시락","샐러드·포케","",""
"official-bon-bf104-540315","순살치킨 소(케첩 포함)","본도시락","도시락","치킨","",""
"official-bon-bf104-540158","한컵 닭가슴살 샐러드","본도시락","도시락","샐러드·포케","",""
"official-bon-bf104-539667","스크램블드에그 치킨마요","본도시락","도시락","덮밥","",""
"official-bon-bf104-539668","스크램블드에그 치킨마요(곱빼기)","본도시락","도시락","덮밥","",""
"official-bon-bf104-539666","저염 스팸 김치볶음밥","본도시락","도시락","덮밥","",""
"official-bon-bf104-539680","귀리보리백미밥 추가","본도시락","도시락","","","UNKNOWN_INDIVIDUAL_MENU_CATEGORY"
"official-bon-bf104-539681","울릉도나물밥 추가","본도시락","도시락","","","UNKNOWN_INDIVIDUAL_MENU_CATEGORY"
"official-bon-bf104-193","흑미밥","본도시락","도시락","","","UNKNOWN_INDIVIDUAL_MENU_CATEGORY"
"official-bon-bf104-539682","반달 돈까스(일회용 케찹 포함)","본도시락","도시락","돈가스","",""
"official-bon-bf104-411","핫윙콤보(윙+봉) 2조각","본도시락","도시락","치킨","",""
"official-bon-bf104-198","계란후라이추가","본도시락","도시락","","","UNKNOWN_INDIVIDUAL_MENU_CATEGORY"
"official-bon-bf104-437","스팸 1조각","본도시락","도시락","","","UNKNOWN_INDIVIDUAL_MENU_CATEGORY"
"official-bon-bf104-194","쌈채소","본도시락","도시락","","","UNKNOWN_INDIVIDUAL_MENU_CATEGORY"
"official-bon-bf104-539683","스틱 김자반","본도시락","도시락","","","UNKNOWN_INDIVIDUAL_MENU_CATEGORY"
"official-bon-bf104-202","참고소한 김","본도시락","도시락","","","UNKNOWN_INDIVIDUAL_MENU_CATEGORY"
"official-bon-bf104-203","콜라","본도시락","도시락","음료","",""
"official-bon-bf104-204","사이다","본도시락","도시락","음료","",""
"official-bon-bf104-539881","단호박식혜","본도시락","도시락","","","UNKNOWN_INDIVIDUAL_MENU_CATEGORY"
"official-bon-bf104-484","생수(330ml)","본도시락","도시락","음료","",""
"official-bon-bf104-197","아이스홍시","본도시락","도시락","","","UNKNOWN_INDIVIDUAL_MENU_CATEGORY"
"official-bon-bf104-200","컵국(된장국)","본도시락","도시락","","","UNKNOWN_INDIVIDUAL_MENU_CATEGORY"
"official-bon-bf104-201","컵국(미역국)","본도시락","도시락","","","UNKNOWN_INDIVIDUAL_MENU_CATEGORY"
"official-bon-bf105-540299","우거지 뼈해장국","본설렁탕","국밥","국밥","",""
"official-bon-bf105-540300","우거지 뼈해장국+미니모둠수육","본설렁탕","국밥","국밥","",""
"official-bon-bf105-540291","보양 삼계탕","본설렁탕","국밥","삼계탕","",""
"official-bon-bf105-540292","보양 삼계탕+미니모둠수육","본설렁탕","국밥","삼계탕","",""
"official-bon-bf105-540248","파주 장단콩 콩국수","본설렁탕","국밥","국수·우동","",""
"official-bon-bf105-540249","(세트) 파주 장단콩 콩국수","본설렁탕","국밥","국수·우동","",""
"official-bon-bf105-539869","(세트) 물냉면","본설렁탕","국밥","국수·우동","",""
"official-bon-bf105-539880","(세트) 비빔냉면","본설렁탕","국밥","국수·우동","",""
"official-bon-bf105-539867","물냉면","본설렁탕","국밥","국수·우동","",""
"official-bon-bf105-539871","물냉면(곱빼기)","본설렁탕","국밥","국수·우동","",""
"official-bon-bf105-539873","(세트) 물냉면(곱빼기)","본설렁탕","국밥","국수·우동","",""
"official-bon-bf105-539868","비빔냉면","본설렁탕","국밥","국수·우동","",""
"official-bon-bf105-539872","비빔냉면(곱빼기)","본설렁탕","국밥","국수·우동","",""
"official-bon-bf105-539874","(세트) 비빔냉면(곱빼기)","본설렁탕","국밥","국수·우동","",""
"official-bon-bf105-540235","황태해장국","본설렁탕","국밥","국밥","",""
"official-bon-bf105-540236","황태해장국+미니모둠수육","본설렁탕","국밥","국밥","",""
"official-bon-bf105-539999","본해장국밥","본설렁탕","국밥","국밥","",""
"official-bon-bf105-540003","본해장국밥+미니모둠수육","본설렁탕","국밥","국밥","",""
"official-bon-bf105-540187","바지락 순두부찌개","본설렁탕","국밥","","","UNKNOWN_INDIVIDUAL_MENU_CATEGORY"
"official-bon-bf105-540188","바지락 쫄면순두부","본설렁탕","국밥","국수·우동","",""
"official-bon-bf105-540069","전주 콩나물국밥","본설렁탕","국밥","국밥","",""
"official-bon-bf105-539705","토종순대국밥","본설렁탕","국밥","분식","",""
"official-bon-bf105-539706","얼큰순대국밥","본설렁탕","국밥","분식","",""
"official-bon-bf105-539821","돼지수육국밥","본설렁탕","국밥","국밥","",""
"official-bon-bf105-539823","한우사골 나주식곰탕","본설렁탕","국밥","국밥","",""
"official-bon-bf105-539698","한우사골 설렁탕","본설렁탕","국밥","국밥","",""
"official-bon-bf105-539700","한우사골 얼큰설렁탕","본설렁탕","국밥","국밥","",""
"official-bon-bf105-539699","[고기곱빼기] 한우사골 설렁탕","본설렁탕","국밥","국밥","",""
"official-bon-bf105-539701","[고기곱빼기] 한우사골 얼큰설렁탕","본설렁탕","국밥","국밥","",""
"official-bon-bf105-539707","한우사골 떡만두설렁탕","본설렁탕","국밥","분식","",""
"official-bon-bf105-539708","한우사골 얼큰떡만두설렁탕","본설렁탕","국밥","분식","",""
"official-bon-bf105-540190","바지락 쫄면순두부+미니모둠수육","본설렁탕","국밥","국수·우동","",""
"official-bon-bf105-540189","바지락 순두부찌개+미니모둠수육","본설렁탕","국밥","","","UNKNOWN_INDIVIDUAL_MENU_CATEGORY"
"official-bon-bf105-540070","전주 콩나물국밥+미니모둠수육","본설렁탕","국밥","국밥","",""
"official-bon-bf105-539717","토종순대국밥+미니모둠수육","본설렁탕","국밥","분식","",""
"official-bon-bf105-539718","얼큰순대국밥+미니모둠수육","본설렁탕","국밥","분식","",""
"official-bon-bf105-539825","돼지수육국밥+미니모둠수육","본설렁탕","국밥","국밥","",""
"official-bon-bf105-539827","나주식곰탕+미니모둠수육","본설렁탕","국밥","국밥","",""
"official-bon-bf105-539710","한우사골 설렁탕+미니모둠수육","본설렁탕","국밥","국밥","",""
"official-bon-bf105-539711","[고기곱빼기]설렁탕+미니모둠수육","본설렁탕","국밥","국밥","",""
"official-bon-bf105-539712","얼큰설렁탕+미니모둠수육","본설렁탕","국밥","국밥","",""
"official-bon-bf105-539713","[고기곱빼기]얼큰설렁탕+미니사태수육","본설렁탕","국밥","국밥","",""
"official-bon-bf105-539720","떡만두설렁탕+미니모둠수육","본설렁탕","국밥","분식","",""
"official-bon-bf105-539719","얼큰떡만두설렁탕+미니모둠수육","본설렁탕","국밥","분식","",""
"official-bon-bf105-540205","오징어 미나리파전","본설렁탕","국밥","","","UNKNOWN_INDIVIDUAL_MENU_CATEGORY"
"official-bon-bf105-540191","육전깻잎전(대)","본설렁탕","국밥","","","UNKNOWN_INDIVIDUAL_MENU_CATEGORY"
"official-bon-bf105-539828","철판 오징어볶음","본설렁탕","국밥","","","UNKNOWN_INDIVIDUAL_MENU_CATEGORY"
"official-bon-bf105-540301","우거지 감자탕(소)","본설렁탕","국밥","","","UNKNOWN_INDIVIDUAL_MENU_CATEGORY"
"official-bon-bf105-540302","우거지 감자탕(중)","본설렁탕","국밥","","","UNKNOWN_INDIVIDUAL_MENU_CATEGORY"
"official-bon-bf105-539723","미나리수육전골","본설렁탕","국밥","샤브샤브","",""
"official-bon-bf105-540237","감자채전(6pcs)","본설렁탕","국밥","","","UNKNOWN_INDIVIDUAL_MENU_CATEGORY"
"official-bon-bf105-540192","육전깻잎전(소)","본설렁탕","국밥","","","UNKNOWN_INDIVIDUAL_MENU_CATEGORY"
"official-bon-bf105-539879","직화 불고기","본설렁탕","국밥","","","UNKNOWN_INDIVIDUAL_MENU_CATEGORY"
"official-bon-bf105-539724","고기왕만두(3개)","본설렁탕","국밥","분식","",""
"official-bon-bf105-539722","미니모둠수육","본설렁탕","국밥","","","UNKNOWN_INDIVIDUAL_MENU_CATEGORY"
"official-bon-bf105-539882","단호박 식혜","본설렁탕","국밥","","","UNKNOWN_INDIVIDUAL_MENU_CATEGORY"
"official-bon-bf107-540243","본우리 육(肉)반상","본우리반상","한식","도시락","",""
"official-bon-bf107-540244","본우리 어(漁)반상","본우리반상","한식","도시락","",""
"official-bon-bf107-540245","본우리 한상 정찬(2인)","본우리반상","한식","","","UNKNOWN_INDIVIDUAL_MENU_CATEGORY"
"official-bon-bf107-540293","파주 장단콩 메밀콩국수 반상","본우리반상","한식","국수·우동","",""
"official-bon-bf107-539605","코다리 물냉면과 삼겹수육 반상","본우리반상","한식","국수·우동","",""
"official-bon-bf107-539606","코다리 비빔냉면과 삼겹수육 반상","본우리반상","한식","국수·우동","",""
"official-bon-bf107-539603","코다리 물냉면","본우리반상","한식","국수·우동","",""
"official-bon-bf107-539604","코다리 비빔냉면","본우리반상","한식","국수·우동","",""
"official-bon-bf107-539848","통문어 솥밥 반상","본우리반상","한식","도시락","",""
"official-bon-bf107-539578","완도 전복 솥밥 반상","본우리반상","한식","도시락","",""
"official-bon-bf107-539582","가지 소고기 솥밥 반상","본우리반상","한식","도시락","",""
"official-bon-bf107-539581","남도 꼬막 솥밥 반상","본우리반상","한식","도시락","",""
"official-bon-bf107-539579","버섯영양 솥밥과 되비지찌개 반상","본우리반상","한식","도시락","",""
"official-bon-bf107-539692","항정살 솥밥 반상","본우리반상","한식","도시락","",""
"official-bon-bf107-539583","부채살 스테이크 솥밥 반상","본우리반상","한식","도시락","",""
"official-bon-bf107-539830","바싹불고기 화로반상","본우리반상","한식","도시락","",""
"official-bon-bf107-539829","더덕제육불고기 화로반상","본우리반상","한식","도시락","",""
"official-bon-bf107-539831","석갈비 화로반상","본우리반상","한식","도시락","",""
"official-bon-bf107-539693","오리주물럭 화로 반상","본우리반상","한식","도시락","",""
"official-bon-bf107-540182","바지락 순두부찌개 반상","본우리반상","한식","도시락","",""
"official-bon-bf107-539511","우삼겹 된장찌개와 삼겹수육 반상","본우리반상","한식","도시락","",""
"official-bon-bf107-539694","한우 나주곰탕 반상","본우리반상","한식","도시락","",""
"official-bon-bf107-540246","사골황태해장국 반상","본우리반상","한식","도시락","",""
"official-bon-bf107-540204","통마늘 오리주물럭과 돈등심 육전","본우리반상","한식","","","UNKNOWN_INDIVIDUAL_MENU_CATEGORY"
"official-bon-bf107-540203","서울식 대파불고기와 곤드레 들기름 메밀국수","본우리반상","한식","국수·우동","",""
"official-bon-bf107-540202","통마늘 오리주물럭","본우리반상","한식","","","UNKNOWN_INDIVIDUAL_MENU_CATEGORY"
"official-bon-bf107-540201","서울식 대파불고기","본우리반상","한식","","","UNKNOWN_INDIVIDUAL_MENU_CATEGORY"
"official-bon-bf107-540200","돈등심 육전","본우리반상","한식","","","UNKNOWN_INDIVIDUAL_MENU_CATEGORY"
"official-bon-bf107-540199","곤드레 들기름 메밀국수","본우리반상","한식","국수·우동","",""
"official-bon-bf107-540198","비빕밥 추가","본우리반상","한식","","","UNKNOWN_INDIVIDUAL_MENU_CATEGORY"
"official-bon-bf107-540197","모듬채소 추가","본우리반상","한식","","","UNKNOWN_INDIVIDUAL_MENU_CATEGORY"
"official-bon-bf107-539866","어린이 돈까스 반상","본우리반상","한식","도시락","",""
"official-bon-bf107-539513","삼겹수육","본우리반상","한식","","","UNKNOWN_INDIVIDUAL_MENU_CATEGORY"
"official-bon-bf107-539422","깻잎전","본우리반상","한식","","","UNKNOWN_INDIVIDUAL_MENU_CATEGORY"
"official-bon-bf107-539425","공기밥","본우리반상","한식","","","UNKNOWN_INDIVIDUAL_MENU_CATEGORY"
"official-bon-bf107-539426","코카 콜라","본우리반상","한식","음료","",""
"official-bon-bf107-539427","칠성 사이다","본우리반상","한식","음료","",""
"official-bon-bf111-540298","직화 통닭다리 야끼토리","멘지","라멘","치킨","",""
"official-bon-bf111-540275","수제 라멘 + 미니 등심돈카츠 정식","멘지","라멘","국수·우동","",""
"official-bon-bf111-540276","수제 등심돈카츠 + 미니 라멘 정식","멘지","라멘","국수·우동","",""
"official-bon-bf111-540279","토리냉면&미니 등심돈카츠 콤보","멘지","라멘","국수·우동","",""
"official-bon-bf111-540260","맑은 토리냉면","멘지","라멘","국수·우동","",""
"official-bon-bf111-540261","진한 토리냉면","멘지","라멘","국수·우동","",""
"official-bon-bf111-540296","점보 토리냉면","멘지","라멘","국수·우동","",""
"official-bon-bf111-540212","수제 등심돈카츠","멘지","라멘","돈가스","",""
"official-bon-bf111-539761","차슈가득 토리파이탄 라멘","멘지","라멘","국수·우동","",""
"official-bon-bf111-539764","토리파이탄 라멘","멘지","라멘","국수·우동","",""
"official-bon-bf111-539817","신(辛) 토리파이탄 라멘","멘지","라멘","국수·우동","",""
"official-bon-bf111-539763","바질아지헨 파이탄 라멘","멘지","라멘","국수·우동","",""
"official-bon-bf111-539766","토리 쇼유 라멘","멘지","라멘","국수·우동","",""
"official-bon-bf111-539767","토리 시오 라멘","멘지","라멘","국수·우동","",""
"official-bon-bf111-539765","카라 탄탄멘","멘지","라멘","","","UNKNOWN_INDIVIDUAL_MENU_CATEGORY"
"official-bon-bf111-539834","야끼토리동","멘지","라멘","","","UNKNOWN_INDIVIDUAL_MENU_CATEGORY"
"official-bon-bf111-539819","치킨 가라아게동","멘지","라멘","치킨","",""
"official-bon-bf111-540277","라멘&치킨 가라아게 콤보","멘지","라멘","국수·우동","",""
"official-bon-bf111-540278","라멘&미니밥 콤보","멘지","라멘","국수·우동","",""
"official-bon-bf111-540213","미니 등심돈카츠","멘지","라멘","돈가스","",""
"official-bon-bf111-539770","치킨 가라아게","멘지","라멘","치킨","",""
"official-bon-bf111-539771","후추 테바나카(3p)","멘지","라멘","","","UNKNOWN_INDIVIDUAL_MENU_CATEGORY"
"official-bon-bf111-539820","에비후라이(1pcs)","멘지","라멘","","","UNKNOWN_INDIVIDUAL_MENU_CATEGORY"
"official-bon-bf111-539835","미니 야끼토리동","멘지","라멘","","","UNKNOWN_INDIVIDUAL_MENU_CATEGORY"
"official-bon-bf111-539920","미니밥","멘지","라멘","","","UNKNOWN_INDIVIDUAL_MENU_CATEGORY"
"official-bon-bf111-539921","미니 치즈밥","멘지","라멘","","","UNKNOWN_INDIVIDUAL_MENU_CATEGORY"
"official-bon-bf111-539922","미니 명란밥","멘지","라멘","","","UNKNOWN_INDIVIDUAL_MENU_CATEGORY"
"official-bon-bf111-539919","레몬소다","멘지","라멘","","","UNKNOWN_INDIVIDUAL_MENU_CATEGORY"
"official-bon-bf111-539772","메론소다","멘지","라멘","","","UNKNOWN_INDIVIDUAL_MENU_CATEGORY"
"official-bon-bf113-539852","진짜 흑염소탕","본흑염소·능이삼계탕","삼계탕","","","UNKNOWN_INDIVIDUAL_MENU_CATEGORY"
"official-bon-bf113-539853","진짜 흑염소탕(특)","본흑염소·능이삼계탕","삼계탕","","","UNKNOWN_INDIVIDUAL_MENU_CATEGORY"
"official-bon-bf113-540196","진짜 해장 흑염소죽","본흑염소·능이삼계탕","삼계탕","죽","",""
"official-bon-bf113-540195","진짜 보양 흑염소죽","본흑염소·능이삼계탕","삼계탕","죽","",""
"official-bon-bf113-539854","흑염소 편백수육","본흑염소·능이삼계탕","삼계탕","","","UNKNOWN_INDIVIDUAL_MENU_CATEGORY"
"official-bon-bf113-539855","흑염소 갈비전골","본흑염소·능이삼계탕","삼계탕","샤브샤브","",""
"official-bon-bf113-539856","능이삼계탕","본흑염소·능이삼계탕","삼계탕","삼계탕","",""
"official-bon-bf113-539857","능이백숙","본흑염소·능이삼계탕","삼계탕","삼계탕","",""
"official-bon-bf113-540125","흑염소 철판 갈비구이(소)","본흑염소·능이삼계탕","삼계탕","","","UNKNOWN_INDIVIDUAL_MENU_CATEGORY"
"official-bon-bf113-540124","흑염소 철판 갈비구이(대)","본흑염소·능이삼계탕","삼계탕","","","UNKNOWN_INDIVIDUAL_MENU_CATEGORY"
"official-bon-bf113-539858","흑염소 배받이전","본흑염소·능이삼계탕","삼계탕","","","UNKNOWN_INDIVIDUAL_MENU_CATEGORY"
"official-bon-bf113-539859","흑염소 갈비육전","본흑염소·능이삼계탕","삼계탕","","","UNKNOWN_INDIVIDUAL_MENU_CATEGORY"
"official-bon-bf113-539860","흑염소 살코기무침","본흑염소·능이삼계탕","삼계탕","","","UNKNOWN_INDIVIDUAL_MENU_CATEGORY"
"official-bon-bf113-539861","진짜 흑염소 진액","본흑염소·능이삼계탕","삼계탕","","","UNKNOWN_INDIVIDUAL_MENU_CATEGORY"
"official-quality-hecbob-2a64d869b58c","고기듬뿍카레덮밥","핵밥","덮밥","덮밥","",""
"official-quality-hecbob-2b98c67c5975","돈코츠라멘","핵밥","덮밥","국수·우동","",""
"official-quality-hecbob-368679de45ae","경양식왕돈까스","핵밥","덮밥","돈가스","",""
"official-quality-hecbob-8ebc165ae92e","큐브스테이크덮밥","핵밥","덮밥","덮밥","",""
"official-quality-hecbob-ca56f97ed6ea","후쿠오카우동","핵밥","덮밥","국수·우동","",""
"official-quality-hecbob-efaf21e7fb91","마제소바","핵밥","덮밥","","","UNKNOWN_INDIVIDUAL_MENU_CATEGORY"
"official-quality-chaesundang-008144699c08","냉메밀 샤브샤브","채선당","샤브샤브","샤브샤브","",""
"official-quality-chaesundang-0664cf3aed81","열무국수","채선당","샤브샤브","국수·우동","",""
"official-quality-chaesundang-07d30b3efd29","케이준 치킨샐러드","채선당","샤브샤브","샐러드·포케","",""
"official-quality-chaesundang-15d9fd97c03e","한방모듬찜샤브","채선당","샤브샤브","샤브샤브","",""
"official-quality-chaesundang-19b176949c19","국물떡볶이","채선당","샤브샤브","분식","",""
"official-quality-chaesundang-2c4ab816a004","웰빙 B(매운버섯)","채선당","샤브샤브","","","UNKNOWN_INDIVIDUAL_MENU_CATEGORY"
"official-quality-chaesundang-47edfe5e9982","치즈 돈까스","채선당","샤브샤브","돈가스","",""
"official-quality-chaesundang-5266101f1a15","너비아니구이","채선당","샤브샤브","","","UNKNOWN_INDIVIDUAL_MENU_CATEGORY"
"official-quality-chaesundang-5ea1bcb2b010","한방 삼계샤브","채선당","샤브샤브","샤브샤브","",""
"official-quality-chaesundang-61bf8aa1ac73","웰빙 C(월남쌈)","채선당","샤브샤브","","","UNKNOWN_INDIVIDUAL_MENU_CATEGORY"
"official-quality-chaesundang-6e2c64d487d2","소고기 샤브샤브","채선당","샤브샤브","샤브샤브","",""
"official-quality-chaesundang-75fa6ed1aabe","스페셜 샤브샤브","채선당","샤브샤브","샤브샤브","",""
"official-quality-chaesundang-7d0c7048d66f","문어샤브","채선당","샤브샤브","샤브샤브","",""
"official-quality-chaesundang-7f81b4298d75","치즈고구마 고로케","채선당","샤브샤브","","","UNKNOWN_INDIVIDUAL_MENU_CATEGORY"
"official-quality-chaesundang-82a1a2dceede","월남쌈 샤브샤브","채선당","샤브샤브","샤브샤브","",""
"official-quality-chaesundang-8b3c408fe170","고추 잡채 납작군만두","채선당","샤브샤브","분식","",""
"official-quality-chaesundang-903dd609acb0","모듬샤브샤브(스페셜 소고기+해물)","채선당","샤브샤브","샤브샤브","",""
"official-quality-chaesundang-92c949645942","능이버섯 삼계샤브","채선당","샤브샤브","샤브샤브","",""
"official-quality-chaesundang-9d0139cd92d2","해물 샤브샤브","채선당","샤브샤브","샤브샤브","",""
"official-quality-chaesundang-a048d3273ae4","매운버섯 샤브샤브","채선당","샤브샤브","샤브샤브","",""
"official-quality-chaesundang-ab5d7f8ae662","새우샐러드","채선당","샤브샤브","샐러드·포케","",""
"official-quality-chaesundang-aea8697750f4","비빔 냉메밀","채선당","샤브샤브","","","UNKNOWN_INDIVIDUAL_MENU_CATEGORY"
"official-quality-chaesundang-b09f74e5f367","웰빙 A(소고기)","채선당","샤브샤브","","","UNKNOWN_INDIVIDUAL_MENU_CATEGORY"
"official-quality-chaesundang-bb72cff40fa7","냉메밀","채선당","샤브샤브","","","UNKNOWN_INDIVIDUAL_MENU_CATEGORY"
"official-quality-chaesundang-bb961470b483","한우 육회","채선당","샤브샤브","","","UNKNOWN_INDIVIDUAL_MENU_CATEGORY"
"official-quality-chaesundang-bd72e6229525","불고기 전골","채선당","샤브샤브","샤브샤브","",""
"official-quality-chaesundang-cfcf30adb95b","해물파전","채선당","샤브샤브","","","UNKNOWN_INDIVIDUAL_MENU_CATEGORY"
"official-quality-chaesundang-eb551751f8c5","한우 샤브샤브","채선당","샤브샤브","샤브샤브","",""
"official-quality-chaesundang-eb6e1f05d6ac","웰빙 D(한우)","채선당","샤브샤브","","","UNKNOWN_INDIVIDUAL_MENU_CATEGORY"
"official-quality-sodamchon-0e4cfd3e46b8","월남쌈 스페셜 샤브샤브","소담촌","샤브샤브","샤브샤브","",""
"official-quality-sodamchon-305db98bebee","우삼겹 구이 & 샤브샤브","소담촌","샤브샤브","샤브샤브","",""
"official-quality-sodamchon-67eb1388e9bd","월남쌈 명품한우 샤브샤브","소담촌","샤브샤브","샤브샤브","",""
"official-quality-sodamchon-730e149c6576","우유마라샤브","소담촌","샤브샤브","샤브샤브","",""
"official-quality-sodamchon-7d0cec69cd33","토마토샤브","소담촌","샤브샤브","샤브샤브","",""
"official-quality-sodamchon-82a1a2dceede","월남쌈 샤브샤브","소담촌","샤브샤브","샤브샤브","",""
"official-quality-sodamchon-a1b08e7c1ca5","월남쌈 와규 샤브샤브","소담촌","샤브샤브","샤브샤브","",""
"official-quality-sodamchon-cbd0db224707","월남쌈 버섯샤브","소담촌","샤브샤브","샤브샤브","",""
"official-quality-sodamchon-ea59e5771ebc","얼큰 미나리 샤브샤브","소담촌","샤브샤브","샤브샤브","",""
"official-quality-pokeallday-019f085377ad","아메리카노","포케올데이","샐러드·포케","카페","",""
"official-quality-pokeallday-18bc902a76aa","프로틴 곡물라떼","포케올데이","샐러드·포케","카페","",""
"official-quality-pokeallday-2c030f1e481b","토마토&당근","포케올데이","샐러드·포케","","","UNKNOWN_INDIVIDUAL_MENU_CATEGORY"
"official-quality-pokeallday-7660a7e41552","프로틴 초코라떼","포케올데이","샐러드·포케","카페","",""
"official-quality-pokeallday-8676811568bf","비트&당근","포케올데이","샐러드·포케","","","UNKNOWN_INDIVIDUAL_MENU_CATEGORY"
"official-quality-pokeallday-8da0dbf6de1b","시트러스 얼그레이 콤부","포케올데이","샐러드·포케","","","UNKNOWN_INDIVIDUAL_MENU_CATEGORY"
"official-quality-pokeallday-e88a05b81c98","피치 캐모마일 콤부","포케올데이","샐러드·포케","","","UNKNOWN_INDIVIDUAL_MENU_CATEGORY"
"official-quality-pokeallday-f0700a3ea3ba","케일&사과","포케올데이","샐러드·포케","","","UNKNOWN_INDIVIDUAL_MENU_CATEGORY"
"official-quality-pokeallday-fd489d380bf1","애사비 콤부","포케올데이","샐러드·포케","","","UNKNOWN_INDIVIDUAL_MENU_CATEGORY"
"official-quality-slowcali-1bc6b2ed5b2c","트러플 머쉬룸 스프","슬로우캘리","샐러드·포케","","","UNKNOWN_INDIVIDUAL_MENU_CATEGORY"
"official-quality-slowcali-1d2d8469be91","트러플 버섯 포케 (샐러드 ONLY)","슬로우캘리","샐러드·포케","샐러드·포케","",""
"official-quality-slowcali-23b1f3b8e6bb","콘 크림 스프","슬로우캘리","샐러드·포케","","","UNKNOWN_INDIVIDUAL_MENU_CATEGORY"
"official-quality-slowcali-2807d1fb9a25","연어 포케 (메밀면&샐러드)","슬로우캘리","샐러드·포케","샐러드·포케","",""
"official-quality-slowcali-4d8fcf78e847","라임폰즈 문어 포케 (샐러드 ONLY)","슬로우캘리","샐러드·포케","샐러드·포케","",""
"official-quality-slowcali-4ffec235b1df","문어 포케 (샐러드 ONLY)","슬로우캘리","샐러드·포케","샐러드·포케","",""
"official-quality-slowcali-6fcaf845304e","올인원 포케 (샐러드 ONLY)","슬로우캘리","샐러드·포케","샐러드·포케","",""
"official-quality-slowcali-8693525de3b6","단호박 스프","슬로우캘리","샐러드·포케","","","UNKNOWN_INDIVIDUAL_MENU_CATEGORY"
"official-quality-slowcali-9007e993d5a8","블랙페퍼 치킨 통밀랩","슬로우캘리","샐러드·포케","치킨","",""
"official-quality-slowcali-c46c2744cb03","연어 포케 (샐러드 ONLY)","슬로우캘리","샐러드·포케","샐러드·포케","",""
"official-quality-slowcali-e45b9adef2fb","애사비 에이드","슬로우캘리","샐러드·포케","음료","",""
"official-quality-slowcali-ef59d2719c3d","연어 포케 (현미밥&샐러드)","슬로우캘리","샐러드·포케","샐러드·포케","",""
"official-quality-subway-61b09353ec6a","콘 수프","써브웨이","샌드위치","","","UNKNOWN_INDIVIDUAL_MENU_CATEGORY"
"official-quality-subway-886631c13071","머쉬룸 수프","써브웨이","샌드위치","","","UNKNOWN_INDIVIDUAL_MENU_CATEGORY"
"official-quality-subway-ec2b6f3f5b29","포테이토 베이컨 수프","써브웨이","샌드위치","","","UNKNOWN_INDIVIDUAL_MENU_CATEGORY"
"official-menu-이삭토스트-햄치즈토스트","햄치즈 토스트","이삭토스트","토스트","토스트","",""
"official-menu-이삭토스트-햄스페셜토스트","햄 스페셜 토스트","이삭토스트","토스트","토스트","",""
"official-menu-이삭토스트-베이컨베스트토스트","베이컨 베스트 토스트","이삭토스트","토스트","토스트","",""
"official-menu-이삭토스트-그릴드불갈비","그릴드 불갈비","이삭토스트","토스트","","","UNKNOWN_INDIVIDUAL_MENU_CATEGORY"
"official-menu-이삭토스트-새우스페셜토스트","새우 스페셜 토스트","이삭토스트","토스트","토스트","",""
"official-quality-eggdrop-01e529639d5f","밀크 초콜릿 (ICE/HOT)","에그드랍","토스트","디저트","",""
"official-quality-eggdrop-08d9d6701416","스팸 치즈 에그 샌드위치","에그드랍","토스트","샌드위치","",""
"official-quality-eggdrop-09f3e1b3e678","신선한 우유 (ICE/HOT)","에그드랍","토스트","","","UNKNOWN_INDIVIDUAL_MENU_CATEGORY"
"official-quality-eggdrop-0d9e1b3f48f4","반했드랍 반숙란","에그드랍","토스트","","","UNKNOWN_INDIVIDUAL_MENU_CATEGORY"
"official-quality-eggdrop-14c7c0a10d30","100% 착즙 오렌지 주스","에그드랍","토스트","음료","",""
"official-quality-eggdrop-15c3858d3689","딸기크림 프렌치 토스트","에그드랍","토스트","토스트","",""
"official-quality-eggdrop-226864a5ceb9","카페라떼 (ICE/HOT)","에그드랍","토스트","카페","",""
"official-quality-eggdrop-231e7a3adfed","레몬 에이드","에그드랍","토스트","음료","",""
"official-quality-eggdrop-2436cc6027ff","브리오슈","에그드랍","토스트","","","UNKNOWN_INDIVIDUAL_MENU_CATEGORY"
"official-quality-eggdrop-2bba407d69fa","아보가든 브런치 세트","에그드랍","토스트","","","UNKNOWN_INDIVIDUAL_MENU_CATEGORY"
"official-quality-eggdrop-2e1e5c304096","BLT 베이글","에그드랍","토스트","베이커리","",""
"official-quality-eggdrop-2ea8caf34043","아보홀릭 세트","에그드랍","토스트","","","UNKNOWN_INDIVIDUAL_MENU_CATEGORY"
"official-quality-eggdrop-369e6ff5be88","아보가든 브런치","에그드랍","토스트","","","UNKNOWN_INDIVIDUAL_MENU_CATEGORY"
"official-quality-eggdrop-37beee356c57","베이컨 체다 해쉬브라운","에그드랍","토스트","","","UNKNOWN_INDIVIDUAL_MENU_CATEGORY"
"official-quality-eggdrop-3826e1e36eb1","비프 앤 치즈 길거리 토스트 세트","에그드랍","토스트","토스트","",""
"official-quality-eggdrop-3e70869be4a6","갈릭버터","에그드랍","토스트","","","UNKNOWN_INDIVIDUAL_MENU_CATEGORY"
"official-quality-eggdrop-40d7072c85f1","크림 치즈","에그드랍","토스트","","","UNKNOWN_INDIVIDUAL_MENU_CATEGORY"
"official-quality-eggdrop-4109b32425ab","아메리카노 (ICE/HOT)","에그드랍","토스트","카페","",""
"official-quality-eggdrop-43e63e996f2e","갈릭 베이컨 치즈 세트","에그드랍","토스트","","","UNKNOWN_INDIVIDUAL_MENU_CATEGORY"
"official-quality-eggdrop-46b20bee0243","햄 치즈 베이글 세트","에그드랍","토스트","베이커리","",""
"official-quality-eggdrop-4cabc5d9e0e1","아메리칸 브런치","에그드랍","토스트","","","UNKNOWN_INDIVIDUAL_MENU_CATEGORY"
"official-quality-eggdrop-4ebbdacd5da1","아보 베이컨 길거리 토스트 세트","에그드랍","토스트","토스트","",""
"official-quality-eggdrop-5ad277c0afdd","햄 앤 치즈 길거리 토스트 세트","에그드랍","토스트","토스트","",""
"official-quality-eggdrop-5e5b377950cc","케일 사과주스","에그드랍","토스트","음료","",""
"official-quality-eggdrop-60253165294c","바닐라라떼 (ICE/HOT)","에그드랍","토스트","카페","",""
"official-quality-eggdrop-69904d8468bb","핑크딸기라떼","에그드랍","토스트","카페","",""
"official-quality-eggdrop-6d49bde6f603","클럽샌드위치","에그드랍","토스트","샌드위치","",""
"official-quality-eggdrop-6f51583ec298","오렌지 썬라이즈","에그드랍","토스트","","","UNKNOWN_INDIVIDUAL_MENU_CATEGORY"
"official-quality-eggdrop-786cf9188c5f","샌드위치 & 해쉬 & 반했드랍 2인 세트","에그드랍","토스트","샌드위치","",""
"official-quality-eggdrop-7a742a089d58","베이컨 더블 치즈 세트","에그드랍","토스트","","","UNKNOWN_INDIVIDUAL_MENU_CATEGORY"
"official-quality-eggdrop-7bbfc8f3a566","햄 치즈 갈릭 샌드","에그드랍","토스트","","","UNKNOWN_INDIVIDUAL_MENU_CATEGORY"
"official-quality-eggdrop-7e9aee518597","랜치 드레싱","에그드랍","토스트","","","UNKNOWN_INDIVIDUAL_MENU_CATEGORY"
"official-quality-eggdrop-87b5540bca28","에그 햄 치즈 디럭스 세트","에그드랍","토스트","","","UNKNOWN_INDIVIDUAL_MENU_CATEGORY"
"official-quality-eggdrop-8ef67be816d1","딸기피넛 샌드","에그드랍","토스트","","","UNKNOWN_INDIVIDUAL_MENU_CATEGORY"
"official-quality-eggdrop-900632d3a0e0","햄 앤 치즈 프렌치 토스트 세트","에그드랍","토스트","토스트","",""
"official-quality-eggdrop-906a477e8db0","미스터에그 세트","에그드랍","토스트","","","UNKNOWN_INDIVIDUAL_MENU_CATEGORY"
"official-quality-eggdrop-98cd1086b440","비프 앤 치즈 길거리 토스트","에그드랍","토스트","토스트","",""
"official-quality-eggdrop-9a4799f1eed8","비프 데리야끼 세트","에그드랍","토스트","","","UNKNOWN_INDIVIDUAL_MENU_CATEGORY"
"official-quality-eggdrop-9e21e2e655d5","굿모닝 브런치 세트","에그드랍","토스트","","","UNKNOWN_INDIVIDUAL_MENU_CATEGORY"
"official-quality-eggdrop-a277019abaf4","햄 치즈 베이글","에그드랍","토스트","베이커리","",""
"official-quality-eggdrop-a4bcf30dbf01","100% 착즙 수박 주스","에그드랍","토스트","음료","",""
"official-quality-eggdrop-aa199fafbb11","에그 BLT 디럭스 세트","에그드랍","토스트","","","UNKNOWN_INDIVIDUAL_MENU_CATEGORY"
"official-quality-eggdrop-acf958e8c14e","아보 베이컨 길거리 토스트","에그드랍","토스트","토스트","",""
"official-quality-eggdrop-affed40e4678","해쉬브라운","에그드랍","토스트","","","UNKNOWN_INDIVIDUAL_MENU_CATEGORY"
"official-quality-eggdrop-b0702e28c574","에그 베이컨 디럭스","에그드랍","토스트","","","UNKNOWN_INDIVIDUAL_MENU_CATEGORY"
"official-quality-eggdrop-b193c4ec47a5","아메리칸 햄 치즈 세트","에그드랍","토스트","","","UNKNOWN_INDIVIDUAL_MENU_CATEGORY"
"official-quality-eggdrop-b41522e7aadd","굿모닝 브런치","에그드랍","토스트","","","UNKNOWN_INDIVIDUAL_MENU_CATEGORY"
"official-quality-eggdrop-c2143f5e88e5","햄 앤 치즈 길거리 토스트","에그드랍","토스트","토스트","",""
"official-quality-eggdrop-c2e72b8f38de","딸기잼","에그드랍","토스트","","","UNKNOWN_INDIVIDUAL_MENU_CATEGORY"
"official-quality-eggdrop-c609f912d817","치킨클럽샌드위치 세트","에그드랍","토스트","샌드위치","",""
"official-quality-eggdrop-c81641e40782","100% 착즙 블러드 오렌지 주스","에그드랍","토스트","음료","",""
"official-quality-eggdrop-c934baaeafa5","치킨 클럽샌드위치","에그드랍","토스트","샌드위치","",""
"official-quality-eggdrop-c971ae6c2b46","제주말차라떼 (ICE/HOT)","에그드랍","토스트","카페","",""
"official-quality-eggdrop-c9e810db7f48","에그 햄 치즈 디럭스","에그드랍","토스트","","","UNKNOWN_INDIVIDUAL_MENU_CATEGORY"
"official-quality-eggdrop-ca530de1dc22","클럽샌드위치 세트","에그드랍","토스트","샌드위치","",""
"official-quality-eggdrop-ce80e5d9a104","프렌치 토스트","에그드랍","토스트","토스트","",""
"official-quality-eggdrop-d4be434ff445","케찹","에그드랍","토스트","","","UNKNOWN_INDIVIDUAL_MENU_CATEGORY"
"official-quality-eggdrop-d78c40039b40","에그 베이컨 디럭스 세트","에그드랍","토스트","","","UNKNOWN_INDIVIDUAL_MENU_CATEGORY"
"official-quality-eggdrop-e14743fc3770","아메리칸 브런치 세트","에그드랍","토스트","","","UNKNOWN_INDIVIDUAL_MENU_CATEGORY"
"official-quality-eggdrop-ec1cfd8fb434","에그 BLT 디럭스","에그드랍","토스트","","","UNKNOWN_INDIVIDUAL_MENU_CATEGORY"
"official-quality-eggdrop-ed34a471fb8d","BLT 베이글 세트","에그드랍","토스트","베이커리","",""
"official-quality-eggdrop-f87f1d82d012","100% 착즙 사과 주스","에그드랍","토스트","음료","",""
"official-quality-eggdrop-f9ae120e2d4d","베이컨 딥 치즈 번 세트","에그드랍","토스트","","","UNKNOWN_INDIVIDUAL_MENU_CATEGORY"
"official-quality-eggdrop-fbacc61167c5","자몽 에이드","에그드랍","토스트","음료","",""
"official-quality-eggdrop-fe0cf18e5d2c","콘 마요 해쉬브라운","에그드랍","토스트","","","UNKNOWN_INDIVIDUAL_MENU_CATEGORY"
"official-menu-캠토토스트-골드피자토스트","골드피자 토스트","캠토토스트","토스트","토스트","",""
"official-menu-캠토토스트-콘베이컨에그마요토스트","콘베이컨 에그마요 토스트","캠토토스트","토스트","토스트","",""
"official-menu-delivery-0087f69ddaec6787","미트러버피자","피자스쿨","피자","피자","피자",""
"official-menu-delivery-06468168bd5c8bd9","포테이토피자","피자스쿨","피자","피자","피자",""
"official-menu-delivery-1cc7f18e30200bd2","나폴리피자","피자스쿨","피자","피자","피자",""
"official-menu-delivery-253332a29070f3ae","비프타코피자","피자스쿨","피자","피자","피자",""
"official-menu-delivery-370f8a5151592dd6","멕시칸바이트피자","피자스쿨","피자","피자","피자",""
"official-menu-delivery-41f0ea579c6d5777","불닭고구마피자","피자스쿨","피자","피자","피자",""
"official-menu-delivery-4e66c74414746c1f","트러플포테이토피자","피자스쿨","피자","피자","피자",""
"official-menu-delivery-4f5f42bb31c0c6b3","치킨타코피자","피자스쿨","피자","피자","피자",""
"official-menu-delivery-5efbade0b2fbee42","새우링","피자스쿨","피자","","","UNKNOWN_INDIVIDUAL_MENU_CATEGORY"
"official-menu-delivery-67c1dd6cae6bf104","닭안심살피자","피자스쿨","피자","피자","피자",""
"official-menu-delivery-67e44d173ed707e4","크림치즈볼","피자스쿨","피자","사이드","",""
"official-menu-delivery-6e85c2bf1270c96f","야채퀘사디아피자","피자스쿨","피자","피자","피자",""
"official-menu-delivery-719624f55d28d739","더블갈릭바베큐피자","피자스쿨","피자","피자","피자",""
"official-menu-delivery-73315aa6d906cd66","치즈오븐크림스파게티","피자스쿨","피자","파스타","파스타",""
"official-menu-delivery-743324c6c966c510","콤비네이션피자","피자스쿨","피자","피자","피자",""
"official-menu-delivery-758c0e516eff09ce","까르보네피자","피자스쿨","피자","피자","피자",""
"official-menu-delivery-7b391aec867323c2","오지치즈그라탕","피자스쿨","피자","","","UNKNOWN_INDIVIDUAL_MENU_CATEGORY"
"official-menu-delivery-8755090d65ff6e04","깐쇼새우피자","피자스쿨","피자","피자","피자",""
"official-menu-delivery-8a36fd3312b0849a","치킨텐더","피자스쿨","피자","치킨","",""
"official-menu-delivery-917a6d7b0d243bbc","콘치즈피자","피자스쿨","피자","피자","피자",""
"official-menu-delivery-92e68109cee2881c","치즈피자","피자스쿨","피자","피자","피자",""
"official-menu-delivery-93b2e5c1f0ae7c99","치즈오븐스파게티","피자스쿨","피자","파스타","파스타",""
"official-menu-delivery-958f663b8763d1ce","고르곤졸라피자","피자스쿨","피자","피자","피자",""
"official-menu-delivery-982c8676ed8526c4","프리미엄스테이크피자","피자스쿨","피자","피자","피자",""
"official-menu-delivery-9cc103133537df1b","크림치즈꽈배기","피자스쿨","피자","","","UNKNOWN_INDIVIDUAL_MENU_CATEGORY"
"official-menu-delivery-9ddea372cf12b753","치킨퀘사디아피자","피자스쿨","피자","피자","피자",""
"official-menu-delivery-9eb6579585ad72b0","고구마피자","피자스쿨","피자","피자","피자",""
"official-menu-delivery-be0f7c6bc237ad95","트러플머쉬룸피자","피자스쿨","피자","피자","피자",""
"official-menu-delivery-c3b03e6d2cfcb36c","불고기피자","피자스쿨","피자","피자","피자",""
"official-menu-delivery-c41db47575c8f2e1","핫치킨피자","피자스쿨","피자","피자","피자",""
"official-menu-delivery-d723100112492bc9","비프퀘사디아피자","피자스쿨","피자","피자","피자",""
"official-menu-delivery-e00e70409430473e","도이치바이트피자","피자스쿨","피자","피자","피자",""
"official-menu-delivery-e1157c5edaa2bbf8","아이리쉬포테이토피자","피자스쿨","피자","피자","피자",""
"official-menu-delivery-e15912b25cd1a3f7","직화홀릭바이트피자","피자스쿨","피자","피자","피자",""
"official-menu-delivery-ee92c8ad0984fcc6","오지치즈포테이토피자","피자스쿨","피자","피자","피자",""
"official-menu-delivery-eedaa3b924ff0277","치킨스틱&윙","피자스쿨","피자","치킨","",""
"official-menu-delivery-efe122670ca52a9f","페퍼로니피자","피자스쿨","피자","피자","피자",""
"official-menu-delivery-f51d834f85fc2103","직화파인애플피자","피자스쿨","피자","피자","피자",""
"official-menu-delivery-06c72364a9dea591","파파 코울슬로","파파존스","피자","","","UNKNOWN_INDIVIDUAL_MENU_CATEGORY"
"official-menu-delivery-0984370f5639f0b2","더블 치즈버거","파파존스","피자","피자","피자",""
"official-menu-delivery-0be9ccd18be47bba","올미트","파파존스","피자","피자","피자",""
"official-menu-delivery-14c870772ba16090","페퍼로니","파파존스","피자","피자","피자",""
"official-menu-delivery-1686ebfc9bab4f7a","마가리타","파파존스","피자","피자","피자",""
"official-menu-delivery-2c7c382dab9ed745","파파스 윙","파파존스","피자","치킨","",""
"official-menu-delivery-37c88f7d515b1879","더블 초코칩 브라우니","파파존스","피자","","","UNKNOWN_INDIVIDUAL_MENU_CATEGORY"
"official-menu-delivery-3b04b3a134a858d3","슈림프 알프레도THIN","파파존스","피자","피자","피자",""
"official-menu-delivery-3e287a2e7ef3f390","치킨 스트립","파파존스","피자","치킨","",""
"official-menu-delivery-415619be7e4bb47f","아이리쉬 포테이토","파파존스","피자","피자","피자",""
"official-menu-delivery-424b1269e235fd86","골든 체다 페퍼NEW","파파존스","피자","피자","피자",""
"official-menu-delivery-4395edc515285365","파파스 파스타(화이트)","파파존스","피자","파스타","파스타",""
"official-menu-delivery-44703b19afa51142","그린잇 식물성 마가리타","파파존스","피자","피자","피자",""
"official-menu-delivery-4b265f5a4f4bead0","더블 핫 앤 스파이시 멕시칸","파파존스","피자","피자","피자",""
"official-menu-delivery-565606ab554ee67e","프리미엄 직화불고기","파파존스","피자","피자","피자",""
"official-menu-delivery-6525c0b0660955f6","스파이시 이탈리안","파파존스","피자","피자","피자",""
"official-menu-delivery-683a60728dc7170c","바베큐립 콤보","파파존스","피자","","","UNKNOWN_INDIVIDUAL_MENU_CATEGORY"
"official-menu-delivery-6c8a79f628457b4b","가든 스페셜","파파존스","피자","피자","피자",""
"official-menu-delivery-7302ba09f92b25ed","스파이시 치킨랜치","파파존스","피자","피자","피자",""
"official-menu-delivery-732e2c9dec5e9103","존스 페이버릿","파파존스","피자","피자","피자",""
"official-menu-delivery-7cc4523230416d26","수퍼 파파스","파파존스","피자","피자","피자",""
"official-menu-delivery-83f481a54d803896","파파 콘샐러드","파파존스","피자","샐러드·포케","샐러드·포케",""
"official-menu-delivery-890b732c159bb8a6","브래드 스틱","파파존스","피자","","","UNKNOWN_INDIVIDUAL_MENU_CATEGORY"
"official-menu-delivery-8f5443755239c980","그린잇 식물성 가든스페셜","파파존스","피자","피자","피자",""
"official-menu-delivery-9ccea7de8ba04667","햄 머쉬룸 식스 치즈","파파존스","피자","피자","피자",""
"official-menu-delivery-b7f95efa127dbe68","파파스 파스타(미트)","파파존스","피자","파스타","파스타",""
"official-menu-delivery-bdba9b592f85c261","하와이안","파파존스","피자","피자","피자",""
"official-menu-delivery-c85fa77323cb3522","치즈 스틱","파파존스","피자","","","UNKNOWN_INDIVIDUAL_MENU_CATEGORY"
"official-menu-delivery-cf04296883697b29","위스콘신 치즈 포테이토","파파존스","피자","피자","피자",""
"official-menu-delivery-d04b4cade8d1d9a6","메가 초코칩 쿠키","파파존스","피자","디저트","",""
"official-menu-delivery-d6213f2179bd8d70","불닭 까르보 치킨NEW","파파존스","피자","피자","피자",""
"official-menu-delivery-e3d38a20c2f2a968","파파스 파스타(로제)","파파존스","피자","파스타","파스타",""
"official-menu-delivery-f1cb4f0564e947f3","식스 치즈","파파존스","피자","피자","피자",""
"official-menu-delivery-f2a2dd251f4d3d68","베이컨 치즈 스틱","파파존스","피자","","","UNKNOWN_INDIVIDUAL_MENU_CATEGORY"
"official-menu-delivery-f3f0486f7b641d4e","크리스피 치즈 페퍼로니 피자THIN","파파존스","피자","피자","피자",""
"official-menu-delivery-f463f67c92b6e620","치킨 바베큐","파파존스","피자","피자","피자",""
"official-menu-delivery-f55cd19aebf0b759","크리스피 치즈 트리플 피자THIN","파파존스","피자","피자","피자",""
"official-menu-delivery-22a1a1e49865cc1d","반반피자R 사이드 세트","청년피자","피자","피자","피자",""
"official-menu-delivery-2d63a113a2f7bc9a","메가쉬림프 갈릭크런치","청년피자","피자","피자","피자",""
"official-menu-delivery-45850bd8706a2500","반반 프리미엄R","청년피자","피자","피자","피자",""
"official-menu-delivery-4593811ac06c109a","반반 프리미엄L","청년피자","피자","피자","피자",""
"official-menu-delivery-4d8e0a8afeaaf681","쫀득 모짜 치즈볼 6개","청년피자","피자","사이드","",""
"official-menu-delivery-560294361eb42418","트리플 머쉬룸 크림뇨끼","청년피자","피자","파스타","파스타",""
"official-menu-delivery-60a4eb249a08e1f9","청년피자 세트(L)","청년피자","피자","피자","피자",""
"official-menu-delivery-61811871293e6e68","그릴드 와일드 통다리 세트","청년피자","피자","피자","피자",""
"official-menu-delivery-624ca38cd94721de","오븐베이크치킨 세트","청년피자","피자","피자","피자",""
"official-menu-delivery-67ea87e019e2a542","청년피자 세트(R)","청년피자","피자","피자","피자",""
"official-menu-delivery-7534d3a69e05aa59","사이드 세트","청년피자","피자","피자","피자",""
"official-menu-delivery-75e4c9a11adfda0d","해피 치즈스틱 4개","청년피자","피자","","","UNKNOWN_INDIVIDUAL_MENU_CATEGORY"
"official-menu-delivery-769af18fc11d627a","메가모짜 치즈디쉬","청년피자","피자","피자","피자",""
"official-menu-delivery-76c8b26d9cec36da","뉴욕비프 갈릭크런치","청년피자","피자","피자","피자",""
"official-menu-delivery-7d4e7a26ac78365d","치즈수플레미트파이","청년피자","피자","피자","피자",""
"official-menu-delivery-8ad02ae731bcc901","크리스피 직화 바베큐","청년피자","피자","피자","피자",""
"official-menu-delivery-b902fee6378f0850","해피 안심텐더 4개","청년피자","피자","","","UNKNOWN_INDIVIDUAL_MENU_CATEGORY"
"official-menu-delivery-b96fa1f4fe625e5e","페퍼로니 치즈 김치볶음밥","청년피자","피자","덮밥","덮밥",""
"official-menu-delivery-df79f18fabf41426","반반피자L 사이드 세트","청년피자","피자","피자","피자",""
"official-menu-delivery-fa1b19881f662bfd","메가쉬림프 갈릭크런치L + 뉴욕비프 갈릭크런치L 반반","청년피자","피자","피자","피자",""
"official-menu-delivery-0c8431fbadf9d46e","엄청 큰 반반 치킨","노랑통닭","치킨","치킨","치킨",""
"official-menu-delivery-10666d58be4db3d1","바사삭 닭껍질 튀김","노랑통닭","치킨","","","UNKNOWN_INDIVIDUAL_MENU_CATEGORY"
"official-menu-delivery-146f04c8ea90a41c","노랑칩스","노랑통닭","치킨","","","UNKNOWN_INDIVIDUAL_MENU_CATEGORY"
"official-menu-delivery-146f6944f41357ab","땅콩 크림 꽈배기","노랑통닭","치킨","","","UNKNOWN_INDIVIDUAL_MENU_CATEGORY"
"official-menu-delivery-1775250c23b9158a","대파올리브마요 소스","노랑통닭","치킨","사이드","",""
"official-menu-delivery-2647e20f0b65647e","깐풍 똥집 감자튀김","노랑통닭","치킨","사이드","",""
"official-menu-delivery-2c6d23a17db055d8","웰빙 파닭 반반","노랑통닭","치킨","치킨","치킨",""
"official-menu-delivery-3112e56ffbc4f2bf","맵싸한 특수부위 3종","노랑통닭","치킨","","","UNKNOWN_INDIVIDUAL_MENU_CATEGORY"
"official-menu-delivery-3243c01390b809d5","엄청 큰 깐풍 치킨","노랑통닭","치킨","치킨","치킨",""
"official-menu-delivery-381f68f77e255af0","엄청 큰 후라이드 치킨","노랑통닭","치킨","치킨","치킨",""
"official-menu-delivery-5012bd2e02beadf1","맵싸한 반반 치킨","노랑통닭","치킨","치킨","치킨",""
"official-menu-delivery-54faf55c4b583703","칼칼한 청양 치킨","노랑통닭","치킨","치킨","치킨",""
"official-menu-delivery-57ecc0997986e633","맵싸한 똥집 감자튀김","노랑통닭","치킨","사이드","",""
"official-menu-delivery-5b3e0b448430955c","알싸한 마늘 치킨","노랑통닭","치킨","치킨","치킨",""
"official-menu-delivery-65999d4e9f5356d7","똥집 감자튀김","노랑통닭","치킨","사이드","",""
"official-menu-delivery-673ad079eb408f3f","맵싸한 3종 치킨","노랑통닭","치킨","치킨","치킨",""
"official-menu-delivery-6b3109196d76719f","통통 오징어 스틱","노랑통닭","치킨","","","UNKNOWN_INDIVIDUAL_MENU_CATEGORY"
"official-menu-delivery-70ae2c7777886013","대파 간장 치킨 반반","노랑통닭","치킨","치킨","치킨",""
"official-menu-delivery-7376dfb9d5c45ce2","갈릭 인 더 딥","노랑통닭","치킨","치킨","치킨",""
"official-menu-delivery-74b8dd12427ac47f","엄청 큰 양념 치킨","노랑통닭","치킨","치킨","치킨",""
"official-menu-delivery-793037658e6365ba","모짜 체다 치즈볼(5PCS)","노랑통닭","치킨","사이드","",""
"official-menu-delivery-7cb7c0a865097d66","오리지널 치즈볼(5PCS)","노랑통닭","치킨","사이드","",""
"official-menu-delivery-801bfc14b59e4816","얼큰 짬뽕이닭","노랑통닭","치킨","중식","",""
"official-menu-delivery-874ac08d7cad7499","토마토칠리 소스","노랑통닭","치킨","사이드","",""
"official-menu-delivery-88693865ed7c20e2","맵싸한 디핑 소스","노랑통닭","치킨","사이드","",""
"official-menu-delivery-94005e9859d7953e","떡볶이 모둠 튀김 세트","노랑통닭","치킨","분식","분식",""
"official-menu-delivery-97d1cf418881cbf8","우도 땅콩 치킨","노랑통닭","치킨","치킨","치킨",""
"official-menu-delivery-ae34a8b840715786","노랑 3종 치킨","노랑통닭","치킨","치킨","치킨",""
"official-menu-delivery-b12aa5a369d81c3b","맵싸삭 닭껍질 튀김","노랑통닭","치킨","","","UNKNOWN_INDIVIDUAL_MENU_CATEGORY"
"official-menu-delivery-b1d9f5f19564bf3d","뿌리노랑 치킨","노랑통닭","치킨","치킨","치킨",""
"official-menu-delivery-b900704a3c244141","골뱅이 무침","노랑통닭","치킨","","","UNKNOWN_INDIVIDUAL_MENU_CATEGORY"
"official-menu-delivery-bae61fe0953c3f7a","노랑 복숭아","노랑통닭","치킨","","","UNKNOWN_INDIVIDUAL_MENU_CATEGORY"
"official-menu-delivery-c42f07fea4c9b3d7","맵싸한 깐풍 치킨","노랑통닭","치킨","치킨","치킨",""
"official-menu-delivery-c67968958822700d","부산 어묵탕","노랑통닭","치킨","","","UNKNOWN_INDIVIDUAL_MENU_CATEGORY"
"official-menu-delivery-c6ead49202334329","대파 간장 치킨","노랑통닭","치킨","치킨","치킨",""
"official-menu-delivery-cc69eadc15151475","매콤 직화 무뼈닭발","노랑통닭","치킨","","","UNKNOWN_INDIVIDUAL_MENU_CATEGORY"
"official-menu-delivery-ce8f6298da61ab54","웰빙 파닭 후라이드","노랑통닭","치킨","치킨","치킨",""
"official-menu-delivery-d2cf262564bebdab","우도 땅콩 치킨 반반","노랑통닭","치킨","치킨","치킨",""
"official-menu-delivery-d3c326fd896fa14e","모둠 감자 튀김","노랑통닭","치킨","사이드","",""
"official-menu-delivery-d605a2829cb4621f","김말이","노랑통닭","치킨","분식","",""
"official-menu-delivery-d7a8919b3691a674","통살 새우튀김","노랑통닭","치킨","","","UNKNOWN_INDIVIDUAL_MENU_CATEGORY"
"official-menu-delivery-dab4174efeb359bd","눈꽃 치즈 떡볶이","노랑통닭","치킨","분식","분식",""
"official-menu-delivery-dbf985997a10b7f8","맵싸한 양념 치킨","노랑통닭","치킨","치킨","치킨",""
"official-menu-delivery-dd60025c6c94cc14","모둠 튀김","노랑통닭","치킨","","","UNKNOWN_INDIVIDUAL_MENU_CATEGORY"
"official-menu-delivery-e284898caac125b1","먹태","노랑통닭","치킨","","","UNKNOWN_INDIVIDUAL_MENU_CATEGORY"
"official-menu-delivery-f3e1b3f11967a8ac","갈릭 라이스","노랑통닭","치킨","","","UNKNOWN_INDIVIDUAL_MENU_CATEGORY"
"official-menu-delivery-ffebee7207f892c8","맵싸한 후라이드 치킨","노랑통닭","치킨","치킨","치킨",""
"official-menu-delivery-435e0fc6400ab28b","스틱","지코바","치킨","치킨","치킨",""
"official-menu-delivery-c65c698d3d50b63c","윙","지코바","치킨","치킨","치킨",""
"official-menu-delivery-edca6b04e26615dd","순살","지코바","치킨","치킨","치킨",""
"official-menu-delivery-01a6cf201b3d581f","핫슈프림 양념치킨","처갓집양념치킨","치킨","치킨","치킨",""
"official-menu-delivery-128fe825fdd94225","치즈슈프림 양념치킨","처갓집양념치킨","치킨","치킨","치킨",""
"official-menu-delivery-31a7247ef3121fbd","후라이드치킨","처갓집양념치킨","치킨","치킨","치킨",""
"official-menu-delivery-331beed6314bc2fe","THE.화이트치킨 골드치즈","처갓집양념치킨","치킨","치킨","치킨",""
"official-menu-delivery-3600960c0cb44467","처갓집라이스","처갓집양념치킨","치킨","","","UNKNOWN_INDIVIDUAL_MENU_CATEGORY"
"official-menu-delivery-4bf76d2da79a2bc1","THE.화이트치킨 파인유자","처갓집양념치킨","치킨","치킨","치킨",""
"official-menu-delivery-53fbc04ac7ce7051","THE.화이트치킨 슈프림","처갓집양념치킨","치킨","치킨","치킨",""
"official-menu-delivery-56e8357f381529d1","매운불 양념치킨","처갓집양념치킨","치킨","치킨","치킨",""
"official-menu-delivery-65ffcb02437dd58a","치폴레 양념치킨","처갓집양념치킨","치킨","치킨","치킨",""
"official-menu-delivery-72cdbf947eb42bf4","반반치킨","처갓집양념치킨","치킨","치킨","치킨",""
"official-menu-delivery-9c941c07f9bfdbb7","허니올리고당야채 양념치킨","처갓집양념치킨","치킨","치킨","치킨",""
"official-menu-delivery-b370d166ba0c7415","THE.화이트치킨 레몬파채","처갓집양념치킨","치킨","치킨","치킨",""
"official-menu-delivery-b4dd37bf90a91144","와락윙","처갓집양념치킨","치킨","치킨","치킨",""
"official-menu-delivery-becf63ac60a514bc","트러플 슈프림 양념치킨","처갓집양념치킨","치킨","치킨","치킨",""
"official-menu-delivery-c1324ef1b7cf21cf","닭강정","처갓집양념치킨","치킨","치킨","",""
"official-menu-delivery-d0fe8c37b0a541b0","와락치킨","처갓집양념치킨","치킨","치킨","치킨",""
"official-menu-delivery-d138168b750d4e4c","레몬파닭치킨","처갓집양념치킨","치킨","치킨","치킨",""
"official-menu-delivery-d88c363e8b8c43d1","슈프림 양념치킨","처갓집양념치킨","치킨","치킨","치킨",""
"official-menu-delivery-f9107912c5cf8b72","슈프림골드 양념치킨","처갓집양념치킨","치킨","치킨","치킨",""
"official-menu-delivery-fc08b6368f288a12","훈제치킨","처갓집양념치킨","치킨","치킨","치킨",""
"official-menu-delivery-064724d9643187e6","스테이크불갈비","피자마루","피자","피자","피자",""
"official-menu-delivery-07b951bae39a1e70","투움바 스파게티","피자마루","피자","파스타","파스타",""
"official-menu-delivery-087d9a9a4fe62160","페퍼로니","피자마루","피자","피자","피자",""
"official-menu-delivery-1423b5b33ae2bec6","크레이지 불새","피자마루","피자","피자","피자",""
"official-menu-delivery-20af952f80d415d3","로스트 치킨 윙&봉","피자마루","피자","치킨","",""
"official-menu-delivery-2669ec5e89d21920","리얼시카고오리지널","피자마루","피자","피자","피자",""
"official-menu-delivery-2bf9165933669ed3","바베큐치킨","피자마루","피자","피자","피자",""
"official-menu-delivery-374efe7336c56b4d","돼지불백","피자마루","피자","피자","피자",""
"official-menu-delivery-3859dbfd7581440d","명란크림스파게티","피자마루","피자","파스타","파스타",""
"official-menu-delivery-436915e7084b7fc7","불고기","피자마루","피자","피자","피자",""
"official-menu-delivery-440e14a6b774a41d","레드콘","피자마루","피자","피자","피자",""
"official-menu-delivery-6b0d3806d60cbc2e","마닭","피자마루","피자","","","UNKNOWN_INDIVIDUAL_MENU_CATEGORY"
"official-menu-delivery-820b10e0143d232d","콤비네이션","피자마루","피자","피자","피자",""
"official-menu-delivery-85155b1bafb38e09","페퍼로니치즈폭탄","피자마루","피자","피자","피자",""
"official-menu-delivery-8874556432851b23","명란크림새우","피자마루","피자","피자","피자",""
"official-menu-delivery-90511c6389f28798","치즈 오븐 스파게티","피자마루","피자","파스타","파스타",""
"official-menu-delivery-997b490ef21ef2ba","마떡","피자마루","피자","","","UNKNOWN_INDIVIDUAL_MENU_CATEGORY"
"official-menu-delivery-9a4f5bf618bcee3d","고구마","피자마루","피자","피자","피자",""
"official-menu-delivery-a8d1b02b9b0429c9","아메리칸체다","피자마루","피자","피자","피자",""
"official-menu-delivery-aca5e38ab9de457e","통새우링","피자마루","피자","","","UNKNOWN_INDIVIDUAL_MENU_CATEGORY"
"official-menu-delivery-bea4f55cbf09b7bc","텐더 치킨","피자마루","피자","치킨","",""
"official-menu-delivery-bfa8cf5b199266c7","포테이토","피자마루","피자","피자","피자",""
"official-menu-delivery-c376a0d9a832f02f","치즈폭탄","피자마루","피자","피자","피자",""
"official-menu-delivery-c673e906cf1f2f2a","치즈","피자마루","피자","피자","피자",""
"official-menu-delivery-d7b641573a211e84","이탈리안 치즈","피자마루","피자","피자","피자",""
"official-menu-delivery-e05decd5a860e0b1","고추마요치킨","피자마루","피자","피자","피자",""
"official-menu-delivery-e2b5a4edf48cd1e7","하와이안쉬림프","피자마루","피자","피자","피자",""
"official-menu-delivery-eae40db27f347cdb","흑마늘불고기","피자마루","피자","피자","피자",""
"official-menu-delivery-eef17066d31c1c4d","투움바","피자마루","피자","피자","피자",""
"official-menu-delivery-faea5d3f801f63a9","로제떡볶이","피자마루","피자","분식","분식",""
"official-menu-delivery-fd23ae29a1a9152c","꿀고구마","피자마루","피자","피자","피자",""
"official-menu-delivery-06b252aad289d458","순살 허니벌꿀치킨","멕시카나","치킨","치킨","치킨",""
"official-menu-delivery-075001dfcbb204fe","순살마늘간장치킨","멕시카나","치킨","치킨","치킨",""
"official-menu-delivery-0ef381e281bd5edb","반반치킨","멕시카나","치킨","치킨","치킨",""
"official-menu-delivery-197808ff899b535d","마늘간장치킨","멕시카나","치킨","치킨","치킨",""
"official-menu-delivery-207fa626549c3fb5","멕시콤보","멕시카나","치킨","치킨","치킨",""
"official-menu-delivery-2f56426a64f755d0","땡초치킨","멕시카나","치킨","치킨","치킨",""
"official-menu-delivery-2f69d0aacc75550e","멕시윙","멕시카나","치킨","치킨","치킨",""
"official-menu-delivery-44151ff8e5705b1a","순살 강정치킨","멕시카나","치킨","치킨","치킨",""
"official-menu-delivery-51d79c2666781c44","치토스치킨","멕시카나","치킨","치킨","치킨",""
"official-menu-delivery-5c3d50cf9b8c4068","양념치킨","멕시카나","치킨","치킨","치킨",""
"official-menu-delivery-5cf1c4efec84faa6","치필링","멕시카나","치킨","치킨","치킨",""
"official-menu-delivery-686490ea11a97024","눈꽃치즈치킨","멕시카나","치킨","치킨","치킨",""
"official-menu-delivery-6d56db5bbeea09ec","파닭치킨","멕시카나","치킨","치킨","치킨",""
"official-menu-delivery-764f13fd209dc849","순살 반반 치킨","멕시카나","치킨","치킨","치킨",""
"official-menu-delivery-78bd3c009ed8a6ea","와삭칸","멕시카나","치킨","치킨","치킨",""
"official-menu-delivery-7eff20434cdc8c0a","멕시핀","멕시카나","치킨","치킨","치킨",""
"official-menu-delivery-7f42709a1f1d345d","고매치킨","멕시카나","치킨","치킨","치킨",""
"official-menu-delivery-8235c84c09c23617","순살 파닭","멕시카나","치킨","치킨","치킨",""
"official-menu-delivery-8bd500fd4271bba7","순살고매치킨","멕시카나","치킨","치킨","치킨",""
"official-menu-delivery-ab50c969195c4cbe","치필링HOT","멕시카나","치킨","치킨","치킨",""
"official-menu-delivery-b7441468d9299129","허니벌꿀치킨","멕시카나","치킨","치킨","치킨",""
"official-menu-delivery-b86232c5b3c74915","치필링 반반","멕시카나","치킨","치킨","치킨",""
"official-menu-delivery-b900c7d3b8e6ac7a","순살 와삭칸","멕시카나","치킨","치킨","치킨",""
"official-menu-delivery-be4a37bcac6b1118","순살 눈꽃치즈치킨","멕시카나","치킨","치킨","치킨",""
"official-menu-delivery-c5b28b721001e8db","1989 오리진 후라이드","멕시카나","치킨","치킨","치킨",""
"official-menu-delivery-c67c936b444edb2f","순살 치토스치킨","멕시카나","치킨","치킨","치킨",""
"official-menu-delivery-cb778974055fbc3a","후라이드치킨","멕시카나","치킨","치킨","치킨",""
"official-menu-delivery-dca14643fe0fafa8","순살 고추화삭","멕시카나","치킨","치킨","치킨",""
"official-menu-delivery-ddca58d6fef6e445","순살 후라이드","멕시카나","치킨","치킨","치킨",""
"official-menu-delivery-de3d6c8cf6db6413","순살 땡초치킨","멕시카나","치킨","치킨","치킨",""
"official-menu-delivery-e5379510572576a6","강정치킨","멕시카나","치킨","치킨","치킨",""
"official-menu-delivery-e96bc768042a8e9e","순살 양념","멕시카나","치킨","치킨","치킨",""
"official-menu-delivery-fa914fb0f123db32","고추화삭","멕시카나","치킨","치킨","치킨",""
"official-menu-delivery-0e217913cc80780a","맛있는 다리만","60계치킨","치킨","","","UNKNOWN_INDIVIDUAL_MENU_CATEGORY"
"official-menu-delivery-147a508665a4afb6","아이스화채","60계치킨","치킨","","","UNKNOWN_INDIVIDUAL_MENU_CATEGORY"
"official-menu-delivery-19a100692b61f2ee","미니쫀득볼","60계치킨","치킨","","","UNKNOWN_INDIVIDUAL_MENU_CATEGORY"
"official-menu-delivery-1ace4ef7ba7685b4","쫀도그","60계치킨","치킨","","","UNKNOWN_INDIVIDUAL_MENU_CATEGORY"
"official-menu-delivery-1d5d0f6a7218bdb9","호랑이치킨 (뼈/순살)","60계치킨","치킨","치킨","치킨",""
"official-menu-delivery-26170c9353f25645","양념치킨","60계치킨","치킨","치킨","치킨",""
"official-menu-delivery-2827b43d35c191e0","차돌짬뽕","60계치킨","치킨","중식","",""
"official-menu-delivery-2a0018c26faa06f9","후라이드 치킨","60계치킨","치킨","치킨","치킨",""
"official-menu-delivery-2ad70d0da6650638","쫀득치즈볼","60계치킨","치킨","사이드","",""
"official-menu-delivery-2f56562b14868a0a","사이드모듬 2인","60계치킨","치킨","","","UNKNOWN_INDIVIDUAL_MENU_CATEGORY"
"official-menu-delivery-31a31ca0a7f8b719","맛있는 윙만×15","60계치킨","치킨","치킨","치킨",""
"official-menu-delivery-32670053a29b5095","감자치즈전","60계치킨","치킨","","","UNKNOWN_INDIVIDUAL_MENU_CATEGORY"
"official-menu-delivery-3573a4c9bd5da816","크랑이치킨 (뼈/순살)","60계치킨","치킨","치킨","치킨",""
"official-menu-delivery-36bb40e38efde237","나쵸칩","60계치킨","치킨","","","UNKNOWN_INDIVIDUAL_MENU_CATEGORY"
"official-menu-delivery-376ae1e02c98834f","크크크치킨","60계치킨","치킨","치킨","치킨",""
"official-menu-delivery-3b51b3fd12b8c206","망고 아이스크림","60계치킨","치킨","아이스크림","",""
"official-menu-delivery-3ed84bf640bfbf00","호랑이치킨","60계치킨","치킨","치킨","치킨",""
"official-menu-delivery-423627e3220b6e30","후라이드 치킨 (뼈/순살)","60계치킨","치킨","치킨","치킨",""
"official-menu-delivery-429cea09d5a299c3","참지마라치킨 (뼈/순살)","60계치킨","치킨","치킨","치킨",""
"official-menu-delivery-45f551ac7a11ff4d","더매운고추치킨","60계치킨","치킨","치킨","치킨",""
"official-menu-delivery-48faa0d0c29d5dd6","맛있는 닭봉만×15","60계치킨","치킨","","","UNKNOWN_INDIVIDUAL_MENU_CATEGORY"
"official-menu-delivery-49fc1d4b1cf81570","참지마라치킨","60계치킨","치킨","치킨","치킨",""
"official-menu-delivery-4b115aafeb55097c","떡볶이","60계치킨","치킨","분식","분식",""
"official-menu-delivery-4e2b1a6d27ed0daa","쯔란콤보","60계치킨","치킨","치킨","치킨",""
"official-menu-delivery-4e4c892c4a568969","콤보","60계치킨","치킨","치킨","치킨",""
"official-menu-delivery-5b31376114df51c9","튀밥 아이스크림","60계치킨","치킨","아이스크림","",""
"official-menu-delivery-5fc2239fe4a99108","하하핫치킨 (뼈/순살)","60계치킨","치킨","치킨","치킨",""
"official-menu-delivery-60043fc15f965d16","간지치킨","60계치킨","치킨","치킨","치킨",""
"official-menu-delivery-6d675a7a5acccf3f","계란말이","60계치킨","치킨","","","UNKNOWN_INDIVIDUAL_MENU_CATEGORY"
"official-menu-delivery-74b79aadc955c93b","사이드모듬 3인","60계치킨","치킨","","","UNKNOWN_INDIVIDUAL_MENU_CATEGORY"
"official-menu-delivery-77a0103bc5603cfa","파인애플 샤베트","60계치킨","치킨","","","UNKNOWN_INDIVIDUAL_MENU_CATEGORY"
"official-menu-delivery-7be6fb10dc633a14","더매운고추치킨 (뼈/순살)","60계치킨","치킨","치킨","치킨",""
"official-menu-delivery-7d2c65e514cb56c0","쯔란콤보 (콤보/윙봉/순살)","60계치킨","치킨","치킨","치킨",""
"official-menu-delivery-86ab73c7da5bd1f8","고추치킨","60계치킨","치킨","치킨","치킨",""
"official-menu-delivery-86f84c9f91186a9e","소시지&나초","60계치킨","치킨","","","UNKNOWN_INDIVIDUAL_MENU_CATEGORY"
"official-menu-delivery-8990203ab53999b3","꼬치어묵탕","60계치킨","치킨","","","UNKNOWN_INDIVIDUAL_MENU_CATEGORY"
"official-menu-delivery-8e0f947419543054","콘치즈","60계치킨","치킨","","","UNKNOWN_INDIVIDUAL_MENU_CATEGORY"
"official-menu-delivery-92a19d377f59729d","황금먹태","60계치킨","치킨","","","UNKNOWN_INDIVIDUAL_MENU_CATEGORY"
"official-menu-delivery-98e33e6f8735a304","웨지감자","60계치킨","치킨","","","UNKNOWN_INDIVIDUAL_MENU_CATEGORY"
"official-menu-delivery-a40c92c4e2501ef2","멘보샤","60계치킨","치킨","","","UNKNOWN_INDIVIDUAL_MENU_CATEGORY"
"official-menu-delivery-ab5258f3d2fb1c5a","크랑이치킨","60계치킨","치킨","치킨","치킨",""
"official-menu-delivery-acf12f533f755783","오돌뼈","60계치킨","치킨","","","UNKNOWN_INDIVIDUAL_MENU_CATEGORY"
"official-menu-delivery-ad4a0ccb6c3600fb","하하핫치킨","60계치킨","치킨","치킨","치킨",""
"official-menu-delivery-aeb53228b7a237b6","골뱅이무침","60계치킨","치킨","","","UNKNOWN_INDIVIDUAL_MENU_CATEGORY"
"official-menu-delivery-af945f91912bbf5c","마늘 떡볶이","60계치킨","치킨","분식","분식",""
"official-menu-delivery-b4e1d58f1fec78fb","마른안주세트","60계치킨","치킨","","","UNKNOWN_INDIVIDUAL_MENU_CATEGORY"
"official-menu-delivery-c6086e77dad0b232","윙봉세트","60계치킨","치킨","치킨","치킨",""
"official-menu-delivery-c6379c16fa61ea6e","크크크치킨 (뼈/순살)","60계치킨","치킨","치킨","치킨",""
"official-menu-delivery-d280779c19a1c30c","호랑이 치즈볼","60계치킨","치킨","사이드","",""
"official-menu-delivery-d2fc27eb36fef8d9","푸하핫치킨","60계치킨","치킨","치킨","치킨",""
"official-menu-delivery-d42fa1bb58ad4cc3","시원한 황도","60계치킨","치킨","","","UNKNOWN_INDIVIDUAL_MENU_CATEGORY"
"official-menu-delivery-d656a9f496adeb58","푸하핫치킨 (뼈/순살)","60계치킨","치킨","치킨","치킨",""
"official-menu-delivery-d7e07c1200c462c3","고추치킨 (뼈/순살)","60계치킨","치킨","치킨","치킨",""
"official-menu-delivery-da581f5b347560f7","호랑이 웨지감자","60계치킨","치킨","","","UNKNOWN_INDIVIDUAL_MENU_CATEGORY"
"official-menu-delivery-e7e42f4a1e3c3c52","호랑이 쫀도그","60계치킨","치킨","","","UNKNOWN_INDIVIDUAL_MENU_CATEGORY"
"official-menu-delivery-e947d619b242a986","근위튀김","60계치킨","치킨","","","UNKNOWN_INDIVIDUAL_MENU_CATEGORY"
"official-menu-delivery-eec7ebb77ad09b7a","포테이토 치즈스틱","60계치킨","치킨","","","UNKNOWN_INDIVIDUAL_MENU_CATEGORY"
"official-menu-delivery-f843c7f25fb39829","간지치킨 (뼈/순살)","60계치킨","치킨","치킨","치킨",""
"official-menu-delivery-f912d806b30cb23e","고구마스틱","60계치킨","치킨","","","UNKNOWN_INDIVIDUAL_MENU_CATEGORY"
"official-menu-delivery-fd060adbd1a8630f","양념치킨 (뼈/순살)","60계치킨","치킨","치킨","치킨",""
"official-menu-delivery-2e0370efb7e39093","버터베어 갈릭세트","반올림피자","피자","","","UNKNOWN_INDIVIDUAL_MENU_CATEGORY"
"official-menu-delivery-ae484cb4d57e52ea","버터갈릭 통마늘치킨","반올림피자","피자","치킨","",""
"official-menu-delivery-1347eda5710032be","프렌치 프라이","프랭크버거","햄버거","사이드","",""
"official-menu-delivery-1cfbf47930d22f11","프랭크 버거","프랭크버거","햄버거","햄버거","햄버거",""
"official-menu-delivery-2c31c3ef090d2f85","순살치킨 청양마요 (200g)","프랭크버거","햄버거","치킨","",""
"official-menu-delivery-3588e0a6fb6e293e","청양마요 쉬림프 버거","프랭크버거","햄버거","햄버거","햄버거",""
"official-menu-delivery-3802eac798443117","오징어링 (3개)","프랭크버거","햄버거","","","UNKNOWN_INDIVIDUAL_MENU_CATEGORY"
"official-menu-delivery-4dc2016067d8db87","K 불고기 버거","프랭크버거","햄버거","햄버거","햄버거",""
"official-menu-delivery-5529574ab0086972","탄산음료","프랭크버거","햄버거","음료","",""
"official-menu-delivery-5b8f805b37d67859","치즈버거","프랭크버거","햄버거","햄버거","햄버거",""
"official-menu-delivery-5dee7cc9d57e4f60","순살치킨 양념 (200g)","프랭크버거","햄버거","치킨","",""
"official-menu-delivery-5e13445d0ffd6bea","깐쇼새우 비프버거","프랭크버거","햄버거","햄버거","햄버거",""
"official-menu-delivery-699fdc4b1d5591a0","맥앤치즈 비프버거","프랭크버거","햄버거","햄버거","햄버거",""
"official-menu-delivery-6a286422b4e98705","아메리카노","프랭크버거","햄버거","카페","카페",""
"official-menu-delivery-6dcc7c3b391809a9","바닐라 밀크 쉐이크","프랭크버거","햄버거","","","UNKNOWN_INDIVIDUAL_MENU_CATEGORY"
"official-menu-delivery-70f59f38c700669c","K 핫불고기 버거","프랭크버거","햄버거","햄버거","햄버거",""
"official-menu-delivery-7614d50b9563186c","치킨텐더 (2개)","프랭크버거","햄버거","치킨","",""
"official-menu-delivery-86b79f941f9749be","파닭파닭 치킨버거","프랭크버거","햄버거","햄버거","햄버거",""
"official-menu-delivery-9cda6b7772ad1ee9","쉬림프 버거","프랭크버거","햄버거","햄버거","햄버거",""
"official-menu-delivery-9d21504881cc209e","해쉬 포테이토","프랭크버거","햄버거","","","UNKNOWN_INDIVIDUAL_MENU_CATEGORY"
"official-menu-delivery-a668a23fec965c07","자이언트 통닭다리","프랭크버거","햄버거","치킨","",""
"official-menu-delivery-b23444156b367904","통가슴살 후라이드","프랭크버거","햄버거","","","UNKNOWN_INDIVIDUAL_MENU_CATEGORY"
"official-menu-delivery-caf5c2ab42bb8818","버팔로윙봉 (4개)","프랭크버거","햄버거","치킨","",""
"official-menu-delivery-d3390f6f74dd51be","100% 한우 버거","프랭크버거","햄버거","햄버거","햄버거",""
"official-menu-delivery-d35ae3d65806060f","비프 앤 쉬림프 버거","프랭크버거","햄버거","햄버거","햄버거",""
"official-menu-delivery-d49f9617aa45035e","치즈스틱 (3개)","프랭크버거","햄버거","","","UNKNOWN_INDIVIDUAL_MENU_CATEGORY"
"official-menu-delivery-d8abdd5f8af04a46","치즈 프렌치 프라이","프랭크버거","햄버거","사이드","",""
"official-menu-delivery-db6e7d50a2130496","더 치즈볼 (3개)","프랭크버거","햄버거","사이드","",""
"official-menu-delivery-dc4f20b6b7a9188f","JG버거","프랭크버거","햄버거","햄버거","햄버거",""
"official-menu-delivery-dcde634d3ecc17f5","코울슬로 샐러드","프랭크버거","햄버거","샐러드·포케","샐러드·포케",""
"official-menu-delivery-e229d8da04240fc6","100% 한우 갈릭 버거","프랭크버거","햄버거","햄버거","햄버거",""
"official-menu-delivery-e82d1702160f9c64","순살치킨 후라이드 (200g)","프랭크버거","햄버거","치킨","",""
"official-menu-delivery-eebc11ab3c856453","더블 비프 치즈 버거","프랭크버거","햄버거","햄버거","햄버거",""
"official-menu-delivery-eed656f22d8cb038","베이컨 치즈버거","프랭크버거","햄버거","햄버거","햄버거",""
"official-menu-delivery-f49f1a644b739a84","콘샐러드","프랭크버거","햄버거","샐러드·포케","샐러드·포케",""
"official-menu-delivery-f5bf83766f1d50ef","바삭 어니언링","프랭크버거","햄버거","","","UNKNOWN_INDIVIDUAL_MENU_CATEGORY"
"official-menu-delivery-03696917f5f594ce","그린 샐러드","노브랜드버거","햄버거","샐러드·포케","샐러드·포케",""
"official-menu-delivery-0739cc4ab8affd28","크리스피 너겟","노브랜드버거","햄버거","","","UNKNOWN_INDIVIDUAL_MENU_CATEGORY"
"official-menu-delivery-08bac84ed9202745","메가바이트","노브랜드버거","햄버거","햄버거","햄버거",""
"official-menu-delivery-0ce1e794c0308685","인절미 치즈볼","노브랜드버거","햄버거","사이드","",""
"official-menu-delivery-0f65137f322bc53b","슈크림 츄러스","노브랜드버거","햄버거","","","UNKNOWN_INDIVIDUAL_MENU_CATEGORY"
"official-menu-delivery-105644e6288af068","치폴레 치킨","노브랜드버거","햄버거","햄버거","햄버거",""
"official-menu-delivery-1bfa1090cc9e1cc4","오리지널","노브랜드버거","햄버거","햄버거","햄버거",""
"official-menu-delivery-1cbe70904ae17e1d","버크셔K 카츠 어니언","노브랜드버거","햄버거","햄버거","햄버거",""
"official-menu-delivery-293a9bf62abc5bf3","NBB 어메이징 불고기","노브랜드버거","햄버거","햄버거","햄버거",""
"official-menu-delivery-2f1597b8834c79be","NBB 어메이징 더블 치즈","노브랜드버거","햄버거","햄버거","햄버거",""
"official-menu-delivery-30795b441dfb3380","크런치 새우볼","노브랜드버거","햄버거","","","UNKNOWN_INDIVIDUAL_MENU_CATEGORY"
"official-menu-delivery-3385b153eaded553","치킨 시저 샐러드","노브랜드버거","햄버거","샐러드·포케","샐러드·포케",""
"official-menu-delivery-341c95eceb1e4fa9","감자튀김","노브랜드버거","햄버거","사이드","",""
"official-menu-delivery-3602496157275f24","슈가버터 프라이","노브랜드버거","햄버거","","","UNKNOWN_INDIVIDUAL_MENU_CATEGORY"
"official-menu-delivery-38e935dbb22289b8","와플 치킨","노브랜드버거","햄버거","디저트","",""
"official-menu-delivery-3e4e3e8fe4ea82a8","데일리 치킨","노브랜드버거","햄버거","햄버거","햄버거",""
"official-menu-delivery-49cf462668383ccc","탄산음료","노브랜드버거","햄버거","음료","음료",""
"official-menu-delivery-4aad0e9147c239d7","풀드포크 샐러드","노브랜드버거","햄버거","샐러드·포케","샐러드·포케",""
"official-menu-delivery-4c849c6a1d2f08ad","오렌지주스","노브랜드버거","햄버거","음료","음료",""
"official-menu-delivery-5b969f48c54b7f03","아보카도 타코","노브랜드버거","햄버거","햄버거","햄버거",""
"official-menu-delivery-5f8a87d325fa3b16","아메리카노","노브랜드버거","햄버거","카페","카페",""
"official-menu-delivery-60a5350bf3243e9c","NBB 어메이징 더블 업","노브랜드버거","햄버거","햄버거","햄버거",""
"official-menu-delivery-6647ab39246db7d7","캐모마일 티","노브랜드버거","햄버거","음료","음료",""
"official-menu-delivery-6656c13ed9114268","허브순살치킨런","노브랜드버거","햄버거","치킨","",""
"official-menu-delivery-6fef60f004ba781b","버크셔K 카츠","노브랜드버거","햄버거","햄버거","햄버거",""
"official-menu-delivery-743f71e8751a032e","스모크 바비큐","노브랜드버거","햄버거","햄버거","햄버거",""
"official-menu-delivery-8171b998ec820bf0","갈릭앤갈릭","노브랜드버거","햄버거","햄버거","햄버거",""
"official-menu-delivery-877d3b03083f2d95","더블 그릴드 불고기","노브랜드버거","햄버거","햄버거","햄버거",""
"official-menu-delivery-87a4ea1634d15bdc","에그 치즈 불고기","노브랜드버거","햄버거","햄버거","햄버거",""
"official-menu-delivery-8bbb1892c0667a75","치즈","노브랜드버거","햄버거","햄버거","햄버거",""
"official-menu-delivery-8ec29cc90ce06f4e","크런치 치킨","노브랜드버거","햄버거","햄버거","햄버거",""
"official-menu-delivery-91b7841b56c93f86","그린 샐러드 미니","노브랜드버거","햄버거","샐러드·포케","샐러드·포케",""
"official-menu-delivery-949d5480d800c296","NBB 어메이징 더블","노브랜드버거","햄버거","햄버거","햄버거",""
"official-menu-delivery-9560bec3e3d58b8e","오리지널 새우","노브랜드버거","햄버거","햄버거","햄버거",""
"official-menu-delivery-9b535b3f8f5d73ca","치즈스틱","노브랜드버거","햄버거","","","UNKNOWN_INDIVIDUAL_MENU_CATEGORY"
"official-menu-delivery-9c8df8e02c8c3fe2","핫초코","노브랜드버거","햄버거","음료","음료",""
"official-menu-delivery-a8961cd6e82d7246","트리플 베이컨","노브랜드버거","햄버거","햄버거","햄버거",""
"official-menu-delivery-a94e2a58ff526bec","메이플 고구마","노브랜드버거","햄버거","","","UNKNOWN_INDIVIDUAL_MENU_CATEGORY"
"official-menu-delivery-ad1a5642d35abd93","아이스 슈","노브랜드버거","햄버거","","","UNKNOWN_INDIVIDUAL_MENU_CATEGORY"
"official-menu-delivery-b13b233560efc592","생수","노브랜드버거","햄버거","음료","음료",""
"official-menu-delivery-b2835144eb24365a","아보카도 새우 샐러드","노브랜드버거","햄버거","샐러드·포케","샐러드·포케",""
"official-menu-delivery-bb1e23866277e3c9","NBB 어메이징 감바스 새우","노브랜드버거","햄버거","햄버거","햄버거",""
"official-menu-delivery-bb543c1ba791a212","크리스피 상하이포크","노브랜드버거","햄버거","","","UNKNOWN_INDIVIDUAL_MENU_CATEGORY"
"official-menu-delivery-bb677590494b7ed4","주스","노브랜드버거","햄버거","음료","음료",""
"official-menu-delivery-bbdd485e6304550d","레몬 크림 새우","노브랜드버거","햄버거","","","UNKNOWN_INDIVIDUAL_MENU_CATEGORY"
"official-menu-delivery-bcf030612570abeb","NBB 어메이징 더블 살사","노브랜드버거","햄버거","햄버거","햄버거",""
"official-menu-delivery-be68b2cd948dd4a7","그릴드 불고기","노브랜드버거","햄버거","햄버거","햄버거",""
"official-menu-delivery-c68606a81cbb11b3","시그니처","노브랜드버거","햄버거","햄버거","햄버거",""
"official-menu-delivery-d2b630df4c628c31","크런치 윙","노브랜드버거","햄버거","치킨","",""
"official-menu-delivery-da7083f4a7bfb762","탄산음료(캔)","노브랜드버거","햄버거","음료","음료",""
"official-menu-delivery-e4e7044bcca1310c","미트 마니아","노브랜드버거","햄버거","햄버거","햄버거",""
"official-menu-delivery-e64962c5091dd024","레모네이드","노브랜드버거","햄버거","음료","음료",""
"official-menu-delivery-e7531a989e976d1a","어니언 링","노브랜드버거","햄버거","","","UNKNOWN_INDIVIDUAL_MENU_CATEGORY"
"official-menu-delivery-f04f9354b2a78e39","모짜 치폴레 베이컨","노브랜드버거","햄버거","햄버거","햄버거",""
"official-menu-delivery-fee7056054342ea5","쉐킷 프라이","노브랜드버거","햄버거","","","UNKNOWN_INDIVIDUAL_MENU_CATEGORY"
"official-menu-delivery-2a7f8bbdaa5bab56","항정살","새마을식당","한식","한식","한식",""
"official-menu-delivery-420232d0d3bc1e06","열탄대창불고기","새마을식당","한식","한식","한식",""
"official-menu-delivery-4d73ede0301831f8","새우 품은 열탄불고기","새마을식당","한식","한식","한식",""
"official-menu-delivery-622e30c180063526","한돈생삼겹살","새마을식당","한식","한식","한식",""
"official-menu-delivery-6cf32b3d7932a507","차돌박이","새마을식당","한식","한식","한식",""
"official-menu-delivery-7398c8cbca1415a5","한돈생목살","새마을식당","한식","한식","한식",""
"official-menu-delivery-7ae5403c6223e94b","한돈수제양념구이","새마을식당","한식","한식","한식",""
"official-menu-delivery-9acf0bc46bcf0808","훈제막창","새마을식당","한식","한식","한식",""
"official-menu-delivery-9d71b52af2288815","껍데기","새마을식당","한식","한식","한식",""
"official-menu-delivery-c12c56c8ce355317","열탄불고기(기본맛/간장맛/용암맛)","새마을식당","한식","한식","한식",""
"official-menu-delivery-fa08a5ee5f748bca","새마을모둠한판","새마을식당","한식","한식","한식",""
"official-menu-delivery-002ae6e3a7164d32","딸기콕콕 소프트","빽다방","카페","디저트","디저트",""
"official-menu-delivery-00c8f9a16c52a560","복숭아주스","빽다방","카페","음료","음료",""
"official-menu-delivery-00e5262a39fbef12","저당사과젤리 매실에이드","빽다방","카페","음료","음료",""
"official-menu-delivery-0455da03f7f3d31b","사라다빵","빽다방","카페","디저트","디저트",""
"official-menu-delivery-049a3b2486a5d548","사과당근주스","빽다방","카페","음료","음료",""
"official-menu-delivery-057b5a9cde675083","디카페인 빽사이즈 아메리카노(ICED)","빽다방","카페","카페","카페",""
"official-menu-delivery-05d432e9b6c1434d","깔라만시에이드(ICED)","빽다방","카페","음료","음료",""
"official-menu-delivery-0677d75e103d2b07","디카페인 콜드브루라떼(HOT)","빽다방","카페","카페","카페",""
"official-menu-delivery-070848124d81d968","말차라떼(HOT)","빽다방","카페","카페","카페",""
"official-menu-delivery-07cc1325b8798f55","복숭아에이드(ICED)","빽다방","카페","음료","음료",""
"official-menu-delivery-089d7592214f2d19","디카페인 블랙 벨벳 자바칩빽스치노 소프트","빽다방","카페","음료","음료",""
"official-menu-delivery-0b85f4e73f9020dc","달달연유라떼(ICED)","빽다방","카페","카페","카페",""
"official-menu-delivery-0cc4b85afaa136e5","콜드브루라떼(ICED)","빽다방","카페","카페","카페",""
"official-menu-delivery-0dc6cf42423f771f","디카페인 아메리카노(ICED)","빽다방","카페","카페","카페",""
"official-menu-delivery-0de810c0b4a6e6f1","저당 단팥소라빵","빽다방","카페","디저트","디저트",""
"official-menu-delivery-0e264afc6dea2ac2","파인애플 주스(ICED)","빽다방","카페","음료","음료",""
"official-menu-delivery-0e87e9bc0500d641","바닐라커피 빽스치노(BASIC)","빽다방","카페","카페","카페",""
"official-menu-delivery-1128a135fb44c859","팥절미 소프트","빽다방","카페","디저트","디저트",""
"official-menu-delivery-11eed5d4dccf9e6c","초코바나나빽스치노(SOFT)","빽다방","카페","음료","음료",""
"official-menu-delivery-125cbf96b9fe69c3","아이스티샷 망고추가(아샷망추)","빽다방","카페","카페","카페",""
"official-menu-delivery-12e39cb5222629d5","체리콕콕(ICED)","빽다방","카페","음료","음료",""
"official-menu-delivery-1603d2da0ff1c408","코코넛커피스무디","빽다방","카페","카페","카페",""
"official-menu-delivery-1664918535adcf06","미숫가루","빽다방","카페","음료","음료",""
"official-menu-delivery-16d361c145098efb","초콜릿 소프트","빽다방","카페","디저트","디저트",""
"official-menu-delivery-1831f15d63c5662b","빽사이즈 아이스티샷추가(ICED)","빽다방","카페","카페","카페",""
"official-menu-delivery-1956b7d8d07f6c16","사과젤리 리치스무디","빽다방","카페","음료","음료",""
"official-menu-delivery-1b568bb6c3d0c970","디카페인 더블에스프레소","빽다방","카페","카페","카페",""
"official-menu-delivery-1c31927273f6acb9","레몬얼그레이티(ICED)","빽다방","카페","음료","음료",""
"official-menu-delivery-1c56cfdf66c9133a","디카페인 아이스티샷 망고추가(아샷망추)","빽다방","카페","카페","카페",""
"official-menu-delivery-1c6c30bafc4ffda0","우베 요거트아이스크림","빽다방","카페","디저트","디저트",""
"official-menu-delivery-1c714fa285b0bab3","유자티(HOT)","빽다방","카페","음료","음료",""
"official-menu-delivery-1dda56c413913075","두바이초코 요거트 아이스크림","빽다방","카페","디저트","디저트",""
"official-menu-delivery-1f21754399ee0500","플레인요거트스무디(ICED)","빽다방","카페","음료","음료",""
"official-menu-delivery-202ebee643b58f46","붕어빵(슈크림)","빽다방","카페","디저트","디저트",""
"official-menu-delivery-2058ad72f2fabef8","자두스무디","빽다방","카페","음료","음료",""
"official-menu-delivery-2149c7955cf7bf67","헤이즐넛아메리카노(HOT)","빽다방","카페","카페","카페",""
"official-menu-delivery-21edeea653d1cc08","초코쉘 소프트","빽다방","카페","디저트","디저트",""
"official-menu-delivery-221a122131b62302","디카페인 헤이즐넛라떼(HOT)","빽다방","카페","카페","카페",""
"official-menu-delivery-22ee255f0edc939b","수정과(HOT)","빽다방","카페","음료","음료",""
"official-menu-delivery-23744172a9690185","끼리 스틱 치즈케익","빽다방","카페","디저트","디저트",""
"official-menu-delivery-237c238090b6ffb5","초코라떼(ICED)","빽다방","카페","카페","카페",""
"official-menu-delivery-23c3396d24a0c08f","디카페인 헤이즐넛 아메리카노(HOT)","빽다방","카페","카페","카페",""
"official-menu-delivery-2457b44187104685","콜드브루(HOT)","빽다방","카페","카페","카페",""
"official-menu-delivery-24972d8f34fc1817","흑당버블 밀크티(ICED)","빽다방","카페","음료","음료",""
"official-menu-delivery-24d240473ad20568","디카페인 카페모카(ICED)","빽다방","카페","카페","카페",""
"official-menu-delivery-258dc4fc02f0c6c5","빽그램 핫도그","빽다방","카페","디저트","디저트",""
"official-menu-delivery-2681cb247e6341d0","딸기쿠키 소프트","빽다방","카페","디저트","디저트",""
"official-menu-delivery-268990a5d0a554f5","패션후르츠스무디 (ICED)","빽다방","카페","음료","음료",""
"official-menu-delivery-270870d3bdcf598f","꿀아메리카노(ICED)","빽다방","카페","카페","카페",""
"official-menu-delivery-28a6459d1ed82708","디카페인 아이스크림 카페라떼","빽다방","카페","카페","카페",""
"official-menu-delivery-294b40152004432c","초코 컵빙수","빽다방","카페","디저트","디저트",""
"official-menu-delivery-29d2e45f6445c06f","프로틴클러스터(다크초코&넛츠)","빽다방","카페","디저트","디저트",""
"official-menu-delivery-29ea1141a343fd04","밀크쉐이크(ICED)","빽다방","카페","음료","음료",""
"official-menu-delivery-29ed1d038a225fbf","크리미 콜드브루 바닐라","빽다방","카페","카페","카페",""
"official-menu-delivery-2b0f15f2db4a932c","콜드브루 흑당라떼(ICED)","빽다방","카페","카페","카페",""
"official-menu-delivery-2b30c8602108d479","콜드브루 연유라떼(ICED)","빽다방","카페","카페","카페",""
"official-menu-delivery-2b3913fbfd54cd36","우베 소프트","빽다방","카페","디저트","디저트",""
"official-menu-delivery-2b74c0ccccab6b90","소세지빵","빽다방","카페","디저트","디저트",""
"official-menu-delivery-2c3169dd08f842f2","민트초코빽스치노(BASIC)","빽다방","카페","음료","음료",""
"official-menu-delivery-2ccc6a3fb4312c77","대추차(ICED)","빽다방","카페","음료","음료",""
"official-menu-delivery-2ded16344f6e16d1","아이스크러시 포도","빽다방","카페","음료","음료",""
"official-menu-delivery-2eab379433bc0c71","디카페인 블랙 벨벳 자바칩빽스치노","빽다방","카페","음료","음료",""
"official-menu-delivery-2f30bfcc432946fd","쌍화차(HOT)","빽다방","카페","음료","음료",""
"official-menu-delivery-2f57616392828b78","디카페인 카페모카(HOT)","빽다방","카페","카페","카페",""
"official-menu-delivery-300626100f7df601","디카페인 달달연유라떼(HOT)","빽다방","카페","카페","카페",""
"official-menu-delivery-30a1abb647fe8b2c","망고스무디(ICED)","빽다방","카페","음료","음료",""
"official-menu-delivery-30ae2c073b2589f2","레드핫 소세지빵","빽다방","카페","디저트","디저트",""
"official-menu-delivery-34f0b13537406db2","콤부차 샤인머스캣(ICED)","빽다방","카페","음료","음료",""
"official-menu-delivery-354fc1cfb431f42f","디카페인 콜드브루 연유라떼(ICED)","빽다방","카페","카페","카페",""
"official-menu-delivery-38c75a62c0a171ee","피스타치오 빽스치노(BASIC)","빽다방","카페","음료","음료",""
"official-menu-delivery-39eb87ba8b221dce","제로슈거 레몬티(ICED)","빽다방","카페","음료","음료",""
"official-menu-delivery-3a0429a94c951f7c","헤이즐넛아메리카노(ICED)","빽다방","카페","카페","카페",""
"official-menu-delivery-3b731dfcca8086ac","말차크림라떼(ICED)","빽다방","카페","카페","카페",""
"official-menu-delivery-3ba0a7db61eec758","아이스티샷추가(아샷추)","빽다방","카페","카페","카페",""
"official-menu-delivery-3baf9bc44ad96603","디카페인 콜드브루 연유라떼(HOT)","빽다방","카페","카페","카페",""
"official-menu-delivery-3c5fdba933fdb916","초코쉘 요거트아이스크림","빽다방","카페","디저트","디저트",""
"official-menu-delivery-3c6813c8b49b1e17","저당사과젤리 매실티 ICED","빽다방","카페","음료","음료",""
"official-menu-delivery-3d05a05875fc31fe","통단팥 율무쉐이크","빽다방","카페","음료","음료",""
"official-menu-delivery-3d71217cd3bc3638","콤부차 자두(ICED)","빽다방","카페","음료","음료",""
"official-menu-delivery-3df7636b8ceb31f5","레모네이드(ICED)","빽다방","카페","음료","음료",""
"official-menu-delivery-3dfcafcb39779572","더블에스프레소","빽다방","카페","카페","카페",""
"official-menu-delivery-40fd3df7a987bab7","사과젤리 복숭아스무디","빽다방","카페","음료","음료",""
"official-menu-delivery-419e435976527202","오레오크런치 소프트","빽다방","카페","디저트","디저트",""
"official-menu-delivery-41a38a1740cf2f5e","말차빽스치노(SOFT)","빽다방","카페","음료","음료",""
"official-menu-delivery-42b714db3382f911","디카페인 헤이즐넛 아메리카노(ICED)","빽다방","카페","카페","카페",""
"official-menu-delivery-42b769880b26ed3d","아망추 (아이스티 + 망고추가)","빽다방","카페","음료","음료",""
"official-menu-delivery-4384a65dbaf396ed","깔라만시티(HOT)","빽다방","카페","음료","음료",""
"official-menu-delivery-4497460224c4206e","애플스무디","빽다방","카페","음료","음료",""
"official-menu-delivery-4513c802425f1b6f","바나나 밀크쉐이크","빽다방","카페","음료","음료",""
"official-menu-delivery-4587001591dc4dfb","크리미슈","빽다방","카페","디저트","디저트",""
"official-menu-delivery-45ff1bb6a07e83bd","생크림 카페라떼(ICED)","빽다방","카페","카페","카페",""
"official-menu-delivery-4732e2feacd6e9fc","원조빽스치노(BASIC)","빽다방","카페","음료","음료",""
"official-menu-delivery-484d1bb6110fe6fb","깔라만시티(ICED)","빽다방","카페","음료","음료",""
"official-menu-delivery-49044b0dba389e84","블랙 벨벳 말차라떼 HOT","빽다방","카페","카페","카페",""
"official-menu-delivery-497df550a704f70b","크리미단팥빵","빽다방","카페","디저트","디저트",""
"official-menu-delivery-4b30528cd40e73a3","바나나 카페라떼(ICED)","빽다방","카페","카페","카페",""
"official-menu-delivery-4b57c83e881f62e5","디카페인 아이스크림카페모카(ICED)","빽다방","카페","카페","카페",""
"official-menu-delivery-4b87804e7ec9e0cf","망고치즈 요거트 아이스크림","빽다방","카페","디저트","디저트",""
"official-menu-delivery-4bc85b3d864fbea9","챔피언스 블랙 벨벳 라떼 ICED","빽다방","카페","카페","카페",""
"official-menu-delivery-4be4e693c5d39a2f","디카페인 바닐라라떼(ICED)","빽다방","카페","카페","카페",""
"official-menu-delivery-4cb04492de6cff03","딸기치즈 소프트","빽다방","카페","디저트","디저트",""
"official-menu-delivery-4e1a892bcdb05fa4","딸기 빽스치노(BASIC)","빽다방","카페","음료","음료",""
"official-menu-delivery-4e5751cb3b2530e6","밀크티(ICED)","빽다방","카페","음료","음료",""
"official-menu-delivery-4f154d6f80921b73","치즈홀릭 바움쿠헨","빽다방","카페","디저트","디저트",""
"official-menu-delivery-50a9c6cb0d3f146f","디카페인 카라멜 마키아또(HOT)","빽다방","카페","카페","카페",""
"official-menu-delivery-50f6223ac40c4511","망고패션스무디 (ICED)","빽다방","카페","음료","음료",""
"official-menu-delivery-52cb78d96fe21e85","고구마스무디","빽다방","카페","음료","음료",""
"official-menu-delivery-52f18cbda8d136b7","딸기바나나빽스치노(SOFT)","빽다방","카페","음료","음료",""
"official-menu-delivery-532a06af170f985e","빽사이즈 아망추","빽다방","카페","음료","음료",""
"official-menu-delivery-535ea03d5c5e7f30","제로슈거 매실티 ICED","빽다방","카페","음료","음료",""
"official-menu-delivery-53f35115280373a1","아임파인민트티(HOT)","빽다방","카페","음료","음료",""
"official-menu-delivery-5463ad332d3f3852","팥절미 요거트아이스크림","빽다방","카페","디저트","디저트",""
"official-menu-delivery-54812b53a45b0060","토피넛라떼(ICED)","빽다방","카페","카페","카페",""
"official-menu-delivery-549e9d9b8d481d42","원조 소프트","빽다방","카페","디저트","디저트",""
"official-menu-delivery-555d4bb81c12eea9","딸기바나나빽스치노(BASIC)","빽다방","카페","음료","음료",""
"official-menu-delivery-559ea8ca746ae1d8","카라멜마키아또(HOT)","빽다방","카페","카페","카페",""
"official-menu-delivery-564f435d1a0af2e9","제로슈거 자몽티(HOT)","빽다방","카페","음료","음료",""
"official-menu-delivery-5665f31e256173b4","바나나 커피쉐이크","빽다방","카페","카페","카페",""
"official-menu-delivery-569c140b395d6bc7","빽사이즈 바닐라라떼(ICED)","빽다방","카페","카페","카페",""
"official-menu-delivery-56af534695d1b45b","생크림 아메리카노(ICED)","빽다방","카페","카페","카페",""
"official-menu-delivery-56b7b8baa9594075","바나나 라떼(HOT)","빽다방","카페","카페","카페",""
"official-menu-delivery-577d6db7fe6f53ea","초코라떼(HOT)","빽다방","카페","카페","카페",""
"official-menu-delivery-58738bf26b28972d","디카페인 콜드브루라떼(ICED)","빽다방","카페","카페","카페",""
"official-menu-delivery-58c822608f990176","우리수박주스","빽다방","카페","음료","음료",""
"official-menu-delivery-5942fb0fcc993e4d","바나나 라떼(ICED)","빽다방","카페","카페","카페",""
"official-menu-delivery-5c357c8ce7df7e47","디카페인 콜드브루 흑당라떼(HOT)","빽다방","카페","카페","카페",""
"official-menu-delivery-5e928f32b80e2e42","우리사과주스","빽다방","카페","음료","음료",""
"official-menu-delivery-5f16e31186f4298a","딸기쿠키 요거트아이스크림","빽다방","카페","디저트","디저트",""
"official-menu-delivery-60566412a2c015be","바나나 카페라떼(HOT)","빽다방","카페","카페","카페",""
"official-menu-delivery-60b2acd3c21ddc50","커스터드홀릭 바움쿠헨","빽다방","카페","디저트","디저트",""
"official-menu-delivery-61595dd666532f9a","카라멜마키아또(ICED)","빽다방","카페","카페","카페",""
"official-menu-delivery-61b185d2718ce8c7","유자에이드(ICED)","빽다방","카페","음료","음료",""
"official-menu-delivery-62072c99b493001d","디카페인 꿀아메리카노(ICED)","빽다방","카페","카페","카페",""
"official-menu-delivery-64ed93923a3f9d42","디카페인 코코넛카페라떼(ICED)","빽다방","카페","카페","카페",""
"official-menu-delivery-64ef3c466efdcf71","레몬얼그레이티(HOT)","빽다방","카페","음료","음료",""
"official-menu-delivery-6530fe938eaca1a8","블루레몬에이드(ICED)","빽다방","카페","음료","음료",""
"official-menu-delivery-6534835407dc9462","디카페인 빽사이즈 카페라떼(ICED)","빽다방","카페","카페","카페",""
"official-menu-delivery-65503343030834e3","디카페인 달달연유라떼(ICED)","빽다방","카페","카페","카페",""
"official-menu-delivery-65c629683cd7c682","딸기치즈 요거트아이스크림","빽다방","카페","디저트","디저트",""
"official-menu-delivery-66ec99694273345e","콘앙금쫀득볼","빽다방","카페","디저트","디저트",""
"official-menu-delivery-6785d5fb2b666d8c","프로틴쉐이크 바나나","빽다방","카페","음료","음료",""
"official-menu-delivery-683b10b23163a40f","딸기 빽스치노(SOFT)","빽다방","카페","음료","음료",""
"official-menu-delivery-6a4e32e1bf6625f2","빽사이즈 초코라떼(ICED)","빽다방","카페","카페","카페",""
"official-menu-delivery-6bbe43aaae9c6241","바닐라 빽스치노(BASIC)","빽다방","카페","음료","음료",""
"official-menu-delivery-6c690a0944dc2efe","소프트 아이스크림","빽다방","카페","디저트","디저트",""
"official-menu-delivery-6cbf1b04edee852f","빽사이즈 원조커피(ICED)","빽다방","카페","카페","카페",""
"official-menu-delivery-6d0a88690be6ea5f","우롱티(HOT)","빽다방","카페","음료","음료",""
"official-menu-delivery-6d4e6e1bad6fb27a","망고망고 요거트아이스크림","빽다방","카페","디저트","디저트",""
"official-menu-delivery-6ddb0f6817426daf","아이스크러시 복숭아","빽다방","카페","음료","음료",""
"official-menu-delivery-6f18b3599446471e","디카페인 빽사이즈 아이스티샷 망고추가","빽다방","카페","카페","카페",""
"official-menu-delivery-6fdc7b5cdbfe0fd8","망고 컵빙수","빽다방","카페","디저트","디저트",""
"official-menu-delivery-70a3128d2d1ad12a","딸기젤라또 파르페","빽다방","카페","음료","음료",""
"official-menu-delivery-70d1d12320bee28c","디카페인 빽사이즈 아이스티샷추가(ICED)","빽다방","카페","카페","카페",""
"official-menu-delivery-71123ed0dd13d970","흑당버블 카페라떼(ICED)","빽다방","카페","카페","카페",""
"official-menu-delivery-719fea3a34e179fc","토피넛라떼(HOT)","빽다방","카페","카페","카페",""
"official-menu-delivery-72672e959fc878f4","꿀밤스무디","빽다방","카페","음료","음료",""
"official-menu-delivery-72948e2e80b57231","망고 주스(ICED)","빽다방","카페","음료","음료",""
"official-menu-delivery-7493d600539da3da","헤이즐넛라떼(HOT)","빽다방","카페","카페","카페",""
"official-menu-delivery-757f1972e79035bf","민트초코빽스치노(SOFT)","빽다방","카페","음료","음료",""
"official-menu-delivery-75aafad04c626d57","피스타치오 생크림 카페라떼(ICED)","빽다방","카페","카페","카페",""
"official-menu-delivery-75b29e027067ad4e","바닐라라떼(ICED)","빽다방","카페","카페","카페",""
"official-menu-delivery-7608260cf32e79de","골든자바칩 스무디","빽다방","카페","음료","음료",""
"official-menu-delivery-760c7095fc5adf51","꿀아메리카노(HOT)","빽다방","카페","카페","카페",""
"official-menu-delivery-761d309394e9bea6","포도 소다","빽다방","카페","음료","음료",""
"official-menu-delivery-76ca1188fcb3d9d9","디카페인 콜드브루(ICED)","빽다방","카페","카페","카페",""
"official-menu-delivery-76da28494886f3ac","아이스미초(ICED)","빽다방","카페","음료","음료",""
"official-menu-delivery-77e2fe57e7371a43","바닐라 빽스치노(SOFT)","빽다방","카페","음료","음료",""
"official-menu-delivery-783a68d71d1756ae","카페모카(ICED)","빽다방","카페","카페","카페",""
"official-menu-delivery-78697a385da36d44","자몽에이드(ICED)","빽다방","카페","음료","음료",""
"official-menu-delivery-78fc759f7e4f0603","초코브라우니 소프트","빽다방","카페","디저트","디저트",""
"official-menu-delivery-7bdcabfa2e43f010","아이스크림 우베라떼(ICED)","빽다방","카페","카페","카페",""
"official-menu-delivery-7c0c05dbc707655a","블루베리 주스(ICED)","빽다방","카페","음료","음료",""
"official-menu-delivery-7c46da3b0e00fa57","바닐라라떼(HOT)","빽다방","카페","카페","카페",""
"official-menu-delivery-7c4a70a34d37b7e6","자몽티(HOT)","빽다방","카페","음료","음료",""
"official-menu-delivery-7da8bdc6a2b470df","통단팥 쉐이크","빽다방","카페","음료","음료",""
"official-menu-delivery-7dc0679e17fe9a4a","디카페인 빽사이즈 바닐라라떼(ICED)","빽다방","카페","카페","카페",""
"official-menu-delivery-7ddf5d966c41d9de","황금캐모마일티(HOT)","빽다방","카페","음료","음료",""
"official-menu-delivery-7e9fa6b79700a877","초코브라우니 요거트 아이스크림","빽다방","카페","디저트","디저트",""
"official-menu-delivery-7eb874026a202c93","디카페인 아이스티샷추가(아샷추)","빽다방","카페","카페","카페",""
"official-menu-delivery-7f8ea655ed600a71","피치우롱스위티(HOT)","빽다방","카페","음료","음료",""
"official-menu-delivery-814201284cf381ab","황금캐모마일티(ICED)","빽다방","카페","음료","음료",""
"official-menu-delivery-821a4124ae21bb2c","초코빽스치노(SOFT)","빽다방","카페","음료","음료",""
"official-menu-delivery-828720298839741c","미초(석류)에이드(ICED)","빽다방","카페","음료","음료",""
"official-menu-delivery-83481f19ebec2f7a","제로슈거 매실티 HOT","빽다방","카페","음료","음료",""
"official-menu-delivery-835ad272728dae6c","율무라떼(ICED)","빽다방","카페","카페","카페",""
"official-menu-delivery-847bd702ca283a85","디카페인 흑당버블 카페라떼","빽다방","카페","카페","카페",""
"official-menu-delivery-85b3a4aac9c2d9a0","멜론 소다","빽다방","카페","음료","음료",""
"official-menu-delivery-892c61a6e2ac2530","파인애플스무디(ICED)","빽다방","카페","음료","음료",""
"official-menu-delivery-8a081a7dbb2eda5a","베리크런치 소프트","빽다방","카페","디저트","디저트",""
"official-menu-delivery-8a268a5776721e8d","말차 요거트 아이스크림","빽다방","카페","디저트","디저트",""
"official-menu-delivery-8ab321b2243cc22c","제로슈거 납작복숭아 아.샷.추","빽다방","카페","음료","음료",""
"official-menu-delivery-8adc74da754b5301","디카페인 콜드브루 흑당라떼(ICED)","빽다방","카페","카페","카페",""
"official-menu-delivery-8af5f9f1d02e6bc7","콜드브루 연유라떼(HOT)","빽다방","카페","카페","카페",""
"official-menu-delivery-8d54059a09679ea0","말차 소프트","빽다방","카페","디저트","디저트",""
"official-menu-delivery-8d5cf7512b4b0d89","카페라떼(HOT)","빽다방","카페","카페","카페",""
"official-menu-delivery-8ddac8abeb26b857","콘치즈쫀득볼","빽다방","카페","디저트","디저트",""
"official-menu-delivery-8eecd28a726a4ddb","끼리 쿠키앤크림 스틱 치즈케익","빽다방","카페","디저트","디저트",""
"official-menu-delivery-8f2520a24673086c","디카페인 에스프레소 소프트","빽다방","카페","디저트","디저트",""
"official-menu-delivery-90f4a1eec03020bd","디카페인 아메리카노(HOT)","빽다방","카페","카페","카페",""
"official-menu-delivery-91e056be90e0f15d","디카페인 크리미 콜드브루 카라멜","빽다방","카페","카페","카페",""
"official-menu-delivery-922e16d9a38b2d1d","레몬티(ICED)","빽다방","카페","음료","음료",""
"official-menu-delivery-9289061cbfb742e4","아이스크림카페라떼(ICED)","빽다방","카페","카페","카페",""
"official-menu-delivery-9294642421050b65","말차크림망고스무디(ICED)","빽다방","카페","음료","음료",""
"official-menu-delivery-935d4fa5628d625a","생강차(HOT)","빽다방","카페","음료","음료",""
"official-menu-delivery-93ac5876e3b9d88f","레드핫 빽그램 핫도그","빽다방","카페","디저트","디저트",""
"official-menu-delivery-949f5ba0c4eab449","쌍화차(ICED)","빽다방","카페","음료","음료",""
"official-menu-delivery-94f49bf405368722","초코츄러스쫀득볼","빽다방","카페","디저트","디저트",""
"official-menu-delivery-95a8d318855b4db1","쿨라임스무디","빽다방","카페","음료","음료",""
"official-menu-delivery-95c8db6abf6eacb9","골드 키위 주스","빽다방","카페","음료","음료",""
"official-menu-delivery-991e03f6e2001abf","딸기요거트스무디(ICED)","빽다방","카페","음료","음료",""
"official-menu-delivery-992dafbf3d946246","퐁당치노(미숫가루)","빽다방","카페","음료","음료",""
"official-menu-delivery-9960c05a75125458","빽사이즈 미숫가루(ICED)","빽다방","카페","음료","음료",""
"official-menu-delivery-9a99bf34a17b92fd","디카페인 코코넛카페라떼(HOT)","빽다방","카페","카페","카페",""
"official-menu-delivery-9b54fe962d6ea09f","딸기라떼(ICED)","빽다방","카페","카페","카페",""
"official-menu-delivery-9bf00e2d1259fa9a","제로슈거 자몽티(ICED)","빽다방","카페","음료","음료",""
"official-menu-delivery-9c63113a5de89eb5","원조빽스치노(SOFT)","빽다방","카페","음료","음료",""
"official-menu-delivery-9d399629be4f859e","요거트 아이스크림","빽다방","카페","디저트","디저트",""
"official-menu-delivery-9de04b65c75c97ff","아이스크림바닐라라떼(ICED)","빽다방","카페","카페","카페",""
"official-menu-delivery-9e2c3b11eb3f7bb5","말차쿠키 소프트","빽다방","카페","디저트","디저트",""
"official-menu-delivery-9e4bad1077534e5b","대추차(HOT)","빽다방","카페","음료","음료",""
"official-menu-delivery-9e5478b5580054fa","쿨라임에이드","빽다방","카페","음료","음료",""
"official-menu-delivery-9ed30a4f9bde063b","제로슈거 레모네이드","빽다방","카페","음료","음료",""
"official-menu-delivery-9fbc05c932f7f408","애사비(ICED)","빽다방","카페","음료","음료",""
"official-menu-delivery-a0491efc3eb49bb4","통단팥컵빙수","빽다방","카페","디저트","디저트",""
"official-menu-delivery-a0a6ae4abdce43df","디카페인 바닐라커피 빽스치노(SOFT)","빽다방","카페","카페","카페",""
"official-menu-delivery-a1acb03a670125bf","디카페인 바나나카페라떼(HOT)","빽다방","카페","카페","카페",""
"official-menu-delivery-a3072b3f27f60889","말차쿠키 요거트아이스크림","빽다방","카페","디저트","디저트",""
"official-menu-delivery-a4740645ed514a75","우롱티(ICED)","빽다방","카페","음료","음료",""
"official-menu-delivery-a4ed2cfc65d9c3b1","디카페인 챔피언스 블랙 벨벳 라떼 ICED","빽다방","카페","카페","카페",""
"official-menu-delivery-a51fb8b7f48b5fc2","원조커피(HOT)","빽다방","카페","카페","카페",""
"official-menu-delivery-a56b2f9a773917a6","꿀초링 요거트 아이스크림","빽다방","카페","디저트","디저트",""
"official-menu-delivery-a572970a8b5af8de","카페라떼(ICED)","빽다방","카페","카페","카페",""
"official-menu-delivery-a62cb40479351221","디카페인 챔피언스 블랙 벨벳 라떼 HOT","빽다방","카페","카페","카페",""
"official-menu-delivery-a878d5f4c4f5c410","딸기콕콕 요거트아이스크림","빽다방","카페","디저트","디저트",""
"official-menu-delivery-a8a4b6c1149125e6","초코빽스치노(BASIC)","빽다방","카페","음료","음료",""
"official-menu-delivery-a9f2374c559d4f08","블루베리치즈 요거트 아이스크림","빽다방","카페","디저트","디저트",""
"official-menu-delivery-aa15e98da75d5b60","디카페인 생크림 카페라떼(ICED)","빽다방","카페","카페","카페",""
"official-menu-delivery-aa161dd6bdab8474","포도주스","빽다방","카페","음료","음료",""
"official-menu-delivery-aa3be376ad614c22","토마토 주스(ICED)","빽다방","카페","음료","음료",""
"official-menu-delivery-aabb25a837cca854","오렌지자몽블랙티(ICED)","빽다방","카페","음료","음료",""
"official-menu-delivery-abd27a01117f64ee","아이스크림카페모카(ICED)","빽다방","카페","카페","카페",""
"official-menu-delivery-ac2ce4b70f57a000","에어폼 아메리카노(ICED)","빽다방","카페","카페","카페",""
"official-menu-delivery-ac6b90b3ceeac539","블랙 벨벳 자바칩빽스치노 소프트","빽다방","카페","음료","음료",""
"official-menu-delivery-ad5b0761fbaab675","딸기복숭아 루이보스티","빽다방","카페","음료","음료",""
"official-menu-delivery-ae0ce4397e065a59","디카페인 꿀아메리카노(HOT)","빽다방","카페","카페","카페",""
"official-menu-delivery-ae25b22edde8e766","퐁당치노(원조커피)","빽다방","카페","카페","카페",""
"official-menu-delivery-ae9acfdea65ffa7f","쫀득 고구마빵","빽다방","카페","디저트","디저트",""
"official-menu-delivery-aef53eb662e82712","디카페인 바나나커피쉐이크","빽다방","카페","카페","카페",""
"official-menu-delivery-af2adc2ba63bed94","사과젤리 청포도스무디","빽다방","카페","음료","음료",""
"official-menu-delivery-b04551d6949765e3","콜드브루(ICED)","빽다방","카페","카페","카페",""
"official-menu-delivery-b0bf91f6910efceb","고메버터소금빵","빽다방","카페","디저트","디저트",""
"official-menu-delivery-b0c66c783b6d3675","바닐라커피 빽스치노(SOFT)","빽다방","카페","카페","카페",""
"official-menu-delivery-b0f7364cf0a699ff","페퍼민트티(HOT)","빽다방","카페","음료","음료",""
"official-menu-delivery-b19c1dcb8b4ac8fa","피스타치오 생크림 초코라떼(ICED)","빽다방","카페","카페","카페",""
"official-menu-delivery-b2320d6d4c10be3d","식혜(ICED)","빽다방","카페","음료","음료",""
"official-menu-delivery-b43b211bdc0e39b5","디카페인 카페라떼(ICED)","빽다방","카페","카페","카페",""
"official-menu-delivery-b4fe9d7d47c36d5b","호두카라멜 시나몬롤","빽다방","카페","디저트","디저트",""
"official-menu-delivery-b55a15f50f523ca8","피스타치오쫀득초코 요거트아이스크림","빽다방","카페","디저트","디저트",""
"official-menu-delivery-b65148da4d479249","유자티(ICED)","빽다방","카페","음료","음료",""
"official-menu-delivery-b7bec9534ccfd954","빽사이즈 달콤아이스티(ICED)","빽다방","카페","음료","음료",""
"official-menu-delivery-b8dab7a640c4e170","크리미 콜드브루 카라멜","빽다방","카페","카페","카페",""
"official-menu-delivery-b900d8bc3e272383","초코바나나빽스치노(BASIC)","빽다방","카페","음료","음료",""
"official-menu-delivery-ba10989f385da8f2","생크림 카스텔라","빽다방","카페","디저트","디저트",""
"official-menu-delivery-ba1b6ebf512e28e8","딸기 주스(ICED)","빽다방","카페","음료","음료",""
"official-menu-delivery-ba4f551a20eb9bc2","우베라떼(ICED)","빽다방","카페","카페","카페",""
"official-menu-delivery-bba54a0877ad869a","콜드브루 오리지널 커피원액","빽다방","카페","카페","카페",""
"official-menu-delivery-bea74d3da4e428a2","아이스크러시 멜론","빽다방","카페","음료","음료",""
"official-menu-delivery-bfb4a62db71f33ef","디카페인 생크림 아메리카노(ICED)","빽다방","카페","카페","카페",""
"official-menu-delivery-bfe552773573be4c","디카페인 챔피언스 유자 아메리카노","빽다방","카페","카페","카페",""
"official-menu-delivery-c23ada4756c4ac11","생크림 우베라떼(ICED)","빽다방","카페","카페","카페",""
"official-menu-delivery-c24660964802dcac","햄치즈 샌드위치","빽다방","카페","샌드위치","샌드위치",""
"official-menu-delivery-c356a6452bffb667","프로틴쉐이크 초코","빽다방","카페","음료","음료",""
"official-menu-delivery-c3804b56f829def6","율무아몬드라떼(ICED)","빽다방","카페","카페","카페",""
"official-menu-delivery-c3bab5a3d6beeb48","빽사이즈 식혜(ICED)","빽다방","카페","음료","음료",""
"official-menu-delivery-c42bf370004331f6","카페모카(HOT)","빽다방","카페","카페","카페",""
"official-menu-delivery-c5013f57c2cab46c","디카페인 바나나카페라떼(ICED)","빽다방","카페","카페","카페",""
"official-menu-delivery-c58f2032a7516e7b","고구마라떼(ICED)","빽다방","카페","카페","카페",""
"official-menu-delivery-c64d034b4d3cf9ac","피스타치오쫀득초코 소프트","빽다방","카페","디저트","디저트",""
"official-menu-delivery-c6fcd39b25d0e187","복숭아 소다","빽다방","카페","음료","음료",""
"official-menu-delivery-c808fb52309be345","딸기앤쿠키 쉐이크","빽다방","카페","음료","음료",""
"official-menu-delivery-c831d507ca1400bb","블루베리요거트스무디(ICED)","빽다방","카페","음료","음료",""
"official-menu-delivery-c851480dc8750b86","빽사이즈 카페라떼(ICED)","빽다방","카페","카페","카페",""
"official-menu-delivery-c96db5c37d011251","빽사이즈 아이스티샷 망고추가(ICED)","빽다방","카페","카페","카페",""
"official-menu-delivery-c9903f22267b99fb","디카페인 바닐라라떼(HOT)","빽다방","카페","카페","카페",""
"official-menu-delivery-c9f9ae50ad96cae8","블루베리 컵빙수","빽다방","카페","디저트","디저트",""
"official-menu-delivery-cbf122bfb7e8405e","제로슈거 납작복숭아 아이스티","빽다방","카페","음료","음료",""
"official-menu-delivery-cc0ca1bd26a4f0c6","디카페인 아이스크림 바닐라라떼","빽다방","카페","카페","카페",""
"official-menu-delivery-cc557103bedbbdb6","오렌지자몽블랙티(HOT)","빽다방","카페","음료","음료",""
"official-menu-delivery-cd4fab6def3fedd7","말차라떼(ICED)","빽다방","카페","카페","카페",""
"official-menu-delivery-cf0b89271eccef38","디카페인 헤이즐넛라떼(ICED)","빽다방","카페","카페","카페",""
"official-menu-delivery-cf4b16c0574b25bf","콜드브루 흑당라떼(HOT)","빽다방","카페","카페","카페",""
"official-menu-delivery-cffdb571d99b9b62","청포도에이드(ICED)","빽다방","카페","음료","음료",""
"official-menu-delivery-d047a36582e72591","민트초코라떼(ICED)","빽다방","카페","카페","카페",""
"official-menu-delivery-d04dc4ddd9526059","초코홀릭 바움쿠헨","빽다방","카페","디저트","디저트",""
"official-menu-delivery-d128f58a4885c173","말차빽스치노(BASIC)","빽다방","카페","음료","음료",""
"official-menu-delivery-d14bedc399c625f0","페퍼민트티(ICED)","빽다방","카페","음료","음료",""
"official-menu-delivery-d22e113cc33340ba","망고망고 소프트","빽다방","카페","디저트","디저트",""
"official-menu-delivery-d25f81168da8a917","디카페인 콜드브루(HOT)","빽다방","카페","카페","카페",""
"official-menu-delivery-d28ea66a5c3af80f","쌍화라떼(HOT)","빽다방","카페","카페","카페",""
"official-menu-delivery-d2c0840bce0d591e","율무아몬드라떼(HOT)","빽다방","카페","카페","카페",""
"official-menu-delivery-d460c44e883e712a","쌍화라떼(ICED)","빽다방","카페","카페","카페",""
"official-menu-delivery-d56cb9080ca172cb","디카페인 코코넛커피스무디","빽다방","카페","카페","카페",""
"official-menu-delivery-d62f6b635f7c0784","디카페인 카페라떼(HOT)","빽다방","카페","카페","카페",""
"official-menu-delivery-d6b683a01e804721","딸기 소프트","빽다방","카페","디저트","디저트",""
"official-menu-delivery-d7853fe877154233","디카페인 카라멜 마키아또(ICED)","빽다방","카페","카페","카페",""
"official-menu-delivery-d7908641dc57e936","블랙 벨벳 말차라떼 ICED","빽다방","카페","카페","카페",""
"official-menu-delivery-d840e7bba7377ec1","블랙 벨벳 자바칩빽스치노","빽다방","카페","음료","음료",""
"official-menu-delivery-d87b874019f80f29","밀크티(HOT)","빽다방","카페","음료","음료",""
"official-menu-delivery-d946c1927251b74d","쫀득 감자빵","빽다방","카페","디저트","디저트",""
"official-menu-delivery-d98193a724dbfb54","꿀밤라떼(HOT)","빽다방","카페","카페","카페",""
"official-menu-delivery-d9f08654f8da2957","챔피언스 유자셔벗 아메리카노","빽다방","카페","카페","카페",""
"official-menu-delivery-dba9cfa9b6c4478a","원조커피크림 미숫가루","빽다방","카페","카페","카페",""
"official-menu-delivery-dbf5a8f188bd1fcc","자몽티(ICED)","빽다방","카페","음료","음료",""
"official-menu-delivery-dc067a6fd9541f6d","디카페인 바닐라커피 빽스치노(BASIC)","빽다방","카페","카페","카페",""
"official-menu-delivery-dcb4072824d4a5cc","아임파인민트티(ICED)","빽다방","카페","음료","음료",""
"official-menu-delivery-dcedaec0ee9414ba","제로슈거 자몽에이드(ICED)","빽다방","카페","음료","음료",""
"official-menu-delivery-de4aff7771aa14c0","대추라떼(ICED)","빽다방","카페","카페","카페",""
"official-menu-delivery-df535437465862ef","디카페인 크리미 콜드브루 바닐라","빽다방","카페","카페","카페",""
"official-menu-delivery-e05c24bb2de5d58e","원조커피크림 라떼","빽다방","카페","카페","카페",""
"official-menu-delivery-e094ce1b10ec9917","김천 자두 주스","빽다방","카페","음료","음료",""
"official-menu-delivery-e0b9160156af26eb","제로슈거 레몬티(HOT)","빽다방","카페","음료","음료",""
"official-menu-delivery-e0c580eda9e31fa6","콜드브루라떼(HOT)","빽다방","카페","카페","카페",""
"official-menu-delivery-e1d9ecf6e2087e53","율무라떼(HOT)","빽다방","카페","카페","카페",""
"official-menu-delivery-e245e58ee1d30b09","꿀밤라떼(ICED)","빽다방","카페","카페","카페",""
"official-menu-delivery-e2b9271fde5dc65b","디카페인 피스타치오 생크림 카페라떼(ICED)","빽다방","카페","카페","카페",""
"official-menu-delivery-e2cb3f0e9afbe6a7","딸기에이드(ICED)","빽다방","카페","음료","음료",""
"official-menu-delivery-e2d2f948514d3398","코코넛카페라떼(ICED)","빽다방","카페","카페","카페",""
"official-menu-delivery-e501e93da2b2ff28","쿠키크런치빽스치노(SOFT)","빽다방","카페","음료","음료",""
"official-menu-delivery-e540637ac3498c53","아메리카노(ICED)","빽다방","카페","카페","카페",""
"official-menu-delivery-e66b02e878fe20e9","레드불 에이드(ICED)","빽다방","카페","음료","음료",""
"official-menu-delivery-e7e34915123270fb","수정과(ICED)","빽다방","카페","음료","음료",""
"official-menu-delivery-e804e6e1173c2141","복숭아 아이스티","빽다방","카페","음료","음료",""
"official-menu-delivery-e815e43a1f3dd27f","제주감귤주스(ICED)","빽다방","카페","음료","음료",""
"official-menu-delivery-e8d4cd35015c3fb5","퐁당치노(바닐라)","빽다방","카페","음료","음료",""
"official-menu-delivery-e8dceb50fdeafbde","고구마라떼(HOT)","빽다방","카페","카페","카페",""
"official-menu-delivery-eb878b3d7f20f20f","딸기젤라또 레몬스무디","빽다방","카페","음료","음료",""
"official-menu-delivery-ebdd177d8d827567","생강차(ICED)","빽다방","카페","음료","음료",""
"official-menu-delivery-ed1b7645423a370e","데니쉬 몽블랑","빽다방","카페","디저트","디저트",""
"official-menu-delivery-ed9b343b880f3cea","쿠키크런치빽스치노(BASIC)","빽다방","카페","음료","음료",""
"official-menu-delivery-ee2ea6b9f4fbd311","달달연유라떼(HOT)","빽다방","카페","카페","카페",""
"official-menu-delivery-eee704ad9b998cab","디카페인 챔피언스 유자셔벗 아메리카노","빽다방","카페","카페","카페",""
"official-menu-delivery-ef0348da1b821668","아메리카노(HOT)","빽다방","카페","카페","카페",""
"official-menu-delivery-ef21cdbf871ca31b","수박망고아이스티","빽다방","카페","음료","음료",""
"official-menu-delivery-f0148af40ebf619d","헤이즐넛라떼(ICED)","빽다방","카페","카페","카페",""
"official-menu-delivery-f28977195952a369","빽사이즈 딸기라떼(ICED)","빽다방","카페","카페","카페",""
"official-menu-delivery-f613c6efa42da1c5","민트초코라떼(HOT)","빽다방","카페","카페","카페",""
"official-menu-delivery-f68a8ac3e40df473","코코넛카페라떼(HOT)","빽다방","카페","카페","카페",""
"official-menu-delivery-f6f3270a140afa7f","청포도플라워(ICED)","빽다방","카페","음료","음료",""
"official-menu-delivery-f752d1698473cbf1","메리 더블넛츠 초코라떼(ICED)","빽다방","카페","카페","카페",""
"official-menu-delivery-f88f1274b64fc6b7","레몬티(HOT)","빽다방","카페","음료","음료",""
"official-menu-delivery-f966357787d74372","빽사이즈 아메리카노(ICED)","빽다방","카페","카페","카페",""
"official-menu-delivery-f9d570208dfa114a","원조커피(ICED)","빽다방","카페","카페","카페",""
"official-menu-delivery-fb1c5475f13cc8cf","대추라떼(HOT)","빽다방","카페","카페","카페",""
"official-menu-delivery-fb8f590ddbb1fdc6","에스프레소 소프트","빽다방","카페","디저트","디저트",""
"official-menu-delivery-fb9e2b1f04318b13","챔피언스 유자 아메리카노","빽다방","카페","카페","카페",""
"official-menu-delivery-fbbf20d6c2ba42b0","피치우롱스위티(ICED)","빽다방","카페","음료","음료",""
"official-menu-delivery-fc49ec4adb11fc07","붕어빵(팥)","빽다방","카페","디저트","디저트",""
"official-menu-delivery-fcee38b2f51a05eb","콜드브루 디카페인 커피원액","빽다방","카페","카페","카페",""
"official-menu-delivery-fdbf705ea9c908e4","챔피언스 블랙 벨벳 라떼 HOT","빽다방","카페","카페","카페",""
"official-menu-delivery-00b11c650b1c20ec","바나나카페라떼","배스킨라빈스","아이스크림","카페","카페",""
"official-menu-delivery-0452f9442e5dc711","밀크 쉐이크","배스킨라빈스","아이스크림","음료","음료",""
"official-menu-delivery-05d3fda29bed38b4","레디팩 (체리쥬빌레)","배스킨라빈스","아이스크림","아이스크림","아이스크림",""
"official-menu-delivery-06596a5671b1cba0","아이스 모나카 쫀떡 인절미","배스킨라빈스","아이스크림","디저트","디저트",""
"official-menu-delivery-0e31f34ed0a05aac","곰돌이푸의 스윗 파티","배스킨라빈스","아이스크림","디저트","디저트",""
"official-menu-delivery-0ea7dfae4a7ce9a8","맥심 스틱바 모카골드 마일드","배스킨라빈스","아이스크림","디저트","디저트",""
"official-menu-delivery-0ec2f01dcafb768c","몬가 귀여운 몬치치","배스킨라빈스","아이스크림","디저트","디저트",""
"official-menu-delivery-0ef0eeb7670da1fa","레디팩 (엄마는 외계인)","배스킨라빈스","아이스크림","아이스크림","아이스크림",""
"official-menu-delivery-124fab6de0681cb2","두바이 크런치 모찌 초코 헤이즐넛","배스킨라빈스","아이스크림","디저트","디저트",""
"official-menu-delivery-19874099f75fb13b","레디팩 (소금 우유)","배스킨라빈스","아이스크림","아이스크림","아이스크림",""
"official-menu-delivery-1d22593e4af64027","달콤함에 빠진 몬치치","배스킨라빈스","아이스크림","디저트","디저트",""
"official-menu-delivery-1faacf76721512e2","버터 쿠키 샌드 바닐라 카라멜","배스킨라빈스","아이스크림","디저트","디저트",""
"official-menu-delivery-2218ed3c7c9383de","아이스 마카롱 초콜릿 무스","배스킨라빈스","아이스크림","디저트","디저트",""
"official-menu-delivery-22875d9119568b25","블록팩 이상한나라의솜사탕","배스킨라빈스","아이스크림","아이스크림","아이스크림",""
"official-menu-delivery-25ec5d9113804ce0","(Lessly Edition) 블록팩 엄마는 외계인","배스킨라빈스","아이스크림","아이스크림","아이스크림",""
"official-menu-delivery-2749a4df2158cb48","블록팩 아몬드봉봉","배스킨라빈스","아이스크림","아이스크림","아이스크림",""
"official-menu-delivery-2a0ffe8db1e2cf71","아이스 쿠키 샌드 바닐라","배스킨라빈스","아이스크림","디저트","디저트",""
"official-menu-delivery-2e3d59167d8dc040","바닐라빈 라떼","배스킨라빈스","아이스크림","카페","카페",""
"official-menu-delivery-3952abcbb53c7e8c","바삭 쿠키 볼 와츄원","배스킨라빈스","아이스크림","디저트","디저트",""
"official-menu-delivery-3c532172a48c550c","초코별에서 온 엄마는 외계인","배스킨라빈스","아이스크림","디저트","디저트",""
"official-menu-delivery-42e81834d01e82e6","(Lessly Edition) 블록팩 아몬드 봉봉","배스킨라빈스","아이스크림","아이스크림","아이스크림",""
"official-menu-delivery-456a5cd451042948","우디의 후르츠 어드벤처 선데","배스킨라빈스","아이스크림","디저트","디저트",""
"official-menu-delivery-487c8f9992dfdbb6","비타 프로스티 3종","배스킨라빈스","아이스크림","음료","음료",""
"official-menu-delivery-4c73706e569985fb","레디팩 (민트 초콜릿 칩)","배스킨라빈스","아이스크림","아이스크림","아이스크림",""
"official-menu-delivery-4e7fc9a4bfa732c4","몬치치 아메리카노","배스킨라빈스","아이스크림","카페","카페",""
"official-menu-delivery-52b93298690662e1","블록팩 레인보우샤베트","배스킨라빈스","아이스크림","아이스크림","아이스크림",""
"official-menu-delivery-5443ddb0a9aaef1f","아이스 모나카 우유","배스킨라빈스","아이스크림","디저트","디저트",""
"official-menu-delivery-558576aef6cb27cc","아이스 모찌 소금우유","배스킨라빈스","아이스크림","디저트","디저트",""
"official-menu-delivery-5f2c02057395ab8f","아포가토","배스킨라빈스","아이스크림","카페","카페",""
"official-menu-delivery-61627d2c808e7afe","도쿄바나나 브륄레 랑그드샤 쿠키 샌드","배스킨라빈스","아이스크림","디저트","디저트",""
"official-menu-delivery-6483ef7e13b647ab","아몬드봉봉모찌","배스킨라빈스","아이스크림","디저트","디저트",""
"official-menu-delivery-67992de58203450e","아이스 모찌 스트로베리","배스킨라빈스","아이스크림","디저트","디저트",""
"official-menu-delivery-687508b4f10d0ddb","맥심 스틱바 슈프림골드","배스킨라빈스","아이스크림","디저트","디저트",""
"official-menu-delivery-71a62ee71045f35b","진정한 초콜릿 컬렉션","배스킨라빈스","아이스크림","디저트","디저트",""
"official-menu-delivery-7281135447f537e9","설향딸기 블라스트","배스킨라빈스","아이스크림","음료","음료",""
"official-menu-delivery-7689b2b5311d6956","몬치치 납작복숭아아이스티","배스킨라빈스","아이스크림","음료","음료",""
"official-menu-delivery-7a0d4397d65fe194","헬로키티의 스위티 데이","배스킨라빈스","아이스크림","디저트","디저트",""
"official-menu-delivery-7fe688e10d013e38","아이스 모찌 그린티","배스킨라빈스","아이스크림","디저트","디저트",""
"official-menu-delivery-85d3bc45776b8aaa","레디팩 (레인보우 샤베트)","배스킨라빈스","아이스크림","아이스크림","아이스크림",""
"official-menu-delivery-87740ae70e97209f","아이스 바움쿠헨 아몬드봉봉","배스킨라빈스","아이스크림","디저트","디저트",""
"official-menu-delivery-89cf971a18c69d2b","레디팩 (베리베리 스트로베리)","배스킨라빈스","아이스크림","아이스크림","아이스크림",""
"official-menu-delivery-8a12b5e492291700","와츄원 쉐이크","배스킨라빈스","아이스크림","음료","음료",""
"official-menu-delivery-8c296e6c9dfee50e","아이스 모찌 초코바닐라","배스킨라빈스","아이스크림","디저트","디저트",""
"official-menu-delivery-92e91eb3fa77893f","레디팩 (오레오 쿠키 앤 크림)","배스킨라빈스","아이스크림","아이스크림","아이스크림",""
"official-menu-delivery-94a6c2efce0a2395","피카츄 스틱바 바나나우유","배스킨라빈스","아이스크림","디저트","디저트",""
"official-menu-delivery-997ba5b4c23d3283","비스코프 에스프레소 앤 카라멜","배스킨라빈스","아이스크림","디저트","디저트",""
"official-menu-delivery-99f5f18a36a20445","블록팩 베리베리스트로베리","배스킨라빈스","아이스크림","아이스크림","아이스크림",""
"official-menu-delivery-9f5c023006a8ed4e","바닐라베리 마이원 케이크","배스킨라빈스","아이스크림","디저트","디저트",""
"official-menu-delivery-9fa22c176fe2ca18","산딸기연유블라스트","배스킨라빈스","아이스크림","음료","음료",""
"official-menu-delivery-a057026e5c4169d5","블록팩 민트초코봉봉","배스킨라빈스","아이스크림","아이스크림","아이스크림",""
"official-menu-delivery-a0eb7874a2578053","블록팩 엄마는외계인","배스킨라빈스","아이스크림","아이스크림","아이스크림",""
"official-menu-delivery-a21c9abf55c83492","크림 라떼","배스킨라빈스","아이스크림","카페","카페",""
"official-menu-delivery-a369432153223745","초코앤쿠키 마이원 케이크","배스킨라빈스","아이스크림","디저트","디저트",""
"official-menu-delivery-a3d1ece227d2536c","납작복숭아아샷추","배스킨라빈스","아이스크림","카페","카페",""
"official-menu-delivery-a3dc6e3a4f518206","레디팩 (아몬드 봉봉)","배스킨라빈스","아이스크림","아이스크림","아이스크림",""
"official-menu-delivery-a6f7a1d7226caac5","딸기 연유 라떼","배스킨라빈스","아이스크림","카페","카페",""
"official-menu-delivery-ab8a13761a6f12a4","미니 아이스 스틱바 바닐라","배스킨라빈스","아이스크림","디저트","디저트",""
"official-menu-delivery-ac5bd4bb8331c912","아포가토 라떼","배스킨라빈스","아이스크림","카페","카페",""
"official-menu-delivery-acf49cc4544bca71","아이스 마카롱 크림브륄레","배스킨라빈스","아이스크림","디저트","디저트",""
"official-menu-delivery-b302f2c950dc45d3","블록팩 바람과함께사라지다","배스킨라빈스","아이스크림","아이스크림","아이스크림",""
"official-menu-delivery-b3df277787c723e9","과일 허브 티 2종 (ICED)","배스킨라빈스","아이스크림","음료","음료",""
"official-menu-delivery-b4bb7cc3efba66ec","납작복숭아 아이스티","배스킨라빈스","아이스크림","음료","음료",""
"official-menu-delivery-b651b3b963f31baa","사과 듬뿍 블라스트","배스킨라빈스","아이스크림","음료","음료",""
"official-menu-delivery-b952ed0f41a4d8c9","블록팩 초콜릿","배스킨라빈스","아이스크림","아이스크림","아이스크림",""
"official-menu-delivery-ba5b7ebb83c2b4c9","포키와 친구들의 파티 케이크!","배스킨라빈스","아이스크림","디저트","디저트",""
"official-menu-delivery-be2d005d6e33ebc8","미니 아이스 마카롱 세트 리미티드","배스킨라빈스","아이스크림","디저트","디저트",""
"official-menu-delivery-be94618b2b2ddf2f","두쫀아 모찌 피스타치오","배스킨라빈스","아이스크림","디저트","디저트",""
"official-menu-delivery-c002353c8f89443a","도쿄바나나 바삭 브륄레","배스킨라빈스","아이스크림","디저트","디저트",""
"official-menu-delivery-c09a4a2e5ae22597","골든옐로우 폼폼푸린","배스킨라빈스","아이스크림","디저트","디저트",""
"official-menu-delivery-c46ec807fb83a817","스카이블루 시나모롤","배스킨라빈스","아이스크림","디저트","디저트",""
"official-menu-delivery-c506779601567654","골라먹는 27 큐브","배스킨라빈스","아이스크림","디저트","디저트",""
"official-menu-delivery-cd0e4d5e4cf573cb","미니 아이스 마카롱 세트 시그니처","배스킨라빈스","아이스크림","디저트","디저트",""
"official-menu-delivery-cdf254de089d3c66","골라먹는 미니 와츄원","배스킨라빈스","아이스크림","디저트","디저트",""
"official-menu-delivery-d3388d4f8b26bed9","카페라떼","배스킨라빈스","아이스크림","카페","카페",""
"official-menu-delivery-d3a35c8a10b17d23","에스프레소 쿠키 크런치 모찌","배스킨라빈스","아이스크림","디저트","디저트",""
"official-menu-delivery-d53560fd879acc5a","레디팩 (31 요거트)","배스킨라빈스","아이스크림","아이스크림","아이스크림",""
"official-menu-delivery-d577e5067354fdc2","블록팩 체리쥬빌레","배스킨라빈스","아이스크림","아이스크림","아이스크림",""
"official-menu-delivery-d67cbcf1fc043b63","두바이st 선데","배스킨라빈스","아이스크림","디저트","디저트",""
"official-menu-delivery-d7d0a2e79a1a6092","연유라떼","배스킨라빈스","아이스크림","카페","카페",""
"official-menu-delivery-d7d0c113d27a3b46","아이스 모찌 크림치즈","배스킨라빈스","아이스크림","디저트","디저트",""
"official-menu-delivery-da4ffd0b8da13a96","트로피컬 티 블라스트&밀키 소다 블라스트","배스킨라빈스","아이스크림","음료","음료",""
"official-menu-delivery-db2fdbbd51800855","카푸치노 블라스트","배스킨라빈스","아이스크림","카페","카페",""
"official-menu-delivery-db390ed12bda56e4","엄마는외계인크림라떼","배스킨라빈스","아이스크림","카페","카페",""
"official-menu-delivery-deb84e17e123eaec","스트로베리말차크림라떼","배스킨라빈스","아이스크림","카페","카페",""
"official-menu-delivery-df706981a2125eae","블록팩 쿠키앤크림","배스킨라빈스","아이스크림","아이스크림","아이스크림",""
"official-menu-delivery-e2077a2cec011387","(Lessly Edition) 블록팩 민트 초콜릿 칩","배스킨라빈스","아이스크림","아이스크림","아이스크림",""
"official-menu-delivery-e299f749194c4243","카페31","배스킨라빈스","아이스크림","카페","카페",""
"official-menu-delivery-e4f28e387f56553d","스노우 볼 와츄원","배스킨라빈스","아이스크림","디저트","디저트",""
"official-menu-delivery-e7a07103358c3cd1","더 듬뿍 딸기 우유 케이크","배스킨라빈스","아이스크림","디저트","디저트",""
"official-menu-delivery-e82ab45b854b52f9","카페31 디카페인","배스킨라빈스","아이스크림","카페","카페",""
"official-menu-delivery-e9b4feb7302cd6a0","해피 버스데이닷","배스킨라빈스","아이스크림","디저트","디저트",""
"official-menu-delivery-ec03674f0905c318","과일 허브 티 2종 (HOT)","배스킨라빈스","아이스크림","음료","음료",""
"official-menu-delivery-ec3ca93c48293481","톡톡 프루티 와츄원","배스킨라빈스","아이스크림","디저트","디저트",""
"official-menu-delivery-ee8c5362a8bf6527","버즈의 인피니티 파워빔 선데","배스킨라빈스","아이스크림","디저트","디저트",""
"official-menu-delivery-f043291a76deac35","오레오 쉐이크","배스킨라빈스","아이스크림","음료","음료",""
"official-menu-delivery-f10d4aaf78ff76a5","리얼 초코 27 큐브","배스킨라빈스","아이스크림","디저트","디저트",""
"official-menu-delivery-f1ac056715dcbb1b","아이스크림 블라스트","배스킨라빈스","아이스크림","음료","음료",""
"official-menu-delivery-f492901a9f60b082","아메리카노","배스킨라빈스","아이스크림","카페","카페",""
"official-menu-delivery-f80700f16eb297d9","블록팩 뉴욕치즈케이크","배스킨라빈스","아이스크림","아이스크림","아이스크림",""
"official-menu-delivery-fb4e55c21da5918b","아이스 브라운 쿠키 밀크 샌드","배스킨라빈스","아이스크림","디저트","디저트",""
"official-menu-delivery-fc34d6a95fa2b953","더 듬뿍 프루티 케이크","배스킨라빈스","아이스크림","디저트","디저트",""
"official-menu-delivery-fca27a3722a19b89","아이스 마카롱 쿠키앤크림","배스킨라빈스","아이스크림","디저트","디저트",""
"official-menu-delivery-fcdcca5812af86ff","해-삐 잔망 루피","배스킨라빈스","아이스크림","디저트","디저트",""
"official-menu-delivery-fdba97d32040a68e","블록팩 슈팅스타","배스킨라빈스","아이스크림","아이스크림","아이스크림",""
"official-menu-delivery-042e5bf9313956e8","아이스 티트라 민트 유자티","파리바게뜨","베이커리","음료","음료",""
"official-menu-delivery-10c5b8c8ad90b848","파베블랑","파리바게뜨","베이커리","디저트","디저트",""
"official-menu-delivery-3e93ef9b02d6471e","망고밤 케이크","파리바게뜨","베이커리","디저트","디저트",""
"official-menu-delivery-5571a8bf3b290421","아워벌스데이 케이크","파리바게뜨","베이커리","디저트","디저트",""
"official-menu-delivery-6b7281384e31ed3b","1일1스틱 푸룬 젤리스틱","파리바게뜨","베이커리","디저트","디저트",""
"official-menu-delivery-82b3255701e9fc6f","구움과자 아뜰리에 (10개입)","파리바게뜨","베이커리","베이커리","베이커리",""
"official-menu-delivery-a25c66ea73dd4596","구움과자 아뜰리에 (15개입)","파리바게뜨","베이커리","베이커리","베이커리",""
"official-menu-delivery-a4c9927d59951b82","뽀로로와 놀이동산 가요","파리바게뜨","베이커리","디저트","디저트",""
"official-menu-delivery-b14b1a861367a916","썸머 복숭아 에이드","파리바게뜨","베이커리","음료","음료",""
"official-menu-delivery-bb90237c3644f70e","1일1스틱 애사비 젤리스틱","파리바게뜨","베이커리","디저트","디저트",""
"official-menu-delivery-c3dda66e0221e4a0","티트라 민트 유자티","파리바게뜨","베이커리","음료","음료",""
"official-menu-delivery-c804c435a610edc5","아이스 티트라 베르가못 밀크티","파리바게뜨","베이커리","음료","음료",""
"official-menu-delivery-c81da652ed66ff59","하트 윙크 춘식이","파리바게뜨","베이커리","디저트","디저트",""
"official-menu-delivery-d923afd9a71344f2","1일1스틱 석류 젤리스틱","파리바게뜨","베이커리","디저트","디저트",""
"official-menu-delivery-dbb321556392ca81","제주 천혜향 파운드 케익","파리바게뜨","베이커리","베이커리","베이커리",""
"official-menu-delivery-e4a09f24c721aae0","감자쫀떡(2개입)","파리바게뜨","베이커리","베이커리","베이커리",""
"official-menu-delivery-00127162f8c0a8a8","[요아정 시그니처] 망고초코쉘+내맘대로","요아정","디저트","디저트","디저트",""
"official-menu-delivery-04b87c1e14a7ab93","달달자몽의 정석","요아정","디저트","디저트","디저트",""
"official-menu-delivery-05de4d914b86bbaa","[저당 복숭아]내맘대로 복숭아 요거트 아이스크림 + 초코쉘","요아정","디저트","디저트","디저트",""
"official-menu-delivery-0935d0cc46b8beaa","허니 샤인베리 망고","요아정","디저트","디저트","디저트",""
"official-menu-delivery-0aedba801cf0f0ee","말차 인절미 팥빙수","요아정","디저트","디저트","디저트",""
"official-menu-delivery-0b94da40c4808721","자두 50g","요아정","디저트","디저트","디저트",""
"official-menu-delivery-0ce2a920a39a9d93","멜론 100g","요아정","디저트","디저트","디저트",""
"official-menu-delivery-0d08cdff82e816e9","달콤 샤인멜론볼의 정석","요아정","디저트","디저트","디저트",""
"official-menu-delivery-0e6c8b55e351a30e","해남 초당옥수수 브륄레 빙수","요아정","디저트","디저트","디저트",""
"official-menu-delivery-172f31b0b0ddbe91","무화과가 달콤하구마","요아정","디저트","디저트","디저트",""
"official-menu-delivery-1ccfa18bf34c4173","넛츠리 아사이","요아정","디저트","디저트","디저트",""
"official-menu-delivery-1d931741488b8ad6","요아정 휴닝카이 PICK","요아정","디저트","디저트","디저트",""
"official-menu-delivery-1df174669159ff83","해남 초당옥수수 브륄레 컵빙수","요아정","디저트","디저트","디저트",""
"official-menu-delivery-1e1472791fe74c15","오렌지 100g","요아정","디저트","디저트","디저트",""
"official-menu-delivery-1f7ee469ed4ffdf7","그릭 꿀 복숭아 빙수","요아정","디저트","디저트","디저트",""
"official-menu-delivery-1f8e6c79f13a535d","망고샤인바나나의 정석","요아정","디저트","디저트","디저트",""
"official-menu-delivery-218a74c291758a43","프리미엄 생망고 빙수","요아정","디저트","디저트","디저트",""
"official-menu-delivery-24cb34702e16b825","요아정 연준 PICK","요아정","디저트","디저트","디저트",""
"official-menu-delivery-292ec00ca6c742f9","흑백쿠키의 정석","요아정","디저트","디저트","디저트",""
"official-menu-delivery-29706ac9e4fa3969","요아 팥빙의 정석","요아정","디저트","디저트","디저트",""
"official-menu-delivery-2c5b485a52192119","행운 찰떡의 정석","요아정","디저트","디저트","디저트",""
"official-menu-delivery-305538f29a066b07","청포도 100g","요아정","디저트","디저트","디저트",""
"official-menu-delivery-3af45a2792824d80","무화과 50g","요아정","디저트","디저트","디저트",""
"official-menu-delivery-3be3fbdc1c431f5d","말차오렌지링 아사이","요아정","디저트","디저트","디저트",""
"official-menu-delivery-3c7390d63fc16a05","와르르 리얼 수박 빙수","요아정","디저트","디저트","디저트",""
"official-menu-delivery-3eab21548bb11a47","쫀득 인절미 팥 컵빙수","요아정","디저트","디저트","디저트",""
"official-menu-delivery-3ead333f742bdf37","망고의 정석","요아정","디저트","디저트","디저트",""
"official-menu-delivery-4065a2e03b70c914","빠삭말차 초코쉘의 정석","요아정","디저트","디저트","디저트",""
"official-menu-delivery-41ff02a1c727ab9e","프리미엄 생망고 컵빙수","요아정","디저트","디저트","디저트",""
"official-menu-delivery-45f2405313c9015f","그릭통통 복숭아","요아정","디저트","디저트","디저트",""
"official-menu-delivery-4649fdae5e516b96","황치즈 미쯔 빙수","요아정","디저트","디저트","디저트",""
"official-menu-delivery-4e9f84d166a4b7d3","새콤달콤의 정석","요아정","디저트","디저트","디저트",""
"official-menu-delivery-4ff9abb121f2135f","민초의 정석","요아정","디저트","디저트","디저트",""
"official-menu-delivery-52a7bf16046d04fc","리얼 꿀 자몽 빙수","요아정","디저트","디저트","디저트",""
"official-menu-delivery-557b9bc3f9c896ea","블랙사파이어포도 100g","요아정","디저트","디저트","디저트",""
"official-menu-delivery-563ac01d80fdaa7d","달콤모닝의 정석","요아정","디저트","디저트","디저트",""
"official-menu-delivery-5d9e3fcfb4167ec5","골드망고 (1/2)100g","요아정","디저트","디저트","디저트",""
"official-menu-delivery-612486637e453a28","클래식 아사이","요아정","디저트","디저트","디저트",""
"official-menu-delivery-626f25d3390672cb","빠작 바나나 브륄레","요아정","디저트","디저트","디저트",""
"official-menu-delivery-69263f3ece75fb8a","Individuality의 정석","요아정","디저트","디저트","디저트",""
"official-menu-delivery-6ab6ae3f271b0c60","애플망고 (1/2)100g","요아정","디저트","디저트","디저트",""
"official-menu-delivery-6ad42ecfb810928f","멜론의 정석","요아정","디저트","디저트","디저트",""
"official-menu-delivery-73d8e042c81bdd10","와르르 리얼 수박 컵빙수","요아정","디저트","디저트","디저트",""
"official-menu-delivery-74cce772f346f7f6","트윈베리 아사이","요아정","디저트","디저트","디저트",""
"official-menu-delivery-75f650966617e513","자몽 100g","요아정","디저트","디저트","디저트",""
"official-menu-delivery-7b9f3d9e259c4591","황치즈 미쯔 요아정","요아정","디저트","디저트","디저트",""
"official-menu-delivery-7ce8706eadb34524","양즈깐루 복숭아","요아정","디저트","디저트","디저트",""
"official-menu-delivery-7ce9586c1200342f","초코자몽의 정석","요아정","디저트","디저트","디저트",""
"official-menu-delivery-7e5645d3017c6b0c","백용과 100g","요아정","디저트","디저트","디저트",""
"official-menu-delivery-7ed888cc9da78ef8","Health의 정석","요아정","디저트","디저트","디저트",""
"official-menu-delivery-82f85fdf2c8613f9","시그니처 허니 그릭의 정석","요아정","디저트","디저트","디저트",""
"official-menu-delivery-876738c9db176c6a","[요아정 시그니처] 벌집꿀+그래놀라","요아정","디저트","디저트","디저트",""
"official-menu-delivery-88063d1624a43c34","허니 블루베리 그릭의 정석","요아정","디저트","디저트","디저트",""
"official-menu-delivery-89caab9d26bdd580","[요아정 시그니처] 민트초코쉘+내맘대로","요아정","디저트","디저트","디저트",""
"official-menu-delivery-8c85edf6add14933","두바이 베리초코 아사이","요아정","디저트","디저트","디저트",""
"official-menu-delivery-8f810195295d9c20","쫀득 인절미 팥빙수","요아정","디저트","디저트","디저트",""
"official-menu-delivery-8fc5a07d7d73cd0a","골드 오망고볼의 정석","요아정","디저트","디저트","디저트",""
"official-menu-delivery-92d654a8d102bc84","두바이 딥초코 컵빙수","요아정","디저트","디저트","디저트",""
"official-menu-delivery-94798d5b88a258f6","파인애플 100g","요아정","디저트","디저트","디저트",""
"official-menu-delivery-94eb42e8fee8ab75","감귤 1개(40g)","요아정","디저트","디저트","디저트",""
"official-menu-delivery-97215a8bbb5bc4e2","딸기 100g","요아정","디저트","디저트","디저트",""
"official-menu-delivery-9cceb4d76cedf735","[요아정 시그니처] 초코쉘+내맘대로","요아정","디저트","디저트","디저트",""
"official-menu-delivery-9d9c64c6eefb9c34","오몽코코 아사이","요아정","디저트","디저트","디저트",""
"official-menu-delivery-a1fd8023d65e37ce","그린키위 1개(93g)","요아정","디저트","디저트","디저트",""
"official-menu-delivery-a87bbe377777ca9e","망고차차 아사이","요아정","디저트","디저트","디저트",""
"official-menu-delivery-abd234d0577a5a89","순수 요거트 빙수","요아정","디저트","디저트","디저트",""
"official-menu-delivery-ada870f75da9bc59","허니자몽링 아사이","요아정","디저트","디저트","디저트",""
"official-menu-delivery-b059a0373b76c050","[저당 복숭아] 리틀어피치 허니 그래 복숭아","요아정","디저트","디저트","디저트",""
"official-menu-delivery-b490fb0c5aebc472","빠삭 두바이 초코쉘","요아정","디저트","디저트","디저트",""
"official-menu-delivery-b5ce03a15da48c80","호박인절미 빠작하구마","요아정","디저트","디저트","디저트",""
"official-menu-delivery-b6ad625519722f47","말차숲 오렌지의 정석","요아정","디저트","디저트","디저트",""
"official-menu-delivery-b971169c6f9643d8","와르르 허니 멜론 빙수","요아정","디저트","디저트","디저트",""
"official-menu-delivery-bbdc2a2e1e65e707","Premium의 정석","요아정","디저트","디저트","디저트",""
"official-menu-delivery-bfb30b4b49a37d44","[저당 복숭아] 리틀어피치 스윗 그릭보바 복숭아","요아정","디저트","디저트","디저트",""
"official-menu-delivery-c1d1221f5d87593c","무지개 요아정","요아정","디저트","디저트","디저트",""
"official-menu-delivery-c51de5fc630b668a","요아정 수빈 PICK","요아정","디저트","디저트","디저트",""
"official-menu-delivery-ce86db77683ec99c","블루베리의 정석","요아정","디저트","디저트","디저트",""
"official-menu-delivery-d01d66d19dd8affb","오자몽의 정석","요아정","디저트","디저트","디저트",""
"official-menu-delivery-d1f6f93ebef82c1d","요아정 태현 PICK","요아정","디저트","디저트","디저트",""
"official-menu-delivery-d246707efb687f46","바나나 100g","요아정","디저트","디저트","디저트",""
"official-menu-delivery-d319c540baf5fa31","요아정 범규 PICK","요아정","디저트","디저트","디저트",""
"official-menu-delivery-d9fb5e4cfb5dbc5b","그레이프베리 아사이","요아정","디저트","디저트","디저트",""
"official-menu-delivery-dbcb4562c1b300aa","[저당 복숭아] 리틀어피치 자몽 톡톡 복숭아","요아정","디저트","디저트","디저트",""
"official-menu-delivery-ddfef8d6a3766a86","트로피칼 아사이망고","요아정","디저트","디저트","디저트",""
"official-menu-delivery-e30908584776106b","허니 무화과 몽땅","요아정","디저트","디저트","디저트",""
"official-menu-delivery-e47c913f0bf28f28","샤인머스캣 100g","요아정","디저트","디저트","디저트",""
"official-menu-delivery-e61825b0f23731ab","[요아정 시그니처] 멜론쉘+내맘대로","요아정","디저트","디저트","디저트",""
"official-menu-delivery-ec2d78416eaae216","허니 무화과 그릭의 정석","요아정","디저트","디저트","디저트",""
"official-menu-delivery-f1803dc543b3559a","블루베리 50g","요아정","디저트","디저트","디저트",""
"official-menu-delivery-f2437269fa0f85f8","두바이 딥초코 빙수","요아정","디저트","디저트","디저트",""
"official-menu-delivery-f6c900f275982aac","골든키위 1개(83g)","요아정","디저트","디저트","디저트",""
"official-menu-delivery-f7aa2dc87d6a2cc7","[요아정 시그니처] 딸기우유초코쉘+내맘대로","요아정","디저트","디저트","디저트",""
"official-menu-delivery-f88b907a9e6012f5","달콤청포도의 정석","요아정","디저트","디저트","디저트",""
"official-menu-delivery-fafa7dc8d69986c3","카카오맘보 아사이","요아정","디저트","디저트","디저트",""
"official-menu-delivery-ff29215a7c727fe0","요아정 스쿱볼의 정석","요아정","디저트","디저트","디저트",""
"official-menu-delivery-030f96f664304f20","알밥정식","미소야","돈가스","도시락","",""
"official-menu-delivery-06821144c6f0a3f6","돈카츠동","미소야","돈가스","돈가스","돈가스",""
"official-menu-delivery-08718745fa45901f","냉모밀","미소야","돈가스","국수·우동","국수·우동",""
"official-menu-delivery-101a470f9fd7bd3b","레드핫 낙지덮밥","미소야","돈가스","덮밥","덮밥",""
"official-menu-delivery-107c14d9e544dd41","콜드냉멘","미소야","돈가스","","","UNKNOWN_INDIVIDUAL_MENU_CATEGORY"
"official-menu-delivery-1a4c6ce7bb9593c9","로스카츠","미소야","돈가스","돈가스","돈가스",""
"official-menu-delivery-2086d035d1427956","새우크레미롤","미소야","돈가스","","","UNKNOWN_INDIVIDUAL_MENU_CATEGORY"
"official-menu-delivery-222712303f236d8b","치즈 돈카츠","미소야","돈가스","돈가스","돈가스",""
"official-menu-delivery-2a384f5a0ebf5edb","새우튀김(1개)","미소야","돈가스","","","UNKNOWN_INDIVIDUAL_MENU_CATEGORY"
"official-menu-delivery-2bf50978d2a59c03","치킨가라아게카레","미소야","돈가스","치킨","",""
"official-menu-delivery-2f01c607d0c34345","눈꽃치즈 매운철판돈카츠","미소야","돈가스","돈가스","돈가스",""
"official-menu-delivery-358d89e2e7e68426","사누끼우동","미소야","돈가스","국수·우동","국수·우동",""
"official-menu-delivery-3db4d65e20a783b6","매콤 로스카츠","미소야","돈가스","돈가스","돈가스",""
"official-menu-delivery-448bbddbcd45f3d8","회덮밥","미소야","돈가스","덮밥","덮밥",""
"official-menu-delivery-449674eeb17ea151","치킨가라아게","미소야","돈가스","치킨","",""
"official-menu-delivery-4d7603c2d07fb993","히레카츠","미소야","돈가스","돈가스","돈가스",""
"official-menu-delivery-54e80cb84e5008e2","카츠모밀 알밥정식","미소야","돈가스","국수·우동","국수·우동",""
"official-menu-delivery-56e14392123f21b5","옛날식 달콤한 로스카츠","미소야","돈가스","돈가스","돈가스",""
"official-menu-delivery-622b6a938569a57b","돈카츠명란특선","미소야","돈가스","돈가스","돈가스",""
"official-menu-delivery-6719d51a78d11365","대게다리튀김","미소야","돈가스","","","UNKNOWN_INDIVIDUAL_MENU_CATEGORY"
"official-menu-delivery-67361096bbf65236","우삼겹우동전골","미소야","돈가스","국수·우동","국수·우동",""
"official-menu-delivery-69e1be7041b40e91","소바 샐러드 로스카츠","미소야","돈가스","샐러드·포케","샐러드·포케",""
"official-menu-delivery-69e23841e37cbae2","통 치즈카츠","미소야","돈가스","돈가스","",""
"official-menu-delivery-6c644618b8edd3c4","레드핫 챠슈덮밥","미소야","돈가스","덮밥","덮밥",""
"official-menu-delivery-6d908f3990e4c023","우삼겹덮밥","미소야","돈가스","덮밥","덮밥",""
"official-menu-delivery-70275d599a22cdf1","우삼겹 부대 라멘","미소야","돈가스","라멘","라멘",""
"official-menu-delivery-7c4ad94d21f9a218","돈카츠김치우동전골","미소야","돈가스","돈가스","돈가스",""
"official-menu-delivery-83c3506f9752715f","매운 돈코츠 라멘","미소야","돈가스","라멘","라멘",""
"official-menu-delivery-8497f5174351b6bb","맛있습니다","미소야","돈가스","","","UNKNOWN_INDIVIDUAL_MENU_CATEGORY"
"official-menu-delivery-84cd3a83e31508b6","돈카츠김치나베","미소야","돈가스","돈가스","돈가스",""
"official-menu-delivery-8eccbb42a96315de","돈코츠 라멘","미소야","돈가스","라멘","라멘",""
"official-menu-delivery-8f0fb9af4fbfd831","비빔 모밀","미소야","돈가스","국수·우동","국수·우동",""
"official-menu-delivery-8f540eba9318e887","타코야끼(6개)","미소야","돈가스","","","UNKNOWN_INDIVIDUAL_MENU_CATEGORY"
"official-menu-delivery-9085fea4c9db4f31","돈카츠카레","미소야","돈가스","돈가스","돈가스",""
"official-menu-delivery-975706e2ca325971","치즈on카츠우동볶이","미소야","돈가스","국수·우동","국수·우동",""
"official-menu-delivery-983963b058eb6953","mini명란밥","미소야","돈가스","","","UNKNOWN_INDIVIDUAL_MENU_CATEGORY"
"official-menu-delivery-a87e961714f943be","생선초밥(특)","미소야","돈가스","일식","",""
"official-menu-delivery-a9d70c7ac6cead7c","부대 어묵 나베","미소야","돈가스","","","UNKNOWN_INDIVIDUAL_MENU_CATEGORY"
"official-menu-delivery-aa417283b7545280","고구마 치즈 돈카츠","미소야","돈가스","돈가스","돈가스",""
"official-menu-delivery-abdfc24a79b2bea3","사누끼우동 돈카츠정식","미소야","돈가스","돈가스","돈가스",""
"official-menu-delivery-ae5c4f3b6d85703b","치치치즈 알밥","미소야","돈가스","","","UNKNOWN_INDIVIDUAL_MENU_CATEGORY"
"official-menu-delivery-aea0bd74c8eede5f","통살생선카츠","미소야","돈가스","돈가스","",""
"official-menu-delivery-b2e72e2db8bb565b","트리플 치즈볼(4개)","미소야","돈가스","사이드","",""
"official-menu-delivery-b5014e478d1df62b","미소크림명란카츠","미소야","돈가스","돈가스","",""
"official-menu-delivery-c045006b83226489","매콤 치즈카츠","미소야","돈가스","돈가스","",""
"official-menu-delivery-c92c08b4a8f439f7","생선초밥커플SET","미소야","돈가스","일식","",""
"official-menu-delivery-ca509b38459cb572","치킨가라아게동","미소야","돈가스","치킨","",""
"official-menu-delivery-cae9cdfa4b1dce8f","점보믹스동","미소야","돈가스","","","UNKNOWN_INDIVIDUAL_MENU_CATEGORY"
"official-menu-delivery-cc34dcc5224fa73d","로스카츠 모밀","미소야","돈가스","돈가스","돈가스",""
"official-menu-delivery-cc9a436f8db1c79d","스페셜카츠","미소야","돈가스","돈가스","",""
"official-menu-delivery-de4fd154b5ca64d1","매운철판돈카츠","미소야","돈가스","돈가스","돈가스",""
"official-menu-delivery-e02996255c53208d","신선합니다","미소야","돈가스","","","UNKNOWN_INDIVIDUAL_MENU_CATEGORY"
"official-menu-delivery-e1a3e48fa0b296cd","건강합니다","미소야","돈가스","","","UNKNOWN_INDIVIDUAL_MENU_CATEGORY"
"official-menu-delivery-e496acc55cbfe81d","돈카츠야끼우동","미소야","돈가스","돈가스","돈가스",""
"official-menu-delivery-e66c6e6e161eff71","판모밀","미소야","돈가스","국수·우동","국수·우동",""
"official-menu-delivery-e8ce3f21e6b3953c","생선초밥","미소야","돈가스","일식","",""
"official-menu-delivery-f395619fa104ec15","mini우동","미소야","돈가스","국수·우동","국수·우동",""
"official-menu-delivery-038556efcd9f43f7","할리스 데일리 커피 디카페인","할리스","카페","카페","카페",""
"official-menu-delivery-0a26fd203485d814","에스프레소","할리스","카페","카페","카페",""
"official-menu-delivery-179f860d4caa0cb8","아포가토","할리스","카페","카페","카페",""
"official-menu-delivery-1a744c2b91b7793b","디카페인콜드브루 라떼","할리스","카페","카페","카페",""
"official-menu-delivery-3f73df965351cfc4","돌체 라떼","할리스","카페","카페","카페",""
"official-menu-delivery-3f8b0f6c347b86e0","카푸치노","할리스","카페","카페","카페",""
"official-menu-delivery-55a41dd816832566","아메리카노","할리스","카페","카페","카페",""
"official-menu-delivery-71b3bea1ef6e281a","디카페인 콜드브루바닐라 딜라이트","할리스","카페","카페","카페",""
"official-menu-delivery-750b5396857e30fb","아샷추","할리스","카페","카페","카페",""
"official-menu-delivery-87c08c298b9c78ae","할리스 데일리 커피","할리스","카페","카페","카페",""
"official-menu-delivery-8d655e132b79ed00","눈표범 아인슈페너","할리스","카페","카페","카페",""
"official-menu-delivery-9aa7bc98f2cd73f0","콜드브루","할리스","카페","카페","카페",""
"official-menu-delivery-9b77bd53ac73518f","디카페인 콜드브루 아샷추","할리스","카페","카페","카페",""
"official-menu-delivery-a5d4c3476b3ff531","카페 라떼","할리스","카페","카페","카페",""
"official-menu-delivery-ada5ca7517003d97","콜드브루 라떼","할리스","카페","카페","카페",""
"official-menu-delivery-b47d95c9a56da637","카페 모카","할리스","카페","카페","카페",""
"official-menu-delivery-b612a027d5fa0853","흑임자 버터크림 라떼","할리스","카페","카페","카페",""
"official-menu-delivery-bf0c1d2700b76725","블랙아리아아메리카노","할리스","카페","카페","카페",""
"official-menu-delivery-bfefe94de2184395","블랙아리아딥라떼","할리스","카페","카페","카페",""
"official-menu-delivery-c5427138450bd3d1","바닐라 딜라이트","할리스","카페","카페","카페",""
"official-menu-delivery-c9481df09ef4f6ed","카라멜 마키아또","할리스","카페","카페","카페",""
"official-menu-delivery-ebdf6ae82271903f","저당 바닐라 딜라이트","할리스","카페","카페","카페",""
"official-menu-delivery-ee0d500853a1aa5f","바닐라 딜라이트 아인슈페너","할리스","카페","카페","카페",""
"official-menu-delivery-ef2074947a2a9459","몬스터 아메리카노","할리스","카페","카페","카페",""
"official-menu-delivery-f47a8cfd735ee9b6","디카페인콜드브루","할리스","카페","카페","카페",""
"official-menu-delivery-fe7b6273e3a4b006","콜드브루 딜라이트","할리스","카페","카페","카페",""
"official-menu-delivery-0322b006c5a86cf6","고르곤졸라","7번가피자","피자","피자","피자",""
"official-menu-delivery-1595795e316b4db8","치킨바샤삭 (12PCS)","7번가피자","피자","치킨","",""
"official-menu-delivery-164711eaac2523c3","흥부박포테이토","7번가피자","피자","피자","피자",""
"official-menu-delivery-28808e727364f184","TOP","7번가피자","피자","피자","피자",""
"official-menu-delivery-29e0f88903768206","슈퍼콤비네이션","7번가피자","피자","피자","피자",""
"official-menu-delivery-3ee9e9dcdfb7e213","포테이토","7번가피자","피자","피자","피자",""
"official-menu-delivery-4c3b711c26d6fe5d","NEW쉬림프아라비아따 스파게티","7번가피자","피자","파스타","파스타",""
"official-menu-delivery-4f143a2a6335b364","화이트쉬림프","7번가피자","피자","피자","피자",""
"official-menu-delivery-5270db305a47a472","더블치즈","7번가피자","피자","피자","피자",""
"official-menu-delivery-545fb95ac8417d02","새우파티","7번가피자","피자","피자","피자",""
"official-menu-delivery-60f9e37571994844","그릴닭다리살(3PCS)","7번가피자","피자","치킨","",""
"official-menu-delivery-6b31c271c0ed2511","고구마","7번가피자","피자","피자","피자",""
"official-menu-delivery-6e671a3df57e9044","치킨바샤삭 (6PCS)","7번가피자","피자","치킨","",""
"official-menu-delivery-6ee92bc8cf1ec410","하프앤하프","7번가피자","피자","피자","피자",""
"official-menu-delivery-6fafb556a55b50ea","불고기","7번가피자","피자","피자","피자",""
"official-menu-delivery-6ffc012c00388a33","NEW 패밀리박스 L","7번가피자","피자","피자","피자",""
"official-menu-delivery-720fc09efddb93a0","페페로니","7번가피자","피자","피자","피자",""
"official-menu-delivery-82ebd6b843e8a732","샘스테이크","7번가피자","피자","피자","피자",""
"official-menu-delivery-9a63f0dce66efd7a","오븐스파게티","7번가피자","피자","파스타","파스타",""
"official-menu-delivery-9de4121cf00f8192","7번가스페셜","7번가피자","피자","피자","피자",""
"official-menu-delivery-a816d5fac032c332","체다골드포테이토","7번가피자","피자","피자","피자",""
"official-menu-delivery-b911813d78ab6ef4","오븐 치즈떡볶이","7번가피자","피자","분식","분식",""
"official-menu-delivery-becbc95d6264280b","NEW 패밀리박스 R","7번가피자","피자","피자","피자",""
"official-menu-delivery-c90e4324f6adb91a","하와이안","7번가피자","피자","피자","피자",""
"official-menu-delivery-dbce07846921a7ed","컨츄리치킨","7번가피자","피자","피자","피자",""
"official-menu-delivery-de00c818178f43ab","NEW까망베르더블치즈","7번가피자","피자","피자","피자",""
"official-menu-delivery-e11a14bfcf102516","고추장불고기","7번가피자","피자","피자","피자",""
"official-menu-delivery-02ef58d13a93b5d1","치킨마요 육개장 정식","토마토도시락","도시락","도시락","도시락",""
"official-menu-delivery-02f43b186dda1c0e","칠리탕수반찬","토마토도시락","도시락","도시락","도시락",""
"official-menu-delivery-05027579fe7e0742","소불바싹돈까스","토마토도시락","도시락","돈가스","돈가스",""
"official-menu-delivery-07dc123473c9b386","진수한상","토마토도시락","도시락","도시락","도시락",""
"official-menu-delivery-09078e560e745645","잡채어묵","토마토도시락","도시락","도시락","도시락",""
"official-menu-delivery-09a4a413a9b52092","치킨콤보","토마토도시락","도시락","도시락","도시락",""
"official-menu-delivery-0bc7a5363d34afd2","핫불제육덮밥","토마토도시락","도시락","덮밥","덮밥",""
"official-menu-delivery-0c16066e8794c438","케이준감자+음료","토마토도시락","도시락","도시락","도시락",""
"official-menu-delivery-0e69dc5648bbc96a","핫불소스","토마토도시락","도시락","도시락","도시락",""
"official-menu-delivery-0e6a19d804fd432c","소불단짠간장치킨","토마토도시락","도시락","도시락","도시락",""
"official-menu-delivery-138c047164e3d0ba","김말이","토마토도시락","도시락","도시락","도시락",""
"official-menu-delivery-144f46e22323c8da","삼겹김치볶음밥","토마토도시락","도시락","덮밥","덮밥",""
"official-menu-delivery-184f29aac35f62a1","콜라","토마토도시락","도시락","도시락","도시락",""
"official-menu-delivery-19868b632b7a6ae5","제육숙주덮밥","토마토도시락","도시락","덮밥","덮밥",""
"official-menu-delivery-1dbd6df405e60294","고기가득제육소불","토마토도시락","도시락","도시락","도시락",""
"official-menu-delivery-1fe4b0851ce68cf1","새우치킨샐러드","토마토도시락","도시락","샐러드·포케","샐러드·포케",""
"official-menu-delivery-2117f5723c1b751b","현미밥","토마토도시락","도시락","도시락","도시락",""
"official-menu-delivery-2753a323e8baea1d","핫불치킨덮밥","토마토도시락","도시락","덮밥","덮밥",""
"official-menu-delivery-28a0dd3a6bd88e7e","돈까스(토핑추가)","토마토도시락","도시락","돈가스","돈가스",""
"official-menu-delivery-28f8aefb90f69c28","명품한상","토마토도시락","도시락","도시락","도시락",""
"official-menu-delivery-29d9e08f18dd652e","데리와퍼치킨","토마토도시락","도시락","도시락","도시락",""
"official-menu-delivery-2c14b524a1f1aa41","소불고기","토마토도시락","도시락","도시락","도시락",""
"official-menu-delivery-2c7a2c9cce2aaf74","고추장소불숙주비빔밥","토마토도시락","도시락","도시락","도시락",""
"official-menu-delivery-312553a1f26e69a3","새우튀김(토핑추가)","토마토도시락","도시락","도시락","도시락",""
"official-menu-delivery-33a285404517f79d","돈불와퍼","토마토도시락","도시락","도시락","도시락",""
"official-menu-delivery-33bfa158f6a23320","큐브텐동덮밥(돈까스+새우)","토마토도시락","도시락","돈가스","돈가스",""
"official-menu-delivery-36d055af4040a351","볶음김치(추가메뉴)","토마토도시락","도시락","도시락","도시락",""
"official-menu-delivery-37c1e4598d3588db","떡튀버무리","토마토도시락","도시락","도시락","도시락",""
"official-menu-delivery-40f3a97ce3cf750c","토마토치즈제육덮밥","토마토도시락","도시락","덮밥","덮밥",""
"official-menu-delivery-442f040659724316","데리와퍼치킨 김치찌개 정식","토마토도시락","도시락","도시락","도시락",""
"official-menu-delivery-4433f4843fe098c1","청양파치킨매콤마요","토마토도시락","도시락","도시락","도시락",""
"official-menu-delivery-44c34986a530fd29","소불치킨마요","토마토도시락","도시락","도시락","도시락",""
"official-menu-delivery-463cda6d4d4d4590","치킨마요 김치찌개 정식","토마토도시락","도시락","도시락","도시락",""
"official-menu-delivery-47fe23101cfc246b","치킨가라아게(60g)","토마토도시락","도시락","도시락","도시락",""
"official-menu-delivery-4b252ac7ce9f8b46","콤보반찬","토마토도시락","도시락","도시락","도시락",""
"official-menu-delivery-4bb3fe1bcd4baa05","소불숙주덮밥","토마토도시락","도시락","덮밥","덮밥",""
"official-menu-delivery-4bd27d98db833248","육즙가득수제함박","토마토도시락","도시락","도시락","도시락",""
"official-menu-delivery-513f9b5d398f7602","정찬한상","토마토도시락","도시락","도시락","도시락",""
"official-menu-delivery-533d01404e6ad704","백반","토마토도시락","도시락","도시락","도시락",""
"official-menu-delivery-5395828a641a3f13","돈불김치볶음밥","토마토도시락","도시락","덮밥","덮밥",""
"official-menu-delivery-56cdb6d6b78d5a66","케이준감자","토마토도시락","도시락","도시락","도시락",""
"official-menu-delivery-5a133f6bb37a4272","눈꽃치즈닭갈비덮밥","토마토도시락","도시락","덮밥","덮밥",""
"official-menu-delivery-5c16a5a902a48586","김치찌개백반","토마토도시락","도시락","도시락","도시락",""
"official-menu-delivery-5da97dfbd6ae305b","핫불양념치킨","토마토도시락","도시락","도시락","도시락",""
"official-menu-delivery-5e8cdb3957486f35","치킨스테이크덮밥","토마토도시락","도시락","덮밥","덮밥",""
"official-menu-delivery-60945d38dbba435e","간장소스","토마토도시락","도시락","도시락","도시락",""
"official-menu-delivery-630a43b42aee8202","삼겹살(토핑추가)","토마토도시락","도시락","도시락","도시락",""
"official-menu-delivery-66892b96151b45f3","스팸치킨마요","토마토도시락","도시락","도시락","도시락",""
"official-menu-delivery-6a2ee09fb3f024b5","탕수콤보","토마토도시락","도시락","도시락","도시락",""
"official-menu-delivery-6f17c112772749de","제철국(추가메뉴)","토마토도시락","도시락","도시락","도시락",""
"official-menu-delivery-72cdadb6de81fdf0","김치제육와퍼","토마토도시락","도시락","도시락","도시락",""
"official-menu-delivery-73ab4b233b26a79a","햄버그(토핑추가)","토마토도시락","도시락","도시락","도시락",""
"official-menu-delivery-7748e1cf7fe810d5","치떡세트","토마토도시락","도시락","도시락","도시락",""
"official-menu-delivery-7b14eaf01322e913","새우토마토스파게티","토마토도시락","도시락","파스타","파스타",""
"official-menu-delivery-7c78cf262eb7b5f5","든든한상","토마토도시락","도시락","도시락","도시락",""
"official-menu-delivery-7ed2b65e74008455","진미한상","토마토도시락","도시락","도시락","도시락",""
"official-menu-delivery-81839b594559748e","푸짐한상","토마토도시락","도시락","도시락","도시락",""
"official-menu-delivery-8721c127ef5e7964","치킨마요","토마토도시락","도시락","도시락","도시락",""
"official-menu-delivery-890ac8680f620ddc","치킨BOX(대)","토마토도시락","도시락","도시락","도시락",""
"official-menu-delivery-8b7d6d4d769e3639","제육단짠간장치킨 김치찌개 정식","토마토도시락","도시락","도시락","도시락",""
"official-menu-delivery-8f866f3dc9aeff0f","스팸돈까스마요","토마토도시락","도시락","돈가스","돈가스",""
"official-menu-delivery-90de126628a7cf57","치킨BOX(소)","토마토도시락","도시락","도시락","도시락",""
"official-menu-delivery-93e897d1a8c682ed","돈불고기","토마토도시락","도시락","도시락","도시락",""
"official-menu-delivery-9798d9947c61ec3e","돈불고기반찬","토마토도시락","도시락","도시락","도시락",""
"official-menu-delivery-97e5bb3f7af84937","참치마요","토마토도시락","도시락","도시락","도시락",""
"official-menu-delivery-9920f05ea6b69aed","강된장제육숙주비빔밥","토마토도시락","도시락","도시락","도시락",""
"official-menu-delivery-9fded4ee065eb761","큐브스테이크덮밥","토마토도시락","도시락","덮밥","덮밥",""
"official-menu-delivery-a2f2b009613b46c4","제육볶음","토마토도시락","도시락","도시락","도시락",""
"official-menu-delivery-a3a55c82b22fd19c","제육와퍼","토마토도시락","도시락","도시락","도시락",""
"official-menu-delivery-a519bd6448aa41f1","돈까스반찬","토마토도시락","도시락","돈가스","돈가스",""
"official-menu-delivery-a77a137c658befbc","제육볶음반찬","토마토도시락","도시락","도시락","도시락",""
"official-menu-delivery-a81fab80a0894542","삼겹매콤마요","토마토도시락","도시락","도시락","도시락",""
"official-menu-delivery-aa51bc758369be96","모둠튀김","토마토도시락","도시락","도시락","도시락",""
"official-menu-delivery-ad068fec0407487e","교자만두","토마토도시락","도시락","도시락","도시락",""
"official-menu-delivery-ae1dfbfa7a4b952c","제육바싹돈까스","토마토도시락","도시락","돈가스","돈가스",""
"official-menu-delivery-b0175ab55f520eba","야채참치비빔밥","토마토도시락","도시락","도시락","도시락",""
"official-menu-delivery-b20a6f15fba5f550","4종반찬","토마토도시락","도시락","도시락","도시락",""
"official-menu-delivery-b56836c2df542a22","데리와퍼참치","토마토도시락","도시락","도시락","도시락",""
"official-menu-delivery-b85604bdee7b0d8a","제육단짠간장치킨","토마토도시락","도시락","도시락","도시락",""
"official-menu-delivery-b99b2bf6dd79e310","제육단짠간장치킨 육개장 정식","토마토도시락","도시락","도시락","도시락",""
"official-menu-delivery-baa79f094433c734","제육볶음 육개장 정식","토마토도시락","도시락","도시락","도시락",""
"official-menu-delivery-baae7e2c77c507be","육개장백반","토마토도시락","도시락","도시락","도시락",""
"official-menu-delivery-baff17d75a762807","데리와퍼치킨 육개장 정식","토마토도시락","도시락","도시락","도시락",""
"official-menu-delivery-be7e789b39a1229e","계란후라이(추가메뉴)","토마토도시락","도시락","도시락","도시락",""
"official-menu-delivery-bfc4be900372ceba","청양고추(추가메뉴)","토마토도시락","도시락","도시락","도시락",""
"official-menu-delivery-c6acf6bf027b5798","돈까스치킨마요","토마토도시락","도시락","돈가스","돈가스",""
"official-menu-delivery-cb1478622481b90e","스팸김치볶음밥","토마토도시락","도시락","덮밥","덮밥",""
"official-menu-delivery-cd49c6b98787f651","새우콤보","토마토도시락","도시락","도시락","도시락",""
"official-menu-delivery-d7b2c1a49ed53659","일미한상","토마토도시락","도시락","도시락","도시락",""
"official-menu-delivery-d9a88da03b6b3869","수라한상","토마토도시락","도시락","도시락","도시락",""
"official-menu-delivery-db494a46f228e25c","맵단반반치킨","토마토도시락","도시락","도시락","도시락",""
"official-menu-delivery-e2934f92e7070b7f","스팸(토핑추가)","토마토도시락","도시락","도시락","도시락",""
"official-menu-delivery-e304bb8514746c91","제육볶음(토핑추가)","토마토도시락","도시락","도시락","도시락",""
"official-menu-delivery-e31c05e82508ef18","치킨샐러드","토마토도시락","도시락","샐러드·포케","샐러드·포케",""
"official-menu-delivery-e49248194eda07c5","돈불튀김","토마토도시락","도시락","도시락","도시락",""
"official-menu-delivery-e5e79421c4f914ee","단짠간장치킨","토마토도시락","도시락","도시락","도시락",""
"official-menu-delivery-e78e2f0227786455","삼겹매콤와퍼","토마토도시락","도시락","도시락","도시락",""
"official-menu-delivery-e8bae2dcce7cdc8b","눈꽃치즈(추가메뉴)","토마토도시락","도시락","도시락","도시락",""
"official-menu-delivery-ea5efdd224d08e6c","제육볶음 김치찌개 정식","토마토도시락","도시락","도시락","도시락",""
"official-menu-delivery-ea891a828a629076","치킨가라아게반찬","토마토도시락","도시락","도시락","도시락",""
"official-menu-delivery-eaa8c0e9bafb85ff","국물떡볶이","토마토도시락","도시락","분식","분식",""
"official-menu-delivery-efb9cee0dd5c7283","햄버그토마토스파게티","토마토도시락","도시락","파스타","파스타",""
"official-menu-delivery-f159a3d670175942","춘천식불닭갈비","토마토도시락","도시락","도시락","도시락",""
"official-menu-delivery-f53bfeb3aff76914","큐브스테이크(토핑추가)","토마토도시락","도시락","도시락","도시락",""
"official-menu-delivery-f7c6765b74df8c20","돈까스토마토스파게티","토마토도시락","도시락","파스타","파스타",""
"official-menu-delivery-f8b1a839259ef8ab","닭갈비숙주덮밥","토마토도시락","도시락","덮밥","덮밥",""
"official-menu-delivery-fbad7f0666f6e139","사이다","토마토도시락","도시락","도시락","도시락",""
"official-menu-delivery-fbbc71a210d3bd0a","치킨스테이크(토핑추가)","토마토도시락","도시락","도시락","도시락",""
"official-menu-delivery-ff4e903522eb10fb","제육치킨마요","토마토도시락","도시락","도시락","도시락",""
"official-menu-delivery-0927e181b0bdbb5e","꿔바로우(5개)","동대문엽기떡볶이","분식","","","UNKNOWN_INDIVIDUAL_MENU_CATEGORY"
"official-menu-delivery-176efd49677fb98d","베스트세트","동대문엽기떡볶이","분식","","","UNKNOWN_INDIVIDUAL_MENU_CATEGORY"
"official-menu-delivery-177933ccb4d96038","엽도그","동대문엽기떡볶이","분식","","","UNKNOWN_INDIVIDUAL_MENU_CATEGORY"
"official-menu-delivery-180d6741e6e584ac","숯불닭발세트","동대문엽기떡볶이","분식","","","UNKNOWN_INDIVIDUAL_MENU_CATEGORY"
"official-menu-delivery-1a467e97032e276f","국물무뼈닭발","동대문엽기떡볶이","분식","","","UNKNOWN_INDIVIDUAL_MENU_CATEGORY"
"official-menu-delivery-24c13283328dcc6f","야채튀김(1개)","동대문엽기떡볶이","분식","","","UNKNOWN_INDIVIDUAL_MENU_CATEGORY"
"official-menu-delivery-2eaabb9245184261","우삼겹","동대문엽기떡볶이","분식","","","UNKNOWN_INDIVIDUAL_MENU_CATEGORY"
"official-menu-delivery-2f7516926127f390","로제밀키트","동대문엽기떡볶이","분식","","","UNKNOWN_INDIVIDUAL_MENU_CATEGORY"
"official-menu-delivery-305f7cfa687bb32b","오뎅추가","동대문엽기떡볶이","분식","","","UNKNOWN_INDIVIDUAL_MENU_CATEGORY"
"official-menu-delivery-324a634fb88f7c8c","당면사리","동대문엽기떡볶이","분식","","","UNKNOWN_INDIVIDUAL_MENU_CATEGORY"
"official-menu-delivery-370b620a6eaa8be9","모짜치즈","동대문엽기떡볶이","분식","","","UNKNOWN_INDIVIDUAL_MENU_CATEGORY"
"official-menu-delivery-3b64fd059fdafc8e","숯불통뼈닭발","동대문엽기떡볶이","분식","","","UNKNOWN_INDIVIDUAL_MENU_CATEGORY"
"official-menu-delivery-40302038a512a08a","국물통뼈닭발","동대문엽기떡볶이","분식","","","UNKNOWN_INDIVIDUAL_MENU_CATEGORY"
"official-menu-delivery-410a9e735eddb366","모둠튀김","동대문엽기떡볶이","분식","","","UNKNOWN_INDIVIDUAL_MENU_CATEGORY"
"official-menu-delivery-414e73beaee12ed7","음료(유산균)","동대문엽기떡볶이","분식","음료","",""
"official-menu-delivery-48b678f71d00b347","엽기메뉴","동대문엽기떡볶이","분식","","","UNKNOWN_INDIVIDUAL_MENU_CATEGORY"
"official-menu-delivery-4a8f07c3c0152b69","베이컨","동대문엽기떡볶이","분식","","","UNKNOWN_INDIVIDUAL_MENU_CATEGORY"
"official-menu-delivery-4e403aa13458ef6d","바삭치즈만두(7개)","동대문엽기떡볶이","분식","분식","",""
"official-menu-delivery-5b5f13eb3a79fa6a","분모자","동대문엽기떡볶이","분식","","","UNKNOWN_INDIVIDUAL_MENU_CATEGORY"
"official-menu-delivery-60f2d4e0b4ce40a3","엽기밀키트","동대문엽기떡볶이","분식","","","UNKNOWN_INDIVIDUAL_MENU_CATEGORY"
"official-menu-delivery-610ae28b866c053f","대파 추가","동대문엽기떡볶이","분식","","","UNKNOWN_INDIVIDUAL_MENU_CATEGORY"
"official-menu-delivery-640cb84f005aa718","2인 엽기떡볶이","동대문엽기떡볶이","분식","분식","분식",""
"official-menu-delivery-659c78b1669891a3","양배추 추가","동대문엽기떡볶이","분식","","","UNKNOWN_INDIVIDUAL_MENU_CATEGORY"
"official-menu-delivery-71aac7b7853c3769","계란찜","동대문엽기떡볶이","분식","","","UNKNOWN_INDIVIDUAL_MENU_CATEGORY"
"official-menu-delivery-730320c72b374b35","로제메뉴","동대문엽기떡볶이","분식","","","UNKNOWN_INDIVIDUAL_MENU_CATEGORY"
"official-menu-delivery-846c1bcc27c7ac3a","숯불무뼈닭발","동대문엽기떡볶이","분식","","","UNKNOWN_INDIVIDUAL_MENU_CATEGORY"
"official-menu-delivery-85d7b992d9664ba0","공깃밥","동대문엽기떡볶이","분식","","","UNKNOWN_INDIVIDUAL_MENU_CATEGORY"
"official-menu-delivery-88cdb79f2c2e3dc8","국물닭발세트","동대문엽기떡볶이","분식","","","UNKNOWN_INDIVIDUAL_MENU_CATEGORY"
"official-menu-delivery-8c77c6ee58d33fca","우동사리","동대문엽기떡볶이","분식","국수·우동","국수·우동",""
"official-menu-delivery-910ccf5afb05d5c6","계란야채죽","동대문엽기떡볶이","분식","죽","죽",""
"official-menu-delivery-910e7a6341394bf2","중국당면","동대문엽기떡볶이","분식","","","UNKNOWN_INDIVIDUAL_MENU_CATEGORY"
"official-menu-delivery-96b72ca00b7c7df2","엽기핫불소스","동대문엽기떡볶이","분식","사이드","",""
"official-menu-delivery-9c6911d813aecbb3","실속세트","동대문엽기떡볶이","분식","","","UNKNOWN_INDIVIDUAL_MENU_CATEGORY"
"official-menu-delivery-9ece9a79ab95de44","콘마요","동대문엽기떡볶이","분식","","","UNKNOWN_INDIVIDUAL_MENU_CATEGORY"
"official-menu-delivery-9fb2c6ff00c3ae1c","주먹김밥(셀프)","동대문엽기떡볶이","분식","김밥","김밥",""
"official-menu-delivery-a04f4d615207c874","오뎅튀김(15개)","동대문엽기떡볶이","분식","","","UNKNOWN_INDIVIDUAL_MENU_CATEGORY"
"official-menu-delivery-a17a0d5ae36e1376","감자채튀김","동대문엽기떡볶이","분식","","","UNKNOWN_INDIVIDUAL_MENU_CATEGORY"
"official-menu-delivery-a2f40e722a71fd67","떡추가","동대문엽기떡볶이","분식","","","UNKNOWN_INDIVIDUAL_MENU_CATEGORY"
"official-menu-delivery-adcb285dd1e8e67b","엽기시즈닝(버터갈릭맛)","동대문엽기떡볶이","분식","사이드","",""
"official-menu-delivery-b5dbcbac2fd414fc","마라떡볶이","동대문엽기떡볶이","분식","분식","분식",""
"official-menu-delivery-b81abfe9b0e01b9e","스페셜세트","동대문엽기떡볶이","분식","","","UNKNOWN_INDIVIDUAL_MENU_CATEGORY"
"official-menu-delivery-b9d9c641c5f1e210","메추리알(5개)","동대문엽기떡볶이","분식","","","UNKNOWN_INDIVIDUAL_MENU_CATEGORY"
"official-menu-delivery-bdf0c66b04cd8093","통유부(4개)","동대문엽기떡볶이","분식","","","UNKNOWN_INDIVIDUAL_MENU_CATEGORY"
"official-menu-delivery-c374962e63af46de","엽봉(5개)","동대문엽기떡볶이","분식","","","UNKNOWN_INDIVIDUAL_MENU_CATEGORY"
"official-menu-delivery-cbaa37813cd385a6","참치마요밥","동대문엽기떡볶이","분식","덮밥","덮밥",""
"official-menu-delivery-d037e1aec8e43ef1","엽기닭볶음탕","동대문엽기떡볶이","분식","","","UNKNOWN_INDIVIDUAL_MENU_CATEGORY"
"official-menu-delivery-d0dfe65b9df11525","퐁당치즈만두(7개)","동대문엽기떡볶이","분식","분식","",""
"official-menu-delivery-d796ff15f8e84274","계란(2개)","동대문엽기떡볶이","분식","","","UNKNOWN_INDIVIDUAL_MENU_CATEGORY"
"official-menu-delivery-de1c52e2feb1f8c8","만두(4개)","동대문엽기떡볶이","분식","분식","",""
"official-menu-delivery-e4d9068cbb055c09","마라로제떡볶이","동대문엽기떡볶이","분식","분식","분식",""
"official-menu-delivery-e70b1cab49672649","순대","동대문엽기떡볶이","분식","분식","",""
"official-menu-delivery-ee2dc8b00e94d4c4","햄(7개)","동대문엽기떡볶이","분식","","","UNKNOWN_INDIVIDUAL_MENU_CATEGORY"
"official-menu-delivery-fba5fff3223af398","김말이(3개)","동대문엽기떡볶이","분식","분식","",""
"official-menu-delivery-0492941e27dfc623","초코바른 딸기 스무디 with 쿠키","공차","음료","음료","음료",""
"official-menu-delivery-0a720c8394e49ffc","초콜릿 시그니처 밀크티+펄","공차","음료","음료","음료",""
"official-menu-delivery-1afbe816ab4076c1","저당 자스민 오리지널 티","공차","음료","음료","음료",""
"official-menu-delivery-27d7c60fd76fc2b5","핑크구아바 봉봉 아이스티","공차","음료","음료","음료",""
"official-menu-delivery-2bcd7f1f8d529d72","더블 말차 밀크티","공차","음료","음료","음료",""
"official-menu-delivery-344885195cb4fb32","밀크티 모찌 빙수 쉐이크","공차","음료","음료","음료",""
"official-menu-delivery-372e907420a268df","납작복숭아 아이스티 블랙 + 미니펄","공차","음료","음료","음료",""
"official-menu-delivery-469fea7e17d28327","리얼 애플 오미자티","공차","음료","음료","음료",""
"official-menu-delivery-4d03cebb212a98b6","망고 가득 모찌 빙수 쉐이크","공차","음료","음료","음료",""
"official-menu-delivery-4ea9d10492df6b71","저당 우롱 밀크티","공차","음료","음료","음료",""
"official-menu-delivery-5404f8464461dbee","저당 초콜렛 밀크티 + 치즈폼","공차","음료","음료","음료",""
"official-menu-delivery-55c48e8906b5c75a","밤 크림 밀크티+펄","공차","음료","음료","음료",""
"official-menu-delivery-56d5a87425b33dd6","망고 트로피컬 블러쉬 스무디","공차","음료","음료","음료",""
"official-menu-delivery-5706a25a25d93be3","브라운슈가 시그니처 우롱 밀크티 + 펄","공차","음료","음료","음료",""
"official-menu-delivery-5b5e51bb565b3944","핑크구아바 밀크티","공차","음료","음료","음료",""
"official-menu-delivery-62626d403f01e668","리얼 참외 주스 BIG 컵","공차","음료","음료","음료",""
"official-menu-delivery-6568d3209463260a","망고 쥬얼리 시그니처 밀크티","공차","음료","음료","음료",""
"official-menu-delivery-695aa02fb4509f29","저당 블랙 밀크티 + 펄","공차","음료","음료","음료",""
"official-menu-delivery-6bf52fe7c6b001a5","대만식 수박 빙수 밀크","공차","음료","음료","음료",""
"official-menu-delivery-6c7be4d486687dc5","참외 자스민티","공차","음료","음료","음료",""
"official-menu-delivery-70e70a3d134809c1","제로 피치 우롱 아이스티 + 알로에","공차","음료","음료","음료",""
"official-menu-delivery-762a045c02182c72","말차 쥬얼리 시그니처 밀크티","공차","음료","음료","음료",""
"official-menu-delivery-79a842df4a99753b","리얼 수박 주스 BIG 컵","공차","음료","음료","음료",""
"official-menu-delivery-79fc3f366a9f02cf","납작복숭아 아이스티 얼그레이 + 샷","공차","음료","음료","음료",""
"official-menu-delivery-7e2c9092fab31627","저당 우롱 오리지널 티","공차","음료","음료","음료",""
"official-menu-delivery-7fb1adbdf899dc05","말차샷 타로 밀크티","공차","음료","음료","음료",""
"official-menu-delivery-874edd0cb04582ac","저당 우롱 밀크티 + 펄","공차","음료","음료","음료",""
"official-menu-delivery-8c56f957a9b8a633","수박 밀크티+펄","공차","음료","음료","음료",""
"official-menu-delivery-8cc4f23c771b8547","저당 얼그레이 밀크티","공차","음료","음료","음료",""
"official-menu-delivery-8f9bb64df56c1e7a","저당 얼그레이 오리지널 티","공차","음료","음료","음료",""
"official-menu-delivery-930bd5b9e76af1a2","완두말차 모찌 빙수 쉐이크","공차","음료","음료","음료",""
"official-menu-delivery-93db5aa133213d99","브라운슈가 시그니처 얼그레이 밀크티 + 펄","공차","음료","음료","음료",""
"official-menu-delivery-9443af3da1ec7888","저당 블랙 오리지널 티","공차","음료","음료","음료",""
"official-menu-delivery-9eed77ed3472be7f","말차 초코 스무디","공차","음료","음료","음료",""
"official-menu-delivery-9f6eb2c8d2ae785c","저당 햅쌀 미숫가루 밀크티 + 펄","공차","음료","음료","음료",""
"official-menu-delivery-a90c82de970a53ab","저당 자스민 밀크티","공차","음료","음료","음료",""
"official-menu-delivery-ab28b8ff9934d658","쑥 크림 밀크티+펄","공차","음료","음료","음료",""
"official-menu-delivery-ab65478314c820ec","아삭 참외 스무디","공차","음료","음료","음료",""
"official-menu-delivery-abdbab4027fdac9d","자스민 코코 with 말차폼","공차","음료","음료","음료",""
"official-menu-delivery-af1cb07f17c94657","포도 말랑 밀크티","공차","음료","음료","음료",""
"official-menu-delivery-b85b8a6d7452bfd8","더블 말차 밀크티 + 펄","공차","음료","음료","음료",""
"official-menu-delivery-c1ac88e56e18267c","저당 얼그레이 밀크티 + 펄","공차","음료","음료","음료",""
"official-menu-delivery-c1dd79d7f9af6351","저당 자스민 밀크티 + 펄","공차","음료","음료","음료",""
"official-menu-delivery-c1e662b98122dc37","얼그레이 말차 밀크티 + 펄","공차","음료","음료","음료",""
"official-menu-delivery-c28ac19fc5213ff6","저당 블랙 밀크티","공차","음료","음료","음료",""
"official-menu-delivery-c54c3c34b964b685","저당 초콜렛 밀크티","공차","음료","음료","음료",""
"official-menu-delivery-cc9186adda7b4b56","아삭 참외 밀크티","공차","음료","음료","음료",""
"official-menu-delivery-d5a052f7367aaa81","리얼 애플 카라멜 밀크티","공차","음료","음료","음료",""
"official-menu-delivery-e0868911f0a4795b","트로피컬 블러쉬 아이스티","공차","음료","음료","음료",""
"official-menu-delivery-e384eb6f501c2ffc","납작복숭아 아이스티 얼그레이 + 미니펄","공차","음료","음료","음료",""
"official-menu-delivery-e7832acbbe23b2cb","밀크티 모찌 빙수 쉐이크 + 소프트 아이스크림","공차","음료","음료","음료",""
"official-menu-delivery-fa04efd77995183b","포도 말랑 크러쉬","공차","음료","음료","음료",""
"official-menu-delivery-058b38075a6685e2","비타슬러시 리치","던킨","베이커리","음료","음료",""
"official-menu-delivery-0e254202f769ddfe","아이스 아메리카노","던킨","베이커리","카페","카페",""
"official-menu-delivery-162c8bf36066beeb","케냐","던킨","베이커리","카페","카페",""
"official-menu-delivery-1e0337f3f8744682","카페모카","던킨","베이커리","카페","카페",""
"official-menu-delivery-1f2e4f764f50a46c","도넛아이스크림 (소금우유)","던킨","베이커리","아이스크림","",""
"official-menu-delivery-23088120da262355","던킨 오리지널 빈","던킨","베이커리","","","UNKNOWN_INDIVIDUAL_MENU_CATEGORY"
"official-menu-delivery-2c56c45bf5128011","아이스 바닐라라떼","던킨","베이커리","카페","카페",""
"official-menu-delivery-2c60a34f190ef23f","플레인 요거트 쿨라타","던킨","베이커리","음료","음료",""
"official-menu-delivery-2e864809bc875d8c","그릭슈바인 소시지로 만든 핫도그","던킨","베이커리","햄버거","",""
"official-menu-delivery-4464b460367a2650","학화 호도 먼치킨 세트(5개입)","던킨","베이커리","디저트","디저트",""
"official-menu-delivery-4613bcdaec71088f","바닐라 피칸 크로스트","던킨","베이커리","디저트","디저트",""
"official-menu-delivery-4714c1fe0f2e5174","아이스 유자 캐모마일티","던킨","베이커리","음료","음료",""
"official-menu-delivery-47ad7a7a1a388ebb","허니 바이츠","던킨","베이커리","디저트","디저트",""
"official-menu-delivery-4c62dea31c7cbf6c","케이준 치킨 샐러드","던킨","베이커리","샐러드·포케","샐러드·포케",""
"official-menu-delivery-50697c7b010b2e7a","서울역 11 곡물 쿨라타","던킨","베이커리","음료","음료",""
"official-menu-delivery-53df95acb8e305bd","망고쿨라타","던킨","베이커리","음료","음료",""
"official-menu-delivery-54323e3e56268d83","서울역 11 곡물 라떼","던킨","베이커리","카페","카페",""
"official-menu-delivery-594fcc10ad4377f6","카푸치노","던킨","베이커리","카페","카페",""
"official-menu-delivery-5e4424fd908dbdc2","오트 라떼","던킨","베이커리","카페","카페",""
"official-menu-delivery-5e506a11a433d386","(앳홈) 햄에그잉글리쉬머핀","던킨","베이커리","베이커리","",""
"official-menu-delivery-5f72380305619b74","허니 글레이즈드 약과","던킨","베이커리","","","UNKNOWN_INDIVIDUAL_MENU_CATEGORY"
"official-menu-delivery-604297f3ced9d6dc","베이컨에그 잉글리쉬머핀","던킨","베이커리","베이커리","",""
"official-menu-delivery-6057bbdb0a4d7594","리코타&두부면 비빔볼","던킨","베이커리","","","UNKNOWN_INDIVIDUAL_MENU_CATEGORY"
"official-menu-delivery-6502e58e9839f11f","그릭슈바인 소시지로 만든 모짜렐라 핫도그","던킨","베이커리","햄버거","",""
"official-menu-delivery-66c81690c15729c7","에스프레소 블렌드 빈","던킨","베이커리","카페","카페",""
"official-menu-delivery-766503806f3a8890","유자 캐모마일티","던킨","베이커리","음료","음료",""
"official-menu-delivery-83802a3bf43372af","아이스 카페모카","던킨","베이커리","카페","카페",""
"official-menu-delivery-85a1bce3c651098d","쿠키 앤 화이트 크림","던킨","베이커리","디저트","디저트",""
"official-menu-delivery-8b6d4f90fef266b3","초코 (S)","던킨","베이커리","음료","음료",""
"official-menu-delivery-92f6f6f3cd2e617b","허니 딸기 라떼","던킨","베이커리","카페","카페",""
"official-menu-delivery-96b0ce7ef676fa96","던킨 초코 머핀","던킨","베이커리","디저트","디저트",""
"official-menu-delivery-9a5c813a99cda499","에티오피아","던킨","베이커리","카페","카페",""
"official-menu-delivery-a23d6e5e6f90e868","서울역 청양 불고기 핫도그","던킨","베이커리","햄버거","",""
"official-menu-delivery-a3c7c868d2c84054","훈제목살&팬네샐러드","던킨","베이커리","샐러드·포케","샐러드·포케",""
"official-menu-delivery-a6262c514e81ba13","우유크림 카스텔라","던킨","베이커리","디저트","디저트",""
"official-menu-delivery-a7e57e8563057fbe","아메리카노","던킨","베이커리","카페","카페",""
"official-menu-delivery-afc2e03d03cb3216","아이스 카페라떼","던킨","베이커리","카페","카페",""
"official-menu-delivery-b05b193c7490d97a","에그타르트","던킨","베이커리","디저트","디저트",""
"official-menu-delivery-b0bd4dc90319910c","맛탕 츄이스티 약과","던킨","베이커리","","","UNKNOWN_INDIVIDUAL_MENU_CATEGORY"
"official-menu-delivery-b2b17e577555a384","캡슐 에스프레소 블렌드","던킨","베이커리","카페","카페",""
"official-menu-delivery-bfe4eee442bc84a5","페이머스 글레이즈드","던킨","베이커리","디저트","디저트",""
"official-menu-delivery-c7bec3b61bb65490","딸기쿨라타","던킨","베이커리","음료","음료",""
"official-menu-delivery-c7c2529d0ca8854f","비타슬러시 레몬","던킨","베이커리","음료","음료",""
"official-menu-delivery-ca605158da98194e","그릴드치킨 단호박 샐러드","던킨","베이커리","샐러드·포케","샐러드·포케",""
"official-menu-delivery-cb1b8c1590d68a79","에그듬뿍브리또","던킨","베이커리","","","UNKNOWN_INDIVIDUAL_MENU_CATEGORY"
"official-menu-delivery-cc2ea2ecc790e2cc","바닐라라떼","던킨","베이커리","카페","카페",""
"official-menu-delivery-cc2fae4753710ea2","카카오하니딥","던킨","베이커리","디저트","디저트",""
"official-menu-delivery-cdc182b45abf3b49","베이컨에그 크라상","던킨","베이커리","","","UNKNOWN_INDIVIDUAL_MENU_CATEGORY"
"official-menu-delivery-d767d5da42e0a9d1","하이 카카오 도넛","던킨","베이커리","디저트","디저트",""
"official-menu-delivery-d9df612edd46bac3","초코치노 아이스바","던킨","베이커리","아이스크림","",""
"official-menu-delivery-dd3b485a81ffda92","풀드포크 타코 샐러드박스","던킨","베이커리","샐러드·포케","샐러드·포케",""
"official-menu-delivery-df5c9af2b5f82e0b","헤이즐넛 로쉐","던킨","베이커리","디저트","디저트",""
"official-menu-delivery-e47fc70a6be29547","올리브 츄이스티","던킨","베이커리","디저트","디저트",""
"official-menu-delivery-e4b367257897f1e6","딸기요거트 아이스바","던킨","베이커리","아이스크림","",""
"official-menu-delivery-ecd261a54bd43e9b","클래식 핫도그","던킨","베이커리","햄버거","",""
"official-menu-delivery-f276d6a932bb82a3","아이스 서울역 11 곡물 라떼","던킨","베이커리","카페","카페",""
"official-menu-delivery-f4c17e4aaa845240","카페라떼","던킨","베이커리","카페","카페",""
"official-menu-delivery-f69024c4fe628be6","치킨찹찹 과카몰리 샐러드","던킨","베이커리","샐러드·포케","샐러드·포케",""
"official-menu-delivery-f9e242adb3d086e8","소불고기 비빔볼","던킨","베이커리","","","UNKNOWN_INDIVIDUAL_MENU_CATEGORY"
"official-menu-delivery-fb4c1da5c7c335c7","디카페인 블렌드 빈","던킨","베이커리","","","UNKNOWN_INDIVIDUAL_MENU_CATEGORY"
"official-menu-delivery-09fa0b1567e9d430","마늘보쌈","족발야시장","족발·보쌈","족발·보쌈","족발·보쌈",""
"official-menu-delivery-0d386ed27f49ce70","보쌈","족발야시장","족발·보쌈","족발·보쌈","족발·보쌈",""
"official-menu-delivery-3cbb2fde96ebfb73","강릉식물회족발","족발야시장","족발·보쌈","족발·보쌈","족발·보쌈",""
"official-menu-delivery-596e866d8e73505b","냉채족발","족발야시장","족발·보쌈","족발·보쌈","족발·보쌈",""
"official-menu-delivery-71d954cb57ae087c","반반족발","족발야시장","족발·보쌈","족발·보쌈","족발·보쌈",""
"official-menu-delivery-8768ac6580a9c532","가브리보쌈삼합","족발야시장","족발·보쌈","족발·보쌈","족발·보쌈",""
"official-menu-delivery-a9b90271f59d4a5a","족마호크","족발야시장","족발·보쌈","","","UNKNOWN_INDIVIDUAL_MENU_CATEGORY"
"official-menu-delivery-bee77c773c0dc525","보양누룽지족발","족발야시장","족발·보쌈","족발·보쌈","족발·보쌈",""
"official-menu-delivery-ccc173ef6e82137b","족발보쌈세트","족발야시장","족발·보쌈","족발·보쌈","족발·보쌈",""
"official-menu-delivery-e1f7aa2653bcbf49","마늘족발","족발야시장","족발·보쌈","족발·보쌈","족발·보쌈",""
"official-menu-delivery-ebfda7fbb57e7b4a","오리지널 족발","족발야시장","족발·보쌈","족발·보쌈","족발·보쌈",""
"official-menu-delivery-fc1ad5aad21701a9","직화불족발","족발야시장","족발·보쌈","족발·보쌈","족발·보쌈",""
"official-menu-delivery-21afe5bc3958b8b0","플라윙 세트 (윙+봉)","호식이두마리치킨","치킨","치킨","",""
"official-menu-delivery-3223ab5b24e9ac92","매운 양념 치킨","호식이두마리치킨","치킨","치킨","치킨",""
"official-menu-delivery-331041ec0cb86164","수라깐풍 치킨","호식이두마리치킨","치킨","치킨","치킨",""
"official-menu-delivery-34a9f032b20ff67f","매운 간장 치킨","호식이두마리치킨","치킨","치킨","치킨",""
"official-menu-delivery-36a84e8c85f82e87","크리스피 치킨넥","호식이두마리치킨","치킨","치킨","치킨",""
"official-menu-delivery-3c9b97d18f5b0798","요거치즈닝치킨(안심 순살)","호식이두마리치킨","치킨","치킨","치킨",""
"official-menu-delivery-3e6c22ae3cf117cf","허니갈릭치즈볼(6개)","호식이두마리치킨","치킨","사이드","",""
"official-menu-delivery-4fb1d9a1ae0b106c","호식이 안심텐더","호식이두마리치킨","치킨","","","UNKNOWN_INDIVIDUAL_MENU_CATEGORY"
"official-menu-delivery-567cfbf037fc0432","타코마요 치킨","호식이두마리치킨","치킨","치킨","치킨",""
"official-menu-delivery-5d5b4abf91c30369","깐쇼킹 치킨","호식이두마리치킨","치킨","치킨","치킨",""
"official-menu-delivery-5e43022385db1355","후라이드 치킨","호식이두마리치킨","치킨","치킨","치킨",""
"official-menu-delivery-6a19eb37c93182cc","날개+다리","호식이두마리치킨","치킨","","","UNKNOWN_INDIVIDUAL_MENU_CATEGORY"
"official-menu-delivery-6d205f69d4275603","로제비엔나떡볶이","호식이두마리치킨","치킨","분식","분식",""
"official-menu-delivery-83aa5ffe97324c77","레몬크림탕슈(안심 순살)","호식이두마리치킨","치킨","","","UNKNOWN_INDIVIDUAL_MENU_CATEGORY"
"official-menu-delivery-891fa5aa395a9927","체다마요 감자튀김","호식이두마리치킨","치킨","사이드","",""
"official-menu-delivery-8ae8aeb0595ad07f","다리 (스틱)","호식이두마리치킨","치킨","","","UNKNOWN_INDIVIDUAL_MENU_CATEGORY"
"official-menu-delivery-92e10247cb87cb4f","닭발 튀김","호식이두마리치킨","치킨","","","UNKNOWN_INDIVIDUAL_MENU_CATEGORY"
"official-menu-delivery-92e5908c6f951ebb","감자튀김","호식이두마리치킨","치킨","사이드","",""
"official-menu-delivery-987a6851570235df","똥집 튀김","호식이두마리치킨","치킨","","","UNKNOWN_INDIVIDUAL_MENU_CATEGORY"
"official-menu-delivery-9bc7841e4ff08d5c","감자볼튀김","호식이두마리치킨","치킨","","","UNKNOWN_INDIVIDUAL_MENU_CATEGORY"
"official-menu-delivery-ac8a115ab6e5d9f6","치즈볼 2종세트","호식이두마리치킨","치킨","사이드","",""
"official-menu-delivery-aea6443dd8cfefdf","간장 치킨","호식이두마리치킨","치킨","치킨","치킨",""
"official-menu-delivery-b06cecd7ffe2ee2a","트리플 치즈볼(6개)","호식이두마리치킨","치킨","사이드","",""
"official-menu-delivery-b3c80770209c96f4","맵시크 치킨","호식이두마리치킨","치킨","치킨","치킨",""
"official-menu-delivery-b6687064a9173039","크리스피골드","호식이두마리치킨","치킨","","","UNKNOWN_INDIVIDUAL_MENU_CATEGORY"
"official-menu-delivery-b89a14645367d2a2","딥블랙갈릭 치킨","호식이두마리치킨","치킨","치킨","치킨",""
"official-menu-delivery-c50191ed4ce32b7d","똥집미니튀김","호식이두마리치킨","치킨","","","UNKNOWN_INDIVIDUAL_MENU_CATEGORY"
"official-menu-delivery-cd9ef4934600327c","청양고추마요 치킨","호식이두마리치킨","치킨","치킨","치킨",""
"official-menu-delivery-df819b9d6186aaf4","통살가득 텐더킹","호식이두마리치킨","치킨","","","UNKNOWN_INDIVIDUAL_MENU_CATEGORY"
"official-menu-delivery-e6754866f1de0fd0","양념 치킨","호식이두마리치킨","치킨","치킨","치킨",""
"official-menu-delivery-e7b43671ecbb7d16","마늘떡볶이","호식이두마리치킨","치킨","분식","분식",""
"official-menu-delivery-f759b34e4e4066af","치폴레 감자튀김","호식이두마리치킨","치킨","사이드","",""
