sourceRow,sourceFoodCode,name,majorCategory,middleCategory,minorCategory,detailCategory,sourceReference,sourceKcal,assetReferenceAmount,assetUnit,assetKcal,classification,reasonCodes,massAlternativeCodes,verifiedHouseholdSource,directRecordEnabled,searchRankDemoted,sourceAssetMismatch
7,D501-052470000-0001,흑미밥_찹쌀,밥류,찹쌀,해당없음,해당없음,100ml,118,100,ml,118,VOLUME_ONLY_UNRESOLVED,SOLID_WITH_VOLUME_BASIS;VOLUME_ONLY_NO_SAFE_ALTERNATIVE;SOURCE_UNIT_PRESERVED;DIRECT_RECORD_DISABLED;SEARCH_RANK_DEMOTED,,,false,true,
8,D601-052470000-0001,흑미밥_찹쌀,밥류,찹쌀,해당없음,해당없음,100ml,121,100,ml,121,VOLUME_ONLY_UNRESOLVED,SOLID_WITH_VOLUME_BASIS;VOLUME_ONLY_NO_SAFE_ALTERNATIVE;SOURCE_UNIT_PRESERVED;DIRECT_RECORD_DISABLED;SEARCH_RANK_DEMOTED,,,false,true,
9,D701-052000000-0001,흑미밥,밥류,해당없음,해당없음,해당없음,100ml,118,100,ml,118,VOLUME_ONLY_UNRESOLVED,SOLID_WITH_VOLUME_BASIS;VOLUME_ONLY_NO_SAFE_ALTERNATIVE;SOURCE_UNIT_PRESERVED;DIRECT_RECORD_DISABLED;SEARCH_RANK_DEMOTED,,,false,true,
10,D601-052000000-0001,흑미밥,밥류,해당없음,해당없음,해당없음,100ml,118,100,ml,118,VOLUME_ONLY_UNRESOLVED,SOLID_WITH_VOLUME_BASIS;VOLUME_ONLY_NO_SAFE_ALTERNATIVE;SOURCE_UNIT_PRESERVED;DIRECT_RECORD_DISABLED;SEARCH_RANK_DEMOTED,,,false,true,
11,D501-052000000-0001,흑미밥,밥류,해당없음,해당없음,해당없음,100ml,120,100,ml,120,VOLUME_ONLY_UNRESOLVED,SOLID_WITH_VOLUME_BASIS;VOLUME_ONLY_NO_SAFE_ALTERNATIVE;SOURCE_UNIT_PRESERVED;DIRECT_RECORD_DISABLED;SEARCH_RANK_DEMOTED,,,false,true,
12,D401-052000000-0001,흑미밥,밥류,해당없음,해당없음,해당없음,100ml,120,100,ml,120,VOLUME_ONLY_UNRESOLVED,SOLID_WITH_VOLUME_BASIS;VOLUME_ONLY_NO_SAFE_ALTERNATIVE;SOURCE_UNIT_PRESERVED;DIRECT_RECORD_DISABLED;SEARCH_RANK_DEMOTED,,,false,true,
29,D401-051450000-0001,회덮밥_참치,밥류,참치,해당없음,해당없음,100ml,108,100,ml,108,VOLUME_ONLY_UNRESOLVED,SOLID_WITH_VOLUME_BASIS;VOLUME_ONLY_NO_SAFE_ALTERNATIVE;SOURCE_UNIT_PRESERVED;DIRECT_RECORD_DISABLED;SEARCH_RANK_DEMOTED,,,false,true,
30,D701-051450000-0001,회덮밥_참치,밥류,참치,해당없음,해당없음,100ml,79,100,ml,79,VOLUME_ONLY_UNRESOLVED,SOLID_WITH_VOLUME_BASIS;VOLUME_ONLY_NO_SAFE_ALTERNATIVE;SOURCE_UNIT_PRESERVED;DIRECT_RECORD_DISABLED;SEARCH_RANK_DEMOTED,,,false,true,
33,D403-201000000-0001,회냉면,면 및 만두류,해당없음,해당없음,해당없음,100ml,80,100,ml,80,VOLUME_ONLY_UNRESOLVED,SOLID_WITH_VOLUME_BASIS;VOLUME_ONLY_NO_SAFE_ALTERNATIVE;SOURCE_UNIT_PRESERVED;DIRECT_RECORD_DISABLED;SEARCH_RANK_DEMOTED,,,false,true,
35,D407-351000000-0001,황태콩나물찜,찜류,해당없음,해당없음,해당없음,100ml,82,100,ml,82,VOLUME_ONLY_UNRESOLVED,SOLID_WITH_VOLUME_BASIS;VOLUME_ONLY_NO_SAFE_ALTERNATIVE;SOURCE_UNIT_PRESERVED;DIRECT_RECORD_DISABLED;SEARCH_RANK_DEMOTED,,,false,true,
36,D408-405160000-0001,황태구이_양념,구이류,양념,해당없음,해당없음,100ml,144,100,ml,144,VOLUME_ONLY_UNRESOLVED,SOLID_WITH_VOLUME_BASIS;VOLUME_ONLY_NO_SAFE_ALTERNATIVE;SOURCE_UNIT_PRESERVED;DIRECT_RECORD_DISABLED;SEARCH_RANK_DEMOTED,,,false,true,
39,D409-447000000-0001,화양적,전·적 및 부침류,해당없음,해당없음,해당없음,100ml,128,100,ml,128,MASS_ALTERNATIVE_AVAILABLE,SOLID_WITH_VOLUME_BASIS;MASS_ALTERNATIVE_FOUND;SOURCE_UNIT_PRESERVED;DIRECT_RECORD_DISABLED;SEARCH_RANK_DEMOTED,D309-447000000-0001,,false,true,
132,D714-725000000-0001,홍어회무침,생채·무침류,해당없음,해당없음,해당없음,100ml,61,100,ml,61,VOLUME_ONLY_UNRESOLVED,SOLID_WITH_VOLUME_BASIS;VOLUME_ONLY_NO_SAFE_ALTERNATIVE;SOURCE_UNIT_PRESERVED;DIRECT_RECORD_DISABLED;SEARCH_RANK_DEMOTED,,,false,true,
133,D414-725000000-0001,홍어회무침,생채·무침류,해당없음,해당없음,해당없음,100ml,83,100,ml,83,VOLUME_ONLY_UNRESOLVED,SOLID_WITH_VOLUME_BASIS;VOLUME_ONLY_NO_SAFE_ALTERNATIVE;SOURCE_UNIT_PRESERVED;DIRECT_RECORD_DISABLED;SEARCH_RANK_DEMOTED,,,false,true,
134,D407-350000000-0001,홍어찜,찜류,해당없음,해당없음,해당없음,100ml,41,100,ml,41,VOLUME_ONLY_UNRESOLVED,SOLID_WITH_VOLUME_BASIS;VOLUME_ONLY_NO_SAFE_ALTERNATIVE;SOURCE_UNIT_PRESERVED;DIRECT_RECORD_DISABLED;SEARCH_RANK_DEMOTED,,,false,true,
137,D601-085000000-0001,혼합잡곡밥,밥류,해당없음,해당없음,해당없음,100ml,118,100,ml,118,VOLUME_ONLY_UNRESOLVED,SOLID_WITH_VOLUME_BASIS;VOLUME_ONLY_NO_SAFE_ALTERNATIVE;SOURCE_UNIT_PRESERVED;DIRECT_RECORD_DISABLED;SEARCH_RANK_DEMOTED,,,false,true,
138,D401-085000000-0001,혼합잡곡밥,밥류,해당없음,해당없음,해당없음,100ml,118,100,ml,118,VOLUME_ONLY_UNRESOLVED,SOLID_WITH_VOLUME_BASIS;VOLUME_ONLY_NO_SAFE_ALTERNATIVE;SOURCE_UNIT_PRESERVED;DIRECT_RECORD_DISABLED;SEARCH_RANK_DEMOTED,,,false,true,
139,D501-085000000-0001,혼합잡곡밥,밥류,해당없음,해당없음,해당없음,100ml,118,100,ml,118,VOLUME_ONLY_UNRESOLVED,SOLID_WITH_VOLUME_BASIS;VOLUME_ONLY_NO_SAFE_ALTERNATIVE;SOURCE_UNIT_PRESERVED;DIRECT_RECORD_DISABLED;SEARCH_RANK_DEMOTED,,,false,true,
140,D701-085000000-0001,혼합잡곡밥,밥류,해당없음,해당없음,해당없음,100ml,118,100,ml,118,VOLUME_ONLY_UNRESOLVED,SOLID_WITH_VOLUME_BASIS;VOLUME_ONLY_NO_SAFE_ALTERNATIVE;SOURCE_UNIT_PRESERVED;DIRECT_RECORD_DISABLED;SEARCH_RANK_DEMOTED,,,false,true,
148,D509-445000000-0001,호박전,전·적 및 부침류,해당없음,해당없음,해당없음,100ml,142,100,ml,142,MASS_ALTERNATIVE_AVAILABLE,SOLID_WITH_VOLUME_BASIS;MASS_ALTERNATIVE_FOUND;SOURCE_UNIT_PRESERVED;DIRECT_RECORD_DISABLED;SEARCH_RANK_DEMOTED,D309-445000000-0001,,false,true,
150,D409-445000000-0001,호박전,전·적 및 부침류,해당없음,해당없음,해당없음,100ml,84,100,ml,84,MASS_ALTERNATIVE_AVAILABLE,SOLID_WITH_VOLUME_BASIS;MASS_ALTERNATIVE_FOUND;SOURCE_UNIT_PRESERVED;DIRECT_RECORD_DISABLED;SEARCH_RANK_DEMOTED,D309-445000000-0001,,false,true,
151,D609-445000000-0001,호박전,전·적 및 부침류,해당없음,해당없음,해당없음,100ml,126,100,ml,126,MASS_ALTERNATIVE_AVAILABLE,SOLID_WITH_VOLUME_BASIS;MASS_ALTERNATIVE_FOUND;SOURCE_UNIT_PRESERVED;DIRECT_RECORD_DISABLED;SEARCH_RANK_DEMOTED,D309-445000000-0001,,false,true,
154,D410-505374300-0001,호박볶음_호박_채소,볶음류,호박,채소,해당없음,100ml,34,100,ml,34,VOLUME_ONLY_UNRESOLVED,SOLID_WITH_VOLUME_BASIS;VOLUME_ONLY_NO_SAFE_ALTERNATIVE;SOURCE_UNIT_PRESERVED;DIRECT_RECORD_DISABLED;SEARCH_RANK_DEMOTED,,,false,true,
155,D410-505370000-0001,호박볶음_호박,볶음류,호박,해당없음,해당없음,100ml,27,100,ml,27,VOLUME_ONLY_UNRESOLVED,SOLID_WITH_VOLUME_BASIS;VOLUME_ONLY_NO_SAFE_ALTERNATIVE;SOURCE_UNIT_PRESERVED;DIRECT_RECORD_DISABLED;SEARCH_RANK_DEMOTED,,,false,true,
156,D713-623000000-0001,호박나물,나물·숙채류,해당없음,해당없음,해당없음,100ml,54,100,ml,54,VOLUME_ONLY_UNRESOLVED,SOLID_WITH_VOLUME_BASIS;VOLUME_ONLY_NO_SAFE_ALTERNATIVE;SOURCE_UNIT_PRESERVED;DIRECT_RECORD_DISABLED;SEARCH_RANK_DEMOTED,,,false,true,
157,D613-623000000-0001,호박나물,나물·숙채류,해당없음,해당없음,해당없음,100ml,38,100,ml,38,VOLUME_ONLY_UNRESOLVED,SOLID_WITH_VOLUME_BASIS;VOLUME_ONLY_NO_SAFE_ALTERNATIVE;SOURCE_UNIT_PRESERVED;DIRECT_RECORD_DISABLED;SEARCH_RANK_DEMOTED,,,false,true,
158,D410-533000000-0001,호박고지볶음,볶음류,해당없음,해당없음,해당없음,100ml,104,100,ml,104,VOLUME_ONLY_UNRESOLVED,SOLID_WITH_VOLUME_BASIS;VOLUME_ONLY_NO_SAFE_ALTERNATIVE;SOURCE_UNIT_PRESERVED;DIRECT_RECORD_DISABLED;SEARCH_RANK_DEMOTED,,,false,true,
175,D502-125000000-0001,호떡,빵 및 과자류,해당없음,해당없음,해당없음,100ml,147,100,ml,147,VOLUME_ONLY_UNRESOLVED,SOLID_WITH_VOLUME_BASIS;VOLUME_ONLY_NO_SAFE_ALTERNATIVE;SOURCE_UNIT_PRESERVED;DIRECT_RECORD_DISABLED;SEARCH_RANK_DEMOTED,,,false,true,
176,D402-125000000-0001,호떡,빵 및 과자류,해당없음,해당없음,해당없음,100ml,147,100,ml,147,VOLUME_ONLY_UNRESOLVED,SOLID_WITH_VOLUME_BASIS;VOLUME_ONLY_NO_SAFE_ALTERNATIVE;SOURCE_UNIT_PRESERVED;DIRECT_RECORD_DISABLED;SEARCH_RANK_DEMOTED,,,false,true,
177,D602-125000000-0001,호떡,빵 및 과자류,해당없음,해당없음,해당없음,100ml,147,100,ml,147,VOLUME_ONLY_UNRESOLVED,SOLID_WITH_VOLUME_BASIS;VOLUME_ONLY_NO_SAFE_ALTERNATIVE;SOURCE_UNIT_PRESERVED;DIRECT_RECORD_DISABLED;SEARCH_RANK_DEMOTED,,,false,true,
178,D702-125000000-0001,호떡,빵 및 과자류,해당없음,해당없음,해당없음,100ml,147,100,ml,147,VOLUME_ONLY_UNRESOLVED,SOLID_WITH_VOLUME_BASIS;VOLUME_ONLY_NO_SAFE_ALTERNATIVE;SOURCE_UNIT_PRESERVED;DIRECT_RECORD_DISABLED;SEARCH_RANK_DEMOTED,,,false,true,
180,D701-050330000-0001,현미밥_쌀,밥류,쌀,해당없음,해당없음,100ml,120,100,ml,120,VOLUME_ONLY_UNRESOLVED,SOLID_WITH_VOLUME_BASIS;VOLUME_ONLY_NO_SAFE_ALTERNATIVE;SOURCE_UNIT_PRESERVED;DIRECT_RECORD_DISABLED;SEARCH_RANK_DEMOTED,,,false,true,
181,D601-050330000-0001,현미밥_쌀,밥류,쌀,해당없음,해당없음,100ml,118,100,ml,118,VOLUME_ONLY_UNRESOLVED,SOLID_WITH_VOLUME_BASIS;VOLUME_ONLY_NO_SAFE_ALTERNATIVE;SOURCE_UNIT_PRESERVED;DIRECT_RECORD_DISABLED;SEARCH_RANK_DEMOTED,,,false,true,
182,D501-050330000-0001,현미밥_쌀,밥류,쌀,해당없음,해당없음,100ml,120,100,ml,120,VOLUME_ONLY_UNRESOLVED,SOLID_WITH_VOLUME_BASIS;VOLUME_ONLY_NO_SAFE_ALTERNATIVE;SOURCE_UNIT_PRESERVED;DIRECT_RECORD_DISABLED;SEARCH_RANK_DEMOTED,,,false,true,
183,D701-050000000-0001,현미밥,밥류,해당없음,해당없음,해당없음,100ml,121,100,ml,121,MASS_ALTERNATIVE_AVAILABLE,SOLID_WITH_VOLUME_BASIS;MASS_ALTERNATIVE_FOUND;SOURCE_UNIT_PRESERVED;DIRECT_RECORD_DISABLED;SEARCH_RANK_DEMOTED,D101-050000000-0001,,false,true,
184,D501-050000000-0001,현미밥,밥류,해당없음,해당없음,해당없음,100ml,120,100,ml,120,MASS_ALTERNATIVE_AVAILABLE,SOLID_WITH_VOLUME_BASIS;MASS_ALTERNATIVE_FOUND;SOURCE_UNIT_PRESERVED;DIRECT_RECORD_DISABLED;SEARCH_RANK_DEMOTED,D101-050000000-0001,,false,true,
185,D401-050000000-0001,현미밥,밥류,해당없음,해당없음,해당없음,100ml,120,100,ml,120,MASS_ALTERNATIVE_AVAILABLE,SOLID_WITH_VOLUME_BASIS;MASS_ALTERNATIVE_FOUND;SOURCE_UNIT_PRESERVED;DIRECT_RECORD_DISABLED;SEARCH_RANK_DEMOTED,D101-050000000-0001,,false,true,
186,D601-050000000-0001,현미밥,밥류,해당없음,해당없음,해당없음,100ml,118,100,ml,118,MASS_ALTERNATIVE_AVAILABLE,SOLID_WITH_VOLUME_BASIS;MASS_ALTERNATIVE_FOUND;SOURCE_UNIT_PRESERVED;DIRECT_RECORD_DISABLED;SEARCH_RANK_DEMOTED,D101-050000000-0001,,false,true,
402,D510-504000000-0001,햄채소볶음,볶음류,해당없음,해당없음,해당없음,100ml,296,100,ml,296,VOLUME_ONLY_UNRESOLVED,SOLID_WITH_VOLUME_BASIS;VOLUME_ONLY_NO_SAFE_ALTERNATIVE;SOURCE_UNIT_PRESERVED;DIRECT_RECORD_DISABLED;SEARCH_RANK_DEMOTED,,,false,true,
403,D710-504000000-0001,햄채소볶음,볶음류,해당없음,해당없음,해당없음,100ml,68,100,ml,68,VOLUME_ONLY_UNRESOLVED,SOLID_WITH_VOLUME_BASIS;VOLUME_ONLY_NO_SAFE_ALTERNATIVE;SOURCE_UNIT_PRESERVED;DIRECT_RECORD_DISABLED;SEARCH_RANK_DEMOTED,,,false,true,
404,D610-504000000-0001,햄채소볶음,볶음류,해당없음,해당없음,해당없음,100ml,296,100,ml,296,VOLUME_ONLY_UNRESOLVED,SOLID_WITH_VOLUME_BASIS;VOLUME_ONLY_NO_SAFE_ALTERNATIVE;SOURCE_UNIT_PRESERVED;DIRECT_RECORD_DISABLED;SEARCH_RANK_DEMOTED,,,false,true,
405,D410-504000000-0001,햄채소볶음,볶음류,해당없음,해당없음,해당없음,100ml,67,100,ml,67,VOLUME_ONLY_UNRESOLVED,SOLID_WITH_VOLUME_BASIS;VOLUME_ONLY_NO_SAFE_ALTERNATIVE;SOURCE_UNIT_PRESERVED;DIRECT_RECORD_DISABLED;SEARCH_RANK_DEMOTED,,,false,true,
406,D609-444000000-0001,햄전,전·적 및 부침류,해당없음,해당없음,해당없음,100ml,241,100,ml,241,VOLUME_ONLY_UNRESOLVED,SOLID_WITH_VOLUME_BASIS;VOLUME_ONLY_NO_SAFE_ALTERNATIVE;SOURCE_UNIT_PRESERVED;DIRECT_RECORD_DISABLED;SEARCH_RANK_DEMOTED,,,false,true,
407,D509-444000000-0001,햄전,전·적 및 부침류,해당없음,해당없음,해당없음,100ml,200,100,ml,200,VOLUME_ONLY_UNRESOLVED,SOLID_WITH_VOLUME_BASIS;VOLUME_ONLY_NO_SAFE_ALTERNATIVE;SOURCE_UNIT_PRESERVED;DIRECT_RECORD_DISABLED;SEARCH_RANK_DEMOTED,,,false,true,
408,D614-724000000-0001,햄샐러드,생채·무침류,해당없음,해당없음,해당없음,100ml,107,100,ml,107,VOLUME_ONLY_UNRESOLVED,SOLID_WITH_VOLUME_BASIS;VOLUME_ONLY_NO_SAFE_ALTERNATIVE;SOURCE_UNIT_PRESERVED;DIRECT_RECORD_DISABLED;SEARCH_RANK_DEMOTED,,,false,true,
409,D414-724000000-0001,햄샐러드,생채·무침류,해당없음,해당없음,해당없음,100ml,149,100,ml,149,VOLUME_ONLY_UNRESOLVED,SOLID_WITH_VOLUME_BASIS;VOLUME_ONLY_NO_SAFE_ALTERNATIVE;SOURCE_UNIT_PRESERVED;DIRECT_RECORD_DISABLED;SEARCH_RANK_DEMOTED,,,false,true,
410,D514-724000000-0001,햄샐러드,생채·무침류,해당없음,해당없음,해당없음,100ml,107,100,ml,107,VOLUME_ONLY_UNRESOLVED,SOLID_WITH_VOLUME_BASIS;VOLUME_ONLY_NO_SAFE_ALTERNATIVE;SOURCE_UNIT_PRESERVED;DIRECT_RECORD_DISABLED;SEARCH_RANK_DEMOTED,,,false,true,
411,D714-724000000-0001,햄샐러드,생채·무침류,해당없음,해당없음,해당없음,100ml,136,100,ml,136,VOLUME_ONLY_UNRESOLVED,SOLID_WITH_VOLUME_BASIS;VOLUME_ONLY_NO_SAFE_ALTERNATIVE;SOURCE_UNIT_PRESERVED;DIRECT_RECORD_DISABLED;SEARCH_RANK_DEMOTED,,,false,true,
412,D602-149320000-0001,햄샌드위치_치즈,빵 및 과자류,치즈,해당없음,해당없음,100ml,252,100,ml,252,VOLUME_ONLY_UNRESOLVED,SOLID_WITH_VOLUME_BASIS;VOLUME_ONLY_NO_SAFE_ALTERNATIVE;SOURCE_UNIT_PRESERVED;DIRECT_RECORD_DISABLED;SEARCH_RANK_DEMOTED,,,false,true,
413,D502-149320000-0001,햄샌드위치_치즈,빵 및 과자류,치즈,해당없음,해당없음,100ml,252,100,ml,252,VOLUME_ONLY_UNRESOLVED,SOLID_WITH_VOLUME_BASIS;VOLUME_ONLY_NO_SAFE_ALTERNATIVE;SOURCE_UNIT_PRESERVED;DIRECT_RECORD_DISABLED;SEARCH_RANK_DEMOTED,,,false,true,
414,D702-149000000-0001,햄샌드위치,빵 및 과자류,해당없음,해당없음,해당없음,100ml,192,100,ml,192,VOLUME_ONLY_UNRESOLVED,SOLID_WITH_VOLUME_BASIS;VOLUME_ONLY_NO_SAFE_ALTERNATIVE;SOURCE_UNIT_PRESERVED;DIRECT_RECORD_DISABLED;SEARCH_RANK_DEMOTED,,,false,true,
415,D402-149000000-0001,햄샌드위치,빵 및 과자류,해당없음,해당없음,해당없음,100ml,185,100,ml,185,VOLUME_ONLY_UNRESOLVED,SOLID_WITH_VOLUME_BASIS;VOLUME_ONLY_NO_SAFE_ALTERNATIVE;SOURCE_UNIT_PRESERVED;DIRECT_RECORD_DISABLED;SEARCH_RANK_DEMOTED,,,false,true,
417,D509-443000000-0001,햄부침,전·적 및 부침류,해당없음,해당없음,해당없음,100ml,160,100,ml,160,MASS_ALTERNATIVE_AVAILABLE,SOLID_WITH_VOLUME_BASIS;MASS_ALTERNATIVE_FOUND;SOURCE_UNIT_PRESERVED;DIRECT_RECORD_DISABLED;SEARCH_RANK_DEMOTED,D309-443000000-0001,,false,true,
418,D609-443000000-0001,햄부침,전·적 및 부침류,해당없음,해당없음,해당없음,100ml,237,100,ml,237,MASS_ALTERNATIVE_AVAILABLE,SOLID_WITH_VOLUME_BASIS;MASS_ALTERNATIVE_FOUND;SOURCE_UNIT_PRESERVED;DIRECT_RECORD_DISABLED;SEARCH_RANK_DEMOTED,D309-443000000-0001,,false,true,
419,D409-443000000-0001,햄부침,전·적 및 부침류,해당없음,해당없음,해당없음,100ml,221,100,ml,221,MASS_ALTERNATIVE_AVAILABLE,SOLID_WITH_VOLUME_BASIS;MASS_ALTERNATIVE_FOUND;SOURCE_UNIT_PRESERVED;DIRECT_RECORD_DISABLED;SEARCH_RANK_DEMOTED,D309-443000000-0001,,false,true,
420,D709-443000000-0001,햄부침,전·적 및 부침류,해당없음,해당없음,해당없음,100ml,221,100,ml,221,MASS_ALTERNATIVE_AVAILABLE,SOLID_WITH_VOLUME_BASIS;MASS_ALTERNATIVE_FOUND;SOURCE_UNIT_PRESERVED;DIRECT_RECORD_DISABLED;SEARCH_RANK_DEMOTED,D309-443000000-0001,,false,true,
442,D402-123460000-0001,햄버거_치킨,빵 및 과자류,치킨,해당없음,해당없음,100ml,123,100,ml,123,VOLUME_ONLY_UNRESOLVED,SOLID_WITH_VOLUME_BASIS;VOLUME_ONLY_NO_SAFE_ALTERNATIVE;SOURCE_UNIT_PRESERVED;DIRECT_RECORD_DISABLED;SEARCH_RANK_DEMOTED,,,false,true,
443,D602-123460000-0001,햄버거_치킨,빵 및 과자류,치킨,해당없음,해당없음,100ml,123,100,ml,123,VOLUME_ONLY_UNRESOLVED,SOLID_WITH_VOLUME_BASIS;VOLUME_ONLY_NO_SAFE_ALTERNATIVE;SOURCE_UNIT_PRESERVED;DIRECT_RECORD_DISABLED;SEARCH_RANK_DEMOTED,,,false,true,
444,D702-123460000-0001,햄버거_치킨,빵 및 과자류,치킨,해당없음,해당없음,100ml,123,100,ml,123,VOLUME_ONLY_UNRESOLVED,SOLID_WITH_VOLUME_BASIS;VOLUME_ONLY_NO_SAFE_ALTERNATIVE;SOURCE_UNIT_PRESERVED;DIRECT_RECORD_DISABLED;SEARCH_RANK_DEMOTED,,,false,true,
503,D402-123450000-0001,햄버거_돼지고기,빵 및 과자류,돼지고기,해당없음,해당없음,100ml,204,100,ml,204,VOLUME_ONLY_UNRESOLVED,SOLID_WITH_VOLUME_BASIS;VOLUME_ONLY_NO_SAFE_ALTERNATIVE;SOURCE_UNIT_PRESERVED;DIRECT_RECORD_DISABLED;SEARCH_RANK_DEMOTED,,,false,true,
504,D702-123450000-0001,햄버거_돼지고기,빵 및 과자류,돼지고기,해당없음,해당없음,100ml,204,100,ml,204,VOLUME_ONLY_UNRESOLVED,SOLID_WITH_VOLUME_BASIS;VOLUME_ONLY_NO_SAFE_ALTERNATIVE;SOURCE_UNIT_PRESERVED;DIRECT_RECORD_DISABLED;SEARCH_RANK_DEMOTED,,,false,true,
552,D602-123000000-0001,햄버거,빵 및 과자류,해당없음,해당없음,해당없음,100ml,229,100,ml,229,MASS_ALTERNATIVE_AVAILABLE,SOLID_WITH_VOLUME_BASIS;MASS_ALTERNATIVE_FOUND;SOURCE_UNIT_PRESERVED;DIRECT_RECORD_DISABLED;SEARCH_RANK_DEMOTED,D102-123000000-0001;D302-123000000-0001,,false,true,
553,D702-123000000-0001,햄버거,빵 및 과자류,해당없음,해당없음,해당없음,100ml,229,100,ml,229,MASS_ALTERNATIVE_AVAILABLE,SOLID_WITH_VOLUME_BASIS;MASS_ALTERNATIVE_FOUND;SOURCE_UNIT_PRESERVED;DIRECT_RECORD_DISABLED;SEARCH_RANK_DEMOTED,D102-123000000-0001;D302-123000000-0001,,false,true,
555,D708-446000000-0001,햄구이,구이류,해당없음,해당없음,해당없음,100ml,148,100,ml,148,VOLUME_ONLY_UNRESOLVED,SOLID_WITH_VOLUME_BASIS;VOLUME_ONLY_NO_SAFE_ALTERNATIVE;SOURCE_UNIT_PRESERVED;DIRECT_RECORD_DISABLED;SEARCH_RANK_DEMOTED,,,false,true,
556,D608-446000000-0001,햄구이,구이류,해당없음,해당없음,해당없음,100ml,260,100,ml,260,VOLUME_ONLY_UNRESOLVED,SOLID_WITH_VOLUME_BASIS;VOLUME_ONLY_NO_SAFE_ALTERNATIVE;SOURCE_UNIT_PRESERVED;DIRECT_RECORD_DISABLED;SEARCH_RANK_DEMOTED,,,false,true,
557,D408-446000000-0001,햄구이,구이류,해당없음,해당없음,해당없음,100ml,148,100,ml,148,VOLUME_ONLY_UNRESOLVED,SOLID_WITH_VOLUME_BASIS;VOLUME_ONLY_NO_SAFE_ALTERNATIVE;SOURCE_UNIT_PRESERVED;DIRECT_RECORD_DISABLED;SEARCH_RANK_DEMOTED,,,false,true,
558,D508-446000000-0001,햄구이,구이류,해당없음,해당없음,해당없음,100ml,154,100,ml,154,VOLUME_ONLY_UNRESOLVED,SOLID_WITH_VOLUME_BASIS;VOLUME_ONLY_NO_SAFE_ALTERNATIVE;SOURCE_UNIT_PRESERVED;DIRECT_RECORD_DISABLED;SEARCH_RANK_DEMOTED,,,false,true,
559,D714-723000000-0001,해파리냉채,생채·무침류,해당없음,해당없음,해당없음,100ml,31,100,ml,31,VOLUME_ONLY_UNRESOLVED,SOLID_WITH_VOLUME_BASIS;VOLUME_ONLY_NO_SAFE_ALTERNATIVE;SOURCE_UNIT_PRESERVED;DIRECT_RECORD_DISABLED;SEARCH_RANK_DEMOTED,,,false,true,
560,D514-723000000-0001,해파리냉채,생채·무침류,해당없음,해당없음,해당없음,100ml,49,100,ml,49,VOLUME_ONLY_UNRESOLVED,SOLID_WITH_VOLUME_BASIS;VOLUME_ONLY_NO_SAFE_ALTERNATIVE;SOURCE_UNIT_PRESERVED;DIRECT_RECORD_DISABLED;SEARCH_RANK_DEMOTED,,,false,true,
561,D414-723000000-0001,해파리냉채,생채·무침류,해당없음,해당없음,해당없음,100ml,31,100,ml,31,VOLUME_ONLY_UNRESOLVED,SOLID_WITH_VOLUME_BASIS;VOLUME_ONLY_NO_SAFE_ALTERNATIVE;SOURCE_UNIT_PRESERVED;DIRECT_RECORD_DISABLED;SEARCH_RANK_DEMOTED,,,false,true,
572,D409-442000000-0001,해물파전,전·적 및 부침류,해당없음,해당없음,해당없음,100ml,106,100,ml,106,VOLUME_ONLY_UNRESOLVED,SOLID_WITH_VOLUME_BASIS;VOLUME_ONLY_NO_SAFE_ALTERNATIVE;SOURCE_UNIT_PRESERVED;DIRECT_RECORD_DISABLED;SEARCH_RANK_DEMOTED,,,false,true,
573,D709-442000000-0001,해물파전,전·적 및 부침류,해당없음,해당없음,해당없음,100ml,142,100,ml,142,VOLUME_ONLY_UNRESOLVED,SOLID_WITH_VOLUME_BASIS;VOLUME_ONLY_NO_SAFE_ALTERNATIVE;SOURCE_UNIT_PRESERVED;DIRECT_RECORD_DISABLED;SEARCH_RANK_DEMOTED,,,false,true,
574,D609-442000000-0001,해물파전,전·적 및 부침류,해당없음,해당없음,해당없음,100ml,128,100,ml,128,VOLUME_ONLY_UNRESOLVED,SOLID_WITH_VOLUME_BASIS;VOLUME_ONLY_NO_SAFE_ALTERNATIVE;SOURCE_UNIT_PRESERVED;DIRECT_RECORD_DISABLED;SEARCH_RANK_DEMOTED,,,false,true,
577,D707-349000000-0001,해물콩나물찜,찜류,해당없음,해당없음,해당없음,100ml,48,100,ml,48,VOLUME_ONLY_UNRESOLVED,SOLID_WITH_VOLUME_BASIS;VOLUME_ONLY_NO_SAFE_ALTERNATIVE;SOURCE_UNIT_PRESERVED;DIRECT_RECORD_DISABLED;SEARCH_RANK_DEMOTED,,,false,true,
578,D407-349000000-0001,해물콩나물찜,찜류,해당없음,해당없음,해당없음,100ml,51,100,ml,51,VOLUME_ONLY_UNRESOLVED,SOLID_WITH_VOLUME_BASIS;VOLUME_ONLY_NO_SAFE_ALTERNATIVE;SOURCE_UNIT_PRESERVED;DIRECT_RECORD_DISABLED;SEARCH_RANK_DEMOTED,,,false,true,
579,D403-178000000-0001,해물칼국수,면 및 만두류,해당없음,해당없음,해당없음,100ml,77,100,ml,77,VOLUME_ONLY_UNRESOLVED,SOLID_WITH_VOLUME_BASIS;VOLUME_ONLY_NO_SAFE_ALTERNATIVE;SOURCE_UNIT_PRESERVED;DIRECT_RECORD_DISABLED;SEARCH_RANK_DEMOTED,,,false,true,
585,D410-502000000-0001,해물볶음,볶음류,해당없음,해당없음,해당없음,100ml,137,100,ml,137,MASS_ALTERNATIVE_AVAILABLE,SOLID_WITH_VOLUME_BASIS;MASS_ALTERNATIVE_FOUND;SOURCE_UNIT_PRESERVED;DIRECT_RECORD_DISABLED;SEARCH_RANK_DEMOTED,D310-502000000-0001,,false,true,
586,D510-502000000-0001,해물볶음,볶음류,해당없음,해당없음,해당없음,100ml,62,100,ml,62,MASS_ALTERNATIVE_AVAILABLE,SOLID_WITH_VOLUME_BASIS;MASS_ALTERNATIVE_FOUND;SOURCE_UNIT_PRESERVED;DIRECT_RECORD_DISABLED;SEARCH_RANK_DEMOTED,D310-502000000-0001,,false,true,
587,D710-502000000-0001,해물볶음,볶음류,해당없음,해당없음,해당없음,100ml,133,100,ml,133,MASS_ALTERNATIVE_AVAILABLE,SOLID_WITH_VOLUME_BASIS;MASS_ALTERNATIVE_FOUND;SOURCE_UNIT_PRESERVED;DIRECT_RECORD_DISABLED;SEARCH_RANK_DEMOTED,D310-502000000-0001,,false,true,
588,D509-461000000-0001,해물 채소전,전·적 및 부침류,해당없음,해당없음,해당없음,100ml,195,100,ml,195,VOLUME_ONLY_UNRESOLVED,SOLID_WITH_VOLUME_BASIS;VOLUME_ONLY_NO_SAFE_ALTERNATIVE;SOURCE_UNIT_PRESERVED;DIRECT_RECORD_DISABLED;SEARCH_RANK_DEMOTED,,,false,true,
589,D709-460000000-0001,해물 완자전,전·적 및 부침류,해당없음,해당없음,해당없음,100ml,206,100,ml,206,VOLUME_ONLY_UNRESOLVED,SOLID_WITH_VOLUME_BASIS;VOLUME_ONLY_NO_SAFE_ALTERNATIVE;SOURCE_UNIT_PRESERVED;DIRECT_RECORD_DISABLED;SEARCH_RANK_DEMOTED,,,false,true,
590,D609-460000000-0001,해물 완자전,전·적 및 부침류,해당없음,해당없음,해당없음,100ml,236,100,ml,236,VOLUME_ONLY_UNRESOLVED,SOLID_WITH_VOLUME_BASIS;VOLUME_ONLY_NO_SAFE_ALTERNATIVE;SOURCE_UNIT_PRESERVED;DIRECT_RECORD_DISABLED;SEARCH_RANK_DEMOTED,,,false,true,
591,D409-460000000-0001,해물 완자전,전·적 및 부침류,해당없음,해당없음,해당없음,100ml,206,100,ml,206,VOLUME_ONLY_UNRESOLVED,SOLID_WITH_VOLUME_BASIS;VOLUME_ONLY_NO_SAFE_ALTERNATIVE;SOURCE_UNIT_PRESERVED;DIRECT_RECORD_DISABLED;SEARCH_RANK_DEMOTED,,,false,true,
592,D509-460000000-0001,해물 완자전,전·적 및 부침류,해당없음,해당없음,해당없음,100ml,236,100,ml,236,VOLUME_ONLY_UNRESOLVED,SOLID_WITH_VOLUME_BASIS;VOLUME_ONLY_NO_SAFE_ALTERNATIVE;SOURCE_UNIT_PRESERVED;DIRECT_RECORD_DISABLED;SEARCH_RANK_DEMOTED,,,false,true,
593,D703-200000000-0001,해물 스파게티,면 및 만두류,해당없음,해당없음,해당없음,100ml,82,100,ml,82,VOLUME_ONLY_UNRESOLVED,SOLID_WITH_VOLUME_BASIS;VOLUME_ONLY_NO_SAFE_ALTERNATIVE;SOURCE_UNIT_PRESERVED;DIRECT_RECORD_DISABLED;SEARCH_RANK_DEMOTED,,,false,true,
594,D503-200000000-0001,해물 스파게티,면 및 만두류,해당없음,해당없음,해당없음,100ml,82,100,ml,82,VOLUME_ONLY_UNRESOLVED,SOLID_WITH_VOLUME_BASIS;VOLUME_ONLY_NO_SAFE_ALTERNATIVE;SOURCE_UNIT_PRESERVED;DIRECT_RECORD_DISABLED;SEARCH_RANK_DEMOTED,,,false,true,
595,D403-200000000-0001,해물 스파게티,면 및 만두류,해당없음,해당없음,해당없음,100ml,82,100,ml,82,VOLUME_ONLY_UNRESOLVED,SOLID_WITH_VOLUME_BASIS;VOLUME_ONLY_NO_SAFE_ALTERNATIVE;SOURCE_UNIT_PRESERVED;DIRECT_RECORD_DISABLED;SEARCH_RANK_DEMOTED,,,false,true,
602,D401-084000000-0001,해물 덮밥,밥류,해당없음,해당없음,해당없음,100ml,78,100,ml,78,VOLUME_ONLY_UNRESOLVED,SOLID_WITH_VOLUME_BASIS;VOLUME_ONLY_NO_SAFE_ALTERNATIVE;SOURCE_UNIT_PRESERVED;DIRECT_RECORD_DISABLED;SEARCH_RANK_DEMOTED,,,false,true,
603,D602-148000000-0001,핫케이크,빵 및 과자류,해당없음,해당없음,해당없음,100ml,193,100,ml,193,VOLUME_ONLY_UNRESOLVED,SOLID_WITH_VOLUME_BASIS;VOLUME_ONLY_NO_SAFE_ALTERNATIVE;SOURCE_UNIT_PRESERVED;DIRECT_RECORD_DISABLED;SEARCH_RANK_DEMOTED,,,false,true,
667,D608-404000000-0001,함박스테이크,구이류,해당없음,해당없음,해당없음,100ml,250,100,ml,250,MASS_ALTERNATIVE_AVAILABLE,SOLID_WITH_VOLUME_BASIS;MASS_ALTERNATIVE_FOUND;SOURCE_UNIT_PRESERVED;DIRECT_RECORD_DISABLED;SEARCH_RANK_DEMOTED,D108-404000000-0001;D308-404000000-0002,,false,true,
668,D508-404000000-0001,함박스테이크,구이류,해당없음,해당없음,해당없음,100ml,250,100,ml,250,MASS_ALTERNATIVE_AVAILABLE,SOLID_WITH_VOLUME_BASIS;MASS_ALTERNATIVE_FOUND;SOURCE_UNIT_PRESERVED;DIRECT_RECORD_DISABLED;SEARCH_RANK_DEMOTED,D108-404000000-0001;D308-404000000-0002,,false,true,
669,D408-404000000-0001,함박스테이크,구이류,해당없음,해당없음,해당없음,100ml,165,100,ml,165,MASS_ALTERNATIVE_AVAILABLE,SOLID_WITH_VOLUME_BASIS;MASS_ALTERNATIVE_FOUND;SOURCE_UNIT_PRESERVED;DIRECT_RECORD_DISABLED;SEARCH_RANK_DEMOTED,D108-404000000-0001;D308-404000000-0002,,false,true,
671,D708-404000000-0001,함박스테이크,구이류,해당없음,해당없음,해당없음,100ml,155,100,ml,155,MASS_ALTERNATIVE_AVAILABLE,SOLID_WITH_VOLUME_BASIS;MASS_ALTERNATIVE_FOUND;SOURCE_UNIT_PRESERVED;DIRECT_RECORD_DISABLED;SEARCH_RANK_DEMOTED,D108-404000000-0001;D308-404000000-0002,,false,true,
673,D601-049000000-0001,하이라이스,밥류,해당없음,해당없음,해당없음,100ml,120,100,ml,120,MASS_ALTERNATIVE_AVAILABLE,SOLID_WITH_VOLUME_BASIS;MASS_ALTERNATIVE_FOUND;SOURCE_UNIT_PRESERVED;DIRECT_RECORD_DISABLED;SEARCH_RANK_DEMOTED,D101-049000000-0001,,false,true,
674,D701-049000000-0001,하이라이스,밥류,해당없음,해당없음,해당없음,100ml,111,100,ml,111,MASS_ALTERNATIVE_AVAILABLE,SOLID_WITH_VOLUME_BASIS;MASS_ALTERNATIVE_FOUND;SOURCE_UNIT_PRESERVED;DIRECT_RECORD_DISABLED;SEARCH_RANK_DEMOTED,D101-049000000-0001,,false,true,
675,D414-659000000-0001,피조개무침,생채·무침류,해당없음,해당없음,해당없음,100ml,77,100,ml,77,MASS_ALTERNATIVE_AVAILABLE,SOLID_WITH_VOLUME_BASIS;MASS_ALTERNATIVE_FOUND;SOURCE_UNIT_PRESERVED;DIRECT_RECORD_DISABLED;SEARCH_RANK_DEMOTED,D114-659000000-0001,,false,true,
5401,D702-120000000-0001,피자,빵 및 과자류,해당없음,해당없음,해당없음,100ml,128,100,ml,128,VOLUME_ONLY_UNRESOLVED,SOLID_WITH_VOLUME_BASIS;VOLUME_ONLY_NO_SAFE_ALTERNATIVE;SOURCE_UNIT_PRESERVED;DIRECT_RECORD_DISABLED;SEARCH_RANK_DEMOTED,,,false,true,
5402,D602-120000000-0001,피자,빵 및 과자류,해당없음,해당없음,해당없음,100ml,219,100,ml,219,VOLUME_ONLY_UNRESOLVED,SOLID_WITH_VOLUME_BASIS;VOLUME_ONLY_NO_SAFE_ALTERNATIVE;SOURCE_UNIT_PRESERVED;DIRECT_RECORD_DISABLED;SEARCH_RANK_DEMOTED,,,false,true,
5403,D402-120000000-0001,피자,빵 및 과자류,해당없음,해당없음,해당없음,100ml,153,100,ml,153,VOLUME_ONLY_UNRESOLVED,SOLID_WITH_VOLUME_BASIS;VOLUME_ONLY_NO_SAFE_ALTERNATIVE;SOURCE_UNIT_PRESERVED;DIRECT_RECORD_DISABLED;SEARCH_RANK_DEMOTED,,,false,true,
5404,D502-120000000-0001,피자,빵 및 과자류,해당없음,해당없음,해당없음,100ml,231,100,ml,231,VOLUME_ONLY_UNRESOLVED,SOLID_WITH_VOLUME_BASIS;VOLUME_ONLY_NO_SAFE_ALTERNATIVE;SOURCE_UNIT_PRESERVED;DIRECT_RECORD_DISABLED;SEARCH_RANK_DEMOTED,,,false,true,
5405,D410-532000000-0001,피망볶음,볶음류,해당없음,해당없음,해당없음,100ml,138,100,ml,138,VOLUME_ONLY_UNRESOLVED,SOLID_WITH_VOLUME_BASIS;VOLUME_ONLY_NO_SAFE_ALTERNATIVE;SOURCE_UNIT_PRESERVED;DIRECT_RECORD_DISABLED;SEARCH_RANK_DEMOTED,,,false,true,
5406,D510-532000000-0001,피망볶음,볶음류,해당없음,해당없음,해당없음,100ml,84,100,ml,84,VOLUME_ONLY_UNRESOLVED,SOLID_WITH_VOLUME_BASIS;VOLUME_ONLY_NO_SAFE_ALTERNATIVE;SOURCE_UNIT_PRESERVED;DIRECT_RECORD_DISABLED;SEARCH_RANK_DEMOTED,,,false,true,
5464,D714-658000000-0001,풋마늘무침,생채·무침류,해당없음,해당없음,해당없음,100ml,62,100,ml,62,MASS_ALTERNATIVE_AVAILABLE,SOLID_WITH_VOLUME_BASIS;MASS_ALTERNATIVE_FOUND;SOURCE_UNIT_PRESERVED;DIRECT_RECORD_DISABLED;SEARCH_RANK_DEMOTED,D114-658000000-0001,,false,true,
5465,D414-658000000-0001,풋마늘무침,생채·무침류,해당없음,해당없음,해당없음,100ml,38,100,ml,38,MASS_ALTERNATIVE_AVAILABLE,SOLID_WITH_VOLUME_BASIS;MASS_ALTERNATIVE_FOUND;SOURCE_UNIT_PRESERVED;DIRECT_RECORD_DISABLED;SEARCH_RANK_DEMOTED,D114-658000000-0001,,false,true,
5467,D407-347000000-0001,풋고추찜,찜류,해당없음,해당없음,해당없음,100ml,55,100,ml,55,MASS_ALTERNATIVE_AVAILABLE,SOLID_WITH_VOLUME_BASIS;MASS_ALTERNATIVE_FOUND;SOURCE_UNIT_PRESERVED;DIRECT_RECORD_DISABLED;SEARCH_RANK_DEMOTED,D107-347000000-0001,,false,true,
5471,D414-657000000-0001,풋고추된장무침,생채·무침류,해당없음,해당없음,해당없음,100ml,45,100,ml,45,VOLUME_ONLY_UNRESOLVED,SOLID_WITH_VOLUME_BASIS;VOLUME_ONLY_NO_SAFE_ALTERNATIVE;SOURCE_UNIT_PRESERVED;DIRECT_RECORD_DISABLED;SEARCH_RANK_DEMOTED,,,false,true,
5472,D514-657000000-0001,풋고추된장무침,생채·무침류,해당없음,해당없음,해당없음,100ml,45,100,ml,45,VOLUME_ONLY_UNRESOLVED,SOLID_WITH_VOLUME_BASIS;VOLUME_ONLY_NO_SAFE_ALTERNATIVE;SOURCE_UNIT_PRESERVED;DIRECT_RECORD_DISABLED;SEARCH_RANK_DEMOTED,,,false,true,
5473,D714-657000000-0001,풋고추된장무침,생채·무침류,해당없음,해당없음,해당없음,100ml,45,100,ml,45,VOLUME_ONLY_UNRESOLVED,SOLID_WITH_VOLUME_BASIS;VOLUME_ONLY_NO_SAFE_ALTERNATIVE;SOURCE_UNIT_PRESERVED;DIRECT_RECORD_DISABLED;SEARCH_RANK_DEMOTED,,,false,true,
5474,D710-500000000-0001,표고버섯볶음,볶음류,해당없음,해당없음,해당없음,100ml,35,100,ml,35,VOLUME_ONLY_UNRESOLVED,SOLID_WITH_VOLUME_BASIS;VOLUME_ONLY_NO_SAFE_ALTERNATIVE;SOURCE_UNIT_PRESERVED;DIRECT_RECORD_DISABLED;SEARCH_RANK_DEMOTED,,,false,true,
5475,D610-500000000-0001,표고버섯볶음,볶음류,해당없음,해당없음,해당없음,100ml,34,100,ml,34,VOLUME_ONLY_UNRESOLVED,SOLID_WITH_VOLUME_BASIS;VOLUME_ONLY_NO_SAFE_ALTERNATIVE;SOURCE_UNIT_PRESERVED;DIRECT_RECORD_DISABLED;SEARCH_RANK_DEMOTED,,,false,true,
5476,D410-500000000-0001,표고버섯볶음,볶음류,해당없음,해당없음,해당없음,100ml,35,100,ml,35,VOLUME_ONLY_UNRESOLVED,SOLID_WITH_VOLUME_BASIS;VOLUME_ONLY_NO_SAFE_ALTERNATIVE;SOURCE_UNIT_PRESERVED;DIRECT_RECORD_DISABLED;SEARCH_RANK_DEMOTED,,,false,true,
5477,D510-500000000-0001,표고버섯볶음,볶음류,해당없음,해당없음,해당없음,100ml,35,100,ml,35,VOLUME_ONLY_UNRESOLVED,SOLID_WITH_VOLUME_BASIS;VOLUME_ONLY_NO_SAFE_ALTERNATIVE;SOURCE_UNIT_PRESERVED;DIRECT_RECORD_DISABLED;SEARCH_RANK_DEMOTED,,,false,true,
5478,D610-531000000-0001,폭찹,볶음류,해당없음,해당없음,해당없음,100ml,124,100,ml,124,VOLUME_ONLY_UNRESOLVED,SOLID_WITH_VOLUME_BASIS;VOLUME_ONLY_NO_SAFE_ALTERNATIVE;SOURCE_UNIT_PRESERVED;DIRECT_RECORD_DISABLED;SEARCH_RANK_DEMOTED,,,false,true,
5479,D510-531000000-0001,폭찹,볶음류,해당없음,해당없음,해당없음,100ml,124,100,ml,124,VOLUME_ONLY_UNRESOLVED,SOLID_WITH_VOLUME_BASIS;VOLUME_ONLY_NO_SAFE_ALTERNATIVE;SOURCE_UNIT_PRESERVED;DIRECT_RECORD_DISABLED;SEARCH_RANK_DEMOTED,,,false,true,
5614,D701-083000000-0001,팥밥,밥류,해당없음,해당없음,해당없음,100ml,119,100,ml,119,VOLUME_ONLY_UNRESOLVED,SOLID_WITH_VOLUME_BASIS;VOLUME_ONLY_NO_SAFE_ALTERNATIVE;SOURCE_UNIT_PRESERVED;DIRECT_RECORD_DISABLED;SEARCH_RANK_DEMOTED,,,false,true,
5615,D501-083000000-0001,팥밥,밥류,해당없음,해당없음,해당없음,100ml,119,100,ml,119,VOLUME_ONLY_UNRESOLVED,SOLID_WITH_VOLUME_BASIS;VOLUME_ONLY_NO_SAFE_ALTERNATIVE;SOURCE_UNIT_PRESERVED;DIRECT_RECORD_DISABLED;SEARCH_RANK_DEMOTED,,,false,true,
5616,D401-083000000-0001,팥밥,밥류,해당없음,해당없음,해당없음,100ml,140,100,ml,140,VOLUME_ONLY_UNRESOLVED,SOLID_WITH_VOLUME_BASIS;VOLUME_ONLY_NO_SAFE_ALTERNATIVE;SOURCE_UNIT_PRESERVED;DIRECT_RECORD_DISABLED;SEARCH_RANK_DEMOTED,,,false,true,
5617,D601-083000000-0001,팥밥,밥류,해당없음,해당없음,해당없음,100ml,119,100,ml,119,VOLUME_ONLY_UNRESOLVED,SOLID_WITH_VOLUME_BASIS;VOLUME_ONLY_NO_SAFE_ALTERNATIVE;SOURCE_UNIT_PRESERVED;DIRECT_RECORD_DISABLED;SEARCH_RANK_DEMOTED,,,false,true,
5623,D410-499000000-0001,팔보채,볶음류,해당없음,해당없음,해당없음,100ml,73,100,ml,73,MASS_ALTERNATIVE_AVAILABLE,SOLID_WITH_VOLUME_BASIS;MASS_ALTERNATIVE_FOUND;SOURCE_UNIT_PRESERVED;DIRECT_RECORD_DISABLED;SEARCH_RANK_DEMOTED,D110-499000000-0001,,false,true,
5624,D710-499000000-0001,팔보채,볶음류,해당없음,해당없음,해당없음,100ml,137,100,ml,137,MASS_ALTERNATIVE_AVAILABLE,SOLID_WITH_VOLUME_BASIS;MASS_ALTERNATIVE_FOUND;SOURCE_UNIT_PRESERVED;DIRECT_RECORD_DISABLED;SEARCH_RANK_DEMOTED,D110-499000000-0001,,false,true,
5625,D509-441110000-0001,파전_해물,전·적 및 부침류,해물,해당없음,해당없음,100ml,195,100,ml,195,MASS_ALTERNATIVE_AVAILABLE,SOLID_WITH_VOLUME_BASIS;MASS_ALTERNATIVE_FOUND;SOURCE_UNIT_PRESERVED;DIRECT_RECORD_DISABLED;SEARCH_RANK_DEMOTED,D109-441110000-0001,,false,true,
5627,D409-441055900-0001,파전_돼지고기_김치,전·적 및 부침류,돼지고기,김치,해당없음,100ml,101,100,ml,101,VOLUME_ONLY_UNRESOLVED,SOLID_WITH_VOLUME_BASIS;VOLUME_ONLY_NO_SAFE_ALTERNATIVE;SOURCE_UNIT_PRESERVED;DIRECT_RECORD_DISABLED;SEARCH_RANK_DEMOTED,,,false,true,
5628,D409-441145900-0001,파전_굴_김치,전·적 및 부침류,굴,김치,해당없음,100ml,99,100,ml,99,VOLUME_ONLY_UNRESOLVED,SOLID_WITH_VOLUME_BASIS;VOLUME_ONLY_NO_SAFE_ALTERNATIVE;SOURCE_UNIT_PRESERVED;DIRECT_RECORD_DISABLED;SEARCH_RANK_DEMOTED,,,false,true,
5629,D409-441135900-0001,파전_감자_김치,전·적 및 부침류,감자,김치,해당없음,100ml,93,100,ml,93,VOLUME_ONLY_UNRESOLVED,SOLID_WITH_VOLUME_BASIS;VOLUME_ONLY_NO_SAFE_ALTERNATIVE;SOURCE_UNIT_PRESERVED;DIRECT_RECORD_DISABLED;SEARCH_RANK_DEMOTED,,,false,true,
5630,D709-441135900-0001,파전_감자_김치,전·적 및 부침류,감자,김치,해당없음,100ml,93,100,ml,93,VOLUME_ONLY_UNRESOLVED,SOLID_WITH_VOLUME_BASIS;VOLUME_ONLY_NO_SAFE_ALTERNATIVE;SOURCE_UNIT_PRESERVED;DIRECT_RECORD_DISABLED;SEARCH_RANK_DEMOTED,,,false,true,
5632,D409-441000000-0001,파전,전·적 및 부침류,해당없음,해당없음,해당없음,100ml,101,100,ml,101,MASS_ALTERNATIVE_AVAILABLE,SOLID_WITH_VOLUME_BASIS;MASS_ALTERNATIVE_FOUND;SOURCE_UNIT_PRESERVED;DIRECT_RECORD_DISABLED;SEARCH_RANK_DEMOTED,D309-441000000-0001,,false,true,
5633,D709-441000000-0001,파전,전·적 및 부침류,해당없음,해당없음,해당없음,100ml,216,100,ml,216,MASS_ALTERNATIVE_AVAILABLE,SOLID_WITH_VOLUME_BASIS;MASS_ALTERNATIVE_FOUND;SOURCE_UNIT_PRESERVED;DIRECT_RECORD_DISABLED;SEARCH_RANK_DEMOTED,D309-441000000-0001,,false,true,
5690,D402-147000000-0001,파운드케이크,빵 및 과자류,해당없음,해당없음,해당없음,100ml,226,100,ml,226,VOLUME_ONLY_UNRESOLVED,SOLID_WITH_VOLUME_BASIS;VOLUME_ONLY_NO_SAFE_ALTERNATIVE;SOURCE_UNIT_PRESERVED;DIRECT_RECORD_DISABLED;SEARCH_RANK_DEMOTED,,,false,true,
5691,D614-656000000-0001,파무침,생채·무침류,해당없음,해당없음,해당없음,100ml,38,100,ml,38,MASS_ALTERNATIVE_AVAILABLE,SOLID_WITH_VOLUME_BASIS;MASS_ALTERNATIVE_FOUND;SOURCE_UNIT_PRESERVED;DIRECT_RECORD_DISABLED;SEARCH_RANK_DEMOTED,D114-656000000-0001;D314-656000000-0001,,false,true,
5692,D414-656000000-0001,파무침,생채·무침류,해당없음,해당없음,해당없음,100ml,40,100,ml,40,MASS_ALTERNATIVE_AVAILABLE,SOLID_WITH_VOLUME_BASIS;MASS_ALTERNATIVE_FOUND;SOURCE_UNIT_PRESERVED;DIRECT_RECORD_DISABLED;SEARCH_RANK_DEMOTED,D114-656000000-0001;D314-656000000-0001,,false,true,
5694,D514-656000000-0001,파무침,생채·무침류,해당없음,해당없음,해당없음,100ml,38,100,ml,38,MASS_ALTERNATIVE_AVAILABLE,SOLID_WITH_VOLUME_BASIS;MASS_ALTERNATIVE_FOUND;SOURCE_UNIT_PRESERVED;DIRECT_RECORD_DISABLED;SEARCH_RANK_DEMOTED,D114-656000000-0001;D314-656000000-0001,,false,true,
5695,D714-656000000-0001,파무침,생채·무침류,해당없음,해당없음,해당없음,100ml,40,100,ml,40,MASS_ALTERNATIVE_AVAILABLE,SOLID_WITH_VOLUME_BASIS;MASS_ALTERNATIVE_FOUND;SOURCE_UNIT_PRESERVED;DIRECT_RECORD_DISABLED;SEARCH_RANK_DEMOTED,D114-656000000-0001;D314-656000000-0001,,false,true,
5697,D409-440000000-0001,파래전,전·적 및 부침류,해당없음,해당없음,해당없음,100ml,197,100,ml,197,VOLUME_ONLY_UNRESOLVED,SOLID_WITH_VOLUME_BASIS;VOLUME_ONLY_NO_SAFE_ALTERNATIVE;SOURCE_UNIT_PRESERVED;DIRECT_RECORD_DISABLED;SEARCH_RANK_DEMOTED,,,false,true,
5698,D610-498000000-0001,파래볶음,볶음류,해당없음,해당없음,해당없음,100ml,61,100,ml,61,VOLUME_ONLY_UNRESOLVED,SOLID_WITH_VOLUME_BASIS;VOLUME_ONLY_NO_SAFE_ALTERNATIVE;SOURCE_UNIT_PRESERVED;DIRECT_RECORD_DISABLED;SEARCH_RANK_DEMOTED,,,false,true,
5699,D510-498000000-0001,파래볶음,볶음류,해당없음,해당없음,해당없음,100ml,61,100,ml,61,VOLUME_ONLY_UNRESOLVED,SOLID_WITH_VOLUME_BASIS;VOLUME_ONLY_NO_SAFE_ALTERNATIVE;SOURCE_UNIT_PRESERVED;DIRECT_RECORD_DISABLED;SEARCH_RANK_DEMOTED,,,false,true,
5700,D710-498000000-0001,파래볶음,볶음류,해당없음,해당없음,해당없음,100ml,49,100,ml,49,VOLUME_ONLY_UNRESOLVED,SOLID_WITH_VOLUME_BASIS;VOLUME_ONLY_NO_SAFE_ALTERNATIVE;SOURCE_UNIT_PRESERVED;DIRECT_RECORD_DISABLED;SEARCH_RANK_DEMOTED,,,false,true,
5701,D714-655362100-0001,파래무침_파래_무,생채·무침류,파래,무,해당없음,100ml,23,100,ml,23,VOLUME_ONLY_UNRESOLVED,SOLID_WITH_VOLUME_BASIS;VOLUME_ONLY_NO_SAFE_ALTERNATIVE;SOURCE_UNIT_PRESERVED;DIRECT_RECORD_DISABLED;SEARCH_RANK_DEMOTED,,,false,true,
5702,D414-655510000-0001,파래무침_액젓,생채·무침류,액젓,해당없음,해당없음,100ml,22,100,ml,22,VOLUME_ONLY_UNRESOLVED,SOLID_WITH_VOLUME_BASIS;VOLUME_ONLY_NO_SAFE_ALTERNATIVE;SOURCE_UNIT_PRESERVED;DIRECT_RECORD_DISABLED;SEARCH_RANK_DEMOTED,,,false,true,
5703,D614-655470000-0001,파래무침_무,생채·무침류,무,해당없음,해당없음,100ml,38,100,ml,38,VOLUME_ONLY_UNRESOLVED,SOLID_WITH_VOLUME_BASIS;VOLUME_ONLY_NO_SAFE_ALTERNATIVE;SOURCE_UNIT_PRESERVED;DIRECT_RECORD_DISABLED;SEARCH_RANK_DEMOTED,,,false,true,
5704,D514-655470000-0001,파래무침_무,생채·무침류,무,해당없음,해당없음,100ml,36,100,ml,36,VOLUME_ONLY_UNRESOLVED,SOLID_WITH_VOLUME_BASIS;VOLUME_ONLY_NO_SAFE_ALTERNATIVE;SOURCE_UNIT_PRESERVED;DIRECT_RECORD_DISABLED;SEARCH_RANK_DEMOTED,,,false,true,
5705,D414-655470000-0001,파래무침_무,생채·무침류,무,해당없음,해당없음,100ml,21,100,ml,21,VOLUME_ONLY_UNRESOLVED,SOLID_WITH_VOLUME_BASIS;VOLUME_ONLY_NO_SAFE_ALTERNATIVE;SOURCE_UNIT_PRESERVED;DIRECT_RECORD_DISABLED;SEARCH_RANK_DEMOTED,,,false,true,
5706,D414-655000000-0001,파래무침,생채·무침류,해당없음,해당없음,해당없음,100ml,49,100,ml,49,MASS_ALTERNATIVE_AVAILABLE,SOLID_WITH_VOLUME_BASIS;MASS_ALTERNATIVE_FOUND;SOURCE_UNIT_PRESERVED;DIRECT_RECORD_DISABLED;SEARCH_RANK_DEMOTED,D114-655000000-0001,,false,true,
5707,D714-655000000-0001,파래무침,생채·무침류,해당없음,해당없음,해당없음,100ml,49,100,ml,49,MASS_ALTERNATIVE_AVAILABLE,SOLID_WITH_VOLUME_BASIS;MASS_ALTERNATIVE_FOUND;SOURCE_UNIT_PRESERVED;DIRECT_RECORD_DISABLED;SEARCH_RANK_DEMOTED,D114-655000000-0001,,false,true,
5710,D426-758000000-0001,파강회,"채소, 해조류",해당없음,해당없음,해당없음,100ml,42,100,ml,42,VOLUME_ONLY_UNRESOLVED,SOLID_WITH_VOLUME_BASIS;VOLUME_ONLY_NO_SAFE_ALTERNATIVE;SOURCE_UNIT_PRESERVED;DIRECT_RECORD_DISABLED;SEARCH_RANK_DEMOTED,,,false,true,
5711,D502-146000000-0001,트위스터 샌드위치,빵 및 과자류,해당없음,해당없음,해당없음,100ml,56,100,ml,56,VOLUME_ONLY_UNRESOLVED,SOLID_WITH_VOLUME_BASIS;VOLUME_ONLY_NO_SAFE_ALTERNATIVE;SOURCE_UNIT_PRESERVED;DIRECT_RECORD_DISABLED;SEARCH_RANK_DEMOTED,,,false,true,
5712,D602-146000000-0001,트위스터 샌드위치,빵 및 과자류,해당없음,해당없음,해당없음,100ml,56,100,ml,56,VOLUME_ONLY_UNRESOLVED,SOLID_WITH_VOLUME_BASIS;VOLUME_ONLY_NO_SAFE_ALTERNATIVE;SOURCE_UNIT_PRESERVED;DIRECT_RECORD_DISABLED;SEARCH_RANK_DEMOTED,,,false,true,
5713,D402-146000000-0001,트위스터 샌드위치,빵 및 과자류,해당없음,해당없음,해당없음,100ml,56,100,ml,56,VOLUME_ONLY_UNRESOLVED,SOLID_WITH_VOLUME_BASIS;VOLUME_ONLY_NO_SAFE_ALTERNATIVE;SOURCE_UNIT_PRESERVED;DIRECT_RECORD_DISABLED;SEARCH_RANK_DEMOTED,,,false,true,
5715,D513-599060000-0001,톳나물_두부,나물·숙채류,두부,해당없음,해당없음,100ml,52,100,ml,52,VOLUME_ONLY_UNRESOLVED,SOLID_WITH_VOLUME_BASIS;VOLUME_ONLY_NO_SAFE_ALTERNATIVE;SOURCE_UNIT_PRESERVED;DIRECT_RECORD_DISABLED;SEARCH_RANK_DEMOTED,,,false,true,
5716,D413-599060000-0001,톳나물_두부,나물·숙채류,두부,해당없음,해당없음,100ml,30,100,ml,30,VOLUME_ONLY_UNRESOLVED,SOLID_WITH_VOLUME_BASIS;VOLUME_ONLY_NO_SAFE_ALTERNATIVE;SOURCE_UNIT_PRESERVED;DIRECT_RECORD_DISABLED;SEARCH_RANK_DEMOTED,,,false,true,
5751,D402-145000000-0001,토스트(식빵),빵 및 과자류,해당없음,해당없음,해당없음,100ml,84,100,ml,84,VOLUME_ONLY_UNRESOLVED,SOLID_WITH_VOLUME_BASIS;VOLUME_ONLY_NO_SAFE_ALTERNATIVE;SOURCE_UNIT_PRESERVED;DIRECT_RECORD_DISABLED;SEARCH_RANK_DEMOTED,,,false,true,
5753,D413-622000000-0001,토란대나물,나물·숙채류,해당없음,해당없음,해당없음,100ml,32,100,ml,32,VOLUME_ONLY_UNRESOLVED,SOLID_WITH_VOLUME_BASIS;VOLUME_ONLY_NO_SAFE_ALTERNATIVE;SOURCE_UNIT_PRESERVED;DIRECT_RECORD_DISABLED;SEARCH_RANK_DEMOTED,,,false,true,
5758,D714-652000000-0001,탕평채,생채·무침류,해당없음,해당없음,해당없음,100ml,73,100,ml,73,MASS_ALTERNATIVE_AVAILABLE,SOLID_WITH_VOLUME_BASIS;MASS_ALTERNATIVE_FOUND;SOURCE_UNIT_PRESERVED;DIRECT_RECORD_DISABLED;SEARCH_RANK_DEMOTED,D314-652000000-0001,,false,true,
5759,D614-652000000-0001,탕평채,생채·무침류,해당없음,해당없음,해당없음,100ml,65,100,ml,65,MASS_ALTERNATIVE_AVAILABLE,SOLID_WITH_VOLUME_BASIS;MASS_ALTERNATIVE_FOUND;SOURCE_UNIT_PRESERVED;DIRECT_RECORD_DISABLED;SEARCH_RANK_DEMOTED,D314-652000000-0001,,false,true,
5760,D414-652000000-0001,탕평채,생채·무침류,해당없음,해당없음,해당없음,100ml,73,100,ml,73,MASS_ALTERNATIVE_AVAILABLE,SOLID_WITH_VOLUME_BASIS;MASS_ALTERNATIVE_FOUND;SOURCE_UNIT_PRESERVED;DIRECT_RECORD_DISABLED;SEARCH_RANK_DEMOTED,D314-652000000-0001,,false,true,
5761,D514-652000000-0001,탕평채,생채·무침류,해당없음,해당없음,해당없음,100ml,65,100,ml,65,MASS_ALTERNATIVE_AVAILABLE,SOLID_WITH_VOLUME_BASIS;MASS_ALTERNATIVE_FOUND;SOURCE_UNIT_PRESERVED;DIRECT_RECORD_DISABLED;SEARCH_RANK_DEMOTED,D314-652000000-0001,,false,true,
5765,D412-566000000-0001,탕수육,튀김류,해당없음,해당없음,해당없음,100ml,113,100,ml,113,VOLUME_ONLY_UNRESOLVED,SOLID_WITH_VOLUME_BASIS;VOLUME_ONLY_NO_SAFE_ALTERNATIVE;SOURCE_UNIT_PRESERVED;DIRECT_RECORD_DISABLED;SEARCH_RANK_DEMOTED,,,false,true,
5766,D612-566000000-0001,탕수육,튀김류,해당없음,해당없음,해당없음,100ml,160,100,ml,160,VOLUME_ONLY_UNRESOLVED,SOLID_WITH_VOLUME_BASIS;VOLUME_ONLY_NO_SAFE_ALTERNATIVE;SOURCE_UNIT_PRESERVED;DIRECT_RECORD_DISABLED;SEARCH_RANK_DEMOTED,,,false,true,
5767,D712-566000000-0001,탕수육,튀김류,해당없음,해당없음,해당없음,100ml,225,100,ml,225,VOLUME_ONLY_UNRESOLVED,SOLID_WITH_VOLUME_BASIS;VOLUME_ONLY_NO_SAFE_ALTERNATIVE;SOURCE_UNIT_PRESERVED;DIRECT_RECORD_DISABLED;SEARCH_RANK_DEMOTED,,,false,true,
5768,D512-566000000-0001,탕수육,튀김류,해당없음,해당없음,해당없음,100ml,160,100,ml,160,VOLUME_ONLY_UNRESOLVED,SOLID_WITH_VOLUME_BASIS;VOLUME_ONLY_NO_SAFE_ALTERNATIVE;SOURCE_UNIT_PRESERVED;DIRECT_RECORD_DISABLED;SEARCH_RANK_DEMOTED,,,false,true,
5769,D412-619000000-0001,탕수어,튀김류,해당없음,해당없음,해당없음,100ml,281,100,ml,281,VOLUME_ONLY_UNRESOLVED,SOLID_WITH_VOLUME_BASIS;VOLUME_ONLY_NO_SAFE_ALTERNATIVE;SOURCE_UNIT_PRESERVED;DIRECT_RECORD_DISABLED;SEARCH_RANK_DEMOTED,,,false,true,
5770,D712-619000000-0001,탕수어,튀김류,해당없음,해당없음,해당없음,100ml,281,100,ml,281,VOLUME_ONLY_UNRESOLVED,SOLID_WITH_VOLUME_BASIS;VOLUME_ONLY_NO_SAFE_ALTERNATIVE;SOURCE_UNIT_PRESERVED;DIRECT_RECORD_DISABLED;SEARCH_RANK_DEMOTED,,,false,true,
5771,D612-619000000-0001,탕수어,튀김류,해당없음,해당없음,해당없음,100ml,185,100,ml,185,VOLUME_ONLY_UNRESOLVED,SOLID_WITH_VOLUME_BASIS;VOLUME_ONLY_NO_SAFE_ALTERNATIVE;SOURCE_UNIT_PRESERVED;DIRECT_RECORD_DISABLED;SEARCH_RANK_DEMOTED,,,false,true,
5806,D408-445000000-0001,키조개구이,구이류,해당없음,해당없음,해당없음,100ml,75,100,ml,75,VOLUME_ONLY_UNRESOLVED,SOLID_WITH_VOLUME_BASIS;VOLUME_ONLY_NO_SAFE_ALTERNATIVE;SOURCE_UNIT_PRESERVED;DIRECT_RECORD_DISABLED;SEARCH_RANK_DEMOTED,,,false,true,
6242,D411-566000000-0001,콩조림,조림류,해당없음,해당없음,해당없음,100ml,198,100,ml,198,VOLUME_ONLY_UNRESOLVED,SOLID_WITH_VOLUME_BASIS;VOLUME_ONLY_NO_SAFE_ALTERNATIVE;SOURCE_UNIT_PRESERVED;DIRECT_RECORD_DISABLED;SEARCH_RANK_DEMOTED,,,false,true,
6243,D511-566000000-0001,콩조림,조림류,해당없음,해당없음,해당없음,100ml,198,100,ml,198,VOLUME_ONLY_UNRESOLVED,SOLID_WITH_VOLUME_BASIS;VOLUME_ONLY_NO_SAFE_ALTERNATIVE;SOURCE_UNIT_PRESERVED;DIRECT_RECORD_DISABLED;SEARCH_RANK_DEMOTED,,,false,true,
6244,D611-566000000-0001,콩조림,조림류,해당없음,해당없음,해당없음,100ml,198,100,ml,198,VOLUME_ONLY_UNRESOLVED,SOLID_WITH_VOLUME_BASIS;VOLUME_ONLY_NO_SAFE_ALTERNATIVE;SOURCE_UNIT_PRESERVED;DIRECT_RECORD_DISABLED;SEARCH_RANK_DEMOTED,,,false,true,
6245,D711-566000000-0001,콩조림,조림류,해당없음,해당없음,해당없음,100ml,198,100,ml,198,VOLUME_ONLY_UNRESOLVED,SOLID_WITH_VOLUME_BASIS;VOLUME_ONLY_NO_SAFE_ALTERNATIVE;SOURCE_UNIT_PRESERVED;DIRECT_RECORD_DISABLED;SEARCH_RANK_DEMOTED,,,false,true,
6255,D610-530000000-0001,콩나물잡채,볶음류,해당없음,해당없음,해당없음,100ml,43,100,ml,43,VOLUME_ONLY_UNRESOLVED,SOLID_WITH_VOLUME_BASIS;VOLUME_ONLY_NO_SAFE_ALTERNATIVE;SOURCE_UNIT_PRESERVED;DIRECT_RECORD_DISABLED;SEARCH_RANK_DEMOTED,,,false,true,
6256,D710-530000000-0001,콩나물잡채,볶음류,해당없음,해당없음,해당없음,100ml,103,100,ml,103,VOLUME_ONLY_UNRESOLVED,SOLID_WITH_VOLUME_BASIS;VOLUME_ONLY_NO_SAFE_ALTERNATIVE;SOURCE_UNIT_PRESERVED;DIRECT_RECORD_DISABLED;SEARCH_RANK_DEMOTED,,,false,true,
6257,D510-530000000-0001,콩나물잡채,볶음류,해당없음,해당없음,해당없음,100ml,43,100,ml,43,VOLUME_ONLY_UNRESOLVED,SOLID_WITH_VOLUME_BASIS;VOLUME_ONLY_NO_SAFE_ALTERNATIVE;SOURCE_UNIT_PRESERVED;DIRECT_RECORD_DISABLED;SEARCH_RANK_DEMOTED,,,false,true,
6258,D410-530000000-0001,콩나물잡채,볶음류,해당없음,해당없음,해당없음,100ml,103,100,ml,103,VOLUME_ONLY_UNRESOLVED,SOLID_WITH_VOLUME_BASIS;VOLUME_ONLY_NO_SAFE_ALTERNATIVE;SOURCE_UNIT_PRESERVED;DIRECT_RECORD_DISABLED;SEARCH_RANK_DEMOTED,,,false,true,
6259,D501-047350000-0001,콩나물밥_양념장,밥류,양념장,해당없음,해당없음,100ml,110,100,ml,110,VOLUME_ONLY_UNRESOLVED,SOLID_WITH_VOLUME_BASIS;VOLUME_ONLY_NO_SAFE_ALTERNATIVE;SOURCE_UNIT_PRESERVED;DIRECT_RECORD_DISABLED;SEARCH_RANK_DEMOTED,,,false,true,
6260,D601-047350000-0001,콩나물밥_양념장,밥류,양념장,해당없음,해당없음,100ml,112,100,ml,112,VOLUME_ONLY_UNRESOLVED,SOLID_WITH_VOLUME_BASIS;VOLUME_ONLY_NO_SAFE_ALTERNATIVE;SOURCE_UNIT_PRESERVED;DIRECT_RECORD_DISABLED;SEARCH_RANK_DEMOTED,,,false,true,
6261,D701-047350000-0001,콩나물밥_양념장,밥류,양념장,해당없음,해당없음,100ml,110,100,ml,110,VOLUME_ONLY_UNRESOLVED,SOLID_WITH_VOLUME_BASIS;VOLUME_ONLY_NO_SAFE_ALTERNATIVE;SOURCE_UNIT_PRESERVED;DIRECT_RECORD_DISABLED;SEARCH_RANK_DEMOTED,,,false,true,
6262,D601-047280000-0001,콩나물밥_소고기,밥류,소고기,해당없음,해당없음,100ml,160,100,ml,160,VOLUME_ONLY_UNRESOLVED,SOLID_WITH_VOLUME_BASIS;VOLUME_ONLY_NO_SAFE_ALTERNATIVE;SOURCE_UNIT_PRESERVED;DIRECT_RECORD_DISABLED;SEARCH_RANK_DEMOTED,,,false,true,
6263,D501-047280000-0001,콩나물밥_소고기,밥류,소고기,해당없음,해당없음,100ml,96,100,ml,96,VOLUME_ONLY_UNRESOLVED,SOLID_WITH_VOLUME_BASIS;VOLUME_ONLY_NO_SAFE_ALTERNATIVE;SOURCE_UNIT_PRESERVED;DIRECT_RECORD_DISABLED;SEARCH_RANK_DEMOTED,,,false,true,
6264,D701-047280000-0001,콩나물밥_소고기,밥류,소고기,해당없음,해당없음,100ml,131,100,ml,131,VOLUME_ONLY_UNRESOLVED,SOLID_WITH_VOLUME_BASIS;VOLUME_ONLY_NO_SAFE_ALTERNATIVE;SOURCE_UNIT_PRESERVED;DIRECT_RECORD_DISABLED;SEARCH_RANK_DEMOTED,,,false,true,
6265,D401-047140000-0001,콩나물밥_돼지고기,밥류,돼지고기,해당없음,해당없음,100ml,91,100,ml,91,VOLUME_ONLY_UNRESOLVED,SOLID_WITH_VOLUME_BASIS;VOLUME_ONLY_NO_SAFE_ALTERNATIVE;SOURCE_UNIT_PRESERVED;DIRECT_RECORD_DISABLED;SEARCH_RANK_DEMOTED,,,false,true,
6267,D613-597090700-0001,콩나물무침_콩나물_고춧가루제외,나물·숙채류,콩나물,고춧가루제외,해당없음,100ml,19,100,ml,19,VOLUME_ONLY_UNRESOLVED,SOLID_WITH_VOLUME_BASIS;VOLUME_ONLY_NO_SAFE_ALTERNATIVE;SOURCE_UNIT_PRESERVED;DIRECT_RECORD_DISABLED;SEARCH_RANK_DEMOTED,,,false,true,
6268,D513-597090600-0001,콩나물무침_콩나물_고춧가루,나물·숙채류,콩나물,고춧가루,해당없음,100ml,23,100,ml,23,VOLUME_ONLY_UNRESOLVED,SOLID_WITH_VOLUME_BASIS;VOLUME_ONLY_NO_SAFE_ALTERNATIVE;SOURCE_UNIT_PRESERVED;DIRECT_RECORD_DISABLED;SEARCH_RANK_DEMOTED,,,false,true,
6269,D613-597090600-0001,콩나물무침_콩나물_고춧가루,나물·숙채류,콩나물,고춧가루,해당없음,100ml,19,100,ml,19,VOLUME_ONLY_UNRESOLVED,SOLID_WITH_VOLUME_BASIS;VOLUME_ONLY_NO_SAFE_ALTERNATIVE;SOURCE_UNIT_PRESERVED;DIRECT_RECORD_DISABLED;SEARCH_RANK_DEMOTED,,,false,true,
6270,D513-597180000-0001,콩나물무침_시금치,나물·숙채류,시금치,해당없음,해당없음,100ml,21,100,ml,21,VOLUME_ONLY_UNRESOLVED,SOLID_WITH_VOLUME_BASIS;VOLUME_ONLY_NO_SAFE_ALTERNATIVE;SOURCE_UNIT_PRESERVED;DIRECT_RECORD_DISABLED;SEARCH_RANK_DEMOTED,,,false,true,
6271,D413-597180000-0001,콩나물무침_시금치,나물·숙채류,시금치,해당없음,해당없음,100ml,21,100,ml,21,VOLUME_ONLY_UNRESOLVED,SOLID_WITH_VOLUME_BASIS;VOLUME_ONLY_NO_SAFE_ALTERNATIVE;SOURCE_UNIT_PRESERVED;DIRECT_RECORD_DISABLED;SEARCH_RANK_DEMOTED,,,false,true,
6272,D713-597180000-0001,콩나물무침_시금치,나물·숙채류,시금치,해당없음,해당없음,100ml,21,100,ml,21,VOLUME_ONLY_UNRESOLVED,SOLID_WITH_VOLUME_BASIS;VOLUME_ONLY_NO_SAFE_ALTERNATIVE;SOURCE_UNIT_PRESERVED;DIRECT_RECORD_DISABLED;SEARCH_RANK_DEMOTED,,,false,true,
6273,D613-597180000-0001,콩나물무침_시금치,나물·숙채류,시금치,해당없음,해당없음,100ml,21,100,ml,21,VOLUME_ONLY_UNRESOLVED,SOLID_WITH_VOLUME_BASIS;VOLUME_ONLY_NO_SAFE_ALTERNATIVE;SOURCE_UNIT_PRESERVED;DIRECT_RECORD_DISABLED;SEARCH_RANK_DEMOTED,,,false,true,
6274,D613-597170000-0001,콩나물무침_소금,나물·숙채류,소금,해당없음,해당없음,100ml,20,100,ml,20,VOLUME_ONLY_UNRESOLVED,SOLID_WITH_VOLUME_BASIS;VOLUME_ONLY_NO_SAFE_ALTERNATIVE;SOURCE_UNIT_PRESERVED;DIRECT_RECORD_DISABLED;SEARCH_RANK_DEMOTED,,,false,true,
6275,D513-597170000-0001,콩나물무침_소금,나물·숙채류,소금,해당없음,해당없음,100ml,23,100,ml,23,VOLUME_ONLY_UNRESOLVED,SOLID_WITH_VOLUME_BASIS;VOLUME_ONLY_NO_SAFE_ALTERNATIVE;SOURCE_UNIT_PRESERVED;DIRECT_RECORD_DISABLED;SEARCH_RANK_DEMOTED,,,false,true,
6276,D713-597170000-0001,콩나물무침_소금,나물·숙채류,소금,해당없음,해당없음,100ml,42,100,ml,42,VOLUME_ONLY_UNRESOLVED,SOLID_WITH_VOLUME_BASIS;VOLUME_ONLY_NO_SAFE_ALTERNATIVE;SOURCE_UNIT_PRESERVED;DIRECT_RECORD_DISABLED;SEARCH_RANK_DEMOTED,,,false,true,
6277,D413-597160000-0001,콩나물무침_부추,나물·숙채류,부추,해당없음,해당없음,100ml,23,100,ml,23,VOLUME_ONLY_UNRESOLVED,SOLID_WITH_VOLUME_BASIS;VOLUME_ONLY_NO_SAFE_ALTERNATIVE;SOURCE_UNIT_PRESERVED;DIRECT_RECORD_DISABLED;SEARCH_RANK_DEMOTED,,,false,true,
6278,D613-597160000-0001,콩나물무침_부추,나물·숙채류,부추,해당없음,해당없음,100ml,23,100,ml,23,VOLUME_ONLY_UNRESOLVED,SOLID_WITH_VOLUME_BASIS;VOLUME_ONLY_NO_SAFE_ALTERNATIVE;SOURCE_UNIT_PRESERVED;DIRECT_RECORD_DISABLED;SEARCH_RANK_DEMOTED,,,false,true,
6279,D513-597160000-0001,콩나물무침_부추,나물·숙채류,부추,해당없음,해당없음,100ml,23,100,ml,23,VOLUME_ONLY_UNRESOLVED,SOLID_WITH_VOLUME_BASIS;VOLUME_ONLY_NO_SAFE_ALTERNATIVE;SOURCE_UNIT_PRESERVED;DIRECT_RECORD_DISABLED;SEARCH_RANK_DEMOTED,,,false,true,
6280,D713-597160000-0001,콩나물무침_부추,나물·숙채류,부추,해당없음,해당없음,100ml,23,100,ml,23,VOLUME_ONLY_UNRESOLVED,SOLID_WITH_VOLUME_BASIS;VOLUME_ONLY_NO_SAFE_ALTERNATIVE;SOURCE_UNIT_PRESERVED;DIRECT_RECORD_DISABLED;SEARCH_RANK_DEMOTED,,,false,true,
6281,D613-597116400-0001,콩나물무침_당근_시금치,나물·숙채류,당근,시금치,해당없음,100ml,23,100,ml,23,VOLUME_ONLY_UNRESOLVED,SOLID_WITH_VOLUME_BASIS;VOLUME_ONLY_NO_SAFE_ALTERNATIVE;SOURCE_UNIT_PRESERVED;DIRECT_RECORD_DISABLED;SEARCH_RANK_DEMOTED,,,false,true,
6282,D413-597116400-0001,콩나물무침_당근_시금치,나물·숙채류,당근,시금치,해당없음,100ml,23,100,ml,23,VOLUME_ONLY_UNRESOLVED,SOLID_WITH_VOLUME_BASIS;VOLUME_ONLY_NO_SAFE_ALTERNATIVE;SOURCE_UNIT_PRESERVED;DIRECT_RECORD_DISABLED;SEARCH_RANK_DEMOTED,,,false,true,
6283,D513-597116400-0001,콩나물무침_당근_시금치,나물·숙채류,당근,시금치,해당없음,100ml,23,100,ml,23,VOLUME_ONLY_UNRESOLVED,SOLID_WITH_VOLUME_BASIS;VOLUME_ONLY_NO_SAFE_ALTERNATIVE;SOURCE_UNIT_PRESERVED;DIRECT_RECORD_DISABLED;SEARCH_RANK_DEMOTED,,,false,true,
6284,D713-597116400-0001,콩나물무침_당근_시금치,나물·숙채류,당근,시금치,해당없음,100ml,23,100,ml,23,VOLUME_ONLY_UNRESOLVED,SOLID_WITH_VOLUME_BASIS;VOLUME_ONLY_NO_SAFE_ALTERNATIVE;SOURCE_UNIT_PRESERVED;DIRECT_RECORD_DISABLED;SEARCH_RANK_DEMOTED,,,false,true,
6285,D613-597110000-0001,콩나물무침_당근,나물·숙채류,당근,해당없음,해당없음,100ml,27,100,ml,27,VOLUME_ONLY_UNRESOLVED,SOLID_WITH_VOLUME_BASIS;VOLUME_ONLY_NO_SAFE_ALTERNATIVE;SOURCE_UNIT_PRESERVED;DIRECT_RECORD_DISABLED;SEARCH_RANK_DEMOTED,,,false,true,
6286,D413-597110000-0001,콩나물무침_당근,나물·숙채류,당근,해당없음,해당없음,100ml,27,100,ml,27,VOLUME_ONLY_UNRESOLVED,SOLID_WITH_VOLUME_BASIS;VOLUME_ONLY_NO_SAFE_ALTERNATIVE;SOURCE_UNIT_PRESERVED;DIRECT_RECORD_DISABLED;SEARCH_RANK_DEMOTED,,,false,true,
6287,D513-597110000-0001,콩나물무침_당근,나물·숙채류,당근,해당없음,해당없음,100ml,27,100,ml,27,VOLUME_ONLY_UNRESOLVED,SOLID_WITH_VOLUME_BASIS;VOLUME_ONLY_NO_SAFE_ALTERNATIVE;SOURCE_UNIT_PRESERVED;DIRECT_RECORD_DISABLED;SEARCH_RANK_DEMOTED,,,false,true,
6288,D713-597110000-0001,콩나물무침_당근,나물·숙채류,당근,해당없음,해당없음,100ml,27,100,ml,27,VOLUME_ONLY_UNRESOLVED,SOLID_WITH_VOLUME_BASIS;VOLUME_ONLY_NO_SAFE_ALTERNATIVE;SOURCE_UNIT_PRESERVED;DIRECT_RECORD_DISABLED;SEARCH_RANK_DEMOTED,,,false,true,
6289,D613-597030000-0001,콩나물무침_고춧가루,나물·숙채류,고춧가루,해당없음,해당없음,100ml,19,100,ml,19,MASS_ALTERNATIVE_AVAILABLE,SOLID_WITH_VOLUME_BASIS;MASS_ALTERNATIVE_FOUND;SOURCE_UNIT_PRESERVED;DIRECT_RECORD_DISABLED;SEARCH_RANK_DEMOTED,D113-597030000-0001,,false,true,
6291,D513-597030000-0001,콩나물무침_고춧가루,나물·숙채류,고춧가루,해당없음,해당없음,100ml,23,100,ml,23,MASS_ALTERNATIVE_AVAILABLE,SOLID_WITH_VOLUME_BASIS;MASS_ALTERNATIVE_FOUND;SOURCE_UNIT_PRESERVED;DIRECT_RECORD_DISABLED;SEARCH_RANK_DEMOTED,D113-597030000-0001,,false,true,
6292,D713-597100000-0001,콩나물무침_고추,나물·숙채류,고추,해당없음,해당없음,100ml,29,100,ml,29,VOLUME_ONLY_UNRESOLVED,SOLID_WITH_VOLUME_BASIS;VOLUME_ONLY_NO_SAFE_ALTERNATIVE;SOURCE_UNIT_PRESERVED;DIRECT_RECORD_DISABLED;SEARCH_RANK_DEMOTED,,,false,true,
6293,D413-597100000-0001,콩나물무침_고추,나물·숙채류,고추,해당없음,해당없음,100ml,29,100,ml,29,VOLUME_ONLY_UNRESOLVED,SOLID_WITH_VOLUME_BASIS;VOLUME_ONLY_NO_SAFE_ALTERNATIVE;SOURCE_UNIT_PRESERVED;DIRECT_RECORD_DISABLED;SEARCH_RANK_DEMOTED,,,false,true,
6294,D513-597100000-0001,콩나물무침_고추,나물·숙채류,고추,해당없음,해당없음,100ml,29,100,ml,29,VOLUME_ONLY_UNRESOLVED,SOLID_WITH_VOLUME_BASIS;VOLUME_ONLY_NO_SAFE_ALTERNATIVE;SOURCE_UNIT_PRESERVED;DIRECT_RECORD_DISABLED;SEARCH_RANK_DEMOTED,,,false,true,
6295,D613-597000000-0001,콩나물무침,나물·숙채류,해당없음,해당없음,해당없음,100ml,19,100,ml,19,MASS_ALTERNATIVE_AVAILABLE,SOLID_WITH_VOLUME_BASIS;MASS_ALTERNATIVE_FOUND;SOURCE_UNIT_PRESERVED;DIRECT_RECORD_DISABLED;SEARCH_RANK_DEMOTED,D113-597000000-0001,,false,true,
6297,D414-721260000-0001,콩나물냉채_오이,생채·무침류,오이,해당없음,해당없음,100ml,42,100,ml,42,VOLUME_ONLY_UNRESOLVED,SOLID_WITH_VOLUME_BASIS;VOLUME_ONLY_NO_SAFE_ALTERNATIVE;SOURCE_UNIT_PRESERVED;DIRECT_RECORD_DISABLED;SEARCH_RANK_DEMOTED,,,false,true,
6298,D514-721260000-0001,콩나물냉채_오이,생채·무침류,오이,해당없음,해당없음,100ml,58,100,ml,58,VOLUME_ONLY_UNRESOLVED,SOLID_WITH_VOLUME_BASIS;VOLUME_ONLY_NO_SAFE_ALTERNATIVE;SOURCE_UNIT_PRESERVED;DIRECT_RECORD_DISABLED;SEARCH_RANK_DEMOTED,,,false,true,
6299,D714-721260000-0001,콩나물냉채_오이,생채·무침류,오이,해당없음,해당없음,100ml,42,100,ml,42,VOLUME_ONLY_UNRESOLVED,SOLID_WITH_VOLUME_BASIS;VOLUME_ONLY_NO_SAFE_ALTERNATIVE;SOURCE_UNIT_PRESERVED;DIRECT_RECORD_DISABLED;SEARCH_RANK_DEMOTED,,,false,true,
6300,D614-721260000-0001,콩나물냉채_오이,생채·무침류,오이,해당없음,해당없음,100ml,59,100,ml,59,VOLUME_ONLY_UNRESOLVED,SOLID_WITH_VOLUME_BASIS;VOLUME_ONLY_NO_SAFE_ALTERNATIVE;SOURCE_UNIT_PRESERVED;DIRECT_RECORD_DISABLED;SEARCH_RANK_DEMOTED,,,false,true,
6301,D414-721000000-0001,콩나물냉채,생채·무침류,해당없음,해당없음,해당없음,100ml,27,100,ml,27,VOLUME_ONLY_UNRESOLVED,SOLID_WITH_VOLUME_BASIS;VOLUME_ONLY_NO_SAFE_ALTERNATIVE;SOURCE_UNIT_PRESERVED;DIRECT_RECORD_DISABLED;SEARCH_RANK_DEMOTED,,,false,true,
6302,D514-721000000-0001,콩나물냉채,생채·무침류,해당없음,해당없음,해당없음,100ml,27,100,ml,27,VOLUME_ONLY_UNRESOLVED,SOLID_WITH_VOLUME_BASIS;VOLUME_ONLY_NO_SAFE_ALTERNATIVE;SOURCE_UNIT_PRESERVED;DIRECT_RECORD_DISABLED;SEARCH_RANK_DEMOTED,,,false,true,
6303,D401-046000000-0001,콩나물국밥,밥류,해당없음,해당없음,해당없음,100ml,60,100,ml,60,VOLUME_ONLY_UNRESOLVED,SOLID_WITH_VOLUME_BASIS;VOLUME_ONLY_NO_SAFE_ALTERNATIVE;SOURCE_UNIT_PRESERVED;DIRECT_RECORD_DISABLED;SEARCH_RANK_DEMOTED,,,false,true,
6332,D714-720000000-0001,콩나물 느타리무침,생채·무침류,해당없음,해당없음,해당없음,100ml,46,100,ml,46,VOLUME_ONLY_UNRESOLVED,SOLID_WITH_VOLUME_BASIS;VOLUME_ONLY_NO_SAFE_ALTERNATIVE;SOURCE_UNIT_PRESERVED;DIRECT_RECORD_DISABLED;SEARCH_RANK_DEMOTED,,,false,true,
6333,D614-720000000-0001,콩나물 느타리무침,생채·무침류,해당없음,해당없음,해당없음,100ml,45,100,ml,45,VOLUME_ONLY_UNRESOLVED,SOLID_WITH_VOLUME_BASIS;VOLUME_ONLY_NO_SAFE_ALTERNATIVE;SOURCE_UNIT_PRESERVED;DIRECT_RECORD_DISABLED;SEARCH_RANK_DEMOTED,,,false,true,
6334,D414-720000000-0001,콩나물 느타리무침,생채·무침류,해당없음,해당없음,해당없음,100ml,46,100,ml,46,VOLUME_ONLY_UNRESOLVED,SOLID_WITH_VOLUME_BASIS;VOLUME_ONLY_NO_SAFE_ALTERNATIVE;SOURCE_UNIT_PRESERVED;DIRECT_RECORD_DISABLED;SEARCH_RANK_DEMOTED,,,false,true,
6335,D514-720000000-0001,콩나물 느타리무침,생채·무침류,해당없음,해당없음,해당없음,100ml,45,100,ml,45,VOLUME_ONLY_UNRESOLVED,SOLID_WITH_VOLUME_BASIS;VOLUME_ONLY_NO_SAFE_ALTERNATIVE;SOURCE_UNIT_PRESERVED;DIRECT_RECORD_DISABLED;SEARCH_RANK_DEMOTED,,,false,true,
6336,D701-046000000-0001,콩나물 국밥,밥류,해당없음,해당없음,해당없음,100ml,60,100,ml,60,VOLUME_ONLY_UNRESOLVED,SOLID_WITH_VOLUME_BASIS;VOLUME_ONLY_NO_SAFE_ALTERNATIVE;SOURCE_UNIT_PRESERVED;DIRECT_RECORD_DISABLED;SEARCH_RANK_DEMOTED,,,false,true,
6337,D401-046000000-0002,콩나물 국밥,밥류,해당없음,해당없음,해당없음,100ml,59,100,ml,59,VOLUME_ONLY_UNRESOLVED,SOLID_WITH_VOLUME_BASIS;VOLUME_ONLY_NO_SAFE_ALTERNATIVE;SOURCE_UNIT_PRESERVED;DIRECT_RECORD_DISABLED;SEARCH_RANK_DEMOTED,,,false,true,
6338,D703-175000000-0001,콩국수,면 및 만두류,해당없음,해당없음,해당없음,100ml,113,100,ml,113,MASS_ALTERNATIVE_AVAILABLE,SOLID_WITH_VOLUME_BASIS;MASS_ALTERNATIVE_FOUND;SOURCE_UNIT_PRESERVED;DIRECT_RECORD_DISABLED;SEARCH_RANK_DEMOTED,D103-175000000-0001;D303-175000000-0001,,false,true,
6340,D403-175000000-0001,콩국수,면 및 만두류,해당없음,해당없음,해당없음,100ml,70,100,ml,70,MASS_ALTERNATIVE_AVAILABLE,SOLID_WITH_VOLUME_BASIS;MASS_ALTERNATIVE_FOUND;SOURCE_UNIT_PRESERVED;DIRECT_RECORD_DISABLED;SEARCH_RANK_DEMOTED,D103-175000000-0001;D303-175000000-0001,,false,true,
6341,D503-175000000-0001,콩국수,면 및 만두류,해당없음,해당없음,해당없음,100ml,129,100,ml,129,MASS_ALTERNATIVE_AVAILABLE,SOLID_WITH_VOLUME_BASIS;MASS_ALTERNATIVE_FOUND;SOURCE_UNIT_PRESERVED;DIRECT_RECORD_DISABLED;SEARCH_RANK_DEMOTED,D103-175000000-0001;D303-175000000-0001,,false,true,
6353,D708-403000000-0001,콘치즈구이,구이류,해당없음,해당없음,해당없음,100ml,105,100,ml,105,MASS_ALTERNATIVE_AVAILABLE,SOLID_WITH_VOLUME_BASIS;MASS_ALTERNATIVE_FOUND;SOURCE_UNIT_PRESERVED;DIRECT_RECORD_DISABLED;SEARCH_RANK_DEMOTED,D308-403000000-0001,,false,true,
6354,D508-403000000-0001,콘치즈구이,구이류,해당없음,해당없음,해당없음,100ml,105,100,ml,105,MASS_ALTERNATIVE_AVAILABLE,SOLID_WITH_VOLUME_BASIS;MASS_ALTERNATIVE_FOUND;SOURCE_UNIT_PRESERVED;DIRECT_RECORD_DISABLED;SEARCH_RANK_DEMOTED,D308-403000000-0001,,false,true,
6356,D608-403000000-0001,콘치즈구이,구이류,해당없음,해당없음,해당없음,100ml,105,100,ml,105,MASS_ALTERNATIVE_AVAILABLE,SOLID_WITH_VOLUME_BASIS;MASS_ALTERNATIVE_FOUND;SOURCE_UNIT_PRESERVED;DIRECT_RECORD_DISABLED;SEARCH_RANK_DEMOTED,D308-403000000-0001,,false,true,
6357,D408-403000000-0001,콘치즈구이,구이류,해당없음,해당없음,해당없음,100ml,132,100,ml,132,MASS_ALTERNATIVE_AVAILABLE,SOLID_WITH_VOLUME_BASIS;MASS_ALTERNATIVE_FOUND;SOURCE_UNIT_PRESERVED;DIRECT_RECORD_DISABLED;SEARCH_RANK_DEMOTED,D308-403000000-0001,,false,true,
6374,D607-345000000-0001,코다리찜,찜류,해당없음,해당없음,해당없음,100ml,46,100,ml,46,MASS_ALTERNATIVE_AVAILABLE,SOLID_WITH_VOLUME_BASIS;MASS_ALTERNATIVE_FOUND;SOURCE_UNIT_PRESERVED;DIRECT_RECORD_DISABLED;SEARCH_RANK_DEMOTED,D107-345000000-0001,,false,true,
6375,D407-345000000-0001,코다리찜,찜류,해당없음,해당없음,해당없음,100ml,46,100,ml,46,MASS_ALTERNATIVE_AVAILABLE,SOLID_WITH_VOLUME_BASIS;MASS_ALTERNATIVE_FOUND;SOURCE_UNIT_PRESERVED;DIRECT_RECORD_DISABLED;SEARCH_RANK_DEMOTED,D107-345000000-0001,,false,true,
6376,D507-345000000-0001,코다리찜,찜류,해당없음,해당없음,해당없음,100ml,46,100,ml,46,MASS_ALTERNATIVE_AVAILABLE,SOLID_WITH_VOLUME_BASIS;MASS_ALTERNATIVE_FOUND;SOURCE_UNIT_PRESERVED;DIRECT_RECORD_DISABLED;SEARCH_RANK_DEMOTED,D107-345000000-0001,,false,true,
6377,D707-345000000-0001,코다리찜,찜류,해당없음,해당없음,해당없음,100ml,46,100,ml,46,MASS_ALTERNATIVE_AVAILABLE,SOLID_WITH_VOLUME_BASIS;MASS_ALTERNATIVE_FOUND;SOURCE_UNIT_PRESERVED;DIRECT_RECORD_DISABLED;SEARCH_RANK_DEMOTED,D107-345000000-0001,,false,true,
6379,D611-535060000-0001,코다리조림_무,조림류,무,해당없음,해당없음,100ml,73,100,ml,73,VOLUME_ONLY_UNRESOLVED,SOLID_WITH_VOLUME_BASIS;VOLUME_ONLY_NO_SAFE_ALTERNATIVE;SOURCE_UNIT_PRESERVED;DIRECT_RECORD_DISABLED;SEARCH_RANK_DEMOTED,,,false,true,
6380,D511-535060000-0001,코다리조림_무,조림류,무,해당없음,해당없음,100ml,38,100,ml,38,VOLUME_ONLY_UNRESOLVED,SOLID_WITH_VOLUME_BASIS;VOLUME_ONLY_NO_SAFE_ALTERNATIVE;SOURCE_UNIT_PRESERVED;DIRECT_RECORD_DISABLED;SEARCH_RANK_DEMOTED,,,false,true,
6381,D711-535060000-0001,코다리조림_무,조림류,무,해당없음,해당없음,100ml,56,100,ml,56,VOLUME_ONLY_UNRESOLVED,SOLID_WITH_VOLUME_BASIS;VOLUME_ONLY_NO_SAFE_ALTERNATIVE;SOURCE_UNIT_PRESERVED;DIRECT_RECORD_DISABLED;SEARCH_RANK_DEMOTED,,,false,true,
6382,D411-535060000-0001,코다리조림_무,조림류,무,해당없음,해당없음,100ml,56,100,ml,56,VOLUME_ONLY_UNRESOLVED,SOLID_WITH_VOLUME_BASIS;VOLUME_ONLY_NO_SAFE_ALTERNATIVE;SOURCE_UNIT_PRESERVED;DIRECT_RECORD_DISABLED;SEARCH_RANK_DEMOTED,,,false,true,
6383,D411-535110000-0001,코다리조림_간장,조림류,간장,해당없음,해당없음,100ml,77,100,ml,77,VOLUME_ONLY_UNRESOLVED,SOLID_WITH_VOLUME_BASIS;VOLUME_ONLY_NO_SAFE_ALTERNATIVE;SOURCE_UNIT_PRESERVED;DIRECT_RECORD_DISABLED;SEARCH_RANK_DEMOTED,,,false,true,
6384,D711-535110000-0001,코다리조림_간장,조림류,간장,해당없음,해당없음,100ml,77,100,ml,77,VOLUME_ONLY_UNRESOLVED,SOLID_WITH_VOLUME_BASIS;VOLUME_ONLY_NO_SAFE_ALTERNATIVE;SOURCE_UNIT_PRESERVED;DIRECT_RECORD_DISABLED;SEARCH_RANK_DEMOTED,,,false,true,
6385,D511-535000000-0001,코다리조림,조림류,해당없음,해당없음,해당없음,100ml,68,100,ml,68,MASS_ALTERNATIVE_AVAILABLE,SOLID_WITH_VOLUME_BASIS;MASS_ALTERNATIVE_FOUND;SOURCE_UNIT_PRESERVED;DIRECT_RECORD_DISABLED;SEARCH_RANK_DEMOTED,D111-535000000-0001,,false,true,
6386,D711-535000000-0001,코다리조림,조림류,해당없음,해당없음,해당없음,100ml,68,100,ml,68,MASS_ALTERNATIVE_AVAILABLE,SOLID_WITH_VOLUME_BASIS;MASS_ALTERNATIVE_FOUND;SOURCE_UNIT_PRESERVED;DIRECT_RECORD_DISABLED;SEARCH_RANK_DEMOTED,D111-535000000-0001,,false,true,
6388,D411-535000000-0001,코다리조림,조림류,해당없음,해당없음,해당없음,100ml,68,100,ml,68,MASS_ALTERNATIVE_AVAILABLE,SOLID_WITH_VOLUME_BASIS;MASS_ALTERNATIVE_FOUND;SOURCE_UNIT_PRESERVED;DIRECT_RECORD_DISABLED;SEARCH_RANK_DEMOTED,D111-535000000-0001,,false,true,
6417,D202-110000000-0609,케이크_핑크 스트로베리머치 라운드 케이크,빵 및 과자류,해당없음,해당없음,해당없음,100ml,206,100,ml,206,VOLUME_ONLY_UNRESOLVED,SOLID_WITH_VOLUME_BASIS;VOLUME_ONLY_NO_SAFE_ALTERNATIVE;SOURCE_UNIT_PRESERVED;DIRECT_RECORD_DISABLED;SEARCH_RANK_DEMOTED,,,false,true,
6729,D202-110000000-0574,케이크_설향 딸기 미니 케이크,빵 및 과자류,해당없음,해당없음,해당없음,100ml,211,100,ml,211,VOLUME_ONLY_UNRESOLVED,SOLID_WITH_VOLUME_BASIS;VOLUME_ONLY_NO_SAFE_ALTERNATIVE;SOURCE_UNIT_PRESERVED;DIRECT_RECORD_DISABLED;SEARCH_RANK_DEMOTED,,,false,true,
6819,D202-110000000-0571,케이크_베리베리 딸기 요거트 케이크,빵 및 과자류,해당없음,해당없음,해당없음,100ml,255,100,ml,255,VOLUME_ONLY_UNRESOLVED,SOLID_WITH_VOLUME_BASIS;VOLUME_ONLY_NO_SAFE_ALTERNATIVE;SOURCE_UNIT_PRESERVED;DIRECT_RECORD_DISABLED;SEARCH_RANK_DEMOTED,,,false,true,
6957,D202-110000000-0558,케이크_딸기는 파티 중,빵 및 과자류,해당없음,해당없음,해당없음,100ml,217,100,ml,217,VOLUME_ONLY_UNRESOLVED,SOLID_WITH_VOLUME_BASIS;VOLUME_ONLY_NO_SAFE_ALTERNATIVE;SOURCE_UNIT_PRESERVED;DIRECT_RECORD_DISABLED;SEARCH_RANK_DEMOTED,,,false,true,
6961,D202-110000000-0556,케이크_딸기 쿠키앤크림 크레이프,빵 및 과자류,해당없음,해당없음,해당없음,100ml,296,100,ml,296,VOLUME_ONLY_UNRESOLVED,SOLID_WITH_VOLUME_BASIS;VOLUME_ONLY_NO_SAFE_ALTERNATIVE;SOURCE_UNIT_PRESERVED;DIRECT_RECORD_DISABLED;SEARCH_RANK_DEMOTED,,,false,true,
8876,D603-174500000-0001,칼국수_해물,면 및 만두류,해물,해당없음,해당없음,100ml,78,100,ml,78,MASS_ALTERNATIVE_AVAILABLE,SOLID_WITH_VOLUME_BASIS;MASS_ALTERNATIVE_FOUND;SOURCE_UNIT_PRESERVED;DIRECT_RECORD_DISABLED;SEARCH_RANK_DEMOTED,D303-174500000-0001,,false,true,
8877,D403-174500000-0001,칼국수_해물,면 및 만두류,해물,해당없음,해당없음,100ml,78,100,ml,78,MASS_ALTERNATIVE_AVAILABLE,SOLID_WITH_VOLUME_BASIS;MASS_ALTERNATIVE_FOUND;SOURCE_UNIT_PRESERVED;DIRECT_RECORD_DISABLED;SEARCH_RANK_DEMOTED,D303-174500000-0001,,false,true,
8878,D503-174500000-0001,칼국수_해물,면 및 만두류,해물,해당없음,해당없음,100ml,78,100,ml,78,MASS_ALTERNATIVE_AVAILABLE,SOLID_WITH_VOLUME_BASIS;MASS_ALTERNATIVE_FOUND;SOURCE_UNIT_PRESERVED;DIRECT_RECORD_DISABLED;SEARCH_RANK_DEMOTED,D303-174500000-0001,,false,true,
8879,D703-174500000-0001,칼국수_해물,면 및 만두류,해물,해당없음,해당없음,100ml,78,100,ml,78,MASS_ALTERNATIVE_AVAILABLE,SOLID_WITH_VOLUME_BASIS;MASS_ALTERNATIVE_FOUND;SOURCE_UNIT_PRESERVED;DIRECT_RECORD_DISABLED;SEARCH_RANK_DEMOTED,D303-174500000-0001,,false,true,
8880,D403-174320000-0001,칼국수_소고기,면 및 만두류,소고기,해당없음,해당없음,100ml,57,100,ml,57,VOLUME_ONLY_UNRESOLVED,SOLID_WITH_VOLUME_BASIS;VOLUME_ONLY_NO_SAFE_ALTERNATIVE;SOURCE_UNIT_PRESERVED;DIRECT_RECORD_DISABLED;SEARCH_RANK_DEMOTED,,,false,true,
8881,D703-174320000-0001,칼국수_소고기,면 및 만두류,소고기,해당없음,해당없음,100ml,59,100,ml,59,VOLUME_ONLY_UNRESOLVED,SOLID_WITH_VOLUME_BASIS;VOLUME_ONLY_NO_SAFE_ALTERNATIVE;SOURCE_UNIT_PRESERVED;DIRECT_RECORD_DISABLED;SEARCH_RANK_DEMOTED,,,false,true,
8883,D503-174240000-0001,칼국수_바지락,면 및 만두류,바지락,해당없음,해당없음,100ml,54,100,ml,54,MASS_ALTERNATIVE_AVAILABLE,SOLID_WITH_VOLUME_BASIS;MASS_ALTERNATIVE_FOUND;SOURCE_UNIT_PRESERVED;DIRECT_RECORD_DISABLED;SEARCH_RANK_DEMOTED,D103-174240000-0001,,false,true,
8884,D703-174240000-0001,칼국수_바지락,면 및 만두류,바지락,해당없음,해당없음,100ml,47,100,ml,47,MASS_ALTERNATIVE_AVAILABLE,SOLID_WITH_VOLUME_BASIS;MASS_ALTERNATIVE_FOUND;SOURCE_UNIT_PRESERVED;DIRECT_RECORD_DISABLED;SEARCH_RANK_DEMOTED,D103-174240000-0001,,false,true,
8885,D403-174120000-0001,칼국수_들깨,면 및 만두류,들깨,해당없음,해당없음,100ml,113,100,ml,113,MASS_ALTERNATIVE_AVAILABLE,SOLID_WITH_VOLUME_BASIS;MASS_ALTERNATIVE_FOUND;SOURCE_UNIT_PRESERVED;DIRECT_RECORD_DISABLED;SEARCH_RANK_DEMOTED,D303-174120000-0001,,false,true,
8887,D403-174100000-0001,칼국수_닭고기,면 및 만두류,닭고기,해당없음,해당없음,100ml,53,100,ml,53,MASS_ALTERNATIVE_AVAILABLE,SOLID_WITH_VOLUME_BASIS;MASS_ALTERNATIVE_FOUND;SOURCE_UNIT_PRESERVED;DIRECT_RECORD_DISABLED;SEARCH_RANK_DEMOTED,D303-174100000-0001,,false,true,
8889,D703-174100000-0001,칼국수_닭고기,면 및 만두류,닭고기,해당없음,해당없음,100ml,53,100,ml,53,MASS_ALTERNATIVE_AVAILABLE,SOLID_WITH_VOLUME_BASIS;MASS_ALTERNATIVE_FOUND;SOURCE_UNIT_PRESERVED;DIRECT_RECORD_DISABLED;SEARCH_RANK_DEMOTED,D303-174100000-0001,,false,true,
8897,D703-174000000-0001,칼국수,면 및 만두류,해당없음,해당없음,해당없음,100ml,97,100,ml,97,MASS_ALTERNATIVE_AVAILABLE,SOLID_WITH_VOLUME_BASIS;MASS_ALTERNATIVE_FOUND;SOURCE_UNIT_PRESERVED;DIRECT_RECORD_DISABLED;SEARCH_RANK_DEMOTED,D103-174000000-0001,,false,true,
8898,D503-174000000-0001,칼국수,면 및 만두류,해당없음,해당없음,해당없음,100ml,85,100,ml,85,MASS_ALTERNATIVE_AVAILABLE,SOLID_WITH_VOLUME_BASIS;MASS_ALTERNATIVE_FOUND;SOURCE_UNIT_PRESERVED;DIRECT_RECORD_DISABLED;SEARCH_RANK_DEMOTED,D103-174000000-0001,,false,true,
8899,D403-174000000-0001,칼국수,면 및 만두류,해당없음,해당없음,해당없음,100ml,97,100,ml,97,MASS_ALTERNATIVE_AVAILABLE,SOLID_WITH_VOLUME_BASIS;MASS_ALTERNATIVE_FOUND;SOURCE_UNIT_PRESERVED;DIRECT_RECORD_DISABLED;SEARCH_RANK_DEMOTED,D103-174000000-0001,,false,true,
8900,D603-174000000-0001,칼국수,면 및 만두류,해당없음,해당없음,해당없음,100ml,97,100,ml,97,MASS_ALTERNATIVE_AVAILABLE,SOLID_WITH_VOLUME_BASIS;MASS_ALTERNATIVE_FOUND;SOURCE_UNIT_PRESERVED;DIRECT_RECORD_DISABLED;SEARCH_RANK_DEMOTED,D103-174000000-0001,,false,true,
8941,D401-044480000-0001,카레라이스_채소,밥류,채소,해당없음,해당없음,100ml,95,100,ml,95,VOLUME_ONLY_UNRESOLVED,SOLID_WITH_VOLUME_BASIS;VOLUME_ONLY_NO_SAFE_ALTERNATIVE;SOURCE_UNIT_PRESERVED;DIRECT_RECORD_DISABLED;SEARCH_RANK_DEMOTED,,,false,true,
8942,D501-044390000-0001,카레라이스_오징어,밥류,오징어,해당없음,해당없음,100ml,117,100,ml,117,VOLUME_ONLY_UNRESOLVED,SOLID_WITH_VOLUME_BASIS;VOLUME_ONLY_NO_SAFE_ALTERNATIVE;SOURCE_UNIT_PRESERVED;DIRECT_RECORD_DISABLED;SEARCH_RANK_DEMOTED,,,false,true,
8943,D401-044280000-0001,카레라이스_소고기,밥류,소고기,해당없음,해당없음,100ml,113,100,ml,113,VOLUME_ONLY_UNRESOLVED,SOLID_WITH_VOLUME_BASIS;VOLUME_ONLY_NO_SAFE_ALTERNATIVE;SOURCE_UNIT_PRESERVED;DIRECT_RECORD_DISABLED;SEARCH_RANK_DEMOTED,,,false,true,
8944,D501-044580000-0001,카레라이스_두부,밥류,두부,해당없음,해당없음,100ml,104,100,ml,104,VOLUME_ONLY_UNRESOLVED,SOLID_WITH_VOLUME_BASIS;VOLUME_ONLY_NO_SAFE_ALTERNATIVE;SOURCE_UNIT_PRESERVED;DIRECT_RECORD_DISABLED;SEARCH_RANK_DEMOTED,,,false,true,
8945,D601-044146300-0001,카레라이스_돼지고기_모듬채소,밥류,돼지고기,모듬채소,해당없음,100ml,99,100,ml,99,VOLUME_ONLY_UNRESOLVED,SOLID_WITH_VOLUME_BASIS;VOLUME_ONLY_NO_SAFE_ALTERNATIVE;SOURCE_UNIT_PRESERVED;DIRECT_RECORD_DISABLED;SEARCH_RANK_DEMOTED,,,false,true,
8946,D701-044146300-0001,카레라이스_돼지고기_모듬채소,밥류,돼지고기,모듬채소,해당없음,100ml,99,100,ml,99,VOLUME_ONLY_UNRESOLVED,SOLID_WITH_VOLUME_BASIS;VOLUME_ONLY_NO_SAFE_ALTERNATIVE;SOURCE_UNIT_PRESERVED;DIRECT_RECORD_DISABLED;SEARCH_RANK_DEMOTED,,,false,true,
8947,D501-044146300-0001,카레라이스_돼지고기_모듬채소,밥류,돼지고기,모듬채소,해당없음,100ml,99,100,ml,99,VOLUME_ONLY_UNRESOLVED,SOLID_WITH_VOLUME_BASIS;VOLUME_ONLY_NO_SAFE_ALTERNATIVE;SOURCE_UNIT_PRESERVED;DIRECT_RECORD_DISABLED;SEARCH_RANK_DEMOTED,,,false,true,
8948,D501-044140000-0001,카레라이스_돼지고기,밥류,돼지고기,해당없음,해당없음,100ml,164,100,ml,164,VOLUME_ONLY_UNRESOLVED,SOLID_WITH_VOLUME_BASIS;VOLUME_ONLY_NO_SAFE_ALTERNATIVE;SOURCE_UNIT_PRESERVED;DIRECT_RECORD_DISABLED;SEARCH_RANK_DEMOTED,,,false,true,
8949,D701-044140000-0001,카레라이스_돼지고기,밥류,돼지고기,해당없음,해당없음,100ml,100,100,ml,100,VOLUME_ONLY_UNRESOLVED,SOLID_WITH_VOLUME_BASIS;VOLUME_ONLY_NO_SAFE_ALTERNATIVE;SOURCE_UNIT_PRESERVED;DIRECT_RECORD_DISABLED;SEARCH_RANK_DEMOTED,,,false,true,
8950,D401-044140000-0001,카레라이스_돼지고기,밥류,돼지고기,해당없음,해당없음,100ml,90,100,ml,90,VOLUME_ONLY_UNRESOLVED,SOLID_WITH_VOLUME_BASIS;VOLUME_ONLY_NO_SAFE_ALTERNATIVE;SOURCE_UNIT_PRESERVED;DIRECT_RECORD_DISABLED;SEARCH_RANK_DEMOTED,,,false,true,
8951,D601-044140000-0001,카레라이스_돼지고기,밥류,돼지고기,해당없음,해당없음,100ml,167,100,ml,167,VOLUME_ONLY_UNRESOLVED,SOLID_WITH_VOLUME_BASIS;VOLUME_ONLY_NO_SAFE_ALTERNATIVE;SOURCE_UNIT_PRESERVED;DIRECT_RECORD_DISABLED;SEARCH_RANK_DEMOTED,,,false,true,
8953,D408-444000000-0001,칠면조구이,구이류,해당없음,해당없음,해당없음,100ml,207,100,ml,207,VOLUME_ONLY_UNRESOLVED,SOLID_WITH_VOLUME_BASIS;VOLUME_ONLY_NO_SAFE_ALTERNATIVE;SOURCE_UNIT_PRESERVED;DIRECT_RECORD_DISABLED;SEARCH_RANK_DEMOTED,,,false,true,
8954,D708-402000000-0001,치킨데리야끼,구이류,해당없음,해당없음,해당없음,100ml,117,100,ml,117,MASS_ALTERNATIVE_AVAILABLE,SOLID_WITH_VOLUME_BASIS;MASS_ALTERNATIVE_FOUND;SOURCE_UNIT_PRESERVED;DIRECT_RECORD_DISABLED;SEARCH_RANK_DEMOTED,D108-402000000-0001,,false,true,
8955,D508-402000000-0001,치킨데리야끼,구이류,해당없음,해당없음,해당없음,100ml,87,100,ml,87,MASS_ALTERNATIVE_AVAILABLE,SOLID_WITH_VOLUME_BASIS;MASS_ALTERNATIVE_FOUND;SOURCE_UNIT_PRESERVED;DIRECT_RECORD_DISABLED;SEARCH_RANK_DEMOTED,D108-402000000-0001,,false,true,
8956,D608-402000000-0001,치킨데리야끼,구이류,해당없음,해당없음,해당없음,100ml,142,100,ml,142,MASS_ALTERNATIVE_AVAILABLE,SOLID_WITH_VOLUME_BASIS;MASS_ALTERNATIVE_FOUND;SOURCE_UNIT_PRESERVED;DIRECT_RECORD_DISABLED;SEARCH_RANK_DEMOTED,D108-402000000-0001,,false,true,
8959,D414-719000000-0001,치커리무침,생채·무침류,해당없음,해당없음,해당없음,100ml,16,100,ml,16,VOLUME_ONLY_UNRESOLVED,SOLID_WITH_VOLUME_BASIS;VOLUME_ONLY_NO_SAFE_ALTERNATIVE;SOURCE_UNIT_PRESERVED;DIRECT_RECORD_DISABLED;SEARCH_RANK_DEMOTED,,,false,true,
8960,D714-651000000-0001,치커리겉절이,생채·무침류,해당없음,해당없음,해당없음,100ml,22,100,ml,22,VOLUME_ONLY_UNRESOLVED,SOLID_WITH_VOLUME_BASIS;VOLUME_ONLY_NO_SAFE_ALTERNATIVE;SOURCE_UNIT_PRESERVED;DIRECT_RECORD_DISABLED;SEARCH_RANK_DEMOTED,,,false,true,
8961,D614-651000000-0001,치커리 겉절이,생채·무침류,해당없음,해당없음,해당없음,100ml,58,100,ml,58,VOLUME_ONLY_UNRESOLVED,SOLID_WITH_VOLUME_BASIS;VOLUME_ONLY_NO_SAFE_ALTERNATIVE;SOURCE_UNIT_PRESERVED;DIRECT_RECORD_DISABLED;SEARCH_RANK_DEMOTED,,,false,true,
8962,D514-651000000-0001,치커리 겉절이,생채·무침류,해당없음,해당없음,해당없음,100ml,58,100,ml,58,VOLUME_ONLY_UNRESOLVED,SOLID_WITH_VOLUME_BASIS;VOLUME_ONLY_NO_SAFE_ALTERNATIVE;SOURCE_UNIT_PRESERVED;DIRECT_RECORD_DISABLED;SEARCH_RANK_DEMOTED,,,false,true,
8963,D714-651000000-0002,치커리 겉절이,생채·무침류,해당없음,해당없음,해당없음,100ml,22,100,ml,22,VOLUME_ONLY_UNRESOLVED,SOLID_WITH_VOLUME_BASIS;VOLUME_ONLY_NO_SAFE_ALTERNATIVE;SOURCE_UNIT_PRESERVED;DIRECT_RECORD_DISABLED;SEARCH_RANK_DEMOTED,,,false,true,
9058,D603-199500000-0001,치즈 스파게티_해물,면 및 만두류,해물,해당없음,해당없음,100ml,99,100,ml,99,VOLUME_ONLY_UNRESOLVED,SOLID_WITH_VOLUME_BASIS;VOLUME_ONLY_NO_SAFE_ALTERNATIVE;SOURCE_UNIT_PRESERVED;DIRECT_RECORD_DISABLED;SEARCH_RANK_DEMOTED,,,false,true,
9059,D503-199500000-0001,치즈 스파게티_해물,면 및 만두류,해물,해당없음,해당없음,100ml,99,100,ml,99,VOLUME_ONLY_UNRESOLVED,SOLID_WITH_VOLUME_BASIS;VOLUME_ONLY_NO_SAFE_ALTERNATIVE;SOURCE_UNIT_PRESERVED;DIRECT_RECORD_DISABLED;SEARCH_RANK_DEMOTED,,,false,true,
9060,D403-199500000-0001,치즈 스파게티_해물,면 및 만두류,해물,해당없음,해당없음,100ml,99,100,ml,99,VOLUME_ONLY_UNRESOLVED,SOLID_WITH_VOLUME_BASIS;VOLUME_ONLY_NO_SAFE_ALTERNATIVE;SOURCE_UNIT_PRESERVED;DIRECT_RECORD_DISABLED;SEARCH_RANK_DEMOTED,,,false,true,
9114,D402-106000000-0001,츄러스,빵 및 과자류,해당없음,해당없음,해당없음,100ml,185,100,ml,185,MASS_ALTERNATIVE_AVAILABLE,SOLID_WITH_VOLUME_BASIS;MASS_ALTERNATIVE_FOUND;SOURCE_UNIT_PRESERVED;DIRECT_RECORD_DISABLED;SEARCH_RANK_DEMOTED,D102-106000000-0001,,false,true,
9115,D713-596170000-0001,취나물무침_소금,나물·숙채류,소금,해당없음,해당없음,100ml,99,100,ml,99,VOLUME_ONLY_UNRESOLVED,SOLID_WITH_VOLUME_BASIS;VOLUME_ONLY_NO_SAFE_ALTERNATIVE;SOURCE_UNIT_PRESERVED;DIRECT_RECORD_DISABLED;SEARCH_RANK_DEMOTED,,,false,true,
9116,D613-596170000-0001,취나물무침_소금,나물·숙채류,소금,해당없음,해당없음,100ml,99,100,ml,99,VOLUME_ONLY_UNRESOLVED,SOLID_WITH_VOLUME_BASIS;VOLUME_ONLY_NO_SAFE_ALTERNATIVE;SOURCE_UNIT_PRESERVED;DIRECT_RECORD_DISABLED;SEARCH_RANK_DEMOTED,,,false,true,
9117,D413-596170000-0001,취나물무침_소금,나물·숙채류,소금,해당없음,해당없음,100ml,99,100,ml,99,VOLUME_ONLY_UNRESOLVED,SOLID_WITH_VOLUME_BASIS;VOLUME_ONLY_NO_SAFE_ALTERNATIVE;SOURCE_UNIT_PRESERVED;DIRECT_RECORD_DISABLED;SEARCH_RANK_DEMOTED,,,false,true,
9118,D713-596010000-0001,취나물무침_간장,나물·숙채류,간장,해당없음,해당없음,100ml,25,100,ml,25,VOLUME_ONLY_UNRESOLVED,SOLID_WITH_VOLUME_BASIS;VOLUME_ONLY_NO_SAFE_ALTERNATIVE;SOURCE_UNIT_PRESERVED;DIRECT_RECORD_DISABLED;SEARCH_RANK_DEMOTED,,,false,true,
9119,D613-596010000-0001,취나물무침_간장,나물·숙채류,간장,해당없음,해당없음,100ml,25,100,ml,25,VOLUME_ONLY_UNRESOLVED,SOLID_WITH_VOLUME_BASIS;VOLUME_ONLY_NO_SAFE_ALTERNATIVE;SOURCE_UNIT_PRESERVED;DIRECT_RECORD_DISABLED;SEARCH_RANK_DEMOTED,,,false,true,
9120,D413-596010000-0001,취나물무침_간장,나물·숙채류,간장,해당없음,해당없음,100ml,25,100,ml,25,VOLUME_ONLY_UNRESOLVED,SOLID_WITH_VOLUME_BASIS;VOLUME_ONLY_NO_SAFE_ALTERNATIVE;SOURCE_UNIT_PRESERVED;DIRECT_RECORD_DISABLED;SEARCH_RANK_DEMOTED,,,false,true,
9121,D513-596010000-0001,취나물무침_간장,나물·숙채류,간장,해당없음,해당없음,100ml,25,100,ml,25,VOLUME_ONLY_UNRESOLVED,SOLID_WITH_VOLUME_BASIS;VOLUME_ONLY_NO_SAFE_ALTERNATIVE;SOURCE_UNIT_PRESERVED;DIRECT_RECORD_DISABLED;SEARCH_RANK_DEMOTED,,,false,true,
9123,D613-596000000-0001,취나물무침,나물·숙채류,해당없음,해당없음,해당없음,100ml,44,100,ml,44,MASS_ALTERNATIVE_AVAILABLE,SOLID_WITH_VOLUME_BASIS;MASS_ALTERNATIVE_FOUND;SOURCE_UNIT_PRESERVED;DIRECT_RECORD_DISABLED;SEARCH_RANK_DEMOTED,D313-596000000-0001,,false,true,
9124,D513-596000000-0001,취나물무침,나물·숙채류,해당없음,해당없음,해당없음,100ml,29,100,ml,29,MASS_ALTERNATIVE_AVAILABLE,SOLID_WITH_VOLUME_BASIS;MASS_ALTERNATIVE_FOUND;SOURCE_UNIT_PRESERVED;DIRECT_RECORD_DISABLED;SEARCH_RANK_DEMOTED,D313-596000000-0001,,false,true,
9126,D613-595050000-0001,취나물_된장,나물·숙채류,된장,해당없음,해당없음,100ml,59,100,ml,59,MASS_ALTERNATIVE_AVAILABLE,SOLID_WITH_VOLUME_BASIS;MASS_ALTERNATIVE_FOUND;SOURCE_UNIT_PRESERVED;DIRECT_RECORD_DISABLED;SEARCH_RANK_DEMOTED,D113-595050000-0001,,false,true,
9127,D713-595050000-0001,취나물_된장,나물·숙채류,된장,해당없음,해당없음,100ml,63,100,ml,63,MASS_ALTERNATIVE_AVAILABLE,SOLID_WITH_VOLUME_BASIS;MASS_ALTERNATIVE_FOUND;SOURCE_UNIT_PRESERVED;DIRECT_RECORD_DISABLED;SEARCH_RANK_DEMOTED,D113-595050000-0001,,false,true,
9128,D413-595050000-0001,취나물_된장,나물·숙채류,된장,해당없음,해당없음,100ml,63,100,ml,63,MASS_ALTERNATIVE_AVAILABLE,SOLID_WITH_VOLUME_BASIS;MASS_ALTERNATIVE_FOUND;SOURCE_UNIT_PRESERVED;DIRECT_RECORD_DISABLED;SEARCH_RANK_DEMOTED,D113-595050000-0001,,false,true,
9130,D513-595050000-0001,취나물_된장,나물·숙채류,된장,해당없음,해당없음,100ml,29,100,ml,29,MASS_ALTERNATIVE_AVAILABLE,SOLID_WITH_VOLUME_BASIS;MASS_ALTERNATIVE_FOUND;SOURCE_UNIT_PRESERVED;DIRECT_RECORD_DISABLED;SEARCH_RANK_DEMOTED,D113-595050000-0001,,false,true,
9131,D713-595013200-0001,취나물_간장_소금,나물·숙채류,간장,소금,해당없음,100ml,25,100,ml,25,VOLUME_ONLY_UNRESOLVED,SOLID_WITH_VOLUME_BASIS;VOLUME_ONLY_NO_SAFE_ALTERNATIVE;SOURCE_UNIT_PRESERVED;DIRECT_RECORD_DISABLED;SEARCH_RANK_DEMOTED,,,false,true,
9132,D513-595013200-0001,취나물_간장_소금,나물·숙채류,간장,소금,해당없음,100ml,25,100,ml,25,VOLUME_ONLY_UNRESOLVED,SOLID_WITH_VOLUME_BASIS;VOLUME_ONLY_NO_SAFE_ALTERNATIVE;SOURCE_UNIT_PRESERVED;DIRECT_RECORD_DISABLED;SEARCH_RANK_DEMOTED,,,false,true,
9133,D401-043000000-0001,충무김밥,밥류,해당없음,해당없음,해당없음,100ml,128,100,ml,128,MASS_ALTERNATIVE_AVAILABLE,SOLID_WITH_VOLUME_BASIS;MASS_ALTERNATIVE_FOUND;SOURCE_UNIT_PRESERVED;DIRECT_RECORD_DISABLED;SEARCH_RANK_DEMOTED,D301-043000000-0001,,false,true,
9168,D614-650000000-0001,청포묵무침,생채·무침류,해당없음,해당없음,해당없음,100ml,53,100,ml,53,VOLUME_ONLY_UNRESOLVED,SOLID_WITH_VOLUME_BASIS;VOLUME_ONLY_NO_SAFE_ALTERNATIVE;SOURCE_UNIT_PRESERVED;DIRECT_RECORD_DISABLED;SEARCH_RANK_DEMOTED,,,false,true,
9169,D514-650000000-0001,청포묵무침,생채·무침류,해당없음,해당없음,해당없음,100ml,57,100,ml,57,VOLUME_ONLY_UNRESOLVED,SOLID_WITH_VOLUME_BASIS;VOLUME_ONLY_NO_SAFE_ALTERNATIVE;SOURCE_UNIT_PRESERVED;DIRECT_RECORD_DISABLED;SEARCH_RANK_DEMOTED,,,false,true,
9170,D714-650000000-0001,청포묵무침,생채·무침류,해당없음,해당없음,해당없음,100ml,43,100,ml,43,VOLUME_ONLY_UNRESOLVED,SOLID_WITH_VOLUME_BASIS;VOLUME_ONLY_NO_SAFE_ALTERNATIVE;SOURCE_UNIT_PRESERVED;DIRECT_RECORD_DISABLED;SEARCH_RANK_DEMOTED,,,false,true,
9172,D514-650000000-0002,청포묵 무침,생채·무침류,해당없음,해당없음,해당없음,100ml,57,100,ml,57,VOLUME_ONLY_UNRESOLVED,SOLID_WITH_VOLUME_BASIS;VOLUME_ONLY_NO_SAFE_ALTERNATIVE;SOURCE_UNIT_PRESERVED;DIRECT_RECORD_DISABLED;SEARCH_RANK_DEMOTED,,,false,true,
9173,D714-650000000-0002,청포묵 무침,생채·무침류,해당없음,해당없음,해당없음,100ml,43,100,ml,43,VOLUME_ONLY_UNRESOLVED,SOLID_WITH_VOLUME_BASIS;VOLUME_ONLY_NO_SAFE_ALTERNATIVE;SOURCE_UNIT_PRESERVED;DIRECT_RECORD_DISABLED;SEARCH_RANK_DEMOTED,,,false,true,
9174,D614-650000000-0002,청포묵 무침,생채·무침류,해당없음,해당없음,해당없음,100ml,53,100,ml,53,VOLUME_ONLY_UNRESOLVED,SOLID_WITH_VOLUME_BASIS;VOLUME_ONLY_NO_SAFE_ALTERNATIVE;SOURCE_UNIT_PRESERVED;DIRECT_RECORD_DISABLED;SEARCH_RANK_DEMOTED,,,false,true,
9175,D414-650000000-0001,청포묵 무침,생채·무침류,해당없음,해당없음,해당없음,100ml,43,100,ml,43,VOLUME_ONLY_UNRESOLVED,SOLID_WITH_VOLUME_BASIS;VOLUME_ONLY_NO_SAFE_ALTERNATIVE;SOURCE_UNIT_PRESERVED;DIRECT_RECORD_DISABLED;SEARCH_RANK_DEMOTED,,,false,true,
9176,D408-443000000-0001,청어구이,구이류,해당없음,해당없음,해당없음,100ml,129,100,ml,129,VOLUME_ONLY_UNRESOLVED,SOLID_WITH_VOLUME_BASIS;VOLUME_ONLY_NO_SAFE_ALTERNATIVE;SOURCE_UNIT_PRESERVED;DIRECT_RECORD_DISABLED;SEARCH_RANK_DEMOTED,,,false,true,
9187,D413-594000000-0001,청경채나물,나물·숙채류,해당없음,해당없음,해당없음,100ml,14,100,ml,14,VOLUME_ONLY_UNRESOLVED,SOLID_WITH_VOLUME_BASIS;VOLUME_ONLY_NO_SAFE_ALTERNATIVE;SOURCE_UNIT_PRESERVED;DIRECT_RECORD_DISABLED;SEARCH_RANK_DEMOTED,,,false,true,
9188,D514-718000000-0001,천사채무침,생채·무침류,해당없음,해당없음,해당없음,100ml,73,100,ml,73,VOLUME_ONLY_UNRESOLVED,SOLID_WITH_VOLUME_BASIS;VOLUME_ONLY_NO_SAFE_ALTERNATIVE;SOURCE_UNIT_PRESERVED;DIRECT_RECORD_DISABLED;SEARCH_RANK_DEMOTED,,,false,true,
9189,D414-718000000-0001,천사채무침,생채·무침류,해당없음,해당없음,해당없음,100ml,73,100,ml,73,VOLUME_ONLY_UNRESOLVED,SOLID_WITH_VOLUME_BASIS;VOLUME_ONLY_NO_SAFE_ALTERNATIVE;SOURCE_UNIT_PRESERVED;DIRECT_RECORD_DISABLED;SEARCH_RANK_DEMOTED,,,false,true,
9190,D614-718000000-0001,천사채무침,생채·무침류,해당없음,해당없음,해당없음,100ml,73,100,ml,73,VOLUME_ONLY_UNRESOLVED,SOLID_WITH_VOLUME_BASIS;VOLUME_ONLY_NO_SAFE_ALTERNATIVE;SOURCE_UNIT_PRESERVED;DIRECT_RECORD_DISABLED;SEARCH_RANK_DEMOTED,,,false,true,
9191,D714-718000000-0001,천사채무침,생채·무침류,해당없음,해당없음,해당없음,100ml,73,100,ml,73,VOLUME_ONLY_UNRESOLVED,SOLID_WITH_VOLUME_BASIS;VOLUME_ONLY_NO_SAFE_ALTERNATIVE;SOURCE_UNIT_PRESERVED;DIRECT_RECORD_DISABLED;SEARCH_RANK_DEMOTED,,,false,true,
9192,D412-618000000-0001,채소튀김,튀김류,해당없음,해당없음,해당없음,100ml,101,100,ml,101,VOLUME_ONLY_UNRESOLVED,SOLID_WITH_VOLUME_BASIS;VOLUME_ONLY_NO_SAFE_ALTERNATIVE;SOURCE_UNIT_PRESERVED;DIRECT_RECORD_DISABLED;SEARCH_RANK_DEMOTED,,,false,true,
9193,D612-618000000-0001,채소튀김,튀김류,해당없음,해당없음,해당없음,100ml,214,100,ml,214,VOLUME_ONLY_UNRESOLVED,SOLID_WITH_VOLUME_BASIS;VOLUME_ONLY_NO_SAFE_ALTERNATIVE;SOURCE_UNIT_PRESERVED;DIRECT_RECORD_DISABLED;SEARCH_RANK_DEMOTED,,,false,true,
9194,D512-618000000-0001,채소튀김,튀김류,해당없음,해당없음,해당없음,100ml,214,100,ml,214,VOLUME_ONLY_UNRESOLVED,SOLID_WITH_VOLUME_BASIS;VOLUME_ONLY_NO_SAFE_ALTERNATIVE;SOURCE_UNIT_PRESERVED;DIRECT_RECORD_DISABLED;SEARCH_RANK_DEMOTED,,,false,true,
9195,D712-618000000-0001,채소튀김,튀김류,해당없음,해당없음,해당없음,100ml,101,100,ml,101,VOLUME_ONLY_UNRESOLVED,SOLID_WITH_VOLUME_BASIS;VOLUME_ONLY_NO_SAFE_ALTERNATIVE;SOURCE_UNIT_PRESERVED;DIRECT_RECORD_DISABLED;SEARCH_RANK_DEMOTED,,,false,true,
9203,D709-439000000-0001,채소전,전·적 및 부침류,해당없음,해당없음,해당없음,100ml,204,100,ml,204,MASS_ALTERNATIVE_AVAILABLE,SOLID_WITH_VOLUME_BASIS;MASS_ALTERNATIVE_FOUND;SOURCE_UNIT_PRESERVED;DIRECT_RECORD_DISABLED;SEARCH_RANK_DEMOTED,D109-439000000-0001;D309-439000000-0001,,false,true,
9204,D609-439000000-0001,채소전,전·적 및 부침류,해당없음,해당없음,해당없음,100ml,204,100,ml,204,MASS_ALTERNATIVE_AVAILABLE,SOLID_WITH_VOLUME_BASIS;MASS_ALTERNATIVE_FOUND;SOURCE_UNIT_PRESERVED;DIRECT_RECORD_DISABLED;SEARCH_RANK_DEMOTED,D109-439000000-0001;D309-439000000-0001,,false,true,
9207,D509-439000000-0001,채소전,전·적 및 부침류,해당없음,해당없음,해당없음,100ml,204,100,ml,204,MASS_ALTERNATIVE_AVAILABLE,SOLID_WITH_VOLUME_BASIS;MASS_ALTERNATIVE_FOUND;SOURCE_UNIT_PRESERVED;DIRECT_RECORD_DISABLED;SEARCH_RANK_DEMOTED,D109-439000000-0001;D309-439000000-0001,,false,true,
9208,D409-439000000-0001,채소전,전·적 및 부침류,해당없음,해당없음,해당없음,100ml,154,100,ml,154,MASS_ALTERNATIVE_AVAILABLE,SOLID_WITH_VOLUME_BASIS;MASS_ALTERNATIVE_FOUND;SOURCE_UNIT_PRESERVED;DIRECT_RECORD_DISABLED;SEARCH_RANK_DEMOTED,D109-439000000-0001;D309-439000000-0001,,false,true,
9209,D701-082000000-0001,채소밥,밥류,해당없음,해당없음,해당없음,100ml,115,100,ml,115,VOLUME_ONLY_UNRESOLVED,SOLID_WITH_VOLUME_BASIS;VOLUME_ONLY_NO_SAFE_ALTERNATIVE;SOURCE_UNIT_PRESERVED;DIRECT_RECORD_DISABLED;SEARCH_RANK_DEMOTED,,,false,true,
9210,D501-082000000-0001,채소밥,밥류,해당없음,해당없음,해당없음,100ml,114,100,ml,114,VOLUME_ONLY_UNRESOLVED,SOLID_WITH_VOLUME_BASIS;VOLUME_ONLY_NO_SAFE_ALTERNATIVE;SOURCE_UNIT_PRESERVED;DIRECT_RECORD_DISABLED;SEARCH_RANK_DEMOTED,,,false,true,
9211,D601-082000000-0001,채소밥,밥류,해당없음,해당없음,해당없음,100ml,114,100,ml,114,VOLUME_ONLY_UNRESOLVED,SOLID_WITH_VOLUME_BASIS;VOLUME_ONLY_NO_SAFE_ALTERNATIVE;SOURCE_UNIT_PRESERVED;DIRECT_RECORD_DISABLED;SEARCH_RANK_DEMOTED,,,false,true,
9212,D408-442000000-0001,채소 꼬치구이,구이류,해당없음,해당없음,해당없음,100ml,91,100,ml,91,VOLUME_ONLY_UNRESOLVED,SOLID_WITH_VOLUME_BASIS;VOLUME_ONLY_NO_SAFE_ALTERNATIVE;SOURCE_UNIT_PRESERVED;DIRECT_RECORD_DISABLED;SEARCH_RANK_DEMOTED,,,false,true,
9222,D401-041350000-0001,참치회덮밥_양념장,밥류,양념장,해당없음,해당없음,100ml,76,100,ml,76,VOLUME_ONLY_UNRESOLVED,SOLID_WITH_VOLUME_BASIS;VOLUME_ONLY_NO_SAFE_ALTERNATIVE;SOURCE_UNIT_PRESERVED;DIRECT_RECORD_DISABLED;SEARCH_RANK_DEMOTED,,,false,true,
9231,D401-040000000-0001,참치덮밥,밥류,해당없음,해당없음,해당없음,100ml,108,100,ml,108,VOLUME_ONLY_UNRESOLVED,SOLID_WITH_VOLUME_BASIS;VOLUME_ONLY_NO_SAFE_ALTERNATIVE;SOURCE_UNIT_PRESERVED;DIRECT_RECORD_DISABLED;SEARCH_RANK_DEMOTED,,,false,true,
9233,D708-401000000-0001,참치구이,구이류,해당없음,해당없음,해당없음,100ml,318,100,ml,318,VOLUME_ONLY_UNRESOLVED,SOLID_WITH_VOLUME_BASIS;VOLUME_ONLY_NO_SAFE_ALTERNATIVE;SOURCE_UNIT_PRESERVED;DIRECT_RECORD_DISABLED;SEARCH_RANK_DEMOTED,,,false,true,
9234,D408-401000000-0001,참치구이,구이류,해당없음,해당없음,해당없음,100ml,316,100,ml,316,VOLUME_ONLY_UNRESOLVED,SOLID_WITH_VOLUME_BASIS;VOLUME_ONLY_NO_SAFE_ALTERNATIVE;SOURCE_UNIT_PRESERVED;DIRECT_RECORD_DISABLED;SEARCH_RANK_DEMOTED,,,false,true,
9235,D712-617000000-0001,참치강정,튀김류,해당없음,해당없음,해당없음,100ml,353,100,ml,353,VOLUME_ONLY_UNRESOLVED,SOLID_WITH_VOLUME_BASIS;VOLUME_ONLY_NO_SAFE_ALTERNATIVE;SOURCE_UNIT_PRESERVED;DIRECT_RECORD_DISABLED;SEARCH_RANK_DEMOTED,,,false,true,
9236,D512-617000000-0001,참치강정,튀김류,해당없음,해당없음,해당없음,100ml,230,100,ml,230,VOLUME_ONLY_UNRESOLVED,SOLID_WITH_VOLUME_BASIS;VOLUME_ONLY_NO_SAFE_ALTERNATIVE;SOURCE_UNIT_PRESERVED;DIRECT_RECORD_DISABLED;SEARCH_RANK_DEMOTED,,,false,true,
9237,D509-459000000-0001,참치 완자전,전·적 및 부침류,해당없음,해당없음,해당없음,100ml,220,100,ml,220,VOLUME_ONLY_UNRESOLVED,SOLID_WITH_VOLUME_BASIS;VOLUME_ONLY_NO_SAFE_ALTERNATIVE;SOURCE_UNIT_PRESERVED;DIRECT_RECORD_DISABLED;SEARCH_RANK_DEMOTED,,,false,true,
9238,D714-717000000-0001,참치 샐러드,생채·무침류,해당없음,해당없음,해당없음,100ml,200,100,ml,200,VOLUME_ONLY_UNRESOLVED,SOLID_WITH_VOLUME_BASIS;VOLUME_ONLY_NO_SAFE_ALTERNATIVE;SOURCE_UNIT_PRESERVED;DIRECT_RECORD_DISABLED;SEARCH_RANK_DEMOTED,,,false,true,
9239,D414-717000000-0001,참치 샐러드,생채·무침류,해당없음,해당없음,해당없음,100ml,200,100,ml,200,VOLUME_ONLY_UNRESOLVED,SOLID_WITH_VOLUME_BASIS;VOLUME_ONLY_NO_SAFE_ALTERNATIVE;SOURCE_UNIT_PRESERVED;DIRECT_RECORD_DISABLED;SEARCH_RANK_DEMOTED,,,false,true,
9240,D514-717000000-0001,참치 샐러드,생채·무침류,해당없음,해당없음,해당없음,100ml,245,100,ml,245,VOLUME_ONLY_UNRESOLVED,SOLID_WITH_VOLUME_BASIS;VOLUME_ONLY_NO_SAFE_ALTERNATIVE;SOURCE_UNIT_PRESERVED;DIRECT_RECORD_DISABLED;SEARCH_RANK_DEMOTED,,,false,true,
9241,D614-717000000-0001,참치 샐러드,생채·무침류,해당없음,해당없음,해당없음,100ml,250,100,ml,250,VOLUME_ONLY_UNRESOLVED,SOLID_WITH_VOLUME_BASIS;VOLUME_ONLY_NO_SAFE_ALTERNATIVE;SOURCE_UNIT_PRESERVED;DIRECT_RECORD_DISABLED;SEARCH_RANK_DEMOTED,,,false,true,
9245,D714-649040000-0001,참나물겉절이_고춧가루,생채·무침류,고춧가루,해당없음,해당없음,100ml,18,100,ml,18,VOLUME_ONLY_UNRESOLVED,SOLID_WITH_VOLUME_BASIS;VOLUME_ONLY_NO_SAFE_ALTERNATIVE;SOURCE_UNIT_PRESERVED;DIRECT_RECORD_DISABLED;SEARCH_RANK_DEMOTED,,,false,true,
9246,D414-716450000-0001,참나물 무침_된장,생채·무침류,된장,해당없음,해당없음,100ml,15,100,ml,15,VOLUME_ONLY_UNRESOLVED,SOLID_WITH_VOLUME_BASIS;VOLUME_ONLY_NO_SAFE_ALTERNATIVE;SOURCE_UNIT_PRESERVED;DIRECT_RECORD_DISABLED;SEARCH_RANK_DEMOTED,,,false,true,
9247,D514-716450000-0001,참나물 무침_된장,생채·무침류,된장,해당없음,해당없음,100ml,15,100,ml,15,VOLUME_ONLY_UNRESOLVED,SOLID_WITH_VOLUME_BASIS;VOLUME_ONLY_NO_SAFE_ALTERNATIVE;SOURCE_UNIT_PRESERVED;DIRECT_RECORD_DISABLED;SEARCH_RANK_DEMOTED,,,false,true,
9248,D714-716450000-0001,참나물 무침_된장,생채·무침류,된장,해당없음,해당없음,100ml,15,100,ml,15,VOLUME_ONLY_UNRESOLVED,SOLID_WITH_VOLUME_BASIS;VOLUME_ONLY_NO_SAFE_ALTERNATIVE;SOURCE_UNIT_PRESERVED;DIRECT_RECORD_DISABLED;SEARCH_RANK_DEMOTED,,,false,true,
9249,D614-649420000-0001,참나물 겉절이_단감,생채·무침류,단감,해당없음,해당없음,100ml,22,100,ml,22,VOLUME_ONLY_UNRESOLVED,SOLID_WITH_VOLUME_BASIS;VOLUME_ONLY_NO_SAFE_ALTERNATIVE;SOURCE_UNIT_PRESERVED;DIRECT_RECORD_DISABLED;SEARCH_RANK_DEMOTED,,,false,true,
9250,D414-649420000-0001,참나물 겉절이_단감,생채·무침류,단감,해당없음,해당없음,100ml,22,100,ml,22,VOLUME_ONLY_UNRESOLVED,SOLID_WITH_VOLUME_BASIS;VOLUME_ONLY_NO_SAFE_ALTERNATIVE;SOURCE_UNIT_PRESERVED;DIRECT_RECORD_DISABLED;SEARCH_RANK_DEMOTED,,,false,true,
9251,D514-649420000-0001,참나물 겉절이_단감,생채·무침류,단감,해당없음,해당없음,100ml,22,100,ml,22,VOLUME_ONLY_UNRESOLVED,SOLID_WITH_VOLUME_BASIS;VOLUME_ONLY_NO_SAFE_ALTERNATIVE;SOURCE_UNIT_PRESERVED;DIRECT_RECORD_DISABLED;SEARCH_RANK_DEMOTED,,,false,true,
9252,D714-649390000-0001,참나물 겉절이_간장,생채·무침류,간장,해당없음,해당없음,100ml,18,100,ml,18,VOLUME_ONLY_UNRESOLVED,SOLID_WITH_VOLUME_BASIS;VOLUME_ONLY_NO_SAFE_ALTERNATIVE;SOURCE_UNIT_PRESERVED;DIRECT_RECORD_DISABLED;SEARCH_RANK_DEMOTED,,,false,true,
9253,D414-649000000-0001,참나물 겉절이,생채·무침류,해당없음,해당없음,해당없음,100ml,17,100,ml,17,VOLUME_ONLY_UNRESOLVED,SOLID_WITH_VOLUME_BASIS;VOLUME_ONLY_NO_SAFE_ALTERNATIVE;SOURCE_UNIT_PRESERVED;DIRECT_RECORD_DISABLED;SEARCH_RANK_DEMOTED,,,false,true,
9254,D514-649000000-0001,참나물 겉절이,생채·무침류,해당없음,해당없음,해당없음,100ml,17,100,ml,17,VOLUME_ONLY_UNRESOLVED,SOLID_WITH_VOLUME_BASIS;VOLUME_ONLY_NO_SAFE_ALTERNATIVE;SOURCE_UNIT_PRESERVED;DIRECT_RECORD_DISABLED;SEARCH_RANK_DEMOTED,,,false,true,
9255,D714-649000000-0001,참나물 겉절이,생채·무침류,해당없음,해당없음,해당없음,100ml,17,100,ml,17,VOLUME_ONLY_UNRESOLVED,SOLID_WITH_VOLUME_BASIS;VOLUME_ONLY_NO_SAFE_ALTERNATIVE;SOURCE_UNIT_PRESERVED;DIRECT_RECORD_DISABLED;SEARCH_RANK_DEMOTED,,,false,true,
9256,D614-649000000-0001,참나물 겉절이,생채·무침류,해당없음,해당없음,해당없음,100ml,17,100,ml,17,VOLUME_ONLY_UNRESOLVED,SOLID_WITH_VOLUME_BASIS;VOLUME_ONLY_NO_SAFE_ALTERNATIVE;SOURCE_UNIT_PRESERVED;DIRECT_RECORD_DISABLED;SEARCH_RANK_DEMOTED,,,false,true,
9258,D413-593000000-0001,참나물,나물·숙채류,해당없음,해당없음,해당없음,100ml,80,100,ml,80,MASS_ALTERNATIVE_AVAILABLE,SOLID_WITH_VOLUME_BASIS;MASS_ALTERNATIVE_FOUND;SOURCE_UNIT_PRESERVED;DIRECT_RECORD_DISABLED;SEARCH_RANK_DEMOTED,D113-593000000-0001,,false,true,
9259,D613-593000000-0001,참나물,나물·숙채류,해당없음,해당없음,해당없음,100ml,17,100,ml,17,MASS_ALTERNATIVE_AVAILABLE,SOLID_WITH_VOLUME_BASIS;MASS_ALTERNATIVE_FOUND;SOURCE_UNIT_PRESERVED;DIRECT_RECORD_DISABLED;SEARCH_RANK_DEMOTED,D113-593000000-0001,,false,true,
9260,D713-593000000-0001,참나물,나물·숙채류,해당없음,해당없음,해당없음,100ml,14,100,ml,14,MASS_ALTERNATIVE_AVAILABLE,SOLID_WITH_VOLUME_BASIS;MASS_ALTERNATIVE_FOUND;SOURCE_UNIT_PRESERVED;DIRECT_RECORD_DISABLED;SEARCH_RANK_DEMOTED,D113-593000000-0001,,false,true,
9261,D513-593000000-0001,참나물,나물·숙채류,해당없음,해당없음,해당없음,100ml,17,100,ml,17,MASS_ALTERNATIVE_AVAILABLE,SOLID_WITH_VOLUME_BASIS;MASS_ALTERNATIVE_FOUND;SOURCE_UNIT_PRESERVED;DIRECT_RECORD_DISABLED;SEARCH_RANK_DEMOTED,D113-593000000-0001,,false,true,
9265,D601-039000000-0001,찰밥,밥류,해당없음,해당없음,해당없음,100ml,120,100,ml,120,MASS_ALTERNATIVE_AVAILABLE,SOLID_WITH_VOLUME_BASIS;MASS_ALTERNATIVE_FOUND;SOURCE_UNIT_PRESERVED;DIRECT_RECORD_DISABLED;SEARCH_RANK_DEMOTED,D101-039000000-0001,,false,true,
9266,D501-039000000-0001,찰밥,밥류,해당없음,해당없음,해당없음,100ml,120,100,ml,120,MASS_ALTERNATIVE_AVAILABLE,SOLID_WITH_VOLUME_BASIS;MASS_ALTERNATIVE_FOUND;SOURCE_UNIT_PRESERVED;DIRECT_RECORD_DISABLED;SEARCH_RANK_DEMOTED,D101-039000000-0001,,false,true,
9276,D601-038000000-0001,차조밥,밥류,해당없음,해당없음,해당없음,100ml,119,100,ml,119,MASS_ALTERNATIVE_AVAILABLE,SOLID_WITH_VOLUME_BASIS;MASS_ALTERNATIVE_FOUND;SOURCE_UNIT_PRESERVED;DIRECT_RECORD_DISABLED;SEARCH_RANK_DEMOTED,D101-038000000-0001,,false,true,
9277,D501-038000000-0001,차조밥,밥류,해당없음,해당없음,해당없음,100ml,119,100,ml,119,MASS_ALTERNATIVE_AVAILABLE,SOLID_WITH_VOLUME_BASIS;MASS_ALTERNATIVE_FOUND;SOURCE_UNIT_PRESERVED;DIRECT_RECORD_DISABLED;SEARCH_RANK_DEMOTED,D101-038000000-0001,,false,true,
9278,D701-038000000-0001,차조밥,밥류,해당없음,해당없음,해당없음,100ml,119,100,ml,119,MASS_ALTERNATIVE_AVAILABLE,SOLID_WITH_VOLUME_BASIS;MASS_ALTERNATIVE_FOUND;SOURCE_UNIT_PRESERVED;DIRECT_RECORD_DISABLED;SEARCH_RANK_DEMOTED,D101-038000000-0001,,false,true,
9279,D401-038000000-0001,차조밥,밥류,해당없음,해당없음,해당없음,100ml,120,100,ml,120,MASS_ALTERNATIVE_AVAILABLE,SOLID_WITH_VOLUME_BASIS;MASS_ALTERNATIVE_FOUND;SOURCE_UNIT_PRESERVED;DIRECT_RECORD_DISABLED;SEARCH_RANK_DEMOTED,D101-038000000-0001,,false,true,
9282,D410-497000000-0001,쫄볶이,볶음류,해당없음,해당없음,해당없음,100ml,150,100,ml,150,VOLUME_ONLY_UNRESOLVED,SOLID_WITH_VOLUME_BASIS;VOLUME_ONLY_NO_SAFE_ALTERNATIVE;SOURCE_UNIT_PRESERVED;DIRECT_RECORD_DISABLED;SEARCH_RANK_DEMOTED,,,false,true,
9284,D603-173000000-0001,쫄면,면 및 만두류,해당없음,해당없음,해당없음,100ml,113,100,ml,113,MASS_ALTERNATIVE_AVAILABLE,SOLID_WITH_VOLUME_BASIS;MASS_ALTERNATIVE_FOUND;SOURCE_UNIT_PRESERVED;DIRECT_RECORD_DISABLED;SEARCH_RANK_DEMOTED,D103-173000000-0001,,false,true,
9285,D403-173000000-0001,쫄면,면 및 만두류,해당없음,해당없음,해당없음,100ml,132,100,ml,132,MASS_ALTERNATIVE_AVAILABLE,SOLID_WITH_VOLUME_BASIS;MASS_ALTERNATIVE_FOUND;SOURCE_UNIT_PRESERVED;DIRECT_RECORD_DISABLED;SEARCH_RANK_DEMOTED,D103-173000000-0001,,false,true,
9286,D703-173000000-0001,쫄면,면 및 만두류,해당없음,해당없음,해당없음,100ml,121,100,ml,121,MASS_ALTERNATIVE_AVAILABLE,SOLID_WITH_VOLUME_BASIS;MASS_ALTERNATIVE_FOUND;SOURCE_UNIT_PRESERVED;DIRECT_RECORD_DISABLED;SEARCH_RANK_DEMOTED,D103-173000000-0001,,false,true,
9287,D503-173000000-0001,쫄면,면 및 만두류,해당없음,해당없음,해당없음,100ml,107,100,ml,107,MASS_ALTERNATIVE_AVAILABLE,SOLID_WITH_VOLUME_BASIS;MASS_ALTERNATIVE_FOUND;SOURCE_UNIT_PRESERVED;DIRECT_RECORD_DISABLED;SEARCH_RANK_DEMOTED,D103-173000000-0001,,false,true,
9288,D401-037000000-0001,짬뽕밥,밥류,해당없음,해당없음,해당없음,100ml,48,100,ml,48,MASS_ALTERNATIVE_AVAILABLE,SOLID_WITH_VOLUME_BASIS;MASS_ALTERNATIVE_FOUND;SOURCE_UNIT_PRESERVED;DIRECT_RECORD_DISABLED;SEARCH_RANK_DEMOTED,D101-037000000-0001,,false,true,
9290,D701-037000000-0001,짬뽕밥,밥류,해당없음,해당없음,해당없음,100ml,110,100,ml,110,MASS_ALTERNATIVE_AVAILABLE,SOLID_WITH_VOLUME_BASIS;MASS_ALTERNATIVE_FOUND;SOURCE_UNIT_PRESERVED;DIRECT_RECORD_DISABLED;SEARCH_RANK_DEMOTED,D101-037000000-0001,,false,true,
9291,D403-198000000-0001,짬뽕라면,면 및 만두류,해당없음,해당없음,해당없음,100ml,91,100,ml,91,VOLUME_ONLY_UNRESOLVED,SOLID_WITH_VOLUME_BASIS;VOLUME_ONLY_NO_SAFE_ALTERNATIVE;SOURCE_UNIT_PRESERVED;DIRECT_RECORD_DISABLED;SEARCH_RANK_DEMOTED,,,false,true,
9298,D603-172000000-0001,짬뽕,면 및 만두류,해당없음,해당없음,해당없음,100ml,73,100,ml,73,MASS_ALTERNATIVE_AVAILABLE,SOLID_WITH_VOLUME_BASIS;MASS_ALTERNATIVE_FOUND;SOURCE_UNIT_PRESERVED;DIRECT_RECORD_DISABLED;SEARCH_RANK_DEMOTED,D103-172000000-0001,,false,true,
9299,D403-172000000-0001,짬뽕,면 및 만두류,해당없음,해당없음,해당없음,100ml,86,100,ml,86,MASS_ALTERNATIVE_AVAILABLE,SOLID_WITH_VOLUME_BASIS;MASS_ALTERNATIVE_FOUND;SOURCE_UNIT_PRESERVED;DIRECT_RECORD_DISABLED;SEARCH_RANK_DEMOTED,D103-172000000-0001,,false,true,
9300,D503-172000000-0001,짬뽕,면 및 만두류,해당없음,해당없음,해당없음,100ml,74,100,ml,74,MASS_ALTERNATIVE_AVAILABLE,SOLID_WITH_VOLUME_BASIS;MASS_ALTERNATIVE_FOUND;SOURCE_UNIT_PRESERVED;DIRECT_RECORD_DISABLED;SEARCH_RANK_DEMOTED,D103-172000000-0001,,false,true,
9301,D703-172000000-0001,짬뽕,면 및 만두류,해당없음,해당없음,해당없음,100ml,61,100,ml,61,MASS_ALTERNATIVE_AVAILABLE,SOLID_WITH_VOLUME_BASIS;MASS_ALTERNATIVE_FOUND;SOURCE_UNIT_PRESERVED;DIRECT_RECORD_DISABLED;SEARCH_RANK_DEMOTED,D103-172000000-0001,,false,true,
9308,D401-036000000-0001,짜장밥,밥류,해당없음,해당없음,해당없음,100ml,93,100,ml,93,VOLUME_ONLY_UNRESOLVED,SOLID_WITH_VOLUME_BASIS;VOLUME_ONLY_NO_SAFE_ALTERNATIVE;SOURCE_UNIT_PRESERVED;DIRECT_RECORD_DISABLED;SEARCH_RANK_DEMOTED,,,false,true,
9309,D501-036000000-0001,짜장밥,밥류,해당없음,해당없음,해당없음,100ml,134,100,ml,134,VOLUME_ONLY_UNRESOLVED,SOLID_WITH_VOLUME_BASIS;VOLUME_ONLY_NO_SAFE_ALTERNATIVE;SOURCE_UNIT_PRESERVED;DIRECT_RECORD_DISABLED;SEARCH_RANK_DEMOTED,,,false,true,
9310,D701-036000000-0001,짜장밥,밥류,해당없음,해당없음,해당없음,100ml,139,100,ml,139,VOLUME_ONLY_UNRESOLVED,SOLID_WITH_VOLUME_BASIS;VOLUME_ONLY_NO_SAFE_ALTERNATIVE;SOURCE_UNIT_PRESERVED;DIRECT_RECORD_DISABLED;SEARCH_RANK_DEMOTED,,,false,true,
9311,D601-036000000-0001,짜장밥,밥류,해당없음,해당없음,해당없음,100ml,140,100,ml,140,VOLUME_ONLY_UNRESOLVED,SOLID_WITH_VOLUME_BASIS;VOLUME_ONLY_NO_SAFE_ALTERNATIVE;SOURCE_UNIT_PRESERVED;DIRECT_RECORD_DISABLED;SEARCH_RANK_DEMOTED,,,false,true,
9312,D603-197000000-0001,짜장면,면 및 만두류,해당없음,해당없음,해당없음,100ml,105,100,ml,105,VOLUME_ONLY_UNRESOLVED,SOLID_WITH_VOLUME_BASIS;VOLUME_ONLY_NO_SAFE_ALTERNATIVE;SOURCE_UNIT_PRESERVED;DIRECT_RECORD_DISABLED;SEARCH_RANK_DEMOTED,,,false,true,
9313,D503-197000000-0001,짜장면,면 및 만두류,해당없음,해당없음,해당없음,100ml,98,100,ml,98,VOLUME_ONLY_UNRESOLVED,SOLID_WITH_VOLUME_BASIS;VOLUME_ONLY_NO_SAFE_ALTERNATIVE;SOURCE_UNIT_PRESERVED;DIRECT_RECORD_DISABLED;SEARCH_RANK_DEMOTED,,,false,true,
9314,D403-197000000-0001,짜장면,면 및 만두류,해당없음,해당없음,해당없음,100ml,153,100,ml,153,VOLUME_ONLY_UNRESOLVED,SOLID_WITH_VOLUME_BASIS;VOLUME_ONLY_NO_SAFE_ALTERNATIVE;SOURCE_UNIT_PRESERVED;DIRECT_RECORD_DISABLED;SEARCH_RANK_DEMOTED,,,false,true,
9315,D703-197000000-0001,짜장면,면 및 만두류,해당없음,해당없음,해당없음,100ml,117,100,ml,117,VOLUME_ONLY_UNRESOLVED,SOLID_WITH_VOLUME_BASIS;VOLUME_ONLY_NO_SAFE_ALTERNATIVE;SOURCE_UNIT_PRESERVED;DIRECT_RECORD_DISABLED;SEARCH_RANK_DEMOTED,,,false,true,
9316,D414-715000000-0001,짜사이무침,생채·무침류,해당없음,해당없음,해당없음,100ml,43,100,ml,43,VOLUME_ONLY_UNRESOLVED,SOLID_WITH_VOLUME_BASIS;VOLUME_ONLY_NO_SAFE_ALTERNATIVE;SOURCE_UNIT_PRESERVED;DIRECT_RECORD_DISABLED;SEARCH_RANK_DEMOTED,,,false,true,
9317,D714-715000000-0001,짜사이무침,생채·무침류,해당없음,해당없음,해당없음,100ml,43,100,ml,43,VOLUME_ONLY_UNRESOLVED,SOLID_WITH_VOLUME_BASIS;VOLUME_ONLY_NO_SAFE_ALTERNATIVE;SOURCE_UNIT_PRESERVED;DIRECT_RECORD_DISABLED;SEARCH_RANK_DEMOTED,,,false,true,
9323,D412-561000000-0001,쥐포튀김,튀김류,해당없음,해당없음,해당없음,100ml,184,100,ml,184,MASS_ALTERNATIVE_AVAILABLE,SOLID_WITH_VOLUME_BASIS;MASS_ALTERNATIVE_FOUND;SOURCE_UNIT_PRESERVED;DIRECT_RECORD_DISABLED;SEARCH_RANK_DEMOTED,D312-561000000-0001,,false,true,
9324,D711-534000000-0001,쥐포조림,조림류,해당없음,해당없음,해당없음,100ml,194,100,ml,194,MASS_ALTERNATIVE_AVAILABLE,SOLID_WITH_VOLUME_BASIS;MASS_ALTERNATIVE_FOUND;SOURCE_UNIT_PRESERVED;DIRECT_RECORD_DISABLED;SEARCH_RANK_DEMOTED,D111-534000000-0001,,false,true,
9325,D611-534000000-0001,쥐포조림,조림류,해당없음,해당없음,해당없음,100ml,140,100,ml,140,MASS_ALTERNATIVE_AVAILABLE,SOLID_WITH_VOLUME_BASIS;MASS_ALTERNATIVE_FOUND;SOURCE_UNIT_PRESERVED;DIRECT_RECORD_DISABLED;SEARCH_RANK_DEMOTED,D111-534000000-0001,,false,true,
9326,D411-534000000-0001,쥐포조림,조림류,해당없음,해당없음,해당없음,100ml,197,100,ml,197,MASS_ALTERNATIVE_AVAILABLE,SOLID_WITH_VOLUME_BASIS;MASS_ALTERNATIVE_FOUND;SOURCE_UNIT_PRESERVED;DIRECT_RECORD_DISABLED;SEARCH_RANK_DEMOTED,D111-534000000-0001,,false,true,
9327,D511-534000000-0001,쥐포조림,조림류,해당없음,해당없음,해당없음,100ml,140,100,ml,140,MASS_ALTERNATIVE_AVAILABLE,SOLID_WITH_VOLUME_BASIS;MASS_ALTERNATIVE_FOUND;SOURCE_UNIT_PRESERVED;DIRECT_RECORD_DISABLED;SEARCH_RANK_DEMOTED,D111-534000000-0001,,false,true,
9329,D714-714000000-0001,쥐포무침,생채·무침류,해당없음,해당없음,해당없음,100ml,298,100,ml,298,VOLUME_ONLY_UNRESOLVED,SOLID_WITH_VOLUME_BASIS;VOLUME_ONLY_NO_SAFE_ALTERNATIVE;SOURCE_UNIT_PRESERVED;DIRECT_RECORD_DISABLED;SEARCH_RANK_DEMOTED,,,false,true,
9330,D514-714000000-0001,쥐포무침,생채·무침류,해당없음,해당없음,해당없음,100ml,339,100,ml,339,VOLUME_ONLY_UNRESOLVED,SOLID_WITH_VOLUME_BASIS;VOLUME_ONLY_NO_SAFE_ALTERNATIVE;SOURCE_UNIT_PRESERVED;DIRECT_RECORD_DISABLED;SEARCH_RANK_DEMOTED,,,false,true,
9331,D614-714000000-0001,쥐포무침,생채·무침류,해당없음,해당없음,해당없음,100ml,339,100,ml,339,VOLUME_ONLY_UNRESOLVED,SOLID_WITH_VOLUME_BASIS;VOLUME_ONLY_NO_SAFE_ALTERNATIVE;SOURCE_UNIT_PRESERVED;DIRECT_RECORD_DISABLED;SEARCH_RANK_DEMOTED,,,false,true,
9332,D414-714000000-0001,쥐포무침,생채·무침류,해당없음,해당없음,해당없음,100ml,298,100,ml,298,VOLUME_ONLY_UNRESOLVED,SOLID_WITH_VOLUME_BASIS;VOLUME_ONLY_NO_SAFE_ALTERNATIVE;SOURCE_UNIT_PRESERVED;DIRECT_RECORD_DISABLED;SEARCH_RANK_DEMOTED,,,false,true,
9333,D410-496000000-0001,중식잡채,볶음류,해당없음,해당없음,해당없음,100ml,83,100,ml,83,VOLUME_ONLY_UNRESOLVED,SOLID_WITH_VOLUME_BASIS;VOLUME_ONLY_NO_SAFE_ALTERNATIVE;SOURCE_UNIT_PRESERVED;DIRECT_RECORD_DISABLED;SEARCH_RANK_DEMOTED,,,false,true,
9334,D403-171000000-0001,중식우동,면 및 만두류,해당없음,해당없음,해당없음,100ml,91,100,ml,91,VOLUME_ONLY_UNRESOLVED,SOLID_WITH_VOLUME_BASIS;VOLUME_ONLY_NO_SAFE_ALTERNATIVE;SOURCE_UNIT_PRESERVED;DIRECT_RECORD_DISABLED;SEARCH_RANK_DEMOTED,,,false,true,
9336,D410-495000000-0001,죽순볶음,볶음류,해당없음,해당없음,해당없음,100ml,133,100,ml,133,VOLUME_ONLY_UNRESOLVED,SOLID_WITH_VOLUME_BASIS;VOLUME_ONLY_NO_SAFE_ALTERNATIVE;SOURCE_UNIT_PRESERVED;DIRECT_RECORD_DISABLED;SEARCH_RANK_DEMOTED,,,false,true,
9337,D710-495000000-0001,죽순볶음,볶음류,해당없음,해당없음,해당없음,100ml,133,100,ml,133,VOLUME_ONLY_UNRESOLVED,SOLID_WITH_VOLUME_BASIS;VOLUME_ONLY_NO_SAFE_ALTERNATIVE;SOURCE_UNIT_PRESERVED;DIRECT_RECORD_DISABLED;SEARCH_RANK_DEMOTED,,,false,true,
9338,D401-035450000-0001,주먹밥_참치,밥류,참치,해당없음,해당없음,100ml,131,100,ml,131,VOLUME_ONLY_UNRESOLVED,SOLID_WITH_VOLUME_BASIS;VOLUME_ONLY_NO_SAFE_ALTERNATIVE;SOURCE_UNIT_PRESERVED;DIRECT_RECORD_DISABLED;SEARCH_RANK_DEMOTED,,,false,true,
9341,D401-035230000-0001,주먹밥_배추김치,밥류,배추김치,해당없음,해당없음,100ml,106,100,ml,106,VOLUME_ONLY_UNRESOLVED,SOLID_WITH_VOLUME_BASIS;VOLUME_ONLY_NO_SAFE_ALTERNATIVE;SOURCE_UNIT_PRESERVED;DIRECT_RECORD_DISABLED;SEARCH_RANK_DEMOTED,,,false,true,
9346,D401-035000000-0001,주먹밥,밥류,해당없음,해당없음,해당없음,100ml,135,100,ml,135,VOLUME_ONLY_UNRESOLVED,SOLID_WITH_VOLUME_BASIS;VOLUME_ONLY_NO_SAFE_ALTERNATIVE;SOURCE_UNIT_PRESERVED;DIRECT_RECORD_DISABLED;SEARCH_RANK_DEMOTED,,,false,true,
9347,D501-035000000-0001,주먹밥,밥류,해당없음,해당없음,해당없음,100ml,135,100,ml,135,VOLUME_ONLY_UNRESOLVED,SOLID_WITH_VOLUME_BASIS;VOLUME_ONLY_NO_SAFE_ALTERNATIVE;SOURCE_UNIT_PRESERVED;DIRECT_RECORD_DISABLED;SEARCH_RANK_DEMOTED,,,false,true,
9348,D701-035000000-0001,주먹밥,밥류,해당없음,해당없음,해당없음,100ml,135,100,ml,135,VOLUME_ONLY_UNRESOLVED,SOLID_WITH_VOLUME_BASIS;VOLUME_ONLY_NO_SAFE_ALTERNATIVE;SOURCE_UNIT_PRESERVED;DIRECT_RECORD_DISABLED;SEARCH_RANK_DEMOTED,,,false,true,
9349,D601-035000000-0001,주먹밥,밥류,해당없음,해당없음,해당없음,100ml,135,100,ml,135,VOLUME_ONLY_UNRESOLVED,SOLID_WITH_VOLUME_BASIS;VOLUME_ONLY_NO_SAFE_ALTERNATIVE;SOURCE_UNIT_PRESERVED;DIRECT_RECORD_DISABLED;SEARCH_RANK_DEMOTED,,,false,true,
9351,D410-493320000-0001,주꾸미볶음_채소,볶음류,채소,해당없음,해당없음,100ml,74,100,ml,74,VOLUME_ONLY_UNRESOLVED,SOLID_WITH_VOLUME_BASIS;VOLUME_ONLY_NO_SAFE_ALTERNATIVE;SOURCE_UNIT_PRESERVED;DIRECT_RECORD_DISABLED;SEARCH_RANK_DEMOTED,,,false,true,
9352,D610-493000000-0001,주꾸미볶음,볶음류,해당없음,해당없음,해당없음,100ml,74,100,ml,74,MASS_ALTERNATIVE_AVAILABLE,SOLID_WITH_VOLUME_BASIS;MASS_ALTERNATIVE_FOUND;SOURCE_UNIT_PRESERVED;DIRECT_RECORD_DISABLED;SEARCH_RANK_DEMOTED,D310-493000000-0001,,false,true,
9353,D410-493000000-0001,주꾸미볶음,볶음류,해당없음,해당없음,해당없음,100ml,74,100,ml,74,MASS_ALTERNATIVE_AVAILABLE,SOLID_WITH_VOLUME_BASIS;MASS_ALTERNATIVE_FOUND;SOURCE_UNIT_PRESERVED;DIRECT_RECORD_DISABLED;SEARCH_RANK_DEMOTED,D310-493000000-0001,,false,true,
9357,D708-441000000-0001,조미 김구이,구이류,해당없음,해당없음,해당없음,100ml,25,100,ml,25,VOLUME_ONLY_UNRESOLVED,SOLID_WITH_VOLUME_BASIS;VOLUME_ONLY_NO_SAFE_ALTERNATIVE;SOURCE_UNIT_PRESERVED;DIRECT_RECORD_DISABLED;SEARCH_RANK_DEMOTED,,,false,true,
9358,D408-441000000-0001,조미 김구이,구이류,해당없음,해당없음,해당없음,100ml,52,100,ml,52,VOLUME_ONLY_UNRESOLVED,SOLID_WITH_VOLUME_BASIS;VOLUME_ONLY_NO_SAFE_ALTERNATIVE;SOURCE_UNIT_PRESERVED;DIRECT_RECORD_DISABLED;SEARCH_RANK_DEMOTED,,,false,true,
9359,D412-616000000-0001,조기튀김,튀김류,해당없음,해당없음,해당없음,100ml,144,100,ml,144,VOLUME_ONLY_UNRESOLVED,SOLID_WITH_VOLUME_BASIS;VOLUME_ONLY_NO_SAFE_ALTERNATIVE;SOURCE_UNIT_PRESERVED;DIRECT_RECORD_DISABLED;SEARCH_RANK_DEMOTED,,,false,true,
9360,D712-616000000-0001,조기튀김,튀김류,해당없음,해당없음,해당없음,100ml,144,100,ml,144,VOLUME_ONLY_UNRESOLVED,SOLID_WITH_VOLUME_BASIS;VOLUME_ONLY_NO_SAFE_ALTERNATIVE;SOURCE_UNIT_PRESERVED;DIRECT_RECORD_DISABLED;SEARCH_RANK_DEMOTED,,,false,true,
9361,D707-343000000-0001,조기찜,찜류,해당없음,해당없음,해당없음,100ml,71,100,ml,71,MASS_ALTERNATIVE_AVAILABLE,SOLID_WITH_VOLUME_BASIS;MASS_ALTERNATIVE_FOUND;SOURCE_UNIT_PRESERVED;DIRECT_RECORD_DISABLED;SEARCH_RANK_DEMOTED,D307-343000000-0001,,false,true,
9363,D407-343000000-0001,조기찜,찜류,해당없음,해당없음,해당없음,100ml,71,100,ml,71,MASS_ALTERNATIVE_AVAILABLE,SOLID_WITH_VOLUME_BASIS;MASS_ALTERNATIVE_FOUND;SOURCE_UNIT_PRESERVED;DIRECT_RECORD_DISABLED;SEARCH_RANK_DEMOTED,D307-343000000-0001,,false,true,
9368,D508-399000000-0001,조기구이,구이류,해당없음,해당없음,해당없음,100ml,144,100,ml,144,MASS_ALTERNATIVE_AVAILABLE,SOLID_WITH_VOLUME_BASIS;MASS_ALTERNATIVE_FOUND;SOURCE_UNIT_PRESERVED;DIRECT_RECORD_DISABLED;SEARCH_RANK_DEMOTED,D108-399000000-0001,,false,true,
9369,D408-399000000-0001,조기구이,구이류,해당없음,해당없음,해당없음,100ml,168,100,ml,168,MASS_ALTERNATIVE_AVAILABLE,SOLID_WITH_VOLUME_BASIS;MASS_ALTERNATIVE_FOUND;SOURCE_UNIT_PRESERVED;DIRECT_RECORD_DISABLED;SEARCH_RANK_DEMOTED,D108-399000000-0001,,false,true,
9370,D608-399000000-0001,조기구이,구이류,해당없음,해당없음,해당없음,100ml,205,100,ml,205,MASS_ALTERNATIVE_AVAILABLE,SOLID_WITH_VOLUME_BASIS;MASS_ALTERNATIVE_FOUND;SOURCE_UNIT_PRESERVED;DIRECT_RECORD_DISABLED;SEARCH_RANK_DEMOTED,D108-399000000-0001,,false,true,
9371,D708-399000000-0001,조기구이,구이류,해당없음,해당없음,해당없음,100ml,90,100,ml,90,MASS_ALTERNATIVE_AVAILABLE,SOLID_WITH_VOLUME_BASIS;MASS_ALTERNATIVE_FOUND;SOURCE_UNIT_PRESERVED;DIRECT_RECORD_DISABLED;SEARCH_RANK_DEMOTED,D108-399000000-0001,,false,true,
9372,D708-440000000-0001,조기 오븐구이,구이류,해당없음,해당없음,해당없음,100ml,39,100,ml,39,VOLUME_ONLY_UNRESOLVED,SOLID_WITH_VOLUME_BASIS;VOLUME_ONLY_NO_SAFE_ALTERNATIVE;SOURCE_UNIT_PRESERVED;DIRECT_RECORD_DISABLED;SEARCH_RANK_DEMOTED,,,false,true,
9373,D408-440000000-0001,조기 오븐구이,구이류,해당없음,해당없음,해당없음,100ml,40,100,ml,40,VOLUME_ONLY_UNRESOLVED,SOLID_WITH_VOLUME_BASIS;VOLUME_ONLY_NO_SAFE_ALTERNATIVE;SOURCE_UNIT_PRESERVED;DIRECT_RECORD_DISABLED;SEARCH_RANK_DEMOTED,,,false,true,
9374,D408-439000000-0001,조기 양념구이,구이류,해당없음,해당없음,해당없음,100ml,219,100,ml,219,VOLUME_ONLY_UNRESOLVED,SOLID_WITH_VOLUME_BASIS;VOLUME_ONLY_NO_SAFE_ALTERNATIVE;SOURCE_UNIT_PRESERVED;DIRECT_RECORD_DISABLED;SEARCH_RANK_DEMOTED,,,false,true,
9375,D708-439000000-0001,조기 양념구이,구이류,해당없음,해당없음,해당없음,100ml,219,100,ml,219,VOLUME_ONLY_UNRESOLVED,SOLID_WITH_VOLUME_BASIS;VOLUME_ONLY_NO_SAFE_ALTERNATIVE;SOURCE_UNIT_PRESERVED;DIRECT_RECORD_DISABLED;SEARCH_RANK_DEMOTED,,,false,true,
9387,D610-529320000-0001,제육볶음_채소,볶음류,채소,해당없음,해당없음,100ml,109,100,ml,109,VOLUME_ONLY_UNRESOLVED,SOLID_WITH_VOLUME_BASIS;VOLUME_ONLY_NO_SAFE_ALTERNATIVE;SOURCE_UNIT_PRESERVED;DIRECT_RECORD_DISABLED;SEARCH_RANK_DEMOTED,,,false,true,
9388,D410-529320000-0001,제육볶음_채소,볶음류,채소,해당없음,해당없음,100ml,108,100,ml,108,VOLUME_ONLY_UNRESOLVED,SOLID_WITH_VOLUME_BASIS;VOLUME_ONLY_NO_SAFE_ALTERNATIVE;SOURCE_UNIT_PRESERVED;DIRECT_RECORD_DISABLED;SEARCH_RANK_DEMOTED,,,false,true,
9389,D510-529320000-0001,제육볶음_채소,볶음류,채소,해당없음,해당없음,100ml,120,100,ml,120,VOLUME_ONLY_UNRESOLVED,SOLID_WITH_VOLUME_BASIS;VOLUME_ONLY_NO_SAFE_ALTERNATIVE;SOURCE_UNIT_PRESERVED;DIRECT_RECORD_DISABLED;SEARCH_RANK_DEMOTED,,,false,true,
9390,D710-529320000-0001,제육볶음_채소,볶음류,채소,해당없음,해당없음,100ml,115,100,ml,115,VOLUME_ONLY_UNRESOLVED,SOLID_WITH_VOLUME_BASIS;VOLUME_ONLY_NO_SAFE_ALTERNATIVE;SOURCE_UNIT_PRESERVED;DIRECT_RECORD_DISABLED;SEARCH_RANK_DEMOTED,,,false,true,
9391,D410-529480000-0001,제육볶음_오징어,볶음류,오징어,해당없음,해당없음,100ml,140,100,ml,140,VOLUME_ONLY_UNRESOLVED,SOLID_WITH_VOLUME_BASIS;VOLUME_ONLY_NO_SAFE_ALTERNATIVE;SOURCE_UNIT_PRESERVED;DIRECT_RECORD_DISABLED;SEARCH_RANK_DEMOTED,,,false,true,
9392,D610-529480000-0001,제육볶음_오징어,볶음류,오징어,해당없음,해당없음,100ml,96,100,ml,96,VOLUME_ONLY_UNRESOLVED,SOLID_WITH_VOLUME_BASIS;VOLUME_ONLY_NO_SAFE_ALTERNATIVE;SOURCE_UNIT_PRESERVED;DIRECT_RECORD_DISABLED;SEARCH_RANK_DEMOTED,,,false,true,
9393,D710-529480000-0001,제육볶음_오징어,볶음류,오징어,해당없음,해당없음,100ml,116,100,ml,116,VOLUME_ONLY_UNRESOLVED,SOLID_WITH_VOLUME_BASIS;VOLUME_ONLY_NO_SAFE_ALTERNATIVE;SOURCE_UNIT_PRESERVED;DIRECT_RECORD_DISABLED;SEARCH_RANK_DEMOTED,,,false,true,
9394,D510-529480000-0001,제육볶음_오징어,볶음류,오징어,해당없음,해당없음,100ml,148,100,ml,148,VOLUME_ONLY_UNRESOLVED,SOLID_WITH_VOLUME_BASIS;VOLUME_ONLY_NO_SAFE_ALTERNATIVE;SOURCE_UNIT_PRESERVED;DIRECT_RECORD_DISABLED;SEARCH_RANK_DEMOTED,,,false,true,
9395,D710-529000000-0001,제육볶음,볶음류,해당없음,해당없음,해당없음,100ml,148,100,ml,148,VOLUME_ONLY_UNRESOLVED,SOLID_WITH_VOLUME_BASIS;VOLUME_ONLY_NO_SAFE_ALTERNATIVE;SOURCE_UNIT_PRESERVED;DIRECT_RECORD_DISABLED;SEARCH_RANK_DEMOTED,,,false,true,
9396,D510-529000000-0001,제육볶음,볶음류,해당없음,해당없음,해당없음,100ml,103,100,ml,103,VOLUME_ONLY_UNRESOLVED,SOLID_WITH_VOLUME_BASIS;VOLUME_ONLY_NO_SAFE_ALTERNATIVE;SOURCE_UNIT_PRESERVED;DIRECT_RECORD_DISABLED;SEARCH_RANK_DEMOTED,,,false,true,
9397,D410-529000000-0001,제육볶음,볶음류,해당없음,해당없음,해당없음,100ml,151,100,ml,151,VOLUME_ONLY_UNRESOLVED,SOLID_WITH_VOLUME_BASIS;VOLUME_ONLY_NO_SAFE_ALTERNATIVE;SOURCE_UNIT_PRESERVED;DIRECT_RECORD_DISABLED;SEARCH_RANK_DEMOTED,,,false,true,
9398,D610-529000000-0001,제육볶음,볶음류,해당없음,해당없음,해당없음,100ml,168,100,ml,168,VOLUME_ONLY_UNRESOLVED,SOLID_WITH_VOLUME_BASIS;VOLUME_ONLY_NO_SAFE_ALTERNATIVE;SOURCE_UNIT_PRESERVED;DIRECT_RECORD_DISABLED;SEARCH_RANK_DEMOTED,,,false,true,
9399,D607-373000000-0001,제육(돼지고기 수육),찜류,해당없음,해당없음,해당없음,100ml,150,100,ml,150,VOLUME_ONLY_UNRESOLVED,SOLID_WITH_VOLUME_BASIS;VOLUME_ONLY_NO_SAFE_ALTERNATIVE;SOURCE_UNIT_PRESERVED;DIRECT_RECORD_DISABLED;SEARCH_RANK_DEMOTED,,,false,true,
9400,D507-373000000-0001,제육(돼지고기 수육),찜류,해당없음,해당없음,해당없음,100ml,139,100,ml,139,VOLUME_ONLY_UNRESOLVED,SOLID_WITH_VOLUME_BASIS;VOLUME_ONLY_NO_SAFE_ALTERNATIVE;SOURCE_UNIT_PRESERVED;DIRECT_RECORD_DISABLED;SEARCH_RANK_DEMOTED,,,false,true,
9401,D707-373000000-0001,제육(돼지고기 수육),찜류,해당없음,해당없음,해당없음,100ml,158,100,ml,158,VOLUME_ONLY_UNRESOLVED,SOLID_WITH_VOLUME_BASIS;VOLUME_ONLY_NO_SAFE_ALTERNATIVE;SOURCE_UNIT_PRESERVED;DIRECT_RECORD_DISABLED;SEARCH_RANK_DEMOTED,,,false,true,
9404,D411-565000000-0001,전어조림,조림류,해당없음,해당없음,해당없음,100ml,60,100,ml,60,VOLUME_ONLY_UNRESOLVED,SOLID_WITH_VOLUME_BASIS;VOLUME_ONLY_NO_SAFE_ALTERNATIVE;SOURCE_UNIT_PRESERVED;DIRECT_RECORD_DISABLED;SEARCH_RANK_DEMOTED,,,false,true,
9405,D408-397000000-0001,전어구이,구이류,해당없음,해당없음,해당없음,100ml,33,100,ml,33,VOLUME_ONLY_UNRESOLVED,SOLID_WITH_VOLUME_BASIS;VOLUME_ONLY_NO_SAFE_ALTERNATIVE;SOURCE_UNIT_PRESERVED;DIRECT_RECORD_DISABLED;SEARCH_RANK_DEMOTED,,,false,true,
9411,D408-438000000-0001,전갱이구이,구이류,해당없음,해당없음,해당없음,100ml,226,100,ml,226,VOLUME_ONLY_UNRESOLVED,SOLID_WITH_VOLUME_BASIS;VOLUME_ONLY_NO_SAFE_ALTERNATIVE;SOURCE_UNIT_PRESERVED;DIRECT_RECORD_DISABLED;SEARCH_RANK_DEMOTED,,,false,true,
9412,D411-564000000-0001,적어조림,조림류,해당없음,해당없음,해당없음,100ml,54,100,ml,54,VOLUME_ONLY_UNRESOLVED,SOLID_WITH_VOLUME_BASIS;VOLUME_ONLY_NO_SAFE_ALTERNATIVE;SOURCE_UNIT_PRESERVED;DIRECT_RECORD_DISABLED;SEARCH_RANK_DEMOTED,,,false,true,
9413,D408-437000000-0001,적어구이,구이류,해당없음,해당없음,해당없음,100ml,174,100,ml,174,VOLUME_ONLY_UNRESOLVED,SOLID_WITH_VOLUME_BASIS;VOLUME_ONLY_NO_SAFE_ALTERNATIVE;SOURCE_UNIT_PRESERVED;DIRECT_RECORD_DISABLED;SEARCH_RANK_DEMOTED,,,false,true,
9414,D708-437000000-0001,적어구이,구이류,해당없음,해당없음,해당없음,100ml,174,100,ml,174,VOLUME_ONLY_UNRESOLVED,SOLID_WITH_VOLUME_BASIS;VOLUME_ONLY_NO_SAFE_ALTERNATIVE;SOURCE_UNIT_PRESERVED;DIRECT_RECORD_DISABLED;SEARCH_RANK_DEMOTED,,,false,true,
9415,D403-170000000-0001,쟁반짜장,면 및 만두류,해당없음,해당없음,해당없음,100ml,145,100,ml,145,VOLUME_ONLY_UNRESOLVED,SOLID_WITH_VOLUME_BASIS;VOLUME_ONLY_NO_SAFE_ALTERNATIVE;SOURCE_UNIT_PRESERVED;DIRECT_RECORD_DISABLED;SEARCH_RANK_DEMOTED,,,false,true,
9416,D503-196000000-0001,쟁반국수,면 및 만두류,해당없음,해당없음,해당없음,100ml,112,100,ml,112,VOLUME_ONLY_UNRESOLVED,SOLID_WITH_VOLUME_BASIS;VOLUME_ONLY_NO_SAFE_ALTERNATIVE;SOURCE_UNIT_PRESERVED;DIRECT_RECORD_DISABLED;SEARCH_RANK_DEMOTED,,,false,true,
9417,D403-196000000-0001,쟁반국수,면 및 만두류,해당없음,해당없음,해당없음,100ml,112,100,ml,112,VOLUME_ONLY_UNRESOLVED,SOLID_WITH_VOLUME_BASIS;VOLUME_ONLY_NO_SAFE_ALTERNATIVE;SOURCE_UNIT_PRESERVED;DIRECT_RECORD_DISABLED;SEARCH_RANK_DEMOTED,,,false,true,
9425,D411-532040000-0001,장조림_메추리알,조림류,메추리알,해당없음,해당없음,100ml,96,100,ml,96,MASS_ALTERNATIVE_AVAILABLE,SOLID_WITH_VOLUME_BASIS;MASS_ALTERNATIVE_FOUND;SOURCE_UNIT_PRESERVED;DIRECT_RECORD_DISABLED;SEARCH_RANK_DEMOTED,D111-532040000-0001,,false,true,
9426,D511-532031900-0001,장조림_돼지고기_메추리알,조림류,돼지고기,메추리알,해당없음,100ml,117,100,ml,117,MASS_ALTERNATIVE_AVAILABLE,SOLID_WITH_VOLUME_BASIS;MASS_ALTERNATIVE_FOUND;SOURCE_UNIT_PRESERVED;DIRECT_RECORD_DISABLED;SEARCH_RANK_DEMOTED,D311-532031900-0001,,false,true,
9428,D611-532031900-0001,장조림_돼지고기_메추리알,조림류,돼지고기,메추리알,해당없음,100ml,141,100,ml,141,MASS_ALTERNATIVE_AVAILABLE,SOLID_WITH_VOLUME_BASIS;MASS_ALTERNATIVE_FOUND;SOURCE_UNIT_PRESERVED;DIRECT_RECORD_DISABLED;SEARCH_RANK_DEMOTED,D311-532031900-0001,,false,true,
9429,D711-532031900-0001,장조림_돼지고기_메추리알,조림류,돼지고기,메추리알,해당없음,100ml,114,100,ml,114,MASS_ALTERNATIVE_AVAILABLE,SOLID_WITH_VOLUME_BASIS;MASS_ALTERNATIVE_FOUND;SOURCE_UNIT_PRESERVED;DIRECT_RECORD_DISABLED;SEARCH_RANK_DEMOTED,D311-532031900-0001,,false,true,
9431,D612-615000000-0001,장어튀김,튀김류,해당없음,해당없음,해당없음,100ml,209,100,ml,209,VOLUME_ONLY_UNRESOLVED,SOLID_WITH_VOLUME_BASIS;VOLUME_ONLY_NO_SAFE_ALTERNATIVE;SOURCE_UNIT_PRESERVED;DIRECT_RECORD_DISABLED;SEARCH_RANK_DEMOTED,,,false,true,
9432,D512-615000000-0001,장어튀김,튀김류,해당없음,해당없음,해당없음,100ml,209,100,ml,209,VOLUME_ONLY_UNRESOLVED,SOLID_WITH_VOLUME_BASIS;VOLUME_ONLY_NO_SAFE_ALTERNATIVE;SOURCE_UNIT_PRESERVED;DIRECT_RECORD_DISABLED;SEARCH_RANK_DEMOTED,,,false,true,
9438,D408-396130000-0001,장어구이_소금,구이류,소금,해당없음,해당없음,100ml,137,100,ml,137,VOLUME_ONLY_UNRESOLVED,SOLID_WITH_VOLUME_BASIS;VOLUME_ONLY_NO_SAFE_ALTERNATIVE;SOURCE_UNIT_PRESERVED;DIRECT_RECORD_DISABLED;SEARCH_RANK_DEMOTED,,,false,true,
9440,D408-396020000-0001,장어구이_고추장,구이류,고추장,해당없음,해당없음,100ml,134,100,ml,134,MASS_ALTERNATIVE_AVAILABLE,SOLID_WITH_VOLUME_BASIS;MASS_ALTERNATIVE_FOUND;SOURCE_UNIT_PRESERVED;DIRECT_RECORD_DISABLED;SEARCH_RANK_DEMOTED,D108-396020000-0001,,false,true,
9442,D401-081000000-0001,장어 초밥,밥류,해당없음,해당없음,해당없음,100ml,95,100,ml,95,VOLUME_ONLY_UNRESOLVED,SOLID_WITH_VOLUME_BASIS;VOLUME_ONLY_NO_SAFE_ALTERNATIVE;SOURCE_UNIT_PRESERVED;DIRECT_RECORD_DISABLED;SEARCH_RANK_DEMOTED,,,false,true,
9443,D408-436230000-0001,장어 양념구이_들깨,구이류,들깨,해당없음,해당없음,100ml,180,100,ml,180,VOLUME_ONLY_UNRESOLVED,SOLID_WITH_VOLUME_BASIS;VOLUME_ONLY_NO_SAFE_ALTERNATIVE;SOURCE_UNIT_PRESERVED;DIRECT_RECORD_DISABLED;SEARCH_RANK_DEMOTED,,,false,true,
9444,D508-436000000-0001,장어 양념구이,구이류,해당없음,해당없음,해당없음,100ml,331,100,ml,331,VOLUME_ONLY_UNRESOLVED,SOLID_WITH_VOLUME_BASIS;VOLUME_ONLY_NO_SAFE_ALTERNATIVE;SOURCE_UNIT_PRESERVED;DIRECT_RECORD_DISABLED;SEARCH_RANK_DEMOTED,,,false,true,
9445,D608-436000000-0001,장어 양념구이,구이류,해당없음,해당없음,해당없음,100ml,331,100,ml,331,VOLUME_ONLY_UNRESOLVED,SOLID_WITH_VOLUME_BASIS;VOLUME_ONLY_NO_SAFE_ALTERNATIVE;SOURCE_UNIT_PRESERVED;DIRECT_RECORD_DISABLED;SEARCH_RANK_DEMOTED,,,false,true,
9446,D408-436000000-0001,장어 양념구이,구이류,해당없음,해당없음,해당없음,100ml,331,100,ml,331,VOLUME_ONLY_UNRESOLVED,SOLID_WITH_VOLUME_BASIS;VOLUME_ONLY_NO_SAFE_ALTERNATIVE;SOURCE_UNIT_PRESERVED;DIRECT_RECORD_DISABLED;SEARCH_RANK_DEMOTED,,,false,true,
9447,D708-436000000-0001,장어 양념구이,구이류,해당없음,해당없음,해당없음,100ml,331,100,ml,331,VOLUME_ONLY_UNRESOLVED,SOLID_WITH_VOLUME_BASIS;VOLUME_ONLY_NO_SAFE_ALTERNATIVE;SOURCE_UNIT_PRESERVED;DIRECT_RECORD_DISABLED;SEARCH_RANK_DEMOTED,,,false,true,
9448,D601-080000000-0001,장어 덮밥,밥류,해당없음,해당없음,해당없음,100ml,95,100,ml,95,VOLUME_ONLY_UNRESOLVED,SOLID_WITH_VOLUME_BASIS;VOLUME_ONLY_NO_SAFE_ALTERNATIVE;SOURCE_UNIT_PRESERVED;DIRECT_RECORD_DISABLED;SEARCH_RANK_DEMOTED,,,false,true,
9449,D401-080000000-0001,장어 덮밥,밥류,해당없음,해당없음,해당없음,100ml,95,100,ml,95,VOLUME_ONLY_UNRESOLVED,SOLID_WITH_VOLUME_BASIS;VOLUME_ONLY_NO_SAFE_ALTERNATIVE;SOURCE_UNIT_PRESERVED;DIRECT_RECORD_DISABLED;SEARCH_RANK_DEMOTED,,,false,true,
9450,D409-438000000-0001,장떡,전·적 및 부침류,해당없음,해당없음,해당없음,100ml,197,100,ml,197,VOLUME_ONLY_UNRESOLVED,SOLID_WITH_VOLUME_BASIS;VOLUME_ONLY_NO_SAFE_ALTERNATIVE;SOURCE_UNIT_PRESERVED;DIRECT_RECORD_DISABLED;SEARCH_RANK_DEMOTED,,,false,true,
9451,D603-195000000-0001,장국국수,면 및 만두류,해당없음,해당없음,해당없음,100ml,144,100,ml,144,VOLUME_ONLY_UNRESOLVED,SOLID_WITH_VOLUME_BASIS;VOLUME_ONLY_NO_SAFE_ALTERNATIVE;SOURCE_UNIT_PRESERVED;DIRECT_RECORD_DISABLED;SEARCH_RANK_DEMOTED,,,false,true,
9452,D503-195000000-0001,장국국수,면 및 만두류,해당없음,해당없음,해당없음,100ml,144,100,ml,144,VOLUME_ONLY_UNRESOLVED,SOLID_WITH_VOLUME_BASIS;VOLUME_ONLY_NO_SAFE_ALTERNATIVE;SOURCE_UNIT_PRESERVED;DIRECT_RECORD_DISABLED;SEARCH_RANK_DEMOTED,,,false,true,
9453,D703-195000000-0001,장국국수,면 및 만두류,해당없음,해당없음,해당없음,100ml,71,100,ml,71,VOLUME_ONLY_UNRESOLVED,SOLID_WITH_VOLUME_BASIS;VOLUME_ONLY_NO_SAFE_ALTERNATIVE;SOURCE_UNIT_PRESERVED;DIRECT_RECORD_DISABLED;SEARCH_RANK_DEMOTED,,,false,true,
9454,D403-195000000-0001,장국국수,면 및 만두류,해당없음,해당없음,해당없음,100ml,72,100,ml,72,VOLUME_ONLY_UNRESOLVED,SOLID_WITH_VOLUME_BASIS;VOLUME_ONLY_NO_SAFE_ALTERNATIVE;SOURCE_UNIT_PRESERVED;DIRECT_RECORD_DISABLED;SEARCH_RANK_DEMOTED,,,false,true,
9459,D401-034000000-0001,잡탕밥,밥류,해당없음,해당없음,해당없음,100ml,115,100,ml,115,MASS_ALTERNATIVE_AVAILABLE,SOLID_WITH_VOLUME_BASIS;MASS_ALTERNATIVE_FOUND;SOURCE_UNIT_PRESERVED;DIRECT_RECORD_DISABLED;SEARCH_RANK_DEMOTED,D301-034000000-0001,,false,true,
9461,D601-033000000-0001,잡채밥,밥류,해당없음,해당없음,해당없음,100ml,102,100,ml,102,MASS_ALTERNATIVE_AVAILABLE,SOLID_WITH_VOLUME_BASIS;MASS_ALTERNATIVE_FOUND;SOURCE_UNIT_PRESERVED;DIRECT_RECORD_DISABLED;SEARCH_RANK_DEMOTED,D101-033000000-0001,,false,true,
9463,D401-033000000-0001,잡채밥,밥류,해당없음,해당없음,해당없음,100ml,113,100,ml,113,MASS_ALTERNATIVE_AVAILABLE,SOLID_WITH_VOLUME_BASIS;MASS_ALTERNATIVE_FOUND;SOURCE_UNIT_PRESERVED;DIRECT_RECORD_DISABLED;SEARCH_RANK_DEMOTED,D101-033000000-0001,,false,true,
9464,D501-033000000-0001,잡채밥,밥류,해당없음,해당없음,해당없음,100ml,102,100,ml,102,MASS_ALTERNATIVE_AVAILABLE,SOLID_WITH_VOLUME_BASIS;MASS_ALTERNATIVE_FOUND;SOURCE_UNIT_PRESERVED;DIRECT_RECORD_DISABLED;SEARCH_RANK_DEMOTED,D101-033000000-0001,,false,true,
9465,D701-033000000-0001,잡채밥,밥류,해당없음,해당없음,해당없음,100ml,107,100,ml,107,MASS_ALTERNATIVE_AVAILABLE,SOLID_WITH_VOLUME_BASIS;MASS_ALTERNATIVE_FOUND;SOURCE_UNIT_PRESERVED;DIRECT_RECORD_DISABLED;SEARCH_RANK_DEMOTED,D101-033000000-0001,,false,true,
9468,D410-492270000-0001,잡채_소고기,볶음류,소고기,해당없음,해당없음,100ml,162,100,ml,162,VOLUME_ONLY_UNRESOLVED,SOLID_WITH_VOLUME_BASIS;VOLUME_ONLY_NO_SAFE_ALTERNATIVE;SOURCE_UNIT_PRESERVED;DIRECT_RECORD_DISABLED;SEARCH_RANK_DEMOTED,,,false,true,
9469,D510-492270000-0001,잡채_소고기,볶음류,소고기,해당없음,해당없음,100ml,106,100,ml,106,VOLUME_ONLY_UNRESOLVED,SOLID_WITH_VOLUME_BASIS;VOLUME_ONLY_NO_SAFE_ALTERNATIVE;SOURCE_UNIT_PRESERVED;DIRECT_RECORD_DISABLED;SEARCH_RANK_DEMOTED,,,false,true,
9470,D610-492270000-0001,잡채_소고기,볶음류,소고기,해당없음,해당없음,100ml,112,100,ml,112,VOLUME_ONLY_UNRESOLVED,SOLID_WITH_VOLUME_BASIS;VOLUME_ONLY_NO_SAFE_ALTERNATIVE;SOURCE_UNIT_PRESERVED;DIRECT_RECORD_DISABLED;SEARCH_RANK_DEMOTED,,,false,true,
9471,D410-492440000-0001,잡채_부추,볶음류,부추,해당없음,해당없음,100ml,68,100,ml,68,VOLUME_ONLY_UNRESOLVED,SOLID_WITH_VOLUME_BASIS;VOLUME_ONLY_NO_SAFE_ALTERNATIVE;SOURCE_UNIT_PRESERVED;DIRECT_RECORD_DISABLED;SEARCH_RANK_DEMOTED,,,false,true,
9472,D610-492253100-0001,잡채_버섯_소고기,볶음류,버섯,소고기,해당없음,100ml,129,100,ml,129,VOLUME_ONLY_UNRESOLVED,SOLID_WITH_VOLUME_BASIS;VOLUME_ONLY_NO_SAFE_ALTERNATIVE;SOURCE_UNIT_PRESERVED;DIRECT_RECORD_DISABLED;SEARCH_RANK_DEMOTED,,,false,true,
9473,D510-492253100-0001,잡채_버섯_소고기,볶음류,버섯,소고기,해당없음,100ml,129,100,ml,129,VOLUME_ONLY_UNRESOLVED,SOLID_WITH_VOLUME_BASIS;VOLUME_ONLY_NO_SAFE_ALTERNATIVE;SOURCE_UNIT_PRESERVED;DIRECT_RECORD_DISABLED;SEARCH_RANK_DEMOTED,,,false,true,
9474,D710-492250000-0001,잡채_버섯,볶음류,버섯,해당없음,해당없음,100ml,107,100,ml,107,VOLUME_ONLY_UNRESOLVED,SOLID_WITH_VOLUME_BASIS;VOLUME_ONLY_NO_SAFE_ALTERNATIVE;SOURCE_UNIT_PRESERVED;DIRECT_RECORD_DISABLED;SEARCH_RANK_DEMOTED,,,false,true,
9475,D610-492160000-0001,잡채_돼지고기,볶음류,돼지고기,해당없음,해당없음,100ml,109,100,ml,109,VOLUME_ONLY_UNRESOLVED,SOLID_WITH_VOLUME_BASIS;VOLUME_ONLY_NO_SAFE_ALTERNATIVE;SOURCE_UNIT_PRESERVED;DIRECT_RECORD_DISABLED;SEARCH_RANK_DEMOTED,,,false,true,
9476,D510-492160000-0001,잡채_돼지고기,볶음류,돼지고기,해당없음,해당없음,100ml,93,100,ml,93,VOLUME_ONLY_UNRESOLVED,SOLID_WITH_VOLUME_BASIS;VOLUME_ONLY_NO_SAFE_ALTERNATIVE;SOURCE_UNIT_PRESERVED;DIRECT_RECORD_DISABLED;SEARCH_RANK_DEMOTED,,,false,true,
9477,D710-492160000-0001,잡채_돼지고기,볶음류,돼지고기,해당없음,해당없음,100ml,126,100,ml,126,VOLUME_ONLY_UNRESOLVED,SOLID_WITH_VOLUME_BASIS;VOLUME_ONLY_NO_SAFE_ALTERNATIVE;SOURCE_UNIT_PRESERVED;DIRECT_RECORD_DISABLED;SEARCH_RANK_DEMOTED,,,false,true,
9485,D601-032640000-0001,잡곡밥_현미,밥류,현미,해당없음,해당없음,100ml,133,100,ml,133,VOLUME_ONLY_UNRESOLVED,SOLID_WITH_VOLUME_BASIS;VOLUME_ONLY_NO_SAFE_ALTERNATIVE;SOURCE_UNIT_PRESERVED;DIRECT_RECORD_DISABLED;SEARCH_RANK_DEMOTED,,,false,true,
9486,D401-032640000-0001,잡곡밥_현미,밥류,현미,해당없음,해당없음,100ml,132,100,ml,132,VOLUME_ONLY_UNRESOLVED,SOLID_WITH_VOLUME_BASIS;VOLUME_ONLY_NO_SAFE_ALTERNATIVE;SOURCE_UNIT_PRESERVED;DIRECT_RECORD_DISABLED;SEARCH_RANK_DEMOTED,,,false,true,
9487,D701-032640000-0001,잡곡밥_현미,밥류,현미,해당없음,해당없음,100ml,133,100,ml,133,VOLUME_ONLY_UNRESOLVED,SOLID_WITH_VOLUME_BASIS;VOLUME_ONLY_NO_SAFE_ALTERNATIVE;SOURCE_UNIT_PRESERVED;DIRECT_RECORD_DISABLED;SEARCH_RANK_DEMOTED,,,false,true,
9488,D501-032640000-0001,잡곡밥_현미,밥류,현미,해당없음,해당없음,100ml,133,100,ml,133,VOLUME_ONLY_UNRESOLVED,SOLID_WITH_VOLUME_BASIS;VOLUME_ONLY_NO_SAFE_ALTERNATIVE;SOURCE_UNIT_PRESERVED;DIRECT_RECORD_DISABLED;SEARCH_RANK_DEMOTED,,,false,true,
9489,D501-032620000-0001,잡곡밥_서리태,밥류,서리태,해당없음,해당없음,100ml,133,100,ml,133,VOLUME_ONLY_UNRESOLVED,SOLID_WITH_VOLUME_BASIS;VOLUME_ONLY_NO_SAFE_ALTERNATIVE;SOURCE_UNIT_PRESERVED;DIRECT_RECORD_DISABLED;SEARCH_RANK_DEMOTED,,,false,true,
9490,D701-032620000-0001,잡곡밥_서리태,밥류,서리태,해당없음,해당없음,100ml,134,100,ml,134,VOLUME_ONLY_UNRESOLVED,SOLID_WITH_VOLUME_BASIS;VOLUME_ONLY_NO_SAFE_ALTERNATIVE;SOURCE_UNIT_PRESERVED;DIRECT_RECORD_DISABLED;SEARCH_RANK_DEMOTED,,,false,true,
9491,D401-032620000-0001,잡곡밥_서리태,밥류,서리태,해당없음,해당없음,100ml,134,100,ml,134,VOLUME_ONLY_UNRESOLVED,SOLID_WITH_VOLUME_BASIS;VOLUME_ONLY_NO_SAFE_ALTERNATIVE;SOURCE_UNIT_PRESERVED;DIRECT_RECORD_DISABLED;SEARCH_RANK_DEMOTED,,,false,true,
9492,D701-032606900-0001,잡곡밥_보리_흑미,밥류,보리,흑미,해당없음,100ml,135,100,ml,135,VOLUME_ONLY_UNRESOLVED,SOLID_WITH_VOLUME_BASIS;VOLUME_ONLY_NO_SAFE_ALTERNATIVE;SOURCE_UNIT_PRESERVED;DIRECT_RECORD_DISABLED;SEARCH_RANK_DEMOTED,,,false,true,
9493,D501-032606900-0001,잡곡밥_보리_흑미,밥류,보리,흑미,해당없음,100ml,134,100,ml,134,VOLUME_ONLY_UNRESOLVED,SOLID_WITH_VOLUME_BASIS;VOLUME_ONLY_NO_SAFE_ALTERNATIVE;SOURCE_UNIT_PRESERVED;DIRECT_RECORD_DISABLED;SEARCH_RANK_DEMOTED,,,false,true,
9494,D401-032606900-0001,잡곡밥_보리_흑미,밥류,보리,흑미,해당없음,100ml,135,100,ml,135,VOLUME_ONLY_UNRESOLVED,SOLID_WITH_VOLUME_BASIS;VOLUME_ONLY_NO_SAFE_ALTERNATIVE;SOURCE_UNIT_PRESERVED;DIRECT_RECORD_DISABLED;SEARCH_RANK_DEMOTED,,,false,true,
9495,D601-032606900-0001,잡곡밥_보리_흑미,밥류,보리,흑미,해당없음,100ml,135,100,ml,135,VOLUME_ONLY_UNRESOLVED,SOLID_WITH_VOLUME_BASIS;VOLUME_ONLY_NO_SAFE_ALTERNATIVE;SOURCE_UNIT_PRESERVED;DIRECT_RECORD_DISABLED;SEARCH_RANK_DEMOTED,,,false,true,
9496,D401-032600000-0001,잡곡밥_보리,밥류,보리,해당없음,해당없음,100ml,137,100,ml,137,VOLUME_ONLY_UNRESOLVED,SOLID_WITH_VOLUME_BASIS;VOLUME_ONLY_NO_SAFE_ALTERNATIVE;SOURCE_UNIT_PRESERVED;DIRECT_RECORD_DISABLED;SEARCH_RANK_DEMOTED,,,false,true,
9497,D501-032600000-0001,잡곡밥_보리,밥류,보리,해당없음,해당없음,100ml,137,100,ml,137,VOLUME_ONLY_UNRESOLVED,SOLID_WITH_VOLUME_BASIS;VOLUME_ONLY_NO_SAFE_ALTERNATIVE;SOURCE_UNIT_PRESERVED;DIRECT_RECORD_DISABLED;SEARCH_RANK_DEMOTED,,,false,true,
9498,D701-032600000-0001,잡곡밥_보리,밥류,보리,해당없음,해당없음,100ml,137,100,ml,137,VOLUME_ONLY_UNRESOLVED,SOLID_WITH_VOLUME_BASIS;VOLUME_ONLY_NO_SAFE_ALTERNATIVE;SOURCE_UNIT_PRESERVED;DIRECT_RECORD_DISABLED;SEARCH_RANK_DEMOTED,,,false,true,
9499,D601-032600000-0001,잡곡밥_보리,밥류,보리,해당없음,해당없음,100ml,137,100,ml,137,VOLUME_ONLY_UNRESOLVED,SOLID_WITH_VOLUME_BASIS;VOLUME_ONLY_NO_SAFE_ALTERNATIVE;SOURCE_UNIT_PRESERVED;DIRECT_RECORD_DISABLED;SEARCH_RANK_DEMOTED,,,false,true,
9500,D401-032000000-0001,잡곡밥,밥류,해당없음,해당없음,해당없음,100ml,131,100,ml,131,MASS_ALTERNATIVE_AVAILABLE,SOLID_WITH_VOLUME_BASIS;MASS_ALTERNATIVE_FOUND;SOURCE_UNIT_PRESERVED;DIRECT_RECORD_DISABLED;SEARCH_RANK_DEMOTED,D101-032000000-0001,,false,true,
9502,D701-032000000-0001,잡곡밥,밥류,해당없음,해당없음,해당없음,100ml,109,100,ml,109,MASS_ALTERNATIVE_AVAILABLE,SOLID_WITH_VOLUME_BASIS;MASS_ALTERNATIVE_FOUND;SOURCE_UNIT_PRESERVED;DIRECT_RECORD_DISABLED;SEARCH_RANK_DEMOTED,D101-032000000-0001,,false,true,
9503,D503-169000000-0001,잔치국수,면 및 만두류,해당없음,해당없음,해당없음,100ml,67,100,ml,67,VOLUME_ONLY_UNRESOLVED,SOLID_WITH_VOLUME_BASIS;VOLUME_ONLY_NO_SAFE_ALTERNATIVE;SOURCE_UNIT_PRESERVED;DIRECT_RECORD_DISABLED;SEARCH_RANK_DEMOTED,,,false,true,
9504,D703-169000000-0001,잔치국수,면 및 만두류,해당없음,해당없음,해당없음,100ml,63,100,ml,63,VOLUME_ONLY_UNRESOLVED,SOLID_WITH_VOLUME_BASIS;VOLUME_ONLY_NO_SAFE_ALTERNATIVE;SOURCE_UNIT_PRESERVED;DIRECT_RECORD_DISABLED;SEARCH_RANK_DEMOTED,,,false,true,
9505,D403-169000000-0001,잔치국수,면 및 만두류,해당없음,해당없음,해당없음,100ml,61,100,ml,61,VOLUME_ONLY_UNRESOLVED,SOLID_WITH_VOLUME_BASIS;VOLUME_ONLY_NO_SAFE_ALTERNATIVE;SOURCE_UNIT_PRESERVED;DIRECT_RECORD_DISABLED;SEARCH_RANK_DEMOTED,,,false,true,
9506,D603-169000000-0001,잔치국수,면 및 만두류,해당없음,해당없음,해당없음,100ml,66,100,ml,66,VOLUME_ONLY_UNRESOLVED,SOLID_WITH_VOLUME_BASIS;VOLUME_ONLY_NO_SAFE_ALTERNATIVE;SOURCE_UNIT_PRESERVED;DIRECT_RECORD_DISABLED;SEARCH_RANK_DEMOTED,,,false,true,
9509,D610-491360000-0001,잔멸치볶음_풋고추,볶음류,풋고추,해당없음,해당없음,100ml,93,100,ml,93,MASS_ALTERNATIVE_AVAILABLE,SOLID_WITH_VOLUME_BASIS;MASS_ALTERNATIVE_FOUND;SOURCE_UNIT_PRESERVED;DIRECT_RECORD_DISABLED;SEARCH_RANK_DEMOTED,D110-491360000-0001,,false,true,
9510,D710-491360000-0001,잔멸치볶음_풋고추,볶음류,풋고추,해당없음,해당없음,100ml,108,100,ml,108,MASS_ALTERNATIVE_AVAILABLE,SOLID_WITH_VOLUME_BASIS;MASS_ALTERNATIVE_FOUND;SOURCE_UNIT_PRESERVED;DIRECT_RECORD_DISABLED;SEARCH_RANK_DEMOTED,D110-491360000-0001,,false,true,
9511,D510-491360000-0001,잔멸치볶음_풋고추,볶음류,풋고추,해당없음,해당없음,100ml,93,100,ml,93,MASS_ALTERNATIVE_AVAILABLE,SOLID_WITH_VOLUME_BASIS;MASS_ALTERNATIVE_FOUND;SOURCE_UNIT_PRESERVED;DIRECT_RECORD_DISABLED;SEARCH_RANK_DEMOTED,D110-491360000-0001,,false,true,
9512,D410-491360000-0001,잔멸치볶음_풋고추,볶음류,풋고추,해당없음,해당없음,100ml,93,100,ml,93,MASS_ALTERNATIVE_AVAILABLE,SOLID_WITH_VOLUME_BASIS;MASS_ALTERNATIVE_FOUND;SOURCE_UNIT_PRESERVED;DIRECT_RECORD_DISABLED;SEARCH_RANK_DEMOTED,D110-491360000-0001,,false,true,
9513,D510-491300900-0001,잔멸치볶음_잔멸치_꽈리고추,볶음류,잔멸치,꽈리고추,해당없음,100ml,90,100,ml,90,VOLUME_ONLY_UNRESOLVED,SOLID_WITH_VOLUME_BASIS;VOLUME_ONLY_NO_SAFE_ALTERNATIVE;SOURCE_UNIT_PRESERVED;DIRECT_RECORD_DISABLED;SEARCH_RANK_DEMOTED,,,false,true,
9514,D410-491300900-0001,잔멸치볶음_잔멸치_꽈리고추,볶음류,잔멸치,꽈리고추,해당없음,100ml,64,100,ml,64,VOLUME_ONLY_UNRESOLVED,SOLID_WITH_VOLUME_BASIS;VOLUME_ONLY_NO_SAFE_ALTERNATIVE;SOURCE_UNIT_PRESERVED;DIRECT_RECORD_DISABLED;SEARCH_RANK_DEMOTED,,,false,true,
9515,D510-491300300-0001,잔멸치볶음_잔멸치_견과류,볶음류,잔멸치,견과류,해당없음,100ml,120,100,ml,120,VOLUME_ONLY_UNRESOLVED,SOLID_WITH_VOLUME_BASIS;VOLUME_ONLY_NO_SAFE_ALTERNATIVE;SOURCE_UNIT_PRESERVED;DIRECT_RECORD_DISABLED;SEARCH_RANK_DEMOTED,,,false,true,
9516,D610-491300300-0001,잔멸치볶음_잔멸치_견과류,볶음류,잔멸치,견과류,해당없음,100ml,147,100,ml,147,VOLUME_ONLY_UNRESOLVED,SOLID_WITH_VOLUME_BASIS;VOLUME_ONLY_NO_SAFE_ALTERNATIVE;SOURCE_UNIT_PRESERVED;DIRECT_RECORD_DISABLED;SEARCH_RANK_DEMOTED,,,false,true,
9517,D410-491300300-0001,잔멸치볶음_잔멸치_견과류,볶음류,잔멸치,견과류,해당없음,100ml,163,100,ml,163,VOLUME_ONLY_UNRESOLVED,SOLID_WITH_VOLUME_BASIS;VOLUME_ONLY_NO_SAFE_ALTERNATIVE;SOURCE_UNIT_PRESERVED;DIRECT_RECORD_DISABLED;SEARCH_RANK_DEMOTED,,,false,true,
9518,D410-491300000-0001,잔멸치볶음_잔멸치,볶음류,잔멸치,해당없음,해당없음,100ml,118,100,ml,118,VOLUME_ONLY_UNRESOLVED,SOLID_WITH_VOLUME_BASIS;VOLUME_ONLY_NO_SAFE_ALTERNATIVE;SOURCE_UNIT_PRESERVED;DIRECT_RECORD_DISABLED;SEARCH_RANK_DEMOTED,,,false,true,
9519,D410-491430000-0001,잔멸치볶음_모듬,볶음류,모듬,해당없음,해당없음,100ml,115,100,ml,115,VOLUME_ONLY_UNRESOLVED,SOLID_WITH_VOLUME_BASIS;VOLUME_ONLY_NO_SAFE_ALTERNATIVE;SOURCE_UNIT_PRESERVED;DIRECT_RECORD_DISABLED;SEARCH_RANK_DEMOTED,,,false,true,
9521,D510-491130000-0001,잔멸치볶음_꽈리고추,볶음류,꽈리고추,해당없음,해당없음,100ml,90,100,ml,90,MASS_ALTERNATIVE_AVAILABLE,SOLID_WITH_VOLUME_BASIS;MASS_ALTERNATIVE_FOUND;SOURCE_UNIT_PRESERVED;DIRECT_RECORD_DISABLED;SEARCH_RANK_DEMOTED,D110-491130000-0001,,false,true,
9522,D710-491130000-0001,잔멸치볶음_꽈리고추,볶음류,꽈리고추,해당없음,해당없음,100ml,156,100,ml,156,MASS_ALTERNATIVE_AVAILABLE,SOLID_WITH_VOLUME_BASIS;MASS_ALTERNATIVE_FOUND;SOURCE_UNIT_PRESERVED;DIRECT_RECORD_DISABLED;SEARCH_RANK_DEMOTED,D110-491130000-0001,,false,true,
9523,D610-491090000-0001,잔멸치볶음_고추장,볶음류,고추장,해당없음,해당없음,100ml,231,100,ml,231,VOLUME_ONLY_UNRESOLVED,SOLID_WITH_VOLUME_BASIS;VOLUME_ONLY_NO_SAFE_ALTERNATIVE;SOURCE_UNIT_PRESERVED;DIRECT_RECORD_DISABLED;SEARCH_RANK_DEMOTED,,,false,true,
9524,D510-491090000-0001,잔멸치볶음_고추장,볶음류,고추장,해당없음,해당없음,100ml,231,100,ml,231,VOLUME_ONLY_UNRESOLVED,SOLID_WITH_VOLUME_BASIS;VOLUME_ONLY_NO_SAFE_ALTERNATIVE;SOURCE_UNIT_PRESERVED;DIRECT_RECORD_DISABLED;SEARCH_RANK_DEMOTED,,,false,true,
9526,D710-491070000-0001,잔멸치볶음_견과류,볶음류,견과류,해당없음,해당없음,100ml,154,100,ml,154,MASS_ALTERNATIVE_AVAILABLE,SOLID_WITH_VOLUME_BASIS;MASS_ALTERNATIVE_FOUND;SOURCE_UNIT_PRESERVED;DIRECT_RECORD_DISABLED;SEARCH_RANK_DEMOTED,D110-491070000-0001,,false,true,
9527,D510-491070000-0001,잔멸치볶음_견과류,볶음류,견과류,해당없음,해당없음,100ml,120,100,ml,120,MASS_ALTERNATIVE_AVAILABLE,SOLID_WITH_VOLUME_BASIS;MASS_ALTERNATIVE_FOUND;SOURCE_UNIT_PRESERVED;DIRECT_RECORD_DISABLED;SEARCH_RANK_DEMOTED,D110-491070000-0001,,false,true,
9528,D410-491070000-0001,잔멸치볶음_견과류,볶음류,견과류,해당없음,해당없음,100ml,164,100,ml,164,MASS_ALTERNATIVE_AVAILABLE,SOLID_WITH_VOLUME_BASIS;MASS_ALTERNATIVE_FOUND;SOURCE_UNIT_PRESERVED;DIRECT_RECORD_DISABLED;SEARCH_RANK_DEMOTED,D110-491070000-0001,,false,true,
9529,D610-491070000-0001,잔멸치볶음_견과류,볶음류,견과류,해당없음,해당없음,100ml,147,100,ml,147,MASS_ALTERNATIVE_AVAILABLE,SOLID_WITH_VOLUME_BASIS;MASS_ALTERNATIVE_FOUND;SOURCE_UNIT_PRESERVED;DIRECT_RECORD_DISABLED;SEARCH_RANK_DEMOTED,D110-491070000-0001,,false,true,
9530,D610-491020500-0001,잔멸치볶음_간장_고추장,볶음류,간장,고추장,해당없음,100ml,109,100,ml,109,VOLUME_ONLY_UNRESOLVED,SOLID_WITH_VOLUME_BASIS;VOLUME_ONLY_NO_SAFE_ALTERNATIVE;SOURCE_UNIT_PRESERVED;DIRECT_RECORD_DISABLED;SEARCH_RANK_DEMOTED,,,false,true,
9531,D710-491020500-0001,잔멸치볶음_간장_고추장,볶음류,간장,고추장,해당없음,100ml,109,100,ml,109,VOLUME_ONLY_UNRESOLVED,SOLID_WITH_VOLUME_BASIS;VOLUME_ONLY_NO_SAFE_ALTERNATIVE;SOURCE_UNIT_PRESERVED;DIRECT_RECORD_DISABLED;SEARCH_RANK_DEMOTED,,,false,true,
9532,D510-491020500-0001,잔멸치볶음_간장_고추장,볶음류,간장,고추장,해당없음,100ml,109,100,ml,109,VOLUME_ONLY_UNRESOLVED,SOLID_WITH_VOLUME_BASIS;VOLUME_ONLY_NO_SAFE_ALTERNATIVE;SOURCE_UNIT_PRESERVED;DIRECT_RECORD_DISABLED;SEARCH_RANK_DEMOTED,,,false,true,
9533,D410-491020000-0001,잔멸치볶음_간장,볶음류,간장,해당없음,해당없음,100ml,194,100,ml,194,VOLUME_ONLY_UNRESOLVED,SOLID_WITH_VOLUME_BASIS;VOLUME_ONLY_NO_SAFE_ALTERNATIVE;SOURCE_UNIT_PRESERVED;DIRECT_RECORD_DISABLED;SEARCH_RANK_DEMOTED,,,false,true,
9534,D710-491020000-0001,잔멸치볶음_간장,볶음류,간장,해당없음,해당없음,100ml,194,100,ml,194,VOLUME_ONLY_UNRESOLVED,SOLID_WITH_VOLUME_BASIS;VOLUME_ONLY_NO_SAFE_ALTERNATIVE;SOURCE_UNIT_PRESERVED;DIRECT_RECORD_DISABLED;SEARCH_RANK_DEMOTED,,,false,true,
9535,D610-491000000-0001,잔멸치볶음,볶음류,해당없음,해당없음,해당없음,100ml,130,100,ml,130,MASS_ALTERNATIVE_AVAILABLE,SOLID_WITH_VOLUME_BASIS;MASS_ALTERNATIVE_FOUND;SOURCE_UNIT_PRESERVED;DIRECT_RECORD_DISABLED;SEARCH_RANK_DEMOTED,D310-491000000-0001,,false,true,
9536,D410-491000000-0001,잔멸치볶음,볶음류,해당없음,해당없음,해당없음,100ml,118,100,ml,118,MASS_ALTERNATIVE_AVAILABLE,SOLID_WITH_VOLUME_BASIS;MASS_ALTERNATIVE_FOUND;SOURCE_UNIT_PRESERVED;DIRECT_RECORD_DISABLED;SEARCH_RANK_DEMOTED,D310-491000000-0001,,false,true,
9537,D510-491000000-0001,잔멸치볶음,볶음류,해당없음,해당없음,해당없음,100ml,130,100,ml,130,MASS_ALTERNATIVE_AVAILABLE,SOLID_WITH_VOLUME_BASIS;MASS_ALTERNATIVE_FOUND;SOURCE_UNIT_PRESERVED;DIRECT_RECORD_DISABLED;SEARCH_RANK_DEMOTED,D310-491000000-0001,,false,true,
9539,D412-614000000-0001,잔멸치 튀김,튀김류,해당없음,해당없음,해당없음,100ml,67,100,ml,67,VOLUME_ONLY_UNRESOLVED,SOLID_WITH_VOLUME_BASIS;VOLUME_ONLY_NO_SAFE_ALTERNATIVE;SOURCE_UNIT_PRESERVED;DIRECT_RECORD_DISABLED;SEARCH_RANK_DEMOTED,,,false,true,
9543,D403-168000000-0001,자장면,면 및 만두류,해당없음,해당없음,해당없음,100ml,165,100,ml,165,MASS_ALTERNATIVE_AVAILABLE,SOLID_WITH_VOLUME_BASIS;MASS_ALTERNATIVE_FOUND;SOURCE_UNIT_PRESERVED;DIRECT_RECORD_DISABLED;SEARCH_RANK_DEMOTED,D103-168000000-0001;D303-168000000-0001,,false,true,
9545,D603-168000000-0001,자장면,면 및 만두류,해당없음,해당없음,해당없음,100ml,114,100,ml,114,MASS_ALTERNATIVE_AVAILABLE,SOLID_WITH_VOLUME_BASIS;MASS_ALTERNATIVE_FOUND;SOURCE_UNIT_PRESERVED;DIRECT_RECORD_DISABLED;SEARCH_RANK_DEMOTED,D103-168000000-0001;D303-168000000-0001,,false,true,
9547,D503-168000000-0001,자장면,면 및 만두류,해당없음,해당없음,해당없음,100ml,105,100,ml,105,MASS_ALTERNATIVE_AVAILABLE,SOLID_WITH_VOLUME_BASIS;MASS_ALTERNATIVE_FOUND;SOURCE_UNIT_PRESERVED;DIRECT_RECORD_DISABLED;SEARCH_RANK_DEMOTED,D103-168000000-0001;D303-168000000-0001,,false,true,
9548,D703-168000000-0001,자장면,면 및 만두류,해당없음,해당없음,해당없음,100ml,126,100,ml,126,MASS_ALTERNATIVE_AVAILABLE,SOLID_WITH_VOLUME_BASIS;MASS_ALTERNATIVE_FOUND;SOURCE_UNIT_PRESERVED;DIRECT_RECORD_DISABLED;SEARCH_RANK_DEMOTED,D103-168000000-0001;D303-168000000-0001,,false,true,
9638,D712-613000000-0001,임연수튀김,튀김류,해당없음,해당없음,해당없음,100ml,372,100,ml,372,VOLUME_ONLY_UNRESOLVED,SOLID_WITH_VOLUME_BASIS;VOLUME_ONLY_NO_SAFE_ALTERNATIVE;SOURCE_UNIT_PRESERVED;DIRECT_RECORD_DISABLED;SEARCH_RANK_DEMOTED,,,false,true,
9639,D612-613000000-0001,임연수튀김,튀김류,해당없음,해당없음,해당없음,100ml,180,100,ml,180,VOLUME_ONLY_UNRESOLVED,SOLID_WITH_VOLUME_BASIS;VOLUME_ONLY_NO_SAFE_ALTERNATIVE;SOURCE_UNIT_PRESERVED;DIRECT_RECORD_DISABLED;SEARCH_RANK_DEMOTED,,,false,true,
9640,D412-613000000-0001,임연수튀김,튀김류,해당없음,해당없음,해당없음,100ml,369,100,ml,369,VOLUME_ONLY_UNRESOLVED,SOLID_WITH_VOLUME_BASIS;VOLUME_ONLY_NO_SAFE_ALTERNATIVE;SOURCE_UNIT_PRESERVED;DIRECT_RECORD_DISABLED;SEARCH_RANK_DEMOTED,,,false,true,
9641,D512-613000000-0001,임연수튀김,튀김류,해당없음,해당없음,해당없음,100ml,181,100,ml,181,VOLUME_ONLY_UNRESOLVED,SOLID_WITH_VOLUME_BASIS;VOLUME_ONLY_NO_SAFE_ALTERNATIVE;SOURCE_UNIT_PRESERVED;DIRECT_RECORD_DISABLED;SEARCH_RANK_DEMOTED,,,false,true,
9642,D511-563000000-0001,임연수조림,조림류,해당없음,해당없음,해당없음,100ml,144,100,ml,144,VOLUME_ONLY_UNRESOLVED,SOLID_WITH_VOLUME_BASIS;VOLUME_ONLY_NO_SAFE_ALTERNATIVE;SOURCE_UNIT_PRESERVED;DIRECT_RECORD_DISABLED;SEARCH_RANK_DEMOTED,,,false,true,
9643,D711-563000000-0001,임연수조림,조림류,해당없음,해당없음,해당없음,100ml,91,100,ml,91,VOLUME_ONLY_UNRESOLVED,SOLID_WITH_VOLUME_BASIS;VOLUME_ONLY_NO_SAFE_ALTERNATIVE;SOURCE_UNIT_PRESERVED;DIRECT_RECORD_DISABLED;SEARCH_RANK_DEMOTED,,,false,true,
9644,D708-395000000-0001,임연수구이,구이류,해당없음,해당없음,해당없음,100ml,81,100,ml,81,MASS_ALTERNATIVE_AVAILABLE,SOLID_WITH_VOLUME_BASIS;MASS_ALTERNATIVE_FOUND;SOURCE_UNIT_PRESERVED;DIRECT_RECORD_DISABLED;SEARCH_RANK_DEMOTED,D308-395000000-0001,,false,true,
9646,D508-395000000-0001,임연수구이,구이류,해당없음,해당없음,해당없음,100ml,256,100,ml,256,MASS_ALTERNATIVE_AVAILABLE,SOLID_WITH_VOLUME_BASIS;MASS_ALTERNATIVE_FOUND;SOURCE_UNIT_PRESERVED;DIRECT_RECORD_DISABLED;SEARCH_RANK_DEMOTED,D308-395000000-0001,,false,true,
9647,D608-395000000-0001,임연수구이,구이류,해당없음,해당없음,해당없음,100ml,256,100,ml,256,MASS_ALTERNATIVE_AVAILABLE,SOLID_WITH_VOLUME_BASIS;MASS_ALTERNATIVE_FOUND;SOURCE_UNIT_PRESERVED;DIRECT_RECORD_DISABLED;SEARCH_RANK_DEMOTED,D308-395000000-0001,,false,true,
9648,D408-395000000-0001,임연수구이,구이류,해당없음,해당없음,해당없음,100ml,81,100,ml,81,MASS_ALTERNATIVE_AVAILABLE,SOLID_WITH_VOLUME_BASIS;MASS_ALTERNATIVE_FOUND;SOURCE_UNIT_PRESERVED;DIRECT_RECORD_DISABLED;SEARCH_RANK_DEMOTED,D308-395000000-0001,,false,true,
9652,D408-435000000-0001,은대구구이,구이류,해당없음,해당없음,해당없음,100ml,137,100,ml,137,VOLUME_ONLY_UNRESOLVED,SOLID_WITH_VOLUME_BASIS;VOLUME_ONLY_NO_SAFE_ALTERNATIVE;SOURCE_UNIT_PRESERVED;DIRECT_RECORD_DISABLED;SEARCH_RANK_DEMOTED,,,false,true,
9657,D501-030000000-0001,율무밥,밥류,해당없음,해당없음,해당없음,100ml,118,100,ml,118,VOLUME_ONLY_UNRESOLVED,SOLID_WITH_VOLUME_BASIS;VOLUME_ONLY_NO_SAFE_ALTERNATIVE;SOURCE_UNIT_PRESERVED;DIRECT_RECORD_DISABLED;SEARCH_RANK_DEMOTED,,,false,true,
9658,D601-030000000-0001,율무밥,밥류,해당없음,해당없음,해당없음,100ml,118,100,ml,118,VOLUME_ONLY_UNRESOLVED,SOLID_WITH_VOLUME_BASIS;VOLUME_ONLY_NO_SAFE_ALTERNATIVE;SOURCE_UNIT_PRESERVED;DIRECT_RECORD_DISABLED;SEARCH_RANK_DEMOTED,,,false,true,
9659,D701-030000000-0001,율무밥,밥류,해당없음,해당없음,해당없음,100ml,118,100,ml,118,VOLUME_ONLY_UNRESOLVED,SOLID_WITH_VOLUME_BASIS;VOLUME_ONLY_NO_SAFE_ALTERNATIVE;SOURCE_UNIT_PRESERVED;DIRECT_RECORD_DISABLED;SEARCH_RANK_DEMOTED,,,false,true,
9660,D401-030000000-0001,율무밥,밥류,해당없음,해당없음,해당없음,100ml,118,100,ml,118,VOLUME_ONLY_UNRESOLVED,SOLID_WITH_VOLUME_BASIS;VOLUME_ONLY_NO_SAFE_ALTERNATIVE;SOURCE_UNIT_PRESERVED;DIRECT_RECORD_DISABLED;SEARCH_RANK_DEMOTED,,,false,true,
9661,D401-079000000-0001,육회비빔밥,밥류,해당없음,해당없음,해당없음,100ml,115,100,ml,115,VOLUME_ONLY_UNRESOLVED,SOLID_WITH_VOLUME_BASIS;VOLUME_ONLY_NO_SAFE_ALTERNATIVE;SOURCE_UNIT_PRESERVED;DIRECT_RECORD_DISABLED;SEARCH_RANK_DEMOTED,,,false,true,
9663,D427-762000000-0001,육회,수·조·어·육류,해당없음,해당없음,해당없음,100ml,158,100,ml,158,MASS_ALTERNATIVE_AVAILABLE,SOLID_WITH_VOLUME_BASIS;MASS_ALTERNATIVE_FOUND;SOURCE_UNIT_PRESERVED;DIRECT_RECORD_DISABLED;SEARCH_RANK_DEMOTED,D127-762000000-0001,,false,true,
9683,D614-713000000-0001,유채무침,생채·무침류,해당없음,해당없음,해당없음,100ml,60,100,ml,60,VOLUME_ONLY_UNRESOLVED,SOLID_WITH_VOLUME_BASIS;VOLUME_ONLY_NO_SAFE_ALTERNATIVE;SOURCE_UNIT_PRESERVED;DIRECT_RECORD_DISABLED;SEARCH_RANK_DEMOTED,,,false,true,
9684,D414-713000000-0001,유채무침,생채·무침류,해당없음,해당없음,해당없음,100ml,60,100,ml,60,VOLUME_ONLY_UNRESOLVED,SOLID_WITH_VOLUME_BASIS;VOLUME_ONLY_NO_SAFE_ALTERNATIVE;SOURCE_UNIT_PRESERVED;DIRECT_RECORD_DISABLED;SEARCH_RANK_DEMOTED,,,false,true,
9685,D514-713000000-0001,유채무침,생채·무침류,해당없음,해당없음,해당없음,100ml,60,100,ml,60,VOLUME_ONLY_UNRESOLVED,SOLID_WITH_VOLUME_BASIS;VOLUME_ONLY_NO_SAFE_ALTERNATIVE;SOURCE_UNIT_PRESERVED;DIRECT_RECORD_DISABLED;SEARCH_RANK_DEMOTED,,,false,true,
9686,D714-713000000-0001,유채무침,생채·무침류,해당없음,해당없음,해당없음,100ml,60,100,ml,60,VOLUME_ONLY_UNRESOLVED,SOLID_WITH_VOLUME_BASIS;VOLUME_ONLY_NO_SAFE_ALTERNATIVE;SOURCE_UNIT_PRESERVED;DIRECT_RECORD_DISABLED;SEARCH_RANK_DEMOTED,,,false,true,
9687,D413-592050000-0001,유채나물_된장,나물·숙채류,된장,해당없음,해당없음,100ml,30,100,ml,30,VOLUME_ONLY_UNRESOLVED,SOLID_WITH_VOLUME_BASIS;VOLUME_ONLY_NO_SAFE_ALTERNATIVE;SOURCE_UNIT_PRESERVED;DIRECT_RECORD_DISABLED;SEARCH_RANK_DEMOTED,,,false,true,
9688,D413-592013200-0001,유채나물_간장_소금,나물·숙채류,간장,소금,해당없음,100ml,22,100,ml,22,VOLUME_ONLY_UNRESOLVED,SOLID_WITH_VOLUME_BASIS;VOLUME_ONLY_NO_SAFE_ALTERNATIVE;SOURCE_UNIT_PRESERVED;DIRECT_RECORD_DISABLED;SEARCH_RANK_DEMOTED,,,false,true,
9689,D713-592013200-0001,유채나물_간장_소금,나물·숙채류,간장,소금,해당없음,100ml,22,100,ml,22,VOLUME_ONLY_UNRESOLVED,SOLID_WITH_VOLUME_BASIS;VOLUME_ONLY_NO_SAFE_ALTERNATIVE;SOURCE_UNIT_PRESERVED;DIRECT_RECORD_DISABLED;SEARCH_RANK_DEMOTED,,,false,true,
9691,D713-592000000-0001,유채나물,나물·숙채류,해당없음,해당없음,해당없음,100ml,36,100,ml,36,MASS_ALTERNATIVE_AVAILABLE,SOLID_WITH_VOLUME_BASIS;MASS_ALTERNATIVE_FOUND;SOURCE_UNIT_PRESERVED;DIRECT_RECORD_DISABLED;SEARCH_RANK_DEMOTED,D113-592000000-0001,,false,true,
9692,D513-592000000-0001,유채나물,나물·숙채류,해당없음,해당없음,해당없음,100ml,50,100,ml,50,MASS_ALTERNATIVE_AVAILABLE,SOLID_WITH_VOLUME_BASIS;MASS_ALTERNATIVE_FOUND;SOURCE_UNIT_PRESERVED;DIRECT_RECORD_DISABLED;SEARCH_RANK_DEMOTED,D113-592000000-0001,,false,true,
9693,D413-592000000-0001,유채나물,나물·숙채류,해당없음,해당없음,해당없음,100ml,36,100,ml,36,MASS_ALTERNATIVE_AVAILABLE,SOLID_WITH_VOLUME_BASIS;MASS_ALTERNATIVE_FOUND;SOURCE_UNIT_PRESERVED;DIRECT_RECORD_DISABLED;SEARCH_RANK_DEMOTED,D113-592000000-0001,,false,true,
9694,D613-592000000-0001,유채나물,나물·숙채류,해당없음,해당없음,해당없음,100ml,50,100,ml,50,MASS_ALTERNATIVE_AVAILABLE,SOLID_WITH_VOLUME_BASIS;MASS_ALTERNATIVE_FOUND;SOURCE_UNIT_PRESERVED;DIRECT_RECORD_DISABLED;SEARCH_RANK_DEMOTED,D113-592000000-0001,,false,true,
9750,D410-490000000-0001,유산슬,볶음류,해당없음,해당없음,해당없음,100ml,71,100,ml,71,MASS_ALTERNATIVE_AVAILABLE,SOLID_WITH_VOLUME_BASIS;MASS_ALTERNATIVE_FOUND;SOURCE_UNIT_PRESERVED;DIRECT_RECORD_DISABLED;SEARCH_RANK_DEMOTED,D110-490000000-0001,,false,true,
9752,D510-490000000-0001,유산슬,볶음류,해당없음,해당없음,해당없음,100ml,62,100,ml,62,MASS_ALTERNATIVE_AVAILABLE,SOLID_WITH_VOLUME_BASIS;MASS_ALTERNATIVE_FOUND;SOURCE_UNIT_PRESERVED;DIRECT_RECORD_DISABLED;SEARCH_RANK_DEMOTED,D110-490000000-0001,,false,true,
9753,D711-562000000-0001,유부조림,조림류,해당없음,해당없음,해당없음,100ml,254,100,ml,254,VOLUME_ONLY_UNRESOLVED,SOLID_WITH_VOLUME_BASIS;VOLUME_ONLY_NO_SAFE_ALTERNATIVE;SOURCE_UNIT_PRESERVED;DIRECT_RECORD_DISABLED;SEARCH_RANK_DEMOTED,,,false,true,
9755,D701-078000000-0001,유부 초밥,밥류,해당없음,해당없음,해당없음,100ml,199,100,ml,199,VOLUME_ONLY_UNRESOLVED,SOLID_WITH_VOLUME_BASIS;VOLUME_ONLY_NO_SAFE_ALTERNATIVE;SOURCE_UNIT_PRESERVED;DIRECT_RECORD_DISABLED;SEARCH_RANK_DEMOTED,,,false,true,
9756,D501-078000000-0001,유부 초밥,밥류,해당없음,해당없음,해당없음,100ml,200,100,ml,200,VOLUME_ONLY_UNRESOLVED,SOLID_WITH_VOLUME_BASIS;VOLUME_ONLY_NO_SAFE_ALTERNATIVE;SOURCE_UNIT_PRESERVED;DIRECT_RECORD_DISABLED;SEARCH_RANK_DEMOTED,,,false,true,
9757,D401-078000000-0001,유부 초밥,밥류,해당없음,해당없음,해당없음,100ml,199,100,ml,199,VOLUME_ONLY_UNRESOLVED,SOLID_WITH_VOLUME_BASIS;VOLUME_ONLY_NO_SAFE_ALTERNATIVE;SOURCE_UNIT_PRESERVED;DIRECT_RECORD_DISABLED;SEARCH_RANK_DEMOTED,,,false,true,
9767,D403-166000000-0001,울면,면 및 만두류,해당없음,해당없음,해당없음,100ml,85,100,ml,85,MASS_ALTERNATIVE_AVAILABLE,SOLID_WITH_VOLUME_BASIS;MASS_ALTERNATIVE_FOUND;SOURCE_UNIT_PRESERVED;DIRECT_RECORD_DISABLED;SEARCH_RANK_DEMOTED,D303-166000000-0001,,false,true,
9773,D411-531000000-0001,우엉조림,조림류,해당없음,해당없음,해당없음,100ml,88,100,ml,88,MASS_ALTERNATIVE_AVAILABLE,SOLID_WITH_VOLUME_BASIS;MASS_ALTERNATIVE_FOUND;SOURCE_UNIT_PRESERVED;DIRECT_RECORD_DISABLED;SEARCH_RANK_DEMOTED,D111-531000000-0001,,false,true,
9774,D611-531000000-0001,우엉조림,조림류,해당없음,해당없음,해당없음,100ml,120,100,ml,120,MASS_ALTERNATIVE_AVAILABLE,SOLID_WITH_VOLUME_BASIS;MASS_ALTERNATIVE_FOUND;SOURCE_UNIT_PRESERVED;DIRECT_RECORD_DISABLED;SEARCH_RANK_DEMOTED,D111-531000000-0001,,false,true,
9775,D711-531000000-0001,우엉조림,조림류,해당없음,해당없음,해당없음,100ml,88,100,ml,88,MASS_ALTERNATIVE_AVAILABLE,SOLID_WITH_VOLUME_BASIS;MASS_ALTERNATIVE_FOUND;SOURCE_UNIT_PRESERVED;DIRECT_RECORD_DISABLED;SEARCH_RANK_DEMOTED,D111-531000000-0001,,false,true,
9776,D511-531000000-0001,우엉조림,조림류,해당없음,해당없음,해당없음,100ml,104,100,ml,104,MASS_ALTERNATIVE_AVAILABLE,SOLID_WITH_VOLUME_BASIS;MASS_ALTERNATIVE_FOUND;SOURCE_UNIT_PRESERVED;DIRECT_RECORD_DISABLED;SEARCH_RANK_DEMOTED,D111-531000000-0001,,false,true,
9777,D710-528000000-0001,우엉볶음,볶음류,해당없음,해당없음,해당없음,100ml,160,100,ml,160,VOLUME_ONLY_UNRESOLVED,SOLID_WITH_VOLUME_BASIS;VOLUME_ONLY_NO_SAFE_ALTERNATIVE;SOURCE_UNIT_PRESERVED;DIRECT_RECORD_DISABLED;SEARCH_RANK_DEMOTED,,,false,true,
9778,D610-528000000-0001,우엉볶음,볶음류,해당없음,해당없음,해당없음,100ml,65,100,ml,65,VOLUME_ONLY_UNRESOLVED,SOLID_WITH_VOLUME_BASIS;VOLUME_ONLY_NO_SAFE_ALTERNATIVE;SOURCE_UNIT_PRESERVED;DIRECT_RECORD_DISABLED;SEARCH_RANK_DEMOTED,,,false,true,
9779,D410-528000000-0001,우엉볶음,볶음류,해당없음,해당없음,해당없음,100ml,160,100,ml,160,VOLUME_ONLY_UNRESOLVED,SOLID_WITH_VOLUME_BASIS;VOLUME_ONLY_NO_SAFE_ALTERNATIVE;SOURCE_UNIT_PRESERVED;DIRECT_RECORD_DISABLED;SEARCH_RANK_DEMOTED,,,false,true,
9780,D510-528000000-0001,우엉볶음,볶음류,해당없음,해당없음,해당없음,100ml,65,100,ml,65,VOLUME_ONLY_UNRESOLVED,SOLID_WITH_VOLUME_BASIS;VOLUME_ONLY_NO_SAFE_ALTERNATIVE;SOURCE_UNIT_PRESERVED;DIRECT_RECORD_DISABLED;SEARCH_RANK_DEMOTED,,,false,true,
9781,D408-434000000-0001,우엉 양념구이,구이류,해당없음,해당없음,해당없음,100ml,67,100,ml,67,VOLUME_ONLY_UNRESOLVED,SOLID_WITH_VOLUME_BASIS;VOLUME_ONLY_NO_SAFE_ALTERNATIVE;SOURCE_UNIT_PRESERVED;DIRECT_RECORD_DISABLED;SEARCH_RANK_DEMOTED,,,false,true,
9797,D401-029350000-0001,우럭회덮밥_양념장,밥류,양념장,해당없음,해당없음,100ml,67,100,ml,67,VOLUME_ONLY_UNRESOLVED,SOLID_WITH_VOLUME_BASIS;VOLUME_ONLY_NO_SAFE_ALTERNATIVE;SOURCE_UNIT_PRESERVED;DIRECT_RECORD_DISABLED;SEARCH_RANK_DEMOTED,,,false,true,
9798,D412-612000000-0001,우럭튀김,튀김류,해당없음,해당없음,해당없음,100ml,289,100,ml,289,VOLUME_ONLY_UNRESOLVED,SOLID_WITH_VOLUME_BASIS;VOLUME_ONLY_NO_SAFE_ALTERNATIVE;SOURCE_UNIT_PRESERVED;DIRECT_RECORD_DISABLED;SEARCH_RANK_DEMOTED,,,false,true,
9799,D608-433000000-0001,우럭구이,구이류,해당없음,해당없음,해당없음,100ml,207,100,ml,207,VOLUME_ONLY_UNRESOLVED,SOLID_WITH_VOLUME_BASIS;VOLUME_ONLY_NO_SAFE_ALTERNATIVE;SOURCE_UNIT_PRESERVED;DIRECT_RECORD_DISABLED;SEARCH_RANK_DEMOTED,,,false,true,
9800,D408-433000000-0001,우럭구이,구이류,해당없음,해당없음,해당없음,100ml,111,100,ml,111,VOLUME_ONLY_UNRESOLVED,SOLID_WITH_VOLUME_BASIS;VOLUME_ONLY_NO_SAFE_ALTERNATIVE;SOURCE_UNIT_PRESERVED;DIRECT_RECORD_DISABLED;SEARCH_RANK_DEMOTED,,,false,true,
9801,D708-433000000-0001,우럭구이,구이류,해당없음,해당없음,해당없음,100ml,111,100,ml,111,VOLUME_ONLY_UNRESOLVED,SOLID_WITH_VOLUME_BASIS;VOLUME_ONLY_NO_SAFE_ALTERNATIVE;SOURCE_UNIT_PRESERVED;DIRECT_RECORD_DISABLED;SEARCH_RANK_DEMOTED,,,false,true,
9805,D403-164500000-0001,우동_해물,면 및 만두류,해물,해당없음,해당없음,100ml,69,100,ml,69,VOLUME_ONLY_UNRESOLVED,SOLID_WITH_VOLUME_BASIS;VOLUME_ONLY_NO_SAFE_ALTERNATIVE;SOURCE_UNIT_PRESERVED;DIRECT_RECORD_DISABLED;SEARCH_RANK_DEMOTED,,,false,true,
9810,D403-164250000-0001,우동_배추김치,면 및 만두류,배추김치,해당없음,해당없음,100ml,65,100,ml,65,VOLUME_ONLY_UNRESOLVED,SOLID_WITH_VOLUME_BASIS;VOLUME_ONLY_NO_SAFE_ALTERNATIVE;SOURCE_UNIT_PRESERVED;DIRECT_RECORD_DISABLED;SEARCH_RANK_DEMOTED,,,false,true,
9814,D603-164000000-0001,우동,면 및 만두류,해당없음,해당없음,해당없음,100ml,61,100,ml,61,VOLUME_ONLY_UNRESOLVED,SOLID_WITH_VOLUME_BASIS;VOLUME_ONLY_NO_SAFE_ALTERNATIVE;SOURCE_UNIT_PRESERVED;DIRECT_RECORD_DISABLED;SEARCH_RANK_DEMOTED,,,false,true,
9815,D503-164000000-0001,우동,면 및 만두류,해당없음,해당없음,해당없음,100ml,52,100,ml,52,VOLUME_ONLY_UNRESOLVED,SOLID_WITH_VOLUME_BASIS;VOLUME_ONLY_NO_SAFE_ALTERNATIVE;SOURCE_UNIT_PRESERVED;DIRECT_RECORD_DISABLED;SEARCH_RANK_DEMOTED,,,false,true,
9816,D703-164000000-0001,우동,면 및 만두류,해당없음,해당없음,해당없음,100ml,61,100,ml,61,VOLUME_ONLY_UNRESOLVED,SOLID_WITH_VOLUME_BASIS;VOLUME_ONLY_NO_SAFE_ALTERNATIVE;SOURCE_UNIT_PRESERVED;DIRECT_RECORD_DISABLED;SEARCH_RANK_DEMOTED,,,false,true,
9817,D403-164000000-0001,우동,면 및 만두류,해당없음,해당없음,해당없음,100ml,71,100,ml,71,VOLUME_ONLY_UNRESOLVED,SOLID_WITH_VOLUME_BASIS;VOLUME_ONLY_NO_SAFE_ALTERNATIVE;SOURCE_UNIT_PRESERVED;DIRECT_RECORD_DISABLED;SEARCH_RANK_DEMOTED,,,false,true,
9846,D711-561000000-0001,완자조림,조림류,해당없음,해당없음,해당없음,100ml,171,100,ml,171,VOLUME_ONLY_UNRESOLVED,SOLID_WITH_VOLUME_BASIS;VOLUME_ONLY_NO_SAFE_ALTERNATIVE;SOURCE_UNIT_PRESERVED;DIRECT_RECORD_DISABLED;SEARCH_RANK_DEMOTED,,,false,true,
9847,D511-561000000-0001,완자조림,조림류,해당없음,해당없음,해당없음,100ml,171,100,ml,171,VOLUME_ONLY_UNRESOLVED,SOLID_WITH_VOLUME_BASIS;VOLUME_ONLY_NO_SAFE_ALTERNATIVE;SOURCE_UNIT_PRESERVED;DIRECT_RECORD_DISABLED;SEARCH_RANK_DEMOTED,,,false,true,
9848,D411-561000000-0001,완자조림,조림류,해당없음,해당없음,해당없음,100ml,168,100,ml,168,VOLUME_ONLY_UNRESOLVED,SOLID_WITH_VOLUME_BASIS;VOLUME_ONLY_NO_SAFE_ALTERNATIVE;SOURCE_UNIT_PRESERVED;DIRECT_RECORD_DISABLED;SEARCH_RANK_DEMOTED,,,false,true,
9849,D611-561000000-0001,완자조림,조림류,해당없음,해당없음,해당없음,100ml,171,100,ml,171,VOLUME_ONLY_UNRESOLVED,SOLID_WITH_VOLUME_BASIS;VOLUME_ONLY_NO_SAFE_ALTERNATIVE;SOURCE_UNIT_PRESERVED;DIRECT_RECORD_DISABLED;SEARCH_RANK_DEMOTED,,,false,true,
9855,D709-437000000-0001,완자전,전·적 및 부침류,해당없음,해당없음,해당없음,100ml,214,100,ml,214,VOLUME_ONLY_UNRESOLVED,SOLID_WITH_VOLUME_BASIS;VOLUME_ONLY_NO_SAFE_ALTERNATIVE;SOURCE_UNIT_PRESERVED;DIRECT_RECORD_DISABLED;SEARCH_RANK_DEMOTED,,,false,true,
9856,D509-437000000-0001,완자전,전·적 및 부침류,해당없음,해당없음,해당없음,100ml,320,100,ml,320,VOLUME_ONLY_UNRESOLVED,SOLID_WITH_VOLUME_BASIS;VOLUME_ONLY_NO_SAFE_ALTERNATIVE;SOURCE_UNIT_PRESERVED;DIRECT_RECORD_DISABLED;SEARCH_RANK_DEMOTED,,,false,true,
9857,D409-437000000-0001,완자전,전·적 및 부침류,해당없음,해당없음,해당없음,100ml,214,100,ml,214,VOLUME_ONLY_UNRESOLVED,SOLID_WITH_VOLUME_BASIS;VOLUME_ONLY_NO_SAFE_ALTERNATIVE;SOURCE_UNIT_PRESERVED;DIRECT_RECORD_DISABLED;SEARCH_RANK_DEMOTED,,,false,true,
9858,D609-437000000-0001,완자전,전·적 및 부침류,해당없음,해당없음,해당없음,100ml,313,100,ml,313,VOLUME_ONLY_UNRESOLVED,SOLID_WITH_VOLUME_BASIS;VOLUME_ONLY_NO_SAFE_ALTERNATIVE;SOURCE_UNIT_PRESERVED;DIRECT_RECORD_DISABLED;SEARCH_RANK_DEMOTED,,,false,true,
9859,D601-077000000-0001,완두콩밥,밥류,해당없음,해당없음,해당없음,100ml,114,100,ml,114,VOLUME_ONLY_UNRESOLVED,SOLID_WITH_VOLUME_BASIS;VOLUME_ONLY_NO_SAFE_ALTERNATIVE;SOURCE_UNIT_PRESERVED;DIRECT_RECORD_DISABLED;SEARCH_RANK_DEMOTED,,,false,true,
9860,D701-077000000-0001,완두콩밥,밥류,해당없음,해당없음,해당없음,100ml,157,100,ml,157,VOLUME_ONLY_UNRESOLVED,SOLID_WITH_VOLUME_BASIS;VOLUME_ONLY_NO_SAFE_ALTERNATIVE;SOURCE_UNIT_PRESERVED;DIRECT_RECORD_DISABLED;SEARCH_RANK_DEMOTED,,,false,true,
9861,D501-077000000-0001,완두콩밥,밥류,해당없음,해당없음,해당없음,100ml,114,100,ml,114,VOLUME_ONLY_UNRESOLVED,SOLID_WITH_VOLUME_BASIS;VOLUME_ONLY_NO_SAFE_ALTERNATIVE;SOURCE_UNIT_PRESERVED;DIRECT_RECORD_DISABLED;SEARCH_RANK_DEMOTED,,,false,true,
9862,D401-077000000-0001,완두콩밥,밥류,해당없음,해당없음,해당없음,100ml,114,100,ml,114,VOLUME_ONLY_UNRESOLVED,SOLID_WITH_VOLUME_BASIS;VOLUME_ONLY_NO_SAFE_ALTERNATIVE;SOURCE_UNIT_PRESERVED;DIRECT_RECORD_DISABLED;SEARCH_RANK_DEMOTED,,,false,true,
10067,D714-712520000-0001,옥수수샐러드_햄,생채·무침류,햄,해당없음,해당없음,100ml,190,100,ml,190,VOLUME_ONLY_UNRESOLVED,SOLID_WITH_VOLUME_BASIS;VOLUME_ONLY_NO_SAFE_ALTERNATIVE;SOURCE_UNIT_PRESERVED;DIRECT_RECORD_DISABLED;SEARCH_RANK_DEMOTED,,,false,true,
10068,D414-712520000-0001,옥수수샐러드_햄,생채·무침류,햄,해당없음,해당없음,100ml,178,100,ml,178,VOLUME_ONLY_UNRESOLVED,SOLID_WITH_VOLUME_BASIS;VOLUME_ONLY_NO_SAFE_ALTERNATIVE;SOURCE_UNIT_PRESERVED;DIRECT_RECORD_DISABLED;SEARCH_RANK_DEMOTED,,,false,true,
10070,D714-712000000-0001,옥수수샐러드,생채·무침류,해당없음,해당없음,해당없음,100ml,129,100,ml,129,VOLUME_ONLY_UNRESOLVED,SOLID_WITH_VOLUME_BASIS;VOLUME_ONLY_NO_SAFE_ALTERNATIVE;SOURCE_UNIT_PRESERVED;DIRECT_RECORD_DISABLED;SEARCH_RANK_DEMOTED,,,false,true,
10071,D614-712000000-0001,옥수수샐러드,생채·무침류,해당없음,해당없음,해당없음,100ml,130,100,ml,130,VOLUME_ONLY_UNRESOLVED,SOLID_WITH_VOLUME_BASIS;VOLUME_ONLY_NO_SAFE_ALTERNATIVE;SOURCE_UNIT_PRESERVED;DIRECT_RECORD_DISABLED;SEARCH_RANK_DEMOTED,,,false,true,
10072,D414-712000000-0001,옥수수샐러드,생채·무침류,해당없음,해당없음,해당없음,100ml,129,100,ml,129,VOLUME_ONLY_UNRESOLVED,SOLID_WITH_VOLUME_BASIS;VOLUME_ONLY_NO_SAFE_ALTERNATIVE;SOURCE_UNIT_PRESERVED;DIRECT_RECORD_DISABLED;SEARCH_RANK_DEMOTED,,,false,true,
10073,D514-712000000-0001,옥수수샐러드,생채·무침류,해당없음,해당없음,해당없음,100ml,130,100,ml,130,VOLUME_ONLY_UNRESOLVED,SOLID_WITH_VOLUME_BASIS;VOLUME_ONLY_NO_SAFE_ALTERNATIVE;SOURCE_UNIT_PRESERVED;DIRECT_RECORD_DISABLED;SEARCH_RANK_DEMOTED,,,false,true,
10074,D409-458000000-0001,옥수수부침,전·적 및 부침류,해당없음,해당없음,해당없음,100ml,176,100,ml,176,VOLUME_ONLY_UNRESOLVED,SOLID_WITH_VOLUME_BASIS;VOLUME_ONLY_NO_SAFE_ALTERNATIVE;SOURCE_UNIT_PRESERVED;DIRECT_RECORD_DISABLED;SEARCH_RANK_DEMOTED,,,false,true,
10075,D509-458000000-0001,옥수수부침,전·적 및 부침류,해당없음,해당없음,해당없음,100ml,184,100,ml,184,VOLUME_ONLY_UNRESOLVED,SOLID_WITH_VOLUME_BASIS;VOLUME_ONLY_NO_SAFE_ALTERNATIVE;SOURCE_UNIT_PRESERVED;DIRECT_RECORD_DISABLED;SEARCH_RANK_DEMOTED,,,false,true,
10076,D709-458000000-0001,옥수수부침,전·적 및 부침류,해당없음,해당없음,해당없음,100ml,176,100,ml,176,VOLUME_ONLY_UNRESOLVED,SOLID_WITH_VOLUME_BASIS;VOLUME_ONLY_NO_SAFE_ALTERNATIVE;SOURCE_UNIT_PRESERVED;DIRECT_RECORD_DISABLED;SEARCH_RANK_DEMOTED,,,false,true,
10077,D601-076000000-0001,옥수수밥,밥류,해당없음,해당없음,해당없음,100ml,113,100,ml,113,VOLUME_ONLY_UNRESOLVED,SOLID_WITH_VOLUME_BASIS;VOLUME_ONLY_NO_SAFE_ALTERNATIVE;SOURCE_UNIT_PRESERVED;DIRECT_RECORD_DISABLED;SEARCH_RANK_DEMOTED,,,false,true,
10078,D701-076000000-0001,옥수수밥,밥류,해당없음,해당없음,해당없음,100ml,170,100,ml,170,VOLUME_ONLY_UNRESOLVED,SOLID_WITH_VOLUME_BASIS;VOLUME_ONLY_NO_SAFE_ALTERNATIVE;SOURCE_UNIT_PRESERVED;DIRECT_RECORD_DISABLED;SEARCH_RANK_DEMOTED,,,false,true,
10079,D501-076000000-0001,옥수수밥,밥류,해당없음,해당없음,해당없음,100ml,113,100,ml,113,VOLUME_ONLY_UNRESOLVED,SOLID_WITH_VOLUME_BASIS;VOLUME_ONLY_NO_SAFE_ALTERNATIVE;SOURCE_UNIT_PRESERVED;DIRECT_RECORD_DISABLED;SEARCH_RANK_DEMOTED,,,false,true,
10080,D401-076000000-0001,옥수수밥,밥류,해당없음,해당없음,해당없음,100ml,113,100,ml,113,VOLUME_ONLY_UNRESOLVED,SOLID_WITH_VOLUME_BASIS;VOLUME_ONLY_NO_SAFE_ALTERNATIVE;SOURCE_UNIT_PRESERVED;DIRECT_RECORD_DISABLED;SEARCH_RANK_DEMOTED,,,false,true,
10081,D408-394200000-0001,옥수수구이_치즈,구이류,치즈,해당없음,해당없음,100ml,140,100,ml,140,VOLUME_ONLY_UNRESOLVED,SOLID_WITH_VOLUME_BASIS;VOLUME_ONLY_NO_SAFE_ALTERNATIVE;SOURCE_UNIT_PRESERVED;DIRECT_RECORD_DISABLED;SEARCH_RANK_DEMOTED,,,false,true,
10082,D408-394000000-0001,옥수수구이,구이류,해당없음,해당없음,해당없음,100ml,148,100,ml,148,VOLUME_ONLY_UNRESOLVED,SOLID_WITH_VOLUME_BASIS;VOLUME_ONLY_NO_SAFE_ALTERNATIVE;SOURCE_UNIT_PRESERVED;DIRECT_RECORD_DISABLED;SEARCH_RANK_DEMOTED,,,false,true,
10084,D408-393000000-0001,옥돔구이,구이류,해당없음,해당없음,해당없음,100ml,39,100,ml,39,VOLUME_ONLY_UNRESOLVED,SOLID_WITH_VOLUME_BASIS;VOLUME_ONLY_NO_SAFE_ALTERNATIVE;SOURCE_UNIT_PRESERVED;DIRECT_RECORD_DISABLED;SEARCH_RANK_DEMOTED,,,false,true,
10085,D611-560000000-0001,오징어포조림,조림류,해당없음,해당없음,해당없음,100ml,133,100,ml,133,VOLUME_ONLY_UNRESOLVED,SOLID_WITH_VOLUME_BASIS;VOLUME_ONLY_NO_SAFE_ALTERNATIVE;SOURCE_UNIT_PRESERVED;DIRECT_RECORD_DISABLED;SEARCH_RANK_DEMOTED,,,false,true,
10090,D712-571000000-0001,오징어튀김,튀김류,해당없음,해당없음,해당없음,100ml,81,100,ml,81,VOLUME_ONLY_UNRESOLVED,SOLID_WITH_VOLUME_BASIS;VOLUME_ONLY_NO_SAFE_ALTERNATIVE;SOURCE_UNIT_PRESERVED;DIRECT_RECORD_DISABLED;SEARCH_RANK_DEMOTED,,,false,true,
10091,D412-571000000-0001,오징어튀김,튀김류,해당없음,해당없음,해당없음,100ml,81,100,ml,81,VOLUME_ONLY_UNRESOLVED,SOLID_WITH_VOLUME_BASIS;VOLUME_ONLY_NO_SAFE_ALTERNATIVE;SOURCE_UNIT_PRESERVED;DIRECT_RECORD_DISABLED;SEARCH_RANK_DEMOTED,,,false,true,
10092,D612-571000000-0001,오징어튀김,튀김류,해당없음,해당없음,해당없음,100ml,163,100,ml,163,VOLUME_ONLY_UNRESOLVED,SOLID_WITH_VOLUME_BASIS;VOLUME_ONLY_NO_SAFE_ALTERNATIVE;SOURCE_UNIT_PRESERVED;DIRECT_RECORD_DISABLED;SEARCH_RANK_DEMOTED,,,false,true,
10093,D512-571000000-0001,오징어튀김,튀김류,해당없음,해당없음,해당없음,100ml,163,100,ml,163,VOLUME_ONLY_UNRESOLVED,SOLID_WITH_VOLUME_BASIS;VOLUME_ONLY_NO_SAFE_ALTERNATIVE;SOURCE_UNIT_PRESERVED;DIRECT_RECORD_DISABLED;SEARCH_RANK_DEMOTED,,,false,true,
10094,D712-611000000-0001,오징어탕수,튀김류,해당없음,해당없음,해당없음,100ml,247,100,ml,247,VOLUME_ONLY_UNRESOLVED,SOLID_WITH_VOLUME_BASIS;VOLUME_ONLY_NO_SAFE_ALTERNATIVE;SOURCE_UNIT_PRESERVED;DIRECT_RECORD_DISABLED;SEARCH_RANK_DEMOTED,,,false,true,
10095,D512-611000000-0001,오징어탕수,튀김류,해당없음,해당없음,해당없음,100ml,149,100,ml,149,VOLUME_ONLY_UNRESOLVED,SOLID_WITH_VOLUME_BASIS;VOLUME_ONLY_NO_SAFE_ALTERNATIVE;SOURCE_UNIT_PRESERVED;DIRECT_RECORD_DISABLED;SEARCH_RANK_DEMOTED,,,false,true,
10096,D412-611000000-0001,오징어탕수,튀김류,해당없음,해당없음,해당없음,100ml,158,100,ml,158,VOLUME_ONLY_UNRESOLVED,SOLID_WITH_VOLUME_BASIS;VOLUME_ONLY_NO_SAFE_ALTERNATIVE;SOURCE_UNIT_PRESERVED;DIRECT_RECORD_DISABLED;SEARCH_RANK_DEMOTED,,,false,true,
10097,D612-611000000-0001,오징어탕수,튀김류,해당없음,해당없음,해당없음,100ml,158,100,ml,158,VOLUME_ONLY_UNRESOLVED,SOLID_WITH_VOLUME_BASIS;VOLUME_ONLY_NO_SAFE_ALTERNATIVE;SOURCE_UNIT_PRESERVED;DIRECT_RECORD_DISABLED;SEARCH_RANK_DEMOTED,,,false,true,
10099,D710-489000000-0001,오징어채볶음,볶음류,해당없음,해당없음,해당없음,100ml,133,100,ml,133,MASS_ALTERNATIVE_AVAILABLE,SOLID_WITH_VOLUME_BASIS;MASS_ALTERNATIVE_FOUND;SOURCE_UNIT_PRESERVED;DIRECT_RECORD_DISABLED;SEARCH_RANK_DEMOTED,D310-489000000-0001,,false,true,
10101,D410-489000000-0001,오징어채볶음,볶음류,해당없음,해당없음,해당없음,100ml,164,100,ml,164,MASS_ALTERNATIVE_AVAILABLE,SOLID_WITH_VOLUME_BASIS;MASS_ALTERNATIVE_FOUND;SOURCE_UNIT_PRESERVED;DIRECT_RECORD_DISABLED;SEARCH_RANK_DEMOTED,D310-489000000-0001,,false,true,
10102,D610-489000000-0001,오징어채볶음,볶음류,해당없음,해당없음,해당없음,100ml,54,100,ml,54,MASS_ALTERNATIVE_AVAILABLE,SOLID_WITH_VOLUME_BASIS;MASS_ALTERNATIVE_FOUND;SOURCE_UNIT_PRESERVED;DIRECT_RECORD_DISABLED;SEARCH_RANK_DEMOTED,D310-489000000-0001,,false,true,
10103,D510-489000000-0001,오징어채볶음,볶음류,해당없음,해당없음,해당없음,100ml,163,100,ml,163,MASS_ALTERNATIVE_AVAILABLE,SOLID_WITH_VOLUME_BASIS;MASS_ALTERNATIVE_FOUND;SOURCE_UNIT_PRESERVED;DIRECT_RECORD_DISABLED;SEARCH_RANK_DEMOTED,D310-489000000-0001,,false,true,
10104,D714-648320000-0001,오징어채무침_채소,생채·무침류,채소,해당없음,해당없음,100ml,113,100,ml,113,VOLUME_ONLY_UNRESOLVED,SOLID_WITH_VOLUME_BASIS;VOLUME_ONLY_NO_SAFE_ALTERNATIVE;SOURCE_UNIT_PRESERVED;DIRECT_RECORD_DISABLED;SEARCH_RANK_DEMOTED,,,false,true,
10106,D614-648000000-0001,오징어채무침,생채·무침류,해당없음,해당없음,해당없음,100ml,355,100,ml,355,MASS_ALTERNATIVE_AVAILABLE,SOLID_WITH_VOLUME_BASIS;MASS_ALTERNATIVE_FOUND;SOURCE_UNIT_PRESERVED;DIRECT_RECORD_DISABLED;SEARCH_RANK_DEMOTED,D114-648000000-0001,,false,true,
10107,D414-648000000-0001,오징어채무침,생채·무침류,해당없음,해당없음,해당없음,100ml,118,100,ml,118,MASS_ALTERNATIVE_AVAILABLE,SOLID_WITH_VOLUME_BASIS;MASS_ALTERNATIVE_FOUND;SOURCE_UNIT_PRESERVED;DIRECT_RECORD_DISABLED;SEARCH_RANK_DEMOTED,D114-648000000-0001,,false,true,
10108,D514-648000000-0001,오징어채무침,생채·무침류,해당없음,해당없음,해당없음,100ml,355,100,ml,355,MASS_ALTERNATIVE_AVAILABLE,SOLID_WITH_VOLUME_BASIS;MASS_ALTERNATIVE_FOUND;SOURCE_UNIT_PRESERVED;DIRECT_RECORD_DISABLED;SEARCH_RANK_DEMOTED,D114-648000000-0001,,false,true,
10109,D714-648000000-0001,오징어채무침,생채·무침류,해당없음,해당없음,해당없음,100ml,118,100,ml,118,MASS_ALTERNATIVE_AVAILABLE,SOLID_WITH_VOLUME_BASIS;MASS_ALTERNATIVE_FOUND;SOURCE_UNIT_PRESERVED;DIRECT_RECORD_DISABLED;SEARCH_RANK_DEMOTED,D114-648000000-0001,,false,true,
10110,D407-372000000-0001,오징어찜,찜류,해당없음,해당없음,해당없음,100ml,56,100,ml,56,VOLUME_ONLY_UNRESOLVED,SOLID_WITH_VOLUME_BASIS;VOLUME_ONLY_NO_SAFE_ALTERNATIVE;SOURCE_UNIT_PRESERVED;DIRECT_RECORD_DISABLED;SEARCH_RANK_DEMOTED,,,false,true,
10115,D511-529000000-0001,오징어조림,조림류,해당없음,해당없음,해당없음,100ml,66,100,ml,66,MASS_ALTERNATIVE_AVAILABLE,SOLID_WITH_VOLUME_BASIS;MASS_ALTERNATIVE_FOUND;SOURCE_UNIT_PRESERVED;DIRECT_RECORD_DISABLED;SEARCH_RANK_DEMOTED,D111-529000000-0001,,false,true,
10116,D711-529000000-0001,오징어조림,조림류,해당없음,해당없음,해당없음,100ml,61,100,ml,61,MASS_ALTERNATIVE_AVAILABLE,SOLID_WITH_VOLUME_BASIS;MASS_ALTERNATIVE_FOUND;SOURCE_UNIT_PRESERVED;DIRECT_RECORD_DISABLED;SEARCH_RANK_DEMOTED,D111-529000000-0001,,false,true,
10118,D411-529000000-0001,오징어조림,조림류,해당없음,해당없음,해당없음,100ml,61,100,ml,61,MASS_ALTERNATIVE_AVAILABLE,SOLID_WITH_VOLUME_BASIS;MASS_ALTERNATIVE_FOUND;SOURCE_UNIT_PRESERVED;DIRECT_RECORD_DISABLED;SEARCH_RANK_DEMOTED,D111-529000000-0001,,false,true,
10121,D407-340000000-0001,오징어순대,찜류,해당없음,해당없음,해당없음,100ml,43,100,ml,43,MASS_ALTERNATIVE_AVAILABLE,SOLID_WITH_VOLUME_BASIS;MASS_ALTERNATIVE_FOUND;SOURCE_UNIT_PRESERVED;DIRECT_RECORD_DISABLED;SEARCH_RANK_DEMOTED,D307-340000000-0001,,false,true,
10123,D408-432000000-0001,오징어불고기,구이류,해당없음,해당없음,해당없음,100ml,123,100,ml,123,VOLUME_ONLY_UNRESOLVED,SOLID_WITH_VOLUME_BASIS;VOLUME_ONLY_NO_SAFE_ALTERNATIVE;SOURCE_UNIT_PRESERVED;DIRECT_RECORD_DISABLED;SEARCH_RANK_DEMOTED,,,false,true,
10124,D708-432000000-0001,오징어불고기,구이류,해당없음,해당없음,해당없음,100ml,123,100,ml,123,VOLUME_ONLY_UNRESOLVED,SOLID_WITH_VOLUME_BASIS;VOLUME_ONLY_NO_SAFE_ALTERNATIVE;SOURCE_UNIT_PRESERVED;DIRECT_RECORD_DISABLED;SEARCH_RANK_DEMOTED,,,false,true,
10125,D508-432000000-0001,오징어불고기,구이류,해당없음,해당없음,해당없음,100ml,123,100,ml,123,VOLUME_ONLY_UNRESOLVED,SOLID_WITH_VOLUME_BASIS;VOLUME_ONLY_NO_SAFE_ALTERNATIVE;SOURCE_UNIT_PRESERVED;DIRECT_RECORD_DISABLED;SEARCH_RANK_DEMOTED,,,false,true,
10126,D710-488320000-0001,오징어볶음_채소,볶음류,채소,해당없음,해당없음,100ml,82,100,ml,82,VOLUME_ONLY_UNRESOLVED,SOLID_WITH_VOLUME_BASIS;VOLUME_ONLY_NO_SAFE_ALTERNATIVE;SOURCE_UNIT_PRESERVED;DIRECT_RECORD_DISABLED;SEARCH_RANK_DEMOTED,,,false,true,
10127,D510-488320000-0001,오징어볶음_채소,볶음류,채소,해당없음,해당없음,100ml,81,100,ml,81,VOLUME_ONLY_UNRESOLVED,SOLID_WITH_VOLUME_BASIS;VOLUME_ONLY_NO_SAFE_ALTERNATIVE;SOURCE_UNIT_PRESERVED;DIRECT_RECORD_DISABLED;SEARCH_RANK_DEMOTED,,,false,true,
10128,D410-488320000-0001,오징어볶음_채소,볶음류,채소,해당없음,해당없음,100ml,88,100,ml,88,VOLUME_ONLY_UNRESOLVED,SOLID_WITH_VOLUME_BASIS;VOLUME_ONLY_NO_SAFE_ALTERNATIVE;SOURCE_UNIT_PRESERVED;DIRECT_RECORD_DISABLED;SEARCH_RANK_DEMOTED,,,false,true,
10129,D610-488320000-0001,오징어볶음_채소,볶음류,채소,해당없음,해당없음,100ml,77,100,ml,77,VOLUME_ONLY_UNRESOLVED,SOLID_WITH_VOLUME_BASIS;VOLUME_ONLY_NO_SAFE_ALTERNATIVE;SOURCE_UNIT_PRESERVED;DIRECT_RECORD_DISABLED;SEARCH_RANK_DEMOTED,,,false,true,
10130,D710-488000000-0001,오징어볶음,볶음류,해당없음,해당없음,해당없음,100ml,82,100,ml,82,MASS_ALTERNATIVE_AVAILABLE,SOLID_WITH_VOLUME_BASIS;MASS_ALTERNATIVE_FOUND;SOURCE_UNIT_PRESERVED;DIRECT_RECORD_DISABLED;SEARCH_RANK_DEMOTED,D110-488000000-0001;D310-488000000-0001,,false,true,
10132,D510-488000000-0001,오징어볶음,볶음류,해당없음,해당없음,해당없음,100ml,81,100,ml,81,MASS_ALTERNATIVE_AVAILABLE,SOLID_WITH_VOLUME_BASIS;MASS_ALTERNATIVE_FOUND;SOURCE_UNIT_PRESERVED;DIRECT_RECORD_DISABLED;SEARCH_RANK_DEMOTED,D110-488000000-0001;D310-488000000-0001,,false,true,
10134,D410-488000000-0001,오징어볶음,볶음류,해당없음,해당없음,해당없음,100ml,88,100,ml,88,MASS_ALTERNATIVE_AVAILABLE,SOLID_WITH_VOLUME_BASIS;MASS_ALTERNATIVE_FOUND;SOURCE_UNIT_PRESERVED;DIRECT_RECORD_DISABLED;SEARCH_RANK_DEMOTED,D110-488000000-0001;D310-488000000-0001,,false,true,
10135,D610-488000000-0001,오징어볶음,볶음류,해당없음,해당없음,해당없음,100ml,77,100,ml,77,MASS_ALTERNATIVE_AVAILABLE,SOLID_WITH_VOLUME_BASIS;MASS_ALTERNATIVE_FOUND;SOURCE_UNIT_PRESERVED;DIRECT_RECORD_DISABLED;SEARCH_RANK_DEMOTED,D110-488000000-0001;D310-488000000-0001,,false,true,
10136,D514-711000000-0001,오징어미역초무침,생채·무침류,해당없음,해당없음,해당없음,100ml,87,100,ml,87,VOLUME_ONLY_UNRESOLVED,SOLID_WITH_VOLUME_BASIS;VOLUME_ONLY_NO_SAFE_ALTERNATIVE;SOURCE_UNIT_PRESERVED;DIRECT_RECORD_DISABLED;SEARCH_RANK_DEMOTED,,,false,true,
10137,D714-647320000-0001,오징어무침_채소,생채·무침류,채소,해당없음,해당없음,100ml,51,100,ml,51,MASS_ALTERNATIVE_AVAILABLE,SOLID_WITH_VOLUME_BASIS;MASS_ALTERNATIVE_FOUND;SOURCE_UNIT_PRESERVED;DIRECT_RECORD_DISABLED;SEARCH_RANK_DEMOTED,D114-647320000-0001,,false,true,
10138,D614-647320000-0001,오징어무침_채소,생채·무침류,채소,해당없음,해당없음,100ml,48,100,ml,48,MASS_ALTERNATIVE_AVAILABLE,SOLID_WITH_VOLUME_BASIS;MASS_ALTERNATIVE_FOUND;SOURCE_UNIT_PRESERVED;DIRECT_RECORD_DISABLED;SEARCH_RANK_DEMOTED,D114-647320000-0001,,false,true,
10140,D414-647320000-0001,오징어무침_채소,생채·무침류,채소,해당없음,해당없음,100ml,59,100,ml,59,MASS_ALTERNATIVE_AVAILABLE,SOLID_WITH_VOLUME_BASIS;MASS_ALTERNATIVE_FOUND;SOURCE_UNIT_PRESERVED;DIRECT_RECORD_DISABLED;SEARCH_RANK_DEMOTED,D114-647320000-0001,,false,true,
10141,D514-647320000-0001,오징어무침_채소,생채·무침류,채소,해당없음,해당없음,100ml,63,100,ml,63,MASS_ALTERNATIVE_AVAILABLE,SOLID_WITH_VOLUME_BASIS;MASS_ALTERNATIVE_FOUND;SOURCE_UNIT_PRESERVED;DIRECT_RECORD_DISABLED;SEARCH_RANK_DEMOTED,D114-647320000-0001,,false,true,
10142,D614-647480000-0001,오징어무침_미나리,생채·무침류,미나리,해당없음,해당없음,100ml,107,100,ml,107,VOLUME_ONLY_UNRESOLVED,SOLID_WITH_VOLUME_BASIS;VOLUME_ONLY_NO_SAFE_ALTERNATIVE;SOURCE_UNIT_PRESERVED;DIRECT_RECORD_DISABLED;SEARCH_RANK_DEMOTED,,,false,true,
10143,D514-647480000-0001,오징어무침_미나리,생채·무침류,미나리,해당없음,해당없음,100ml,107,100,ml,107,VOLUME_ONLY_UNRESOLVED,SOLID_WITH_VOLUME_BASIS;VOLUME_ONLY_NO_SAFE_ALTERNATIVE;SOURCE_UNIT_PRESERVED;DIRECT_RECORD_DISABLED;SEARCH_RANK_DEMOTED,,,false,true,
10144,D714-647000000-0001,오징어무침,생채·무침류,해당없음,해당없음,해당없음,100ml,96,100,ml,96,VOLUME_ONLY_UNRESOLVED,SOLID_WITH_VOLUME_BASIS;VOLUME_ONLY_NO_SAFE_ALTERNATIVE;SOURCE_UNIT_PRESERVED;DIRECT_RECORD_DISABLED;SEARCH_RANK_DEMOTED,,,false,true,
10145,D614-647000000-0001,오징어무침,생채·무침류,해당없음,해당없음,해당없음,100ml,82,100,ml,82,VOLUME_ONLY_UNRESOLVED,SOLID_WITH_VOLUME_BASIS;VOLUME_ONLY_NO_SAFE_ALTERNATIVE;SOURCE_UNIT_PRESERVED;DIRECT_RECORD_DISABLED;SEARCH_RANK_DEMOTED,,,false,true,
10146,D514-647000000-0001,오징어무침,생채·무침류,해당없음,해당없음,해당없음,100ml,83,100,ml,83,VOLUME_ONLY_UNRESOLVED,SOLID_WITH_VOLUME_BASIS;VOLUME_ONLY_NO_SAFE_ALTERNATIVE;SOURCE_UNIT_PRESERVED;DIRECT_RECORD_DISABLED;SEARCH_RANK_DEMOTED,,,false,true,
10152,D501-075480000-0001,오징어 덮밥_채소,밥류,채소,해당없음,해당없음,100ml,93,100,ml,93,VOLUME_ONLY_UNRESOLVED,SOLID_WITH_VOLUME_BASIS;VOLUME_ONLY_NO_SAFE_ALTERNATIVE;SOURCE_UNIT_PRESERVED;DIRECT_RECORD_DISABLED;SEARCH_RANK_DEMOTED,,,false,true,
10153,D401-075480000-0001,오징어 덮밥_채소,밥류,채소,해당없음,해당없음,100ml,91,100,ml,91,VOLUME_ONLY_UNRESOLVED,SOLID_WITH_VOLUME_BASIS;VOLUME_ONLY_NO_SAFE_ALTERNATIVE;SOURCE_UNIT_PRESERVED;DIRECT_RECORD_DISABLED;SEARCH_RANK_DEMOTED,,,false,true,
10154,D701-075480000-0001,오징어 덮밥_채소,밥류,채소,해당없음,해당없음,100ml,91,100,ml,91,VOLUME_ONLY_UNRESOLVED,SOLID_WITH_VOLUME_BASIS;VOLUME_ONLY_NO_SAFE_ALTERNATIVE;SOURCE_UNIT_PRESERVED;DIRECT_RECORD_DISABLED;SEARCH_RANK_DEMOTED,,,false,true,
10155,D501-075000000-0001,오징어 덮밥,밥류,해당없음,해당없음,해당없음,100ml,94,100,ml,94,VOLUME_ONLY_UNRESOLVED,SOLID_WITH_VOLUME_BASIS;VOLUME_ONLY_NO_SAFE_ALTERNATIVE;SOURCE_UNIT_PRESERVED;DIRECT_RECORD_DISABLED;SEARCH_RANK_DEMOTED,,,false,true,
10156,D701-075000000-0001,오징어 덮밥,밥류,해당없음,해당없음,해당없음,100ml,65,100,ml,65,VOLUME_ONLY_UNRESOLVED,SOLID_WITH_VOLUME_BASIS;VOLUME_ONLY_NO_SAFE_ALTERNATIVE;SOURCE_UNIT_PRESERVED;DIRECT_RECORD_DISABLED;SEARCH_RANK_DEMOTED,,,false,true,
10157,D414-646400000-0001,오이지무침_고추,생채·무침류,고추,해당없음,해당없음,100ml,28,100,ml,28,VOLUME_ONLY_UNRESOLVED,SOLID_WITH_VOLUME_BASIS;VOLUME_ONLY_NO_SAFE_ALTERNATIVE;SOURCE_UNIT_PRESERVED;DIRECT_RECORD_DISABLED;SEARCH_RANK_DEMOTED,,,false,true,
10158,D514-646000000-0001,오이지무침,생채·무침류,해당없음,해당없음,해당없음,100ml,23,100,ml,23,MASS_ALTERNATIVE_AVAILABLE,SOLID_WITH_VOLUME_BASIS;MASS_ALTERNATIVE_FOUND;SOURCE_UNIT_PRESERVED;DIRECT_RECORD_DISABLED;SEARCH_RANK_DEMOTED,D114-646000000-0001,,false,true,
10159,D714-646000000-0001,오이지무침,생채·무침류,해당없음,해당없음,해당없음,100ml,28,100,ml,28,MASS_ALTERNATIVE_AVAILABLE,SOLID_WITH_VOLUME_BASIS;MASS_ALTERNATIVE_FOUND;SOURCE_UNIT_PRESERVED;DIRECT_RECORD_DISABLED;SEARCH_RANK_DEMOTED,D114-646000000-0001,,false,true,
10160,D414-646000000-0001,오이지무침,생채·무침류,해당없음,해당없음,해당없음,100ml,189,100,ml,189,MASS_ALTERNATIVE_AVAILABLE,SOLID_WITH_VOLUME_BASIS;MASS_ALTERNATIVE_FOUND;SOURCE_UNIT_PRESERVED;DIRECT_RECORD_DISABLED;SEARCH_RANK_DEMOTED,D114-646000000-0001,,false,true,
10161,D614-646000000-0001,오이지무침,생채·무침류,해당없음,해당없음,해당없음,100ml,45,100,ml,45,MASS_ALTERNATIVE_AVAILABLE,SOLID_WITH_VOLUME_BASIS;MASS_ALTERNATIVE_FOUND;SOURCE_UNIT_PRESERVED;DIRECT_RECORD_DISABLED;SEARCH_RANK_DEMOTED,D114-646000000-0001,,false,true,
10166,D417-703000000-0001,오이장아찌,장아찌·절임류,해당없음,해당없음,해당없음,100ml,71,100,ml,71,MASS_ALTERNATIVE_AVAILABLE,SOLID_WITH_VOLUME_BASIS;MASS_ALTERNATIVE_FOUND;SOURCE_UNIT_PRESERVED;DIRECT_RECORD_DISABLED;SEARCH_RANK_DEMOTED,D117-703000000-0001,,false,true,
10167,D717-703000000-0001,오이장아찌,장아찌·절임류,해당없음,해당없음,해당없음,100ml,71,100,ml,71,MASS_ALTERNATIVE_AVAILABLE,SOLID_WITH_VOLUME_BASIS;MASS_ALTERNATIVE_FOUND;SOURCE_UNIT_PRESERVED;DIRECT_RECORD_DISABLED;SEARCH_RANK_DEMOTED,D117-703000000-0001,,false,true,
10168,D715-679000000-0001,오이소박이,김치류,해당없음,해당없음,해당없음,100ml,39,100,ml,39,MASS_ALTERNATIVE_AVAILABLE,SOLID_WITH_VOLUME_BASIS;MASS_ALTERNATIVE_FOUND;SOURCE_UNIT_PRESERVED;DIRECT_RECORD_DISABLED;SEARCH_RANK_DEMOTED,D315-679000000-0001;D315-679000000-0002,,false,true,
10172,D614-645262700-0001,오이생채_오이_부추,생채·무침류,오이,부추,해당없음,100ml,48,100,ml,48,VOLUME_ONLY_UNRESOLVED,SOLID_WITH_VOLUME_BASIS;VOLUME_ONLY_NO_SAFE_ALTERNATIVE;SOURCE_UNIT_PRESERVED;DIRECT_RECORD_DISABLED;SEARCH_RANK_DEMOTED,,,false,true,
10173,D514-645262700-0001,오이생채_오이_부추,생채·무침류,오이,부추,해당없음,100ml,23,100,ml,23,VOLUME_ONLY_UNRESOLVED,SOLID_WITH_VOLUME_BASIS;VOLUME_ONLY_NO_SAFE_ALTERNATIVE;SOURCE_UNIT_PRESERVED;DIRECT_RECORD_DISABLED;SEARCH_RANK_DEMOTED,,,false,true,
10174,D714-645262700-0001,오이생채_오이_부추,생채·무침류,오이,부추,해당없음,100ml,36,100,ml,36,VOLUME_ONLY_UNRESOLVED,SOLID_WITH_VOLUME_BASIS;VOLUME_ONLY_NO_SAFE_ALTERNATIVE;SOURCE_UNIT_PRESERVED;DIRECT_RECORD_DISABLED;SEARCH_RANK_DEMOTED,,,false,true,
10175,D614-645261200-0001,오이생채_오이_달래,생채·무침류,오이,달래,해당없음,100ml,28,100,ml,28,VOLUME_ONLY_UNRESOLVED,SOLID_WITH_VOLUME_BASIS;VOLUME_ONLY_NO_SAFE_ALTERNATIVE;SOURCE_UNIT_PRESERVED;DIRECT_RECORD_DISABLED;SEARCH_RANK_DEMOTED,,,false,true,
10176,D514-645261200-0001,오이생채_오이_달래,생채·무침류,오이,달래,해당없음,100ml,36,100,ml,36,VOLUME_ONLY_UNRESOLVED,SOLID_WITH_VOLUME_BASIS;VOLUME_ONLY_NO_SAFE_ALTERNATIVE;SOURCE_UNIT_PRESERVED;DIRECT_RECORD_DISABLED;SEARCH_RANK_DEMOTED,,,false,true,
10177,D714-645260000-0001,오이생채_오이,생채·무침류,오이,해당없음,해당없음,100ml,30,100,ml,30,VOLUME_ONLY_UNRESOLVED,SOLID_WITH_VOLUME_BASIS;VOLUME_ONLY_NO_SAFE_ALTERNATIVE;SOURCE_UNIT_PRESERVED;DIRECT_RECORD_DISABLED;SEARCH_RANK_DEMOTED,,,false,true,
10178,D514-645260000-0001,오이생채_오이,생채·무침류,오이,해당없음,해당없음,100ml,26,100,ml,26,VOLUME_ONLY_UNRESOLVED,SOLID_WITH_VOLUME_BASIS;VOLUME_ONLY_NO_SAFE_ALTERNATIVE;SOURCE_UNIT_PRESERVED;DIRECT_RECORD_DISABLED;SEARCH_RANK_DEMOTED,,,false,true,
10179,D614-645260000-0001,오이생채_오이,생채·무침류,오이,해당없음,해당없음,100ml,32,100,ml,32,VOLUME_ONLY_UNRESOLVED,SOLID_WITH_VOLUME_BASIS;VOLUME_ONLY_NO_SAFE_ALTERNATIVE;SOURCE_UNIT_PRESERVED;DIRECT_RECORD_DISABLED;SEARCH_RANK_DEMOTED,,,false,true,
10180,D414-645240000-0001,오이생채_양파,생채·무침류,양파,해당없음,해당없음,100ml,24,100,ml,24,VOLUME_ONLY_UNRESOLVED,SOLID_WITH_VOLUME_BASIS;VOLUME_ONLY_NO_SAFE_ALTERNATIVE;SOURCE_UNIT_PRESERVED;DIRECT_RECORD_DISABLED;SEARCH_RANK_DEMOTED,,,false,true,
10181,D714-645240000-0001,오이생채_양파,생채·무침류,양파,해당없음,해당없음,100ml,30,100,ml,30,VOLUME_ONLY_UNRESOLVED,SOLID_WITH_VOLUME_BASIS;VOLUME_ONLY_NO_SAFE_ALTERNATIVE;SOURCE_UNIT_PRESERVED;DIRECT_RECORD_DISABLED;SEARCH_RANK_DEMOTED,,,false,true,
10182,D714-645140000-0001,오이생채_부추,생채·무침류,부추,해당없음,해당없음,100ml,37,100,ml,37,VOLUME_ONLY_UNRESOLVED,SOLID_WITH_VOLUME_BASIS;VOLUME_ONLY_NO_SAFE_ALTERNATIVE;SOURCE_UNIT_PRESERVED;DIRECT_RECORD_DISABLED;SEARCH_RANK_DEMOTED,,,false,true,
10183,D414-645140000-0001,오이생채_부추,생채·무침류,부추,해당없음,해당없음,100ml,17,100,ml,17,VOLUME_ONLY_UNRESOLVED,SOLID_WITH_VOLUME_BASIS;VOLUME_ONLY_NO_SAFE_ALTERNATIVE;SOURCE_UNIT_PRESERVED;DIRECT_RECORD_DISABLED;SEARCH_RANK_DEMOTED,,,false,true,
10184,D614-645140000-0001,오이생채_부추,생채·무침류,부추,해당없음,해당없음,100ml,48,100,ml,48,VOLUME_ONLY_UNRESOLVED,SOLID_WITH_VOLUME_BASIS;VOLUME_ONLY_NO_SAFE_ALTERNATIVE;SOURCE_UNIT_PRESERVED;DIRECT_RECORD_DISABLED;SEARCH_RANK_DEMOTED,,,false,true,
10185,D514-645140000-0001,오이생채_부추,생채·무침류,부추,해당없음,해당없음,100ml,24,100,ml,24,VOLUME_ONLY_UNRESOLVED,SOLID_WITH_VOLUME_BASIS;VOLUME_ONLY_NO_SAFE_ALTERNATIVE;SOURCE_UNIT_PRESERVED;DIRECT_RECORD_DISABLED;SEARCH_RANK_DEMOTED,,,false,true,
10186,D714-645410000-0001,오이생채_고추장,생채·무침류,고추장,해당없음,해당없음,100ml,23,100,ml,23,VOLUME_ONLY_UNRESOLVED,SOLID_WITH_VOLUME_BASIS;VOLUME_ONLY_NO_SAFE_ALTERNATIVE;SOURCE_UNIT_PRESERVED;DIRECT_RECORD_DISABLED;SEARCH_RANK_DEMOTED,,,false,true,
10187,D514-645410000-0001,오이생채_고추장,생채·무침류,고추장,해당없음,해당없음,100ml,31,100,ml,31,VOLUME_ONLY_UNRESOLVED,SOLID_WITH_VOLUME_BASIS;VOLUME_ONLY_NO_SAFE_ALTERNATIVE;SOURCE_UNIT_PRESERVED;DIRECT_RECORD_DISABLED;SEARCH_RANK_DEMOTED,,,false,true,
10188,D414-645410000-0001,오이생채_고추장,생채·무침류,고추장,해당없음,해당없음,100ml,23,100,ml,23,VOLUME_ONLY_UNRESOLVED,SOLID_WITH_VOLUME_BASIS;VOLUME_ONLY_NO_SAFE_ALTERNATIVE;SOURCE_UNIT_PRESERVED;DIRECT_RECORD_DISABLED;SEARCH_RANK_DEMOTED,,,false,true,
10191,D414-710000000-0001,오이부추무침,생채·무침류,해당없음,해당없음,해당없음,100ml,26,100,ml,26,VOLUME_ONLY_UNRESOLVED,SOLID_WITH_VOLUME_BASIS;VOLUME_ONLY_NO_SAFE_ALTERNATIVE;SOURCE_UNIT_PRESERVED;DIRECT_RECORD_DISABLED;SEARCH_RANK_DEMOTED,,,false,true,
10192,D514-644240000-0001,오이무침_양파,생채·무침류,양파,해당없음,해당없음,100ml,26,100,ml,26,VOLUME_ONLY_UNRESOLVED,SOLID_WITH_VOLUME_BASIS;VOLUME_ONLY_NO_SAFE_ALTERNATIVE;SOURCE_UNIT_PRESERVED;DIRECT_RECORD_DISABLED;SEARCH_RANK_DEMOTED,,,false,true,
10193,D614-644240000-0001,오이무침_양파,생채·무침류,양파,해당없음,해당없음,100ml,33,100,ml,33,VOLUME_ONLY_UNRESOLVED,SOLID_WITH_VOLUME_BASIS;VOLUME_ONLY_NO_SAFE_ALTERNATIVE;SOURCE_UNIT_PRESERVED;DIRECT_RECORD_DISABLED;SEARCH_RANK_DEMOTED,,,false,true,
10195,D614-644430000-0001,오이무침_달래,생채·무침류,달래,해당없음,해당없음,100ml,28,100,ml,28,VOLUME_ONLY_UNRESOLVED,SOLID_WITH_VOLUME_BASIS;VOLUME_ONLY_NO_SAFE_ALTERNATIVE;SOURCE_UNIT_PRESERVED;DIRECT_RECORD_DISABLED;SEARCH_RANK_DEMOTED,,,false,true,
10196,D514-644430000-0001,오이무침_달래,생채·무침류,달래,해당없음,해당없음,100ml,36,100,ml,36,VOLUME_ONLY_UNRESOLVED,SOLID_WITH_VOLUME_BASIS;VOLUME_ONLY_NO_SAFE_ALTERNATIVE;SOURCE_UNIT_PRESERVED;DIRECT_RECORD_DISABLED;SEARCH_RANK_DEMOTED,,,false,true,
10197,D414-644000000-0001,오이무침,생채·무침류,해당없음,해당없음,해당없음,100ml,35,100,ml,35,VOLUME_ONLY_UNRESOLVED,SOLID_WITH_VOLUME_BASIS;VOLUME_ONLY_NO_SAFE_ALTERNATIVE;SOURCE_UNIT_PRESERVED;DIRECT_RECORD_DISABLED;SEARCH_RANK_DEMOTED,,,false,true,
10198,D514-644000000-0001,오이무침,생채·무침류,해당없음,해당없음,해당없음,100ml,60,100,ml,60,VOLUME_ONLY_UNRESOLVED,SOLID_WITH_VOLUME_BASIS;VOLUME_ONLY_NO_SAFE_ALTERNATIVE;SOURCE_UNIT_PRESERVED;DIRECT_RECORD_DISABLED;SEARCH_RANK_DEMOTED,,,false,true,
10199,D714-644000000-0001,오이무침,생채·무침류,해당없음,해당없음,해당없음,100ml,35,100,ml,35,VOLUME_ONLY_UNRESOLVED,SOLID_WITH_VOLUME_BASIS;VOLUME_ONLY_NO_SAFE_ALTERNATIVE;SOURCE_UNIT_PRESERVED;DIRECT_RECORD_DISABLED;SEARCH_RANK_DEMOTED,,,false,true,
10200,D614-709000000-0001,오이모듬무침,생채·무침류,해당없음,해당없음,해당없음,100ml,34,100,ml,34,VOLUME_ONLY_UNRESOLVED,SOLID_WITH_VOLUME_BASIS;VOLUME_ONLY_NO_SAFE_ALTERNATIVE;SOURCE_UNIT_PRESERVED;DIRECT_RECORD_DISABLED;SEARCH_RANK_DEMOTED,,,false,true,
10206,D413-621000000-0001,오이나물,나물·숙채류,해당없음,해당없음,해당없음,100ml,73,100,ml,73,VOLUME_ONLY_UNRESOLVED,SOLID_WITH_VOLUME_BASIS;VOLUME_ONLY_NO_SAFE_ALTERNATIVE;SOURCE_UNIT_PRESERVED;DIRECT_RECORD_DISABLED;SEARCH_RANK_DEMOTED,,,false,true,
10207,D713-621000000-0001,오이나물,나물·숙채류,해당없음,해당없음,해당없음,100ml,73,100,ml,73,VOLUME_ONLY_UNRESOLVED,SOLID_WITH_VOLUME_BASIS;VOLUME_ONLY_NO_SAFE_ALTERNATIVE;SOURCE_UNIT_PRESERVED;DIRECT_RECORD_DISABLED;SEARCH_RANK_DEMOTED,,,false,true,
10208,D513-621000000-0001,오이나물,나물·숙채류,해당없음,해당없음,해당없음,100ml,73,100,ml,73,VOLUME_ONLY_UNRESOLVED,SOLID_WITH_VOLUME_BASIS;VOLUME_ONLY_NO_SAFE_ALTERNATIVE;SOURCE_UNIT_PRESERVED;DIRECT_RECORD_DISABLED;SEARCH_RANK_DEMOTED,,,false,true,
10209,D615-678000000-0001,오이김치,김치류,해당없음,해당없음,해당없음,100ml,39,100,ml,39,MASS_ALTERNATIVE_AVAILABLE,SOLID_WITH_VOLUME_BASIS;MASS_ALTERNATIVE_FOUND;SOURCE_UNIT_PRESERVED;DIRECT_RECORD_DISABLED;SEARCH_RANK_DEMOTED,D115-678000000-0001,,false,true,
10210,D415-678000000-0001,오이김치,김치류,해당없음,해당없음,해당없음,100ml,39,100,ml,39,MASS_ALTERNATIVE_AVAILABLE,SOLID_WITH_VOLUME_BASIS;MASS_ALTERNATIVE_FOUND;SOURCE_UNIT_PRESERVED;DIRECT_RECORD_DISABLED;SEARCH_RANK_DEMOTED,D115-678000000-0001,,false,true,
10211,D515-678000000-0001,오이김치,김치류,해당없음,해당없음,해당없음,100ml,39,100,ml,39,MASS_ALTERNATIVE_AVAILABLE,SOLID_WITH_VOLUME_BASIS;MASS_ALTERNATIVE_FOUND;SOURCE_UNIT_PRESERVED;DIRECT_RECORD_DISABLED;SEARCH_RANK_DEMOTED,D115-678000000-0001,,false,true,
10212,D715-678000000-0001,오이김치,김치류,해당없음,해당없음,해당없음,100ml,39,100,ml,39,MASS_ALTERNATIVE_AVAILABLE,SOLID_WITH_VOLUME_BASIS;MASS_ALTERNATIVE_FOUND;SOURCE_UNIT_PRESERVED;DIRECT_RECORD_DISABLED;SEARCH_RANK_DEMOTED,D115-678000000-0001,,false,true,
10214,D714-708000000-0001,오이고추 된장무침,생채·무침류,해당없음,해당없음,해당없음,100ml,32,100,ml,32,VOLUME_ONLY_UNRESOLVED,SOLID_WITH_VOLUME_BASIS;VOLUME_ONLY_NO_SAFE_ALTERNATIVE;SOURCE_UNIT_PRESERVED;DIRECT_RECORD_DISABLED;SEARCH_RANK_DEMOTED,,,false,true,
10215,D514-708000000-0001,오이고추 된장무침,생채·무침류,해당없음,해당없음,해당없음,100ml,32,100,ml,32,VOLUME_ONLY_UNRESOLVED,SOLID_WITH_VOLUME_BASIS;VOLUME_ONLY_NO_SAFE_ALTERNATIVE;SOURCE_UNIT_PRESERVED;DIRECT_RECORD_DISABLED;SEARCH_RANK_DEMOTED,,,false,true,
10216,D414-708000000-0001,오이고추 된장무침,생채·무침류,해당없음,해당없음,해당없음,100ml,32,100,ml,32,VOLUME_ONLY_UNRESOLVED,SOLID_WITH_VOLUME_BASIS;VOLUME_ONLY_NO_SAFE_ALTERNATIVE;SOURCE_UNIT_PRESERVED;DIRECT_RECORD_DISABLED;SEARCH_RANK_DEMOTED,,,false,true,
10217,D614-708000000-0001,오이고추 된장무침,생채·무침류,해당없음,해당없음,해당없음,100ml,32,100,ml,32,VOLUME_ONLY_UNRESOLVED,SOLID_WITH_VOLUME_BASIS;VOLUME_ONLY_NO_SAFE_ALTERNATIVE;SOURCE_UNIT_PRESERVED;DIRECT_RECORD_DISABLED;SEARCH_RANK_DEMOTED,,,false,true,
10219,D415-688000000-0001,오이 물김치,김치류,해당없음,해당없음,해당없음,100ml,51,100,ml,51,VOLUME_ONLY_UNRESOLVED,SOLID_WITH_VOLUME_BASIS;VOLUME_ONLY_NO_SAFE_ALTERNATIVE;SOURCE_UNIT_PRESERVED;DIRECT_RECORD_DISABLED;SEARCH_RANK_DEMOTED,,,false,true,
10220,D714-707000000-0001,오이 도라지 생채,생채·무침류,해당없음,해당없음,해당없음,100ml,41,100,ml,41,VOLUME_ONLY_UNRESOLVED,SOLID_WITH_VOLUME_BASIS;VOLUME_ONLY_NO_SAFE_ALTERNATIVE;SOURCE_UNIT_PRESERVED;DIRECT_RECORD_DISABLED;SEARCH_RANK_DEMOTED,,,false,true,
10221,D614-707000000-0001,오이 도라지 생채,생채·무침류,해당없음,해당없음,해당없음,100ml,42,100,ml,42,VOLUME_ONLY_UNRESOLVED,SOLID_WITH_VOLUME_BASIS;VOLUME_ONLY_NO_SAFE_ALTERNATIVE;SOURCE_UNIT_PRESERVED;DIRECT_RECORD_DISABLED;SEARCH_RANK_DEMOTED,,,false,true,
10222,D414-707000000-0001,오이 도라지 생채,생채·무침류,해당없음,해당없음,해당없음,100ml,41,100,ml,41,VOLUME_ONLY_UNRESOLVED,SOLID_WITH_VOLUME_BASIS;VOLUME_ONLY_NO_SAFE_ALTERNATIVE;SOURCE_UNIT_PRESERVED;DIRECT_RECORD_DISABLED;SEARCH_RANK_DEMOTED,,,false,true,
10223,D514-707000000-0001,오이 도라지 생채,생채·무침류,해당없음,해당없음,해당없음,100ml,40,100,ml,40,VOLUME_ONLY_UNRESOLVED,SOLID_WITH_VOLUME_BASIS;VOLUME_ONLY_NO_SAFE_ALTERNATIVE;SOURCE_UNIT_PRESERVED;DIRECT_RECORD_DISABLED;SEARCH_RANK_DEMOTED,,,false,true,
10230,D403-194000000-0001,오븐스파게티,면 및 만두류,해당없음,해당없음,해당없음,100ml,122,100,ml,122,VOLUME_ONLY_UNRESOLVED,SOLID_WITH_VOLUME_BASIS;VOLUME_ONLY_NO_SAFE_ALTERNATIVE;SOURCE_UNIT_PRESERVED;DIRECT_RECORD_DISABLED;SEARCH_RANK_DEMOTED,,,false,true,
10240,D509-457000000-0001,오믈렛,전·적 및 부침류,해당없음,해당없음,해당없음,100ml,171,100,ml,171,VOLUME_ONLY_UNRESOLVED,SOLID_WITH_VOLUME_BASIS;VOLUME_ONLY_NO_SAFE_ALTERNATIVE;SOURCE_UNIT_PRESERVED;DIRECT_RECORD_DISABLED;SEARCH_RANK_DEMOTED,,,false,true,
10241,D609-457000000-0001,오믈렛,전·적 및 부침류,해당없음,해당없음,해당없음,100ml,88,100,ml,88,VOLUME_ONLY_UNRESOLVED,SOLID_WITH_VOLUME_BASIS;VOLUME_ONLY_NO_SAFE_ALTERNATIVE;SOURCE_UNIT_PRESERVED;DIRECT_RECORD_DISABLED;SEARCH_RANK_DEMOTED,,,false,true,
10242,D409-457000000-0001,오믈렛,전·적 및 부침류,해당없음,해당없음,해당없음,100ml,78,100,ml,78,VOLUME_ONLY_UNRESOLVED,SOLID_WITH_VOLUME_BASIS;VOLUME_ONLY_NO_SAFE_ALTERNATIVE;SOURCE_UNIT_PRESERVED;DIRECT_RECORD_DISABLED;SEARCH_RANK_DEMOTED,,,false,true,
10244,D601-028000000-0001,오므라이스,밥류,해당없음,해당없음,해당없음,100ml,106,100,ml,106,MASS_ALTERNATIVE_AVAILABLE,SOLID_WITH_VOLUME_BASIS;MASS_ALTERNATIVE_FOUND;SOURCE_UNIT_PRESERVED;DIRECT_RECORD_DISABLED;SEARCH_RANK_DEMOTED,D101-028000000-0001,,false,true,
10246,D401-028000000-0001,오므라이스,밥류,해당없음,해당없음,해당없음,100ml,117,100,ml,117,MASS_ALTERNATIVE_AVAILABLE,SOLID_WITH_VOLUME_BASIS;MASS_ALTERNATIVE_FOUND;SOURCE_UNIT_PRESERVED;DIRECT_RECORD_DISABLED;SEARCH_RANK_DEMOTED,D101-028000000-0001,,false,true,
10247,D501-028000000-0001,오므라이스,밥류,해당없음,해당없음,해당없음,100ml,106,100,ml,106,MASS_ALTERNATIVE_AVAILABLE,SOLID_WITH_VOLUME_BASIS;MASS_ALTERNATIVE_FOUND;SOURCE_UNIT_PRESERVED;DIRECT_RECORD_DISABLED;SEARCH_RANK_DEMOTED,D101-028000000-0001,,false,true,
10248,D701-028000000-0001,오므라이스,밥류,해당없음,해당없음,해당없음,100ml,107,100,ml,107,MASS_ALTERNATIVE_AVAILABLE,SOLID_WITH_VOLUME_BASIS;MASS_ALTERNATIVE_FOUND;SOURCE_UNIT_PRESERVED;DIRECT_RECORD_DISABLED;SEARCH_RANK_DEMOTED,D101-028000000-0001,,false,true,
10255,D408-392000000-0001,오리불고기,구이류,해당없음,해당없음,해당없음,100ml,130,100,ml,130,MASS_ALTERNATIVE_AVAILABLE,SOLID_WITH_VOLUME_BASIS;MASS_ALTERNATIVE_FOUND;SOURCE_UNIT_PRESERVED;DIRECT_RECORD_DISABLED;SEARCH_RANK_DEMOTED,D108-392000000-0001,,false,true,
10257,D608-392000000-0001,오리불고기,구이류,해당없음,해당없음,해당없음,100ml,81,100,ml,81,MASS_ALTERNATIVE_AVAILABLE,SOLID_WITH_VOLUME_BASIS;MASS_ALTERNATIVE_FOUND;SOURCE_UNIT_PRESERVED;DIRECT_RECORD_DISABLED;SEARCH_RANK_DEMOTED,D108-392000000-0001,,false,true,
10258,D508-392000000-0001,오리불고기,구이류,해당없음,해당없음,해당없음,100ml,75,100,ml,75,MASS_ALTERNATIVE_AVAILABLE,SOLID_WITH_VOLUME_BASIS;MASS_ALTERNATIVE_FOUND;SOURCE_UNIT_PRESERVED;DIRECT_RECORD_DISABLED;SEARCH_RANK_DEMOTED,D108-392000000-0001,,false,true,
10259,D410-487000000-0001,오리볶음,볶음류,해당없음,해당없음,해당없음,100ml,171,100,ml,171,VOLUME_ONLY_UNRESOLVED,SOLID_WITH_VOLUME_BASIS;VOLUME_ONLY_NO_SAFE_ALTERNATIVE;SOURCE_UNIT_PRESERVED;DIRECT_RECORD_DISABLED;SEARCH_RANK_DEMOTED,,,false,true,
10263,D408-391000000-0001,오리고기로스,구이류,해당없음,해당없음,해당없음,100ml,174,100,ml,174,VOLUME_ONLY_UNRESOLVED,SOLID_WITH_VOLUME_BASIS;VOLUME_ONLY_NO_SAFE_ALTERNATIVE;SOURCE_UNIT_PRESERVED;DIRECT_RECORD_DISABLED;SEARCH_RANK_DEMOTED,,,false,true,
10264,D608-391000000-0001,오리고기로스,구이류,해당없음,해당없음,해당없음,100ml,169,100,ml,169,VOLUME_ONLY_UNRESOLVED,SOLID_WITH_VOLUME_BASIS;VOLUME_ONLY_NO_SAFE_ALTERNATIVE;SOURCE_UNIT_PRESERVED;DIRECT_RECORD_DISABLED;SEARCH_RANK_DEMOTED,,,false,true,
10265,D508-391000000-0001,오리고기로스,구이류,해당없음,해당없음,해당없음,100ml,169,100,ml,169,VOLUME_ONLY_UNRESOLVED,SOLID_WITH_VOLUME_BASIS;VOLUME_ONLY_NO_SAFE_ALTERNATIVE;SOURCE_UNIT_PRESERVED;DIRECT_RECORD_DISABLED;SEARCH_RANK_DEMOTED,,,false,true,
10266,D708-391000000-0001,오리고기로스,구이류,해당없음,해당없음,해당없음,100ml,169,100,ml,169,VOLUME_ONLY_UNRESOLVED,SOLID_WITH_VOLUME_BASIS;VOLUME_ONLY_NO_SAFE_ALTERNATIVE;SOURCE_UNIT_PRESERVED;DIRECT_RECORD_DISABLED;SEARCH_RANK_DEMOTED,,,false,true,
10269,D708-431000000-0001,오리 간장불고기,구이류,해당없음,해당없음,해당없음,100ml,98,100,ml,98,VOLUME_ONLY_UNRESOLVED,SOLID_WITH_VOLUME_BASIS;VOLUME_ONLY_NO_SAFE_ALTERNATIVE;SOURCE_UNIT_PRESERVED;DIRECT_RECORD_DISABLED;SEARCH_RANK_DEMOTED,,,false,true,
10270,D701-027000000-0001,오곡밥,밥류,해당없음,해당없음,해당없음,100ml,166,100,ml,166,MASS_ALTERNATIVE_AVAILABLE,SOLID_WITH_VOLUME_BASIS;MASS_ALTERNATIVE_FOUND;SOURCE_UNIT_PRESERVED;DIRECT_RECORD_DISABLED;SEARCH_RANK_DEMOTED,D301-027000000-0001,,false,true,
10271,D401-027000000-0001,오곡밥,밥류,해당없음,해당없음,해당없음,100ml,144,100,ml,144,MASS_ALTERNATIVE_AVAILABLE,SOLID_WITH_VOLUME_BASIS;MASS_ALTERNATIVE_FOUND;SOURCE_UNIT_PRESERVED;DIRECT_RECORD_DISABLED;SEARCH_RANK_DEMOTED,D301-027000000-0001,,false,true,
10272,D501-027000000-0001,오곡밥,밥류,해당없음,해당없음,해당없음,100ml,166,100,ml,166,MASS_ALTERNATIVE_AVAILABLE,SOLID_WITH_VOLUME_BASIS;MASS_ALTERNATIVE_FOUND;SOURCE_UNIT_PRESERVED;DIRECT_RECORD_DISABLED;SEARCH_RANK_DEMOTED,D301-027000000-0001,,false,true,
10275,D401-026000000-0001,영양돌솥밥,밥류,해당없음,해당없음,해당없음,100ml,119,100,ml,119,MASS_ALTERNATIVE_AVAILABLE,SOLID_WITH_VOLUME_BASIS;MASS_ALTERNATIVE_FOUND;SOURCE_UNIT_PRESERVED;DIRECT_RECORD_DISABLED;SEARCH_RANK_DEMOTED,D101-026000000-0001,,false,true,
10277,D601-026000000-0001,영양돌솥밥,밥류,해당없음,해당없음,해당없음,100ml,114,100,ml,114,MASS_ALTERNATIVE_AVAILABLE,SOLID_WITH_VOLUME_BASIS;MASS_ALTERNATIVE_FOUND;SOURCE_UNIT_PRESERVED;DIRECT_RECORD_DISABLED;SEARCH_RANK_DEMOTED,D101-026000000-0001,,false,true,
10278,D501-026000000-0001,영양돌솥밥,밥류,해당없음,해당없음,해당없음,100ml,111,100,ml,111,MASS_ALTERNATIVE_AVAILABLE,SOLID_WITH_VOLUME_BASIS;MASS_ALTERNATIVE_FOUND;SOURCE_UNIT_PRESERVED;DIRECT_RECORD_DISABLED;SEARCH_RANK_DEMOTED,D101-026000000-0001,,false,true,
10279,D701-026000000-0001,영양돌솥밥,밥류,해당없음,해당없음,해당없음,100ml,131,100,ml,131,MASS_ALTERNATIVE_AVAILABLE,SOLID_WITH_VOLUME_BASIS;MASS_ALTERNATIVE_FOUND;SOURCE_UNIT_PRESERVED;DIRECT_RECORD_DISABLED;SEARCH_RANK_DEMOTED,D101-026000000-0001,,false,true,
10283,D613-590050000-0001,열무나물_된장,나물·숙채류,된장,해당없음,해당없음,100ml,50,100,ml,50,MASS_ALTERNATIVE_AVAILABLE,SOLID_WITH_VOLUME_BASIS;MASS_ALTERNATIVE_FOUND;SOURCE_UNIT_PRESERVED;DIRECT_RECORD_DISABLED;SEARCH_RANK_DEMOTED,D113-590050000-0001,,false,true,
10284,D413-590050000-0001,열무나물_된장,나물·숙채류,된장,해당없음,해당없음,100ml,30,100,ml,30,MASS_ALTERNATIVE_AVAILABLE,SOLID_WITH_VOLUME_BASIS;MASS_ALTERNATIVE_FOUND;SOURCE_UNIT_PRESERVED;DIRECT_RECORD_DISABLED;SEARCH_RANK_DEMOTED,D113-590050000-0001,,false,true,
10285,D713-590050000-0001,열무나물_된장,나물·숙채류,된장,해당없음,해당없음,100ml,30,100,ml,30,MASS_ALTERNATIVE_AVAILABLE,SOLID_WITH_VOLUME_BASIS;MASS_ALTERNATIVE_FOUND;SOURCE_UNIT_PRESERVED;DIRECT_RECORD_DISABLED;SEARCH_RANK_DEMOTED,D113-590050000-0001,,false,true,
10286,D513-590050000-0001,열무나물_된장,나물·숙채류,된장,해당없음,해당없음,100ml,36,100,ml,36,MASS_ALTERNATIVE_AVAILABLE,SOLID_WITH_VOLUME_BASIS;MASS_ALTERNATIVE_FOUND;SOURCE_UNIT_PRESERVED;DIRECT_RECORD_DISABLED;SEARCH_RANK_DEMOTED,D113-590050000-0001,,false,true,
10287,D613-590010000-0001,열무나물_간장,나물·숙채류,간장,해당없음,해당없음,100ml,34,100,ml,34,VOLUME_ONLY_UNRESOLVED,SOLID_WITH_VOLUME_BASIS;VOLUME_ONLY_NO_SAFE_ALTERNATIVE;SOURCE_UNIT_PRESERVED;DIRECT_RECORD_DISABLED;SEARCH_RANK_DEMOTED,,,false,true,
10288,D713-590010000-0001,열무나물_간장,나물·숙채류,간장,해당없음,해당없음,100ml,34,100,ml,34,VOLUME_ONLY_UNRESOLVED,SOLID_WITH_VOLUME_BASIS;VOLUME_ONLY_NO_SAFE_ALTERNATIVE;SOURCE_UNIT_PRESERVED;DIRECT_RECORD_DISABLED;SEARCH_RANK_DEMOTED,,,false,true,
10289,D513-590010000-0001,열무나물_간장,나물·숙채류,간장,해당없음,해당없음,100ml,34,100,ml,34,VOLUME_ONLY_UNRESOLVED,SOLID_WITH_VOLUME_BASIS;VOLUME_ONLY_NO_SAFE_ALTERNATIVE;SOURCE_UNIT_PRESERVED;DIRECT_RECORD_DISABLED;SEARCH_RANK_DEMOTED,,,false,true,
10292,D401-074000000-0001,열무 비빔밥,밥류,해당없음,해당없음,해당없음,100ml,84,100,ml,84,VOLUME_ONLY_UNRESOLVED,SOLID_WITH_VOLUME_BASIS;VOLUME_ONLY_NO_SAFE_ALTERNATIVE;SOURCE_UNIT_PRESERVED;DIRECT_RECORD_DISABLED;SEARCH_RANK_DEMOTED,,,false,true,
10293,D701-074000000-0001,열무 비빔밥,밥류,해당없음,해당없음,해당없음,100ml,89,100,ml,89,VOLUME_ONLY_UNRESOLVED,SOLID_WITH_VOLUME_BASIS;VOLUME_ONLY_NO_SAFE_ALTERNATIVE;SOURCE_UNIT_PRESERVED;DIRECT_RECORD_DISABLED;SEARCH_RANK_DEMOTED,,,false,true,
10297,D514-706000000-0001,열무 겉절이,생채·무침류,해당없음,해당없음,해당없음,100ml,25,100,ml,25,VOLUME_ONLY_UNRESOLVED,SOLID_WITH_VOLUME_BASIS;VOLUME_ONLY_NO_SAFE_ALTERNATIVE;SOURCE_UNIT_PRESERVED;DIRECT_RECORD_DISABLED;SEARCH_RANK_DEMOTED,,,false,true,
10300,D512-610000000-0001,연어튀김,튀김류,해당없음,해당없음,해당없음,100ml,149,100,ml,149,VOLUME_ONLY_UNRESOLVED,SOLID_WITH_VOLUME_BASIS;VOLUME_ONLY_NO_SAFE_ALTERNATIVE;SOURCE_UNIT_PRESERVED;DIRECT_RECORD_DISABLED;SEARCH_RANK_DEMOTED,,,false,true,
10302,D608-388000000-0001,연어구이,구이류,해당없음,해당없음,해당없음,100ml,223,100,ml,223,MASS_ALTERNATIVE_AVAILABLE,SOLID_WITH_VOLUME_BASIS;MASS_ALTERNATIVE_FOUND;SOURCE_UNIT_PRESERVED;DIRECT_RECORD_DISABLED;SEARCH_RANK_DEMOTED,D308-388000000-0001,,false,true,
10303,D708-388000000-0001,연어구이,구이류,해당없음,해당없음,해당없음,100ml,138,100,ml,138,MASS_ALTERNATIVE_AVAILABLE,SOLID_WITH_VOLUME_BASIS;MASS_ALTERNATIVE_FOUND;SOURCE_UNIT_PRESERVED;DIRECT_RECORD_DISABLED;SEARCH_RANK_DEMOTED,D308-388000000-0001,,false,true,
10304,D508-388000000-0001,연어구이,구이류,해당없음,해당없음,해당없음,100ml,223,100,ml,223,MASS_ALTERNATIVE_AVAILABLE,SOLID_WITH_VOLUME_BASIS;MASS_ALTERNATIVE_FOUND;SOURCE_UNIT_PRESERVED;DIRECT_RECORD_DISABLED;SEARCH_RANK_DEMOTED,D308-388000000-0001,,false,true,
10305,D408-388000000-0001,연어구이,구이류,해당없음,해당없음,해당없음,100ml,138,100,ml,138,MASS_ALTERNATIVE_AVAILABLE,SOLID_WITH_VOLUME_BASIS;MASS_ALTERNATIVE_FOUND;SOURCE_UNIT_PRESERVED;DIRECT_RECORD_DISABLED;SEARCH_RANK_DEMOTED,D308-388000000-0001,,false,true,
10307,D407-371000000-0001,연두부찜,찜류,해당없음,해당없음,해당없음,100ml,65,100,ml,65,VOLUME_ONLY_UNRESOLVED,SOLID_WITH_VOLUME_BASIS;VOLUME_ONLY_NO_SAFE_ALTERNATIVE;SOURCE_UNIT_PRESERVED;DIRECT_RECORD_DISABLED;SEARCH_RANK_DEMOTED,,,false,true,
10308,D507-371000000-0001,연두부찜,찜류,해당없음,해당없음,해당없음,100ml,65,100,ml,65,VOLUME_ONLY_UNRESOLVED,SOLID_WITH_VOLUME_BASIS;VOLUME_ONLY_NO_SAFE_ALTERNATIVE;SOURCE_UNIT_PRESERVED;DIRECT_RECORD_DISABLED;SEARCH_RANK_DEMOTED,,,false,true,
10309,D707-371000000-0001,연두부찜,찜류,해당없음,해당없음,해당없음,100ml,65,100,ml,65,VOLUME_ONLY_UNRESOLVED,SOLID_WITH_VOLUME_BASIS;VOLUME_ONLY_NO_SAFE_ALTERNATIVE;SOURCE_UNIT_PRESERVED;DIRECT_RECORD_DISABLED;SEARCH_RANK_DEMOTED,,,false,true,
10310,D607-371000000-0001,연두부찜,찜류,해당없음,해당없음,해당없음,100ml,76,100,ml,76,VOLUME_ONLY_UNRESOLVED,SOLID_WITH_VOLUME_BASIS;VOLUME_ONLY_NO_SAFE_ALTERNATIVE;SOURCE_UNIT_PRESERVED;DIRECT_RECORD_DISABLED;SEARCH_RANK_DEMOTED,,,false,true,
10312,D412-609000000-0001,연근튀김,튀김류,해당없음,해당없음,해당없음,100ml,156,100,ml,156,VOLUME_ONLY_UNRESOLVED,SOLID_WITH_VOLUME_BASIS;VOLUME_ONLY_NO_SAFE_ALTERNATIVE;SOURCE_UNIT_PRESERVED;DIRECT_RECORD_DISABLED;SEARCH_RANK_DEMOTED,,,false,true,
10313,D512-609000000-0001,연근튀김,튀김류,해당없음,해당없음,해당없음,100ml,209,100,ml,209,VOLUME_ONLY_UNRESOLVED,SOLID_WITH_VOLUME_BASIS;VOLUME_ONLY_NO_SAFE_ALTERNATIVE;SOURCE_UNIT_PRESERVED;DIRECT_RECORD_DISABLED;SEARCH_RANK_DEMOTED,,,false,true,
10314,D712-609000000-0001,연근튀김,튀김류,해당없음,해당없음,해당없음,100ml,156,100,ml,156,VOLUME_ONLY_UNRESOLVED,SOLID_WITH_VOLUME_BASIS;VOLUME_ONLY_NO_SAFE_ALTERNATIVE;SOURCE_UNIT_PRESERVED;DIRECT_RECORD_DISABLED;SEARCH_RANK_DEMOTED,,,false,true,
10315,D411-528000000-0001,연근조림,조림류,해당없음,해당없음,해당없음,100ml,71,100,ml,71,MASS_ALTERNATIVE_AVAILABLE,SOLID_WITH_VOLUME_BASIS;MASS_ALTERNATIVE_FOUND;SOURCE_UNIT_PRESERVED;DIRECT_RECORD_DISABLED;SEARCH_RANK_DEMOTED,D111-528000000-0001;D311-528000000-0001,,false,true,
10317,D711-528000000-0001,연근조림,조림류,해당없음,해당없음,해당없음,100ml,76,100,ml,76,MASS_ALTERNATIVE_AVAILABLE,SOLID_WITH_VOLUME_BASIS;MASS_ALTERNATIVE_FOUND;SOURCE_UNIT_PRESERVED;DIRECT_RECORD_DISABLED;SEARCH_RANK_DEMOTED,D111-528000000-0001;D311-528000000-0001,,false,true,
10318,D611-528000000-0001,연근조림,조림류,해당없음,해당없음,해당없음,100ml,185,100,ml,185,MASS_ALTERNATIVE_AVAILABLE,SOLID_WITH_VOLUME_BASIS;MASS_ALTERNATIVE_FOUND;SOURCE_UNIT_PRESERVED;DIRECT_RECORD_DISABLED;SEARCH_RANK_DEMOTED,D111-528000000-0001;D311-528000000-0001,,false,true,
10319,D511-528000000-0001,연근조림,조림류,해당없음,해당없음,해당없음,100ml,76,100,ml,76,MASS_ALTERNATIVE_AVAILABLE,SOLID_WITH_VOLUME_BASIS;MASS_ALTERNATIVE_FOUND;SOURCE_UNIT_PRESERVED;DIRECT_RECORD_DISABLED;SEARCH_RANK_DEMOTED,D111-528000000-0001;D311-528000000-0001,,false,true,
10321,D709-456000000-0001,연근전,전·적 및 부침류,해당없음,해당없음,해당없음,100ml,82,100,ml,82,VOLUME_ONLY_UNRESOLVED,SOLID_WITH_VOLUME_BASIS;VOLUME_ONLY_NO_SAFE_ALTERNATIVE;SOURCE_UNIT_PRESERVED;DIRECT_RECORD_DISABLED;SEARCH_RANK_DEMOTED,,,false,true,
10322,D509-456000000-0001,연근전,전·적 및 부침류,해당없음,해당없음,해당없음,100ml,82,100,ml,82,VOLUME_ONLY_UNRESOLVED,SOLID_WITH_VOLUME_BASIS;VOLUME_ONLY_NO_SAFE_ALTERNATIVE;SOURCE_UNIT_PRESERVED;DIRECT_RECORD_DISABLED;SEARCH_RANK_DEMOTED,,,false,true,
10582,D614-643000000-0001,얼갈이겉절이,생채·무침류,해당없음,해당없음,해당없음,100ml,27,100,ml,27,VOLUME_ONLY_UNRESOLVED,SOLID_WITH_VOLUME_BASIS;VOLUME_ONLY_NO_SAFE_ALTERNATIVE;SOURCE_UNIT_PRESERVED;DIRECT_RECORD_DISABLED;SEARCH_RANK_DEMOTED,,,false,true,
10583,D714-643000000-0001,얼갈이겉절이,생채·무침류,해당없음,해당없음,해당없음,100ml,25,100,ml,25,VOLUME_ONLY_UNRESOLVED,SOLID_WITH_VOLUME_BASIS;VOLUME_ONLY_NO_SAFE_ALTERNATIVE;SOURCE_UNIT_PRESERVED;DIRECT_RECORD_DISABLED;SEARCH_RANK_DEMOTED,,,false,true,
10584,D414-643000000-0001,얼갈이겉절이,생채·무침류,해당없음,해당없음,해당없음,100ml,21,100,ml,21,VOLUME_ONLY_UNRESOLVED,SOLID_WITH_VOLUME_BASIS;VOLUME_ONLY_NO_SAFE_ALTERNATIVE;SOURCE_UNIT_PRESERVED;DIRECT_RECORD_DISABLED;SEARCH_RANK_DEMOTED,,,false,true,
10589,D413-620000000-0001,얼갈이 나물,나물·숙채류,해당없음,해당없음,해당없음,100ml,48,100,ml,48,VOLUME_ONLY_UNRESOLVED,SOLID_WITH_VOLUME_BASIS;VOLUME_ONLY_NO_SAFE_ALTERNATIVE;SOURCE_UNIT_PRESERVED;DIRECT_RECORD_DISABLED;SEARCH_RANK_DEMOTED,,,false,true,
10590,D713-620000000-0001,얼갈이 나물,나물·숙채류,해당없음,해당없음,해당없음,100ml,48,100,ml,48,VOLUME_ONLY_UNRESOLVED,SOLID_WITH_VOLUME_BASIS;VOLUME_ONLY_NO_SAFE_ALTERNATIVE;SOURCE_UNIT_PRESERVED;DIRECT_RECORD_DISABLED;SEARCH_RANK_DEMOTED,,,false,true,
10591,D414-643000000-0002,얼갈이 겉절이,생채·무침류,해당없음,해당없음,해당없음,100ml,22,100,ml,22,VOLUME_ONLY_UNRESOLVED,SOLID_WITH_VOLUME_BASIS;VOLUME_ONLY_NO_SAFE_ALTERNATIVE;SOURCE_UNIT_PRESERVED;DIRECT_RECORD_DISABLED;SEARCH_RANK_DEMOTED,,,false,true,
10594,D409-435000000-0001,어육소시지전,전·적 및 부침류,해당없음,해당없음,해당없음,100ml,177,100,ml,177,VOLUME_ONLY_UNRESOLVED,SOLID_WITH_VOLUME_BASIS;VOLUME_ONLY_NO_SAFE_ALTERNATIVE;SOURCE_UNIT_PRESERVED;DIRECT_RECORD_DISABLED;SEARCH_RANK_DEMOTED,,,false,true,
10595,D612-608000000-0001,어묵튀김,튀김류,해당없음,해당없음,해당없음,100ml,179,100,ml,179,VOLUME_ONLY_UNRESOLVED,SOLID_WITH_VOLUME_BASIS;VOLUME_ONLY_NO_SAFE_ALTERNATIVE;SOURCE_UNIT_PRESERVED;DIRECT_RECORD_DISABLED;SEARCH_RANK_DEMOTED,,,false,true,
10596,D712-608000000-0001,어묵튀김,튀김류,해당없음,해당없음,해당없음,100ml,179,100,ml,179,VOLUME_ONLY_UNRESOLVED,SOLID_WITH_VOLUME_BASIS;VOLUME_ONLY_NO_SAFE_ALTERNATIVE;SOURCE_UNIT_PRESERVED;DIRECT_RECORD_DISABLED;SEARCH_RANK_DEMOTED,,,false,true,
10597,D512-608000000-0001,어묵튀김,튀김류,해당없음,해당없음,해당없음,100ml,179,100,ml,179,VOLUME_ONLY_UNRESOLVED,SOLID_WITH_VOLUME_BASIS;VOLUME_ONLY_NO_SAFE_ALTERNATIVE;SOURCE_UNIT_PRESERVED;DIRECT_RECORD_DISABLED;SEARCH_RANK_DEMOTED,,,false,true,
10598,D412-608000000-0001,어묵튀김,튀김류,해당없음,해당없음,해당없음,100ml,180,100,ml,180,VOLUME_ONLY_UNRESOLVED,SOLID_WITH_VOLUME_BASIS;VOLUME_ONLY_NO_SAFE_ALTERNATIVE;SOURCE_UNIT_PRESERVED;DIRECT_RECORD_DISABLED;SEARCH_RANK_DEMOTED,,,false,true,
10607,D411-527160000-0001,어묵조림_풋고추,조림류,풋고추,해당없음,해당없음,100ml,173,100,ml,173,VOLUME_ONLY_UNRESOLVED,SOLID_WITH_VOLUME_BASIS;VOLUME_ONLY_NO_SAFE_ALTERNATIVE;SOURCE_UNIT_PRESERVED;DIRECT_RECORD_DISABLED;SEARCH_RANK_DEMOTED,,,false,true,
10608,D711-527160000-0001,어묵조림_풋고추,조림류,풋고추,해당없음,해당없음,100ml,172,100,ml,172,VOLUME_ONLY_UNRESOLVED,SOLID_WITH_VOLUME_BASIS;VOLUME_ONLY_NO_SAFE_ALTERNATIVE;SOURCE_UNIT_PRESERVED;DIRECT_RECORD_DISABLED;SEARCH_RANK_DEMOTED,,,false,true,
10610,D711-527000000-0001,어묵조림,조림류,해당없음,해당없음,해당없음,100ml,179,100,ml,179,MASS_ALTERNATIVE_AVAILABLE,SOLID_WITH_VOLUME_BASIS;MASS_ALTERNATIVE_FOUND;SOURCE_UNIT_PRESERVED;DIRECT_RECORD_DISABLED;SEARCH_RANK_DEMOTED,D111-527000000-0001,,false,true,
10611,D511-527000000-0001,어묵조림,조림류,해당없음,해당없음,해당없음,100ml,166,100,ml,166,MASS_ALTERNATIVE_AVAILABLE,SOLID_WITH_VOLUME_BASIS;MASS_ALTERNATIVE_FOUND;SOURCE_UNIT_PRESERVED;DIRECT_RECORD_DISABLED;SEARCH_RANK_DEMOTED,D111-527000000-0001,,false,true,
10612,D411-527000000-0001,어묵조림,조림류,해당없음,해당없음,해당없음,100ml,179,100,ml,179,MASS_ALTERNATIVE_AVAILABLE,SOLID_WITH_VOLUME_BASIS;MASS_ALTERNATIVE_FOUND;SOURCE_UNIT_PRESERVED;DIRECT_RECORD_DISABLED;SEARCH_RANK_DEMOTED,D111-527000000-0001,,false,true,
10613,D611-527000000-0001,어묵조림,조림류,해당없음,해당없음,해당없음,100ml,166,100,ml,166,MASS_ALTERNATIVE_AVAILABLE,SOLID_WITH_VOLUME_BASIS;MASS_ALTERNATIVE_FOUND;SOURCE_UNIT_PRESERVED;DIRECT_RECORD_DISABLED;SEARCH_RANK_DEMOTED,D111-527000000-0001,,false,true,
10614,D409-455000000-0001,어묵전,전·적 및 부침류,해당없음,해당없음,해당없음,100ml,334,100,ml,334,VOLUME_ONLY_UNRESOLVED,SOLID_WITH_VOLUME_BASIS;VOLUME_ONLY_NO_SAFE_ALTERNATIVE;SOURCE_UNIT_PRESERVED;DIRECT_RECORD_DISABLED;SEARCH_RANK_DEMOTED,,,false,true,
10615,D509-455000000-0001,어묵전,전·적 및 부침류,해당없음,해당없음,해당없음,100ml,214,100,ml,214,VOLUME_ONLY_UNRESOLVED,SOLID_WITH_VOLUME_BASIS;VOLUME_ONLY_NO_SAFE_ALTERNATIVE;SOURCE_UNIT_PRESERVED;DIRECT_RECORD_DISABLED;SEARCH_RANK_DEMOTED,,,false,true,
10616,D410-527000000-0001,어묵잡채,볶음류,해당없음,해당없음,해당없음,100ml,126,100,ml,126,VOLUME_ONLY_UNRESOLVED,SOLID_WITH_VOLUME_BASIS;VOLUME_ONLY_NO_SAFE_ALTERNATIVE;SOURCE_UNIT_PRESERVED;DIRECT_RECORD_DISABLED;SEARCH_RANK_DEMOTED,,,false,true,
10617,D710-527000000-0001,어묵잡채,볶음류,해당없음,해당없음,해당없음,100ml,126,100,ml,126,VOLUME_ONLY_UNRESOLVED,SOLID_WITH_VOLUME_BASIS;VOLUME_ONLY_NO_SAFE_ALTERNATIVE;SOURCE_UNIT_PRESERVED;DIRECT_RECORD_DISABLED;SEARCH_RANK_DEMOTED,,,false,true,
10618,D610-527000000-0001,어묵잡채,볶음류,해당없음,해당없음,해당없음,100ml,128,100,ml,128,VOLUME_ONLY_UNRESOLVED,SOLID_WITH_VOLUME_BASIS;VOLUME_ONLY_NO_SAFE_ALTERNATIVE;SOURCE_UNIT_PRESERVED;DIRECT_RECORD_DISABLED;SEARCH_RANK_DEMOTED,,,false,true,
10619,D510-527000000-0001,어묵잡채,볶음류,해당없음,해당없음,해당없음,100ml,128,100,ml,128,VOLUME_ONLY_UNRESOLVED,SOLID_WITH_VOLUME_BASIS;VOLUME_ONLY_NO_SAFE_ALTERNATIVE;SOURCE_UNIT_PRESERVED;DIRECT_RECORD_DISABLED;SEARCH_RANK_DEMOTED,,,false,true,
10620,D510-486320000-0001,어묵볶음_채소,볶음류,채소,해당없음,해당없음,100ml,78,100,ml,78,MASS_ALTERNATIVE_AVAILABLE,SOLID_WITH_VOLUME_BASIS;MASS_ALTERNATIVE_FOUND;SOURCE_UNIT_PRESERVED;DIRECT_RECORD_DISABLED;SEARCH_RANK_DEMOTED,D110-486320000-0001,,false,true,
10621,D710-486320000-0001,어묵볶음_채소,볶음류,채소,해당없음,해당없음,100ml,89,100,ml,89,MASS_ALTERNATIVE_AVAILABLE,SOLID_WITH_VOLUME_BASIS;MASS_ALTERNATIVE_FOUND;SOURCE_UNIT_PRESERVED;DIRECT_RECORD_DISABLED;SEARCH_RANK_DEMOTED,D110-486320000-0001,,false,true,
10623,D610-486320000-0001,어묵볶음_채소,볶음류,채소,해당없음,해당없음,100ml,79,100,ml,79,MASS_ALTERNATIVE_AVAILABLE,SOLID_WITH_VOLUME_BASIS;MASS_ALTERNATIVE_FOUND;SOURCE_UNIT_PRESERVED;DIRECT_RECORD_DISABLED;SEARCH_RANK_DEMOTED,D110-486320000-0001,,false,true,
10624,D410-486320000-0001,어묵볶음_채소,볶음류,채소,해당없음,해당없음,100ml,81,100,ml,81,MASS_ALTERNATIVE_AVAILABLE,SOLID_WITH_VOLUME_BASIS;MASS_ALTERNATIVE_FOUND;SOURCE_UNIT_PRESERVED;DIRECT_RECORD_DISABLED;SEARCH_RANK_DEMOTED,D110-486320000-0001,,false,true,
10625,D510-486294300-0001,어묵볶음_어묵_채소,볶음류,어묵,채소,해당없음,100ml,78,100,ml,78,VOLUME_ONLY_UNRESOLVED,SOLID_WITH_VOLUME_BASIS;VOLUME_ONLY_NO_SAFE_ALTERNATIVE;SOURCE_UNIT_PRESERVED;DIRECT_RECORD_DISABLED;SEARCH_RANK_DEMOTED,,,false,true,
10626,D610-486294300-0001,어묵볶음_어묵_채소,볶음류,어묵,채소,해당없음,100ml,78,100,ml,78,VOLUME_ONLY_UNRESOLVED,SOLID_WITH_VOLUME_BASIS;VOLUME_ONLY_NO_SAFE_ALTERNATIVE;SOURCE_UNIT_PRESERVED;DIRECT_RECORD_DISABLED;SEARCH_RANK_DEMOTED,,,false,true,
10627,D410-486294300-0001,어묵볶음_어묵_채소,볶음류,어묵,채소,해당없음,100ml,80,100,ml,80,VOLUME_ONLY_UNRESOLVED,SOLID_WITH_VOLUME_BASIS;VOLUME_ONLY_NO_SAFE_ALTERNATIVE;SOURCE_UNIT_PRESERVED;DIRECT_RECORD_DISABLED;SEARCH_RANK_DEMOTED,,,false,true,
10628,D710-486294300-0001,어묵볶음_어묵_채소,볶음류,어묵,채소,해당없음,100ml,88,100,ml,88,VOLUME_ONLY_UNRESOLVED,SOLID_WITH_VOLUME_BASIS;VOLUME_ONLY_NO_SAFE_ALTERNATIVE;SOURCE_UNIT_PRESERVED;DIRECT_RECORD_DISABLED;SEARCH_RANK_DEMOTED,,,false,true,
10629,D410-486290000-0001,어묵볶음_어묵,볶음류,어묵,해당없음,해당없음,100ml,89,100,ml,89,VOLUME_ONLY_UNRESOLVED,SOLID_WITH_VOLUME_BASIS;VOLUME_ONLY_NO_SAFE_ALTERNATIVE;SOURCE_UNIT_PRESERVED;DIRECT_RECORD_DISABLED;SEARCH_RANK_DEMOTED,,,false,true,
10630,D610-486000000-0001,어묵볶음,볶음류,해당없음,해당없음,해당없음,100ml,110,100,ml,110,MASS_ALTERNATIVE_AVAILABLE,SOLID_WITH_VOLUME_BASIS;MASS_ALTERNATIVE_FOUND;SOURCE_UNIT_PRESERVED;DIRECT_RECORD_DISABLED;SEARCH_RANK_DEMOTED,D110-486000000-0001,,false,true,
10631,D410-486000000-0001,어묵볶음,볶음류,해당없음,해당없음,해당없음,100ml,125,100,ml,125,MASS_ALTERNATIVE_AVAILABLE,SOLID_WITH_VOLUME_BASIS;MASS_ALTERNATIVE_FOUND;SOURCE_UNIT_PRESERVED;DIRECT_RECORD_DISABLED;SEARCH_RANK_DEMOTED,D110-486000000-0001,,false,true,
10632,D510-486000000-0001,어묵볶음,볶음류,해당없음,해당없음,해당없음,100ml,110,100,ml,110,MASS_ALTERNATIVE_AVAILABLE,SOLID_WITH_VOLUME_BASIS;MASS_ALTERNATIVE_FOUND;SOURCE_UNIT_PRESERVED;DIRECT_RECORD_DISABLED;SEARCH_RANK_DEMOTED,D110-486000000-0001,,false,true,
10633,D710-486000000-0001,어묵볶음,볶음류,해당없음,해당없음,해당없음,100ml,350,100,ml,350,MASS_ALTERNATIVE_AVAILABLE,SOLID_WITH_VOLUME_BASIS;MASS_ALTERNATIVE_FOUND;SOURCE_UNIT_PRESERVED;DIRECT_RECORD_DISABLED;SEARCH_RANK_DEMOTED,D110-486000000-0001,,false,true,
10646,D403-193000000-0001,어묵 우동,면 및 만두류,해당없음,해당없음,해당없음,100ml,71,100,ml,71,VOLUME_ONLY_UNRESOLVED,SOLID_WITH_VOLUME_BASIS;VOLUME_ONLY_NO_SAFE_ALTERNATIVE;SOURCE_UNIT_PRESERVED;DIRECT_RECORD_DISABLED;SEARCH_RANK_DEMOTED,,,false,true,
10647,D703-193000000-0001,어묵 우동,면 및 만두류,해당없음,해당없음,해당없음,100ml,61,100,ml,61,VOLUME_ONLY_UNRESOLVED,SOLID_WITH_VOLUME_BASIS;VOLUME_ONLY_NO_SAFE_ALTERNATIVE;SOURCE_UNIT_PRESERVED;DIRECT_RECORD_DISABLED;SEARCH_RANK_DEMOTED,,,false,true,
10648,D603-193000000-0001,어묵 우동,면 및 만두류,해당없음,해당없음,해당없음,100ml,61,100,ml,61,VOLUME_ONLY_UNRESOLVED,SOLID_WITH_VOLUME_BASIS;VOLUME_ONLY_NO_SAFE_ALTERNATIVE;SOURCE_UNIT_PRESERVED;DIRECT_RECORD_DISABLED;SEARCH_RANK_DEMOTED,,,false,true,
10649,D503-193000000-0001,어묵 우동,면 및 만두류,해당없음,해당없음,해당없음,100ml,52,100,ml,52,VOLUME_ONLY_UNRESOLVED,SOLID_WITH_VOLUME_BASIS;VOLUME_ONLY_NO_SAFE_ALTERNATIVE;SOURCE_UNIT_PRESERVED;DIRECT_RECORD_DISABLED;SEARCH_RANK_DEMOTED,,,false,true,
10650,D614-705000000-0001,어묵 오이무침,생채·무침류,해당없음,해당없음,해당없음,100ml,127,100,ml,127,VOLUME_ONLY_UNRESOLVED,SOLID_WITH_VOLUME_BASIS;VOLUME_ONLY_NO_SAFE_ALTERNATIVE;SOURCE_UNIT_PRESERVED;DIRECT_RECORD_DISABLED;SEARCH_RANK_DEMOTED,,,false,true,
10651,D414-705000000-0001,어묵 오이무침,생채·무침류,해당없음,해당없음,해당없음,100ml,128,100,ml,128,VOLUME_ONLY_UNRESOLVED,SOLID_WITH_VOLUME_BASIS;VOLUME_ONLY_NO_SAFE_ALTERNATIVE;SOURCE_UNIT_PRESERVED;DIRECT_RECORD_DISABLED;SEARCH_RANK_DEMOTED,,,false,true,
10652,D714-705000000-0001,어묵 오이무침,생채·무침류,해당없음,해당없음,해당없음,100ml,126,100,ml,126,VOLUME_ONLY_UNRESOLVED,SOLID_WITH_VOLUME_BASIS;VOLUME_ONLY_NO_SAFE_ALTERNATIVE;SOURCE_UNIT_PRESERVED;DIRECT_RECORD_DISABLED;SEARCH_RANK_DEMOTED,,,false,true,
10657,D710-526000000-0001,어묵 감자볶음,볶음류,해당없음,해당없음,해당없음,100ml,209,100,ml,209,VOLUME_ONLY_UNRESOLVED,SOLID_WITH_VOLUME_BASIS;VOLUME_ONLY_NO_SAFE_ALTERNATIVE;SOURCE_UNIT_PRESERVED;DIRECT_RECORD_DISABLED;SEARCH_RANK_DEMOTED,,,false,true,
10658,D510-526000000-0001,어묵 감자볶음,볶음류,해당없음,해당없음,해당없음,100ml,208,100,ml,208,VOLUME_ONLY_UNRESOLVED,SOLID_WITH_VOLUME_BASIS;VOLUME_ONLY_NO_SAFE_ALTERNATIVE;SOURCE_UNIT_PRESERVED;DIRECT_RECORD_DISABLED;SEARCH_RANK_DEMOTED,,,false,true,
10659,D410-526000000-0001,어묵 감자볶음,볶음류,해당없음,해당없음,해당없음,100ml,208,100,ml,208,VOLUME_ONLY_UNRESOLVED,SOLID_WITH_VOLUME_BASIS;VOLUME_ONLY_NO_SAFE_ALTERNATIVE;SOURCE_UNIT_PRESERVED;DIRECT_RECORD_DISABLED;SEARCH_RANK_DEMOTED,,,false,true,
10660,D617-709000000-0001,양파장아찌,장아찌·절임류,해당없음,해당없음,해당없음,100ml,63,100,ml,63,VOLUME_ONLY_UNRESOLVED,SOLID_WITH_VOLUME_BASIS;VOLUME_ONLY_NO_SAFE_ALTERNATIVE;SOURCE_UNIT_PRESERVED;DIRECT_RECORD_DISABLED;SEARCH_RANK_DEMOTED,,,false,true,
10662,D410-485000000-0001,양파볶음,볶음류,해당없음,해당없음,해당없음,100ml,68,100,ml,68,MASS_ALTERNATIVE_AVAILABLE,SOLID_WITH_VOLUME_BASIS;MASS_ALTERNATIVE_FOUND;SOURCE_UNIT_PRESERVED;DIRECT_RECORD_DISABLED;SEARCH_RANK_DEMOTED,D110-485000000-0001,,false,true,
10663,D710-485000000-0001,양파볶음,볶음류,해당없음,해당없음,해당없음,100ml,67,100,ml,67,MASS_ALTERNATIVE_AVAILABLE,SOLID_WITH_VOLUME_BASIS;MASS_ALTERNATIVE_FOUND;SOURCE_UNIT_PRESERVED;DIRECT_RECORD_DISABLED;SEARCH_RANK_DEMOTED,D110-485000000-0001,,false,true,
10665,D409-454000000-0001,양파 소고기전,전·적 및 부침류,해당없음,해당없음,해당없음,100ml,155,100,ml,155,VOLUME_ONLY_UNRESOLVED,SOLID_WITH_VOLUME_BASIS;VOLUME_ONLY_NO_SAFE_ALTERNATIVE;SOURCE_UNIT_PRESERVED;DIRECT_RECORD_DISABLED;SEARCH_RANK_DEMOTED,,,false,true,
10666,D408-430000000-0001,양태구이,구이류,해당없음,해당없음,해당없음,100ml,107,100,ml,107,VOLUME_ONLY_UNRESOLVED,SOLID_WITH_VOLUME_BASIS;VOLUME_ONLY_NO_SAFE_ALTERNATIVE;SOURCE_UNIT_PRESERVED;DIRECT_RECORD_DISABLED;SEARCH_RANK_DEMOTED,,,false,true,
10668,D714-642000000-0001,양장피,생채·무침류,해당없음,해당없음,해당없음,100ml,81,100,ml,81,MASS_ALTERNATIVE_AVAILABLE,SOLID_WITH_VOLUME_BASIS;MASS_ALTERNATIVE_FOUND;SOURCE_UNIT_PRESERVED;DIRECT_RECORD_DISABLED;SEARCH_RANK_DEMOTED,D114-642000000-0001,,false,true,
10669,D414-642000000-0001,양장피,생채·무침류,해당없음,해당없음,해당없음,100ml,81,100,ml,81,MASS_ALTERNATIVE_AVAILABLE,SOLID_WITH_VOLUME_BASIS;MASS_ALTERNATIVE_FOUND;SOURCE_UNIT_PRESERVED;DIRECT_RECORD_DISABLED;SEARCH_RANK_DEMOTED,D114-642000000-0001,,false,true,
10670,D610-525270000-0001,양송이버섯볶음_소고기,볶음류,소고기,해당없음,해당없음,100ml,84,100,ml,84,VOLUME_ONLY_UNRESOLVED,SOLID_WITH_VOLUME_BASIS;VOLUME_ONLY_NO_SAFE_ALTERNATIVE;SOURCE_UNIT_PRESERVED;DIRECT_RECORD_DISABLED;SEARCH_RANK_DEMOTED,,,false,true,
10671,D410-525270000-0001,양송이버섯볶음_소고기,볶음류,소고기,해당없음,해당없음,100ml,104,100,ml,104,VOLUME_ONLY_UNRESOLVED,SOLID_WITH_VOLUME_BASIS;VOLUME_ONLY_NO_SAFE_ALTERNATIVE;SOURCE_UNIT_PRESERVED;DIRECT_RECORD_DISABLED;SEARCH_RANK_DEMOTED,,,false,true,
10672,D510-525270000-0001,양송이버섯볶음_소고기,볶음류,소고기,해당없음,해당없음,100ml,84,100,ml,84,VOLUME_ONLY_UNRESOLVED,SOLID_WITH_VOLUME_BASIS;VOLUME_ONLY_NO_SAFE_ALTERNATIVE;SOURCE_UNIT_PRESERVED;DIRECT_RECORD_DISABLED;SEARCH_RANK_DEMOTED,,,false,true,
10673,D710-525270000-0001,양송이버섯볶음_소고기,볶음류,소고기,해당없음,해당없음,100ml,102,100,ml,102,VOLUME_ONLY_UNRESOLVED,SOLID_WITH_VOLUME_BASIS;VOLUME_ONLY_NO_SAFE_ALTERNATIVE;SOURCE_UNIT_PRESERVED;DIRECT_RECORD_DISABLED;SEARCH_RANK_DEMOTED,,,false,true,
10674,D501-073000000-0001,양송이 덮밥,밥류,해당없음,해당없음,해당없음,100ml,93,100,ml,93,VOLUME_ONLY_UNRESOLVED,SOLID_WITH_VOLUME_BASIS;VOLUME_ONLY_NO_SAFE_ALTERNATIVE;SOURCE_UNIT_PRESERVED;DIRECT_RECORD_DISABLED;SEARCH_RANK_DEMOTED,,,false,true,
10675,D401-073000000-0001,양송이 덮밥,밥류,해당없음,해당없음,해당없음,100ml,93,100,ml,93,VOLUME_ONLY_UNRESOLVED,SOLID_WITH_VOLUME_BASIS;VOLUME_ONLY_NO_SAFE_ALTERNATIVE;SOURCE_UNIT_PRESERVED;DIRECT_RECORD_DISABLED;SEARCH_RANK_DEMOTED,,,false,true,
10676,D614-704000000-0001,양상추 샐러드,생채·무침류,해당없음,해당없음,해당없음,100ml,79,100,ml,79,VOLUME_ONLY_UNRESOLVED,SOLID_WITH_VOLUME_BASIS;VOLUME_ONLY_NO_SAFE_ALTERNATIVE;SOURCE_UNIT_PRESERVED;DIRECT_RECORD_DISABLED;SEARCH_RANK_DEMOTED,,,false,true,
10677,D414-704000000-0001,양상추 샐러드,생채·무침류,해당없음,해당없음,해당없음,100ml,78,100,ml,78,VOLUME_ONLY_UNRESOLVED,SOLID_WITH_VOLUME_BASIS;VOLUME_ONLY_NO_SAFE_ALTERNATIVE;SOURCE_UNIT_PRESERVED;DIRECT_RECORD_DISABLED;SEARCH_RANK_DEMOTED,,,false,true,
10678,D514-704000000-0001,양상추 샐러드,생채·무침류,해당없음,해당없음,해당없음,100ml,79,100,ml,79,VOLUME_ONLY_UNRESOLVED,SOLID_WITH_VOLUME_BASIS;VOLUME_ONLY_NO_SAFE_ALTERNATIVE;SOURCE_UNIT_PRESERVED;DIRECT_RECORD_DISABLED;SEARCH_RANK_DEMOTED,,,false,true,
10679,D714-704000000-0001,양상추 샐러드,생채·무침류,해당없음,해당없음,해당없음,100ml,78,100,ml,78,VOLUME_ONLY_UNRESOLVED,SOLID_WITH_VOLUME_BASIS;VOLUME_ONLY_NO_SAFE_ALTERNATIVE;SOURCE_UNIT_PRESERVED;DIRECT_RECORD_DISABLED;SEARCH_RANK_DEMOTED,,,false,true,
10680,D614-703000000-0001,양배추오이  샐러드,생채·무침류,해당없음,해당없음,해당없음,100ml,188,100,ml,188,VOLUME_ONLY_UNRESOLVED,SOLID_WITH_VOLUME_BASIS;VOLUME_ONLY_NO_SAFE_ALTERNATIVE;SOURCE_UNIT_PRESERVED;DIRECT_RECORD_DISABLED;SEARCH_RANK_DEMOTED,,,false,true,
10681,D514-703000000-0001,양배추오이  샐러드,생채·무침류,해당없음,해당없음,해당없음,100ml,188,100,ml,188,VOLUME_ONLY_UNRESOLVED,SOLID_WITH_VOLUME_BASIS;VOLUME_ONLY_NO_SAFE_ALTERNATIVE;SOURCE_UNIT_PRESERVED;DIRECT_RECORD_DISABLED;SEARCH_RANK_DEMOTED,,,false,true,
10682,D614-702000000-0001,양배추부추무침,생채·무침류,해당없음,해당없음,해당없음,100ml,41,100,ml,41,VOLUME_ONLY_UNRESOLVED,SOLID_WITH_VOLUME_BASIS;VOLUME_ONLY_NO_SAFE_ALTERNATIVE;SOURCE_UNIT_PRESERVED;DIRECT_RECORD_DISABLED;SEARCH_RANK_DEMOTED,,,false,true,
10683,D414-702000000-0001,양배추부추무침,생채·무침류,해당없음,해당없음,해당없음,100ml,34,100,ml,34,VOLUME_ONLY_UNRESOLVED,SOLID_WITH_VOLUME_BASIS;VOLUME_ONLY_NO_SAFE_ALTERNATIVE;SOURCE_UNIT_PRESERVED;DIRECT_RECORD_DISABLED;SEARCH_RANK_DEMOTED,,,false,true,
10684,D714-702000000-0001,양배추부추무침,생채·무침류,해당없음,해당없음,해당없음,100ml,34,100,ml,34,VOLUME_ONLY_UNRESOLVED,SOLID_WITH_VOLUME_BASIS;VOLUME_ONLY_NO_SAFE_ALTERNATIVE;SOURCE_UNIT_PRESERVED;DIRECT_RECORD_DISABLED;SEARCH_RANK_DEMOTED,,,false,true,
10685,D514-702000000-0001,양배추부추무침,생채·무침류,해당없음,해당없음,해당없음,100ml,41,100,ml,41,VOLUME_ONLY_UNRESOLVED,SOLID_WITH_VOLUME_BASIS;VOLUME_ONLY_NO_SAFE_ALTERNATIVE;SOURCE_UNIT_PRESERVED;DIRECT_RECORD_DISABLED;SEARCH_RANK_DEMOTED,,,false,true,
10686,D513-619000000-0001,양배추나물,나물·숙채류,해당없음,해당없음,해당없음,100ml,71,100,ml,71,VOLUME_ONLY_UNRESOLVED,SOLID_WITH_VOLUME_BASIS;VOLUME_ONLY_NO_SAFE_ALTERNATIVE;SOURCE_UNIT_PRESERVED;DIRECT_RECORD_DISABLED;SEARCH_RANK_DEMOTED,,,false,true,
10687,D613-619000000-0001,양배추나물,나물·숙채류,해당없음,해당없음,해당없음,100ml,71,100,ml,71,VOLUME_ONLY_UNRESOLVED,SOLID_WITH_VOLUME_BASIS;VOLUME_ONLY_NO_SAFE_ALTERNATIVE;SOURCE_UNIT_PRESERVED;DIRECT_RECORD_DISABLED;SEARCH_RANK_DEMOTED,,,false,true,
10688,D615-687000000-0001,양배추김치,김치류,해당없음,해당없음,해당없음,100ml,39,100,ml,39,VOLUME_ONLY_UNRESOLVED,SOLID_WITH_VOLUME_BASIS;VOLUME_ONLY_NO_SAFE_ALTERNATIVE;SOURCE_UNIT_PRESERVED;DIRECT_RECORD_DISABLED;SEARCH_RANK_DEMOTED,,,false,true,
10689,D413-618000000-0001,양배추 초나물,나물·숙채류,해당없음,해당없음,해당없음,100ml,66,100,ml,66,VOLUME_ONLY_UNRESOLVED,SOLID_WITH_VOLUME_BASIS;VOLUME_ONLY_NO_SAFE_ALTERNATIVE;SOURCE_UNIT_PRESERVED;DIRECT_RECORD_DISABLED;SEARCH_RANK_DEMOTED,,,false,true,
10690,D713-618000000-0001,양배추 초나물,나물·숙채류,해당없음,해당없음,해당없음,100ml,65,100,ml,65,VOLUME_ONLY_UNRESOLVED,SOLID_WITH_VOLUME_BASIS;VOLUME_ONLY_NO_SAFE_ALTERNATIVE;SOURCE_UNIT_PRESERVED;DIRECT_RECORD_DISABLED;SEARCH_RANK_DEMOTED,,,false,true,
10691,D414-701000000-0001,양배추 샐러드,생채·무침류,해당없음,해당없음,해당없음,100ml,99,100,ml,99,VOLUME_ONLY_UNRESOLVED,SOLID_WITH_VOLUME_BASIS;VOLUME_ONLY_NO_SAFE_ALTERNATIVE;SOURCE_UNIT_PRESERVED;DIRECT_RECORD_DISABLED;SEARCH_RANK_DEMOTED,,,false,true,
10692,D714-701000000-0001,양배추 샐러드,생채·무침류,해당없음,해당없음,해당없음,100ml,99,100,ml,99,VOLUME_ONLY_UNRESOLVED,SOLID_WITH_VOLUME_BASIS;VOLUME_ONLY_NO_SAFE_ALTERNATIVE;SOURCE_UNIT_PRESERVED;DIRECT_RECORD_DISABLED;SEARCH_RANK_DEMOTED,,,false,true,
10693,D614-700000000-0001,양배추 사과 샐러드,생채·무침류,해당없음,해당없음,해당없음,100ml,136,100,ml,136,VOLUME_ONLY_UNRESOLVED,SOLID_WITH_VOLUME_BASIS;VOLUME_ONLY_NO_SAFE_ALTERNATIVE;SOURCE_UNIT_PRESERVED;DIRECT_RECORD_DISABLED;SEARCH_RANK_DEMOTED,,,false,true,
10694,D514-700000000-0001,양배추 사과 샐러드,생채·무침류,해당없음,해당없음,해당없음,100ml,136,100,ml,136,VOLUME_ONLY_UNRESOLVED,SOLID_WITH_VOLUME_BASIS;VOLUME_ONLY_NO_SAFE_ALTERNATIVE;SOURCE_UNIT_PRESERVED;DIRECT_RECORD_DISABLED;SEARCH_RANK_DEMOTED,,,false,true,
10695,D714-700000000-0001,양배추 사과 샐러드,생채·무침류,해당없음,해당없음,해당없음,100ml,141,100,ml,141,VOLUME_ONLY_UNRESOLVED,SOLID_WITH_VOLUME_BASIS;VOLUME_ONLY_NO_SAFE_ALTERNATIVE;SOURCE_UNIT_PRESERVED;DIRECT_RECORD_DISABLED;SEARCH_RANK_DEMOTED,,,false,true,
10697,D614-699000000-0001,양배추 겉절이,생채·무침류,해당없음,해당없음,해당없음,100ml,46,100,ml,46,VOLUME_ONLY_UNRESOLVED,SOLID_WITH_VOLUME_BASIS;VOLUME_ONLY_NO_SAFE_ALTERNATIVE;SOURCE_UNIT_PRESERVED;DIRECT_RECORD_DISABLED;SEARCH_RANK_DEMOTED,,,false,true,
10698,D414-699000000-0001,양배추 겉절이,생채·무침류,해당없음,해당없음,해당없음,100ml,39,100,ml,39,VOLUME_ONLY_UNRESOLVED,SOLID_WITH_VOLUME_BASIS;VOLUME_ONLY_NO_SAFE_ALTERNATIVE;SOURCE_UNIT_PRESERVED;DIRECT_RECORD_DISABLED;SEARCH_RANK_DEMOTED,,,false,true,
10699,D514-699000000-0001,양배추 겉절이,생채·무침류,해당없음,해당없음,해당없음,100ml,46,100,ml,46,VOLUME_ONLY_UNRESOLVED,SOLID_WITH_VOLUME_BASIS;VOLUME_ONLY_NO_SAFE_ALTERNATIVE;SOURCE_UNIT_PRESERVED;DIRECT_RECORD_DISABLED;SEARCH_RANK_DEMOTED,,,false,true,
10700,D714-699000000-0001,양배추 겉절이,생채·무침류,해당없음,해당없음,해당없음,100ml,39,100,ml,39,VOLUME_ONLY_UNRESOLVED,SOLID_WITH_VOLUME_BASIS;VOLUME_ONLY_NO_SAFE_ALTERNATIVE;SOURCE_UNIT_PRESERVED;DIRECT_RECORD_DISABLED;SEARCH_RANK_DEMOTED,,,false,true,
10701,D411-526000000-0001,양미리조림,조림류,해당없음,해당없음,해당없음,100ml,143,100,ml,143,MASS_ALTERNATIVE_AVAILABLE,SOLID_WITH_VOLUME_BASIS;MASS_ALTERNATIVE_FOUND;SOURCE_UNIT_PRESERVED;DIRECT_RECORD_DISABLED;SEARCH_RANK_DEMOTED,D111-526000000-0001,,false,true,
10702,D711-526000000-0001,양미리조림,조림류,해당없음,해당없음,해당없음,100ml,143,100,ml,143,MASS_ALTERNATIVE_AVAILABLE,SOLID_WITH_VOLUME_BASIS;MASS_ALTERNATIVE_FOUND;SOURCE_UNIT_PRESERVED;DIRECT_RECORD_DISABLED;SEARCH_RANK_DEMOTED,D111-526000000-0001,,false,true,
10706,D415-686000000-0001,양념채김치,김치류,해당없음,해당없음,해당없음,100ml,53,100,ml,53,VOLUME_ONLY_UNRESOLVED,SOLID_WITH_VOLUME_BASIS;VOLUME_ONLY_NO_SAFE_ALTERNATIVE;SOURCE_UNIT_PRESERVED;DIRECT_RECORD_DISABLED;SEARCH_RANK_DEMOTED,,,false,true,
10707,D510-524000000-0001,양념두부,볶음류,해당없음,해당없음,해당없음,100ml,68,100,ml,68,VOLUME_ONLY_UNRESOLVED,SOLID_WITH_VOLUME_BASIS;VOLUME_ONLY_NO_SAFE_ALTERNATIVE;SOURCE_UNIT_PRESERVED;DIRECT_RECORD_DISABLED;SEARCH_RANK_DEMOTED,,,false,true,
10708,D416-695030000-0001,양념 오징어젓_낙지,젓갈류,낙지,해당없음,해당없음,100ml,66,100,ml,66,VOLUME_ONLY_UNRESOLVED,SOLID_WITH_VOLUME_BASIS;VOLUME_ONLY_NO_SAFE_ALTERNATIVE;SOURCE_UNIT_PRESERVED;DIRECT_RECORD_DISABLED;SEARCH_RANK_DEMOTED,,,false,true,
10709,D416-695000000-0001,양념 오징어젓,젓갈류,해당없음,해당없음,해당없음,100ml,60,100,ml,60,VOLUME_ONLY_UNRESOLVED,SOLID_WITH_VOLUME_BASIS;VOLUME_ONLY_NO_SAFE_ALTERNATIVE;SOURCE_UNIT_PRESERVED;DIRECT_RECORD_DISABLED;SEARCH_RANK_DEMOTED,,,false,true,
10710,D716-695000000-0001,양념 오징어젓,젓갈류,해당없음,해당없음,해당없음,100ml,112,100,ml,112,VOLUME_ONLY_UNRESOLVED,SOLID_WITH_VOLUME_BASIS;VOLUME_ONLY_NO_SAFE_ALTERNATIVE;SOURCE_UNIT_PRESERVED;DIRECT_RECORD_DISABLED;SEARCH_RANK_DEMOTED,,,false,true,
10711,D416-694000000-0001,양념 새우젓,젓갈류,해당없음,해당없음,해당없음,100ml,67,100,ml,67,VOLUME_ONLY_UNRESOLVED,SOLID_WITH_VOLUME_BASIS;VOLUME_ONLY_NO_SAFE_ALTERNATIVE;SOURCE_UNIT_PRESERVED;DIRECT_RECORD_DISABLED;SEARCH_RANK_DEMOTED,,,false,true,
10712,D416-692000000-0001,양념 바지락젓,젓갈류,해당없음,해당없음,해당없음,100ml,50,100,ml,50,VOLUME_ONLY_UNRESOLVED,SOLID_WITH_VOLUME_BASIS;VOLUME_ONLY_NO_SAFE_ALTERNATIVE;SOURCE_UNIT_PRESERVED;DIRECT_RECORD_DISABLED;SEARCH_RANK_DEMOTED,,,false,true,
10713,D412-607000000-0001,양념 돼지고기튀김,튀김류,해당없음,해당없음,해당없음,100ml,189,100,ml,189,VOLUME_ONLY_UNRESOLVED,SOLID_WITH_VOLUME_BASIS;VOLUME_ONLY_NO_SAFE_ALTERNATIVE;SOURCE_UNIT_PRESERVED;DIRECT_RECORD_DISABLED;SEARCH_RANK_DEMOTED,,,false,true,
10714,D712-607000000-0001,양념 돼지고기튀김,튀김류,해당없음,해당없음,해당없음,100ml,189,100,ml,189,VOLUME_ONLY_UNRESOLVED,SOLID_WITH_VOLUME_BASIS;VOLUME_ONLY_NO_SAFE_ALTERNATIVE;SOURCE_UNIT_PRESERVED;DIRECT_RECORD_DISABLED;SEARCH_RANK_DEMOTED,,,false,true,
10715,D414-698000000-0001,양념 도토리묵,생채·무침류,해당없음,해당없음,해당없음,100ml,55,100,ml,55,VOLUME_ONLY_UNRESOLVED,SOLID_WITH_VOLUME_BASIS;VOLUME_ONLY_NO_SAFE_ALTERNATIVE;SOURCE_UNIT_PRESERVED;DIRECT_RECORD_DISABLED;SEARCH_RANK_DEMOTED,,,false,true,
10733,D407-339000000-0001,애호박찜,찜류,해당없음,해당없음,해당없음,100ml,36,100,ml,36,MASS_ALTERNATIVE_AVAILABLE,SOLID_WITH_VOLUME_BASIS;MASS_ALTERNATIVE_FOUND;SOURCE_UNIT_PRESERVED;DIRECT_RECORD_DISABLED;SEARCH_RANK_DEMOTED,D107-339000000-0001,,false,true,
10734,D507-339000000-0001,애호박찜,찜류,해당없음,해당없음,해당없음,100ml,41,100,ml,41,MASS_ALTERNATIVE_AVAILABLE,SOLID_WITH_VOLUME_BASIS;MASS_ALTERNATIVE_FOUND;SOURCE_UNIT_PRESERVED;DIRECT_RECORD_DISABLED;SEARCH_RANK_DEMOTED,D107-339000000-0001,,false,true,
10735,D707-339000000-0001,애호박찜,찜류,해당없음,해당없음,해당없음,100ml,36,100,ml,36,MASS_ALTERNATIVE_AVAILABLE,SOLID_WITH_VOLUME_BASIS;MASS_ALTERNATIVE_FOUND;SOURCE_UNIT_PRESERVED;DIRECT_RECORD_DISABLED;SEARCH_RANK_DEMOTED,D107-339000000-0001,,false,true,
10742,D609-434000000-0001,애호박전,전·적 및 부침류,해당없음,해당없음,해당없음,100ml,126,100,ml,126,MASS_ALTERNATIVE_AVAILABLE,SOLID_WITH_VOLUME_BASIS;MASS_ALTERNATIVE_FOUND;SOURCE_UNIT_PRESERVED;DIRECT_RECORD_DISABLED;SEARCH_RANK_DEMOTED,D109-434000000-0001,,false,true,
10743,D409-434000000-0001,애호박전,전·적 및 부침류,해당없음,해당없음,해당없음,100ml,84,100,ml,84,MASS_ALTERNATIVE_AVAILABLE,SOLID_WITH_VOLUME_BASIS;MASS_ALTERNATIVE_FOUND;SOURCE_UNIT_PRESERVED;DIRECT_RECORD_DISABLED;SEARCH_RANK_DEMOTED,D109-434000000-0001,,false,true,
10744,D509-434000000-0001,애호박전,전·적 및 부침류,해당없음,해당없음,해당없음,100ml,142,100,ml,142,MASS_ALTERNATIVE_AVAILABLE,SOLID_WITH_VOLUME_BASIS;MASS_ALTERNATIVE_FOUND;SOURCE_UNIT_PRESERVED;DIRECT_RECORD_DISABLED;SEARCH_RANK_DEMOTED,D109-434000000-0001,,false,true,
10745,D709-434000000-0001,애호박전,전·적 및 부침류,해당없음,해당없음,해당없음,100ml,87,100,ml,87,MASS_ALTERNATIVE_AVAILABLE,SOLID_WITH_VOLUME_BASIS;MASS_ALTERNATIVE_FOUND;SOURCE_UNIT_PRESERVED;DIRECT_RECORD_DISABLED;SEARCH_RANK_DEMOTED,D109-434000000-0001,,false,true,
10746,D409-453160000-0001,애호박부침개_새우,전·적 및 부침류,새우,해당없음,해당없음,100ml,141,100,ml,141,VOLUME_ONLY_UNRESOLVED,SOLID_WITH_VOLUME_BASIS;VOLUME_ONLY_NO_SAFE_ALTERNATIVE;SOURCE_UNIT_PRESERVED;DIRECT_RECORD_DISABLED;SEARCH_RANK_DEMOTED,,,false,true,
10747,D709-453160000-0001,애호박부침개_새우,전·적 및 부침류,새우,해당없음,해당없음,100ml,141,100,ml,141,VOLUME_ONLY_UNRESOLVED,SOLID_WITH_VOLUME_BASIS;VOLUME_ONLY_NO_SAFE_ALTERNATIVE;SOURCE_UNIT_PRESERVED;DIRECT_RECORD_DISABLED;SEARCH_RANK_DEMOTED,,,false,true,
10748,D509-453000000-0001,애호박부침개,전·적 및 부침류,해당없음,해당없음,해당없음,100ml,159,100,ml,159,VOLUME_ONLY_UNRESOLVED,SOLID_WITH_VOLUME_BASIS;VOLUME_ONLY_NO_SAFE_ALTERNATIVE;SOURCE_UNIT_PRESERVED;DIRECT_RECORD_DISABLED;SEARCH_RANK_DEMOTED,,,false,true,
10749,D609-453000000-0001,애호박부침개,전·적 및 부침류,해당없음,해당없음,해당없음,100ml,159,100,ml,159,VOLUME_ONLY_UNRESOLVED,SOLID_WITH_VOLUME_BASIS;VOLUME_ONLY_NO_SAFE_ALTERNATIVE;SOURCE_UNIT_PRESERVED;DIRECT_RECORD_DISABLED;SEARCH_RANK_DEMOTED,,,false,true,
10751,D413-617000000-0001,애호박나물,나물·숙채류,해당없음,해당없음,해당없음,100ml,37,100,ml,37,VOLUME_ONLY_UNRESOLVED,SOLID_WITH_VOLUME_BASIS;VOLUME_ONLY_NO_SAFE_ALTERNATIVE;SOURCE_UNIT_PRESERVED;DIRECT_RECORD_DISABLED;SEARCH_RANK_DEMOTED,,,false,true,
10752,D713-617000000-0001,애호박나물,나물·숙채류,해당없음,해당없음,해당없음,100ml,37,100,ml,37,VOLUME_ONLY_UNRESOLVED,SOLID_WITH_VOLUME_BASIS;VOLUME_ONLY_NO_SAFE_ALTERNATIVE;SOURCE_UNIT_PRESERVED;DIRECT_RECORD_DISABLED;SEARCH_RANK_DEMOTED,,,false,true,
10753,D513-617000000-0001,애호박나물,나물·숙채류,해당없음,해당없음,해당없음,100ml,37,100,ml,37,VOLUME_ONLY_UNRESOLVED,SOLID_WITH_VOLUME_BASIS;VOLUME_ONLY_NO_SAFE_ALTERNATIVE;SOURCE_UNIT_PRESERVED;DIRECT_RECORD_DISABLED;SEARCH_RANK_DEMOTED,,,false,true,
10754,D510-484000000-0001,애호박 볶음,볶음류,해당없음,해당없음,해당없음,100ml,64,100,ml,64,MASS_ALTERNATIVE_AVAILABLE,SOLID_WITH_VOLUME_BASIS;MASS_ALTERNATIVE_FOUND;SOURCE_UNIT_PRESERVED;DIRECT_RECORD_DISABLED;SEARCH_RANK_DEMOTED,D110-484000000-0001,,false,true,
10778,D601-023000000-0001,알밥,밥류,해당없음,해당없음,해당없음,100ml,86,100,ml,86,MASS_ALTERNATIVE_AVAILABLE,SOLID_WITH_VOLUME_BASIS;MASS_ALTERNATIVE_FOUND;SOURCE_UNIT_PRESERVED;DIRECT_RECORD_DISABLED;SEARCH_RANK_DEMOTED,D101-023000000-0001,,false,true,
10779,D501-023000000-0001,알밥,밥류,해당없음,해당없음,해당없음,100ml,86,100,ml,86,MASS_ALTERNATIVE_AVAILABLE,SOLID_WITH_VOLUME_BASIS;MASS_ALTERNATIVE_FOUND;SOURCE_UNIT_PRESERVED;DIRECT_RECORD_DISABLED;SEARCH_RANK_DEMOTED,D101-023000000-0001,,false,true,
10780,D701-023000000-0001,알밥,밥류,해당없음,해당없음,해당없음,100ml,86,100,ml,86,MASS_ALTERNATIVE_AVAILABLE,SOLID_WITH_VOLUME_BASIS;MASS_ALTERNATIVE_FOUND;SOURCE_UNIT_PRESERVED;DIRECT_RECORD_DISABLED;SEARCH_RANK_DEMOTED,D101-023000000-0001,,false,true,
10782,D401-023000000-0001,알밥,밥류,해당없음,해당없음,해당없음,100ml,86,100,ml,86,MASS_ALTERNATIVE_AVAILABLE,SOLID_WITH_VOLUME_BASIS;MASS_ALTERNATIVE_FOUND;SOURCE_UNIT_PRESERVED;DIRECT_RECORD_DISABLED;SEARCH_RANK_DEMOTED,D101-023000000-0001,,false,true,
11371,D507-338000000-0001,아귀찜,찜류,해당없음,해당없음,해당없음,100ml,30,100,ml,30,MASS_ALTERNATIVE_AVAILABLE,SOLID_WITH_VOLUME_BASIS;MASS_ALTERNATIVE_FOUND;SOURCE_UNIT_PRESERVED;DIRECT_RECORD_DISABLED;SEARCH_RANK_DEMOTED,D107-338000000-0001;D307-338000000-0002,,false,true,
11372,D407-338000000-0001,아귀찜,찜류,해당없음,해당없음,해당없음,100ml,30,100,ml,30,MASS_ALTERNATIVE_AVAILABLE,SOLID_WITH_VOLUME_BASIS;MASS_ALTERNATIVE_FOUND;SOURCE_UNIT_PRESERVED;DIRECT_RECORD_DISABLED;SEARCH_RANK_DEMOTED,D107-338000000-0001;D307-338000000-0002,,false,true,
11374,D707-338000000-0001,아귀찜,찜류,해당없음,해당없음,해당없음,100ml,30,100,ml,30,MASS_ALTERNATIVE_AVAILABLE,SOLID_WITH_VOLUME_BASIS;MASS_ALTERNATIVE_FOUND;SOURCE_UNIT_PRESERVED;DIRECT_RECORD_DISABLED;SEARCH_RANK_DEMOTED,D107-338000000-0001;D307-338000000-0002,,false,true,
11381,D413-616000000-0001,씀바귀나물,나물·숙채류,해당없음,해당없음,해당없음,100ml,38,100,ml,38,VOLUME_ONLY_UNRESOLVED,SOLID_WITH_VOLUME_BASIS;VOLUME_ONLY_NO_SAFE_ALTERNATIVE;SOURCE_UNIT_PRESERVED;DIRECT_RECORD_DISABLED;SEARCH_RANK_DEMOTED,,,false,true,
11382,D412-606000000-0001,쑥튀김,튀김류,해당없음,해당없음,해당없음,100ml,234,100,ml,234,VOLUME_ONLY_UNRESOLVED,SOLID_WITH_VOLUME_BASIS;VOLUME_ONLY_NO_SAFE_ALTERNATIVE;SOURCE_UNIT_PRESERVED;DIRECT_RECORD_DISABLED;SEARCH_RANK_DEMOTED,,,false,true,
11383,D712-606000000-0001,쑥튀김,튀김류,해당없음,해당없음,해당없음,100ml,234,100,ml,234,VOLUME_ONLY_UNRESOLVED,SOLID_WITH_VOLUME_BASIS;VOLUME_ONLY_NO_SAFE_ALTERNATIVE;SOURCE_UNIT_PRESERVED;DIRECT_RECORD_DISABLED;SEARCH_RANK_DEMOTED,,,false,true,
11384,D408-429000000-0001,쑥전(부침개),구이류,해당없음,해당없음,해당없음,100ml,127,100,ml,127,VOLUME_ONLY_UNRESOLVED,SOLID_WITH_VOLUME_BASIS;VOLUME_ONLY_NO_SAFE_ALTERNATIVE;SOURCE_UNIT_PRESERVED;DIRECT_RECORD_DISABLED;SEARCH_RANK_DEMOTED,,,false,true,
11386,D714-697000000-0001,쑥갓오이무침,생채·무침류,해당없음,해당없음,해당없음,100ml,37,100,ml,37,VOLUME_ONLY_UNRESOLVED,SOLID_WITH_VOLUME_BASIS;VOLUME_ONLY_NO_SAFE_ALTERNATIVE;SOURCE_UNIT_PRESERVED;DIRECT_RECORD_DISABLED;SEARCH_RANK_DEMOTED,,,false,true,
11387,D414-697000000-0001,쑥갓오이무침,생채·무침류,해당없음,해당없음,해당없음,100ml,37,100,ml,37,VOLUME_ONLY_UNRESOLVED,SOLID_WITH_VOLUME_BASIS;VOLUME_ONLY_NO_SAFE_ALTERNATIVE;SOURCE_UNIT_PRESERVED;DIRECT_RECORD_DISABLED;SEARCH_RANK_DEMOTED,,,false,true,
11388,D514-696000000-0001,쑥갓무침,생채·무침류,해당없음,해당없음,해당없음,100ml,40,100,ml,40,VOLUME_ONLY_UNRESOLVED,SOLID_WITH_VOLUME_BASIS;VOLUME_ONLY_NO_SAFE_ALTERNATIVE;SOURCE_UNIT_PRESERVED;DIRECT_RECORD_DISABLED;SEARCH_RANK_DEMOTED,,,false,true,
11390,D713-615170000-0001,쑥갓나물_소금,나물·숙채류,소금,해당없음,해당없음,100ml,26,100,ml,26,VOLUME_ONLY_UNRESOLVED,SOLID_WITH_VOLUME_BASIS;VOLUME_ONLY_NO_SAFE_ALTERNATIVE;SOURCE_UNIT_PRESERVED;DIRECT_RECORD_DISABLED;SEARCH_RANK_DEMOTED,,,false,true,
11391,D413-615140000-0001,쑥갓나물_모듬채소,나물·숙채류,모듬채소,해당없음,해당없음,100ml,25,100,ml,25,VOLUME_ONLY_UNRESOLVED,SOLID_WITH_VOLUME_BASIS;VOLUME_ONLY_NO_SAFE_ALTERNATIVE;SOURCE_UNIT_PRESERVED;DIRECT_RECORD_DISABLED;SEARCH_RANK_DEMOTED,,,false,true,
11392,D613-615060000-0001,쑥갓나물_두부,나물·숙채류,두부,해당없음,해당없음,100ml,33,100,ml,33,VOLUME_ONLY_UNRESOLVED,SOLID_WITH_VOLUME_BASIS;VOLUME_ONLY_NO_SAFE_ALTERNATIVE;SOURCE_UNIT_PRESERVED;DIRECT_RECORD_DISABLED;SEARCH_RANK_DEMOTED,,,false,true,
11393,D513-615060000-0001,쑥갓나물_두부,나물·숙채류,두부,해당없음,해당없음,100ml,33,100,ml,33,VOLUME_ONLY_UNRESOLVED,SOLID_WITH_VOLUME_BASIS;VOLUME_ONLY_NO_SAFE_ALTERNATIVE;SOURCE_UNIT_PRESERVED;DIRECT_RECORD_DISABLED;SEARCH_RANK_DEMOTED,,,false,true,
11394,D413-615060000-0001,쑥갓나물_두부,나물·숙채류,두부,해당없음,해당없음,100ml,33,100,ml,33,VOLUME_ONLY_UNRESOLVED,SOLID_WITH_VOLUME_BASIS;VOLUME_ONLY_NO_SAFE_ALTERNATIVE;SOURCE_UNIT_PRESERVED;DIRECT_RECORD_DISABLED;SEARCH_RANK_DEMOTED,,,false,true,
11395,D713-615060000-0001,쑥갓나물_두부,나물·숙채류,두부,해당없음,해당없음,100ml,33,100,ml,33,VOLUME_ONLY_UNRESOLVED,SOLID_WITH_VOLUME_BASIS;VOLUME_ONLY_NO_SAFE_ALTERNATIVE;SOURCE_UNIT_PRESERVED;DIRECT_RECORD_DISABLED;SEARCH_RANK_DEMOTED,,,false,true,
11396,D513-615030000-0001,쑥갓나물_고춧가루,나물·숙채류,고춧가루,해당없음,해당없음,100ml,45,100,ml,45,VOLUME_ONLY_UNRESOLVED,SOLID_WITH_VOLUME_BASIS;VOLUME_ONLY_NO_SAFE_ALTERNATIVE;SOURCE_UNIT_PRESERVED;DIRECT_RECORD_DISABLED;SEARCH_RANK_DEMOTED,,,false,true,
11397,D613-615030000-0001,쑥갓나물_고춧가루,나물·숙채류,고춧가루,해당없음,해당없음,100ml,45,100,ml,45,VOLUME_ONLY_UNRESOLVED,SOLID_WITH_VOLUME_BASIS;VOLUME_ONLY_NO_SAFE_ALTERNATIVE;SOURCE_UNIT_PRESERVED;DIRECT_RECORD_DISABLED;SEARCH_RANK_DEMOTED,,,false,true,
11398,D413-615000000-0001,쑥갓나물,나물·숙채류,해당없음,해당없음,해당없음,100ml,19,100,ml,19,VOLUME_ONLY_UNRESOLVED,SOLID_WITH_VOLUME_BASIS;VOLUME_ONLY_NO_SAFE_ALTERNATIVE;SOURCE_UNIT_PRESERVED;DIRECT_RECORD_DISABLED;SEARCH_RANK_DEMOTED,,,false,true,
11399,D613-615000000-0001,쑥갓나물,나물·숙채류,해당없음,해당없음,해당없음,100ml,19,100,ml,19,VOLUME_ONLY_UNRESOLVED,SOLID_WITH_VOLUME_BASIS;VOLUME_ONLY_NO_SAFE_ALTERNATIVE;SOURCE_UNIT_PRESERVED;DIRECT_RECORD_DISABLED;SEARCH_RANK_DEMOTED,,,false,true,
11400,D513-615000000-0001,쑥갓나물,나물·숙채류,해당없음,해당없음,해당없음,100ml,19,100,ml,19,VOLUME_ONLY_UNRESOLVED,SOLID_WITH_VOLUME_BASIS;VOLUME_ONLY_NO_SAFE_ALTERNATIVE;SOURCE_UNIT_PRESERVED;DIRECT_RECORD_DISABLED;SEARCH_RANK_DEMOTED,,,false,true,
11401,D713-615000000-0001,쑥갓나물,나물·숙채류,해당없음,해당없음,해당없음,100ml,19,100,ml,19,VOLUME_ONLY_UNRESOLVED,SOLID_WITH_VOLUME_BASIS;VOLUME_ONLY_NO_SAFE_ALTERNATIVE;SOURCE_UNIT_PRESERVED;DIRECT_RECORD_DISABLED;SEARCH_RANK_DEMOTED,,,false,true,
11428,D501-022000000-0001,쌀밥,밥류,해당없음,해당없음,해당없음,100ml,120,100,ml,120,MASS_ALTERNATIVE_AVAILABLE,SOLID_WITH_VOLUME_BASIS;MASS_ALTERNATIVE_FOUND;SOURCE_UNIT_PRESERVED;DIRECT_RECORD_DISABLED;SEARCH_RANK_DEMOTED,D301-022000000-0001,,false,true,
11430,D601-022000000-0001,쌀밥,밥류,해당없음,해당없음,해당없음,100ml,120,100,ml,120,MASS_ALTERNATIVE_AVAILABLE,SOLID_WITH_VOLUME_BASIS;MASS_ALTERNATIVE_FOUND;SOURCE_UNIT_PRESERVED;DIRECT_RECORD_DISABLED;SEARCH_RANK_DEMOTED,D301-022000000-0001,,false,true,
11431,D603-162000000-0001,쌀국수,면 및 만두류,해당없음,해당없음,해당없음,100ml,66,100,ml,66,MASS_ALTERNATIVE_AVAILABLE,SOLID_WITH_VOLUME_BASIS;MASS_ALTERNATIVE_FOUND;SOURCE_UNIT_PRESERVED;DIRECT_RECORD_DISABLED;SEARCH_RANK_DEMOTED,D303-162000000-0001,,false,true,
11432,D503-162000000-0001,쌀국수,면 및 만두류,해당없음,해당없음,해당없음,100ml,67,100,ml,67,MASS_ALTERNATIVE_AVAILABLE,SOLID_WITH_VOLUME_BASIS;MASS_ALTERNATIVE_FOUND;SOURCE_UNIT_PRESERVED;DIRECT_RECORD_DISABLED;SEARCH_RANK_DEMOTED,D303-162000000-0001,,false,true,
11433,D403-162000000-0001,쌀국수,면 및 만두류,해당없음,해당없음,해당없음,100ml,58,100,ml,58,MASS_ALTERNATIVE_AVAILABLE,SOLID_WITH_VOLUME_BASIS;MASS_ALTERNATIVE_FOUND;SOURCE_UNIT_PRESERVED;DIRECT_RECORD_DISABLED;SEARCH_RANK_DEMOTED,D303-162000000-0001,,false,true,
11434,D703-162000000-0001,쌀국수,면 및 만두류,해당없음,해당없음,해당없음,100ml,66,100,ml,66,MASS_ALTERNATIVE_AVAILABLE,SOLID_WITH_VOLUME_BASIS;MASS_ALTERNATIVE_FOUND;SOURCE_UNIT_PRESERVED;DIRECT_RECORD_DISABLED;SEARCH_RANK_DEMOTED,D303-162000000-0001,,false,true,
11444,D612-605000000-0001,식빵튀김,튀김류,해당없음,해당없음,해당없음,100ml,262,100,ml,262,VOLUME_ONLY_UNRESOLVED,SOLID_WITH_VOLUME_BASIS;VOLUME_ONLY_NO_SAFE_ALTERNATIVE;SOURCE_UNIT_PRESERVED;DIRECT_RECORD_DISABLED;SEARCH_RANK_DEMOTED,,,false,true,
11445,D412-605000000-0001,식빵튀김,튀김류,해당없음,해당없음,해당없음,100ml,309,100,ml,309,VOLUME_ONLY_UNRESOLVED,SOLID_WITH_VOLUME_BASIS;VOLUME_ONLY_NO_SAFE_ALTERNATIVE;SOURCE_UNIT_PRESERVED;DIRECT_RECORD_DISABLED;SEARCH_RANK_DEMOTED,,,false,true,
11446,D512-605000000-0001,식빵튀김,튀김류,해당없음,해당없음,해당없음,100ml,262,100,ml,262,VOLUME_ONLY_UNRESOLVED,SOLID_WITH_VOLUME_BASIS;VOLUME_ONLY_NO_SAFE_ALTERNATIVE;SOURCE_UNIT_PRESERVED;DIRECT_RECORD_DISABLED;SEARCH_RANK_DEMOTED,,,false,true,
11552,D502-133470000-0001,시리얼_우유,빵 및 과자류,우유,해당없음,해당없음,100ml,85,100,ml,85,VOLUME_ONLY_UNRESOLVED,SOLID_WITH_VOLUME_BASIS;VOLUME_ONLY_NO_SAFE_ALTERNATIVE;SOURCE_UNIT_PRESERVED;DIRECT_RECORD_DISABLED;SEARCH_RANK_DEMOTED,,,false,true,
11558,D413-587013200-0001,시래기나물_간장_소금,나물·숙채류,간장,소금,해당없음,100ml,30,100,ml,30,VOLUME_ONLY_UNRESOLVED,SOLID_WITH_VOLUME_BASIS;VOLUME_ONLY_NO_SAFE_ALTERNATIVE;SOURCE_UNIT_PRESERVED;DIRECT_RECORD_DISABLED;SEARCH_RANK_DEMOTED,,,false,true,
11559,D613-587000000-0001,시래기나물,나물·숙채류,해당없음,해당없음,해당없음,100ml,58,100,ml,58,VOLUME_ONLY_UNRESOLVED,SOLID_WITH_VOLUME_BASIS;VOLUME_ONLY_NO_SAFE_ALTERNATIVE;SOURCE_UNIT_PRESERVED;DIRECT_RECORD_DISABLED;SEARCH_RANK_DEMOTED,,,false,true,
11560,D413-587000000-0001,시래기나물,나물·숙채류,해당없음,해당없음,해당없음,100ml,60,100,ml,60,VOLUME_ONLY_UNRESOLVED,SOLID_WITH_VOLUME_BASIS;VOLUME_ONLY_NO_SAFE_ALTERNATIVE;SOURCE_UNIT_PRESERVED;DIRECT_RECORD_DISABLED;SEARCH_RANK_DEMOTED,,,false,true,
11561,D513-587000000-0001,시래기나물,나물·숙채류,해당없음,해당없음,해당없음,100ml,58,100,ml,58,VOLUME_ONLY_UNRESOLVED,SOLID_WITH_VOLUME_BASIS;VOLUME_ONLY_NO_SAFE_ALTERNATIVE;SOURCE_UNIT_PRESERVED;DIRECT_RECORD_DISABLED;SEARCH_RANK_DEMOTED,,,false,true,
11562,D713-587000000-0001,시래기나물,나물·숙채류,해당없음,해당없음,해당없음,100ml,60,100,ml,60,VOLUME_ONLY_UNRESOLVED,SOLID_WITH_VOLUME_BASIS;VOLUME_ONLY_NO_SAFE_ALTERNATIVE;SOURCE_UNIT_PRESERVED;DIRECT_RECORD_DISABLED;SEARCH_RANK_DEMOTED,,,false,true,
11567,D713-586170000-0001,시금치나물_소금,나물·숙채류,소금,해당없음,해당없음,100ml,49,100,ml,49,VOLUME_ONLY_UNRESOLVED,SOLID_WITH_VOLUME_BASIS;VOLUME_ONLY_NO_SAFE_ALTERNATIVE;SOURCE_UNIT_PRESERVED;DIRECT_RECORD_DISABLED;SEARCH_RANK_DEMOTED,,,false,true,
11568,D713-586110000-0001,시금치나물_당근,나물·숙채류,당근,해당없음,해당없음,100ml,23,100,ml,23,VOLUME_ONLY_UNRESOLVED,SOLID_WITH_VOLUME_BASIS;VOLUME_ONLY_NO_SAFE_ALTERNATIVE;SOURCE_UNIT_PRESERVED;DIRECT_RECORD_DISABLED;SEARCH_RANK_DEMOTED,,,false,true,
11569,D413-586110000-0001,시금치나물_당근,나물·숙채류,당근,해당없음,해당없음,100ml,23,100,ml,23,VOLUME_ONLY_UNRESOLVED,SOLID_WITH_VOLUME_BASIS;VOLUME_ONLY_NO_SAFE_ALTERNATIVE;SOURCE_UNIT_PRESERVED;DIRECT_RECORD_DISABLED;SEARCH_RANK_DEMOTED,,,false,true,
11570,D413-586020000-0001,시금치나물_고추장,나물·숙채류,고추장,해당없음,해당없음,100ml,24,100,ml,24,VOLUME_ONLY_UNRESOLVED,SOLID_WITH_VOLUME_BASIS;VOLUME_ONLY_NO_SAFE_ALTERNATIVE;SOURCE_UNIT_PRESERVED;DIRECT_RECORD_DISABLED;SEARCH_RANK_DEMOTED,,,false,true,
11571,D513-586020000-0001,시금치나물_고추장,나물·숙채류,고추장,해당없음,해당없음,100ml,35,100,ml,35,VOLUME_ONLY_UNRESOLVED,SOLID_WITH_VOLUME_BASIS;VOLUME_ONLY_NO_SAFE_ALTERNATIVE;SOURCE_UNIT_PRESERVED;DIRECT_RECORD_DISABLED;SEARCH_RANK_DEMOTED,,,false,true,
11572,D613-586013200-0001,시금치나물_간장_소금,나물·숙채류,간장,소금,해당없음,100ml,27,100,ml,27,VOLUME_ONLY_UNRESOLVED,SOLID_WITH_VOLUME_BASIS;VOLUME_ONLY_NO_SAFE_ALTERNATIVE;SOURCE_UNIT_PRESERVED;DIRECT_RECORD_DISABLED;SEARCH_RANK_DEMOTED,,,false,true,
11573,D713-586013200-0001,시금치나물_간장_소금,나물·숙채류,간장,소금,해당없음,100ml,25,100,ml,25,VOLUME_ONLY_UNRESOLVED,SOLID_WITH_VOLUME_BASIS;VOLUME_ONLY_NO_SAFE_ALTERNATIVE;SOURCE_UNIT_PRESERVED;DIRECT_RECORD_DISABLED;SEARCH_RANK_DEMOTED,,,false,true,
11574,D513-586013200-0001,시금치나물_간장_소금,나물·숙채류,간장,소금,해당없음,100ml,27,100,ml,27,VOLUME_ONLY_UNRESOLVED,SOLID_WITH_VOLUME_BASIS;VOLUME_ONLY_NO_SAFE_ALTERNATIVE;SOURCE_UNIT_PRESERVED;DIRECT_RECORD_DISABLED;SEARCH_RANK_DEMOTED,,,false,true,
11575,D613-586010000-0001,시금치나물_간장,나물·숙채류,간장,해당없음,해당없음,100ml,35,100,ml,35,VOLUME_ONLY_UNRESOLVED,SOLID_WITH_VOLUME_BASIS;VOLUME_ONLY_NO_SAFE_ALTERNATIVE;SOURCE_UNIT_PRESERVED;DIRECT_RECORD_DISABLED;SEARCH_RANK_DEMOTED,,,false,true,
11576,D513-586010000-0001,시금치나물_간장,나물·숙채류,간장,해당없음,해당없음,100ml,41,100,ml,41,VOLUME_ONLY_UNRESOLVED,SOLID_WITH_VOLUME_BASIS;VOLUME_ONLY_NO_SAFE_ALTERNATIVE;SOURCE_UNIT_PRESERVED;DIRECT_RECORD_DISABLED;SEARCH_RANK_DEMOTED,,,false,true,
11577,D613-586000000-0001,시금치나물,나물·숙채류,해당없음,해당없음,해당없음,100ml,27,100,ml,27,MASS_ALTERNATIVE_AVAILABLE,SOLID_WITH_VOLUME_BASIS;MASS_ALTERNATIVE_FOUND;SOURCE_UNIT_PRESERVED;DIRECT_RECORD_DISABLED;SEARCH_RANK_DEMOTED,D113-586000000-0001,,false,true,
11579,D713-586000000-0001,시금치나물,나물·숙채류,해당없음,해당없음,해당없음,100ml,25,100,ml,25,MASS_ALTERNATIVE_AVAILABLE,SOLID_WITH_VOLUME_BASIS;MASS_ALTERNATIVE_FOUND;SOURCE_UNIT_PRESERVED;DIRECT_RECORD_DISABLED;SEARCH_RANK_DEMOTED,D113-586000000-0001,,false,true,
11580,D513-586000000-0001,시금치나물,나물·숙채류,해당없음,해당없음,해당없음,100ml,27,100,ml,27,MASS_ALTERNATIVE_AVAILABLE,SOLID_WITH_VOLUME_BASIS;MASS_ALTERNATIVE_FOUND;SOURCE_UNIT_PRESERVED;DIRECT_RECORD_DISABLED;SEARCH_RANK_DEMOTED,D113-586000000-0001,,false,true,
11585,D414-695000000-0001,시금치 겉절이,생채·무침류,해당없음,해당없음,해당없음,100ml,54,100,ml,54,VOLUME_ONLY_UNRESOLVED,SOLID_WITH_VOLUME_BASIS;VOLUME_ONLY_NO_SAFE_ALTERNATIVE;SOURCE_UNIT_PRESERVED;DIRECT_RECORD_DISABLED;SEARCH_RANK_DEMOTED,,,false,true,
11586,D714-695000000-0001,시금치 겉절이,생채·무침류,해당없음,해당없음,해당없음,100ml,54,100,ml,54,VOLUME_ONLY_UNRESOLVED,SOLID_WITH_VOLUME_BASIS;VOLUME_ONLY_NO_SAFE_ALTERNATIVE;SOURCE_UNIT_PRESERVED;DIRECT_RECORD_DISABLED;SEARCH_RANK_DEMOTED,,,false,true,
11609,D703-161490000-0001,스파게티_토마토소스,면 및 만두류,토마토소스,해당없음,해당없음,100ml,116,100,ml,116,MASS_ALTERNATIVE_AVAILABLE,SOLID_WITH_VOLUME_BASIS;MASS_ALTERNATIVE_FOUND;SOURCE_UNIT_PRESERVED;DIRECT_RECORD_DISABLED;SEARCH_RANK_DEMOTED,D303-161490000-0001,,false,true,
11626,D703-161230000-0001,스파게티_미트소스,면 및 만두류,미트소스,해당없음,해당없음,100ml,108,100,ml,108,VOLUME_ONLY_UNRESOLVED,SOLID_WITH_VOLUME_BASIS;VOLUME_ONLY_NO_SAFE_ALTERNATIVE;SOURCE_UNIT_PRESERVED;DIRECT_RECORD_DISABLED;SEARCH_RANK_DEMOTED,,,false,true,
11653,D703-161000000-0001,스파게티,면 및 만두류,해당없음,해당없음,해당없음,100ml,100,100,ml,100,VOLUME_ONLY_UNRESOLVED,SOLID_WITH_VOLUME_BASIS;VOLUME_ONLY_NO_SAFE_ALTERNATIVE;SOURCE_UNIT_PRESERVED;DIRECT_RECORD_DISABLED;SEARCH_RANK_DEMOTED,,,false,true,
11654,D503-161000000-0001,스파게티,면 및 만두류,해당없음,해당없음,해당없음,100ml,164,100,ml,164,VOLUME_ONLY_UNRESOLVED,SOLID_WITH_VOLUME_BASIS;VOLUME_ONLY_NO_SAFE_ALTERNATIVE;SOURCE_UNIT_PRESERVED;DIRECT_RECORD_DISABLED;SEARCH_RANK_DEMOTED,,,false,true,
11655,D403-161000000-0001,스파게티,면 및 만두류,해당없음,해당없음,해당없음,100ml,138,100,ml,138,VOLUME_ONLY_UNRESOLVED,SOLID_WITH_VOLUME_BASIS;VOLUME_ONLY_NO_SAFE_ALTERNATIVE;SOURCE_UNIT_PRESERVED;DIRECT_RECORD_DISABLED;SEARCH_RANK_DEMOTED,,,false,true,
11656,D603-161000000-0001,스파게티,면 및 만두류,해당없음,해당없음,해당없음,100ml,163,100,ml,163,VOLUME_ONLY_UNRESOLVED,SOLID_WITH_VOLUME_BASIS;VOLUME_ONLY_NO_SAFE_ALTERNATIVE;SOURCE_UNIT_PRESERVED;DIRECT_RECORD_DISABLED;SEARCH_RANK_DEMOTED,,,false,true,
11670,D409-433000000-0001,스크램블드에그,전·적 및 부침류,해당없음,해당없음,해당없음,100ml,164,100,ml,164,MASS_ALTERNATIVE_AVAILABLE,SOLID_WITH_VOLUME_BASIS;MASS_ALTERNATIVE_FOUND;SOURCE_UNIT_PRESERVED;DIRECT_RECORD_DISABLED;SEARCH_RANK_DEMOTED,D109-433000000-0001;D309-433000000-0001,,false,true,
11671,D509-433000000-0001,스크램블드에그,전·적 및 부침류,해당없음,해당없음,해당없음,100ml,206,100,ml,206,MASS_ALTERNATIVE_AVAILABLE,SOLID_WITH_VOLUME_BASIS;MASS_ALTERNATIVE_FOUND;SOURCE_UNIT_PRESERVED;DIRECT_RECORD_DISABLED;SEARCH_RANK_DEMOTED,D109-433000000-0001;D309-433000000-0001,,false,true,
11672,D709-433000000-0001,스크램블드에그,전·적 및 부침류,해당없음,해당없음,해당없음,100ml,164,100,ml,164,MASS_ALTERNATIVE_AVAILABLE,SOLID_WITH_VOLUME_BASIS;MASS_ALTERNATIVE_FOUND;SOURCE_UNIT_PRESERVED;DIRECT_RECORD_DISABLED;SEARCH_RANK_DEMOTED,D109-433000000-0001;D309-433000000-0001,,false,true,
11675,D609-433000000-0001,스크램블드에그,전·적 및 부침류,해당없음,해당없음,해당없음,100ml,88,100,ml,88,MASS_ALTERNATIVE_AVAILABLE,SOLID_WITH_VOLUME_BASIS;MASS_ALTERNATIVE_FOUND;SOURCE_UNIT_PRESERVED;DIRECT_RECORD_DISABLED;SEARCH_RANK_DEMOTED,D109-433000000-0001;D309-433000000-0001,,false,true,
12839,D610-483320000-0001,순대볶음_채소,볶음류,채소,해당없음,해당없음,100ml,99,100,ml,99,VOLUME_ONLY_UNRESOLVED,SOLID_WITH_VOLUME_BASIS;VOLUME_ONLY_NO_SAFE_ALTERNATIVE;SOURCE_UNIT_PRESERVED;DIRECT_RECORD_DISABLED;SEARCH_RANK_DEMOTED,,,false,true,
12840,D410-483320000-0001,순대볶음_채소,볶음류,채소,해당없음,해당없음,100ml,89,100,ml,89,VOLUME_ONLY_UNRESOLVED,SOLID_WITH_VOLUME_BASIS;VOLUME_ONLY_NO_SAFE_ALTERNATIVE;SOURCE_UNIT_PRESERVED;DIRECT_RECORD_DISABLED;SEARCH_RANK_DEMOTED,,,false,true,
12841,D510-483320000-0001,순대볶음_채소,볶음류,채소,해당없음,해당없음,100ml,100,100,ml,100,VOLUME_ONLY_UNRESOLVED,SOLID_WITH_VOLUME_BASIS;VOLUME_ONLY_NO_SAFE_ALTERNATIVE;SOURCE_UNIT_PRESERVED;DIRECT_RECORD_DISABLED;SEARCH_RANK_DEMOTED,,,false,true,
12842,D710-483320000-0001,순대볶음_채소,볶음류,채소,해당없음,해당없음,100ml,89,100,ml,89,VOLUME_ONLY_UNRESOLVED,SOLID_WITH_VOLUME_BASIS;VOLUME_ONLY_NO_SAFE_ALTERNATIVE;SOURCE_UNIT_PRESERVED;DIRECT_RECORD_DISABLED;SEARCH_RANK_DEMOTED,,,false,true,
12844,D710-483180000-0001,순대볶음_떡,볶음류,떡,해당없음,해당없음,100ml,92,100,ml,92,VOLUME_ONLY_UNRESOLVED,SOLID_WITH_VOLUME_BASIS;VOLUME_ONLY_NO_SAFE_ALTERNATIVE;SOURCE_UNIT_PRESERVED;DIRECT_RECORD_DISABLED;SEARCH_RANK_DEMOTED,,,false,true,
12845,D410-483100000-0001,순대볶음_곱창,볶음류,곱창,해당없음,해당없음,100ml,115,100,ml,115,VOLUME_ONLY_UNRESOLVED,SOLID_WITH_VOLUME_BASIS;VOLUME_ONLY_NO_SAFE_ALTERNATIVE;SOURCE_UNIT_PRESERVED;DIRECT_RECORD_DISABLED;SEARCH_RANK_DEMOTED,,,false,true,
12849,D610-483000000-0001,순대볶음,볶음류,해당없음,해당없음,해당없음,100ml,100,100,ml,100,MASS_ALTERNATIVE_AVAILABLE,SOLID_WITH_VOLUME_BASIS;MASS_ALTERNATIVE_FOUND;SOURCE_UNIT_PRESERVED;DIRECT_RECORD_DISABLED;SEARCH_RANK_DEMOTED,D310-483000000-0004,,false,true,
12850,D710-483000000-0001,순대볶음,볶음류,해당없음,해당없음,해당없음,100ml,89,100,ml,89,MASS_ALTERNATIVE_AVAILABLE,SOLID_WITH_VOLUME_BASIS;MASS_ALTERNATIVE_FOUND;SOURCE_UNIT_PRESERVED;DIRECT_RECORD_DISABLED;SEARCH_RANK_DEMOTED,D310-483000000-0004,,false,true,
12852,D510-483000000-0001,순대볶음,볶음류,해당없음,해당없음,해당없음,100ml,101,100,ml,101,MASS_ALTERNATIVE_AVAILABLE,SOLID_WITH_VOLUME_BASIS;MASS_ALTERNATIVE_FOUND;SOURCE_UNIT_PRESERVED;DIRECT_RECORD_DISABLED;SEARCH_RANK_DEMOTED,D310-483000000-0004,,false,true,
12853,D410-483000000-0001,순대볶음,볶음류,해당없음,해당없음,해당없음,100ml,150,100,ml,150,MASS_ALTERNATIVE_AVAILABLE,SOLID_WITH_VOLUME_BASIS;MASS_ALTERNATIVE_FOUND;SOURCE_UNIT_PRESERVED;DIRECT_RECORD_DISABLED;SEARCH_RANK_DEMOTED,D310-483000000-0004,,false,true,
12861,D607-337000000-0001,순대,찜류,해당없음,해당없음,해당없음,100ml,165,100,ml,165,MASS_ALTERNATIVE_AVAILABLE,SOLID_WITH_VOLUME_BASIS;MASS_ALTERNATIVE_FOUND;SOURCE_UNIT_PRESERVED;DIRECT_RECORD_DISABLED;SEARCH_RANK_DEMOTED,D107-337000000-0001;D307-337000000-0001,,false,true,
12864,D707-337000000-0001,순대,찜류,해당없음,해당없음,해당없음,100ml,252,100,ml,252,MASS_ALTERNATIVE_AVAILABLE,SOLID_WITH_VOLUME_BASIS;MASS_ALTERNATIVE_FOUND;SOURCE_UNIT_PRESERVED;DIRECT_RECORD_DISABLED;SEARCH_RANK_DEMOTED,D107-337000000-0001;D307-337000000-0001,,false,true,
12865,D507-337000000-0001,순대,찜류,해당없음,해당없음,해당없음,100ml,165,100,ml,165,MASS_ALTERNATIVE_AVAILABLE,SOLID_WITH_VOLUME_BASIS;MASS_ALTERNATIVE_FOUND;SOURCE_UNIT_PRESERVED;DIRECT_RECORD_DISABLED;SEARCH_RANK_DEMOTED,D107-337000000-0001;D307-337000000-0001,,false,true,
12866,D501-072000000-0001,순 현미밥,밥류,해당없음,해당없음,해당없음,100ml,129,100,ml,129,VOLUME_ONLY_UNRESOLVED,SOLID_WITH_VOLUME_BASIS;VOLUME_ONLY_NO_SAFE_ALTERNATIVE;SOURCE_UNIT_PRESERVED;DIRECT_RECORD_DISABLED;SEARCH_RANK_DEMOTED,,,false,true,
12867,D613-585000000-0001,숙주미나리나물,나물·숙채류,해당없음,해당없음,해당없음,100ml,18,100,ml,18,VOLUME_ONLY_UNRESOLVED,SOLID_WITH_VOLUME_BASIS;VOLUME_ONLY_NO_SAFE_ALTERNATIVE;SOURCE_UNIT_PRESERVED;DIRECT_RECORD_DISABLED;SEARCH_RANK_DEMOTED,,,false,true,
12868,D513-585000000-0001,숙주미나리나물,나물·숙채류,해당없음,해당없음,해당없음,100ml,17,100,ml,17,VOLUME_ONLY_UNRESOLVED,SOLID_WITH_VOLUME_BASIS;VOLUME_ONLY_NO_SAFE_ALTERNATIVE;SOURCE_UNIT_PRESERVED;DIRECT_RECORD_DISABLED;SEARCH_RANK_DEMOTED,,,false,true,
12869,D713-585000000-0001,숙주미나리나물,나물·숙채류,해당없음,해당없음,해당없음,100ml,18,100,ml,18,VOLUME_ONLY_UNRESOLVED,SOLID_WITH_VOLUME_BASIS;VOLUME_ONLY_NO_SAFE_ALTERNATIVE;SOURCE_UNIT_PRESERVED;DIRECT_RECORD_DISABLED;SEARCH_RANK_DEMOTED,,,false,true,
12870,D513-584074300-0001,숙주나물_숙주_채소,나물·숙채류,숙주,채소,해당없음,100ml,19,100,ml,19,VOLUME_ONLY_UNRESOLVED,SOLID_WITH_VOLUME_BASIS;VOLUME_ONLY_NO_SAFE_ALTERNATIVE;SOURCE_UNIT_PRESERVED;DIRECT_RECORD_DISABLED;SEARCH_RANK_DEMOTED,,,false,true,
12871,D713-584074300-0001,숙주나물_숙주_채소,나물·숙채류,숙주,채소,해당없음,100ml,15,100,ml,15,VOLUME_ONLY_UNRESOLVED,SOLID_WITH_VOLUME_BASIS;VOLUME_ONLY_NO_SAFE_ALTERNATIVE;SOURCE_UNIT_PRESERVED;DIRECT_RECORD_DISABLED;SEARCH_RANK_DEMOTED,,,false,true,
12872,D613-584070200-0001,숙주나물_숙주_게맛살,나물·숙채류,숙주,게맛살,해당없음,100ml,28,100,ml,28,VOLUME_ONLY_UNRESOLVED,SOLID_WITH_VOLUME_BASIS;VOLUME_ONLY_NO_SAFE_ALTERNATIVE;SOURCE_UNIT_PRESERVED;DIRECT_RECORD_DISABLED;SEARCH_RANK_DEMOTED,,,false,true,
12873,D713-584070000-0001,숙주나물_숙주,나물·숙채류,숙주,해당없음,해당없음,100ml,15,100,ml,15,VOLUME_ONLY_UNRESOLVED,SOLID_WITH_VOLUME_BASIS;VOLUME_ONLY_NO_SAFE_ALTERNATIVE;SOURCE_UNIT_PRESERVED;DIRECT_RECORD_DISABLED;SEARCH_RANK_DEMOTED,,,false,true,
12874,D513-584070000-0001,숙주나물_숙주,나물·숙채류,숙주,해당없음,해당없음,100ml,21,100,ml,21,VOLUME_ONLY_UNRESOLVED,SOLID_WITH_VOLUME_BASIS;VOLUME_ONLY_NO_SAFE_ALTERNATIVE;SOURCE_UNIT_PRESERVED;DIRECT_RECORD_DISABLED;SEARCH_RANK_DEMOTED,,,false,true,
12875,D613-584070000-0001,숙주나물_숙주,나물·숙채류,숙주,해당없음,해당없음,100ml,17,100,ml,17,VOLUME_ONLY_UNRESOLVED,SOLID_WITH_VOLUME_BASIS;VOLUME_ONLY_NO_SAFE_ALTERNATIVE;SOURCE_UNIT_PRESERVED;DIRECT_RECORD_DISABLED;SEARCH_RANK_DEMOTED,,,false,true,
12876,D413-584150000-0001,숙주나물_미나리,나물·숙채류,미나리,해당없음,해당없음,100ml,18,100,ml,18,VOLUME_ONLY_UNRESOLVED,SOLID_WITH_VOLUME_BASIS;VOLUME_ONLY_NO_SAFE_ALTERNATIVE;SOURCE_UNIT_PRESERVED;DIRECT_RECORD_DISABLED;SEARCH_RANK_DEMOTED,,,false,true,
12877,D513-584150000-0001,숙주나물_미나리,나물·숙채류,미나리,해당없음,해당없음,100ml,17,100,ml,17,VOLUME_ONLY_UNRESOLVED,SOLID_WITH_VOLUME_BASIS;VOLUME_ONLY_NO_SAFE_ALTERNATIVE;SOURCE_UNIT_PRESERVED;DIRECT_RECORD_DISABLED;SEARCH_RANK_DEMOTED,,,false,true,
12878,D713-584150000-0001,숙주나물_미나리,나물·숙채류,미나리,해당없음,해당없음,100ml,18,100,ml,18,VOLUME_ONLY_UNRESOLVED,SOLID_WITH_VOLUME_BASIS;VOLUME_ONLY_NO_SAFE_ALTERNATIVE;SOURCE_UNIT_PRESERVED;DIRECT_RECORD_DISABLED;SEARCH_RANK_DEMOTED,,,false,true,
12879,D613-584150000-0001,숙주나물_미나리,나물·숙채류,미나리,해당없음,해당없음,100ml,18,100,ml,18,VOLUME_ONLY_UNRESOLVED,SOLID_WITH_VOLUME_BASIS;VOLUME_ONLY_NO_SAFE_ALTERNATIVE;SOURCE_UNIT_PRESERVED;DIRECT_RECORD_DISABLED;SEARCH_RANK_DEMOTED,,,false,true,
12880,D413-584000000-0001,숙주나물,나물·숙채류,해당없음,해당없음,해당없음,100ml,10,100,ml,10,MASS_ALTERNATIVE_AVAILABLE,SOLID_WITH_VOLUME_BASIS;MASS_ALTERNATIVE_FOUND;SOURCE_UNIT_PRESERVED;DIRECT_RECORD_DISABLED;SEARCH_RANK_DEMOTED,D113-584000000-0001,,false,true,
12881,D513-584000000-0001,숙주나물,나물·숙채류,해당없음,해당없음,해당없음,100ml,26,100,ml,26,MASS_ALTERNATIVE_AVAILABLE,SOLID_WITH_VOLUME_BASIS;MASS_ALTERNATIVE_FOUND;SOURCE_UNIT_PRESERVED;DIRECT_RECORD_DISABLED;SEARCH_RANK_DEMOTED,D113-584000000-0001,,false,true,
12882,D713-584000000-0001,숙주나물,나물·숙채류,해당없음,해당없음,해당없음,100ml,10,100,ml,10,MASS_ALTERNATIVE_AVAILABLE,SOLID_WITH_VOLUME_BASIS;MASS_ALTERNATIVE_FOUND;SOURCE_UNIT_PRESERVED;DIRECT_RECORD_DISABLED;SEARCH_RANK_DEMOTED,D113-584000000-0001,,false,true,
12884,D613-584000000-0001,숙주나물,나물·숙채류,해당없음,해당없음,해당없음,100ml,23,100,ml,23,MASS_ALTERNATIVE_AVAILABLE,SOLID_WITH_VOLUME_BASIS;MASS_ALTERNATIVE_FOUND;SOURCE_UNIT_PRESERVED;DIRECT_RECORD_DISABLED;SEARCH_RANK_DEMOTED,D113-584000000-0001,,false,true,
12885,D703-160050000-0001,수제비_김치,면 및 만두류,김치,해당없음,해당없음,100ml,67,100,ml,67,VOLUME_ONLY_UNRESOLVED,SOLID_WITH_VOLUME_BASIS;VOLUME_ONLY_NO_SAFE_ALTERNATIVE;SOURCE_UNIT_PRESERVED;DIRECT_RECORD_DISABLED;SEARCH_RANK_DEMOTED,,,false,true,
12886,D403-160050000-0001,수제비_김치,면 및 만두류,김치,해당없음,해당없음,100ml,67,100,ml,67,VOLUME_ONLY_UNRESOLVED,SOLID_WITH_VOLUME_BASIS;VOLUME_ONLY_NO_SAFE_ALTERNATIVE;SOURCE_UNIT_PRESERVED;DIRECT_RECORD_DISABLED;SEARCH_RANK_DEMOTED,,,false,true,
12887,D503-160520000-0001,수제비_감자,면 및 만두류,감자,해당없음,해당없음,100ml,88,100,ml,88,VOLUME_ONLY_UNRESOLVED,SOLID_WITH_VOLUME_BASIS;VOLUME_ONLY_NO_SAFE_ALTERNATIVE;SOURCE_UNIT_PRESERVED;DIRECT_RECORD_DISABLED;SEARCH_RANK_DEMOTED,,,false,true,
12888,D603-160520000-0001,수제비_감자,면 및 만두류,감자,해당없음,해당없음,100ml,88,100,ml,88,VOLUME_ONLY_UNRESOLVED,SOLID_WITH_VOLUME_BASIS;VOLUME_ONLY_NO_SAFE_ALTERNATIVE;SOURCE_UNIT_PRESERVED;DIRECT_RECORD_DISABLED;SEARCH_RANK_DEMOTED,,,false,true,
12893,D407-335136000-0001,수육_소고기_꼬리,찜류,소고기,꼬리,해당없음,100ml,84,100,ml,84,VOLUME_ONLY_UNRESOLVED,SOLID_WITH_VOLUME_BASIS;VOLUME_ONLY_NO_SAFE_ALTERNATIVE;SOURCE_UNIT_PRESERVED;DIRECT_RECORD_DISABLED;SEARCH_RANK_DEMOTED,,,false,true,
12894,D407-335130000-0001,수육_소고기,찜류,소고기,해당없음,해당없음,100ml,145,100,ml,145,MASS_ALTERNATIVE_AVAILABLE,SOLID_WITH_VOLUME_BASIS;MASS_ALTERNATIVE_FOUND;SOURCE_UNIT_PRESERVED;DIRECT_RECORD_DISABLED;SEARCH_RANK_DEMOTED,D107-335130000-0001,,false,true,
12898,D701-021000000-0001,수수밥,밥류,해당없음,해당없음,해당없음,100ml,120,100,ml,120,MASS_ALTERNATIVE_AVAILABLE,SOLID_WITH_VOLUME_BASIS;MASS_ALTERNATIVE_FOUND;SOURCE_UNIT_PRESERVED;DIRECT_RECORD_DISABLED;SEARCH_RANK_DEMOTED,D101-021000000-0001,,false,true,
12899,D401-021000000-0001,수수밥,밥류,해당없음,해당없음,해당없음,100ml,122,100,ml,122,MASS_ALTERNATIVE_AVAILABLE,SOLID_WITH_VOLUME_BASIS;MASS_ALTERNATIVE_FOUND;SOURCE_UNIT_PRESERVED;DIRECT_RECORD_DISABLED;SEARCH_RANK_DEMOTED,D101-021000000-0001,,false,true,
12901,D601-021000000-0001,수수밥,밥류,해당없음,해당없음,해당없음,100ml,118,100,ml,118,MASS_ALTERNATIVE_AVAILABLE,SOLID_WITH_VOLUME_BASIS;MASS_ALTERNATIVE_FOUND;SOURCE_UNIT_PRESERVED;DIRECT_RECORD_DISABLED;SEARCH_RANK_DEMOTED,D101-021000000-0001,,false,true,
12902,D501-021000000-0001,수수밥,밥류,해당없음,해당없음,해당없음,100ml,121,100,ml,121,MASS_ALTERNATIVE_AVAILABLE,SOLID_WITH_VOLUME_BASIS;MASS_ALTERNATIVE_FOUND;SOURCE_UNIT_PRESERVED;DIRECT_RECORD_DISABLED;SEARCH_RANK_DEMOTED,D101-021000000-0001,,false,true,
12916,D408-428000000-0001,소안심스테이크,구이류,해당없음,해당없음,해당없음,100ml,197,100,ml,197,VOLUME_ONLY_UNRESOLVED,SOLID_WITH_VOLUME_BASIS;VOLUME_ONLY_NO_SAFE_ALTERNATIVE;SOURCE_UNIT_PRESERVED;DIRECT_RECORD_DISABLED;SEARCH_RANK_DEMOTED,,,false,true,
12917,D512-604000000-0001,소시지튀김,튀김류,해당없음,해당없음,해당없음,100ml,280,100,ml,280,VOLUME_ONLY_UNRESOLVED,SOLID_WITH_VOLUME_BASIS;VOLUME_ONLY_NO_SAFE_ALTERNATIVE;SOURCE_UNIT_PRESERVED;DIRECT_RECORD_DISABLED;SEARCH_RANK_DEMOTED,,,false,true,
12918,D612-604000000-0001,소시지튀김,튀김류,해당없음,해당없음,해당없음,100ml,280,100,ml,280,VOLUME_ONLY_UNRESOLVED,SOLID_WITH_VOLUME_BASIS;VOLUME_ONLY_NO_SAFE_ALTERNATIVE;SOURCE_UNIT_PRESERVED;DIRECT_RECORD_DISABLED;SEARCH_RANK_DEMOTED,,,false,true,
12919,D712-604000000-0001,소시지튀김,튀김류,해당없음,해당없음,해당없음,100ml,311,100,ml,311,VOLUME_ONLY_UNRESOLVED,SOLID_WITH_VOLUME_BASIS;VOLUME_ONLY_NO_SAFE_ALTERNATIVE;SOURCE_UNIT_PRESERVED;DIRECT_RECORD_DISABLED;SEARCH_RANK_DEMOTED,,,false,true,
12920,D412-604000000-0001,소시지튀김,튀김류,해당없음,해당없음,해당없음,100ml,309,100,ml,309,VOLUME_ONLY_UNRESOLVED,SOLID_WITH_VOLUME_BASIS;VOLUME_ONLY_NO_SAFE_ALTERNATIVE;SOURCE_UNIT_PRESERVED;DIRECT_RECORD_DISABLED;SEARCH_RANK_DEMOTED,,,false,true,
12921,D711-559150000-0001,소시지조림_어묵,조림류,어묵,해당없음,해당없음,100ml,223,100,ml,223,VOLUME_ONLY_UNRESOLVED,SOLID_WITH_VOLUME_BASIS;VOLUME_ONLY_NO_SAFE_ALTERNATIVE;SOURCE_UNIT_PRESERVED;DIRECT_RECORD_DISABLED;SEARCH_RANK_DEMOTED,,,false,true,
12922,D711-559000000-0001,소시지조림,조림류,해당없음,해당없음,해당없음,100ml,234,100,ml,234,VOLUME_ONLY_UNRESOLVED,SOLID_WITH_VOLUME_BASIS;VOLUME_ONLY_NO_SAFE_ALTERNATIVE;SOURCE_UNIT_PRESERVED;DIRECT_RECORD_DISABLED;SEARCH_RANK_DEMOTED,,,false,true,
12923,D611-559000000-0001,소시지조림,조림류,해당없음,해당없음,해당없음,100ml,196,100,ml,196,VOLUME_ONLY_UNRESOLVED,SOLID_WITH_VOLUME_BASIS;VOLUME_ONLY_NO_SAFE_ALTERNATIVE;SOURCE_UNIT_PRESERVED;DIRECT_RECORD_DISABLED;SEARCH_RANK_DEMOTED,,,false,true,
12924,D710-482320000-0001,소시지볶음_채소,볶음류,채소,해당없음,해당없음,100ml,119,100,ml,119,VOLUME_ONLY_UNRESOLVED,SOLID_WITH_VOLUME_BASIS;VOLUME_ONLY_NO_SAFE_ALTERNATIVE;SOURCE_UNIT_PRESERVED;DIRECT_RECORD_DISABLED;SEARCH_RANK_DEMOTED,,,false,true,
12925,D610-482320000-0001,소시지볶음_채소,볶음류,채소,해당없음,해당없음,100ml,134,100,ml,134,VOLUME_ONLY_UNRESOLVED,SOLID_WITH_VOLUME_BASIS;VOLUME_ONLY_NO_SAFE_ALTERNATIVE;SOURCE_UNIT_PRESERVED;DIRECT_RECORD_DISABLED;SEARCH_RANK_DEMOTED,,,false,true,
12926,D510-482320000-0001,소시지볶음_채소,볶음류,채소,해당없음,해당없음,100ml,138,100,ml,138,VOLUME_ONLY_UNRESOLVED,SOLID_WITH_VOLUME_BASIS;VOLUME_ONLY_NO_SAFE_ALTERNATIVE;SOURCE_UNIT_PRESERVED;DIRECT_RECORD_DISABLED;SEARCH_RANK_DEMOTED,,,false,true,
12927,D410-482320000-0001,소시지볶음_채소,볶음류,채소,해당없음,해당없음,100ml,134,100,ml,134,VOLUME_ONLY_UNRESOLVED,SOLID_WITH_VOLUME_BASIS;VOLUME_ONLY_NO_SAFE_ALTERNATIVE;SOURCE_UNIT_PRESERVED;DIRECT_RECORD_DISABLED;SEARCH_RANK_DEMOTED,,,false,true,
12928,D510-482000000-0001,소시지볶음,볶음류,해당없음,해당없음,해당없음,100ml,136,100,ml,136,MASS_ALTERNATIVE_AVAILABLE,SOLID_WITH_VOLUME_BASIS;MASS_ALTERNATIVE_FOUND;SOURCE_UNIT_PRESERVED;DIRECT_RECORD_DISABLED;SEARCH_RANK_DEMOTED,D110-482000000-0001;D310-482000000-0001,,false,true,
12929,D710-482000000-0001,소시지볶음,볶음류,해당없음,해당없음,해당없음,100ml,118,100,ml,118,MASS_ALTERNATIVE_AVAILABLE,SOLID_WITH_VOLUME_BASIS;MASS_ALTERNATIVE_FOUND;SOURCE_UNIT_PRESERVED;DIRECT_RECORD_DISABLED;SEARCH_RANK_DEMOTED,D110-482000000-0001;D310-482000000-0001,,false,true,
12932,D410-482000000-0001,소시지볶음,볶음류,해당없음,해당없음,해당없음,100ml,133,100,ml,133,MASS_ALTERNATIVE_AVAILABLE,SOLID_WITH_VOLUME_BASIS;MASS_ALTERNATIVE_FOUND;SOURCE_UNIT_PRESERVED;DIRECT_RECORD_DISABLED;SEARCH_RANK_DEMOTED,D110-482000000-0001;D310-482000000-0001,,false,true,
12933,D610-482000000-0001,소시지볶음,볶음류,해당없음,해당없음,해당없음,100ml,132,100,ml,132,MASS_ALTERNATIVE_AVAILABLE,SOLID_WITH_VOLUME_BASIS;MASS_ALTERNATIVE_FOUND;SOURCE_UNIT_PRESERVED;DIRECT_RECORD_DISABLED;SEARCH_RANK_DEMOTED,D110-482000000-0001;D310-482000000-0001,,false,true,
12935,D410-523000000-0001,소시지 케첩볶음,볶음류,해당없음,해당없음,해당없음,100ml,252,100,ml,252,VOLUME_ONLY_UNRESOLVED,SOLID_WITH_VOLUME_BASIS;VOLUME_ONLY_NO_SAFE_ALTERNATIVE;SOURCE_UNIT_PRESERVED;DIRECT_RECORD_DISABLED;SEARCH_RANK_DEMOTED,,,false,true,
12936,D510-523000000-0001,소시지 케첩볶음,볶음류,해당없음,해당없음,해당없음,100ml,127,100,ml,127,VOLUME_ONLY_UNRESOLVED,SOLID_WITH_VOLUME_BASIS;VOLUME_ONLY_NO_SAFE_ALTERNATIVE;SOURCE_UNIT_PRESERVED;DIRECT_RECORD_DISABLED;SEARCH_RANK_DEMOTED,,,false,true,
12937,D610-523000000-0001,소시지 케첩볶음,볶음류,해당없음,해당없음,해당없음,100ml,234,100,ml,234,VOLUME_ONLY_UNRESOLVED,SOLID_WITH_VOLUME_BASIS;VOLUME_ONLY_NO_SAFE_ALTERNATIVE;SOURCE_UNIT_PRESERVED;DIRECT_RECORD_DISABLED;SEARCH_RANK_DEMOTED,,,false,true,
12938,D710-523000000-0001,소시지 케첩볶음,볶음류,해당없음,해당없음,해당없음,100ml,252,100,ml,252,VOLUME_ONLY_UNRESOLVED,SOLID_WITH_VOLUME_BASIS;VOLUME_ONLY_NO_SAFE_ALTERNATIVE;SOURCE_UNIT_PRESERVED;DIRECT_RECORD_DISABLED;SEARCH_RANK_DEMOTED,,,false,true,
12965,D507-370000000-0001,소사태찜,찜류,해당없음,해당없음,해당없음,100ml,137,100,ml,137,VOLUME_ONLY_UNRESOLVED,SOLID_WITH_VOLUME_BASIS;VOLUME_ONLY_NO_SAFE_ALTERNATIVE;SOURCE_UNIT_PRESERVED;DIRECT_RECORD_DISABLED;SEARCH_RANK_DEMOTED,,,false,true,
12966,D707-370000000-0001,소사태찜,찜류,해당없음,해당없음,해당없음,100ml,96,100,ml,96,VOLUME_ONLY_UNRESOLVED,SOLID_WITH_VOLUME_BASIS;VOLUME_ONLY_NO_SAFE_ALTERNATIVE;SOURCE_UNIT_PRESERVED;DIRECT_RECORD_DISABLED;SEARCH_RANK_DEMOTED,,,false,true,
12967,D607-370000000-0001,소사태찜,찜류,해당없음,해당없음,해당없음,100ml,137,100,ml,137,VOLUME_ONLY_UNRESOLVED,SOLID_WITH_VOLUME_BASIS;VOLUME_ONLY_NO_SAFE_ALTERNATIVE;SOURCE_UNIT_PRESERVED;DIRECT_RECORD_DISABLED;SEARCH_RANK_DEMOTED,,,false,true,
12968,D508-386070000-0001,소불고기_버섯,구이류,버섯,해당없음,해당없음,100ml,88,100,ml,88,VOLUME_ONLY_UNRESOLVED,SOLID_WITH_VOLUME_BASIS;VOLUME_ONLY_NO_SAFE_ALTERNATIVE;SOURCE_UNIT_PRESERVED;DIRECT_RECORD_DISABLED;SEARCH_RANK_DEMOTED,,,false,true,
12969,D608-386070000-0001,소불고기_버섯,구이류,버섯,해당없음,해당없음,100ml,86,100,ml,86,VOLUME_ONLY_UNRESOLVED,SOLID_WITH_VOLUME_BASIS;VOLUME_ONLY_NO_SAFE_ALTERNATIVE;SOURCE_UNIT_PRESERVED;DIRECT_RECORD_DISABLED;SEARCH_RANK_DEMOTED,,,false,true,
12970,D408-386070000-0001,소불고기_버섯,구이류,버섯,해당없음,해당없음,100ml,97,100,ml,97,VOLUME_ONLY_UNRESOLVED,SOLID_WITH_VOLUME_BASIS;VOLUME_ONLY_NO_SAFE_ALTERNATIVE;SOURCE_UNIT_PRESERVED;DIRECT_RECORD_DISABLED;SEARCH_RANK_DEMOTED,,,false,true,
12973,D508-386000000-0001,소불고기,구이류,해당없음,해당없음,해당없음,100ml,289,100,ml,289,MASS_ALTERNATIVE_AVAILABLE,SOLID_WITH_VOLUME_BASIS;MASS_ALTERNATIVE_FOUND;SOURCE_UNIT_PRESERVED;DIRECT_RECORD_DISABLED;SEARCH_RANK_DEMOTED,D108-386000000-0001;D308-386000000-0001,,false,true,
12974,D608-386000000-0001,소불고기,구이류,해당없음,해당없음,해당없음,100ml,289,100,ml,289,MASS_ALTERNATIVE_AVAILABLE,SOLID_WITH_VOLUME_BASIS;MASS_ALTERNATIVE_FOUND;SOURCE_UNIT_PRESERVED;DIRECT_RECORD_DISABLED;SEARCH_RANK_DEMOTED,D108-386000000-0001;D308-386000000-0001,,false,true,
12975,D708-386000000-0001,소불고기,구이류,해당없음,해당없음,해당없음,100ml,144,100,ml,144,MASS_ALTERNATIVE_AVAILABLE,SOLID_WITH_VOLUME_BASIS;MASS_ALTERNATIVE_FOUND;SOURCE_UNIT_PRESERVED;DIRECT_RECORD_DISABLED;SEARCH_RANK_DEMOTED,D108-386000000-0001;D308-386000000-0001,,false,true,
13022,D714-694000000-0001,소라무침,생채·무침류,해당없음,해당없음,해당없음,100ml,122,100,ml,122,VOLUME_ONLY_UNRESOLVED,SOLID_WITH_VOLUME_BASIS;VOLUME_ONLY_NO_SAFE_ALTERNATIVE;SOURCE_UNIT_PRESERVED;DIRECT_RECORD_DISABLED;SEARCH_RANK_DEMOTED,,,false,true,
13023,D414-694000000-0001,소라무침,생채·무침류,해당없음,해당없음,해당없음,100ml,122,100,ml,122,VOLUME_ONLY_UNRESOLVED,SOLID_WITH_VOLUME_BASIS;VOLUME_ONLY_NO_SAFE_ALTERNATIVE;SOURCE_UNIT_PRESERVED;DIRECT_RECORD_DISABLED;SEARCH_RANK_DEMOTED,,,false,true,
13024,D508-427000000-0001,소등심구이,구이류,해당없음,해당없음,해당없음,100ml,320,100,ml,320,VOLUME_ONLY_UNRESOLVED,SOLID_WITH_VOLUME_BASIS;VOLUME_ONLY_NO_SAFE_ALTERNATIVE;SOURCE_UNIT_PRESERVED;DIRECT_RECORD_DISABLED;SEARCH_RANK_DEMOTED,,,false,true,
13025,D708-427000000-0001,소등심구이,구이류,해당없음,해당없음,해당없음,100ml,320,100,ml,320,VOLUME_ONLY_UNRESOLVED,SOLID_WITH_VOLUME_BASIS;VOLUME_ONLY_NO_SAFE_ALTERNATIVE;SOURCE_UNIT_PRESERVED;DIRECT_RECORD_DISABLED;SEARCH_RANK_DEMOTED,,,false,true,
13026,D408-427000000-0001,소등심구이,구이류,해당없음,해당없음,해당없음,100ml,318,100,ml,318,VOLUME_ONLY_UNRESOLVED,SOLID_WITH_VOLUME_BASIS;VOLUME_ONLY_NO_SAFE_ALTERNATIVE;SOURCE_UNIT_PRESERVED;DIRECT_RECORD_DISABLED;SEARCH_RANK_DEMOTED,,,false,true,
13027,D608-427000000-0001,소등심구이,구이류,해당없음,해당없음,해당없음,100ml,311,100,ml,311,VOLUME_ONLY_UNRESOLVED,SOLID_WITH_VOLUME_BASIS;VOLUME_ONLY_NO_SAFE_ALTERNATIVE;SOURCE_UNIT_PRESERVED;DIRECT_RECORD_DISABLED;SEARCH_RANK_DEMOTED,,,false,true,
13028,D608-426000000-0001,소등심 스테이크,구이류,해당없음,해당없음,해당없음,100ml,223,100,ml,223,VOLUME_ONLY_UNRESOLVED,SOLID_WITH_VOLUME_BASIS;VOLUME_ONLY_NO_SAFE_ALTERNATIVE;SOURCE_UNIT_PRESERVED;DIRECT_RECORD_DISABLED;SEARCH_RANK_DEMOTED,,,false,true,
13029,D508-426000000-0001,소등심 스테이크,구이류,해당없음,해당없음,해당없음,100ml,223,100,ml,223,VOLUME_ONLY_UNRESOLVED,SOLID_WITH_VOLUME_BASIS;VOLUME_ONLY_NO_SAFE_ALTERNATIVE;SOURCE_UNIT_PRESERVED;DIRECT_RECORD_DISABLED;SEARCH_RANK_DEMOTED,,,false,true,
13030,D708-426000000-0001,소등심 스테이크,구이류,해당없음,해당없음,해당없음,100ml,229,100,ml,229,VOLUME_ONLY_UNRESOLVED,SOLID_WITH_VOLUME_BASIS;VOLUME_ONLY_NO_SAFE_ALTERNATIVE;SOURCE_UNIT_PRESERVED;DIRECT_RECORD_DISABLED;SEARCH_RANK_DEMOTED,,,false,true,
13031,D408-426000000-0001,소등심 스테이크,구이류,해당없음,해당없음,해당없음,100ml,270,100,ml,270,VOLUME_ONLY_UNRESOLVED,SOLID_WITH_VOLUME_BASIS;VOLUME_ONLY_NO_SAFE_ALTERNATIVE;SOURCE_UNIT_PRESERVED;DIRECT_RECORD_DISABLED;SEARCH_RANK_DEMOTED,,,false,true,
13032,D408-385000000-0001,소내장구이,구이류,해당없음,해당없음,해당없음,100ml,92,100,ml,92,VOLUME_ONLY_UNRESOLVED,SOLID_WITH_VOLUME_BASIS;VOLUME_ONLY_NO_SAFE_ALTERNATIVE;SOURCE_UNIT_PRESERVED;DIRECT_RECORD_DISABLED;SEARCH_RANK_DEMOTED,,,false,true,
13054,D410-522000000-0001,소곱창 볶음,볶음류,해당없음,해당없음,해당없음,100ml,178,100,ml,178,VOLUME_ONLY_UNRESOLVED,SOLID_WITH_VOLUME_BASIS;VOLUME_ONLY_NO_SAFE_ALTERNATIVE;SOURCE_UNIT_PRESERVED;DIRECT_RECORD_DISABLED;SEARCH_RANK_DEMOTED,,,false,true,
13055,D408-425000000-0001,소곱창 구이,구이류,해당없음,해당없음,해당없음,100ml,171,100,ml,171,VOLUME_ONLY_UNRESOLVED,SOLID_WITH_VOLUME_BASIS;VOLUME_ONLY_NO_SAFE_ALTERNATIVE;SOURCE_UNIT_PRESERVED;DIRECT_RECORD_DISABLED;SEARCH_RANK_DEMOTED,,,false,true,
13056,D412-603000000-0001,소고기튀김,튀김류,해당없음,해당없음,해당없음,100ml,258,100,ml,258,VOLUME_ONLY_UNRESOLVED,SOLID_WITH_VOLUME_BASIS;VOLUME_ONLY_NO_SAFE_ALTERNATIVE;SOURCE_UNIT_PRESERVED;DIRECT_RECORD_DISABLED;SEARCH_RANK_DEMOTED,,,false,true,
13057,D510-521000000-0001,소고기채소볶음,볶음류,해당없음,해당없음,해당없음,100ml,198,100,ml,198,VOLUME_ONLY_UNRESOLVED,SOLID_WITH_VOLUME_BASIS;VOLUME_ONLY_NO_SAFE_ALTERNATIVE;SOURCE_UNIT_PRESERVED;DIRECT_RECORD_DISABLED;SEARCH_RANK_DEMOTED,,,false,true,
13058,D410-521000000-0001,소고기채소볶음,볶음류,해당없음,해당없음,해당없음,100ml,128,100,ml,128,VOLUME_ONLY_UNRESOLVED,SOLID_WITH_VOLUME_BASIS;VOLUME_ONLY_NO_SAFE_ALTERNATIVE;SOURCE_UNIT_PRESERVED;DIRECT_RECORD_DISABLED;SEARCH_RANK_DEMOTED,,,false,true,
13059,D610-521000000-0001,소고기채소볶음,볶음류,해당없음,해당없음,해당없음,100ml,198,100,ml,198,VOLUME_ONLY_UNRESOLVED,SOLID_WITH_VOLUME_BASIS;VOLUME_ONLY_NO_SAFE_ALTERNATIVE;SOURCE_UNIT_PRESERVED;DIRECT_RECORD_DISABLED;SEARCH_RANK_DEMOTED,,,false,true,
13060,D710-521000000-0001,소고기채소볶음,볶음류,해당없음,해당없음,해당없음,100ml,128,100,ml,128,VOLUME_ONLY_UNRESOLVED,SOLID_WITH_VOLUME_BASIS;VOLUME_ONLY_NO_SAFE_ALTERNATIVE;SOURCE_UNIT_PRESERVED;DIRECT_RECORD_DISABLED;SEARCH_RANK_DEMOTED,,,false,true,
13061,D407-369000000-0001,소고기찜,찜류,해당없음,해당없음,해당없음,100ml,121,100,ml,121,VOLUME_ONLY_UNRESOLVED,SOLID_WITH_VOLUME_BASIS;VOLUME_ONLY_NO_SAFE_ALTERNATIVE;SOURCE_UNIT_PRESERVED;DIRECT_RECORD_DISABLED;SEARCH_RANK_DEMOTED,,,false,true,
13062,D707-369000000-0001,소고기찜,찜류,해당없음,해당없음,해당없음,100ml,117,100,ml,117,VOLUME_ONLY_UNRESOLVED,SOLID_WITH_VOLUME_BASIS;VOLUME_ONLY_NO_SAFE_ALTERNATIVE;SOURCE_UNIT_PRESERVED;DIRECT_RECORD_DISABLED;SEARCH_RANK_DEMOTED,,,false,true,
13072,D407-368000000-0001,소고기스튜,찜류,해당없음,해당없음,해당없음,100ml,187,100,ml,187,VOLUME_ONLY_UNRESOLVED,SOLID_WITH_VOLUME_BASIS;VOLUME_ONLY_NO_SAFE_ALTERNATIVE;SOURCE_UNIT_PRESERVED;DIRECT_RECORD_DISABLED;SEARCH_RANK_DEMOTED,,,false,true,
13076,D510-481320000-0001,소고기볶음_채소,볶음류,채소,해당없음,해당없음,100ml,73,100,ml,73,MASS_ALTERNATIVE_AVAILABLE,SOLID_WITH_VOLUME_BASIS;MASS_ALTERNATIVE_FOUND;SOURCE_UNIT_PRESERVED;DIRECT_RECORD_DISABLED;SEARCH_RANK_DEMOTED,D110-481320000-0001,,false,true,
13077,D510-481250000-0001,소고기볶음_버섯,볶음류,버섯,해당없음,해당없음,100ml,72,100,ml,72,MASS_ALTERNATIVE_AVAILABLE,SOLID_WITH_VOLUME_BASIS;MASS_ALTERNATIVE_FOUND;SOURCE_UNIT_PRESERVED;DIRECT_RECORD_DISABLED;SEARCH_RANK_DEMOTED,D110-481250000-0001,,false,true,
13078,D410-481250000-0001,소고기볶음_버섯,볶음류,버섯,해당없음,해당없음,100ml,97,100,ml,97,MASS_ALTERNATIVE_AVAILABLE,SOLID_WITH_VOLUME_BASIS;MASS_ALTERNATIVE_FOUND;SOURCE_UNIT_PRESERVED;DIRECT_RECORD_DISABLED;SEARCH_RANK_DEMOTED,D110-481250000-0001,,false,true,
13080,D710-481250000-0001,소고기볶음_버섯,볶음류,버섯,해당없음,해당없음,100ml,97,100,ml,97,MASS_ALTERNATIVE_AVAILABLE,SOLID_WITH_VOLUME_BASIS;MASS_ALTERNATIVE_FOUND;SOURCE_UNIT_PRESERVED;DIRECT_RECORD_DISABLED;SEARCH_RANK_DEMOTED,D110-481250000-0001,,false,true,
13082,D610-481090000-0001,소고기볶음_고추장,볶음류,고추장,해당없음,해당없음,100ml,157,100,ml,157,MASS_ALTERNATIVE_AVAILABLE,SOLID_WITH_VOLUME_BASIS;MASS_ALTERNATIVE_FOUND;SOURCE_UNIT_PRESERVED;DIRECT_RECORD_DISABLED;SEARCH_RANK_DEMOTED,D110-481090000-0001,,false,true,
13083,D410-481090000-0001,소고기볶음_고추장,볶음류,고추장,해당없음,해당없음,100ml,143,100,ml,143,MASS_ALTERNATIVE_AVAILABLE,SOLID_WITH_VOLUME_BASIS;MASS_ALTERNATIVE_FOUND;SOURCE_UNIT_PRESERVED;DIRECT_RECORD_DISABLED;SEARCH_RANK_DEMOTED,D110-481090000-0001,,false,true,
13084,D510-481090000-0001,소고기볶음_고추장,볶음류,고추장,해당없음,해당없음,100ml,154,100,ml,154,MASS_ALTERNATIVE_AVAILABLE,SOLID_WITH_VOLUME_BASIS;MASS_ALTERNATIVE_FOUND;SOURCE_UNIT_PRESERVED;DIRECT_RECORD_DISABLED;SEARCH_RANK_DEMOTED,D110-481090000-0001,,false,true,
13086,D510-481000000-0001,소고기볶음,볶음류,해당없음,해당없음,해당없음,100ml,237,100,ml,237,VOLUME_ONLY_UNRESOLVED,SOLID_WITH_VOLUME_BASIS;VOLUME_ONLY_NO_SAFE_ALTERNATIVE;SOURCE_UNIT_PRESERVED;DIRECT_RECORD_DISABLED;SEARCH_RANK_DEMOTED,,,false,true,
13087,D710-481000000-0001,소고기볶음,볶음류,해당없음,해당없음,해당없음,100ml,159,100,ml,159,VOLUME_ONLY_UNRESOLVED,SOLID_WITH_VOLUME_BASIS;VOLUME_ONLY_NO_SAFE_ALTERNATIVE;SOURCE_UNIT_PRESERVED;DIRECT_RECORD_DISABLED;SEARCH_RANK_DEMOTED,,,false,true,
13088,D410-481000000-0001,소고기볶음,볶음류,해당없음,해당없음,해당없음,100ml,163,100,ml,163,VOLUME_ONLY_UNRESOLVED,SOLID_WITH_VOLUME_BASIS;VOLUME_ONLY_NO_SAFE_ALTERNATIVE;SOURCE_UNIT_PRESERVED;DIRECT_RECORD_DISABLED;SEARCH_RANK_DEMOTED,,,false,true,
13095,D711-558040000-0001,소고기 장조림_메추리알,조림류,메추리알,해당없음,해당없음,100ml,152,100,ml,152,VOLUME_ONLY_UNRESOLVED,SOLID_WITH_VOLUME_BASIS;VOLUME_ONLY_NO_SAFE_ALTERNATIVE;SOURCE_UNIT_PRESERVED;DIRECT_RECORD_DISABLED;SEARCH_RANK_DEMOTED,,,false,true,
13096,D411-558040000-0001,소고기 장조림_메추리알,조림류,메추리알,해당없음,해당없음,100ml,152,100,ml,152,VOLUME_ONLY_UNRESOLVED,SOLID_WITH_VOLUME_BASIS;VOLUME_ONLY_NO_SAFE_ALTERNATIVE;SOURCE_UNIT_PRESERVED;DIRECT_RECORD_DISABLED;SEARCH_RANK_DEMOTED,,,false,true,
13097,D511-558040000-0001,소고기 장조림_메추리알,조림류,메추리알,해당없음,해당없음,100ml,152,100,ml,152,VOLUME_ONLY_UNRESOLVED,SOLID_WITH_VOLUME_BASIS;VOLUME_ONLY_NO_SAFE_ALTERNATIVE;SOURCE_UNIT_PRESERVED;DIRECT_RECORD_DISABLED;SEARCH_RANK_DEMOTED,,,false,true,
13098,D611-558040000-0001,소고기 장조림_메추리알,조림류,메추리알,해당없음,해당없음,100ml,152,100,ml,152,VOLUME_ONLY_UNRESOLVED,SOLID_WITH_VOLUME_BASIS;VOLUME_ONLY_NO_SAFE_ALTERNATIVE;SOURCE_UNIT_PRESERVED;DIRECT_RECORD_DISABLED;SEARCH_RANK_DEMOTED,,,false,true,
13099,D711-558130000-0001,소고기 장조림_꽈리고추,조림류,꽈리고추,해당없음,해당없음,100ml,132,100,ml,132,VOLUME_ONLY_UNRESOLVED,SOLID_WITH_VOLUME_BASIS;VOLUME_ONLY_NO_SAFE_ALTERNATIVE;SOURCE_UNIT_PRESERVED;DIRECT_RECORD_DISABLED;SEARCH_RANK_DEMOTED,,,false,true,
13100,D711-558000000-0001,소고기 장조림,조림류,해당없음,해당없음,해당없음,100ml,209,100,ml,209,VOLUME_ONLY_UNRESOLVED,SOLID_WITH_VOLUME_BASIS;VOLUME_ONLY_NO_SAFE_ALTERNATIVE;SOURCE_UNIT_PRESERVED;DIRECT_RECORD_DISABLED;SEARCH_RANK_DEMOTED,,,false,true,
13101,D611-558000000-0001,소고기 장조림,조림류,해당없음,해당없음,해당없음,100ml,237,100,ml,237,VOLUME_ONLY_UNRESOLVED,SOLID_WITH_VOLUME_BASIS;VOLUME_ONLY_NO_SAFE_ALTERNATIVE;SOURCE_UNIT_PRESERVED;DIRECT_RECORD_DISABLED;SEARCH_RANK_DEMOTED,,,false,true,
13102,D511-558000000-0001,소고기 장조림,조림류,해당없음,해당없음,해당없음,100ml,230,100,ml,230,VOLUME_ONLY_UNRESOLVED,SOLID_WITH_VOLUME_BASIS;VOLUME_ONLY_NO_SAFE_ALTERNATIVE;SOURCE_UNIT_PRESERVED;DIRECT_RECORD_DISABLED;SEARCH_RANK_DEMOTED,,,false,true,
13103,D411-558000000-0001,소고기 장조림,조림류,해당없음,해당없음,해당없음,100ml,188,100,ml,188,VOLUME_ONLY_UNRESOLVED,SOLID_WITH_VOLUME_BASIS;VOLUME_ONLY_NO_SAFE_ALTERNATIVE;SOURCE_UNIT_PRESERVED;DIRECT_RECORD_DISABLED;SEARCH_RANK_DEMOTED,,,false,true,
13104,D709-452000000-0001,소고기 완자전,전·적 및 부침류,해당없음,해당없음,해당없음,100ml,318,100,ml,318,VOLUME_ONLY_UNRESOLVED,SOLID_WITH_VOLUME_BASIS;VOLUME_ONLY_NO_SAFE_ALTERNATIVE;SOURCE_UNIT_PRESERVED;DIRECT_RECORD_DISABLED;SEARCH_RANK_DEMOTED,,,false,true,
13105,D509-452000000-0001,소고기 완자전,전·적 및 부침류,해당없음,해당없음,해당없음,100ml,314,100,ml,314,VOLUME_ONLY_UNRESOLVED,SOLID_WITH_VOLUME_BASIS;VOLUME_ONLY_NO_SAFE_ALTERNATIVE;SOURCE_UNIT_PRESERVED;DIRECT_RECORD_DISABLED;SEARCH_RANK_DEMOTED,,,false,true,
13106,D609-452000000-0001,소고기 완자전,전·적 및 부침류,해당없음,해당없음,해당없음,100ml,314,100,ml,314,VOLUME_ONLY_UNRESOLVED,SOLID_WITH_VOLUME_BASIS;VOLUME_ONLY_NO_SAFE_ALTERNATIVE;SOURCE_UNIT_PRESERVED;DIRECT_RECORD_DISABLED;SEARCH_RANK_DEMOTED,,,false,true,
13107,D409-452000000-0001,소고기 완자전,전·적 및 부침류,해당없음,해당없음,해당없음,100ml,318,100,ml,318,VOLUME_ONLY_UNRESOLVED,SOLID_WITH_VOLUME_BASIS;VOLUME_ONLY_NO_SAFE_ALTERNATIVE;SOURCE_UNIT_PRESERVED;DIRECT_RECORD_DISABLED;SEARCH_RANK_DEMOTED,,,false,true,
13109,D702-144000000-0001,소고기 샌드위치,빵 및 과자류,해당없음,해당없음,해당없음,100ml,195,100,ml,195,VOLUME_ONLY_UNRESOLVED,SOLID_WITH_VOLUME_BASIS;VOLUME_ONLY_NO_SAFE_ALTERNATIVE;SOURCE_UNIT_PRESERVED;DIRECT_RECORD_DISABLED;SEARCH_RANK_DEMOTED,,,false,true,
13110,D402-144000000-0001,소고기 샌드위치,빵 및 과자류,해당없음,해당없음,해당없음,100ml,203,100,ml,203,VOLUME_ONLY_UNRESOLVED,SOLID_WITH_VOLUME_BASIS;VOLUME_ONLY_NO_SAFE_ALTERNATIVE;SOURCE_UNIT_PRESERVED;DIRECT_RECORD_DISABLED;SEARCH_RANK_DEMOTED,,,false,true,
13111,D602-144000000-0001,소고기 샌드위치,빵 및 과자류,해당없음,해당없음,해당없음,100ml,203,100,ml,203,VOLUME_ONLY_UNRESOLVED,SOLID_WITH_VOLUME_BASIS;VOLUME_ONLY_NO_SAFE_ALTERNATIVE;SOURCE_UNIT_PRESERVED;DIRECT_RECORD_DISABLED;SEARCH_RANK_DEMOTED,,,false,true,
13120,D507-367000000-0001,소고기 떡찜,찜류,해당없음,해당없음,해당없음,100ml,303,100,ml,303,VOLUME_ONLY_UNRESOLVED,SOLID_WITH_VOLUME_BASIS;VOLUME_ONLY_NO_SAFE_ALTERNATIVE;SOURCE_UNIT_PRESERVED;DIRECT_RECORD_DISABLED;SEARCH_RANK_DEMOTED,,,false,true,
13122,D601-071000000-0001,소고기 덮밥,밥류,해당없음,해당없음,해당없음,100ml,120,100,ml,120,VOLUME_ONLY_UNRESOLVED,SOLID_WITH_VOLUME_BASIS;VOLUME_ONLY_NO_SAFE_ALTERNATIVE;SOURCE_UNIT_PRESERVED;DIRECT_RECORD_DISABLED;SEARCH_RANK_DEMOTED,,,false,true,
13123,D501-071000000-0001,소고기 덮밥,밥류,해당없음,해당없음,해당없음,100ml,120,100,ml,120,VOLUME_ONLY_UNRESOLVED,SOLID_WITH_VOLUME_BASIS;VOLUME_ONLY_NO_SAFE_ALTERNATIVE;SOURCE_UNIT_PRESERVED;DIRECT_RECORD_DISABLED;SEARCH_RANK_DEMOTED,,,false,true,
13124,D701-071000000-0001,소고기 덮밥,밥류,해당없음,해당없음,해당없음,100ml,109,100,ml,109,VOLUME_ONLY_UNRESOLVED,SOLID_WITH_VOLUME_BASIS;VOLUME_ONLY_NO_SAFE_ALTERNATIVE;SOURCE_UNIT_PRESERVED;DIRECT_RECORD_DISABLED;SEARCH_RANK_DEMOTED,,,false,true,
13125,D701-070570000-0001,소고기 국밥_내장,밥류,내장,해당없음,해당없음,100ml,62,100,ml,62,VOLUME_ONLY_UNRESOLVED,SOLID_WITH_VOLUME_BASIS;VOLUME_ONLY_NO_SAFE_ALTERNATIVE;SOURCE_UNIT_PRESERVED;DIRECT_RECORD_DISABLED;SEARCH_RANK_DEMOTED,,,false,true,
13126,D501-070570000-0001,소고기 국밥_내장,밥류,내장,해당없음,해당없음,100ml,104,100,ml,104,VOLUME_ONLY_UNRESOLVED,SOLID_WITH_VOLUME_BASIS;VOLUME_ONLY_NO_SAFE_ALTERNATIVE;SOURCE_UNIT_PRESERVED;DIRECT_RECORD_DISABLED;SEARCH_RANK_DEMOTED,,,false,true,
13127,D401-070000000-0001,소고기 국밥,밥류,해당없음,해당없음,해당없음,100ml,66,100,ml,66,VOLUME_ONLY_UNRESOLVED,SOLID_WITH_VOLUME_BASIS;VOLUME_ONLY_NO_SAFE_ALTERNATIVE;SOURCE_UNIT_PRESERVED;DIRECT_RECORD_DISABLED;SEARCH_RANK_DEMOTED,,,false,true,
13130,D407-333220000-0001,소갈비찜_해물,찜류,해물,해당없음,해당없음,100ml,137,100,ml,137,VOLUME_ONLY_UNRESOLVED,SOLID_WITH_VOLUME_BASIS;VOLUME_ONLY_NO_SAFE_ALTERNATIVE;SOURCE_UNIT_PRESERVED;DIRECT_RECORD_DISABLED;SEARCH_RANK_DEMOTED,,,false,true,
13131,D407-333000000-0001,소갈비찜,찜류,해당없음,해당없음,해당없음,100ml,111,100,ml,111,VOLUME_ONLY_UNRESOLVED,SOLID_WITH_VOLUME_BASIS;VOLUME_ONLY_NO_SAFE_ALTERNATIVE;SOURCE_UNIT_PRESERVED;DIRECT_RECORD_DISABLED;SEARCH_RANK_DEMOTED,,,false,true,
13132,D607-333000000-0001,소갈비찜,찜류,해당없음,해당없음,해당없음,100ml,238,100,ml,238,VOLUME_ONLY_UNRESOLVED,SOLID_WITH_VOLUME_BASIS;VOLUME_ONLY_NO_SAFE_ALTERNATIVE;SOURCE_UNIT_PRESERVED;DIRECT_RECORD_DISABLED;SEARCH_RANK_DEMOTED,,,false,true,
13133,D507-333000000-0001,소갈비찜,찜류,해당없음,해당없음,해당없음,100ml,235,100,ml,235,VOLUME_ONLY_UNRESOLVED,SOLID_WITH_VOLUME_BASIS;VOLUME_ONLY_NO_SAFE_ALTERNATIVE;SOURCE_UNIT_PRESERVED;DIRECT_RECORD_DISABLED;SEARCH_RANK_DEMOTED,,,false,true,
13134,D707-333000000-0001,소갈비찜,찜류,해당없음,해당없음,해당없음,100ml,160,100,ml,160,VOLUME_ONLY_UNRESOLVED,SOLID_WITH_VOLUME_BASIS;VOLUME_ONLY_NO_SAFE_ALTERNATIVE;SOURCE_UNIT_PRESERVED;DIRECT_RECORD_DISABLED;SEARCH_RANK_DEMOTED,,,false,true,
13135,D708-424000000-0001,소갈비 구이,구이류,해당없음,해당없음,해당없음,100ml,210,100,ml,210,VOLUME_ONLY_UNRESOLVED,SOLID_WITH_VOLUME_BASIS;VOLUME_ONLY_NO_SAFE_ALTERNATIVE;SOURCE_UNIT_PRESERVED;DIRECT_RECORD_DISABLED;SEARCH_RANK_DEMOTED,,,false,true,
13136,D508-424000000-0001,소갈비 구이,구이류,해당없음,해당없음,해당없음,100ml,210,100,ml,210,VOLUME_ONLY_UNRESOLVED,SOLID_WITH_VOLUME_BASIS;VOLUME_ONLY_NO_SAFE_ALTERNATIVE;SOURCE_UNIT_PRESERVED;DIRECT_RECORD_DISABLED;SEARCH_RANK_DEMOTED,,,false,true,
13137,D608-424000000-0001,소갈비 구이,구이류,해당없음,해당없음,해당없음,100ml,210,100,ml,210,VOLUME_ONLY_UNRESOLVED,SOLID_WITH_VOLUME_BASIS;VOLUME_ONLY_NO_SAFE_ALTERNATIVE;SOURCE_UNIT_PRESERVED;DIRECT_RECORD_DISABLED;SEARCH_RANK_DEMOTED,,,false,true,
13138,D408-424000000-0001,소갈비 구이,구이류,해당없음,해당없음,해당없음,100ml,298,100,ml,298,VOLUME_ONLY_UNRESOLVED,SOLID_WITH_VOLUME_BASIS;VOLUME_ONLY_NO_SAFE_ALTERNATIVE;SOURCE_UNIT_PRESERVED;DIRECT_RECORD_DISABLED;SEARCH_RANK_DEMOTED,,,false,true,
13139,D410-520000000-0001,소간 채소볶음,볶음류,해당없음,해당없음,해당없음,100ml,120,100,ml,120,VOLUME_ONLY_UNRESOLVED,SOLID_WITH_VOLUME_BASIS;VOLUME_ONLY_NO_SAFE_ALTERNATIVE;SOURCE_UNIT_PRESERVED;DIRECT_RECORD_DISABLED;SEARCH_RANK_DEMOTED,,,false,true,
13140,D407-366000000-0001,세발낙지찜,찜류,해당없음,해당없음,해당없음,100ml,74,100,ml,74,VOLUME_ONLY_UNRESOLVED,SOLID_WITH_VOLUME_BASIS;VOLUME_ONLY_NO_SAFE_ALTERNATIVE;SOURCE_UNIT_PRESERVED;DIRECT_RECORD_DISABLED;SEARCH_RANK_DEMOTED,,,false,true,
13141,D710-519000000-0001,세발낙지볶음,볶음류,해당없음,해당없음,해당없음,100ml,68,100,ml,68,VOLUME_ONLY_UNRESOLVED,SOLID_WITH_VOLUME_BASIS;VOLUME_ONLY_NO_SAFE_ALTERNATIVE;SOURCE_UNIT_PRESERVED;DIRECT_RECORD_DISABLED;SEARCH_RANK_DEMOTED,,,false,true,
13142,D510-519000000-0001,세발낙지볶음,볶음류,해당없음,해당없음,해당없음,100ml,88,100,ml,88,VOLUME_ONLY_UNRESOLVED,SOLID_WITH_VOLUME_BASIS;VOLUME_ONLY_NO_SAFE_ALTERNATIVE;SOURCE_UNIT_PRESERVED;DIRECT_RECORD_DISABLED;SEARCH_RANK_DEMOTED,,,false,true,
13143,D610-519000000-0001,세발낙지볶음,볶음류,해당없음,해당없음,해당없음,100ml,68,100,ml,68,VOLUME_ONLY_UNRESOLVED,SOLID_WITH_VOLUME_BASIS;VOLUME_ONLY_NO_SAFE_ALTERNATIVE;SOURCE_UNIT_PRESERVED;DIRECT_RECORD_DISABLED;SEARCH_RANK_DEMOTED,,,false,true,
13155,D415-685000000-0001,섞박지,김치류,해당없음,해당없음,해당없음,100ml,41,100,ml,41,VOLUME_ONLY_UNRESOLVED,SOLID_WITH_VOLUME_BASIS;VOLUME_ONLY_NO_SAFE_ALTERNATIVE;SOURCE_UNIT_PRESERVED;DIRECT_RECORD_DISABLED;SEARCH_RANK_DEMOTED,,,false,true,
13156,D615-685000000-0001,섞박지,김치류,해당없음,해당없음,해당없음,100ml,35,100,ml,35,VOLUME_ONLY_UNRESOLVED,SOLID_WITH_VOLUME_BASIS;VOLUME_ONLY_NO_SAFE_ALTERNATIVE;SOURCE_UNIT_PRESERVED;DIRECT_RECORD_DISABLED;SEARCH_RANK_DEMOTED,,,false,true,
13157,D408-423000000-0001,서대구이,구이류,해당없음,해당없음,해당없음,100ml,161,100,ml,161,VOLUME_ONLY_UNRESOLVED,SOLID_WITH_VOLUME_BASIS;VOLUME_ONLY_NO_SAFE_ALTERNATIVE;SOURCE_UNIT_PRESERVED;DIRECT_RECORD_DISABLED;SEARCH_RANK_DEMOTED,,,false,true,
13169,D412-559130000-0001,생선까스_소스,튀김류,소스,해당없음,해당없음,100ml,232,100,ml,232,VOLUME_ONLY_UNRESOLVED,SOLID_WITH_VOLUME_BASIS;VOLUME_ONLY_NO_SAFE_ALTERNATIVE;SOURCE_UNIT_PRESERVED;DIRECT_RECORD_DISABLED;SEARCH_RANK_DEMOTED,,,false,true,
13171,D412-559000000-0001,생선까스,튀김류,해당없음,해당없음,해당없음,100ml,105,100,ml,105,MASS_ALTERNATIVE_AVAILABLE,SOLID_WITH_VOLUME_BASIS;MASS_ALTERNATIVE_FOUND;SOURCE_UNIT_PRESERVED;DIRECT_RECORD_DISABLED;SEARCH_RANK_DEMOTED,D312-559000000-0001,,false,true,
13172,D612-559000000-0001,생선까스,튀김류,해당없음,해당없음,해당없음,100ml,198,100,ml,198,MASS_ALTERNATIVE_AVAILABLE,SOLID_WITH_VOLUME_BASIS;MASS_ALTERNATIVE_FOUND;SOURCE_UNIT_PRESERVED;DIRECT_RECORD_DISABLED;SEARCH_RANK_DEMOTED,D312-559000000-0001,,false,true,
13173,D712-559000000-0001,생선까스,튀김류,해당없음,해당없음,해당없음,100ml,303,100,ml,303,MASS_ALTERNATIVE_AVAILABLE,SOLID_WITH_VOLUME_BASIS;MASS_ALTERNATIVE_FOUND;SOURCE_UNIT_PRESERVED;DIRECT_RECORD_DISABLED;SEARCH_RANK_DEMOTED,D312-559000000-0001,,false,true,
13174,D512-559000000-0001,생선까스,튀김류,해당없음,해당없음,해당없음,100ml,198,100,ml,198,MASS_ALTERNATIVE_AVAILABLE,SOLID_WITH_VOLUME_BASIS;MASS_ALTERNATIVE_FOUND;SOURCE_UNIT_PRESERVED;DIRECT_RECORD_DISABLED;SEARCH_RANK_DEMOTED,D312-559000000-0001,,false,true,
13209,D714-640300000-0001,샐러드_옥수수,생채·무침류,옥수수,해당없음,해당없음,100ml,131,100,ml,131,MASS_ALTERNATIVE_AVAILABLE,SOLID_WITH_VOLUME_BASIS;MASS_ALTERNATIVE_FOUND;SOURCE_UNIT_PRESERVED;DIRECT_RECORD_DISABLED;SEARCH_RANK_DEMOTED,D114-640300000-0001,,false,true,
13228,D714-640120000-0001,샐러드_마카로니,생채·무침류,마카로니,해당없음,해당없음,100ml,140,100,ml,140,VOLUME_ONLY_UNRESOLVED,SOLID_WITH_VOLUME_BASIS;VOLUME_ONLY_NO_SAFE_ALTERNATIVE;SOURCE_UNIT_PRESERVED;DIRECT_RECORD_DISABLED;SEARCH_RANK_DEMOTED,,,false,true,
13238,D414-640070000-0001,샐러드_단호박,생채·무침류,단호박,해당없음,해당없음,100ml,128,100,ml,128,MASS_ALTERNATIVE_AVAILABLE,SOLID_WITH_VOLUME_BASIS;MASS_ALTERNATIVE_FOUND;SOURCE_UNIT_PRESERVED;DIRECT_RECORD_DISABLED;SEARCH_RANK_DEMOTED,D114-640070000-0001,,false,true,
13248,D614-640020000-0001,샐러드_감자,생채·무침류,감자,해당없음,해당없음,100ml,163,100,ml,163,MASS_ALTERNATIVE_AVAILABLE,SOLID_WITH_VOLUME_BASIS;MASS_ALTERNATIVE_FOUND;SOURCE_UNIT_PRESERVED;DIRECT_RECORD_DISABLED;SEARCH_RANK_DEMOTED,D114-640020000-0001,,false,true,
13491,D712-570000000-0001,새우튀김,튀김류,해당없음,해당없음,해당없음,100ml,145,100,ml,145,VOLUME_ONLY_UNRESOLVED,SOLID_WITH_VOLUME_BASIS;VOLUME_ONLY_NO_SAFE_ALTERNATIVE;SOURCE_UNIT_PRESERVED;DIRECT_RECORD_DISABLED;SEARCH_RANK_DEMOTED,,,false,true,
13492,D612-570000000-0001,새우튀김,튀김류,해당없음,해당없음,해당없음,100ml,145,100,ml,145,VOLUME_ONLY_UNRESOLVED,SOLID_WITH_VOLUME_BASIS;VOLUME_ONLY_NO_SAFE_ALTERNATIVE;SOURCE_UNIT_PRESERVED;DIRECT_RECORD_DISABLED;SEARCH_RANK_DEMOTED,,,false,true,
13493,D412-570000000-0001,새우튀김,튀김류,해당없음,해당없음,해당없음,100ml,145,100,ml,145,VOLUME_ONLY_UNRESOLVED,SOLID_WITH_VOLUME_BASIS;VOLUME_ONLY_NO_SAFE_ALTERNATIVE;SOURCE_UNIT_PRESERVED;DIRECT_RECORD_DISABLED;SEARCH_RANK_DEMOTED,,,false,true,
13494,D512-570000000-0001,새우튀김,튀김류,해당없음,해당없음,해당없음,100ml,145,100,ml,145,VOLUME_ONLY_UNRESOLVED,SOLID_WITH_VOLUME_BASIS;VOLUME_ONLY_NO_SAFE_ALTERNATIVE;SOURCE_UNIT_PRESERVED;DIRECT_RECORD_DISABLED;SEARCH_RANK_DEMOTED,,,false,true,
13501,D411-557000000-0001,새우조림,조림류,해당없음,해당없음,해당없음,100ml,72,100,ml,72,VOLUME_ONLY_UNRESOLVED,SOLID_WITH_VOLUME_BASIS;VOLUME_ONLY_NO_SAFE_ALTERNATIVE;SOURCE_UNIT_PRESERVED;DIRECT_RECORD_DISABLED;SEARCH_RANK_DEMOTED,,,false,true,
13502,D511-557000000-0001,새우조림,조림류,해당없음,해당없음,해당없음,100ml,62,100,ml,62,VOLUME_ONLY_UNRESOLVED,SOLID_WITH_VOLUME_BASIS;VOLUME_ONLY_NO_SAFE_ALTERNATIVE;SOURCE_UNIT_PRESERVED;DIRECT_RECORD_DISABLED;SEARCH_RANK_DEMOTED,,,false,true,
13507,D409-429000000-0001,새우전,전·적 및 부침류,해당없음,해당없음,해당없음,100ml,264,100,ml,264,MASS_ALTERNATIVE_AVAILABLE,SOLID_WITH_VOLUME_BASIS;MASS_ALTERNATIVE_FOUND;SOURCE_UNIT_PRESERVED;DIRECT_RECORD_DISABLED;SEARCH_RANK_DEMOTED,D309-429000000-0001,,false,true,
13509,D709-429000000-0001,새우전,전·적 및 부침류,해당없음,해당없음,해당없음,100ml,264,100,ml,264,MASS_ALTERNATIVE_AVAILABLE,SOLID_WITH_VOLUME_BASIS;MASS_ALTERNATIVE_FOUND;SOURCE_UNIT_PRESERVED;DIRECT_RECORD_DISABLED;SEARCH_RANK_DEMOTED,D309-429000000-0001,,false,true,
13511,D414-693000000-0001,새우무침,생채·무침류,해당없음,해당없음,해당없음,100ml,321,100,ml,321,VOLUME_ONLY_UNRESOLVED,SOLID_WITH_VOLUME_BASIS;VOLUME_ONLY_NO_SAFE_ALTERNATIVE;SOURCE_UNIT_PRESERVED;DIRECT_RECORD_DISABLED;SEARCH_RANK_DEMOTED,,,false,true,
13512,D714-693000000-0001,새우무침,생채·무침류,해당없음,해당없음,해당없음,100ml,321,100,ml,321,VOLUME_ONLY_UNRESOLVED,SOLID_WITH_VOLUME_BASIS;VOLUME_ONLY_NO_SAFE_ALTERNATIVE;SOURCE_UNIT_PRESERVED;DIRECT_RECORD_DISABLED;SEARCH_RANK_DEMOTED,,,false,true,
13514,D408-384000000-0001,새우구이,구이류,해당없음,해당없음,해당없음,100ml,34,100,ml,34,MASS_ALTERNATIVE_AVAILABLE,SOLID_WITH_VOLUME_BASIS;MASS_ALTERNATIVE_FOUND;SOURCE_UNIT_PRESERVED;DIRECT_RECORD_DISABLED;SEARCH_RANK_DEMOTED,D108-384000000-0001,,false,true,
13515,D512-602000000-0001,새우 탕수,튀김류,해당없음,해당없음,해당없음,100ml,149,100,ml,149,VOLUME_ONLY_UNRESOLVED,SOLID_WITH_VOLUME_BASIS;VOLUME_ONLY_NO_SAFE_ALTERNATIVE;SOURCE_UNIT_PRESERVED;DIRECT_RECORD_DISABLED;SEARCH_RANK_DEMOTED,,,false,true,
13516,D712-602000000-0001,새우 탕수,튀김류,해당없음,해당없음,해당없음,100ml,248,100,ml,248,VOLUME_ONLY_UNRESOLVED,SOLID_WITH_VOLUME_BASIS;VOLUME_ONLY_NO_SAFE_ALTERNATIVE;SOURCE_UNIT_PRESERVED;DIRECT_RECORD_DISABLED;SEARCH_RANK_DEMOTED,,,false,true,
13517,D412-602000000-0001,새우 탕수,튀김류,해당없음,해당없음,해당없음,100ml,248,100,ml,248,VOLUME_ONLY_UNRESOLVED,SOLID_WITH_VOLUME_BASIS;VOLUME_ONLY_NO_SAFE_ALTERNATIVE;SOURCE_UNIT_PRESERVED;DIRECT_RECORD_DISABLED;SEARCH_RANK_DEMOTED,,,false,true,
13518,D612-602000000-0001,새우 탕수,튀김류,해당없음,해당없음,해당없음,100ml,149,100,ml,149,VOLUME_ONLY_UNRESOLVED,SOLID_WITH_VOLUME_BASIS;VOLUME_ONLY_NO_SAFE_ALTERNATIVE;SOURCE_UNIT_PRESERVED;DIRECT_RECORD_DISABLED;SEARCH_RANK_DEMOTED,,,false,true,
13519,D714-692000000-0001,새싹 샐러드,생채·무침류,해당없음,해당없음,해당없음,100ml,117,100,ml,117,VOLUME_ONLY_UNRESOLVED,SOLID_WITH_VOLUME_BASIS;VOLUME_ONLY_NO_SAFE_ALTERNATIVE;SOURCE_UNIT_PRESERVED;DIRECT_RECORD_DISABLED;SEARCH_RANK_DEMOTED,,,false,true,
13520,D414-692000000-0001,새싹 샐러드,생채·무침류,해당없음,해당없음,해당없음,100ml,117,100,ml,117,VOLUME_ONLY_UNRESOLVED,SOLID_WITH_VOLUME_BASIS;VOLUME_ONLY_NO_SAFE_ALTERNATIVE;SOURCE_UNIT_PRESERVED;DIRECT_RECORD_DISABLED;SEARCH_RANK_DEMOTED,,,false,true,
13521,D514-692000000-0001,새싹 샐러드,생채·무침류,해당없음,해당없음,해당없음,100ml,117,100,ml,117,VOLUME_ONLY_UNRESOLVED,SOLID_WITH_VOLUME_BASIS;VOLUME_ONLY_NO_SAFE_ALTERNATIVE;SOURCE_UNIT_PRESERVED;DIRECT_RECORD_DISABLED;SEARCH_RANK_DEMOTED,,,false,true,
13522,D409-428000000-0001,새송이버섯전,전·적 및 부침류,해당없음,해당없음,해당없음,100ml,63,100,ml,63,VOLUME_ONLY_UNRESOLVED,SOLID_WITH_VOLUME_BASIS;VOLUME_ONLY_NO_SAFE_ALTERNATIVE;SOURCE_UNIT_PRESERVED;DIRECT_RECORD_DISABLED;SEARCH_RANK_DEMOTED,,,false,true,
13523,D410-479264300-0001,새송이버섯볶음_새송이버섯_채소,볶음류,새송이버섯,채소,해당없음,100ml,25,100,ml,25,VOLUME_ONLY_UNRESOLVED,SOLID_WITH_VOLUME_BASIS;VOLUME_ONLY_NO_SAFE_ALTERNATIVE;SOURCE_UNIT_PRESERVED;DIRECT_RECORD_DISABLED;SEARCH_RANK_DEMOTED,,,false,true,
13524,D710-479264300-0001,새송이버섯볶음_새송이버섯_채소,볶음류,새송이버섯,채소,해당없음,100ml,32,100,ml,32,VOLUME_ONLY_UNRESOLVED,SOLID_WITH_VOLUME_BASIS;VOLUME_ONLY_NO_SAFE_ALTERNATIVE;SOURCE_UNIT_PRESERVED;DIRECT_RECORD_DISABLED;SEARCH_RANK_DEMOTED,,,false,true,
13525,D608-422000000-0001,새송이버섯 구이,구이류,해당없음,해당없음,해당없음,100ml,58,100,ml,58,VOLUME_ONLY_UNRESOLVED,SOLID_WITH_VOLUME_BASIS;VOLUME_ONLY_NO_SAFE_ALTERNATIVE;SOURCE_UNIT_PRESERVED;DIRECT_RECORD_DISABLED;SEARCH_RANK_DEMOTED,,,false,true,
13526,D408-422000000-0001,새송이버섯 구이,구이류,해당없음,해당없음,해당없음,100ml,61,100,ml,61,VOLUME_ONLY_UNRESOLVED,SOLID_WITH_VOLUME_BASIS;VOLUME_ONLY_NO_SAFE_ALTERNATIVE;SOURCE_UNIT_PRESERVED;DIRECT_RECORD_DISABLED;SEARCH_RANK_DEMOTED,,,false,true,
13527,D508-422000000-0001,새송이버섯 구이,구이류,해당없음,해당없음,해당없음,100ml,58,100,ml,58,VOLUME_ONLY_UNRESOLVED,SOLID_WITH_VOLUME_BASIS;VOLUME_ONLY_NO_SAFE_ALTERNATIVE;SOURCE_UNIT_PRESERVED;DIRECT_RECORD_DISABLED;SEARCH_RANK_DEMOTED,,,false,true,
13528,D714-639000000-0001,상추겉절이,생채·무침류,해당없음,해당없음,해당없음,100ml,21,100,ml,21,MASS_ALTERNATIVE_AVAILABLE,SOLID_WITH_VOLUME_BASIS;MASS_ALTERNATIVE_FOUND;SOURCE_UNIT_PRESERVED;DIRECT_RECORD_DISABLED;SEARCH_RANK_DEMOTED,D314-639000000-0001,,false,true,
13529,D614-639000000-0001,상추겉절이,생채·무침류,해당없음,해당없음,해당없음,100ml,24,100,ml,24,MASS_ALTERNATIVE_AVAILABLE,SOLID_WITH_VOLUME_BASIS;MASS_ALTERNATIVE_FOUND;SOURCE_UNIT_PRESERVED;DIRECT_RECORD_DISABLED;SEARCH_RANK_DEMOTED,D314-639000000-0001,,false,true,
13530,D514-639000000-0001,상추겉절이,생채·무침류,해당없음,해당없음,해당없음,100ml,29,100,ml,29,MASS_ALTERNATIVE_AVAILABLE,SOLID_WITH_VOLUME_BASIS;MASS_ALTERNATIVE_FOUND;SOURCE_UNIT_PRESERVED;DIRECT_RECORD_DISABLED;SEARCH_RANK_DEMOTED,D314-639000000-0001,,false,true,
13532,D414-639000000-0001,상추 겉절이,생채·무침류,해당없음,해당없음,해당없음,100ml,21,100,ml,21,MASS_ALTERNATIVE_AVAILABLE,SOLID_WITH_VOLUME_BASIS;MASS_ALTERNATIVE_FOUND;SOURCE_UNIT_PRESERVED;DIRECT_RECORD_DISABLED;SEARCH_RANK_DEMOTED,D314-639000000-0001,,false,true,
13533,D514-639000000-0002,상추 겉절이,생채·무침류,해당없음,해당없음,해당없음,100ml,29,100,ml,29,MASS_ALTERNATIVE_AVAILABLE,SOLID_WITH_VOLUME_BASIS;MASS_ALTERNATIVE_FOUND;SOURCE_UNIT_PRESERVED;DIRECT_RECORD_DISABLED;SEARCH_RANK_DEMOTED,D314-639000000-0001,,false,true,
13534,D714-639000000-0002,상추 겉절이,생채·무침류,해당없음,해당없음,해당없음,100ml,21,100,ml,21,MASS_ALTERNATIVE_AVAILABLE,SOLID_WITH_VOLUME_BASIS;MASS_ALTERNATIVE_FOUND;SOURCE_UNIT_PRESERVED;DIRECT_RECORD_DISABLED;SEARCH_RANK_DEMOTED,D314-639000000-0001,,false,true,
13535,D614-639000000-0002,상추 겉절이,생채·무침류,해당없음,해당없음,해당없음,100ml,24,100,ml,24,MASS_ALTERNATIVE_AVAILABLE,SOLID_WITH_VOLUME_BASIS;MASS_ALTERNATIVE_FOUND;SOURCE_UNIT_PRESERVED;DIRECT_RECORD_DISABLED;SEARCH_RANK_DEMOTED,D314-639000000-0001,,false,true,
13536,D612-601000000-0001,삼치튀김,튀김류,해당없음,해당없음,해당없음,100ml,136,100,ml,136,VOLUME_ONLY_UNRESOLVED,SOLID_WITH_VOLUME_BASIS;VOLUME_ONLY_NO_SAFE_ALTERNATIVE;SOURCE_UNIT_PRESERVED;DIRECT_RECORD_DISABLED;SEARCH_RANK_DEMOTED,,,false,true,
13537,D712-601000000-0001,삼치튀김,튀김류,해당없음,해당없음,해당없음,100ml,136,100,ml,136,VOLUME_ONLY_UNRESOLVED,SOLID_WITH_VOLUME_BASIS;VOLUME_ONLY_NO_SAFE_ALTERNATIVE;SOURCE_UNIT_PRESERVED;DIRECT_RECORD_DISABLED;SEARCH_RANK_DEMOTED,,,false,true,
13540,D611-525000000-0001,삼치조림,조림류,해당없음,해당없음,해당없음,100ml,185,100,ml,185,MASS_ALTERNATIVE_AVAILABLE,SOLID_WITH_VOLUME_BASIS;MASS_ALTERNATIVE_FOUND;SOURCE_UNIT_PRESERVED;DIRECT_RECORD_DISABLED;SEARCH_RANK_DEMOTED,D111-525000000-0001,,false,true,
13541,D411-525000000-0001,삼치조림,조림류,해당없음,해당없음,해당없음,100ml,63,100,ml,63,MASS_ALTERNATIVE_AVAILABLE,SOLID_WITH_VOLUME_BASIS;MASS_ALTERNATIVE_FOUND;SOURCE_UNIT_PRESERVED;DIRECT_RECORD_DISABLED;SEARCH_RANK_DEMOTED,D111-525000000-0001,,false,true,
13542,D511-525000000-0001,삼치조림,조림류,해당없음,해당없음,해당없음,100ml,185,100,ml,185,MASS_ALTERNATIVE_AVAILABLE,SOLID_WITH_VOLUME_BASIS;MASS_ALTERNATIVE_FOUND;SOURCE_UNIT_PRESERVED;DIRECT_RECORD_DISABLED;SEARCH_RANK_DEMOTED,D111-525000000-0001,,false,true,
13543,D711-525000000-0001,삼치조림,조림류,해당없음,해당없음,해당없음,100ml,63,100,ml,63,MASS_ALTERNATIVE_AVAILABLE,SOLID_WITH_VOLUME_BASIS;MASS_ALTERNATIVE_FOUND;SOURCE_UNIT_PRESERVED;DIRECT_RECORD_DISABLED;SEARCH_RANK_DEMOTED,D111-525000000-0001,,false,true,
13544,D408-383000000-0001,삼치구이,구이류,해당없음,해당없음,해당없음,100ml,64,100,ml,64,MASS_ALTERNATIVE_AVAILABLE,SOLID_WITH_VOLUME_BASIS;MASS_ALTERNATIVE_FOUND;SOURCE_UNIT_PRESERVED;DIRECT_RECORD_DISABLED;SEARCH_RANK_DEMOTED,D108-383000000-0001,,false,true,
13546,D708-383000000-0001,삼치구이,구이류,해당없음,해당없음,해당없음,100ml,81,100,ml,81,MASS_ALTERNATIVE_AVAILABLE,SOLID_WITH_VOLUME_BASIS;MASS_ALTERNATIVE_FOUND;SOURCE_UNIT_PRESERVED;DIRECT_RECORD_DISABLED;SEARCH_RANK_DEMOTED,D108-383000000-0001,,false,true,
13547,D608-383000000-0001,삼치구이,구이류,해당없음,해당없음,해당없음,100ml,77,100,ml,77,MASS_ALTERNATIVE_AVAILABLE,SOLID_WITH_VOLUME_BASIS;MASS_ALTERNATIVE_FOUND;SOURCE_UNIT_PRESERVED;DIRECT_RECORD_DISABLED;SEARCH_RANK_DEMOTED,D108-383000000-0001,,false,true,
13548,D508-383000000-0001,삼치구이,구이류,해당없음,해당없음,해당없음,100ml,132,100,ml,132,MASS_ALTERNATIVE_AVAILABLE,SOLID_WITH_VOLUME_BASIS;MASS_ALTERNATIVE_FOUND;SOURCE_UNIT_PRESERVED;DIRECT_RECORD_DISABLED;SEARCH_RANK_DEMOTED,D108-383000000-0001,,false,true,
13549,D608-421000000-0001,삼치 카레구이,구이류,해당없음,해당없음,해당없음,100ml,213,100,ml,213,VOLUME_ONLY_UNRESOLVED,SOLID_WITH_VOLUME_BASIS;VOLUME_ONLY_NO_SAFE_ALTERNATIVE;SOURCE_UNIT_PRESERVED;DIRECT_RECORD_DISABLED;SEARCH_RANK_DEMOTED,,,false,true,
13550,D508-421000000-0001,삼치 카레구이,구이류,해당없음,해당없음,해당없음,100ml,213,100,ml,213,VOLUME_ONLY_UNRESOLVED,SOLID_WITH_VOLUME_BASIS;VOLUME_ONLY_NO_SAFE_ALTERNATIVE;SOURCE_UNIT_PRESERVED;DIRECT_RECORD_DISABLED;SEARCH_RANK_DEMOTED,,,false,true,
13551,D508-420000000-0001,삼치 양념구이,구이류,해당없음,해당없음,해당없음,100ml,189,100,ml,189,VOLUME_ONLY_UNRESOLVED,SOLID_WITH_VOLUME_BASIS;VOLUME_ONLY_NO_SAFE_ALTERNATIVE;SOURCE_UNIT_PRESERVED;DIRECT_RECORD_DISABLED;SEARCH_RANK_DEMOTED,,,false,true,
13552,D708-420000000-0001,삼치 양념구이,구이류,해당없음,해당없음,해당없음,100ml,189,100,ml,189,VOLUME_ONLY_UNRESOLVED,SOLID_WITH_VOLUME_BASIS;VOLUME_ONLY_NO_SAFE_ALTERNATIVE;SOURCE_UNIT_PRESERVED;DIRECT_RECORD_DISABLED;SEARCH_RANK_DEMOTED,,,false,true,
13553,D414-691000000-0001,삼색냉채,생채·무침류,해당없음,해당없음,해당없음,100ml,68,100,ml,68,VOLUME_ONLY_UNRESOLVED,SOLID_WITH_VOLUME_BASIS;VOLUME_ONLY_NO_SAFE_ALTERNATIVE;SOURCE_UNIT_PRESERVED;DIRECT_RECORD_DISABLED;SEARCH_RANK_DEMOTED,,,false,true,
13554,D514-691000000-0001,삼색냉채,생채·무침류,해당없음,해당없음,해당없음,100ml,76,100,ml,76,VOLUME_ONLY_UNRESOLVED,SOLID_WITH_VOLUME_BASIS;VOLUME_ONLY_NO_SAFE_ALTERNATIVE;SOURCE_UNIT_PRESERVED;DIRECT_RECORD_DISABLED;SEARCH_RANK_DEMOTED,,,false,true,
13555,D714-691000000-0001,삼색냉채,생채·무침류,해당없음,해당없음,해당없음,100ml,68,100,ml,68,VOLUME_ONLY_UNRESOLVED,SOLID_WITH_VOLUME_BASIS;VOLUME_ONLY_NO_SAFE_ALTERNATIVE;SOURCE_UNIT_PRESERVED;DIRECT_RECORD_DISABLED;SEARCH_RANK_DEMOTED,,,false,true,
13562,D510-478450000-0001,삼겹살볶음_세발낙지,볶음류,세발낙지,해당없음,해당없음,100ml,241,100,ml,241,VOLUME_ONLY_UNRESOLVED,SOLID_WITH_VOLUME_BASIS;VOLUME_ONLY_NO_SAFE_ALTERNATIVE;SOURCE_UNIT_PRESERVED;DIRECT_RECORD_DISABLED;SEARCH_RANK_DEMOTED,,,false,true,
13563,D710-478450000-0001,삼겹살볶음_세발낙지,볶음류,세발낙지,해당없음,해당없음,100ml,225,100,ml,225,VOLUME_ONLY_UNRESOLVED,SOLID_WITH_VOLUME_BASIS;VOLUME_ONLY_NO_SAFE_ALTERNATIVE;SOURCE_UNIT_PRESERVED;DIRECT_RECORD_DISABLED;SEARCH_RANK_DEMOTED,,,false,true,
13565,D410-478400000-0001,삼겹살볶음_낙지,볶음류,낙지,해당없음,해당없음,100ml,235,100,ml,235,VOLUME_ONLY_UNRESOLVED,SOLID_WITH_VOLUME_BASIS;VOLUME_ONLY_NO_SAFE_ALTERNATIVE;SOURCE_UNIT_PRESERVED;DIRECT_RECORD_DISABLED;SEARCH_RANK_DEMOTED,,,false,true,
13572,D701-019000000-0001,삼각김밥,밥류,해당없음,해당없음,해당없음,100ml,183,100,ml,183,VOLUME_ONLY_UNRESOLVED,SOLID_WITH_VOLUME_BASIS;VOLUME_ONLY_NO_SAFE_ALTERNATIVE;SOURCE_UNIT_PRESERVED;DIRECT_RECORD_DISABLED;SEARCH_RANK_DEMOTED,,,false,true,
13573,D401-019000000-0001,삼각김밥,밥류,해당없음,해당없음,해당없음,100ml,185,100,ml,185,VOLUME_ONLY_UNRESOLVED,SOLID_WITH_VOLUME_BASIS;VOLUME_ONLY_NO_SAFE_ALTERNATIVE;SOURCE_UNIT_PRESERVED;DIRECT_RECORD_DISABLED;SEARCH_RANK_DEMOTED,,,false,true,
13574,D711-556000000-0001,삶은 땅콩 조림,조림류,해당없음,해당없음,해당없음,100ml,580,100,ml,580,VOLUME_ONLY_UNRESOLVED,SOLID_WITH_VOLUME_BASIS;VOLUME_ONLY_NO_SAFE_ALTERNATIVE;SOURCE_UNIT_PRESERVED;DIRECT_RECORD_DISABLED;SEARCH_RANK_DEMOTED,,,false,true,
13575,D611-556000000-0001,삶은 땅콩 조림,조림류,해당없음,해당없음,해당없음,100ml,190,100,ml,190,VOLUME_ONLY_UNRESOLVED,SOLID_WITH_VOLUME_BASIS;VOLUME_ONLY_NO_SAFE_ALTERNATIVE;SOURCE_UNIT_PRESERVED;DIRECT_RECORD_DISABLED;SEARCH_RANK_DEMOTED,,,false,true,
13576,D511-556000000-0001,삶은 땅콩 조림,조림류,해당없음,해당없음,해당없음,100ml,190,100,ml,190,VOLUME_ONLY_UNRESOLVED,SOLID_WITH_VOLUME_BASIS;VOLUME_ONLY_NO_SAFE_ALTERNATIVE;SOURCE_UNIT_PRESERVED;DIRECT_RECORD_DISABLED;SEARCH_RANK_DEMOTED,,,false,true,
13755,D412-600000000-0001,비프까스,튀김류,해당없음,해당없음,해당없음,100ml,208,100,ml,208,VOLUME_ONLY_UNRESOLVED,SOLID_WITH_VOLUME_BASIS;VOLUME_ONLY_NO_SAFE_ALTERNATIVE;SOURCE_UNIT_PRESERVED;DIRECT_RECORD_DISABLED;SEARCH_RANK_DEMOTED,,,false,true,
13862,D701-018453500-0001,비빔밥_참치_양념장,밥류,참치,양념장,해당없음,100ml,81,100,ml,81,VOLUME_ONLY_UNRESOLVED,SOLID_WITH_VOLUME_BASIS;VOLUME_ONLY_NO_SAFE_ALTERNATIVE;SOURCE_UNIT_PRESERVED;DIRECT_RECORD_DISABLED;SEARCH_RANK_DEMOTED,,,false,true,
13863,D401-018453500-0001,비빔밥_참치_양념장,밥류,참치,양념장,해당없음,100ml,100,100,ml,100,VOLUME_ONLY_UNRESOLVED,SOLID_WITH_VOLUME_BASIS;VOLUME_ONLY_NO_SAFE_ALTERNATIVE;SOURCE_UNIT_PRESERVED;DIRECT_RECORD_DISABLED;SEARCH_RANK_DEMOTED,,,false,true,
13864,D601-018453500-0001,비빔밥_참치_양념장,밥류,참치,양념장,해당없음,100ml,83,100,ml,83,VOLUME_ONLY_UNRESOLVED,SOLID_WITH_VOLUME_BASIS;VOLUME_ONLY_NO_SAFE_ALTERNATIVE;SOURCE_UNIT_PRESERVED;DIRECT_RECORD_DISABLED;SEARCH_RANK_DEMOTED,,,false,true,
13865,D601-018450000-0001,비빔밥_참치,밥류,참치,해당없음,해당없음,100ml,120,100,ml,120,VOLUME_ONLY_UNRESOLVED,SOLID_WITH_VOLUME_BASIS;VOLUME_ONLY_NO_SAFE_ALTERNATIVE;SOURCE_UNIT_PRESERVED;DIRECT_RECORD_DISABLED;SEARCH_RANK_DEMOTED,,,false,true,
13866,D701-018450000-0001,비빔밥_참치,밥류,참치,해당없음,해당없음,100ml,122,100,ml,122,VOLUME_ONLY_UNRESOLVED,SOLID_WITH_VOLUME_BASIS;VOLUME_ONLY_NO_SAFE_ALTERNATIVE;SOURCE_UNIT_PRESERVED;DIRECT_RECORD_DISABLED;SEARCH_RANK_DEMOTED,,,false,true,
13868,D701-018373500-0001,비빔밥_열무_양념장,밥류,열무,양념장,해당없음,100ml,114,100,ml,114,VOLUME_ONLY_UNRESOLVED,SOLID_WITH_VOLUME_BASIS;VOLUME_ONLY_NO_SAFE_ALTERNATIVE;SOURCE_UNIT_PRESERVED;DIRECT_RECORD_DISABLED;SEARCH_RANK_DEMOTED,,,false,true,
13869,D601-018373500-0001,비빔밥_열무_양념장,밥류,열무,양념장,해당없음,100ml,114,100,ml,114,VOLUME_ONLY_UNRESOLVED,SOLID_WITH_VOLUME_BASIS;VOLUME_ONLY_NO_SAFE_ALTERNATIVE;SOURCE_UNIT_PRESERVED;DIRECT_RECORD_DISABLED;SEARCH_RANK_DEMOTED,,,false,true,
13870,D501-018373500-0001,비빔밥_열무_양념장,밥류,열무,양념장,해당없음,100ml,114,100,ml,114,VOLUME_ONLY_UNRESOLVED,SOLID_WITH_VOLUME_BASIS;VOLUME_ONLY_NO_SAFE_ALTERNATIVE;SOURCE_UNIT_PRESERVED;DIRECT_RECORD_DISABLED;SEARCH_RANK_DEMOTED,,,false,true,
13871,D601-018370000-0001,비빔밥_열무,밥류,열무,해당없음,해당없음,100ml,142,100,ml,142,VOLUME_ONLY_UNRESOLVED,SOLID_WITH_VOLUME_BASIS;VOLUME_ONLY_NO_SAFE_ALTERNATIVE;SOURCE_UNIT_PRESERVED;DIRECT_RECORD_DISABLED;SEARCH_RANK_DEMOTED,,,false,true,
13872,D501-018370000-0001,비빔밥_열무,밥류,열무,해당없음,해당없음,100ml,144,100,ml,144,VOLUME_ONLY_UNRESOLVED,SOLID_WITH_VOLUME_BASIS;VOLUME_ONLY_NO_SAFE_ALTERNATIVE;SOURCE_UNIT_PRESERVED;DIRECT_RECORD_DISABLED;SEARCH_RANK_DEMOTED,,,false,true,
13874,D601-018283500-0001,비빔밥_소고기_양념장,밥류,소고기,양념장,해당없음,100ml,79,100,ml,79,VOLUME_ONLY_UNRESOLVED,SOLID_WITH_VOLUME_BASIS;VOLUME_ONLY_NO_SAFE_ALTERNATIVE;SOURCE_UNIT_PRESERVED;DIRECT_RECORD_DISABLED;SEARCH_RANK_DEMOTED,,,false,true,
13875,D501-018283500-0001,비빔밥_소고기_양념장,밥류,소고기,양념장,해당없음,100ml,87,100,ml,87,VOLUME_ONLY_UNRESOLVED,SOLID_WITH_VOLUME_BASIS;VOLUME_ONLY_NO_SAFE_ALTERNATIVE;SOURCE_UNIT_PRESERVED;DIRECT_RECORD_DISABLED;SEARCH_RANK_DEMOTED,,,false,true,
13876,D401-018213500-0001,비빔밥_묵_양념장,밥류,묵,양념장,해당없음,100ml,96,100,ml,96,VOLUME_ONLY_UNRESOLVED,SOLID_WITH_VOLUME_BASIS;VOLUME_ONLY_NO_SAFE_ALTERNATIVE;SOURCE_UNIT_PRESERVED;DIRECT_RECORD_DISABLED;SEARCH_RANK_DEMOTED,,,false,true,
13878,D601-018143500-0001,비빔밥_돼지고기_양념장,밥류,돼지고기,양념장,해당없음,100ml,90,100,ml,90,VOLUME_ONLY_UNRESOLVED,SOLID_WITH_VOLUME_BASIS;VOLUME_ONLY_NO_SAFE_ALTERNATIVE;SOURCE_UNIT_PRESERVED;DIRECT_RECORD_DISABLED;SEARCH_RANK_DEMOTED,,,false,true,
13881,D601-018000000-0001,비빔밥,밥류,해당없음,해당없음,해당없음,100ml,171,100,ml,171,MASS_ALTERNATIVE_AVAILABLE,SOLID_WITH_VOLUME_BASIS;MASS_ALTERNATIVE_FOUND;SOURCE_UNIT_PRESERVED;DIRECT_RECORD_DISABLED;SEARCH_RANK_DEMOTED,D101-018000000-0001;D301-018000000-0002,,false,true,
13882,D401-018000000-0001,비빔밥,밥류,해당없음,해당없음,해당없음,100ml,133,100,ml,133,MASS_ALTERNATIVE_AVAILABLE,SOLID_WITH_VOLUME_BASIS;MASS_ALTERNATIVE_FOUND;SOURCE_UNIT_PRESERVED;DIRECT_RECORD_DISABLED;SEARCH_RANK_DEMOTED,D101-018000000-0001;D301-018000000-0002,,false,true,
13883,D501-018000000-0001,비빔밥,밥류,해당없음,해당없음,해당없음,100ml,204,100,ml,204,MASS_ALTERNATIVE_AVAILABLE,SOLID_WITH_VOLUME_BASIS;MASS_ALTERNATIVE_FOUND;SOURCE_UNIT_PRESERVED;DIRECT_RECORD_DISABLED;SEARCH_RANK_DEMOTED,D101-018000000-0001;D301-018000000-0002,,false,true,
13884,D701-018000000-0001,비빔밥,밥류,해당없음,해당없음,해당없음,100ml,112,100,ml,112,MASS_ALTERNATIVE_AVAILABLE,SOLID_WITH_VOLUME_BASIS;MASS_ALTERNATIVE_FOUND;SOURCE_UNIT_PRESERVED;DIRECT_RECORD_DISABLED;SEARCH_RANK_DEMOTED,D101-018000000-0001;D301-018000000-0002,,false,true,
13888,D403-158000000-0001,비빔막국수,면 및 만두류,해당없음,해당없음,해당없음,100ml,104,100,ml,104,VOLUME_ONLY_UNRESOLVED,SOLID_WITH_VOLUME_BASIS;VOLUME_ONLY_NO_SAFE_ALTERNATIVE;SOURCE_UNIT_PRESERVED;DIRECT_RECORD_DISABLED;SEARCH_RANK_DEMOTED,,,false,true,
13889,D403-192000000-0001,비빔냉면,면 및 만두류,해당없음,해당없음,해당없음,100ml,90,100,ml,90,VOLUME_ONLY_UNRESOLVED,SOLID_WITH_VOLUME_BASIS;VOLUME_ONLY_NO_SAFE_ALTERNATIVE;SOURCE_UNIT_PRESERVED;DIRECT_RECORD_DISABLED;SEARCH_RANK_DEMOTED,,,false,true,
13890,D703-192000000-0001,비빔냉면,면 및 만두류,해당없음,해당없음,해당없음,100ml,96,100,ml,96,VOLUME_ONLY_UNRESOLVED,SOLID_WITH_VOLUME_BASIS;VOLUME_ONLY_NO_SAFE_ALTERNATIVE;SOURCE_UNIT_PRESERVED;DIRECT_RECORD_DISABLED;SEARCH_RANK_DEMOTED,,,false,true,
13891,D503-157000000-0001,비빔국수,면 및 만두류,해당없음,해당없음,해당없음,100ml,188,100,ml,188,MASS_ALTERNATIVE_AVAILABLE,SOLID_WITH_VOLUME_BASIS;MASS_ALTERNATIVE_FOUND;SOURCE_UNIT_PRESERVED;DIRECT_RECORD_DISABLED;SEARCH_RANK_DEMOTED,D303-157000000-0001;D303-157000000-0002,,false,true,
13892,D603-157000000-0001,비빔국수,면 및 만두류,해당없음,해당없음,해당없음,100ml,188,100,ml,188,MASS_ALTERNATIVE_AVAILABLE,SOLID_WITH_VOLUME_BASIS;MASS_ALTERNATIVE_FOUND;SOURCE_UNIT_PRESERVED;DIRECT_RECORD_DISABLED;SEARCH_RANK_DEMOTED,D303-157000000-0001;D303-157000000-0002,,false,true,
13893,D403-157000000-0001,비빔국수,면 및 만두류,해당없음,해당없음,해당없음,100ml,83,100,ml,83,MASS_ALTERNATIVE_AVAILABLE,SOLID_WITH_VOLUME_BASIS;MASS_ALTERNATIVE_FOUND;SOURCE_UNIT_PRESERVED;DIRECT_RECORD_DISABLED;SEARCH_RANK_DEMOTED,D303-157000000-0001;D303-157000000-0002,,false,true,
13896,D401-069000000-0001,비빔 잡곡밥,밥류,해당없음,해당없음,해당없음,100ml,138,100,ml,138,VOLUME_ONLY_UNRESOLVED,SOLID_WITH_VOLUME_BASIS;VOLUME_ONLY_NO_SAFE_ALTERNATIVE;SOURCE_UNIT_PRESERVED;DIRECT_RECORD_DISABLED;SEARCH_RANK_DEMOTED,,,false,true,
13898,D613-614170000-0001,비름나물_소금,나물·숙채류,소금,해당없음,해당없음,100ml,47,100,ml,47,VOLUME_ONLY_UNRESOLVED,SOLID_WITH_VOLUME_BASIS;VOLUME_ONLY_NO_SAFE_ALTERNATIVE;SOURCE_UNIT_PRESERVED;DIRECT_RECORD_DISABLED;SEARCH_RANK_DEMOTED,,,false,true,
13899,D513-614170000-0001,비름나물_소금,나물·숙채류,소금,해당없음,해당없음,100ml,47,100,ml,47,VOLUME_ONLY_UNRESOLVED,SOLID_WITH_VOLUME_BASIS;VOLUME_ONLY_NO_SAFE_ALTERNATIVE;SOURCE_UNIT_PRESERVED;DIRECT_RECORD_DISABLED;SEARCH_RANK_DEMOTED,,,false,true,
13900,D513-614050000-0001,비름나물_된장,나물·숙채류,된장,해당없음,해당없음,100ml,28,100,ml,28,VOLUME_ONLY_UNRESOLVED,SOLID_WITH_VOLUME_BASIS;VOLUME_ONLY_NO_SAFE_ALTERNATIVE;SOURCE_UNIT_PRESERVED;DIRECT_RECORD_DISABLED;SEARCH_RANK_DEMOTED,,,false,true,
13901,D413-614050000-0001,비름나물_된장,나물·숙채류,된장,해당없음,해당없음,100ml,28,100,ml,28,VOLUME_ONLY_UNRESOLVED,SOLID_WITH_VOLUME_BASIS;VOLUME_ONLY_NO_SAFE_ALTERNATIVE;SOURCE_UNIT_PRESERVED;DIRECT_RECORD_DISABLED;SEARCH_RANK_DEMOTED,,,false,true,
13902,D713-614050000-0001,비름나물_된장,나물·숙채류,된장,해당없음,해당없음,100ml,28,100,ml,28,VOLUME_ONLY_UNRESOLVED,SOLID_WITH_VOLUME_BASIS;VOLUME_ONLY_NO_SAFE_ALTERNATIVE;SOURCE_UNIT_PRESERVED;DIRECT_RECORD_DISABLED;SEARCH_RANK_DEMOTED,,,false,true,
13903,D713-614020000-0001,비름나물_고추장,나물·숙채류,고추장,해당없음,해당없음,100ml,64,100,ml,64,VOLUME_ONLY_UNRESOLVED,SOLID_WITH_VOLUME_BASIS;VOLUME_ONLY_NO_SAFE_ALTERNATIVE;SOURCE_UNIT_PRESERVED;DIRECT_RECORD_DISABLED;SEARCH_RANK_DEMOTED,,,false,true,
13904,D713-614010000-0001,비름나물_간장,나물·숙채류,간장,해당없음,해당없음,100ml,24,100,ml,24,VOLUME_ONLY_UNRESOLVED,SOLID_WITH_VOLUME_BASIS;VOLUME_ONLY_NO_SAFE_ALTERNATIVE;SOURCE_UNIT_PRESERVED;DIRECT_RECORD_DISABLED;SEARCH_RANK_DEMOTED,,,false,true,
13905,D413-614010000-0001,비름나물_간장,나물·숙채류,간장,해당없음,해당없음,100ml,24,100,ml,24,VOLUME_ONLY_UNRESOLVED,SOLID_WITH_VOLUME_BASIS;VOLUME_ONLY_NO_SAFE_ALTERNATIVE;SOURCE_UNIT_PRESERVED;DIRECT_RECORD_DISABLED;SEARCH_RANK_DEMOTED,,,false,true,
13906,D513-614010000-0001,비름나물_간장,나물·숙채류,간장,해당없음,해당없음,100ml,24,100,ml,24,VOLUME_ONLY_UNRESOLVED,SOLID_WITH_VOLUME_BASIS;VOLUME_ONLY_NO_SAFE_ALTERNATIVE;SOURCE_UNIT_PRESERVED;DIRECT_RECORD_DISABLED;SEARCH_RANK_DEMOTED,,,false,true,
13907,D513-614000000-0001,비름나물,나물·숙채류,해당없음,해당없음,해당없음,100ml,28,100,ml,28,VOLUME_ONLY_UNRESOLVED,SOLID_WITH_VOLUME_BASIS;VOLUME_ONLY_NO_SAFE_ALTERNATIVE;SOURCE_UNIT_PRESERVED;DIRECT_RECORD_DISABLED;SEARCH_RANK_DEMOTED,,,false,true,
13908,D713-614000000-0001,비름나물,나물·숙채류,해당없음,해당없음,해당없음,100ml,28,100,ml,28,VOLUME_ONLY_UNRESOLVED,SOLID_WITH_VOLUME_BASIS;VOLUME_ONLY_NO_SAFE_ALTERNATIVE;SOURCE_UNIT_PRESERVED;DIRECT_RECORD_DISABLED;SEARCH_RANK_DEMOTED,,,false,true,
13909,D413-614000000-0001,비름나물,나물·숙채류,해당없음,해당없음,해당없음,100ml,27,100,ml,27,VOLUME_ONLY_UNRESOLVED,SOLID_WITH_VOLUME_BASIS;VOLUME_ONLY_NO_SAFE_ALTERNATIVE;SOURCE_UNIT_PRESERVED;DIRECT_RECORD_DISABLED;SEARCH_RANK_DEMOTED,,,false,true,
13911,D714-690000000-0001,브로콜리무침,생채·무침류,해당없음,해당없음,해당없음,100ml,32,100,ml,32,VOLUME_ONLY_UNRESOLVED,SOLID_WITH_VOLUME_BASIS;VOLUME_ONLY_NO_SAFE_ALTERNATIVE;SOURCE_UNIT_PRESERVED;DIRECT_RECORD_DISABLED;SEARCH_RANK_DEMOTED,,,false,true,
13912,D514-690000000-0001,브로콜리무침,생채·무침류,해당없음,해당없음,해당없음,100ml,32,100,ml,32,VOLUME_ONLY_UNRESOLVED,SOLID_WITH_VOLUME_BASIS;VOLUME_ONLY_NO_SAFE_ALTERNATIVE;SOURCE_UNIT_PRESERVED;DIRECT_RECORD_DISABLED;SEARCH_RANK_DEMOTED,,,false,true,
13913,D414-690000000-0001,브로콜리무침,생채·무침류,해당없음,해당없음,해당없음,100ml,32,100,ml,32,VOLUME_ONLY_UNRESOLVED,SOLID_WITH_VOLUME_BASIS;VOLUME_ONLY_NO_SAFE_ALTERNATIVE;SOURCE_UNIT_PRESERVED;DIRECT_RECORD_DISABLED;SEARCH_RANK_DEMOTED,,,false,true,
13914,D514-689000000-0001,브로콜리 채소무침,생채·무침류,해당없음,해당없음,해당없음,100ml,34,100,ml,34,VOLUME_ONLY_UNRESOLVED,SOLID_WITH_VOLUME_BASIS;VOLUME_ONLY_NO_SAFE_ALTERNATIVE;SOURCE_UNIT_PRESERVED;DIRECT_RECORD_DISABLED;SEARCH_RANK_DEMOTED,,,false,true,
13915,D610-518000000-0001,브로콜리 버섯볶음,볶음류,해당없음,해당없음,해당없음,100ml,24,100,ml,24,VOLUME_ONLY_UNRESOLVED,SOLID_WITH_VOLUME_BASIS;VOLUME_ONLY_NO_SAFE_ALTERNATIVE;SOURCE_UNIT_PRESERVED;DIRECT_RECORD_DISABLED;SEARCH_RANK_DEMOTED,,,false,true,
13916,D510-518000000-0001,브로콜리 버섯볶음,볶음류,해당없음,해당없음,해당없음,100ml,24,100,ml,24,VOLUME_ONLY_UNRESOLVED,SOLID_WITH_VOLUME_BASIS;VOLUME_ONLY_NO_SAFE_ALTERNATIVE;SOURCE_UNIT_PRESERVED;DIRECT_RECORD_DISABLED;SEARCH_RANK_DEMOTED,,,false,true,
13917,D710-518000000-0001,브로콜리 버섯볶음,볶음류,해당없음,해당없음,해당없음,100ml,24,100,ml,24,VOLUME_ONLY_UNRESOLVED,SOLID_WITH_VOLUME_BASIS;VOLUME_ONLY_NO_SAFE_ALTERNATIVE;SOURCE_UNIT_PRESERVED;DIRECT_RECORD_DISABLED;SEARCH_RANK_DEMOTED,,,false,true,
13918,D410-518000000-0001,브로콜리 버섯볶음,볶음류,해당없음,해당없음,해당없음,100ml,24,100,ml,24,VOLUME_ONLY_UNRESOLVED,SOLID_WITH_VOLUME_BASIS;VOLUME_ONLY_NO_SAFE_ALTERNATIVE;SOURCE_UNIT_PRESERVED;DIRECT_RECORD_DISABLED;SEARCH_RANK_DEMOTED,,,false,true,
13919,D414-688000000-0001,브로콜리 두부무침,생채·무침류,해당없음,해당없음,해당없음,100ml,35,100,ml,35,VOLUME_ONLY_UNRESOLVED,SOLID_WITH_VOLUME_BASIS;VOLUME_ONLY_NO_SAFE_ALTERNATIVE;SOURCE_UNIT_PRESERVED;DIRECT_RECORD_DISABLED;SEARCH_RANK_DEMOTED,,,false,true,
13920,D514-688000000-0001,브로콜리 두부무침,생채·무침류,해당없음,해당없음,해당없음,100ml,35,100,ml,35,VOLUME_ONLY_UNRESOLVED,SOLID_WITH_VOLUME_BASIS;VOLUME_ONLY_NO_SAFE_ALTERNATIVE;SOURCE_UNIT_PRESERVED;DIRECT_RECORD_DISABLED;SEARCH_RANK_DEMOTED,,,false,true,
13921,D714-688000000-0001,브로콜리 두부무침,생채·무침류,해당없음,해당없음,해당없음,100ml,35,100,ml,35,VOLUME_ONLY_UNRESOLVED,SOLID_WITH_VOLUME_BASIS;VOLUME_ONLY_NO_SAFE_ALTERNATIVE;SOURCE_UNIT_PRESERVED;DIRECT_RECORD_DISABLED;SEARCH_RANK_DEMOTED,,,false,true,
13922,D614-688000000-0001,브로콜리 두부무침,생채·무침류,해당없음,해당없음,해당없음,100ml,35,100,ml,35,VOLUME_ONLY_UNRESOLVED,SOLID_WITH_VOLUME_BASIS;VOLUME_ONLY_NO_SAFE_ALTERNATIVE;SOURCE_UNIT_PRESERVED;DIRECT_RECORD_DISABLED;SEARCH_RANK_DEMOTED,,,false,true,
13938,D414-638000000-0001,북어채무침,생채·무침류,해당없음,해당없음,해당없음,100ml,149,100,ml,149,MASS_ALTERNATIVE_AVAILABLE,SOLID_WITH_VOLUME_BASIS;MASS_ALTERNATIVE_FOUND;SOURCE_UNIT_PRESERVED;DIRECT_RECORD_DISABLED;SEARCH_RANK_DEMOTED,D114-638000000-0001,,false,true,
13939,D714-687000000-0001,북어채 고추장 무침,생채·무침류,해당없음,해당없음,해당없음,100ml,296,100,ml,296,VOLUME_ONLY_UNRESOLVED,SOLID_WITH_VOLUME_BASIS;VOLUME_ONLY_NO_SAFE_ALTERNATIVE;SOURCE_UNIT_PRESERVED;DIRECT_RECORD_DISABLED;SEARCH_RANK_DEMOTED,,,false,true,
13940,D407-330000000-0001,북어찜,찜류,해당없음,해당없음,해당없음,100ml,80,100,ml,80,MASS_ALTERNATIVE_AVAILABLE,SOLID_WITH_VOLUME_BASIS;MASS_ALTERNATIVE_FOUND;SOURCE_UNIT_PRESERVED;DIRECT_RECORD_DISABLED;SEARCH_RANK_DEMOTED,D307-330000000-0001,,false,true,
13943,D408-419000000-0001,북어양념구이,구이류,해당없음,해당없음,해당없음,100ml,137,100,ml,137,VOLUME_ONLY_UNRESOLVED,SOLID_WITH_VOLUME_BASIS;VOLUME_ONLY_NO_SAFE_ALTERNATIVE;SOURCE_UNIT_PRESERVED;DIRECT_RECORD_DISABLED;SEARCH_RANK_DEMOTED,,,false,true,
13960,D608-418000000-0001,북어구이,구이류,해당없음,해당없음,해당없음,100ml,287,100,ml,287,VOLUME_ONLY_UNRESOLVED,SOLID_WITH_VOLUME_BASIS;VOLUME_ONLY_NO_SAFE_ALTERNATIVE;SOURCE_UNIT_PRESERVED;DIRECT_RECORD_DISABLED;SEARCH_RANK_DEMOTED,,,false,true,
13961,D708-418000000-0001,북어구이,구이류,해당없음,해당없음,해당없음,100ml,287,100,ml,287,VOLUME_ONLY_UNRESOLVED,SOLID_WITH_VOLUME_BASIS;VOLUME_ONLY_NO_SAFE_ALTERNATIVE;SOURCE_UNIT_PRESERVED;DIRECT_RECORD_DISABLED;SEARCH_RANK_DEMOTED,,,false,true,
13963,D512-558000000-0001,북어강정,튀김류,해당없음,해당없음,해당없음,100ml,320,100,ml,320,VOLUME_ONLY_UNRESOLVED,SOLID_WITH_VOLUME_BASIS;VOLUME_ONLY_NO_SAFE_ALTERNATIVE;SOURCE_UNIT_PRESERVED;DIRECT_RECORD_DISABLED;SEARCH_RANK_DEMOTED,,,false,true,
13964,D412-558000000-0001,북어강정,튀김류,해당없음,해당없음,해당없음,100ml,478,100,ml,478,VOLUME_ONLY_UNRESOLVED,SOLID_WITH_VOLUME_BASIS;VOLUME_ONLY_NO_SAFE_ALTERNATIVE;SOURCE_UNIT_PRESERVED;DIRECT_RECORD_DISABLED;SEARCH_RANK_DEMOTED,,,false,true,
13965,D612-558000000-0001,북어강정,튀김류,해당없음,해당없음,해당없음,100ml,320,100,ml,320,VOLUME_ONLY_UNRESOLVED,SOLID_WITH_VOLUME_BASIS;VOLUME_ONLY_NO_SAFE_ALTERNATIVE;SOURCE_UNIT_PRESERVED;DIRECT_RECORD_DISABLED;SEARCH_RANK_DEMOTED,,,false,true,
13966,D712-558000000-0001,북어강정,튀김류,해당없음,해당없음,해당없음,100ml,478,100,ml,478,VOLUME_ONLY_UNRESOLVED,SOLID_WITH_VOLUME_BASIS;VOLUME_ONLY_NO_SAFE_ALTERNATIVE;SOURCE_UNIT_PRESERVED;DIRECT_RECORD_DISABLED;SEARCH_RANK_DEMOTED,,,false,true,
13967,D509-426110000-0001,부추전_해물,전·적 및 부침류,해물,해당없음,해당없음,100ml,166,100,ml,166,VOLUME_ONLY_UNRESOLVED,SOLID_WITH_VOLUME_BASIS;VOLUME_ONLY_NO_SAFE_ALTERNATIVE;SOURCE_UNIT_PRESERVED;DIRECT_RECORD_DISABLED;SEARCH_RANK_DEMOTED,,,false,true,
13968,D609-426110000-0001,부추전_해물,전·적 및 부침류,해물,해당없음,해당없음,100ml,215,100,ml,215,VOLUME_ONLY_UNRESOLVED,SOLID_WITH_VOLUME_BASIS;VOLUME_ONLY_NO_SAFE_ALTERNATIVE;SOURCE_UNIT_PRESERVED;DIRECT_RECORD_DISABLED;SEARCH_RANK_DEMOTED,,,false,true,
13969,D409-426000000-0001,부추전,전·적 및 부침류,해당없음,해당없음,해당없음,100ml,142,100,ml,142,MASS_ALTERNATIVE_AVAILABLE,SOLID_WITH_VOLUME_BASIS;MASS_ALTERNATIVE_FOUND;SOURCE_UNIT_PRESERVED;DIRECT_RECORD_DISABLED;SEARCH_RANK_DEMOTED,D109-426000000-0001,,false,true,
13971,D509-426000000-0001,부추전,전·적 및 부침류,해당없음,해당없음,해당없음,100ml,240,100,ml,240,MASS_ALTERNATIVE_AVAILABLE,SOLID_WITH_VOLUME_BASIS;MASS_ALTERNATIVE_FOUND;SOURCE_UNIT_PRESERVED;DIRECT_RECORD_DISABLED;SEARCH_RANK_DEMOTED,D109-426000000-0001,,false,true,
13972,D709-426000000-0001,부추전,전·적 및 부침류,해당없음,해당없음,해당없음,100ml,260,100,ml,260,MASS_ALTERNATIVE_AVAILABLE,SOLID_WITH_VOLUME_BASIS;MASS_ALTERNATIVE_FOUND;SOURCE_UNIT_PRESERVED;DIRECT_RECORD_DISABLED;SEARCH_RANK_DEMOTED,D109-426000000-0001,,false,true,
13973,D510-517000000-0001,부추잡채,볶음류,해당없음,해당없음,해당없음,100ml,75,100,ml,75,VOLUME_ONLY_UNRESOLVED,SOLID_WITH_VOLUME_BASIS;VOLUME_ONLY_NO_SAFE_ALTERNATIVE;SOURCE_UNIT_PRESERVED;DIRECT_RECORD_DISABLED;SEARCH_RANK_DEMOTED,,,false,true,
13974,D710-517000000-0001,부추잡채,볶음류,해당없음,해당없음,해당없음,100ml,108,100,ml,108,VOLUME_ONLY_UNRESOLVED,SOLID_WITH_VOLUME_BASIS;VOLUME_ONLY_NO_SAFE_ALTERNATIVE;SOURCE_UNIT_PRESERVED;DIRECT_RECORD_DISABLED;SEARCH_RANK_DEMOTED,,,false,true,
13975,D610-517000000-0001,부추잡채,볶음류,해당없음,해당없음,해당없음,100ml,75,100,ml,75,VOLUME_ONLY_UNRESOLVED,SOLID_WITH_VOLUME_BASIS;VOLUME_ONLY_NO_SAFE_ALTERNATIVE;SOURCE_UNIT_PRESERVED;DIRECT_RECORD_DISABLED;SEARCH_RANK_DEMOTED,,,false,true,
13976,D414-637320000-0001,부추무침_채소,생채·무침류,채소,해당없음,해당없음,100ml,24,100,ml,24,VOLUME_ONLY_UNRESOLVED,SOLID_WITH_VOLUME_BASIS;VOLUME_ONLY_NO_SAFE_ALTERNATIVE;SOURCE_UNIT_PRESERVED;DIRECT_RECORD_DISABLED;SEARCH_RANK_DEMOTED,,,false,true,
13977,D714-637320000-0001,부추무침_채소,생채·무침류,채소,해당없음,해당없음,100ml,30,100,ml,30,VOLUME_ONLY_UNRESOLVED,SOLID_WITH_VOLUME_BASIS;VOLUME_ONLY_NO_SAFE_ALTERNATIVE;SOURCE_UNIT_PRESERVED;DIRECT_RECORD_DISABLED;SEARCH_RANK_DEMOTED,,,false,true,
13978,D614-637240000-0001,부추무침_양파,생채·무침류,양파,해당없음,해당없음,100ml,19,100,ml,19,MASS_ALTERNATIVE_AVAILABLE,SOLID_WITH_VOLUME_BASIS;MASS_ALTERNATIVE_FOUND;SOURCE_UNIT_PRESERVED;DIRECT_RECORD_DISABLED;SEARCH_RANK_DEMOTED,D114-637240000-0001,,false,true,
13979,D414-637240000-0001,부추무침_양파,생채·무침류,양파,해당없음,해당없음,100ml,19,100,ml,19,MASS_ALTERNATIVE_AVAILABLE,SOLID_WITH_VOLUME_BASIS;MASS_ALTERNATIVE_FOUND;SOURCE_UNIT_PRESERVED;DIRECT_RECORD_DISABLED;SEARCH_RANK_DEMOTED,D114-637240000-0001,,false,true,
13981,D714-637240000-0001,부추무침_양파,생채·무침류,양파,해당없음,해당없음,100ml,24,100,ml,24,MASS_ALTERNATIVE_AVAILABLE,SOLID_WITH_VOLUME_BASIS;MASS_ALTERNATIVE_FOUND;SOURCE_UNIT_PRESERVED;DIRECT_RECORD_DISABLED;SEARCH_RANK_DEMOTED,D114-637240000-0001,,false,true,
13983,D614-637144300-0001,부추무침_부추_채소,생채·무침류,부추,채소,해당없음,100ml,24,100,ml,24,VOLUME_ONLY_UNRESOLVED,SOLID_WITH_VOLUME_BASIS;VOLUME_ONLY_NO_SAFE_ALTERNATIVE;SOURCE_UNIT_PRESERVED;DIRECT_RECORD_DISABLED;SEARCH_RANK_DEMOTED,,,false,true,
13984,D714-637144300-0001,부추무침_부추_채소,생채·무침류,부추,채소,해당없음,100ml,30,100,ml,30,VOLUME_ONLY_UNRESOLVED,SOLID_WITH_VOLUME_BASIS;VOLUME_ONLY_NO_SAFE_ALTERNATIVE;SOURCE_UNIT_PRESERVED;DIRECT_RECORD_DISABLED;SEARCH_RANK_DEMOTED,,,false,true,
13985,D714-637140000-0001,부추무침_부추,생채·무침류,부추,해당없음,해당없음,100ml,24,100,ml,24,VOLUME_ONLY_UNRESOLVED,SOLID_WITH_VOLUME_BASIS;VOLUME_ONLY_NO_SAFE_ALTERNATIVE;SOURCE_UNIT_PRESERVED;DIRECT_RECORD_DISABLED;SEARCH_RANK_DEMOTED,,,false,true,
13986,D614-637000000-0001,부추무침,생채·무침류,해당없음,해당없음,해당없음,100ml,59,100,ml,59,MASS_ALTERNATIVE_AVAILABLE,SOLID_WITH_VOLUME_BASIS;MASS_ALTERNATIVE_FOUND;SOURCE_UNIT_PRESERVED;DIRECT_RECORD_DISABLED;SEARCH_RANK_DEMOTED,D114-637000000-0001,,false,true,
13987,D714-637000000-0001,부추무침,생채·무침류,해당없음,해당없음,해당없음,100ml,42,100,ml,42,MASS_ALTERNATIVE_AVAILABLE,SOLID_WITH_VOLUME_BASIS;MASS_ALTERNATIVE_FOUND;SOURCE_UNIT_PRESERVED;DIRECT_RECORD_DISABLED;SEARCH_RANK_DEMOTED,D114-637000000-0001,,false,true,
13988,D514-637000000-0001,부추무침,생채·무침류,해당없음,해당없음,해당없음,100ml,59,100,ml,59,MASS_ALTERNATIVE_AVAILABLE,SOLID_WITH_VOLUME_BASIS;MASS_ALTERNATIVE_FOUND;SOURCE_UNIT_PRESERVED;DIRECT_RECORD_DISABLED;SEARCH_RANK_DEMOTED,D114-637000000-0001,,false,true,
13990,D513-613000000-0001,부추나물,나물·숙채류,해당없음,해당없음,해당없음,100ml,18,100,ml,18,VOLUME_ONLY_UNRESOLVED,SOLID_WITH_VOLUME_BASIS;VOLUME_ONLY_NO_SAFE_ALTERNATIVE;SOURCE_UNIT_PRESERVED;DIRECT_RECORD_DISABLED;SEARCH_RANK_DEMOTED,,,false,true,
13991,D413-613000000-0001,부추나물,나물·숙채류,해당없음,해당없음,해당없음,100ml,18,100,ml,18,VOLUME_ONLY_UNRESOLVED,SOLID_WITH_VOLUME_BASIS;VOLUME_ONLY_NO_SAFE_ALTERNATIVE;SOURCE_UNIT_PRESERVED;DIRECT_RECORD_DISABLED;SEARCH_RANK_DEMOTED,,,false,true,
13992,D713-613000000-0001,부추나물,나물·숙채류,해당없음,해당없음,해당없음,100ml,18,100,ml,18,VOLUME_ONLY_UNRESOLVED,SOLID_WITH_VOLUME_BASIS;VOLUME_ONLY_NO_SAFE_ALTERNATIVE;SOURCE_UNIT_PRESERVED;DIRECT_RECORD_DISABLED;SEARCH_RANK_DEMOTED,,,false,true,
13993,D615-673000000-0001,부추김치,김치류,해당없음,해당없음,해당없음,100ml,58,100,ml,58,MASS_ALTERNATIVE_AVAILABLE,SOLID_WITH_VOLUME_BASIS;MASS_ALTERNATIVE_FOUND;SOURCE_UNIT_PRESERVED;DIRECT_RECORD_DISABLED;SEARCH_RANK_DEMOTED,D115-673000000-0001;D315-673000000-0001,,false,true,
13994,D415-673000000-0001,부추김치,김치류,해당없음,해당없음,해당없음,100ml,36,100,ml,36,MASS_ALTERNATIVE_AVAILABLE,SOLID_WITH_VOLUME_BASIS;MASS_ALTERNATIVE_FOUND;SOURCE_UNIT_PRESERVED;DIRECT_RECORD_DISABLED;SEARCH_RANK_DEMOTED,D115-673000000-0001;D315-673000000-0001,,false,true,
13995,D715-673000000-0001,부추김치,김치류,해당없음,해당없음,해당없음,100ml,36,100,ml,36,MASS_ALTERNATIVE_AVAILABLE,SOLID_WITH_VOLUME_BASIS;MASS_ALTERNATIVE_FOUND;SOURCE_UNIT_PRESERVED;DIRECT_RECORD_DISABLED;SEARCH_RANK_DEMOTED,D115-673000000-0001;D315-673000000-0001,,false,true,
13998,D414-686000000-0001,부추 초무침,생채·무침류,해당없음,해당없음,해당없음,100ml,23,100,ml,23,VOLUME_ONLY_UNRESOLVED,SOLID_WITH_VOLUME_BASIS;VOLUME_ONLY_NO_SAFE_ALTERNATIVE;SOURCE_UNIT_PRESERVED;DIRECT_RECORD_DISABLED;SEARCH_RANK_DEMOTED,,,false,true,
13999,D514-686000000-0001,부추 초무침,생채·무침류,해당없음,해당없음,해당없음,100ml,23,100,ml,23,VOLUME_ONLY_UNRESOLVED,SOLID_WITH_VOLUME_BASIS;VOLUME_ONLY_NO_SAFE_ALTERNATIVE;SOURCE_UNIT_PRESERVED;DIRECT_RECORD_DISABLED;SEARCH_RANK_DEMOTED,,,false,true,
14000,D614-686000000-0001,부추 초무침,생채·무침류,해당없음,해당없음,해당없음,100ml,23,100,ml,23,VOLUME_ONLY_UNRESOLVED,SOLID_WITH_VOLUME_BASIS;VOLUME_ONLY_NO_SAFE_ALTERNATIVE;SOURCE_UNIT_PRESERVED;DIRECT_RECORD_DISABLED;SEARCH_RANK_DEMOTED,,,false,true,
14001,D414-685000000-0001,부추 채소무침,생채·무침류,해당없음,해당없음,해당없음,100ml,22,100,ml,22,VOLUME_ONLY_UNRESOLVED,SOLID_WITH_VOLUME_BASIS;VOLUME_ONLY_NO_SAFE_ALTERNATIVE;SOURCE_UNIT_PRESERVED;DIRECT_RECORD_DISABLED;SEARCH_RANK_DEMOTED,,,false,true,
14002,D414-684000000-0001,부추 겉절이,생채·무침류,해당없음,해당없음,해당없음,100ml,24,100,ml,24,VOLUME_ONLY_UNRESOLVED,SOLID_WITH_VOLUME_BASIS;VOLUME_ONLY_NO_SAFE_ALTERNATIVE;SOURCE_UNIT_PRESERVED;DIRECT_RECORD_DISABLED;SEARCH_RANK_DEMOTED,,,false,true,
14003,D714-684000000-0001,부추 겉절이,생채·무침류,해당없음,해당없음,해당없음,100ml,23,100,ml,23,VOLUME_ONLY_UNRESOLVED,SOLID_WITH_VOLUME_BASIS;VOLUME_ONLY_NO_SAFE_ALTERNATIVE;SOURCE_UNIT_PRESERVED;DIRECT_RECORD_DISABLED;SEARCH_RANK_DEMOTED,,,false,true,
14014,D601-017630000-0001,볶음밥_햄,밥류,햄,해당없음,해당없음,100ml,218,100,ml,218,VOLUME_ONLY_UNRESOLVED,SOLID_WITH_VOLUME_BASIS;VOLUME_ONLY_NO_SAFE_ALTERNATIVE;SOURCE_UNIT_PRESERVED;DIRECT_RECORD_DISABLED;SEARCH_RANK_DEMOTED,,,false,true,
14015,D701-017630000-0001,볶음밥_햄,밥류,햄,해당없음,해당없음,100ml,126,100,ml,126,VOLUME_ONLY_UNRESOLVED,SOLID_WITH_VOLUME_BASIS;VOLUME_ONLY_NO_SAFE_ALTERNATIVE;SOURCE_UNIT_PRESERVED;DIRECT_RECORD_DISABLED;SEARCH_RANK_DEMOTED,,,false,true,
14016,D501-017630000-0001,볶음밥_햄,밥류,햄,해당없음,해당없음,100ml,204,100,ml,204,VOLUME_ONLY_UNRESOLVED,SOLID_WITH_VOLUME_BASIS;VOLUME_ONLY_NO_SAFE_ALTERNATIVE;SOURCE_UNIT_PRESERVED;DIRECT_RECORD_DISABLED;SEARCH_RANK_DEMOTED,,,false,true,
14018,D601-017550000-0001,볶음밥_해물,밥류,해물,해당없음,해당없음,100ml,106,100,ml,106,MASS_ALTERNATIVE_AVAILABLE,SOLID_WITH_VOLUME_BASIS;MASS_ALTERNATIVE_FOUND;SOURCE_UNIT_PRESERVED;DIRECT_RECORD_DISABLED;SEARCH_RANK_DEMOTED,D301-017550000-0001,,false,true,
14019,D501-017550000-0001,볶음밥_해물,밥류,해물,해당없음,해당없음,100ml,105,100,ml,105,MASS_ALTERNATIVE_AVAILABLE,SOLID_WITH_VOLUME_BASIS;MASS_ALTERNATIVE_FOUND;SOURCE_UNIT_PRESERVED;DIRECT_RECORD_DISABLED;SEARCH_RANK_DEMOTED,D301-017550000-0001,,false,true,
14020,D401-017550000-0001,볶음밥_해물,밥류,해물,해당없음,해당없음,100ml,106,100,ml,106,MASS_ALTERNATIVE_AVAILABLE,SOLID_WITH_VOLUME_BASIS;MASS_ALTERNATIVE_FOUND;SOURCE_UNIT_PRESERVED;DIRECT_RECORD_DISABLED;SEARCH_RANK_DEMOTED,D301-017550000-0001,,false,true,
14021,D701-017550000-0001,볶음밥_해물,밥류,해물,해당없음,해당없음,100ml,104,100,ml,104,MASS_ALTERNATIVE_AVAILABLE,SOLID_WITH_VOLUME_BASIS;MASS_ALTERNATIVE_FOUND;SOURCE_UNIT_PRESERVED;DIRECT_RECORD_DISABLED;SEARCH_RANK_DEMOTED,D301-017550000-0001,,false,true,
14023,D401-017480000-0001,볶음밥_채소,밥류,채소,해당없음,해당없음,100ml,115,100,ml,115,MASS_ALTERNATIVE_AVAILABLE,SOLID_WITH_VOLUME_BASIS;MASS_ALTERNATIVE_FOUND;SOURCE_UNIT_PRESERVED;DIRECT_RECORD_DISABLED;SEARCH_RANK_DEMOTED,D101-017480000-0001,,false,true,
14024,D501-017480000-0001,볶음밥_채소,밥류,채소,해당없음,해당없음,100ml,115,100,ml,115,MASS_ALTERNATIVE_AVAILABLE,SOLID_WITH_VOLUME_BASIS;MASS_ALTERNATIVE_FOUND;SOURCE_UNIT_PRESERVED;DIRECT_RECORD_DISABLED;SEARCH_RANK_DEMOTED,D101-017480000-0001,,false,true,
14025,D601-017480000-0001,볶음밥_채소,밥류,채소,해당없음,해당없음,100ml,115,100,ml,115,MASS_ALTERNATIVE_AVAILABLE,SOLID_WITH_VOLUME_BASIS;MASS_ALTERNATIVE_FOUND;SOURCE_UNIT_PRESERVED;DIRECT_RECORD_DISABLED;SEARCH_RANK_DEMOTED,D101-017480000-0001,,false,true,
14026,D701-017480000-0001,볶음밥_채소,밥류,채소,해당없음,해당없음,100ml,115,100,ml,115,MASS_ALTERNATIVE_AVAILABLE,SOLID_WITH_VOLUME_BASIS;MASS_ALTERNATIVE_FOUND;SOURCE_UNIT_PRESERVED;DIRECT_RECORD_DISABLED;SEARCH_RANK_DEMOTED,D101-017480000-0001,,false,true,
14028,D501-017455900-0001,볶음밥_참치_김치,밥류,참치,김치,해당없음,100ml,155,100,ml,155,VOLUME_ONLY_UNRESOLVED,SOLID_WITH_VOLUME_BASIS;VOLUME_ONLY_NO_SAFE_ALTERNATIVE;SOURCE_UNIT_PRESERVED;DIRECT_RECORD_DISABLED;SEARCH_RANK_DEMOTED,,,false,true,
14029,D701-017455900-0001,볶음밥_참치_김치,밥류,참치,김치,해당없음,100ml,142,100,ml,142,VOLUME_ONLY_UNRESOLVED,SOLID_WITH_VOLUME_BASIS;VOLUME_ONLY_NO_SAFE_ALTERNATIVE;SOURCE_UNIT_PRESERVED;DIRECT_RECORD_DISABLED;SEARCH_RANK_DEMOTED,,,false,true,
14030,D601-017455900-0001,볶음밥_참치_김치,밥류,참치,김치,해당없음,100ml,150,100,ml,150,VOLUME_ONLY_UNRESOLVED,SOLID_WITH_VOLUME_BASIS;VOLUME_ONLY_NO_SAFE_ALTERNATIVE;SOURCE_UNIT_PRESERVED;DIRECT_RECORD_DISABLED;SEARCH_RANK_DEMOTED,,,false,true,
14032,D401-017450000-0001,볶음밥_참치,밥류,참치,해당없음,해당없음,100ml,120,100,ml,120,MASS_ALTERNATIVE_AVAILABLE,SOLID_WITH_VOLUME_BASIS;MASS_ALTERNATIVE_FOUND;SOURCE_UNIT_PRESERVED;DIRECT_RECORD_DISABLED;SEARCH_RANK_DEMOTED,D101-017450000-0001,,false,true,
14035,D501-017280000-0001,볶음밥_소고기,밥류,소고기,해당없음,해당없음,100ml,121,100,ml,121,MASS_ALTERNATIVE_AVAILABLE,SOLID_WITH_VOLUME_BASIS;MASS_ALTERNATIVE_FOUND;SOURCE_UNIT_PRESERVED;DIRECT_RECORD_DISABLED;SEARCH_RANK_DEMOTED,D101-017280000-0001,,false,true,
14036,D401-017280000-0001,볶음밥_소고기,밥류,소고기,해당없음,해당없음,100ml,114,100,ml,114,MASS_ALTERNATIVE_AVAILABLE,SOLID_WITH_VOLUME_BASIS;MASS_ALTERNATIVE_FOUND;SOURCE_UNIT_PRESERVED;DIRECT_RECORD_DISABLED;SEARCH_RANK_DEMOTED,D101-017280000-0001,,false,true,
14037,D601-017280000-0001,볶음밥_소고기,밥류,소고기,해당없음,해당없음,100ml,119,100,ml,119,MASS_ALTERNATIVE_AVAILABLE,SOLID_WITH_VOLUME_BASIS;MASS_ALTERNATIVE_FOUND;SOURCE_UNIT_PRESERVED;DIRECT_RECORD_DISABLED;SEARCH_RANK_DEMOTED,D101-017280000-0001,,false,true,
14039,D701-017260000-0001,볶음밥_새우,밥류,새우,해당없음,해당없음,100ml,91,100,ml,91,MASS_ALTERNATIVE_AVAILABLE,SOLID_WITH_VOLUME_BASIS;MASS_ALTERNATIVE_FOUND;SOURCE_UNIT_PRESERVED;DIRECT_RECORD_DISABLED;SEARCH_RANK_DEMOTED,D101-017260000-0001;D301-017260000-0001,,false,true,
14040,D601-017260000-0001,볶음밥_새우,밥류,새우,해당없음,해당없음,100ml,85,100,ml,85,MASS_ALTERNATIVE_AVAILABLE,SOLID_WITH_VOLUME_BASIS;MASS_ALTERNATIVE_FOUND;SOURCE_UNIT_PRESERVED;DIRECT_RECORD_DISABLED;SEARCH_RANK_DEMOTED,D101-017260000-0001;D301-017260000-0001,,false,true,
14042,D401-017260000-0001,볶음밥_새우,밥류,새우,해당없음,해당없음,100ml,105,100,ml,105,MASS_ALTERNATIVE_AVAILABLE,SOLID_WITH_VOLUME_BASIS;MASS_ALTERNATIVE_FOUND;SOURCE_UNIT_PRESERVED;DIRECT_RECORD_DISABLED;SEARCH_RANK_DEMOTED,D101-017260000-0001;D301-017260000-0001,,false,true,
14044,D501-017260000-0001,볶음밥_새우,밥류,새우,해당없음,해당없음,100ml,85,100,ml,85,MASS_ALTERNATIVE_AVAILABLE,SOLID_WITH_VOLUME_BASIS;MASS_ALTERNATIVE_FOUND;SOURCE_UNIT_PRESERVED;DIRECT_RECORD_DISABLED;SEARCH_RANK_DEMOTED,D101-017260000-0001;D301-017260000-0001,,false,true,
14048,D401-017234200-0001,볶음밥_배추김치_참치,밥류,배추김치,참치,해당없음,100ml,105,100,ml,105,VOLUME_ONLY_UNRESOLVED,SOLID_WITH_VOLUME_BASIS;VOLUME_ONLY_NO_SAFE_ALTERNATIVE;SOURCE_UNIT_PRESERVED;DIRECT_RECORD_DISABLED;SEARCH_RANK_DEMOTED,,,false,true,
14049,D501-017233100-0001,볶음밥_배추김치_소고기,밥류,배추김치,소고기,해당없음,100ml,118,100,ml,118,VOLUME_ONLY_UNRESOLVED,SOLID_WITH_VOLUME_BASIS;VOLUME_ONLY_NO_SAFE_ALTERNATIVE;SOURCE_UNIT_PRESERVED;DIRECT_RECORD_DISABLED;SEARCH_RANK_DEMOTED,,,false,true,
14050,D501-017231500-0001,볶음밥_배추김치_돼지고기,밥류,배추김치,돼지고기,해당없음,100ml,116,100,ml,116,VOLUME_ONLY_UNRESOLVED,SOLID_WITH_VOLUME_BASIS;VOLUME_ONLY_NO_SAFE_ALTERNATIVE;SOURCE_UNIT_PRESERVED;DIRECT_RECORD_DISABLED;SEARCH_RANK_DEMOTED,,,false,true,
14051,D601-017231500-0001,볶음밥_배추김치_돼지고기,밥류,배추김치,돼지고기,해당없음,100ml,113,100,ml,113,VOLUME_ONLY_UNRESOLVED,SOLID_WITH_VOLUME_BASIS;VOLUME_ONLY_NO_SAFE_ALTERNATIVE;SOURCE_UNIT_PRESERVED;DIRECT_RECORD_DISABLED;SEARCH_RANK_DEMOTED,,,false,true,
14053,D401-017590000-0001,볶음밥_맛살,밥류,맛살,해당없음,해당없음,100ml,134,100,ml,134,VOLUME_ONLY_UNRESOLVED,SOLID_WITH_VOLUME_BASIS;VOLUME_ONLY_NO_SAFE_ALTERNATIVE;SOURCE_UNIT_PRESERVED;DIRECT_RECORD_DISABLED;SEARCH_RANK_DEMOTED,,,false,true,
14054,D401-017140000-0001,볶음밥_돼지고기,밥류,돼지고기,해당없음,해당없음,100ml,113,100,ml,113,VOLUME_ONLY_UNRESOLVED,SOLID_WITH_VOLUME_BASIS;VOLUME_ONLY_NO_SAFE_ALTERNATIVE;SOURCE_UNIT_PRESERVED;DIRECT_RECORD_DISABLED;SEARCH_RANK_DEMOTED,,,false,true,
14058,D701-017071500-0001,볶음밥_김치_돼지고기,밥류,김치,돼지고기,해당없음,100ml,121,100,ml,121,VOLUME_ONLY_UNRESOLVED,SOLID_WITH_VOLUME_BASIS;VOLUME_ONLY_NO_SAFE_ALTERNATIVE;SOURCE_UNIT_PRESERVED;DIRECT_RECORD_DISABLED;SEARCH_RANK_DEMOTED,,,false,true,
14059,D601-017071500-0001,볶음밥_김치_돼지고기,밥류,김치,돼지고기,해당없음,100ml,193,100,ml,193,VOLUME_ONLY_UNRESOLVED,SOLID_WITH_VOLUME_BASIS;VOLUME_ONLY_NO_SAFE_ALTERNATIVE;SOURCE_UNIT_PRESERVED;DIRECT_RECORD_DISABLED;SEARCH_RANK_DEMOTED,,,false,true,
14060,D501-017071500-0001,볶음밥_김치_돼지고기,밥류,김치,돼지고기,해당없음,100ml,193,100,ml,193,VOLUME_ONLY_UNRESOLVED,SOLID_WITH_VOLUME_BASIS;VOLUME_ONLY_NO_SAFE_ALTERNATIVE;SOURCE_UNIT_PRESERVED;DIRECT_RECORD_DISABLED;SEARCH_RANK_DEMOTED,,,false,true,
14061,D401-017071500-0001,볶음밥_김치_돼지고기,밥류,김치,돼지고기,해당없음,100ml,110,100,ml,110,VOLUME_ONLY_UNRESOLVED,SOLID_WITH_VOLUME_BASIS;VOLUME_ONLY_NO_SAFE_ALTERNATIVE;SOURCE_UNIT_PRESERVED;DIRECT_RECORD_DISABLED;SEARCH_RANK_DEMOTED,,,false,true,
14064,D501-017030000-0001,볶음밥_계란,밥류,계란,해당없음,해당없음,100ml,164,100,ml,164,MASS_ALTERNATIVE_AVAILABLE,SOLID_WITH_VOLUME_BASIS;MASS_ALTERNATIVE_FOUND;SOURCE_UNIT_PRESERVED;DIRECT_RECORD_DISABLED;SEARCH_RANK_DEMOTED,D101-017030000-0001,,false,true,
14065,D401-017030000-0001,볶음밥_계란,밥류,계란,해당없음,해당없음,100ml,164,100,ml,164,MASS_ALTERNATIVE_AVAILABLE,SOLID_WITH_VOLUME_BASIS;MASS_ALTERNATIVE_FOUND;SOURCE_UNIT_PRESERVED;DIRECT_RECORD_DISABLED;SEARCH_RANK_DEMOTED,D101-017030000-0001,,false,true,
14066,D601-017030000-0001,볶음밥_계란,밥류,계란,해당없음,해당없음,100ml,164,100,ml,164,MASS_ALTERNATIVE_AVAILABLE,SOLID_WITH_VOLUME_BASIS;MASS_ALTERNATIVE_FOUND;SOURCE_UNIT_PRESERVED;DIRECT_RECORD_DISABLED;SEARCH_RANK_DEMOTED,D101-017030000-0001,,false,true,
14067,D701-017030000-0001,볶음밥_계란,밥류,계란,해당없음,해당없음,100ml,164,100,ml,164,MASS_ALTERNATIVE_AVAILABLE,SOLID_WITH_VOLUME_BASIS;MASS_ALTERNATIVE_FOUND;SOURCE_UNIT_PRESERVED;DIRECT_RECORD_DISABLED;SEARCH_RANK_DEMOTED,D101-017030000-0001,,false,true,
14074,D503-191000000-0001,볶음 우동,면 및 만두류,해당없음,해당없음,해당없음,100ml,80,100,ml,80,VOLUME_ONLY_UNRESOLVED,SOLID_WITH_VOLUME_BASIS;VOLUME_ONLY_NO_SAFE_ALTERNATIVE;SOURCE_UNIT_PRESERVED;DIRECT_RECORD_DISABLED;SEARCH_RANK_DEMOTED,,,false,true,
14075,D403-191000000-0001,볶음 우동,면 및 만두류,해당없음,해당없음,해당없음,100ml,59,100,ml,59,VOLUME_ONLY_UNRESOLVED,SOLID_WITH_VOLUME_BASIS;VOLUME_ONLY_NO_SAFE_ALTERNATIVE;SOURCE_UNIT_PRESERVED;DIRECT_RECORD_DISABLED;SEARCH_RANK_DEMOTED,,,false,true,
14076,D703-191000000-0001,볶음 우동,면 및 만두류,해당없음,해당없음,해당없음,100ml,57,100,ml,57,VOLUME_ONLY_UNRESOLVED,SOLID_WITH_VOLUME_BASIS;VOLUME_ONLY_NO_SAFE_ALTERNATIVE;SOURCE_UNIT_PRESERVED;DIRECT_RECORD_DISABLED;SEARCH_RANK_DEMOTED,,,false,true,
14077,D603-191000000-0001,볶음 우동,면 및 만두류,해당없음,해당없음,해당없음,100ml,80,100,ml,80,VOLUME_ONLY_UNRESOLVED,SOLID_WITH_VOLUME_BASIS;VOLUME_ONLY_NO_SAFE_ALTERNATIVE;SOURCE_UNIT_PRESERVED;DIRECT_RECORD_DISABLED;SEARCH_RANK_DEMOTED,,,false,true,
14078,D407-329000000-0001,복찜,찜류,해당없음,해당없음,해당없음,100ml,36,100,ml,36,VOLUME_ONLY_UNRESOLVED,SOLID_WITH_VOLUME_BASIS;VOLUME_ONLY_NO_SAFE_ALTERNATIVE;SOURCE_UNIT_PRESERVED;DIRECT_RECORD_DISABLED;SEARCH_RANK_DEMOTED,,,false,true,
14082,D412-557000000-0001,복어튀김,튀김류,해당없음,해당없음,해당없음,100ml,277,100,ml,277,MASS_ALTERNATIVE_AVAILABLE,SOLID_WITH_VOLUME_BASIS;MASS_ALTERNATIVE_FOUND;SOURCE_UNIT_PRESERVED;DIRECT_RECORD_DISABLED;SEARCH_RANK_DEMOTED,D312-557000000-0001,,false,true,
14090,D515-672000000-0001,보쌈김치,김치류,해당없음,해당없음,해당없음,100ml,47,100,ml,47,MASS_ALTERNATIVE_AVAILABLE,SOLID_WITH_VOLUME_BASIS;MASS_ALTERNATIVE_FOUND;SOURCE_UNIT_PRESERVED;DIRECT_RECORD_DISABLED;SEARCH_RANK_DEMOTED,D115-672000000-0001,,false,true,
14091,D615-672000000-0001,보쌈김치,김치류,해당없음,해당없음,해당없음,100ml,47,100,ml,47,MASS_ALTERNATIVE_AVAILABLE,SOLID_WITH_VOLUME_BASIS;MASS_ALTERNATIVE_FOUND;SOURCE_UNIT_PRESERVED;DIRECT_RECORD_DISABLED;SEARCH_RANK_DEMOTED,D115-672000000-0001,,false,true,
14094,D701-016000000-0001,보리밥,밥류,해당없음,해당없음,해당없음,100ml,118,100,ml,118,MASS_ALTERNATIVE_AVAILABLE,SOLID_WITH_VOLUME_BASIS;MASS_ALTERNATIVE_FOUND;SOURCE_UNIT_PRESERVED;DIRECT_RECORD_DISABLED;SEARCH_RANK_DEMOTED,D101-016000000-0001,,false,true,
14095,D501-016000000-0001,보리밥,밥류,해당없음,해당없음,해당없음,100ml,118,100,ml,118,MASS_ALTERNATIVE_AVAILABLE,SOLID_WITH_VOLUME_BASIS;MASS_ALTERNATIVE_FOUND;SOURCE_UNIT_PRESERVED;DIRECT_RECORD_DISABLED;SEARCH_RANK_DEMOTED,D101-016000000-0001,,false,true,
14096,D601-016000000-0001,보리밥,밥류,해당없음,해당없음,해당없음,100ml,120,100,ml,120,MASS_ALTERNATIVE_AVAILABLE,SOLID_WITH_VOLUME_BASIS;MASS_ALTERNATIVE_FOUND;SOURCE_UNIT_PRESERVED;DIRECT_RECORD_DISABLED;SEARCH_RANK_DEMOTED,D101-016000000-0001,,false,true,
14097,D401-016000000-0001,보리밥,밥류,해당없음,해당없음,해당없음,100ml,117,100,ml,117,MASS_ALTERNATIVE_AVAILABLE,SOLID_WITH_VOLUME_BASIS;MASS_ALTERNATIVE_FOUND;SOURCE_UNIT_PRESERVED;DIRECT_RECORD_DISABLED;SEARCH_RANK_DEMOTED,D101-016000000-0001,,false,true,
14101,D711-523000000-0001,병어조림,조림류,해당없음,해당없음,해당없음,100ml,72,100,ml,72,MASS_ALTERNATIVE_AVAILABLE,SOLID_WITH_VOLUME_BASIS;MASS_ALTERNATIVE_FOUND;SOURCE_UNIT_PRESERVED;DIRECT_RECORD_DISABLED;SEARCH_RANK_DEMOTED,D111-523000000-0001,,false,true,
14102,D408-417000000-0001,병어구이,구이류,해당없음,해당없음,해당없음,100ml,244,100,ml,244,VOLUME_ONLY_UNRESOLVED,SOLID_WITH_VOLUME_BASIS;VOLUME_ONLY_NO_SAFE_ALTERNATIVE;SOURCE_UNIT_PRESERVED;DIRECT_RECORD_DISABLED;SEARCH_RANK_DEMOTED,,,false,true,
14103,D410-516000000-0001,베이컨채소볶음,볶음류,해당없음,해당없음,해당없음,100ml,142,100,ml,142,VOLUME_ONLY_UNRESOLVED,SOLID_WITH_VOLUME_BASIS;VOLUME_ONLY_NO_SAFE_ALTERNATIVE;SOURCE_UNIT_PRESERVED;DIRECT_RECORD_DISABLED;SEARCH_RANK_DEMOTED,,,false,true,
14104,D710-516000000-0001,베이컨채소볶음,볶음류,해당없음,해당없음,해당없음,100ml,142,100,ml,142,VOLUME_ONLY_UNRESOLVED,SOLID_WITH_VOLUME_BASIS;VOLUME_ONLY_NO_SAFE_ALTERNATIVE;SOURCE_UNIT_PRESERVED;DIRECT_RECORD_DISABLED;SEARCH_RANK_DEMOTED,,,false,true,
14105,D408-416000000-0001,베이컨떡말이구이,구이류,해당없음,해당없음,해당없음,100ml,240,100,ml,240,VOLUME_ONLY_UNRESOLVED,SOLID_WITH_VOLUME_BASIS;VOLUME_ONLY_NO_SAFE_ALTERNATIVE;SOURCE_UNIT_PRESERVED;DIRECT_RECORD_DISABLED;SEARCH_RANK_DEMOTED,,,false,true,
14106,D608-416000000-0001,베이컨떡말이구이,구이류,해당없음,해당없음,해당없음,100ml,239,100,ml,239,VOLUME_ONLY_UNRESOLVED,SOLID_WITH_VOLUME_BASIS;VOLUME_ONLY_NO_SAFE_ALTERNATIVE;SOURCE_UNIT_PRESERVED;DIRECT_RECORD_DISABLED;SEARCH_RANK_DEMOTED,,,false,true,
14107,D708-416000000-0001,베이컨떡말이구이,구이류,해당없음,해당없음,해당없음,100ml,240,100,ml,240,VOLUME_ONLY_UNRESOLVED,SOLID_WITH_VOLUME_BASIS;VOLUME_ONLY_NO_SAFE_ALTERNATIVE;SOURCE_UNIT_PRESERVED;DIRECT_RECORD_DISABLED;SEARCH_RANK_DEMOTED,,,false,true,
14108,D508-416000000-0001,베이컨떡말이구이,구이류,해당없음,해당없음,해당없음,100ml,239,100,ml,239,VOLUME_ONLY_UNRESOLVED,SOLID_WITH_VOLUME_BASIS;VOLUME_ONLY_NO_SAFE_ALTERNATIVE;SOURCE_UNIT_PRESERVED;DIRECT_RECORD_DISABLED;SEARCH_RANK_DEMOTED,,,false,true,
14304,D411-522000000-0001,버섯조림,조림류,해당없음,해당없음,해당없음,100ml,33,100,ml,33,MASS_ALTERNATIVE_AVAILABLE,SOLID_WITH_VOLUME_BASIS;MASS_ALTERNATIVE_FOUND;SOURCE_UNIT_PRESERVED;DIRECT_RECORD_DISABLED;SEARCH_RANK_DEMOTED,D111-522000000-0001,,false,true,
14312,D609-425000000-0001,버섯전,전·적 및 부침류,해당없음,해당없음,해당없음,100ml,202,100,ml,202,MASS_ALTERNATIVE_AVAILABLE,SOLID_WITH_VOLUME_BASIS;MASS_ALTERNATIVE_FOUND;SOURCE_UNIT_PRESERVED;DIRECT_RECORD_DISABLED;SEARCH_RANK_DEMOTED,D309-425000000-0001,,false,true,
14313,D509-425000000-0001,버섯전,전·적 및 부침류,해당없음,해당없음,해당없음,100ml,141,100,ml,141,MASS_ALTERNATIVE_AVAILABLE,SOLID_WITH_VOLUME_BASIS;MASS_ALTERNATIVE_FOUND;SOURCE_UNIT_PRESERVED;DIRECT_RECORD_DISABLED;SEARCH_RANK_DEMOTED,D309-425000000-0001,,false,true,
14314,D409-425000000-0001,버섯전,전·적 및 부침류,해당없음,해당없음,해당없음,100ml,202,100,ml,202,MASS_ALTERNATIVE_AVAILABLE,SOLID_WITH_VOLUME_BASIS;MASS_ALTERNATIVE_FOUND;SOURCE_UNIT_PRESERVED;DIRECT_RECORD_DISABLED;SEARCH_RANK_DEMOTED,D309-425000000-0001,,false,true,
14315,D709-425000000-0001,버섯전,전·적 및 부침류,해당없음,해당없음,해당없음,100ml,164,100,ml,164,MASS_ALTERNATIVE_AVAILABLE,SOLID_WITH_VOLUME_BASIS;MASS_ALTERNATIVE_FOUND;SOURCE_UNIT_PRESERVED;DIRECT_RECORD_DISABLED;SEARCH_RANK_DEMOTED,D309-425000000-0001,,false,true,
14326,D410-515000000-0001,버섯 잡채,볶음류,해당없음,해당없음,해당없음,100ml,149,100,ml,149,VOLUME_ONLY_UNRESOLVED,SOLID_WITH_VOLUME_BASIS;VOLUME_ONLY_NO_SAFE_ALTERNATIVE;SOURCE_UNIT_PRESERVED;DIRECT_RECORD_DISABLED;SEARCH_RANK_DEMOTED,,,false,true,
14330,D401-068000000-0001,버섯 덮밥,밥류,해당없음,해당없음,해당없음,100ml,101,100,ml,101,VOLUME_ONLY_UNRESOLVED,SOLID_WITH_VOLUME_BASIS;VOLUME_ONLY_NO_SAFE_ALTERNATIVE;SOURCE_UNIT_PRESERVED;DIRECT_RECORD_DISABLED;SEARCH_RANK_DEMOTED,,,false,true,
14331,D501-068000000-0001,버섯 덮밥,밥류,해당없음,해당없음,해당없음,100ml,101,100,ml,101,VOLUME_ONLY_UNRESOLVED,SOLID_WITH_VOLUME_BASIS;VOLUME_ONLY_NO_SAFE_ALTERNATIVE;SOURCE_UNIT_PRESERVED;DIRECT_RECORD_DISABLED;SEARCH_RANK_DEMOTED,,,false,true,
14627,D512-599000000-0001,뱅어포튀김,튀김류,해당없음,해당없음,해당없음,100ml,732,100,ml,732,VOLUME_ONLY_UNRESOLVED,SOLID_WITH_VOLUME_BASIS;VOLUME_ONLY_NO_SAFE_ALTERNATIVE;SOURCE_UNIT_PRESERVED;DIRECT_RECORD_DISABLED;SEARCH_RANK_DEMOTED,,,false,true,
14628,D514-683000000-0001,뱅어포무침,생채·무침류,해당없음,해당없음,해당없음,100ml,411,100,ml,411,VOLUME_ONLY_UNRESOLVED,SOLID_WITH_VOLUME_BASIS;VOLUME_ONLY_NO_SAFE_ALTERNATIVE;SOURCE_UNIT_PRESERVED;DIRECT_RECORD_DISABLED;SEARCH_RANK_DEMOTED,,,false,true,
14629,D414-683000000-0001,뱅어포무침,생채·무침류,해당없음,해당없음,해당없음,100ml,371,100,ml,371,VOLUME_ONLY_UNRESOLVED,SOLID_WITH_VOLUME_BASIS;VOLUME_ONLY_NO_SAFE_ALTERNATIVE;SOURCE_UNIT_PRESERVED;DIRECT_RECORD_DISABLED;SEARCH_RANK_DEMOTED,,,false,true,
14630,D508-379000000-0001,뱅어포구이,구이류,해당없음,해당없음,해당없음,100ml,277,100,ml,277,MASS_ALTERNATIVE_AVAILABLE,SOLID_WITH_VOLUME_BASIS;MASS_ALTERNATIVE_FOUND;SOURCE_UNIT_PRESERVED;DIRECT_RECORD_DISABLED;SEARCH_RANK_DEMOTED,D108-379000000-0001,,false,true,
14672,D409-424000000-0001,배추전,전·적 및 부침류,해당없음,해당없음,해당없음,100ml,111,100,ml,111,MASS_ALTERNATIVE_AVAILABLE,SOLID_WITH_VOLUME_BASIS;MASS_ALTERNATIVE_FOUND;SOURCE_UNIT_PRESERVED;DIRECT_RECORD_DISABLED;SEARCH_RANK_DEMOTED,D309-424000000-0001,,false,true,
14673,D709-424000000-0001,배추전,전·적 및 부침류,해당없음,해당없음,해당없음,100ml,109,100,ml,109,MASS_ALTERNATIVE_AVAILABLE,SOLID_WITH_VOLUME_BASIS;MASS_ALTERNATIVE_FOUND;SOURCE_UNIT_PRESERVED;DIRECT_RECORD_DISABLED;SEARCH_RANK_DEMOTED,D309-424000000-0001,,false,true,
14674,D509-424000000-0001,배추전,전·적 및 부침류,해당없음,해당없음,해당없음,100ml,109,100,ml,109,MASS_ALTERNATIVE_AVAILABLE,SOLID_WITH_VOLUME_BASIS;MASS_ALTERNATIVE_FOUND;SOURCE_UNIT_PRESERVED;DIRECT_RECORD_DISABLED;SEARCH_RANK_DEMOTED,D309-424000000-0001,,false,true,
14676,D613-612000000-0001,배추숙주나물,나물·숙채류,해당없음,해당없음,해당없음,100ml,22,100,ml,22,VOLUME_ONLY_UNRESOLVED,SOLID_WITH_VOLUME_BASIS;VOLUME_ONLY_NO_SAFE_ALTERNATIVE;SOURCE_UNIT_PRESERVED;DIRECT_RECORD_DISABLED;SEARCH_RANK_DEMOTED,,,false,true,
14677,D713-581050000-0001,배추나물_된장,나물·숙채류,된장,해당없음,해당없음,100ml,32,100,ml,32,VOLUME_ONLY_UNRESOLVED,SOLID_WITH_VOLUME_BASIS;VOLUME_ONLY_NO_SAFE_ALTERNATIVE;SOURCE_UNIT_PRESERVED;DIRECT_RECORD_DISABLED;SEARCH_RANK_DEMOTED,,,false,true,
14678,D513-581050000-0001,배추나물_된장,나물·숙채류,된장,해당없음,해당없음,100ml,31,100,ml,31,VOLUME_ONLY_UNRESOLVED,SOLID_WITH_VOLUME_BASIS;VOLUME_ONLY_NO_SAFE_ALTERNATIVE;SOURCE_UNIT_PRESERVED;DIRECT_RECORD_DISABLED;SEARCH_RANK_DEMOTED,,,false,true,
14679,D713-581013200-0001,배추나물_간장_소금,나물·숙채류,간장,소금,해당없음,100ml,18,100,ml,18,VOLUME_ONLY_UNRESOLVED,SOLID_WITH_VOLUME_BASIS;VOLUME_ONLY_NO_SAFE_ALTERNATIVE;SOURCE_UNIT_PRESERVED;DIRECT_RECORD_DISABLED;SEARCH_RANK_DEMOTED,,,false,true,
14680,D413-581010000-0001,배추나물_간장,나물·숙채류,간장,해당없음,해당없음,100ml,31,100,ml,31,VOLUME_ONLY_UNRESOLVED,SOLID_WITH_VOLUME_BASIS;VOLUME_ONLY_NO_SAFE_ALTERNATIVE;SOURCE_UNIT_PRESERVED;DIRECT_RECORD_DISABLED;SEARCH_RANK_DEMOTED,,,false,true,
14682,D513-581000000-0001,배추나물,나물·숙채류,해당없음,해당없음,해당없음,100ml,53,100,ml,53,MASS_ALTERNATIVE_AVAILABLE,SOLID_WITH_VOLUME_BASIS;MASS_ALTERNATIVE_FOUND;SOURCE_UNIT_PRESERVED;DIRECT_RECORD_DISABLED;SEARCH_RANK_DEMOTED,D113-581000000-0001,,false,true,
14683,D713-581000000-0001,배추나물,나물·숙채류,해당없음,해당없음,해당없음,100ml,38,100,ml,38,MASS_ALTERNATIVE_AVAILABLE,SOLID_WITH_VOLUME_BASIS;MASS_ALTERNATIVE_FOUND;SOURCE_UNIT_PRESERVED;DIRECT_RECORD_DISABLED;SEARCH_RANK_DEMOTED,D113-581000000-0001,,false,true,
14684,D413-581000000-0001,배추나물,나물·숙채류,해당없음,해당없음,해당없음,100ml,38,100,ml,38,MASS_ALTERNATIVE_AVAILABLE,SOLID_WITH_VOLUME_BASIS;MASS_ALTERNATIVE_FOUND;SOURCE_UNIT_PRESERVED;DIRECT_RECORD_DISABLED;SEARCH_RANK_DEMOTED,D113-581000000-0001,,false,true,
14685,D613-581000000-0001,배추나물,나물·숙채류,해당없음,해당없음,해당없음,100ml,53,100,ml,53,MASS_ALTERNATIVE_AVAILABLE,SOLID_WITH_VOLUME_BASIS;MASS_ALTERNATIVE_FOUND;SOURCE_UNIT_PRESERVED;DIRECT_RECORD_DISABLED;SEARCH_RANK_DEMOTED,D113-581000000-0001,,false,true,
14697,D614-634000000-0001,배추겉절이,생채·무침류,해당없음,해당없음,해당없음,100ml,40,100,ml,40,MASS_ALTERNATIVE_AVAILABLE,SOLID_WITH_VOLUME_BASIS;MASS_ALTERNATIVE_FOUND;SOURCE_UNIT_PRESERVED;DIRECT_RECORD_DISABLED;SEARCH_RANK_DEMOTED,D314-634000000-0001,,false,true,
14699,D414-634000000-0001,배추겉절이,생채·무침류,해당없음,해당없음,해당없음,100ml,23,100,ml,23,MASS_ALTERNATIVE_AVAILABLE,SOLID_WITH_VOLUME_BASIS;MASS_ALTERNATIVE_FOUND;SOURCE_UNIT_PRESERVED;DIRECT_RECORD_DISABLED;SEARCH_RANK_DEMOTED,D314-634000000-0001,,false,true,
14709,D414-634000000-0002,배추 겉절이,생채·무침류,해당없음,해당없음,해당없음,100ml,24,100,ml,24,MASS_ALTERNATIVE_AVAILABLE,SOLID_WITH_VOLUME_BASIS;MASS_ALTERNATIVE_FOUND;SOURCE_UNIT_PRESERVED;DIRECT_RECORD_DISABLED;SEARCH_RANK_DEMOTED,D314-634000000-0001,,false,true,
14710,D514-634000000-0001,배추 겉절이,생채·무침류,해당없음,해당없음,해당없음,100ml,30,100,ml,30,MASS_ALTERNATIVE_AVAILABLE,SOLID_WITH_VOLUME_BASIS;MASS_ALTERNATIVE_FOUND;SOURCE_UNIT_PRESERVED;DIRECT_RECORD_DISABLED;SEARCH_RANK_DEMOTED,D314-634000000-0001,,false,true,
14711,D714-634000000-0001,배추 겉절이,생채·무침류,해당없음,해당없음,해당없음,100ml,30,100,ml,30,MASS_ALTERNATIVE_AVAILABLE,SOLID_WITH_VOLUME_BASIS;MASS_ALTERNATIVE_FOUND;SOURCE_UNIT_PRESERVED;DIRECT_RECORD_DISABLED;SEARCH_RANK_DEMOTED,D314-634000000-0001,,false,true,
14712,D614-634000000-0002,배추 겉절이,생채·무침류,해당없음,해당없음,해당없음,100ml,41,100,ml,41,MASS_ALTERNATIVE_AVAILABLE,SOLID_WITH_VOLUME_BASIS;MASS_ALTERNATIVE_FOUND;SOURCE_UNIT_PRESERVED;DIRECT_RECORD_DISABLED;SEARCH_RANK_DEMOTED,D314-634000000-0001,,false,true,
14714,D413-611170000-0001,방풍나물_소금,나물·숙채류,소금,해당없음,해당없음,100ml,23,100,ml,23,VOLUME_ONLY_UNRESOLVED,SOLID_WITH_VOLUME_BASIS;VOLUME_ONLY_NO_SAFE_ALTERNATIVE;SOURCE_UNIT_PRESERVED;DIRECT_RECORD_DISABLED;SEARCH_RANK_DEMOTED,,,false,true,
14715,D413-611050000-0001,방풍나물_된장,나물·숙채류,된장,해당없음,해당없음,100ml,31,100,ml,31,VOLUME_ONLY_UNRESOLVED,SOLID_WITH_VOLUME_BASIS;VOLUME_ONLY_NO_SAFE_ALTERNATIVE;SOURCE_UNIT_PRESERVED;DIRECT_RECORD_DISABLED;SEARCH_RANK_DEMOTED,,,false,true,
14716,D713-611020000-0001,방풍나물_고추장,나물·숙채류,고추장,해당없음,해당없음,100ml,37,100,ml,37,VOLUME_ONLY_UNRESOLVED,SOLID_WITH_VOLUME_BASIS;VOLUME_ONLY_NO_SAFE_ALTERNATIVE;SOURCE_UNIT_PRESERVED;DIRECT_RECORD_DISABLED;SEARCH_RANK_DEMOTED,,,false,true,
14717,D413-611020000-0001,방풍나물_고추장,나물·숙채류,고추장,해당없음,해당없음,100ml,37,100,ml,37,VOLUME_ONLY_UNRESOLVED,SOLID_WITH_VOLUME_BASIS;VOLUME_ONLY_NO_SAFE_ALTERNATIVE;SOURCE_UNIT_PRESERVED;DIRECT_RECORD_DISABLED;SEARCH_RANK_DEMOTED,,,false,true,
14718,D601-067000000-0001,밤밥,밥류,해당없음,해당없음,해당없음,100ml,152,100,ml,152,VOLUME_ONLY_UNRESOLVED,SOLID_WITH_VOLUME_BASIS;VOLUME_ONLY_NO_SAFE_ALTERNATIVE;SOURCE_UNIT_PRESERVED;DIRECT_RECORD_DISABLED;SEARCH_RANK_DEMOTED,,,false,true,
14719,D501-067000000-0001,밤밥,밥류,해당없음,해당없음,해당없음,100ml,152,100,ml,152,VOLUME_ONLY_UNRESOLVED,SOLID_WITH_VOLUME_BASIS;VOLUME_ONLY_NO_SAFE_ALTERNATIVE;SOURCE_UNIT_PRESERVED;DIRECT_RECORD_DISABLED;SEARCH_RANK_DEMOTED,,,false,true,
14720,D407-365000000-0001,바지락찜,찜류,해당없음,해당없음,해당없음,100ml,83,100,ml,83,VOLUME_ONLY_UNRESOLVED,SOLID_WITH_VOLUME_BASIS;VOLUME_ONLY_NO_SAFE_ALTERNATIVE;SOURCE_UNIT_PRESERVED;DIRECT_RECORD_DISABLED;SEARCH_RANK_DEMOTED,,,false,true,
14721,D707-365000000-0001,바지락찜,찜류,해당없음,해당없음,해당없음,100ml,83,100,ml,83,VOLUME_ONLY_UNRESOLVED,SOLID_WITH_VOLUME_BASIS;VOLUME_ONLY_NO_SAFE_ALTERNATIVE;SOURCE_UNIT_PRESERVED;DIRECT_RECORD_DISABLED;SEARCH_RANK_DEMOTED,,,false,true,
14725,D403-190520000-0001,바지락 수제비_감자,면 및 만두류,감자,해당없음,해당없음,100ml,31,100,ml,31,VOLUME_ONLY_UNRESOLVED,SOLID_WITH_VOLUME_BASIS;VOLUME_ONLY_NO_SAFE_ALTERNATIVE;SOURCE_UNIT_PRESERVED;DIRECT_RECORD_DISABLED;SEARCH_RANK_DEMOTED,,,false,true,
14726,D703-190520000-0001,바지락 수제비_감자,면 및 만두류,감자,해당없음,해당없음,100ml,43,100,ml,43,VOLUME_ONLY_UNRESOLVED,SOLID_WITH_VOLUME_BASIS;VOLUME_ONLY_NO_SAFE_ALTERNATIVE;SOURCE_UNIT_PRESERVED;DIRECT_RECORD_DISABLED;SEARCH_RANK_DEMOTED,,,false,true,
15125,D408-415000000-0001,민어구이,구이류,해당없음,해당없음,해당없음,100ml,106,100,ml,106,VOLUME_ONLY_UNRESOLVED,SOLID_WITH_VOLUME_BASIS;VOLUME_ONLY_NO_SAFE_ALTERNATIVE;SOURCE_UNIT_PRESERVED;DIRECT_RECORD_DISABLED;SEARCH_RANK_DEMOTED,,,false,true,
15128,D413-610000000-0001,민들레무침,나물·숙채류,해당없음,해당없음,해당없음,100ml,27,100,ml,27,VOLUME_ONLY_UNRESOLVED,SOLID_WITH_VOLUME_BASIS;VOLUME_ONLY_NO_SAFE_ALTERNATIVE;SOURCE_UNIT_PRESERVED;DIRECT_RECORD_DISABLED;SEARCH_RANK_DEMOTED,,,false,true,
15130,D611-521000000-0001,미트볼조림,조림류,해당없음,해당없음,해당없음,100ml,156,100,ml,156,MASS_ALTERNATIVE_AVAILABLE,SOLID_WITH_VOLUME_BASIS;MASS_ALTERNATIVE_FOUND;SOURCE_UNIT_PRESERVED;DIRECT_RECORD_DISABLED;SEARCH_RANK_DEMOTED,D111-521000000-0001,,false,true,
15131,D711-521000000-0001,미트볼조림,조림류,해당없음,해당없음,해당없음,100ml,126,100,ml,126,MASS_ALTERNATIVE_AVAILABLE,SOLID_WITH_VOLUME_BASIS;MASS_ALTERNATIVE_FOUND;SOURCE_UNIT_PRESERVED;DIRECT_RECORD_DISABLED;SEARCH_RANK_DEMOTED,D111-521000000-0001,,false,true,
15132,D511-521000000-0001,미트볼조림,조림류,해당없음,해당없음,해당없음,100ml,156,100,ml,156,MASS_ALTERNATIVE_AVAILABLE,SOLID_WITH_VOLUME_BASIS;MASS_ALTERNATIVE_FOUND;SOURCE_UNIT_PRESERVED;DIRECT_RECORD_DISABLED;SEARCH_RANK_DEMOTED,D111-521000000-0001,,false,true,
15134,D411-521000000-0001,미트볼조림,조림류,해당없음,해당없음,해당없음,100ml,126,100,ml,126,MASS_ALTERNATIVE_AVAILABLE,SOLID_WITH_VOLUME_BASIS;MASS_ALTERNATIVE_FOUND;SOURCE_UNIT_PRESERVED;DIRECT_RECORD_DISABLED;SEARCH_RANK_DEMOTED,D111-521000000-0001,,false,true,
15136,D703-189000000-0001,미트 스파게티,면 및 만두류,해당없음,해당없음,해당없음,100ml,109,100,ml,109,VOLUME_ONLY_UNRESOLVED,SOLID_WITH_VOLUME_BASIS;VOLUME_ONLY_NO_SAFE_ALTERNATIVE;SOURCE_UNIT_PRESERVED;DIRECT_RECORD_DISABLED;SEARCH_RANK_DEMOTED,,,false,true,
15137,D403-189000000-0001,미트 스파게티,면 및 만두류,해당없음,해당없음,해당없음,100ml,109,100,ml,109,VOLUME_ONLY_UNRESOLVED,SOLID_WITH_VOLUME_BASIS;VOLUME_ONLY_NO_SAFE_ALTERNATIVE;SOURCE_UNIT_PRESERVED;DIRECT_RECORD_DISABLED;SEARCH_RANK_DEMOTED,,,false,true,
15138,D503-189000000-0001,미트 스파게티,면 및 만두류,해당없음,해당없음,해당없음,100ml,109,100,ml,109,VOLUME_ONLY_UNRESOLVED,SOLID_WITH_VOLUME_BASIS;VOLUME_ONLY_NO_SAFE_ALTERNATIVE;SOURCE_UNIT_PRESERVED;DIRECT_RECORD_DISABLED;SEARCH_RANK_DEMOTED,,,false,true,
15142,D712-556000000-0001,미역튀각,튀김류,해당없음,해당없음,해당없음,100ml,363,100,ml,363,MASS_ALTERNATIVE_AVAILABLE,SOLID_WITH_VOLUME_BASIS;MASS_ALTERNATIVE_FOUND;SOURCE_UNIT_PRESERVED;DIRECT_RECORD_DISABLED;SEARCH_RANK_DEMOTED,D112-556000000-0001,,false,true,
15145,D714-632000000-0001,미역초무침,생채·무침류,해당없음,해당없음,해당없음,100ml,31,100,ml,31,MASS_ALTERNATIVE_AVAILABLE,SOLID_WITH_VOLUME_BASIS;MASS_ALTERNATIVE_FOUND;SOURCE_UNIT_PRESERVED;DIRECT_RECORD_DISABLED;SEARCH_RANK_DEMOTED,D114-632000000-0001;D314-632000000-0001,,false,true,
15147,D610-475234300-0001,미역줄기볶음_미역줄기_채소,볶음류,미역줄기,채소,해당없음,100ml,35,100,ml,35,VOLUME_ONLY_UNRESOLVED,SOLID_WITH_VOLUME_BASIS;VOLUME_ONLY_NO_SAFE_ALTERNATIVE;SOURCE_UNIT_PRESERVED;DIRECT_RECORD_DISABLED;SEARCH_RANK_DEMOTED,,,false,true,
15148,D410-475230000-0001,미역줄기볶음_미역줄기,볶음류,미역줄기,해당없음,해당없음,100ml,39,100,ml,39,VOLUME_ONLY_UNRESOLVED,SOLID_WITH_VOLUME_BASIS;VOLUME_ONLY_NO_SAFE_ALTERNATIVE;SOURCE_UNIT_PRESERVED;DIRECT_RECORD_DISABLED;SEARCH_RANK_DEMOTED,,,false,true,
15149,D710-475230000-0001,미역줄기볶음_미역줄기,볶음류,미역줄기,해당없음,해당없음,100ml,31,100,ml,31,VOLUME_ONLY_UNRESOLVED,SOLID_WITH_VOLUME_BASIS;VOLUME_ONLY_NO_SAFE_ALTERNATIVE;SOURCE_UNIT_PRESERVED;DIRECT_RECORD_DISABLED;SEARCH_RANK_DEMOTED,,,false,true,
15150,D510-475000000-0001,미역줄기볶음,볶음류,해당없음,해당없음,해당없음,100ml,95,100,ml,95,MASS_ALTERNATIVE_AVAILABLE,SOLID_WITH_VOLUME_BASIS;MASS_ALTERNATIVE_FOUND;SOURCE_UNIT_PRESERVED;DIRECT_RECORD_DISABLED;SEARCH_RANK_DEMOTED,D110-475000000-0001;D310-475000000-0001,,false,true,
15152,D710-475000000-0001,미역줄기볶음,볶음류,해당없음,해당없음,해당없음,100ml,51,100,ml,51,MASS_ALTERNATIVE_AVAILABLE,SOLID_WITH_VOLUME_BASIS;MASS_ALTERNATIVE_FOUND;SOURCE_UNIT_PRESERVED;DIRECT_RECORD_DISABLED;SEARCH_RANK_DEMOTED,D110-475000000-0001;D310-475000000-0001,,false,true,
15153,D610-475000000-0001,미역줄기볶음,볶음류,해당없음,해당없음,해당없음,100ml,60,100,ml,60,MASS_ALTERNATIVE_AVAILABLE,SOLID_WITH_VOLUME_BASIS;MASS_ALTERNATIVE_FOUND;SOURCE_UNIT_PRESERVED;DIRECT_RECORD_DISABLED;SEARCH_RANK_DEMOTED,D110-475000000-0001;D310-475000000-0001,,false,true,
15155,D410-475000000-0001,미역줄기볶음,볶음류,해당없음,해당없음,해당없음,100ml,26,100,ml,26,MASS_ALTERNATIVE_AVAILABLE,SOLID_WITH_VOLUME_BASIS;MASS_ALTERNATIVE_FOUND;SOURCE_UNIT_PRESERVED;DIRECT_RECORD_DISABLED;SEARCH_RANK_DEMOTED,D110-475000000-0001;D310-475000000-0001,,false,true,
15184,D714-682000000-0001,미역 오이무침,생채·무침류,해당없음,해당없음,해당없음,100ml,61,100,ml,61,VOLUME_ONLY_UNRESOLVED,SOLID_WITH_VOLUME_BASIS;VOLUME_ONLY_NO_SAFE_ALTERNATIVE;SOURCE_UNIT_PRESERVED;DIRECT_RECORD_DISABLED;SEARCH_RANK_DEMOTED,,,false,true,
15185,D514-682000000-0001,미역 오이무침,생채·무침류,해당없음,해당없음,해당없음,100ml,57,100,ml,57,VOLUME_ONLY_UNRESOLVED,SOLID_WITH_VOLUME_BASIS;VOLUME_ONLY_NO_SAFE_ALTERNATIVE;SOURCE_UNIT_PRESERVED;DIRECT_RECORD_DISABLED;SEARCH_RANK_DEMOTED,,,false,true,
15186,D414-682000000-0001,미역 오이무침,생채·무침류,해당없음,해당없음,해당없음,100ml,61,100,ml,61,VOLUME_ONLY_UNRESOLVED,SOLID_WITH_VOLUME_BASIS;VOLUME_ONLY_NO_SAFE_ALTERNATIVE;SOURCE_UNIT_PRESERVED;DIRECT_RECORD_DISABLED;SEARCH_RANK_DEMOTED,,,false,true,
15213,D407-364000000-0001,미더덕찜,찜류,해당없음,해당없음,해당없음,100ml,77,100,ml,77,VOLUME_ONLY_UNRESOLVED,SOLID_WITH_VOLUME_BASIS;VOLUME_ONLY_NO_SAFE_ALTERNATIVE;SOURCE_UNIT_PRESERVED;DIRECT_RECORD_DISABLED;SEARCH_RANK_DEMOTED,,,false,true,
15215,D414-631410000-0001,미나리무침_고추장,생채·무침류,고추장,해당없음,해당없음,100ml,20,100,ml,20,VOLUME_ONLY_UNRESOLVED,SOLID_WITH_VOLUME_BASIS;VOLUME_ONLY_NO_SAFE_ALTERNATIVE;SOURCE_UNIT_PRESERVED;DIRECT_RECORD_DISABLED;SEARCH_RANK_DEMOTED,,,false,true,
15216,D514-631410000-0001,미나리무침_고추장,생채·무침류,고추장,해당없음,해당없음,100ml,19,100,ml,19,VOLUME_ONLY_UNRESOLVED,SOLID_WITH_VOLUME_BASIS;VOLUME_ONLY_NO_SAFE_ALTERNATIVE;SOURCE_UNIT_PRESERVED;DIRECT_RECORD_DISABLED;SEARCH_RANK_DEMOTED,,,false,true,
15217,D714-631410000-0001,미나리무침_고추장,생채·무침류,고추장,해당없음,해당없음,100ml,20,100,ml,20,VOLUME_ONLY_UNRESOLVED,SOLID_WITH_VOLUME_BASIS;VOLUME_ONLY_NO_SAFE_ALTERNATIVE;SOURCE_UNIT_PRESERVED;DIRECT_RECORD_DISABLED;SEARCH_RANK_DEMOTED,,,false,true,
15218,D414-631000000-0001,미나리무침,생채·무침류,해당없음,해당없음,해당없음,100ml,20,100,ml,20,MASS_ALTERNATIVE_AVAILABLE,SOLID_WITH_VOLUME_BASIS;MASS_ALTERNATIVE_FOUND;SOURCE_UNIT_PRESERVED;DIRECT_RECORD_DISABLED;SEARCH_RANK_DEMOTED,D114-631000000-0001,,false,true,
15219,D714-631000000-0001,미나리무침,생채·무침류,해당없음,해당없음,해당없음,100ml,20,100,ml,20,MASS_ALTERNATIVE_AVAILABLE,SOLID_WITH_VOLUME_BASIS;MASS_ALTERNATIVE_FOUND;SOURCE_UNIT_PRESERVED;DIRECT_RECORD_DISABLED;SEARCH_RANK_DEMOTED,D114-631000000-0001,,false,true,
15221,D713-579190000-0001,미나리나물_팽이버섯,나물·숙채류,팽이버섯,해당없음,해당없음,100ml,16,100,ml,16,VOLUME_ONLY_UNRESOLVED,SOLID_WITH_VOLUME_BASIS;VOLUME_ONLY_NO_SAFE_ALTERNATIVE;SOURCE_UNIT_PRESERVED;DIRECT_RECORD_DISABLED;SEARCH_RANK_DEMOTED,,,false,true,
15222,D413-579190000-0001,미나리나물_팽이버섯,나물·숙채류,팽이버섯,해당없음,해당없음,100ml,16,100,ml,16,VOLUME_ONLY_UNRESOLVED,SOLID_WITH_VOLUME_BASIS;VOLUME_ONLY_NO_SAFE_ALTERNATIVE;SOURCE_UNIT_PRESERVED;DIRECT_RECORD_DISABLED;SEARCH_RANK_DEMOTED,,,false,true,
15223,D713-579170000-0001,미나리나물_소금,나물·숙채류,소금,해당없음,해당없음,100ml,27,100,ml,27,VOLUME_ONLY_UNRESOLVED,SOLID_WITH_VOLUME_BASIS;VOLUME_ONLY_NO_SAFE_ALTERNATIVE;SOURCE_UNIT_PRESERVED;DIRECT_RECORD_DISABLED;SEARCH_RANK_DEMOTED,,,false,true,
15224,D413-579130000-0001,미나리나물_모듬,나물·숙채류,모듬,해당없음,해당없음,100ml,20,100,ml,20,VOLUME_ONLY_UNRESOLVED,SOLID_WITH_VOLUME_BASIS;VOLUME_ONLY_NO_SAFE_ALTERNATIVE;SOURCE_UNIT_PRESERVED;DIRECT_RECORD_DISABLED;SEARCH_RANK_DEMOTED,,,false,true,
15225,D513-579020000-0001,미나리나물_고추장,나물·숙채류,고추장,해당없음,해당없음,100ml,25,100,ml,25,VOLUME_ONLY_UNRESOLVED,SOLID_WITH_VOLUME_BASIS;VOLUME_ONLY_NO_SAFE_ALTERNATIVE;SOURCE_UNIT_PRESERVED;DIRECT_RECORD_DISABLED;SEARCH_RANK_DEMOTED,,,false,true,
15226,D713-579020000-0001,미나리나물_고추장,나물·숙채류,고추장,해당없음,해당없음,100ml,25,100,ml,25,VOLUME_ONLY_UNRESOLVED,SOLID_WITH_VOLUME_BASIS;VOLUME_ONLY_NO_SAFE_ALTERNATIVE;SOURCE_UNIT_PRESERVED;DIRECT_RECORD_DISABLED;SEARCH_RANK_DEMOTED,,,false,true,
15227,D413-579020000-0001,미나리나물_고추장,나물·숙채류,고추장,해당없음,해당없음,100ml,25,100,ml,25,VOLUME_ONLY_UNRESOLVED,SOLID_WITH_VOLUME_BASIS;VOLUME_ONLY_NO_SAFE_ALTERNATIVE;SOURCE_UNIT_PRESERVED;DIRECT_RECORD_DISABLED;SEARCH_RANK_DEMOTED,,,false,true,
15229,D514-681000000-0001,미나리 초무침,생채·무침류,해당없음,해당없음,해당없음,100ml,49,100,ml,49,VOLUME_ONLY_UNRESOLVED,SOLID_WITH_VOLUME_BASIS;VOLUME_ONLY_NO_SAFE_ALTERNATIVE;SOURCE_UNIT_PRESERVED;DIRECT_RECORD_DISABLED;SEARCH_RANK_DEMOTED,,,false,true,
15230,D714-681000000-0001,미나리 초무침,생채·무침류,해당없음,해당없음,해당없음,100ml,41,100,ml,41,VOLUME_ONLY_UNRESOLVED,SOLID_WITH_VOLUME_BASIS;VOLUME_ONLY_NO_SAFE_ALTERNATIVE;SOURCE_UNIT_PRESERVED;DIRECT_RECORD_DISABLED;SEARCH_RANK_DEMOTED,,,false,true,
15231,D614-681000000-0001,미나리 초무침,생채·무침류,해당없음,해당없음,해당없음,100ml,49,100,ml,49,VOLUME_ONLY_UNRESOLVED,SOLID_WITH_VOLUME_BASIS;VOLUME_ONLY_NO_SAFE_ALTERNATIVE;SOURCE_UNIT_PRESERVED;DIRECT_RECORD_DISABLED;SEARCH_RANK_DEMOTED,,,false,true,
15236,D403-188000000-0001,물만두,면 및 만두류,해당없음,해당없음,해당없음,100ml,92,100,ml,92,VOLUME_ONLY_UNRESOLVED,SOLID_WITH_VOLUME_BASIS;VOLUME_ONLY_NO_SAFE_ALTERNATIVE;SOURCE_UNIT_PRESERVED;DIRECT_RECORD_DISABLED;SEARCH_RANK_DEMOTED,,,false,true,
15237,D603-188000000-0001,물만두,면 및 만두류,해당없음,해당없음,해당없음,100ml,98,100,ml,98,VOLUME_ONLY_UNRESOLVED,SOLID_WITH_VOLUME_BASIS;VOLUME_ONLY_NO_SAFE_ALTERNATIVE;SOURCE_UNIT_PRESERVED;DIRECT_RECORD_DISABLED;SEARCH_RANK_DEMOTED,,,false,true,
15238,D503-188000000-0001,물만두,면 및 만두류,해당없음,해당없음,해당없음,100ml,98,100,ml,98,VOLUME_ONLY_UNRESOLVED,SOLID_WITH_VOLUME_BASIS;VOLUME_ONLY_NO_SAFE_ALTERNATIVE;SOURCE_UNIT_PRESERVED;DIRECT_RECORD_DISABLED;SEARCH_RANK_DEMOTED,,,false,true,
15239,D703-188000000-0001,물만두,면 및 만두류,해당없음,해당없음,해당없음,100ml,97,100,ml,97,VOLUME_ONLY_UNRESOLVED,SOLID_WITH_VOLUME_BASIS;VOLUME_ONLY_NO_SAFE_ALTERNATIVE;SOURCE_UNIT_PRESERVED;DIRECT_RECORD_DISABLED;SEARCH_RANK_DEMOTED,,,false,true,
15240,D403-187560000-0001,물냉면_열무,면 및 만두류,열무,해당없음,해당없음,100ml,95,100,ml,95,VOLUME_ONLY_UNRESOLVED,SOLID_WITH_VOLUME_BASIS;VOLUME_ONLY_NO_SAFE_ALTERNATIVE;SOURCE_UNIT_PRESERVED;DIRECT_RECORD_DISABLED;SEARCH_RANK_DEMOTED,,,false,true,
15241,D703-187560000-0001,물냉면_열무,면 및 만두류,열무,해당없음,해당없음,100ml,95,100,ml,95,VOLUME_ONLY_UNRESOLVED,SOLID_WITH_VOLUME_BASIS;VOLUME_ONLY_NO_SAFE_ALTERNATIVE;SOURCE_UNIT_PRESERVED;DIRECT_RECORD_DISABLED;SEARCH_RANK_DEMOTED,,,false,true,
15242,D703-187000000-0001,물냉면,면 및 만두류,해당없음,해당없음,해당없음,100ml,78,100,ml,78,VOLUME_ONLY_UNRESOLVED,SOLID_WITH_VOLUME_BASIS;VOLUME_ONLY_NO_SAFE_ALTERNATIVE;SOURCE_UNIT_PRESERVED;DIRECT_RECORD_DISABLED;SEARCH_RANK_DEMOTED,,,false,true,
15243,D603-187000000-0001,물냉면,면 및 만두류,해당없음,해당없음,해당없음,100ml,83,100,ml,83,VOLUME_ONLY_UNRESOLVED,SOLID_WITH_VOLUME_BASIS;VOLUME_ONLY_NO_SAFE_ALTERNATIVE;SOURCE_UNIT_PRESERVED;DIRECT_RECORD_DISABLED;SEARCH_RANK_DEMOTED,,,false,true,
15244,D403-187000000-0001,물냉면,면 및 만두류,해당없음,해당없음,해당없음,100ml,96,100,ml,96,VOLUME_ONLY_UNRESOLVED,SOLID_WITH_VOLUME_BASIS;VOLUME_ONLY_NO_SAFE_ALTERNATIVE;SOURCE_UNIT_PRESERVED;DIRECT_RECORD_DISABLED;SEARCH_RANK_DEMOTED,,,false,true,
15245,D503-187000000-0001,물냉면,면 및 만두류,해당없음,해당없음,해당없음,100ml,83,100,ml,83,VOLUME_ONLY_UNRESOLVED,SOLID_WITH_VOLUME_BASIS;VOLUME_ONLY_NO_SAFE_ALTERNATIVE;SOURCE_UNIT_PRESERVED;DIRECT_RECORD_DISABLED;SEARCH_RANK_DEMOTED,,,false,true,
15248,D410-474000000-0001,문어볶음,볶음류,해당없음,해당없음,해당없음,100ml,67,100,ml,67,VOLUME_ONLY_UNRESOLVED,SOLID_WITH_VOLUME_BASIS;VOLUME_ONLY_NO_SAFE_ALTERNATIVE;SOURCE_UNIT_PRESERVED;DIRECT_RECORD_DISABLED;SEARCH_RANK_DEMOTED,,,false,true,
15249,D514-680000000-0001,문어무침,생채·무침류,해당없음,해당없음,해당없음,100ml,70,100,ml,70,VOLUME_ONLY_UNRESOLVED,SOLID_WITH_VOLUME_BASIS;VOLUME_ONLY_NO_SAFE_ALTERNATIVE;SOURCE_UNIT_PRESERVED;DIRECT_RECORD_DISABLED;SEARCH_RANK_DEMOTED,,,false,true,
15250,D414-680000000-0001,문어무침,생채·무침류,해당없음,해당없음,해당없음,100ml,63,100,ml,63,VOLUME_ONLY_UNRESOLVED,SOLID_WITH_VOLUME_BASIS;VOLUME_ONLY_NO_SAFE_ALTERNATIVE;SOURCE_UNIT_PRESERVED;DIRECT_RECORD_DISABLED;SEARCH_RANK_DEMOTED,,,false,true,
15252,D501-015000000-0001,묵밥,밥류,해당없음,해당없음,해당없음,100ml,69,100,ml,69,MASS_ALTERNATIVE_AVAILABLE,SOLID_WITH_VOLUME_BASIS;MASS_ALTERNATIVE_FOUND;SOURCE_UNIT_PRESERVED;DIRECT_RECORD_DISABLED;SEARCH_RANK_DEMOTED,D301-015000000-0001,,false,true,
15253,D401-015000000-0001,묵밥,밥류,해당없음,해당없음,해당없음,100ml,70,100,ml,70,MASS_ALTERNATIVE_AVAILABLE,SOLID_WITH_VOLUME_BASIS;MASS_ALTERNATIVE_FOUND;SOURCE_UNIT_PRESERVED;DIRECT_RECORD_DISABLED;SEARCH_RANK_DEMOTED,D301-015000000-0001,,false,true,
15254,D701-015000000-0001,묵밥,밥류,해당없음,해당없음,해당없음,100ml,70,100,ml,70,MASS_ALTERNATIVE_AVAILABLE,SOLID_WITH_VOLUME_BASIS;MASS_ALTERNATIVE_FOUND;SOURCE_UNIT_PRESERVED;DIRECT_RECORD_DISABLED;SEARCH_RANK_DEMOTED,D301-015000000-0001,,false,true,
15261,D413-609000000-0001,무청나물,나물·숙채류,해당없음,해당없음,해당없음,100ml,80,100,ml,80,VOLUME_ONLY_UNRESOLVED,SOLID_WITH_VOLUME_BASIS;VOLUME_ONLY_NO_SAFE_ALTERNATIVE;SOURCE_UNIT_PRESERVED;DIRECT_RECORD_DISABLED;SEARCH_RANK_DEMOTED,,,false,true,
15265,D411-520000000-0001,무조림,조림류,해당없음,해당없음,해당없음,100ml,47,100,ml,47,MASS_ALTERNATIVE_AVAILABLE,SOLID_WITH_VOLUME_BASIS;MASS_ALTERNATIVE_FOUND;SOURCE_UNIT_PRESERVED;DIRECT_RECORD_DISABLED;SEARCH_RANK_DEMOTED,D111-520000000-0001,,false,true,
15266,D611-520000000-0001,무조림,조림류,해당없음,해당없음,해당없음,100ml,48,100,ml,48,MASS_ALTERNATIVE_AVAILABLE,SOLID_WITH_VOLUME_BASIS;MASS_ALTERNATIVE_FOUND;SOURCE_UNIT_PRESERVED;DIRECT_RECORD_DISABLED;SEARCH_RANK_DEMOTED,D111-520000000-0001,,false,true,
15267,D711-520000000-0001,무조림,조림류,해당없음,해당없음,해당없음,100ml,47,100,ml,47,MASS_ALTERNATIVE_AVAILABLE,SOLID_WITH_VOLUME_BASIS;MASS_ALTERNATIVE_FOUND;SOURCE_UNIT_PRESERVED;DIRECT_RECORD_DISABLED;SEARCH_RANK_DEMOTED,D111-520000000-0001,,false,true,
15268,D511-520000000-0001,무조림,조림류,해당없음,해당없음,해당없음,100ml,48,100,ml,48,MASS_ALTERNATIVE_AVAILABLE,SOLID_WITH_VOLUME_BASIS;MASS_ALTERNATIVE_FOUND;SOURCE_UNIT_PRESERVED;DIRECT_RECORD_DISABLED;SEARCH_RANK_DEMOTED,D111-520000000-0001,,false,true,
15270,D417-700000000-0001,무장아찌,장아찌·절임류,해당없음,해당없음,해당없음,100ml,116,100,ml,116,MASS_ALTERNATIVE_AVAILABLE,SOLID_WITH_VOLUME_BASIS;MASS_ALTERNATIVE_FOUND;SOURCE_UNIT_PRESERVED;DIRECT_RECORD_DISABLED;SEARCH_RANK_DEMOTED,D317-700000000-0001,,false,true,
15271,D417-707000000-0001,무숙장아찌,장아찌·절임류,해당없음,해당없음,해당없음,100ml,93,100,ml,93,VOLUME_ONLY_UNRESOLVED,SOLID_WITH_VOLUME_BASIS;VOLUME_ONLY_NO_SAFE_ALTERNATIVE;SOURCE_UNIT_PRESERVED;DIRECT_RECORD_DISABLED;SEARCH_RANK_DEMOTED,,,false,true,
15272,D514-627510000-0001,무생채_액젓,생채·무침류,액젓,해당없음,해당없음,100ml,38,100,ml,38,VOLUME_ONLY_UNRESOLVED,SOLID_WITH_VOLUME_BASIS;VOLUME_ONLY_NO_SAFE_ALTERNATIVE;SOURCE_UNIT_PRESERVED;DIRECT_RECORD_DISABLED;SEARCH_RANK_DEMOTED,,,false,true,
15273,D614-627510000-0001,무생채_액젓,생채·무침류,액젓,해당없음,해당없음,100ml,42,100,ml,42,VOLUME_ONLY_UNRESOLVED,SOLID_WITH_VOLUME_BASIS;VOLUME_ONLY_NO_SAFE_ALTERNATIVE;SOURCE_UNIT_PRESERVED;DIRECT_RECORD_DISABLED;SEARCH_RANK_DEMOTED,,,false,true,
15274,D714-627210000-0001,무생채_식초,생채·무침류,식초,해당없음,해당없음,100ml,35,100,ml,35,VOLUME_ONLY_UNRESOLVED,SOLID_WITH_VOLUME_BASIS;VOLUME_ONLY_NO_SAFE_ALTERNATIVE;SOURCE_UNIT_PRESERVED;DIRECT_RECORD_DISABLED;SEARCH_RANK_DEMOTED,,,false,true,
15275,D514-627210000-0001,무생채_식초,생채·무침류,식초,해당없음,해당없음,100ml,40,100,ml,40,VOLUME_ONLY_UNRESOLVED,SOLID_WITH_VOLUME_BASIS;VOLUME_ONLY_NO_SAFE_ALTERNATIVE;SOURCE_UNIT_PRESERVED;DIRECT_RECORD_DISABLED;SEARCH_RANK_DEMOTED,,,false,true,
15276,D614-627210000-0001,무생채_식초,생채·무침류,식초,해당없음,해당없음,100ml,42,100,ml,42,VOLUME_ONLY_UNRESOLVED,SOLID_WITH_VOLUME_BASIS;VOLUME_ONLY_NO_SAFE_ALTERNATIVE;SOURCE_UNIT_PRESERVED;DIRECT_RECORD_DISABLED;SEARCH_RANK_DEMOTED,,,false,true,
15277,D614-627490000-0001,무생채_미역,생채·무침류,미역,해당없음,해당없음,100ml,34,100,ml,34,VOLUME_ONLY_UNRESOLVED,SOLID_WITH_VOLUME_BASIS;VOLUME_ONLY_NO_SAFE_ALTERNATIVE;SOURCE_UNIT_PRESERVED;DIRECT_RECORD_DISABLED;SEARCH_RANK_DEMOTED,,,false,true,
15278,D414-627480000-0001,무생채_미나리,생채·무침류,미나리,해당없음,해당없음,100ml,46,100,ml,46,VOLUME_ONLY_UNRESOLVED,SOLID_WITH_VOLUME_BASIS;VOLUME_ONLY_NO_SAFE_ALTERNATIVE;SOURCE_UNIT_PRESERVED;DIRECT_RECORD_DISABLED;SEARCH_RANK_DEMOTED,,,false,true,
15279,D714-627480000-0001,무생채_미나리,생채·무침류,미나리,해당없음,해당없음,100ml,46,100,ml,46,VOLUME_ONLY_UNRESOLVED,SOLID_WITH_VOLUME_BASIS;VOLUME_ONLY_NO_SAFE_ALTERNATIVE;SOURCE_UNIT_PRESERVED;DIRECT_RECORD_DISABLED;SEARCH_RANK_DEMOTED,,,false,true,
15281,D714-627050000-0001,무생채_굴,생채·무침류,굴,해당없음,해당없음,100ml,41,100,ml,41,MASS_ALTERNATIVE_AVAILABLE,SOLID_WITH_VOLUME_BASIS;MASS_ALTERNATIVE_FOUND;SOURCE_UNIT_PRESERVED;DIRECT_RECORD_DISABLED;SEARCH_RANK_DEMOTED,D114-627050000-0001,,false,true,
15282,D414-627050000-0001,무생채_굴,생채·무침류,굴,해당없음,해당없음,100ml,40,100,ml,40,MASS_ALTERNATIVE_AVAILABLE,SOLID_WITH_VOLUME_BASIS;MASS_ALTERNATIVE_FOUND;SOURCE_UNIT_PRESERVED;DIRECT_RECORD_DISABLED;SEARCH_RANK_DEMOTED,D114-627050000-0001,,false,true,
15283,D714-628000000-0001,무생채(무만),생채·무침류,해당없음,해당없음,해당없음,100ml,30,100,ml,30,VOLUME_ONLY_UNRESOLVED,SOLID_WITH_VOLUME_BASIS;VOLUME_ONLY_NO_SAFE_ALTERNATIVE;SOURCE_UNIT_PRESERVED;DIRECT_RECORD_DISABLED;SEARCH_RANK_DEMOTED,,,false,true,
15284,D614-627000000-0001,무생채,생채·무침류,해당없음,해당없음,해당없음,100ml,32,100,ml,32,MASS_ALTERNATIVE_AVAILABLE,SOLID_WITH_VOLUME_BASIS;MASS_ALTERNATIVE_FOUND;SOURCE_UNIT_PRESERVED;DIRECT_RECORD_DISABLED;SEARCH_RANK_DEMOTED,D114-627000000-0001,,false,true,
15286,D714-627000000-0001,무생채,생채·무침류,해당없음,해당없음,해당없음,100ml,35,100,ml,35,MASS_ALTERNATIVE_AVAILABLE,SOLID_WITH_VOLUME_BASIS;MASS_ALTERNATIVE_FOUND;SOURCE_UNIT_PRESERVED;DIRECT_RECORD_DISABLED;SEARCH_RANK_DEMOTED,D114-627000000-0001,,false,true,
15287,D514-627000000-0001,무생채,생채·무침류,해당없음,해당없음,해당없음,100ml,40,100,ml,40,MASS_ALTERNATIVE_AVAILABLE,SOLID_WITH_VOLUME_BASIS;MASS_ALTERNATIVE_FOUND;SOURCE_UNIT_PRESERVED;DIRECT_RECORD_DISABLED;SEARCH_RANK_DEMOTED,D114-627000000-0001,,false,true,
15288,D401-066000000-0001,무밥,밥류,해당없음,해당없음,해당없음,100ml,177,100,ml,177,VOLUME_ONLY_UNRESOLVED,SOLID_WITH_VOLUME_BASIS;VOLUME_ONLY_NO_SAFE_ALTERNATIVE;SOURCE_UNIT_PRESERVED;DIRECT_RECORD_DISABLED;SEARCH_RANK_DEMOTED,,,false,true,
15289,D417-706000000-0001,무말랭이장아찌,장아찌·절임류,해당없음,해당없음,해당없음,100ml,117,100,ml,117,VOLUME_ONLY_UNRESOLVED,SOLID_WITH_VOLUME_BASIS;VOLUME_ONLY_NO_SAFE_ALTERNATIVE;SOURCE_UNIT_PRESERVED;DIRECT_RECORD_DISABLED;SEARCH_RANK_DEMOTED,,,false,true,
15290,D414-626280000-0001,무말랭이무침_오징어,생채·무침류,오징어,해당없음,해당없음,100ml,150,100,ml,150,VOLUME_ONLY_UNRESOLVED,SOLID_WITH_VOLUME_BASIS;VOLUME_ONLY_NO_SAFE_ALTERNATIVE;SOURCE_UNIT_PRESERVED;DIRECT_RECORD_DISABLED;SEARCH_RANK_DEMOTED,,,false,true,
15291,D614-626280000-0001,무말랭이무침_오징어,생채·무침류,오징어,해당없음,해당없음,100ml,150,100,ml,150,VOLUME_ONLY_UNRESOLVED,SOLID_WITH_VOLUME_BASIS;VOLUME_ONLY_NO_SAFE_ALTERNATIVE;SOURCE_UNIT_PRESERVED;DIRECT_RECORD_DISABLED;SEARCH_RANK_DEMOTED,,,false,true,
15295,D614-626000000-0001,무말랭이무침,생채·무침류,해당없음,해당없음,해당없음,100ml,61,100,ml,61,MASS_ALTERNATIVE_AVAILABLE,SOLID_WITH_VOLUME_BASIS;MASS_ALTERNATIVE_FOUND;SOURCE_UNIT_PRESERVED;DIRECT_RECORD_DISABLED;SEARCH_RANK_DEMOTED,D114-626000000-0001;D314-626000000-0001;D314-626000000-0002,,false,true,
15296,D414-626000000-0001,무말랭이무침,생채·무침류,해당없음,해당없음,해당없음,100ml,88,100,ml,88,MASS_ALTERNATIVE_AVAILABLE,SOLID_WITH_VOLUME_BASIS;MASS_ALTERNATIVE_FOUND;SOURCE_UNIT_PRESERVED;DIRECT_RECORD_DISABLED;SEARCH_RANK_DEMOTED,D114-626000000-0001;D314-626000000-0001;D314-626000000-0002,,false,true,
15297,D514-626000000-0001,무말랭이무침,생채·무침류,해당없음,해당없음,해당없음,100ml,124,100,ml,124,MASS_ALTERNATIVE_AVAILABLE,SOLID_WITH_VOLUME_BASIS;MASS_ALTERNATIVE_FOUND;SOURCE_UNIT_PRESERVED;DIRECT_RECORD_DISABLED;SEARCH_RANK_DEMOTED,D114-626000000-0001;D314-626000000-0001;D314-626000000-0002,,false,true,
15298,D714-626000000-0001,무말랭이무침,생채·무침류,해당없음,해당없음,해당없음,100ml,88,100,ml,88,MASS_ALTERNATIVE_AVAILABLE,SOLID_WITH_VOLUME_BASIS;MASS_ALTERNATIVE_FOUND;SOURCE_UNIT_PRESERVED;DIRECT_RECORD_DISABLED;SEARCH_RANK_DEMOTED,D114-626000000-0001;D314-626000000-0001;D314-626000000-0002,,false,true,
15300,D613-608000000-0001,무나물,나물·숙채류,해당없음,해당없음,해당없음,100ml,36,100,ml,36,VOLUME_ONLY_UNRESOLVED,SOLID_WITH_VOLUME_BASIS;VOLUME_ONLY_NO_SAFE_ALTERNATIVE;SOURCE_UNIT_PRESERVED;DIRECT_RECORD_DISABLED;SEARCH_RANK_DEMOTED,,,false,true,
15301,D413-608000000-0001,무나물,나물·숙채류,해당없음,해당없음,해당없음,100ml,28,100,ml,28,VOLUME_ONLY_UNRESOLVED,SOLID_WITH_VOLUME_BASIS;VOLUME_ONLY_NO_SAFE_ALTERNATIVE;SOURCE_UNIT_PRESERVED;DIRECT_RECORD_DISABLED;SEARCH_RANK_DEMOTED,,,false,true,
15302,D513-608000000-0001,무나물,나물·숙채류,해당없음,해당없음,해당없음,100ml,36,100,ml,36,VOLUME_ONLY_UNRESOLVED,SOLID_WITH_VOLUME_BASIS;VOLUME_ONLY_NO_SAFE_ALTERNATIVE;SOURCE_UNIT_PRESERVED;DIRECT_RECORD_DISABLED;SEARCH_RANK_DEMOTED,,,false,true,
15303,D713-608000000-0001,무나물,나물·숙채류,해당없음,해당없음,해당없음,100ml,19,100,ml,19,VOLUME_ONLY_UNRESOLVED,SOLID_WITH_VOLUME_BASIS;VOLUME_ONLY_NO_SAFE_ALTERNATIVE;SOURCE_UNIT_PRESERVED;DIRECT_RECORD_DISABLED;SEARCH_RANK_DEMOTED,,,false,true,
15328,D714-679000000-0001,무 파래무침,생채·무침류,해당없음,해당없음,해당없음,100ml,23,100,ml,23,VOLUME_ONLY_UNRESOLVED,SOLID_WITH_VOLUME_BASIS;VOLUME_ONLY_NO_SAFE_ALTERNATIVE;SOURCE_UNIT_PRESERVED;DIRECT_RECORD_DISABLED;SEARCH_RANK_DEMOTED,,,false,true,
15329,D611-555000000-0001,무 어묵조림,조림류,해당없음,해당없음,해당없음,100ml,112,100,ml,112,VOLUME_ONLY_UNRESOLVED,SOLID_WITH_VOLUME_BASIS;VOLUME_ONLY_NO_SAFE_ALTERNATIVE;SOURCE_UNIT_PRESERVED;DIRECT_RECORD_DISABLED;SEARCH_RANK_DEMOTED,,,false,true,
15330,D711-555000000-0001,무 어묵조림,조림류,해당없음,해당없음,해당없음,100ml,109,100,ml,109,VOLUME_ONLY_UNRESOLVED,SOLID_WITH_VOLUME_BASIS;VOLUME_ONLY_NO_SAFE_ALTERNATIVE;SOURCE_UNIT_PRESERVED;DIRECT_RECORD_DISABLED;SEARCH_RANK_DEMOTED,,,false,true,
15344,D403-186000000-0001,모밀국수,면 및 만두류,해당없음,해당없음,해당없음,100ml,86,100,ml,86,VOLUME_ONLY_UNRESOLVED,SOLID_WITH_VOLUME_BASIS;VOLUME_ONLY_NO_SAFE_ALTERNATIVE;SOURCE_UNIT_PRESERVED;DIRECT_RECORD_DISABLED;SEARCH_RANK_DEMOTED,,,false,true,
15345,D603-186000000-0001,모밀국수,면 및 만두류,해당없음,해당없음,해당없음,100ml,126,100,ml,126,VOLUME_ONLY_UNRESOLVED,SOLID_WITH_VOLUME_BASIS;VOLUME_ONLY_NO_SAFE_ALTERNATIVE;SOURCE_UNIT_PRESERVED;DIRECT_RECORD_DISABLED;SEARCH_RANK_DEMOTED,,,false,true,
15346,D503-186000000-0001,모밀국수,면 및 만두류,해당없음,해당없음,해당없음,100ml,126,100,ml,126,VOLUME_ONLY_UNRESOLVED,SOLID_WITH_VOLUME_BASIS;VOLUME_ONLY_NO_SAFE_ALTERNATIVE;SOURCE_UNIT_PRESERVED;DIRECT_RECORD_DISABLED;SEARCH_RANK_DEMOTED,,,false,true,
15347,D703-186000000-0001,모밀국수,면 및 만두류,해당없음,해당없음,해당없음,100ml,154,100,ml,154,VOLUME_ONLY_UNRESOLVED,SOLID_WITH_VOLUME_BASIS;VOLUME_ONLY_NO_SAFE_ALTERNATIVE;SOURCE_UNIT_PRESERVED;DIRECT_RECORD_DISABLED;SEARCH_RANK_DEMOTED,,,false,true,
15348,D427-763000000-0001,모듬회,수·조·어·육류,해당없음,해당없음,해당없음,100ml,133,100,ml,133,VOLUME_ONLY_UNRESOLVED,SOLID_WITH_VOLUME_BASIS;VOLUME_ONLY_NO_SAFE_ALTERNATIVE;SOURCE_UNIT_PRESERVED;DIRECT_RECORD_DISABLED;SEARCH_RANK_DEMOTED,,,false,true,
15350,D409-451000000-0001,모듬채소전,전·적 및 부침류,해당없음,해당없음,해당없음,100ml,154,100,ml,154,VOLUME_ONLY_UNRESOLVED,SOLID_WITH_VOLUME_BASIS;VOLUME_ONLY_NO_SAFE_ALTERNATIVE;SOURCE_UNIT_PRESERVED;DIRECT_RECORD_DISABLED;SEARCH_RANK_DEMOTED,,,false,true,
15353,D610-514000000-0001,모듬버섯볶음,볶음류,해당없음,해당없음,해당없음,100ml,69,100,ml,69,VOLUME_ONLY_UNRESOLVED,SOLID_WITH_VOLUME_BASIS;VOLUME_ONLY_NO_SAFE_ALTERNATIVE;SOURCE_UNIT_PRESERVED;DIRECT_RECORD_DISABLED;SEARCH_RANK_DEMOTED,,,false,true,
15354,D410-514000000-0001,모듬버섯볶음,볶음류,해당없음,해당없음,해당없음,100ml,69,100,ml,69,VOLUME_ONLY_UNRESOLVED,SOLID_WITH_VOLUME_BASIS;VOLUME_ONLY_NO_SAFE_ALTERNATIVE;SOURCE_UNIT_PRESERVED;DIRECT_RECORD_DISABLED;SEARCH_RANK_DEMOTED,,,false,true,
15355,D710-514000000-0001,모듬버섯볶음,볶음류,해당없음,해당없음,해당없음,100ml,69,100,ml,69,VOLUME_ONLY_UNRESOLVED,SOLID_WITH_VOLUME_BASIS;VOLUME_ONLY_NO_SAFE_ALTERNATIVE;SOURCE_UNIT_PRESERVED;DIRECT_RECORD_DISABLED;SEARCH_RANK_DEMOTED,,,false,true,
15356,D510-514000000-0001,모듬버섯볶음,볶음류,해당없음,해당없음,해당없음,100ml,69,100,ml,69,VOLUME_ONLY_UNRESOLVED,SOLID_WITH_VOLUME_BASIS;VOLUME_ONLY_NO_SAFE_ALTERNATIVE;SOURCE_UNIT_PRESERVED;DIRECT_RECORD_DISABLED;SEARCH_RANK_DEMOTED,,,false,true,
15357,D613-607050000-0001,모듬배추나물_된장,나물·숙채류,된장,해당없음,해당없음,100ml,31,100,ml,31,VOLUME_ONLY_UNRESOLVED,SOLID_WITH_VOLUME_BASIS;VOLUME_ONLY_NO_SAFE_ALTERNATIVE;SOURCE_UNIT_PRESERVED;DIRECT_RECORD_DISABLED;SEARCH_RANK_DEMOTED,,,false,true,
15358,D413-607050000-0001,모듬배추나물_된장,나물·숙채류,된장,해당없음,해당없음,100ml,33,100,ml,33,VOLUME_ONLY_UNRESOLVED,SOLID_WITH_VOLUME_BASIS;VOLUME_ONLY_NO_SAFE_ALTERNATIVE;SOURCE_UNIT_PRESERVED;DIRECT_RECORD_DISABLED;SEARCH_RANK_DEMOTED,,,false,true,
15359,D513-607050000-0001,모듬배추나물_된장,나물·숙채류,된장,해당없음,해당없음,100ml,31,100,ml,31,VOLUME_ONLY_UNRESOLVED,SOLID_WITH_VOLUME_BASIS;VOLUME_ONLY_NO_SAFE_ALTERNATIVE;SOURCE_UNIT_PRESERVED;DIRECT_RECORD_DISABLED;SEARCH_RANK_DEMOTED,,,false,true,
15360,D713-607050000-0001,모듬배추나물_된장,나물·숙채류,된장,해당없음,해당없음,100ml,33,100,ml,33,VOLUME_ONLY_UNRESOLVED,SOLID_WITH_VOLUME_BASIS;VOLUME_ONLY_NO_SAFE_ALTERNATIVE;SOURCE_UNIT_PRESERVED;DIRECT_RECORD_DISABLED;SEARCH_RANK_DEMOTED,,,false,true,
15361,D411-554000000-0001,모듬 콩조림,조림류,해당없음,해당없음,해당없음,100ml,181,100,ml,181,VOLUME_ONLY_UNRESOLVED,SOLID_WITH_VOLUME_BASIS;VOLUME_ONLY_NO_SAFE_ALTERNATIVE;SOURCE_UNIT_PRESERVED;DIRECT_RECORD_DISABLED;SEARCH_RANK_DEMOTED,,,false,true,
15362,D401-065000000-0001,모듬 초밥,밥류,해당없음,해당없음,해당없음,100ml,189,100,ml,189,VOLUME_ONLY_UNRESOLVED,SOLID_WITH_VOLUME_BASIS;VOLUME_ONLY_NO_SAFE_ALTERNATIVE;SOURCE_UNIT_PRESERVED;DIRECT_RECORD_DISABLED;SEARCH_RANK_DEMOTED,,,false,true,
15363,D701-065000000-0001,모듬 초밥,밥류,해당없음,해당없음,해당없음,100ml,188,100,ml,188,VOLUME_ONLY_UNRESOLVED,SOLID_WITH_VOLUME_BASIS;VOLUME_ONLY_NO_SAFE_ALTERNATIVE;SOURCE_UNIT_PRESERVED;DIRECT_RECORD_DISABLED;SEARCH_RANK_DEMOTED,,,false,true,
15364,D401-064000000-0001,모듬 김밥,밥류,해당없음,해당없음,해당없음,100ml,113,100,ml,113,VOLUME_ONLY_UNRESOLVED,SOLID_WITH_VOLUME_BASIS;VOLUME_ONLY_NO_SAFE_ALTERNATIVE;SOURCE_UNIT_PRESERVED;DIRECT_RECORD_DISABLED;SEARCH_RANK_DEMOTED,,,false,true,
15392,D407-363000000-0001,명란찜,찜류,해당없음,해당없음,해당없음,100ml,61,100,ml,61,VOLUME_ONLY_UNRESOLVED,SOLID_WITH_VOLUME_BASIS;VOLUME_ONLY_NO_SAFE_ALTERNATIVE;SOURCE_UNIT_PRESERVED;DIRECT_RECORD_DISABLED;SEARCH_RANK_DEMOTED,,,false,true,
15395,D611-519000000-0001,멸치조림,조림류,해당없음,해당없음,해당없음,100ml,150,100,ml,150,MASS_ALTERNATIVE_AVAILABLE,SOLID_WITH_VOLUME_BASIS;MASS_ALTERNATIVE_FOUND;SOURCE_UNIT_PRESERVED;DIRECT_RECORD_DISABLED;SEARCH_RANK_DEMOTED,D111-519000000-0001,,false,true,
15396,D511-519000000-0001,멸치조림,조림류,해당없음,해당없음,해당없음,100ml,150,100,ml,150,MASS_ALTERNATIVE_AVAILABLE,SOLID_WITH_VOLUME_BASIS;MASS_ALTERNATIVE_FOUND;SOURCE_UNIT_PRESERVED;DIRECT_RECORD_DISABLED;SEARCH_RANK_DEMOTED,D111-519000000-0001,,false,true,
15398,D711-519000000-0001,멸치조림,조림류,해당없음,해당없음,해당없음,100ml,150,100,ml,150,MASS_ALTERNATIVE_AVAILABLE,SOLID_WITH_VOLUME_BASIS;MASS_ALTERNATIVE_FOUND;SOURCE_UNIT_PRESERVED;DIRECT_RECORD_DISABLED;SEARCH_RANK_DEMOTED,D111-519000000-0001,,false,true,
15399,D411-519000000-0001,멸치조림,조림류,해당없음,해당없음,해당없음,100ml,150,100,ml,150,MASS_ALTERNATIVE_AVAILABLE,SOLID_WITH_VOLUME_BASIS;MASS_ALTERNATIVE_FOUND;SOURCE_UNIT_PRESERVED;DIRECT_RECORD_DISABLED;SEARCH_RANK_DEMOTED,D111-519000000-0001,,false,true,
15405,D410-472130000-0001,멸치볶음_꽈리고추,볶음류,꽈리고추,해당없음,해당없음,100ml,79,100,ml,79,MASS_ALTERNATIVE_AVAILABLE,SOLID_WITH_VOLUME_BASIS;MASS_ALTERNATIVE_FOUND;SOURCE_UNIT_PRESERVED;DIRECT_RECORD_DISABLED;SEARCH_RANK_DEMOTED,D110-472130000-0001,,false,true,
15407,D610-472070000-0001,멸치볶음_견과류,볶음류,견과류,해당없음,해당없음,100ml,172,100,ml,172,MASS_ALTERNATIVE_AVAILABLE,SOLID_WITH_VOLUME_BASIS;MASS_ALTERNATIVE_FOUND;SOURCE_UNIT_PRESERVED;DIRECT_RECORD_DISABLED;SEARCH_RANK_DEMOTED,D110-472070000-0001,,false,true,
15408,D410-472070000-0001,멸치볶음_견과류,볶음류,견과류,해당없음,해당없음,100ml,172,100,ml,172,MASS_ALTERNATIVE_AVAILABLE,SOLID_WITH_VOLUME_BASIS;MASS_ALTERNATIVE_FOUND;SOURCE_UNIT_PRESERVED;DIRECT_RECORD_DISABLED;SEARCH_RANK_DEMOTED,D110-472070000-0001,,false,true,
15409,D510-472070000-0001,멸치볶음_견과류,볶음류,견과류,해당없음,해당없음,100ml,172,100,ml,172,MASS_ALTERNATIVE_AVAILABLE,SOLID_WITH_VOLUME_BASIS;MASS_ALTERNATIVE_FOUND;SOURCE_UNIT_PRESERVED;DIRECT_RECORD_DISABLED;SEARCH_RANK_DEMOTED,D110-472070000-0001,,false,true,
15410,D710-472070000-0001,멸치볶음_견과류,볶음류,견과류,해당없음,해당없음,100ml,171,100,ml,171,MASS_ALTERNATIVE_AVAILABLE,SOLID_WITH_VOLUME_BASIS;MASS_ALTERNATIVE_FOUND;SOURCE_UNIT_PRESERVED;DIRECT_RECORD_DISABLED;SEARCH_RANK_DEMOTED,D110-472070000-0001,,false,true,
15411,D410-473000000-0001,멸치볶음(멸치만),볶음류,해당없음,해당없음,해당없음,100ml,114,100,ml,114,VOLUME_ONLY_UNRESOLVED,SOLID_WITH_VOLUME_BASIS;VOLUME_ONLY_NO_SAFE_ALTERNATIVE;SOURCE_UNIT_PRESERVED;DIRECT_RECORD_DISABLED;SEARCH_RANK_DEMOTED,,,false,true,
15412,D410-472000000-0001,멸치볶음,볶음류,해당없음,해당없음,해당없음,100ml,114,100,ml,114,MASS_ALTERNATIVE_AVAILABLE,SOLID_WITH_VOLUME_BASIS;MASS_ALTERNATIVE_FOUND;SOURCE_UNIT_PRESERVED;DIRECT_RECORD_DISABLED;SEARCH_RANK_DEMOTED,D110-472000000-0001,,false,true,
15414,D510-472000000-0001,멸치볶음,볶음류,해당없음,해당없음,해당없음,100ml,114,100,ml,114,MASS_ALTERNATIVE_AVAILABLE,SOLID_WITH_VOLUME_BASIS;MASS_ALTERNATIVE_FOUND;SOURCE_UNIT_PRESERVED;DIRECT_RECORD_DISABLED;SEARCH_RANK_DEMOTED,D110-472000000-0001,,false,true,
15415,D710-472000000-0001,멸치볶음,볶음류,해당없음,해당없음,해당없음,100ml,114,100,ml,114,MASS_ALTERNATIVE_AVAILABLE,SOLID_WITH_VOLUME_BASIS;MASS_ALTERNATIVE_FOUND;SOURCE_UNIT_PRESERVED;DIRECT_RECORD_DISABLED;SEARCH_RANK_DEMOTED,D110-472000000-0001,,false,true,
15420,D414-678000000-0001,멕시컨샐러드,생채·무침류,해당없음,해당없음,해당없음,100ml,96,100,ml,96,VOLUME_ONLY_UNRESOLVED,SOLID_WITH_VOLUME_BASIS;VOLUME_ONLY_NO_SAFE_ALTERNATIVE;SOURCE_UNIT_PRESERVED;DIRECT_RECORD_DISABLED;SEARCH_RANK_DEMOTED,,,false,true,
15421,D714-678000000-0001,멕시컨샐러드,생채·무침류,해당없음,해당없음,해당없음,100ml,118,100,ml,118,VOLUME_ONLY_UNRESOLVED,SOLID_WITH_VOLUME_BASIS;VOLUME_ONLY_NO_SAFE_ALTERNATIVE;SOURCE_UNIT_PRESERVED;DIRECT_RECORD_DISABLED;SEARCH_RANK_DEMOTED,,,false,true,
15422,D514-678000000-0001,멕시컨샐러드,생채·무침류,해당없음,해당없음,해당없음,100ml,93,100,ml,93,VOLUME_ONLY_UNRESOLVED,SOLID_WITH_VOLUME_BASIS;VOLUME_ONLY_NO_SAFE_ALTERNATIVE;SOURCE_UNIT_PRESERVED;DIRECT_RECORD_DISABLED;SEARCH_RANK_DEMOTED,,,false,true,
15423,D411-553130000-0001,메추리알장조림_꽈리고추,조림류,꽈리고추,해당없음,해당없음,100ml,96,100,ml,96,VOLUME_ONLY_UNRESOLVED,SOLID_WITH_VOLUME_BASIS;VOLUME_ONLY_NO_SAFE_ALTERNATIVE;SOURCE_UNIT_PRESERVED;DIRECT_RECORD_DISABLED;SEARCH_RANK_DEMOTED,,,false,true,
15424,D711-553000000-0001,메추리알장조림,조림류,해당없음,해당없음,해당없음,100ml,152,100,ml,152,VOLUME_ONLY_UNRESOLVED,SOLID_WITH_VOLUME_BASIS;VOLUME_ONLY_NO_SAFE_ALTERNATIVE;SOURCE_UNIT_PRESERVED;DIRECT_RECORD_DISABLED;SEARCH_RANK_DEMOTED,,,false,true,
15425,D511-553000000-0001,메추리알장조림,조림류,해당없음,해당없음,해당없음,100ml,151,100,ml,151,VOLUME_ONLY_UNRESOLVED,SOLID_WITH_VOLUME_BASIS;VOLUME_ONLY_NO_SAFE_ALTERNATIVE;SOURCE_UNIT_PRESERVED;DIRECT_RECORD_DISABLED;SEARCH_RANK_DEMOTED,,,false,true,
15426,D611-553000000-0001,메추리알장조림,조림류,해당없음,해당없음,해당없음,100ml,151,100,ml,151,VOLUME_ONLY_UNRESOLVED,SOLID_WITH_VOLUME_BASIS;VOLUME_ONLY_NO_SAFE_ALTERNATIVE;SOURCE_UNIT_PRESERVED;DIRECT_RECORD_DISABLED;SEARCH_RANK_DEMOTED,,,false,true,
15427,D411-552000000-0001,메추리알 어묵조림,조림류,해당없음,해당없음,해당없음,100ml,156,100,ml,156,VOLUME_ONLY_UNRESOLVED,SOLID_WITH_VOLUME_BASIS;VOLUME_ONLY_NO_SAFE_ALTERNATIVE;SOURCE_UNIT_PRESERVED;DIRECT_RECORD_DISABLED;SEARCH_RANK_DEMOTED,,,false,true,
15428,D511-552000000-0001,메추리알 어묵조림,조림류,해당없음,해당없음,해당없음,100ml,227,100,ml,227,VOLUME_ONLY_UNRESOLVED,SOLID_WITH_VOLUME_BASIS;VOLUME_ONLY_NO_SAFE_ALTERNATIVE;SOURCE_UNIT_PRESERVED;DIRECT_RECORD_DISABLED;SEARCH_RANK_DEMOTED,,,false,true,
15429,D711-552000000-0001,메추리알 어묵조림,조림류,해당없음,해당없음,해당없음,100ml,156,100,ml,156,VOLUME_ONLY_UNRESOLVED,SOLID_WITH_VOLUME_BASIS;VOLUME_ONLY_NO_SAFE_ALTERNATIVE;SOURCE_UNIT_PRESERVED;DIRECT_RECORD_DISABLED;SEARCH_RANK_DEMOTED,,,false,true,
15430,D611-551000000-0001,메추리알 돼지고기장조림,조림류,해당없음,해당없음,해당없음,100ml,144,100,ml,144,VOLUME_ONLY_UNRESOLVED,SOLID_WITH_VOLUME_BASIS;VOLUME_ONLY_NO_SAFE_ALTERNATIVE;SOURCE_UNIT_PRESERVED;DIRECT_RECORD_DISABLED;SEARCH_RANK_DEMOTED,,,false,true,
15431,D711-551000000-0001,메추리알 돼지고기장조림,조림류,해당없음,해당없음,해당없음,100ml,116,100,ml,116,VOLUME_ONLY_UNRESOLVED,SOLID_WITH_VOLUME_BASIS;VOLUME_ONLY_NO_SAFE_ALTERNATIVE;SOURCE_UNIT_PRESERVED;DIRECT_RECORD_DISABLED;SEARCH_RANK_DEMOTED,,,false,true,
15432,D511-551000000-0001,메추리알 돼지고기장조림,조림류,해당없음,해당없음,해당없음,100ml,118,100,ml,118,VOLUME_ONLY_UNRESOLVED,SOLID_WITH_VOLUME_BASIS;VOLUME_ONLY_NO_SAFE_ALTERNATIVE;SOURCE_UNIT_PRESERVED;DIRECT_RECORD_DISABLED;SEARCH_RANK_DEMOTED,,,false,true,
15433,D411-551000000-0001,메추리알 돼지고기장조림,조림류,해당없음,해당없음,해당없음,100ml,131,100,ml,131,VOLUME_ONLY_UNRESOLVED,SOLID_WITH_VOLUME_BASIS;VOLUME_ONLY_NO_SAFE_ALTERNATIVE;SOURCE_UNIT_PRESERVED;DIRECT_RECORD_DISABLED;SEARCH_RANK_DEMOTED,,,false,true,
15436,D403-153000000-0001,메밀소바,면 및 만두류,해당없음,해당없음,해당없음,100ml,86,100,ml,86,VOLUME_ONLY_UNRESOLVED,SOLID_WITH_VOLUME_BASIS;VOLUME_ONLY_NO_SAFE_ALTERNATIVE;SOURCE_UNIT_PRESERVED;DIRECT_RECORD_DISABLED;SEARCH_RANK_DEMOTED,,,false,true,
15441,D414-677000000-0001,메밀묵 무침,생채·무침류,해당없음,해당없음,해당없음,100ml,65,100,ml,65,VOLUME_ONLY_UNRESOLVED,SOLID_WITH_VOLUME_BASIS;VOLUME_ONLY_NO_SAFE_ALTERNATIVE;SOURCE_UNIT_PRESERVED;DIRECT_RECORD_DISABLED;SEARCH_RANK_DEMOTED,,,false,true,
15442,D714-677000000-0001,메밀묵 무침,생채·무침류,해당없음,해당없음,해당없음,100ml,65,100,ml,65,VOLUME_ONLY_UNRESOLVED,SOLID_WITH_VOLUME_BASIS;VOLUME_ONLY_NO_SAFE_ALTERNATIVE;SOURCE_UNIT_PRESERVED;DIRECT_RECORD_DISABLED;SEARCH_RANK_DEMOTED,,,false,true,
15444,D407-362000000-0001,메기찜,찜류,해당없음,해당없음,해당없음,100ml,71,100,ml,71,VOLUME_ONLY_UNRESOLVED,SOLID_WITH_VOLUME_BASIS;VOLUME_ONLY_NO_SAFE_ALTERNATIVE;SOURCE_UNIT_PRESERVED;DIRECT_RECORD_DISABLED;SEARCH_RANK_DEMOTED,,,false,true,
15509,D513-606170000-0001,머위나물_소금,나물·숙채류,소금,해당없음,해당없음,100ml,30,100,ml,30,VOLUME_ONLY_UNRESOLVED,SOLID_WITH_VOLUME_BASIS;VOLUME_ONLY_NO_SAFE_ALTERNATIVE;SOURCE_UNIT_PRESERVED;DIRECT_RECORD_DISABLED;SEARCH_RANK_DEMOTED,,,false,true,
15510,D713-606170000-0001,머위나물_소금,나물·숙채류,소금,해당없음,해당없음,100ml,31,100,ml,31,VOLUME_ONLY_UNRESOLVED,SOLID_WITH_VOLUME_BASIS;VOLUME_ONLY_NO_SAFE_ALTERNATIVE;SOURCE_UNIT_PRESERVED;DIRECT_RECORD_DISABLED;SEARCH_RANK_DEMOTED,,,false,true,
15511,D413-606000000-0001,머위나물,나물·숙채류,해당없음,해당없음,해당없음,100ml,25,100,ml,25,VOLUME_ONLY_UNRESOLVED,SOLID_WITH_VOLUME_BASIS;VOLUME_ONLY_NO_SAFE_ALTERNATIVE;SOURCE_UNIT_PRESERVED;DIRECT_RECORD_DISABLED;SEARCH_RANK_DEMOTED,,,false,true,
15529,D410-513000000-0001,매운 어묵볶음,볶음류,해당없음,해당없음,해당없음,100ml,90,100,ml,90,VOLUME_ONLY_UNRESOLVED,SOLID_WITH_VOLUME_BASIS;VOLUME_ONLY_NO_SAFE_ALTERNATIVE;SOURCE_UNIT_PRESERVED;DIRECT_RECORD_DISABLED;SEARCH_RANK_DEMOTED,,,false,true,
15530,D610-513000000-0001,매운 어묵볶음,볶음류,해당없음,해당없음,해당없음,100ml,90,100,ml,90,VOLUME_ONLY_UNRESOLVED,SOLID_WITH_VOLUME_BASIS;VOLUME_ONLY_NO_SAFE_ALTERNATIVE;SOURCE_UNIT_PRESERVED;DIRECT_RECORD_DISABLED;SEARCH_RANK_DEMOTED,,,false,true,
15531,D710-513000000-0001,매운 어묵볶음,볶음류,해당없음,해당없음,해당없음,100ml,90,100,ml,90,VOLUME_ONLY_UNRESOLVED,SOLID_WITH_VOLUME_BASIS;VOLUME_ONLY_NO_SAFE_ALTERNATIVE;SOURCE_UNIT_PRESERVED;DIRECT_RECORD_DISABLED;SEARCH_RANK_DEMOTED,,,false,true,
15532,D510-513000000-0001,매운 어묵볶음,볶음류,해당없음,해당없음,해당없음,100ml,90,100,ml,90,VOLUME_ONLY_UNRESOLVED,SOLID_WITH_VOLUME_BASIS;VOLUME_ONLY_NO_SAFE_ALTERNATIVE;SOURCE_UNIT_PRESERVED;DIRECT_RECORD_DISABLED;SEARCH_RANK_DEMOTED,,,false,true,
15536,D707-361000000-0001,망둥어찜,찜류,해당없음,해당없음,해당없음,100ml,52,100,ml,52,VOLUME_ONLY_UNRESOLVED,SOLID_WITH_VOLUME_BASIS;VOLUME_ONLY_NO_SAFE_ALTERNATIVE;SOURCE_UNIT_PRESERVED;DIRECT_RECORD_DISABLED;SEARCH_RANK_DEMOTED,,,false,true,
15539,D709-421000000-0001,맛살전,전·적 및 부침류,해당없음,해당없음,해당없음,100ml,231,100,ml,231,MASS_ALTERNATIVE_AVAILABLE,SOLID_WITH_VOLUME_BASIS;MASS_ALTERNATIVE_FOUND;SOURCE_UNIT_PRESERVED;DIRECT_RECORD_DISABLED;SEARCH_RANK_DEMOTED,D109-421000000-0001,,false,true,
15540,D609-421000000-0001,맛살전,전·적 및 부침류,해당없음,해당없음,해당없음,100ml,230,100,ml,230,MASS_ALTERNATIVE_AVAILABLE,SOLID_WITH_VOLUME_BASIS;MASS_ALTERNATIVE_FOUND;SOURCE_UNIT_PRESERVED;DIRECT_RECORD_DISABLED;SEARCH_RANK_DEMOTED,D109-421000000-0001,,false,true,
15541,D409-421000000-0001,맛살전,전·적 및 부침류,해당없음,해당없음,해당없음,100ml,231,100,ml,231,MASS_ALTERNATIVE_AVAILABLE,SOLID_WITH_VOLUME_BASIS;MASS_ALTERNATIVE_FOUND;SOURCE_UNIT_PRESERVED;DIRECT_RECORD_DISABLED;SEARCH_RANK_DEMOTED,D109-421000000-0001,,false,true,
15542,D509-421000000-0001,맛살전,전·적 및 부침류,해당없음,해당없음,해당없음,100ml,229,100,ml,229,MASS_ALTERNATIVE_AVAILABLE,SOLID_WITH_VOLUME_BASIS;MASS_ALTERNATIVE_FOUND;SOURCE_UNIT_PRESERVED;DIRECT_RECORD_DISABLED;SEARCH_RANK_DEMOTED,D109-421000000-0001,,false,true,
15543,D403-185000000-0001,만두탕수,면 및 만두류,해당없음,해당없음,해당없음,100ml,95,100,ml,95,VOLUME_ONLY_UNRESOLVED,SOLID_WITH_VOLUME_BASIS;VOLUME_ONLY_NO_SAFE_ALTERNATIVE;SOURCE_UNIT_PRESERVED;DIRECT_RECORD_DISABLED;SEARCH_RANK_DEMOTED,,,false,true,
15544,D503-185000000-0001,만두탕수,면 및 만두류,해당없음,해당없음,해당없음,100ml,88,100,ml,88,VOLUME_ONLY_UNRESOLVED,SOLID_WITH_VOLUME_BASIS;VOLUME_ONLY_NO_SAFE_ALTERNATIVE;SOURCE_UNIT_PRESERVED;DIRECT_RECORD_DISABLED;SEARCH_RANK_DEMOTED,,,false,true,
15545,D703-185000000-0001,만두탕수,면 및 만두류,해당없음,해당없음,해당없음,100ml,85,100,ml,85,VOLUME_ONLY_UNRESOLVED,SOLID_WITH_VOLUME_BASIS;VOLUME_ONLY_NO_SAFE_ALTERNATIVE;SOURCE_UNIT_PRESERVED;DIRECT_RECORD_DISABLED;SEARCH_RANK_DEMOTED,,,false,true,
15546,D603-185000000-0001,만두탕수,면 및 만두류,해당없음,해당없음,해당없음,100ml,88,100,ml,88,VOLUME_ONLY_UNRESOLVED,SOLID_WITH_VOLUME_BASIS;VOLUME_ONLY_NO_SAFE_ALTERNATIVE;SOURCE_UNIT_PRESERVED;DIRECT_RECORD_DISABLED;SEARCH_RANK_DEMOTED,,,false,true,
15550,D503-151060000-0001,만두국_김치만두,면 및 만두류,김치만두,해당없음,해당없음,100ml,66,100,ml,66,CATEGORY_REVIEW_REQUIRED,SOLID_WITH_VOLUME_BASIS;CATEGORY_AMBIGUOUS;SOURCE_UNIT_PRESERVED;DIRECT_RECORD_DISABLED;SEARCH_RANK_DEMOTED;MANUAL_REVIEW_REQUIRED,,,false,true,
15551,D703-151060000-0001,만두국_김치만두,면 및 만두류,김치만두,해당없음,해당없음,100ml,66,100,ml,66,CATEGORY_REVIEW_REQUIRED,SOLID_WITH_VOLUME_BASIS;CATEGORY_AMBIGUOUS;SOURCE_UNIT_PRESERVED;DIRECT_RECORD_DISABLED;SEARCH_RANK_DEMOTED;MANUAL_REVIEW_REQUIRED,,,false,true,
15552,D403-151060000-0001,만두국_김치만두,면 및 만두류,김치만두,해당없음,해당없음,100ml,67,100,ml,67,CATEGORY_REVIEW_REQUIRED,SOLID_WITH_VOLUME_BASIS;CATEGORY_AMBIGUOUS;SOURCE_UNIT_PRESERVED;DIRECT_RECORD_DISABLED;SEARCH_RANK_DEMOTED;MANUAL_REVIEW_REQUIRED,,,false,true,
15553,D603-151010000-0001,만두국_고기만두,면 및 만두류,고기만두,해당없음,해당없음,100ml,59,100,ml,59,CATEGORY_REVIEW_REQUIRED,SOLID_WITH_VOLUME_BASIS;CATEGORY_AMBIGUOUS;SOURCE_UNIT_PRESERVED;DIRECT_RECORD_DISABLED;SEARCH_RANK_DEMOTED;MANUAL_REVIEW_REQUIRED,,,false,true,
15554,D503-151010000-0001,만두국_고기만두,면 및 만두류,고기만두,해당없음,해당없음,100ml,43,100,ml,43,CATEGORY_REVIEW_REQUIRED,SOLID_WITH_VOLUME_BASIS;CATEGORY_AMBIGUOUS;SOURCE_UNIT_PRESERVED;DIRECT_RECORD_DISABLED;SEARCH_RANK_DEMOTED;MANUAL_REVIEW_REQUIRED,,,false,true,
15555,D703-151010000-0001,만두국_고기만두,면 및 만두류,고기만두,해당없음,해당없음,100ml,44,100,ml,44,CATEGORY_REVIEW_REQUIRED,SOLID_WITH_VOLUME_BASIS;CATEGORY_AMBIGUOUS;SOURCE_UNIT_PRESERVED;DIRECT_RECORD_DISABLED;SEARCH_RANK_DEMOTED;MANUAL_REVIEW_REQUIRED,,,false,true,
15556,D403-151010000-0001,만두국_고기만두,면 및 만두류,고기만두,해당없음,해당없음,100ml,66,100,ml,66,CATEGORY_REVIEW_REQUIRED,SOLID_WITH_VOLUME_BASIS;CATEGORY_AMBIGUOUS;SOURCE_UNIT_PRESERVED;DIRECT_RECORD_DISABLED;SEARCH_RANK_DEMOTED;MANUAL_REVIEW_REQUIRED,,,false,true,
15565,D403-184000000-0001,막국수,면 및 만두류,해당없음,해당없음,해당없음,100ml,58,100,ml,58,VOLUME_ONLY_UNRESOLVED,SOLID_WITH_VOLUME_BASIS;VOLUME_ONLY_NO_SAFE_ALTERNATIVE;SOURCE_UNIT_PRESERVED;DIRECT_RECORD_DISABLED;SEARCH_RANK_DEMOTED,,,false,true,
15566,D603-184000000-0001,막국수,면 및 만두류,해당없음,해당없음,해당없음,100ml,216,100,ml,216,VOLUME_ONLY_UNRESOLVED,SOLID_WITH_VOLUME_BASIS;VOLUME_ONLY_NO_SAFE_ALTERNATIVE;SOURCE_UNIT_PRESERVED;DIRECT_RECORD_DISABLED;SEARCH_RANK_DEMOTED,,,false,true,
15567,D703-184000000-0001,막국수,면 및 만두류,해당없음,해당없음,해당없음,100ml,83,100,ml,83,VOLUME_ONLY_UNRESOLVED,SOLID_WITH_VOLUME_BASIS;VOLUME_ONLY_NO_SAFE_ALTERNATIVE;SOURCE_UNIT_PRESERVED;DIRECT_RECORD_DISABLED;SEARCH_RANK_DEMOTED,,,false,true,
15569,D610-470000000-0001,마파두부,볶음류,해당없음,해당없음,해당없음,100ml,146,100,ml,146,MASS_ALTERNATIVE_AVAILABLE,SOLID_WITH_VOLUME_BASIS;MASS_ALTERNATIVE_FOUND;SOURCE_UNIT_PRESERVED;DIRECT_RECORD_DISABLED;SEARCH_RANK_DEMOTED,D110-470000000-0001,,false,true,
15570,D510-470000000-0001,마파두부,볶음류,해당없음,해당없음,해당없음,100ml,146,100,ml,146,MASS_ALTERNATIVE_AVAILABLE,SOLID_WITH_VOLUME_BASIS;MASS_ALTERNATIVE_FOUND;SOURCE_UNIT_PRESERVED;DIRECT_RECORD_DISABLED;SEARCH_RANK_DEMOTED,D110-470000000-0001,,false,true,
15571,D710-470000000-0001,마파두부,볶음류,해당없음,해당없음,해당없음,100ml,139,100,ml,139,MASS_ALTERNATIVE_AVAILABLE,SOLID_WITH_VOLUME_BASIS;MASS_ALTERNATIVE_FOUND;SOURCE_UNIT_PRESERVED;DIRECT_RECORD_DISABLED;SEARCH_RANK_DEMOTED,D110-470000000-0001,,false,true,
15572,D410-470000000-0001,마파두부,볶음류,해당없음,해당없음,해당없음,100ml,139,100,ml,139,MASS_ALTERNATIVE_AVAILABLE,SOLID_WITH_VOLUME_BASIS;MASS_ALTERNATIVE_FOUND;SOURCE_UNIT_PRESERVED;DIRECT_RECORD_DISABLED;SEARCH_RANK_DEMOTED,D110-470000000-0001,,false,true,
15768,D714-676000000-0001,마카로니 샐러드,생채·무침류,해당없음,해당없음,해당없음,100ml,138,100,ml,138,VOLUME_ONLY_UNRESOLVED,SOLID_WITH_VOLUME_BASIS;VOLUME_ONLY_NO_SAFE_ALTERNATIVE;SOURCE_UNIT_PRESERVED;DIRECT_RECORD_DISABLED;SEARCH_RANK_DEMOTED,,,false,true,
15769,D614-676000000-0001,마카로니 샐러드,생채·무침류,해당없음,해당없음,해당없음,100ml,139,100,ml,139,VOLUME_ONLY_UNRESOLVED,SOLID_WITH_VOLUME_BASIS;VOLUME_ONLY_NO_SAFE_ALTERNATIVE;SOURCE_UNIT_PRESERVED;DIRECT_RECORD_DISABLED;SEARCH_RANK_DEMOTED,,,false,true,
15770,D414-676000000-0001,마카로니 샐러드,생채·무침류,해당없음,해당없음,해당없음,100ml,100,100,ml,100,VOLUME_ONLY_UNRESOLVED,SOLID_WITH_VOLUME_BASIS;VOLUME_ONLY_NO_SAFE_ALTERNATIVE;SOURCE_UNIT_PRESERVED;DIRECT_RECORD_DISABLED;SEARCH_RANK_DEMOTED,,,false,true,
15771,D514-676000000-0001,마카로니 샐러드,생채·무침류,해당없음,해당없음,해당없음,100ml,138,100,ml,138,VOLUME_ONLY_UNRESOLVED,SOLID_WITH_VOLUME_BASIS;VOLUME_ONLY_NO_SAFE_ALTERNATIVE;SOURCE_UNIT_PRESERVED;DIRECT_RECORD_DISABLED;SEARCH_RANK_DEMOTED,,,false,true,
15774,D411-550050000-0001,마늘쫑조림_멸치,조림류,멸치,해당없음,해당없음,100ml,60,100,ml,60,VOLUME_ONLY_UNRESOLVED,SOLID_WITH_VOLUME_BASIS;VOLUME_ONLY_NO_SAFE_ALTERNATIVE;SOURCE_UNIT_PRESERVED;DIRECT_RECORD_DISABLED;SEARCH_RANK_DEMOTED,,,false,true,
15775,D511-550000000-0001,마늘쫑조림,조림류,해당없음,해당없음,해당없음,100ml,217,100,ml,217,VOLUME_ONLY_UNRESOLVED,SOLID_WITH_VOLUME_BASIS;VOLUME_ONLY_NO_SAFE_ALTERNATIVE;SOURCE_UNIT_PRESERVED;DIRECT_RECORD_DISABLED;SEARCH_RANK_DEMOTED,,,false,true,
15776,D414-675000000-0001,마늘쫑장아찌무침,생채·무침류,해당없음,해당없음,해당없음,100ml,79,100,ml,79,VOLUME_ONLY_UNRESOLVED,SOLID_WITH_VOLUME_BASIS;VOLUME_ONLY_NO_SAFE_ALTERNATIVE;SOURCE_UNIT_PRESERVED;DIRECT_RECORD_DISABLED;SEARCH_RANK_DEMOTED,,,false,true,
15777,D514-675000000-0001,마늘쫑장아찌무침,생채·무침류,해당없음,해당없음,해당없음,100ml,79,100,ml,79,VOLUME_ONLY_UNRESOLVED,SOLID_WITH_VOLUME_BASIS;VOLUME_ONLY_NO_SAFE_ALTERNATIVE;SOURCE_UNIT_PRESERVED;DIRECT_RECORD_DISABLED;SEARCH_RANK_DEMOTED,,,false,true,
15778,D614-675000000-0001,마늘쫑장아찌무침,생채·무침류,해당없음,해당없음,해당없음,100ml,79,100,ml,79,VOLUME_ONLY_UNRESOLVED,SOLID_WITH_VOLUME_BASIS;VOLUME_ONLY_NO_SAFE_ALTERNATIVE;SOURCE_UNIT_PRESERVED;DIRECT_RECORD_DISABLED;SEARCH_RANK_DEMOTED,,,false,true,
15779,D714-675000000-0001,마늘쫑장아찌무침,생채·무침류,해당없음,해당없음,해당없음,100ml,79,100,ml,79,VOLUME_ONLY_UNRESOLVED,SOLID_WITH_VOLUME_BASIS;VOLUME_ONLY_NO_SAFE_ALTERNATIVE;SOURCE_UNIT_PRESERVED;DIRECT_RECORD_DISABLED;SEARCH_RANK_DEMOTED,,,false,true,
15783,D510-469300000-0001,마늘쫑볶음_잔멸치,볶음류,잔멸치,해당없음,해당없음,100ml,61,100,ml,61,VOLUME_ONLY_UNRESOLVED,SOLID_WITH_VOLUME_BASIS;VOLUME_ONLY_NO_SAFE_ALTERNATIVE;SOURCE_UNIT_PRESERVED;DIRECT_RECORD_DISABLED;SEARCH_RANK_DEMOTED,,,false,true,
15784,D710-469300000-0001,마늘쫑볶음_잔멸치,볶음류,잔멸치,해당없음,해당없음,100ml,126,100,ml,126,VOLUME_ONLY_UNRESOLVED,SOLID_WITH_VOLUME_BASIS;VOLUME_ONLY_NO_SAFE_ALTERNATIVE;SOURCE_UNIT_PRESERVED;DIRECT_RECORD_DISABLED;SEARCH_RANK_DEMOTED,,,false,true,
15785,D410-469210000-0001,마늘쫑볶음_멸치,볶음류,멸치,해당없음,해당없음,100ml,64,100,ml,64,MASS_ALTERNATIVE_AVAILABLE,SOLID_WITH_VOLUME_BASIS;MASS_ALTERNATIVE_FOUND;SOURCE_UNIT_PRESERVED;DIRECT_RECORD_DISABLED;SEARCH_RANK_DEMOTED,D110-469210000-0001,,false,true,
15787,D410-469390000-0001,마늘쫑볶음_건어물,볶음류,건어물,해당없음,해당없음,100ml,73,100,ml,73,VOLUME_ONLY_UNRESOLVED,SOLID_WITH_VOLUME_BASIS;VOLUME_ONLY_NO_SAFE_ALTERNATIVE;SOURCE_UNIT_PRESERVED;DIRECT_RECORD_DISABLED;SEARCH_RANK_DEMOTED,,,false,true,
15788,D510-469390000-0001,마늘쫑볶음_건어물,볶음류,건어물,해당없음,해당없음,100ml,71,100,ml,71,VOLUME_ONLY_UNRESOLVED,SOLID_WITH_VOLUME_BASIS;VOLUME_ONLY_NO_SAFE_ALTERNATIVE;SOURCE_UNIT_PRESERVED;DIRECT_RECORD_DISABLED;SEARCH_RANK_DEMOTED,,,false,true,
15789,D710-469390000-0001,마늘쫑볶음_건어물,볶음류,건어물,해당없음,해당없음,100ml,73,100,ml,73,VOLUME_ONLY_UNRESOLVED,SOLID_WITH_VOLUME_BASIS;VOLUME_ONLY_NO_SAFE_ALTERNATIVE;SOURCE_UNIT_PRESERVED;DIRECT_RECORD_DISABLED;SEARCH_RANK_DEMOTED,,,false,true,
15790,D410-469050000-0001,마늘쫑볶음_건새우,볶음류,건새우,해당없음,해당없음,100ml,61,100,ml,61,VOLUME_ONLY_UNRESOLVED,SOLID_WITH_VOLUME_BASIS;VOLUME_ONLY_NO_SAFE_ALTERNATIVE;SOURCE_UNIT_PRESERVED;DIRECT_RECORD_DISABLED;SEARCH_RANK_DEMOTED,,,false,true,
15791,D510-469050000-0001,마늘쫑볶음_건새우,볶음류,건새우,해당없음,해당없음,100ml,64,100,ml,64,VOLUME_ONLY_UNRESOLVED,SOLID_WITH_VOLUME_BASIS;VOLUME_ONLY_NO_SAFE_ALTERNATIVE;SOURCE_UNIT_PRESERVED;DIRECT_RECORD_DISABLED;SEARCH_RANK_DEMOTED,,,false,true,
15792,D710-469050000-0001,마늘쫑볶음_건새우,볶음류,건새우,해당없음,해당없음,100ml,53,100,ml,53,VOLUME_ONLY_UNRESOLVED,SOLID_WITH_VOLUME_BASIS;VOLUME_ONLY_NO_SAFE_ALTERNATIVE;SOURCE_UNIT_PRESERVED;DIRECT_RECORD_DISABLED;SEARCH_RANK_DEMOTED,,,false,true,
15793,D710-469020000-0001,마늘쫑볶음_간장,볶음류,간장,해당없음,해당없음,100ml,89,100,ml,89,VOLUME_ONLY_UNRESOLVED,SOLID_WITH_VOLUME_BASIS;VOLUME_ONLY_NO_SAFE_ALTERNATIVE;SOURCE_UNIT_PRESERVED;DIRECT_RECORD_DISABLED;SEARCH_RANK_DEMOTED,,,false,true,
15794,D410-469020000-0001,마늘쫑볶음_간장,볶음류,간장,해당없음,해당없음,100ml,89,100,ml,89,VOLUME_ONLY_UNRESOLVED,SOLID_WITH_VOLUME_BASIS;VOLUME_ONLY_NO_SAFE_ALTERNATIVE;SOURCE_UNIT_PRESERVED;DIRECT_RECORD_DISABLED;SEARCH_RANK_DEMOTED,,,false,true,
15795,D510-469020000-0001,마늘쫑볶음_간장,볶음류,간장,해당없음,해당없음,100ml,89,100,ml,89,VOLUME_ONLY_UNRESOLVED,SOLID_WITH_VOLUME_BASIS;VOLUME_ONLY_NO_SAFE_ALTERNATIVE;SOURCE_UNIT_PRESERVED;DIRECT_RECORD_DISABLED;SEARCH_RANK_DEMOTED,,,false,true,
15797,D510-469000000-0001,마늘쫑볶음,볶음류,해당없음,해당없음,해당없음,100ml,52,100,ml,52,MASS_ALTERNATIVE_AVAILABLE,SOLID_WITH_VOLUME_BASIS;MASS_ALTERNATIVE_FOUND;SOURCE_UNIT_PRESERVED;DIRECT_RECORD_DISABLED;SEARCH_RANK_DEMOTED,D110-469000000-0001,,false,true,
15798,D414-624000000-0001,마늘쫑무침,생채·무침류,해당없음,해당없음,해당없음,100ml,57,100,ml,57,MASS_ALTERNATIVE_AVAILABLE,SOLID_WITH_VOLUME_BASIS;MASS_ALTERNATIVE_FOUND;SOURCE_UNIT_PRESERVED;DIRECT_RECORD_DISABLED;SEARCH_RANK_DEMOTED,D114-624000000-0001,,false,true,
15799,D514-624000000-0001,마늘쫑무침,생채·무침류,해당없음,해당없음,해당없음,100ml,76,100,ml,76,MASS_ALTERNATIVE_AVAILABLE,SOLID_WITH_VOLUME_BASIS;MASS_ALTERNATIVE_FOUND;SOURCE_UNIT_PRESERVED;DIRECT_RECORD_DISABLED;SEARCH_RANK_DEMOTED,D114-624000000-0001,,false,true,
15801,D714-624000000-0001,마늘쫑무침,생채·무침류,해당없음,해당없음,해당없음,100ml,67,100,ml,67,MASS_ALTERNATIVE_AVAILABLE,SOLID_WITH_VOLUME_BASIS;MASS_ALTERNATIVE_FOUND;SOURCE_UNIT_PRESERVED;DIRECT_RECORD_DISABLED;SEARCH_RANK_DEMOTED,D114-624000000-0001,,false,true,
15802,D414-623000000-0001,마늘장아찌무침,생채·무침류,해당없음,해당없음,해당없음,100ml,99,100,ml,99,VOLUME_ONLY_UNRESOLVED,SOLID_WITH_VOLUME_BASIS;VOLUME_ONLY_NO_SAFE_ALTERNATIVE;SOURCE_UNIT_PRESERVED;DIRECT_RECORD_DISABLED;SEARCH_RANK_DEMOTED,,,false,true,
15889,D708-377000000-0001,런천미트구이,구이류,해당없음,해당없음,해당없음,100ml,302,100,ml,302,MASS_ALTERNATIVE_AVAILABLE,SOLID_WITH_VOLUME_BASIS;MASS_ALTERNATIVE_FOUND;SOURCE_UNIT_PRESERVED;DIRECT_RECORD_DISABLED;SEARCH_RANK_DEMOTED,D108-377000000-0001,,false,true,
15890,D508-377000000-0001,런천미트구이,구이류,해당없음,해당없음,해당없음,100ml,308,100,ml,308,MASS_ALTERNATIVE_AVAILABLE,SOLID_WITH_VOLUME_BASIS;MASS_ALTERNATIVE_FOUND;SOURCE_UNIT_PRESERVED;DIRECT_RECORD_DISABLED;SEARCH_RANK_DEMOTED,D108-377000000-0001,,false,true,
15892,D608-377000000-0001,런천미트구이,구이류,해당없음,해당없음,해당없음,100ml,303,100,ml,303,MASS_ALTERNATIVE_AVAILABLE,SOLID_WITH_VOLUME_BASIS;MASS_ALTERNATIVE_FOUND;SOURCE_UNIT_PRESERVED;DIRECT_RECORD_DISABLED;SEARCH_RANK_DEMOTED,D108-377000000-0001,,false,true,
15893,D408-377000000-0001,런천미트구이,구이류,해당없음,해당없음,해당없음,100ml,302,100,ml,302,MASS_ALTERNATIVE_AVAILABLE,SOLID_WITH_VOLUME_BASIS;MASS_ALTERNATIVE_FOUND;SOURCE_UNIT_PRESERVED;DIRECT_RECORD_DISABLED;SEARCH_RANK_DEMOTED,D108-377000000-0001,,false,true,
15894,D512-553000000-0001,라조기,튀김류,해당없음,해당없음,해당없음,100ml,187,100,ml,187,MASS_ALTERNATIVE_AVAILABLE,SOLID_WITH_VOLUME_BASIS;MASS_ALTERNATIVE_FOUND;SOURCE_UNIT_PRESERVED;DIRECT_RECORD_DISABLED;SEARCH_RANK_DEMOTED,D312-553000000-0001,,false,true,
15896,D412-553000000-0001,라조기,튀김류,해당없음,해당없음,해당없음,100ml,126,100,ml,126,MASS_ALTERNATIVE_AVAILABLE,SOLID_WITH_VOLUME_BASIS;MASS_ALTERNATIVE_FOUND;SOURCE_UNIT_PRESERVED;DIRECT_RECORD_DISABLED;SEARCH_RANK_DEMOTED,D312-553000000-0001,,false,true,
15897,D710-468000000-0001,라볶이,볶음류,해당없음,해당없음,해당없음,100ml,108,100,ml,108,MASS_ALTERNATIVE_AVAILABLE,SOLID_WITH_VOLUME_BASIS;MASS_ALTERNATIVE_FOUND;SOURCE_UNIT_PRESERVED;DIRECT_RECORD_DISABLED;SEARCH_RANK_DEMOTED,D110-468000000-0001,,false,true,
15899,D410-468000000-0001,라볶이,볶음류,해당없음,해당없음,해당없음,100ml,113,100,ml,113,MASS_ALTERNATIVE_AVAILABLE,SOLID_WITH_VOLUME_BASIS;MASS_ALTERNATIVE_FOUND;SOURCE_UNIT_PRESERVED;DIRECT_RECORD_DISABLED;SEARCH_RANK_DEMOTED,D110-468000000-0001,,false,true,
15900,D403-148570000-0001,라면_콩나물,면 및 만두류,콩나물,해당없음,해당없음,100ml,79,100,ml,79,VOLUME_ONLY_UNRESOLVED,SOLID_WITH_VOLUME_BASIS;VOLUME_ONLY_NO_SAFE_ALTERNATIVE;SOURCE_UNIT_PRESERVED;DIRECT_RECORD_DISABLED;SEARCH_RANK_DEMOTED,,,false,true,
15902,D403-148470000-0001,라면_치즈,면 및 만두류,치즈,해당없음,해당없음,100ml,95,100,ml,95,MASS_ALTERNATIVE_AVAILABLE,SOLID_WITH_VOLUME_BASIS;MASS_ALTERNATIVE_FOUND;SOURCE_UNIT_PRESERVED;DIRECT_RECORD_DISABLED;SEARCH_RANK_DEMOTED,D303-148470000-0001,,false,true,
15909,D703-148550000-0001,라면_어묵,면 및 만두류,어묵,해당없음,해당없음,100ml,63,100,ml,63,VOLUME_ONLY_UNRESOLVED,SOLID_WITH_VOLUME_BASIS;VOLUME_ONLY_NO_SAFE_ALTERNATIVE;SOURCE_UNIT_PRESERVED;DIRECT_RECORD_DISABLED;SEARCH_RANK_DEMOTED,,,false,true,
15911,D403-148540000-0001,라면_모듬,면 및 만두류,모듬,해당없음,해당없음,100ml,98,100,ml,98,VOLUME_ONLY_UNRESOLVED,SOLID_WITH_VOLUME_BASIS;VOLUME_ONLY_NO_SAFE_ALTERNATIVE;SOURCE_UNIT_PRESERVED;DIRECT_RECORD_DISABLED;SEARCH_RANK_DEMOTED,,,false,true,
15913,D403-148530000-0001,라면_만두,면 및 만두류,만두,해당없음,해당없음,100ml,109,100,ml,109,VOLUME_ONLY_UNRESOLVED,SOLID_WITH_VOLUME_BASIS;VOLUME_ONLY_NO_SAFE_ALTERNATIVE;SOURCE_UNIT_PRESERVED;DIRECT_RECORD_DISABLED;SEARCH_RANK_DEMOTED,,,false,true,
15915,D403-148130000-0001,라면_떡,면 및 만두류,떡,해당없음,해당없음,100ml,109,100,ml,109,MASS_ALTERNATIVE_AVAILABLE,SOLID_WITH_VOLUME_BASIS;MASS_ALTERNATIVE_FOUND;SOURCE_UNIT_PRESERVED;DIRECT_RECORD_DISABLED;SEARCH_RANK_DEMOTED,D103-148130000-0001;D303-148130000-0001,,false,true,
15918,D703-148090000-0001,라면_달걀,면 및 만두류,달걀,해당없음,해당없음,100ml,95,100,ml,95,MASS_ALTERNATIVE_AVAILABLE,SOLID_WITH_VOLUME_BASIS;MASS_ALTERNATIVE_FOUND;SOURCE_UNIT_PRESERVED;DIRECT_RECORD_DISABLED;SEARCH_RANK_DEMOTED,D103-148090000-0001,,false,true,
15919,D403-148090000-0001,라면_달걀,면 및 만두류,달걀,해당없음,해당없음,100ml,95,100,ml,95,MASS_ALTERNATIVE_AVAILABLE,SOLID_WITH_VOLUME_BASIS;MASS_ALTERNATIVE_FOUND;SOURCE_UNIT_PRESERVED;DIRECT_RECORD_DISABLED;SEARCH_RANK_DEMOTED,D103-148090000-0001,,false,true,
15922,D403-148050000-0001,라면_김치,면 및 만두류,김치,해당없음,해당없음,100ml,85,100,ml,85,MASS_ALTERNATIVE_AVAILABLE,SOLID_WITH_VOLUME_BASIS;MASS_ALTERNATIVE_FOUND;SOURCE_UNIT_PRESERVED;DIRECT_RECORD_DISABLED;SEARCH_RANK_DEMOTED,D303-148050000-0001,,false,true,
15925,D703-148000000-0001,라면,면 및 만두류,해당없음,해당없음,해당없음,100ml,79,100,ml,79,MASS_ALTERNATIVE_AVAILABLE,SOLID_WITH_VOLUME_BASIS;MASS_ALTERNATIVE_FOUND;SOURCE_UNIT_PRESERVED;DIRECT_RECORD_DISABLED;SEARCH_RANK_DEMOTED,D103-148000000-0001,,false,true,
15926,D503-148000000-0001,라면,면 및 만두류,해당없음,해당없음,해당없음,100ml,169,100,ml,169,MASS_ALTERNATIVE_AVAILABLE,SOLID_WITH_VOLUME_BASIS;MASS_ALTERNATIVE_FOUND;SOURCE_UNIT_PRESERVED;DIRECT_RECORD_DISABLED;SEARCH_RANK_DEMOTED,D103-148000000-0001,,false,true,
15927,D403-148000000-0001,라면,면 및 만두류,해당없음,해당없음,해당없음,100ml,79,100,ml,79,MASS_ALTERNATIVE_AVAILABLE,SOLID_WITH_VOLUME_BASIS;MASS_ALTERNATIVE_FOUND;SOURCE_UNIT_PRESERVED;DIRECT_RECORD_DISABLED;SEARCH_RANK_DEMOTED,D103-148000000-0001,,false,true,
15928,D603-148000000-0001,라면,면 및 만두류,해당없음,해당없음,해당없음,100ml,169,100,ml,169,MASS_ALTERNATIVE_AVAILABLE,SOLID_WITH_VOLUME_BASIS;MASS_ALTERNATIVE_FOUND;SOURCE_UNIT_PRESERVED;DIRECT_RECORD_DISABLED;SEARCH_RANK_DEMOTED,D103-148000000-0001,,false,true,
16948,D609-450060000-0001,떡산적_소고기,전·적 및 부침류,소고기,해당없음,해당없음,100ml,255,100,ml,255,VOLUME_ONLY_UNRESOLVED,SOLID_WITH_VOLUME_BASIS;VOLUME_ONLY_NO_SAFE_ALTERNATIVE;SOURCE_UNIT_PRESERVED;DIRECT_RECORD_DISABLED;SEARCH_RANK_DEMOTED,,,false,true,
16949,D409-450060000-0001,떡산적_소고기,전·적 및 부침류,소고기,해당없음,해당없음,100ml,156,100,ml,156,VOLUME_ONLY_UNRESOLVED,SOLID_WITH_VOLUME_BASIS;VOLUME_ONLY_NO_SAFE_ALTERNATIVE;SOURCE_UNIT_PRESERVED;DIRECT_RECORD_DISABLED;SEARCH_RANK_DEMOTED,,,false,true,
16950,D509-450060000-0001,떡산적_소고기,전·적 및 부침류,소고기,해당없음,해당없음,100ml,157,100,ml,157,VOLUME_ONLY_UNRESOLVED,SOLID_WITH_VOLUME_BASIS;VOLUME_ONLY_NO_SAFE_ALTERNATIVE;SOURCE_UNIT_PRESERVED;DIRECT_RECORD_DISABLED;SEARCH_RANK_DEMOTED,,,false,true,
16951,D709-450060000-0001,떡산적_소고기,전·적 및 부침류,소고기,해당없음,해당없음,100ml,157,100,ml,157,VOLUME_ONLY_UNRESOLVED,SOLID_WITH_VOLUME_BASIS;VOLUME_ONLY_NO_SAFE_ALTERNATIVE;SOURCE_UNIT_PRESERVED;DIRECT_RECORD_DISABLED;SEARCH_RANK_DEMOTED,,,false,true,
16953,D410-467500000-0001,떡볶이_카레,볶음류,카레,해당없음,해당없음,100ml,91,100,ml,91,VOLUME_ONLY_UNRESOLVED,SOLID_WITH_VOLUME_BASIS;VOLUME_ONLY_NO_SAFE_ALTERNATIVE;SOURCE_UNIT_PRESERVED;DIRECT_RECORD_DISABLED;SEARCH_RANK_DEMOTED,,,false,true,
16960,D410-467290000-0001,떡볶이_어묵,볶음류,어묵,해당없음,해당없음,100ml,130,100,ml,130,VOLUME_ONLY_UNRESOLVED,SOLID_WITH_VOLUME_BASIS;VOLUME_ONLY_NO_SAFE_ALTERNATIVE;SOURCE_UNIT_PRESERVED;DIRECT_RECORD_DISABLED;SEARCH_RANK_DEMOTED,,,false,true,
16961,D710-467290000-0001,떡볶이_어묵,볶음류,어묵,해당없음,해당없음,100ml,130,100,ml,130,VOLUME_ONLY_UNRESOLVED,SOLID_WITH_VOLUME_BASIS;VOLUME_ONLY_NO_SAFE_ALTERNATIVE;SOURCE_UNIT_PRESERVED;DIRECT_RECORD_DISABLED;SEARCH_RANK_DEMOTED,,,false,true,
16962,D610-467290000-0001,떡볶이_어묵,볶음류,어묵,해당없음,해당없음,100ml,130,100,ml,130,VOLUME_ONLY_UNRESOLVED,SOLID_WITH_VOLUME_BASIS;VOLUME_ONLY_NO_SAFE_ALTERNATIVE;SOURCE_UNIT_PRESERVED;DIRECT_RECORD_DISABLED;SEARCH_RANK_DEMOTED,,,false,true,
16963,D410-467460000-0001,떡볶이_양배추,볶음류,양배추,해당없음,해당없음,100ml,60,100,ml,60,VOLUME_ONLY_UNRESOLVED,SOLID_WITH_VOLUME_BASIS;VOLUME_ONLY_NO_SAFE_ALTERNATIVE;SOURCE_UNIT_PRESERVED;DIRECT_RECORD_DISABLED;SEARCH_RANK_DEMOTED,,,false,true,
16964,D710-467460000-0001,떡볶이_양배추,볶음류,양배추,해당없음,해당없음,100ml,60,100,ml,60,VOLUME_ONLY_UNRESOLVED,SOLID_WITH_VOLUME_BASIS;VOLUME_ONLY_NO_SAFE_ALTERNATIVE;SOURCE_UNIT_PRESERVED;DIRECT_RECORD_DISABLED;SEARCH_RANK_DEMOTED,,,false,true,
16965,D410-467272400-0001,떡볶이_소고기_버섯,볶음류,소고기,버섯,해당없음,100ml,77,100,ml,77,VOLUME_ONLY_UNRESOLVED,SOLID_WITH_VOLUME_BASIS;VOLUME_ONLY_NO_SAFE_ALTERNATIVE;SOURCE_UNIT_PRESERVED;DIRECT_RECORD_DISABLED;SEARCH_RANK_DEMOTED,,,false,true,
16966,D710-467270000-0001,떡볶이_소고기,볶음류,소고기,해당없음,해당없음,100ml,87,100,ml,87,VOLUME_ONLY_UNRESOLVED,SOLID_WITH_VOLUME_BASIS;VOLUME_ONLY_NO_SAFE_ALTERNATIVE;SOURCE_UNIT_PRESERVED;DIRECT_RECORD_DISABLED;SEARCH_RANK_DEMOTED,,,false,true,
16967,D410-467270000-0001,떡볶이_소고기,볶음류,소고기,해당없음,해당없음,100ml,87,100,ml,87,VOLUME_ONLY_UNRESOLVED,SOLID_WITH_VOLUME_BASIS;VOLUME_ONLY_NO_SAFE_ALTERNATIVE;SOURCE_UNIT_PRESERVED;DIRECT_RECORD_DISABLED;SEARCH_RANK_DEMOTED,,,false,true,
16968,D610-467270000-0001,떡볶이_소고기,볶음류,소고기,해당없음,해당없음,100ml,157,100,ml,157,VOLUME_ONLY_UNRESOLVED,SOLID_WITH_VOLUME_BASIS;VOLUME_ONLY_NO_SAFE_ALTERNATIVE;SOURCE_UNIT_PRESERVED;DIRECT_RECORD_DISABLED;SEARCH_RANK_DEMOTED,,,false,true,
16969,D510-467270000-0001,떡볶이_소고기,볶음류,소고기,해당없음,해당없음,100ml,157,100,ml,157,VOLUME_ONLY_UNRESOLVED,SOLID_WITH_VOLUME_BASIS;VOLUME_ONLY_NO_SAFE_ALTERNATIVE;SOURCE_UNIT_PRESERVED;DIRECT_RECORD_DISABLED;SEARCH_RANK_DEMOTED,,,false,true,
16970,D610-467430000-0001,떡볶이_모듬,볶음류,모듬,해당없음,해당없음,100ml,125,100,ml,125,VOLUME_ONLY_UNRESOLVED,SOLID_WITH_VOLUME_BASIS;VOLUME_ONLY_NO_SAFE_ALTERNATIVE;SOURCE_UNIT_PRESERVED;DIRECT_RECORD_DISABLED;SEARCH_RANK_DEMOTED,,,false,true,
16971,D510-467430000-0001,떡볶이_모듬,볶음류,모듬,해당없음,해당없음,100ml,125,100,ml,125,VOLUME_ONLY_UNRESOLVED,SOLID_WITH_VOLUME_BASIS;VOLUME_ONLY_NO_SAFE_ALTERNATIVE;SOURCE_UNIT_PRESERVED;DIRECT_RECORD_DISABLED;SEARCH_RANK_DEMOTED,,,false,true,
16984,D710-467093600-0001,떡볶이_고추장_어묵,볶음류,고추장,어묵,해당없음,100ml,150,100,ml,150,VOLUME_ONLY_UNRESOLVED,SOLID_WITH_VOLUME_BASIS;VOLUME_ONLY_NO_SAFE_ALTERNATIVE;SOURCE_UNIT_PRESERVED;DIRECT_RECORD_DISABLED;SEARCH_RANK_DEMOTED,,,false,true,
16985,D510-467093600-0001,떡볶이_고추장_어묵,볶음류,고추장,어묵,해당없음,100ml,154,100,ml,154,VOLUME_ONLY_UNRESOLVED,SOLID_WITH_VOLUME_BASIS;VOLUME_ONLY_NO_SAFE_ALTERNATIVE;SOURCE_UNIT_PRESERVED;DIRECT_RECORD_DISABLED;SEARCH_RANK_DEMOTED,,,false,true,
16986,D610-467093600-0001,떡볶이_고추장_어묵,볶음류,고추장,어묵,해당없음,100ml,161,100,ml,161,VOLUME_ONLY_UNRESOLVED,SOLID_WITH_VOLUME_BASIS;VOLUME_ONLY_NO_SAFE_ALTERNATIVE;SOURCE_UNIT_PRESERVED;DIRECT_RECORD_DISABLED;SEARCH_RANK_DEMOTED,,,false,true,
16987,D610-467091900-0001,떡볶이_고추장_메추리알,볶음류,고추장,메추리알,해당없음,100ml,100,100,ml,100,VOLUME_ONLY_UNRESOLVED,SOLID_WITH_VOLUME_BASIS;VOLUME_ONLY_NO_SAFE_ALTERNATIVE;SOURCE_UNIT_PRESERVED;DIRECT_RECORD_DISABLED;SEARCH_RANK_DEMOTED,,,false,true,
17003,D510-467020000-0001,떡볶이_간장,볶음류,간장,해당없음,해당없음,100ml,168,100,ml,168,VOLUME_ONLY_UNRESOLVED,SOLID_WITH_VOLUME_BASIS;VOLUME_ONLY_NO_SAFE_ALTERNATIVE;SOURCE_UNIT_PRESERVED;DIRECT_RECORD_DISABLED;SEARCH_RANK_DEMOTED,,,false,true,
17004,D710-467020000-0001,떡볶이_간장,볶음류,간장,해당없음,해당없음,100ml,107,100,ml,107,VOLUME_ONLY_UNRESOLVED,SOLID_WITH_VOLUME_BASIS;VOLUME_ONLY_NO_SAFE_ALTERNATIVE;SOURCE_UNIT_PRESERVED;DIRECT_RECORD_DISABLED;SEARCH_RANK_DEMOTED,,,false,true,
17005,D610-467020000-0001,떡볶이_간장,볶음류,간장,해당없음,해당없음,100ml,145,100,ml,145,VOLUME_ONLY_UNRESOLVED,SOLID_WITH_VOLUME_BASIS;VOLUME_ONLY_NO_SAFE_ALTERNATIVE;SOURCE_UNIT_PRESERVED;DIRECT_RECORD_DISABLED;SEARCH_RANK_DEMOTED,,,false,true,
17006,D610-467000000-0001,떡볶이,볶음류,해당없음,해당없음,해당없음,100ml,258,100,ml,258,MASS_ALTERNATIVE_AVAILABLE,SOLID_WITH_VOLUME_BASIS;MASS_ALTERNATIVE_FOUND;SOURCE_UNIT_PRESERVED;DIRECT_RECORD_DISABLED;SEARCH_RANK_DEMOTED,D110-467000000-0001,,false,true,
17008,D403-146060000-0001,떡만두국_김치만두,면 및 만두류,김치만두,해당없음,해당없음,100ml,87,100,ml,87,CATEGORY_REVIEW_REQUIRED,SOLID_WITH_VOLUME_BASIS;CATEGORY_AMBIGUOUS;SOURCE_UNIT_PRESERVED;DIRECT_RECORD_DISABLED;SEARCH_RANK_DEMOTED;MANUAL_REVIEW_REQUIRED,,,false,true,
17009,D703-146060000-0001,떡만두국_김치만두,면 및 만두류,김치만두,해당없음,해당없음,100ml,86,100,ml,86,CATEGORY_REVIEW_REQUIRED,SOLID_WITH_VOLUME_BASIS;CATEGORY_AMBIGUOUS;SOURCE_UNIT_PRESERVED;DIRECT_RECORD_DISABLED;SEARCH_RANK_DEMOTED;MANUAL_REVIEW_REQUIRED,,,false,true,
17010,D703-146010000-0001,떡만두국_고기만두,면 및 만두류,고기만두,해당없음,해당없음,100ml,69,100,ml,69,CATEGORY_REVIEW_REQUIRED,SOLID_WITH_VOLUME_BASIS;CATEGORY_AMBIGUOUS;SOURCE_UNIT_PRESERVED;DIRECT_RECORD_DISABLED;SEARCH_RANK_DEMOTED;MANUAL_REVIEW_REQUIRED,,,false,true,
17011,D603-146010000-0001,떡만두국_고기만두,면 및 만두류,고기만두,해당없음,해당없음,100ml,67,100,ml,67,CATEGORY_REVIEW_REQUIRED,SOLID_WITH_VOLUME_BASIS;CATEGORY_AMBIGUOUS;SOURCE_UNIT_PRESERVED;DIRECT_RECORD_DISABLED;SEARCH_RANK_DEMOTED;MANUAL_REVIEW_REQUIRED,,,false,true,
17012,D503-146010000-0001,떡만두국_고기만두,면 및 만두류,고기만두,해당없음,해당없음,100ml,61,100,ml,61,CATEGORY_REVIEW_REQUIRED,SOLID_WITH_VOLUME_BASIS;CATEGORY_AMBIGUOUS;SOURCE_UNIT_PRESERVED;DIRECT_RECORD_DISABLED;SEARCH_RANK_DEMOTED;MANUAL_REVIEW_REQUIRED,,,false,true,
17013,D403-146010000-0001,떡만두국_고기만두,면 및 만두류,고기만두,해당없음,해당없음,100ml,90,100,ml,90,CATEGORY_REVIEW_REQUIRED,SOLID_WITH_VOLUME_BASIS;CATEGORY_AMBIGUOUS;SOURCE_UNIT_PRESERVED;DIRECT_RECORD_DISABLED;SEARCH_RANK_DEMOTED;MANUAL_REVIEW_REQUIRED,,,false,true,
17016,D603-146000000-0001,떡만두국,면 및 만두류,해당없음,해당없음,해당없음,100ml,86,100,ml,86,MASS_ALTERNATIVE_AVAILABLE,SOLID_WITH_VOLUME_BASIS;MASS_ALTERNATIVE_FOUND;SOURCE_UNIT_PRESERVED;DIRECT_RECORD_DISABLED;SEARCH_RANK_DEMOTED,D103-146000000-0001;D303-146000000-0001,,false,true,
17017,D703-146000000-0001,떡만두국,면 및 만두류,해당없음,해당없음,해당없음,100ml,49,100,ml,49,MASS_ALTERNATIVE_AVAILABLE,SOLID_WITH_VOLUME_BASIS;MASS_ALTERNATIVE_FOUND;SOURCE_UNIT_PRESERVED;DIRECT_RECORD_DISABLED;SEARCH_RANK_DEMOTED,D103-146000000-0001;D303-146000000-0001,,false,true,
17018,D503-146000000-0001,떡만두국,면 및 만두류,해당없음,해당없음,해당없음,100ml,76,100,ml,76,MASS_ALTERNATIVE_AVAILABLE,SOLID_WITH_VOLUME_BASIS;MASS_ALTERNATIVE_FOUND;SOURCE_UNIT_PRESERVED;DIRECT_RECORD_DISABLED;SEARCH_RANK_DEMOTED,D103-146000000-0001;D303-146000000-0001,,false,true,
17019,D703-145321100-0001,떡국_소고기_달걀,면 및 만두류,소고기,달걀,해당없음,100ml,87,100,ml,87,CATEGORY_REVIEW_REQUIRED,SOLID_WITH_VOLUME_BASIS;CATEGORY_AMBIGUOUS;SOURCE_UNIT_PRESERVED;DIRECT_RECORD_DISABLED;SEARCH_RANK_DEMOTED;MANUAL_REVIEW_REQUIRED,,,false,true,
17020,D503-145321100-0001,떡국_소고기_달걀,면 및 만두류,소고기,달걀,해당없음,100ml,76,100,ml,76,CATEGORY_REVIEW_REQUIRED,SOLID_WITH_VOLUME_BASIS;CATEGORY_AMBIGUOUS;SOURCE_UNIT_PRESERVED;DIRECT_RECORD_DISABLED;SEARCH_RANK_DEMOTED;MANUAL_REVIEW_REQUIRED,,,false,true,
17021,D603-145321100-0001,떡국_소고기_달걀,면 및 만두류,소고기,달걀,해당없음,100ml,99,100,ml,99,CATEGORY_REVIEW_REQUIRED,SOLID_WITH_VOLUME_BASIS;CATEGORY_AMBIGUOUS;SOURCE_UNIT_PRESERVED;DIRECT_RECORD_DISABLED;SEARCH_RANK_DEMOTED;MANUAL_REVIEW_REQUIRED,,,false,true,
17022,D403-145321100-0001,떡국_소고기_달걀,면 및 만두류,소고기,달걀,해당없음,100ml,87,100,ml,87,CATEGORY_REVIEW_REQUIRED,SOLID_WITH_VOLUME_BASIS;CATEGORY_AMBIGUOUS;SOURCE_UNIT_PRESERVED;DIRECT_RECORD_DISABLED;SEARCH_RANK_DEMOTED;MANUAL_REVIEW_REQUIRED,,,false,true,
17023,D503-145320000-0001,떡국_소고기,면 및 만두류,소고기,해당없음,해당없음,100ml,76,100,ml,76,CATEGORY_REVIEW_REQUIRED,SOLID_WITH_VOLUME_BASIS;CATEGORY_AMBIGUOUS;SOURCE_UNIT_PRESERVED;DIRECT_RECORD_DISABLED;SEARCH_RANK_DEMOTED;MANUAL_REVIEW_REQUIRED,,,false,true,
17024,D703-145320000-0001,떡국_소고기,면 및 만두류,소고기,해당없음,해당없음,100ml,108,100,ml,108,CATEGORY_REVIEW_REQUIRED,SOLID_WITH_VOLUME_BASIS;CATEGORY_AMBIGUOUS;SOURCE_UNIT_PRESERVED;DIRECT_RECORD_DISABLED;SEARCH_RANK_DEMOTED;MANUAL_REVIEW_REQUIRED,,,false,true,
17025,D603-145320000-0001,떡국_소고기,면 및 만두류,소고기,해당없음,해당없음,100ml,99,100,ml,99,CATEGORY_REVIEW_REQUIRED,SOLID_WITH_VOLUME_BASIS;CATEGORY_AMBIGUOUS;SOURCE_UNIT_PRESERVED;DIRECT_RECORD_DISABLED;SEARCH_RANK_DEMOTED;MANUAL_REVIEW_REQUIRED,,,false,true,
17026,D403-145540000-0001,떡국_모듬,면 및 만두류,모듬,해당없음,해당없음,100ml,86,100,ml,86,CATEGORY_REVIEW_REQUIRED,SOLID_WITH_VOLUME_BASIS;CATEGORY_AMBIGUOUS;SOURCE_UNIT_PRESERVED;DIRECT_RECORD_DISABLED;SEARCH_RANK_DEMOTED;MANUAL_REVIEW_REQUIRED,,,false,true,
17027,D603-145090000-0001,떡국_달걀,면 및 만두류,달걀,해당없음,해당없음,100ml,85,100,ml,85,CATEGORY_REVIEW_REQUIRED,SOLID_WITH_VOLUME_BASIS;CATEGORY_AMBIGUOUS;SOURCE_UNIT_PRESERVED;DIRECT_RECORD_DISABLED;SEARCH_RANK_DEMOTED;MANUAL_REVIEW_REQUIRED,,,false,true,
17028,D403-145090000-0001,떡국_달걀,면 및 만두류,달걀,해당없음,해당없음,100ml,85,100,ml,85,CATEGORY_REVIEW_REQUIRED,SOLID_WITH_VOLUME_BASIS;CATEGORY_AMBIGUOUS;SOURCE_UNIT_PRESERVED;DIRECT_RECORD_DISABLED;SEARCH_RANK_DEMOTED;MANUAL_REVIEW_REQUIRED,,,false,true,
17029,D503-145090000-0001,떡국_달걀,면 및 만두류,달걀,해당없음,해당없음,100ml,85,100,ml,85,CATEGORY_REVIEW_REQUIRED,SOLID_WITH_VOLUME_BASIS;CATEGORY_AMBIGUOUS;SOURCE_UNIT_PRESERVED;DIRECT_RECORD_DISABLED;SEARCH_RANK_DEMOTED;MANUAL_REVIEW_REQUIRED,,,false,true,
17030,D703-145090000-0001,떡국_달걀,면 및 만두류,달걀,해당없음,해당없음,100ml,43,100,ml,43,CATEGORY_REVIEW_REQUIRED,SOLID_WITH_VOLUME_BASIS;CATEGORY_AMBIGUOUS;SOURCE_UNIT_PRESERVED;DIRECT_RECORD_DISABLED;SEARCH_RANK_DEMOTED;MANUAL_REVIEW_REQUIRED,,,false,true,
17031,D703-145040000-0001,떡국_굴,면 및 만두류,굴,해당없음,해당없음,100ml,90,100,ml,90,CATEGORY_REVIEW_REQUIRED,SOLID_WITH_VOLUME_BASIS;CATEGORY_AMBIGUOUS;SOURCE_UNIT_PRESERVED;DIRECT_RECORD_DISABLED;SEARCH_RANK_DEMOTED;MANUAL_REVIEW_REQUIRED,,,false,true,
17032,D403-145040000-0001,떡국_굴,면 및 만두류,굴,해당없음,해당없음,100ml,90,100,ml,90,CATEGORY_REVIEW_REQUIRED,SOLID_WITH_VOLUME_BASIS;CATEGORY_AMBIGUOUS;SOURCE_UNIT_PRESERVED;DIRECT_RECORD_DISABLED;SEARCH_RANK_DEMOTED;MANUAL_REVIEW_REQUIRED,,,false,true,
17038,D612-552000000-0001,떡강정,튀김류,해당없음,해당없음,해당없음,100ml,202,100,ml,202,MASS_ALTERNATIVE_AVAILABLE,SOLID_WITH_VOLUME_BASIS;MASS_ALTERNATIVE_FOUND;SOURCE_UNIT_PRESERVED;DIRECT_RECORD_DISABLED;SEARCH_RANK_DEMOTED,D112-552000000-0001,,false,true,
17039,D412-552000000-0001,떡강정,튀김류,해당없음,해당없음,해당없음,100ml,225,100,ml,225,MASS_ALTERNATIVE_AVAILABLE,SOLID_WITH_VOLUME_BASIS;MASS_ALTERNATIVE_FOUND;SOURCE_UNIT_PRESERVED;DIRECT_RECORD_DISABLED;SEARCH_RANK_DEMOTED,D112-552000000-0001,,false,true,
17041,D512-552000000-0001,떡강정,튀김류,해당없음,해당없음,해당없음,100ml,202,100,ml,202,MASS_ALTERNATIVE_AVAILABLE,SOLID_WITH_VOLUME_BASIS;MASS_ALTERNATIVE_FOUND;SOURCE_UNIT_PRESERVED;DIRECT_RECORD_DISABLED;SEARCH_RANK_DEMOTED,D112-552000000-0001,,false,true,
17047,D411-518000000-0001,땅콩조림,조림류,해당없음,해당없음,해당없음,100ml,268,100,ml,268,MASS_ALTERNATIVE_AVAILABLE,SOLID_WITH_VOLUME_BASIS;MASS_ALTERNATIVE_FOUND;SOURCE_UNIT_PRESERVED;DIRECT_RECORD_DISABLED;SEARCH_RANK_DEMOTED,D111-518000000-0001,,false,true,
17048,D511-518000000-0001,땅콩조림,조림류,해당없음,해당없음,해당없음,100ml,268,100,ml,268,MASS_ALTERNATIVE_AVAILABLE,SOLID_WITH_VOLUME_BASIS;MASS_ALTERNATIVE_FOUND;SOURCE_UNIT_PRESERVED;DIRECT_RECORD_DISABLED;SEARCH_RANK_DEMOTED,D111-518000000-0001,,false,true,
17049,D711-518000000-0001,땅콩조림,조림류,해당없음,해당없음,해당없음,100ml,258,100,ml,258,MASS_ALTERNATIVE_AVAILABLE,SOLID_WITH_VOLUME_BASIS;MASS_ALTERNATIVE_FOUND;SOURCE_UNIT_PRESERVED;DIRECT_RECORD_DISABLED;SEARCH_RANK_DEMOTED,D111-518000000-0001,,false,true,
17054,D612-598000000-0001,등심돈가스,튀김류,해당없음,해당없음,해당없음,100ml,174,100,ml,174,VOLUME_ONLY_UNRESOLVED,SOLID_WITH_VOLUME_BASIS;VOLUME_ONLY_NO_SAFE_ALTERNATIVE;SOURCE_UNIT_PRESERVED;DIRECT_RECORD_DISABLED;SEARCH_RANK_DEMOTED,,,false,true,
17055,D412-598000000-0001,등심돈가스,튀김류,해당없음,해당없음,해당없음,100ml,190,100,ml,190,VOLUME_ONLY_UNRESOLVED,SOLID_WITH_VOLUME_BASIS;VOLUME_ONLY_NO_SAFE_ALTERNATIVE;SOURCE_UNIT_PRESERVED;DIRECT_RECORD_DISABLED;SEARCH_RANK_DEMOTED,,,false,true,
17056,D512-598000000-0001,등심돈가스,튀김류,해당없음,해당없음,해당없음,100ml,174,100,ml,174,VOLUME_ONLY_UNRESOLVED,SOLID_WITH_VOLUME_BASIS;VOLUME_ONLY_NO_SAFE_ALTERNATIVE;SOURCE_UNIT_PRESERVED;DIRECT_RECORD_DISABLED;SEARCH_RANK_DEMOTED,,,false,true,
17065,D612-597000000-0001,두부튀김,튀김류,해당없음,해당없음,해당없음,100ml,122,100,ml,122,VOLUME_ONLY_UNRESOLVED,SOLID_WITH_VOLUME_BASIS;VOLUME_ONLY_NO_SAFE_ALTERNATIVE;SOURCE_UNIT_PRESERVED;DIRECT_RECORD_DISABLED;SEARCH_RANK_DEMOTED,,,false,true,
17066,D412-597000000-0001,두부튀김,튀김류,해당없음,해당없음,해당없음,100ml,128,100,ml,128,VOLUME_ONLY_UNRESOLVED,SOLID_WITH_VOLUME_BASIS;VOLUME_ONLY_NO_SAFE_ALTERNATIVE;SOURCE_UNIT_PRESERVED;DIRECT_RECORD_DISABLED;SEARCH_RANK_DEMOTED,,,false,true,
17067,D712-597000000-0001,두부튀김,튀김류,해당없음,해당없음,해당없음,100ml,128,100,ml,128,VOLUME_ONLY_UNRESOLVED,SOLID_WITH_VOLUME_BASIS;VOLUME_ONLY_NO_SAFE_ALTERNATIVE;SOURCE_UNIT_PRESERVED;DIRECT_RECORD_DISABLED;SEARCH_RANK_DEMOTED,,,false,true,
17068,D512-597000000-0001,두부튀김,튀김류,해당없음,해당없음,해당없음,100ml,122,100,ml,122,VOLUME_ONLY_UNRESOLVED,SOLID_WITH_VOLUME_BASIS;VOLUME_ONLY_NO_SAFE_ALTERNATIVE;SOURCE_UNIT_PRESERVED;DIRECT_RECORD_DISABLED;SEARCH_RANK_DEMOTED,,,false,true,
17079,D511-517030000-0001,두부조림_돼지고기,조림류,돼지고기,해당없음,해당없음,100ml,175,100,ml,175,VOLUME_ONLY_UNRESOLVED,SOLID_WITH_VOLUME_BASIS;VOLUME_ONLY_NO_SAFE_ALTERNATIVE;SOURCE_UNIT_PRESERVED;DIRECT_RECORD_DISABLED;SEARCH_RANK_DEMOTED,,,false,true,
17080,D611-517030000-0001,두부조림_돼지고기,조림류,돼지고기,해당없음,해당없음,100ml,175,100,ml,175,VOLUME_ONLY_UNRESOLVED,SOLID_WITH_VOLUME_BASIS;VOLUME_ONLY_NO_SAFE_ALTERNATIVE;SOURCE_UNIT_PRESERVED;DIRECT_RECORD_DISABLED;SEARCH_RANK_DEMOTED,,,false,true,
17081,D411-517000000-0001,두부조림,조림류,해당없음,해당없음,해당없음,100ml,142,100,ml,142,MASS_ALTERNATIVE_AVAILABLE,SOLID_WITH_VOLUME_BASIS;MASS_ALTERNATIVE_FOUND;SOURCE_UNIT_PRESERVED;DIRECT_RECORD_DISABLED;SEARCH_RANK_DEMOTED,D111-517000000-0001,,false,true,
17083,D511-517000000-0001,두부조림,조림류,해당없음,해당없음,해당없음,100ml,133,100,ml,133,MASS_ALTERNATIVE_AVAILABLE,SOLID_WITH_VOLUME_BASIS;MASS_ALTERNATIVE_FOUND;SOURCE_UNIT_PRESERVED;DIRECT_RECORD_DISABLED;SEARCH_RANK_DEMOTED,D111-517000000-0001,,false,true,
17084,D611-517000000-0001,두부조림,조림류,해당없음,해당없음,해당없음,100ml,138,100,ml,138,MASS_ALTERNATIVE_AVAILABLE,SOLID_WITH_VOLUME_BASIS;MASS_ALTERNATIVE_FOUND;SOURCE_UNIT_PRESERVED;DIRECT_RECORD_DISABLED;SEARCH_RANK_DEMOTED,D111-517000000-0001,,false,true,
17085,D711-517000000-0001,두부조림,조림류,해당없음,해당없음,해당없음,100ml,142,100,ml,142,MASS_ALTERNATIVE_AVAILABLE,SOLID_WITH_VOLUME_BASIS;MASS_ALTERNATIVE_FOUND;SOURCE_UNIT_PRESERVED;DIRECT_RECORD_DISABLED;SEARCH_RANK_DEMOTED,D111-517000000-0001,,false,true,
17088,D609-420000000-0001,두부전,전·적 및 부침류,해당없음,해당없음,해당없음,100ml,161,100,ml,161,MASS_ALTERNATIVE_AVAILABLE,SOLID_WITH_VOLUME_BASIS;MASS_ALTERNATIVE_FOUND;SOURCE_UNIT_PRESERVED;DIRECT_RECORD_DISABLED;SEARCH_RANK_DEMOTED,D309-420000000-0001,,false,true,
17090,D409-420000000-0001,두부전,전·적 및 부침류,해당없음,해당없음,해당없음,100ml,151,100,ml,151,MASS_ALTERNATIVE_AVAILABLE,SOLID_WITH_VOLUME_BASIS;MASS_ALTERNATIVE_FOUND;SOURCE_UNIT_PRESERVED;DIRECT_RECORD_DISABLED;SEARCH_RANK_DEMOTED,D309-420000000-0001,,false,true,
17091,D709-420000000-0001,두부전,전·적 및 부침류,해당없음,해당없음,해당없음,100ml,151,100,ml,151,MASS_ALTERNATIVE_AVAILABLE,SOLID_WITH_VOLUME_BASIS;MASS_ALTERNATIVE_FOUND;SOURCE_UNIT_PRESERVED;DIRECT_RECORD_DISABLED;SEARCH_RANK_DEMOTED,D309-420000000-0001,,false,true,
17092,D509-420000000-0001,두부전,전·적 및 부침류,해당없음,해당없음,해당없음,100ml,161,100,ml,161,MASS_ALTERNATIVE_AVAILABLE,SOLID_WITH_VOLUME_BASIS;MASS_ALTERNATIVE_FOUND;SOURCE_UNIT_PRESERVED;DIRECT_RECORD_DISABLED;SEARCH_RANK_DEMOTED,D309-420000000-0001,,false,true,
17095,D609-419000000-0001,두부부침,전·적 및 부침류,해당없음,해당없음,해당없음,100ml,187,100,ml,187,MASS_ALTERNATIVE_AVAILABLE,SOLID_WITH_VOLUME_BASIS;MASS_ALTERNATIVE_FOUND;SOURCE_UNIT_PRESERVED;DIRECT_RECORD_DISABLED;SEARCH_RANK_DEMOTED,D109-419000000-0001;D309-419000000-0001,,false,true,
17096,D409-419000000-0001,두부부침,전·적 및 부침류,해당없음,해당없음,해당없음,100ml,152,100,ml,152,MASS_ALTERNATIVE_AVAILABLE,SOLID_WITH_VOLUME_BASIS;MASS_ALTERNATIVE_FOUND;SOURCE_UNIT_PRESERVED;DIRECT_RECORD_DISABLED;SEARCH_RANK_DEMOTED,D109-419000000-0001;D309-419000000-0001,,false,true,
17097,D509-419000000-0001,두부부침,전·적 및 부침류,해당없음,해당없음,해당없음,100ml,180,100,ml,180,MASS_ALTERNATIVE_AVAILABLE,SOLID_WITH_VOLUME_BASIS;MASS_ALTERNATIVE_FOUND;SOURCE_UNIT_PRESERVED;DIRECT_RECORD_DISABLED;SEARCH_RANK_DEMOTED,D109-419000000-0001;D309-419000000-0001,,false,true,
17098,D709-419000000-0001,두부부침,전·적 및 부침류,해당없음,해당없음,해당없음,100ml,147,100,ml,147,MASS_ALTERNATIVE_AVAILABLE,SOLID_WITH_VOLUME_BASIS;MASS_ALTERNATIVE_FOUND;SOURCE_UNIT_PRESERVED;DIRECT_RECORD_DISABLED;SEARCH_RANK_DEMOTED,D109-419000000-0001;D309-419000000-0001,,false,true,
17099,D710-512160000-0001,두부볶음_돼지고기,볶음류,돼지고기,해당없음,해당없음,100ml,197,100,ml,197,VOLUME_ONLY_UNRESOLVED,SOLID_WITH_VOLUME_BASIS;VOLUME_ONLY_NO_SAFE_ALTERNATIVE;SOURCE_UNIT_PRESERVED;DIRECT_RECORD_DISABLED;SEARCH_RANK_DEMOTED,,,false,true,
17100,D410-512160000-0001,두부볶음_돼지고기,볶음류,돼지고기,해당없음,해당없음,100ml,197,100,ml,197,VOLUME_ONLY_UNRESOLVED,SOLID_WITH_VOLUME_BASIS;VOLUME_ONLY_NO_SAFE_ALTERNATIVE;SOURCE_UNIT_PRESERVED;DIRECT_RECORD_DISABLED;SEARCH_RANK_DEMOTED,,,false,true,
17101,D614-674000000-0001,두부냉채,생채·무침류,해당없음,해당없음,해당없음,100ml,78,100,ml,78,VOLUME_ONLY_UNRESOLVED,SOLID_WITH_VOLUME_BASIS;VOLUME_ONLY_NO_SAFE_ALTERNATIVE;SOURCE_UNIT_PRESERVED;DIRECT_RECORD_DISABLED;SEARCH_RANK_DEMOTED,,,false,true,
17102,D414-674000000-0001,두부냉채,생채·무침류,해당없음,해당없음,해당없음,100ml,94,100,ml,94,VOLUME_ONLY_UNRESOLVED,SOLID_WITH_VOLUME_BASIS;VOLUME_ONLY_NO_SAFE_ALTERNATIVE;SOURCE_UNIT_PRESERVED;DIRECT_RECORD_DISABLED;SEARCH_RANK_DEMOTED,,,false,true,
17103,D714-674000000-0001,두부냉채,생채·무침류,해당없음,해당없음,해당없음,100ml,77,100,ml,77,VOLUME_ONLY_UNRESOLVED,SOLID_WITH_VOLUME_BASIS;VOLUME_ONLY_NO_SAFE_ALTERNATIVE;SOURCE_UNIT_PRESERVED;DIRECT_RECORD_DISABLED;SEARCH_RANK_DEMOTED,,,false,true,
17104,D410-466160000-0001,두부김치_돼지고기,볶음류,돼지고기,해당없음,해당없음,100ml,84,100,ml,84,VOLUME_ONLY_UNRESOLVED,SOLID_WITH_VOLUME_BASIS;VOLUME_ONLY_NO_SAFE_ALTERNATIVE;SOURCE_UNIT_PRESERVED;DIRECT_RECORD_DISABLED;SEARCH_RANK_DEMOTED,,,false,true,
17106,D510-466000000-0001,두부김치,볶음류,해당없음,해당없음,해당없음,100ml,108,100,ml,108,MASS_ALTERNATIVE_AVAILABLE,SOLID_WITH_VOLUME_BASIS;MASS_ALTERNATIVE_FOUND;SOURCE_UNIT_PRESERVED;DIRECT_RECORD_DISABLED;SEARCH_RANK_DEMOTED,D310-466000000-0001,,false,true,
17107,D410-466000000-0001,두부김치,볶음류,해당없음,해당없음,해당없음,100ml,66,100,ml,66,MASS_ALTERNATIVE_AVAILABLE,SOLID_WITH_VOLUME_BASIS;MASS_ALTERNATIVE_FOUND;SOURCE_UNIT_PRESERVED;DIRECT_RECORD_DISABLED;SEARCH_RANK_DEMOTED,D310-466000000-0001,,false,true,
17108,D710-466000000-0001,두부김치,볶음류,해당없음,해당없음,해당없음,100ml,108,100,ml,108,MASS_ALTERNATIVE_AVAILABLE,SOLID_WITH_VOLUME_BASIS;MASS_ALTERNATIVE_FOUND;SOURCE_UNIT_PRESERVED;DIRECT_RECORD_DISABLED;SEARCH_RANK_DEMOTED,D310-466000000-0001,,false,true,
17113,D612-596000000-0001,두부 탕수,튀김류,해당없음,해당없음,해당없음,100ml,123,100,ml,123,VOLUME_ONLY_UNRESOLVED,SOLID_WITH_VOLUME_BASIS;VOLUME_ONLY_NO_SAFE_ALTERNATIVE;SOURCE_UNIT_PRESERVED;DIRECT_RECORD_DISABLED;SEARCH_RANK_DEMOTED,,,false,true,
17114,D412-596000000-0001,두부 탕수,튀김류,해당없음,해당없음,해당없음,100ml,113,100,ml,113,VOLUME_ONLY_UNRESOLVED,SOLID_WITH_VOLUME_BASIS;VOLUME_ONLY_NO_SAFE_ALTERNATIVE;SOURCE_UNIT_PRESERVED;DIRECT_RECORD_DISABLED;SEARCH_RANK_DEMOTED,,,false,true,
17115,D512-596000000-0001,두부 탕수,튀김류,해당없음,해당없음,해당없음,100ml,123,100,ml,123,VOLUME_ONLY_UNRESOLVED,SOLID_WITH_VOLUME_BASIS;VOLUME_ONLY_NO_SAFE_ALTERNATIVE;SOURCE_UNIT_PRESERVED;DIRECT_RECORD_DISABLED;SEARCH_RANK_DEMOTED,,,false,true,
17134,D507-360000000-0001,두부 달걀찜,찜류,해당없음,해당없음,해당없음,100ml,115,100,ml,115,VOLUME_ONLY_UNRESOLVED,SOLID_WITH_VOLUME_BASIS;VOLUME_ONLY_NO_SAFE_ALTERNATIVE;SOURCE_UNIT_PRESERVED;DIRECT_RECORD_DISABLED;SEARCH_RANK_DEMOTED,,,false,true,
17135,D707-360000000-0001,두부 달걀찜,찜류,해당없음,해당없음,해당없음,100ml,75,100,ml,75,VOLUME_ONLY_UNRESOLVED,SOLID_WITH_VOLUME_BASIS;VOLUME_ONLY_NO_SAFE_ALTERNATIVE;SOURCE_UNIT_PRESERVED;DIRECT_RECORD_DISABLED;SEARCH_RANK_DEMOTED,,,false,true,
17136,D407-360000000-0001,두부 달걀찜,찜류,해당없음,해당없음,해당없음,100ml,74,100,ml,74,VOLUME_ONLY_UNRESOLVED,SOLID_WITH_VOLUME_BASIS;VOLUME_ONLY_NO_SAFE_ALTERNATIVE;SOURCE_UNIT_PRESERVED;DIRECT_RECORD_DISABLED;SEARCH_RANK_DEMOTED,,,false,true,
17138,D414-622000000-0001,두릅무침,생채·무침류,해당없음,해당없음,해당없음,100ml,74,100,ml,74,VOLUME_ONLY_UNRESOLVED,SOLID_WITH_VOLUME_BASIS;VOLUME_ONLY_NO_SAFE_ALTERNATIVE;SOURCE_UNIT_PRESERVED;DIRECT_RECORD_DISABLED;SEARCH_RANK_DEMOTED,,,false,true,
17215,D707-359000000-0001,돼지사태찜,찜류,해당없음,해당없음,해당없음,100ml,83,100,ml,83,VOLUME_ONLY_UNRESOLVED,SOLID_WITH_VOLUME_BASIS;VOLUME_ONLY_NO_SAFE_ALTERNATIVE;SOURCE_UNIT_PRESERVED;DIRECT_RECORD_DISABLED;SEARCH_RANK_DEMOTED,,,false,true,
17216,D607-359000000-0001,돼지사태찜,찜류,해당없음,해당없음,해당없음,100ml,109,100,ml,109,VOLUME_ONLY_UNRESOLVED,SOLID_WITH_VOLUME_BASIS;VOLUME_ONLY_NO_SAFE_ALTERNATIVE;SOURCE_UNIT_PRESERVED;DIRECT_RECORD_DISABLED;SEARCH_RANK_DEMOTED,,,false,true,
17217,D407-359000000-0001,돼지사태찜,찜류,해당없음,해당없음,해당없음,100ml,84,100,ml,84,VOLUME_ONLY_UNRESOLVED,SOLID_WITH_VOLUME_BASIS;VOLUME_ONLY_NO_SAFE_ALTERNATIVE;SOURCE_UNIT_PRESERVED;DIRECT_RECORD_DISABLED;SEARCH_RANK_DEMOTED,,,false,true,
17218,D507-359000000-0001,돼지사태찜,찜류,해당없음,해당없음,해당없음,100ml,132,100,ml,132,VOLUME_ONLY_UNRESOLVED,SOLID_WITH_VOLUME_BASIS;VOLUME_ONLY_NO_SAFE_ALTERNATIVE;SOURCE_UNIT_PRESERVED;DIRECT_RECORD_DISABLED;SEARCH_RANK_DEMOTED,,,false,true,
17220,D508-375070000-0001,돼지불고기_버섯,구이류,버섯,해당없음,해당없음,100ml,86,100,ml,86,VOLUME_ONLY_UNRESOLVED,SOLID_WITH_VOLUME_BASIS;VOLUME_ONLY_NO_SAFE_ALTERNATIVE;SOURCE_UNIT_PRESERVED;DIRECT_RECORD_DISABLED;SEARCH_RANK_DEMOTED,,,false,true,
17221,D608-375070000-0001,돼지불고기_버섯,구이류,버섯,해당없음,해당없음,100ml,82,100,ml,82,VOLUME_ONLY_UNRESOLVED,SOLID_WITH_VOLUME_BASIS;VOLUME_ONLY_NO_SAFE_ALTERNATIVE;SOURCE_UNIT_PRESERVED;DIRECT_RECORD_DISABLED;SEARCH_RANK_DEMOTED,,,false,true,
17222,D708-375020000-0001,돼지불고기_고추장,구이류,고추장,해당없음,해당없음,100ml,85,100,ml,85,VOLUME_ONLY_UNRESOLVED,SOLID_WITH_VOLUME_BASIS;VOLUME_ONLY_NO_SAFE_ALTERNATIVE;SOURCE_UNIT_PRESERVED;DIRECT_RECORD_DISABLED;SEARCH_RANK_DEMOTED,,,false,true,
17223,D408-375020000-0001,돼지불고기_고추장,구이류,고추장,해당없음,해당없음,100ml,146,100,ml,146,VOLUME_ONLY_UNRESOLVED,SOLID_WITH_VOLUME_BASIS;VOLUME_ONLY_NO_SAFE_ALTERNATIVE;SOURCE_UNIT_PRESERVED;DIRECT_RECORD_DISABLED;SEARCH_RANK_DEMOTED,,,false,true,
17224,D508-375020000-0001,돼지불고기_고추장,구이류,고추장,해당없음,해당없음,100ml,90,100,ml,90,VOLUME_ONLY_UNRESOLVED,SOLID_WITH_VOLUME_BASIS;VOLUME_ONLY_NO_SAFE_ALTERNATIVE;SOURCE_UNIT_PRESERVED;DIRECT_RECORD_DISABLED;SEARCH_RANK_DEMOTED,,,false,true,
17225,D608-375020000-0001,돼지불고기_고추장,구이류,고추장,해당없음,해당없음,100ml,83,100,ml,83,VOLUME_ONLY_UNRESOLVED,SOLID_WITH_VOLUME_BASIS;VOLUME_ONLY_NO_SAFE_ALTERNATIVE;SOURCE_UNIT_PRESERVED;DIRECT_RECORD_DISABLED;SEARCH_RANK_DEMOTED,,,false,true,
17229,D508-375010000-0001,돼지불고기_간장,구이류,간장,해당없음,해당없음,100ml,84,100,ml,84,VOLUME_ONLY_UNRESOLVED,SOLID_WITH_VOLUME_BASIS;VOLUME_ONLY_NO_SAFE_ALTERNATIVE;SOURCE_UNIT_PRESERVED;DIRECT_RECORD_DISABLED;SEARCH_RANK_DEMOTED,,,false,true,
17230,D608-375010000-0001,돼지불고기_간장,구이류,간장,해당없음,해당없음,100ml,79,100,ml,79,VOLUME_ONLY_UNRESOLVED,SOLID_WITH_VOLUME_BASIS;VOLUME_ONLY_NO_SAFE_ALTERNATIVE;SOURCE_UNIT_PRESERVED;DIRECT_RECORD_DISABLED;SEARCH_RANK_DEMOTED,,,false,true,
17231,D708-375010000-0001,돼지불고기_간장,구이류,간장,해당없음,해당없음,100ml,85,100,ml,85,VOLUME_ONLY_UNRESOLVED,SOLID_WITH_VOLUME_BASIS;VOLUME_ONLY_NO_SAFE_ALTERNATIVE;SOURCE_UNIT_PRESERVED;DIRECT_RECORD_DISABLED;SEARCH_RANK_DEMOTED,,,false,true,
17232,D701-063000000-0001,돼지머리국밥,밥류,해당없음,해당없음,해당없음,100ml,68,100,ml,68,VOLUME_ONLY_UNRESOLVED,SOLID_WITH_VOLUME_BASIS;VOLUME_ONLY_NO_SAFE_ALTERNATIVE;SOURCE_UNIT_PRESERVED;DIRECT_RECORD_DISABLED;SEARCH_RANK_DEMOTED,,,false,true,
17233,D401-063000000-0001,돼지머리국밥,밥류,해당없음,해당없음,해당없음,100ml,72,100,ml,72,VOLUME_ONLY_UNRESOLVED,SOLID_WITH_VOLUME_BASIS;VOLUME_ONLY_NO_SAFE_ALTERNATIVE;SOURCE_UNIT_PRESERVED;DIRECT_RECORD_DISABLED;SEARCH_RANK_DEMOTED,,,false,true,
17234,D711-549000000-0001,돼지등심 장조림,조림류,해당없음,해당없음,해당없음,100ml,117,100,ml,117,VOLUME_ONLY_UNRESOLVED,SOLID_WITH_VOLUME_BASIS;VOLUME_ONLY_NO_SAFE_ALTERNATIVE;SOURCE_UNIT_PRESERVED;DIRECT_RECORD_DISABLED;SEARCH_RANK_DEMOTED,,,false,true,
17235,D611-549000000-0001,돼지등심 장조림,조림류,해당없음,해당없음,해당없음,100ml,111,100,ml,111,VOLUME_ONLY_UNRESOLVED,SOLID_WITH_VOLUME_BASIS;VOLUME_ONLY_NO_SAFE_ALTERNATIVE;SOURCE_UNIT_PRESERVED;DIRECT_RECORD_DISABLED;SEARCH_RANK_DEMOTED,,,false,true,
17238,D412-595000000-0001,돼지고기튀김,튀김류,해당없음,해당없음,해당없음,100ml,222,100,ml,222,VOLUME_ONLY_UNRESOLVED,SOLID_WITH_VOLUME_BASIS;VOLUME_ONLY_NO_SAFE_ALTERNATIVE;SOURCE_UNIT_PRESERVED;DIRECT_RECORD_DISABLED;SEARCH_RANK_DEMOTED,,,false,true,
17239,D607-326000000-0001,돼지고기찜,찜류,해당없음,해당없음,해당없음,100ml,109,100,ml,109,VOLUME_ONLY_UNRESOLVED,SOLID_WITH_VOLUME_BASIS;VOLUME_ONLY_NO_SAFE_ALTERNATIVE;SOURCE_UNIT_PRESERVED;DIRECT_RECORD_DISABLED;SEARCH_RANK_DEMOTED,,,false,true,
17246,D410-464510000-0001,돼지고기볶음_케찹,볶음류,케찹,해당없음,해당없음,100ml,173,100,ml,173,VOLUME_ONLY_UNRESOLVED,SOLID_WITH_VOLUME_BASIS;VOLUME_ONLY_NO_SAFE_ALTERNATIVE;SOURCE_UNIT_PRESERVED;DIRECT_RECORD_DISABLED;SEARCH_RANK_DEMOTED,,,false,true,
17247,D510-464510000-0001,돼지고기볶음_케찹,볶음류,케찹,해당없음,해당없음,100ml,166,100,ml,166,VOLUME_ONLY_UNRESOLVED,SOLID_WITH_VOLUME_BASIS;VOLUME_ONLY_NO_SAFE_ALTERNATIVE;SOURCE_UNIT_PRESERVED;DIRECT_RECORD_DISABLED;SEARCH_RANK_DEMOTED,,,false,true,
17249,D610-464490000-0001,돼지고기볶음_짜장,볶음류,짜장,해당없음,해당없음,100ml,116,100,ml,116,VOLUME_ONLY_UNRESOLVED,SOLID_WITH_VOLUME_BASIS;VOLUME_ONLY_NO_SAFE_ALTERNATIVE;SOURCE_UNIT_PRESERVED;DIRECT_RECORD_DISABLED;SEARCH_RANK_DEMOTED,,,false,true,
17250,D510-464490000-0001,돼지고기볶음_짜장,볶음류,짜장,해당없음,해당없음,100ml,203,100,ml,203,VOLUME_ONLY_UNRESOLVED,SOLID_WITH_VOLUME_BASIS;VOLUME_ONLY_NO_SAFE_ALTERNATIVE;SOURCE_UNIT_PRESERVED;DIRECT_RECORD_DISABLED;SEARCH_RANK_DEMOTED,,,false,true,
17251,D710-464490000-0001,돼지고기볶음_짜장,볶음류,짜장,해당없음,해당없음,100ml,199,100,ml,199,VOLUME_ONLY_UNRESOLVED,SOLID_WITH_VOLUME_BASIS;VOLUME_ONLY_NO_SAFE_ALTERNATIVE;SOURCE_UNIT_PRESERVED;DIRECT_RECORD_DISABLED;SEARCH_RANK_DEMOTED,,,false,true,
17252,D710-464164300-0001,돼지고기볶음_돼지고기_채소,볶음류,돼지고기,채소,해당없음,100ml,111,100,ml,111,VOLUME_ONLY_UNRESOLVED,SOLID_WITH_VOLUME_BASIS;VOLUME_ONLY_NO_SAFE_ALTERNATIVE;SOURCE_UNIT_PRESERVED;DIRECT_RECORD_DISABLED;SEARCH_RANK_DEMOTED,,,false,true,
17253,D510-464164300-0001,돼지고기볶음_돼지고기_채소,볶음류,돼지고기,채소,해당없음,100ml,117,100,ml,117,VOLUME_ONLY_UNRESOLVED,SOLID_WITH_VOLUME_BASIS;VOLUME_ONLY_NO_SAFE_ALTERNATIVE;SOURCE_UNIT_PRESERVED;DIRECT_RECORD_DISABLED;SEARCH_RANK_DEMOTED,,,false,true,
17254,D610-464164300-0001,돼지고기볶음_돼지고기_채소,볶음류,돼지고기,채소,해당없음,100ml,104,100,ml,104,VOLUME_ONLY_UNRESOLVED,SOLID_WITH_VOLUME_BASIS;VOLUME_ONLY_NO_SAFE_ALTERNATIVE;SOURCE_UNIT_PRESERVED;DIRECT_RECORD_DISABLED;SEARCH_RANK_DEMOTED,,,false,true,
17255,D410-464164300-0001,돼지고기볶음_돼지고기_채소,볶음류,돼지고기,채소,해당없음,100ml,106,100,ml,106,VOLUME_ONLY_UNRESOLVED,SOLID_WITH_VOLUME_BASIS;VOLUME_ONLY_NO_SAFE_ALTERNATIVE;SOURCE_UNIT_PRESERVED;DIRECT_RECORD_DISABLED;SEARCH_RANK_DEMOTED,,,false,true,
17256,D610-464164000-0001,돼지고기볶음_돼지고기_짜장,볶음류,돼지고기,짜장,해당없음,100ml,112,100,ml,112,VOLUME_ONLY_UNRESOLVED,SOLID_WITH_VOLUME_BASIS;VOLUME_ONLY_NO_SAFE_ALTERNATIVE;SOURCE_UNIT_PRESERVED;DIRECT_RECORD_DISABLED;SEARCH_RANK_DEMOTED,,,false,true,
17257,D610-464163800-0001,돼지고기볶음_돼지고기_오징어,볶음류,돼지고기,오징어,해당없음,100ml,94,100,ml,94,VOLUME_ONLY_UNRESOLVED,SOLID_WITH_VOLUME_BASIS;VOLUME_ONLY_NO_SAFE_ALTERNATIVE;SOURCE_UNIT_PRESERVED;DIRECT_RECORD_DISABLED;SEARCH_RANK_DEMOTED,,,false,true,
17258,D710-464163800-0001,돼지고기볶음_돼지고기_오징어,볶음류,돼지고기,오징어,해당없음,100ml,113,100,ml,113,VOLUME_ONLY_UNRESOLVED,SOLID_WITH_VOLUME_BASIS;VOLUME_ONLY_NO_SAFE_ALTERNATIVE;SOURCE_UNIT_PRESERVED;DIRECT_RECORD_DISABLED;SEARCH_RANK_DEMOTED,,,false,true,
17259,D410-464163800-0001,돼지고기볶음_돼지고기_오징어,볶음류,돼지고기,오징어,해당없음,100ml,136,100,ml,136,VOLUME_ONLY_UNRESOLVED,SOLID_WITH_VOLUME_BASIS;VOLUME_ONLY_NO_SAFE_ALTERNATIVE;SOURCE_UNIT_PRESERVED;DIRECT_RECORD_DISABLED;SEARCH_RANK_DEMOTED,,,false,true,
17260,D510-464163800-0001,돼지고기볶음_돼지고기_오징어,볶음류,돼지고기,오징어,해당없음,100ml,145,100,ml,145,VOLUME_ONLY_UNRESOLVED,SOLID_WITH_VOLUME_BASIS;VOLUME_ONLY_NO_SAFE_ALTERNATIVE;SOURCE_UNIT_PRESERVED;DIRECT_RECORD_DISABLED;SEARCH_RANK_DEMOTED,,,false,true,
17261,D510-464162400-0001,돼지고기볶음_돼지고기_버섯,볶음류,돼지고기,버섯,해당없음,100ml,121,100,ml,121,VOLUME_ONLY_UNRESOLVED,SOLID_WITH_VOLUME_BASIS;VOLUME_ONLY_NO_SAFE_ALTERNATIVE;SOURCE_UNIT_PRESERVED;DIRECT_RECORD_DISABLED;SEARCH_RANK_DEMOTED,,,false,true,
17262,D410-464162400-0001,돼지고기볶음_돼지고기_버섯,볶음류,돼지고기,버섯,해당없음,100ml,102,100,ml,102,VOLUME_ONLY_UNRESOLVED,SOLID_WITH_VOLUME_BASIS;VOLUME_ONLY_NO_SAFE_ALTERNATIVE;SOURCE_UNIT_PRESERVED;DIRECT_RECORD_DISABLED;SEARCH_RANK_DEMOTED,,,false,true,
17263,D610-464162400-0001,돼지고기볶음_돼지고기_버섯,볶음류,돼지고기,버섯,해당없음,100ml,99,100,ml,99,VOLUME_ONLY_UNRESOLVED,SOLID_WITH_VOLUME_BASIS;VOLUME_ONLY_NO_SAFE_ALTERNATIVE;SOURCE_UNIT_PRESERVED;DIRECT_RECORD_DISABLED;SEARCH_RANK_DEMOTED,,,false,true,
17264,D710-464162300-0001,돼지고기볶음_돼지고기_배추김치,볶음류,돼지고기,배추김치,해당없음,100ml,103,100,ml,103,VOLUME_ONLY_UNRESOLVED,SOLID_WITH_VOLUME_BASIS;VOLUME_ONLY_NO_SAFE_ALTERNATIVE;SOURCE_UNIT_PRESERVED;DIRECT_RECORD_DISABLED;SEARCH_RANK_DEMOTED,,,false,true,
17265,D610-464162300-0001,돼지고기볶음_돼지고기_배추김치,볶음류,돼지고기,배추김치,해당없음,100ml,94,100,ml,94,VOLUME_ONLY_UNRESOLVED,SOLID_WITH_VOLUME_BASIS;VOLUME_ONLY_NO_SAFE_ALTERNATIVE;SOURCE_UNIT_PRESERVED;DIRECT_RECORD_DISABLED;SEARCH_RANK_DEMOTED,,,false,true,
17266,D510-464162300-0001,돼지고기볶음_돼지고기_배추김치,볶음류,돼지고기,배추김치,해당없음,100ml,91,100,ml,91,VOLUME_ONLY_UNRESOLVED,SOLID_WITH_VOLUME_BASIS;VOLUME_ONLY_NO_SAFE_ALTERNATIVE;SOURCE_UNIT_PRESERVED;DIRECT_RECORD_DISABLED;SEARCH_RANK_DEMOTED,,,false,true,
17267,D410-464160000-0001,돼지고기볶음_돼지고기,볶음류,돼지고기,해당없음,해당없음,100ml,134,100,ml,134,VOLUME_ONLY_UNRESOLVED,SOLID_WITH_VOLUME_BASIS;VOLUME_ONLY_NO_SAFE_ALTERNATIVE;SOURCE_UNIT_PRESERVED;DIRECT_RECORD_DISABLED;SEARCH_RANK_DEMOTED,,,false,true,
17268,D710-464110000-0001,돼지고기볶음_김치,볶음류,김치,해당없음,해당없음,100ml,109,100,ml,109,MASS_ALTERNATIVE_AVAILABLE,SOLID_WITH_VOLUME_BASIS;MASS_ALTERNATIVE_FOUND;SOURCE_UNIT_PRESERVED;DIRECT_RECORD_DISABLED;SEARCH_RANK_DEMOTED,D110-464110000-0001,,false,true,
17269,D610-464110000-0001,돼지고기볶음_김치,볶음류,김치,해당없음,해당없음,100ml,99,100,ml,99,MASS_ALTERNATIVE_AVAILABLE,SOLID_WITH_VOLUME_BASIS;MASS_ALTERNATIVE_FOUND;SOURCE_UNIT_PRESERVED;DIRECT_RECORD_DISABLED;SEARCH_RANK_DEMOTED,D110-464110000-0001,,false,true,
17270,D510-464110000-0001,돼지고기볶음_김치,볶음류,김치,해당없음,해당없음,100ml,95,100,ml,95,MASS_ALTERNATIVE_AVAILABLE,SOLID_WITH_VOLUME_BASIS;MASS_ALTERNATIVE_FOUND;SOURCE_UNIT_PRESERVED;DIRECT_RECORD_DISABLED;SEARCH_RANK_DEMOTED,D110-464110000-0001,,false,true,
17272,D410-464110000-0001,돼지고기볶음_김치,볶음류,김치,해당없음,해당없음,100ml,109,100,ml,109,MASS_ALTERNATIVE_AVAILABLE,SOLID_WITH_VOLUME_BASIS;MASS_ALTERNATIVE_FOUND;SOURCE_UNIT_PRESERVED;DIRECT_RECORD_DISABLED;SEARCH_RANK_DEMOTED,D110-464110000-0001,,false,true,
17276,D601-012000000-0001,돼지고기덮밥,밥류,해당없음,해당없음,해당없음,100ml,165,100,ml,165,VOLUME_ONLY_UNRESOLVED,SOLID_WITH_VOLUME_BASIS;VOLUME_ONLY_NO_SAFE_ALTERNATIVE;SOURCE_UNIT_PRESERVED;DIRECT_RECORD_DISABLED;SEARCH_RANK_DEMOTED,,,false,true,
17277,D712-594000000-0001,돼지고기강정,튀김류,해당없음,해당없음,해당없음,100ml,178,100,ml,178,VOLUME_ONLY_UNRESOLVED,SOLID_WITH_VOLUME_BASIS;VOLUME_ONLY_NO_SAFE_ALTERNATIVE;SOURCE_UNIT_PRESERVED;DIRECT_RECORD_DISABLED;SEARCH_RANK_DEMOTED,,,false,true,
17278,D512-594000000-0001,돼지고기강정,튀김류,해당없음,해당없음,해당없음,100ml,174,100,ml,174,VOLUME_ONLY_UNRESOLVED,SOLID_WITH_VOLUME_BASIS;VOLUME_ONLY_NO_SAFE_ALTERNATIVE;SOURCE_UNIT_PRESERVED;DIRECT_RECORD_DISABLED;SEARCH_RANK_DEMOTED,,,false,true,
17279,D412-594000000-0001,돼지고기강정,튀김류,해당없음,해당없음,해당없음,100ml,174,100,ml,174,VOLUME_ONLY_UNRESOLVED,SOLID_WITH_VOLUME_BASIS;VOLUME_ONLY_NO_SAFE_ALTERNATIVE;SOURCE_UNIT_PRESERVED;DIRECT_RECORD_DISABLED;SEARCH_RANK_DEMOTED,,,false,true,
17280,D612-594000000-0001,돼지고기강정,튀김류,해당없음,해당없음,해당없음,100ml,174,100,ml,174,VOLUME_ONLY_UNRESOLVED,SOLID_WITH_VOLUME_BASIS;VOLUME_ONLY_NO_SAFE_ALTERNATIVE;SOURCE_UNIT_PRESERVED;DIRECT_RECORD_DISABLED;SEARCH_RANK_DEMOTED,,,false,true,
17284,D610-511000000-0001,돼지고기 피망잡채,볶음류,해당없음,해당없음,해당없음,100ml,91,100,ml,91,VOLUME_ONLY_UNRESOLVED,SOLID_WITH_VOLUME_BASIS;VOLUME_ONLY_NO_SAFE_ALTERNATIVE;SOURCE_UNIT_PRESERVED;DIRECT_RECORD_DISABLED;SEARCH_RANK_DEMOTED,,,false,true,
17285,D510-511000000-0001,돼지고기 피망잡채,볶음류,해당없음,해당없음,해당없음,100ml,95,100,ml,95,VOLUME_ONLY_UNRESOLVED,SOLID_WITH_VOLUME_BASIS;VOLUME_ONLY_NO_SAFE_ALTERNATIVE;SOURCE_UNIT_PRESERVED;DIRECT_RECORD_DISABLED;SEARCH_RANK_DEMOTED,,,false,true,
17286,D411-548040000-0001,돼지고기 장조림_메추리알,조림류,메추리알,해당없음,해당없음,100ml,143,100,ml,143,VOLUME_ONLY_UNRESOLVED,SOLID_WITH_VOLUME_BASIS;VOLUME_ONLY_NO_SAFE_ALTERNATIVE;SOURCE_UNIT_PRESERVED;DIRECT_RECORD_DISABLED;SEARCH_RANK_DEMOTED,,,false,true,
17287,D511-548040000-0001,돼지고기 장조림_메추리알,조림류,메추리알,해당없음,해당없음,100ml,127,100,ml,127,VOLUME_ONLY_UNRESOLVED,SOLID_WITH_VOLUME_BASIS;VOLUME_ONLY_NO_SAFE_ALTERNATIVE;SOURCE_UNIT_PRESERVED;DIRECT_RECORD_DISABLED;SEARCH_RANK_DEMOTED,,,false,true,
17288,D611-548000000-0001,돼지고기 장조림,조림류,해당없음,해당없음,해당없음,100ml,133,100,ml,133,VOLUME_ONLY_UNRESOLVED,SOLID_WITH_VOLUME_BASIS;VOLUME_ONLY_NO_SAFE_ALTERNATIVE;SOURCE_UNIT_PRESERVED;DIRECT_RECORD_DISABLED;SEARCH_RANK_DEMOTED,,,false,true,
17289,D411-548000000-0001,돼지고기 장조림,조림류,해당없음,해당없음,해당없음,100ml,150,100,ml,150,VOLUME_ONLY_UNRESOLVED,SOLID_WITH_VOLUME_BASIS;VOLUME_ONLY_NO_SAFE_ALTERNATIVE;SOURCE_UNIT_PRESERVED;DIRECT_RECORD_DISABLED;SEARCH_RANK_DEMOTED,,,false,true,
17290,D511-548000000-0001,돼지고기 장조림,조림류,해당없음,해당없음,해당없음,100ml,133,100,ml,133,VOLUME_ONLY_UNRESOLVED,SOLID_WITH_VOLUME_BASIS;VOLUME_ONLY_NO_SAFE_ALTERNATIVE;SOURCE_UNIT_PRESERVED;DIRECT_RECORD_DISABLED;SEARCH_RANK_DEMOTED,,,false,true,
17291,D711-548000000-0001,돼지고기 장조림,조림류,해당없음,해당없음,해당없음,100ml,150,100,ml,150,VOLUME_ONLY_UNRESOLVED,SOLID_WITH_VOLUME_BASIS;VOLUME_ONLY_NO_SAFE_ALTERNATIVE;SOURCE_UNIT_PRESERVED;DIRECT_RECORD_DISABLED;SEARCH_RANK_DEMOTED,,,false,true,
17292,D608-414000000-0001,돼지고기 스테이크,구이류,해당없음,해당없음,해당없음,100ml,183,100,ml,183,VOLUME_ONLY_UNRESOLVED,SOLID_WITH_VOLUME_BASIS;VOLUME_ONLY_NO_SAFE_ALTERNATIVE;SOURCE_UNIT_PRESERVED;DIRECT_RECORD_DISABLED;SEARCH_RANK_DEMOTED,,,false,true,
17293,D408-414000000-0001,돼지고기 스테이크,구이류,해당없음,해당없음,해당없음,100ml,113,100,ml,113,VOLUME_ONLY_UNRESOLVED,SOLID_WITH_VOLUME_BASIS;VOLUME_ONLY_NO_SAFE_ALTERNATIVE;SOURCE_UNIT_PRESERVED;DIRECT_RECORD_DISABLED;SEARCH_RANK_DEMOTED,,,false,true,
17294,D508-414000000-0001,돼지고기 스테이크,구이류,해당없음,해당없음,해당없음,100ml,183,100,ml,183,VOLUME_ONLY_UNRESOLVED,SOLID_WITH_VOLUME_BASIS;VOLUME_ONLY_NO_SAFE_ALTERNATIVE;SOURCE_UNIT_PRESERVED;DIRECT_RECORD_DISABLED;SEARCH_RANK_DEMOTED,,,false,true,
17295,D708-414000000-0001,돼지고기 스테이크,구이류,해당없음,해당없음,해당없음,100ml,109,100,ml,109,VOLUME_ONLY_UNRESOLVED,SOLID_WITH_VOLUME_BASIS;VOLUME_ONLY_NO_SAFE_ALTERNATIVE;SOURCE_UNIT_PRESERVED;DIRECT_RECORD_DISABLED;SEARCH_RANK_DEMOTED,,,false,true,
17296,D601-012000000-0002,돼지고기 덮밥,밥류,해당없음,해당없음,해당없음,100ml,168,100,ml,168,VOLUME_ONLY_UNRESOLVED,SOLID_WITH_VOLUME_BASIS;VOLUME_ONLY_NO_SAFE_ALTERNATIVE;SOURCE_UNIT_PRESERVED;DIRECT_RECORD_DISABLED;SEARCH_RANK_DEMOTED,,,false,true,
17297,D708-413000000-0001,돼지고기 꼬치구이,구이류,해당없음,해당없음,해당없음,100ml,179,100,ml,179,VOLUME_ONLY_UNRESOLVED,SOLID_WITH_VOLUME_BASIS;VOLUME_ONLY_NO_SAFE_ALTERNATIVE;SOURCE_UNIT_PRESERVED;DIRECT_RECORD_DISABLED;SEARCH_RANK_DEMOTED,,,false,true,
17298,D508-413000000-0001,돼지고기 꼬치구이,구이류,해당없음,해당없음,해당없음,100ml,171,100,ml,171,VOLUME_ONLY_UNRESOLVED,SOLID_WITH_VOLUME_BASIS;VOLUME_ONLY_NO_SAFE_ALTERNATIVE;SOURCE_UNIT_PRESERVED;DIRECT_RECORD_DISABLED;SEARCH_RANK_DEMOTED,,,false,true,
17299,D408-413000000-0001,돼지고기 꼬치구이,구이류,해당없음,해당없음,해당없음,100ml,179,100,ml,179,VOLUME_ONLY_UNRESOLVED,SOLID_WITH_VOLUME_BASIS;VOLUME_ONLY_NO_SAFE_ALTERNATIVE;SOURCE_UNIT_PRESERVED;DIRECT_RECORD_DISABLED;SEARCH_RANK_DEMOTED,,,false,true,
17300,D507-324211800-0001,돼지갈비찜_채소_떡,찜류,채소,떡,해당없음,100ml,142,100,ml,142,VOLUME_ONLY_UNRESOLVED,SOLID_WITH_VOLUME_BASIS;VOLUME_ONLY_NO_SAFE_ALTERNATIVE;SOURCE_UNIT_PRESERVED;DIRECT_RECORD_DISABLED;SEARCH_RANK_DEMOTED,,,false,true,
17301,D607-324211800-0001,돼지갈비찜_채소_떡,찜류,채소,떡,해당없음,100ml,143,100,ml,143,VOLUME_ONLY_UNRESOLVED,SOLID_WITH_VOLUME_BASIS;VOLUME_ONLY_NO_SAFE_ALTERNATIVE;SOURCE_UNIT_PRESERVED;DIRECT_RECORD_DISABLED;SEARCH_RANK_DEMOTED,,,false,true,
17302,D707-324210000-0001,돼지갈비찜_채소,찜류,채소,해당없음,해당없음,100ml,136,100,ml,136,VOLUME_ONLY_UNRESOLVED,SOLID_WITH_VOLUME_BASIS;VOLUME_ONLY_NO_SAFE_ALTERNATIVE;SOURCE_UNIT_PRESERVED;DIRECT_RECORD_DISABLED;SEARCH_RANK_DEMOTED,,,false,true,
17303,D507-324210000-0001,돼지갈비찜_채소,찜류,채소,해당없음,해당없음,100ml,139,100,ml,139,VOLUME_ONLY_UNRESOLVED,SOLID_WITH_VOLUME_BASIS;VOLUME_ONLY_NO_SAFE_ALTERNATIVE;SOURCE_UNIT_PRESERVED;DIRECT_RECORD_DISABLED;SEARCH_RANK_DEMOTED,,,false,true,
17304,D607-324210000-0001,돼지갈비찜_채소,찜류,채소,해당없음,해당없음,100ml,137,100,ml,137,VOLUME_ONLY_UNRESOLVED,SOLID_WITH_VOLUME_BASIS;VOLUME_ONLY_NO_SAFE_ALTERNATIVE;SOURCE_UNIT_PRESERVED;DIRECT_RECORD_DISABLED;SEARCH_RANK_DEMOTED,,,false,true,
17305,D407-324110000-0001,돼지갈비찜_배추김치,찜류,배추김치,해당없음,해당없음,100ml,89,100,ml,89,VOLUME_ONLY_UNRESOLVED,SOLID_WITH_VOLUME_BASIS;VOLUME_ONLY_NO_SAFE_ALTERNATIVE;SOURCE_UNIT_PRESERVED;DIRECT_RECORD_DISABLED;SEARCH_RANK_DEMOTED,,,false,true,
17306,D607-324084301-0001,돼지갈비찜_매운양념_채소_떡,찜류,매운양념,채소,떡,100ml,143,100,ml,143,VOLUME_ONLY_UNRESOLVED,SOLID_WITH_VOLUME_BASIS;VOLUME_ONLY_NO_SAFE_ALTERNATIVE;SOURCE_UNIT_PRESERVED;DIRECT_RECORD_DISABLED;SEARCH_RANK_DEMOTED,,,false,true,
17307,D507-324084300-0001,돼지갈비찜_매운양념_채소,찜류,매운양념,채소,해당없음,100ml,136,100,ml,136,VOLUME_ONLY_UNRESOLVED,SOLID_WITH_VOLUME_BASIS;VOLUME_ONLY_NO_SAFE_ALTERNATIVE;SOURCE_UNIT_PRESERVED;DIRECT_RECORD_DISABLED;SEARCH_RANK_DEMOTED,,,false,true,
17308,D607-324084300-0001,돼지갈비찜_매운양념_채소,찜류,매운양념,채소,해당없음,100ml,130,100,ml,130,VOLUME_ONLY_UNRESOLVED,SOLID_WITH_VOLUME_BASIS;VOLUME_ONLY_NO_SAFE_ALTERNATIVE;SOURCE_UNIT_PRESERVED;DIRECT_RECORD_DISABLED;SEARCH_RANK_DEMOTED,,,false,true,
17311,D607-324000000-0001,돼지갈비찜,찜류,해당없음,해당없음,해당없음,100ml,140,100,ml,140,MASS_ALTERNATIVE_AVAILABLE,SOLID_WITH_VOLUME_BASIS;MASS_ALTERNATIVE_FOUND;SOURCE_UNIT_PRESERVED;DIRECT_RECORD_DISABLED;SEARCH_RANK_DEMOTED,D107-324000000-0001,,false,true,
17312,D707-324000000-0001,돼지갈비찜,찜류,해당없음,해당없음,해당없음,100ml,139,100,ml,139,MASS_ALTERNATIVE_AVAILABLE,SOLID_WITH_VOLUME_BASIS;MASS_ALTERNATIVE_FOUND;SOURCE_UNIT_PRESERVED;DIRECT_RECORD_DISABLED;SEARCH_RANK_DEMOTED,D107-324000000-0001,,false,true,
17313,D407-324000000-0001,돼지갈비찜,찜류,해당없음,해당없음,해당없음,100ml,139,100,ml,139,MASS_ALTERNATIVE_AVAILABLE,SOLID_WITH_VOLUME_BASIS;MASS_ALTERNATIVE_FOUND;SOURCE_UNIT_PRESERVED;DIRECT_RECORD_DISABLED;SEARCH_RANK_DEMOTED,D107-324000000-0001,,false,true,
17314,D507-324000000-0001,돼지갈비찜,찜류,해당없음,해당없음,해당없음,100ml,142,100,ml,142,MASS_ALTERNATIVE_AVAILABLE,SOLID_WITH_VOLUME_BASIS;MASS_ALTERNATIVE_FOUND;SOURCE_UNIT_PRESERVED;DIRECT_RECORD_DISABLED;SEARCH_RANK_DEMOTED,D107-324000000-0001,,false,true,
17317,D508-373010000-0001,돼지갈비구이_간장,구이류,간장,해당없음,해당없음,100ml,128,100,ml,128,MASS_ALTERNATIVE_AVAILABLE,SOLID_WITH_VOLUME_BASIS;MASS_ALTERNATIVE_FOUND;SOURCE_UNIT_PRESERVED;DIRECT_RECORD_DISABLED;SEARCH_RANK_DEMOTED,D308-373010000-0001,,false,true,
17319,D408-373010000-0001,돼지갈비구이_간장,구이류,간장,해당없음,해당없음,100ml,129,100,ml,129,MASS_ALTERNATIVE_AVAILABLE,SOLID_WITH_VOLUME_BASIS;MASS_ALTERNATIVE_FOUND;SOURCE_UNIT_PRESERVED;DIRECT_RECORD_DISABLED;SEARCH_RANK_DEMOTED,D308-373010000-0001,,false,true,
17320,D408-373000000-0001,돼지갈비구이,구이류,해당없음,해당없음,해당없음,100ml,132,100,ml,132,VOLUME_ONLY_UNRESOLVED,SOLID_WITH_VOLUME_BASIS;VOLUME_ONLY_NO_SAFE_ALTERNATIVE;SOURCE_UNIT_PRESERVED;DIRECT_RECORD_DISABLED;SEARCH_RANK_DEMOTED,,,false,true,
17321,D608-373000000-0001,돼지갈비구이,구이류,해당없음,해당없음,해당없음,100ml,132,100,ml,132,VOLUME_ONLY_UNRESOLVED,SOLID_WITH_VOLUME_BASIS;VOLUME_ONLY_NO_SAFE_ALTERNATIVE;SOURCE_UNIT_PRESERVED;DIRECT_RECORD_DISABLED;SEARCH_RANK_DEMOTED,,,false,true,
17322,D708-373000000-0001,돼지갈비구이,구이류,해당없음,해당없음,해당없음,100ml,202,100,ml,202,VOLUME_ONLY_UNRESOLVED,SOLID_WITH_VOLUME_BASIS;VOLUME_ONLY_NO_SAFE_ALTERNATIVE;SOURCE_UNIT_PRESERVED;DIRECT_RECORD_DISABLED;SEARCH_RANK_DEMOTED,,,false,true,
17323,D508-373000000-0001,돼지갈비구이,구이류,해당없음,해당없음,해당없음,100ml,130,100,ml,130,VOLUME_ONLY_UNRESOLVED,SOLID_WITH_VOLUME_BASIS;VOLUME_ONLY_NO_SAFE_ALTERNATIVE;SOURCE_UNIT_PRESERVED;DIRECT_RECORD_DISABLED;SEARCH_RANK_DEMOTED,,,false,true,
17324,D612-593000000-0001,돼지갈비강정,튀김류,해당없음,해당없음,해당없음,100ml,244,100,ml,244,VOLUME_ONLY_UNRESOLVED,SOLID_WITH_VOLUME_BASIS;VOLUME_ONLY_NO_SAFE_ALTERNATIVE;SOURCE_UNIT_PRESERVED;DIRECT_RECORD_DISABLED;SEARCH_RANK_DEMOTED,,,false,true,
17325,D412-593000000-0001,돼지갈비강정,튀김류,해당없음,해당없음,해당없음,100ml,382,100,ml,382,VOLUME_ONLY_UNRESOLVED,SOLID_WITH_VOLUME_BASIS;VOLUME_ONLY_NO_SAFE_ALTERNATIVE;SOURCE_UNIT_PRESERVED;DIRECT_RECORD_DISABLED;SEARCH_RANK_DEMOTED,,,false,true,
17327,D412-592000000-0001,동태튀김,튀김류,해당없음,해당없음,해당없음,100ml,146,100,ml,146,VOLUME_ONLY_UNRESOLVED,SOLID_WITH_VOLUME_BASIS;VOLUME_ONLY_NO_SAFE_ALTERNATIVE;SOURCE_UNIT_PRESERVED;DIRECT_RECORD_DISABLED;SEARCH_RANK_DEMOTED,,,false,true,
17328,D712-592000000-0001,동태튀김,튀김류,해당없음,해당없음,해당없음,100ml,147,100,ml,147,VOLUME_ONLY_UNRESOLVED,SOLID_WITH_VOLUME_BASIS;VOLUME_ONLY_NO_SAFE_ALTERNATIVE;SOURCE_UNIT_PRESERVED;DIRECT_RECORD_DISABLED;SEARCH_RANK_DEMOTED,,,false,true,
17330,D707-322000000-0001,동태찜,찜류,해당없음,해당없음,해당없음,100ml,50,100,ml,50,MASS_ALTERNATIVE_AVAILABLE,SOLID_WITH_VOLUME_BASIS;MASS_ALTERNATIVE_FOUND;SOURCE_UNIT_PRESERVED;DIRECT_RECORD_DISABLED;SEARCH_RANK_DEMOTED,D307-322000000-0001,,false,true,
17337,D511-516000000-0001,동태조림,조림류,해당없음,해당없음,해당없음,100ml,116,100,ml,116,MASS_ALTERNATIVE_AVAILABLE,SOLID_WITH_VOLUME_BASIS;MASS_ALTERNATIVE_FOUND;SOURCE_UNIT_PRESERVED;DIRECT_RECORD_DISABLED;SEARCH_RANK_DEMOTED,D311-516000000-0001,,false,true,
17338,D711-516000000-0001,동태조림,조림류,해당없음,해당없음,해당없음,100ml,64,100,ml,64,MASS_ALTERNATIVE_AVAILABLE,SOLID_WITH_VOLUME_BASIS;MASS_ALTERNATIVE_FOUND;SOURCE_UNIT_PRESERVED;DIRECT_RECORD_DISABLED;SEARCH_RANK_DEMOTED,D311-516000000-0001,,false,true,
17339,D609-418000000-0001,동태전,전·적 및 부침류,해당없음,해당없음,해당없음,100ml,239,100,ml,239,MASS_ALTERNATIVE_AVAILABLE,SOLID_WITH_VOLUME_BASIS;MASS_ALTERNATIVE_FOUND;SOURCE_UNIT_PRESERVED;DIRECT_RECORD_DISABLED;SEARCH_RANK_DEMOTED,D309-418000000-0001,,false,true,
17340,D409-418000000-0001,동태전,전·적 및 부침류,해당없음,해당없음,해당없음,100ml,109,100,ml,109,MASS_ALTERNATIVE_AVAILABLE,SOLID_WITH_VOLUME_BASIS;MASS_ALTERNATIVE_FOUND;SOURCE_UNIT_PRESERVED;DIRECT_RECORD_DISABLED;SEARCH_RANK_DEMOTED,D309-418000000-0001,,false,true,
17342,D509-418000000-0001,동태전,전·적 및 부침류,해당없음,해당없음,해당없음,100ml,236,100,ml,236,MASS_ALTERNATIVE_AVAILABLE,SOLID_WITH_VOLUME_BASIS;MASS_ALTERNATIVE_FOUND;SOURCE_UNIT_PRESERVED;DIRECT_RECORD_DISABLED;SEARCH_RANK_DEMOTED,D309-418000000-0001,,false,true,
17343,D709-418000000-0001,동태전,전·적 및 부침류,해당없음,해당없음,해당없음,100ml,115,100,ml,115,MASS_ALTERNATIVE_AVAILABLE,SOLID_WITH_VOLUME_BASIS;MASS_ALTERNATIVE_FOUND;SOURCE_UNIT_PRESERVED;DIRECT_RECORD_DISABLED;SEARCH_RANK_DEMOTED,D309-418000000-0001,,false,true,
17344,D408-412000000-0001,동태양념구이,구이류,해당없음,해당없음,해당없음,100ml,130,100,ml,130,VOLUME_ONLY_UNRESOLVED,SOLID_WITH_VOLUME_BASIS;VOLUME_ONLY_NO_SAFE_ALTERNATIVE;SOURCE_UNIT_PRESERVED;DIRECT_RECORD_DISABLED;SEARCH_RANK_DEMOTED,,,false,true,
17345,D512-551130000-0001,동태까스_소스,튀김류,소스,해당없음,해당없음,100ml,273,100,ml,273,VOLUME_ONLY_UNRESOLVED,SOLID_WITH_VOLUME_BASIS;VOLUME_ONLY_NO_SAFE_ALTERNATIVE;SOURCE_UNIT_PRESERVED;DIRECT_RECORD_DISABLED;SEARCH_RANK_DEMOTED,,,false,true,
17355,D401-011350000-0001,돌솥비빔밥_양념장,밥류,양념장,해당없음,해당없음,100ml,86,100,ml,86,VOLUME_ONLY_UNRESOLVED,SOLID_WITH_VOLUME_BASIS;VOLUME_ONLY_NO_SAFE_ALTERNATIVE;SOURCE_UNIT_PRESERVED;DIRECT_RECORD_DISABLED;SEARCH_RANK_DEMOTED,,,false,true,
17356,D701-011000000-0001,돌솥 비빔밥,밥류,해당없음,해당없음,해당없음,100ml,101,100,ml,101,VOLUME_ONLY_UNRESOLVED,SOLID_WITH_VOLUME_BASIS;VOLUME_ONLY_NO_SAFE_ALTERNATIVE;SOURCE_UNIT_PRESERVED;DIRECT_RECORD_DISABLED;SEARCH_RANK_DEMOTED,,,false,true,
17357,D401-011000000-0001,돌솥 비빔밥,밥류,해당없음,해당없음,해당없음,100ml,101,100,ml,101,VOLUME_ONLY_UNRESOLVED,SOLID_WITH_VOLUME_BASIS;VOLUME_ONLY_NO_SAFE_ALTERNATIVE;SOURCE_UNIT_PRESERVED;DIRECT_RECORD_DISABLED;SEARCH_RANK_DEMOTED,,,false,true,
17358,D414-673000000-0001,돌나물무침,생채·무침류,해당없음,해당없음,해당없음,100ml,24,100,ml,24,MASS_ALTERNATIVE_AVAILABLE,SOLID_WITH_VOLUME_BASIS;MASS_ALTERNATIVE_FOUND;SOURCE_UNIT_PRESERVED;DIRECT_RECORD_DISABLED;SEARCH_RANK_DEMOTED,D114-673000000-0001,,false,true,
17360,D714-673000000-0001,돌나물무침,생채·무침류,해당없음,해당없음,해당없음,100ml,44,100,ml,44,MASS_ALTERNATIVE_AVAILABLE,SOLID_WITH_VOLUME_BASIS;MASS_ALTERNATIVE_FOUND;SOURCE_UNIT_PRESERVED;DIRECT_RECORD_DISABLED;SEARCH_RANK_DEMOTED,D114-673000000-0001,,false,true,
17361,D514-673000000-0001,돌나물무침,생채·무침류,해당없음,해당없음,해당없음,100ml,41,100,ml,41,MASS_ALTERNATIVE_AVAILABLE,SOLID_WITH_VOLUME_BASIS;MASS_ALTERNATIVE_FOUND;SOURCE_UNIT_PRESERVED;DIRECT_RECORD_DISABLED;SEARCH_RANK_DEMOTED,D114-673000000-0001,,false,true,
17362,D614-621000000-0001,돌나물,생채·무침류,해당없음,해당없음,해당없음,100ml,42,100,ml,42,VOLUME_ONLY_UNRESOLVED,SOLID_WITH_VOLUME_BASIS;VOLUME_ONLY_NO_SAFE_ALTERNATIVE;SOURCE_UNIT_PRESERVED;DIRECT_RECORD_DISABLED;SEARCH_RANK_DEMOTED,,,false,true,
17363,D714-621000000-0001,돌나물,생채·무침류,해당없음,해당없음,해당없음,100ml,44,100,ml,44,VOLUME_ONLY_UNRESOLVED,SOLID_WITH_VOLUME_BASIS;VOLUME_ONLY_NO_SAFE_ALTERNATIVE;SOURCE_UNIT_PRESERVED;DIRECT_RECORD_DISABLED;SEARCH_RANK_DEMOTED,,,false,true,
17364,D414-621000000-0001,돌나물,생채·무침류,해당없음,해당없음,해당없음,100ml,24,100,ml,24,VOLUME_ONLY_UNRESOLVED,SOLID_WITH_VOLUME_BASIS;VOLUME_ONLY_NO_SAFE_ALTERNATIVE;SOURCE_UNIT_PRESERVED;DIRECT_RECORD_DISABLED;SEARCH_RANK_DEMOTED,,,false,true,
17373,D712-550000000-0001,돈가스,튀김류,해당없음,해당없음,해당없음,100ml,149,100,ml,149,MASS_ALTERNATIVE_AVAILABLE,SOLID_WITH_VOLUME_BASIS;MASS_ALTERNATIVE_FOUND;SOURCE_UNIT_PRESERVED;DIRECT_RECORD_DISABLED;SEARCH_RANK_DEMOTED,D312-550000000-0002,,false,true,
17374,D512-550000000-0001,돈가스,튀김류,해당없음,해당없음,해당없음,100ml,148,100,ml,148,MASS_ALTERNATIVE_AVAILABLE,SOLID_WITH_VOLUME_BASIS;MASS_ALTERNATIVE_FOUND;SOURCE_UNIT_PRESERVED;DIRECT_RECORD_DISABLED;SEARCH_RANK_DEMOTED,D312-550000000-0002,,false,true,
17375,D412-550000000-0001,돈가스,튀김류,해당없음,해당없음,해당없음,100ml,148,100,ml,148,MASS_ALTERNATIVE_AVAILABLE,SOLID_WITH_VOLUME_BASIS;MASS_ALTERNATIVE_FOUND;SOURCE_UNIT_PRESERVED;DIRECT_RECORD_DISABLED;SEARCH_RANK_DEMOTED,D312-550000000-0002,,false,true,
17376,D714-620320000-0001,도토리묵무침_채소,생채·무침류,채소,해당없음,해당없음,100ml,60,100,ml,60,VOLUME_ONLY_UNRESOLVED,SOLID_WITH_VOLUME_BASIS;VOLUME_ONLY_NO_SAFE_ALTERNATIVE;SOURCE_UNIT_PRESERVED;DIRECT_RECORD_DISABLED;SEARCH_RANK_DEMOTED,,,false,true,
17377,D514-620320000-0001,도토리묵무침_채소,생채·무침류,채소,해당없음,해당없음,100ml,62,100,ml,62,VOLUME_ONLY_UNRESOLVED,SOLID_WITH_VOLUME_BASIS;VOLUME_ONLY_NO_SAFE_ALTERNATIVE;SOURCE_UNIT_PRESERVED;DIRECT_RECORD_DISABLED;SEARCH_RANK_DEMOTED,,,false,true,
17378,D614-620320000-0001,도토리묵무침_채소,생채·무침류,채소,해당없음,해당없음,100ml,61,100,ml,61,VOLUME_ONLY_UNRESOLVED,SOLID_WITH_VOLUME_BASIS;VOLUME_ONLY_NO_SAFE_ALTERNATIVE;SOURCE_UNIT_PRESERVED;DIRECT_RECORD_DISABLED;SEARCH_RANK_DEMOTED,,,false,true,
17379,D614-620000000-0001,도토리묵무침,생채·무침류,해당없음,해당없음,해당없음,100ml,53,100,ml,53,VOLUME_ONLY_UNRESOLVED,SOLID_WITH_VOLUME_BASIS;VOLUME_ONLY_NO_SAFE_ALTERNATIVE;SOURCE_UNIT_PRESERVED;DIRECT_RECORD_DISABLED;SEARCH_RANK_DEMOTED,,,false,true,
17380,D514-620000000-0001,도토리묵무침,생채·무침류,해당없음,해당없음,해당없음,100ml,56,100,ml,56,VOLUME_ONLY_UNRESOLVED,SOLID_WITH_VOLUME_BASIS;VOLUME_ONLY_NO_SAFE_ALTERNATIVE;SOURCE_UNIT_PRESERVED;DIRECT_RECORD_DISABLED;SEARCH_RANK_DEMOTED,,,false,true,
17381,D714-620000000-0001,도토리묵무침,생채·무침류,해당없음,해당없음,해당없음,100ml,56,100,ml,56,VOLUME_ONLY_UNRESOLVED,SOLID_WITH_VOLUME_BASIS;VOLUME_ONLY_NO_SAFE_ALTERNATIVE;SOURCE_UNIT_PRESERVED;DIRECT_RECORD_DISABLED;SEARCH_RANK_DEMOTED,,,false,true,
17382,D414-620000000-0001,도토리묵무침,생채·무침류,해당없음,해당없음,해당없음,100ml,56,100,ml,56,VOLUME_ONLY_UNRESOLVED,SOLID_WITH_VOLUME_BASIS;VOLUME_ONLY_NO_SAFE_ALTERNATIVE;SOURCE_UNIT_PRESERVED;DIRECT_RECORD_DISABLED;SEARCH_RANK_DEMOTED,,,false,true,
17383,D412-591000000-0001,도미튀김,튀김류,해당없음,해당없음,해당없음,100ml,301,100,ml,301,VOLUME_ONLY_UNRESOLVED,SOLID_WITH_VOLUME_BASIS;VOLUME_ONLY_NO_SAFE_ALTERNATIVE;SOURCE_UNIT_PRESERVED;DIRECT_RECORD_DISABLED;SEARCH_RANK_DEMOTED,,,false,true,
17384,D407-358000000-0001,도미찜,찜류,해당없음,해당없음,해당없음,100ml,52,100,ml,52,VOLUME_ONLY_UNRESOLVED,SOLID_WITH_VOLUME_BASIS;VOLUME_ONLY_NO_SAFE_ALTERNATIVE;SOURCE_UNIT_PRESERVED;DIRECT_RECORD_DISABLED;SEARCH_RANK_DEMOTED,,,false,true,
17387,D711-547000000-0001,도루묵조림,조림류,해당없음,해당없음,해당없음,100ml,101,100,ml,101,VOLUME_ONLY_UNRESOLVED,SOLID_WITH_VOLUME_BASIS;VOLUME_ONLY_NO_SAFE_ALTERNATIVE;SOURCE_UNIT_PRESERVED;DIRECT_RECORD_DISABLED;SEARCH_RANK_DEMOTED,,,false,true,
17388,D411-547000000-0001,도루묵조림,조림류,해당없음,해당없음,해당없음,100ml,103,100,ml,103,VOLUME_ONLY_UNRESOLVED,SOLID_WITH_VOLUME_BASIS;VOLUME_ONLY_NO_SAFE_ALTERNATIVE;SOURCE_UNIT_PRESERVED;DIRECT_RECORD_DISABLED;SEARCH_RANK_DEMOTED,,,false,true,
17389,D512-590000000-0001,도라지튀김,튀김류,해당없음,해당없음,해당없음,100ml,179,100,ml,179,VOLUME_ONLY_UNRESOLVED,SOLID_WITH_VOLUME_BASIS;VOLUME_ONLY_NO_SAFE_ALTERNATIVE;SOURCE_UNIT_PRESERVED;DIRECT_RECORD_DISABLED;SEARCH_RANK_DEMOTED,,,false,true,
17390,D412-590000000-0001,도라지튀김,튀김류,해당없음,해당없음,해당없음,100ml,161,100,ml,161,VOLUME_ONLY_UNRESOLVED,SOLID_WITH_VOLUME_BASIS;VOLUME_ONLY_NO_SAFE_ALTERNATIVE;SOURCE_UNIT_PRESERVED;DIRECT_RECORD_DISABLED;SEARCH_RANK_DEMOTED,,,false,true,
17391,D514-619290000-0001,도라지생채_오징어채,생채·무침류,오징어채,해당없음,해당없음,100ml,92,100,ml,92,VOLUME_ONLY_UNRESOLVED,SOLID_WITH_VOLUME_BASIS;VOLUME_ONLY_NO_SAFE_ALTERNATIVE;SOURCE_UNIT_PRESERVED;DIRECT_RECORD_DISABLED;SEARCH_RANK_DEMOTED,,,false,true,
17392,D714-619260000-0001,도라지생채_오이,생채·무침류,오이,해당없음,해당없음,100ml,41,100,ml,41,VOLUME_ONLY_UNRESOLVED,SOLID_WITH_VOLUME_BASIS;VOLUME_ONLY_NO_SAFE_ALTERNATIVE;SOURCE_UNIT_PRESERVED;DIRECT_RECORD_DISABLED;SEARCH_RANK_DEMOTED,,,false,true,
17393,D614-619260000-0001,도라지생채_오이,생채·무침류,오이,해당없음,해당없음,100ml,42,100,ml,42,VOLUME_ONLY_UNRESOLVED,SOLID_WITH_VOLUME_BASIS;VOLUME_ONLY_NO_SAFE_ALTERNATIVE;SOURCE_UNIT_PRESERVED;DIRECT_RECORD_DISABLED;SEARCH_RANK_DEMOTED,,,false,true,
17394,D514-619260000-0001,도라지생채_오이,생채·무침류,오이,해당없음,해당없음,100ml,40,100,ml,40,VOLUME_ONLY_UNRESOLVED,SOLID_WITH_VOLUME_BASIS;VOLUME_ONLY_NO_SAFE_ALTERNATIVE;SOURCE_UNIT_PRESERVED;DIRECT_RECORD_DISABLED;SEARCH_RANK_DEMOTED,,,false,true,
17395,D714-619500000-0001,도라지생채_북어,생채·무침류,북어,해당없음,해당없음,100ml,140,100,ml,140,VOLUME_ONLY_UNRESOLVED,SOLID_WITH_VOLUME_BASIS;VOLUME_ONLY_NO_SAFE_ALTERNATIVE;SOURCE_UNIT_PRESERVED;DIRECT_RECORD_DISABLED;SEARCH_RANK_DEMOTED,,,false,true,
17396,D414-619500000-0001,도라지생채_북어,생채·무침류,북어,해당없음,해당없음,100ml,152,100,ml,152,VOLUME_ONLY_UNRESOLVED,SOLID_WITH_VOLUME_BASIS;VOLUME_ONLY_NO_SAFE_ALTERNATIVE;SOURCE_UNIT_PRESERVED;DIRECT_RECORD_DISABLED;SEARCH_RANK_DEMOTED,,,false,true,
17397,D414-619000000-0001,도라지생채,생채·무침류,해당없음,해당없음,해당없음,100ml,67,100,ml,67,MASS_ALTERNATIVE_AVAILABLE,SOLID_WITH_VOLUME_BASIS;MASS_ALTERNATIVE_FOUND;SOURCE_UNIT_PRESERVED;DIRECT_RECORD_DISABLED;SEARCH_RANK_DEMOTED,D114-619000000-0001;D314-619000000-0001,,false,true,
17398,D714-619000000-0001,도라지생채,생채·무침류,해당없음,해당없음,해당없음,100ml,67,100,ml,67,MASS_ALTERNATIVE_AVAILABLE,SOLID_WITH_VOLUME_BASIS;MASS_ALTERNATIVE_FOUND;SOURCE_UNIT_PRESERVED;DIRECT_RECORD_DISABLED;SEARCH_RANK_DEMOTED,D114-619000000-0001;D314-619000000-0001,,false,true,
17400,D514-619000000-0001,도라지생채,생채·무침류,해당없음,해당없음,해당없음,100ml,78,100,ml,78,MASS_ALTERNATIVE_AVAILABLE,SOLID_WITH_VOLUME_BASIS;MASS_ALTERNATIVE_FOUND;SOURCE_UNIT_PRESERVED;DIRECT_RECORD_DISABLED;SEARCH_RANK_DEMOTED,D114-619000000-0001;D314-619000000-0001,,false,true,
17401,D614-619000000-0001,도라지생채,생채·무침류,해당없음,해당없음,해당없음,100ml,78,100,ml,78,MASS_ALTERNATIVE_AVAILABLE,SOLID_WITH_VOLUME_BASIS;MASS_ALTERNATIVE_FOUND;SOURCE_UNIT_PRESERVED;DIRECT_RECORD_DISABLED;SEARCH_RANK_DEMOTED,D114-619000000-0001;D314-619000000-0001,,false,true,
17404,D513-605000000-0001,도라지나물,나물·숙채류,해당없음,해당없음,해당없음,100ml,39,100,ml,39,VOLUME_ONLY_UNRESOLVED,SOLID_WITH_VOLUME_BASIS;VOLUME_ONLY_NO_SAFE_ALTERNATIVE;SOURCE_UNIT_PRESERVED;DIRECT_RECORD_DISABLED;SEARCH_RANK_DEMOTED,,,false,true,
17405,D413-605000000-0001,도라지나물,나물·숙채류,해당없음,해당없음,해당없음,100ml,36,100,ml,36,VOLUME_ONLY_UNRESOLVED,SOLID_WITH_VOLUME_BASIS;VOLUME_ONLY_NO_SAFE_ALTERNATIVE;SOURCE_UNIT_PRESERVED;DIRECT_RECORD_DISABLED;SEARCH_RANK_DEMOTED,,,false,true,
17406,D713-605000000-0001,도라지나물,나물·숙채류,해당없음,해당없음,해당없음,100ml,117,100,ml,117,VOLUME_ONLY_UNRESOLVED,SOLID_WITH_VOLUME_BASIS;VOLUME_ONLY_NO_SAFE_ALTERNATIVE;SOURCE_UNIT_PRESERVED;DIRECT_RECORD_DISABLED;SEARCH_RANK_DEMOTED,,,false,true,
17407,D613-605000000-0001,도라지나물,나물·숙채류,해당없음,해당없음,해당없음,100ml,39,100,ml,39,VOLUME_ONLY_UNRESOLVED,SOLID_WITH_VOLUME_BASIS;VOLUME_ONLY_NO_SAFE_ALTERNATIVE;SOURCE_UNIT_PRESERVED;DIRECT_RECORD_DISABLED;SEARCH_RANK_DEMOTED,,,false,true,
17408,D408-411000000-0001,도다리구이,구이류,해당없음,해당없음,해당없음,100ml,153,100,ml,153,VOLUME_ONLY_UNRESOLVED,SOLID_WITH_VOLUME_BASIS;VOLUME_ONLY_NO_SAFE_ALTERNATIVE;SOURCE_UNIT_PRESERVED;DIRECT_RECORD_DISABLED;SEARCH_RANK_DEMOTED,,,false,true,
17707,D417-695000000-0001,더덕장아찌,장아찌·절임류,해당없음,해당없음,해당없음,100ml,118,100,ml,118,MASS_ALTERNATIVE_AVAILABLE,SOLID_WITH_VOLUME_BASIS;MASS_ALTERNATIVE_FOUND;SOURCE_UNIT_PRESERVED;DIRECT_RECORD_DISABLED;SEARCH_RANK_DEMOTED,D117-695000000-0001,,false,true,
17708,D414-618000000-0001,더덕무침,생채·무침류,해당없음,해당없음,해당없음,100ml,65,100,ml,65,MASS_ALTERNATIVE_AVAILABLE,SOLID_WITH_VOLUME_BASIS;MASS_ALTERNATIVE_FOUND;SOURCE_UNIT_PRESERVED;DIRECT_RECORD_DISABLED;SEARCH_RANK_DEMOTED,D314-618000000-0001,,false,true,
17709,D514-618000000-0001,더덕무침,생채·무침류,해당없음,해당없음,해당없음,100ml,111,100,ml,111,MASS_ALTERNATIVE_AVAILABLE,SOLID_WITH_VOLUME_BASIS;MASS_ALTERNATIVE_FOUND;SOURCE_UNIT_PRESERVED;DIRECT_RECORD_DISABLED;SEARCH_RANK_DEMOTED,D314-618000000-0001,,false,true,
17711,D614-618000000-0001,더덕무침,생채·무침류,해당없음,해당없음,해당없음,100ml,111,100,ml,111,MASS_ALTERNATIVE_AVAILABLE,SOLID_WITH_VOLUME_BASIS;MASS_ALTERNATIVE_FOUND;SOURCE_UNIT_PRESERVED;DIRECT_RECORD_DISABLED;SEARCH_RANK_DEMOTED,D314-618000000-0001,,false,true,
17712,D408-371000000-0001,더덕구이,구이류,해당없음,해당없음,해당없음,100ml,108,100,ml,108,MASS_ALTERNATIVE_AVAILABLE,SOLID_WITH_VOLUME_BASIS;MASS_ALTERNATIVE_FOUND;SOURCE_UNIT_PRESERVED;DIRECT_RECORD_DISABLED;SEARCH_RANK_DEMOTED,D308-371000000-0001,,false,true,
17714,D508-371000000-0001,더덕구이,구이류,해당없음,해당없음,해당없음,100ml,161,100,ml,161,MASS_ALTERNATIVE_AVAILABLE,SOLID_WITH_VOLUME_BASIS;MASS_ALTERNATIVE_FOUND;SOURCE_UNIT_PRESERVED;DIRECT_RECORD_DISABLED;SEARCH_RANK_DEMOTED,D308-371000000-0001,,false,true,
17728,D412-589000000-0001,대구튀김,튀김류,해당없음,해당없음,해당없음,100ml,285,100,ml,285,VOLUME_ONLY_UNRESOLVED,SOLID_WITH_VOLUME_BASIS;VOLUME_ONLY_NO_SAFE_ALTERNATIVE;SOURCE_UNIT_PRESERVED;DIRECT_RECORD_DISABLED;SEARCH_RANK_DEMOTED,,,false,true,
17730,D707-320000000-0001,대구찜,찜류,해당없음,해당없음,해당없음,100ml,57,100,ml,57,MASS_ALTERNATIVE_AVAILABLE,SOLID_WITH_VOLUME_BASIS;MASS_ALTERNATIVE_FOUND;SOURCE_UNIT_PRESERVED;DIRECT_RECORD_DISABLED;SEARCH_RANK_DEMOTED,D307-320000000-0001,,false,true,
17732,D407-320000000-0001,대구찜,찜류,해당없음,해당없음,해당없음,100ml,57,100,ml,57,MASS_ALTERNATIVE_AVAILABLE,SOLID_WITH_VOLUME_BASIS;MASS_ALTERNATIVE_FOUND;SOURCE_UNIT_PRESERVED;DIRECT_RECORD_DISABLED;SEARCH_RANK_DEMOTED,D307-320000000-0001,,false,true,
17737,D407-319000000-0001,대구볼찜,찜류,해당없음,해당없음,해당없음,100ml,45,100,ml,45,VOLUME_ONLY_UNRESOLVED,SOLID_WITH_VOLUME_BASIS;VOLUME_ONLY_NO_SAFE_ALTERNATIVE;SOURCE_UNIT_PRESERVED;DIRECT_RECORD_DISABLED;SEARCH_RANK_DEMOTED,,,false,true,
17830,D712-549160000-0001,닭튀김_양념,튀김류,양념,해당없음,해당없음,100ml,222,100,ml,222,MASS_ALTERNATIVE_AVAILABLE,SOLID_WITH_VOLUME_BASIS;MASS_ALTERNATIVE_FOUND;SOURCE_UNIT_PRESERVED;DIRECT_RECORD_DISABLED;SEARCH_RANK_DEMOTED,D312-549160000-0001,,false,true,
17831,D512-549160000-0001,닭튀김_양념,튀김류,양념,해당없음,해당없음,100ml,183,100,ml,183,MASS_ALTERNATIVE_AVAILABLE,SOLID_WITH_VOLUME_BASIS;MASS_ALTERNATIVE_FOUND;SOURCE_UNIT_PRESERVED;DIRECT_RECORD_DISABLED;SEARCH_RANK_DEMOTED,D312-549160000-0001,,false,true,
17833,D412-549160000-0001,닭튀김_양념,튀김류,양념,해당없음,해당없음,100ml,125,100,ml,125,MASS_ALTERNATIVE_AVAILABLE,SOLID_WITH_VOLUME_BASIS;MASS_ALTERNATIVE_FOUND;SOURCE_UNIT_PRESERVED;DIRECT_RECORD_DISABLED;SEARCH_RANK_DEMOTED,D312-549160000-0001,,false,true,
17834,D612-549160000-0001,닭튀김_양념,튀김류,양념,해당없음,해당없음,100ml,128,100,ml,128,MASS_ALTERNATIVE_AVAILABLE,SOLID_WITH_VOLUME_BASIS;MASS_ALTERNATIVE_FOUND;SOURCE_UNIT_PRESERVED;DIRECT_RECORD_DISABLED;SEARCH_RANK_DEMOTED,D312-549160000-0001,,false,true,
17990,D614-672000000-0001,닭튀김 샐러드,생채·무침류,해당없음,해당없음,해당없음,100ml,79,100,ml,79,VOLUME_ONLY_UNRESOLVED,SOLID_WITH_VOLUME_BASIS;VOLUME_ONLY_NO_SAFE_ALTERNATIVE;SOURCE_UNIT_PRESERVED;DIRECT_RECORD_DISABLED;SEARCH_RANK_DEMOTED,,,false,true,
17991,D414-672000000-0001,닭튀김 샐러드,생채·무침류,해당없음,해당없음,해당없음,100ml,79,100,ml,79,VOLUME_ONLY_UNRESOLVED,SOLID_WITH_VOLUME_BASIS;VOLUME_ONLY_NO_SAFE_ALTERNATIVE;SOURCE_UNIT_PRESERVED;DIRECT_RECORD_DISABLED;SEARCH_RANK_DEMOTED,,,false,true,
17992,D514-672000000-0001,닭튀김 샐러드,생채·무침류,해당없음,해당없음,해당없음,100ml,79,100,ml,79,VOLUME_ONLY_UNRESOLVED,SOLID_WITH_VOLUME_BASIS;VOLUME_ONLY_NO_SAFE_ALTERNATIVE;SOURCE_UNIT_PRESERVED;DIRECT_RECORD_DISABLED;SEARCH_RANK_DEMOTED,,,false,true,
17993,D714-672000000-0001,닭튀김 샐러드,생채·무침류,해당없음,해당없음,해당없음,100ml,79,100,ml,79,VOLUME_ONLY_UNRESOLVED,SOLID_WITH_VOLUME_BASIS;VOLUME_ONLY_NO_SAFE_ALTERNATIVE;SOURCE_UNIT_PRESERVED;DIRECT_RECORD_DISABLED;SEARCH_RANK_DEMOTED,,,false,true,
17995,D612-549000000-0001,닭튀김,튀김류,해당없음,해당없음,해당없음,100ml,153,100,ml,153,MASS_ALTERNATIVE_AVAILABLE,SOLID_WITH_VOLUME_BASIS;MASS_ALTERNATIVE_FOUND;SOURCE_UNIT_PRESERVED;DIRECT_RECORD_DISABLED;SEARCH_RANK_DEMOTED,D312-549000000-0001,,false,true,
17996,D412-549000000-0001,닭튀김,튀김류,해당없음,해당없음,해당없음,100ml,155,100,ml,155,MASS_ALTERNATIVE_AVAILABLE,SOLID_WITH_VOLUME_BASIS;MASS_ALTERNATIVE_FOUND;SOURCE_UNIT_PRESERVED;DIRECT_RECORD_DISABLED;SEARCH_RANK_DEMOTED,D312-549000000-0001,,false,true,
17997,D712-549000000-0001,닭튀김,튀김류,해당없음,해당없음,해당없음,100ml,172,100,ml,172,MASS_ALTERNATIVE_AVAILABLE,SOLID_WITH_VOLUME_BASIS;MASS_ALTERNATIVE_FOUND;SOURCE_UNIT_PRESERVED;DIRECT_RECORD_DISABLED;SEARCH_RANK_DEMOTED,D312-549000000-0001,,false,true,
17998,D512-549000000-0001,닭튀김,튀김류,해당없음,해당없음,해당없음,100ml,183,100,ml,183,MASS_ALTERNATIVE_AVAILABLE,SOLID_WITH_VOLUME_BASIS;MASS_ALTERNATIVE_FOUND;SOURCE_UNIT_PRESERVED;DIRECT_RECORD_DISABLED;SEARCH_RANK_DEMOTED,D312-549000000-0001,,false,true,
18000,D607-318080000-0001,닭찜_매운양념,찜류,매운양념,해당없음,해당없음,100ml,114,100,ml,114,VOLUME_ONLY_UNRESOLVED,SOLID_WITH_VOLUME_BASIS;VOLUME_ONLY_NO_SAFE_ALTERNATIVE;SOURCE_UNIT_PRESERVED;DIRECT_RECORD_DISABLED;SEARCH_RANK_DEMOTED,,,false,true,
18001,D507-318080000-0001,닭찜_매운양념,찜류,매운양념,해당없음,해당없음,100ml,98,100,ml,98,VOLUME_ONLY_UNRESOLVED,SOLID_WITH_VOLUME_BASIS;VOLUME_ONLY_NO_SAFE_ALTERNATIVE;SOURCE_UNIT_PRESERVED;DIRECT_RECORD_DISABLED;SEARCH_RANK_DEMOTED,,,false,true,
18002,D707-318080000-0001,닭찜_매운양념,찜류,매운양념,해당없음,해당없음,100ml,106,100,ml,106,VOLUME_ONLY_UNRESOLVED,SOLID_WITH_VOLUME_BASIS;VOLUME_ONLY_NO_SAFE_ALTERNATIVE;SOURCE_UNIT_PRESERVED;DIRECT_RECORD_DISABLED;SEARCH_RANK_DEMOTED,,,false,true,
18004,D507-318020000-0001,닭찜_간장,찜류,간장,해당없음,해당없음,100ml,102,100,ml,102,VOLUME_ONLY_UNRESOLVED,SOLID_WITH_VOLUME_BASIS;VOLUME_ONLY_NO_SAFE_ALTERNATIVE;SOURCE_UNIT_PRESERVED;DIRECT_RECORD_DISABLED;SEARCH_RANK_DEMOTED,,,false,true,
18005,D407-318020000-0001,닭찜_간장,찜류,간장,해당없음,해당없음,100ml,85,100,ml,85,VOLUME_ONLY_UNRESOLVED,SOLID_WITH_VOLUME_BASIS;VOLUME_ONLY_NO_SAFE_ALTERNATIVE;SOURCE_UNIT_PRESERVED;DIRECT_RECORD_DISABLED;SEARCH_RANK_DEMOTED,,,false,true,
18006,D607-318020000-0001,닭찜_간장,찜류,간장,해당없음,해당없음,100ml,109,100,ml,109,VOLUME_ONLY_UNRESOLVED,SOLID_WITH_VOLUME_BASIS;VOLUME_ONLY_NO_SAFE_ALTERNATIVE;SOURCE_UNIT_PRESERVED;DIRECT_RECORD_DISABLED;SEARCH_RANK_DEMOTED,,,false,true,
18007,D707-318020000-0001,닭찜_간장,찜류,간장,해당없음,해당없음,100ml,111,100,ml,111,VOLUME_ONLY_UNRESOLVED,SOLID_WITH_VOLUME_BASIS;VOLUME_ONLY_NO_SAFE_ALTERNATIVE;SOURCE_UNIT_PRESERVED;DIRECT_RECORD_DISABLED;SEARCH_RANK_DEMOTED,,,false,true,
18009,D707-318000000-0001,닭찜,찜류,해당없음,해당없음,해당없음,100ml,134,100,ml,134,MASS_ALTERNATIVE_AVAILABLE,SOLID_WITH_VOLUME_BASIS;MASS_ALTERNATIVE_FOUND;SOURCE_UNIT_PRESERVED;DIRECT_RECORD_DISABLED;SEARCH_RANK_DEMOTED,D107-318000000-0001,,false,true,
18010,D507-318000000-0001,닭찜,찜류,해당없음,해당없음,해당없음,100ml,134,100,ml,134,MASS_ALTERNATIVE_AVAILABLE,SOLID_WITH_VOLUME_BASIS;MASS_ALTERNATIVE_FOUND;SOURCE_UNIT_PRESERVED;DIRECT_RECORD_DISABLED;SEARCH_RANK_DEMOTED,D107-318000000-0001,,false,true,
18021,D511-515000000-0001,닭조림,조림류,해당없음,해당없음,해당없음,100ml,111,100,ml,111,MASS_ALTERNATIVE_AVAILABLE,SOLID_WITH_VOLUME_BASIS;MASS_ALTERNATIVE_FOUND;SOURCE_UNIT_PRESERVED;DIRECT_RECORD_DISABLED;SEARCH_RANK_DEMOTED,D111-515000000-0001,,false,true,
18022,D611-515000000-0001,닭조림,조림류,해당없음,해당없음,해당없음,100ml,121,100,ml,121,MASS_ALTERNATIVE_AVAILABLE,SOLID_WITH_VOLUME_BASIS;MASS_ALTERNATIVE_FOUND;SOURCE_UNIT_PRESERVED;DIRECT_RECORD_DISABLED;SEARCH_RANK_DEMOTED,D111-515000000-0001,,false,true,
18023,D411-515000000-0001,닭조림,조림류,해당없음,해당없음,해당없음,100ml,66,100,ml,66,MASS_ALTERNATIVE_AVAILABLE,SOLID_WITH_VOLUME_BASIS;MASS_ALTERNATIVE_FOUND;SOURCE_UNIT_PRESERVED;DIRECT_RECORD_DISABLED;SEARCH_RANK_DEMOTED,D111-515000000-0001,,false,true,
18024,D711-515000000-0001,닭조림,조림류,해당없음,해당없음,해당없음,100ml,117,100,ml,117,MASS_ALTERNATIVE_AVAILABLE,SOLID_WITH_VOLUME_BASIS;MASS_ALTERNATIVE_FOUND;SOURCE_UNIT_PRESERVED;DIRECT_RECORD_DISABLED;SEARCH_RANK_DEMOTED,D111-515000000-0001,,false,true,
18027,D610-462204400-0001,닭볶음(닭갈비)_매운양념_치즈,볶음류,매운양념,치즈,해당없음,100ml,168,100,ml,168,VOLUME_ONLY_UNRESOLVED,SOLID_WITH_VOLUME_BASIS;VOLUME_ONLY_NO_SAFE_ALTERNATIVE;SOURCE_UNIT_PRESERVED;DIRECT_RECORD_DISABLED;SEARCH_RANK_DEMOTED,,,false,true,
18028,D510-462200000-0001,닭볶음(닭갈비)_매운양념,볶음류,매운양념,해당없음,해당없음,100ml,132,100,ml,132,VOLUME_ONLY_UNRESOLVED,SOLID_WITH_VOLUME_BASIS;VOLUME_ONLY_NO_SAFE_ALTERNATIVE;SOURCE_UNIT_PRESERVED;DIRECT_RECORD_DISABLED;SEARCH_RANK_DEMOTED,,,false,true,
18029,D710-462200000-0001,닭볶음(닭갈비)_매운양념,볶음류,매운양념,해당없음,해당없음,100ml,165,100,ml,165,VOLUME_ONLY_UNRESOLVED,SOLID_WITH_VOLUME_BASIS;VOLUME_ONLY_NO_SAFE_ALTERNATIVE;SOURCE_UNIT_PRESERVED;DIRECT_RECORD_DISABLED;SEARCH_RANK_DEMOTED,,,false,true,
18030,D610-462200000-0001,닭볶음(닭갈비)_매운양념,볶음류,매운양념,해당없음,해당없음,100ml,131,100,ml,131,VOLUME_ONLY_UNRESOLVED,SOLID_WITH_VOLUME_BASIS;VOLUME_ONLY_NO_SAFE_ALTERNATIVE;SOURCE_UNIT_PRESERVED;DIRECT_RECORD_DISABLED;SEARCH_RANK_DEMOTED,,,false,true,
18035,D410-462000000-0001,닭볶음(닭갈비),볶음류,해당없음,해당없음,해당없음,100ml,166,100,ml,166,MASS_ALTERNATIVE_AVAILABLE,SOLID_WITH_VOLUME_BASIS;MASS_ALTERNATIVE_FOUND;SOURCE_UNIT_PRESERVED;DIRECT_RECORD_DISABLED;SEARCH_RANK_DEMOTED,D110-462000000-0001;D310-462000000-0004,,false,true,
18038,D510-462000000-0001,닭볶음(닭갈비),볶음류,해당없음,해당없음,해당없음,100ml,133,100,ml,133,MASS_ALTERNATIVE_AVAILABLE,SOLID_WITH_VOLUME_BASIS;MASS_ALTERNATIVE_FOUND;SOURCE_UNIT_PRESERVED;DIRECT_RECORD_DISABLED;SEARCH_RANK_DEMOTED,D110-462000000-0001;D310-462000000-0004,,false,true,
18039,D610-462000000-0001,닭볶음(닭갈비),볶음류,해당없음,해당없음,해당없음,100ml,132,100,ml,132,MASS_ALTERNATIVE_AVAILABLE,SOLID_WITH_VOLUME_BASIS;MASS_ALTERNATIVE_FOUND;SOURCE_UNIT_PRESERVED;DIRECT_RECORD_DISABLED;SEARCH_RANK_DEMOTED,D110-462000000-0001;D310-462000000-0004,,false,true,
18040,D710-462000000-0001,닭볶음(닭갈비),볶음류,해당없음,해당없음,해당없음,100ml,166,100,ml,166,MASS_ALTERNATIVE_AVAILABLE,SOLID_WITH_VOLUME_BASIS;MASS_ALTERNATIVE_FOUND;SOURCE_UNIT_PRESERVED;DIRECT_RECORD_DISABLED;SEARCH_RANK_DEMOTED,D110-462000000-0001;D310-462000000-0004,,false,true,
18041,D410-510000000-0001,닭볶음,볶음류,해당없음,해당없음,해당없음,100ml,137,100,ml,137,VOLUME_ONLY_UNRESOLVED,SOLID_WITH_VOLUME_BASIS;VOLUME_ONLY_NO_SAFE_ALTERNATIVE;SOURCE_UNIT_PRESERVED;DIRECT_RECORD_DISABLED;SEARCH_RANK_DEMOTED,,,false,true,
18056,D410-460000000-0001,닭모래집볶음,볶음류,해당없음,해당없음,해당없음,100ml,72,100,ml,72,MASS_ALTERNATIVE_AVAILABLE,SOLID_WITH_VOLUME_BASIS;MASS_ALTERNATIVE_FOUND;SOURCE_UNIT_PRESERVED;DIRECT_RECORD_DISABLED;SEARCH_RANK_DEMOTED,D310-460000000-0001,,false,true,
18058,D611-513000000-0001,닭도리탕,조림류,해당없음,해당없음,해당없음,100ml,116,100,ml,116,CATEGORY_REVIEW_REQUIRED,SOLID_WITH_VOLUME_BASIS;CATEGORY_AMBIGUOUS;SOURCE_UNIT_PRESERVED;DIRECT_RECORD_DISABLED;SEARCH_RANK_DEMOTED;MANUAL_REVIEW_REQUIRED,,,false,true,
18059,D711-513000000-0001,닭도리탕,조림류,해당없음,해당없음,해당없음,100ml,122,100,ml,122,CATEGORY_REVIEW_REQUIRED,SOLID_WITH_VOLUME_BASIS;CATEGORY_AMBIGUOUS;SOURCE_UNIT_PRESERVED;DIRECT_RECORD_DISABLED;SEARCH_RANK_DEMOTED;MANUAL_REVIEW_REQUIRED,,,false,true,
18060,D511-513000000-0001,닭도리탕,조림류,해당없음,해당없음,해당없음,100ml,49,100,ml,49,CATEGORY_REVIEW_REQUIRED,SOLID_WITH_VOLUME_BASIS;CATEGORY_AMBIGUOUS;SOURCE_UNIT_PRESERVED;DIRECT_RECORD_DISABLED;SEARCH_RANK_DEMOTED;MANUAL_REVIEW_REQUIRED,,,false,true,
18061,D411-513000000-0001,닭도리탕,조림류,해당없음,해당없음,해당없음,100ml,78,100,ml,78,CATEGORY_REVIEW_REQUIRED,SOLID_WITH_VOLUME_BASIS;CATEGORY_AMBIGUOUS;SOURCE_UNIT_PRESERVED;DIRECT_RECORD_DISABLED;SEARCH_RANK_DEMOTED;MANUAL_REVIEW_REQUIRED,,,false,true,
18068,D711-546000000-0001,닭다리조림,조림류,해당없음,해당없음,해당없음,100ml,182,100,ml,182,VOLUME_ONLY_UNRESOLVED,SOLID_WITH_VOLUME_BASIS;VOLUME_ONLY_NO_SAFE_ALTERNATIVE;SOURCE_UNIT_PRESERVED;DIRECT_RECORD_DISABLED;SEARCH_RANK_DEMOTED,,,false,true,
18069,D511-546000000-0001,닭다리조림,조림류,해당없음,해당없음,해당없음,100ml,179,100,ml,179,VOLUME_ONLY_UNRESOLVED,SOLID_WITH_VOLUME_BASIS;VOLUME_ONLY_NO_SAFE_ALTERNATIVE;SOURCE_UNIT_PRESERVED;DIRECT_RECORD_DISABLED;SEARCH_RANK_DEMOTED,,,false,true,
18072,D708-367000000-0001,닭다리구이,구이류,해당없음,해당없음,해당없음,100ml,209,100,ml,209,VOLUME_ONLY_UNRESOLVED,SOLID_WITH_VOLUME_BASIS;VOLUME_ONLY_NO_SAFE_ALTERNATIVE;SOURCE_UNIT_PRESERVED;DIRECT_RECORD_DISABLED;SEARCH_RANK_DEMOTED,,,false,true,
18073,D608-367000000-0001,닭다리구이,구이류,해당없음,해당없음,해당없음,100ml,88,100,ml,88,VOLUME_ONLY_UNRESOLVED,SOLID_WITH_VOLUME_BASIS;VOLUME_ONLY_NO_SAFE_ALTERNATIVE;SOURCE_UNIT_PRESERVED;DIRECT_RECORD_DISABLED;SEARCH_RANK_DEMOTED,,,false,true,
18074,D408-367000000-0001,닭다리구이,구이류,해당없음,해당없음,해당없음,100ml,227,100,ml,227,VOLUME_ONLY_UNRESOLVED,SOLID_WITH_VOLUME_BASIS;VOLUME_ONLY_NO_SAFE_ALTERNATIVE;SOURCE_UNIT_PRESERVED;DIRECT_RECORD_DISABLED;SEARCH_RANK_DEMOTED,,,false,true,
18075,D508-367000000-0001,닭다리구이,구이류,해당없음,해당없음,해당없음,100ml,90,100,ml,90,VOLUME_ONLY_UNRESOLVED,SOLID_WITH_VOLUME_BASIS;VOLUME_ONLY_NO_SAFE_ALTERNATIVE;SOURCE_UNIT_PRESERVED;DIRECT_RECORD_DISABLED;SEARCH_RANK_DEMOTED,,,false,true,
18076,D408-366000000-0001,닭날개구이,구이류,해당없음,해당없음,해당없음,100ml,218,100,ml,218,VOLUME_ONLY_UNRESOLVED,SOLID_WITH_VOLUME_BASIS;VOLUME_ONLY_NO_SAFE_ALTERNATIVE;SOURCE_UNIT_PRESERVED;DIRECT_RECORD_DISABLED;SEARCH_RANK_DEMOTED,,,false,true,
18077,D608-366000000-0001,닭날개구이,구이류,해당없음,해당없음,해당없음,100ml,121,100,ml,121,VOLUME_ONLY_UNRESOLVED,SOLID_WITH_VOLUME_BASIS;VOLUME_ONLY_NO_SAFE_ALTERNATIVE;SOURCE_UNIT_PRESERVED;DIRECT_RECORD_DISABLED;SEARCH_RANK_DEMOTED,,,false,true,
18078,D708-366000000-0001,닭날개구이,구이류,해당없음,해당없음,해당없음,100ml,218,100,ml,218,VOLUME_ONLY_UNRESOLVED,SOLID_WITH_VOLUME_BASIS;VOLUME_ONLY_NO_SAFE_ALTERNATIVE;SOURCE_UNIT_PRESERVED;DIRECT_RECORD_DISABLED;SEARCH_RANK_DEMOTED,,,false,true,
18079,D508-366000000-0001,닭날개구이,구이류,해당없음,해당없음,해당없음,100ml,129,100,ml,129,VOLUME_ONLY_UNRESOLVED,SOLID_WITH_VOLUME_BASIS;VOLUME_ONLY_NO_SAFE_ALTERNATIVE;SOURCE_UNIT_PRESERVED;DIRECT_RECORD_DISABLED;SEARCH_RANK_DEMOTED,,,false,true,
18080,D408-410000000-0001,닭꼬치구이,구이류,해당없음,해당없음,해당없음,100ml,181,100,ml,181,VOLUME_ONLY_UNRESOLVED,SOLID_WITH_VOLUME_BASIS;VOLUME_ONLY_NO_SAFE_ALTERNATIVE;SOURCE_UNIT_PRESERVED;DIRECT_RECORD_DISABLED;SEARCH_RANK_DEMOTED,,,false,true,
18083,D708-365000000-0001,닭구이,구이류,해당없음,해당없음,해당없음,100ml,119,100,ml,119,MASS_ALTERNATIVE_AVAILABLE,SOLID_WITH_VOLUME_BASIS;MASS_ALTERNATIVE_FOUND;SOURCE_UNIT_PRESERVED;DIRECT_RECORD_DISABLED;SEARCH_RANK_DEMOTED,D108-365000000-0001,,false,true,
18085,D508-365000000-0001,닭구이,구이류,해당없음,해당없음,해당없음,100ml,96,100,ml,96,MASS_ALTERNATIVE_AVAILABLE,SOLID_WITH_VOLUME_BASIS;MASS_ALTERNATIVE_FOUND;SOURCE_UNIT_PRESERVED;DIRECT_RECORD_DISABLED;SEARCH_RANK_DEMOTED,D108-365000000-0001,,false,true,
18086,D608-365000000-0001,닭구이,구이류,해당없음,해당없음,해당없음,100ml,110,100,ml,110,MASS_ALTERNATIVE_AVAILABLE,SOLID_WITH_VOLUME_BASIS;MASS_ALTERNATIVE_FOUND;SOURCE_UNIT_PRESERVED;DIRECT_RECORD_DISABLED;SEARCH_RANK_DEMOTED,D108-365000000-0001,,false,true,
18087,D408-365000000-0001,닭구이,구이류,해당없음,해당없음,해당없음,100ml,76,100,ml,76,MASS_ALTERNATIVE_AVAILABLE,SOLID_WITH_VOLUME_BASIS;MASS_ALTERNATIVE_FOUND;SOURCE_UNIT_PRESERVED;DIRECT_RECORD_DISABLED;SEARCH_RANK_DEMOTED,D108-365000000-0001,,false,true,
18097,D614-671000000-0001,닭고기냉채,생채·무침류,해당없음,해당없음,해당없음,100ml,64,100,ml,64,VOLUME_ONLY_UNRESOLVED,SOLID_WITH_VOLUME_BASIS;VOLUME_ONLY_NO_SAFE_ALTERNATIVE;SOURCE_UNIT_PRESERVED;DIRECT_RECORD_DISABLED;SEARCH_RANK_DEMOTED,,,false,true,
18098,D414-671000000-0001,닭고기냉채,생채·무침류,해당없음,해당없음,해당없음,100ml,72,100,ml,72,VOLUME_ONLY_UNRESOLVED,SOLID_WITH_VOLUME_BASIS;VOLUME_ONLY_NO_SAFE_ALTERNATIVE;SOURCE_UNIT_PRESERVED;DIRECT_RECORD_DISABLED;SEARCH_RANK_DEMOTED,,,false,true,
18099,D714-671000000-0001,닭고기냉채,생채·무침류,해당없음,해당없음,해당없음,100ml,73,100,ml,73,VOLUME_ONLY_UNRESOLVED,SOLID_WITH_VOLUME_BASIS;VOLUME_ONLY_NO_SAFE_ALTERNATIVE;SOURCE_UNIT_PRESERVED;DIRECT_RECORD_DISABLED;SEARCH_RANK_DEMOTED,,,false,true,
18100,D412-588000000-0001,닭고기 탕수,튀김류,해당없음,해당없음,해당없음,100ml,95,100,ml,95,VOLUME_ONLY_UNRESOLVED,SOLID_WITH_VOLUME_BASIS;VOLUME_ONLY_NO_SAFE_ALTERNATIVE;SOURCE_UNIT_PRESERVED;DIRECT_RECORD_DISABLED;SEARCH_RANK_DEMOTED,,,false,true,
18101,D712-588000000-0001,닭고기 탕수,튀김류,해당없음,해당없음,해당없음,100ml,95,100,ml,95,VOLUME_ONLY_UNRESOLVED,SOLID_WITH_VOLUME_BASIS;VOLUME_ONLY_NO_SAFE_ALTERNATIVE;SOURCE_UNIT_PRESERVED;DIRECT_RECORD_DISABLED;SEARCH_RANK_DEMOTED,,,false,true,
18102,D514-670000000-0001,닭고기 샐러드,생채·무침류,해당없음,해당없음,해당없음,100ml,88,100,ml,88,VOLUME_ONLY_UNRESOLVED,SOLID_WITH_VOLUME_BASIS;VOLUME_ONLY_NO_SAFE_ALTERNATIVE;SOURCE_UNIT_PRESERVED;DIRECT_RECORD_DISABLED;SEARCH_RANK_DEMOTED,,,false,true,
18103,D714-670000000-0001,닭고기 샐러드,생채·무침류,해당없음,해당없음,해당없음,100ml,109,100,ml,109,VOLUME_ONLY_UNRESOLVED,SOLID_WITH_VOLUME_BASIS;VOLUME_ONLY_NO_SAFE_ALTERNATIVE;SOURCE_UNIT_PRESERVED;DIRECT_RECORD_DISABLED;SEARCH_RANK_DEMOTED,,,false,true,
18104,D614-670000000-0001,닭고기 샐러드,생채·무침류,해당없음,해당없음,해당없음,100ml,88,100,ml,88,VOLUME_ONLY_UNRESOLVED,SOLID_WITH_VOLUME_BASIS;VOLUME_ONLY_NO_SAFE_ALTERNATIVE;SOURCE_UNIT_PRESERVED;DIRECT_RECORD_DISABLED;SEARCH_RANK_DEMOTED,,,false,true,
18109,D701-062000000-0001,닭고기 덮밥,밥류,해당없음,해당없음,해당없음,100ml,97,100,ml,97,VOLUME_ONLY_UNRESOLVED,SOLID_WITH_VOLUME_BASIS;VOLUME_ONLY_NO_SAFE_ALTERNATIVE;SOURCE_UNIT_PRESERVED;DIRECT_RECORD_DISABLED;SEARCH_RANK_DEMOTED,,,false,true,
18110,D501-062000000-0001,닭고기 덮밥,밥류,해당없음,해당없음,해당없음,100ml,102,100,ml,102,VOLUME_ONLY_UNRESOLVED,SOLID_WITH_VOLUME_BASIS;VOLUME_ONLY_NO_SAFE_ALTERNATIVE;SOURCE_UNIT_PRESERVED;DIRECT_RECORD_DISABLED;SEARCH_RANK_DEMOTED,,,false,true,
18111,D401-062000000-0001,닭고기 덮밥,밥류,해당없음,해당없음,해당없음,100ml,89,100,ml,89,VOLUME_ONLY_UNRESOLVED,SOLID_WITH_VOLUME_BASIS;VOLUME_ONLY_NO_SAFE_ALTERNATIVE;SOURCE_UNIT_PRESERVED;DIRECT_RECORD_DISABLED;SEARCH_RANK_DEMOTED,,,false,true,
18112,D601-062000000-0001,닭고기 덮밥,밥류,해당없음,해당없음,해당없음,100ml,102,100,ml,102,VOLUME_ONLY_UNRESOLVED,SOLID_WITH_VOLUME_BASIS;VOLUME_ONLY_NO_SAFE_ALTERNATIVE;SOURCE_UNIT_PRESERVED;DIRECT_RECORD_DISABLED;SEARCH_RANK_DEMOTED,,,false,true,
18113,D712-587000000-0001,닭강정,튀김류,해당없음,해당없음,해당없음,100ml,219,100,ml,219,VOLUME_ONLY_UNRESOLVED,SOLID_WITH_VOLUME_BASIS;VOLUME_ONLY_NO_SAFE_ALTERNATIVE;SOURCE_UNIT_PRESERVED;DIRECT_RECORD_DISABLED;SEARCH_RANK_DEMOTED,,,false,true,
18114,D412-587000000-0001,닭강정,튀김류,해당없음,해당없음,해당없음,100ml,219,100,ml,219,VOLUME_ONLY_UNRESOLVED,SOLID_WITH_VOLUME_BASIS;VOLUME_ONLY_NO_SAFE_ALTERNATIVE;SOURCE_UNIT_PRESERVED;DIRECT_RECORD_DISABLED;SEARCH_RANK_DEMOTED,,,false,true,
18115,D612-587000000-0001,닭강정,튀김류,해당없음,해당없음,해당없음,100ml,146,100,ml,146,VOLUME_ONLY_UNRESOLVED,SOLID_WITH_VOLUME_BASIS;VOLUME_ONLY_NO_SAFE_ALTERNATIVE;SOURCE_UNIT_PRESERVED;DIRECT_RECORD_DISABLED;SEARCH_RANK_DEMOTED,,,false,true,
18116,D512-587000000-0001,닭강정,튀김류,해당없음,해당없음,해당없음,100ml,146,100,ml,146,VOLUME_ONLY_UNRESOLVED,SOLID_WITH_VOLUME_BASIS;VOLUME_ONLY_NO_SAFE_ALTERNATIVE;SOURCE_UNIT_PRESERVED;DIRECT_RECORD_DISABLED;SEARCH_RANK_DEMOTED,,,false,true,
18117,D414-669110000-0001,닭가슴살 샐러드_마요네즈,생채·무침류,마요네즈,해당없음,해당없음,100ml,54,100,ml,54,VOLUME_ONLY_UNRESOLVED,SOLID_WITH_VOLUME_BASIS;VOLUME_ONLY_NO_SAFE_ALTERNATIVE;SOURCE_UNIT_PRESERVED;DIRECT_RECORD_DISABLED;SEARCH_RANK_DEMOTED,,,false,true,
18118,D414-669460000-0001,닭가슴살 샐러드_드레싱,생채·무침류,드레싱,해당없음,해당없음,100ml,37,100,ml,37,VOLUME_ONLY_UNRESOLVED,SOLID_WITH_VOLUME_BASIS;VOLUME_ONLY_NO_SAFE_ALTERNATIVE;SOURCE_UNIT_PRESERVED;DIRECT_RECORD_DISABLED;SEARCH_RANK_DEMOTED,,,false,true,
18119,D714-669460000-0001,닭가슴살 샐러드_드레싱,생채·무침류,드레싱,해당없음,해당없음,100ml,37,100,ml,37,VOLUME_ONLY_UNRESOLVED,SOLID_WITH_VOLUME_BASIS;VOLUME_ONLY_NO_SAFE_ALTERNATIVE;SOURCE_UNIT_PRESERVED;DIRECT_RECORD_DISABLED;SEARCH_RANK_DEMOTED,,,false,true,
18120,D714-617260000-0001,달래무침_오이,생채·무침류,오이,해당없음,해당없음,100ml,52,100,ml,52,VOLUME_ONLY_UNRESOLVED,SOLID_WITH_VOLUME_BASIS;VOLUME_ONLY_NO_SAFE_ALTERNATIVE;SOURCE_UNIT_PRESERVED;DIRECT_RECORD_DISABLED;SEARCH_RANK_DEMOTED,,,false,true,
18122,D414-617000000-0001,달래무침,생채·무침류,해당없음,해당없음,해당없음,100ml,34,100,ml,34,MASS_ALTERNATIVE_AVAILABLE,SOLID_WITH_VOLUME_BASIS;MASS_ALTERNATIVE_FOUND;SOURCE_UNIT_PRESERVED;DIRECT_RECORD_DISABLED;SEARCH_RANK_DEMOTED,D114-617000000-0001;D314-617000000-0001,,false,true,
18123,D714-617000000-0001,달래무침,생채·무침류,해당없음,해당없음,해당없음,100ml,68,100,ml,68,MASS_ALTERNATIVE_AVAILABLE,SOLID_WITH_VOLUME_BASIS;MASS_ALTERNATIVE_FOUND;SOURCE_UNIT_PRESERVED;DIRECT_RECORD_DISABLED;SEARCH_RANK_DEMOTED,D114-617000000-0001;D314-617000000-0001,,false,true,
18124,D614-617000000-0001,달래무침,생채·무침류,해당없음,해당없음,해당없음,100ml,82,100,ml,82,MASS_ALTERNATIVE_AVAILABLE,SOLID_WITH_VOLUME_BASIS;MASS_ALTERNATIVE_FOUND;SOURCE_UNIT_PRESERVED;DIRECT_RECORD_DISABLED;SEARCH_RANK_DEMOTED,D114-617000000-0001;D314-617000000-0001,,false,true,
18128,D609-449000000-0001,달걀후라이,전·적 및 부침류,해당없음,해당없음,해당없음,100ml,178,100,ml,178,VOLUME_ONLY_UNRESOLVED,SOLID_WITH_VOLUME_BASIS;VOLUME_ONLY_NO_SAFE_ALTERNATIVE;SOURCE_UNIT_PRESERVED;DIRECT_RECORD_DISABLED;SEARCH_RANK_DEMOTED,,,false,true,
18129,D709-449000000-0001,달걀후라이,전·적 및 부침류,해당없음,해당없음,해당없음,100ml,184,100,ml,184,VOLUME_ONLY_UNRESOLVED,SOLID_WITH_VOLUME_BASIS;VOLUME_ONLY_NO_SAFE_ALTERNATIVE;SOURCE_UNIT_PRESERVED;DIRECT_RECORD_DISABLED;SEARCH_RANK_DEMOTED,,,false,true,
18130,D412-586000000-0001,달걀튀김,튀김류,해당없음,해당없음,해당없음,100ml,256,100,ml,256,VOLUME_ONLY_UNRESOLVED,SOLID_WITH_VOLUME_BASIS;VOLUME_ONLY_NO_SAFE_ALTERNATIVE;SOURCE_UNIT_PRESERVED;DIRECT_RECORD_DISABLED;SEARCH_RANK_DEMOTED,,,false,true,
18134,D507-317120000-0001,달걀찜_새우젓,찜류,새우젓,해당없음,해당없음,100ml,71,100,ml,71,MASS_ALTERNATIVE_AVAILABLE,SOLID_WITH_VOLUME_BASIS;MASS_ALTERNATIVE_FOUND;SOURCE_UNIT_PRESERVED;DIRECT_RECORD_DISABLED;SEARCH_RANK_DEMOTED,D107-317120000-0001,,false,true,
18136,D607-317120000-0001,달걀찜_새우젓,찜류,새우젓,해당없음,해당없음,100ml,71,100,ml,71,MASS_ALTERNATIVE_AVAILABLE,SOLID_WITH_VOLUME_BASIS;MASS_ALTERNATIVE_FOUND;SOURCE_UNIT_PRESERVED;DIRECT_RECORD_DISABLED;SEARCH_RANK_DEMOTED,D107-317120000-0001,,false,true,
18137,D407-317120000-0001,달걀찜_새우젓,찜류,새우젓,해당없음,해당없음,100ml,44,100,ml,44,MASS_ALTERNATIVE_AVAILABLE,SOLID_WITH_VOLUME_BASIS;MASS_ALTERNATIVE_FOUND;SOURCE_UNIT_PRESERVED;DIRECT_RECORD_DISABLED;SEARCH_RANK_DEMOTED,D107-317120000-0001,,false,true,
18138,D507-317070000-0001,달걀찜_두부,찜류,두부,해당없음,해당없음,100ml,75,100,ml,75,VOLUME_ONLY_UNRESOLVED,SOLID_WITH_VOLUME_BASIS;VOLUME_ONLY_NO_SAFE_ALTERNATIVE;SOURCE_UNIT_PRESERVED;DIRECT_RECORD_DISABLED;SEARCH_RANK_DEMOTED,,,false,true,
18139,D507-317050000-0001,달걀찜_당근,찜류,당근,해당없음,해당없음,100ml,64,100,ml,64,VOLUME_ONLY_UNRESOLVED,SOLID_WITH_VOLUME_BASIS;VOLUME_ONLY_NO_SAFE_ALTERNATIVE;SOURCE_UNIT_PRESERVED;DIRECT_RECORD_DISABLED;SEARCH_RANK_DEMOTED,,,false,true,
18140,D607-317050000-0001,달걀찜_당근,찜류,당근,해당없음,해당없음,100ml,69,100,ml,69,VOLUME_ONLY_UNRESOLVED,SOLID_WITH_VOLUME_BASIS;VOLUME_ONLY_NO_SAFE_ALTERNATIVE;SOURCE_UNIT_PRESERVED;DIRECT_RECORD_DISABLED;SEARCH_RANK_DEMOTED,,,false,true,
18141,D707-317050000-0001,달걀찜_당근,찜류,당근,해당없음,해당없음,100ml,69,100,ml,69,VOLUME_ONLY_UNRESOLVED,SOLID_WITH_VOLUME_BASIS;VOLUME_ONLY_NO_SAFE_ALTERNATIVE;SOURCE_UNIT_PRESERVED;DIRECT_RECORD_DISABLED;SEARCH_RANK_DEMOTED,,,false,true,
18143,D707-317000000-0001,달걀찜,찜류,해당없음,해당없음,해당없음,100ml,119,100,ml,119,VOLUME_ONLY_UNRESOLVED,SOLID_WITH_VOLUME_BASIS;VOLUME_ONLY_NO_SAFE_ALTERNATIVE;SOURCE_UNIT_PRESERVED;DIRECT_RECORD_DISABLED;SEARCH_RANK_DEMOTED,,,false,true,
18144,D607-317000000-0001,달걀찜,찜류,해당없음,해당없음,해당없음,100ml,119,100,ml,119,VOLUME_ONLY_UNRESOLVED,SOLID_WITH_VOLUME_BASIS;VOLUME_ONLY_NO_SAFE_ALTERNATIVE;SOURCE_UNIT_PRESERVED;DIRECT_RECORD_DISABLED;SEARCH_RANK_DEMOTED,,,false,true,
18145,D507-317000000-0001,달걀찜,찜류,해당없음,해당없음,해당없음,100ml,119,100,ml,119,VOLUME_ONLY_UNRESOLVED,SOLID_WITH_VOLUME_BASIS;VOLUME_ONLY_NO_SAFE_ALTERNATIVE;SOURCE_UNIT_PRESERVED;DIRECT_RECORD_DISABLED;SEARCH_RANK_DEMOTED,,,false,true,
18146,D407-317000000-0001,달걀찜,찜류,해당없음,해당없음,해당없음,100ml,119,100,ml,119,VOLUME_ONLY_UNRESOLVED,SOLID_WITH_VOLUME_BASIS;VOLUME_ONLY_NO_SAFE_ALTERNATIVE;SOURCE_UNIT_PRESERVED;DIRECT_RECORD_DISABLED;SEARCH_RANK_DEMOTED,,,false,true,
18147,D711-512000000-0001,달걀조림,조림류,해당없음,해당없음,해당없음,100ml,84,100,ml,84,VOLUME_ONLY_UNRESOLVED,SOLID_WITH_VOLUME_BASIS;VOLUME_ONLY_NO_SAFE_ALTERNATIVE;SOURCE_UNIT_PRESERVED;DIRECT_RECORD_DISABLED;SEARCH_RANK_DEMOTED,,,false,true,
18148,D411-512000000-0001,달걀조림,조림류,해당없음,해당없음,해당없음,100ml,109,100,ml,109,VOLUME_ONLY_UNRESOLVED,SOLID_WITH_VOLUME_BASIS;VOLUME_ONLY_NO_SAFE_ALTERNATIVE;SOURCE_UNIT_PRESERVED;DIRECT_RECORD_DISABLED;SEARCH_RANK_DEMOTED,,,false,true,
18149,D611-512000000-0001,달걀조림,조림류,해당없음,해당없음,해당없음,100ml,84,100,ml,84,VOLUME_ONLY_UNRESOLVED,SOLID_WITH_VOLUME_BASIS;VOLUME_ONLY_NO_SAFE_ALTERNATIVE;SOURCE_UNIT_PRESERVED;DIRECT_RECORD_DISABLED;SEARCH_RANK_DEMOTED,,,false,true,
18150,D511-512000000-0001,달걀조림,조림류,해당없음,해당없음,해당없음,100ml,84,100,ml,84,VOLUME_ONLY_UNRESOLVED,SOLID_WITH_VOLUME_BASIS;VOLUME_ONLY_NO_SAFE_ALTERNATIVE;SOURCE_UNIT_PRESERVED;DIRECT_RECORD_DISABLED;SEARCH_RANK_DEMOTED,,,false,true,
18152,D609-417000000-0001,달걀부침(달걀후라이),전·적 및 부침류,해당없음,해당없음,해당없음,100ml,178,100,ml,178,MASS_ALTERNATIVE_AVAILABLE,SOLID_WITH_VOLUME_BASIS;MASS_ALTERNATIVE_FOUND;SOURCE_UNIT_PRESERVED;DIRECT_RECORD_DISABLED;SEARCH_RANK_DEMOTED,D109-417000000-0001,,false,true,
18153,D709-417000000-0001,달걀부침(달걀후라이),전·적 및 부침류,해당없음,해당없음,해당없음,100ml,184,100,ml,184,MASS_ALTERNATIVE_AVAILABLE,SOLID_WITH_VOLUME_BASIS;MASS_ALTERNATIVE_FOUND;SOURCE_UNIT_PRESERVED;DIRECT_RECORD_DISABLED;SEARCH_RANK_DEMOTED,D109-417000000-0001,,false,true,
18154,D409-417000000-0001,달걀부침(달걀후라이),전·적 및 부침류,해당없음,해당없음,해당없음,100ml,156,100,ml,156,MASS_ALTERNATIVE_AVAILABLE,SOLID_WITH_VOLUME_BASIS;MASS_ALTERNATIVE_FOUND;SOURCE_UNIT_PRESERVED;DIRECT_RECORD_DISABLED;SEARCH_RANK_DEMOTED,D109-417000000-0001,,false,true,
18156,D509-416125800-0001,달걀말이_햄_김,전·적 및 부침류,햄,김,해당없음,100ml,193,100,ml,193,VOLUME_ONLY_UNRESOLVED,SOLID_WITH_VOLUME_BASIS;VOLUME_ONLY_NO_SAFE_ALTERNATIVE;SOURCE_UNIT_PRESERVED;DIRECT_RECORD_DISABLED;SEARCH_RANK_DEMOTED,,,false,true,
18157,D509-416090000-0001,달걀말이_채소,전·적 및 부침류,채소,해당없음,해당없음,100ml,181,100,ml,181,MASS_ALTERNATIVE_AVAILABLE,SOLID_WITH_VOLUME_BASIS;MASS_ALTERNATIVE_FOUND;SOURCE_UNIT_PRESERVED;DIRECT_RECORD_DISABLED;SEARCH_RANK_DEMOTED,D309-416090000-0001,,false,true,
18158,D609-416090000-0001,달걀말이_채소,전·적 및 부침류,채소,해당없음,해당없음,100ml,167,100,ml,167,MASS_ALTERNATIVE_AVAILABLE,SOLID_WITH_VOLUME_BASIS;MASS_ALTERNATIVE_FOUND;SOURCE_UNIT_PRESERVED;DIRECT_RECORD_DISABLED;SEARCH_RANK_DEMOTED,D309-416090000-0001,,false,true,
18160,D709-416090000-0001,달걀말이_채소,전·적 및 부침류,채소,해당없음,해당없음,100ml,161,100,ml,161,MASS_ALTERNATIVE_AVAILABLE,SOLID_WITH_VOLUME_BASIS;MASS_ALTERNATIVE_FOUND;SOURCE_UNIT_PRESERVED;DIRECT_RECORD_DISABLED;SEARCH_RANK_DEMOTED,D309-416090000-0001,,false,true,
18161,D409-416090000-0001,달걀말이_채소,전·적 및 부침류,채소,해당없음,해당없음,100ml,95,100,ml,95,MASS_ALTERNATIVE_AVAILABLE,SOLID_WITH_VOLUME_BASIS;MASS_ALTERNATIVE_FOUND;SOURCE_UNIT_PRESERVED;DIRECT_RECORD_DISABLED;SEARCH_RANK_DEMOTED,D309-416090000-0001,,false,true,
18162,D709-416150000-0001,달걀말이_부추,전·적 및 부침류,부추,해당없음,해당없음,100ml,102,100,ml,102,VOLUME_ONLY_UNRESOLVED,SOLID_WITH_VOLUME_BASIS;VOLUME_ONLY_NO_SAFE_ALTERNATIVE;SOURCE_UNIT_PRESERVED;DIRECT_RECORD_DISABLED;SEARCH_RANK_DEMOTED,,,false,true,
18163,D609-416150000-0001,달걀말이_부추,전·적 및 부침류,부추,해당없음,해당없음,100ml,102,100,ml,102,VOLUME_ONLY_UNRESOLVED,SOLID_WITH_VOLUME_BASIS;VOLUME_ONLY_NO_SAFE_ALTERNATIVE;SOURCE_UNIT_PRESERVED;DIRECT_RECORD_DISABLED;SEARCH_RANK_DEMOTED,,,false,true,
18164,D409-416150000-0001,달걀말이_부추,전·적 및 부침류,부추,해당없음,해당없음,100ml,102,100,ml,102,VOLUME_ONLY_UNRESOLVED,SOLID_WITH_VOLUME_BASIS;VOLUME_ONLY_NO_SAFE_ALTERNATIVE;SOURCE_UNIT_PRESERVED;DIRECT_RECORD_DISABLED;SEARCH_RANK_DEMOTED,,,false,true,
18165,D509-416150000-0001,달걀말이_부추,전·적 및 부침류,부추,해당없음,해당없음,100ml,102,100,ml,102,VOLUME_ONLY_UNRESOLVED,SOLID_WITH_VOLUME_BASIS;VOLUME_ONLY_NO_SAFE_ALTERNATIVE;SOURCE_UNIT_PRESERVED;DIRECT_RECORD_DISABLED;SEARCH_RANK_DEMOTED,,,false,true,
18167,D609-416000000-0001,달걀말이,전·적 및 부침류,해당없음,해당없음,해당없음,100ml,169,100,ml,169,MASS_ALTERNATIVE_AVAILABLE,SOLID_WITH_VOLUME_BASIS;MASS_ALTERNATIVE_FOUND;SOURCE_UNIT_PRESERVED;DIRECT_RECORD_DISABLED;SEARCH_RANK_DEMOTED,D109-416000000-0001,,false,true,
18169,D709-416000000-0001,달걀말이,전·적 및 부침류,해당없음,해당없음,해당없음,100ml,176,100,ml,176,MASS_ALTERNATIVE_AVAILABLE,SOLID_WITH_VOLUME_BASIS;MASS_ALTERNATIVE_FOUND;SOURCE_UNIT_PRESERVED;DIRECT_RECORD_DISABLED;SEARCH_RANK_DEMOTED,D109-416000000-0001,,false,true,
18170,D509-416000000-0001,달걀말이,전·적 및 부침류,해당없음,해당없음,해당없음,100ml,169,100,ml,169,MASS_ALTERNATIVE_AVAILABLE,SOLID_WITH_VOLUME_BASIS;MASS_ALTERNATIVE_FOUND;SOURCE_UNIT_PRESERVED;DIRECT_RECORD_DISABLED;SEARCH_RANK_DEMOTED,D109-416000000-0001,,false,true,
18180,D614-668000000-0001,달걀 샐러드,생채·무침류,해당없음,해당없음,해당없음,100ml,96,100,ml,96,VOLUME_ONLY_UNRESOLVED,SOLID_WITH_VOLUME_BASIS;VOLUME_ONLY_NO_SAFE_ALTERNATIVE;SOURCE_UNIT_PRESERVED;DIRECT_RECORD_DISABLED;SEARCH_RANK_DEMOTED,,,false,true,
18181,D414-668000000-0001,달걀 샐러드,생채·무침류,해당없음,해당없음,해당없음,100ml,165,100,ml,165,VOLUME_ONLY_UNRESOLVED,SOLID_WITH_VOLUME_BASIS;VOLUME_ONLY_NO_SAFE_ALTERNATIVE;SOURCE_UNIT_PRESERVED;DIRECT_RECORD_DISABLED;SEARCH_RANK_DEMOTED,,,false,true,
18182,D714-668000000-0001,달걀 샐러드,생채·무침류,해당없음,해당없음,해당없음,100ml,158,100,ml,158,VOLUME_ONLY_UNRESOLVED,SOLID_WITH_VOLUME_BASIS;VOLUME_ONLY_NO_SAFE_ALTERNATIVE;SOURCE_UNIT_PRESERVED;DIRECT_RECORD_DISABLED;SEARCH_RANK_DEMOTED,,,false,true,
18183,D407-316000000-0001,단호박찜,찜류,해당없음,해당없음,해당없음,100ml,41,100,ml,41,VOLUME_ONLY_UNRESOLVED,SOLID_WITH_VOLUME_BASIS;VOLUME_ONLY_NO_SAFE_ALTERNATIVE;SOURCE_UNIT_PRESERVED;DIRECT_RECORD_DISABLED;SEARCH_RANK_DEMOTED,,,false,true,
18184,D711-545000000-0001,단호박조림,조림류,해당없음,해당없음,해당없음,100ml,71,100,ml,71,VOLUME_ONLY_UNRESOLVED,SOLID_WITH_VOLUME_BASIS;VOLUME_ONLY_NO_SAFE_ALTERNATIVE;SOURCE_UNIT_PRESERVED;DIRECT_RECORD_DISABLED;SEARCH_RANK_DEMOTED,,,false,true,
18185,D511-545000000-0001,단호박조림,조림류,해당없음,해당없음,해당없음,100ml,99,100,ml,99,VOLUME_ONLY_UNRESOLVED,SOLID_WITH_VOLUME_BASIS;VOLUME_ONLY_NO_SAFE_ALTERNATIVE;SOURCE_UNIT_PRESERVED;DIRECT_RECORD_DISABLED;SEARCH_RANK_DEMOTED,,,false,true,
18186,D411-545000000-0001,단호박조림,조림류,해당없음,해당없음,해당없음,100ml,71,100,ml,71,VOLUME_ONLY_UNRESOLVED,SOLID_WITH_VOLUME_BASIS;VOLUME_ONLY_NO_SAFE_ALTERNATIVE;SOURCE_UNIT_PRESERVED;DIRECT_RECORD_DISABLED;SEARCH_RANK_DEMOTED,,,false,true,
18187,D414-667000000-0001,단호박 샐러드,생채·무침류,해당없음,해당없음,해당없음,100ml,125,100,ml,125,VOLUME_ONLY_UNRESOLVED,SOLID_WITH_VOLUME_BASIS;VOLUME_ONLY_NO_SAFE_ALTERNATIVE;SOURCE_UNIT_PRESERVED;DIRECT_RECORD_DISABLED;SEARCH_RANK_DEMOTED,,,false,true,
18188,D414-616000000-0001,단무지무침,생채·무침류,해당없음,해당없음,해당없음,100ml,16,100,ml,16,MASS_ALTERNATIVE_AVAILABLE,SOLID_WITH_VOLUME_BASIS;MASS_ALTERNATIVE_FOUND;SOURCE_UNIT_PRESERVED;DIRECT_RECORD_DISABLED;SEARCH_RANK_DEMOTED,D314-616000000-0001,,false,true,
18189,D514-616000000-0001,단무지무침,생채·무침류,해당없음,해당없음,해당없음,100ml,34,100,ml,34,MASS_ALTERNATIVE_AVAILABLE,SOLID_WITH_VOLUME_BASIS;MASS_ALTERNATIVE_FOUND;SOURCE_UNIT_PRESERVED;DIRECT_RECORD_DISABLED;SEARCH_RANK_DEMOTED,D314-616000000-0001,,false,true,
18190,D614-616000000-0001,단무지무침,생채·무침류,해당없음,해당없음,해당없음,100ml,33,100,ml,33,MASS_ALTERNATIVE_AVAILABLE,SOLID_WITH_VOLUME_BASIS;MASS_ALTERNATIVE_FOUND;SOURCE_UNIT_PRESERVED;DIRECT_RECORD_DISABLED;SEARCH_RANK_DEMOTED,D314-616000000-0001,,false,true,
18191,D714-616000000-0001,단무지무침,생채·무침류,해당없음,해당없음,해당없음,100ml,41,100,ml,41,MASS_ALTERNATIVE_AVAILABLE,SOLID_WITH_VOLUME_BASIS;MASS_ALTERNATIVE_FOUND;SOURCE_UNIT_PRESERVED;DIRECT_RECORD_DISABLED;SEARCH_RANK_DEMOTED,D314-616000000-0001,,false,true,
18196,D712-546000000-0001,다시마튀각,튀김류,해당없음,해당없음,해당없음,100ml,246,100,ml,246,MASS_ALTERNATIVE_AVAILABLE,SOLID_WITH_VOLUME_BASIS;MASS_ALTERNATIVE_FOUND;SOURCE_UNIT_PRESERVED;DIRECT_RECORD_DISABLED;SEARCH_RANK_DEMOTED,D112-546000000-0001,,false,true,
18198,D512-546000000-0001,다시마튀각,튀김류,해당없음,해당없음,해당없음,100ml,232,100,ml,232,MASS_ALTERNATIVE_AVAILABLE,SOLID_WITH_VOLUME_BASIS;MASS_ALTERNATIVE_FOUND;SOURCE_UNIT_PRESERVED;DIRECT_RECORD_DISABLED;SEARCH_RANK_DEMOTED,D112-546000000-0001,,false,true,
18199,D611-544000000-0001,다시마조림,조림류,해당없음,해당없음,해당없음,100ml,61,100,ml,61,VOLUME_ONLY_UNRESOLVED,SOLID_WITH_VOLUME_BASIS;VOLUME_ONLY_NO_SAFE_ALTERNATIVE;SOURCE_UNIT_PRESERVED;DIRECT_RECORD_DISABLED;SEARCH_RANK_DEMOTED,,,false,true,
18200,D411-544000000-0001,다시마조림,조림류,해당없음,해당없음,해당없음,100ml,60,100,ml,60,VOLUME_ONLY_UNRESOLVED,SOLID_WITH_VOLUME_BASIS;VOLUME_ONLY_NO_SAFE_ALTERNATIVE;SOURCE_UNIT_PRESERVED;DIRECT_RECORD_DISABLED;SEARCH_RANK_DEMOTED,,,false,true,
18201,D414-615000000-0001,다시마무침,생채·무침류,해당없음,해당없음,해당없음,100ml,60,100,ml,60,MASS_ALTERNATIVE_AVAILABLE,SOLID_WITH_VOLUME_BASIS;MASS_ALTERNATIVE_FOUND;SOURCE_UNIT_PRESERVED;DIRECT_RECORD_DISABLED;SEARCH_RANK_DEMOTED,D114-615000000-0001,,false,true,
18202,D514-615000000-0001,다시마무침,생채·무침류,해당없음,해당없음,해당없음,100ml,61,100,ml,61,MASS_ALTERNATIVE_AVAILABLE,SOLID_WITH_VOLUME_BASIS;MASS_ALTERNATIVE_FOUND;SOURCE_UNIT_PRESERVED;DIRECT_RECORD_DISABLED;SEARCH_RANK_DEMOTED,D114-615000000-0001,,false,true,
18203,D714-615000000-0001,다시마무침,생채·무침류,해당없음,해당없음,해당없음,100ml,60,100,ml,60,MASS_ALTERNATIVE_AVAILABLE,SOLID_WITH_VOLUME_BASIS;MASS_ALTERNATIVE_FOUND;SOURCE_UNIT_PRESERVED;DIRECT_RECORD_DISABLED;SEARCH_RANK_DEMOTED,D114-615000000-0001,,false,true,
18208,D412-585000000-0001,느타리버섯튀김,튀김류,해당없음,해당없음,해당없음,100ml,227,100,ml,227,VOLUME_ONLY_UNRESOLVED,SOLID_WITH_VOLUME_BASIS;VOLUME_ONLY_NO_SAFE_ALTERNATIVE;SOURCE_UNIT_PRESERVED;DIRECT_RECORD_DISABLED;SEARCH_RANK_DEMOTED,,,false,true,
18209,D512-585000000-0001,느타리버섯튀김,튀김류,해당없음,해당없음,해당없음,100ml,182,100,ml,182,VOLUME_ONLY_UNRESOLVED,SOLID_WITH_VOLUME_BASIS;VOLUME_ONLY_NO_SAFE_ALTERNATIVE;SOURCE_UNIT_PRESERVED;DIRECT_RECORD_DISABLED;SEARCH_RANK_DEMOTED,,,false,true,
18210,D712-585000000-0001,느타리버섯튀김,튀김류,해당없음,해당없음,해당없음,100ml,227,100,ml,227,VOLUME_ONLY_UNRESOLVED,SOLID_WITH_VOLUME_BASIS;VOLUME_ONLY_NO_SAFE_ALTERNATIVE;SOURCE_UNIT_PRESERVED;DIRECT_RECORD_DISABLED;SEARCH_RANK_DEMOTED,,,false,true,
18211,D510-459144300-0001,느타리버섯볶음_느타리버섯_채소,볶음류,느타리버섯,채소,해당없음,100ml,46,100,ml,46,VOLUME_ONLY_UNRESOLVED,SOLID_WITH_VOLUME_BASIS;VOLUME_ONLY_NO_SAFE_ALTERNATIVE;SOURCE_UNIT_PRESERVED;DIRECT_RECORD_DISABLED;SEARCH_RANK_DEMOTED,,,false,true,
18212,D710-459144300-0001,느타리버섯볶음_느타리버섯_채소,볶음류,느타리버섯,채소,해당없음,100ml,40,100,ml,40,VOLUME_ONLY_UNRESOLVED,SOLID_WITH_VOLUME_BASIS;VOLUME_ONLY_NO_SAFE_ALTERNATIVE;SOURCE_UNIT_PRESERVED;DIRECT_RECORD_DISABLED;SEARCH_RANK_DEMOTED,,,false,true,
18213,D610-459144300-0001,느타리버섯볶음_느타리버섯_채소,볶음류,느타리버섯,채소,해당없음,100ml,37,100,ml,37,VOLUME_ONLY_UNRESOLVED,SOLID_WITH_VOLUME_BASIS;VOLUME_ONLY_NO_SAFE_ALTERNATIVE;SOURCE_UNIT_PRESERVED;DIRECT_RECORD_DISABLED;SEARCH_RANK_DEMOTED,,,false,true,
18214,D410-459140000-0001,느타리버섯볶음_느타리버섯,볶음류,느타리버섯,해당없음,해당없음,100ml,21,100,ml,21,VOLUME_ONLY_UNRESOLVED,SOLID_WITH_VOLUME_BASIS;VOLUME_ONLY_NO_SAFE_ALTERNATIVE;SOURCE_UNIT_PRESERVED;DIRECT_RECORD_DISABLED;SEARCH_RANK_DEMOTED,,,false,true,
18216,D610-459000000-0001,느타리버섯볶음,볶음류,해당없음,해당없음,해당없음,100ml,56,100,ml,56,MASS_ALTERNATIVE_AVAILABLE,SOLID_WITH_VOLUME_BASIS;MASS_ALTERNATIVE_FOUND;SOURCE_UNIT_PRESERVED;DIRECT_RECORD_DISABLED;SEARCH_RANK_DEMOTED,D310-459000000-0001,,false,true,
18217,D510-459000000-0001,느타리버섯볶음,볶음류,해당없음,해당없음,해당없음,100ml,56,100,ml,56,MASS_ALTERNATIVE_AVAILABLE,SOLID_WITH_VOLUME_BASIS;MASS_ALTERNATIVE_FOUND;SOURCE_UNIT_PRESERVED;DIRECT_RECORD_DISABLED;SEARCH_RANK_DEMOTED,D310-459000000-0001,,false,true,
18218,D408-409000000-0001,느타리버섯 구이,구이류,해당없음,해당없음,해당없음,100ml,60,100,ml,60,VOLUME_ONLY_UNRESOLVED,SOLID_WITH_VOLUME_BASIS;VOLUME_ONLY_NO_SAFE_ALTERNATIVE;SOURCE_UNIT_PRESERVED;DIRECT_RECORD_DISABLED;SEARCH_RANK_DEMOTED,,,false,true,
18220,D401-009000000-0001,누룽지,밥류,해당없음,해당없음,해당없음,100ml,87,100,ml,87,VOLUME_ONLY_UNRESOLVED,SOLID_WITH_VOLUME_BASIS;VOLUME_ONLY_NO_SAFE_ALTERNATIVE;SOURCE_UNIT_PRESERVED;DIRECT_RECORD_DISABLED;SEARCH_RANK_DEMOTED,,,false,true,
18250,D509-448000000-0001,녹두전,전·적 및 부침류,해당없음,해당없음,해당없음,100ml,92,100,ml,92,VOLUME_ONLY_UNRESOLVED,SOLID_WITH_VOLUME_BASIS;VOLUME_ONLY_NO_SAFE_ALTERNATIVE;SOURCE_UNIT_PRESERVED;DIRECT_RECORD_DISABLED;SEARCH_RANK_DEMOTED,,,false,true,
18251,D609-448000000-0001,녹두전,전·적 및 부침류,해당없음,해당없음,해당없음,100ml,92,100,ml,92,VOLUME_ONLY_UNRESOLVED,SOLID_WITH_VOLUME_BASIS;VOLUME_ONLY_NO_SAFE_ALTERNATIVE;SOURCE_UNIT_PRESERVED;DIRECT_RECORD_DISABLED;SEARCH_RANK_DEMOTED,,,false,true,
18252,D409-448000000-0001,녹두전,전·적 및 부침류,해당없음,해당없음,해당없음,100ml,92,100,ml,92,VOLUME_ONLY_UNRESOLVED,SOLID_WITH_VOLUME_BASIS;VOLUME_ONLY_NO_SAFE_ALTERNATIVE;SOURCE_UNIT_PRESERVED;DIRECT_RECORD_DISABLED;SEARCH_RANK_DEMOTED,,,false,true,
18253,D609-415111500-0001,녹두빈대떡_해물_돼지고기,전·적 및 부침류,해물,돼지고기,해당없음,100ml,103,100,ml,103,VOLUME_ONLY_UNRESOLVED,SOLID_WITH_VOLUME_BASIS;VOLUME_ONLY_NO_SAFE_ALTERNATIVE;SOURCE_UNIT_PRESERVED;DIRECT_RECORD_DISABLED;SEARCH_RANK_DEMOTED,,,false,true,
18254,D409-415111500-0001,녹두빈대떡_해물_돼지고기,전·적 및 부침류,해물,돼지고기,해당없음,100ml,103,100,ml,103,VOLUME_ONLY_UNRESOLVED,SOLID_WITH_VOLUME_BASIS;VOLUME_ONLY_NO_SAFE_ALTERNATIVE;SOURCE_UNIT_PRESERVED;DIRECT_RECORD_DISABLED;SEARCH_RANK_DEMOTED,,,false,true,
18255,D409-415110000-0001,녹두빈대떡_해물,전·적 및 부침류,해물,해당없음,해당없음,100ml,86,100,ml,86,VOLUME_ONLY_UNRESOLVED,SOLID_WITH_VOLUME_BASIS;VOLUME_ONLY_NO_SAFE_ALTERNATIVE;SOURCE_UNIT_PRESERVED;DIRECT_RECORD_DISABLED;SEARCH_RANK_DEMOTED,,,false,true,
18256,D409-415090000-0001,녹두빈대떡_채소,전·적 및 부침류,채소,해당없음,해당없음,100ml,100,100,ml,100,VOLUME_ONLY_UNRESOLVED,SOLID_WITH_VOLUME_BASIS;VOLUME_ONLY_NO_SAFE_ALTERNATIVE;SOURCE_UNIT_PRESERVED;DIRECT_RECORD_DISABLED;SEARCH_RANK_DEMOTED,,,false,true,
18257,D409-415050000-0001,녹두빈대떡_돼지고기,전·적 및 부침류,돼지고기,해당없음,해당없음,100ml,175,100,ml,175,VOLUME_ONLY_UNRESOLVED,SOLID_WITH_VOLUME_BASIS;VOLUME_ONLY_NO_SAFE_ALTERNATIVE;SOURCE_UNIT_PRESERVED;DIRECT_RECORD_DISABLED;SEARCH_RANK_DEMOTED,,,false,true,
18258,D709-415000000-0001,녹두빈대떡,전·적 및 부침류,해당없음,해당없음,해당없음,100ml,249,100,ml,249,MASS_ALTERNATIVE_AVAILABLE,SOLID_WITH_VOLUME_BASIS;MASS_ALTERNATIVE_FOUND;SOURCE_UNIT_PRESERVED;DIRECT_RECORD_DISABLED;SEARCH_RANK_DEMOTED,D309-415000000-0001,,false,true,
18260,D609-415000000-0001,녹두빈대떡,전·적 및 부침류,해당없음,해당없음,해당없음,100ml,193,100,ml,193,MASS_ALTERNATIVE_AVAILABLE,SOLID_WITH_VOLUME_BASIS;MASS_ALTERNATIVE_FOUND;SOURCE_UNIT_PRESERVED;DIRECT_RECORD_DISABLED;SEARCH_RANK_DEMOTED,D309-415000000-0001,,false,true,
18261,D509-415000000-0001,녹두빈대떡,전·적 및 부침류,해당없음,해당없음,해당없음,100ml,176,100,ml,176,MASS_ALTERNATIVE_AVAILABLE,SOLID_WITH_VOLUME_BASIS;MASS_ALTERNATIVE_FOUND;SOURCE_UNIT_PRESERVED;DIRECT_RECORD_DISABLED;SEARCH_RANK_DEMOTED,D309-415000000-0001,,false,true,
18262,D409-415000000-0001,녹두빈대떡,전·적 및 부침류,해당없음,해당없음,해당없음,100ml,176,100,ml,176,MASS_ALTERNATIVE_AVAILABLE,SOLID_WITH_VOLUME_BASIS;MASS_ALTERNATIVE_FOUND;SOURCE_UNIT_PRESERVED;DIRECT_RECORD_DISABLED;SEARCH_RANK_DEMOTED,D309-415000000-0001,,false,true,
18264,D714-613000000-0001,노각무침,생채·무침류,해당없음,해당없음,해당없음,100ml,20,100,ml,20,MASS_ALTERNATIVE_AVAILABLE,SOLID_WITH_VOLUME_BASIS;MASS_ALTERNATIVE_FOUND;SOURCE_UNIT_PRESERVED;DIRECT_RECORD_DISABLED;SEARCH_RANK_DEMOTED,D314-613000000-0001,,false,true,
18265,D414-613000000-0001,노각무침,생채·무침류,해당없음,해당없음,해당없음,100ml,20,100,ml,20,MASS_ALTERNATIVE_AVAILABLE,SOLID_WITH_VOLUME_BASIS;MASS_ALTERNATIVE_FOUND;SOURCE_UNIT_PRESERVED;DIRECT_RECORD_DISABLED;SEARCH_RANK_DEMOTED,D314-613000000-0001,,false,true,
18266,D614-613000000-0001,노각무침,생채·무침류,해당없음,해당없음,해당없음,100ml,66,100,ml,66,MASS_ALTERNATIVE_AVAILABLE,SOLID_WITH_VOLUME_BASIS;MASS_ALTERNATIVE_FOUND;SOURCE_UNIT_PRESERVED;DIRECT_RECORD_DISABLED;SEARCH_RANK_DEMOTED,D314-613000000-0001,,false,true,
18267,D514-613000000-0001,노각무침,생채·무침류,해당없음,해당없음,해당없음,100ml,66,100,ml,66,MASS_ALTERNATIVE_AVAILABLE,SOLID_WITH_VOLUME_BASIS;MASS_ALTERNATIVE_FOUND;SOURCE_UNIT_PRESERVED;DIRECT_RECORD_DISABLED;SEARCH_RANK_DEMOTED,D314-613000000-0001,,false,true,
18268,D708-408000000-0001,넙치구이,구이류,해당없음,해당없음,해당없음,100ml,116,100,ml,116,VOLUME_ONLY_UNRESOLVED,SOLID_WITH_VOLUME_BASIS;VOLUME_ONLY_NO_SAFE_ALTERNATIVE;SOURCE_UNIT_PRESERVED;DIRECT_RECORD_DISABLED;SEARCH_RANK_DEMOTED,,,false,true,
18269,D408-408000000-0001,넙치구이,구이류,해당없음,해당없음,해당없음,100ml,116,100,ml,116,VOLUME_ONLY_UNRESOLVED,SOLID_WITH_VOLUME_BASIS;VOLUME_ONLY_NO_SAFE_ALTERNATIVE;SOURCE_UNIT_PRESERVED;DIRECT_RECORD_DISABLED;SEARCH_RANK_DEMOTED,,,false,true,
18270,D401-008350000-0001,넙치(광어)회덮밥_양념장,밥류,양념장,해당없음,해당없음,100ml,77,100,ml,77,VOLUME_ONLY_UNRESOLVED,SOLID_WITH_VOLUME_BASIS;VOLUME_ONLY_NO_SAFE_ALTERNATIVE;SOURCE_UNIT_PRESERVED;DIRECT_RECORD_DISABLED;SEARCH_RANK_DEMOTED,,,false,true,
18273,D413-604000000-0001,냉이초나물,나물·숙채류,해당없음,해당없음,해당없음,100ml,77,100,ml,77,VOLUME_ONLY_UNRESOLVED,SOLID_WITH_VOLUME_BASIS;VOLUME_ONLY_NO_SAFE_ALTERNATIVE;SOURCE_UNIT_PRESERVED;DIRECT_RECORD_DISABLED;SEARCH_RANK_DEMOTED,,,false,true,
18274,D713-604000000-0001,냉이초나물,나물·숙채류,해당없음,해당없음,해당없음,100ml,77,100,ml,77,VOLUME_ONLY_UNRESOLVED,SOLID_WITH_VOLUME_BASIS;VOLUME_ONLY_NO_SAFE_ALTERNATIVE;SOURCE_UNIT_PRESERVED;DIRECT_RECORD_DISABLED;SEARCH_RANK_DEMOTED,,,false,true,
18275,D413-573000000-0001,냉이나물,나물·숙채류,해당없음,해당없음,해당없음,100ml,33,100,ml,33,MASS_ALTERNATIVE_AVAILABLE,SOLID_WITH_VOLUME_BASIS;MASS_ALTERNATIVE_FOUND;SOURCE_UNIT_PRESERVED;DIRECT_RECORD_DISABLED;SEARCH_RANK_DEMOTED,D113-573000000-0001,,false,true,
18286,D403-144180000-0001,냉면_물냉면,면 및 만두류,물냉면,해당없음,해당없음,100ml,96,100,ml,96,MASS_ALTERNATIVE_AVAILABLE,SOLID_WITH_VOLUME_BASIS;MASS_ALTERNATIVE_FOUND;SOURCE_UNIT_PRESERVED;DIRECT_RECORD_DISABLED;SEARCH_RANK_DEMOTED,D103-144180000-0001;D303-144180000-0001,,false,true,
18295,D712-584000000-0001,난자완스,튀김류,해당없음,해당없음,해당없음,100ml,194,100,ml,194,MASS_ALTERNATIVE_AVAILABLE,SOLID_WITH_VOLUME_BASIS;MASS_ALTERNATIVE_FOUND;SOURCE_UNIT_PRESERVED;DIRECT_RECORD_DISABLED;SEARCH_RANK_DEMOTED,D312-584000000-0001,,false,true,
18296,D412-584000000-0001,난자완스,튀김류,해당없음,해당없음,해당없음,100ml,198,100,ml,198,MASS_ALTERNATIVE_AVAILABLE,SOLID_WITH_VOLUME_BASIS;MASS_ALTERNATIVE_FOUND;SOURCE_UNIT_PRESERVED;DIRECT_RECORD_DISABLED;SEARCH_RANK_DEMOTED,D312-584000000-0001,,false,true,
18300,D407-315000000-0001,낙지찜,찜류,해당없음,해당없음,해당없음,100ml,74,100,ml,74,VOLUME_ONLY_UNRESOLVED,SOLID_WITH_VOLUME_BASIS;VOLUME_ONLY_NO_SAFE_ALTERNATIVE;SOURCE_UNIT_PRESERVED;DIRECT_RECORD_DISABLED;SEARCH_RANK_DEMOTED,,,false,true,
18304,D510-457320000-0001,낙지볶음_채소,볶음류,채소,해당없음,해당없음,100ml,67,100,ml,67,VOLUME_ONLY_UNRESOLVED,SOLID_WITH_VOLUME_BASIS;VOLUME_ONLY_NO_SAFE_ALTERNATIVE;SOURCE_UNIT_PRESERVED;DIRECT_RECORD_DISABLED;SEARCH_RANK_DEMOTED,,,false,true,
18305,D710-457180000-0001,낙지볶음_떡,볶음류,떡,해당없음,해당없음,100ml,105,100,ml,105,VOLUME_ONLY_UNRESOLVED,SOLID_WITH_VOLUME_BASIS;VOLUME_ONLY_NO_SAFE_ALTERNATIVE;SOURCE_UNIT_PRESERVED;DIRECT_RECORD_DISABLED;SEARCH_RANK_DEMOTED,,,false,true,
18306,D410-457000000-0001,낙지볶음,볶음류,해당없음,해당없음,해당없음,100ml,74,100,ml,74,MASS_ALTERNATIVE_AVAILABLE,SOLID_WITH_VOLUME_BASIS;MASS_ALTERNATIVE_FOUND;SOURCE_UNIT_PRESERVED;DIRECT_RECORD_DISABLED;SEARCH_RANK_DEMOTED,D110-457000000-0001,,false,true,
18307,D610-457000000-0001,낙지볶음,볶음류,해당없음,해당없음,해당없음,100ml,136,100,ml,136,MASS_ALTERNATIVE_AVAILABLE,SOLID_WITH_VOLUME_BASIS;MASS_ALTERNATIVE_FOUND;SOURCE_UNIT_PRESERVED;DIRECT_RECORD_DISABLED;SEARCH_RANK_DEMOTED,D110-457000000-0001,,false,true,
18308,D710-457000000-0001,낙지볶음,볶음류,해당없음,해당없음,해당없음,100ml,73,100,ml,73,MASS_ALTERNATIVE_AVAILABLE,SOLID_WITH_VOLUME_BASIS;MASS_ALTERNATIVE_FOUND;SOURCE_UNIT_PRESERVED;DIRECT_RECORD_DISABLED;SEARCH_RANK_DEMOTED,D110-457000000-0001,,false,true,
18309,D510-457000000-0001,낙지볶음,볶음류,해당없음,해당없음,해당없음,100ml,136,100,ml,136,MASS_ALTERNATIVE_AVAILABLE,SOLID_WITH_VOLUME_BASIS;MASS_ALTERNATIVE_FOUND;SOURCE_UNIT_PRESERVED;DIRECT_RECORD_DISABLED;SEARCH_RANK_DEMOTED,D110-457000000-0001,,false,true,
18312,D714-611000000-0001,낙지무침,생채·무침류,해당없음,해당없음,해당없음,100ml,59,100,ml,59,MASS_ALTERNATIVE_AVAILABLE,SOLID_WITH_VOLUME_BASIS;MASS_ALTERNATIVE_FOUND;SOURCE_UNIT_PRESERVED;DIRECT_RECORD_DISABLED;SEARCH_RANK_DEMOTED,D114-611000000-0001,,false,true,
18313,D414-611000000-0001,낙지무침,생채·무침류,해당없음,해당없음,해당없음,100ml,59,100,ml,59,MASS_ALTERNATIVE_AVAILABLE,SOLID_WITH_VOLUME_BASIS;MASS_ALTERNATIVE_FOUND;SOURCE_UNIT_PRESERVED;DIRECT_RECORD_DISABLED;SEARCH_RANK_DEMOTED,D114-611000000-0001,,false,true,
18314,D410-509000000-0001,낙지 삼겹살 볶음,볶음류,해당없음,해당없음,해당없음,100ml,151,100,ml,151,VOLUME_ONLY_UNRESOLVED,SOLID_WITH_VOLUME_BASIS;VOLUME_ONLY_NO_SAFE_ALTERNATIVE;SOURCE_UNIT_PRESERVED;DIRECT_RECORD_DISABLED;SEARCH_RANK_DEMOTED,,,false,true,
18315,D601-061000000-0001,낙지 비빔밥,밥류,해당없음,해당없음,해당없음,100ml,88,100,ml,88,VOLUME_ONLY_UNRESOLVED,SOLID_WITH_VOLUME_BASIS;VOLUME_ONLY_NO_SAFE_ALTERNATIVE;SOURCE_UNIT_PRESERVED;DIRECT_RECORD_DISABLED;SEARCH_RANK_DEMOTED,,,false,true,
18316,D401-061000000-0001,낙지 비빔밥,밥류,해당없음,해당없음,해당없음,100ml,88,100,ml,88,VOLUME_ONLY_UNRESOLVED,SOLID_WITH_VOLUME_BASIS;VOLUME_ONLY_NO_SAFE_ALTERNATIVE;SOURCE_UNIT_PRESERVED;DIRECT_RECORD_DISABLED;SEARCH_RANK_DEMOTED,,,false,true,
18317,D701-061000000-0001,낙지 비빔밥,밥류,해당없음,해당없음,해당없음,100ml,88,100,ml,88,VOLUME_ONLY_UNRESOLVED,SOLID_WITH_VOLUME_BASIS;VOLUME_ONLY_NO_SAFE_ALTERNATIVE;SOURCE_UNIT_PRESERVED;DIRECT_RECORD_DISABLED;SEARCH_RANK_DEMOTED,,,false,true,
18318,D701-060000000-0001,낙지 덮밥,밥류,해당없음,해당없음,해당없음,100ml,92,100,ml,92,VOLUME_ONLY_UNRESOLVED,SOLID_WITH_VOLUME_BASIS;VOLUME_ONLY_NO_SAFE_ALTERNATIVE;SOURCE_UNIT_PRESERVED;DIRECT_RECORD_DISABLED;SEARCH_RANK_DEMOTED,,,false,true,
18319,D601-060000000-0001,낙지 덮밥,밥류,해당없음,해당없음,해당없음,100ml,92,100,ml,92,VOLUME_ONLY_UNRESOLVED,SOLID_WITH_VOLUME_BASIS;VOLUME_ONLY_NO_SAFE_ALTERNATIVE;SOURCE_UNIT_PRESERVED;DIRECT_RECORD_DISABLED;SEARCH_RANK_DEMOTED,,,false,true,
18320,D401-060000000-0001,낙지 덮밥,밥류,해당없음,해당없음,해당없음,100ml,92,100,ml,92,VOLUME_ONLY_UNRESOLVED,SOLID_WITH_VOLUME_BASIS;VOLUME_ONLY_NO_SAFE_ALTERNATIVE;SOURCE_UNIT_PRESERVED;DIRECT_RECORD_DISABLED;SEARCH_RANK_DEMOTED,,,false,true,
18321,D703-183000000-0001,나폴리탄 스파게티,면 및 만두류,해당없음,해당없음,해당없음,100ml,116,100,ml,116,VOLUME_ONLY_UNRESOLVED,SOLID_WITH_VOLUME_BASIS;VOLUME_ONLY_NO_SAFE_ALTERNATIVE;SOURCE_UNIT_PRESERVED;DIRECT_RECORD_DISABLED;SEARCH_RANK_DEMOTED,,,false,true,
18333,D407-314000000-0001,꽈리고추찜,찜류,해당없음,해당없음,해당없음,100ml,41,100,ml,41,MASS_ALTERNATIVE_AVAILABLE,SOLID_WITH_VOLUME_BASIS;MASS_ALTERNATIVE_FOUND;SOURCE_UNIT_PRESERVED;DIRECT_RECORD_DISABLED;SEARCH_RANK_DEMOTED,D107-314000000-0001,,false,true,
18334,D707-314000000-0001,꽈리고추찜,찜류,해당없음,해당없음,해당없음,100ml,36,100,ml,36,MASS_ALTERNATIVE_AVAILABLE,SOLID_WITH_VOLUME_BASIS;MASS_ALTERNATIVE_FOUND;SOURCE_UNIT_PRESERVED;DIRECT_RECORD_DISABLED;SEARCH_RANK_DEMOTED,D107-314000000-0001,,false,true,
18335,D411-543050000-0001,꽈리고추조림_멸치,조림류,멸치,해당없음,해당없음,100ml,57,100,ml,57,VOLUME_ONLY_UNRESOLVED,SOLID_WITH_VOLUME_BASIS;VOLUME_ONLY_NO_SAFE_ALTERNATIVE;SOURCE_UNIT_PRESERVED;DIRECT_RECORD_DISABLED;SEARCH_RANK_DEMOTED,,,false,true,
18336,D610-508306600-0001,꽈리고추볶음_잔멸치_호두,볶음류,잔멸치,호두,해당없음,100ml,72,100,ml,72,VOLUME_ONLY_UNRESOLVED,SOLID_WITH_VOLUME_BASIS;VOLUME_ONLY_NO_SAFE_ALTERNATIVE;SOURCE_UNIT_PRESERVED;DIRECT_RECORD_DISABLED;SEARCH_RANK_DEMOTED,,,false,true,
18337,D710-508306600-0001,꽈리고추볶음_잔멸치_호두,볶음류,잔멸치,호두,해당없음,100ml,72,100,ml,72,VOLUME_ONLY_UNRESOLVED,SOLID_WITH_VOLUME_BASIS;VOLUME_ONLY_NO_SAFE_ALTERNATIVE;SOURCE_UNIT_PRESERVED;DIRECT_RECORD_DISABLED;SEARCH_RANK_DEMOTED,,,false,true,
18338,D410-508300000-0001,꽈리고추볶음_잔멸치,볶음류,잔멸치,해당없음,해당없음,100ml,64,100,ml,64,VOLUME_ONLY_UNRESOLVED,SOLID_WITH_VOLUME_BASIS;VOLUME_ONLY_NO_SAFE_ALTERNATIVE;SOURCE_UNIT_PRESERVED;DIRECT_RECORD_DISABLED;SEARCH_RANK_DEMOTED,,,false,true,
18339,D710-508300000-0001,꽈리고추볶음_잔멸치,볶음류,잔멸치,해당없음,해당없음,100ml,154,100,ml,154,VOLUME_ONLY_UNRESOLVED,SOLID_WITH_VOLUME_BASIS;VOLUME_ONLY_NO_SAFE_ALTERNATIVE;SOURCE_UNIT_PRESERVED;DIRECT_RECORD_DISABLED;SEARCH_RANK_DEMOTED,,,false,true,
18340,D610-508300000-0001,꽈리고추볶음_잔멸치,볶음류,잔멸치,해당없음,해당없음,100ml,152,100,ml,152,VOLUME_ONLY_UNRESOLVED,SOLID_WITH_VOLUME_BASIS;VOLUME_ONLY_NO_SAFE_ALTERNATIVE;SOURCE_UNIT_PRESERVED;DIRECT_RECORD_DISABLED;SEARCH_RANK_DEMOTED,,,false,true,
18341,D410-508210000-0001,꽈리고추볶음_멸치,볶음류,멸치,해당없음,해당없음,100ml,79,100,ml,79,VOLUME_ONLY_UNRESOLVED,SOLID_WITH_VOLUME_BASIS;VOLUME_ONLY_NO_SAFE_ALTERNATIVE;SOURCE_UNIT_PRESERVED;DIRECT_RECORD_DISABLED;SEARCH_RANK_DEMOTED,,,false,true,
18342,D410-508000000-0001,꽈리고추볶음,볶음류,해당없음,해당없음,해당없음,100ml,145,100,ml,145,VOLUME_ONLY_UNRESOLVED,SOLID_WITH_VOLUME_BASIS;VOLUME_ONLY_NO_SAFE_ALTERNATIVE;SOURCE_UNIT_PRESERVED;DIRECT_RECORD_DISABLED;SEARCH_RANK_DEMOTED,,,false,true,
18343,D710-508000000-0001,꽈리고추볶음,볶음류,해당없음,해당없음,해당없음,100ml,145,100,ml,145,VOLUME_ONLY_UNRESOLVED,SOLID_WITH_VOLUME_BASIS;VOLUME_ONLY_NO_SAFE_ALTERNATIVE;SOURCE_UNIT_PRESERVED;DIRECT_RECORD_DISABLED;SEARCH_RANK_DEMOTED,,,false,true,
18344,D511-542000000-0001,꽈리고추 오징어조림,조림류,해당없음,해당없음,해당없음,100ml,135,100,ml,135,VOLUME_ONLY_UNRESOLVED,SOLID_WITH_VOLUME_BASIS;VOLUME_ONLY_NO_SAFE_ALTERNATIVE;SOURCE_UNIT_PRESERVED;DIRECT_RECORD_DISABLED;SEARCH_RANK_DEMOTED,,,false,true,
18351,D407-313000000-0001,꽃게콩나물찜,찜류,해당없음,해당없음,해당없음,100ml,52,100,ml,52,VOLUME_ONLY_UNRESOLVED,SOLID_WITH_VOLUME_BASIS;VOLUME_ONLY_NO_SAFE_ALTERNATIVE;SOURCE_UNIT_PRESERVED;DIRECT_RECORD_DISABLED;SEARCH_RANK_DEMOTED,,,false,true,
18352,D407-357000000-0001,꽃게찜,찜류,해당없음,해당없음,해당없음,100ml,52,100,ml,52,VOLUME_ONLY_UNRESOLVED,SOLID_WITH_VOLUME_BASIS;VOLUME_ONLY_NO_SAFE_ALTERNATIVE;SOURCE_UNIT_PRESERVED;DIRECT_RECORD_DISABLED;SEARCH_RANK_DEMOTED,,,false,true,
18354,D716-693020000-0001,꽃게장_양념,젓갈류,양념,해당없음,해당없음,100ml,98,100,ml,98,MASS_ALTERNATIVE_AVAILABLE,SOLID_WITH_VOLUME_BASIS;MASS_ALTERNATIVE_FOUND;SOURCE_UNIT_PRESERVED;DIRECT_RECORD_DISABLED;SEARCH_RANK_DEMOTED,D116-693020000-0001,,false,true,
18357,D712-583000000-0001,꽁치튀김,튀김류,해당없음,해당없음,해당없음,100ml,105,100,ml,105,VOLUME_ONLY_UNRESOLVED,SOLID_WITH_VOLUME_BASIS;VOLUME_ONLY_NO_SAFE_ALTERNATIVE;SOURCE_UNIT_PRESERVED;DIRECT_RECORD_DISABLED;SEARCH_RANK_DEMOTED,,,false,true,
18358,D412-583000000-0001,꽁치튀김,튀김류,해당없음,해당없음,해당없음,100ml,105,100,ml,105,VOLUME_ONLY_UNRESOLVED,SOLID_WITH_VOLUME_BASIS;VOLUME_ONLY_NO_SAFE_ALTERNATIVE;SOURCE_UNIT_PRESERVED;DIRECT_RECORD_DISABLED;SEARCH_RANK_DEMOTED,,,false,true,
18361,D411-511100000-0001,꽁치조림_채소,조림류,채소,해당없음,해당없음,100ml,72,100,ml,72,VOLUME_ONLY_UNRESOLVED,SOLID_WITH_VOLUME_BASIS;VOLUME_ONLY_NO_SAFE_ALTERNATIVE;SOURCE_UNIT_PRESERVED;DIRECT_RECORD_DISABLED;SEARCH_RANK_DEMOTED,,,false,true,
18362,D711-511100000-0001,꽁치조림_채소,조림류,채소,해당없음,해당없음,100ml,88,100,ml,88,VOLUME_ONLY_UNRESOLVED,SOLID_WITH_VOLUME_BASIS;VOLUME_ONLY_NO_SAFE_ALTERNATIVE;SOURCE_UNIT_PRESERVED;DIRECT_RECORD_DISABLED;SEARCH_RANK_DEMOTED,,,false,true,
18363,D711-511070000-0001,꽁치조림_배추김치,조림류,배추김치,해당없음,해당없음,100ml,88,100,ml,88,VOLUME_ONLY_UNRESOLVED,SOLID_WITH_VOLUME_BASIS;VOLUME_ONLY_NO_SAFE_ALTERNATIVE;SOURCE_UNIT_PRESERVED;DIRECT_RECORD_DISABLED;SEARCH_RANK_DEMOTED,,,false,true,
18364,D611-511070000-0001,꽁치조림_배추김치,조림류,배추김치,해당없음,해당없음,100ml,81,100,ml,81,VOLUME_ONLY_UNRESOLVED,SOLID_WITH_VOLUME_BASIS;VOLUME_ONLY_NO_SAFE_ALTERNATIVE;SOURCE_UNIT_PRESERVED;DIRECT_RECORD_DISABLED;SEARCH_RANK_DEMOTED,,,false,true,
18365,D611-511060000-0001,꽁치조림_무,조림류,무,해당없음,해당없음,100ml,83,100,ml,83,VOLUME_ONLY_UNRESOLVED,SOLID_WITH_VOLUME_BASIS;VOLUME_ONLY_NO_SAFE_ALTERNATIVE;SOURCE_UNIT_PRESERVED;DIRECT_RECORD_DISABLED;SEARCH_RANK_DEMOTED,,,false,true,
18366,D711-511060000-0001,꽁치조림_무,조림류,무,해당없음,해당없음,100ml,83,100,ml,83,VOLUME_ONLY_UNRESOLVED,SOLID_WITH_VOLUME_BASIS;VOLUME_ONLY_NO_SAFE_ALTERNATIVE;SOURCE_UNIT_PRESERVED;DIRECT_RECORD_DISABLED;SEARCH_RANK_DEMOTED,,,false,true,
18367,D411-511120000-0001,꽁치조림_김치,조림류,김치,해당없음,해당없음,100ml,61,100,ml,61,VOLUME_ONLY_UNRESOLVED,SOLID_WITH_VOLUME_BASIS;VOLUME_ONLY_NO_SAFE_ALTERNATIVE;SOURCE_UNIT_PRESERVED;DIRECT_RECORD_DISABLED;SEARCH_RANK_DEMOTED,,,false,true,
18368,D511-511000000-0001,꽁치조림,조림류,해당없음,해당없음,해당없음,100ml,131,100,ml,131,MASS_ALTERNATIVE_AVAILABLE,SOLID_WITH_VOLUME_BASIS;MASS_ALTERNATIVE_FOUND;SOURCE_UNIT_PRESERVED;DIRECT_RECORD_DISABLED;SEARCH_RANK_DEMOTED,D111-511000000-0001,,false,true,
18369,D611-511000000-0001,꽁치조림,조림류,해당없음,해당없음,해당없음,100ml,129,100,ml,129,MASS_ALTERNATIVE_AVAILABLE,SOLID_WITH_VOLUME_BASIS;MASS_ALTERNATIVE_FOUND;SOURCE_UNIT_PRESERVED;DIRECT_RECORD_DISABLED;SEARCH_RANK_DEMOTED,D111-511000000-0001,,false,true,
18371,D408-363000000-0001,꽁치구이,구이류,해당없음,해당없음,해당없음,100ml,80,100,ml,80,VOLUME_ONLY_UNRESOLVED,SOLID_WITH_VOLUME_BASIS;VOLUME_ONLY_NO_SAFE_ALTERNATIVE;SOURCE_UNIT_PRESERVED;DIRECT_RECORD_DISABLED;SEARCH_RANK_DEMOTED,,,false,true,
18372,D708-363000000-0001,꽁치구이,구이류,해당없음,해당없음,해당없음,100ml,196,100,ml,196,VOLUME_ONLY_UNRESOLVED,SOLID_WITH_VOLUME_BASIS;VOLUME_ONLY_NO_SAFE_ALTERNATIVE;SOURCE_UNIT_PRESERVED;DIRECT_RECORD_DISABLED;SEARCH_RANK_DEMOTED,,,false,true,
18373,D608-363000000-0001,꽁치구이,구이류,해당없음,해당없음,해당없음,100ml,215,100,ml,215,VOLUME_ONLY_UNRESOLVED,SOLID_WITH_VOLUME_BASIS;VOLUME_ONLY_NO_SAFE_ALTERNATIVE;SOURCE_UNIT_PRESERVED;DIRECT_RECORD_DISABLED;SEARCH_RANK_DEMOTED,,,false,true,
18375,D408-362220500-0001,꼬치구이_닭모래집_고추장,구이류,닭모래집,고추장,해당없음,100ml,122,100,ml,122,VOLUME_ONLY_UNRESOLVED,SOLID_WITH_VOLUME_BASIS;VOLUME_ONLY_NO_SAFE_ALTERNATIVE;SOURCE_UNIT_PRESERVED;DIRECT_RECORD_DISABLED;SEARCH_RANK_DEMOTED,,,false,true,
18376,D408-362225700-0001,꼬치구이_닭모래집_간장,구이류,닭모래집,간장,해당없음,100ml,160,100,ml,160,VOLUME_ONLY_UNRESOLVED,SOLID_WITH_VOLUME_BASIS;VOLUME_ONLY_NO_SAFE_ALTERNATIVE;SOURCE_UNIT_PRESERVED;DIRECT_RECORD_DISABLED;SEARCH_RANK_DEMOTED,,,false,true,
18378,D608-362040000-0001,꼬치구이_닭고기,구이류,닭고기,해당없음,해당없음,100ml,115,100,ml,115,MASS_ALTERNATIVE_AVAILABLE,SOLID_WITH_VOLUME_BASIS;MASS_ALTERNATIVE_FOUND;SOURCE_UNIT_PRESERVED;DIRECT_RECORD_DISABLED;SEARCH_RANK_DEMOTED,D308-362040000-0001,,false,true,
18379,D408-362040000-0001,꼬치구이_닭고기,구이류,닭고기,해당없음,해당없음,100ml,115,100,ml,115,MASS_ALTERNATIVE_AVAILABLE,SOLID_WITH_VOLUME_BASIS;MASS_ALTERNATIVE_FOUND;SOURCE_UNIT_PRESERVED;DIRECT_RECORD_DISABLED;SEARCH_RANK_DEMOTED,D308-362040000-0001,,false,true,
18381,D508-362040000-0001,꼬치구이_닭고기,구이류,닭고기,해당없음,해당없음,100ml,115,100,ml,115,MASS_ALTERNATIVE_AVAILABLE,SOLID_WITH_VOLUME_BASIS;MASS_ALTERNATIVE_FOUND;SOURCE_UNIT_PRESERVED;DIRECT_RECORD_DISABLED;SEARCH_RANK_DEMOTED,D308-362040000-0001,,false,true,
18383,D407-312000000-0001,꼬막찜,찜류,해당없음,해당없음,해당없음,100ml,30,100,ml,30,MASS_ALTERNATIVE_AVAILABLE,SOLID_WITH_VOLUME_BASIS;MASS_ALTERNATIVE_FOUND;SOURCE_UNIT_PRESERVED;DIRECT_RECORD_DISABLED;SEARCH_RANK_DEMOTED,D107-312000000-0001,,false,true,
18384,D707-312000000-0001,꼬막찜,찜류,해당없음,해당없음,해당없음,100ml,121,100,ml,121,MASS_ALTERNATIVE_AVAILABLE,SOLID_WITH_VOLUME_BASIS;MASS_ALTERNATIVE_FOUND;SOURCE_UNIT_PRESERVED;DIRECT_RECORD_DISABLED;SEARCH_RANK_DEMOTED,D107-312000000-0001,,false,true,
18390,D710-507420000-0001,껍질콩볶음_맛살,볶음류,맛살,해당없음,해당없음,100ml,98,100,ml,98,VOLUME_ONLY_UNRESOLVED,SOLID_WITH_VOLUME_BASIS;VOLUME_ONLY_NO_SAFE_ALTERNATIVE;SOURCE_UNIT_PRESERVED;DIRECT_RECORD_DISABLED;SEARCH_RANK_DEMOTED,,,false,true,
18391,D512-582000000-0001,깻잎튀김,튀김류,해당없음,해당없음,해당없음,100ml,191,100,ml,191,VOLUME_ONLY_UNRESOLVED,SOLID_WITH_VOLUME_BASIS;VOLUME_ONLY_NO_SAFE_ALTERNATIVE;SOURCE_UNIT_PRESERVED;DIRECT_RECORD_DISABLED;SEARCH_RANK_DEMOTED,,,false,true,
18392,D612-582000000-0001,깻잎튀김,튀김류,해당없음,해당없음,해당없음,100ml,191,100,ml,191,VOLUME_ONLY_UNRESOLVED,SOLID_WITH_VOLUME_BASIS;VOLUME_ONLY_NO_SAFE_ALTERNATIVE;SOURCE_UNIT_PRESERVED;DIRECT_RECORD_DISABLED;SEARCH_RANK_DEMOTED,,,false,true,
18393,D412-582000000-0001,깻잎튀김,튀김류,해당없음,해당없음,해당없음,100ml,238,100,ml,238,VOLUME_ONLY_UNRESOLVED,SOLID_WITH_VOLUME_BASIS;VOLUME_ONLY_NO_SAFE_ALTERNATIVE;SOURCE_UNIT_PRESERVED;DIRECT_RECORD_DISABLED;SEARCH_RANK_DEMOTED,,,false,true,
18395,D507-310000000-0001,깻잎찜,찜류,해당없음,해당없음,해당없음,100ml,60,100,ml,60,MASS_ALTERNATIVE_AVAILABLE,SOLID_WITH_VOLUME_BASIS;MASS_ALTERNATIVE_FOUND;SOURCE_UNIT_PRESERVED;DIRECT_RECORD_DISABLED;SEARCH_RANK_DEMOTED,D107-310000000-0001;D307-310000000-0001,,false,true,
18396,D607-310000000-0001,깻잎찜,찜류,해당없음,해당없음,해당없음,100ml,59,100,ml,59,MASS_ALTERNATIVE_AVAILABLE,SOLID_WITH_VOLUME_BASIS;MASS_ALTERNATIVE_FOUND;SOURCE_UNIT_PRESERVED;DIRECT_RECORD_DISABLED;SEARCH_RANK_DEMOTED,D107-310000000-0001;D307-310000000-0001,,false,true,
18397,D707-310000000-0001,깻잎찜,찜류,해당없음,해당없음,해당없음,100ml,30,100,ml,30,MASS_ALTERNATIVE_AVAILABLE,SOLID_WITH_VOLUME_BASIS;MASS_ALTERNATIVE_FOUND;SOURCE_UNIT_PRESERVED;DIRECT_RECORD_DISABLED;SEARCH_RANK_DEMOTED,D107-310000000-0001;D307-310000000-0001,,false,true,
18399,D407-310000000-0001,깻잎찜,찜류,해당없음,해당없음,해당없음,100ml,48,100,ml,48,MASS_ALTERNATIVE_AVAILABLE,SOLID_WITH_VOLUME_BASIS;MASS_ALTERNATIVE_FOUND;SOURCE_UNIT_PRESERVED;DIRECT_RECORD_DISABLED;SEARCH_RANK_DEMOTED,D107-310000000-0001;D307-310000000-0001,,false,true,
18400,D509-413000000-0001,깻잎전,전·적 및 부침류,해당없음,해당없음,해당없음,100ml,71,100,ml,71,MASS_ALTERNATIVE_AVAILABLE,SOLID_WITH_VOLUME_BASIS;MASS_ALTERNATIVE_FOUND;SOURCE_UNIT_PRESERVED;DIRECT_RECORD_DISABLED;SEARCH_RANK_DEMOTED,D309-413000000-0001,,false,true,
18401,D709-413000000-0001,깻잎전,전·적 및 부침류,해당없음,해당없음,해당없음,100ml,215,100,ml,215,MASS_ALTERNATIVE_AVAILABLE,SOLID_WITH_VOLUME_BASIS;MASS_ALTERNATIVE_FOUND;SOURCE_UNIT_PRESERVED;DIRECT_RECORD_DISABLED;SEARCH_RANK_DEMOTED,D309-413000000-0001,,false,true,
18403,D409-413000000-0001,깻잎전,전·적 및 부침류,해당없음,해당없음,해당없음,100ml,215,100,ml,215,MASS_ALTERNATIVE_AVAILABLE,SOLID_WITH_VOLUME_BASIS;MASS_ALTERNATIVE_FOUND;SOURCE_UNIT_PRESERVED;DIRECT_RECORD_DISABLED;SEARCH_RANK_DEMOTED,D309-413000000-0001,,false,true,
18404,D717-705000000-0001,깻잎장아찌,장아찌·절임류,해당없음,해당없음,해당없음,100ml,65,100,ml,65,VOLUME_ONLY_UNRESOLVED,SOLID_WITH_VOLUME_BASIS;VOLUME_ONLY_NO_SAFE_ALTERNATIVE;SOURCE_UNIT_PRESERVED;DIRECT_RECORD_DISABLED;SEARCH_RANK_DEMOTED,,,false,true,
18406,D513-571040000-0001,깻잎나물_깻잎,나물·숙채류,깻잎,해당없음,해당없음,100ml,33,100,ml,33,VOLUME_ONLY_UNRESOLVED,SOLID_WITH_VOLUME_BASIS;VOLUME_ONLY_NO_SAFE_ALTERNATIVE;SOURCE_UNIT_PRESERVED;DIRECT_RECORD_DISABLED;SEARCH_RANK_DEMOTED,,,false,true,
18407,D613-571000000-0001,깻잎나물,나물·숙채류,해당없음,해당없음,해당없음,100ml,63,100,ml,63,MASS_ALTERNATIVE_AVAILABLE,SOLID_WITH_VOLUME_BASIS;MASS_ALTERNATIVE_FOUND;SOURCE_UNIT_PRESERVED;DIRECT_RECORD_DISABLED;SEARCH_RANK_DEMOTED,D113-571000000-0001;D313-571000000-0001,,false,true,
18408,D413-571000000-0001,깻잎나물,나물·숙채류,해당없음,해당없음,해당없음,100ml,47,100,ml,47,MASS_ALTERNATIVE_AVAILABLE,SOLID_WITH_VOLUME_BASIS;MASS_ALTERNATIVE_FOUND;SOURCE_UNIT_PRESERVED;DIRECT_RECORD_DISABLED;SEARCH_RANK_DEMOTED,D113-571000000-0001;D313-571000000-0001,,false,true,
18409,D713-571000000-0001,깻잎나물,나물·숙채류,해당없음,해당없음,해당없음,100ml,47,100,ml,47,MASS_ALTERNATIVE_AVAILABLE,SOLID_WITH_VOLUME_BASIS;MASS_ALTERNATIVE_FOUND;SOURCE_UNIT_PRESERVED;DIRECT_RECORD_DISABLED;SEARCH_RANK_DEMOTED,D113-571000000-0001;D313-571000000-0001,,false,true,
18412,D513-571000000-0001,깻잎나물,나물·숙채류,해당없음,해당없음,해당없음,100ml,33,100,ml,33,MASS_ALTERNATIVE_AVAILABLE,SOLID_WITH_VOLUME_BASIS;MASS_ALTERNATIVE_FOUND;SOURCE_UNIT_PRESERVED;DIRECT_RECORD_DISABLED;SEARCH_RANK_DEMOTED,D113-571000000-0001;D313-571000000-0001,,false,true,
18414,D415-666000000-0001,깻잎김치,김치류,해당없음,해당없음,해당없음,100ml,45,100,ml,45,MASS_ALTERNATIVE_AVAILABLE,SOLID_WITH_VOLUME_BASIS;MASS_ALTERNATIVE_FOUND;SOURCE_UNIT_PRESERVED;DIRECT_RECORD_DISABLED;SEARCH_RANK_DEMOTED,D115-666000000-0001;D315-666000000-0001,,false,true,
18415,D515-666000000-0001,깻잎김치,김치류,해당없음,해당없음,해당없음,100ml,41,100,ml,41,MASS_ALTERNATIVE_AVAILABLE,SOLID_WITH_VOLUME_BASIS;MASS_ALTERNATIVE_FOUND;SOURCE_UNIT_PRESERVED;DIRECT_RECORD_DISABLED;SEARCH_RANK_DEMOTED,D115-666000000-0001;D315-666000000-0001,,false,true,
18416,D715-666000000-0001,깻잎김치,김치류,해당없음,해당없음,해당없음,100ml,45,100,ml,45,MASS_ALTERNATIVE_AVAILABLE,SOLID_WITH_VOLUME_BASIS;MASS_ALTERNATIVE_FOUND;SOURCE_UNIT_PRESERVED;DIRECT_RECORD_DISABLED;SEARCH_RANK_DEMOTED,D115-666000000-0001;D315-666000000-0001,,false,true,
18428,D712-581000000-0001,깐풍기,튀김류,해당없음,해당없음,해당없음,100ml,156,100,ml,156,VOLUME_ONLY_UNRESOLVED,SOLID_WITH_VOLUME_BASIS;VOLUME_ONLY_NO_SAFE_ALTERNATIVE;SOURCE_UNIT_PRESERVED;DIRECT_RECORD_DISABLED;SEARCH_RANK_DEMOTED,,,false,true,
18429,D612-581000000-0001,깐풍기,튀김류,해당없음,해당없음,해당없음,100ml,156,100,ml,156,VOLUME_ONLY_UNRESOLVED,SOLID_WITH_VOLUME_BASIS;VOLUME_ONLY_NO_SAFE_ALTERNATIVE;SOURCE_UNIT_PRESERVED;DIRECT_RECORD_DISABLED;SEARCH_RANK_DEMOTED,,,false,true,
18430,D512-581000000-0001,깐풍기,튀김류,해당없음,해당없음,해당없음,100ml,156,100,ml,156,VOLUME_ONLY_UNRESOLVED,SOLID_WITH_VOLUME_BASIS;VOLUME_ONLY_NO_SAFE_ALTERNATIVE;SOURCE_UNIT_PRESERVED;DIRECT_RECORD_DISABLED;SEARCH_RANK_DEMOTED,,,false,true,
18431,D412-581000000-0001,깐풍기,튀김류,해당없음,해당없음,해당없음,100ml,190,100,ml,190,VOLUME_ONLY_UNRESOLVED,SOLID_WITH_VOLUME_BASIS;VOLUME_ONLY_NO_SAFE_ALTERNATIVE;SOURCE_UNIT_PRESERVED;DIRECT_RECORD_DISABLED;SEARCH_RANK_DEMOTED,,,false,true,
18432,D412-543000000-0001,깐쇼새우,튀김류,해당없음,해당없음,해당없음,100ml,150,100,ml,150,VOLUME_ONLY_UNRESOLVED,SOLID_WITH_VOLUME_BASIS;VOLUME_ONLY_NO_SAFE_ALTERNATIVE;SOURCE_UNIT_PRESERVED;DIRECT_RECORD_DISABLED;SEARCH_RANK_DEMOTED,,,false,true,
18434,D515-665000000-0001,깍두기,김치류,해당없음,해당없음,해당없음,100ml,23,100,ml,23,MASS_ALTERNATIVE_AVAILABLE,SOLID_WITH_VOLUME_BASIS;MASS_ALTERNATIVE_FOUND;SOURCE_UNIT_PRESERVED;DIRECT_RECORD_DISABLED;SEARCH_RANK_DEMOTED,D115-665000000-0001;D315-665000000-0001,,false,true,
18437,D707-309061700-0001,김치찜_돼지고기_두부,찜류,돼지고기,두부,해당없음,100ml,44,100,ml,44,VOLUME_ONLY_UNRESOLVED,SOLID_WITH_VOLUME_BASIS;VOLUME_ONLY_NO_SAFE_ALTERNATIVE;SOURCE_UNIT_PRESERVED;DIRECT_RECORD_DISABLED;SEARCH_RANK_DEMOTED,,,false,true,
18438,D507-309060000-0001,김치찜_돼지고기,찜류,돼지고기,해당없음,해당없음,100ml,82,100,ml,82,VOLUME_ONLY_UNRESOLVED,SOLID_WITH_VOLUME_BASIS;VOLUME_ONLY_NO_SAFE_ALTERNATIVE;SOURCE_UNIT_PRESERVED;DIRECT_RECORD_DISABLED;SEARCH_RANK_DEMOTED,,,false,true,
18439,D607-309060000-0001,김치찜_돼지고기,찜류,돼지고기,해당없음,해당없음,100ml,77,100,ml,77,VOLUME_ONLY_UNRESOLVED,SOLID_WITH_VOLUME_BASIS;VOLUME_ONLY_NO_SAFE_ALTERNATIVE;SOURCE_UNIT_PRESERVED;DIRECT_RECORD_DISABLED;SEARCH_RANK_DEMOTED,,,false,true,
18440,D707-309060000-0001,김치찜_돼지고기,찜류,돼지고기,해당없음,해당없음,100ml,63,100,ml,63,VOLUME_ONLY_UNRESOLVED,SOLID_WITH_VOLUME_BASIS;VOLUME_ONLY_NO_SAFE_ALTERNATIVE;SOURCE_UNIT_PRESERVED;DIRECT_RECORD_DISABLED;SEARCH_RANK_DEMOTED,,,false,true,
18441,D407-309060000-0001,김치찜_돼지고기,찜류,돼지고기,해당없음,해당없음,100ml,88,100,ml,88,VOLUME_ONLY_UNRESOLVED,SOLID_WITH_VOLUME_BASIS;VOLUME_ONLY_NO_SAFE_ALTERNATIVE;SOURCE_UNIT_PRESERVED;DIRECT_RECORD_DISABLED;SEARCH_RANK_DEMOTED,,,false,true,
18480,D609-412110000-0001,김치전_해물,전·적 및 부침류,해물,해당없음,해당없음,100ml,68,100,ml,68,VOLUME_ONLY_UNRESOLVED,SOLID_WITH_VOLUME_BASIS;VOLUME_ONLY_NO_SAFE_ALTERNATIVE;SOURCE_UNIT_PRESERVED;DIRECT_RECORD_DISABLED;SEARCH_RANK_DEMOTED,,,false,true,
18481,D509-412110000-0001,김치전_해물,전·적 및 부침류,해물,해당없음,해당없음,100ml,96,100,ml,96,VOLUME_ONLY_UNRESOLVED,SOLID_WITH_VOLUME_BASIS;VOLUME_ONLY_NO_SAFE_ALTERNATIVE;SOURCE_UNIT_PRESERVED;DIRECT_RECORD_DISABLED;SEARCH_RANK_DEMOTED,,,false,true,
18482,D609-412170000-0001,김치전_오징어,전·적 및 부침류,오징어,해당없음,해당없음,100ml,162,100,ml,162,VOLUME_ONLY_UNRESOLVED,SOLID_WITH_VOLUME_BASIS;VOLUME_ONLY_NO_SAFE_ALTERNATIVE;SOURCE_UNIT_PRESERVED;DIRECT_RECORD_DISABLED;SEARCH_RANK_DEMOTED,,,false,true,
18483,D409-412000000-0001,김치전,전·적 및 부침류,해당없음,해당없음,해당없음,100ml,122,100,ml,122,MASS_ALTERNATIVE_AVAILABLE,SOLID_WITH_VOLUME_BASIS;MASS_ALTERNATIVE_FOUND;SOURCE_UNIT_PRESERVED;DIRECT_RECORD_DISABLED;SEARCH_RANK_DEMOTED,D109-412000000-0001,,false,true,
18485,D709-412000000-0001,김치전,전·적 및 부침류,해당없음,해당없음,해당없음,100ml,126,100,ml,126,MASS_ALTERNATIVE_AVAILABLE,SOLID_WITH_VOLUME_BASIS;MASS_ALTERNATIVE_FOUND;SOURCE_UNIT_PRESERVED;DIRECT_RECORD_DISABLED;SEARCH_RANK_DEMOTED,D109-412000000-0001,,false,true,
18486,D509-412000000-0001,김치전,전·적 및 부침류,해당없음,해당없음,해당없음,100ml,164,100,ml,164,MASS_ALTERNATIVE_AVAILABLE,SOLID_WITH_VOLUME_BASIS;MASS_ALTERNATIVE_FOUND;SOURCE_UNIT_PRESERVED;DIRECT_RECORD_DISABLED;SEARCH_RANK_DEMOTED,D109-412000000-0001,,false,true,
18497,D610-456520000-0001,김치볶음_햄,볶음류,햄,해당없음,해당없음,100ml,188,100,ml,188,VOLUME_ONLY_UNRESOLVED,SOLID_WITH_VOLUME_BASIS;VOLUME_ONLY_NO_SAFE_ALTERNATIVE;SOURCE_UNIT_PRESERVED;DIRECT_RECORD_DISABLED;SEARCH_RANK_DEMOTED,,,false,true,
18498,D710-456520000-0001,김치볶음_햄,볶음류,햄,해당없음,해당없음,100ml,91,100,ml,91,VOLUME_ONLY_UNRESOLVED,SOLID_WITH_VOLUME_BASIS;VOLUME_ONLY_NO_SAFE_ALTERNATIVE;SOURCE_UNIT_PRESERVED;DIRECT_RECORD_DISABLED;SEARCH_RANK_DEMOTED,,,false,true,
18500,D710-456310000-0001,김치볶음_참치,볶음류,참치,해당없음,해당없음,100ml,72,100,ml,72,MASS_ALTERNATIVE_AVAILABLE,SOLID_WITH_VOLUME_BASIS;MASS_ALTERNATIVE_FOUND;SOURCE_UNIT_PRESERVED;DIRECT_RECORD_DISABLED;SEARCH_RANK_DEMOTED,D110-456310000-0001,,false,true,
18501,D510-456310000-0001,김치볶음_참치,볶음류,참치,해당없음,해당없음,100ml,239,100,ml,239,MASS_ALTERNATIVE_AVAILABLE,SOLID_WITH_VOLUME_BASIS;MASS_ALTERNATIVE_FOUND;SOURCE_UNIT_PRESERVED;DIRECT_RECORD_DISABLED;SEARCH_RANK_DEMOTED,D110-456310000-0001,,false,true,
18502,D410-456310000-0001,김치볶음_참치,볶음류,참치,해당없음,해당없음,100ml,72,100,ml,72,MASS_ALTERNATIVE_AVAILABLE,SOLID_WITH_VOLUME_BASIS;MASS_ALTERNATIVE_FOUND;SOURCE_UNIT_PRESERVED;DIRECT_RECORD_DISABLED;SEARCH_RANK_DEMOTED,D110-456310000-0001,,false,true,
18503,D610-456310000-0001,김치볶음_참치,볶음류,참치,해당없음,해당없음,100ml,64,100,ml,64,MASS_ALTERNATIVE_AVAILABLE,SOLID_WITH_VOLUME_BASIS;MASS_ALTERNATIVE_FOUND;SOURCE_UNIT_PRESERVED;DIRECT_RECORD_DISABLED;SEARCH_RANK_DEMOTED,D110-456310000-0001,,false,true,
18504,D510-456160000-0001,김치볶음_돼지고기,볶음류,돼지고기,해당없음,해당없음,100ml,167,100,ml,167,VOLUME_ONLY_UNRESOLVED,SOLID_WITH_VOLUME_BASIS;VOLUME_ONLY_NO_SAFE_ALTERNATIVE;SOURCE_UNIT_PRESERVED;DIRECT_RECORD_DISABLED;SEARCH_RANK_DEMOTED,,,false,true,
18505,D610-456160000-0001,김치볶음_돼지고기,볶음류,돼지고기,해당없음,해당없음,100ml,161,100,ml,161,VOLUME_ONLY_UNRESOLVED,SOLID_WITH_VOLUME_BASIS;VOLUME_ONLY_NO_SAFE_ALTERNATIVE;SOURCE_UNIT_PRESERVED;DIRECT_RECORD_DISABLED;SEARCH_RANK_DEMOTED,,,false,true,
18506,D410-456160000-0001,김치볶음_돼지고기,볶음류,돼지고기,해당없음,해당없음,100ml,58,100,ml,58,VOLUME_ONLY_UNRESOLVED,SOLID_WITH_VOLUME_BASIS;VOLUME_ONLY_NO_SAFE_ALTERNATIVE;SOURCE_UNIT_PRESERVED;DIRECT_RECORD_DISABLED;SEARCH_RANK_DEMOTED,,,false,true,
18507,D710-456160000-0001,김치볶음_돼지고기,볶음류,돼지고기,해당없음,해당없음,100ml,58,100,ml,58,VOLUME_ONLY_UNRESOLVED,SOLID_WITH_VOLUME_BASIS;VOLUME_ONLY_NO_SAFE_ALTERNATIVE;SOURCE_UNIT_PRESERVED;DIRECT_RECORD_DISABLED;SEARCH_RANK_DEMOTED,,,false,true,
18509,D710-456114200-0001,김치볶음_김치_참치,볶음류,김치,참치,해당없음,100ml,66,100,ml,66,VOLUME_ONLY_UNRESOLVED,SOLID_WITH_VOLUME_BASIS;VOLUME_ONLY_NO_SAFE_ALTERNATIVE;SOURCE_UNIT_PRESERVED;DIRECT_RECORD_DISABLED;SEARCH_RANK_DEMOTED,,,false,true,
18510,D610-456114200-0001,김치볶음_김치_참치,볶음류,김치,참치,해당없음,100ml,57,100,ml,57,VOLUME_ONLY_UNRESOLVED,SOLID_WITH_VOLUME_BASIS;VOLUME_ONLY_NO_SAFE_ALTERNATIVE;SOURCE_UNIT_PRESERVED;DIRECT_RECORD_DISABLED;SEARCH_RANK_DEMOTED,,,false,true,
18511,D410-456110000-0001,김치볶음_김치,볶음류,김치,해당없음,해당없음,100ml,34,100,ml,34,VOLUME_ONLY_UNRESOLVED,SOLID_WITH_VOLUME_BASIS;VOLUME_ONLY_NO_SAFE_ALTERNATIVE;SOURCE_UNIT_PRESERVED;DIRECT_RECORD_DISABLED;SEARCH_RANK_DEMOTED,,,false,true,
18512,D610-456110000-0001,김치볶음_김치,볶음류,김치,해당없음,해당없음,100ml,54,100,ml,54,VOLUME_ONLY_UNRESOLVED,SOLID_WITH_VOLUME_BASIS;VOLUME_ONLY_NO_SAFE_ALTERNATIVE;SOURCE_UNIT_PRESERVED;DIRECT_RECORD_DISABLED;SEARCH_RANK_DEMOTED,,,false,true,
18513,D410-456000000-0001,김치볶음,볶음류,해당없음,해당없음,해당없음,100ml,38,100,ml,38,MASS_ALTERNATIVE_AVAILABLE,SOLID_WITH_VOLUME_BASIS;MASS_ALTERNATIVE_FOUND;SOURCE_UNIT_PRESERVED;DIRECT_RECORD_DISABLED;SEARCH_RANK_DEMOTED,D110-456000000-0001,,false,true,
18514,D610-456000000-0001,김치볶음,볶음류,해당없음,해당없음,해당없음,100ml,60,100,ml,60,MASS_ALTERNATIVE_AVAILABLE,SOLID_WITH_VOLUME_BASIS;MASS_ALTERNATIVE_FOUND;SOURCE_UNIT_PRESERVED;DIRECT_RECORD_DISABLED;SEARCH_RANK_DEMOTED,D110-456000000-0001,,false,true,
18516,D510-456000000-0001,김치볶음,볶음류,해당없음,해당없음,해당없음,100ml,38,100,ml,38,MASS_ALTERNATIVE_AVAILABLE,SOLID_WITH_VOLUME_BASIS;MASS_ALTERNATIVE_FOUND;SOURCE_UNIT_PRESERVED;DIRECT_RECORD_DISABLED;SEARCH_RANK_DEMOTED,D110-456000000-0001,,false,true,
18517,D710-456000000-0001,김치볶음,볶음류,해당없음,해당없음,해당없음,100ml,38,100,ml,38,MASS_ALTERNATIVE_AVAILABLE,SOLID_WITH_VOLUME_BASIS;MASS_ALTERNATIVE_FOUND;SOURCE_UNIT_PRESERVED;DIRECT_RECORD_DISABLED;SEARCH_RANK_DEMOTED,D110-456000000-0001,,false,true,
18518,D603-182000000-0001,김치만두,면 및 만두류,해당없음,해당없음,해당없음,100ml,76,100,ml,76,VOLUME_ONLY_UNRESOLVED,SOLID_WITH_VOLUME_BASIS;VOLUME_ONLY_NO_SAFE_ALTERNATIVE;SOURCE_UNIT_PRESERVED;DIRECT_RECORD_DISABLED;SEARCH_RANK_DEMOTED,,,false,true,
18519,D403-182000000-0001,김치만두,면 및 만두류,해당없음,해당없음,해당없음,100ml,130,100,ml,130,VOLUME_ONLY_UNRESOLVED,SOLID_WITH_VOLUME_BASIS;VOLUME_ONLY_NO_SAFE_ALTERNATIVE;SOURCE_UNIT_PRESERVED;DIRECT_RECORD_DISABLED;SEARCH_RANK_DEMOTED,,,false,true,
18520,D503-182000000-0001,김치만두,면 및 만두류,해당없음,해당없음,해당없음,100ml,61,100,ml,61,VOLUME_ONLY_UNRESOLVED,SOLID_WITH_VOLUME_BASIS;VOLUME_ONLY_NO_SAFE_ALTERNATIVE;SOURCE_UNIT_PRESERVED;DIRECT_RECORD_DISABLED;SEARCH_RANK_DEMOTED,,,false,true,
18521,D703-182000000-0001,김치만두,면 및 만두류,해당없음,해당없음,해당없음,100ml,28,100,ml,28,VOLUME_ONLY_UNRESOLVED,SOLID_WITH_VOLUME_BASIS;VOLUME_ONLY_NO_SAFE_ALTERNATIVE;SOURCE_UNIT_PRESERVED;DIRECT_RECORD_DISABLED;SEARCH_RANK_DEMOTED,,,false,true,
18545,D601-059200000-0001,김치 볶음밥_모듬,밥류,모듬,해당없음,해당없음,100ml,129,100,ml,129,VOLUME_ONLY_UNRESOLVED,SOLID_WITH_VOLUME_BASIS;VOLUME_ONLY_NO_SAFE_ALTERNATIVE;SOURCE_UNIT_PRESERVED;DIRECT_RECORD_DISABLED;SEARCH_RANK_DEMOTED,,,false,true,
18546,D401-059200000-0001,김치 볶음밥_모듬,밥류,모듬,해당없음,해당없음,100ml,130,100,ml,130,VOLUME_ONLY_UNRESOLVED,SOLID_WITH_VOLUME_BASIS;VOLUME_ONLY_NO_SAFE_ALTERNATIVE;SOURCE_UNIT_PRESERVED;DIRECT_RECORD_DISABLED;SEARCH_RANK_DEMOTED,,,false,true,
18549,D410-506000000-0001,김치 돼지고기볶음,볶음류,해당없음,해당없음,해당없음,100ml,113,100,ml,113,VOLUME_ONLY_UNRESOLVED,SOLID_WITH_VOLUME_BASIS;VOLUME_ONLY_NO_SAFE_ALTERNATIVE;SOURCE_UNIT_PRESERVED;DIRECT_RECORD_DISABLED;SEARCH_RANK_DEMOTED,,,false,true,
18550,D510-506000000-0001,김치 돼지고기볶음,볶음류,해당없음,해당없음,해당없음,100ml,113,100,ml,113,VOLUME_ONLY_UNRESOLVED,SOLID_WITH_VOLUME_BASIS;VOLUME_ONLY_NO_SAFE_ALTERNATIVE;SOURCE_UNIT_PRESERVED;DIRECT_RECORD_DISABLED;SEARCH_RANK_DEMOTED,,,false,true,
18551,D710-506000000-0001,김치 돼지고기볶음,볶음류,해당없음,해당없음,해당없음,100ml,113,100,ml,113,VOLUME_ONLY_UNRESOLVED,SOLID_WITH_VOLUME_BASIS;VOLUME_ONLY_NO_SAFE_ALTERNATIVE;SOURCE_UNIT_PRESERVED;DIRECT_RECORD_DISABLED;SEARCH_RANK_DEMOTED,,,false,true,
18552,D603-181000000-0001,김치 고기만두,면 및 만두류,해당없음,해당없음,해당없음,100ml,294,100,ml,294,VOLUME_ONLY_UNRESOLVED,SOLID_WITH_VOLUME_BASIS;VOLUME_ONLY_NO_SAFE_ALTERNATIVE;SOURCE_UNIT_PRESERVED;DIRECT_RECORD_DISABLED;SEARCH_RANK_DEMOTED,,,false,true,
18553,D503-181000000-0001,김치 고기만두,면 및 만두류,해당없음,해당없음,해당없음,100ml,294,100,ml,294,VOLUME_ONLY_UNRESOLVED,SOLID_WITH_VOLUME_BASIS;VOLUME_ONLY_NO_SAFE_ALTERNATIVE;SOURCE_UNIT_PRESERVED;DIRECT_RECORD_DISABLED;SEARCH_RANK_DEMOTED,,,false,true,
18554,D703-181000000-0001,김치 고기만두,면 및 만두류,해당없음,해당없음,해당없음,100ml,294,100,ml,294,VOLUME_ONLY_UNRESOLVED,SOLID_WITH_VOLUME_BASIS;VOLUME_ONLY_NO_SAFE_ALTERNATIVE;SOURCE_UNIT_PRESERVED;DIRECT_RECORD_DISABLED;SEARCH_RANK_DEMOTED,,,false,true,
18555,D412-580000000-0001,김부각,튀김류,해당없음,해당없음,해당없음,100ml,415,100,ml,415,VOLUME_ONLY_UNRESOLVED,SOLID_WITH_VOLUME_BASIS;VOLUME_ONLY_NO_SAFE_ALTERNATIVE;SOURCE_UNIT_PRESERVED;DIRECT_RECORD_DISABLED;SEARCH_RANK_DEMOTED,,,false,true,
18556,D712-580000000-0001,김부각,튀김류,해당없음,해당없음,해당없음,100ml,415,100,ml,415,VOLUME_ONLY_UNRESOLVED,SOLID_WITH_VOLUME_BASIS;VOLUME_ONLY_NO_SAFE_ALTERNATIVE;SOURCE_UNIT_PRESERVED;DIRECT_RECORD_DISABLED;SEARCH_RANK_DEMOTED,,,false,true,
18557,D512-580000000-0001,김부각,튀김류,해당없음,해당없음,해당없음,100ml,158,100,ml,158,VOLUME_ONLY_UNRESOLVED,SOLID_WITH_VOLUME_BASIS;VOLUME_ONLY_NO_SAFE_ALTERNATIVE;SOURCE_UNIT_PRESERVED;DIRECT_RECORD_DISABLED;SEARCH_RANK_DEMOTED,,,false,true,
18560,D401-007490000-0001,김밥_치즈,밥류,치즈,해당없음,해당없음,100ml,122,100,ml,122,MASS_ALTERNATIVE_AVAILABLE,SOLID_WITH_VOLUME_BASIS;MASS_ALTERNATIVE_FOUND;SOURCE_UNIT_PRESERVED;DIRECT_RECORD_DISABLED;SEARCH_RANK_DEMOTED,D101-007490000-0001,,false,true,
18562,D501-007480000-0001,김밥_채소,밥류,채소,해당없음,해당없음,100ml,102,100,ml,102,MASS_ALTERNATIVE_AVAILABLE,SOLID_WITH_VOLUME_BASIS;MASS_ALTERNATIVE_FOUND;SOURCE_UNIT_PRESERVED;DIRECT_RECORD_DISABLED;SEARCH_RANK_DEMOTED,D101-007480000-0001,,false,true,
18563,D601-007480000-0001,김밥_채소,밥류,채소,해당없음,해당없음,100ml,102,100,ml,102,MASS_ALTERNATIVE_AVAILABLE,SOLID_WITH_VOLUME_BASIS;MASS_ALTERNATIVE_FOUND;SOURCE_UNIT_PRESERVED;DIRECT_RECORD_DISABLED;SEARCH_RANK_DEMOTED,D101-007480000-0001,,false,true,
18564,D401-007480000-0001,김밥_채소,밥류,채소,해당없음,해당없음,100ml,102,100,ml,102,MASS_ALTERNATIVE_AVAILABLE,SOLID_WITH_VOLUME_BASIS;MASS_ALTERNATIVE_FOUND;SOURCE_UNIT_PRESERVED;DIRECT_RECORD_DISABLED;SEARCH_RANK_DEMOTED,D101-007480000-0001,,false,true,
18565,D701-007480000-0001,김밥_채소,밥류,채소,해당없음,해당없음,100ml,105,100,ml,105,MASS_ALTERNATIVE_AVAILABLE,SOLID_WITH_VOLUME_BASIS;MASS_ALTERNATIVE_FOUND;SOURCE_UNIT_PRESERVED;DIRECT_RECORD_DISABLED;SEARCH_RANK_DEMOTED,D101-007480000-0001,,false,true,
18566,D401-007455900-0001,김밥_참치_김치,밥류,참치,김치,해당없음,100ml,125,100,ml,125,VOLUME_ONLY_UNRESOLVED,SOLID_WITH_VOLUME_BASIS;VOLUME_ONLY_NO_SAFE_ALTERNATIVE;SOURCE_UNIT_PRESERVED;DIRECT_RECORD_DISABLED;SEARCH_RANK_DEMOTED,,,false,true,
18567,D401-007450400-0001,김밥_참치_고추,밥류,참치,고추,해당없음,100ml,119,100,ml,119,VOLUME_ONLY_UNRESOLVED,SOLID_WITH_VOLUME_BASIS;VOLUME_ONLY_NO_SAFE_ALTERNATIVE;SOURCE_UNIT_PRESERVED;DIRECT_RECORD_DISABLED;SEARCH_RANK_DEMOTED,,,false,true,
18568,D401-007450000-0001,김밥_참치,밥류,참치,해당없음,해당없음,100ml,128,100,ml,128,MASS_ALTERNATIVE_AVAILABLE,SOLID_WITH_VOLUME_BASIS;MASS_ALTERNATIVE_FOUND;SOURCE_UNIT_PRESERVED;DIRECT_RECORD_DISABLED;SEARCH_RANK_DEMOTED,D101-007450000-0001;D301-007450000-0002,,false,true,
18570,D701-007450000-0001,김밥_참치,밥류,참치,해당없음,해당없음,100ml,128,100,ml,128,MASS_ALTERNATIVE_AVAILABLE,SOLID_WITH_VOLUME_BASIS;MASS_ALTERNATIVE_FOUND;SOURCE_UNIT_PRESERVED;DIRECT_RECORD_DISABLED;SEARCH_RANK_DEMOTED,D101-007450000-0001;D301-007450000-0002,,false,true,
18571,D601-007450000-0001,김밥_참치,밥류,참치,해당없음,해당없음,100ml,129,100,ml,129,MASS_ALTERNATIVE_AVAILABLE,SOLID_WITH_VOLUME_BASIS;MASS_ALTERNATIVE_FOUND;SOURCE_UNIT_PRESERVED;DIRECT_RECORD_DISABLED;SEARCH_RANK_DEMOTED,D101-007450000-0001;D301-007450000-0002,,false,true,
18574,D401-007280000-0001,김밥_소고기,밥류,소고기,해당없음,해당없음,100ml,108,100,ml,108,MASS_ALTERNATIVE_AVAILABLE,SOLID_WITH_VOLUME_BASIS;MASS_ALTERNATIVE_FOUND;SOURCE_UNIT_PRESERVED;DIRECT_RECORD_DISABLED;SEARCH_RANK_DEMOTED,D101-007280000-0001;D301-007280000-0001,,false,true,
18575,D701-007280000-0001,김밥_소고기,밥류,소고기,해당없음,해당없음,100ml,110,100,ml,110,MASS_ALTERNATIVE_AVAILABLE,SOLID_WITH_VOLUME_BASIS;MASS_ALTERNATIVE_FOUND;SOURCE_UNIT_PRESERVED;DIRECT_RECORD_DISABLED;SEARCH_RANK_DEMOTED,D101-007280000-0001;D301-007280000-0001,,false,true,
18577,D401-007610000-0001,김밥_샐러리,밥류,샐러리,해당없음,해당없음,100ml,130,100,ml,130,VOLUME_ONLY_UNRESOLVED,SOLID_WITH_VOLUME_BASIS;VOLUME_ONLY_NO_SAFE_ALTERNATIVE;SOURCE_UNIT_PRESERVED;DIRECT_RECORD_DISABLED;SEARCH_RANK_DEMOTED,,,false,true,
18578,D401-007270000-0001,김밥_샐러드,밥류,샐러드,해당없음,해당없음,100ml,117,100,ml,117,MASS_ALTERNATIVE_AVAILABLE,SOLID_WITH_VOLUME_BASIS;MASS_ALTERNATIVE_FOUND;SOURCE_UNIT_PRESERVED;DIRECT_RECORD_DISABLED;SEARCH_RANK_DEMOTED,D301-007270000-0001,,false,true,
18580,D401-007190400-0001,김밥_멸치_고추,밥류,멸치,고추,해당없음,100ml,122,100,ml,122,VOLUME_ONLY_UNRESOLVED,SOLID_WITH_VOLUME_BASIS;VOLUME_ONLY_NO_SAFE_ALTERNATIVE;SOURCE_UNIT_PRESERVED;DIRECT_RECORD_DISABLED;SEARCH_RANK_DEMOTED,,,false,true,
18582,D401-007120000-0001,김밥_돈가스,밥류,돈가스,해당없음,해당없음,100ml,148,100,ml,148,MASS_ALTERNATIVE_AVAILABLE,SOLID_WITH_VOLUME_BASIS;MASS_ALTERNATIVE_FOUND;SOURCE_UNIT_PRESERVED;DIRECT_RECORD_DISABLED;SEARCH_RANK_DEMOTED,D101-007120000-0001,,false,true,
18584,D401-007090000-0001,김밥_날치알,밥류,날치알,해당없음,해당없음,100ml,104,100,ml,104,MASS_ALTERNATIVE_AVAILABLE,SOLID_WITH_VOLUME_BASIS;MASS_ALTERNATIVE_FOUND;SOURCE_UNIT_PRESERVED;DIRECT_RECORD_DISABLED;SEARCH_RANK_DEMOTED,D101-007090000-0001,,false,true,
18585,D401-007070000-0001,김밥_김치,밥류,김치,해당없음,해당없음,100ml,109,100,ml,109,MASS_ALTERNATIVE_AVAILABLE,SOLID_WITH_VOLUME_BASIS;MASS_ALTERNATIVE_FOUND;SOURCE_UNIT_PRESERVED;DIRECT_RECORD_DISABLED;SEARCH_RANK_DEMOTED,D101-007070000-0001,,false,true,
18587,D401-007560000-0001,김밥_고추,밥류,고추,해당없음,해당없음,100ml,94,100,ml,94,VOLUME_ONLY_UNRESOLVED,SOLID_WITH_VOLUME_BASIS;VOLUME_ONLY_NO_SAFE_ALTERNATIVE;SOURCE_UNIT_PRESERVED;DIRECT_RECORD_DISABLED;SEARCH_RANK_DEMOTED,,,false,true,
18588,D501-007030000-0001,김밥_계란,밥류,계란,해당없음,해당없음,100ml,99,100,ml,99,VOLUME_ONLY_UNRESOLVED,SOLID_WITH_VOLUME_BASIS;VOLUME_ONLY_NO_SAFE_ALTERNATIVE;SOURCE_UNIT_PRESERVED;DIRECT_RECORD_DISABLED;SEARCH_RANK_DEMOTED,,,false,true,
18589,D401-007030000-0001,김밥_계란,밥류,계란,해당없음,해당없음,100ml,97,100,ml,97,VOLUME_ONLY_UNRESOLVED,SOLID_WITH_VOLUME_BASIS;VOLUME_ONLY_NO_SAFE_ALTERNATIVE;SOURCE_UNIT_PRESERVED;DIRECT_RECORD_DISABLED;SEARCH_RANK_DEMOTED,,,false,true,
18591,D501-007000000-0001,김밥,밥류,해당없음,해당없음,해당없음,100ml,185,100,ml,185,MASS_ALTERNATIVE_AVAILABLE,SOLID_WITH_VOLUME_BASIS;MASS_ALTERNATIVE_FOUND;SOURCE_UNIT_PRESERVED;DIRECT_RECORD_DISABLED;SEARCH_RANK_DEMOTED,D101-007000000-0001,,false,true,
18592,D701-007000000-0001,김밥,밥류,해당없음,해당없음,해당없음,100ml,157,100,ml,157,MASS_ALTERNATIVE_AVAILABLE,SOLID_WITH_VOLUME_BASIS;MASS_ALTERNATIVE_FOUND;SOURCE_UNIT_PRESERVED;DIRECT_RECORD_DISABLED;SEARCH_RANK_DEMOTED,D101-007000000-0001,,false,true,
18597,D612-541000000-0001,김말이튀김,튀김류,해당없음,해당없음,해당없음,100ml,132,100,ml,132,MASS_ALTERNATIVE_AVAILABLE,SOLID_WITH_VOLUME_BASIS;MASS_ALTERNATIVE_FOUND;SOURCE_UNIT_PRESERVED;DIRECT_RECORD_DISABLED;SEARCH_RANK_DEMOTED,D312-541000000-0001;D312-541000000-0002,,false,true,
18598,D712-541000000-0001,김말이튀김,튀김류,해당없음,해당없음,해당없음,100ml,132,100,ml,132,MASS_ALTERNATIVE_AVAILABLE,SOLID_WITH_VOLUME_BASIS;MASS_ALTERNATIVE_FOUND;SOURCE_UNIT_PRESERVED;DIRECT_RECORD_DISABLED;SEARCH_RANK_DEMOTED,D312-541000000-0001;D312-541000000-0002,,false,true,
18599,D512-541000000-0001,김말이튀김,튀김류,해당없음,해당없음,해당없음,100ml,132,100,ml,132,MASS_ALTERNATIVE_AVAILABLE,SOLID_WITH_VOLUME_BASIS;MASS_ALTERNATIVE_FOUND;SOURCE_UNIT_PRESERVED;DIRECT_RECORD_DISABLED;SEARCH_RANK_DEMOTED,D312-541000000-0001;D312-541000000-0002,,false,true,
18600,D412-541000000-0001,김말이튀김,튀김류,해당없음,해당없음,해당없음,100ml,132,100,ml,132,MASS_ALTERNATIVE_AVAILABLE,SOLID_WITH_VOLUME_BASIS;MASS_ALTERNATIVE_FOUND;SOURCE_UNIT_PRESERVED;DIRECT_RECORD_DISABLED;SEARCH_RANK_DEMOTED,D312-541000000-0001;D312-541000000-0002,,false,true,
18862,D601-006470000-0001,기장밥_찹쌀,밥류,찹쌀,해당없음,해당없음,100ml,121,100,ml,121,VOLUME_ONLY_UNRESOLVED,SOLID_WITH_VOLUME_BASIS;VOLUME_ONLY_NO_SAFE_ALTERNATIVE;SOURCE_UNIT_PRESERVED;DIRECT_RECORD_DISABLED;SEARCH_RANK_DEMOTED,,,false,true,
18863,D501-006470000-0001,기장밥_찹쌀,밥류,찹쌀,해당없음,해당없음,100ml,118,100,ml,118,VOLUME_ONLY_UNRESOLVED,SOLID_WITH_VOLUME_BASIS;VOLUME_ONLY_NO_SAFE_ALTERNATIVE;SOURCE_UNIT_PRESERVED;DIRECT_RECORD_DISABLED;SEARCH_RANK_DEMOTED,,,false,true,
18864,D701-006470000-0001,기장밥_찹쌀,밥류,찹쌀,해당없음,해당없음,100ml,119,100,ml,119,VOLUME_ONLY_UNRESOLVED,SOLID_WITH_VOLUME_BASIS;VOLUME_ONLY_NO_SAFE_ALTERNATIVE;SOURCE_UNIT_PRESERVED;DIRECT_RECORD_DISABLED;SEARCH_RANK_DEMOTED,,,false,true,
18865,D701-006000000-0001,기장밥,밥류,해당없음,해당없음,해당없음,100ml,118,100,ml,118,MASS_ALTERNATIVE_AVAILABLE,SOLID_WITH_VOLUME_BASIS;MASS_ALTERNATIVE_FOUND;SOURCE_UNIT_PRESERVED;DIRECT_RECORD_DISABLED;SEARCH_RANK_DEMOTED,D101-006000000-0001,,false,true,
18866,D501-006000000-0001,기장밥,밥류,해당없음,해당없음,해당없음,100ml,118,100,ml,118,MASS_ALTERNATIVE_AVAILABLE,SOLID_WITH_VOLUME_BASIS;MASS_ALTERNATIVE_FOUND;SOURCE_UNIT_PRESERVED;DIRECT_RECORD_DISABLED;SEARCH_RANK_DEMOTED,D101-006000000-0001,,false,true,
18867,D601-006000000-0001,기장밥,밥류,해당없음,해당없음,해당없음,100ml,121,100,ml,121,MASS_ALTERNATIVE_AVAILABLE,SOLID_WITH_VOLUME_BASIS;MASS_ALTERNATIVE_FOUND;SOURCE_UNIT_PRESERVED;DIRECT_RECORD_DISABLED;SEARCH_RANK_DEMOTED,D101-006000000-0001,,false,true,
18868,D401-006000000-0001,기장밥,밥류,해당없음,해당없음,해당없음,100ml,129,100,ml,129,MASS_ALTERNATIVE_AVAILABLE,SOLID_WITH_VOLUME_BASIS;MASS_ALTERNATIVE_FOUND;SOURCE_UNIT_PRESERVED;DIRECT_RECORD_DISABLED;SEARCH_RANK_DEMOTED,D101-006000000-0001,,false,true,
18872,D513-603000000-0001,근대나물,나물·숙채류,해당없음,해당없음,해당없음,100ml,50,100,ml,50,VOLUME_ONLY_UNRESOLVED,SOLID_WITH_VOLUME_BASIS;VOLUME_ONLY_NO_SAFE_ALTERNATIVE;SOURCE_UNIT_PRESERVED;DIRECT_RECORD_DISABLED;SEARCH_RANK_DEMOTED,,,false,true,
18873,D713-603000000-0001,근대나물,나물·숙채류,해당없음,해당없음,해당없음,100ml,56,100,ml,56,VOLUME_ONLY_UNRESOLVED,SOLID_WITH_VOLUME_BASIS;VOLUME_ONLY_NO_SAFE_ALTERNATIVE;SOURCE_UNIT_PRESERVED;DIRECT_RECORD_DISABLED;SEARCH_RANK_DEMOTED,,,false,true,
18874,D413-603000000-0001,근대나물,나물·숙채류,해당없음,해당없음,해당없음,100ml,56,100,ml,56,VOLUME_ONLY_UNRESOLVED,SOLID_WITH_VOLUME_BASIS;VOLUME_ONLY_NO_SAFE_ALTERNATIVE;SOURCE_UNIT_PRESERVED;DIRECT_RECORD_DISABLED;SEARCH_RANK_DEMOTED,,,false,true,
18875,D613-603000000-0001,근대나물,나물·숙채류,해당없음,해당없음,해당없음,100ml,50,100,ml,50,VOLUME_ONLY_UNRESOLVED,SOLID_WITH_VOLUME_BASIS;VOLUME_ONLY_NO_SAFE_ALTERNATIVE;SOURCE_UNIT_PRESERVED;DIRECT_RECORD_DISABLED;SEARCH_RANK_DEMOTED,,,false,true,
18909,D407-356000000-0001,굴찜,찜류,해당없음,해당없음,해당없음,100ml,142,100,ml,142,VOLUME_ONLY_UNRESOLVED,SOLID_WITH_VOLUME_BASIS;VOLUME_ONLY_NO_SAFE_ALTERNATIVE;SOURCE_UNIT_PRESERVED;DIRECT_RECORD_DISABLED;SEARCH_RANK_DEMOTED,,,false,true,
18911,D709-411000000-0001,굴전,전·적 및 부침류,해당없음,해당없음,해당없음,100ml,213,100,ml,213,MASS_ALTERNATIVE_AVAILABLE,SOLID_WITH_VOLUME_BASIS;MASS_ALTERNATIVE_FOUND;SOURCE_UNIT_PRESERVED;DIRECT_RECORD_DISABLED;SEARCH_RANK_DEMOTED,D309-411000000-0001,,false,true,
18912,D409-411000000-0001,굴전,전·적 및 부침류,해당없음,해당없음,해당없음,100ml,123,100,ml,123,MASS_ALTERNATIVE_AVAILABLE,SOLID_WITH_VOLUME_BASIS;MASS_ALTERNATIVE_FOUND;SOURCE_UNIT_PRESERVED;DIRECT_RECORD_DISABLED;SEARCH_RANK_DEMOTED,D309-411000000-0001,,false,true,
18914,D608-360000000-0001,굴비구이,구이류,해당없음,해당없음,해당없음,100ml,524,100,ml,524,VOLUME_ONLY_UNRESOLVED,SOLID_WITH_VOLUME_BASIS;VOLUME_ONLY_NO_SAFE_ALTERNATIVE;SOURCE_UNIT_PRESERVED;DIRECT_RECORD_DISABLED;SEARCH_RANK_DEMOTED,,,false,true,
18915,D708-360000000-0001,굴비구이,구이류,해당없음,해당없음,해당없음,100ml,530,100,ml,530,VOLUME_ONLY_UNRESOLVED,SOLID_WITH_VOLUME_BASIS;VOLUME_ONLY_NO_SAFE_ALTERNATIVE;SOURCE_UNIT_PRESERVED;DIRECT_RECORD_DISABLED;SEARCH_RANK_DEMOTED,,,false,true,
18916,D408-360000000-0001,굴비구이,구이류,해당없음,해당없음,해당없음,100ml,122,100,ml,122,VOLUME_ONLY_UNRESOLVED,SOLID_WITH_VOLUME_BASIS;VOLUME_ONLY_NO_SAFE_ALTERNATIVE;SOURCE_UNIT_PRESERVED;DIRECT_RECORD_DISABLED;SEARCH_RANK_DEMOTED,,,false,true,
18917,D401-058000000-0001,굴밥,밥류,해당없음,해당없음,해당없음,100ml,122,100,ml,122,VOLUME_ONLY_UNRESOLVED,SOLID_WITH_VOLUME_BASIS;VOLUME_ONLY_NO_SAFE_ALTERNATIVE;SOURCE_UNIT_PRESERVED;DIRECT_RECORD_DISABLED;SEARCH_RANK_DEMOTED,,,false,true,
18918,D414-609320000-0001,굴무침_채소,생채·무침류,채소,해당없음,해당없음,100ml,41,100,ml,41,VOLUME_ONLY_UNRESOLVED,SOLID_WITH_VOLUME_BASIS;VOLUME_ONLY_NO_SAFE_ALTERNATIVE;SOURCE_UNIT_PRESERVED;DIRECT_RECORD_DISABLED;SEARCH_RANK_DEMOTED,,,false,true,
18919,D414-609470000-0001,굴무침_무,생채·무침류,무,해당없음,해당없음,100ml,29,100,ml,29,VOLUME_ONLY_UNRESOLVED,SOLID_WITH_VOLUME_BASIS;VOLUME_ONLY_NO_SAFE_ALTERNATIVE;SOURCE_UNIT_PRESERVED;DIRECT_RECORD_DISABLED;SEARCH_RANK_DEMOTED,,,false,true,
18928,D401-057000000-0001,굴 국밥,밥류,해당없음,해당없음,해당없음,100ml,63,100,ml,63,VOLUME_ONLY_UNRESOLVED,SOLID_WITH_VOLUME_BASIS;VOLUME_ONLY_NO_SAFE_ALTERNATIVE;SOURCE_UNIT_PRESERVED;DIRECT_RECORD_DISABLED;SEARCH_RANK_DEMOTED,,,false,true,
18929,D503-180000000-0001,군만두,면 및 만두류,해당없음,해당없음,해당없음,100ml,219,100,ml,219,VOLUME_ONLY_UNRESOLVED,SOLID_WITH_VOLUME_BASIS;VOLUME_ONLY_NO_SAFE_ALTERNATIVE;SOURCE_UNIT_PRESERVED;DIRECT_RECORD_DISABLED;SEARCH_RANK_DEMOTED,,,false,true,
18930,D403-180000000-0001,군만두,면 및 만두류,해당없음,해당없음,해당없음,100ml,219,100,ml,219,VOLUME_ONLY_UNRESOLVED,SOLID_WITH_VOLUME_BASIS;VOLUME_ONLY_NO_SAFE_ALTERNATIVE;SOURCE_UNIT_PRESERVED;DIRECT_RECORD_DISABLED;SEARCH_RANK_DEMOTED,,,false,true,
18931,D603-180000000-0001,군만두,면 및 만두류,해당없음,해당없음,해당없음,100ml,219,100,ml,219,VOLUME_ONLY_UNRESOLVED,SOLID_WITH_VOLUME_BASIS;VOLUME_ONLY_NO_SAFE_ALTERNATIVE;SOURCE_UNIT_PRESERVED;DIRECT_RECORD_DISABLED;SEARCH_RANK_DEMOTED,,,false,true,
18932,D703-180000000-0001,군만두,면 및 만두류,해당없음,해당없음,해당없음,100ml,219,100,ml,219,VOLUME_ONLY_UNRESOLVED,SOLID_WITH_VOLUME_BASIS;VOLUME_ONLY_NO_SAFE_ALTERNATIVE;SOURCE_UNIT_PRESERVED;DIRECT_RECORD_DISABLED;SEARCH_RANK_DEMOTED,,,false,true,
18936,D703-142350000-0001,국수_열무김치,면 및 만두류,열무김치,해당없음,해당없음,100ml,69,100,ml,69,MASS_ALTERNATIVE_AVAILABLE,SOLID_WITH_VOLUME_BASIS;MASS_ALTERNATIVE_FOUND;SOURCE_UNIT_PRESERVED;DIRECT_RECORD_DISABLED;SEARCH_RANK_DEMOTED,D303-142350000-0001,,false,true,
18937,D403-142350000-0001,국수_열무김치,면 및 만두류,열무김치,해당없음,해당없음,100ml,59,100,ml,59,MASS_ALTERNATIVE_AVAILABLE,SOLID_WITH_VOLUME_BASIS;MASS_ALTERNATIVE_FOUND;SOURCE_UNIT_PRESERVED;DIRECT_RECORD_DISABLED;SEARCH_RANK_DEMOTED,D303-142350000-0001,,false,true,
18938,D603-142350000-0001,국수_열무김치,면 및 만두류,열무김치,해당없음,해당없음,100ml,120,100,ml,120,MASS_ALTERNATIVE_AVAILABLE,SOLID_WITH_VOLUME_BASIS;MASS_ALTERNATIVE_FOUND;SOURCE_UNIT_PRESERVED;DIRECT_RECORD_DISABLED;SEARCH_RANK_DEMOTED,D303-142350000-0001,,false,true,
18944,D403-142000000-0001,국수,면 및 만두류,해당없음,해당없음,해당없음,100ml,56,100,ml,56,VOLUME_ONLY_UNRESOLVED,SOLID_WITH_VOLUME_BASIS;VOLUME_ONLY_NO_SAFE_ALTERNATIVE;SOURCE_UNIT_PRESERVED;DIRECT_RECORD_DISABLED;SEARCH_RANK_DEMOTED,,,false,true,
18945,D703-142000000-0001,국수,면 및 만두류,해당없음,해당없음,해당없음,100ml,54,100,ml,54,VOLUME_ONLY_UNRESOLVED,SOLID_WITH_VOLUME_BASIS;VOLUME_ONLY_NO_SAFE_ALTERNATIVE;SOURCE_UNIT_PRESERVED;DIRECT_RECORD_DISABLED;SEARCH_RANK_DEMOTED,,,false,true,
18946,D503-142000000-0001,국수,면 및 만두류,해당없음,해당없음,해당없음,100ml,77,100,ml,77,VOLUME_ONLY_UNRESOLVED,SOLID_WITH_VOLUME_BASIS;VOLUME_ONLY_NO_SAFE_ALTERNATIVE;SOURCE_UNIT_PRESERVED;DIRECT_RECORD_DISABLED;SEARCH_RANK_DEMOTED,,,false,true,
18956,D514-608000000-0001,과일샐러드,생채·무침류,해당없음,해당없음,해당없음,100ml,65,100,ml,65,VOLUME_ONLY_UNRESOLVED,SOLID_WITH_VOLUME_BASIS;VOLUME_ONLY_NO_SAFE_ALTERNATIVE;SOURCE_UNIT_PRESERVED;DIRECT_RECORD_DISABLED;SEARCH_RANK_DEMOTED,,,false,true,
18957,D714-608000000-0001,과일샐러드,생채·무침류,해당없음,해당없음,해당없음,100ml,108,100,ml,108,VOLUME_ONLY_UNRESOLVED,SOLID_WITH_VOLUME_BASIS;VOLUME_ONLY_NO_SAFE_ALTERNATIVE;SOURCE_UNIT_PRESERVED;DIRECT_RECORD_DISABLED;SEARCH_RANK_DEMOTED,,,false,true,
18958,D414-608000000-0001,과일샐러드,생채·무침류,해당없음,해당없음,해당없음,100ml,75,100,ml,75,VOLUME_ONLY_UNRESOLVED,SOLID_WITH_VOLUME_BASIS;VOLUME_ONLY_NO_SAFE_ALTERNATIVE;SOURCE_UNIT_PRESERVED;DIRECT_RECORD_DISABLED;SEARCH_RANK_DEMOTED,,,false,true,
18959,D614-608000000-0001,과일샐러드,생채·무침류,해당없음,해당없음,해당없음,100ml,102,100,ml,102,VOLUME_ONLY_UNRESOLVED,SOLID_WITH_VOLUME_BASIS;VOLUME_ONLY_NO_SAFE_ALTERNATIVE;SOURCE_UNIT_PRESERVED;DIRECT_RECORD_DISABLED;SEARCH_RANK_DEMOTED,,,false,true,
19196,D410-455160000-0001,곱창볶음_돼지고기,볶음류,돼지고기,해당없음,해당없음,100ml,182,100,ml,182,MASS_ALTERNATIVE_AVAILABLE,SOLID_WITH_VOLUME_BASIS;MASS_ALTERNATIVE_FOUND;SOURCE_UNIT_PRESERVED;DIRECT_RECORD_DISABLED;SEARCH_RANK_DEMOTED,D110-455160000-0001,,false,true,
19206,D514-607323300-0001,골뱅이무침_채소_소면,생채·무침류,채소,소면,해당없음,100ml,87,100,ml,87,VOLUME_ONLY_UNRESOLVED,SOLID_WITH_VOLUME_BASIS;VOLUME_ONLY_NO_SAFE_ALTERNATIVE;SOURCE_UNIT_PRESERVED;DIRECT_RECORD_DISABLED;SEARCH_RANK_DEMOTED,,,false,true,
19207,D514-607320000-0001,골뱅이무침_채소,생채·무침류,채소,해당없음,해당없음,100ml,60,100,ml,60,VOLUME_ONLY_UNRESOLVED,SOLID_WITH_VOLUME_BASIS;VOLUME_ONLY_NO_SAFE_ALTERNATIVE;SOURCE_UNIT_PRESERVED;DIRECT_RECORD_DISABLED;SEARCH_RANK_DEMOTED,,,false,true,
19208,D614-607320000-0001,골뱅이무침_채소,생채·무침류,채소,해당없음,해당없음,100ml,59,100,ml,59,VOLUME_ONLY_UNRESOLVED,SOLID_WITH_VOLUME_BASIS;VOLUME_ONLY_NO_SAFE_ALTERNATIVE;SOURCE_UNIT_PRESERVED;DIRECT_RECORD_DISABLED;SEARCH_RANK_DEMOTED,,,false,true,
19209,D714-607320000-0001,골뱅이무침_채소,생채·무침류,채소,해당없음,해당없음,100ml,69,100,ml,69,VOLUME_ONLY_UNRESOLVED,SOLID_WITH_VOLUME_BASIS;VOLUME_ONLY_NO_SAFE_ALTERNATIVE;SOURCE_UNIT_PRESERVED;DIRECT_RECORD_DISABLED;SEARCH_RANK_DEMOTED,,,false,true,
19210,D414-607200000-0001,골뱅이무침_소면,생채·무침류,소면,해당없음,해당없음,100ml,102,100,ml,102,MASS_ALTERNATIVE_AVAILABLE,SOLID_WITH_VOLUME_BASIS;MASS_ALTERNATIVE_FOUND;SOURCE_UNIT_PRESERVED;DIRECT_RECORD_DISABLED;SEARCH_RANK_DEMOTED,D114-607200000-0001,,false,true,
19212,D614-607000000-0001,골뱅이무침,생채·무침류,해당없음,해당없음,해당없음,100ml,118,100,ml,118,MASS_ALTERNATIVE_AVAILABLE,SOLID_WITH_VOLUME_BASIS;MASS_ALTERNATIVE_FOUND;SOURCE_UNIT_PRESERVED;DIRECT_RECORD_DISABLED;SEARCH_RANK_DEMOTED,D314-607000000-0001,,false,true,
19213,D514-607000000-0001,골뱅이무침,생채·무침류,해당없음,해당없음,해당없음,100ml,118,100,ml,118,MASS_ALTERNATIVE_AVAILABLE,SOLID_WITH_VOLUME_BASIS;MASS_ALTERNATIVE_FOUND;SOURCE_UNIT_PRESERVED;DIRECT_RECORD_DISABLED;SEARCH_RANK_DEMOTED,D314-607000000-0001,,false,true,
19215,D711-541000000-0001,곤약조림,조림류,해당없음,해당없음,해당없음,100ml,31,100,ml,31,VOLUME_ONLY_UNRESOLVED,SOLID_WITH_VOLUME_BASIS;VOLUME_ONLY_NO_SAFE_ALTERNATIVE;SOURCE_UNIT_PRESERVED;DIRECT_RECORD_DISABLED;SEARCH_RANK_DEMOTED,,,false,true,
19216,D511-541000000-0001,곤약조림,조림류,해당없음,해당없음,해당없음,100ml,43,100,ml,43,VOLUME_ONLY_UNRESOLVED,SOLID_WITH_VOLUME_BASIS;VOLUME_ONLY_NO_SAFE_ALTERNATIVE;SOURCE_UNIT_PRESERVED;DIRECT_RECORD_DISABLED;SEARCH_RANK_DEMOTED,,,false,true,
19217,D411-541000000-0001,곤약조림,조림류,해당없음,해당없음,해당없음,100ml,31,100,ml,31,VOLUME_ONLY_UNRESOLVED,SOLID_WITH_VOLUME_BASIS;VOLUME_ONLY_NO_SAFE_ALTERNATIVE;SOURCE_UNIT_PRESERVED;DIRECT_RECORD_DISABLED;SEARCH_RANK_DEMOTED,,,false,true,
19218,D611-541000000-0001,곤약조림,조림류,해당없음,해당없음,해당없음,100ml,43,100,ml,43,VOLUME_ONLY_UNRESOLVED,SOLID_WITH_VOLUME_BASIS;VOLUME_ONLY_NO_SAFE_ALTERNATIVE;SOURCE_UNIT_PRESERVED;DIRECT_RECORD_DISABLED;SEARCH_RANK_DEMOTED,,,false,true,
19219,D414-606110000-0001,곤약무침_마요네즈,생채·무침류,마요네즈,해당없음,해당없음,100ml,83,100,ml,83,VOLUME_ONLY_UNRESOLVED,SOLID_WITH_VOLUME_BASIS;VOLUME_ONLY_NO_SAFE_ALTERNATIVE;SOURCE_UNIT_PRESERVED;DIRECT_RECORD_DISABLED;SEARCH_RANK_DEMOTED,,,false,true,
19220,D501-003350000-0001,곤드레밥_양념장,밥류,양념장,해당없음,해당없음,100ml,87,100,ml,87,VOLUME_ONLY_UNRESOLVED,SOLID_WITH_VOLUME_BASIS;VOLUME_ONLY_NO_SAFE_ALTERNATIVE;SOURCE_UNIT_PRESERVED;DIRECT_RECORD_DISABLED;SEARCH_RANK_DEMOTED,,,false,true,
19221,D701-003000000-0001,곤드레밥,밥류,해당없음,해당없음,해당없음,100ml,124,100,ml,124,VOLUME_ONLY_UNRESOLVED,SOLID_WITH_VOLUME_BASIS;VOLUME_ONLY_NO_SAFE_ALTERNATIVE;SOURCE_UNIT_PRESERVED;DIRECT_RECORD_DISABLED;SEARCH_RANK_DEMOTED,,,false,true,
19222,D501-003000000-0001,곤드레밥,밥류,해당없음,해당없음,해당없음,100ml,124,100,ml,124,VOLUME_ONLY_UNRESOLVED,SOLID_WITH_VOLUME_BASIS;VOLUME_ONLY_NO_SAFE_ALTERNATIVE;SOURCE_UNIT_PRESERVED;DIRECT_RECORD_DISABLED;SEARCH_RANK_DEMOTED,,,false,true,
19223,D401-003000000-0001,곤드레밥,밥류,해당없음,해당없음,해당없음,100ml,124,100,ml,124,VOLUME_ONLY_UNRESOLVED,SOLID_WITH_VOLUME_BASIS;VOLUME_ONLY_NO_SAFE_ALTERNATIVE;SOURCE_UNIT_PRESERVED;DIRECT_RECORD_DISABLED;SEARCH_RANK_DEMOTED,,,false,true,
19224,D601-003000000-0001,곤드레밥,밥류,해당없음,해당없음,해당없음,100ml,124,100,ml,124,VOLUME_ONLY_UNRESOLVED,SOLID_WITH_VOLUME_BASIS;VOLUME_ONLY_NO_SAFE_ALTERNATIVE;SOURCE_UNIT_PRESERVED;DIRECT_RECORD_DISABLED;SEARCH_RANK_DEMOTED,,,false,true,
19227,D413-602000000-0001,고춧잎나물,나물·숙채류,해당없음,해당없음,해당없음,100ml,30,100,ml,30,VOLUME_ONLY_UNRESOLVED,SOLID_WITH_VOLUME_BASIS;VOLUME_ONLY_NO_SAFE_ALTERNATIVE;SOURCE_UNIT_PRESERVED;DIRECT_RECORD_DISABLED;SEARCH_RANK_DEMOTED,,,false,true,
19228,D713-602000000-0001,고춧잎나물,나물·숙채류,해당없음,해당없음,해당없음,100ml,41,100,ml,41,VOLUME_ONLY_UNRESOLVED,SOLID_WITH_VOLUME_BASIS;VOLUME_ONLY_NO_SAFE_ALTERNATIVE;SOURCE_UNIT_PRESERVED;DIRECT_RECORD_DISABLED;SEARCH_RANK_DEMOTED,,,false,true,
19229,D513-602000000-0001,고춧잎나물,나물·숙채류,해당없음,해당없음,해당없음,100ml,101,100,ml,101,VOLUME_ONLY_UNRESOLVED,SOLID_WITH_VOLUME_BASIS;VOLUME_ONLY_NO_SAFE_ALTERNATIVE;SOURCE_UNIT_PRESERVED;DIRECT_RECORD_DISABLED;SEARCH_RANK_DEMOTED,,,false,true,
19230,D613-602000000-0001,고춧잎나물,나물·숙채류,해당없음,해당없음,해당없음,100ml,101,100,ml,101,VOLUME_ONLY_UNRESOLVED,SOLID_WITH_VOLUME_BASIS;VOLUME_ONLY_NO_SAFE_ALTERNATIVE;SOURCE_UNIT_PRESERVED;DIRECT_RECORD_DISABLED;SEARCH_RANK_DEMOTED,,,false,true,
19236,D712-540000000-0001,고추튀김,튀김류,해당없음,해당없음,해당없음,100ml,218,100,ml,218,MASS_ALTERNATIVE_AVAILABLE,SOLID_WITH_VOLUME_BASIS;MASS_ALTERNATIVE_FOUND;SOURCE_UNIT_PRESERVED;DIRECT_RECORD_DISABLED;SEARCH_RANK_DEMOTED,D312-540000000-0001,,false,true,
19237,D412-540000000-0001,고추튀김,튀김류,해당없음,해당없음,해당없음,100ml,218,100,ml,218,MASS_ALTERNATIVE_AVAILABLE,SOLID_WITH_VOLUME_BASIS;MASS_ALTERNATIVE_FOUND;SOURCE_UNIT_PRESERVED;DIRECT_RECORD_DISABLED;SEARCH_RANK_DEMOTED,D312-540000000-0001,,false,true,
19238,D612-540000000-0001,고추튀김,튀김류,해당없음,해당없음,해당없음,100ml,177,100,ml,177,MASS_ALTERNATIVE_AVAILABLE,SOLID_WITH_VOLUME_BASIS;MASS_ALTERNATIVE_FOUND;SOURCE_UNIT_PRESERVED;DIRECT_RECORD_DISABLED;SEARCH_RANK_DEMOTED,D312-540000000-0001,,false,true,
19239,D711-510050000-0001,고추조림_멸치,조림류,멸치,해당없음,해당없음,100ml,34,100,ml,34,VOLUME_ONLY_UNRESOLVED,SOLID_WITH_VOLUME_BASIS;VOLUME_ONLY_NO_SAFE_ALTERNATIVE;SOURCE_UNIT_PRESERVED;DIRECT_RECORD_DISABLED;SEARCH_RANK_DEMOTED,,,false,true,
19240,D411-510050000-0001,고추조림_멸치,조림류,멸치,해당없음,해당없음,100ml,57,100,ml,57,VOLUME_ONLY_UNRESOLVED,SOLID_WITH_VOLUME_BASIS;VOLUME_ONLY_NO_SAFE_ALTERNATIVE;SOURCE_UNIT_PRESERVED;DIRECT_RECORD_DISABLED;SEARCH_RANK_DEMOTED,,,false,true,
19241,D411-510000000-0001,고추조림,조림류,해당없음,해당없음,해당없음,100ml,40,100,ml,40,MASS_ALTERNATIVE_AVAILABLE,SOLID_WITH_VOLUME_BASIS;MASS_ALTERNATIVE_FOUND;SOURCE_UNIT_PRESERVED;DIRECT_RECORD_DISABLED;SEARCH_RANK_DEMOTED,D311-510000000-0001,,false,true,
19243,D711-510000000-0001,고추조림,조림류,해당없음,해당없음,해당없음,100ml,40,100,ml,40,MASS_ALTERNATIVE_AVAILABLE,SOLID_WITH_VOLUME_BASIS;MASS_ALTERNATIVE_FOUND;SOURCE_UNIT_PRESERVED;DIRECT_RECORD_DISABLED;SEARCH_RANK_DEMOTED,D311-510000000-0001,,false,true,
19244,D409-410000000-0001,고추전,전·적 및 부침류,해당없음,해당없음,해당없음,100ml,234,100,ml,234,MASS_ALTERNATIVE_AVAILABLE,SOLID_WITH_VOLUME_BASIS;MASS_ALTERNATIVE_FOUND;SOURCE_UNIT_PRESERVED;DIRECT_RECORD_DISABLED;SEARCH_RANK_DEMOTED,D309-410000000-0001,,false,true,
19248,D714-666000000-0001,고추장아찌 무침,생채·무침류,해당없음,해당없음,해당없음,100ml,62,100,ml,62,VOLUME_ONLY_UNRESOLVED,SOLID_WITH_VOLUME_BASIS;VOLUME_ONLY_NO_SAFE_ALTERNATIVE;SOURCE_UNIT_PRESERVED;DIRECT_RECORD_DISABLED;SEARCH_RANK_DEMOTED,,,false,true,
19250,D610-454000000-0001,고추장볶음,볶음류,해당없음,해당없음,해당없음,100ml,376,100,ml,376,VOLUME_ONLY_UNRESOLVED,SOLID_WITH_VOLUME_BASIS;VOLUME_ONLY_NO_SAFE_ALTERNATIVE;SOURCE_UNIT_PRESERVED;DIRECT_RECORD_DISABLED;SEARCH_RANK_DEMOTED,,,false,true,
19251,D510-454000000-0001,고추장볶음,볶음류,해당없음,해당없음,해당없음,100ml,235,100,ml,235,VOLUME_ONLY_UNRESOLVED,SOLID_WITH_VOLUME_BASIS;VOLUME_ONLY_NO_SAFE_ALTERNATIVE;SOURCE_UNIT_PRESERVED;DIRECT_RECORD_DISABLED;SEARCH_RANK_DEMOTED,,,false,true,
19252,D710-454000000-0001,고추장볶음,볶음류,해당없음,해당없음,해당없음,100ml,396,100,ml,396,VOLUME_ONLY_UNRESOLVED,SOLID_WITH_VOLUME_BASIS;VOLUME_ONLY_NO_SAFE_ALTERNATIVE;SOURCE_UNIT_PRESERVED;DIRECT_RECORD_DISABLED;SEARCH_RANK_DEMOTED,,,false,true,
19254,D410-453000000-0001,고추잡채,볶음류,해당없음,해당없음,해당없음,100ml,67,100,ml,67,VOLUME_ONLY_UNRESOLVED,SOLID_WITH_VOLUME_BASIS;VOLUME_ONLY_NO_SAFE_ALTERNATIVE;SOURCE_UNIT_PRESERVED;DIRECT_RECORD_DISABLED;SEARCH_RANK_DEMOTED,,,false,true,
19255,D610-453000000-0001,고추잡채,볶음류,해당없음,해당없음,해당없음,100ml,91,100,ml,91,VOLUME_ONLY_UNRESOLVED,SOLID_WITH_VOLUME_BASIS;VOLUME_ONLY_NO_SAFE_ALTERNATIVE;SOURCE_UNIT_PRESERVED;DIRECT_RECORD_DISABLED;SEARCH_RANK_DEMOTED,,,false,true,
19256,D710-453000000-0001,고추잡채,볶음류,해당없음,해당없음,해당없음,100ml,69,100,ml,69,VOLUME_ONLY_UNRESOLVED,SOLID_WITH_VOLUME_BASIS;VOLUME_ONLY_NO_SAFE_ALTERNATIVE;SOURCE_UNIT_PRESERVED;DIRECT_RECORD_DISABLED;SEARCH_RANK_DEMOTED,,,false,true,
19258,D713-601000000-0001,고사리나물,나물·숙채류,해당없음,해당없음,해당없음,100ml,56,100,ml,56,VOLUME_ONLY_UNRESOLVED,SOLID_WITH_VOLUME_BASIS;VOLUME_ONLY_NO_SAFE_ALTERNATIVE;SOURCE_UNIT_PRESERVED;DIRECT_RECORD_DISABLED;SEARCH_RANK_DEMOTED,,,false,true,
19259,D513-601000000-0001,고사리나물,나물·숙채류,해당없음,해당없음,해당없음,100ml,43,100,ml,43,VOLUME_ONLY_UNRESOLVED,SOLID_WITH_VOLUME_BASIS;VOLUME_ONLY_NO_SAFE_ALTERNATIVE;SOURCE_UNIT_PRESERVED;DIRECT_RECORD_DISABLED;SEARCH_RANK_DEMOTED,,,false,true,
19260,D613-601000000-0001,고사리나물,나물·숙채류,해당없음,해당없음,해당없음,100ml,43,100,ml,43,VOLUME_ONLY_UNRESOLVED,SOLID_WITH_VOLUME_BASIS;VOLUME_ONLY_NO_SAFE_ALTERNATIVE;SOURCE_UNIT_PRESERVED;DIRECT_RECORD_DISABLED;SEARCH_RANK_DEMOTED,,,false,true,
19261,D413-601000000-0001,고사리나물,나물·숙채류,해당없음,해당없음,해당없음,100ml,34,100,ml,34,VOLUME_ONLY_UNRESOLVED,SOLID_WITH_VOLUME_BASIS;VOLUME_ONLY_NO_SAFE_ALTERNATIVE;SOURCE_UNIT_PRESERVED;DIRECT_RECORD_DISABLED;SEARCH_RANK_DEMOTED,,,false,true,
19265,D712-579000000-0001,고등어튀김,튀김류,해당없음,해당없음,해당없음,100ml,126,100,ml,126,VOLUME_ONLY_UNRESOLVED,SOLID_WITH_VOLUME_BASIS;VOLUME_ONLY_NO_SAFE_ALTERNATIVE;SOURCE_UNIT_PRESERVED;DIRECT_RECORD_DISABLED;SEARCH_RANK_DEMOTED,,,false,true,
19266,D512-579000000-0001,고등어튀김,튀김류,해당없음,해당없음,해당없음,100ml,219,100,ml,219,VOLUME_ONLY_UNRESOLVED,SOLID_WITH_VOLUME_BASIS;VOLUME_ONLY_NO_SAFE_ALTERNATIVE;SOURCE_UNIT_PRESERVED;DIRECT_RECORD_DISABLED;SEARCH_RANK_DEMOTED,,,false,true,
19267,D412-579000000-0001,고등어튀김,튀김류,해당없음,해당없음,해당없음,100ml,126,100,ml,126,VOLUME_ONLY_UNRESOLVED,SOLID_WITH_VOLUME_BASIS;VOLUME_ONLY_NO_SAFE_ALTERNATIVE;SOURCE_UNIT_PRESERVED;DIRECT_RECORD_DISABLED;SEARCH_RANK_DEMOTED,,,false,true,
19268,D407-355000000-0001,고등어찜,찜류,해당없음,해당없음,해당없음,100ml,92,100,ml,92,VOLUME_ONLY_UNRESOLVED,SOLID_WITH_VOLUME_BASIS;VOLUME_ONLY_NO_SAFE_ALTERNATIVE;SOURCE_UNIT_PRESERVED;DIRECT_RECORD_DISABLED;SEARCH_RANK_DEMOTED,,,false,true,
19269,D707-355000000-0001,고등어찜,찜류,해당없음,해당없음,해당없음,100ml,92,100,ml,92,VOLUME_ONLY_UNRESOLVED,SOLID_WITH_VOLUME_BASIS;VOLUME_ONLY_NO_SAFE_ALTERNATIVE;SOURCE_UNIT_PRESERVED;DIRECT_RECORD_DISABLED;SEARCH_RANK_DEMOTED,,,false,true,
19273,D711-509070000-0001,고등어조림_배추김치,조림류,배추김치,해당없음,해당없음,100ml,105,100,ml,105,VOLUME_ONLY_UNRESOLVED,SOLID_WITH_VOLUME_BASIS;VOLUME_ONLY_NO_SAFE_ALTERNATIVE;SOURCE_UNIT_PRESERVED;DIRECT_RECORD_DISABLED;SEARCH_RANK_DEMOTED,,,false,true,
19274,D411-509070000-0001,고등어조림_배추김치,조림류,배추김치,해당없음,해당없음,100ml,75,100,ml,75,VOLUME_ONLY_UNRESOLVED,SOLID_WITH_VOLUME_BASIS;VOLUME_ONLY_NO_SAFE_ALTERNATIVE;SOURCE_UNIT_PRESERVED;DIRECT_RECORD_DISABLED;SEARCH_RANK_DEMOTED,,,false,true,
19275,D511-509070000-0001,고등어조림_배추김치,조림류,배추김치,해당없음,해당없음,100ml,104,100,ml,104,VOLUME_ONLY_UNRESOLVED,SOLID_WITH_VOLUME_BASIS;VOLUME_ONLY_NO_SAFE_ALTERNATIVE;SOURCE_UNIT_PRESERVED;DIRECT_RECORD_DISABLED;SEARCH_RANK_DEMOTED,,,false,true,
19276,D611-509070000-0001,고등어조림_배추김치,조림류,배추김치,해당없음,해당없음,100ml,82,100,ml,82,VOLUME_ONLY_UNRESOLVED,SOLID_WITH_VOLUME_BASIS;VOLUME_ONLY_NO_SAFE_ALTERNATIVE;SOURCE_UNIT_PRESERVED;DIRECT_RECORD_DISABLED;SEARCH_RANK_DEMOTED,,,false,true,
19277,D711-509060000-0001,고등어조림_무,조림류,무,해당없음,해당없음,100ml,94,100,ml,94,VOLUME_ONLY_UNRESOLVED,SOLID_WITH_VOLUME_BASIS;VOLUME_ONLY_NO_SAFE_ALTERNATIVE;SOURCE_UNIT_PRESERVED;DIRECT_RECORD_DISABLED;SEARCH_RANK_DEMOTED,,,false,true,
19278,D511-509060000-0001,고등어조림_무,조림류,무,해당없음,해당없음,100ml,94,100,ml,94,VOLUME_ONLY_UNRESOLVED,SOLID_WITH_VOLUME_BASIS;VOLUME_ONLY_NO_SAFE_ALTERNATIVE;SOURCE_UNIT_PRESERVED;DIRECT_RECORD_DISABLED;SEARCH_RANK_DEMOTED,,,false,true,
19279,D611-509060000-0001,고등어조림_무,조림류,무,해당없음,해당없음,100ml,94,100,ml,94,VOLUME_ONLY_UNRESOLVED,SOLID_WITH_VOLUME_BASIS;VOLUME_ONLY_NO_SAFE_ALTERNATIVE;SOURCE_UNIT_PRESERVED;DIRECT_RECORD_DISABLED;SEARCH_RANK_DEMOTED,,,false,true,
19280,D411-509060000-0001,고등어조림_무,조림류,무,해당없음,해당없음,100ml,94,100,ml,94,VOLUME_ONLY_UNRESOLVED,SOLID_WITH_VOLUME_BASIS;VOLUME_ONLY_NO_SAFE_ALTERNATIVE;SOURCE_UNIT_PRESERVED;DIRECT_RECORD_DISABLED;SEARCH_RANK_DEMOTED,,,false,true,
19281,D411-509140000-0001,고등어조림_모듬채소,조림류,모듬채소,해당없음,해당없음,100ml,60,100,ml,60,VOLUME_ONLY_UNRESOLVED,SOLID_WITH_VOLUME_BASIS;VOLUME_ONLY_NO_SAFE_ALTERNATIVE;SOURCE_UNIT_PRESERVED;DIRECT_RECORD_DISABLED;SEARCH_RANK_DEMOTED,,,false,true,
19282,D611-509000000-0001,고등어조림,조림류,해당없음,해당없음,해당없음,100ml,114,100,ml,114,MASS_ALTERNATIVE_AVAILABLE,SOLID_WITH_VOLUME_BASIS;MASS_ALTERNATIVE_FOUND;SOURCE_UNIT_PRESERVED;DIRECT_RECORD_DISABLED;SEARCH_RANK_DEMOTED,D111-509000000-0001;D311-509000000-0001,,false,true,
19283,D511-509000000-0001,고등어조림,조림류,해당없음,해당없음,해당없음,100ml,114,100,ml,114,MASS_ALTERNATIVE_AVAILABLE,SOLID_WITH_VOLUME_BASIS;MASS_ALTERNATIVE_FOUND;SOURCE_UNIT_PRESERVED;DIRECT_RECORD_DISABLED;SEARCH_RANK_DEMOTED,D111-509000000-0001;D311-509000000-0001,,false,true,
19286,D508-357240000-0001,고등어구이_카레,구이류,카레,해당없음,해당없음,100ml,194,100,ml,194,VOLUME_ONLY_UNRESOLVED,SOLID_WITH_VOLUME_BASIS;VOLUME_ONLY_NO_SAFE_ALTERNATIVE;SOURCE_UNIT_PRESERVED;DIRECT_RECORD_DISABLED;SEARCH_RANK_DEMOTED,,,false,true,
19287,D608-357240000-0001,고등어구이_카레,구이류,카레,해당없음,해당없음,100ml,190,100,ml,190,VOLUME_ONLY_UNRESOLVED,SOLID_WITH_VOLUME_BASIS;VOLUME_ONLY_NO_SAFE_ALTERNATIVE;SOURCE_UNIT_PRESERVED;DIRECT_RECORD_DISABLED;SEARCH_RANK_DEMOTED,,,false,true,
19288,D708-357240000-0001,고등어구이_카레,구이류,카레,해당없음,해당없음,100ml,194,100,ml,194,VOLUME_ONLY_UNRESOLVED,SOLID_WITH_VOLUME_BASIS;VOLUME_ONLY_NO_SAFE_ALTERNATIVE;SOURCE_UNIT_PRESERVED;DIRECT_RECORD_DISABLED;SEARCH_RANK_DEMOTED,,,false,true,
19290,D608-357030000-0001,고등어구이_기름,구이류,기름,해당없음,해당없음,100ml,177,100,ml,177,VOLUME_ONLY_UNRESOLVED,SOLID_WITH_VOLUME_BASIS;VOLUME_ONLY_NO_SAFE_ALTERNATIVE;SOURCE_UNIT_PRESERVED;DIRECT_RECORD_DISABLED;SEARCH_RANK_DEMOTED,,,false,true,
19291,D408-357030000-0001,고등어구이_기름,구이류,기름,해당없음,해당없음,100ml,144,100,ml,144,VOLUME_ONLY_UNRESOLVED,SOLID_WITH_VOLUME_BASIS;VOLUME_ONLY_NO_SAFE_ALTERNATIVE;SOURCE_UNIT_PRESERVED;DIRECT_RECORD_DISABLED;SEARCH_RANK_DEMOTED,,,false,true,
19292,D508-357030000-0001,고등어구이_기름,구이류,기름,해당없음,해당없음,100ml,206,100,ml,206,VOLUME_ONLY_UNRESOLVED,SOLID_WITH_VOLUME_BASIS;VOLUME_ONLY_NO_SAFE_ALTERNATIVE;SOURCE_UNIT_PRESERVED;DIRECT_RECORD_DISABLED;SEARCH_RANK_DEMOTED,,,false,true,
19293,D708-357030000-0001,고등어구이_기름,구이류,기름,해당없음,해당없음,100ml,182,100,ml,182,VOLUME_ONLY_UNRESOLVED,SOLID_WITH_VOLUME_BASIS;VOLUME_ONLY_NO_SAFE_ALTERNATIVE;SOURCE_UNIT_PRESERVED;DIRECT_RECORD_DISABLED;SEARCH_RANK_DEMOTED,,,false,true,
19294,D608-357000000-0001,고등어구이,구이류,해당없음,해당없음,해당없음,100ml,176,100,ml,176,VOLUME_ONLY_UNRESOLVED,SOLID_WITH_VOLUME_BASIS;VOLUME_ONLY_NO_SAFE_ALTERNATIVE;SOURCE_UNIT_PRESERVED;DIRECT_RECORD_DISABLED;SEARCH_RANK_DEMOTED,,,false,true,
19295,D708-357000000-0001,고등어구이,구이류,해당없음,해당없음,해당없음,100ml,179,100,ml,179,VOLUME_ONLY_UNRESOLVED,SOLID_WITH_VOLUME_BASIS;VOLUME_ONLY_NO_SAFE_ALTERNATIVE;SOURCE_UNIT_PRESERVED;DIRECT_RECORD_DISABLED;SEARCH_RANK_DEMOTED,,,false,true,
19296,D508-357000000-0001,고등어구이,구이류,해당없음,해당없음,해당없음,100ml,202,100,ml,202,VOLUME_ONLY_UNRESOLVED,SOLID_WITH_VOLUME_BASIS;VOLUME_ONLY_NO_SAFE_ALTERNATIVE;SOURCE_UNIT_PRESERVED;DIRECT_RECORD_DISABLED;SEARCH_RANK_DEMOTED,,,false,true,
19297,D408-357000000-0001,고등어구이,구이류,해당없음,해당없음,해당없음,100ml,142,100,ml,142,VOLUME_ONLY_UNRESOLVED,SOLID_WITH_VOLUME_BASIS;VOLUME_ONLY_NO_SAFE_ALTERNATIVE;SOURCE_UNIT_PRESERVED;DIRECT_RECORD_DISABLED;SEARCH_RANK_DEMOTED,,,false,true,
19301,D703-179000000-0001,고기만두,면 및 만두류,해당없음,해당없음,해당없음,100ml,114,100,ml,114,VOLUME_ONLY_UNRESOLVED,SOLID_WITH_VOLUME_BASIS;VOLUME_ONLY_NO_SAFE_ALTERNATIVE;SOURCE_UNIT_PRESERVED;DIRECT_RECORD_DISABLED;SEARCH_RANK_DEMOTED,,,false,true,
19302,D403-179000000-0001,고기만두,면 및 만두류,해당없음,해당없음,해당없음,100ml,105,100,ml,105,VOLUME_ONLY_UNRESOLVED,SOLID_WITH_VOLUME_BASIS;VOLUME_ONLY_NO_SAFE_ALTERNATIVE;SOURCE_UNIT_PRESERVED;DIRECT_RECORD_DISABLED;SEARCH_RANK_DEMOTED,,,false,true,
19303,D503-179000000-0001,고기만두,면 및 만두류,해당없음,해당없음,해당없음,100ml,96,100,ml,96,VOLUME_ONLY_UNRESOLVED,SOLID_WITH_VOLUME_BASIS;VOLUME_ONLY_NO_SAFE_ALTERNATIVE;SOURCE_UNIT_PRESERVED;DIRECT_RECORD_DISABLED;SEARCH_RANK_DEMOTED,,,false,true,
19304,D603-179000000-0001,고기만두,면 및 만두류,해당없음,해당없음,해당없음,100ml,99,100,ml,99,VOLUME_ONLY_UNRESOLVED,SOLID_WITH_VOLUME_BASIS;VOLUME_ONLY_NO_SAFE_ALTERNATIVE;SOURCE_UNIT_PRESERVED;DIRECT_RECORD_DISABLED;SEARCH_RANK_DEMOTED,,,false,true,
19305,D512-539000000-0001,고구마튀김,튀김류,해당없음,해당없음,해당없음,100ml,233,100,ml,233,MASS_ALTERNATIVE_AVAILABLE,SOLID_WITH_VOLUME_BASIS;MASS_ALTERNATIVE_FOUND;SOURCE_UNIT_PRESERVED;DIRECT_RECORD_DISABLED;SEARCH_RANK_DEMOTED,D312-539000000-0001,,false,true,
19306,D612-539000000-0001,고구마튀김,튀김류,해당없음,해당없음,해당없음,100ml,182,100,ml,182,MASS_ALTERNATIVE_AVAILABLE,SOLID_WITH_VOLUME_BASIS;MASS_ALTERNATIVE_FOUND;SOURCE_UNIT_PRESERVED;DIRECT_RECORD_DISABLED;SEARCH_RANK_DEMOTED,D312-539000000-0001,,false,true,
19308,D412-539000000-0001,고구마튀김,튀김류,해당없음,해당없음,해당없음,100ml,193,100,ml,193,MASS_ALTERNATIVE_AVAILABLE,SOLID_WITH_VOLUME_BASIS;MASS_ALTERNATIVE_FOUND;SOURCE_UNIT_PRESERVED;DIRECT_RECORD_DISABLED;SEARCH_RANK_DEMOTED,D312-539000000-0001,,false,true,
19309,D712-539000000-0001,고구마튀김,튀김류,해당없음,해당없음,해당없음,100ml,193,100,ml,193,MASS_ALTERNATIVE_AVAILABLE,SOLID_WITH_VOLUME_BASIS;MASS_ALTERNATIVE_FOUND;SOURCE_UNIT_PRESERVED;DIRECT_RECORD_DISABLED;SEARCH_RANK_DEMOTED,D312-539000000-0001,,false,true,
19310,D413-568120000-0001,고구마줄기나물_들깨,나물·숙채류,들깨,해당없음,해당없음,100ml,39,100,ml,39,VOLUME_ONLY_UNRESOLVED,SOLID_WITH_VOLUME_BASIS;VOLUME_ONLY_NO_SAFE_ALTERNATIVE;SOURCE_UNIT_PRESERVED;DIRECT_RECORD_DISABLED;SEARCH_RANK_DEMOTED,,,false,true,
19311,D513-568120000-0001,고구마줄기나물_들깨,나물·숙채류,들깨,해당없음,해당없음,100ml,39,100,ml,39,VOLUME_ONLY_UNRESOLVED,SOLID_WITH_VOLUME_BASIS;VOLUME_ONLY_NO_SAFE_ALTERNATIVE;SOURCE_UNIT_PRESERVED;DIRECT_RECORD_DISABLED;SEARCH_RANK_DEMOTED,,,false,true,
19312,D713-568120000-0001,고구마줄기나물_들깨,나물·숙채류,들깨,해당없음,해당없음,100ml,39,100,ml,39,VOLUME_ONLY_UNRESOLVED,SOLID_WITH_VOLUME_BASIS;VOLUME_ONLY_NO_SAFE_ALTERNATIVE;SOURCE_UNIT_PRESERVED;DIRECT_RECORD_DISABLED;SEARCH_RANK_DEMOTED,,,false,true,
19313,D613-568030000-0001,고구마줄기나물_고춧가루,나물·숙채류,고춧가루,해당없음,해당없음,100ml,27,100,ml,27,VOLUME_ONLY_UNRESOLVED,SOLID_WITH_VOLUME_BASIS;VOLUME_ONLY_NO_SAFE_ALTERNATIVE;SOURCE_UNIT_PRESERVED;DIRECT_RECORD_DISABLED;SEARCH_RANK_DEMOTED,,,false,true,
19314,D413-568030000-0001,고구마줄기나물_고춧가루,나물·숙채류,고춧가루,해당없음,해당없음,100ml,27,100,ml,27,VOLUME_ONLY_UNRESOLVED,SOLID_WITH_VOLUME_BASIS;VOLUME_ONLY_NO_SAFE_ALTERNATIVE;SOURCE_UNIT_PRESERVED;DIRECT_RECORD_DISABLED;SEARCH_RANK_DEMOTED,,,false,true,
19315,D513-568030000-0001,고구마줄기나물_고춧가루,나물·숙채류,고춧가루,해당없음,해당없음,100ml,27,100,ml,27,VOLUME_ONLY_UNRESOLVED,SOLID_WITH_VOLUME_BASIS;VOLUME_ONLY_NO_SAFE_ALTERNATIVE;SOURCE_UNIT_PRESERVED;DIRECT_RECORD_DISABLED;SEARCH_RANK_DEMOTED,,,false,true,
19316,D713-568030000-0001,고구마줄기나물_고춧가루,나물·숙채류,고춧가루,해당없음,해당없음,100ml,27,100,ml,27,VOLUME_ONLY_UNRESOLVED,SOLID_WITH_VOLUME_BASIS;VOLUME_ONLY_NO_SAFE_ALTERNATIVE;SOURCE_UNIT_PRESERVED;DIRECT_RECORD_DISABLED;SEARCH_RANK_DEMOTED,,,false,true,
19317,D613-568000000-0001,고구마줄기나물,나물·숙채류,해당없음,해당없음,해당없음,100ml,60,100,ml,60,MASS_ALTERNATIVE_AVAILABLE,SOLID_WITH_VOLUME_BASIS;MASS_ALTERNATIVE_FOUND;SOURCE_UNIT_PRESERVED;DIRECT_RECORD_DISABLED;SEARCH_RANK_DEMOTED,D113-568000000-0001;D313-568000000-0001,,false,true,
19318,D413-568000000-0001,고구마줄기나물,나물·숙채류,해당없음,해당없음,해당없음,100ml,22,100,ml,22,MASS_ALTERNATIVE_AVAILABLE,SOLID_WITH_VOLUME_BASIS;MASS_ALTERNATIVE_FOUND;SOURCE_UNIT_PRESERVED;DIRECT_RECORD_DISABLED;SEARCH_RANK_DEMOTED,D113-568000000-0001;D313-568000000-0001,,false,true,
19319,D513-568000000-0001,고구마줄기나물,나물·숙채류,해당없음,해당없음,해당없음,100ml,60,100,ml,60,MASS_ALTERNATIVE_AVAILABLE,SOLID_WITH_VOLUME_BASIS;MASS_ALTERNATIVE_FOUND;SOURCE_UNIT_PRESERVED;DIRECT_RECORD_DISABLED;SEARCH_RANK_DEMOTED,D113-568000000-0001;D313-568000000-0001,,false,true,
19322,D713-568000000-0001,고구마줄기나물,나물·숙채류,해당없음,해당없음,해당없음,100ml,22,100,ml,22,MASS_ALTERNATIVE_AVAILABLE,SOLID_WITH_VOLUME_BASIS;MASS_ALTERNATIVE_FOUND;SOURCE_UNIT_PRESERVED;DIRECT_RECORD_DISABLED;SEARCH_RANK_DEMOTED,D113-568000000-0001;D313-568000000-0001,,false,true,
19323,D511-540000000-0001,고구마조림,조림류,해당없음,해당없음,해당없음,100ml,167,100,ml,167,VOLUME_ONLY_UNRESOLVED,SOLID_WITH_VOLUME_BASIS;VOLUME_ONLY_NO_SAFE_ALTERNATIVE;SOURCE_UNIT_PRESERVED;DIRECT_RECORD_DISABLED;SEARCH_RANK_DEMOTED,,,false,true,
19324,D411-540000000-0001,고구마조림,조림류,해당없음,해당없음,해당없음,100ml,167,100,ml,167,VOLUME_ONLY_UNRESOLVED,SOLID_WITH_VOLUME_BASIS;VOLUME_ONLY_NO_SAFE_ALTERNATIVE;SOURCE_UNIT_PRESERVED;DIRECT_RECORD_DISABLED;SEARCH_RANK_DEMOTED,,,false,true,
19325,D611-540000000-0001,고구마조림,조림류,해당없음,해당없음,해당없음,100ml,167,100,ml,167,VOLUME_ONLY_UNRESOLVED,SOLID_WITH_VOLUME_BASIS;VOLUME_ONLY_NO_SAFE_ALTERNATIVE;SOURCE_UNIT_PRESERVED;DIRECT_RECORD_DISABLED;SEARCH_RANK_DEMOTED,,,false,true,
19327,D601-056000000-0001,고구마밥,밥류,해당없음,해당없음,해당없음,100ml,139,100,ml,139,VOLUME_ONLY_UNRESOLVED,SOLID_WITH_VOLUME_BASIS;VOLUME_ONLY_NO_SAFE_ALTERNATIVE;SOURCE_UNIT_PRESERVED;DIRECT_RECORD_DISABLED;SEARCH_RANK_DEMOTED,,,false,true,
19328,D501-056000000-0001,고구마밥,밥류,해당없음,해당없음,해당없음,100ml,139,100,ml,139,VOLUME_ONLY_UNRESOLVED,SOLID_WITH_VOLUME_BASIS;VOLUME_ONLY_NO_SAFE_ALTERNATIVE;SOURCE_UNIT_PRESERVED;DIRECT_RECORD_DISABLED;SEARCH_RANK_DEMOTED,,,false,true,
19329,D701-056000000-0001,고구마밥,밥류,해당없음,해당없음,해당없음,100ml,139,100,ml,139,VOLUME_ONLY_UNRESOLVED,SOLID_WITH_VOLUME_BASIS;VOLUME_ONLY_NO_SAFE_ALTERNATIVE;SOURCE_UNIT_PRESERVED;DIRECT_RECORD_DISABLED;SEARCH_RANK_DEMOTED,,,false,true,
19331,D612-538000000-0001,고구마맛탕,튀김류,해당없음,해당없음,해당없음,100ml,143,100,ml,143,MASS_ALTERNATIVE_AVAILABLE,SOLID_WITH_VOLUME_BASIS;MASS_ALTERNATIVE_FOUND;SOURCE_UNIT_PRESERVED;DIRECT_RECORD_DISABLED;SEARCH_RANK_DEMOTED,D312-538000000-0001,,false,true,
19332,D512-538000000-0001,고구마맛탕,튀김류,해당없음,해당없음,해당없음,100ml,141,100,ml,141,MASS_ALTERNATIVE_AVAILABLE,SOLID_WITH_VOLUME_BASIS;MASS_ALTERNATIVE_FOUND;SOURCE_UNIT_PRESERVED;DIRECT_RECORD_DISABLED;SEARCH_RANK_DEMOTED,D312-538000000-0001,,false,true,
19333,D412-538000000-0001,고구마맛탕,튀김류,해당없음,해당없음,해당없음,100ml,160,100,ml,160,MASS_ALTERNATIVE_AVAILABLE,SOLID_WITH_VOLUME_BASIS;MASS_ALTERNATIVE_FOUND;SOURCE_UNIT_PRESERVED;DIRECT_RECORD_DISABLED;SEARCH_RANK_DEMOTED,D312-538000000-0001,,false,true,
19334,D712-538000000-0001,고구마맛탕,튀김류,해당없음,해당없음,해당없음,100ml,209,100,ml,209,MASS_ALTERNATIVE_AVAILABLE,SOLID_WITH_VOLUME_BASIS;MASS_ALTERNATIVE_FOUND;SOURCE_UNIT_PRESERVED;DIRECT_RECORD_DISABLED;SEARCH_RANK_DEMOTED,D312-538000000-0001,,false,true,
19335,D412-578000000-0001,고구마깻잎튀김,튀김류,해당없음,해당없음,해당없음,100ml,169,100,ml,169,VOLUME_ONLY_UNRESOLVED,SOLID_WITH_VOLUME_BASIS;VOLUME_ONLY_NO_SAFE_ALTERNATIVE;SOURCE_UNIT_PRESERVED;DIRECT_RECORD_DISABLED;SEARCH_RANK_DEMOTED,,,false,true,
19341,D402-077000000-0001,계란빵,빵 및 과자류,해당없음,해당없음,해당없음,100ml,158,100,ml,158,VOLUME_ONLY_UNRESOLVED,SOLID_WITH_VOLUME_BASIS;VOLUME_ONLY_NO_SAFE_ALTERNATIVE;SOURCE_UNIT_PRESERVED;DIRECT_RECORD_DISABLED;SEARCH_RANK_DEMOTED,,,false,true,
19342,D502-077000000-0001,계란빵,빵 및 과자류,해당없음,해당없음,해당없음,100ml,158,100,ml,158,VOLUME_ONLY_UNRESOLVED,SOLID_WITH_VOLUME_BASIS;VOLUME_ONLY_NO_SAFE_ALTERNATIVE;SOURCE_UNIT_PRESERVED;DIRECT_RECORD_DISABLED;SEARCH_RANK_DEMOTED,,,false,true,
19343,D702-077000000-0001,계란빵,빵 및 과자류,해당없음,해당없음,해당없음,100ml,158,100,ml,158,VOLUME_ONLY_UNRESOLVED,SOLID_WITH_VOLUME_BASIS;VOLUME_ONLY_NO_SAFE_ALTERNATIVE;SOURCE_UNIT_PRESERVED;DIRECT_RECORD_DISABLED;SEARCH_RANK_DEMOTED,,,false,true,
19345,D601-001000000-0001,계란 덮밥,밥류,해당없음,해당없음,해당없음,100ml,152,100,ml,152,MASS_ALTERNATIVE_AVAILABLE,SOLID_WITH_VOLUME_BASIS;MASS_ALTERNATIVE_FOUND;SOURCE_UNIT_PRESERVED;DIRECT_RECORD_DISABLED;SEARCH_RANK_DEMOTED,D301-001000000-0001,,false,true,
19346,D501-001000000-0001,계란 덮밥,밥류,해당없음,해당없음,해당없음,100ml,152,100,ml,152,MASS_ALTERNATIVE_AVAILABLE,SOLID_WITH_VOLUME_BASIS;MASS_ALTERNATIVE_FOUND;SOURCE_UNIT_PRESERVED;DIRECT_RECORD_DISABLED;SEARCH_RANK_DEMOTED,D301-001000000-0001,,false,true,
19347,D401-001000000-0001,계란 덮밥,밥류,해당없음,해당없음,해당없음,100ml,169,100,ml,169,MASS_ALTERNATIVE_AVAILABLE,SOLID_WITH_VOLUME_BASIS;MASS_ALTERNATIVE_FOUND;SOURCE_UNIT_PRESERVED;DIRECT_RECORD_DISABLED;SEARCH_RANK_DEMOTED,D301-001000000-0001,,false,true,
19353,D714-665000000-0001,겨자채,생채·무침류,해당없음,해당없음,해당없음,100ml,120,100,ml,120,VOLUME_ONLY_UNRESOLVED,SOLID_WITH_VOLUME_BASIS;VOLUME_ONLY_NO_SAFE_ALTERNATIVE;SOURCE_UNIT_PRESERVED;DIRECT_RECORD_DISABLED;SEARCH_RANK_DEMOTED,,,false,true,
19354,D414-665000000-0001,겨자채,생채·무침류,해당없음,해당없음,해당없음,100ml,120,100,ml,120,VOLUME_ONLY_UNRESOLVED,SOLID_WITH_VOLUME_BASIS;VOLUME_ONLY_NO_SAFE_ALTERNATIVE;SOURCE_UNIT_PRESERVED;DIRECT_RECORD_DISABLED;SEARCH_RANK_DEMOTED,,,false,true,
19355,D514-665000000-0001,겨자채,생채·무침류,해당없음,해당없음,해당없음,100ml,128,100,ml,128,VOLUME_ONLY_UNRESOLVED,SOLID_WITH_VOLUME_BASIS;VOLUME_ONLY_NO_SAFE_ALTERNATIVE;SOURCE_UNIT_PRESERVED;DIRECT_RECORD_DISABLED;SEARCH_RANK_DEMOTED,,,false,true,
19356,D614-665000000-0001,겨자채,생채·무침류,해당없음,해당없음,해당없음,100ml,128,100,ml,128,VOLUME_ONLY_UNRESOLVED,SOLID_WITH_VOLUME_BASIS;VOLUME_ONLY_NO_SAFE_ALTERNATIVE;SOURCE_UNIT_PRESERVED;DIRECT_RECORD_DISABLED;SEARCH_RANK_DEMOTED,,,false,true,
19357,D711-539000000-0001,게조림,조림류,해당없음,해당없음,해당없음,100ml,93,100,ml,93,VOLUME_ONLY_UNRESOLVED,SOLID_WITH_VOLUME_BASIS;VOLUME_ONLY_NO_SAFE_ALTERNATIVE;SOURCE_UNIT_PRESERVED;DIRECT_RECORD_DISABLED;SEARCH_RANK_DEMOTED,,,false,true,
19358,D411-539000000-0001,게조림,조림류,해당없음,해당없음,해당없음,100ml,21,100,ml,21,VOLUME_ONLY_UNRESOLVED,SOLID_WITH_VOLUME_BASIS;VOLUME_ONLY_NO_SAFE_ALTERNATIVE;SOURCE_UNIT_PRESERVED;DIRECT_RECORD_DISABLED;SEARCH_RANK_DEMOTED,,,false,true,
19362,D712-577000000-0001,게맛살튀김,튀김류,해당없음,해당없음,해당없음,100ml,213,100,ml,213,VOLUME_ONLY_UNRESOLVED,SOLID_WITH_VOLUME_BASIS;VOLUME_ONLY_NO_SAFE_ALTERNATIVE;SOURCE_UNIT_PRESERVED;DIRECT_RECORD_DISABLED;SEARCH_RANK_DEMOTED,,,false,true,
19363,D412-577000000-0001,게맛살튀김,튀김류,해당없음,해당없음,해당없음,100ml,213,100,ml,213,VOLUME_ONLY_UNRESOLVED,SOLID_WITH_VOLUME_BASIS;VOLUME_ONLY_NO_SAFE_ALTERNATIVE;SOURCE_UNIT_PRESERVED;DIRECT_RECORD_DISABLED;SEARCH_RANK_DEMOTED,,,false,true,
19369,D601-055600000-0001,검정콩밥_보리,밥류,보리,해당없음,해당없음,100ml,143,100,ml,143,VOLUME_ONLY_UNRESOLVED,SOLID_WITH_VOLUME_BASIS;VOLUME_ONLY_NO_SAFE_ALTERNATIVE;SOURCE_UNIT_PRESERVED;DIRECT_RECORD_DISABLED;SEARCH_RANK_DEMOTED,,,false,true,
19370,D501-055600000-0001,검정콩밥_보리,밥류,보리,해당없음,해당없음,100ml,143,100,ml,143,VOLUME_ONLY_UNRESOLVED,SOLID_WITH_VOLUME_BASIS;VOLUME_ONLY_NO_SAFE_ALTERNATIVE;SOURCE_UNIT_PRESERVED;DIRECT_RECORD_DISABLED;SEARCH_RANK_DEMOTED,,,false,true,
19371,D501-055000000-0001,검정콩밥,밥류,해당없음,해당없음,해당없음,100ml,121,100,ml,121,VOLUME_ONLY_UNRESOLVED,SOLID_WITH_VOLUME_BASIS;VOLUME_ONLY_NO_SAFE_ALTERNATIVE;SOURCE_UNIT_PRESERVED;DIRECT_RECORD_DISABLED;SEARCH_RANK_DEMOTED,,,false,true,
19372,D601-055000000-0001,검정콩밥,밥류,해당없음,해당없음,해당없음,100ml,120,100,ml,120,VOLUME_ONLY_UNRESOLVED,SOLID_WITH_VOLUME_BASIS;VOLUME_ONLY_NO_SAFE_ALTERNATIVE;SOURCE_UNIT_PRESERVED;DIRECT_RECORD_DISABLED;SEARCH_RANK_DEMOTED,,,false,true,
19373,D701-055000000-0001,검정콩밥,밥류,해당없음,해당없음,해당없음,100ml,121,100,ml,121,VOLUME_ONLY_UNRESOLVED,SOLID_WITH_VOLUME_BASIS;VOLUME_ONLY_NO_SAFE_ALTERNATIVE;SOURCE_UNIT_PRESERVED;DIRECT_RECORD_DISABLED;SEARCH_RANK_DEMOTED,,,false,true,
19374,D401-055000000-0001,검정콩밥,밥류,해당없음,해당없음,해당없음,100ml,136,100,ml,136,VOLUME_ONLY_UNRESOLVED,SOLID_WITH_VOLUME_BASIS;VOLUME_ONLY_NO_SAFE_ALTERNATIVE;SOURCE_UNIT_PRESERVED;DIRECT_RECORD_DISABLED;SEARCH_RANK_DEMOTED,,,false,true,
19378,D410-451360000-0001,건새우볶음_풋고추,볶음류,풋고추,해당없음,해당없음,100ml,163,100,ml,163,VOLUME_ONLY_UNRESOLVED,SOLID_WITH_VOLUME_BASIS;VOLUME_ONLY_NO_SAFE_ALTERNATIVE;SOURCE_UNIT_PRESERVED;DIRECT_RECORD_DISABLED;SEARCH_RANK_DEMOTED,,,false,true,
19379,D410-451050900-0001,건새우볶음_건새우_꽈리고추,볶음류,건새우,꽈리고추,해당없음,100ml,71,100,ml,71,VOLUME_ONLY_UNRESOLVED,SOLID_WITH_VOLUME_BASIS;VOLUME_ONLY_NO_SAFE_ALTERNATIVE;SOURCE_UNIT_PRESERVED;DIRECT_RECORD_DISABLED;SEARCH_RANK_DEMOTED,,,false,true,
19380,D410-451050000-0001,건새우볶음_건새우,볶음류,건새우,해당없음,해당없음,100ml,120,100,ml,120,VOLUME_ONLY_UNRESOLVED,SOLID_WITH_VOLUME_BASIS;VOLUME_ONLY_NO_SAFE_ALTERNATIVE;SOURCE_UNIT_PRESERVED;DIRECT_RECORD_DISABLED;SEARCH_RANK_DEMOTED,,,false,true,
19381,D610-451000000-0001,건새우볶음,볶음류,해당없음,해당없음,해당없음,100ml,154,100,ml,154,MASS_ALTERNATIVE_AVAILABLE,SOLID_WITH_VOLUME_BASIS;MASS_ALTERNATIVE_FOUND;SOURCE_UNIT_PRESERVED;DIRECT_RECORD_DISABLED;SEARCH_RANK_DEMOTED,D110-451000000-0001,,false,true,
19383,D510-451000000-0001,건새우볶음,볶음류,해당없음,해당없음,해당없음,100ml,154,100,ml,154,MASS_ALTERNATIVE_AVAILABLE,SOLID_WITH_VOLUME_BASIS;MASS_ALTERNATIVE_FOUND;SOURCE_UNIT_PRESERVED;DIRECT_RECORD_DISABLED;SEARCH_RANK_DEMOTED,D110-451000000-0001,,false,true,
19384,D710-451000000-0001,건새우볶음,볶음류,해당없음,해당없음,해당없음,100ml,109,100,ml,109,MASS_ALTERNATIVE_AVAILABLE,SOLID_WITH_VOLUME_BASIS;MASS_ALTERNATIVE_FOUND;SOURCE_UNIT_PRESERVED;DIRECT_RECORD_DISABLED;SEARCH_RANK_DEMOTED,D110-451000000-0001,,false,true,
19385,D410-451000000-0001,건새우볶음,볶음류,해당없음,해당없음,해당없음,100ml,109,100,ml,109,MASS_ALTERNATIVE_AVAILABLE,SOLID_WITH_VOLUME_BASIS;MASS_ALTERNATIVE_FOUND;SOURCE_UNIT_PRESERVED;DIRECT_RECORD_DISABLED;SEARCH_RANK_DEMOTED,D110-451000000-0001,,false,true,
19390,D411-538160000-0001,건꼴뚜기조림_풋고추,조림류,풋고추,해당없음,해당없음,100ml,288,100,ml,288,VOLUME_ONLY_UNRESOLVED,SOLID_WITH_VOLUME_BASIS;VOLUME_ONLY_NO_SAFE_ALTERNATIVE;SOURCE_UNIT_PRESERVED;DIRECT_RECORD_DISABLED;SEARCH_RANK_DEMOTED,,,false,true,
19391,D411-537000000-0001,건갈치조림,조림류,해당없음,해당없음,해당없음,100ml,96,100,ml,96,VOLUME_ONLY_UNRESOLVED,SOLID_WITH_VOLUME_BASIS;VOLUME_ONLY_NO_SAFE_ALTERNATIVE;SOURCE_UNIT_PRESERVED;DIRECT_RECORD_DISABLED;SEARCH_RANK_DEMOTED,,,false,true,
19394,D414-604000000-0001,개고기무침,생채·무침류,해당없음,해당없음,해당없음,100ml,121,100,ml,121,VOLUME_ONLY_UNRESOLVED,SOLID_WITH_VOLUME_BASIS;VOLUME_ONLY_NO_SAFE_ALTERNATIVE;SOURCE_UNIT_PRESERVED;DIRECT_RECORD_DISABLED;SEARCH_RANK_DEMOTED,,,false,true,
19395,D407-354000000-0001,개고기 수육,찜류,해당없음,해당없음,해당없음,100ml,226,100,ml,226,VOLUME_ONLY_UNRESOLVED,SOLID_WITH_VOLUME_BASIS;VOLUME_ONLY_NO_SAFE_ALTERNATIVE;SOURCE_UNIT_PRESERVED;DIRECT_RECORD_DISABLED;SEARCH_RANK_DEMOTED,,,false,true,
19396,D601-054000000-0001,강낭콩밥,밥류,해당없음,해당없음,해당없음,100ml,111,100,ml,111,VOLUME_ONLY_UNRESOLVED,SOLID_WITH_VOLUME_BASIS;VOLUME_ONLY_NO_SAFE_ALTERNATIVE;SOURCE_UNIT_PRESERVED;DIRECT_RECORD_DISABLED;SEARCH_RANK_DEMOTED,,,false,true,
19397,D401-054000000-0001,강낭콩밥,밥류,해당없음,해당없음,해당없음,100ml,111,100,ml,111,VOLUME_ONLY_UNRESOLVED,SOLID_WITH_VOLUME_BASIS;VOLUME_ONLY_NO_SAFE_ALTERNATIVE;SOURCE_UNIT_PRESERVED;DIRECT_RECORD_DISABLED;SEARCH_RANK_DEMOTED,,,false,true,
19398,D501-054000000-0001,강낭콩밥,밥류,해당없음,해당없음,해당없음,100ml,112,100,ml,112,VOLUME_ONLY_UNRESOLVED,SOLID_WITH_VOLUME_BASIS;VOLUME_ONLY_NO_SAFE_ALTERNATIVE;SOURCE_UNIT_PRESERVED;DIRECT_RECORD_DISABLED;SEARCH_RANK_DEMOTED,,,false,true,
19399,D701-054000000-0001,강낭콩밥,밥류,해당없음,해당없음,해당없음,100ml,112,100,ml,112,VOLUME_ONLY_UNRESOLVED,SOLID_WITH_VOLUME_BASIS;VOLUME_ONLY_NO_SAFE_ALTERNATIVE;SOURCE_UNIT_PRESERVED;DIRECT_RECORD_DISABLED;SEARCH_RANK_DEMOTED,,,false,true,
19401,D514-603000000-0001,갑오징어무침,생채·무침류,해당없음,해당없음,해당없음,100ml,50,100,ml,50,VOLUME_ONLY_UNRESOLVED,SOLID_WITH_VOLUME_BASIS;VOLUME_ONLY_NO_SAFE_ALTERNATIVE;SOURCE_UNIT_PRESERVED;DIRECT_RECORD_DISABLED;SEARCH_RANK_DEMOTED,,,false,true,
19424,D412-537000000-0001,감자튀김,튀김류,해당없음,해당없음,해당없음,100ml,103,100,ml,103,MASS_ALTERNATIVE_AVAILABLE,SOLID_WITH_VOLUME_BASIS;MASS_ALTERNATIVE_FOUND;SOURCE_UNIT_PRESERVED;DIRECT_RECORD_DISABLED;SEARCH_RANK_DEMOTED,D112-537000000-0001,,false,true,
19425,D612-537000000-0001,감자튀김,튀김류,해당없음,해당없음,해당없음,100ml,114,100,ml,114,MASS_ALTERNATIVE_AVAILABLE,SOLID_WITH_VOLUME_BASIS;MASS_ALTERNATIVE_FOUND;SOURCE_UNIT_PRESERVED;DIRECT_RECORD_DISABLED;SEARCH_RANK_DEMOTED,D112-537000000-0001,,false,true,
19426,D512-537000000-0001,감자튀김,튀김류,해당없음,해당없음,해당없음,100ml,114,100,ml,114,MASS_ALTERNATIVE_AVAILABLE,SOLID_WITH_VOLUME_BASIS;MASS_ALTERNATIVE_FOUND;SOURCE_UNIT_PRESERVED;DIRECT_RECORD_DISABLED;SEARCH_RANK_DEMOTED,D112-537000000-0001,,false,true,
19427,D712-537000000-0001,감자튀김,튀김류,해당없음,해당없음,해당없음,100ml,103,100,ml,103,MASS_ALTERNATIVE_AVAILABLE,SOLID_WITH_VOLUME_BASIS;MASS_ALTERNATIVE_FOUND;SOURCE_UNIT_PRESERVED;DIRECT_RECORD_DISABLED;SEARCH_RANK_DEMOTED,D112-537000000-0001,,false,true,
19433,D611-508000000-0001,감자조림,조림류,해당없음,해당없음,해당없음,100ml,75,100,ml,75,MASS_ALTERNATIVE_AVAILABLE,SOLID_WITH_VOLUME_BASIS;MASS_ALTERNATIVE_FOUND;SOURCE_UNIT_PRESERVED;DIRECT_RECORD_DISABLED;SEARCH_RANK_DEMOTED,D111-508000000-0001,,false,true,
19434,D511-508000000-0001,감자조림,조림류,해당없음,해당없음,해당없음,100ml,92,100,ml,92,MASS_ALTERNATIVE_AVAILABLE,SOLID_WITH_VOLUME_BASIS;MASS_ALTERNATIVE_FOUND;SOURCE_UNIT_PRESERVED;DIRECT_RECORD_DISABLED;SEARCH_RANK_DEMOTED,D111-508000000-0001,,false,true,
19435,D411-508000000-0001,감자조림,조림류,해당없음,해당없음,해당없음,100ml,66,100,ml,66,MASS_ALTERNATIVE_AVAILABLE,SOLID_WITH_VOLUME_BASIS;MASS_ALTERNATIVE_FOUND;SOURCE_UNIT_PRESERVED;DIRECT_RECORD_DISABLED;SEARCH_RANK_DEMOTED,D111-508000000-0001,,false,true,
19437,D711-508000000-0001,감자조림,조림류,해당없음,해당없음,해당없음,100ml,132,100,ml,132,MASS_ALTERNATIVE_AVAILABLE,SOLID_WITH_VOLUME_BASIS;MASS_ALTERNATIVE_FOUND;SOURCE_UNIT_PRESERVED;DIRECT_RECORD_DISABLED;SEARCH_RANK_DEMOTED,D111-508000000-0001,,false,true,
19438,D409-408000000-0001,감자전,전·적 및 부침류,해당없음,해당없음,해당없음,100ml,93,100,ml,93,MASS_ALTERNATIVE_AVAILABLE,SOLID_WITH_VOLUME_BASIS;MASS_ALTERNATIVE_FOUND;SOURCE_UNIT_PRESERVED;DIRECT_RECORD_DISABLED;SEARCH_RANK_DEMOTED,D109-408000000-0001,,false,true,
19440,D709-408000000-0001,감자전,전·적 및 부침류,해당없음,해당없음,해당없음,100ml,135,100,ml,135,MASS_ALTERNATIVE_AVAILABLE,SOLID_WITH_VOLUME_BASIS;MASS_ALTERNATIVE_FOUND;SOURCE_UNIT_PRESERVED;DIRECT_RECORD_DISABLED;SEARCH_RANK_DEMOTED,D109-408000000-0001,,false,true,
19441,D609-408000000-0001,감자전,전·적 및 부침류,해당없음,해당없음,해당없음,100ml,41,100,ml,41,MASS_ALTERNATIVE_AVAILABLE,SOLID_WITH_VOLUME_BASIS;MASS_ALTERNATIVE_FOUND;SOURCE_UNIT_PRESERVED;DIRECT_RECORD_DISABLED;SEARCH_RANK_DEMOTED,D109-408000000-0001,,false,true,
19442,D509-408000000-0001,감자전,전·적 및 부침류,해당없음,해당없음,해당없음,100ml,41,100,ml,41,MASS_ALTERNATIVE_AVAILABLE,SOLID_WITH_VOLUME_BASIS;MASS_ALTERNATIVE_FOUND;SOURCE_UNIT_PRESERVED;DIRECT_RECORD_DISABLED;SEARCH_RANK_DEMOTED,D109-408000000-0001,,false,true,
19443,D712-576000000-0001,감자연근튀김,튀김류,해당없음,해당없음,해당없음,100ml,149,100,ml,149,VOLUME_ONLY_UNRESOLVED,SOLID_WITH_VOLUME_BASIS;VOLUME_ONLY_NO_SAFE_ALTERNATIVE;SOURCE_UNIT_PRESERVED;DIRECT_RECORD_DISABLED;SEARCH_RANK_DEMOTED,,,false,true,
19447,D714-664260000-0001,감자샐러드_오이,생채·무침류,오이,해당없음,해당없음,100ml,104,100,ml,104,VOLUME_ONLY_UNRESOLVED,SOLID_WITH_VOLUME_BASIS;VOLUME_ONLY_NO_SAFE_ALTERNATIVE;SOURCE_UNIT_PRESERVED;DIRECT_RECORD_DISABLED;SEARCH_RANK_DEMOTED,,,false,true,
19448,D514-664440000-0001,감자샐러드_당근,생채·무침류,당근,해당없음,해당없음,100ml,77,100,ml,77,VOLUME_ONLY_UNRESOLVED,SOLID_WITH_VOLUME_BASIS;VOLUME_ONLY_NO_SAFE_ALTERNATIVE;SOURCE_UNIT_PRESERVED;DIRECT_RECORD_DISABLED;SEARCH_RANK_DEMOTED,,,false,true,
19449,D402-143000000-0001,감자샐러드 샌드위치,빵 및 과자류,해당없음,해당없음,해당없음,100ml,108,100,ml,108,VOLUME_ONLY_UNRESOLVED,SOLID_WITH_VOLUME_BASIS;VOLUME_ONLY_NO_SAFE_ALTERNATIVE;SOURCE_UNIT_PRESERVED;DIRECT_RECORD_DISABLED;SEARCH_RANK_DEMOTED,,,false,true,
19450,D702-143000000-0001,감자샐러드 샌드위치,빵 및 과자류,해당없음,해당없음,해당없음,100ml,108,100,ml,108,VOLUME_ONLY_UNRESOLVED,SOLID_WITH_VOLUME_BASIS;VOLUME_ONLY_NO_SAFE_ALTERNATIVE;SOURCE_UNIT_PRESERVED;DIRECT_RECORD_DISABLED;SEARCH_RANK_DEMOTED,,,false,true,
19451,D502-143000000-0001,감자샐러드 샌드위치,빵 및 과자류,해당없음,해당없음,해당없음,100ml,109,100,ml,109,VOLUME_ONLY_UNRESOLVED,SOLID_WITH_VOLUME_BASIS;VOLUME_ONLY_NO_SAFE_ALTERNATIVE;SOURCE_UNIT_PRESERVED;DIRECT_RECORD_DISABLED;SEARCH_RANK_DEMOTED,,,false,true,
19452,D714-664000000-0001,감자샐러드,생채·무침류,해당없음,해당없음,해당없음,100ml,161,100,ml,161,VOLUME_ONLY_UNRESOLVED,SOLID_WITH_VOLUME_BASIS;VOLUME_ONLY_NO_SAFE_ALTERNATIVE;SOURCE_UNIT_PRESERVED;DIRECT_RECORD_DISABLED;SEARCH_RANK_DEMOTED,,,false,true,
19453,D514-664000000-0001,감자샐러드,생채·무침류,해당없음,해당없음,해당없음,100ml,161,100,ml,161,VOLUME_ONLY_UNRESOLVED,SOLID_WITH_VOLUME_BASIS;VOLUME_ONLY_NO_SAFE_ALTERNATIVE;SOURCE_UNIT_PRESERVED;DIRECT_RECORD_DISABLED;SEARCH_RANK_DEMOTED,,,false,true,
19454,D414-664000000-0001,감자샐러드,생채·무침류,해당없음,해당없음,해당없음,100ml,161,100,ml,161,VOLUME_ONLY_UNRESOLVED,SOLID_WITH_VOLUME_BASIS;VOLUME_ONLY_NO_SAFE_ALTERNATIVE;SOURCE_UNIT_PRESERVED;DIRECT_RECORD_DISABLED;SEARCH_RANK_DEMOTED,,,false,true,
19455,D614-664000000-0001,감자샐러드,생채·무침류,해당없음,해당없음,해당없음,100ml,165,100,ml,165,VOLUME_ONLY_UNRESOLVED,SOLID_WITH_VOLUME_BASIS;VOLUME_ONLY_NO_SAFE_ALTERNATIVE;SOURCE_UNIT_PRESERVED;DIRECT_RECORD_DISABLED;SEARCH_RANK_DEMOTED,,,false,true,
19466,D510-450524300-0001,감자볶음_햄_채소,볶음류,햄,채소,해당없음,100ml,47,100,ml,47,VOLUME_ONLY_UNRESOLVED,SOLID_WITH_VOLUME_BASIS;VOLUME_ONLY_NO_SAFE_ALTERNATIVE;SOURCE_UNIT_PRESERVED;DIRECT_RECORD_DISABLED;SEARCH_RANK_DEMOTED,,,false,true,
19467,D710-450524300-0001,감자볶음_햄_채소,볶음류,햄,채소,해당없음,100ml,47,100,ml,47,VOLUME_ONLY_UNRESOLVED,SOLID_WITH_VOLUME_BASIS;VOLUME_ONLY_NO_SAFE_ALTERNATIVE;SOURCE_UNIT_PRESERVED;DIRECT_RECORD_DISABLED;SEARCH_RANK_DEMOTED,,,false,true,
19468,D610-450524300-0001,감자볶음_햄_채소,볶음류,햄,채소,해당없음,100ml,47,100,ml,47,VOLUME_ONLY_UNRESOLVED,SOLID_WITH_VOLUME_BASIS;VOLUME_ONLY_NO_SAFE_ALTERNATIVE;SOURCE_UNIT_PRESERVED;DIRECT_RECORD_DISABLED;SEARCH_RANK_DEMOTED,,,false,true,
19469,D710-450520000-0001,감자볶음_햄,볶음류,햄,해당없음,해당없음,100ml,159,100,ml,159,VOLUME_ONLY_UNRESOLVED,SOLID_WITH_VOLUME_BASIS;VOLUME_ONLY_NO_SAFE_ALTERNATIVE;SOURCE_UNIT_PRESERVED;DIRECT_RECORD_DISABLED;SEARCH_RANK_DEMOTED,,,false,true,
19470,D510-450520000-0001,감자볶음_햄,볶음류,햄,해당없음,해당없음,100ml,160,100,ml,160,VOLUME_ONLY_UNRESOLVED,SOLID_WITH_VOLUME_BASIS;VOLUME_ONLY_NO_SAFE_ALTERNATIVE;SOURCE_UNIT_PRESERVED;DIRECT_RECORD_DISABLED;SEARCH_RANK_DEMOTED,,,false,true,
19471,D410-450520000-0001,감자볶음_햄,볶음류,햄,해당없음,해당없음,100ml,159,100,ml,159,VOLUME_ONLY_UNRESOLVED,SOLID_WITH_VOLUME_BASIS;VOLUME_ONLY_NO_SAFE_ALTERNATIVE;SOURCE_UNIT_PRESERVED;DIRECT_RECORD_DISABLED;SEARCH_RANK_DEMOTED,,,false,true,
19472,D710-450360000-0001,감자볶음_풋고추,볶음류,풋고추,해당없음,해당없음,100ml,101,100,ml,101,VOLUME_ONLY_UNRESOLVED,SOLID_WITH_VOLUME_BASIS;VOLUME_ONLY_NO_SAFE_ALTERNATIVE;SOURCE_UNIT_PRESERVED;DIRECT_RECORD_DISABLED;SEARCH_RANK_DEMOTED,,,false,true,
19473,D410-450360000-0001,감자볶음_풋고추,볶음류,풋고추,해당없음,해당없음,100ml,102,100,ml,102,VOLUME_ONLY_UNRESOLVED,SOLID_WITH_VOLUME_BASIS;VOLUME_ONLY_NO_SAFE_ALTERNATIVE;SOURCE_UNIT_PRESERVED;DIRECT_RECORD_DISABLED;SEARCH_RANK_DEMOTED,,,false,true,
19474,D410-450320000-0001,감자볶음_채소,볶음류,채소,해당없음,해당없음,100ml,88,100,ml,88,MASS_ALTERNATIVE_AVAILABLE,SOLID_WITH_VOLUME_BASIS;MASS_ALTERNATIVE_FOUND;SOURCE_UNIT_PRESERVED;DIRECT_RECORD_DISABLED;SEARCH_RANK_DEMOTED,D110-450320000-0001,,false,true,
19475,D610-450320000-0001,감자볶음_채소,볶음류,채소,해당없음,해당없음,100ml,67,100,ml,67,MASS_ALTERNATIVE_AVAILABLE,SOLID_WITH_VOLUME_BASIS;MASS_ALTERNATIVE_FOUND;SOURCE_UNIT_PRESERVED;DIRECT_RECORD_DISABLED;SEARCH_RANK_DEMOTED,D110-450320000-0001,,false,true,
19477,D510-450320000-0001,감자볶음_채소,볶음류,채소,해당없음,해당없음,100ml,81,100,ml,81,MASS_ALTERNATIVE_AVAILABLE,SOLID_WITH_VOLUME_BASIS;MASS_ALTERNATIVE_FOUND;SOURCE_UNIT_PRESERVED;DIRECT_RECORD_DISABLED;SEARCH_RANK_DEMOTED,D110-450320000-0001,,false,true,
19478,D510-450300000-0001,감자볶음_잔멸치,볶음류,잔멸치,해당없음,해당없음,100ml,153,100,ml,153,VOLUME_ONLY_UNRESOLVED,SOLID_WITH_VOLUME_BASIS;VOLUME_ONLY_NO_SAFE_ALTERNATIVE;SOURCE_UNIT_PRESERVED;DIRECT_RECORD_DISABLED;SEARCH_RANK_DEMOTED,,,false,true,
19479,D610-450300000-0001,감자볶음_잔멸치,볶음류,잔멸치,해당없음,해당없음,100ml,153,100,ml,153,VOLUME_ONLY_UNRESOLVED,SOLID_WITH_VOLUME_BASIS;VOLUME_ONLY_NO_SAFE_ALTERNATIVE;SOURCE_UNIT_PRESERVED;DIRECT_RECORD_DISABLED;SEARCH_RANK_DEMOTED,,,false,true,
19480,D610-450470000-0001,감자볶음_양파,볶음류,양파,해당없음,해당없음,100ml,114,100,ml,114,VOLUME_ONLY_UNRESOLVED,SOLID_WITH_VOLUME_BASIS;VOLUME_ONLY_NO_SAFE_ALTERNATIVE;SOURCE_UNIT_PRESERVED;DIRECT_RECORD_DISABLED;SEARCH_RANK_DEMOTED,,,false,true,
19481,D410-450470000-0001,감자볶음_양파,볶음류,양파,해당없음,해당없음,100ml,122,100,ml,122,VOLUME_ONLY_UNRESOLVED,SOLID_WITH_VOLUME_BASIS;VOLUME_ONLY_NO_SAFE_ALTERNATIVE;SOURCE_UNIT_PRESERVED;DIRECT_RECORD_DISABLED;SEARCH_RANK_DEMOTED,,,false,true,
19482,D510-450470000-0001,감자볶음_양파,볶음류,양파,해당없음,해당없음,100ml,114,100,ml,114,VOLUME_ONLY_UNRESOLVED,SOLID_WITH_VOLUME_BASIS;VOLUME_ONLY_NO_SAFE_ALTERNATIVE;SOURCE_UNIT_PRESERVED;DIRECT_RECORD_DISABLED;SEARCH_RANK_DEMOTED,,,false,true,
19483,D710-450470000-0001,감자볶음_양파,볶음류,양파,해당없음,해당없음,100ml,122,100,ml,122,VOLUME_ONLY_UNRESOLVED,SOLID_WITH_VOLUME_BASIS;VOLUME_ONLY_NO_SAFE_ALTERNATIVE;SOURCE_UNIT_PRESERVED;DIRECT_RECORD_DISABLED;SEARCH_RANK_DEMOTED,,,false,true,
19484,D710-450410000-0001,감자볶음_당근,볶음류,당근,해당없음,해당없음,100ml,109,100,ml,109,VOLUME_ONLY_UNRESOLVED,SOLID_WITH_VOLUME_BASIS;VOLUME_ONLY_NO_SAFE_ALTERNATIVE;SOURCE_UNIT_PRESERVED;DIRECT_RECORD_DISABLED;SEARCH_RANK_DEMOTED,,,false,true,
19486,D610-450035400-0001,감자볶음_감자_햄,볶음류,감자,햄,해당없음,100ml,47,100,ml,47,VOLUME_ONLY_UNRESOLVED,SOLID_WITH_VOLUME_BASIS;VOLUME_ONLY_NO_SAFE_ALTERNATIVE;SOURCE_UNIT_PRESERVED;DIRECT_RECORD_DISABLED;SEARCH_RANK_DEMOTED,,,false,true,
19487,D610-450032500-0001,감자볶음_감자_베이컨,볶음류,감자,베이컨,해당없음,100ml,53,100,ml,53,VOLUME_ONLY_UNRESOLVED,SOLID_WITH_VOLUME_BASIS;VOLUME_ONLY_NO_SAFE_ALTERNATIVE;SOURCE_UNIT_PRESERVED;DIRECT_RECORD_DISABLED;SEARCH_RANK_DEMOTED,,,false,true,
19488,D510-450032500-0001,감자볶음_감자_베이컨,볶음류,감자,베이컨,해당없음,100ml,50,100,ml,50,VOLUME_ONLY_UNRESOLVED,SOLID_WITH_VOLUME_BASIS;VOLUME_ONLY_NO_SAFE_ALTERNATIVE;SOURCE_UNIT_PRESERVED;DIRECT_RECORD_DISABLED;SEARCH_RANK_DEMOTED,,,false,true,
19489,D710-450031300-0001,감자볶음_감자_당근,볶음류,감자,당근,해당없음,100ml,52,100,ml,52,VOLUME_ONLY_UNRESOLVED,SOLID_WITH_VOLUME_BASIS;VOLUME_ONLY_NO_SAFE_ALTERNATIVE;SOURCE_UNIT_PRESERVED;DIRECT_RECORD_DISABLED;SEARCH_RANK_DEMOTED,,,false,true,
19490,D410-450031300-0001,감자볶음_감자_당근,볶음류,감자,당근,해당없음,100ml,47,100,ml,47,VOLUME_ONLY_UNRESOLVED,SOLID_WITH_VOLUME_BASIS;VOLUME_ONLY_NO_SAFE_ALTERNATIVE;SOURCE_UNIT_PRESERVED;DIRECT_RECORD_DISABLED;SEARCH_RANK_DEMOTED,,,false,true,
19491,D410-450030000-0001,감자볶음_감자,볶음류,감자,해당없음,해당없음,100ml,52,100,ml,52,VOLUME_ONLY_UNRESOLVED,SOLID_WITH_VOLUME_BASIS;VOLUME_ONLY_NO_SAFE_ALTERNATIVE;SOURCE_UNIT_PRESERVED;DIRECT_RECORD_DISABLED;SEARCH_RANK_DEMOTED,,,false,true,
19492,D510-450000000-0001,감자볶음,볶음류,해당없음,해당없음,해당없음,100ml,52,100,ml,52,MASS_ALTERNATIVE_AVAILABLE,SOLID_WITH_VOLUME_BASIS;MASS_ALTERNATIVE_FOUND;SOURCE_UNIT_PRESERVED;DIRECT_RECORD_DISABLED;SEARCH_RANK_DEMOTED,D110-450000000-0001,,false,true,
19493,D710-450000000-0001,감자볶음,볶음류,해당없음,해당없음,해당없음,100ml,52,100,ml,52,MASS_ALTERNATIVE_AVAILABLE,SOLID_WITH_VOLUME_BASIS;MASS_ALTERNATIVE_FOUND;SOURCE_UNIT_PRESERVED;DIRECT_RECORD_DISABLED;SEARCH_RANK_DEMOTED,D110-450000000-0001,,false,true,
19495,D410-450000000-0001,감자볶음,볶음류,해당없음,해당없음,해당없음,100ml,52,100,ml,52,MASS_ALTERNATIVE_AVAILABLE,SOLID_WITH_VOLUME_BASIS;MASS_ALTERNATIVE_FOUND;SOURCE_UNIT_PRESERVED;DIRECT_RECORD_DISABLED;SEARCH_RANK_DEMOTED,D110-450000000-0001,,false,true,
19496,D610-450000000-0001,감자볶음,볶음류,해당없음,해당없음,해당없음,100ml,52,100,ml,52,MASS_ALTERNATIVE_AVAILABLE,SOLID_WITH_VOLUME_BASIS;MASS_ALTERNATIVE_FOUND;SOURCE_UNIT_PRESERVED;DIRECT_RECORD_DISABLED;SEARCH_RANK_DEMOTED,D110-450000000-0001,,false,true,
19497,D724-757000000-0001,감자범벅,"곡류, 서류 제품",해당없음,해당없음,해당없음,100ml,95,100,ml,95,VOLUME_ONLY_UNRESOLVED,SOLID_WITH_VOLUME_BASIS;VOLUME_ONLY_NO_SAFE_ALTERNATIVE;SOURCE_UNIT_PRESERVED;DIRECT_RECORD_DISABLED;SEARCH_RANK_DEMOTED,,,false,true,
19498,D424-757000000-0001,감자범벅,"곡류, 서류 제품",해당없음,해당없음,해당없음,100ml,95,100,ml,95,VOLUME_ONLY_UNRESOLVED,SOLID_WITH_VOLUME_BASIS;VOLUME_ONLY_NO_SAFE_ALTERNATIVE;SOURCE_UNIT_PRESERVED;DIRECT_RECORD_DISABLED;SEARCH_RANK_DEMOTED,,,false,true,
19499,D624-757000000-0001,감자범벅,"곡류, 서류 제품",해당없음,해당없음,해당없음,100ml,93,100,ml,93,VOLUME_ONLY_UNRESOLVED,SOLID_WITH_VOLUME_BASIS;VOLUME_ONLY_NO_SAFE_ALTERNATIVE;SOURCE_UNIT_PRESERVED;DIRECT_RECORD_DISABLED;SEARCH_RANK_DEMOTED,,,false,true,
19500,D701-053000000-0001,감자밥,밥류,해당없음,해당없음,해당없음,100ml,130,100,ml,130,VOLUME_ONLY_UNRESOLVED,SOLID_WITH_VOLUME_BASIS;VOLUME_ONLY_NO_SAFE_ALTERNATIVE;SOURCE_UNIT_PRESERVED;DIRECT_RECORD_DISABLED;SEARCH_RANK_DEMOTED,,,false,true,
19503,D408-407000000-0001,감자그라탕,구이류,해당없음,해당없음,해당없음,100ml,140,100,ml,140,VOLUME_ONLY_UNRESOLVED,SOLID_WITH_VOLUME_BASIS;VOLUME_ONLY_NO_SAFE_ALTERNATIVE;SOURCE_UNIT_PRESERVED;DIRECT_RECORD_DISABLED;SEARCH_RANK_DEMOTED,,,false,true,
19504,D608-407000000-0001,감자그라탕,구이류,해당없음,해당없음,해당없음,100ml,138,100,ml,138,VOLUME_ONLY_UNRESOLVED,SOLID_WITH_VOLUME_BASIS;VOLUME_ONLY_NO_SAFE_ALTERNATIVE;SOURCE_UNIT_PRESERVED;DIRECT_RECORD_DISABLED;SEARCH_RANK_DEMOTED,,,false,true,
19505,D508-407000000-0001,감자그라탕,구이류,해당없음,해당없음,해당없음,100ml,134,100,ml,134,VOLUME_ONLY_UNRESOLVED,SOLID_WITH_VOLUME_BASIS;VOLUME_ONLY_NO_SAFE_ALTERNATIVE;SOURCE_UNIT_PRESERVED;DIRECT_RECORD_DISABLED;SEARCH_RANK_DEMOTED,,,false,true,
19514,D408-356000000-0001,감자구이,구이류,해당없음,해당없음,해당없음,100ml,123,100,ml,123,VOLUME_ONLY_UNRESOLVED,SOLID_WITH_VOLUME_BASIS;VOLUME_ONLY_NO_SAFE_ALTERNATIVE;SOURCE_UNIT_PRESERVED;DIRECT_RECORD_DISABLED;SEARCH_RANK_DEMOTED,,,false,true,
19515,D708-356000000-0001,감자구이,구이류,해당없음,해당없음,해당없음,100ml,123,100,ml,123,VOLUME_ONLY_UNRESOLVED,SOLID_WITH_VOLUME_BASIS;VOLUME_ONLY_NO_SAFE_ALTERNATIVE;SOURCE_UNIT_PRESERVED;DIRECT_RECORD_DISABLED;SEARCH_RANK_DEMOTED,,,false,true,
19516,D608-356000000-0001,감자구이,구이류,해당없음,해당없음,해당없음,100ml,81,100,ml,81,VOLUME_ONLY_UNRESOLVED,SOLID_WITH_VOLUME_BASIS;VOLUME_ONLY_NO_SAFE_ALTERNATIVE;SOURCE_UNIT_PRESERVED;DIRECT_RECORD_DISABLED;SEARCH_RANK_DEMOTED,,,false,true,
19517,D508-356000000-0001,감자구이,구이류,해당없음,해당없음,해당없음,100ml,76,100,ml,76,VOLUME_ONLY_UNRESOLVED,SOLID_WITH_VOLUME_BASIS;VOLUME_ONLY_NO_SAFE_ALTERNATIVE;SOURCE_UNIT_PRESERVED;DIRECT_RECORD_DISABLED;SEARCH_RANK_DEMOTED,,,false,true,
19530,D412-575000000-0001,갈치튀김,튀김류,해당없음,해당없음,해당없음,100ml,78,100,ml,78,VOLUME_ONLY_UNRESOLVED,SOLID_WITH_VOLUME_BASIS;VOLUME_ONLY_NO_SAFE_ALTERNATIVE;SOURCE_UNIT_PRESERVED;DIRECT_RECORD_DISABLED;SEARCH_RANK_DEMOTED,,,false,true,
19531,D712-575000000-0001,갈치튀김,튀김류,해당없음,해당없음,해당없음,100ml,78,100,ml,78,VOLUME_ONLY_UNRESOLVED,SOLID_WITH_VOLUME_BASIS;VOLUME_ONLY_NO_SAFE_ALTERNATIVE;SOURCE_UNIT_PRESERVED;DIRECT_RECORD_DISABLED;SEARCH_RANK_DEMOTED,,,false,true,
19536,D611-507060000-0001,갈치조림_무,조림류,무,해당없음,해당없음,100ml,118,100,ml,118,VOLUME_ONLY_UNRESOLVED,SOLID_WITH_VOLUME_BASIS;VOLUME_ONLY_NO_SAFE_ALTERNATIVE;SOURCE_UNIT_PRESERVED;DIRECT_RECORD_DISABLED;SEARCH_RANK_DEMOTED,,,false,true,
19537,D411-507060000-0001,갈치조림_무,조림류,무,해당없음,해당없음,100ml,65,100,ml,65,VOLUME_ONLY_UNRESOLVED,SOLID_WITH_VOLUME_BASIS;VOLUME_ONLY_NO_SAFE_ALTERNATIVE;SOURCE_UNIT_PRESERVED;DIRECT_RECORD_DISABLED;SEARCH_RANK_DEMOTED,,,false,true,
19538,D711-507060000-0001,갈치조림_무,조림류,무,해당없음,해당없음,100ml,76,100,ml,76,VOLUME_ONLY_UNRESOLVED,SOLID_WITH_VOLUME_BASIS;VOLUME_ONLY_NO_SAFE_ALTERNATIVE;SOURCE_UNIT_PRESERVED;DIRECT_RECORD_DISABLED;SEARCH_RANK_DEMOTED,,,false,true,
19542,D608-355030000-0001,갈치구이_기름,구이류,기름,해당없음,해당없음,100ml,118,100,ml,118,MASS_ALTERNATIVE_AVAILABLE,SOLID_WITH_VOLUME_BASIS;MASS_ALTERNATIVE_FOUND;SOURCE_UNIT_PRESERVED;DIRECT_RECORD_DISABLED;SEARCH_RANK_DEMOTED,D108-355030000-0001;D308-355030000-0001,,false,true,
19543,D708-355030000-0001,갈치구이_기름,구이류,기름,해당없음,해당없음,100ml,124,100,ml,124,MASS_ALTERNATIVE_AVAILABLE,SOLID_WITH_VOLUME_BASIS;MASS_ALTERNATIVE_FOUND;SOURCE_UNIT_PRESERVED;DIRECT_RECORD_DISABLED;SEARCH_RANK_DEMOTED,D108-355030000-0001;D308-355030000-0001,,false,true,
19544,D508-355030000-0001,갈치구이_기름,구이류,기름,해당없음,해당없음,100ml,128,100,ml,128,MASS_ALTERNATIVE_AVAILABLE,SOLID_WITH_VOLUME_BASIS;MASS_ALTERNATIVE_FOUND;SOURCE_UNIT_PRESERVED;DIRECT_RECORD_DISABLED;SEARCH_RANK_DEMOTED,D108-355030000-0001;D308-355030000-0001,,false,true,
19545,D408-355030000-0001,갈치구이_기름,구이류,기름,해당없음,해당없음,100ml,148,100,ml,148,MASS_ALTERNATIVE_AVAILABLE,SOLID_WITH_VOLUME_BASIS;MASS_ALTERNATIVE_FOUND;SOURCE_UNIT_PRESERVED;DIRECT_RECORD_DISABLED;SEARCH_RANK_DEMOTED,D108-355030000-0001;D308-355030000-0001,,false,true,
19546,D408-355000000-0001,갈치구이,구이류,해당없음,해당없음,해당없음,100ml,147,100,ml,147,VOLUME_ONLY_UNRESOLVED,SOLID_WITH_VOLUME_BASIS;VOLUME_ONLY_NO_SAFE_ALTERNATIVE;SOURCE_UNIT_PRESERVED;DIRECT_RECORD_DISABLED;SEARCH_RANK_DEMOTED,,,false,true,
19547,D708-355000000-0001,갈치구이,구이류,해당없음,해당없음,해당없음,100ml,123,100,ml,123,VOLUME_ONLY_UNRESOLVED,SOLID_WITH_VOLUME_BASIS;VOLUME_ONLY_NO_SAFE_ALTERNATIVE;SOURCE_UNIT_PRESERVED;DIRECT_RECORD_DISABLED;SEARCH_RANK_DEMOTED,,,false,true,
19548,D608-355000000-0001,갈치구이,구이류,해당없음,해당없음,해당없음,100ml,117,100,ml,117,VOLUME_ONLY_UNRESOLVED,SOLID_WITH_VOLUME_BASIS;VOLUME_ONLY_NO_SAFE_ALTERNATIVE;SOURCE_UNIT_PRESERVED;DIRECT_RECORD_DISABLED;SEARCH_RANK_DEMOTED,,,false,true,
19549,D508-355000000-0001,갈치구이,구이류,해당없음,해당없음,해당없음,100ml,127,100,ml,127,VOLUME_ONLY_UNRESOLVED,SOLID_WITH_VOLUME_BASIS;VOLUME_ONLY_NO_SAFE_ALTERNATIVE;SOURCE_UNIT_PRESERVED;DIRECT_RECORD_DISABLED;SEARCH_RANK_DEMOTED,,,false,true,
19565,D414-602000000-0001,간재미회무침,생채·무침류,해당없음,해당없음,해당없음,100ml,47,100,ml,47,VOLUME_ONLY_UNRESOLVED,SOLID_WITH_VOLUME_BASIS;VOLUME_ONLY_NO_SAFE_ALTERNATIVE;SOURCE_UNIT_PRESERVED;DIRECT_RECORD_DISABLED;SEARCH_RANK_DEMOTED,,,false,true,
19566,D403-141500000-0001,간자장_해물,면 및 만두류,해물,해당없음,해당없음,100ml,151,100,ml,151,VOLUME_ONLY_UNRESOLVED,SOLID_WITH_VOLUME_BASIS;VOLUME_ONLY_NO_SAFE_ALTERNATIVE;SOURCE_UNIT_PRESERVED;DIRECT_RECORD_DISABLED;SEARCH_RANK_DEMOTED,,,false,true,
19569,D403-141000000-0001,간자장,면 및 만두류,해당없음,해당없음,해당없음,100ml,155,100,ml,155,MASS_ALTERNATIVE_AVAILABLE,SOLID_WITH_VOLUME_BASIS;MASS_ALTERNATIVE_FOUND;SOURCE_UNIT_PRESERVED;DIRECT_RECORD_DISABLED;SEARCH_RANK_DEMOTED,D103-141000000-0001;D303-141000000-0001,,false,true,
19570,D612-574000000-0001,가지탕수,튀김류,해당없음,해당없음,해당없음,100ml,171,100,ml,171,VOLUME_ONLY_UNRESOLVED,SOLID_WITH_VOLUME_BASIS;VOLUME_ONLY_NO_SAFE_ALTERNATIVE;SOURCE_UNIT_PRESERVED;DIRECT_RECORD_DISABLED;SEARCH_RANK_DEMOTED,,,false,true,
19571,D412-574000000-0001,가지탕수,튀김류,해당없음,해당없음,해당없음,100ml,154,100,ml,154,VOLUME_ONLY_UNRESOLVED,SOLID_WITH_VOLUME_BASIS;VOLUME_ONLY_NO_SAFE_ALTERNATIVE;SOURCE_UNIT_PRESERVED;DIRECT_RECORD_DISABLED;SEARCH_RANK_DEMOTED,,,false,true,
19572,D712-574000000-0001,가지탕수,튀김류,해당없음,해당없음,해당없음,100ml,154,100,ml,154,VOLUME_ONLY_UNRESOLVED,SOLID_WITH_VOLUME_BASIS;VOLUME_ONLY_NO_SAFE_ALTERNATIVE;SOURCE_UNIT_PRESERVED;DIRECT_RECORD_DISABLED;SEARCH_RANK_DEMOTED,,,false,true,
19573,D507-353000000-0001,가지찜,찜류,해당없음,해당없음,해당없음,100ml,120,100,ml,120,VOLUME_ONLY_UNRESOLVED,SOLID_WITH_VOLUME_BASIS;VOLUME_ONLY_NO_SAFE_ALTERNATIVE;SOURCE_UNIT_PRESERVED;DIRECT_RECORD_DISABLED;SEARCH_RANK_DEMOTED,,,false,true,
19574,D407-353000000-0001,가지찜,찜류,해당없음,해당없음,해당없음,100ml,120,100,ml,120,VOLUME_ONLY_UNRESOLVED,SOLID_WITH_VOLUME_BASIS;VOLUME_ONLY_NO_SAFE_ALTERNATIVE;SOURCE_UNIT_PRESERVED;DIRECT_RECORD_DISABLED;SEARCH_RANK_DEMOTED,,,false,true,
19575,D409-407000000-0001,가지전,전·적 및 부침류,해당없음,해당없음,해당없음,100ml,114,100,ml,114,MASS_ALTERNATIVE_AVAILABLE,SOLID_WITH_VOLUME_BASIS;MASS_ALTERNATIVE_FOUND;SOURCE_UNIT_PRESERVED;DIRECT_RECORD_DISABLED;SEARCH_RANK_DEMOTED,D109-407000000-0001,,false,true,
19576,D709-407000000-0001,가지전,전·적 및 부침류,해당없음,해당없음,해당없음,100ml,114,100,ml,114,MASS_ALTERNATIVE_AVAILABLE,SOLID_WITH_VOLUME_BASIS;MASS_ALTERNATIVE_FOUND;SOURCE_UNIT_PRESERVED;DIRECT_RECORD_DISABLED;SEARCH_RANK_DEMOTED,D109-407000000-0001,,false,true,
19577,D509-407000000-0001,가지전,전·적 및 부침류,해당없음,해당없음,해당없음,100ml,37,100,ml,37,MASS_ALTERNATIVE_AVAILABLE,SOLID_WITH_VOLUME_BASIS;MASS_ALTERNATIVE_FOUND;SOURCE_UNIT_PRESERVED;DIRECT_RECORD_DISABLED;SEARCH_RANK_DEMOTED,D109-407000000-0001,,false,true,
19578,D609-407000000-0001,가지전,전·적 및 부침류,해당없음,해당없음,해당없음,100ml,37,100,ml,37,MASS_ALTERNATIVE_AVAILABLE,SOLID_WITH_VOLUME_BASIS;MASS_ALTERNATIVE_FOUND;SOURCE_UNIT_PRESERVED;DIRECT_RECORD_DISABLED;SEARCH_RANK_DEMOTED,D109-407000000-0001,,false,true,
19580,D410-448011300-0001,가지볶음_가지_당근,볶음류,가지,당근,해당없음,100ml,37,100,ml,37,VOLUME_ONLY_UNRESOLVED,SOLID_WITH_VOLUME_BASIS;VOLUME_ONLY_NO_SAFE_ALTERNATIVE;SOURCE_UNIT_PRESERVED;DIRECT_RECORD_DISABLED;SEARCH_RANK_DEMOTED,,,false,true,
19581,D410-448010400-0001,가지볶음_가지_고추,볶음류,가지,고추,해당없음,100ml,27,100,ml,27,VOLUME_ONLY_UNRESOLVED,SOLID_WITH_VOLUME_BASIS;VOLUME_ONLY_NO_SAFE_ALTERNATIVE;SOURCE_UNIT_PRESERVED;DIRECT_RECORD_DISABLED;SEARCH_RANK_DEMOTED,,,false,true,
19582,D410-448010000-0001,가지볶음_가지,볶음류,가지,해당없음,해당없음,100ml,35,100,ml,35,VOLUME_ONLY_UNRESOLVED,SOLID_WITH_VOLUME_BASIS;VOLUME_ONLY_NO_SAFE_ALTERNATIVE;SOURCE_UNIT_PRESERVED;DIRECT_RECORD_DISABLED;SEARCH_RANK_DEMOTED,,,false,true,
19585,D713-567000000-0001,가지나물,나물·숙채류,해당없음,해당없음,해당없음,100ml,25,100,ml,25,MASS_ALTERNATIVE_AVAILABLE,SOLID_WITH_VOLUME_BASIS;MASS_ALTERNATIVE_FOUND;SOURCE_UNIT_PRESERVED;DIRECT_RECORD_DISABLED;SEARCH_RANK_DEMOTED,D113-567000000-0001,,false,true,
19586,D513-567000000-0001,가지나물,나물·숙채류,해당없음,해당없음,해당없음,100ml,34,100,ml,34,MASS_ALTERNATIVE_AVAILABLE,SOLID_WITH_VOLUME_BASIS;MASS_ALTERNATIVE_FOUND;SOURCE_UNIT_PRESERVED;DIRECT_RECORD_DISABLED;SEARCH_RANK_DEMOTED,D113-567000000-0001,,false,true,
19587,D613-567000000-0001,가지나물,나물·숙채류,해당없음,해당없음,해당없음,100ml,64,100,ml,64,MASS_ALTERNATIVE_AVAILABLE,SOLID_WITH_VOLUME_BASIS;MASS_ALTERNATIVE_FOUND;SOURCE_UNIT_PRESERVED;DIRECT_RECORD_DISABLED;SEARCH_RANK_DEMOTED,D113-567000000-0001,,false,true,
19588,D413-567000000-0001,가지나물,나물·숙채류,해당없음,해당없음,해당없음,100ml,24,100,ml,24,MASS_ALTERNATIVE_AVAILABLE,SOLID_WITH_VOLUME_BASIS;MASS_ALTERNATIVE_FOUND;SOURCE_UNIT_PRESERVED;DIRECT_RECORD_DISABLED;SEARCH_RANK_DEMOTED,D113-567000000-0001,,false,true,
19589,D415-684000000-0001,가지김치,김치류,해당없음,해당없음,해당없음,100ml,36,100,ml,36,VOLUME_ONLY_UNRESOLVED,SOLID_WITH_VOLUME_BASIS;VOLUME_ONLY_NO_SAFE_ALTERNATIVE;SOURCE_UNIT_PRESERVED;DIRECT_RECORD_DISABLED;SEARCH_RANK_DEMOTED,,,false,true,
19591,D712-573000000-0001,가자미튀김,튀김류,해당없음,해당없음,해당없음,100ml,94,100,ml,94,VOLUME_ONLY_UNRESOLVED,SOLID_WITH_VOLUME_BASIS;VOLUME_ONLY_NO_SAFE_ALTERNATIVE;SOURCE_UNIT_PRESERVED;DIRECT_RECORD_DISABLED;SEARCH_RANK_DEMOTED,,,false,true,
19592,D512-573000000-0001,가자미튀김,튀김류,해당없음,해당없음,해당없음,100ml,225,100,ml,225,VOLUME_ONLY_UNRESOLVED,SOLID_WITH_VOLUME_BASIS;VOLUME_ONLY_NO_SAFE_ALTERNATIVE;SOURCE_UNIT_PRESERVED;DIRECT_RECORD_DISABLED;SEARCH_RANK_DEMOTED,,,false,true,
19593,D412-573000000-0001,가자미튀김,튀김류,해당없음,해당없음,해당없음,100ml,94,100,ml,94,VOLUME_ONLY_UNRESOLVED,SOLID_WITH_VOLUME_BASIS;VOLUME_ONLY_NO_SAFE_ALTERNATIVE;SOURCE_UNIT_PRESERVED;DIRECT_RECORD_DISABLED;SEARCH_RANK_DEMOTED,,,false,true,
19594,D612-573000000-0001,가자미튀김,튀김류,해당없음,해당없음,해당없음,100ml,225,100,ml,225,VOLUME_ONLY_UNRESOLVED,SOLID_WITH_VOLUME_BASIS;VOLUME_ONLY_NO_SAFE_ALTERNATIVE;SOURCE_UNIT_PRESERVED;DIRECT_RECORD_DISABLED;SEARCH_RANK_DEMOTED,,,false,true,
19595,D707-352000000-0001,가자미찜,찜류,해당없음,해당없음,해당없음,100ml,77,100,ml,77,VOLUME_ONLY_UNRESOLVED,SOLID_WITH_VOLUME_BASIS;VOLUME_ONLY_NO_SAFE_ALTERNATIVE;SOURCE_UNIT_PRESERVED;DIRECT_RECORD_DISABLED;SEARCH_RANK_DEMOTED,,,false,true,
19596,D407-352000000-0001,가자미찜,찜류,해당없음,해당없음,해당없음,100ml,78,100,ml,78,VOLUME_ONLY_UNRESOLVED,SOLID_WITH_VOLUME_BASIS;VOLUME_ONLY_NO_SAFE_ALTERNATIVE;SOURCE_UNIT_PRESERVED;DIRECT_RECORD_DISABLED;SEARCH_RANK_DEMOTED,,,false,true,
19597,D711-506000000-0001,가자미조림,조림류,해당없음,해당없음,해당없음,100ml,87,100,ml,87,MASS_ALTERNATIVE_AVAILABLE,SOLID_WITH_VOLUME_BASIS;MASS_ALTERNATIVE_FOUND;SOURCE_UNIT_PRESERVED;DIRECT_RECORD_DISABLED;SEARCH_RANK_DEMOTED,D311-506000000-0001,,false,true,
19598,D611-506000000-0001,가자미조림,조림류,해당없음,해당없음,해당없음,100ml,174,100,ml,174,MASS_ALTERNATIVE_AVAILABLE,SOLID_WITH_VOLUME_BASIS;MASS_ALTERNATIVE_FOUND;SOURCE_UNIT_PRESERVED;DIRECT_RECORD_DISABLED;SEARCH_RANK_DEMOTED,D311-506000000-0001,,false,true,
19599,D511-506000000-0001,가자미조림,조림류,해당없음,해당없음,해당없음,100ml,174,100,ml,174,MASS_ALTERNATIVE_AVAILABLE,SOLID_WITH_VOLUME_BASIS;MASS_ALTERNATIVE_FOUND;SOURCE_UNIT_PRESERVED;DIRECT_RECORD_DISABLED;SEARCH_RANK_DEMOTED,D311-506000000-0001,,false,true,
19601,D411-506000000-0001,가자미조림,조림류,해당없음,해당없음,해당없음,100ml,62,100,ml,62,MASS_ALTERNATIVE_AVAILABLE,SOLID_WITH_VOLUME_BASIS;MASS_ALTERNATIVE_FOUND;SOURCE_UNIT_PRESERVED;DIRECT_RECORD_DISABLED;SEARCH_RANK_DEMOTED,D311-506000000-0001,,false,true,
19603,D408-352000000-0001,가자미구이,구이류,해당없음,해당없음,해당없음,100ml,108,100,ml,108,MASS_ALTERNATIVE_AVAILABLE,SOLID_WITH_VOLUME_BASIS;MASS_ALTERNATIVE_FOUND;SOURCE_UNIT_PRESERVED;DIRECT_RECORD_DISABLED;SEARCH_RANK_DEMOTED,D108-352000000-0001;D308-352000000-0001,,false,true,
19604,D508-352000000-0001,가자미구이,구이류,해당없음,해당없음,해당없음,100ml,222,100,ml,222,MASS_ALTERNATIVE_AVAILABLE,SOLID_WITH_VOLUME_BASIS;MASS_ALTERNATIVE_FOUND;SOURCE_UNIT_PRESERVED;DIRECT_RECORD_DISABLED;SEARCH_RANK_DEMOTED,D108-352000000-0001;D308-352000000-0001,,false,true,
19605,D708-352000000-0001,가자미구이,구이류,해당없음,해당없음,해당없음,100ml,150,100,ml,150,MASS_ALTERNATIVE_AVAILABLE,SOLID_WITH_VOLUME_BASIS;MASS_ALTERNATIVE_FOUND;SOURCE_UNIT_PRESERVED;DIRECT_RECORD_DISABLED;SEARCH_RANK_DEMOTED,D108-352000000-0001;D308-352000000-0001,,false,true,
19608,D608-352000000-0001,가자미구이,구이류,해당없음,해당없음,해당없음,100ml,127,100,ml,127,MASS_ALTERNATIVE_AVAILABLE,SOLID_WITH_VOLUME_BASIS;MASS_ALTERNATIVE_FOUND;SOURCE_UNIT_PRESERVED;DIRECT_RECORD_DISABLED;SEARCH_RANK_DEMOTED,D108-352000000-0001;D308-352000000-0001,,false,true,
19611,D714-663000000-0001,가오리회무침,생채·무침류,해당없음,해당없음,해당없음,100ml,47,100,ml,47,VOLUME_ONLY_UNRESOLVED,SOLID_WITH_VOLUME_BASIS;VOLUME_ONLY_NO_SAFE_ALTERNATIVE;SOURCE_UNIT_PRESERVED;DIRECT_RECORD_DISABLED;SEARCH_RANK_DEMOTED,,,false,true,
19612,D414-663000000-0001,가오리회무침,생채·무침류,해당없음,해당없음,해당없음,100ml,47,100,ml,47,VOLUME_ONLY_UNRESOLVED,SOLID_WITH_VOLUME_BASIS;VOLUME_ONLY_NO_SAFE_ALTERNATIVE;SOURCE_UNIT_PRESERVED;DIRECT_RECORD_DISABLED;SEARCH_RANK_DEMOTED,,,false,true,
19613,D407-305000000-0001,가오리콩나물찜,찜류,해당없음,해당없음,해당없음,100ml,29,100,ml,29,VOLUME_ONLY_UNRESOLVED,SOLID_WITH_VOLUME_BASIS;VOLUME_ONLY_NO_SAFE_ALTERNATIVE;SOURCE_UNIT_PRESERVED;DIRECT_RECORD_DISABLED;SEARCH_RANK_DEMOTED,,,false,true,
19614,D407-304000000-0001,가오리찜,찜류,해당없음,해당없음,해당없음,100ml,29,100,ml,29,MASS_ALTERNATIVE_AVAILABLE,SOLID_WITH_VOLUME_BASIS;MASS_ALTERNATIVE_FOUND;SOURCE_UNIT_PRESERVED;DIRECT_RECORD_DISABLED;SEARCH_RANK_DEMOTED,D107-304000000-0001,,false,true,
